timestamp,building_id,meter_reading,airTemperature,cloudCoverage,dewTemperature,seaLvlPressure,windSpeed,hour,day_of_week,month,day_of_year,sqm,yearbuilt,climate_zone
2016-01-01 00:00:00,Fox_lodging_Helen,296.72,7.2,0.0,-5.6,1017.3,0.0,0,5,1,1,51394.9,2009.0,Mixed
2016-01-01 01:00:00,Fox_lodging_Helen,302.08,7.2,0.0,-6.7,1017.0,1.5,1,5,1,1,51394.9,2009.0,Mixed
2016-01-01 02:00:00,Fox_lodging_Helen,300.0,6.1,0.0,-5.0,1016.9,0.0,2,5,1,1,51394.9,2009.0,Mixed
2016-01-01 03:00:00,Fox_lodging_Helen,304.93,5.0,0.0,-5.6,1017.4,0.0,3,5,1,1,51394.9,2009.0,Mixed
2016-01-01 04:00:00,Fox_lodging_Helen,297.5,4.4,0.0,-5.6,1017.2,0.0,4,5,1,1,51394.9,2009.0,Mixed
2016-01-01 05:00:00,Fox_lodging_Helen,295.37,4.4,0.0,-5.0,1017.4,0.0,5,5,1,1,51394.9,2009.0,Mixed
2016-01-01 06:00:00,Fox_lodging_Helen,294.92,2.8,0.0,-5.0,1018.0,0.0,6,5,1,1,51394.9,2009.0,Mixed
2016-01-01 07:00:00,Fox_lodging_Helen,290.88,3.3,0.0,-5.0,1018.9,0.0,7,5,1,1,51394.9,2009.0,Mixed
2016-01-01 08:00:00,Fox_lodging_Helen,290.85,3.3,0.0,-3.9,1019.4,0.0,8,5,1,1,51394.9,2009.0,Mixed
2016-01-01 09:00:00,Fox_lodging_Helen,272.32,5.6,0.0,-2.8,1020.0,1.5,9,5,1,1,51394.9,2009.0,Mixed
2016-01-01 10:00:00,Fox_lodging_Helen,245.2,8.3,0.0,-3.3,1020.5,0.0,10,5,1,1,51394.9,2009.0,Mixed
2016-01-01 11:00:00,Fox_lodging_Helen,234.35,10.6,0.0,-4.4,1020.5,0.0,11,5,1,1,51394.9,2009.0,Mixed
2016-01-01 12:00:00,Fox_lodging_Helen,229.12,12.2,0.0,-3.9,1019.8,0.0,12,5,1,1,51394.9,2009.0,Mixed
2016-01-01 13:00:00,Fox_lodging_Helen,237.37,14.4,2.0,-3.3,1018.5,0.0,13,5,1,1,51394.9,2009.0,Mixed
2016-01-01 14:00:00,Fox_lodging_Helen,247.77,16.7,2.0,-1.7,1017.7,0.0,14,5,1,1,51394.9,2009.0,Mixed
2016-01-01 15:00:00,Fox_lodging_Helen,254.32,17.8,2.0,-1.1,1017.4,0.0,15,5,1,1,51394.9,2009.0,Mixed
2016-01-01 16:00:00,Fox_lodging_Helen,290.33,18.9,4.0,-0.6,1017.4,0.0,16,5,1,1,51394.9,2009.0,Mixed
2016-01-01 17:00:00,Fox_lodging_Helen,308.97,18.3,4.0,-0.6,1017.7,2.6,17,5,1,1,51394.9,2009.0,Mixed
2016-01-01 18:00:00,Fox_lodging_Helen,311.68,17.2,4.0,0.0,1018.1,2.1,18,5,1,1,51394.9,2009.0,Mixed
2016-01-01 19:00:00,Fox_lodging_Helen,309.87,14.4,4.0,0.6,1018.9,2.1,19,5,1,1,51394.9,2009.0,Mixed
2016-01-01 20:00:00,Fox_lodging_Helen,311.9,12.2,2.0,0.6,1019.2,1.5,20,5,1,1,51394.9,2009.0,Mixed
2016-01-01 21:00:00,Fox_lodging_Helen,311.43,11.7,0.0,0.6,1019.4,0.0,21,5,1,1,51394.9,2009.0,Mixed
2016-01-01 22:00:00,Fox_lodging_Helen,312.17,11.7,0.0,0.0,1019.8,0.0,22,5,1,1,51394.9,2009.0,Mixed
2016-01-01 23:00:00,Fox_lodging_Helen,300.43,11.1,0.0,0.0,1019.9,0.0,23,5,1,1,51394.9,2009.0,Mixed
2016-01-02 00:00:00,Fox_lodging_Helen,295.03,10.6,0.0,0.6,1019.9,3.1,0,6,1,2,51394.9,2009.0,Mixed
2016-01-02 01:00:00,Fox_lodging_Helen,293.58,11.1,0.0,0.6,1019.9,3.1,1,6,1,2,51394.9,2009.0,Mixed
2016-01-02 02:00:00,Fox_lodging_Helen,299.08,10.0,0.0,0.6,1019.5,2.6,2,6,1,2,51394.9,2009.0,Mixed
2016-01-02 03:00:00,Fox_lodging_Helen,293.57,10.6,0.0,0.6,1019.4,3.6,3,6,1,2,51394.9,2009.0,Mixed
2016-01-02 04:00:00,Fox_lodging_Helen,294.32,11.1,0.0,0.6,1019.4,4.1,4,6,1,2,51394.9,2009.0,Mixed
2016-01-02 05:00:00,Fox_lodging_Helen,292.43,10.0,0.0,0.6,1019.7,2.1,5,6,1,2,51394.9,2009.0,Mixed
2016-01-02 06:00:00,Fox_lodging_Helen,293.13,10.0,0.0,0.6,1019.9,3.1,6,6,1,2,51394.9,2009.0,Mixed
2016-01-02 07:00:00,Fox_lodging_Helen,290.87,9.4,2.0,0.6,1020.2,3.6,7,6,1,2,51394.9,2009.0,Mixed
2016-01-02 08:00:00,Fox_lodging_Helen,292.33,10.6,4.0,0.6,1020.8,4.1,8,6,1,2,51394.9,2009.0,Mixed
2016-01-02 09:00:00,Fox_lodging_Helen,266.32,12.2,4.0,0.0,1020.9,6.2,9,6,1,2,51394.9,2009.0,Mixed
2016-01-02 10:00:00,Fox_lodging_Helen,237.2,14.4,4.0,0.0,1021.3,7.7,10,6,1,2,51394.9,2009.0,Mixed
2016-01-02 11:00:00,Fox_lodging_Helen,228.07,16.1,4.0,0.0,1021.3,7.7,11,6,1,2,51394.9,2009.0,Mixed
2016-01-02 12:00:00,Fox_lodging_Helen,226.33,17.8,2.0,-0.6,1020.5,5.1,12,6,1,2,51394.9,2009.0,Mixed
2016-01-02 13:00:00,Fox_lodging_Helen,243.0,18.9,4.0,-0.6,1018.9,5.7,13,6,1,2,51394.9,2009.0,Mixed
2016-01-02 14:00:00,Fox_lodging_Helen,249.18,20.6,2.0,-0.6,1017.8,4.1,14,6,1,2,51394.9,2009.0,Mixed
2016-01-02 15:00:00,Fox_lodging_Helen,262.82,20.6,2.0,-1.1,1017.1,3.1,15,6,1,2,51394.9,2009.0,Mixed
2016-01-02 16:00:00,Fox_lodging_Helen,305.9,20.6,2.0,-1.7,1016.6,2.1,16,6,1,2,51394.9,2009.0,Mixed
2016-01-02 17:00:00,Fox_lodging_Helen,315.53,20.0,2.0,-1.1,1016.4,2.6,17,6,1,2,51394.9,2009.0,Mixed
2016-01-02 18:00:00,Fox_lodging_Helen,313.67,18.9,2.0,-1.1,1016.4,3.1,18,6,1,2,51394.9,2009.0,Mixed
2016-01-02 19:00:00,Fox_lodging_Helen,311.67,16.7,2.0,-0.6,1016.8,3.6,19,6,1,2,51394.9,2009.0,Mixed
2016-01-02 20:00:00,Fox_lodging_Helen,312.18,15.6,4.0,-0.6,1017.5,2.6,20,6,1,2,51394.9,2009.0,Mixed
2016-01-02 21:00:00,Fox_lodging_Helen,313.05,15.0,4.0,-0.6,1018.2,2.1,21,6,1,2,51394.9,2009.0,Mixed
2016-01-02 22:00:00,Fox_lodging_Helen,306.52,13.9,4.0,0.0,1018.5,3.1,22,6,1,2,51394.9,2009.0,Mixed
2016-01-02 23:00:00,Fox_lodging_Helen,297.78,13.3,4.0,0.6,1018.7,2.6,23,6,1,2,51394.9,2009.0,Mixed
2016-01-03 00:00:00,Fox_lodging_Helen,296.87,12.2,2.0,0.6,1018.4,3.1,0,7,1,3,51394.9,2009.0,Mixed
2016-01-03 01:00:00,Fox_lodging_Helen,298.15,11.7,4.0,0.6,1018.5,2.1,1,7,1,3,51394.9,2009.0,Mixed
2016-01-03 02:00:00,Fox_lodging_Helen,296.67,12.2,4.5,0.6,1018.1,4.1,2,7,1,3,51394.9,2009.0,Mixed
2016-01-03 03:00:00,Fox_lodging_Helen,297.38,11.7,5.0,0.0,1018.2,2.6,3,7,1,3,51394.9,2009.0,Mixed
2016-01-03 04:00:00,Fox_lodging_Helen,293.58,12.2,5.5,0.0,1018.2,2.6,4,7,1,3,51394.9,2009.0,Mixed
2016-01-03 05:00:00,Fox_lodging_Helen,288.62,12.2,6.0,0.0,1017.5,3.1,5,7,1,3,51394.9,2009.0,Mixed
2016-01-03 06:00:00,Fox_lodging_Helen,291.32,12.2,2.0,0.0,1017.3,4.6,6,7,1,3,51394.9,2009.0,Mixed
2016-01-03 07:00:00,Fox_lodging_Helen,289.85,11.7,2.0,0.0,1018.1,3.6,7,7,1,3,51394.9,2009.0,Mixed
2016-01-03 08:00:00,Fox_lodging_Helen,290.05,11.7,4.0,0.0,1018.6,4.1,8,7,1,3,51394.9,2009.0,Mixed
2016-01-03 09:00:00,Fox_lodging_Helen,277.75,13.3,4.0,0.6,1019.1,5.1,9,7,1,3,51394.9,2009.0,Mixed
2016-01-03 10:00:00,Fox_lodging_Helen,252.57,15.6,2.0,0.0,1019.5,7.2,10,7,1,3,51394.9,2009.0,Mixed
2016-01-03 11:00:00,Fox_lodging_Helen,237.3,17.8,2.0,0.0,1018.8,7.2,11,7,1,3,51394.9,2009.0,Mixed
2016-01-03 12:00:00,Fox_lodging_Helen,229.57,18.9,2.0,0.6,1017.8,4.6,12,7,1,3,51394.9,2009.0,Mixed
2016-01-03 13:00:00,Fox_lodging_Helen,243.6,19.4,4.0,0.0,1016.4,3.6,13,7,1,3,51394.9,2009.0,Mixed
2016-01-03 14:00:00,Fox_lodging_Helen,272.72,21.1,4.0,0.0,1014.6,4.6,14,7,1,3,51394.9,2009.0,Mixed
2016-01-03 15:00:00,Fox_lodging_Helen,295.95,21.1,4.666666666666667,0.0,1013.7,5.7,15,7,1,3,51394.9,2009.0,Mixed
2016-01-03 16:00:00,Fox_lodging_Helen,311.95,21.1,5.333333333333333,-0.6,1013.2,4.1,16,7,1,3,51394.9,2009.0,Mixed
2016-01-03 17:00:00,Fox_lodging_Helen,315.32,20.6,6.0,-1.1,1012.8,5.7,17,7,1,3,51394.9,2009.0,Mixed
2016-01-03 18:00:00,Fox_lodging_Helen,318.72,19.4,5.6,-2.2,1012.7,4.6,18,7,1,3,51394.9,2009.0,Mixed
2016-01-03 19:00:00,Fox_lodging_Helen,313.87,18.3,5.2,-2.2,1012.1,4.6,19,7,1,3,51394.9,2009.0,Mixed
2016-01-03 20:00:00,Fox_lodging_Helen,311.25,18.3,4.8,-2.8,1011.8,5.1,20,7,1,3,51394.9,2009.0,Mixed
2016-01-03 21:00:00,Fox_lodging_Helen,319.85,17.2,4.8,-2.2,1011.7,2.6,21,7,1,3,51394.9,2009.0,Mixed
2016-01-03 22:00:00,Fox_lodging_Helen,320.53,17.2,4.0,-1.7,1011.5,2.1,22,7,1,3,51394.9,2009.0,Mixed
2016-01-03 23:00:00,Fox_lodging_Helen,298.55,16.7,6.0,-1.7,1011.5,3.1,23,7,1,3,51394.9,2009.0,Mixed
2016-01-04 00:00:00,Fox_lodging_Helen,295.07,16.7,5.666666666666667,-1.7,1011.2,1.5,0,1,1,4,51394.9,2009.0,Mixed
2016-01-04 01:00:00,Fox_lodging_Helen,296.52,15.6,5.333333333333333,-1.1,1010.7,2.6,1,1,1,4,51394.9,2009.0,Mixed
2016-01-04 02:00:00,Fox_lodging_Helen,294.3,16.1,5.0,-0.6,1009.6,4.6,2,1,1,4,51394.9,2009.0,Mixed
2016-01-04 03:00:00,Fox_lodging_Helen,292.63,15.0,5.0,-0.6,1010.1,2.1,3,1,1,4,51394.9,2009.0,Mixed
2016-01-04 04:00:00,Fox_lodging_Helen,291.33,15.6,5.0,-0.6,1009.4,2.6,4,1,1,4,51394.9,2009.0,Mixed
2016-01-04 05:00:00,Fox_lodging_Helen,289.15,15.6,4.0,2.2,1009.2,0.0,5,1,1,4,51394.9,2009.0,Mixed
2016-01-04 06:00:00,Fox_lodging_Helen,288.93,13.9,4.666666666666667,4.4,1009.4,1.5,6,1,1,4,51394.9,2009.0,Mixed
2016-01-04 07:00:00,Fox_lodging_Helen,294.2,14.4,5.333333333333333,3.3,1009.8,0.0,7,1,1,4,51394.9,2009.0,Mixed
2016-01-04 08:00:00,Fox_lodging_Helen,301.35,13.9,6.0,2.8,1010.0,4.6,8,1,1,4,51394.9,2009.0,Mixed
2016-01-04 09:00:00,Fox_lodging_Helen,303.4,13.9,6.0,3.9,1010.7,2.6,9,1,1,4,51394.9,2009.0,Mixed
2016-01-04 10:00:00,Fox_lodging_Helen,297.6,15.0,6.0,3.3,1011.5,3.6,10,1,1,4,51394.9,2009.0,Mixed
2016-01-04 11:00:00,Fox_lodging_Helen,315.65,16.1,8.0,3.9,1011.9,7.2,11,1,1,4,51394.9,2009.0,Mixed
2016-01-04 12:00:00,Fox_lodging_Helen,314.82,13.3,7.666666666666667,7.8,1012.5,7.7,12,1,1,4,51394.9,2009.0,Mixed
2016-01-04 13:00:00,Fox_lodging_Helen,305.82,12.2,7.333333333333333,9.4,1011.0,5.7,13,1,1,4,51394.9,2009.0,Mixed
2016-01-04 14:00:00,Fox_lodging_Helen,309.72,13.3,7.0,9.4,1010.3,6.7,14,1,1,4,51394.9,2009.0,Mixed
2016-01-04 15:00:00,Fox_lodging_Helen,301.25,13.9,7.0,8.9,1009.9,6.7,15,1,1,4,51394.9,2009.0,Mixed
2016-01-04 16:00:00,Fox_lodging_Helen,311.37,14.4,7.0,8.3,1009.9,4.6,16,1,1,4,51394.9,2009.0,Mixed
2016-01-04 17:00:00,Fox_lodging_Helen,320.75,14.4,6.0,7.8,1010.0,3.1,17,1,1,4,51394.9,2009.0,Mixed
2016-01-04 18:00:00,Fox_lodging_Helen,314.7,14.4,6.333333333333333,8.3,1010.3,2.6,18,1,1,4,51394.9,2009.0,Mixed
2016-01-04 19:00:00,Fox_lodging_Helen,316.68,13.9,6.666666666666667,9.4,1011.1,2.6,19,1,1,4,51394.9,2009.0,Mixed
2016-01-04 20:00:00,Fox_lodging_Helen,327.52,12.2,7.0,10.6,1011.8,4.1,20,1,1,4,51394.9,2009.0,Mixed
2016-01-04 21:00:00,Fox_lodging_Helen,330.47,11.7,7.0,10.6,1011.9,3.6,21,1,1,4,51394.9,2009.0,Mixed
2016-01-04 22:00:00,Fox_lodging_Helen,316.9,11.7,7.0,10.0,1012.4,3.6,22,1,1,4,51394.9,2009.0,Mixed
2016-01-04 23:00:00,Fox_lodging_Helen,310.05,11.7,8.0,10.0,1012.9,2.6,23,1,1,4,51394.9,2009.0,Mixed
2016-01-05 00:00:00,Fox_lodging_Helen,297.22,11.7,8.0,10.0,1013.0,4.6,0,2,1,5,51394.9,2009.0,Mixed
2016-01-05 01:00:00,Fox_lodging_Helen,299.13,11.7,8.0,9.4,1013.0,3.1,1,2,1,5,51394.9,2009.0,Mixed
2016-01-05 02:00:00,Fox_lodging_Helen,297.2,11.7,8.0,10.0,1013.0,1.5,2,2,1,5,51394.9,2009.0,Mixed
2016-01-05 03:00:00,Fox_lodging_Helen,294.55,11.7,8.0,9.4,1013.2,4.6,3,2,1,5,51394.9,2009.0,Mixed
2016-01-05 04:00:00,Fox_lodging_Helen,296.35,11.1,8.0,9.4,1013.2,3.6,4,2,1,5,51394.9,2009.0,Mixed
2016-01-05 05:00:00,Fox_lodging_Helen,293.72,11.1,8.0,9.4,1013.0,4.6,5,2,1,5,51394.9,2009.0,Mixed
2016-01-05 06:00:00,Fox_lodging_Helen,295.23,11.1,8.0,9.4,1012.9,5.1,6,2,1,5,51394.9,2009.0,Mixed
2016-01-05 07:00:00,Fox_lodging_Helen,295.38,11.1,8.0,9.4,1013.6,4.1,7,2,1,5,51394.9,2009.0,Mixed
2016-01-05 08:00:00,Fox_lodging_Helen,305.15,11.1,8.0,8.9,1014.0,4.1,8,2,1,5,51394.9,2009.0,Mixed
2016-01-05 09:00:00,Fox_lodging_Helen,304.52,11.7,8.0,8.9,1014.3,3.6,9,2,1,5,51394.9,2009.0,Mixed
2016-01-05 10:00:00,Fox_lodging_Helen,307.57,11.7,8.0,9.4,1014.8,4.6,10,2,1,5,51394.9,2009.0,Mixed
2016-01-05 11:00:00,Fox_lodging_Helen,302.63,12.8,8.0,11.1,1014.8,4.6,11,2,1,5,51394.9,2009.0,Mixed
2016-01-05 12:00:00,Fox_lodging_Helen,301.88,13.3,8.0,10.0,1014.2,4.1,12,2,1,5,51394.9,2009.0,Mixed
2016-01-05 13:00:00,Fox_lodging_Helen,292.72,12.8,8.0,11.1,1013.3,2.6,13,2,1,5,51394.9,2009.0,Mixed
2016-01-05 14:00:00,Fox_lodging_Helen,327.25,13.9,8.0,11.7,1012.5,2.6,14,2,1,5,51394.9,2009.0,Mixed
2016-01-05 15:00:00,Fox_lodging_Helen,313.72,13.9,8.0,11.7,1011.7,3.6,15,2,1,5,51394.9,2009.0,Mixed
2016-01-05 16:00:00,Fox_lodging_Helen,328.68,13.9,8.0,11.7,1011.4,4.1,16,2,1,5,51394.9,2009.0,Mixed
2016-01-05 17:00:00,Fox_lodging_Helen,331.78,13.3,8.0,11.7,1011.4,3.1,17,2,1,5,51394.9,2009.0,Mixed
2016-01-05 18:00:00,Fox_lodging_Helen,334.43,13.3,8.0,12.2,1011.4,2.1,18,2,1,5,51394.9,2009.0,Mixed
2016-01-05 19:00:00,Fox_lodging_Helen,328.2,13.3,8.0,12.2,1011.4,3.1,19,2,1,5,51394.9,2009.0,Mixed
2016-01-05 20:00:00,Fox_lodging_Helen,321.93,12.8,8.0,11.7,1011.4,3.6,20,2,1,5,51394.9,2009.0,Mixed
2016-01-05 21:00:00,Fox_lodging_Helen,332.65,13.3,8.0,11.7,1011.4,3.1,21,2,1,5,51394.9,2009.0,Mixed
2016-01-05 22:00:00,Fox_lodging_Helen,315.92,13.3,8.0,12.2,1011.1,4.6,22,2,1,5,51394.9,2009.0,Mixed
2016-01-05 23:00:00,Fox_lodging_Helen,307.67,13.3,8.0,11.7,1010.8,4.1,23,2,1,5,51394.9,2009.0,Mixed
2016-01-06 00:00:00,Fox_lodging_Helen,303.67,12.8,8.0,11.7,1010.5,3.6,0,3,1,6,51394.9,2009.0,Mixed
2016-01-06 01:00:00,Fox_lodging_Helen,301.53,12.8,8.0,11.7,1010.2,2.1,1,3,1,6,51394.9,2009.0,Mixed
2016-01-06 02:00:00,Fox_lodging_Helen,296.32,12.8,8.0,11.1,1009.7,3.6,2,3,1,6,51394.9,2009.0,Mixed
2016-01-06 03:00:00,Fox_lodging_Helen,299.48,12.8,8.0,11.1,1009.0,4.6,3,3,1,6,51394.9,2009.0,Mixed
2016-01-06 04:00:00,Fox_lodging_Helen,297.55,10.6,8.0,8.3,1010.0,4.6,4,3,1,6,51394.9,2009.0,Mixed
2016-01-06 05:00:00,Fox_lodging_Helen,300.9,10.6,8.0,8.3,1010.0,0.0,5,3,1,6,51394.9,2009.0,Mixed
2016-01-06 06:00:00,Fox_lodging_Helen,293.95,10.6,6.5,7.8,1010.8,2.1,6,3,1,6,51394.9,2009.0,Mixed
2016-01-06 07:00:00,Fox_lodging_Helen,300.03,10.0,5.0,7.8,1012.1,4.1,7,3,1,6,51394.9,2009.0,Mixed
2016-01-06 08:00:00,Fox_lodging_Helen,312.53,10.0,3.5,8.3,1013.2,2.6,8,3,1,6,51394.9,2009.0,Mixed
2016-01-06 09:00:00,Fox_lodging_Helen,289.52,10.6,2.0,8.3,1014.0,3.6,9,3,1,6,51394.9,2009.0,Mixed
2016-01-06 10:00:00,Fox_lodging_Helen,275.42,12.2,4.0,7.8,1014.8,2.6,10,3,1,6,51394.9,2009.0,Mixed
2016-01-06 11:00:00,Fox_lodging_Helen,314.4,13.3,6.0,6.1,1015.4,5.1,11,3,1,6,51394.9,2009.0,Mixed
2016-01-06 12:00:00,Fox_lodging_Helen,283.17,14.4,6.0,5.6,1014.9,3.6,12,3,1,6,51394.9,2009.0,Mixed
2016-01-06 13:00:00,Fox_lodging_Helen,307.78,15.0,6.0,5.0,1014.3,6.2,13,3,1,6,51394.9,2009.0,Mixed
2016-01-06 14:00:00,Fox_lodging_Helen,296.52,14.4,6.0,5.0,1014.0,5.7,14,3,1,6,51394.9,2009.0,Mixed
2016-01-06 15:00:00,Fox_lodging_Helen,298.38,15.0,6.0,4.4,1014.1,5.1,15,3,1,6,51394.9,2009.0,Mixed
2016-01-06 16:00:00,Fox_lodging_Helen,314.4,15.0,6.0,3.9,1013.8,2.6,16,3,1,6,51394.9,2009.0,Mixed
2016-01-06 17:00:00,Fox_lodging_Helen,329.8,15.0,6.0,4.4,1014.3,2.1,17,3,1,6,51394.9,2009.0,Mixed
2016-01-06 18:00:00,Fox_lodging_Helen,330.38,14.4,6.333333333333333,3.9,1014.3,2.1,18,3,1,6,51394.9,2009.0,Mixed
2016-01-06 19:00:00,Fox_lodging_Helen,326.92,14.4,6.666666666666667,4.4,1014.4,1.5,19,3,1,6,51394.9,2009.0,Mixed
2016-01-06 20:00:00,Fox_lodging_Helen,326.97,13.3,7.0,5.6,1014.5,2.1,20,3,1,6,51394.9,2009.0,Mixed
2016-01-06 21:00:00,Fox_lodging_Helen,345.53,12.2,7.0,5.6,1014.3,3.6,21,3,1,6,51394.9,2009.0,Mixed
2016-01-06 22:00:00,Fox_lodging_Helen,329.03,11.7,7.0,6.7,1014.8,2.6,22,3,1,6,51394.9,2009.0,Mixed
2016-01-06 23:00:00,Fox_lodging_Helen,312.23,11.7,8.0,6.1,1014.9,2.1,23,3,1,6,51394.9,2009.0,Mixed
2016-01-07 00:00:00,Fox_lodging_Helen,304.97,10.6,8.0,7.8,1013.7,4.1,0,4,1,7,51394.9,2009.0,Mixed
2016-01-07 01:00:00,Fox_lodging_Helen,301.48,10.6,8.0,6.7,1014.1,2.6,1,4,1,7,51394.9,2009.0,Mixed
2016-01-07 02:00:00,Fox_lodging_Helen,302.17,10.6,8.0,7.2,1013.3,4.1,2,4,1,7,51394.9,2009.0,Mixed
2016-01-07 03:00:00,Fox_lodging_Helen,300.03,10.0,8.0,7.2,1013.0,4.1,3,4,1,7,51394.9,2009.0,Mixed
2016-01-07 04:00:00,Fox_lodging_Helen,297.1,10.0,8.0,7.8,1012.4,3.6,4,4,1,7,51394.9,2009.0,Mixed
2016-01-07 05:00:00,Fox_lodging_Helen,297.1,10.0,8.0,8.3,1011.9,3.6,5,4,1,7,51394.9,2009.0,Mixed
2016-01-07 06:00:00,Fox_lodging_Helen,296.57,10.0,8.0,8.9,1011.4,3.6,6,4,1,7,51394.9,2009.0,Mixed
2016-01-07 07:00:00,Fox_lodging_Helen,300.55,10.0,8.0,8.9,1011.4,3.1,7,4,1,7,51394.9,2009.0,Mixed
2016-01-07 08:00:00,Fox_lodging_Helen,303.62,10.0,8.0,8.3,1010.4,3.6,8,4,1,7,51394.9,2009.0,Mixed
2016-01-07 09:00:00,Fox_lodging_Helen,317.9,11.1,8.0,7.8,1011.5,0.0,9,4,1,7,51394.9,2009.0,Mixed
2016-01-07 10:00:00,Fox_lodging_Helen,313.6,9.4,8.0,7.8,1012.3,4.1,10,4,1,7,51394.9,2009.0,Mixed
2016-01-07 11:00:00,Fox_lodging_Helen,324.62,10.0,8.0,7.8,1012.2,1.5,11,4,1,7,51394.9,2009.0,Mixed
2016-01-07 12:00:00,Fox_lodging_Helen,313.2,10.0,8.0,7.2,1011.1,5.1,12,4,1,7,51394.9,2009.0,Mixed
2016-01-07 13:00:00,Fox_lodging_Helen,317.6,10.6,8.0,7.2,1009.9,8.2,13,4,1,7,51394.9,2009.0,Mixed
2016-01-07 14:00:00,Fox_lodging_Helen,308.27,11.1,8.0,6.7,1008.8,1.5,14,4,1,7,51394.9,2009.0,Mixed
2016-01-07 15:00:00,Fox_lodging_Helen,323.35,11.7,8.0,5.6,1008.5,2.1,15,4,1,7,51394.9,2009.0,Mixed
2016-01-07 16:00:00,Fox_lodging_Helen,348.53,11.7,8.0,6.7,1008.4,3.1,16,4,1,7,51394.9,2009.0,Mixed
2016-01-07 17:00:00,Fox_lodging_Helen,353.12,10.0,8.0,7.8,1008.9,3.1,17,4,1,7,51394.9,2009.0,Mixed
2016-01-07 18:00:00,Fox_lodging_Helen,342.83,10.0,7.666666666666667,7.2,1009.2,2.1,18,4,1,7,51394.9,2009.0,Mixed
2016-01-07 19:00:00,Fox_lodging_Helen,341.2,9.4,7.333333333333333,8.3,1009.5,2.6,19,4,1,7,51394.9,2009.0,Mixed
2016-01-07 20:00:00,Fox_lodging_Helen,360.02,9.4,7.0,8.3,1009.9,2.1,20,4,1,7,51394.9,2009.0,Mixed
2016-01-07 21:00:00,Fox_lodging_Helen,362.48,9.4,7.0,5.6,1010.1,2.1,21,4,1,7,51394.9,2009.0,Mixed
2016-01-07 22:00:00,Fox_lodging_Helen,339.7,9.4,7.0,6.1,1010.4,0.0,22,4,1,7,51394.9,2009.0,Mixed
2016-01-07 23:00:00,Fox_lodging_Helen,322.45,8.9,6.0,7.2,1010.6,2.1,23,4,1,7,51394.9,2009.0,Mixed
2016-01-08 00:00:00,Fox_lodging_Helen,319.37,8.9,6.0,5.0,1010.5,2.1,0,5,1,8,51394.9,2009.0,Mixed
2016-01-08 01:00:00,Fox_lodging_Helen,312.35,8.3,6.0,5.6,1010.3,1.5,1,5,1,8,51394.9,2009.0,Mixed
2016-01-08 02:00:00,Fox_lodging_Helen,308.93,8.3,6.0,6.1,1010.1,1.5,2,5,1,8,51394.9,2009.0,Mixed
2016-01-08 03:00:00,Fox_lodging_Helen,302.55,7.8,6.0,5.6,1010.2,0.0,3,5,1,8,51394.9,2009.0,Mixed
2016-01-08 04:00:00,Fox_lodging_Helen,304.3,7.8,6.0,5.6,1009.9,0.0,4,5,1,8,51394.9,2009.0,Mixed
2016-01-08 05:00:00,Fox_lodging_Helen,302.47,7.8,6.0,6.1,1009.9,1.5,5,5,1,8,51394.9,2009.0,Mixed
2016-01-08 06:00:00,Fox_lodging_Helen,303.25,7.8,6.0,6.1,1010.3,2.1,6,5,1,8,51394.9,2009.0,Mixed
2016-01-08 07:00:00,Fox_lodging_Helen,302.95,7.8,6.0,6.1,1011.2,0.0,7,5,1,8,51394.9,2009.0,Mixed
2016-01-08 08:00:00,Fox_lodging_Helen,308.58,7.8,6.0,6.1,1011.9,2.1,8,5,1,8,51394.9,2009.0,Mixed
2016-01-08 09:00:00,Fox_lodging_Helen,311.67,8.3,6.0,6.1,1012.8,0.0,9,5,1,8,51394.9,2009.0,Mixed
2016-01-08 10:00:00,Fox_lodging_Helen,306.88,9.4,6.0,6.1,1013.8,0.0,10,5,1,8,51394.9,2009.0,Mixed
2016-01-08 11:00:00,Fox_lodging_Helen,294.65,10.0,6.0,5.0,1014.3,0.0,11,5,1,8,51394.9,2009.0,Mixed
2016-01-08 12:00:00,Fox_lodging_Helen,304.68,10.6,5.5,5.0,1014.1,1.5,12,5,1,8,51394.9,2009.0,Mixed
2016-01-08 13:00:00,Fox_lodging_Helen,334.12,12.2,5.0,3.9,1013.4,4.6,13,5,1,8,51394.9,2009.0,Mixed
2016-01-08 14:00:00,Fox_lodging_Helen,346.53,11.7,4.5,3.3,1013.4,3.6,14,5,1,8,51394.9,2009.0,Mixed
2016-01-08 15:00:00,Fox_lodging_Helen,305.22,12.2,4.0,4.4,1013.5,3.6,15,5,1,8,51394.9,2009.0,Mixed
2016-01-08 16:00:00,Fox_lodging_Helen,331.58,13.3,5.0,4.4,1013.8,5.1,16,5,1,8,51394.9,2009.0,Mixed
2016-01-08 17:00:00,Fox_lodging_Helen,351.13,12.2,6.0,3.3,1014.7,4.6,17,5,1,8,51394.9,2009.0,Mixed
2016-01-08 18:00:00,Fox_lodging_Helen,358.35,11.7,6.0,3.3,1015.3,2.6,18,5,1,8,51394.9,2009.0,Mixed
2016-01-08 19:00:00,Fox_lodging_Helen,361.5,11.1,6.0,5.0,1016.0,2.1,19,5,1,8,51394.9,2009.0,Mixed
2016-01-08 20:00:00,Fox_lodging_Helen,352.92,11.7,6.0,3.9,1016.5,0.0,20,5,1,8,51394.9,2009.0,Mixed
2016-01-08 21:00:00,Fox_lodging_Helen,363.37,10.6,6.0,6.1,1017.2,2.6,21,5,1,8,51394.9,2009.0,Mixed
2016-01-08 22:00:00,Fox_lodging_Helen,357.37,10.0,6.0,5.6,1017.6,3.1,22,5,1,8,51394.9,2009.0,Mixed
2016-01-08 23:00:00,Fox_lodging_Helen,349.4,10.0,6.0,6.1,1018.4,2.1,23,5,1,8,51394.9,2009.0,Mixed
2016-01-09 00:00:00,Fox_lodging_Helen,342.78,8.9,4.0,6.1,1018.6,2.1,0,6,1,9,51394.9,2009.0,Mixed
2016-01-09 01:00:00,Fox_lodging_Helen,341.23,8.3,2.0,6.1,1018.8,2.1,1,6,1,9,51394.9,2009.0,Mixed
2016-01-09 02:00:00,Fox_lodging_Helen,328.75,7.8,2.0,6.1,1019.2,1.5,2,6,1,9,51394.9,2009.0,Mixed
2016-01-09 03:00:00,Fox_lodging_Helen,329.9,7.2,2.0,5.6,1019.1,2.1,3,6,1,9,51394.9,2009.0,Mixed
2016-01-09 04:00:00,Fox_lodging_Helen,313.92,6.7,2.0,5.0,1019.4,0.0,4,6,1,9,51394.9,2009.0,Mixed
2016-01-09 05:00:00,Fox_lodging_Helen,311.4,6.1,0.0,5.0,1019.5,2.1,5,6,1,9,51394.9,2009.0,Mixed
2016-01-09 06:00:00,Fox_lodging_Helen,311.9,6.1,0.0,4.4,1019.9,2.6,6,6,1,9,51394.9,2009.0,Mixed
2016-01-09 07:00:00,Fox_lodging_Helen,312.05,6.1,0.0,3.9,1020.7,2.1,7,6,1,9,51394.9,2009.0,Mixed
2016-01-09 08:00:00,Fox_lodging_Helen,310.7,5.6,2.0,3.9,1021.5,2.6,8,6,1,9,51394.9,2009.0,Mixed
2016-01-09 09:00:00,Fox_lodging_Helen,296.38,6.7,0.0,4.4,1022.2,2.6,9,6,1,9,51394.9,2009.0,Mixed
2016-01-09 10:00:00,Fox_lodging_Helen,285.72,8.9,2.0,4.4,1023.1,2.1,10,6,1,9,51394.9,2009.0,Mixed
2016-01-09 11:00:00,Fox_lodging_Helen,274.55,11.1,2.0,5.0,1023.5,2.6,11,6,1,9,51394.9,2009.0,Mixed
2016-01-09 12:00:00,Fox_lodging_Helen,274.7,11.7,2.0,4.4,1022.8,2.6,12,6,1,9,51394.9,2009.0,Mixed
2016-01-09 13:00:00,Fox_lodging_Helen,297.22,13.3,4.0,4.4,1021.5,2.6,13,6,1,9,51394.9,2009.0,Mixed
2016-01-09 14:00:00,Fox_lodging_Helen,314.58,13.3,4.0,3.3,1020.9,1.5,14,6,1,9,51394.9,2009.0,Mixed
2016-01-09 15:00:00,Fox_lodging_Helen,329.45,13.3,4.0,3.3,1020.4,1.5,15,6,1,9,51394.9,2009.0,Mixed
2016-01-09 16:00:00,Fox_lodging_Helen,365.25,14.4,4.0,2.2,1019.9,0.0,16,6,1,9,51394.9,2009.0,Mixed
2016-01-09 17:00:00,Fox_lodging_Helen,380.45,14.4,2.0,2.2,1020.0,2.1,17,6,1,9,51394.9,2009.0,Mixed
2016-01-09 18:00:00,Fox_lodging_Helen,411.18,12.8,2.0,3.3,1020.3,1.5,18,6,1,9,51394.9,2009.0,Mixed
2016-01-09 19:00:00,Fox_lodging_Helen,406.35,11.7,0.0,4.4,1020.9,1.5,19,6,1,9,51394.9,2009.0,Mixed
2016-01-09 20:00:00,Fox_lodging_Helen,406.82,11.1,0.0,5.0,1021.0,0.0,20,6,1,9,51394.9,2009.0,Mixed
2016-01-09 21:00:00,Fox_lodging_Helen,398.4,10.6,0.0,5.0,1021.1,0.0,21,6,1,9,51394.9,2009.0,Mixed
2016-01-09 22:00:00,Fox_lodging_Helen,396.22,9.4,0.0,5.6,1021.1,2.1,22,6,1,9,51394.9,2009.0,Mixed
2016-01-09 23:00:00,Fox_lodging_Helen,390.7,8.9,0.0,5.0,1021.3,2.6,23,6,1,9,51394.9,2009.0,Mixed
2016-01-10 00:00:00,Fox_lodging_Helen,387.27,7.8,0.0,5.0,1021.3,3.1,0,7,1,10,51394.9,2009.0,Mixed
2016-01-10 01:00:00,Fox_lodging_Helen,369.1,7.2,0.0,4.4,1020.8,2.6,1,7,1,10,51394.9,2009.0,Mixed
2016-01-10 02:00:00,Fox_lodging_Helen,358.35,7.8,0.0,3.9,1020.5,2.6,2,7,1,10,51394.9,2009.0,Mixed
2016-01-10 03:00:00,Fox_lodging_Helen,335.5,6.7,0.0,3.9,1020.4,3.1,3,7,1,10,51394.9,2009.0,Mixed
2016-01-10 04:00:00,Fox_lodging_Helen,332.4,6.7,4.0,3.9,1020.3,1.5,4,7,1,10,51394.9,2009.0,Mixed
2016-01-10 05:00:00,Fox_lodging_Helen,329.93,7.2,6.0,3.9,1020.1,2.1,5,7,1,10,51394.9,2009.0,Mixed
2016-01-10 06:00:00,Fox_lodging_Helen,325.23,6.7,6.333333333333333,3.9,1020.5,2.1,6,7,1,10,51394.9,2009.0,Mixed
2016-01-10 07:00:00,Fox_lodging_Helen,329.83,7.2,6.666666666666667,3.9,1021.1,2.1,7,7,1,10,51394.9,2009.0,Mixed
2016-01-10 08:00:00,Fox_lodging_Helen,333.65,7.2,7.0,3.3,1020.9,3.1,8,7,1,10,51394.9,2009.0,Mixed
2016-01-10 09:00:00,Fox_lodging_Helen,349.88,7.8,7.0,3.9,1021.4,2.6,9,7,1,10,51394.9,2009.0,Mixed
2016-01-10 10:00:00,Fox_lodging_Helen,354.68,8.9,7.0,3.3,1022.2,2.1,10,7,1,10,51394.9,2009.0,Mixed
2016-01-10 11:00:00,Fox_lodging_Helen,374.87,10.0,8.0,3.9,1022.3,2.6,11,7,1,10,51394.9,2009.0,Mixed
2016-01-10 12:00:00,Fox_lodging_Helen,377.9,11.1,8.0,2.8,1021.6,2.6,12,7,1,10,51394.9,2009.0,Mixed
2016-01-10 13:00:00,Fox_lodging_Helen,387.82,11.7,8.0,2.8,1020.5,0.0,13,7,1,10,51394.9,2009.0,Mixed
2016-01-10 14:00:00,Fox_lodging_Helen,403.9,12.8,8.0,2.8,1019.3,1.5,14,7,1,10,51394.9,2009.0,Mixed
2016-01-10 15:00:00,Fox_lodging_Helen,421.58,13.3,8.0,2.2,1018.8,1.5,15,7,1,10,51394.9,2009.0,Mixed
2016-01-10 16:00:00,Fox_lodging_Helen,439.45,13.3,8.0,2.8,1018.6,1.5,16,7,1,10,51394.9,2009.0,Mixed
2016-01-10 17:00:00,Fox_lodging_Helen,460.15,13.3,8.0,2.2,1018.8,2.6,17,7,1,10,51394.9,2009.0,Mixed
2016-01-10 18:00:00,Fox_lodging_Helen,472.03,12.8,7.0,1.7,1019.3,3.6,18,7,1,10,51394.9,2009.0,Mixed
2016-01-10 19:00:00,Fox_lodging_Helen,480.03,12.2,6.0,4.4,1019.6,2.1,19,7,1,10,51394.9,2009.0,Mixed
2016-01-10 20:00:00,Fox_lodging_Helen,508.5,12.2,5.0,3.9,1020.2,4.1,20,7,1,10,51394.9,2009.0,Mixed
2016-01-10 21:00:00,Fox_lodging_Helen,497.03,11.7,4.0,3.3,1020.5,2.1,21,7,1,10,51394.9,2009.0,Mixed
2016-01-10 22:00:00,Fox_lodging_Helen,480.15,9.4,4.0,5.6,1021.1,1.5,22,7,1,10,51394.9,2009.0,Mixed
2016-01-10 23:00:00,Fox_lodging_Helen,451.95,8.3,4.0,5.6,1021.3,2.1,23,7,1,10,51394.9,2009.0,Mixed
2016-01-11 00:00:00,Fox_lodging_Helen,404.43,7.8,2.0,5.0,1021.2,2.6,0,1,1,11,51394.9,2009.0,Mixed
2016-01-11 01:00:00,Fox_lodging_Helen,367.75,7.2,0.0,5.0,1021.1,1.5,1,1,1,11,51394.9,2009.0,Mixed
2016-01-11 02:00:00,Fox_lodging_Helen,350.75,7.8,0.0,4.4,1021.3,3.1,2,1,1,11,51394.9,2009.0,Mixed
2016-01-11 03:00:00,Fox_lodging_Helen,339.52,6.7,0.0,4.4,1021.6,0.0,3,1,1,11,51394.9,2009.0,Mixed
2016-01-11 04:00:00,Fox_lodging_Helen,330.43,6.7,0.0,4.4,1021.6,0.0,4,1,1,11,51394.9,2009.0,Mixed
2016-01-11 05:00:00,Fox_lodging_Helen,332.85,5.0,0.0,3.9,1021.4,1.5,5,1,1,11,51394.9,2009.0,Mixed
2016-01-11 06:00:00,Fox_lodging_Helen,346.43,5.0,0.0,3.3,1021.9,1.5,6,1,1,11,51394.9,2009.0,Mixed
2016-01-11 07:00:00,Fox_lodging_Helen,361.13,5.0,0.0,3.3,1022.4,2.1,7,1,1,11,51394.9,2009.0,Mixed
2016-01-11 08:00:00,Fox_lodging_Helen,391.02,5.6,0.0,3.3,1022.8,0.0,8,1,1,11,51394.9,2009.0,Mixed
2016-01-11 09:00:00,Fox_lodging_Helen,372.48,6.7,0.0,5.0,1023.8,2.6,9,1,1,11,51394.9,2009.0,Mixed
2016-01-11 10:00:00,Fox_lodging_Helen,357.67,10.0,2.0,3.9,1024.6,0.0,10,1,1,11,51394.9,2009.0,Mixed
2016-01-11 11:00:00,Fox_lodging_Helen,368.43,11.7,2.0,0.0,1024.7,1.5,11,1,1,11,51394.9,2009.0,Mixed
2016-01-11 12:00:00,Fox_lodging_Helen,348.73,12.8,2.0,-1.7,1024.0,1.5,12,1,1,11,51394.9,2009.0,Mixed
2016-01-11 13:00:00,Fox_lodging_Helen,351.82,13.9,2.0,-1.1,1023.1,2.1,13,1,1,11,51394.9,2009.0,Mixed
2016-01-11 14:00:00,Fox_lodging_Helen,364.33,14.4,2.0,-1.7,1022.5,0.0,14,1,1,11,51394.9,2009.0,Mixed
2016-01-11 15:00:00,Fox_lodging_Helen,383.98,15.0,2.0,-3.3,1022.1,0.0,15,1,1,11,51394.9,2009.0,Mixed
2016-01-11 16:00:00,Fox_lodging_Helen,427.67,15.6,2.0,-5.6,1021.9,2.1,16,1,1,11,51394.9,2009.0,Mixed
2016-01-11 17:00:00,Fox_lodging_Helen,443.18,15.0,2.0,-5.6,1022.0,2.6,17,1,1,11,51394.9,2009.0,Mixed
2016-01-11 18:00:00,Fox_lodging_Helen,470.97,13.3,2.0,0.0,1022.5,2.6,18,1,1,11,51394.9,2009.0,Mixed
2016-01-11 19:00:00,Fox_lodging_Helen,481.13,11.7,0.0,1.7,1023.0,1.5,19,1,1,11,51394.9,2009.0,Mixed
2016-01-11 20:00:00,Fox_lodging_Helen,490.78,11.7,0.0,-0.6,1023.2,1.5,20,1,1,11,51394.9,2009.0,Mixed
2016-01-11 21:00:00,Fox_lodging_Helen,506.63,12.2,0.0,-2.2,1023.3,2.1,21,1,1,11,51394.9,2009.0,Mixed
2016-01-11 22:00:00,Fox_lodging_Helen,486.3,8.9,0.0,2.2,1023.5,0.0,22,1,1,11,51394.9,2009.0,Mixed
2016-01-11 23:00:00,Fox_lodging_Helen,468.43,8.3,0.0,1.7,1023.8,1.5,23,1,1,11,51394.9,2009.0,Mixed
2016-01-12 00:00:00,Fox_lodging_Helen,426.3,7.8,0.0,1.1,1023.7,1.5,0,2,1,12,51394.9,2009.0,Mixed
2016-01-12 01:00:00,Fox_lodging_Helen,373.15,6.7,0.0,1.7,1023.4,1.5,1,2,1,12,51394.9,2009.0,Mixed
2016-01-12 02:00:00,Fox_lodging_Helen,356.0,6.7,0.0,1.1,1023.4,0.0,2,2,1,12,51394.9,2009.0,Mixed
2016-01-12 03:00:00,Fox_lodging_Helen,348.45,6.7,0.0,0.6,1023.3,0.0,3,2,1,12,51394.9,2009.0,Mixed
2016-01-12 04:00:00,Fox_lodging_Helen,341.55,5.0,0.0,0.6,1023.2,0.0,4,2,1,12,51394.9,2009.0,Mixed
2016-01-12 05:00:00,Fox_lodging_Helen,345.82,5.6,0.0,-0.6,1022.9,1.5,5,2,1,12,51394.9,2009.0,Mixed
2016-01-12 06:00:00,Fox_lodging_Helen,350.7,4.4,0.0,0.0,1023.2,0.0,6,2,1,12,51394.9,2009.0,Mixed
2016-01-12 07:00:00,Fox_lodging_Helen,360.48,4.4,0.0,0.0,1023.5,0.0,7,2,1,12,51394.9,2009.0,Mixed
2016-01-12 08:00:00,Fox_lodging_Helen,396.05,5.6,0.0,-1.7,1023.6,1.5,8,2,1,12,51394.9,2009.0,Mixed
2016-01-12 09:00:00,Fox_lodging_Helen,394.67,8.3,0.0,-1.7,1023.7,3.6,9,2,1,12,51394.9,2009.0,Mixed
2016-01-12 10:00:00,Fox_lodging_Helen,363.83,11.7,2.0,-3.3,1023.7,4.6,10,2,1,12,51394.9,2009.0,Mixed
2016-01-12 11:00:00,Fox_lodging_Helen,344.78,13.3,2.0,-3.3,1023.4,6.7,11,2,1,12,51394.9,2009.0,Mixed
2016-01-12 12:00:00,Fox_lodging_Helen,328.98,15.0,2.0,-5.6,1022.3,5.7,12,2,1,12,51394.9,2009.0,Mixed
2016-01-12 13:00:00,Fox_lodging_Helen,333.38,16.7,0.0,-7.2,1020.9,4.6,13,2,1,12,51394.9,2009.0,Mixed
2016-01-12 14:00:00,Fox_lodging_Helen,348.15,17.2,0.0,-8.9,1019.6,2.6,14,2,1,12,51394.9,2009.0,Mixed
2016-01-12 15:00:00,Fox_lodging_Helen,372.82,17.8,0.0,-7.8,1019.3,2.1,15,2,1,12,51394.9,2009.0,Mixed
2016-01-12 16:00:00,Fox_lodging_Helen,433.8,18.9,0.0,-8.3,1018.7,2.6,16,2,1,12,51394.9,2009.0,Mixed
2016-01-12 17:00:00,Fox_lodging_Helen,477.53,18.9,0.0,-6.7,1018.3,2.1,17,2,1,12,51394.9,2009.0,Mixed
2016-01-12 18:00:00,Fox_lodging_Helen,499.73,17.8,0.0,-6.7,1018.4,2.6,18,2,1,12,51394.9,2009.0,Mixed
2016-01-12 19:00:00,Fox_lodging_Helen,494.13,15.6,0.0,-4.4,1019.1,2.6,19,2,1,12,51394.9,2009.0,Mixed
2016-01-12 20:00:00,Fox_lodging_Helen,494.67,12.2,0.0,0.0,1019.2,2.6,20,2,1,12,51394.9,2009.0,Mixed
2016-01-12 21:00:00,Fox_lodging_Helen,501.37,12.2,0.0,-1.1,1019.0,0.0,21,2,1,12,51394.9,2009.0,Mixed
2016-01-12 22:00:00,Fox_lodging_Helen,498.02,11.1,0.0,-1.1,1019.4,0.0,22,2,1,12,51394.9,2009.0,Mixed
2016-01-12 23:00:00,Fox_lodging_Helen,455.55,8.9,0.0,1.1,1020.0,2.1,23,2,1,12,51394.9,2009.0,Mixed
2016-01-13 00:00:00,Fox_lodging_Helen,414.1,7.8,0.0,1.1,1019.9,0.0,0,3,1,13,51394.9,2009.0,Mixed
2016-01-13 01:00:00,Fox_lodging_Helen,378.52,8.9,0.0,0.0,1019.5,2.1,1,3,1,13,51394.9,2009.0,Mixed
2016-01-13 02:00:00,Fox_lodging_Helen,367.28,7.2,0.0,1.1,1019.6,2.1,2,3,1,13,51394.9,2009.0,Mixed
2016-01-13 03:00:00,Fox_lodging_Helen,344.67,6.7,0.0,0.6,1019.7,1.5,3,3,1,13,51394.9,2009.0,Mixed
2016-01-13 04:00:00,Fox_lodging_Helen,338.98,6.1,0.0,0.0,1019.3,1.5,4,3,1,13,51394.9,2009.0,Mixed
2016-01-13 05:00:00,Fox_lodging_Helen,338.03,6.1,2.0,0.0,1019.2,1.5,5,3,1,13,51394.9,2009.0,Mixed
2016-01-13 06:00:00,Fox_lodging_Helen,338.12,4.4,2.0,0.6,1019.3,0.0,6,3,1,13,51394.9,2009.0,Mixed
2016-01-13 07:00:00,Fox_lodging_Helen,358.88,5.0,0.0,-0.6,1019.7,1.5,7,3,1,13,51394.9,2009.0,Mixed
2016-01-13 08:00:00,Fox_lodging_Helen,398.22,6.7,0.0,-1.7,1020.0,2.1,8,3,1,13,51394.9,2009.0,Mixed
2016-01-13 09:00:00,Fox_lodging_Helen,388.88,8.9,2.0,-2.2,1020.5,3.6,9,3,1,13,51394.9,2009.0,Mixed
2016-01-13 10:00:00,Fox_lodging_Helen,364.77,11.7,2.0,-2.8,1021.2,1.5,10,3,1,13,51394.9,2009.0,Mixed
2016-01-13 11:00:00,Fox_lodging_Helen,350.03,13.3,2.0,-2.2,1021.1,1.5,11,3,1,13,51394.9,2009.0,Mixed
2016-01-13 12:00:00,Fox_lodging_Helen,363.68,14.4,2.0,-3.3,1020.2,1.5,12,3,1,13,51394.9,2009.0,Mixed
2016-01-13 13:00:00,Fox_lodging_Helen,376.05,16.1,2.0,-3.9,1019.0,0.0,13,3,1,13,51394.9,2009.0,Mixed
2016-01-13 14:00:00,Fox_lodging_Helen,383.15,17.8,2.0,-5.0,1017.5,1.5,14,3,1,13,51394.9,2009.0,Mixed
2016-01-13 15:00:00,Fox_lodging_Helen,392.57,18.3,2.0,-5.0,1016.7,0.0,15,3,1,13,51394.9,2009.0,Mixed
2016-01-13 16:00:00,Fox_lodging_Helen,442.67,18.9,4.0,-5.6,1016.3,1.5,16,3,1,13,51394.9,2009.0,Mixed
2016-01-13 17:00:00,Fox_lodging_Helen,453.52,18.3,4.0,-6.1,1016.0,1.5,17,3,1,13,51394.9,2009.0,Mixed
2016-01-13 18:00:00,Fox_lodging_Helen,474.35,17.8,4.0,-5.0,1016.2,3.6,18,3,1,13,51394.9,2009.0,Mixed
2016-01-13 19:00:00,Fox_lodging_Helen,470.22,16.7,4.0,-3.3,1016.4,3.1,19,3,1,13,51394.9,2009.0,Mixed
2016-01-13 20:00:00,Fox_lodging_Helen,499.72,12.8,4.0,0.0,1016.7,0.0,20,3,1,13,51394.9,2009.0,Mixed
2016-01-13 21:00:00,Fox_lodging_Helen,504.83,12.2,0.0,0.0,1016.7,0.0,21,3,1,13,51394.9,2009.0,Mixed
2016-01-13 22:00:00,Fox_lodging_Helen,488.63,11.7,2.0,0.0,1016.5,0.0,22,3,1,13,51394.9,2009.0,Mixed
2016-01-13 23:00:00,Fox_lodging_Helen,482.93,10.0,2.0,1.7,1016.5,2.1,23,3,1,13,51394.9,2009.0,Mixed
2016-01-14 00:00:00,Fox_lodging_Helen,451.3,9.4,4.0,1.1,1016.2,0.0,0,4,1,14,51394.9,2009.0,Mixed
2016-01-14 01:00:00,Fox_lodging_Helen,394.43,8.9,2.0,1.1,1015.8,2.6,1,4,1,14,51394.9,2009.0,Mixed
2016-01-14 02:00:00,Fox_lodging_Helen,360.17,7.8,4.0,1.1,1015.8,3.1,2,4,1,14,51394.9,2009.0,Mixed
2016-01-14 03:00:00,Fox_lodging_Helen,342.53,7.2,2.0,1.1,1015.6,2.6,3,4,1,14,51394.9,2009.0,Mixed
2016-01-14 04:00:00,Fox_lodging_Helen,344.63,6.7,2.0,1.1,1015.7,3.1,4,4,1,14,51394.9,2009.0,Mixed
2016-01-14 05:00:00,Fox_lodging_Helen,340.63,6.7,0.0,0.6,1015.8,3.6,5,4,1,14,51394.9,2009.0,Mixed
2016-01-14 06:00:00,Fox_lodging_Helen,341.47,6.7,2.0,0.6,1016.3,2.1,6,4,1,14,51394.9,2009.0,Mixed
2016-01-14 07:00:00,Fox_lodging_Helen,363.02,5.6,2.0,0.6,1016.5,3.1,7,4,1,14,51394.9,2009.0,Mixed
2016-01-14 08:00:00,Fox_lodging_Helen,406.75,6.1,2.0,0.6,1017.1,3.1,8,4,1,14,51394.9,2009.0,Mixed
2016-01-14 09:00:00,Fox_lodging_Helen,389.92,8.3,2.0,0.6,1017.5,2.6,9,4,1,14,51394.9,2009.0,Mixed
2016-01-14 10:00:00,Fox_lodging_Helen,366.97,10.6,0.0,0.6,1017.8,3.6,10,4,1,14,51394.9,2009.0,Mixed
2016-01-14 11:00:00,Fox_lodging_Helen,348.5,12.8,2.0,0.0,1017.9,2.1,11,4,1,14,51394.9,2009.0,Mixed
2016-01-14 12:00:00,Fox_lodging_Helen,352.78,13.9,0.0,-0.6,1017.2,1.5,12,4,1,14,51394.9,2009.0,Mixed
2016-01-14 13:00:00,Fox_lodging_Helen,375.47,15.0,2.0,-0.6,1016.3,0.0,13,4,1,14,51394.9,2009.0,Mixed
2016-01-14 14:00:00,Fox_lodging_Helen,371.43,16.7,2.0,-0.6,1015.1,2.6,14,4,1,14,51394.9,2009.0,Mixed
2016-01-14 15:00:00,Fox_lodging_Helen,422.73,17.8,2.0,-0.6,1014.3,1.5,15,4,1,14,51394.9,2009.0,Mixed
2016-01-14 16:00:00,Fox_lodging_Helen,477.1,16.7,4.0,-1.7,1014.5,1.5,16,4,1,14,51394.9,2009.0,Mixed
2016-01-14 17:00:00,Fox_lodging_Helen,493.1,16.7,6.0,-2.2,1015.0,3.1,17,4,1,14,51394.9,2009.0,Mixed
2016-01-14 18:00:00,Fox_lodging_Helen,497.73,16.1,4.0,-0.6,1014.9,3.1,18,4,1,14,51394.9,2009.0,Mixed
2016-01-14 19:00:00,Fox_lodging_Helen,486.03,15.6,4.0,-0.6,1015.0,2.6,19,4,1,14,51394.9,2009.0,Mixed
2016-01-14 20:00:00,Fox_lodging_Helen,491.77,13.3,2.0,1.7,1015.4,0.0,20,4,1,14,51394.9,2009.0,Mixed
2016-01-14 21:00:00,Fox_lodging_Helen,489.6,11.1,2.0,2.2,1015.4,1.5,21,4,1,14,51394.9,2009.0,Mixed
2016-01-14 22:00:00,Fox_lodging_Helen,506.55,12.2,2.0,1.1,1015.5,0.0,22,4,1,14,51394.9,2009.0,Mixed
2016-01-14 23:00:00,Fox_lodging_Helen,474.57,10.0,2.0,2.8,1015.9,2.1,23,4,1,14,51394.9,2009.0,Mixed
2016-01-15 00:00:00,Fox_lodging_Helen,425.57,8.9,2.0,2.2,1015.9,1.5,0,5,1,15,51394.9,2009.0,Mixed
2016-01-15 01:00:00,Fox_lodging_Helen,392.15,7.8,0.0,2.8,1015.4,2.6,1,5,1,15,51394.9,2009.0,Mixed
2016-01-15 02:00:00,Fox_lodging_Helen,369.37,7.2,0.0,2.8,1014.9,2.6,2,5,1,15,51394.9,2009.0,Mixed
2016-01-15 03:00:00,Fox_lodging_Helen,355.1,7.2,2.0,2.2,1014.5,3.1,3,5,1,15,51394.9,2009.0,Mixed
2016-01-15 04:00:00,Fox_lodging_Helen,342.08,7.2,4.0,1.7,1013.9,3.1,4,5,1,15,51394.9,2009.0,Mixed
2016-01-15 05:00:00,Fox_lodging_Helen,339.22,7.2,6.0,1.1,1013.3,3.6,5,5,1,15,51394.9,2009.0,Mixed
2016-01-15 06:00:00,Fox_lodging_Helen,341.78,6.7,6.0,1.1,1013.3,4.6,6,5,1,15,51394.9,2009.0,Mixed
2016-01-15 07:00:00,Fox_lodging_Helen,356.4,6.7,6.0,1.7,1013.7,4.1,7,5,1,15,51394.9,2009.0,Mixed
2016-01-15 08:00:00,Fox_lodging_Helen,392.88,6.7,6.0,1.7,1013.9,3.6,8,5,1,15,51394.9,2009.0,Mixed
2016-01-15 09:00:00,Fox_lodging_Helen,407.37,7.2,6.0,1.7,1014.2,2.6,9,5,1,15,51394.9,2009.0,Mixed
2016-01-15 10:00:00,Fox_lodging_Helen,412.25,9.4,6.0,1.1,1014.1,2.6,10,5,1,15,51394.9,2009.0,Mixed
2016-01-15 11:00:00,Fox_lodging_Helen,442.85,10.0,6.0,0.6,1014.9,2.6,11,5,1,15,51394.9,2009.0,Mixed
2016-01-15 12:00:00,Fox_lodging_Helen,413.98,11.7,4.0,1.1,1014.3,3.1,12,5,1,15,51394.9,2009.0,Mixed
2016-01-15 13:00:00,Fox_lodging_Helen,445.82,13.3,4.0,0.6,1013.2,2.1,13,5,1,15,51394.9,2009.0,Mixed
2016-01-15 14:00:00,Fox_lodging_Helen,459.05,14.4,4.0,-0.6,1012.6,1.5,14,5,1,15,51394.9,2009.0,Mixed
2016-01-15 15:00:00,Fox_lodging_Helen,499.12,15.0,4.0,-0.6,1012.4,5.1,15,5,1,15,51394.9,2009.0,Mixed
2016-01-15 16:00:00,Fox_lodging_Helen,498.85,15.0,4.0,0.0,1013.1,6.7,16,5,1,15,51394.9,2009.0,Mixed
2016-01-15 17:00:00,Fox_lodging_Helen,496.18,15.6,4.0,0.6,1013.4,4.1,17,5,1,15,51394.9,2009.0,Mixed
2016-01-15 18:00:00,Fox_lodging_Helen,484.8,14.4,2.0,0.6,1013.9,2.1,18,5,1,15,51394.9,2009.0,Mixed
2016-01-15 19:00:00,Fox_lodging_Helen,481.4,14.4,2.0,0.6,1014.9,1.5,19,5,1,15,51394.9,2009.0,Mixed
2016-01-15 20:00:00,Fox_lodging_Helen,489.4,13.3,2.0,1.1,1015.5,2.6,20,5,1,15,51394.9,2009.0,Mixed
2016-01-15 21:00:00,Fox_lodging_Helen,474.35,11.1,2.0,2.2,1016.1,1.5,21,5,1,15,51394.9,2009.0,Mixed
2016-01-15 22:00:00,Fox_lodging_Helen,455.35,10.0,4.0,2.2,1016.8,2.6,22,5,1,15,51394.9,2009.0,Mixed
2016-01-15 23:00:00,Fox_lodging_Helen,416.43,10.0,4.0,2.2,1017.7,0.0,23,5,1,15,51394.9,2009.0,Mixed
2016-01-16 00:00:00,Fox_lodging_Helen,419.75,8.9,0.0,2.8,1018.2,2.1,0,6,1,16,51394.9,2009.0,Mixed
2016-01-16 01:00:00,Fox_lodging_Helen,391.9,8.3,0.0,2.8,1018.6,1.5,1,6,1,16,51394.9,2009.0,Mixed
2016-01-16 02:00:00,Fox_lodging_Helen,371.7,6.7,0.0,2.8,1018.7,0.0,2,6,1,16,51394.9,2009.0,Mixed
2016-01-16 03:00:00,Fox_lodging_Helen,365.97,7.2,0.0,2.8,1018.8,3.1,3,6,1,16,51394.9,2009.0,Mixed
2016-01-16 04:00:00,Fox_lodging_Helen,348.08,6.7,0.0,2.8,1019.0,2.6,4,6,1,16,51394.9,2009.0,Mixed
2016-01-16 05:00:00,Fox_lodging_Helen,342.67,6.1,0.0,2.8,1019.6,1.5,5,6,1,16,51394.9,2009.0,Mixed
2016-01-16 06:00:00,Fox_lodging_Helen,339.23,5.0,0.0,2.2,1019.8,2.1,6,6,1,16,51394.9,2009.0,Mixed
2016-01-16 07:00:00,Fox_lodging_Helen,351.3,5.0,0.0,2.2,1020.4,1.5,7,6,1,16,51394.9,2009.0,Mixed
2016-01-16 08:00:00,Fox_lodging_Helen,360.67,5.6,4.0,2.2,1021.0,2.1,8,6,1,16,51394.9,2009.0,Mixed
2016-01-16 09:00:00,Fox_lodging_Helen,334.58,7.2,4.0,2.2,1021.9,2.1,9,6,1,16,51394.9,2009.0,Mixed
2016-01-16 10:00:00,Fox_lodging_Helen,331.18,10.0,4.0,1.7,1021.9,2.6,10,6,1,16,51394.9,2009.0,Mixed
2016-01-16 11:00:00,Fox_lodging_Helen,334.55,12.8,4.0,1.7,1021.8,2.6,11,6,1,16,51394.9,2009.0,Mixed
2016-01-16 12:00:00,Fox_lodging_Helen,372.28,13.9,4.0,1.1,1021.2,1.5,12,6,1,16,51394.9,2009.0,Mixed
2016-01-16 13:00:00,Fox_lodging_Helen,424.88,13.9,4.0,1.1,1019.8,0.0,13,6,1,16,51394.9,2009.0,Mixed
2016-01-16 14:00:00,Fox_lodging_Helen,442.05,15.6,4.0,0.6,1018.7,2.1,14,6,1,16,51394.9,2009.0,Mixed
2016-01-16 15:00:00,Fox_lodging_Helen,456.85,16.1,4.666666666666667,0.0,1018.5,2.1,15,6,1,16,51394.9,2009.0,Mixed
2016-01-16 16:00:00,Fox_lodging_Helen,476.72,16.1,5.333333333333333,0.0,1017.8,2.1,16,6,1,16,51394.9,2009.0,Mixed
2016-01-16 17:00:00,Fox_lodging_Helen,492.87,16.1,6.0,0.0,1017.8,0.0,17,6,1,16,51394.9,2009.0,Mixed
2016-01-16 18:00:00,Fox_lodging_Helen,479.62,15.6,6.333333333333333,0.6,1018.3,2.1,18,6,1,16,51394.9,2009.0,Mixed
2016-01-16 19:00:00,Fox_lodging_Helen,469.28,15.6,6.666666666666667,0.0,1019.0,2.1,19,6,1,16,51394.9,2009.0,Mixed
2016-01-16 20:00:00,Fox_lodging_Helen,472.5,13.3,7.0,2.8,1018.9,1.5,20,6,1,16,51394.9,2009.0,Mixed
2016-01-16 21:00:00,Fox_lodging_Helen,468.92,13.3,7.0,2.2,1019.7,2.1,21,6,1,16,51394.9,2009.0,Mixed
2016-01-16 22:00:00,Fox_lodging_Helen,450.95,13.9,7.0,1.1,1019.9,2.1,22,6,1,16,51394.9,2009.0,Mixed
2016-01-16 23:00:00,Fox_lodging_Helen,439.85,12.2,8.0,2.8,1020.0,1.5,23,6,1,16,51394.9,2009.0,Mixed
2016-01-17 00:00:00,Fox_lodging_Helen,411.5,11.7,2.0,3.3,1020.3,0.0,0,7,1,17,51394.9,2009.0,Mixed
2016-01-17 01:00:00,Fox_lodging_Helen,395.58,10.6,2.0,3.3,1019.8,1.5,1,7,1,17,51394.9,2009.0,Mixed
2016-01-17 02:00:00,Fox_lodging_Helen,385.73,8.9,2.0,3.9,1019.9,0.0,2,7,1,17,51394.9,2009.0,Mixed
2016-01-17 03:00:00,Fox_lodging_Helen,362.15,8.9,2.0,3.3,1020.0,2.1,3,7,1,17,51394.9,2009.0,Mixed
2016-01-17 04:00:00,Fox_lodging_Helen,346.7,8.3,0.0,3.3,1020.1,1.5,4,7,1,17,51394.9,2009.0,Mixed
2016-01-17 05:00:00,Fox_lodging_Helen,344.0,7.8,0.0,2.8,1020.3,0.0,5,7,1,17,51394.9,2009.0,Mixed
2016-01-17 06:00:00,Fox_lodging_Helen,337.93,7.2,0.0,2.8,1020.5,2.1,6,7,1,17,51394.9,2009.0,Mixed
2016-01-17 07:00:00,Fox_lodging_Helen,340.53,6.7,2.0,2.8,1021.3,2.6,7,7,1,17,51394.9,2009.0,Mixed
2016-01-17 08:00:00,Fox_lodging_Helen,343.48,6.7,2.0,2.8,1021.9,2.1,8,7,1,17,51394.9,2009.0,Mixed
2016-01-17 09:00:00,Fox_lodging_Helen,333.53,8.9,2.0,2.8,1022.0,2.1,9,7,1,17,51394.9,2009.0,Mixed
2016-01-17 10:00:00,Fox_lodging_Helen,346.5,12.2,0.0,2.8,1022.5,4.1,10,7,1,17,51394.9,2009.0,Mixed
2016-01-17 11:00:00,Fox_lodging_Helen,328.25,13.9,0.0,2.8,1022.6,3.1,11,7,1,17,51394.9,2009.0,Mixed
2016-01-17 12:00:00,Fox_lodging_Helen,353.83,15.6,2.0,2.2,1022.5,0.0,12,7,1,17,51394.9,2009.0,Mixed
2016-01-17 13:00:00,Fox_lodging_Helen,382.07,16.1,2.0,1.7,1021.3,1.5,13,7,1,17,51394.9,2009.0,Mixed
2016-01-17 14:00:00,Fox_lodging_Helen,395.63,17.8,2.0,1.1,1020.1,0.0,14,7,1,17,51394.9,2009.0,Mixed
2016-01-17 15:00:00,Fox_lodging_Helen,430.45,18.9,2.0,1.1,1019.7,1.5,15,7,1,17,51394.9,2009.0,Mixed
2016-01-17 16:00:00,Fox_lodging_Helen,471.82,19.4,2.0,1.1,1019.4,2.6,16,7,1,17,51394.9,2009.0,Mixed
2016-01-17 17:00:00,Fox_lodging_Helen,481.55,19.4,4.0,1.1,1019.5,2.6,17,7,1,17,51394.9,2009.0,Mixed
2016-01-17 18:00:00,Fox_lodging_Helen,473.67,17.2,4.0,2.2,1019.7,0.0,18,7,1,17,51394.9,2009.0,Mixed
2016-01-17 19:00:00,Fox_lodging_Helen,480.48,16.1,2.0,2.8,1020.0,0.0,19,7,1,17,51394.9,2009.0,Mixed
2016-01-17 20:00:00,Fox_lodging_Helen,469.48,14.4,2.0,3.3,1020.3,2.1,20,7,1,17,51394.9,2009.0,Mixed
2016-01-17 21:00:00,Fox_lodging_Helen,498.03,12.8,0.0,4.4,1020.7,2.6,21,7,1,17,51394.9,2009.0,Mixed
2016-01-17 22:00:00,Fox_lodging_Helen,503.47,12.2,0.0,4.4,1020.6,3.1,22,7,1,17,51394.9,2009.0,Mixed
2016-01-17 23:00:00,Fox_lodging_Helen,461.32,11.1,0.0,3.9,1020.5,2.6,23,7,1,17,51394.9,2009.0,Mixed
2016-01-18 00:00:00,Fox_lodging_Helen,441.13,10.6,0.0,4.4,1020.5,3.1,0,1,1,18,51394.9,2009.0,Mixed
2016-01-18 01:00:00,Fox_lodging_Helen,414.47,10.0,0.0,3.9,1020.1,3.1,1,1,1,18,51394.9,2009.0,Mixed
2016-01-18 02:00:00,Fox_lodging_Helen,396.05,8.9,0.0,3.9,1020.0,3.6,2,1,1,18,51394.9,2009.0,Mixed
2016-01-18 03:00:00,Fox_lodging_Helen,383.78,8.3,0.0,3.9,1020.0,2.6,3,1,1,18,51394.9,2009.0,Mixed
2016-01-18 04:00:00,Fox_lodging_Helen,357.52,8.3,2.0,3.3,1019.9,3.1,4,1,1,18,51394.9,2009.0,Mixed
2016-01-18 05:00:00,Fox_lodging_Helen,346.2,8.3,2.0,3.3,1019.7,2.1,5,1,1,18,51394.9,2009.0,Mixed
2016-01-18 06:00:00,Fox_lodging_Helen,338.93,8.3,2.0,2.8,1020.1,0.0,6,1,1,18,51394.9,2009.0,Mixed
2016-01-18 07:00:00,Fox_lodging_Helen,339.33,8.3,2.8,2.8,1020.8,2.1,7,1,1,18,51394.9,2009.0,Mixed
2016-01-18 08:00:00,Fox_lodging_Helen,346.97,8.3,3.6,2.2,1021.3,3.1,8,1,1,18,51394.9,2009.0,Mixed
2016-01-18 09:00:00,Fox_lodging_Helen,350.57,9.4,4.4,2.2,1021.3,2.6,9,1,1,18,51394.9,2009.0,Mixed
2016-01-18 10:00:00,Fox_lodging_Helen,396.47,12.2,4.4,0.6,1021.2,5.1,10,1,1,18,51394.9,2009.0,Mixed
2016-01-18 11:00:00,Fox_lodging_Helen,409.32,12.8,6.0,2.2,1021.6,2.6,11,1,1,18,51394.9,2009.0,Mixed
2016-01-18 12:00:00,Fox_lodging_Helen,420.48,15.6,6.0,1.7,1020.4,4.1,12,1,1,18,51394.9,2009.0,Mixed
2016-01-18 13:00:00,Fox_lodging_Helen,427.53,16.7,6.0,2.2,1018.5,3.1,13,1,1,18,51394.9,2009.0,Mixed
2016-01-18 14:00:00,Fox_lodging_Helen,466.07,18.9,6.0,1.7,1017.4,2.6,14,1,1,18,51394.9,2009.0,Mixed
2016-01-18 15:00:00,Fox_lodging_Helen,476.27,19.4,6.0,0.6,1017.1,0.0,15,1,1,18,51394.9,2009.0,Mixed
2016-01-18 16:00:00,Fox_lodging_Helen,505.92,19.4,6.0,0.0,1016.9,0.0,16,1,1,18,51394.9,2009.0,Mixed
2016-01-18 17:00:00,Fox_lodging_Helen,539.75,18.9,6.0,1.1,1017.1,0.0,17,1,1,18,51394.9,2009.0,Mixed
2016-01-18 18:00:00,Fox_lodging_Helen,530.45,17.8,5.0,1.1,1017.1,2.1,18,1,1,18,51394.9,2009.0,Mixed
2016-01-18 19:00:00,Fox_lodging_Helen,521.8,15.6,4.0,2.8,1017.7,2.1,19,1,1,18,51394.9,2009.0,Mixed
2016-01-18 20:00:00,Fox_lodging_Helen,523.43,14.4,3.0,2.8,1018.1,1.5,20,1,1,18,51394.9,2009.0,Mixed
2016-01-18 21:00:00,Fox_lodging_Helen,549.45,13.3,2.0,3.3,1018.1,0.0,21,1,1,18,51394.9,2009.0,Mixed
2016-01-18 22:00:00,Fox_lodging_Helen,533.95,15.0,4.0,2.8,1018.5,2.6,22,1,1,18,51394.9,2009.0,Mixed
2016-01-18 23:00:00,Fox_lodging_Helen,490.42,11.1,6.0,3.3,1019.5,0.0,23,1,1,18,51394.9,2009.0,Mixed
2016-01-19 00:00:00,Fox_lodging_Helen,458.92,11.1,2.0,3.3,1019.4,1.5,0,2,1,19,51394.9,2009.0,Mixed
2016-01-19 01:00:00,Fox_lodging_Helen,400.93,10.6,0.0,2.8,1019.0,0.0,1,2,1,19,51394.9,2009.0,Mixed
2016-01-19 02:00:00,Fox_lodging_Helen,392.27,9.4,0.0,3.3,1019.1,1.5,2,2,1,19,51394.9,2009.0,Mixed
2016-01-19 03:00:00,Fox_lodging_Helen,363.88,8.3,0.0,3.3,1019.4,3.1,3,2,1,19,51394.9,2009.0,Mixed
2016-01-19 04:00:00,Fox_lodging_Helen,346.28,7.8,0.0,2.8,1019.5,2.6,4,2,1,19,51394.9,2009.0,Mixed
2016-01-19 05:00:00,Fox_lodging_Helen,340.88,7.8,0.0,2.8,1019.7,2.1,5,2,1,19,51394.9,2009.0,Mixed
2016-01-19 06:00:00,Fox_lodging_Helen,342.57,7.8,0.0,2.8,1019.6,3.1,6,2,1,19,51394.9,2009.0,Mixed
2016-01-19 07:00:00,Fox_lodging_Helen,357.28,7.2,2.0,2.8,1020.4,2.1,7,2,1,19,51394.9,2009.0,Mixed
2016-01-19 08:00:00,Fox_lodging_Helen,416.97,7.2,4.0,2.2,1021.0,2.6,8,2,1,19,51394.9,2009.0,Mixed
2016-01-19 09:00:00,Fox_lodging_Helen,387.62,9.4,4.666666666666667,1.7,1021.4,1.5,9,2,1,19,51394.9,2009.0,Mixed
2016-01-19 10:00:00,Fox_lodging_Helen,376.88,13.3,5.333333333333333,1.1,1021.5,2.6,10,2,1,19,51394.9,2009.0,Mixed
2016-01-19 11:00:00,Fox_lodging_Helen,350.9,15.0,6.0,0.6,1022.3,2.1,11,2,1,19,51394.9,2009.0,Mixed
2016-01-19 12:00:00,Fox_lodging_Helen,386.23,17.2,6.0,0.6,1021.0,3.1,12,2,1,19,51394.9,2009.0,Mixed
2016-01-19 13:00:00,Fox_lodging_Helen,387.97,18.3,6.0,1.1,1019.7,2.1,13,2,1,19,51394.9,2009.0,Mixed
2016-01-19 14:00:00,Fox_lodging_Helen,409.53,18.9,6.0,0.6,1018.9,0.0,14,2,1,19,51394.9,2009.0,Mixed
2016-01-19 15:00:00,Fox_lodging_Helen,423.9,19.4,6.0,-0.6,1018.6,2.6,15,2,1,19,51394.9,2009.0,Mixed
2016-01-19 16:00:00,Fox_lodging_Helen,476.73,20.0,6.0,-0.6,1018.6,3.1,16,2,1,19,51394.9,2009.0,Mixed
2016-01-19 17:00:00,Fox_lodging_Helen,527.73,20.0,6.0,-0.6,1018.7,2.1,17,2,1,19,51394.9,2009.0,Mixed
2016-01-19 18:00:00,Fox_lodging_Helen,524.13,18.3,6.333333333333333,1.1,1018.8,0.0,18,2,1,19,51394.9,2009.0,Mixed
2016-01-19 19:00:00,Fox_lodging_Helen,515.42,17.8,6.666666666666667,1.7,1018.8,0.0,19,2,1,19,51394.9,2009.0,Mixed
2016-01-19 20:00:00,Fox_lodging_Helen,533.4,17.8,7.0,1.7,1019.2,0.0,20,2,1,19,51394.9,2009.0,Mixed
2016-01-19 21:00:00,Fox_lodging_Helen,554.42,17.2,7.0,1.7,1020.0,2.1,21,2,1,19,51394.9,2009.0,Mixed
2016-01-19 22:00:00,Fox_lodging_Helen,531.53,15.0,7.0,3.3,1020.5,2.1,22,2,1,19,51394.9,2009.0,Mixed
2016-01-19 23:00:00,Fox_lodging_Helen,507.83,16.1,8.0,2.2,1017.2,4.6,23,2,1,19,51394.9,2009.0,Mixed
2016-01-20 00:00:00,Fox_lodging_Helen,468.82,15.6,5.0,1.7,1019.9,2.6,0,3,1,20,51394.9,2009.0,Mixed
2016-01-20 01:00:00,Fox_lodging_Helen,411.92,12.8,2.0,3.3,1020.1,1.5,1,3,1,20,51394.9,2009.0,Mixed
2016-01-20 02:00:00,Fox_lodging_Helen,374.38,12.2,0.0,3.3,1019.6,1.5,2,3,1,20,51394.9,2009.0,Mixed
2016-01-20 03:00:00,Fox_lodging_Helen,353.27,11.1,0.0,3.9,1019.8,0.0,3,3,1,20,51394.9,2009.0,Mixed
2016-01-20 04:00:00,Fox_lodging_Helen,343.58,9.4,0.0,3.9,1019.9,1.5,4,3,1,20,51394.9,2009.0,Mixed
2016-01-20 05:00:00,Fox_lodging_Helen,342.23,10.0,0.0,3.9,1019.2,3.1,5,3,1,20,51394.9,2009.0,Mixed
2016-01-20 06:00:00,Fox_lodging_Helen,342.95,9.4,2.0,3.9,1019.9,1.5,6,3,1,20,51394.9,2009.0,Mixed
2016-01-20 07:00:00,Fox_lodging_Helen,371.73,9.4,2.0,3.9,1019.9,2.6,7,3,1,20,51394.9,2009.0,Mixed
2016-01-20 08:00:00,Fox_lodging_Helen,403.02,8.3,2.0,3.9,1020.3,2.6,8,3,1,20,51394.9,2009.0,Mixed
2016-01-20 09:00:00,Fox_lodging_Helen,391.57,10.6,2.0,3.9,1020.7,3.1,9,3,1,20,51394.9,2009.0,Mixed
2016-01-20 10:00:00,Fox_lodging_Helen,381.2,13.3,2.0,3.9,1021.4,2.6,10,3,1,20,51394.9,2009.0,Mixed
2016-01-20 11:00:00,Fox_lodging_Helen,389.72,15.6,2.0,3.3,1021.1,2.1,11,3,1,20,51394.9,2009.0,Mixed
2016-01-20 12:00:00,Fox_lodging_Helen,404.9,17.2,2.0,3.3,1020.7,0.0,12,3,1,20,51394.9,2009.0,Mixed
2016-01-20 13:00:00,Fox_lodging_Helen,427.87,18.3,2.0,2.8,1019.0,0.0,13,3,1,20,51394.9,2009.0,Mixed
2016-01-20 14:00:00,Fox_lodging_Helen,416.93,19.4,2.0,2.2,1018.4,2.1,14,3,1,20,51394.9,2009.0,Mixed
2016-01-20 15:00:00,Fox_lodging_Helen,452.17,20.0,2.0,2.2,1017.8,1.5,15,3,1,20,51394.9,2009.0,Mixed
2016-01-20 16:00:00,Fox_lodging_Helen,454.1,21.1,2.0,2.8,1017.5,3.1,16,3,1,20,51394.9,2009.0,Mixed
2016-01-20 17:00:00,Fox_lodging_Helen,473.88,20.6,2.0,3.3,1017.6,4.1,17,3,1,20,51394.9,2009.0,Mixed
2016-01-20 18:00:00,Fox_lodging_Helen,509.42,19.4,4.0,3.9,1017.8,2.6,18,3,1,20,51394.9,2009.0,Mixed
2016-01-20 19:00:00,Fox_lodging_Helen,524.83,17.8,4.0,3.9,1018.5,0.0,19,3,1,20,51394.9,2009.0,Mixed
2016-01-20 20:00:00,Fox_lodging_Helen,533.43,16.7,2.0,4.4,1019.4,1.5,20,3,1,20,51394.9,2009.0,Mixed
2016-01-20 21:00:00,Fox_lodging_Helen,515.5,15.6,0.0,5.0,1020.0,0.0,21,3,1,20,51394.9,2009.0,Mixed
2016-01-20 22:00:00,Fox_lodging_Helen,522.13,13.9,0.0,5.0,1020.6,1.5,22,3,1,20,51394.9,2009.0,Mixed
2016-01-20 23:00:00,Fox_lodging_Helen,511.3,13.3,0.0,5.0,1021.1,0.0,23,3,1,20,51394.9,2009.0,Mixed
2016-01-21 00:00:00,Fox_lodging_Helen,491.1,12.2,0.0,5.0,1021.7,3.1,0,4,1,21,51394.9,2009.0,Mixed
2016-01-21 01:00:00,Fox_lodging_Helen,410.47,11.7,0.0,5.0,1021.9,2.6,1,4,1,21,51394.9,2009.0,Mixed
2016-01-21 02:00:00,Fox_lodging_Helen,382.73,10.6,0.0,5.0,1022.2,1.5,2,4,1,21,51394.9,2009.0,Mixed
2016-01-21 03:00:00,Fox_lodging_Helen,358.62,11.7,0.0,5.0,1022.7,3.1,3,4,1,21,51394.9,2009.0,Mixed
2016-01-21 04:00:00,Fox_lodging_Helen,355.73,10.6,0.0,4.4,1022.5,2.6,4,4,1,21,51394.9,2009.0,Mixed
2016-01-21 05:00:00,Fox_lodging_Helen,348.05,10.6,0.0,3.9,1022.6,0.0,5,4,1,21,51394.9,2009.0,Mixed
2016-01-21 06:00:00,Fox_lodging_Helen,346.72,9.4,0.0,3.3,1023.2,0.0,6,4,1,21,51394.9,2009.0,Mixed
2016-01-21 07:00:00,Fox_lodging_Helen,363.48,8.9,2.0,2.2,1023.8,2.1,7,4,1,21,51394.9,2009.0,Mixed
2016-01-21 08:00:00,Fox_lodging_Helen,396.07,8.9,2.0,1.1,1024.3,0.0,8,4,1,21,51394.9,2009.0,Mixed
2016-01-21 09:00:00,Fox_lodging_Helen,386.5,11.7,4.0,-1.1,1024.8,2.1,9,4,1,21,51394.9,2009.0,Mixed
2016-01-21 10:00:00,Fox_lodging_Helen,379.83,15.0,4.0,-4.4,1025.7,2.6,10,4,1,21,51394.9,2009.0,Mixed
2016-01-21 11:00:00,Fox_lodging_Helen,368.4,17.2,6.0,-8.3,1025.8,8.8,11,4,1,21,51394.9,2009.0,Mixed
2016-01-21 12:00:00,Fox_lodging_Helen,372.22,18.3,6.0,-8.3,1024.9,4.1,12,4,1,21,51394.9,2009.0,Mixed
2016-01-21 13:00:00,Fox_lodging_Helen,389.17,19.4,6.0,-8.3,1023.8,2.1,13,4,1,21,51394.9,2009.0,Mixed
2016-01-21 14:00:00,Fox_lodging_Helen,392.18,20.6,6.0,-8.9,1022.7,2.6,14,4,1,21,51394.9,2009.0,Mixed
2016-01-21 15:00:00,Fox_lodging_Helen,432.32,21.1,6.0,-10.6,1021.8,2.6,15,4,1,21,51394.9,2009.0,Mixed
2016-01-21 16:00:00,Fox_lodging_Helen,472.07,21.1,6.0,-9.4,1021.3,3.1,16,4,1,21,51394.9,2009.0,Mixed
2016-01-21 17:00:00,Fox_lodging_Helen,467.65,21.1,6.0,-9.4,1021.4,2.1,17,4,1,21,51394.9,2009.0,Mixed
2016-01-21 18:00:00,Fox_lodging_Helen,497.77,20.6,5.5,-8.9,1021.6,2.1,18,4,1,21,51394.9,2009.0,Mixed
2016-01-21 19:00:00,Fox_lodging_Helen,499.35,17.2,5.0,-5.6,1022.0,3.1,19,4,1,21,51394.9,2009.0,Mixed
2016-01-21 20:00:00,Fox_lodging_Helen,517.28,15.6,4.5,-5.6,1022.0,2.6,20,4,1,21,51394.9,2009.0,Mixed
2016-01-21 21:00:00,Fox_lodging_Helen,512.8,13.9,4.0,-3.9,1021.8,0.0,21,4,1,21,51394.9,2009.0,Mixed
2016-01-21 22:00:00,Fox_lodging_Helen,498.42,13.3,5.0,-3.9,1022.1,0.0,22,4,1,21,51394.9,2009.0,Mixed
2016-01-21 23:00:00,Fox_lodging_Helen,475.48,12.2,6.0,-2.2,1021.9,0.0,23,4,1,21,51394.9,2009.0,Mixed
2016-01-22 00:00:00,Fox_lodging_Helen,454.3,11.7,6.0,-2.8,1022.0,0.0,0,5,1,22,51394.9,2009.0,Mixed
2016-01-22 01:00:00,Fox_lodging_Helen,421.05,11.1,6.0,-2.2,1021.5,0.0,1,5,1,22,51394.9,2009.0,Mixed
2016-01-22 02:00:00,Fox_lodging_Helen,386.18,11.7,6.0,-3.3,1021.1,0.0,2,5,1,22,51394.9,2009.0,Mixed
2016-01-22 03:00:00,Fox_lodging_Helen,372.52,11.1,6.0,-3.3,1020.8,1.5,3,5,1,22,51394.9,2009.0,Mixed
2016-01-22 04:00:00,Fox_lodging_Helen,352.53,11.7,6.0,-4.4,1020.6,0.0,4,5,1,22,51394.9,2009.0,Mixed
2016-01-22 05:00:00,Fox_lodging_Helen,349.63,11.1,6.0,-2.2,1020.8,1.5,5,5,1,22,51394.9,2009.0,Mixed
2016-01-22 06:00:00,Fox_lodging_Helen,342.4,9.4,5.0,-2.2,1020.5,0.0,6,5,1,22,51394.9,2009.0,Mixed
2016-01-22 07:00:00,Fox_lodging_Helen,359.13,9.4,4.0,-2.8,1021.4,0.0,7,5,1,22,51394.9,2009.0,Mixed
2016-01-22 08:00:00,Fox_lodging_Helen,394.87,9.4,4.0,-1.7,1022.1,1.5,8,5,1,22,51394.9,2009.0,Mixed
2016-01-22 09:00:00,Fox_lodging_Helen,400.42,11.7,4.666666666666667,-0.6,1022.1,0.0,9,5,1,22,51394.9,2009.0,Mixed
2016-01-22 10:00:00,Fox_lodging_Helen,395.8,14.4,5.333333333333333,-3.9,1022.1,0.0,10,5,1,22,51394.9,2009.0,Mixed
2016-01-22 11:00:00,Fox_lodging_Helen,389.92,18.9,6.0,-8.9,1021.7,5.7,11,5,1,22,51394.9,2009.0,Mixed
2016-01-22 12:00:00,Fox_lodging_Helen,409.93,20.6,6.0,-8.9,1020.7,5.1,12,5,1,22,51394.9,2009.0,Mixed
2016-01-22 13:00:00,Fox_lodging_Helen,431.7,21.1,6.0,-8.9,1019.1,3.6,13,5,1,22,51394.9,2009.0,Mixed
2016-01-22 14:00:00,Fox_lodging_Helen,450.58,22.8,6.0,-9.4,1017.9,3.1,14,5,1,22,51394.9,2009.0,Mixed
2016-01-22 15:00:00,Fox_lodging_Helen,467.95,23.3,6.0,-9.4,1017.2,2.1,15,5,1,22,51394.9,2009.0,Mixed
2016-01-22 16:00:00,Fox_lodging_Helen,465.7,23.9,6.0,-9.4,1016.6,2.1,16,5,1,22,51394.9,2009.0,Mixed
2016-01-22 17:00:00,Fox_lodging_Helen,483.47,23.3,6.0,-8.9,1016.4,1.5,17,5,1,22,51394.9,2009.0,Mixed
2016-01-22 18:00:00,Fox_lodging_Helen,479.2,22.2,6.0,-6.7,1016.6,0.0,18,5,1,22,51394.9,2009.0,Mixed
2016-01-22 19:00:00,Fox_lodging_Helen,460.72,19.4,6.0,-4.4,1016.9,0.0,19,5,1,22,51394.9,2009.0,Mixed
2016-01-22 20:00:00,Fox_lodging_Helen,452.82,18.3,6.0,-3.9,1017.1,0.0,20,5,1,22,51394.9,2009.0,Mixed
2016-01-22 21:00:00,Fox_lodging_Helen,456.13,16.1,6.0,-1.7,1016.9,1.5,21,5,1,22,51394.9,2009.0,Mixed
2016-01-22 22:00:00,Fox_lodging_Helen,475.67,16.1,6.0,-2.2,1017.1,1.5,22,5,1,22,51394.9,2009.0,Mixed
2016-01-22 23:00:00,Fox_lodging_Helen,437.78,15.6,6.0,-3.3,1017.0,0.0,23,5,1,22,51394.9,2009.0,Mixed
2016-01-23 00:00:00,Fox_lodging_Helen,431.65,13.9,6.0,-2.2,1016.7,0.0,0,6,1,23,51394.9,2009.0,Mixed
2016-01-23 01:00:00,Fox_lodging_Helen,425.08,12.2,6.0,-1.1,1016.0,1.5,1,6,1,23,51394.9,2009.0,Mixed
2016-01-23 02:00:00,Fox_lodging_Helen,367.95,12.2,6.0,-2.2,1015.6,2.1,2,6,1,23,51394.9,2009.0,Mixed
2016-01-23 03:00:00,Fox_lodging_Helen,350.8,11.1,6.0,0.0,1015.3,0.0,3,6,1,23,51394.9,2009.0,Mixed
2016-01-23 04:00:00,Fox_lodging_Helen,339.4,13.3,6.0,-3.9,1015.0,3.6,4,6,1,23,51394.9,2009.0,Mixed
2016-01-23 05:00:00,Fox_lodging_Helen,329.75,11.7,6.0,-2.8,1015.1,2.1,5,6,1,23,51394.9,2009.0,Mixed
2016-01-23 06:00:00,Fox_lodging_Helen,329.78,12.8,6.0,-3.9,1014.9,2.6,6,6,1,23,51394.9,2009.0,Mixed
2016-01-23 07:00:00,Fox_lodging_Helen,333.95,11.7,6.0,-3.3,1015.2,0.0,7,6,1,23,51394.9,2009.0,Mixed
2016-01-23 08:00:00,Fox_lodging_Helen,349.82,10.6,6.0,-2.2,1015.4,2.6,8,6,1,23,51394.9,2009.0,Mixed
2016-01-23 09:00:00,Fox_lodging_Helen,333.03,11.1,6.0,-2.2,1015.5,4.1,9,6,1,23,51394.9,2009.0,Mixed
2016-01-23 10:00:00,Fox_lodging_Helen,356.88,15.0,6.0,-2.2,1015.9,3.6,10,6,1,23,51394.9,2009.0,Mixed
2016-01-23 11:00:00,Fox_lodging_Helen,358.8,17.8,6.0,-4.4,1015.4,3.6,11,6,1,23,51394.9,2009.0,Mixed
2016-01-23 12:00:00,Fox_lodging_Helen,354.45,19.4,6.333333333333333,-5.0,1014.5,2.6,12,6,1,23,51394.9,2009.0,Mixed
2016-01-23 13:00:00,Fox_lodging_Helen,393.75,21.1,6.666666666666667,-6.7,1013.1,1.5,13,6,1,23,51394.9,2009.0,Mixed
2016-01-23 14:00:00,Fox_lodging_Helen,448.73,22.2,7.0,-6.7,1011.5,2.1,14,6,1,23,51394.9,2009.0,Mixed
2016-01-23 15:00:00,Fox_lodging_Helen,434.9,22.2,7.0,-6.7,1011.1,2.6,15,6,1,23,51394.9,2009.0,Mixed
2016-01-23 16:00:00,Fox_lodging_Helen,471.5,22.2,7.0,-5.6,1010.9,4.6,16,6,1,23,51394.9,2009.0,Mixed
2016-01-23 17:00:00,Fox_lodging_Helen,480.43,21.1,8.0,-5.6,1010.7,2.1,17,6,1,23,51394.9,2009.0,Mixed
2016-01-23 18:00:00,Fox_lodging_Helen,482.48,19.4,8.0,-4.4,1010.3,1.5,18,6,1,23,51394.9,2009.0,Mixed
2016-01-23 19:00:00,Fox_lodging_Helen,475.7,17.2,8.0,-1.7,1010.7,2.6,19,6,1,23,51394.9,2009.0,Mixed
2016-01-23 20:00:00,Fox_lodging_Helen,496.15,17.8,8.0,-3.3,1011.2,3.6,20,6,1,23,51394.9,2009.0,Mixed
2016-01-23 21:00:00,Fox_lodging_Helen,483.03,17.8,8.0,-3.3,1011.3,2.6,21,6,1,23,51394.9,2009.0,Mixed
2016-01-23 22:00:00,Fox_lodging_Helen,479.38,15.6,8.0,-1.7,1010.8,0.0,22,6,1,23,51394.9,2009.0,Mixed
2016-01-23 23:00:00,Fox_lodging_Helen,443.55,14.4,8.0,-1.1,1011.3,0.0,23,6,1,23,51394.9,2009.0,Mixed
2016-01-24 00:00:00,Fox_lodging_Helen,428.48,13.3,5.0,-0.6,1011.3,2.6,0,7,1,24,51394.9,2009.0,Mixed
2016-01-24 01:00:00,Fox_lodging_Helen,393.78,11.7,2.0,0.6,1011.1,0.0,1,7,1,24,51394.9,2009.0,Mixed
2016-01-24 02:00:00,Fox_lodging_Helen,368.92,11.7,0.0,0.6,1010.9,3.1,2,7,1,24,51394.9,2009.0,Mixed
2016-01-24 03:00:00,Fox_lodging_Helen,361.35,10.6,0.0,0.6,1010.7,2.6,3,7,1,24,51394.9,2009.0,Mixed
2016-01-24 04:00:00,Fox_lodging_Helen,341.1,9.4,0.0,1.7,1011.2,2.6,4,7,1,24,51394.9,2009.0,Mixed
2016-01-24 05:00:00,Fox_lodging_Helen,332.38,9.4,0.0,1.1,1011.8,1.5,5,7,1,24,51394.9,2009.0,Mixed
2016-01-24 06:00:00,Fox_lodging_Helen,332.95,8.9,2.0,1.1,1011.7,2.1,6,7,1,24,51394.9,2009.0,Mixed
2016-01-24 07:00:00,Fox_lodging_Helen,335.65,7.8,2.0,0.6,1012.4,3.1,7,7,1,24,51394.9,2009.0,Mixed
2016-01-24 08:00:00,Fox_lodging_Helen,362.05,7.2,2.0,0.6,1013.6,0.0,8,7,1,24,51394.9,2009.0,Mixed
2016-01-24 09:00:00,Fox_lodging_Helen,377.78,10.6,2.0,0.0,1014.3,0.0,9,7,1,24,51394.9,2009.0,Mixed
2016-01-24 10:00:00,Fox_lodging_Helen,353.17,12.8,2.0,-0.6,1014.8,0.0,10,7,1,24,51394.9,2009.0,Mixed
2016-01-24 11:00:00,Fox_lodging_Helen,380.23,14.4,2.0,-1.7,1015.1,3.1,11,7,1,24,51394.9,2009.0,Mixed
2016-01-24 12:00:00,Fox_lodging_Helen,387.43,16.7,2.0,-1.1,1015.0,4.1,12,7,1,24,51394.9,2009.0,Mixed
2016-01-24 13:00:00,Fox_lodging_Helen,385.48,17.8,2.0,-2.8,1014.4,4.1,13,7,1,24,51394.9,2009.0,Mixed
2016-01-24 14:00:00,Fox_lodging_Helen,401.55,18.3,2.0,-3.3,1013.7,4.6,14,7,1,24,51394.9,2009.0,Mixed
2016-01-24 15:00:00,Fox_lodging_Helen,415.13,18.3,2.0,-2.8,1013.4,4.6,15,7,1,24,51394.9,2009.0,Mixed
2016-01-24 16:00:00,Fox_lodging_Helen,440.75,18.3,2.0,-3.3,1013.3,4.1,16,7,1,24,51394.9,2009.0,Mixed
2016-01-24 17:00:00,Fox_lodging_Helen,473.55,19.4,0.0,-3.9,1013.4,4.6,17,7,1,24,51394.9,2009.0,Mixed
2016-01-24 18:00:00,Fox_lodging_Helen,482.8,17.8,0.0,-3.3,1013.5,2.1,18,7,1,24,51394.9,2009.0,Mixed
2016-01-24 19:00:00,Fox_lodging_Helen,483.22,16.1,0.0,-3.3,1013.9,2.1,19,7,1,24,51394.9,2009.0,Mixed
2016-01-24 20:00:00,Fox_lodging_Helen,512.15,15.6,0.0,-2.8,1014.4,2.1,20,7,1,24,51394.9,2009.0,Mixed
2016-01-24 21:00:00,Fox_lodging_Helen,518.28,13.3,2.0,-1.7,1014.6,0.0,21,7,1,24,51394.9,2009.0,Mixed
2016-01-24 22:00:00,Fox_lodging_Helen,509.68,12.8,4.0,-1.7,1014.7,1.5,22,7,1,24,51394.9,2009.0,Mixed
2016-01-24 23:00:00,Fox_lodging_Helen,508.83,12.2,4.0,-1.1,1015.3,0.0,23,7,1,24,51394.9,2009.0,Mixed
2016-01-25 00:00:00,Fox_lodging_Helen,457.65,11.1,4.0,-0.6,1015.4,3.1,0,1,1,25,51394.9,2009.0,Mixed
2016-01-25 01:00:00,Fox_lodging_Helen,388.05,10.6,4.4,0.0,1015.5,2.6,1,1,1,25,51394.9,2009.0,Mixed
2016-01-25 02:00:00,Fox_lodging_Helen,368.18,10.0,4.8,0.0,1015.4,3.1,2,1,1,25,51394.9,2009.0,Mixed
2016-01-25 03:00:00,Fox_lodging_Helen,342.18,10.0,5.2,0.0,1015.3,2.1,3,1,1,25,51394.9,2009.0,Mixed
2016-01-25 04:00:00,Fox_lodging_Helen,329.17,9.4,5.2,0.6,1015.3,1.5,4,1,1,25,51394.9,2009.0,Mixed
2016-01-25 05:00:00,Fox_lodging_Helen,325.62,8.9,6.0,0.0,1015.4,2.1,5,1,1,25,51394.9,2009.0,Mixed
2016-01-25 06:00:00,Fox_lodging_Helen,338.07,9.4,5.5,-0.6,1015.9,2.1,6,1,1,25,51394.9,2009.0,Mixed
2016-01-25 07:00:00,Fox_lodging_Helen,351.92,9.4,5.0,0.0,1016.2,2.1,7,1,1,25,51394.9,2009.0,Mixed
2016-01-25 08:00:00,Fox_lodging_Helen,370.97,9.4,4.5,-0.6,1017.0,2.1,8,1,1,25,51394.9,2009.0,Mixed
2016-01-25 09:00:00,Fox_lodging_Helen,393.07,10.0,4.0,0.6,1017.3,2.1,9,1,1,25,51394.9,2009.0,Mixed
2016-01-25 10:00:00,Fox_lodging_Helen,388.48,11.7,4.0,0.0,1017.7,1.5,10,1,1,25,51394.9,2009.0,Mixed
2016-01-25 11:00:00,Fox_lodging_Helen,362.55,13.3,2.0,-0.6,1017.9,0.0,11,1,1,25,51394.9,2009.0,Mixed
2016-01-25 12:00:00,Fox_lodging_Helen,369.15,16.7,2.0,-1.7,1017.4,2.1,12,1,1,25,51394.9,2009.0,Mixed
2016-01-25 13:00:00,Fox_lodging_Helen,378.38,17.2,4.0,-2.2,1016.4,2.1,13,1,1,25,51394.9,2009.0,Mixed
2016-01-25 14:00:00,Fox_lodging_Helen,425.87,17.8,4.0,-2.8,1015.6,0.0,14,1,1,25,51394.9,2009.0,Mixed
2016-01-25 15:00:00,Fox_lodging_Helen,420.28,18.3,2.0,-2.8,1014.9,1.5,15,1,1,25,51394.9,2009.0,Mixed
2016-01-25 16:00:00,Fox_lodging_Helen,463.85,19.4,2.0,-2.8,1014.7,1.5,16,1,1,25,51394.9,2009.0,Mixed
2016-01-25 17:00:00,Fox_lodging_Helen,485.6,18.9,2.0,-2.2,1014.8,3.1,17,1,1,25,51394.9,2009.0,Mixed
2016-01-25 18:00:00,Fox_lodging_Helen,514.1,17.2,0.0,-2.2,1015.2,2.6,18,1,1,25,51394.9,2009.0,Mixed
2016-01-25 19:00:00,Fox_lodging_Helen,499.67,16.1,0.0,-2.8,1015.7,1.5,19,1,1,25,51394.9,2009.0,Mixed
2016-01-25 20:00:00,Fox_lodging_Helen,522.12,15.0,0.0,-2.2,1016.2,0.0,20,1,1,25,51394.9,2009.0,Mixed
2016-01-25 21:00:00,Fox_lodging_Helen,536.45,15.0,0.0,-2.2,1016.9,0.0,21,1,1,25,51394.9,2009.0,Mixed
2016-01-25 22:00:00,Fox_lodging_Helen,515.85,13.3,2.0,-1.1,1017.9,4.1,22,1,1,25,51394.9,2009.0,Mixed
2016-01-25 23:00:00,Fox_lodging_Helen,485.45,14.4,4.0,-7.8,1018.4,5.7,23,1,1,25,51394.9,2009.0,Mixed
2016-01-26 00:00:00,Fox_lodging_Helen,461.63,12.8,4.0,-6.7,1018.7,4.1,0,2,1,26,51394.9,2009.0,Mixed
2016-01-26 01:00:00,Fox_lodging_Helen,408.2,12.2,4.0,-6.1,1019.0,2.1,1,2,1,26,51394.9,2009.0,Mixed
2016-01-26 02:00:00,Fox_lodging_Helen,363.03,11.1,4.0,-5.6,1019.7,1.5,2,2,1,26,51394.9,2009.0,Mixed
2016-01-26 03:00:00,Fox_lodging_Helen,344.2,10.6,4.0,-5.6,1020.0,0.0,3,2,1,26,51394.9,2009.0,Mixed
2016-01-26 04:00:00,Fox_lodging_Helen,331.45,9.4,4.0,-5.6,1020.1,1.5,4,2,1,26,51394.9,2009.0,Mixed
2016-01-26 05:00:00,Fox_lodging_Helen,327.47,9.4,2.0,-6.1,1020.5,2.1,5,2,1,26,51394.9,2009.0,Mixed
2016-01-26 06:00:00,Fox_lodging_Helen,332.7,9.4,2.0,-7.2,1021.4,2.1,6,2,1,26,51394.9,2009.0,Mixed
2016-01-26 07:00:00,Fox_lodging_Helen,351.77,6.1,2.0,-3.3,1022.0,0.0,7,2,1,26,51394.9,2009.0,Mixed
2016-01-26 08:00:00,Fox_lodging_Helen,395.45,6.1,2.0,-3.3,1022.8,1.5,8,2,1,26,51394.9,2009.0,Mixed
2016-01-26 09:00:00,Fox_lodging_Helen,381.18,9.4,2.0,-5.6,1023.7,2.1,9,2,1,26,51394.9,2009.0,Mixed
2016-01-26 10:00:00,Fox_lodging_Helen,349.72,12.8,0.0,-7.8,1024.4,2.1,10,2,1,26,51394.9,2009.0,Mixed
2016-01-26 11:00:00,Fox_lodging_Helen,336.15,15.0,0.0,-10.0,1024.4,2.6,11,2,1,26,51394.9,2009.0,Mixed
2016-01-26 12:00:00,Fox_lodging_Helen,356.07,16.1,0.0,-10.0,1024.2,2.1,12,2,1,26,51394.9,2009.0,Mixed
2016-01-26 13:00:00,Fox_lodging_Helen,359.78,17.2,0.0,-11.7,1022.8,2.1,13,2,1,26,51394.9,2009.0,Mixed
2016-01-26 14:00:00,Fox_lodging_Helen,371.57,18.9,2.0,-13.9,1021.8,3.6,14,2,1,26,51394.9,2009.0,Mixed
2016-01-26 15:00:00,Fox_lodging_Helen,394.97,19.4,2.0,-13.9,1021.0,4.1,15,2,1,26,51394.9,2009.0,Mixed
2016-01-26 16:00:00,Fox_lodging_Helen,412.98,20.0,2.0,-12.8,1020.3,2.6,16,2,1,26,51394.9,2009.0,Mixed
2016-01-26 17:00:00,Fox_lodging_Helen,483.25,20.0,4.0,-12.8,1020.2,1.5,17,2,1,26,51394.9,2009.0,Mixed
2016-01-26 18:00:00,Fox_lodging_Helen,501.03,18.9,3.3333333333333335,-12.8,1020.6,3.6,18,2,1,26,51394.9,2009.0,Mixed
2016-01-26 19:00:00,Fox_lodging_Helen,506.63,17.8,2.666666666666667,-11.7,1021.6,3.6,19,2,1,26,51394.9,2009.0,Mixed
2016-01-26 20:00:00,Fox_lodging_Helen,486.83,13.9,2.0,-8.9,1022.4,2.1,20,2,1,26,51394.9,2009.0,Mixed
2016-01-26 21:00:00,Fox_lodging_Helen,524.38,16.1,0.0,-11.1,1022.6,3.1,21,2,1,26,51394.9,2009.0,Mixed
2016-01-26 22:00:00,Fox_lodging_Helen,502.62,16.1,0.0,-13.3,1022.7,3.1,22,2,1,26,51394.9,2009.0,Mixed
2016-01-26 23:00:00,Fox_lodging_Helen,502.85,16.1,0.0,-12.2,1023.0,3.6,23,2,1,26,51394.9,2009.0,Mixed
2016-01-27 00:00:00,Fox_lodging_Helen,458.65,15.0,0.0,-11.7,1023.2,0.0,0,3,1,27,51394.9,2009.0,Mixed
2016-01-27 01:00:00,Fox_lodging_Helen,400.82,12.2,0.0,-9.4,1023.3,1.5,1,3,1,27,51394.9,2009.0,Mixed
2016-01-27 02:00:00,Fox_lodging_Helen,367.55,10.6,0.0,-8.9,1023.4,1.5,2,3,1,27,51394.9,2009.0,Mixed
2016-01-27 03:00:00,Fox_lodging_Helen,354.13,8.3,0.0,-6.7,1023.8,2.6,3,3,1,27,51394.9,2009.0,Mixed
2016-01-27 04:00:00,Fox_lodging_Helen,328.63,8.3,0.0,-6.7,1024.0,0.0,4,3,1,27,51394.9,2009.0,Mixed
2016-01-27 05:00:00,Fox_lodging_Helen,329.28,7.8,0.0,-6.1,1024.3,2.6,5,3,1,27,51394.9,2009.0,Mixed
2016-01-27 06:00:00,Fox_lodging_Helen,338.9,7.2,0.0,-6.1,1024.5,2.1,6,3,1,27,51394.9,2009.0,Mixed
2016-01-27 07:00:00,Fox_lodging_Helen,351.65,8.3,0.0,-6.7,1024.8,1.5,7,3,1,27,51394.9,2009.0,Mixed
2016-01-27 08:00:00,Fox_lodging_Helen,380.58,10.6,2.0,-8.3,1025.7,2.6,8,3,1,27,51394.9,2009.0,Mixed
2016-01-27 09:00:00,Fox_lodging_Helen,381.27,12.2,2.0,-8.3,1026.0,2.1,9,3,1,27,51394.9,2009.0,Mixed
2016-01-27 10:00:00,Fox_lodging_Helen,370.82,15.0,2.0,-8.9,1026.2,3.1,10,3,1,27,51394.9,2009.0,Mixed
2016-01-27 11:00:00,Fox_lodging_Helen,357.5,16.1,2.0,-10.6,1026.2,4.6,11,3,1,27,51394.9,2009.0,Mixed
2016-01-27 12:00:00,Fox_lodging_Helen,363.62,18.3,2.0,-11.1,1025.2,4.1,12,3,1,27,51394.9,2009.0,Mixed
2016-01-27 13:00:00,Fox_lodging_Helen,380.15,18.9,2.0,-11.1,1024.0,3.1,13,3,1,27,51394.9,2009.0,Mixed
2016-01-27 14:00:00,Fox_lodging_Helen,403.8,20.0,2.0,-12.8,1022.4,2.1,14,3,1,27,51394.9,2009.0,Mixed
2016-01-27 15:00:00,Fox_lodging_Helen,400.35,20.6,2.0,-12.8,1021.9,2.6,15,3,1,27,51394.9,2009.0,Mixed
2016-01-27 16:00:00,Fox_lodging_Helen,428.3,21.1,4.0,-12.2,1021.6,3.1,16,3,1,27,51394.9,2009.0,Mixed
2016-01-27 17:00:00,Fox_lodging_Helen,454.92,20.6,4.0,-11.1,1021.3,2.6,17,3,1,27,51394.9,2009.0,Mixed
2016-01-27 18:00:00,Fox_lodging_Helen,486.08,20.0,4.0,-10.6,1021.4,3.1,18,3,1,27,51394.9,2009.0,Mixed
2016-01-27 19:00:00,Fox_lodging_Helen,490.35,17.2,4.0,-8.3,1021.8,1.5,19,3,1,27,51394.9,2009.0,Mixed
2016-01-27 20:00:00,Fox_lodging_Helen,479.18,17.2,0.0,-8.3,1021.8,2.1,20,3,1,27,51394.9,2009.0,Mixed
2016-01-27 21:00:00,Fox_lodging_Helen,517.17,16.7,0.0,-7.8,1021.8,1.5,21,3,1,27,51394.9,2009.0,Mixed
2016-01-27 22:00:00,Fox_lodging_Helen,520.22,14.4,0.0,-6.7,1022.0,0.0,22,3,1,27,51394.9,2009.0,Mixed
2016-01-27 23:00:00,Fox_lodging_Helen,483.58,12.8,2.0,-5.0,1022.5,0.0,23,3,1,27,51394.9,2009.0,Mixed
2016-01-28 00:00:00,Fox_lodging_Helen,461.3,11.7,2.0,-3.9,1022.3,3.1,0,4,1,28,51394.9,2009.0,Mixed
2016-01-28 01:00:00,Fox_lodging_Helen,432.57,10.0,0.0,-3.3,1022.0,1.5,1,4,1,28,51394.9,2009.0,Mixed
2016-01-28 02:00:00,Fox_lodging_Helen,374.87,10.0,0.0,-3.3,1022.1,1.5,2,4,1,28,51394.9,2009.0,Mixed
2016-01-28 03:00:00,Fox_lodging_Helen,340.87,10.0,0.0,-3.9,1022.3,0.0,3,4,1,28,51394.9,2009.0,Mixed
2016-01-28 04:00:00,Fox_lodging_Helen,330.92,7.8,0.0,-1.7,1022.2,0.0,4,4,1,28,51394.9,2009.0,Mixed
2016-01-28 05:00:00,Fox_lodging_Helen,329.35,8.3,2.0,-2.8,1022.0,2.6,5,4,1,28,51394.9,2009.0,Mixed
2016-01-28 06:00:00,Fox_lodging_Helen,327.78,9.4,2.6666666666666665,-3.3,1021.8,3.1,6,4,1,28,51394.9,2009.0,Mixed
2016-01-28 07:00:00,Fox_lodging_Helen,346.43,9.4,3.333333333333333,-3.9,1022.3,4.1,7,4,1,28,51394.9,2009.0,Mixed
2016-01-28 08:00:00,Fox_lodging_Helen,389.23,9.4,4.0,-3.3,1022.8,2.6,8,4,1,28,51394.9,2009.0,Mixed
2016-01-28 09:00:00,Fox_lodging_Helen,367.73,11.1,4.0,-3.3,1022.7,3.6,9,4,1,28,51394.9,2009.0,Mixed
2016-01-28 10:00:00,Fox_lodging_Helen,352.47,12.8,4.0,-3.3,1022.9,3.1,10,4,1,28,51394.9,2009.0,Mixed
2016-01-28 11:00:00,Fox_lodging_Helen,353.62,15.6,6.0,-5.0,1022.8,2.1,11,4,1,28,51394.9,2009.0,Mixed
2016-01-28 12:00:00,Fox_lodging_Helen,357.97,17.8,6.0,-5.0,1021.8,1.5,12,4,1,28,51394.9,2009.0,Mixed
2016-01-28 13:00:00,Fox_lodging_Helen,376.43,18.9,6.0,-6.1,1020.2,1.5,13,4,1,28,51394.9,2009.0,Mixed
2016-01-28 14:00:00,Fox_lodging_Helen,364.17,20.0,6.0,-7.2,1018.9,0.0,14,4,1,28,51394.9,2009.0,Mixed
2016-01-28 15:00:00,Fox_lodging_Helen,381.25,20.6,6.0,-7.2,1017.9,0.0,15,4,1,28,51394.9,2009.0,Mixed
2016-01-28 16:00:00,Fox_lodging_Helen,439.93,21.7,6.0,-7.8,1017.1,1.5,16,4,1,28,51394.9,2009.0,Mixed
2016-01-28 17:00:00,Fox_lodging_Helen,498.03,22.2,6.0,-6.7,1016.8,2.6,17,4,1,28,51394.9,2009.0,Mixed
2016-01-28 18:00:00,Fox_lodging_Helen,476.97,20.6,5.0,-6.1,1017.0,2.6,18,4,1,28,51394.9,2009.0,Mixed
2016-01-28 19:00:00,Fox_lodging_Helen,474.68,20.0,4.0,-6.7,1017.2,2.1,19,4,1,28,51394.9,2009.0,Mixed
2016-01-28 20:00:00,Fox_lodging_Helen,485.05,16.7,4.0,-3.9,1017.6,1.5,20,4,1,28,51394.9,2009.0,Mixed
2016-01-28 21:00:00,Fox_lodging_Helen,502.8,16.1,2.0,-3.3,1017.7,1.5,21,4,1,28,51394.9,2009.0,Mixed
2016-01-28 22:00:00,Fox_lodging_Helen,503.78,14.4,2.0,-2.8,1017.9,1.5,22,4,1,28,51394.9,2009.0,Mixed
2016-01-28 23:00:00,Fox_lodging_Helen,462.7,11.7,2.0,-0.6,1018.8,1.5,23,4,1,28,51394.9,2009.0,Mixed
2016-01-29 00:00:00,Fox_lodging_Helen,429.33,10.6,0.0,-1.7,1019.2,2.1,0,5,1,29,51394.9,2009.0,Mixed
2016-01-29 01:00:00,Fox_lodging_Helen,390.93,11.7,0.0,-1.7,1018.3,2.1,1,5,1,29,51394.9,2009.0,Mixed
2016-01-29 02:00:00,Fox_lodging_Helen,361.75,10.0,4.0,-1.1,1017.6,3.6,2,5,1,29,51394.9,2009.0,Mixed
2016-01-29 03:00:00,Fox_lodging_Helen,343.82,10.6,2.0,-1.1,1017.2,3.1,3,5,1,29,51394.9,2009.0,Mixed
2016-01-29 04:00:00,Fox_lodging_Helen,327.07,8.9,2.0,-0.6,1017.0,3.6,4,5,1,29,51394.9,2009.0,Mixed
2016-01-29 05:00:00,Fox_lodging_Helen,326.08,8.9,4.0,-1.1,1016.7,4.6,5,5,1,29,51394.9,2009.0,Mixed
2016-01-29 06:00:00,Fox_lodging_Helen,322.8,9.4,2.0,-1.7,1017.0,3.6,6,5,1,29,51394.9,2009.0,Mixed
2016-01-29 07:00:00,Fox_lodging_Helen,330.77,8.9,2.5,-1.7,1017.8,1.5,7,5,1,29,51394.9,2009.0,Mixed
2016-01-29 08:00:00,Fox_lodging_Helen,356.0,8.3,3.0,-1.1,1018.4,0.0,8,5,1,29,51394.9,2009.0,Mixed
2016-01-29 09:00:00,Fox_lodging_Helen,352.73,10.6,3.5,-1.1,1018.0,2.6,9,5,1,29,51394.9,2009.0,Mixed
2016-01-29 10:00:00,Fox_lodging_Helen,346.88,12.8,4.0,-1.7,1018.1,3.6,10,5,1,29,51394.9,2009.0,Mixed
2016-01-29 11:00:00,Fox_lodging_Helen,355.28,16.1,2.0,-2.8,1018.2,3.6,11,5,1,29,51394.9,2009.0,Mixed
2016-01-29 12:00:00,Fox_lodging_Helen,399.3,17.8,2.6666666666666665,-2.8,1017.5,2.1,12,5,1,29,51394.9,2009.0,Mixed
2016-01-29 13:00:00,Fox_lodging_Helen,411.28,18.3,3.333333333333333,-3.3,1016.3,0.0,13,5,1,29,51394.9,2009.0,Mixed
2016-01-29 14:00:00,Fox_lodging_Helen,434.95,19.4,4.0,-3.3,1015.5,1.5,14,5,1,29,51394.9,2009.0,Mixed
2016-01-29 15:00:00,Fox_lodging_Helen,474.25,20.6,4.0,-3.9,1014.6,0.0,15,5,1,29,51394.9,2009.0,Mixed
2016-01-29 16:00:00,Fox_lodging_Helen,476.52,21.1,4.0,-3.9,1013.6,2.1,16,5,1,29,51394.9,2009.0,Mixed
2016-01-29 17:00:00,Fox_lodging_Helen,468.58,21.7,6.0,-3.9,1013.7,1.5,17,5,1,29,51394.9,2009.0,Mixed
2016-01-29 18:00:00,Fox_lodging_Helen,492.1,20.0,4.0,-3.3,1013.5,0.0,18,5,1,29,51394.9,2009.0,Mixed
2016-01-29 19:00:00,Fox_lodging_Helen,462.83,19.4,4.0,-3.3,1014.1,3.1,19,5,1,29,51394.9,2009.0,Mixed
2016-01-29 20:00:00,Fox_lodging_Helen,493.62,15.6,2.0,-1.1,1014.2,0.0,20,5,1,29,51394.9,2009.0,Mixed
2016-01-29 21:00:00,Fox_lodging_Helen,478.27,15.6,0.0,-0.6,1013.8,0.0,21,5,1,29,51394.9,2009.0,Mixed
2016-01-29 22:00:00,Fox_lodging_Helen,477.75,14.4,0.0,-1.1,1013.9,0.0,22,5,1,29,51394.9,2009.0,Mixed
2016-01-29 23:00:00,Fox_lodging_Helen,448.55,13.3,0.0,-0.6,1014.0,2.1,23,5,1,29,51394.9,2009.0,Mixed
2016-01-30 00:00:00,Fox_lodging_Helen,418.28,12.2,0.0,1.1,1014.2,3.1,0,6,1,30,51394.9,2009.0,Mixed
2016-01-30 01:00:00,Fox_lodging_Helen,382.73,12.2,0.0,0.6,1014.0,2.1,1,6,1,30,51394.9,2009.0,Mixed
2016-01-30 02:00:00,Fox_lodging_Helen,373.6,11.7,0.0,0.0,1013.6,3.6,2,6,1,30,51394.9,2009.0,Mixed
2016-01-30 03:00:00,Fox_lodging_Helen,349.75,10.6,0.0,0.6,1013.5,3.1,3,6,1,30,51394.9,2009.0,Mixed
2016-01-30 04:00:00,Fox_lodging_Helen,336.17,9.4,0.0,0.6,1013.6,3.1,4,6,1,30,51394.9,2009.0,Mixed
2016-01-30 05:00:00,Fox_lodging_Helen,327.57,8.9,0.0,1.1,1013.3,2.6,5,6,1,30,51394.9,2009.0,Mixed
2016-01-30 06:00:00,Fox_lodging_Helen,324.28,8.9,0.0,0.6,1013.3,3.1,6,6,1,30,51394.9,2009.0,Mixed
2016-01-30 07:00:00,Fox_lodging_Helen,324.45,8.9,4.0,0.6,1013.5,4.1,7,6,1,30,51394.9,2009.0,Mixed
2016-01-30 08:00:00,Fox_lodging_Helen,345.48,8.9,4.0,0.0,1013.5,4.6,8,6,1,30,51394.9,2009.0,Mixed
2016-01-30 09:00:00,Fox_lodging_Helen,329.72,10.6,4.0,-0.6,1013.7,5.1,9,6,1,30,51394.9,2009.0,Mixed
2016-01-30 10:00:00,Fox_lodging_Helen,334.23,13.9,2.0,-1.7,1014.2,3.6,10,6,1,30,51394.9,2009.0,Mixed
2016-01-30 11:00:00,Fox_lodging_Helen,342.45,16.7,2.0,-1.7,1014.3,4.1,11,6,1,30,51394.9,2009.0,Mixed
2016-01-30 12:00:00,Fox_lodging_Helen,349.57,18.9,2.0,-2.8,1013.2,2.6,12,6,1,30,51394.9,2009.0,Mixed
2016-01-30 13:00:00,Fox_lodging_Helen,390.1,21.1,4.0,-3.9,1011.9,2.6,13,6,1,30,51394.9,2009.0,Mixed
2016-01-30 14:00:00,Fox_lodging_Helen,415.85,21.1,4.0,-3.3,1010.9,0.0,14,6,1,30,51394.9,2009.0,Mixed
2016-01-30 15:00:00,Fox_lodging_Helen,421.43,22.2,4.0,-3.9,1010.7,0.0,15,6,1,30,51394.9,2009.0,Mixed
2016-01-30 16:00:00,Fox_lodging_Helen,441.37,22.8,4.0,-3.9,1010.2,0.0,16,6,1,30,51394.9,2009.0,Mixed
2016-01-30 17:00:00,Fox_lodging_Helen,450.58,22.8,2.0,-2.8,1010.1,0.0,17,6,1,30,51394.9,2009.0,Mixed
2016-01-30 18:00:00,Fox_lodging_Helen,441.35,22.2,2.0,-2.2,1009.9,0.0,18,6,1,30,51394.9,2009.0,Mixed
2016-01-30 19:00:00,Fox_lodging_Helen,448.7,21.1,2.0,-2.2,1010.3,1.5,19,6,1,30,51394.9,2009.0,Mixed
2016-01-30 20:00:00,Fox_lodging_Helen,481.97,19.4,4.0,-1.7,1010.7,1.5,20,6,1,30,51394.9,2009.0,Mixed
2016-01-30 21:00:00,Fox_lodging_Helen,460.58,17.8,4.0,-0.6,1011.0,2.1,21,6,1,30,51394.9,2009.0,Mixed
2016-01-30 22:00:00,Fox_lodging_Helen,456.28,16.1,4.0,0.6,1011.2,2.6,22,6,1,30,51394.9,2009.0,Mixed
2016-01-30 23:00:00,Fox_lodging_Helen,461.3,15.0,6.0,1.1,1011.2,3.6,23,6,1,30,51394.9,2009.0,Mixed
2016-01-31 00:00:00,Fox_lodging_Helen,446.42,14.4,4.0,1.1,1011.7,4.1,0,7,1,31,51394.9,2009.0,Mixed
2016-01-31 01:00:00,Fox_lodging_Helen,416.28,13.3,2.0,1.1,1011.5,4.1,1,7,1,31,51394.9,2009.0,Mixed
2016-01-31 02:00:00,Fox_lodging_Helen,403.02,12.8,0.0,1.1,1011.6,4.1,2,7,1,31,51394.9,2009.0,Mixed
2016-01-31 03:00:00,Fox_lodging_Helen,374.17,12.2,0.0,1.7,1011.5,3.6,3,7,1,31,51394.9,2009.0,Mixed
2016-01-31 04:00:00,Fox_lodging_Helen,358.48,11.7,0.0,0.6,1011.2,4.1,4,7,1,31,51394.9,2009.0,Mixed
2016-01-31 05:00:00,Fox_lodging_Helen,332.83,11.1,0.0,0.6,1010.8,3.6,5,7,1,31,51394.9,2009.0,Mixed
2016-01-31 06:00:00,Fox_lodging_Helen,327.8,11.1,0.0,0.6,1010.9,4.1,6,7,1,31,51394.9,2009.0,Mixed
2016-01-31 07:00:00,Fox_lodging_Helen,327.77,10.6,0.0,0.6,1011.2,2.6,7,7,1,31,51394.9,2009.0,Mixed
2016-01-31 08:00:00,Fox_lodging_Helen,353.93,10.0,0.0,1.1,1011.6,3.6,8,7,1,31,51394.9,2009.0,Mixed
2016-01-31 09:00:00,Fox_lodging_Helen,357.17,12.2,0.0,0.6,1011.7,4.1,9,7,1,31,51394.9,2009.0,Mixed
2016-01-31 10:00:00,Fox_lodging_Helen,334.63,16.1,0.0,0.6,1011.5,3.6,10,7,1,31,51394.9,2009.0,Mixed
2016-01-31 11:00:00,Fox_lodging_Helen,332.87,18.3,0.0,0.6,1011.3,3.1,11,7,1,31,51394.9,2009.0,Mixed
2016-01-31 12:00:00,Fox_lodging_Helen,353.57,20.6,0.0,1.1,1010.1,3.6,12,7,1,31,51394.9,2009.0,Mixed
2016-01-31 13:00:00,Fox_lodging_Helen,393.37,22.8,4.0,1.1,1008.4,3.6,13,7,1,31,51394.9,2009.0,Mixed
2016-01-31 14:00:00,Fox_lodging_Helen,450.72,23.3,4.5,0.0,1006.7,3.1,14,7,1,31,51394.9,2009.0,Mixed
2016-01-31 15:00:00,Fox_lodging_Helen,478.6,23.3,5.0,0.0,1004.9,2.1,15,7,1,31,51394.9,2009.0,Mixed
2016-01-31 16:00:00,Fox_lodging_Helen,488.4,23.3,5.5,0.0,1003.8,0.0,16,7,1,31,51394.9,2009.0,Mixed
2016-01-31 17:00:00,Fox_lodging_Helen,506.48,23.3,6.0,0.0,1002.5,0.0,17,7,1,31,51394.9,2009.0,Mixed
2016-01-31 18:00:00,Fox_lodging_Helen,504.8,22.2,6.333333333333333,1.1,1001.9,0.0,18,7,1,31,51394.9,2009.0,Mixed
2016-01-31 19:00:00,Fox_lodging_Helen,519.42,22.8,6.666666666666667,-0.6,1001.5,10.8,19,7,1,31,51394.9,2009.0,Mixed
2016-01-31 20:00:00,Fox_lodging_Helen,520.62,21.1,7.0,4.4,1001.1,10.3,20,7,1,31,51394.9,2009.0,Mixed
2016-01-31 21:00:00,Fox_lodging_Helen,562.82,20.0,7.0,6.1,1000.2,9.3,21,7,1,31,51394.9,2009.0,Mixed
2016-01-31 22:00:00,Fox_lodging_Helen,549.58,18.9,7.0,6.7,1000.1,9.8,22,7,1,31,51394.9,2009.0,Mixed
2016-01-31 23:00:00,Fox_lodging_Helen,516.58,12.2,8.0,9.4,1001.6,10.3,23,7,1,31,51394.9,2009.0,Mixed
2016-02-01 00:00:00,Fox_lodging_Helen,462.23,12.8,6.666666666666667,4.4,1001.4,12.4,0,1,2,32,51394.9,2009.0,Mixed
2016-02-01 01:00:00,Fox_lodging_Helen,417.25,12.2,5.333333333333334,1.1,1002.3,7.7,1,1,2,32,51394.9,2009.0,Mixed
2016-02-01 02:00:00,Fox_lodging_Helen,365.45,11.1,4.0,0.6,1003.4,9.3,2,1,2,32,51394.9,2009.0,Mixed
2016-02-01 03:00:00,Fox_lodging_Helen,352.28,10.6,4.0,-1.7,1004.1,7.2,3,1,2,32,51394.9,2009.0,Mixed
2016-02-01 04:00:00,Fox_lodging_Helen,348.28,10.0,4.0,-2.2,1004.6,11.3,4,1,2,32,51394.9,2009.0,Mixed
2016-02-01 05:00:00,Fox_lodging_Helen,326.77,10.0,4.0,-2.8,1005.0,6.7,5,1,2,32,51394.9,2009.0,Mixed
2016-02-01 06:00:00,Fox_lodging_Helen,337.68,9.4,4.333333333333333,-1.7,1005.5,7.2,6,1,2,32,51394.9,2009.0,Mixed
2016-02-01 07:00:00,Fox_lodging_Helen,340.73,8.9,4.666666666666667,-2.2,1006.2,6.7,7,1,2,32,51394.9,2009.0,Mixed
2016-02-01 08:00:00,Fox_lodging_Helen,371.93,8.9,5.0,-1.7,1006.8,7.2,8,1,2,32,51394.9,2009.0,Mixed
2016-02-01 09:00:00,Fox_lodging_Helen,408.6,9.4,5.0,-1.7,1007.8,9.3,9,1,2,32,51394.9,2009.0,Mixed
2016-02-01 10:00:00,Fox_lodging_Helen,423.02,9.4,5.0,-1.7,1008.8,6.7,10,1,2,32,51394.9,2009.0,Mixed
2016-02-01 11:00:00,Fox_lodging_Helen,417.58,9.4,6.0,-1.7,1009.8,6.7,11,1,2,32,51394.9,2009.0,Mixed
2016-02-01 12:00:00,Fox_lodging_Helen,411.63,10.0,6.333333333333333,-1.7,1010.1,5.7,12,1,2,32,51394.9,2009.0,Mixed
2016-02-01 13:00:00,Fox_lodging_Helen,445.45,10.0,6.666666666666667,-1.1,1009.7,6.7,13,1,2,32,51394.9,2009.0,Mixed
2016-02-01 14:00:00,Fox_lodging_Helen,449.7,11.1,7.0,-2.2,1010.0,9.8,14,1,2,32,51394.9,2009.0,Mixed
2016-02-01 15:00:00,Fox_lodging_Helen,432.27,10.6,7.0,-2.2,1010.6,6.7,15,1,2,32,51394.9,2009.0,Mixed
2016-02-01 16:00:00,Fox_lodging_Helen,476.15,11.1,7.0,-2.8,1010.9,6.2,16,1,2,32,51394.9,2009.0,Mixed
2016-02-01 17:00:00,Fox_lodging_Helen,472.03,11.1,8.0,-2.8,1011.7,4.6,17,1,2,32,51394.9,2009.0,Mixed
2016-02-01 18:00:00,Fox_lodging_Helen,474.32,11.1,7.2,-2.2,1012.2,3.6,18,1,2,32,51394.9,2009.0,Mixed
2016-02-01 19:00:00,Fox_lodging_Helen,485.92,11.1,6.4,-2.2,1013.0,3.1,19,1,2,32,51394.9,2009.0,Mixed
2016-02-01 20:00:00,Fox_lodging_Helen,508.45,11.1,5.6,-2.2,1013.8,4.1,20,1,2,32,51394.9,2009.0,Mixed
2016-02-01 21:00:00,Fox_lodging_Helen,509.72,10.6,5.6,-3.9,1014.4,9.8,21,1,2,32,51394.9,2009.0,Mixed
2016-02-01 22:00:00,Fox_lodging_Helen,529.83,10.0,4.0,-3.3,1014.9,5.7,22,1,2,32,51394.9,2009.0,Mixed
2016-02-01 23:00:00,Fox_lodging_Helen,483.68,8.9,2.0,-2.8,1015.4,5.1,23,1,2,32,51394.9,2009.0,Mixed
2016-02-02 00:00:00,Fox_lodging_Helen,449.58,8.9,2.0,-3.3,1015.5,6.2,0,2,2,33,51394.9,2009.0,Mixed
2016-02-02 01:00:00,Fox_lodging_Helen,414.57,8.3,0.0,-3.9,1015.8,3.1,1,2,2,33,51394.9,2009.0,Mixed
2016-02-02 02:00:00,Fox_lodging_Helen,366.22,6.7,0.0,-3.3,1016.0,3.1,2,2,2,33,51394.9,2009.0,Mixed
2016-02-02 03:00:00,Fox_lodging_Helen,333.28,6.1,0.0,-3.9,1015.8,5.7,3,2,2,33,51394.9,2009.0,Mixed
2016-02-02 04:00:00,Fox_lodging_Helen,323.38,4.4,0.0,-3.3,1015.6,2.6,4,2,2,33,51394.9,2009.0,Mixed
2016-02-02 05:00:00,Fox_lodging_Helen,325.45,3.9,4.0,-2.8,1016.1,3.1,5,2,2,33,51394.9,2009.0,Mixed
2016-02-02 06:00:00,Fox_lodging_Helen,323.98,3.3,2.0,-2.2,1017.3,3.1,6,2,2,33,51394.9,2009.0,Mixed
2016-02-02 07:00:00,Fox_lodging_Helen,339.77,3.3,2.0,-2.8,1018.4,3.1,7,2,2,33,51394.9,2009.0,Mixed
2016-02-02 08:00:00,Fox_lodging_Helen,380.25,3.9,2.0,-3.3,1018.9,2.6,8,2,2,33,51394.9,2009.0,Mixed
2016-02-02 09:00:00,Fox_lodging_Helen,348.87,5.6,0.0,-4.4,1019.6,4.1,9,2,2,33,51394.9,2009.0,Mixed
2016-02-02 10:00:00,Fox_lodging_Helen,326.58,6.7,0.0,-7.8,1019.8,4.1,10,2,2,33,51394.9,2009.0,Mixed
2016-02-02 11:00:00,Fox_lodging_Helen,328.17,8.3,2.0,-10.6,1020.1,3.6,11,2,2,33,51394.9,2009.0,Mixed
2016-02-02 12:00:00,Fox_lodging_Helen,327.87,9.4,2.0,-11.1,1019.9,5.1,12,2,2,33,51394.9,2009.0,Mixed
2016-02-02 13:00:00,Fox_lodging_Helen,334.18,10.0,2.0,-11.1,1019.4,6.2,13,2,2,33,51394.9,2009.0,Mixed
2016-02-02 14:00:00,Fox_lodging_Helen,334.0,11.7,2.0,-10.0,1018.9,5.1,14,2,2,33,51394.9,2009.0,Mixed
2016-02-02 15:00:00,Fox_lodging_Helen,358.57,12.2,2.0,-10.6,1018.3,6.2,15,2,2,33,51394.9,2009.0,Mixed
2016-02-02 16:00:00,Fox_lodging_Helen,420.87,12.2,2.0,-13.3,1018.1,5.1,16,2,2,33,51394.9,2009.0,Mixed
2016-02-02 17:00:00,Fox_lodging_Helen,455.5,12.8,0.0,-13.9,1018.2,6.7,17,2,2,33,51394.9,2009.0,Mixed
2016-02-02 18:00:00,Fox_lodging_Helen,450.08,11.7,0.0,-11.1,1018.6,4.6,18,2,2,33,51394.9,2009.0,Mixed
2016-02-02 19:00:00,Fox_lodging_Helen,477.1,10.6,0.0,-9.4,1018.9,2.6,19,2,2,33,51394.9,2009.0,Mixed
2016-02-02 20:00:00,Fox_lodging_Helen,499.1,8.9,0.0,-7.2,1019.8,1.5,20,2,2,33,51394.9,2009.0,Mixed
2016-02-02 21:00:00,Fox_lodging_Helen,509.6,7.8,0.0,-5.6,1020.6,2.1,21,2,2,33,51394.9,2009.0,Mixed
2016-02-02 22:00:00,Fox_lodging_Helen,531.38,7.2,0.0,-6.1,1021.2,2.6,22,2,2,33,51394.9,2009.0,Mixed
2016-02-02 23:00:00,Fox_lodging_Helen,485.65,8.3,0.0,-8.9,1021.6,2.1,23,2,2,33,51394.9,2009.0,Mixed
2016-02-03 00:00:00,Fox_lodging_Helen,452.33,6.7,0.0,-6.1,1021.8,1.5,0,3,2,34,51394.9,2009.0,Mixed
2016-02-03 01:00:00,Fox_lodging_Helen,387.75,5.0,0.0,-5.6,1022.0,0.0,1,3,2,34,51394.9,2009.0,Mixed
2016-02-03 02:00:00,Fox_lodging_Helen,372.65,3.9,0.0,-3.9,1022.2,2.6,2,3,2,34,51394.9,2009.0,Mixed
2016-02-03 03:00:00,Fox_lodging_Helen,335.2,3.3,0.0,-3.9,1022.7,2.1,3,3,2,34,51394.9,2009.0,Mixed
2016-02-03 04:00:00,Fox_lodging_Helen,331.25,2.8,0.0,-3.3,1022.8,0.0,4,3,2,34,51394.9,2009.0,Mixed
2016-02-03 05:00:00,Fox_lodging_Helen,326.22,3.3,0.0,-3.9,1023.2,0.0,5,3,2,34,51394.9,2009.0,Mixed
2016-02-03 06:00:00,Fox_lodging_Helen,323.87,2.8,0.0,-4.4,1023.8,2.1,6,3,2,34,51394.9,2009.0,Mixed
2016-02-03 07:00:00,Fox_lodging_Helen,340.28,2.2,0.0,-3.3,1024.7,2.1,7,3,2,34,51394.9,2009.0,Mixed
2016-02-03 08:00:00,Fox_lodging_Helen,368.33,2.8,0.0,-4.4,1025.7,0.0,8,3,2,34,51394.9,2009.0,Mixed
2016-02-03 09:00:00,Fox_lodging_Helen,338.35,5.6,0.0,-5.6,1026.6,1.5,9,3,2,34,51394.9,2009.0,Mixed
2016-02-03 10:00:00,Fox_lodging_Helen,343.12,7.2,0.0,-6.1,1027.3,0.0,10,3,2,34,51394.9,2009.0,Mixed
2016-02-03 11:00:00,Fox_lodging_Helen,337.6,8.9,0.0,-6.1,1027.7,2.6,11,3,2,34,51394.9,2009.0,Mixed
2016-02-03 12:00:00,Fox_lodging_Helen,334.48,10.6,0.0,-8.3,1027.5,0.0,12,3,2,34,51394.9,2009.0,Mixed
2016-02-03 13:00:00,Fox_lodging_Helen,362.62,11.7,0.0,-8.9,1026.6,2.6,13,3,2,34,51394.9,2009.0,Mixed
2016-02-03 14:00:00,Fox_lodging_Helen,391.93,13.3,0.0,-9.4,1025.7,2.6,14,3,2,34,51394.9,2009.0,Mixed
2016-02-03 15:00:00,Fox_lodging_Helen,407.82,13.3,0.0,-10.0,1025.3,1.5,15,3,2,34,51394.9,2009.0,Mixed
2016-02-03 16:00:00,Fox_lodging_Helen,425.97,13.9,0.0,-10.0,1025.3,0.0,16,3,2,34,51394.9,2009.0,Mixed
2016-02-03 17:00:00,Fox_lodging_Helen,462.98,13.3,0.0,-10.6,1025.4,0.0,17,3,2,34,51394.9,2009.0,Mixed
2016-02-03 18:00:00,Fox_lodging_Helen,468.18,12.8,0.0,-10.0,1025.7,2.1,18,3,2,34,51394.9,2009.0,Mixed
2016-02-03 19:00:00,Fox_lodging_Helen,491.48,11.7,0.0,-8.3,1026.2,2.6,19,3,2,34,51394.9,2009.0,Mixed
2016-02-03 20:00:00,Fox_lodging_Helen,487.28,11.7,0.0,-8.3,1026.7,2.6,20,3,2,34,51394.9,2009.0,Mixed
2016-02-03 21:00:00,Fox_lodging_Helen,487.52,11.1,0.0,-7.2,1026.9,2.1,21,3,2,34,51394.9,2009.0,Mixed
2016-02-03 22:00:00,Fox_lodging_Helen,525.43,10.6,0.0,-7.8,1027.3,2.1,22,3,2,34,51394.9,2009.0,Mixed
2016-02-03 23:00:00,Fox_lodging_Helen,488.18,8.3,0.0,-5.6,1027.9,0.0,23,3,2,34,51394.9,2009.0,Mixed
2016-02-04 00:00:00,Fox_lodging_Helen,437.72,6.7,0.0,-4.4,1028.2,0.0,0,4,2,35,51394.9,2009.0,Mixed
2016-02-04 01:00:00,Fox_lodging_Helen,393.23,7.2,0.0,-5.6,1028.1,2.6,1,4,2,35,51394.9,2009.0,Mixed
2016-02-04 02:00:00,Fox_lodging_Helen,369.07,7.2,0.0,-7.8,1027.6,4.6,2,4,2,35,51394.9,2009.0,Mixed
2016-02-04 03:00:00,Fox_lodging_Helen,338.65,7.2,0.0,-9.4,1027.6,3.6,3,4,2,35,51394.9,2009.0,Mixed
2016-02-04 04:00:00,Fox_lodging_Helen,329.6,7.2,0.0,-9.4,1027.3,2.6,4,4,2,35,51394.9,2009.0,Mixed
2016-02-04 05:00:00,Fox_lodging_Helen,326.07,5.6,0.0,-7.8,1027.1,3.1,5,4,2,35,51394.9,2009.0,Mixed
2016-02-04 06:00:00,Fox_lodging_Helen,328.02,3.9,0.0,-6.1,1027.7,1.5,6,4,2,35,51394.9,2009.0,Mixed
2016-02-04 07:00:00,Fox_lodging_Helen,343.92,4.4,4.0,-5.6,1027.6,0.0,7,4,2,35,51394.9,2009.0,Mixed
2016-02-04 08:00:00,Fox_lodging_Helen,356.12,6.1,4.5,-8.9,1027.2,6.7,8,4,2,35,51394.9,2009.0,Mixed
2016-02-04 09:00:00,Fox_lodging_Helen,342.42,8.3,5.0,-9.4,1028.0,3.1,9,4,2,35,51394.9,2009.0,Mixed
2016-02-04 10:00:00,Fox_lodging_Helen,357.28,11.1,5.5,-11.7,1027.9,5.1,10,4,2,35,51394.9,2009.0,Mixed
2016-02-04 11:00:00,Fox_lodging_Helen,340.58,10.6,6.0,-9.4,1028.2,0.0,11,4,2,35,51394.9,2009.0,Mixed
2016-02-04 12:00:00,Fox_lodging_Helen,328.83,12.8,5.333333333333333,-11.7,1027.1,4.1,12,4,2,35,51394.9,2009.0,Mixed
2016-02-04 13:00:00,Fox_lodging_Helen,365.65,14.4,4.666666666666667,-13.3,1025.7,3.1,13,4,2,35,51394.9,2009.0,Mixed
2016-02-04 14:00:00,Fox_lodging_Helen,374.88,15.6,4.0,-13.3,1024.4,0.0,14,4,2,35,51394.9,2009.0,Mixed
2016-02-04 15:00:00,Fox_lodging_Helen,393.63,16.7,2.0,-13.9,1023.1,2.6,15,4,2,35,51394.9,2009.0,Mixed
2016-02-04 16:00:00,Fox_lodging_Helen,417.37,17.2,2.0,-14.4,1022.5,0.0,16,4,2,35,51394.9,2009.0,Mixed
2016-02-04 17:00:00,Fox_lodging_Helen,457.08,17.2,2.0,-13.9,1022.1,3.1,17,4,2,35,51394.9,2009.0,Mixed
2016-02-04 18:00:00,Fox_lodging_Helen,458.3,16.7,2.0,-13.3,1022.2,4.1,18,4,2,35,51394.9,2009.0,Mixed
2016-02-04 19:00:00,Fox_lodging_Helen,470.3,14.4,0.0,-9.4,1022.6,2.6,19,4,2,35,51394.9,2009.0,Mixed
2016-02-04 20:00:00,Fox_lodging_Helen,496.55,13.3,0.0,-9.4,1022.6,1.5,20,4,2,35,51394.9,2009.0,Mixed
2016-02-04 21:00:00,Fox_lodging_Helen,531.6,10.6,0.0,-5.6,1023.0,1.5,21,4,2,35,51394.9,2009.0,Mixed
2016-02-04 22:00:00,Fox_lodging_Helen,510.95,13.3,0.0,-9.4,1023.2,1.5,22,4,2,35,51394.9,2009.0,Mixed
2016-02-04 23:00:00,Fox_lodging_Helen,469.87,9.4,0.0,-5.0,1023.9,1.5,23,4,2,35,51394.9,2009.0,Mixed
2016-02-05 00:00:00,Fox_lodging_Helen,452.9,8.3,2.0,-5.0,1024.0,0.0,0,5,2,36,51394.9,2009.0,Mixed
2016-02-05 01:00:00,Fox_lodging_Helen,409.15,10.0,0.0,-6.7,1023.8,2.6,1,5,2,36,51394.9,2009.0,Mixed
2016-02-05 02:00:00,Fox_lodging_Helen,369.55,10.0,0.0,-6.7,1023.9,3.1,2,5,2,36,51394.9,2009.0,Mixed
2016-02-05 03:00:00,Fox_lodging_Helen,354.3,7.8,0.0,-5.0,1024.4,3.1,3,5,2,36,51394.9,2009.0,Mixed
2016-02-05 04:00:00,Fox_lodging_Helen,334.65,6.1,0.0,-3.9,1024.7,1.5,4,5,2,36,51394.9,2009.0,Mixed
2016-02-05 05:00:00,Fox_lodging_Helen,328.37,6.1,0.0,-3.9,1024.7,2.6,5,5,2,36,51394.9,2009.0,Mixed
2016-02-05 06:00:00,Fox_lodging_Helen,332.9,6.7,0.0,-5.0,1025.0,0.0,6,5,2,36,51394.9,2009.0,Mixed
2016-02-05 07:00:00,Fox_lodging_Helen,337.72,7.2,0.0,-5.0,1025.6,2.6,7,5,2,36,51394.9,2009.0,Mixed
2016-02-05 08:00:00,Fox_lodging_Helen,359.45,7.8,2.0,-5.6,1026.3,3.6,8,5,2,36,51394.9,2009.0,Mixed
2016-02-05 09:00:00,Fox_lodging_Helen,355.18,10.6,2.0,-5.6,1027.1,2.1,9,5,2,36,51394.9,2009.0,Mixed
2016-02-05 10:00:00,Fox_lodging_Helen,362.12,13.3,2.0,-6.1,1027.6,1.5,10,5,2,36,51394.9,2009.0,Mixed
2016-02-05 11:00:00,Fox_lodging_Helen,361.97,15.0,2.0,-6.7,1027.8,1.5,11,5,2,36,51394.9,2009.0,Mixed
2016-02-05 12:00:00,Fox_lodging_Helen,379.82,16.1,4.0,-7.2,1027.5,1.5,12,5,2,36,51394.9,2009.0,Mixed
2016-02-05 13:00:00,Fox_lodging_Helen,399.42,16.7,4.0,-7.2,1026.3,0.0,13,5,2,36,51394.9,2009.0,Mixed
2016-02-05 14:00:00,Fox_lodging_Helen,404.97,18.3,2.0,-8.3,1025.1,2.1,14,5,2,36,51394.9,2009.0,Mixed
2016-02-05 15:00:00,Fox_lodging_Helen,439.48,20.0,2.0,-8.9,1024.7,0.0,15,5,2,36,51394.9,2009.0,Mixed
2016-02-05 16:00:00,Fox_lodging_Helen,429.38,20.6,2.0,-10.0,1024.4,2.6,16,5,2,36,51394.9,2009.0,Mixed
2016-02-05 17:00:00,Fox_lodging_Helen,474.97,20.0,2.0,-9.4,1024.1,3.1,17,5,2,36,51394.9,2009.0,Mixed
2016-02-05 18:00:00,Fox_lodging_Helen,473.82,18.9,2.0,-7.8,1024.0,2.1,18,5,2,36,51394.9,2009.0,Mixed
2016-02-05 19:00:00,Fox_lodging_Helen,474.73,18.9,0.0,-9.4,1024.7,0.0,19,5,2,36,51394.9,2009.0,Mixed
2016-02-05 20:00:00,Fox_lodging_Helen,451.12,18.3,0.0,-10.6,1024.8,4.6,20,5,2,36,51394.9,2009.0,Mixed
2016-02-05 21:00:00,Fox_lodging_Helen,471.92,16.7,0.0,-11.1,1025.8,1.5,21,5,2,36,51394.9,2009.0,Mixed
2016-02-05 22:00:00,Fox_lodging_Helen,452.27,15.6,0.0,-10.6,1026.3,2.1,22,5,2,36,51394.9,2009.0,Mixed
2016-02-05 23:00:00,Fox_lodging_Helen,438.78,15.0,0.0,-12.2,1026.3,4.6,23,5,2,36,51394.9,2009.0,Mixed
2016-02-06 00:00:00,Fox_lodging_Helen,414.5,10.0,0.0,-5.6,1027.0,2.6,0,6,2,37,51394.9,2009.0,Mixed
2016-02-06 01:00:00,Fox_lodging_Helen,378.82,9.4,0.0,-5.6,1027.2,1.5,1,6,2,37,51394.9,2009.0,Mixed
2016-02-06 02:00:00,Fox_lodging_Helen,364.35,10.0,0.0,-6.7,1026.9,0.0,2,6,2,37,51394.9,2009.0,Mixed
2016-02-06 03:00:00,Fox_lodging_Helen,354.22,8.3,0.0,-5.0,1026.7,2.1,3,6,2,37,51394.9,2009.0,Mixed
2016-02-06 04:00:00,Fox_lodging_Helen,344.22,10.6,0.0,-7.8,1026.2,2.1,4,6,2,37,51394.9,2009.0,Mixed
2016-02-06 05:00:00,Fox_lodging_Helen,329.08,10.6,0.0,-8.3,1026.1,4.1,5,6,2,37,51394.9,2009.0,Mixed
2016-02-06 06:00:00,Fox_lodging_Helen,325.28,7.8,0.0,-5.6,1026.3,0.0,6,6,2,37,51394.9,2009.0,Mixed
2016-02-06 07:00:00,Fox_lodging_Helen,336.68,6.7,2.0,-4.4,1026.9,1.5,7,6,2,37,51394.9,2009.0,Mixed
2016-02-06 08:00:00,Fox_lodging_Helen,347.53,6.7,2.0,-3.9,1027.2,0.0,8,6,2,37,51394.9,2009.0,Mixed
2016-02-06 09:00:00,Fox_lodging_Helen,323.97,10.6,2.0,-5.0,1027.3,0.0,9,6,2,37,51394.9,2009.0,Mixed
2016-02-06 10:00:00,Fox_lodging_Helen,337.25,15.6,2.0,-10.0,1027.0,6.7,10,6,2,37,51394.9,2009.0,Mixed
2016-02-06 11:00:00,Fox_lodging_Helen,330.72,17.2,2.0,-10.0,1026.8,6.7,11,6,2,37,51394.9,2009.0,Mixed
2016-02-06 12:00:00,Fox_lodging_Helen,354.35,18.9,2.0,-10.6,1025.6,8.2,12,6,2,37,51394.9,2009.0,Mixed
2016-02-06 13:00:00,Fox_lodging_Helen,375.97,20.6,2.0,-11.1,1023.9,6.2,13,6,2,37,51394.9,2009.0,Mixed
2016-02-06 14:00:00,Fox_lodging_Helen,376.88,21.7,2.0,-11.7,1022.2,4.1,14,6,2,37,51394.9,2009.0,Mixed
2016-02-06 15:00:00,Fox_lodging_Helen,412.68,22.2,2.0,-12.2,1021.4,1.5,15,6,2,37,51394.9,2009.0,Mixed
2016-02-06 16:00:00,Fox_lodging_Helen,425.83,22.8,2.0,-12.8,1020.5,2.6,16,6,2,37,51394.9,2009.0,Mixed
2016-02-06 17:00:00,Fox_lodging_Helen,450.48,23.3,2.0,-12.2,1020.3,1.5,17,6,2,37,51394.9,2009.0,Mixed
2016-02-06 18:00:00,Fox_lodging_Helen,482.63,22.8,2.0,-12.2,1020.4,1.5,18,6,2,37,51394.9,2009.0,Mixed
2016-02-06 19:00:00,Fox_lodging_Helen,492.85,21.1,2.0,-11.1,1020.8,2.6,19,6,2,37,51394.9,2009.0,Mixed
2016-02-06 20:00:00,Fox_lodging_Helen,469.62,16.1,2.0,-5.6,1021.2,2.1,20,6,2,37,51394.9,2009.0,Mixed
2016-02-06 21:00:00,Fox_lodging_Helen,485.25,16.7,0.0,-7.2,1021.2,0.0,21,6,2,37,51394.9,2009.0,Mixed
2016-02-06 22:00:00,Fox_lodging_Helen,465.0,15.0,0.0,-5.0,1021.2,0.0,22,6,2,37,51394.9,2009.0,Mixed
2016-02-06 23:00:00,Fox_lodging_Helen,429.6,12.8,0.0,-3.3,1021.0,0.0,23,6,2,37,51394.9,2009.0,Mixed
2016-02-07 00:00:00,Fox_lodging_Helen,426.05,12.2,0.0,-3.9,1021.3,0.0,0,7,2,38,51394.9,2009.0,Mixed
2016-02-07 01:00:00,Fox_lodging_Helen,402.47,13.3,0.0,-5.0,1021.2,0.0,1,7,2,38,51394.9,2009.0,Mixed
2016-02-07 02:00:00,Fox_lodging_Helen,389.53,10.6,0.0,-2.8,1021.4,2.6,2,7,2,38,51394.9,2009.0,Mixed
2016-02-07 03:00:00,Fox_lodging_Helen,357.85,11.1,0.0,-3.9,1021.3,1.5,3,7,2,38,51394.9,2009.0,Mixed
2016-02-07 04:00:00,Fox_lodging_Helen,336.77,9.4,0.0,-3.3,1021.1,1.5,4,7,2,38,51394.9,2009.0,Mixed
2016-02-07 05:00:00,Fox_lodging_Helen,331.02,8.9,0.0,-2.8,1021.1,0.0,5,7,2,38,51394.9,2009.0,Mixed
2016-02-07 06:00:00,Fox_lodging_Helen,322.32,9.4,0.0,-3.3,1020.9,0.0,6,7,2,38,51394.9,2009.0,Mixed
2016-02-07 07:00:00,Fox_lodging_Helen,326.22,11.1,0.0,-6.7,1020.4,0.0,7,7,2,38,51394.9,2009.0,Mixed
2016-02-07 08:00:00,Fox_lodging_Helen,338.38,11.7,2.0,-6.7,1021.5,1.5,8,7,2,38,51394.9,2009.0,Mixed
2016-02-07 09:00:00,Fox_lodging_Helen,323.97,15.0,2.0,-6.1,1021.8,0.0,9,7,2,38,51394.9,2009.0,Mixed
2016-02-07 10:00:00,Fox_lodging_Helen,331.38,16.7,2.0,-7.8,1022.0,4.1,10,7,2,38,51394.9,2009.0,Mixed
2016-02-07 11:00:00,Fox_lodging_Helen,338.67,18.3,2.0,-6.7,1022.3,2.1,11,7,2,38,51394.9,2009.0,Mixed
2016-02-07 12:00:00,Fox_lodging_Helen,375.93,20.6,2.0,-7.8,1021.5,2.6,12,7,2,38,51394.9,2009.0,Mixed
2016-02-07 13:00:00,Fox_lodging_Helen,386.5,22.8,2.0,-8.3,1020.1,3.6,13,7,2,38,51394.9,2009.0,Mixed
2016-02-07 14:00:00,Fox_lodging_Helen,390.63,23.9,2.0,-8.3,1019.0,2.1,14,7,2,38,51394.9,2009.0,Mixed
2016-02-07 15:00:00,Fox_lodging_Helen,404.1,25.0,2.0,-7.2,1018.5,3.6,15,7,2,38,51394.9,2009.0,Mixed
2016-02-07 16:00:00,Fox_lodging_Helen,417.2,25.0,2.0,-7.2,1018.2,3.1,16,7,2,38,51394.9,2009.0,Mixed
2016-02-07 17:00:00,Fox_lodging_Helen,452.8,25.6,2.0,-6.7,1018.0,2.6,17,7,2,38,51394.9,2009.0,Mixed
2016-02-07 18:00:00,Fox_lodging_Helen,459.93,23.9,2.0,-6.7,1018.2,3.6,18,7,2,38,51394.9,2009.0,Mixed
2016-02-07 19:00:00,Fox_lodging_Helen,467.13,22.8,2.0,-6.7,1019.0,2.6,19,7,2,38,51394.9,2009.0,Mixed
2016-02-07 20:00:00,Fox_lodging_Helen,479.75,19.4,2.0,-3.3,1019.5,1.5,20,7,2,38,51394.9,2009.0,Mixed
2016-02-07 21:00:00,Fox_lodging_Helen,522.13,17.8,2.0,-2.8,1019.7,0.0,21,7,2,38,51394.9,2009.0,Mixed
2016-02-07 22:00:00,Fox_lodging_Helen,521.6,17.2,2.0,-2.8,1019.8,2.1,22,7,2,38,51394.9,2009.0,Mixed
2016-02-07 23:00:00,Fox_lodging_Helen,494.95,16.1,0.0,-2.2,1020.2,2.6,23,7,2,38,51394.9,2009.0,Mixed
2016-02-08 00:00:00,Fox_lodging_Helen,466.33,17.2,2.0,-4.4,1020.0,2.6,0,1,2,39,51394.9,2009.0,Mixed
2016-02-08 01:00:00,Fox_lodging_Helen,432.98,13.3,2.0,-1.1,1020.3,0.0,1,1,2,39,51394.9,2009.0,Mixed
2016-02-08 02:00:00,Fox_lodging_Helen,390.75,13.9,0.0,-1.7,1020.2,0.0,2,1,2,39,51394.9,2009.0,Mixed
2016-02-08 03:00:00,Fox_lodging_Helen,372.77,12.8,2.0,-1.7,1020.0,0.0,3,1,2,39,51394.9,2009.0,Mixed
2016-02-08 04:00:00,Fox_lodging_Helen,336.45,11.1,2.0,-1.1,1019.9,2.1,4,1,2,39,51394.9,2009.0,Mixed
2016-02-08 05:00:00,Fox_lodging_Helen,335.83,12.2,2.0,-1.1,1020.6,0.0,5,1,2,39,51394.9,2009.0,Mixed
2016-02-08 06:00:00,Fox_lodging_Helen,338.3,12.2,2.0,-1.7,1021.1,1.5,6,1,2,39,51394.9,2009.0,Mixed
2016-02-08 07:00:00,Fox_lodging_Helen,348.85,16.1,2.0,-7.2,1021.3,3.6,7,1,2,39,51394.9,2009.0,Mixed
2016-02-08 08:00:00,Fox_lodging_Helen,380.7,15.6,2.0,-7.2,1021.8,4.1,8,1,2,39,51394.9,2009.0,Mixed
2016-02-08 09:00:00,Fox_lodging_Helen,376.42,18.3,2.0,-7.8,1022.3,4.1,9,1,2,39,51394.9,2009.0,Mixed
2016-02-08 10:00:00,Fox_lodging_Helen,365.82,20.6,2.0,-7.2,1022.6,5.1,10,1,2,39,51394.9,2009.0,Mixed
2016-02-08 11:00:00,Fox_lodging_Helen,358.35,22.2,2.0,-7.2,1022.4,7.2,11,1,2,39,51394.9,2009.0,Mixed
2016-02-08 12:00:00,Fox_lodging_Helen,360.38,23.9,2.0,-7.2,1021.4,7.2,12,1,2,39,51394.9,2009.0,Mixed
2016-02-08 13:00:00,Fox_lodging_Helen,384.52,25.6,2.0,-7.2,1020.0,6.2,13,1,2,39,51394.9,2009.0,Mixed
2016-02-08 14:00:00,Fox_lodging_Helen,373.15,27.2,2.0,-8.3,1018.7,6.2,14,1,2,39,51394.9,2009.0,Mixed
2016-02-08 15:00:00,Fox_lodging_Helen,408.52,28.3,2.0,-7.8,1018.1,4.6,15,1,2,39,51394.9,2009.0,Mixed
2016-02-08 16:00:00,Fox_lodging_Helen,443.18,29.4,0.0,-7.8,1017.5,2.6,16,1,2,39,51394.9,2009.0,Mixed
2016-02-08 17:00:00,Fox_lodging_Helen,474.27,28.9,0.0,-7.2,1017.5,1.5,17,1,2,39,51394.9,2009.0,Mixed
2016-02-08 18:00:00,Fox_lodging_Helen,513.98,28.3,0.0,-6.7,1017.6,2.1,18,1,2,39,51394.9,2009.0,Mixed
2016-02-08 19:00:00,Fox_lodging_Helen,530.0,26.1,0.0,-5.0,1018.0,3.1,19,1,2,39,51394.9,2009.0,Mixed
2016-02-08 20:00:00,Fox_lodging_Helen,528.4,22.8,0.0,-3.3,1018.4,2.1,20,1,2,39,51394.9,2009.0,Mixed
2016-02-08 21:00:00,Fox_lodging_Helen,514.77,20.6,0.0,-2.8,1018.9,1.5,21,1,2,39,51394.9,2009.0,Mixed
2016-02-08 22:00:00,Fox_lodging_Helen,513.7,18.3,0.0,-1.1,1019.4,3.1,22,1,2,39,51394.9,2009.0,Mixed
2016-02-08 23:00:00,Fox_lodging_Helen,502.05,18.9,0.0,-2.2,1019.6,2.6,23,1,2,39,51394.9,2009.0,Mixed
2016-02-09 00:00:00,Fox_lodging_Helen,475.3,18.9,0.0,-4.4,1019.9,2.1,0,2,2,40,51394.9,2009.0,Mixed
2016-02-09 01:00:00,Fox_lodging_Helen,415.55,17.8,0.0,-4.4,1020.0,4.1,1,2,2,40,51394.9,2009.0,Mixed
2016-02-09 02:00:00,Fox_lodging_Helen,386.85,17.2,0.0,-4.4,1020.2,1.5,2,2,2,40,51394.9,2009.0,Mixed
2016-02-09 03:00:00,Fox_lodging_Helen,357.2,17.2,0.0,-4.4,1020.0,4.6,3,2,2,40,51394.9,2009.0,Mixed
2016-02-09 04:00:00,Fox_lodging_Helen,339.65,15.6,0.0,-3.9,1019.7,4.6,4,2,2,40,51394.9,2009.0,Mixed
2016-02-09 05:00:00,Fox_lodging_Helen,335.67,16.7,0.0,-3.9,1019.9,4.1,5,2,2,40,51394.9,2009.0,Mixed
2016-02-09 06:00:00,Fox_lodging_Helen,337.0,18.9,0.0,-5.0,1020.2,3.6,6,2,2,40,51394.9,2009.0,Mixed
2016-02-09 07:00:00,Fox_lodging_Helen,346.07,15.6,0.0,-3.9,1020.8,5.1,7,2,2,40,51394.9,2009.0,Mixed
2016-02-09 08:00:00,Fox_lodging_Helen,381.8,17.2,0.0,-4.4,1021.5,4.1,8,2,2,40,51394.9,2009.0,Mixed
2016-02-09 09:00:00,Fox_lodging_Helen,377.18,20.0,0.0,-6.1,1021.9,3.1,9,2,2,40,51394.9,2009.0,Mixed
2016-02-09 10:00:00,Fox_lodging_Helen,352.77,22.2,0.0,-5.6,1021.9,7.2,10,2,2,40,51394.9,2009.0,Mixed
2016-02-09 11:00:00,Fox_lodging_Helen,347.9,23.9,0.0,-6.7,1021.6,6.2,11,2,2,40,51394.9,2009.0,Mixed
2016-02-09 12:00:00,Fox_lodging_Helen,361.12,25.6,0.0,-6.1,1020.9,6.7,12,2,2,40,51394.9,2009.0,Mixed
2016-02-09 13:00:00,Fox_lodging_Helen,364.42,27.8,0.0,-7.2,1019.4,5.7,13,2,2,40,51394.9,2009.0,Mixed
2016-02-09 14:00:00,Fox_lodging_Helen,388.02,28.9,0.0,-7.8,1018.2,6.2,14,2,2,40,51394.9,2009.0,Mixed
2016-02-09 15:00:00,Fox_lodging_Helen,400.72,28.9,0.0,-7.8,1017.7,2.1,15,2,2,40,51394.9,2009.0,Mixed
2016-02-09 16:00:00,Fox_lodging_Helen,469.73,29.4,0.0,-7.8,1017.3,2.6,16,2,2,40,51394.9,2009.0,Mixed
2016-02-09 17:00:00,Fox_lodging_Helen,491.75,30.0,0.0,-8.3,1016.8,3.6,17,2,2,40,51394.9,2009.0,Mixed
2016-02-09 18:00:00,Fox_lodging_Helen,500.47,28.3,0.0,-7.8,1016.9,3.6,18,2,2,40,51394.9,2009.0,Mixed
2016-02-09 19:00:00,Fox_lodging_Helen,503.53,25.6,0.0,-5.0,1017.4,1.5,19,2,2,40,51394.9,2009.0,Mixed
2016-02-09 20:00:00,Fox_lodging_Helen,518.15,24.4,0.0,-5.0,1018.0,1.5,20,2,2,40,51394.9,2009.0,Mixed
2016-02-09 21:00:00,Fox_lodging_Helen,530.5,22.2,0.0,-3.3,1018.5,1.5,21,2,2,40,51394.9,2009.0,Mixed
2016-02-09 22:00:00,Fox_lodging_Helen,532.12,20.6,0.0,-2.2,1018.9,2.1,22,2,2,40,51394.9,2009.0,Mixed
2016-02-09 23:00:00,Fox_lodging_Helen,519.35,21.7,0.0,-3.9,1019.1,5.1,23,2,2,40,51394.9,2009.0,Mixed
2016-02-10 00:00:00,Fox_lodging_Helen,475.83,19.4,0.0,-3.3,1019.2,0.0,0,3,2,41,51394.9,2009.0,Mixed
2016-02-10 01:00:00,Fox_lodging_Helen,422.97,20.6,0.0,-6.1,1018.9,4.6,1,3,2,41,51394.9,2009.0,Mixed
2016-02-10 02:00:00,Fox_lodging_Helen,383.78,20.0,0.0,-7.2,1019.1,3.6,2,3,2,41,51394.9,2009.0,Mixed
2016-02-10 03:00:00,Fox_lodging_Helen,371.07,15.0,0.0,-1.7,1019.6,1.5,3,3,2,41,51394.9,2009.0,Mixed
2016-02-10 04:00:00,Fox_lodging_Helen,342.73,13.9,0.0,-0.6,1019.7,0.0,4,3,2,41,51394.9,2009.0,Mixed
2016-02-10 05:00:00,Fox_lodging_Helen,348.32,13.9,0.0,-1.1,1020.2,0.0,5,3,2,41,51394.9,2009.0,Mixed
2016-02-10 06:00:00,Fox_lodging_Helen,347.43,13.3,0.0,-1.1,1020.9,0.0,6,3,2,41,51394.9,2009.0,Mixed
2016-02-10 07:00:00,Fox_lodging_Helen,357.95,13.9,2.0,-2.8,1021.0,1.5,7,3,2,41,51394.9,2009.0,Mixed
2016-02-10 08:00:00,Fox_lodging_Helen,383.92,14.4,2.0,-2.8,1021.7,0.0,8,3,2,41,51394.9,2009.0,Mixed
2016-02-10 09:00:00,Fox_lodging_Helen,375.77,18.9,2.0,-3.9,1022.1,3.1,9,3,2,41,51394.9,2009.0,Mixed
2016-02-10 10:00:00,Fox_lodging_Helen,369.97,22.2,2.0,-4.4,1022.2,3.6,10,3,2,41,51394.9,2009.0,Mixed
2016-02-10 11:00:00,Fox_lodging_Helen,343.27,23.9,2.0,-4.4,1022.2,6.2,11,3,2,41,51394.9,2009.0,Mixed
2016-02-10 12:00:00,Fox_lodging_Helen,358.32,25.6,2.0,-4.4,1021.7,3.1,12,3,2,41,51394.9,2009.0,Mixed
2016-02-10 13:00:00,Fox_lodging_Helen,384.72,27.2,4.0,-3.9,1020.5,2.1,13,3,2,41,51394.9,2009.0,Mixed
2016-02-10 14:00:00,Fox_lodging_Helen,443.68,28.9,4.5,-3.9,1019.4,2.1,14,3,2,41,51394.9,2009.0,Mixed
2016-02-10 15:00:00,Fox_lodging_Helen,462.67,28.3,5.0,-5.0,1018.5,0.0,15,3,2,41,51394.9,2009.0,Mixed
2016-02-10 16:00:00,Fox_lodging_Helen,470.53,29.4,5.5,-5.0,1017.9,1.5,16,3,2,41,51394.9,2009.0,Mixed
2016-02-10 17:00:00,Fox_lodging_Helen,513.13,28.9,6.0,-5.0,1017.6,1.5,17,3,2,41,51394.9,2009.0,Mixed
2016-02-10 18:00:00,Fox_lodging_Helen,512.9,27.8,5.333333333333333,-5.6,1017.7,3.1,18,3,2,41,51394.9,2009.0,Mixed
2016-02-10 19:00:00,Fox_lodging_Helen,513.15,26.7,4.666666666666667,-4.4,1017.9,2.6,19,3,2,41,51394.9,2009.0,Mixed
2016-02-10 20:00:00,Fox_lodging_Helen,502.2,24.4,4.0,-3.3,1018.2,0.0,20,3,2,41,51394.9,2009.0,Mixed
2016-02-10 21:00:00,Fox_lodging_Helen,540.88,23.9,4.0,-2.2,1018.0,1.5,21,3,2,41,51394.9,2009.0,Mixed
2016-02-10 22:00:00,Fox_lodging_Helen,532.15,21.7,4.0,-1.1,1018.3,0.0,22,3,2,41,51394.9,2009.0,Mixed
2016-02-10 23:00:00,Fox_lodging_Helen,519.9,19.4,4.0,0.0,1018.4,0.0,23,3,2,41,51394.9,2009.0,Mixed
2016-02-11 00:00:00,Fox_lodging_Helen,472.1,18.3,4.0,0.6,1018.2,2.1,0,4,2,42,51394.9,2009.0,Mixed
2016-02-11 01:00:00,Fox_lodging_Helen,428.78,16.7,2.0,1.1,1018.0,1.5,1,4,2,42,51394.9,2009.0,Mixed
2016-02-11 02:00:00,Fox_lodging_Helen,392.72,16.1,2.0,1.1,1018.3,0.0,2,4,2,42,51394.9,2009.0,Mixed
2016-02-11 03:00:00,Fox_lodging_Helen,361.78,15.0,2.0,1.7,1018.2,1.5,3,4,2,42,51394.9,2009.0,Mixed
2016-02-11 04:00:00,Fox_lodging_Helen,349.18,15.0,2.0,1.1,1018.4,0.0,4,4,2,42,51394.9,2009.0,Mixed
2016-02-11 05:00:00,Fox_lodging_Helen,337.32,14.4,2.0,1.1,1018.7,2.6,5,4,2,42,51394.9,2009.0,Mixed
2016-02-11 06:00:00,Fox_lodging_Helen,342.6,13.9,0.0,1.1,1019.3,3.1,6,4,2,42,51394.9,2009.0,Mixed
2016-02-11 07:00:00,Fox_lodging_Helen,362.83,13.9,2.0,1.7,1019.7,1.5,7,4,2,42,51394.9,2009.0,Mixed
2016-02-11 08:00:00,Fox_lodging_Helen,388.8,13.9,2.0,1.1,1020.2,2.1,8,4,2,42,51394.9,2009.0,Mixed
2016-02-11 09:00:00,Fox_lodging_Helen,381.8,17.8,2.0,-0.6,1020.5,2.6,9,4,2,42,51394.9,2009.0,Mixed
2016-02-11 10:00:00,Fox_lodging_Helen,357.05,20.6,0.0,-1.1,1020.7,4.1,10,4,2,42,51394.9,2009.0,Mixed
2016-02-11 11:00:00,Fox_lodging_Helen,388.5,22.8,0.0,-1.7,1020.7,4.6,11,4,2,42,51394.9,2009.0,Mixed
2016-02-11 12:00:00,Fox_lodging_Helen,366.92,25.0,0.0,-2.2,1020.0,3.1,12,4,2,42,51394.9,2009.0,Mixed
2016-02-11 13:00:00,Fox_lodging_Helen,388.38,26.7,2.0,-3.3,1018.7,3.6,13,4,2,42,51394.9,2009.0,Mixed
2016-02-11 14:00:00,Fox_lodging_Helen,388.2,27.8,2.0,-2.8,1017.6,2.1,14,4,2,42,51394.9,2009.0,Mixed
2016-02-11 15:00:00,Fox_lodging_Helen,417.7,29.4,2.0,-2.8,1017.1,0.0,15,4,2,42,51394.9,2009.0,Mixed
2016-02-11 16:00:00,Fox_lodging_Helen,456.12,28.9,2.0,-3.9,1016.8,2.1,16,4,2,42,51394.9,2009.0,Mixed
2016-02-11 17:00:00,Fox_lodging_Helen,507.88,28.9,0.0,-2.8,1017.0,2.1,17,4,2,42,51394.9,2009.0,Mixed
2016-02-11 18:00:00,Fox_lodging_Helen,521.3,28.3,0.0,-2.8,1017.4,2.1,18,4,2,42,51394.9,2009.0,Mixed
2016-02-11 19:00:00,Fox_lodging_Helen,528.63,26.7,0.0,-3.3,1017.6,2.6,19,4,2,42,51394.9,2009.0,Mixed
2016-02-11 20:00:00,Fox_lodging_Helen,537.28,22.8,0.0,0.0,1018.3,0.0,20,4,2,42,51394.9,2009.0,Mixed
2016-02-11 21:00:00,Fox_lodging_Helen,529.17,21.1,0.0,1.1,1018.3,0.0,21,4,2,42,51394.9,2009.0,Mixed
2016-02-11 22:00:00,Fox_lodging_Helen,518.78,20.0,0.0,1.7,1018.4,0.0,22,4,2,42,51394.9,2009.0,Mixed
2016-02-11 23:00:00,Fox_lodging_Helen,471.13,18.3,0.0,1.7,1018.5,2.6,23,4,2,42,51394.9,2009.0,Mixed
2016-02-12 00:00:00,Fox_lodging_Helen,464.98,17.2,0.0,1.7,1018.5,2.6,0,5,2,43,51394.9,2009.0,Mixed
2016-02-12 01:00:00,Fox_lodging_Helen,433.58,16.1,0.0,2.8,1018.5,2.1,1,5,2,43,51394.9,2009.0,Mixed
2016-02-12 02:00:00,Fox_lodging_Helen,402.28,15.6,0.0,2.2,1018.6,1.5,2,5,2,43,51394.9,2009.0,Mixed
2016-02-12 03:00:00,Fox_lodging_Helen,368.03,15.0,0.0,1.7,1018.6,0.0,3,5,2,43,51394.9,2009.0,Mixed
2016-02-12 04:00:00,Fox_lodging_Helen,346.87,14.4,0.0,2.2,1018.7,1.5,4,5,2,43,51394.9,2009.0,Mixed
2016-02-12 05:00:00,Fox_lodging_Helen,346.52,12.8,0.0,2.2,1018.9,3.1,5,5,2,43,51394.9,2009.0,Mixed
2016-02-12 06:00:00,Fox_lodging_Helen,336.42,13.3,0.0,1.7,1019.1,3.6,6,5,2,43,51394.9,2009.0,Mixed
2016-02-12 07:00:00,Fox_lodging_Helen,340.28,13.9,0.0,1.1,1019.5,3.1,7,5,2,43,51394.9,2009.0,Mixed
2016-02-12 08:00:00,Fox_lodging_Helen,360.38,14.4,0.0,0.0,1020.2,2.6,8,5,2,43,51394.9,2009.0,Mixed
2016-02-12 09:00:00,Fox_lodging_Helen,360.83,17.2,0.0,-0.6,1020.6,3.6,9,5,2,43,51394.9,2009.0,Mixed
2016-02-12 10:00:00,Fox_lodging_Helen,371.6,21.1,0.0,-1.1,1020.5,4.1,10,5,2,43,51394.9,2009.0,Mixed
2016-02-12 11:00:00,Fox_lodging_Helen,367.23,22.8,0.0,-1.7,1020.4,3.1,11,5,2,43,51394.9,2009.0,Mixed
2016-02-12 12:00:00,Fox_lodging_Helen,390.65,25.0,0.0,-2.8,1019.7,3.6,12,5,2,43,51394.9,2009.0,Mixed
2016-02-12 13:00:00,Fox_lodging_Helen,409.97,27.8,2.0,-3.9,1018.3,3.1,13,5,2,43,51394.9,2009.0,Mixed
2016-02-12 14:00:00,Fox_lodging_Helen,426.82,28.3,2.0,-5.0,1016.9,2.1,14,5,2,43,51394.9,2009.0,Mixed
2016-02-12 15:00:00,Fox_lodging_Helen,448.13,28.9,2.0,-6.1,1016.0,1.5,15,5,2,43,51394.9,2009.0,Mixed
2016-02-12 16:00:00,Fox_lodging_Helen,495.08,29.4,2.0,-6.1,1015.5,2.1,16,5,2,43,51394.9,2009.0,Mixed
2016-02-12 17:00:00,Fox_lodging_Helen,529.45,30.0,2.0,-6.7,1015.2,2.6,17,5,2,43,51394.9,2009.0,Mixed
2016-02-12 18:00:00,Fox_lodging_Helen,536.7,28.9,2.0,-6.1,1015.5,2.6,18,5,2,43,51394.9,2009.0,Mixed
2016-02-12 19:00:00,Fox_lodging_Helen,522.38,25.6,0.0,-3.9,1015.9,2.6,19,5,2,43,51394.9,2009.0,Mixed
2016-02-12 20:00:00,Fox_lodging_Helen,496.4,22.8,0.0,-1.7,1016.2,1.5,20,5,2,43,51394.9,2009.0,Mixed
2016-02-12 21:00:00,Fox_lodging_Helen,516.02,20.6,0.0,-0.6,1016.2,2.6,21,5,2,43,51394.9,2009.0,Mixed
2016-02-12 22:00:00,Fox_lodging_Helen,473.45,19.4,0.0,-1.1,1016.4,1.5,22,5,2,43,51394.9,2009.0,Mixed
2016-02-12 23:00:00,Fox_lodging_Helen,458.85,19.4,0.0,0.0,1016.6,0.0,23,5,2,43,51394.9,2009.0,Mixed
2016-02-13 00:00:00,Fox_lodging_Helen,447.42,17.8,0.0,1.7,1016.3,2.6,0,6,2,44,51394.9,2009.0,Mixed
2016-02-13 01:00:00,Fox_lodging_Helen,415.9,16.7,0.0,2.8,1016.1,2.1,1,6,2,44,51394.9,2009.0,Mixed
2016-02-13 02:00:00,Fox_lodging_Helen,395.23,16.1,0.0,1.7,1016.5,2.1,2,6,2,44,51394.9,2009.0,Mixed
2016-02-13 03:00:00,Fox_lodging_Helen,375.98,15.6,0.0,1.7,1016.4,0.0,3,6,2,44,51394.9,2009.0,Mixed
2016-02-13 04:00:00,Fox_lodging_Helen,351.0,14.4,0.0,0.6,1016.3,1.5,4,6,2,44,51394.9,2009.0,Mixed
2016-02-13 05:00:00,Fox_lodging_Helen,339.38,13.9,0.0,0.6,1016.3,2.6,5,6,2,44,51394.9,2009.0,Mixed
2016-02-13 06:00:00,Fox_lodging_Helen,336.92,12.8,0.0,0.6,1016.7,3.6,6,6,2,44,51394.9,2009.0,Mixed
2016-02-13 07:00:00,Fox_lodging_Helen,344.57,13.3,2.0,0.0,1017.3,0.0,7,6,2,44,51394.9,2009.0,Mixed
2016-02-13 08:00:00,Fox_lodging_Helen,339.75,13.9,2.0,0.0,1017.6,1.5,8,6,2,44,51394.9,2009.0,Mixed
2016-02-13 09:00:00,Fox_lodging_Helen,365.63,16.7,2.0,0.0,1017.3,1.5,9,6,2,44,51394.9,2009.0,Mixed
2016-02-13 10:00:00,Fox_lodging_Helen,364.73,18.9,2.0,-0.6,1017.4,0.0,10,6,2,44,51394.9,2009.0,Mixed
2016-02-13 11:00:00,Fox_lodging_Helen,362.57,22.2,2.0,-1.1,1017.1,1.5,11,6,2,44,51394.9,2009.0,Mixed
2016-02-13 12:00:00,Fox_lodging_Helen,393.87,25.6,4.0,-3.3,1016.5,1.5,12,6,2,44,51394.9,2009.0,Mixed
2016-02-13 13:00:00,Fox_lodging_Helen,399.18,27.2,4.0,-3.9,1015.6,2.1,13,6,2,44,51394.9,2009.0,Mixed
2016-02-13 14:00:00,Fox_lodging_Helen,462.15,29.4,4.0,-3.9,1014.4,2.6,14,6,2,44,51394.9,2009.0,Mixed
2016-02-13 15:00:00,Fox_lodging_Helen,477.67,28.9,4.0,-5.6,1013.2,2.6,15,6,2,44,51394.9,2009.0,Mixed
2016-02-13 16:00:00,Fox_lodging_Helen,491.6,29.4,4.0,-6.7,1012.9,2.6,16,6,2,44,51394.9,2009.0,Mixed
2016-02-13 17:00:00,Fox_lodging_Helen,523.15,28.9,4.0,-6.7,1012.9,2.6,17,6,2,44,51394.9,2009.0,Mixed
2016-02-13 18:00:00,Fox_lodging_Helen,523.22,27.8,4.0,-3.3,1012.9,4.6,18,6,2,44,51394.9,2009.0,Mixed
2016-02-13 19:00:00,Fox_lodging_Helen,500.45,26.1,4.0,-2.2,1013.2,2.6,19,6,2,44,51394.9,2009.0,Mixed
2016-02-13 20:00:00,Fox_lodging_Helen,491.87,24.4,0.0,-1.7,1013.2,2.6,20,6,2,44,51394.9,2009.0,Mixed
2016-02-13 21:00:00,Fox_lodging_Helen,526.17,23.3,0.0,-1.1,1013.7,2.1,21,6,2,44,51394.9,2009.0,Mixed
2016-02-13 22:00:00,Fox_lodging_Helen,504.65,20.0,0.0,0.6,1013.7,1.5,22,6,2,44,51394.9,2009.0,Mixed
2016-02-13 23:00:00,Fox_lodging_Helen,466.3,20.0,0.0,0.0,1013.6,0.0,23,6,2,44,51394.9,2009.0,Mixed
2016-02-14 00:00:00,Fox_lodging_Helen,448.6,18.3,0.0,0.6,1013.6,2.6,0,7,2,45,51394.9,2009.0,Mixed
2016-02-14 01:00:00,Fox_lodging_Helen,415.35,17.8,0.0,0.0,1013.3,0.0,1,7,2,45,51394.9,2009.0,Mixed
2016-02-14 02:00:00,Fox_lodging_Helen,396.07,16.1,0.0,1.1,1013.4,1.5,2,7,2,45,51394.9,2009.0,Mixed
2016-02-14 03:00:00,Fox_lodging_Helen,372.63,14.4,0.0,1.1,1014.0,2.6,3,7,2,45,51394.9,2009.0,Mixed
2016-02-14 04:00:00,Fox_lodging_Helen,353.0,14.4,2.0,1.1,1013.7,1.5,4,7,2,45,51394.9,2009.0,Mixed
2016-02-14 05:00:00,Fox_lodging_Helen,346.37,13.3,0.0,1.1,1013.6,0.0,5,7,2,45,51394.9,2009.0,Mixed
2016-02-14 06:00:00,Fox_lodging_Helen,332.98,12.8,0.0,1.1,1013.7,3.1,6,7,2,45,51394.9,2009.0,Mixed
2016-02-14 07:00:00,Fox_lodging_Helen,330.27,12.8,0.0,0.0,1014.2,2.1,7,7,2,45,51394.9,2009.0,Mixed
2016-02-14 08:00:00,Fox_lodging_Helen,332.15,11.7,0.0,1.1,1014.6,1.5,8,7,2,45,51394.9,2009.0,Mixed
2016-02-14 09:00:00,Fox_lodging_Helen,339.28,15.0,0.0,0.6,1015.2,2.1,9,7,2,45,51394.9,2009.0,Mixed
2016-02-14 10:00:00,Fox_lodging_Helen,369.87,17.8,2.0,0.0,1016.1,0.0,10,7,2,45,51394.9,2009.0,Mixed
2016-02-14 11:00:00,Fox_lodging_Helen,367.15,21.1,2.0,-1.1,1015.2,2.1,11,7,2,45,51394.9,2009.0,Mixed
2016-02-14 12:00:00,Fox_lodging_Helen,379.52,23.9,2.0,-2.8,1015.0,2.6,12,7,2,45,51394.9,2009.0,Mixed
2016-02-14 13:00:00,Fox_lodging_Helen,386.97,25.6,2.0,-2.2,1012.9,2.6,13,7,2,45,51394.9,2009.0,Mixed
2016-02-14 14:00:00,Fox_lodging_Helen,419.68,26.7,2.0,-2.2,1012.9,1.5,14,7,2,45,51394.9,2009.0,Mixed
2016-02-14 15:00:00,Fox_lodging_Helen,434.52,26.7,2.0,-2.2,1012.2,1.5,15,7,2,45,51394.9,2009.0,Mixed
2016-02-14 16:00:00,Fox_lodging_Helen,460.38,27.2,4.0,-4.4,1011.8,3.1,16,7,2,45,51394.9,2009.0,Mixed
2016-02-14 17:00:00,Fox_lodging_Helen,452.9,26.7,6.0,-5.0,1011.7,4.1,17,7,2,45,51394.9,2009.0,Mixed
2016-02-14 18:00:00,Fox_lodging_Helen,490.57,26.1,5.5,-4.4,1011.4,3.1,18,7,2,45,51394.9,2009.0,Mixed
2016-02-14 19:00:00,Fox_lodging_Helen,501.35,25.0,5.0,-4.4,1011.4,0.0,19,7,2,45,51394.9,2009.0,Mixed
2016-02-14 20:00:00,Fox_lodging_Helen,526.27,25.0,4.5,-3.9,1012.4,1.5,20,7,2,45,51394.9,2009.0,Mixed
2016-02-14 21:00:00,Fox_lodging_Helen,541.97,21.7,4.0,-2.8,1012.1,1.5,21,7,2,45,51394.9,2009.0,Mixed
2016-02-14 22:00:00,Fox_lodging_Helen,518.03,21.1,4.0,-1.7,1012.8,2.1,22,7,2,45,51394.9,2009.0,Mixed
2016-02-14 23:00:00,Fox_lodging_Helen,506.13,18.9,4.0,0.0,1013.1,3.1,23,7,2,45,51394.9,2009.0,Mixed
2016-02-15 00:00:00,Fox_lodging_Helen,474.12,17.2,2.0,0.6,1013.4,3.6,0,1,2,46,51394.9,2009.0,Mixed
2016-02-15 01:00:00,Fox_lodging_Helen,436.82,16.1,2.0,0.6,1013.7,3.1,1,1,2,46,51394.9,2009.0,Mixed
2016-02-15 02:00:00,Fox_lodging_Helen,383.37,16.1,2.0,0.6,1013.6,2.1,2,1,2,46,51394.9,2009.0,Mixed
2016-02-15 03:00:00,Fox_lodging_Helen,364.85,15.0,2.0,0.6,1014.1,0.0,3,1,2,46,51394.9,2009.0,Mixed
2016-02-15 04:00:00,Fox_lodging_Helen,347.37,13.3,2.0,0.6,1013.8,1.5,4,1,2,46,51394.9,2009.0,Mixed
2016-02-15 05:00:00,Fox_lodging_Helen,347.57,14.4,2.0,0.0,1014.0,0.0,5,1,2,46,51394.9,2009.0,Mixed
2016-02-15 06:00:00,Fox_lodging_Helen,335.07,12.8,2.0,1.1,1014.2,0.0,6,1,2,46,51394.9,2009.0,Mixed
2016-02-15 07:00:00,Fox_lodging_Helen,347.88,13.3,2.0,1.1,1014.5,0.0,7,1,2,46,51394.9,2009.0,Mixed
2016-02-15 08:00:00,Fox_lodging_Helen,388.77,13.3,2.0,1.7,1015.4,0.0,8,1,2,46,51394.9,2009.0,Mixed
2016-02-15 09:00:00,Fox_lodging_Helen,370.9,16.7,2.0,0.0,1015.2,0.0,9,1,2,46,51394.9,2009.0,Mixed
2016-02-15 10:00:00,Fox_lodging_Helen,363.0,19.4,2.0,-0.6,1015.6,0.0,10,1,2,46,51394.9,2009.0,Mixed
2016-02-15 11:00:00,Fox_lodging_Helen,360.78,22.8,2.0,-2.8,1015.4,0.0,11,1,2,46,51394.9,2009.0,Mixed
2016-02-15 12:00:00,Fox_lodging_Helen,371.27,25.0,2.0,-3.3,1014.6,1.5,12,1,2,46,51394.9,2009.0,Mixed
2016-02-15 13:00:00,Fox_lodging_Helen,400.58,26.1,2.0,-4.4,1013.6,1.5,13,1,2,46,51394.9,2009.0,Mixed
2016-02-15 14:00:00,Fox_lodging_Helen,407.18,27.8,2.0,-4.4,1011.9,0.0,14,1,2,46,51394.9,2009.0,Mixed
2016-02-15 15:00:00,Fox_lodging_Helen,449.17,28.9,2.0,-3.9,1011.2,2.1,15,1,2,46,51394.9,2009.0,Mixed
2016-02-15 16:00:00,Fox_lodging_Helen,478.1,28.9,2.0,-4.4,1010.6,1.5,16,1,2,46,51394.9,2009.0,Mixed
2016-02-15 17:00:00,Fox_lodging_Helen,516.78,28.9,2.0,-3.9,1010.4,3.6,17,1,2,46,51394.9,2009.0,Mixed
2016-02-15 18:00:00,Fox_lodging_Helen,542.05,27.8,2.0,-2.8,1010.3,3.1,18,1,2,46,51394.9,2009.0,Mixed
2016-02-15 19:00:00,Fox_lodging_Helen,570.02,26.7,2.0,-3.3,1010.6,3.1,19,1,2,46,51394.9,2009.0,Mixed
2016-02-15 20:00:00,Fox_lodging_Helen,575.07,23.9,2.0,-1.7,1011.2,2.1,20,1,2,46,51394.9,2009.0,Mixed
2016-02-15 21:00:00,Fox_lodging_Helen,578.95,22.8,2.0,-1.7,1011.9,2.6,21,1,2,46,51394.9,2009.0,Mixed
2016-02-15 22:00:00,Fox_lodging_Helen,563.72,21.1,2.0,-0.6,1012.3,1.5,22,1,2,46,51394.9,2009.0,Mixed
2016-02-15 23:00:00,Fox_lodging_Helen,526.43,20.6,2.0,0.6,1012.2,1.5,23,1,2,46,51394.9,2009.0,Mixed
2016-02-16 00:00:00,Fox_lodging_Helen,506.07,18.9,0.0,0.6,1012.3,3.6,0,2,2,47,51394.9,2009.0,Mixed
2016-02-16 01:00:00,Fox_lodging_Helen,441.63,17.2,0.0,1.1,1012.7,3.1,1,2,2,47,51394.9,2009.0,Mixed
2016-02-16 02:00:00,Fox_lodging_Helen,396.18,17.2,0.0,1.7,1012.9,2.6,2,2,2,47,51394.9,2009.0,Mixed
2016-02-16 03:00:00,Fox_lodging_Helen,363.13,16.7,0.0,1.1,1012.8,0.0,3,2,2,47,51394.9,2009.0,Mixed
2016-02-16 04:00:00,Fox_lodging_Helen,351.03,15.6,0.0,1.1,1012.6,3.1,4,2,2,47,51394.9,2009.0,Mixed
2016-02-16 05:00:00,Fox_lodging_Helen,338.15,14.4,0.0,1.7,1012.6,0.0,5,2,2,47,51394.9,2009.0,Mixed
2016-02-16 06:00:00,Fox_lodging_Helen,356.27,14.4,0.0,1.7,1013.0,1.5,6,2,2,47,51394.9,2009.0,Mixed
2016-02-16 07:00:00,Fox_lodging_Helen,363.55,12.8,2.0,2.2,1013.2,2.6,7,2,2,47,51394.9,2009.0,Mixed
2016-02-16 08:00:00,Fox_lodging_Helen,380.65,15.0,2.0,2.2,1013.6,2.1,8,2,2,47,51394.9,2009.0,Mixed
2016-02-16 09:00:00,Fox_lodging_Helen,367.17,17.2,2.0,1.7,1014.1,4.1,9,2,2,47,51394.9,2009.0,Mixed
2016-02-16 10:00:00,Fox_lodging_Helen,368.43,20.6,2.0,0.6,1014.6,2.1,10,2,2,47,51394.9,2009.0,Mixed
2016-02-16 11:00:00,Fox_lodging_Helen,367.7,23.9,2.0,1.7,1014.5,2.1,11,2,2,47,51394.9,2009.0,Mixed
2016-02-16 12:00:00,Fox_lodging_Helen,382.63,25.0,2.0,0.6,1013.4,1.5,12,2,2,47,51394.9,2009.0,Mixed
2016-02-16 13:00:00,Fox_lodging_Helen,370.63,27.2,2.0,0.0,1012.0,0.0,13,2,2,47,51394.9,2009.0,Mixed
2016-02-16 14:00:00,Fox_lodging_Helen,396.98,28.9,2.0,-1.1,1010.9,0.0,14,2,2,47,51394.9,2009.0,Mixed
2016-02-16 15:00:00,Fox_lodging_Helen,412.83,29.4,2.0,-2.8,1010.1,2.1,15,2,2,47,51394.9,2009.0,Mixed
2016-02-16 16:00:00,Fox_lodging_Helen,470.87,30.6,2.0,-2.8,1009.4,2.1,16,2,2,47,51394.9,2009.0,Mixed
2016-02-16 17:00:00,Fox_lodging_Helen,484.2,30.6,2.0,-2.2,1009.0,2.1,17,2,2,47,51394.9,2009.0,Mixed
2016-02-16 18:00:00,Fox_lodging_Helen,542.27,29.4,0.0,-2.8,1009.3,4.1,18,2,2,47,51394.9,2009.0,Mixed
2016-02-16 19:00:00,Fox_lodging_Helen,567.52,28.3,0.0,-1.1,1009.5,3.1,19,2,2,47,51394.9,2009.0,Mixed
2016-02-16 20:00:00,Fox_lodging_Helen,568.17,23.9,0.0,0.0,1009.9,3.1,20,2,2,47,51394.9,2009.0,Mixed
2016-02-16 21:00:00,Fox_lodging_Helen,569.2,23.9,0.0,-0.6,1010.0,0.0,21,2,2,47,51394.9,2009.0,Mixed
2016-02-16 22:00:00,Fox_lodging_Helen,519.42,21.7,0.0,1.7,1010.1,0.0,22,2,2,47,51394.9,2009.0,Mixed
2016-02-16 23:00:00,Fox_lodging_Helen,506.6,20.0,0.0,1.1,1010.3,3.1,23,2,2,47,51394.9,2009.0,Mixed
2016-02-17 00:00:00,Fox_lodging_Helen,496.13,18.9,0.0,1.7,1010.5,3.1,0,3,2,48,51394.9,2009.0,Mixed
2016-02-17 01:00:00,Fox_lodging_Helen,452.32,17.8,0.0,1.7,1010.5,3.1,1,3,2,48,51394.9,2009.0,Mixed
2016-02-17 02:00:00,Fox_lodging_Helen,414.25,17.2,0.0,1.7,1010.6,0.0,2,3,2,48,51394.9,2009.0,Mixed
2016-02-17 03:00:00,Fox_lodging_Helen,377.22,16.1,0.0,1.7,1010.4,2.1,3,3,2,48,51394.9,2009.0,Mixed
2016-02-17 04:00:00,Fox_lodging_Helen,359.97,16.1,0.0,2.2,1010.4,4.1,4,3,2,48,51394.9,2009.0,Mixed
2016-02-17 05:00:00,Fox_lodging_Helen,345.83,15.0,0.0,2.2,1010.6,3.6,5,3,2,48,51394.9,2009.0,Mixed
2016-02-17 06:00:00,Fox_lodging_Helen,354.67,15.6,0.0,1.7,1011.1,3.1,6,3,2,48,51394.9,2009.0,Mixed
2016-02-17 07:00:00,Fox_lodging_Helen,367.9,14.4,2.0,1.7,1011.7,3.6,7,3,2,48,51394.9,2009.0,Mixed
2016-02-17 08:00:00,Fox_lodging_Helen,372.38,15.6,2.0,1.1,1012.6,1.5,8,3,2,48,51394.9,2009.0,Mixed
2016-02-17 09:00:00,Fox_lodging_Helen,384.23,18.3,2.0,0.6,1012.9,4.1,9,3,2,48,51394.9,2009.0,Mixed
2016-02-17 10:00:00,Fox_lodging_Helen,373.33,20.6,2.0,1.1,1012.8,4.1,10,3,2,48,51394.9,2009.0,Mixed
2016-02-17 11:00:00,Fox_lodging_Helen,398.93,23.9,2.0,0.6,1012.4,3.6,11,3,2,48,51394.9,2009.0,Mixed
2016-02-17 12:00:00,Fox_lodging_Helen,402.2,26.1,2.0,-0.6,1011.6,4.1,12,3,2,48,51394.9,2009.0,Mixed
2016-02-17 13:00:00,Fox_lodging_Helen,438.38,28.3,2.0,0.0,1010.7,3.6,13,3,2,48,51394.9,2009.0,Mixed
2016-02-17 14:00:00,Fox_lodging_Helen,448.27,29.4,2.0,-1.1,1009.3,2.1,14,3,2,48,51394.9,2009.0,Mixed
2016-02-17 15:00:00,Fox_lodging_Helen,474.27,31.1,2.0,-1.7,1008.0,4.1,15,3,2,48,51394.9,2009.0,Mixed
2016-02-17 16:00:00,Fox_lodging_Helen,500.3,31.7,2.0,-2.2,1007.4,3.1,16,3,2,48,51394.9,2009.0,Mixed
2016-02-17 17:00:00,Fox_lodging_Helen,525.82,30.6,2.0,-2.8,1006.9,0.0,17,3,2,48,51394.9,2009.0,Mixed
2016-02-17 18:00:00,Fox_lodging_Helen,557.8,30.6,2.0,-1.7,1006.6,0.0,18,3,2,48,51394.9,2009.0,Mixed
2016-02-17 19:00:00,Fox_lodging_Helen,549.18,29.4,0.0,-2.8,1006.8,2.6,19,3,2,48,51394.9,2009.0,Mixed
2016-02-17 20:00:00,Fox_lodging_Helen,554.52,26.1,0.0,-0.6,1007.2,0.0,20,3,2,48,51394.9,2009.0,Mixed
2016-02-17 21:00:00,Fox_lodging_Helen,589.73,24.4,0.0,1.1,1007.6,0.0,21,3,2,48,51394.9,2009.0,Mixed
2016-02-17 22:00:00,Fox_lodging_Helen,571.08,23.3,0.0,0.6,1008.0,0.0,22,3,2,48,51394.9,2009.0,Mixed
2016-02-17 23:00:00,Fox_lodging_Helen,568.12,20.6,0.0,2.2,1008.3,3.6,23,3,2,48,51394.9,2009.0,Mixed
2016-02-18 00:00:00,Fox_lodging_Helen,489.68,18.9,0.0,1.7,1008.7,3.6,0,4,2,49,51394.9,2009.0,Mixed
2016-02-18 01:00:00,Fox_lodging_Helen,455.0,18.3,0.0,2.2,1009.0,4.6,1,4,2,49,51394.9,2009.0,Mixed
2016-02-18 02:00:00,Fox_lodging_Helen,404.6,18.3,4.0,2.2,1009.3,3.1,2,4,2,49,51394.9,2009.0,Mixed
2016-02-18 03:00:00,Fox_lodging_Helen,369.93,17.8,4.0,1.1,1009.4,3.6,3,4,2,49,51394.9,2009.0,Mixed
2016-02-18 04:00:00,Fox_lodging_Helen,356.55,16.1,4.0,1.1,1009.6,3.6,4,4,2,49,51394.9,2009.0,Mixed
2016-02-18 05:00:00,Fox_lodging_Helen,343.8,15.6,0.0,1.1,1009.6,3.6,5,4,2,49,51394.9,2009.0,Mixed
2016-02-18 06:00:00,Fox_lodging_Helen,339.98,15.0,2.0,1.7,1010.1,4.1,6,4,2,49,51394.9,2009.0,Mixed
2016-02-18 07:00:00,Fox_lodging_Helen,368.75,14.4,2.8,1.7,1010.4,4.6,7,4,2,49,51394.9,2009.0,Mixed
2016-02-18 08:00:00,Fox_lodging_Helen,383.8,15.6,3.6,1.1,1011.6,3.6,8,4,2,49,51394.9,2009.0,Mixed
2016-02-18 09:00:00,Fox_lodging_Helen,406.38,18.9,4.4,0.0,1012.4,3.1,9,4,2,49,51394.9,2009.0,Mixed
2016-02-18 10:00:00,Fox_lodging_Helen,442.17,19.4,4.4,0.6,1012.9,4.1,10,4,2,49,51394.9,2009.0,Mixed
2016-02-18 11:00:00,Fox_lodging_Helen,430.93,22.2,6.0,0.6,1012.2,4.6,11,4,2,49,51394.9,2009.0,Mixed
2016-02-18 12:00:00,Fox_lodging_Helen,430.35,23.9,6.0,-1.1,1011.9,4.1,12,4,2,49,51394.9,2009.0,Mixed
2016-02-18 13:00:00,Fox_lodging_Helen,447.33,26.1,6.0,-1.7,1011.6,0.0,13,4,2,49,51394.9,2009.0,Mixed
2016-02-18 14:00:00,Fox_lodging_Helen,460.12,26.7,6.0,-2.8,1010.9,1.5,14,4,2,49,51394.9,2009.0,Mixed
2016-02-18 15:00:00,Fox_lodging_Helen,449.87,27.2,6.0,-3.3,1010.8,2.1,15,4,2,49,51394.9,2009.0,Mixed
2016-02-18 16:00:00,Fox_lodging_Helen,470.27,27.2,6.0,-4.4,1010.7,2.1,16,4,2,49,51394.9,2009.0,Mixed
2016-02-18 17:00:00,Fox_lodging_Helen,520.48,27.2,6.0,-2.8,1011.1,3.1,17,4,2,49,51394.9,2009.0,Mixed
2016-02-18 18:00:00,Fox_lodging_Helen,548.83,26.7,5.666666666666667,-3.3,1011.0,4.6,18,4,2,49,51394.9,2009.0,Mixed
2016-02-18 19:00:00,Fox_lodging_Helen,522.15,25.6,5.333333333333333,-2.8,1011.7,5.1,19,4,2,49,51394.9,2009.0,Mixed
2016-02-18 20:00:00,Fox_lodging_Helen,519.63,25.6,5.0,-2.8,1012.4,2.1,20,4,2,49,51394.9,2009.0,Mixed
2016-02-18 21:00:00,Fox_lodging_Helen,512.8,23.3,5.0,-1.7,1012.8,0.0,21,4,2,49,51394.9,2009.0,Mixed
2016-02-18 22:00:00,Fox_lodging_Helen,521.32,20.6,5.0,-0.6,1013.1,2.1,22,4,2,49,51394.9,2009.0,Mixed
2016-02-18 23:00:00,Fox_lodging_Helen,494.12,20.0,4.0,0.0,1013.0,2.1,23,4,2,49,51394.9,2009.0,Mixed
2016-02-19 00:00:00,Fox_lodging_Helen,466.07,18.3,4.666666666666667,-0.6,1013.4,3.1,0,5,2,50,51394.9,2009.0,Mixed
2016-02-19 01:00:00,Fox_lodging_Helen,447.82,17.8,5.333333333333333,0.0,1013.4,3.1,1,5,2,50,51394.9,2009.0,Mixed
2016-02-19 02:00:00,Fox_lodging_Helen,396.93,16.7,6.0,0.0,1013.3,3.6,2,5,2,50,51394.9,2009.0,Mixed
2016-02-19 03:00:00,Fox_lodging_Helen,372.42,16.7,6.0,0.6,1013.0,3.1,3,5,2,50,51394.9,2009.0,Mixed
2016-02-19 04:00:00,Fox_lodging_Helen,349.07,16.1,6.0,1.1,1013.3,3.1,4,5,2,50,51394.9,2009.0,Mixed
2016-02-19 05:00:00,Fox_lodging_Helen,339.98,15.6,8.0,0.6,1013.5,3.1,5,5,2,50,51394.9,2009.0,Mixed
2016-02-19 06:00:00,Fox_lodging_Helen,341.87,16.1,7.666666666666667,0.0,1014.0,4.1,6,5,2,50,51394.9,2009.0,Mixed
2016-02-19 07:00:00,Fox_lodging_Helen,360.87,16.7,7.333333333333333,-0.6,1014.3,3.6,7,5,2,50,51394.9,2009.0,Mixed
2016-02-19 08:00:00,Fox_lodging_Helen,389.87,16.7,7.0,-0.6,1015.4,2.1,8,5,2,50,51394.9,2009.0,Mixed
2016-02-19 09:00:00,Fox_lodging_Helen,404.17,17.8,7.0,0.0,1016.0,2.1,9,5,2,50,51394.9,2009.0,Mixed
2016-02-19 10:00:00,Fox_lodging_Helen,413.27,19.4,7.0,0.0,1016.1,1.5,10,5,2,50,51394.9,2009.0,Mixed
2016-02-19 11:00:00,Fox_lodging_Helen,460.95,21.7,6.0,0.0,1016.2,3.1,11,5,2,50,51394.9,2009.0,Mixed
2016-02-19 12:00:00,Fox_lodging_Helen,440.6,23.9,6.0,-1.1,1015.8,2.1,12,5,2,50,51394.9,2009.0,Mixed
2016-02-19 13:00:00,Fox_lodging_Helen,460.33,25.6,6.0,-2.2,1015.0,2.1,13,5,2,50,51394.9,2009.0,Mixed
2016-02-19 14:00:00,Fox_lodging_Helen,472.13,26.1,6.0,-3.3,1014.1,0.0,14,5,2,50,51394.9,2009.0,Mixed
2016-02-19 15:00:00,Fox_lodging_Helen,480.27,26.7,6.0,-4.4,1013.4,0.0,15,5,2,50,51394.9,2009.0,Mixed
2016-02-19 16:00:00,Fox_lodging_Helen,467.47,26.7,6.0,-3.3,1013.3,2.1,16,5,2,50,51394.9,2009.0,Mixed
2016-02-19 17:00:00,Fox_lodging_Helen,480.92,26.7,6.0,-4.4,1013.3,2.6,17,5,2,50,51394.9,2009.0,Mixed
2016-02-19 18:00:00,Fox_lodging_Helen,507.67,26.7,5.5,-5.0,1013.4,3.1,18,5,2,50,51394.9,2009.0,Mixed
2016-02-19 19:00:00,Fox_lodging_Helen,489.12,23.3,5.0,-2.8,1013.9,1.5,19,5,2,50,51394.9,2009.0,Mixed
2016-02-19 20:00:00,Fox_lodging_Helen,480.63,21.7,4.5,-1.7,1014.4,1.5,20,5,2,50,51394.9,2009.0,Mixed
2016-02-19 21:00:00,Fox_lodging_Helen,480.82,20.6,4.0,-1.1,1014.7,0.0,21,5,2,50,51394.9,2009.0,Mixed
2016-02-19 22:00:00,Fox_lodging_Helen,476.07,18.3,0.0,0.0,1014.9,1.5,22,5,2,50,51394.9,2009.0,Mixed
2016-02-19 23:00:00,Fox_lodging_Helen,455.43,18.3,0.0,0.0,1015.3,3.6,23,5,2,50,51394.9,2009.0,Mixed
2016-02-20 00:00:00,Fox_lodging_Helen,434.02,16.7,0.0,1.1,1015.2,2.6,0,6,2,51,51394.9,2009.0,Mixed
2016-02-20 01:00:00,Fox_lodging_Helen,404.97,16.1,0.0,0.6,1014.9,2.6,1,6,2,51,51394.9,2009.0,Mixed
2016-02-20 02:00:00,Fox_lodging_Helen,374.68,15.6,0.0,0.0,1015.1,2.6,2,6,2,51,51394.9,2009.0,Mixed
2016-02-20 03:00:00,Fox_lodging_Helen,355.75,15.6,0.0,0.6,1015.0,0.0,3,6,2,51,51394.9,2009.0,Mixed
2016-02-20 04:00:00,Fox_lodging_Helen,342.28,14.4,0.0,0.0,1014.9,1.5,4,6,2,51,51394.9,2009.0,Mixed
2016-02-20 05:00:00,Fox_lodging_Helen,335.55,14.4,0.0,0.0,1014.7,1.5,5,6,2,51,51394.9,2009.0,Mixed
2016-02-20 06:00:00,Fox_lodging_Helen,330.3,12.8,0.0,0.0,1015.1,2.6,6,6,2,51,51394.9,2009.0,Mixed
2016-02-20 07:00:00,Fox_lodging_Helen,344.83,12.2,4.0,0.0,1015.7,1.5,7,6,2,51,51394.9,2009.0,Mixed
2016-02-20 08:00:00,Fox_lodging_Helen,349.65,13.3,4.0,0.0,1016.2,2.1,8,6,2,51,51394.9,2009.0,Mixed
2016-02-20 09:00:00,Fox_lodging_Helen,331.13,16.7,4.0,-0.6,1016.8,3.1,9,6,2,51,51394.9,2009.0,Mixed
2016-02-20 10:00:00,Fox_lodging_Helen,368.5,20.0,4.0,-1.1,1017.1,2.6,10,6,2,51,51394.9,2009.0,Mixed
2016-02-20 11:00:00,Fox_lodging_Helen,377.48,22.8,4.0,-1.1,1016.9,2.6,11,6,2,51,51394.9,2009.0,Mixed
2016-02-20 12:00:00,Fox_lodging_Helen,385.08,24.4,4.0,-1.7,1016.3,0.0,12,6,2,51,51394.9,2009.0,Mixed
2016-02-20 13:00:00,Fox_lodging_Helen,384.75,27.2,4.0,-2.8,1015.0,0.0,13,6,2,51,51394.9,2009.0,Mixed
2016-02-20 14:00:00,Fox_lodging_Helen,392.98,27.8,4.0,-3.3,1013.5,2.1,14,6,2,51,51394.9,2009.0,Mixed
2016-02-20 15:00:00,Fox_lodging_Helen,438.45,28.9,4.0,-4.4,1012.5,3.1,15,6,2,51,51394.9,2009.0,Mixed
2016-02-20 16:00:00,Fox_lodging_Helen,462.35,29.4,4.0,-5.6,1012.1,4.1,16,6,2,51,51394.9,2009.0,Mixed
2016-02-20 17:00:00,Fox_lodging_Helen,490.82,28.9,4.0,-5.6,1011.8,1.5,17,6,2,51,51394.9,2009.0,Mixed
2016-02-20 18:00:00,Fox_lodging_Helen,507.77,28.3,4.0,-4.4,1011.8,4.1,18,6,2,51,51394.9,2009.0,Mixed
2016-02-20 19:00:00,Fox_lodging_Helen,525.58,26.7,4.0,-3.3,1012.5,2.6,19,6,2,51,51394.9,2009.0,Mixed
2016-02-20 20:00:00,Fox_lodging_Helen,513.73,25.0,4.0,-3.9,1012.9,1.5,20,6,2,51,51394.9,2009.0,Mixed
2016-02-20 21:00:00,Fox_lodging_Helen,511.92,24.4,4.0,-2.8,1013.2,1.5,21,6,2,51,51394.9,2009.0,Mixed
2016-02-20 22:00:00,Fox_lodging_Helen,493.35,23.9,0.0,-1.1,1013.6,0.0,22,6,2,51,51394.9,2009.0,Mixed
2016-02-20 23:00:00,Fox_lodging_Helen,469.33,18.3,2.0,0.6,1013.6,3.6,23,6,2,51,51394.9,2009.0,Mixed
2016-02-21 00:00:00,Fox_lodging_Helen,446.92,18.3,2.0,0.6,1013.7,3.1,0,7,2,52,51394.9,2009.0,Mixed
2016-02-21 01:00:00,Fox_lodging_Helen,424.97,20.0,2.0,-1.1,1013.4,2.1,1,7,2,52,51394.9,2009.0,Mixed
2016-02-21 02:00:00,Fox_lodging_Helen,407.55,17.8,2.0,-0.6,1013.4,0.0,2,7,2,52,51394.9,2009.0,Mixed
2016-02-21 03:00:00,Fox_lodging_Helen,384.33,16.1,2.0,0.6,1013.1,1.5,3,7,2,52,51394.9,2009.0,Mixed
2016-02-21 04:00:00,Fox_lodging_Helen,357.28,15.0,2.0,1.1,1012.9,0.0,4,7,2,52,51394.9,2009.0,Mixed
2016-02-21 05:00:00,Fox_lodging_Helen,340.23,14.4,0.0,1.1,1012.9,0.0,5,7,2,52,51394.9,2009.0,Mixed
2016-02-21 06:00:00,Fox_lodging_Helen,334.23,14.4,2.0,1.1,1013.1,1.5,6,7,2,52,51394.9,2009.0,Mixed
2016-02-21 07:00:00,Fox_lodging_Helen,341.8,13.9,2.0,1.7,1013.6,1.5,7,7,2,52,51394.9,2009.0,Mixed
2016-02-21 08:00:00,Fox_lodging_Helen,343.35,14.4,0.0,1.1,1014.6,0.0,8,7,2,52,51394.9,2009.0,Mixed
2016-02-21 09:00:00,Fox_lodging_Helen,333.73,17.2,0.0,0.0,1014.2,4.6,9,7,2,52,51394.9,2009.0,Mixed
2016-02-21 10:00:00,Fox_lodging_Helen,340.18,19.4,0.0,0.0,1015.1,0.0,10,7,2,52,51394.9,2009.0,Mixed
2016-02-21 11:00:00,Fox_lodging_Helen,364.45,21.1,0.0,0.0,1015.8,0.0,11,7,2,52,51394.9,2009.0,Mixed
2016-02-21 12:00:00,Fox_lodging_Helen,380.25,23.9,0.0,0.0,1015.5,1.5,12,7,2,52,51394.9,2009.0,Mixed
2016-02-21 13:00:00,Fox_lodging_Helen,410.03,25.6,0.0,0.0,1013.6,0.0,13,7,2,52,51394.9,2009.0,Mixed
2016-02-21 14:00:00,Fox_lodging_Helen,437.8,28.3,0.0,-2.8,1011.9,2.6,14,7,2,52,51394.9,2009.0,Mixed
2016-02-21 15:00:00,Fox_lodging_Helen,427.83,28.9,0.0,-1.7,1011.4,0.0,15,7,2,52,51394.9,2009.0,Mixed
2016-02-21 16:00:00,Fox_lodging_Helen,463.17,28.3,2.0,-4.4,1011.1,4.6,16,7,2,52,51394.9,2009.0,Mixed
2016-02-21 17:00:00,Fox_lodging_Helen,523.83,28.9,2.0,-4.4,1011.1,6.2,17,7,2,52,51394.9,2009.0,Mixed
2016-02-21 18:00:00,Fox_lodging_Helen,522.57,28.3,2.0,-6.1,1011.1,4.6,18,7,2,52,51394.9,2009.0,Mixed
2016-02-21 19:00:00,Fox_lodging_Helen,570.3,25.6,2.0,-2.8,1011.2,2.6,19,7,2,52,51394.9,2009.0,Mixed
2016-02-21 20:00:00,Fox_lodging_Helen,566.5,25.0,0.0,-3.9,1011.7,2.6,20,7,2,52,51394.9,2009.0,Mixed
2016-02-21 21:00:00,Fox_lodging_Helen,556.32,23.3,0.0,-3.3,1012.0,0.0,21,7,2,52,51394.9,2009.0,Mixed
2016-02-21 22:00:00,Fox_lodging_Helen,548.95,22.8,0.0,-4.4,1012.1,2.1,22,7,2,52,51394.9,2009.0,Mixed
2016-02-21 23:00:00,Fox_lodging_Helen,513.43,19.4,2.0,-2.8,1011.8,3.1,23,7,2,52,51394.9,2009.0,Mixed
2016-02-22 00:00:00,Fox_lodging_Helen,499.22,20.0,0.0,-5.0,1011.4,0.0,0,1,2,53,51394.9,2009.0,Mixed
2016-02-22 01:00:00,Fox_lodging_Helen,437.22,18.3,0.0,-3.3,1011.2,2.1,1,1,2,53,51394.9,2009.0,Mixed
2016-02-22 02:00:00,Fox_lodging_Helen,401.93,16.1,0.0,0.0,1011.0,2.6,2,1,2,53,51394.9,2009.0,Mixed
2016-02-22 03:00:00,Fox_lodging_Helen,380.13,14.4,0.0,1.1,1010.7,2.6,3,1,2,53,51394.9,2009.0,Mixed
2016-02-22 04:00:00,Fox_lodging_Helen,347.22,13.9,2.0,0.6,1010.5,3.1,4,1,2,53,51394.9,2009.0,Mixed
2016-02-22 05:00:00,Fox_lodging_Helen,337.68,13.3,2.0,0.6,1010.0,2.6,5,1,2,53,51394.9,2009.0,Mixed
2016-02-22 06:00:00,Fox_lodging_Helen,342.03,13.9,0.0,-0.6,1009.0,3.1,6,1,2,53,51394.9,2009.0,Mixed
2016-02-22 07:00:00,Fox_lodging_Helen,359.35,12.8,0.0,-0.6,1009.8,2.6,7,1,2,53,51394.9,2009.0,Mixed
2016-02-22 08:00:00,Fox_lodging_Helen,377.17,13.3,0.0,0.6,1010.7,0.0,8,1,2,53,51394.9,2009.0,Mixed
2016-02-22 09:00:00,Fox_lodging_Helen,374.03,15.6,0.0,0.6,1010.9,2.6,9,1,2,53,51394.9,2009.0,Mixed
2016-02-22 10:00:00,Fox_lodging_Helen,384.93,17.8,0.0,-1.7,1011.6,1.5,10,1,2,53,51394.9,2009.0,Mixed
2016-02-22 11:00:00,Fox_lodging_Helen,417.93,20.6,0.0,-1.1,1011.3,2.1,11,1,2,53,51394.9,2009.0,Mixed
2016-02-22 12:00:00,Fox_lodging_Helen,408.37,22.2,0.0,-2.2,1010.8,2.1,12,1,2,53,51394.9,2009.0,Mixed
2016-02-22 13:00:00,Fox_lodging_Helen,399.42,25.0,2.0,-2.8,1009.5,3.6,13,1,2,53,51394.9,2009.0,Mixed
2016-02-22 14:00:00,Fox_lodging_Helen,411.72,25.6,2.0,-2.2,1008.2,4.1,14,1,2,53,51394.9,2009.0,Mixed
2016-02-22 15:00:00,Fox_lodging_Helen,423.98,28.9,2.0,-3.3,1006.9,5.7,15,1,2,53,51394.9,2009.0,Mixed
2016-02-22 16:00:00,Fox_lodging_Helen,469.07,28.9,2.0,-6.1,1006.3,11.8,16,1,2,53,51394.9,2009.0,Mixed
2016-02-22 17:00:00,Fox_lodging_Helen,503.63,28.3,2.0,-6.7,1006.1,10.3,17,1,2,53,51394.9,2009.0,Mixed
2016-02-22 18:00:00,Fox_lodging_Helen,505.47,27.2,2.0,-9.4,1006.2,10.3,18,1,2,53,51394.9,2009.0,Mixed
2016-02-22 19:00:00,Fox_lodging_Helen,536.27,26.1,0.0,-10.6,1007.0,8.8,19,1,2,53,51394.9,2009.0,Mixed
2016-02-22 20:00:00,Fox_lodging_Helen,533.8,24.4,0.0,-11.1,1008.1,8.2,20,1,2,53,51394.9,2009.0,Mixed
2016-02-22 21:00:00,Fox_lodging_Helen,547.7,23.3,0.0,-10.6,1008.9,7.7,21,1,2,53,51394.9,2009.0,Mixed
2016-02-22 22:00:00,Fox_lodging_Helen,555.95,22.8,0.0,-8.3,1009.8,5.7,22,1,2,53,51394.9,2009.0,Mixed
2016-02-22 23:00:00,Fox_lodging_Helen,546.87,21.7,0.0,-7.8,1010.3,7.2,23,1,2,53,51394.9,2009.0,Mixed
2016-02-23 00:00:00,Fox_lodging_Helen,496.72,20.6,0.0,-6.7,1010.8,5.1,0,2,2,54,51394.9,2009.0,Mixed
2016-02-23 01:00:00,Fox_lodging_Helen,429.97,19.4,0.0,-6.1,1011.4,2.1,1,2,2,54,51394.9,2009.0,Mixed
2016-02-23 02:00:00,Fox_lodging_Helen,392.67,18.3,0.0,-6.1,1011.9,2.1,2,2,2,54,51394.9,2009.0,Mixed
2016-02-23 03:00:00,Fox_lodging_Helen,363.7,15.0,0.0,-5.0,1011.9,2.6,3,2,2,54,51394.9,2009.0,Mixed
2016-02-23 04:00:00,Fox_lodging_Helen,354.2,15.0,4.0,-5.6,1012.4,3.6,4,2,2,54,51394.9,2009.0,Mixed
2016-02-23 05:00:00,Fox_lodging_Helen,345.5,17.2,4.0,-7.8,1012.5,3.1,5,2,2,54,51394.9,2009.0,Mixed
2016-02-23 06:00:00,Fox_lodging_Helen,356.48,17.2,2.0,-7.2,1013.1,5.1,6,2,2,54,51394.9,2009.0,Mixed
2016-02-23 07:00:00,Fox_lodging_Helen,360.37,16.1,4.0,-6.7,1014.2,3.1,7,2,2,54,51394.9,2009.0,Mixed
2016-02-23 08:00:00,Fox_lodging_Helen,375.67,16.1,2.0,-6.1,1015.2,4.6,8,2,2,54,51394.9,2009.0,Mixed
2016-02-23 09:00:00,Fox_lodging_Helen,368.98,17.2,2.0,-6.1,1015.8,4.6,9,2,2,54,51394.9,2009.0,Mixed
2016-02-23 10:00:00,Fox_lodging_Helen,346.08,18.3,4.0,-6.7,1016.4,5.1,10,2,2,54,51394.9,2009.0,Mixed
2016-02-23 11:00:00,Fox_lodging_Helen,358.62,19.4,4.0,-6.7,1016.5,2.1,11,2,2,54,51394.9,2009.0,Mixed
2016-02-23 12:00:00,Fox_lodging_Helen,385.77,21.1,4.0,-7.8,1016.3,5.7,12,2,2,54,51394.9,2009.0,Mixed
2016-02-23 13:00:00,Fox_lodging_Helen,359.65,20.0,4.0,-11.1,1015.7,1.5,13,2,2,54,51394.9,2009.0,Mixed
2016-02-23 14:00:00,Fox_lodging_Helen,358.97,21.7,4.0,-12.8,1014.9,3.6,14,2,2,54,51394.9,2009.0,Mixed
2016-02-23 15:00:00,Fox_lodging_Helen,386.03,22.2,4.0,-12.2,1014.4,2.6,15,2,2,54,51394.9,2009.0,Mixed
2016-02-23 16:00:00,Fox_lodging_Helen,442.0,22.8,4.0,-12.2,1014.2,3.1,16,2,2,54,51394.9,2009.0,Mixed
2016-02-23 17:00:00,Fox_lodging_Helen,498.55,22.8,4.0,-11.1,1014.5,3.1,17,2,2,54,51394.9,2009.0,Mixed
2016-02-23 18:00:00,Fox_lodging_Helen,525.57,22.2,4.0,-12.2,1014.8,0.0,18,2,2,54,51394.9,2009.0,Mixed
2016-02-23 19:00:00,Fox_lodging_Helen,530.98,20.0,4.0,-9.4,1015.6,3.1,19,2,2,54,51394.9,2009.0,Mixed
2016-02-23 20:00:00,Fox_lodging_Helen,537.63,20.0,4.0,-10.6,1016.5,2.6,20,2,2,54,51394.9,2009.0,Mixed
2016-02-23 21:00:00,Fox_lodging_Helen,524.85,19.4,4.0,-10.0,1017.7,2.6,21,2,2,54,51394.9,2009.0,Mixed
2016-02-23 22:00:00,Fox_lodging_Helen,530.32,18.9,4.0,-10.6,1018.2,4.1,22,2,2,54,51394.9,2009.0,Mixed
2016-02-23 23:00:00,Fox_lodging_Helen,506.63,17.2,4.0,-9.4,1018.9,0.0,23,2,2,54,51394.9,2009.0,Mixed
2016-02-24 00:00:00,Fox_lodging_Helen,463.95,17.8,4.0,-10.0,1019.1,1.5,0,3,2,55,51394.9,2009.0,Mixed
2016-02-24 01:00:00,Fox_lodging_Helen,419.05,16.7,2.0,-8.9,1019.2,1.5,1,3,2,55,51394.9,2009.0,Mixed
2016-02-24 02:00:00,Fox_lodging_Helen,378.73,15.0,2.0,-7.8,1019.7,2.1,2,3,2,55,51394.9,2009.0,Mixed
2016-02-24 03:00:00,Fox_lodging_Helen,354.88,11.7,2.0,-5.6,1020.2,2.1,3,3,2,55,51394.9,2009.0,Mixed
2016-02-24 04:00:00,Fox_lodging_Helen,341.97,15.0,2.0,-7.2,1019.8,4.1,4,3,2,55,51394.9,2009.0,Mixed
2016-02-24 05:00:00,Fox_lodging_Helen,338.6,15.0,0.0,-7.2,1019.8,0.0,5,3,2,55,51394.9,2009.0,Mixed
2016-02-24 06:00:00,Fox_lodging_Helen,332.07,12.2,2.0,-5.6,1020.5,0.0,6,3,2,55,51394.9,2009.0,Mixed
2016-02-24 07:00:00,Fox_lodging_Helen,345.07,14.4,2.0,-6.1,1020.6,3.1,7,3,2,55,51394.9,2009.0,Mixed
2016-02-24 08:00:00,Fox_lodging_Helen,366.5,16.1,2.0,-6.1,1021.0,5.1,8,3,2,55,51394.9,2009.0,Mixed
2016-02-24 09:00:00,Fox_lodging_Helen,363.87,17.2,2.0,-6.1,1021.6,8.2,9,3,2,55,51394.9,2009.0,Mixed
2016-02-24 10:00:00,Fox_lodging_Helen,375.42,18.3,2.0,-5.6,1021.5,7.2,10,3,2,55,51394.9,2009.0,Mixed
2016-02-24 11:00:00,Fox_lodging_Helen,369.97,19.4,2.0,-6.1,1021.2,5.1,11,3,2,55,51394.9,2009.0,Mixed
2016-02-24 12:00:00,Fox_lodging_Helen,366.93,21.1,2.0,-6.7,1020.4,5.1,12,3,2,55,51394.9,2009.0,Mixed
2016-02-24 13:00:00,Fox_lodging_Helen,366.75,22.2,2.0,-7.2,1019.2,5.7,13,3,2,55,51394.9,2009.0,Mixed
2016-02-24 14:00:00,Fox_lodging_Helen,370.58,22.8,0.0,-7.8,1017.9,3.6,14,3,2,55,51394.9,2009.0,Mixed
2016-02-24 15:00:00,Fox_lodging_Helen,390.72,23.3,0.0,-8.9,1017.0,0.0,15,3,2,55,51394.9,2009.0,Mixed
2016-02-24 16:00:00,Fox_lodging_Helen,431.83,24.4,0.0,-8.9,1016.3,1.5,16,3,2,55,51394.9,2009.0,Mixed
2016-02-24 17:00:00,Fox_lodging_Helen,459.23,25.0,0.0,-8.3,1015.7,3.1,17,3,2,55,51394.9,2009.0,Mixed
2016-02-24 18:00:00,Fox_lodging_Helen,494.7,24.4,0.0,-8.3,1015.7,0.0,18,3,2,55,51394.9,2009.0,Mixed
2016-02-24 19:00:00,Fox_lodging_Helen,495.47,21.7,0.0,-5.6,1016.1,2.6,19,3,2,55,51394.9,2009.0,Mixed
2016-02-24 20:00:00,Fox_lodging_Helen,501.55,21.7,0.0,-7.2,1016.3,3.1,20,3,2,55,51394.9,2009.0,Mixed
2016-02-24 21:00:00,Fox_lodging_Helen,519.82,18.9,0.0,-5.6,1016.7,1.5,21,3,2,55,51394.9,2009.0,Mixed
2016-02-24 22:00:00,Fox_lodging_Helen,497.55,20.0,0.0,-6.7,1016.9,1.5,22,3,2,55,51394.9,2009.0,Mixed
2016-02-24 23:00:00,Fox_lodging_Helen,466.58,17.2,0.0,-5.0,1016.9,0.0,23,3,2,55,51394.9,2009.0,Mixed
2016-02-25 00:00:00,Fox_lodging_Helen,443.57,16.1,0.0,-3.3,1016.8,0.0,0,4,2,56,51394.9,2009.0,Mixed
2016-02-25 01:00:00,Fox_lodging_Helen,402.4,16.7,0.0,-3.9,1016.5,2.1,1,4,2,56,51394.9,2009.0,Mixed
2016-02-25 02:00:00,Fox_lodging_Helen,379.62,15.0,0.0,-3.3,1016.5,0.0,2,4,2,56,51394.9,2009.0,Mixed
2016-02-25 03:00:00,Fox_lodging_Helen,375.18,12.2,0.0,-1.7,1016.6,1.5,3,4,2,56,51394.9,2009.0,Mixed
2016-02-25 04:00:00,Fox_lodging_Helen,338.98,13.3,0.0,-3.3,1016.4,0.0,4,4,2,56,51394.9,2009.0,Mixed
2016-02-25 05:00:00,Fox_lodging_Helen,346.08,12.8,0.0,-2.8,1016.5,0.0,5,4,2,56,51394.9,2009.0,Mixed
2016-02-25 06:00:00,Fox_lodging_Helen,361.57,12.8,0.0,-2.8,1017.0,2.6,6,4,2,56,51394.9,2009.0,Mixed
2016-02-25 07:00:00,Fox_lodging_Helen,370.55,11.7,2.0,-2.2,1017.8,0.0,7,4,2,56,51394.9,2009.0,Mixed
2016-02-25 08:00:00,Fox_lodging_Helen,364.08,13.9,2.0,-2.8,1018.5,1.5,8,4,2,56,51394.9,2009.0,Mixed
2016-02-25 09:00:00,Fox_lodging_Helen,358.78,16.7,2.0,-3.3,1019.3,2.1,9,4,2,56,51394.9,2009.0,Mixed
2016-02-25 10:00:00,Fox_lodging_Helen,346.67,19.4,2.0,-4.4,1019.3,4.1,10,4,2,56,51394.9,2009.0,Mixed
2016-02-25 11:00:00,Fox_lodging_Helen,338.72,21.7,2.0,-6.7,1018.9,5.1,11,4,2,56,51394.9,2009.0,Mixed
2016-02-25 12:00:00,Fox_lodging_Helen,366.6,23.9,0.0,-8.3,1018.4,4.1,12,4,2,56,51394.9,2009.0,Mixed
2016-02-25 13:00:00,Fox_lodging_Helen,376.7,25.6,0.0,-8.9,1017.3,3.1,13,4,2,56,51394.9,2009.0,Mixed
2016-02-25 14:00:00,Fox_lodging_Helen,386.33,26.1,0.0,-8.9,1016.1,2.6,14,4,2,56,51394.9,2009.0,Mixed
2016-02-25 15:00:00,Fox_lodging_Helen,402.77,27.8,0.0,-8.9,1015.5,2.1,15,4,2,56,51394.9,2009.0,Mixed
2016-02-25 16:00:00,Fox_lodging_Helen,459.15,27.8,0.0,-9.4,1014.7,1.5,16,4,2,56,51394.9,2009.0,Mixed
2016-02-25 17:00:00,Fox_lodging_Helen,515.5,28.3,0.0,-9.4,1014.4,0.0,17,4,2,56,51394.9,2009.0,Mixed
2016-02-25 18:00:00,Fox_lodging_Helen,525.28,27.8,0.0,-9.4,1014.4,2.1,18,4,2,56,51394.9,2009.0,Mixed
2016-02-25 19:00:00,Fox_lodging_Helen,515.8,27.2,0.0,-8.9,1014.7,3.1,19,4,2,56,51394.9,2009.0,Mixed
2016-02-25 20:00:00,Fox_lodging_Helen,530.25,22.8,0.0,-5.0,1015.3,2.6,20,4,2,56,51394.9,2009.0,Mixed
2016-02-25 21:00:00,Fox_lodging_Helen,542.48,21.1,0.0,-4.4,1015.8,2.6,21,4,2,56,51394.9,2009.0,Mixed
2016-02-25 22:00:00,Fox_lodging_Helen,529.67,21.7,0.0,-6.1,1016.0,1.5,22,4,2,56,51394.9,2009.0,Mixed
2016-02-25 23:00:00,Fox_lodging_Helen,497.18,19.4,0.0,-5.0,1016.4,0.0,23,4,2,56,51394.9,2009.0,Mixed
2016-02-26 00:00:00,Fox_lodging_Helen,461.08,17.8,0.0,-3.9,1016.4,1.5,0,5,2,57,51394.9,2009.0,Mixed
2016-02-26 01:00:00,Fox_lodging_Helen,445.47,17.2,0.0,-0.6,1016.3,1.5,1,5,2,57,51394.9,2009.0,Mixed
2016-02-26 02:00:00,Fox_lodging_Helen,411.03,16.1,0.0,-1.1,1016.4,2.6,2,5,2,57,51394.9,2009.0,Mixed
2016-02-26 03:00:00,Fox_lodging_Helen,366.2,14.4,0.0,-0.6,1016.4,0.0,3,5,2,57,51394.9,2009.0,Mixed
2016-02-26 04:00:00,Fox_lodging_Helen,352.65,15.0,0.0,-1.7,1016.4,1.5,4,5,2,57,51394.9,2009.0,Mixed
2016-02-26 05:00:00,Fox_lodging_Helen,340.88,14.4,0.0,-1.1,1016.5,1.5,5,5,2,57,51394.9,2009.0,Mixed
2016-02-26 06:00:00,Fox_lodging_Helen,333.45,15.6,0.0,-3.3,1017.0,2.6,6,5,2,57,51394.9,2009.0,Mixed
2016-02-26 07:00:00,Fox_lodging_Helen,345.17,15.0,0.0,-2.2,1017.6,2.6,7,5,2,57,51394.9,2009.0,Mixed
2016-02-26 08:00:00,Fox_lodging_Helen,373.93,15.0,0.0,-1.1,1018.2,3.1,8,5,2,57,51394.9,2009.0,Mixed
2016-02-26 09:00:00,Fox_lodging_Helen,370.32,20.0,0.0,-4.4,1018.4,3.6,9,5,2,57,51394.9,2009.0,Mixed
2016-02-26 10:00:00,Fox_lodging_Helen,364.47,22.8,0.0,-4.4,1018.5,4.1,10,5,2,57,51394.9,2009.0,Mixed
2016-02-26 11:00:00,Fox_lodging_Helen,385.98,25.6,0.0,-6.1,1018.2,5.1,11,5,2,57,51394.9,2009.0,Mixed
2016-02-26 12:00:00,Fox_lodging_Helen,402.75,26.7,0.0,-7.2,1017.8,2.6,12,5,2,57,51394.9,2009.0,Mixed
2016-02-26 13:00:00,Fox_lodging_Helen,425.27,28.9,0.0,-8.3,1016.5,3.1,13,5,2,57,51394.9,2009.0,Mixed
2016-02-26 14:00:00,Fox_lodging_Helen,424.72,30.0,0.0,-7.8,1015.5,2.6,14,5,2,57,51394.9,2009.0,Mixed
2016-02-26 15:00:00,Fox_lodging_Helen,462.77,30.0,0.0,-8.9,1014.8,2.6,15,5,2,57,51394.9,2009.0,Mixed
2016-02-26 16:00:00,Fox_lodging_Helen,508.53,30.0,0.0,-9.4,1014.3,0.0,16,5,2,57,51394.9,2009.0,Mixed
2016-02-26 17:00:00,Fox_lodging_Helen,506.33,30.6,0.0,-10.6,1014.0,0.0,17,5,2,57,51394.9,2009.0,Mixed
2016-02-26 18:00:00,Fox_lodging_Helen,524.7,30.0,0.0,-9.4,1013.6,1.5,18,5,2,57,51394.9,2009.0,Mixed
2016-02-26 19:00:00,Fox_lodging_Helen,513.32,26.7,0.0,-5.6,1013.9,2.6,19,5,2,57,51394.9,2009.0,Mixed
2016-02-26 20:00:00,Fox_lodging_Helen,499.62,25.6,0.0,-5.0,1014.2,1.5,20,5,2,57,51394.9,2009.0,Mixed
2016-02-26 21:00:00,Fox_lodging_Helen,507.97,25.0,0.0,-5.0,1014.6,2.1,21,5,2,57,51394.9,2009.0,Mixed
2016-02-26 22:00:00,Fox_lodging_Helen,493.43,21.7,0.0,-3.3,1015.0,1.5,22,5,2,57,51394.9,2009.0,Mixed
2016-02-26 23:00:00,Fox_lodging_Helen,473.68,21.1,0.0,-3.3,1015.0,2.1,23,5,2,57,51394.9,2009.0,Mixed
2016-02-27 00:00:00,Fox_lodging_Helen,451.73,19.4,0.0,-1.7,1015.0,0.0,0,6,2,58,51394.9,2009.0,Mixed
2016-02-27 01:00:00,Fox_lodging_Helen,438.83,18.3,0.0,0.0,1015.1,2.6,1,6,2,58,51394.9,2009.0,Mixed
2016-02-27 02:00:00,Fox_lodging_Helen,412.33,17.2,0.0,-1.1,1014.8,2.1,2,6,2,58,51394.9,2009.0,Mixed
2016-02-27 03:00:00,Fox_lodging_Helen,377.8,17.2,0.0,-2.2,1014.7,0.0,3,6,2,58,51394.9,2009.0,Mixed
2016-02-27 04:00:00,Fox_lodging_Helen,360.8,15.6,0.0,-1.1,1014.3,2.6,4,6,2,58,51394.9,2009.0,Mixed
2016-02-27 05:00:00,Fox_lodging_Helen,342.83,15.6,0.0,-2.8,1014.0,2.6,5,6,2,58,51394.9,2009.0,Mixed
2016-02-27 06:00:00,Fox_lodging_Helen,337.48,15.6,0.0,-2.2,1014.6,1.5,6,6,2,58,51394.9,2009.0,Mixed
2016-02-27 07:00:00,Fox_lodging_Helen,334.93,15.0,4.0,-2.2,1015.0,3.1,7,6,2,58,51394.9,2009.0,Mixed
2016-02-27 08:00:00,Fox_lodging_Helen,336.17,15.6,4.0,-1.7,1015.4,2.1,8,6,2,58,51394.9,2009.0,Mixed
2016-02-27 09:00:00,Fox_lodging_Helen,331.52,17.8,4.0,-1.7,1015.5,2.6,9,6,2,58,51394.9,2009.0,Mixed
2016-02-27 10:00:00,Fox_lodging_Helen,335.45,21.1,4.0,-3.3,1015.8,2.6,10,6,2,58,51394.9,2009.0,Mixed
2016-02-27 11:00:00,Fox_lodging_Helen,358.43,24.4,4.0,-3.3,1015.3,3.6,11,6,2,58,51394.9,2009.0,Mixed
2016-02-27 12:00:00,Fox_lodging_Helen,376.27,25.6,4.0,-3.9,1014.4,2.6,12,6,2,58,51394.9,2009.0,Mixed
2016-02-27 13:00:00,Fox_lodging_Helen,385.6,27.2,4.0,-5.0,1013.4,2.1,13,6,2,58,51394.9,2009.0,Mixed
2016-02-27 14:00:00,Fox_lodging_Helen,406.23,28.3,2.0,-6.7,1012.4,2.6,14,6,2,58,51394.9,2009.0,Mixed
2016-02-27 15:00:00,Fox_lodging_Helen,414.52,28.9,2.0,-7.2,1011.4,2.1,15,6,2,58,51394.9,2009.0,Mixed
2016-02-27 16:00:00,Fox_lodging_Helen,451.4,29.4,0.0,-7.2,1010.8,2.6,16,6,2,58,51394.9,2009.0,Mixed
2016-02-27 17:00:00,Fox_lodging_Helen,492.12,29.4,0.0,-7.2,1010.6,2.6,17,6,2,58,51394.9,2009.0,Mixed
2016-02-27 18:00:00,Fox_lodging_Helen,511.6,28.9,2.0,-8.3,1010.5,3.6,18,6,2,58,51394.9,2009.0,Mixed
2016-02-27 19:00:00,Fox_lodging_Helen,513.17,27.8,0.0,-8.3,1010.7,3.1,19,6,2,58,51394.9,2009.0,Mixed
2016-02-27 20:00:00,Fox_lodging_Helen,514.65,24.4,0.0,-6.1,1011.2,0.0,20,6,2,58,51394.9,2009.0,Mixed
2016-02-27 21:00:00,Fox_lodging_Helen,515.5,23.9,0.0,-4.4,1011.4,0.0,21,6,2,58,51394.9,2009.0,Mixed
2016-02-27 22:00:00,Fox_lodging_Helen,502.1,23.9,0.0,-4.4,1011.8,1.5,22,6,2,58,51394.9,2009.0,Mixed
2016-02-27 23:00:00,Fox_lodging_Helen,466.33,20.0,0.0,-2.2,1012.4,0.0,23,6,2,58,51394.9,2009.0,Mixed
2016-02-28 00:00:00,Fox_lodging_Helen,447.25,19.4,0.0,-1.1,1012.5,1.5,0,7,2,59,51394.9,2009.0,Mixed
2016-02-28 01:00:00,Fox_lodging_Helen,426.27,18.3,0.0,-1.7,1012.4,3.1,1,7,2,59,51394.9,2009.0,Mixed
2016-02-28 02:00:00,Fox_lodging_Helen,398.72,17.2,0.0,-2.2,1012.3,3.6,2,7,2,59,51394.9,2009.0,Mixed
2016-02-28 03:00:00,Fox_lodging_Helen,370.53,16.1,0.0,-1.7,1012.2,3.1,3,7,2,59,51394.9,2009.0,Mixed
2016-02-28 04:00:00,Fox_lodging_Helen,355.9,15.0,0.0,-1.7,1012.2,3.6,4,7,2,59,51394.9,2009.0,Mixed
2016-02-28 05:00:00,Fox_lodging_Helen,345.63,14.4,0.0,-1.7,1012.4,3.1,5,7,2,59,51394.9,2009.0,Mixed
2016-02-28 06:00:00,Fox_lodging_Helen,343.27,14.4,0.0,-1.7,1012.9,2.6,6,7,2,59,51394.9,2009.0,Mixed
2016-02-28 07:00:00,Fox_lodging_Helen,337.03,14.4,2.0,-2.2,1013.5,2.6,7,7,2,59,51394.9,2009.0,Mixed
2016-02-28 08:00:00,Fox_lodging_Helen,348.35,14.4,0.0,-1.7,1014.7,2.6,8,7,2,59,51394.9,2009.0,Mixed
2016-02-28 09:00:00,Fox_lodging_Helen,350.38,17.8,0.0,-1.7,1015.1,3.1,9,7,2,59,51394.9,2009.0,Mixed
2016-02-28 10:00:00,Fox_lodging_Helen,349.95,21.1,0.0,-2.2,1015.3,3.1,10,7,2,59,51394.9,2009.0,Mixed
2016-02-28 11:00:00,Fox_lodging_Helen,374.02,23.9,0.0,-3.9,1015.3,3.1,11,7,2,59,51394.9,2009.0,Mixed
2016-02-28 12:00:00,Fox_lodging_Helen,380.35,25.6,0.0,-3.9,1015.0,2.1,12,7,2,59,51394.9,2009.0,Mixed
2016-02-28 13:00:00,Fox_lodging_Helen,410.23,27.8,2.0,-5.0,1014.1,2.1,13,7,2,59,51394.9,2009.0,Mixed
2016-02-28 14:00:00,Fox_lodging_Helen,452.22,27.8,4.0,-6.1,1013.3,2.1,14,7,2,59,51394.9,2009.0,Mixed
2016-02-28 15:00:00,Fox_lodging_Helen,479.87,29.4,2.0,-5.6,1012.6,2.1,15,7,2,59,51394.9,2009.0,Mixed
2016-02-28 16:00:00,Fox_lodging_Helen,496.1,30.0,4.0,-5.6,1012.2,3.6,16,7,2,59,51394.9,2009.0,Mixed
2016-02-28 17:00:00,Fox_lodging_Helen,545.65,29.4,6.0,-6.1,1012.1,4.6,17,7,2,59,51394.9,2009.0,Mixed
2016-02-28 18:00:00,Fox_lodging_Helen,523.5,28.3,6.0,-6.1,1012.3,4.6,18,7,2,59,51394.9,2009.0,Mixed
2016-02-28 19:00:00,Fox_lodging_Helen,536.95,27.2,6.0,-6.7,1012.6,2.1,19,7,2,59,51394.9,2009.0,Mixed
2016-02-28 20:00:00,Fox_lodging_Helen,562.27,25.0,6.0,-4.4,1013.0,0.0,20,7,2,59,51394.9,2009.0,Mixed
2016-02-28 21:00:00,Fox_lodging_Helen,581.85,24.4,6.0,-3.3,1013.2,1.5,21,7,2,59,51394.9,2009.0,Mixed
2016-02-28 22:00:00,Fox_lodging_Helen,561.75,22.8,6.0,-1.7,1013.3,1.5,22,7,2,59,51394.9,2009.0,Mixed
2016-02-28 23:00:00,Fox_lodging_Helen,541.95,21.1,6.0,-0.6,1013.5,0.0,23,7,2,59,51394.9,2009.0,Mixed
2016-02-29 00:00:00,Fox_lodging_Helen,512.97,19.4,5.6,0.6,1013.6,0.0,0,1,2,60,51394.9,2009.0,Mixed
2016-02-29 01:00:00,Fox_lodging_Helen,457.88,18.3,5.2,0.0,1013.4,3.1,1,1,2,60,51394.9,2009.0,Mixed
2016-02-29 02:00:00,Fox_lodging_Helen,410.52,17.8,4.8,0.6,1013.3,3.1,2,1,2,60,51394.9,2009.0,Mixed
2016-02-29 03:00:00,Fox_lodging_Helen,383.43,17.2,4.8,0.6,1013.1,3.1,3,1,2,60,51394.9,2009.0,Mixed
2016-02-29 04:00:00,Fox_lodging_Helen,353.47,16.7,4.0,-1.1,1012.9,2.6,4,1,2,60,51394.9,2009.0,Mixed
2016-02-29 05:00:00,Fox_lodging_Helen,349.8,16.1,4.0,-0.6,1013.2,2.1,5,1,2,60,51394.9,2009.0,Mixed
2016-02-29 06:00:00,Fox_lodging_Helen,339.33,16.1,4.0,-0.6,1013.7,2.1,6,1,2,60,51394.9,2009.0,Mixed
2016-02-29 07:00:00,Fox_lodging_Helen,367.48,15.0,4.4,-1.1,1014.3,2.6,7,1,2,60,51394.9,2009.0,Mixed
2016-02-29 08:00:00,Fox_lodging_Helen,390.07,16.7,4.8,-0.6,1015.3,2.1,8,1,2,60,51394.9,2009.0,Mixed
2016-02-29 09:00:00,Fox_lodging_Helen,403.93,19.4,5.2,-1.1,1015.5,3.1,9,1,2,60,51394.9,2009.0,Mixed
2016-02-29 10:00:00,Fox_lodging_Helen,388.0,21.7,5.2,-1.7,1016.1,3.1,10,1,2,60,51394.9,2009.0,Mixed
2016-02-29 11:00:00,Fox_lodging_Helen,408.18,24.4,6.0,-2.8,1015.7,3.6,11,1,2,60,51394.9,2009.0,Mixed
2016-02-29 12:00:00,Fox_lodging_Helen,394.17,25.6,4.0,-2.8,1015.3,1.5,12,1,2,60,51394.9,2009.0,Mixed
2016-02-29 13:00:00,Fox_lodging_Helen,409.65,27.2,4.0,-3.9,1014.3,1.5,13,1,2,60,51394.9,2009.0,Mixed
2016-02-29 14:00:00,Fox_lodging_Helen,417.92,28.9,4.0,-4.4,1013.2,1.5,14,1,2,60,51394.9,2009.0,Mixed
2016-02-29 15:00:00,Fox_lodging_Helen,451.8,30.0,2.0,-3.9,1012.6,0.0,15,1,2,60,51394.9,2009.0,Mixed
2016-02-29 16:00:00,Fox_lodging_Helen,486.12,30.6,2.0,-5.6,1012.0,3.6,16,1,2,60,51394.9,2009.0,Mixed
2016-02-29 17:00:00,Fox_lodging_Helen,516.97,30.0,2.0,-3.9,1011.9,4.1,17,1,2,60,51394.9,2009.0,Mixed
2016-02-29 18:00:00,Fox_lodging_Helen,540.23,30.0,2.0,-3.9,1012.1,4.1,18,1,2,60,51394.9,2009.0,Mixed
2016-02-29 19:00:00,Fox_lodging_Helen,542.87,28.9,2.0,-2.2,1012.7,3.6,19,1,2,60,51394.9,2009.0,Mixed
2016-02-29 20:00:00,Fox_lodging_Helen,571.17,27.2,0.0,-1.7,1013.3,2.6,20,1,2,60,51394.9,2009.0,Mixed
2016-02-29 21:00:00,Fox_lodging_Helen,577.27,24.4,0.0,-0.6,1013.7,0.0,21,1,2,60,51394.9,2009.0,Mixed
2016-02-29 22:00:00,Fox_lodging_Helen,583.2,23.9,0.0,-1.1,1014.5,2.1,22,1,2,60,51394.9,2009.0,Mixed
2016-02-29 23:00:00,Fox_lodging_Helen,554.48,21.1,0.0,0.0,1015.0,2.6,23,1,2,60,51394.9,2009.0,Mixed
2016-03-01 00:00:00,Fox_lodging_Helen,495.45,20.0,0.0,0.6,1015.0,1.5,0,2,3,61,51394.9,2009.0,Mixed
2016-03-01 01:00:00,Fox_lodging_Helen,454.45,18.9,0.0,0.6,1014.9,0.0,1,2,3,61,51394.9,2009.0,Mixed
2016-03-01 02:00:00,Fox_lodging_Helen,421.33,17.8,0.0,1.1,1015.3,3.1,2,2,3,61,51394.9,2009.0,Mixed
2016-03-01 03:00:00,Fox_lodging_Helen,388.84,17.2,0.0,1.1,1015.4,2.1,3,2,3,61,51394.9,2009.0,Mixed
2016-03-01 04:00:00,Fox_lodging_Helen,360.53,17.2,2.0,0.0,1014.9,2.6,4,2,3,61,51394.9,2009.0,Mixed
2016-03-01 05:00:00,Fox_lodging_Helen,358.98,16.7,0.0,0.6,1014.7,3.1,5,2,3,61,51394.9,2009.0,Mixed
2016-03-01 06:00:00,Fox_lodging_Helen,353.63,16.1,2.0,0.0,1015.8,3.1,6,2,3,61,51394.9,2009.0,Mixed
2016-03-01 07:00:00,Fox_lodging_Helen,363.35,15.6,2.0,0.6,1016.7,2.1,7,2,3,61,51394.9,2009.0,Mixed
2016-03-01 08:00:00,Fox_lodging_Helen,403.3,16.1,2.0,1.1,1017.4,1.5,8,2,3,61,51394.9,2009.0,Mixed
2016-03-01 09:00:00,Fox_lodging_Helen,391.45,20.6,3.333333333333333,0.6,1018.1,2.6,9,2,3,61,51394.9,2009.0,Mixed
2016-03-01 10:00:00,Fox_lodging_Helen,391.65,22.8,4.666666666666666,0.6,1018.4,3.6,10,2,3,61,51394.9,2009.0,Mixed
2016-03-01 11:00:00,Fox_lodging_Helen,391.4,25.0,6.0,0.6,1018.0,3.1,11,2,3,61,51394.9,2009.0,Mixed
2016-03-01 12:00:00,Fox_lodging_Helen,403.97,27.8,6.0,-0.6,1017.2,4.1,12,2,3,61,51394.9,2009.0,Mixed
2016-03-01 13:00:00,Fox_lodging_Helen,425.23,28.9,6.0,-1.7,1016.2,2.1,13,2,3,61,51394.9,2009.0,Mixed
2016-03-01 14:00:00,Fox_lodging_Helen,442.13,29.4,6.0,-3.3,1015.1,0.0,14,2,3,61,51394.9,2009.0,Mixed
2016-03-01 15:00:00,Fox_lodging_Helen,476.2,31.1,6.0,-3.9,1014.1,2.6,15,2,3,61,51394.9,2009.0,Mixed
2016-03-01 16:00:00,Fox_lodging_Helen,487.28,30.6,6.0,-3.9,1014.2,3.6,16,2,3,61,51394.9,2009.0,Mixed
2016-03-01 17:00:00,Fox_lodging_Helen,514.5,30.6,6.0,-4.4,1014.1,3.6,17,2,3,61,51394.9,2009.0,Mixed
2016-03-01 18:00:00,Fox_lodging_Helen,538.72,30.6,5.5,-4.4,1013.9,3.1,18,2,3,61,51394.9,2009.0,Mixed
2016-03-01 19:00:00,Fox_lodging_Helen,557.25,30.0,5.0,-5.0,1014.5,2.1,19,2,3,61,51394.9,2009.0,Mixed
2016-03-01 20:00:00,Fox_lodging_Helen,582.0,26.1,4.5,-2.2,1014.9,2.1,20,2,3,61,51394.9,2009.0,Mixed
2016-03-01 21:00:00,Fox_lodging_Helen,610.92,24.4,4.0,-1.1,1015.2,0.0,21,2,3,61,51394.9,2009.0,Mixed
2016-03-01 22:00:00,Fox_lodging_Helen,587.78,22.8,2.0,1.1,1015.4,2.1,22,2,3,61,51394.9,2009.0,Mixed
2016-03-01 23:00:00,Fox_lodging_Helen,535.7,21.1,2.0,0.0,1015.2,3.6,23,2,3,61,51394.9,2009.0,Mixed
2016-03-02 00:00:00,Fox_lodging_Helen,497.95,20.6,0.0,-0.6,1015.0,2.6,0,3,3,62,51394.9,2009.0,Mixed
2016-03-02 01:00:00,Fox_lodging_Helen,450.05,20.0,0.0,0.0,1014.7,2.6,1,3,3,62,51394.9,2009.0,Mixed
2016-03-02 02:00:00,Fox_lodging_Helen,415.42,19.4,0.0,1.1,1014.1,3.6,2,3,3,62,51394.9,2009.0,Mixed
2016-03-02 03:00:00,Fox_lodging_Helen,404.97,18.3,0.0,0.0,1013.8,3.6,3,3,3,62,51394.9,2009.0,Mixed
2016-03-02 04:00:00,Fox_lodging_Helen,366.47,17.8,0.0,0.0,1013.7,2.6,4,3,3,62,51394.9,2009.0,Mixed
2016-03-02 05:00:00,Fox_lodging_Helen,354.0,16.7,4.0,0.0,1014.4,2.6,5,3,3,62,51394.9,2009.0,Mixed
2016-03-02 06:00:00,Fox_lodging_Helen,346.08,15.6,2.0,0.6,1014.8,2.1,6,3,3,62,51394.9,2009.0,Mixed
2016-03-02 07:00:00,Fox_lodging_Helen,360.92,15.6,2.0,0.6,1014.9,3.1,7,3,3,62,51394.9,2009.0,Mixed
2016-03-02 08:00:00,Fox_lodging_Helen,387.98,17.2,4.0,0.0,1015.4,4.6,8,3,3,62,51394.9,2009.0,Mixed
2016-03-02 09:00:00,Fox_lodging_Helen,383.72,18.9,4.666666666666667,-0.6,1015.8,4.6,9,3,3,62,51394.9,2009.0,Mixed
2016-03-02 10:00:00,Fox_lodging_Helen,408.33,21.1,5.333333333333333,-0.6,1016.0,3.1,10,3,3,62,51394.9,2009.0,Mixed
2016-03-02 11:00:00,Fox_lodging_Helen,399.22,23.9,6.0,-0.6,1016.1,1.5,11,3,3,62,51394.9,2009.0,Mixed
2016-03-02 12:00:00,Fox_lodging_Helen,403.65,27.2,6.0,-1.7,1015.3,2.6,12,3,3,62,51394.9,2009.0,Mixed
2016-03-02 13:00:00,Fox_lodging_Helen,433.97,28.9,6.0,-2.8,1014.3,2.1,13,3,3,62,51394.9,2009.0,Mixed
2016-03-02 14:00:00,Fox_lodging_Helen,449.43,29.4,6.0,-3.3,1013.1,0.0,14,3,3,62,51394.9,2009.0,Mixed
2016-03-02 15:00:00,Fox_lodging_Helen,469.25,30.6,6.0,-4.4,1012.4,0.0,15,3,3,62,51394.9,2009.0,Mixed
2016-03-02 16:00:00,Fox_lodging_Helen,491.68,31.1,6.0,-4.4,1012.1,0.0,16,3,3,62,51394.9,2009.0,Mixed
2016-03-02 17:00:00,Fox_lodging_Helen,534.82,30.6,6.0,-3.9,1012.0,2.1,17,3,3,62,51394.9,2009.0,Mixed
2016-03-02 18:00:00,Fox_lodging_Helen,555.33,30.6,5.333333333333333,-3.9,1012.2,3.1,18,3,3,62,51394.9,2009.0,Mixed
2016-03-02 19:00:00,Fox_lodging_Helen,559.48,29.4,4.666666666666667,-6.1,1012.8,0.0,19,3,3,62,51394.9,2009.0,Mixed
2016-03-02 20:00:00,Fox_lodging_Helen,570.72,27.2,4.0,-4.4,1013.2,0.0,20,3,3,62,51394.9,2009.0,Mixed
2016-03-02 21:00:00,Fox_lodging_Helen,585.87,22.8,4.0,-1.1,1013.4,2.1,21,3,3,62,51394.9,2009.0,Mixed
2016-03-02 22:00:00,Fox_lodging_Helen,582.03,23.3,4.0,-2.2,1013.9,3.1,22,3,3,62,51394.9,2009.0,Mixed
2016-03-02 23:00:00,Fox_lodging_Helen,542.57,21.1,4.0,-1.7,1014.2,3.6,23,3,3,62,51394.9,2009.0,Mixed
2016-03-03 00:00:00,Fox_lodging_Helen,512.5,20.6,4.0,-1.1,1014.1,3.1,0,4,3,63,51394.9,2009.0,Mixed
2016-03-03 01:00:00,Fox_lodging_Helen,464.98,18.9,0.0,-0.6,1014.2,1.5,1,4,3,63,51394.9,2009.0,Mixed
2016-03-03 02:00:00,Fox_lodging_Helen,410.0,18.3,4.0,-0.6,1014.4,2.6,2,4,3,63,51394.9,2009.0,Mixed
2016-03-03 03:00:00,Fox_lodging_Helen,383.6,17.8,4.666666666666667,0.0,1013.8,2.6,3,4,3,63,51394.9,2009.0,Mixed
2016-03-03 04:00:00,Fox_lodging_Helen,375.98,17.2,5.333333333333333,0.0,1013.7,3.6,4,4,3,63,51394.9,2009.0,Mixed
2016-03-03 05:00:00,Fox_lodging_Helen,361.7,17.2,6.0,0.0,1014.0,3.1,5,4,3,63,51394.9,2009.0,Mixed
2016-03-03 06:00:00,Fox_lodging_Helen,353.68,17.2,6.0,-0.6,1014.5,2.6,6,4,3,63,51394.9,2009.0,Mixed
2016-03-03 07:00:00,Fox_lodging_Helen,361.65,16.7,6.0,0.0,1014.8,0.0,7,4,3,63,51394.9,2009.0,Mixed
2016-03-03 08:00:00,Fox_lodging_Helen,379.43,16.7,6.0,1.1,1015.6,1.5,8,4,3,63,51394.9,2009.0,Mixed
2016-03-03 09:00:00,Fox_lodging_Helen,403.63,19.4,6.0,-0.6,1016.3,3.1,9,4,3,63,51394.9,2009.0,Mixed
2016-03-03 10:00:00,Fox_lodging_Helen,384.82,22.8,6.0,-1.7,1016.1,3.6,10,4,3,63,51394.9,2009.0,Mixed
2016-03-03 11:00:00,Fox_lodging_Helen,414.03,25.6,6.0,-1.7,1016.2,1.5,11,4,3,63,51394.9,2009.0,Mixed
2016-03-03 12:00:00,Fox_lodging_Helen,423.93,27.2,6.0,-2.2,1015.8,3.1,12,4,3,63,51394.9,2009.0,Mixed
2016-03-03 13:00:00,Fox_lodging_Helen,453.3,28.9,6.0,-2.8,1014.9,3.1,13,4,3,63,51394.9,2009.0,Mixed
2016-03-03 14:00:00,Fox_lodging_Helen,450.85,30.0,6.0,-3.3,1013.7,2.1,14,4,3,63,51394.9,2009.0,Mixed
2016-03-03 15:00:00,Fox_lodging_Helen,485.3,30.6,6.0,-5.0,1012.7,2.1,15,4,3,63,51394.9,2009.0,Mixed
2016-03-03 16:00:00,Fox_lodging_Helen,522.08,31.1,6.0,-6.7,1012.4,0.0,16,4,3,63,51394.9,2009.0,Mixed
2016-03-03 17:00:00,Fox_lodging_Helen,556.3,30.6,6.0,-6.7,1012.2,0.0,17,4,3,63,51394.9,2009.0,Mixed
2016-03-03 18:00:00,Fox_lodging_Helen,569.4,30.0,6.0,-6.7,1012.2,2.6,18,4,3,63,51394.9,2009.0,Mixed
2016-03-03 19:00:00,Fox_lodging_Helen,564.93,28.9,6.0,-7.2,1012.6,2.6,19,4,3,63,51394.9,2009.0,Mixed
2016-03-03 20:00:00,Fox_lodging_Helen,583.08,28.3,6.0,-7.2,1012.7,2.1,20,4,3,63,51394.9,2009.0,Mixed
2016-03-03 21:00:00,Fox_lodging_Helen,577.02,25.0,6.0,-3.3,1012.7,1.5,21,4,3,63,51394.9,2009.0,Mixed
2016-03-03 22:00:00,Fox_lodging_Helen,568.57,22.8,6.0,-2.8,1012.5,0.0,22,4,3,63,51394.9,2009.0,Mixed
2016-03-03 23:00:00,Fox_lodging_Helen,532.52,20.6,6.0,-1.7,1012.4,2.1,23,4,3,63,51394.9,2009.0,Mixed
2016-03-04 00:00:00,Fox_lodging_Helen,522.23,21.1,6.0,-2.8,1012.3,2.6,0,5,3,64,51394.9,2009.0,Mixed
2016-03-04 01:00:00,Fox_lodging_Helen,466.43,19.4,6.0,-2.2,1012.5,2.1,1,5,3,64,51394.9,2009.0,Mixed
2016-03-04 02:00:00,Fox_lodging_Helen,444.07,18.9,6.0,-2.8,1012.3,2.6,2,5,3,64,51394.9,2009.0,Mixed
2016-03-04 03:00:00,Fox_lodging_Helen,410.2,19.4,6.0,-2.8,1012.4,0.0,3,5,3,64,51394.9,2009.0,Mixed
2016-03-04 04:00:00,Fox_lodging_Helen,374.4,17.8,6.0,-2.8,1012.1,2.6,4,5,3,64,51394.9,2009.0,Mixed
2016-03-04 05:00:00,Fox_lodging_Helen,352.32,17.8,6.0,-2.8,1012.3,2.6,5,5,3,64,51394.9,2009.0,Mixed
2016-03-04 06:00:00,Fox_lodging_Helen,346.27,16.1,4.0,-2.2,1012.6,1.5,6,5,3,64,51394.9,2009.0,Mixed
2016-03-04 07:00:00,Fox_lodging_Helen,371.38,16.1,2.0,-1.7,1013.2,2.6,7,5,3,64,51394.9,2009.0,Mixed
2016-03-04 08:00:00,Fox_lodging_Helen,393.7,17.2,4.0,-1.7,1013.4,3.1,8,5,3,64,51394.9,2009.0,Mixed
2016-03-04 09:00:00,Fox_lodging_Helen,401.08,20.6,4.0,-1.7,1013.7,3.6,9,5,3,64,51394.9,2009.0,Mixed
2016-03-04 10:00:00,Fox_lodging_Helen,384.95,21.9,4.0,-3.6,1013.45,3.1,10,5,3,64,51394.9,2009.0,Mixed
2016-03-04 11:00:00,Fox_lodging_Helen,421.85,24.4,4.0,-1.7,1013.2,3.1,11,5,3,64,51394.9,2009.0,Mixed
2016-03-04 12:00:00,Fox_lodging_Helen,413.72,27.2,2.0,-2.8,1012.7,3.6,12,5,3,64,51394.9,2009.0,Mixed
2016-03-04 13:00:00,Fox_lodging_Helen,443.32,28.3,2.0,-2.8,1012.2,0.0,13,5,3,64,51394.9,2009.0,Mixed
2016-03-04 14:00:00,Fox_lodging_Helen,454.97,29.4,3.0,-5.6,1011.2,1.5,14,5,3,64,51394.9,2009.0,Mixed
2016-03-04 15:00:00,Fox_lodging_Helen,481.82,30.0,4.0,-6.7,1010.3,1.5,15,5,3,64,51394.9,2009.0,Mixed
2016-03-04 16:00:00,Fox_lodging_Helen,489.88,30.6,5.0,-7.8,1009.8,2.1,16,5,3,64,51394.9,2009.0,Mixed
2016-03-04 17:00:00,Fox_lodging_Helen,521.92,30.6,6.0,-8.9,1009.2,2.1,17,5,3,64,51394.9,2009.0,Mixed
2016-03-04 18:00:00,Fox_lodging_Helen,486.92,29.4,5.666666666666667,-10.0,1009.3,2.6,18,5,3,64,51394.9,2009.0,Mixed
2016-03-04 19:00:00,Fox_lodging_Helen,480.97,28.9,5.333333333333333,-8.3,1009.4,2.6,19,5,3,64,51394.9,2009.0,Mixed
2016-03-04 20:00:00,Fox_lodging_Helen,478.8,28.3,5.0,-8.9,1009.9,2.1,20,5,3,64,51394.9,2009.0,Mixed
2016-03-04 21:00:00,Fox_lodging_Helen,491.82,25.0,5.0,-5.6,1010.4,0.0,21,5,3,64,51394.9,2009.0,Mixed
2016-03-04 22:00:00,Fox_lodging_Helen,488.77,22.8,5.0,-2.8,1010.5999999999999,0.0,22,5,3,64,51394.9,2009.0,Mixed
2016-03-04 23:00:00,Fox_lodging_Helen,452.55,22.2,4.0,-3.3,1010.8,0.0,23,5,3,64,51394.9,2009.0,Mixed
2016-03-05 00:00:00,Fox_lodging_Helen,426.13,19.4,4.0,-1.7,1010.8,3.1,0,6,3,65,51394.9,2009.0,Mixed
2016-03-05 01:00:00,Fox_lodging_Helen,416.62,18.3,4.0,-2.2,1011.0,2.6,1,6,3,65,51394.9,2009.0,Mixed
2016-03-05 02:00:00,Fox_lodging_Helen,385.22,18.9,4.0,-2.2,1010.8,4.1,2,6,3,65,51394.9,2009.0,Mixed
2016-03-05 03:00:00,Fox_lodging_Helen,359.17,18.3,0.0,-1.7,1010.6,3.6,3,6,3,65,51394.9,2009.0,Mixed
2016-03-05 04:00:00,Fox_lodging_Helen,341.25,17.2,0.0,-2.8,1011.1,3.1,4,6,3,65,51394.9,2009.0,Mixed
2016-03-05 05:00:00,Fox_lodging_Helen,331.22,16.7,0.0,-2.8,1011.2,2.1,5,6,3,65,51394.9,2009.0,Mixed
2016-03-05 06:00:00,Fox_lodging_Helen,333.9,15.0,4.0,-3.3,1011.6,3.1,6,6,3,65,51394.9,2009.0,Mixed
2016-03-05 07:00:00,Fox_lodging_Helen,334.8,14.4,4.0,-3.3,1012.0,4.1,7,6,3,65,51394.9,2009.0,Mixed
2016-03-05 08:00:00,Fox_lodging_Helen,330.33,15.6,4.0,-2.8,1013.0,3.6,8,6,3,65,51394.9,2009.0,Mixed
2016-03-05 09:00:00,Fox_lodging_Helen,346.7,18.9,4.666666666666667,-3.3,1013.7,3.1,9,6,3,65,51394.9,2009.0,Mixed
2016-03-05 10:00:00,Fox_lodging_Helen,345.02,22.2,5.333333333333333,-5.6,1014.1,3.6,10,6,3,65,51394.9,2009.0,Mixed
2016-03-05 11:00:00,Fox_lodging_Helen,354.4,22.8,6.0,-5.6,1014.1,1.5,11,6,3,65,51394.9,2009.0,Mixed
2016-03-05 12:00:00,Fox_lodging_Helen,365.48,24.4,6.333333333333333,-5.6,1013.9,0.0,12,6,3,65,51394.9,2009.0,Mixed
2016-03-05 13:00:00,Fox_lodging_Helen,376.82,25.6,6.666666666666667,-5.6,1013.0,1.5,13,6,3,65,51394.9,2009.0,Mixed
2016-03-05 14:00:00,Fox_lodging_Helen,419.87,26.1,7.0,-6.1,1011.9,0.0,14,6,3,65,51394.9,2009.0,Mixed
2016-03-05 15:00:00,Fox_lodging_Helen,425.93,26.7,7.0,-6.1,1011.2,0.0,15,6,3,65,51394.9,2009.0,Mixed
2016-03-05 16:00:00,Fox_lodging_Helen,413.43,26.7,7.0,-5.6,1010.8,1.5,16,6,3,65,51394.9,2009.0,Mixed
2016-03-05 17:00:00,Fox_lodging_Helen,408.88,26.7,8.0,-5.6,1010.5,2.1,17,6,3,65,51394.9,2009.0,Mixed
2016-03-05 18:00:00,Fox_lodging_Helen,411.38,26.1,7.666666666666667,-5.6,1010.7,3.1,18,6,3,65,51394.9,2009.0,Mixed
2016-03-05 19:00:00,Fox_lodging_Helen,425.65,25.6,7.333333333333333,-5.6,1011.3,2.6,19,6,3,65,51394.9,2009.0,Mixed
2016-03-05 20:00:00,Fox_lodging_Helen,434.83,25.6,7.0,-3.9,1011.9,2.6,20,6,3,65,51394.9,2009.0,Mixed
2016-03-05 21:00:00,Fox_lodging_Helen,399.68,23.3,7.0,-2.8,1012.1,0.0,21,6,3,65,51394.9,2009.0,Mixed
2016-03-05 22:00:00,Fox_lodging_Helen,370.9,22.2,7.0,-2.2,1012.3,0.0,22,6,3,65,51394.9,2009.0,Mixed
2016-03-05 23:00:00,Fox_lodging_Helen,375.98,21.1,6.0,-1.1,1012.4,1.5,23,6,3,65,51394.9,2009.0,Mixed
2016-03-06 00:00:00,Fox_lodging_Helen,370.57,20.6,6.333333333333333,-0.6,1012.4,2.1,0,7,3,66,51394.9,2009.0,Mixed
2016-03-06 01:00:00,Fox_lodging_Helen,352.33,19.4,6.666666666666667,0.6,1012.4,2.6,1,7,3,66,51394.9,2009.0,Mixed
2016-03-06 02:00:00,Fox_lodging_Helen,355.45,18.9,7.0,-0.6,1012.2,2.6,2,7,3,66,51394.9,2009.0,Mixed
2016-03-06 03:00:00,Fox_lodging_Helen,357.03,18.3,7.0,-0.6,1011.8,4.6,3,7,3,66,51394.9,2009.0,Mixed
2016-03-06 04:00:00,Fox_lodging_Helen,330.13,18.3,7.0,0.6,1011.3,4.6,4,7,3,66,51394.9,2009.0,Mixed
2016-03-06 05:00:00,Fox_lodging_Helen,329.8,17.8,8.0,0.0,1011.1,4.1,5,7,3,66,51394.9,2009.0,Mixed
2016-03-06 06:00:00,Fox_lodging_Helen,329.62,17.8,7.666666666666667,1.1,1011.2,3.1,6,7,3,66,51394.9,2009.0,Mixed
2016-03-06 07:00:00,Fox_lodging_Helen,321.42,17.2,7.333333333333333,0.0,1011.3,4.1,7,7,3,66,51394.9,2009.0,Mixed
2016-03-06 08:00:00,Fox_lodging_Helen,321.5,17.2,7.0,0.6,1011.3,3.1,8,7,3,66,51394.9,2009.0,Mixed
2016-03-06 09:00:00,Fox_lodging_Helen,312.53,18.3,7.0,0.0,1011.9,3.6,9,7,3,66,51394.9,2009.0,Mixed
2016-03-06 10:00:00,Fox_lodging_Helen,294.83,20.0,7.0,0.0,1011.9,3.1,10,7,3,66,51394.9,2009.0,Mixed
2016-03-06 11:00:00,Fox_lodging_Helen,300.02,22.2,6.0,0.0,1011.7,0.0,11,7,3,66,51394.9,2009.0,Mixed
2016-03-06 12:00:00,Fox_lodging_Helen,323.33,22.8,5.6,0.6,1010.7,0.0,12,7,3,66,51394.9,2009.0,Mixed
2016-03-06 13:00:00,Fox_lodging_Helen,345.57,24.4,5.2,0.6,1009.5,2.1,13,7,3,66,51394.9,2009.0,Mixed
2016-03-06 14:00:00,Fox_lodging_Helen,362.12,25.0,4.8,0.6,1008.2,1.5,14,7,3,66,51394.9,2009.0,Mixed
2016-03-06 15:00:00,Fox_lodging_Helen,366.65,26.1,4.8,0.0,1007.2,3.6,15,7,3,66,51394.9,2009.0,Mixed
2016-03-06 16:00:00,Fox_lodging_Helen,360.3,26.1,4.0,1.7,1006.4,6.2,16,7,3,66,51394.9,2009.0,Mixed
2016-03-06 17:00:00,Fox_lodging_Helen,400.98,25.6,4.0,-1.1,1005.9,9.8,17,7,3,66,51394.9,2009.0,Mixed
2016-03-06 18:00:00,Fox_lodging_Helen,416.6,25.0,4.0,0.6,1006.1,6.7,18,7,3,66,51394.9,2009.0,Mixed
2016-03-06 19:00:00,Fox_lodging_Helen,403.55,23.3,4.0,1.7,1006.2,4.6,19,7,3,66,51394.9,2009.0,Mixed
2016-03-06 20:00:00,Fox_lodging_Helen,425.93,22.8,2.0,0.6,1006.6,7.2,20,7,3,66,51394.9,2009.0,Mixed
2016-03-06 21:00:00,Fox_lodging_Helen,403.43,21.1,2.0,3.9,1007.5,6.2,21,7,3,66,51394.9,2009.0,Mixed
2016-03-06 22:00:00,Fox_lodging_Helen,400.85,19.4,2.0,5.6,1008.2,4.6,22,7,3,66,51394.9,2009.0,Mixed
2016-03-06 23:00:00,Fox_lodging_Helen,384.0,18.3,4.0,4.4,1008.4,4.1,23,7,3,66,51394.9,2009.0,Mixed
2016-03-07 00:00:00,Fox_lodging_Helen,374.03,17.8,4.0,1.7,1008.7,3.6,0,1,3,67,51394.9,2009.0,Mixed
2016-03-07 01:00:00,Fox_lodging_Helen,340.35,17.8,2.0,-0.6,1009.0,3.6,1,1,3,67,51394.9,2009.0,Mixed
2016-03-07 02:00:00,Fox_lodging_Helen,334.78,16.7,2.0,-1.1,1009.4,4.1,2,1,3,67,51394.9,2009.0,Mixed
2016-03-07 03:00:00,Fox_lodging_Helen,332.02,15.0,2.0,-1.1,1008.9,3.1,3,1,3,67,51394.9,2009.0,Mixed
2016-03-07 04:00:00,Fox_lodging_Helen,318.75,14.4,0.0,-1.7,1008.4,3.1,4,1,3,67,51394.9,2009.0,Mixed
2016-03-07 05:00:00,Fox_lodging_Helen,311.47,12.2,0.0,-1.1,1008.2,2.1,5,1,3,67,51394.9,2009.0,Mixed
2016-03-07 06:00:00,Fox_lodging_Helen,312.05,13.3,2.0,-1.7,1008.6,1.5,6,1,3,67,51394.9,2009.0,Mixed
2016-03-07 07:00:00,Fox_lodging_Helen,311.97,12.2,4.0,-1.1,1008.8,0.0,7,1,3,67,51394.9,2009.0,Mixed
2016-03-07 08:00:00,Fox_lodging_Helen,308.7,13.3,4.0,-0.6,1009.1,2.1,8,1,3,67,51394.9,2009.0,Mixed
2016-03-07 09:00:00,Fox_lodging_Helen,302.7,15.0,4.666666666666667,-1.1,1009.2,1.5,9,1,3,67,51394.9,2009.0,Mixed
2016-03-07 10:00:00,Fox_lodging_Helen,275.05,16.1,5.333333333333333,-2.2,1009.0,1.5,10,1,3,67,51394.9,2009.0,Mixed
2016-03-07 11:00:00,Fox_lodging_Helen,278.47,18.3,6.0,-2.8,1008.8,0.0,11,1,3,67,51394.9,2009.0,Mixed
2016-03-07 12:00:00,Fox_lodging_Helen,293.3,20.0,6.0,-5.0,1007.9,1.5,12,1,3,67,51394.9,2009.0,Mixed
2016-03-07 13:00:00,Fox_lodging_Helen,295.27,20.0,6.0,-3.9,1006.6,2.6,13,1,3,67,51394.9,2009.0,Mixed
2016-03-07 14:00:00,Fox_lodging_Helen,295.03,19.4,6.0,-2.8,1005.5,0.0,14,1,3,67,51394.9,2009.0,Mixed
2016-03-07 15:00:00,Fox_lodging_Helen,298.12,21.1,6.0,-2.2,1004.9,6.7,15,1,3,67,51394.9,2009.0,Mixed
2016-03-07 16:00:00,Fox_lodging_Helen,347.03,20.0,6.0,-3.3,1004.5,6.2,16,1,3,67,51394.9,2009.0,Mixed
2016-03-07 17:00:00,Fox_lodging_Helen,334.58,20.0,6.0,-3.9,1004.2,6.7,17,1,3,67,51394.9,2009.0,Mixed
2016-03-07 18:00:00,Fox_lodging_Helen,384.42,18.3,5.333333333333333,-3.9,1004.0,6.7,18,1,3,67,51394.9,2009.0,Mixed
2016-03-07 19:00:00,Fox_lodging_Helen,370.7,17.2,4.666666666666667,-2.2,1004.1,6.2,19,1,3,67,51394.9,2009.0,Mixed
2016-03-07 20:00:00,Fox_lodging_Helen,366.5,16.1,4.0,-1.1,1004.1,6.2,20,1,3,67,51394.9,2009.0,Mixed
2016-03-07 21:00:00,Fox_lodging_Helen,371.05,15.6,4.666666666666667,0.0,1004.3,5.7,21,1,3,67,51394.9,2009.0,Mixed
2016-03-07 22:00:00,Fox_lodging_Helen,348.65,14.4,5.333333333333333,1.1,1004.9,5.1,22,1,3,67,51394.9,2009.0,Mixed
2016-03-07 23:00:00,Fox_lodging_Helen,338.28,14.4,6.0,0.6,1004.5,6.2,23,1,3,67,51394.9,2009.0,Mixed
2016-03-08 00:00:00,Fox_lodging_Helen,333.47,13.9,6.333333333333333,1.1,1004.5,5.1,0,2,3,68,51394.9,2009.0,Mixed
2016-03-08 01:00:00,Fox_lodging_Helen,331.68,13.3,6.666666666666667,0.6,1005.1,5.1,1,2,3,68,51394.9,2009.0,Mixed
2016-03-08 02:00:00,Fox_lodging_Helen,328.7,13.3,7.0,0.6,1005.4,3.6,2,2,3,68,51394.9,2009.0,Mixed
2016-03-08 03:00:00,Fox_lodging_Helen,318.22,12.8,7.0,0.6,1005.0,5.7,3,2,3,68,51394.9,2009.0,Mixed
2016-03-08 04:00:00,Fox_lodging_Helen,306.25,11.7,7.0,1.1,1005.1,2.1,4,2,3,68,51394.9,2009.0,Mixed
2016-03-08 05:00:00,Fox_lodging_Helen,309.87,11.7,8.0,0.6,1005.5,3.1,5,2,3,68,51394.9,2009.0,Mixed
2016-03-08 06:00:00,Fox_lodging_Helen,308.28,11.1,7.0,1.1,1006.4,0.0,6,2,3,68,51394.9,2009.0,Mixed
2016-03-08 07:00:00,Fox_lodging_Helen,303.4,11.1,6.0,1.1,1006.7,0.0,7,2,3,68,51394.9,2009.0,Mixed
2016-03-08 08:00:00,Fox_lodging_Helen,311.88,11.7,5.0,1.7,1007.5,2.1,8,2,3,68,51394.9,2009.0,Mixed
2016-03-08 09:00:00,Fox_lodging_Helen,324.45,12.2,4.0,1.1,1008.2,3.6,9,2,3,68,51394.9,2009.0,Mixed
2016-03-08 10:00:00,Fox_lodging_Helen,275.87,13.9,2.0,1.1,1008.7,4.6,10,2,3,68,51394.9,2009.0,Mixed
2016-03-08 11:00:00,Fox_lodging_Helen,257.45,15.0,4.0,1.1,1008.8,3.6,11,2,3,68,51394.9,2009.0,Mixed
2016-03-08 12:00:00,Fox_lodging_Helen,259.97,16.7,4.0,1.1,1008.7,3.6,12,2,3,68,51394.9,2009.0,Mixed
2016-03-08 13:00:00,Fox_lodging_Helen,281.75,18.3,2.0,0.0,1007.8,4.1,13,2,3,68,51394.9,2009.0,Mixed
2016-03-08 14:00:00,Fox_lodging_Helen,276.7,20.0,2.0,-0.6,1006.6,5.7,14,2,3,68,51394.9,2009.0,Mixed
2016-03-08 15:00:00,Fox_lodging_Helen,281.55,20.0,2.0,-2.8,1006.0,3.1,15,2,3,68,51394.9,2009.0,Mixed
2016-03-08 16:00:00,Fox_lodging_Helen,313.43,21.7,2.0,-3.9,1005.9,4.1,16,2,3,68,51394.9,2009.0,Mixed
2016-03-08 17:00:00,Fox_lodging_Helen,341.23,22.2,2.0,-3.3,1006.0,4.6,17,2,3,68,51394.9,2009.0,Mixed
2016-03-08 18:00:00,Fox_lodging_Helen,352.12,21.7,2.0,-2.8,1006.0,5.1,18,2,3,68,51394.9,2009.0,Mixed
2016-03-08 19:00:00,Fox_lodging_Helen,362.55,20.6,2.0,-2.2,1006.8,4.1,19,2,3,68,51394.9,2009.0,Mixed
2016-03-08 20:00:00,Fox_lodging_Helen,376.12,19.4,2.0,-2.8,1007.3,2.6,20,2,3,68,51394.9,2009.0,Mixed
2016-03-08 21:00:00,Fox_lodging_Helen,365.62,18.9,2.0,-2.8,1008.0,3.1,21,2,3,68,51394.9,2009.0,Mixed
2016-03-08 22:00:00,Fox_lodging_Helen,349.07,17.2,2.0,-2.2,1008.4,2.1,22,2,3,68,51394.9,2009.0,Mixed
2016-03-08 23:00:00,Fox_lodging_Helen,348.85,17.2,2.0,-3.9,1008.3,4.6,23,2,3,68,51394.9,2009.0,Mixed
2016-03-09 00:00:00,Fox_lodging_Helen,332.18,17.2,2.0,-3.9,1008.2,3.1,0,3,3,69,51394.9,2009.0,Mixed
2016-03-09 01:00:00,Fox_lodging_Helen,332.03,16.7,0.0,-2.8,1008.5,0.0,1,3,3,69,51394.9,2009.0,Mixed
2016-03-09 02:00:00,Fox_lodging_Helen,328.08,13.9,0.0,-0.6,1009.0,2.1,2,3,3,69,51394.9,2009.0,Mixed
2016-03-09 03:00:00,Fox_lodging_Helen,313.03,13.3,2.0,-0.6,1009.4,0.0,3,3,3,69,51394.9,2009.0,Mixed
2016-03-09 04:00:00,Fox_lodging_Helen,311.77,13.3,2.0,-1.1,1009.5,2.6,4,3,3,69,51394.9,2009.0,Mixed
2016-03-09 05:00:00,Fox_lodging_Helen,312.87,11.1,2.0,0.0,1009.9,3.1,5,3,3,69,51394.9,2009.0,Mixed
2016-03-09 06:00:00,Fox_lodging_Helen,306.1,11.1,0.0,-0.6,1010.6,2.1,6,3,3,69,51394.9,2009.0,Mixed
2016-03-09 07:00:00,Fox_lodging_Helen,311.78,11.7,2.0,-0.6,1011.9,2.1,7,3,3,69,51394.9,2009.0,Mixed
2016-03-09 08:00:00,Fox_lodging_Helen,293.82,12.8,2.0,0.6,1012.4,1.5,8,3,3,69,51394.9,2009.0,Mixed
2016-03-09 09:00:00,Fox_lodging_Helen,277.27,15.0,2.0,-0.6,1013.6,3.6,9,3,3,69,51394.9,2009.0,Mixed
2016-03-09 10:00:00,Fox_lodging_Helen,268.65,16.7,2.0,-0.6,1013.7,1.5,10,3,3,69,51394.9,2009.0,Mixed
2016-03-09 11:00:00,Fox_lodging_Helen,259.2,19.4,0.0,-1.7,1013.6,1.5,11,3,3,69,51394.9,2009.0,Mixed
2016-03-09 12:00:00,Fox_lodging_Helen,249.45,21.7,2.0,-2.2,1013.6,1.5,12,3,3,69,51394.9,2009.0,Mixed
2016-03-09 13:00:00,Fox_lodging_Helen,265.13,22.8,2.0,-3.3,1012.6,2.1,13,3,3,69,51394.9,2009.0,Mixed
2016-03-09 14:00:00,Fox_lodging_Helen,287.17,23.9,2.0,-3.9,1011.5,1.5,14,3,3,69,51394.9,2009.0,Mixed
2016-03-09 15:00:00,Fox_lodging_Helen,278.72,25.6,2.0,-5.6,1010.9,3.6,15,3,3,69,51394.9,2009.0,Mixed
2016-03-09 16:00:00,Fox_lodging_Helen,305.37,26.1,2.0,-5.6,1010.6,2.1,16,3,3,69,51394.9,2009.0,Mixed
2016-03-09 17:00:00,Fox_lodging_Helen,345.35,25.6,4.0,-6.1,1010.6,2.6,17,3,3,69,51394.9,2009.0,Mixed
2016-03-09 18:00:00,Fox_lodging_Helen,365.9,25.0,4.333333333333333,-6.7,1010.6,0.0,18,3,3,69,51394.9,2009.0,Mixed
2016-03-09 19:00:00,Fox_lodging_Helen,378.78,23.3,4.666666666666667,-6.1,1011.0,2.6,19,3,3,69,51394.9,2009.0,Mixed
2016-03-09 20:00:00,Fox_lodging_Helen,383.95,22.2,5.0,-5.6,1011.8,1.5,20,3,3,69,51394.9,2009.0,Mixed
2016-03-09 21:00:00,Fox_lodging_Helen,378.98,21.1,5.0,-6.7,1012.4,0.0,21,3,3,69,51394.9,2009.0,Mixed
2016-03-09 22:00:00,Fox_lodging_Helen,378.87,18.9,5.0,-3.9,1012.8,0.0,22,3,3,69,51394.9,2009.0,Mixed
2016-03-09 23:00:00,Fox_lodging_Helen,360.65,18.9,6.0,-3.3,1013.0,3.1,23,3,3,69,51394.9,2009.0,Mixed
2016-03-10 00:00:00,Fox_lodging_Helen,336.13,17.2,2.0,-2.2,1013.6,3.6,0,4,3,70,51394.9,2009.0,Mixed
2016-03-10 01:00:00,Fox_lodging_Helen,339.55,16.1,4.0,-1.1,1013.9,4.1,1,4,3,70,51394.9,2009.0,Mixed
2016-03-10 02:00:00,Fox_lodging_Helen,327.38,16.1,4.0,-1.7,1014.0,2.6,2,4,3,70,51394.9,2009.0,Mixed
2016-03-10 03:00:00,Fox_lodging_Helen,320.03,15.0,2.0,-1.7,1013.7,0.0,3,4,3,70,51394.9,2009.0,Mixed
2016-03-10 04:00:00,Fox_lodging_Helen,311.82,14.4,3.0,-3.3,1013.2,2.6,4,4,3,70,51394.9,2009.0,Mixed
2016-03-10 05:00:00,Fox_lodging_Helen,311.82,13.9,4.0,-2.2,1013.3,0.0,5,4,3,70,51394.9,2009.0,Mixed
2016-03-10 06:00:00,Fox_lodging_Helen,313.53,13.9,4.0,-1.1,1014.1,0.0,6,4,3,70,51394.9,2009.0,Mixed
2016-03-10 07:00:00,Fox_lodging_Helen,309.72,12.8,4.0,-0.6,1014.2,2.6,7,4,3,70,51394.9,2009.0,Mixed
2016-03-10 08:00:00,Fox_lodging_Helen,299.4,15.0,4.0,-1.7,1014.9,2.1,8,4,3,70,51394.9,2009.0,Mixed
2016-03-10 09:00:00,Fox_lodging_Helen,273.7,18.3,4.0,-1.7,1015.6,2.6,9,4,3,70,51394.9,2009.0,Mixed
2016-03-10 10:00:00,Fox_lodging_Helen,264.63,20.6,2.0,-2.2,1015.8,3.1,10,4,3,70,51394.9,2009.0,Mixed
2016-03-10 11:00:00,Fox_lodging_Helen,260.88,22.8,2.0,-2.8,1016.1,2.1,11,4,3,70,51394.9,2009.0,Mixed
2016-03-10 12:00:00,Fox_lodging_Helen,265.97,25.0,2.0,-3.9,1015.6,2.1,12,4,3,70,51394.9,2009.0,Mixed
2016-03-10 13:00:00,Fox_lodging_Helen,287.45,27.2,0.0,-5.0,1014.8,3.1,13,4,3,70,51394.9,2009.0,Mixed
2016-03-10 14:00:00,Fox_lodging_Helen,291.45,27.8,2.0,-7.2,1013.8,0.0,14,4,3,70,51394.9,2009.0,Mixed
2016-03-10 15:00:00,Fox_lodging_Helen,298.33,28.3,2.0,-7.2,1012.8,2.6,15,4,3,70,51394.9,2009.0,Mixed
2016-03-10 16:00:00,Fox_lodging_Helen,325.6,28.9,2.0,-7.8,1012.2,0.0,16,4,3,70,51394.9,2009.0,Mixed
2016-03-10 17:00:00,Fox_lodging_Helen,379.23,28.9,2.0,-7.2,1012.0,1.5,17,4,3,70,51394.9,2009.0,Mixed
2016-03-10 18:00:00,Fox_lodging_Helen,415.73,28.3,2.0,-8.9,1012.2,1.5,18,4,3,70,51394.9,2009.0,Mixed
2016-03-10 19:00:00,Fox_lodging_Helen,391.82,27.2,0.0,-7.8,1012.7,2.6,19,4,3,70,51394.9,2009.0,Mixed
2016-03-10 20:00:00,Fox_lodging_Helen,383.32,27.2,0.0,-6.7,1012.9,1.5,20,4,3,70,51394.9,2009.0,Mixed
2016-03-10 21:00:00,Fox_lodging_Helen,375.17,22.8,0.0,-4.4,1013.1,0.0,21,4,3,70,51394.9,2009.0,Mixed
2016-03-10 22:00:00,Fox_lodging_Helen,383.83,21.7,2.0,-3.9,1013.5,2.1,22,4,3,70,51394.9,2009.0,Mixed
2016-03-10 23:00:00,Fox_lodging_Helen,367.57,20.6,0.0,-5.0,1013.5,3.6,23,4,3,70,51394.9,2009.0,Mixed
2016-03-11 00:00:00,Fox_lodging_Helen,355.47,19.4,2.0,-4.4,1013.8,1.5,0,5,3,71,51394.9,2009.0,Mixed
2016-03-11 01:00:00,Fox_lodging_Helen,329.13,17.8,2.0,-3.3,1013.8,2.1,1,5,3,71,51394.9,2009.0,Mixed
2016-03-11 02:00:00,Fox_lodging_Helen,333.35,16.7,2.0,-2.8,1013.8,1.5,2,5,3,71,51394.9,2009.0,Mixed
2016-03-11 03:00:00,Fox_lodging_Helen,335.95,16.1,2.0,-2.2,1013.3,2.1,3,5,3,71,51394.9,2009.0,Mixed
2016-03-11 04:00:00,Fox_lodging_Helen,315.58,15.6,2.0,-2.8,1013.2,2.6,4,5,3,71,51394.9,2009.0,Mixed
2016-03-11 05:00:00,Fox_lodging_Helen,314.45,15.6,2.0,-3.3,1012.8,3.6,5,5,3,71,51394.9,2009.0,Mixed
2016-03-11 06:00:00,Fox_lodging_Helen,313.58,15.0,4.0,-3.3,1012.9,3.1,6,5,3,71,51394.9,2009.0,Mixed
2016-03-11 07:00:00,Fox_lodging_Helen,308.15,15.0,4.4,-2.2,1013.3,3.1,7,5,3,71,51394.9,2009.0,Mixed
2016-03-11 08:00:00,Fox_lodging_Helen,307.53,16.1,4.8,-1.7,1013.7,4.1,8,5,3,71,51394.9,2009.0,Mixed
2016-03-11 09:00:00,Fox_lodging_Helen,307.33,19.4,5.2,-4.4,1014.0,3.6,9,5,3,71,51394.9,2009.0,Mixed
2016-03-11 10:00:00,Fox_lodging_Helen,305.43,21.1,5.2,-2.2,1013.8,3.6,10,5,3,71,51394.9,2009.0,Mixed
2016-03-11 11:00:00,Fox_lodging_Helen,312.03,23.9,6.0,-3.3,1013.3,5.1,11,5,3,71,51394.9,2009.0,Mixed
2016-03-11 12:00:00,Fox_lodging_Helen,306.48,25.0,6.0,-3.9,1012.4,3.1,12,5,3,71,51394.9,2009.0,Mixed
2016-03-11 13:00:00,Fox_lodging_Helen,326.82,26.1,6.0,-3.9,1011.6,0.0,13,5,3,71,51394.9,2009.0,Mixed
2016-03-11 14:00:00,Fox_lodging_Helen,327.55,27.8,6.0,-3.9,1010.3,2.6,14,5,3,71,51394.9,2009.0,Mixed
2016-03-11 15:00:00,Fox_lodging_Helen,345.72,28.3,6.0,-5.0,1009.5,3.6,15,5,3,71,51394.9,2009.0,Mixed
2016-03-11 16:00:00,Fox_lodging_Helen,354.07,29.4,6.0,-5.6,1008.9,3.6,16,5,3,71,51394.9,2009.0,Mixed
2016-03-11 17:00:00,Fox_lodging_Helen,379.9,27.8,6.0,-5.6,1008.5,3.6,17,5,3,71,51394.9,2009.0,Mixed
2016-03-11 18:00:00,Fox_lodging_Helen,418.38,27.2,4.8,-5.6,1008.3,3.6,18,5,3,71,51394.9,2009.0,Mixed
2016-03-11 19:00:00,Fox_lodging_Helen,393.7,26.7,3.6,-5.0,1008.4,3.1,19,5,3,71,51394.9,2009.0,Mixed
2016-03-11 20:00:00,Fox_lodging_Helen,380.38,25.6,2.4000000000000004,-5.6,1008.4,3.1,20,5,3,71,51394.9,2009.0,Mixed
2016-03-11 21:00:00,Fox_lodging_Helen,384.53,22.8,2.4000000000000004,-5.0,1008.1,1.5,21,5,3,71,51394.9,2009.0,Mixed
2016-03-11 22:00:00,Fox_lodging_Helen,380.82,22.2,0.0,-3.9,1008.3,2.6,22,5,3,71,51394.9,2009.0,Mixed
2016-03-11 23:00:00,Fox_lodging_Helen,370.85,20.6,0.0,-3.3,1008.9,0.0,23,5,3,71,51394.9,2009.0,Mixed
2016-03-12 00:00:00,Fox_lodging_Helen,347.43,21.7,0.0,-1.7,1008.9,6.7,0,6,3,72,51394.9,2009.0,Mixed
2016-03-12 01:00:00,Fox_lodging_Helen,335.48,20.0,0.0,2.8,1009.6,9.3,1,6,3,72,51394.9,2009.0,Mixed
2016-03-12 02:00:00,Fox_lodging_Helen,330.63,17.2,0.0,5.0,1010.7,15.4,2,6,3,72,51394.9,2009.0,Mixed
2016-03-12 03:00:00,Fox_lodging_Helen,328.22,16.1,0.0,2.2,1011.1,6.7,3,6,3,72,51394.9,2009.0,Mixed
2016-03-12 04:00:00,Fox_lodging_Helen,315.75,15.0,0.0,2.2,1011.9,5.7,4,6,3,72,51394.9,2009.0,Mixed
2016-03-12 05:00:00,Fox_lodging_Helen,316.1,13.9,0.0,0.6,1012.7,3.6,5,6,3,72,51394.9,2009.0,Mixed
2016-03-12 06:00:00,Fox_lodging_Helen,313.43,13.3,0.0,0.0,1013.4,3.1,6,6,3,72,51394.9,2009.0,Mixed
2016-03-12 07:00:00,Fox_lodging_Helen,311.92,11.7,2.0,0.6,1014.4,2.1,7,6,3,72,51394.9,2009.0,Mixed
2016-03-12 08:00:00,Fox_lodging_Helen,298.67,13.3,2.0,-0.6,1014.8,2.6,8,6,3,72,51394.9,2009.0,Mixed
2016-03-12 09:00:00,Fox_lodging_Helen,288.68,15.0,2.0,-0.6,1016.0,2.1,9,6,3,72,51394.9,2009.0,Mixed
2016-03-12 10:00:00,Fox_lodging_Helen,276.42,15.6,2.0,-0.6,1016.5,3.1,10,6,3,72,51394.9,2009.0,Mixed
2016-03-12 11:00:00,Fox_lodging_Helen,281.48,16.1,2.0,-1.1,1016.9,5.7,11,6,3,72,51394.9,2009.0,Mixed
2016-03-12 12:00:00,Fox_lodging_Helen,265.15,17.8,2.0,-1.1,1016.5,4.6,12,6,3,72,51394.9,2009.0,Mixed
2016-03-12 13:00:00,Fox_lodging_Helen,281.58,18.9,2.0,-1.1,1016.2,4.1,13,6,3,72,51394.9,2009.0,Mixed
2016-03-12 14:00:00,Fox_lodging_Helen,303.97,19.4,2.0,-1.1,1015.5,6.2,14,6,3,72,51394.9,2009.0,Mixed
2016-03-12 15:00:00,Fox_lodging_Helen,337.65,19.4,2.0,-1.7,1014.9,4.6,15,6,3,72,51394.9,2009.0,Mixed
2016-03-12 16:00:00,Fox_lodging_Helen,360.22,21.7,2.0,-1.7,1014.4,5.7,16,6,3,72,51394.9,2009.0,Mixed
2016-03-12 17:00:00,Fox_lodging_Helen,373.9,21.7,2.0,-2.8,1014.4,7.2,17,6,3,72,51394.9,2009.0,Mixed
2016-03-12 18:00:00,Fox_lodging_Helen,401.52,21.1,2.0,-3.3,1014.9,5.7,18,6,3,72,51394.9,2009.0,Mixed
2016-03-12 19:00:00,Fox_lodging_Helen,391.27,20.6,2.0,-3.3,1014.9,3.6,19,6,3,72,51394.9,2009.0,Mixed
2016-03-12 20:00:00,Fox_lodging_Helen,389.25,18.9,2.0,-2.8,1015.4,1.5,20,6,3,72,51394.9,2009.0,Mixed
2016-03-12 21:00:00,Fox_lodging_Helen,386.35,18.3,0.0,-1.7,1015.8,2.6,21,6,3,72,51394.9,2009.0,Mixed
2016-03-12 22:00:00,Fox_lodging_Helen,370.82,17.2,0.0,-1.1,1016.1,1.5,22,6,3,72,51394.9,2009.0,Mixed
2016-03-12 23:00:00,Fox_lodging_Helen,367.48,16.1,0.0,-0.6,1016.2,2.1,23,6,3,72,51394.9,2009.0,Mixed
2016-03-13 00:00:00,Fox_lodging_Helen,359.27,15.6,0.0,0.0,1016.6,3.6,0,7,3,73,51394.9,2009.0,Mixed
2016-03-13 01:00:00,Fox_lodging_Helen,352.53,14.4,0.0,0.0,1016.8,3.6,1,7,3,73,51394.9,2009.0,Mixed
2016-03-13 02:00:00,Fox_lodging_Helen,334.5,13.9,0.0,0.6,1016.7,3.1,2,7,3,73,51394.9,2009.0,Mixed
2016-03-13 03:00:00,Fox_lodging_Helen,334.85,12.8,0.0,0.6,1016.5,3.6,3,7,3,73,51394.9,2009.0,Mixed
2016-03-13 04:00:00,Fox_lodging_Helen,320.77,12.2,0.0,0.0,1016.1,4.1,4,7,3,73,51394.9,2009.0,Mixed
2016-03-13 05:00:00,Fox_lodging_Helen,314.57,11.7,0.0,0.0,1016.0,4.1,5,7,3,73,51394.9,2009.0,Mixed
2016-03-13 06:00:00,Fox_lodging_Helen,311.03,11.1,2.0,0.0,1016.2,3.6,6,7,3,73,51394.9,2009.0,Mixed
2016-03-13 07:00:00,Fox_lodging_Helen,308.25,11.1,4.0,0.0,1016.6,3.6,7,7,3,73,51394.9,2009.0,Mixed
2016-03-13 08:00:00,Fox_lodging_Helen,298.05,12.2,4.5,0.0,1017.6,4.1,8,7,3,73,51394.9,2009.0,Mixed
2016-03-13 09:00:00,Fox_lodging_Helen,292.47,15.0,5.0,-1.1,1017.8,2.6,9,7,3,73,51394.9,2009.0,Mixed
2016-03-13 10:00:00,Fox_lodging_Helen,293.5,17.2,5.5,-1.1,1018.2,1.5,10,7,3,73,51394.9,2009.0,Mixed
2016-03-13 11:00:00,Fox_lodging_Helen,304.52,18.9,6.0,-1.7,1018.0,0.0,11,7,3,73,51394.9,2009.0,Mixed
2016-03-13 12:00:00,Fox_lodging_Helen,304.3,20.6,5.5,-1.7,1017.2,0.0,12,7,3,73,51394.9,2009.0,Mixed
2016-03-13 13:00:00,Fox_lodging_Helen,341.87,21.7,5.0,-2.2,1016.3,1.5,13,7,3,73,51394.9,2009.0,Mixed
2016-03-13 14:00:00,Fox_lodging_Helen,371.35,22.8,4.5,-2.2,1014.9,2.1,14,7,3,73,51394.9,2009.0,Mixed
2016-03-13 15:00:00,Fox_lodging_Helen,374.6,23.9,4.0,-2.8,1013.8,1.5,15,7,3,73,51394.9,2009.0,Mixed
2016-03-13 16:00:00,Fox_lodging_Helen,409.63,25.6,5.0,-2.8,1013.1,2.6,16,7,3,73,51394.9,2009.0,Mixed
2016-03-13 17:00:00,Fox_lodging_Helen,457.2,23.9,6.0,-3.3,1013.2,4.1,17,7,3,73,51394.9,2009.0,Mixed
2016-03-13 18:00:00,Fox_lodging_Helen,479.57,23.9,6.0,-2.2,1013.1,3.6,18,7,3,73,51394.9,2009.0,Mixed
2016-03-13 19:00:00,Fox_lodging_Helen,474.15,23.3,6.0,-1.7,1013.1,3.6,19,7,3,73,51394.9,2009.0,Mixed
2016-03-13 20:00:00,Fox_lodging_Helen,499.63,22.8,6.0,-1.7,1013.7,3.1,20,7,3,73,51394.9,2009.0,Mixed
2016-03-13 21:00:00,Fox_lodging_Helen,481.57,20.6,6.0,0.0,1013.8,1.5,21,7,3,73,51394.9,2009.0,Mixed
2016-03-13 22:00:00,Fox_lodging_Helen,496.15,19.4,6.0,0.6,1014.0,0.0,22,7,3,73,51394.9,2009.0,Mixed
2016-03-13 23:00:00,Fox_lodging_Helen,456.58,19.4,6.0,0.6,1013.9,0.0,23,7,3,73,51394.9,2009.0,Mixed
2016-03-14 00:00:00,Fox_lodging_Helen,427.87,17.8,5.333333333333333,1.1,1013.9,2.1,0,1,3,74,51394.9,2009.0,Mixed
2016-03-14 01:00:00,Fox_lodging_Helen,384.67,17.2,4.666666666666667,1.1,1013.8,2.6,1,1,3,74,51394.9,2009.0,Mixed
2016-03-14 02:00:00,Fox_lodging_Helen,378.27,16.1,4.0,1.1,1013.8,3.1,2,1,3,74,51394.9,2009.0,Mixed
2016-03-14 03:00:00,Fox_lodging_Helen,342.43,14.4,4.0,1.7,1013.7,2.6,3,1,3,74,51394.9,2009.0,Mixed
2016-03-14 04:00:00,Fox_lodging_Helen,331.42,14.4,4.0,0.6,1013.7,2.6,4,1,3,74,51394.9,2009.0,Mixed
2016-03-14 05:00:00,Fox_lodging_Helen,329.65,13.9,6.0,0.0,1014.1,2.1,5,1,3,74,51394.9,2009.0,Mixed
2016-03-14 06:00:00,Fox_lodging_Helen,329.7,12.8,5.0,1.1,1014.3,3.1,6,1,3,74,51394.9,2009.0,Mixed
2016-03-14 07:00:00,Fox_lodging_Helen,335.25,13.3,4.0,0.6,1014.8,2.1,7,1,3,74,51394.9,2009.0,Mixed
2016-03-14 08:00:00,Fox_lodging_Helen,353.37,14.4,4.0,0.6,1015.0,3.6,8,1,3,74,51394.9,2009.0,Mixed
2016-03-14 09:00:00,Fox_lodging_Helen,357.77,17.2,4.0,1.7,1015.1,4.6,9,1,3,74,51394.9,2009.0,Mixed
2016-03-14 10:00:00,Fox_lodging_Helen,333.32,19.4,4.0,2.2,1015.5,0.0,10,1,3,74,51394.9,2009.0,Mixed
2016-03-14 11:00:00,Fox_lodging_Helen,351.6,21.1,4.0,1.7,1015.6,2.1,11,1,3,74,51394.9,2009.0,Mixed
2016-03-14 12:00:00,Fox_lodging_Helen,346.58,22.8,4.0,1.7,1015.1,2.6,12,1,3,74,51394.9,2009.0,Mixed
2016-03-14 13:00:00,Fox_lodging_Helen,378.12,23.3,4.4,1.7,1013.9,2.1,13,1,3,74,51394.9,2009.0,Mixed
2016-03-14 14:00:00,Fox_lodging_Helen,358.68,24.4,4.8,1.7,1012.6,2.6,14,1,3,74,51394.9,2009.0,Mixed
2016-03-14 15:00:00,Fox_lodging_Helen,409.27,25.6,5.2,2.2,1011.9,3.1,15,1,3,74,51394.9,2009.0,Mixed
2016-03-14 16:00:00,Fox_lodging_Helen,444.88,26.1,5.2,2.8,1011.4,6.7,16,1,3,74,51394.9,2009.0,Mixed
2016-03-14 17:00:00,Fox_lodging_Helen,483.73,25.0,6.0,2.8,1011.5,6.2,17,1,3,74,51394.9,2009.0,Mixed
2016-03-14 18:00:00,Fox_lodging_Helen,486.83,24.4,5.0,2.8,1011.6,5.1,18,1,3,74,51394.9,2009.0,Mixed
2016-03-14 19:00:00,Fox_lodging_Helen,512.62,23.3,4.0,2.8,1012.1,3.6,19,1,3,74,51394.9,2009.0,Mixed
2016-03-14 20:00:00,Fox_lodging_Helen,517.13,22.2,4.0,3.3,1012.5,2.1,20,1,3,74,51394.9,2009.0,Mixed
2016-03-14 21:00:00,Fox_lodging_Helen,545.0,22.2,4.0,3.3,1013.0,0.0,21,1,3,74,51394.9,2009.0,Mixed
2016-03-14 22:00:00,Fox_lodging_Helen,531.95,20.6,2.0,3.3,1013.6,0.0,22,1,3,74,51394.9,2009.0,Mixed
2016-03-14 23:00:00,Fox_lodging_Helen,500.07,20.0,0.0,3.3,1013.6,1.5,23,1,3,74,51394.9,2009.0,Mixed
2016-03-15 00:00:00,Fox_lodging_Helen,472.02,17.8,0.0,3.9,1013.4,1.5,0,2,3,75,51394.9,2009.0,Mixed
2016-03-15 01:00:00,Fox_lodging_Helen,421.72,17.8,2.0,3.9,1013.5,2.6,1,2,3,75,51394.9,2009.0,Mixed
2016-03-15 02:00:00,Fox_lodging_Helen,376.73,16.7,2.0,3.9,1014.0,1.5,2,2,3,75,51394.9,2009.0,Mixed
2016-03-15 03:00:00,Fox_lodging_Helen,356.17,15.6,2.0,3.3,1013.8,2.6,3,2,3,75,51394.9,2009.0,Mixed
2016-03-15 04:00:00,Fox_lodging_Helen,347.83,14.4,2.0,3.9,1013.6,2.1,4,2,3,75,51394.9,2009.0,Mixed
2016-03-15 05:00:00,Fox_lodging_Helen,339.93,15.0,2.0,3.3,1013.9,0.0,5,2,3,75,51394.9,2009.0,Mixed
2016-03-15 06:00:00,Fox_lodging_Helen,343.3,14.4,2.0,3.3,1014.4,2.1,6,2,3,75,51394.9,2009.0,Mixed
2016-03-15 07:00:00,Fox_lodging_Helen,341.88,13.3,2.0,3.9,1015.0,0.0,7,2,3,75,51394.9,2009.0,Mixed
2016-03-15 08:00:00,Fox_lodging_Helen,354.97,15.0,4.0,4.4,1015.5,0.0,8,2,3,75,51394.9,2009.0,Mixed
2016-03-15 09:00:00,Fox_lodging_Helen,346.42,17.8,4.0,3.9,1016.1,0.0,9,2,3,75,51394.9,2009.0,Mixed
2016-03-15 10:00:00,Fox_lodging_Helen,365.77,20.6,4.0,3.9,1016.3,1.5,10,2,3,75,51394.9,2009.0,Mixed
2016-03-15 11:00:00,Fox_lodging_Helen,357.22,22.8,4.0,3.3,1015.8,0.0,11,2,3,75,51394.9,2009.0,Mixed
2016-03-15 12:00:00,Fox_lodging_Helen,347.48,24.4,4.0,1.7,1015.2,2.1,12,2,3,75,51394.9,2009.0,Mixed
2016-03-15 13:00:00,Fox_lodging_Helen,345.28,26.7,4.0,-1.7,1013.9,1.5,13,2,3,75,51394.9,2009.0,Mixed
2016-03-15 14:00:00,Fox_lodging_Helen,378.22,27.8,4.0,-3.3,1012.8,2.6,14,2,3,75,51394.9,2009.0,Mixed
2016-03-15 15:00:00,Fox_lodging_Helen,403.85,28.9,4.0,-5.0,1011.9,3.1,15,2,3,75,51394.9,2009.0,Mixed
2016-03-15 16:00:00,Fox_lodging_Helen,436.75,29.4,4.0,-5.0,1011.4,1.5,16,2,3,75,51394.9,2009.0,Mixed
2016-03-15 17:00:00,Fox_lodging_Helen,458.25,28.9,6.0,-6.1,1010.9,4.1,17,2,3,75,51394.9,2009.0,Mixed
2016-03-15 18:00:00,Fox_lodging_Helen,486.83,27.8,5.333333333333333,-6.1,1010.8,4.1,18,2,3,75,51394.9,2009.0,Mixed
2016-03-15 19:00:00,Fox_lodging_Helen,511.18,26.1,4.666666666666667,-6.1,1010.9,3.6,19,2,3,75,51394.9,2009.0,Mixed
2016-03-15 20:00:00,Fox_lodging_Helen,523.02,24.4,4.0,-5.6,1011.0,3.6,20,2,3,75,51394.9,2009.0,Mixed
2016-03-15 21:00:00,Fox_lodging_Helen,531.3,22.8,4.0,-4.4,1011.1,2.6,21,2,3,75,51394.9,2009.0,Mixed
2016-03-15 22:00:00,Fox_lodging_Helen,539.37,23.3,0.0,-5.6,1011.3,2.6,22,2,3,75,51394.9,2009.0,Mixed
2016-03-15 23:00:00,Fox_lodging_Helen,533.77,21.1,0.0,-3.9,1011.6,3.1,23,2,3,75,51394.9,2009.0,Mixed
2016-03-16 00:00:00,Fox_lodging_Helen,472.1,18.9,2.0,-3.3,1011.8,3.1,0,3,3,76,51394.9,2009.0,Mixed
2016-03-16 01:00:00,Fox_lodging_Helen,436.6,18.3,2.0,-5.0,1011.8,3.1,1,3,3,76,51394.9,2009.0,Mixed
2016-03-16 02:00:00,Fox_lodging_Helen,397.77,17.2,2.0,-4.4,1012.0,2.6,2,3,3,76,51394.9,2009.0,Mixed
2016-03-16 03:00:00,Fox_lodging_Helen,372.62,16.7,2.0,-4.4,1011.9,1.5,3,3,3,76,51394.9,2009.0,Mixed
2016-03-16 04:00:00,Fox_lodging_Helen,351.58,15.0,2.0,-2.8,1011.9,0.0,4,3,3,76,51394.9,2009.0,Mixed
2016-03-16 05:00:00,Fox_lodging_Helen,344.47,14.4,0.0,-2.2,1012.2,2.6,5,3,3,76,51394.9,2009.0,Mixed
2016-03-16 06:00:00,Fox_lodging_Helen,339.47,13.9,0.0,-2.2,1012.7,1.5,6,3,3,76,51394.9,2009.0,Mixed
2016-03-16 07:00:00,Fox_lodging_Helen,349.78,15.0,2.0,-5.0,1013.2,2.1,7,3,3,76,51394.9,2009.0,Mixed
2016-03-16 08:00:00,Fox_lodging_Helen,378.82,16.7,2.0,-3.9,1013.9,1.5,8,3,3,76,51394.9,2009.0,Mixed
2016-03-16 09:00:00,Fox_lodging_Helen,388.43,20.0,4.0,-5.0,1014.0,3.6,9,3,3,76,51394.9,2009.0,Mixed
2016-03-16 10:00:00,Fox_lodging_Helen,372.58,23.3,4.0,-6.1,1014.0,3.1,10,3,3,76,51394.9,2009.0,Mixed
2016-03-16 11:00:00,Fox_lodging_Helen,381.7,25.6,4.0,-6.1,1013.6,2.6,11,3,3,76,51394.9,2009.0,Mixed
2016-03-16 12:00:00,Fox_lodging_Helen,376.8,27.2,4.0,-7.2,1012.9,0.0,12,3,3,76,51394.9,2009.0,Mixed
2016-03-16 13:00:00,Fox_lodging_Helen,382.22,27.8,4.0,-7.2,1011.9,0.0,13,3,3,76,51394.9,2009.0,Mixed
2016-03-16 14:00:00,Fox_lodging_Helen,439.03,29.4,4.0,-8.3,1010.7,2.1,14,3,3,76,51394.9,2009.0,Mixed
2016-03-16 15:00:00,Fox_lodging_Helen,439.13,29.4,2.0,-10.0,1010.0,0.0,15,3,3,76,51394.9,2009.0,Mixed
2016-03-16 16:00:00,Fox_lodging_Helen,472.48,29.4,2.0,-10.0,1009.4,0.0,16,3,3,76,51394.9,2009.0,Mixed
2016-03-16 17:00:00,Fox_lodging_Helen,518.5,30.0,2.0,-8.9,1008.9,3.1,17,3,3,76,51394.9,2009.0,Mixed
2016-03-16 18:00:00,Fox_lodging_Helen,537.52,29.4,2.0,-7.8,1008.8,4.1,18,3,3,76,51394.9,2009.0,Mixed
2016-03-16 19:00:00,Fox_lodging_Helen,545.63,28.3,2.0,-9.4,1008.9,3.1,19,3,3,76,51394.9,2009.0,Mixed
2016-03-16 20:00:00,Fox_lodging_Helen,574.32,25.0,2.0,-6.7,1009.3,1.5,20,3,3,76,51394.9,2009.0,Mixed
2016-03-16 21:00:00,Fox_lodging_Helen,557.88,23.3,0.0,-5.0,1009.5,0.0,21,3,3,76,51394.9,2009.0,Mixed
2016-03-16 22:00:00,Fox_lodging_Helen,557.18,25.0,0.0,-5.6,1009.3,1.5,22,3,3,76,51394.9,2009.0,Mixed
2016-03-16 23:00:00,Fox_lodging_Helen,522.92,21.7,0.0,-4.4,1009.5,0.0,23,3,3,76,51394.9,2009.0,Mixed
2016-03-17 00:00:00,Fox_lodging_Helen,504.42,19.4,0.0,-3.3,1009.5,1.5,0,4,3,77,51394.9,2009.0,Mixed
2016-03-17 01:00:00,Fox_lodging_Helen,458.45,18.9,0.0,-2.2,1009.4,2.1,1,4,3,77,51394.9,2009.0,Mixed
2016-03-17 02:00:00,Fox_lodging_Helen,408.92,18.3,0.0,-2.8,1009.5,2.6,2,4,3,77,51394.9,2009.0,Mixed
2016-03-17 03:00:00,Fox_lodging_Helen,380.88,17.8,0.0,-3.3,1009.3,0.0,3,4,3,77,51394.9,2009.0,Mixed
2016-03-17 04:00:00,Fox_lodging_Helen,351.63,16.1,0.0,-2.2,1009.4,2.1,4,4,3,77,51394.9,2009.0,Mixed
2016-03-17 05:00:00,Fox_lodging_Helen,349.42,15.6,0.0,-3.9,1009.8,3.1,5,4,3,77,51394.9,2009.0,Mixed
2016-03-17 06:00:00,Fox_lodging_Helen,347.62,15.0,0.0,-4.4,1010.0,2.6,6,4,3,77,51394.9,2009.0,Mixed
2016-03-17 07:00:00,Fox_lodging_Helen,351.93,15.0,2.0,-3.3,1010.4,2.6,7,4,3,77,51394.9,2009.0,Mixed
2016-03-17 08:00:00,Fox_lodging_Helen,384.88,16.7,2.0,-3.9,1011.2,2.6,8,4,3,77,51394.9,2009.0,Mixed
2016-03-17 09:00:00,Fox_lodging_Helen,386.87,18.9,0.0,-4.4,1011.7,3.6,9,4,3,77,51394.9,2009.0,Mixed
2016-03-17 10:00:00,Fox_lodging_Helen,392.62,21.7,0.0,-5.0,1011.3,3.1,10,4,3,77,51394.9,2009.0,Mixed
2016-03-17 11:00:00,Fox_lodging_Helen,389.18,25.0,0.0,-5.0,1010.9,2.1,11,4,3,77,51394.9,2009.0,Mixed
2016-03-17 12:00:00,Fox_lodging_Helen,376.35,26.1,0.0,-5.0,1010.5,2.1,12,4,3,77,51394.9,2009.0,Mixed
2016-03-17 13:00:00,Fox_lodging_Helen,381.92,27.8,0.0,-6.1,1009.4,1.5,13,4,3,77,51394.9,2009.0,Mixed
2016-03-17 14:00:00,Fox_lodging_Helen,404.68,28.9,0.0,-7.8,1008.1,2.6,14,4,3,77,51394.9,2009.0,Mixed
2016-03-17 15:00:00,Fox_lodging_Helen,419.75,29.4,0.0,-8.9,1007.3,2.6,15,4,3,77,51394.9,2009.0,Mixed
2016-03-17 16:00:00,Fox_lodging_Helen,452.05,30.0,0.0,-8.9,1006.7,4.1,16,4,3,77,51394.9,2009.0,Mixed
2016-03-17 17:00:00,Fox_lodging_Helen,487.67,30.0,0.0,-9.4,1006.5,4.1,17,4,3,77,51394.9,2009.0,Mixed
2016-03-17 18:00:00,Fox_lodging_Helen,511.77,29.4,0.0,-10.0,1006.4,5.1,18,4,3,77,51394.9,2009.0,Mixed
2016-03-17 19:00:00,Fox_lodging_Helen,521.32,28.3,0.0,-9.4,1006.3,3.1,19,4,3,77,51394.9,2009.0,Mixed
2016-03-17 20:00:00,Fox_lodging_Helen,528.73,25.0,0.0,-6.7,1006.8,2.1,20,4,3,77,51394.9,2009.0,Mixed
2016-03-17 21:00:00,Fox_lodging_Helen,541.82,24.4,0.0,-6.7,1007.3,1.5,21,4,3,77,51394.9,2009.0,Mixed
2016-03-17 22:00:00,Fox_lodging_Helen,526.77,21.7,0.0,-3.9,1007.6,2.1,22,4,3,77,51394.9,2009.0,Mixed
2016-03-17 23:00:00,Fox_lodging_Helen,479.92,21.1,0.0,-3.9,1008.0,0.0,23,4,3,77,51394.9,2009.0,Mixed
2016-03-18 00:00:00,Fox_lodging_Helen,477.67,19.4,0.0,-3.9,1008.1,3.1,0,5,3,78,51394.9,2009.0,Mixed
2016-03-18 01:00:00,Fox_lodging_Helen,441.55,18.3,0.0,-3.3,1008.0,1.5,1,5,3,78,51394.9,2009.0,Mixed
2016-03-18 02:00:00,Fox_lodging_Helen,410.83,16.7,0.0,-3.9,1008.3,3.6,2,5,3,78,51394.9,2009.0,Mixed
2016-03-18 03:00:00,Fox_lodging_Helen,389.15,16.7,0.0,-3.3,1008.1,1.5,3,5,3,78,51394.9,2009.0,Mixed
2016-03-18 04:00:00,Fox_lodging_Helen,380.27,15.6,0.0,-3.3,1008.3,2.6,4,5,3,78,51394.9,2009.0,Mixed
2016-03-18 05:00:00,Fox_lodging_Helen,370.03,15.0,0.0,-3.9,1008.5,3.1,5,5,3,78,51394.9,2009.0,Mixed
2016-03-18 06:00:00,Fox_lodging_Helen,354.92,14.4,0.0,-3.9,1008.6,3.1,6,5,3,78,51394.9,2009.0,Mixed
2016-03-18 07:00:00,Fox_lodging_Helen,356.25,13.9,0.0,-4.4,1009.4,3.6,7,5,3,78,51394.9,2009.0,Mixed
2016-03-18 08:00:00,Fox_lodging_Helen,370.7,16.1,0.0,-3.9,1010.3,2.6,8,5,3,78,51394.9,2009.0,Mixed
2016-03-18 09:00:00,Fox_lodging_Helen,381.3,19.4,0.0,-5.0,1010.9,3.6,9,5,3,78,51394.9,2009.0,Mixed
2016-03-18 10:00:00,Fox_lodging_Helen,393.95,22.2,0.0,-4.4,1011.3,2.6,10,5,3,78,51394.9,2009.0,Mixed
2016-03-18 11:00:00,Fox_lodging_Helen,392.02,24.4,0.0,-5.6,1011.2,0.0,11,5,3,78,51394.9,2009.0,Mixed
2016-03-18 12:00:00,Fox_lodging_Helen,390.27,26.1,0.0,-7.2,1010.8,1.5,12,5,3,78,51394.9,2009.0,Mixed
2016-03-18 13:00:00,Fox_lodging_Helen,399.1,27.8,0.0,-6.7,1010.2,2.6,13,5,3,78,51394.9,2009.0,Mixed
2016-03-18 14:00:00,Fox_lodging_Helen,415.35,29.4,0.0,-7.2,1009.1,1.5,14,5,3,78,51394.9,2009.0,Mixed
2016-03-18 15:00:00,Fox_lodging_Helen,441.08,30.6,0.0,-6.1,1008.3,4.1,15,5,3,78,51394.9,2009.0,Mixed
2016-03-18 16:00:00,Fox_lodging_Helen,473.98,31.7,0.0,-5.6,1007.9,6.2,16,5,3,78,51394.9,2009.0,Mixed
2016-03-18 17:00:00,Fox_lodging_Helen,508.83,31.1,0.0,-6.7,1007.6,5.1,17,5,3,78,51394.9,2009.0,Mixed
2016-03-18 18:00:00,Fox_lodging_Helen,509.42,30.6,0.0,-7.2,1007.7,6.2,18,5,3,78,51394.9,2009.0,Mixed
2016-03-18 19:00:00,Fox_lodging_Helen,518.22,28.9,0.0,-6.1,1007.9,3.1,19,5,3,78,51394.9,2009.0,Mixed
2016-03-18 20:00:00,Fox_lodging_Helen,526.13,26.1,0.0,-4.4,1008.4,2.1,20,5,3,78,51394.9,2009.0,Mixed
2016-03-18 21:00:00,Fox_lodging_Helen,529.55,26.1,0.0,-4.4,1009.2,1.5,21,5,3,78,51394.9,2009.0,Mixed
2016-03-18 22:00:00,Fox_lodging_Helen,505.62,26.1,0.0,-4.4,1009.6,2.1,22,5,3,78,51394.9,2009.0,Mixed
2016-03-18 23:00:00,Fox_lodging_Helen,489.35,25.6,0.0,-2.8,1009.9,2.6,23,5,3,78,51394.9,2009.0,Mixed
2016-03-19 00:00:00,Fox_lodging_Helen,459.87,23.9,0.0,-2.8,1010.0,2.1,0,6,3,79,51394.9,2009.0,Mixed
2016-03-19 01:00:00,Fox_lodging_Helen,432.37,22.8,0.0,-0.6,1010.1,4.1,1,6,3,79,51394.9,2009.0,Mixed
2016-03-19 02:00:00,Fox_lodging_Helen,412.75,19.4,0.0,-0.6,1010.3,0.0,2,6,3,79,51394.9,2009.0,Mixed
2016-03-19 03:00:00,Fox_lodging_Helen,393.05,18.9,0.0,0.6,1010.5,1.5,3,6,3,79,51394.9,2009.0,Mixed
2016-03-19 04:00:00,Fox_lodging_Helen,376.87,17.8,0.0,1.1,1010.5,2.6,4,6,3,79,51394.9,2009.0,Mixed
2016-03-19 05:00:00,Fox_lodging_Helen,354.5,16.1,0.0,0.6,1011.0,3.6,5,6,3,79,51394.9,2009.0,Mixed
2016-03-19 06:00:00,Fox_lodging_Helen,342.08,16.1,4.0,-1.1,1011.7,2.1,6,6,3,79,51394.9,2009.0,Mixed
2016-03-19 07:00:00,Fox_lodging_Helen,330.72,15.6,4.0,0.0,1012.5,2.1,7,6,3,79,51394.9,2009.0,Mixed
2016-03-19 08:00:00,Fox_lodging_Helen,319.68,17.2,4.0,-0.6,1013.3,2.6,8,6,3,79,51394.9,2009.0,Mixed
2016-03-19 09:00:00,Fox_lodging_Helen,331.4,20.6,2.0,-1.1,1013.6,3.1,9,6,3,79,51394.9,2009.0,Mixed
2016-03-19 10:00:00,Fox_lodging_Helen,367.45,23.3,2.0,-1.1,1013.7,2.6,10,6,3,79,51394.9,2009.0,Mixed
2016-03-19 11:00:00,Fox_lodging_Helen,374.32,25.0,0.0,-1.1,1013.6,0.0,11,6,3,79,51394.9,2009.0,Mixed
2016-03-19 12:00:00,Fox_lodging_Helen,401.92,26.7,2.0,-1.1,1013.2,1.5,12,6,3,79,51394.9,2009.0,Mixed
2016-03-19 13:00:00,Fox_lodging_Helen,389.92,28.3,2.0,-3.3,1012.3,1.5,13,6,3,79,51394.9,2009.0,Mixed
2016-03-19 14:00:00,Fox_lodging_Helen,395.28,29.4,2.0,-4.4,1011.2,2.1,14,6,3,79,51394.9,2009.0,Mixed
2016-03-19 15:00:00,Fox_lodging_Helen,414.4,30.6,2.0,-5.6,1010.6,1.5,15,6,3,79,51394.9,2009.0,Mixed
2016-03-19 16:00:00,Fox_lodging_Helen,464.45,32.2,2.0,-7.8,1009.8,4.1,16,6,3,79,51394.9,2009.0,Mixed
2016-03-19 17:00:00,Fox_lodging_Helen,474.83,31.7,4.0,-6.1,1009.5,4.1,17,6,3,79,51394.9,2009.0,Mixed
2016-03-19 18:00:00,Fox_lodging_Helen,501.5,31.1,4.0,-7.2,1009.5,4.1,18,6,3,79,51394.9,2009.0,Mixed
2016-03-19 19:00:00,Fox_lodging_Helen,501.82,29.4,3.0,-7.8,1009.8,1.5,19,6,3,79,51394.9,2009.0,Mixed
2016-03-19 20:00:00,Fox_lodging_Helen,514.13,26.7,2.0,-4.4,1010.0,0.0,20,6,3,79,51394.9,2009.0,Mixed
2016-03-19 21:00:00,Fox_lodging_Helen,504.83,26.1,2.0,-5.0,1010.6,0.0,21,6,3,79,51394.9,2009.0,Mixed
2016-03-19 22:00:00,Fox_lodging_Helen,514.93,23.3,2.0,2.2,1011.3,0.0,22,6,3,79,51394.9,2009.0,Mixed
2016-03-19 23:00:00,Fox_lodging_Helen,490.92,22.2,6.0,2.8,1011.6,3.1,23,6,3,79,51394.9,2009.0,Mixed
2016-03-20 00:00:00,Fox_lodging_Helen,448.0,21.7,5.333333333333333,-1.1,1011.7,3.6,0,7,3,80,51394.9,2009.0,Mixed
2016-03-20 01:00:00,Fox_lodging_Helen,456.48,20.0,4.666666666666667,1.7,1011.9,2.1,1,7,3,80,51394.9,2009.0,Mixed
2016-03-20 02:00:00,Fox_lodging_Helen,412.93,20.0,4.0,-1.7,1012.1,2.6,2,7,3,80,51394.9,2009.0,Mixed
2016-03-20 03:00:00,Fox_lodging_Helen,393.87,18.9,4.0,-1.1,1011.9,4.6,3,7,3,80,51394.9,2009.0,Mixed
2016-03-20 04:00:00,Fox_lodging_Helen,383.83,18.3,4.0,-1.7,1012.0,3.1,4,7,3,80,51394.9,2009.0,Mixed
2016-03-20 05:00:00,Fox_lodging_Helen,372.68,17.8,2.0,-2.8,1012.5,3.1,5,7,3,80,51394.9,2009.0,Mixed
2016-03-20 06:00:00,Fox_lodging_Helen,357.9,17.2,4.0,-2.2,1013.1,3.1,6,7,3,80,51394.9,2009.0,Mixed
2016-03-20 07:00:00,Fox_lodging_Helen,340.7,17.2,4.4,-3.9,1014.2,1.5,7,7,3,80,51394.9,2009.0,Mixed
2016-03-20 08:00:00,Fox_lodging_Helen,358.45,18.3,4.8,-1.7,1015.1,3.1,8,7,3,80,51394.9,2009.0,Mixed
2016-03-20 09:00:00,Fox_lodging_Helen,372.85,21.1,5.2,0.0,1015.6,4.1,9,7,3,80,51394.9,2009.0,Mixed
2016-03-20 10:00:00,Fox_lodging_Helen,393.93,23.3,5.2,-1.1,1016.1,3.6,10,7,3,80,51394.9,2009.0,Mixed
2016-03-20 11:00:00,Fox_lodging_Helen,415.23,25.6,6.0,-1.7,1015.8,2.6,11,7,3,80,51394.9,2009.0,Mixed
2016-03-20 12:00:00,Fox_lodging_Helen,414.98,28.3,6.0,-1.1,1015.2,4.1,12,7,3,80,51394.9,2009.0,Mixed
2016-03-20 13:00:00,Fox_lodging_Helen,436.88,30.0,6.0,-1.1,1014.4,3.6,13,7,3,80,51394.9,2009.0,Mixed
2016-03-20 14:00:00,Fox_lodging_Helen,460.37,30.6,6.0,-3.9,1013.4,1.5,14,7,3,80,51394.9,2009.0,Mixed
2016-03-20 15:00:00,Fox_lodging_Helen,473.63,31.7,6.0,-3.9,1012.7,2.1,15,7,3,80,51394.9,2009.0,Mixed
2016-03-20 16:00:00,Fox_lodging_Helen,504.8,31.7,6.0,-4.4,1012.2,1.5,16,7,3,80,51394.9,2009.0,Mixed
2016-03-20 17:00:00,Fox_lodging_Helen,538.95,32.2,6.0,-4.4,1011.7,2.6,17,7,3,80,51394.9,2009.0,Mixed
2016-03-20 18:00:00,Fox_lodging_Helen,557.17,31.7,5.5,-3.9,1011.8,3.6,18,7,3,80,51394.9,2009.0,Mixed
2016-03-20 19:00:00,Fox_lodging_Helen,573.65,30.6,5.0,-6.1,1012.1,0.0,19,7,3,80,51394.9,2009.0,Mixed
2016-03-20 20:00:00,Fox_lodging_Helen,586.3,29.4,4.5,-3.3,1012.7,2.6,20,7,3,80,51394.9,2009.0,Mixed
2016-03-20 21:00:00,Fox_lodging_Helen,589.1,28.9,4.0,-3.3,1013.1,0.0,21,7,3,80,51394.9,2009.0,Mixed
2016-03-20 22:00:00,Fox_lodging_Helen,603.22,23.9,5.0,3.9,1013.5,0.0,22,7,3,80,51394.9,2009.0,Mixed
2016-03-20 23:00:00,Fox_lodging_Helen,581.57,23.9,6.0,0.0,1013.6,3.1,23,7,3,80,51394.9,2009.0,Mixed
2016-03-21 00:00:00,Fox_lodging_Helen,535.63,22.2,5.0,0.0,1013.7,1.5,0,1,3,81,51394.9,2009.0,Mixed
2016-03-21 01:00:00,Fox_lodging_Helen,473.97,21.7,4.0,-1.1,1013.8,0.0,1,1,3,81,51394.9,2009.0,Mixed
2016-03-21 02:00:00,Fox_lodging_Helen,445.28,20.0,0.0,-0.6,1013.8,2.1,2,1,3,81,51394.9,2009.0,Mixed
2016-03-21 03:00:00,Fox_lodging_Helen,413.52,20.6,2.0,-1.1,1013.2,3.6,3,1,3,81,51394.9,2009.0,Mixed
2016-03-21 04:00:00,Fox_lodging_Helen,392.28,20.0,2.0,-1.7,1013.0,3.1,4,1,3,81,51394.9,2009.0,Mixed
2016-03-21 05:00:00,Fox_lodging_Helen,381.5,19.4,4.0,-1.7,1013.3,3.1,5,1,3,81,51394.9,2009.0,Mixed
2016-03-21 06:00:00,Fox_lodging_Helen,373.33,17.8,4.0,-1.7,1013.6,3.6,6,1,3,81,51394.9,2009.0,Mixed
2016-03-21 07:00:00,Fox_lodging_Helen,368.63,17.8,4.4,-1.1,1014.3,3.6,7,1,3,81,51394.9,2009.0,Mixed
2016-03-21 08:00:00,Fox_lodging_Helen,393.02,20.0,4.8,0.0,1015.0,3.6,8,1,3,81,51394.9,2009.0,Mixed
2016-03-21 09:00:00,Fox_lodging_Helen,395.52,21.7,5.2,-1.1,1015.5,4.1,9,1,3,81,51394.9,2009.0,Mixed
2016-03-21 10:00:00,Fox_lodging_Helen,419.77,23.9,5.2,-0.6,1016.0,2.1,10,1,3,81,51394.9,2009.0,Mixed
2016-03-21 11:00:00,Fox_lodging_Helen,441.55,26.7,6.0,-0.6,1015.6,3.6,11,1,3,81,51394.9,2009.0,Mixed
2016-03-21 12:00:00,Fox_lodging_Helen,412.82,28.9,6.0,0.0,1014.6,2.6,12,1,3,81,51394.9,2009.0,Mixed
2016-03-21 13:00:00,Fox_lodging_Helen,422.47,31.1,6.0,-1.1,1013.3,0.0,13,1,3,81,51394.9,2009.0,Mixed
2016-03-21 14:00:00,Fox_lodging_Helen,457.23,31.7,6.0,-2.8,1012.1,1.5,14,1,3,81,51394.9,2009.0,Mixed
2016-03-21 15:00:00,Fox_lodging_Helen,469.08,32.8,6.0,-3.9,1011.1,3.6,15,1,3,81,51394.9,2009.0,Mixed
2016-03-21 16:00:00,Fox_lodging_Helen,505.23,32.2,6.0,-4.4,1010.1,1.5,16,1,3,81,51394.9,2009.0,Mixed
2016-03-21 17:00:00,Fox_lodging_Helen,532.67,32.2,6.0,-3.9,1009.6,2.6,17,1,3,81,51394.9,2009.0,Mixed
2016-03-21 18:00:00,Fox_lodging_Helen,551.03,31.7,6.333333333333333,-6.7,1009.3,5.7,18,1,3,81,51394.9,2009.0,Mixed
2016-03-21 19:00:00,Fox_lodging_Helen,565.5,30.6,6.666666666666667,-6.1,1008.9,4.6,19,1,3,81,51394.9,2009.0,Mixed
2016-03-21 20:00:00,Fox_lodging_Helen,582.93,29.4,7.0,-5.6,1009.0,4.6,20,1,3,81,51394.9,2009.0,Mixed
2016-03-21 21:00:00,Fox_lodging_Helen,591.52,28.3,7.0,-5.0,1009.3,3.1,21,1,3,81,51394.9,2009.0,Mixed
2016-03-21 22:00:00,Fox_lodging_Helen,594.63,27.8,7.0,-6.7,1009.2,2.6,22,1,3,81,51394.9,2009.0,Mixed
2016-03-21 23:00:00,Fox_lodging_Helen,577.38,26.7,8.0,-5.0,1009.3,3.1,23,1,3,81,51394.9,2009.0,Mixed
2016-03-22 00:00:00,Fox_lodging_Helen,530.47,26.1,7.666666666666667,-5.6,1009.0,3.1,0,2,3,82,51394.9,2009.0,Mixed
2016-03-22 01:00:00,Fox_lodging_Helen,484.32,24.4,7.333333333333333,-6.1,1008.9,2.6,1,2,3,82,51394.9,2009.0,Mixed
2016-03-22 02:00:00,Fox_lodging_Helen,439.67,24.4,7.0,-3.9,1009.0,4.6,2,2,3,82,51394.9,2009.0,Mixed
2016-03-22 03:00:00,Fox_lodging_Helen,417.8,23.9,7.0,-1.7,1008.6,4.6,3,2,3,82,51394.9,2009.0,Mixed
2016-03-22 04:00:00,Fox_lodging_Helen,401.22,23.9,7.0,-1.1,1008.5,2.6,4,2,3,82,51394.9,2009.0,Mixed
2016-03-22 05:00:00,Fox_lodging_Helen,394.48,22.8,6.0,-0.6,1008.7,2.1,5,2,3,82,51394.9,2009.0,Mixed
2016-03-22 06:00:00,Fox_lodging_Helen,380.53,21.7,4.0,0.0,1008.5,0.0,6,2,3,82,51394.9,2009.0,Mixed
2016-03-22 07:00:00,Fox_lodging_Helen,389.99,20.0,2.0,0.6,1008.9,0.0,7,2,3,82,51394.9,2009.0,Mixed
2016-03-22 08:00:00,Fox_lodging_Helen,422.13,21.7,2.0,0.6,1008.8,1.5,8,2,3,82,51394.9,2009.0,Mixed
2016-03-22 09:00:00,Fox_lodging_Helen,407.05,23.3,2.0,-1.1,1009.3,2.1,9,2,3,82,51394.9,2009.0,Mixed
2016-03-22 10:00:00,Fox_lodging_Helen,412.55,25.0,2.0,-4.4,1009.4,6.7,10,2,3,82,51394.9,2009.0,Mixed
2016-03-22 11:00:00,Fox_lodging_Helen,402.68,25.6,2.0,-3.3,1009.9,8.2,11,2,3,82,51394.9,2009.0,Mixed
2016-03-22 12:00:00,Fox_lodging_Helen,397.72,25.0,2.0,-3.3,1009.8,8.2,12,2,3,82,51394.9,2009.0,Mixed
2016-03-22 13:00:00,Fox_lodging_Helen,405.35,25.6,2.0,-2.8,1008.9,6.2,13,2,3,82,51394.9,2009.0,Mixed
2016-03-22 14:00:00,Fox_lodging_Helen,421.32,26.1,2.0,-3.3,1008.1,6.7,14,2,3,82,51394.9,2009.0,Mixed
2016-03-22 15:00:00,Fox_lodging_Helen,458.9,26.1,2.0,-2.8,1007.1,7.7,15,2,3,82,51394.9,2009.0,Mixed
2016-03-22 16:00:00,Fox_lodging_Helen,477.4,26.1,2.0,-2.8,1006.8,7.7,16,2,3,82,51394.9,2009.0,Mixed
2016-03-22 17:00:00,Fox_lodging_Helen,538.03,25.0,2.0,-2.8,1006.6,9.3,17,2,3,82,51394.9,2009.0,Mixed
2016-03-22 18:00:00,Fox_lodging_Helen,520.63,24.4,2.0,-2.8,1006.6,6.7,18,2,3,82,51394.9,2009.0,Mixed
2016-03-22 19:00:00,Fox_lodging_Helen,545.58,23.3,2.0,-3.3,1007.2,6.2,19,2,3,82,51394.9,2009.0,Mixed
2016-03-22 20:00:00,Fox_lodging_Helen,567.73,22.2,2.0,-1.7,1007.8,5.7,20,2,3,82,51394.9,2009.0,Mixed
2016-03-22 21:00:00,Fox_lodging_Helen,574.57,21.7,2.0,-6.1,1008.9,6.7,21,2,3,82,51394.9,2009.0,Mixed
2016-03-22 22:00:00,Fox_lodging_Helen,576.22,21.1,2.0,-6.7,1009.6,2.6,22,2,3,82,51394.9,2009.0,Mixed
2016-03-22 23:00:00,Fox_lodging_Helen,524.93,19.4,2.0,-2.2,1009.9,0.0,23,2,3,82,51394.9,2009.0,Mixed
2016-03-23 00:00:00,Fox_lodging_Helen,484.4,17.8,2.0,-2.2,1010.1,3.1,0,3,3,83,51394.9,2009.0,Mixed
2016-03-23 01:00:00,Fox_lodging_Helen,458.42,17.2,2.0,-3.9,1010.4,1.5,1,3,3,83,51394.9,2009.0,Mixed
2016-03-23 02:00:00,Fox_lodging_Helen,430.3,15.6,2.0,-1.7,1010.9,2.6,2,3,3,83,51394.9,2009.0,Mixed
2016-03-23 03:00:00,Fox_lodging_Helen,401.07,17.8,2.0,-12.2,1011.7,4.6,3,3,3,83,51394.9,2009.0,Mixed
2016-03-23 04:00:00,Fox_lodging_Helen,382.17,16.7,2.0,-11.7,1012.1,6.2,4,3,3,83,51394.9,2009.0,Mixed
2016-03-23 05:00:00,Fox_lodging_Helen,371.75,16.1,2.0,-10.6,1012.7,4.1,5,3,3,83,51394.9,2009.0,Mixed
2016-03-23 06:00:00,Fox_lodging_Helen,374.23,15.6,1.0,-10.0,1013.7,4.1,6,3,3,83,51394.9,2009.0,Mixed
2016-03-23 07:00:00,Fox_lodging_Helen,382.52,15.6,0.0,-9.4,1014.6,7.7,7,3,3,83,51394.9,2009.0,Mixed
2016-03-23 08:00:00,Fox_lodging_Helen,385.77,15.6,0.0,-8.3,1015.6,6.2,8,3,3,83,51394.9,2009.0,Mixed
2016-03-23 09:00:00,Fox_lodging_Helen,376.25,16.7,0.0,-7.8,1016.2,7.7,9,3,3,83,51394.9,2009.0,Mixed
2016-03-23 10:00:00,Fox_lodging_Helen,385.08,18.3,0.0,-8.9,1017.1,10.8,10,3,3,83,51394.9,2009.0,Mixed
2016-03-23 11:00:00,Fox_lodging_Helen,381.27,19.4,2.0,-11.1,1017.1,7.7,11,3,3,83,51394.9,2009.0,Mixed
2016-03-23 12:00:00,Fox_lodging_Helen,401.03,21.1,2.0,-17.2,1016.9,9.8,12,3,3,83,51394.9,2009.0,Mixed
2016-03-23 13:00:00,Fox_lodging_Helen,404.05,21.1,2.0,-14.4,1016.5,6.7,13,3,3,83,51394.9,2009.0,Mixed
2016-03-23 14:00:00,Fox_lodging_Helen,408.68,22.2,2.0,-13.3,1015.8,3.1,14,3,3,83,51394.9,2009.0,Mixed
2016-03-23 15:00:00,Fox_lodging_Helen,429.4,23.3,2.0,-13.3,1015.0,5.7,15,3,3,83,51394.9,2009.0,Mixed
2016-03-23 17:00:00,Fox_lodging_Helen,375.35,23.3,0.0,-14.4,1014.5,3.1,17,3,3,83,51394.9,2009.0,Mixed
2016-03-23 18:00:00,Fox_lodging_Helen,538.63,23.3,2.0,-12.2,1015.0,7.2,18,3,3,83,51394.9,2009.0,Mixed
2016-03-23 19:00:00,Fox_lodging_Helen,562.57,21.7,4.0,-11.1,1015.3,5.7,19,3,3,83,51394.9,2009.0,Mixed
2016-03-23 20:00:00,Fox_lodging_Helen,548.69,21.1,4.0,-11.1,1016.0,8.2,20,3,3,83,51394.9,2009.0,Mixed
2016-03-23 21:00:00,Fox_lodging_Helen,553.98,19.4,2.0,-8.9,1016.6,4.1,21,3,3,83,51394.9,2009.0,Mixed
2016-03-23 22:00:00,Fox_lodging_Helen,561.88,17.2,0.0,-7.2,1016.9,2.6,22,3,3,83,51394.9,2009.0,Mixed
2016-03-23 23:00:00,Fox_lodging_Helen,499.43,16.7,0.0,-7.8,1016.7,2.6,23,3,3,83,51394.9,2009.0,Mixed
2016-03-24 00:00:00,Fox_lodging_Helen,477.33,15.6,0.0,-7.2,1016.8,3.1,0,4,3,84,51394.9,2009.0,Mixed
2016-03-24 01:00:00,Fox_lodging_Helen,440.13,16.1,0.0,-8.3,1016.6,2.1,1,4,3,84,51394.9,2009.0,Mixed
2016-03-24 02:00:00,Fox_lodging_Helen,394.02,14.4,0.0,-6.1,1016.4,0.0,2,4,3,84,51394.9,2009.0,Mixed
2016-03-24 03:00:00,Fox_lodging_Helen,372.12,13.9,0.0,-6.1,1016.1,0.0,3,4,3,84,51394.9,2009.0,Mixed
2016-03-24 04:00:00,Fox_lodging_Helen,354.75,13.3,0.0,-6.1,1015.8,1.5,4,4,3,84,51394.9,2009.0,Mixed
2016-03-24 05:00:00,Fox_lodging_Helen,347.25,13.3,0.0,-8.3,1016.1,3.1,5,4,3,84,51394.9,2009.0,Mixed
2016-03-24 06:00:00,Fox_lodging_Helen,346.58,11.1,0.0,-5.6,1016.7,0.0,6,4,3,84,51394.9,2009.0,Mixed
2016-03-24 07:00:00,Fox_lodging_Helen,361.18,11.1,0.0,-3.9,1017.3,1.5,7,4,3,84,51394.9,2009.0,Mixed
2016-03-24 08:00:00,Fox_lodging_Helen,384.32,14.4,0.0,-8.3,1017.7,1.5,8,4,3,84,51394.9,2009.0,Mixed
2016-03-24 09:00:00,Fox_lodging_Helen,384.25,16.7,0.0,-6.7,1017.5,3.6,9,4,3,84,51394.9,2009.0,Mixed
2016-03-24 10:00:00,Fox_lodging_Helen,395.68,20.6,0.0,-7.8,1017.4,4.1,10,4,3,84,51394.9,2009.0,Mixed
2016-03-24 11:00:00,Fox_lodging_Helen,387.78,21.7,0.0,-9.4,1017.0,1.5,11,4,3,84,51394.9,2009.0,Mixed
2016-03-24 12:00:00,Fox_lodging_Helen,379.43,23.9,0.0,-10.0,1016.0,0.0,12,4,3,84,51394.9,2009.0,Mixed
2016-03-24 13:00:00,Fox_lodging_Helen,394.8,24.4,0.0,-9.4,1014.8,3.1,13,4,3,84,51394.9,2009.0,Mixed
2016-03-24 14:00:00,Fox_lodging_Helen,405.38,24.4,0.0,-11.7,1013.6,2.6,14,4,3,84,51394.9,2009.0,Mixed
2016-03-24 15:00:00,Fox_lodging_Helen,415.58,25.6,0.0,-10.6,1012.5,2.1,15,4,3,84,51394.9,2009.0,Mixed
2016-03-24 16:00:00,Fox_lodging_Helen,454.2,26.1,0.0,-10.6,1011.6,5.7,16,4,3,84,51394.9,2009.0,Mixed
2016-03-24 17:00:00,Fox_lodging_Helen,520.33,26.1,2.0,-11.1,1010.8,4.6,17,4,3,84,51394.9,2009.0,Mixed
2016-03-24 18:00:00,Fox_lodging_Helen,520.3,25.0,2.0,-10.0,1010.3,3.1,18,4,3,84,51394.9,2009.0,Mixed
2016-03-24 19:00:00,Fox_lodging_Helen,520.43,23.9,2.0,-10.6,1010.1,2.6,19,4,3,84,51394.9,2009.0,Mixed
2016-03-24 20:00:00,Fox_lodging_Helen,521.87,22.8,2.0,-7.2,1009.9,0.0,20,4,3,84,51394.9,2009.0,Mixed
2016-03-24 21:00:00,Fox_lodging_Helen,566.33,22.2,2.0,-7.8,1010.3,1.5,21,4,3,84,51394.9,2009.0,Mixed
2016-03-24 22:00:00,Fox_lodging_Helen,547.7,20.0,2.0,-3.3,1010.2,0.0,22,4,3,84,51394.9,2009.0,Mixed
2016-03-24 23:00:00,Fox_lodging_Helen,512.42,18.3,2.0,-3.3,1010.2,0.0,23,4,3,84,51394.9,2009.0,Mixed
2016-03-25 00:00:00,Fox_lodging_Helen,470.78,18.3,2.0,-3.9,1010.0,1.5,0,5,3,85,51394.9,2009.0,Mixed
2016-03-25 01:00:00,Fox_lodging_Helen,428.35,16.7,2.0,-3.9,1009.9,2.6,1,5,3,85,51394.9,2009.0,Mixed
2016-03-25 02:00:00,Fox_lodging_Helen,392.57,16.1,0.0,-4.4,1009.8,2.6,2,5,3,85,51394.9,2009.0,Mixed
2016-03-25 03:00:00,Fox_lodging_Helen,377.4,15.0,0.0,-4.4,1009.3,2.1,3,5,3,85,51394.9,2009.0,Mixed
2016-03-25 04:00:00,Fox_lodging_Helen,359.15,13.9,0.0,-3.3,1009.0,2.6,4,5,3,85,51394.9,2009.0,Mixed
2016-03-25 05:00:00,Fox_lodging_Helen,347.03,13.3,0.0,-4.4,1009.1,2.6,5,5,3,85,51394.9,2009.0,Mixed
2016-03-25 06:00:00,Fox_lodging_Helen,358.95,12.2,0.0,-3.3,1009.3,2.1,6,5,3,85,51394.9,2009.0,Mixed
2016-03-25 07:00:00,Fox_lodging_Helen,352.92,12.8,2.0,-5.0,1009.8,1.5,7,5,3,85,51394.9,2009.0,Mixed
2016-03-25 08:00:00,Fox_lodging_Helen,349.4,15.0,2.0,-5.6,1010.2,3.1,8,5,3,85,51394.9,2009.0,Mixed
2016-03-25 09:00:00,Fox_lodging_Helen,378.43,17.2,2.0,-6.1,1010.3,3.1,9,5,3,85,51394.9,2009.0,Mixed
2016-03-25 10:00:00,Fox_lodging_Helen,382.22,20.0,2.0,-7.2,1010.3,2.1,10,5,3,85,51394.9,2009.0,Mixed
2016-03-25 11:00:00,Fox_lodging_Helen,388.07,22.8,2.0,-6.7,1009.9,2.1,11,5,3,85,51394.9,2009.0,Mixed
2016-03-25 12:00:00,Fox_lodging_Helen,393.37,23.9,2.0,-7.8,1009.2,0.0,12,5,3,85,51394.9,2009.0,Mixed
2016-03-25 13:00:00,Fox_lodging_Helen,411.95,26.7,2.0,-8.9,1008.0,4.6,13,5,3,85,51394.9,2009.0,Mixed
2016-03-25 14:00:00,Fox_lodging_Helen,443.08,28.3,2.0,-8.3,1006.7,3.1,14,5,3,85,51394.9,2009.0,Mixed
2016-03-25 15:00:00,Fox_lodging_Helen,452.95,28.3,2.0,-8.3,1005.6,5.1,15,5,3,85,51394.9,2009.0,Mixed
2016-03-25 16:00:00,Fox_lodging_Helen,479.65,28.9,2.0,-8.3,1004.7,4.1,16,5,3,85,51394.9,2009.0,Mixed
2016-03-25 17:00:00,Fox_lodging_Helen,515.97,28.9,2.0,-9.4,1004.4,2.6,17,5,3,85,51394.9,2009.0,Mixed
2016-03-25 18:00:00,Fox_lodging_Helen,505.97,27.8,4.0,-8.9,1004.0,5.1,18,5,3,85,51394.9,2009.0,Mixed
2016-03-25 19:00:00,Fox_lodging_Helen,504.1,26.1,4.0,-8.3,1004.0,3.6,19,5,3,85,51394.9,2009.0,Mixed
2016-03-25 20:00:00,Fox_lodging_Helen,537.48,25.0,4.0,-8.3,1004.3,2.1,20,5,3,85,51394.9,2009.0,Mixed
2016-03-25 21:00:00,Fox_lodging_Helen,489.78,24.4,4.0,-9.4,1004.7,2.1,21,5,3,85,51394.9,2009.0,Mixed
2016-03-25 22:00:00,Fox_lodging_Helen,493.52,22.8,4.0,-7.8,1004.8,2.1,22,5,3,85,51394.9,2009.0,Mixed
2016-03-25 23:00:00,Fox_lodging_Helen,483.32,21.7,4.0,-6.1,1004.8,3.1,23,5,3,85,51394.9,2009.0,Mixed
2016-03-26 00:00:00,Fox_lodging_Helen,448.07,21.7,4.0,-6.7,1004.8,1.5,0,6,3,86,51394.9,2009.0,Mixed
2016-03-26 01:00:00,Fox_lodging_Helen,421.28,21.1,4.0,-5.0,1004.7,2.1,1,6,3,86,51394.9,2009.0,Mixed
2016-03-26 02:00:00,Fox_lodging_Helen,402.32,18.3,4.0,-3.3,1004.8,1.5,2,6,3,86,51394.9,2009.0,Mixed
2016-03-26 03:00:00,Fox_lodging_Helen,376.83,16.7,4.0,-2.2,1005.0,3.6,3,6,3,86,51394.9,2009.0,Mixed
2016-03-26 04:00:00,Fox_lodging_Helen,361.55,15.6,4.0,-3.3,1005.0,3.1,4,6,3,86,51394.9,2009.0,Mixed
2016-03-26 05:00:00,Fox_lodging_Helen,361.18,15.6,4.0,-3.3,1005.5,3.6,5,6,3,86,51394.9,2009.0,Mixed
2016-03-26 06:00:00,Fox_lodging_Helen,344.73,14.4,4.0,-3.9,1005.9,3.6,6,6,3,86,51394.9,2009.0,Mixed
2016-03-26 07:00:00,Fox_lodging_Helen,340.95,14.4,4.0,-4.4,1006.6,4.1,7,6,3,86,51394.9,2009.0,Mixed
2016-03-26 08:00:00,Fox_lodging_Helen,325.18,16.7,0.0,-5.0,1007.3,4.6,8,6,3,86,51394.9,2009.0,Mixed
2016-03-26 09:00:00,Fox_lodging_Helen,322.1,19.4,0.0,-3.9,1007.8,3.6,9,6,3,86,51394.9,2009.0,Mixed
2016-03-26 10:00:00,Fox_lodging_Helen,367.13,21.7,0.0,-5.0,1008.4,0.0,10,6,3,86,51394.9,2009.0,Mixed
2016-03-26 11:00:00,Fox_lodging_Helen,392.88,24.4,0.0,-5.6,1008.4,0.0,11,6,3,86,51394.9,2009.0,Mixed
2016-03-26 12:00:00,Fox_lodging_Helen,387.3,25.0,0.0,-7.8,1008.4,1.5,12,6,3,86,51394.9,2009.0,Mixed
2016-03-26 13:00:00,Fox_lodging_Helen,420.22,27.2,0.0,-6.7,1007.9,4.1,13,6,3,86,51394.9,2009.0,Mixed
2016-03-26 14:00:00,Fox_lodging_Helen,415.1,28.3,0.0,-6.1,1007.4,5.1,14,6,3,86,51394.9,2009.0,Mixed
2016-03-26 15:00:00,Fox_lodging_Helen,450.27,29.4,0.0,-5.0,1006.8,5.1,15,6,3,86,51394.9,2009.0,Mixed
2016-03-26 16:00:00,Fox_lodging_Helen,468.4,30.0,0.0,-5.0,1006.6,6.2,16,6,3,86,51394.9,2009.0,Mixed
2016-03-26 17:00:00,Fox_lodging_Helen,512.32,30.0,0.0,-7.2,1006.6,6.7,17,6,3,86,51394.9,2009.0,Mixed
2016-03-26 18:00:00,Fox_lodging_Helen,495.98,28.3,0.0,-7.2,1006.9,5.7,18,6,3,86,51394.9,2009.0,Mixed
2016-03-26 19:00:00,Fox_lodging_Helen,504.07,27.2,0.0,-6.7,1007.4,3.1,19,6,3,86,51394.9,2009.0,Mixed
2016-03-26 20:00:00,Fox_lodging_Helen,503.58,26.7,0.0,-7.8,1008.0,4.6,20,6,3,86,51394.9,2009.0,Mixed
2016-03-26 21:00:00,Fox_lodging_Helen,493.8,22.8,0.0,-5.0,1009.3,2.6,21,6,3,86,51394.9,2009.0,Mixed
2016-03-26 22:00:00,Fox_lodging_Helen,500.17,21.7,0.0,-8.3,1010.2,2.1,22,6,3,86,51394.9,2009.0,Mixed
2016-03-26 23:00:00,Fox_lodging_Helen,465.37,22.8,0.0,-13.9,1010.5,4.6,23,6,3,86,51394.9,2009.0,Mixed
2016-03-27 00:00:00,Fox_lodging_Helen,423.1,19.4,0.0,-10.0,1011.0,3.6,0,7,3,87,51394.9,2009.0,Mixed
2016-03-27 01:00:00,Fox_lodging_Helen,404.42,17.8,0.0,-11.1,1011.6,4.1,1,7,3,87,51394.9,2009.0,Mixed
2016-03-27 02:00:00,Fox_lodging_Helen,381.13,17.2,0.0,-11.7,1012.3,3.1,2,7,3,87,51394.9,2009.0,Mixed
2016-03-27 03:00:00,Fox_lodging_Helen,371.45,16.1,0.0,-11.1,1012.7,2.1,3,7,3,87,51394.9,2009.0,Mixed
2016-03-27 04:00:00,Fox_lodging_Helen,350.08,16.7,0.0,-10.6,1013.0,2.1,4,7,3,87,51394.9,2009.0,Mixed
2016-03-27 05:00:00,Fox_lodging_Helen,354.58,15.0,0.0,-6.1,1013.4,2.6,5,7,3,87,51394.9,2009.0,Mixed
2016-03-27 06:00:00,Fox_lodging_Helen,355.08,15.0,0.0,-6.1,1013.8,2.1,6,7,3,87,51394.9,2009.0,Mixed
2016-03-27 07:00:00,Fox_lodging_Helen,338.02,15.6,0.0,-7.8,1014.5,2.6,7,7,3,87,51394.9,2009.0,Mixed
2016-03-27 08:00:00,Fox_lodging_Helen,334.87,17.2,0.0,-7.2,1014.9,4.1,8,7,3,87,51394.9,2009.0,Mixed
2016-03-27 09:00:00,Fox_lodging_Helen,338.63,20.0,0.0,-7.8,1015.5,5.1,9,7,3,87,51394.9,2009.0,Mixed
2016-03-27 10:00:00,Fox_lodging_Helen,375.45,21.7,0.0,-6.1,1016.0,2.1,10,7,3,87,51394.9,2009.0,Mixed
2016-03-27 11:00:00,Fox_lodging_Helen,381.12,24.4,0.0,-6.1,1015.5,3.6,11,7,3,87,51394.9,2009.0,Mixed
2016-03-27 12:00:00,Fox_lodging_Helen,378.22,26.7,0.0,-3.9,1014.8,3.6,12,7,3,87,51394.9,2009.0,Mixed
2016-03-27 13:00:00,Fox_lodging_Helen,374.63,27.8,0.0,-3.9,1014.0,2.1,13,7,3,87,51394.9,2009.0,Mixed
2016-03-27 14:00:00,Fox_lodging_Helen,373.22,28.3,2.0,-5.6,1013.0,2.6,14,7,3,87,51394.9,2009.0,Mixed
2016-03-27 15:00:00,Fox_lodging_Helen,442.43,30.0,2.0,-8.3,1011.8,4.6,15,7,3,87,51394.9,2009.0,Mixed
2016-03-27 16:00:00,Fox_lodging_Helen,461.17,29.4,4.0,-7.2,1011.1,5.7,16,7,3,87,51394.9,2009.0,Mixed
2016-03-27 17:00:00,Fox_lodging_Helen,513.48,29.4,6.0,-7.2,1010.8,4.6,17,7,3,87,51394.9,2009.0,Mixed
2016-03-27 18:00:00,Fox_lodging_Helen,538.67,28.9,6.0,-9.4,1010.4,4.1,18,7,3,87,51394.9,2009.0,Mixed
2016-03-27 19:00:00,Fox_lodging_Helen,573.93,27.8,6.0,-8.3,1010.2,4.6,19,7,3,87,51394.9,2009.0,Mixed
2016-03-27 20:00:00,Fox_lodging_Helen,572.97,27.2,6.0,-7.8,1010.3,2.1,20,7,3,87,51394.9,2009.0,Mixed
2016-03-27 21:00:00,Fox_lodging_Helen,587.88,23.3,6.0,-5.0,1010.7,2.1,21,7,3,87,51394.9,2009.0,Mixed
2016-03-27 22:00:00,Fox_lodging_Helen,574.18,22.8,6.0,-5.0,1010.8,2.6,22,7,3,87,51394.9,2009.0,Mixed
2016-03-27 23:00:00,Fox_lodging_Helen,534.63,25.0,6.0,-3.9,1010.4,4.1,23,7,3,87,51394.9,2009.0,Mixed
2016-03-28 00:00:00,Fox_lodging_Helen,497.97,23.3,4.0,-0.6,1009.9,1.5,0,1,3,88,51394.9,2009.0,Mixed
2016-03-28 01:00:00,Fox_lodging_Helen,432.95,20.6,4.4,-1.1,1009.9,2.1,1,1,3,88,51394.9,2009.0,Mixed
2016-03-28 02:00:00,Fox_lodging_Helen,392.43,17.8,4.8,-3.3,1010.0,2.6,2,1,3,88,51394.9,2009.0,Mixed
2016-03-28 03:00:00,Fox_lodging_Helen,369.98,17.8,5.2,-1.7,1009.6,3.1,3,1,3,88,51394.9,2009.0,Mixed
2016-03-28 04:00:00,Fox_lodging_Helen,355.47,17.8,5.2,0.6,1009.3,3.6,4,1,3,88,51394.9,2009.0,Mixed
2016-03-28 05:00:00,Fox_lodging_Helen,359.25,16.7,6.0,-0.6,1009.0,3.6,5,1,3,88,51394.9,2009.0,Mixed
2016-03-28 06:00:00,Fox_lodging_Helen,372.35,16.7,4.666666666666667,1.1,1009.0,4.1,6,1,3,88,51394.9,2009.0,Mixed
2016-03-28 07:00:00,Fox_lodging_Helen,369.32,16.1,3.3333333333333335,0.6,1009.0,4.6,7,1,3,88,51394.9,2009.0,Mixed
2016-03-28 08:00:00,Fox_lodging_Helen,398.97,17.8,2.0,1.7,1009.0,3.6,8,1,3,88,51394.9,2009.0,Mixed
2016-03-28 09:00:00,Fox_lodging_Helen,400.62,21.1,4.0,2.8,1008.9,4.6,9,1,3,88,51394.9,2009.0,Mixed
2016-03-28 10:00:00,Fox_lodging_Helen,400.78,22.8,2.0,3.3,1008.8,3.1,10,1,3,88,51394.9,2009.0,Mixed
2016-03-28 11:00:00,Fox_lodging_Helen,426.13,25.0,2.0,3.9,1008.0,4.1,11,1,3,88,51394.9,2009.0,Mixed
2016-03-28 12:00:00,Fox_lodging_Helen,411.6,27.2,4.0,5.0,1007.2,6.2,12,1,3,88,51394.9,2009.0,Mixed
2016-03-28 13:00:00,Fox_lodging_Helen,461.4,28.9,4.4,2.8,1006.0,6.7,13,1,3,88,51394.9,2009.0,Mixed
2016-03-28 14:00:00,Fox_lodging_Helen,489.88,27.2,4.8,2.8,1005.3,5.7,14,1,3,88,51394.9,2009.0,Mixed
2016-03-28 15:00:00,Fox_lodging_Helen,504.68,27.2,5.2,1.1,1003.9,4.6,15,1,3,88,51394.9,2009.0,Mixed
2016-03-28 16:00:00,Fox_lodging_Helen,511.55,28.3,5.2,0.6,1003.3,5.7,16,1,3,88,51394.9,2009.0,Mixed
2016-03-28 17:00:00,Fox_lodging_Helen,525.77,27.8,6.0,0.0,1002.7,7.2,17,1,3,88,51394.9,2009.0,Mixed
2016-03-28 18:00:00,Fox_lodging_Helen,561.15,26.1,6.333333333333333,1.7,1002.6,6.7,18,1,3,88,51394.9,2009.0,Mixed
2016-03-28 19:00:00,Fox_lodging_Helen,573.45,24.4,6.666666666666667,0.6,1002.9,6.2,19,1,3,88,51394.9,2009.0,Mixed
2016-03-28 20:00:00,Fox_lodging_Helen,584.7,23.3,7.0,1.1,1003.4,3.6,20,1,3,88,51394.9,2009.0,Mixed
2016-03-28 21:00:00,Fox_lodging_Helen,596.73,22.2,7.0,1.1,1003.8,4.1,21,1,3,88,51394.9,2009.0,Mixed
2016-03-28 22:00:00,Fox_lodging_Helen,561.33,22.2,7.0,1.1,1004.2,2.6,22,1,3,88,51394.9,2009.0,Mixed
2016-03-28 23:00:00,Fox_lodging_Helen,542.57,22.2,8.0,0.6,1004.1,5.1,23,1,3,88,51394.9,2009.0,Mixed
2016-03-29 00:00:00,Fox_lodging_Helen,478.07,20.6,7.666666666666667,1.1,1004.1,3.6,0,2,3,89,51394.9,2009.0,Mixed
2016-03-29 01:00:00,Fox_lodging_Helen,443.97,19.4,7.333333333333333,3.9,1004.1,5.7,1,2,3,89,51394.9,2009.0,Mixed
2016-03-29 02:00:00,Fox_lodging_Helen,399.1,18.9,7.0,3.3,1004.8,5.1,2,2,3,89,51394.9,2009.0,Mixed
2016-03-29 03:00:00,Fox_lodging_Helen,383.05,17.8,7.0,1.1,1004.2,6.7,3,2,3,89,51394.9,2009.0,Mixed
2016-03-29 04:00:00,Fox_lodging_Helen,371.2,17.2,7.0,2.2,1004.0,4.1,4,2,3,89,51394.9,2009.0,Mixed
2016-03-29 05:00:00,Fox_lodging_Helen,363.83,16.7,6.0,1.7,1004.2,3.1,5,2,3,89,51394.9,2009.0,Mixed
2016-03-29 06:00:00,Fox_lodging_Helen,361.85,16.1,6.0,2.2,1005.4,6.2,6,2,3,89,51394.9,2009.0,Mixed
2016-03-29 07:00:00,Fox_lodging_Helen,382.67,15.0,6.0,-1.7,1006.8,8.2,7,2,3,89,51394.9,2009.0,Mixed
2016-03-29 08:00:00,Fox_lodging_Helen,402.28,13.9,6.0,-0.6,1007.7,6.7,8,2,3,89,51394.9,2009.0,Mixed
2016-03-29 09:00:00,Fox_lodging_Helen,393.48,13.9,6.0,-0.6,1008.7,5.7,9,2,3,89,51394.9,2009.0,Mixed
2016-03-29 10:00:00,Fox_lodging_Helen,392.2,13.3,6.0,-0.6,1009.3,4.6,10,2,3,89,51394.9,2009.0,Mixed
2016-03-29 11:00:00,Fox_lodging_Helen,382.73,14.4,6.0,-1.1,1009.8,3.6,11,2,3,89,51394.9,2009.0,Mixed
2016-03-29 12:00:00,Fox_lodging_Helen,387.92,15.0,6.0,-1.7,1009.6,2.6,12,2,3,89,51394.9,2009.0,Mixed
2016-03-29 13:00:00,Fox_lodging_Helen,363.37,16.7,6.0,-1.7,1008.9,3.1,13,2,3,89,51394.9,2009.0,Mixed
2016-03-29 14:00:00,Fox_lodging_Helen,388.35,18.3,6.0,-2.2,1008.1,4.1,14,2,3,89,51394.9,2009.0,Mixed
2016-03-29 15:00:00,Fox_lodging_Helen,422.08,19.4,6.0,-6.7,1007.8,6.2,15,2,3,89,51394.9,2009.0,Mixed
2016-03-29 16:00:00,Fox_lodging_Helen,428.48,20.0,6.0,-6.7,1007.3,5.7,16,2,3,89,51394.9,2009.0,Mixed
2016-03-29 17:00:00,Fox_lodging_Helen,477.0,19.4,6.0,-6.7,1007.2,4.1,17,2,3,89,51394.9,2009.0,Mixed
2016-03-29 18:00:00,Fox_lodging_Helen,512.03,18.3,5.0,-7.8,1007.3,5.7,18,2,3,89,51394.9,2009.0,Mixed
2016-03-29 19:00:00,Fox_lodging_Helen,522.65,17.8,4.0,-7.8,1007.5,4.1,19,2,3,89,51394.9,2009.0,Mixed
2016-03-29 20:00:00,Fox_lodging_Helen,539.53,17.2,2.0,-7.8,1007.9,4.1,20,2,3,89,51394.9,2009.0,Mixed
2016-03-29 21:00:00,Fox_lodging_Helen,531.03,17.2,0.0,-7.2,1008.3,6.7,21,2,3,89,51394.9,2009.0,Mixed
2016-03-29 22:00:00,Fox_lodging_Helen,524.4,15.0,0.0,-5.6,1008.9,3.6,22,2,3,89,51394.9,2009.0,Mixed
2016-03-29 23:00:00,Fox_lodging_Helen,489.58,15.6,2.0,-5.6,1008.8,3.6,23,2,3,89,51394.9,2009.0,Mixed
2016-03-30 00:00:00,Fox_lodging_Helen,455.32,15.6,2.0,-5.0,1008.7,4.1,0,3,3,90,51394.9,2009.0,Mixed
2016-03-30 01:00:00,Fox_lodging_Helen,415.97,15.6,2.5,-5.0,1008.5,5.7,1,3,3,90,51394.9,2009.0,Mixed
2016-03-30 02:00:00,Fox_lodging_Helen,371.6,13.9,3.0,-2.8,1009.0,6.2,2,3,3,90,51394.9,2009.0,Mixed
2016-03-30 03:00:00,Fox_lodging_Helen,362.42,13.3,3.5,-2.2,1008.9,3.6,3,3,3,90,51394.9,2009.0,Mixed
2016-03-30 04:00:00,Fox_lodging_Helen,340.78,12.2,4.0,-2.8,1009.2,1.5,4,3,3,90,51394.9,2009.0,Mixed
2016-03-30 05:00:00,Fox_lodging_Helen,332.03,12.2,6.0,-2.8,1009.7,3.6,5,3,3,90,51394.9,2009.0,Mixed
2016-03-30 06:00:00,Fox_lodging_Helen,326.37,12.2,5.0,-2.8,1010.7,2.1,6,3,3,90,51394.9,2009.0,Mixed
2016-03-30 07:00:00,Fox_lodging_Helen,329.65,11.1,4.0,-1.1,1011.3,2.1,7,3,3,90,51394.9,2009.0,Mixed
2016-03-30 08:00:00,Fox_lodging_Helen,343.05,12.2,4.0,-0.6,1011.9,3.1,8,3,3,90,51394.9,2009.0,Mixed
2016-03-30 09:00:00,Fox_lodging_Helen,334.73,13.9,4.0,-1.1,1012.4,2.6,9,3,3,90,51394.9,2009.0,Mixed
2016-03-30 10:00:00,Fox_lodging_Helen,330.07,15.0,2.0,-1.7,1012.9,0.0,10,3,3,90,51394.9,2009.0,Mixed
2016-03-30 11:00:00,Fox_lodging_Helen,327.45,16.1,2.0,-1.1,1012.8,2.6,11,3,3,90,51394.9,2009.0,Mixed
2016-03-30 12:00:00,Fox_lodging_Helen,341.13,17.2,4.0,-2.2,1012.3,2.6,12,3,3,90,51394.9,2009.0,Mixed
2016-03-30 13:00:00,Fox_lodging_Helen,378.87,19.4,4.0,-2.2,1011.5,4.6,13,3,3,90,51394.9,2009.0,Mixed
2016-03-30 14:00:00,Fox_lodging_Helen,407.23,18.9,4.0,-3.3,1010.9,3.1,14,3,3,90,51394.9,2009.0,Mixed
2016-03-30 15:00:00,Fox_lodging_Helen,428.03,18.9,4.0,-4.4,1010.2,3.1,15,3,3,90,51394.9,2009.0,Mixed
2016-03-30 16:00:00,Fox_lodging_Helen,432.67,18.3,4.0,-3.9,1010.0,3.1,16,3,3,90,51394.9,2009.0,Mixed
2016-03-30 17:00:00,Fox_lodging_Helen,459.6,20.0,4.0,-4.4,1009.6,2.6,17,3,3,90,51394.9,2009.0,Mixed
2016-03-30 18:00:00,Fox_lodging_Helen,492.72,18.9,4.0,-6.7,1009.8,2.1,18,3,3,90,51394.9,2009.0,Mixed
2016-03-30 19:00:00,Fox_lodging_Helen,510.55,18.3,4.0,-6.7,1010.1,3.6,19,3,3,90,51394.9,2009.0,Mixed
2016-03-30 20:00:00,Fox_lodging_Helen,521.22,17.8,0.0,-6.7,1010.5,4.1,20,3,3,90,51394.9,2009.0,Mixed
2016-03-30 21:00:00,Fox_lodging_Helen,523.72,17.8,0.0,-6.7,1010.8,3.6,21,3,3,90,51394.9,2009.0,Mixed
2016-03-30 22:00:00,Fox_lodging_Helen,511.37,17.2,0.0,-6.7,1011.1,2.6,22,3,3,90,51394.9,2009.0,Mixed
2016-03-30 23:00:00,Fox_lodging_Helen,488.75,14.4,2.0,-4.4,1011.2,1.5,23,3,3,90,51394.9,2009.0,Mixed
2016-03-31 00:00:00,Fox_lodging_Helen,465.88,13.9,0.0,-4.4,1011.1,0.0,0,4,3,91,51394.9,2009.0,Mixed
2016-03-31 01:00:00,Fox_lodging_Helen,415.32,13.3,2.0,-4.4,1010.9,2.6,1,4,3,91,51394.9,2009.0,Mixed
2016-03-31 02:00:00,Fox_lodging_Helen,371.95,11.7,2.0,-2.2,1010.8,1.5,2,4,3,91,51394.9,2009.0,Mixed
2016-03-31 03:00:00,Fox_lodging_Helen,353.0,11.1,2.0,-1.7,1010.6,1.5,3,4,3,91,51394.9,2009.0,Mixed
2016-03-31 04:00:00,Fox_lodging_Helen,343.15,10.6,0.0,-1.1,1010.7,2.1,4,4,3,91,51394.9,2009.0,Mixed
2016-03-31 05:00:00,Fox_lodging_Helen,327.37,10.6,2.0,-1.1,1010.6,0.0,5,4,3,91,51394.9,2009.0,Mixed
2016-03-31 06:00:00,Fox_lodging_Helen,328.15,10.0,2.0,-0.6,1011.0,2.6,6,4,3,91,51394.9,2009.0,Mixed
2016-03-31 07:00:00,Fox_lodging_Helen,331.03,10.6,2.0,-0.6,1011.8,1.5,7,4,3,91,51394.9,2009.0,Mixed
2016-03-31 08:00:00,Fox_lodging_Helen,351.08,12.2,2.0,-0.6,1012.4,0.0,8,4,3,91,51394.9,2009.0,Mixed
2016-03-31 09:00:00,Fox_lodging_Helen,368.07,15.0,2.0,-0.6,1012.0,2.6,9,4,3,91,51394.9,2009.0,Mixed
2016-03-31 10:00:00,Fox_lodging_Helen,352.35,15.6,2.0,-1.1,1012.2,2.1,10,4,3,91,51394.9,2009.0,Mixed
2016-03-31 11:00:00,Fox_lodging_Helen,347.43,17.8,2.0,-1.7,1012.1,3.1,11,4,3,91,51394.9,2009.0,Mixed
2016-03-31 12:00:00,Fox_lodging_Helen,374.95,19.4,2.0,-1.7,1011.6,0.0,12,4,3,91,51394.9,2009.0,Mixed
2016-03-31 13:00:00,Fox_lodging_Helen,393.83,18.9,2.8,-3.9,1011.3,2.1,13,4,3,91,51394.9,2009.0,Mixed
2016-03-31 14:00:00,Fox_lodging_Helen,404.22,22.2,3.6,-3.9,1010.7,3.6,14,4,3,91,51394.9,2009.0,Mixed
2016-03-31 15:00:00,Fox_lodging_Helen,406.7,21.7,4.4,-4.4,1010.0,5.1,15,4,3,91,51394.9,2009.0,Mixed
2016-03-31 16:00:00,Fox_lodging_Helen,452.12,22.8,4.4,-4.4,1009.6,5.7,16,4,3,91,51394.9,2009.0,Mixed
2016-03-31 17:00:00,Fox_lodging_Helen,508.33,22.2,6.0,-5.0,1009.3,4.6,17,4,3,91,51394.9,2009.0,Mixed
2016-03-31 18:00:00,Fox_lodging_Helen,508.23,21.7,5.0,-5.6,1009.3,5.7,18,4,3,91,51394.9,2009.0,Mixed
2016-03-31 19:00:00,Fox_lodging_Helen,509.4,21.1,4.0,-5.0,1009.7,3.6,19,4,3,91,51394.9,2009.0,Mixed
2016-03-31 20:00:00,Fox_lodging_Helen,512.15,20.0,4.0,-5.6,1010.4,3.6,20,4,3,91,51394.9,2009.0,Mixed
2016-03-31 21:00:00,Fox_lodging_Helen,510.65,18.9,4.0,-6.1,1011.3,3.1,21,4,3,91,51394.9,2009.0,Mixed
2016-03-31 22:00:00,Fox_lodging_Helen,492.78,17.8,4.0,-5.6,1011.8,2.1,22,4,3,91,51394.9,2009.0,Mixed
2016-03-31 23:00:00,Fox_lodging_Helen,474.07,18.3,2.0,-6.7,1011.9,0.0,23,4,3,91,51394.9,2009.0,Mixed
2016-04-01 00:00:00,Fox_lodging_Helen,460.22,16.1,2.0,-3.9,1012.3,3.6,0,5,4,92,51394.9,2009.0,Mixed
2016-04-01 01:00:00,Fox_lodging_Helen,423.53,15.0,2.0,-3.9,1012.7,2.1,1,5,4,92,51394.9,2009.0,Mixed
2016-04-01 02:00:00,Fox_lodging_Helen,385.12,13.9,2.0,-3.3,1012.2,2.1,2,5,4,92,51394.9,2009.0,Mixed
2016-04-01 03:00:00,Fox_lodging_Helen,368.37,13.3,2.0,-2.8,1012.4,3.6,3,5,4,92,51394.9,2009.0,Mixed
2016-04-01 04:00:00,Fox_lodging_Helen,347.18,12.8,2.0,-3.9,1012.4,4.1,4,5,4,92,51394.9,2009.0,Mixed
2016-04-01 05:00:00,Fox_lodging_Helen,336.32,12.2,2.0,-3.9,1013.1,3.6,5,5,4,92,51394.9,2009.0,Mixed
2016-04-01 06:00:00,Fox_lodging_Helen,334.47,12.2,2.0,-3.9,1013.8,2.6,6,5,4,92,51394.9,2009.0,Mixed
2016-04-01 07:00:00,Fox_lodging_Helen,337.07,11.7,2.0,-3.3,1014.6,3.1,7,5,4,92,51394.9,2009.0,Mixed
2016-04-01 08:00:00,Fox_lodging_Helen,346.12,13.9,2.0,-3.3,1015.5,4.1,8,5,4,92,51394.9,2009.0,Mixed
2016-04-01 09:00:00,Fox_lodging_Helen,379.45,16.1,2.0,-2.8,1016.0,3.6,9,5,4,92,51394.9,2009.0,Mixed
2016-04-01 10:00:00,Fox_lodging_Helen,399.05,18.3,2.0,-3.3,1016.6,1.5,10,5,4,92,51394.9,2009.0,Mixed
2016-04-01 11:00:00,Fox_lodging_Helen,398.0,20.6,2.0,-4.4,1016.5,2.1,11,5,4,92,51394.9,2009.0,Mixed
2016-04-01 12:00:00,Fox_lodging_Helen,394.37,21.7,2.0,-3.9,1015.9,2.1,12,5,4,92,51394.9,2009.0,Mixed
2016-04-01 13:00:00,Fox_lodging_Helen,418.25,23.3,2.0,-2.8,1015.2,1.5,13,5,4,92,51394.9,2009.0,Mixed
2016-04-01 14:00:00,Fox_lodging_Helen,435.63,23.3,2.0,-2.8,1014.5,1.5,14,5,4,92,51394.9,2009.0,Mixed
2016-04-01 15:00:00,Fox_lodging_Helen,442.6,24.4,4.0,-2.8,1014.1,2.1,15,5,4,92,51394.9,2009.0,Mixed
2016-04-01 16:00:00,Fox_lodging_Helen,465.85,25.0,4.0,-3.9,1013.9,3.1,16,5,4,92,51394.9,2009.0,Mixed
2016-04-01 17:00:00,Fox_lodging_Helen,496.43,25.0,4.0,-3.3,1014.0,1.5,17,5,4,92,51394.9,2009.0,Mixed
2016-04-01 18:00:00,Fox_lodging_Helen,496.27,25.0,2.0,-3.3,1014.2,2.1,18,5,4,92,51394.9,2009.0,Mixed
2016-04-01 19:00:00,Fox_lodging_Helen,501.85,23.9,2.0,-3.3,1014.7,1.5,19,5,4,92,51394.9,2009.0,Mixed
2016-04-01 20:00:00,Fox_lodging_Helen,507.25,22.8,0.0,-2.2,1015.4,2.6,20,5,4,92,51394.9,2009.0,Mixed
2016-04-01 21:00:00,Fox_lodging_Helen,512.37,21.7,0.0,-2.8,1016.1,0.0,21,5,4,92,51394.9,2009.0,Mixed
2016-04-01 22:00:00,Fox_lodging_Helen,486.22,21.1,0.0,-2.2,1016.7,0.0,22,5,4,92,51394.9,2009.0,Mixed
2016-04-01 23:00:00,Fox_lodging_Helen,457.55,20.6,0.0,-1.7,1016.9,0.0,23,5,4,92,51394.9,2009.0,Mixed
2016-04-02 00:00:00,Fox_lodging_Helen,439.5,18.9,0.0,0.0,1017.1,3.6,0,6,4,93,51394.9,2009.0,Mixed
2016-04-02 01:00:00,Fox_lodging_Helen,401.58,17.2,0.0,-0.6,1017.4,2.1,1,6,4,93,51394.9,2009.0,Mixed
2016-04-02 02:00:00,Fox_lodging_Helen,383.72,16.7,0.0,-1.7,1017.6,3.1,2,6,4,93,51394.9,2009.0,Mixed
2016-04-02 03:00:00,Fox_lodging_Helen,363.08,16.1,0.0,-1.7,1017.7,4.1,3,6,4,93,51394.9,2009.0,Mixed
2016-04-02 04:00:00,Fox_lodging_Helen,339.52,16.1,0.0,-1.7,1018.0,2.1,4,6,4,93,51394.9,2009.0,Mixed
2016-04-02 05:00:00,Fox_lodging_Helen,341.73,15.0,0.0,-1.7,1018.7,2.6,5,6,4,93,51394.9,2009.0,Mixed
2016-04-02 06:00:00,Fox_lodging_Helen,341.57,15.6,0.0,-2.2,1019.2,0.0,6,6,4,93,51394.9,2009.0,Mixed
2016-04-02 07:00:00,Fox_lodging_Helen,334.75,15.0,0.0,-0.6,1020.2,0.0,7,6,4,93,51394.9,2009.0,Mixed
2016-04-02 08:00:00,Fox_lodging_Helen,327.43,17.8,0.0,-2.8,1020.9,3.1,8,6,4,93,51394.9,2009.0,Mixed
2016-04-02 09:00:00,Fox_lodging_Helen,341.12,20.0,0.0,-3.3,1021.3,3.1,9,6,4,93,51394.9,2009.0,Mixed
2016-04-02 10:00:00,Fox_lodging_Helen,329.95,22.2,0.0,-2.2,1021.2,3.1,10,6,4,93,51394.9,2009.0,Mixed
2016-04-02 11:00:00,Fox_lodging_Helen,342.53,23.3,2.0,-1.7,1021.0,3.6,11,6,4,93,51394.9,2009.0,Mixed
2016-04-02 12:00:00,Fox_lodging_Helen,382.02,25.0,2.0,-1.1,1020.2,3.1,12,6,4,93,51394.9,2009.0,Mixed
2016-04-02 13:00:00,Fox_lodging_Helen,383.08,25.6,2.0,-2.8,1019.1,1.5,13,6,4,93,51394.9,2009.0,Mixed
2016-04-02 14:00:00,Fox_lodging_Helen,422.6,26.7,2.0,-6.7,1018.0,1.5,14,6,4,93,51394.9,2009.0,Mixed
2016-04-02 15:00:00,Fox_lodging_Helen,441.87,28.3,0.0,-6.1,1017.0,3.1,15,6,4,93,51394.9,2009.0,Mixed
2016-04-02 16:00:00,Fox_lodging_Helen,455.48,27.2,2.0,-7.8,1016.4,2.6,16,6,4,93,51394.9,2009.0,Mixed
2016-04-02 17:00:00,Fox_lodging_Helen,484.9,27.8,0.0,-8.3,1015.8,2.1,17,6,4,93,51394.9,2009.0,Mixed
2016-04-02 18:00:00,Fox_lodging_Helen,499.92,27.8,0.0,-7.2,1015.4,2.6,18,6,4,93,51394.9,2009.0,Mixed
2016-04-02 19:00:00,Fox_lodging_Helen,516.4,26.1,0.0,-6.1,1015.1,2.1,19,6,4,93,51394.9,2009.0,Mixed
2016-04-02 20:00:00,Fox_lodging_Helen,518.42,24.4,0.0,-5.0,1015.4,1.5,20,6,4,93,51394.9,2009.0,Mixed
2016-04-02 21:00:00,Fox_lodging_Helen,522.75,22.8,0.0,-4.4,1015.8,2.1,21,6,4,93,51394.9,2009.0,Mixed
2016-04-02 22:00:00,Fox_lodging_Helen,506.28,23.9,0.0,-5.0,1016.1,1.5,22,6,4,93,51394.9,2009.0,Mixed
2016-04-02 23:00:00,Fox_lodging_Helen,462.65,21.7,0.0,-3.3,1016.2,0.0,23,6,4,93,51394.9,2009.0,Mixed
2016-04-03 00:00:00,Fox_lodging_Helen,470.93,19.4,0.0,-1.7,1016.3,2.1,0,7,4,94,51394.9,2009.0,Mixed
2016-04-03 01:00:00,Fox_lodging_Helen,419.63,18.9,0.0,-2.8,1016.3,0.0,1,7,4,94,51394.9,2009.0,Mixed
2016-04-03 02:00:00,Fox_lodging_Helen,407.05,17.8,0.0,-3.3,1016.3,5.1,2,7,4,94,51394.9,2009.0,Mixed
2016-04-03 03:00:00,Fox_lodging_Helen,383.05,17.2,0.0,-3.3,1016.1,1.5,3,7,4,94,51394.9,2009.0,Mixed
2016-04-03 04:00:00,Fox_lodging_Helen,357.53,16.7,0.0,-2.8,1016.2,1.5,4,7,4,94,51394.9,2009.0,Mixed
2016-04-03 05:00:00,Fox_lodging_Helen,351.85,16.1,0.0,-2.8,1016.2,3.1,5,7,4,94,51394.9,2009.0,Mixed
2016-04-03 06:00:00,Fox_lodging_Helen,349.2,15.6,0.0,-2.8,1016.6,2.1,6,7,4,94,51394.9,2009.0,Mixed
2016-04-03 07:00:00,Fox_lodging_Helen,346.7,15.6,0.0,-2.8,1017.2,1.5,7,7,4,94,51394.9,2009.0,Mixed
2016-04-03 08:00:00,Fox_lodging_Helen,344.75,18.9,0.0,-3.3,1017.4,2.6,8,7,4,94,51394.9,2009.0,Mixed
2016-04-03 09:00:00,Fox_lodging_Helen,361.53,21.7,0.0,-3.9,1017.6,3.6,9,7,4,94,51394.9,2009.0,Mixed
2016-04-03 10:00:00,Fox_lodging_Helen,371.84,24.4,0.0,-6.1,1017.4,5.1,10,7,4,94,51394.9,2009.0,Mixed
2016-04-03 11:00:00,Fox_lodging_Helen,402.93,26.7,0.0,-5.6,1016.9,3.6,11,7,4,94,51394.9,2009.0,Mixed
2016-04-03 12:00:00,Fox_lodging_Helen,418.12,28.3,0.0,-5.6,1016.1,2.6,12,7,4,94,51394.9,2009.0,Mixed
2016-04-03 13:00:00,Fox_lodging_Helen,425.18,28.9,0.0,-6.7,1015.0,4.1,13,7,4,94,51394.9,2009.0,Mixed
2016-04-03 14:00:00,Fox_lodging_Helen,446.98,30.0,0.0,-6.7,1014.0,2.1,14,7,4,94,51394.9,2009.0,Mixed
2016-04-03 15:00:00,Fox_lodging_Helen,463.65,30.6,0.0,-7.2,1012.9,2.1,15,7,4,94,51394.9,2009.0,Mixed
2016-04-03 16:00:00,Fox_lodging_Helen,491.15,30.0,0.0,-7.2,1012.0,2.6,16,7,4,94,51394.9,2009.0,Mixed
2016-04-03 17:00:00,Fox_lodging_Helen,512.68,31.1,2.0,-7.2,1011.5,2.6,17,7,4,94,51394.9,2009.0,Mixed
2016-04-03 18:00:00,Fox_lodging_Helen,538.73,30.6,2.0,-8.9,1011.2,2.6,18,7,4,94,51394.9,2009.0,Mixed
2016-04-03 19:00:00,Fox_lodging_Helen,580.97,28.3,2.0,-6.1,1011.4,2.1,19,7,4,94,51394.9,2009.0,Mixed
2016-04-03 20:00:00,Fox_lodging_Helen,564.42,26.7,0.0,-6.1,1012.0,2.6,20,7,4,94,51394.9,2009.0,Mixed
2016-04-03 21:00:00,Fox_lodging_Helen,590.35,25.6,0.0,-5.6,1012.8,1.5,21,7,4,94,51394.9,2009.0,Mixed
2016-04-03 22:00:00,Fox_lodging_Helen,598.52,23.3,0.0,-3.9,1013.6,2.6,22,7,4,94,51394.9,2009.0,Mixed
2016-04-03 23:00:00,Fox_lodging_Helen,529.42,25.0,0.0,-5.0,1013.5,2.1,23,7,4,94,51394.9,2009.0,Mixed
2016-04-04 00:00:00,Fox_lodging_Helen,501.9,21.7,0.0,-3.3,1013.9,0.0,0,1,4,95,51394.9,2009.0,Mixed
2016-04-04 01:00:00,Fox_lodging_Helen,468.0,20.6,0.0,-2.2,1014.0,2.6,1,1,4,95,51394.9,2009.0,Mixed
2016-04-04 02:00:00,Fox_lodging_Helen,411.37,18.3,0.0,-1.1,1013.9,1.5,2,1,4,95,51394.9,2009.0,Mixed
2016-04-04 03:00:00,Fox_lodging_Helen,395.57,18.3,0.0,-3.3,1013.8,1.5,3,1,4,95,51394.9,2009.0,Mixed
2016-04-04 04:00:00,Fox_lodging_Helen,374.87,17.8,0.0,-3.9,1014.1,0.0,4,1,4,95,51394.9,2009.0,Mixed
2016-04-04 05:00:00,Fox_lodging_Helen,381.13,16.7,0.0,-2.8,1014.6,2.6,5,1,4,95,51394.9,2009.0,Mixed
2016-04-04 06:00:00,Fox_lodging_Helen,377.73,16.1,2.0,-1.1,1015.2,2.6,6,1,4,95,51394.9,2009.0,Mixed
2016-04-04 07:00:00,Fox_lodging_Helen,382.15,16.1,2.0,-1.7,1016.2,3.6,7,1,4,95,51394.9,2009.0,Mixed
2016-04-04 08:00:00,Fox_lodging_Helen,411.13,19.4,2.0,-3.3,1016.8,4.1,8,1,4,95,51394.9,2009.0,Mixed
2016-04-04 09:00:00,Fox_lodging_Helen,402.55,21.7,2.0,-4.4,1017.1,4.1,9,1,4,95,51394.9,2009.0,Mixed
2016-04-04 10:00:00,Fox_lodging_Helen,432.85,25.0,2.0,-3.9,1017.6,3.1,10,1,4,95,51394.9,2009.0,Mixed
2016-04-04 11:00:00,Fox_lodging_Helen,443.68,26.7,2.0,-4.4,1017.3,2.6,11,1,4,95,51394.9,2009.0,Mixed
2016-04-04 12:00:00,Fox_lodging_Helen,426.3,28.9,2.0,-4.4,1016.6,1.5,12,1,4,95,51394.9,2009.0,Mixed
2016-04-04 13:00:00,Fox_lodging_Helen,424.72,30.6,2.0,-6.7,1015.8,2.1,13,1,4,95,51394.9,2009.0,Mixed
2016-04-04 14:00:00,Fox_lodging_Helen,432.48,31.7,3.0,-7.2,1014.9,4.1,14,1,4,95,51394.9,2009.0,Mixed
2016-04-04 15:00:00,Fox_lodging_Helen,439.25,32.2,4.0,-6.7,1014.0,2.6,15,1,4,95,51394.9,2009.0,Mixed
2016-04-04 16:00:00,Fox_lodging_Helen,459.35,32.2,5.0,-7.8,1013.2,2.1,16,1,4,95,51394.9,2009.0,Mixed
2016-04-04 17:00:00,Fox_lodging_Helen,521.72,32.2,6.0,-8.3,1012.6,3.1,17,1,4,95,51394.9,2009.0,Mixed
2016-04-04 18:00:00,Fox_lodging_Helen,550.38,31.7,6.0,-8.3,1012.6,4.1,18,1,4,95,51394.9,2009.0,Mixed
2016-04-04 19:00:00,Fox_lodging_Helen,576.83,30.6,6.0,-9.4,1012.7,3.6,19,1,4,95,51394.9,2009.0,Mixed
2016-04-04 20:00:00,Fox_lodging_Helen,570.05,29.4,6.0,-7.2,1012.7,3.1,20,1,4,95,51394.9,2009.0,Mixed
2016-04-04 21:00:00,Fox_lodging_Helen,590.77,26.7,6.0,-5.6,1013.5,0.0,21,1,4,95,51394.9,2009.0,Mixed
2016-04-04 22:00:00,Fox_lodging_Helen,587.17,27.8,6.0,-6.1,1013.8,0.0,22,1,4,95,51394.9,2009.0,Mixed
2016-04-04 23:00:00,Fox_lodging_Helen,550.23,24.4,6.0,-3.3,1013.8,0.0,23,1,4,95,51394.9,2009.0,Mixed
2016-04-05 00:00:00,Fox_lodging_Helen,520.15,23.3,5.666666666666667,-2.8,1013.8,0.0,0,2,4,96,51394.9,2009.0,Mixed
2016-04-05 01:00:00,Fox_lodging_Helen,474.97,21.1,5.333333333333333,-1.7,1013.9,2.1,1,2,4,96,51394.9,2009.0,Mixed
2016-04-05 02:00:00,Fox_lodging_Helen,440.18,20.6,5.0,-2.8,1014.1,2.6,2,2,4,96,51394.9,2009.0,Mixed
2016-04-05 03:00:00,Fox_lodging_Helen,408.3,20.0,5.0,-6.1,1013.9,3.1,3,2,4,96,51394.9,2009.0,Mixed
2016-04-05 04:00:00,Fox_lodging_Helen,389.97,18.9,5.0,-3.9,1014.5,1.5,4,2,4,96,51394.9,2009.0,Mixed
2016-04-05 05:00:00,Fox_lodging_Helen,404.25,18.3,4.0,-5.0,1014.4,1.5,5,2,4,96,51394.9,2009.0,Mixed
2016-04-05 06:00:00,Fox_lodging_Helen,377.75,17.8,4.0,-3.9,1015.0,2.1,6,2,4,96,51394.9,2009.0,Mixed
2016-04-05 07:00:00,Fox_lodging_Helen,384.7,17.8,4.4,-3.3,1016.3,2.1,7,2,4,96,51394.9,2009.0,Mixed
2016-04-05 08:00:00,Fox_lodging_Helen,416.68,19.4,4.8,-3.9,1016.9,2.1,8,2,4,96,51394.9,2009.0,Mixed
2016-04-05 09:00:00,Fox_lodging_Helen,424.82,22.2,5.2,-5.0,1016.7,4.1,9,2,4,96,51394.9,2009.0,Mixed
2016-04-05 10:00:00,Fox_lodging_Helen,431.28,25.0,5.2,-5.6,1017.1,3.6,10,2,4,96,51394.9,2009.0,Mixed
2016-04-05 11:00:00,Fox_lodging_Helen,414.67,26.7,6.0,-5.6,1017.0,2.1,11,2,4,96,51394.9,2009.0,Mixed
2016-04-05 12:00:00,Fox_lodging_Helen,382.95,28.3,6.0,-6.1,1015.9,0.0,12,2,4,96,51394.9,2009.0,Mixed
2016-04-05 13:00:00,Fox_lodging_Helen,403.03,30.0,6.0,-5.6,1015.2,2.1,13,2,4,96,51394.9,2009.0,Mixed
2016-04-05 14:00:00,Fox_lodging_Helen,411.45,31.7,6.0,-6.1,1014.1,3.1,14,2,4,96,51394.9,2009.0,Mixed
2016-04-05 15:00:00,Fox_lodging_Helen,442.23,32.8,6.0,-6.1,1013.2,2.6,15,2,4,96,51394.9,2009.0,Mixed
2016-04-05 16:00:00,Fox_lodging_Helen,455.42,32.2,6.0,-6.7,1012.7,4.6,16,2,4,96,51394.9,2009.0,Mixed
2016-04-05 17:00:00,Fox_lodging_Helen,493.23,32.2,6.0,-6.1,1011.9,1.5,17,2,4,96,51394.9,2009.0,Mixed
2016-04-05 18:00:00,Fox_lodging_Helen,531.32,31.7,6.0,-5.0,1011.6,4.6,18,2,4,96,51394.9,2009.0,Mixed
2016-04-05 19:00:00,Fox_lodging_Helen,551.3,31.1,6.0,-5.0,1011.8,4.1,19,2,4,96,51394.9,2009.0,Mixed
2016-04-05 20:00:00,Fox_lodging_Helen,560.17,29.4,6.0,-3.9,1012.5,1.5,20,2,4,96,51394.9,2009.0,Mixed
2016-04-05 21:00:00,Fox_lodging_Helen,585.98,28.3,6.0,-3.3,1013.4,0.0,21,2,4,96,51394.9,2009.0,Mixed
2016-04-05 22:00:00,Fox_lodging_Helen,569.53,26.1,6.0,-3.3,1014.0,1.5,22,2,4,96,51394.9,2009.0,Mixed
2016-04-05 23:00:00,Fox_lodging_Helen,564.58,25.0,6.0,-0.6,1014.7,2.1,23,2,4,96,51394.9,2009.0,Mixed
2016-04-06 00:00:00,Fox_lodging_Helen,548.28,23.9,5.0,-1.1,1015.5,2.6,0,3,4,97,51394.9,2009.0,Mixed
2016-04-06 01:00:00,Fox_lodging_Helen,493.42,22.8,4.0,-1.7,1015.9,3.1,1,3,4,97,51394.9,2009.0,Mixed
2016-04-06 02:00:00,Fox_lodging_Helen,438.7,20.6,4.5,-0.6,1015.6,3.1,2,3,4,97,51394.9,2009.0,Mixed
2016-04-06 03:00:00,Fox_lodging_Helen,414.95,21.7,5.0,-2.8,1015.5,3.6,3,3,4,97,51394.9,2009.0,Mixed
2016-04-06 04:00:00,Fox_lodging_Helen,400.43,20.6,5.5,-2.8,1015.8,3.6,4,3,4,97,51394.9,2009.0,Mixed
2016-04-06 05:00:00,Fox_lodging_Helen,395.52,21.7,6.0,-4.4,1016.2,0.0,5,3,4,97,51394.9,2009.0,Mixed
2016-04-06 06:00:00,Fox_lodging_Helen,389.92,22.2,4.0,-6.7,1016.8,0.0,6,3,4,97,51394.9,2009.0,Mixed
2016-04-06 07:00:00,Fox_lodging_Helen,380.67,21.1,4.4,-5.6,1017.7,0.0,7,3,4,97,51394.9,2009.0,Mixed
2016-04-06 08:00:00,Fox_lodging_Helen,406.33,23.3,4.8,-4.4,1018.1,0.0,8,3,4,97,51394.9,2009.0,Mixed
2016-04-06 09:00:00,Fox_lodging_Helen,396.32,26.1,5.2,-6.1,1018.0,1.5,9,3,4,97,51394.9,2009.0,Mixed
2016-04-06 10:00:00,Fox_lodging_Helen,418.6,28.9,5.2,-10.6,1017.7,5.7,10,3,4,97,51394.9,2009.0,Mixed
2016-04-06 11:00:00,Fox_lodging_Helen,414.0,30.6,6.0,-10.6,1017.2,4.6,11,3,4,97,51394.9,2009.0,Mixed
2016-04-06 12:00:00,Fox_lodging_Helen,409.2,32.2,6.0,-10.6,1016.4,5.1,12,3,4,97,51394.9,2009.0,Mixed
2016-04-06 13:00:00,Fox_lodging_Helen,432.18,33.3,6.0,-11.1,1015.2,3.1,13,3,4,97,51394.9,2009.0,Mixed
2016-04-06 14:00:00,Fox_lodging_Helen,451.82,33.9,6.0,-11.1,1014.1,1.5,14,3,4,97,51394.9,2009.0,Mixed
2016-04-06 15:00:00,Fox_lodging_Helen,454.07,35.0,6.0,-11.7,1012.6,2.1,15,3,4,97,51394.9,2009.0,Mixed
2016-04-06 16:00:00,Fox_lodging_Helen,471.17,35.0,6.0,-12.8,1011.8,2.6,16,3,4,97,51394.9,2009.0,Mixed
2016-04-06 17:00:00,Fox_lodging_Helen,499.08,35.0,6.0,-12.8,1010.8,3.1,17,3,4,97,51394.9,2009.0,Mixed
2016-04-06 18:00:00,Fox_lodging_Helen,539.77,33.9,6.333333333333333,-12.2,1010.3,3.1,18,3,4,97,51394.9,2009.0,Mixed
2016-04-06 19:00:00,Fox_lodging_Helen,556.9,32.2,6.666666666666667,-9.4,1010.5,3.6,19,3,4,97,51394.9,2009.0,Mixed
2016-04-06 20:00:00,Fox_lodging_Helen,578.13,30.6,7.0,-10.6,1010.7,2.6,20,3,4,97,51394.9,2009.0,Mixed
2016-04-06 21:00:00,Fox_lodging_Helen,589.57,31.1,7.0,-8.9,1011.2,3.6,21,3,4,97,51394.9,2009.0,Mixed
2016-04-06 22:00:00,Fox_lodging_Helen,581.72,26.7,7.0,-5.6,1011.5,2.1,22,3,4,97,51394.9,2009.0,Mixed
2016-04-06 23:00:00,Fox_lodging_Helen,598.35,27.2,8.0,-5.6,1011.5,2.1,23,3,4,97,51394.9,2009.0,Mixed
2016-04-07 00:00:00,Fox_lodging_Helen,522.35,25.6,7.666666666666667,-3.9,1011.7,1.5,0,4,4,98,51394.9,2009.0,Mixed
2016-04-07 01:00:00,Fox_lodging_Helen,479.32,25.0,7.333333333333333,-5.0,1011.9,2.1,1,4,4,98,51394.9,2009.0,Mixed
2016-04-07 02:00:00,Fox_lodging_Helen,461.02,24.4,7.0,-4.4,1011.7,0.0,2,4,4,98,51394.9,2009.0,Mixed
2016-04-07 03:00:00,Fox_lodging_Helen,440.55,25.0,7.0,-5.0,1010.9,2.1,3,4,4,98,51394.9,2009.0,Mixed
2016-04-07 04:00:00,Fox_lodging_Helen,430.35,23.3,7.0,-5.0,1010.7,2.1,4,4,4,98,51394.9,2009.0,Mixed
2016-04-07 05:00:00,Fox_lodging_Helen,422.95,22.8,6.0,-5.0,1010.3,2.1,5,4,4,98,51394.9,2009.0,Mixed
2016-04-07 06:00:00,Fox_lodging_Helen,412.55,22.8,6.333333333333333,-4.4,1010.1,0.0,6,4,4,98,51394.9,2009.0,Mixed
2016-04-07 07:00:00,Fox_lodging_Helen,413.35,23.3,6.666666666666667,-4.4,1010.2,2.6,7,4,4,98,51394.9,2009.0,Mixed
2016-04-07 08:00:00,Fox_lodging_Helen,434.07,25.0,7.0,-8.3,1009.2,5.7,8,4,4,98,51394.9,2009.0,Mixed
2016-04-07 09:00:00,Fox_lodging_Helen,435.67,25.6,7.0,-7.8,1010.0,2.1,9,4,4,98,51394.9,2009.0,Mixed
2016-04-07 10:00:00,Fox_lodging_Helen,451.65,27.8,7.0,-8.9,1009.1,0.0,10,4,4,98,51394.9,2009.0,Mixed
2016-04-07 11:00:00,Fox_lodging_Helen,447.3,28.3,8.0,-7.8,1009.5,2.6,11,4,4,98,51394.9,2009.0,Mixed
2016-04-07 12:00:00,Fox_lodging_Helen,429.48,30.0,7.666666666666667,-10.0,1008.7,0.0,12,4,4,98,51394.9,2009.0,Mixed
2016-04-07 13:00:00,Fox_lodging_Helen,475.0,31.7,7.333333333333333,-9.4,1007.4,2.1,13,4,4,98,51394.9,2009.0,Mixed
2016-04-07 14:00:00,Fox_lodging_Helen,484.77,31.7,7.0,-10.0,1007.5,3.6,14,4,4,98,51394.9,2009.0,Mixed
2016-04-07 15:00:00,Fox_lodging_Helen,492.08,31.7,7.0,-10.0,1006.3,0.0,15,4,4,98,51394.9,2009.0,Mixed
2016-04-07 16:00:00,Fox_lodging_Helen,526.08,31.7,7.0,-9.4,1006.2,2.1,16,4,4,98,51394.9,2009.0,Mixed
2016-04-07 17:00:00,Fox_lodging_Helen,535.45,31.1,6.0,-6.7,1006.2,0.0,17,4,4,98,51394.9,2009.0,Mixed
2016-04-07 18:00:00,Fox_lodging_Helen,524.18,30.6,6.333333333333333,-6.1,1006.6,6.7,18,4,4,98,51394.9,2009.0,Mixed
2016-04-07 19:00:00,Fox_lodging_Helen,534.62,29.4,6.666666666666667,-2.8,1006.8,6.7,19,4,4,98,51394.9,2009.0,Mixed
2016-04-07 20:00:00,Fox_lodging_Helen,568.32,26.7,7.0,4.4,1007.8,6.7,20,4,4,98,51394.9,2009.0,Mixed
2016-04-07 21:00:00,Fox_lodging_Helen,557.7,26.1,7.0,5.0,1008.3,4.1,21,4,4,98,51394.9,2009.0,Mixed
2016-04-07 22:00:00,Fox_lodging_Helen,576.47,25.0,7.0,7.8,1009.5,6.7,22,4,4,98,51394.9,2009.0,Mixed
2016-04-07 23:00:00,Fox_lodging_Helen,551.53,22.8,8.0,9.4,1010.7,2.1,23,4,4,98,51394.9,2009.0,Mixed
2016-04-08 00:00:00,Fox_lodging_Helen,510.88,19.4,7.666666666666667,13.3,1012.3,3.6,0,5,4,99,51394.9,2009.0,Mixed
2016-04-08 01:00:00,Fox_lodging_Helen,471.82,17.2,7.333333333333333,14.4,1012.2,4.6,1,5,4,99,51394.9,2009.0,Mixed
2016-04-08 02:00:00,Fox_lodging_Helen,438.68,16.7,7.0,15.6,1011.5,5.1,2,5,4,99,51394.9,2009.0,Mixed
2016-04-08 03:00:00,Fox_lodging_Helen,429.52,17.2,7.0,15.0,1011.6,2.6,3,5,4,99,51394.9,2009.0,Mixed
2016-04-08 04:00:00,Fox_lodging_Helen,420.3,16.7,7.0,15.0,1011.2,3.1,4,5,4,99,51394.9,2009.0,Mixed
2016-04-08 05:00:00,Fox_lodging_Helen,404.18,16.7,6.0,15.0,1011.2,1.5,5,5,4,99,51394.9,2009.0,Mixed
2016-04-08 06:00:00,Fox_lodging_Helen,403.13,17.2,6.0,15.0,1011.5,0.0,6,5,4,99,51394.9,2009.0,Mixed
2016-04-08 07:00:00,Fox_lodging_Helen,403.38,17.2,6.0,15.0,1011.9,3.1,7,5,4,99,51394.9,2009.0,Mixed
2016-04-08 08:00:00,Fox_lodging_Helen,408.6,18.3,6.0,15.0,1012.2,3.1,8,5,4,99,51394.9,2009.0,Mixed
2016-04-08 09:00:00,Fox_lodging_Helen,416.62,20.6,6.0,15.0,1012.5,4.1,9,5,4,99,51394.9,2009.0,Mixed
2016-04-08 10:00:00,Fox_lodging_Helen,428.2,22.2,6.0,13.3,1012.9,4.6,10,5,4,99,51394.9,2009.0,Mixed
2016-04-08 11:00:00,Fox_lodging_Helen,438.63,23.3,6.0,12.2,1013.0,5.1,11,5,4,99,51394.9,2009.0,Mixed
2016-04-08 12:00:00,Fox_lodging_Helen,416.78,23.9,6.0,12.2,1012.4,5.1,12,5,4,99,51394.9,2009.0,Mixed
2016-04-08 13:00:00,Fox_lodging_Helen,440.08,25.6,6.0,12.2,1011.3,3.1,13,5,4,99,51394.9,2009.0,Mixed
2016-04-08 14:00:00,Fox_lodging_Helen,465.45,26.1,6.0,10.0,1010.4,5.7,14,5,4,99,51394.9,2009.0,Mixed
2016-04-08 15:00:00,Fox_lodging_Helen,497.88,27.2,6.0,8.9,1009.5,5.1,15,5,4,99,51394.9,2009.0,Mixed
2016-04-08 16:00:00,Fox_lodging_Helen,531.67,26.7,6.0,6.7,1009.0,6.2,16,5,4,99,51394.9,2009.0,Mixed
2016-04-08 17:00:00,Fox_lodging_Helen,527.12,26.1,6.0,6.7,1008.9,4.1,17,5,4,99,51394.9,2009.0,Mixed
2016-04-08 18:00:00,Fox_lodging_Helen,508.32,25.6,6.0,6.1,1009.4,6.7,18,5,4,99,51394.9,2009.0,Mixed
2016-04-08 19:00:00,Fox_lodging_Helen,517.67,24.4,6.0,8.3,1010.1,7.2,19,5,4,99,51394.9,2009.0,Mixed
2016-04-08 20:00:00,Fox_lodging_Helen,534.88,23.3,6.0,10.0,1010.7,8.8,20,5,4,99,51394.9,2009.0,Mixed
2016-04-08 21:00:00,Fox_lodging_Helen,545.02,22.2,6.0,9.4,1011.4,6.7,21,5,4,99,51394.9,2009.0,Mixed
2016-04-08 22:00:00,Fox_lodging_Helen,512.92,21.7,6.0,9.4,1011.8,4.6,22,5,4,99,51394.9,2009.0,Mixed
2016-04-08 23:00:00,Fox_lodging_Helen,477.87,21.7,6.0,10.0,1012.0,1.5,23,5,4,99,51394.9,2009.0,Mixed
2016-04-09 00:00:00,Fox_lodging_Helen,460.2,20.0,6.0,11.7,1012.2,2.1,0,6,4,100,51394.9,2009.0,Mixed
2016-04-09 01:00:00,Fox_lodging_Helen,436.22,19.4,6.0,12.2,1012.0,3.1,1,6,4,100,51394.9,2009.0,Mixed
2016-04-09 02:00:00,Fox_lodging_Helen,413.53,19.4,6.0,12.2,1011.9,1.5,2,6,4,100,51394.9,2009.0,Mixed
2016-04-09 03:00:00,Fox_lodging_Helen,406.07,19.4,6.0,12.2,1011.8,1.5,3,6,4,100,51394.9,2009.0,Mixed
2016-04-09 04:00:00,Fox_lodging_Helen,386.53,18.9,6.0,12.2,1012.1,2.1,4,6,4,100,51394.9,2009.0,Mixed
2016-04-09 05:00:00,Fox_lodging_Helen,381.27,17.8,6.0,12.2,1012.4,1.5,5,6,4,100,51394.9,2009.0,Mixed
2016-04-09 06:00:00,Fox_lodging_Helen,376.7,17.2,5.333333333333333,11.7,1012.7,2.1,6,6,4,100,51394.9,2009.0,Mixed
2016-04-09 07:00:00,Fox_lodging_Helen,368.73,17.2,4.666666666666667,12.2,1013.3,2.1,7,6,4,100,51394.9,2009.0,Mixed
2016-04-09 08:00:00,Fox_lodging_Helen,360.85,18.9,4.0,11.1,1013.8,3.1,8,6,4,100,51394.9,2009.0,Mixed
2016-04-09 09:00:00,Fox_lodging_Helen,385.83,20.6,4.0,10.6,1013.9,2.1,9,6,4,100,51394.9,2009.0,Mixed
2016-04-09 10:00:00,Fox_lodging_Helen,365.73,21.7,4.0,10.0,1013.7,3.6,10,6,4,100,51394.9,2009.0,Mixed
2016-04-09 11:00:00,Fox_lodging_Helen,363.37,22.8,4.0,8.9,1013.4,6.2,11,6,4,100,51394.9,2009.0,Mixed
2016-04-09 12:00:00,Fox_lodging_Helen,399.18,23.9,4.0,7.8,1012.5,6.2,12,6,4,100,51394.9,2009.0,Mixed
2016-04-09 13:00:00,Fox_lodging_Helen,397.87,24.4,4.0,6.7,1011.6,4.6,13,6,4,100,51394.9,2009.0,Mixed
2016-04-09 14:00:00,Fox_lodging_Helen,424.5,25.6,4.0,6.1,1010.5,2.1,14,6,4,100,51394.9,2009.0,Mixed
2016-04-09 15:00:00,Fox_lodging_Helen,436.07,27.2,4.0,6.1,1009.1,3.1,15,6,4,100,51394.9,2009.0,Mixed
2016-04-09 16:00:00,Fox_lodging_Helen,495.12,27.8,4.0,5.6,1008.2,2.6,16,6,4,100,51394.9,2009.0,Mixed
2016-04-09 17:00:00,Fox_lodging_Helen,519.68,26.7,6.0,5.6,1007.6,4.6,17,6,4,100,51394.9,2009.0,Mixed
2016-04-09 18:00:00,Fox_lodging_Helen,514.93,26.7,6.333333333333333,3.9,1007.1,1.5,18,6,4,100,51394.9,2009.0,Mixed
2016-04-09 19:00:00,Fox_lodging_Helen,500.97,26.1,6.666666666666667,4.4,1006.6,4.6,19,6,4,100,51394.9,2009.0,Mixed
2016-04-09 20:00:00,Fox_lodging_Helen,522.25,25.6,7.0,5.0,1006.6,1.5,20,6,4,100,51394.9,2009.0,Mixed
2016-04-09 21:00:00,Fox_lodging_Helen,503.55,23.9,7.0,6.7,1007.0,3.6,21,6,4,100,51394.9,2009.0,Mixed
2016-04-09 22:00:00,Fox_lodging_Helen,515.73,24.4,7.0,0.6,1007.2,5.7,22,6,4,100,51394.9,2009.0,Mixed
2016-04-09 23:00:00,Fox_lodging_Helen,484.97,23.3,8.0,1.1,1007.2,5.7,23,6,4,100,51394.9,2009.0,Mixed
2016-04-10 00:00:00,Fox_lodging_Helen,458.92,22.8,7.666666666666667,2.2,1007.3,5.1,0,7,4,101,51394.9,2009.0,Mixed
2016-04-10 01:00:00,Fox_lodging_Helen,448.7,22.2,7.333333333333333,2.2,1007.6,6.2,1,7,4,101,51394.9,2009.0,Mixed
2016-04-10 02:00:00,Fox_lodging_Helen,443.55,21.7,7.0,1.7,1007.4,3.6,2,7,4,101,51394.9,2009.0,Mixed
2016-04-10 03:00:00,Fox_lodging_Helen,422.65,20.0,7.0,3.9,1007.4,2.6,3,7,4,101,51394.9,2009.0,Mixed
2016-04-10 04:00:00,Fox_lodging_Helen,397.3,18.9,7.0,5.0,1007.7,2.1,4,7,4,101,51394.9,2009.0,Mixed
2016-04-10 05:00:00,Fox_lodging_Helen,390.53,17.8,6.0,6.7,1008.0,1.5,5,7,4,101,51394.9,2009.0,Mixed
2016-04-10 06:00:00,Fox_lodging_Helen,370.53,18.3,6.333333333333333,4.4,1008.3,1.5,6,7,4,101,51394.9,2009.0,Mixed
2016-04-10 07:00:00,Fox_lodging_Helen,339.13,17.8,6.666666666666667,3.9,1008.7,2.1,7,7,4,101,51394.9,2009.0,Mixed
2016-04-10 08:00:00,Fox_lodging_Helen,361.17,18.9,7.0,5.0,1009.4,5.7,8,7,4,101,51394.9,2009.0,Mixed
2016-04-10 09:00:00,Fox_lodging_Helen,380.58,18.9,7.0,6.7,1010.0,6.7,9,7,4,101,51394.9,2009.0,Mixed
2016-04-10 10:00:00,Fox_lodging_Helen,407.9,20.0,7.0,7.2,1010.5,6.2,10,7,4,101,51394.9,2009.0,Mixed
2016-04-10 11:00:00,Fox_lodging_Helen,431.2,17.2,8.0,10.6,1011.3,8.8,11,7,4,101,51394.9,2009.0,Mixed
2016-04-10 12:00:00,Fox_lodging_Helen,415.3,17.8,7.666666666666667,12.2,1010.8,7.7,12,7,4,101,51394.9,2009.0,Mixed
2016-04-10 13:00:00,Fox_lodging_Helen,494.58,13.3,7.333333333333333,11.1,1011.3499999999999,9.8,13,7,4,101,51394.9,2009.0,Mixed
2016-04-10 14:00:00,Fox_lodging_Helen,488.08,14.4,7.0,12.2,1011.9,3.1,14,7,4,101,51394.9,2009.0,Mixed
2016-04-10 15:00:00,Fox_lodging_Helen,509.07,14.4,7.0,11.1,1011.5,2.1,15,7,4,101,51394.9,2009.0,Mixed
2016-04-10 16:00:00,Fox_lodging_Helen,484.43,16.1,7.0,11.1,1011.5,3.1,16,7,4,101,51394.9,2009.0,Mixed
2016-04-10 17:00:00,Fox_lodging_Helen,470.7,16.7,6.0,12.2,1011.9,4.1,17,7,4,101,51394.9,2009.0,Mixed
2016-04-10 18:00:00,Fox_lodging_Helen,492.77,16.1,5.333333333333333,10.0,1012.0,3.1,18,7,4,101,51394.9,2009.0,Mixed
2016-04-10 19:00:00,Fox_lodging_Helen,540.4,16.1,4.666666666666667,10.0,1012.5,1.5,19,7,4,101,51394.9,2009.0,Mixed
2016-04-10 20:00:00,Fox_lodging_Helen,559.1,16.1,4.0,10.6,1013.1,2.6,20,7,4,101,51394.9,2009.0,Mixed
2016-04-10 21:00:00,Fox_lodging_Helen,557.08,15.6,4.0,10.6,1014.3,2.1,21,7,4,101,51394.9,2009.0,Mixed
2016-04-10 22:00:00,Fox_lodging_Helen,549.0,15.6,4.0,10.6,1014.6,2.1,22,7,4,101,51394.9,2009.0,Mixed
2016-04-10 23:00:00,Fox_lodging_Helen,529.22,14.4,2.0,11.7,1015.1,2.1,23,7,4,101,51394.9,2009.0,Mixed
2016-04-11 00:00:00,Fox_lodging_Helen,530.32,14.4,2.0,11.1,1015.5,1.5,0,1,4,102,51394.9,2009.0,Mixed
2016-04-11 01:00:00,Fox_lodging_Helen,446.62,14.4,2.0,11.7,1015.9,2.6,1,1,4,102,51394.9,2009.0,Mixed
2016-04-11 02:00:00,Fox_lodging_Helen,431.63,13.3,2.0,11.7,1015.9,2.1,2,1,4,102,51394.9,2009.0,Mixed
2016-04-11 03:00:00,Fox_lodging_Helen,406.97,13.3,2.0,11.1,1016.0,2.6,3,1,4,102,51394.9,2009.0,Mixed
2016-04-11 04:00:00,Fox_lodging_Helen,394.4,13.3,2.0,11.1,1016.1,3.1,4,1,4,102,51394.9,2009.0,Mixed
2016-04-11 05:00:00,Fox_lodging_Helen,383.82,12.8,2.0,10.6,1016.5,2.6,5,1,4,102,51394.9,2009.0,Mixed
2016-04-11 06:00:00,Fox_lodging_Helen,393.28,12.8,2.0,10.6,1016.8,2.1,6,1,4,102,51394.9,2009.0,Mixed
2016-04-11 07:00:00,Fox_lodging_Helen,375.88,13.3,4.0,10.6,1017.1,2.1,7,1,4,102,51394.9,2009.0,Mixed
2016-04-11 08:00:00,Fox_lodging_Helen,393.07,15.0,4.0,10.0,1017.6,2.6,8,1,4,102,51394.9,2009.0,Mixed
2016-04-11 09:00:00,Fox_lodging_Helen,387.68,16.7,4.0,9.4,1017.5,2.6,9,1,4,102,51394.9,2009.0,Mixed
2016-04-11 10:00:00,Fox_lodging_Helen,409.53,18.9,4.0,8.9,1017.6,3.1,10,1,4,102,51394.9,2009.0,Mixed
2016-04-11 11:00:00,Fox_lodging_Helen,420.37,19.4,6.0,7.8,1017.4,2.6,11,1,4,102,51394.9,2009.0,Mixed
2016-04-11 12:00:00,Fox_lodging_Helen,406.05,21.1,4.0,7.8,1016.6,2.6,12,1,4,102,51394.9,2009.0,Mixed
2016-04-11 13:00:00,Fox_lodging_Helen,457.98,21.7,4.0,6.7,1016.1,3.6,13,1,4,102,51394.9,2009.0,Mixed
2016-04-11 14:00:00,Fox_lodging_Helen,481.78,22.8,4.0,5.0,1015.5,0.0,14,1,4,102,51394.9,2009.0,Mixed
2016-04-11 15:00:00,Fox_lodging_Helen,482.23,23.3,4.0,5.6,1014.6,2.6,15,1,4,102,51394.9,2009.0,Mixed
2016-04-11 16:00:00,Fox_lodging_Helen,486.58,23.3,4.0,5.0,1013.9,1.5,16,1,4,102,51394.9,2009.0,Mixed
2016-04-11 17:00:00,Fox_lodging_Helen,551.02,23.3,6.0,5.0,1013.6,1.5,17,1,4,102,51394.9,2009.0,Mixed
2016-04-11 18:00:00,Fox_lodging_Helen,577.58,23.3,6.0,6.1,1013.6,3.6,18,1,4,102,51394.9,2009.0,Mixed
2016-04-11 19:00:00,Fox_lodging_Helen,591.55,22.2,6.0,6.1,1013.6,2.6,19,1,4,102,51394.9,2009.0,Mixed
2016-04-11 20:00:00,Fox_lodging_Helen,570.6,21.7,6.0,7.2,1013.9,3.1,20,1,4,102,51394.9,2009.0,Mixed
2016-04-11 21:00:00,Fox_lodging_Helen,591.35,21.1,6.0,10.0,1014.4,0.0,21,1,4,102,51394.9,2009.0,Mixed
2016-04-11 22:00:00,Fox_lodging_Helen,598.45,20.0,6.0,8.9,1014.5,2.1,22,1,4,102,51394.9,2009.0,Mixed
2016-04-11 23:00:00,Fox_lodging_Helen,581.18,18.9,6.0,10.6,1014.4,2.1,23,1,4,102,51394.9,2009.0,Mixed
2016-04-12 00:00:00,Fox_lodging_Helen,544.17,18.3,4.0,10.6,1014.7,2.1,0,2,4,103,51394.9,2009.0,Mixed
2016-04-12 01:00:00,Fox_lodging_Helen,477.93,17.2,4.0,10.6,1014.7,2.1,1,2,4,103,51394.9,2009.0,Mixed
2016-04-12 02:00:00,Fox_lodging_Helen,477.67,17.2,4.0,10.0,1014.5,0.0,2,2,4,103,51394.9,2009.0,Mixed
2016-04-12 03:00:00,Fox_lodging_Helen,422.52,16.1,4.0,11.1,1014.2,2.1,3,2,4,103,51394.9,2009.0,Mixed
2016-04-12 04:00:00,Fox_lodging_Helen,400.33,16.7,4.0,9.4,1014.2,0.0,4,2,4,103,51394.9,2009.0,Mixed
2016-04-12 05:00:00,Fox_lodging_Helen,402.57,16.1,4.0,10.6,1014.4,0.0,5,2,4,103,51394.9,2009.0,Mixed
2016-04-12 06:00:00,Fox_lodging_Helen,403.88,15.0,4.0,11.1,1014.8,0.0,6,2,4,103,51394.9,2009.0,Mixed
2016-04-12 07:00:00,Fox_lodging_Helen,402.77,16.1,2.0,10.0,1015.5,1.5,7,2,4,103,51394.9,2009.0,Mixed
2016-04-12 08:00:00,Fox_lodging_Helen,411.33,17.8,2.0,10.0,1016.2,2.6,8,2,4,103,51394.9,2009.0,Mixed
2016-04-12 09:00:00,Fox_lodging_Helen,416.45,20.0,4.0,9.4,1016.6,0.0,9,2,4,103,51394.9,2009.0,Mixed
2016-04-12 10:00:00,Fox_lodging_Helen,434.47,21.7,4.0,9.4,1017.0,2.1,10,2,4,103,51394.9,2009.0,Mixed
2016-04-12 11:00:00,Fox_lodging_Helen,420.95,23.3,2.0,8.9,1017.1,1.5,11,2,4,103,51394.9,2009.0,Mixed
2016-04-12 12:00:00,Fox_lodging_Helen,443.73,24.4,4.0,7.8,1016.6,0.0,12,2,4,103,51394.9,2009.0,Mixed
2016-04-12 13:00:00,Fox_lodging_Helen,434.95,25.0,4.0,6.1,1016.2,0.0,13,2,4,103,51394.9,2009.0,Mixed
2016-04-12 14:00:00,Fox_lodging_Helen,431.45,26.7,4.0,6.7,1015.6,5.1,14,2,4,103,51394.9,2009.0,Mixed
2016-04-12 15:00:00,Fox_lodging_Helen,494.17,26.1,4.0,6.1,1015.1,1.5,15,2,4,103,51394.9,2009.0,Mixed
2016-04-12 16:00:00,Fox_lodging_Helen,535.15,27.2,4.0,3.9,1014.3,6.2,16,2,4,103,51394.9,2009.0,Mixed
2016-04-12 17:00:00,Fox_lodging_Helen,562.02,27.2,4.0,3.3,1014.2,5.1,17,2,4,103,51394.9,2009.0,Mixed
2016-04-12 18:00:00,Fox_lodging_Helen,582.57,26.1,2.0,3.3,1014.3,2.1,18,2,4,103,51394.9,2009.0,Mixed
2016-04-12 19:00:00,Fox_lodging_Helen,596.75,26.1,2.0,4.4,1014.4,3.1,19,2,4,103,51394.9,2009.0,Mixed
2016-04-12 20:00:00,Fox_lodging_Helen,637.73,24.4,2.0,7.2,1014.8,1.5,20,2,4,103,51394.9,2009.0,Mixed
2016-04-12 21:00:00,Fox_lodging_Helen,643.15,23.9,0.0,6.7,1015.2,1.5,21,2,4,103,51394.9,2009.0,Mixed
2016-04-12 22:00:00,Fox_lodging_Helen,643.57,23.3,0.0,6.7,1015.5,0.0,22,2,4,103,51394.9,2009.0,Mixed
2016-04-12 23:00:00,Fox_lodging_Helen,606.6,22.2,0.0,8.9,1015.7,0.0,23,2,4,103,51394.9,2009.0,Mixed
2016-04-13 00:00:00,Fox_lodging_Helen,573.5,21.7,0.0,8.9,1015.9,0.0,0,3,4,104,51394.9,2009.0,Mixed
2016-04-13 01:00:00,Fox_lodging_Helen,526.37,20.6,0.0,9.4,1016.0,0.0,1,3,4,104,51394.9,2009.0,Mixed
2016-04-13 02:00:00,Fox_lodging_Helen,495.77,19.4,0.0,8.3,1015.9,3.1,2,3,4,104,51394.9,2009.0,Mixed
2016-04-13 03:00:00,Fox_lodging_Helen,471.02,18.9,0.0,7.2,1016.0,0.0,3,3,4,104,51394.9,2009.0,Mixed
2016-04-13 04:00:00,Fox_lodging_Helen,459.75,18.3,0.0,7.8,1016.1,2.6,4,3,4,104,51394.9,2009.0,Mixed
2016-04-13 05:00:00,Fox_lodging_Helen,457.12,17.2,0.0,8.3,1016.0,2.1,5,3,4,104,51394.9,2009.0,Mixed
2016-04-13 06:00:00,Fox_lodging_Helen,448.67,16.7,0.0,8.3,1016.2,2.1,6,3,4,104,51394.9,2009.0,Mixed
2016-04-13 07:00:00,Fox_lodging_Helen,443.57,18.3,0.0,7.8,1016.7,4.1,7,3,4,104,51394.9,2009.0,Mixed
2016-04-13 08:00:00,Fox_lodging_Helen,445.15,19.4,0.0,7.8,1016.9,3.6,8,3,4,104,51394.9,2009.0,Mixed
2016-04-13 09:00:00,Fox_lodging_Helen,468.18,21.7,0.0,7.8,1017.1,2.6,9,3,4,104,51394.9,2009.0,Mixed
2016-04-13 10:00:00,Fox_lodging_Helen,463.23,23.9,2.0,7.2,1016.7,3.1,10,3,4,104,51394.9,2009.0,Mixed
2016-04-13 11:00:00,Fox_lodging_Helen,462.25,25.0,2.0,7.2,1016.3,1.5,11,3,4,104,51394.9,2009.0,Mixed
2016-04-13 12:00:00,Fox_lodging_Helen,430.93,26.1,2.0,5.6,1015.4,1.5,12,3,4,104,51394.9,2009.0,Mixed
2016-04-13 13:00:00,Fox_lodging_Helen,474.05,27.2,2.0,5.0,1014.3,1.5,13,3,4,104,51394.9,2009.0,Mixed
2016-04-13 14:00:00,Fox_lodging_Helen,488.25,28.3,2.0,5.0,1013.2,1.5,14,3,4,104,51394.9,2009.0,Mixed
2016-04-13 15:00:00,Fox_lodging_Helen,491.52,28.9,2.0,4.4,1012.2,3.1,15,3,4,104,51394.9,2009.0,Mixed
2016-04-13 16:00:00,Fox_lodging_Helen,522.38,29.4,2.0,3.3,1011.2,0.0,16,3,4,104,51394.9,2009.0,Mixed
2016-04-13 17:00:00,Fox_lodging_Helen,561.63,29.4,2.0,2.8,1010.8,2.1,17,3,4,104,51394.9,2009.0,Mixed
2016-04-13 18:00:00,Fox_lodging_Helen,571.85,29.4,2.0,3.9,1010.4,0.0,18,3,4,104,51394.9,2009.0,Mixed
2016-04-13 19:00:00,Fox_lodging_Helen,602.23,28.3,2.0,3.3,1010.1,4.1,19,3,4,104,51394.9,2009.0,Mixed
2016-04-13 20:00:00,Fox_lodging_Helen,624.52,27.8,2.6666666666666665,0.6,1010.2,4.1,20,3,4,104,51394.9,2009.0,Mixed
2016-04-13 21:00:00,Fox_lodging_Helen,656.25,25.0,3.333333333333333,5.6,1010.4,2.1,21,3,4,104,51394.9,2009.0,Mixed
2016-04-13 22:00:00,Fox_lodging_Helen,632.4,23.9,4.0,6.7,1010.6,0.0,22,3,4,104,51394.9,2009.0,Mixed
2016-04-13 23:00:00,Fox_lodging_Helen,624.67,25.6,2.0,2.8,1010.4,1.5,23,3,4,104,51394.9,2009.0,Mixed
2016-04-14 00:00:00,Fox_lodging_Helen,610.05,21.7,2.0,8.9,1010.3,1.5,0,4,4,105,51394.9,2009.0,Mixed
2016-04-14 01:00:00,Fox_lodging_Helen,540.95,21.7,2.0,6.1,1010.2,2.1,1,4,4,105,51394.9,2009.0,Mixed
2016-04-14 02:00:00,Fox_lodging_Helen,510.88,20.6,2.0,7.2,1010.0,2.6,2,4,4,105,51394.9,2009.0,Mixed
2016-04-14 03:00:00,Fox_lodging_Helen,486.52,20.0,2.0,6.1,1009.9,2.1,3,4,4,105,51394.9,2009.0,Mixed
2016-04-14 04:00:00,Fox_lodging_Helen,475.77,18.9,2.0,6.7,1009.6,2.6,4,4,4,105,51394.9,2009.0,Mixed
2016-04-14 05:00:00,Fox_lodging_Helen,465.07,18.3,2.0,5.0,1009.5,3.6,5,4,4,105,51394.9,2009.0,Mixed
2016-04-14 06:00:00,Fox_lodging_Helen,457.5,18.3,2.0,6.1,1009.6,4.1,6,4,4,105,51394.9,2009.0,Mixed
2016-04-14 07:00:00,Fox_lodging_Helen,456.12,18.9,2.0,6.1,1010.0,3.6,7,4,4,105,51394.9,2009.0,Mixed
2016-04-14 08:00:00,Fox_lodging_Helen,454.28,20.0,2.0,6.7,1010.2,4.6,8,4,4,105,51394.9,2009.0,Mixed
2016-04-14 09:00:00,Fox_lodging_Helen,469.45,22.8,4.0,6.1,1010.4,3.1,9,4,4,105,51394.9,2009.0,Mixed
2016-04-14 10:00:00,Fox_lodging_Helen,449.73,25.0,4.0,5.6,1010.1,1.5,10,4,4,105,51394.9,2009.0,Mixed
2016-04-14 11:00:00,Fox_lodging_Helen,445.18,26.7,4.0,3.9,1009.7,2.1,11,4,4,105,51394.9,2009.0,Mixed
2016-04-14 12:00:00,Fox_lodging_Helen,485.77,29.4,4.333333333333333,3.9,1008.8,3.1,12,4,4,105,51394.9,2009.0,Mixed
2016-04-14 13:00:00,Fox_lodging_Helen,496.37,29.4,4.666666666666667,3.3,1007.5,5.1,13,4,4,105,51394.9,2009.0,Mixed
2016-04-14 14:00:00,Fox_lodging_Helen,492.78,30.0,5.0,2.8,1006.4,4.1,14,4,4,105,51394.9,2009.0,Mixed
2016-04-14 15:00:00,Fox_lodging_Helen,514.98,31.1,5.0,2.8,1004.9,3.1,15,4,4,105,51394.9,2009.0,Mixed
2016-04-14 16:00:00,Fox_lodging_Helen,519.27,31.7,5.0,2.8,1003.7,4.1,16,4,4,105,51394.9,2009.0,Mixed
2016-04-14 17:00:00,Fox_lodging_Helen,563.62,31.1,6.0,2.8,1003.5,5.7,17,4,4,105,51394.9,2009.0,Mixed
2016-04-14 18:00:00,Fox_lodging_Helen,591.48,30.6,5.333333333333333,1.7,1003.1,6.2,18,4,4,105,51394.9,2009.0,Mixed
2016-04-14 19:00:00,Fox_lodging_Helen,607.87,30.0,4.666666666666667,1.1,1002.6,7.2,19,4,4,105,51394.9,2009.0,Mixed
2016-04-14 20:00:00,Fox_lodging_Helen,625.68,28.3,4.0,-1.7,1002.6,5.7,20,4,4,105,51394.9,2009.0,Mixed
2016-04-14 21:00:00,Fox_lodging_Helen,626.2,25.6,0.0,1.1,1002.7,2.6,21,4,4,105,51394.9,2009.0,Mixed
2016-04-14 22:00:00,Fox_lodging_Helen,622.63,25.6,0.0,-1.1,1002.8,5.7,22,4,4,105,51394.9,2009.0,Mixed
2016-04-14 23:00:00,Fox_lodging_Helen,593.05,25.0,0.0,-0.6,1002.2,4.6,23,4,4,105,51394.9,2009.0,Mixed
2016-04-15 00:00:00,Fox_lodging_Helen,578.98,24.4,0.0,-1.7,1002.3,3.6,0,5,4,106,51394.9,2009.0,Mixed
2016-04-15 01:00:00,Fox_lodging_Helen,545.22,23.3,0.0,0.0,1002.4,0.0,1,5,4,106,51394.9,2009.0,Mixed
2016-04-15 02:00:00,Fox_lodging_Helen,528.55,22.8,0.0,1.7,1002.5,5.1,2,5,4,106,51394.9,2009.0,Mixed
2016-04-15 03:00:00,Fox_lodging_Helen,492.37,22.2,0.0,2.8,1002.0,5.1,3,5,4,106,51394.9,2009.0,Mixed
2016-04-15 04:00:00,Fox_lodging_Helen,480.67,22.2,0.0,2.2,1001.7,3.6,4,5,4,106,51394.9,2009.0,Mixed
2016-04-15 05:00:00,Fox_lodging_Helen,468.05,21.7,0.0,1.1,1001.5,4.1,5,5,4,106,51394.9,2009.0,Mixed
2016-04-15 06:00:00,Fox_lodging_Helen,456.92,18.9,2.0,3.3,1001.9,2.1,6,5,4,106,51394.9,2009.0,Mixed
2016-04-15 07:00:00,Fox_lodging_Helen,435.08,19.4,2.0,4.4,1002.6,0.0,7,5,4,106,51394.9,2009.0,Mixed
2016-04-15 08:00:00,Fox_lodging_Helen,436.63,21.7,2.0,1.1,1003.1,5.7,8,5,4,106,51394.9,2009.0,Mixed
2016-04-15 09:00:00,Fox_lodging_Helen,459.72,22.2,0.0,0.6,1003.2,4.1,9,5,4,106,51394.9,2009.0,Mixed
2016-04-15 10:00:00,Fox_lodging_Helen,470.32,23.3,0.0,-2.2,1003.4,9.3,10,5,4,106,51394.9,2009.0,Mixed
2016-04-15 11:00:00,Fox_lodging_Helen,468.72,24.4,0.0,-1.1,1003.4,6.2,11,5,4,106,51394.9,2009.0,Mixed
2016-04-15 12:00:00,Fox_lodging_Helen,467.07,25.0,0.0,0.6,1002.8,6.2,12,5,4,106,51394.9,2009.0,Mixed
2016-04-15 13:00:00,Fox_lodging_Helen,478.8,25.6,0.0,1.1,1002.1,5.1,13,5,4,106,51394.9,2009.0,Mixed
2016-04-15 14:00:00,Fox_lodging_Helen,501.47,27.2,2.0,-3.3,1001.2,9.3,14,5,4,106,51394.9,2009.0,Mixed
2016-04-15 15:00:00,Fox_lodging_Helen,502.8,27.8,2.0,-6.7,1000.0,11.3,15,5,4,106,51394.9,2009.0,Mixed
2016-04-15 16:00:00,Fox_lodging_Helen,512.32,27.8,2.0,-10.6,1000.5,12.4,16,5,4,106,51394.9,2009.0,Mixed
2016-04-15 17:00:00,Fox_lodging_Helen,521.63,25.6,2.0,-12.8,1001.5,14.9,17,5,4,106,51394.9,2009.0,Mixed
2016-04-15 18:00:00,Fox_lodging_Helen,528.28,24.4,2.0,-15.0,1002.3,15.4,18,5,4,106,51394.9,2009.0,Mixed
2016-04-15 19:00:00,Fox_lodging_Helen,549.83,22.8,2.0,-8.3,1003.4,10.8,19,5,4,106,51394.9,2009.0,Mixed
2016-04-15 20:00:00,Fox_lodging_Helen,561.4,21.7,2.0,-9.4,1004.5,9.3,20,5,4,106,51394.9,2009.0,Mixed
2016-04-15 21:00:00,Fox_lodging_Helen,549.6,20.6,0.0,-3.3,1005.9,8.8,21,5,4,106,51394.9,2009.0,Mixed
2016-04-15 22:00:00,Fox_lodging_Helen,532.45,19.4,0.0,-3.3,1006.2,11.3,22,5,4,106,51394.9,2009.0,Mixed
2016-04-15 23:00:00,Fox_lodging_Helen,505.95,18.9,0.0,-2.8,1006.7,7.2,23,5,4,106,51394.9,2009.0,Mixed
2016-04-16 00:00:00,Fox_lodging_Helen,469.27,18.3,0.0,-2.2,1007.0,4.1,0,6,4,107,51394.9,2009.0,Mixed
2016-04-16 01:00:00,Fox_lodging_Helen,455.5,17.8,0.0,-2.8,1007.2,3.1,1,6,4,107,51394.9,2009.0,Mixed
2016-04-16 02:00:00,Fox_lodging_Helen,455.0,17.8,0.0,-2.2,1007.0,4.1,2,6,4,107,51394.9,2009.0,Mixed
2016-04-16 03:00:00,Fox_lodging_Helen,443.6,17.2,0.0,-2.8,1007.1,5.1,3,6,4,107,51394.9,2009.0,Mixed
2016-04-16 04:00:00,Fox_lodging_Helen,421.02,16.7,0.0,-3.3,1007.5,4.1,4,6,4,107,51394.9,2009.0,Mixed
2016-04-16 05:00:00,Fox_lodging_Helen,413.65,16.1,0.0,-3.9,1007.9,3.6,5,6,4,107,51394.9,2009.0,Mixed
2016-04-16 06:00:00,Fox_lodging_Helen,376.73,15.0,2.0,-2.8,1008.9,2.1,6,6,4,107,51394.9,2009.0,Mixed
2016-04-16 07:00:00,Fox_lodging_Helen,362.58,15.6,2.0,-3.9,1009.8,1.5,7,6,4,107,51394.9,2009.0,Mixed
2016-04-16 08:00:00,Fox_lodging_Helen,363.48,17.2,2.0,-4.4,1010.1,2.6,8,6,4,107,51394.9,2009.0,Mixed
2016-04-16 09:00:00,Fox_lodging_Helen,377.2,18.3,2.0,-3.9,1010.4,2.6,9,6,4,107,51394.9,2009.0,Mixed
2016-04-16 10:00:00,Fox_lodging_Helen,391.12,20.0,2.0,-3.9,1010.5,2.6,10,6,4,107,51394.9,2009.0,Mixed
2016-04-16 11:00:00,Fox_lodging_Helen,369.33,21.7,2.0,-5.0,1010.3,3.6,11,6,4,107,51394.9,2009.0,Mixed
2016-04-16 12:00:00,Fox_lodging_Helen,396.08,22.8,2.0,-4.4,1010.0,3.6,12,6,4,107,51394.9,2009.0,Mixed
2016-04-16 13:00:00,Fox_lodging_Helen,423.13,23.9,2.0,-5.0,1009.4,3.1,13,6,4,107,51394.9,2009.0,Mixed
2016-04-16 14:00:00,Fox_lodging_Helen,434.53,25.6,2.0,-5.6,1009.0,3.6,14,6,4,107,51394.9,2009.0,Mixed
2016-04-16 15:00:00,Fox_lodging_Helen,457.35,25.6,2.0,-5.0,1008.55,3.6,15,6,4,107,51394.9,2009.0,Mixed
2016-04-16 16:00:00,Fox_lodging_Helen,464.95,26.7,2.0,-4.4,1008.1,5.1,16,6,4,107,51394.9,2009.0,Mixed
2016-04-16 17:00:00,Fox_lodging_Helen,506.95,26.1,2.0,-5.0,1008.1,4.1,17,6,4,107,51394.9,2009.0,Mixed
2016-04-16 18:00:00,Fox_lodging_Helen,527.53,26.1,2.4,-5.0,1008.3,4.6,18,6,4,107,51394.9,2009.0,Mixed
2016-04-16 19:00:00,Fox_lodging_Helen,517.33,26.1,2.8,-5.6,1008.7,1.5,19,6,4,107,51394.9,2009.0,Mixed
2016-04-16 20:00:00,Fox_lodging_Helen,527.27,25.0,3.2,-4.4,1009.6,4.6,20,6,4,107,51394.9,2009.0,Mixed
2016-04-16 21:00:00,Fox_lodging_Helen,533.08,23.9,3.2,-3.3,1010.4,4.1,21,6,4,107,51394.9,2009.0,Mixed
2016-04-16 22:00:00,Fox_lodging_Helen,524.92,23.3,4.0,-4.4,1010.7,3.6,22,6,4,107,51394.9,2009.0,Mixed
2016-04-16 23:00:00,Fox_lodging_Helen,477.92,22.2,2.0,-2.2,1010.8,3.6,23,6,4,107,51394.9,2009.0,Mixed
2016-04-17 00:00:00,Fox_lodging_Helen,486.23,20.6,2.0,-1.7,1011.1,3.1,0,7,4,108,51394.9,2009.0,Mixed
2016-04-17 01:00:00,Fox_lodging_Helen,440.2,20.0,4.0,-2.2,1011.4,3.6,1,7,4,108,51394.9,2009.0,Mixed
2016-04-17 02:00:00,Fox_lodging_Helen,442.23,20.0,4.0,-1.1,1011.7,1.5,2,7,4,108,51394.9,2009.0,Mixed
2016-04-17 03:00:00,Fox_lodging_Helen,418.18,20.0,4.0,-1.1,1011.7,4.6,3,7,4,108,51394.9,2009.0,Mixed
2016-04-17 04:00:00,Fox_lodging_Helen,405.25,18.3,4.0,-0.6,1011.9,3.6,4,7,4,108,51394.9,2009.0,Mixed
2016-04-17 05:00:00,Fox_lodging_Helen,391.92,18.3,2.0,-1.1,1012.2,2.6,5,7,4,108,51394.9,2009.0,Mixed
2016-04-17 06:00:00,Fox_lodging_Helen,351.75,17.2,4.0,-1.1,1012.9,2.6,6,7,4,108,51394.9,2009.0,Mixed
2016-04-17 07:00:00,Fox_lodging_Helen,343.55,17.8,4.0,-0.6,1013.8,0.0,7,7,4,108,51394.9,2009.0,Mixed
2016-04-17 08:00:00,Fox_lodging_Helen,374.27,20.0,2.0,-1.1,1014.4,0.0,8,7,4,108,51394.9,2009.0,Mixed
2016-04-17 09:00:00,Fox_lodging_Helen,374.38,21.7,2.0,-2.8,1014.5,5.1,9,7,4,108,51394.9,2009.0,Mixed
2016-04-17 10:00:00,Fox_lodging_Helen,373.59,22.2,2.0,-3.3,1014.3,5.1,10,7,4,108,51394.9,2009.0,Mixed
2016-04-17 11:00:00,Fox_lodging_Helen,398.13,23.9,0.0,-3.3,1014.1,3.1,11,7,4,108,51394.9,2009.0,Mixed
2016-04-17 12:00:00,Fox_lodging_Helen,411.52,25.0,0.0,-2.8,1013.6,2.6,12,7,4,108,51394.9,2009.0,Mixed
2016-04-17 13:00:00,Fox_lodging_Helen,440.43,25.6,2.0,-3.9,1012.7,4.6,13,7,4,108,51394.9,2009.0,Mixed
2016-04-17 14:00:00,Fox_lodging_Helen,443.58,26.1,2.0,-4.4,1012.2,4.1,14,7,4,108,51394.9,2009.0,Mixed
2016-04-17 15:00:00,Fox_lodging_Helen,453.08,25.6,2.0,-5.0,1011.7,1.5,15,7,4,108,51394.9,2009.0,Mixed
2016-04-17 16:00:00,Fox_lodging_Helen,487.52,26.7,2.0,-5.0,1011.1,0.0,16,7,4,108,51394.9,2009.0,Mixed
2016-04-17 17:00:00,Fox_lodging_Helen,513.15,27.2,2.0,-4.4,1011.2,3.1,17,7,4,108,51394.9,2009.0,Mixed
2016-04-17 18:00:00,Fox_lodging_Helen,559.5,26.7,2.0,-4.4,1011.3,2.6,18,7,4,108,51394.9,2009.0,Mixed
2016-04-17 19:00:00,Fox_lodging_Helen,554.25,26.1,2.0,-3.9,1011.8,3.6,19,7,4,108,51394.9,2009.0,Mixed
2016-04-17 20:00:00,Fox_lodging_Helen,591.35,25.6,2.0,-3.3,1012.5,2.6,20,7,4,108,51394.9,2009.0,Mixed
2016-04-17 21:00:00,Fox_lodging_Helen,599.38,25.0,2.0,-2.8,1013.4,5.1,21,7,4,108,51394.9,2009.0,Mixed
2016-04-17 22:00:00,Fox_lodging_Helen,587.13,22.8,0.0,-2.2,1014.4,4.6,22,7,4,108,51394.9,2009.0,Mixed
2016-04-17 23:00:00,Fox_lodging_Helen,545.58,22.8,0.0,-3.3,1014.6,5.1,23,7,4,108,51394.9,2009.0,Mixed
2016-04-18 00:00:00,Fox_lodging_Helen,498.98,20.6,0.0,-2.8,1015.0,3.6,0,1,4,109,51394.9,2009.0,Mixed
2016-04-18 01:00:00,Fox_lodging_Helen,462.03,20.0,0.0,-2.8,1015.4,1.5,1,1,4,109,51394.9,2009.0,Mixed
2016-04-18 02:00:00,Fox_lodging_Helen,457.02,19.4,0.0,-2.8,1015.3,1.5,2,1,4,109,51394.9,2009.0,Mixed
2016-04-18 03:00:00,Fox_lodging_Helen,426.75,20.0,0.0,-3.3,1015.4,0.0,3,1,4,109,51394.9,2009.0,Mixed
2016-04-18 04:00:00,Fox_lodging_Helen,401.92,17.8,2.0,-1.7,1015.6,1.5,4,1,4,109,51394.9,2009.0,Mixed
2016-04-18 05:00:00,Fox_lodging_Helen,386.75,17.2,2.0,-1.7,1015.7,0.0,5,1,4,109,51394.9,2009.0,Mixed
2016-04-18 06:00:00,Fox_lodging_Helen,372.4,16.7,0.0,-1.1,1015.9,2.1,6,1,4,109,51394.9,2009.0,Mixed
2016-04-18 07:00:00,Fox_lodging_Helen,369.03,17.8,0.0,-2.2,1016.5,2.6,7,1,4,109,51394.9,2009.0,Mixed
2016-04-18 08:00:00,Fox_lodging_Helen,388.0,20.0,0.0,-1.7,1016.9,3.1,8,1,4,109,51394.9,2009.0,Mixed
2016-04-18 09:00:00,Fox_lodging_Helen,434.35,22.2,0.0,-2.2,1017.0,3.1,9,1,4,109,51394.9,2009.0,Mixed
2016-04-18 10:00:00,Fox_lodging_Helen,427.38,23.9,0.0,-2.8,1017.0,2.6,10,1,4,109,51394.9,2009.0,Mixed
2016-04-18 11:00:00,Fox_lodging_Helen,413.77,24.4,0.0,-2.8,1016.8,2.1,11,1,4,109,51394.9,2009.0,Mixed
2016-04-18 12:00:00,Fox_lodging_Helen,436.48,26.1,2.0,-3.9,1016.1,0.0,12,1,4,109,51394.9,2009.0,Mixed
2016-04-18 13:00:00,Fox_lodging_Helen,408.1,27.2,2.0,-6.1,1015.5,6.2,13,1,4,109,51394.9,2009.0,Mixed
2016-04-18 14:00:00,Fox_lodging_Helen,410.47,28.3,2.0,-5.0,1014.7,6.2,14,1,4,109,51394.9,2009.0,Mixed
2016-04-18 15:00:00,Fox_lodging_Helen,450.82,29.4,2.0,-7.2,1013.7,6.2,15,1,4,109,51394.9,2009.0,Mixed
2016-04-18 16:00:00,Fox_lodging_Helen,506.83,28.9,2.0,-5.6,1013.1,3.1,16,1,4,109,51394.9,2009.0,Mixed
2016-04-18 17:00:00,Fox_lodging_Helen,512.3,29.4,0.0,-6.1,1012.7,1.5,17,1,4,109,51394.9,2009.0,Mixed
2016-04-18 18:00:00,Fox_lodging_Helen,563.02,28.9,0.0,-7.2,1012.3,1.5,18,1,4,109,51394.9,2009.0,Mixed
2016-04-18 19:00:00,Fox_lodging_Helen,536.22,28.3,0.0,-6.7,1012.0,3.1,19,1,4,109,51394.9,2009.0,Mixed
2016-04-18 20:00:00,Fox_lodging_Helen,580.3,26.7,0.0,-6.7,1012.2,2.1,20,1,4,109,51394.9,2009.0,Mixed
2016-04-18 21:00:00,Fox_lodging_Helen,559.4,25.6,0.0,-6.7,1012.8,2.6,21,1,4,109,51394.9,2009.0,Mixed
2016-04-18 22:00:00,Fox_lodging_Helen,570.13,25.0,0.0,-6.7,1013.0,3.1,22,1,4,109,51394.9,2009.0,Mixed
2016-04-18 23:00:00,Fox_lodging_Helen,544.98,24.4,0.0,-6.1,1013.1,3.1,23,1,4,109,51394.9,2009.0,Mixed
2016-04-19 00:00:00,Fox_lodging_Helen,518.1,22.8,0.0,-5.0,1013.1,3.6,0,2,4,110,51394.9,2009.0,Mixed
2016-04-19 01:00:00,Fox_lodging_Helen,483.62,21.1,0.0,-3.9,1013.6,5.1,1,2,4,110,51394.9,2009.0,Mixed
2016-04-19 02:00:00,Fox_lodging_Helen,441.23,20.0,0.0,-3.9,1013.0,4.1,2,2,4,110,51394.9,2009.0,Mixed
2016-04-19 03:00:00,Fox_lodging_Helen,416.7,18.9,0.0,-2.8,1013.1,1.5,3,2,4,110,51394.9,2009.0,Mixed
2016-04-19 04:00:00,Fox_lodging_Helen,404.65,18.9,0.0,-3.3,1013.5,3.1,4,2,4,110,51394.9,2009.0,Mixed
2016-04-19 05:00:00,Fox_lodging_Helen,398.1,19.4,0.0,-3.9,1013.6,2.1,5,2,4,110,51394.9,2009.0,Mixed
2016-04-19 06:00:00,Fox_lodging_Helen,377.6,18.3,2.0,-3.9,1013.9,2.1,6,2,4,110,51394.9,2009.0,Mixed
2016-04-19 07:00:00,Fox_lodging_Helen,379.78,18.9,2.0,-2.2,1014.3,2.1,7,2,4,110,51394.9,2009.0,Mixed
2016-04-19 08:00:00,Fox_lodging_Helen,420.02,21.1,2.0,-3.9,1014.7,4.1,8,2,4,110,51394.9,2009.0,Mixed
2016-04-19 09:00:00,Fox_lodging_Helen,430.38,23.9,2.0,-5.0,1014.5,4.1,9,2,4,110,51394.9,2009.0,Mixed
2016-04-19 10:00:00,Fox_lodging_Helen,412.4,25.6,2.0,-3.9,1014.4,4.6,10,2,4,110,51394.9,2009.0,Mixed
2016-04-19 11:00:00,Fox_lodging_Helen,428.25,26.7,2.0,-5.0,1014.3,0.0,11,2,4,110,51394.9,2009.0,Mixed
2016-04-19 12:00:00,Fox_lodging_Helen,414.45,28.9,2.0,-5.0,1013.5,2.1,12,2,4,110,51394.9,2009.0,Mixed
2016-04-19 13:00:00,Fox_lodging_Helen,437.25,30.0,4.0,-6.1,1012.6,2.1,13,2,4,110,51394.9,2009.0,Mixed
2016-04-19 14:00:00,Fox_lodging_Helen,432.65,31.1,4.0,-7.8,1011.8,4.6,14,2,4,110,51394.9,2009.0,Mixed
2016-04-19 15:00:00,Fox_lodging_Helen,471.98,31.1,4.0,-8.3,1011.1,3.6,15,2,4,110,51394.9,2009.0,Mixed
2016-04-19 16:00:00,Fox_lodging_Helen,518.48,32.2,5.0,-7.2,1010.4,5.7,16,2,4,110,51394.9,2009.0,Mixed
2016-04-19 17:00:00,Fox_lodging_Helen,548.98,31.1,6.0,-7.2,1009.8,4.6,17,2,4,110,51394.9,2009.0,Mixed
2016-04-19 18:00:00,Fox_lodging_Helen,543.72,31.1,5.333333333333333,-7.2,1009.4,4.6,18,2,4,110,51394.9,2009.0,Mixed
2016-04-19 19:00:00,Fox_lodging_Helen,565.52,30.0,4.666666666666667,-6.7,1009.2,3.1,19,2,4,110,51394.9,2009.0,Mixed
2016-04-19 20:00:00,Fox_lodging_Helen,575.03,28.3,4.0,-5.6,1009.3,2.1,20,2,4,110,51394.9,2009.0,Mixed
2016-04-19 21:00:00,Fox_lodging_Helen,585.28,27.8,4.0,-6.1,1009.8,0.0,21,2,4,110,51394.9,2009.0,Mixed
2016-04-19 22:00:00,Fox_lodging_Helen,589.67,26.1,4.0,-4.4,1010.3,1.5,22,2,4,110,51394.9,2009.0,Mixed
2016-04-19 23:00:00,Fox_lodging_Helen,561.97,26.1,4.0,-2.2,1010.2,1.5,23,2,4,110,51394.9,2009.0,Mixed
2016-04-20 00:00:00,Fox_lodging_Helen,550.15,23.3,4.0,-2.2,1010.0,1.5,0,3,4,111,51394.9,2009.0,Mixed
2016-04-20 01:00:00,Fox_lodging_Helen,521.13,22.2,2.0,0.0,1010.0,2.6,1,3,4,111,51394.9,2009.0,Mixed
2016-04-20 02:00:00,Fox_lodging_Helen,479.63,20.0,2.0,1.1,1009.8,2.1,2,3,4,111,51394.9,2009.0,Mixed
2016-04-20 03:00:00,Fox_lodging_Helen,465.85,20.0,2.0,0.0,1009.8,4.1,3,3,4,111,51394.9,2009.0,Mixed
2016-04-20 04:00:00,Fox_lodging_Helen,420.58,18.9,2.0,1.1,1009.8,3.6,4,3,4,111,51394.9,2009.0,Mixed
2016-04-20 05:00:00,Fox_lodging_Helen,407.15,18.3,2.0,-0.6,1010.1,2.6,5,3,4,111,51394.9,2009.0,Mixed
2016-04-20 06:00:00,Fox_lodging_Helen,394.72,17.8,4.0,-1.7,1010.4,3.6,6,3,4,111,51394.9,2009.0,Mixed
2016-04-20 07:00:00,Fox_lodging_Helen,394.4,18.9,2.0,-1.7,1011.3,3.1,7,3,4,111,51394.9,2009.0,Mixed
2016-04-20 08:00:00,Fox_lodging_Helen,405.68,21.7,2.0,-2.2,1012.0,4.1,8,3,4,111,51394.9,2009.0,Mixed
2016-04-20 09:00:00,Fox_lodging_Helen,420.65,25.6,2.0,-4.4,1012.1,3.1,9,3,4,111,51394.9,2009.0,Mixed
2016-04-20 10:00:00,Fox_lodging_Helen,447.43,27.2,2.0,-3.9,1012.3,3.6,10,3,4,111,51394.9,2009.0,Mixed
2016-04-20 11:00:00,Fox_lodging_Helen,445.25,28.9,4.0,-2.2,1012.1,2.6,11,3,4,111,51394.9,2009.0,Mixed
2016-04-20 12:00:00,Fox_lodging_Helen,425.65,30.6,2.0,-3.9,1011.5,0.0,12,3,4,111,51394.9,2009.0,Mixed
2016-04-20 13:00:00,Fox_lodging_Helen,437.52,31.7,2.0,-6.7,1010.6,3.1,13,3,4,111,51394.9,2009.0,Mixed
2016-04-20 14:00:00,Fox_lodging_Helen,461.47,33.3,2.0,-7.2,1010.1,3.6,14,3,4,111,51394.9,2009.0,Mixed
2016-04-20 15:00:00,Fox_lodging_Helen,472.1,32.8,2.0,-7.8,1009.3,2.6,15,3,4,111,51394.9,2009.0,Mixed
2016-04-20 16:00:00,Fox_lodging_Helen,515.17,33.3,2.0,-6.7,1008.4,2.6,16,3,4,111,51394.9,2009.0,Mixed
2016-04-20 17:00:00,Fox_lodging_Helen,549.62,33.9,2.0,-10.0,1008.0,4.1,17,3,4,111,51394.9,2009.0,Mixed
2016-04-20 18:00:00,Fox_lodging_Helen,554.4,33.3,2.0,-9.4,1008.0,3.6,18,3,4,111,51394.9,2009.0,Mixed
2016-04-20 19:00:00,Fox_lodging_Helen,546.33,32.2,4.0,-8.3,1007.9,3.1,19,3,4,111,51394.9,2009.0,Mixed
2016-04-20 20:00:00,Fox_lodging_Helen,580.08,30.0,4.0,-5.0,1008.2,1.5,20,3,4,111,51394.9,2009.0,Mixed
2016-04-20 21:00:00,Fox_lodging_Helen,607.48,28.3,2.0,-4.4,1008.5,1.5,21,3,4,111,51394.9,2009.0,Mixed
2016-04-20 22:00:00,Fox_lodging_Helen,618.82,27.2,2.0,-3.3,1008.8,1.5,22,3,4,111,51394.9,2009.0,Mixed
2016-04-20 23:00:00,Fox_lodging_Helen,596.0,25.6,4.0,-0.6,1008.6,3.6,23,3,4,111,51394.9,2009.0,Mixed
2016-04-21 00:00:00,Fox_lodging_Helen,563.17,23.9,2.0,-1.1,1008.7,3.1,0,4,4,112,51394.9,2009.0,Mixed
2016-04-21 01:00:00,Fox_lodging_Helen,508.62,22.8,2.0,-1.1,1008.8,2.6,1,4,4,112,51394.9,2009.0,Mixed
2016-04-21 02:00:00,Fox_lodging_Helen,469.42,22.2,2.0,-1.7,1008.4,2.6,2,4,4,112,51394.9,2009.0,Mixed
2016-04-21 03:00:00,Fox_lodging_Helen,440.27,21.7,2.0,-2.2,1008.4,2.6,3,4,4,112,51394.9,2009.0,Mixed
2016-04-21 04:00:00,Fox_lodging_Helen,431.88,20.6,2.0,-1.7,1008.7,2.1,4,4,4,112,51394.9,2009.0,Mixed
2016-04-21 05:00:00,Fox_lodging_Helen,419.3,18.3,2.0,-0.6,1009.1,2.6,5,4,4,112,51394.9,2009.0,Mixed
2016-04-21 06:00:00,Fox_lodging_Helen,413.87,18.3,4.0,-2.2,1009.4,3.1,6,4,4,112,51394.9,2009.0,Mixed
2016-04-21 07:00:00,Fox_lodging_Helen,405.45,20.6,4.0,-2.2,1010.1,2.6,7,4,4,112,51394.9,2009.0,Mixed
2016-04-21 08:00:00,Fox_lodging_Helen,411.18,22.8,4.5,-2.2,1010.4,4.6,8,4,4,112,51394.9,2009.0,Mixed
2016-04-21 09:00:00,Fox_lodging_Helen,425.9,25.6,5.0,-3.9,1010.4,4.1,9,4,4,112,51394.9,2009.0,Mixed
2016-04-21 10:00:00,Fox_lodging_Helen,424.07,27.8,5.5,-3.9,1010.4,3.1,10,4,4,112,51394.9,2009.0,Mixed
2016-04-21 11:00:00,Fox_lodging_Helen,451.02,29.4,6.0,-3.9,1010.3,0.0,11,4,4,112,51394.9,2009.0,Mixed
2016-04-21 12:00:00,Fox_lodging_Helen,424.22,31.7,6.0,-3.9,1009.7,0.0,12,4,4,112,51394.9,2009.0,Mixed
2016-04-21 13:00:00,Fox_lodging_Helen,443.98,33.3,6.0,-7.2,1008.6,1.5,13,4,4,112,51394.9,2009.0,Mixed
2016-04-21 14:00:00,Fox_lodging_Helen,458.57,35.0,6.0,-7.2,1007.8,2.6,14,4,4,112,51394.9,2009.0,Mixed
2016-04-21 15:00:00,Fox_lodging_Helen,461.77,34.4,6.0,-10.0,1007.0,0.0,15,4,4,112,51394.9,2009.0,Mixed
2016-04-21 16:00:00,Fox_lodging_Helen,499.22,35.6,6.0,-8.9,1006.0,3.1,16,4,4,112,51394.9,2009.0,Mixed
2016-04-21 17:00:00,Fox_lodging_Helen,538.3,35.6,6.0,-8.9,1005.5,1.5,17,4,4,112,51394.9,2009.0,Mixed
2016-04-21 18:00:00,Fox_lodging_Helen,563.97,34.4,6.0,-8.9,1005.3,0.0,18,4,4,112,51394.9,2009.0,Mixed
2016-04-21 19:00:00,Fox_lodging_Helen,555.07,33.9,6.0,-8.9,1005.1,3.6,19,4,4,112,51394.9,2009.0,Mixed
2016-04-21 20:00:00,Fox_lodging_Helen,576.83,33.3,6.0,-8.3,1005.6,3.1,20,4,4,112,51394.9,2009.0,Mixed
2016-04-21 21:00:00,Fox_lodging_Helen,623.48,28.3,6.0,-3.3,1006.9,3.6,21,4,4,112,51394.9,2009.0,Mixed
2016-04-21 22:00:00,Fox_lodging_Helen,610.32,30.0,6.0,-6.1,1007.3,5.1,22,4,4,112,51394.9,2009.0,Mixed
2016-04-21 23:00:00,Fox_lodging_Helen,579.22,28.9,6.0,-6.1,1007.2,3.6,23,4,4,112,51394.9,2009.0,Mixed
2016-04-22 00:00:00,Fox_lodging_Helen,561.78,27.8,6.0,-5.0,1007.0,2.6,0,5,4,113,51394.9,2009.0,Mixed
2016-04-22 01:00:00,Fox_lodging_Helen,521.48,24.4,6.0,-2.8,1007.2,0.0,1,5,4,113,51394.9,2009.0,Mixed
2016-04-22 02:00:00,Fox_lodging_Helen,506.82,25.0,6.0,-3.3,1007.1,0.0,2,5,4,113,51394.9,2009.0,Mixed
2016-04-22 03:00:00,Fox_lodging_Helen,479.05,22.2,6.0,1.1,1007.3,1.5,3,5,4,113,51394.9,2009.0,Mixed
2016-04-22 04:00:00,Fox_lodging_Helen,462.15,22.8,6.0,-1.1,1007.5,2.1,4,5,4,113,51394.9,2009.0,Mixed
2016-04-22 05:00:00,Fox_lodging_Helen,450.55,22.2,6.0,-1.1,1007.9,3.6,5,5,4,113,51394.9,2009.0,Mixed
2016-04-22 06:00:00,Fox_lodging_Helen,436.17,21.1,4.0,0.6,1008.8,4.6,6,5,4,113,51394.9,2009.0,Mixed
2016-04-22 07:00:00,Fox_lodging_Helen,423.85,21.7,4.0,-0.6,1010.1,1.5,7,5,4,113,51394.9,2009.0,Mixed
2016-04-22 08:00:00,Fox_lodging_Helen,418.03,23.3,4.0,-1.7,1010.4,3.1,8,5,4,113,51394.9,2009.0,Mixed
2016-04-22 09:00:00,Fox_lodging_Helen,441.02,26.1,4.0,-1.7,1010.6,3.1,9,5,4,113,51394.9,2009.0,Mixed
2016-04-22 10:00:00,Fox_lodging_Helen,486.82,28.3,4.0,-3.3,1010.8,2.6,10,5,4,113,51394.9,2009.0,Mixed
2016-04-22 11:00:00,Fox_lodging_Helen,452.85,29.4,4.0,-3.9,1010.9,0.0,11,5,4,113,51394.9,2009.0,Mixed
2016-04-22 12:00:00,Fox_lodging_Helen,452.97,31.1,4.0,-4.4,1010.4,2.6,12,5,4,113,51394.9,2009.0,Mixed
2016-04-22 13:00:00,Fox_lodging_Helen,469.58,33.3,4.0,-3.3,1009.3,3.1,13,5,4,113,51394.9,2009.0,Mixed
2016-04-22 14:00:00,Fox_lodging_Helen,490.87,35.6,4.0,-3.9,1008.4,5.7,14,5,4,113,51394.9,2009.0,Mixed
2016-04-22 15:00:00,Fox_lodging_Helen,495.3,34.4,4.0,-4.4,1007.6,2.1,15,5,4,113,51394.9,2009.0,Mixed
2016-04-22 16:00:00,Fox_lodging_Helen,513.45,35.0,4.0,-5.0,1006.6,2.6,16,5,4,113,51394.9,2009.0,Mixed
2016-04-22 17:00:00,Fox_lodging_Helen,543.55,35.0,6.0,-6.1,1005.9,1.5,17,5,4,113,51394.9,2009.0,Mixed
2016-04-22 18:00:00,Fox_lodging_Helen,561.38,35.0,5.0,-6.1,1005.7,4.6,18,5,4,113,51394.9,2009.0,Mixed
2016-04-22 19:00:00,Fox_lodging_Helen,555.28,32.8,4.0,-4.4,1005.6,8.8,19,5,4,113,51394.9,2009.0,Mixed
2016-04-22 20:00:00,Fox_lodging_Helen,541.1,31.1,4.0,-2.8,1006.3,6.7,20,5,4,113,51394.9,2009.0,Mixed
2016-04-22 21:00:00,Fox_lodging_Helen,565.85,30.0,4.0,-1.1,1007.2,5.1,21,5,4,113,51394.9,2009.0,Mixed
2016-04-22 22:00:00,Fox_lodging_Helen,555.15,28.9,5.0,1.1,1007.9,6.2,22,5,4,113,51394.9,2009.0,Mixed
2016-04-22 23:00:00,Fox_lodging_Helen,517.7,28.3,6.0,1.7,1008.2,6.2,23,5,4,113,51394.9,2009.0,Mixed
2016-04-23 00:00:00,Fox_lodging_Helen,510.08,27.2,6.0,2.2,1008.8,3.1,0,6,4,114,51394.9,2009.0,Mixed
2016-04-23 01:00:00,Fox_lodging_Helen,515.18,27.2,6.0,1.7,1008.6,4.6,1,6,4,114,51394.9,2009.0,Mixed
2016-04-23 02:00:00,Fox_lodging_Helen,483.33,25.0,6.0,3.3,1008.7,2.1,2,6,4,114,51394.9,2009.0,Mixed
2016-04-23 03:00:00,Fox_lodging_Helen,459.82,23.9,6.0,3.3,1008.9,1.5,3,6,4,114,51394.9,2009.0,Mixed
2016-04-23 04:00:00,Fox_lodging_Helen,447.87,23.9,6.0,3.3,1009.0,2.1,4,6,4,114,51394.9,2009.0,Mixed
2016-04-23 05:00:00,Fox_lodging_Helen,445.02,22.8,6.0,3.9,1009.4,1.5,5,6,4,114,51394.9,2009.0,Mixed
2016-04-23 06:00:00,Fox_lodging_Helen,435.8,21.1,5.333333333333333,5.0,1009.6,2.1,6,6,4,114,51394.9,2009.0,Mixed
2016-04-23 07:00:00,Fox_lodging_Helen,436.93,21.7,4.666666666666667,5.6,1010.1,0.0,7,6,4,114,51394.9,2009.0,Mixed
2016-04-23 08:00:00,Fox_lodging_Helen,425.38,24.4,4.0,4.4,1010.2,0.0,8,6,4,114,51394.9,2009.0,Mixed
2016-04-23 09:00:00,Fox_lodging_Helen,433.82,25.6,4.0,4.4,1010.2,2.6,9,6,4,114,51394.9,2009.0,Mixed
2016-04-23 10:00:00,Fox_lodging_Helen,427.08,27.2,4.0,5.0,1009.8,1.5,10,6,4,114,51394.9,2009.0,Mixed
2016-04-23 11:00:00,Fox_lodging_Helen,424.52,28.9,4.0,4.4,1009.9,5.1,11,6,4,114,51394.9,2009.0,Mixed
2016-04-23 12:00:00,Fox_lodging_Helen,440.43,28.3,4.0,6.1,1009.8,8.8,12,6,4,114,51394.9,2009.0,Mixed
2016-04-23 13:00:00,Fox_lodging_Helen,454.93,29.4,4.0,6.1,1008.8,8.2,13,6,4,114,51394.9,2009.0,Mixed
2016-04-23 14:00:00,Fox_lodging_Helen,475.13,31.1,4.0,6.7,1008.1,8.8,14,6,4,114,51394.9,2009.0,Mixed
2016-04-23 15:00:00,Fox_lodging_Helen,526.83,30.6,2.0,3.9,1007.6,7.7,15,6,4,114,51394.9,2009.0,Mixed
2016-04-23 16:00:00,Fox_lodging_Helen,525.48,30.0,4.0,-1.7,1007.0,8.8,16,6,4,114,51394.9,2009.0,Mixed
2016-04-23 17:00:00,Fox_lodging_Helen,546.25,30.0,2.0,-2.8,1006.7,7.7,17,6,4,114,51394.9,2009.0,Mixed
2016-04-23 18:00:00,Fox_lodging_Helen,552.37,29.4,2.0,-2.8,1006.3,5.7,18,6,4,114,51394.9,2009.0,Mixed
2016-04-23 19:00:00,Fox_lodging_Helen,556.52,28.3,2.0,-5.6,1006.6,6.7,19,6,4,114,51394.9,2009.0,Mixed
2016-04-23 20:00:00,Fox_lodging_Helen,563.02,26.7,2.0,-6.1,1007.1,3.6,20,6,4,114,51394.9,2009.0,Mixed
2016-04-23 21:00:00,Fox_lodging_Helen,585.88,24.4,0.0,-5.6,1007.7,4.1,21,6,4,114,51394.9,2009.0,Mixed
2016-04-23 22:00:00,Fox_lodging_Helen,560.28,23.3,0.0,-5.6,1008.3,4.1,22,6,4,114,51394.9,2009.0,Mixed
2016-04-23 23:00:00,Fox_lodging_Helen,520.62,22.2,0.0,-5.6,1008.3,3.1,23,6,4,114,51394.9,2009.0,Mixed
2016-04-24 00:00:00,Fox_lodging_Helen,508.68,21.1,0.0,-4.4,1008.4,2.6,0,7,4,115,51394.9,2009.0,Mixed
2016-04-24 01:00:00,Fox_lodging_Helen,488.43,22.2,0.0,-6.1,1008.3,3.1,1,7,4,115,51394.9,2009.0,Mixed
2016-04-24 02:00:00,Fox_lodging_Helen,465.65,20.0,0.0,-4.4,1008.2,1.5,2,7,4,115,51394.9,2009.0,Mixed
2016-04-24 03:00:00,Fox_lodging_Helen,441.48,18.3,0.0,-3.9,1008.3,2.1,3,7,4,115,51394.9,2009.0,Mixed
2016-04-24 04:00:00,Fox_lodging_Helen,420.07,18.9,0.0,-5.0,1008.3,3.6,4,7,4,115,51394.9,2009.0,Mixed
2016-04-24 05:00:00,Fox_lodging_Helen,416.6,18.9,0.0,-5.6,1008.7,1.5,5,7,4,115,51394.9,2009.0,Mixed
2016-04-24 06:00:00,Fox_lodging_Helen,386.05,16.7,2.0,-3.9,1009.1,1.5,6,7,4,115,51394.9,2009.0,Mixed
2016-04-24 07:00:00,Fox_lodging_Helen,376.68,17.2,0.0,-1.7,1009.9,2.6,7,7,4,115,51394.9,2009.0,Mixed
2016-04-24 08:00:00,Fox_lodging_Helen,383.95,19.4,0.0,-2.2,1009.9,3.1,8,7,4,115,51394.9,2009.0,Mixed
2016-04-24 09:00:00,Fox_lodging_Helen,418.3,21.7,0.0,-3.9,1010.0,0.0,9,7,4,115,51394.9,2009.0,Mixed
2016-04-24 10:00:00,Fox_lodging_Helen,416.35,23.9,0.0,-6.7,1010.0,1.5,10,7,4,115,51394.9,2009.0,Mixed
2016-04-24 11:00:00,Fox_lodging_Helen,414.6,25.6,2.0,-6.7,1009.9,2.1,11,7,4,115,51394.9,2009.0,Mixed
2016-04-24 12:00:00,Fox_lodging_Helen,416.97,27.2,2.0,-6.7,1009.4,2.1,12,7,4,115,51394.9,2009.0,Mixed
2016-04-24 13:00:00,Fox_lodging_Helen,453.72,28.9,0.0,-7.8,1008.6,2.1,13,7,4,115,51394.9,2009.0,Mixed
2016-04-24 14:00:00,Fox_lodging_Helen,443.45,28.9,0.0,-8.3,1007.8,4.6,14,7,4,115,51394.9,2009.0,Mixed
2016-04-24 15:00:00,Fox_lodging_Helen,478.02,30.0,0.0,-9.4,1006.7,5.7,15,7,4,115,51394.9,2009.0,Mixed
2016-04-24 16:00:00,Fox_lodging_Helen,501.2,30.6,0.0,-9.4,1005.7,4.6,16,7,4,115,51394.9,2009.0,Mixed
2016-04-24 17:00:00,Fox_lodging_Helen,548.33,30.0,2.0,-10.6,1005.2,3.1,17,7,4,115,51394.9,2009.0,Mixed
2016-04-24 18:00:00,Fox_lodging_Helen,582.48,30.0,2.0,-8.3,1004.7,5.1,18,7,4,115,51394.9,2009.0,Mixed
2016-04-24 19:00:00,Fox_lodging_Helen,594.43,29.4,4.0,-7.8,1004.2,3.1,19,7,4,115,51394.9,2009.0,Mixed
2016-04-24 20:00:00,Fox_lodging_Helen,610.55,27.8,4.0,-6.7,1004.3,2.1,20,7,4,115,51394.9,2009.0,Mixed
2016-04-24 21:00:00,Fox_lodging_Helen,647.62,27.2,4.0,-2.2,1004.5,5.1,21,7,4,115,51394.9,2009.0,Mixed
2016-04-24 22:00:00,Fox_lodging_Helen,650.23,26.7,4.0,-2.2,1004.9,4.6,22,7,4,115,51394.9,2009.0,Mixed
2016-04-24 23:00:00,Fox_lodging_Helen,609.6,26.1,4.0,-3.3,1005.1,3.6,23,7,4,115,51394.9,2009.0,Mixed
2016-04-25 00:00:00,Fox_lodging_Helen,580.52,25.6,4.0,-3.3,1005.1,1.5,0,1,4,116,51394.9,2009.0,Mixed
2016-04-25 01:00:00,Fox_lodging_Helen,554.7,23.9,2.0,-1.7,1005.2,3.1,1,1,4,116,51394.9,2009.0,Mixed
2016-04-25 02:00:00,Fox_lodging_Helen,511.17,23.3,3.0,0.6,1004.8,2.6,2,1,4,116,51394.9,2009.0,Mixed
2016-04-25 03:00:00,Fox_lodging_Helen,361.78,22.8,4.0,2.2,1004.6,2.1,3,1,4,116,51394.9,2009.0,Mixed
2016-04-25 04:00:00,Fox_lodging_Helen,478.43,22.8,5.0,3.3,1004.6,3.1,4,1,4,116,51394.9,2009.0,Mixed
2016-04-25 05:00:00,Fox_lodging_Helen,477.17,22.2,6.0,4.4,1004.6,1.5,5,1,4,116,51394.9,2009.0,Mixed
2016-04-25 06:00:00,Fox_lodging_Helen,474.63,21.7,5.5,4.4,1004.9,3.1,6,1,4,116,51394.9,2009.0,Mixed
2016-04-25 07:00:00,Fox_lodging_Helen,462.17,21.7,5.0,1.7,1005.7,3.1,7,1,4,116,51394.9,2009.0,Mixed
2016-04-25 08:00:00,Fox_lodging_Helen,461.37,21.7,4.5,0.0,1006.4,7.2,8,1,4,116,51394.9,2009.0,Mixed
2016-04-25 09:00:00,Fox_lodging_Helen,473.52,23.3,4.0,-1.7,1006.1,8.8,9,1,4,116,51394.9,2009.0,Mixed
2016-04-25 10:00:00,Fox_lodging_Helen,485.92,23.9,2.0,-0.6,1006.4,8.8,10,1,4,116,51394.9,2009.0,Mixed
2016-04-25 11:00:00,Fox_lodging_Helen,495.37,24.4,2.0,-7.2,1006.4,7.7,11,1,4,116,51394.9,2009.0,Mixed
2016-04-25 12:00:00,Fox_lodging_Helen,466.28,25.0,2.0,-7.2,1005.6,10.8,12,1,4,116,51394.9,2009.0,Mixed
2016-04-25 13:00:00,Fox_lodging_Helen,486.02,25.6,2.0,-9.4,1004.6,12.9,13,1,4,116,51394.9,2009.0,Mixed
2016-04-25 14:00:00,Fox_lodging_Helen,481.15,26.7,2.0,-16.7,1003.9,12.9,14,1,4,116,51394.9,2009.0,Mixed
2016-04-25 15:00:00,Fox_lodging_Helen,499.87,26.7,2.0,-15.0,1003.7,10.3,15,1,4,116,51394.9,2009.0,Mixed
2016-04-25 16:00:00,Fox_lodging_Helen,526.63,26.1,2.0,-16.7,1003.1,9.3,16,1,4,116,51394.9,2009.0,Mixed
2016-04-25 17:00:00,Fox_lodging_Helen,535.98,25.0,2.0,-14.4,1003.5,11.3,17,1,4,116,51394.9,2009.0,Mixed
2016-04-25 18:00:00,Fox_lodging_Helen,557.85,24.4,2.0,-12.2,1003.7,8.8,18,1,4,116,51394.9,2009.0,Mixed
2016-04-25 19:00:00,Fox_lodging_Helen,554.43,23.3,2.0,-12.2,1003.8,7.2,19,1,4,116,51394.9,2009.0,Mixed
2016-04-25 20:00:00,Fox_lodging_Helen,567.23,22.8,2.0,-10.0,1004.2,6.7,20,1,4,116,51394.9,2009.0,Mixed
2016-04-25 21:00:00,Fox_lodging_Helen,590.8,21.7,0.0,-8.9,1004.4,4.6,21,1,4,116,51394.9,2009.0,Mixed
2016-04-25 22:00:00,Fox_lodging_Helen,576.93,20.6,0.0,-8.9,1004.8,4.6,22,1,4,116,51394.9,2009.0,Mixed
2016-04-25 23:00:00,Fox_lodging_Helen,578.97,20.0,6.0,-10.0,1004.9,7.7,23,1,4,116,51394.9,2009.0,Mixed
2016-04-26 00:00:00,Fox_lodging_Helen,546.18,19.4,5.0,-6.7,1005.2,7.7,0,2,4,117,51394.9,2009.0,Mixed
2016-04-26 01:00:00,Fox_lodging_Helen,503.53,18.3,4.0,-1.7,1005.4,6.7,1,2,4,117,51394.9,2009.0,Mixed
2016-04-26 02:00:00,Fox_lodging_Helen,464.75,16.7,2.0,-1.1,1005.5,5.7,2,2,4,117,51394.9,2009.0,Mixed
2016-04-26 03:00:00,Fox_lodging_Helen,432.88,16.1,2.0,-1.7,1005.9,4.1,3,2,4,117,51394.9,2009.0,Mixed
2016-04-26 04:00:00,Fox_lodging_Helen,409.8,15.6,2.0,-1.7,1006.7,5.1,4,2,4,117,51394.9,2009.0,Mixed
2016-04-26 05:00:00,Fox_lodging_Helen,395.83,15.0,2.0,-0.6,1006.8,3.1,5,2,4,117,51394.9,2009.0,Mixed
2016-04-26 06:00:00,Fox_lodging_Helen,371.12,14.4,2.0,0.0,1007.7,2.6,6,2,4,117,51394.9,2009.0,Mixed
2016-04-26 07:00:00,Fox_lodging_Helen,373.33,15.6,2.0,-0.6,1008.8,3.6,7,2,4,117,51394.9,2009.0,Mixed
2016-04-26 08:00:00,Fox_lodging_Helen,413.73,16.1,0.0,-0.6,1009.7,2.6,8,2,4,117,51394.9,2009.0,Mixed
2016-04-26 09:00:00,Fox_lodging_Helen,407.42,17.8,0.0,-1.7,1010.4,4.1,9,2,4,117,51394.9,2009.0,Mixed
2016-04-26 10:00:00,Fox_lodging_Helen,397.13,18.9,0.0,-2.8,1010.9,3.6,10,2,4,117,51394.9,2009.0,Mixed
2016-04-26 11:00:00,Fox_lodging_Helen,400.17,20.6,2.0,-4.4,1011.1,3.6,11,2,4,117,51394.9,2009.0,Mixed
2016-04-26 12:00:00,Fox_lodging_Helen,393.77,21.1,2.0,-2.8,1010.6,3.1,12,2,4,117,51394.9,2009.0,Mixed
2016-04-26 13:00:00,Fox_lodging_Helen,393.75,22.8,2.0,-2.8,1010.2,2.6,13,2,4,117,51394.9,2009.0,Mixed
2016-04-26 14:00:00,Fox_lodging_Helen,428.23,22.8,2.0,-2.8,1010.2,4.6,14,2,4,117,51394.9,2009.0,Mixed
2016-04-26 15:00:00,Fox_lodging_Helen,465.1,23.3,4.0,-2.8,1009.7,6.2,15,2,4,117,51394.9,2009.0,Mixed
2016-04-26 16:00:00,Fox_lodging_Helen,450.12,24.4,4.0,-3.3,1009.4,4.1,16,2,4,117,51394.9,2009.0,Mixed
2016-04-26 17:00:00,Fox_lodging_Helen,503.97,24.4,6.0,-2.2,1009.2,5.1,17,2,4,117,51394.9,2009.0,Mixed
2016-04-26 18:00:00,Fox_lodging_Helen,514.85,24.4,5.2,-2.8,1009.0,2.6,18,2,4,117,51394.9,2009.0,Mixed
2016-04-26 19:00:00,Fox_lodging_Helen,530.12,23.3,4.4,-2.8,1008.9,3.6,19,2,4,117,51394.9,2009.0,Mixed
2016-04-26 20:00:00,Fox_lodging_Helen,541.48,22.8,3.5999999999999996,-2.2,1009.0,3.1,20,2,4,117,51394.9,2009.0,Mixed
2016-04-26 21:00:00,Fox_lodging_Helen,576.75,22.2,3.5999999999999996,-2.2,1009.4,2.6,21,2,4,117,51394.9,2009.0,Mixed
2016-04-26 22:00:00,Fox_lodging_Helen,578.2,21.1,2.0,-2.2,1009.8,1.5,22,2,4,117,51394.9,2009.0,Mixed
2016-04-26 23:00:00,Fox_lodging_Helen,539.98,21.1,2.0,-2.2,1009.8,1.5,23,2,4,117,51394.9,2009.0,Mixed
2016-04-27 00:00:00,Fox_lodging_Helen,536.82,20.6,2.0,-2.2,1009.6,0.0,0,3,4,118,51394.9,2009.0,Mixed
2016-04-27 01:00:00,Fox_lodging_Helen,458.18,18.9,0.0,0.0,1009.6,3.6,1,3,4,118,51394.9,2009.0,Mixed
2016-04-27 02:00:00,Fox_lodging_Helen,426.07,17.8,2.0,1.1,1009.2,3.1,2,3,4,118,51394.9,2009.0,Mixed
2016-04-27 03:00:00,Fox_lodging_Helen,411.37,17.2,2.0,1.7,1008.8,3.1,3,3,4,118,51394.9,2009.0,Mixed
2016-04-27 04:00:00,Fox_lodging_Helen,386.18,16.7,0.0,0.0,1008.7,3.6,4,3,4,118,51394.9,2009.0,Mixed
2016-04-27 05:00:00,Fox_lodging_Helen,393.35,16.1,2.0,-0.6,1008.4,4.1,5,3,4,118,51394.9,2009.0,Mixed
2016-04-27 06:00:00,Fox_lodging_Helen,393.22,15.6,2.0,-0.6,1008.8,3.6,6,3,4,118,51394.9,2009.0,Mixed
2016-04-27 07:00:00,Fox_lodging_Helen,386.37,16.1,2.0,-0.6,1009.3,3.1,7,3,4,118,51394.9,2009.0,Mixed
2016-04-27 08:00:00,Fox_lodging_Helen,400.38,18.3,4.0,-0.6,1009.3,3.1,8,3,4,118,51394.9,2009.0,Mixed
2016-04-27 09:00:00,Fox_lodging_Helen,396.53,20.6,4.666666666666667,-1.1,1008.9,3.1,9,3,4,118,51394.9,2009.0,Mixed
2016-04-27 10:00:00,Fox_lodging_Helen,420.37,22.8,5.333333333333333,-1.1,1008.9,2.1,10,3,4,118,51394.9,2009.0,Mixed
2016-04-27 11:00:00,Fox_lodging_Helen,435.98,24.4,6.0,-1.1,1008.5,1.5,11,3,4,118,51394.9,2009.0,Mixed
2016-04-27 12:00:00,Fox_lodging_Helen,403.1,24.4,5.333333333333333,-2.2,1007.5,2.6,12,3,4,118,51394.9,2009.0,Mixed
2016-04-27 13:00:00,Fox_lodging_Helen,414.1,26.1,4.666666666666667,-2.2,1006.1,3.6,13,3,4,118,51394.9,2009.0,Mixed
2016-04-27 14:00:00,Fox_lodging_Helen,421.4,27.8,4.0,-2.8,1005.1,6.2,14,3,4,118,51394.9,2009.0,Mixed
2016-04-27 15:00:00,Fox_lodging_Helen,455.57,26.7,4.0,-2.8,1004.1,2.1,15,3,4,118,51394.9,2009.0,Mixed
2016-04-27 16:00:00,Fox_lodging_Helen,478.9,27.2,4.0,-3.3,1003.0,2.6,16,3,4,118,51394.9,2009.0,Mixed
2016-04-27 17:00:00,Fox_lodging_Helen,504.63,27.8,4.0,-3.3,1002.0,1.5,17,3,4,118,51394.9,2009.0,Mixed
2016-04-27 18:00:00,Fox_lodging_Helen,525.92,27.2,2.0,-3.3,1001.4,3.6,18,3,4,118,51394.9,2009.0,Mixed
2016-04-27 19:00:00,Fox_lodging_Helen,535.43,27.2,2.8,-3.9,1001.2,4.6,19,3,4,118,51394.9,2009.0,Mixed
2016-04-27 20:00:00,Fox_lodging_Helen,551.9,26.7,3.6,-2.8,1001.4,4.6,20,3,4,118,51394.9,2009.0,Mixed
2016-04-27 21:00:00,Fox_lodging_Helen,571.7,25.0,4.4,-3.3,1001.6,5.7,21,3,4,118,51394.9,2009.0,Mixed
2016-04-27 22:00:00,Fox_lodging_Helen,571.82,23.9,4.4,-6.7,1001.5,5.7,22,3,4,118,51394.9,2009.0,Mixed
2016-04-27 23:00:00,Fox_lodging_Helen,543.88,23.3,6.0,-7.2,1001.2,3.1,23,3,4,118,51394.9,2009.0,Mixed
2016-04-28 00:00:00,Fox_lodging_Helen,528.37,22.2,2.0,-6.1,1001.2,2.1,0,4,4,119,51394.9,2009.0,Mixed
2016-04-28 01:00:00,Fox_lodging_Helen,480.17,21.1,2.0,-6.1,1001.6,0.0,1,4,4,119,51394.9,2009.0,Mixed
2016-04-28 02:00:00,Fox_lodging_Helen,436.73,20.0,2.0,-4.4,1001.7,1.5,2,4,4,119,51394.9,2009.0,Mixed
2016-04-28 03:00:00,Fox_lodging_Helen,419.25,20.6,2.0,-5.6,1001.9,2.1,3,4,4,119,51394.9,2009.0,Mixed
2016-04-28 04:00:00,Fox_lodging_Helen,398.88,19.4,2.0,-3.3,1001.8,2.1,4,4,4,119,51394.9,2009.0,Mixed
2016-04-28 05:00:00,Fox_lodging_Helen,393.73,19.4,4.0,1.1,1001.9,3.1,5,4,4,119,51394.9,2009.0,Mixed
2016-04-28 06:00:00,Fox_lodging_Helen,390.98,17.8,4.0,-2.2,1002.3,2.6,6,4,4,119,51394.9,2009.0,Mixed
2016-04-28 07:00:00,Fox_lodging_Helen,393.82,18.3,4.0,-0.6,1003.1,3.6,7,4,4,119,51394.9,2009.0,Mixed
2016-04-28 08:00:00,Fox_lodging_Helen,415.05,18.9,3.5,-3.3,1003.7,3.6,8,4,4,119,51394.9,2009.0,Mixed
2016-04-28 09:00:00,Fox_lodging_Helen,429.97,18.9,3.0,-3.3,1004.1,3.1,9,4,4,119,51394.9,2009.0,Mixed
2016-04-28 10:00:00,Fox_lodging_Helen,417.85,21.1,2.5,-2.2,1004.6,4.1,10,4,4,119,51394.9,2009.0,Mixed
2016-04-28 11:00:00,Fox_lodging_Helen,422.97,21.7,2.0,-2.2,1004.9,5.1,11,4,4,119,51394.9,2009.0,Mixed
2016-04-28 12:00:00,Fox_lodging_Helen,411.17,22.2,2.0,-1.7,1004.9,4.1,12,4,4,119,51394.9,2009.0,Mixed
2016-04-28 13:00:00,Fox_lodging_Helen,403.22,23.3,2.0,-4.4,1004.6,7.7,13,4,4,119,51394.9,2009.0,Mixed
2016-04-28 14:00:00,Fox_lodging_Helen,416.15,23.9,2.0,-7.8,1004.7,8.8,14,4,4,119,51394.9,2009.0,Mixed
2016-04-28 15:00:00,Fox_lodging_Helen,430.62,23.3,2.0,-7.8,1004.3,6.2,15,4,4,119,51394.9,2009.0,Mixed
2016-04-28 16:00:00,Fox_lodging_Helen,453.27,22.8,4.0,-6.1,1003.9,3.1,16,4,4,119,51394.9,2009.0,Mixed
2016-04-28 17:00:00,Fox_lodging_Helen,494.3,23.9,4.0,-5.6,1003.7,4.6,17,4,4,119,51394.9,2009.0,Mixed
2016-04-28 18:00:00,Fox_lodging_Helen,510.33,22.8,4.0,-4.4,1003.7,5.1,18,4,4,119,51394.9,2009.0,Mixed
2016-04-28 19:00:00,Fox_lodging_Helen,522.98,22.2,4.0,-3.3,1004.0,5.1,19,4,4,119,51394.9,2009.0,Mixed
2016-04-28 20:00:00,Fox_lodging_Helen,539.27,22.2,4.0,-2.2,1004.7,5.1,20,4,4,119,51394.9,2009.0,Mixed
2016-04-28 21:00:00,Fox_lodging_Helen,567.7,21.1,4.0,-1.7,1005.6,2.6,21,4,4,119,51394.9,2009.0,Mixed
2016-04-28 22:00:00,Fox_lodging_Helen,557.03,21.1,2.0,0.0,1005.9,5.1,22,4,4,119,51394.9,2009.0,Mixed
2016-04-28 23:00:00,Fox_lodging_Helen,526.5,20.0,2.0,0.6,1006.8,4.1,23,4,4,119,51394.9,2009.0,Mixed
2016-04-29 00:00:00,Fox_lodging_Helen,493.53,18.9,4.0,2.2,1007.0,3.1,0,5,4,120,51394.9,2009.0,Mixed
2016-04-29 01:00:00,Fox_lodging_Helen,423.72,18.3,4.0,2.8,1007.3,3.1,1,5,4,120,51394.9,2009.0,Mixed
2016-04-29 02:00:00,Fox_lodging_Helen,402.55,18.3,4.5,2.8,1007.7,3.6,2,5,4,120,51394.9,2009.0,Mixed
2016-04-29 03:00:00,Fox_lodging_Helen,384.73,18.3,5.0,2.8,1007.7,3.6,3,5,4,120,51394.9,2009.0,Mixed
2016-04-29 04:00:00,Fox_lodging_Helen,371.93,18.3,5.5,3.3,1008.2,4.6,4,5,4,120,51394.9,2009.0,Mixed
2016-04-29 05:00:00,Fox_lodging_Helen,364.03,18.3,6.0,3.3,1008.4,4.1,5,5,4,120,51394.9,2009.0,Mixed
2016-04-29 06:00:00,Fox_lodging_Helen,360.57,18.3,5.0,3.3,1008.6,2.6,6,5,4,120,51394.9,2009.0,Mixed
2016-04-29 07:00:00,Fox_lodging_Helen,360.65,18.3,4.0,3.3,1009.5,2.1,7,5,4,120,51394.9,2009.0,Mixed
2016-04-29 08:00:00,Fox_lodging_Helen,360.5,19.4,3.0,3.9,1010.5,2.6,8,5,4,120,51394.9,2009.0,Mixed
2016-04-29 09:00:00,Fox_lodging_Helen,380.48,20.0,2.0,4.4,1010.6,1.5,9,5,4,120,51394.9,2009.0,Mixed
2016-04-29 10:00:00,Fox_lodging_Helen,384.97,21.1,2.0,4.4,1010.7,1.5,10,5,4,120,51394.9,2009.0,Mixed
2016-04-29 11:00:00,Fox_lodging_Helen,397.4,21.7,2.0,3.9,1010.7,0.0,11,5,4,120,51394.9,2009.0,Mixed
2016-04-29 12:00:00,Fox_lodging_Helen,443.77,23.3,4.0,3.3,1010.1,2.6,12,5,4,120,51394.9,2009.0,Mixed
2016-04-29 13:00:00,Fox_lodging_Helen,474.43,24.4,4.0,3.9,1009.6,4.1,13,5,4,120,51394.9,2009.0,Mixed
2016-04-29 14:00:00,Fox_lodging_Helen,475.25,25.0,4.0,2.8,1008.7,5.7,14,5,4,120,51394.9,2009.0,Mixed
2016-04-29 15:00:00,Fox_lodging_Helen,499.22,26.7,4.0,2.2,1007.8,5.7,15,5,4,120,51394.9,2009.0,Mixed
2016-04-29 16:00:00,Fox_lodging_Helen,545.65,26.7,4.0,2.2,1007.0,5.7,16,5,4,120,51394.9,2009.0,Mixed
2016-04-29 17:00:00,Fox_lodging_Helen,521.87,27.2,6.0,2.2,1006.3,6.7,17,5,4,120,51394.9,2009.0,Mixed
2016-04-29 18:00:00,Fox_lodging_Helen,516.9,26.7,5.333333333333333,2.2,1005.9,7.2,18,5,4,120,51394.9,2009.0,Mixed
2016-04-29 19:00:00,Fox_lodging_Helen,525.9,25.6,4.666666666666667,2.2,1005.8,5.7,19,5,4,120,51394.9,2009.0,Mixed
2016-04-29 20:00:00,Fox_lodging_Helen,538.83,24.4,4.0,2.2,1006.0,5.1,20,5,4,120,51394.9,2009.0,Mixed
2016-04-29 21:00:00,Fox_lodging_Helen,526.63,23.9,4.0,1.7,1006.4,5.1,21,5,4,120,51394.9,2009.0,Mixed
2016-04-29 22:00:00,Fox_lodging_Helen,503.03,23.3,2.0,1.7,1006.6,4.1,22,5,4,120,51394.9,2009.0,Mixed
2016-04-29 23:00:00,Fox_lodging_Helen,500.4,22.2,2.0,1.1,1006.3,2.6,23,5,4,120,51394.9,2009.0,Mixed
2016-04-30 00:00:00,Fox_lodging_Helen,480.83,22.2,2.0,0.6,1006.2,3.6,0,6,4,121,51394.9,2009.0,Mixed
2016-04-30 01:00:00,Fox_lodging_Helen,460.32,22.2,2.0,1.1,1005.7,3.1,1,6,4,121,51394.9,2009.0,Mixed
2016-04-30 02:00:00,Fox_lodging_Helen,442.57,21.1,2.0,2.2,1005.5,1.5,2,6,4,121,51394.9,2009.0,Mixed
2016-04-30 03:00:00,Fox_lodging_Helen,414.55,21.1,2.0,2.8,1005.4,2.1,3,6,4,121,51394.9,2009.0,Mixed
2016-04-30 04:00:00,Fox_lodging_Helen,400.98,18.3,2.0,2.8,1005.5,2.6,4,6,4,121,51394.9,2009.0,Mixed
2016-04-30 05:00:00,Fox_lodging_Helen,394.03,18.3,4.0,2.2,1005.6,3.1,5,6,4,121,51394.9,2009.0,Mixed
2016-04-30 06:00:00,Fox_lodging_Helen,388.12,17.8,4.0,2.8,1005.5,4.6,6,6,4,121,51394.9,2009.0,Mixed
2016-04-30 07:00:00,Fox_lodging_Helen,370.28,17.8,4.4,3.9,1005.8,5.1,7,6,4,121,51394.9,2009.0,Mixed
2016-04-30 08:00:00,Fox_lodging_Helen,369.05,20.0,4.8,3.9,1005.6,5.7,8,6,4,121,51394.9,2009.0,Mixed
2016-04-30 09:00:00,Fox_lodging_Helen,388.08,21.7,5.2,3.9,1005.3,4.6,9,6,4,121,51394.9,2009.0,Mixed
2016-04-30 10:00:00,Fox_lodging_Helen,404.87,23.9,5.2,1.7,1004.1,5.7,10,6,4,121,51394.9,2009.0,Mixed
2016-04-30 11:00:00,Fox_lodging_Helen,437.72,25.0,6.0,1.1,1003.5,5.1,11,6,4,121,51394.9,2009.0,Mixed
2016-04-30 12:00:00,Fox_lodging_Helen,424.45,26.7,6.0,1.1,1002.1,4.6,12,6,4,121,51394.9,2009.0,Mixed
2016-04-30 13:00:00,Fox_lodging_Helen,469.12,26.7,6.0,-1.7,1000.8,7.7,13,6,4,121,51394.9,2009.0,Mixed
2016-04-30 14:00:00,Fox_lodging_Helen,492.23,26.7,6.0,-0.6,1000.3,5.7,14,6,4,121,51394.9,2009.0,Mixed
2016-04-30 15:00:00,Fox_lodging_Helen,512.12,26.1,6.0,0.0,999.3,7.2,15,6,4,121,51394.9,2009.0,Mixed
2016-04-30 16:00:00,Fox_lodging_Helen,516.55,24.4,6.0,2.2,999.3,4.1,16,6,4,121,51394.9,2009.0,Mixed
2016-04-30 17:00:00,Fox_lodging_Helen,516.78,18.9,6.0,7.2,1001.9,10.3,17,6,4,121,51394.9,2009.0,Mixed
2016-04-30 18:00:00,Fox_lodging_Helen,505.0,19.4,5.666666666666667,6.7,1002.5,8.8,18,6,4,121,51394.9,2009.0,Mixed
2016-04-30 19:00:00,Fox_lodging_Helen,519.25,19.4,5.333333333333333,6.1,1003.1,6.7,19,6,4,121,51394.9,2009.0,Mixed
2016-04-30 20:00:00,Fox_lodging_Helen,529.87,18.3,5.0,6.7,1003.3,5.7,20,6,4,121,51394.9,2009.0,Mixed
2016-04-30 21:00:00,Fox_lodging_Helen,537.15,17.8,5.0,7.8,1004.4,5.1,21,6,4,121,51394.9,2009.0,Mixed
2016-04-30 22:00:00,Fox_lodging_Helen,524.28,17.2,5.0,8.3,1005.0,5.7,22,6,4,121,51394.9,2009.0,Mixed
2016-04-30 23:00:00,Fox_lodging_Helen,483.07,17.2,4.0,8.9,1005.1,2.1,23,6,4,121,51394.9,2009.0,Mixed
2016-05-01 00:00:00,Fox_lodging_Helen,453.02,17.2,2.0,8.9,1005.4,3.1,0,7,5,122,51394.9,2009.0,Mixed
2016-05-01 01:00:00,Fox_lodging_Helen,432.85,16.7,2.0,8.9,1005.5,1.5,1,7,5,122,51394.9,2009.0,Mixed
2016-05-01 02:00:00,Fox_lodging_Helen,399.77,16.7,2.0,8.9,1005.4,1.5,2,7,5,122,51394.9,2009.0,Mixed
2016-05-01 03:00:00,Fox_lodging_Helen,372.02,15.6,4.0,8.3,1005.7,2.1,3,7,5,122,51394.9,2009.0,Mixed
2016-05-01 04:00:00,Fox_lodging_Helen,360.4,15.6,5.0,8.3,1006.2,2.1,4,7,5,122,51394.9,2009.0,Mixed
2016-05-01 05:00:00,Fox_lodging_Helen,347.27,15.0,6.0,8.3,1006.6,4.6,5,7,5,122,51394.9,2009.0,Mixed
2016-05-01 06:00:00,Fox_lodging_Helen,345.7,15.6,6.0,7.8,1007.4,3.6,6,7,5,122,51394.9,2009.0,Mixed
2016-05-01 07:00:00,Fox_lodging_Helen,331.98,16.1,6.0,7.8,1008.4,5.1,7,7,5,122,51394.9,2009.0,Mixed
2016-05-01 08:00:00,Fox_lodging_Helen,330.82,17.2,6.0,8.3,1009.4,4.6,8,7,5,122,51394.9,2009.0,Mixed
2016-05-01 09:00:00,Fox_lodging_Helen,330.77,17.8,6.0,8.9,1010.1,3.6,9,7,5,122,51394.9,2009.0,Mixed
2016-05-01 10:00:00,Fox_lodging_Helen,343.17,21.1,6.0,8.3,1010.3,3.6,10,7,5,122,51394.9,2009.0,Mixed
2016-05-01 11:00:00,Fox_lodging_Helen,396.7,22.2,6.0,7.2,1010.4,5.7,11,7,5,122,51394.9,2009.0,Mixed
2016-05-01 12:00:00,Fox_lodging_Helen,409.17,21.7,5.666666666666667,7.2,1010.3,2.6,12,7,5,122,51394.9,2009.0,Mixed
2016-05-01 13:00:00,Fox_lodging_Helen,403.48,22.2,5.333333333333333,6.1,1010.1,0.0,13,7,5,122,51394.9,2009.0,Mixed
2016-05-01 14:00:00,Fox_lodging_Helen,408.47,24.4,5.0,5.0,1009.8,4.6,14,7,5,122,51394.9,2009.0,Mixed
2016-05-01 15:00:00,Fox_lodging_Helen,438.97,25.6,5.0,4.4,1009.6,3.1,15,7,5,122,51394.9,2009.0,Mixed
2016-05-01 16:00:00,Fox_lodging_Helen,482.47,23.9,5.0,4.4,1009.4,2.1,16,7,5,122,51394.9,2009.0,Mixed
2016-05-01 17:00:00,Fox_lodging_Helen,502.08,25.6,4.0,3.9,1009.3,1.5,17,7,5,122,51394.9,2009.0,Mixed
2016-05-01 18:00:00,Fox_lodging_Helen,497.58,25.6,4.0,3.3,1009.6,0.0,18,7,5,122,51394.9,2009.0,Mixed
2016-05-01 19:00:00,Fox_lodging_Helen,500.9,24.4,2.0,2.8,1009.8,2.1,19,7,5,122,51394.9,2009.0,Mixed
2016-05-01 20:00:00,Fox_lodging_Helen,512.32,24.4,2.0,2.8,1010.6,1.5,20,7,5,122,51394.9,2009.0,Mixed
2016-05-01 21:00:00,Fox_lodging_Helen,544.6,24.4,0.0,3.3,1011.5,2.1,21,7,5,122,51394.9,2009.0,Mixed
2016-05-01 22:00:00,Fox_lodging_Helen,525.28,23.9,0.0,3.3,1011.9,0.0,22,7,5,122,51394.9,2009.0,Mixed
2016-05-01 23:00:00,Fox_lodging_Helen,476.78,21.1,0.0,5.0,1012.1,0.0,23,7,5,122,51394.9,2009.0,Mixed
2016-05-02 00:00:00,Fox_lodging_Helen,467.47,20.6,0.0,5.6,1012.4,1.5,0,1,5,123,51394.9,2009.0,Mixed
2016-05-02 01:00:00,Fox_lodging_Helen,455.55,20.0,0.0,4.4,1012.3,1.5,1,1,5,123,51394.9,2009.0,Mixed
2016-05-02 02:00:00,Fox_lodging_Helen,302.93,18.9,0.0,5.0,1012.2,0.0,2,1,5,123,51394.9,2009.0,Mixed
2016-05-02 03:00:00,Fox_lodging_Helen,281.13,17.8,0.0,5.6,1012.2,0.0,3,1,5,123,51394.9,2009.0,Mixed
2016-05-02 04:00:00,Fox_lodging_Helen,272.87,16.7,0.0,6.1,1012.6,2.1,4,1,5,123,51394.9,2009.0,Mixed
2016-05-02 05:00:00,Fox_lodging_Helen,359.72,16.7,0.0,6.1,1012.8,1.5,5,1,5,123,51394.9,2009.0,Mixed
2016-05-02 06:00:00,Fox_lodging_Helen,356.08,16.7,0.0,6.1,1013.4,0.0,6,1,5,123,51394.9,2009.0,Mixed
2016-05-02 07:00:00,Fox_lodging_Helen,356.07,17.8,2.0,7.2,1014.2,0.0,7,1,5,123,51394.9,2009.0,Mixed
2016-05-02 08:00:00,Fox_lodging_Helen,375.28,21.1,0.0,5.6,1014.6,0.0,8,1,5,123,51394.9,2009.0,Mixed
2016-05-02 09:00:00,Fox_lodging_Helen,416.33,23.3,0.0,5.0,1014.8,5.7,9,1,5,123,51394.9,2009.0,Mixed
2016-05-02 10:00:00,Fox_lodging_Helen,403.65,24.4,2.0,5.0,1014.6,2.1,10,1,5,123,51394.9,2009.0,Mixed
2016-05-02 11:00:00,Fox_lodging_Helen,408.92,26.7,2.0,5.0,1014.2,2.6,11,1,5,123,51394.9,2009.0,Mixed
2016-05-02 12:00:00,Fox_lodging_Helen,412.75,28.3,2.0,3.9,1013.6,2.6,12,1,5,123,51394.9,2009.0,Mixed
2016-05-02 13:00:00,Fox_lodging_Helen,424.2,28.3,2.0,2.8,1012.8,2.6,13,1,5,123,51394.9,2009.0,Mixed
2016-05-02 14:00:00,Fox_lodging_Helen,452.77,29.4,4.0,1.7,1012.1,3.6,14,1,5,123,51394.9,2009.0,Mixed
2016-05-02 15:00:00,Fox_lodging_Helen,464.68,30.0,4.0,2.2,1011.1,3.1,15,1,5,123,51394.9,2009.0,Mixed
2016-05-02 16:00:00,Fox_lodging_Helen,456.22,30.0,4.0,0.6,1010.5,3.6,16,1,5,123,51394.9,2009.0,Mixed
2016-05-02 17:00:00,Fox_lodging_Helen,475.12,30.0,4.0,1.1,1010.2,2.6,17,1,5,123,51394.9,2009.0,Mixed
2016-05-02 18:00:00,Fox_lodging_Helen,502.6,28.9,2.0,1.1,1010.0,2.6,18,1,5,123,51394.9,2009.0,Mixed
2016-05-02 19:00:00,Fox_lodging_Helen,539.77,28.9,2.0,0.6,1009.9,2.1,19,1,5,123,51394.9,2009.0,Mixed
2016-05-02 20:00:00,Fox_lodging_Helen,569.5,28.3,2.0,1.1,1010.0,4.1,20,1,5,123,51394.9,2009.0,Mixed
2016-05-02 21:00:00,Fox_lodging_Helen,567.0,27.2,2.0,0.6,1010.7,3.6,21,1,5,123,51394.9,2009.0,Mixed
2016-05-02 22:00:00,Fox_lodging_Helen,563.82,26.1,2.0,3.3,1011.0,4.6,22,1,5,123,51394.9,2009.0,Mixed
2016-05-02 23:00:00,Fox_lodging_Helen,513.87,25.6,0.0,3.3,1011.0,2.6,23,1,5,123,51394.9,2009.0,Mixed
2016-05-03 00:00:00,Fox_lodging_Helen,489.35,23.3,0.0,3.9,1011.2,0.0,0,2,5,124,51394.9,2009.0,Mixed
2016-05-03 01:00:00,Fox_lodging_Helen,472.68,21.7,0.0,4.4,1011.1,1.5,1,2,5,124,51394.9,2009.0,Mixed
2016-05-03 02:00:00,Fox_lodging_Helen,451.42,20.6,0.0,5.0,1010.8,1.5,2,2,5,124,51394.9,2009.0,Mixed
2016-05-03 03:00:00,Fox_lodging_Helen,435.08,19.4,0.0,5.6,1010.7,0.0,3,2,5,124,51394.9,2009.0,Mixed
2016-05-03 04:00:00,Fox_lodging_Helen,413.33,18.9,0.0,6.1,1010.7,2.1,4,2,5,124,51394.9,2009.0,Mixed
2016-05-03 05:00:00,Fox_lodging_Helen,407.0,18.3,0.0,6.7,1010.8,2.1,5,2,5,124,51394.9,2009.0,Mixed
2016-05-03 06:00:00,Fox_lodging_Helen,394.88,18.3,0.0,6.1,1011.6,1.5,6,2,5,124,51394.9,2009.0,Mixed
2016-05-03 07:00:00,Fox_lodging_Helen,381.03,20.6,0.0,6.1,1012.0,2.1,7,2,5,124,51394.9,2009.0,Mixed
2016-05-03 08:00:00,Fox_lodging_Helen,393.9,22.8,0.0,5.6,1012.5,0.0,8,2,5,124,51394.9,2009.0,Mixed
2016-05-03 09:00:00,Fox_lodging_Helen,406.37,25.6,0.0,4.4,1012.6,1.5,9,2,5,124,51394.9,2009.0,Mixed
2016-05-03 10:00:00,Fox_lodging_Helen,405.93,27.2,0.0,4.4,1012.4,1.5,10,2,5,124,51394.9,2009.0,Mixed
2016-05-03 11:00:00,Fox_lodging_Helen,427.23,30.0,2.0,3.3,1012.1,3.6,11,2,5,124,51394.9,2009.0,Mixed
2016-05-03 12:00:00,Fox_lodging_Helen,441.47,30.0,2.0,2.2,1011.4,1.5,12,2,5,124,51394.9,2009.0,Mixed
2016-05-03 13:00:00,Fox_lodging_Helen,453.42,32.2,2.0,0.0,1010.6,3.6,13,2,5,124,51394.9,2009.0,Mixed
2016-05-03 14:00:00,Fox_lodging_Helen,492.3,32.8,2.0,-0.6,1010.0,3.6,14,2,5,124,51394.9,2009.0,Mixed
2016-05-03 15:00:00,Fox_lodging_Helen,472.9,32.8,2.0,-1.7,1009.3,2.1,15,2,5,124,51394.9,2009.0,Mixed
2016-05-03 16:00:00,Fox_lodging_Helen,495.63,33.3,2.0,-0.6,1008.6,2.1,16,2,5,124,51394.9,2009.0,Mixed
2016-05-03 17:00:00,Fox_lodging_Helen,520.77,33.3,2.0,-0.6,1008.1,2.6,17,2,5,124,51394.9,2009.0,Mixed
2016-05-03 18:00:00,Fox_lodging_Helen,542.98,32.8,2.0,-0.6,1007.9,0.0,18,2,5,124,51394.9,2009.0,Mixed
2016-05-03 19:00:00,Fox_lodging_Helen,522.58,32.2,2.0,-0.6,1007.9,2.1,19,2,5,124,51394.9,2009.0,Mixed
2016-05-03 20:00:00,Fox_lodging_Helen,528.38,30.6,2.0,-1.1,1008.3,3.1,20,2,5,124,51394.9,2009.0,Mixed
2016-05-03 21:00:00,Fox_lodging_Helen,552.57,31.1,2.0,-1.7,1008.7,3.1,21,2,5,124,51394.9,2009.0,Mixed
2016-05-03 22:00:00,Fox_lodging_Helen,565.77,29.4,0.0,-0.6,1009.2,0.0,22,2,5,124,51394.9,2009.0,Mixed
2016-05-03 23:00:00,Fox_lodging_Helen,548.33,27.2,0.0,1.1,1009.4,1.5,23,2,5,124,51394.9,2009.0,Mixed
2016-05-04 00:00:00,Fox_lodging_Helen,527.25,25.6,0.0,2.8,1009.3,1.5,0,3,5,125,51394.9,2009.0,Mixed
2016-05-04 01:00:00,Fox_lodging_Helen,496.77,23.9,0.0,2.8,1009.3,1.5,1,3,5,125,51394.9,2009.0,Mixed
2016-05-04 02:00:00,Fox_lodging_Helen,467.48,24.4,0.0,1.7,1009.3,1.5,2,3,5,125,51394.9,2009.0,Mixed
2016-05-04 03:00:00,Fox_lodging_Helen,441.22,23.3,0.0,1.7,1009.5,1.5,3,3,5,125,51394.9,2009.0,Mixed
2016-05-04 04:00:00,Fox_lodging_Helen,423.53,21.7,0.0,3.3,1009.3,3.1,4,3,5,125,51394.9,2009.0,Mixed
2016-05-04 05:00:00,Fox_lodging_Helen,424.88,21.7,0.0,3.3,1009.6,2.1,5,3,5,125,51394.9,2009.0,Mixed
2016-05-04 06:00:00,Fox_lodging_Helen,411.1,21.1,0.0,3.3,1010.1,2.6,6,3,5,125,51394.9,2009.0,Mixed
2016-05-04 07:00:00,Fox_lodging_Helen,406.25,22.8,0.0,3.3,1010.7,3.1,7,3,5,125,51394.9,2009.0,Mixed
2016-05-04 08:00:00,Fox_lodging_Helen,407.83,25.6,0.0,3.3,1011.0,3.1,8,3,5,125,51394.9,2009.0,Mixed
2016-05-04 09:00:00,Fox_lodging_Helen,426.4,29.4,0.0,2.2,1010.8,3.6,9,3,5,125,51394.9,2009.0,Mixed
2016-05-04 10:00:00,Fox_lodging_Helen,423.45,32.2,0.0,1.1,1010.3,5.1,10,3,5,125,51394.9,2009.0,Mixed
2016-05-04 11:00:00,Fox_lodging_Helen,454.35,34.4,0.0,-0.6,1009.8,7.2,11,3,5,125,51394.9,2009.0,Mixed
2016-05-04 12:00:00,Fox_lodging_Helen,459.93,36.1,0.0,-0.6,1009.1,8.2,12,3,5,125,51394.9,2009.0,Mixed
2016-05-04 13:00:00,Fox_lodging_Helen,467.9,37.2,2.0,-1.1,1008.1,4.6,13,3,5,125,51394.9,2009.0,Mixed
2016-05-04 14:00:00,Fox_lodging_Helen,496.83,38.3,2.0,-4.4,1007.1,5.1,14,3,5,125,51394.9,2009.0,Mixed
2016-05-04 15:00:00,Fox_lodging_Helen,536.4,37.8,2.0,-4.4,1006.0,2.6,15,3,5,125,51394.9,2009.0,Mixed
2016-05-04 16:00:00,Fox_lodging_Helen,556.0,38.3,2.0,-4.4,1004.9,7.2,16,3,5,125,51394.9,2009.0,Mixed
2016-05-04 17:00:00,Fox_lodging_Helen,545.73,38.3,2.0,-5.6,1004.5,5.1,17,3,5,125,51394.9,2009.0,Mixed
2016-05-04 18:00:00,Fox_lodging_Helen,547.78,37.2,2.0,-5.6,1003.9,0.0,18,3,5,125,51394.9,2009.0,Mixed
2016-05-04 19:00:00,Fox_lodging_Helen,542.7,36.1,2.0,-4.4,1003.7,3.6,19,3,5,125,51394.9,2009.0,Mixed
2016-05-04 20:00:00,Fox_lodging_Helen,552.37,33.3,0.0,-3.3,1004.5,8.8,20,3,5,125,51394.9,2009.0,Mixed
2016-05-04 21:00:00,Fox_lodging_Helen,582.72,32.2,0.0,-5.6,1005.5,8.2,21,3,5,125,51394.9,2009.0,Mixed
2016-05-04 22:00:00,Fox_lodging_Helen,578.8,31.1,0.0,-7.2,1006.7,4.6,22,3,5,125,51394.9,2009.0,Mixed
2016-05-04 23:00:00,Fox_lodging_Helen,538.45,29.4,0.0,-7.2,1007.5,0.0,23,3,5,125,51394.9,2009.0,Mixed
2016-05-05 00:00:00,Fox_lodging_Helen,534.13,28.9,0.0,-3.3,1007.6,3.1,0,4,5,126,51394.9,2009.0,Mixed
2016-05-05 01:00:00,Fox_lodging_Helen,511.25,26.7,0.0,-2.2,1007.8,0.0,1,4,5,126,51394.9,2009.0,Mixed
2016-05-05 02:00:00,Fox_lodging_Helen,489.17,25.0,0.0,-1.7,1007.6,2.6,2,4,5,126,51394.9,2009.0,Mixed
2016-05-05 03:00:00,Fox_lodging_Helen,469.32,24.4,0.0,0.0,1007.3,2.6,3,4,5,126,51394.9,2009.0,Mixed
2016-05-05 04:00:00,Fox_lodging_Helen,442.55,23.3,2.0,-1.1,1006.9,3.6,4,4,5,126,51394.9,2009.0,Mixed
2016-05-05 05:00:00,Fox_lodging_Helen,427.18,24.4,2.0,-6.1,1006.9,3.6,5,4,5,126,51394.9,2009.0,Mixed
2016-05-05 06:00:00,Fox_lodging_Helen,426.78,22.8,4.0,-3.9,1007.4,4.6,6,4,5,126,51394.9,2009.0,Mixed
2016-05-05 07:00:00,Fox_lodging_Helen,408.88,23.9,2.0,-3.3,1008.3,2.6,7,4,5,126,51394.9,2009.0,Mixed
2016-05-05 08:00:00,Fox_lodging_Helen,426.05,26.1,2.0,-2.8,1008.7,4.1,8,4,5,126,51394.9,2009.0,Mixed
2016-05-05 09:00:00,Fox_lodging_Helen,423.93,27.2,2.0,-0.6,1009.0,3.6,9,4,5,126,51394.9,2009.0,Mixed
2016-05-05 10:00:00,Fox_lodging_Helen,454.27,30.0,2.0,-1.1,1008.6,4.6,10,4,5,126,51394.9,2009.0,Mixed
2016-05-05 11:00:00,Fox_lodging_Helen,462.02,30.6,6.0,-2.2,1008.0,4.6,11,4,5,126,51394.9,2009.0,Mixed
2016-05-05 12:00:00,Fox_lodging_Helen,453.53,33.3,6.0,-6.1,1006.9,9.3,12,4,5,126,51394.9,2009.0,Mixed
2016-05-05 13:00:00,Fox_lodging_Helen,465.92,35.0,6.0,-6.1,1005.9,7.7,13,4,5,126,51394.9,2009.0,Mixed
2016-05-05 14:00:00,Fox_lodging_Helen,494.13,34.4,6.0,-7.8,1005.3,8.2,14,4,5,126,51394.9,2009.0,Mixed
2016-05-05 15:00:00,Fox_lodging_Helen,505.43,35.6,6.0,-3.3,1003.9,7.7,15,4,5,126,51394.9,2009.0,Mixed
2016-05-05 16:00:00,Fox_lodging_Helen,532.85,35.0,6.0,-5.0,1003.0,9.8,16,4,5,126,51394.9,2009.0,Mixed
2016-05-05 17:00:00,Fox_lodging_Helen,522.73,35.6,6.0,-5.0,1001.9,6.7,17,4,5,126,51394.9,2009.0,Mixed
2016-05-05 18:00:00,Fox_lodging_Helen,516.92,34.4,4.0,-4.4,1001.4,8.8,18,4,5,126,51394.9,2009.0,Mixed
2016-05-05 19:00:00,Fox_lodging_Helen,536.73,30.6,2.0,1.1,1002.2,12.9,19,4,5,126,51394.9,2009.0,Mixed
2016-05-05 20:00:00,Fox_lodging_Helen,540.62,28.9,2.0,1.1,1003.3,8.8,20,4,5,126,51394.9,2009.0,Mixed
2016-05-05 21:00:00,Fox_lodging_Helen,538.3,27.2,2.0,0.0,1004.3,3.6,21,4,5,126,51394.9,2009.0,Mixed
2016-05-05 22:00:00,Fox_lodging_Helen,544.8,26.7,4.0,-3.9,1004.9,1.5,22,4,5,126,51394.9,2009.0,Mixed
2016-05-05 23:00:00,Fox_lodging_Helen,504.43,26.7,6.0,-6.1,1005.3,3.1,23,4,5,126,51394.9,2009.0,Mixed
2016-05-06 00:00:00,Fox_lodging_Helen,459.37,24.4,4.0,-2.2,1005.8,5.1,0,5,5,127,51394.9,2009.0,Mixed
2016-05-06 01:00:00,Fox_lodging_Helen,455.88,22.8,4.0,3.3,1006.4,6.7,1,5,5,127,51394.9,2009.0,Mixed
2016-05-06 02:00:00,Fox_lodging_Helen,465.0,21.7,4.0,4.4,1006.1,3.1,2,5,5,127,51394.9,2009.0,Mixed
2016-05-06 03:00:00,Fox_lodging_Helen,434.33,21.1,4.0,4.4,1006.2,3.1,3,5,5,127,51394.9,2009.0,Mixed
2016-05-06 04:00:00,Fox_lodging_Helen,420.88,20.6,0.0,5.0,1006.8,3.6,4,5,5,127,51394.9,2009.0,Mixed
2016-05-06 05:00:00,Fox_lodging_Helen,419.67,20.0,4.0,5.6,1006.8,2.1,5,5,5,127,51394.9,2009.0,Mixed
2016-05-06 06:00:00,Fox_lodging_Helen,400.12,19.4,2.0,5.6,1007.6,2.1,6,5,5,127,51394.9,2009.0,Mixed
2016-05-06 07:00:00,Fox_lodging_Helen,407.8,19.4,2.0,6.1,1008.4,0.0,7,5,5,127,51394.9,2009.0,Mixed
2016-05-06 08:00:00,Fox_lodging_Helen,404.42,20.6,2.0,5.6,1008.9,5.1,8,5,5,127,51394.9,2009.0,Mixed
2016-05-06 09:00:00,Fox_lodging_Helen,383.92,21.1,2.0,5.0,1009.1,6.7,9,5,5,127,51394.9,2009.0,Mixed
2016-05-06 10:00:00,Fox_lodging_Helen,420.15,21.7,2.0,6.1,1009.3,7.7,10,5,5,127,51394.9,2009.0,Mixed
2016-05-06 11:00:00,Fox_lodging_Helen,444.9,23.3,6.0,6.7,1009.3,5.1,11,5,5,127,51394.9,2009.0,Mixed
2016-05-06 12:00:00,Fox_lodging_Helen,433.65,23.9,5.0,5.6,1009.5,6.2,12,5,5,127,51394.9,2009.0,Mixed
2016-05-06 13:00:00,Fox_lodging_Helen,445.52,24.4,4.0,5.6,1008.2,3.6,13,5,5,127,51394.9,2009.0,Mixed
2016-05-06 14:00:00,Fox_lodging_Helen,449.75,25.0,4.0,5.6,1007.5,6.7,14,5,5,127,51394.9,2009.0,Mixed
2016-05-06 15:00:00,Fox_lodging_Helen,473.55,26.1,4.0,3.3,1006.8,6.2,15,5,5,127,51394.9,2009.0,Mixed
2016-05-06 16:00:00,Fox_lodging_Helen,491.75,25.0,4.0,5.6,1006.6,7.2,16,5,5,127,51394.9,2009.0,Mixed
2016-05-06 17:00:00,Fox_lodging_Helen,493.03,24.4,4.0,5.0,1006.1,6.7,17,5,5,127,51394.9,2009.0,Mixed
2016-05-06 18:00:00,Fox_lodging_Helen,479.3,23.9,4.0,5.6,1006.1,5.7,18,5,5,127,51394.9,2009.0,Mixed
2016-05-06 19:00:00,Fox_lodging_Helen,471.43,21.1,4.0,7.2,1007.1,9.8,19,5,5,127,51394.9,2009.0,Mixed
2016-05-06 20:00:00,Fox_lodging_Helen,476.83,19.4,4.0,7.8,1008.3,9.8,20,5,5,127,51394.9,2009.0,Mixed
2016-05-06 21:00:00,Fox_lodging_Helen,474.73,18.3,4.0,8.9,1009.4,7.7,21,5,5,127,51394.9,2009.0,Mixed
2016-05-06 22:00:00,Fox_lodging_Helen,457.52,17.8,4.0,8.9,1009.9,4.1,22,5,5,127,51394.9,2009.0,Mixed
2016-05-06 23:00:00,Fox_lodging_Helen,422.48,17.2,4.0,8.9,1010.1,0.0,23,5,5,127,51394.9,2009.0,Mixed
2016-05-07 00:00:00,Fox_lodging_Helen,409.42,17.2,4.0,7.8,1010.1,1.5,0,6,5,128,51394.9,2009.0,Mixed
2016-05-07 01:00:00,Fox_lodging_Helen,377.92,17.2,4.0,7.8,1010.2,2.6,1,6,5,128,51394.9,2009.0,Mixed
2016-05-07 02:00:00,Fox_lodging_Helen,359.75,17.2,2.666666666666667,7.2,1010.2,2.1,2,6,5,128,51394.9,2009.0,Mixed
2016-05-07 03:00:00,Fox_lodging_Helen,346.25,17.2,1.3333333333333335,6.7,1010.2,3.1,3,6,5,128,51394.9,2009.0,Mixed
2016-05-07 04:00:00,Fox_lodging_Helen,330.72,15.6,0.0,7.8,1010.8,2.6,4,6,5,128,51394.9,2009.0,Mixed
2016-05-07 05:00:00,Fox_lodging_Helen,326.97,15.0,2.0,7.8,1011.3,3.6,5,6,5,128,51394.9,2009.0,Mixed
2016-05-07 06:00:00,Fox_lodging_Helen,323.52,14.4,4.0,8.3,1012.1,4.1,6,6,5,128,51394.9,2009.0,Mixed
2016-05-07 07:00:00,Fox_lodging_Helen,317.17,15.6,4.0,8.3,1012.9,4.1,7,6,5,128,51394.9,2009.0,Mixed
2016-05-07 08:00:00,Fox_lodging_Helen,330.33,17.2,2.0,7.8,1013.3,3.6,8,6,5,128,51394.9,2009.0,Mixed
2016-05-07 09:00:00,Fox_lodging_Helen,338.38,18.3,2.0,7.2,1013.4,4.1,9,6,5,128,51394.9,2009.0,Mixed
2016-05-07 10:00:00,Fox_lodging_Helen,336.0,20.0,4.0,6.1,1013.3,1.5,10,6,5,128,51394.9,2009.0,Mixed
2016-05-07 11:00:00,Fox_lodging_Helen,335.95,22.8,4.0,6.1,1013.0,3.6,11,6,5,128,51394.9,2009.0,Mixed
2016-05-07 12:00:00,Fox_lodging_Helen,350.03,22.8,4.0,6.1,1012.5,4.1,12,6,5,128,51394.9,2009.0,Mixed
2016-05-07 13:00:00,Fox_lodging_Helen,351.35,22.8,4.0,5.6,1011.9,0.0,13,6,5,128,51394.9,2009.0,Mixed
2016-05-07 14:00:00,Fox_lodging_Helen,356.82,22.8,4.5,5.0,1011.2,0.0,14,6,5,128,51394.9,2009.0,Mixed
2016-05-07 15:00:00,Fox_lodging_Helen,377.12,24.4,5.0,3.9,1010.1,2.1,15,6,5,128,51394.9,2009.0,Mixed
2016-05-07 16:00:00,Fox_lodging_Helen,401.55,25.0,5.5,3.9,1009.2,2.1,16,6,5,128,51394.9,2009.0,Mixed
2016-05-07 17:00:00,Fox_lodging_Helen,402.7,24.4,6.0,3.3,1008.5,1.5,17,6,5,128,51394.9,2009.0,Mixed
2016-05-07 18:00:00,Fox_lodging_Helen,399.17,24.4,6.0,2.8,1007.9,2.6,18,6,5,128,51394.9,2009.0,Mixed
2016-05-07 19:00:00,Fox_lodging_Helen,406.23,23.9,6.0,2.8,1007.4,1.5,19,6,5,128,51394.9,2009.0,Mixed
2016-05-07 20:00:00,Fox_lodging_Helen,401.8,23.9,6.0,3.3,1007.6,2.6,20,6,5,128,51394.9,2009.0,Mixed
2016-05-07 21:00:00,Fox_lodging_Helen,402.47,23.3,6.0,5.0,1008.1,8.2,21,6,5,128,51394.9,2009.0,Mixed
2016-05-07 22:00:00,Fox_lodging_Helen,372.47,21.1,6.0,5.6,1008.5,4.1,22,6,5,128,51394.9,2009.0,Mixed
2016-05-07 23:00:00,Fox_lodging_Helen,353.33,20.6,6.0,6.7,1008.5,5.7,23,6,5,128,51394.9,2009.0,Mixed
2016-05-08 00:00:00,Fox_lodging_Helen,340.2,20.6,6.0,5.6,1008.4,5.7,0,7,5,129,51394.9,2009.0,Mixed
2016-05-08 01:00:00,Fox_lodging_Helen,306.48,20.0,6.0,5.6,1008.5,5.1,1,7,5,129,51394.9,2009.0,Mixed
2016-05-08 02:00:00,Fox_lodging_Helen,302.98,19.4,6.0,7.8,1008.15,3.6,2,7,5,129,51394.9,2009.0,Mixed
2016-05-08 03:00:00,Fox_lodging_Helen,303.23,17.8,6.0,11.7,1007.8,3.6,3,7,5,129,51394.9,2009.0,Mixed
2016-05-08 04:00:00,Fox_lodging_Helen,308.7,16.7,6.0,12.8,1008.0,2.1,4,7,5,129,51394.9,2009.0,Mixed
2016-05-08 05:00:00,Fox_lodging_Helen,308.18,16.7,6.0,11.7,1008.1,1.5,5,7,5,129,51394.9,2009.0,Mixed
2016-05-08 06:00:00,Fox_lodging_Helen,321.52,17.2,5.0,10.0,1008.7,3.1,6,7,5,129,51394.9,2009.0,Mixed
2016-05-08 07:00:00,Fox_lodging_Helen,316.5,17.8,4.0,10.0,1009.4,2.6,7,7,5,129,51394.9,2009.0,Mixed
2016-05-08 08:00:00,Fox_lodging_Helen,326.83,17.2,4.0,8.9,1010.0,2.1,8,7,5,129,51394.9,2009.0,Mixed
2016-05-08 09:00:00,Fox_lodging_Helen,312.07,19.4,4.0,7.2,1010.0,0.0,9,7,5,129,51394.9,2009.0,Mixed
2016-05-08 10:00:00,Fox_lodging_Helen,288.73,21.7,4.0,7.8,1010.0,2.1,10,7,5,129,51394.9,2009.0,Mixed
2016-05-08 11:00:00,Fox_lodging_Helen,285.2,23.3,4.0,7.2,1010.2,1.5,11,7,5,129,51394.9,2009.0,Mixed
2016-05-08 12:00:00,Fox_lodging_Helen,277.42,24.4,4.333333333333333,6.7,1009.6,1.5,12,7,5,129,51394.9,2009.0,Mixed
2016-05-08 13:00:00,Fox_lodging_Helen,320.05,24.4,4.666666666666667,5.6,1008.8,3.1,13,7,5,129,51394.9,2009.0,Mixed
2016-05-08 14:00:00,Fox_lodging_Helen,302.04,25.0,5.0,5.6,1008.3,4.1,14,7,5,129,51394.9,2009.0,Mixed
2016-05-08 15:00:00,Fox_lodging_Helen,308.32,25.6,5.0,3.9,1007.7,3.1,15,7,5,129,51394.9,2009.0,Mixed
2016-05-08 16:00:00,Fox_lodging_Helen,340.25,26.1,5.0,3.3,1007.0,4.1,16,7,5,129,51394.9,2009.0,Mixed
2016-05-08 17:00:00,Fox_lodging_Helen,348.2,26.1,6.0,2.2,1007.1,5.7,17,7,5,129,51394.9,2009.0,Mixed
2016-05-08 18:00:00,Fox_lodging_Helen,372.97,25.6,5.0,3.3,1006.9,3.6,18,7,5,129,51394.9,2009.0,Mixed
2016-05-08 19:00:00,Fox_lodging_Helen,368.0,25.0,4.0,2.2,1007.1,3.6,19,7,5,129,51394.9,2009.0,Mixed
2016-05-08 20:00:00,Fox_lodging_Helen,373.13,23.9,4.0,2.8,1007.8,3.6,20,7,5,129,51394.9,2009.0,Mixed
2016-05-08 21:00:00,Fox_lodging_Helen,385.22,22.8,2.0,3.9,1008.3,2.1,21,7,5,129,51394.9,2009.0,Mixed
2016-05-08 22:00:00,Fox_lodging_Helen,364.13,22.8,0.0,3.3,1008.9,1.5,22,7,5,129,51394.9,2009.0,Mixed
2016-05-08 23:00:00,Fox_lodging_Helen,355.05,21.7,0.0,5.0,1009.4,1.5,23,7,5,129,51394.9,2009.0,Mixed
2016-05-09 00:00:00,Fox_lodging_Helen,327.92,20.6,0.0,5.0,1009.4,0.0,0,1,5,130,51394.9,2009.0,Mixed
2016-05-09 01:00:00,Fox_lodging_Helen,149.57,20.0,0.0,5.6,1009.5,0.0,1,1,5,130,51394.9,2009.0,Mixed
2016-05-09 02:00:00,Fox_lodging_Helen,148.9,18.9,0.0,6.1,1009.4,0.0,2,1,5,130,51394.9,2009.0,Mixed
2016-05-09 03:00:00,Fox_lodging_Helen,147.33,19.4,0.0,5.6,1009.5,1.5,3,1,5,130,51394.9,2009.0,Mixed
2016-05-09 04:00:00,Fox_lodging_Helen,145.93,18.3,2.0,6.1,1009.7,2.6,4,1,5,130,51394.9,2009.0,Mixed
2016-05-09 05:00:00,Fox_lodging_Helen,289.83,17.8,2.0,5.6,1009.9,2.6,5,1,5,130,51394.9,2009.0,Mixed
2016-05-09 06:00:00,Fox_lodging_Helen,287.38,17.2,2.0,6.1,1010.2,2.6,6,1,5,130,51394.9,2009.0,Mixed
2016-05-09 07:00:00,Fox_lodging_Helen,270.57,18.3,0.0,5.6,1011.2,2.6,7,1,5,130,51394.9,2009.0,Mixed
2016-05-09 08:00:00,Fox_lodging_Helen,261.77,20.0,0.0,5.6,1011.8,2.6,8,1,5,130,51394.9,2009.0,Mixed
2016-05-09 09:00:00,Fox_lodging_Helen,252.65,21.7,0.0,5.6,1011.8,0.0,9,1,5,130,51394.9,2009.0,Mixed
2016-05-09 10:00:00,Fox_lodging_Helen,247.78,23.3,2.0,5.6,1011.8,1.5,10,1,5,130,51394.9,2009.0,Mixed
2016-05-09 11:00:00,Fox_lodging_Helen,272.38,24.4,2.0,5.0,1011.5,0.0,11,1,5,130,51394.9,2009.0,Mixed
2016-05-09 12:00:00,Fox_lodging_Helen,262.52,25.6,2.0,5.0,1010.9,1.5,12,1,5,130,51394.9,2009.0,Mixed
2016-05-09 13:00:00,Fox_lodging_Helen,273.65,27.2,2.0,4.4,1010.0,1.5,13,1,5,130,51394.9,2009.0,Mixed
2016-05-09 14:00:00,Fox_lodging_Helen,295.5,27.8,2.0,3.9,1009.4,3.1,14,1,5,130,51394.9,2009.0,Mixed
2016-05-09 15:00:00,Fox_lodging_Helen,296.03,28.9,2.0,4.4,1008.6,4.1,15,1,5,130,51394.9,2009.0,Mixed
2016-05-09 16:00:00,Fox_lodging_Helen,318.5,29.4,2.0,3.9,1007.8,4.1,16,1,5,130,51394.9,2009.0,Mixed
2016-05-09 17:00:00,Fox_lodging_Helen,353.88,28.9,2.0,2.2,1007.2,2.1,17,1,5,130,51394.9,2009.0,Mixed
2016-05-09 18:00:00,Fox_lodging_Helen,378.32,28.9,2.0,1.1,1007.2,6.2,18,1,5,130,51394.9,2009.0,Mixed
2016-05-09 19:00:00,Fox_lodging_Helen,390.8,28.3,2.0,0.6,1007.1,3.6,19,1,5,130,51394.9,2009.0,Mixed
2016-05-09 20:00:00,Fox_lodging_Helen,386.48,27.8,0.0,-0.6,1007.6,4.1,20,1,5,130,51394.9,2009.0,Mixed
2016-05-09 21:00:00,Fox_lodging_Helen,371.3,27.2,0.0,0.6,1008.0,3.1,21,1,5,130,51394.9,2009.0,Mixed
2016-05-09 22:00:00,Fox_lodging_Helen,353.17,24.4,0.0,1.7,1008.8,2.1,22,1,5,130,51394.9,2009.0,Mixed
2016-05-09 23:00:00,Fox_lodging_Helen,339.83,23.9,0.0,3.3,1008.9,2.1,23,1,5,130,51394.9,2009.0,Mixed
2016-05-10 00:00:00,Fox_lodging_Helen,323.43,23.3,0.0,3.9,1008.9,1.5,0,2,5,131,51394.9,2009.0,Mixed
2016-05-10 01:00:00,Fox_lodging_Helen,310.37,23.9,0.0,1.7,1009.2,4.6,1,2,5,131,51394.9,2009.0,Mixed
2016-05-10 02:00:00,Fox_lodging_Helen,313.42,22.8,2.0,5.6,1009.4,3.6,2,2,5,131,51394.9,2009.0,Mixed
2016-05-10 03:00:00,Fox_lodging_Helen,302.5,22.2,2.0,6.1,1009.6,3.1,3,2,5,131,51394.9,2009.0,Mixed
2016-05-10 04:00:00,Fox_lodging_Helen,298.57,21.7,2.0,6.1,1010.0,0.0,4,2,5,131,51394.9,2009.0,Mixed
2016-05-10 05:00:00,Fox_lodging_Helen,295.53,20.6,0.0,6.1,1010.1,1.5,5,2,5,131,51394.9,2009.0,Mixed
2016-05-10 06:00:00,Fox_lodging_Helen,300.9,20.0,0.0,6.7,1010.7,1.5,6,2,5,131,51394.9,2009.0,Mixed
2016-05-10 07:00:00,Fox_lodging_Helen,281.88,20.6,0.0,6.1,1011.5,2.6,7,2,5,131,51394.9,2009.0,Mixed
2016-05-10 08:00:00,Fox_lodging_Helen,278.17,22.2,0.0,5.6,1011.8,2.1,8,2,5,131,51394.9,2009.0,Mixed
2016-05-10 09:00:00,Fox_lodging_Helen,301.58,23.9,0.0,5.0,1012.1,2.1,9,2,5,131,51394.9,2009.0,Mixed
2016-05-10 10:00:00,Fox_lodging_Helen,291.25,26.1,0.0,5.6,1012.2,2.1,10,2,5,131,51394.9,2009.0,Mixed
2016-05-10 11:00:00,Fox_lodging_Helen,282.32,27.8,0.0,5.0,1011.9,3.1,11,2,5,131,51394.9,2009.0,Mixed
2016-05-10 12:00:00,Fox_lodging_Helen,281.63,28.9,0.0,4.4,1011.4,2.6,12,2,5,131,51394.9,2009.0,Mixed
2016-05-10 13:00:00,Fox_lodging_Helen,280.13,30.0,2.0,4.4,1010.5,3.1,13,2,5,131,51394.9,2009.0,Mixed
2016-05-10 14:00:00,Fox_lodging_Helen,294.97,31.7,0.0,3.9,1009.7,4.6,14,2,5,131,51394.9,2009.0,Mixed
2016-05-10 15:00:00,Fox_lodging_Helen,312.52,31.1,0.0,3.3,1009.0,2.6,15,2,5,131,51394.9,2009.0,Mixed
2016-05-10 16:00:00,Fox_lodging_Helen,349.25,31.7,0.0,2.8,1008.3,3.6,16,2,5,131,51394.9,2009.0,Mixed
2016-05-10 17:00:00,Fox_lodging_Helen,365.07,32.2,0.0,2.8,1008.0,3.6,17,2,5,131,51394.9,2009.0,Mixed
2016-05-10 18:00:00,Fox_lodging_Helen,386.3,31.7,0.0,0.6,1007.7,3.1,18,2,5,131,51394.9,2009.0,Mixed
2016-05-10 19:00:00,Fox_lodging_Helen,384.97,31.1,0.0,-3.3,1007.9,5.7,19,2,5,131,51394.9,2009.0,Mixed
2016-05-10 20:00:00,Fox_lodging_Helen,384.7,30.6,0.0,-2.2,1008.5,5.1,20,2,5,131,51394.9,2009.0,Mixed
2016-05-10 21:00:00,Fox_lodging_Helen,395.85,30.0,0.0,0.0,1009.2,3.6,21,2,5,131,51394.9,2009.0,Mixed
2016-05-10 22:00:00,Fox_lodging_Helen,388.13,27.2,0.0,1.1,1010.0,2.1,22,2,5,131,51394.9,2009.0,Mixed
2016-05-10 23:00:00,Fox_lodging_Helen,357.5,25.6,0.0,2.8,1010.3,2.1,23,2,5,131,51394.9,2009.0,Mixed
2016-05-11 00:00:00,Fox_lodging_Helen,345.62,25.0,0.0,3.9,1010.6,2.1,0,3,5,132,51394.9,2009.0,Mixed
2016-05-11 01:00:00,Fox_lodging_Helen,328.87,26.1,0.0,4.4,1010.7,2.1,1,3,5,132,51394.9,2009.0,Mixed
2016-05-11 02:00:00,Fox_lodging_Helen,330.03,24.4,0.0,5.6,1010.6,3.1,2,3,5,132,51394.9,2009.0,Mixed
2016-05-11 03:00:00,Fox_lodging_Helen,326.83,24.4,0.0,5.6,1010.9,2.1,3,3,5,132,51394.9,2009.0,Mixed
2016-05-11 04:00:00,Fox_lodging_Helen,325.02,21.7,0.0,6.1,1011.4,3.1,4,3,5,132,51394.9,2009.0,Mixed
2016-05-11 05:00:00,Fox_lodging_Helen,323.95,22.8,4.0,4.4,1011.5,1.5,5,3,5,132,51394.9,2009.0,Mixed
2016-05-11 06:00:00,Fox_lodging_Helen,322.87,21.1,4.0,6.1,1012.3,3.1,6,3,5,132,51394.9,2009.0,Mixed
2016-05-11 07:00:00,Fox_lodging_Helen,310.42,22.2,4.0,3.9,1012.8,2.6,7,3,5,132,51394.9,2009.0,Mixed
2016-05-11 08:00:00,Fox_lodging_Helen,308.47,23.3,4.0,4.4,1013.0,2.6,8,3,5,132,51394.9,2009.0,Mixed
2016-05-11 09:00:00,Fox_lodging_Helen,305.25,25.6,4.0,3.9,1013.3,2.1,9,3,5,132,51394.9,2009.0,Mixed
2016-05-11 10:00:00,Fox_lodging_Helen,300.75,27.8,4.0,3.9,1013.4,2.1,10,3,5,132,51394.9,2009.0,Mixed
2016-05-11 11:00:00,Fox_lodging_Helen,299.67,29.4,2.0,4.4,1013.3,2.6,11,3,5,132,51394.9,2009.0,Mixed
2016-05-11 12:00:00,Fox_lodging_Helen,294.77,30.6,2.0,4.4,1012.9,1.5,12,3,5,132,51394.9,2009.0,Mixed
2016-05-11 13:00:00,Fox_lodging_Helen,305.03,32.2,4.0,3.3,1012.2,3.1,13,3,5,132,51394.9,2009.0,Mixed
2016-05-11 14:00:00,Fox_lodging_Helen,314.33,34.4,4.0,3.3,1011.5,3.6,14,3,5,132,51394.9,2009.0,Mixed
2016-05-11 15:00:00,Fox_lodging_Helen,328.27,33.9,4.0,1.7,1010.8,4.6,15,3,5,132,51394.9,2009.0,Mixed
2016-05-11 16:00:00,Fox_lodging_Helen,358.25,33.3,5.0,0.6,1010.3,2.6,16,3,5,132,51394.9,2009.0,Mixed
2016-05-11 17:00:00,Fox_lodging_Helen,375.05,33.9,6.0,1.1,1009.9,3.1,17,3,5,132,51394.9,2009.0,Mixed
2016-05-11 18:00:00,Fox_lodging_Helen,409.87,33.9,4.0,0.6,1010.0,4.6,18,3,5,132,51394.9,2009.0,Mixed
2016-05-11 19:00:00,Fox_lodging_Helen,399.97,33.3,4.0,-2.8,1010.0,4.1,19,3,5,132,51394.9,2009.0,Mixed
2016-05-11 20:00:00,Fox_lodging_Helen,403.13,32.8,4.0,-1.1,1010.5,3.6,20,3,5,132,51394.9,2009.0,Mixed
2016-05-11 21:00:00,Fox_lodging_Helen,415.57,29.4,4.0,0.6,1011.0,2.1,21,3,5,132,51394.9,2009.0,Mixed
2016-05-11 22:00:00,Fox_lodging_Helen,395.2,28.9,5.0,1.1,1011.3,0.0,22,3,5,132,51394.9,2009.0,Mixed
2016-05-11 23:00:00,Fox_lodging_Helen,370.17,27.2,6.0,2.8,1011.2,0.0,23,3,5,132,51394.9,2009.0,Mixed
2016-05-12 00:00:00,Fox_lodging_Helen,374.05,26.7,4.0,2.2,1011.2,0.0,0,4,5,133,51394.9,2009.0,Mixed
2016-05-12 01:00:00,Fox_lodging_Helen,345.43,25.0,2.0,2.8,1011.5,2.1,1,4,5,133,51394.9,2009.0,Mixed
2016-05-12 02:00:00,Fox_lodging_Helen,341.3,25.0,0.0,1.1,1011.3,1.5,2,4,5,133,51394.9,2009.0,Mixed
2016-05-12 03:00:00,Fox_lodging_Helen,337.23,22.8,2.0,3.9,1011.3,1.5,3,4,5,133,51394.9,2009.0,Mixed
2016-05-12 04:00:00,Fox_lodging_Helen,339.1,23.3,2.0,1.1,1011.7,1.5,4,4,5,133,51394.9,2009.0,Mixed
2016-05-12 05:00:00,Fox_lodging_Helen,339.43,22.2,2.0,1.7,1012.0,3.1,5,4,5,133,51394.9,2009.0,Mixed
2016-05-12 06:00:00,Fox_lodging_Helen,338.68,21.1,2.3333333333333335,2.8,1012.6,3.1,6,4,5,133,51394.9,2009.0,Mixed
2016-05-12 07:00:00,Fox_lodging_Helen,327.45,23.3,2.6666666666666665,2.8,1013.4,2.6,7,4,5,133,51394.9,2009.0,Mixed
2016-05-12 08:00:00,Fox_lodging_Helen,317.8,25.6,3.0,2.2,1013.7,3.6,8,4,5,133,51394.9,2009.0,Mixed
2016-05-12 09:00:00,Fox_lodging_Helen,319.97,28.9,3.0,2.2,1013.9,2.6,9,4,5,133,51394.9,2009.0,Mixed
2016-05-12 10:00:00,Fox_lodging_Helen,306.55,31.7,3.0,2.8,1013.9,3.6,10,4,5,133,51394.9,2009.0,Mixed
2016-05-12 11:00:00,Fox_lodging_Helen,322.53,32.2,4.0,1.7,1013.7,1.5,11,4,5,133,51394.9,2009.0,Mixed
2016-05-12 12:00:00,Fox_lodging_Helen,310.07,33.9,2.0,1.1,1013.2,4.1,12,4,5,133,51394.9,2009.0,Mixed
2016-05-12 13:00:00,Fox_lodging_Helen,318.23,35.6,2.0,-1.7,1012.3,0.0,13,4,5,133,51394.9,2009.0,Mixed
2016-05-12 14:00:00,Fox_lodging_Helen,321.88,37.2,2.0,-2.2,1011.6,3.1,14,4,5,133,51394.9,2009.0,Mixed
2016-05-12 15:00:00,Fox_lodging_Helen,335.85,37.2,2.0,-3.3,1011.0,4.1,15,4,5,133,51394.9,2009.0,Mixed
2016-05-12 16:00:00,Fox_lodging_Helen,360.45,37.2,2.0,-5.6,1010.2,0.0,16,4,5,133,51394.9,2009.0,Mixed
2016-05-12 17:00:00,Fox_lodging_Helen,383.33,37.8,2.0,-6.1,1009.8,0.0,17,4,5,133,51394.9,2009.0,Mixed
2016-05-12 18:00:00,Fox_lodging_Helen,401.87,37.8,2.0,-5.6,1009.5,0.0,18,4,5,133,51394.9,2009.0,Mixed
2016-05-12 19:00:00,Fox_lodging_Helen,419.95,36.7,2.0,-4.4,1009.4,4.1,19,4,5,133,51394.9,2009.0,Mixed
2016-05-12 20:00:00,Fox_lodging_Helen,413.85,35.6,2.0,-3.9,1009.6,3.6,20,4,5,133,51394.9,2009.0,Mixed
2016-05-12 21:00:00,Fox_lodging_Helen,423.03,34.4,2.0,-2.2,1009.9,3.6,21,4,5,133,51394.9,2009.0,Mixed
2016-05-12 22:00:00,Fox_lodging_Helen,390.28,32.8,0.0,0.0,1010.3,1.5,22,4,5,133,51394.9,2009.0,Mixed
2016-05-12 23:00:00,Fox_lodging_Helen,371.47,28.9,0.0,1.7,1010.4,2.1,23,4,5,133,51394.9,2009.0,Mixed
2016-05-13 00:00:00,Fox_lodging_Helen,373.27,28.9,0.0,0.6,1010.4,0.0,0,5,5,134,51394.9,2009.0,Mixed
2016-05-13 01:00:00,Fox_lodging_Helen,368.72,26.1,0.0,3.9,1010.5,2.6,1,5,5,134,51394.9,2009.0,Mixed
2016-05-13 02:00:00,Fox_lodging_Helen,364.02,27.8,0.0,1.7,1010.3,3.1,2,5,5,134,51394.9,2009.0,Mixed
2016-05-13 03:00:00,Fox_lodging_Helen,378.8,24.4,0.0,2.2,1010.7,0.0,3,5,5,134,51394.9,2009.0,Mixed
2016-05-13 04:00:00,Fox_lodging_Helen,369.92,25.6,0.0,0.0,1010.8,2.6,4,5,5,134,51394.9,2009.0,Mixed
2016-05-13 05:00:00,Fox_lodging_Helen,367.8,23.3,0.0,0.0,1011.3,2.6,5,5,5,134,51394.9,2009.0,Mixed
2016-05-13 06:00:00,Fox_lodging_Helen,373.02,22.2,0.0,0.0,1011.9,2.6,6,5,5,134,51394.9,2009.0,Mixed
2016-05-13 07:00:00,Fox_lodging_Helen,365.2,24.4,0.0,0.0,1012.4,2.1,7,5,5,134,51394.9,2009.0,Mixed
2016-05-13 08:00:00,Fox_lodging_Helen,349.3,27.2,0.0,-0.6,1012.7,3.1,8,5,5,134,51394.9,2009.0,Mixed
2016-05-13 09:00:00,Fox_lodging_Helen,333.3,30.6,2.0,0.0,1012.6,3.1,9,5,5,134,51394.9,2009.0,Mixed
2016-05-13 10:00:00,Fox_lodging_Helen,327.02,31.7,2.0,1.1,1012.6,1.5,10,5,5,134,51394.9,2009.0,Mixed
2016-05-13 11:00:00,Fox_lodging_Helen,318.33,33.9,2.0,0.6,1012.6,2.6,11,5,5,134,51394.9,2009.0,Mixed
2016-05-13 12:00:00,Fox_lodging_Helen,312.87,35.0,2.0,0.0,1012.1,5.1,12,5,5,134,51394.9,2009.0,Mixed
2016-05-13 13:00:00,Fox_lodging_Helen,311.83,37.2,4.0,0.0,1011.4,4.1,13,5,5,134,51394.9,2009.0,Mixed
2016-05-13 14:00:00,Fox_lodging_Helen,333.25,37.2,4.0,-1.1,1010.6,3.1,14,5,5,134,51394.9,2009.0,Mixed
2016-05-13 15:00:00,Fox_lodging_Helen,335.52,37.8,4.0,-1.7,1009.8,2.6,15,5,5,134,51394.9,2009.0,Mixed
2016-05-13 16:00:00,Fox_lodging_Helen,350.15,37.8,4.0,-2.2,1008.7,3.1,16,5,5,134,51394.9,2009.0,Mixed
2016-05-13 17:00:00,Fox_lodging_Helen,368.92,37.8,0.0,-2.2,1008.3,3.6,17,5,5,134,51394.9,2009.0,Mixed
2016-05-13 18:00:00,Fox_lodging_Helen,405.87,37.8,4.0,-2.2,1007.9,2.6,18,5,5,134,51394.9,2009.0,Mixed
2016-05-13 19:00:00,Fox_lodging_Helen,396.4,37.2,4.0,-3.3,1007.8,2.6,19,5,5,134,51394.9,2009.0,Mixed
2016-05-13 20:00:00,Fox_lodging_Helen,404.45,36.7,4.0,-2.8,1007.9,2.6,20,5,5,134,51394.9,2009.0,Mixed
2016-05-13 21:00:00,Fox_lodging_Helen,416.93,35.0,2.0,-2.2,1007.9,0.0,21,5,5,134,51394.9,2009.0,Mixed
2016-05-13 22:00:00,Fox_lodging_Helen,397.23,32.8,0.0,0.0,1008.5,0.0,22,5,5,134,51394.9,2009.0,Mixed
2016-05-13 23:00:00,Fox_lodging_Helen,380.63,30.6,0.0,1.1,1008.4,2.1,23,5,5,134,51394.9,2009.0,Mixed
2016-05-14 00:00:00,Fox_lodging_Helen,279.43,31.7,0.0,0.6,1008.2,3.6,0,6,5,135,51394.9,2009.0,Mixed
2016-05-14 01:00:00,Fox_lodging_Helen,346.78,30.6,0.0,2.8,1008.2,1.5,1,6,5,135,51394.9,2009.0,Mixed
2016-05-14 02:00:00,Fox_lodging_Helen,351.35,29.4,0.0,3.9,1008.0,3.1,2,6,5,135,51394.9,2009.0,Mixed
2016-05-14 03:00:00,Fox_lodging_Helen,349.93,26.7,0.0,4.4,1008.3,2.1,3,6,5,135,51394.9,2009.0,Mixed
2016-05-14 04:00:00,Fox_lodging_Helen,349.3,26.1,0.0,4.4,1008.6,2.1,4,6,5,135,51394.9,2009.0,Mixed
2016-05-14 05:00:00,Fox_lodging_Helen,350.15,25.0,0.0,3.3,1008.8,3.1,5,6,5,135,51394.9,2009.0,Mixed
2016-05-14 06:00:00,Fox_lodging_Helen,346.62,24.4,1.0,3.3,1009.1,2.1,6,6,5,135,51394.9,2009.0,Mixed
2016-05-14 07:00:00,Fox_lodging_Helen,333.48,26.1,2.0,2.8,1009.5,4.1,7,6,5,135,51394.9,2009.0,Mixed
2016-05-14 08:00:00,Fox_lodging_Helen,325.5,27.8,3.0,4.4,1009.9,3.1,8,6,5,135,51394.9,2009.0,Mixed
2016-05-14 09:00:00,Fox_lodging_Helen,321.53,30.0,3.0,6.1,1009.7,2.6,9,6,5,135,51394.9,2009.0,Mixed
2016-05-14 10:00:00,Fox_lodging_Helen,315.63,33.3,3.0,6.7,1009.6,2.6,10,6,5,135,51394.9,2009.0,Mixed
2016-05-14 11:00:00,Fox_lodging_Helen,313.52,35.0,6.0,7.2,1009.2,3.6,11,6,5,135,51394.9,2009.0,Mixed
2016-05-14 12:00:00,Fox_lodging_Helen,307.78,35.0,6.0,6.7,1008.5,2.1,12,6,5,135,51394.9,2009.0,Mixed
2016-05-14 13:00:00,Fox_lodging_Helen,317.43,36.7,6.0,7.2,1007.4,3.6,13,6,5,135,51394.9,2009.0,Mixed
2016-05-14 14:00:00,Fox_lodging_Helen,323.58,37.2,6.0,7.8,1006.3,4.6,14,6,5,135,51394.9,2009.0,Mixed
2016-05-14 15:00:00,Fox_lodging_Helen,342.97,37.8,6.0,7.8,1005.1,3.6,15,6,5,135,51394.9,2009.0,Mixed
2016-05-14 16:00:00,Fox_lodging_Helen,364.35,37.8,6.0,7.8,1004.1,3.6,16,6,5,135,51394.9,2009.0,Mixed
2016-05-14 17:00:00,Fox_lodging_Helen,390.25,37.2,6.0,6.7,1003.2,1.5,17,6,5,135,51394.9,2009.0,Mixed
2016-05-14 18:00:00,Fox_lodging_Helen,412.62,37.2,6.0,2.8,1002.7,9.3,18,6,5,135,51394.9,2009.0,Mixed
2016-05-14 19:00:00,Fox_lodging_Helen,412.88,36.1,6.0,1.7,1002.9,9.3,19,6,5,135,51394.9,2009.0,Mixed
2016-05-14 20:00:00,Fox_lodging_Helen,408.63,34.4,6.0,1.1,1003.4,8.2,20,6,5,135,51394.9,2009.0,Mixed
2016-05-14 21:00:00,Fox_lodging_Helen,409.3,32.8,6.0,1.1,1004.0,7.2,21,6,5,135,51394.9,2009.0,Mixed
2016-05-14 22:00:00,Fox_lodging_Helen,404.8,31.1,6.0,1.7,1004.6,5.1,22,6,5,135,51394.9,2009.0,Mixed
2016-05-14 23:00:00,Fox_lodging_Helen,363.7,29.4,6.0,0.6,1005.0,3.1,23,6,5,135,51394.9,2009.0,Mixed
2016-05-15 00:00:00,Fox_lodging_Helen,353.78,30.0,5.0,1.1,1004.9,2.6,0,7,5,136,51394.9,2009.0,Mixed
2016-05-15 01:00:00,Fox_lodging_Helen,352.53,27.8,4.0,2.2,1005.1,2.1,1,7,5,136,51394.9,2009.0,Mixed
2016-05-15 02:00:00,Fox_lodging_Helen,356.68,26.1,4.0,3.9,1004.9,3.1,2,7,5,136,51394.9,2009.0,Mixed
2016-05-15 03:00:00,Fox_lodging_Helen,350.35,25.6,4.0,3.3,1004.7,1.5,3,7,5,136,51394.9,2009.0,Mixed
2016-05-15 04:00:00,Fox_lodging_Helen,351.1,25.6,4.0,3.9,1004.5,4.6,4,7,5,136,51394.9,2009.0,Mixed
2016-05-15 05:00:00,Fox_lodging_Helen,351.47,24.4,4.0,4.4,1004.6,3.6,5,7,5,136,51394.9,2009.0,Mixed
2016-05-15 06:00:00,Fox_lodging_Helen,349.67,23.9,4.0,4.4,1005.0,1.5,6,7,5,136,51394.9,2009.0,Mixed
2016-05-15 07:00:00,Fox_lodging_Helen,335.07,25.0,4.0,4.4,1005.4,3.6,7,7,5,136,51394.9,2009.0,Mixed
2016-05-15 08:00:00,Fox_lodging_Helen,325.32,26.7,4.0,5.0,1005.8,3.1,8,7,5,136,51394.9,2009.0,Mixed
2016-05-15 09:00:00,Fox_lodging_Helen,310.38,27.8,4.0,5.0,1006.0,3.1,9,7,5,136,51394.9,2009.0,Mixed
2016-05-15 10:00:00,Fox_lodging_Helen,297.75,30.0,4.0,4.4,1005.6,2.1,10,7,5,136,51394.9,2009.0,Mixed
2016-05-15 11:00:00,Fox_lodging_Helen,294.3,31.1,2.0,1.7,1005.5,2.6,11,7,5,136,51394.9,2009.0,Mixed
2016-05-15 12:00:00,Fox_lodging_Helen,287.03,32.2,2.0,2.8,1004.9,5.1,12,7,5,136,51394.9,2009.0,Mixed
2016-05-15 13:00:00,Fox_lodging_Helen,296.33,32.2,2.0,3.3,1004.3,3.1,13,7,5,136,51394.9,2009.0,Mixed
2016-05-15 14:00:00,Fox_lodging_Helen,302.62,32.8,2.0,2.2,1003.7,2.6,14,7,5,136,51394.9,2009.0,Mixed
2016-05-15 15:00:00,Fox_lodging_Helen,316.33,33.9,2.0,0.6,1002.7,7.2,15,7,5,136,51394.9,2009.0,Mixed
2016-05-15 16:00:00,Fox_lodging_Helen,331.75,34.4,0.0,2.2,1002.2,5.7,16,7,5,136,51394.9,2009.0,Mixed
2016-05-15 17:00:00,Fox_lodging_Helen,364.7,33.9,0.0,3.3,1002.2,6.2,17,7,5,136,51394.9,2009.0,Mixed
2016-05-15 18:00:00,Fox_lodging_Helen,386.95,32.8,0.0,1.7,1002.3,7.7,18,7,5,136,51394.9,2009.0,Mixed
2016-05-15 19:00:00,Fox_lodging_Helen,390.5,31.7,0.0,2.8,1002.5,6.7,19,7,5,136,51394.9,2009.0,Mixed
2016-05-15 20:00:00,Fox_lodging_Helen,387.82,30.0,0.0,0.6,1002.8,6.7,20,7,5,136,51394.9,2009.0,Mixed
2016-05-15 21:00:00,Fox_lodging_Helen,390.35,29.4,0.0,0.6,1003.3,3.6,21,7,5,136,51394.9,2009.0,Mixed
2016-05-15 22:00:00,Fox_lodging_Helen,373.37,28.3,0.0,1.7,1004.0,3.1,22,7,5,136,51394.9,2009.0,Mixed
2016-05-15 23:00:00,Fox_lodging_Helen,345.57,27.2,0.0,2.8,1004.0,3.6,23,7,5,136,51394.9,2009.0,Mixed
2016-05-16 00:00:00,Fox_lodging_Helen,339.38,26.1,0.0,3.3,1004.4,4.1,0,1,5,137,51394.9,2009.0,Mixed
2016-05-16 01:00:00,Fox_lodging_Helen,173.82,25.6,0.0,3.9,1004.7,4.6,1,1,5,137,51394.9,2009.0,Mixed
2016-05-16 02:00:00,Fox_lodging_Helen,267.68,23.9,2.0,5.0,1004.7,3.1,2,1,5,137,51394.9,2009.0,Mixed
2016-05-16 03:00:00,Fox_lodging_Helen,87.62,23.9,0.0,4.4,1005.3,0.0,3,1,5,137,51394.9,2009.0,Mixed
2016-05-16 04:00:00,Fox_lodging_Helen,171.28,22.8,2.0,2.8,1005.8,3.1,4,1,5,137,51394.9,2009.0,Mixed
2016-05-16 05:00:00,Fox_lodging_Helen,344.22,22.2,0.0,2.2,1006.3,3.6,5,1,5,137,51394.9,2009.0,Mixed
2016-05-16 06:00:00,Fox_lodging_Helen,339.15,21.1,0.0,3.3,1007.2,3.1,6,1,5,137,51394.9,2009.0,Mixed
2016-05-16 07:00:00,Fox_lodging_Helen,335.0,22.2,0.0,5.0,1007.6,3.1,7,1,5,137,51394.9,2009.0,Mixed
2016-05-16 08:00:00,Fox_lodging_Helen,327.87,23.9,0.0,5.0,1008.0,3.1,8,1,5,137,51394.9,2009.0,Mixed
2016-05-16 09:00:00,Fox_lodging_Helen,326.97,25.6,0.0,5.0,1008.1,2.6,9,1,5,137,51394.9,2009.0,Mixed
2016-05-16 10:00:00,Fox_lodging_Helen,314.6,26.7,0.0,5.0,1007.9,4.6,10,1,5,137,51394.9,2009.0,Mixed
2016-05-16 11:00:00,Fox_lodging_Helen,309.43,28.9,2.0,5.0,1007.3,4.6,11,1,5,137,51394.9,2009.0,Mixed
2016-05-16 12:00:00,Fox_lodging_Helen,305.53,29.4,4.0,4.4,1006.6,4.1,12,1,5,137,51394.9,2009.0,Mixed
2016-05-16 13:00:00,Fox_lodging_Helen,310.9,30.6,4.0,3.9,1005.6,1.5,13,1,5,137,51394.9,2009.0,Mixed
2016-05-16 14:00:00,Fox_lodging_Helen,317.83,31.1,2.0,2.8,1004.9,3.1,14,1,5,137,51394.9,2009.0,Mixed
2016-05-16 15:00:00,Fox_lodging_Helen,329.23,32.2,2.0,2.2,1003.9,4.1,15,1,5,137,51394.9,2009.0,Mixed
2016-05-16 16:00:00,Fox_lodging_Helen,349.15,32.8,2.0,3.9,1003.5,6.2,16,1,5,137,51394.9,2009.0,Mixed
2016-05-16 17:00:00,Fox_lodging_Helen,371.35,32.2,2.0,3.9,1003.2,3.6,17,1,5,137,51394.9,2009.0,Mixed
2016-05-16 18:00:00,Fox_lodging_Helen,394.15,31.7,2.0,3.3,1003.1,5.1,18,1,5,137,51394.9,2009.0,Mixed
2016-05-16 19:00:00,Fox_lodging_Helen,399.57,31.7,2.0,1.7,1003.2,6.7,19,1,5,137,51394.9,2009.0,Mixed
2016-05-16 20:00:00,Fox_lodging_Helen,403.07,30.6,2.0,1.7,1003.9,5.7,20,1,5,137,51394.9,2009.0,Mixed
2016-05-16 21:00:00,Fox_lodging_Helen,401.12,28.9,0.0,1.7,1004.7,3.6,21,1,5,137,51394.9,2009.0,Mixed
2016-05-16 22:00:00,Fox_lodging_Helen,389.43,27.8,0.0,2.8,1005.3,2.6,22,1,5,137,51394.9,2009.0,Mixed
2016-05-16 23:00:00,Fox_lodging_Helen,369.95,26.1,0.0,5.0,1005.3,2.6,23,1,5,137,51394.9,2009.0,Mixed
2016-05-17 00:00:00,Fox_lodging_Helen,368.28,27.2,0.0,5.6,1005.5,2.6,0,2,5,138,51394.9,2009.0,Mixed
2016-05-17 01:00:00,Fox_lodging_Helen,364.17,26.1,2.0,5.0,1005.6,1.5,1,2,5,138,51394.9,2009.0,Mixed
2016-05-17 02:00:00,Fox_lodging_Helen,365.7,24.4,2.0,3.3,1005.6,4.1,2,2,5,138,51394.9,2009.0,Mixed
2016-05-17 03:00:00,Fox_lodging_Helen,368.87,23.3,2.0,1.1,1005.8,0.0,3,2,5,138,51394.9,2009.0,Mixed
2016-05-17 04:00:00,Fox_lodging_Helen,367.05,22.2,2.0,1.7,1005.9,0.0,4,2,5,138,51394.9,2009.0,Mixed
2016-05-17 05:00:00,Fox_lodging_Helen,368.9,21.7,4.0,1.1,1006.0,2.1,5,2,5,138,51394.9,2009.0,Mixed
2016-05-17 06:00:00,Fox_lodging_Helen,362.38,21.7,3.5,3.9,1006.7,2.6,6,2,5,138,51394.9,2009.0,Mixed
2016-05-17 07:00:00,Fox_lodging_Helen,351.27,22.8,3.0,0.6,1007.2,2.6,7,2,5,138,51394.9,2009.0,Mixed
2016-05-17 08:00:00,Fox_lodging_Helen,341.37,23.9,2.5,0.0,1008.1,2.1,8,2,5,138,51394.9,2009.0,Mixed
2016-05-17 09:00:00,Fox_lodging_Helen,327.93,25.6,2.0,1.1,1008.2,1.5,9,2,5,138,51394.9,2009.0,Mixed
2016-05-17 10:00:00,Fox_lodging_Helen,317.63,27.8,2.0,2.8,1008.2,3.6,10,2,5,138,51394.9,2009.0,Mixed
2016-05-17 11:00:00,Fox_lodging_Helen,310.48,27.8,2.0,3.9,1008.4,5.7,11,2,5,138,51394.9,2009.0,Mixed
2016-05-17 12:00:00,Fox_lodging_Helen,312.63,30.0,2.0,3.3,1007.3,3.6,12,2,5,138,51394.9,2009.0,Mixed
2016-05-17 13:00:00,Fox_lodging_Helen,310.42,31.7,2.0,2.2,1006.4,6.7,13,2,5,138,51394.9,2009.0,Mixed
2016-05-17 14:00:00,Fox_lodging_Helen,318.87,30.6,2.0,0.0,1006.1,5.1,14,2,5,138,51394.9,2009.0,Mixed
2016-05-17 15:00:00,Fox_lodging_Helen,322.95,32.2,2.0,0.0,1005.4,6.2,15,2,5,138,51394.9,2009.0,Mixed
2016-05-17 16:00:00,Fox_lodging_Helen,346.42,31.7,4.0,1.1,1004.9,6.7,16,2,5,138,51394.9,2009.0,Mixed
2016-05-17 17:00:00,Fox_lodging_Helen,374.07,31.1,4.0,2.8,1005.2,2.6,17,2,5,138,51394.9,2009.0,Mixed
2016-05-17 18:00:00,Fox_lodging_Helen,379.18,30.6,4.333333333333333,3.9,1005.3,4.6,18,2,5,138,51394.9,2009.0,Mixed
2016-05-17 19:00:00,Fox_lodging_Helen,382.93,27.2,4.666666666666667,5.6,1005.9,13.4,19,2,5,138,51394.9,2009.0,Mixed
2016-05-17 20:00:00,Fox_lodging_Helen,387.87,25.6,5.0,5.0,1006.5,12.4,20,2,5,138,51394.9,2009.0,Mixed
2016-05-17 21:00:00,Fox_lodging_Helen,393.75,26.1,5.0,5.0,1007.9,9.3,21,2,5,138,51394.9,2009.0,Mixed
2016-05-17 22:00:00,Fox_lodging_Helen,373.65,25.0,5.0,6.7,1009.3,7.7,22,2,5,138,51394.9,2009.0,Mixed
2016-05-17 23:00:00,Fox_lodging_Helen,360.97,24.4,6.0,6.1,1008.8,6.7,23,2,5,138,51394.9,2009.0,Mixed
2016-05-18 00:00:00,Fox_lodging_Helen,351.35,23.9,6.0,6.7,1008.5,4.1,0,3,5,139,51394.9,2009.0,Mixed
2016-05-18 01:00:00,Fox_lodging_Helen,334.0,23.9,6.0,6.7,1008.6,1.5,1,3,5,139,51394.9,2009.0,Mixed
2016-05-18 02:00:00,Fox_lodging_Helen,335.68,23.9,6.0,6.1,1008.5,5.7,2,3,5,139,51394.9,2009.0,Mixed
2016-05-18 03:00:00,Fox_lodging_Helen,336.5,22.2,6.0,8.3,1008.5,4.6,3,3,5,139,51394.9,2009.0,Mixed
2016-05-18 04:00:00,Fox_lodging_Helen,331.52,22.2,6.0,8.3,1008.4,4.1,4,3,5,139,51394.9,2009.0,Mixed
2016-05-18 05:00:00,Fox_lodging_Helen,338.68,21.7,6.0,8.9,1008.9,4.6,5,3,5,139,51394.9,2009.0,Mixed
2016-05-18 06:00:00,Fox_lodging_Helen,331.05,21.7,6.0,8.9,1009.3,2.6,6,3,5,139,51394.9,2009.0,Mixed
2016-05-18 07:00:00,Fox_lodging_Helen,328.07,22.2,6.0,8.9,1010.1,0.0,7,3,5,139,51394.9,2009.0,Mixed
2016-05-18 08:00:00,Fox_lodging_Helen,326.45,22.2,6.0,9.4,1010.5,3.6,8,3,5,139,51394.9,2009.0,Mixed
2016-05-18 09:00:00,Fox_lodging_Helen,337.45,23.9,6.0,9.4,1011.1,2.6,9,3,5,139,51394.9,2009.0,Mixed
2016-05-18 10:00:00,Fox_lodging_Helen,353.45,24.4,6.0,9.4,1011.0,4.1,10,3,5,139,51394.9,2009.0,Mixed
2016-05-18 11:00:00,Fox_lodging_Helen,306.62,26.7,6.0,8.9,1011.0,5.1,11,3,5,139,51394.9,2009.0,Mixed
2016-05-18 12:00:00,Fox_lodging_Helen,327.63,26.1,6.0,8.3,1010.6,6.2,12,3,5,139,51394.9,2009.0,Mixed
2016-05-18 13:00:00,Fox_lodging_Helen,296.13,27.8,6.0,7.8,1009.9,3.6,13,3,5,139,51394.9,2009.0,Mixed
2016-05-18 14:00:00,Fox_lodging_Helen,307.32,28.9,6.0,7.2,1009.3,1.5,14,3,5,139,51394.9,2009.0,Mixed
2016-05-18 15:00:00,Fox_lodging_Helen,331.92,29.4,6.0,6.7,1008.6,3.1,15,3,5,139,51394.9,2009.0,Mixed
2016-05-18 16:00:00,Fox_lodging_Helen,361.35,30.0,6.0,6.1,1007.9,2.6,16,3,5,139,51394.9,2009.0,Mixed
2016-05-18 17:00:00,Fox_lodging_Helen,378.43,30.0,6.0,5.6,1007.8,2.6,17,3,5,139,51394.9,2009.0,Mixed
2016-05-18 18:00:00,Fox_lodging_Helen,381.63,28.9,5.6,5.6,1008.3,1.5,18,3,5,139,51394.9,2009.0,Mixed
2016-05-18 19:00:00,Fox_lodging_Helen,386.53,28.9,5.2,6.1,1008.2,4.6,19,3,5,139,51394.9,2009.0,Mixed
2016-05-18 20:00:00,Fox_lodging_Helen,393.45,27.2,4.8,7.8,1008.8,5.1,20,3,5,139,51394.9,2009.0,Mixed
2016-05-18 21:00:00,Fox_lodging_Helen,394.53,26.7,4.8,7.8,1009.3,2.6,21,3,5,139,51394.9,2009.0,Mixed
2016-05-18 22:00:00,Fox_lodging_Helen,373.95,25.6,4.0,8.3,1010.0,0.0,22,3,5,139,51394.9,2009.0,Mixed
2016-05-18 23:00:00,Fox_lodging_Helen,362.12,25.6,4.0,7.8,1010.1,2.1,23,3,5,139,51394.9,2009.0,Mixed
2016-05-19 00:00:00,Fox_lodging_Helen,351.57,24.4,4.0,8.3,1010.2,3.6,0,4,5,140,51394.9,2009.0,Mixed
2016-05-19 01:00:00,Fox_lodging_Helen,332.17,23.9,4.0,8.9,1009.9,3.6,1,4,5,140,51394.9,2009.0,Mixed
2016-05-19 02:00:00,Fox_lodging_Helen,328.75,22.8,2.0,8.3,1009.5,3.1,2,4,5,140,51394.9,2009.0,Mixed
2016-05-19 03:00:00,Fox_lodging_Helen,333.23,22.2,2.0,7.8,1009.3,2.1,3,4,5,140,51394.9,2009.0,Mixed
2016-05-19 04:00:00,Fox_lodging_Helen,332.97,21.7,2.0,8.3,1009.3,2.1,4,4,5,140,51394.9,2009.0,Mixed
2016-05-19 05:00:00,Fox_lodging_Helen,334.78,21.7,0.0,8.3,1009.2,3.1,5,4,5,140,51394.9,2009.0,Mixed
2016-05-19 06:00:00,Fox_lodging_Helen,335.35,21.7,0.0,8.3,1009.8,3.6,6,4,5,140,51394.9,2009.0,Mixed
2016-05-19 07:00:00,Fox_lodging_Helen,327.73,22.2,0.0,8.3,1010.3,3.6,7,4,5,140,51394.9,2009.0,Mixed
2016-05-19 08:00:00,Fox_lodging_Helen,335.45,24.4,0.0,8.3,1010.3,5.1,8,4,5,140,51394.9,2009.0,Mixed
2016-05-19 09:00:00,Fox_lodging_Helen,336.78,25.6,0.0,7.8,1010.3,3.1,9,4,5,140,51394.9,2009.0,Mixed
2016-05-19 10:00:00,Fox_lodging_Helen,327.28,27.2,2.0,7.8,1010.0,2.1,10,4,5,140,51394.9,2009.0,Mixed
2016-05-19 11:00:00,Fox_lodging_Helen,316.07,28.9,2.0,7.8,1009.4,1.5,11,4,5,140,51394.9,2009.0,Mixed
2016-05-19 12:00:00,Fox_lodging_Helen,313.82,31.1,2.0,6.7,1008.6,4.1,12,4,5,140,51394.9,2009.0,Mixed
2016-05-19 13:00:00,Fox_lodging_Helen,314.08,31.1,2.0,6.1,1007.5,1.5,13,4,5,140,51394.9,2009.0,Mixed
2016-05-19 14:00:00,Fox_lodging_Helen,330.1,32.2,2.0,5.6,1006.8,0.0,14,4,5,140,51394.9,2009.0,Mixed
2016-05-19 15:00:00,Fox_lodging_Helen,342.38,32.2,2.0,5.6,1005.7,2.6,15,4,5,140,51394.9,2009.0,Mixed
2016-05-19 16:00:00,Fox_lodging_Helen,360.22,32.8,2.0,4.4,1004.8,3.1,16,4,5,140,51394.9,2009.0,Mixed
2016-05-19 17:00:00,Fox_lodging_Helen,388.22,33.3,2.0,3.9,1004.2,4.1,17,4,5,140,51394.9,2009.0,Mixed
2016-05-19 18:00:00,Fox_lodging_Helen,403.35,32.8,2.0,5.0,1003.8,1.5,18,4,5,140,51394.9,2009.0,Mixed
2016-05-19 19:00:00,Fox_lodging_Helen,408.73,32.8,2.0,5.0,1003.5,5.1,19,4,5,140,51394.9,2009.0,Mixed
2016-05-19 20:00:00,Fox_lodging_Helen,407.08,32.2,2.0,4.4,1003.5,3.1,20,4,5,140,51394.9,2009.0,Mixed
2016-05-19 21:00:00,Fox_lodging_Helen,406.33,30.6,2.0,5.0,1003.8,0.0,21,4,5,140,51394.9,2009.0,Mixed
2016-05-19 22:00:00,Fox_lodging_Helen,400.93,28.9,0.0,5.6,1004.1,0.0,22,4,5,140,51394.9,2009.0,Mixed
2016-05-19 23:00:00,Fox_lodging_Helen,380.85,28.9,0.0,5.0,1004.0,1.5,23,4,5,140,51394.9,2009.0,Mixed
2016-05-20 00:00:00,Fox_lodging_Helen,371.6,28.3,0.0,4.4,1004.1,2.6,0,5,5,141,51394.9,2009.0,Mixed
2016-05-20 01:00:00,Fox_lodging_Helen,349.58,28.3,0.0,5.6,1004.1,3.6,1,5,5,141,51394.9,2009.0,Mixed
2016-05-20 02:00:00,Fox_lodging_Helen,346.67,28.3,0.0,6.1,1004.4,3.1,2,5,5,141,51394.9,2009.0,Mixed
2016-05-20 03:00:00,Fox_lodging_Helen,349.12,27.2,0.0,5.6,1004.7,5.1,3,5,5,141,51394.9,2009.0,Mixed
2016-05-20 04:00:00,Fox_lodging_Helen,350.48,25.0,0.0,6.1,1005.1,1.5,4,5,5,141,51394.9,2009.0,Mixed
2016-05-20 05:00:00,Fox_lodging_Helen,358.68,23.3,2.0,6.7,1005.4,3.1,5,5,5,141,51394.9,2009.0,Mixed
2016-05-20 06:00:00,Fox_lodging_Helen,362.63,22.8,2.0,6.7,1005.9,3.1,6,5,5,141,51394.9,2009.0,Mixed
2016-05-20 07:00:00,Fox_lodging_Helen,354.78,23.9,2.0,6.7,1006.2,5.1,7,5,5,141,51394.9,2009.0,Mixed
2016-05-20 08:00:00,Fox_lodging_Helen,339.48,26.1,2.0,6.1,1006.6,3.1,8,5,5,141,51394.9,2009.0,Mixed
2016-05-20 09:00:00,Fox_lodging_Helen,329.67,28.3,2.0,6.1,1006.6,5.1,9,5,5,141,51394.9,2009.0,Mixed
2016-05-20 10:00:00,Fox_lodging_Helen,322.17,30.6,2.0,6.1,1006.2,7.2,10,5,5,141,51394.9,2009.0,Mixed
2016-05-20 11:00:00,Fox_lodging_Helen,321.05,32.2,2.0,5.6,1005.9,6.7,11,5,5,141,51394.9,2009.0,Mixed
2016-05-20 12:00:00,Fox_lodging_Helen,321.8,33.9,2.0,5.0,1005.0,8.8,12,5,5,141,51394.9,2009.0,Mixed
2016-05-20 13:00:00,Fox_lodging_Helen,327.38,34.4,2.0,3.9,1004.2,6.2,13,5,5,141,51394.9,2009.0,Mixed
2016-05-20 14:00:00,Fox_lodging_Helen,331.22,35.6,2.0,0.6,1003.7,8.8,14,5,5,141,51394.9,2009.0,Mixed
2016-05-20 15:00:00,Fox_lodging_Helen,349.5,35.6,2.0,-0.6,1002.8,7.7,15,5,5,141,51394.9,2009.0,Mixed
2016-05-20 16:00:00,Fox_lodging_Helen,374.77,36.1,2.0,-2.2,1002.3,6.7,16,5,5,141,51394.9,2009.0,Mixed
2016-05-20 17:00:00,Fox_lodging_Helen,390.5,36.1,2.0,-1.7,1002.0,8.2,17,5,5,141,51394.9,2009.0,Mixed
2016-05-20 18:00:00,Fox_lodging_Helen,403.57,35.0,2.0,1.1,1002.3,4.6,18,5,5,141,51394.9,2009.0,Mixed
2016-05-20 19:00:00,Fox_lodging_Helen,409.18,33.3,0.0,1.7,1002.8,8.8,19,5,5,141,51394.9,2009.0,Mixed
2016-05-20 20:00:00,Fox_lodging_Helen,414.17,31.1,0.0,1.1,1003.7,7.2,20,5,5,141,51394.9,2009.0,Mixed
2016-05-20 21:00:00,Fox_lodging_Helen,416.93,29.4,0.0,-0.6,1004.9,4.6,21,5,5,141,51394.9,2009.0,Mixed
2016-05-20 22:00:00,Fox_lodging_Helen,407.7,28.9,0.0,0.6,1005.8,6.2,22,5,5,141,51394.9,2009.0,Mixed
2016-05-20 23:00:00,Fox_lodging_Helen,384.42,27.8,0.0,0.6,1006.6,4.1,23,5,5,141,51394.9,2009.0,Mixed
2016-05-21 00:00:00,Fox_lodging_Helen,383.9,27.2,0.0,0.6,1007.1,4.1,0,6,5,142,51394.9,2009.0,Mixed
2016-05-21 01:00:00,Fox_lodging_Helen,379.57,25.6,0.0,1.7,1007.3,1.5,1,6,5,142,51394.9,2009.0,Mixed
2016-05-21 02:00:00,Fox_lodging_Helen,382.5,25.6,0.0,2.8,1007.2,3.6,2,6,5,142,51394.9,2009.0,Mixed
2016-05-21 03:00:00,Fox_lodging_Helen,387.73,25.0,0.0,3.3,1007.1,4.6,3,6,5,142,51394.9,2009.0,Mixed
2016-05-21 04:00:00,Fox_lodging_Helen,381.12,23.9,0.0,3.9,1007.4,5.1,4,6,5,142,51394.9,2009.0,Mixed
2016-05-21 05:00:00,Fox_lodging_Helen,386.95,23.3,2.0,5.0,1007.5,4.6,5,6,5,142,51394.9,2009.0,Mixed
2016-05-21 06:00:00,Fox_lodging_Helen,380.3,22.8,2.0,5.6,1008.2,5.1,6,6,5,142,51394.9,2009.0,Mixed
2016-05-21 07:00:00,Fox_lodging_Helen,366.73,23.3,2.0,6.1,1008.8,5.7,7,6,5,142,51394.9,2009.0,Mixed
2016-05-21 08:00:00,Fox_lodging_Helen,347.93,25.0,2.0,5.6,1009.3,5.1,8,6,5,142,51394.9,2009.0,Mixed
2016-05-21 09:00:00,Fox_lodging_Helen,332.6,26.7,2.0,3.9,1009.4,4.1,9,6,5,142,51394.9,2009.0,Mixed
2016-05-21 10:00:00,Fox_lodging_Helen,323.62,28.3,2.0,3.9,1009.3,3.1,10,6,5,142,51394.9,2009.0,Mixed
2016-05-21 11:00:00,Fox_lodging_Helen,320.48,30.6,2.0,1.1,1008.9,6.7,11,6,5,142,51394.9,2009.0,Mixed
2016-05-21 12:00:00,Fox_lodging_Helen,330.82,30.6,4.0,2.2,1008.7,3.1,12,6,5,142,51394.9,2009.0,Mixed
2016-05-21 13:00:00,Fox_lodging_Helen,323.3,32.2,2.0,0.6,1008.0,2.6,13,6,5,142,51394.9,2009.0,Mixed
2016-05-21 14:00:00,Fox_lodging_Helen,327.35,32.8,4.0,-0.6,1007.3,3.6,14,6,5,142,51394.9,2009.0,Mixed
2016-05-21 15:00:00,Fox_lodging_Helen,333.82,34.4,4.0,0.0,1006.9,6.2,15,6,5,142,51394.9,2009.0,Mixed
2016-05-21 16:00:00,Fox_lodging_Helen,373.82,33.3,5.0,-0.6,1006.3,5.1,16,6,5,142,51394.9,2009.0,Mixed
2016-05-21 17:00:00,Fox_lodging_Helen,378.72,33.3,6.0,-3.3,1006.4,8.8,17,6,5,142,51394.9,2009.0,Mixed
2016-05-21 18:00:00,Fox_lodging_Helen,402.7,31.7,5.0,-2.8,1007.2,8.8,18,6,5,142,51394.9,2009.0,Mixed
2016-05-21 19:00:00,Fox_lodging_Helen,414.3,29.4,4.0,-5.0,1007.9,7.2,19,6,5,142,51394.9,2009.0,Mixed
2016-05-21 20:00:00,Fox_lodging_Helen,418.12,27.8,4.0,-3.3,1008.3,5.7,20,6,5,142,51394.9,2009.0,Mixed
2016-05-21 21:00:00,Fox_lodging_Helen,418.05,27.2,4.0,-3.3,1008.8,4.1,21,6,5,142,51394.9,2009.0,Mixed
2016-05-21 22:00:00,Fox_lodging_Helen,408.15,25.6,0.0,-2.2,1009.5,3.1,22,6,5,142,51394.9,2009.0,Mixed
2016-05-21 23:00:00,Fox_lodging_Helen,383.98,25.6,0.0,-1.7,1009.7,4.6,23,6,5,142,51394.9,2009.0,Mixed
2016-05-22 00:00:00,Fox_lodging_Helen,369.22,24.4,0.0,-0.6,1009.9,2.6,0,7,5,143,51394.9,2009.0,Mixed
2016-05-22 01:00:00,Fox_lodging_Helen,348.82,23.9,0.0,-0.6,1009.5,4.1,1,7,5,143,51394.9,2009.0,Mixed
2016-05-22 02:00:00,Fox_lodging_Helen,350.52,22.8,0.0,0.0,1009.5,1.5,2,7,5,143,51394.9,2009.0,Mixed
2016-05-22 03:00:00,Fox_lodging_Helen,348.63,22.2,0.0,0.6,1009.4,4.6,3,7,5,143,51394.9,2009.0,Mixed
2016-05-22 04:00:00,Fox_lodging_Helen,342.27,20.6,0.0,1.7,1009.7,2.6,4,7,5,143,51394.9,2009.0,Mixed
2016-05-22 05:00:00,Fox_lodging_Helen,349.58,20.6,0.0,2.8,1009.8,0.0,5,7,5,143,51394.9,2009.0,Mixed
2016-05-22 06:00:00,Fox_lodging_Helen,347.57,20.6,0.0,3.3,1010.5,1.5,6,7,5,143,51394.9,2009.0,Mixed
2016-05-22 07:00:00,Fox_lodging_Helen,335.85,22.8,0.0,3.9,1011.0,1.5,7,7,5,143,51394.9,2009.0,Mixed
2016-05-22 08:00:00,Fox_lodging_Helen,320.9,24.4,0.0,3.3,1011.1,3.6,8,7,5,143,51394.9,2009.0,Mixed
2016-05-22 09:00:00,Fox_lodging_Helen,307.37,25.0,0.0,2.8,1011.5,2.1,9,7,5,143,51394.9,2009.0,Mixed
2016-05-22 10:00:00,Fox_lodging_Helen,286.05,25.6,0.0,3.3,1011.5,2.1,10,7,5,143,51394.9,2009.0,Mixed
2016-05-22 11:00:00,Fox_lodging_Helen,286.98,27.2,2.0,2.2,1011.3,3.1,11,7,5,143,51394.9,2009.0,Mixed
2016-05-22 12:00:00,Fox_lodging_Helen,288.7,28.9,0.0,1.7,1010.8,5.1,12,7,5,143,51394.9,2009.0,Mixed
2016-05-22 13:00:00,Fox_lodging_Helen,288.38,28.3,0.0,1.1,1010.0,0.0,13,7,5,143,51394.9,2009.0,Mixed
2016-05-22 14:00:00,Fox_lodging_Helen,306.15,30.0,0.0,1.7,1009.2,2.1,14,7,5,143,51394.9,2009.0,Mixed
2016-05-22 15:00:00,Fox_lodging_Helen,316.3,30.0,0.0,2.2,1008.3,3.6,15,7,5,143,51394.9,2009.0,Mixed
2016-05-22 16:00:00,Fox_lodging_Helen,332.83,30.6,0.0,1.7,1007.6,4.6,16,7,5,143,51394.9,2009.0,Mixed
2016-05-22 17:00:00,Fox_lodging_Helen,361.92,30.6,0.0,2.2,1007.2,6.2,17,7,5,143,51394.9,2009.0,Mixed
2016-05-22 18:00:00,Fox_lodging_Helen,385.43,30.0,0.0,1.7,1006.7,7.2,18,7,5,143,51394.9,2009.0,Mixed
2016-05-22 19:00:00,Fox_lodging_Helen,389.68,28.9,0.0,-0.6,1006.3,6.2,19,7,5,143,51394.9,2009.0,Mixed
2016-05-22 20:00:00,Fox_lodging_Helen,391.8,28.9,0.0,-2.8,1006.4,5.7,20,7,5,143,51394.9,2009.0,Mixed
2016-05-22 21:00:00,Fox_lodging_Helen,389.37,27.8,0.0,-7.8,1007.0,5.1,21,7,5,143,51394.9,2009.0,Mixed
2016-05-22 22:00:00,Fox_lodging_Helen,378.38,27.2,0.0,-8.9,1007.4,3.6,22,7,5,143,51394.9,2009.0,Mixed
2016-05-22 23:00:00,Fox_lodging_Helen,362.8,23.9,0.0,-6.1,1007.6,3.1,23,7,5,143,51394.9,2009.0,Mixed
2016-05-23 00:00:00,Fox_lodging_Helen,258.65,23.3,0.0,-5.6,1007.5,2.1,0,1,5,144,51394.9,2009.0,Mixed
2016-05-23 01:00:00,Fox_lodging_Helen,256.88,22.8,0.0,-5.0,1007.5,2.1,1,1,5,144,51394.9,2009.0,Mixed
2016-05-23 02:00:00,Fox_lodging_Helen,87.37,23.3,0.0,-5.0,1007.3,2.6,2,1,5,144,51394.9,2009.0,Mixed
2016-05-23 03:00:00,Fox_lodging_Helen,87.03,23.3,0.0,-5.0,1007.2,1.5,3,1,5,144,51394.9,2009.0,Mixed
2016-05-23 04:00:00,Fox_lodging_Helen,168.45,21.1,0.0,-3.9,1007.5,1.5,4,1,5,144,51394.9,2009.0,Mixed
2016-05-23 05:00:00,Fox_lodging_Helen,337.08,19.4,0.0,-2.2,1007.7,3.1,5,1,5,144,51394.9,2009.0,Mixed
2016-05-23 06:00:00,Fox_lodging_Helen,338.3,18.9,0.0,-1.7,1008.1,3.6,6,1,5,144,51394.9,2009.0,Mixed
2016-05-23 07:00:00,Fox_lodging_Helen,319.25,20.6,0.0,-1.7,1008.8,3.1,7,1,5,144,51394.9,2009.0,Mixed
2016-05-23 08:00:00,Fox_lodging_Helen,313.82,22.8,0.0,0.0,1008.8,2.6,8,1,5,144,51394.9,2009.0,Mixed
2016-05-23 09:00:00,Fox_lodging_Helen,322.6,24.4,0.0,-2.8,1009.0,3.1,9,1,5,144,51394.9,2009.0,Mixed
2016-05-23 10:00:00,Fox_lodging_Helen,314.92,26.1,0.0,-3.9,1009.0,2.6,10,1,5,144,51394.9,2009.0,Mixed
2016-05-23 11:00:00,Fox_lodging_Helen,302.85,26.7,0.0,-3.9,1008.8,1.5,11,1,5,144,51394.9,2009.0,Mixed
2016-05-23 12:00:00,Fox_lodging_Helen,298.43,27.8,0.0,-4.4,1008.4,1.5,12,1,5,144,51394.9,2009.0,Mixed
2016-05-23 13:00:00,Fox_lodging_Helen,303.88,30.0,0.0,-4.4,1007.4,5.1,13,1,5,144,51394.9,2009.0,Mixed
2016-05-23 14:00:00,Fox_lodging_Helen,312.22,30.6,0.0,-5.0,1006.4,4.6,14,1,5,144,51394.9,2009.0,Mixed
2016-05-23 15:00:00,Fox_lodging_Helen,327.45,31.1,0.0,-5.0,1005.7,2.6,15,1,5,144,51394.9,2009.0,Mixed
2016-05-23 16:00:00,Fox_lodging_Helen,344.03,31.1,0.0,-5.0,1005.0,3.1,16,1,5,144,51394.9,2009.0,Mixed
2016-05-23 17:00:00,Fox_lodging_Helen,364.73,31.1,0.0,-4.4,1004.5,3.6,17,1,5,144,51394.9,2009.0,Mixed
2016-05-23 18:00:00,Fox_lodging_Helen,389.13,31.1,0.0,-3.9,1004.0,2.6,18,1,5,144,51394.9,2009.0,Mixed
2016-05-23 19:00:00,Fox_lodging_Helen,394.52,30.6,0.0,-3.9,1003.8,5.1,19,1,5,144,51394.9,2009.0,Mixed
2016-05-23 20:00:00,Fox_lodging_Helen,396.7,30.0,0.0,-4.4,1004.0,3.1,20,1,5,144,51394.9,2009.0,Mixed
2016-05-23 21:00:00,Fox_lodging_Helen,401.13,29.4,0.0,-3.3,1004.6,6.2,21,1,5,144,51394.9,2009.0,Mixed
2016-05-23 22:00:00,Fox_lodging_Helen,392.7,27.2,0.0,-2.8,1005.3,4.1,22,1,5,144,51394.9,2009.0,Mixed
2016-05-23 23:00:00,Fox_lodging_Helen,368.78,26.1,0.0,-2.8,1005.5,3.1,23,1,5,144,51394.9,2009.0,Mixed
2016-05-24 00:00:00,Fox_lodging_Helen,351.68,25.0,0.0,-2.2,1005.8,2.1,0,2,5,145,51394.9,2009.0,Mixed
2016-05-24 01:00:00,Fox_lodging_Helen,332.92,23.3,0.0,-2.8,1006.3,3.1,1,2,5,145,51394.9,2009.0,Mixed
2016-05-24 02:00:00,Fox_lodging_Helen,327.63,22.8,0.0,-2.2,1006.6,3.1,2,2,5,145,51394.9,2009.0,Mixed
2016-05-24 03:00:00,Fox_lodging_Helen,315.95,21.7,0.0,-1.7,1006.8,2.1,3,2,5,145,51394.9,2009.0,Mixed
2016-05-24 04:00:00,Fox_lodging_Helen,329.72,20.6,0.0,-1.7,1007.3,2.6,4,2,5,145,51394.9,2009.0,Mixed
2016-05-24 05:00:00,Fox_lodging_Helen,330.03,20.0,0.0,-1.1,1008.1,0.0,5,2,5,145,51394.9,2009.0,Mixed
2016-05-24 06:00:00,Fox_lodging_Helen,326.38,20.6,2.0,-0.6,1008.5,2.1,6,2,5,145,51394.9,2009.0,Mixed
2016-05-24 07:00:00,Fox_lodging_Helen,317.25,20.6,0.0,1.7,1009.2,3.1,7,2,5,145,51394.9,2009.0,Mixed
2016-05-24 08:00:00,Fox_lodging_Helen,330.87,22.8,0.0,1.1,1009.8,2.6,8,2,5,145,51394.9,2009.0,Mixed
2016-05-24 09:00:00,Fox_lodging_Helen,321.53,24.4,0.0,0.6,1010.1,1.5,9,2,5,145,51394.9,2009.0,Mixed
2016-05-24 10:00:00,Fox_lodging_Helen,304.17,26.1,0.0,1.7,1010.1,0.0,10,2,5,145,51394.9,2009.0,Mixed
2016-05-24 11:00:00,Fox_lodging_Helen,300.68,27.8,0.0,0.0,1010.2,5.7,11,2,5,145,51394.9,2009.0,Mixed
2016-05-24 12:00:00,Fox_lodging_Helen,292.48,28.9,0.0,-1.1,1010.0,3.6,12,2,5,145,51394.9,2009.0,Mixed
2016-05-24 13:00:00,Fox_lodging_Helen,296.68,28.9,0.0,-1.1,1009.8,2.6,13,2,5,145,51394.9,2009.0,Mixed
2016-05-24 14:00:00,Fox_lodging_Helen,304.38,29.4,0.0,0.0,1009.4,1.5,14,2,5,145,51394.9,2009.0,Mixed
2016-05-24 15:00:00,Fox_lodging_Helen,318.93,30.0,0.0,-1.1,1009.0,2.1,15,2,5,145,51394.9,2009.0,Mixed
2016-05-24 16:00:00,Fox_lodging_Helen,343.12,31.7,0.0,-2.8,1008.6,7.2,16,2,5,145,51394.9,2009.0,Mixed
2016-05-24 17:00:00,Fox_lodging_Helen,370.1,31.1,0.0,-1.1,1008.6,6.7,17,2,5,145,51394.9,2009.0,Mixed
2016-05-24 18:00:00,Fox_lodging_Helen,385.9,30.6,0.0,-1.1,1008.5,6.7,18,2,5,145,51394.9,2009.0,Mixed
2016-05-24 19:00:00,Fox_lodging_Helen,390.53,29.4,0.0,-3.9,1008.7,8.2,19,2,5,145,51394.9,2009.0,Mixed
2016-05-24 20:00:00,Fox_lodging_Helen,394.87,28.3,0.0,-2.8,1009.1,5.7,20,2,5,145,51394.9,2009.0,Mixed
2016-05-24 21:00:00,Fox_lodging_Helen,392.27,27.8,0.0,-2.8,1009.6,4.6,21,2,5,145,51394.9,2009.0,Mixed
2016-05-24 22:00:00,Fox_lodging_Helen,380.12,27.2,0.0,-5.0,1010.5,3.6,22,2,5,145,51394.9,2009.0,Mixed
2016-05-24 23:00:00,Fox_lodging_Helen,374.53,23.9,0.0,-3.3,1010.7,2.6,23,2,5,145,51394.9,2009.0,Mixed
2016-05-25 00:00:00,Fox_lodging_Helen,361.15,22.8,0.0,-2.8,1010.8,2.6,0,3,5,146,51394.9,2009.0,Mixed
2016-05-25 01:00:00,Fox_lodging_Helen,337.78,22.2,0.0,-3.9,1011.0,2.1,1,3,5,146,51394.9,2009.0,Mixed
2016-05-25 02:00:00,Fox_lodging_Helen,340.47,21.7,0.0,-3.3,1010.7,2.6,2,3,5,146,51394.9,2009.0,Mixed
2016-05-25 03:00:00,Fox_lodging_Helen,322.2,22.8,0.0,-2.2,1010.7,2.1,3,3,5,146,51394.9,2009.0,Mixed
2016-05-25 04:00:00,Fox_lodging_Helen,329.08,20.6,0.0,-0.6,1010.8,1.5,4,3,5,146,51394.9,2009.0,Mixed
2016-05-25 05:00:00,Fox_lodging_Helen,335.87,19.4,0.0,0.6,1011.2,2.1,5,3,5,146,51394.9,2009.0,Mixed
2016-05-25 06:00:00,Fox_lodging_Helen,330.77,19.4,0.0,1.1,1011.8,3.1,6,3,5,146,51394.9,2009.0,Mixed
2016-05-25 07:00:00,Fox_lodging_Helen,313.37,20.0,0.0,0.0,1012.2,2.6,7,3,5,146,51394.9,2009.0,Mixed
2016-05-25 08:00:00,Fox_lodging_Helen,316.63,21.7,0.0,0.6,1012.7,2.6,8,3,5,146,51394.9,2009.0,Mixed
2016-05-25 09:00:00,Fox_lodging_Helen,320.97,23.9,0.0,-1.1,1012.6,2.1,9,3,5,146,51394.9,2009.0,Mixed
2016-05-25 10:00:00,Fox_lodging_Helen,306.05,26.1,0.0,0.0,1012.4,2.1,10,3,5,146,51394.9,2009.0,Mixed
2016-05-25 11:00:00,Fox_lodging_Helen,295.52,27.8,0.0,-1.1,1012.1,2.6,11,3,5,146,51394.9,2009.0,Mixed
2016-05-25 12:00:00,Fox_lodging_Helen,290.2,28.3,0.0,-2.2,1012.0,3.6,12,3,5,146,51394.9,2009.0,Mixed
2016-05-25 13:00:00,Fox_lodging_Helen,292.92,30.0,2.0,-1.1,1011.0,3.1,13,3,5,146,51394.9,2009.0,Mixed
2016-05-25 14:00:00,Fox_lodging_Helen,303.32,31.7,2.0,-0.6,1009.7,6.2,14,3,5,146,51394.9,2009.0,Mixed
2016-05-25 15:00:00,Fox_lodging_Helen,319.8,31.7,2.0,-1.1,1008.7,2.6,15,3,5,146,51394.9,2009.0,Mixed
2016-05-25 16:00:00,Fox_lodging_Helen,341.53,32.2,2.0,-3.3,1007.8,4.1,16,3,5,146,51394.9,2009.0,Mixed
2016-05-25 17:00:00,Fox_lodging_Helen,365.82,32.8,2.0,-8.9,1007.2,7.7,17,3,5,146,51394.9,2009.0,Mixed
2016-05-25 18:00:00,Fox_lodging_Helen,385.65,30.6,2.0,-5.6,1007.2,7.7,18,3,5,146,51394.9,2009.0,Mixed
2016-05-25 19:00:00,Fox_lodging_Helen,381.08,29.4,2.0,-6.7,1007.5,7.2,19,3,5,146,51394.9,2009.0,Mixed
2016-05-25 20:00:00,Fox_lodging_Helen,389.12,27.8,2.0,0.6,1007.8,6.2,20,3,5,146,51394.9,2009.0,Mixed
2016-05-25 21:00:00,Fox_lodging_Helen,396.72,26.7,0.0,-1.1,1008.7,6.2,21,3,5,146,51394.9,2009.0,Mixed
2016-05-25 22:00:00,Fox_lodging_Helen,389.92,25.6,0.0,-5.0,1009.3,6.7,22,3,5,146,51394.9,2009.0,Mixed
2016-05-25 23:00:00,Fox_lodging_Helen,368.23,24.4,0.0,-4.4,1009.8,3.6,23,3,5,146,51394.9,2009.0,Mixed
2016-05-26 00:00:00,Fox_lodging_Helen,347.45,22.8,0.0,-3.3,1010.1,3.6,0,4,5,147,51394.9,2009.0,Mixed
2016-05-26 01:00:00,Fox_lodging_Helen,331.67,22.2,0.0,-2.8,1010.2,3.6,1,4,5,147,51394.9,2009.0,Mixed
2016-05-26 02:00:00,Fox_lodging_Helen,320.08,22.2,0.0,-1.7,1010.2,1.5,2,4,5,147,51394.9,2009.0,Mixed
2016-05-26 03:00:00,Fox_lodging_Helen,322.42,21.1,0.0,0.6,1010.1,2.1,3,4,5,147,51394.9,2009.0,Mixed
2016-05-26 04:00:00,Fox_lodging_Helen,328.97,21.1,0.0,1.7,1010.3,1.5,4,4,5,147,51394.9,2009.0,Mixed
2016-05-26 05:00:00,Fox_lodging_Helen,331.35,19.4,4.0,2.8,1010.4,4.6,5,4,5,147,51394.9,2009.0,Mixed
2016-05-26 06:00:00,Fox_lodging_Helen,327.87,18.3,2.0,3.9,1011.1,4.1,6,4,5,147,51394.9,2009.0,Mixed
2016-05-26 07:00:00,Fox_lodging_Helen,313.65,19.4,2.0,3.3,1011.5,4.1,7,4,5,147,51394.9,2009.0,Mixed
2016-05-26 08:00:00,Fox_lodging_Helen,303.88,20.6,0.0,3.3,1012.1,2.1,8,4,5,147,51394.9,2009.0,Mixed
2016-05-26 09:00:00,Fox_lodging_Helen,304.6,22.8,2.0,3.3,1012.2,2.6,9,4,5,147,51394.9,2009.0,Mixed
2016-05-26 10:00:00,Fox_lodging_Helen,303.83,23.3,2.0,2.2,1012.0,1.5,10,4,5,147,51394.9,2009.0,Mixed
2016-05-26 11:00:00,Fox_lodging_Helen,297.72,24.4,2.0,2.2,1011.9,3.1,11,4,5,147,51394.9,2009.0,Mixed
2016-05-26 12:00:00,Fox_lodging_Helen,292.28,25.6,2.0,1.7,1011.5,3.1,12,4,5,147,51394.9,2009.0,Mixed
2016-05-26 13:00:00,Fox_lodging_Helen,296.15,27.2,2.0,1.1,1010.8,1.5,13,4,5,147,51394.9,2009.0,Mixed
2016-05-26 14:00:00,Fox_lodging_Helen,305.42,27.2,2.0,-0.6,1010.3,5.7,14,4,5,147,51394.9,2009.0,Mixed
2016-05-26 15:00:00,Fox_lodging_Helen,318.5,28.9,2.0,-0.6,1009.5,2.6,15,4,5,147,51394.9,2009.0,Mixed
2016-05-26 16:00:00,Fox_lodging_Helen,340.5,28.9,2.0,-0.6,1008.6,5.1,16,4,5,147,51394.9,2009.0,Mixed
2016-05-26 17:00:00,Fox_lodging_Helen,368.75,28.9,0.0,-1.7,1008.1,5.1,17,4,5,147,51394.9,2009.0,Mixed
2016-05-26 18:00:00,Fox_lodging_Helen,398.52,28.3,0.0,-1.7,1007.8,3.1,18,4,5,147,51394.9,2009.0,Mixed
2016-05-26 19:00:00,Fox_lodging_Helen,398.55,28.3,0.0,-2.8,1007.7,4.6,19,4,5,147,51394.9,2009.0,Mixed
2016-05-26 20:00:00,Fox_lodging_Helen,397.88,27.2,0.0,-2.2,1007.9,2.6,20,4,5,147,51394.9,2009.0,Mixed
2016-05-26 21:00:00,Fox_lodging_Helen,405.43,26.7,0.0,-1.7,1008.0,2.6,21,4,5,147,51394.9,2009.0,Mixed
2016-05-26 22:00:00,Fox_lodging_Helen,392.88,25.6,0.0,-1.1,1008.7,2.1,22,4,5,147,51394.9,2009.0,Mixed
2016-05-26 23:00:00,Fox_lodging_Helen,374.92,25.6,0.0,-1.7,1008.8,0.0,23,4,5,147,51394.9,2009.0,Mixed
2016-05-27 00:00:00,Fox_lodging_Helen,369.13,24.4,0.0,-0.6,1008.7,0.0,0,5,5,148,51394.9,2009.0,Mixed
2016-05-27 01:00:00,Fox_lodging_Helen,353.02,22.2,0.0,0.6,1008.7,2.6,1,5,5,148,51394.9,2009.0,Mixed
2016-05-27 02:00:00,Fox_lodging_Helen,346.55,22.2,0.0,1.1,1008.4,3.6,2,5,5,148,51394.9,2009.0,Mixed
2016-05-27 03:00:00,Fox_lodging_Helen,339.23,20.6,0.0,2.2,1008.3,2.6,3,5,5,148,51394.9,2009.0,Mixed
2016-05-27 04:00:00,Fox_lodging_Helen,339.73,20.6,0.0,2.8,1008.4,2.1,4,5,5,148,51394.9,2009.0,Mixed
2016-05-27 05:00:00,Fox_lodging_Helen,342.17,20.0,0.0,1.1,1008.8,2.1,5,5,5,148,51394.9,2009.0,Mixed
2016-05-27 06:00:00,Fox_lodging_Helen,339.9,20.0,0.0,1.1,1009.1,2.6,6,5,5,148,51394.9,2009.0,Mixed
2016-05-27 07:00:00,Fox_lodging_Helen,330.38,20.6,0.0,1.1,1009.9,4.1,7,5,5,148,51394.9,2009.0,Mixed
2016-05-27 08:00:00,Fox_lodging_Helen,340.07,22.2,0.0,1.7,1010.2,2.1,8,5,5,148,51394.9,2009.0,Mixed
2016-05-27 09:00:00,Fox_lodging_Helen,332.2,24.4,0.0,1.1,1010.0,0.0,9,5,5,148,51394.9,2009.0,Mixed
2016-05-27 10:00:00,Fox_lodging_Helen,325.15,27.8,0.0,2.2,1009.3,2.1,10,5,5,148,51394.9,2009.0,Mixed
2016-05-27 11:00:00,Fox_lodging_Helen,317.7,27.8,2.0,1.7,1008.9,1.5,11,5,5,148,51394.9,2009.0,Mixed
2016-05-27 12:00:00,Fox_lodging_Helen,309.43,29.4,2.0,1.1,1008.1,2.1,12,5,5,148,51394.9,2009.0,Mixed
2016-05-27 13:00:00,Fox_lodging_Helen,321.93,30.6,2.0,-0.6,1007.3,0.0,13,5,5,148,51394.9,2009.0,Mixed
2016-05-27 14:00:00,Fox_lodging_Helen,325.98,31.7,2.0,-1.1,1006.4,4.6,14,5,5,148,51394.9,2009.0,Mixed
2016-05-27 15:00:00,Fox_lodging_Helen,335.72,32.2,2.0,-1.7,1005.8,3.1,15,5,5,148,51394.9,2009.0,Mixed
2016-05-27 16:00:00,Fox_lodging_Helen,364.62,32.8,2.0,-2.2,1005.2,0.0,16,5,5,148,51394.9,2009.0,Mixed
2016-05-27 17:00:00,Fox_lodging_Helen,378.73,32.8,2.0,-3.3,1004.7,0.0,17,5,5,148,51394.9,2009.0,Mixed
2016-05-27 18:00:00,Fox_lodging_Helen,400.53,32.2,2.0,-2.8,1004.3,0.0,18,5,5,148,51394.9,2009.0,Mixed
2016-05-27 19:00:00,Fox_lodging_Helen,406.23,31.7,0.0,-2.2,1004.4,4.1,19,5,5,148,51394.9,2009.0,Mixed
2016-05-27 20:00:00,Fox_lodging_Helen,407.37,31.1,0.0,-0.6,1004.9,4.6,20,5,5,148,51394.9,2009.0,Mixed
2016-05-27 21:00:00,Fox_lodging_Helen,411.58,30.0,0.0,0.0,1005.5,2.6,21,5,5,148,51394.9,2009.0,Mixed
2016-05-27 22:00:00,Fox_lodging_Helen,397.63,29.4,0.0,-0.6,1005.9,2.1,22,5,5,148,51394.9,2009.0,Mixed
2016-05-27 23:00:00,Fox_lodging_Helen,381.33,27.2,0.0,0.6,1006.0,0.0,23,5,5,148,51394.9,2009.0,Mixed
2016-05-28 00:00:00,Fox_lodging_Helen,372.75,26.7,0.0,1.1,1006.0,0.0,0,6,5,149,51394.9,2009.0,Mixed
2016-05-28 01:00:00,Fox_lodging_Helen,360.52,25.6,0.0,2.2,1006.1,0.0,1,6,5,149,51394.9,2009.0,Mixed
2016-05-28 02:00:00,Fox_lodging_Helen,356.48,25.0,0.0,1.1,1006.3,2.1,2,6,5,149,51394.9,2009.0,Mixed
2016-05-28 03:00:00,Fox_lodging_Helen,363.62,24.4,0.0,1.7,1006.3,0.0,3,6,5,149,51394.9,2009.0,Mixed
2016-05-28 04:00:00,Fox_lodging_Helen,334.32,23.3,0.0,2.8,1006.1,2.6,4,6,5,149,51394.9,2009.0,Mixed
2016-05-28 05:00:00,Fox_lodging_Helen,335.18,21.1,0.0,2.2,1006.4,3.1,5,6,5,149,51394.9,2009.0,Mixed
2016-05-28 06:00:00,Fox_lodging_Helen,329.83,21.1,2.0,0.6,1007.2,3.1,6,6,5,149,51394.9,2009.0,Mixed
2016-05-28 07:00:00,Fox_lodging_Helen,307.17,22.8,2.0,-0.6,1007.6,4.6,7,6,5,149,51394.9,2009.0,Mixed
2016-05-28 08:00:00,Fox_lodging_Helen,295.93,24.4,2.0,1.1,1008.1,3.1,8,6,5,149,51394.9,2009.0,Mixed
2016-05-28 09:00:00,Fox_lodging_Helen,289.1,26.7,2.0,1.1,1008.3,3.6,9,6,5,149,51394.9,2009.0,Mixed
2016-05-28 10:00:00,Fox_lodging_Helen,282.07,28.9,2.0,0.6,1008.0,1.5,10,6,5,149,51394.9,2009.0,Mixed
2016-05-28 11:00:00,Fox_lodging_Helen,287.13,30.0,2.0,0.0,1007.9,2.1,11,6,5,149,51394.9,2009.0,Mixed
2016-05-28 12:00:00,Fox_lodging_Helen,279.72,32.2,4.0,-0.6,1007.2,2.1,12,6,5,149,51394.9,2009.0,Mixed
2016-05-28 13:00:00,Fox_lodging_Helen,286.93,33.9,2.0,-1.7,1006.5,4.1,13,6,5,149,51394.9,2009.0,Mixed
2016-05-28 14:00:00,Fox_lodging_Helen,301.42,34.4,2.0,-2.2,1005.9,2.1,14,6,5,149,51394.9,2009.0,Mixed
2016-05-28 15:00:00,Fox_lodging_Helen,319.15,35.6,2.0,-2.8,1005.1,5.7,15,6,5,149,51394.9,2009.0,Mixed
2016-05-28 16:00:00,Fox_lodging_Helen,343.1,35.0,2.0,-2.2,1004.6,2.6,16,6,5,149,51394.9,2009.0,Mixed
2016-05-28 17:00:00,Fox_lodging_Helen,366.87,35.6,2.0,-3.9,1004.3,3.1,17,6,5,149,51394.9,2009.0,Mixed
2016-05-28 18:00:00,Fox_lodging_Helen,386.47,35.6,2.0,-4.4,1004.0,4.6,18,6,5,149,51394.9,2009.0,Mixed
2016-05-28 19:00:00,Fox_lodging_Helen,394.35,34.4,2.0,-3.9,1004.4,2.6,19,6,5,149,51394.9,2009.0,Mixed
2016-05-28 20:00:00,Fox_lodging_Helen,405.18,33.3,2.0,-2.8,1004.9,3.1,20,6,5,149,51394.9,2009.0,Mixed
2016-05-28 21:00:00,Fox_lodging_Helen,400.68,31.7,0.0,-1.1,1005.9,4.6,21,6,5,149,51394.9,2009.0,Mixed
2016-05-28 22:00:00,Fox_lodging_Helen,379.22,29.4,0.0,1.1,1007.2,7.7,22,6,5,149,51394.9,2009.0,Mixed
2016-05-28 23:00:00,Fox_lodging_Helen,354.17,28.3,0.0,0.6,1007.9,6.2,23,6,5,149,51394.9,2009.0,Mixed
2016-05-29 00:00:00,Fox_lodging_Helen,345.6,27.8,0.0,0.6,1008.4,3.6,0,7,5,150,51394.9,2009.0,Mixed
2016-05-29 01:00:00,Fox_lodging_Helen,340.47,27.2,0.0,0.0,1009.0,5.1,1,7,5,150,51394.9,2009.0,Mixed
2016-05-29 02:00:00,Fox_lodging_Helen,342.88,26.1,0.0,1.1,1009.1,3.6,2,7,5,150,51394.9,2009.0,Mixed
2016-05-29 03:00:00,Fox_lodging_Helen,342.07,25.6,0.0,1.1,1009.3,2.1,3,7,5,150,51394.9,2009.0,Mixed
2016-05-29 04:00:00,Fox_lodging_Helen,341.62,23.3,0.0,1.7,1009.7,2.1,4,7,5,150,51394.9,2009.0,Mixed
2016-05-29 05:00:00,Fox_lodging_Helen,342.28,22.2,0.0,2.8,1010.3,0.0,5,7,5,150,51394.9,2009.0,Mixed
2016-05-29 06:00:00,Fox_lodging_Helen,332.78,22.8,0.0,2.8,1011.0,2.1,6,7,5,150,51394.9,2009.0,Mixed
2016-05-29 07:00:00,Fox_lodging_Helen,315.18,24.4,0.0,3.3,1011.4,1.5,7,7,5,150,51394.9,2009.0,Mixed
2016-05-29 08:00:00,Fox_lodging_Helen,295.15,26.7,0.0,2.8,1011.8,2.1,8,7,5,150,51394.9,2009.0,Mixed
2016-05-29 09:00:00,Fox_lodging_Helen,289.3,27.8,0.0,1.7,1011.9,2.1,9,7,5,150,51394.9,2009.0,Mixed
2016-05-29 10:00:00,Fox_lodging_Helen,285.68,29.4,0.0,1.7,1011.6,2.1,10,7,5,150,51394.9,2009.0,Mixed
2016-05-29 11:00:00,Fox_lodging_Helen,278.67,31.1,0.0,2.2,1011.0,2.1,11,7,5,150,51394.9,2009.0,Mixed
2016-05-29 12:00:00,Fox_lodging_Helen,274.27,32.8,0.0,0.6,1010.4,5.1,12,7,5,150,51394.9,2009.0,Mixed
2016-05-29 13:00:00,Fox_lodging_Helen,286.12,33.3,0.0,-1.1,1009.5,4.35,13,7,5,150,51394.9,2009.0,Mixed
2016-05-29 14:00:00,Fox_lodging_Helen,294.33,34.4,0.0,-6.7,1009.1,3.6,14,7,5,150,51394.9,2009.0,Mixed
2016-05-29 15:00:00,Fox_lodging_Helen,310.3,35.6,0.0,-6.7,1008.1,7.2,15,7,5,150,51394.9,2009.0,Mixed
2016-05-29 16:00:00,Fox_lodging_Helen,331.97,36.1,0.0,-8.3,1007.1,4.6,16,7,5,150,51394.9,2009.0,Mixed
2016-05-29 17:00:00,Fox_lodging_Helen,357.75,36.1,0.0,-8.9,1006.5,7.7,17,7,5,150,51394.9,2009.0,Mixed
2016-05-29 18:00:00,Fox_lodging_Helen,383.7,35.6,0.0,-8.3,1006.0,5.7,18,7,5,150,51394.9,2009.0,Mixed
2016-05-29 19:00:00,Fox_lodging_Helen,391.98,34.4,0.0,-7.8,1006.4,7.2,19,7,5,150,51394.9,2009.0,Mixed
2016-05-29 20:00:00,Fox_lodging_Helen,398.4,33.3,0.0,-5.6,1007.0,6.7,20,7,5,150,51394.9,2009.0,Mixed
2016-05-29 21:00:00,Fox_lodging_Helen,403.97,31.1,0.0,-5.6,1007.8,5.1,21,7,5,150,51394.9,2009.0,Mixed
2016-05-29 22:00:00,Fox_lodging_Helen,387.1,30.0,0.0,-6.7,1008.2,5.1,22,7,5,150,51394.9,2009.0,Mixed
2016-05-29 23:00:00,Fox_lodging_Helen,360.85,29.4,0.0,-6.7,1008.6,5.1,23,7,5,150,51394.9,2009.0,Mixed
2016-05-30 00:00:00,Fox_lodging_Helen,348.35,28.3,0.0,-6.1,1008.8,3.6,0,1,5,151,51394.9,2009.0,Mixed
2016-05-30 01:00:00,Fox_lodging_Helen,345.3,27.8,0.0,-6.1,1008.9,3.6,1,1,5,151,51394.9,2009.0,Mixed
2016-05-30 02:00:00,Fox_lodging_Helen,344.55,25.0,0.0,-4.4,1009.0,1.5,2,1,5,151,51394.9,2009.0,Mixed
2016-05-30 03:00:00,Fox_lodging_Helen,337.87,24.4,0.0,-1.7,1009.1,0.0,3,1,5,151,51394.9,2009.0,Mixed
2016-05-30 04:00:00,Fox_lodging_Helen,342.58,22.8,0.0,-0.6,1009.4,1.5,4,1,5,151,51394.9,2009.0,Mixed
2016-05-30 05:00:00,Fox_lodging_Helen,341.42,22.8,2.0,-1.1,1009.5,2.1,5,1,5,151,51394.9,2009.0,Mixed
2016-05-30 06:00:00,Fox_lodging_Helen,341.58,21.7,2.0,-3.9,1010.2,0.0,6,1,5,151,51394.9,2009.0,Mixed
2016-05-30 07:00:00,Fox_lodging_Helen,321.12,22.2,2.0,-6.7,1010.7,2.1,7,1,5,151,51394.9,2009.0,Mixed
2016-05-30 08:00:00,Fox_lodging_Helen,306.03,23.9,2.0,-3.9,1011.0,1.5,8,1,5,151,51394.9,2009.0,Mixed
2016-05-30 09:00:00,Fox_lodging_Helen,296.43,26.7,2.0,-7.8,1011.0,0.0,9,1,5,151,51394.9,2009.0,Mixed
2016-05-30 10:00:00,Fox_lodging_Helen,276.67,28.3,2.0,-10.0,1010.7,2.1,10,1,5,151,51394.9,2009.0,Mixed
2016-05-30 11:00:00,Fox_lodging_Helen,268.97,29.4,2.0,-9.4,1010.3,2.1,11,1,5,151,51394.9,2009.0,Mixed
2016-05-30 12:00:00,Fox_lodging_Helen,260.17,31.1,2.0,-7.2,1009.6,2.6,12,1,5,151,51394.9,2009.0,Mixed
2016-05-30 13:00:00,Fox_lodging_Helen,267.22,32.2,2.0,-8.3,1008.7,3.6,13,1,5,151,51394.9,2009.0,Mixed
2016-05-30 14:00:00,Fox_lodging_Helen,272.83,33.3,2.0,-11.1,1007.9,2.1,14,1,5,151,51394.9,2009.0,Mixed
2016-05-30 15:00:00,Fox_lodging_Helen,283.37,33.3,2.0,-9.4,1007.1,3.1,15,1,5,151,51394.9,2009.0,Mixed
2016-05-30 16:00:00,Fox_lodging_Helen,309.28,32.8,2.0,-7.8,1006.5,1.5,16,1,5,151,51394.9,2009.0,Mixed
2016-05-30 17:00:00,Fox_lodging_Helen,335.48,33.3,2.0,-6.7,1005.9,3.1,17,1,5,151,51394.9,2009.0,Mixed
2016-05-30 18:00:00,Fox_lodging_Helen,358.62,32.8,2.0,-6.7,1005.7,4.6,18,1,5,151,51394.9,2009.0,Mixed
2016-05-30 19:00:00,Fox_lodging_Helen,363.98,32.8,2.0,-7.2,1005.5,3.1,19,1,5,151,51394.9,2009.0,Mixed
2016-05-30 20:00:00,Fox_lodging_Helen,365.02,31.7,2.0,-6.7,1005.7,4.1,20,1,5,151,51394.9,2009.0,Mixed
2016-05-30 21:00:00,Fox_lodging_Helen,371.3,31.1,0.0,-8.3,1005.8,3.1,21,1,5,151,51394.9,2009.0,Mixed
2016-05-30 22:00:00,Fox_lodging_Helen,369.35,28.9,0.0,-4.4,1006.3,0.0,22,1,5,151,51394.9,2009.0,Mixed
2016-05-30 23:00:00,Fox_lodging_Helen,344.98,27.2,0.0,-3.3,1006.0,1.5,23,1,5,151,51394.9,2009.0,Mixed
2016-05-31 00:00:00,Fox_lodging_Helen,343.65,26.7,0.0,-3.3,1006.1,0.0,0,2,5,152,51394.9,2009.0,Mixed
2016-05-31 01:00:00,Fox_lodging_Helen,348.13,25.0,0.0,-2.8,1005.9,2.1,1,2,5,152,51394.9,2009.0,Mixed
2016-05-31 02:00:00,Fox_lodging_Helen,365.12,23.3,0.0,-1.7,1005.7,0.0,2,2,5,152,51394.9,2009.0,Mixed
2016-05-31 03:00:00,Fox_lodging_Helen,354.38,23.3,0.0,-1.7,1005.5,0.0,3,2,5,152,51394.9,2009.0,Mixed
2016-05-31 04:00:00,Fox_lodging_Helen,343.88,21.7,0.0,-0.6,1005.8,2.1,4,2,5,152,51394.9,2009.0,Mixed
2016-05-31 05:00:00,Fox_lodging_Helen,342.62,21.1,2.0,-2.8,1006.2,4.1,5,2,5,152,51394.9,2009.0,Mixed
2016-05-31 06:00:00,Fox_lodging_Helen,332.6,21.1,2.0,0.0,1006.6,2.1,6,2,5,152,51394.9,2009.0,Mixed
2016-05-31 07:00:00,Fox_lodging_Helen,330.98,23.3,2.0,-4.4,1006.8,2.6,7,2,5,152,51394.9,2009.0,Mixed
2016-05-31 08:00:00,Fox_lodging_Helen,336.28,25.6,0.0,-5.0,1007.4,3.6,8,2,5,152,51394.9,2009.0,Mixed
2016-05-31 09:00:00,Fox_lodging_Helen,343.45,27.8,0.0,-5.6,1007.3,3.1,9,2,5,152,51394.9,2009.0,Mixed
2016-05-31 10:00:00,Fox_lodging_Helen,333.47,30.0,2.0,-3.3,1007.1,0.0,10,2,5,152,51394.9,2009.0,Mixed
2016-05-31 11:00:00,Fox_lodging_Helen,327.75,31.7,2.0,-2.2,1007.2,0.0,11,2,5,152,51394.9,2009.0,Mixed
2016-05-31 12:00:00,Fox_lodging_Helen,321.15,33.3,2.0,-3.3,1006.4,2.6,12,2,5,152,51394.9,2009.0,Mixed
2016-05-31 13:00:00,Fox_lodging_Helen,324.88,35.6,2.6666666666666665,-3.9,1005.4,6.2,13,2,5,152,51394.9,2009.0,Mixed
2016-05-31 14:00:00,Fox_lodging_Helen,335.62,35.0,3.333333333333333,-3.9,1004.6,5.1,14,2,5,152,51394.9,2009.0,Mixed
2016-05-31 15:00:00,Fox_lodging_Helen,352.68,35.6,4.0,-3.9,1003.7,4.1,15,2,5,152,51394.9,2009.0,Mixed
2016-05-31 16:00:00,Fox_lodging_Helen,372.92,36.1,4.0,-3.9,1003.0,4.1,16,2,5,152,51394.9,2009.0,Mixed
2016-05-31 17:00:00,Fox_lodging_Helen,387.08,36.1,4.0,-3.9,1002.5,4.1,17,2,5,152,51394.9,2009.0,Mixed
2016-05-31 18:00:00,Fox_lodging_Helen,410.67,36.1,4.0,-4.4,1002.2,5.1,18,2,5,152,51394.9,2009.0,Mixed
2016-05-31 19:00:00,Fox_lodging_Helen,425.78,35.6,4.0,-3.9,1002.7,4.1,19,2,5,152,51394.9,2009.0,Mixed
2016-05-31 20:00:00,Fox_lodging_Helen,433.15,34.4,4.0,-4.4,1003.0,4.1,20,2,5,152,51394.9,2009.0,Mixed
2016-05-31 21:00:00,Fox_lodging_Helen,428.27,33.3,4.0,-3.3,1003.6,2.1,21,2,5,152,51394.9,2009.0,Mixed
2016-05-31 22:00:00,Fox_lodging_Helen,414.08,31.7,4.0,-3.3,1004.3,2.1,22,2,5,152,51394.9,2009.0,Mixed
2016-05-31 23:00:00,Fox_lodging_Helen,404.55,30.0,4.0,-3.3,1004.3,2.6,23,2,5,152,51394.9,2009.0,Mixed
2016-06-01 00:00:00,Fox_lodging_Helen,407.15,31.1,4.0,-3.3,1004.7,3.6,0,3,6,153,51394.9,2009.0,Mixed
2016-06-01 01:00:00,Fox_lodging_Helen,408.23,29.4,2.0,1.1,1004.9,4.6,1,3,6,153,51394.9,2009.0,Mixed
2016-06-01 02:00:00,Fox_lodging_Helen,408.9,28.9,2.0,1.7,1004.7,3.1,2,3,6,153,51394.9,2009.0,Mixed
2016-06-01 03:00:00,Fox_lodging_Helen,412.9,27.8,4.0,1.7,1005.1,4.1,3,3,6,153,51394.9,2009.0,Mixed
2016-06-01 04:00:00,Fox_lodging_Helen,413.32,25.6,4.0,2.8,1005.8,2.6,4,3,6,153,51394.9,2009.0,Mixed
2016-06-01 05:00:00,Fox_lodging_Helen,412.55,26.1,4.0,2.8,1006.5,2.1,5,3,6,153,51394.9,2009.0,Mixed
2016-06-01 06:00:00,Fox_lodging_Helen,398.27,26.1,4.0,1.1,1007.2,2.1,6,3,6,153,51394.9,2009.0,Mixed
2016-06-01 07:00:00,Fox_lodging_Helen,383.55,26.7,4.0,1.1,1007.9,4.1,7,3,6,153,51394.9,2009.0,Mixed
2016-06-01 08:00:00,Fox_lodging_Helen,376.67,27.8,4.0,1.1,1008.7,5.1,8,3,6,153,51394.9,2009.0,Mixed
2016-06-01 09:00:00,Fox_lodging_Helen,358.98,30.0,2.0,1.7,1009.0,4.1,9,3,6,153,51394.9,2009.0,Mixed
2016-06-01 10:00:00,Fox_lodging_Helen,351.27,32.2,2.0,2.2,1008.7,2.1,10,3,6,153,51394.9,2009.0,Mixed
2016-06-01 11:00:00,Fox_lodging_Helen,338.53,32.8,0.0,1.7,1008.6,1.5,11,3,6,153,51394.9,2009.0,Mixed
2016-06-01 12:00:00,Fox_lodging_Helen,332.92,34.4,2.0,1.7,1008.0,3.6,12,3,6,153,51394.9,2009.0,Mixed
2016-06-01 13:00:00,Fox_lodging_Helen,335.33,35.6,2.0,1.7,1007.3,6.2,13,3,6,153,51394.9,2009.0,Mixed
2016-06-01 14:00:00,Fox_lodging_Helen,342.68,36.7,2.0,1.7,1006.5,2.1,14,3,6,153,51394.9,2009.0,Mixed
2016-06-01 15:00:00,Fox_lodging_Helen,356.17,37.2,2.0,0.6,1005.6,4.6,15,3,6,153,51394.9,2009.0,Mixed
2016-06-01 16:00:00,Fox_lodging_Helen,369.62,38.3,2.0,-0.6,1004.7,6.2,16,3,6,153,51394.9,2009.0,Mixed
2016-06-01 17:00:00,Fox_lodging_Helen,402.2,38.3,2.0,-1.7,1004.4,4.6,17,3,6,153,51394.9,2009.0,Mixed
2016-06-01 18:00:00,Fox_lodging_Helen,417.0,37.8,2.0,-1.7,1004.0,5.1,18,3,6,153,51394.9,2009.0,Mixed
2016-06-01 19:00:00,Fox_lodging_Helen,436.68,37.8,2.0,-0.6,1004.2,5.7,19,3,6,153,51394.9,2009.0,Mixed
2016-06-01 20:00:00,Fox_lodging_Helen,436.32,35.6,2.0,0.0,1004.5,3.1,20,3,6,153,51394.9,2009.0,Mixed
2016-06-01 21:00:00,Fox_lodging_Helen,437.23,34.4,0.0,0.6,1005.5,4.6,21,3,6,153,51394.9,2009.0,Mixed
2016-06-01 22:00:00,Fox_lodging_Helen,413.35,33.3,0.0,0.0,1006.4,3.1,22,3,6,153,51394.9,2009.0,Mixed
2016-06-01 23:00:00,Fox_lodging_Helen,397.28,32.8,0.0,0.0,1006.8,2.6,23,3,6,153,51394.9,2009.0,Mixed
2016-06-02 00:00:00,Fox_lodging_Helen,391.93,32.8,0.0,0.0,1007.0,3.1,0,4,6,154,51394.9,2009.0,Mixed
2016-06-02 01:00:00,Fox_lodging_Helen,297.85,31.7,0.0,0.0,1007.3,3.6,1,4,6,154,51394.9,2009.0,Mixed
2016-06-02 02:00:00,Fox_lodging_Helen,401.22,30.0,0.0,0.6,1007.3,2.6,2,4,6,154,51394.9,2009.0,Mixed
2016-06-02 03:00:00,Fox_lodging_Helen,398.18,27.8,0.0,1.1,1007.7,1.5,3,4,6,154,51394.9,2009.0,Mixed
2016-06-02 04:00:00,Fox_lodging_Helen,398.38,27.2,0.0,1.1,1008.1,0.0,4,4,6,154,51394.9,2009.0,Mixed
2016-06-02 05:00:00,Fox_lodging_Helen,399.28,26.1,2.0,4.4,1008.9,1.5,5,4,6,154,51394.9,2009.0,Mixed
2016-06-02 06:00:00,Fox_lodging_Helen,396.93,25.0,2.0,4.4,1009.8,2.1,6,4,6,154,51394.9,2009.0,Mixed
2016-06-02 07:00:00,Fox_lodging_Helen,376.48,27.2,4.0,4.4,1010.3,3.1,7,4,6,154,51394.9,2009.0,Mixed
2016-06-02 08:00:00,Fox_lodging_Helen,372.6,28.9,4.0,3.9,1010.9,2.6,8,4,6,154,51394.9,2009.0,Mixed
2016-06-02 09:00:00,Fox_lodging_Helen,360.4,31.7,4.0,2.2,1011.1,2.6,9,4,6,154,51394.9,2009.0,Mixed
2016-06-02 10:00:00,Fox_lodging_Helen,343.87,32.8,2.0,1.7,1011.1,2.6,10,4,6,154,51394.9,2009.0,Mixed
2016-06-02 11:00:00,Fox_lodging_Helen,338.85,34.4,2.0,1.7,1010.9,1.5,11,4,6,154,51394.9,2009.0,Mixed
2016-06-02 12:00:00,Fox_lodging_Helen,343.65,36.1,4.0,2.2,1010.3,2.1,12,4,6,154,51394.9,2009.0,Mixed
2016-06-02 13:00:00,Fox_lodging_Helen,344.13,37.8,4.0,2.2,1009.4,1.5,13,4,6,154,51394.9,2009.0,Mixed
2016-06-02 14:00:00,Fox_lodging_Helen,345.17,39.4,4.0,1.7,1008.5,4.6,14,4,6,154,51394.9,2009.0,Mixed
2016-06-02 15:00:00,Fox_lodging_Helen,356.8,40.6,4.0,0.0,1007.7,4.6,15,4,6,154,51394.9,2009.0,Mixed
2016-06-02 16:00:00,Fox_lodging_Helen,374.25,41.1,2.0,-3.3,1006.7,5.7,16,4,6,154,51394.9,2009.0,Mixed
2016-06-02 17:00:00,Fox_lodging_Helen,409.93,41.7,2.0,-7.2,1006.3,6.2,17,4,6,154,51394.9,2009.0,Mixed
2016-06-02 18:00:00,Fox_lodging_Helen,428.85,40.6,2.0,-4.4,1005.9,7.2,18,4,6,154,51394.9,2009.0,Mixed
2016-06-02 19:00:00,Fox_lodging_Helen,433.63,40.0,2.0,-4.4,1006.0,7.2,19,4,6,154,51394.9,2009.0,Mixed
2016-06-02 20:00:00,Fox_lodging_Helen,440.67,38.3,2.0,-4.4,1006.3,4.1,20,4,6,154,51394.9,2009.0,Mixed
2016-06-02 21:00:00,Fox_lodging_Helen,437.67,35.0,0.0,-2.2,1007.0,1.5,21,4,6,154,51394.9,2009.0,Mixed
2016-06-02 22:00:00,Fox_lodging_Helen,421.52,35.0,0.0,-3.3,1007.8,3.1,22,4,6,154,51394.9,2009.0,Mixed
2016-06-02 23:00:00,Fox_lodging_Helen,399.77,33.9,0.0,-2.2,1008.2,0.0,23,4,6,154,51394.9,2009.0,Mixed
2016-06-03 00:00:00,Fox_lodging_Helen,403.3,31.7,0.0,-0.6,1008.5,0.0,0,5,6,155,51394.9,2009.0,Mixed
2016-06-03 01:00:00,Fox_lodging_Helen,398.28,30.6,0.0,0.0,1008.6,0.0,1,5,6,155,51394.9,2009.0,Mixed
2016-06-03 02:00:00,Fox_lodging_Helen,407.45,29.4,0.0,1.1,1008.5,2.1,2,5,6,155,51394.9,2009.0,Mixed
2016-06-03 03:00:00,Fox_lodging_Helen,404.25,31.1,0.0,1.1,1008.4,3.1,3,5,6,155,51394.9,2009.0,Mixed
2016-06-03 04:00:00,Fox_lodging_Helen,398.9,30.0,0.0,2.2,1008.7,0.0,4,5,6,155,51394.9,2009.0,Mixed
2016-06-03 05:00:00,Fox_lodging_Helen,400.8,26.7,2.0,3.3,1009.3,0.0,5,5,6,155,51394.9,2009.0,Mixed
2016-06-03 06:00:00,Fox_lodging_Helen,395.17,26.7,2.0,3.3,1010.0,2.1,6,5,6,155,51394.9,2009.0,Mixed
2016-06-03 07:00:00,Fox_lodging_Helen,383.8,27.8,2.0,4.4,1010.5,1.5,7,5,6,155,51394.9,2009.0,Mixed
2016-06-03 08:00:00,Fox_lodging_Helen,377.02,31.1,2.0,1.1,1010.8,3.1,8,5,6,155,51394.9,2009.0,Mixed
2016-06-03 09:00:00,Fox_lodging_Helen,364.82,33.3,2.0,0.6,1011.2,0.0,9,5,6,155,51394.9,2009.0,Mixed
2016-06-03 10:00:00,Fox_lodging_Helen,349.92,36.1,2.0,0.6,1011.1,1.5,10,5,6,155,51394.9,2009.0,Mixed
2016-06-03 11:00:00,Fox_lodging_Helen,355.9,37.2,2.0,0.6,1010.8,0.0,11,5,6,155,51394.9,2009.0,Mixed
2016-06-03 12:00:00,Fox_lodging_Helen,361.0,39.4,2.0,-0.6,1010.1,3.6,12,5,6,155,51394.9,2009.0,Mixed
2016-06-03 13:00:00,Fox_lodging_Helen,353.03,40.6,2.0,-0.6,1009.3,3.1,13,5,6,155,51394.9,2009.0,Mixed
2016-06-03 14:00:00,Fox_lodging_Helen,353.88,42.2,2.0,-0.6,1008.3,2.1,14,5,6,155,51394.9,2009.0,Mixed
2016-06-03 15:00:00,Fox_lodging_Helen,368.5,43.9,2.0,-2.8,1007.1,7.2,15,5,6,155,51394.9,2009.0,Mixed
2016-06-03 16:00:00,Fox_lodging_Helen,391.23,44.4,2.0,-6.1,1006.2,8.2,16,5,6,155,51394.9,2009.0,Mixed
2016-06-03 17:00:00,Fox_lodging_Helen,412.53,43.9,2.0,-7.8,1005.6,4.1,17,5,6,155,51394.9,2009.0,Mixed
2016-06-03 18:00:00,Fox_lodging_Helen,444.9,43.3,2.0,-6.1,1005.1,7.2,18,5,6,155,51394.9,2009.0,Mixed
2016-06-03 19:00:00,Fox_lodging_Helen,447.12,42.8,2.0,-5.0,1005.1,7.2,19,5,6,155,51394.9,2009.0,Mixed
2016-06-03 20:00:00,Fox_lodging_Helen,439.0,41.1,2.0,-2.8,1005.3,6.7,20,5,6,155,51394.9,2009.0,Mixed
2016-06-03 21:00:00,Fox_lodging_Helen,446.03,40.0,2.0,-2.8,1005.6,6.2,21,5,6,155,51394.9,2009.0,Mixed
2016-06-03 22:00:00,Fox_lodging_Helen,431.53,37.8,0.0,-1.7,1006.6,5.1,22,5,6,155,51394.9,2009.0,Mixed
2016-06-03 23:00:00,Fox_lodging_Helen,405.07,34.4,0.0,-0.6,1007.0,2.1,23,5,6,155,51394.9,2009.0,Mixed
2016-06-04 00:00:00,Fox_lodging_Helen,401.7,35.6,0.0,-1.1,1006.6,4.1,0,6,6,156,51394.9,2009.0,Mixed
2016-06-04 01:00:00,Fox_lodging_Helen,407.85,32.2,0.0,-0.6,1006.4,4.1,1,6,6,156,51394.9,2009.0,Mixed
2016-06-04 02:00:00,Fox_lodging_Helen,417.65,31.7,0.0,-1.7,1006.0,3.6,2,6,6,156,51394.9,2009.0,Mixed
2016-06-04 03:00:00,Fox_lodging_Helen,419.67,32.8,0.0,-2.8,1005.9,4.1,3,6,6,156,51394.9,2009.0,Mixed
2016-06-04 04:00:00,Fox_lodging_Helen,413.08,31.1,0.0,-2.2,1006.1,3.6,4,6,6,156,51394.9,2009.0,Mixed
2016-06-04 05:00:00,Fox_lodging_Helen,417.18,31.1,0.0,-2.2,1006.2,2.1,5,6,6,156,51394.9,2009.0,Mixed
2016-06-04 06:00:00,Fox_lodging_Helen,401.07,28.9,2.0,-1.1,1007.3,3.1,6,6,6,156,51394.9,2009.0,Mixed
2016-06-04 07:00:00,Fox_lodging_Helen,384.72,30.0,2.0,0.6,1008.1,0.0,7,6,6,156,51394.9,2009.0,Mixed
2016-06-04 08:00:00,Fox_lodging_Helen,368.27,31.7,2.0,-1.1,1008.7,2.1,8,6,6,156,51394.9,2009.0,Mixed
2016-06-04 09:00:00,Fox_lodging_Helen,361.47,33.9,2.0,0.0,1008.7,3.1,9,6,6,156,51394.9,2009.0,Mixed
2016-06-04 10:00:00,Fox_lodging_Helen,353.05,36.7,0.0,-0.6,1008.4,2.1,10,6,6,156,51394.9,2009.0,Mixed
2016-06-04 11:00:00,Fox_lodging_Helen,348.78,39.4,2.0,-1.1,1008.1,2.1,11,6,6,156,51394.9,2009.0,Mixed
2016-06-04 12:00:00,Fox_lodging_Helen,349.8,40.6,0.0,-2.2,1007.6,0.0,12,6,6,156,51394.9,2009.0,Mixed
2016-06-04 13:00:00,Fox_lodging_Helen,362.92,42.8,2.0,-3.3,1006.8,2.1,13,6,6,156,51394.9,2009.0,Mixed
2016-06-04 14:00:00,Fox_lodging_Helen,371.2,44.4,2.0,-2.8,1006.0,4.6,14,6,6,156,51394.9,2009.0,Mixed
2016-06-04 15:00:00,Fox_lodging_Helen,372.03,45.6,2.0,-3.3,1005.1,5.7,15,6,6,156,51394.9,2009.0,Mixed
2016-06-04 16:00:00,Fox_lodging_Helen,394.42,45.6,2.0,-3.9,1004.3,3.1,16,6,6,156,51394.9,2009.0,Mixed
2016-06-04 17:00:00,Fox_lodging_Helen,420.63,45.6,2.0,-5.6,1003.5,5.7,17,6,6,156,51394.9,2009.0,Mixed
2016-06-04 18:00:00,Fox_lodging_Helen,438.9,45.0,2.0,-6.1,1003.0,6.2,18,6,6,156,51394.9,2009.0,Mixed
2016-06-04 19:00:00,Fox_lodging_Helen,448.0,43.3,2.0,-5.6,1003.3,5.1,19,6,6,156,51394.9,2009.0,Mixed
2016-06-04 20:00:00,Fox_lodging_Helen,449.37,41.7,2.0,-3.9,1003.6,4.6,20,6,6,156,51394.9,2009.0,Mixed
2016-06-04 21:00:00,Fox_lodging_Helen,456.93,40.0,2.0,-3.3,1003.6,3.1,21,6,6,156,51394.9,2009.0,Mixed
2016-06-04 22:00:00,Fox_lodging_Helen,439.55,36.1,0.0,-0.6,1004.1,2.6,22,6,6,156,51394.9,2009.0,Mixed
2016-06-04 23:00:00,Fox_lodging_Helen,415.4,37.2,0.0,-1.7,1004.1,2.6,23,6,6,156,51394.9,2009.0,Mixed
2016-06-05 00:00:00,Fox_lodging_Helen,414.63,36.7,0.0,-2.2,1004.3,2.6,0,7,6,157,51394.9,2009.0,Mixed
2016-06-05 01:00:00,Fox_lodging_Helen,417.15,33.3,0.0,-1.7,1004.0,3.1,1,7,6,157,51394.9,2009.0,Mixed
2016-06-05 02:00:00,Fox_lodging_Helen,423.5,33.9,0.0,-2.8,1003.9,1.5,2,7,6,157,51394.9,2009.0,Mixed
2016-06-05 03:00:00,Fox_lodging_Helen,420.35,33.3,0.0,-2.2,1003.6,2.6,3,7,6,157,51394.9,2009.0,Mixed
2016-06-05 04:00:00,Fox_lodging_Helen,416.62,31.1,0.0,0.0,1003.7,0.0,4,7,6,157,51394.9,2009.0,Mixed
2016-06-05 05:00:00,Fox_lodging_Helen,413.93,30.6,4.0,0.6,1004.0,1.5,5,7,6,157,51394.9,2009.0,Mixed
2016-06-05 06:00:00,Fox_lodging_Helen,406.75,28.3,4.0,1.1,1004.8,3.1,6,7,6,157,51394.9,2009.0,Mixed
2016-06-05 07:00:00,Fox_lodging_Helen,385.1,28.9,0.0,0.6,1005.5,2.1,7,7,6,157,51394.9,2009.0,Mixed
2016-06-05 08:00:00,Fox_lodging_Helen,370.15,31.1,0.0,0.6,1006.1,2.1,8,7,6,157,51394.9,2009.0,Mixed
2016-06-05 09:00:00,Fox_lodging_Helen,359.48,34.4,0.0,-1.1,1006.3,2.6,9,7,6,157,51394.9,2009.0,Mixed
2016-06-05 10:00:00,Fox_lodging_Helen,357.25,36.7,0.0,-1.1,1006.2,0.0,10,7,6,157,51394.9,2009.0,Mixed
2016-06-05 11:00:00,Fox_lodging_Helen,352.22,38.9,0.0,-2.8,1006.0,2.6,11,7,6,157,51394.9,2009.0,Mixed
2016-06-05 12:00:00,Fox_lodging_Helen,355.15,41.1,0.0,-1.1,1005.4,0.0,12,7,6,157,51394.9,2009.0,Mixed
2016-06-05 13:00:00,Fox_lodging_Helen,360.23,42.8,0.0,-2.8,1004.6,0.0,13,7,6,157,51394.9,2009.0,Mixed
2016-06-05 14:00:00,Fox_lodging_Helen,374.02,43.3,2.0,-5.0,1003.6,3.1,14,7,6,157,51394.9,2009.0,Mixed
2016-06-05 15:00:00,Fox_lodging_Helen,379.35,44.4,2.0,-5.6,1002.8,3.1,15,7,6,157,51394.9,2009.0,Mixed
2016-06-05 16:00:00,Fox_lodging_Helen,399.45,44.4,2.0,-7.2,1001.9,4.1,16,7,6,157,51394.9,2009.0,Mixed
2016-06-05 17:00:00,Fox_lodging_Helen,429.73,45.0,2.0,-6.7,1001.1,4.6,17,7,6,157,51394.9,2009.0,Mixed
2016-06-05 18:00:00,Fox_lodging_Helen,446.12,44.4,2.0,-5.0,1000.5,3.6,18,7,6,157,51394.9,2009.0,Mixed
2016-06-05 19:00:00,Fox_lodging_Helen,461.87,43.9,2.0,-5.6,1000.5,6.7,19,7,6,157,51394.9,2009.0,Mixed
2016-06-05 20:00:00,Fox_lodging_Helen,464.2,42.8,2.0,-5.0,1000.5,4.6,20,7,6,157,51394.9,2009.0,Mixed
2016-06-05 21:00:00,Fox_lodging_Helen,469.1,38.9,2.0,-2.2,1000.8,2.1,21,7,6,157,51394.9,2009.0,Mixed
2016-06-05 22:00:00,Fox_lodging_Helen,454.75,36.1,2.0,0.0,1001.4,3.1,22,7,6,157,51394.9,2009.0,Mixed
2016-06-05 23:00:00,Fox_lodging_Helen,428.7,37.8,2.0,-2.8,1001.4,5.1,23,7,6,157,51394.9,2009.0,Mixed
2016-06-06 00:00:00,Fox_lodging_Helen,414.95,34.4,0.0,-1.7,1001.6,2.1,0,1,6,158,51394.9,2009.0,Mixed
2016-06-06 01:00:00,Fox_lodging_Helen,421.48,35.6,0.0,-2.2,1001.2,2.1,1,1,6,158,51394.9,2009.0,Mixed
2016-06-06 02:00:00,Fox_lodging_Helen,427.47,32.8,0.0,-1.7,1001.1,0.0,2,1,6,158,51394.9,2009.0,Mixed
2016-06-06 03:00:00,Fox_lodging_Helen,417.73,31.1,2.0,1.7,1001.4,3.1,3,1,6,158,51394.9,2009.0,Mixed
2016-06-06 04:00:00,Fox_lodging_Helen,419.33,28.9,2.0,2.8,1001.8,3.6,4,1,6,158,51394.9,2009.0,Mixed
2016-06-06 05:00:00,Fox_lodging_Helen,411.65,28.3,2.0,2.8,1002.1,4.1,5,1,6,158,51394.9,2009.0,Mixed
2016-06-06 06:00:00,Fox_lodging_Helen,410.48,27.8,2.4,1.7,1002.4,4.6,6,1,6,158,51394.9,2009.0,Mixed
2016-06-06 07:00:00,Fox_lodging_Helen,396.93,30.0,2.8,1.1,1002.9,4.1,7,1,6,158,51394.9,2009.0,Mixed
2016-06-06 08:00:00,Fox_lodging_Helen,383.92,31.1,3.2,0.6,1003.4,4.6,8,1,6,158,51394.9,2009.0,Mixed
2016-06-06 09:00:00,Fox_lodging_Helen,370.77,33.3,3.2,0.0,1004.3,2.6,9,1,6,158,51394.9,2009.0,Mixed
2016-06-06 10:00:00,Fox_lodging_Helen,363.27,36.1,4.0,0.6,1004.3,2.6,10,1,6,158,51394.9,2009.0,Mixed
2016-06-06 11:00:00,Fox_lodging_Helen,353.75,37.8,4.0,0.6,1003.7,2.6,11,1,6,158,51394.9,2009.0,Mixed
2016-06-06 12:00:00,Fox_lodging_Helen,354.87,40.0,2.0,-1.7,1003.2,2.1,12,1,6,158,51394.9,2009.0,Mixed
2016-06-06 13:00:00,Fox_lodging_Helen,359.67,41.1,2.0,-3.3,1002.4,2.6,13,1,6,158,51394.9,2009.0,Mixed
2016-06-06 14:00:00,Fox_lodging_Helen,368.0,42.2,2.0,-3.9,1001.6,2.6,14,1,6,158,51394.9,2009.0,Mixed
2016-06-06 15:00:00,Fox_lodging_Helen,377.63,42.2,2.0,-2.8,1000.8,2.1,15,1,6,158,51394.9,2009.0,Mixed
2016-06-06 16:00:00,Fox_lodging_Helen,399.17,42.2,2.0,-2.8,1000.1,3.1,16,1,6,158,51394.9,2009.0,Mixed
2016-06-06 17:00:00,Fox_lodging_Helen,425.93,43.3,2.0,-2.8,999.5,3.6,17,1,6,158,51394.9,2009.0,Mixed
2016-06-06 18:00:00,Fox_lodging_Helen,444.77,42.2,2.0,-4.4,999.4,5.7,18,1,6,158,51394.9,2009.0,Mixed
2016-06-06 19:00:00,Fox_lodging_Helen,448.87,41.7,2.0,-4.4,999.4,5.1,19,1,6,158,51394.9,2009.0,Mixed
2016-06-06 20:00:00,Fox_lodging_Helen,456.47,40.6,2.0,-3.3,999.9,3.6,20,1,6,158,51394.9,2009.0,Mixed
2016-06-06 21:00:00,Fox_lodging_Helen,465.7,37.2,2.0,-1.1,1000.6,2.6,21,1,6,158,51394.9,2009.0,Mixed
2016-06-06 22:00:00,Fox_lodging_Helen,450.78,36.1,2.0,-1.1,1001.6,3.6,22,1,6,158,51394.9,2009.0,Mixed
2016-06-06 23:00:00,Fox_lodging_Helen,428.97,35.6,2.0,-1.7,1002.1,3.1,23,1,6,158,51394.9,2009.0,Mixed
2016-06-07 00:00:00,Fox_lodging_Helen,424.68,33.3,2.0,-1.1,1002.6,2.6,0,2,6,159,51394.9,2009.0,Mixed
2016-06-07 01:00:00,Fox_lodging_Helen,424.55,31.7,2.0,-2.2,1003.1,2.6,1,2,6,159,51394.9,2009.0,Mixed
2016-06-07 02:00:00,Fox_lodging_Helen,426.92,28.9,2.0,-1.7,1003.7,3.1,2,2,6,159,51394.9,2009.0,Mixed
2016-06-07 03:00:00,Fox_lodging_Helen,424.42,28.3,0.0,-1.7,1004.2,3.6,3,2,6,159,51394.9,2009.0,Mixed
2016-06-07 04:00:00,Fox_lodging_Helen,420.93,27.2,0.0,-1.1,1004.8,3.6,4,2,6,159,51394.9,2009.0,Mixed
2016-06-07 05:00:00,Fox_lodging_Helen,418.85,26.7,0.0,-2.2,1005.6,3.1,5,2,6,159,51394.9,2009.0,Mixed
2016-06-07 06:00:00,Fox_lodging_Helen,414.3,26.7,2.0,-1.7,1006.4,3.6,6,2,6,159,51394.9,2009.0,Mixed
2016-06-07 07:00:00,Fox_lodging_Helen,404.55,27.8,2.0,-1.7,1006.7,3.6,7,2,6,159,51394.9,2009.0,Mixed
2016-06-07 08:00:00,Fox_lodging_Helen,386.97,30.0,2.0,-2.2,1007.2,5.1,8,2,6,159,51394.9,2009.0,Mixed
2016-06-07 09:00:00,Fox_lodging_Helen,371.72,32.2,2.0,-0.6,1007.3,3.6,9,2,6,159,51394.9,2009.0,Mixed
2016-06-07 10:00:00,Fox_lodging_Helen,364.87,34.4,2.0,0.6,1007.0,2.6,10,2,6,159,51394.9,2009.0,Mixed
2016-06-07 11:00:00,Fox_lodging_Helen,360.82,35.6,2.0,0.0,1006.8,3.6,11,2,6,159,51394.9,2009.0,Mixed
2016-06-07 12:00:00,Fox_lodging_Helen,355.9,37.2,2.0,-0.6,1006.3,2.6,12,2,6,159,51394.9,2009.0,Mixed
2016-06-07 13:00:00,Fox_lodging_Helen,351.17,38.9,2.0,-0.6,1005.4,3.1,13,2,6,159,51394.9,2009.0,Mixed
2016-06-07 14:00:00,Fox_lodging_Helen,364.67,38.3,2.0,-2.2,1004.7,3.6,14,2,6,159,51394.9,2009.0,Mixed
2016-06-07 15:00:00,Fox_lodging_Helen,379.18,41.1,2.0,-2.8,1003.9,3.1,15,2,6,159,51394.9,2009.0,Mixed
2016-06-07 16:00:00,Fox_lodging_Helen,403.17,40.6,2.0,-3.3,1003.4,3.6,16,2,6,159,51394.9,2009.0,Mixed
2016-06-07 17:00:00,Fox_lodging_Helen,421.28,40.0,2.0,-3.3,1002.8,4.1,17,2,6,159,51394.9,2009.0,Mixed
2016-06-07 18:00:00,Fox_lodging_Helen,442.73,40.0,2.0,-4.4,1002.4,5.1,18,2,6,159,51394.9,2009.0,Mixed
2016-06-07 19:00:00,Fox_lodging_Helen,450.08,39.4,4.0,-4.4,1002.3,4.1,19,2,6,159,51394.9,2009.0,Mixed
2016-06-07 20:00:00,Fox_lodging_Helen,460.13,38.9,4.0,-3.3,1002.7,4.1,20,2,6,159,51394.9,2009.0,Mixed
2016-06-07 21:00:00,Fox_lodging_Helen,469.27,36.1,2.0,-1.7,1002.9,2.1,21,2,6,159,51394.9,2009.0,Mixed
2016-06-07 22:00:00,Fox_lodging_Helen,454.88,33.9,0.0,0.0,1003.5,2.1,22,2,6,159,51394.9,2009.0,Mixed
2016-06-07 23:00:00,Fox_lodging_Helen,432.67,33.3,0.0,6.7,1004.2,5.1,23,2,6,159,51394.9,2009.0,Mixed
2016-06-08 00:00:00,Fox_lodging_Helen,428.53,33.3,0.0,11.1,1004.7,3.1,0,3,6,160,51394.9,2009.0,Mixed
2016-06-08 01:00:00,Fox_lodging_Helen,432.85,32.2,0.0,10.6,1004.9,5.1,1,3,6,160,51394.9,2009.0,Mixed
2016-06-08 02:00:00,Fox_lodging_Helen,438.42,32.2,0.0,9.4,1005.1,3.6,2,3,6,160,51394.9,2009.0,Mixed
2016-06-08 03:00:00,Fox_lodging_Helen,434.58,30.0,0.0,10.6,1005.7,3.1,3,3,6,160,51394.9,2009.0,Mixed
2016-06-08 04:00:00,Fox_lodging_Helen,427.9,28.9,0.0,9.4,1006.1,1.5,4,3,6,160,51394.9,2009.0,Mixed
2016-06-08 05:00:00,Fox_lodging_Helen,426.28,28.3,2.0,11.1,1006.7,2.6,5,3,6,160,51394.9,2009.0,Mixed
2016-06-08 06:00:00,Fox_lodging_Helen,422.77,27.8,2.0,7.8,1007.6,3.6,6,3,6,160,51394.9,2009.0,Mixed
2016-06-08 07:00:00,Fox_lodging_Helen,410.72,28.3,2.0,7.8,1008.1,1.5,7,3,6,160,51394.9,2009.0,Mixed
2016-06-08 08:00:00,Fox_lodging_Helen,400.4,30.0,0.0,10.0,1008.6,2.1,8,3,6,160,51394.9,2009.0,Mixed
2016-06-08 09:00:00,Fox_lodging_Helen,386.6,31.7,0.0,11.1,1008.7,0.0,9,3,6,160,51394.9,2009.0,Mixed
2016-06-08 10:00:00,Fox_lodging_Helen,378.6,34.4,2.0,10.6,1008.2,1.5,10,3,6,160,51394.9,2009.0,Mixed
2016-06-08 11:00:00,Fox_lodging_Helen,374.85,36.7,2.0,11.1,1007.7,2.6,11,3,6,160,51394.9,2009.0,Mixed
2016-06-08 12:00:00,Fox_lodging_Helen,369.88,36.7,2.0,10.6,1007.0,0.0,12,3,6,160,51394.9,2009.0,Mixed
2016-06-08 13:00:00,Fox_lodging_Helen,373.72,38.3,2.0,9.4,1006.2,2.1,13,3,6,160,51394.9,2009.0,Mixed
2016-06-08 14:00:00,Fox_lodging_Helen,380.27,38.9,2.0,8.9,1005.3,2.1,14,3,6,160,51394.9,2009.0,Mixed
2016-06-08 15:00:00,Fox_lodging_Helen,388.87,41.1,2.0,8.3,1004.3,3.1,15,3,6,160,51394.9,2009.0,Mixed
2016-06-08 16:00:00,Fox_lodging_Helen,415.1,40.6,4.0,7.2,1003.4,5.1,16,3,6,160,51394.9,2009.0,Mixed
2016-06-08 17:00:00,Fox_lodging_Helen,449.23,40.6,4.0,8.3,1003.0,2.6,17,3,6,160,51394.9,2009.0,Mixed
2016-06-08 18:00:00,Fox_lodging_Helen,441.4,40.0,4.0,7.2,1002.6,3.6,18,3,6,160,51394.9,2009.0,Mixed
2016-06-08 19:00:00,Fox_lodging_Helen,456.18,40.0,4.0,3.3,1002.6,4.1,19,3,6,160,51394.9,2009.0,Mixed
2016-06-08 20:00:00,Fox_lodging_Helen,465.87,38.9,4.0,3.9,1002.9,4.6,20,3,6,160,51394.9,2009.0,Mixed
2016-06-08 21:00:00,Fox_lodging_Helen,470.23,38.3,4.0,7.2,1003.5,6.7,21,3,6,160,51394.9,2009.0,Mixed
2016-06-08 22:00:00,Fox_lodging_Helen,471.63,35.6,4.0,8.3,1004.6,6.2,22,3,6,160,51394.9,2009.0,Mixed
2016-06-08 23:00:00,Fox_lodging_Helen,449.5,34.4,2.0,8.9,1005.1,5.1,23,3,6,160,51394.9,2009.0,Mixed
2016-06-09 00:00:00,Fox_lodging_Helen,441.45,33.9,2.0,7.8,1006.0,4.1,0,4,6,161,51394.9,2009.0,Mixed
2016-06-09 01:00:00,Fox_lodging_Helen,437.9,32.8,2.0,7.2,1006.0,7.7,1,4,6,161,51394.9,2009.0,Mixed
2016-06-09 02:00:00,Fox_lodging_Helen,441.25,31.1,2.0,9.4,1006.4,7.7,2,4,6,161,51394.9,2009.0,Mixed
2016-06-09 03:00:00,Fox_lodging_Helen,437.65,29.4,2.0,10.6,1007.4,2.1,3,4,6,161,51394.9,2009.0,Mixed
2016-06-09 04:00:00,Fox_lodging_Helen,435.43,29.4,0.0,11.1,1008.1,5.1,4,4,6,161,51394.9,2009.0,Mixed
2016-06-09 05:00:00,Fox_lodging_Helen,436.95,28.9,4.0,11.7,1008.7,3.6,5,4,6,161,51394.9,2009.0,Mixed
2016-06-09 06:00:00,Fox_lodging_Helen,430.35,28.3,2.0,12.2,1009.6,4.1,6,4,6,161,51394.9,2009.0,Mixed
2016-06-09 07:00:00,Fox_lodging_Helen,420.47,28.9,0.0,12.8,1010.0,3.6,7,4,6,161,51394.9,2009.0,Mixed
2016-06-09 08:00:00,Fox_lodging_Helen,404.37,30.0,0.0,13.3,1010.7,3.6,8,4,6,161,51394.9,2009.0,Mixed
2016-06-09 09:00:00,Fox_lodging_Helen,395.0,31.7,0.0,12.8,1010.6,1.5,9,4,6,161,51394.9,2009.0,Mixed
2016-06-09 10:00:00,Fox_lodging_Helen,383.48,32.8,1.0,11.7,1010.5,0.0,10,4,6,161,51394.9,2009.0,Mixed
2016-06-09 11:00:00,Fox_lodging_Helen,376.65,34.4,2.0,12.8,1010.3,0.0,11,4,6,161,51394.9,2009.0,Mixed
2016-06-09 12:00:00,Fox_lodging_Helen,369.65,35.0,2.0,12.2,1009.5,1.5,12,4,6,161,51394.9,2009.0,Mixed
2016-06-09 13:00:00,Fox_lodging_Helen,370.48,36.1,2.0,12.2,1008.7,0.0,13,4,6,161,51394.9,2009.0,Mixed
2016-06-09 14:00:00,Fox_lodging_Helen,381.08,37.8,2.0,11.7,1007.8,4.1,14,4,6,161,51394.9,2009.0,Mixed
2016-06-09 15:00:00,Fox_lodging_Helen,396.43,39.4,2.0,12.2,1006.9,4.1,15,4,6,161,51394.9,2009.0,Mixed
2016-06-09 16:00:00,Fox_lodging_Helen,410.63,39.4,2.0,12.2,1005.9,6.2,16,4,6,161,51394.9,2009.0,Mixed
2016-06-09 17:00:00,Fox_lodging_Helen,437.43,38.9,0.0,12.2,1005.1,4.1,17,4,6,161,51394.9,2009.0,Mixed
2016-06-09 18:00:00,Fox_lodging_Helen,462.98,38.9,0.0,10.0,1004.6,6.7,18,4,6,161,51394.9,2009.0,Mixed
2016-06-09 19:00:00,Fox_lodging_Helen,466.9,38.9,2.0,8.9,1004.9,8.2,19,4,6,161,51394.9,2009.0,Mixed
2016-06-09 20:00:00,Fox_lodging_Helen,476.63,37.2,2.0,8.9,1005.4,6.2,20,4,6,161,51394.9,2009.0,Mixed
2016-06-09 21:00:00,Fox_lodging_Helen,480.47,36.1,2.0,9.4,1006.0,6.7,21,4,6,161,51394.9,2009.0,Mixed
2016-06-09 22:00:00,Fox_lodging_Helen,469.65,34.4,0.0,9.4,1006.8,6.2,22,4,6,161,51394.9,2009.0,Mixed
2016-06-09 23:00:00,Fox_lodging_Helen,458.68,33.3,0.0,10.0,1007.3,5.7,23,4,6,161,51394.9,2009.0,Mixed
2016-06-10 00:00:00,Fox_lodging_Helen,458.23,32.8,0.0,10.0,1007.5,5.7,0,5,6,162,51394.9,2009.0,Mixed
2016-06-10 01:00:00,Fox_lodging_Helen,450.78,32.8,0.0,10.0,1007.8,4.1,1,5,6,162,51394.9,2009.0,Mixed
2016-06-10 02:00:00,Fox_lodging_Helen,450.15,30.6,0.0,10.0,1008.7,2.1,2,5,6,162,51394.9,2009.0,Mixed
2016-06-10 03:00:00,Fox_lodging_Helen,452.2,29.4,0.0,11.1,1009.6,2.6,3,5,6,162,51394.9,2009.0,Mixed
2016-06-10 04:00:00,Fox_lodging_Helen,448.43,28.9,0.0,12.2,1010.6,4.6,4,5,6,162,51394.9,2009.0,Mixed
2016-06-10 05:00:00,Fox_lodging_Helen,446.53,28.3,4.0,13.3,1011.1,3.1,5,5,6,162,51394.9,2009.0,Mixed
2016-06-10 06:00:00,Fox_lodging_Helen,434.58,28.3,4.333333333333333,12.8,1011.7,3.1,6,5,6,162,51394.9,2009.0,Mixed
2016-06-10 07:00:00,Fox_lodging_Helen,429.48,28.9,4.666666666666667,12.8,1011.2,3.1,7,5,6,162,51394.9,2009.0,Mixed
2016-06-10 08:00:00,Fox_lodging_Helen,414.13,28.9,5.0,12.2,1011.8,3.6,8,5,6,162,51394.9,2009.0,Mixed
2016-06-10 09:00:00,Fox_lodging_Helen,404.98,30.6,5.0,12.8,1011.7,5.1,9,5,6,162,51394.9,2009.0,Mixed
2016-06-10 10:00:00,Fox_lodging_Helen,391.2,31.7,5.0,12.8,1011.3,0.0,10,5,6,162,51394.9,2009.0,Mixed
2016-06-10 11:00:00,Fox_lodging_Helen,388.72,33.9,6.0,13.9,1010.9,2.6,11,5,6,162,51394.9,2009.0,Mixed
2016-06-10 12:00:00,Fox_lodging_Helen,379.65,34.4,6.0,13.9,1010.3,1.5,12,5,6,162,51394.9,2009.0,Mixed
2016-06-10 13:00:00,Fox_lodging_Helen,406.9,35.0,6.0,14.4,1009.3,2.6,13,5,6,162,51394.9,2009.0,Mixed
2016-06-10 14:00:00,Fox_lodging_Helen,413.1,36.7,6.0,13.9,1008.7,7.2,14,5,6,162,51394.9,2009.0,Mixed
2016-06-10 15:00:00,Fox_lodging_Helen,419.85,36.1,6.0,14.4,1008.1,6.7,15,5,6,162,51394.9,2009.0,Mixed
2016-06-10 16:00:00,Fox_lodging_Helen,428.57,37.2,6.0,14.4,1007.2,6.7,16,5,6,162,51394.9,2009.0,Mixed
2016-06-10 17:00:00,Fox_lodging_Helen,458.2,36.7,6.0,14.4,1007.0,8.8,17,5,6,162,51394.9,2009.0,Mixed
2016-06-10 18:00:00,Fox_lodging_Helen,458.8,35.0,6.333333333333333,13.3,1007.4,6.2,18,5,6,162,51394.9,2009.0,Mixed
2016-06-10 19:00:00,Fox_lodging_Helen,463.22,33.9,6.666666666666667,13.9,1007.7,7.7,19,5,6,162,51394.9,2009.0,Mixed
2016-06-10 20:00:00,Fox_lodging_Helen,474.87,32.2,7.0,14.4,1008.0,5.7,20,5,6,162,51394.9,2009.0,Mixed
2016-06-10 21:00:00,Fox_lodging_Helen,471.83,32.8,7.0,14.4,1008.6,6.7,21,5,6,162,51394.9,2009.0,Mixed
2016-06-10 22:00:00,Fox_lodging_Helen,467.42,32.2,7.0,13.9,1009.5,3.6,22,5,6,162,51394.9,2009.0,Mixed
2016-06-10 23:00:00,Fox_lodging_Helen,445.78,30.6,8.0,15.6,1009.8,6.7,23,5,6,162,51394.9,2009.0,Mixed
2016-06-11 00:00:00,Fox_lodging_Helen,448.03,29.4,7.333333333333333,15.6,1009.6,1.5,0,6,6,163,51394.9,2009.0,Mixed
2016-06-11 01:00:00,Fox_lodging_Helen,456.2,29.4,6.666666666666667,15.6,1009.0,3.1,1,6,6,163,51394.9,2009.0,Mixed
2016-06-11 02:00:00,Fox_lodging_Helen,451.87,27.8,6.0,16.1,1009.1,3.6,2,6,6,163,51394.9,2009.0,Mixed
2016-06-11 03:00:00,Fox_lodging_Helen,448.28,27.2,6.0,15.0,1008.9,3.6,3,6,6,163,51394.9,2009.0,Mixed
2016-06-11 04:00:00,Fox_lodging_Helen,445.93,27.2,6.0,15.6,1008.9,4.6,4,6,6,163,51394.9,2009.0,Mixed
2016-06-11 05:00:00,Fox_lodging_Helen,444.55,26.7,4.0,15.6,1009.1,3.6,5,6,6,163,51394.9,2009.0,Mixed
2016-06-11 06:00:00,Fox_lodging_Helen,433.4,26.7,2.0,15.6,1009.6,4.1,6,6,6,163,51394.9,2009.0,Mixed
2016-06-11 07:00:00,Fox_lodging_Helen,415.03,27.2,2.0,16.1,1010.3,4.1,7,6,6,163,51394.9,2009.0,Mixed
2016-06-11 08:00:00,Fox_lodging_Helen,409.6,28.9,2.0,16.1,1011.0,3.6,8,6,6,163,51394.9,2009.0,Mixed
2016-06-11 09:00:00,Fox_lodging_Helen,401.43,30.0,2.0,15.6,1011.1,2.1,9,6,6,163,51394.9,2009.0,Mixed
2016-06-11 10:00:00,Fox_lodging_Helen,387.68,32.2,2.0,15.6,1011.0,2.1,10,6,6,163,51394.9,2009.0,Mixed
2016-06-11 11:00:00,Fox_lodging_Helen,392.5,35.0,2.0,15.6,1010.5,2.6,11,6,6,163,51394.9,2009.0,Mixed
2016-06-11 12:00:00,Fox_lodging_Helen,412.6,35.0,4.0,15.0,1010.0,3.6,12,6,6,163,51394.9,2009.0,Mixed
2016-06-11 13:00:00,Fox_lodging_Helen,397.88,35.0,4.0,15.0,1009.0,3.1,13,6,6,163,51394.9,2009.0,Mixed
2016-06-11 14:00:00,Fox_lodging_Helen,398.47,36.7,4.0,15.0,1008.2,5.1,14,6,6,163,51394.9,2009.0,Mixed
2016-06-11 15:00:00,Fox_lodging_Helen,417.77,37.8,4.666666666666667,15.0,1007.2,5.7,15,6,6,163,51394.9,2009.0,Mixed
2016-06-11 16:00:00,Fox_lodging_Helen,458.8,37.2,5.333333333333333,14.4,1006.6,6.2,16,6,6,163,51394.9,2009.0,Mixed
2016-06-11 17:00:00,Fox_lodging_Helen,460.23,36.7,6.0,14.4,1006.1,6.2,17,6,6,163,51394.9,2009.0,Mixed
2016-06-11 18:00:00,Fox_lodging_Helen,467.53,36.7,4.0,13.9,1006.1,4.6,18,6,6,163,51394.9,2009.0,Mixed
2016-06-11 19:00:00,Fox_lodging_Helen,479.75,36.7,4.0,12.2,1006.2,5.1,19,6,6,163,51394.9,2009.0,Mixed
2016-06-11 20:00:00,Fox_lodging_Helen,478.33,36.1,2.0,9.4,1006.8,8.2,20,6,6,163,51394.9,2009.0,Mixed
2016-06-11 21:00:00,Fox_lodging_Helen,472.58,33.9,2.0,11.1,1008.0,7.2,21,6,6,163,51394.9,2009.0,Mixed
2016-06-11 22:00:00,Fox_lodging_Helen,454.97,32.2,0.0,11.7,1009.2,6.2,22,6,6,163,51394.9,2009.0,Mixed
2016-06-11 23:00:00,Fox_lodging_Helen,451.32,31.1,0.0,11.1,1009.5,3.6,23,6,6,163,51394.9,2009.0,Mixed
2016-06-12 00:00:00,Fox_lodging_Helen,439.0,30.6,0.0,9.4,1009.9,3.1,0,7,6,164,51394.9,2009.0,Mixed
2016-06-12 01:00:00,Fox_lodging_Helen,435.2,29.4,0.0,6.7,1010.2,0.0,1,7,6,164,51394.9,2009.0,Mixed
2016-06-12 02:00:00,Fox_lodging_Helen,440.05,27.8,0.0,8.9,1010.2,0.0,2,7,6,164,51394.9,2009.0,Mixed
2016-06-12 03:00:00,Fox_lodging_Helen,436.42,26.7,0.0,8.3,1010.2,0.0,3,7,6,164,51394.9,2009.0,Mixed
2016-06-12 04:00:00,Fox_lodging_Helen,431.58,27.8,0.0,4.4,1010.3,1.5,4,7,6,164,51394.9,2009.0,Mixed
2016-06-12 05:00:00,Fox_lodging_Helen,430.12,26.1,0.0,5.6,1011.0,2.1,5,7,6,164,51394.9,2009.0,Mixed
2016-06-12 06:00:00,Fox_lodging_Helen,416.97,25.6,0.0,6.7,1011.6,0.0,6,7,6,164,51394.9,2009.0,Mixed
2016-06-12 07:00:00,Fox_lodging_Helen,400.52,26.7,0.0,6.7,1012.2,2.1,7,7,6,164,51394.9,2009.0,Mixed
2016-06-12 08:00:00,Fox_lodging_Helen,387.93,28.9,0.0,6.7,1012.6,1.5,8,7,6,164,51394.9,2009.0,Mixed
2016-06-12 09:00:00,Fox_lodging_Helen,382.37,31.1,0.0,8.9,1012.7,3.6,9,7,6,164,51394.9,2009.0,Mixed
2016-06-12 10:00:00,Fox_lodging_Helen,367.88,32.8,0.0,8.3,1012.7,2.6,10,7,6,164,51394.9,2009.0,Mixed
2016-06-12 11:00:00,Fox_lodging_Helen,356.38,33.3,0.0,8.3,1012.8,2.6,11,7,6,164,51394.9,2009.0,Mixed
2016-06-12 12:00:00,Fox_lodging_Helen,357.97,35.6,2.0,7.2,1012.2,0.0,12,7,6,164,51394.9,2009.0,Mixed
2016-06-12 13:00:00,Fox_lodging_Helen,362.68,36.7,2.0,2.8,1011.7,4.1,13,7,6,164,51394.9,2009.0,Mixed
2016-06-12 14:00:00,Fox_lodging_Helen,371.25,37.2,2.0,2.8,1011.1,2.1,14,7,6,164,51394.9,2009.0,Mixed
2016-06-12 15:00:00,Fox_lodging_Helen,403.38,39.4,4.0,3.3,1010.4,1.5,15,7,6,164,51394.9,2009.0,Mixed
2016-06-12 16:00:00,Fox_lodging_Helen,404.65,38.3,4.0,3.9,1009.8,5.1,16,7,6,164,51394.9,2009.0,Mixed
2016-06-12 17:00:00,Fox_lodging_Helen,428.1,38.3,2.0,2.2,1009.5,6.2,17,7,6,164,51394.9,2009.0,Mixed
2016-06-12 18:00:00,Fox_lodging_Helen,449.2,37.2,2.0,2.2,1009.3,4.1,18,7,6,164,51394.9,2009.0,Mixed
2016-06-12 19:00:00,Fox_lodging_Helen,459.13,37.2,2.0,0.6,1009.3,4.1,19,7,6,164,51394.9,2009.0,Mixed
2016-06-12 20:00:00,Fox_lodging_Helen,467.43,35.6,2.0,-1.1,1009.6,6.7,20,7,6,164,51394.9,2009.0,Mixed
2016-06-12 21:00:00,Fox_lodging_Helen,470.73,34.4,2.0,0.6,1010.0,7.2,21,7,6,164,51394.9,2009.0,Mixed
2016-06-12 22:00:00,Fox_lodging_Helen,473.4,33.9,0.0,-1.7,1010.6,6.2,22,7,6,164,51394.9,2009.0,Mixed
2016-06-12 23:00:00,Fox_lodging_Helen,437.97,32.8,6.0,-3.9,1011.0,6.7,23,7,6,164,51394.9,2009.0,Mixed
2016-06-13 00:00:00,Fox_lodging_Helen,419.28,31.7,5.0,-4.4,1011.2,5.7,0,1,6,165,51394.9,2009.0,Mixed
2016-06-13 01:00:00,Fox_lodging_Helen,425.78,30.6,4.0,-5.6,1011.1,5.7,1,1,6,165,51394.9,2009.0,Mixed
2016-06-13 02:00:00,Fox_lodging_Helen,427.3,28.9,2.0,-3.9,1011.1,4.6,2,1,6,165,51394.9,2009.0,Mixed
2016-06-13 03:00:00,Fox_lodging_Helen,417.22,26.7,2.0,-2.8,1011.5,1.5,3,1,6,165,51394.9,2009.0,Mixed
2016-06-13 04:00:00,Fox_lodging_Helen,419.57,26.7,4.0,-2.2,1011.7,1.5,4,1,6,165,51394.9,2009.0,Mixed
2016-06-13 05:00:00,Fox_lodging_Helen,416.08,27.2,6.0,-2.2,1011.8,0.0,5,1,6,165,51394.9,2009.0,Mixed
2016-06-13 06:00:00,Fox_lodging_Helen,410.47,26.1,5.0,0.6,1012.2,1.5,6,1,6,165,51394.9,2009.0,Mixed
2016-06-13 07:00:00,Fox_lodging_Helen,406.97,27.2,4.0,0.0,1013.0,2.1,7,1,6,165,51394.9,2009.0,Mixed
2016-06-13 08:00:00,Fox_lodging_Helen,391.53,29.4,2.0,-2.2,1012.9,2.1,8,1,6,165,51394.9,2009.0,Mixed
2016-06-13 09:00:00,Fox_lodging_Helen,378.62,30.0,2.0,-2.8,1013.2,0.0,9,1,6,165,51394.9,2009.0,Mixed
2016-06-13 10:00:00,Fox_lodging_Helen,367.4,32.8,2.0,-2.8,1012.8,2.6,10,1,6,165,51394.9,2009.0,Mixed
2016-06-13 11:00:00,Fox_lodging_Helen,363.03,32.8,2.0,-2.8,1012.5,2.6,11,1,6,165,51394.9,2009.0,Mixed
2016-06-13 12:00:00,Fox_lodging_Helen,360.23,33.3,2.0,-3.3,1011.9,0.0,12,1,6,165,51394.9,2009.0,Mixed
2016-06-13 13:00:00,Fox_lodging_Helen,364.82,36.1,2.0,-2.8,1011.1,5.1,13,1,6,165,51394.9,2009.0,Mixed
2016-06-13 14:00:00,Fox_lodging_Helen,375.52,36.1,2.0,-2.8,1010.5,4.1,14,1,6,165,51394.9,2009.0,Mixed
2016-06-13 15:00:00,Fox_lodging_Helen,394.2,36.1,2.0,-2.8,1009.7,6.7,15,1,6,165,51394.9,2009.0,Mixed
2016-06-13 16:00:00,Fox_lodging_Helen,407.02,37.2,2.0,-2.8,1008.8,2.6,16,1,6,165,51394.9,2009.0,Mixed
2016-06-13 17:00:00,Fox_lodging_Helen,442.93,36.7,2.0,-3.3,1008.1,4.1,17,1,6,165,51394.9,2009.0,Mixed
2016-06-13 18:00:00,Fox_lodging_Helen,458.7,36.1,0.0,-3.9,1007.8,3.6,18,1,6,165,51394.9,2009.0,Mixed
2016-06-13 19:00:00,Fox_lodging_Helen,461.1,36.1,0.0,-3.9,1007.8,7.2,19,1,6,165,51394.9,2009.0,Mixed
2016-06-13 20:00:00,Fox_lodging_Helen,474.53,34.4,0.0,-2.8,1007.8,5.7,20,1,6,165,51394.9,2009.0,Mixed
2016-06-13 21:00:00,Fox_lodging_Helen,483.18,33.9,0.0,-0.6,1008.1,5.1,21,1,6,165,51394.9,2009.0,Mixed
2016-06-13 22:00:00,Fox_lodging_Helen,463.17,30.6,0.0,1.1,1008.3,2.1,22,1,6,165,51394.9,2009.0,Mixed
2016-06-13 23:00:00,Fox_lodging_Helen,437.33,30.6,0.0,1.7,1008.3,0.0,23,1,6,165,51394.9,2009.0,Mixed
2016-06-14 00:00:00,Fox_lodging_Helen,428.63,28.9,0.0,2.2,1008.4,1.5,0,2,6,166,51394.9,2009.0,Mixed
2016-06-14 01:00:00,Fox_lodging_Helen,426.53,30.0,0.0,0.6,1008.1,3.6,1,2,6,166,51394.9,2009.0,Mixed
2016-06-14 02:00:00,Fox_lodging_Helen,428.57,28.3,0.0,2.8,1008.1,3.1,2,2,6,166,51394.9,2009.0,Mixed
2016-06-14 03:00:00,Fox_lodging_Helen,418.55,27.8,0.0,2.2,1007.9,3.6,3,2,6,166,51394.9,2009.0,Mixed
2016-06-14 04:00:00,Fox_lodging_Helen,412.3,25.6,0.0,3.3,1008.2,3.1,4,2,6,166,51394.9,2009.0,Mixed
2016-06-14 05:00:00,Fox_lodging_Helen,402.5,24.4,0.0,2.2,1008.7,2.6,5,2,6,166,51394.9,2009.0,Mixed
2016-06-14 06:00:00,Fox_lodging_Helen,400.07,24.4,0.0,0.6,1009.3,3.6,6,2,6,166,51394.9,2009.0,Mixed
2016-06-14 07:00:00,Fox_lodging_Helen,395.37,25.0,0.0,-0.6,1009.9,4.6,7,2,6,166,51394.9,2009.0,Mixed
2016-06-14 08:00:00,Fox_lodging_Helen,391.83,27.2,0.0,-1.1,1010.2,3.6,8,2,6,166,51394.9,2009.0,Mixed
2016-06-14 09:00:00,Fox_lodging_Helen,388.98,28.9,0.0,-0.6,1010.1,2.1,9,2,6,166,51394.9,2009.0,Mixed
2016-06-14 10:00:00,Fox_lodging_Helen,372.62,30.6,0.0,-0.6,1010.1,2.1,10,2,6,166,51394.9,2009.0,Mixed
2016-06-14 11:00:00,Fox_lodging_Helen,368.43,32.2,0.0,0.0,1009.9,0.0,11,2,6,166,51394.9,2009.0,Mixed
2016-06-14 12:00:00,Fox_lodging_Helen,361.7,34.4,0.0,-3.9,1009.1,3.1,12,2,6,166,51394.9,2009.0,Mixed
2016-06-14 13:00:00,Fox_lodging_Helen,365.25,34.4,0.0,-5.6,1008.3,4.1,13,2,6,166,51394.9,2009.0,Mixed
2016-06-14 14:00:00,Fox_lodging_Helen,378.63,36.1,0.0,-7.8,1007.3,4.1,14,2,6,166,51394.9,2009.0,Mixed
2016-06-14 15:00:00,Fox_lodging_Helen,379.52,36.7,0.0,-6.1,1006.5,2.6,15,2,6,166,51394.9,2009.0,Mixed
2016-06-14 16:00:00,Fox_lodging_Helen,405.83,36.7,0.0,-4.4,1005.7,0.0,16,2,6,166,51394.9,2009.0,Mixed
2016-06-14 17:00:00,Fox_lodging_Helen,430.22,36.1,0.0,-3.9,1005.1,1.5,17,2,6,166,51394.9,2009.0,Mixed
2016-06-14 18:00:00,Fox_lodging_Helen,456.28,36.7,0.0,-3.3,1004.7,4.6,18,2,6,166,51394.9,2009.0,Mixed
2016-06-14 19:00:00,Fox_lodging_Helen,458.93,36.1,0.0,-2.8,1004.8,2.6,19,2,6,166,51394.9,2009.0,Mixed
2016-06-14 20:00:00,Fox_lodging_Helen,469.12,35.0,0.0,-3.3,1004.9,4.1,20,2,6,166,51394.9,2009.0,Mixed
2016-06-14 21:00:00,Fox_lodging_Helen,477.4,34.4,0.0,-4.4,1005.2,4.1,21,2,6,166,51394.9,2009.0,Mixed
2016-06-14 22:00:00,Fox_lodging_Helen,458.37,32.2,0.0,-1.7,1005.6,1.5,22,2,6,166,51394.9,2009.0,Mixed
2016-06-14 23:00:00,Fox_lodging_Helen,435.43,30.0,0.0,-0.6,1005.8,1.5,23,2,6,166,51394.9,2009.0,Mixed
2016-06-15 00:00:00,Fox_lodging_Helen,428.98,31.1,0.0,-2.8,1005.7,3.6,0,3,6,167,51394.9,2009.0,Mixed
2016-06-15 01:00:00,Fox_lodging_Helen,426.22,30.0,0.0,-2.2,1005.7,1.5,1,3,6,167,51394.9,2009.0,Mixed
2016-06-15 02:00:00,Fox_lodging_Helen,422.85,27.8,0.0,0.6,1005.7,2.1,2,3,6,167,51394.9,2009.0,Mixed
2016-06-15 03:00:00,Fox_lodging_Helen,422.62,26.1,0.0,0.6,1006.1,2.6,3,3,6,167,51394.9,2009.0,Mixed
2016-06-15 04:00:00,Fox_lodging_Helen,425.38,25.6,0.0,2.8,1006.6,3.6,4,3,6,167,51394.9,2009.0,Mixed
2016-06-15 05:00:00,Fox_lodging_Helen,421.0,23.9,0.0,2.2,1007.1,3.6,5,3,6,167,51394.9,2009.0,Mixed
2016-06-15 06:00:00,Fox_lodging_Helen,413.08,23.9,0.0,0.0,1007.8,3.1,6,3,6,167,51394.9,2009.0,Mixed
2016-06-15 07:00:00,Fox_lodging_Helen,405.53,25.0,0.0,-2.2,1008.6,3.6,7,3,6,167,51394.9,2009.0,Mixed
2016-06-15 08:00:00,Fox_lodging_Helen,399.13,27.8,0.0,-1.7,1009.1,4.1,8,3,6,167,51394.9,2009.0,Mixed
2016-06-15 09:00:00,Fox_lodging_Helen,386.68,29.4,0.0,-1.1,1009.6,1.5,9,3,6,167,51394.9,2009.0,Mixed
2016-06-15 10:00:00,Fox_lodging_Helen,376.73,31.7,0.0,-2.2,1009.5,0.0,10,3,6,167,51394.9,2009.0,Mixed
2016-06-15 11:00:00,Fox_lodging_Helen,368.13,33.9,0.0,-3.9,1009.5,2.1,11,3,6,167,51394.9,2009.0,Mixed
2016-06-15 12:00:00,Fox_lodging_Helen,357.77,35.6,0.0,-5.6,1009.2,2.1,12,3,6,167,51394.9,2009.0,Mixed
2016-06-15 13:00:00,Fox_lodging_Helen,367.2,36.1,0.0,-7.2,1008.6,5.1,13,3,6,167,51394.9,2009.0,Mixed
2016-06-15 14:00:00,Fox_lodging_Helen,370.3,37.2,0.0,-7.2,1008.1,0.0,14,3,6,167,51394.9,2009.0,Mixed
2016-06-15 15:00:00,Fox_lodging_Helen,381.98,37.2,0.0,-6.1,1007.4,2.1,15,3,6,167,51394.9,2009.0,Mixed
2016-06-15 16:00:00,Fox_lodging_Helen,402.35,37.8,0.0,-4.4,1006.5,0.0,16,3,6,167,51394.9,2009.0,Mixed
2016-06-15 17:00:00,Fox_lodging_Helen,426.05,37.8,0.0,-3.3,1006.0,4.6,17,3,6,167,51394.9,2009.0,Mixed
2016-06-15 18:00:00,Fox_lodging_Helen,447.8,37.8,0.0,-0.6,1005.6,7.2,18,3,6,167,51394.9,2009.0,Mixed
2016-06-15 19:00:00,Fox_lodging_Helen,451.48,37.2,0.0,-1.1,1006.0,7.2,19,3,6,167,51394.9,2009.0,Mixed
2016-06-15 20:00:00,Fox_lodging_Helen,458.78,35.6,0.0,1.1,1006.0,5.7,20,3,6,167,51394.9,2009.0,Mixed
2016-06-15 21:00:00,Fox_lodging_Helen,466.98,33.9,0.0,0.6,1006.4,5.1,21,3,6,167,51394.9,2009.0,Mixed
2016-06-15 22:00:00,Fox_lodging_Helen,458.2,32.8,0.0,0.6,1007.1,3.6,22,3,6,167,51394.9,2009.0,Mixed
2016-06-15 23:00:00,Fox_lodging_Helen,449.85,30.6,0.0,1.1,1007.4,2.6,23,3,6,167,51394.9,2009.0,Mixed
2016-06-16 00:00:00,Fox_lodging_Helen,425.48,31.1,0.0,-2.2,1007.5,4.1,0,4,6,168,51394.9,2009.0,Mixed
2016-06-16 01:00:00,Fox_lodging_Helen,412.02,30.6,0.0,-2.2,1007.6,1.5,1,4,6,168,51394.9,2009.0,Mixed
2016-06-16 02:00:00,Fox_lodging_Helen,409.37,28.3,0.0,-0.6,1007.8,0.0,2,4,6,168,51394.9,2009.0,Mixed
2016-06-16 03:00:00,Fox_lodging_Helen,412.83,26.1,0.0,0.6,1008.1,3.1,3,4,6,168,51394.9,2009.0,Mixed
2016-06-16 04:00:00,Fox_lodging_Helen,404.52,25.6,0.0,0.6,1008.7,4.1,4,4,6,168,51394.9,2009.0,Mixed
2016-06-16 05:00:00,Fox_lodging_Helen,404.58,25.0,0.0,1.7,1009.2,4.6,5,4,6,168,51394.9,2009.0,Mixed
2016-06-16 06:00:00,Fox_lodging_Helen,389.35,24.4,0.0,1.7,1010.2,4.1,6,4,6,168,51394.9,2009.0,Mixed
2016-06-16 07:00:00,Fox_lodging_Helen,393.65,26.1,0.0,1.1,1011.0,4.6,7,4,6,168,51394.9,2009.0,Mixed
2016-06-16 08:00:00,Fox_lodging_Helen,391.58,27.8,0.0,0.6,1011.8,3.6,8,4,6,168,51394.9,2009.0,Mixed
2016-06-16 09:00:00,Fox_lodging_Helen,382.78,30.6,0.0,1.7,1011.9,4.1,9,4,6,168,51394.9,2009.0,Mixed
2016-06-16 10:00:00,Fox_lodging_Helen,346.87,32.2,0.0,1.7,1011.8,3.6,10,4,6,168,51394.9,2009.0,Mixed
2016-06-16 11:00:00,Fox_lodging_Helen,325.28,33.9,0.0,1.7,1011.9,4.1,11,4,6,168,51394.9,2009.0,Mixed
2016-06-16 12:00:00,Fox_lodging_Helen,325.02,35.6,0.0,1.1,1011.6,4.6,12,4,6,168,51394.9,2009.0,Mixed
2016-06-16 13:00:00,Fox_lodging_Helen,328.4,36.1,0.0,0.6,1011.1,2.6,13,4,6,168,51394.9,2009.0,Mixed
2016-06-16 14:00:00,Fox_lodging_Helen,335.05,37.2,0.0,0.0,1010.4,3.6,14,4,6,168,51394.9,2009.0,Mixed
2016-06-16 15:00:00,Fox_lodging_Helen,351.43,37.8,0.0,0.0,1009.8,1.5,15,4,6,168,51394.9,2009.0,Mixed
2016-06-16 16:00:00,Fox_lodging_Helen,373.68,37.8,0.0,0.0,1009.1,2.6,16,4,6,168,51394.9,2009.0,Mixed
2016-06-16 17:00:00,Fox_lodging_Helen,411.22,38.3,0.0,-0.6,1008.6,3.1,17,4,6,168,51394.9,2009.0,Mixed
2016-06-16 18:00:00,Fox_lodging_Helen,420.37,37.8,0.0,-1.1,1008.2,4.1,18,4,6,168,51394.9,2009.0,Mixed
2016-06-16 19:00:00,Fox_lodging_Helen,421.18,37.2,0.0,-1.7,1008.3,3.1,19,4,6,168,51394.9,2009.0,Mixed
2016-06-16 20:00:00,Fox_lodging_Helen,411.0,36.1,0.0,-1.7,1008.2,3.6,20,4,6,168,51394.9,2009.0,Mixed
2016-06-16 21:00:00,Fox_lodging_Helen,412.8,36.1,0.0,-1.7,1008.5,3.1,21,4,6,168,51394.9,2009.0,Mixed
2016-06-16 22:00:00,Fox_lodging_Helen,398.32,32.8,0.0,0.6,1009.1,1.5,22,4,6,168,51394.9,2009.0,Mixed
2016-06-16 23:00:00,Fox_lodging_Helen,392.3,31.1,0.0,1.7,1009.6,2.1,23,4,6,168,51394.9,2009.0,Mixed
2016-06-17 00:00:00,Fox_lodging_Helen,377.4,30.0,0.0,1.1,1010.0,2.6,0,5,6,169,51394.9,2009.0,Mixed
2016-06-17 01:00:00,Fox_lodging_Helen,382.25,29.4,0.0,1.7,1009.9,1.5,1,5,6,169,51394.9,2009.0,Mixed
2016-06-17 02:00:00,Fox_lodging_Helen,378.25,28.9,0.0,1.7,1009.9,0.0,2,5,6,169,51394.9,2009.0,Mixed
2016-06-17 03:00:00,Fox_lodging_Helen,373.52,30.0,0.0,1.1,1010.2,0.0,3,5,6,169,51394.9,2009.0,Mixed
2016-06-17 04:00:00,Fox_lodging_Helen,364.43,26.7,0.0,0.0,1010.8,2.6,4,5,6,169,51394.9,2009.0,Mixed
2016-06-17 05:00:00,Fox_lodging_Helen,366.5,25.6,0.0,1.7,1011.4,2.1,5,5,6,169,51394.9,2009.0,Mixed
2016-06-17 06:00:00,Fox_lodging_Helen,365.87,25.6,0.0,1.1,1012.0,3.6,6,5,6,169,51394.9,2009.0,Mixed
2016-06-17 07:00:00,Fox_lodging_Helen,367.48,27.2,0.0,1.7,1012.9,3.1,7,5,6,169,51394.9,2009.0,Mixed
2016-06-17 08:00:00,Fox_lodging_Helen,357.53,29.4,0.0,2.2,1013.5,2.1,8,5,6,169,51394.9,2009.0,Mixed
2016-06-17 09:00:00,Fox_lodging_Helen,356.03,31.1,4.0,2.2,1013.7,1.5,9,5,6,169,51394.9,2009.0,Mixed
2016-06-17 10:00:00,Fox_lodging_Helen,351.38,33.3,4.0,1.7,1013.7,0.0,10,5,6,169,51394.9,2009.0,Mixed
2016-06-17 11:00:00,Fox_lodging_Helen,342.03,35.0,2.0,1.7,1013.4,2.6,11,5,6,169,51394.9,2009.0,Mixed
2016-06-17 12:00:00,Fox_lodging_Helen,336.32,37.2,2.0,0.6,1013.1,3.1,12,5,6,169,51394.9,2009.0,Mixed
2016-06-17 13:00:00,Fox_lodging_Helen,345.5,37.2,2.0,-1.7,1012.6,1.5,13,5,6,169,51394.9,2009.0,Mixed
2016-06-17 14:00:00,Fox_lodging_Helen,345.02,38.9,2.0,-1.7,1011.8,1.5,14,5,6,169,51394.9,2009.0,Mixed
2016-06-17 15:00:00,Fox_lodging_Helen,369.18,39.4,2.0,-2.8,1010.8,2.1,15,5,6,169,51394.9,2009.0,Mixed
2016-06-17 16:00:00,Fox_lodging_Helen,389.23,40.0,2.0,-4.4,1010.1,4.1,16,5,6,169,51394.9,2009.0,Mixed
2016-06-17 17:00:00,Fox_lodging_Helen,396.37,39.4,2.0,-5.6,1009.3,1.5,17,5,6,169,51394.9,2009.0,Mixed
2016-06-17 18:00:00,Fox_lodging_Helen,424.48,39.4,2.0,-3.9,1009.2,2.6,18,5,6,169,51394.9,2009.0,Mixed
2016-06-17 19:00:00,Fox_lodging_Helen,424.48,38.9,2.0,-3.9,1009.6,4.6,19,5,6,169,51394.9,2009.0,Mixed
2016-06-17 20:00:00,Fox_lodging_Helen,430.47,38.3,0.0,-4.4,1009.8,3.1,20,5,6,169,51394.9,2009.0,Mixed
2016-06-17 21:00:00,Fox_lodging_Helen,433.67,37.8,0.0,-7.8,1010.3,3.6,21,5,6,169,51394.9,2009.0,Mixed
2016-06-17 22:00:00,Fox_lodging_Helen,421.65,34.4,0.0,-3.9,1010.6,0.0,22,5,6,169,51394.9,2009.0,Mixed
2016-06-17 23:00:00,Fox_lodging_Helen,403.1,33.3,0.0,-1.7,1010.8,0.0,23,5,6,169,51394.9,2009.0,Mixed
2016-06-18 00:00:00,Fox_lodging_Helen,394.88,31.1,0.0,0.6,1010.9,0.0,0,6,6,170,51394.9,2009.0,Mixed
2016-06-18 01:00:00,Fox_lodging_Helen,384.9,30.0,0.0,2.2,1010.8,2.6,1,6,6,170,51394.9,2009.0,Mixed
2016-06-18 02:00:00,Fox_lodging_Helen,373.12,28.9,0.0,1.7,1010.9,0.0,2,6,6,170,51394.9,2009.0,Mixed
2016-06-18 03:00:00,Fox_lodging_Helen,371.32,27.2,0.0,1.1,1010.7,0.0,3,6,6,170,51394.9,2009.0,Mixed
2016-06-18 04:00:00,Fox_lodging_Helen,365.0,26.7,0.0,1.1,1010.8,1.5,4,6,6,170,51394.9,2009.0,Mixed
2016-06-18 05:00:00,Fox_lodging_Helen,367.18,26.1,0.0,1.7,1011.1,0.0,5,6,6,170,51394.9,2009.0,Mixed
2016-06-18 06:00:00,Fox_lodging_Helen,360.93,26.1,0.0,0.6,1011.4,0.0,6,6,6,170,51394.9,2009.0,Mixed
2016-06-18 07:00:00,Fox_lodging_Helen,351.1,28.3,2.0,2.2,1011.9,2.1,7,6,6,170,51394.9,2009.0,Mixed
2016-06-18 08:00:00,Fox_lodging_Helen,338.12,30.6,2.0,-1.1,1012.4,3.1,8,6,6,170,51394.9,2009.0,Mixed
2016-06-18 09:00:00,Fox_lodging_Helen,334.02,34.4,2.0,-1.1,1012.2,4.1,9,6,6,170,51394.9,2009.0,Mixed
2016-06-18 10:00:00,Fox_lodging_Helen,332.28,36.7,4.0,-3.3,1012.2,2.6,10,6,6,170,51394.9,2009.0,Mixed
2016-06-18 11:00:00,Fox_lodging_Helen,330.5,38.9,4.0,-3.9,1012.1,3.1,11,6,6,170,51394.9,2009.0,Mixed
2016-06-18 12:00:00,Fox_lodging_Helen,319.13,40.0,4.0,-5.6,1011.9,2.1,12,6,6,170,51394.9,2009.0,Mixed
2016-06-18 13:00:00,Fox_lodging_Helen,324.6,40.6,4.0,-6.1,1011.2,0.0,13,6,6,170,51394.9,2009.0,Mixed
2016-06-18 14:00:00,Fox_lodging_Helen,337.75,42.2,4.0,-5.0,1010.5,4.1,14,6,6,170,51394.9,2009.0,Mixed
2016-06-18 15:00:00,Fox_lodging_Helen,349.25,42.2,4.0,-5.0,1009.7,1.5,15,6,6,170,51394.9,2009.0,Mixed
2016-06-18 16:00:00,Fox_lodging_Helen,363.83,42.8,4.0,-4.4,1008.9,4.1,16,6,6,170,51394.9,2009.0,Mixed
2016-06-18 17:00:00,Fox_lodging_Helen,378.83,42.8,4.0,-3.9,1008.5,5.7,17,6,6,170,51394.9,2009.0,Mixed
2016-06-18 18:00:00,Fox_lodging_Helen,414.22,42.8,4.0,-2.8,1008.3,5.1,18,6,6,170,51394.9,2009.0,Mixed
2016-06-18 19:00:00,Fox_lodging_Helen,422.7,42.2,4.0,-1.7,1008.2,5.1,19,6,6,170,51394.9,2009.0,Mixed
2016-06-18 20:00:00,Fox_lodging_Helen,421.17,41.1,2.0,-1.1,1008.1,5.7,20,6,6,170,51394.9,2009.0,Mixed
2016-06-18 21:00:00,Fox_lodging_Helen,428.1,39.4,2.0,-0.6,1008.6,4.1,21,6,6,170,51394.9,2009.0,Mixed
2016-06-18 22:00:00,Fox_lodging_Helen,418.68,37.2,0.0,0.6,1009.2,3.6,22,6,6,170,51394.9,2009.0,Mixed
2016-06-18 23:00:00,Fox_lodging_Helen,405.43,37.2,0.0,0.6,1009.4,3.1,23,6,6,170,51394.9,2009.0,Mixed
2016-06-19 00:00:00,Fox_lodging_Helen,397.05,33.9,0.0,1.1,1009.1,4.1,0,7,6,171,51394.9,2009.0,Mixed
2016-06-19 01:00:00,Fox_lodging_Helen,393.42,33.3,0.0,1.1,1008.8,3.1,1,7,6,171,51394.9,2009.0,Mixed
2016-06-19 02:00:00,Fox_lodging_Helen,385.32,31.7,0.0,1.7,1008.9,2.6,2,7,6,171,51394.9,2009.0,Mixed
2016-06-19 03:00:00,Fox_lodging_Helen,382.62,31.1,0.0,1.7,1008.7,0.0,3,7,6,171,51394.9,2009.0,Mixed
2016-06-19 04:00:00,Fox_lodging_Helen,377.32,30.6,0.0,1.7,1008.5,0.0,4,7,6,171,51394.9,2009.0,Mixed
2016-06-19 05:00:00,Fox_lodging_Helen,377.37,29.4,2.0,3.3,1008.7,0.0,5,7,6,171,51394.9,2009.0,Mixed
2016-06-19 06:00:00,Fox_lodging_Helen,373.05,29.4,2.0,3.3,1009.2,2.1,6,7,6,171,51394.9,2009.0,Mixed
2016-06-19 07:00:00,Fox_lodging_Helen,358.85,31.7,2.0,4.4,1009.2,0.0,7,7,6,171,51394.9,2009.0,Mixed
2016-06-19 08:00:00,Fox_lodging_Helen,341.22,33.9,2.0,1.7,1009.5,2.6,8,7,6,171,51394.9,2009.0,Mixed
2016-06-19 09:00:00,Fox_lodging_Helen,343.42,36.7,4.0,0.6,1009.1,0.0,9,7,6,171,51394.9,2009.0,Mixed
2016-06-19 10:00:00,Fox_lodging_Helen,329.49,38.9,2.0,1.1,1008.9,1.5,10,7,6,171,51394.9,2009.0,Mixed
2016-06-19 11:00:00,Fox_lodging_Helen,333.77,41.7,2.0,-1.1,1008.3,2.1,11,7,6,171,51394.9,2009.0,Mixed
2016-06-19 12:00:00,Fox_lodging_Helen,328.78,43.9,2.0,-1.7,1007.9,1.5,12,7,6,171,51394.9,2009.0,Mixed
2016-06-19 13:00:00,Fox_lodging_Helen,340.62,45.0,0.0,-2.8,1006.8,2.6,13,7,6,171,51394.9,2009.0,Mixed
2016-06-19 14:00:00,Fox_lodging_Helen,344.55,46.7,2.0,-1.7,1006.0,2.1,14,7,6,171,51394.9,2009.0,Mixed
2016-06-19 15:00:00,Fox_lodging_Helen,370.08,47.2,2.0,-0.6,1004.9,2.6,15,7,6,171,51394.9,2009.0,Mixed
2016-06-19 16:00:00,Fox_lodging_Helen,389.78,47.2,2.0,-2.2,1004.0,2.6,16,7,6,171,51394.9,2009.0,Mixed
2016-06-19 17:00:00,Fox_lodging_Helen,400.53,47.2,2.0,-1.1,1003.3,2.1,17,7,6,171,51394.9,2009.0,Mixed
2016-06-19 18:00:00,Fox_lodging_Helen,426.52,47.2,2.0,-1.1,1002.8,5.7,18,7,6,171,51394.9,2009.0,Mixed
2016-06-19 19:00:00,Fox_lodging_Helen,444.15,46.1,3.0,1.1,1002.7,5.7,19,7,6,171,51394.9,2009.0,Mixed
2016-06-19 20:00:00,Fox_lodging_Helen,442.15,44.4,4.0,2.8,1002.9,4.6,20,7,6,171,51394.9,2009.0,Mixed
2016-06-19 21:00:00,Fox_lodging_Helen,450.72,42.8,4.0,4.4,1003.5,4.6,21,7,6,171,51394.9,2009.0,Mixed
2016-06-19 22:00:00,Fox_lodging_Helen,434.97,38.9,5.0,5.6,1004.1,4.1,22,7,6,171,51394.9,2009.0,Mixed
2016-06-19 23:00:00,Fox_lodging_Helen,424.48,37.2,6.0,6.1,1004.4,2.6,23,7,6,171,51394.9,2009.0,Mixed
2016-06-20 00:00:00,Fox_lodging_Helen,422.2,38.9,5.333333333333333,3.3,1004.6,3.6,0,1,6,172,51394.9,2009.0,Mixed
2016-06-20 01:00:00,Fox_lodging_Helen,413.62,36.7,4.666666666666667,3.9,1004.3,4.6,1,1,6,172,51394.9,2009.0,Mixed
2016-06-20 02:00:00,Fox_lodging_Helen,402.43,37.2,4.0,3.3,1004.1,3.6,2,1,6,172,51394.9,2009.0,Mixed
2016-06-20 03:00:00,Fox_lodging_Helen,398.03,36.7,4.0,3.3,1004.1,2.6,3,1,6,172,51394.9,2009.0,Mixed
2016-06-20 04:00:00,Fox_lodging_Helen,392.55,35.0,4.0,3.9,1004.1,3.1,4,1,6,172,51394.9,2009.0,Mixed
2016-06-20 05:00:00,Fox_lodging_Helen,398.63,34.4,4.0,4.4,1004.9,0.0,5,1,6,172,51394.9,2009.0,Mixed
2016-06-20 06:00:00,Fox_lodging_Helen,379.37,32.2,3.3333333333333335,6.1,1005.6,4.6,6,1,6,172,51394.9,2009.0,Mixed
2016-06-20 07:00:00,Fox_lodging_Helen,377.72,32.8,2.666666666666667,5.0,1006.6,4.6,7,1,6,172,51394.9,2009.0,Mixed
2016-06-20 08:00:00,Fox_lodging_Helen,384.77,35.6,2.0,4.4,1007.4,4.6,8,1,6,172,51394.9,2009.0,Mixed
2016-06-20 09:00:00,Fox_lodging_Helen,375.13,37.8,2.0,4.4,1007.8,5.7,9,1,6,172,51394.9,2009.0,Mixed
2016-06-20 10:00:00,Fox_lodging_Helen,359.68,39.4,2.0,5.6,1008.2,5.7,10,1,6,172,51394.9,2009.0,Mixed
2016-06-20 11:00:00,Fox_lodging_Helen,360.33,40.6,4.0,5.0,1008.4,6.2,11,1,6,172,51394.9,2009.0,Mixed
2016-06-20 12:00:00,Fox_lodging_Helen,364.05,42.8,2.0,4.4,1007.9,6.2,12,1,6,172,51394.9,2009.0,Mixed
2016-06-20 13:00:00,Fox_lodging_Helen,367.67,43.3,2.0,4.4,1007.3,5.1,13,1,6,172,51394.9,2009.0,Mixed
2016-06-20 14:00:00,Fox_lodging_Helen,394.32,45.0,2.0,3.9,1006.6,2.6,14,1,6,172,51394.9,2009.0,Mixed
2016-06-20 15:00:00,Fox_lodging_Helen,403.78,45.6,4.0,2.8,1005.6,4.6,15,1,6,172,51394.9,2009.0,Mixed
2016-06-20 16:00:00,Fox_lodging_Helen,417.78,46.7,4.0,2.8,1004.6,3.6,16,1,6,172,51394.9,2009.0,Mixed
2016-06-20 17:00:00,Fox_lodging_Helen,429.57,46.1,6.0,3.9,1004.3,5.1,17,1,6,172,51394.9,2009.0,Mixed
2016-06-20 18:00:00,Fox_lodging_Helen,446.45,45.0,6.0,3.9,1004.2,6.2,18,1,6,172,51394.9,2009.0,Mixed
2016-06-20 19:00:00,Fox_lodging_Helen,464.72,44.4,6.0,5.0,1004.1,7.7,19,1,6,172,51394.9,2009.0,Mixed
2016-06-20 20:00:00,Fox_lodging_Helen,459.37,42.8,6.0,5.0,1004.7,7.2,20,1,6,172,51394.9,2009.0,Mixed
2016-06-20 21:00:00,Fox_lodging_Helen,469.35,41.7,6.0,6.1,1006.3,5.1,21,1,6,172,51394.9,2009.0,Mixed
2016-06-20 22:00:00,Fox_lodging_Helen,452.78,40.0,6.0,7.2,1007.4,7.7,22,1,6,172,51394.9,2009.0,Mixed
2016-06-20 23:00:00,Fox_lodging_Helen,431.28,38.3,6.0,8.3,1008.3,3.6,23,1,6,172,51394.9,2009.0,Mixed
2016-06-21 00:00:00,Fox_lodging_Helen,426.52,38.3,5.333333333333333,8.3,1007.5,5.7,0,2,6,173,51394.9,2009.0,Mixed
2016-06-21 01:00:00,Fox_lodging_Helen,424.85,36.7,4.666666666666667,8.9,1008.2,2.6,1,2,6,173,51394.9,2009.0,Mixed
2016-06-21 02:00:00,Fox_lodging_Helen,419.37,35.6,4.0,9.4,1008.6,0.0,2,2,6,173,51394.9,2009.0,Mixed
2016-06-21 03:00:00,Fox_lodging_Helen,410.17,36.1,4.0,9.4,1008.4,2.1,3,2,6,173,51394.9,2009.0,Mixed
2016-06-21 04:00:00,Fox_lodging_Helen,411.87,34.4,2.0,10.0,1009.0,3.1,4,2,6,173,51394.9,2009.0,Mixed
2016-06-21 05:00:00,Fox_lodging_Helen,412.63,33.3,4.0,10.0,1009.6,2.1,5,2,6,173,51394.9,2009.0,Mixed
2016-06-21 06:00:00,Fox_lodging_Helen,407.18,32.2,4.0,9.4,1010.4,3.6,6,2,6,173,51394.9,2009.0,Mixed
2016-06-21 07:00:00,Fox_lodging_Helen,394.02,32.8,2.0,10.0,1011.1,3.1,7,2,6,173,51394.9,2009.0,Mixed
2016-06-21 08:00:00,Fox_lodging_Helen,387.6,33.9,2.0,8.9,1011.5,4.1,8,2,6,173,51394.9,2009.0,Mixed
2016-06-21 09:00:00,Fox_lodging_Helen,378.85,35.6,2.0,8.3,1012.1,0.0,9,2,6,173,51394.9,2009.0,Mixed
2016-06-21 10:00:00,Fox_lodging_Helen,371.73,37.2,2.0,7.8,1011.9,0.0,10,2,6,173,51394.9,2009.0,Mixed
2016-06-21 11:00:00,Fox_lodging_Helen,368.63,38.3,2.0,8.3,1011.3,3.6,11,2,6,173,51394.9,2009.0,Mixed
2016-06-21 12:00:00,Fox_lodging_Helen,362.93,39.4,2.0,8.3,1010.7,3.6,12,2,6,173,51394.9,2009.0,Mixed
2016-06-21 13:00:00,Fox_lodging_Helen,363.85,41.1,2.0,8.3,1009.6,4.1,13,2,6,173,51394.9,2009.0,Mixed
2016-06-21 14:00:00,Fox_lodging_Helen,381.95,42.2,2.0,7.8,1008.6,4.1,14,2,6,173,51394.9,2009.0,Mixed
2016-06-21 15:00:00,Fox_lodging_Helen,399.35,43.3,2.0,6.1,1007.4,3.1,15,2,6,173,51394.9,2009.0,Mixed
2016-06-21 16:00:00,Fox_lodging_Helen,425.83,43.3,2.0,5.6,1006.4,6.2,16,2,6,173,51394.9,2009.0,Mixed
2016-06-21 17:00:00,Fox_lodging_Helen,434.18,42.8,4.0,6.1,1005.5,5.7,17,2,6,173,51394.9,2009.0,Mixed
2016-06-21 18:00:00,Fox_lodging_Helen,450.85,42.8,4.0,6.7,1005.1,7.7,18,2,6,173,51394.9,2009.0,Mixed
2016-06-21 19:00:00,Fox_lodging_Helen,466.85,42.2,4.0,6.7,1005.3,6.2,19,2,6,173,51394.9,2009.0,Mixed
2016-06-21 20:00:00,Fox_lodging_Helen,471.67,41.1,4.0,6.7,1005.6,7.2,20,2,6,173,51394.9,2009.0,Mixed
2016-06-21 21:00:00,Fox_lodging_Helen,473.17,39.4,4.0,7.8,1005.9,4.1,21,2,6,173,51394.9,2009.0,Mixed
2016-06-21 22:00:00,Fox_lodging_Helen,453.52,38.3,4.0,7.8,1006.5,3.6,22,2,6,173,51394.9,2009.0,Mixed
2016-06-21 23:00:00,Fox_lodging_Helen,441.8,37.8,4.0,7.2,1006.6,4.6,23,2,6,173,51394.9,2009.0,Mixed
2016-06-22 00:00:00,Fox_lodging_Helen,429.48,37.2,2.0,6.1,1006.4,5.1,0,3,6,174,51394.9,2009.0,Mixed
2016-06-22 01:00:00,Fox_lodging_Helen,421.72,35.6,4.0,6.1,1006.7,1.5,1,3,6,174,51394.9,2009.0,Mixed
2016-06-22 02:00:00,Fox_lodging_Helen,420.4,35.0,4.0,6.1,1006.9,5.1,2,3,6,174,51394.9,2009.0,Mixed
2016-06-22 03:00:00,Fox_lodging_Helen,415.17,34.4,4.0,6.7,1007.0,3.6,3,3,6,174,51394.9,2009.0,Mixed
2016-06-22 04:00:00,Fox_lodging_Helen,407.45,33.9,4.0,6.1,1007.1,2.1,4,3,6,174,51394.9,2009.0,Mixed
2016-06-22 05:00:00,Fox_lodging_Helen,410.5,32.2,4.0,6.7,1007.5,1.5,5,3,6,174,51394.9,2009.0,Mixed
2016-06-22 06:00:00,Fox_lodging_Helen,410.67,32.2,4.0,6.7,1007.9,0.0,6,3,6,174,51394.9,2009.0,Mixed
2016-06-22 07:00:00,Fox_lodging_Helen,400.52,33.3,4.0,7.2,1008.7,1.5,7,3,6,174,51394.9,2009.0,Mixed
2016-06-22 08:00:00,Fox_lodging_Helen,390.25,33.3,2.0,7.8,1009.0,1.5,8,3,6,174,51394.9,2009.0,Mixed
2016-06-22 09:00:00,Fox_lodging_Helen,387.95,36.1,2.0,7.8,1009.1,3.1,9,3,6,174,51394.9,2009.0,Mixed
2016-06-22 10:00:00,Fox_lodging_Helen,373.57,38.3,2.0,6.7,1009.1,2.6,10,3,6,174,51394.9,2009.0,Mixed
2016-06-22 11:00:00,Fox_lodging_Helen,365.2,38.3,2.0,6.7,1008.9,2.6,11,3,6,174,51394.9,2009.0,Mixed
2016-06-22 12:00:00,Fox_lodging_Helen,356.85,40.6,2.0,6.1,1008.4,2.6,12,3,6,174,51394.9,2009.0,Mixed
2016-06-22 13:00:00,Fox_lodging_Helen,361.58,42.2,2.0,5.6,1007.6,3.6,13,3,6,174,51394.9,2009.0,Mixed
2016-06-22 14:00:00,Fox_lodging_Helen,366.67,42.8,2.0,6.1,1006.8,5.1,14,3,6,174,51394.9,2009.0,Mixed
2016-06-22 15:00:00,Fox_lodging_Helen,387.17,43.9,2.0,6.7,1005.9,5.1,15,3,6,174,51394.9,2009.0,Mixed
2016-06-22 16:00:00,Fox_lodging_Helen,394.63,43.3,2.0,7.2,1005.2,3.6,16,3,6,174,51394.9,2009.0,Mixed
2016-06-22 17:00:00,Fox_lodging_Helen,419.4,43.9,2.0,7.8,1004.5,9.3,17,3,6,174,51394.9,2009.0,Mixed
2016-06-22 18:00:00,Fox_lodging_Helen,436.78,42.8,2.0,7.8,1004.2,5.7,18,3,6,174,51394.9,2009.0,Mixed
2016-06-22 19:00:00,Fox_lodging_Helen,453.43,42.2,2.0,7.8,1004.3,5.1,19,3,6,174,51394.9,2009.0,Mixed
2016-06-22 20:00:00,Fox_lodging_Helen,459.7,40.6,0.0,7.8,1004.7,3.6,20,3,6,174,51394.9,2009.0,Mixed
2016-06-22 21:00:00,Fox_lodging_Helen,453.47,40.0,0.0,7.8,1005.4,3.1,21,3,6,174,51394.9,2009.0,Mixed
2016-06-22 22:00:00,Fox_lodging_Helen,433.62,38.3,0.0,7.8,1006.0,3.6,22,3,6,174,51394.9,2009.0,Mixed
2016-06-22 23:00:00,Fox_lodging_Helen,418.1,36.7,0.0,9.4,1006.6,3.1,23,3,6,174,51394.9,2009.0,Mixed
2016-06-23 00:00:00,Fox_lodging_Helen,407.7,36.7,2.0,8.9,1006.7,3.1,0,4,6,175,51394.9,2009.0,Mixed
2016-06-23 01:00:00,Fox_lodging_Helen,394.67,36.7,2.0,8.3,1006.8,4.6,1,4,6,175,51394.9,2009.0,Mixed
2016-06-23 02:00:00,Fox_lodging_Helen,390.25,34.4,2.0,8.9,1007.2,1.5,2,4,6,175,51394.9,2009.0,Mixed
2016-06-23 03:00:00,Fox_lodging_Helen,385.73,33.9,2.0,8.3,1007.5,0.0,3,4,6,175,51394.9,2009.0,Mixed
2016-06-23 04:00:00,Fox_lodging_Helen,383.35,33.9,4.0,9.4,1007.6,1.5,4,4,6,175,51394.9,2009.0,Mixed
2016-06-23 05:00:00,Fox_lodging_Helen,390.5,33.9,6.0,8.3,1008.1,1.5,5,4,6,175,51394.9,2009.0,Mixed
2016-06-23 06:00:00,Fox_lodging_Helen,381.75,32.2,5.0,10.6,1008.7,1.5,6,4,6,175,51394.9,2009.0,Mixed
2016-06-23 07:00:00,Fox_lodging_Helen,371.68,33.9,4.0,8.9,1009.3,3.6,7,4,6,175,51394.9,2009.0,Mixed
2016-06-23 08:00:00,Fox_lodging_Helen,391.52,34.4,4.0,8.9,1009.8,2.1,8,4,6,175,51394.9,2009.0,Mixed
2016-06-23 09:00:00,Fox_lodging_Helen,395.3,35.6,3.3333333333333335,8.9,1010.0,2.1,9,4,6,175,51394.9,2009.0,Mixed
2016-06-23 10:00:00,Fox_lodging_Helen,387.4,37.2,2.666666666666667,8.9,1009.9,3.6,10,4,6,175,51394.9,2009.0,Mixed
2016-06-23 11:00:00,Fox_lodging_Helen,371.27,39.4,2.0,8.9,1009.8,2.1,11,4,6,175,51394.9,2009.0,Mixed
2016-06-23 12:00:00,Fox_lodging_Helen,381.53,40.0,4.0,7.8,1009.6,0.0,12,4,6,175,51394.9,2009.0,Mixed
2016-06-23 13:00:00,Fox_lodging_Helen,388.25,41.1,4.8,7.8,1008.9,2.6,13,4,6,175,51394.9,2009.0,Mixed
2016-06-23 14:00:00,Fox_lodging_Helen,375.08,42.8,5.6,7.2,1008.2,5.7,14,4,6,175,51394.9,2009.0,Mixed
2016-06-23 15:00:00,Fox_lodging_Helen,397.78,43.3,6.4,7.8,1007.2,2.1,15,4,6,175,51394.9,2009.0,Mixed
2016-06-23 16:00:00,Fox_lodging_Helen,429.92,43.9,6.4,7.8,1006.3,5.7,16,4,6,175,51394.9,2009.0,Mixed
2016-06-23 17:00:00,Fox_lodging_Helen,443.45,40.6,8.0,10.0,1006.0,7.7,17,4,6,175,51394.9,2009.0,Mixed
2016-06-23 18:00:00,Fox_lodging_Helen,450.15,39.4,7.2,8.9,1005.6,6.7,18,4,6,175,51394.9,2009.0,Mixed
2016-06-23 19:00:00,Fox_lodging_Helen,444.62,39.4,6.4,7.8,1005.7,5.7,19,4,6,175,51394.9,2009.0,Mixed
2016-06-23 20:00:00,Fox_lodging_Helen,452.78,39.4,5.6,8.3,1005.6,2.1,20,4,6,175,51394.9,2009.0,Mixed
2016-06-23 21:00:00,Fox_lodging_Helen,455.48,38.9,5.6,6.7,1006.4,3.6,21,4,6,175,51394.9,2009.0,Mixed
2016-06-23 22:00:00,Fox_lodging_Helen,446.2,37.8,4.0,7.2,1007.2,2.1,22,4,6,175,51394.9,2009.0,Mixed
2016-06-23 23:00:00,Fox_lodging_Helen,423.3,37.2,4.0,7.8,1007.3,2.6,23,4,6,175,51394.9,2009.0,Mixed
2016-06-24 00:00:00,Fox_lodging_Helen,414.25,36.1,4.0,10.0,1007.5,2.6,0,5,6,176,51394.9,2009.0,Mixed
2016-06-24 01:00:00,Fox_lodging_Helen,395.85,35.6,4.0,10.0,1007.6,1.5,1,5,6,176,51394.9,2009.0,Mixed
2016-06-24 02:00:00,Fox_lodging_Helen,391.2,35.0,4.0,10.0,1007.7,1.5,2,5,6,176,51394.9,2009.0,Mixed
2016-06-24 03:00:00,Fox_lodging_Helen,389.48,33.3,4.0,10.0,1007.6,1.5,3,5,6,176,51394.9,2009.0,Mixed
2016-06-24 04:00:00,Fox_lodging_Helen,390.17,32.2,5.0,11.7,1007.7,1.5,4,5,6,176,51394.9,2009.0,Mixed
2016-06-24 05:00:00,Fox_lodging_Helen,389.8,31.1,6.0,12.2,1008.1,2.1,5,5,6,176,51394.9,2009.0,Mixed
2016-06-24 06:00:00,Fox_lodging_Helen,380.22,31.1,5.333333333333333,12.2,1008.5,1.5,6,5,6,176,51394.9,2009.0,Mixed
2016-06-24 07:00:00,Fox_lodging_Helen,377.97,32.8,4.666666666666667,11.7,1009.2,0.0,7,5,6,176,51394.9,2009.0,Mixed
2016-06-24 08:00:00,Fox_lodging_Helen,383.37,34.4,4.0,10.6,1009.6,2.1,8,5,6,176,51394.9,2009.0,Mixed
2016-06-24 09:00:00,Fox_lodging_Helen,378.22,36.1,2.0,10.0,1009.8,1.5,9,5,6,176,51394.9,2009.0,Mixed
2016-06-24 10:00:00,Fox_lodging_Helen,366.72,37.2,2.0,10.0,1009.7,1.5,10,5,6,176,51394.9,2009.0,Mixed
2016-06-24 11:00:00,Fox_lodging_Helen,373.77,38.3,2.0,8.3,1009.3,2.6,11,5,6,176,51394.9,2009.0,Mixed
2016-06-24 12:00:00,Fox_lodging_Helen,382.8,40.0,4.0,7.8,1008.6,2.6,12,5,6,176,51394.9,2009.0,Mixed
2016-06-24 13:00:00,Fox_lodging_Helen,388.28,40.6,4.0,8.3,1007.6,0.0,13,5,6,176,51394.9,2009.0,Mixed
2016-06-24 14:00:00,Fox_lodging_Helen,383.52,41.1,4.0,7.2,1006.6,3.1,14,5,6,176,51394.9,2009.0,Mixed
2016-06-24 15:00:00,Fox_lodging_Helen,392.47,42.8,4.0,6.7,1005.6,4.6,15,5,6,176,51394.9,2009.0,Mixed
2016-06-24 16:00:00,Fox_lodging_Helen,412.45,42.2,4.0,6.1,1004.8,4.6,16,5,6,176,51394.9,2009.0,Mixed
2016-06-24 17:00:00,Fox_lodging_Helen,438.55,42.8,4.0,6.7,1003.7,5.1,17,5,6,176,51394.9,2009.0,Mixed
2016-06-24 18:00:00,Fox_lodging_Helen,455.72,42.2,4.0,7.2,1003.1,2.1,18,5,6,176,51394.9,2009.0,Mixed
2016-06-24 19:00:00,Fox_lodging_Helen,463.82,42.2,4.0,5.6,1002.9,5.7,19,5,6,176,51394.9,2009.0,Mixed
2016-06-24 20:00:00,Fox_lodging_Helen,465.83,41.1,4.0,4.4,1003.1,6.2,20,5,6,176,51394.9,2009.0,Mixed
2016-06-24 21:00:00,Fox_lodging_Helen,466.43,38.9,2.0,5.0,1003.9,3.6,21,5,6,176,51394.9,2009.0,Mixed
2016-06-24 22:00:00,Fox_lodging_Helen,443.43,37.2,0.0,5.6,1004.8,3.1,22,5,6,176,51394.9,2009.0,Mixed
2016-06-24 23:00:00,Fox_lodging_Helen,434.65,36.1,0.0,6.7,1005.2,3.1,23,5,6,176,51394.9,2009.0,Mixed
2016-06-25 00:00:00,Fox_lodging_Helen,425.83,35.6,4.0,7.2,1005.4,1.5,0,6,6,177,51394.9,2009.0,Mixed
2016-06-25 01:00:00,Fox_lodging_Helen,394.95,33.9,2.0,8.3,1005.7,3.6,1,6,6,177,51394.9,2009.0,Mixed
2016-06-25 02:00:00,Fox_lodging_Helen,390.03,33.9,2.0,8.3,1006.1,3.6,2,6,6,177,51394.9,2009.0,Mixed
2016-06-25 03:00:00,Fox_lodging_Helen,387.38,33.3,2.0,8.9,1006.4,4.1,3,6,6,177,51394.9,2009.0,Mixed
2016-06-25 04:00:00,Fox_lodging_Helen,390.92,32.2,2.0,10.0,1007.1,1.5,4,6,6,177,51394.9,2009.0,Mixed
2016-06-25 05:00:00,Fox_lodging_Helen,396.6,30.0,2.0,9.4,1007.8,1.5,5,6,6,177,51394.9,2009.0,Mixed
2016-06-25 06:00:00,Fox_lodging_Helen,392.93,30.0,2.0,9.4,1008.5,0.0,6,6,6,177,51394.9,2009.0,Mixed
2016-06-25 07:00:00,Fox_lodging_Helen,380.82,32.8,2.0,8.3,1008.8,0.0,7,6,6,177,51394.9,2009.0,Mixed
2016-06-25 08:00:00,Fox_lodging_Helen,367.57,33.9,2.0,7.2,1009.2,0.0,8,6,6,177,51394.9,2009.0,Mixed
2016-06-25 09:00:00,Fox_lodging_Helen,360.38,35.0,2.0,7.2,1009.2,1.5,9,6,6,177,51394.9,2009.0,Mixed
2016-06-25 10:00:00,Fox_lodging_Helen,353.5,35.6,2.0,8.9,1009.1,2.6,10,6,6,177,51394.9,2009.0,Mixed
2016-06-25 11:00:00,Fox_lodging_Helen,351.98,36.7,2.0,8.3,1008.7,2.1,11,6,6,177,51394.9,2009.0,Mixed
2016-06-25 12:00:00,Fox_lodging_Helen,346.35,38.3,2.0,8.9,1007.9,3.1,12,6,6,177,51394.9,2009.0,Mixed
2016-06-25 13:00:00,Fox_lodging_Helen,350.5,38.9,2.0,7.8,1007.3,2.1,13,6,6,177,51394.9,2009.0,Mixed
2016-06-25 14:00:00,Fox_lodging_Helen,363.23,41.1,2.0,7.2,1006.5,1.5,14,6,6,177,51394.9,2009.0,Mixed
2016-06-25 15:00:00,Fox_lodging_Helen,398.78,41.1,2.0,7.2,1005.5,3.1,15,6,6,177,51394.9,2009.0,Mixed
2016-06-25 16:00:00,Fox_lodging_Helen,405.32,42.2,2.0,7.2,1004.7,5.1,16,6,6,177,51394.9,2009.0,Mixed
2016-06-25 17:00:00,Fox_lodging_Helen,410.97,41.1,2.0,7.2,1004.1,1.5,17,6,6,177,51394.9,2009.0,Mixed
2016-06-25 18:00:00,Fox_lodging_Helen,425.9,41.1,4.0,7.2,1004.0,3.1,18,6,6,177,51394.9,2009.0,Mixed
2016-06-25 19:00:00,Fox_lodging_Helen,430.82,41.1,4.0,6.7,1004.1,3.6,19,6,6,177,51394.9,2009.0,Mixed
2016-06-25 20:00:00,Fox_lodging_Helen,436.95,40.0,4.0,7.2,1004.2,4.1,20,6,6,177,51394.9,2009.0,Mixed
2016-06-25 21:00:00,Fox_lodging_Helen,435.93,38.9,4.0,7.2,1004.7,2.6,21,6,6,177,51394.9,2009.0,Mixed
2016-06-25 22:00:00,Fox_lodging_Helen,421.0,37.2,2.0,8.3,1005.5,1.5,22,6,6,177,51394.9,2009.0,Mixed
2016-06-25 23:00:00,Fox_lodging_Helen,401.53,36.7,2.0,8.3,1005.9,2.6,23,6,6,177,51394.9,2009.0,Mixed
2016-06-26 00:00:00,Fox_lodging_Helen,397.08,36.1,2.0,8.9,1005.9,0.0,0,7,6,178,51394.9,2009.0,Mixed
2016-06-26 01:00:00,Fox_lodging_Helen,389.17,34.4,4.0,12.2,1006.7,4.1,1,7,6,178,51394.9,2009.0,Mixed
2016-06-26 02:00:00,Fox_lodging_Helen,381.3,33.9,4.0,12.8,1006.7,3.6,2,7,6,178,51394.9,2009.0,Mixed
2016-06-26 03:00:00,Fox_lodging_Helen,387.83,33.3,4.0,12.8,1006.8,0.0,3,7,6,178,51394.9,2009.0,Mixed
2016-06-26 04:00:00,Fox_lodging_Helen,398.2,32.8,2.0,12.8,1007.2,1.5,4,7,6,178,51394.9,2009.0,Mixed
2016-06-26 05:00:00,Fox_lodging_Helen,405.05,32.2,6.0,13.9,1007.8,3.6,5,7,6,178,51394.9,2009.0,Mixed
2016-06-26 06:00:00,Fox_lodging_Helen,394.27,32.2,6.0,12.2,1008.7,2.6,6,7,6,178,51394.9,2009.0,Mixed
2016-06-26 07:00:00,Fox_lodging_Helen,375.37,32.2,6.0,11.1,1009.4,0.0,7,7,6,178,51394.9,2009.0,Mixed
2016-06-26 08:00:00,Fox_lodging_Helen,370.95,32.8,6.0,11.7,1010.1,1.5,8,7,6,178,51394.9,2009.0,Mixed
2016-06-26 09:00:00,Fox_lodging_Helen,384.83,34.4,6.0,10.6,1010.3,3.1,9,7,6,178,51394.9,2009.0,Mixed
2016-06-26 10:00:00,Fox_lodging_Helen,377.98,35.0,6.0,10.6,1010.5,0.0,10,7,6,178,51394.9,2009.0,Mixed
2016-06-26 11:00:00,Fox_lodging_Helen,398.55,35.6,6.0,10.6,1010.3,4.1,11,7,6,178,51394.9,2009.0,Mixed
2016-06-26 12:00:00,Fox_lodging_Helen,381.95,36.7,6.0,12.2,1010.3,3.1,12,7,6,178,51394.9,2009.0,Mixed
2016-06-26 13:00:00,Fox_lodging_Helen,373.78,36.7,6.0,11.7,1010.3,2.6,13,7,6,178,51394.9,2009.0,Mixed
2016-06-26 14:00:00,Fox_lodging_Helen,388.3,37.8,6.0,10.6,1009.7,0.0,14,7,6,178,51394.9,2009.0,Mixed
2016-06-26 15:00:00,Fox_lodging_Helen,389.73,39.4,6.0,10.0,1008.7,2.6,15,7,6,178,51394.9,2009.0,Mixed
2016-06-26 16:00:00,Fox_lodging_Helen,391.5,40.0,6.0,7.8,1007.6,0.0,16,7,6,178,51394.9,2009.0,Mixed
2016-06-26 17:00:00,Fox_lodging_Helen,424.32,40.6,6.0,8.3,1007.0,3.6,17,7,6,178,51394.9,2009.0,Mixed
2016-06-26 18:00:00,Fox_lodging_Helen,432.57,40.0,6.0,6.7,1006.8,4.1,18,7,6,178,51394.9,2009.0,Mixed
2016-06-26 19:00:00,Fox_lodging_Helen,435.28,38.9,6.0,9.4,1007.5,4.6,19,7,6,178,51394.9,2009.0,Mixed
2016-06-26 20:00:00,Fox_lodging_Helen,440.82,38.9,6.0,11.1,1007.8,4.6,20,7,6,178,51394.9,2009.0,Mixed
2016-06-26 21:00:00,Fox_lodging_Helen,448.55,38.3,6.0,11.1,1008.6,3.6,21,7,6,178,51394.9,2009.0,Mixed
2016-06-26 22:00:00,Fox_lodging_Helen,429.88,37.8,6.0,11.1,1008.8,1.5,22,7,6,178,51394.9,2009.0,Mixed
2016-06-26 23:00:00,Fox_lodging_Helen,405.02,36.7,6.0,11.7,1009.2,1.5,23,7,6,178,51394.9,2009.0,Mixed
2016-06-27 00:00:00,Fox_lodging_Helen,408.95,36.7,4.0,11.7,1009.0,2.1,0,1,6,179,51394.9,2009.0,Mixed
2016-06-27 01:00:00,Fox_lodging_Helen,388.7,34.4,4.0,12.2,1009.7,3.6,1,1,6,179,51394.9,2009.0,Mixed
2016-06-27 02:00:00,Fox_lodging_Helen,390.18,33.3,4.0,13.3,1009.5,2.6,2,1,6,179,51394.9,2009.0,Mixed
2016-06-27 03:00:00,Fox_lodging_Helen,386.75,32.8,4.0,13.9,1009.7,3.6,3,1,6,179,51394.9,2009.0,Mixed
2016-06-27 04:00:00,Fox_lodging_Helen,395.78,32.8,5.0,14.4,1009.9,0.0,4,1,6,179,51394.9,2009.0,Mixed
2016-06-27 05:00:00,Fox_lodging_Helen,399.0,32.2,6.0,14.4,1010.0,2.6,5,1,6,179,51394.9,2009.0,Mixed
2016-06-27 06:00:00,Fox_lodging_Helen,401.32,32.8,6.0,15.0,1010.4,2.1,6,1,6,179,51394.9,2009.0,Mixed
2016-06-27 07:00:00,Fox_lodging_Helen,417.48,32.2,6.0,15.6,1011.1,3.1,7,1,6,179,51394.9,2009.0,Mixed
2016-06-27 08:00:00,Fox_lodging_Helen,418.03,33.3,6.0,15.6,1011.7,3.1,8,1,6,179,51394.9,2009.0,Mixed
2016-06-27 09:00:00,Fox_lodging_Helen,404.2,34.4,6.0,15.0,1011.9,3.1,9,1,6,179,51394.9,2009.0,Mixed
2016-06-27 10:00:00,Fox_lodging_Helen,387.92,36.7,6.0,13.9,1011.5,2.6,10,1,6,179,51394.9,2009.0,Mixed
2016-06-27 11:00:00,Fox_lodging_Helen,405.1,38.9,6.0,13.3,1011.1,2.1,11,1,6,179,51394.9,2009.0,Mixed
2016-06-27 12:00:00,Fox_lodging_Helen,382.77,39.4,5.6,12.2,1010.6,2.6,12,1,6,179,51394.9,2009.0,Mixed
2016-06-27 13:00:00,Fox_lodging_Helen,410.47,40.0,5.2,11.7,1009.6,0.0,13,1,6,179,51394.9,2009.0,Mixed
2016-06-27 14:00:00,Fox_lodging_Helen,394.32,40.6,4.8,11.1,1008.5,0.0,14,1,6,179,51394.9,2009.0,Mixed
2016-06-27 15:00:00,Fox_lodging_Helen,396.67,41.7,4.8,11.1,1007.6,3.6,15,1,6,179,51394.9,2009.0,Mixed
2016-06-27 16:00:00,Fox_lodging_Helen,412.53,41.7,4.0,11.1,1006.8,2.1,16,1,6,179,51394.9,2009.0,Mixed
2016-06-27 17:00:00,Fox_lodging_Helen,437.6,42.2,4.0,11.1,1006.3,2.1,17,1,6,179,51394.9,2009.0,Mixed
2016-06-27 18:00:00,Fox_lodging_Helen,453.37,42.2,4.0,11.1,1005.9,2.1,18,1,6,179,51394.9,2009.0,Mixed
2016-06-27 19:00:00,Fox_lodging_Helen,461.78,41.7,4.0,11.1,1006.1,3.6,19,1,6,179,51394.9,2009.0,Mixed
2016-06-27 20:00:00,Fox_lodging_Helen,478.87,38.3,4.0,12.8,1006.8,5.7,20,1,6,179,51394.9,2009.0,Mixed
2016-06-27 21:00:00,Fox_lodging_Helen,476.88,37.8,4.666666666666667,11.7,1007.7,5.7,21,1,6,179,51394.9,2009.0,Mixed
2016-06-27 22:00:00,Fox_lodging_Helen,453.5,36.7,5.333333333333333,12.2,1008.5,1.5,22,1,6,179,51394.9,2009.0,Mixed
2016-06-27 23:00:00,Fox_lodging_Helen,432.17,34.4,6.0,17.8,1008.9,2.6,23,1,6,179,51394.9,2009.0,Mixed
2016-06-28 00:00:00,Fox_lodging_Helen,436.27,35.6,6.0,13.9,1008.0,3.1,0,2,6,180,51394.9,2009.0,Mixed
2016-06-28 01:00:00,Fox_lodging_Helen,431.4,34.4,6.0,15.6,1008.0,5.1,1,2,6,180,51394.9,2009.0,Mixed
2016-06-28 02:00:00,Fox_lodging_Helen,430.25,34.4,6.0,15.0,1008.1,1.5,2,2,6,180,51394.9,2009.0,Mixed
2016-06-28 03:00:00,Fox_lodging_Helen,433.82,34.4,6.0,13.9,1008.3,3.1,3,2,6,180,51394.9,2009.0,Mixed
2016-06-28 04:00:00,Fox_lodging_Helen,434.53,33.9,6.0,14.4,1008.4,2.6,4,2,6,180,51394.9,2009.0,Mixed
2016-06-28 05:00:00,Fox_lodging_Helen,439.35,32.8,6.0,16.1,1008.9,4.1,5,2,6,180,51394.9,2009.0,Mixed
2016-06-28 06:00:00,Fox_lodging_Helen,433.57,32.2,5.0,16.7,1009.4,2.1,6,2,6,180,51394.9,2009.0,Mixed
2016-06-28 07:00:00,Fox_lodging_Helen,420.48,32.8,4.0,17.2,1010.2,1.5,7,2,6,180,51394.9,2009.0,Mixed
2016-06-28 08:00:00,Fox_lodging_Helen,408.55,35.0,2.0,16.1,1011.0,3.6,8,2,6,180,51394.9,2009.0,Mixed
2016-06-28 09:00:00,Fox_lodging_Helen,391.1,36.1,2.0,15.0,1011.1,3.6,9,2,6,180,51394.9,2009.0,Mixed
2016-06-28 10:00:00,Fox_lodging_Helen,384.85,38.3,2.0,13.9,1010.8,4.1,10,2,6,180,51394.9,2009.0,Mixed
2016-06-28 11:00:00,Fox_lodging_Helen,396.95,39.4,2.0,13.3,1010.4,4.1,11,2,6,180,51394.9,2009.0,Mixed
2016-06-28 12:00:00,Fox_lodging_Helen,367.73,40.6,2.0,12.8,1009.7,5.7,12,2,6,180,51394.9,2009.0,Mixed
2016-06-28 13:00:00,Fox_lodging_Helen,375.43,41.1,2.0,12.2,1008.6,1.5,13,2,6,180,51394.9,2009.0,Mixed
2016-06-28 14:00:00,Fox_lodging_Helen,382.47,43.3,2.0,12.2,1007.4,3.6,14,2,6,180,51394.9,2009.0,Mixed
2016-06-28 15:00:00,Fox_lodging_Helen,392.78,43.3,2.0,11.7,1006.1,4.1,15,2,6,180,51394.9,2009.0,Mixed
2016-06-28 16:00:00,Fox_lodging_Helen,408.0,42.8,2.0,11.1,1005.1,2.6,16,2,6,180,51394.9,2009.0,Mixed
2016-06-28 17:00:00,Fox_lodging_Helen,430.3,43.9,2.0,10.0,1004.8,4.1,17,2,6,180,51394.9,2009.0,Mixed
2016-06-28 18:00:00,Fox_lodging_Helen,444.95,43.9,2.0,10.6,1004.2,4.6,18,2,6,180,51394.9,2009.0,Mixed
2016-06-28 19:00:00,Fox_lodging_Helen,452.35,42.8,2.0,10.0,1004.2,2.1,19,2,6,180,51394.9,2009.0,Mixed
2016-06-28 20:00:00,Fox_lodging_Helen,462.6,42.2,2.0,10.0,1004.4,2.1,20,2,6,180,51394.9,2009.0,Mixed
2016-06-28 21:00:00,Fox_lodging_Helen,469.03,41.1,4.0,10.0,1005.3,5.1,21,2,6,180,51394.9,2009.0,Mixed
2016-06-28 22:00:00,Fox_lodging_Helen,452.8,39.4,5.0,9.4,1005.9,6.2,22,2,6,180,51394.9,2009.0,Mixed
2016-06-28 23:00:00,Fox_lodging_Helen,428.2,38.9,6.0,10.6,1006.3,4.1,23,2,6,180,51394.9,2009.0,Mixed
2016-06-29 00:00:00,Fox_lodging_Helen,425.4,37.2,6.0,13.9,1007.15,7.2,0,3,6,181,51394.9,2009.0,Mixed
2016-06-29 01:00:00,Fox_lodging_Helen,425.22,34.4,6.0,15.0,1008.0,7.7,1,3,6,181,51394.9,2009.0,Mixed
2016-06-29 02:00:00,Fox_lodging_Helen,414.92,33.9,6.0,15.6,1008.1,8.2,2,3,6,181,51394.9,2009.0,Mixed
2016-06-29 03:00:00,Fox_lodging_Helen,415.95,32.8,6.0,16.1,1008.7,8.2,3,3,6,181,51394.9,2009.0,Mixed
2016-06-29 04:00:00,Fox_lodging_Helen,416.32,31.7,6.0,16.7,1009.2,6.7,4,3,6,181,51394.9,2009.0,Mixed
2016-06-29 05:00:00,Fox_lodging_Helen,418.28,31.7,6.0,16.7,1009.7,3.1,5,3,6,181,51394.9,2009.0,Mixed
2016-06-29 06:00:00,Fox_lodging_Helen,412.38,31.1,4.0,16.7,1010.2,5.1,6,3,6,181,51394.9,2009.0,Mixed
2016-06-29 07:00:00,Fox_lodging_Helen,409.67,32.2,4.0,16.7,1010.5,5.1,7,3,6,181,51394.9,2009.0,Mixed
2016-06-29 08:00:00,Fox_lodging_Helen,396.72,33.3,4.5,16.1,1011.4,6.2,8,3,6,181,51394.9,2009.0,Mixed
2016-06-29 09:00:00,Fox_lodging_Helen,387.9,35.0,5.0,15.0,1011.3,3.6,9,3,6,181,51394.9,2009.0,Mixed
2016-06-29 10:00:00,Fox_lodging_Helen,382.17,36.1,5.5,14.4,1011.0,2.6,10,3,6,181,51394.9,2009.0,Mixed
2016-06-29 11:00:00,Fox_lodging_Helen,382.63,37.2,6.0,13.9,1010.6,3.1,11,3,6,181,51394.9,2009.0,Mixed
2016-06-29 12:00:00,Fox_lodging_Helen,392.2,37.8,6.0,13.9,1009.9,3.1,12,3,6,181,51394.9,2009.0,Mixed
2016-06-29 13:00:00,Fox_lodging_Helen,412.63,38.9,6.0,14.4,1008.9,2.1,13,3,6,181,51394.9,2009.0,Mixed
2016-06-29 14:00:00,Fox_lodging_Helen,396.28,39.4,6.0,14.4,1008.0,3.6,14,3,6,181,51394.9,2009.0,Mixed
2016-06-29 15:00:00,Fox_lodging_Helen,387.23,40.0,6.0,15.0,1006.7,2.6,15,3,6,181,51394.9,2009.0,Mixed
2016-06-29 16:00:00,Fox_lodging_Helen,402.98,40.6,6.0,13.9,1006.0,2.1,16,3,6,181,51394.9,2009.0,Mixed
2016-06-29 17:00:00,Fox_lodging_Helen,419.6,40.0,6.0,13.9,1005.5,3.1,17,3,6,181,51394.9,2009.0,Mixed
2016-06-29 18:00:00,Fox_lodging_Helen,439.72,40.6,6.0,13.9,1004.6,2.6,18,3,6,181,51394.9,2009.0,Mixed
2016-06-29 19:00:00,Fox_lodging_Helen,439.32,40.0,6.0,13.9,1005.1,2.1,19,3,6,181,51394.9,2009.0,Mixed
2016-06-29 20:00:00,Fox_lodging_Helen,459.88,39.4,6.0,13.9,1005.8,2.6,20,3,6,181,51394.9,2009.0,Mixed
2016-06-29 21:00:00,Fox_lodging_Helen,463.37,38.3,6.0,12.2,1006.3,5.1,21,3,6,181,51394.9,2009.0,Mixed
2016-06-29 22:00:00,Fox_lodging_Helen,441.73,33.3,6.0,15.6,1007.8,6.2,22,3,6,181,51394.9,2009.0,Mixed
2016-06-29 23:00:00,Fox_lodging_Helen,425.77,31.7,6.0,17.8,1009.3,9.8,23,3,6,181,51394.9,2009.0,Mixed
2016-06-30 00:00:00,Fox_lodging_Helen,405.67,29.4,6.0,18.3,1008.7,6.7,0,4,6,182,51394.9,2009.0,Mixed
2016-06-30 01:00:00,Fox_lodging_Helen,391.12,30.0,6.0,17.8,1008.8,7.7,1,4,6,182,51394.9,2009.0,Mixed
2016-06-30 02:00:00,Fox_lodging_Helen,399.87,30.0,6.0,16.7,1010.5,8.2,2,4,6,182,51394.9,2009.0,Mixed
2016-06-30 03:00:00,Fox_lodging_Helen,379.43,28.3,6.0,18.3,1010.7,6.2,3,4,6,182,51394.9,2009.0,Mixed
2016-06-30 04:00:00,Fox_lodging_Helen,383.3,27.2,6.0,18.9,1010.8,5.1,4,4,6,182,51394.9,2009.0,Mixed
2016-06-30 05:00:00,Fox_lodging_Helen,387.98,27.2,6.0,18.3,1011.6,2.6,5,4,6,182,51394.9,2009.0,Mixed
2016-06-30 06:00:00,Fox_lodging_Helen,405.55,27.8,6.0,18.3,1011.7,3.1,6,4,6,182,51394.9,2009.0,Mixed
2016-06-30 07:00:00,Fox_lodging_Helen,392.28,27.8,6.0,18.3,1011.9,2.6,7,4,6,182,51394.9,2009.0,Mixed
2016-06-30 08:00:00,Fox_lodging_Helen,392.12,28.3,6.0,19.4,1012.1,0.0,8,4,6,182,51394.9,2009.0,Mixed
2016-06-30 09:00:00,Fox_lodging_Helen,409.45,28.9,6.0,18.3,1011.8,2.6,9,4,6,182,51394.9,2009.0,Mixed
2016-06-30 10:00:00,Fox_lodging_Helen,400.82,29.4,6.0,18.9,1012.1,3.1,10,4,6,182,51394.9,2009.0,Mixed
2016-06-30 11:00:00,Fox_lodging_Helen,383.05,30.0,6.0,18.3,1012.1,2.6,11,4,6,182,51394.9,2009.0,Mixed
2016-06-30 12:00:00,Fox_lodging_Helen,382.63,31.1,6.0,18.3,1011.9,2.6,12,4,6,182,51394.9,2009.0,Mixed
2016-06-30 13:00:00,Fox_lodging_Helen,376.23,31.7,6.0,18.3,1010.9,2.1,13,4,6,182,51394.9,2009.0,Mixed
2016-06-30 14:00:00,Fox_lodging_Helen,365.2,32.8,6.0,17.2,1010.3,2.1,14,4,6,182,51394.9,2009.0,Mixed
2016-06-30 15:00:00,Fox_lodging_Helen,362.22,34.4,6.0,17.2,1009.5,4.1,15,4,6,182,51394.9,2009.0,Mixed
2016-06-30 16:00:00,Fox_lodging_Helen,381.78,35.0,6.0,16.1,1008.5,5.1,16,4,6,182,51394.9,2009.0,Mixed
2016-06-30 17:00:00,Fox_lodging_Helen,368.97,35.0,6.0,15.6,1007.7,5.7,17,4,6,182,51394.9,2009.0,Mixed
2016-06-30 18:00:00,Fox_lodging_Helen,397.18,34.4,6.333333333333333,15.6,1007.2,4.6,18,4,6,182,51394.9,2009.0,Mixed
2016-06-30 19:00:00,Fox_lodging_Helen,406.97,35.0,6.666666666666667,13.9,1007.1,3.6,19,4,6,182,51394.9,2009.0,Mixed
2016-06-30 20:00:00,Fox_lodging_Helen,409.72,33.3,7.0,16.1,1007.6,4.1,20,4,6,182,51394.9,2009.0,Mixed
2016-06-30 21:00:00,Fox_lodging_Helen,417.02,32.8,7.0,16.7,1008.4,2.1,21,4,6,182,51394.9,2009.0,Mixed
2016-06-30 22:00:00,Fox_lodging_Helen,401.53,32.2,7.0,17.2,1009.5,2.6,22,4,6,182,51394.9,2009.0,Mixed
2016-06-30 23:00:00,Fox_lodging_Helen,381.1,32.2,8.0,17.2,1009.4,2.6,23,4,6,182,51394.9,2009.0,Mixed
2016-07-01 00:00:00,Fox_lodging_Helen,380.3,31.7,8.0,17.2,1009.2,4.6,0,5,7,183,51394.9,2009.0,Mixed
2016-07-01 01:00:00,Fox_lodging_Helen,377.97,30.6,8.0,17.2,1009.1,2.6,1,5,7,183,51394.9,2009.0,Mixed
2016-07-01 02:00:00,Fox_lodging_Helen,374.65,28.3,8.0,18.3,1009.6,4.1,2,5,7,183,51394.9,2009.0,Mixed
2016-07-01 03:00:00,Fox_lodging_Helen,373.6,28.9,8.0,18.3,1008.9,4.6,3,5,7,183,51394.9,2009.0,Mixed
2016-07-01 04:00:00,Fox_lodging_Helen,372.47,29.4,8.0,18.3,1008.9,4.1,4,5,7,183,51394.9,2009.0,Mixed
2016-07-01 05:00:00,Fox_lodging_Helen,375.73,27.8,8.0,20.0,1009.4,4.1,5,5,7,183,51394.9,2009.0,Mixed
2016-07-01 06:00:00,Fox_lodging_Helen,372.82,26.1,6.0,20.0,1010.0,5.1,6,5,7,183,51394.9,2009.0,Mixed
2016-07-01 07:00:00,Fox_lodging_Helen,360.7,26.7,4.0,20.0,1011.1,3.6,7,5,7,183,51394.9,2009.0,Mixed
2016-07-01 08:00:00,Fox_lodging_Helen,369.4,26.7,4.0,19.4,1012.0,3.6,8,5,7,183,51394.9,2009.0,Mixed
2016-07-01 09:00:00,Fox_lodging_Helen,387.98,27.2,4.0,20.0,1012.0,4.6,9,5,7,183,51394.9,2009.0,Mixed
2016-07-01 10:00:00,Fox_lodging_Helen,364.5,27.8,4.0,19.4,1012.0,3.6,10,5,7,183,51394.9,2009.0,Mixed
2016-07-01 11:00:00,Fox_lodging_Helen,306.2,29.4,4.0,18.9,1012.1,5.1,11,5,7,183,51394.9,2009.0,Mixed
2016-07-01 12:00:00,Fox_lodging_Helen,295.65,31.1,4.0,20.0,1011.2,6.2,12,5,7,183,51394.9,2009.0,Mixed
2016-07-01 13:00:00,Fox_lodging_Helen,305.43,33.3,4.0,18.9,1010.9,6.2,13,5,7,183,51394.9,2009.0,Mixed
2016-07-01 14:00:00,Fox_lodging_Helen,301.87,33.9,4.0,18.9,1009.9,5.7,14,5,7,183,51394.9,2009.0,Mixed
2016-07-01 15:00:00,Fox_lodging_Helen,312.75,35.0,4.0,18.3,1008.8,5.7,15,5,7,183,51394.9,2009.0,Mixed
2016-07-01 16:00:00,Fox_lodging_Helen,330.25,36.1,5.0,18.3,1008.1,6.2,16,5,7,183,51394.9,2009.0,Mixed
2016-07-01 17:00:00,Fox_lodging_Helen,364.23,35.0,6.0,17.8,1007.6,6.2,17,5,7,183,51394.9,2009.0,Mixed
2016-07-01 18:00:00,Fox_lodging_Helen,380.4,34.4,6.333333333333333,17.2,1007.8,5.1,18,5,7,183,51394.9,2009.0,Mixed
2016-07-01 19:00:00,Fox_lodging_Helen,384.8,33.3,6.666666666666667,17.2,1007.9,5.1,19,5,7,183,51394.9,2009.0,Mixed
2016-07-01 20:00:00,Fox_lodging_Helen,400.87,33.3,7.0,17.2,1008.6,4.1,20,5,7,183,51394.9,2009.0,Mixed
2016-07-01 21:00:00,Fox_lodging_Helen,397.87,32.8,7.0,18.3,1009.3,4.6,21,5,7,183,51394.9,2009.0,Mixed
2016-07-01 22:00:00,Fox_lodging_Helen,381.6,32.2,7.0,18.3,1009.7,3.1,22,5,7,183,51394.9,2009.0,Mixed
2016-07-01 23:00:00,Fox_lodging_Helen,361.0,31.7,8.0,17.8,1010.5,3.1,23,5,7,183,51394.9,2009.0,Mixed
2016-07-02 00:00:00,Fox_lodging_Helen,355.48,30.6,7.666666666666667,16.7,1009.9,5.1,0,6,7,184,51394.9,2009.0,Mixed
2016-07-02 01:00:00,Fox_lodging_Helen,354.05,30.0,7.333333333333333,16.7,1010.2,3.1,1,6,7,184,51394.9,2009.0,Mixed
2016-07-02 02:00:00,Fox_lodging_Helen,349.58,29.4,7.0,16.1,1009.9,5.1,2,6,7,184,51394.9,2009.0,Mixed
2016-07-02 03:00:00,Fox_lodging_Helen,349.62,28.9,7.0,17.2,1009.5,3.1,3,6,7,184,51394.9,2009.0,Mixed
2016-07-02 04:00:00,Fox_lodging_Helen,352.9,28.3,7.0,16.7,1010.1,5.7,4,6,7,184,51394.9,2009.0,Mixed
2016-07-02 05:00:00,Fox_lodging_Helen,359.65,27.8,6.0,17.2,1011.1,5.7,5,6,7,184,51394.9,2009.0,Mixed
2016-07-02 06:00:00,Fox_lodging_Helen,352.77,27.8,5.0,17.8,1012.1,4.1,6,6,7,184,51394.9,2009.0,Mixed
2016-07-02 07:00:00,Fox_lodging_Helen,333.27,28.3,4.0,17.8,1012.6,4.6,7,6,7,184,51394.9,2009.0,Mixed
2016-07-02 08:00:00,Fox_lodging_Helen,321.05,30.0,4.0,16.7,1013.6,10.8,8,6,7,184,51394.9,2009.0,Mixed
2016-07-02 09:00:00,Fox_lodging_Helen,310.05,31.7,2.0,15.0,1013.5,9.8,9,6,7,184,51394.9,2009.0,Mixed
2016-07-02 10:00:00,Fox_lodging_Helen,300.43,32.2,2.0,16.7,1013.2,3.6,10,6,7,184,51394.9,2009.0,Mixed
2016-07-02 11:00:00,Fox_lodging_Helen,305.25,34.4,2.0,17.2,1012.9,4.1,11,6,7,184,51394.9,2009.0,Mixed
2016-07-02 12:00:00,Fox_lodging_Helen,297.38,35.6,4.0,16.7,1012.4,1.5,12,6,7,184,51394.9,2009.0,Mixed
2016-07-02 13:00:00,Fox_lodging_Helen,303.48,36.1,4.0,16.1,1011.7,2.1,13,6,7,184,51394.9,2009.0,Mixed
2016-07-02 14:00:00,Fox_lodging_Helen,310.33,37.8,4.0,15.6,1011.1,1.5,14,6,7,184,51394.9,2009.0,Mixed
2016-07-02 15:00:00,Fox_lodging_Helen,327.62,38.9,4.0,15.0,1010.3,3.1,15,6,7,184,51394.9,2009.0,Mixed
2016-07-02 16:00:00,Fox_lodging_Helen,360.27,38.3,4.0,14.4,1009.3,2.6,16,6,7,184,51394.9,2009.0,Mixed
2016-07-02 17:00:00,Fox_lodging_Helen,373.45,39.4,4.0,13.3,1008.9,4.1,17,6,7,184,51394.9,2009.0,Mixed
2016-07-02 18:00:00,Fox_lodging_Helen,387.17,38.9,4.0,12.8,1008.5,3.6,18,6,7,184,51394.9,2009.0,Mixed
2016-07-02 19:00:00,Fox_lodging_Helen,394.73,38.9,2.0,11.7,1008.4,5.1,19,6,7,184,51394.9,2009.0,Mixed
2016-07-02 20:00:00,Fox_lodging_Helen,395.25,38.3,2.0,11.1,1008.7,4.1,20,6,7,184,51394.9,2009.0,Mixed
2016-07-02 21:00:00,Fox_lodging_Helen,399.45,37.8,0.0,11.1,1008.9,3.6,21,6,7,184,51394.9,2009.0,Mixed
2016-07-02 22:00:00,Fox_lodging_Helen,389.07,35.6,0.0,11.7,1009.4,2.1,22,6,7,184,51394.9,2009.0,Mixed
2016-07-02 23:00:00,Fox_lodging_Helen,371.32,35.0,0.0,13.3,1009.6,6.7,23,6,7,184,51394.9,2009.0,Mixed
2016-07-03 00:00:00,Fox_lodging_Helen,369.28,34.4,0.0,12.8,1009.8,5.1,0,7,7,185,51394.9,2009.0,Mixed
2016-07-03 01:00:00,Fox_lodging_Helen,365.6,33.9,0.0,12.8,1010.1,4.6,1,7,7,185,51394.9,2009.0,Mixed
2016-07-03 02:00:00,Fox_lodging_Helen,355.48,33.3,0.0,12.8,1010.6,4.6,2,7,7,185,51394.9,2009.0,Mixed
2016-07-03 03:00:00,Fox_lodging_Helen,356.43,32.8,0.0,12.8,1010.6,4.6,3,7,7,185,51394.9,2009.0,Mixed
2016-07-03 04:00:00,Fox_lodging_Helen,357.58,32.2,0.0,12.8,1011.0,4.1,4,7,7,185,51394.9,2009.0,Mixed
2016-07-03 05:00:00,Fox_lodging_Helen,362.7,30.6,0.0,12.8,1011.5,2.6,5,7,7,185,51394.9,2009.0,Mixed
2016-07-03 06:00:00,Fox_lodging_Helen,360.88,30.0,0.0,13.3,1012.4,0.0,6,7,7,185,51394.9,2009.0,Mixed
2016-07-03 07:00:00,Fox_lodging_Helen,340.3,31.1,0.0,13.9,1012.8,2.6,7,7,7,185,51394.9,2009.0,Mixed
2016-07-03 08:00:00,Fox_lodging_Helen,327.05,32.8,0.0,13.9,1013.0,3.1,8,7,7,185,51394.9,2009.0,Mixed
2016-07-03 09:00:00,Fox_lodging_Helen,319.6,33.9,0.0,13.9,1013.4,3.6,9,7,7,185,51394.9,2009.0,Mixed
2016-07-03 10:00:00,Fox_lodging_Helen,314.37,35.0,0.0,13.3,1013.2,0.0,10,7,7,185,51394.9,2009.0,Mixed
2016-07-03 11:00:00,Fox_lodging_Helen,306.98,36.7,2.0,13.3,1013.1,2.6,11,7,7,185,51394.9,2009.0,Mixed
2016-07-03 12:00:00,Fox_lodging_Helen,308.32,37.2,2.0,13.3,1012.5,0.0,12,7,7,185,51394.9,2009.0,Mixed
2016-07-03 13:00:00,Fox_lodging_Helen,318.33,38.9,2.0,13.3,1011.7,2.6,13,7,7,185,51394.9,2009.0,Mixed
2016-07-03 14:00:00,Fox_lodging_Helen,325.43,40.0,4.0,12.8,1010.7,2.1,14,7,7,185,51394.9,2009.0,Mixed
2016-07-03 15:00:00,Fox_lodging_Helen,338.98,39.4,4.0,12.8,1009.9,2.6,15,7,7,185,51394.9,2009.0,Mixed
2016-07-03 16:00:00,Fox_lodging_Helen,352.17,41.1,4.0,12.2,1008.9,0.0,16,7,7,185,51394.9,2009.0,Mixed
2016-07-03 17:00:00,Fox_lodging_Helen,367.98,41.1,2.0,11.7,1008.3,6.2,17,7,7,185,51394.9,2009.0,Mixed
2016-07-03 18:00:00,Fox_lodging_Helen,392.78,40.6,2.0,11.1,1007.8,6.2,18,7,7,185,51394.9,2009.0,Mixed
2016-07-03 19:00:00,Fox_lodging_Helen,406.43,39.4,2.0,11.7,1007.7,4.1,19,7,7,185,51394.9,2009.0,Mixed
2016-07-03 20:00:00,Fox_lodging_Helen,417.6,39.4,2.0,10.6,1007.7,5.1,20,7,7,185,51394.9,2009.0,Mixed
2016-07-03 21:00:00,Fox_lodging_Helen,440.17,38.3,2.0,10.0,1008.2,4.6,21,7,7,185,51394.9,2009.0,Mixed
2016-07-03 22:00:00,Fox_lodging_Helen,406.28,36.7,0.0,11.1,1008.9,2.1,22,7,7,185,51394.9,2009.0,Mixed
2016-07-03 23:00:00,Fox_lodging_Helen,387.1,36.7,0.0,10.6,1009.3,2.6,23,7,7,185,51394.9,2009.0,Mixed
2016-07-04 00:00:00,Fox_lodging_Helen,389.93,35.0,0.0,12.8,1009.6,4.1,0,1,7,186,51394.9,2009.0,Mixed
2016-07-04 01:00:00,Fox_lodging_Helen,282.02,35.0,0.0,11.7,1009.4,5.1,1,1,7,186,51394.9,2009.0,Mixed
2016-07-04 02:00:00,Fox_lodging_Helen,276.05,34.4,0.0,11.7,1009.3,4.1,2,1,7,186,51394.9,2009.0,Mixed
2016-07-04 03:00:00,Fox_lodging_Helen,275.75,33.3,0.0,11.7,1009.4,4.1,3,1,7,186,51394.9,2009.0,Mixed
2016-07-04 04:00:00,Fox_lodging_Helen,184.23,32.2,0.0,12.8,1009.4,2.6,4,1,7,186,51394.9,2009.0,Mixed
2016-07-04 05:00:00,Fox_lodging_Helen,371.63,32.2,0.0,11.7,1009.7,2.6,5,1,7,186,51394.9,2009.0,Mixed
2016-07-04 06:00:00,Fox_lodging_Helen,363.8,31.1,0.0,12.2,1010.5,0.0,6,1,7,186,51394.9,2009.0,Mixed
2016-07-04 07:00:00,Fox_lodging_Helen,358.93,31.7,0.0,12.2,1010.8,0.0,7,1,7,186,51394.9,2009.0,Mixed
2016-07-04 08:00:00,Fox_lodging_Helen,338.13,33.3,0.0,13.3,1011.2,2.6,8,1,7,186,51394.9,2009.0,Mixed
2016-07-04 09:00:00,Fox_lodging_Helen,327.85,34.4,0.0,12.8,1011.5,2.6,9,1,7,186,51394.9,2009.0,Mixed
2016-07-04 10:00:00,Fox_lodging_Helen,320.83,37.2,0.0,12.8,1011.4,1.5,10,1,7,186,51394.9,2009.0,Mixed
2016-07-04 11:00:00,Fox_lodging_Helen,310.62,37.8,2.0,12.2,1011.2,3.1,11,1,7,186,51394.9,2009.0,Mixed
2016-07-04 12:00:00,Fox_lodging_Helen,312.65,40.0,2.0,11.7,1010.7,4.6,12,1,7,186,51394.9,2009.0,Mixed
2016-07-04 13:00:00,Fox_lodging_Helen,306.95,41.7,2.0,11.1,1010.1,5.1,13,1,7,186,51394.9,2009.0,Mixed
2016-07-04 14:00:00,Fox_lodging_Helen,318.75,41.7,2.0,10.6,1009.3,4.1,14,1,7,186,51394.9,2009.0,Mixed
2016-07-04 15:00:00,Fox_lodging_Helen,343.65,41.7,2.0,10.0,1008.2,1.5,15,1,7,186,51394.9,2009.0,Mixed
2016-07-04 16:00:00,Fox_lodging_Helen,348.35,42.2,2.0,9.4,1007.4,4.6,16,1,7,186,51394.9,2009.0,Mixed
2016-07-04 17:00:00,Fox_lodging_Helen,373.52,42.2,2.0,8.3,1006.6,6.2,17,1,7,186,51394.9,2009.0,Mixed
2016-07-04 18:00:00,Fox_lodging_Helen,400.53,42.2,2.0,6.7,1006.3,6.2,18,1,7,186,51394.9,2009.0,Mixed
2016-07-04 19:00:00,Fox_lodging_Helen,407.2,41.7,2.0,6.1,1006.4,7.2,19,1,7,186,51394.9,2009.0,Mixed
2016-07-04 20:00:00,Fox_lodging_Helen,418.43,40.0,2.0,6.7,1006.7,5.1,20,1,7,186,51394.9,2009.0,Mixed
2016-07-04 21:00:00,Fox_lodging_Helen,412.95,39.4,1.3333333333333335,7.2,1007.1,4.1,21,1,7,186,51394.9,2009.0,Mixed
2016-07-04 22:00:00,Fox_lodging_Helen,398.8,38.9,0.6666666666666667,7.2,1007.5,4.1,22,1,7,186,51394.9,2009.0,Mixed
2016-07-04 23:00:00,Fox_lodging_Helen,385.8,37.2,0.0,6.7,1007.7,4.1,23,1,7,186,51394.9,2009.0,Mixed
2016-07-05 00:00:00,Fox_lodging_Helen,378.7,36.7,0.0,5.6,1007.8,3.6,0,2,7,187,51394.9,2009.0,Mixed
2016-07-05 01:00:00,Fox_lodging_Helen,372.1,33.9,0.0,6.7,1007.8,2.1,1,2,7,187,51394.9,2009.0,Mixed
2016-07-05 02:00:00,Fox_lodging_Helen,372.75,35.0,0.0,6.1,1007.9,2.1,2,2,7,187,51394.9,2009.0,Mixed
2016-07-05 03:00:00,Fox_lodging_Helen,366.62,32.8,1.3333333333333333,7.8,1008.2,2.1,3,2,7,187,51394.9,2009.0,Mixed
2016-07-05 04:00:00,Fox_lodging_Helen,361.6,31.7,2.6666666666666665,9.4,1008.5,3.1,4,2,7,187,51394.9,2009.0,Mixed
2016-07-05 05:00:00,Fox_lodging_Helen,368.02,30.6,4.0,9.4,1008.9,2.6,5,2,7,187,51394.9,2009.0,Mixed
2016-07-05 06:00:00,Fox_lodging_Helen,368.82,30.6,4.0,10.0,1009.4,3.1,6,2,7,187,51394.9,2009.0,Mixed
2016-07-05 07:00:00,Fox_lodging_Helen,349.13,31.7,4.0,9.4,1009.8,3.1,7,2,7,187,51394.9,2009.0,Mixed
2016-07-05 08:00:00,Fox_lodging_Helen,339.82,32.8,4.0,9.4,1010.2,2.6,8,2,7,187,51394.9,2009.0,Mixed
2016-07-05 09:00:00,Fox_lodging_Helen,359.08,35.0,4.0,8.9,1010.2,4.1,9,2,7,187,51394.9,2009.0,Mixed
2016-07-05 10:00:00,Fox_lodging_Helen,358.65,36.1,4.0,9.4,1010.3,2.1,10,2,7,187,51394.9,2009.0,Mixed
2016-07-05 11:00:00,Fox_lodging_Helen,339.5,37.2,4.0,8.9,1010.1,0.0,11,2,7,187,51394.9,2009.0,Mixed
2016-07-05 12:00:00,Fox_lodging_Helen,314.85,38.9,3.6,8.3,1009.8,3.6,12,2,7,187,51394.9,2009.0,Mixed
2016-07-05 13:00:00,Fox_lodging_Helen,324.27,40.0,3.2,8.3,1009.0,2.1,13,2,7,187,51394.9,2009.0,Mixed
2016-07-05 14:00:00,Fox_lodging_Helen,331.03,41.1,2.8,7.8,1008.2,3.1,14,2,7,187,51394.9,2009.0,Mixed
2016-07-05 15:00:00,Fox_lodging_Helen,344.78,43.3,2.8,7.8,1007.5,5.1,15,2,7,187,51394.9,2009.0,Mixed
2016-07-05 16:00:00,Fox_lodging_Helen,359.17,42.2,2.0,5.6,1006.5,3.6,16,2,7,187,51394.9,2009.0,Mixed
2016-07-05 17:00:00,Fox_lodging_Helen,393.0,42.2,2.0,4.4,1005.8,3.6,17,2,7,187,51394.9,2009.0,Mixed
2016-07-05 18:00:00,Fox_lodging_Helen,403.7,42.2,2.0,3.9,1005.0,4.1,18,2,7,187,51394.9,2009.0,Mixed
2016-07-05 19:00:00,Fox_lodging_Helen,420.08,41.1,2.0,3.9,1004.9,3.1,19,2,7,187,51394.9,2009.0,Mixed
2016-07-05 20:00:00,Fox_lodging_Helen,426.9,40.6,2.0,4.4,1005.0,6.2,20,2,7,187,51394.9,2009.0,Mixed
2016-07-05 21:00:00,Fox_lodging_Helen,431.5,38.3,2.0,5.0,1005.5,3.1,21,2,7,187,51394.9,2009.0,Mixed
2016-07-05 22:00:00,Fox_lodging_Helen,418.8,37.8,0.0,5.0,1006.3,3.6,22,2,7,187,51394.9,2009.0,Mixed
2016-07-05 23:00:00,Fox_lodging_Helen,401.45,35.6,0.0,4.4,1007.0,1.5,23,2,7,187,51394.9,2009.0,Mixed
2016-07-06 00:00:00,Fox_lodging_Helen,391.35,36.7,0.0,3.9,1007.3,0.0,0,3,7,188,51394.9,2009.0,Mixed
2016-07-06 01:00:00,Fox_lodging_Helen,383.3,36.1,0.0,5.0,1007.6,1.5,1,3,7,188,51394.9,2009.0,Mixed
2016-07-06 02:00:00,Fox_lodging_Helen,370.28,33.9,0.0,6.1,1008.1,2.1,2,3,7,188,51394.9,2009.0,Mixed
2016-07-06 03:00:00,Fox_lodging_Helen,364.42,33.3,0.0,4.4,1008.6,3.1,3,3,7,188,51394.9,2009.0,Mixed
2016-07-06 04:00:00,Fox_lodging_Helen,364.43,31.1,0.0,3.9,1009.9,0.0,4,3,7,188,51394.9,2009.0,Mixed
2016-07-06 05:00:00,Fox_lodging_Helen,372.62,29.4,0.0,6.1,1010.3,3.6,5,3,7,188,51394.9,2009.0,Mixed
2016-07-06 06:00:00,Fox_lodging_Helen,373.4,30.6,0.0,6.1,1010.7,1.5,6,3,7,188,51394.9,2009.0,Mixed
2016-07-06 07:00:00,Fox_lodging_Helen,366.65,31.7,0.0,8.3,1011.2,2.6,7,3,7,188,51394.9,2009.0,Mixed
2016-07-06 08:00:00,Fox_lodging_Helen,351.96,32.8,2.0,11.1,1011.6,2.1,8,3,7,188,51394.9,2009.0,Mixed
2016-07-06 09:00:00,Fox_lodging_Helen,339.7,32.8,2.0,12.8,1011.6,0.0,9,3,7,188,51394.9,2009.0,Mixed
2016-07-06 10:00:00,Fox_lodging_Helen,328.15,34.4,2.0,12.8,1011.2,1.5,10,3,7,188,51394.9,2009.0,Mixed
2016-07-06 11:00:00,Fox_lodging_Helen,328.12,35.6,2.0,12.8,1011.0,1.5,11,3,7,188,51394.9,2009.0,Mixed
2016-07-06 12:00:00,Fox_lodging_Helen,320.7,37.2,2.0,11.7,1010.4,3.6,12,3,7,188,51394.9,2009.0,Mixed
2016-07-06 13:00:00,Fox_lodging_Helen,328.98,37.8,2.0,11.7,1009.6,2.1,13,3,7,188,51394.9,2009.0,Mixed
2016-07-06 14:00:00,Fox_lodging_Helen,326.7,40.0,2.0,10.0,1008.7,2.6,14,3,7,188,51394.9,2009.0,Mixed
2016-07-06 15:00:00,Fox_lodging_Helen,353.13,40.6,2.0,10.0,1007.6,5.7,15,3,7,188,51394.9,2009.0,Mixed
2016-07-06 16:00:00,Fox_lodging_Helen,369.53,40.6,2.0,11.1,1007.0,1.5,16,3,7,188,51394.9,2009.0,Mixed
2016-07-06 17:00:00,Fox_lodging_Helen,397.22,40.6,2.0,11.7,1005.9,2.1,17,3,7,188,51394.9,2009.0,Mixed
2016-07-06 18:00:00,Fox_lodging_Helen,410.98,41.1,2.0,11.1,1005.5,7.7,18,3,7,188,51394.9,2009.0,Mixed
2016-07-06 19:00:00,Fox_lodging_Helen,420.5,40.0,2.0,10.6,1005.5,7.7,19,3,7,188,51394.9,2009.0,Mixed
2016-07-06 20:00:00,Fox_lodging_Helen,420.85,38.3,2.0,11.7,1005.7,8.8,20,3,7,188,51394.9,2009.0,Mixed
2016-07-06 21:00:00,Fox_lodging_Helen,434.72,37.2,0.0,11.7,1006.5,6.7,21,3,7,188,51394.9,2009.0,Mixed
2016-07-06 22:00:00,Fox_lodging_Helen,432.5,36.1,0.0,8.9,1007.4,8.8,22,3,7,188,51394.9,2009.0,Mixed
2016-07-06 23:00:00,Fox_lodging_Helen,409.95,35.0,0.0,13.3,1007.8,7.2,23,3,7,188,51394.9,2009.0,Mixed
2016-07-07 00:00:00,Fox_lodging_Helen,396.67,33.9,0.0,13.9,1008.0,6.7,0,4,7,189,51394.9,2009.0,Mixed
2016-07-07 01:00:00,Fox_lodging_Helen,384.17,33.3,0.0,11.7,1008.1,6.2,1,4,7,189,51394.9,2009.0,Mixed
2016-07-07 02:00:00,Fox_lodging_Helen,379.17,32.8,0.0,10.0,1008.4,5.7,2,4,7,189,51394.9,2009.0,Mixed
2016-07-07 03:00:00,Fox_lodging_Helen,375.53,31.1,0.0,11.7,1008.6,3.6,3,4,7,189,51394.9,2009.0,Mixed
2016-07-07 04:00:00,Fox_lodging_Helen,370.42,30.6,0.0,12.8,1009.1,3.6,4,4,7,189,51394.9,2009.0,Mixed
2016-07-07 05:00:00,Fox_lodging_Helen,377.85,30.0,0.0,12.8,1009.8,3.1,5,4,7,189,51394.9,2009.0,Mixed
2016-07-07 06:00:00,Fox_lodging_Helen,373.8,30.0,2.0,12.8,1010.5,2.6,6,4,7,189,51394.9,2009.0,Mixed
2016-07-07 07:00:00,Fox_lodging_Helen,367.98,30.0,2.0,13.9,1010.9,2.6,7,4,7,189,51394.9,2009.0,Mixed
2016-07-07 08:00:00,Fox_lodging_Helen,366.95,31.1,2.0,14.4,1011.3,0.0,8,4,7,189,51394.9,2009.0,Mixed
2016-07-07 09:00:00,Fox_lodging_Helen,351.08,33.3,2.0,13.9,1011.6,2.1,9,4,7,189,51394.9,2009.0,Mixed
2016-07-07 10:00:00,Fox_lodging_Helen,326.57,34.4,2.0,15.6,1011.3,3.1,10,4,7,189,51394.9,2009.0,Mixed
2016-07-07 11:00:00,Fox_lodging_Helen,322.93,37.2,2.0,13.9,1011.0,2.1,11,4,7,189,51394.9,2009.0,Mixed
2016-07-07 12:00:00,Fox_lodging_Helen,316.18,36.7,2.0,13.3,1010.6,2.6,12,4,7,189,51394.9,2009.0,Mixed
2016-07-07 13:00:00,Fox_lodging_Helen,316.3,38.3,2.0,12.8,1009.8,2.6,13,4,7,189,51394.9,2009.0,Mixed
2016-07-07 14:00:00,Fox_lodging_Helen,317.52,39.4,2.0,13.3,1008.9,3.1,14,4,7,189,51394.9,2009.0,Mixed
2016-07-07 15:00:00,Fox_lodging_Helen,327.78,39.4,2.0,12.8,1007.9,3.6,15,4,7,189,51394.9,2009.0,Mixed
2016-07-07 16:00:00,Fox_lodging_Helen,347.87,40.6,2.0,13.3,1007.1,0.0,16,4,7,189,51394.9,2009.0,Mixed
2016-07-07 17:00:00,Fox_lodging_Helen,364.18,40.0,2.0,12.8,1006.3,3.1,17,4,7,189,51394.9,2009.0,Mixed
2016-07-07 18:00:00,Fox_lodging_Helen,390.28,40.6,2.0,12.2,1005.8,5.1,18,4,7,189,51394.9,2009.0,Mixed
2016-07-07 19:00:00,Fox_lodging_Helen,402.33,39.4,2.0,12.2,1005.8,3.6,19,4,7,189,51394.9,2009.0,Mixed
2016-07-07 20:00:00,Fox_lodging_Helen,406.15,40.0,2.0,10.0,1006.1,7.2,20,4,7,189,51394.9,2009.0,Mixed
2016-07-07 21:00:00,Fox_lodging_Helen,408.82,38.3,0.0,9.4,1006.8,6.7,21,4,7,189,51394.9,2009.0,Mixed
2016-07-07 22:00:00,Fox_lodging_Helen,397.2,36.7,0.0,7.2,1007.8,4.6,22,4,7,189,51394.9,2009.0,Mixed
2016-07-07 23:00:00,Fox_lodging_Helen,374.62,35.6,0.0,6.1,1008.2,3.1,23,4,7,189,51394.9,2009.0,Mixed
2016-07-08 00:00:00,Fox_lodging_Helen,367.32,35.6,0.0,5.6,1008.4,4.1,0,5,7,190,51394.9,2009.0,Mixed
2016-07-08 01:00:00,Fox_lodging_Helen,360.1,35.0,0.0,5.6,1008.6,4.6,1,5,7,190,51394.9,2009.0,Mixed
2016-07-08 02:00:00,Fox_lodging_Helen,355.92,33.9,0.0,5.6,1008.8,3.1,2,5,7,190,51394.9,2009.0,Mixed
2016-07-08 03:00:00,Fox_lodging_Helen,345.37,32.8,0.0,5.0,1009.2,2.6,3,5,7,190,51394.9,2009.0,Mixed
2016-07-08 04:00:00,Fox_lodging_Helen,349.12,30.0,0.0,6.1,1009.7,2.1,4,5,7,190,51394.9,2009.0,Mixed
2016-07-08 05:00:00,Fox_lodging_Helen,350.08,30.6,0.0,4.4,1010.0,2.1,5,5,7,190,51394.9,2009.0,Mixed
2016-07-08 06:00:00,Fox_lodging_Helen,349.0,29.4,2.0,4.4,1010.5,0.0,6,5,7,190,51394.9,2009.0,Mixed
2016-07-08 07:00:00,Fox_lodging_Helen,342.13,31.1,0.0,4.4,1011.0,0.0,7,5,7,190,51394.9,2009.0,Mixed
2016-07-08 08:00:00,Fox_lodging_Helen,333.4,32.8,0.0,4.4,1011.7,1.5,8,5,7,190,51394.9,2009.0,Mixed
2016-07-08 09:00:00,Fox_lodging_Helen,322.53,33.9,0.0,4.4,1011.9,1.5,9,5,7,190,51394.9,2009.0,Mixed
2016-07-08 10:00:00,Fox_lodging_Helen,311.9,35.6,2.0,5.6,1011.9,2.1,10,5,7,190,51394.9,2009.0,Mixed
2016-07-08 11:00:00,Fox_lodging_Helen,306.45,37.8,2.0,4.4,1011.8,1.5,11,5,7,190,51394.9,2009.0,Mixed
2016-07-08 12:00:00,Fox_lodging_Helen,303.87,38.9,2.0,4.4,1011.1,0.0,12,5,7,190,51394.9,2009.0,Mixed
2016-07-08 13:00:00,Fox_lodging_Helen,305.15,41.1,2.0,5.0,1010.4,1.5,13,5,7,190,51394.9,2009.0,Mixed
2016-07-08 14:00:00,Fox_lodging_Helen,322.95,40.6,2.0,5.6,1009.6,2.6,14,5,7,190,51394.9,2009.0,Mixed
2016-07-08 15:00:00,Fox_lodging_Helen,329.58,41.7,2.0,5.0,1008.6,5.1,15,5,7,190,51394.9,2009.0,Mixed
2016-07-08 16:00:00,Fox_lodging_Helen,348.47,41.7,2.0,5.0,1008.0,2.1,16,5,7,190,51394.9,2009.0,Mixed
2016-07-08 17:00:00,Fox_lodging_Helen,376.15,41.7,2.0,5.6,1007.1,4.6,17,5,7,190,51394.9,2009.0,Mixed
2016-07-08 18:00:00,Fox_lodging_Helen,409.28,41.1,2.0,7.2,1006.7,5.1,18,5,7,190,51394.9,2009.0,Mixed
2016-07-08 19:00:00,Fox_lodging_Helen,406.08,40.6,2.0,7.8,1006.5,5.1,19,5,7,190,51394.9,2009.0,Mixed
2016-07-08 20:00:00,Fox_lodging_Helen,416.95,40.0,0.0,8.3,1006.7,5.1,20,5,7,190,51394.9,2009.0,Mixed
2016-07-08 21:00:00,Fox_lodging_Helen,420.28,40.0,0.0,8.9,1007.1,4.6,21,5,7,190,51394.9,2009.0,Mixed
2016-07-08 22:00:00,Fox_lodging_Helen,441.6,38.3,0.0,8.9,1008.0,4.1,22,5,7,190,51394.9,2009.0,Mixed
2016-07-08 23:00:00,Fox_lodging_Helen,399.22,35.6,0.0,10.0,1008.7,3.1,23,5,7,190,51394.9,2009.0,Mixed
2016-07-09 00:00:00,Fox_lodging_Helen,379.58,35.6,0.0,8.3,1008.8,3.1,0,6,7,191,51394.9,2009.0,Mixed
2016-07-09 01:00:00,Fox_lodging_Helen,370.87,35.6,0.0,7.8,1008.9,4.6,1,6,7,191,51394.9,2009.0,Mixed
2016-07-09 02:00:00,Fox_lodging_Helen,370.45,35.0,0.0,8.3,1008.9,3.6,2,6,7,191,51394.9,2009.0,Mixed
2016-07-09 03:00:00,Fox_lodging_Helen,365.83,34.4,0.0,8.9,1009.3,2.6,3,6,7,191,51394.9,2009.0,Mixed
2016-07-09 04:00:00,Fox_lodging_Helen,366.75,32.8,0.0,8.9,1009.8,2.1,4,6,7,191,51394.9,2009.0,Mixed
2016-07-09 05:00:00,Fox_lodging_Helen,365.82,32.8,0.0,8.3,1010.3,2.1,5,6,7,191,51394.9,2009.0,Mixed
2016-07-09 06:00:00,Fox_lodging_Helen,367.35,32.2,0.0,8.3,1011.0,2.1,6,6,7,191,51394.9,2009.0,Mixed
2016-07-09 07:00:00,Fox_lodging_Helen,351.67,32.8,0.0,7.8,1011.6,0.0,7,6,7,191,51394.9,2009.0,Mixed
2016-07-09 08:00:00,Fox_lodging_Helen,344.68,33.9,0.0,7.2,1012.1,0.0,8,6,7,191,51394.9,2009.0,Mixed
2016-07-09 09:00:00,Fox_lodging_Helen,331.97,35.0,0.0,9.4,1012.4,2.1,9,6,7,191,51394.9,2009.0,Mixed
2016-07-09 10:00:00,Fox_lodging_Helen,328.28,37.8,0.0,8.3,1012.4,3.6,10,6,7,191,51394.9,2009.0,Mixed
2016-07-09 11:00:00,Fox_lodging_Helen,332.5,38.3,2.0,6.1,1012.1,0.0,11,6,7,191,51394.9,2009.0,Mixed
2016-07-09 12:00:00,Fox_lodging_Helen,325.13,40.0,2.0,6.1,1011.5,2.6,12,6,7,191,51394.9,2009.0,Mixed
2016-07-09 13:00:00,Fox_lodging_Helen,326.18,40.6,2.0,5.6,1010.8,1.5,13,6,7,191,51394.9,2009.0,Mixed
2016-07-09 14:00:00,Fox_lodging_Helen,322.42,41.7,2.0,5.6,1009.8,4.6,14,6,7,191,51394.9,2009.0,Mixed
2016-07-09 15:00:00,Fox_lodging_Helen,334.98,42.2,2.0,5.6,1009.0,5.1,15,6,7,191,51394.9,2009.0,Mixed
2016-07-09 16:00:00,Fox_lodging_Helen,344.93,43.3,2.0,5.6,1008.1,7.2,16,6,7,191,51394.9,2009.0,Mixed
2016-07-09 17:00:00,Fox_lodging_Helen,378.73,43.3,2.0,6.1,1007.3,5.1,17,6,7,191,51394.9,2009.0,Mixed
2016-07-09 18:00:00,Fox_lodging_Helen,401.03,42.8,2.0,6.7,1006.8,6.2,18,6,7,191,51394.9,2009.0,Mixed
2016-07-09 19:00:00,Fox_lodging_Helen,429.83,41.1,2.0,7.2,1006.6,3.6,19,6,7,191,51394.9,2009.0,Mixed
2016-07-09 20:00:00,Fox_lodging_Helen,424.8,41.1,2.0,7.8,1006.6,6.7,20,6,7,191,51394.9,2009.0,Mixed
2016-07-09 21:00:00,Fox_lodging_Helen,430.92,40.0,0.0,7.8,1006.9,5.1,21,6,7,191,51394.9,2009.0,Mixed
2016-07-09 22:00:00,Fox_lodging_Helen,409.52,38.9,0.0,7.8,1007.4,5.1,22,6,7,191,51394.9,2009.0,Mixed
2016-07-09 23:00:00,Fox_lodging_Helen,389.82,36.7,0.0,8.9,1007.4,2.6,23,6,7,191,51394.9,2009.0,Mixed
2016-07-10 00:00:00,Fox_lodging_Helen,377.47,35.6,0.0,8.9,1007.4,3.1,0,7,7,192,51394.9,2009.0,Mixed
2016-07-10 01:00:00,Fox_lodging_Helen,364.15,36.1,0.0,8.3,1007.3,3.6,1,7,7,192,51394.9,2009.0,Mixed
2016-07-10 02:00:00,Fox_lodging_Helen,348.67,35.6,0.0,8.9,1007.3,3.6,2,7,7,192,51394.9,2009.0,Mixed
2016-07-10 03:00:00,Fox_lodging_Helen,352.9,35.0,0.0,8.9,1007.5,2.6,3,7,7,192,51394.9,2009.0,Mixed
2016-07-10 04:00:00,Fox_lodging_Helen,357.25,33.3,0.0,8.9,1007.6,1.5,4,7,7,192,51394.9,2009.0,Mixed
2016-07-10 05:00:00,Fox_lodging_Helen,361.02,31.1,0.0,11.1,1007.9,2.6,5,7,7,192,51394.9,2009.0,Mixed
2016-07-10 06:00:00,Fox_lodging_Helen,360.08,31.1,2.0,11.1,1008.2,4.1,6,7,7,192,51394.9,2009.0,Mixed
2016-07-10 07:00:00,Fox_lodging_Helen,346.6,32.2,2.0,11.1,1008.8,3.6,7,7,7,192,51394.9,2009.0,Mixed
2016-07-10 08:00:00,Fox_lodging_Helen,339.45,33.9,2.0,11.1,1008.9,3.1,8,7,7,192,51394.9,2009.0,Mixed
2016-07-10 09:00:00,Fox_lodging_Helen,330.73,35.0,0.0,9.4,1008.9,3.6,9,7,7,192,51394.9,2009.0,Mixed
2016-07-10 10:00:00,Fox_lodging_Helen,320.55,36.7,2.0,7.8,1008.7,0.0,10,7,7,192,51394.9,2009.0,Mixed
2016-07-10 11:00:00,Fox_lodging_Helen,325.95,38.3,2.0,7.2,1008.2,1.5,11,7,7,192,51394.9,2009.0,Mixed
2016-07-10 12:00:00,Fox_lodging_Helen,342.25,40.0,2.0,7.8,1007.4,2.1,12,7,7,192,51394.9,2009.0,Mixed
2016-07-10 13:00:00,Fox_lodging_Helen,333.07,41.1,2.0,7.8,1006.5,4.1,13,7,7,192,51394.9,2009.0,Mixed
2016-07-10 14:00:00,Fox_lodging_Helen,349.49,42.2,2.0,6.1,1005.4,4.6,14,7,7,192,51394.9,2009.0,Mixed
2016-07-10 15:00:00,Fox_lodging_Helen,340.85,43.3,0.0,6.1,1004.4,8.2,15,7,7,192,51394.9,2009.0,Mixed
2016-07-10 16:00:00,Fox_lodging_Helen,361.67,43.3,0.0,3.9,1003.5,7.7,16,7,7,192,51394.9,2009.0,Mixed
2016-07-10 17:00:00,Fox_lodging_Helen,385.23,42.8,0.0,1.7,1002.9,5.7,17,7,7,192,51394.9,2009.0,Mixed
2016-07-10 18:00:00,Fox_lodging_Helen,414.45,42.2,0.0,0.0,1002.6,6.2,18,7,7,192,51394.9,2009.0,Mixed
2016-07-10 19:00:00,Fox_lodging_Helen,414.53,41.7,0.0,-3.9,1002.3,6.2,19,7,7,192,51394.9,2009.0,Mixed
2016-07-10 20:00:00,Fox_lodging_Helen,417.7,39.4,0.0,-2.2,1002.4,3.6,20,7,7,192,51394.9,2009.0,Mixed
2016-07-10 21:00:00,Fox_lodging_Helen,431.37,37.8,0.0,-1.1,1002.5,3.1,21,7,7,192,51394.9,2009.0,Mixed
2016-07-10 22:00:00,Fox_lodging_Helen,415.2,37.2,0.0,-0.6,1002.8,2.1,22,7,7,192,51394.9,2009.0,Mixed
2016-07-10 23:00:00,Fox_lodging_Helen,374.28,36.7,0.0,0.6,1003.1,3.6,23,7,7,192,51394.9,2009.0,Mixed
2016-07-11 00:00:00,Fox_lodging_Helen,365.97,34.4,0.0,1.1,1003.1,2.6,0,1,7,193,51394.9,2009.0,Mixed
2016-07-11 01:00:00,Fox_lodging_Helen,266.05,35.0,0.0,1.1,1003.4,3.1,1,1,7,193,51394.9,2009.0,Mixed
2016-07-11 02:00:00,Fox_lodging_Helen,350.03,34.4,0.0,3.3,1003.7,4.6,2,1,7,193,51394.9,2009.0,Mixed
2016-07-11 03:00:00,Fox_lodging_Helen,261.33,33.3,0.0,3.3,1003.9,0.0,3,1,7,193,51394.9,2009.0,Mixed
2016-07-11 04:00:00,Fox_lodging_Helen,177.42,33.3,0.0,3.3,1004.4,1.5,4,1,7,193,51394.9,2009.0,Mixed
2016-07-11 05:00:00,Fox_lodging_Helen,353.78,33.3,0.0,2.2,1004.9,2.6,5,1,7,193,51394.9,2009.0,Mixed
2016-07-11 06:00:00,Fox_lodging_Helen,344.87,31.7,0.0,3.3,1005.5,3.1,6,1,7,193,51394.9,2009.0,Mixed
2016-07-11 07:00:00,Fox_lodging_Helen,343.65,30.6,0.0,6.7,1006.2,3.6,7,1,7,193,51394.9,2009.0,Mixed
2016-07-11 08:00:00,Fox_lodging_Helen,346.9,32.2,0.0,7.8,1006.8,3.1,8,1,7,193,51394.9,2009.0,Mixed
2016-07-11 09:00:00,Fox_lodging_Helen,325.85,34.4,0.0,7.8,1006.9,4.1,9,1,7,193,51394.9,2009.0,Mixed
2016-07-11 10:00:00,Fox_lodging_Helen,313.52,36.7,0.0,6.1,1006.6,2.6,10,1,7,193,51394.9,2009.0,Mixed
2016-07-11 11:00:00,Fox_lodging_Helen,300.08,37.2,0.0,4.4,1006.5,0.0,11,1,7,193,51394.9,2009.0,Mixed
2016-07-11 12:00:00,Fox_lodging_Helen,299.0,38.9,0.0,4.4,1006.2,1.5,12,1,7,193,51394.9,2009.0,Mixed
2016-07-11 13:00:00,Fox_lodging_Helen,302.08,39.4,0.0,3.9,1005.3,2.6,13,1,7,193,51394.9,2009.0,Mixed
2016-07-11 14:00:00,Fox_lodging_Helen,310.55,40.6,0.0,2.8,1004.5,3.1,14,1,7,193,51394.9,2009.0,Mixed
2016-07-11 15:00:00,Fox_lodging_Helen,333.13,41.1,0.0,2.8,1003.9,3.6,15,1,7,193,51394.9,2009.0,Mixed
2016-07-11 16:00:00,Fox_lodging_Helen,346.82,41.7,0.0,2.8,1003.3,2.1,16,1,7,193,51394.9,2009.0,Mixed
2016-07-11 17:00:00,Fox_lodging_Helen,377.17,41.7,0.0,3.9,1002.9,7.7,17,1,7,193,51394.9,2009.0,Mixed
2016-07-11 18:00:00,Fox_lodging_Helen,395.17,40.6,0.0,1.1,1002.7,5.1,18,1,7,193,51394.9,2009.0,Mixed
2016-07-11 19:00:00,Fox_lodging_Helen,400.25,40.6,0.0,-0.6,1002.6,7.2,19,1,7,193,51394.9,2009.0,Mixed
2016-07-11 20:00:00,Fox_lodging_Helen,403.13,39.4,0.0,-1.7,1002.9,6.2,20,1,7,193,51394.9,2009.0,Mixed
2016-07-11 21:00:00,Fox_lodging_Helen,405.85,38.3,0.0,-5.0,1003.5,5.7,21,1,7,193,51394.9,2009.0,Mixed
2016-07-11 22:00:00,Fox_lodging_Helen,409.23,35.0,0.0,-3.9,1004.2,2.6,22,1,7,193,51394.9,2009.0,Mixed
2016-07-11 23:00:00,Fox_lodging_Helen,379.22,33.9,0.0,-4.4,1004.7,0.0,23,1,7,193,51394.9,2009.0,Mixed
2016-07-12 00:00:00,Fox_lodging_Helen,363.45,33.9,0.0,-5.0,1004.9,2.1,0,2,7,194,51394.9,2009.0,Mixed
2016-07-12 01:00:00,Fox_lodging_Helen,348.27,35.6,0.0,-8.3,1004.9,3.1,1,2,7,194,51394.9,2009.0,Mixed
2016-07-12 02:00:00,Fox_lodging_Helen,341.42,31.1,0.0,-2.8,1005.3,0.0,2,2,7,194,51394.9,2009.0,Mixed
2016-07-12 03:00:00,Fox_lodging_Helen,341.87,30.6,0.0,0.6,1005.6,2.1,3,2,7,194,51394.9,2009.0,Mixed
2016-07-12 04:00:00,Fox_lodging_Helen,344.15,29.4,0.0,3.3,1006.1,2.6,4,2,7,194,51394.9,2009.0,Mixed
2016-07-12 05:00:00,Fox_lodging_Helen,344.4,28.9,0.0,2.8,1006.4,4.6,5,2,7,194,51394.9,2009.0,Mixed
2016-07-12 06:00:00,Fox_lodging_Helen,339.38,27.8,0.0,3.9,1007.2,3.6,6,2,7,194,51394.9,2009.0,Mixed
2016-07-12 07:00:00,Fox_lodging_Helen,332.37,28.9,0.0,5.0,1008.0,2.6,7,2,7,194,51394.9,2009.0,Mixed
2016-07-12 08:00:00,Fox_lodging_Helen,327.87,31.1,0.0,7.8,1008.6,3.1,8,2,7,194,51394.9,2009.0,Mixed
2016-07-12 09:00:00,Fox_lodging_Helen,314.95,33.9,0.0,7.8,1009.0,3.1,9,2,7,194,51394.9,2009.0,Mixed
2016-07-12 10:00:00,Fox_lodging_Helen,305.45,35.6,0.0,6.1,1008.8,1.5,10,2,7,194,51394.9,2009.0,Mixed
2016-07-12 11:00:00,Fox_lodging_Helen,302.68,37.2,0.0,5.0,1008.6,3.6,11,2,7,194,51394.9,2009.0,Mixed
2016-07-12 12:00:00,Fox_lodging_Helen,299.97,38.9,0.0,3.9,1008.3,0.0,12,2,7,194,51394.9,2009.0,Mixed
2016-07-12 13:00:00,Fox_lodging_Helen,304.12,39.4,0.0,4.4,1007.4,3.1,13,2,7,194,51394.9,2009.0,Mixed
2016-07-12 14:00:00,Fox_lodging_Helen,308.82,41.7,0.0,4.4,1006.7,5.7,14,2,7,194,51394.9,2009.0,Mixed
2016-07-12 15:00:00,Fox_lodging_Helen,326.85,41.1,0.0,3.9,1005.9,2.6,15,2,7,194,51394.9,2009.0,Mixed
2016-07-12 16:00:00,Fox_lodging_Helen,344.07,42.2,0.0,3.3,1005.2,5.1,16,2,7,194,51394.9,2009.0,Mixed
2016-07-12 17:00:00,Fox_lodging_Helen,372.18,42.2,0.0,2.8,1004.6,4.1,17,2,7,194,51394.9,2009.0,Mixed
2016-07-12 18:00:00,Fox_lodging_Helen,387.07,41.7,0.0,1.7,1004.3,4.6,18,2,7,194,51394.9,2009.0,Mixed
2016-07-12 19:00:00,Fox_lodging_Helen,399.03,41.1,0.0,2.2,1004.4,8.2,19,2,7,194,51394.9,2009.0,Mixed
2016-07-12 20:00:00,Fox_lodging_Helen,401.93,39.4,0.0,2.8,1004.7,6.7,20,2,7,194,51394.9,2009.0,Mixed
2016-07-12 21:00:00,Fox_lodging_Helen,418.25,37.8,0.0,2.2,1005.6,3.6,21,2,7,194,51394.9,2009.0,Mixed
2016-07-12 22:00:00,Fox_lodging_Helen,397.73,36.7,0.0,1.7,1006.5,4.6,22,2,7,194,51394.9,2009.0,Mixed
2016-07-12 23:00:00,Fox_lodging_Helen,367.9,36.1,0.0,2.8,1007.1,4.6,23,2,7,194,51394.9,2009.0,Mixed
2016-07-13 00:00:00,Fox_lodging_Helen,356.05,35.0,0.0,2.8,1007.5,3.1,0,3,7,195,51394.9,2009.0,Mixed
2016-07-13 01:00:00,Fox_lodging_Helen,341.88,35.0,0.0,3.9,1007.9,0.0,1,3,7,195,51394.9,2009.0,Mixed
2016-07-13 02:00:00,Fox_lodging_Helen,339.58,33.3,0.0,5.0,1007.9,3.1,2,3,7,195,51394.9,2009.0,Mixed
2016-07-13 03:00:00,Fox_lodging_Helen,332.23,32.8,0.0,5.6,1008.2,4.6,3,3,7,195,51394.9,2009.0,Mixed
2016-07-13 04:00:00,Fox_lodging_Helen,333.85,31.7,0.0,6.7,1009.0,2.6,4,3,7,195,51394.9,2009.0,Mixed
2016-07-13 05:00:00,Fox_lodging_Helen,340.93,29.4,0.0,7.2,1009.9,2.1,5,3,7,195,51394.9,2009.0,Mixed
2016-07-13 06:00:00,Fox_lodging_Helen,339.32,30.6,0.0,7.8,1010.4,2.6,6,3,7,195,51394.9,2009.0,Mixed
2016-07-13 07:00:00,Fox_lodging_Helen,336.27,30.6,0.0,8.9,1011.4,1.5,7,3,7,195,51394.9,2009.0,Mixed
2016-07-13 08:00:00,Fox_lodging_Helen,329.07,32.8,0.0,8.9,1012.2,0.0,8,3,7,195,51394.9,2009.0,Mixed
2016-07-13 09:00:00,Fox_lodging_Helen,312.98,33.9,0.0,8.3,1012.3,0.0,9,3,7,195,51394.9,2009.0,Mixed
2016-07-13 10:00:00,Fox_lodging_Helen,304.05,35.6,0.0,7.8,1012.4,2.1,10,3,7,195,51394.9,2009.0,Mixed
2016-07-13 11:00:00,Fox_lodging_Helen,304.28,36.7,0.0,5.6,1012.3,0.0,11,3,7,195,51394.9,2009.0,Mixed
2016-07-13 12:00:00,Fox_lodging_Helen,306.2,39.4,0.0,4.4,1011.7,4.6,12,3,7,195,51394.9,2009.0,Mixed
2016-07-13 13:00:00,Fox_lodging_Helen,303.42,38.9,0.0,4.4,1010.9,1.5,13,3,7,195,51394.9,2009.0,Mixed
2016-07-13 14:00:00,Fox_lodging_Helen,312.15,40.6,2.0,4.4,1010.1,2.1,14,3,7,195,51394.9,2009.0,Mixed
2016-07-13 15:00:00,Fox_lodging_Helen,327.37,41.7,2.0,5.0,1009.2,2.6,15,3,7,195,51394.9,2009.0,Mixed
2016-07-13 16:00:00,Fox_lodging_Helen,342.55,42.2,2.0,5.6,1008.2,5.1,16,3,7,195,51394.9,2009.0,Mixed
2016-07-13 17:00:00,Fox_lodging_Helen,370.95,41.7,2.0,6.1,1007.6,2.6,17,3,7,195,51394.9,2009.0,Mixed
2016-07-13 18:00:00,Fox_lodging_Helen,393.02,41.7,2.0,6.7,1007.0,3.6,18,3,7,195,51394.9,2009.0,Mixed
2016-07-13 19:00:00,Fox_lodging_Helen,391.53,41.1,2.0,8.3,1007.0,3.6,19,3,7,195,51394.9,2009.0,Mixed
2016-07-13 20:00:00,Fox_lodging_Helen,402.82,40.6,2.0,10.0,1007.1,4.6,20,3,7,195,51394.9,2009.0,Mixed
2016-07-13 21:00:00,Fox_lodging_Helen,425.45,40.0,0.0,10.6,1007.7,4.1,21,3,7,195,51394.9,2009.0,Mixed
2016-07-13 22:00:00,Fox_lodging_Helen,415.72,38.3,0.0,11.1,1008.3,2.6,22,3,7,195,51394.9,2009.0,Mixed
2016-07-13 23:00:00,Fox_lodging_Helen,381.98,36.7,0.0,11.7,1008.5,2.6,23,3,7,195,51394.9,2009.0,Mixed
2016-07-14 00:00:00,Fox_lodging_Helen,366.57,37.2,0.0,11.1,1008.7,4.1,0,4,7,196,51394.9,2009.0,Mixed
2016-07-14 01:00:00,Fox_lodging_Helen,354.98,35.6,0.0,11.1,1008.6,4.1,1,4,7,196,51394.9,2009.0,Mixed
2016-07-14 02:00:00,Fox_lodging_Helen,358.8,35.0,0.0,10.6,1009.2,4.1,2,4,7,196,51394.9,2009.0,Mixed
2016-07-14 03:00:00,Fox_lodging_Helen,349.02,34.4,0.0,10.6,1009.2,4.6,3,4,7,196,51394.9,2009.0,Mixed
2016-07-14 04:00:00,Fox_lodging_Helen,351.92,33.9,0.0,10.0,1009.5,3.1,4,4,7,196,51394.9,2009.0,Mixed
2016-07-14 05:00:00,Fox_lodging_Helen,354.05,33.3,0.0,8.3,1010.2,2.6,5,4,7,196,51394.9,2009.0,Mixed
2016-07-14 06:00:00,Fox_lodging_Helen,354.52,32.2,0.0,8.9,1011.0,0.0,6,4,7,196,51394.9,2009.0,Mixed
2016-07-14 07:00:00,Fox_lodging_Helen,352.0,33.3,0.0,11.7,1011.9,0.0,7,4,7,196,51394.9,2009.0,Mixed
2016-07-14 08:00:00,Fox_lodging_Helen,337.95,33.9,0.0,8.9,1012.6,3.1,8,4,7,196,51394.9,2009.0,Mixed
2016-07-14 09:00:00,Fox_lodging_Helen,319.2,35.0,0.0,8.9,1012.7,1.5,9,4,7,196,51394.9,2009.0,Mixed
2016-07-14 10:00:00,Fox_lodging_Helen,301.52,36.7,0.0,9.4,1012.4,0.0,10,4,7,196,51394.9,2009.0,Mixed
2016-07-14 11:00:00,Fox_lodging_Helen,299.6,37.8,0.0,8.3,1012.2,4.1,11,4,7,196,51394.9,2009.0,Mixed
2016-07-14 12:00:00,Fox_lodging_Helen,296.4,38.3,0.0,6.7,1011.8,1.5,12,4,7,196,51394.9,2009.0,Mixed
2016-07-14 13:00:00,Fox_lodging_Helen,297.68,41.1,2.0,7.8,1010.7,3.6,13,4,7,196,51394.9,2009.0,Mixed
2016-07-14 14:00:00,Fox_lodging_Helen,309.6,41.7,2.0,8.9,1009.5,3.6,14,4,7,196,51394.9,2009.0,Mixed
2016-07-14 15:00:00,Fox_lodging_Helen,327.15,41.7,2.0,7.8,1008.6,2.1,15,4,7,196,51394.9,2009.0,Mixed
2016-07-14 16:00:00,Fox_lodging_Helen,342.63,43.9,2.0,5.6,1007.7,4.1,16,4,7,196,51394.9,2009.0,Mixed
2016-07-14 17:00:00,Fox_lodging_Helen,362.22,43.3,2.0,4.4,1006.9,5.1,17,4,7,196,51394.9,2009.0,Mixed
2016-07-14 18:00:00,Fox_lodging_Helen,401.13,42.8,2.0,5.0,1006.3,3.6,18,4,7,196,51394.9,2009.0,Mixed
2016-07-14 19:00:00,Fox_lodging_Helen,396.87,42.2,2.0,5.0,1006.0,4.6,19,4,7,196,51394.9,2009.0,Mixed
2016-07-14 20:00:00,Fox_lodging_Helen,395.82,41.7,2.0,5.6,1006.0,4.1,20,4,7,196,51394.9,2009.0,Mixed
2016-07-14 21:00:00,Fox_lodging_Helen,395.8,38.9,0.0,7.2,1006.5,3.1,21,4,7,196,51394.9,2009.0,Mixed
2016-07-14 22:00:00,Fox_lodging_Helen,396.3,37.2,0.0,8.3,1006.6,2.1,22,4,7,196,51394.9,2009.0,Mixed
2016-07-14 23:00:00,Fox_lodging_Helen,363.43,37.8,0.0,7.8,1006.6,3.1,23,4,7,196,51394.9,2009.0,Mixed
2016-07-15 00:00:00,Fox_lodging_Helen,359.58,37.2,0.0,8.3,1006.7,3.6,0,5,7,197,51394.9,2009.0,Mixed
2016-07-15 01:00:00,Fox_lodging_Helen,346.65,36.7,0.0,9.4,1006.9,2.6,1,5,7,197,51394.9,2009.0,Mixed
2016-07-15 02:00:00,Fox_lodging_Helen,353.07,34.4,0.0,10.0,1007.0,1.5,2,5,7,197,51394.9,2009.0,Mixed
2016-07-15 03:00:00,Fox_lodging_Helen,344.08,33.9,0.0,10.0,1007.1,1.5,3,5,7,197,51394.9,2009.0,Mixed
2016-07-15 04:00:00,Fox_lodging_Helen,334.9,32.8,0.0,10.6,1007.2,0.0,4,5,7,197,51394.9,2009.0,Mixed
2016-07-15 05:00:00,Fox_lodging_Helen,344.68,32.8,0.0,11.1,1008.0,3.1,5,5,7,197,51394.9,2009.0,Mixed
2016-07-15 06:00:00,Fox_lodging_Helen,341.68,32.2,2.0,11.1,1008.8,2.1,6,5,7,197,51394.9,2009.0,Mixed
2016-07-15 07:00:00,Fox_lodging_Helen,336.15,32.8,0.0,9.4,1009.5,3.1,7,5,7,197,51394.9,2009.0,Mixed
2016-07-15 08:00:00,Fox_lodging_Helen,335.25,34.4,0.0,10.0,1010.1,4.1,8,5,7,197,51394.9,2009.0,Mixed
2016-07-15 09:00:00,Fox_lodging_Helen,309.28,36.1,0.0,8.9,1010.1,5.1,9,5,7,197,51394.9,2009.0,Mixed
2016-07-15 10:00:00,Fox_lodging_Helen,316.38,37.8,0.0,9.4,1010.4,4.6,10,5,7,197,51394.9,2009.0,Mixed
2016-07-15 11:00:00,Fox_lodging_Helen,311.38,38.3,0.0,9.4,1010.0,2.6,11,5,7,197,51394.9,2009.0,Mixed
2016-07-15 12:00:00,Fox_lodging_Helen,307.2,40.6,0.0,9.4,1009.3,0.0,12,5,7,197,51394.9,2009.0,Mixed
2016-07-15 13:00:00,Fox_lodging_Helen,310.7,42.2,0.0,8.9,1008.4,4.6,13,5,7,197,51394.9,2009.0,Mixed
2016-07-15 14:00:00,Fox_lodging_Helen,316.28,42.2,2.0,8.3,1007.5,4.1,14,5,7,197,51394.9,2009.0,Mixed
2016-07-15 15:00:00,Fox_lodging_Helen,337.18,42.2,2.0,8.3,1006.5,4.6,15,5,7,197,51394.9,2009.0,Mixed
2016-07-15 16:00:00,Fox_lodging_Helen,344.07,42.8,2.0,7.8,1005.4,4.1,16,5,7,197,51394.9,2009.0,Mixed
2016-07-15 17:00:00,Fox_lodging_Helen,370.97,43.3,2.0,7.8,1004.5,3.6,17,5,7,197,51394.9,2009.0,Mixed
2016-07-15 18:00:00,Fox_lodging_Helen,388.56,43.3,2.0,8.9,1004.0,6.7,18,5,7,197,51394.9,2009.0,Mixed
2016-07-15 19:00:00,Fox_lodging_Helen,395.02,42.2,2.0,8.9,1003.8,4.1,19,5,7,197,51394.9,2009.0,Mixed
2016-07-15 20:00:00,Fox_lodging_Helen,393.68,42.2,0.0,7.8,1003.7,5.7,20,5,7,197,51394.9,2009.0,Mixed
2016-07-15 21:00:00,Fox_lodging_Helen,410.68,41.1,0.0,8.3,1004.1,4.1,21,5,7,197,51394.9,2009.0,Mixed
2016-07-15 22:00:00,Fox_lodging_Helen,398.03,39.4,0.0,8.9,1004.6,2.6,22,5,7,197,51394.9,2009.0,Mixed
2016-07-15 23:00:00,Fox_lodging_Helen,371.85,37.8,0.0,10.6,1005.1,4.6,23,5,7,197,51394.9,2009.0,Mixed
2016-07-16 00:00:00,Fox_lodging_Helen,353.53,37.2,0.0,9.4,1005.5,5.7,0,6,7,198,51394.9,2009.0,Mixed
2016-07-16 01:00:00,Fox_lodging_Helen,357.23,36.1,0.0,10.0,1005.6,6.2,1,6,7,198,51394.9,2009.0,Mixed
2016-07-16 02:00:00,Fox_lodging_Helen,347.97,35.6,0.0,9.4,1005.7,5.1,2,6,7,198,51394.9,2009.0,Mixed
2016-07-16 03:00:00,Fox_lodging_Helen,335.63,34.4,0.0,9.4,1006.9,2.1,3,6,7,198,51394.9,2009.0,Mixed
2016-07-16 04:00:00,Fox_lodging_Helen,338.47,33.9,0.0,10.0,1007.6,3.6,4,6,7,198,51394.9,2009.0,Mixed
2016-07-16 05:00:00,Fox_lodging_Helen,342.95,33.3,0.0,10.6,1008.7,4.1,5,6,7,198,51394.9,2009.0,Mixed
2016-07-16 06:00:00,Fox_lodging_Helen,338.72,32.8,4.0,10.0,1009.6,3.1,6,6,7,198,51394.9,2009.0,Mixed
2016-07-16 07:00:00,Fox_lodging_Helen,333.12,32.8,4.0,11.1,1010.4,3.1,7,6,7,198,51394.9,2009.0,Mixed
2016-07-16 08:00:00,Fox_lodging_Helen,321.48,33.3,4.0,12.2,1010.9,2.6,8,6,7,198,51394.9,2009.0,Mixed
2016-07-16 09:00:00,Fox_lodging_Helen,306.77,34.4,4.0,12.8,1010.8,0.0,9,6,7,198,51394.9,2009.0,Mixed
2016-07-16 10:00:00,Fox_lodging_Helen,301.0,35.6,4.0,12.8,1010.5,2.1,10,6,7,198,51394.9,2009.0,Mixed
2016-07-16 11:00:00,Fox_lodging_Helen,222.28,36.7,2.0,11.7,1009.9,1.5,11,6,7,198,51394.9,2009.0,Mixed
2016-07-16 12:00:00,Fox_lodging_Helen,292.25,37.8,2.0,11.1,1009.1,3.1,12,6,7,198,51394.9,2009.0,Mixed
2016-07-16 13:00:00,Fox_lodging_Helen,293.95,38.9,2.0,11.1,1008.2,2.1,13,6,7,198,51394.9,2009.0,Mixed
2016-07-16 14:00:00,Fox_lodging_Helen,304.38,40.6,2.0,10.6,1007.2,1.5,14,6,7,198,51394.9,2009.0,Mixed
2016-07-16 15:00:00,Fox_lodging_Helen,325.77,41.1,2.0,10.6,1006.1,4.1,15,6,7,198,51394.9,2009.0,Mixed
2016-07-16 16:00:00,Fox_lodging_Helen,336.92,41.7,2.0,10.0,1005.1,2.1,16,6,7,198,51394.9,2009.0,Mixed
2016-07-16 17:00:00,Fox_lodging_Helen,358.63,41.7,2.0,10.6,1004.3,2.1,17,6,7,198,51394.9,2009.0,Mixed
2016-07-16 18:00:00,Fox_lodging_Helen,381.33,41.7,2.0,10.6,1003.8,5.1,18,6,7,198,51394.9,2009.0,Mixed
2016-07-16 19:00:00,Fox_lodging_Helen,393.97,41.1,2.0,11.1,1003.7,6.2,19,6,7,198,51394.9,2009.0,Mixed
2016-07-16 20:00:00,Fox_lodging_Helen,404.83,40.0,2.0,11.1,1004.1,3.6,20,6,7,198,51394.9,2009.0,Mixed
2016-07-16 21:00:00,Fox_lodging_Helen,411.85,38.9,2.0,11.1,1004.7,3.1,21,6,7,198,51394.9,2009.0,Mixed
2016-07-16 22:00:00,Fox_lodging_Helen,390.6,37.8,2.0,11.7,1005.4,2.1,22,6,7,198,51394.9,2009.0,Mixed
2016-07-16 23:00:00,Fox_lodging_Helen,373.45,38.3,4.0,10.6,1005.8,5.1,23,6,7,198,51394.9,2009.0,Mixed
2016-07-17 00:00:00,Fox_lodging_Helen,354.03,36.7,4.0,9.4,1006.3,4.1,0,7,7,199,51394.9,2009.0,Mixed
2016-07-17 01:00:00,Fox_lodging_Helen,350.27,36.1,0.0,9.4,1006.6,1.5,1,7,7,199,51394.9,2009.0,Mixed
2016-07-17 02:00:00,Fox_lodging_Helen,346.9,35.6,0.0,10.0,1006.7,3.6,2,7,7,199,51394.9,2009.0,Mixed
2016-07-17 03:00:00,Fox_lodging_Helen,345.0,33.9,0.0,11.7,1007.1,2.6,3,7,7,199,51394.9,2009.0,Mixed
2016-07-17 04:00:00,Fox_lodging_Helen,344.88,33.3,4.0,12.8,1007.4,3.6,4,7,7,199,51394.9,2009.0,Mixed
2016-07-17 05:00:00,Fox_lodging_Helen,352.8,32.8,6.0,13.3,1007.6,3.1,5,7,7,199,51394.9,2009.0,Mixed
2016-07-17 06:00:00,Fox_lodging_Helen,341.37,32.2,6.0,13.3,1008.0,3.6,6,7,7,199,51394.9,2009.0,Mixed
2016-07-17 07:00:00,Fox_lodging_Helen,329.42,32.8,6.0,13.3,1008.5,2.6,7,7,7,199,51394.9,2009.0,Mixed
2016-07-17 08:00:00,Fox_lodging_Helen,330.17,34.4,6.0,13.3,1009.5,2.1,8,7,7,199,51394.9,2009.0,Mixed
2016-07-17 09:00:00,Fox_lodging_Helen,320.12,35.0,6.0,13.9,1010.2,3.6,9,7,7,199,51394.9,2009.0,Mixed
2016-07-17 10:00:00,Fox_lodging_Helen,330.65,37.8,6.0,11.1,1010.3,5.1,10,7,7,199,51394.9,2009.0,Mixed
2016-07-17 11:00:00,Fox_lodging_Helen,332.6,38.9,6.0,11.7,1010.5,4.1,11,7,7,199,51394.9,2009.0,Mixed
2016-07-17 12:00:00,Fox_lodging_Helen,351.03,39.4,5.0,10.6,1010.6,5.1,12,7,7,199,51394.9,2009.0,Mixed
2016-07-17 13:00:00,Fox_lodging_Helen,383.63,36.7,4.0,12.2,1010.7,9.3,13,7,7,199,51394.9,2009.0,Mixed
2016-07-17 14:00:00,Fox_lodging_Helen,359.37,36.1,4.5,12.2,1010.3,7.7,14,7,7,199,51394.9,2009.0,Mixed
2016-07-17 15:00:00,Fox_lodging_Helen,323.02,38.9,5.0,11.7,1009.1,4.1,15,7,7,199,51394.9,2009.0,Mixed
2016-07-17 16:00:00,Fox_lodging_Helen,347.48,39.4,5.5,11.1,1008.1,3.6,16,7,7,199,51394.9,2009.0,Mixed
2016-07-17 17:00:00,Fox_lodging_Helen,391.15,39.4,6.0,11.1,1007.6,3.1,17,7,7,199,51394.9,2009.0,Mixed
2016-07-17 18:00:00,Fox_lodging_Helen,380.9,38.3,6.0,11.1,1007.5,3.6,18,7,7,199,51394.9,2009.0,Mixed
2016-07-17 19:00:00,Fox_lodging_Helen,381.13,38.3,6.0,11.1,1008.0,5.1,19,7,7,199,51394.9,2009.0,Mixed
2016-07-17 20:00:00,Fox_lodging_Helen,384.95,37.2,6.0,12.2,1008.5,4.6,20,7,7,199,51394.9,2009.0,Mixed
2016-07-17 21:00:00,Fox_lodging_Helen,391.98,36.7,6.0,12.8,1008.7,3.1,21,7,7,199,51394.9,2009.0,Mixed
2016-07-17 22:00:00,Fox_lodging_Helen,374.97,35.6,6.0,12.8,1009.2,2.1,22,7,7,199,51394.9,2009.0,Mixed
2016-07-17 23:00:00,Fox_lodging_Helen,363.17,35.6,6.0,12.8,1009.6,0.0,23,7,7,199,51394.9,2009.0,Mixed
2016-07-18 00:00:00,Fox_lodging_Helen,350.95,36.1,6.0,12.8,1009.7,2.6,0,1,7,200,51394.9,2009.0,Mixed
2016-07-18 01:00:00,Fox_lodging_Helen,343.73,34.4,6.0,13.3,1010.3,1.5,1,1,7,200,51394.9,2009.0,Mixed
2016-07-18 02:00:00,Fox_lodging_Helen,342.05,35.0,6.0,12.8,1010.4,2.1,2,1,7,200,51394.9,2009.0,Mixed
2016-07-18 03:00:00,Fox_lodging_Helen,344.07,33.3,6.0,13.9,1011.3,4.1,3,1,7,200,51394.9,2009.0,Mixed
2016-07-18 04:00:00,Fox_lodging_Helen,338.83,28.9,6.0,19.4,1012.3,1.5,4,1,7,200,51394.9,2009.0,Mixed
2016-07-18 05:00:00,Fox_lodging_Helen,347.93,29.4,6.0,20.0,1012.6,3.1,5,1,7,200,51394.9,2009.0,Mixed
2016-07-18 06:00:00,Fox_lodging_Helen,346.78,28.9,6.0,20.0,1012.8,2.1,6,1,7,200,51394.9,2009.0,Mixed
2016-07-18 07:00:00,Fox_lodging_Helen,335.67,30.0,6.0,19.4,1013.0,1.5,7,1,7,200,51394.9,2009.0,Mixed
2016-07-18 08:00:00,Fox_lodging_Helen,322.62,32.2,6.0,17.2,1013.6,2.1,8,1,7,200,51394.9,2009.0,Mixed
2016-07-18 09:00:00,Fox_lodging_Helen,306.38,33.3,6.0,17.2,1013.6,2.6,9,1,7,200,51394.9,2009.0,Mixed
2016-07-18 10:00:00,Fox_lodging_Helen,306.65,35.0,6.0,17.2,1013.8,2.1,10,1,7,200,51394.9,2009.0,Mixed
2016-07-18 11:00:00,Fox_lodging_Helen,311.25,35.0,6.0,16.1,1013.5,0.0,11,1,7,200,51394.9,2009.0,Mixed
2016-07-18 12:00:00,Fox_lodging_Helen,303.48,38.3,4.0,16.1,1012.8,4.6,12,1,7,200,51394.9,2009.0,Mixed
2016-07-18 13:00:00,Fox_lodging_Helen,310.23,37.8,4.0,15.6,1012.1,0.0,13,1,7,200,51394.9,2009.0,Mixed
2016-07-18 14:00:00,Fox_lodging_Helen,315.03,38.3,4.0,15.6,1011.1,2.1,14,1,7,200,51394.9,2009.0,Mixed
2016-07-18 15:00:00,Fox_lodging_Helen,331.83,39.4,4.0,15.0,1009.7,0.0,15,1,7,200,51394.9,2009.0,Mixed
2016-07-18 16:00:00,Fox_lodging_Helen,359.63,40.0,4.0,15.0,1009.0,1.5,16,1,7,200,51394.9,2009.0,Mixed
2016-07-18 17:00:00,Fox_lodging_Helen,390.75,40.6,4.0,15.0,1008.2,4.6,17,1,7,200,51394.9,2009.0,Mixed
2016-07-18 18:00:00,Fox_lodging_Helen,406.27,33.3,4.0,18.3,1009.3,12.4,18,1,7,200,51394.9,2009.0,Mixed
2016-07-18 19:00:00,Fox_lodging_Helen,391.75,31.349999999999998,4.0,19.450000000000003,1009.65,7.75,19,1,7,200,51394.9,2009.0,Mixed
2016-07-18 20:00:00,Fox_lodging_Helen,396.97,29.4,4.0,20.6,1010.0,3.1,20,1,7,200,51394.9,2009.0,Mixed
2016-07-18 21:00:00,Fox_lodging_Helen,407.6,31.1,4.0,20.0,1010.3,3.1,21,1,7,200,51394.9,2009.0,Mixed
2016-07-18 22:00:00,Fox_lodging_Helen,384.13,32.8,4.0,18.9,1011.2,5.7,22,1,7,200,51394.9,2009.0,Mixed
2016-07-18 23:00:00,Fox_lodging_Helen,369.68,31.7,4.0,18.9,1012.1,3.6,23,1,7,200,51394.9,2009.0,Mixed
2016-07-19 00:00:00,Fox_lodging_Helen,358.45,31.7,4.0,19.4,1011.9,3.1,0,2,7,201,51394.9,2009.0,Mixed
2016-07-19 01:00:00,Fox_lodging_Helen,348.4,31.1,4.0,19.4,1011.5,2.6,1,2,7,201,51394.9,2009.0,Mixed
2016-07-19 02:00:00,Fox_lodging_Helen,352.28,31.1,4.0,18.3,1011.6,3.1,2,2,7,201,51394.9,2009.0,Mixed
2016-07-19 03:00:00,Fox_lodging_Helen,346.35,30.0,4.0,19.4,1011.7,2.6,3,2,7,201,51394.9,2009.0,Mixed
2016-07-19 04:00:00,Fox_lodging_Helen,348.32,30.0,5.0,19.4,1011.8,2.6,4,2,7,201,51394.9,2009.0,Mixed
2016-07-19 05:00:00,Fox_lodging_Helen,361.33,29.4,6.0,18.3,1012.2,2.1,5,2,7,201,51394.9,2009.0,Mixed
2016-07-19 06:00:00,Fox_lodging_Helen,349.22,29.4,4.0,20.0,1012.9,2.1,6,2,7,201,51394.9,2009.0,Mixed
2016-07-19 07:00:00,Fox_lodging_Helen,344.15,30.6,4.0,18.9,1013.7,3.6,7,2,7,201,51394.9,2009.0,Mixed
2016-07-19 08:00:00,Fox_lodging_Helen,333.02,31.7,4.0,18.9,1013.9,3.1,8,2,7,201,51394.9,2009.0,Mixed
2016-07-19 09:00:00,Fox_lodging_Helen,331.93,33.3,4.0,18.3,1013.9,3.6,9,2,7,201,51394.9,2009.0,Mixed
2016-07-19 10:00:00,Fox_lodging_Helen,318.13,35.6,4.0,17.8,1013.6,0.0,10,2,7,201,51394.9,2009.0,Mixed
2016-07-19 11:00:00,Fox_lodging_Helen,315.05,35.6,4.0,16.7,1013.1,2.1,11,2,7,201,51394.9,2009.0,Mixed
2016-07-19 12:00:00,Fox_lodging_Helen,314.67,37.8,4.0,17.2,1012.2,2.1,12,2,7,201,51394.9,2009.0,Mixed
2016-07-19 13:00:00,Fox_lodging_Helen,316.75,38.3,4.0,16.1,1011.4,2.1,13,2,7,201,51394.9,2009.0,Mixed
2016-07-19 14:00:00,Fox_lodging_Helen,319.98,39.4,4.0,15.0,1010.3,2.6,14,2,7,201,51394.9,2009.0,Mixed
2016-07-19 15:00:00,Fox_lodging_Helen,334.08,40.6,4.0,15.0,1009.1,2.1,15,2,7,201,51394.9,2009.0,Mixed
2016-07-19 16:00:00,Fox_lodging_Helen,349.35,41.7,4.0,14.4,1008.5,5.7,16,2,7,201,51394.9,2009.0,Mixed
2016-07-19 17:00:00,Fox_lodging_Helen,390.85,41.7,6.0,13.3,1008.2,4.6,17,2,7,201,51394.9,2009.0,Mixed
2016-07-19 18:00:00,Fox_lodging_Helen,407.53,40.6,6.0,13.3,1007.7,2.6,18,2,7,201,51394.9,2009.0,Mixed
2016-07-19 19:00:00,Fox_lodging_Helen,410.18,40.0,6.0,12.8,1008.1,6.2,19,2,7,201,51394.9,2009.0,Mixed
2016-07-19 20:00:00,Fox_lodging_Helen,414.88,37.2,6.0,15.6,1009.3,5.7,20,2,7,201,51394.9,2009.0,Mixed
2016-07-19 21:00:00,Fox_lodging_Helen,406.83,35.0,6.0,16.7,1009.9,4.1,21,2,7,201,51394.9,2009.0,Mixed
2016-07-19 22:00:00,Fox_lodging_Helen,396.92,35.0,6.0,16.7,1010.8,3.6,22,2,7,201,51394.9,2009.0,Mixed
2016-07-19 23:00:00,Fox_lodging_Helen,374.63,33.3,6.0,16.1,1011.4,4.1,23,2,7,201,51394.9,2009.0,Mixed
2016-07-20 00:00:00,Fox_lodging_Helen,356.78,33.3,6.0,16.7,1012.3,4.1,0,3,7,202,51394.9,2009.0,Mixed
2016-07-20 01:00:00,Fox_lodging_Helen,352.03,31.1,6.0,17.2,1012.9,5.7,1,3,7,202,51394.9,2009.0,Mixed
2016-07-20 02:00:00,Fox_lodging_Helen,350.37,30.6,6.0,18.9,1012.8,3.6,2,3,7,202,51394.9,2009.0,Mixed
2016-07-20 03:00:00,Fox_lodging_Helen,348.7,30.0,6.0,19.4,1011.9,0.0,3,3,7,202,51394.9,2009.0,Mixed
2016-07-20 04:00:00,Fox_lodging_Helen,349.92,31.1,6.0,17.8,1011.5,0.0,4,3,7,202,51394.9,2009.0,Mixed
2016-07-20 05:00:00,Fox_lodging_Helen,357.32,30.0,6.0,19.4,1011.6,4.1,5,3,7,202,51394.9,2009.0,Mixed
2016-07-20 06:00:00,Fox_lodging_Helen,357.07,30.0,5.666666666666667,18.9,1011.9,3.1,6,3,7,202,51394.9,2009.0,Mixed
2016-07-20 07:00:00,Fox_lodging_Helen,359.43,30.6,5.333333333333333,18.9,1012.4,2.1,7,3,7,202,51394.9,2009.0,Mixed
2016-07-20 08:00:00,Fox_lodging_Helen,352.03,31.7,5.0,17.8,1012.8,2.6,8,3,7,202,51394.9,2009.0,Mixed
2016-07-20 09:00:00,Fox_lodging_Helen,344.38,32.8,5.0,18.3,1013.1,2.1,9,3,7,202,51394.9,2009.0,Mixed
2016-07-20 10:00:00,Fox_lodging_Helen,329.47,34.4,5.0,17.2,1012.9,3.6,10,3,7,202,51394.9,2009.0,Mixed
2016-07-20 11:00:00,Fox_lodging_Helen,314.2,36.1,4.0,15.0,1012.8,2.6,11,3,7,202,51394.9,2009.0,Mixed
2016-07-20 12:00:00,Fox_lodging_Helen,310.72,38.3,4.0,14.4,1011.9,3.6,12,3,7,202,51394.9,2009.0,Mixed
2016-07-20 13:00:00,Fox_lodging_Helen,307.37,39.4,4.0,13.9,1010.7,3.1,13,3,7,202,51394.9,2009.0,Mixed
2016-07-20 14:00:00,Fox_lodging_Helen,310.95,40.6,4.0,13.9,1009.9,3.6,14,3,7,202,51394.9,2009.0,Mixed
2016-07-20 15:00:00,Fox_lodging_Helen,326.75,40.6,4.0,12.2,1009.1,1.5,15,3,7,202,51394.9,2009.0,Mixed
2016-07-20 16:00:00,Fox_lodging_Helen,349.63,41.1,4.0,12.2,1008.6,4.1,16,3,7,202,51394.9,2009.0,Mixed
2016-07-20 17:00:00,Fox_lodging_Helen,374.03,41.1,4.0,12.2,1008.0,2.6,17,3,7,202,51394.9,2009.0,Mixed
2016-07-20 18:00:00,Fox_lodging_Helen,390.45,41.1,4.333333333333333,12.8,1007.4,6.7,18,3,7,202,51394.9,2009.0,Mixed
2016-07-20 19:00:00,Fox_lodging_Helen,396.63,40.0,4.666666666666667,13.3,1007.9,6.2,19,3,7,202,51394.9,2009.0,Mixed
2016-07-20 20:00:00,Fox_lodging_Helen,394.08,38.3,5.0,13.9,1008.3,3.1,20,3,7,202,51394.9,2009.0,Mixed
2016-07-20 21:00:00,Fox_lodging_Helen,408.63,38.3,5.0,13.9,1008.8,2.6,21,3,7,202,51394.9,2009.0,Mixed
2016-07-20 22:00:00,Fox_lodging_Helen,388.8,37.2,5.0,13.9,1009.5,3.1,22,3,7,202,51394.9,2009.0,Mixed
2016-07-20 23:00:00,Fox_lodging_Helen,368.1,36.1,6.0,13.9,1009.7,1.5,23,3,7,202,51394.9,2009.0,Mixed
2016-07-21 00:00:00,Fox_lodging_Helen,352.5,34.4,5.0,15.0,1009.5,1.5,0,4,7,203,51394.9,2009.0,Mixed
2016-07-21 01:00:00,Fox_lodging_Helen,339.78,33.9,4.0,15.0,1009.2,3.6,1,4,7,203,51394.9,2009.0,Mixed
2016-07-21 02:00:00,Fox_lodging_Helen,342.63,32.8,4.5,16.1,1009.1,2.6,2,4,7,203,51394.9,2009.0,Mixed
2016-07-21 03:00:00,Fox_lodging_Helen,338.78,32.8,5.0,15.0,1009.2,2.6,3,4,7,203,51394.9,2009.0,Mixed
2016-07-21 04:00:00,Fox_lodging_Helen,348.67,32.2,5.5,15.6,1009.6,2.6,4,4,7,203,51394.9,2009.0,Mixed
2016-07-21 05:00:00,Fox_lodging_Helen,357.42,31.7,6.0,15.6,1009.8,2.1,5,4,7,203,51394.9,2009.0,Mixed
2016-07-21 06:00:00,Fox_lodging_Helen,358.28,31.7,4.0,15.6,1010.2,3.1,6,4,7,203,51394.9,2009.0,Mixed
2016-07-21 07:00:00,Fox_lodging_Helen,364.03,32.8,2.0,15.6,1010.7,4.1,7,4,7,203,51394.9,2009.0,Mixed
2016-07-21 08:00:00,Fox_lodging_Helen,354.5,34.4,2.0,15.6,1011.1,4.1,8,4,7,203,51394.9,2009.0,Mixed
2016-07-21 09:00:00,Fox_lodging_Helen,351.03,36.1,4.0,15.0,1011.3,4.1,9,4,7,203,51394.9,2009.0,Mixed
2016-07-21 10:00:00,Fox_lodging_Helen,333.28,37.8,2.0,15.0,1011.3,2.6,10,4,7,203,51394.9,2009.0,Mixed
2016-07-21 11:00:00,Fox_lodging_Helen,317.5,38.9,4.0,13.9,1011.3,0.0,11,4,7,203,51394.9,2009.0,Mixed
2016-07-21 12:00:00,Fox_lodging_Helen,309.63,40.6,2.0,13.9,1010.9,1.5,12,4,7,203,51394.9,2009.0,Mixed
2016-07-21 13:00:00,Fox_lodging_Helen,317.63,41.7,4.0,12.8,1010.2,1.5,13,4,7,203,51394.9,2009.0,Mixed
2016-07-21 14:00:00,Fox_lodging_Helen,315.23,42.2,4.0,13.3,1009.1,2.1,14,4,7,203,51394.9,2009.0,Mixed
2016-07-21 15:00:00,Fox_lodging_Helen,329.95,42.8,4.0,12.2,1008.3,0.0,15,4,7,203,51394.9,2009.0,Mixed
2016-07-21 16:00:00,Fox_lodging_Helen,356.27,43.9,4.0,12.8,1007.4,3.6,16,4,7,203,51394.9,2009.0,Mixed
2016-07-21 17:00:00,Fox_lodging_Helen,379.27,43.3,4.0,12.2,1006.7,2.1,17,4,7,203,51394.9,2009.0,Mixed
2016-07-21 18:00:00,Fox_lodging_Helen,400.27,42.8,4.333333333333333,11.1,1006.4,2.1,18,4,7,203,51394.9,2009.0,Mixed
2016-07-21 19:00:00,Fox_lodging_Helen,409.75,42.8,4.666666666666667,11.1,1006.6,3.6,19,4,7,203,51394.9,2009.0,Mixed
2016-07-21 20:00:00,Fox_lodging_Helen,400.97,41.7,5.0,11.7,1007.0,2.1,20,4,7,203,51394.9,2009.0,Mixed
2016-07-21 21:00:00,Fox_lodging_Helen,397.85,40.0,5.0,12.8,1007.5,1.5,21,4,7,203,51394.9,2009.0,Mixed
2016-07-21 22:00:00,Fox_lodging_Helen,387.43,39.4,5.0,14.4,1007.9,1.5,22,4,7,203,51394.9,2009.0,Mixed
2016-07-21 23:00:00,Fox_lodging_Helen,374.17,38.9,6.0,15.0,1008.1,0.0,23,4,7,203,51394.9,2009.0,Mixed
2016-07-22 00:00:00,Fox_lodging_Helen,363.95,38.9,6.0,12.8,1008.1,0.0,0,5,7,204,51394.9,2009.0,Mixed
2016-07-22 01:00:00,Fox_lodging_Helen,349.15,37.8,6.0,12.8,1008.6,0.0,1,5,7,204,51394.9,2009.0,Mixed
2016-07-22 02:00:00,Fox_lodging_Helen,345.95,35.6,6.0,15.6,1008.9,4.1,2,5,7,204,51394.9,2009.0,Mixed
2016-07-22 03:00:00,Fox_lodging_Helen,351.55,35.0,6.0,15.0,1009.5,5.7,3,5,7,204,51394.9,2009.0,Mixed
2016-07-22 04:00:00,Fox_lodging_Helen,351.08,35.0,6.0,14.4,1009.9,4.6,4,5,7,204,51394.9,2009.0,Mixed
2016-07-22 05:00:00,Fox_lodging_Helen,372.68,34.0,6.0,14.0,1010.8,9.3,5,5,7,204,51394.9,2009.0,Mixed
2016-07-22 06:00:00,Fox_lodging_Helen,356.48,33.3,6.0,14.4,1011.5,6.2,6,5,7,204,51394.9,2009.0,Mixed
2016-07-22 07:00:00,Fox_lodging_Helen,351.95,33.3,6.0,14.4,1011.5,4.1,7,5,7,204,51394.9,2009.0,Mixed
2016-07-22 08:00:00,Fox_lodging_Helen,343.08,35.0,6.0,13.9,1011.8,4.1,8,5,7,204,51394.9,2009.0,Mixed
2016-07-22 09:00:00,Fox_lodging_Helen,341.27,35.6,6.0,14.4,1011.9,3.6,9,5,7,204,51394.9,2009.0,Mixed
2016-07-22 10:00:00,Fox_lodging_Helen,328.88,37.8,6.0,13.9,1011.8,2.1,10,5,7,204,51394.9,2009.0,Mixed
2016-07-22 11:00:00,Fox_lodging_Helen,308.08,38.3,6.0,13.3,1011.4,1.5,11,5,7,204,51394.9,2009.0,Mixed
2016-07-22 12:00:00,Fox_lodging_Helen,308.5,40.6,4.0,13.3,1010.6,2.1,12,5,7,204,51394.9,2009.0,Mixed
2016-07-22 13:00:00,Fox_lodging_Helen,311.03,41.7,4.0,13.3,1009.7,4.1,13,5,7,204,51394.9,2009.0,Mixed
2016-07-22 14:00:00,Fox_lodging_Helen,326.4,43.3,4.0,12.8,1008.5,2.6,14,5,7,204,51394.9,2009.0,Mixed
2016-07-22 15:00:00,Fox_lodging_Helen,333.72,43.3,4.0,11.7,1007.5,3.1,15,5,7,204,51394.9,2009.0,Mixed
2016-07-22 16:00:00,Fox_lodging_Helen,351.22,43.9,4.0,11.1,1006.5,3.6,16,5,7,204,51394.9,2009.0,Mixed
2016-07-22 17:00:00,Fox_lodging_Helen,383.87,43.9,6.0,11.1,1005.6,3.1,17,5,7,204,51394.9,2009.0,Mixed
2016-07-22 18:00:00,Fox_lodging_Helen,391.1,43.9,5.5,11.1,1005.5,2.1,18,5,7,204,51394.9,2009.0,Mixed
2016-07-22 19:00:00,Fox_lodging_Helen,400.0,41.7,5.0,11.7,1006.0,11.3,19,5,7,204,51394.9,2009.0,Mixed
2016-07-22 20:00:00,Fox_lodging_Helen,394.5,40.6,4.5,11.7,1006.5,6.7,20,5,7,204,51394.9,2009.0,Mixed
2016-07-22 21:00:00,Fox_lodging_Helen,401.0,39.4,4.0,10.0,1006.8,5.7,21,5,7,204,51394.9,2009.0,Mixed
2016-07-22 22:00:00,Fox_lodging_Helen,389.33,38.9,2.0,10.0,1007.3,3.1,22,5,7,204,51394.9,2009.0,Mixed
2016-07-22 23:00:00,Fox_lodging_Helen,363.45,36.7,4.0,11.7,1006.9,2.1,23,5,7,204,51394.9,2009.0,Mixed
2016-07-23 00:00:00,Fox_lodging_Helen,352.93,36.1,4.0,11.7,1007.2,0.0,0,6,7,205,51394.9,2009.0,Mixed
2016-07-23 01:00:00,Fox_lodging_Helen,350.53,35.6,4.4,12.8,1007.3,2.1,1,6,7,205,51394.9,2009.0,Mixed
2016-07-23 02:00:00,Fox_lodging_Helen,348.3,35.6,4.8,11.7,1006.7,1.5,2,6,7,205,51394.9,2009.0,Mixed
2016-07-23 03:00:00,Fox_lodging_Helen,349.1,33.9,5.2,13.3,1006.5,2.1,3,6,7,205,51394.9,2009.0,Mixed
2016-07-23 04:00:00,Fox_lodging_Helen,348.82,32.8,5.2,13.3,1006.4,1.5,4,6,7,205,51394.9,2009.0,Mixed
2016-07-23 05:00:00,Fox_lodging_Helen,359.47,33.3,6.0,13.3,1006.9,2.1,5,6,7,205,51394.9,2009.0,Mixed
2016-07-23 06:00:00,Fox_lodging_Helen,354.3,32.8,6.0,12.8,1007.8,3.6,6,6,7,205,51394.9,2009.0,Mixed
2016-07-23 07:00:00,Fox_lodging_Helen,348.42,32.8,6.0,14.4,1008.7,2.6,7,6,7,205,51394.9,2009.0,Mixed
2016-07-23 08:00:00,Fox_lodging_Helen,335.07,35.0,6.0,13.3,1009.4,5.1,8,6,7,205,51394.9,2009.0,Mixed
2016-07-23 09:00:00,Fox_lodging_Helen,326.63,36.1,6.0,14.4,1009.6,7.2,9,6,7,205,51394.9,2009.0,Mixed
2016-07-23 10:00:00,Fox_lodging_Helen,309.4,37.8,6.0,14.4,1009.7,6.7,10,6,7,205,51394.9,2009.0,Mixed
2016-07-23 11:00:00,Fox_lodging_Helen,310.5,39.4,6.0,14.4,1009.2,5.7,11,6,7,205,51394.9,2009.0,Mixed
2016-07-23 12:00:00,Fox_lodging_Helen,294.85,39.4,5.333333333333333,13.3,1008.6,6.2,12,6,7,205,51394.9,2009.0,Mixed
2016-07-23 13:00:00,Fox_lodging_Helen,298.4,41.1,4.666666666666667,14.4,1007.8,3.6,13,6,7,205,51394.9,2009.0,Mixed
2016-07-23 14:00:00,Fox_lodging_Helen,320.0,41.7,4.0,13.9,1006.9,5.7,14,6,7,205,51394.9,2009.0,Mixed
2016-07-23 15:00:00,Fox_lodging_Helen,324.23,43.3,4.0,13.3,1005.6,4.6,15,6,7,205,51394.9,2009.0,Mixed
2016-07-23 16:00:00,Fox_lodging_Helen,350.72,43.3,2.0,12.8,1004.5,6.7,16,6,7,205,51394.9,2009.0,Mixed
2016-07-23 17:00:00,Fox_lodging_Helen,373.83,43.9,2.0,11.7,1003.6,6.2,17,6,7,205,51394.9,2009.0,Mixed
2016-07-23 18:00:00,Fox_lodging_Helen,393.32,43.3,2.0,11.7,1003.0,7.7,18,6,7,205,51394.9,2009.0,Mixed
2016-07-23 19:00:00,Fox_lodging_Helen,397.13,42.8,2.0,11.1,1003.1,6.2,19,6,7,205,51394.9,2009.0,Mixed
2016-07-23 20:00:00,Fox_lodging_Helen,398.28,41.7,2.0,11.7,1003.3,5.7,20,6,7,205,51394.9,2009.0,Mixed
2016-07-23 21:00:00,Fox_lodging_Helen,396.73,39.4,2.0,13.9,1003.8,4.6,21,6,7,205,51394.9,2009.0,Mixed
2016-07-23 22:00:00,Fox_lodging_Helen,390.07,38.3,2.0,15.0,1004.5,5.7,22,6,7,205,51394.9,2009.0,Mixed
2016-07-23 23:00:00,Fox_lodging_Helen,386.08,37.8,2.0,15.6,1005.0,7.2,23,6,7,205,51394.9,2009.0,Mixed
2016-07-24 00:00:00,Fox_lodging_Helen,357.62,37.2,2.0,15.0,1005.1,6.7,0,7,7,206,51394.9,2009.0,Mixed
2016-07-24 01:00:00,Fox_lodging_Helen,351.92,36.7,2.0,13.9,1005.3,6.2,1,7,7,206,51394.9,2009.0,Mixed
2016-07-24 02:00:00,Fox_lodging_Helen,349.38,35.6,2.0,13.9,1005.2,5.1,2,7,7,206,51394.9,2009.0,Mixed
2016-07-24 03:00:00,Fox_lodging_Helen,348.72,35.0,2.0,14.4,1005.4,2.6,3,7,7,206,51394.9,2009.0,Mixed
2016-07-24 04:00:00,Fox_lodging_Helen,350.03,34.4,2.0,14.4,1006.0,3.1,4,7,7,206,51394.9,2009.0,Mixed
2016-07-24 05:00:00,Fox_lodging_Helen,365.37,33.9,2.0,13.9,1006.6,3.1,5,7,7,206,51394.9,2009.0,Mixed
2016-07-24 06:00:00,Fox_lodging_Helen,359.2,32.8,2.0,15.0,1008.9,3.1,6,7,7,206,51394.9,2009.0,Mixed
2016-07-24 07:00:00,Fox_lodging_Helen,346.65,32.8,4.0,14.4,1009.8,2.1,7,7,7,206,51394.9,2009.0,Mixed
2016-07-24 08:00:00,Fox_lodging_Helen,334.4,33.3,4.0,14.4,1011.3,2.6,8,7,7,206,51394.9,2009.0,Mixed
2016-07-24 09:00:00,Fox_lodging_Helen,327.72,35.0,4.666666666666667,13.9,1011.7,2.6,9,7,7,206,51394.9,2009.0,Mixed
2016-07-24 10:00:00,Fox_lodging_Helen,324.95,35.0,5.333333333333333,13.9,1011.6,1.5,10,7,7,206,51394.9,2009.0,Mixed
2016-07-24 11:00:00,Fox_lodging_Helen,302.37,36.7,6.0,15.0,1010.8,4.1,11,7,7,206,51394.9,2009.0,Mixed
2016-07-24 12:00:00,Fox_lodging_Helen,296.28,37.2,6.0,15.0,1010.1,5.7,12,7,7,206,51394.9,2009.0,Mixed
2016-07-24 13:00:00,Fox_lodging_Helen,301.08,38.3,6.0,15.0,1009.2,6.7,13,7,7,206,51394.9,2009.0,Mixed
2016-07-24 14:00:00,Fox_lodging_Helen,307.97,38.9,6.0,14.4,1008.4,4.1,14,7,7,206,51394.9,2009.0,Mixed
2016-07-24 15:00:00,Fox_lodging_Helen,317.25,41.1,6.0,13.3,1007.2,7.2,15,7,7,206,51394.9,2009.0,Mixed
2016-07-24 16:00:00,Fox_lodging_Helen,351.27,41.7,6.0,13.9,1006.4,7.2,16,7,7,206,51394.9,2009.0,Mixed
2016-07-24 17:00:00,Fox_lodging_Helen,367.5,41.1,6.0,13.9,1005.4,5.1,17,7,7,206,51394.9,2009.0,Mixed
2016-07-24 18:00:00,Fox_lodging_Helen,384.92,41.7,4.0,13.9,1005.4,4.6,18,7,7,206,51394.9,2009.0,Mixed
2016-07-24 19:00:00,Fox_lodging_Helen,389.5,40.6,4.0,13.3,1005.4,6.2,19,7,7,206,51394.9,2009.0,Mixed
2016-07-24 20:00:00,Fox_lodging_Helen,394.62,39.4,4.0,13.3,1005.7,4.1,20,7,7,206,51394.9,2009.0,Mixed
2016-07-24 21:00:00,Fox_lodging_Helen,390.5,38.9,2.0,13.3,1005.7,3.1,21,7,7,206,51394.9,2009.0,Mixed
2016-07-24 22:00:00,Fox_lodging_Helen,378.25,38.9,2.0,13.3,1006.1,4.6,22,7,7,206,51394.9,2009.0,Mixed
2016-07-24 23:00:00,Fox_lodging_Helen,378.32,36.7,2.0,16.1,1006.9,5.7,23,7,7,206,51394.9,2009.0,Mixed
2016-07-25 00:00:00,Fox_lodging_Helen,365.08,35.6,2.0,17.8,1007.5,6.2,0,1,7,207,51394.9,2009.0,Mixed
2016-07-25 01:00:00,Fox_lodging_Helen,349.27,34.4,2.0,17.8,1007.8,4.1,1,1,7,207,51394.9,2009.0,Mixed
2016-07-25 02:00:00,Fox_lodging_Helen,347.82,33.3,2.0,17.2,1008.6,4.6,2,1,7,207,51394.9,2009.0,Mixed
2016-07-25 03:00:00,Fox_lodging_Helen,342.85,33.3,4.0,17.2,1009.4,5.7,3,1,7,207,51394.9,2009.0,Mixed
2016-07-25 04:00:00,Fox_lodging_Helen,344.6,32.2,4.0,16.7,1009.0,3.1,4,1,7,207,51394.9,2009.0,Mixed
2016-07-25 05:00:00,Fox_lodging_Helen,357.62,31.7,4.0,16.7,1009.3,2.1,5,1,7,207,51394.9,2009.0,Mixed
2016-07-25 06:00:00,Fox_lodging_Helen,357.33,31.7,2.0,16.7,1010.6,2.6,6,1,7,207,51394.9,2009.0,Mixed
2016-07-25 07:00:00,Fox_lodging_Helen,354.53,32.2,2.0,16.7,1011.7,0.0,7,1,7,207,51394.9,2009.0,Mixed
2016-07-25 08:00:00,Fox_lodging_Helen,335.72,32.8,4.0,16.7,1012.0,4.1,8,1,7,207,51394.9,2009.0,Mixed
2016-07-25 09:00:00,Fox_lodging_Helen,334.97,33.9,4.0,15.6,1012.2,4.1,9,1,7,207,51394.9,2009.0,Mixed
2016-07-25 10:00:00,Fox_lodging_Helen,311.28,34.4,4.0,15.6,1011.9,4.1,10,1,7,207,51394.9,2009.0,Mixed
2016-07-25 11:00:00,Fox_lodging_Helen,306.4,36.7,4.0,13.9,1011.4,5.1,11,1,7,207,51394.9,2009.0,Mixed
2016-07-25 12:00:00,Fox_lodging_Helen,309.42,36.7,4.0,14.4,1010.5,2.6,12,1,7,207,51394.9,2009.0,Mixed
2016-07-25 13:00:00,Fox_lodging_Helen,310.45,38.9,4.0,14.4,1009.4,4.6,13,1,7,207,51394.9,2009.0,Mixed
2016-07-25 14:00:00,Fox_lodging_Helen,314.77,40.0,4.0,13.9,1008.0,5.7,14,1,7,207,51394.9,2009.0,Mixed
2016-07-25 15:00:00,Fox_lodging_Helen,324.33,40.6,4.0,14.4,1006.9,5.1,15,1,7,207,51394.9,2009.0,Mixed
2016-07-25 16:00:00,Fox_lodging_Helen,346.02,41.1,4.0,13.9,1006.2,3.1,16,1,7,207,51394.9,2009.0,Mixed
2016-07-25 17:00:00,Fox_lodging_Helen,372.63,41.1,4.0,13.3,1005.8,3.6,17,1,7,207,51394.9,2009.0,Mixed
2016-07-25 18:00:00,Fox_lodging_Helen,397.15,41.1,4.0,13.9,1005.4,2.6,18,1,7,207,51394.9,2009.0,Mixed
2016-07-25 19:00:00,Fox_lodging_Helen,393.42,39.4,4.0,15.0,1005.9,5.7,19,1,7,207,51394.9,2009.0,Mixed
2016-07-25 20:00:00,Fox_lodging_Helen,396.07,37.8,4.0,13.9,1006.3,5.7,20,1,7,207,51394.9,2009.0,Mixed
2016-07-25 21:00:00,Fox_lodging_Helen,403.1,37.2,4.0,12.2,1007.1,6.2,21,1,7,207,51394.9,2009.0,Mixed
2016-07-25 22:00:00,Fox_lodging_Helen,393.27,37.2,4.0,11.1,1007.4,3.6,22,1,7,207,51394.9,2009.0,Mixed
2016-07-25 23:00:00,Fox_lodging_Helen,374.65,36.1,4.0,12.2,1007.2,0.0,23,1,7,207,51394.9,2009.0,Mixed
2016-07-26 00:00:00,Fox_lodging_Helen,355.18,35.6,4.0,13.3,1006.7,2.6,0,2,7,208,51394.9,2009.0,Mixed
2016-07-26 01:00:00,Fox_lodging_Helen,341.95,35.6,4.0,12.8,1006.9,6.2,1,2,7,208,51394.9,2009.0,Mixed
2016-07-26 02:00:00,Fox_lodging_Helen,343.15,34.4,4.0,12.8,1006.9,5.1,2,2,7,208,51394.9,2009.0,Mixed
2016-07-26 03:00:00,Fox_lodging_Helen,343.37,33.9,4.0,12.8,1006.9,1.5,3,2,7,208,51394.9,2009.0,Mixed
2016-07-26 04:00:00,Fox_lodging_Helen,341.98,33.3,5.0,13.3,1007.1,2.1,4,2,7,208,51394.9,2009.0,Mixed
2016-07-26 05:00:00,Fox_lodging_Helen,358.97,32.8,6.0,13.9,1007.3,3.1,5,2,7,208,51394.9,2009.0,Mixed
2016-07-26 06:00:00,Fox_lodging_Helen,358.83,32.8,5.0,13.9,1008.3,1.5,6,2,7,208,51394.9,2009.0,Mixed
2016-07-26 07:00:00,Fox_lodging_Helen,355.5,33.3,4.0,14.4,1008.9,2.1,7,2,7,208,51394.9,2009.0,Mixed
2016-07-26 08:00:00,Fox_lodging_Helen,343.62,35.0,2.0,13.9,1009.2,2.1,8,2,7,208,51394.9,2009.0,Mixed
2016-07-26 09:00:00,Fox_lodging_Helen,333.63,36.7,4.0,13.3,1009.2,0.0,9,2,7,208,51394.9,2009.0,Mixed
2016-07-26 10:00:00,Fox_lodging_Helen,338.38,37.8,4.0,13.3,1009.1,1.5,10,2,7,208,51394.9,2009.0,Mixed
2016-07-26 11:00:00,Fox_lodging_Helen,323.82,38.9,4.0,13.3,1008.9,0.0,11,2,7,208,51394.9,2009.0,Mixed
2016-07-26 12:00:00,Fox_lodging_Helen,309.4,40.6,4.0,13.9,1008.1,0.0,12,2,7,208,51394.9,2009.0,Mixed
2016-07-26 13:00:00,Fox_lodging_Helen,311.32,40.6,4.0,13.9,1007.1,1.5,13,2,7,208,51394.9,2009.0,Mixed
2016-07-26 14:00:00,Fox_lodging_Helen,319.77,42.2,4.0,13.3,1006.1,3.6,14,2,7,208,51394.9,2009.0,Mixed
2016-07-26 15:00:00,Fox_lodging_Helen,332.42,43.3,4.0,12.8,1005.4,5.7,15,2,7,208,51394.9,2009.0,Mixed
2016-07-26 16:00:00,Fox_lodging_Helen,352.15,42.2,4.0,13.3,1004.6,2.6,16,2,7,208,51394.9,2009.0,Mixed
2016-07-26 17:00:00,Fox_lodging_Helen,371.98,42.8,4.0,13.3,1003.7,4.1,17,2,7,208,51394.9,2009.0,Mixed
2016-07-26 18:00:00,Fox_lodging_Helen,391.72,42.8,4.0,13.9,1002.9,3.1,18,2,7,208,51394.9,2009.0,Mixed
2016-07-26 19:00:00,Fox_lodging_Helen,395.22,42.2,4.0,13.9,1003.2,3.1,19,2,7,208,51394.9,2009.0,Mixed
2016-07-26 20:00:00,Fox_lodging_Helen,396.42,41.7,4.0,13.9,1003.6,6.2,20,2,7,208,51394.9,2009.0,Mixed
2016-07-26 21:00:00,Fox_lodging_Helen,392.82,40.6,4.0,14.4,1004.3,3.6,21,2,7,208,51394.9,2009.0,Mixed
2016-07-26 22:00:00,Fox_lodging_Helen,385.9,38.9,2.0,15.0,1005.0,3.1,22,2,7,208,51394.9,2009.0,Mixed
2016-07-26 23:00:00,Fox_lodging_Helen,367.22,38.9,2.0,14.4,1005.2,4.1,23,2,7,208,51394.9,2009.0,Mixed
2016-07-27 00:00:00,Fox_lodging_Helen,364.03,35.6,2.0,17.8,1005.9,5.7,0,3,7,209,51394.9,2009.0,Mixed
2016-07-27 01:00:00,Fox_lodging_Helen,355.97,34.4,2.0,17.8,1005.9,7.7,1,3,7,209,51394.9,2009.0,Mixed
2016-07-27 02:00:00,Fox_lodging_Helen,353.13,33.9,2.0,18.3,1006.2,6.7,2,3,7,209,51394.9,2009.0,Mixed
2016-07-27 03:00:00,Fox_lodging_Helen,349.9,33.3,2.0,17.8,1006.6,2.6,3,3,7,209,51394.9,2009.0,Mixed
2016-07-27 04:00:00,Fox_lodging_Helen,351.05,33.3,2.0,17.2,1007.0,3.6,4,3,7,209,51394.9,2009.0,Mixed
2016-07-27 05:00:00,Fox_lodging_Helen,361.53,33.3,2.0,16.7,1007.5,2.6,5,3,7,209,51394.9,2009.0,Mixed
2016-07-27 06:00:00,Fox_lodging_Helen,358.6,32.8,2.0,17.2,1008.2,2.6,6,3,7,209,51394.9,2009.0,Mixed
2016-07-27 07:00:00,Fox_lodging_Helen,355.82,33.9,2.0,16.7,1008.8,2.6,7,3,7,209,51394.9,2009.0,Mixed
2016-07-27 08:00:00,Fox_lodging_Helen,358.55,35.6,4.0,16.7,1009.3,2.1,8,3,7,209,51394.9,2009.0,Mixed
2016-07-27 09:00:00,Fox_lodging_Helen,345.8,35.6,4.0,17.2,1009.7,4.1,9,3,7,209,51394.9,2009.0,Mixed
2016-07-27 10:00:00,Fox_lodging_Helen,342.83,37.2,2.0,17.2,1009.7,2.6,10,3,7,209,51394.9,2009.0,Mixed
2016-07-27 11:00:00,Fox_lodging_Helen,332.8,39.4,4.0,16.1,1009.2,3.1,11,3,7,209,51394.9,2009.0,Mixed
2016-07-27 12:00:00,Fox_lodging_Helen,331.82,39.4,4.0,15.6,1008.5,2.6,12,3,7,209,51394.9,2009.0,Mixed
2016-07-27 13:00:00,Fox_lodging_Helen,333.52,40.6,4.0,15.6,1007.4,2.1,13,3,7,209,51394.9,2009.0,Mixed
2016-07-27 14:00:00,Fox_lodging_Helen,338.03,42.8,4.0,14.4,1006.2,4.6,14,3,7,209,51394.9,2009.0,Mixed
2016-07-27 15:00:00,Fox_lodging_Helen,353.28,42.8,4.0,14.4,1005.1,6.2,15,3,7,209,51394.9,2009.0,Mixed
2016-07-27 16:00:00,Fox_lodging_Helen,372.63,43.9,4.0,13.9,1003.8,5.7,16,3,7,209,51394.9,2009.0,Mixed
2016-07-27 17:00:00,Fox_lodging_Helen,398.0,44.4,4.0,13.3,1003.0,5.7,17,3,7,209,51394.9,2009.0,Mixed
2016-07-27 18:00:00,Fox_lodging_Helen,411.87,44.4,4.0,12.2,1002.6,7.2,18,3,7,209,51394.9,2009.0,Mixed
2016-07-27 19:00:00,Fox_lodging_Helen,413.23,43.3,4.0,12.2,1002.3,6.2,19,3,7,209,51394.9,2009.0,Mixed
2016-07-27 20:00:00,Fox_lodging_Helen,412.88,42.8,4.0,12.8,1002.8,5.7,20,3,7,209,51394.9,2009.0,Mixed
2016-07-27 21:00:00,Fox_lodging_Helen,422.05,41.7,4.0,12.8,1003.2,5.1,21,3,7,209,51394.9,2009.0,Mixed
2016-07-27 22:00:00,Fox_lodging_Helen,402.83,40.0,4.0,13.3,1004.7,3.1,22,3,7,209,51394.9,2009.0,Mixed
2016-07-27 23:00:00,Fox_lodging_Helen,383.15,38.9,4.0,14.4,1005.2,3.1,23,3,7,209,51394.9,2009.0,Mixed
2016-07-28 00:00:00,Fox_lodging_Helen,370.62,33.9,4.0,17.2,1006.1,7.7,0,4,7,210,51394.9,2009.0,Mixed
2016-07-28 01:00:00,Fox_lodging_Helen,369.97,33.3,2.0,16.1,1006.5,5.1,1,4,7,210,51394.9,2009.0,Mixed
2016-07-28 02:00:00,Fox_lodging_Helen,369.03,33.9,2.5,15.6,1006.5,4.1,2,4,7,210,51394.9,2009.0,Mixed
2016-07-28 03:00:00,Fox_lodging_Helen,358.65,33.3,3.0,16.7,1006.8,4.6,3,4,7,210,51394.9,2009.0,Mixed
2016-07-28 04:00:00,Fox_lodging_Helen,362.73,33.3,3.5,15.6,1007.4,3.6,4,4,7,210,51394.9,2009.0,Mixed
2016-07-28 05:00:00,Fox_lodging_Helen,368.12,32.8,4.0,16.1,1008.7,7.7,5,4,7,210,51394.9,2009.0,Mixed
2016-07-28 06:00:00,Fox_lodging_Helen,368.78,31.7,4.0,16.7,1009.2,2.6,6,4,7,210,51394.9,2009.0,Mixed
2016-07-28 07:00:00,Fox_lodging_Helen,363.7,32.8,2.0,16.1,1009.5,5.1,7,4,7,210,51394.9,2009.0,Mixed
2016-07-28 08:00:00,Fox_lodging_Helen,353.78,32.2,2.0,16.1,1009.7,3.6,8,4,7,210,51394.9,2009.0,Mixed
2016-07-28 09:00:00,Fox_lodging_Helen,332.02,34.4,2.0,16.7,1009.6,2.1,9,4,7,210,51394.9,2009.0,Mixed
2016-07-28 10:00:00,Fox_lodging_Helen,322.9,36.7,2.0,15.6,1009.3,0.0,10,4,7,210,51394.9,2009.0,Mixed
2016-07-28 11:00:00,Fox_lodging_Helen,337.37,38.3,2.0,15.0,1009.0,2.1,11,4,7,210,51394.9,2009.0,Mixed
2016-07-28 12:00:00,Fox_lodging_Helen,323.6,39.4,4.0,14.4,1008.3,2.1,12,4,7,210,51394.9,2009.0,Mixed
2016-07-28 13:00:00,Fox_lodging_Helen,319.67,40.0,4.0,14.4,1007.3,0.0,13,4,7,210,51394.9,2009.0,Mixed
2016-07-28 14:00:00,Fox_lodging_Helen,324.2,42.2,4.0,14.4,1006.1,3.1,14,4,7,210,51394.9,2009.0,Mixed
2016-07-28 15:00:00,Fox_lodging_Helen,340.78,42.8,4.0,13.9,1004.9,4.6,15,4,7,210,51394.9,2009.0,Mixed
2016-07-28 16:00:00,Fox_lodging_Helen,355.23,42.8,4.0,13.3,1004.1,3.1,16,4,7,210,51394.9,2009.0,Mixed
2016-07-28 17:00:00,Fox_lodging_Helen,373.42,43.3,4.0,13.3,1003.6,3.1,17,4,7,210,51394.9,2009.0,Mixed
2016-07-28 18:00:00,Fox_lodging_Helen,387.47,43.3,4.0,12.8,1003.6,1.5,18,4,7,210,51394.9,2009.0,Mixed
2016-07-28 19:00:00,Fox_lodging_Helen,409.38,42.2,4.0,12.8,1004.1,0.0,19,4,7,210,51394.9,2009.0,Mixed
2016-07-28 20:00:00,Fox_lodging_Helen,411.3,42.2,4.0,12.8,1003.3,3.1,20,4,7,210,51394.9,2009.0,Mixed
2016-07-28 21:00:00,Fox_lodging_Helen,394.77,41.1,4.0,12.8,1003.4,3.1,21,4,7,210,51394.9,2009.0,Mixed
2016-07-28 22:00:00,Fox_lodging_Helen,380.1,41.7,2.0,12.2,1003.9,1.5,22,4,7,210,51394.9,2009.0,Mixed
2016-07-28 23:00:00,Fox_lodging_Helen,361.7,38.3,2.0,13.9,1004.6,5.1,23,4,7,210,51394.9,2009.0,Mixed
2016-07-29 00:00:00,Fox_lodging_Helen,355.5,38.9,2.0,15.0,1005.0,2.1,0,5,7,211,51394.9,2009.0,Mixed
2016-07-29 01:00:00,Fox_lodging_Helen,357.2,38.3,2.8,16.1,1004.7,1.5,1,5,7,211,51394.9,2009.0,Mixed
2016-07-29 02:00:00,Fox_lodging_Helen,353.48,37.8,3.6,16.7,1004.5,3.6,2,5,7,211,51394.9,2009.0,Mixed
2016-07-29 03:00:00,Fox_lodging_Helen,354.52,36.7,4.4,16.7,1004.5,2.6,3,5,7,211,51394.9,2009.0,Mixed
2016-07-29 04:00:00,Fox_lodging_Helen,352.6,36.7,4.4,16.7,1004.8,3.6,4,5,7,211,51394.9,2009.0,Mixed
2016-07-29 05:00:00,Fox_lodging_Helen,359.92,35.0,6.0,17.2,1006.0,3.1,5,5,7,211,51394.9,2009.0,Mixed
2016-07-29 06:00:00,Fox_lodging_Helen,357.42,34.4,4.0,16.1,1006.8,8.8,6,5,7,211,51394.9,2009.0,Mixed
2016-07-29 07:00:00,Fox_lodging_Helen,347.87,33.9,4.0,16.7,1007.5,4.6,7,5,7,211,51394.9,2009.0,Mixed
2016-07-29 08:00:00,Fox_lodging_Helen,340.27,34.4,2.0,16.7,1007.9,5.7,8,5,7,211,51394.9,2009.0,Mixed
2016-07-29 09:00:00,Fox_lodging_Helen,326.95,35.6,2.0,16.7,1008.2,6.2,9,5,7,211,51394.9,2009.0,Mixed
2016-07-29 10:00:00,Fox_lodging_Helen,307.4,36.7,4.0,16.7,1007.8,5.7,10,5,7,211,51394.9,2009.0,Mixed
2016-07-29 11:00:00,Fox_lodging_Helen,309.38,37.2,2.0,16.7,1007.5,1.5,11,5,7,211,51394.9,2009.0,Mixed
2016-07-29 12:00:00,Fox_lodging_Helen,305.72,39.4,4.0,16.7,1006.7,4.6,12,5,7,211,51394.9,2009.0,Mixed
2016-07-29 13:00:00,Fox_lodging_Helen,304.45,40.0,4.0,16.1,1005.8,4.1,13,5,7,211,51394.9,2009.0,Mixed
2016-07-29 14:00:00,Fox_lodging_Helen,317.4,42.2,4.0,16.1,1004.5,5.7,14,5,7,211,51394.9,2009.0,Mixed
2016-07-29 15:00:00,Fox_lodging_Helen,328.43,42.2,4.0,14.4,1003.2,4.1,15,5,7,211,51394.9,2009.0,Mixed
2016-07-29 16:00:00,Fox_lodging_Helen,347.73,43.3,4.0,14.4,1001.9,6.7,16,5,7,211,51394.9,2009.0,Mixed
2016-07-29 17:00:00,Fox_lodging_Helen,380.03,43.9,4.0,11.7,1001.3,7.2,17,5,7,211,51394.9,2009.0,Mixed
2016-07-29 18:00:00,Fox_lodging_Helen,395.55,43.3,4.0,12.8,1001.0,5.1,18,5,7,211,51394.9,2009.0,Mixed
2016-07-29 19:00:00,Fox_lodging_Helen,390.5,43.3,4.8,12.2,1001.5,5.1,19,5,7,211,51394.9,2009.0,Mixed
2016-07-29 20:00:00,Fox_lodging_Helen,396.43,42.2,5.6,12.8,1003.3,7.2,20,5,7,211,51394.9,2009.0,Mixed
2016-07-29 21:00:00,Fox_lodging_Helen,391.2,25.6,6.4,21.7,1009.9,9.3,21,5,7,211,51394.9,2009.0,Mixed
2016-07-29 22:00:00,Fox_lodging_Helen,373.18,26.0,6.4,20.0,1009.45,11.8,22,5,7,211,51394.9,2009.0,Mixed
2016-07-29 23:00:00,Fox_lodging_Helen,356.82,28.3,8.0,17.8,1009.0,9.8,23,5,7,211,51394.9,2009.0,Mixed
2016-07-30 00:00:00,Fox_lodging_Helen,345.75,30.0,7.2,17.2,1007.7,3.1,0,6,7,212,51394.9,2009.0,Mixed
2016-07-30 01:00:00,Fox_lodging_Helen,341.02,27.8,6.4,19.4,1006.9,6.2,1,6,7,212,51394.9,2009.0,Mixed
2016-07-30 02:00:00,Fox_lodging_Helen,343.77,27.2,5.6,20.0,1006.2,6.2,2,6,7,212,51394.9,2009.0,Mixed
2016-07-30 03:00:00,Fox_lodging_Helen,343.72,27.2,5.6,20.0,1006.6,3.1,3,6,7,212,51394.9,2009.0,Mixed
2016-07-30 04:00:00,Fox_lodging_Helen,340.85,28.3,4.0,18.3,1007.1,0.0,4,6,7,212,51394.9,2009.0,Mixed
2016-07-30 05:00:00,Fox_lodging_Helen,345.25,28.9,6.0,18.9,1008.7,3.1,5,6,7,212,51394.9,2009.0,Mixed
2016-07-30 06:00:00,Fox_lodging_Helen,341.37,27.8,5.6,19.4,1009.3,2.6,6,6,7,212,51394.9,2009.0,Mixed
2016-07-30 07:00:00,Fox_lodging_Helen,335.45,29.4,5.2,18.9,1008.8,0.0,7,6,7,212,51394.9,2009.0,Mixed
2016-07-30 08:00:00,Fox_lodging_Helen,321.43,30.6,4.8,18.9,1009.4,2.6,8,6,7,212,51394.9,2009.0,Mixed
2016-07-30 09:00:00,Fox_lodging_Helen,309.78,31.7,4.8,17.8,1010.2,4.6,9,6,7,212,51394.9,2009.0,Mixed
2016-07-30 10:00:00,Fox_lodging_Helen,301.12,32.2,4.0,18.9,1009.8,4.6,10,6,7,212,51394.9,2009.0,Mixed
2016-07-30 11:00:00,Fox_lodging_Helen,287.45,33.3,4.0,19.4,1009.5,3.1,11,6,7,212,51394.9,2009.0,Mixed
2016-07-30 12:00:00,Fox_lodging_Helen,287.08,33.9,4.0,18.9,1009.0,2.1,12,6,7,212,51394.9,2009.0,Mixed
2016-07-30 13:00:00,Fox_lodging_Helen,286.5,34.4,4.0,19.4,1008.6,3.6,13,6,7,212,51394.9,2009.0,Mixed
2016-07-30 14:00:00,Fox_lodging_Helen,299.07,36.1,4.0,17.8,1007.7,1.5,14,6,7,212,51394.9,2009.0,Mixed
2016-07-30 15:00:00,Fox_lodging_Helen,303.58,37.2,4.0,18.3,1006.7,5.1,15,6,7,212,51394.9,2009.0,Mixed
2016-07-30 16:00:00,Fox_lodging_Helen,325.18,37.2,4.0,17.8,1005.7,5.1,16,6,7,212,51394.9,2009.0,Mixed
2016-07-30 17:00:00,Fox_lodging_Helen,344.82,37.8,4.0,17.2,1005.1,4.6,17,6,7,212,51394.9,2009.0,Mixed
2016-07-30 18:00:00,Fox_lodging_Helen,363.1,38.3,4.0,16.7,1004.4,6.2,18,6,7,212,51394.9,2009.0,Mixed
2016-07-30 19:00:00,Fox_lodging_Helen,372.33,36.1,4.0,17.2,1004.8,6.2,19,6,7,212,51394.9,2009.0,Mixed
2016-07-30 20:00:00,Fox_lodging_Helen,417.12,35.6,4.0,17.2,1005.4,4.6,20,6,7,212,51394.9,2009.0,Mixed
2016-07-30 21:00:00,Fox_lodging_Helen,467.9,35.0,4.0,17.2,1006.0,3.1,21,6,7,212,51394.9,2009.0,Mixed
2016-07-30 22:00:00,Fox_lodging_Helen,426.48,35.0,4.0,17.2,1007.1,4.6,22,6,7,212,51394.9,2009.0,Mixed
2016-07-30 23:00:00,Fox_lodging_Helen,363.68,33.9,4.0,18.9,1007.5,4.6,23,6,7,212,51394.9,2009.0,Mixed
2016-07-31 00:00:00,Fox_lodging_Helen,340.75,33.3,4.333333333333333,18.3,1008.1,3.6,0,7,7,213,51394.9,2009.0,Mixed
2016-07-31 01:00:00,Fox_lodging_Helen,331.9,32.8,4.666666666666667,18.3,1007.9,5.7,1,7,7,213,51394.9,2009.0,Mixed
2016-07-31 02:00:00,Fox_lodging_Helen,336.6,31.7,5.0,18.9,1007.5,5.7,2,7,7,213,51394.9,2009.0,Mixed
2016-07-31 03:00:00,Fox_lodging_Helen,336.5,31.7,5.0,18.9,1007.7,6.2,3,7,7,213,51394.9,2009.0,Mixed
2016-07-31 04:00:00,Fox_lodging_Helen,341.12,31.1,5.0,19.4,1008.1,7.2,4,7,7,213,51394.9,2009.0,Mixed
2016-07-31 05:00:00,Fox_lodging_Helen,339.8,30.6,6.0,18.9,1008.8,4.6,5,7,7,213,51394.9,2009.0,Mixed
2016-07-31 06:00:00,Fox_lodging_Helen,334.3,30.0,6.0,18.9,1009.5,3.6,6,7,7,213,51394.9,2009.0,Mixed
2016-07-31 07:00:00,Fox_lodging_Helen,321.73,29.4,6.0,19.4,1010.1,2.6,7,7,7,213,51394.9,2009.0,Mixed
2016-07-31 08:00:00,Fox_lodging_Helen,304.63,30.6,6.0,18.9,1010.2,4.1,8,7,7,213,51394.9,2009.0,Mixed
2016-07-31 09:00:00,Fox_lodging_Helen,303.75,31.1,6.0,18.9,1010.5,5.1,9,7,7,213,51394.9,2009.0,Mixed
2016-07-31 10:00:00,Fox_lodging_Helen,296.67,31.7,6.0,18.3,1010.7,4.6,10,7,7,213,51394.9,2009.0,Mixed
2016-07-31 11:00:00,Fox_lodging_Helen,282.33,32.8,6.0,18.3,1010.6,3.6,11,7,7,213,51394.9,2009.0,Mixed
2016-07-31 12:00:00,Fox_lodging_Helen,283.97,34.4,5.0,17.2,1010.2,3.6,12,7,7,213,51394.9,2009.0,Mixed
2016-07-31 13:00:00,Fox_lodging_Helen,273.18,36.1,4.0,18.3,1009.2,4.1,13,7,7,213,51394.9,2009.0,Mixed
2016-07-31 14:00:00,Fox_lodging_Helen,286.6,36.7,4.0,18.3,1008.1,4.1,14,7,7,213,51394.9,2009.0,Mixed
2016-07-31 15:00:00,Fox_lodging_Helen,315.53,37.2,4.0,18.3,1006.9,4.6,15,7,7,213,51394.9,2009.0,Mixed
2016-07-31 16:00:00,Fox_lodging_Helen,330.13,38.3,4.0,17.8,1005.7,7.7,16,7,7,213,51394.9,2009.0,Mixed
2016-07-31 17:00:00,Fox_lodging_Helen,351.18,38.3,4.0,16.7,1005.2,2.6,17,7,7,213,51394.9,2009.0,Mixed
2016-07-31 18:00:00,Fox_lodging_Helen,378.68,38.3,4.333333333333333,16.7,1005.1,5.7,18,7,7,213,51394.9,2009.0,Mixed
2016-07-31 19:00:00,Fox_lodging_Helen,374.88,37.8,4.666666666666667,16.7,1005.3,4.6,19,7,7,213,51394.9,2009.0,Mixed
2016-07-31 20:00:00,Fox_lodging_Helen,386.53,36.1,5.0,16.7,1006.2,2.6,20,7,7,213,51394.9,2009.0,Mixed
2016-07-31 21:00:00,Fox_lodging_Helen,378.8,31.1,5.0,18.3,1008.1,11.8,21,7,7,213,51394.9,2009.0,Mixed
2016-07-31 22:00:00,Fox_lodging_Helen,349.45,31.1,5.0,17.2,1008.7,8.2,22,7,7,213,51394.9,2009.0,Mixed
2016-07-31 23:00:00,Fox_lodging_Helen,339.17,31.1,6.0,16.7,1009.6,4.6,23,7,7,213,51394.9,2009.0,Mixed
2016-08-01 00:00:00,Fox_lodging_Helen,333.43,30.0,6.0,17.2,1009.1,4.1,0,1,8,214,51394.9,2009.0,Mixed
2016-08-01 01:00:00,Fox_lodging_Helen,329.18,29.4,6.0,17.8,1009.4,3.6,1,1,8,214,51394.9,2009.0,Mixed
2016-08-01 02:00:00,Fox_lodging_Helen,322.35,27.8,6.0,20.0,1010.1,4.6,2,1,8,214,51394.9,2009.0,Mixed
2016-08-01 03:00:00,Fox_lodging_Helen,318.83,27.2,6.0,18.3,1010.5,5.1,3,1,8,214,51394.9,2009.0,Mixed
2016-08-01 04:00:00,Fox_lodging_Helen,321.82,27.2,6.0,18.3,1010.8,3.6,4,1,8,214,51394.9,2009.0,Mixed
2016-08-01 05:00:00,Fox_lodging_Helen,331.03,27.2,6.0,18.9,1011.1,2.6,5,1,8,214,51394.9,2009.0,Mixed
2016-08-01 06:00:00,Fox_lodging_Helen,330.28,27.2,6.0,18.9,1011.2,2.6,6,1,8,214,51394.9,2009.0,Mixed
2016-08-01 07:00:00,Fox_lodging_Helen,328.35,27.8,6.0,18.3,1011.8,3.1,7,1,8,214,51394.9,2009.0,Mixed
2016-08-01 08:00:00,Fox_lodging_Helen,327.6,27.2,6.0,18.3,1012.2,3.6,8,1,8,214,51394.9,2009.0,Mixed
2016-08-01 09:00:00,Fox_lodging_Helen,317.8,27.8,6.0,18.9,1012.4,4.6,9,1,8,214,51394.9,2009.0,Mixed
2016-08-01 10:00:00,Fox_lodging_Helen,298.82,28.9,6.0,18.9,1012.7,0.0,10,1,8,214,51394.9,2009.0,Mixed
2016-08-01 11:00:00,Fox_lodging_Helen,270.55,31.1,6.0,17.8,1012.7,2.1,11,1,8,214,51394.9,2009.0,Mixed
2016-08-01 12:00:00,Fox_lodging_Helen,270.35,32.8,5.333333333333333,17.8,1012.2,1.5,12,1,8,214,51394.9,2009.0,Mixed
2016-08-01 13:00:00,Fox_lodging_Helen,276.27,33.9,4.666666666666667,17.8,1011.1,2.6,13,1,8,214,51394.9,2009.0,Mixed
2016-08-01 14:00:00,Fox_lodging_Helen,280.72,34.4,4.0,18.3,1009.9,2.6,14,1,8,214,51394.9,2009.0,Mixed
2016-08-01 15:00:00,Fox_lodging_Helen,297.47,35.6,4.0,18.3,1008.8,1.5,15,1,8,214,51394.9,2009.0,Mixed
2016-08-01 16:00:00,Fox_lodging_Helen,319.1,36.7,4.0,16.7,1008.1,5.1,16,1,8,214,51394.9,2009.0,Mixed
2016-08-01 17:00:00,Fox_lodging_Helen,335.27,36.7,4.0,16.7,1007.9,3.6,17,1,8,214,51394.9,2009.0,Mixed
2016-08-01 18:00:00,Fox_lodging_Helen,354.45,36.7,4.0,16.7,1007.4,2.6,18,1,8,214,51394.9,2009.0,Mixed
2016-08-01 19:00:00,Fox_lodging_Helen,360.98,36.1,4.4,16.7,1008.1,3.6,19,1,8,214,51394.9,2009.0,Mixed
2016-08-01 20:00:00,Fox_lodging_Helen,359.73,35.6,4.8,16.7,1008.7,3.6,20,1,8,214,51394.9,2009.0,Mixed
2016-08-01 21:00:00,Fox_lodging_Helen,366.07,34.4,5.2,16.7,1009.4,5.1,21,1,8,214,51394.9,2009.0,Mixed
2016-08-01 22:00:00,Fox_lodging_Helen,355.17,33.9,5.2,17.2,1010.2,5.1,22,1,8,214,51394.9,2009.0,Mixed
2016-08-01 23:00:00,Fox_lodging_Helen,331.08,33.9,6.0,17.8,1010.3,4.6,23,1,8,214,51394.9,2009.0,Mixed
2016-08-02 00:00:00,Fox_lodging_Helen,331.8,33.3,6.0,18.3,1010.5,2.1,0,2,8,215,51394.9,2009.0,Mixed
2016-08-02 01:00:00,Fox_lodging_Helen,329.23,32.2,6.0,20.0,1011.1,5.1,1,2,8,215,51394.9,2009.0,Mixed
2016-08-02 02:00:00,Fox_lodging_Helen,329.58,31.7,6.0,20.6,1011.0,4.1,2,2,8,215,51394.9,2009.0,Mixed
2016-08-02 03:00:00,Fox_lodging_Helen,323.8,31.1,6.0,20.6,1010.9,2.6,3,2,8,215,51394.9,2009.0,Mixed
2016-08-02 04:00:00,Fox_lodging_Helen,326.4,31.1,6.0,20.6,1010.9,3.6,4,2,8,215,51394.9,2009.0,Mixed
2016-08-02 05:00:00,Fox_lodging_Helen,333.58,30.6,6.0,20.6,1011.0,3.1,5,2,8,215,51394.9,2009.0,Mixed
2016-08-02 06:00:00,Fox_lodging_Helen,334.83,30.0,6.0,20.6,1011.8,3.1,6,2,8,215,51394.9,2009.0,Mixed
2016-08-02 07:00:00,Fox_lodging_Helen,323.93,30.6,6.0,20.6,1012.6,3.1,7,2,8,215,51394.9,2009.0,Mixed
2016-08-02 08:00:00,Fox_lodging_Helen,332.88,30.6,6.0,21.1,1013.3,2.1,8,2,8,215,51394.9,2009.0,Mixed
2016-08-02 09:00:00,Fox_lodging_Helen,324.78,30.6,6.0,21.1,1013.6,4.6,9,2,8,215,51394.9,2009.0,Mixed
2016-08-02 10:00:00,Fox_lodging_Helen,319.58,31.7,6.0,21.1,1013.5,4.1,10,2,8,215,51394.9,2009.0,Mixed
2016-08-02 11:00:00,Fox_lodging_Helen,321.17,31.1,6.0,21.7,1013.8,6.2,11,2,8,215,51394.9,2009.0,Mixed
2016-08-02 12:00:00,Fox_lodging_Helen,312.53,31.7,6.0,22.2,1013.4,4.6,12,2,8,215,51394.9,2009.0,Mixed
2016-08-02 13:00:00,Fox_lodging_Helen,269.5,32.2,6.0,22.2,1012.4,5.1,13,2,8,215,51394.9,2009.0,Mixed
2016-08-02 14:00:00,Fox_lodging_Helen,281.12,35.0,6.0,21.1,1011.4,4.1,14,2,8,215,51394.9,2009.0,Mixed
2016-08-02 15:00:00,Fox_lodging_Helen,300.17,35.0,6.0,21.1,1010.5,3.6,15,2,8,215,51394.9,2009.0,Mixed
2016-08-02 16:00:00,Fox_lodging_Helen,338.88,36.7,6.0,19.4,1009.6,4.1,16,2,8,215,51394.9,2009.0,Mixed
2016-08-02 17:00:00,Fox_lodging_Helen,365.15,35.6,6.0,18.9,1010.0,3.1,17,2,8,215,51394.9,2009.0,Mixed
2016-08-02 18:00:00,Fox_lodging_Helen,359.67,25.0,6.333333333333333,22.8,1010.8,8.2,18,2,8,215,51394.9,2009.0,Mixed
2016-08-02 19:00:00,Fox_lodging_Helen,345.58,25.6,6.666666666666667,23.3,1011.6,9.3,19,2,8,215,51394.9,2009.0,Mixed
2016-08-02 20:00:00,Fox_lodging_Helen,350.07,26.1,7.0,22.2,1012.4,5.7,20,2,8,215,51394.9,2009.0,Mixed
2016-08-02 21:00:00,Fox_lodging_Helen,354.08,27.2,7.0,21.1,1012.2,3.1,21,2,8,215,51394.9,2009.0,Mixed
2016-08-02 22:00:00,Fox_lodging_Helen,344.48,26.1,7.0,22.8,1012.6,4.1,22,2,8,215,51394.9,2009.0,Mixed
2016-08-02 23:00:00,Fox_lodging_Helen,328.98,27.2,8.0,22.2,1012.5,2.1,23,2,8,215,51394.9,2009.0,Mixed
2016-08-03 00:00:00,Fox_lodging_Helen,323.6,27.2,6.0,22.8,1012.8,2.1,0,3,8,216,51394.9,2009.0,Mixed
2016-08-03 01:00:00,Fox_lodging_Helen,320.37,27.8,4.0,22.2,1012.7,2.1,1,3,8,216,51394.9,2009.0,Mixed
2016-08-03 02:00:00,Fox_lodging_Helen,316.67,27.8,4.5,22.8,1012.2,2.1,2,3,8,216,51394.9,2009.0,Mixed
2016-08-03 03:00:00,Fox_lodging_Helen,314.22,27.2,5.0,22.8,1011.8,3.6,3,3,8,216,51394.9,2009.0,Mixed
2016-08-03 04:00:00,Fox_lodging_Helen,321.08,27.2,5.5,22.8,1011.8,3.6,4,3,8,216,51394.9,2009.0,Mixed
2016-08-03 05:00:00,Fox_lodging_Helen,326.42,27.2,6.0,22.8,1011.9,2.6,5,3,8,216,51394.9,2009.0,Mixed
2016-08-03 06:00:00,Fox_lodging_Helen,327.92,27.2,5.333333333333333,22.8,1012.9,3.1,6,3,8,216,51394.9,2009.0,Mixed
2016-08-03 07:00:00,Fox_lodging_Helen,316.4,28.3,4.666666666666667,22.8,1013.2,2.1,7,3,8,216,51394.9,2009.0,Mixed
2016-08-03 08:00:00,Fox_lodging_Helen,310.68,29.4,4.0,22.2,1013.3,3.1,8,3,8,216,51394.9,2009.0,Mixed
2016-08-03 09:00:00,Fox_lodging_Helen,295.43,30.0,4.0,22.2,1013.5,3.6,9,3,8,216,51394.9,2009.0,Mixed
2016-08-03 10:00:00,Fox_lodging_Helen,287.15,31.1,4.0,21.7,1013.2,2.6,10,3,8,216,51394.9,2009.0,Mixed
2016-08-03 11:00:00,Fox_lodging_Helen,268.57,33.3,4.0,21.1,1012.7,2.6,11,3,8,216,51394.9,2009.0,Mixed
2016-08-03 12:00:00,Fox_lodging_Helen,263.13,34.4,4.0,18.9,1011.8,0.0,12,3,8,216,51394.9,2009.0,Mixed
2016-08-03 13:00:00,Fox_lodging_Helen,277.33,35.0,4.0,20.0,1010.9,2.6,13,3,8,216,51394.9,2009.0,Mixed
2016-08-03 14:00:00,Fox_lodging_Helen,310.62,36.1,4.5,20.0,1010.0,1.5,14,3,8,216,51394.9,2009.0,Mixed
2016-08-03 15:00:00,Fox_lodging_Helen,303.42,35.0,5.0,19.4,1009.7,7.7,15,3,8,216,51394.9,2009.0,Mixed
2016-08-03 16:00:00,Fox_lodging_Helen,296.98,34.4,5.5,19.4,1008.7,4.6,16,3,8,216,51394.9,2009.0,Mixed
2016-08-03 17:00:00,Fox_lodging_Helen,332.18,33.3,6.0,19.4,1008.6,7.2,17,3,8,216,51394.9,2009.0,Mixed
2016-08-03 18:00:00,Fox_lodging_Helen,345.43,33.3,6.0,20.0,1008.6,2.1,18,3,8,216,51394.9,2009.0,Mixed
2016-08-03 19:00:00,Fox_lodging_Helen,345.9,32.8,6.0,17.8,1008.6,6.2,19,3,8,216,51394.9,2009.0,Mixed
2016-08-03 20:00:00,Fox_lodging_Helen,366.75,32.2,6.0,19.4,1009.0,3.1,20,3,8,216,51394.9,2009.0,Mixed
2016-08-03 21:00:00,Fox_lodging_Helen,392.27,31.7,6.0,21.7,1009.4,4.1,21,3,8,216,51394.9,2009.0,Mixed
2016-08-03 22:00:00,Fox_lodging_Helen,356.47,31.1,6.0,21.1,1009.5,3.1,22,3,8,216,51394.9,2009.0,Mixed
2016-08-03 23:00:00,Fox_lodging_Helen,327.43,30.6,6.0,21.1,1009.5,4.6,23,3,8,216,51394.9,2009.0,Mixed
2016-08-04 00:00:00,Fox_lodging_Helen,326.83,30.0,5.333333333333333,21.1,1009.6,3.6,0,4,8,217,51394.9,2009.0,Mixed
2016-08-04 01:00:00,Fox_lodging_Helen,314.75,30.0,4.666666666666667,20.6,1009.0,4.1,1,4,8,217,51394.9,2009.0,Mixed
2016-08-04 02:00:00,Fox_lodging_Helen,313.92,29.4,4.0,21.1,1008.9,3.6,2,4,8,217,51394.9,2009.0,Mixed
2016-08-04 03:00:00,Fox_lodging_Helen,311.2,28.9,4.0,21.1,1008.8,3.6,3,4,8,217,51394.9,2009.0,Mixed
2016-08-04 04:00:00,Fox_lodging_Helen,313.9,28.9,5.0,21.1,1008.6,3.6,4,4,8,217,51394.9,2009.0,Mixed
2016-08-04 05:00:00,Fox_lodging_Helen,320.08,29.4,6.0,21.1,1009.0,2.6,5,4,8,217,51394.9,2009.0,Mixed
2016-08-04 06:00:00,Fox_lodging_Helen,320.08,28.9,5.666666666666667,21.1,1009.5,3.6,6,4,8,217,51394.9,2009.0,Mixed
2016-08-04 07:00:00,Fox_lodging_Helen,312.12,28.9,5.333333333333333,21.1,1009.9,4.1,7,4,8,217,51394.9,2009.0,Mixed
2016-08-04 08:00:00,Fox_lodging_Helen,301.12,29.4,5.0,21.1,1010.3,4.1,8,4,8,217,51394.9,2009.0,Mixed
2016-08-04 09:00:00,Fox_lodging_Helen,293.93,31.1,5.0,21.7,1010.4,5.1,9,4,8,217,51394.9,2009.0,Mixed
2016-08-04 10:00:00,Fox_lodging_Helen,259.27,31.7,5.0,21.7,1010.3,4.6,10,4,8,217,51394.9,2009.0,Mixed
2016-08-04 11:00:00,Fox_lodging_Helen,256.37,32.8,4.0,21.1,1010.1,5.1,11,4,8,217,51394.9,2009.0,Mixed
2016-08-04 12:00:00,Fox_lodging_Helen,268.07,33.9,4.0,21.1,1009.1,4.1,12,4,8,217,51394.9,2009.0,Mixed
2016-08-04 13:00:00,Fox_lodging_Helen,268.72,35.6,4.0,20.0,1007.9,2.6,13,4,8,217,51394.9,2009.0,Mixed
2016-08-04 14:00:00,Fox_lodging_Helen,281.87,36.7,4.5,18.9,1007.2,3.6,14,4,8,217,51394.9,2009.0,Mixed
2016-08-04 15:00:00,Fox_lodging_Helen,280.63,36.7,5.0,20.0,1006.5,5.1,15,4,8,217,51394.9,2009.0,Mixed
2016-08-04 16:00:00,Fox_lodging_Helen,301.17,36.7,5.5,20.0,1005.8,5.7,16,4,8,217,51394.9,2009.0,Mixed
2016-08-04 17:00:00,Fox_lodging_Helen,326.05,36.7,6.0,18.9,1005.4,2.6,17,4,8,217,51394.9,2009.0,Mixed
2016-08-04 18:00:00,Fox_lodging_Helen,349.0,36.1,5.6,18.3,1005.1,3.6,18,4,8,217,51394.9,2009.0,Mixed
2016-08-04 19:00:00,Fox_lodging_Helen,352.13,35.6,5.2,18.9,1005.5,4.1,19,4,8,217,51394.9,2009.0,Mixed
2016-08-04 20:00:00,Fox_lodging_Helen,364.1,35.0,4.8,18.9,1006.0,3.6,20,4,8,217,51394.9,2009.0,Mixed
2016-08-04 21:00:00,Fox_lodging_Helen,358.32,34.4,4.8,18.9,1006.2,2.1,21,4,8,217,51394.9,2009.0,Mixed
2016-08-04 22:00:00,Fox_lodging_Helen,344.02,33.9,4.0,17.8,1006.4,3.1,22,4,8,217,51394.9,2009.0,Mixed
2016-08-04 23:00:00,Fox_lodging_Helen,326.87,33.3,4.0,18.3,1006.6,0.0,23,4,8,217,51394.9,2009.0,Mixed
2016-08-05 00:00:00,Fox_lodging_Helen,321.65,32.8,4.0,18.9,1006.7,2.1,0,5,8,218,51394.9,2009.0,Mixed
2016-08-05 01:00:00,Fox_lodging_Helen,313.88,32.2,4.0,18.3,1006.6,2.6,1,5,8,218,51394.9,2009.0,Mixed
2016-08-05 02:00:00,Fox_lodging_Helen,307.42,31.7,4.0,19.4,1006.6,2.1,2,5,8,218,51394.9,2009.0,Mixed
2016-08-05 03:00:00,Fox_lodging_Helen,312.85,31.7,4.666666666666667,20.6,1006.6,3.1,3,5,8,218,51394.9,2009.0,Mixed
2016-08-05 04:00:00,Fox_lodging_Helen,313.72,31.7,5.333333333333333,21.1,1006.6,3.6,4,5,8,218,51394.9,2009.0,Mixed
2016-08-05 05:00:00,Fox_lodging_Helen,320.17,31.1,6.0,21.1,1006.8,3.1,5,5,8,218,51394.9,2009.0,Mixed
2016-08-05 06:00:00,Fox_lodging_Helen,321.4,30.6,6.0,21.1,1007.3,2.6,6,5,8,218,51394.9,2009.0,Mixed
2016-08-05 07:00:00,Fox_lodging_Helen,308.1,31.1,6.0,21.1,1007.6,4.1,7,5,8,218,51394.9,2009.0,Mixed
2016-08-05 08:00:00,Fox_lodging_Helen,322.33,31.1,6.0,20.0,1008.5,1.5,8,5,8,218,51394.9,2009.0,Mixed
2016-08-05 09:00:00,Fox_lodging_Helen,322.37,25.0,6.0,22.8,1009.1,7.7,9,5,8,218,51394.9,2009.0,Mixed
2016-08-05 10:00:00,Fox_lodging_Helen,269.2,25.6,6.0,20.6,1010.0,7.7,10,5,8,218,51394.9,2009.0,Mixed
2016-08-05 11:00:00,Fox_lodging_Helen,247.15,27.8,6.0,19.4,1009.8,2.6,11,5,8,218,51394.9,2009.0,Mixed
2016-08-05 12:00:00,Fox_lodging_Helen,251.42,30.6,4.0,19.4,1009.2,3.1,12,5,8,218,51394.9,2009.0,Mixed
2016-08-05 13:00:00,Fox_lodging_Helen,263.07,32.8,4.4,18.3,1007.8,3.1,13,5,8,218,51394.9,2009.0,Mixed
2016-08-05 14:00:00,Fox_lodging_Helen,271.42,34.4,4.8,18.9,1007.2,1.5,14,5,8,218,51394.9,2009.0,Mixed
2016-08-05 15:00:00,Fox_lodging_Helen,293.81,36.1,5.2,19.4,1006.3,1.5,15,5,8,218,51394.9,2009.0,Mixed
2016-08-05 16:00:00,Fox_lodging_Helen,312.07,36.1,5.2,17.8,1005.8,0.0,16,5,8,218,51394.9,2009.0,Mixed
2016-08-05 17:00:00,Fox_lodging_Helen,321.93,35.6,6.0,18.3,1004.8,1.5,17,5,8,218,51394.9,2009.0,Mixed
2016-08-05 18:00:00,Fox_lodging_Helen,331.17,36.1,6.0,17.2,1005.0,2.1,18,5,8,218,51394.9,2009.0,Mixed
2016-08-05 19:00:00,Fox_lodging_Helen,340.22,35.6,6.0,17.8,1005.0,2.1,19,5,8,218,51394.9,2009.0,Mixed
2016-08-05 20:00:00,Fox_lodging_Helen,356.03,35.6,6.0,17.2,1005.4,2.1,20,5,8,218,51394.9,2009.0,Mixed
2016-08-05 21:00:00,Fox_lodging_Helen,342.82,33.3,6.0,18.3,1006.9,3.1,21,5,8,218,51394.9,2009.0,Mixed
2016-08-05 22:00:00,Fox_lodging_Helen,332.85,32.8,6.0,18.9,1007.2,3.6,22,5,8,218,51394.9,2009.0,Mixed
2016-08-05 23:00:00,Fox_lodging_Helen,323.32,32.2,6.0,17.8,1007.0,2.6,23,5,8,218,51394.9,2009.0,Mixed
2016-08-06 00:00:00,Fox_lodging_Helen,315.9,31.7,5.0,18.9,1007.1,2.1,0,6,8,219,51394.9,2009.0,Mixed
2016-08-06 01:00:00,Fox_lodging_Helen,304.63,31.1,4.0,19.4,1006.9,2.1,1,6,8,219,51394.9,2009.0,Mixed
2016-08-06 02:00:00,Fox_lodging_Helen,307.38,31.1,3.0,20.0,1006.5,2.6,2,6,8,219,51394.9,2009.0,Mixed
2016-08-06 03:00:00,Fox_lodging_Helen,305.15,30.6,2.0,20.0,1006.5,2.1,3,6,8,219,51394.9,2009.0,Mixed
2016-08-06 04:00:00,Fox_lodging_Helen,306.13,30.0,2.0,19.4,1006.6,4.1,4,6,8,219,51394.9,2009.0,Mixed
2016-08-06 05:00:00,Fox_lodging_Helen,312.02,28.9,2.0,19.4,1006.9,3.6,5,6,8,219,51394.9,2009.0,Mixed
2016-08-06 06:00:00,Fox_lodging_Helen,309.93,29.4,2.0,18.9,1007.2,3.6,6,6,8,219,51394.9,2009.0,Mixed
2016-08-06 07:00:00,Fox_lodging_Helen,301.43,29.4,2.0,19.4,1007.6,4.1,7,6,8,219,51394.9,2009.0,Mixed
2016-08-06 08:00:00,Fox_lodging_Helen,287.78,31.1,2.0,18.9,1007.9,5.1,8,6,8,219,51394.9,2009.0,Mixed
2016-08-06 09:00:00,Fox_lodging_Helen,277.4,32.8,2.0,18.9,1007.9,3.1,9,6,8,219,51394.9,2009.0,Mixed
2016-08-06 10:00:00,Fox_lodging_Helen,268.98,33.9,2.0,18.9,1007.9,3.1,10,6,8,219,51394.9,2009.0,Mixed
2016-08-06 11:00:00,Fox_lodging_Helen,259.45,36.1,2.0,18.9,1007.6,3.6,11,6,8,219,51394.9,2009.0,Mixed
2016-08-06 12:00:00,Fox_lodging_Helen,260.08,37.2,4.0,18.9,1007.0,2.6,12,6,8,219,51394.9,2009.0,Mixed
2016-08-06 13:00:00,Fox_lodging_Helen,272.57,39.4,4.0,18.9,1006.0,3.1,13,6,8,219,51394.9,2009.0,Mixed
2016-08-06 14:00:00,Fox_lodging_Helen,278.35,39.4,4.0,17.2,1005.1,2.1,14,6,8,219,51394.9,2009.0,Mixed
2016-08-06 15:00:00,Fox_lodging_Helen,285.23,40.0,4.0,16.7,1004.1,2.1,15,6,8,219,51394.9,2009.0,Mixed
2016-08-06 16:00:00,Fox_lodging_Helen,310.47,40.0,4.0,14.4,1003.2,0.0,16,6,8,219,51394.9,2009.0,Mixed
2016-08-06 17:00:00,Fox_lodging_Helen,334.52,40.0,2.0,13.9,1002.5,0.0,17,6,8,219,51394.9,2009.0,Mixed
2016-08-06 18:00:00,Fox_lodging_Helen,361.5,40.6,2.0,13.3,1002.3,2.1,18,6,8,219,51394.9,2009.0,Mixed
2016-08-06 19:00:00,Fox_lodging_Helen,366.17,39.4,2.0,15.0,1002.4,2.1,19,6,8,219,51394.9,2009.0,Mixed
2016-08-06 20:00:00,Fox_lodging_Helen,359.22,38.3,2.0,13.9,1002.6,2.1,20,6,8,219,51394.9,2009.0,Mixed
2016-08-06 21:00:00,Fox_lodging_Helen,358.12,37.8,2.0,13.9,1003.3,1.5,21,6,8,219,51394.9,2009.0,Mixed
2016-08-06 22:00:00,Fox_lodging_Helen,358.38,36.7,2.0,13.9,1003.6,0.0,22,6,8,219,51394.9,2009.0,Mixed
2016-08-06 23:00:00,Fox_lodging_Helen,336.65,36.1,2.0,15.0,1003.9,2.6,23,6,8,219,51394.9,2009.0,Mixed
2016-08-07 00:00:00,Fox_lodging_Helen,323.88,35.6,2.0,15.0,1004.1,3.6,0,7,8,220,51394.9,2009.0,Mixed
2016-08-07 01:00:00,Fox_lodging_Helen,323.73,33.3,2.0,16.7,1004.4,5.1,1,7,8,220,51394.9,2009.0,Mixed
2016-08-07 02:00:00,Fox_lodging_Helen,323.98,33.3,2.0,16.1,1004.5,0.0,2,7,8,220,51394.9,2009.0,Mixed
2016-08-07 03:00:00,Fox_lodging_Helen,314.7,31.1,2.0,19.4,1004.3,3.1,3,7,8,220,51394.9,2009.0,Mixed
2016-08-07 04:00:00,Fox_lodging_Helen,315.03,31.7,2.0,17.2,1004.7,3.1,4,7,8,220,51394.9,2009.0,Mixed
2016-08-07 05:00:00,Fox_lodging_Helen,326.12,31.1,2.0,17.2,1004.8,3.6,5,7,8,220,51394.9,2009.0,Mixed
2016-08-07 06:00:00,Fox_lodging_Helen,317.67,30.6,2.0,17.8,1005.0,3.6,6,7,8,220,51394.9,2009.0,Mixed
2016-08-07 07:00:00,Fox_lodging_Helen,308.07,31.1,0.0,17.8,1005.5,3.6,7,7,8,220,51394.9,2009.0,Mixed
2016-08-07 08:00:00,Fox_lodging_Helen,295.95,32.8,0.0,16.7,1006.1,3.1,8,7,8,220,51394.9,2009.0,Mixed
2016-08-07 09:00:00,Fox_lodging_Helen,294.42,34.4,0.0,16.1,1006.2,2.6,9,7,8,220,51394.9,2009.0,Mixed
2016-08-07 10:00:00,Fox_lodging_Helen,278.7,35.6,2.0,16.7,1006.1,4.1,10,7,8,220,51394.9,2009.0,Mixed
2016-08-07 11:00:00,Fox_lodging_Helen,264.18,37.8,2.0,16.7,1005.8,3.1,11,7,8,220,51394.9,2009.0,Mixed
2016-08-07 12:00:00,Fox_lodging_Helen,268.83,38.9,2.0,16.1,1005.2,2.6,12,7,8,220,51394.9,2009.0,Mixed
2016-08-07 13:00:00,Fox_lodging_Helen,271.03,40.0,2.0,16.1,1004.8,0.0,13,7,8,220,51394.9,2009.0,Mixed
2016-08-07 14:00:00,Fox_lodging_Helen,280.88,40.6,2.0,14.4,1004.0,2.1,14,7,8,220,51394.9,2009.0,Mixed
2016-08-07 15:00:00,Fox_lodging_Helen,303.33,41.7,2.0,15.0,1003.0,5.7,15,7,8,220,51394.9,2009.0,Mixed
2016-08-07 16:00:00,Fox_lodging_Helen,311.35,42.2,2.0,15.0,1002.1,4.1,16,7,8,220,51394.9,2009.0,Mixed
2016-08-07 17:00:00,Fox_lodging_Helen,350.2,42.2,2.0,13.9,1001.5,5.1,17,7,8,220,51394.9,2009.0,Mixed
2016-08-07 18:00:00,Fox_lodging_Helen,361.45,42.2,2.0,13.3,1000.9,5.1,18,7,8,220,51394.9,2009.0,Mixed
2016-08-07 19:00:00,Fox_lodging_Helen,376.9,40.6,2.0,13.3,1001.0,3.6,19,7,8,220,51394.9,2009.0,Mixed
2016-08-07 20:00:00,Fox_lodging_Helen,378.07,40.6,4.0,12.8,1001.3,2.6,20,7,8,220,51394.9,2009.0,Mixed
2016-08-07 21:00:00,Fox_lodging_Helen,362.02,40.0,4.0,12.8,1001.7,2.1,21,7,8,220,51394.9,2009.0,Mixed
2016-08-07 22:00:00,Fox_lodging_Helen,349.6,38.3,4.0,15.0,1002.3,1.5,22,7,8,220,51394.9,2009.0,Mixed
2016-08-07 23:00:00,Fox_lodging_Helen,335.75,37.8,4.0,10.0,1002.8,3.6,23,7,8,220,51394.9,2009.0,Mixed
2016-08-08 00:00:00,Fox_lodging_Helen,326.45,37.2,2.0,7.8,1003.2,4.1,0,1,8,221,51394.9,2009.0,Mixed
2016-08-08 01:00:00,Fox_lodging_Helen,315.6,36.7,2.0,6.1,1003.3,5.7,1,1,8,221,51394.9,2009.0,Mixed
2016-08-08 02:00:00,Fox_lodging_Helen,309.02,36.1,2.0,6.1,1003.2,5.1,2,1,8,221,51394.9,2009.0,Mixed
2016-08-08 03:00:00,Fox_lodging_Helen,307.12,34.4,2.0,7.2,1003.6,3.1,3,1,8,221,51394.9,2009.0,Mixed
2016-08-08 04:00:00,Fox_lodging_Helen,228.48,33.9,4.0,7.2,1004.1,3.6,4,1,8,221,51394.9,2009.0,Mixed
2016-08-08 05:00:00,Fox_lodging_Helen,313.82,33.3,4.0,6.1,1004.5,2.6,5,1,8,221,51394.9,2009.0,Mixed
2016-08-08 06:00:00,Fox_lodging_Helen,314.98,32.8,4.0,7.8,1005.2,0.0,6,1,8,221,51394.9,2009.0,Mixed
2016-08-08 07:00:00,Fox_lodging_Helen,311.18,32.2,4.0,11.1,1005.7,1.5,7,1,8,221,51394.9,2009.0,Mixed
2016-08-08 08:00:00,Fox_lodging_Helen,304.98,32.8,2.0,12.8,1006.3,2.1,8,1,8,221,51394.9,2009.0,Mixed
2016-08-08 09:00:00,Fox_lodging_Helen,288.05,35.0,2.0,10.0,1006.5,2.6,9,1,8,221,51394.9,2009.0,Mixed
2016-08-08 10:00:00,Fox_lodging_Helen,276.4,36.7,2.0,9.4,1006.7,1.5,10,1,8,221,51394.9,2009.0,Mixed
2016-08-08 11:00:00,Fox_lodging_Helen,275.68,38.9,2.0,7.8,1006.6,2.1,11,1,8,221,51394.9,2009.0,Mixed
2016-08-08 12:00:00,Fox_lodging_Helen,269.17,39.4,2.0,7.2,1006.1,2.1,12,1,8,221,51394.9,2009.0,Mixed
2016-08-08 13:00:00,Fox_lodging_Helen,268.63,41.1,2.0,5.6,1005.3,2.1,13,1,8,221,51394.9,2009.0,Mixed
2016-08-08 14:00:00,Fox_lodging_Helen,276.08,41.1,2.0,5.6,1004.4,0.0,14,1,8,221,51394.9,2009.0,Mixed
2016-08-08 15:00:00,Fox_lodging_Helen,287.03,41.7,2.0,6.7,1003.4,1.5,15,1,8,221,51394.9,2009.0,Mixed
2016-08-08 16:00:00,Fox_lodging_Helen,309.53,42.2,2.0,5.6,1002.8,3.6,16,1,8,221,51394.9,2009.0,Mixed
2016-08-08 17:00:00,Fox_lodging_Helen,336.87,42.2,2.0,6.7,1002.4,3.6,17,1,8,221,51394.9,2009.0,Mixed
2016-08-08 18:00:00,Fox_lodging_Helen,362.43,42.2,2.0,5.0,1001.8,3.6,18,1,8,221,51394.9,2009.0,Mixed
2016-08-08 19:00:00,Fox_lodging_Helen,364.32,41.7,2.0,5.6,1001.8,4.1,19,1,8,221,51394.9,2009.0,Mixed
2016-08-08 20:00:00,Fox_lodging_Helen,371.13,40.6,2.0,6.1,1002.1,2.6,20,1,8,221,51394.9,2009.0,Mixed
2016-08-08 21:00:00,Fox_lodging_Helen,374.85,38.9,2.0,9.4,1002.9,5.7,21,1,8,221,51394.9,2009.0,Mixed
2016-08-08 22:00:00,Fox_lodging_Helen,378.95,37.2,0.0,11.7,1003.6,6.2,22,1,8,221,51394.9,2009.0,Mixed
2016-08-08 23:00:00,Fox_lodging_Helen,383.72,36.7,0.0,11.7,1004.1,5.1,23,1,8,221,51394.9,2009.0,Mixed
2016-08-09 00:00:00,Fox_lodging_Helen,376.23,35.6,0.0,15.6,1004.5,4.6,0,2,8,222,51394.9,2009.0,Mixed
2016-08-09 01:00:00,Fox_lodging_Helen,369.77,35.6,0.0,13.9,1004.8,3.6,1,2,8,222,51394.9,2009.0,Mixed
2016-08-09 02:00:00,Fox_lodging_Helen,366.8,35.0,4.0,14.4,1005.1,4.6,2,2,8,222,51394.9,2009.0,Mixed
2016-08-09 03:00:00,Fox_lodging_Helen,363.45,33.9,4.0,16.1,1005.4,5.1,3,2,8,222,51394.9,2009.0,Mixed
2016-08-09 04:00:00,Fox_lodging_Helen,366.38,32.8,2.0,17.2,1005.9,4.1,4,2,8,222,51394.9,2009.0,Mixed
2016-08-09 05:00:00,Fox_lodging_Helen,371.92,32.2,4.0,17.8,1006.6,2.6,5,2,8,222,51394.9,2009.0,Mixed
2016-08-09 06:00:00,Fox_lodging_Helen,376.65,31.7,2.0,18.3,1007.4,2.6,6,2,8,222,51394.9,2009.0,Mixed
2016-08-09 07:00:00,Fox_lodging_Helen,347.4,31.7,2.0,20.0,1008.0,4.1,7,2,8,222,51394.9,2009.0,Mixed
2016-08-09 08:00:00,Fox_lodging_Helen,336.2,32.2,2.0,20.0,1008.8,4.6,8,2,8,222,51394.9,2009.0,Mixed
2016-08-09 09:00:00,Fox_lodging_Helen,307.25,32.8,4.0,20.0,1009.3,1.5,9,2,8,222,51394.9,2009.0,Mixed
2016-08-09 10:00:00,Fox_lodging_Helen,297.35,33.9,4.0,20.0,1009.3,0.0,10,2,8,222,51394.9,2009.0,Mixed
2016-08-09 11:00:00,Fox_lodging_Helen,345.52,36.1,6.0,19.4,1009.4,4.1,11,2,8,222,51394.9,2009.0,Mixed
2016-08-09 12:00:00,Fox_lodging_Helen,336.48,25.6,5.5,23.3,1010.3,10.8,12,2,8,222,51394.9,2009.0,Mixed
2016-08-09 13:00:00,Fox_lodging_Helen,297.57,30.0,5.0,22.2,1010.9,4.6,13,2,8,222,51394.9,2009.0,Mixed
2016-08-09 14:00:00,Fox_lodging_Helen,292.5,32.8,4.5,20.6,1009.3,6.7,14,2,8,222,51394.9,2009.0,Mixed
2016-08-09 15:00:00,Fox_lodging_Helen,306.0,32.8,4.0,20.0,1008.0,0.0,15,2,8,222,51394.9,2009.0,Mixed
2016-08-09 16:00:00,Fox_lodging_Helen,328.6,33.9,4.0,18.9,1006.9,4.1,16,2,8,222,51394.9,2009.0,Mixed
2016-08-09 17:00:00,Fox_lodging_Helen,347.97,33.3,4.0,20.0,1006.3,5.1,17,2,8,222,51394.9,2009.0,Mixed
2016-08-09 18:00:00,Fox_lodging_Helen,369.18,33.9,4.0,18.9,1005.9,4.6,18,2,8,222,51394.9,2009.0,Mixed
2016-08-09 19:00:00,Fox_lodging_Helen,363.75,33.3,4.0,19.4,1006.0,4.1,19,2,8,222,51394.9,2009.0,Mixed
2016-08-09 20:00:00,Fox_lodging_Helen,368.03,32.2,4.0,17.2,1006.6,5.1,20,2,8,222,51394.9,2009.0,Mixed
2016-08-09 21:00:00,Fox_lodging_Helen,374.13,32.2,4.0,16.7,1007.1,3.6,21,2,8,222,51394.9,2009.0,Mixed
2016-08-09 22:00:00,Fox_lodging_Helen,351.72,31.1,4.0,17.8,1007.5,1.5,22,2,8,222,51394.9,2009.0,Mixed
2016-08-09 23:00:00,Fox_lodging_Helen,335.02,31.1,4.0,18.3,1007.8,1.5,23,2,8,222,51394.9,2009.0,Mixed
2016-08-10 00:00:00,Fox_lodging_Helen,325.77,31.1,4.0,18.9,1008.5,2.1,0,3,8,223,51394.9,2009.0,Mixed
2016-08-10 01:00:00,Fox_lodging_Helen,321.95,30.0,4.0,19.4,1008.7,2.1,1,3,8,223,51394.9,2009.0,Mixed
2016-08-10 02:00:00,Fox_lodging_Helen,315.27,29.4,4.0,20.6,1008.6,3.1,2,3,8,223,51394.9,2009.0,Mixed
2016-08-10 03:00:00,Fox_lodging_Helen,314.8,29.4,4.666666666666667,20.6,1008.8,1.5,3,3,8,223,51394.9,2009.0,Mixed
2016-08-10 04:00:00,Fox_lodging_Helen,312.72,29.4,5.333333333333333,21.1,1008.8,1.5,4,3,8,223,51394.9,2009.0,Mixed
2016-08-10 05:00:00,Fox_lodging_Helen,317.62,29.4,6.0,20.0,1009.4,1.5,5,3,8,223,51394.9,2009.0,Mixed
2016-08-10 06:00:00,Fox_lodging_Helen,319.58,28.9,6.0,20.0,1010.1,0.0,6,3,8,223,51394.9,2009.0,Mixed
2016-08-10 07:00:00,Fox_lodging_Helen,315.12,29.4,6.0,20.6,1010.9,1.5,7,3,8,223,51394.9,2009.0,Mixed
2016-08-10 08:00:00,Fox_lodging_Helen,314.02,30.6,6.0,21.1,1011.2,1.5,8,3,8,223,51394.9,2009.0,Mixed
2016-08-10 09:00:00,Fox_lodging_Helen,288.55,31.1,6.0,20.0,1011.7,0.0,9,3,8,223,51394.9,2009.0,Mixed
2016-08-10 10:00:00,Fox_lodging_Helen,290.33,32.8,6.0,21.1,1011.7,2.6,10,3,8,223,51394.9,2009.0,Mixed
2016-08-10 11:00:00,Fox_lodging_Helen,270.17,33.3,6.0,20.0,1011.4,1.5,11,3,8,223,51394.9,2009.0,Mixed
2016-08-10 12:00:00,Fox_lodging_Helen,274.55,33.3,6.0,20.0,1010.7,0.0,12,3,8,223,51394.9,2009.0,Mixed
2016-08-10 13:00:00,Fox_lodging_Helen,289.52,34.4,6.0,20.0,1010.0,4.6,13,3,8,223,51394.9,2009.0,Mixed
2016-08-10 14:00:00,Fox_lodging_Helen,302.68,36.7,6.0,19.4,1009.0,3.3499999999999996,14,3,8,223,51394.9,2009.0,Mixed
2016-08-10 15:00:00,Fox_lodging_Helen,317.97,36.7,6.0,18.9,1007.8,2.1,15,3,8,223,51394.9,2009.0,Mixed
2016-08-10 16:00:00,Fox_lodging_Helen,320.65,38.3,6.0,17.8,1007.0,3.6,16,3,8,223,51394.9,2009.0,Mixed
2016-08-10 17:00:00,Fox_lodging_Helen,348.22,37.8,6.0,18.3,1006.3,3.6,17,3,8,223,51394.9,2009.0,Mixed
2016-08-10 18:00:00,Fox_lodging_Helen,369.3,37.8,5.0,18.3,1005.9,2.1,18,3,8,223,51394.9,2009.0,Mixed
2016-08-10 19:00:00,Fox_lodging_Helen,370.37,36.7,4.0,17.8,1006.1,3.1,19,3,8,223,51394.9,2009.0,Mixed
2016-08-10 20:00:00,Fox_lodging_Helen,367.1,36.1,4.5,18.9,1006.7,3.6,20,3,8,223,51394.9,2009.0,Mixed
2016-08-10 21:00:00,Fox_lodging_Helen,370.38,30.0,5.0,20.0,1007.7666666666667,7.2,21,3,8,223,51394.9,2009.0,Mixed
2016-08-10 22:00:00,Fox_lodging_Helen,355.48,28.3,5.5,18.9,1008.8333333333334,5.7,22,3,8,223,51394.9,2009.0,Mixed
2016-08-10 23:00:00,Fox_lodging_Helen,341.53,27.8,6.0,17.8,1009.9,2.1,23,3,8,223,51394.9,2009.0,Mixed
2016-08-11 00:00:00,Fox_lodging_Helen,336.37,28.3,6.333333333333333,17.8,1010.0,0.0,0,4,8,224,51394.9,2009.0,Mixed
2016-08-11 01:00:00,Fox_lodging_Helen,318.25,28.9,6.666666666666667,18.3,1011.0,3.6,1,4,8,224,51394.9,2009.0,Mixed
2016-08-11 02:00:00,Fox_lodging_Helen,316.82,28.9,7.0,18.9,1010.8,0.0,2,4,8,224,51394.9,2009.0,Mixed
2016-08-11 03:00:00,Fox_lodging_Helen,312.7,29.4,7.0,18.9,1011.0,0.0,3,4,8,224,51394.9,2009.0,Mixed
2016-08-11 04:00:00,Fox_lodging_Helen,314.72,29.4,7.0,18.9,1011.3,1.5,4,4,8,224,51394.9,2009.0,Mixed
2016-08-11 05:00:00,Fox_lodging_Helen,322.25,25.6,8.0,22.2,1011.6,3.6,5,4,8,224,51394.9,2009.0,Mixed
2016-08-11 06:00:00,Fox_lodging_Helen,323.62,26.7,7.666666666666667,22.8,1012.2,2.6,6,4,8,224,51394.9,2009.0,Mixed
2016-08-11 07:00:00,Fox_lodging_Helen,322.38,27.2,7.333333333333333,22.8,1012.7,0.0,7,4,8,224,51394.9,2009.0,Mixed
2016-08-11 08:00:00,Fox_lodging_Helen,330.63,28.3,7.0,22.2,1013.7,2.6,8,4,8,224,51394.9,2009.0,Mixed
2016-08-11 09:00:00,Fox_lodging_Helen,277.92,27.8,7.0,21.7,1014.4,3.1,9,4,8,224,51394.9,2009.0,Mixed
2016-08-11 10:00:00,Fox_lodging_Helen,302.65,30.6,7.0,21.7,1014.7,1.5,10,4,8,224,51394.9,2009.0,Mixed
2016-08-11 11:00:00,Fox_lodging_Helen,297.73,28.9,6.0,21.1,1015.2,5.7,11,4,8,224,51394.9,2009.0,Mixed
2016-08-11 12:00:00,Fox_lodging_Helen,276.88,30.6,5.0,20.0,1014.3,2.6,12,4,8,224,51394.9,2009.0,Mixed
2016-08-11 13:00:00,Fox_lodging_Helen,273.65,32.8,4.0,21.7,1012.8,1.5,13,4,8,224,51394.9,2009.0,Mixed
2016-08-11 14:00:00,Fox_lodging_Helen,286.62,33.3,4.0,20.0,1011.8,0.0,14,4,8,224,51394.9,2009.0,Mixed
2016-08-11 15:00:00,Fox_lodging_Helen,300.57,35.0,4.0,20.0,1010.9,0.0,15,4,8,224,51394.9,2009.0,Mixed
2016-08-11 16:00:00,Fox_lodging_Helen,336.15,35.6,4.0,18.9,1009.9,1.5,16,4,8,224,51394.9,2009.0,Mixed
2016-08-11 17:00:00,Fox_lodging_Helen,366.18,36.1,2.0,18.9,1009.2,0.0,17,4,8,224,51394.9,2009.0,Mixed
2016-08-11 18:00:00,Fox_lodging_Helen,371.42,36.1,2.0,18.9,1008.5,3.1,18,4,8,224,51394.9,2009.0,Mixed
2016-08-11 19:00:00,Fox_lodging_Helen,372.85,35.0,2.0,19.4,1008.7,3.1,19,4,8,224,51394.9,2009.0,Mixed
2016-08-11 20:00:00,Fox_lodging_Helen,382.17,34.4,2.0,18.9,1009.0,3.1,20,4,8,224,51394.9,2009.0,Mixed
2016-08-11 21:00:00,Fox_lodging_Helen,373.6,33.9,2.0,18.9,1009.6,2.1,21,4,8,224,51394.9,2009.0,Mixed
2016-08-11 22:00:00,Fox_lodging_Helen,371.78,33.3,0.0,20.0,1010.2,1.5,22,4,8,224,51394.9,2009.0,Mixed
2016-08-11 23:00:00,Fox_lodging_Helen,351.12,33.3,0.0,20.0,1010.2,2.6,23,4,8,224,51394.9,2009.0,Mixed
2016-08-12 00:00:00,Fox_lodging_Helen,346.42,32.2,0.0,20.6,1010.4,0.0,0,5,8,225,51394.9,2009.0,Mixed
2016-08-12 01:00:00,Fox_lodging_Helen,329.73,32.2,0.0,20.6,1010.3,2.1,1,5,8,225,51394.9,2009.0,Mixed
2016-08-12 02:00:00,Fox_lodging_Helen,329.13,32.8,0.0,20.0,1010.4,3.6,2,5,8,225,51394.9,2009.0,Mixed
2016-08-12 03:00:00,Fox_lodging_Helen,328.6,32.2,0.0,19.4,1010.5,3.6,3,5,8,225,51394.9,2009.0,Mixed
2016-08-12 04:00:00,Fox_lodging_Helen,327.8,31.1,0.0,18.3,1010.6,4.1,4,5,8,225,51394.9,2009.0,Mixed
2016-08-12 05:00:00,Fox_lodging_Helen,321.78,30.6,0.0,18.3,1010.8,5.1,5,5,8,225,51394.9,2009.0,Mixed
2016-08-12 06:00:00,Fox_lodging_Helen,324.53,29.4,2.0,18.3,1011.3,4.1,6,5,8,225,51394.9,2009.0,Mixed
2016-08-12 07:00:00,Fox_lodging_Helen,321.55,30.6,2.0,18.3,1011.8,4.1,7,5,8,225,51394.9,2009.0,Mixed
2016-08-12 08:00:00,Fox_lodging_Helen,307.42,31.7,2.0,17.8,1012.4,5.7,8,5,8,225,51394.9,2009.0,Mixed
2016-08-12 09:00:00,Fox_lodging_Helen,299.47,32.2,2.0,18.3,1012.6,5.7,9,5,8,225,51394.9,2009.0,Mixed
2016-08-12 10:00:00,Fox_lodging_Helen,288.13,33.3,2.0,18.3,1012.5,4.1,10,5,8,225,51394.9,2009.0,Mixed
2016-08-12 11:00:00,Fox_lodging_Helen,281.1,34.4,2.0,18.9,1012.3,2.6,11,5,8,225,51394.9,2009.0,Mixed
2016-08-12 12:00:00,Fox_lodging_Helen,282.88,35.6,4.0,18.3,1011.4,4.1,12,5,8,225,51394.9,2009.0,Mixed
2016-08-12 13:00:00,Fox_lodging_Helen,280.72,37.8,2.0,18.9,1010.2,3.6,13,5,8,225,51394.9,2009.0,Mixed
2016-08-12 14:00:00,Fox_lodging_Helen,298.35,38.3,2.0,18.3,1009.2,4.1,14,5,8,225,51394.9,2009.0,Mixed
2016-08-12 15:00:00,Fox_lodging_Helen,320.17,39.4,2.0,17.2,1008.0,5.1,15,5,8,225,51394.9,2009.0,Mixed
2016-08-12 16:00:00,Fox_lodging_Helen,335.95,40.0,2.0,16.7,1007.3,3.6,16,5,8,225,51394.9,2009.0,Mixed
2016-08-12 17:00:00,Fox_lodging_Helen,362.1,40.0,4.0,16.1,1006.5,5.1,17,5,8,225,51394.9,2009.0,Mixed
2016-08-12 18:00:00,Fox_lodging_Helen,385.25,38.9,4.0,15.0,1006.8,6.2,18,5,8,225,51394.9,2009.0,Mixed
2016-08-12 19:00:00,Fox_lodging_Helen,395.97,38.9,4.0,14.4,1006.2,3.1,19,5,8,225,51394.9,2009.0,Mixed
2016-08-12 20:00:00,Fox_lodging_Helen,383.13,37.2,4.0,16.1,1006.7,3.1,20,5,8,225,51394.9,2009.0,Mixed
2016-08-12 21:00:00,Fox_lodging_Helen,397.85,36.1,4.0,15.0,1007.5,4.1,21,5,8,225,51394.9,2009.0,Mixed
2016-08-12 22:00:00,Fox_lodging_Helen,386.2,33.9,0.0,16.1,1008.0,2.6,22,5,8,225,51394.9,2009.0,Mixed
2016-08-12 23:00:00,Fox_lodging_Helen,366.95,33.9,0.0,16.1,1007.7,0.0,23,5,8,225,51394.9,2009.0,Mixed
2016-08-13 00:00:00,Fox_lodging_Helen,354.08,33.9,0.0,16.1,1007.5,1.5,0,6,8,226,51394.9,2009.0,Mixed
2016-08-13 01:00:00,Fox_lodging_Helen,331.33,32.2,0.0,17.2,1007.4,2.1,1,6,8,226,51394.9,2009.0,Mixed
2016-08-13 02:00:00,Fox_lodging_Helen,320.35,32.2,0.0,16.7,1006.9,0.0,2,6,8,226,51394.9,2009.0,Mixed
2016-08-13 03:00:00,Fox_lodging_Helen,315.22,31.1,0.0,16.7,1007.3,2.1,3,6,8,226,51394.9,2009.0,Mixed
2016-08-13 04:00:00,Fox_lodging_Helen,325.22,31.1,0.0,16.7,1007.3,1.5,4,6,8,226,51394.9,2009.0,Mixed
2016-08-13 05:00:00,Fox_lodging_Helen,320.3,31.1,0.0,16.7,1007.4,0.0,5,6,8,226,51394.9,2009.0,Mixed
2016-08-13 06:00:00,Fox_lodging_Helen,323.32,30.0,2.0,16.1,1008.1,2.1,6,6,8,226,51394.9,2009.0,Mixed
2016-08-13 07:00:00,Fox_lodging_Helen,322.72,30.0,2.0,16.1,1008.8,2.1,7,6,8,226,51394.9,2009.0,Mixed
2016-08-13 08:00:00,Fox_lodging_Helen,332.28,31.7,2.0,17.2,1009.1,2.1,8,6,8,226,51394.9,2009.0,Mixed
2016-08-13 09:00:00,Fox_lodging_Helen,342.68,33.3,2.0,17.2,1009.5,0.0,9,6,8,226,51394.9,2009.0,Mixed
2016-08-13 10:00:00,Fox_lodging_Helen,329.22,34.4,2.0,17.2,1009.6,2.1,10,6,8,226,51394.9,2009.0,Mixed
2016-08-13 11:00:00,Fox_lodging_Helen,331.83,36.7,2.0,16.7,1009.6,0.0,11,6,8,226,51394.9,2009.0,Mixed
2016-08-13 12:00:00,Fox_lodging_Helen,338.57,37.2,2.0,15.6,1008.9,1.5,12,6,8,226,51394.9,2009.0,Mixed
2016-08-13 13:00:00,Fox_lodging_Helen,360.12,39.4,2.0,14.4,1008.0,0.0,13,6,8,226,51394.9,2009.0,Mixed
2016-08-13 14:00:00,Fox_lodging_Helen,377.9,39.4,2.0,13.3,1007.1,4.1,14,6,8,226,51394.9,2009.0,Mixed
2016-08-13 15:00:00,Fox_lodging_Helen,390.95,40.6,2.0,12.8,1005.9,3.1,15,6,8,226,51394.9,2009.0,Mixed
2016-08-13 16:00:00,Fox_lodging_Helen,434.6,41.1,4.0,12.8,1004.7,3.1,16,6,8,226,51394.9,2009.0,Mixed
2016-08-13 17:00:00,Fox_lodging_Helen,462.08,41.7,4.0,11.1,1004.1,4.1,17,6,8,226,51394.9,2009.0,Mixed
2016-08-13 18:00:00,Fox_lodging_Helen,470.4,41.1,4.0,10.0,1003.8,3.6,18,6,8,226,51394.9,2009.0,Mixed
2016-08-13 19:00:00,Fox_lodging_Helen,462.63,41.1,4.0,9.4,1003.7,2.6,19,6,8,226,51394.9,2009.0,Mixed
2016-08-13 20:00:00,Fox_lodging_Helen,453.17,39.4,4.0,10.0,1004.3,0.0,20,6,8,226,51394.9,2009.0,Mixed
2016-08-13 21:00:00,Fox_lodging_Helen,429.97,37.8,0.0,11.7,1005.0,0.0,21,6,8,226,51394.9,2009.0,Mixed
2016-08-13 22:00:00,Fox_lodging_Helen,435.6,34.4,2.0,11.7,1006.8,7.2,22,6,8,226,51394.9,2009.0,Mixed
2016-08-13 23:00:00,Fox_lodging_Helen,412.18,33.9,2.0,11.1,1007.0,6.7,23,6,8,226,51394.9,2009.0,Mixed
2016-08-14 00:00:00,Fox_lodging_Helen,387.72,32.8,2.0,11.7,1007.3,4.6,0,7,8,227,51394.9,2009.0,Mixed
2016-08-14 01:00:00,Fox_lodging_Helen,366.13,32.2,2.0,12.8,1007.2,4.6,1,7,8,227,51394.9,2009.0,Mixed
2016-08-14 02:00:00,Fox_lodging_Helen,348.8,31.1,2.0,13.9,1007.1,5.1,2,7,8,227,51394.9,2009.0,Mixed
2016-08-14 03:00:00,Fox_lodging_Helen,337.6,31.1,2.0,13.3,1007.6,6.2,3,7,8,227,51394.9,2009.0,Mixed
2016-08-14 04:00:00,Fox_lodging_Helen,336.9,30.0,0.0,13.3,1008.1,5.1,4,7,8,227,51394.9,2009.0,Mixed
2016-08-14 05:00:00,Fox_lodging_Helen,339.93,30.0,2.0,12.2,1008.7,3.6,5,7,8,227,51394.9,2009.0,Mixed
2016-08-14 06:00:00,Fox_lodging_Helen,349.93,30.6,2.0,12.2,1009.4,6.7,6,7,8,227,51394.9,2009.0,Mixed
2016-08-14 07:00:00,Fox_lodging_Helen,349.72,30.6,0.0,12.8,1010.1,5.7,7,7,8,227,51394.9,2009.0,Mixed
2016-08-14 08:00:00,Fox_lodging_Helen,351.98,31.1,0.0,13.3,1010.6,5.1,8,7,8,227,51394.9,2009.0,Mixed
2016-08-14 09:00:00,Fox_lodging_Helen,353.8,32.8,0.0,13.3,1010.9,6.2,9,7,8,227,51394.9,2009.0,Mixed
2016-08-14 10:00:00,Fox_lodging_Helen,358.67,34.4,0.0,12.8,1010.9,5.1,10,7,8,227,51394.9,2009.0,Mixed
2016-08-14 11:00:00,Fox_lodging_Helen,362.63,36.1,2.0,12.2,1010.4,4.1,11,7,8,227,51394.9,2009.0,Mixed
2016-08-14 12:00:00,Fox_lodging_Helen,368.05,37.2,2.0,12.2,1009.7,2.6,12,7,8,227,51394.9,2009.0,Mixed
2016-08-14 13:00:00,Fox_lodging_Helen,401.17,38.3,2.0,12.8,1009.0,4.1,13,7,8,227,51394.9,2009.0,Mixed
2016-08-14 14:00:00,Fox_lodging_Helen,419.88,39.4,2.0,12.8,1008.2,4.1,14,7,8,227,51394.9,2009.0,Mixed
2016-08-14 15:00:00,Fox_lodging_Helen,447.87,39.4,2.0,12.8,1007.0,3.6,15,7,8,227,51394.9,2009.0,Mixed
2016-08-14 16:00:00,Fox_lodging_Helen,484.42,40.6,2.0,12.2,1006.3,2.6,16,7,8,227,51394.9,2009.0,Mixed
2016-08-14 17:00:00,Fox_lodging_Helen,527.87,40.0,2.0,11.7,1005.6,2.1,17,7,8,227,51394.9,2009.0,Mixed
2016-08-14 18:00:00,Fox_lodging_Helen,527.58,40.6,2.0,12.2,1005.4,0.0,18,7,8,227,51394.9,2009.0,Mixed
2016-08-14 19:00:00,Fox_lodging_Helen,510.62,39.4,2.0,11.7,1005.4,1.5,19,7,8,227,51394.9,2009.0,Mixed
2016-08-14 20:00:00,Fox_lodging_Helen,499.93,38.3,2.0,12.2,1005.8,2.6,20,7,8,227,51394.9,2009.0,Mixed
2016-08-14 21:00:00,Fox_lodging_Helen,491.07,37.2,0.0,13.3,1006.5,1.5,21,7,8,227,51394.9,2009.0,Mixed
2016-08-14 22:00:00,Fox_lodging_Helen,481.42,36.7,0.0,13.3,1006.9,2.6,22,7,8,227,51394.9,2009.0,Mixed
2016-08-14 23:00:00,Fox_lodging_Helen,496.65,36.1,0.0,12.2,1007.1,2.1,23,7,8,227,51394.9,2009.0,Mixed
2016-08-15 00:00:00,Fox_lodging_Helen,460.45,35.6,0.0,12.2,1007.4,1.5,0,1,8,228,51394.9,2009.0,Mixed
2016-08-15 01:00:00,Fox_lodging_Helen,314.7,33.3,0.0,13.3,1007.6,4.6,1,1,8,228,51394.9,2009.0,Mixed
2016-08-15 02:00:00,Fox_lodging_Helen,97.95,32.8,0.0,13.9,1008.0,3.6,2,1,8,228,51394.9,2009.0,Mixed
2016-08-15 03:00:00,Fox_lodging_Helen,182.1,31.7,0.0,13.9,1008.2,3.6,3,1,8,228,51394.9,2009.0,Mixed
2016-08-15 04:00:00,Fox_lodging_Helen,179.78,31.1,0.0,14.4,1008.2,4.1,4,1,8,228,51394.9,2009.0,Mixed
2016-08-15 05:00:00,Fox_lodging_Helen,361.93,30.6,0.0,14.4,1008.6,3.1,5,1,8,228,51394.9,2009.0,Mixed
2016-08-15 06:00:00,Fox_lodging_Helen,365.37,30.6,2.0,14.4,1008.9,3.6,6,1,8,228,51394.9,2009.0,Mixed
2016-08-15 07:00:00,Fox_lodging_Helen,369.93,31.1,2.0,14.4,1009.8,4.1,7,1,8,228,51394.9,2009.0,Mixed
2016-08-15 08:00:00,Fox_lodging_Helen,375.73,32.8,2.0,13.9,1010.2,4.6,8,1,8,228,51394.9,2009.0,Mixed
2016-08-15 09:00:00,Fox_lodging_Helen,392.9,35.6,2.0,13.3,1010.5,4.6,9,1,8,228,51394.9,2009.0,Mixed
2016-08-15 10:00:00,Fox_lodging_Helen,384.93,37.2,2.0,13.3,1010.6,3.6,10,1,8,228,51394.9,2009.0,Mixed
2016-08-15 11:00:00,Fox_lodging_Helen,423.58,38.3,2.0,13.9,1010.3,4.1,11,1,8,228,51394.9,2009.0,Mixed
2016-08-15 12:00:00,Fox_lodging_Helen,423.8,38.9,2.0,13.3,1009.4,0.0,12,1,8,228,51394.9,2009.0,Mixed
2016-08-15 13:00:00,Fox_lodging_Helen,366.87,40.0,2.0,12.8,1008.7,3.6,13,1,8,228,51394.9,2009.0,Mixed
2016-08-15 14:00:00,Fox_lodging_Helen,365.7,41.1,2.0,12.2,1007.6,1.5,14,1,8,228,51394.9,2009.0,Mixed
2016-08-15 15:00:00,Fox_lodging_Helen,412.62,42.2,2.0,12.2,1006.4,3.1,15,1,8,228,51394.9,2009.0,Mixed
2016-08-15 16:00:00,Fox_lodging_Helen,475.78,42.2,2.0,11.7,1005.7,3.6,16,1,8,228,51394.9,2009.0,Mixed
2016-08-15 17:00:00,Fox_lodging_Helen,507.93,42.2,2.0,11.7,1005.3,2.6,17,1,8,228,51394.9,2009.0,Mixed
2016-08-15 18:00:00,Fox_lodging_Helen,518.48,41.7,4.0,11.1,1004.8,0.0,18,1,8,228,51394.9,2009.0,Mixed
2016-08-15 19:00:00,Fox_lodging_Helen,518.98,40.6,4.0,11.7,1004.9,3.1,19,1,8,228,51394.9,2009.0,Mixed
2016-08-15 20:00:00,Fox_lodging_Helen,486.73,38.9,4.0,12.8,1005.5,2.6,20,1,8,228,51394.9,2009.0,Mixed
2016-08-15 21:00:00,Fox_lodging_Helen,487.32,38.3,4.0,12.2,1005.9,2.6,21,1,8,228,51394.9,2009.0,Mixed
2016-08-15 22:00:00,Fox_lodging_Helen,506.97,37.8,2.0,12.2,1006.3,2.1,22,1,8,228,51394.9,2009.0,Mixed
2016-08-15 23:00:00,Fox_lodging_Helen,485.42,36.7,2.0,12.2,1006.3,1.5,23,1,8,228,51394.9,2009.0,Mixed
2016-08-16 00:00:00,Fox_lodging_Helen,477.28,35.6,2.0,13.3,1006.4,2.1,0,2,8,229,51394.9,2009.0,Mixed
2016-08-16 01:00:00,Fox_lodging_Helen,439.12,34.4,2.0,14.4,1006.4,4.1,1,2,8,229,51394.9,2009.0,Mixed
2016-08-16 02:00:00,Fox_lodging_Helen,397.92,33.3,0.0,13.9,1006.6,3.6,2,2,8,229,51394.9,2009.0,Mixed
2016-08-16 03:00:00,Fox_lodging_Helen,372.37,32.8,0.0,13.9,1006.8,4.6,3,2,8,229,51394.9,2009.0,Mixed
2016-08-16 04:00:00,Fox_lodging_Helen,364.6,32.2,0.0,13.9,1006.8,3.1,4,2,8,229,51394.9,2009.0,Mixed
2016-08-16 05:00:00,Fox_lodging_Helen,366.23,31.1,0.0,14.4,1007.5,4.6,5,2,8,229,51394.9,2009.0,Mixed
2016-08-16 06:00:00,Fox_lodging_Helen,368.58,30.6,4.0,14.4,1007.9,4.1,6,2,8,229,51394.9,2009.0,Mixed
2016-08-16 07:00:00,Fox_lodging_Helen,373.28,31.7,4.0,15.0,1008.7,3.6,7,2,8,229,51394.9,2009.0,Mixed
2016-08-16 08:00:00,Fox_lodging_Helen,380.3,33.3,2.0,14.4,1009.3,4.6,8,2,8,229,51394.9,2009.0,Mixed
2016-08-16 09:00:00,Fox_lodging_Helen,380.73,35.6,4.0,13.9,1009.3,4.6,9,2,8,229,51394.9,2009.0,Mixed
2016-08-16 10:00:00,Fox_lodging_Helen,397.05,37.2,4.0,12.8,1009.4,5.1,10,2,8,229,51394.9,2009.0,Mixed
2016-08-16 11:00:00,Fox_lodging_Helen,416.65,39.4,4.0,12.8,1008.9,4.1,11,2,8,229,51394.9,2009.0,Mixed
2016-08-16 12:00:00,Fox_lodging_Helen,426.3,41.1,2.0,12.2,1008.2,3.6,12,2,8,229,51394.9,2009.0,Mixed
2016-08-16 13:00:00,Fox_lodging_Helen,413.73,41.7,2.0,11.7,1007.4,1.5,13,2,8,229,51394.9,2009.0,Mixed
2016-08-16 14:00:00,Fox_lodging_Helen,399.3,43.9,2.0,11.7,1006.3,1.5,14,2,8,229,51394.9,2009.0,Mixed
2016-08-16 15:00:00,Fox_lodging_Helen,422.37,42.8,2.0,10.6,1005.2,2.6,15,2,8,229,51394.9,2009.0,Mixed
2016-08-16 16:00:00,Fox_lodging_Helen,426.2,43.9,2.0,10.0,1004.7,2.1,16,2,8,229,51394.9,2009.0,Mixed
2016-08-16 17:00:00,Fox_lodging_Helen,458.02,43.3,4.0,10.0,1004.6,2.1,17,2,8,229,51394.9,2009.0,Mixed
2016-08-16 18:00:00,Fox_lodging_Helen,508.02,41.1,4.333333333333333,8.9,1004.6,7.2,18,2,8,229,51394.9,2009.0,Mixed
2016-08-16 19:00:00,Fox_lodging_Helen,527.27,39.4,4.666666666666667,8.3,1005.7,6.7,19,2,8,229,51394.9,2009.0,Mixed
2016-08-16 20:00:00,Fox_lodging_Helen,533.85,37.8,5.0,10.0,1007.8,8.8,20,2,8,229,51394.9,2009.0,Mixed
2016-08-16 21:00:00,Fox_lodging_Helen,536.1,35.6,5.0,11.7,1007.8,5.7,21,2,8,229,51394.9,2009.0,Mixed
2016-08-16 22:00:00,Fox_lodging_Helen,521.63,35.0,5.0,12.2,1008.3,1.5,22,2,8,229,51394.9,2009.0,Mixed
2016-08-16 23:00:00,Fox_lodging_Helen,493.67,36.1,6.0,11.1,1008.5,2.1,23,2,8,229,51394.9,2009.0,Mixed
2016-08-17 00:00:00,Fox_lodging_Helen,464.85,35.6,6.333333333333333,10.6,1008.2,5.1,0,3,8,230,51394.9,2009.0,Mixed
2016-08-17 01:00:00,Fox_lodging_Helen,426.48,35.0,6.666666666666667,11.1,1008.4,2.6,1,3,8,230,51394.9,2009.0,Mixed
2016-08-17 02:00:00,Fox_lodging_Helen,414.83,33.9,7.0,13.3,1008.1,0.0,2,3,8,230,51394.9,2009.0,Mixed
2016-08-17 03:00:00,Fox_lodging_Helen,381.4,30.6,7.0,16.1,1008.5,1.5,3,3,8,230,51394.9,2009.0,Mixed
2016-08-17 04:00:00,Fox_lodging_Helen,370.18,29.4,7.0,18.3,1008.7,1.5,4,3,8,230,51394.9,2009.0,Mixed
2016-08-17 05:00:00,Fox_lodging_Helen,373.75,30.6,8.0,18.9,1008.4,1.5,5,3,8,230,51394.9,2009.0,Mixed
2016-08-17 06:00:00,Fox_lodging_Helen,376.28,31.1,7.666666666666667,18.3,1008.6,2.6,6,3,8,230,51394.9,2009.0,Mixed
2016-08-17 07:00:00,Fox_lodging_Helen,372.97,32.2,7.333333333333333,15.0,1009.1,4.1,7,3,8,230,51394.9,2009.0,Mixed
2016-08-17 08:00:00,Fox_lodging_Helen,377.47,33.9,7.0,13.9,1009.2,6.2,8,3,8,230,51394.9,2009.0,Mixed
2016-08-17 09:00:00,Fox_lodging_Helen,401.77,34.4,7.0,13.3,1009.7,3.6,9,3,8,230,51394.9,2009.0,Mixed
2016-08-17 10:00:00,Fox_lodging_Helen,409.08,37.2,7.0,12.2,1009.8,5.1,10,3,8,230,51394.9,2009.0,Mixed
2016-08-17 11:00:00,Fox_lodging_Helen,440.28,38.9,6.0,11.7,1009.4,3.6,11,3,8,230,51394.9,2009.0,Mixed
2016-08-17 12:00:00,Fox_lodging_Helen,455.65,40.0,5.0,8.9,1008.7,2.6,12,3,8,230,51394.9,2009.0,Mixed
2016-08-17 13:00:00,Fox_lodging_Helen,454.48,41.7,4.0,9.4,1007.8,4.1,13,3,8,230,51394.9,2009.0,Mixed
2016-08-17 14:00:00,Fox_lodging_Helen,471.02,42.2,4.0,7.2,1006.8,6.2,14,3,8,230,51394.9,2009.0,Mixed
2016-08-17 15:00:00,Fox_lodging_Helen,515.15,41.7,2.0,6.7,1006.1,4.1,15,3,8,230,51394.9,2009.0,Mixed
2016-08-17 16:00:00,Fox_lodging_Helen,529.48,42.2,2.0,6.7,1005.4,2.1,16,3,8,230,51394.9,2009.0,Mixed
2016-08-17 17:00:00,Fox_lodging_Helen,532.45,42.2,4.0,6.7,1004.9,3.1,17,3,8,230,51394.9,2009.0,Mixed
2016-08-17 18:00:00,Fox_lodging_Helen,512.53,41.7,4.0,7.2,1004.6,0.0,18,3,8,230,51394.9,2009.0,Mixed
2016-08-17 19:00:00,Fox_lodging_Helen,463.62,40.6,4.0,7.2,1004.7,2.1,19,3,8,230,51394.9,2009.0,Mixed
2016-08-17 20:00:00,Fox_lodging_Helen,509.57,39.4,4.0,7.8,1005.3,0.0,20,3,8,230,51394.9,2009.0,Mixed
2016-08-17 21:00:00,Fox_lodging_Helen,597.07,37.8,4.666666666666667,8.9,1006.1,6.7,21,3,8,230,51394.9,2009.0,Mixed
2016-08-17 22:00:00,Fox_lodging_Helen,591.88,36.1,5.333333333333333,10.0,1007.1,6.2,22,3,8,230,51394.9,2009.0,Mixed
2016-08-17 23:00:00,Fox_lodging_Helen,509.88,35.0,6.0,9.4,1007.2,6.7,23,3,8,230,51394.9,2009.0,Mixed
2016-08-18 00:00:00,Fox_lodging_Helen,448.77,34.4,6.333333333333333,10.0,1008.0,6.7,0,4,8,231,51394.9,2009.0,Mixed
2016-08-18 01:00:00,Fox_lodging_Helen,398.63,33.9,6.666666666666667,11.1,1008.3,4.6,1,4,8,231,51394.9,2009.0,Mixed
2016-08-18 02:00:00,Fox_lodging_Helen,374.2,33.3,7.0,11.1,1008.0,5.1,2,4,8,231,51394.9,2009.0,Mixed
2016-08-18 03:00:00,Fox_lodging_Helen,368.38,33.9,7.0,10.6,1007.8,8.8,3,4,8,231,51394.9,2009.0,Mixed
2016-08-18 04:00:00,Fox_lodging_Helen,371.23,33.3,7.0,11.1,1008.7,8.2,4,4,8,231,51394.9,2009.0,Mixed
2016-08-18 05:00:00,Fox_lodging_Helen,378.53,31.7,8.0,13.3,1009.4,6.7,5,4,8,231,51394.9,2009.0,Mixed
2016-08-18 06:00:00,Fox_lodging_Helen,388.73,31.1,7.666666666666667,12.8,1009.7,6.2,6,4,8,231,51394.9,2009.0,Mixed
2016-08-18 07:00:00,Fox_lodging_Helen,404.5,30.6,7.333333333333333,12.8,1010.3,3.6,7,4,8,231,51394.9,2009.0,Mixed
2016-08-18 08:00:00,Fox_lodging_Helen,438.93,29.4,7.0,16.1,1010.5,1.5,8,4,8,231,51394.9,2009.0,Mixed
2016-08-18 09:00:00,Fox_lodging_Helen,444.57,29.4,7.0,15.0,1010.9,2.1,9,4,8,231,51394.9,2009.0,Mixed
2016-08-18 10:00:00,Fox_lodging_Helen,441.65,31.1,7.0,14.4,1010.4,4.1,10,4,8,231,51394.9,2009.0,Mixed
2016-08-18 11:00:00,Fox_lodging_Helen,427.48,32.8,6.0,13.9,1010.3,3.6,11,4,8,231,51394.9,2009.0,Mixed
2016-08-18 12:00:00,Fox_lodging_Helen,430.3,35.0,5.333333333333333,12.8,1009.7,2.1,12,4,8,231,51394.9,2009.0,Mixed
2016-08-18 13:00:00,Fox_lodging_Helen,411.73,36.1,4.666666666666667,10.6,1008.9,0.0,13,4,8,231,51394.9,2009.0,Mixed
2016-08-18 14:00:00,Fox_lodging_Helen,432.17,37.2,4.0,10.6,1007.8,0.0,14,4,8,231,51394.9,2009.0,Mixed
2016-08-18 15:00:00,Fox_lodging_Helen,453.47,38.3,4.0,10.0,1006.4,2.1,15,4,8,231,51394.9,2009.0,Mixed
2016-08-18 16:00:00,Fox_lodging_Helen,501.1,38.9,4.0,10.6,1005.1,4.6,16,4,8,231,51394.9,2009.0,Mixed
2016-08-18 17:00:00,Fox_lodging_Helen,518.77,38.9,4.0,10.0,1004.5,2.1,17,4,8,231,51394.9,2009.0,Mixed
2016-08-18 18:00:00,Fox_lodging_Helen,519.23,38.9,4.0,11.1,1004.4,3.6,18,4,8,231,51394.9,2009.0,Mixed
2016-08-18 19:00:00,Fox_lodging_Helen,530.87,37.8,4.0,11.1,1004.7,2.6,19,4,8,231,51394.9,2009.0,Mixed
2016-08-18 20:00:00,Fox_lodging_Helen,563.07,36.1,4.0,10.6,1005.6,7.2,20,4,8,231,51394.9,2009.0,Mixed
2016-08-18 21:00:00,Fox_lodging_Helen,602.38,35.6,4.0,10.6,1006.7,4.1,21,4,8,231,51394.9,2009.0,Mixed
2016-08-18 22:00:00,Fox_lodging_Helen,560.87,35.0,4.0,10.0,1006.8,4.6,22,4,8,231,51394.9,2009.0,Mixed
2016-08-18 23:00:00,Fox_lodging_Helen,463.15,33.9,4.0,10.0,1007.0,2.1,23,4,8,231,51394.9,2009.0,Mixed
2016-08-19 00:00:00,Fox_lodging_Helen,408.9,34.4,4.666666666666667,9.4,1007.2,2.6,0,5,8,232,51394.9,2009.0,Mixed
2016-08-19 01:00:00,Fox_lodging_Helen,378.17,33.3,5.333333333333333,10.6,1008.2,7.7,1,5,8,232,51394.9,2009.0,Mixed
2016-08-19 02:00:00,Fox_lodging_Helen,362.63,30.6,6.0,12.8,1008.8,6.7,2,5,8,232,51394.9,2009.0,Mixed
2016-08-19 03:00:00,Fox_lodging_Helen,346.42,28.3,6.0,14.4,1009.6,6.7,3,5,8,232,51394.9,2009.0,Mixed
2016-08-19 04:00:00,Fox_lodging_Helen,347.43,28.3,6.0,14.4,1008.0,9.3,4,5,8,232,51394.9,2009.0,Mixed
2016-08-19 05:00:00,Fox_lodging_Helen,359.6,28.9,8.0,13.9,1006.7,1.5,5,5,8,232,51394.9,2009.0,Mixed
2016-08-19 06:00:00,Fox_lodging_Helen,364.47,28.3,6.0,14.4,1007.4,2.6,6,5,8,232,51394.9,2009.0,Mixed
2016-08-19 07:00:00,Fox_lodging_Helen,373.85,28.3,4.0,14.4,1008.4,3.1,7,5,8,232,51394.9,2009.0,Mixed
2016-08-19 08:00:00,Fox_lodging_Helen,389.22,30.0,2.0,13.3,1009.0,3.6,8,5,8,232,51394.9,2009.0,Mixed
2016-08-19 09:00:00,Fox_lodging_Helen,406.98,32.2,2.0,12.8,1009.3,2.1,9,5,8,232,51394.9,2009.0,Mixed
2016-08-19 10:00:00,Fox_lodging_Helen,413.85,33.9,4.0,11.7,1009.5,1.5,10,5,8,232,51394.9,2009.0,Mixed
2016-08-19 11:00:00,Fox_lodging_Helen,422.13,34.4,2.0,12.2,1009.4,1.5,11,5,8,232,51394.9,2009.0,Mixed
2016-08-19 12:00:00,Fox_lodging_Helen,434.18,36.1,2.0,11.1,1008.8,3.6,12,5,8,232,51394.9,2009.0,Mixed
2016-08-19 13:00:00,Fox_lodging_Helen,455.48,37.2,2.0,10.6,1008.0,4.6,13,5,8,232,51394.9,2009.0,Mixed
2016-08-19 14:00:00,Fox_lodging_Helen,438.18,38.3,4.0,10.6,1007.1,6.2,14,5,8,232,51394.9,2009.0,Mixed
2016-08-19 15:00:00,Fox_lodging_Helen,471.57,38.3,4.0,11.1,1005.9,4.6,15,5,8,232,51394.9,2009.0,Mixed
2016-08-19 16:00:00,Fox_lodging_Helen,486.98,38.3,4.0,10.6,1004.9,2.6,16,5,8,232,51394.9,2009.0,Mixed
2016-08-19 17:00:00,Fox_lodging_Helen,507.07,38.9,4.0,11.1,1004.5,7.7,17,5,8,232,51394.9,2009.0,Mixed
2016-08-19 18:00:00,Fox_lodging_Helen,521.35,38.3,4.0,11.1,1004.1,6.2,18,5,8,232,51394.9,2009.0,Mixed
2016-08-19 19:00:00,Fox_lodging_Helen,498.75,37.8,4.4,11.1,1004.3,4.6,19,5,8,232,51394.9,2009.0,Mixed
2016-08-19 20:00:00,Fox_lodging_Helen,500.97,36.7,4.8,12.2,1005.1,6.7,20,5,8,232,51394.9,2009.0,Mixed
2016-08-19 21:00:00,Fox_lodging_Helen,522.55,35.0,5.2,13.3,1005.6,5.1,21,5,8,232,51394.9,2009.0,Mixed
2016-08-19 22:00:00,Fox_lodging_Helen,494.58,34.4,5.2,12.2,1006.9,5.1,22,5,8,232,51394.9,2009.0,Mixed
2016-08-19 23:00:00,Fox_lodging_Helen,468.13,33.3,6.0,15.6,1007.6,6.7,23,5,8,232,51394.9,2009.0,Mixed
2016-08-20 00:00:00,Fox_lodging_Helen,435.02,32.2,6.0,15.0,1008.4,5.1,0,6,8,233,51394.9,2009.0,Mixed
2016-08-20 01:00:00,Fox_lodging_Helen,406.17,30.6,6.0,15.0,1008.6,3.1,1,6,8,233,51394.9,2009.0,Mixed
2016-08-20 02:00:00,Fox_lodging_Helen,381.5,29.4,6.0,14.4,1008.4,2.1,2,6,8,233,51394.9,2009.0,Mixed
2016-08-20 03:00:00,Fox_lodging_Helen,364.42,29.4,6.0,14.4,1008.5,3.1,3,6,8,233,51394.9,2009.0,Mixed
2016-08-20 04:00:00,Fox_lodging_Helen,358.83,28.9,6.0,16.1,1008.4,3.1,4,6,8,233,51394.9,2009.0,Mixed
2016-08-20 05:00:00,Fox_lodging_Helen,361.52,27.8,6.0,16.1,1008.7,3.6,5,6,8,233,51394.9,2009.0,Mixed
2016-08-20 06:00:00,Fox_lodging_Helen,357.92,27.8,5.5,16.1,1009.5,2.6,6,6,8,233,51394.9,2009.0,Mixed
2016-08-20 07:00:00,Fox_lodging_Helen,359.98,28.3,5.0,15.6,1010.0,3.1,7,6,8,233,51394.9,2009.0,Mixed
2016-08-20 08:00:00,Fox_lodging_Helen,364.65,30.0,4.5,15.6,1010.1,0.0,8,6,8,233,51394.9,2009.0,Mixed
2016-08-20 09:00:00,Fox_lodging_Helen,338.52,32.2,4.0,15.0,1010.3,2.1,9,6,8,233,51394.9,2009.0,Mixed
2016-08-20 10:00:00,Fox_lodging_Helen,341.3,32.8,4.0,15.0,1010.4,0.0,10,6,8,233,51394.9,2009.0,Mixed
2016-08-20 11:00:00,Fox_lodging_Helen,393.27,33.9,4.0,13.3,1009.9,1.5,11,6,8,233,51394.9,2009.0,Mixed
2016-08-20 12:00:00,Fox_lodging_Helen,417.92,35.0,4.0,13.9,1009.2,3.6,12,6,8,233,51394.9,2009.0,Mixed
2016-08-20 13:00:00,Fox_lodging_Helen,447.6,36.7,4.0,13.9,1008.5,2.6,13,6,8,233,51394.9,2009.0,Mixed
2016-08-20 14:00:00,Fox_lodging_Helen,454.88,37.8,4.0,13.3,1007.4,3.6,14,6,8,233,51394.9,2009.0,Mixed
2016-08-20 15:00:00,Fox_lodging_Helen,468.25,37.2,4.0,13.9,1006.4,8.8,15,6,8,233,51394.9,2009.0,Mixed
2016-08-20 16:00:00,Fox_lodging_Helen,482.92,36.7,4.0,13.9,1005.7,6.7,16,6,8,233,51394.9,2009.0,Mixed
2016-08-20 17:00:00,Fox_lodging_Helen,495.45,36.7,4.0,13.3,1005.7,5.7,17,6,8,233,51394.9,2009.0,Mixed
2016-08-20 18:00:00,Fox_lodging_Helen,491.62,36.7,4.333333333333333,13.9,1005.9,4.1,18,6,8,233,51394.9,2009.0,Mixed
2016-08-20 19:00:00,Fox_lodging_Helen,500.1,30.0,4.666666666666667,13.0,1007.5,13.4,19,6,8,233,51394.9,2009.0,Mixed
2016-08-20 20:00:00,Fox_lodging_Helen,522.32,30.6,5.0,14.4,1007.7,6.7,20,6,8,233,51394.9,2009.0,Mixed
2016-08-20 21:00:00,Fox_lodging_Helen,500.13,28.3,5.0,15.0,1007.8,4.6,21,6,8,233,51394.9,2009.0,Mixed
2016-08-20 22:00:00,Fox_lodging_Helen,469.42,28.3,5.0,14.4,1008.4,4.1,22,6,8,233,51394.9,2009.0,Mixed
2016-08-20 23:00:00,Fox_lodging_Helen,457.27,28.9,6.0,15.0,1008.9,1.5,23,6,8,233,51394.9,2009.0,Mixed
2016-08-21 00:00:00,Fox_lodging_Helen,439.55,28.9,6.333333333333333,15.0,1008.4,3.6,0,7,8,234,51394.9,2009.0,Mixed
2016-08-21 01:00:00,Fox_lodging_Helen,410.82,28.3,6.666666666666667,15.0,1008.4,5.1,1,7,8,234,51394.9,2009.0,Mixed
2016-08-21 02:00:00,Fox_lodging_Helen,388.85,27.8,7.0,15.6,1008.9,3.1,2,7,8,234,51394.9,2009.0,Mixed
2016-08-21 03:00:00,Fox_lodging_Helen,356.85,27.2,7.0,14.4,1008.5,0.0,3,7,8,234,51394.9,2009.0,Mixed
2016-08-21 04:00:00,Fox_lodging_Helen,350.78,27.2,7.0,16.1,1008.6,3.1,4,7,8,234,51394.9,2009.0,Mixed
2016-08-21 05:00:00,Fox_lodging_Helen,353.28,27.8,8.0,16.1,1008.7,2.1,5,7,8,234,51394.9,2009.0,Mixed
2016-08-21 06:00:00,Fox_lodging_Helen,350.25,27.8,7.0,15.0,1009.1,1.5,6,7,8,234,51394.9,2009.0,Mixed
2016-08-21 07:00:00,Fox_lodging_Helen,351.03,28.3,6.0,14.4,1009.9,2.6,7,7,8,234,51394.9,2009.0,Mixed
2016-08-21 08:00:00,Fox_lodging_Helen,353.25,29.4,5.0,15.6,1010.3,3.1,8,7,8,234,51394.9,2009.0,Mixed
2016-08-21 09:00:00,Fox_lodging_Helen,360.43,31.1,4.0,14.4,1010.6,3.6,9,7,8,234,51394.9,2009.0,Mixed
2016-08-21 10:00:00,Fox_lodging_Helen,379.6,31.7,4.0,13.9,1011.0,2.1,10,7,8,234,51394.9,2009.0,Mixed
2016-08-21 11:00:00,Fox_lodging_Helen,375.65,33.3,2.0,12.8,1010.8,1.5,11,7,8,234,51394.9,2009.0,Mixed
2016-08-21 12:00:00,Fox_lodging_Helen,390.83,34.4,2.0,11.1,1010.3,1.5,12,7,8,234,51394.9,2009.0,Mixed
2016-08-21 13:00:00,Fox_lodging_Helen,432.53,35.0,4.0,12.2,1009.4,2.6,13,7,8,234,51394.9,2009.0,Mixed
2016-08-21 14:00:00,Fox_lodging_Helen,456.45,36.1,4.0,12.2,1008.2,4.6,14,7,8,234,51394.9,2009.0,Mixed
2016-08-21 15:00:00,Fox_lodging_Helen,490.47,36.7,4.0,11.7,1007.2,3.6,15,7,8,234,51394.9,2009.0,Mixed
2016-08-21 16:00:00,Fox_lodging_Helen,532.75,37.2,4.0,11.1,1006.2,3.1,16,7,8,234,51394.9,2009.0,Mixed
2016-08-21 17:00:00,Fox_lodging_Helen,541.72,37.8,4.0,11.7,1006.1,1.5,17,7,8,234,51394.9,2009.0,Mixed
2016-08-21 18:00:00,Fox_lodging_Helen,547.7,35.0,9.0,15.0,1006.55,5.7,18,7,8,234,51394.9,2009.0,Mixed
2016-08-21 19:00:00,Fox_lodging_Helen,551.37,33.9,4.0,14.4,1007.0,3.6,19,7,8,234,51394.9,2009.0,Mixed
2016-08-21 20:00:00,Fox_lodging_Helen,582.42,33.3,4.0,13.3,1007.0,3.6,20,7,8,234,51394.9,2009.0,Mixed
2016-08-21 21:00:00,Fox_lodging_Helen,604.28,32.8,4.0,12.2,1007.3,1.5,21,7,8,234,51394.9,2009.0,Mixed
2016-08-21 22:00:00,Fox_lodging_Helen,584.38,31.1,4.0,13.9,1007.9,6.7,22,7,8,234,51394.9,2009.0,Mixed
2016-08-21 23:00:00,Fox_lodging_Helen,519.8,30.0,4.0,14.4,1008.2,4.6,23,7,8,234,51394.9,2009.0,Mixed
2016-08-22 00:00:00,Fox_lodging_Helen,459.08,29.4,2.0,15.0,1008.5,3.1,0,1,8,235,51394.9,2009.0,Mixed
2016-08-22 01:00:00,Fox_lodging_Helen,387.32,28.9,0.0,15.6,1008.6,4.1,1,1,8,235,51394.9,2009.0,Mixed
2016-08-22 02:00:00,Fox_lodging_Helen,361.93,28.3,0.0,15.6,1008.8,2.6,2,1,8,235,51394.9,2009.0,Mixed
2016-08-22 03:00:00,Fox_lodging_Helen,344.47,27.8,0.0,15.6,1008.8,5.1,3,1,8,235,51394.9,2009.0,Mixed
2016-08-22 04:00:00,Fox_lodging_Helen,342.4,27.2,0.0,15.6,1008.9,3.1,4,1,8,235,51394.9,2009.0,Mixed
2016-08-22 05:00:00,Fox_lodging_Helen,351.77,26.7,0.0,16.1,1009.2,4.1,5,1,8,235,51394.9,2009.0,Mixed
2016-08-22 06:00:00,Fox_lodging_Helen,359.75,26.7,2.0,16.1,1009.7,3.6,6,1,8,235,51394.9,2009.0,Mixed
2016-08-22 07:00:00,Fox_lodging_Helen,371.27,26.7,2.0,16.1,1010.3,3.6,7,1,8,235,51394.9,2009.0,Mixed
2016-08-22 08:00:00,Fox_lodging_Helen,382.0,27.8,2.0,16.1,1010.8,3.6,8,1,8,235,51394.9,2009.0,Mixed
2016-08-22 09:00:00,Fox_lodging_Helen,385.48,29.4,2.0,16.1,1010.9,2.1,9,1,8,235,51394.9,2009.0,Mixed
2016-08-22 10:00:00,Fox_lodging_Helen,388.43,31.7,2.0,15.6,1011.1,1.5,10,1,8,235,51394.9,2009.0,Mixed
2016-08-22 11:00:00,Fox_lodging_Helen,411.22,33.3,2.0,15.0,1010.8,1.5,11,1,8,235,51394.9,2009.0,Mixed
2016-08-22 12:00:00,Fox_lodging_Helen,408.03,33.9,2.0,14.4,1010.0,2.1,12,1,8,235,51394.9,2009.0,Mixed
2016-08-22 13:00:00,Fox_lodging_Helen,412.8,35.6,4.0,13.9,1009.2,3.1,13,1,8,235,51394.9,2009.0,Mixed
2016-08-22 14:00:00,Fox_lodging_Helen,432.3,37.2,4.0,13.9,1008.0,4.1,14,1,8,235,51394.9,2009.0,Mixed
2016-08-22 15:00:00,Fox_lodging_Helen,477.77,37.2,4.0,12.8,1007.3,3.1,15,1,8,235,51394.9,2009.0,Mixed
2016-08-22 16:00:00,Fox_lodging_Helen,497.03,36.1,4.0,13.3,1007.3,7.2,16,1,8,235,51394.9,2009.0,Mixed
2016-08-22 17:00:00,Fox_lodging_Helen,527.33,32.8,4.0,12.8,1007.3,5.1,17,1,8,235,51394.9,2009.0,Mixed
2016-08-22 18:00:00,Fox_lodging_Helen,534.33,32.8,4.0,15.0,1007.4,5.7,18,1,8,235,51394.9,2009.0,Mixed
2016-08-22 19:00:00,Fox_lodging_Helen,525.72,33.3,4.0,13.9,1007.2,2.6,19,1,8,235,51394.9,2009.0,Mixed
2016-08-22 20:00:00,Fox_lodging_Helen,566.57,32.8,4.0,13.9,1007.7,2.1,20,1,8,235,51394.9,2009.0,Mixed
2016-08-22 21:00:00,Fox_lodging_Helen,592.13,33.3,4.0,13.3,1008.3,3.1,21,1,8,235,51394.9,2009.0,Mixed
2016-08-22 22:00:00,Fox_lodging_Helen,568.48,32.2,5.0,13.9,1008.6,2.1,22,1,8,235,51394.9,2009.0,Mixed
2016-08-22 23:00:00,Fox_lodging_Helen,524.35,31.1,6.0,16.1,1008.9,3.1,23,1,8,235,51394.9,2009.0,Mixed
2016-08-23 00:00:00,Fox_lodging_Helen,448.92,30.6,6.0,16.7,1009.1,2.6,0,2,8,236,51394.9,2009.0,Mixed
2016-08-23 01:00:00,Fox_lodging_Helen,425.72,31.1,6.0,15.0,1009.7,9.3,1,2,8,236,51394.9,2009.0,Mixed
2016-08-23 02:00:00,Fox_lodging_Helen,382.63,27.8,6.0,15.6,1010.3,7.2,2,2,8,236,51394.9,2009.0,Mixed
2016-08-23 03:00:00,Fox_lodging_Helen,354.13,26.7,6.0,17.2,1010.9,6.7,3,2,8,236,51394.9,2009.0,Mixed
2016-08-23 04:00:00,Fox_lodging_Helen,350.1,26.1,6.0,15.0,1011.5,4.1,4,2,8,236,51394.9,2009.0,Mixed
2016-08-23 05:00:00,Fox_lodging_Helen,357.35,25.6,6.0,17.2,1012.5,4.6,5,2,8,236,51394.9,2009.0,Mixed
2016-08-23 06:00:00,Fox_lodging_Helen,364.8,23.3,5.0,18.9,1012.5,4.6,6,2,8,236,51394.9,2009.0,Mixed
2016-08-23 07:00:00,Fox_lodging_Helen,371.42,23.9,4.0,16.7,1012.8,6.2,7,2,8,236,51394.9,2009.0,Mixed
2016-08-23 08:00:00,Fox_lodging_Helen,388.53,25.0,4.0,17.2,1013.5,5.1,8,2,8,236,51394.9,2009.0,Mixed
2016-08-23 09:00:00,Fox_lodging_Helen,383.68,27.2,4.0,16.7,1013.8,3.1,9,2,8,236,51394.9,2009.0,Mixed
2016-08-23 10:00:00,Fox_lodging_Helen,401.78,29.4,4.0,15.6,1014.3,2.6,10,2,8,236,51394.9,2009.0,Mixed
2016-08-23 11:00:00,Fox_lodging_Helen,379.55,30.0,4.0,16.1,1014.0,4.1,11,2,8,236,51394.9,2009.0,Mixed
2016-08-23 12:00:00,Fox_lodging_Helen,369.0,32.2,4.0,15.0,1013.6,1.5,12,2,8,236,51394.9,2009.0,Mixed
2016-08-23 13:00:00,Fox_lodging_Helen,409.42,32.8,4.4,15.0,1013.0,3.1,13,2,8,236,51394.9,2009.0,Mixed
2016-08-23 14:00:00,Fox_lodging_Helen,420.12,33.3,4.8,15.0,1012.6,3.1,14,2,8,236,51394.9,2009.0,Mixed
2016-08-23 15:00:00,Fox_lodging_Helen,435.08,34.4,5.2,14.4,1011.7,2.1,15,2,8,236,51394.9,2009.0,Mixed
2016-08-23 16:00:00,Fox_lodging_Helen,486.0,35.0,5.2,13.9,1011.1,4.6,16,2,8,236,51394.9,2009.0,Mixed
2016-08-23 17:00:00,Fox_lodging_Helen,516.9,35.0,6.0,13.3,1010.8,5.1,17,2,8,236,51394.9,2009.0,Mixed
2016-08-23 18:00:00,Fox_lodging_Helen,494.1,35.0,4.0,12.2,1010.5,4.6,18,2,8,236,51394.9,2009.0,Mixed
2016-08-23 19:00:00,Fox_lodging_Helen,507.25,33.9,4.0,12.2,1010.6,5.7,19,2,8,236,51394.9,2009.0,Mixed
2016-08-23 20:00:00,Fox_lodging_Helen,538.22,32.8,4.0,12.8,1011.0,3.6,20,2,8,236,51394.9,2009.0,Mixed
2016-08-23 21:00:00,Fox_lodging_Helen,577.9,32.2,0.0,13.3,1011.6,3.1,21,2,8,236,51394.9,2009.0,Mixed
2016-08-23 22:00:00,Fox_lodging_Helen,564.7,31.7,2.0,13.3,1011.9,4.6,22,2,8,236,51394.9,2009.0,Mixed
2016-08-23 23:00:00,Fox_lodging_Helen,519.9,30.0,4.0,14.4,1012.4,2.1,23,2,8,236,51394.9,2009.0,Mixed
2016-08-24 00:00:00,Fox_lodging_Helen,464.4,30.0,4.0,15.0,1012.3,2.1,0,3,8,237,51394.9,2009.0,Mixed
2016-08-24 01:00:00,Fox_lodging_Helen,409.35,27.2,4.0,15.0,1011.4,2.6,1,3,8,237,51394.9,2009.0,Mixed
2016-08-24 02:00:00,Fox_lodging_Helen,373.77,30.0,3.0,15.0,1012.0,1.5,2,3,8,237,51394.9,2009.0,Mixed
2016-08-24 03:00:00,Fox_lodging_Helen,358.03,28.3,2.0,16.1,1012.0,2.1,3,3,8,237,51394.9,2009.0,Mixed
2016-08-24 04:00:00,Fox_lodging_Helen,354.78,27.8,2.0,15.6,1011.9,1.5,4,3,8,237,51394.9,2009.0,Mixed
2016-08-24 05:00:00,Fox_lodging_Helen,356.33,26.7,0.0,15.6,1012.0,1.5,5,3,8,237,51394.9,2009.0,Mixed
2016-08-24 06:00:00,Fox_lodging_Helen,365.63,26.7,2.0,15.6,1012.8,1.5,6,3,8,237,51394.9,2009.0,Mixed
2016-08-24 07:00:00,Fox_lodging_Helen,386.0,27.2,2.0,15.6,1013.5,2.6,7,3,8,237,51394.9,2009.0,Mixed
2016-08-24 08:00:00,Fox_lodging_Helen,387.05,28.3,2.0,16.1,1013.7,2.1,8,3,8,237,51394.9,2009.0,Mixed
2016-08-24 09:00:00,Fox_lodging_Helen,380.17,30.0,2.0,15.6,1013.8,0.0,9,3,8,237,51394.9,2009.0,Mixed
2016-08-24 10:00:00,Fox_lodging_Helen,372.37,31.7,2.0,14.4,1013.6,1.5,10,3,8,237,51394.9,2009.0,Mixed
2016-08-24 11:00:00,Fox_lodging_Helen,375.68,33.9,2.0,13.3,1013.2,0.0,11,3,8,237,51394.9,2009.0,Mixed
2016-08-24 12:00:00,Fox_lodging_Helen,386.92,35.0,2.0,12.8,1012.4,0.0,12,3,8,237,51394.9,2009.0,Mixed
2016-08-24 13:00:00,Fox_lodging_Helen,390.32,36.7,2.0,12.2,1011.7,3.6,13,3,8,237,51394.9,2009.0,Mixed
2016-08-24 14:00:00,Fox_lodging_Helen,419.27,37.8,2.0,12.2,1010.5,2.1,14,3,8,237,51394.9,2009.0,Mixed
2016-08-24 15:00:00,Fox_lodging_Helen,434.32,38.3,2.0,10.6,1009.6,4.1,15,3,8,237,51394.9,2009.0,Mixed
2016-08-24 16:00:00,Fox_lodging_Helen,476.35,38.3,4.0,10.0,1008.8,3.1,16,3,8,237,51394.9,2009.0,Mixed
2016-08-24 17:00:00,Fox_lodging_Helen,488.22,38.3,6.0,10.6,1008.4,3.6,17,3,8,237,51394.9,2009.0,Mixed
2016-08-24 18:00:00,Fox_lodging_Helen,541.4,36.1,5.666666666666667,11.7,1008.9,11.3,18,3,8,237,51394.9,2009.0,Mixed
2016-08-24 19:00:00,Fox_lodging_Helen,540.95,30.6,5.333333333333333,16.1,1009.4,5.7,19,3,8,237,51394.9,2009.0,Mixed
2016-08-24 20:00:00,Fox_lodging_Helen,556.77,32.2,5.0,12.8,1009.9,5.7,20,3,8,237,51394.9,2009.0,Mixed
2016-08-24 21:00:00,Fox_lodging_Helen,575.97,32.8,5.0,10.6,1008.9,2.1,21,3,8,237,51394.9,2009.0,Mixed
2016-08-24 22:00:00,Fox_lodging_Helen,559.62,28.9,5.0,14.4,1010.2,4.6,22,3,8,237,51394.9,2009.0,Mixed
2016-08-24 23:00:00,Fox_lodging_Helen,504.43,28.3,4.0,13.9,1010.4,3.6,23,3,8,237,51394.9,2009.0,Mixed
2016-08-25 00:00:00,Fox_lodging_Helen,470.5,28.3,2.0,14.4,1010.2,1.5,0,4,8,238,51394.9,2009.0,Mixed
2016-08-25 01:00:00,Fox_lodging_Helen,412.88,27.8,2.0,13.9,1010.4,0.0,1,4,8,238,51394.9,2009.0,Mixed
2016-08-25 02:00:00,Fox_lodging_Helen,380.02,27.2,2.0,14.4,1009.9,1.5,2,4,8,238,51394.9,2009.0,Mixed
2016-08-25 03:00:00,Fox_lodging_Helen,354.9,27.2,2.0,16.1,1009.8,1.5,3,4,8,238,51394.9,2009.0,Mixed
2016-08-25 04:00:00,Fox_lodging_Helen,351.13,26.7,0.0,14.4,1009.9,1.5,4,4,8,238,51394.9,2009.0,Mixed
2016-08-25 05:00:00,Fox_lodging_Helen,354.35,25.6,0.0,15.6,1010.3,1.5,5,4,8,238,51394.9,2009.0,Mixed
2016-08-25 06:00:00,Fox_lodging_Helen,359.88,26.1,2.0,14.4,1010.8,2.6,6,4,8,238,51394.9,2009.0,Mixed
2016-08-25 07:00:00,Fox_lodging_Helen,369.68,26.7,2.0,13.9,1011.6,3.6,7,4,8,238,51394.9,2009.0,Mixed
2016-08-25 08:00:00,Fox_lodging_Helen,402.6,28.3,2.0,13.3,1012.1,3.6,8,4,8,238,51394.9,2009.0,Mixed
2016-08-25 09:00:00,Fox_lodging_Helen,392.13,30.0,2.0,12.2,1012.2,3.1,9,4,8,238,51394.9,2009.0,Mixed
2016-08-25 10:00:00,Fox_lodging_Helen,389.9,32.2,2.0,12.2,1012.2,3.1,10,4,8,238,51394.9,2009.0,Mixed
2016-08-25 11:00:00,Fox_lodging_Helen,379.3,34.4,2.0,11.1,1011.7,2.1,11,4,8,238,51394.9,2009.0,Mixed
2016-08-25 12:00:00,Fox_lodging_Helen,399.53,35.0,4.0,10.6,1011.0,0.0,12,4,8,238,51394.9,2009.0,Mixed
2016-08-25 13:00:00,Fox_lodging_Helen,406.93,37.2,4.0,11.1,1009.8,2.6,13,4,8,238,51394.9,2009.0,Mixed
2016-08-25 14:00:00,Fox_lodging_Helen,427.1,37.8,4.0,10.6,1008.7,6.2,14,4,8,238,51394.9,2009.0,Mixed
2016-08-25 15:00:00,Fox_lodging_Helen,433.92,37.8,4.0,10.6,1007.5,3.6,15,4,8,238,51394.9,2009.0,Mixed
2016-08-25 16:00:00,Fox_lodging_Helen,485.43,38.3,4.0,9.4,1006.9,3.1,16,4,8,238,51394.9,2009.0,Mixed
2016-08-25 17:00:00,Fox_lodging_Helen,497.55,37.8,4.0,9.4,1006.3,3.6,17,4,8,238,51394.9,2009.0,Mixed
2016-08-25 18:00:00,Fox_lodging_Helen,515.23,37.8,4.0,10.0,1006.1,3.1,18,4,8,238,51394.9,2009.0,Mixed
2016-08-25 19:00:00,Fox_lodging_Helen,528.27,37.2,4.0,10.6,1006.3,3.6,19,4,8,238,51394.9,2009.0,Mixed
2016-08-25 20:00:00,Fox_lodging_Helen,559.57,35.0,4.0,11.7,1006.7,2.1,20,4,8,238,51394.9,2009.0,Mixed
2016-08-25 21:00:00,Fox_lodging_Helen,591.13,35.0,4.0,12.8,1007.2,1.5,21,4,8,238,51394.9,2009.0,Mixed
2016-08-25 22:00:00,Fox_lodging_Helen,587.85,33.9,4.0,12.8,1007.5,2.1,22,4,8,238,51394.9,2009.0,Mixed
2016-08-25 23:00:00,Fox_lodging_Helen,509.3,34.4,2.0,12.2,1007.9,2.6,23,4,8,238,51394.9,2009.0,Mixed
2016-08-26 00:00:00,Fox_lodging_Helen,478.07,33.9,2.0,13.9,1008.1,5.1,0,5,8,239,51394.9,2009.0,Mixed
2016-08-26 01:00:00,Fox_lodging_Helen,416.03,33.3,2.0,13.9,1008.0,5.1,1,5,8,239,51394.9,2009.0,Mixed
2016-08-26 02:00:00,Fox_lodging_Helen,382.43,31.7,3.0,12.2,1008.3,3.1,2,5,8,239,51394.9,2009.0,Mixed
2016-08-26 03:00:00,Fox_lodging_Helen,370.07,28.9,4.0,15.6,1009.05,6.7,3,5,8,239,51394.9,2009.0,Mixed
2016-08-26 04:00:00,Fox_lodging_Helen,361.05,28.9,5.0,15.0,1009.8,4.6,4,5,8,239,51394.9,2009.0,Mixed
2016-08-26 05:00:00,Fox_lodging_Helen,362.27,27.8,6.0,15.6,1009.9,5.1,5,5,8,239,51394.9,2009.0,Mixed
2016-08-26 06:00:00,Fox_lodging_Helen,368.02,27.2,5.5,14.4,1011.0,5.1,6,5,8,239,51394.9,2009.0,Mixed
2016-08-26 07:00:00,Fox_lodging_Helen,374.25,27.8,5.0,14.4,1011.5,5.7,7,5,8,239,51394.9,2009.0,Mixed
2016-08-26 08:00:00,Fox_lodging_Helen,370.12,28.3,4.5,14.4,1012.1,8.8,8,5,8,239,51394.9,2009.0,Mixed
2016-08-26 09:00:00,Fox_lodging_Helen,376.65,29.4,4.0,14.4,1012.1,8.2,9,5,8,239,51394.9,2009.0,Mixed
2016-08-26 10:00:00,Fox_lodging_Helen,391.7,31.7,4.0,13.9,1012.3,7.7,10,5,8,239,51394.9,2009.0,Mixed
2016-08-26 11:00:00,Fox_lodging_Helen,419.72,32.8,4.0,13.3,1011.8,6.7,11,5,8,239,51394.9,2009.0,Mixed
2016-08-26 12:00:00,Fox_lodging_Helen,441.45,33.3,4.333333333333333,13.3,1011.1,2.6,12,5,8,239,51394.9,2009.0,Mixed
2016-08-26 13:00:00,Fox_lodging_Helen,452.03,35.0,4.666666666666667,12.8,1010.2,2.1,13,5,8,239,51394.9,2009.0,Mixed
2016-08-26 14:00:00,Fox_lodging_Helen,456.87,35.6,5.0,12.2,1009.2,3.1,14,5,8,239,51394.9,2009.0,Mixed
2016-08-26 15:00:00,Fox_lodging_Helen,472.38,36.1,5.0,12.2,1008.2,5.7,15,5,8,239,51394.9,2009.0,Mixed
2016-08-26 16:00:00,Fox_lodging_Helen,486.0,36.1,5.0,12.2,1007.6,3.6,16,5,8,239,51394.9,2009.0,Mixed
2016-08-26 17:00:00,Fox_lodging_Helen,507.57,36.7,6.0,12.8,1007.2,3.1,17,5,8,239,51394.9,2009.0,Mixed
2016-08-26 18:00:00,Fox_lodging_Helen,522.15,35.6,6.0,12.8,1006.9,2.6,18,5,8,239,51394.9,2009.0,Mixed
2016-08-26 19:00:00,Fox_lodging_Helen,507.53,35.0,6.0,12.8,1007.1,2.1,19,5,8,239,51394.9,2009.0,Mixed
2016-08-26 20:00:00,Fox_lodging_Helen,514.77,33.9,6.0,15.0,1007.4,3.1,20,5,8,239,51394.9,2009.0,Mixed
2016-08-26 21:00:00,Fox_lodging_Helen,512.93,33.9,6.0,14.4,1007.9,2.1,21,5,8,239,51394.9,2009.0,Mixed
2016-08-26 22:00:00,Fox_lodging_Helen,504.4,33.3,6.0,14.4,1008.2,4.1,22,5,8,239,51394.9,2009.0,Mixed
2016-08-26 23:00:00,Fox_lodging_Helen,468.83,31.7,6.0,13.9,1008.5,3.6,23,5,8,239,51394.9,2009.0,Mixed
2016-08-27 00:00:00,Fox_lodging_Helen,445.92,31.7,5.333333333333333,13.3,1008.4,2.6,0,6,8,240,51394.9,2009.0,Mixed
2016-08-27 01:00:00,Fox_lodging_Helen,449.85,31.1,4.666666666666667,13.9,1008.3,0.0,1,6,8,240,51394.9,2009.0,Mixed
2016-08-27 02:00:00,Fox_lodging_Helen,422.27,30.6,4.0,13.9,1008.0,3.1,2,6,8,240,51394.9,2009.0,Mixed
2016-08-27 03:00:00,Fox_lodging_Helen,372.57,30.6,4.0,13.9,1008.2,3.1,3,6,8,240,51394.9,2009.0,Mixed
2016-08-27 04:00:00,Fox_lodging_Helen,361.25,28.9,4.0,13.9,1008.5,3.6,4,6,8,240,51394.9,2009.0,Mixed
2016-08-27 05:00:00,Fox_lodging_Helen,360.15,30.0,4.0,12.8,1008.9,3.1,5,6,8,240,51394.9,2009.0,Mixed
2016-08-27 06:00:00,Fox_lodging_Helen,362.45,28.9,4.0,10.6,1009.7,2.1,6,6,8,240,51394.9,2009.0,Mixed
2016-08-27 07:00:00,Fox_lodging_Helen,371.5,28.9,4.0,12.2,1010.8,6.2,7,6,8,240,51394.9,2009.0,Mixed
2016-08-27 08:00:00,Fox_lodging_Helen,369.33,27.8,4.0,15.0,1011.7,4.6,8,6,8,240,51394.9,2009.0,Mixed
2016-08-27 09:00:00,Fox_lodging_Helen,375.4,29.4,4.0,15.6,1011.9,5.7,9,6,8,240,51394.9,2009.0,Mixed
2016-08-27 10:00:00,Fox_lodging_Helen,401.92,31.1,4.0,14.4,1012.1,2.6,10,6,8,240,51394.9,2009.0,Mixed
2016-08-27 11:00:00,Fox_lodging_Helen,396.75,32.2,4.0,13.9,1012.1,2.1,11,6,8,240,51394.9,2009.0,Mixed
2016-08-27 12:00:00,Fox_lodging_Helen,425.7,33.3,4.0,12.8,1011.5,3.6,12,6,8,240,51394.9,2009.0,Mixed
2016-08-27 13:00:00,Fox_lodging_Helen,440.58,33.9,4.0,12.2,1010.7,1.5,13,6,8,240,51394.9,2009.0,Mixed
2016-08-27 14:00:00,Fox_lodging_Helen,452.33,34.4,4.0,11.1,1009.9,1.5,14,6,8,240,51394.9,2009.0,Mixed
2016-08-27 15:00:00,Fox_lodging_Helen,479.22,34.4,4.0,9.4,1008.9,3.6,15,6,8,240,51394.9,2009.0,Mixed
2016-08-27 16:00:00,Fox_lodging_Helen,477.13,35.6,4.0,8.9,1008.5,3.1,16,6,8,240,51394.9,2009.0,Mixed
2016-08-27 17:00:00,Fox_lodging_Helen,506.5,35.6,2.0,7.8,1007.9,3.1,17,6,8,240,51394.9,2009.0,Mixed
2016-08-27 18:00:00,Fox_lodging_Helen,523.5,35.0,2.0,7.2,1007.7,3.1,18,6,8,240,51394.9,2009.0,Mixed
2016-08-27 19:00:00,Fox_lodging_Helen,517.17,34.4,2.0,6.7,1008.0,3.6,19,6,8,240,51394.9,2009.0,Mixed
2016-08-27 20:00:00,Fox_lodging_Helen,525.88,33.9,2.0,7.2,1008.5,3.1,20,6,8,240,51394.9,2009.0,Mixed
2016-08-27 21:00:00,Fox_lodging_Helen,529.57,33.3,2.0,7.8,1009.2,2.1,21,6,8,240,51394.9,2009.0,Mixed
2016-08-27 22:00:00,Fox_lodging_Helen,499.53,33.3,2.0,7.8,1009.6,1.5,22,6,8,240,51394.9,2009.0,Mixed
2016-08-27 23:00:00,Fox_lodging_Helen,489.3,30.6,0.0,9.4,1009.7,0.0,23,6,8,240,51394.9,2009.0,Mixed
2016-08-28 00:00:00,Fox_lodging_Helen,454.85,30.4,0.0,9.1,1010.05,0.75,0,7,8,241,51394.9,2009.0,Mixed
2016-08-28 01:00:00,Fox_lodging_Helen,414.63,29.4,0.0,8.9,1010.4,1.5,1,7,8,241,51394.9,2009.0,Mixed
2016-08-28 02:00:00,Fox_lodging_Helen,389.82,27.8,0.0,10.0,1010.3,4.1,2,7,8,241,51394.9,2009.0,Mixed
2016-08-28 03:00:00,Fox_lodging_Helen,373.05,27.8,0.0,11.1,1010.6,2.1,3,7,8,241,51394.9,2009.0,Mixed
2016-08-28 04:00:00,Fox_lodging_Helen,358.03,27.2,0.0,11.1,1010.8,3.6,4,7,8,241,51394.9,2009.0,Mixed
2016-08-28 05:00:00,Fox_lodging_Helen,355.25,26.7,0.0,11.7,1011.1,1.5,5,7,8,241,51394.9,2009.0,Mixed
2016-08-28 06:00:00,Fox_lodging_Helen,351.02,25.6,2.0,11.7,1011.9,2.6,6,7,8,241,51394.9,2009.0,Mixed
2016-08-28 07:00:00,Fox_lodging_Helen,350.57,26.1,2.0,11.1,1012.5,2.1,7,7,8,241,51394.9,2009.0,Mixed
2016-08-28 08:00:00,Fox_lodging_Helen,349.4,27.8,2.0,10.0,1013.0,2.6,8,7,8,241,51394.9,2009.0,Mixed
2016-08-28 09:00:00,Fox_lodging_Helen,371.4,28.9,0.0,9.4,1013.2,2.6,9,7,8,241,51394.9,2009.0,Mixed
2016-08-28 10:00:00,Fox_lodging_Helen,365.05,31.1,2.0,8.3,1013.2,2.6,10,7,8,241,51394.9,2009.0,Mixed
2016-08-28 11:00:00,Fox_lodging_Helen,388.45,32.8,2.0,7.8,1012.8,1.5,11,7,8,241,51394.9,2009.0,Mixed
2016-08-28 12:00:00,Fox_lodging_Helen,392.38,33.9,2.0,6.7,1012.3,2.1,12,7,8,241,51394.9,2009.0,Mixed
2016-08-28 13:00:00,Fox_lodging_Helen,423.87,35.0,2.0,5.6,1011.7,0.0,13,7,8,241,51394.9,2009.0,Mixed
2016-08-28 14:00:00,Fox_lodging_Helen,425.9,36.1,2.0,6.1,1011.0,1.5,14,7,8,241,51394.9,2009.0,Mixed
2016-08-28 15:00:00,Fox_lodging_Helen,477.97,36.7,2.0,7.2,1010.1,2.1,15,7,8,241,51394.9,2009.0,Mixed
2016-08-28 16:00:00,Fox_lodging_Helen,497.88,37.2,2.0,7.2,1009.6,3.1,16,7,8,241,51394.9,2009.0,Mixed
2016-08-28 17:00:00,Fox_lodging_Helen,524.17,36.7,2.0,7.8,1009.2,3.6,17,7,8,241,51394.9,2009.0,Mixed
2016-08-28 18:00:00,Fox_lodging_Helen,521.85,36.7,2.0,7.2,1008.8,3.6,18,7,8,241,51394.9,2009.0,Mixed
2016-08-28 19:00:00,Fox_lodging_Helen,571.55,35.6,2.0,7.2,1008.9,2.6,19,7,8,241,51394.9,2009.0,Mixed
2016-08-28 20:00:00,Fox_lodging_Helen,591.12,35.0,0.0,7.8,1009.3,0.0,20,7,8,241,51394.9,2009.0,Mixed
2016-08-28 21:00:00,Fox_lodging_Helen,605.12,33.3,0.0,8.9,1009.9,1.5,21,7,8,241,51394.9,2009.0,Mixed
2016-08-28 22:00:00,Fox_lodging_Helen,566.17,33.3,0.0,8.3,1010.0,1.5,22,7,8,241,51394.9,2009.0,Mixed
2016-08-28 23:00:00,Fox_lodging_Helen,538.5,33.9,0.0,9.4,1009.9,2.6,23,7,8,241,51394.9,2009.0,Mixed
2016-08-29 00:00:00,Fox_lodging_Helen,471.07,32.8,0.0,9.4,1010.0,2.6,0,1,8,242,51394.9,2009.0,Mixed
2016-08-29 01:00:00,Fox_lodging_Helen,433.38,30.0,0.0,11.1,1010.0,0.0,1,1,8,242,51394.9,2009.0,Mixed
2016-08-29 02:00:00,Fox_lodging_Helen,371.28,29.4,0.0,11.7,1010.0,2.1,2,1,8,242,51394.9,2009.0,Mixed
2016-08-29 03:00:00,Fox_lodging_Helen,359.18,28.3,0.0,11.7,1010.1,2.1,3,1,8,242,51394.9,2009.0,Mixed
2016-08-29 04:00:00,Fox_lodging_Helen,349.12,28.3,0.0,11.1,1010.1,4.1,4,1,8,242,51394.9,2009.0,Mixed
2016-08-29 05:00:00,Fox_lodging_Helen,349.17,28.3,2.0,10.0,1010.4,4.1,5,1,8,242,51394.9,2009.0,Mixed
2016-08-29 06:00:00,Fox_lodging_Helen,357.45,28.3,0.0,9.4,1010.6,2.1,6,1,8,242,51394.9,2009.0,Mixed
2016-08-29 07:00:00,Fox_lodging_Helen,367.63,27.8,0.0,10.0,1011.1,1.5,7,1,8,242,51394.9,2009.0,Mixed
2016-08-29 08:00:00,Fox_lodging_Helen,396.55,30.0,0.0,9.4,1011.5,0.0,8,1,8,242,51394.9,2009.0,Mixed
2016-08-29 09:00:00,Fox_lodging_Helen,392.92,32.2,0.0,10.6,1011.6,2.1,9,1,8,242,51394.9,2009.0,Mixed
2016-08-29 10:00:00,Fox_lodging_Helen,374.13,34.4,0.0,8.9,1011.4,2.6,10,1,8,242,51394.9,2009.0,Mixed
2016-08-29 11:00:00,Fox_lodging_Helen,374.03,35.6,2.0,7.8,1010.7,0.0,11,1,8,242,51394.9,2009.0,Mixed
2016-08-29 12:00:00,Fox_lodging_Helen,398.42,37.2,2.0,6.7,1009.9,2.6,12,1,8,242,51394.9,2009.0,Mixed
2016-08-29 13:00:00,Fox_lodging_Helen,408.42,38.3,2.0,6.7,1009.3,3.1,13,1,8,242,51394.9,2009.0,Mixed
2016-08-29 14:00:00,Fox_lodging_Helen,428.9,39.4,2.0,6.1,1008.6,5.7,14,1,8,242,51394.9,2009.0,Mixed
2016-08-29 15:00:00,Fox_lodging_Helen,457.93,39.4,2.0,5.6,1007.5,2.6,15,1,8,242,51394.9,2009.0,Mixed
2016-08-29 16:00:00,Fox_lodging_Helen,485.28,40.0,2.0,5.6,1006.8,4.6,16,1,8,242,51394.9,2009.0,Mixed
2016-08-29 17:00:00,Fox_lodging_Helen,509.33,39.4,2.0,5.6,1006.2,2.1,17,1,8,242,51394.9,2009.0,Mixed
2016-08-29 18:00:00,Fox_lodging_Helen,540.25,39.4,2.0,5.6,1005.8,2.6,18,1,8,242,51394.9,2009.0,Mixed
2016-08-29 19:00:00,Fox_lodging_Helen,534.68,38.3,2.0,5.6,1005.9,4.6,19,1,8,242,51394.9,2009.0,Mixed
2016-08-29 20:00:00,Fox_lodging_Helen,570.95,37.2,2.0,5.6,1006.3,2.6,20,1,8,242,51394.9,2009.0,Mixed
2016-08-29 21:00:00,Fox_lodging_Helen,590.88,36.1,0.0,5.6,1007.1,0.0,21,1,8,242,51394.9,2009.0,Mixed
2016-08-29 22:00:00,Fox_lodging_Helen,595.42,36.1,0.0,6.7,1007.3,3.1,22,1,8,242,51394.9,2009.0,Mixed
2016-08-29 23:00:00,Fox_lodging_Helen,547.08,35.0,0.0,7.8,1007.4,2.1,23,1,8,242,51394.9,2009.0,Mixed
2016-08-30 00:00:00,Fox_lodging_Helen,481.5,33.3,0.0,8.9,1007.8,1.5,0,2,8,243,51394.9,2009.0,Mixed
2016-08-30 01:00:00,Fox_lodging_Helen,420.37,32.2,0.0,7.2,1007.9,1.5,1,2,8,243,51394.9,2009.0,Mixed
2016-08-30 02:00:00,Fox_lodging_Helen,380.72,30.6,0.0,7.2,1007.7,2.6,2,2,8,243,51394.9,2009.0,Mixed
2016-08-30 03:00:00,Fox_lodging_Helen,367.65,30.0,0.0,7.2,1007.9,2.6,3,2,8,243,51394.9,2009.0,Mixed
2016-08-30 04:00:00,Fox_lodging_Helen,359.53,29.4,0.0,7.8,1008.0,2.1,4,2,8,243,51394.9,2009.0,Mixed
2016-08-30 05:00:00,Fox_lodging_Helen,363.57,29.4,0.0,7.8,1008.5,3.1,5,2,8,243,51394.9,2009.0,Mixed
2016-08-30 06:00:00,Fox_lodging_Helen,362.48,30.6,2.0,7.2,1008.9,3.6,6,2,8,243,51394.9,2009.0,Mixed
2016-08-30 07:00:00,Fox_lodging_Helen,388.37,30.6,2.0,8.3,1009.7,3.1,7,2,8,243,51394.9,2009.0,Mixed
2016-08-30 08:00:00,Fox_lodging_Helen,390.63,32.2,2.0,9.4,1010.1,2.1,8,2,8,243,51394.9,2009.0,Mixed
2016-08-30 09:00:00,Fox_lodging_Helen,387.43,34.4,2.0,12.2,1010.3,3.1,9,2,8,243,51394.9,2009.0,Mixed
2016-08-30 10:00:00,Fox_lodging_Helen,382.58,36.1,2.0,12.8,1010.4,5.7,10,2,8,243,51394.9,2009.0,Mixed
2016-08-30 11:00:00,Fox_lodging_Helen,409.55,38.3,2.0,12.8,1010.0,4.1,11,2,8,243,51394.9,2009.0,Mixed
2016-08-30 12:00:00,Fox_lodging_Helen,401.9,39.4,2.0,12.2,1009.2,4.6,12,2,8,243,51394.9,2009.0,Mixed
2016-08-30 13:00:00,Fox_lodging_Helen,426.05,40.0,4.0,11.7,1008.2,3.6,13,2,8,243,51394.9,2009.0,Mixed
2016-08-30 14:00:00,Fox_lodging_Helen,448.68,40.0,4.0,11.1,1007.2,2.6,14,2,8,243,51394.9,2009.0,Mixed
2016-08-30 15:00:00,Fox_lodging_Helen,445.48,40.6,4.0,10.0,1006.1,2.1,15,2,8,243,51394.9,2009.0,Mixed
2016-08-30 16:00:00,Fox_lodging_Helen,493.27,41.1,4.0,9.4,1005.7,4.1,16,2,8,243,51394.9,2009.0,Mixed
2016-08-30 17:00:00,Fox_lodging_Helen,525.62,40.6,4.0,9.4,1005.6,3.1,17,2,8,243,51394.9,2009.0,Mixed
2016-08-30 18:00:00,Fox_lodging_Helen,532.55,37.2,4.0,12.2,1005.7,5.1,18,2,8,243,51394.9,2009.0,Mixed
2016-08-30 19:00:00,Fox_lodging_Helen,531.8,38.3,4.0,10.0,1005.3,3.1,19,2,8,243,51394.9,2009.0,Mixed
2016-08-30 20:00:00,Fox_lodging_Helen,535.98,36.1,4.0,13.3,1006.0,4.6,20,2,8,243,51394.9,2009.0,Mixed
2016-08-30 21:00:00,Fox_lodging_Helen,599.37,35.0,0.0,13.3,1006.4,4.1,21,2,8,243,51394.9,2009.0,Mixed
2016-08-30 22:00:00,Fox_lodging_Helen,574.02,33.9,2.0,13.3,1006.8,2.6,22,2,8,243,51394.9,2009.0,Mixed
2016-08-30 23:00:00,Fox_lodging_Helen,540.52,33.3,2.0,13.9,1007.3,3.6,23,2,8,243,51394.9,2009.0,Mixed
2016-08-31 00:00:00,Fox_lodging_Helen,499.42,31.7,2.0,13.9,1007.4,3.1,0,3,8,244,51394.9,2009.0,Mixed
2016-08-31 01:00:00,Fox_lodging_Helen,422.92,31.7,2.0,13.3,1007.5,2.6,1,3,8,244,51394.9,2009.0,Mixed
2016-08-31 02:00:00,Fox_lodging_Helen,391.65,31.1,0.0,12.8,1007.7,4.1,2,3,8,244,51394.9,2009.0,Mixed
2016-08-31 03:00:00,Fox_lodging_Helen,374.17,30.6,2.0,12.8,1007.9,2.6,3,3,8,244,51394.9,2009.0,Mixed
2016-08-31 04:00:00,Fox_lodging_Helen,360.0,30.6,0.0,13.3,1008.0,3.1,4,3,8,244,51394.9,2009.0,Mixed
2016-08-31 05:00:00,Fox_lodging_Helen,364.55,30.0,0.0,12.8,1008.2,1.5,5,3,8,244,51394.9,2009.0,Mixed
2016-08-31 06:00:00,Fox_lodging_Helen,368.78,29.4,2.0,12.8,1009.1,1.5,6,3,8,244,51394.9,2009.0,Mixed
2016-08-31 07:00:00,Fox_lodging_Helen,380.77,30.0,2.0,13.3,1009.8,2.6,7,3,8,244,51394.9,2009.0,Mixed
2016-08-31 08:00:00,Fox_lodging_Helen,390.55,32.2,2.0,13.9,1010.3,3.1,8,3,8,244,51394.9,2009.0,Mixed
2016-08-31 09:00:00,Fox_lodging_Helen,387.2,32.8,2.0,14.4,1010.6,3.6,9,3,8,244,51394.9,2009.0,Mixed
2016-08-31 10:00:00,Fox_lodging_Helen,387.5,35.6,2.0,14.4,1010.5,5.1,10,3,8,244,51394.9,2009.0,Mixed
2016-08-31 11:00:00,Fox_lodging_Helen,381.62,36.1,2.0,15.0,1010.2,4.1,11,3,8,244,51394.9,2009.0,Mixed
2016-08-31 12:00:00,Fox_lodging_Helen,398.52,37.2,2.0,14.4,1009.6,3.1,12,3,8,244,51394.9,2009.0,Mixed
2016-08-31 13:00:00,Fox_lodging_Helen,418.73,38.3,2.0,13.9,1008.7,5.1,13,3,8,244,51394.9,2009.0,Mixed
2016-08-31 14:00:00,Fox_lodging_Helen,424.05,38.3,4.0,13.3,1007.5,2.1,14,3,8,244,51394.9,2009.0,Mixed
2016-08-31 15:00:00,Fox_lodging_Helen,426.62,39.4,4.0,13.3,1006.4,2.1,15,3,8,244,51394.9,2009.0,Mixed
2016-08-31 16:00:00,Fox_lodging_Helen,472.25,39.4,4.0,13.3,1005.6,1.5,16,3,8,244,51394.9,2009.0,Mixed
2016-08-31 17:00:00,Fox_lodging_Helen,501.53,39.4,4.0,12.8,1005.0,3.1,17,3,8,244,51394.9,2009.0,Mixed
2016-08-31 18:00:00,Fox_lodging_Helen,516.38,39.4,4.0,11.7,1004.8,2.6,18,3,8,244,51394.9,2009.0,Mixed
2016-08-31 19:00:00,Fox_lodging_Helen,537.6,38.9,4.0,11.7,1005.2,2.1,19,3,8,244,51394.9,2009.0,Mixed
2016-08-31 20:00:00,Fox_lodging_Helen,551.43,37.8,4.0,12.2,1005.9,2.1,20,3,8,244,51394.9,2009.0,Mixed
2016-08-31 21:00:00,Fox_lodging_Helen,597.85,38.3,4.0,12.2,1006.4,3.1,21,3,8,244,51394.9,2009.0,Mixed
2016-08-31 22:00:00,Fox_lodging_Helen,576.73,34.4,5.0,13.9,1007.9,7.7,22,3,8,244,51394.9,2009.0,Mixed
2016-08-31 23:00:00,Fox_lodging_Helen,526.3,33.9,6.0,13.9,1008.1,4.6,23,3,8,244,51394.9,2009.0,Mixed
2016-09-01 00:00:00,Fox_lodging_Helen,497.53,33.9,5.6,13.3,1008.2,4.1,0,4,9,245,51394.9,2009.0,Mixed
2016-09-01 01:00:00,Fox_lodging_Helen,428.92,32.2,5.2,15.0,1008.5,4.6,1,4,9,245,51394.9,2009.0,Mixed
2016-09-01 02:00:00,Fox_lodging_Helen,391.15,31.7,4.8,16.7,1008.6,3.1,2,4,9,245,51394.9,2009.0,Mixed
2016-09-01 03:00:00,Fox_lodging_Helen,375.63,31.1,4.8,17.2,1008.8,3.1,3,4,9,245,51394.9,2009.0,Mixed
2016-09-01 04:00:00,Fox_lodging_Helen,374.28,30.6,4.0,17.2,1008.8,3.6,4,4,9,245,51394.9,2009.0,Mixed
2016-09-01 05:00:00,Fox_lodging_Helen,373.95,30.6,6.0,17.2,1009.2,3.6,5,4,9,245,51394.9,2009.0,Mixed
2016-09-01 06:00:00,Fox_lodging_Helen,382.83,30.6,6.0,17.8,1009.4,4.1,6,4,9,245,51394.9,2009.0,Mixed
2016-09-01 07:00:00,Fox_lodging_Helen,391.13,30.6,6.0,17.8,1010.0,3.6,7,4,9,245,51394.9,2009.0,Mixed
2016-09-01 08:00:00,Fox_lodging_Helen,424.27,32.8,6.0,17.8,1010.3,3.1,8,4,9,245,51394.9,2009.0,Mixed
2016-09-01 09:00:00,Fox_lodging_Helen,405.57,33.9,6.0,17.2,1010.5,2.6,9,4,9,245,51394.9,2009.0,Mixed
2016-09-01 10:00:00,Fox_lodging_Helen,405.92,35.6,6.0,17.2,1010.5,4.1,10,4,9,245,51394.9,2009.0,Mixed
2016-09-01 11:00:00,Fox_lodging_Helen,408.82,36.1,6.0,16.7,1010.3,2.6,11,4,9,245,51394.9,2009.0,Mixed
2016-09-01 12:00:00,Fox_lodging_Helen,396.92,36.1,5.0,16.7,1009.7,3.1,12,4,9,245,51394.9,2009.0,Mixed
2016-09-01 13:00:00,Fox_lodging_Helen,406.2,37.2,4.0,16.7,1008.5,2.1,13,4,9,245,51394.9,2009.0,Mixed
2016-09-01 14:00:00,Fox_lodging_Helen,433.3,39.4,4.0,16.1,1007.3,4.6,14,4,9,245,51394.9,2009.0,Mixed
2016-09-01 15:00:00,Fox_lodging_Helen,468.85,38.3,4.0,16.1,1006.4,2.6,15,4,9,245,51394.9,2009.0,Mixed
2016-09-01 16:00:00,Fox_lodging_Helen,490.62,38.3,4.0,15.6,1005.5,0.0,16,4,9,245,51394.9,2009.0,Mixed
2016-09-01 17:00:00,Fox_lodging_Helen,515.07,38.9,4.0,15.0,1005.3,3.1,17,4,9,245,51394.9,2009.0,Mixed
2016-09-01 18:00:00,Fox_lodging_Helen,523.65,35.6,4.333333333333333,17.2,1005.8,4.1,18,4,9,245,51394.9,2009.0,Mixed
2016-09-01 19:00:00,Fox_lodging_Helen,536.97,36.1,4.666666666666667,16.1,1005.9,3.6,19,4,9,245,51394.9,2009.0,Mixed
2016-09-01 20:00:00,Fox_lodging_Helen,568.98,35.6,5.0,16.1,1006.7,2.6,20,4,9,245,51394.9,2009.0,Mixed
2016-09-01 21:00:00,Fox_lodging_Helen,577.15,36.1,5.0,15.6,1007.7,5.7,21,4,9,245,51394.9,2009.0,Mixed
2016-09-01 22:00:00,Fox_lodging_Helen,566.17,32.8,5.0,16.7,1008.5,5.1,22,4,9,245,51394.9,2009.0,Mixed
2016-09-01 23:00:00,Fox_lodging_Helen,534.6,32.2,6.0,17.2,1008.8,4.1,23,4,9,245,51394.9,2009.0,Mixed
2016-09-02 00:00:00,Fox_lodging_Helen,511.55,31.1,5.333333333333333,16.7,1009.4,4.1,0,5,9,246,51394.9,2009.0,Mixed
2016-09-02 01:00:00,Fox_lodging_Helen,447.85,31.1,4.666666666666667,16.7,1008.9,3.6,1,5,9,246,51394.9,2009.0,Mixed
2016-09-02 02:00:00,Fox_lodging_Helen,397.87,30.6,4.0,16.7,1008.5,3.6,2,5,9,246,51394.9,2009.0,Mixed
2016-09-02 03:00:00,Fox_lodging_Helen,378.22,30.0,2.0,17.2,1008.6,0.0,3,5,9,246,51394.9,2009.0,Mixed
2016-09-02 04:00:00,Fox_lodging_Helen,365.78,30.0,2.0,17.2,1008.3,3.1,4,5,9,246,51394.9,2009.0,Mixed
2016-09-02 05:00:00,Fox_lodging_Helen,366.77,29.4,2.0,17.2,1008.9,1.5,5,5,9,246,51394.9,2009.0,Mixed
2016-09-02 06:00:00,Fox_lodging_Helen,372.35,29.4,2.0,17.2,1009.1,4.1,6,5,9,246,51394.9,2009.0,Mixed
2016-09-02 07:00:00,Fox_lodging_Helen,379.75,29.4,4.0,17.2,1009.6,3.1,7,5,9,246,51394.9,2009.0,Mixed
2016-09-02 08:00:00,Fox_lodging_Helen,389.38,31.1,2.0,16.7,1009.5,3.6,8,5,9,246,51394.9,2009.0,Mixed
2016-09-02 09:00:00,Fox_lodging_Helen,438.58,32.2,2.0,16.7,1009.9,2.6,9,5,9,246,51394.9,2009.0,Mixed
2016-09-02 10:00:00,Fox_lodging_Helen,413.72,33.9,2.0,16.1,1009.9,2.6,10,5,9,246,51394.9,2009.0,Mixed
2016-09-02 11:00:00,Fox_lodging_Helen,420.08,35.6,2.0,15.6,1009.5,0.0,11,5,9,246,51394.9,2009.0,Mixed
2016-09-02 12:00:00,Fox_lodging_Helen,432.95,37.2,2.0,15.6,1008.6,3.1,12,5,9,246,51394.9,2009.0,Mixed
2016-09-02 13:00:00,Fox_lodging_Helen,434.05,37.8,4.0,15.0,1007.4,3.1,13,5,9,246,51394.9,2009.0,Mixed
2016-09-02 14:00:00,Fox_lodging_Helen,439.65,38.3,4.0,15.6,1006.5,2.6,14,5,9,246,51394.9,2009.0,Mixed
2016-09-02 15:00:00,Fox_lodging_Helen,475.03,38.9,4.0,15.0,1005.4,0.0,15,5,9,246,51394.9,2009.0,Mixed
2016-09-02 16:00:00,Fox_lodging_Helen,521.32,38.9,4.0,14.4,1004.5,2.6,16,5,9,246,51394.9,2009.0,Mixed
2016-09-02 17:00:00,Fox_lodging_Helen,504.43,39.4,4.0,11.1,1003.9,3.1,17,5,9,246,51394.9,2009.0,Mixed
2016-09-02 18:00:00,Fox_lodging_Helen,543.37,38.9,4.0,11.7,1003.7,4.6,18,5,9,246,51394.9,2009.0,Mixed
2016-09-02 19:00:00,Fox_lodging_Helen,532.33,37.8,2.0,12.8,1003.4,2.6,19,5,9,246,51394.9,2009.0,Mixed
2016-09-02 20:00:00,Fox_lodging_Helen,512.93,37.2,2.0,13.3,1003.9,2.1,20,5,9,246,51394.9,2009.0,Mixed
2016-09-02 21:00:00,Fox_lodging_Helen,506.8,36.7,0.0,14.4,1004.4,0.0,21,5,9,246,51394.9,2009.0,Mixed
2016-09-02 22:00:00,Fox_lodging_Helen,492.83,35.6,2.0,14.4,1004.6,0.0,22,5,9,246,51394.9,2009.0,Mixed
2016-09-02 23:00:00,Fox_lodging_Helen,486.1,35.0,2.0,15.0,1004.8,2.1,23,5,9,246,51394.9,2009.0,Mixed
2016-09-03 00:00:00,Fox_lodging_Helen,469.28,34.4,2.0,12.8,1005.2,3.6,0,6,9,247,51394.9,2009.0,Mixed
2016-09-03 01:00:00,Fox_lodging_Helen,443.12,34.4,4.0,12.2,1005.0,5.1,1,6,9,247,51394.9,2009.0,Mixed
2016-09-03 02:00:00,Fox_lodging_Helen,421.65,32.8,4.0,12.8,1005.2,2.6,2,6,9,247,51394.9,2009.0,Mixed
2016-09-03 03:00:00,Fox_lodging_Helen,393.95,32.8,4.0,12.8,1005.3,2.6,3,6,9,247,51394.9,2009.0,Mixed
2016-09-03 04:00:00,Fox_lodging_Helen,374.42,30.6,4.0,14.4,1005.6,2.6,4,6,9,247,51394.9,2009.0,Mixed
2016-09-03 05:00:00,Fox_lodging_Helen,363.25,29.4,4.0,14.4,1005.8,2.6,5,6,9,247,51394.9,2009.0,Mixed
2016-09-03 06:00:00,Fox_lodging_Helen,366.9,28.3,2.0,13.9,1006.2,4.1,6,6,9,247,51394.9,2009.0,Mixed
2016-09-03 07:00:00,Fox_lodging_Helen,368.73,28.3,4.0,13.9,1006.7,4.1,7,6,9,247,51394.9,2009.0,Mixed
2016-09-03 08:00:00,Fox_lodging_Helen,360.63,29.4,4.0,14.4,1007.1,3.1,8,6,9,247,51394.9,2009.0,Mixed
2016-09-03 09:00:00,Fox_lodging_Helen,348.32,31.7,2.0,13.3,1007.4,5.7,9,6,9,247,51394.9,2009.0,Mixed
2016-09-03 10:00:00,Fox_lodging_Helen,369.28,33.9,2.0,13.9,1007.4,5.1,10,6,9,247,51394.9,2009.0,Mixed
2016-09-03 11:00:00,Fox_lodging_Helen,403.37,36.1,2.0,11.7,1006.8,4.6,11,6,9,247,51394.9,2009.0,Mixed
2016-09-03 12:00:00,Fox_lodging_Helen,395.42,37.2,2.0,10.6,1005.9,5.1,12,6,9,247,51394.9,2009.0,Mixed
2016-09-03 13:00:00,Fox_lodging_Helen,420.67,38.9,4.0,11.1,1005.0,7.2,13,6,9,247,51394.9,2009.0,Mixed
2016-09-03 14:00:00,Fox_lodging_Helen,443.63,39.4,4.0,7.8,1003.8,6.7,14,6,9,247,51394.9,2009.0,Mixed
2016-09-03 15:00:00,Fox_lodging_Helen,450.5,40.0,4.0,5.6,1002.8,6.2,15,6,9,247,51394.9,2009.0,Mixed
2016-09-03 16:00:00,Fox_lodging_Helen,486.98,40.6,2.0,2.2,1002.0,6.2,16,6,9,247,51394.9,2009.0,Mixed
2016-09-03 17:00:00,Fox_lodging_Helen,481.77,40.0,2.0,3.3,1001.4,4.1,17,6,9,247,51394.9,2009.0,Mixed
2016-09-03 18:00:00,Fox_lodging_Helen,485.38,38.9,2.0,2.8,1001.1,4.6,18,6,9,247,51394.9,2009.0,Mixed
2016-09-03 19:00:00,Fox_lodging_Helen,450.43,37.8,2.0,2.8,1001.0,3.1,19,6,9,247,51394.9,2009.0,Mixed
2016-09-03 20:00:00,Fox_lodging_Helen,447.63,37.2,2.0,1.7,1001.6,4.6,20,6,9,247,51394.9,2009.0,Mixed
2016-09-03 21:00:00,Fox_lodging_Helen,441.07,34.4,0.0,2.2,1002.1,2.1,21,6,9,247,51394.9,2009.0,Mixed
2016-09-03 22:00:00,Fox_lodging_Helen,455.67,33.3,0.0,2.8,1002.4,4.1,22,6,9,247,51394.9,2009.0,Mixed
2016-09-03 23:00:00,Fox_lodging_Helen,453.32,33.3,0.0,2.2,1002.4,2.6,23,6,9,247,51394.9,2009.0,Mixed
2016-09-04 00:00:00,Fox_lodging_Helen,451.03,33.9,0.0,2.8,1002.5,1.5,0,7,9,248,51394.9,2009.0,Mixed
2016-09-04 01:00:00,Fox_lodging_Helen,431.53,30.0,0.0,3.9,1002.8,3.1,1,7,9,248,51394.9,2009.0,Mixed
2016-09-04 02:00:00,Fox_lodging_Helen,402.23,28.9,0.0,0.0,1003.1,2.6,2,7,9,248,51394.9,2009.0,Mixed
2016-09-04 03:00:00,Fox_lodging_Helen,369.47,28.3,0.0,-2.8,1003.5,4.6,3,7,9,248,51394.9,2009.0,Mixed
2016-09-04 04:00:00,Fox_lodging_Helen,362.28,26.7,0.0,-2.2,1003.8,4.1,4,7,9,248,51394.9,2009.0,Mixed
2016-09-04 05:00:00,Fox_lodging_Helen,351.05,25.6,0.0,-2.2,1004.1,4.6,5,7,9,248,51394.9,2009.0,Mixed
2016-09-04 06:00:00,Fox_lodging_Helen,353.28,25.0,0.0,1.1,1004.6,3.6,6,7,9,248,51394.9,2009.0,Mixed
2016-09-04 07:00:00,Fox_lodging_Helen,349.92,25.6,0.0,0.6,1005.2,4.1,7,7,9,248,51394.9,2009.0,Mixed
2016-09-04 08:00:00,Fox_lodging_Helen,333.7,27.2,0.0,1.1,1005.1,3.1,8,7,9,248,51394.9,2009.0,Mixed
2016-09-04 09:00:00,Fox_lodging_Helen,334.4,30.0,0.0,-0.6,1005.3,3.1,9,7,9,248,51394.9,2009.0,Mixed
2016-09-04 10:00:00,Fox_lodging_Helen,339.67,31.7,0.0,-0.6,1005.6,4.1,10,7,9,248,51394.9,2009.0,Mixed
2016-09-04 11:00:00,Fox_lodging_Helen,350.88,34.4,0.0,-1.1,1005.1,5.1,11,7,9,248,51394.9,2009.0,Mixed
2016-09-04 12:00:00,Fox_lodging_Helen,368.15,35.6,0.0,-2.2,1004.1,2.1,12,7,9,248,51394.9,2009.0,Mixed
2016-09-04 13:00:00,Fox_lodging_Helen,381.68,36.7,0.0,-2.8,1003.4,3.1,13,7,9,248,51394.9,2009.0,Mixed
2016-09-04 14:00:00,Fox_lodging_Helen,431.92,37.2,0.0,-2.8,1002.7,3.1,14,7,9,248,51394.9,2009.0,Mixed
2016-09-04 15:00:00,Fox_lodging_Helen,430.03,38.3,0.0,-2.8,1001.9,3.1,15,7,9,248,51394.9,2009.0,Mixed
2016-09-04 16:00:00,Fox_lodging_Helen,442.78,37.8,0.0,-3.9,1001.5,3.1,16,7,9,248,51394.9,2009.0,Mixed
2016-09-04 17:00:00,Fox_lodging_Helen,466.42,37.8,0.0,-3.9,1001.2,1.5,17,7,9,248,51394.9,2009.0,Mixed
2016-09-04 18:00:00,Fox_lodging_Helen,485.62,37.2,0.0,-1.7,1001.1,4.6,18,7,9,248,51394.9,2009.0,Mixed
2016-09-04 19:00:00,Fox_lodging_Helen,485.13,36.1,0.0,0.6,1000.9,5.7,19,7,9,248,51394.9,2009.0,Mixed
2016-09-04 20:00:00,Fox_lodging_Helen,510.9,35.0,0.0,1.7,1001.3,4.6,20,7,9,248,51394.9,2009.0,Mixed
2016-09-04 21:00:00,Fox_lodging_Helen,503.43,33.3,0.0,3.3,1001.7,3.1,21,7,9,248,51394.9,2009.0,Mixed
2016-09-04 22:00:00,Fox_lodging_Helen,502.92,31.1,0.0,4.4,1001.8,0.0,22,7,9,248,51394.9,2009.0,Mixed
2016-09-04 23:00:00,Fox_lodging_Helen,473.43,30.6,0.0,5.0,1002.0,2.6,23,7,9,248,51394.9,2009.0,Mixed
2016-09-05 00:00:00,Fox_lodging_Helen,450.2,28.9,0.0,4.4,1002.6,2.6,0,1,9,249,51394.9,2009.0,Mixed
2016-09-05 01:00:00,Fox_lodging_Helen,411.93,30.0,0.0,2.2,1002.5,2.1,1,1,9,249,51394.9,2009.0,Mixed
2016-09-05 02:00:00,Fox_lodging_Helen,401.6,28.3,0.0,3.3,1002.1,1.5,2,1,9,249,51394.9,2009.0,Mixed
2016-09-05 03:00:00,Fox_lodging_Helen,366.28,26.7,0.0,8.3,1002.1,2.6,3,1,9,249,51394.9,2009.0,Mixed
2016-09-05 04:00:00,Fox_lodging_Helen,351.88,25.6,0.0,7.8,1002.4,3.6,4,1,9,249,51394.9,2009.0,Mixed
2016-09-05 05:00:00,Fox_lodging_Helen,345.02,25.0,0.0,3.3,1002.7,2.6,5,1,9,249,51394.9,2009.0,Mixed
2016-09-05 06:00:00,Fox_lodging_Helen,344.5,24.4,2.0,3.9,1003.1,3.1,6,1,9,249,51394.9,2009.0,Mixed
2016-09-05 07:00:00,Fox_lodging_Helen,347.0,24.4,0.0,5.0,1003.6,3.1,7,1,9,249,51394.9,2009.0,Mixed
2016-09-05 08:00:00,Fox_lodging_Helen,336.18,26.1,0.0,4.4,1004.0,4.1,8,1,9,249,51394.9,2009.0,Mixed
2016-09-05 09:00:00,Fox_lodging_Helen,336.43,28.3,0.0,6.7,1004.3,3.1,9,1,9,249,51394.9,2009.0,Mixed
2016-09-05 10:00:00,Fox_lodging_Helen,334.05,30.0,0.0,7.8,1004.7,2.1,10,1,9,249,51394.9,2009.0,Mixed
2016-09-05 11:00:00,Fox_lodging_Helen,393.62,32.8,0.0,7.8,1004.2,2.6,11,1,9,249,51394.9,2009.0,Mixed
2016-09-05 12:00:00,Fox_lodging_Helen,374.03,34.4,0.0,3.9,1003.7,0.0,12,1,9,249,51394.9,2009.0,Mixed
2016-09-05 13:00:00,Fox_lodging_Helen,423.52,36.1,0.0,1.7,1003.0,3.1,13,1,9,249,51394.9,2009.0,Mixed
2016-09-05 14:00:00,Fox_lodging_Helen,425.75,37.8,0.0,0.6,1002.3,1.5,14,1,9,249,51394.9,2009.0,Mixed
2016-09-05 15:00:00,Fox_lodging_Helen,444.22,38.3,0.0,0.0,1001.4,0.0,15,1,9,249,51394.9,2009.0,Mixed
2016-09-05 16:00:00,Fox_lodging_Helen,471.62,38.9,0.0,0.0,1001.0,2.6,16,1,9,249,51394.9,2009.0,Mixed
2016-09-05 17:00:00,Fox_lodging_Helen,519.12,37.8,0.0,0.0,1000.5,2.6,17,1,9,249,51394.9,2009.0,Mixed
2016-09-05 18:00:00,Fox_lodging_Helen,543.27,37.8,0.0,0.6,1000.4,3.1,18,1,9,249,51394.9,2009.0,Mixed
2016-09-05 19:00:00,Fox_lodging_Helen,543.28,37.2,0.0,0.6,1000.4,3.1,19,1,9,249,51394.9,2009.0,Mixed
2016-09-05 20:00:00,Fox_lodging_Helen,581.33,36.1,0.0,1.7,1001.1,3.1,20,1,9,249,51394.9,2009.0,Mixed
2016-09-05 21:00:00,Fox_lodging_Helen,586.87,34.4,0.0,3.3,1001.8,2.1,21,1,9,249,51394.9,2009.0,Mixed
2016-09-05 22:00:00,Fox_lodging_Helen,552.62,32.2,0.0,4.4,1002.2,1.5,22,1,9,249,51394.9,2009.0,Mixed
2016-09-05 23:00:00,Fox_lodging_Helen,504.68,31.7,0.0,4.4,1002.8,1.5,23,1,9,249,51394.9,2009.0,Mixed
2016-09-06 00:00:00,Fox_lodging_Helen,448.6,30.6,0.0,4.4,1003.4,2.1,0,2,9,250,51394.9,2009.0,Mixed
2016-09-06 01:00:00,Fox_lodging_Helen,406.58,29.4,0.0,5.6,1004.3,3.6,1,2,9,250,51394.9,2009.0,Mixed
2016-09-06 02:00:00,Fox_lodging_Helen,375.78,28.9,0.0,4.4,1004.8,2.1,2,2,9,250,51394.9,2009.0,Mixed
2016-09-06 03:00:00,Fox_lodging_Helen,356.2,28.3,0.0,4.4,1005.2,2.1,3,2,9,250,51394.9,2009.0,Mixed
2016-09-06 04:00:00,Fox_lodging_Helen,351.82,28.3,0.0,3.9,1005.7,1.5,4,2,9,250,51394.9,2009.0,Mixed
2016-09-06 05:00:00,Fox_lodging_Helen,352.85,26.7,0.0,3.3,1006.3,3.6,5,2,9,250,51394.9,2009.0,Mixed
2016-09-06 06:00:00,Fox_lodging_Helen,356.12,26.1,2.0,3.3,1007.2,3.1,6,2,9,250,51394.9,2009.0,Mixed
2016-09-06 07:00:00,Fox_lodging_Helen,357.12,26.7,2.0,3.3,1008.1,2.1,7,2,9,250,51394.9,2009.0,Mixed
2016-09-06 08:00:00,Fox_lodging_Helen,388.47,28.3,2.0,3.9,1008.5,3.6,8,2,9,250,51394.9,2009.0,Mixed
2016-09-06 09:00:00,Fox_lodging_Helen,389.8,31.1,2.0,2.8,1008.8,3.1,9,2,9,250,51394.9,2009.0,Mixed
2016-09-06 10:00:00,Fox_lodging_Helen,383.95,33.3,2.0,7.2,1008.9,2.1,10,2,9,250,51394.9,2009.0,Mixed
2016-09-06 11:00:00,Fox_lodging_Helen,398.03,35.0,2.0,10.0,1008.5,4.1,11,2,9,250,51394.9,2009.0,Mixed
2016-09-06 12:00:00,Fox_lodging_Helen,415.02,36.1,2.0,10.6,1007.8,5.7,12,2,9,250,51394.9,2009.0,Mixed
2016-09-06 13:00:00,Fox_lodging_Helen,448.1,37.2,2.8,9.4,1007.4,4.1,13,2,9,250,51394.9,2009.0,Mixed
2016-09-06 14:00:00,Fox_lodging_Helen,453.58,36.1,3.6,9.4,1006.8,2.1,14,2,9,250,51394.9,2009.0,Mixed
2016-09-06 15:00:00,Fox_lodging_Helen,453.2,37.8,4.4,11.1,1005.9,4.6,15,2,9,250,51394.9,2009.0,Mixed
2016-09-06 16:00:00,Fox_lodging_Helen,479.67,37.8,4.4,11.7,1005.2,3.1,16,2,9,250,51394.9,2009.0,Mixed
2016-09-06 17:00:00,Fox_lodging_Helen,524.27,36.7,6.0,11.7,1005.0,1.5,17,2,9,250,51394.9,2009.0,Mixed
2016-09-06 18:00:00,Fox_lodging_Helen,513.55,36.7,6.333333333333333,11.7,1004.9,4.6,18,2,9,250,51394.9,2009.0,Mixed
2016-09-06 19:00:00,Fox_lodging_Helen,532.18,36.1,6.666666666666667,11.7,1005.1,4.6,19,2,9,250,51394.9,2009.0,Mixed
2016-09-06 20:00:00,Fox_lodging_Helen,539.9,35.6,7.0,11.7,1005.7,2.6,20,2,9,250,51394.9,2009.0,Mixed
2016-09-06 21:00:00,Fox_lodging_Helen,564.0,33.9,7.0,18.3,1006.7,7.7,21,2,9,250,51394.9,2009.0,Mixed
2016-09-06 22:00:00,Fox_lodging_Helen,546.9,32.2,7.0,17.2,1007.2,5.7,22,2,9,250,51394.9,2009.0,Mixed
2016-09-06 23:00:00,Fox_lodging_Helen,509.17,32.2,8.0,17.2,1007.6,7.7,23,2,9,250,51394.9,2009.0,Mixed
2016-09-07 00:00:00,Fox_lodging_Helen,495.97,31.1,8.0,18.3,1008.5,5.1,0,3,9,251,51394.9,2009.0,Mixed
2016-09-07 01:00:00,Fox_lodging_Helen,449.58,30.6,8.0,17.8,1008.7,4.6,1,3,9,251,51394.9,2009.0,Mixed
2016-09-07 02:00:00,Fox_lodging_Helen,404.57,30.6,8.0,18.3,1008.6,4.1,2,3,9,251,51394.9,2009.0,Mixed
2016-09-07 03:00:00,Fox_lodging_Helen,378.27,30.0,8.0,18.3,1008.8,3.1,3,3,9,251,51394.9,2009.0,Mixed
2016-09-07 04:00:00,Fox_lodging_Helen,370.53,30.0,8.0,18.3,1008.5,1.5,4,3,9,251,51394.9,2009.0,Mixed
2016-09-07 05:00:00,Fox_lodging_Helen,375.03,30.0,8.0,18.3,1008.6,2.1,5,3,9,251,51394.9,2009.0,Mixed
2016-09-07 06:00:00,Fox_lodging_Helen,377.25,25.0,8.0,21.7,1009.6,5.1,6,3,9,251,51394.9,2009.0,Mixed
2016-09-07 07:00:00,Fox_lodging_Helen,391.37,25.0,8.0,21.7,1010.5,1.5,7,3,9,251,51394.9,2009.0,Mixed
2016-09-07 08:00:00,Fox_lodging_Helen,413.3,25.6,8.0,22.2,1011.2,3.1,8,3,9,251,51394.9,2009.0,Mixed
2016-09-07 09:00:00,Fox_lodging_Helen,431.53,26.7,8.0,21.1,1012.2,4.1,9,3,9,251,51394.9,2009.0,Mixed
2016-09-07 10:00:00,Fox_lodging_Helen,427.0,26.7,8.0,20.0,1013.2,2.1,10,3,9,251,51394.9,2009.0,Mixed
2016-09-07 11:00:00,Fox_lodging_Helen,430.0,27.8,8.0,20.0,1012.9,1.5,11,3,9,251,51394.9,2009.0,Mixed
2016-09-07 12:00:00,Fox_lodging_Helen,434.25,27.2,8.0,21.7,1012.8,5.1,12,3,9,251,51394.9,2009.0,Mixed
2016-09-07 13:00:00,Fox_lodging_Helen,444.72,27.8,8.0,21.1,1012.3,3.1,13,3,9,251,51394.9,2009.0,Mixed
2016-09-07 14:00:00,Fox_lodging_Helen,452.38,28.9,8.0,20.0,1011.8,5.1,14,3,9,251,51394.9,2009.0,Mixed
2016-09-07 15:00:00,Fox_lodging_Helen,478.6,30.0,8.0,19.4,1011.2,5.7,15,3,9,251,51394.9,2009.0,Mixed
2016-09-07 16:00:00,Fox_lodging_Helen,495.27,30.6,8.0,19.4,1010.6,5.7,16,3,9,251,51394.9,2009.0,Mixed
2016-09-07 17:00:00,Fox_lodging_Helen,490.27,30.6,8.0,19.4,1010.5,6.2,17,3,9,251,51394.9,2009.0,Mixed
2016-09-07 18:00:00,Fox_lodging_Helen,523.33,30.6,7.666666666666667,20.0,1010.7,6.2,18,3,9,251,51394.9,2009.0,Mixed
2016-09-07 19:00:00,Fox_lodging_Helen,538.97,30.0,7.333333333333333,18.9,1011.0,5.1,19,3,9,251,51394.9,2009.0,Mixed
2016-09-07 20:00:00,Fox_lodging_Helen,539.92,29.4,7.0,18.9,1011.3,5.1,20,3,9,251,51394.9,2009.0,Mixed
2016-09-07 21:00:00,Fox_lodging_Helen,561.45,30.0,7.0,18.3,1011.9,4.6,21,3,9,251,51394.9,2009.0,Mixed
2016-09-07 22:00:00,Fox_lodging_Helen,573.65,26.7,7.0,18.9,1012.8,4.1,22,3,9,251,51394.9,2009.0,Mixed
2016-09-07 23:00:00,Fox_lodging_Helen,531.15,25.6,6.0,19.4,1013.4,3.1,23,3,9,251,51394.9,2009.0,Mixed
2016-09-08 00:00:00,Fox_lodging_Helen,484.5,26.1,5.333333333333333,19.4,1013.6,4.6,0,4,9,252,51394.9,2009.0,Mixed
2016-09-08 01:00:00,Fox_lodging_Helen,431.98,25.6,4.666666666666667,20.6,1013.6,3.1,1,4,9,252,51394.9,2009.0,Mixed
2016-09-08 02:00:00,Fox_lodging_Helen,408.9,25.0,4.0,20.6,1013.9,3.6,2,4,9,252,51394.9,2009.0,Mixed
2016-09-08 03:00:00,Fox_lodging_Helen,371.42,24.4,4.0,20.6,1014.0,2.6,3,4,9,252,51394.9,2009.0,Mixed
2016-09-08 04:00:00,Fox_lodging_Helen,354.77,24.4,4.0,20.6,1014.0,2.1,4,4,9,252,51394.9,2009.0,Mixed
2016-09-08 05:00:00,Fox_lodging_Helen,363.18,24.4,4.0,20.6,1014.4,2.6,5,4,9,252,51394.9,2009.0,Mixed
2016-09-08 06:00:00,Fox_lodging_Helen,366.05,24.4,4.0,20.6,1014.7,2.6,6,4,9,252,51394.9,2009.0,Mixed
2016-09-08 07:00:00,Fox_lodging_Helen,368.18,24.4,2.0,20.6,1015.5,3.1,7,4,9,252,51394.9,2009.0,Mixed
2016-09-08 08:00:00,Fox_lodging_Helen,387.08,25.6,2.0,20.6,1015.9,1.5,8,4,9,252,51394.9,2009.0,Mixed
2016-09-08 09:00:00,Fox_lodging_Helen,400.63,26.7,3.333333333333333,20.6,1016.1,1.5,9,4,9,252,51394.9,2009.0,Mixed
2016-09-08 10:00:00,Fox_lodging_Helen,423.5,27.8,4.666666666666666,20.0,1016.0,2.1,10,4,9,252,51394.9,2009.0,Mixed
2016-09-08 11:00:00,Fox_lodging_Helen,411.33,28.9,6.0,19.4,1015.5,2.1,11,4,9,252,51394.9,2009.0,Mixed
2016-09-08 12:00:00,Fox_lodging_Helen,414.23,31.1,4.0,20.0,1014.4,1.5,12,4,9,252,51394.9,2009.0,Mixed
2016-09-08 13:00:00,Fox_lodging_Helen,420.12,31.7,2.0,18.9,1013.6,1.5,13,4,9,252,51394.9,2009.0,Mixed
2016-09-08 14:00:00,Fox_lodging_Helen,437.12,32.8,2.0,18.3,1012.5,3.6,14,4,9,252,51394.9,2009.0,Mixed
2016-09-08 15:00:00,Fox_lodging_Helen,453.2,33.9,2.0,17.2,1011.5,3.6,15,4,9,252,51394.9,2009.0,Mixed
2016-09-08 16:00:00,Fox_lodging_Helen,483.42,35.0,2.0,16.7,1010.6,4.6,16,4,9,252,51394.9,2009.0,Mixed
2016-09-08 17:00:00,Fox_lodging_Helen,504.07,35.0,2.0,17.8,1009.9,5.1,17,4,9,252,51394.9,2009.0,Mixed
2016-09-08 18:00:00,Fox_lodging_Helen,532.72,34.4,2.0,17.8,1009.6,4.6,18,4,9,252,51394.9,2009.0,Mixed
2016-09-08 19:00:00,Fox_lodging_Helen,522.67,33.3,2.0,17.8,1009.5,4.6,19,4,9,252,51394.9,2009.0,Mixed
2016-09-08 20:00:00,Fox_lodging_Helen,558.23,32.8,2.0,17.8,1009.9,1.5,20,4,9,252,51394.9,2009.0,Mixed
2016-09-08 21:00:00,Fox_lodging_Helen,600.15,32.2,0.0,17.8,1010.2,2.1,21,4,9,252,51394.9,2009.0,Mixed
2016-09-08 22:00:00,Fox_lodging_Helen,566.95,32.2,0.0,17.2,1010.3,3.1,22,4,9,252,51394.9,2009.0,Mixed
2016-09-08 23:00:00,Fox_lodging_Helen,523.88,31.7,0.0,17.2,1010.6,2.6,23,4,9,252,51394.9,2009.0,Mixed
2016-09-09 00:00:00,Fox_lodging_Helen,489.38,31.1,0.0,17.2,1010.5,0.0,0,5,9,253,51394.9,2009.0,Mixed
2016-09-09 01:00:00,Fox_lodging_Helen,446.7,30.6,0.0,17.2,1010.4,2.1,1,5,9,253,51394.9,2009.0,Mixed
2016-09-09 02:00:00,Fox_lodging_Helen,404.23,29.4,0.0,17.8,1010.5,1.5,2,5,9,253,51394.9,2009.0,Mixed
2016-09-09 03:00:00,Fox_lodging_Helen,378.55,28.3,0.0,18.3,1010.4,2.1,3,5,9,253,51394.9,2009.0,Mixed
2016-09-09 04:00:00,Fox_lodging_Helen,356.67,27.8,0.0,17.8,1010.3,1.5,4,5,9,253,51394.9,2009.0,Mixed
2016-09-09 05:00:00,Fox_lodging_Helen,368.2,27.2,0.0,17.2,1010.7,2.6,5,5,9,253,51394.9,2009.0,Mixed
2016-09-09 06:00:00,Fox_lodging_Helen,363.62,26.7,2.0,17.8,1011.2,2.1,6,5,9,253,51394.9,2009.0,Mixed
2016-09-09 07:00:00,Fox_lodging_Helen,369.05,26.7,2.0,17.8,1011.6,2.6,7,5,9,253,51394.9,2009.0,Mixed
2016-09-09 08:00:00,Fox_lodging_Helen,393.6,27.2,2.0,18.3,1012.0,2.1,8,5,9,253,51394.9,2009.0,Mixed
2016-09-09 09:00:00,Fox_lodging_Helen,397.77,30.6,2.0,17.8,1012.2,0.0,9,5,9,253,51394.9,2009.0,Mixed
2016-09-09 10:00:00,Fox_lodging_Helen,392.53,31.7,2.0,17.2,1012.1,0.0,10,5,9,253,51394.9,2009.0,Mixed
2016-09-09 11:00:00,Fox_lodging_Helen,403.22,33.9,2.0,16.7,1011.5,3.1,11,5,9,253,51394.9,2009.0,Mixed
2016-09-09 12:00:00,Fox_lodging_Helen,453.17,35.6,2.0,15.0,1010.9,2.6,12,5,9,253,51394.9,2009.0,Mixed
2016-09-09 13:00:00,Fox_lodging_Helen,457.75,37.8,4.0,13.3,1010.2,6.2,13,5,9,253,51394.9,2009.0,Mixed
2016-09-09 14:00:00,Fox_lodging_Helen,437.63,37.8,4.0,12.2,1009.3,3.6,14,5,9,253,51394.9,2009.0,Mixed
2016-09-09 15:00:00,Fox_lodging_Helen,467.9,38.3,4.0,11.7,1008.5,13.0,15,5,9,253,51394.9,2009.0,Mixed
2016-09-09 16:00:00,Fox_lodging_Helen,519.83,38.3,5.0,10.0,1008.1,4.6,16,5,9,253,51394.9,2009.0,Mixed
2016-09-09 17:00:00,Fox_lodging_Helen,542.63,38.9,6.0,9.4,1007.9,4.1,17,5,9,253,51394.9,2009.0,Mixed
2016-09-09 18:00:00,Fox_lodging_Helen,512.53,37.8,5.333333333333333,11.1,1007.8,4.1,18,5,9,253,51394.9,2009.0,Mixed
2016-09-09 19:00:00,Fox_lodging_Helen,497.32,36.7,4.666666666666667,11.1,1007.8,4.6,19,5,9,253,51394.9,2009.0,Mixed
2016-09-09 20:00:00,Fox_lodging_Helen,509.27,35.6,4.0,12.2,1008.3,3.6,20,5,9,253,51394.9,2009.0,Mixed
2016-09-09 21:00:00,Fox_lodging_Helen,515.08,35.0,4.0,13.3,1008.8,3.1,21,5,9,253,51394.9,2009.0,Mixed
2016-09-09 22:00:00,Fox_lodging_Helen,474.77,34.4,4.0,13.3,1009.2,3.1,22,5,9,253,51394.9,2009.0,Mixed
2016-09-09 23:00:00,Fox_lodging_Helen,465.4,33.9,4.0,12.8,1009.5,3.6,23,5,9,253,51394.9,2009.0,Mixed
2016-09-10 00:00:00,Fox_lodging_Helen,466.62,33.3,4.0,13.3,1009.6,2.6,0,6,9,254,51394.9,2009.0,Mixed
2016-09-10 01:00:00,Fox_lodging_Helen,446.32,32.2,4.0,13.9,1009.7,2.1,1,6,9,254,51394.9,2009.0,Mixed
2016-09-10 02:00:00,Fox_lodging_Helen,412.42,30.0,4.0,14.4,1009.8,0.0,2,6,9,254,51394.9,2009.0,Mixed
2016-09-10 03:00:00,Fox_lodging_Helen,388.05,29.4,0.0,14.4,1009.7,0.0,3,6,9,254,51394.9,2009.0,Mixed
2016-09-10 04:00:00,Fox_lodging_Helen,367.07,28.9,2.0,15.0,1009.9,2.1,4,6,9,254,51394.9,2009.0,Mixed
2016-09-10 05:00:00,Fox_lodging_Helen,368.27,28.3,4.0,14.4,1010.5,0.0,5,6,9,254,51394.9,2009.0,Mixed
2016-09-10 06:00:00,Fox_lodging_Helen,363.08,28.3,4.0,15.0,1011.3,2.1,6,6,9,254,51394.9,2009.0,Mixed
2016-09-10 07:00:00,Fox_lodging_Helen,358.32,27.8,4.0,15.0,1012.0,3.6,7,6,9,254,51394.9,2009.0,Mixed
2016-09-10 08:00:00,Fox_lodging_Helen,365.1,28.9,4.0,14.4,1012.7,4.1,8,6,9,254,51394.9,2009.0,Mixed
2016-09-10 09:00:00,Fox_lodging_Helen,362.28,31.1,4.0,13.9,1013.2,2.6,9,6,9,254,51394.9,2009.0,Mixed
2016-09-10 10:00:00,Fox_lodging_Helen,373.7,33.3,4.0,13.9,1013.3,1.5,10,6,9,254,51394.9,2009.0,Mixed
2016-09-10 11:00:00,Fox_lodging_Helen,418.73,35.6,4.0,12.8,1013.1,2.1,11,6,9,254,51394.9,2009.0,Mixed
2016-09-10 12:00:00,Fox_lodging_Helen,432.55,36.7,2.0,12.2,1012.9,0.0,12,6,9,254,51394.9,2009.0,Mixed
2016-09-10 13:00:00,Fox_lodging_Helen,435.37,37.2,2.0,11.7,1012.4,1.5,13,6,9,254,51394.9,2009.0,Mixed
2016-09-10 14:00:00,Fox_lodging_Helen,468.97,38.9,2.0,10.6,1011.8,4.6,14,6,9,254,51394.9,2009.0,Mixed
2016-09-10 15:00:00,Fox_lodging_Helen,482.88,39.4,2.0,11.1,1011.1,2.1,15,6,9,254,51394.9,2009.0,Mixed
2016-09-10 16:00:00,Fox_lodging_Helen,503.02,40.0,2.0,11.1,1010.6,3.6,16,6,9,254,51394.9,2009.0,Mixed
2016-09-10 17:00:00,Fox_lodging_Helen,509.67,39.4,2.0,10.6,1010.2,0.0,17,6,9,254,51394.9,2009.0,Mixed
2016-09-10 18:00:00,Fox_lodging_Helen,504.52,39.4,2.0,8.9,1010.2,3.6,18,6,9,254,51394.9,2009.0,Mixed
2016-09-10 19:00:00,Fox_lodging_Helen,486.05,38.3,2.0,7.8,1010.3,1.5,19,6,9,254,51394.9,2009.0,Mixed
2016-09-10 20:00:00,Fox_lodging_Helen,496.45,37.8,0.0,7.8,1010.9,4.1,20,6,9,254,51394.9,2009.0,Mixed
2016-09-10 21:00:00,Fox_lodging_Helen,501.38,37.2,0.0,6.7,1011.4,2.1,21,6,9,254,51394.9,2009.0,Mixed
2016-09-10 22:00:00,Fox_lodging_Helen,499.92,35.6,0.0,8.9,1011.6,0.0,22,6,9,254,51394.9,2009.0,Mixed
2016-09-10 23:00:00,Fox_lodging_Helen,483.52,32.8,0.0,8.9,1011.6,0.0,23,6,9,254,51394.9,2009.0,Mixed
2016-09-11 00:00:00,Fox_lodging_Helen,494.2,31.7,0.0,9.4,1011.6,0.0,0,7,9,255,51394.9,2009.0,Mixed
2016-09-11 01:00:00,Fox_lodging_Helen,458.62,31.7,0.0,10.6,1011.9,3.6,1,7,9,255,51394.9,2009.0,Mixed
2016-09-11 02:00:00,Fox_lodging_Helen,426.38,30.6,0.0,12.2,1012.0,2.6,2,7,9,255,51394.9,2009.0,Mixed
2016-09-11 03:00:00,Fox_lodging_Helen,388.13,29.4,0.0,13.3,1011.9,1.5,3,7,9,255,51394.9,2009.0,Mixed
2016-09-11 04:00:00,Fox_lodging_Helen,371.88,28.9,0.0,11.7,1012.0,3.6,4,7,9,255,51394.9,2009.0,Mixed
2016-09-11 05:00:00,Fox_lodging_Helen,367.42,28.3,0.0,11.7,1012.2,3.6,5,7,9,255,51394.9,2009.0,Mixed
2016-09-11 06:00:00,Fox_lodging_Helen,360.57,27.2,2.0,11.7,1012.8,3.1,6,7,9,255,51394.9,2009.0,Mixed
2016-09-11 07:00:00,Fox_lodging_Helen,354.4,27.8,2.0,12.2,1013.3,3.1,7,7,9,255,51394.9,2009.0,Mixed
2016-09-11 08:00:00,Fox_lodging_Helen,345.17,30.0,2.0,12.8,1013.7,2.6,8,7,9,255,51394.9,2009.0,Mixed
2016-09-11 09:00:00,Fox_lodging_Helen,371.82,32.2,2.0,11.7,1013.9,2.1,9,7,9,255,51394.9,2009.0,Mixed
2016-09-11 10:00:00,Fox_lodging_Helen,398.03,34.4,4.0,12.8,1013.9,2.6,10,7,9,255,51394.9,2009.0,Mixed
2016-09-11 11:00:00,Fox_lodging_Helen,415.6,35.0,2.0,12.8,1013.9,2.6,11,7,9,255,51394.9,2009.0,Mixed
2016-09-11 12:00:00,Fox_lodging_Helen,430.05,38.3,2.0,10.0,1013.1,1.5,12,7,9,255,51394.9,2009.0,Mixed
2016-09-11 13:00:00,Fox_lodging_Helen,462.52,38.9,2.0,8.9,1012.2,3.1,13,7,9,255,51394.9,2009.0,Mixed
2016-09-11 14:00:00,Fox_lodging_Helen,482.28,39.4,2.0,7.8,1011.0,0.0,14,7,9,255,51394.9,2009.0,Mixed
2016-09-11 15:00:00,Fox_lodging_Helen,492.95,40.0,2.0,7.2,1009.8,4.1,15,7,9,255,51394.9,2009.0,Mixed
2016-09-11 16:00:00,Fox_lodging_Helen,535.42,38.9,2.0,6.1,1008.9,6.2,16,7,9,255,51394.9,2009.0,Mixed
2016-09-11 17:00:00,Fox_lodging_Helen,539.38,38.9,2.0,5.6,1008.3,4.1,17,7,9,255,51394.9,2009.0,Mixed
2016-09-11 18:00:00,Fox_lodging_Helen,577.68,38.3,2.0,6.7,1008.2,6.7,18,7,9,255,51394.9,2009.0,Mixed
2016-09-11 19:00:00,Fox_lodging_Helen,560.27,37.2,2.0,7.2,1008.2,3.6,19,7,9,255,51394.9,2009.0,Mixed
2016-09-11 20:00:00,Fox_lodging_Helen,572.62,36.1,2.0,8.9,1008.3,2.6,20,7,9,255,51394.9,2009.0,Mixed
2016-09-11 21:00:00,Fox_lodging_Helen,612.15,34.4,2.0,9.4,1008.6,2.1,21,7,9,255,51394.9,2009.0,Mixed
2016-09-11 22:00:00,Fox_lodging_Helen,600.22,33.9,2.0,8.9,1008.5,2.6,22,7,9,255,51394.9,2009.0,Mixed
2016-09-11 23:00:00,Fox_lodging_Helen,547.05,32.8,2.0,8.9,1008.6,0.0,23,7,9,255,51394.9,2009.0,Mixed
2016-09-12 00:00:00,Fox_lodging_Helen,503.85,32.2,2.0,10.0,1008.4,0.0,0,1,9,256,51394.9,2009.0,Mixed
2016-09-12 01:00:00,Fox_lodging_Helen,448.82,33.9,4.0,10.0,1008.6,3.1,1,1,9,256,51394.9,2009.0,Mixed
2016-09-12 02:00:00,Fox_lodging_Helen,408.28,32.8,4.0,11.7,1008.5,3.1,2,1,9,256,51394.9,2009.0,Mixed
2016-09-12 03:00:00,Fox_lodging_Helen,375.62,31.7,4.666666666666667,12.8,1008.3,3.1,3,1,9,256,51394.9,2009.0,Mixed
2016-09-12 04:00:00,Fox_lodging_Helen,367.37,31.1,5.333333333333333,13.3,1008.2,0.0,4,1,9,256,51394.9,2009.0,Mixed
2016-09-12 05:00:00,Fox_lodging_Helen,361.72,31.1,6.0,12.8,1008.5,1.5,5,1,9,256,51394.9,2009.0,Mixed
2016-09-12 06:00:00,Fox_lodging_Helen,364.13,28.9,6.0,11.7,1009.2,4.1,6,1,9,256,51394.9,2009.0,Mixed
2016-09-12 07:00:00,Fox_lodging_Helen,375.07,28.3,6.0,13.3,1009.6,3.6,7,1,9,256,51394.9,2009.0,Mixed
2016-09-12 08:00:00,Fox_lodging_Helen,399.28,28.9,6.0,14.4,1010.1,3.6,8,1,9,256,51394.9,2009.0,Mixed
2016-09-12 09:00:00,Fox_lodging_Helen,416.43,30.6,6.0,15.6,1010.4,2.1,9,1,9,256,51394.9,2009.0,Mixed
2016-09-12 10:00:00,Fox_lodging_Helen,422.27,31.1,6.0,16.7,1010.1,4.6,10,1,9,256,51394.9,2009.0,Mixed
2016-09-12 11:00:00,Fox_lodging_Helen,414.48,32.2,6.0,16.7,1010.0,2.6,11,1,9,256,51394.9,2009.0,Mixed
2016-09-12 12:00:00,Fox_lodging_Helen,438.28,34.4,4.0,15.0,1009.4,3.6,12,1,9,256,51394.9,2009.0,Mixed
2016-09-12 13:00:00,Fox_lodging_Helen,435.63,35.6,4.0,13.9,1008.1,2.1,13,1,9,256,51394.9,2009.0,Mixed
2016-09-12 14:00:00,Fox_lodging_Helen,455.22,35.6,4.0,12.2,1007.2,3.1,14,1,9,256,51394.9,2009.0,Mixed
2016-09-12 15:00:00,Fox_lodging_Helen,460.97,36.7,4.0,11.7,1006.1,0.0,15,1,9,256,51394.9,2009.0,Mixed
2016-09-12 16:00:00,Fox_lodging_Helen,480.72,36.7,4.0,11.7,1005.2,3.1,16,1,9,256,51394.9,2009.0,Mixed
2016-09-12 17:00:00,Fox_lodging_Helen,515.65,36.7,4.0,10.0,1004.8,5.1,17,1,9,256,51394.9,2009.0,Mixed
2016-09-12 18:00:00,Fox_lodging_Helen,537.32,36.1,4.0,10.0,1004.4,5.1,18,1,9,256,51394.9,2009.0,Mixed
2016-09-12 19:00:00,Fox_lodging_Helen,556.12,35.0,4.0,10.0,1004.6,5.1,19,1,9,256,51394.9,2009.0,Mixed
2016-09-12 20:00:00,Fox_lodging_Helen,588.43,34.4,4.0,11.7,1005.2,3.1,20,1,9,256,51394.9,2009.0,Mixed
2016-09-12 21:00:00,Fox_lodging_Helen,601.77,31.1,2.0,13.9,1006.0,7.2,21,1,9,256,51394.9,2009.0,Mixed
2016-09-12 22:00:00,Fox_lodging_Helen,592.15,30.0,2.0,13.3,1006.5,6.2,22,1,9,256,51394.9,2009.0,Mixed
2016-09-12 23:00:00,Fox_lodging_Helen,545.73,29.4,2.0,13.3,1006.8,5.1,23,1,9,256,51394.9,2009.0,Mixed
2016-09-13 00:00:00,Fox_lodging_Helen,501.03,28.3,2.0,14.4,1007.1,5.1,0,2,9,257,51394.9,2009.0,Mixed
2016-09-13 01:00:00,Fox_lodging_Helen,443.33,27.8,2.0,15.0,1007.3,6.2,1,2,9,257,51394.9,2009.0,Mixed
2016-09-13 02:00:00,Fox_lodging_Helen,383.38,27.2,2.0,14.4,1007.4,4.6,2,2,9,257,51394.9,2009.0,Mixed
2016-09-13 03:00:00,Fox_lodging_Helen,364.37,26.7,2.0,14.4,1007.6,4.1,3,2,9,257,51394.9,2009.0,Mixed
2016-09-13 04:00:00,Fox_lodging_Helen,352.85,26.1,2.0,14.4,1007.7,4.6,4,2,9,257,51394.9,2009.0,Mixed
2016-09-13 05:00:00,Fox_lodging_Helen,354.83,25.6,4.0,14.4,1008.0,6.2,5,2,9,257,51394.9,2009.0,Mixed
2016-09-13 06:00:00,Fox_lodging_Helen,360.9,26.1,4.0,14.4,1008.3,4.1,6,2,9,257,51394.9,2009.0,Mixed
2016-09-13 07:00:00,Fox_lodging_Helen,377.85,26.7,4.4,14.4,1008.9,6.2,7,2,9,257,51394.9,2009.0,Mixed
2016-09-13 08:00:00,Fox_lodging_Helen,381.23,27.8,4.8,15.6,1009.3,3.6,8,2,9,257,51394.9,2009.0,Mixed
2016-09-13 09:00:00,Fox_lodging_Helen,412.53,28.9,5.2,16.7,1009.8,4.6,9,2,9,257,51394.9,2009.0,Mixed
2016-09-13 10:00:00,Fox_lodging_Helen,412.98,30.6,5.2,16.1,1009.7,6.2,10,2,9,257,51394.9,2009.0,Mixed
2016-09-13 11:00:00,Fox_lodging_Helen,417.68,31.7,6.0,15.0,1009.7,7.2,11,2,9,257,51394.9,2009.0,Mixed
2016-09-13 12:00:00,Fox_lodging_Helen,443.38,33.9,6.0,15.6,1008.9,4.1,12,2,9,257,51394.9,2009.0,Mixed
2016-09-13 13:00:00,Fox_lodging_Helen,434.87,35.0,6.0,13.3,1008.2,8.2,13,2,9,257,51394.9,2009.0,Mixed
2016-09-13 14:00:00,Fox_lodging_Helen,434.77,35.0,6.0,11.7,1007.5,7.2,14,2,9,257,51394.9,2009.0,Mixed
2016-09-13 15:00:00,Fox_lodging_Helen,467.95,36.1,6.0,11.1,1006.4,4.1,15,2,9,257,51394.9,2009.0,Mixed
2016-09-13 16:00:00,Fox_lodging_Helen,471.55,36.1,6.0,9.4,1006.2,5.1,16,2,9,257,51394.9,2009.0,Mixed
2016-09-13 17:00:00,Fox_lodging_Helen,508.9,36.1,6.0,8.9,1006.0,4.6,17,2,9,257,51394.9,2009.0,Mixed
2016-09-13 18:00:00,Fox_lodging_Helen,510.08,35.0,5.666666666666667,10.6,1006.5,8.8,18,2,9,257,51394.9,2009.0,Mixed
2016-09-13 19:00:00,Fox_lodging_Helen,503.98,33.9,5.333333333333333,10.6,1006.8,6.2,19,2,9,257,51394.9,2009.0,Mixed
2016-09-13 20:00:00,Fox_lodging_Helen,538.9,32.8,5.0,11.1,1007.8,6.2,20,2,9,257,51394.9,2009.0,Mixed
2016-09-13 21:00:00,Fox_lodging_Helen,569.98,31.7,5.0,11.7,1008.6,3.6,21,2,9,257,51394.9,2009.0,Mixed
2016-09-13 22:00:00,Fox_lodging_Helen,567.17,31.1,5.0,11.7,1009.1,5.7,22,2,9,257,51394.9,2009.0,Mixed
2016-09-13 23:00:00,Fox_lodging_Helen,520.82,30.6,4.0,11.7,1009.4,5.7,23,2,9,257,51394.9,2009.0,Mixed
2016-09-14 00:00:00,Fox_lodging_Helen,472.4,29.4,2.0,11.1,1009.9,0.0,0,3,9,258,51394.9,2009.0,Mixed
2016-09-14 01:00:00,Fox_lodging_Helen,424.2,28.3,2.0,10.6,1010.3,0.0,1,3,9,258,51394.9,2009.0,Mixed
2016-09-14 02:00:00,Fox_lodging_Helen,384.17,28.3,2.0,11.7,1010.4,0.0,2,3,9,258,51394.9,2009.0,Mixed
2016-09-14 03:00:00,Fox_lodging_Helen,362.9,26.7,2.0,12.8,1010.3,2.1,3,3,9,258,51394.9,2009.0,Mixed
2016-09-14 04:00:00,Fox_lodging_Helen,351.77,26.1,2.0,13.9,1010.5,2.6,4,3,9,258,51394.9,2009.0,Mixed
2016-09-14 05:00:00,Fox_lodging_Helen,354.78,26.1,0.0,13.9,1010.7,2.1,5,3,9,258,51394.9,2009.0,Mixed
2016-09-14 06:00:00,Fox_lodging_Helen,355.8,25.0,4.0,14.4,1011.2,3.1,6,3,9,258,51394.9,2009.0,Mixed
2016-09-14 07:00:00,Fox_lodging_Helen,375.75,25.0,2.0,14.4,1012.0,2.6,7,3,9,258,51394.9,2009.0,Mixed
2016-09-14 08:00:00,Fox_lodging_Helen,384.78,27.2,2.0,13.9,1012.3,2.6,8,3,9,258,51394.9,2009.0,Mixed
2016-09-14 09:00:00,Fox_lodging_Helen,375.57,29.4,2.0,13.3,1012.7,2.1,9,3,9,258,51394.9,2009.0,Mixed
2016-09-14 10:00:00,Fox_lodging_Helen,357.13,31.7,2.0,12.8,1012.7,4.1,10,3,9,258,51394.9,2009.0,Mixed
2016-09-14 11:00:00,Fox_lodging_Helen,377.62,32.8,2.0,12.8,1012.5,4.6,11,3,9,258,51394.9,2009.0,Mixed
2016-09-14 12:00:00,Fox_lodging_Helen,384.8,33.9,2.0,12.2,1012.1,2.6,12,3,9,258,51394.9,2009.0,Mixed
2016-09-14 13:00:00,Fox_lodging_Helen,382.58,35.0,2.0,10.6,1011.3,2.6,13,3,9,258,51394.9,2009.0,Mixed
2016-09-14 14:00:00,Fox_lodging_Helen,406.9,34.4,2.0,10.0,1010.5,2.1,14,3,9,258,51394.9,2009.0,Mixed
2016-09-14 15:00:00,Fox_lodging_Helen,436.07,35.0,2.0,8.9,1009.7,1.5,15,3,9,258,51394.9,2009.0,Mixed
2016-09-14 16:00:00,Fox_lodging_Helen,471.6,36.1,2.0,6.7,1009.2,4.6,16,3,9,258,51394.9,2009.0,Mixed
2016-09-14 17:00:00,Fox_lodging_Helen,504.57,36.1,2.0,4.4,1008.9,6.2,17,3,9,258,51394.9,2009.0,Mixed
2016-09-14 18:00:00,Fox_lodging_Helen,508.63,35.0,2.0,0.6,1009.0,6.7,18,3,9,258,51394.9,2009.0,Mixed
2016-09-14 19:00:00,Fox_lodging_Helen,527.75,33.9,2.0,3.3,1009.3,6.7,19,3,9,258,51394.9,2009.0,Mixed
2016-09-14 20:00:00,Fox_lodging_Helen,541.58,32.8,0.0,6.1,1009.7,5.7,20,3,9,258,51394.9,2009.0,Mixed
2016-09-14 21:00:00,Fox_lodging_Helen,558.45,32.2,0.0,3.9,1010.1,3.6,21,3,9,258,51394.9,2009.0,Mixed
2016-09-14 22:00:00,Fox_lodging_Helen,559.13,29.4,0.0,3.9,1010.4,2.1,22,3,9,258,51394.9,2009.0,Mixed
2016-09-14 23:00:00,Fox_lodging_Helen,550.02,28.9,0.0,3.3,1010.3,1.5,23,3,9,258,51394.9,2009.0,Mixed
2016-09-15 00:00:00,Fox_lodging_Helen,494.98,29.4,0.0,2.2,1010.5,3.1,0,4,9,259,51394.9,2009.0,Mixed
2016-09-15 01:00:00,Fox_lodging_Helen,423.45,28.3,0.0,2.8,1010.3,0.0,1,4,9,259,51394.9,2009.0,Mixed
2016-09-15 02:00:00,Fox_lodging_Helen,395.2,25.6,0.0,3.9,1010.4,1.5,2,4,9,259,51394.9,2009.0,Mixed
2016-09-15 03:00:00,Fox_lodging_Helen,365.28,25.0,0.0,4.4,1010.3,0.0,3,4,9,259,51394.9,2009.0,Mixed
2016-09-15 04:00:00,Fox_lodging_Helen,348.67,23.9,0.0,2.8,1010.4,2.1,4,4,9,259,51394.9,2009.0,Mixed
2016-09-15 05:00:00,Fox_lodging_Helen,345.88,23.3,0.0,2.8,1010.3,0.0,5,4,9,259,51394.9,2009.0,Mixed
2016-09-15 06:00:00,Fox_lodging_Helen,354.43,23.3,0.0,2.2,1010.9,0.0,6,4,9,259,51394.9,2009.0,Mixed
2016-09-15 07:00:00,Fox_lodging_Helen,355.5,22.8,0.0,3.9,1011.6,0.0,7,4,9,259,51394.9,2009.0,Mixed
2016-09-15 08:00:00,Fox_lodging_Helen,373.53,25.0,0.0,4.4,1011.9,0.0,8,4,9,259,51394.9,2009.0,Mixed
2016-09-15 09:00:00,Fox_lodging_Helen,388.22,26.7,0.0,6.1,1012.3,2.1,9,4,9,259,51394.9,2009.0,Mixed
2016-09-15 10:00:00,Fox_lodging_Helen,387.57,30.0,2.0,5.0,1012.2,0.0,10,4,9,259,51394.9,2009.0,Mixed
2016-09-15 11:00:00,Fox_lodging_Helen,392.32,31.1,2.0,2.8,1011.9,0.0,11,4,9,259,51394.9,2009.0,Mixed
2016-09-15 12:00:00,Fox_lodging_Helen,379.88,32.8,2.0,0.0,1011.2,0.0,12,4,9,259,51394.9,2009.0,Mixed
2016-09-15 13:00:00,Fox_lodging_Helen,411.23,33.9,2.0,-2.8,1010.4,2.1,13,4,9,259,51394.9,2009.0,Mixed
2016-09-15 14:00:00,Fox_lodging_Helen,398.75,35.0,2.0,-2.8,1009.6,1.5,14,4,9,259,51394.9,2009.0,Mixed
2016-09-15 15:00:00,Fox_lodging_Helen,449.43,35.6,2.0,-2.8,1008.7,5.1,15,4,9,259,51394.9,2009.0,Mixed
2016-09-15 16:00:00,Fox_lodging_Helen,487.85,35.6,2.0,-3.3,1008.2,3.6,16,4,9,259,51394.9,2009.0,Mixed
2016-09-15 17:00:00,Fox_lodging_Helen,503.35,35.0,2.0,-3.3,1008.0,4.6,17,4,9,259,51394.9,2009.0,Mixed
2016-09-15 18:00:00,Fox_lodging_Helen,504.63,34.4,2.0,-3.3,1007.9,2.1,18,4,9,259,51394.9,2009.0,Mixed
2016-09-15 19:00:00,Fox_lodging_Helen,521.68,33.3,2.0,-2.8,1008.1,3.6,19,4,9,259,51394.9,2009.0,Mixed
2016-09-15 20:00:00,Fox_lodging_Helen,549.3,32.8,0.0,-2.8,1008.6,2.6,20,4,9,259,51394.9,2009.0,Mixed
2016-09-15 21:00:00,Fox_lodging_Helen,577.93,29.4,0.0,0.0,1008.8,2.6,21,4,9,259,51394.9,2009.0,Mixed
2016-09-15 22:00:00,Fox_lodging_Helen,560.05,30.0,0.0,-1.1,1008.9,0.0,22,4,9,259,51394.9,2009.0,Mixed
2016-09-15 23:00:00,Fox_lodging_Helen,513.53,30.0,0.0,-1.7,1009.0,2.1,23,4,9,259,51394.9,2009.0,Mixed
2016-09-16 00:00:00,Fox_lodging_Helen,460.93,28.3,0.0,1.1,1009.0,2.6,0,5,9,260,51394.9,2009.0,Mixed
2016-09-16 01:00:00,Fox_lodging_Helen,435.95,25.6,0.0,2.8,1009.0,1.5,1,5,9,260,51394.9,2009.0,Mixed
2016-09-16 02:00:00,Fox_lodging_Helen,399.37,24.4,0.0,2.2,1008.9,2.6,2,5,9,260,51394.9,2009.0,Mixed
2016-09-16 03:00:00,Fox_lodging_Helen,364.2,23.3,0.0,0.6,1009.0,3.6,3,5,9,260,51394.9,2009.0,Mixed
2016-09-16 04:00:00,Fox_lodging_Helen,349.28,22.8,0.0,0.6,1009.2,3.1,4,5,9,260,51394.9,2009.0,Mixed
2016-09-16 05:00:00,Fox_lodging_Helen,353.08,21.7,0.0,2.2,1009.5,4.1,5,5,9,260,51394.9,2009.0,Mixed
2016-09-16 06:00:00,Fox_lodging_Helen,354.42,21.1,0.0,2.2,1010.1,3.1,6,5,9,260,51394.9,2009.0,Mixed
2016-09-16 07:00:00,Fox_lodging_Helen,349.38,22.2,0.0,0.6,1010.9,3.1,7,5,9,260,51394.9,2009.0,Mixed
2016-09-16 08:00:00,Fox_lodging_Helen,363.02,24.4,0.0,1.1,1011.1,4.1,8,5,9,260,51394.9,2009.0,Mixed
2016-09-16 09:00:00,Fox_lodging_Helen,373.62,26.7,2.0,1.1,1011.3,3.6,9,5,9,260,51394.9,2009.0,Mixed
2016-09-16 10:00:00,Fox_lodging_Helen,378.38,28.9,2.0,1.1,1011.4,2.1,10,5,9,260,51394.9,2009.0,Mixed
2016-09-16 11:00:00,Fox_lodging_Helen,378.08,31.1,2.0,0.6,1011.1,2.1,11,5,9,260,51394.9,2009.0,Mixed
2016-09-16 12:00:00,Fox_lodging_Helen,389.5,33.3,2.0,0.0,1010.5,2.1,12,5,9,260,51394.9,2009.0,Mixed
2016-09-16 13:00:00,Fox_lodging_Helen,407.8,34.4,2.0,-1.7,1009.9,3.6,13,5,9,260,51394.9,2009.0,Mixed
2016-09-16 14:00:00,Fox_lodging_Helen,447.45,34.4,2.0,-2.2,1009.2,2.1,14,5,9,260,51394.9,2009.0,Mixed
2016-09-16 15:00:00,Fox_lodging_Helen,458.13,35.6,4.0,-3.3,1008.5,3.1,15,5,9,260,51394.9,2009.0,Mixed
2016-09-16 16:00:00,Fox_lodging_Helen,478.63,35.6,4.0,-3.9,1008.1,0.0,16,5,9,260,51394.9,2009.0,Mixed
2016-09-16 17:00:00,Fox_lodging_Helen,490.77,35.0,4.0,-3.9,1007.8,2.1,17,5,9,260,51394.9,2009.0,Mixed
2016-09-16 18:00:00,Fox_lodging_Helen,483.98,35.0,4.0,-2.8,1007.7,2.6,18,5,9,260,51394.9,2009.0,Mixed
2016-09-16 19:00:00,Fox_lodging_Helen,490.08,33.9,4.0,-1.1,1007.8,2.6,19,5,9,260,51394.9,2009.0,Mixed
2016-09-16 20:00:00,Fox_lodging_Helen,492.78,32.8,4.0,-2.2,1008.2,3.1,20,5,9,260,51394.9,2009.0,Mixed
2016-09-16 21:00:00,Fox_lodging_Helen,510.6,32.8,2.0,-2.2,1008.4,2.1,21,5,9,260,51394.9,2009.0,Mixed
2016-09-16 22:00:00,Fox_lodging_Helen,501.22,28.9,0.0,1.1,1008.7,0.0,22,5,9,260,51394.9,2009.0,Mixed
2016-09-16 23:00:00,Fox_lodging_Helen,497.07,27.8,0.0,1.7,1009.0,3.6,23,5,9,260,51394.9,2009.0,Mixed
2016-09-17 00:00:00,Fox_lodging_Helen,443.63,26.1,0.0,1.7,1009.0,0.0,0,6,9,261,51394.9,2009.0,Mixed
2016-09-17 01:00:00,Fox_lodging_Helen,439.02,25.6,0.0,-0.6,1009.3,0.0,1,6,9,261,51394.9,2009.0,Mixed
2016-09-17 02:00:00,Fox_lodging_Helen,397.0,25.0,0.0,-1.1,1009.3,1.5,2,6,9,261,51394.9,2009.0,Mixed
2016-09-17 03:00:00,Fox_lodging_Helen,369.42,23.9,0.0,-0.6,1009.4,1.5,3,6,9,261,51394.9,2009.0,Mixed
2016-09-17 04:00:00,Fox_lodging_Helen,345.6,23.9,0.0,0.0,1009.4,3.6,4,6,9,261,51394.9,2009.0,Mixed
2016-09-17 05:00:00,Fox_lodging_Helen,345.4,23.3,0.0,-0.6,1010.1,0.0,5,6,9,261,51394.9,2009.0,Mixed
2016-09-17 06:00:00,Fox_lodging_Helen,346.7,22.8,2.0,-0.6,1010.7,1.5,6,6,9,261,51394.9,2009.0,Mixed
2016-09-17 07:00:00,Fox_lodging_Helen,334.1,23.3,2.0,-1.1,1011.5,3.1,7,6,9,261,51394.9,2009.0,Mixed
2016-09-17 08:00:00,Fox_lodging_Helen,329.18,25.6,2.0,-0.6,1011.9,3.1,8,6,9,261,51394.9,2009.0,Mixed
2016-09-17 09:00:00,Fox_lodging_Helen,329.57,27.8,2.0,-0.6,1012.2,4.1,9,6,9,261,51394.9,2009.0,Mixed
2016-09-17 10:00:00,Fox_lodging_Helen,330.77,30.0,2.0,2.2,1012.6,4.6,10,6,9,261,51394.9,2009.0,Mixed
2016-09-17 11:00:00,Fox_lodging_Helen,357.13,31.7,2.0,3.3,1012.2,2.1,11,6,9,261,51394.9,2009.0,Mixed
2016-09-17 12:00:00,Fox_lodging_Helen,384.97,33.9,2.0,4.4,1012.0,2.6,12,6,9,261,51394.9,2009.0,Mixed
2016-09-17 13:00:00,Fox_lodging_Helen,410.43,35.0,2.0,2.8,1011.2,2.6,13,6,9,261,51394.9,2009.0,Mixed
2016-09-17 14:00:00,Fox_lodging_Helen,446.98,36.1,2.0,0.0,1010.3,0.0,14,6,9,261,51394.9,2009.0,Mixed
2016-09-17 15:00:00,Fox_lodging_Helen,462.27,36.7,2.0,-0.6,1009.4,2.1,15,6,9,261,51394.9,2009.0,Mixed
2016-09-17 16:00:00,Fox_lodging_Helen,465.32,37.2,2.0,-0.6,1008.9,1.5,16,6,9,261,51394.9,2009.0,Mixed
2016-09-17 17:00:00,Fox_lodging_Helen,494.4,37.2,2.0,-2.2,1008.6,2.1,17,6,9,261,51394.9,2009.0,Mixed
2016-09-17 18:00:00,Fox_lodging_Helen,491.65,36.7,2.0,-1.7,1008.5,1.5,18,6,9,261,51394.9,2009.0,Mixed
2016-09-17 19:00:00,Fox_lodging_Helen,513.23,35.0,0.0,-1.7,1008.6,0.0,19,6,9,261,51394.9,2009.0,Mixed
2016-09-17 20:00:00,Fox_lodging_Helen,513.98,34.4,0.0,-0.6,1009.0,2.1,20,6,9,261,51394.9,2009.0,Mixed
2016-09-17 21:00:00,Fox_lodging_Helen,495.52,32.8,0.0,1.7,1009.5,2.1,21,6,9,261,51394.9,2009.0,Mixed
2016-09-17 22:00:00,Fox_lodging_Helen,474.12,31.7,0.0,2.8,1009.5,0.0,22,6,9,261,51394.9,2009.0,Mixed
2016-09-17 23:00:00,Fox_lodging_Helen,477.25,27.8,0.0,3.9,1009.9,0.0,23,6,9,261,51394.9,2009.0,Mixed
2016-09-18 00:00:00,Fox_lodging_Helen,436.25,27.2,0.0,2.8,1010.0,0.0,0,7,9,262,51394.9,2009.0,Mixed
2016-09-18 01:00:00,Fox_lodging_Helen,418.18,27.8,0.0,2.8,1009.8,2.1,1,7,9,262,51394.9,2009.0,Mixed
2016-09-18 02:00:00,Fox_lodging_Helen,404.47,25.0,0.0,4.4,1010.2,0.0,2,7,9,262,51394.9,2009.0,Mixed
2016-09-18 03:00:00,Fox_lodging_Helen,377.72,25.0,0.0,2.8,1010.0,0.0,3,7,9,262,51394.9,2009.0,Mixed
2016-09-18 04:00:00,Fox_lodging_Helen,366.5,24.4,0.0,2.8,1010.4,2.1,4,7,9,262,51394.9,2009.0,Mixed
2016-09-18 05:00:00,Fox_lodging_Helen,350.13,22.8,0.0,2.8,1010.9,3.1,5,7,9,262,51394.9,2009.0,Mixed
2016-09-18 06:00:00,Fox_lodging_Helen,348.93,22.8,2.0,2.8,1011.3,2.1,6,7,9,262,51394.9,2009.0,Mixed
2016-09-18 07:00:00,Fox_lodging_Helen,338.18,24.4,0.0,2.2,1011.9,2.6,7,7,9,262,51394.9,2009.0,Mixed
2016-09-18 08:00:00,Fox_lodging_Helen,324.72,26.7,0.0,0.6,1012.4,2.1,8,7,9,262,51394.9,2009.0,Mixed
2016-09-18 09:00:00,Fox_lodging_Helen,359.43,30.6,2.0,0.0,1012.9,3.6,9,7,9,262,51394.9,2009.0,Mixed
2016-09-18 10:00:00,Fox_lodging_Helen,357.23,32.2,2.0,0.6,1013.1,3.6,10,7,9,262,51394.9,2009.0,Mixed
2016-09-18 11:00:00,Fox_lodging_Helen,375.48,35.0,0.0,0.0,1012.6,2.6,11,7,9,262,51394.9,2009.0,Mixed
2016-09-18 12:00:00,Fox_lodging_Helen,402.82,36.1,0.0,-1.1,1012.2,2.1,12,7,9,262,51394.9,2009.0,Mixed
2016-09-18 13:00:00,Fox_lodging_Helen,455.08,37.8,0.0,-1.1,1011.4,0.0,13,7,9,262,51394.9,2009.0,Mixed
2016-09-18 14:00:00,Fox_lodging_Helen,455.02,38.3,0.0,-0.6,1010.5,2.1,14,7,9,262,51394.9,2009.0,Mixed
2016-09-18 15:00:00,Fox_lodging_Helen,468.87,39.4,0.0,-1.7,1009.7,2.6,15,7,9,262,51394.9,2009.0,Mixed
2016-09-18 16:00:00,Fox_lodging_Helen,506.32,39.4,0.0,-3.3,1009.4,2.6,16,7,9,262,51394.9,2009.0,Mixed
2016-09-18 17:00:00,Fox_lodging_Helen,513.97,40.0,0.0,-3.9,1008.9,5.1,17,7,9,262,51394.9,2009.0,Mixed
2016-09-18 18:00:00,Fox_lodging_Helen,530.65,38.9,0.0,-3.3,1008.6,3.6,18,7,9,262,51394.9,2009.0,Mixed
2016-09-18 19:00:00,Fox_lodging_Helen,559.72,37.2,0.0,-2.8,1008.7,3.6,19,7,9,262,51394.9,2009.0,Mixed
2016-09-18 20:00:00,Fox_lodging_Helen,571.78,33.9,0.0,-1.1,1009.5,2.6,20,7,9,262,51394.9,2009.0,Mixed
2016-09-18 21:00:00,Fox_lodging_Helen,587.83,32.8,0.0,1.1,1010.1,0.0,21,7,9,262,51394.9,2009.0,Mixed
2016-09-18 22:00:00,Fox_lodging_Helen,575.85,33.9,0.0,-1.7,1010.2,0.0,22,7,9,262,51394.9,2009.0,Mixed
2016-09-18 23:00:00,Fox_lodging_Helen,573.82,29.4,0.0,3.9,1010.6,3.1,23,7,9,262,51394.9,2009.0,Mixed
2016-09-19 00:00:00,Fox_lodging_Helen,549.28,28.3,0.0,3.3,1010.8,3.6,0,1,9,263,51394.9,2009.0,Mixed
2016-09-19 01:00:00,Fox_lodging_Helen,451.92,27.8,0.0,4.4,1010.8,2.6,1,1,9,263,51394.9,2009.0,Mixed
2016-09-19 02:00:00,Fox_lodging_Helen,387.05,26.7,0.0,3.9,1010.7,3.1,2,1,9,263,51394.9,2009.0,Mixed
2016-09-19 03:00:00,Fox_lodging_Helen,360.07,26.7,0.0,1.1,1010.3,3.1,3,1,9,263,51394.9,2009.0,Mixed
2016-09-19 04:00:00,Fox_lodging_Helen,345.28,26.7,0.0,1.7,1010.7,0.0,4,1,9,263,51394.9,2009.0,Mixed
2016-09-19 05:00:00,Fox_lodging_Helen,345.63,26.7,0.0,1.1,1011.1,3.1,5,1,9,263,51394.9,2009.0,Mixed
2016-09-19 06:00:00,Fox_lodging_Helen,346.23,24.4,1.0,2.2,1011.6,3.1,6,1,9,263,51394.9,2009.0,Mixed
2016-09-19 07:00:00,Fox_lodging_Helen,355.45,25.0,2.0,1.1,1012.3,4.1,7,1,9,263,51394.9,2009.0,Mixed
2016-09-19 08:00:00,Fox_lodging_Helen,370.88,27.2,3.0,2.2,1013.0,4.1,8,1,9,263,51394.9,2009.0,Mixed
2016-09-19 09:00:00,Fox_lodging_Helen,370.18,29.4,3.0,2.8,1013.4,4.6,9,1,9,263,51394.9,2009.0,Mixed
2016-09-19 10:00:00,Fox_lodging_Helen,396.03,30.6,3.0,5.0,1013.7,3.6,10,1,9,263,51394.9,2009.0,Mixed
2016-09-19 11:00:00,Fox_lodging_Helen,426.07,32.2,6.0,6.1,1013.2,2.1,11,1,9,263,51394.9,2009.0,Mixed
2016-09-19 12:00:00,Fox_lodging_Helen,379.28,33.9,6.333333333333333,5.6,1012.6,0.0,12,1,9,263,51394.9,2009.0,Mixed
2016-09-19 13:00:00,Fox_lodging_Helen,412.43,35.6,6.666666666666667,4.4,1012.0,2.6,13,1,9,263,51394.9,2009.0,Mixed
2016-09-19 14:00:00,Fox_lodging_Helen,446.35,37.2,7.0,1.7,1011.1,4.1,14,1,9,263,51394.9,2009.0,Mixed
2016-09-19 15:00:00,Fox_lodging_Helen,488.8,37.2,7.0,5.0,1010.8,7.7,15,1,9,263,51394.9,2009.0,Mixed
2016-09-19 16:00:00,Fox_lodging_Helen,493.27,35.6,7.0,6.1,1010.7,8.8,16,1,9,263,51394.9,2009.0,Mixed
2016-09-19 17:00:00,Fox_lodging_Helen,507.82,35.0,8.0,6.7,1010.7,9.8,17,1,9,263,51394.9,2009.0,Mixed
2016-09-19 18:00:00,Fox_lodging_Helen,531.32,34.4,8.0,7.2,1011.0,8.2,18,1,9,263,51394.9,2009.0,Mixed
2016-09-19 19:00:00,Fox_lodging_Helen,537.27,32.8,8.0,9.4,1011.7,3.6,19,1,9,263,51394.9,2009.0,Mixed
2016-09-19 20:00:00,Fox_lodging_Helen,575.08,32.2,8.0,12.8,1011.9,4.1,20,1,9,263,51394.9,2009.0,Mixed
2016-09-19 21:00:00,Fox_lodging_Helen,597.28,31.7,8.0,15.0,1012.2,3.6,21,1,9,263,51394.9,2009.0,Mixed
2016-09-19 22:00:00,Fox_lodging_Helen,588.87,31.1,8.0,15.0,1013.1,2.6,22,1,9,263,51394.9,2009.0,Mixed
2016-09-19 23:00:00,Fox_lodging_Helen,552.13,31.1,8.0,13.9,1013.1,2.1,23,1,9,263,51394.9,2009.0,Mixed
2016-09-20 00:00:00,Fox_lodging_Helen,504.2,30.6,8.0,14.4,1013.1,0.0,0,2,9,264,51394.9,2009.0,Mixed
2016-09-20 01:00:00,Fox_lodging_Helen,425.8,30.6,8.0,14.4,1012.2,4.1,1,2,9,264,51394.9,2009.0,Mixed
2016-09-20 02:00:00,Fox_lodging_Helen,398.77,30.0,8.0,13.9,1012.0,4.6,2,2,9,264,51394.9,2009.0,Mixed
2016-09-20 03:00:00,Fox_lodging_Helen,369.87,29.4,8.0,13.9,1011.9,3.6,3,2,9,264,51394.9,2009.0,Mixed
2016-09-20 04:00:00,Fox_lodging_Helen,354.87,28.9,8.0,15.0,1012.0,3.6,4,2,9,264,51394.9,2009.0,Mixed
2016-09-20 05:00:00,Fox_lodging_Helen,360.27,28.3,8.0,15.6,1011.6,4.6,5,2,9,264,51394.9,2009.0,Mixed
2016-09-20 06:00:00,Fox_lodging_Helen,368.85,27.8,8.0,16.1,1011.8,1.5,6,2,9,264,51394.9,2009.0,Mixed
2016-09-20 07:00:00,Fox_lodging_Helen,385.5,27.8,8.0,16.1,1012.5,3.1,7,2,9,264,51394.9,2009.0,Mixed
2016-09-20 08:00:00,Fox_lodging_Helen,403.77,28.3,8.0,16.1,1013.0,2.6,8,2,9,264,51394.9,2009.0,Mixed
2016-09-20 09:00:00,Fox_lodging_Helen,423.03,28.3,8.0,16.7,1013.3,4.1,9,2,9,264,51394.9,2009.0,Mixed
2016-09-20 10:00:00,Fox_lodging_Helen,454.32,28.9,8.0,15.0,1013.9,5.1,10,2,9,264,51394.9,2009.0,Mixed
2016-09-20 11:00:00,Fox_lodging_Helen,447.3,30.0,8.0,15.0,1013.7,7.7,11,2,9,264,51394.9,2009.0,Mixed
2016-09-20 12:00:00,Fox_lodging_Helen,450.38,29.4,8.0,15.6,1013.2,5.1,12,2,9,264,51394.9,2009.0,Mixed
2016-09-20 13:00:00,Fox_lodging_Helen,442.53,30.0,8.0,16.1,1012.5,5.1,13,2,9,264,51394.9,2009.0,Mixed
2016-09-20 14:00:00,Fox_lodging_Helen,448.58,31.7,8.0,15.6,1011.8,5.7,14,2,9,264,51394.9,2009.0,Mixed
2016-09-20 15:00:00,Fox_lodging_Helen,471.83,30.6,8.0,16.7,1011.4,7.7,15,2,9,264,51394.9,2009.0,Mixed
2016-09-20 16:00:00,Fox_lodging_Helen,489.92,31.1,8.0,16.7,1011.1,7.2,16,2,9,264,51394.9,2009.0,Mixed
2016-09-20 17:00:00,Fox_lodging_Helen,502.05,30.6,8.0,16.1,1010.7,7.7,17,2,9,264,51394.9,2009.0,Mixed
2016-09-20 18:00:00,Fox_lodging_Helen,496.55,30.0,7.666666666666667,15.6,1010.8,6.2,18,2,9,264,51394.9,2009.0,Mixed
2016-09-20 19:00:00,Fox_lodging_Helen,520.53,30.0,7.333333333333333,15.0,1010.5,4.1,19,2,9,264,51394.9,2009.0,Mixed
2016-09-20 20:00:00,Fox_lodging_Helen,545.52,30.0,7.0,14.4,1010.7,3.6,20,2,9,264,51394.9,2009.0,Mixed
2016-09-20 21:00:00,Fox_lodging_Helen,571.55,29.4,7.0,14.4,1011.2,3.1,21,2,9,264,51394.9,2009.0,Mixed
2016-09-20 22:00:00,Fox_lodging_Helen,584.47,28.9,7.0,14.4,1011.2,2.6,22,2,9,264,51394.9,2009.0,Mixed
2016-09-20 23:00:00,Fox_lodging_Helen,530.77,28.3,6.0,15.0,1011.0,2.1,23,2,9,264,51394.9,2009.0,Mixed
2016-09-21 00:00:00,Fox_lodging_Helen,500.17,27.8,5.6,15.0,1011.0,2.1,0,3,9,265,51394.9,2009.0,Mixed
2016-09-21 01:00:00,Fox_lodging_Helen,444.6,27.8,5.2,15.6,1010.2,0.0,1,3,9,265,51394.9,2009.0,Mixed
2016-09-21 02:00:00,Fox_lodging_Helen,388.3,27.2,4.8,15.6,1010.1,1.5,2,3,9,265,51394.9,2009.0,Mixed
2016-09-21 03:00:00,Fox_lodging_Helen,385.37,26.7,4.8,16.1,1009.6,2.1,3,3,9,265,51394.9,2009.0,Mixed
2016-09-21 04:00:00,Fox_lodging_Helen,364.2,26.7,4.0,15.6,1009.2,1.5,4,3,9,265,51394.9,2009.0,Mixed
2016-09-21 05:00:00,Fox_lodging_Helen,363.6,26.1,4.0,16.1,1009.8,0.0,5,3,9,265,51394.9,2009.0,Mixed
2016-09-21 06:00:00,Fox_lodging_Helen,364.13,26.1,4.0,17.2,1009.5,1.5,6,3,9,265,51394.9,2009.0,Mixed
2016-09-21 07:00:00,Fox_lodging_Helen,376.42,26.1,4.0,16.1,1009.9,4.1,7,3,9,265,51394.9,2009.0,Mixed
2016-09-21 08:00:00,Fox_lodging_Helen,389.5,26.7,4.0,16.7,1010.4,4.1,8,3,9,265,51394.9,2009.0,Mixed
2016-09-21 09:00:00,Fox_lodging_Helen,414.68,28.3,4.0,16.7,1010.9,3.1,9,3,9,265,51394.9,2009.0,Mixed
2016-09-21 10:00:00,Fox_lodging_Helen,386.75,31.1,4.0,16.7,1010.9,2.1,10,3,9,265,51394.9,2009.0,Mixed
2016-09-21 11:00:00,Fox_lodging_Helen,384.2,30.6,6.0,16.7,1010.7,1.5,11,3,9,265,51394.9,2009.0,Mixed
2016-09-21 12:00:00,Fox_lodging_Helen,386.62,33.3,4.0,16.7,1009.8,2.6,12,3,9,265,51394.9,2009.0,Mixed
2016-09-21 13:00:00,Fox_lodging_Helen,410.2,35.0,2.0,16.7,1008.5,4.1,13,3,9,265,51394.9,2009.0,Mixed
2016-09-21 14:00:00,Fox_lodging_Helen,471.17,36.1,2.0,16.1,1007.3,4.6,14,3,9,265,51394.9,2009.0,Mixed
2016-09-21 15:00:00,Fox_lodging_Helen,460.15,36.1,2.0,16.1,1006.4,4.1,15,3,9,265,51394.9,2009.0,Mixed
2016-09-21 16:00:00,Fox_lodging_Helen,482.23,37.2,3.0,15.6,1005.4,3.6,16,3,9,265,51394.9,2009.0,Mixed
2016-09-21 17:00:00,Fox_lodging_Helen,518.12,36.7,4.0,15.6,1005.2,6.2,17,3,9,265,51394.9,2009.0,Mixed
2016-09-21 18:00:00,Fox_lodging_Helen,542.08,35.6,4.0,15.6,1005.2,5.7,18,3,9,265,51394.9,2009.0,Mixed
2016-09-21 19:00:00,Fox_lodging_Helen,539.45,33.3,4.0,18.3,1005.7,10.3,19,3,9,265,51394.9,2009.0,Mixed
2016-09-21 20:00:00,Fox_lodging_Helen,542.5,31.7,4.0,18.9,1006.5,7.7,20,3,9,265,51394.9,2009.0,Mixed
2016-09-21 21:00:00,Fox_lodging_Helen,573.73,30.6,4.0,18.9,1007.0,8.2,21,3,9,265,51394.9,2009.0,Mixed
2016-09-21 22:00:00,Fox_lodging_Helen,592.25,29.4,4.0,19.4,1007.3,7.2,22,3,9,265,51394.9,2009.0,Mixed
2016-09-21 23:00:00,Fox_lodging_Helen,535.63,28.9,4.0,20.0,1007.7,5.7,23,3,9,265,51394.9,2009.0,Mixed
2016-09-22 00:00:00,Fox_lodging_Helen,492.35,28.3,4.0,19.4,1007.8,5.1,0,4,9,266,51394.9,2009.0,Mixed
2016-09-22 01:00:00,Fox_lodging_Helen,440.98,27.8,4.0,19.4,1007.7,3.6,1,4,9,266,51394.9,2009.0,Mixed
2016-09-22 02:00:00,Fox_lodging_Helen,411.18,27.8,2.0,18.9,1007.8,3.1,2,4,9,266,51394.9,2009.0,Mixed
2016-09-22 03:00:00,Fox_lodging_Helen,369.63,27.2,2.0,18.9,1007.7,2.6,3,4,9,266,51394.9,2009.0,Mixed
2016-09-22 04:00:00,Fox_lodging_Helen,370.47,27.2,2.0,18.9,1007.7,3.6,4,4,9,266,51394.9,2009.0,Mixed
2016-09-22 05:00:00,Fox_lodging_Helen,366.15,26.7,2.0,18.9,1007.6,0.0,5,4,9,266,51394.9,2009.0,Mixed
2016-09-22 06:00:00,Fox_lodging_Helen,364.58,26.1,4.0,18.9,1007.6,2.1,6,4,9,266,51394.9,2009.0,Mixed
2016-09-22 07:00:00,Fox_lodging_Helen,370.2,26.1,2.0,18.3,1008.2,0.0,7,4,9,266,51394.9,2009.0,Mixed
2016-09-22 08:00:00,Fox_lodging_Helen,386.08,26.1,2.0,18.3,1008.4,3.1,8,4,9,266,51394.9,2009.0,Mixed
2016-09-22 09:00:00,Fox_lodging_Helen,382.37,27.2,4.0,18.3,1008.4,4.6,9,4,9,266,51394.9,2009.0,Mixed
2016-09-22 10:00:00,Fox_lodging_Helen,412.83,28.9,5.0,17.8,1008.6,5.7,10,4,9,266,51394.9,2009.0,Mixed
2016-09-22 11:00:00,Fox_lodging_Helen,446.62,27.8,6.0,19.4,1008.7,5.7,11,4,9,266,51394.9,2009.0,Mixed
2016-09-22 12:00:00,Fox_lodging_Helen,466.75,24.4,6.0,21.7,1009.1,0.0,12,4,9,266,51394.9,2009.0,Mixed
2016-09-22 13:00:00,Fox_lodging_Helen,442.03,27.8,6.0,20.6,1008.3,4.1,13,4,9,266,51394.9,2009.0,Mixed
2016-09-22 14:00:00,Fox_lodging_Helen,456.22,28.9,6.0,19.4,1006.9,2.6,14,4,9,266,51394.9,2009.0,Mixed
2016-09-22 15:00:00,Fox_lodging_Helen,508.98,30.0,6.0,18.9,1006.1,3.6,15,4,9,266,51394.9,2009.0,Mixed
2016-09-22 16:00:00,Fox_lodging_Helen,518.33,23.3,6.0,22.2,1005.85,4.6,16,4,9,266,51394.9,2009.0,Mixed
2016-09-22 17:00:00,Fox_lodging_Helen,518.37,24.4,6.0,22.2,1005.6,4.1,17,4,9,266,51394.9,2009.0,Mixed
2016-09-22 18:00:00,Fox_lodging_Helen,542.03,25.6,4.0,21.1,1004.9,3.6,18,4,9,266,51394.9,2009.0,Mixed
2016-09-22 19:00:00,Fox_lodging_Helen,518.03,25.0,4.0,20.6,1004.9,3.1,19,4,9,266,51394.9,2009.0,Mixed
2016-09-22 20:00:00,Fox_lodging_Helen,549.4,25.0,4.0,20.6,1005.0,1.5,20,4,9,266,51394.9,2009.0,Mixed
2016-09-22 21:00:00,Fox_lodging_Helen,560.03,23.9,4.0,21.1,1005.5,2.1,21,4,9,266,51394.9,2009.0,Mixed
2016-09-22 22:00:00,Fox_lodging_Helen,564.02,25.6,4.0,20.6,1005.7,2.1,22,4,9,266,51394.9,2009.0,Mixed
2016-09-22 23:00:00,Fox_lodging_Helen,522.42,25.6,2.0,20.0,1006.0,2.1,23,4,9,266,51394.9,2009.0,Mixed
2016-09-23 00:00:00,Fox_lodging_Helen,488.38,26.1,2.0,18.9,1006.1,1.5,0,5,9,267,51394.9,2009.0,Mixed
2016-09-23 01:00:00,Fox_lodging_Helen,433.78,26.7,4.0,18.9,1006.3,4.1,1,5,9,267,51394.9,2009.0,Mixed
2016-09-23 02:00:00,Fox_lodging_Helen,410.65,25.6,4.0,19.4,1006.7,3.6,2,5,9,267,51394.9,2009.0,Mixed
2016-09-23 03:00:00,Fox_lodging_Helen,377.5,25.0,4.0,18.9,1006.6,2.6,3,5,9,267,51394.9,2009.0,Mixed
2016-09-23 04:00:00,Fox_lodging_Helen,358.73,25.0,4.0,10.0,1006.9,3.6,4,5,9,267,51394.9,2009.0,Mixed
2016-09-23 05:00:00,Fox_lodging_Helen,350.42,22.8,2.0,5.0,1007.8,2.6,5,5,9,267,51394.9,2009.0,Mixed
2016-09-23 06:00:00,Fox_lodging_Helen,344.0,21.7,2.6666666666666665,2.2,1008.2,3.1,6,5,9,267,51394.9,2009.0,Mixed
2016-09-23 07:00:00,Fox_lodging_Helen,350.35,22.8,3.333333333333333,-1.7,1009.2,4.6,7,5,9,267,51394.9,2009.0,Mixed
2016-09-23 08:00:00,Fox_lodging_Helen,366.65,23.3,4.0,-1.7,1009.8,3.1,8,5,9,267,51394.9,2009.0,Mixed
2016-09-23 09:00:00,Fox_lodging_Helen,363.23,23.3,4.0,-3.3,1010.6,5.1,9,5,9,267,51394.9,2009.0,Mixed
2016-09-23 10:00:00,Fox_lodging_Helen,350.83,23.9,4.0,-5.0,1011.8,5.1,10,5,9,267,51394.9,2009.0,Mixed
2016-09-23 11:00:00,Fox_lodging_Helen,369.33,25.0,6.0,-3.3,1011.8,4.6,11,5,9,267,51394.9,2009.0,Mixed
2016-09-23 12:00:00,Fox_lodging_Helen,377.55,26.7,5.0,-4.4,1011.6,4.6,12,5,9,267,51394.9,2009.0,Mixed
2016-09-23 13:00:00,Fox_lodging_Helen,409.48,27.8,4.0,-2.8,1010.6,2.6,13,5,9,267,51394.9,2009.0,Mixed
2016-09-23 14:00:00,Fox_lodging_Helen,405.22,28.3,3.0,-2.8,1010.1,5.1,14,5,9,267,51394.9,2009.0,Mixed
2016-09-23 15:00:00,Fox_lodging_Helen,431.97,30.6,2.0,-4.4,1009.7,5.7,15,5,9,267,51394.9,2009.0,Mixed
2016-09-23 16:00:00,Fox_lodging_Helen,474.7,29.4,2.0,-10.6,1009.5,2.6,16,5,9,267,51394.9,2009.0,Mixed
2016-09-23 17:00:00,Fox_lodging_Helen,474.4,29.4,2.0,-8.3,1009.7,3.1,17,5,9,267,51394.9,2009.0,Mixed
2016-09-23 18:00:00,Fox_lodging_Helen,461.87,28.9,2.0,-10.0,1009.9,3.6,18,5,9,267,51394.9,2009.0,Mixed
2016-09-23 19:00:00,Fox_lodging_Helen,475.13,28.3,0.0,-8.3,1010.1,4.6,19,5,9,267,51394.9,2009.0,Mixed
2016-09-23 20:00:00,Fox_lodging_Helen,486.3,27.2,0.0,-5.6,1010.5,5.1,20,5,9,267,51394.9,2009.0,Mixed
2016-09-23 21:00:00,Fox_lodging_Helen,473.93,23.9,0.0,0.0,1011.4,2.6,21,5,9,267,51394.9,2009.0,Mixed
2016-09-23 22:00:00,Fox_lodging_Helen,463.37,22.8,0.0,0.6,1011.7,2.6,22,5,9,267,51394.9,2009.0,Mixed
2016-09-23 23:00:00,Fox_lodging_Helen,441.85,24.4,0.0,-2.2,1012.1,3.1,23,5,9,267,51394.9,2009.0,Mixed
2016-09-24 00:00:00,Fox_lodging_Helen,446.38,23.9,0.0,-1.1,1012.2,2.6,0,6,9,268,51394.9,2009.0,Mixed
2016-09-24 01:00:00,Fox_lodging_Helen,398.8,22.8,0.0,0.6,1012.4,0.0,1,6,9,268,51394.9,2009.0,Mixed
2016-09-24 02:00:00,Fox_lodging_Helen,388.9,20.6,0.0,2.8,1012.5,1.5,2,6,9,268,51394.9,2009.0,Mixed
2016-09-24 03:00:00,Fox_lodging_Helen,368.28,19.4,0.0,1.7,1012.5,3.6,3,6,9,268,51394.9,2009.0,Mixed
2016-09-24 04:00:00,Fox_lodging_Helen,345.18,19.4,0.0,2.8,1012.8,4.1,4,6,9,268,51394.9,2009.0,Mixed
2016-09-24 05:00:00,Fox_lodging_Helen,330.92,17.8,0.0,2.2,1013.8,1.5,5,6,9,268,51394.9,2009.0,Mixed
2016-09-24 06:00:00,Fox_lodging_Helen,334.68,17.8,0.0,1.1,1013.7,4.1,6,6,9,268,51394.9,2009.0,Mixed
2016-09-24 07:00:00,Fox_lodging_Helen,328.75,17.8,0.0,2.2,1014.4,0.0,7,6,9,268,51394.9,2009.0,Mixed
2016-09-24 08:00:00,Fox_lodging_Helen,326.58,20.6,0.0,-1.1,1014.9,2.1,8,6,9,268,51394.9,2009.0,Mixed
2016-09-24 09:00:00,Fox_lodging_Helen,322.9,22.2,0.0,1.1,1015.3,0.0,9,6,9,268,51394.9,2009.0,Mixed
2016-09-24 10:00:00,Fox_lodging_Helen,356.88,24.4,0.0,1.7,1015.0,1.5,10,6,9,268,51394.9,2009.0,Mixed
2016-09-24 11:00:00,Fox_lodging_Helen,362.92,26.1,0.0,-0.6,1014.8,0.0,11,6,9,268,51394.9,2009.0,Mixed
2016-09-24 12:00:00,Fox_lodging_Helen,350.9,28.9,0.0,-1.7,1013.9,3.1,12,6,9,268,51394.9,2009.0,Mixed
2016-09-24 13:00:00,Fox_lodging_Helen,392.57,28.9,0.0,-2.2,1013.1,2.6,13,6,9,268,51394.9,2009.0,Mixed
2016-09-24 14:00:00,Fox_lodging_Helen,421.75,30.0,0.0,-2.2,1012.4,2.1,14,6,9,268,51394.9,2009.0,Mixed
2016-09-24 15:00:00,Fox_lodging_Helen,415.97,31.7,0.0,0.0,1011.6,5.1,15,6,9,268,51394.9,2009.0,Mixed
2016-09-24 16:00:00,Fox_lodging_Helen,431.27,31.7,0.0,0.0,1010.9,4.6,16,6,9,268,51394.9,2009.0,Mixed
2016-09-24 17:00:00,Fox_lodging_Helen,449.47,32.2,0.0,0.0,1010.5,5.1,17,6,9,268,51394.9,2009.0,Mixed
2016-09-24 18:00:00,Fox_lodging_Helen,452.9,31.1,0.0,-0.6,1010.5,5.7,18,6,9,268,51394.9,2009.0,Mixed
2016-09-24 19:00:00,Fox_lodging_Helen,437.18,29.4,0.0,1.7,1010.3,2.6,19,6,9,268,51394.9,2009.0,Mixed
2016-09-24 20:00:00,Fox_lodging_Helen,460.33,27.8,0.0,2.8,1010.6,0.0,20,6,9,268,51394.9,2009.0,Mixed
2016-09-24 21:00:00,Fox_lodging_Helen,455.7,27.2,0.0,2.2,1011.5,2.6,21,6,9,268,51394.9,2009.0,Mixed
2016-09-24 22:00:00,Fox_lodging_Helen,440.68,26.1,0.0,3.9,1011.9,2.1,22,6,9,268,51394.9,2009.0,Mixed
2016-09-24 23:00:00,Fox_lodging_Helen,432.03,25.0,0.0,4.4,1012.1,2.1,23,6,9,268,51394.9,2009.0,Mixed
2016-09-25 00:00:00,Fox_lodging_Helen,438.63,24.4,0.0,3.9,1011.9,2.1,0,7,9,269,51394.9,2009.0,Mixed
2016-09-25 01:00:00,Fox_lodging_Helen,403.7,24.4,0.0,3.3,1012.4,2.1,1,7,9,269,51394.9,2009.0,Mixed
2016-09-25 02:00:00,Fox_lodging_Helen,393.33,26.7,0.0,0.6,1012.6,4.6,2,7,9,269,51394.9,2009.0,Mixed
2016-09-25 03:00:00,Fox_lodging_Helen,359.1,25.6,0.0,0.6,1012.3,2.6,3,7,9,269,51394.9,2009.0,Mixed
2016-09-25 04:00:00,Fox_lodging_Helen,345.98,21.1,0.0,5.0,1012.7,2.1,4,7,9,269,51394.9,2009.0,Mixed
2016-09-25 05:00:00,Fox_lodging_Helen,341.02,20.6,0.0,5.0,1012.6,2.1,5,7,9,269,51394.9,2009.0,Mixed
2016-09-25 06:00:00,Fox_lodging_Helen,339.58,20.6,0.0,4.4,1013.0,1.5,6,7,9,269,51394.9,2009.0,Mixed
2016-09-25 07:00:00,Fox_lodging_Helen,329.28,20.0,0.0,5.0,1013.7,2.1,7,7,9,269,51394.9,2009.0,Mixed
2016-09-25 08:00:00,Fox_lodging_Helen,318.15,22.2,0.0,5.0,1014.4,1.5,8,7,9,269,51394.9,2009.0,Mixed
2016-09-25 09:00:00,Fox_lodging_Helen,325.75,26.7,0.0,4.4,1014.3,2.1,9,7,9,269,51394.9,2009.0,Mixed
2016-09-25 10:00:00,Fox_lodging_Helen,362.6,30.0,0.0,1.7,1014.2,5.7,10,7,9,269,51394.9,2009.0,Mixed
2016-09-25 11:00:00,Fox_lodging_Helen,356.05,31.1,0.0,1.7,1013.8,5.1,11,7,9,269,51394.9,2009.0,Mixed
2016-09-25 12:00:00,Fox_lodging_Helen,371.6,32.2,0.0,1.7,1013.2,5.1,12,7,9,269,51394.9,2009.0,Mixed
2016-09-25 13:00:00,Fox_lodging_Helen,395.95,33.3,0.0,0.6,1012.2,4.6,13,7,9,269,51394.9,2009.0,Mixed
2016-09-25 14:00:00,Fox_lodging_Helen,327.53,34.4,2.0,0.0,1011.4,2.6,14,7,9,269,51394.9,2009.0,Mixed
2016-09-25 15:00:00,Fox_lodging_Helen,458.92,34.4,2.0,-0.6,1011.0,3.1,15,7,9,269,51394.9,2009.0,Mixed
2016-09-25 16:00:00,Fox_lodging_Helen,479.4,35.0,2.0,-0.6,1010.7,5.1,16,7,9,269,51394.9,2009.0,Mixed
2016-09-25 17:00:00,Fox_lodging_Helen,518.33,35.0,2.0,-0.6,1010.3,2.6,17,7,9,269,51394.9,2009.0,Mixed
2016-09-25 18:00:00,Fox_lodging_Helen,530.48,35.0,2.0,-0.6,1010.1,2.1,18,7,9,269,51394.9,2009.0,Mixed
2016-09-25 19:00:00,Fox_lodging_Helen,539.77,33.9,2.0,-0.6,1010.3,3.1,19,7,9,269,51394.9,2009.0,Mixed
2016-09-25 20:00:00,Fox_lodging_Helen,568.98,30.0,2.0,3.3,1011.2,2.6,20,7,9,269,51394.9,2009.0,Mixed
2016-09-25 21:00:00,Fox_lodging_Helen,573.13,29.4,2.0,3.9,1011.5,2.1,21,7,9,269,51394.9,2009.0,Mixed
2016-09-25 22:00:00,Fox_lodging_Helen,569.63,30.0,2.0,1.7,1011.6,0.0,22,7,9,269,51394.9,2009.0,Mixed
2016-09-25 23:00:00,Fox_lodging_Helen,501.25,28.3,2.0,3.9,1011.7,0.0,23,7,9,269,51394.9,2009.0,Mixed
2016-09-26 00:00:00,Fox_lodging_Helen,497.62,27.2,2.0,5.6,1011.8,0.0,0,1,9,270,51394.9,2009.0,Mixed
2016-09-26 01:00:00,Fox_lodging_Helen,444.22,27.2,3.2,3.9,1012.2,2.6,1,1,9,270,51394.9,2009.0,Mixed
2016-09-26 02:00:00,Fox_lodging_Helen,371.33,27.8,4.4,2.2,1013.0,4.6,2,1,9,270,51394.9,2009.0,Mixed
2016-09-26 03:00:00,Fox_lodging_Helen,355.87,27.8,5.6,3.3,1013.1,3.1,3,1,9,270,51394.9,2009.0,Mixed
2016-09-26 04:00:00,Fox_lodging_Helen,345.25,28.9,5.6,7.8,1013.0,5.1,4,1,9,270,51394.9,2009.0,Mixed
2016-09-26 05:00:00,Fox_lodging_Helen,348.7,27.8,8.0,6.7,1014.1,4.1,5,1,9,270,51394.9,2009.0,Mixed
2016-09-26 06:00:00,Fox_lodging_Helen,353.37,27.8,7.666666666666667,6.1,1014.7,2.6,6,1,9,270,51394.9,2009.0,Mixed
2016-09-26 07:00:00,Fox_lodging_Helen,362.22,28.3,7.333333333333333,8.9,1015.3,5.1,7,1,9,270,51394.9,2009.0,Mixed
2016-09-26 08:00:00,Fox_lodging_Helen,373.85,28.3,7.0,10.0,1015.8,3.6,8,1,9,270,51394.9,2009.0,Mixed
2016-09-26 09:00:00,Fox_lodging_Helen,396.52,30.0,7.0,10.0,1016.1,4.6,9,1,9,270,51394.9,2009.0,Mixed
2016-09-26 10:00:00,Fox_lodging_Helen,411.87,31.1,7.0,10.0,1016.1,4.1,10,1,9,270,51394.9,2009.0,Mixed
2016-09-26 11:00:00,Fox_lodging_Helen,425.4,31.7,6.0,8.3,1015.9,6.2,11,1,9,270,51394.9,2009.0,Mixed
2016-09-26 12:00:00,Fox_lodging_Helen,449.27,31.1,6.0,8.3,1015.7,5.7,12,1,9,270,51394.9,2009.0,Mixed
2016-09-26 13:00:00,Fox_lodging_Helen,440.67,30.6,6.0,7.8,1014.8,5.7,13,1,9,270,51394.9,2009.0,Mixed
2016-09-26 14:00:00,Fox_lodging_Helen,449.93,31.7,6.0,8.9,1013.8,6.7,14,1,9,270,51394.9,2009.0,Mixed
2016-09-26 15:00:00,Fox_lodging_Helen,454.87,31.1,6.0,8.9,1013.7,3.1,15,1,9,270,51394.9,2009.0,Mixed
2016-09-26 16:00:00,Fox_lodging_Helen,455.98,30.0,6.0,8.9,1012.8,8.8,16,1,9,270,51394.9,2009.0,Mixed
2016-09-26 17:00:00,Fox_lodging_Helen,504.73,27.8,6.0,11.1,1012.6,7.7,17,1,9,270,51394.9,2009.0,Mixed
2016-09-26 18:00:00,Fox_lodging_Helen,495.23,23.9,6.0,15.0,1013.3,6.2,18,1,9,270,51394.9,2009.0,Mixed
2016-09-26 19:00:00,Fox_lodging_Helen,501.63,25.0,6.0,13.9,1012.8,4.1,19,1,9,270,51394.9,2009.0,Mixed
2016-09-26 20:00:00,Fox_lodging_Helen,527.55,25.0,6.0,12.8,1013.6,3.6,20,1,9,270,51394.9,2009.0,Mixed
2016-09-26 21:00:00,Fox_lodging_Helen,556.03,25.0,6.0,11.1,1013.6,4.1,21,1,9,270,51394.9,2009.0,Mixed
2016-09-26 22:00:00,Fox_lodging_Helen,544.82,25.0,6.0,10.6,1014.0,3.1,22,1,9,270,51394.9,2009.0,Mixed
2016-09-26 23:00:00,Fox_lodging_Helen,507.77,24.4,6.0,10.0,1014.4,2.6,23,1,9,270,51394.9,2009.0,Mixed
2016-09-27 00:00:00,Fox_lodging_Helen,472.03,25.0,6.0,8.9,1014.1,5.7,0,2,9,271,51394.9,2009.0,Mixed
2016-09-27 01:00:00,Fox_lodging_Helen,415.8,24.4,6.0,8.9,1014.0,3.6,1,2,9,271,51394.9,2009.0,Mixed
2016-09-27 02:00:00,Fox_lodging_Helen,379.32,24.4,6.0,8.9,1013.5,3.1,2,2,9,271,51394.9,2009.0,Mixed
2016-09-27 03:00:00,Fox_lodging_Helen,345.72,23.3,6.0,8.9,1013.1,2.6,3,2,9,271,51394.9,2009.0,Mixed
2016-09-27 04:00:00,Fox_lodging_Helen,338.1,23.3,6.0,9.4,1013.0,1.5,4,2,9,271,51394.9,2009.0,Mixed
2016-09-27 05:00:00,Fox_lodging_Helen,335.9,22.8,6.0,9.4,1013.6,0.0,5,2,9,271,51394.9,2009.0,Mixed
2016-09-27 06:00:00,Fox_lodging_Helen,340.57,22.8,5.0,9.4,1013.9,3.6,6,2,9,271,51394.9,2009.0,Mixed
2016-09-27 07:00:00,Fox_lodging_Helen,355.98,22.8,4.0,9.4,1014.8,5.7,7,2,9,271,51394.9,2009.0,Mixed
2016-09-27 08:00:00,Fox_lodging_Helen,361.03,23.9,4.0,9.4,1014.7,7.2,8,2,9,271,51394.9,2009.0,Mixed
2016-09-27 09:00:00,Fox_lodging_Helen,401.92,25.6,4.666666666666667,9.4,1014.3,6.2,9,2,9,271,51394.9,2009.0,Mixed
2016-09-27 10:00:00,Fox_lodging_Helen,391.52,25.6,5.333333333333333,9.4,1015.4,6.7,10,2,9,271,51394.9,2009.0,Mixed
2016-09-27 11:00:00,Fox_lodging_Helen,418.93,26.7,6.0,9.4,1014.4,6.7,11,2,9,271,51394.9,2009.0,Mixed
2016-09-27 12:00:00,Fox_lodging_Helen,417.13,26.1,5.666666666666667,10.6,1013.7,6.7,12,2,9,271,51394.9,2009.0,Mixed
2016-09-27 13:00:00,Fox_lodging_Helen,403.47,27.2,5.333333333333333,11.1,1012.9,4.1,13,2,9,271,51394.9,2009.0,Mixed
2016-09-27 14:00:00,Fox_lodging_Helen,422.77,28.9,5.0,10.6,1011.7,3.6,14,2,9,271,51394.9,2009.0,Mixed
2016-09-27 15:00:00,Fox_lodging_Helen,460.8,29.4,5.0,10.0,1010.9,1.5,15,2,9,271,51394.9,2009.0,Mixed
2016-09-27 16:00:00,Fox_lodging_Helen,479.73,30.6,5.0,9.4,1010.1,2.6,16,2,9,271,51394.9,2009.0,Mixed
2016-09-27 17:00:00,Fox_lodging_Helen,496.03,31.1,4.0,9.4,1009.5,2.6,17,2,9,271,51394.9,2009.0,Mixed
2016-09-27 18:00:00,Fox_lodging_Helen,509.45,30.6,4.333333333333333,8.9,1009.8,2.6,18,2,9,271,51394.9,2009.0,Mixed
2016-09-27 19:00:00,Fox_lodging_Helen,510.88,27.2,4.666666666666667,10.0,1010.0999999999999,8.2,19,2,9,271,51394.9,2009.0,Mixed
2016-09-27 20:00:00,Fox_lodging_Helen,532.27,27.2,5.0,10.0,1010.4,2.1,20,2,9,271,51394.9,2009.0,Mixed
2016-09-27 21:00:00,Fox_lodging_Helen,547.82,26.7,5.0,9.4,1011.1,2.1,21,2,9,271,51394.9,2009.0,Mixed
2016-09-27 22:00:00,Fox_lodging_Helen,561.03,27.2,5.0,9.4,1010.7,3.1,22,2,9,271,51394.9,2009.0,Mixed
2016-09-27 23:00:00,Fox_lodging_Helen,501.6,26.7,6.0,10.0,1011.2,1.5,23,2,9,271,51394.9,2009.0,Mixed
2016-09-28 00:00:00,Fox_lodging_Helen,476.42,26.1,4.0,10.0,1011.0,2.1,0,3,9,272,51394.9,2009.0,Mixed
2016-09-28 01:00:00,Fox_lodging_Helen,422.37,24.4,4.0,11.1,1011.0,2.1,1,3,9,272,51394.9,2009.0,Mixed
2016-09-28 02:00:00,Fox_lodging_Helen,379.95,24.4,4.0,10.6,1010.9,0.0,2,3,9,272,51394.9,2009.0,Mixed
2016-09-28 03:00:00,Fox_lodging_Helen,354.05,23.9,4.666666666666667,11.1,1010.9,0.0,3,3,9,272,51394.9,2009.0,Mixed
2016-09-28 04:00:00,Fox_lodging_Helen,336.48,24.4,5.333333333333333,11.7,1011.4,2.1,4,3,9,272,51394.9,2009.0,Mixed
2016-09-28 05:00:00,Fox_lodging_Helen,336.15,23.9,6.0,12.2,1011.1,3.6,5,3,9,272,51394.9,2009.0,Mixed
2016-09-28 06:00:00,Fox_lodging_Helen,343.87,23.3,5.333333333333333,13.3,1011.7,3.6,6,3,9,272,51394.9,2009.0,Mixed
2016-09-28 07:00:00,Fox_lodging_Helen,355.13,23.3,4.666666666666667,13.9,1012.5,0.0,7,3,9,272,51394.9,2009.0,Mixed
2016-09-28 08:00:00,Fox_lodging_Helen,371.1,25.6,4.0,14.4,1012.9,1.5,8,3,9,272,51394.9,2009.0,Mixed
2016-09-28 09:00:00,Fox_lodging_Helen,381.48,27.8,4.666666666666667,13.9,1013.1,2.6,9,3,9,272,51394.9,2009.0,Mixed
2016-09-28 10:00:00,Fox_lodging_Helen,369.07,29.4,5.333333333333333,13.3,1013.1,3.1,10,3,9,272,51394.9,2009.0,Mixed
2016-09-28 11:00:00,Fox_lodging_Helen,391.97,30.0,6.0,13.3,1012.9,3.6,11,3,9,272,51394.9,2009.0,Mixed
2016-09-28 12:00:00,Fox_lodging_Helen,381.33,32.2,6.0,13.3,1012.3,4.1,12,3,9,272,51394.9,2009.0,Mixed
2016-09-28 13:00:00,Fox_lodging_Helen,400.4,33.9,6.0,12.8,1011.5,3.1,13,3,9,272,51394.9,2009.0,Mixed
2016-09-28 14:00:00,Fox_lodging_Helen,448.85,35.0,6.0,12.8,1010.7,2.6,14,3,9,272,51394.9,2009.0,Mixed
2016-09-28 15:00:00,Fox_lodging_Helen,456.53,34.4,6.0,12.2,1010.5,5.1,15,3,9,272,51394.9,2009.0,Mixed
2016-09-28 16:00:00,Fox_lodging_Helen,458.25,35.0,6.0,12.2,1010.1,2.6,16,3,9,272,51394.9,2009.0,Mixed
2016-09-28 17:00:00,Fox_lodging_Helen,481.73,35.0,6.0,12.8,1010.0,6.2,17,3,9,272,51394.9,2009.0,Mixed
2016-09-28 18:00:00,Fox_lodging_Helen,509.93,33.9,6.333333333333333,12.8,1010.2,4.6,18,3,9,272,51394.9,2009.0,Mixed
2016-09-28 19:00:00,Fox_lodging_Helen,503.93,31.7,6.666666666666667,12.8,1011.1,6.2,19,3,9,272,51394.9,2009.0,Mixed
2016-09-28 20:00:00,Fox_lodging_Helen,534.02,30.6,7.0,12.8,1011.8,5.7,20,3,9,272,51394.9,2009.0,Mixed
2016-09-28 21:00:00,Fox_lodging_Helen,573.62,30.0,7.0,15.0,1012.6,4.1,21,3,9,272,51394.9,2009.0,Mixed
2016-09-28 22:00:00,Fox_lodging_Helen,560.68,29.4,7.0,14.4,1012.9,2.6,22,3,9,272,51394.9,2009.0,Mixed
2016-09-28 23:00:00,Fox_lodging_Helen,484.42,29.4,8.0,13.9,1013.2,2.6,23,3,9,272,51394.9,2009.0,Mixed
2016-09-29 00:00:00,Fox_lodging_Helen,470.85,28.9,8.0,13.9,1013.4,3.6,0,4,9,273,51394.9,2009.0,Mixed
2016-09-29 01:00:00,Fox_lodging_Helen,419.9,28.3,8.0,14.4,1013.4,5.1,1,4,9,273,51394.9,2009.0,Mixed
2016-09-29 02:00:00,Fox_lodging_Helen,378.1,27.8,8.0,13.9,1013.8,4.1,2,4,9,273,51394.9,2009.0,Mixed
2016-09-29 03:00:00,Fox_lodging_Helen,354.27,27.8,8.0,13.9,1013.8,4.1,3,4,9,273,51394.9,2009.0,Mixed
2016-09-29 04:00:00,Fox_lodging_Helen,339.82,27.2,8.0,14.4,1014.4,3.1,4,4,9,273,51394.9,2009.0,Mixed
2016-09-29 05:00:00,Fox_lodging_Helen,344.82,26.7,8.0,15.6,1014.8,3.1,5,4,9,273,51394.9,2009.0,Mixed
2016-09-29 06:00:00,Fox_lodging_Helen,348.83,27.2,7.666666666666667,14.4,1014.3,3.6,6,4,9,273,51394.9,2009.0,Mixed
2016-09-29 07:00:00,Fox_lodging_Helen,357.17,26.7,7.333333333333333,15.0,1015.3,0.0,7,4,9,273,51394.9,2009.0,Mixed
2016-09-29 08:00:00,Fox_lodging_Helen,393.2,27.8,7.0,15.0,1016.1,3.6,8,4,9,273,51394.9,2009.0,Mixed
2016-09-29 09:00:00,Fox_lodging_Helen,418.55,26.7,7.0,16.1,1018.1,5.1,9,4,9,273,51394.9,2009.0,Mixed
2016-09-29 10:00:00,Fox_lodging_Helen,430.35,24.4,7.0,19.4,1018.1,2.6,10,4,9,273,51394.9,2009.0,Mixed
2016-09-29 11:00:00,Fox_lodging_Helen,401.8,26.7,6.0,17.2,1017.5,3.6,11,4,9,273,51394.9,2009.0,Mixed
2016-09-29 12:00:00,Fox_lodging_Helen,380.62,28.3,5.0,16.1,1016.8,4.6,12,4,9,273,51394.9,2009.0,Mixed
2016-09-29 13:00:00,Fox_lodging_Helen,394.42,31.1,4.0,15.6,1016.0,2.1,13,4,9,273,51394.9,2009.0,Mixed
2016-09-29 14:00:00,Fox_lodging_Helen,388.42,32.2,4.0,15.0,1015.2,2.1,14,4,9,273,51394.9,2009.0,Mixed
2016-09-29 15:00:00,Fox_lodging_Helen,415.38,32.8,4.0,13.9,1014.4,3.1,15,4,9,273,51394.9,2009.0,Mixed
2016-09-29 16:00:00,Fox_lodging_Helen,460.47,33.3,2.0,12.8,1013.8,1.5,16,4,9,273,51394.9,2009.0,Mixed
2016-09-29 17:00:00,Fox_lodging_Helen,496.58,33.3,2.0,12.2,1013.2,2.1,17,4,9,273,51394.9,2009.0,Mixed
2016-09-29 18:00:00,Fox_lodging_Helen,493.17,32.8,2.0,12.2,1012.9,2.6,18,4,9,273,51394.9,2009.0,Mixed
2016-09-29 19:00:00,Fox_lodging_Helen,522.65,32.2,2.0,12.2,1013.1,1.5,19,4,9,273,51394.9,2009.0,Mixed
2016-09-29 20:00:00,Fox_lodging_Helen,543.4,32.2,0.0,12.2,1013.6,1.5,20,4,9,273,51394.9,2009.0,Mixed
2016-09-29 21:00:00,Fox_lodging_Helen,560.85,28.9,0.0,13.9,1014.2,1.5,21,4,9,273,51394.9,2009.0,Mixed
2016-09-29 22:00:00,Fox_lodging_Helen,563.37,28.9,0.0,13.9,1014.5,2.6,22,4,9,273,51394.9,2009.0,Mixed
2016-09-29 23:00:00,Fox_lodging_Helen,524.22,27.8,0.0,14.4,1014.7,2.6,23,4,9,273,51394.9,2009.0,Mixed
2016-09-30 00:00:00,Fox_lodging_Helen,478.05,27.8,0.0,13.9,1014.8,4.1,0,5,9,274,51394.9,2009.0,Mixed
2016-09-30 01:00:00,Fox_lodging_Helen,411.62,26.1,0.0,14.4,1014.8,2.1,1,5,9,274,51394.9,2009.0,Mixed
2016-09-30 02:00:00,Fox_lodging_Helen,387.58,25.6,0.0,15.6,1015.0,3.6,2,5,9,274,51394.9,2009.0,Mixed
2016-09-30 03:00:00,Fox_lodging_Helen,360.67,25.6,0.0,15.6,1014.6,4.1,3,5,9,274,51394.9,2009.0,Mixed
2016-09-30 04:00:00,Fox_lodging_Helen,343.4,25.0,0.0,15.6,1014.6,3.6,4,5,9,274,51394.9,2009.0,Mixed
2016-09-30 05:00:00,Fox_lodging_Helen,340.33,24.4,0.0,16.1,1014.7,2.6,5,5,9,274,51394.9,2009.0,Mixed
2016-09-30 06:00:00,Fox_lodging_Helen,344.92,23.9,2.0,14.4,1015.0,3.6,6,5,9,274,51394.9,2009.0,Mixed
2016-09-30 07:00:00,Fox_lodging_Helen,360.13,23.3,2.0,15.0,1015.5,2.1,7,5,9,274,51394.9,2009.0,Mixed
2016-09-30 08:00:00,Fox_lodging_Helen,349.83,25.6,2.0,14.4,1015.9,2.1,8,5,9,274,51394.9,2009.0,Mixed
2016-09-30 09:00:00,Fox_lodging_Helen,350.4,28.3,2.0,14.4,1016.0,3.6,9,5,9,274,51394.9,2009.0,Mixed
2016-09-30 10:00:00,Fox_lodging_Helen,360.9,30.0,2.0,14.4,1015.9,3.6,10,5,9,274,51394.9,2009.0,Mixed
2016-09-30 11:00:00,Fox_lodging_Helen,386.47,31.7,2.0,14.4,1015.3,1.5,11,5,9,274,51394.9,2009.0,Mixed
2016-09-30 12:00:00,Fox_lodging_Helen,407.78,32.8,4.0,14.4,1014.5,3.1,12,5,9,274,51394.9,2009.0,Mixed
2016-09-30 13:00:00,Fox_lodging_Helen,438.43,35.0,4.0,13.9,1013.3,3.6,13,5,9,274,51394.9,2009.0,Mixed
2016-09-30 14:00:00,Fox_lodging_Helen,435.7,34.4,4.0,13.3,1011.9,1.5,14,5,9,274,51394.9,2009.0,Mixed
2016-09-30 15:00:00,Fox_lodging_Helen,446.9,35.0,4.0,11.1,1011.2,0.0,15,5,9,274,51394.9,2009.0,Mixed
2016-09-30 16:00:00,Fox_lodging_Helen,482.07,35.6,4.0,10.6,1010.5,2.6,16,5,9,274,51394.9,2009.0,Mixed
2016-09-30 17:00:00,Fox_lodging_Helen,507.03,33.9,4.0,11.1,1010.2,6.7,17,5,9,274,51394.9,2009.0,Mixed
2016-09-30 18:00:00,Fox_lodging_Helen,527.65,32.8,4.0,9.4,1010.4,6.7,18,5,9,274,51394.9,2009.0,Mixed
2016-09-30 19:00:00,Fox_lodging_Helen,501.3,32.2,4.0,9.4,1010.6,4.1,19,5,9,274,51394.9,2009.0,Mixed
2016-09-30 20:00:00,Fox_lodging_Helen,494.3,31.7,2.0,9.4,1011.0,1.5,20,5,9,274,51394.9,2009.0,Mixed
2016-09-30 21:00:00,Fox_lodging_Helen,484.52,30.0,2.0,9.4,1011.4,2.6,21,5,9,274,51394.9,2009.0,Mixed
2016-09-30 22:00:00,Fox_lodging_Helen,492.83,28.9,2.0,13.3,1012.0,2.6,22,5,9,274,51394.9,2009.0,Mixed
2016-09-30 23:00:00,Fox_lodging_Helen,453.33,28.3,2.0,13.9,1012.1,2.6,23,5,9,274,51394.9,2009.0,Mixed
2016-10-01 00:00:00,Fox_lodging_Helen,427.0,27.2,2.0,14.4,1012.2,3.1,0,6,10,275,51394.9,2009.0,Mixed
2016-10-01 01:00:00,Fox_lodging_Helen,398.93,27.2,2.0,13.9,1012.3,2.1,1,6,10,275,51394.9,2009.0,Mixed
2016-10-01 02:00:00,Fox_lodging_Helen,392.53,26.1,2.0,13.9,1012.2,2.6,2,6,10,275,51394.9,2009.0,Mixed
2016-10-01 03:00:00,Fox_lodging_Helen,375.62,25.6,2.0,13.9,1012.2,3.1,3,6,10,275,51394.9,2009.0,Mixed
2016-10-01 04:00:00,Fox_lodging_Helen,355.58,25.0,2.0,13.9,1012.2,4.1,4,6,10,275,51394.9,2009.0,Mixed
2016-10-01 05:00:00,Fox_lodging_Helen,348.33,24.4,2.0,14.4,1012.4,3.6,5,6,10,275,51394.9,2009.0,Mixed
2016-10-01 06:00:00,Fox_lodging_Helen,353.88,23.9,2.0,14.4,1013.0,1.5,6,6,10,275,51394.9,2009.0,Mixed
2016-10-01 07:00:00,Fox_lodging_Helen,348.4,23.9,4.0,13.9,1013.6,3.1,7,6,10,275,51394.9,2009.0,Mixed
2016-10-01 08:00:00,Fox_lodging_Helen,332.88,25.6,4.0,12.8,1014.0,2.6,8,6,10,275,51394.9,2009.0,Mixed
2016-10-01 09:00:00,Fox_lodging_Helen,322.3,27.2,4.0,13.9,1014.2,3.6,9,6,10,275,51394.9,2009.0,Mixed
2016-10-01 10:00:00,Fox_lodging_Helen,336.25,28.9,4.0,14.4,1014.4,2.1,10,6,10,275,51394.9,2009.0,Mixed
2016-10-01 11:00:00,Fox_lodging_Helen,359.88,31.1,2.0,14.4,1013.7,2.6,11,6,10,275,51394.9,2009.0,Mixed
2016-10-01 12:00:00,Fox_lodging_Helen,375.87,32.2,2.0,13.9,1012.9,2.1,12,6,10,275,51394.9,2009.0,Mixed
2016-10-01 13:00:00,Fox_lodging_Helen,399.32,33.9,2.0,12.2,1011.8,3.1,13,6,10,275,51394.9,2009.0,Mixed
2016-10-01 14:00:00,Fox_lodging_Helen,427.38,33.9,4.0,10.0,1010.6,2.6,14,6,10,275,51394.9,2009.0,Mixed
2016-10-01 15:00:00,Fox_lodging_Helen,445.83,36.1,2.0,7.8,1010.0,4.6,15,6,10,275,51394.9,2009.0,Mixed
2016-10-01 16:00:00,Fox_lodging_Helen,456.05,35.0,2.0,8.3,1009.5,2.6,16,6,10,275,51394.9,2009.0,Mixed
2016-10-01 17:00:00,Fox_lodging_Helen,491.28,35.0,2.0,7.8,1008.9,4.6,17,6,10,275,51394.9,2009.0,Mixed
2016-10-01 18:00:00,Fox_lodging_Helen,488.55,34.4,2.0,7.2,1008.9,3.1,18,6,10,275,51394.9,2009.0,Mixed
2016-10-01 19:00:00,Fox_lodging_Helen,485.73,33.3,2.0,6.7,1008.9,3.1,19,6,10,275,51394.9,2009.0,Mixed
2016-10-01 20:00:00,Fox_lodging_Helen,491.3,32.2,0.0,7.2,1009.3,2.1,20,6,10,275,51394.9,2009.0,Mixed
2016-10-01 21:00:00,Fox_lodging_Helen,470.07,31.7,0.0,7.2,1009.8,1.5,21,6,10,275,51394.9,2009.0,Mixed
2016-10-01 22:00:00,Fox_lodging_Helen,472.25,29.4,2.0,8.3,1010.0,3.1,22,6,10,275,51394.9,2009.0,Mixed
2016-10-01 23:00:00,Fox_lodging_Helen,456.48,28.9,6.0,9.4,1010.2,2.1,23,6,10,275,51394.9,2009.0,Mixed
2016-10-02 00:00:00,Fox_lodging_Helen,411.53,29.4,2.0,8.9,1010.7,2.1,0,7,10,276,51394.9,2009.0,Mixed
2016-10-02 01:00:00,Fox_lodging_Helen,401.4,29.4,0.0,13.9,1010.5,4.1,1,7,10,276,51394.9,2009.0,Mixed
2016-10-02 02:00:00,Fox_lodging_Helen,404.33,28.3,4.0,13.9,1010.6,1.5,2,7,10,276,51394.9,2009.0,Mixed
2016-10-02 03:00:00,Fox_lodging_Helen,379.55,26.7,4.0,12.2,1010.6,3.6,3,7,10,276,51394.9,2009.0,Mixed
2016-10-02 04:00:00,Fox_lodging_Helen,349.97,25.0,2.0,10.0,1010.7,3.1,4,7,10,276,51394.9,2009.0,Mixed
2016-10-02 05:00:00,Fox_lodging_Helen,344.42,24.4,0.0,8.9,1010.5,2.1,5,7,10,276,51394.9,2009.0,Mixed
2016-10-02 06:00:00,Fox_lodging_Helen,345.02,23.9,2.0,8.9,1011.0,3.6,6,7,10,276,51394.9,2009.0,Mixed
2016-10-02 07:00:00,Fox_lodging_Helen,340.98,23.3,4.0,9.4,1011.0,3.6,7,7,10,276,51394.9,2009.0,Mixed
2016-10-02 08:00:00,Fox_lodging_Helen,354.2,21.7,4.5,17.2,1011.7,7.2,8,7,10,276,51394.9,2009.0,Mixed
2016-10-02 09:00:00,Fox_lodging_Helen,369.87,21.7,5.0,18.9,1012.4,3.6,9,7,10,276,51394.9,2009.0,Mixed
2016-10-02 10:00:00,Fox_lodging_Helen,365.63,22.8,5.5,18.3,1012.2,4.6,10,7,10,276,51394.9,2009.0,Mixed
2016-10-02 11:00:00,Fox_lodging_Helen,440.95,25.0,6.0,17.8,1013.0,3.6,11,7,10,276,51394.9,2009.0,Mixed
2016-10-02 12:00:00,Fox_lodging_Helen,422.65,25.0,6.0,18.9,1011.8,3.1,12,7,10,276,51394.9,2009.0,Mixed
2016-10-02 13:00:00,Fox_lodging_Helen,460.6,26.7,6.0,17.2,1011.1,4.1,13,7,10,276,51394.9,2009.0,Mixed
2016-10-02 14:00:00,Fox_lodging_Helen,498.3,25.6,6.0,19.4,1010.6,4.1,14,7,10,276,51394.9,2009.0,Mixed
2016-10-02 15:00:00,Fox_lodging_Helen,510.95,23.9,6.0,20.0,1010.2,3.6,15,7,10,276,51394.9,2009.0,Mixed
2016-10-02 16:00:00,Fox_lodging_Helen,524.53,24.4,6.0,20.0,1009.9,4.1,16,7,10,276,51394.9,2009.0,Mixed
2016-10-02 17:00:00,Fox_lodging_Helen,534.42,24.4,6.0,18.9,1009.3,6.2,17,7,10,276,51394.9,2009.0,Mixed
2016-10-02 18:00:00,Fox_lodging_Helen,514.17,23.9,4.0,19.4,1009.1,4.6,18,7,10,276,51394.9,2009.0,Mixed
2016-10-02 19:00:00,Fox_lodging_Helen,527.85,23.3,4.0,18.3,1008.8,4.1,19,7,10,276,51394.9,2009.0,Mixed
2016-10-02 20:00:00,Fox_lodging_Helen,546.15,21.7,2.0,18.3,1008.9,5.1,20,7,10,276,51394.9,2009.0,Mixed
2016-10-02 21:00:00,Fox_lodging_Helen,558.33,22.2,4.0,18.3,1008.7,4.1,21,7,10,276,51394.9,2009.0,Mixed
2016-10-02 22:00:00,Fox_lodging_Helen,539.73,22.2,4.0,18.3,1008.8,3.1,22,7,10,276,51394.9,2009.0,Mixed
2016-10-02 23:00:00,Fox_lodging_Helen,519.98,22.2,6.0,18.3,1008.8,2.6,23,7,10,276,51394.9,2009.0,Mixed
2016-10-03 00:00:00,Fox_lodging_Helen,484.78,21.7,4.0,18.3,1008.4,3.1,0,1,10,277,51394.9,2009.0,Mixed
2016-10-03 01:00:00,Fox_lodging_Helen,412.68,21.7,2.0,18.3,1008.0,2.1,1,1,10,277,51394.9,2009.0,Mixed
2016-10-03 02:00:00,Fox_lodging_Helen,359.73,21.7,0.0,18.3,1007.9,3.1,2,1,10,277,51394.9,2009.0,Mixed
2016-10-03 03:00:00,Fox_lodging_Helen,339.12,21.1,0.0,18.9,1007.9,4.1,3,1,10,277,51394.9,2009.0,Mixed
2016-10-03 04:00:00,Fox_lodging_Helen,337.28,20.6,0.0,18.9,1007.9,3.1,4,1,10,277,51394.9,2009.0,Mixed
2016-10-03 05:00:00,Fox_lodging_Helen,325.28,19.4,0.0,18.3,1007.8,2.6,5,1,10,277,51394.9,2009.0,Mixed
2016-10-03 06:00:00,Fox_lodging_Helen,333.1,19.4,2.0,18.3,1007.8,3.1,6,1,10,277,51394.9,2009.0,Mixed
2016-10-03 07:00:00,Fox_lodging_Helen,354.67,20.0,2.0,17.2,1008.6,2.6,7,1,10,277,51394.9,2009.0,Mixed
2016-10-03 08:00:00,Fox_lodging_Helen,337.68,21.1,2.0,17.2,1009.3,1.5,8,1,10,277,51394.9,2009.0,Mixed
2016-10-03 09:00:00,Fox_lodging_Helen,352.28,23.3,2.0,14.4,1009.9,1.5,9,1,10,277,51394.9,2009.0,Mixed
2016-10-03 10:00:00,Fox_lodging_Helen,361.98,24.4,2.0,3.3,1009.9,3.6,10,1,10,277,51394.9,2009.0,Mixed
2016-10-03 11:00:00,Fox_lodging_Helen,350.6,26.1,2.0,2.8,1009.8,4.6,11,1,10,277,51394.9,2009.0,Mixed
2016-10-03 12:00:00,Fox_lodging_Helen,351.68,27.8,2.0,-2.2,1009.7,5.1,12,1,10,277,51394.9,2009.0,Mixed
2016-10-03 13:00:00,Fox_lodging_Helen,352.48,28.3,2.0,-3.9,1009.1,5.7,13,1,10,277,51394.9,2009.0,Mixed
2016-10-03 14:00:00,Fox_lodging_Helen,402.38,28.3,2.0,-4.4,1008.1,4.1,14,1,10,277,51394.9,2009.0,Mixed
2016-10-03 15:00:00,Fox_lodging_Helen,401.48,28.9,2.0,-2.2,1007.2,5.1,15,1,10,277,51394.9,2009.0,Mixed
2016-10-03 16:00:00,Fox_lodging_Helen,446.37,29.4,2.0,-10.0,1006.9,6.7,16,1,10,277,51394.9,2009.0,Mixed
2016-10-03 17:00:00,Fox_lodging_Helen,483.02,28.9,2.0,-14.4,1006.6,6.7,17,1,10,277,51394.9,2009.0,Mixed
2016-10-03 18:00:00,Fox_lodging_Helen,481.05,27.8,2.0,-11.1,1006.5,7.2,18,1,10,277,51394.9,2009.0,Mixed
2016-10-03 19:00:00,Fox_lodging_Helen,491.95,25.6,2.0,-8.3,1006.6,4.1,19,1,10,277,51394.9,2009.0,Mixed
2016-10-03 20:00:00,Fox_lodging_Helen,529.18,23.9,2.0,-4.4,1007.2,3.1,20,1,10,277,51394.9,2009.0,Mixed
2016-10-03 21:00:00,Fox_lodging_Helen,547.92,22.2,0.0,-1.7,1007.4,3.1,21,1,10,277,51394.9,2009.0,Mixed
2016-10-03 22:00:00,Fox_lodging_Helen,553.63,21.7,0.0,-1.1,1007.4,2.6,22,1,10,277,51394.9,2009.0,Mixed
2016-10-03 23:00:00,Fox_lodging_Helen,497.48,22.8,0.0,-3.9,1007.3,1.5,23,1,10,277,51394.9,2009.0,Mixed
2016-10-04 00:00:00,Fox_lodging_Helen,463.38,22.8,0.0,-4.4,1007.3,2.6,0,2,10,278,51394.9,2009.0,Mixed
2016-10-04 01:00:00,Fox_lodging_Helen,421.52,21.1,0.0,-2.8,1007.1,2.6,1,2,10,278,51394.9,2009.0,Mixed
2016-10-04 02:00:00,Fox_lodging_Helen,354.6,19.4,0.0,2.8,1007.2,2.6,2,2,10,278,51394.9,2009.0,Mixed
2016-10-04 03:00:00,Fox_lodging_Helen,335.58,17.8,0.0,3.3,1007.2,3.1,3,2,10,278,51394.9,2009.0,Mixed
2016-10-04 04:00:00,Fox_lodging_Helen,333.23,17.2,0.0,2.2,1007.3,3.1,4,2,10,278,51394.9,2009.0,Mixed
2016-10-04 05:00:00,Fox_lodging_Helen,320.12,16.1,0.0,4.4,1007.9,2.6,5,2,10,278,51394.9,2009.0,Mixed
2016-10-04 06:00:00,Fox_lodging_Helen,329.1,16.1,0.0,3.3,1008.3,2.6,6,2,10,278,51394.9,2009.0,Mixed
2016-10-04 07:00:00,Fox_lodging_Helen,329.93,16.1,0.0,3.3,1008.8,1.5,7,2,10,278,51394.9,2009.0,Mixed
2016-10-04 08:00:00,Fox_lodging_Helen,341.93,18.3,0.0,3.3,1009.3,2.6,8,2,10,278,51394.9,2009.0,Mixed
2016-10-04 09:00:00,Fox_lodging_Helen,337.02,21.1,0.0,0.6,1009.7,4.1,9,2,10,278,51394.9,2009.0,Mixed
2016-10-04 10:00:00,Fox_lodging_Helen,355.42,22.2,0.0,0.0,1010.0,2.6,10,2,10,278,51394.9,2009.0,Mixed
2016-10-04 11:00:00,Fox_lodging_Helen,354.83,25.0,0.0,-1.1,1009.8,1.5,11,2,10,278,51394.9,2009.0,Mixed
2016-10-04 12:00:00,Fox_lodging_Helen,350.87,26.1,0.0,-1.7,1008.9,1.5,12,2,10,278,51394.9,2009.0,Mixed
2016-10-04 13:00:00,Fox_lodging_Helen,364.23,27.8,0.0,-4.4,1008.7,2.1,13,2,10,278,51394.9,2009.0,Mixed
2016-10-04 14:00:00,Fox_lodging_Helen,372.08,28.3,0.0,-2.2,1007.7,1.5,14,2,10,278,51394.9,2009.0,Mixed
2016-10-04 15:00:00,Fox_lodging_Helen,399.58,29.4,0.0,0.0,1007.2,4.6,15,2,10,278,51394.9,2009.0,Mixed
2016-10-04 16:00:00,Fox_lodging_Helen,443.13,28.3,0.0,-0.6,1006.9,0.0,16,2,10,278,51394.9,2009.0,Mixed
2016-10-04 17:00:00,Fox_lodging_Helen,482.25,28.3,0.0,0.0,1006.5,1.5,17,2,10,278,51394.9,2009.0,Mixed
2016-10-04 18:00:00,Fox_lodging_Helen,490.17,27.8,0.0,-0.6,1006.4,2.6,18,2,10,278,51394.9,2009.0,Mixed
2016-10-04 19:00:00,Fox_lodging_Helen,493.32,27.8,0.0,-1.1,1006.9,3.6,19,2,10,278,51394.9,2009.0,Mixed
2016-10-04 20:00:00,Fox_lodging_Helen,524.95,26.1,0.0,0.6,1007.3,1.5,20,2,10,278,51394.9,2009.0,Mixed
2016-10-04 21:00:00,Fox_lodging_Helen,529.2,25.0,0.0,2.8,1007.5,1.5,21,2,10,278,51394.9,2009.0,Mixed
2016-10-04 22:00:00,Fox_lodging_Helen,547.23,23.9,0.0,3.9,1008.0,2.1,22,2,10,278,51394.9,2009.0,Mixed
2016-10-04 23:00:00,Fox_lodging_Helen,507.62,22.2,0.0,4.4,1008.2,3.6,23,2,10,278,51394.9,2009.0,Mixed
2016-10-05 00:00:00,Fox_lodging_Helen,478.73,21.1,0.0,4.4,1008.3,2.6,0,3,10,279,51394.9,2009.0,Mixed
2016-10-05 01:00:00,Fox_lodging_Helen,392.27,21.1,0.0,4.4,1008.1,2.6,1,3,10,279,51394.9,2009.0,Mixed
2016-10-05 02:00:00,Fox_lodging_Helen,360.38,20.6,0.0,5.0,1008.1,3.1,2,3,10,279,51394.9,2009.0,Mixed
2016-10-05 03:00:00,Fox_lodging_Helen,333.32,19.4,0.0,3.3,1007.9,3.6,3,3,10,279,51394.9,2009.0,Mixed
2016-10-05 04:00:00,Fox_lodging_Helen,323.48,18.9,0.0,2.8,1008.2,4.6,4,3,10,279,51394.9,2009.0,Mixed
2016-10-05 05:00:00,Fox_lodging_Helen,319.83,18.3,0.0,2.8,1008.4,3.6,5,3,10,279,51394.9,2009.0,Mixed
2016-10-05 06:00:00,Fox_lodging_Helen,323.05,17.8,0.0,3.3,1008.9,4.1,6,3,10,279,51394.9,2009.0,Mixed
2016-10-05 07:00:00,Fox_lodging_Helen,337.47,17.2,0.0,2.8,1009.6,3.6,7,3,10,279,51394.9,2009.0,Mixed
2016-10-05 08:00:00,Fox_lodging_Helen,338.93,19.4,0.0,3.3,1010.0,5.1,8,3,10,279,51394.9,2009.0,Mixed
2016-10-05 09:00:00,Fox_lodging_Helen,345.28,22.2,0.0,3.3,1010.2,4.1,9,3,10,279,51394.9,2009.0,Mixed
2016-10-05 10:00:00,Fox_lodging_Helen,333.7,25.0,0.0,2.8,1010.2,3.1,10,3,10,279,51394.9,2009.0,Mixed
2016-10-05 11:00:00,Fox_lodging_Helen,330.28,27.2,0.0,2.2,1009.9,4.1,11,3,10,279,51394.9,2009.0,Mixed
2016-10-05 12:00:00,Fox_lodging_Helen,346.38,29.4,0.0,2.8,1009.1,3.6,12,3,10,279,51394.9,2009.0,Mixed
2016-10-05 13:00:00,Fox_lodging_Helen,370.03,30.0,0.0,2.2,1008.3,3.1,13,3,10,279,51394.9,2009.0,Mixed
2016-10-05 14:00:00,Fox_lodging_Helen,366.18,31.1,2.0,2.2,1007.5,2.1,14,3,10,279,51394.9,2009.0,Mixed
2016-10-05 15:00:00,Fox_lodging_Helen,402.95,31.7,2.0,2.8,1007.0,4.1,15,3,10,279,51394.9,2009.0,Mixed
2016-10-05 16:00:00,Fox_lodging_Helen,442.58,31.1,4.0,2.8,1006.8,3.6,16,3,10,279,51394.9,2009.0,Mixed
2016-10-05 17:00:00,Fox_lodging_Helen,463.85,30.6,6.0,3.9,1006.3,3.1,17,3,10,279,51394.9,2009.0,Mixed
2016-10-05 18:00:00,Fox_lodging_Helen,464.68,29.4,5.5,5.0,1006.3,5.1,18,3,10,279,51394.9,2009.0,Mixed
2016-10-05 19:00:00,Fox_lodging_Helen,493.92,28.9,5.0,4.4,1006.5,3.6,19,3,10,279,51394.9,2009.0,Mixed
2016-10-05 20:00:00,Fox_lodging_Helen,552.23,28.3,4.5,4.4,1007.0,4.1,20,3,10,279,51394.9,2009.0,Mixed
2016-10-05 21:00:00,Fox_lodging_Helen,546.1,26.1,4.0,5.6,1007.1,0.0,21,3,10,279,51394.9,2009.0,Mixed
2016-10-05 22:00:00,Fox_lodging_Helen,522.82,25.6,2.0,7.2,1007.5,0.0,22,3,10,279,51394.9,2009.0,Mixed
2016-10-05 23:00:00,Fox_lodging_Helen,493.77,23.9,2.0,8.3,1007.8,0.0,23,3,10,279,51394.9,2009.0,Mixed
2016-10-06 00:00:00,Fox_lodging_Helen,439.97,23.3,2.0,8.9,1008.0,1.5,0,4,10,280,51394.9,2009.0,Mixed
2016-10-06 01:00:00,Fox_lodging_Helen,404.58,22.8,0.0,8.3,1008.1,3.6,1,4,10,280,51394.9,2009.0,Mixed
2016-10-06 02:00:00,Fox_lodging_Helen,380.03,21.7,0.0,8.9,1008.4,0.0,2,4,10,280,51394.9,2009.0,Mixed
2016-10-06 03:00:00,Fox_lodging_Helen,350.28,21.7,0.0,7.8,1008.4,1.5,3,4,10,280,51394.9,2009.0,Mixed
2016-10-06 04:00:00,Fox_lodging_Helen,340.03,20.6,0.0,7.2,1008.4,3.1,4,4,10,280,51394.9,2009.0,Mixed
2016-10-06 05:00:00,Fox_lodging_Helen,328.97,20.0,2.0,7.2,1008.8,3.1,5,4,10,280,51394.9,2009.0,Mixed
2016-10-06 06:00:00,Fox_lodging_Helen,328.88,19.4,2.0,7.8,1009.5,2.1,6,4,10,280,51394.9,2009.0,Mixed
2016-10-06 07:00:00,Fox_lodging_Helen,334.12,20.0,2.5,6.7,1010.1,2.6,7,4,10,280,51394.9,2009.0,Mixed
2016-10-06 08:00:00,Fox_lodging_Helen,355.97,22.2,3.0,6.1,1011.0,0.0,8,4,10,280,51394.9,2009.0,Mixed
2016-10-06 09:00:00,Fox_lodging_Helen,353.35,23.3,3.5,6.7,1011.6,1.5,9,4,10,280,51394.9,2009.0,Mixed
2016-10-06 10:00:00,Fox_lodging_Helen,361.72,25.6,4.0,6.1,1011.8,2.1,10,4,10,280,51394.9,2009.0,Mixed
2016-10-06 11:00:00,Fox_lodging_Helen,352.82,27.8,4.0,6.7,1011.4,0.0,11,4,10,280,51394.9,2009.0,Mixed
2016-10-06 12:00:00,Fox_lodging_Helen,377.18,29.4,4.0,6.7,1011.1,1.5,12,4,10,280,51394.9,2009.0,Mixed
2016-10-06 13:00:00,Fox_lodging_Helen,392.05,30.0,4.0,7.2,1010.3,0.0,13,4,10,280,51394.9,2009.0,Mixed
2016-10-06 14:00:00,Fox_lodging_Helen,410.42,31.1,4.0,6.1,1009.4,2.6,14,4,10,280,51394.9,2009.0,Mixed
2016-10-06 15:00:00,Fox_lodging_Helen,433.23,31.7,4.0,3.9,1009.0,2.6,15,4,10,280,51394.9,2009.0,Mixed
2016-10-06 16:00:00,Fox_lodging_Helen,476.42,31.7,4.0,3.3,1008.7,2.6,16,4,10,280,51394.9,2009.0,Mixed
2016-10-06 17:00:00,Fox_lodging_Helen,507.23,31.1,4.0,-0.6,1008.7,3.6,17,4,10,280,51394.9,2009.0,Mixed
2016-10-06 18:00:00,Fox_lodging_Helen,513.48,30.6,4.0,-0.6,1008.8,3.6,18,4,10,280,51394.9,2009.0,Mixed
2016-10-06 19:00:00,Fox_lodging_Helen,511.77,28.3,0.0,0.6,1009.2,2.1,19,4,10,280,51394.9,2009.0,Mixed
2016-10-06 20:00:00,Fox_lodging_Helen,518.62,26.7,0.0,1.7,1009.8,2.1,20,4,10,280,51394.9,2009.0,Mixed
2016-10-06 21:00:00,Fox_lodging_Helen,566.98,27.2,0.0,2.2,1010.0,1.5,21,4,10,280,51394.9,2009.0,Mixed
2016-10-06 22:00:00,Fox_lodging_Helen,568.33,25.6,0.0,3.3,1010.1,0.0,22,4,10,280,51394.9,2009.0,Mixed
2016-10-06 23:00:00,Fox_lodging_Helen,518.88,24.4,0.0,4.4,1010.0,2.6,23,4,10,280,51394.9,2009.0,Mixed
2016-10-07 00:00:00,Fox_lodging_Helen,453.98,22.8,0.0,5.6,1009.9,1.5,0,5,10,281,51394.9,2009.0,Mixed
2016-10-07 01:00:00,Fox_lodging_Helen,410.43,21.7,0.0,6.1,1010.4,2.1,1,5,10,281,51394.9,2009.0,Mixed
2016-10-07 02:00:00,Fox_lodging_Helen,358.63,20.6,0.0,5.0,1010.7,2.1,2,5,10,281,51394.9,2009.0,Mixed
2016-10-07 03:00:00,Fox_lodging_Helen,354.3,20.6,0.0,4.4,1010.7,0.0,3,5,10,281,51394.9,2009.0,Mixed
2016-10-07 04:00:00,Fox_lodging_Helen,331.23,19.4,0.0,7.2,1011.1,1.5,4,5,10,281,51394.9,2009.0,Mixed
2016-10-07 05:00:00,Fox_lodging_Helen,328.87,18.9,0.0,7.2,1011.3,2.1,5,5,10,281,51394.9,2009.0,Mixed
2016-10-07 06:00:00,Fox_lodging_Helen,330.57,18.9,2.0,5.6,1011.8,0.0,6,5,10,281,51394.9,2009.0,Mixed
2016-10-07 07:00:00,Fox_lodging_Helen,335.13,19.4,2.0,5.0,1012.2,0.0,7,5,10,281,51394.9,2009.0,Mixed
2016-10-07 08:00:00,Fox_lodging_Helen,348.57,21.7,2.0,5.6,1012.5,0.0,8,5,10,281,51394.9,2009.0,Mixed
2016-10-07 09:00:00,Fox_lodging_Helen,348.13,23.9,2.0,1.7,1012.8,0.0,9,5,10,281,51394.9,2009.0,Mixed
2016-10-07 10:00:00,Fox_lodging_Helen,367.47,27.2,2.0,1.1,1012.7,0.0,10,5,10,281,51394.9,2009.0,Mixed
2016-10-07 11:00:00,Fox_lodging_Helen,395.12,30.6,4.0,-0.6,1011.9,5.1,11,5,10,281,51394.9,2009.0,Mixed
2016-10-07 12:00:00,Fox_lodging_Helen,400.33,31.7,4.0,1.1,1011.1,3.1,12,5,10,281,51394.9,2009.0,Mixed
2016-10-07 13:00:00,Fox_lodging_Helen,375.05,32.8,4.0,2.2,1010.1,2.6,13,5,10,281,51394.9,2009.0,Mixed
2016-10-07 14:00:00,Fox_lodging_Helen,403.13,34.4,4.5,2.2,1008.9,3.1,14,5,10,281,51394.9,2009.0,Mixed
2016-10-07 15:00:00,Fox_lodging_Helen,453.9,35.6,5.0,2.2,1008.0,0.0,15,5,10,281,51394.9,2009.0,Mixed
2016-10-07 16:00:00,Fox_lodging_Helen,465.02,35.0,5.5,2.8,1007.7,2.1,16,5,10,281,51394.9,2009.0,Mixed
2016-10-07 17:00:00,Fox_lodging_Helen,442.42,35.0,6.0,2.2,1007.2,0.0,17,5,10,281,51394.9,2009.0,Mixed
2016-10-07 18:00:00,Fox_lodging_Helen,432.68,33.9,3.0,2.2,1007.3,3.1,18,5,10,281,51394.9,2009.0,Mixed
2016-10-07 19:00:00,Fox_lodging_Helen,444.73,33.3,0.0,2.8,1007.3,2.6,19,5,10,281,51394.9,2009.0,Mixed
2016-10-07 20:00:00,Fox_lodging_Helen,436.67,29.4,0.0,6.7,1007.8,3.1,20,5,10,281,51394.9,2009.0,Mixed
2016-10-07 21:00:00,Fox_lodging_Helen,451.23,27.8,0.0,7.2,1007.8,2.1,21,5,10,281,51394.9,2009.0,Mixed
2016-10-07 22:00:00,Fox_lodging_Helen,444.4,27.2,2.0,6.7,1008.0,1.5,22,5,10,281,51394.9,2009.0,Mixed
2016-10-07 23:00:00,Fox_lodging_Helen,411.57,27.2,2.0,6.1,1008.4,0.0,23,5,10,281,51394.9,2009.0,Mixed
2016-10-08 00:00:00,Fox_lodging_Helen,397.7,26.7,2.0,7.8,1008.7,2.6,0,6,10,282,51394.9,2009.0,Mixed
2016-10-08 01:00:00,Fox_lodging_Helen,389.53,26.7,2.0,5.6,1008.9,3.1,1,6,10,282,51394.9,2009.0,Mixed
2016-10-08 02:00:00,Fox_lodging_Helen,367.22,27.8,2.0,4.4,1008.7,4.6,2,6,10,282,51394.9,2009.0,Mixed
2016-10-08 03:00:00,Fox_lodging_Helen,338.37,26.1,2.0,5.6,1009.1,2.1,3,6,10,282,51394.9,2009.0,Mixed
2016-10-08 04:00:00,Fox_lodging_Helen,329.7,26.1,4.0,4.4,1009.6,1.5,4,6,10,282,51394.9,2009.0,Mixed
2016-10-08 05:00:00,Fox_lodging_Helen,328.2,25.0,6.0,6.7,1010.0,1.5,5,6,10,282,51394.9,2009.0,Mixed
2016-10-08 06:00:00,Fox_lodging_Helen,334.73,25.6,5.6,7.8,1010.3,1.5,6,6,10,282,51394.9,2009.0,Mixed
2016-10-08 07:00:00,Fox_lodging_Helen,323.97,26.1,5.2,9.4,1010.8,1.5,7,6,10,282,51394.9,2009.0,Mixed
2016-10-08 08:00:00,Fox_lodging_Helen,315.35,27.2,4.8,11.1,1011.4,4.1,8,6,10,282,51394.9,2009.0,Mixed
2016-10-08 09:00:00,Fox_lodging_Helen,315.13,28.9,4.8,11.7,1011.8,3.6,9,6,10,282,51394.9,2009.0,Mixed
2016-10-08 10:00:00,Fox_lodging_Helen,301.27,30.6,4.0,11.1,1011.5,4.6,10,6,10,282,51394.9,2009.0,Mixed
2016-10-08 11:00:00,Fox_lodging_Helen,333.82,32.2,4.0,11.1,1011.0,4.6,11,6,10,282,51394.9,2009.0,Mixed
2016-10-08 12:00:00,Fox_lodging_Helen,321.4,33.3,4.0,11.1,1010.2,4.1,12,6,10,282,51394.9,2009.0,Mixed
2016-10-08 13:00:00,Fox_lodging_Helen,336.4,35.0,4.0,10.6,1009.4,5.1,13,6,10,282,51394.9,2009.0,Mixed
2016-10-08 14:00:00,Fox_lodging_Helen,375.9,35.0,4.0,10.0,1008.7,0.0,14,6,10,282,51394.9,2009.0,Mixed
2016-10-08 15:00:00,Fox_lodging_Helen,386.32,34.4,4.0,9.4,1008.6,1.5,15,6,10,282,51394.9,2009.0,Mixed
2016-10-08 16:00:00,Fox_lodging_Helen,407.03,35.6,4.0,8.9,1008.1,1.5,16,6,10,282,51394.9,2009.0,Mixed
2016-10-08 17:00:00,Fox_lodging_Helen,445.73,35.0,4.0,7.2,1008.1,2.6,17,6,10,282,51394.9,2009.0,Mixed
2016-10-08 18:00:00,Fox_lodging_Helen,415.35,34.4,4.0,7.8,1008.1,3.1,18,6,10,282,51394.9,2009.0,Mixed
2016-10-08 19:00:00,Fox_lodging_Helen,410.45,32.8,4.0,10.0,1008.9,5.7,19,6,10,282,51394.9,2009.0,Mixed
2016-10-08 20:00:00,Fox_lodging_Helen,414.43,32.2,0.0,9.4,1009.1,3.1,20,6,10,282,51394.9,2009.0,Mixed
2016-10-08 21:00:00,Fox_lodging_Helen,406.58,30.0,4.0,9.4,1010.0,3.6,21,6,10,282,51394.9,2009.0,Mixed
2016-10-08 22:00:00,Fox_lodging_Helen,402.43,29.4,4.0,10.0,1010.6,4.6,22,6,10,282,51394.9,2009.0,Mixed
2016-10-08 23:00:00,Fox_lodging_Helen,380.3,28.3,2.0,10.6,1011.0,4.6,23,6,10,282,51394.9,2009.0,Mixed
2016-10-09 00:00:00,Fox_lodging_Helen,403.57,27.2,0.0,11.7,1011.0,5.7,0,7,10,283,51394.9,2009.0,Mixed
2016-10-09 01:00:00,Fox_lodging_Helen,388.08,26.7,0.0,11.1,1011.3,4.1,1,7,10,283,51394.9,2009.0,Mixed
2016-10-09 02:00:00,Fox_lodging_Helen,353.83,25.6,0.0,11.1,1012.1,2.6,2,7,10,283,51394.9,2009.0,Mixed
2016-10-09 03:00:00,Fox_lodging_Helen,347.05,25.0,0.0,10.6,1011.9,2.1,3,7,10,283,51394.9,2009.0,Mixed
2016-10-09 04:00:00,Fox_lodging_Helen,344.08,24.4,0.0,10.0,1011.7,2.6,4,7,10,283,51394.9,2009.0,Mixed
2016-10-09 05:00:00,Fox_lodging_Helen,333.22,24.4,0.0,10.0,1012.0,2.1,5,7,10,283,51394.9,2009.0,Mixed
2016-10-09 06:00:00,Fox_lodging_Helen,334.83,25.6,2.0,9.4,1012.6,5.1,6,7,10,283,51394.9,2009.0,Mixed
2016-10-09 07:00:00,Fox_lodging_Helen,325.45,25.6,2.0,9.4,1013.4,5.1,7,7,10,283,51394.9,2009.0,Mixed
2016-10-09 08:00:00,Fox_lodging_Helen,308.68,26.7,2.0,9.4,1014.0,6.2,8,7,10,283,51394.9,2009.0,Mixed
2016-10-09 09:00:00,Fox_lodging_Helen,295.93,28.3,0.0,10.0,1014.3,5.1,9,7,10,283,51394.9,2009.0,Mixed
2016-10-09 10:00:00,Fox_lodging_Helen,305.47,29.4,0.0,10.6,1014.5,4.6,10,7,10,283,51394.9,2009.0,Mixed
2016-10-09 11:00:00,Fox_lodging_Helen,298.5,31.1,2.0,11.7,1013.9,4.1,11,7,10,283,51394.9,2009.0,Mixed
2016-10-09 12:00:00,Fox_lodging_Helen,312.78,32.8,2.0,12.2,1013.4,3.1,12,7,10,283,51394.9,2009.0,Mixed
2016-10-09 13:00:00,Fox_lodging_Helen,320.9,33.9,2.0,12.2,1012.5,1.5,13,7,10,283,51394.9,2009.0,Mixed
2016-10-09 14:00:00,Fox_lodging_Helen,348.65,33.9,2.0,11.7,1011.6,0.0,14,7,10,283,51394.9,2009.0,Mixed
2016-10-09 15:00:00,Fox_lodging_Helen,376.52,34.4,2.0,11.1,1010.8,0.0,15,7,10,283,51394.9,2009.0,Mixed
2016-10-09 16:00:00,Fox_lodging_Helen,416.32,35.0,2.0,10.6,1010.4,1.5,16,7,10,283,51394.9,2009.0,Mixed
2016-10-09 17:00:00,Fox_lodging_Helen,435.87,35.0,2.0,10.0,1010.3,0.0,17,7,10,283,51394.9,2009.0,Mixed
2016-10-09 18:00:00,Fox_lodging_Helen,418.93,33.9,2.0,10.6,1010.3,1.5,18,7,10,283,51394.9,2009.0,Mixed
2016-10-09 19:00:00,Fox_lodging_Helen,442.7,32.8,4.0,11.1,1010.6,0.0,19,7,10,283,51394.9,2009.0,Mixed
2016-10-09 20:00:00,Fox_lodging_Helen,434.83,32.8,2.0,10.0,1010.8,1.5,20,7,10,283,51394.9,2009.0,Mixed
2016-10-09 21:00:00,Fox_lodging_Helen,464.32,30.0,2.0,12.2,1011.3,0.0,21,7,10,283,51394.9,2009.0,Mixed
2016-10-09 22:00:00,Fox_lodging_Helen,409.43,28.9,4.0,12.2,1011.5,1.5,22,7,10,283,51394.9,2009.0,Mixed
2016-10-09 23:00:00,Fox_lodging_Helen,392.28,28.3,6.0,12.8,1011.5,1.5,23,7,10,283,51394.9,2009.0,Mixed
2016-10-10 00:00:00,Fox_lodging_Helen,387.28,26.7,4.0,12.2,1011.4,2.6,0,1,10,284,51394.9,2009.0,Mixed
2016-10-10 01:00:00,Fox_lodging_Helen,383.62,26.1,2.0,12.2,1011.5,3.6,1,1,10,284,51394.9,2009.0,Mixed
2016-10-10 02:00:00,Fox_lodging_Helen,353.3,25.6,0.0,10.0,1011.7,3.6,2,1,10,284,51394.9,2009.0,Mixed
2016-10-10 03:00:00,Fox_lodging_Helen,332.8,24.4,0.0,10.0,1011.7,2.1,3,1,10,284,51394.9,2009.0,Mixed
2016-10-10 04:00:00,Fox_lodging_Helen,329.28,24.4,0.0,10.0,1011.6,3.6,4,1,10,284,51394.9,2009.0,Mixed
2016-10-10 05:00:00,Fox_lodging_Helen,330.7,23.3,0.0,11.1,1012.2,4.1,5,1,10,284,51394.9,2009.0,Mixed
2016-10-10 06:00:00,Fox_lodging_Helen,336.35,22.8,2.0,11.1,1012.8,3.1,6,1,10,284,51394.9,2009.0,Mixed
2016-10-10 07:00:00,Fox_lodging_Helen,325.23,23.3,2.0,11.7,1013.1,1.5,7,1,10,284,51394.9,2009.0,Mixed
2016-10-10 08:00:00,Fox_lodging_Helen,302.52,24.4,2.0,11.1,1013.7,3.1,8,1,10,284,51394.9,2009.0,Mixed
2016-10-10 09:00:00,Fox_lodging_Helen,295.22,26.7,2.0,11.1,1014.2,3.6,9,1,10,284,51394.9,2009.0,Mixed
2016-10-10 10:00:00,Fox_lodging_Helen,308.38,28.9,2.0,7.2,1014.5,3.1,10,1,10,284,51394.9,2009.0,Mixed
2016-10-10 11:00:00,Fox_lodging_Helen,309.52,31.1,2.0,7.2,1014.1,3.1,11,1,10,284,51394.9,2009.0,Mixed
2016-10-10 12:00:00,Fox_lodging_Helen,326.47,32.8,2.0,7.2,1013.6,1.5,12,1,10,284,51394.9,2009.0,Mixed
2016-10-10 13:00:00,Fox_lodging_Helen,342.18,33.3,2.0,7.2,1012.6,1.5,13,1,10,284,51394.9,2009.0,Mixed
2016-10-10 14:00:00,Fox_lodging_Helen,359.23,35.0,2.0,6.7,1011.7,2.1,14,1,10,284,51394.9,2009.0,Mixed
2016-10-10 15:00:00,Fox_lodging_Helen,391.63,34.4,4.0,5.0,1011.2,1.5,15,1,10,284,51394.9,2009.0,Mixed
2016-10-10 16:00:00,Fox_lodging_Helen,424.95,35.0,4.0,5.0,1010.8,2.6,16,1,10,284,51394.9,2009.0,Mixed
2016-10-10 17:00:00,Fox_lodging_Helen,422.65,34.4,6.0,4.4,1010.6,1.5,17,1,10,284,51394.9,2009.0,Mixed
2016-10-10 18:00:00,Fox_lodging_Helen,439.57,33.3,5.333333333333333,3.9,1010.6,2.6,18,1,10,284,51394.9,2009.0,Mixed
2016-10-10 19:00:00,Fox_lodging_Helen,434.28,32.8,4.666666666666667,5.0,1010.8,3.1,19,1,10,284,51394.9,2009.0,Mixed
2016-10-10 20:00:00,Fox_lodging_Helen,446.27,32.2,4.0,5.0,1011.2,3.1,20,1,10,284,51394.9,2009.0,Mixed
2016-10-10 21:00:00,Fox_lodging_Helen,463.08,31.1,4.0,5.0,1011.5,2.1,21,1,10,284,51394.9,2009.0,Mixed
2016-10-10 22:00:00,Fox_lodging_Helen,446.08,28.9,2.0,7.2,1011.6,0.0,22,1,10,284,51394.9,2009.0,Mixed
2016-10-10 23:00:00,Fox_lodging_Helen,409.13,26.7,2.0,7.8,1011.6,3.1,23,1,10,284,51394.9,2009.0,Mixed
2016-10-11 00:00:00,Fox_lodging_Helen,403.8,26.1,0.0,7.8,1011.7,0.0,0,2,10,285,51394.9,2009.0,Mixed
2016-10-11 01:00:00,Fox_lodging_Helen,384.43,25.6,0.0,6.7,1012.0,0.0,1,2,10,285,51394.9,2009.0,Mixed
2016-10-11 02:00:00,Fox_lodging_Helen,363.97,23.9,0.0,7.8,1011.8,2.6,2,2,10,285,51394.9,2009.0,Mixed
2016-10-11 03:00:00,Fox_lodging_Helen,348.35,23.3,0.0,5.6,1011.7,3.1,3,2,10,285,51394.9,2009.0,Mixed
2016-10-11 04:00:00,Fox_lodging_Helen,326.83,22.8,0.0,5.6,1011.7,4.1,4,2,10,285,51394.9,2009.0,Mixed
2016-10-11 05:00:00,Fox_lodging_Helen,335.67,22.2,0.0,6.1,1012.1,2.1,5,2,10,285,51394.9,2009.0,Mixed
2016-10-11 06:00:00,Fox_lodging_Helen,333.28,21.1,0.0,6.7,1012.4,3.1,6,2,10,285,51394.9,2009.0,Mixed
2016-10-11 07:00:00,Fox_lodging_Helen,328.55,21.1,0.0,6.1,1013.0,3.6,7,2,10,285,51394.9,2009.0,Mixed
2016-10-11 08:00:00,Fox_lodging_Helen,306.0,22.8,0.0,6.1,1013.4,4.6,8,2,10,285,51394.9,2009.0,Mixed
2016-10-11 09:00:00,Fox_lodging_Helen,304.1,25.6,0.0,6.7,1013.9,3.6,9,2,10,285,51394.9,2009.0,Mixed
2016-10-11 10:00:00,Fox_lodging_Helen,307.8,28.3,0.0,6.1,1014.1,2.1,10,2,10,285,51394.9,2009.0,Mixed
2016-10-11 11:00:00,Fox_lodging_Helen,344.47,30.0,0.0,6.1,1013.9,4.1,11,2,10,285,51394.9,2009.0,Mixed
2016-10-11 12:00:00,Fox_lodging_Helen,361.55,32.8,0.0,6.7,1013.3,3.1,12,2,10,285,51394.9,2009.0,Mixed
2016-10-11 13:00:00,Fox_lodging_Helen,384.3,34.4,0.0,6.1,1012.0,3.1,13,2,10,285,51394.9,2009.0,Mixed
2016-10-11 14:00:00,Fox_lodging_Helen,421.13,34.4,0.0,4.4,1010.9,1.5,14,2,10,285,51394.9,2009.0,Mixed
2016-10-11 15:00:00,Fox_lodging_Helen,450.17,34.4,0.0,4.4,1010.2,4.1,15,2,10,285,51394.9,2009.0,Mixed
2016-10-11 16:00:00,Fox_lodging_Helen,458.97,35.0,0.0,4.4,1009.9,3.6,16,2,10,285,51394.9,2009.0,Mixed
2016-10-11 17:00:00,Fox_lodging_Helen,490.73,34.4,0.0,2.8,1009.6,3.1,17,2,10,285,51394.9,2009.0,Mixed
2016-10-11 18:00:00,Fox_lodging_Helen,485.42,33.3,0.0,2.2,1009.6,3.1,18,2,10,285,51394.9,2009.0,Mixed
2016-10-11 19:00:00,Fox_lodging_Helen,517.42,32.8,0.0,2.2,1010.0,3.6,19,2,10,285,51394.9,2009.0,Mixed
2016-10-11 20:00:00,Fox_lodging_Helen,533.1,31.7,0.0,1.7,1010.4,2.1,20,2,10,285,51394.9,2009.0,Mixed
2016-10-11 21:00:00,Fox_lodging_Helen,531.92,28.3,0.0,3.3,1010.8,1.5,21,2,10,285,51394.9,2009.0,Mixed
2016-10-11 22:00:00,Fox_lodging_Helen,540.62,27.2,0.0,3.9,1011.1,0.0,22,2,10,285,51394.9,2009.0,Mixed
2016-10-11 23:00:00,Fox_lodging_Helen,468.3,26.1,0.0,7.2,1011.2,2.1,23,2,10,285,51394.9,2009.0,Mixed
2016-10-12 00:00:00,Fox_lodging_Helen,425.45,25.0,0.0,5.6,1011.3,2.1,0,3,10,286,51394.9,2009.0,Mixed
2016-10-12 01:00:00,Fox_lodging_Helen,386.32,23.9,0.0,5.6,1011.5,4.1,1,3,10,286,51394.9,2009.0,Mixed
2016-10-12 02:00:00,Fox_lodging_Helen,351.05,23.3,0.0,4.4,1011.8,4.1,2,3,10,286,51394.9,2009.0,Mixed
2016-10-12 03:00:00,Fox_lodging_Helen,343.45,21.7,0.0,6.1,1011.6,2.6,3,3,10,286,51394.9,2009.0,Mixed
2016-10-12 04:00:00,Fox_lodging_Helen,324.77,21.1,0.0,5.6,1011.6,2.6,4,3,10,286,51394.9,2009.0,Mixed
2016-10-12 05:00:00,Fox_lodging_Helen,322.73,20.0,0.0,5.0,1012.2,3.1,5,3,10,286,51394.9,2009.0,Mixed
2016-10-12 06:00:00,Fox_lodging_Helen,329.37,20.0,0.0,4.4,1012.5,3.1,6,3,10,286,51394.9,2009.0,Mixed
2016-10-12 07:00:00,Fox_lodging_Helen,343.33,20.0,0.0,3.3,1013.1,2.6,7,3,10,286,51394.9,2009.0,Mixed
2016-10-12 08:00:00,Fox_lodging_Helen,356.78,22.2,0.0,3.9,1013.7,3.1,8,3,10,286,51394.9,2009.0,Mixed
2016-10-12 09:00:00,Fox_lodging_Helen,346.1,24.4,2.0,2.2,1014.2,3.6,9,3,10,286,51394.9,2009.0,Mixed
2016-10-12 10:00:00,Fox_lodging_Helen,367.72,26.7,4.0,1.7,1014.2,1.5,10,3,10,286,51394.9,2009.0,Mixed
2016-10-12 11:00:00,Fox_lodging_Helen,391.97,28.9,6.0,0.6,1013.6,2.6,11,3,10,286,51394.9,2009.0,Mixed
2016-10-12 12:00:00,Fox_lodging_Helen,418.83,30.0,5.6,-0.6,1012.9,2.6,12,3,10,286,51394.9,2009.0,Mixed
2016-10-12 13:00:00,Fox_lodging_Helen,434.4,30.6,5.2,-1.1,1012.1,2.1,13,3,10,286,51394.9,2009.0,Mixed
2016-10-12 14:00:00,Fox_lodging_Helen,388.18,31.1,4.8,-2.2,1010.9,1.5,14,3,10,286,51394.9,2009.0,Mixed
2016-10-12 15:00:00,Fox_lodging_Helen,414.87,33.3,4.8,-3.9,1010.4,3.1,15,3,10,286,51394.9,2009.0,Mixed
2016-10-12 16:00:00,Fox_lodging_Helen,424.53,32.8,4.0,-6.1,1010.0,1.5,16,3,10,286,51394.9,2009.0,Mixed
2016-10-12 17:00:00,Fox_lodging_Helen,443.48,32.8,2.0,-3.3,1009.6,2.1,17,3,10,286,51394.9,2009.0,Mixed
2016-10-12 18:00:00,Fox_lodging_Helen,484.65,31.1,2.0,-3.3,1009.7,2.1,18,3,10,286,51394.9,2009.0,Mixed
2016-10-12 19:00:00,Fox_lodging_Helen,496.65,31.1,0.0,-2.8,1010.1,3.1,19,3,10,286,51394.9,2009.0,Mixed
2016-10-12 20:00:00,Fox_lodging_Helen,508.87,27.8,0.0,-0.6,1010.5,1.5,20,3,10,286,51394.9,2009.0,Mixed
2016-10-12 21:00:00,Fox_lodging_Helen,521.97,28.9,0.0,-0.6,1010.5,1.5,21,3,10,286,51394.9,2009.0,Mixed
2016-10-12 22:00:00,Fox_lodging_Helen,511.33,24.4,0.0,1.7,1010.9,0.0,22,3,10,286,51394.9,2009.0,Mixed
2016-10-12 23:00:00,Fox_lodging_Helen,463.82,23.9,0.0,1.1,1011.3,3.1,23,3,10,286,51394.9,2009.0,Mixed
2016-10-13 00:00:00,Fox_lodging_Helen,463.92,23.3,0.0,0.0,1011.0,2.6,0,4,10,287,51394.9,2009.0,Mixed
2016-10-13 01:00:00,Fox_lodging_Helen,406.85,22.8,0.0,0.0,1011.1,3.6,1,4,10,287,51394.9,2009.0,Mixed
2016-10-13 02:00:00,Fox_lodging_Helen,378.38,21.1,0.0,1.1,1011.5,2.6,2,4,10,287,51394.9,2009.0,Mixed
2016-10-13 03:00:00,Fox_lodging_Helen,342.65,21.1,0.0,1.7,1011.4,3.6,3,4,10,287,51394.9,2009.0,Mixed
2016-10-13 04:00:00,Fox_lodging_Helen,325.75,20.6,0.0,0.6,1011.4,4.6,4,4,10,287,51394.9,2009.0,Mixed
2016-10-13 05:00:00,Fox_lodging_Helen,322.72,19.4,0.0,0.6,1011.8,2.6,5,4,10,287,51394.9,2009.0,Mixed
2016-10-13 06:00:00,Fox_lodging_Helen,326.57,19.4,2.0,0.6,1012.5,3.1,6,4,10,287,51394.9,2009.0,Mixed
2016-10-13 07:00:00,Fox_lodging_Helen,342.48,19.4,2.0,0.0,1013.3,3.1,7,4,10,287,51394.9,2009.0,Mixed
2016-10-13 08:00:00,Fox_lodging_Helen,354.73,21.1,2.0,0.0,1014.1,3.6,8,4,10,287,51394.9,2009.0,Mixed
2016-10-13 09:00:00,Fox_lodging_Helen,336.25,23.9,2.0,1.1,1014.5,3.6,9,4,10,287,51394.9,2009.0,Mixed
2016-10-13 10:00:00,Fox_lodging_Helen,337.07,26.7,2.0,0.0,1014.6,4.1,10,4,10,287,51394.9,2009.0,Mixed
2016-10-13 11:00:00,Fox_lodging_Helen,335.18,28.3,0.0,-0.6,1014.1,4.1,11,4,10,287,51394.9,2009.0,Mixed
2016-10-13 12:00:00,Fox_lodging_Helen,365.18,30.0,0.0,-0.6,1013.5,0.0,12,4,10,287,51394.9,2009.0,Mixed
2016-10-13 13:00:00,Fox_lodging_Helen,394.5,31.7,0.0,1.1,1012.5,0.0,13,4,10,287,51394.9,2009.0,Mixed
2016-10-13 14:00:00,Fox_lodging_Helen,387.42,33.3,0.0,1.7,1011.4,1.5,14,4,10,287,51394.9,2009.0,Mixed
2016-10-13 15:00:00,Fox_lodging_Helen,412.07,33.3,0.0,0.0,1010.8,1.5,15,4,10,287,51394.9,2009.0,Mixed
2016-10-13 16:00:00,Fox_lodging_Helen,441.67,33.9,0.0,-0.6,1010.3,2.1,16,4,10,287,51394.9,2009.0,Mixed
2016-10-13 17:00:00,Fox_lodging_Helen,479.48,33.3,2.0,-2.2,1010.3,1.5,17,4,10,287,51394.9,2009.0,Mixed
2016-10-13 18:00:00,Fox_lodging_Helen,474.95,32.2,4.0,-2.2,1010.4,2.6,18,4,10,287,51394.9,2009.0,Mixed
2016-10-13 19:00:00,Fox_lodging_Helen,496.93,30.6,4.0,-1.1,1010.8,0.0,19,4,10,287,51394.9,2009.0,Mixed
2016-10-13 20:00:00,Fox_lodging_Helen,523.65,28.9,2.0,1.7,1011.2,0.0,20,4,10,287,51394.9,2009.0,Mixed
2016-10-13 21:00:00,Fox_lodging_Helen,522.0,27.8,2.0,2.2,1011.4,0.0,21,4,10,287,51394.9,2009.0,Mixed
2016-10-13 22:00:00,Fox_lodging_Helen,528.58,26.1,2.0,2.8,1011.9,0.0,22,4,10,287,51394.9,2009.0,Mixed
2016-10-13 23:00:00,Fox_lodging_Helen,477.35,24.4,2.0,3.9,1012.0,2.1,23,4,10,287,51394.9,2009.0,Mixed
2016-10-14 00:00:00,Fox_lodging_Helen,443.77,22.8,2.0,3.3,1011.9,2.1,0,5,10,288,51394.9,2009.0,Mixed
2016-10-14 01:00:00,Fox_lodging_Helen,393.63,22.8,0.0,2.2,1011.8,2.1,1,5,10,288,51394.9,2009.0,Mixed
2016-10-14 02:00:00,Fox_lodging_Helen,364.8,21.7,0.0,2.2,1012.1,3.1,2,5,10,288,51394.9,2009.0,Mixed
2016-10-14 03:00:00,Fox_lodging_Helen,360.4,21.7,0.0,2.8,1011.7,3.1,3,5,10,288,51394.9,2009.0,Mixed
2016-10-14 04:00:00,Fox_lodging_Helen,329.1,21.7,2.0,0.0,1011.8,4.1,4,5,10,288,51394.9,2009.0,Mixed
2016-10-14 05:00:00,Fox_lodging_Helen,329.93,21.1,2.0,0.6,1012.3,3.6,5,5,10,288,51394.9,2009.0,Mixed
2016-10-14 06:00:00,Fox_lodging_Helen,327.68,20.6,0.0,0.6,1012.5,2.1,6,5,10,288,51394.9,2009.0,Mixed
2016-10-14 07:00:00,Fox_lodging_Helen,333.5,20.0,2.0,1.7,1013.1,2.6,7,5,10,288,51394.9,2009.0,Mixed
2016-10-14 08:00:00,Fox_lodging_Helen,329.52,21.7,2.0,1.1,1013.7,3.1,8,5,10,288,51394.9,2009.0,Mixed
2016-10-14 09:00:00,Fox_lodging_Helen,337.63,25.0,2.0,0.6,1013.9,2.6,9,5,10,288,51394.9,2009.0,Mixed
2016-10-14 10:00:00,Fox_lodging_Helen,347.63,27.2,2.0,1.7,1013.8,3.1,10,5,10,288,51394.9,2009.0,Mixed
2016-10-14 11:00:00,Fox_lodging_Helen,381.22,29.4,2.0,1.1,1013.2,2.1,11,5,10,288,51394.9,2009.0,Mixed
2016-10-14 12:00:00,Fox_lodging_Helen,377.35,31.7,2.0,1.1,1012.5,0.0,12,5,10,288,51394.9,2009.0,Mixed
2016-10-14 13:00:00,Fox_lodging_Helen,392.05,32.8,2.0,0.6,1011.2,0.0,13,5,10,288,51394.9,2009.0,Mixed
2016-10-14 14:00:00,Fox_lodging_Helen,408.08,33.9,2.0,-0.6,1010.1,0.0,14,5,10,288,51394.9,2009.0,Mixed
2016-10-14 15:00:00,Fox_lodging_Helen,427.2,35.0,2.0,-0.6,1009.3,3.1,15,5,10,288,51394.9,2009.0,Mixed
2016-10-14 16:00:00,Fox_lodging_Helen,483.23,35.0,2.0,-1.1,1008.7,2.6,16,5,10,288,51394.9,2009.0,Mixed
2016-10-14 17:00:00,Fox_lodging_Helen,484.18,34.4,2.0,-2.2,1008.5,0.0,17,5,10,288,51394.9,2009.0,Mixed
2016-10-14 18:00:00,Fox_lodging_Helen,477.0,33.3,2.0,-1.7,1008.3,0.0,18,5,10,288,51394.9,2009.0,Mixed
2016-10-14 19:00:00,Fox_lodging_Helen,493.73,30.6,0.0,0.6,1008.7,0.0,19,5,10,288,51394.9,2009.0,Mixed
2016-10-14 20:00:00,Fox_lodging_Helen,489.02,29.4,0.0,1.7,1009.1,0.0,20,5,10,288,51394.9,2009.0,Mixed
2016-10-14 21:00:00,Fox_lodging_Helen,482.57,26.7,2.0,2.2,1009.3,0.0,21,5,10,288,51394.9,2009.0,Mixed
2016-10-14 22:00:00,Fox_lodging_Helen,493.1,27.2,2.0,1.1,1009.5,0.0,22,5,10,288,51394.9,2009.0,Mixed
2016-10-14 23:00:00,Fox_lodging_Helen,483.7,23.9,0.0,4.4,1009.9,2.1,23,5,10,288,51394.9,2009.0,Mixed
2016-10-15 00:00:00,Fox_lodging_Helen,433.13,23.9,0.0,5.6,1010.0,1.5,0,6,10,289,51394.9,2009.0,Mixed
2016-10-15 01:00:00,Fox_lodging_Helen,400.47,23.3,0.0,3.9,1010.2,2.6,1,6,10,289,51394.9,2009.0,Mixed
2016-10-15 02:00:00,Fox_lodging_Helen,374.88,22.8,0.0,3.3,1010.4,3.1,2,6,10,289,51394.9,2009.0,Mixed
2016-10-15 03:00:00,Fox_lodging_Helen,356.28,21.7,0.0,1.7,1010.2,4.1,3,6,10,289,51394.9,2009.0,Mixed
2016-10-15 04:00:00,Fox_lodging_Helen,347.47,20.6,0.0,1.1,1010.2,3.1,4,6,10,289,51394.9,2009.0,Mixed
2016-10-15 05:00:00,Fox_lodging_Helen,336.6,20.0,0.0,0.6,1010.5,3.6,5,6,10,289,51394.9,2009.0,Mixed
2016-10-15 06:00:00,Fox_lodging_Helen,340.2,19.4,0.0,0.0,1010.8,4.6,6,6,10,289,51394.9,2009.0,Mixed
2016-10-15 07:00:00,Fox_lodging_Helen,327.9,19.4,2.0,0.0,1011.3,4.1,7,6,10,289,51394.9,2009.0,Mixed
2016-10-15 08:00:00,Fox_lodging_Helen,316.3,21.1,2.0,1.1,1012.1,2.6,8,6,10,289,51394.9,2009.0,Mixed
2016-10-15 09:00:00,Fox_lodging_Helen,331.6,23.9,2.0,1.7,1012.7,2.6,9,6,10,289,51394.9,2009.0,Mixed
2016-10-15 10:00:00,Fox_lodging_Helen,333.65,26.1,0.0,2.8,1013.0,1.5,10,6,10,289,51394.9,2009.0,Mixed
2016-10-15 11:00:00,Fox_lodging_Helen,360.6,29.4,0.0,2.8,1012.6,3.1,11,6,10,289,51394.9,2009.0,Mixed
2016-10-15 12:00:00,Fox_lodging_Helen,373.1,31.1,0.0,3.3,1011.7,0.0,12,6,10,289,51394.9,2009.0,Mixed
2016-10-15 13:00:00,Fox_lodging_Helen,402.85,33.3,2.0,3.3,1010.6,2.1,13,6,10,289,51394.9,2009.0,Mixed
2016-10-15 14:00:00,Fox_lodging_Helen,417.25,33.3,2.0,1.7,1009.5,0.0,14,6,10,289,51394.9,2009.0,Mixed
2016-10-15 15:00:00,Fox_lodging_Helen,428.65,33.3,2.0,1.1,1009.0,2.1,15,6,10,289,51394.9,2009.0,Mixed
2016-10-15 16:00:00,Fox_lodging_Helen,466.93,33.9,2.0,1.1,1008.5,1.5,16,6,10,289,51394.9,2009.0,Mixed
2016-10-15 17:00:00,Fox_lodging_Helen,493.77,33.9,2.0,1.1,1008.2,1.5,17,6,10,289,51394.9,2009.0,Mixed
2016-10-15 18:00:00,Fox_lodging_Helen,477.67,32.8,2.0,1.1,1008.3,2.1,18,6,10,289,51394.9,2009.0,Mixed
2016-10-15 19:00:00,Fox_lodging_Helen,462.25,32.2,0.0,1.1,1008.4,1.5,19,6,10,289,51394.9,2009.0,Mixed
2016-10-15 20:00:00,Fox_lodging_Helen,492.93,31.1,2.0,1.7,1008.8,0.0,20,6,10,289,51394.9,2009.0,Mixed
2016-10-15 21:00:00,Fox_lodging_Helen,120.52,29.4,0.0,2.8,1009.6,2.6,21,6,10,289,51394.9,2009.0,Mixed
2016-10-15 22:00:00,Fox_lodging_Helen,452.52,26.1,0.0,3.9,1009.8,0.0,22,6,10,289,51394.9,2009.0,Mixed
2016-10-15 23:00:00,Fox_lodging_Helen,437.05,25.6,0.0,3.9,1010.2,0.0,23,6,10,289,51394.9,2009.0,Mixed
2016-10-16 00:00:00,Fox_lodging_Helen,425.83,24.4,0.0,4.4,1010.9,0.0,0,7,10,290,51394.9,2009.0,Mixed
2016-10-16 01:00:00,Fox_lodging_Helen,397.52,23.3,0.0,5.6,1010.9,2.1,1,7,10,290,51394.9,2009.0,Mixed
2016-10-16 02:00:00,Fox_lodging_Helen,375.68,22.2,0.0,3.9,1010.8,3.1,2,7,10,290,51394.9,2009.0,Mixed
2016-10-16 03:00:00,Fox_lodging_Helen,354.4,21.7,0.0,2.8,1010.9,2.1,3,7,10,290,51394.9,2009.0,Mixed
2016-10-16 04:00:00,Fox_lodging_Helen,335.85,20.6,0.0,2.8,1010.6,5.7,4,7,10,290,51394.9,2009.0,Mixed
2016-10-16 05:00:00,Fox_lodging_Helen,331.45,20.0,0.0,1.7,1010.9,5.1,5,7,10,290,51394.9,2009.0,Mixed
2016-10-16 06:00:00,Fox_lodging_Helen,330.87,19.4,2.0,2.8,1011.2,5.1,6,7,10,290,51394.9,2009.0,Mixed
2016-10-16 07:00:00,Fox_lodging_Helen,331.15,19.4,2.0,3.3,1011.5,3.1,7,7,10,290,51394.9,2009.0,Mixed
2016-10-16 08:00:00,Fox_lodging_Helen,311.47,21.1,2.0,2.2,1012.1,4.1,8,7,10,290,51394.9,2009.0,Mixed
2016-10-16 09:00:00,Fox_lodging_Helen,315.67,24.4,4.0,3.3,1012.4,3.6,9,7,10,290,51394.9,2009.0,Mixed
2016-10-16 10:00:00,Fox_lodging_Helen,340.95,27.2,4.0,3.3,1012.7,2.6,10,7,10,290,51394.9,2009.0,Mixed
2016-10-16 11:00:00,Fox_lodging_Helen,355.38,28.9,4.0,3.3,1012.1,3.1,11,7,10,290,51394.9,2009.0,Mixed
2016-10-16 12:00:00,Fox_lodging_Helen,408.87,30.6,4.333333333333333,3.3,1011.6,3.1,12,7,10,290,51394.9,2009.0,Mixed
2016-10-16 13:00:00,Fox_lodging_Helen,438.23,31.7,4.666666666666667,3.3,1010.4,0.0,13,7,10,290,51394.9,2009.0,Mixed
2016-10-16 14:00:00,Fox_lodging_Helen,442.68,32.2,5.0,2.8,1009.2,1.5,14,7,10,290,51394.9,2009.0,Mixed
2016-10-16 15:00:00,Fox_lodging_Helen,460.25,32.2,5.0,2.8,1008.5,1.5,15,7,10,290,51394.9,2009.0,Mixed
2016-10-16 16:00:00,Fox_lodging_Helen,492.47,33.3,5.0,2.8,1008.2,0.0,16,7,10,290,51394.9,2009.0,Mixed
2016-10-16 17:00:00,Fox_lodging_Helen,486.88,32.2,6.0,2.2,1007.9,1.5,17,7,10,290,51394.9,2009.0,Mixed
2016-10-16 18:00:00,Fox_lodging_Helen,526.38,32.2,5.666666666666667,2.2,1008.1,4.6,18,7,10,290,51394.9,2009.0,Mixed
2016-10-16 19:00:00,Fox_lodging_Helen,525.97,31.1,5.333333333333333,2.8,1008.5,2.6,19,7,10,290,51394.9,2009.0,Mixed
2016-10-16 20:00:00,Fox_lodging_Helen,569.73,28.9,5.0,3.9,1008.7,0.0,20,7,10,290,51394.9,2009.0,Mixed
2016-10-16 21:00:00,Fox_lodging_Helen,571.95,29.4,5.0,3.9,1008.6,0.0,21,7,10,290,51394.9,2009.0,Mixed
2016-10-16 22:00:00,Fox_lodging_Helen,551.43,26.1,5.0,5.0,1008.9,0.0,22,7,10,290,51394.9,2009.0,Mixed
2016-10-16 23:00:00,Fox_lodging_Helen,481.03,25.0,4.0,6.7,1009.2,2.1,23,7,10,290,51394.9,2009.0,Mixed
2016-10-17 00:00:00,Fox_lodging_Helen,471.48,23.3,4.0,6.1,1009.1,2.1,0,1,10,291,51394.9,2009.0,Mixed
2016-10-17 01:00:00,Fox_lodging_Helen,421.57,22.8,4.0,6.1,1009.3,2.6,1,1,10,291,51394.9,2009.0,Mixed
2016-10-17 02:00:00,Fox_lodging_Helen,391.43,21.7,4.0,6.1,1009.1,3.1,2,1,10,291,51394.9,2009.0,Mixed
2016-10-17 03:00:00,Fox_lodging_Helen,343.65,21.7,4.666666666666667,5.0,1008.7,3.6,3,1,10,291,51394.9,2009.0,Mixed
2016-10-17 04:00:00,Fox_lodging_Helen,333.03,20.0,5.333333333333333,5.0,1008.6,3.1,4,1,10,291,51394.9,2009.0,Mixed
2016-10-17 05:00:00,Fox_lodging_Helen,340.15,20.0,6.0,5.0,1008.7,3.1,5,1,10,291,51394.9,2009.0,Mixed
2016-10-17 06:00:00,Fox_lodging_Helen,370.52,19.4,5.333333333333333,5.6,1009.0,2.6,6,1,10,291,51394.9,2009.0,Mixed
2016-10-17 07:00:00,Fox_lodging_Helen,381.72,19.4,4.666666666666667,4.4,1009.6,4.1,7,1,10,291,51394.9,2009.0,Mixed
2016-10-17 08:00:00,Fox_lodging_Helen,381.07,20.6,4.0,5.0,1009.6,4.1,8,1,10,291,51394.9,2009.0,Mixed
2016-10-17 09:00:00,Fox_lodging_Helen,363.87,23.9,2.0,6.1,1009.5,4.1,9,1,10,291,51394.9,2009.0,Mixed
2016-10-17 10:00:00,Fox_lodging_Helen,357.92,25.6,2.0,6.1,1010.4,2.6,10,1,10,291,51394.9,2009.0,Mixed
2016-10-17 11:00:00,Fox_lodging_Helen,350.67,28.3,2.0,6.7,1010.3,0.0,11,1,10,291,51394.9,2009.0,Mixed
2016-10-17 12:00:00,Fox_lodging_Helen,372.95,28.9,2.0,8.3,1009.7,2.1,12,1,10,291,51394.9,2009.0,Mixed
2016-10-17 13:00:00,Fox_lodging_Helen,380.98,30.0,2.0,6.7,1008.7,2.1,13,1,10,291,51394.9,2009.0,Mixed
2016-10-17 14:00:00,Fox_lodging_Helen,410.5,31.7,2.0,6.7,1007.5,3.6,14,1,10,291,51394.9,2009.0,Mixed
2016-10-17 15:00:00,Fox_lodging_Helen,446.8,32.2,2.0,6.7,1006.7,2.6,15,1,10,291,51394.9,2009.0,Mixed
2016-10-17 16:00:00,Fox_lodging_Helen,459.05,32.2,2.0,6.7,1006.4,0.0,16,1,10,291,51394.9,2009.0,Mixed
2016-10-17 17:00:00,Fox_lodging_Helen,470.2,31.7,2.0,5.6,1006.1,4.1,17,1,10,291,51394.9,2009.0,Mixed
2016-10-17 18:00:00,Fox_lodging_Helen,497.65,30.6,0.0,3.9,1006.2,5.7,18,1,10,291,51394.9,2009.0,Mixed
2016-10-17 19:00:00,Fox_lodging_Helen,504.12,28.9,0.0,5.6,1006.7,3.1,19,1,10,291,51394.9,2009.0,Mixed
2016-10-17 20:00:00,Fox_lodging_Helen,519.4,28.3,0.0,6.1,1007.0,3.6,20,1,10,291,51394.9,2009.0,Mixed
2016-10-17 21:00:00,Fox_lodging_Helen,546.47,27.8,0.0,6.7,1007.3,3.1,21,1,10,291,51394.9,2009.0,Mixed
2016-10-17 22:00:00,Fox_lodging_Helen,542.7,25.6,0.0,6.7,1007.9,1.5,22,1,10,291,51394.9,2009.0,Mixed
2016-10-17 23:00:00,Fox_lodging_Helen,500.67,26.1,0.0,7.2,1007.9,1.5,23,1,10,291,51394.9,2009.0,Mixed
2016-10-18 00:00:00,Fox_lodging_Helen,446.27,24.4,0.0,7.8,1008.1,0.0,0,2,10,292,51394.9,2009.0,Mixed
2016-10-18 01:00:00,Fox_lodging_Helen,391.52,22.8,0.0,7.8,1008.2,1.5,1,2,10,292,51394.9,2009.0,Mixed
2016-10-18 02:00:00,Fox_lodging_Helen,370.07,21.7,0.0,8.3,1008.5,2.6,2,2,10,292,51394.9,2009.0,Mixed
2016-10-18 03:00:00,Fox_lodging_Helen,348.03,21.7,0.0,7.8,1008.7,2.6,3,2,10,292,51394.9,2009.0,Mixed
2016-10-18 04:00:00,Fox_lodging_Helen,328.77,21.7,0.0,7.8,1008.6,4.1,4,2,10,292,51394.9,2009.0,Mixed
2016-10-18 05:00:00,Fox_lodging_Helen,330.08,20.0,0.0,6.7,1009.0,3.1,5,2,10,292,51394.9,2009.0,Mixed
2016-10-18 06:00:00,Fox_lodging_Helen,333.68,18.9,0.0,7.8,1009.7,2.6,6,2,10,292,51394.9,2009.0,Mixed
2016-10-18 07:00:00,Fox_lodging_Helen,347.07,18.9,2.0,6.1,1010.3,4.6,7,2,10,292,51394.9,2009.0,Mixed
2016-10-18 08:00:00,Fox_lodging_Helen,345.75,21.1,0.0,7.2,1010.9,3.1,8,2,10,292,51394.9,2009.0,Mixed
2016-10-18 09:00:00,Fox_lodging_Helen,346.13,23.3,0.0,6.7,1011.7,2.6,9,2,10,292,51394.9,2009.0,Mixed
2016-10-18 10:00:00,Fox_lodging_Helen,368.98,25.0,0.0,6.7,1011.7,2.1,10,2,10,292,51394.9,2009.0,Mixed
2016-10-18 11:00:00,Fox_lodging_Helen,372.27,27.2,0.0,7.2,1011.3,0.0,11,2,10,292,51394.9,2009.0,Mixed
2016-10-18 12:00:00,Fox_lodging_Helen,353.18,30.0,2.0,7.8,1010.4,2.6,12,2,10,292,51394.9,2009.0,Mixed
2016-10-18 13:00:00,Fox_lodging_Helen,371.1,30.6,2.0,6.7,1009.6,2.1,13,2,10,292,51394.9,2009.0,Mixed
2016-10-18 14:00:00,Fox_lodging_Helen,414.68,31.1,2.0,6.7,1008.8,3.6,14,2,10,292,51394.9,2009.0,Mixed
2016-10-18 15:00:00,Fox_lodging_Helen,458.23,32.2,2.0,6.7,1008.0,3.1,15,2,10,292,51394.9,2009.0,Mixed
2016-10-18 16:00:00,Fox_lodging_Helen,473.5,31.7,0.0,6.1,1007.6,2.6,16,2,10,292,51394.9,2009.0,Mixed
2016-10-18 17:00:00,Fox_lodging_Helen,483.25,32.2,0.0,6.7,1007.4,2.1,17,2,10,292,51394.9,2009.0,Mixed
2016-10-18 18:00:00,Fox_lodging_Helen,492.88,30.6,0.0,6.7,1007.7,4.1,18,2,10,292,51394.9,2009.0,Mixed
2016-10-18 19:00:00,Fox_lodging_Helen,521.08,29.4,0.0,7.8,1008.1,3.6,19,2,10,292,51394.9,2009.0,Mixed
2016-10-18 20:00:00,Fox_lodging_Helen,524.27,27.2,0.0,7.8,1008.4,0.0,20,2,10,292,51394.9,2009.0,Mixed
2016-10-18 21:00:00,Fox_lodging_Helen,537.53,26.7,0.0,7.8,1008.6,0.0,21,2,10,292,51394.9,2009.0,Mixed
2016-10-18 22:00:00,Fox_lodging_Helen,505.87,25.0,0.0,8.3,1009.1,0.0,22,2,10,292,51394.9,2009.0,Mixed
2016-10-18 23:00:00,Fox_lodging_Helen,463.33,24.4,0.0,8.3,1009.5,0.0,23,2,10,292,51394.9,2009.0,Mixed
2016-10-19 00:00:00,Fox_lodging_Helen,436.37,23.3,0.0,9.4,1009.8,2.6,0,3,10,293,51394.9,2009.0,Mixed
2016-10-19 01:00:00,Fox_lodging_Helen,407.52,22.8,0.0,8.9,1010.1,0.0,1,3,10,293,51394.9,2009.0,Mixed
2016-10-19 02:00:00,Fox_lodging_Helen,371.85,21.7,0.0,8.3,1010.3,2.6,2,3,10,293,51394.9,2009.0,Mixed
2016-10-19 03:00:00,Fox_lodging_Helen,357.18,21.1,0.0,7.2,1010.5,0.0,3,3,10,293,51394.9,2009.0,Mixed
2016-10-19 04:00:00,Fox_lodging_Helen,326.28,20.0,0.0,6.7,1010.8,2.1,4,3,10,293,51394.9,2009.0,Mixed
2016-10-19 05:00:00,Fox_lodging_Helen,333.3,18.9,0.0,7.2,1011.7,0.0,5,3,10,293,51394.9,2009.0,Mixed
2016-10-19 06:00:00,Fox_lodging_Helen,349.17,19.4,0.0,6.7,1011.9,1.5,6,3,10,293,51394.9,2009.0,Mixed
2016-10-19 07:00:00,Fox_lodging_Helen,355.57,18.3,2.0,6.7,1012.8,2.1,7,3,10,293,51394.9,2009.0,Mixed
2016-10-19 08:00:00,Fox_lodging_Helen,347.48,21.1,2.0,7.8,1013.2,1.5,8,3,10,293,51394.9,2009.0,Mixed
2016-10-19 09:00:00,Fox_lodging_Helen,351.6,23.9,0.0,6.7,1013.7,3.6,9,3,10,293,51394.9,2009.0,Mixed
2016-10-19 10:00:00,Fox_lodging_Helen,347.23,26.7,0.0,3.9,1013.9,3.1,10,3,10,293,51394.9,2009.0,Mixed
2016-10-19 11:00:00,Fox_lodging_Helen,342.4,29.4,0.0,3.9,1013.6,2.1,11,3,10,293,51394.9,2009.0,Mixed
2016-10-19 12:00:00,Fox_lodging_Helen,366.67,29.4,0.0,5.0,1013.3,3.1,12,3,10,293,51394.9,2009.0,Mixed
2016-10-19 13:00:00,Fox_lodging_Helen,363.67,31.1,0.0,5.0,1012.1,0.0,13,3,10,293,51394.9,2009.0,Mixed
2016-10-19 14:00:00,Fox_lodging_Helen,369.62,31.7,0.0,3.9,1011.4,0.0,14,3,10,293,51394.9,2009.0,Mixed
2016-10-19 15:00:00,Fox_lodging_Helen,398.05,32.8,0.0,2.8,1010.7,2.6,15,3,10,293,51394.9,2009.0,Mixed
2016-10-19 16:00:00,Fox_lodging_Helen,451.85,32.8,0.0,2.2,1010.6,0.0,16,3,10,293,51394.9,2009.0,Mixed
2016-10-19 17:00:00,Fox_lodging_Helen,473.52,32.8,0.0,2.8,1010.3,3.6,17,3,10,293,51394.9,2009.0,Mixed
2016-10-19 18:00:00,Fox_lodging_Helen,491.02,31.7,2.0,3.3,1010.4,3.6,18,3,10,293,51394.9,2009.0,Mixed
2016-10-19 19:00:00,Fox_lodging_Helen,505.0,28.9,2.0,3.9,1011.0,2.1,19,3,10,293,51394.9,2009.0,Mixed
2016-10-19 20:00:00,Fox_lodging_Helen,533.12,27.2,2.0,4.4,1011.3,2.1,20,3,10,293,51394.9,2009.0,Mixed
2016-10-19 21:00:00,Fox_lodging_Helen,564.22,28.9,2.0,4.4,1011.6,1.5,21,3,10,293,51394.9,2009.0,Mixed
2016-10-19 22:00:00,Fox_lodging_Helen,537.13,25.6,0.0,5.0,1012.2,0.0,22,3,10,293,51394.9,2009.0,Mixed
2016-10-19 23:00:00,Fox_lodging_Helen,504.02,24.4,0.0,4.4,1012.4,1.5,23,3,10,293,51394.9,2009.0,Mixed
2016-10-20 00:00:00,Fox_lodging_Helen,474.15,22.2,0.0,2.8,1012.8,1.5,0,4,10,294,51394.9,2009.0,Mixed
2016-10-20 01:00:00,Fox_lodging_Helen,427.53,21.1,0.0,5.0,1013.0,0.0,1,4,10,294,51394.9,2009.0,Mixed
2016-10-20 02:00:00,Fox_lodging_Helen,379.65,22.8,0.0,3.3,1013.1,2.1,2,4,10,294,51394.9,2009.0,Mixed
2016-10-20 03:00:00,Fox_lodging_Helen,344.35,20.6,0.0,3.3,1013.4,0.0,3,4,10,294,51394.9,2009.0,Mixed
2016-10-20 04:00:00,Fox_lodging_Helen,322.97,19.4,0.0,2.2,1013.4,0.0,4,4,10,294,51394.9,2009.0,Mixed
2016-10-20 05:00:00,Fox_lodging_Helen,321.5,18.9,0.0,2.2,1013.7,0.0,5,4,10,294,51394.9,2009.0,Mixed
2016-10-20 06:00:00,Fox_lodging_Helen,327.1,20.6,0.0,-1.1,1014.1,0.0,6,4,10,294,51394.9,2009.0,Mixed
2016-10-20 07:00:00,Fox_lodging_Helen,338.92,17.8,0.0,1.1,1014.7,0.0,7,4,10,294,51394.9,2009.0,Mixed
2016-10-20 08:00:00,Fox_lodging_Helen,352.78,21.1,0.0,0.0,1015.2,0.0,8,4,10,294,51394.9,2009.0,Mixed
2016-10-20 09:00:00,Fox_lodging_Helen,341.25,25.6,0.0,-7.2,1015.3,3.6,9,4,10,294,51394.9,2009.0,Mixed
2016-10-20 10:00:00,Fox_lodging_Helen,363.58,28.9,0.0,-9.4,1015.4,5.7,10,4,10,294,51394.9,2009.0,Mixed
2016-10-20 11:00:00,Fox_lodging_Helen,352.52,30.6,0.0,-8.3,1014.7,6.2,11,4,10,294,51394.9,2009.0,Mixed
2016-10-20 12:00:00,Fox_lodging_Helen,358.08,32.2,2.0,-6.1,1013.8,4.1,12,4,10,294,51394.9,2009.0,Mixed
2016-10-20 13:00:00,Fox_lodging_Helen,400.68,33.9,0.0,-5.6,1013.0,2.6,13,4,10,294,51394.9,2009.0,Mixed
2016-10-20 14:00:00,Fox_lodging_Helen,390.4,35.0,0.0,-5.0,1012.0,3.1,14,4,10,294,51394.9,2009.0,Mixed
2016-10-20 15:00:00,Fox_lodging_Helen,417.7,35.0,0.0,-4.4,1011.5,2.6,15,4,10,294,51394.9,2009.0,Mixed
2016-10-20 16:00:00,Fox_lodging_Helen,463.55,35.6,0.0,-3.3,1011.0,4.1,16,4,10,294,51394.9,2009.0,Mixed
2016-10-20 17:00:00,Fox_lodging_Helen,490.32,35.6,0.0,-3.3,1010.6,4.6,17,4,10,294,51394.9,2009.0,Mixed
2016-10-20 18:00:00,Fox_lodging_Helen,493.47,34.4,0.0,-1.7,1010.7,4.6,18,4,10,294,51394.9,2009.0,Mixed
2016-10-20 19:00:00,Fox_lodging_Helen,470.37,32.2,0.0,0.0,1011.4,4.6,19,4,10,294,51394.9,2009.0,Mixed
2016-10-20 20:00:00,Fox_lodging_Helen,500.62,30.0,0.0,0.6,1011.8,3.6,20,4,10,294,51394.9,2009.0,Mixed
2016-10-20 21:00:00,Fox_lodging_Helen,512.03,28.3,0.0,1.7,1011.8,4.1,21,4,10,294,51394.9,2009.0,Mixed
2016-10-20 22:00:00,Fox_lodging_Helen,535.45,27.2,0.0,2.2,1012.0,3.6,22,4,10,294,51394.9,2009.0,Mixed
2016-10-20 23:00:00,Fox_lodging_Helen,503.32,26.7,0.0,2.8,1012.2,3.1,23,4,10,294,51394.9,2009.0,Mixed
2016-10-21 00:00:00,Fox_lodging_Helen,455.33,26.1,0.0,3.9,1012.4,3.1,0,5,10,295,51394.9,2009.0,Mixed
2016-10-21 01:00:00,Fox_lodging_Helen,415.5,25.0,0.0,4.4,1012.7,2.1,1,5,10,295,51394.9,2009.0,Mixed
2016-10-21 02:00:00,Fox_lodging_Helen,375.32,24.4,0.0,4.4,1012.9,2.1,2,5,10,295,51394.9,2009.0,Mixed
2016-10-21 03:00:00,Fox_lodging_Helen,354.22,23.3,0.0,4.4,1012.7,2.1,3,5,10,295,51394.9,2009.0,Mixed
2016-10-21 04:00:00,Fox_lodging_Helen,337.77,22.8,0.0,5.0,1012.5,3.6,4,5,10,295,51394.9,2009.0,Mixed
2016-10-21 05:00:00,Fox_lodging_Helen,329.75,23.9,0.0,3.9,1012.8,4.1,5,5,10,295,51394.9,2009.0,Mixed
2016-10-21 06:00:00,Fox_lodging_Helen,339.13,23.3,0.0,3.9,1013.1,3.6,6,5,10,295,51394.9,2009.0,Mixed
2016-10-21 07:00:00,Fox_lodging_Helen,349.7,23.3,0.0,3.9,1013.5,4.1,7,5,10,295,51394.9,2009.0,Mixed
2016-10-21 08:00:00,Fox_lodging_Helen,353.15,25.6,0.0,3.9,1013.9,5.1,8,5,10,295,51394.9,2009.0,Mixed
2016-10-21 09:00:00,Fox_lodging_Helen,351.75,27.8,0.0,3.9,1014.2,7.7,9,5,10,295,51394.9,2009.0,Mixed
2016-10-21 10:00:00,Fox_lodging_Helen,365.9,29.4,0.0,3.9,1013.8,6.2,10,5,10,295,51394.9,2009.0,Mixed
2016-10-21 11:00:00,Fox_lodging_Helen,383.65,31.1,0.0,3.9,1013.1,5.1,11,5,10,295,51394.9,2009.0,Mixed
2016-10-21 12:00:00,Fox_lodging_Helen,387.08,32.2,0.0,3.9,1012.3,2.6,12,5,10,295,51394.9,2009.0,Mixed
2016-10-21 13:00:00,Fox_lodging_Helen,404.67,33.3,0.0,4.4,1010.9,1.5,13,5,10,295,51394.9,2009.0,Mixed
2016-10-21 14:00:00,Fox_lodging_Helen,448.5,33.9,0.0,3.9,1009.9,3.6,14,5,10,295,51394.9,2009.0,Mixed
2016-10-21 15:00:00,Fox_lodging_Helen,474.63,35.6,0.0,4.4,1009.3,2.1,15,5,10,295,51394.9,2009.0,Mixed
2016-10-21 16:00:00,Fox_lodging_Helen,496.17,35.6,0.0,4.4,1008.8,3.1,16,5,10,295,51394.9,2009.0,Mixed
2016-10-21 17:00:00,Fox_lodging_Helen,520.02,35.6,0.0,4.4,1008.3,2.1,17,5,10,295,51394.9,2009.0,Mixed
2016-10-21 18:00:00,Fox_lodging_Helen,490.95,33.9,0.0,3.9,1008.2,1.5,18,5,10,295,51394.9,2009.0,Mixed
2016-10-21 19:00:00,Fox_lodging_Helen,495.78,32.8,0.0,5.6,1008.4,1.5,19,5,10,295,51394.9,2009.0,Mixed
2016-10-21 20:00:00,Fox_lodging_Helen,477.95,30.0,0.0,6.1,1008.7,0.0,20,5,10,295,51394.9,2009.0,Mixed
2016-10-21 21:00:00,Fox_lodging_Helen,478.98,28.9,0.0,7.2,1008.7,0.0,21,5,10,295,51394.9,2009.0,Mixed
2016-10-21 22:00:00,Fox_lodging_Helen,473.27,27.2,0.0,7.8,1009.1,2.1,22,5,10,295,51394.9,2009.0,Mixed
2016-10-21 23:00:00,Fox_lodging_Helen,470.95,27.2,0.0,6.1,1009.2,1.5,23,5,10,295,51394.9,2009.0,Mixed
2016-10-22 00:00:00,Fox_lodging_Helen,431.4,25.6,0.0,5.6,1009.2,1.5,0,6,10,296,51394.9,2009.0,Mixed
2016-10-22 01:00:00,Fox_lodging_Helen,440.18,26.1,0.0,5.0,1009.2,3.1,1,6,10,296,51394.9,2009.0,Mixed
2016-10-22 02:00:00,Fox_lodging_Helen,374.47,25.0,0.0,5.6,1009.6,3.1,2,6,10,296,51394.9,2009.0,Mixed
2016-10-22 03:00:00,Fox_lodging_Helen,359.95,25.0,0.0,5.6,1009.2,2.6,3,6,10,296,51394.9,2009.0,Mixed
2016-10-22 04:00:00,Fox_lodging_Helen,336.3,23.9,0.0,5.6,1009.2,2.1,4,6,10,296,51394.9,2009.0,Mixed
2016-10-22 05:00:00,Fox_lodging_Helen,333.35,23.3,0.0,5.6,1009.7,1.5,5,6,10,296,51394.9,2009.0,Mixed
2016-10-22 06:00:00,Fox_lodging_Helen,338.93,22.8,0.0,5.6,1010.1,1.5,6,6,10,296,51394.9,2009.0,Mixed
2016-10-22 07:00:00,Fox_lodging_Helen,347.83,22.8,2.0,5.6,1010.5,2.1,7,6,10,296,51394.9,2009.0,Mixed
2016-10-22 08:00:00,Fox_lodging_Helen,332.32,25.0,2.0,5.6,1011.1,3.6,8,6,10,296,51394.9,2009.0,Mixed
2016-10-22 09:00:00,Fox_lodging_Helen,339.35,26.7,2.0,7.2,1011.2,3.1,9,6,10,296,51394.9,2009.0,Mixed
2016-10-22 10:00:00,Fox_lodging_Helen,356.33,28.9,2.0,6.1,1011.3,2.6,10,6,10,296,51394.9,2009.0,Mixed
2016-10-22 11:00:00,Fox_lodging_Helen,362.98,31.1,2.0,6.1,1011.0,2.6,11,6,10,296,51394.9,2009.0,Mixed
2016-10-22 12:00:00,Fox_lodging_Helen,366.32,32.8,2.0,6.7,1010.6,2.1,12,6,10,296,51394.9,2009.0,Mixed
2016-10-22 13:00:00,Fox_lodging_Helen,385.63,33.9,2.0,5.6,1009.3,0.0,13,6,10,296,51394.9,2009.0,Mixed
2016-10-22 14:00:00,Fox_lodging_Helen,428.32,35.0,2.0,5.0,1008.6,1.5,14,6,10,296,51394.9,2009.0,Mixed
2016-10-22 15:00:00,Fox_lodging_Helen,436.7,36.1,2.0,5.0,1008.2,5.1,15,6,10,296,51394.9,2009.0,Mixed
2016-10-22 16:00:00,Fox_lodging_Helen,460.7,35.6,2.0,5.0,1007.8,3.1,16,6,10,296,51394.9,2009.0,Mixed
2016-10-22 17:00:00,Fox_lodging_Helen,476.78,35.0,2.0,4.4,1007.8,4.6,17,6,10,296,51394.9,2009.0,Mixed
2016-10-22 18:00:00,Fox_lodging_Helen,465.2,34.4,4.0,4.4,1007.9,4.1,18,6,10,296,51394.9,2009.0,Mixed
2016-10-22 19:00:00,Fox_lodging_Helen,453.57,33.3,4.0,5.6,1008.4,2.6,19,6,10,296,51394.9,2009.0,Mixed
2016-10-22 20:00:00,Fox_lodging_Helen,456.13,31.1,0.0,6.1,1008.8,0.0,20,6,10,296,51394.9,2009.0,Mixed
2016-10-22 21:00:00,Fox_lodging_Helen,471.98,29.4,0.0,6.1,1009.4,0.0,21,6,10,296,51394.9,2009.0,Mixed
2016-10-22 22:00:00,Fox_lodging_Helen,455.77,28.3,2.0,7.2,1010.1,1.5,22,6,10,296,51394.9,2009.0,Mixed
2016-10-22 23:00:00,Fox_lodging_Helen,475.9,26.7,2.0,8.3,1010.4,1.5,23,6,10,296,51394.9,2009.0,Mixed
2016-10-23 00:00:00,Fox_lodging_Helen,440.63,25.6,0.0,8.3,1010.9,2.1,0,7,10,297,51394.9,2009.0,Mixed
2016-10-23 01:00:00,Fox_lodging_Helen,405.1,24.4,0.0,8.3,1011.2,3.1,1,7,10,297,51394.9,2009.0,Mixed
2016-10-23 02:00:00,Fox_lodging_Helen,388.95,23.3,0.0,8.3,1011.6,2.6,2,7,10,297,51394.9,2009.0,Mixed
2016-10-23 03:00:00,Fox_lodging_Helen,364.8,22.8,0.0,8.9,1011.8,2.6,3,7,10,297,51394.9,2009.0,Mixed
2016-10-23 04:00:00,Fox_lodging_Helen,345.78,22.2,0.0,8.3,1012.0,2.1,4,7,10,297,51394.9,2009.0,Mixed
2016-10-23 05:00:00,Fox_lodging_Helen,346.53,21.7,0.0,7.2,1012.5,2.6,5,7,10,297,51394.9,2009.0,Mixed
2016-10-23 06:00:00,Fox_lodging_Helen,365.63,20.6,0.0,7.2,1013.1,2.6,6,7,10,297,51394.9,2009.0,Mixed
2016-10-23 07:00:00,Fox_lodging_Helen,367.7,21.1,2.0,6.7,1013.7,3.1,7,7,10,297,51394.9,2009.0,Mixed
2016-10-23 08:00:00,Fox_lodging_Helen,334.28,22.8,4.0,6.7,1014.5,2.1,8,7,10,297,51394.9,2009.0,Mixed
2016-10-23 09:00:00,Fox_lodging_Helen,348.03,25.6,4.0,6.7,1015.2,2.6,9,7,10,297,51394.9,2009.0,Mixed
2016-10-23 10:00:00,Fox_lodging_Helen,366.13,27.8,5.0,6.7,1015.4,3.1,10,7,10,297,51394.9,2009.0,Mixed
2016-10-23 11:00:00,Fox_lodging_Helen,382.98,29.4,6.0,7.2,1015.2,3.6,11,7,10,297,51394.9,2009.0,Mixed
2016-10-23 12:00:00,Fox_lodging_Helen,392.42,31.7,6.0,7.2,1014.7,3.6,12,7,10,297,51394.9,2009.0,Mixed
2016-10-23 13:00:00,Fox_lodging_Helen,426.37,32.8,6.0,7.8,1013.9,2.6,13,7,10,297,51394.9,2009.0,Mixed
2016-10-23 14:00:00,Fox_lodging_Helen,420.35,34.4,6.0,6.7,1012.9,1.5,14,7,10,297,51394.9,2009.0,Mixed
2016-10-23 15:00:00,Fox_lodging_Helen,459.1,34.4,6.0,5.0,1012.4,2.1,15,7,10,297,51394.9,2009.0,Mixed
2016-10-23 16:00:00,Fox_lodging_Helen,499.22,35.0,6.0,4.4,1012.0,0.0,16,7,10,297,51394.9,2009.0,Mixed
2016-10-23 17:00:00,Fox_lodging_Helen,521.98,34.4,6.0,5.0,1011.7,0.0,17,7,10,297,51394.9,2009.0,Mixed
2016-10-23 18:00:00,Fox_lodging_Helen,516.4,33.3,6.0,5.6,1011.9,3.1,18,7,10,297,51394.9,2009.0,Mixed
2016-10-23 19:00:00,Fox_lodging_Helen,532.8,32.8,6.0,5.6,1012.3,2.1,19,7,10,297,51394.9,2009.0,Mixed
2016-10-23 20:00:00,Fox_lodging_Helen,553.82,30.0,6.0,6.7,1012.9,0.0,20,7,10,297,51394.9,2009.0,Mixed
2016-10-23 21:00:00,Fox_lodging_Helen,563.73,30.6,6.0,7.2,1012.9,2.1,21,7,10,297,51394.9,2009.0,Mixed
2016-10-23 22:00:00,Fox_lodging_Helen,530.08,27.2,6.0,7.8,1013.6,1.5,22,7,10,297,51394.9,2009.0,Mixed
2016-10-23 23:00:00,Fox_lodging_Helen,517.15,26.1,6.0,8.3,1013.5,2.6,23,7,10,297,51394.9,2009.0,Mixed
2016-10-24 00:00:00,Fox_lodging_Helen,464.6,26.1,5.666666666666667,7.8,1013.4,3.6,0,1,10,298,51394.9,2009.0,Mixed
2016-10-24 01:00:00,Fox_lodging_Helen,417.75,24.4,5.333333333333333,6.7,1013.8,1.5,1,1,10,298,51394.9,2009.0,Mixed
2016-10-24 02:00:00,Fox_lodging_Helen,387.72,24.4,5.0,5.6,1014.0,3.1,2,1,10,298,51394.9,2009.0,Mixed
2016-10-24 03:00:00,Fox_lodging_Helen,357.4,23.9,5.0,5.6,1013.9,2.6,3,1,10,298,51394.9,2009.0,Mixed
2016-10-24 04:00:00,Fox_lodging_Helen,337.67,23.3,5.0,5.6,1013.9,4.1,4,1,10,298,51394.9,2009.0,Mixed
2016-10-24 05:00:00,Fox_lodging_Helen,339.4,22.8,4.0,6.1,1014.2,3.6,5,1,10,298,51394.9,2009.0,Mixed
2016-10-24 06:00:00,Fox_lodging_Helen,345.55,22.8,4.0,7.2,1014.5,4.1,6,1,10,298,51394.9,2009.0,Mixed
2016-10-24 07:00:00,Fox_lodging_Helen,365.07,22.8,4.8,7.2,1015.2,3.1,7,1,10,298,51394.9,2009.0,Mixed
2016-10-24 08:00:00,Fox_lodging_Helen,371.48,23.9,5.6,8.3,1016.2,2.1,8,1,10,298,51394.9,2009.0,Mixed
2016-10-24 09:00:00,Fox_lodging_Helen,373.2,25.6,6.4,10.0,1016.4,3.6,9,1,10,298,51394.9,2009.0,Mixed
2016-10-24 10:00:00,Fox_lodging_Helen,383.27,27.2,6.4,10.0,1016.4,3.1,10,1,10,298,51394.9,2009.0,Mixed
2016-10-24 11:00:00,Fox_lodging_Helen,402.85,28.9,8.0,10.0,1016.3,3.1,11,1,10,298,51394.9,2009.0,Mixed
2016-10-24 12:00:00,Fox_lodging_Helen,407.02,30.0,8.0,10.6,1015.9,1.5,12,1,10,298,51394.9,2009.0,Mixed
2016-10-24 13:00:00,Fox_lodging_Helen,440.37,30.6,8.0,10.6,1014.8,0.0,13,1,10,298,51394.9,2009.0,Mixed
2016-10-24 14:00:00,Fox_lodging_Helen,454.43,31.7,8.0,10.6,1013.9,0.0,14,1,10,298,51394.9,2009.0,Mixed
2016-10-24 15:00:00,Fox_lodging_Helen,465.28,32.2,8.0,10.6,1013.2,2.6,15,1,10,298,51394.9,2009.0,Mixed
2016-10-24 16:00:00,Fox_lodging_Helen,495.07,31.7,8.0,11.1,1012.8,3.1,16,1,10,298,51394.9,2009.0,Mixed
2016-10-24 17:00:00,Fox_lodging_Helen,502.2,31.7,8.0,10.6,1012.5,2.6,17,1,10,298,51394.9,2009.0,Mixed
2016-10-24 18:00:00,Fox_lodging_Helen,507.25,31.1,7.666666666666667,10.0,1012.5,2.1,18,1,10,298,51394.9,2009.0,Mixed
2016-10-24 19:00:00,Fox_lodging_Helen,525.48,28.9,7.333333333333333,11.1,1013.0,2.1,19,1,10,298,51394.9,2009.0,Mixed
2016-10-24 20:00:00,Fox_lodging_Helen,530.23,28.9,7.0,11.1,1013.2,1.5,20,1,10,298,51394.9,2009.0,Mixed
2016-10-24 21:00:00,Fox_lodging_Helen,570.18,27.8,7.0,11.1,1013.5,1.5,21,1,10,298,51394.9,2009.0,Mixed
2016-10-24 22:00:00,Fox_lodging_Helen,571.68,27.8,7.0,11.1,1014.1,3.1,22,1,10,298,51394.9,2009.0,Mixed
2016-10-24 23:00:00,Fox_lodging_Helen,551.85,27.2,6.0,11.1,1014.1,0.0,23,1,10,298,51394.9,2009.0,Mixed
2016-10-25 00:00:00,Fox_lodging_Helen,509.65,27.2,5.333333333333333,11.7,1013.3,3.6,0,2,10,299,51394.9,2009.0,Mixed
2016-10-25 01:00:00,Fox_lodging_Helen,436.3,26.7,4.666666666666667,11.7,1014.2,0.0,1,2,10,299,51394.9,2009.0,Mixed
2016-10-25 02:00:00,Fox_lodging_Helen,383.77,25.0,4.0,12.8,1014.5,2.1,2,2,10,299,51394.9,2009.0,Mixed
2016-10-25 03:00:00,Fox_lodging_Helen,357.07,25.0,2.0,13.3,1014.0,1.5,3,2,10,299,51394.9,2009.0,Mixed
2016-10-25 04:00:00,Fox_lodging_Helen,338.7,23.3,2.0,13.3,1014.0,0.0,4,2,10,299,51394.9,2009.0,Mixed
2016-10-25 05:00:00,Fox_lodging_Helen,339.38,22.8,2.0,14.4,1014.0,0.0,5,2,10,299,51394.9,2009.0,Mixed
2016-10-25 06:00:00,Fox_lodging_Helen,344.52,22.2,2.0,13.9,1014.5,0.0,6,2,10,299,51394.9,2009.0,Mixed
2016-10-25 07:00:00,Fox_lodging_Helen,357.55,22.8,2.0,13.9,1014.7,1.5,7,2,10,299,51394.9,2009.0,Mixed
2016-10-25 08:00:00,Fox_lodging_Helen,367.78,23.9,2.0,13.9,1015.4,2.6,8,2,10,299,51394.9,2009.0,Mixed
2016-10-25 09:00:00,Fox_lodging_Helen,362.02,26.1,2.0,13.9,1015.8,4.6,9,2,10,299,51394.9,2009.0,Mixed
2016-10-25 10:00:00,Fox_lodging_Helen,380.0,27.2,2.0,13.3,1015.9,3.1,10,2,10,299,51394.9,2009.0,Mixed
2016-10-25 11:00:00,Fox_lodging_Helen,402.83,29.4,2.0,13.3,1015.4,3.1,11,2,10,299,51394.9,2009.0,Mixed
2016-10-25 12:00:00,Fox_lodging_Helen,409.75,30.6,2.0,12.8,1014.8,2.1,12,2,10,299,51394.9,2009.0,Mixed
2016-10-25 13:00:00,Fox_lodging_Helen,405.02,32.2,2.0,12.2,1013.7,2.1,13,2,10,299,51394.9,2009.0,Mixed
2016-10-25 14:00:00,Fox_lodging_Helen,417.43,32.2,2.0,11.1,1012.8,0.0,14,2,10,299,51394.9,2009.0,Mixed
2016-10-25 15:00:00,Fox_lodging_Helen,435.88,33.3,2.0,11.1,1012.2,1.5,15,2,10,299,51394.9,2009.0,Mixed
2016-10-25 16:00:00,Fox_lodging_Helen,476.92,32.8,2.0,10.0,1012.0,2.6,16,2,10,299,51394.9,2009.0,Mixed
2016-10-25 17:00:00,Fox_lodging_Helen,519.72,32.2,2.0,10.0,1011.9,3.1,17,2,10,299,51394.9,2009.0,Mixed
2016-10-25 18:00:00,Fox_lodging_Helen,505.67,31.1,2.0,10.0,1012.2,3.6,18,2,10,299,51394.9,2009.0,Mixed
2016-10-25 19:00:00,Fox_lodging_Helen,506.35,30.6,0.0,11.1,1012.7,3.1,19,2,10,299,51394.9,2009.0,Mixed
2016-10-25 20:00:00,Fox_lodging_Helen,536.22,29.4,0.0,11.7,1012.9,2.6,20,2,10,299,51394.9,2009.0,Mixed
2016-10-25 21:00:00,Fox_lodging_Helen,565.85,26.7,0.0,11.7,1013.3,2.6,21,2,10,299,51394.9,2009.0,Mixed
2016-10-25 22:00:00,Fox_lodging_Helen,557.98,26.7,0.0,11.7,1013.6,0.0,22,2,10,299,51394.9,2009.0,Mixed
2016-10-25 23:00:00,Fox_lodging_Helen,499.18,25.6,0.0,11.7,1013.7,2.1,23,2,10,299,51394.9,2009.0,Mixed
2016-10-26 00:00:00,Fox_lodging_Helen,476.28,25.6,0.0,12.2,1013.9,0.0,0,3,10,300,51394.9,2009.0,Mixed
2016-10-26 01:00:00,Fox_lodging_Helen,403.92,23.9,0.0,12.2,1014.0,0.0,1,3,10,300,51394.9,2009.0,Mixed
2016-10-26 02:00:00,Fox_lodging_Helen,372.73,22.2,0.0,12.2,1014.3,2.1,2,3,10,300,51394.9,2009.0,Mixed
2016-10-26 03:00:00,Fox_lodging_Helen,349.98,21.7,0.0,12.2,1014.2,1.5,3,3,10,300,51394.9,2009.0,Mixed
2016-10-26 04:00:00,Fox_lodging_Helen,332.33,22.2,0.0,11.7,1014.0,0.0,4,3,10,300,51394.9,2009.0,Mixed
2016-10-26 05:00:00,Fox_lodging_Helen,335.77,21.7,0.0,11.1,1014.3,2.1,5,3,10,300,51394.9,2009.0,Mixed
2016-10-26 06:00:00,Fox_lodging_Helen,340.88,20.6,0.0,10.6,1014.8,2.1,6,3,10,300,51394.9,2009.0,Mixed
2016-10-26 07:00:00,Fox_lodging_Helen,358.08,20.6,2.0,10.6,1015.2,2.6,7,3,10,300,51394.9,2009.0,Mixed
2016-10-26 08:00:00,Fox_lodging_Helen,375.33,23.3,4.0,10.6,1015.7,3.1,8,3,10,300,51394.9,2009.0,Mixed
2016-10-26 09:00:00,Fox_lodging_Helen,369.53,25.6,4.0,10.0,1016.4,4.6,9,3,10,300,51394.9,2009.0,Mixed
2016-10-26 10:00:00,Fox_lodging_Helen,367.43,27.2,2.0,9.4,1016.2,4.6,10,3,10,300,51394.9,2009.0,Mixed
2016-10-26 11:00:00,Fox_lodging_Helen,376.77,29.4,4.0,9.4,1015.9,2.6,11,3,10,300,51394.9,2009.0,Mixed
2016-10-26 12:00:00,Fox_lodging_Helen,391.93,31.1,2.0,10.0,1014.8,2.1,12,3,10,300,51394.9,2009.0,Mixed
2016-10-26 13:00:00,Fox_lodging_Helen,409.13,32.8,2.0,9.4,1013.2,0.0,13,3,10,300,51394.9,2009.0,Mixed
2016-10-26 14:00:00,Fox_lodging_Helen,406.98,33.9,2.0,9.4,1012.1,1.5,14,3,10,300,51394.9,2009.0,Mixed
2016-10-26 15:00:00,Fox_lodging_Helen,438.15,35.0,2.0,9.4,1011.5,0.0,15,3,10,300,51394.9,2009.0,Mixed
2016-10-26 16:00:00,Fox_lodging_Helen,483.48,34.4,2.0,6.7,1011.2,1.5,16,3,10,300,51394.9,2009.0,Mixed
2016-10-26 17:00:00,Fox_lodging_Helen,502.93,35.0,2.0,7.2,1010.6,2.6,17,3,10,300,51394.9,2009.0,Mixed
2016-10-26 18:00:00,Fox_lodging_Helen,521.42,33.3,4.0,7.8,1010.8,3.6,18,3,10,300,51394.9,2009.0,Mixed
2016-10-26 19:00:00,Fox_lodging_Helen,535.57,32.2,2.0,8.3,1011.3,3.6,19,3,10,300,51394.9,2009.0,Mixed
2016-10-26 20:00:00,Fox_lodging_Helen,530.77,31.1,2.0,8.3,1011.6,3.1,20,3,10,300,51394.9,2009.0,Mixed
2016-10-26 21:00:00,Fox_lodging_Helen,549.12,28.3,0.0,10.0,1012.0,1.5,21,3,10,300,51394.9,2009.0,Mixed
2016-10-26 22:00:00,Fox_lodging_Helen,547.18,26.7,0.0,10.0,1012.3,2.6,22,3,10,300,51394.9,2009.0,Mixed
2016-10-26 23:00:00,Fox_lodging_Helen,512.02,25.6,0.0,10.0,1012.5,2.6,23,3,10,300,51394.9,2009.0,Mixed
2016-10-27 00:00:00,Fox_lodging_Helen,473.9,25.6,0.0,9.4,1012.3,2.1,0,4,10,301,51394.9,2009.0,Mixed
2016-10-27 01:00:00,Fox_lodging_Helen,410.9,25.6,0.0,8.9,1012.6,2.6,1,4,10,301,51394.9,2009.0,Mixed
2016-10-27 02:00:00,Fox_lodging_Helen,388.18,23.9,0.0,9.4,1012.4,0.0,2,4,10,301,51394.9,2009.0,Mixed
2016-10-27 03:00:00,Fox_lodging_Helen,357.88,23.3,0.0,9.4,1012.3,2.1,3,4,10,301,51394.9,2009.0,Mixed
2016-10-27 04:00:00,Fox_lodging_Helen,346.72,24.4,0.0,9.4,1012.1,1.5,4,4,10,301,51394.9,2009.0,Mixed
2016-10-27 05:00:00,Fox_lodging_Helen,335.55,22.8,4.0,8.3,1012.1,3.6,5,4,10,301,51394.9,2009.0,Mixed
2016-10-27 06:00:00,Fox_lodging_Helen,341.53,23.3,4.0,7.8,1012.7,2.1,6,4,10,301,51394.9,2009.0,Mixed
2016-10-27 07:00:00,Fox_lodging_Helen,344.78,23.3,4.4,8.3,1013.2,0.0,7,4,10,301,51394.9,2009.0,Mixed
2016-10-27 08:00:00,Fox_lodging_Helen,361.55,24.4,4.8,7.8,1013.7,3.1,8,4,10,301,51394.9,2009.0,Mixed
2016-10-27 09:00:00,Fox_lodging_Helen,358.78,26.7,5.2,8.9,1013.9,2.6,9,4,10,301,51394.9,2009.0,Mixed
2016-10-27 10:00:00,Fox_lodging_Helen,375.45,28.9,5.2,7.8,1013.9,3.1,10,4,10,301,51394.9,2009.0,Mixed
2016-10-27 11:00:00,Fox_lodging_Helen,377.87,31.7,6.0,6.7,1013.2,2.1,11,4,10,301,51394.9,2009.0,Mixed
2016-10-27 12:00:00,Fox_lodging_Helen,416.37,32.8,6.0,6.7,1012.5,2.1,12,4,10,301,51394.9,2009.0,Mixed
2016-10-27 13:00:00,Fox_lodging_Helen,445.9,33.9,6.0,7.8,1010.9,0.0,13,4,10,301,51394.9,2009.0,Mixed
2016-10-27 14:00:00,Fox_lodging_Helen,457.92,36.1,6.0,7.2,1009.9,2.1,14,4,10,301,51394.9,2009.0,Mixed
2016-10-27 15:00:00,Fox_lodging_Helen,463.28,37.2,6.0,6.1,1009.2,3.1,15,4,10,301,51394.9,2009.0,Mixed
2016-10-27 16:00:00,Fox_lodging_Helen,483.77,37.2,6.0,6.1,1008.6,2.1,16,4,10,301,51394.9,2009.0,Mixed
2016-10-27 17:00:00,Fox_lodging_Helen,503.92,36.7,6.0,5.6,1008.2,2.1,17,4,10,301,51394.9,2009.0,Mixed
2016-10-27 18:00:00,Fox_lodging_Helen,542.82,35.6,6.333333333333333,6.1,1008.4,0.0,18,4,10,301,51394.9,2009.0,Mixed
2016-10-27 19:00:00,Fox_lodging_Helen,495.8,32.2,6.666666666666667,7.8,1008.8,3.6,19,4,10,301,51394.9,2009.0,Mixed
2016-10-27 20:00:00,Fox_lodging_Helen,543.85,30.6,7.0,8.9,1009.0,3.6,20,4,10,301,51394.9,2009.0,Mixed
2016-10-27 21:00:00,Fox_lodging_Helen,538.5,28.9,7.0,8.9,1009.0,3.1,21,4,10,301,51394.9,2009.0,Mixed
2016-10-27 22:00:00,Fox_lodging_Helen,543.77,28.3,7.0,8.3,1009.0,2.1,22,4,10,301,51394.9,2009.0,Mixed
2016-10-27 23:00:00,Fox_lodging_Helen,522.42,28.3,8.0,8.3,1009.2,1.5,23,4,10,301,51394.9,2009.0,Mixed
2016-10-28 00:00:00,Fox_lodging_Helen,478.43,28.9,8.0,9.4,1009.1,1.5,0,5,10,302,51394.9,2009.0,Mixed
2016-10-28 01:00:00,Fox_lodging_Helen,443.78,26.1,8.0,9.4,1009.2,2.6,1,5,10,302,51394.9,2009.0,Mixed
2016-10-28 02:00:00,Fox_lodging_Helen,402.38,26.7,8.0,8.3,1009.3,2.1,2,5,10,302,51394.9,2009.0,Mixed
2016-10-28 03:00:00,Fox_lodging_Helen,367.13,26.7,8.0,8.9,1009.0,2.1,3,5,10,302,51394.9,2009.0,Mixed
2016-10-28 04:00:00,Fox_lodging_Helen,355.43,25.6,8.0,10.0,1008.7,2.6,4,5,10,302,51394.9,2009.0,Mixed
2016-10-28 05:00:00,Fox_lodging_Helen,357.33,25.0,8.0,10.0,1009.2,0.0,5,5,10,302,51394.9,2009.0,Mixed
2016-10-28 06:00:00,Fox_lodging_Helen,357.23,25.6,7.666666666666667,10.0,1009.7,3.1,6,5,10,302,51394.9,2009.0,Mixed
2016-10-28 07:00:00,Fox_lodging_Helen,364.77,24.4,7.333333333333333,10.6,1010.1,0.0,7,5,10,302,51394.9,2009.0,Mixed
2016-10-28 08:00:00,Fox_lodging_Helen,365.2,25.6,7.0,10.6,1010.9,4.1,8,5,10,302,51394.9,2009.0,Mixed
2016-10-28 09:00:00,Fox_lodging_Helen,395.53,27.8,7.0,8.9,1011.4,5.1,9,5,10,302,51394.9,2009.0,Mixed
2016-10-28 10:00:00,Fox_lodging_Helen,430.83,29.4,7.0,8.9,1011.6,4.6,10,5,10,302,51394.9,2009.0,Mixed
2016-10-28 11:00:00,Fox_lodging_Helen,446.55,30.0,6.0,8.9,1011.4,2.6,11,5,10,302,51394.9,2009.0,Mixed
2016-10-28 12:00:00,Fox_lodging_Helen,443.28,31.1,6.0,9.4,1011.2,2.1,12,5,10,302,51394.9,2009.0,Mixed
2016-10-28 13:00:00,Fox_lodging_Helen,444.8,31.7,6.0,8.9,1010.3,2.1,13,5,10,302,51394.9,2009.0,Mixed
2016-10-28 14:00:00,Fox_lodging_Helen,451.57,32.2,6.0,8.3,1009.4,2.1,14,5,10,302,51394.9,2009.0,Mixed
2016-10-28 15:00:00,Fox_lodging_Helen,475.82,33.3,6.0,7.8,1009.1,2.6,15,5,10,302,51394.9,2009.0,Mixed
2016-10-28 16:00:00,Fox_lodging_Helen,487.8,32.2,6.0,7.2,1009.5,4.6,16,5,10,302,51394.9,2009.0,Mixed
2016-10-28 17:00:00,Fox_lodging_Helen,503.1,32.2,6.0,7.2,1009.2,4.1,17,5,10,302,51394.9,2009.0,Mixed
2016-10-28 18:00:00,Fox_lodging_Helen,512.47,31.7,5.5,5.0,1009.6,4.6,18,5,10,302,51394.9,2009.0,Mixed
2016-10-28 19:00:00,Fox_lodging_Helen,503.6,31.1,5.0,5.0,1010.3,1.5,19,5,10,302,51394.9,2009.0,Mixed
2016-10-28 20:00:00,Fox_lodging_Helen,499.3,29.4,4.5,5.6,1010.8,0.0,20,5,10,302,51394.9,2009.0,Mixed
2016-10-28 21:00:00,Fox_lodging_Helen,497.07,27.2,4.0,6.7,1011.1,0.0,21,5,10,302,51394.9,2009.0,Mixed
2016-10-28 22:00:00,Fox_lodging_Helen,532.82,26.7,4.0,6.7,1011.5,0.0,22,5,10,302,51394.9,2009.0,Mixed
2016-10-28 23:00:00,Fox_lodging_Helen,466.23,25.6,4.0,7.8,1011.7,2.1,23,5,10,302,51394.9,2009.0,Mixed
2016-10-29 00:00:00,Fox_lodging_Helen,432.3,25.0,4.0,7.2,1011.6,3.1,0,6,10,303,51394.9,2009.0,Mixed
2016-10-29 01:00:00,Fox_lodging_Helen,410.98,24.4,3.3333333333333335,8.3,1011.8,1.5,1,6,10,303,51394.9,2009.0,Mixed
2016-10-29 02:00:00,Fox_lodging_Helen,387.9,23.3,2.666666666666667,7.8,1012.1,2.6,2,6,10,303,51394.9,2009.0,Mixed
2016-10-29 03:00:00,Fox_lodging_Helen,373.53,22.8,2.0,7.8,1012.0,3.1,3,6,10,303,51394.9,2009.0,Mixed
2016-10-29 04:00:00,Fox_lodging_Helen,350.95,21.7,0.0,7.8,1012.2,3.6,4,6,10,303,51394.9,2009.0,Mixed
2016-10-29 05:00:00,Fox_lodging_Helen,346.7,21.1,0.0,7.8,1012.5,4.1,5,6,10,303,51394.9,2009.0,Mixed
2016-10-29 06:00:00,Fox_lodging_Helen,346.57,20.6,0.0,8.3,1013.1,4.1,6,6,10,303,51394.9,2009.0,Mixed
2016-10-29 07:00:00,Fox_lodging_Helen,342.08,20.6,4.0,8.3,1013.6,3.6,7,6,10,303,51394.9,2009.0,Mixed
2016-10-29 08:00:00,Fox_lodging_Helen,319.85,22.2,2.0,7.2,1014.3,3.1,8,6,10,303,51394.9,2009.0,Mixed
2016-10-29 09:00:00,Fox_lodging_Helen,331.42,25.6,2.0,7.2,1015.1,2.6,9,6,10,303,51394.9,2009.0,Mixed
2016-10-29 10:00:00,Fox_lodging_Helen,355.92,27.2,2.0,6.7,1014.7,3.6,10,6,10,303,51394.9,2009.0,Mixed
2016-10-29 11:00:00,Fox_lodging_Helen,356.85,28.9,4.0,7.8,1014.6,2.1,11,6,10,303,51394.9,2009.0,Mixed
2016-10-29 12:00:00,Fox_lodging_Helen,398.28,31.7,4.0,7.2,1013.7,3.1,12,6,10,303,51394.9,2009.0,Mixed
2016-10-29 13:00:00,Fox_lodging_Helen,420.82,32.8,4.0,7.2,1012.7,2.1,13,6,10,303,51394.9,2009.0,Mixed
2016-10-29 14:00:00,Fox_lodging_Helen,427.12,33.9,4.0,6.7,1011.9,3.1,14,6,10,303,51394.9,2009.0,Mixed
2016-10-29 15:00:00,Fox_lodging_Helen,451.07,34.4,2.0,6.1,1011.6,0.0,15,6,10,303,51394.9,2009.0,Mixed
2016-10-29 16:00:00,Fox_lodging_Helen,472.08,34.4,2.0,6.7,1011.5,2.1,16,6,10,303,51394.9,2009.0,Mixed
2016-10-29 17:00:00,Fox_lodging_Helen,505.98,34.4,2.0,6.1,1011.5,0.0,17,6,10,303,51394.9,2009.0,Mixed
2016-10-29 18:00:00,Fox_lodging_Helen,512.02,32.8,4.0,6.7,1011.6,3.1,18,6,10,303,51394.9,2009.0,Mixed
2016-10-29 19:00:00,Fox_lodging_Helen,515.77,32.2,4.0,6.7,1012.0,2.6,19,6,10,303,51394.9,2009.0,Mixed
2016-10-29 20:00:00,Fox_lodging_Helen,515.17,31.7,2.0,7.2,1012.2,3.1,20,6,10,303,51394.9,2009.0,Mixed
2016-10-29 21:00:00,Fox_lodging_Helen,507.48,28.9,0.0,7.8,1012.5,0.0,21,6,10,303,51394.9,2009.0,Mixed
2016-10-29 22:00:00,Fox_lodging_Helen,484.42,26.7,2.0,8.3,1012.8,0.0,22,6,10,303,51394.9,2009.0,Mixed
2016-10-29 23:00:00,Fox_lodging_Helen,430.87,25.6,2.0,9.4,1012.8,1.5,23,6,10,303,51394.9,2009.0,Mixed
2016-10-30 00:00:00,Fox_lodging_Helen,409.73,25.6,2.0,8.3,1012.7,1.5,0,7,10,304,51394.9,2009.0,Mixed
2016-10-30 01:00:00,Fox_lodging_Helen,397.87,24.4,0.0,8.3,1012.9,1.5,1,7,10,304,51394.9,2009.0,Mixed
2016-10-30 02:00:00,Fox_lodging_Helen,395.67,23.3,2.0,8.9,1012.7,0.0,2,7,10,304,51394.9,2009.0,Mixed
2016-10-30 03:00:00,Fox_lodging_Helen,386.85,22.8,2.0,7.8,1012.6,2.1,3,7,10,304,51394.9,2009.0,Mixed
2016-10-30 04:00:00,Fox_lodging_Helen,363.6,22.2,2.0,7.2,1012.4,1.5,4,7,10,304,51394.9,2009.0,Mixed
2016-10-30 05:00:00,Fox_lodging_Helen,344.55,22.8,2.0,6.1,1012.4,2.6,5,7,10,304,51394.9,2009.0,Mixed
2016-10-30 06:00:00,Fox_lodging_Helen,347.62,22.2,2.0,6.7,1012.6,1.5,6,7,10,304,51394.9,2009.0,Mixed
2016-10-30 07:00:00,Fox_lodging_Helen,346.42,21.7,2.8,6.7,1012.9,3.6,7,7,10,304,51394.9,2009.0,Mixed
2016-10-30 08:00:00,Fox_lodging_Helen,337.57,22.8,3.6,6.1,1013.8,4.1,8,7,10,304,51394.9,2009.0,Mixed
2016-10-30 09:00:00,Fox_lodging_Helen,350.37,24.4,4.4,7.2,1014.5,4.1,9,7,10,304,51394.9,2009.0,Mixed
2016-10-30 10:00:00,Fox_lodging_Helen,357.8,27.2,4.4,7.8,1014.4,3.1,10,7,10,304,51394.9,2009.0,Mixed
2016-10-30 11:00:00,Fox_lodging_Helen,388.63,28.3,6.0,6.7,1014.1,1.5,11,7,10,304,51394.9,2009.0,Mixed
2016-10-30 12:00:00,Fox_lodging_Helen,412.5,30.0,6.0,7.8,1013.6,1.5,12,7,10,304,51394.9,2009.0,Mixed
2016-10-30 13:00:00,Fox_lodging_Helen,429.35,32.2,6.0,7.2,1012.6,0.0,13,7,10,304,51394.9,2009.0,Mixed
2016-10-30 14:00:00,Fox_lodging_Helen,482.43,32.8,6.0,7.2,1011.8,2.6,14,7,10,304,51394.9,2009.0,Mixed
2016-10-30 15:00:00,Fox_lodging_Helen,483.73,33.3,6.0,7.8,1011.1,1.5,15,7,10,304,51394.9,2009.0,Mixed
2016-10-30 16:00:00,Fox_lodging_Helen,515.25,32.8,6.0,7.2,1010.8,2.6,16,7,10,304,51394.9,2009.0,Mixed
2016-10-30 17:00:00,Fox_lodging_Helen,539.8,32.2,6.0,8.3,1010.5,3.1,17,7,10,304,51394.9,2009.0,Mixed
2016-10-30 18:00:00,Fox_lodging_Helen,556.32,31.7,6.0,8.3,1010.6,2.1,18,7,10,304,51394.9,2009.0,Mixed
2016-10-30 19:00:00,Fox_lodging_Helen,544.42,31.1,6.0,8.3,1011.0,1.5,19,7,10,304,51394.9,2009.0,Mixed
2016-10-30 20:00:00,Fox_lodging_Helen,541.07,28.9,6.0,8.9,1011.1,0.0,20,7,10,304,51394.9,2009.0,Mixed
2016-10-30 21:00:00,Fox_lodging_Helen,573.22,27.8,6.0,8.9,1011.1,0.0,21,7,10,304,51394.9,2009.0,Mixed
2016-10-30 22:00:00,Fox_lodging_Helen,575.37,25.6,6.0,9.4,1011.5,1.5,22,7,10,304,51394.9,2009.0,Mixed
2016-10-30 23:00:00,Fox_lodging_Helen,527.98,25.6,6.0,8.3,1011.7,0.0,23,7,10,304,51394.9,2009.0,Mixed
2016-10-31 00:00:00,Fox_lodging_Helen,493.37,27.8,5.333333333333333,7.2,1011.3,4.6,0,1,10,305,51394.9,2009.0,Mixed
2016-10-31 01:00:00,Fox_lodging_Helen,446.57,24.4,4.666666666666667,7.8,1011.3,2.6,1,1,10,305,51394.9,2009.0,Mixed
2016-10-31 02:00:00,Fox_lodging_Helen,391.12,23.3,4.0,10.0,1011.2,3.6,2,1,10,305,51394.9,2009.0,Mixed
2016-10-31 03:00:00,Fox_lodging_Helen,357.18,22.2,4.0,9.4,1011.0,2.6,3,1,10,305,51394.9,2009.0,Mixed
2016-10-31 04:00:00,Fox_lodging_Helen,345.37,21.7,4.0,8.9,1010.5,2.6,4,1,10,305,51394.9,2009.0,Mixed
2016-10-31 05:00:00,Fox_lodging_Helen,341.37,20.6,4.0,8.3,1010.6,4.1,5,1,10,305,51394.9,2009.0,Mixed
2016-10-31 06:00:00,Fox_lodging_Helen,346.7,20.6,2.0,7.8,1010.7,3.6,6,1,10,305,51394.9,2009.0,Mixed
2016-10-31 07:00:00,Fox_lodging_Helen,356.67,20.0,2.0,7.8,1011.2,3.6,7,1,10,305,51394.9,2009.0,Mixed
2016-10-31 08:00:00,Fox_lodging_Helen,371.2,21.1,3.0,8.3,1011.8,2.6,8,1,10,305,51394.9,2009.0,Mixed
2016-10-31 09:00:00,Fox_lodging_Helen,399.95,23.9,4.0,7.2,1012.3,3.1,9,1,10,305,51394.9,2009.0,Mixed
2016-10-31 10:00:00,Fox_lodging_Helen,369.28,25.0,5.0,7.2,1012.5,2.6,10,1,10,305,51394.9,2009.0,Mixed
2016-10-31 11:00:00,Fox_lodging_Helen,393.63,27.2,6.0,7.8,1012.0,1.5,11,1,10,305,51394.9,2009.0,Mixed
2016-10-31 12:00:00,Fox_lodging_Helen,401.93,27.8,6.0,8.3,1011.4,0.0,12,1,10,305,51394.9,2009.0,Mixed
2016-10-31 13:00:00,Fox_lodging_Helen,395.57,28.9,6.0,8.9,1010.2,0.0,13,1,10,305,51394.9,2009.0,Mixed
2016-10-31 14:00:00,Fox_lodging_Helen,436.02,28.9,6.0,9.4,1009.2,1.5,14,1,10,305,51394.9,2009.0,Mixed
2016-10-31 15:00:00,Fox_lodging_Helen,466.15,29.4,6.0,10.6,1008.7,2.1,15,1,10,305,51394.9,2009.0,Mixed
2016-10-31 16:00:00,Fox_lodging_Helen,493.52,28.9,6.0,11.7,1008.6,4.6,16,1,10,305,51394.9,2009.0,Mixed
2016-10-31 17:00:00,Fox_lodging_Helen,515.57,28.3,6.0,11.7,1008.2,3.6,17,1,10,305,51394.9,2009.0,Mixed
2016-10-31 18:00:00,Fox_lodging_Helen,521.88,27.2,6.0,11.7,1008.2,4.6,18,1,10,305,51394.9,2009.0,Mixed
2016-10-31 19:00:00,Fox_lodging_Helen,532.5,26.7,6.0,11.7,1008.4,3.6,19,1,10,305,51394.9,2009.0,Mixed
2016-10-31 20:00:00,Fox_lodging_Helen,545.13,26.1,6.0,11.7,1008.9,5.7,20,1,10,305,51394.9,2009.0,Mixed
2016-10-31 21:00:00,Fox_lodging_Helen,544.17,25.0,6.0,8.9,1009.3,3.6,21,1,10,305,51394.9,2009.0,Mixed
2016-10-31 22:00:00,Fox_lodging_Helen,546.87,24.4,6.0,7.8,1009.8,4.6,22,1,10,305,51394.9,2009.0,Mixed
2016-10-31 23:00:00,Fox_lodging_Helen,515.03,23.3,6.0,8.3,1009.8,2.6,23,1,10,305,51394.9,2009.0,Mixed
2016-11-01 00:00:00,Fox_lodging_Helen,480.17,23.9,6.0,3.9,1009.8,4.6,0,2,11,306,51394.9,2009.0,Mixed
2016-11-01 01:00:00,Fox_lodging_Helen,424.9,23.3,6.0,2.8,1010.0,2.6,1,2,11,306,51394.9,2009.0,Mixed
2016-11-01 02:00:00,Fox_lodging_Helen,372.8,22.8,6.0,1.7,1010.2,2.6,2,2,11,306,51394.9,2009.0,Mixed
2016-11-01 03:00:00,Fox_lodging_Helen,348.97,22.2,6.0,2.8,1010.0,0.0,3,2,11,306,51394.9,2009.0,Mixed
2016-11-01 04:00:00,Fox_lodging_Helen,334.82,20.6,6.0,5.0,1009.9,2.1,4,2,11,306,51394.9,2009.0,Mixed
2016-11-01 05:00:00,Fox_lodging_Helen,333.83,20.0,6.0,6.1,1010.0,1.5,5,2,11,306,51394.9,2009.0,Mixed
2016-11-01 06:00:00,Fox_lodging_Helen,336.38,18.9,5.5,5.0,1010.7,0.0,6,2,11,306,51394.9,2009.0,Mixed
2016-11-01 07:00:00,Fox_lodging_Helen,343.48,19.4,5.0,5.0,1011.0,2.1,7,2,11,306,51394.9,2009.0,Mixed
2016-11-01 08:00:00,Fox_lodging_Helen,356.25,20.0,4.5,7.2,1011.6,1.5,8,2,11,306,51394.9,2009.0,Mixed
2016-11-01 09:00:00,Fox_lodging_Helen,359.13,21.1,4.0,5.6,1012.0,1.5,9,2,11,306,51394.9,2009.0,Mixed
2016-11-01 10:00:00,Fox_lodging_Helen,370.9,22.8,4.0,4.4,1012.0,0.0,10,2,11,306,51394.9,2009.0,Mixed
2016-11-01 11:00:00,Fox_lodging_Helen,384.9,23.9,2.0,4.4,1011.8,0.0,11,2,11,306,51394.9,2009.0,Mixed
2016-11-01 12:00:00,Fox_lodging_Helen,401.3,24.4,2.0,3.9,1011.4,1.5,12,2,11,306,51394.9,2009.0,Mixed
2016-11-01 13:00:00,Fox_lodging_Helen,389.07,25.6,2.0,3.9,1010.5,3.1,13,2,11,306,51394.9,2009.0,Mixed
2016-11-01 14:00:00,Fox_lodging_Helen,387.58,26.1,2.0,4.4,1009.8,2.6,14,2,11,306,51394.9,2009.0,Mixed
2016-11-01 15:00:00,Fox_lodging_Helen,430.45,26.7,2.0,5.0,1009.3,2.6,15,2,11,306,51394.9,2009.0,Mixed
2016-11-01 16:00:00,Fox_lodging_Helen,478.05,26.7,2.0,4.4,1009.3,3.1,16,2,11,306,51394.9,2009.0,Mixed
2016-11-01 17:00:00,Fox_lodging_Helen,517.97,25.6,2.0,3.9,1009.0,0.0,17,2,11,306,51394.9,2009.0,Mixed
2016-11-01 18:00:00,Fox_lodging_Helen,517.88,25.0,2.0,3.9,1009.2,3.6,18,2,11,306,51394.9,2009.0,Mixed
2016-11-01 19:00:00,Fox_lodging_Helen,504.3,25.0,4.0,3.3,1009.7,3.1,19,2,11,306,51394.9,2009.0,Mixed
2016-11-01 20:00:00,Fox_lodging_Helen,529.0,24.4,4.0,3.9,1010.0,2.6,20,2,11,306,51394.9,2009.0,Mixed
2016-11-01 21:00:00,Fox_lodging_Helen,533.63,23.9,4.0,2.2,1010.6,4.6,21,2,11,306,51394.9,2009.0,Mixed
2016-11-01 22:00:00,Fox_lodging_Helen,527.33,21.1,2.0,3.3,1011.1,1.5,22,2,11,306,51394.9,2009.0,Mixed
2016-11-01 23:00:00,Fox_lodging_Helen,499.52,21.1,2.0,2.2,1011.4,0.0,23,2,11,306,51394.9,2009.0,Mixed
2016-11-02 00:00:00,Fox_lodging_Helen,468.23,18.9,4.0,2.8,1011.6,2.6,0,3,11,307,51394.9,2009.0,Mixed
2016-11-02 01:00:00,Fox_lodging_Helen,413.67,19.4,4.0,1.1,1011.5,0.0,1,3,11,307,51394.9,2009.0,Mixed
2016-11-02 02:00:00,Fox_lodging_Helen,381.47,20.6,4.0,-0.6,1011.4,2.6,2,3,11,307,51394.9,2009.0,Mixed
2016-11-02 03:00:00,Fox_lodging_Helen,348.58,20.0,4.0,0.0,1011.8,2.6,3,3,11,307,51394.9,2009.0,Mixed
2016-11-02 04:00:00,Fox_lodging_Helen,334.23,17.2,4.0,1.1,1011.8,1.5,4,3,11,307,51394.9,2009.0,Mixed
2016-11-02 05:00:00,Fox_lodging_Helen,331.53,17.2,0.0,1.1,1011.4,1.5,5,3,11,307,51394.9,2009.0,Mixed
2016-11-02 06:00:00,Fox_lodging_Helen,332.77,16.7,2.0,3.3,1012.3,0.0,6,3,11,307,51394.9,2009.0,Mixed
2016-11-02 07:00:00,Fox_lodging_Helen,347.22,15.6,2.0,3.3,1012.7,2.6,7,3,11,307,51394.9,2009.0,Mixed
2016-11-02 08:00:00,Fox_lodging_Helen,352.33,17.8,2.0,2.8,1013.3,0.0,8,3,11,307,51394.9,2009.0,Mixed
2016-11-02 09:00:00,Fox_lodging_Helen,343.18,20.0,2.0,4.4,1013.5,2.6,9,3,11,307,51394.9,2009.0,Mixed
2016-11-02 10:00:00,Fox_lodging_Helen,330.82,22.2,2.0,4.4,1013.4,0.0,10,3,11,307,51394.9,2009.0,Mixed
2016-11-02 11:00:00,Fox_lodging_Helen,361.05,23.3,2.0,2.8,1013.3,2.1,11,3,11,307,51394.9,2009.0,Mixed
2016-11-02 12:00:00,Fox_lodging_Helen,355.33,25.0,2.0,3.3,1012.7,2.6,12,3,11,307,51394.9,2009.0,Mixed
2016-11-02 13:00:00,Fox_lodging_Helen,370.35,26.1,2.0,3.9,1011.9,2.1,13,3,11,307,51394.9,2009.0,Mixed
2016-11-02 14:00:00,Fox_lodging_Helen,396.0,26.7,2.0,4.4,1011.3,2.6,14,3,11,307,51394.9,2009.0,Mixed
2016-11-02 15:00:00,Fox_lodging_Helen,403.93,28.3,2.0,5.0,1010.9,3.1,15,3,11,307,51394.9,2009.0,Mixed
2016-11-02 16:00:00,Fox_lodging_Helen,431.7,27.8,2.0,5.0,1010.8,1.5,16,3,11,307,51394.9,2009.0,Mixed
2016-11-02 17:00:00,Fox_lodging_Helen,460.8,27.8,2.0,5.0,1010.8,4.1,17,3,11,307,51394.9,2009.0,Mixed
2016-11-02 18:00:00,Fox_lodging_Helen,490.0,26.7,2.0,5.6,1010.9,3.6,18,3,11,307,51394.9,2009.0,Mixed
2016-11-02 19:00:00,Fox_lodging_Helen,471.5,25.6,2.0,5.6,1011.5,3.1,19,3,11,307,51394.9,2009.0,Mixed
2016-11-02 20:00:00,Fox_lodging_Helen,487.45,25.6,2.0,5.0,1011.9,4.1,20,3,11,307,51394.9,2009.0,Mixed
2016-11-02 21:00:00,Fox_lodging_Helen,520.27,22.2,4.0,5.6,1012.5,2.6,21,3,11,307,51394.9,2009.0,Mixed
2016-11-02 22:00:00,Fox_lodging_Helen,517.78,23.3,5.0,2.8,1012.9,4.1,22,3,11,307,51394.9,2009.0,Mixed
2016-11-02 23:00:00,Fox_lodging_Helen,504.83,22.2,6.0,3.9,1013.7,1.5,23,3,11,307,51394.9,2009.0,Mixed
2016-11-03 00:00:00,Fox_lodging_Helen,452.88,20.6,6.0,6.7,1014.3,0.0,0,4,11,308,51394.9,2009.0,Mixed
2016-11-03 01:00:00,Fox_lodging_Helen,404.3,21.1,6.0,6.1,1013.9,1.5,1,4,11,308,51394.9,2009.0,Mixed
2016-11-03 02:00:00,Fox_lodging_Helen,377.35,21.1,6.0,6.7,1014.4,2.6,2,4,11,308,51394.9,2009.0,Mixed
2016-11-03 03:00:00,Fox_lodging_Helen,347.43,23.3,6.0,7.2,1013.5,4.1,3,4,11,308,51394.9,2009.0,Mixed
2016-11-03 04:00:00,Fox_lodging_Helen,332.82,22.2,6.0,7.2,1013.6,2.6,4,4,11,308,51394.9,2009.0,Mixed
2016-11-03 05:00:00,Fox_lodging_Helen,334.8,22.2,6.0,7.2,1014.6,4.6,5,4,11,308,51394.9,2009.0,Mixed
2016-11-03 06:00:00,Fox_lodging_Helen,342.2,22.8,5.5,8.3,1013.8,6.7,6,4,11,308,51394.9,2009.0,Mixed
2016-11-03 07:00:00,Fox_lodging_Helen,351.0,23.3,5.0,7.2,1013.8,8.2,7,4,11,308,51394.9,2009.0,Mixed
2016-11-03 08:00:00,Fox_lodging_Helen,372.6,21.7,4.5,10.0,1015.1,6.7,8,4,11,308,51394.9,2009.0,Mixed
2016-11-03 09:00:00,Fox_lodging_Helen,359.88,22.2,4.0,9.4,1016.1,6.7,9,4,11,308,51394.9,2009.0,Mixed
2016-11-03 10:00:00,Fox_lodging_Helen,364.82,23.3,4.0,9.4,1016.0,6.7,10,4,11,308,51394.9,2009.0,Mixed
2016-11-03 11:00:00,Fox_lodging_Helen,377.15,27.2,4.0,8.3,1015.8,7.2,11,4,11,308,51394.9,2009.0,Mixed
2016-11-03 12:00:00,Fox_lodging_Helen,388.93,27.2,4.0,7.8,1015.2,8.2,12,4,11,308,51394.9,2009.0,Mixed
2016-11-03 13:00:00,Fox_lodging_Helen,388.9,28.3,4.0,8.9,1014.1,9.3,13,4,11,308,51394.9,2009.0,Mixed
2016-11-03 14:00:00,Fox_lodging_Helen,412.67,28.3,4.0,8.3,1013.1,8.8,14,4,11,308,51394.9,2009.0,Mixed
2016-11-03 15:00:00,Fox_lodging_Helen,474.03,27.2,4.222222222222222,8.3,1012.8,8.2,15,4,11,308,51394.9,2009.0,Mixed
2016-11-03 16:00:00,Fox_lodging_Helen,507.65,21.7,4.444444444444445,11.1,1014.2,8.8,16,4,11,308,51394.9,2009.0,Mixed
2016-11-03 17:00:00,Fox_lodging_Helen,506.83,17.8,4.666666666666667,13.9,1015.7,7.7,17,4,11,308,51394.9,2009.0,Mixed
2016-11-03 18:00:00,Fox_lodging_Helen,494.18,18.9,4.666666666666667,14.4,1015.9,6.2,18,4,11,308,51394.9,2009.0,Mixed
2016-11-03 19:00:00,Fox_lodging_Helen,502.67,19.4,4.666666666666667,13.3,1013.9,7.2,19,4,11,308,51394.9,2009.0,Mixed
2016-11-03 20:00:00,Fox_lodging_Helen,532.47,18.9,4.666666666666667,14.4,1015.5,2.1,20,4,11,308,51394.9,2009.0,Mixed
2016-11-03 21:00:00,Fox_lodging_Helen,541.8,18.3,4.666666666666667,14.4,1015.3,2.1,21,4,11,308,51394.9,2009.0,Mixed
2016-11-03 22:00:00,Fox_lodging_Helen,521.77,18.9,4.666666666666667,14.4,1015.3,1.5,22,4,11,308,51394.9,2009.0,Mixed
2016-11-03 23:00:00,Fox_lodging_Helen,495.7,17.2,6.0,15.6,1015.3,0.0,23,4,11,308,51394.9,2009.0,Mixed
2016-11-04 00:00:00,Fox_lodging_Helen,460.93,18.3,5.5,13.3,1014.6,3.6,0,5,11,309,51394.9,2009.0,Mixed
2016-11-04 01:00:00,Fox_lodging_Helen,415.67,17.8,5.0,13.9,1014.5,0.0,1,5,11,309,51394.9,2009.0,Mixed
2016-11-04 02:00:00,Fox_lodging_Helen,365.85,18.3,4.5,12.8,1014.9,0.0,2,5,11,309,51394.9,2009.0,Mixed
2016-11-04 03:00:00,Fox_lodging_Helen,354.27,18.9,4.0,12.8,1015.0,2.6,3,5,11,309,51394.9,2009.0,Mixed
2016-11-04 04:00:00,Fox_lodging_Helen,325.43,17.8,4.0,13.3,1015.4,2.1,4,5,11,309,51394.9,2009.0,Mixed
2016-11-04 05:00:00,Fox_lodging_Helen,329.33,16.7,4.0,13.3,1015.9,3.1,5,5,11,309,51394.9,2009.0,Mixed
2016-11-04 06:00:00,Fox_lodging_Helen,331.97,16.7,4.0,13.9,1016.1,1.5,6,5,11,309,51394.9,2009.0,Mixed
2016-11-04 07:00:00,Fox_lodging_Helen,348.78,15.6,4.0,13.9,1016.6,1.5,7,5,11,309,51394.9,2009.0,Mixed
2016-11-04 08:00:00,Fox_lodging_Helen,368.57,16.7,4.0,13.9,1017.7,0.0,8,5,11,309,51394.9,2009.0,Mixed
2016-11-04 09:00:00,Fox_lodging_Helen,372.88,16.7,4.0,13.9,1018.0,0.0,9,5,11,309,51394.9,2009.0,Mixed
2016-11-04 10:00:00,Fox_lodging_Helen,350.75,18.3,4.0,13.9,1018.3,4.6,10,5,11,309,51394.9,2009.0,Mixed
2016-11-04 11:00:00,Fox_lodging_Helen,372.27,22.2,4.0,11.1,1017.6,2.6,11,5,11,309,51394.9,2009.0,Mixed
2016-11-04 12:00:00,Fox_lodging_Helen,398.28,23.9,4.0,13.3,1016.9,3.6,12,5,11,309,51394.9,2009.0,Mixed
2016-11-04 13:00:00,Fox_lodging_Helen,421.73,25.0,4.0,13.3,1015.8,3.1,13,5,11,309,51394.9,2009.0,Mixed
2016-11-04 14:00:00,Fox_lodging_Helen,431.07,25.0,4.0,11.7,1014.9,2.1,14,5,11,309,51394.9,2009.0,Mixed
2016-11-04 15:00:00,Fox_lodging_Helen,421.48,25.6,4.0,11.1,1014.5,2.1,15,5,11,309,51394.9,2009.0,Mixed
2016-11-04 16:00:00,Fox_lodging_Helen,477.75,26.1,2.0,11.7,1014.5,2.6,16,5,11,309,51394.9,2009.0,Mixed
2016-11-04 17:00:00,Fox_lodging_Helen,495.5,25.0,2.0,11.1,1014.4,3.1,17,5,11,309,51394.9,2009.0,Mixed
2016-11-04 18:00:00,Fox_lodging_Helen,496.68,23.9,4.0,11.7,1014.6,2.1,18,5,11,309,51394.9,2009.0,Mixed
2016-11-04 19:00:00,Fox_lodging_Helen,487.75,22.8,2.0,11.7,1015.1,2.6,19,5,11,309,51394.9,2009.0,Mixed
2016-11-04 20:00:00,Fox_lodging_Helen,459.48,22.2,4.0,12.2,1015.6,0.0,20,5,11,309,51394.9,2009.0,Mixed
2016-11-04 21:00:00,Fox_lodging_Helen,451.12,22.8,3.0,11.7,1016.0,2.1,21,5,11,309,51394.9,2009.0,Mixed
2016-11-04 22:00:00,Fox_lodging_Helen,435.57,20.6,2.0,13.3,1016.1,3.1,22,5,11,309,51394.9,2009.0,Mixed
2016-11-04 23:00:00,Fox_lodging_Helen,428.75,20.0,2.0,13.3,1015.9,2.1,23,5,11,309,51394.9,2009.0,Mixed
2016-11-05 00:00:00,Fox_lodging_Helen,417.23,20.0,2.0,12.2,1015.9,0.0,0,6,11,310,51394.9,2009.0,Mixed
2016-11-05 01:00:00,Fox_lodging_Helen,407.75,18.9,2.0,12.8,1015.5,1.5,1,6,11,310,51394.9,2009.0,Mixed
2016-11-05 02:00:00,Fox_lodging_Helen,374.12,17.8,2.0,14.4,1015.2,1.5,2,6,11,310,51394.9,2009.0,Mixed
2016-11-05 03:00:00,Fox_lodging_Helen,349.18,18.3,2.0,13.9,1015.1,0.0,3,6,11,310,51394.9,2009.0,Mixed
2016-11-05 04:00:00,Fox_lodging_Helen,324.67,17.8,2.0,13.3,1014.9,2.6,4,6,11,310,51394.9,2009.0,Mixed
2016-11-05 05:00:00,Fox_lodging_Helen,321.47,17.2,0.0,13.3,1015.0,2.1,5,6,11,310,51394.9,2009.0,Mixed
2016-11-05 06:00:00,Fox_lodging_Helen,323.15,16.7,0.0,12.8,1015.4,2.1,6,6,11,310,51394.9,2009.0,Mixed
2016-11-05 07:00:00,Fox_lodging_Helen,332.72,16.7,2.0,13.3,1015.7,1.5,7,6,11,310,51394.9,2009.0,Mixed
2016-11-05 08:00:00,Fox_lodging_Helen,308.32,17.8,2.0,13.3,1016.5,2.1,8,6,11,310,51394.9,2009.0,Mixed
2016-11-05 09:00:00,Fox_lodging_Helen,297.37,20.0,2.0,12.8,1016.2,3.6,9,6,11,310,51394.9,2009.0,Mixed
2016-11-05 10:00:00,Fox_lodging_Helen,296.97,22.2,2.0,11.7,1016.3,2.1,10,6,11,310,51394.9,2009.0,Mixed
2016-11-05 11:00:00,Fox_lodging_Helen,315.43,23.9,2.0,11.1,1015.8,2.1,11,6,11,310,51394.9,2009.0,Mixed
2016-11-05 12:00:00,Fox_lodging_Helen,339.13,25.0,2.0,10.6,1014.9,2.1,12,6,11,310,51394.9,2009.0,Mixed
2016-11-05 13:00:00,Fox_lodging_Helen,413.45,26.1,2.0,10.0,1013.7,0.0,13,6,11,310,51394.9,2009.0,Mixed
2016-11-05 14:00:00,Fox_lodging_Helen,394.27,26.1,2.0,8.9,1012.9,2.1,14,6,11,310,51394.9,2009.0,Mixed
2016-11-05 15:00:00,Fox_lodging_Helen,426.93,27.2,2.0,8.9,1012.4,2.6,15,6,11,310,51394.9,2009.0,Mixed
2016-11-05 16:00:00,Fox_lodging_Helen,440.92,27.2,2.0,9.4,1012.3,2.6,16,6,11,310,51394.9,2009.0,Mixed
2016-11-05 17:00:00,Fox_lodging_Helen,463.32,26.7,2.0,9.4,1012.2,1.5,17,6,11,310,51394.9,2009.0,Mixed
2016-11-05 18:00:00,Fox_lodging_Helen,483.27,25.6,2.0,10.0,1012.5,2.6,18,6,11,310,51394.9,2009.0,Mixed
2016-11-05 19:00:00,Fox_lodging_Helen,481.7,24.4,0.0,11.1,1012.8,0.0,19,6,11,310,51394.9,2009.0,Mixed
2016-11-05 20:00:00,Fox_lodging_Helen,463.05,23.3,0.0,11.1,1013.1,0.0,20,6,11,310,51394.9,2009.0,Mixed
2016-11-05 21:00:00,Fox_lodging_Helen,462.53,22.8,0.0,11.7,1013.3,0.0,21,6,11,310,51394.9,2009.0,Mixed
2016-11-05 22:00:00,Fox_lodging_Helen,443.78,21.7,0.0,11.7,1013.5,0.0,22,6,11,310,51394.9,2009.0,Mixed
2016-11-05 23:00:00,Fox_lodging_Helen,466.1,20.0,2.0,12.8,1013.6,2.1,23,6,11,310,51394.9,2009.0,Mixed
2016-11-06 00:00:00,Fox_lodging_Helen,418.52,20.6,2.0,12.2,1013.7,2.1,0,7,11,311,51394.9,2009.0,Mixed
2016-11-06 01:00:00,Fox_lodging_Helen,396.78,20.0,0.0,12.2,1013.6,2.1,1,7,11,311,51394.9,2009.0,Mixed
2016-11-06 02:00:00,Fox_lodging_Helen,367.58,19.4,0.0,12.2,1013.7,2.6,2,7,11,311,51394.9,2009.0,Mixed
2016-11-06 03:00:00,Fox_lodging_Helen,344.55,18.3,0.0,12.8,1013.9,2.6,3,7,11,311,51394.9,2009.0,Mixed
2016-11-06 04:00:00,Fox_lodging_Helen,330.95,17.8,0.0,12.8,1013.9,3.1,4,7,11,311,51394.9,2009.0,Mixed
2016-11-06 05:00:00,Fox_lodging_Helen,327.35,17.8,2.0,12.8,1014.3,2.1,5,7,11,311,51394.9,2009.0,Mixed
2016-11-06 06:00:00,Fox_lodging_Helen,334.08,17.8,2.0,11.7,1014.6,3.1,6,7,11,311,51394.9,2009.0,Mixed
2016-11-06 07:00:00,Fox_lodging_Helen,332.97,16.1,0.0,12.2,1015.4,2.6,7,7,11,311,51394.9,2009.0,Mixed
2016-11-06 08:00:00,Fox_lodging_Helen,318.83,17.8,0.0,12.2,1015.9,3.1,8,7,11,311,51394.9,2009.0,Mixed
2016-11-06 09:00:00,Fox_lodging_Helen,301.17,20.0,0.0,11.1,1016.2,4.1,9,7,11,311,51394.9,2009.0,Mixed
2016-11-06 10:00:00,Fox_lodging_Helen,346.85,21.7,0.0,11.7,1016.5,3.1,10,7,11,311,51394.9,2009.0,Mixed
2016-11-06 11:00:00,Fox_lodging_Helen,344.22,23.3,0.0,11.1,1016.2,2.1,11,7,11,311,51394.9,2009.0,Mixed
2016-11-06 12:00:00,Fox_lodging_Helen,368.12,23.9,2.0,11.1,1015.6,0.0,12,7,11,311,51394.9,2009.0,Mixed
2016-11-06 13:00:00,Fox_lodging_Helen,368.58,26.1,2.0,10.6,1014.8,1.5,13,7,11,311,51394.9,2009.0,Mixed
2016-11-06 14:00:00,Fox_lodging_Helen,104.81,27.2,2.0,10.0,1014.1,0.0,14,7,11,311,51394.9,2009.0,Mixed
2016-11-06 15:00:00,Fox_lodging_Helen,444.23,27.8,4.0,10.0,1013.8,2.6,15,7,11,311,51394.9,2009.0,Mixed
2016-11-06 16:00:00,Fox_lodging_Helen,465.58,28.3,4.0,8.9,1013.9,3.1,16,7,11,311,51394.9,2009.0,Mixed
2016-11-06 17:00:00,Fox_lodging_Helen,504.3,27.8,4.0,9.4,1013.9,3.6,17,7,11,311,51394.9,2009.0,Mixed
2016-11-06 18:00:00,Fox_lodging_Helen,503.12,26.7,2.0,8.9,1013.8,0.0,18,7,11,311,51394.9,2009.0,Mixed
2016-11-06 19:00:00,Fox_lodging_Helen,511.32,25.6,2.0,10.0,1014.4,0.0,19,7,11,311,51394.9,2009.0,Mixed
2016-11-06 20:00:00,Fox_lodging_Helen,552.55,23.9,0.0,11.1,1014.6,0.0,20,7,11,311,51394.9,2009.0,Mixed
2016-11-06 21:00:00,Fox_lodging_Helen,567.57,22.8,0.0,11.1,1014.7,2.6,21,7,11,311,51394.9,2009.0,Mixed
2016-11-06 22:00:00,Fox_lodging_Helen,518.77,22.2,4.0,12.2,1014.7,3.1,22,7,11,311,51394.9,2009.0,Mixed
2016-11-06 23:00:00,Fox_lodging_Helen,526.4,20.0,4.0,11.7,1015.1,3.6,23,7,11,311,51394.9,2009.0,Mixed
2016-11-07 00:00:00,Fox_lodging_Helen,503.9,20.6,4.0,11.7,1015.2,3.6,0,1,11,312,51394.9,2009.0,Mixed
2016-11-07 01:00:00,Fox_lodging_Helen,370.5,20.0,2.0,11.7,1015.4,2.1,1,1,11,312,51394.9,2009.0,Mixed
2016-11-07 02:00:00,Fox_lodging_Helen,471.05,19.4,2.0,11.7,1015.5,2.1,2,1,11,312,51394.9,2009.0,Mixed
2016-11-07 03:00:00,Fox_lodging_Helen,445.45,18.9,2.0,11.7,1015.5,1.5,3,1,11,312,51394.9,2009.0,Mixed
2016-11-07 04:00:00,Fox_lodging_Helen,425.43,17.8,2.0,11.7,1015.5,2.1,4,1,11,312,51394.9,2009.0,Mixed
2016-11-07 05:00:00,Fox_lodging_Helen,388.57,17.2,0.0,12.2,1016.0,3.1,5,1,11,312,51394.9,2009.0,Mixed
2016-11-07 06:00:00,Fox_lodging_Helen,369.35,17.2,0.0,11.7,1016.5,2.6,6,1,11,312,51394.9,2009.0,Mixed
2016-11-07 07:00:00,Fox_lodging_Helen,375.07,16.7,2.0,12.2,1017.2,3.6,7,1,11,312,51394.9,2009.0,Mixed
2016-11-07 08:00:00,Fox_lodging_Helen,360.15,17.8,2.0,11.7,1018.1,3.1,8,1,11,312,51394.9,2009.0,Mixed
2016-11-07 09:00:00,Fox_lodging_Helen,363.03,20.0,4.0,11.7,1018.6,2.1,9,1,11,312,51394.9,2009.0,Mixed
2016-11-07 10:00:00,Fox_lodging_Helen,367.18,21.7,4.0,11.1,1018.7,2.1,10,1,11,312,51394.9,2009.0,Mixed
2016-11-07 11:00:00,Fox_lodging_Helen,403.6,24.4,2.0,10.0,1018.5,0.0,11,1,11,312,51394.9,2009.0,Mixed
2016-11-07 12:00:00,Fox_lodging_Helen,457.65,26.1,2.0,10.0,1017.8,1.5,12,1,11,312,51394.9,2009.0,Mixed
2016-11-07 13:00:00,Fox_lodging_Helen,459.83,27.2,2.0,9.4,1016.6,0.0,13,1,11,312,51394.9,2009.0,Mixed
2016-11-07 14:00:00,Fox_lodging_Helen,463.53,28.3,2.0,8.9,1015.6,2.1,14,1,11,312,51394.9,2009.0,Mixed
2016-11-07 15:00:00,Fox_lodging_Helen,474.0,28.9,4.0,8.3,1015.1,2.1,15,1,11,312,51394.9,2009.0,Mixed
2016-11-07 16:00:00,Fox_lodging_Helen,496.17,29.4,4.0,8.9,1015.0,3.1,16,1,11,312,51394.9,2009.0,Mixed
2016-11-07 17:00:00,Fox_lodging_Helen,542.62,28.9,4.0,9.4,1014.8,3.1,17,1,11,312,51394.9,2009.0,Mixed
2016-11-07 18:00:00,Fox_lodging_Helen,581.12,26.7,2.0,10.0,1015.0,1.5,18,1,11,312,51394.9,2009.0,Mixed
2016-11-07 19:00:00,Fox_lodging_Helen,556.88,25.6,0.0,11.1,1015.5,2.1,19,1,11,312,51394.9,2009.0,Mixed
2016-11-07 20:00:00,Fox_lodging_Helen,575.82,25.0,0.0,11.1,1015.9,0.0,20,1,11,312,51394.9,2009.0,Mixed
2016-11-07 21:00:00,Fox_lodging_Helen,583.3,23.9,0.0,11.7,1016.4,0.0,21,1,11,312,51394.9,2009.0,Mixed
2016-11-07 22:00:00,Fox_lodging_Helen,597.63,23.3,0.0,10.6,1016.6,2.1,22,1,11,312,51394.9,2009.0,Mixed
2016-11-07 23:00:00,Fox_lodging_Helen,586.57,21.1,0.0,11.7,1017.0,0.0,23,1,11,312,51394.9,2009.0,Mixed
2016-11-08 00:00:00,Fox_lodging_Helen,575.03,22.2,0.0,11.1,1016.6,0.0,0,2,11,313,51394.9,2009.0,Mixed
2016-11-08 01:00:00,Fox_lodging_Helen,541.6,20.6,0.0,11.1,1016.7,0.0,1,2,11,313,51394.9,2009.0,Mixed
2016-11-08 02:00:00,Fox_lodging_Helen,452.65,19.4,0.0,12.2,1016.6,2.1,2,2,11,313,51394.9,2009.0,Mixed
2016-11-08 03:00:00,Fox_lodging_Helen,387.82,18.3,0.0,12.2,1016.6,0.0,3,2,11,313,51394.9,2009.0,Mixed
2016-11-08 04:00:00,Fox_lodging_Helen,364.85,22.8,4.0,6.7,1016.6,3.1,4,2,11,313,51394.9,2009.0,Mixed
2016-11-08 05:00:00,Fox_lodging_Helen,355.62,21.1,6.0,8.3,1016.9,2.6,5,2,11,313,51394.9,2009.0,Mixed
2016-11-08 06:00:00,Fox_lodging_Helen,348.42,20.6,5.5,7.2,1017.6,3.1,6,2,11,313,51394.9,2009.0,Mixed
2016-11-08 07:00:00,Fox_lodging_Helen,353.73,20.6,5.0,7.2,1018.0,2.1,7,2,11,313,51394.9,2009.0,Mixed
2016-11-08 08:00:00,Fox_lodging_Helen,350.93,23.3,4.5,6.1,1018.5,6.2,8,2,11,313,51394.9,2009.0,Mixed
2016-11-08 09:00:00,Fox_lodging_Helen,351.63,25.6,4.0,5.6,1019.2,6.7,9,2,11,313,51394.9,2009.0,Mixed
2016-11-08 10:00:00,Fox_lodging_Helen,380.18,27.8,2.0,5.6,1019.5,6.7,10,2,11,313,51394.9,2009.0,Mixed
2016-11-08 11:00:00,Fox_lodging_Helen,410.83,28.9,2.0,5.6,1019.2,3.6,11,2,11,313,51394.9,2009.0,Mixed
2016-11-08 12:00:00,Fox_lodging_Helen,400.02,31.1,2.0,3.9,1018.3,8.2,12,2,11,313,51394.9,2009.0,Mixed
2016-11-08 13:00:00,Fox_lodging_Helen,400.23,31.7,2.0,3.9,1017.1,7.2,13,2,11,313,51394.9,2009.0,Mixed
2016-11-08 14:00:00,Fox_lodging_Helen,449.4,31.7,2.0,3.9,1016.6500000000001,4.6,14,2,11,313,51394.9,2009.0,Mixed
2016-11-08 15:00:00,Fox_lodging_Helen,451.72,31.7,2.0,2.8,1016.2,6.7,15,2,11,313,51394.9,2009.0,Mixed
2016-11-08 16:00:00,Fox_lodging_Helen,487.2,31.7,2.0,3.3,1015.9,5.1,16,2,11,313,51394.9,2009.0,Mixed
2016-11-08 17:00:00,Fox_lodging_Helen,499.03,31.1,4.0,3.3,1015.8,4.6,17,2,11,313,51394.9,2009.0,Mixed
2016-11-08 18:00:00,Fox_lodging_Helen,513.37,28.9,4.0,2.8,1016.1,4.1,18,2,11,313,51394.9,2009.0,Mixed
2016-11-08 19:00:00,Fox_lodging_Helen,503.17,27.8,2.0,2.8,1016.6,4.6,19,2,11,313,51394.9,2009.0,Mixed
2016-11-08 20:00:00,Fox_lodging_Helen,524.48,27.2,0.0,2.2,1017.2,5.7,20,2,11,313,51394.9,2009.0,Mixed
2016-11-08 21:00:00,Fox_lodging_Helen,548.43,26.1,0.0,2.8,1017.5,5.7,21,2,11,313,51394.9,2009.0,Mixed
2016-11-08 22:00:00,Fox_lodging_Helen,530.82,23.9,0.0,3.3,1018.1,4.1,22,2,11,313,51394.9,2009.0,Mixed
2016-11-08 23:00:00,Fox_lodging_Helen,523.18,22.2,0.0,5.0,1018.7,2.6,23,2,11,313,51394.9,2009.0,Mixed
2016-11-09 00:00:00,Fox_lodging_Helen,484.23,22.2,2.0,5.0,1018.9,2.6,0,3,11,314,51394.9,2009.0,Mixed
2016-11-09 01:00:00,Fox_lodging_Helen,440.1,22.2,2.0,5.0,1018.8,0.0,1,3,11,314,51394.9,2009.0,Mixed
2016-11-09 02:00:00,Fox_lodging_Helen,386.25,21.1,2.0,5.0,1018.6,4.1,2,3,11,314,51394.9,2009.0,Mixed
2016-11-09 03:00:00,Fox_lodging_Helen,350.2,22.2,2.0,4.4,1018.6,4.6,3,3,11,314,51394.9,2009.0,Mixed
2016-11-09 04:00:00,Fox_lodging_Helen,336.88,21.7,2.0,5.0,1018.3,4.6,4,3,11,314,51394.9,2009.0,Mixed
2016-11-09 05:00:00,Fox_lodging_Helen,334.78,22.2,2.0,4.4,1018.3,5.1,5,3,11,314,51394.9,2009.0,Mixed
2016-11-09 06:00:00,Fox_lodging_Helen,332.4,20.0,2.0,4.4,1018.6,5.7,6,3,11,314,51394.9,2009.0,Mixed
2016-11-09 07:00:00,Fox_lodging_Helen,340.78,21.1,2.0,2.8,1019.1,6.7,7,3,11,314,51394.9,2009.0,Mixed
2016-11-09 08:00:00,Fox_lodging_Helen,344.92,21.1,2.0,2.2,1020.0,6.2,8,3,11,314,51394.9,2009.0,Mixed
2016-11-09 09:00:00,Fox_lodging_Helen,350.77,23.9,2.0,2.2,1020.5,5.7,9,3,11,314,51394.9,2009.0,Mixed
2016-11-09 10:00:00,Fox_lodging_Helen,333.72,25.0,2.0,1.1,1020.3,8.2,10,3,11,314,51394.9,2009.0,Mixed
2016-11-09 11:00:00,Fox_lodging_Helen,342.03,26.1,2.0,1.1,1019.6,9.3,11,3,11,314,51394.9,2009.0,Mixed
2016-11-09 12:00:00,Fox_lodging_Helen,347.4,27.2,2.0,1.1,1018.4,7.7,12,3,11,314,51394.9,2009.0,Mixed
2016-11-09 13:00:00,Fox_lodging_Helen,368.48,27.2,2.0,0.6,1016.8,7.7,13,3,11,314,51394.9,2009.0,Mixed
2016-11-09 14:00:00,Fox_lodging_Helen,414.1,28.9,2.0,-0.6,1016.0,6.7,14,3,11,314,51394.9,2009.0,Mixed
2016-11-09 15:00:00,Fox_lodging_Helen,439.17,28.9,2.0,-1.1,1015.2,6.7,15,3,11,314,51394.9,2009.0,Mixed
2016-11-09 16:00:00,Fox_lodging_Helen,479.97,28.9,2.0,-2.2,1015.0,6.2,16,3,11,314,51394.9,2009.0,Mixed
2016-11-09 17:00:00,Fox_lodging_Helen,488.08,28.3,0.0,-2.2,1014.7,6.2,17,3,11,314,51394.9,2009.0,Mixed
2016-11-09 18:00:00,Fox_lodging_Helen,496.0,26.7,2.0,-4.4,1015.1,4.1,18,3,11,314,51394.9,2009.0,Mixed
2016-11-09 19:00:00,Fox_lodging_Helen,505.68,25.0,2.0,-1.7,1016.0,0.0,19,3,11,314,51394.9,2009.0,Mixed
2016-11-09 20:00:00,Fox_lodging_Helen,537.5,23.9,2.0,-1.1,1016.5,1.5,20,3,11,314,51394.9,2009.0,Mixed
2016-11-09 21:00:00,Fox_lodging_Helen,547.08,22.2,0.0,0.0,1016.7,2.1,21,3,11,314,51394.9,2009.0,Mixed
2016-11-09 22:00:00,Fox_lodging_Helen,554.15,21.1,0.0,-1.1,1017.2,3.6,22,3,11,314,51394.9,2009.0,Mixed
2016-11-09 23:00:00,Fox_lodging_Helen,514.05,21.1,2.0,-1.1,1017.7,5.7,23,3,11,314,51394.9,2009.0,Mixed
2016-11-10 00:00:00,Fox_lodging_Helen,465.02,20.6,2.0,0.6,1017.7,5.7,0,4,11,315,51394.9,2009.0,Mixed
2016-11-10 01:00:00,Fox_lodging_Helen,414.72,19.4,2.0,1.7,1017.9,4.6,1,4,11,315,51394.9,2009.0,Mixed
2016-11-10 02:00:00,Fox_lodging_Helen,362.73,18.9,2.0,1.7,1018.0,3.6,2,4,11,315,51394.9,2009.0,Mixed
2016-11-10 03:00:00,Fox_lodging_Helen,333.23,20.6,2.0,-1.1,1018.0,3.1,3,4,11,315,51394.9,2009.0,Mixed
2016-11-10 04:00:00,Fox_lodging_Helen,323.35,20.0,0.0,-1.1,1017.9,4.1,4,4,11,315,51394.9,2009.0,Mixed
2016-11-10 05:00:00,Fox_lodging_Helen,320.27,18.3,0.0,-1.1,1017.9,3.6,5,4,11,315,51394.9,2009.0,Mixed
2016-11-10 06:00:00,Fox_lodging_Helen,321.92,18.3,0.0,-1.1,1017.9,5.1,6,4,11,315,51394.9,2009.0,Mixed
2016-11-10 07:00:00,Fox_lodging_Helen,331.5,18.9,2.0,-1.1,1018.2,4.1,7,4,11,315,51394.9,2009.0,Mixed
2016-11-10 08:00:00,Fox_lodging_Helen,354.42,19.4,2.0,0.0,1018.7,6.7,8,4,11,315,51394.9,2009.0,Mixed
2016-11-10 09:00:00,Fox_lodging_Helen,335.72,21.1,2.0,0.6,1019.0,5.7,9,4,11,315,51394.9,2009.0,Mixed
2016-11-10 10:00:00,Fox_lodging_Helen,334.92,22.8,2.0,0.6,1019.0,6.2,10,4,11,315,51394.9,2009.0,Mixed
2016-11-10 11:00:00,Fox_lodging_Helen,366.07,23.9,2.0,1.1,1018.5,5.1,11,4,11,315,51394.9,2009.0,Mixed
2016-11-10 12:00:00,Fox_lodging_Helen,366.73,25.0,2.0,2.2,1017.6,4.1,12,4,11,315,51394.9,2009.0,Mixed
2016-11-10 13:00:00,Fox_lodging_Helen,399.93,26.1,2.0,2.8,1016.7,4.1,13,4,11,315,51394.9,2009.0,Mixed
2016-11-10 14:00:00,Fox_lodging_Helen,403.65,26.7,2.0,2.2,1015.9,3.1,14,4,11,315,51394.9,2009.0,Mixed
2016-11-10 15:00:00,Fox_lodging_Helen,420.93,27.2,2.0,2.8,1015.4,2.1,15,4,11,315,51394.9,2009.0,Mixed
2016-11-10 16:00:00,Fox_lodging_Helen,456.43,26.7,2.0,2.2,1015.3,2.1,16,4,11,315,51394.9,2009.0,Mixed
2016-11-10 17:00:00,Fox_lodging_Helen,455.85,27.2,2.0,1.7,1015.5,3.6,17,4,11,315,51394.9,2009.0,Mixed
2016-11-10 18:00:00,Fox_lodging_Helen,465.0,25.6,2.0,3.3,1016.0,2.1,18,4,11,315,51394.9,2009.0,Mixed
2016-11-10 19:00:00,Fox_lodging_Helen,479.42,24.4,2.0,3.3,1016.7,2.6,19,4,11,315,51394.9,2009.0,Mixed
2016-11-10 20:00:00,Fox_lodging_Helen,491.87,23.3,2.0,3.9,1017.0,3.6,20,4,11,315,51394.9,2009.0,Mixed
2016-11-10 21:00:00,Fox_lodging_Helen,488.27,22.2,2.0,3.9,1017.2,4.1,21,4,11,315,51394.9,2009.0,Mixed
2016-11-10 22:00:00,Fox_lodging_Helen,478.87,21.7,2.0,3.9,1017.7,3.1,22,4,11,315,51394.9,2009.0,Mixed
2016-11-10 23:00:00,Fox_lodging_Helen,464.28,20.6,2.0,3.9,1018.0,5.1,23,4,11,315,51394.9,2009.0,Mixed
2016-11-11 00:00:00,Fox_lodging_Helen,431.07,21.1,0.0,4.4,1018.1,5.1,0,5,11,316,51394.9,2009.0,Mixed
2016-11-11 01:00:00,Fox_lodging_Helen,414.42,20.6,0.0,5.0,1018.3,4.6,1,5,11,316,51394.9,2009.0,Mixed
2016-11-11 02:00:00,Fox_lodging_Helen,374.63,20.0,0.0,5.6,1018.6,2.6,2,5,11,316,51394.9,2009.0,Mixed
2016-11-11 03:00:00,Fox_lodging_Helen,355.0,20.6,0.0,5.0,1018.8,5.1,3,5,11,316,51394.9,2009.0,Mixed
2016-11-11 04:00:00,Fox_lodging_Helen,350.68,20.0,0.0,5.6,1018.7,4.1,4,5,11,316,51394.9,2009.0,Mixed
2016-11-11 05:00:00,Fox_lodging_Helen,329.08,19.4,2.0,5.0,1018.6,4.6,5,5,11,316,51394.9,2009.0,Mixed
2016-11-11 06:00:00,Fox_lodging_Helen,322.65,19.4,2.0,5.0,1018.8,4.6,6,5,11,316,51394.9,2009.0,Mixed
2016-11-11 07:00:00,Fox_lodging_Helen,315.63,18.9,2.0,5.0,1019.1,4.1,7,5,11,316,51394.9,2009.0,Mixed
2016-11-11 08:00:00,Fox_lodging_Helen,301.42,20.0,2.0,5.0,1019.8,4.6,8,5,11,316,51394.9,2009.0,Mixed
2016-11-11 09:00:00,Fox_lodging_Helen,308.52,21.7,2.0,5.0,1020.3,7.2,9,5,11,316,51394.9,2009.0,Mixed
2016-11-11 10:00:00,Fox_lodging_Helen,314.87,23.3,2.0,5.0,1020.4,6.2,10,5,11,316,51394.9,2009.0,Mixed
2016-11-11 11:00:00,Fox_lodging_Helen,339.93,24.4,0.0,5.0,1020.1,3.6,11,5,11,316,51394.9,2009.0,Mixed
2016-11-11 12:00:00,Fox_lodging_Helen,366.53,25.6,0.0,5.0,1019.2,1.5,12,5,11,316,51394.9,2009.0,Mixed
2016-11-11 13:00:00,Fox_lodging_Helen,397.17,26.1,2.0,5.0,1018.1,2.1,13,5,11,316,51394.9,2009.0,Mixed
2016-11-11 14:00:00,Fox_lodging_Helen,412.03,27.8,2.0,5.0,1017.1,3.1,14,5,11,316,51394.9,2009.0,Mixed
2016-11-11 15:00:00,Fox_lodging_Helen,416.92,27.2,2.0,5.0,1016.6,3.1,15,5,11,316,51394.9,2009.0,Mixed
2016-11-11 16:00:00,Fox_lodging_Helen,428.82,27.8,2.0,4.4,1016.5,5.1,16,5,11,316,51394.9,2009.0,Mixed
2016-11-11 17:00:00,Fox_lodging_Helen,443.4,27.2,2.0,4.4,1016.5,3.1,17,5,11,316,51394.9,2009.0,Mixed
2016-11-11 18:00:00,Fox_lodging_Helen,465.07,26.1,0.0,5.0,1016.5,1.5,18,5,11,316,51394.9,2009.0,Mixed
2016-11-11 19:00:00,Fox_lodging_Helen,450.37,25.0,0.0,5.0,1016.9,2.1,19,5,11,316,51394.9,2009.0,Mixed
2016-11-11 20:00:00,Fox_lodging_Helen,449.92,23.9,0.0,6.1,1017.3,0.0,20,5,11,316,51394.9,2009.0,Mixed
2016-11-11 21:00:00,Fox_lodging_Helen,469.42,22.8,0.0,3.9,1017.4,3.6,21,5,11,316,51394.9,2009.0,Mixed
2016-11-11 22:00:00,Fox_lodging_Helen,435.48,20.0,0.0,6.1,1017.9,2.1,22,5,11,316,51394.9,2009.0,Mixed
2016-11-11 23:00:00,Fox_lodging_Helen,394.97,16.7,0.0,4.4,1018.1,0.0,23,5,11,316,51394.9,2009.0,Mixed
2016-11-12 00:00:00,Fox_lodging_Helen,406.77,18.9,0.0,5.0,1018.1,1.5,0,6,11,317,51394.9,2009.0,Mixed
2016-11-12 01:00:00,Fox_lodging_Helen,395.8,20.0,0.0,3.3,1018.0,4.1,1,6,11,317,51394.9,2009.0,Mixed
2016-11-12 02:00:00,Fox_lodging_Helen,364.18,20.0,0.0,3.9,1018.3,2.1,2,6,11,317,51394.9,2009.0,Mixed
2016-11-12 03:00:00,Fox_lodging_Helen,339.88,18.9,0.0,3.9,1018.3,2.6,3,6,11,317,51394.9,2009.0,Mixed
2016-11-12 04:00:00,Fox_lodging_Helen,320.63,18.3,0.0,4.4,1018.6,1.5,4,6,11,317,51394.9,2009.0,Mixed
2016-11-12 05:00:00,Fox_lodging_Helen,320.17,17.2,0.0,5.0,1019.1,1.5,5,6,11,317,51394.9,2009.0,Mixed
2016-11-12 06:00:00,Fox_lodging_Helen,325.53,17.2,0.0,5.0,1019.4,2.1,6,6,11,317,51394.9,2009.0,Mixed
2016-11-12 07:00:00,Fox_lodging_Helen,320.3,16.7,0.0,5.0,1020.1,0.0,7,6,11,317,51394.9,2009.0,Mixed
2016-11-12 08:00:00,Fox_lodging_Helen,311.3,18.9,2.0,5.0,1019.9,2.6,8,6,11,317,51394.9,2009.0,Mixed
2016-11-12 09:00:00,Fox_lodging_Helen,287.38,21.1,2.0,4.4,1020.2,4.6,9,6,11,317,51394.9,2009.0,Mixed
2016-11-12 10:00:00,Fox_lodging_Helen,285.35,23.3,2.0,3.9,1020.2,6.2,10,6,11,317,51394.9,2009.0,Mixed
2016-11-12 11:00:00,Fox_lodging_Helen,327.48,25.6,2.0,3.3,1019.9,5.7,11,6,11,317,51394.9,2009.0,Mixed
2016-11-12 12:00:00,Fox_lodging_Helen,355.8,26.1,2.0,3.9,1019.0,3.1,12,6,11,317,51394.9,2009.0,Mixed
2016-11-12 13:00:00,Fox_lodging_Helen,385.4,27.8,4.0,4.4,1017.6,4.1,13,6,11,317,51394.9,2009.0,Mixed
2016-11-12 14:00:00,Fox_lodging_Helen,391.32,27.8,4.5,3.9,1016.5,3.1,14,6,11,317,51394.9,2009.0,Mixed
2016-11-12 15:00:00,Fox_lodging_Helen,404.98,28.3,5.0,3.3,1015.8,2.1,15,6,11,317,51394.9,2009.0,Mixed
2016-11-12 16:00:00,Fox_lodging_Helen,428.0,27.8,5.5,2.2,1015.6,2.1,16,6,11,317,51394.9,2009.0,Mixed
2016-11-12 17:00:00,Fox_lodging_Helen,453.73,27.2,6.0,1.7,1015.4,2.6,17,6,11,317,51394.9,2009.0,Mixed
2016-11-12 18:00:00,Fox_lodging_Helen,467.52,26.1,5.5,2.2,1015.4,1.5,18,6,11,317,51394.9,2009.0,Mixed
2016-11-12 19:00:00,Fox_lodging_Helen,472.0,24.4,5.0,2.8,1016.0,1.5,19,6,11,317,51394.9,2009.0,Mixed
2016-11-12 20:00:00,Fox_lodging_Helen,440.88,22.8,4.5,3.9,1016.4,0.0,20,6,11,317,51394.9,2009.0,Mixed
2016-11-12 21:00:00,Fox_lodging_Helen,447.23,21.7,4.0,3.9,1016.4,1.5,21,6,11,317,51394.9,2009.0,Mixed
2016-11-12 22:00:00,Fox_lodging_Helen,456.5,20.6,4.0,3.9,1017.0,1.5,22,6,11,317,51394.9,2009.0,Mixed
2016-11-12 23:00:00,Fox_lodging_Helen,412.48,18.9,4.0,3.9,1017.3,2.6,23,6,11,317,51394.9,2009.0,Mixed
2016-11-13 00:00:00,Fox_lodging_Helen,399.53,19.4,4.0,3.9,1017.5,1.5,0,7,11,318,51394.9,2009.0,Mixed
2016-11-13 01:00:00,Fox_lodging_Helen,392.2,18.3,4.0,3.9,1017.2,2.6,1,7,11,318,51394.9,2009.0,Mixed
2016-11-13 02:00:00,Fox_lodging_Helen,376.43,17.2,4.0,4.4,1017.4,2.1,2,7,11,318,51394.9,2009.0,Mixed
2016-11-13 03:00:00,Fox_lodging_Helen,344.47,16.7,4.0,4.4,1017.4,0.0,3,7,11,318,51394.9,2009.0,Mixed
2016-11-13 04:00:00,Fox_lodging_Helen,330.82,17.2,4.0,4.4,1017.2,2.1,4,7,11,318,51394.9,2009.0,Mixed
2016-11-13 05:00:00,Fox_lodging_Helen,319.98,17.2,4.0,4.4,1017.6,0.0,5,7,11,318,51394.9,2009.0,Mixed
2016-11-13 06:00:00,Fox_lodging_Helen,327.13,15.6,2.0,5.0,1017.7,0.0,6,7,11,318,51394.9,2009.0,Mixed
2016-11-13 07:00:00,Fox_lodging_Helen,316.88,15.0,2.8,5.6,1018.3,0.0,7,7,11,318,51394.9,2009.0,Mixed
2016-11-13 08:00:00,Fox_lodging_Helen,304.35,16.1,3.6,6.1,1019.0,0.0,8,7,11,318,51394.9,2009.0,Mixed
2016-11-13 09:00:00,Fox_lodging_Helen,319.88,20.6,4.4,4.4,1019.4,2.1,9,7,11,318,51394.9,2009.0,Mixed
2016-11-13 10:00:00,Fox_lodging_Helen,307.07,22.2,4.4,4.4,1019.6,0.0,10,7,11,318,51394.9,2009.0,Mixed
2016-11-13 11:00:00,Fox_lodging_Helen,321.3,24.4,6.0,3.9,1019.0,2.1,11,7,11,318,51394.9,2009.0,Mixed
2016-11-13 12:00:00,Fox_lodging_Helen,346.5,26.1,5.0,3.3,1018.0,2.6,12,7,11,318,51394.9,2009.0,Mixed
2016-11-13 13:00:00,Fox_lodging_Helen,369.7,27.8,4.0,3.9,1016.7,0.0,13,7,11,318,51394.9,2009.0,Mixed
2016-11-13 14:00:00,Fox_lodging_Helen,410.97,28.9,4.0,3.3,1016.2,0.0,14,7,11,318,51394.9,2009.0,Mixed
2016-11-13 15:00:00,Fox_lodging_Helen,437.7,28.3,4.0,2.8,1015.8,0.0,15,7,11,318,51394.9,2009.0,Mixed
2016-11-13 16:00:00,Fox_lodging_Helen,464.08,28.9,2.0,2.8,1015.1,2.1,16,7,11,318,51394.9,2009.0,Mixed
2016-11-13 17:00:00,Fox_lodging_Helen,498.53,28.3,2.0,3.3,1015.1,2.6,17,7,11,318,51394.9,2009.0,Mixed
2016-11-13 18:00:00,Fox_lodging_Helen,515.1,26.7,2.0,2.8,1015.4,1.5,18,7,11,318,51394.9,2009.0,Mixed
2016-11-13 19:00:00,Fox_lodging_Helen,524.4,23.9,0.0,5.0,1016.1,2.1,19,7,11,318,51394.9,2009.0,Mixed
2016-11-13 20:00:00,Fox_lodging_Helen,543.53,23.3,0.0,5.0,1016.4,0.0,20,7,11,318,51394.9,2009.0,Mixed
2016-11-13 21:00:00,Fox_lodging_Helen,549.68,22.8,0.0,5.0,1016.5,0.0,21,7,11,318,51394.9,2009.0,Mixed
2016-11-13 22:00:00,Fox_lodging_Helen,546.02,21.1,0.0,6.1,1017.1,2.6,22,7,11,318,51394.9,2009.0,Mixed
2016-11-13 23:00:00,Fox_lodging_Helen,510.1,19.4,0.0,6.1,1017.0,3.1,23,7,11,318,51394.9,2009.0,Mixed
2016-11-14 00:00:00,Fox_lodging_Helen,480.1,18.9,0.0,6.7,1017.3,2.1,0,1,11,319,51394.9,2009.0,Mixed
2016-11-14 01:00:00,Fox_lodging_Helen,409.17,18.3,0.0,6.1,1017.4,0.0,1,1,11,319,51394.9,2009.0,Mixed
2016-11-14 02:00:00,Fox_lodging_Helen,361.55,17.8,0.0,5.6,1017.2,1.5,2,1,11,319,51394.9,2009.0,Mixed
2016-11-14 03:00:00,Fox_lodging_Helen,342.55,18.3,0.0,3.9,1017.3,2.6,3,1,11,319,51394.9,2009.0,Mixed
2016-11-14 04:00:00,Fox_lodging_Helen,320.92,16.7,0.0,4.4,1017.5,1.5,4,1,11,319,51394.9,2009.0,Mixed
2016-11-14 05:00:00,Fox_lodging_Helen,318.58,15.6,0.0,5.0,1017.8,2.1,5,1,11,319,51394.9,2009.0,Mixed
2016-11-14 06:00:00,Fox_lodging_Helen,325.67,16.1,2.0,4.4,1018.4,2.1,6,1,11,319,51394.9,2009.0,Mixed
2016-11-14 07:00:00,Fox_lodging_Helen,345.4,14.4,2.0,5.6,1019.1,2.6,7,1,11,319,51394.9,2009.0,Mixed
2016-11-14 08:00:00,Fox_lodging_Helen,352.92,16.1,2.0,6.1,1019.7,2.1,8,1,11,319,51394.9,2009.0,Mixed
2016-11-14 09:00:00,Fox_lodging_Helen,352.5,19.4,2.0,3.3,1020.2,3.6,9,1,11,319,51394.9,2009.0,Mixed
2016-11-14 10:00:00,Fox_lodging_Helen,338.25,22.2,0.0,2.8,1020.1,1.5,10,1,11,319,51394.9,2009.0,Mixed
2016-11-14 11:00:00,Fox_lodging_Helen,384.18,23.9,0.0,1.7,1020.1,0.0,11,1,11,319,51394.9,2009.0,Mixed
2016-11-14 12:00:00,Fox_lodging_Helen,380.15,26.7,0.0,1.1,1019.0,0.0,12,1,11,319,51394.9,2009.0,Mixed
2016-11-14 13:00:00,Fox_lodging_Helen,392.78,27.2,0.0,0.0,1017.9,1.5,13,1,11,319,51394.9,2009.0,Mixed
2016-11-14 14:00:00,Fox_lodging_Helen,416.23,28.3,0.0,-0.6,1016.7,0.0,14,1,11,319,51394.9,2009.0,Mixed
2016-11-14 15:00:00,Fox_lodging_Helen,447.2,28.9,0.0,-1.1,1016.2,0.0,15,1,11,319,51394.9,2009.0,Mixed
2016-11-14 16:00:00,Fox_lodging_Helen,483.45,29.4,0.0,-1.7,1015.8,2.1,16,1,11,319,51394.9,2009.0,Mixed
2016-11-14 17:00:00,Fox_lodging_Helen,483.65,28.9,0.0,-1.1,1016.0,2.6,17,1,11,319,51394.9,2009.0,Mixed
2016-11-14 18:00:00,Fox_lodging_Helen,507.1,27.8,0.0,0.6,1016.1,1.5,18,1,11,319,51394.9,2009.0,Mixed
2016-11-14 19:00:00,Fox_lodging_Helen,508.53,25.0,0.0,2.2,1016.5,0.0,19,1,11,319,51394.9,2009.0,Mixed
2016-11-14 20:00:00,Fox_lodging_Helen,515.27,25.0,0.0,1.7,1016.5,1.5,20,1,11,319,51394.9,2009.0,Mixed
2016-11-14 21:00:00,Fox_lodging_Helen,521.12,24.4,0.0,2.8,1016.7,1.5,21,1,11,319,51394.9,2009.0,Mixed
2016-11-14 22:00:00,Fox_lodging_Helen,506.4,20.6,0.0,3.9,1017.2,2.6,22,1,11,319,51394.9,2009.0,Mixed
2016-11-14 23:00:00,Fox_lodging_Helen,467.33,16.7,0.0,3.9,1017.3,2.1,23,1,11,319,51394.9,2009.0,Mixed
2016-11-15 00:00:00,Fox_lodging_Helen,437.07,18.9,4.0,3.9,1017.2,3.6,0,2,11,320,51394.9,2009.0,Mixed
2016-11-15 01:00:00,Fox_lodging_Helen,391.35,18.3,2.0,3.3,1017.2,3.1,1,2,11,320,51394.9,2009.0,Mixed
2016-11-15 02:00:00,Fox_lodging_Helen,349.08,17.8,2.0,3.3,1016.8,2.6,2,2,11,320,51394.9,2009.0,Mixed
2016-11-15 03:00:00,Fox_lodging_Helen,335.13,16.7,0.0,3.9,1016.9,2.6,3,2,11,320,51394.9,2009.0,Mixed
2016-11-15 04:00:00,Fox_lodging_Helen,324.63,17.2,0.0,2.8,1017.0,2.1,4,2,11,320,51394.9,2009.0,Mixed
2016-11-15 05:00:00,Fox_lodging_Helen,316.87,17.8,0.0,2.2,1017.2,2.6,5,2,11,320,51394.9,2009.0,Mixed
2016-11-15 06:00:00,Fox_lodging_Helen,320.63,15.0,0.0,4.4,1017.4,2.6,6,2,11,320,51394.9,2009.0,Mixed
2016-11-15 07:00:00,Fox_lodging_Helen,340.38,15.0,0.0,3.9,1017.4,3.6,7,2,11,320,51394.9,2009.0,Mixed
2016-11-15 08:00:00,Fox_lodging_Helen,345.72,16.1,0.0,3.3,1017.6,3.6,8,2,11,320,51394.9,2009.0,Mixed
2016-11-15 09:00:00,Fox_lodging_Helen,335.07,18.9,0.0,2.2,1017.8,3.1,9,2,11,320,51394.9,2009.0,Mixed
2016-11-15 10:00:00,Fox_lodging_Helen,359.18,22.2,2.0,1.1,1017.4,3.6,10,2,11,320,51394.9,2009.0,Mixed
2016-11-15 11:00:00,Fox_lodging_Helen,377.9,23.9,2.0,0.0,1017.1,2.1,11,2,11,320,51394.9,2009.0,Mixed
2016-11-15 12:00:00,Fox_lodging_Helen,394.23,26.7,2.0,-0.6,1015.6,1.5,12,2,11,320,51394.9,2009.0,Mixed
2016-11-15 13:00:00,Fox_lodging_Helen,374.32,27.8,2.0,0.0,1014.5,2.6,13,2,11,320,51394.9,2009.0,Mixed
2016-11-15 14:00:00,Fox_lodging_Helen,385.22,28.3,2.0,-1.7,1013.6,0.0,14,2,11,320,51394.9,2009.0,Mixed
2016-11-15 15:00:00,Fox_lodging_Helen,419.28,29.4,2.0,-1.1,1012.7,0.0,15,2,11,320,51394.9,2009.0,Mixed
2016-11-15 16:00:00,Fox_lodging_Helen,478.82,30.0,2.0,-2.2,1012.1,2.6,16,2,11,320,51394.9,2009.0,Mixed
2016-11-15 17:00:00,Fox_lodging_Helen,479.85,28.9,4.0,-3.3,1011.6,2.1,17,2,11,320,51394.9,2009.0,Mixed
2016-11-15 18:00:00,Fox_lodging_Helen,468.48,28.3,4.0,-2.2,1011.6,1.5,18,2,11,320,51394.9,2009.0,Mixed
2016-11-15 19:00:00,Fox_lodging_Helen,468.52,24.4,4.0,1.1,1011.8,0.0,19,2,11,320,51394.9,2009.0,Mixed
2016-11-15 20:00:00,Fox_lodging_Helen,485.72,23.3,4.5,1.7,1011.7,0.0,20,2,11,320,51394.9,2009.0,Mixed
2016-11-15 21:00:00,Fox_lodging_Helen,502.53,22.2,5.0,1.7,1011.8,1.5,21,2,11,320,51394.9,2009.0,Mixed
2016-11-15 22:00:00,Fox_lodging_Helen,512.3,21.7,5.5,3.3,1011.7,0.0,22,2,11,320,51394.9,2009.0,Mixed
2016-11-15 23:00:00,Fox_lodging_Helen,485.45,21.1,6.0,3.9,1011.8,2.1,23,2,11,320,51394.9,2009.0,Mixed
2016-11-16 00:00:00,Fox_lodging_Helen,479.73,18.9,6.0,3.3,1011.8,2.6,0,3,11,321,51394.9,2009.0,Mixed
2016-11-16 01:00:00,Fox_lodging_Helen,442.62,17.8,6.0,4.4,1011.4,3.6,1,3,11,321,51394.9,2009.0,Mixed
2016-11-16 02:00:00,Fox_lodging_Helen,423.13,17.2,6.0,4.4,1011.2,4.6,2,3,11,321,51394.9,2009.0,Mixed
2016-11-16 03:00:00,Fox_lodging_Helen,412.7,17.2,6.0,2.2,1010.8,3.6,3,3,11,321,51394.9,2009.0,Mixed
2016-11-16 04:00:00,Fox_lodging_Helen,403.53,17.2,6.0,1.7,1010.5,3.6,4,3,11,321,51394.9,2009.0,Mixed
2016-11-16 05:00:00,Fox_lodging_Helen,399.32,16.7,6.0,1.7,1010.3,4.1,5,3,11,321,51394.9,2009.0,Mixed
2016-11-16 06:00:00,Fox_lodging_Helen,401.03,15.6,6.0,1.1,1010.2,4.1,6,3,11,321,51394.9,2009.0,Mixed
2016-11-16 07:00:00,Fox_lodging_Helen,409.27,15.6,6.0,1.7,1010.5,2.1,7,3,11,321,51394.9,2009.0,Mixed
2016-11-16 08:00:00,Fox_lodging_Helen,415.67,16.7,6.0,1.1,1010.6,4.6,8,3,11,321,51394.9,2009.0,Mixed
2016-11-16 09:00:00,Fox_lodging_Helen,425.28,18.9,6.0,1.7,1010.2,2.6,9,3,11,321,51394.9,2009.0,Mixed
2016-11-16 10:00:00,Fox_lodging_Helen,414.37,20.6,6.0,1.7,1010.3,2.1,10,3,11,321,51394.9,2009.0,Mixed
2016-11-16 11:00:00,Fox_lodging_Helen,425.35,22.8,6.0,0.6,1009.7,2.6,11,3,11,321,51394.9,2009.0,Mixed
2016-11-16 12:00:00,Fox_lodging_Helen,455.52,24.4,6.333333333333333,-0.6,1008.9,0.0,12,3,11,321,51394.9,2009.0,Mixed
2016-11-16 13:00:00,Fox_lodging_Helen,472.7,25.0,6.666666666666667,-0.6,1007.9,2.1,13,3,11,321,51394.9,2009.0,Mixed
2016-11-16 14:00:00,Fox_lodging_Helen,478.1,25.6,7.0,-1.1,1007.1,0.0,14,3,11,321,51394.9,2009.0,Mixed
2016-11-16 15:00:00,Fox_lodging_Helen,511.37,25.0,7.0,-0.6,1006.7,2.1,15,3,11,321,51394.9,2009.0,Mixed
2016-11-16 16:00:00,Fox_lodging_Helen,520.87,24.4,7.0,1.1,1006.4,2.1,16,3,11,321,51394.9,2009.0,Mixed
2016-11-16 17:00:00,Fox_lodging_Helen,526.03,24.4,8.0,0.6,1005.8,0.0,17,3,11,321,51394.9,2009.0,Mixed
2016-11-16 18:00:00,Fox_lodging_Helen,515.98,23.3,8.0,1.7,1005.5,0.0,18,3,11,321,51394.9,2009.0,Mixed
2016-11-16 19:00:00,Fox_lodging_Helen,519.83,22.2,8.0,2.2,1005.3,2.1,19,3,11,321,51394.9,2009.0,Mixed
2016-11-16 20:00:00,Fox_lodging_Helen,547.17,21.7,8.0,2.8,1005.1,1.5,20,3,11,321,51394.9,2009.0,Mixed
2016-11-16 21:00:00,Fox_lodging_Helen,572.22,21.1,8.0,3.3,1004.8,2.6,21,3,11,321,51394.9,2009.0,Mixed
2016-11-16 22:00:00,Fox_lodging_Helen,568.27,20.6,8.0,3.9,1004.3,3.6,22,3,11,321,51394.9,2009.0,Mixed
2016-11-16 23:00:00,Fox_lodging_Helen,542.68,20.0,8.0,4.4,1003.7,3.6,23,3,11,321,51394.9,2009.0,Mixed
2016-11-17 00:00:00,Fox_lodging_Helen,531.08,18.9,4.0,3.9,1004.1,3.6,0,4,11,322,51394.9,2009.0,Mixed
2016-11-17 01:00:00,Fox_lodging_Helen,474.83,17.2,2.0,3.3,1003.8,3.6,1,4,11,322,51394.9,2009.0,Mixed
2016-11-17 02:00:00,Fox_lodging_Helen,424.45,16.7,0.0,3.3,1004.0,3.6,2,4,11,322,51394.9,2009.0,Mixed
2016-11-17 03:00:00,Fox_lodging_Helen,416.73,15.6,0.0,3.3,1004.4,1.5,3,4,11,322,51394.9,2009.0,Mixed
2016-11-17 04:00:00,Fox_lodging_Helen,397.25,16.7,2.0,2.2,1005.6,3.6,4,4,11,322,51394.9,2009.0,Mixed
2016-11-17 05:00:00,Fox_lodging_Helen,389.82,16.7,0.0,0.0,1006.9,5.7,5,4,11,322,51394.9,2009.0,Mixed
2016-11-17 06:00:00,Fox_lodging_Helen,399.3,15.6,0.0,0.6,1007.9,3.6,6,4,11,322,51394.9,2009.0,Mixed
2016-11-17 07:00:00,Fox_lodging_Helen,406.4,14.4,0.0,0.0,1009.0,4.1,7,4,11,322,51394.9,2009.0,Mixed
2016-11-17 08:00:00,Fox_lodging_Helen,424.08,13.9,0.0,-1.1,1010.1,2.6,8,4,11,322,51394.9,2009.0,Mixed
2016-11-17 09:00:00,Fox_lodging_Helen,392.57,16.1,0.0,-3.9,1011.3,3.6,9,4,11,322,51394.9,2009.0,Mixed
2016-11-17 10:00:00,Fox_lodging_Helen,419.68,17.8,0.0,-6.7,1011.9,6.2,10,4,11,322,51394.9,2009.0,Mixed
2016-11-17 11:00:00,Fox_lodging_Helen,412.65,18.9,0.0,-8.3,1012.0,4.6,11,4,11,322,51394.9,2009.0,Mixed
2016-11-17 12:00:00,Fox_lodging_Helen,424.63,19.4,2.0,-10.0,1012.2,5.7,12,4,11,322,51394.9,2009.0,Mixed
2016-11-17 13:00:00,Fox_lodging_Helen,423.82,20.6,0.0,-11.7,1011.7,3.6,13,4,11,322,51394.9,2009.0,Mixed
2016-11-17 14:00:00,Fox_lodging_Helen,443.0,21.1,0.0,-11.1,1011.5,3.6,14,4,11,322,51394.9,2009.0,Mixed
2016-11-17 15:00:00,Fox_lodging_Helen,499.55,21.7,2.0,-12.2,1011.3,2.6,15,4,11,322,51394.9,2009.0,Mixed
2016-11-17 16:00:00,Fox_lodging_Helen,542.4,21.7,2.0,-11.7,1011.0,2.6,16,4,11,322,51394.9,2009.0,Mixed
2016-11-17 17:00:00,Fox_lodging_Helen,568.6,21.1,0.0,-11.7,1011.6,3.6,17,4,11,322,51394.9,2009.0,Mixed
2016-11-17 18:00:00,Fox_lodging_Helen,583.17,18.9,0.0,-11.1,1012.2,2.6,18,4,11,322,51394.9,2009.0,Mixed
2016-11-17 19:00:00,Fox_lodging_Helen,580.08,18.9,0.0,-10.6,1012.7,6.2,19,4,11,322,51394.9,2009.0,Mixed
2016-11-17 20:00:00,Fox_lodging_Helen,571.5,16.1,0.0,-8.3,1013.8,3.1,20,4,11,322,51394.9,2009.0,Mixed
2016-11-17 21:00:00,Fox_lodging_Helen,605.67,17.2,0.0,-9.4,1014.1,2.1,21,4,11,322,51394.9,2009.0,Mixed
2016-11-17 22:00:00,Fox_lodging_Helen,599.65,17.2,0.0,-9.4,1014.6,3.1,22,4,11,322,51394.9,2009.0,Mixed
2016-11-17 23:00:00,Fox_lodging_Helen,547.62,15.0,0.0,-8.9,1015.3,1.5,23,4,11,322,51394.9,2009.0,Mixed
2016-11-18 00:00:00,Fox_lodging_Helen,540.92,13.3,0.0,-8.3,1015.7,2.1,0,5,11,323,51394.9,2009.0,Mixed
2016-11-18 01:00:00,Fox_lodging_Helen,500.08,12.8,0.0,-8.3,1016.1,0.0,1,5,11,323,51394.9,2009.0,Mixed
2016-11-18 02:00:00,Fox_lodging_Helen,469.05,12.2,0.0,-8.3,1016.6,0.0,2,5,11,323,51394.9,2009.0,Mixed
2016-11-18 03:00:00,Fox_lodging_Helen,443.43,10.6,0.0,-7.8,1017.1,0.0,3,5,11,323,51394.9,2009.0,Mixed
2016-11-18 04:00:00,Fox_lodging_Helen,431.48,10.6,0.0,-8.3,1017.1,0.0,4,5,11,323,51394.9,2009.0,Mixed
2016-11-18 05:00:00,Fox_lodging_Helen,434.42,10.0,0.0,-6.7,1017.6,0.0,5,5,11,323,51394.9,2009.0,Mixed
2016-11-18 06:00:00,Fox_lodging_Helen,435.37,9.4,0.0,-6.1,1018.3,0.0,6,5,11,323,51394.9,2009.0,Mixed
2016-11-18 07:00:00,Fox_lodging_Helen,442.43,10.0,0.0,-5.6,1019.2,0.0,7,5,11,323,51394.9,2009.0,Mixed
2016-11-18 08:00:00,Fox_lodging_Helen,449.27,10.6,0.0,-4.4,1020.1,0.0,8,5,11,323,51394.9,2009.0,Mixed
2016-11-18 09:00:00,Fox_lodging_Helen,452.32,14.4,0.0,-7.2,1020.6,0.0,9,5,11,323,51394.9,2009.0,Mixed
2016-11-18 10:00:00,Fox_lodging_Helen,437.42,16.7,0.0,-7.8,1021.0,1.5,10,5,11,323,51394.9,2009.0,Mixed
2016-11-18 11:00:00,Fox_lodging_Helen,450.63,18.9,0.0,-12.2,1021.0,4.6,11,5,11,323,51394.9,2009.0,Mixed
2016-11-18 12:00:00,Fox_lodging_Helen,465.52,20.6,0.0,-12.8,1020.2,3.6,12,5,11,323,51394.9,2009.0,Mixed
2016-11-18 13:00:00,Fox_lodging_Helen,480.2,22.2,0.0,-14.4,1019.1,4.6,13,5,11,323,51394.9,2009.0,Mixed
2016-11-18 14:00:00,Fox_lodging_Helen,506.87,23.3,0.0,-15.0,1018.3,2.1,14,5,11,323,51394.9,2009.0,Mixed
2016-11-18 15:00:00,Fox_lodging_Helen,541.13,23.9,0.0,-15.0,1017.5,1.5,15,5,11,323,51394.9,2009.0,Mixed
2016-11-18 16:00:00,Fox_lodging_Helen,574.3,24.4,0.0,-15.0,1017.0,1.5,16,5,11,323,51394.9,2009.0,Mixed
2016-11-18 17:00:00,Fox_lodging_Helen,583.93,23.9,0.0,-15.0,1017.0,2.1,17,5,11,323,51394.9,2009.0,Mixed
2016-11-18 18:00:00,Fox_lodging_Helen,597.43,22.8,0.0,-13.9,1017.4,2.6,18,5,11,323,51394.9,2009.0,Mixed
2016-11-18 19:00:00,Fox_lodging_Helen,563.45,20.0,0.0,-8.9,1018.0,2.1,19,5,11,323,51394.9,2009.0,Mixed
2016-11-18 20:00:00,Fox_lodging_Helen,547.52,17.2,0.0,-6.1,1018.2,2.1,20,5,11,323,51394.9,2009.0,Mixed
2016-11-18 21:00:00,Fox_lodging_Helen,566.72,15.6,0.0,-5.6,1018.4,2.6,21,5,11,323,51394.9,2009.0,Mixed
2016-11-18 22:00:00,Fox_lodging_Helen,536.03,17.2,0.0,-9.4,1018.3,0.0,22,5,11,323,51394.9,2009.0,Mixed
2016-11-18 23:00:00,Fox_lodging_Helen,562.7,16.7,0.0,-8.3,1018.5,0.0,23,5,11,323,51394.9,2009.0,Mixed
2016-11-19 00:00:00,Fox_lodging_Helen,526.25,15.6,0.0,-7.8,1018.4,1.5,0,6,11,324,51394.9,2009.0,Mixed
2016-11-19 01:00:00,Fox_lodging_Helen,503.48,15.0,0.0,-7.2,1018.6,0.0,1,6,11,324,51394.9,2009.0,Mixed
2016-11-19 02:00:00,Fox_lodging_Helen,481.37,13.3,0.0,-3.9,1018.5,1.5,2,6,11,324,51394.9,2009.0,Mixed
2016-11-19 03:00:00,Fox_lodging_Helen,457.3,13.9,0.0,-5.0,1018.6,0.0,3,6,11,324,51394.9,2009.0,Mixed
2016-11-19 04:00:00,Fox_lodging_Helen,441.38,12.8,0.0,-3.3,1018.5,0.0,4,6,11,324,51394.9,2009.0,Mixed
2016-11-19 05:00:00,Fox_lodging_Helen,437.13,14.4,0.0,-5.6,1018.6,0.0,5,6,11,324,51394.9,2009.0,Mixed
2016-11-19 06:00:00,Fox_lodging_Helen,446.3,13.9,0.0,-3.9,1019.0,1.5,6,6,11,324,51394.9,2009.0,Mixed
2016-11-19 07:00:00,Fox_lodging_Helen,445.4,12.8,0.0,-3.9,1019.2,1.5,7,6,11,324,51394.9,2009.0,Mixed
2016-11-19 08:00:00,Fox_lodging_Helen,423.83,13.3,0.0,-1.7,1019.9,0.0,8,6,11,324,51394.9,2009.0,Mixed
2016-11-19 09:00:00,Fox_lodging_Helen,403.82,18.9,0.0,-3.9,1020.5,3.1,9,6,11,324,51394.9,2009.0,Mixed
2016-11-19 10:00:00,Fox_lodging_Helen,396.98,22.2,0.0,-3.3,1020.1,3.6,10,6,11,324,51394.9,2009.0,Mixed
2016-11-19 11:00:00,Fox_lodging_Helen,402.68,24.4,0.0,-3.3,1019.6,4.6,11,6,11,324,51394.9,2009.0,Mixed
2016-11-19 12:00:00,Fox_lodging_Helen,422.78,26.1,2.0,-3.9,1018.3,5.7,12,6,11,324,51394.9,2009.0,Mixed
2016-11-19 13:00:00,Fox_lodging_Helen,446.72,27.2,2.0,-3.9,1017.4,4.1,13,6,11,324,51394.9,2009.0,Mixed
2016-11-19 14:00:00,Fox_lodging_Helen,463.6,27.8,4.0,-3.9,1016.4,4.1,14,6,11,324,51394.9,2009.0,Mixed
2016-11-19 15:00:00,Fox_lodging_Helen,490.92,27.8,4.0,-3.3,1015.5,3.1,15,6,11,324,51394.9,2009.0,Mixed
2016-11-19 16:00:00,Fox_lodging_Helen,503.9,27.8,4.0,-3.3,1015.5,2.1,16,6,11,324,51394.9,2009.0,Mixed
2016-11-19 17:00:00,Fox_lodging_Helen,499.43,27.2,6.0,-3.3,1015.2,3.6,17,6,11,324,51394.9,2009.0,Mixed
2016-11-19 18:00:00,Fox_lodging_Helen,477.73,25.6,6.0,-2.8,1014.7,4.6,18,6,11,324,51394.9,2009.0,Mixed
2016-11-19 19:00:00,Fox_lodging_Helen,499.12,23.9,6.0,-1.7,1015.2,2.6,19,6,11,324,51394.9,2009.0,Mixed
2016-11-19 20:00:00,Fox_lodging_Helen,504.27,23.3,6.0,-1.7,1016.0,0.0,20,6,11,324,51394.9,2009.0,Mixed
2016-11-19 21:00:00,Fox_lodging_Helen,501.63,23.3,6.0,-0.6,1016.3,0.0,21,6,11,324,51394.9,2009.0,Mixed
2016-11-19 22:00:00,Fox_lodging_Helen,493.67,21.7,6.0,-1.1,1015.6,4.1,22,6,11,324,51394.9,2009.0,Mixed
2016-11-19 23:00:00,Fox_lodging_Helen,447.98,22.8,6.0,-2.8,1015.4,3.1,23,6,11,324,51394.9,2009.0,Mixed
2016-11-20 00:00:00,Fox_lodging_Helen,448.92,21.7,6.0,-2.8,1015.6,0.0,0,7,11,325,51394.9,2009.0,Mixed
2016-11-20 01:00:00,Fox_lodging_Helen,422.12,19.4,6.0,-1.7,1015.1,2.1,1,7,11,325,51394.9,2009.0,Mixed
2016-11-20 02:00:00,Fox_lodging_Helen,404.38,20.6,6.0,-2.8,1015.2,1.5,2,7,11,325,51394.9,2009.0,Mixed
2016-11-20 03:00:00,Fox_lodging_Helen,397.12,18.3,6.0,-0.6,1015.2,1.5,3,7,11,325,51394.9,2009.0,Mixed
2016-11-20 04:00:00,Fox_lodging_Helen,385.25,18.3,6.0,-1.1,1014.3,3.6,4,7,11,325,51394.9,2009.0,Mixed
2016-11-20 05:00:00,Fox_lodging_Helen,376.72,18.9,6.0,-1.7,1014.1,3.6,5,7,11,325,51394.9,2009.0,Mixed
2016-11-20 06:00:00,Fox_lodging_Helen,374.55,18.9,6.0,-1.7,1014.7,2.6,6,7,11,325,51394.9,2009.0,Mixed
2016-11-20 07:00:00,Fox_lodging_Helen,385.5,18.3,6.0,-0.6,1015.2,2.1,7,7,11,325,51394.9,2009.0,Mixed
2016-11-20 08:00:00,Fox_lodging_Helen,369.97,19.4,6.0,-1.1,1015.4,2.6,8,7,11,325,51394.9,2009.0,Mixed
2016-11-20 09:00:00,Fox_lodging_Helen,387.73,20.6,6.0,-1.1,1015.8,2.1,9,7,11,325,51394.9,2009.0,Mixed
2016-11-20 10:00:00,Fox_lodging_Helen,396.82,21.7,6.0,-1.1,1016.0,3.1,10,7,11,325,51394.9,2009.0,Mixed
2016-11-20 11:00:00,Fox_lodging_Helen,415.7,22.2,6.0,-0.6,1015.8,1.5,11,7,11,325,51394.9,2009.0,Mixed
2016-11-20 12:00:00,Fox_lodging_Helen,414.2,22.2,6.0,0.0,1015.4,2.6,12,7,11,325,51394.9,2009.0,Mixed
2016-11-20 13:00:00,Fox_lodging_Helen,429.88,22.8,6.0,-0.6,1014.9,0.0,13,7,11,325,51394.9,2009.0,Mixed
2016-11-20 14:00:00,Fox_lodging_Helen,451.62,22.8,6.0,0.0,1014.2,2.6,14,7,11,325,51394.9,2009.0,Mixed
2016-11-20 15:00:00,Fox_lodging_Helen,456.88,19.4,6.0,8.3,1014.6,4.6,15,7,11,325,51394.9,2009.0,Mixed
2016-11-20 16:00:00,Fox_lodging_Helen,487.32,18.9,6.0,10.0,1014.7,2.6,16,7,11,325,51394.9,2009.0,Mixed
2016-11-20 17:00:00,Fox_lodging_Helen,487.9,18.3,6.0,10.6,1015.2,4.6,17,7,11,325,51394.9,2009.0,Mixed
2016-11-20 18:00:00,Fox_lodging_Helen,473.65,17.8,6.333333333333333,11.1,1014.4,3.1,18,7,11,325,51394.9,2009.0,Mixed
2016-11-20 19:00:00,Fox_lodging_Helen,488.77,17.2,6.666666666666667,11.1,1014.7,2.6,19,7,11,325,51394.9,2009.0,Mixed
2016-11-20 20:00:00,Fox_lodging_Helen,496.57,17.2,7.0,11.1,1014.8,3.6,20,7,11,325,51394.9,2009.0,Mixed
2016-11-20 21:00:00,Fox_lodging_Helen,515.52,16.7,7.0,13.3,1014.0,3.1,21,7,11,325,51394.9,2009.0,Mixed
2016-11-20 22:00:00,Fox_lodging_Helen,526.38,16.7,7.0,12.8,1013.0,0.0,22,7,11,325,51394.9,2009.0,Mixed
2016-11-20 23:00:00,Fox_lodging_Helen,495.78,16.7,8.0,13.9,1012.9,1.5,23,7,11,325,51394.9,2009.0,Mixed
2016-11-21 00:00:00,Fox_lodging_Helen,476.33,16.7,7.666666666666667,15.0,1013.8,7.7,0,1,11,326,51394.9,2009.0,Mixed
2016-11-21 01:00:00,Fox_lodging_Helen,428.77,16.7,7.333333333333333,13.3,1012.0,3.6,1,1,11,326,51394.9,2009.0,Mixed
2016-11-21 02:00:00,Fox_lodging_Helen,379.88,16.1,7.0,14.4,1011.7,2.6,2,1,11,326,51394.9,2009.0,Mixed
2016-11-21 03:00:00,Fox_lodging_Helen,351.92,16.1,7.0,14.4,1011.4,2.1,3,1,11,326,51394.9,2009.0,Mixed
2016-11-21 04:00:00,Fox_lodging_Helen,340.9,16.1,7.0,15.0,1010.5,2.1,4,1,11,326,51394.9,2009.0,Mixed
2016-11-21 05:00:00,Fox_lodging_Helen,340.32,16.7,6.0,13.9,1009.8,2.1,5,1,11,326,51394.9,2009.0,Mixed
2016-11-21 06:00:00,Fox_lodging_Helen,345.48,16.1,6.0,13.3,1009.3,3.6,6,1,11,326,51394.9,2009.0,Mixed
2016-11-21 07:00:00,Fox_lodging_Helen,357.1,16.7,6.0,13.3,1010.2,1.5,7,1,11,326,51394.9,2009.0,Mixed
2016-11-21 08:00:00,Fox_lodging_Helen,364.52,15.6,6.0,15.0,1010.3,0.0,8,1,11,326,51394.9,2009.0,Mixed
2016-11-21 09:00:00,Fox_lodging_Helen,400.92,17.2,6.0,13.3,1010.4,1.5,9,1,11,326,51394.9,2009.0,Mixed
2016-11-21 10:00:00,Fox_lodging_Helen,371.45,18.9,6.0,12.8,1010.4,0.0,10,1,11,326,51394.9,2009.0,Mixed
2016-11-21 11:00:00,Fox_lodging_Helen,404.17,19.4,6.0,13.3,1010.8,11.8,11,1,11,326,51394.9,2009.0,Mixed
2016-11-21 12:00:00,Fox_lodging_Helen,400.13,16.7,5.666666666666667,14.4,1010.9,4.1,12,1,11,326,51394.9,2009.0,Mixed
2016-11-21 13:00:00,Fox_lodging_Helen,386.18,20.0,5.333333333333333,12.8,1010.6,4.6,13,1,11,326,51394.9,2009.0,Mixed
2016-11-21 14:00:00,Fox_lodging_Helen,380.47,20.6,5.0,9.4,1010.3,9.3,14,1,11,326,51394.9,2009.0,Mixed
2016-11-21 15:00:00,Fox_lodging_Helen,435.15,20.6,5.0,7.8,1010.4,9.3,15,1,11,326,51394.9,2009.0,Mixed
2016-11-21 16:00:00,Fox_lodging_Helen,452.42,20.0,5.0,8.9,1010.8,5.1,16,1,11,326,51394.9,2009.0,Mixed
2016-11-21 17:00:00,Fox_lodging_Helen,456.65,19.4,4.0,7.8,1011.2,4.1,17,1,11,326,51394.9,2009.0,Mixed
2016-11-21 18:00:00,Fox_lodging_Helen,488.47,18.3,3.0,6.7,1012.0,3.6,18,1,11,326,51394.9,2009.0,Mixed
2016-11-21 19:00:00,Fox_lodging_Helen,482.85,17.2,2.0,7.2,1012.6,2.6,19,1,11,326,51394.9,2009.0,Mixed
2016-11-21 20:00:00,Fox_lodging_Helen,479.17,17.2,1.0,6.1,1013.1,3.1,20,1,11,326,51394.9,2009.0,Mixed
2016-11-21 21:00:00,Fox_lodging_Helen,495.23,15.0,0.0,7.2,1013.7,2.1,21,1,11,326,51394.9,2009.0,Mixed
2016-11-21 22:00:00,Fox_lodging_Helen,493.25,15.0,0.0,7.2,1014.0,0.0,22,1,11,326,51394.9,2009.0,Mixed
2016-11-21 23:00:00,Fox_lodging_Helen,484.98,14.4,0.0,7.2,1013.9,0.0,23,1,11,326,51394.9,2009.0,Mixed
2016-11-22 00:00:00,Fox_lodging_Helen,452.37,13.9,0.0,7.8,1014.7,3.6,0,2,11,327,51394.9,2009.0,Mixed
2016-11-22 01:00:00,Fox_lodging_Helen,401.7,13.3,0.0,7.8,1014.8,1.5,1,2,11,327,51394.9,2009.0,Mixed
2016-11-22 02:00:00,Fox_lodging_Helen,378.68,13.3,0.0,7.8,1014.9,0.0,2,2,11,327,51394.9,2009.0,Mixed
2016-11-22 03:00:00,Fox_lodging_Helen,335.55,11.7,0.0,8.3,1015.2,3.1,3,2,11,327,51394.9,2009.0,Mixed
2016-11-22 04:00:00,Fox_lodging_Helen,325.53,11.1,0.0,8.9,1015.5,2.1,4,2,11,327,51394.9,2009.0,Mixed
2016-11-22 05:00:00,Fox_lodging_Helen,328.22,11.1,0.0,8.3,1015.8,2.6,5,2,11,327,51394.9,2009.0,Mixed
2016-11-22 06:00:00,Fox_lodging_Helen,330.42,10.6,0.0,8.3,1016.2,2.6,6,2,11,327,51394.9,2009.0,Mixed
2016-11-22 07:00:00,Fox_lodging_Helen,339.35,10.6,0.0,7.8,1017.0,3.1,7,2,11,327,51394.9,2009.0,Mixed
2016-11-22 08:00:00,Fox_lodging_Helen,359.27,11.1,0.0,8.3,1017.7,2.1,8,2,11,327,51394.9,2009.0,Mixed
2016-11-22 09:00:00,Fox_lodging_Helen,351.3,13.3,0.0,7.8,1018.3,2.6,9,2,11,327,51394.9,2009.0,Mixed
2016-11-22 10:00:00,Fox_lodging_Helen,342.95,15.6,1.0,7.8,1018.7,2.6,10,2,11,327,51394.9,2009.0,Mixed
2016-11-22 11:00:00,Fox_lodging_Helen,356.65,17.2,2.0,7.2,1018.7,2.6,11,2,11,327,51394.9,2009.0,Mixed
2016-11-22 12:00:00,Fox_lodging_Helen,378.5,18.9,2.25,7.2,1017.8,0.0,12,2,11,327,51394.9,2009.0,Mixed
2016-11-22 13:00:00,Fox_lodging_Helen,385.97,20.0,2.5,6.7,1016.8,0.0,13,2,11,327,51394.9,2009.0,Mixed
2016-11-22 14:00:00,Fox_lodging_Helen,376.12,20.6,2.75,5.6,1016.3,1.5,14,2,11,327,51394.9,2009.0,Mixed
2016-11-22 15:00:00,Fox_lodging_Helen,407.17,20.6,2.75,5.6,1016.3,3.1,15,2,11,327,51394.9,2009.0,Mixed
2016-11-22 16:00:00,Fox_lodging_Helen,472.12,21.1,2.75,6.1,1016.5,2.6,16,2,11,327,51394.9,2009.0,Mixed
2016-11-22 17:00:00,Fox_lodging_Helen,487.03,20.6,2.75,5.0,1016.9,3.6,17,2,11,327,51394.9,2009.0,Mixed
2016-11-22 18:00:00,Fox_lodging_Helen,488.63,20.0,2.75,4.4,1017.1,0.0,18,2,11,327,51394.9,2009.0,Mixed
2016-11-22 19:00:00,Fox_lodging_Helen,481.8,17.8,4.0,7.2,1017.5,0.0,19,2,11,327,51394.9,2009.0,Mixed
2016-11-22 20:00:00,Fox_lodging_Helen,479.73,16.7,0.0,7.2,1017.8,2.1,20,2,11,327,51394.9,2009.0,Mixed
2016-11-22 21:00:00,Fox_lodging_Helen,498.45,17.2,0.0,7.2,1017.9,2.1,21,2,11,327,51394.9,2009.0,Mixed
2016-11-22 22:00:00,Fox_lodging_Helen,493.38,15.0,0.0,7.8,1018.1,1.5,22,2,11,327,51394.9,2009.0,Mixed
2016-11-22 23:00:00,Fox_lodging_Helen,482.27,16.7,0.0,7.2,1017.8,0.0,23,2,11,327,51394.9,2009.0,Mixed
2016-11-23 00:00:00,Fox_lodging_Helen,447.97,14.4,0.0,7.2,1017.9,1.5,0,3,11,328,51394.9,2009.0,Mixed
2016-11-23 01:00:00,Fox_lodging_Helen,407.65,13.9,0.0,7.2,1017.4,0.0,1,3,11,328,51394.9,2009.0,Mixed
2016-11-23 02:00:00,Fox_lodging_Helen,353.35,12.8,0.0,8.3,1017.5,0.0,2,3,11,328,51394.9,2009.0,Mixed
2016-11-23 03:00:00,Fox_lodging_Helen,324.38,11.1,0.0,7.8,1017.5,2.1,3,3,11,328,51394.9,2009.0,Mixed
2016-11-23 04:00:00,Fox_lodging_Helen,325.55,11.7,0.0,7.2,1017.1,1.5,4,3,11,328,51394.9,2009.0,Mixed
2016-11-23 05:00:00,Fox_lodging_Helen,317.42,11.1,0.0,7.2,1017.1,1.5,5,3,11,328,51394.9,2009.0,Mixed
2016-11-23 06:00:00,Fox_lodging_Helen,314.87,11.7,0.0,6.7,1017.7,2.6,6,3,11,328,51394.9,2009.0,Mixed
2016-11-23 07:00:00,Fox_lodging_Helen,317.07,12.2,2.0,6.1,1017.8,3.1,7,3,11,328,51394.9,2009.0,Mixed
2016-11-23 08:00:00,Fox_lodging_Helen,342.48,13.3,2.0,5.6,1018.1,3.6,8,3,11,328,51394.9,2009.0,Mixed
2016-11-23 09:00:00,Fox_lodging_Helen,347.58,16.1,2.0,5.0,1018.5,2.6,9,3,11,328,51394.9,2009.0,Mixed
2016-11-23 10:00:00,Fox_lodging_Helen,373.9,16.7,2.0,4.4,1018.9,2.1,10,3,11,328,51394.9,2009.0,Mixed
2016-11-23 11:00:00,Fox_lodging_Helen,380.85,18.3,2.0,5.0,1018.6,1.5,11,3,11,328,51394.9,2009.0,Mixed
2016-11-23 12:00:00,Fox_lodging_Helen,386.98,21.1,2.0,4.4,1017.5,1.5,12,3,11,328,51394.9,2009.0,Mixed
2016-11-23 13:00:00,Fox_lodging_Helen,411.63,21.1,2.0,2.8,1016.5,2.1,13,3,11,328,51394.9,2009.0,Mixed
2016-11-23 14:00:00,Fox_lodging_Helen,416.35,22.2,2.0,2.8,1016.0,3.1,14,3,11,328,51394.9,2009.0,Mixed
2016-11-23 15:00:00,Fox_lodging_Helen,405.87,22.8,2.0,2.8,1015.8,2.6,15,3,11,328,51394.9,2009.0,Mixed
2016-11-23 16:00:00,Fox_lodging_Helen,440.47,22.8,2.0,2.8,1015.7,3.6,16,3,11,328,51394.9,2009.0,Mixed
2016-11-23 17:00:00,Fox_lodging_Helen,445.67,22.2,4.0,1.7,1015.5,3.6,17,3,11,328,51394.9,2009.0,Mixed
2016-11-23 18:00:00,Fox_lodging_Helen,379.07,21.1,4.0,3.3,1015.4,2.6,18,3,11,328,51394.9,2009.0,Mixed
2016-11-23 19:00:00,Fox_lodging_Helen,369.48,18.9,2.0,4.4,1015.7,1.5,19,3,11,328,51394.9,2009.0,Mixed
2016-11-23 20:00:00,Fox_lodging_Helen,384.48,18.9,0.0,3.9,1016.2,2.1,20,3,11,328,51394.9,2009.0,Mixed
2016-11-23 21:00:00,Fox_lodging_Helen,366.38,18.3,0.0,4.4,1016.8,2.1,21,3,11,328,51394.9,2009.0,Mixed
2016-11-23 22:00:00,Fox_lodging_Helen,358.02,15.0,0.0,5.6,1017.2,2.6,22,3,11,328,51394.9,2009.0,Mixed
2016-11-23 23:00:00,Fox_lodging_Helen,336.02,15.0,0.0,5.6,1017.6,2.6,23,3,11,328,51394.9,2009.0,Mixed
2016-11-24 00:00:00,Fox_lodging_Helen,343.5,15.6,0.0,5.6,1017.7,1.5,0,4,11,329,51394.9,2009.0,Mixed
2016-11-24 01:00:00,Fox_lodging_Helen,327.12,13.3,0.0,5.6,1017.8,0.0,1,4,11,329,51394.9,2009.0,Mixed
2016-11-24 02:00:00,Fox_lodging_Helen,314.45,12.2,0.0,6.1,1018.1,1.5,2,4,11,329,51394.9,2009.0,Mixed
2016-11-24 03:00:00,Fox_lodging_Helen,295.68,11.7,0.0,5.6,1018.4,0.0,3,4,11,329,51394.9,2009.0,Mixed
2016-11-24 04:00:00,Fox_lodging_Helen,294.65,12.8,3.0,5.0,1018.2,0.0,4,4,11,329,51394.9,2009.0,Mixed
2016-11-24 05:00:00,Fox_lodging_Helen,296.95,10.6,6.0,5.6,1018.7,1.5,5,4,11,329,51394.9,2009.0,Mixed
2016-11-24 06:00:00,Fox_lodging_Helen,296.73,10.6,4.666666666666667,5.6,1019.3,1.5,6,4,11,329,51394.9,2009.0,Mixed
2016-11-24 07:00:00,Fox_lodging_Helen,294.08,11.1,3.3333333333333335,5.0,1020.3,0.0,7,4,11,329,51394.9,2009.0,Mixed
2016-11-24 08:00:00,Fox_lodging_Helen,278.65,10.6,2.0,5.6,1020.7,0.0,8,4,11,329,51394.9,2009.0,Mixed
2016-11-24 09:00:00,Fox_lodging_Helen,256.3,14.4,3.333333333333333,5.0,1021.0,0.0,9,4,11,329,51394.9,2009.0,Mixed
2016-11-24 10:00:00,Fox_lodging_Helen,236.68,16.1,4.666666666666666,2.8,1021.3,2.1,10,4,11,329,51394.9,2009.0,Mixed
2016-11-24 11:00:00,Fox_lodging_Helen,242.13,18.9,6.0,-1.1,1021.0,2.1,11,4,11,329,51394.9,2009.0,Mixed
2016-11-24 12:00:00,Fox_lodging_Helen,246.67,20.6,5.6,-1.7,1019.7,2.6,12,4,11,329,51394.9,2009.0,Mixed
2016-11-24 13:00:00,Fox_lodging_Helen,247.28,22.8,5.2,-8.9,1018.4,2.6,13,4,11,329,51394.9,2009.0,Mixed
2016-11-24 14:00:00,Fox_lodging_Helen,247.03,23.9,4.8,-11.1,1017.0,2.1,14,4,11,329,51394.9,2009.0,Mixed
2016-11-24 15:00:00,Fox_lodging_Helen,257.98,24.4,4.8,-10.6,1016.5,1.5,15,4,11,329,51394.9,2009.0,Mixed
2016-11-24 16:00:00,Fox_lodging_Helen,295.42,23.9,4.0,-10.0,1016.1,2.6,16,4,11,329,51394.9,2009.0,Mixed
2016-11-24 17:00:00,Fox_lodging_Helen,305.33,24.4,4.0,-9.4,1015.9,2.1,17,4,11,329,51394.9,2009.0,Mixed
2016-11-24 18:00:00,Fox_lodging_Helen,312.82,22.8,2.0,-8.9,1016.1,2.1,18,4,11,329,51394.9,2009.0,Mixed
2016-11-24 19:00:00,Fox_lodging_Helen,319.45,20.6,0.0,-8.3,1016.7,1.5,19,4,11,329,51394.9,2009.0,Mixed
2016-11-24 20:00:00,Fox_lodging_Helen,323.0,18.9,0.0,-6.1,1017.1,0.0,20,4,11,329,51394.9,2009.0,Mixed
2016-11-24 21:00:00,Fox_lodging_Helen,326.58,17.2,0.0,-6.1,1017.5,2.6,21,4,11,329,51394.9,2009.0,Mixed
2016-11-24 22:00:00,Fox_lodging_Helen,320.7,13.9,0.0,-3.3,1017.9,2.1,22,4,11,329,51394.9,2009.0,Mixed
2016-11-24 23:00:00,Fox_lodging_Helen,322.08,15.6,0.0,-6.7,1018.1,3.1,23,4,11,329,51394.9,2009.0,Mixed
2016-11-25 00:00:00,Fox_lodging_Helen,298.65,13.9,0.0,-6.1,1018.5,1.5,0,5,11,330,51394.9,2009.0,Mixed
2016-11-25 01:00:00,Fox_lodging_Helen,298.22,12.2,0.0,-5.0,1018.4,2.1,1,5,11,330,51394.9,2009.0,Mixed
2016-11-25 02:00:00,Fox_lodging_Helen,292.35,12.2,0.0,-5.0,1018.1,0.0,2,5,11,330,51394.9,2009.0,Mixed
2016-11-25 03:00:00,Fox_lodging_Helen,295.33,11.1,0.0,-5.0,1018.4,1.5,3,5,11,330,51394.9,2009.0,Mixed
2016-11-25 04:00:00,Fox_lodging_Helen,296.23,11.7,0.0,-5.6,1018.3,0.0,4,5,11,330,51394.9,2009.0,Mixed
2016-11-25 05:00:00,Fox_lodging_Helen,288.3,10.6,0.0,-5.0,1018.5,0.0,5,5,11,330,51394.9,2009.0,Mixed
2016-11-25 06:00:00,Fox_lodging_Helen,292.68,10.6,0.0,-5.0,1018.7,0.0,6,5,11,330,51394.9,2009.0,Mixed
2016-11-25 07:00:00,Fox_lodging_Helen,292.63,9.4,2.0,-3.3,1019.4,2.1,7,5,11,330,51394.9,2009.0,Mixed
2016-11-25 08:00:00,Fox_lodging_Helen,276.98,10.0,2.0,-3.3,1020.0,1.5,8,5,11,330,51394.9,2009.0,Mixed
2016-11-25 09:00:00,Fox_lodging_Helen,246.45,15.6,2.0,-2.2,1020.0,0.0,9,5,11,330,51394.9,2009.0,Mixed
2016-11-25 10:00:00,Fox_lodging_Helen,229.45,20.0,2.0,-7.8,1020.1,5.7,10,5,11,330,51394.9,2009.0,Mixed
2016-11-25 11:00:00,Fox_lodging_Helen,227.75,22.2,2.0,-7.8,1019.7,6.7,11,5,11,330,51394.9,2009.0,Mixed
2016-11-25 12:00:00,Fox_lodging_Helen,231.32,23.9,2.0,-7.2,1018.7,5.1,12,5,11,330,51394.9,2009.0,Mixed
2016-11-25 13:00:00,Fox_lodging_Helen,245.7,25.0,2.0,-6.1,1017.7,3.1,13,5,11,330,51394.9,2009.0,Mixed
2016-11-25 14:00:00,Fox_lodging_Helen,263.67,26.1,2.0,-5.6,1017.0,4.6,14,5,11,330,51394.9,2009.0,Mixed
2016-11-25 15:00:00,Fox_lodging_Helen,276.95,26.7,2.0,-5.0,1016.3,4.1,15,5,11,330,51394.9,2009.0,Mixed
2016-11-25 16:00:00,Fox_lodging_Helen,325.33,26.7,2.0,-5.0,1016.0,4.1,16,5,11,330,51394.9,2009.0,Mixed
2016-11-25 17:00:00,Fox_lodging_Helen,345.92,25.6,2.0,-4.4,1015.9,3.6,17,5,11,330,51394.9,2009.0,Mixed
2016-11-25 18:00:00,Fox_lodging_Helen,346.55,22.8,2.0,-2.8,1016.1,3.1,18,5,11,330,51394.9,2009.0,Mixed
2016-11-25 19:00:00,Fox_lodging_Helen,367.55,21.7,0.0,-1.7,1016.6,2.6,19,5,11,330,51394.9,2009.0,Mixed
2016-11-25 20:00:00,Fox_lodging_Helen,349.0,20.0,0.0,-1.1,1017.2,2.1,20,5,11,330,51394.9,2009.0,Mixed
2016-11-25 21:00:00,Fox_lodging_Helen,342.52,18.9,0.0,-1.7,1017.3,3.1,21,5,11,330,51394.9,2009.0,Mixed
2016-11-25 22:00:00,Fox_lodging_Helen,326.88,17.8,0.0,-1.1,1017.3,2.1,22,5,11,330,51394.9,2009.0,Mixed
2016-11-25 23:00:00,Fox_lodging_Helen,307.18,17.2,0.0,-1.7,1017.0,3.6,23,5,11,330,51394.9,2009.0,Mixed
2016-11-26 00:00:00,Fox_lodging_Helen,317.93,16.7,0.0,-1.7,1016.9,3.6,0,6,11,331,51394.9,2009.0,Mixed
2016-11-26 01:00:00,Fox_lodging_Helen,299.6,16.1,0.0,-1.7,1016.6,3.6,1,6,11,331,51394.9,2009.0,Mixed
2016-11-26 02:00:00,Fox_lodging_Helen,299.2,16.7,0.0,-1.7,1016.3,4.1,2,6,11,331,51394.9,2009.0,Mixed
2016-11-26 03:00:00,Fox_lodging_Helen,295.77,17.2,4.0,-1.1,1016.3,4.6,3,6,11,331,51394.9,2009.0,Mixed
2016-11-26 04:00:00,Fox_lodging_Helen,293.88,17.2,4.0,-1.1,1015.9,5.1,4,6,11,331,51394.9,2009.0,Mixed
2016-11-26 05:00:00,Fox_lodging_Helen,291.12,17.2,4.0,-0.6,1015.9,3.6,5,6,11,331,51394.9,2009.0,Mixed
2016-11-26 06:00:00,Fox_lodging_Helen,300.63,16.7,4.0,-0.6,1015.8,3.6,6,6,11,331,51394.9,2009.0,Mixed
2016-11-26 07:00:00,Fox_lodging_Helen,297.32,16.1,2.0,0.6,1015.9,3.6,7,6,11,331,51394.9,2009.0,Mixed
2016-11-26 08:00:00,Fox_lodging_Helen,288.13,16.7,0.0,0.0,1015.9,3.6,8,6,11,331,51394.9,2009.0,Mixed
2016-11-26 09:00:00,Fox_lodging_Helen,281.53,17.8,2.6666666666666665,0.6,1015.5,4.1,9,6,11,331,51394.9,2009.0,Mixed
2016-11-26 10:00:00,Fox_lodging_Helen,295.57,17.8,5.333333333333333,1.1,1015.3,3.6,10,6,11,331,51394.9,2009.0,Mixed
2016-11-26 11:00:00,Fox_lodging_Helen,290.72,20.0,8.0,1.1,1014.5,4.1,11,6,11,331,51394.9,2009.0,Mixed
2016-11-26 12:00:00,Fox_lodging_Helen,304.05,20.6,8.0,1.1,1013.6,3.6,12,6,11,331,51394.9,2009.0,Mixed
2016-11-26 13:00:00,Fox_lodging_Helen,319.45,21.1,8.0,2.2,1012.6,0.0,13,6,11,331,51394.9,2009.0,Mixed
2016-11-26 14:00:00,Fox_lodging_Helen,347.27,21.1,8.0,2.2,1011.4,2.6,14,6,11,331,51394.9,2009.0,Mixed
2016-11-26 15:00:00,Fox_lodging_Helen,328.53,21.1,8.0,2.8,1010.8,2.1,15,6,11,331,51394.9,2009.0,Mixed
2016-11-26 16:00:00,Fox_lodging_Helen,346.15,20.6,8.0,3.3,1010.7,1.5,16,6,11,331,51394.9,2009.0,Mixed
2016-11-26 17:00:00,Fox_lodging_Helen,353.08,18.9,8.0,4.4,1010.1,2.1,17,6,11,331,51394.9,2009.0,Mixed
2016-11-26 18:00:00,Fox_lodging_Helen,364.53,17.2,8.0,5.0,1010.4,0.0,18,6,11,331,51394.9,2009.0,Mixed
2016-11-26 19:00:00,Fox_lodging_Helen,373.47,17.8,8.0,4.4,1010.8,2.1,19,6,11,331,51394.9,2009.0,Mixed
2016-11-26 20:00:00,Fox_lodging_Helen,358.97,17.2,8.0,4.4,1010.5,0.0,20,6,11,331,51394.9,2009.0,Mixed
2016-11-26 21:00:00,Fox_lodging_Helen,352.22,17.2,8.0,3.9,1010.5,2.1,21,6,11,331,51394.9,2009.0,Mixed
2016-11-26 22:00:00,Fox_lodging_Helen,341.4,18.3,8.0,-0.6,1010.8,5.1,22,6,11,331,51394.9,2009.0,Mixed
2016-11-26 23:00:00,Fox_lodging_Helen,344.93,18.3,8.0,3.3,1011.1,8.8,23,6,11,331,51394.9,2009.0,Mixed
2016-11-27 00:00:00,Fox_lodging_Helen,329.83,18.3,6.5,5.6,1011.0,7.2,0,7,11,332,51394.9,2009.0,Mixed
2016-11-27 01:00:00,Fox_lodging_Helen,327.33,16.7,5.0,3.9,1012.1,9.8,1,7,11,332,51394.9,2009.0,Mixed
2016-11-27 02:00:00,Fox_lodging_Helen,301.22,15.0,3.5,2.8,1012.6,5.1,2,7,11,332,51394.9,2009.0,Mixed
2016-11-27 03:00:00,Fox_lodging_Helen,297.48,13.9,2.0,2.2,1012.8,2.1,3,7,11,332,51394.9,2009.0,Mixed
2016-11-27 04:00:00,Fox_lodging_Helen,293.47,13.3,2.0,1.1,1013.3,5.7,4,7,11,332,51394.9,2009.0,Mixed
2016-11-27 05:00:00,Fox_lodging_Helen,290.57,12.8,0.0,1.7,1013.7,3.6,5,7,11,332,51394.9,2009.0,Mixed
2016-11-27 06:00:00,Fox_lodging_Helen,292.48,12.2,4.0,2.2,1014.5,3.6,6,7,11,332,51394.9,2009.0,Mixed
2016-11-27 07:00:00,Fox_lodging_Helen,293.28,11.7,4.0,2.2,1014.4,1.5,7,7,11,332,51394.9,2009.0,Mixed
2016-11-27 08:00:00,Fox_lodging_Helen,287.53,11.1,4.0,2.8,1014.8,2.6,8,7,11,332,51394.9,2009.0,Mixed
2016-11-27 09:00:00,Fox_lodging_Helen,270.73,13.3,4.0,2.8,1014.2,2.1,9,7,11,332,51394.9,2009.0,Mixed
2016-11-27 10:00:00,Fox_lodging_Helen,275.03,14.4,4.0,2.2,1014.2,2.6,10,7,11,332,51394.9,2009.0,Mixed
2016-11-27 11:00:00,Fox_lodging_Helen,294.47,14.4,6.0,2.2,1014.2,0.0,11,7,11,332,51394.9,2009.0,Mixed
2016-11-27 12:00:00,Fox_lodging_Helen,318.35,16.1,6.0,2.2,1013.4,2.6,12,7,11,332,51394.9,2009.0,Mixed
2016-11-27 13:00:00,Fox_lodging_Helen,354.67,16.7,6.0,2.2,1012.4,5.1,13,7,11,332,51394.9,2009.0,Mixed
2016-11-27 14:00:00,Fox_lodging_Helen,356.88,17.2,6.0,2.8,1011.2,5.1,14,7,11,332,51394.9,2009.0,Mixed
2016-11-27 15:00:00,Fox_lodging_Helen,388.2,17.2,6.0,2.2,1010.4,5.7,15,7,11,332,51394.9,2009.0,Mixed
2016-11-27 16:00:00,Fox_lodging_Helen,440.73,16.7,6.0,2.2,1009.6,5.7,16,7,11,332,51394.9,2009.0,Mixed
2016-11-27 17:00:00,Fox_lodging_Helen,419.28,16.1,6.0,1.7,1009.2,6.2,17,7,11,332,51394.9,2009.0,Mixed
2016-11-27 18:00:00,Fox_lodging_Helen,439.75,15.6,5.6,2.2,1009.0,3.1,18,7,11,332,51394.9,2009.0,Mixed
2016-11-27 19:00:00,Fox_lodging_Helen,123.32,11.1,5.2,7.2,1010.25,14.4,19,7,11,332,51394.9,2009.0,Mixed
2016-11-27 20:00:00,Fox_lodging_Helen,302.2,9.4,4.8,6.7,1011.5,4.1,20,7,11,332,51394.9,2009.0,Mixed
2016-11-27 21:00:00,Fox_lodging_Helen,449.7,9.4,4.8,8.3,1010.4,4.1,21,7,11,332,51394.9,2009.0,Mixed
2016-11-27 22:00:00,Fox_lodging_Helen,441.08,9.4,4.0,7.2,1011.1,1.5,22,7,11,332,51394.9,2009.0,Mixed
2016-11-27 23:00:00,Fox_lodging_Helen,409.17,9.4,8.0,7.8,1011.9,2.6,23,7,11,332,51394.9,2009.0,Mixed
2016-11-28 00:00:00,Fox_lodging_Helen,393.47,9.4,7.2,7.8,1012.3,2.1,0,1,11,333,51394.9,2009.0,Mixed
2016-11-28 01:00:00,Fox_lodging_Helen,341.45,9.4,6.4,7.8,1012.3,2.6,1,1,11,333,51394.9,2009.0,Mixed
2016-11-28 02:00:00,Fox_lodging_Helen,321.8,9.4,5.6,7.8,1012.3,2.1,2,1,11,333,51394.9,2009.0,Mixed
2016-11-28 03:00:00,Fox_lodging_Helen,308.13,9.4,5.6,7.8,1012.0,2.1,3,1,11,333,51394.9,2009.0,Mixed
2016-11-28 04:00:00,Fox_lodging_Helen,296.63,9.4,4.0,7.8,1011.8,0.0,4,1,11,333,51394.9,2009.0,Mixed
2016-11-28 05:00:00,Fox_lodging_Helen,290.33,8.9,4.0,7.2,1012.0,1.5,5,1,11,333,51394.9,2009.0,Mixed
2016-11-28 06:00:00,Fox_lodging_Helen,291.07,8.9,4.0,7.2,1012.1,3.1,6,1,11,333,51394.9,2009.0,Mixed
2016-11-28 07:00:00,Fox_lodging_Helen,306.9,8.3,2.0,7.2,1012.5,0.0,7,1,11,333,51394.9,2009.0,Mixed
2016-11-28 08:00:00,Fox_lodging_Helen,317.27,8.9,4.0,7.2,1013.3,0.0,8,1,11,333,51394.9,2009.0,Mixed
2016-11-28 09:00:00,Fox_lodging_Helen,314.78,9.4,4.666666666666667,7.2,1013.2,2.6,9,1,11,333,51394.9,2009.0,Mixed
2016-11-28 10:00:00,Fox_lodging_Helen,335.75,10.6,5.333333333333333,6.1,1013.9,2.1,10,1,11,333,51394.9,2009.0,Mixed
2016-11-28 11:00:00,Fox_lodging_Helen,314.98,11.7,6.0,7.2,1013.5,3.6,11,1,11,333,51394.9,2009.0,Mixed
2016-11-28 12:00:00,Fox_lodging_Helen,326.82,13.9,6.333333333333333,6.1,1012.7,1.5,12,1,11,333,51394.9,2009.0,Mixed
2016-11-28 13:00:00,Fox_lodging_Helen,385.6,13.3,6.666666666666667,4.4,1010.8,2.6,13,1,11,333,51394.9,2009.0,Mixed
2016-11-28 14:00:00,Fox_lodging_Helen,393.48,13.3,7.0,3.9,1008.7,5.7,14,1,11,333,51394.9,2009.0,Mixed
2016-11-28 15:00:00,Fox_lodging_Helen,410.45,13.3,7.0,2.2,1007.7,4.6,15,1,11,333,51394.9,2009.0,Mixed
2016-11-28 16:00:00,Fox_lodging_Helen,407.48,13.3,7.0,2.2,1007.6,2.6,16,1,11,333,51394.9,2009.0,Mixed
2016-11-28 17:00:00,Fox_lodging_Helen,435.78,13.3,8.0,1.1,1007.6,2.6,17,1,11,333,51394.9,2009.0,Mixed
2016-11-28 18:00:00,Fox_lodging_Helen,445.73,13.3,7.0,1.1,1008.0,2.6,18,1,11,333,51394.9,2009.0,Mixed
2016-11-28 19:00:00,Fox_lodging_Helen,453.75,13.3,6.0,1.7,1008.2,2.6,19,1,11,333,51394.9,2009.0,Mixed
2016-11-28 20:00:00,Fox_lodging_Helen,467.22,13.3,5.0,1.7,1008.0,0.0,20,1,11,333,51394.9,2009.0,Mixed
2016-11-28 21:00:00,Fox_lodging_Helen,479.27,12.2,5.0,3.3,1008.6,0.0,21,1,11,333,51394.9,2009.0,Mixed
2016-11-28 22:00:00,Fox_lodging_Helen,477.3,12.8,5.0,2.2,1009.1,1.5,22,1,11,333,51394.9,2009.0,Mixed
2016-11-28 23:00:00,Fox_lodging_Helen,434.23,10.6,2.0,4.4,1009.3,2.1,23,1,11,333,51394.9,2009.0,Mixed
2016-11-29 00:00:00,Fox_lodging_Helen,434.72,10.0,2.0,5.6,1009.4,1.5,0,2,11,334,51394.9,2009.0,Mixed
2016-11-29 01:00:00,Fox_lodging_Helen,379.52,10.6,2.0,4.4,1009.4,1.5,1,2,11,334,51394.9,2009.0,Mixed
2016-11-29 02:00:00,Fox_lodging_Helen,322.47,10.0,2.5,4.4,1009.7,2.6,2,2,11,334,51394.9,2009.0,Mixed
2016-11-29 03:00:00,Fox_lodging_Helen,302.57,9.4,3.0,3.9,1009.8,2.6,3,2,11,334,51394.9,2009.0,Mixed
2016-11-29 04:00:00,Fox_lodging_Helen,295.52,8.3,3.5,4.4,1010.1,2.1,4,2,11,334,51394.9,2009.0,Mixed
2016-11-29 05:00:00,Fox_lodging_Helen,294.47,7.2,4.0,4.4,1010.3,2.6,5,2,11,334,51394.9,2009.0,Mixed
2016-11-29 06:00:00,Fox_lodging_Helen,300.47,7.2,4.0,4.4,1010.9,2.1,6,2,11,334,51394.9,2009.0,Mixed
2016-11-29 07:00:00,Fox_lodging_Helen,313.9,6.7,2.0,4.4,1011.6,3.6,7,2,11,334,51394.9,2009.0,Mixed
2016-11-29 08:00:00,Fox_lodging_Helen,331.12,7.2,2.0,4.4,1012.7,0.0,8,2,11,334,51394.9,2009.0,Mixed
2016-11-29 09:00:00,Fox_lodging_Helen,321.43,8.9,2.0,2.2,1013.5,3.1,9,2,11,334,51394.9,2009.0,Mixed
2016-11-29 10:00:00,Fox_lodging_Helen,358.03,11.7,2.0,2.2,1014.4,2.1,10,2,11,334,51394.9,2009.0,Mixed
2016-11-29 11:00:00,Fox_lodging_Helen,332.75,13.3,2.0,-6.1,1014.7,6.7,11,2,11,334,51394.9,2009.0,Mixed
2016-11-29 12:00:00,Fox_lodging_Helen,311.53,14.4,2.0,-6.7,1014.6,4.6,12,2,11,334,51394.9,2009.0,Mixed
2016-11-29 13:00:00,Fox_lodging_Helen,328.12,15.0,2.0,-7.2,1014.1,3.1,13,2,11,334,51394.9,2009.0,Mixed
2016-11-29 14:00:00,Fox_lodging_Helen,344.33,15.0,2.0,-7.2,1013.8,3.6,14,2,11,334,51394.9,2009.0,Mixed
2016-11-29 15:00:00,Fox_lodging_Helen,358.83,15.6,2.0,-6.7,1013.6,3.1,15,2,11,334,51394.9,2009.0,Mixed
2016-11-29 16:00:00,Fox_lodging_Helen,397.28,15.6,2.0,-6.7,1013.8,3.1,16,2,11,334,51394.9,2009.0,Mixed
2016-11-29 17:00:00,Fox_lodging_Helen,413.28,15.0,2.0,-4.4,1014.4,3.6,17,2,11,334,51394.9,2009.0,Mixed
2016-11-29 18:00:00,Fox_lodging_Helen,455.18,13.3,2.0,-2.8,1015.0,3.1,18,2,11,334,51394.9,2009.0,Mixed
2016-11-29 19:00:00,Fox_lodging_Helen,466.63,13.9,0.0,-6.7,1015.4,3.6,19,2,11,334,51394.9,2009.0,Mixed
2016-11-29 20:00:00,Fox_lodging_Helen,454.27,11.1,0.0,-1.1,1016.3,2.6,20,2,11,334,51394.9,2009.0,Mixed
2016-11-29 21:00:00,Fox_lodging_Helen,479.55,11.1,0.0,-2.8,1016.8,0.0,21,2,11,334,51394.9,2009.0,Mixed
2016-11-29 22:00:00,Fox_lodging_Helen,480.72,11.7,0.0,-2.2,1017.0,1.5,22,2,11,334,51394.9,2009.0,Mixed
2016-11-29 23:00:00,Fox_lodging_Helen,456.25,8.9,0.0,-0.6,1017.6,1.5,23,2,11,334,51394.9,2009.0,Mixed
2016-11-30 00:00:00,Fox_lodging_Helen,395.22,8.9,2.0,-0.6,1017.9,2.6,0,3,11,335,51394.9,2009.0,Mixed
2016-11-30 01:00:00,Fox_lodging_Helen,368.48,8.3,2.0,-1.1,1017.7,1.5,1,3,11,335,51394.9,2009.0,Mixed
2016-11-30 02:00:00,Fox_lodging_Helen,328.22,7.2,0.0,-0.6,1018.1,1.5,2,3,11,335,51394.9,2009.0,Mixed
2016-11-30 03:00:00,Fox_lodging_Helen,307.1,7.2,0.0,0.0,1017.9,0.0,3,3,11,335,51394.9,2009.0,Mixed
2016-11-30 04:00:00,Fox_lodging_Helen,293.08,7.2,0.0,-0.6,1018.2,2.1,4,3,11,335,51394.9,2009.0,Mixed
2016-11-30 05:00:00,Fox_lodging_Helen,294.12,6.1,0.0,0.0,1017.8,0.0,5,3,11,335,51394.9,2009.0,Mixed
2016-11-30 06:00:00,Fox_lodging_Helen,303.08,6.1,0.0,-1.7,1018.1,0.0,6,3,11,335,51394.9,2009.0,Mixed
2016-11-30 07:00:00,Fox_lodging_Helen,318.95,5.0,0.0,-0.6,1018.5,1.5,7,3,11,335,51394.9,2009.0,Mixed
2016-11-30 08:00:00,Fox_lodging_Helen,319.82,6.7,0.0,-1.7,1018.7,0.0,8,3,11,335,51394.9,2009.0,Mixed
2016-11-30 09:00:00,Fox_lodging_Helen,321.6,8.3,0.0,-1.1,1019.1,1.5,9,3,11,335,51394.9,2009.0,Mixed
2016-11-30 10:00:00,Fox_lodging_Helen,313.43,10.6,0.0,-3.3,1019.4,0.0,10,3,11,335,51394.9,2009.0,Mixed
2016-11-30 11:00:00,Fox_lodging_Helen,304.02,12.8,0.0,-6.1,1018.7,3.1,11,3,11,335,51394.9,2009.0,Mixed
2016-11-30 12:00:00,Fox_lodging_Helen,305.0,13.9,0.0,-6.1,1017.8,2.6,12,3,11,335,51394.9,2009.0,Mixed
2016-11-30 13:00:00,Fox_lodging_Helen,323.77,15.0,0.0,-6.1,1016.8,0.0,13,3,11,335,51394.9,2009.0,Mixed
2016-11-30 14:00:00,Fox_lodging_Helen,350.75,16.1,0.0,-6.7,1016.0,0.0,14,3,11,335,51394.9,2009.0,Mixed
2016-11-30 15:00:00,Fox_lodging_Helen,353.17,16.1,2.0,-7.2,1015.6,3.1,15,3,11,335,51394.9,2009.0,Mixed
2016-11-30 16:00:00,Fox_lodging_Helen,403.37,16.1,2.0,-7.8,1015.3,3.6,16,3,11,335,51394.9,2009.0,Mixed
2016-11-30 17:00:00,Fox_lodging_Helen,426.05,15.6,2.0,-7.8,1014.3,2.1,17,3,11,335,51394.9,2009.0,Mixed
2016-11-30 18:00:00,Fox_lodging_Helen,447.47,15.0,2.0,-8.3,1014.1,3.1,18,3,11,335,51394.9,2009.0,Mixed
2016-11-30 19:00:00,Fox_lodging_Helen,470.58,14.4,0.0,-7.2,1014.1,2.6,19,3,11,335,51394.9,2009.0,Mixed
2016-11-30 20:00:00,Fox_lodging_Helen,453.7,10.6,0.0,-1.7,1014.3,2.1,20,3,11,335,51394.9,2009.0,Mixed
2016-11-30 21:00:00,Fox_lodging_Helen,465.47,10.0,0.0,-1.1,1014.4,3.1,21,3,11,335,51394.9,2009.0,Mixed
2016-11-30 22:00:00,Fox_lodging_Helen,474.33,10.6,0.0,-3.3,1014.4,3.1,22,3,11,335,51394.9,2009.0,Mixed
2016-11-30 23:00:00,Fox_lodging_Helen,460.93,8.9,0.0,-1.7,1014.5,1.5,23,3,11,335,51394.9,2009.0,Mixed
2016-12-01 00:00:00,Fox_lodging_Helen,413.0,8.9,0.0,-2.2,1014.6,2.1,0,4,12,336,51394.9,2009.0,Mixed
2016-12-01 01:00:00,Fox_lodging_Helen,383.23,8.3,0.0,-2.2,1014.3,0.0,1,4,12,336,51394.9,2009.0,Mixed
2016-12-01 02:00:00,Fox_lodging_Helen,354.25,7.2,0.0,-1.1,1014.5,3.6,2,4,12,336,51394.9,2009.0,Mixed
2016-12-01 03:00:00,Fox_lodging_Helen,312.7,7.2,2.0,-1.1,1014.5,2.6,3,4,12,336,51394.9,2009.0,Mixed
2016-12-01 04:00:00,Fox_lodging_Helen,298.57,6.7,0.0,-2.8,1014.4,2.6,4,4,12,336,51394.9,2009.0,Mixed
2016-12-01 05:00:00,Fox_lodging_Helen,295.55,6.1,4.0,-2.2,1014.2,3.1,5,4,12,336,51394.9,2009.0,Mixed
2016-12-01 06:00:00,Fox_lodging_Helen,296.37,6.7,4.333333333333333,-3.3,1014.3,3.1,6,4,12,336,51394.9,2009.0,Mixed
2016-12-01 07:00:00,Fox_lodging_Helen,309.87,6.7,4.666666666666667,-3.9,1014.9,2.6,7,4,12,336,51394.9,2009.0,Mixed
2016-12-01 08:00:00,Fox_lodging_Helen,323.12,6.7,5.0,-2.8,1015.3,2.6,8,4,12,336,51394.9,2009.0,Mixed
2016-12-01 09:00:00,Fox_lodging_Helen,319.33,8.3,5.0,-2.8,1015.5,3.1,9,4,12,336,51394.9,2009.0,Mixed
2016-12-01 10:00:00,Fox_lodging_Helen,320.13,10.0,5.0,-2.8,1015.5,4.1,10,4,12,336,51394.9,2009.0,Mixed
2016-12-01 11:00:00,Fox_lodging_Helen,344.7,11.7,6.0,-3.3,1014.9,3.1,11,4,12,336,51394.9,2009.0,Mixed
2016-12-01 12:00:00,Fox_lodging_Helen,344.9,12.8,5.6,-3.3,1014.1,0.0,12,4,12,336,51394.9,2009.0,Mixed
2016-12-01 13:00:00,Fox_lodging_Helen,378.2,15.0,5.2,-4.4,1013.0,2.1,13,4,12,336,51394.9,2009.0,Mixed
2016-12-01 14:00:00,Fox_lodging_Helen,361.17,15.6,4.8,-5.0,1012.4,1.5,14,4,12,336,51394.9,2009.0,Mixed
2016-12-01 15:00:00,Fox_lodging_Helen,402.95,16.1,4.8,-4.4,1011.9,3.6,15,4,12,336,51394.9,2009.0,Mixed
2016-12-01 16:00:00,Fox_lodging_Helen,432.07,16.1,4.0,-5.0,1011.3,3.1,16,4,12,336,51394.9,2009.0,Mixed
2016-12-01 17:00:00,Fox_lodging_Helen,430.92,15.6,4.0,-5.6,1011.0,2.6,17,4,12,336,51394.9,2009.0,Mixed
2016-12-01 18:00:00,Fox_lodging_Helen,448.43,13.3,4.0,-3.3,1011.3,2.6,18,4,12,336,51394.9,2009.0,Mixed
2016-12-01 19:00:00,Fox_lodging_Helen,445.78,12.2,4.0,-2.2,1011.7,2.1,19,4,12,336,51394.9,2009.0,Mixed
2016-12-01 20:00:00,Fox_lodging_Helen,488.58,11.1,4.0,-1.1,1011.9,1.5,20,4,12,336,51394.9,2009.0,Mixed
2016-12-01 21:00:00,Fox_lodging_Helen,469.0,11.7,4.0,-3.3,1012.0,2.1,21,4,12,336,51394.9,2009.0,Mixed
2016-12-01 22:00:00,Fox_lodging_Helen,460.52,11.7,4.0,-2.8,1012.1,0.0,22,4,12,336,51394.9,2009.0,Mixed
2016-12-01 23:00:00,Fox_lodging_Helen,439.4,11.1,4.0,-1.7,1011.6,0.0,23,4,12,336,51394.9,2009.0,Mixed
2016-12-02 00:00:00,Fox_lodging_Helen,432.38,10.0,4.333333333333333,-1.1,1011.5,2.1,0,5,12,337,51394.9,2009.0,Mixed
2016-12-02 01:00:00,Fox_lodging_Helen,372.75,8.9,4.666666666666667,-1.1,1010.9,2.1,1,5,12,337,51394.9,2009.0,Mixed
2016-12-02 02:00:00,Fox_lodging_Helen,327.67,8.9,5.0,-1.1,1010.7,3.6,2,5,12,337,51394.9,2009.0,Mixed
2016-12-02 03:00:00,Fox_lodging_Helen,306.12,8.3,5.0,-1.7,1010.7,3.6,3,5,12,337,51394.9,2009.0,Mixed
2016-12-02 04:00:00,Fox_lodging_Helen,297.72,8.3,5.0,0.0,1010.7,3.6,4,5,12,337,51394.9,2009.0,Mixed
2016-12-02 05:00:00,Fox_lodging_Helen,306.62,8.9,6.0,-0.6,1010.7,1.5,5,5,12,337,51394.9,2009.0,Mixed
2016-12-02 06:00:00,Fox_lodging_Helen,301.32,8.3,6.0,0.0,1010.5,2.6,6,5,12,337,51394.9,2009.0,Mixed
2016-12-02 07:00:00,Fox_lodging_Helen,306.53,8.3,6.0,-1.1,1011.4,2.6,7,5,12,337,51394.9,2009.0,Mixed
2016-12-02 08:00:00,Fox_lodging_Helen,325.0,8.3,6.0,-0.6,1011.7,2.6,8,5,12,337,51394.9,2009.0,Mixed
2016-12-02 09:00:00,Fox_lodging_Helen,332.95,8.9,6.0,-1.1,1012.5,2.1,9,5,12,337,51394.9,2009.0,Mixed
2016-12-02 10:00:00,Fox_lodging_Helen,333.02,10.6,6.0,-2.2,1012.9,2.6,10,5,12,337,51394.9,2009.0,Mixed
2016-12-02 11:00:00,Fox_lodging_Helen,330.82,11.1,6.0,-1.7,1013.1,1.5,11,5,12,337,51394.9,2009.0,Mixed
2016-12-02 12:00:00,Fox_lodging_Helen,360.43,12.8,6.0,-1.7,1012.7,2.1,12,5,12,337,51394.9,2009.0,Mixed
2016-12-02 13:00:00,Fox_lodging_Helen,357.55,13.3,6.0,-2.8,1012.1,0.0,13,5,12,337,51394.9,2009.0,Mixed
2016-12-02 14:00:00,Fox_lodging_Helen,395.53,15.0,6.0,-4.4,1011.6,2.1,14,5,12,337,51394.9,2009.0,Mixed
2016-12-02 15:00:00,Fox_lodging_Helen,419.27,15.6,6.0,-5.0,1011.6,3.6,15,5,12,337,51394.9,2009.0,Mixed
2016-12-02 16:00:00,Fox_lodging_Helen,433.4,16.1,6.0,-3.3,1011.6,4.1,16,5,12,337,51394.9,2009.0,Mixed
2016-12-02 17:00:00,Fox_lodging_Helen,446.9,15.6,6.0,-3.9,1011.8,3.6,17,5,12,337,51394.9,2009.0,Mixed
2016-12-02 18:00:00,Fox_lodging_Helen,452.15,14.4,5.0,-2.8,1012.2,3.1,18,5,12,337,51394.9,2009.0,Mixed
2016-12-02 19:00:00,Fox_lodging_Helen,481.4,13.3,4.0,-2.2,1012.5,2.1,19,5,12,337,51394.9,2009.0,Mixed
2016-12-02 20:00:00,Fox_lodging_Helen,456.47,11.7,4.0,-0.6,1012.3,2.6,20,5,12,337,51394.9,2009.0,Mixed
2016-12-02 21:00:00,Fox_lodging_Helen,471.95,12.8,4.0,-3.3,1012.1,3.1,21,5,12,337,51394.9,2009.0,Mixed
2016-12-02 22:00:00,Fox_lodging_Helen,434.2,11.7,4.0,-2.2,1012.0,2.6,22,5,12,337,51394.9,2009.0,Mixed
2016-12-02 23:00:00,Fox_lodging_Helen,406.67,10.0,4.0,-1.1,1012.0,2.1,23,5,12,337,51394.9,2009.0,Mixed
2016-12-03 00:00:00,Fox_lodging_Helen,390.4,8.3,0.0,0.0,1012.0,2.6,0,6,12,338,51394.9,2009.0,Mixed
2016-12-03 01:00:00,Fox_lodging_Helen,365.58,8.3,0.0,-0.6,1011.7,1.5,1,6,12,338,51394.9,2009.0,Mixed
2016-12-03 02:00:00,Fox_lodging_Helen,329.47,7.8,0.0,0.0,1011.7,2.1,2,6,12,338,51394.9,2009.0,Mixed
2016-12-03 03:00:00,Fox_lodging_Helen,304.9,7.2,0.0,-0.6,1012.0,2.1,3,6,12,338,51394.9,2009.0,Mixed
2016-12-03 04:00:00,Fox_lodging_Helen,291.63,8.3,0.0,-1.7,1011.8,0.0,4,6,12,338,51394.9,2009.0,Mixed
2016-12-03 05:00:00,Fox_lodging_Helen,287.52,6.7,0.0,-0.6,1012.1,2.1,5,6,12,338,51394.9,2009.0,Mixed
2016-12-03 06:00:00,Fox_lodging_Helen,293.65,6.7,0.0,-1.7,1012.7,1.5,6,6,12,338,51394.9,2009.0,Mixed
2016-12-03 07:00:00,Fox_lodging_Helen,293.53,6.7,2.0,-2.2,1013.0,1.5,7,6,12,338,51394.9,2009.0,Mixed
2016-12-03 08:00:00,Fox_lodging_Helen,292.33,8.9,2.0,-3.3,1013.8,2.1,8,6,12,338,51394.9,2009.0,Mixed
2016-12-03 09:00:00,Fox_lodging_Helen,283.4,10.6,2.0,-3.9,1014.2,1.5,9,6,12,338,51394.9,2009.0,Mixed
2016-12-03 10:00:00,Fox_lodging_Helen,282.72,12.8,2.0,-3.9,1014.5,0.0,10,6,12,338,51394.9,2009.0,Mixed
2016-12-03 11:00:00,Fox_lodging_Helen,313.98,14.4,2.0,-3.9,1014.7,2.1,11,6,12,338,51394.9,2009.0,Mixed
2016-12-03 12:00:00,Fox_lodging_Helen,310.17,17.2,2.0,-3.9,1014.1,2.6,12,6,12,338,51394.9,2009.0,Mixed
2016-12-03 13:00:00,Fox_lodging_Helen,335.92,18.3,2.0,-4.4,1013.4,2.6,13,6,12,338,51394.9,2009.0,Mixed
2016-12-03 14:00:00,Fox_lodging_Helen,383.22,19.4,2.0,-5.0,1012.1,1.5,14,6,12,338,51394.9,2009.0,Mixed
2016-12-03 15:00:00,Fox_lodging_Helen,408.47,20.0,2.0,-5.0,1011.4,3.1,15,6,12,338,51394.9,2009.0,Mixed
2016-12-03 16:00:00,Fox_lodging_Helen,428.4,20.6,0.0,-5.0,1011.5,5.7,16,6,12,338,51394.9,2009.0,Mixed
2016-12-03 17:00:00,Fox_lodging_Helen,484.17,20.0,0.0,-3.9,1011.5,6.2,17,6,12,338,51394.9,2009.0,Mixed
2016-12-03 18:00:00,Fox_lodging_Helen,453.45,17.2,0.0,-2.2,1012.1,3.1,18,6,12,338,51394.9,2009.0,Mixed
2016-12-03 19:00:00,Fox_lodging_Helen,442.35,15.6,0.0,-2.2,1012.7,2.1,19,6,12,338,51394.9,2009.0,Mixed
2016-12-03 20:00:00,Fox_lodging_Helen,473.22,13.9,0.0,-1.7,1013.4,1.5,20,6,12,338,51394.9,2009.0,Mixed
2016-12-03 21:00:00,Fox_lodging_Helen,455.98,12.8,0.0,-2.2,1013.9,2.1,21,6,12,338,51394.9,2009.0,Mixed
2016-12-03 22:00:00,Fox_lodging_Helen,451.35,12.8,0.0,-2.8,1014.5,0.0,22,6,12,338,51394.9,2009.0,Mixed
2016-12-03 23:00:00,Fox_lodging_Helen,450.8,12.2,0.0,-2.8,1015.0,2.1,23,6,12,338,51394.9,2009.0,Mixed
2016-12-04 00:00:00,Fox_lodging_Helen,403.5,10.6,0.0,-1.7,1015.4,1.5,0,7,12,339,51394.9,2009.0,Mixed
2016-12-04 01:00:00,Fox_lodging_Helen,359.77,11.1,0.0,-3.3,1015.8,2.1,1,7,12,339,51394.9,2009.0,Mixed
2016-12-04 02:00:00,Fox_lodging_Helen,337.32,9.4,0.0,-1.7,1016.1,0.0,2,7,12,339,51394.9,2009.0,Mixed
2016-12-04 03:00:00,Fox_lodging_Helen,316.93,8.3,0.0,-1.7,1016.2,0.0,3,7,12,339,51394.9,2009.0,Mixed
2016-12-04 04:00:00,Fox_lodging_Helen,297.07,8.3,0.0,-1.7,1016.4,0.0,4,7,12,339,51394.9,2009.0,Mixed
2016-12-04 05:00:00,Fox_lodging_Helen,294.15,7.8,0.0,-1.7,1016.2,0.0,5,7,12,339,51394.9,2009.0,Mixed
2016-12-04 06:00:00,Fox_lodging_Helen,303.52,6.1,0.0,-1.1,1016.4,0.0,6,7,12,339,51394.9,2009.0,Mixed
2016-12-04 07:00:00,Fox_lodging_Helen,305.0,5.6,0.0,-1.1,1016.7,0.0,7,7,12,339,51394.9,2009.0,Mixed
2016-12-04 08:00:00,Fox_lodging_Helen,294.38,6.7,0.0,-2.2,1017.3,0.0,8,7,12,339,51394.9,2009.0,Mixed
2016-12-04 09:00:00,Fox_lodging_Helen,276.27,11.1,0.0,-3.9,1017.6,0.0,9,7,12,339,51394.9,2009.0,Mixed
2016-12-04 10:00:00,Fox_lodging_Helen,300.87,13.9,2.0,-5.6,1018.0,0.0,10,7,12,339,51394.9,2009.0,Mixed
2016-12-04 11:00:00,Fox_lodging_Helen,353.9,16.1,2.0,-7.8,1017.6,2.1,11,7,12,339,51394.9,2009.0,Mixed
2016-12-04 12:00:00,Fox_lodging_Helen,324.95,17.8,0.0,-9.4,1016.6,0.0,12,7,12,339,51394.9,2009.0,Mixed
2016-12-04 13:00:00,Fox_lodging_Helen,367.0,18.9,0.0,-9.4,1015.5,0.0,13,7,12,339,51394.9,2009.0,Mixed
2016-12-04 14:00:00,Fox_lodging_Helen,383.72,19.4,0.0,-10.0,1014.8,0.0,14,7,12,339,51394.9,2009.0,Mixed
2016-12-04 15:00:00,Fox_lodging_Helen,404.55,20.0,0.0,-10.6,1013.9,0.0,15,7,12,339,51394.9,2009.0,Mixed
2016-12-04 16:00:00,Fox_lodging_Helen,437.68,21.1,2.0,-11.7,1013.4,2.1,16,7,12,339,51394.9,2009.0,Mixed
2016-12-04 17:00:00,Fox_lodging_Helen,460.87,20.6,2.0,-10.6,1013.3,1.5,17,7,12,339,51394.9,2009.0,Mixed
2016-12-04 18:00:00,Fox_lodging_Helen,470.08,18.9,2.0,-10.6,1013.6,3.1,18,7,12,339,51394.9,2009.0,Mixed
2016-12-04 19:00:00,Fox_lodging_Helen,463.15,15.0,0.0,-6.7,1014.0,2.1,19,7,12,339,51394.9,2009.0,Mixed
2016-12-04 20:00:00,Fox_lodging_Helen,460.27,15.6,0.0,-6.1,1014.2,1.5,20,7,12,339,51394.9,2009.0,Mixed
2016-12-04 21:00:00,Fox_lodging_Helen,467.75,13.9,0.0,-5.0,1014.2,0.0,21,7,12,339,51394.9,2009.0,Mixed
2016-12-04 22:00:00,Fox_lodging_Helen,424.17,12.2,0.0,-3.3,1014.0,3.1,22,7,12,339,51394.9,2009.0,Mixed
2016-12-04 23:00:00,Fox_lodging_Helen,419.88,11.1,0.0,-2.8,1013.7,3.1,23,7,12,339,51394.9,2009.0,Mixed
2016-12-05 00:00:00,Fox_lodging_Helen,399.95,10.0,2.0,-3.3,1013.7,3.6,0,1,12,340,51394.9,2009.0,Mixed
2016-12-05 01:00:00,Fox_lodging_Helen,368.97,10.0,0.0,-3.3,1013.3,3.6,1,1,12,340,51394.9,2009.0,Mixed
2016-12-05 02:00:00,Fox_lodging_Helen,330.12,9.4,0.0,-2.2,1013.1,3.6,2,1,12,340,51394.9,2009.0,Mixed
2016-12-05 03:00:00,Fox_lodging_Helen,303.1,8.9,2.0,-3.9,1013.1,2.6,3,1,12,340,51394.9,2009.0,Mixed
2016-12-05 04:00:00,Fox_lodging_Helen,292.23,8.3,4.0,-3.3,1012.3,2.1,4,1,12,340,51394.9,2009.0,Mixed
2016-12-05 05:00:00,Fox_lodging_Helen,293.32,8.3,2.0,-3.3,1012.1,2.6,5,1,12,340,51394.9,2009.0,Mixed
2016-12-05 06:00:00,Fox_lodging_Helen,292.57,7.2,2.0,-1.7,1012.0,3.1,6,1,12,340,51394.9,2009.0,Mixed
2016-12-05 07:00:00,Fox_lodging_Helen,302.3,7.2,2.5,-2.8,1012.7,4.1,7,1,12,340,51394.9,2009.0,Mixed
2016-12-05 08:00:00,Fox_lodging_Helen,302.33,7.2,3.0,-3.3,1012.3,3.6,8,1,12,340,51394.9,2009.0,Mixed
2016-12-05 09:00:00,Fox_lodging_Helen,298.55,10.0,3.5,-3.9,1013.2,4.1,9,1,12,340,51394.9,2009.0,Mixed
2016-12-05 10:00:00,Fox_lodging_Helen,294.58,12.8,4.0,-4.4,1013.5,3.6,10,1,12,340,51394.9,2009.0,Mixed
2016-12-05 11:00:00,Fox_lodging_Helen,311.3,15.0,2.0,-4.4,1013.7,2.6,11,1,12,340,51394.9,2009.0,Mixed
2016-12-05 12:00:00,Fox_lodging_Helen,355.78,16.1,2.6666666666666665,-3.9,1013.1,1.5,12,1,12,340,51394.9,2009.0,Mixed
2016-12-05 13:00:00,Fox_lodging_Helen,348.77,17.8,3.333333333333333,-4.4,1011.9,1.5,13,1,12,340,51394.9,2009.0,Mixed
2016-12-05 14:00:00,Fox_lodging_Helen,395.3,17.8,4.0,-3.9,1011.3,0.0,14,1,12,340,51394.9,2009.0,Mixed
2016-12-05 15:00:00,Fox_lodging_Helen,388.97,18.3,4.0,-5.0,1010.8,0.0,15,1,12,340,51394.9,2009.0,Mixed
2016-12-05 16:00:00,Fox_lodging_Helen,442.12,19.4,4.0,-7.8,1010.3,1.5,16,1,12,340,51394.9,2009.0,Mixed
2016-12-05 17:00:00,Fox_lodging_Helen,456.17,18.9,6.0,-7.8,1010.8,4.1,17,1,12,340,51394.9,2009.0,Mixed
2016-12-05 18:00:00,Fox_lodging_Helen,452.0,17.8,5.6,-8.9,1011.0,2.1,18,1,12,340,51394.9,2009.0,Mixed
2016-12-05 19:00:00,Fox_lodging_Helen,431.3,17.2,5.2,-7.8,1011.2,0.0,19,1,12,340,51394.9,2009.0,Mixed
2016-12-05 20:00:00,Fox_lodging_Helen,467.97,14.4,4.8,-3.9,1011.5,0.0,20,1,12,340,51394.9,2009.0,Mixed
2016-12-05 21:00:00,Fox_lodging_Helen,485.78,13.3,4.8,-3.9,1011.8,0.0,21,1,12,340,51394.9,2009.0,Mixed
2016-12-05 22:00:00,Fox_lodging_Helen,465.37,12.8,4.0,-3.3,1011.7,0.0,22,1,12,340,51394.9,2009.0,Mixed
2016-12-05 23:00:00,Fox_lodging_Helen,425.33,11.1,6.0,-1.7,1012.1,2.6,23,1,12,340,51394.9,2009.0,Mixed
2016-12-06 00:00:00,Fox_lodging_Helen,399.48,10.6,5.6,-1.1,1012.3,3.1,0,2,12,341,51394.9,2009.0,Mixed
2016-12-06 01:00:00,Fox_lodging_Helen,360.02,10.0,5.2,-1.7,1012.1,3.6,1,2,12,341,51394.9,2009.0,Mixed
2016-12-06 02:00:00,Fox_lodging_Helen,330.98,9.4,4.8,-1.7,1012.1,3.6,2,2,12,341,51394.9,2009.0,Mixed
2016-12-06 03:00:00,Fox_lodging_Helen,307.07,8.9,4.8,-1.7,1012.1,3.6,3,2,12,341,51394.9,2009.0,Mixed
2016-12-06 04:00:00,Fox_lodging_Helen,292.07,8.3,4.0,-1.7,1011.7,4.1,4,2,12,341,51394.9,2009.0,Mixed
2016-12-06 05:00:00,Fox_lodging_Helen,289.45,7.8,4.0,-2.2,1011.7,4.6,5,2,12,341,51394.9,2009.0,Mixed
2016-12-06 06:00:00,Fox_lodging_Helen,292.78,8.3,4.333333333333333,-2.8,1011.8,3.6,6,2,12,341,51394.9,2009.0,Mixed
2016-12-06 07:00:00,Fox_lodging_Helen,294.73,9.4,4.666666666666667,-5.0,1012.0,3.1,7,2,12,341,51394.9,2009.0,Mixed
2016-12-06 08:00:00,Fox_lodging_Helen,315.17,9.4,5.0,-4.4,1012.5,3.6,8,2,12,341,51394.9,2009.0,Mixed
2016-12-06 09:00:00,Fox_lodging_Helen,327.52,10.6,5.0,-4.4,1012.8,3.6,9,2,12,341,51394.9,2009.0,Mixed
2016-12-06 10:00:00,Fox_lodging_Helen,325.3,11.7,5.0,-4.4,1013.4,3.6,10,2,12,341,51394.9,2009.0,Mixed
2016-12-06 11:00:00,Fox_lodging_Helen,344.63,14.4,6.0,-3.3,1013.6,0.0,11,2,12,341,51394.9,2009.0,Mixed
2016-12-06 12:00:00,Fox_lodging_Helen,391.45,16.1,6.0,-2.8,1012.6,1.5,12,2,12,341,51394.9,2009.0,Mixed
2016-12-06 13:00:00,Fox_lodging_Helen,386.82,17.2,6.0,-1.1,1011.3,0.0,13,2,12,341,51394.9,2009.0,Mixed
2016-12-06 14:00:00,Fox_lodging_Helen,375.48,17.8,6.0,3.3,1010.6,0.0,14,2,12,341,51394.9,2009.0,Mixed
2016-12-06 15:00:00,Fox_lodging_Helen,392.23,17.8,6.0,6.1,1010.4,2.1,15,2,12,341,51394.9,2009.0,Mixed
2016-12-06 16:00:00,Fox_lodging_Helen,429.52,18.3,6.0,5.6,1010.3,2.1,16,2,12,341,51394.9,2009.0,Mixed
2016-12-06 17:00:00,Fox_lodging_Helen,428.22,17.8,6.0,6.1,1010.3,2.1,17,2,12,341,51394.9,2009.0,Mixed
2016-12-06 18:00:00,Fox_lodging_Helen,447.68,17.2,5.0,6.7,1010.4,2.6,18,2,12,341,51394.9,2009.0,Mixed
2016-12-06 19:00:00,Fox_lodging_Helen,415.18,16.7,4.0,7.2,1010.7,3.1,19,2,12,341,51394.9,2009.0,Mixed
2016-12-06 20:00:00,Fox_lodging_Helen,421.23,15.0,5.0,7.2,1010.8,1.5,20,2,12,341,51394.9,2009.0,Mixed
2016-12-06 21:00:00,Fox_lodging_Helen,494.88,14.4,6.0,7.2,1011.3,0.0,21,2,12,341,51394.9,2009.0,Mixed
2016-12-06 22:00:00,Fox_lodging_Helen,498.4,13.9,7.0,7.2,1011.6,0.0,22,2,12,341,51394.9,2009.0,Mixed
2016-12-06 23:00:00,Fox_lodging_Helen,452.75,13.3,8.0,6.7,1012.0,2.1,23,2,12,341,51394.9,2009.0,Mixed
2016-12-07 00:00:00,Fox_lodging_Helen,416.03,12.2,7.333333333333333,6.1,1012.0,2.6,0,3,12,342,51394.9,2009.0,Mixed
2016-12-07 01:00:00,Fox_lodging_Helen,397.25,12.2,6.666666666666667,6.1,1011.7,3.1,1,3,12,342,51394.9,2009.0,Mixed
2016-12-07 02:00:00,Fox_lodging_Helen,375.28,11.7,6.0,5.6,1012.0,3.1,2,3,12,342,51394.9,2009.0,Mixed
2016-12-07 03:00:00,Fox_lodging_Helen,331.47,10.6,6.0,5.0,1012.5,2.6,3,3,12,342,51394.9,2009.0,Mixed
2016-12-07 04:00:00,Fox_lodging_Helen,310.2,10.0,6.0,5.0,1012.7,2.1,4,3,12,342,51394.9,2009.0,Mixed
2016-12-07 05:00:00,Fox_lodging_Helen,303.98,9.4,4.0,4.4,1012.6,0.0,5,3,12,342,51394.9,2009.0,Mixed
2016-12-07 06:00:00,Fox_lodging_Helen,310.3,8.9,2.0,5.0,1013.5,1.5,6,3,12,342,51394.9,2009.0,Mixed
2016-12-07 07:00:00,Fox_lodging_Helen,308.93,8.9,2.8,5.0,1014.3,2.6,7,3,12,342,51394.9,2009.0,Mixed
2016-12-07 08:00:00,Fox_lodging_Helen,306.42,9.4,3.6,4.4,1015.0,2.6,8,3,12,342,51394.9,2009.0,Mixed
2016-12-07 09:00:00,Fox_lodging_Helen,299.75,11.1,4.4,4.4,1015.7,3.1,9,3,12,342,51394.9,2009.0,Mixed
2016-12-07 10:00:00,Fox_lodging_Helen,310.65,14.4,4.4,5.6,1016.4,2.6,10,3,12,342,51394.9,2009.0,Mixed
2016-12-07 11:00:00,Fox_lodging_Helen,351.17,16.7,6.0,6.1,1016.2,2.1,11,3,12,342,51394.9,2009.0,Mixed
2016-12-07 12:00:00,Fox_lodging_Helen,380.1,17.2,6.0,7.2,1015.5,0.0,12,3,12,342,51394.9,2009.0,Mixed
2016-12-07 13:00:00,Fox_lodging_Helen,420.6,17.8,6.0,6.7,1015.0,2.1,13,3,12,342,51394.9,2009.0,Mixed
2016-12-07 14:00:00,Fox_lodging_Helen,429.48,18.3,6.0,6.7,1014.6,3.6,14,3,12,342,51394.9,2009.0,Mixed
2016-12-07 15:00:00,Fox_lodging_Helen,483.85,18.9,6.0,6.7,1014.7,2.6,15,3,12,342,51394.9,2009.0,Mixed
2016-12-07 16:00:00,Fox_lodging_Helen,484.37,18.3,6.0,5.6,1015.3,3.1,16,3,12,342,51394.9,2009.0,Mixed
2016-12-07 17:00:00,Fox_lodging_Helen,478.9,17.8,6.0,5.6,1015.7,3.1,17,3,12,342,51394.9,2009.0,Mixed
2016-12-07 18:00:00,Fox_lodging_Helen,480.45,17.2,5.666666666666667,5.6,1016.1,3.6,18,3,12,342,51394.9,2009.0,Mixed
2016-12-07 19:00:00,Fox_lodging_Helen,475.0,15.0,5.333333333333333,5.6,1016.6,3.1,19,3,12,342,51394.9,2009.0,Mixed
2016-12-07 20:00:00,Fox_lodging_Helen,479.67,13.9,5.0,5.6,1017.3,2.1,20,3,12,342,51394.9,2009.0,Mixed
2016-12-07 21:00:00,Fox_lodging_Helen,480.45,13.9,5.0,5.0,1017.7,2.1,21,3,12,342,51394.9,2009.0,Mixed
2016-12-07 22:00:00,Fox_lodging_Helen,435.55,12.8,5.0,3.9,1018.1,2.1,22,3,12,342,51394.9,2009.0,Mixed
2016-12-07 23:00:00,Fox_lodging_Helen,410.4,11.1,4.0,3.3,1018.6,2.6,23,3,12,342,51394.9,2009.0,Mixed
2016-12-08 00:00:00,Fox_lodging_Helen,396.1,11.7,4.0,2.2,1018.5,2.6,0,4,12,343,51394.9,2009.0,Mixed
2016-12-08 01:00:00,Fox_lodging_Helen,361.15,11.7,4.0,2.2,1018.4,2.1,1,4,12,343,51394.9,2009.0,Mixed
2016-12-08 02:00:00,Fox_lodging_Helen,326.88,10.0,2.0,2.8,1018.7,0.0,2,4,12,343,51394.9,2009.0,Mixed
2016-12-08 03:00:00,Fox_lodging_Helen,304.28,10.0,2.0,2.8,1018.9,0.0,3,4,12,343,51394.9,2009.0,Mixed
2016-12-08 04:00:00,Fox_lodging_Helen,289.37,8.9,2.0,3.9,1019.6,0.0,4,4,12,343,51394.9,2009.0,Mixed
2016-12-08 05:00:00,Fox_lodging_Helen,284.92,8.3,2.0,3.9,1019.6,0.0,5,4,12,343,51394.9,2009.0,Mixed
2016-12-08 06:00:00,Fox_lodging_Helen,289.48,8.3,4.0,3.3,1020.1,0.0,6,4,12,343,51394.9,2009.0,Mixed
2016-12-08 07:00:00,Fox_lodging_Helen,296.92,7.8,2.0,3.3,1020.9,2.1,7,4,12,343,51394.9,2009.0,Mixed
2016-12-08 08:00:00,Fox_lodging_Helen,295.78,8.3,2.0,3.9,1021.5,2.1,8,4,12,343,51394.9,2009.0,Mixed
2016-12-08 09:00:00,Fox_lodging_Helen,316.82,10.0,0.0,3.3,1022.6,0.0,9,4,12,343,51394.9,2009.0,Mixed
2016-12-08 10:00:00,Fox_lodging_Helen,366.38,11.7,2.0,3.3,1023.3,0.0,10,4,12,343,51394.9,2009.0,Mixed
2016-12-08 11:00:00,Fox_lodging_Helen,358.43,13.9,2.0,3.3,1023.4,0.0,11,4,12,343,51394.9,2009.0,Mixed
2016-12-08 12:00:00,Fox_lodging_Helen,356.08,16.1,0.0,3.9,1022.6,0.0,12,4,12,343,51394.9,2009.0,Mixed
2016-12-08 13:00:00,Fox_lodging_Helen,383.73,16.7,0.0,3.9,1021.7,1.5,13,4,12,343,51394.9,2009.0,Mixed
2016-12-08 14:00:00,Fox_lodging_Helen,410.35,18.3,0.0,4.4,1020.9,0.0,14,4,12,343,51394.9,2009.0,Mixed
2016-12-08 15:00:00,Fox_lodging_Helen,430.48,19.4,0.0,5.0,1020.7,2.6,15,4,12,343,51394.9,2009.0,Mixed
2016-12-08 16:00:00,Fox_lodging_Helen,453.18,18.9,2.0,4.4,1020.1,0.0,16,4,12,343,51394.9,2009.0,Mixed
2016-12-08 17:00:00,Fox_lodging_Helen,452.73,18.9,2.0,5.0,1020.4,2.1,17,4,12,343,51394.9,2009.0,Mixed
2016-12-08 18:00:00,Fox_lodging_Helen,445.0,17.8,2.0,5.0,1020.6,2.6,18,4,12,343,51394.9,2009.0,Mixed
2016-12-08 19:00:00,Fox_lodging_Helen,412.75,16.1,2.0,5.6,1021.1,1.5,19,4,12,343,51394.9,2009.0,Mixed
2016-12-08 20:00:00,Fox_lodging_Helen,433.97,15.6,0.0,5.6,1021.6,2.1,20,4,12,343,51394.9,2009.0,Mixed
2016-12-08 21:00:00,Fox_lodging_Helen,429.88,13.9,0.0,5.6,1021.9,2.6,21,4,12,343,51394.9,2009.0,Mixed
2016-12-08 22:00:00,Fox_lodging_Helen,414.58,13.9,0.0,5.0,1022.2,2.1,22,4,12,343,51394.9,2009.0,Mixed
2016-12-08 23:00:00,Fox_lodging_Helen,417.83,11.7,0.0,5.0,1022.5,2.6,23,4,12,343,51394.9,2009.0,Mixed
2016-12-09 00:00:00,Fox_lodging_Helen,408.77,12.8,0.0,5.0,1022.1,0.0,0,5,12,344,51394.9,2009.0,Mixed
2016-12-09 01:00:00,Fox_lodging_Helen,366.28,11.1,0.0,5.6,1022.0,1.5,1,5,12,344,51394.9,2009.0,Mixed
2016-12-09 02:00:00,Fox_lodging_Helen,330.27,11.1,2.0,5.6,1022.0,1.5,2,5,12,344,51394.9,2009.0,Mixed
2016-12-09 03:00:00,Fox_lodging_Helen,307.03,10.0,0.0,4.4,1022.1,2.6,3,5,12,344,51394.9,2009.0,Mixed
2016-12-09 04:00:00,Fox_lodging_Helen,290.88,10.0,0.0,4.4,1022.3,1.5,4,5,12,344,51394.9,2009.0,Mixed
2016-12-09 05:00:00,Fox_lodging_Helen,293.82,10.0,2.0,4.4,1022.1,1.5,5,5,12,344,51394.9,2009.0,Mixed
2016-12-09 06:00:00,Fox_lodging_Helen,304.32,9.4,2.0,4.4,1022.4,1.5,6,5,12,344,51394.9,2009.0,Mixed
2016-12-09 07:00:00,Fox_lodging_Helen,285.73,8.9,4.0,4.4,1023.2,0.0,7,5,12,344,51394.9,2009.0,Mixed
2016-12-09 08:00:00,Fox_lodging_Helen,301.67,9.4,4.0,3.9,1023.2,2.1,8,5,12,344,51394.9,2009.0,Mixed
2016-12-09 09:00:00,Fox_lodging_Helen,308.8,11.1,2.0,3.9,1023.8,0.0,9,5,12,344,51394.9,2009.0,Mixed
2016-12-09 10:00:00,Fox_lodging_Helen,304.32,13.3,2.0,3.3,1023.9,0.0,10,5,12,344,51394.9,2009.0,Mixed
2016-12-09 11:00:00,Fox_lodging_Helen,340.17,15.6,2.0,2.2,1023.7,4.6,11,5,12,344,51394.9,2009.0,Mixed
2016-12-09 12:00:00,Fox_lodging_Helen,347.78,20.0,2.0,2.8,1022.7,4.1,12,5,12,344,51394.9,2009.0,Mixed
2016-12-09 13:00:00,Fox_lodging_Helen,355.62,20.0,4.0,2.2,1021.2,3.1,13,5,12,344,51394.9,2009.0,Mixed
2016-12-09 14:00:00,Fox_lodging_Helen,358.83,21.1,4.5,2.2,1019.8,0.0,14,5,12,344,51394.9,2009.0,Mixed
2016-12-09 15:00:00,Fox_lodging_Helen,403.07,21.7,5.0,2.2,1019.1,0.0,15,5,12,344,51394.9,2009.0,Mixed
2016-12-09 16:00:00,Fox_lodging_Helen,404.77,20.6,5.5,2.2,1018.8,0.0,16,5,12,344,51394.9,2009.0,Mixed
2016-12-09 17:00:00,Fox_lodging_Helen,406.33,20.0,6.0,2.8,1018.9,2.1,17,5,12,344,51394.9,2009.0,Mixed
2016-12-09 18:00:00,Fox_lodging_Helen,424.88,19.4,5.6,2.8,1018.7,2.6,18,5,12,344,51394.9,2009.0,Mixed
2016-12-09 19:00:00,Fox_lodging_Helen,398.18,17.2,5.2,3.9,1019.3,1.5,19,5,12,344,51394.9,2009.0,Mixed
2016-12-09 20:00:00,Fox_lodging_Helen,369.93,16.1,4.8,4.4,1019.3,1.5,20,5,12,344,51394.9,2009.0,Mixed
2016-12-09 21:00:00,Fox_lodging_Helen,386.67,15.6,4.8,3.9,1019.4,1.5,21,5,12,344,51394.9,2009.0,Mixed
2016-12-09 22:00:00,Fox_lodging_Helen,342.6,15.0,4.0,4.4,1019.5,0.0,22,5,12,344,51394.9,2009.0,Mixed
2016-12-09 23:00:00,Fox_lodging_Helen,333.38,12.8,4.0,4.4,1019.8,2.1,23,5,12,344,51394.9,2009.0,Mixed
2016-12-10 00:00:00,Fox_lodging_Helen,346.37,13.9,2.0,3.9,1019.5,0.0,0,6,12,345,51394.9,2009.0,Mixed
2016-12-10 01:00:00,Fox_lodging_Helen,322.15,12.8,2.0,4.4,1019.3,0.0,1,6,12,345,51394.9,2009.0,Mixed
2016-12-10 02:00:00,Fox_lodging_Helen,292.93,11.7,2.0,4.4,1019.4,0.0,2,6,12,345,51394.9,2009.0,Mixed
2016-12-10 03:00:00,Fox_lodging_Helen,283.18,10.6,2.0,4.4,1019.3,0.0,3,6,12,345,51394.9,2009.0,Mixed
2016-12-10 04:00:00,Fox_lodging_Helen,279.45,10.0,2.0,3.9,1019.0,0.0,4,6,12,345,51394.9,2009.0,Mixed
2016-12-10 05:00:00,Fox_lodging_Helen,282.32,9.4,2.0,3.9,1019.0,0.0,5,6,12,345,51394.9,2009.0,Mixed
2016-12-10 06:00:00,Fox_lodging_Helen,278.4,9.4,2.0,3.3,1018.6,2.1,6,6,12,345,51394.9,2009.0,Mixed
2016-12-10 07:00:00,Fox_lodging_Helen,274.6,8.9,2.0,3.3,1019.3,2.1,7,6,12,345,51394.9,2009.0,Mixed
2016-12-10 08:00:00,Fox_lodging_Helen,276.2,9.4,4.0,2.8,1019.7,2.1,8,6,12,345,51394.9,2009.0,Mixed
2016-12-10 09:00:00,Fox_lodging_Helen,263.87,11.1,4.0,2.8,1020.1,2.6,9,6,12,345,51394.9,2009.0,Mixed
2016-12-10 10:00:00,Fox_lodging_Helen,249.12,15.0,4.0,3.3,1020.1,2.1,10,6,12,345,51394.9,2009.0,Mixed
2016-12-10 11:00:00,Fox_lodging_Helen,250.5,17.8,4.0,2.8,1019.9,3.1,11,6,12,345,51394.9,2009.0,Mixed
2016-12-10 12:00:00,Fox_lodging_Helen,230.1,18.9,4.0,2.8,1018.7,2.1,12,6,12,345,51394.9,2009.0,Mixed
2016-12-10 13:00:00,Fox_lodging_Helen,247.03,20.6,4.0,2.8,1017.4,1.5,13,6,12,345,51394.9,2009.0,Mixed
2016-12-10 14:00:00,Fox_lodging_Helen,291.4,21.1,4.5,2.8,1016.6,2.1,14,6,12,345,51394.9,2009.0,Mixed
2016-12-10 15:00:00,Fox_lodging_Helen,323.13,21.7,5.0,2.8,1016.0,1.5,15,6,12,345,51394.9,2009.0,Mixed
2016-12-10 16:00:00,Fox_lodging_Helen,337.58,20.6,5.5,2.2,1016.1,2.1,16,6,12,345,51394.9,2009.0,Mixed
2016-12-10 17:00:00,Fox_lodging_Helen,359.92,20.6,6.0,2.8,1015.7,1.5,17,6,12,345,51394.9,2009.0,Mixed
2016-12-10 18:00:00,Fox_lodging_Helen,336.73,19.4,5.6,2.8,1015.8,1.5,18,6,12,345,51394.9,2009.0,Mixed
2016-12-10 19:00:00,Fox_lodging_Helen,333.27,17.8,5.2,3.3,1016.1,0.0,19,6,12,345,51394.9,2009.0,Mixed
2016-12-10 20:00:00,Fox_lodging_Helen,342.93,16.7,4.8,3.9,1016.2,0.0,20,6,12,345,51394.9,2009.0,Mixed
2016-12-10 21:00:00,Fox_lodging_Helen,345.88,16.1,4.8,3.9,1016.4,0.0,21,6,12,345,51394.9,2009.0,Mixed
2016-12-10 22:00:00,Fox_lodging_Helen,318.43,15.6,4.0,4.4,1016.3,1.5,22,6,12,345,51394.9,2009.0,Mixed
2016-12-10 23:00:00,Fox_lodging_Helen,312.68,15.0,8.0,5.0,1016.5,3.6,23,6,12,345,51394.9,2009.0,Mixed
2016-12-11 00:00:00,Fox_lodging_Helen,295.57,14.4,7.666666666666667,5.0,1016.1,3.1,0,7,12,346,51394.9,2009.0,Mixed
2016-12-11 01:00:00,Fox_lodging_Helen,278.8,13.9,7.333333333333333,5.0,1015.9,3.6,1,7,12,346,51394.9,2009.0,Mixed
2016-12-11 02:00:00,Fox_lodging_Helen,266.2,12.8,7.0,5.0,1015.7,2.6,2,7,12,346,51394.9,2009.0,Mixed
2016-12-11 03:00:00,Fox_lodging_Helen,258.43,12.8,7.0,4.4,1016.0,3.1,3,7,12,346,51394.9,2009.0,Mixed
2016-12-11 04:00:00,Fox_lodging_Helen,253.18,11.7,7.0,3.9,1015.4,3.1,4,7,12,346,51394.9,2009.0,Mixed
2016-12-11 05:00:00,Fox_lodging_Helen,254.33,11.1,6.0,5.0,1015.3,2.1,5,7,12,346,51394.9,2009.0,Mixed
2016-12-11 06:00:00,Fox_lodging_Helen,256.62,10.6,4.0,3.9,1015.4,3.6,6,7,12,346,51394.9,2009.0,Mixed
2016-12-11 07:00:00,Fox_lodging_Helen,256.42,10.6,4.4,4.4,1016.1,3.1,7,7,12,346,51394.9,2009.0,Mixed
2016-12-11 08:00:00,Fox_lodging_Helen,251.3,10.6,4.8,4.4,1016.9,1.5,8,7,12,346,51394.9,2009.0,Mixed
2016-12-11 09:00:00,Fox_lodging_Helen,234.48,12.8,5.2,4.4,1017.5,2.1,9,7,12,346,51394.9,2009.0,Mixed
2016-12-11 10:00:00,Fox_lodging_Helen,218.58,16.1,5.2,3.9,1017.7,3.1,10,7,12,346,51394.9,2009.0,Mixed
2016-12-11 11:00:00,Fox_lodging_Helen,236.35,18.3,6.0,3.9,1017.9,2.6,11,7,12,346,51394.9,2009.0,Mixed
2016-12-11 12:00:00,Fox_lodging_Helen,225.58,18.9,6.0,3.3,1017.2,2.6,12,7,12,346,51394.9,2009.0,Mixed
2016-12-11 13:00:00,Fox_lodging_Helen,227.95,21.1,6.0,3.3,1015.7,2.6,13,7,12,346,51394.9,2009.0,Mixed
2016-12-11 14:00:00,Fox_lodging_Helen,234.33,21.7,6.0,2.8,1015.0,0.0,14,7,12,346,51394.9,2009.0,Mixed
2016-12-11 15:00:00,Fox_lodging_Helen,264.87,22.2,6.0,3.3,1014.2,0.0,15,7,12,346,51394.9,2009.0,Mixed
2016-12-11 16:00:00,Fox_lodging_Helen,287.08,22.2,6.0,3.3,1014.2,0.0,16,7,12,346,51394.9,2009.0,Mixed
2016-12-11 17:00:00,Fox_lodging_Helen,305.02,22.2,6.0,3.9,1014.3,0.0,17,7,12,346,51394.9,2009.0,Mixed
2016-12-11 18:00:00,Fox_lodging_Helen,305.12,21.1,4.0,3.9,1014.4,1.5,18,7,12,346,51394.9,2009.0,Mixed
2016-12-11 19:00:00,Fox_lodging_Helen,319.15,20.6,4.0,4.4,1014.9,2.1,19,7,12,346,51394.9,2009.0,Mixed
2016-12-11 20:00:00,Fox_lodging_Helen,314.17,17.2,4.0,5.6,1015.4,0.0,20,7,12,346,51394.9,2009.0,Mixed
2016-12-11 21:00:00,Fox_lodging_Helen,303.42,16.7,4.0,5.0,1015.2,0.0,21,7,12,346,51394.9,2009.0,Mixed
2016-12-11 22:00:00,Fox_lodging_Helen,316.25,15.6,4.0,5.6,1015.3,1.5,22,7,12,346,51394.9,2009.0,Mixed
2016-12-11 23:00:00,Fox_lodging_Helen,285.05,15.0,4.0,6.1,1015.5,2.1,23,7,12,346,51394.9,2009.0,Mixed
2016-12-12 00:00:00,Fox_lodging_Helen,274.8,13.9,4.0,5.6,1015.1,1.5,0,1,12,347,51394.9,2009.0,Mixed
2016-12-12 01:00:00,Fox_lodging_Helen,287.95,13.3,2.0,5.0,1014.8,3.1,1,1,12,347,51394.9,2009.0,Mixed
2016-12-12 02:00:00,Fox_lodging_Helen,262.6,13.3,2.0,4.4,1014.6,3.6,2,1,12,347,51394.9,2009.0,Mixed
2016-12-12 03:00:00,Fox_lodging_Helen,248.07,12.2,2.0,4.4,1015.1,3.1,3,1,12,347,51394.9,2009.0,Mixed
2016-12-12 04:00:00,Fox_lodging_Helen,242.63,12.2,4.0,4.4,1014.8,2.6,4,1,12,347,51394.9,2009.0,Mixed
2016-12-12 05:00:00,Fox_lodging_Helen,241.37,11.7,4.0,4.4,1014.6,3.1,5,1,12,347,51394.9,2009.0,Mixed
2016-12-12 06:00:00,Fox_lodging_Helen,247.5,11.7,4.0,4.4,1014.6,3.1,6,1,12,347,51394.9,2009.0,Mixed
2016-12-12 07:00:00,Fox_lodging_Helen,246.65,11.1,4.0,4.4,1015.3,1.5,7,1,12,347,51394.9,2009.0,Mixed
2016-12-12 08:00:00,Fox_lodging_Helen,246.38,11.7,4.0,5.0,1016.0,2.1,8,1,12,347,51394.9,2009.0,Mixed
2016-12-12 09:00:00,Fox_lodging_Helen,240.05,13.3,4.666666666666667,5.0,1016.4,3.1,9,1,12,347,51394.9,2009.0,Mixed
2016-12-12 10:00:00,Fox_lodging_Helen,218.92,15.6,5.333333333333333,5.0,1017.1,3.1,10,1,12,347,51394.9,2009.0,Mixed
2016-12-12 11:00:00,Fox_lodging_Helen,205.67,17.8,6.0,4.4,1017.4,2.1,11,1,12,347,51394.9,2009.0,Mixed
2016-12-12 12:00:00,Fox_lodging_Helen,193.0,20.0,6.0,4.4,1016.4,2.1,12,1,12,347,51394.9,2009.0,Mixed
2016-12-12 13:00:00,Fox_lodging_Helen,213.7,21.1,6.0,5.0,1015.0,1.5,13,1,12,347,51394.9,2009.0,Mixed
2016-12-12 14:00:00,Fox_lodging_Helen,235.2,21.7,6.0,5.0,1014.2,0.0,14,1,12,347,51394.9,2009.0,Mixed
2016-12-12 15:00:00,Fox_lodging_Helen,291.35,22.8,6.0,5.0,1013.8,1.5,15,1,12,347,51394.9,2009.0,Mixed
2016-12-12 16:00:00,Fox_lodging_Helen,289.53,22.2,6.0,5.0,1013.6,0.0,16,1,12,347,51394.9,2009.0,Mixed
2016-12-12 17:00:00,Fox_lodging_Helen,277.97,22.2,6.0,5.6,1013.8,2.1,17,1,12,347,51394.9,2009.0,Mixed
2016-12-12 18:00:00,Fox_lodging_Helen,295.03,20.6,6.333333333333333,6.1,1014.0,0.0,18,1,12,347,51394.9,2009.0,Mixed
2016-12-12 19:00:00,Fox_lodging_Helen,285.12,19.4,6.666666666666667,6.1,1014.3,0.0,19,1,12,347,51394.9,2009.0,Mixed
2016-12-12 20:00:00,Fox_lodging_Helen,274.22,19.4,7.0,6.1,1015.0,0.0,20,1,12,347,51394.9,2009.0,Mixed
2016-12-12 21:00:00,Fox_lodging_Helen,266.9,19.4,7.0,6.1,1015.2,1.5,21,1,12,347,51394.9,2009.0,Mixed
2016-12-12 22:00:00,Fox_lodging_Helen,268.2,17.2,7.0,6.7,1015.4,0.0,22,1,12,347,51394.9,2009.0,Mixed
2016-12-12 23:00:00,Fox_lodging_Helen,250.35,16.1,8.0,6.7,1015.7,0.0,23,1,12,347,51394.9,2009.0,Mixed
2016-12-13 00:00:00,Fox_lodging_Helen,239.55,15.0,7.666666666666667,7.2,1015.7,2.1,0,2,12,348,51394.9,2009.0,Mixed
2016-12-13 01:00:00,Fox_lodging_Helen,241.23,15.0,7.333333333333333,6.7,1015.7,2.6,1,2,12,348,51394.9,2009.0,Mixed
2016-12-13 02:00:00,Fox_lodging_Helen,237.15,15.0,7.0,6.7,1015.4,2.6,2,2,12,348,51394.9,2009.0,Mixed
2016-12-13 03:00:00,Fox_lodging_Helen,234.4,13.9,7.0,6.7,1015.3,2.1,3,2,12,348,51394.9,2009.0,Mixed
2016-12-13 04:00:00,Fox_lodging_Helen,231.65,13.9,7.0,6.1,1015.2,2.6,4,2,12,348,51394.9,2009.0,Mixed
2016-12-13 05:00:00,Fox_lodging_Helen,234.97,13.3,6.0,6.1,1015.4,2.6,5,2,12,348,51394.9,2009.0,Mixed
2016-12-13 06:00:00,Fox_lodging_Helen,244.73,12.8,6.0,6.1,1015.9,2.6,6,2,12,348,51394.9,2009.0,Mixed
2016-12-13 07:00:00,Fox_lodging_Helen,244.25,12.8,6.0,6.1,1016.5,2.6,7,2,12,348,51394.9,2009.0,Mixed
2016-12-13 08:00:00,Fox_lodging_Helen,236.75,12.8,6.0,6.1,1017.2,2.1,8,2,12,348,51394.9,2009.0,Mixed
2016-12-13 09:00:00,Fox_lodging_Helen,224.38,14.4,6.0,6.7,1017.9,2.1,9,2,12,348,51394.9,2009.0,Mixed
2016-12-13 10:00:00,Fox_lodging_Helen,195.62,16.2,6.0,5.0,1017.8470588235294,5.1,10,2,12,348,51394.9,2009.0,Mixed
2016-12-13 11:00:00,Fox_lodging_Helen,196.03,17.9,6.0,5.2,1017.7941176470588,2.6,11,2,12,348,51394.9,2009.0,Mixed
2016-12-13 12:00:00,Fox_lodging_Helen,185.57,20.5,6.0,4.7,1017.7411764705882,3.1,12,2,12,348,51394.9,2009.0,Mixed
2016-12-13 13:00:00,Fox_lodging_Helen,204.7,20.6,6.0,4.8,1017.7411764705882,0.0,13,2,12,348,51394.9,2009.0,Mixed
2016-12-13 15:00:00,Fox_lodging_Helen,233.17,23.9,6.0,5.6,1017.7411764705882,1.5,15,2,12,348,51394.9,2009.0,Mixed
2016-12-13 16:00:00,Fox_lodging_Helen,257.95,23.3,6.0,5.6,1017.7411764705882,0.0,16,2,12,348,51394.9,2009.0,Mixed
2016-12-13 17:00:00,Fox_lodging_Helen,256.83,22.2,6.0,5.6,1017.7411764705882,0.0,17,2,12,348,51394.9,2009.0,Mixed
2016-12-13 18:00:00,Fox_lodging_Helen,288.9,20.6,6.0,5.6,1017.7411764705882,1.5,18,2,12,348,51394.9,2009.0,Mixed
2016-12-13 19:00:00,Fox_lodging_Helen,271.23,18.3,6.0,6.7,1017.7411764705882,0.0,19,2,12,348,51394.9,2009.0,Mixed
2016-12-13 20:00:00,Fox_lodging_Helen,261.43,17.8,6.0,6.7,1017.7411764705882,0.0,20,2,12,348,51394.9,2009.0,Mixed
2016-12-13 21:00:00,Fox_lodging_Helen,272.35,17.2,6.0,6.7,1017.7411764705882,0.0,21,2,12,348,51394.9,2009.0,Mixed
2016-12-13 22:00:00,Fox_lodging_Helen,251.42,17.2,6.0,6.1,1017.7411764705882,0.0,22,2,12,348,51394.9,2009.0,Mixed
2016-12-13 23:00:00,Fox_lodging_Helen,239.03,15.0,6.0,7.2,1017.7411764705882,0.0,23,2,12,348,51394.9,2009.0,Mixed
2016-12-14 00:00:00,Fox_lodging_Helen,234.35,14.4,5.666666666666667,6.7,1017.7411764705882,3.1,0,3,12,349,51394.9,2009.0,Mixed
2016-12-14 01:00:00,Fox_lodging_Helen,236.7,13.9,5.333333333333333,6.1,1017.7411764705882,2.1,1,3,12,349,51394.9,2009.0,Mixed
2016-12-14 02:00:00,Fox_lodging_Helen,233.25,13.3,5.0,6.1,1017.7411764705882,2.1,2,3,12,349,51394.9,2009.0,Mixed
2016-12-14 03:00:00,Fox_lodging_Helen,232.72,13.3,5.0,5.6,1017.0,3.1,3,3,12,349,51394.9,2009.0,Mixed
2016-12-14 04:00:00,Fox_lodging_Helen,229.7,12.8,5.0,5.6,1017.2,2.1,4,3,12,349,51394.9,2009.0,Mixed
2016-12-14 05:00:00,Fox_lodging_Helen,236.28,11.7,4.0,5.6,1017.4,1.5,5,3,12,349,51394.9,2009.0,Mixed
2016-12-14 06:00:00,Fox_lodging_Helen,241.92,11.7,4.333333333333333,5.6,1017.8,2.1,6,3,12,349,51394.9,2009.0,Mixed
2016-12-14 07:00:00,Fox_lodging_Helen,237.5,12.2,4.666666666666667,5.6,1018.3,2.6,7,3,12,349,51394.9,2009.0,Mixed
2016-12-14 08:00:00,Fox_lodging_Helen,236.12,12.2,5.0,5.6,1018.7,2.1,8,3,12,349,51394.9,2009.0,Mixed
2016-12-14 09:00:00,Fox_lodging_Helen,221.8,13.9,5.0,5.6,1019.3,2.1,9,3,12,349,51394.9,2009.0,Mixed
2016-12-14 10:00:00,Fox_lodging_Helen,209.1,17.2,5.0,5.6,1019.6,4.1,10,3,12,349,51394.9,2009.0,Mixed
2016-12-14 11:00:00,Fox_lodging_Helen,185.55,18.9,6.0,5.6,1019.3,3.1,11,3,12,349,51394.9,2009.0,Mixed
2016-12-14 12:00:00,Fox_lodging_Helen,183.95,20.0,6.0,6.1,1018.6,0.0,12,3,12,349,51394.9,2009.0,Mixed
2016-12-14 13:00:00,Fox_lodging_Helen,197.2,21.7,6.0,5.6,1017.4,1.5,13,3,12,349,51394.9,2009.0,Mixed
2016-12-14 14:00:00,Fox_lodging_Helen,203.63,22.8,6.0,5.6,1016.7,0.0,14,3,12,349,51394.9,2009.0,Mixed
2016-12-14 15:00:00,Fox_lodging_Helen,225.53,23.3,6.0,5.6,1016.3,0.0,15,3,12,349,51394.9,2009.0,Mixed
2016-12-14 16:00:00,Fox_lodging_Helen,252.85,23.9,6.0,6.1,1015.8,1.5,16,3,12,349,51394.9,2009.0,Mixed
2016-12-14 17:00:00,Fox_lodging_Helen,270.95,23.3,6.0,6.1,1015.8,0.0,17,3,12,349,51394.9,2009.0,Mixed
2016-12-14 18:00:00,Fox_lodging_Helen,274.28,21.7,5.666666666666667,6.7,1015.9,0.0,18,3,12,349,51394.9,2009.0,Mixed
2016-12-14 19:00:00,Fox_lodging_Helen,271.48,20.0,5.333333333333333,6.7,1016.2,0.0,19,3,12,349,51394.9,2009.0,Mixed
2016-12-14 20:00:00,Fox_lodging_Helen,259.57,18.3,5.0,6.7,1016.3,0.0,20,3,12,349,51394.9,2009.0,Mixed
2016-12-14 21:00:00,Fox_lodging_Helen,265.52,16.1,5.0,7.2,1016.8,2.1,21,3,12,349,51394.9,2009.0,Mixed
2016-12-14 22:00:00,Fox_lodging_Helen,267.48,16.7,5.0,6.7,1016.9,2.1,22,3,12,349,51394.9,2009.0,Mixed
2016-12-14 23:00:00,Fox_lodging_Helen,245.53,15.6,4.0,7.2,1016.7,2.1,23,3,12,349,51394.9,2009.0,Mixed
2016-12-15 00:00:00,Fox_lodging_Helen,239.6,15.0,4.0,6.7,1016.7,0.0,0,4,12,350,51394.9,2009.0,Mixed
2016-12-15 01:00:00,Fox_lodging_Helen,235.82,14.4,2.0,6.1,1016.6,0.0,1,4,12,350,51394.9,2009.0,Mixed
2016-12-15 02:00:00,Fox_lodging_Helen,234.83,13.3,2.0,6.1,1016.4,2.1,2,4,12,350,51394.9,2009.0,Mixed
2016-12-15 03:00:00,Fox_lodging_Helen,231.68,13.3,2.0,6.1,1016.5,3.1,3,4,12,350,51394.9,2009.0,Mixed
2016-12-15 04:00:00,Fox_lodging_Helen,233.23,12.2,4.0,6.1,1016.3,2.6,4,4,12,350,51394.9,2009.0,Mixed
2016-12-15 05:00:00,Fox_lodging_Helen,244.2,12.2,6.0,5.6,1016.2,2.1,5,4,12,350,51394.9,2009.0,Mixed
2016-12-15 06:00:00,Fox_lodging_Helen,243.75,12.8,6.0,5.6,1015.8,2.6,6,4,12,350,51394.9,2009.0,Mixed
2016-12-15 07:00:00,Fox_lodging_Helen,239.83,12.8,6.0,5.0,1016.1,1.5,7,4,12,350,51394.9,2009.0,Mixed
2016-12-15 08:00:00,Fox_lodging_Helen,235.38,12.8,6.0,5.0,1016.5,3.6,8,4,12,350,51394.9,2009.0,Mixed
2016-12-15 09:00:00,Fox_lodging_Helen,220.6,14.4,6.0,5.0,1016.8,4.1,9,4,12,350,51394.9,2009.0,Mixed
2016-12-15 10:00:00,Fox_lodging_Helen,190.38,16.7,6.0,5.0,1016.8,4.6,10,4,12,350,51394.9,2009.0,Mixed
2016-12-15 11:00:00,Fox_lodging_Helen,191.25,19.4,6.0,5.6,1016.5,2.6,11,4,12,350,51394.9,2009.0,Mixed
2016-12-15 12:00:00,Fox_lodging_Helen,219.92,20.6,6.0,5.0,1015.5,2.1,12,4,12,350,51394.9,2009.0,Mixed
2016-12-15 13:00:00,Fox_lodging_Helen,216.0,22.2,6.0,5.0,1014.2,2.1,13,4,12,350,51394.9,2009.0,Mixed
2016-12-15 14:00:00,Fox_lodging_Helen,226.5,22.8,6.0,5.0,1013.2,1.5,14,4,12,350,51394.9,2009.0,Mixed
2016-12-15 15:00:00,Fox_lodging_Helen,257.33,23.3,6.0,4.4,1012.7,1.5,15,4,12,350,51394.9,2009.0,Mixed
2016-12-15 16:00:00,Fox_lodging_Helen,253.63,23.3,6.0,4.4,1012.3,0.0,16,4,12,350,51394.9,2009.0,Mixed
2016-12-15 17:00:00,Fox_lodging_Helen,254.25,23.3,6.0,3.9,1012.0,0.0,17,4,12,350,51394.9,2009.0,Mixed
2016-12-15 18:00:00,Fox_lodging_Helen,257.77,21.7,6.333333333333333,5.6,1011.7,0.0,18,4,12,350,51394.9,2009.0,Mixed
2016-12-15 19:00:00,Fox_lodging_Helen,266.25,20.6,6.666666666666667,5.6,1011.9,2.1,19,4,12,350,51394.9,2009.0,Mixed
2016-12-15 20:00:00,Fox_lodging_Helen,258.2,19.4,7.0,6.1,1011.8,1.5,20,4,12,350,51394.9,2009.0,Mixed
2016-12-15 21:00:00,Fox_lodging_Helen,261.23,19.4,7.0,6.1,1012.4,2.1,21,4,12,350,51394.9,2009.0,Mixed
2016-12-15 22:00:00,Fox_lodging_Helen,252.9,20.0,7.0,5.6,1013.0,4.6,22,4,12,350,51394.9,2009.0,Mixed
2016-12-15 23:00:00,Fox_lodging_Helen,239.35,17.2,8.0,10.6,1012.8,0.0,23,4,12,350,51394.9,2009.0,Mixed
2016-12-16 00:00:00,Fox_lodging_Helen,240.92,17.2,8.0,11.7,1012.7,2.1,0,5,12,351,51394.9,2009.0,Mixed
2016-12-16 01:00:00,Fox_lodging_Helen,244.17,15.6,8.0,12.2,1013.0,4.6,1,5,12,351,51394.9,2009.0,Mixed
2016-12-16 02:00:00,Fox_lodging_Helen,238.3,15.0,8.0,11.7,1012.1,4.1,2,5,12,351,51394.9,2009.0,Mixed
2016-12-16 03:00:00,Fox_lodging_Helen,233.43,14.4,8.0,12.2,1011.5,3.6,3,5,12,351,51394.9,2009.0,Mixed
2016-12-16 04:00:00,Fox_lodging_Helen,228.92,14.4,8.0,11.7,1011.1,4.1,4,5,12,351,51394.9,2009.0,Mixed
2016-12-16 05:00:00,Fox_lodging_Helen,237.07,14.4,8.0,12.2,1011.1,2.6,5,5,12,351,51394.9,2009.0,Mixed
2016-12-16 06:00:00,Fox_lodging_Helen,244.13,13.9,7.666666666666667,12.2,1010.3,3.1,6,5,12,351,51394.9,2009.0,Mixed
2016-12-16 07:00:00,Fox_lodging_Helen,241.17,14.4,7.333333333333333,12.2,1010.8,1.5,7,5,12,351,51394.9,2009.0,Mixed
2016-12-16 08:00:00,Fox_lodging_Helen,236.38,13.9,7.0,12.8,1010.3,3.6,8,5,12,351,51394.9,2009.0,Mixed
2016-12-16 09:00:00,Fox_lodging_Helen,238.45,15.0,7.0,12.2,1011.8,2.6,9,5,12,351,51394.9,2009.0,Mixed
2016-12-16 10:00:00,Fox_lodging_Helen,235.07,15.6,7.0,12.8,1011.2,2.1,10,5,12,351,51394.9,2009.0,Mixed
2016-12-16 11:00:00,Fox_lodging_Helen,218.28,16.7,6.0,12.2,1011.1,2.6,11,5,12,351,51394.9,2009.0,Mixed
2016-12-16 12:00:00,Fox_lodging_Helen,211.0,18.9,5.5,12.2,1010.0,3.6,12,5,12,351,51394.9,2009.0,Mixed
2016-12-16 13:00:00,Fox_lodging_Helen,218.63,20.6,5.0,10.6,1008.5,3.1,13,5,12,351,51394.9,2009.0,Mixed
2016-12-16 14:00:00,Fox_lodging_Helen,182.0,20.6,4.5,12.2,1007.1,3.6,14,5,12,351,51394.9,2009.0,Mixed
2016-12-16 15:00:00,Fox_lodging_Helen,225.42,21.7,4.0,11.1,1005.6,3.6,15,5,12,351,51394.9,2009.0,Mixed
2016-12-16 16:00:00,Fox_lodging_Helen,253.12,23.3,5.0,9.4,1005.2,2.1,16,5,12,351,51394.9,2009.0,Mixed
2016-12-16 17:00:00,Fox_lodging_Helen,248.13,22.2,6.0,10.6,1004.7,0.0,17,5,12,351,51394.9,2009.0,Mixed
2016-12-16 18:00:00,Fox_lodging_Helen,258.32,20.6,6.0,11.7,1004.0,2.1,18,5,12,351,51394.9,2009.0,Mixed
2016-12-16 19:00:00,Fox_lodging_Helen,266.55,21.1,6.0,10.0,1003.5,4.1,19,5,12,351,51394.9,2009.0,Mixed
2016-12-16 20:00:00,Fox_lodging_Helen,262.03,21.1,6.0,6.7,1003.2,6.7,20,5,12,351,51394.9,2009.0,Mixed
2016-12-16 21:00:00,Fox_lodging_Helen,269.22,20.0,6.0,5.6,1003.0,7.2,21,5,12,351,51394.9,2009.0,Mixed
2016-12-16 22:00:00,Fox_lodging_Helen,129.08,19.4,6.0,7.8,1002.8,5.1,22,5,12,351,51394.9,2009.0,Mixed
2016-12-16 23:00:00,Fox_lodging_Helen,175.67,20.0,6.0,8.9,1002.8,6.2,23,5,12,351,51394.9,2009.0,Mixed
2016-12-17 00:00:00,Fox_lodging_Helen,237.23,19.4,5.666666666666667,10.0,1002.5,9.3,0,6,12,352,51394.9,2009.0,Mixed
2016-12-17 01:00:00,Fox_lodging_Helen,236.78,18.3,5.333333333333333,9.4,1002.4,8.8,1,6,12,352,51394.9,2009.0,Mixed
2016-12-17 02:00:00,Fox_lodging_Helen,240.35,17.2,5.0,5.6,1003.4,11.3,2,6,12,352,51394.9,2009.0,Mixed
2016-12-17 03:00:00,Fox_lodging_Helen,229.62,14.4,5.0,0.6,1004.5,10.3,3,6,12,352,51394.9,2009.0,Mixed
2016-12-17 04:00:00,Fox_lodging_Helen,228.35,13.3,5.0,-1.1,1006.3,8.2,4,6,12,352,51394.9,2009.0,Mixed
2016-12-17 05:00:00,Fox_lodging_Helen,233.55,12.2,4.0,-1.7,1007.7,10.3,5,6,12,352,51394.9,2009.0,Mixed
2016-12-17 06:00:00,Fox_lodging_Helen,238.6,11.1,2.0,-4.4,1009.0,6.7,6,6,12,352,51394.9,2009.0,Mixed
2016-12-17 07:00:00,Fox_lodging_Helen,237.97,10.6,2.0,-6.1,1011.0,8.2,7,6,12,352,51394.9,2009.0,Mixed
2016-12-17 08:00:00,Fox_lodging_Helen,226.05,9.4,2.0,-5.6,1012.6,5.1,8,6,12,352,51394.9,2009.0,Mixed
2016-12-17 09:00:00,Fox_lodging_Helen,197.52,10.6,0.0,-5.6,1014.5,6.2,9,6,12,352,51394.9,2009.0,Mixed
2016-12-17 10:00:00,Fox_lodging_Helen,164.22,11.7,0.0,-6.1,1015.6,6.2,10,6,12,352,51394.9,2009.0,Mixed
2016-12-17 11:00:00,Fox_lodging_Helen,151.58,12.8,0.0,-5.6,1015.9,6.2,11,6,12,352,51394.9,2009.0,Mixed
2016-12-17 12:00:00,Fox_lodging_Helen,153.07,13.3,2.0,-5.6,1016.1,5.7,12,6,12,352,51394.9,2009.0,Mixed
2016-12-17 13:00:00,Fox_lodging_Helen,156.83,15.0,2.0,-5.0,1015.5,5.7,13,6,12,352,51394.9,2009.0,Mixed
2016-12-17 14:00:00,Fox_lodging_Helen,167.67,15.0,2.0,-6.1,1015.5,4.1,14,6,12,352,51394.9,2009.0,Mixed
2016-12-17 15:00:00,Fox_lodging_Helen,200.6,15.6,2.0,-6.7,1015.8,4.6,15,6,12,352,51394.9,2009.0,Mixed
2016-12-17 16:00:00,Fox_lodging_Helen,235.53,15.0,2.0,-6.7,1016.4,3.1,16,6,12,352,51394.9,2009.0,Mixed
2016-12-17 17:00:00,Fox_lodging_Helen,244.27,14.4,2.0,-7.2,1017.1,3.6,17,6,12,352,51394.9,2009.0,Mixed
2016-12-17 18:00:00,Fox_lodging_Helen,258.1,12.8,2.0,-5.6,1017.5,2.1,18,6,12,352,51394.9,2009.0,Mixed
2016-12-17 19:00:00,Fox_lodging_Helen,260.25,11.7,0.0,-5.0,1018.3,1.5,19,6,12,352,51394.9,2009.0,Mixed
2016-12-17 20:00:00,Fox_lodging_Helen,253.03,11.7,0.0,-5.0,1018.9,0.0,20,6,12,352,51394.9,2009.0,Mixed
2016-12-17 21:00:00,Fox_lodging_Helen,246.98,10.0,0.0,-2.8,1019.4,1.5,21,6,12,352,51394.9,2009.0,Mixed
2016-12-17 22:00:00,Fox_lodging_Helen,243.87,9.4,0.0,-2.2,1019.7,1.5,22,6,12,352,51394.9,2009.0,Mixed
2016-12-17 23:00:00,Fox_lodging_Helen,231.9,10.0,2.0,-3.9,1020.1,1.5,23,6,12,352,51394.9,2009.0,Mixed
2016-12-18 00:00:00,Fox_lodging_Helen,230.4,7.2,0.0,-1.7,1020.3,0.0,0,7,12,353,51394.9,2009.0,Mixed
2016-12-18 01:00:00,Fox_lodging_Helen,237.55,7.2,0.0,-1.7,1019.9,0.0,1,7,12,353,51394.9,2009.0,Mixed
2016-12-18 02:00:00,Fox_lodging_Helen,228.88,6.7,0.0,-2.2,1019.9,2.6,2,7,12,353,51394.9,2009.0,Mixed
2016-12-18 03:00:00,Fox_lodging_Helen,234.6,6.1,0.0,-1.1,1020.1,0.0,3,7,12,353,51394.9,2009.0,Mixed
2016-12-18 04:00:00,Fox_lodging_Helen,225.72,5.0,0.0,-2.2,1020.1,0.0,4,7,12,353,51394.9,2009.0,Mixed
2016-12-18 05:00:00,Fox_lodging_Helen,236.37,5.0,0.0,-1.1,1020.1,1.5,5,7,12,353,51394.9,2009.0,Mixed
2016-12-18 06:00:00,Fox_lodging_Helen,237.62,3.9,2.0,-0.6,1020.3,0.0,6,7,12,353,51394.9,2009.0,Mixed
2016-12-18 07:00:00,Fox_lodging_Helen,236.95,4.4,2.0,-1.7,1021.0,1.5,7,7,12,353,51394.9,2009.0,Mixed
2016-12-18 08:00:00,Fox_lodging_Helen,227.73,7.2,2.0,-2.8,1021.2,2.1,8,7,12,353,51394.9,2009.0,Mixed
2016-12-18 09:00:00,Fox_lodging_Helen,195.53,8.3,2.0,-2.8,1021.6,3.1,9,7,12,353,51394.9,2009.0,Mixed
2016-12-18 10:00:00,Fox_lodging_Helen,159.8,10.0,2.0,-3.9,1022.0,3.6,10,7,12,353,51394.9,2009.0,Mixed
2016-12-18 11:00:00,Fox_lodging_Helen,152.93,11.1,2.0,-3.3,1021.8,2.1,11,7,12,353,51394.9,2009.0,Mixed
2016-12-18 12:00:00,Fox_lodging_Helen,146.7,12.8,2.0,-4.4,1020.9,1.5,12,7,12,353,51394.9,2009.0,Mixed
2016-12-18 13:00:00,Fox_lodging_Helen,161.65,15.6,2.0,-6.1,1019.9,4.1,13,7,12,353,51394.9,2009.0,Mixed
2016-12-18 14:00:00,Fox_lodging_Helen,178.03,15.6,2.0,-6.7,1019.0,2.1,14,7,12,353,51394.9,2009.0,Mixed
2016-12-18 15:00:00,Fox_lodging_Helen,195.17,16.7,2.0,-7.8,1018.6,3.6,15,7,12,353,51394.9,2009.0,Mixed
2016-12-18 16:00:00,Fox_lodging_Helen,239.73,16.1,2.0,-7.2,1018.7,2.6,16,7,12,353,51394.9,2009.0,Mixed
2016-12-18 17:00:00,Fox_lodging_Helen,244.67,16.1,2.0,-7.8,1019.0,2.6,17,7,12,353,51394.9,2009.0,Mixed
2016-12-18 18:00:00,Fox_lodging_Helen,250.02,15.0,2.0,-7.2,1019.8,2.6,18,7,12,353,51394.9,2009.0,Mixed
2016-12-18 19:00:00,Fox_lodging_Helen,245.32,12.2,2.0,-5.0,1020.3,2.6,19,7,12,353,51394.9,2009.0,Mixed
2016-12-18 20:00:00,Fox_lodging_Helen,246.47,12.2,2.0,-5.6,1020.7,1.5,20,7,12,353,51394.9,2009.0,Mixed
2016-12-18 21:00:00,Fox_lodging_Helen,253.65,10.6,2.0,-5.0,1021.8,0.0,21,7,12,353,51394.9,2009.0,Mixed
2016-12-18 22:00:00,Fox_lodging_Helen,253.92,10.0,2.0,-5.0,1022.1,0.0,22,7,12,353,51394.9,2009.0,Mixed
2016-12-18 23:00:00,Fox_lodging_Helen,229.0,8.9,2.0,-3.9,1022.8,1.5,23,7,12,353,51394.9,2009.0,Mixed
2016-12-19 00:00:00,Fox_lodging_Helen,229.33,7.8,2.0,-4.4,1022.8,2.6,0,1,12,354,51394.9,2009.0,Mixed
2016-12-19 01:00:00,Fox_lodging_Helen,224.77,7.8,4.0,-4.4,1022.7,2.1,1,1,12,354,51394.9,2009.0,Mixed
2016-12-19 02:00:00,Fox_lodging_Helen,224.42,6.7,4.0,-3.9,1022.7,1.5,2,1,12,354,51394.9,2009.0,Mixed
2016-12-19 03:00:00,Fox_lodging_Helen,225.43,7.2,2.0,-4.4,1022.5,1.5,3,1,12,354,51394.9,2009.0,Mixed
2016-12-19 04:00:00,Fox_lodging_Helen,227.73,7.2,2.0,-5.6,1022.9,1.5,4,1,12,354,51394.9,2009.0,Mixed
2016-12-19 05:00:00,Fox_lodging_Helen,230.25,7.8,4.0,-6.7,1022.9,2.1,5,1,12,354,51394.9,2009.0,Mixed
2016-12-19 06:00:00,Fox_lodging_Helen,235.68,6.7,2.0,-5.6,1023.3,1.5,6,1,12,354,51394.9,2009.0,Mixed
2016-12-19 07:00:00,Fox_lodging_Helen,234.23,5.6,2.0,-5.0,1024.2,0.0,7,1,12,354,51394.9,2009.0,Mixed
2016-12-19 08:00:00,Fox_lodging_Helen,222.98,7.2,2.0,-6.7,1024.6,0.0,8,1,12,354,51394.9,2009.0,Mixed
2016-12-19 09:00:00,Fox_lodging_Helen,195.3,8.9,2.0,-4.4,1025.2,0.0,9,1,12,354,51394.9,2009.0,Mixed
2016-12-19 10:00:00,Fox_lodging_Helen,167.23,12.2,2.0,-6.1,1025.8,2.6,10,1,12,354,51394.9,2009.0,Mixed
2016-12-19 11:00:00,Fox_lodging_Helen,158.82,16.1,2.0,-6.1,1025.8,2.6,11,1,12,354,51394.9,2009.0,Mixed
2016-12-19 12:00:00,Fox_lodging_Helen,150.98,18.3,2.0,-5.0,1024.4,8.2,12,1,12,354,51394.9,2009.0,Mixed
2016-12-19 13:00:00,Fox_lodging_Helen,162.37,18.9,2.0,-4.4,1023.2,7.2,13,1,12,354,51394.9,2009.0,Mixed
2016-12-19 14:00:00,Fox_lodging_Helen,182.0,20.0,2.0,-4.4,1022.6,6.7,14,1,12,354,51394.9,2009.0,Mixed
2016-12-19 15:00:00,Fox_lodging_Helen,198.98,20.6,2.0,-3.3,1022.1,5.7,15,1,12,354,51394.9,2009.0,Mixed
2016-12-19 16:00:00,Fox_lodging_Helen,234.4,21.1,2.0,-2.8,1021.6,5.1,16,1,12,354,51394.9,2009.0,Mixed
2016-12-19 17:00:00,Fox_lodging_Helen,254.82,20.6,2.0,-2.8,1021.6,3.1,17,1,12,354,51394.9,2009.0,Mixed
2016-12-19 18:00:00,Fox_lodging_Helen,256.32,19.4,1.0,-2.2,1021.8,2.6,18,1,12,354,51394.9,2009.0,Mixed
2016-12-19 19:00:00,Fox_lodging_Helen,261.18,16.7,0.0,-1.1,1022.0,2.1,19,1,12,354,51394.9,2009.0,Mixed
2016-12-19 20:00:00,Fox_lodging_Helen,254.25,16.7,1.0,-1.1,1022.4,3.1,20,1,12,354,51394.9,2009.0,Mixed
2016-12-19 21:00:00,Fox_lodging_Helen,268.03,17.2,2.0,-2.2,1022.7,5.1,21,1,12,354,51394.9,2009.0,Mixed
2016-12-19 22:00:00,Fox_lodging_Helen,247.65,16.7,3.0,-2.2,1022.9,4.1,22,1,12,354,51394.9,2009.0,Mixed
2016-12-19 23:00:00,Fox_lodging_Helen,237.77,12.8,4.0,0.0,1023.6,0.0,23,1,12,354,51394.9,2009.0,Mixed
2016-12-20 00:00:00,Fox_lodging_Helen,230.27,13.3,4.333333333333333,-0.6,1023.8,0.0,0,2,12,355,51394.9,2009.0,Mixed
2016-12-20 01:00:00,Fox_lodging_Helen,226.53,12.8,4.666666666666667,0.0,1023.9,0.0,1,2,12,355,51394.9,2009.0,Mixed
2016-12-20 02:00:00,Fox_lodging_Helen,225.82,12.2,5.0,0.0,1024.0,1.5,2,2,12,355,51394.9,2009.0,Mixed
2016-12-20 03:00:00,Fox_lodging_Helen,225.38,10.6,5.0,0.6,1024.1,1.5,3,2,12,355,51394.9,2009.0,Mixed
2016-12-20 04:00:00,Fox_lodging_Helen,228.12,13.3,5.0,-1.1,1023.8,3.1,4,2,12,355,51394.9,2009.0,Mixed
2016-12-20 05:00:00,Fox_lodging_Helen,236.0,15.6,6.0,-2.2,1023.4,3.6,5,2,12,355,51394.9,2009.0,Mixed
2016-12-20 06:00:00,Fox_lodging_Helen,233.83,15.0,6.0,-2.2,1023.6,3.1,6,2,12,355,51394.9,2009.0,Mixed
2016-12-20 07:00:00,Fox_lodging_Helen,233.4,13.3,6.0,-0.6,1024.3,1.5,7,2,12,355,51394.9,2009.0,Mixed
2016-12-20 08:00:00,Fox_lodging_Helen,231.55,12.2,6.0,0.0,1024.9,0.0,8,2,12,355,51394.9,2009.0,Mixed
2016-12-20 09:00:00,Fox_lodging_Helen,212.13,13.3,6.0,-0.6,1025.3,0.0,9,2,12,355,51394.9,2009.0,Mixed
2016-12-20 10:00:00,Fox_lodging_Helen,180.43,15.6,6.0,0.0,1025.4,0.0,10,2,12,355,51394.9,2009.0,Mixed
2016-12-20 11:00:00,Fox_lodging_Helen,155.23,18.9,6.0,-1.7,1024.2,5.7,11,2,12,355,51394.9,2009.0,Mixed
2016-12-20 12:00:00,Fox_lodging_Helen,163.25,21.1,6.0,-1.7,1023.2,5.1,12,2,12,355,51394.9,2009.0,Mixed
2016-12-20 13:00:00,Fox_lodging_Helen,163.75,21.1,6.0,-1.7,1021.9,5.1,13,2,12,355,51394.9,2009.0,Mixed
2016-12-20 14:00:00,Fox_lodging_Helen,193.72,22.2,6.0,-1.7,1020.8,4.6,14,2,12,355,51394.9,2009.0,Mixed
2016-12-20 15:00:00,Fox_lodging_Helen,215.85,22.2,6.0,-1.7,1019.9,3.1,15,2,12,355,51394.9,2009.0,Mixed
2016-12-20 16:00:00,Fox_lodging_Helen,236.55,22.2,6.0,-0.6,1019.2,1.5,16,2,12,355,51394.9,2009.0,Mixed
2016-12-20 17:00:00,Fox_lodging_Helen,242.1,21.1,6.0,0.6,1019.1,0.0,17,2,12,355,51394.9,2009.0,Mixed
2016-12-20 18:00:00,Fox_lodging_Helen,254.55,20.6,6.333333333333333,0.0,1019.1,1.5,18,2,12,355,51394.9,2009.0,Mixed
2016-12-20 19:00:00,Fox_lodging_Helen,253.03,20.0,6.666666666666667,1.1,1019.2,2.1,19,2,12,355,51394.9,2009.0,Mixed
2016-12-20 20:00:00,Fox_lodging_Helen,246.98,15.6,7.0,2.2,1019.6,3.1,20,2,12,355,51394.9,2009.0,Mixed
2016-12-20 21:00:00,Fox_lodging_Helen,254.77,16.7,7.0,1.1,1019.4,0.0,21,2,12,355,51394.9,2009.0,Mixed
2016-12-20 22:00:00,Fox_lodging_Helen,239.67,16.7,7.0,1.1,1019.5,0.0,22,2,12,355,51394.9,2009.0,Mixed
2016-12-20 23:00:00,Fox_lodging_Helen,235.37,16.1,8.0,3.3,1019.8,2.6,23,2,12,355,51394.9,2009.0,Mixed
2016-12-21 00:00:00,Fox_lodging_Helen,229.22,16.1,8.0,3.3,1019.6,2.1,0,3,12,356,51394.9,2009.0,Mixed
2016-12-21 01:00:00,Fox_lodging_Helen,225.03,16.1,8.0,2.8,1019.2,0.0,1,3,12,356,51394.9,2009.0,Mixed
2016-12-21 02:00:00,Fox_lodging_Helen,225.52,16.1,8.0,2.2,1019.3,1.5,2,3,12,356,51394.9,2009.0,Mixed
2016-12-21 03:00:00,Fox_lodging_Helen,222.5,16.1,8.0,1.7,1019.1,4.6,3,3,12,356,51394.9,2009.0,Mixed
2016-12-21 04:00:00,Fox_lodging_Helen,224.55,16.1,8.0,3.3,1019.6,1.5,4,3,12,356,51394.9,2009.0,Mixed
2016-12-21 05:00:00,Fox_lodging_Helen,230.23,15.6,8.0,2.2,1019.2,3.1,5,3,12,356,51394.9,2009.0,Mixed
2016-12-21 06:00:00,Fox_lodging_Helen,233.07,16.1,7.666666666666667,2.8,1019.2,3.6,6,3,12,356,51394.9,2009.0,Mixed
2016-12-21 07:00:00,Fox_lodging_Helen,235.63,16.1,7.333333333333333,2.8,1019.3,3.1,7,3,12,356,51394.9,2009.0,Mixed
2016-12-21 08:00:00,Fox_lodging_Helen,232.92,16.1,7.0,3.3,1019.1,3.1,8,3,12,356,51394.9,2009.0,Mixed
2016-12-21 09:00:00,Fox_lodging_Helen,231.62,16.1,7.0,3.3,1019.3,3.1,9,3,12,356,51394.9,2009.0,Mixed
2016-12-21 10:00:00,Fox_lodging_Helen,223.37,17.2,7.0,6.1,1019.4,1.5,10,3,12,356,51394.9,2009.0,Mixed
2016-12-21 11:00:00,Fox_lodging_Helen,223.75,18.3,6.0,3.9,1019.4,2.6,11,3,12,356,51394.9,2009.0,Mixed
2016-12-21 12:00:00,Fox_lodging_Helen,218.88,19.4,6.333333333333333,4.4,1018.7,2.1,12,3,12,356,51394.9,2009.0,Mixed
2016-12-21 13:00:00,Fox_lodging_Helen,221.8,20.0,6.666666666666667,9.4,1017.8,5.1,13,3,12,356,51394.9,2009.0,Mixed
2016-12-21 14:00:00,Fox_lodging_Helen,223.03,20.0,7.0,10.6,1017.1,4.1,14,3,12,356,51394.9,2009.0,Mixed
2016-12-21 15:00:00,Fox_lodging_Helen,235.57,21.1,7.0,6.7,1016.2,5.1,15,3,12,356,51394.9,2009.0,Mixed
2016-12-21 16:00:00,Fox_lodging_Helen,237.55,20.6,7.0,7.2,1016.2,3.6,16,3,12,356,51394.9,2009.0,Mixed
2016-12-21 17:00:00,Fox_lodging_Helen,251.72,20.6,8.0,7.2,1015.8,3.6,17,3,12,356,51394.9,2009.0,Mixed
2016-12-21 18:00:00,Fox_lodging_Helen,252.63,19.4,8.0,7.8,1015.8,3.6,18,3,12,356,51394.9,2009.0,Mixed
2016-12-21 19:00:00,Fox_lodging_Helen,257.38,19.4,8.0,9.4,1015.7,5.1,19,3,12,356,51394.9,2009.0,Mixed
2016-12-21 20:00:00,Fox_lodging_Helen,257.52,18.9,8.0,10.6,1016.2,2.6,20,3,12,356,51394.9,2009.0,Mixed
2016-12-21 21:00:00,Fox_lodging_Helen,253.42,18.3,8.0,10.6,1016.1,0.0,21,3,12,356,51394.9,2009.0,Mixed
2016-12-21 22:00:00,Fox_lodging_Helen,244.93,18.3,8.0,10.0,1016.4,2.6,22,3,12,356,51394.9,2009.0,Mixed
2016-12-21 23:00:00,Fox_lodging_Helen,231.3,17.8,8.0,10.0,1016.2,4.6,23,3,12,356,51394.9,2009.0,Mixed
2016-12-22 00:00:00,Fox_lodging_Helen,229.7,16.1,7.666666666666667,12.8,1015.7,4.1,0,4,12,357,51394.9,2009.0,Mixed
2016-12-22 01:00:00,Fox_lodging_Helen,231.33,15.6,7.333333333333333,13.9,1015.0,1.5,1,4,12,357,51394.9,2009.0,Mixed
2016-12-22 02:00:00,Fox_lodging_Helen,227.8,15.6,7.0,15.0,1013.8,2.6,2,4,12,357,51394.9,2009.0,Mixed
2016-12-22 03:00:00,Fox_lodging_Helen,231.3,15.6,7.0,15.0,1013.3,2.1,3,4,12,357,51394.9,2009.0,Mixed
2016-12-22 04:00:00,Fox_lodging_Helen,230.28,15.0,7.0,14.4,1013.4,0.0,4,4,12,357,51394.9,2009.0,Mixed
2016-12-22 05:00:00,Fox_lodging_Helen,233.0,15.6,6.0,15.0,1012.6,3.1,5,4,12,357,51394.9,2009.0,Mixed
2016-12-22 06:00:00,Fox_lodging_Helen,242.32,16.1,6.0,15.0,1012.0,4.1,6,4,12,357,51394.9,2009.0,Mixed
2016-12-22 07:00:00,Fox_lodging_Helen,238.62,16.1,6.0,15.0,1012.2,4.6,7,4,12,357,51394.9,2009.0,Mixed
2016-12-22 08:00:00,Fox_lodging_Helen,233.77,16.1,6.0,15.6,1012.3,2.1,8,4,12,357,51394.9,2009.0,Mixed
2016-12-22 09:00:00,Fox_lodging_Helen,216.85,17.2,6.0,16.1,1012.0,4.6,9,4,12,357,51394.9,2009.0,Mixed
2016-12-22 10:00:00,Fox_lodging_Helen,231.92,18.3,6.0,16.1,1011.8,4.1,10,4,12,357,51394.9,2009.0,Mixed
2016-12-22 11:00:00,Fox_lodging_Helen,173.68,16.7,6.0,15.0,1012.8,5.1,11,4,12,357,51394.9,2009.0,Mixed
2016-12-22 12:00:00,Fox_lodging_Helen,207.62,17.8,5.333333333333333,13.3,1012.5,5.7,12,4,12,357,51394.9,2009.0,Mixed
2016-12-22 13:00:00,Fox_lodging_Helen,175.15,17.8,4.666666666666667,12.8,1012.6,8.8,13,4,12,357,51394.9,2009.0,Mixed
2016-12-22 14:00:00,Fox_lodging_Helen,196.15,17.8,4.0,11.1,1012.7,5.1,14,4,12,357,51394.9,2009.0,Mixed
2016-12-22 15:00:00,Fox_lodging_Helen,216.18,16.7,4.666666666666667,11.1,1013.2,8.2,15,4,12,357,51394.9,2009.0,Mixed
2016-12-22 16:00:00,Fox_lodging_Helen,234.47,16.1,5.333333333333333,11.1,1013.8,6.7,16,4,12,357,51394.9,2009.0,Mixed
2016-12-22 17:00:00,Fox_lodging_Helen,246.52,15.0,6.0,11.1,1014.7,4.1,17,4,12,357,51394.9,2009.0,Mixed
2016-12-22 18:00:00,Fox_lodging_Helen,250.82,14.4,5.5,11.1,1014.8,4.1,18,4,12,357,51394.9,2009.0,Mixed
2016-12-22 19:00:00,Fox_lodging_Helen,252.25,14.4,5.0,11.1,1015.5,4.1,19,4,12,357,51394.9,2009.0,Mixed
2016-12-22 20:00:00,Fox_lodging_Helen,254.0,14.4,4.5,10.6,1016.2,4.1,20,4,12,357,51394.9,2009.0,Mixed
2016-12-22 21:00:00,Fox_lodging_Helen,251.95,13.9,4.0,10.6,1016.4,4.1,21,4,12,357,51394.9,2009.0,Mixed
2016-12-22 22:00:00,Fox_lodging_Helen,250.08,13.3,5.0,11.7,1016.8,2.1,22,4,12,357,51394.9,2009.0,Mixed
2016-12-22 23:00:00,Fox_lodging_Helen,233.88,13.3,6.0,11.7,1017.3,1.5,23,4,12,357,51394.9,2009.0,Mixed
2016-12-23 00:00:00,Fox_lodging_Helen,236.05,13.3,6.333333333333333,11.7,1017.3,1.5,0,5,12,358,51394.9,2009.0,Mixed
2016-12-23 01:00:00,Fox_lodging_Helen,230.0,13.3,6.666666666666667,11.1,1017.5,2.6,1,5,12,358,51394.9,2009.0,Mixed
2016-12-23 02:00:00,Fox_lodging_Helen,230.02,13.3,7.0,11.7,1017.5,1.5,2,5,12,358,51394.9,2009.0,Mixed
2016-12-23 03:00:00,Fox_lodging_Helen,231.1,13.3,7.0,11.7,1017.6,2.6,3,5,12,358,51394.9,2009.0,Mixed
2016-12-23 04:00:00,Fox_lodging_Helen,229.17,12.8,7.0,11.1,1017.5,2.1,4,5,12,358,51394.9,2009.0,Mixed
2016-12-23 05:00:00,Fox_lodging_Helen,233.37,12.2,8.0,11.1,1017.1,1.5,5,5,12,358,51394.9,2009.0,Mixed
2016-12-23 06:00:00,Fox_lodging_Helen,242.65,12.8,8.0,12.2,1017.3,0.0,6,5,12,358,51394.9,2009.0,Mixed
2016-12-23 07:00:00,Fox_lodging_Helen,236.87,12.8,8.0,11.1,1017.8,1.5,7,5,12,358,51394.9,2009.0,Mixed
2016-12-23 08:00:00,Fox_lodging_Helen,235.22,13.3,8.0,10.6,1018.3,0.0,8,5,12,358,51394.9,2009.0,Mixed
2016-12-23 09:00:00,Fox_lodging_Helen,230.0,13.9,8.0,11.7,1018.6,0.0,9,5,12,358,51394.9,2009.0,Mixed
2016-12-23 10:00:00,Fox_lodging_Helen,224.55,13.9,8.0,11.7,1018.7,1.5,10,5,12,358,51394.9,2009.0,Mixed
2016-12-23 11:00:00,Fox_lodging_Helen,229.67,14.4,8.0,11.7,1018.8,2.1,11,5,12,358,51394.9,2009.0,Mixed
2016-12-23 12:00:00,Fox_lodging_Helen,214.95,14.4,7.666666666666667,11.1,1018.5,0.0,12,5,12,358,51394.9,2009.0,Mixed
2016-12-23 13:00:00,Fox_lodging_Helen,207.8,15.6,7.333333333333333,10.6,1017.4,0.0,13,5,12,358,51394.9,2009.0,Mixed
2016-12-23 14:00:00,Fox_lodging_Helen,215.32,16.1,7.0,10.6,1016.8,1.5,14,5,12,358,51394.9,2009.0,Mixed
2016-12-23 15:00:00,Fox_lodging_Helen,225.28,16.7,7.0,10.6,1016.2,0.0,15,5,12,358,51394.9,2009.0,Mixed
2016-12-23 16:00:00,Fox_lodging_Helen,234.2,16.7,7.0,10.0,1016.4,0.0,16,5,12,358,51394.9,2009.0,Mixed
2016-12-23 17:00:00,Fox_lodging_Helen,248.98,16.7,6.0,10.0,1016.3,0.0,17,5,12,358,51394.9,2009.0,Mixed
2016-12-23 18:00:00,Fox_lodging_Helen,257.38,15.6,5.6,10.6,1014.9,3.6,18,5,12,358,51394.9,2009.0,Mixed
2016-12-23 19:00:00,Fox_lodging_Helen,251.15,15.6,5.2,10.0,1015.2,1.5,19,5,12,358,51394.9,2009.0,Mixed
2016-12-23 20:00:00,Fox_lodging_Helen,249.78,14.4,4.8,10.6,1014.7,2.1,20,5,12,358,51394.9,2009.0,Mixed
2016-12-23 21:00:00,Fox_lodging_Helen,249.48,13.9,4.8,10.6,1015.0,0.0,21,5,12,358,51394.9,2009.0,Mixed
2016-12-23 22:00:00,Fox_lodging_Helen,241.92,12.8,4.0,10.6,1013.7,2.6,22,5,12,358,51394.9,2009.0,Mixed
2016-12-23 23:00:00,Fox_lodging_Helen,228.85,11.7,4.0,10.6,1013.3,2.6,23,5,12,358,51394.9,2009.0,Mixed
2016-12-24 00:00:00,Fox_lodging_Helen,230.0,11.7,4.333333333333333,10.0,1012.7,3.1,0,6,12,359,51394.9,2009.0,Mixed
2016-12-24 01:00:00,Fox_lodging_Helen,227.75,11.7,4.666666666666667,10.0,1011.7,2.1,1,6,12,359,51394.9,2009.0,Mixed
2016-12-24 02:00:00,Fox_lodging_Helen,229.22,11.1,5.0,9.4,1010.6,3.1,2,6,12,359,51394.9,2009.0,Mixed
2016-12-24 03:00:00,Fox_lodging_Helen,228.5,11.1,5.0,8.9,1010.0,3.6,3,6,12,359,51394.9,2009.0,Mixed
2016-12-24 04:00:00,Fox_lodging_Helen,228.62,11.1,5.0,8.9,1009.2,3.6,4,6,12,359,51394.9,2009.0,Mixed
2016-12-24 05:00:00,Fox_lodging_Helen,232.02,11.7,6.0,8.9,1008.6,3.1,5,6,12,359,51394.9,2009.0,Mixed
2016-12-24 06:00:00,Fox_lodging_Helen,236.7,11.7,6.0,8.9,1008.0,2.6,6,6,12,359,51394.9,2009.0,Mixed
2016-12-24 07:00:00,Fox_lodging_Helen,240.68,11.7,6.0,8.9,1008.1,2.1,7,6,12,359,51394.9,2009.0,Mixed
2016-12-24 08:00:00,Fox_lodging_Helen,231.12,11.7,6.0,8.9,1008.1,3.1,8,6,12,359,51394.9,2009.0,Mixed
2016-12-24 09:00:00,Fox_lodging_Helen,224.97,11.7,6.0,8.9,1007.9,3.6,9,6,12,359,51394.9,2009.0,Mixed
2016-12-24 10:00:00,Fox_lodging_Helen,222.22,12.2,6.0,8.9,1008.0,1.5,10,6,12,359,51394.9,2009.0,Mixed
2016-12-24 11:00:00,Fox_lodging_Helen,198.57,13.3,6.0,9.4,1007.1,3.6,11,6,12,359,51394.9,2009.0,Mixed
2016-12-24 12:00:00,Fox_lodging_Helen,201.77,17.2,6.0,8.9,1004.9,7.7,12,6,12,359,51394.9,2009.0,Mixed
2016-12-24 13:00:00,Fox_lodging_Helen,237.68,16.1,6.0,6.1,1002.6,9.3,13,6,12,359,51394.9,2009.0,Mixed
2016-12-24 14:00:00,Fox_lodging_Helen,228.98,13.3,6.0,8.9,1002.4,8.8,14,6,12,359,51394.9,2009.0,Mixed
2016-12-24 15:00:00,Fox_lodging_Helen,235.33,8.3,6.0,6.1,1005.1,13.9,15,6,12,359,51394.9,2009.0,Mixed
2016-12-24 16:00:00,Fox_lodging_Helen,234.37,7.8,6.0,6.1,1005.9,5.1,16,6,12,359,51394.9,2009.0,Mixed
2016-12-24 17:00:00,Fox_lodging_Helen,239.37,8.3,6.0,5.6,1006.2,2.1,17,6,12,359,51394.9,2009.0,Mixed
2016-12-24 18:00:00,Fox_lodging_Helen,253.08,8.9,6.333333333333333,5.0,1008.0,1.5,18,6,12,359,51394.9,2009.0,Mixed
2016-12-24 19:00:00,Fox_lodging_Helen,249.18,7.8,6.666666666666667,5.6,1008.2,5.7,19,6,12,359,51394.9,2009.0,Mixed
2016-12-24 20:00:00,Fox_lodging_Helen,249.73,7.8,7.0,5.6,1008.7,3.6,20,6,12,359,51394.9,2009.0,Mixed
2016-12-24 21:00:00,Fox_lodging_Helen,251.25,7.8,7.0,5.0,1009.2,2.6,21,6,12,359,51394.9,2009.0,Mixed
2016-12-24 22:00:00,Fox_lodging_Helen,241.53,7.8,7.0,5.0,1009.6,3.6,22,6,12,359,51394.9,2009.0,Mixed
2016-12-24 23:00:00,Fox_lodging_Helen,230.95,8.3,8.0,5.0,1009.7,1.5,23,6,12,359,51394.9,2009.0,Mixed
2016-12-25 00:00:00,Fox_lodging_Helen,231.18,7.8,6.8,5.6,1009.9,2.6,0,7,12,360,51394.9,2009.0,Mixed
2016-12-25 01:00:00,Fox_lodging_Helen,231.72,7.8,5.6,5.6,1010.5,1.5,1,7,12,360,51394.9,2009.0,Mixed
2016-12-25 02:00:00,Fox_lodging_Helen,233.82,7.2,4.4,4.4,1011.4,0.0,2,7,12,360,51394.9,2009.0,Mixed
2016-12-25 03:00:00,Fox_lodging_Helen,230.15,7.8,4.4,4.4,1012.1,2.1,3,7,12,360,51394.9,2009.0,Mixed
2016-12-25 04:00:00,Fox_lodging_Helen,229.52,7.8,2.0,1.7,1013.2,2.6,4,7,12,360,51394.9,2009.0,Mixed
2016-12-25 05:00:00,Fox_lodging_Helen,233.78,6.1,0.0,2.2,1013.6,2.1,5,7,12,360,51394.9,2009.0,Mixed
2016-12-25 06:00:00,Fox_lodging_Helen,238.92,5.6,2.0,3.3,1014.4,2.1,6,7,12,360,51394.9,2009.0,Mixed
2016-12-25 07:00:00,Fox_lodging_Helen,235.75,5.0,4.0,2.8,1015.4,2.1,7,7,12,360,51394.9,2009.0,Mixed
2016-12-25 08:00:00,Fox_lodging_Helen,225.57,5.6,4.0,2.2,1016.4,1.5,8,7,12,360,51394.9,2009.0,Mixed
2016-12-25 09:00:00,Fox_lodging_Helen,195.9,7.2,4.0,2.8,1017.4,3.1,9,7,12,360,51394.9,2009.0,Mixed
2016-12-25 10:00:00,Fox_lodging_Helen,157.12,8.9,2.0,3.9,1018.3,3.1,10,7,12,360,51394.9,2009.0,Mixed
2016-12-25 11:00:00,Fox_lodging_Helen,157.68,10.0,4.0,3.9,1018.9,2.1,11,7,12,360,51394.9,2009.0,Mixed
2016-12-25 12:00:00,Fox_lodging_Helen,156.48,11.1,4.0,2.2,1018.7,3.1,12,7,12,360,51394.9,2009.0,Mixed
2016-12-25 13:00:00,Fox_lodging_Helen,165.65,11.7,4.0,0.6,1018.2,1.5,13,7,12,360,51394.9,2009.0,Mixed
2016-12-25 14:00:00,Fox_lodging_Helen,176.58,12.2,4.0,-1.7,1017.7,3.6,14,7,12,360,51394.9,2009.0,Mixed
2016-12-25 15:00:00,Fox_lodging_Helen,180.4,12.2,4.0,-2.2,1017.7,6.2,15,7,12,360,51394.9,2009.0,Mixed
2016-12-25 16:00:00,Fox_lodging_Helen,221.77,12.2,4.0,-2.8,1018.0,3.1,16,7,12,360,51394.9,2009.0,Mixed
2016-12-25 17:00:00,Fox_lodging_Helen,236.83,11.7,2.0,-2.2,1018.7,2.6,17,7,12,360,51394.9,2009.0,Mixed
2016-12-25 18:00:00,Fox_lodging_Helen,249.7,10.6,2.0,-1.7,1019.1,2.1,18,7,12,360,51394.9,2009.0,Mixed
2016-12-25 19:00:00,Fox_lodging_Helen,250.98,10.6,2.0,-1.7,1019.4,3.1,19,7,12,360,51394.9,2009.0,Mixed
2016-12-25 20:00:00,Fox_lodging_Helen,248.92,10.0,0.0,-1.7,1019.8,2.6,20,7,12,360,51394.9,2009.0,Mixed
2016-12-25 21:00:00,Fox_lodging_Helen,248.4,8.9,0.0,0.6,1020.4,2.1,21,7,12,360,51394.9,2009.0,Mixed
2016-12-25 22:00:00,Fox_lodging_Helen,241.08,7.2,0.0,1.7,1020.8,0.0,22,7,12,360,51394.9,2009.0,Mixed
2016-12-25 23:00:00,Fox_lodging_Helen,231.07,6.7,0.0,2.2,1021.4,1.5,23,7,12,360,51394.9,2009.0,Mixed
2016-12-26 00:00:00,Fox_lodging_Helen,230.07,6.1,0.0,2.8,1021.7,2.1,0,1,12,361,51394.9,2009.0,Mixed
2016-12-26 01:00:00,Fox_lodging_Helen,227.82,5.6,0.0,2.2,1021.9,0.0,1,1,12,361,51394.9,2009.0,Mixed
2016-12-26 02:00:00,Fox_lodging_Helen,237.07,5.0,0.0,2.2,1022.0,0.0,2,1,12,361,51394.9,2009.0,Mixed
2016-12-26 03:00:00,Fox_lodging_Helen,231.7,4.4,0.0,2.2,1022.3,0.0,3,1,12,361,51394.9,2009.0,Mixed
2016-12-26 04:00:00,Fox_lodging_Helen,229.18,4.4,0.0,1.7,1022.4,0.0,4,1,12,361,51394.9,2009.0,Mixed
2016-12-26 05:00:00,Fox_lodging_Helen,228.18,3.9,2.0,2.2,1022.5,1.5,5,1,12,361,51394.9,2009.0,Mixed
2016-12-26 06:00:00,Fox_lodging_Helen,235.7,4.4,0.0,1.1,1022.8,1.5,6,1,12,361,51394.9,2009.0,Mixed
2016-12-26 07:00:00,Fox_lodging_Helen,238.95,3.9,2.0,1.7,1023.0,1.5,7,1,12,361,51394.9,2009.0,Mixed
2016-12-26 08:00:00,Fox_lodging_Helen,229.72,3.9,4.0,1.7,1023.7,0.0,8,1,12,361,51394.9,2009.0,Mixed
2016-12-26 09:00:00,Fox_lodging_Helen,195.95,7.2,2.0,0.0,1024.4,1.5,9,1,12,361,51394.9,2009.0,Mixed
2016-12-26 10:00:00,Fox_lodging_Helen,163.57,7.8,2.0,1.1,1025.2,1.5,10,1,12,361,51394.9,2009.0,Mixed
2016-12-26 11:00:00,Fox_lodging_Helen,146.83,10.0,4.0,-0.6,1024.7,1.5,11,1,12,361,51394.9,2009.0,Mixed
2016-12-26 12:00:00,Fox_lodging_Helen,140.8,12.8,4.0,0.0,1024.0,0.0,12,1,12,361,51394.9,2009.0,Mixed
2016-12-26 13:00:00,Fox_lodging_Helen,146.23,13.3,4.0,-1.1,1023.1,1.5,13,1,12,361,51394.9,2009.0,Mixed
2016-12-26 14:00:00,Fox_lodging_Helen,157.58,14.4,4.0,-0.6,1022.6,3.6,14,1,12,361,51394.9,2009.0,Mixed
2016-12-26 15:00:00,Fox_lodging_Helen,182.03,15.0,4.0,-1.7,1022.0,3.1,15,1,12,361,51394.9,2009.0,Mixed
2016-12-26 16:00:00,Fox_lodging_Helen,237.95,16.1,4.0,-3.3,1021.7,3.1,16,1,12,361,51394.9,2009.0,Mixed
2016-12-26 17:00:00,Fox_lodging_Helen,239.97,16.1,4.0,-2.8,1021.7,3.1,17,1,12,361,51394.9,2009.0,Mixed
2016-12-26 18:00:00,Fox_lodging_Helen,252.5,15.0,2.0,-0.6,1021.6,2.1,18,1,12,361,51394.9,2009.0,Mixed
2016-12-26 19:00:00,Fox_lodging_Helen,259.3,13.3,2.0,1.1,1021.9,3.1,19,1,12,361,51394.9,2009.0,Mixed
2016-12-26 20:00:00,Fox_lodging_Helen,260.1,11.1,2.0,3.3,1022.3,2.1,20,1,12,361,51394.9,2009.0,Mixed
2016-12-26 21:00:00,Fox_lodging_Helen,265.85,10.6,2.0,2.8,1022.6,1.5,21,1,12,361,51394.9,2009.0,Mixed
2016-12-26 22:00:00,Fox_lodging_Helen,255.48,11.7,2.0,0.0,1023.0,2.1,22,1,12,361,51394.9,2009.0,Mixed
2016-12-26 23:00:00,Fox_lodging_Helen,243.12,8.3,2.0,4.4,1023.4,2.6,23,1,12,361,51394.9,2009.0,Mixed
2016-12-27 00:00:00,Fox_lodging_Helen,229.9,8.9,4.0,2.2,1023.1,0.0,0,2,12,362,51394.9,2009.0,Mixed
2016-12-27 01:00:00,Fox_lodging_Helen,226.95,9.4,4.0,1.7,1022.8,0.0,1,2,12,362,51394.9,2009.0,Mixed
2016-12-27 02:00:00,Fox_lodging_Helen,227.7,7.2,2.0,1.7,1022.8,0.0,2,2,12,362,51394.9,2009.0,Mixed
2016-12-27 03:00:00,Fox_lodging_Helen,225.9,7.8,2.0,1.7,1022.5,0.0,3,2,12,362,51394.9,2009.0,Mixed
2016-12-27 04:00:00,Fox_lodging_Helen,230.65,7.8,2.0,1.7,1022.3,0.0,4,2,12,362,51394.9,2009.0,Mixed
2016-12-27 05:00:00,Fox_lodging_Helen,232.87,6.7,0.0,2.2,1022.3,0.0,5,2,12,362,51394.9,2009.0,Mixed
2016-12-27 06:00:00,Fox_lodging_Helen,237.92,6.1,2.0,2.2,1022.6,0.0,6,2,12,362,51394.9,2009.0,Mixed
2016-12-27 07:00:00,Fox_lodging_Helen,238.85,6.1,2.0,2.8,1022.9,0.0,7,2,12,362,51394.9,2009.0,Mixed
2016-12-27 08:00:00,Fox_lodging_Helen,230.6,5.6,2.0,2.8,1023.2,1.5,8,2,12,362,51394.9,2009.0,Mixed
2016-12-27 09:00:00,Fox_lodging_Helen,198.88,8.3,2.0,2.8,1023.4,0.0,9,2,12,362,51394.9,2009.0,Mixed
2016-12-27 10:00:00,Fox_lodging_Helen,163.8,11.1,2.0,2.2,1023.4,0.0,10,2,12,362,51394.9,2009.0,Mixed
2016-12-27 11:00:00,Fox_lodging_Helen,150.78,13.3,2.0,2.2,1023.4,0.0,11,2,12,362,51394.9,2009.0,Mixed
2016-12-27 12:00:00,Fox_lodging_Helen,153.95,15.6,2.0,2.2,1023.1,2.1,12,2,12,362,51394.9,2009.0,Mixed
2016-12-27 13:00:00,Fox_lodging_Helen,154.85,17.8,2.0,1.7,1021.3,1.5,13,2,12,362,51394.9,2009.0,Mixed
2016-12-27 14:00:00,Fox_lodging_Helen,164.03,18.9,4.0,0.6,1020.6,2.1,14,2,12,362,51394.9,2009.0,Mixed
2016-12-27 15:00:00,Fox_lodging_Helen,186.57,19.4,4.0,0.6,1019.5,1.5,15,2,12,362,51394.9,2009.0,Mixed
2016-12-27 16:00:00,Fox_lodging_Helen,223.98,20.6,4.0,1.7,1018.8,1.5,16,2,12,362,51394.9,2009.0,Mixed
2016-12-27 17:00:00,Fox_lodging_Helen,240.78,19.4,4.0,3.3,1018.6,2.1,17,2,12,362,51394.9,2009.0,Mixed
2016-12-27 18:00:00,Fox_lodging_Helen,254.45,18.9,4.333333333333333,2.2,1018.6,3.1,18,2,12,362,51394.9,2009.0,Mixed
2016-12-27 19:00:00,Fox_lodging_Helen,264.48,16.1,4.666666666666667,5.0,1019.2,2.1,19,2,12,362,51394.9,2009.0,Mixed
2016-12-27 20:00:00,Fox_lodging_Helen,268.85,16.7,5.0,3.9,1019.6,0.0,20,2,12,362,51394.9,2009.0,Mixed
2016-12-27 21:00:00,Fox_lodging_Helen,261.95,13.9,5.0,5.6,1020.2,0.0,21,2,12,362,51394.9,2009.0,Mixed
2016-12-27 22:00:00,Fox_lodging_Helen,245.07,12.8,5.0,6.1,1020.6,0.0,22,2,12,362,51394.9,2009.0,Mixed
2016-12-27 23:00:00,Fox_lodging_Helen,237.18,11.7,6.0,6.7,1021.3,0.0,23,2,12,362,51394.9,2009.0,Mixed
2016-12-28 00:00:00,Fox_lodging_Helen,240.35,10.6,5.0,6.7,1021.4,2.1,0,3,12,363,51394.9,2009.0,Mixed
2016-12-28 01:00:00,Fox_lodging_Helen,230.58,11.1,4.0,5.6,1021.6,1.5,1,3,12,363,51394.9,2009.0,Mixed
2016-12-28 02:00:00,Fox_lodging_Helen,234.15,8.9,2.0,6.7,1021.3,2.1,2,3,12,363,51394.9,2009.0,Mixed
2016-12-28 03:00:00,Fox_lodging_Helen,239.88,9.4,4.0,6.1,1021.3,0.0,3,3,12,363,51394.9,2009.0,Mixed
2016-12-28 04:00:00,Fox_lodging_Helen,230.97,9.4,6.0,5.6,1020.9,0.0,4,3,12,363,51394.9,2009.0,Mixed
2016-12-28 05:00:00,Fox_lodging_Helen,233.13,8.3,8.0,5.6,1020.5,0.0,5,3,12,363,51394.9,2009.0,Mixed
2016-12-28 06:00:00,Fox_lodging_Helen,242.6,8.9,8.0,5.6,1020.6,1.5,6,3,12,363,51394.9,2009.0,Mixed
2016-12-28 07:00:00,Fox_lodging_Helen,242.1,9.4,8.0,4.4,1021.1,2.1,7,3,12,363,51394.9,2009.0,Mixed
2016-12-28 08:00:00,Fox_lodging_Helen,236.68,9.4,8.0,4.4,1021.7,0.0,8,3,12,363,51394.9,2009.0,Mixed
2016-12-28 09:00:00,Fox_lodging_Helen,223.93,9.4,8.0,5.6,1022.4,0.0,9,3,12,363,51394.9,2009.0,Mixed
2016-12-28 10:00:00,Fox_lodging_Helen,201.27,11.1,8.0,5.0,1022.8,0.0,10,3,12,363,51394.9,2009.0,Mixed
2016-12-28 11:00:00,Fox_lodging_Helen,189.7,13.3,8.0,5.0,1023.0,0.0,11,3,12,363,51394.9,2009.0,Mixed
2016-12-28 12:00:00,Fox_lodging_Helen,189.68,15.0,7.666666666666667,5.6,1022.5,0.0,12,3,12,363,51394.9,2009.0,Mixed
2016-12-28 13:00:00,Fox_lodging_Helen,208.58,16.1,7.333333333333333,3.3,1021.4,0.0,13,3,12,363,51394.9,2009.0,Mixed
2016-12-28 14:00:00,Fox_lodging_Helen,205.17,16.7,7.0,3.9,1020.9,2.1,14,3,12,363,51394.9,2009.0,Mixed
2016-12-28 15:00:00,Fox_lodging_Helen,227.33,17.2,7.0,3.9,1020.5,1.5,15,3,12,363,51394.9,2009.0,Mixed
2016-12-28 16:00:00,Fox_lodging_Helen,232.98,17.2,7.0,5.0,1020.3,0.0,16,3,12,363,51394.9,2009.0,Mixed
2016-12-28 17:00:00,Fox_lodging_Helen,252.03,17.2,6.0,4.4,1020.4,2.6,17,3,12,363,51394.9,2009.0,Mixed
2016-12-28 18:00:00,Fox_lodging_Helen,270.27,15.0,6.333333333333333,6.1,1020.7,1.5,18,3,12,363,51394.9,2009.0,Mixed
2016-12-28 19:00:00,Fox_lodging_Helen,265.65,16.1,6.666666666666667,5.6,1020.7,2.6,19,3,12,363,51394.9,2009.0,Mixed
2016-12-28 20:00:00,Fox_lodging_Helen,258.63,12.2,7.0,7.8,1021.0,1.5,20,3,12,363,51394.9,2009.0,Mixed
2016-12-28 21:00:00,Fox_lodging_Helen,257.13,11.7,7.0,7.8,1021.5,2.1,21,3,12,363,51394.9,2009.0,Mixed
2016-12-28 22:00:00,Fox_lodging_Helen,245.95,11.7,7.0,7.2,1021.9,2.1,22,3,12,363,51394.9,2009.0,Mixed
2016-12-28 23:00:00,Fox_lodging_Helen,235.88,12.2,8.0,6.7,1022.1,0.0,23,3,12,363,51394.9,2009.0,Mixed
2016-12-29 00:00:00,Fox_lodging_Helen,237.87,11.7,8.0,7.2,1022.0,0.0,0,4,12,364,51394.9,2009.0,Mixed
2016-12-29 01:00:00,Fox_lodging_Helen,228.35,11.7,8.0,6.7,1021.5,0.0,1,4,12,364,51394.9,2009.0,Mixed
2016-12-29 02:00:00,Fox_lodging_Helen,227.75,11.1,8.0,7.2,1021.6,0.0,2,4,12,364,51394.9,2009.0,Mixed
2016-12-29 03:00:00,Fox_lodging_Helen,227.33,11.7,8.0,7.2,1021.4,0.0,3,4,12,364,51394.9,2009.0,Mixed
2016-12-29 04:00:00,Fox_lodging_Helen,228.65,10.0,8.0,7.8,1020.9,0.0,4,4,12,364,51394.9,2009.0,Mixed
2016-12-29 05:00:00,Fox_lodging_Helen,233.03,11.1,8.0,7.2,1020.5,0.0,5,4,12,364,51394.9,2009.0,Mixed
2016-12-29 06:00:00,Fox_lodging_Helen,234.97,10.6,7.333333333333333,7.8,1020.8,0.0,6,4,12,364,51394.9,2009.0,Mixed
2016-12-29 07:00:00,Fox_lodging_Helen,236.33,11.7,6.666666666666667,6.7,1020.7,1.5,7,4,12,364,51394.9,2009.0,Mixed
2016-12-29 08:00:00,Fox_lodging_Helen,236.32,11.1,6.0,7.2,1021.1,0.0,8,4,12,364,51394.9,2009.0,Mixed
2016-12-29 09:00:00,Fox_lodging_Helen,222.95,10.6,6.0,8.3,1022.0,2.1,9,4,12,364,51394.9,2009.0,Mixed
2016-12-29 10:00:00,Fox_lodging_Helen,192.23,13.9,6.0,6.1,1022.3,0.0,10,4,12,364,51394.9,2009.0,Mixed
2016-12-29 11:00:00,Fox_lodging_Helen,151.77,17.8,4.0,3.9,1022.5,1.5,11,4,12,364,51394.9,2009.0,Mixed
2016-12-29 12:00:00,Fox_lodging_Helen,152.22,21.7,2.0,1.1,1021.6,2.1,12,4,12,364,51394.9,2009.0,Mixed
2016-12-29 13:00:00,Fox_lodging_Helen,159.18,22.8,2.0,0.0,1020.5,3.6,13,4,12,364,51394.9,2009.0,Mixed
2016-12-29 14:00:00,Fox_lodging_Helen,180.62,23.9,2.0,0.6,1019.4,3.6,14,4,12,364,51394.9,2009.0,Mixed
2016-12-29 15:00:00,Fox_lodging_Helen,209.73,25.0,2.0,0.0,1018.9,2.6,15,4,12,364,51394.9,2009.0,Mixed
2016-12-29 16:00:00,Fox_lodging_Helen,237.38,24.4,2.0,0.6,1018.7,3.1,16,4,12,364,51394.9,2009.0,Mixed
2016-12-29 17:00:00,Fox_lodging_Helen,258.1,23.9,2.0,3.3,1018.6,2.6,17,4,12,364,51394.9,2009.0,Mixed
2016-12-29 18:00:00,Fox_lodging_Helen,257.98,21.7,2.0,4.4,1018.9,1.5,18,4,12,364,51394.9,2009.0,Mixed
2016-12-29 19:00:00,Fox_lodging_Helen,258.43,20.0,0.0,3.9,1019.4,2.6,19,4,12,364,51394.9,2009.0,Mixed
2016-12-29 20:00:00,Fox_lodging_Helen,258.55,18.9,0.0,3.9,1020.3,2.6,20,4,12,364,51394.9,2009.0,Mixed
2016-12-29 21:00:00,Fox_lodging_Helen,260.12,17.8,0.0,4.4,1021.0,2.6,21,4,12,364,51394.9,2009.0,Mixed
2016-12-29 22:00:00,Fox_lodging_Helen,248.35,16.7,0.0,2.8,1021.1,4.1,22,4,12,364,51394.9,2009.0,Mixed
2016-12-29 23:00:00,Fox_lodging_Helen,243.23,16.1,0.0,2.8,1021.2,2.6,23,4,12,364,51394.9,2009.0,Mixed
2016-12-30 00:00:00,Fox_lodging_Helen,234.85,16.1,0.0,2.2,1020.8,2.6,0,5,12,365,51394.9,2009.0,Mixed
2016-12-30 01:00:00,Fox_lodging_Helen,228.83,15.0,0.0,3.3,1020.6,3.1,1,5,12,365,51394.9,2009.0,Mixed
2016-12-30 02:00:00,Fox_lodging_Helen,228.3,13.9,2.0,3.9,1019.9,1.5,2,5,12,365,51394.9,2009.0,Mixed
2016-12-30 03:00:00,Fox_lodging_Helen,229.1,13.9,3.333333333333333,3.9,1019.8,1.5,3,5,12,365,51394.9,2009.0,Mixed
2016-12-30 04:00:00,Fox_lodging_Helen,229.05,12.8,4.666666666666666,4.4,1018.9,2.1,4,5,12,365,51394.9,2009.0,Mixed
2016-12-30 05:00:00,Fox_lodging_Helen,230.85,12.8,6.0,5.0,1018.4,1.5,5,5,12,365,51394.9,2009.0,Mixed
2016-12-30 06:00:00,Fox_lodging_Helen,235.62,12.8,6.0,5.0,1018.7,2.6,6,5,12,365,51394.9,2009.0,Mixed
2016-12-30 07:00:00,Fox_lodging_Helen,236.28,11.7,6.0,5.6,1018.5,2.1,7,5,12,365,51394.9,2009.0,Mixed
2016-12-30 08:00:00,Fox_lodging_Helen,230.28,11.1,6.0,5.6,1018.6,1.5,8,5,12,365,51394.9,2009.0,Mixed
2016-12-30 09:00:00,Fox_lodging_Helen,211.93,13.9,6.0,6.1,1017.7,3.1,9,5,12,365,51394.9,2009.0,Mixed
2016-12-30 10:00:00,Fox_lodging_Helen,179.33,17.2,6.0,5.0,1017.7,5.1,10,5,12,365,51394.9,2009.0,Mixed
2016-12-30 11:00:00,Fox_lodging_Helen,165.25,18.3,6.0,5.6,1017.6,5.1,11,5,12,365,51394.9,2009.0,Mixed
2016-12-30 12:00:00,Fox_lodging_Helen,163.5,19.4,5.0,5.6,1016.4,3.1,12,5,12,365,51394.9,2009.0,Mixed
2016-12-30 13:00:00,Fox_lodging_Helen,163.92,20.6,4.0,5.6,1014.3,3.6,13,5,12,365,51394.9,2009.0,Mixed
2016-12-30 14:00:00,Fox_lodging_Helen,179.65,21.1,4.0,6.1,1013.1,3.6,14,5,12,365,51394.9,2009.0,Mixed
2016-12-30 15:00:00,Fox_lodging_Helen,210.68,22.2,4.0,7.2,1011.9,3.1,15,5,12,365,51394.9,2009.0,Mixed
2016-12-30 16:00:00,Fox_lodging_Helen,243.05,21.1,5.0,7.8,1011.5,2.6,16,5,12,365,51394.9,2009.0,Mixed
2016-12-30 17:00:00,Fox_lodging_Helen,249.45,21.1,6.0,7.8,1010.6,3.1,17,5,12,365,51394.9,2009.0,Mixed
2016-12-30 18:00:00,Fox_lodging_Helen,264.47,20.0,6.0,9.4,1010.3,0.0,18,5,12,365,51394.9,2009.0,Mixed
2016-12-30 19:00:00,Fox_lodging_Helen,261.2,19.4,6.0,10.6,1010.8,3.6,19,5,12,365,51394.9,2009.0,Mixed
2016-12-30 20:00:00,Fox_lodging_Helen,257.37,16.1,6.0,12.2,1011.6,5.7,20,5,12,365,51394.9,2009.0,Mixed
2016-12-30 21:00:00,Fox_lodging_Helen,258.03,15.0,6.0,12.8,1012.2,8.8,21,5,12,365,51394.9,2009.0,Mixed
2016-12-30 22:00:00,Fox_lodging_Helen,250.9,13.9,6.0,12.8,1011.4,3.6,22,5,12,365,51394.9,2009.0,Mixed
2016-12-30 23:00:00,Fox_lodging_Helen,243.72,13.9,6.0,12.8,1011.4,2.1,23,5,12,365,51394.9,2009.0,Mixed
2016-12-31 00:00:00,Fox_lodging_Helen,239.57,13.3,6.333333333333333,12.2,1011.5,2.1,0,6,12,366,51394.9,2009.0,Mixed
2016-12-31 01:00:00,Fox_lodging_Helen,239.13,13.3,6.666666666666667,12.2,1011.0,1.5,1,6,12,366,51394.9,2009.0,Mixed
2016-12-31 02:00:00,Fox_lodging_Helen,231.8,13.3,7.0,12.2,1011.0,2.1,2,6,12,366,51394.9,2009.0,Mixed
2016-12-31 03:00:00,Fox_lodging_Helen,230.87,12.8,7.0,11.1,1011.0,0.0,3,6,12,366,51394.9,2009.0,Mixed
2016-12-31 04:00:00,Fox_lodging_Helen,227.22,12.8,7.0,11.7,1011.0,0.0,4,6,12,366,51394.9,2009.0,Mixed
2016-12-31 05:00:00,Fox_lodging_Helen,233.8,12.8,8.0,11.1,1010.8,2.1,5,6,12,366,51394.9,2009.0,Mixed
2016-12-31 06:00:00,Fox_lodging_Helen,238.32,12.2,7.666666666666667,11.7,1010.9,1.5,6,6,12,366,51394.9,2009.0,Mixed
2016-12-31 07:00:00,Fox_lodging_Helen,240.48,12.2,7.333333333333333,11.7,1011.4,1.5,7,6,12,366,51394.9,2009.0,Mixed
2016-12-31 08:00:00,Fox_lodging_Helen,229.93,12.2,7.0,11.7,1012.0,1.5,8,6,12,366,51394.9,2009.0,Mixed
2016-12-31 09:00:00,Fox_lodging_Helen,220.5,12.8,7.0,11.7,1012.4,1.5,9,6,12,366,51394.9,2009.0,Mixed
2016-12-31 10:00:00,Fox_lodging_Helen,209.72,13.3,7.0,11.7,1012.9,2.6,10,6,12,366,51394.9,2009.0,Mixed
2016-12-31 11:00:00,Fox_lodging_Helen,218.75,14.4,6.0,10.6,1013.2,5.1,11,6,12,366,51394.9,2009.0,Mixed
2016-12-31 12:00:00,Fox_lodging_Helen,208.42,15.0,4.0,11.1,1012.4,3.6,12,6,12,366,51394.9,2009.0,Mixed
2016-12-31 13:00:00,Fox_lodging_Helen,217.88,16.1,4.0,10.0,1011.7,3.6,13,6,12,366,51394.9,2009.0,Mixed
2016-12-31 14:00:00,Fox_lodging_Helen,214.32,16.7,4.0,9.4,1011.2,4.6,14,6,12,366,51394.9,2009.0,Mixed
2016-12-31 15:00:00,Fox_lodging_Helen,224.65,16.7,4.666666666666667,10.0,1011.0,3.6,15,6,12,366,51394.9,2009.0,Mixed
2016-12-31 16:00:00,Fox_lodging_Helen,231.3,16.7,5.333333333333333,10.0,1011.0,2.6,16,6,12,366,51394.9,2009.0,Mixed
2016-12-31 17:00:00,Fox_lodging_Helen,252.58,16.1,6.0,9.4,1010.6,2.1,17,6,12,366,51394.9,2009.0,Mixed
2016-12-31 18:00:00,Fox_lodging_Helen,271.83,16.1,6.333333333333333,10.0,1010.5,0.0,18,6,12,366,51394.9,2009.0,Mixed
2016-12-31 19:00:00,Fox_lodging_Helen,266.75,15.6,6.666666666666667,11.1,1010.8,0.0,19,6,12,366,51394.9,2009.0,Mixed
2016-12-31 20:00:00,Fox_lodging_Helen,252.58,15.6,7.0,10.0,1010.9,2.6,20,6,12,366,51394.9,2009.0,Mixed
2016-12-31 21:00:00,Fox_lodging_Helen,255.85,14.4,7.0,11.1,1010.7,2.1,21,6,12,366,51394.9,2009.0,Mixed
2016-12-31 22:00:00,Fox_lodging_Helen,244.67,13.9,7.0,11.7,1010.7,3.1,22,6,12,366,51394.9,2009.0,Mixed
2016-12-31 23:00:00,Fox_lodging_Helen,234.88,13.9,8.0,11.7,1010.4,2.1,23,6,12,366,51394.9,2009.0,Mixed
