timestamp,building_id,meter_reading,airTemperature,cloudCoverage,dewTemperature,seaLvlPressure,windSpeed,hour,day_of_week,month,day_of_year,sqm,yearbuilt,climate_zone
2016-01-01 00:00:00,Hog_lodging_Shanti,215.85,-7.2,8.0,-10.6,1022.9,5.7,0,5,1,1,24355.1,,Cold
2016-01-01 01:00:00,Hog_lodging_Shanti,215.85,-6.7,7.666666666666667,-10.0,1022.5,4.1,1,5,1,1,24355.1,,Cold
2016-01-01 02:00:00,Hog_lodging_Shanti,200.3,-6.7,7.333333333333333,-9.4,1022.1,2.6,2,5,1,1,24355.1,,Cold
2016-01-01 03:00:00,Hog_lodging_Shanti,196.328,-6.7,7.0,-9.4,1022.0,3.6,3,5,1,1,24355.1,,Cold
2016-01-01 04:00:00,Hog_lodging_Shanti,196.504,-8.3,7.0,-11.7,1021.9,6.7,4,5,1,1,24355.1,,Cold
2016-01-01 05:00:00,Hog_lodging_Shanti,210.41,-8.3,7.0,-11.7,1021.3,3.6,5,5,1,1,24355.1,,Cold
2016-01-01 06:00:00,Hog_lodging_Shanti,217.772,-8.9,6.0,-12.2,1020.3,5.1,6,5,1,1,24355.1,,Cold
2016-01-01 07:00:00,Hog_lodging_Shanti,207.153,-9.4,5.333333333333333,-11.7,1019.5,3.6,7,5,1,1,24355.1,,Cold
2016-01-01 08:00:00,Hog_lodging_Shanti,204.311,-8.9,4.666666666666667,-11.7,1019.4,2.1,8,5,1,1,24355.1,,Cold
2016-01-01 09:00:00,Hog_lodging_Shanti,204.126,-8.3,4.0,-11.1,1018.9,3.6,9,5,1,1,24355.1,,Cold
2016-01-01 10:00:00,Hog_lodging_Shanti,212.304,-6.7,4.0,-10.6,1017.9,6.2,10,5,1,1,24355.1,,Cold
2016-01-01 11:00:00,Hog_lodging_Shanti,212.497,-5.6,4.0,-10.0,1017.4,6.2,11,5,1,1,24355.1,,Cold
2016-01-01 12:00:00,Hog_lodging_Shanti,206.677,-2.8,2.0,-8.9,1017.1,5.1,12,5,1,1,24355.1,,Cold
2016-01-01 13:00:00,Hog_lodging_Shanti,197.827,-1.7,0.0,-8.3,1016.0,5.7,13,5,1,1,24355.1,,Cold
2016-01-01 14:00:00,Hog_lodging_Shanti,195.695,-1.1,0.0,-7.8,1015.8,7.7,14,5,1,1,24355.1,,Cold
2016-01-01 15:00:00,Hog_lodging_Shanti,205.961,-1.1,0.0,-7.8,1016.4,5.7,15,5,1,1,24355.1,,Cold
2016-01-01 16:00:00,Hog_lodging_Shanti,206.784,-1.7,0.0,-8.3,1017.7,7.2,16,5,1,1,24355.1,,Cold
2016-01-01 17:00:00,Hog_lodging_Shanti,200.14,-2.8,0.0,-8.3,1018.3,4.6,17,5,1,1,24355.1,,Cold
2016-01-01 18:00:00,Hog_lodging_Shanti,201.703,-3.3,0.0,-8.3,1019.2,4.1,18,5,1,1,24355.1,,Cold
2016-01-01 19:00:00,Hog_lodging_Shanti,201.535,-3.9,0.0,-8.3,1019.9,5.1,19,5,1,1,24355.1,,Cold
2016-01-01 20:00:00,Hog_lodging_Shanti,216.549,-5.0,0.0,-8.9,1020.4,5.1,20,5,1,1,24355.1,,Cold
2016-01-01 21:00:00,Hog_lodging_Shanti,212.889,-5.6,0.0,-9.4,1020.4,4.6,21,5,1,1,24355.1,,Cold
2016-01-01 22:00:00,Hog_lodging_Shanti,204.38,-6.1,0.0,-9.4,1020.9,3.6,22,5,1,1,24355.1,,Cold
2016-01-01 23:00:00,Hog_lodging_Shanti,196.705,-7.2,0.0,-10.0,1020.9,2.6,23,5,1,1,24355.1,,Cold
2016-01-02 00:00:00,Hog_lodging_Shanti,206.279,-7.2,0.0,-10.0,1020.9,1.5,0,6,1,2,24355.1,,Cold
2016-01-02 01:00:00,Hog_lodging_Shanti,206.46,-7.8,0.0,-10.6,1020.9,2.1,1,6,1,2,24355.1,,Cold
2016-01-02 02:00:00,Hog_lodging_Shanti,201.508,-8.9,0.0,-11.1,1020.4,2.6,2,6,1,2,24355.1,,Cold
2016-01-02 03:00:00,Hog_lodging_Shanti,198.601,-8.9,0.0,-11.1,1020.7,2.6,3,6,1,2,24355.1,,Cold
2016-01-02 04:00:00,Hog_lodging_Shanti,198.417,-9.4,0.0,-11.1,1020.4,2.1,4,6,1,2,24355.1,,Cold
2016-01-02 05:00:00,Hog_lodging_Shanti,213.644,-9.4,0.0,-11.7,1019.5,3.1,5,6,1,2,24355.1,,Cold
2016-01-02 06:00:00,Hog_lodging_Shanti,217.405,-10.0,0.0,-11.7,1019.5,3.1,6,6,1,2,24355.1,,Cold
2016-01-02 07:00:00,Hog_lodging_Shanti,207.58,-8.9,0.0,-11.7,1018.4,4.1,7,6,1,2,24355.1,,Cold
2016-01-02 08:00:00,Hog_lodging_Shanti,207.664,-8.9,0.0,-11.1,1017.8,2.6,8,6,1,2,24355.1,,Cold
2016-01-02 09:00:00,Hog_lodging_Shanti,208.978,-8.3,0.0,-11.1,1017.9,3.6,9,6,1,2,24355.1,,Cold
2016-01-02 10:00:00,Hog_lodging_Shanti,215.692,-6.7,0.0,-11.1,1017.2,4.1,10,6,1,2,24355.1,,Cold
2016-01-02 11:00:00,Hog_lodging_Shanti,214.237,-5.6,0.0,-10.6,1016.7,4.1,11,6,1,2,24355.1,,Cold
2016-01-02 12:00:00,Hog_lodging_Shanti,199.728,-2.8,0.0,-9.4,1015.5,4.6,12,6,1,2,24355.1,,Cold
2016-01-02 13:00:00,Hog_lodging_Shanti,198.255,-1.7,0.0,-8.9,1015.1,6.7,13,6,1,2,24355.1,,Cold
2016-01-02 14:00:00,Hog_lodging_Shanti,205.806,-1.1,0.0,-8.3,1014.7,5.1,14,6,1,2,24355.1,,Cold
2016-01-02 15:00:00,Hog_lodging_Shanti,209.9,-0.6,0.0,-8.3,1014.5,4.6,15,6,1,2,24355.1,,Cold
2016-01-02 16:00:00,Hog_lodging_Shanti,204.048,-0.6,0.0,-8.3,1015.2,4.6,16,6,1,2,24355.1,,Cold
2016-01-02 17:00:00,Hog_lodging_Shanti,198.061,-2.2,0.0,-8.3,1015.7,6.2,17,6,1,2,24355.1,,Cold
2016-01-02 18:00:00,Hog_lodging_Shanti,203.229,-2.8,0.0,-8.3,1016.2,4.6,18,6,1,2,24355.1,,Cold
2016-01-02 19:00:00,Hog_lodging_Shanti,210.495,-3.3,0.0,-8.9,1016.4,4.6,19,6,1,2,24355.1,,Cold
2016-01-02 20:00:00,Hog_lodging_Shanti,208.772,-4.4,0.0,-8.9,1017.5,4.6,20,6,1,2,24355.1,,Cold
2016-01-02 21:00:00,Hog_lodging_Shanti,201.101,-3.3,0.0,-8.3,1017.9,7.2,21,6,1,2,24355.1,,Cold
2016-01-02 22:00:00,Hog_lodging_Shanti,195.176,-3.9,0.0,-8.3,1018.7,7.2,22,6,1,2,24355.1,,Cold
2016-01-02 23:00:00,Hog_lodging_Shanti,196.41,-4.4,4.0,-8.3,1019.4,6.7,23,6,1,2,24355.1,,Cold
2016-01-03 00:00:00,Hog_lodging_Shanti,209.029,-3.9,8.0,-7.8,1019.9,6.2,0,7,1,3,24355.1,,Cold
2016-01-03 01:00:00,Hog_lodging_Shanti,204.561,-3.3,8.0,-7.2,1020.1,7.7,1,7,1,3,24355.1,,Cold
2016-01-03 02:00:00,Hog_lodging_Shanti,196.989,-2.8,8.0,-7.2,1020.9,6.2,2,7,1,3,24355.1,,Cold
2016-01-03 03:00:00,Hog_lodging_Shanti,198.787,-2.8,8.0,-6.7,1022.0,5.1,3,7,1,3,24355.1,,Cold
2016-01-03 04:00:00,Hog_lodging_Shanti,195.808,-2.8,8.0,-6.7,1022.7,6.7,4,7,1,3,24355.1,,Cold
2016-01-03 05:00:00,Hog_lodging_Shanti,214.061,-3.3,8.0,-6.7,1023.2,6.2,5,7,1,3,24355.1,,Cold
2016-01-03 06:00:00,Hog_lodging_Shanti,213.86,-2.8,8.0,-7.2,1023.9,5.1,6,7,1,3,24355.1,,Cold
2016-01-03 07:00:00,Hog_lodging_Shanti,203.416,-2.8,8.0,-6.7,1024.8,5.7,7,7,1,3,24355.1,,Cold
2016-01-03 08:00:00,Hog_lodging_Shanti,202.993,-2.8,8.0,-7.2,1025.5,4.6,8,7,1,3,24355.1,,Cold
2016-01-03 09:00:00,Hog_lodging_Shanti,209.936,-2.8,8.0,-6.7,1026.4,3.6,9,7,1,3,24355.1,,Cold
2016-01-03 10:00:00,Hog_lodging_Shanti,213.624,-2.8,8.0,-7.8,1027.2,6.7,10,7,1,3,24355.1,,Cold
2016-01-03 11:00:00,Hog_lodging_Shanti,210.477,-2.2,8.0,-7.2,1027.8,6.2,11,7,1,3,24355.1,,Cold
2016-01-03 12:00:00,Hog_lodging_Shanti,207.986,-2.2,8.0,-7.8,1027.4,4.6,12,7,1,3,24355.1,,Cold
2016-01-03 13:00:00,Hog_lodging_Shanti,205.004,-2.2,7.2,-7.8,1027.1,3.6,13,7,1,3,24355.1,,Cold
2016-01-03 14:00:00,Hog_lodging_Shanti,217.726,-2.8,6.4,-7.8,1027.3,4.1,14,7,1,3,24355.1,,Cold
2016-01-03 15:00:00,Hog_lodging_Shanti,220.843,-2.8,5.6,-7.8,1027.5,3.6,15,7,1,3,24355.1,,Cold
2016-01-03 16:00:00,Hog_lodging_Shanti,208.029,-2.2,5.6,-7.2,1027.8,3.6,16,7,1,3,24355.1,,Cold
2016-01-03 17:00:00,Hog_lodging_Shanti,205.747,-2.8,4.0,-7.8,1028.15,3.1,17,7,1,3,24355.1,,Cold
2016-01-03 18:00:00,Hog_lodging_Shanti,216.527,-2.8,2.0,-7.8,1028.5,2.6,18,7,1,3,24355.1,,Cold
2016-01-03 19:00:00,Hog_lodging_Shanti,225.643,-3.9,2.0,-7.8,1028.8,4.1,19,7,1,3,24355.1,,Cold
2016-01-03 20:00:00,Hog_lodging_Shanti,212.885,-5.0,0.0,-7.8,1029.2,3.6,20,7,1,3,24355.1,,Cold
2016-01-03 21:00:00,Hog_lodging_Shanti,206.896,-5.0,0.0,-7.8,1029.4,4.6,21,7,1,3,24355.1,,Cold
2016-01-03 22:00:00,Hog_lodging_Shanti,203.177,-6.1,0.0,-8.9,1029.7,4.1,22,7,1,3,24355.1,,Cold
2016-01-03 23:00:00,Hog_lodging_Shanti,209.061,-6.1,0.0,-8.9,1030.1,3.6,23,7,1,3,24355.1,,Cold
2016-01-04 00:00:00,Hog_lodging_Shanti,214.343,-6.7,0.0,-9.4,1030.4,4.1,0,1,1,4,24355.1,,Cold
2016-01-04 01:00:00,Hog_lodging_Shanti,202.06,-7.2,0.0,-9.4,1030.7,3.6,1,1,1,4,24355.1,,Cold
2016-01-04 02:00:00,Hog_lodging_Shanti,200.151,-7.8,0.0,-10.0,1031.3,2.1,2,1,1,4,24355.1,,Cold
2016-01-04 03:00:00,Hog_lodging_Shanti,204.997,-7.8,0.0,-10.0,1031.9,2.1,3,1,1,4,24355.1,,Cold
2016-01-04 04:00:00,Hog_lodging_Shanti,207.265,-8.9,0.0,-10.6,1032.3,0.0,4,1,1,4,24355.1,,Cold
2016-01-04 05:00:00,Hog_lodging_Shanti,211.522,-10.0,0.0,-11.7,1032.7,2.1,5,1,1,4,24355.1,,Cold
2016-01-04 06:00:00,Hog_lodging_Shanti,205.871,-11.1,0.0,-12.8,1032.9,0.0,6,1,1,4,24355.1,,Cold
2016-01-04 07:00:00,Hog_lodging_Shanti,212.45,-11.1,0.0,-12.8,1033.1,1.5,7,1,1,4,24355.1,,Cold
2016-01-04 08:00:00,Hog_lodging_Shanti,225.689,-11.7,0.0,-13.3,1033.6,1.5,8,1,1,4,24355.1,,Cold
2016-01-04 09:00:00,Hog_lodging_Shanti,219.552,-12.2,0.0,-13.9,1034.0,0.0,9,1,1,4,24355.1,,Cold
2016-01-04 10:00:00,Hog_lodging_Shanti,228.698,-10.6,0.0,-11.7,1034.5,2.1,10,1,1,4,24355.1,,Cold
2016-01-04 11:00:00,Hog_lodging_Shanti,228.567,-8.9,0.0,-11.1,1034.8,1.5,11,1,1,4,24355.1,,Cold
2016-01-04 12:00:00,Hog_lodging_Shanti,232.83,-6.7,2.0,-9.4,1034.1,2.1,12,1,1,4,24355.1,,Cold
2016-01-04 13:00:00,Hog_lodging_Shanti,232.077,-5.0,2.0,-8.9,1033.1,2.6,13,1,1,4,24355.1,,Cold
2016-01-04 14:00:00,Hog_lodging_Shanti,235.53,-3.3,2.0,-8.3,1032.5,3.6,14,1,1,4,24355.1,,Cold
2016-01-04 15:00:00,Hog_lodging_Shanti,231.241,-3.9,2.0,-8.9,1032.5,5.1,15,1,1,4,24355.1,,Cold
2016-01-04 16:00:00,Hog_lodging_Shanti,229.043,-5.0,2.0,-8.9,1032.6,4.6,16,1,1,4,24355.1,,Cold
2016-01-04 17:00:00,Hog_lodging_Shanti,227.024,-6.7,2.0,-10.0,1032.6,4.1,17,1,1,4,24355.1,,Cold
2016-01-04 18:00:00,Hog_lodging_Shanti,237.512,-7.2,8.0,-9.4,1032.3,3.1,18,1,1,4,24355.1,,Cold
2016-01-04 19:00:00,Hog_lodging_Shanti,234.198,-7.2,8.0,-8.9,1031.6,6.2,19,1,1,4,24355.1,,Cold
2016-01-04 20:00:00,Hog_lodging_Shanti,231.738,-7.2,8.0,-8.9,1031.1,5.7,20,1,1,4,24355.1,,Cold
2016-01-04 21:00:00,Hog_lodging_Shanti,224.778,-7.2,8.0,-8.3,1030.7,6.2,21,1,1,4,24355.1,,Cold
2016-01-04 22:00:00,Hog_lodging_Shanti,214.084,-6.7,8.0,-8.3,1030.0,7.2,22,1,1,4,24355.1,,Cold
2016-01-04 23:00:00,Hog_lodging_Shanti,202.958,-6.7,8.0,-8.3,1029.3,5.7,23,1,1,4,24355.1,,Cold
2016-01-05 00:00:00,Hog_lodging_Shanti,203.61,-6.7,8.0,-8.9,1028.7,7.7,0,2,1,5,24355.1,,Cold
2016-01-05 01:00:00,Hog_lodging_Shanti,211.875,-6.7,8.0,-8.9,1028.1,5.1,1,2,1,5,24355.1,,Cold
2016-01-05 02:00:00,Hog_lodging_Shanti,210.132,-6.7,8.0,-9.4,1028.0,6.2,2,2,1,5,24355.1,,Cold
2016-01-05 03:00:00,Hog_lodging_Shanti,201.604,-5.6,8.0,-8.3,1028.0,6.2,3,2,1,5,24355.1,,Cold
2016-01-05 04:00:00,Hog_lodging_Shanti,198.776,-5.0,8.0,-7.8,1027.4,4.6,4,2,1,5,24355.1,,Cold
2016-01-05 05:00:00,Hog_lodging_Shanti,206.701,-4.4,8.0,-7.2,1027.0,6.7,5,2,1,5,24355.1,,Cold
2016-01-05 06:00:00,Hog_lodging_Shanti,217.313,-4.4,8.0,-7.8,1026.6,5.7,6,2,1,5,24355.1,,Cold
2016-01-05 07:00:00,Hog_lodging_Shanti,219.313,-5.0,2.0,-8.3,1026.1,6.7,7,2,1,5,24355.1,,Cold
2016-01-05 08:00:00,Hog_lodging_Shanti,222.043,-5.6,2.0,-8.9,1025.4,6.2,8,2,1,5,24355.1,,Cold
2016-01-05 09:00:00,Hog_lodging_Shanti,232.469,-5.6,2.0,-8.9,1024.8,6.7,9,2,1,5,24355.1,,Cold
2016-01-05 10:00:00,Hog_lodging_Shanti,233.686,-3.9,2.0,-8.3,1024.3,6.7,10,2,1,5,24355.1,,Cold
2016-01-05 11:00:00,Hog_lodging_Shanti,236.551,-2.2,2.0,-7.8,1023.9,5.7,11,2,1,5,24355.1,,Cold
2016-01-05 12:00:00,Hog_lodging_Shanti,234.978,-1.1,2.0,-7.8,1023.0,6.7,12,2,1,5,24355.1,,Cold
2016-01-05 13:00:00,Hog_lodging_Shanti,231.173,-0.6,4.0,-7.2,1021.8,7.2,13,2,1,5,24355.1,,Cold
2016-01-05 14:00:00,Hog_lodging_Shanti,234.501,0.0,4.0,-7.2,1021.1,7.7,14,2,1,5,24355.1,,Cold
2016-01-05 15:00:00,Hog_lodging_Shanti,229.723,-0.6,4.5,-7.2,1020.5,5.1,15,2,1,5,24355.1,,Cold
2016-01-05 16:00:00,Hog_lodging_Shanti,228.898,-1.7,5.0,-7.2,1020.4,4.6,16,2,1,5,24355.1,,Cold
2016-01-05 17:00:00,Hog_lodging_Shanti,223.912,-3.3,5.5,-7.8,1020.1,6.2,17,2,1,5,24355.1,,Cold
2016-01-05 18:00:00,Hog_lodging_Shanti,236.669,-3.3,6.0,-7.8,1020.4,3.1,18,2,1,5,24355.1,,Cold
2016-01-05 19:00:00,Hog_lodging_Shanti,233.107,-4.4,5.333333333333333,-8.3,1020.5,3.6,19,2,1,5,24355.1,,Cold
2016-01-05 20:00:00,Hog_lodging_Shanti,230.608,-3.3,4.666666666666667,-7.2,1020.8,3.6,20,2,1,5,24355.1,,Cold
2016-01-05 21:00:00,Hog_lodging_Shanti,216.769,-3.3,4.0,-7.2,1020.6,4.6,21,2,1,5,24355.1,,Cold
2016-01-05 22:00:00,Hog_lodging_Shanti,202.293,-4.4,5.333333333333333,-7.8,1020.4,2.6,22,2,1,5,24355.1,,Cold
2016-01-05 23:00:00,Hog_lodging_Shanti,195.224,-3.9,6.666666666666666,-7.2,1020.3,3.1,23,2,1,5,24355.1,,Cold
2016-01-06 00:00:00,Hog_lodging_Shanti,207.828,-3.3,8.0,-6.7,1019.9,3.6,0,3,1,6,24355.1,,Cold
2016-01-06 01:00:00,Hog_lodging_Shanti,205.373,-2.8,5.333333333333334,-6.1,1019.5,3.1,1,3,1,6,24355.1,,Cold
2016-01-06 02:00:00,Hog_lodging_Shanti,194.877,-2.8,2.666666666666667,-6.1,1019.3,3.6,2,3,1,6,24355.1,,Cold
2016-01-06 03:00:00,Hog_lodging_Shanti,192.796,-4.4,0.0,-7.2,1019.4,3.1,3,3,1,6,24355.1,,Cold
2016-01-06 04:00:00,Hog_lodging_Shanti,192.703,-4.4,0.0,-7.2,1019.2,2.6,4,3,1,6,24355.1,,Cold
2016-01-06 05:00:00,Hog_lodging_Shanti,210.759,-5.0,4.0,-7.2,1019.0,2.1,5,3,1,6,24355.1,,Cold
2016-01-06 06:00:00,Hog_lodging_Shanti,212.207,-5.0,2.0,-7.2,1019.1,3.1,6,3,1,6,24355.1,,Cold
2016-01-06 07:00:00,Hog_lodging_Shanti,204.682,-4.4,3.0,-6.7,1019.2,2.6,7,3,1,6,24355.1,,Cold
2016-01-06 08:00:00,Hog_lodging_Shanti,223.483,-3.9,4.0,-6.1,1019.0,2.1,8,3,1,6,24355.1,,Cold
2016-01-06 09:00:00,Hog_lodging_Shanti,218.764,-2.8,5.0,-6.1,1019.3,3.6,9,3,1,6,24355.1,,Cold
2016-01-06 10:00:00,Hog_lodging_Shanti,220.463,-2.8,5.0,-6.1,1019.7,3.6,10,3,1,6,24355.1,,Cold
2016-01-06 11:00:00,Hog_lodging_Shanti,227.164,-1.7,5.0,-5.0,1019.7,3.1,11,3,1,6,24355.1,,Cold
2016-01-06 12:00:00,Hog_lodging_Shanti,225.274,-1.1,8.0,-5.0,1018.9,3.6,12,3,1,6,24355.1,,Cold
2016-01-06 13:00:00,Hog_lodging_Shanti,201.772,-0.6,8.0,-4.4,1018.3,3.1,13,3,1,6,24355.1,,Cold
2016-01-06 14:00:00,Hog_lodging_Shanti,182.677,0.0,8.0,-3.9,1017.7,3.1,14,3,1,6,24355.1,,Cold
2016-01-06 15:00:00,Hog_lodging_Shanti,175.051,0.0,8.0,-3.9,1017.5,3.6,15,3,1,6,24355.1,,Cold
2016-01-06 16:00:00,Hog_lodging_Shanti,187.113,0.0,8.0,-3.3,1017.3,4.1,16,3,1,6,24355.1,,Cold
2016-01-06 17:00:00,Hog_lodging_Shanti,231.885,-0.6,8.0,-2.8,1017.7,4.1,17,3,1,6,24355.1,,Cold
2016-01-06 18:00:00,Hog_lodging_Shanti,229.725,-0.6,8.0,-2.2,1017.8,4.1,18,3,1,6,24355.1,,Cold
2016-01-06 19:00:00,Hog_lodging_Shanti,223.73,-0.6,8.0,-2.2,1017.9,3.6,19,3,1,6,24355.1,,Cold
2016-01-06 20:00:00,Hog_lodging_Shanti,223.126,-0.6,8.0,-1.7,1018.1,2.6,20,3,1,6,24355.1,,Cold
2016-01-06 21:00:00,Hog_lodging_Shanti,215.699,-0.6,8.0,-1.7,1017.9,3.1,21,3,1,6,24355.1,,Cold
2016-01-06 22:00:00,Hog_lodging_Shanti,209.918,-0.6,8.0,-2.2,1017.5,3.6,22,3,1,6,24355.1,,Cold
2016-01-06 23:00:00,Hog_lodging_Shanti,194.288,-0.6,8.0,-2.2,1017.6,3.6,23,3,1,6,24355.1,,Cold
2016-01-07 00:00:00,Hog_lodging_Shanti,191.13,-0.6,8.0,-2.2,1017.3,3.1,0,4,1,7,24355.1,,Cold
2016-01-07 01:00:00,Hog_lodging_Shanti,201.038,-0.6,8.0,-2.2,1016.9,2.6,1,4,1,7,24355.1,,Cold
2016-01-07 02:00:00,Hog_lodging_Shanti,202.029,-0.6,8.0,-2.2,1016.6,2.6,2,4,1,7,24355.1,,Cold
2016-01-07 03:00:00,Hog_lodging_Shanti,194.565,-0.6,8.0,-2.2,1016.6,2.6,3,4,1,7,24355.1,,Cold
2016-01-07 04:00:00,Hog_lodging_Shanti,190.73,-0.6,8.0,-2.2,1016.3,3.1,4,4,1,7,24355.1,,Cold
2016-01-07 05:00:00,Hog_lodging_Shanti,197.852,-0.6,8.0,-2.2,1015.9,2.6,5,4,1,7,24355.1,,Cold
2016-01-07 06:00:00,Hog_lodging_Shanti,208.97,-0.6,8.0,-2.2,1015.9,3.1,6,4,1,7,24355.1,,Cold
2016-01-07 07:00:00,Hog_lodging_Shanti,212.872,-0.6,8.0,-2.2,1015.9,2.6,7,4,1,7,24355.1,,Cold
2016-01-07 08:00:00,Hog_lodging_Shanti,215.052,-0.6,8.0,-2.2,1015.9,2.6,8,4,1,7,24355.1,,Cold
2016-01-07 09:00:00,Hog_lodging_Shanti,216.541,-0.6,8.0,-1.7,1016.6,3.1,9,4,1,7,24355.1,,Cold
2016-01-07 10:00:00,Hog_lodging_Shanti,223.961,-0.6,8.0,-1.7,1016.4,2.6,10,4,1,7,24355.1,,Cold
2016-01-07 11:00:00,Hog_lodging_Shanti,223.761,0.0,8.0,-1.1,1016.4,2.6,11,4,1,7,24355.1,,Cold
2016-01-07 12:00:00,Hog_lodging_Shanti,225.055,0.6,8.0,-1.1,1015.5,2.1,12,4,1,7,24355.1,,Cold
2016-01-07 13:00:00,Hog_lodging_Shanti,225.555,0.6,8.0,-1.1,1014.5,2.1,13,4,1,7,24355.1,,Cold
2016-01-07 14:00:00,Hog_lodging_Shanti,225.601,0.6,8.0,-1.1,1014.0,2.6,14,4,1,7,24355.1,,Cold
2016-01-07 15:00:00,Hog_lodging_Shanti,229.145,0.6,8.0,-1.1,1014.0,3.1,15,4,1,7,24355.1,,Cold
2016-01-07 16:00:00,Hog_lodging_Shanti,223.484,0.6,8.0,-1.1,1014.3,2.6,16,4,1,7,24355.1,,Cold
2016-01-07 17:00:00,Hog_lodging_Shanti,220.854,0.6,8.0,-1.1,1014.3,3.1,17,4,1,7,24355.1,,Cold
2016-01-07 18:00:00,Hog_lodging_Shanti,225.022,1.1,8.0,-1.1,1014.0,2.6,18,4,1,7,24355.1,,Cold
2016-01-07 19:00:00,Hog_lodging_Shanti,216.246,0.6,8.0,-1.1,1014.0,2.6,19,4,1,7,24355.1,,Cold
2016-01-07 20:00:00,Hog_lodging_Shanti,212.029,0.6,8.0,-1.1,1013.9,1.5,20,4,1,7,24355.1,,Cold
2016-01-07 21:00:00,Hog_lodging_Shanti,210.124,1.1,8.0,-1.1,1013.3,2.6,21,4,1,7,24355.1,,Cold
2016-01-07 22:00:00,Hog_lodging_Shanti,198.775,0.6,8.0,-1.1,1013.1,3.1,22,4,1,7,24355.1,,Cold
2016-01-07 23:00:00,Hog_lodging_Shanti,192.224,0.6,8.0,-0.6,1012.6,2.1,23,4,1,7,24355.1,,Cold
2016-01-08 00:00:00,Hog_lodging_Shanti,204.129,0.6,8.0,-0.6,1012.2,1.5,0,5,1,8,24355.1,,Cold
2016-01-08 01:00:00,Hog_lodging_Shanti,207.33900000000003,0.6,8.0,-0.6,1011.5,1.5,1,5,1,8,24355.1,,Cold
2016-01-08 02:00:00,Hog_lodging_Shanti,195.064,0.0,8.0,-0.6,1011.1,2.1,2,5,1,8,24355.1,,Cold
2016-01-08 03:00:00,Hog_lodging_Shanti,191.722,0.0,8.0,-0.6,1011.0,2.6,3,5,1,8,24355.1,,Cold
2016-01-08 04:00:00,Hog_lodging_Shanti,193.315,0.0,8.0,-0.6,1010.6,2.1,4,5,1,8,24355.1,,Cold
2016-01-08 05:00:00,Hog_lodging_Shanti,210.435,0.0,8.0,-1.1,1010.3,3.1,5,5,1,8,24355.1,,Cold
2016-01-08 06:00:00,Hog_lodging_Shanti,206.18400000000003,0.0,8.0,-1.1,1010.1,2.1,6,5,1,8,24355.1,,Cold
2016-01-08 07:00:00,Hog_lodging_Shanti,201.666,0.0,8.0,-1.1,1010.4,3.6,7,5,1,8,24355.1,,Cold
2016-01-08 08:00:00,Hog_lodging_Shanti,220.957,0.0,8.0,-1.7,1010.1,4.6,8,5,1,8,24355.1,,Cold
2016-01-08 09:00:00,Hog_lodging_Shanti,225.491,0.0,8.0,-1.7,1010.5,4.1,9,5,1,8,24355.1,,Cold
2016-01-08 10:00:00,Hog_lodging_Shanti,216.319,0.6,8.0,-1.1,1010.5,4.1,10,5,1,8,24355.1,,Cold
2016-01-08 11:00:00,Hog_lodging_Shanti,211.585,0.6,8.0,-1.1,1010.6,4.1,11,5,1,8,24355.1,,Cold
2016-01-08 12:00:00,Hog_lodging_Shanti,215.879,0.6,8.0,-1.1,1009.8,4.6,12,5,1,8,24355.1,,Cold
2016-01-08 13:00:00,Hog_lodging_Shanti,215.785,0.6,8.0,-1.1,1009.5,4.6,13,5,1,8,24355.1,,Cold
2016-01-08 14:00:00,Hog_lodging_Shanti,220.091,1.1,8.0,-1.1,1009.3,3.6,14,5,1,8,24355.1,,Cold
2016-01-08 15:00:00,Hog_lodging_Shanti,219.879,1.1,8.0,-1.1,1009.6,3.1,15,5,1,8,24355.1,,Cold
2016-01-08 16:00:00,Hog_lodging_Shanti,218.572,0.6,8.0,-1.7,1009.8,6.2,16,5,1,8,24355.1,,Cold
2016-01-08 17:00:00,Hog_lodging_Shanti,213.243,0.0,8.0,-2.2,1010.6,4.6,17,5,1,8,24355.1,,Cold
2016-01-08 18:00:00,Hog_lodging_Shanti,214.252,-0.6,8.0,-2.8,1011.2,5.7,18,5,1,8,24355.1,,Cold
2016-01-08 19:00:00,Hog_lodging_Shanti,211.697,-1.7,8.0,-4.4,1011.7,6.7,19,5,1,8,24355.1,,Cold
2016-01-08 20:00:00,Hog_lodging_Shanti,211.172,-2.2,8.0,-5.0,1012.2,6.7,20,5,1,8,24355.1,,Cold
2016-01-08 21:00:00,Hog_lodging_Shanti,212.986,-3.3,8.0,-5.6,1012.6,6.7,21,5,1,8,24355.1,,Cold
2016-01-08 22:00:00,Hog_lodging_Shanti,203.937,-3.9,8.0,-6.1,1012.8,6.7,22,5,1,8,24355.1,,Cold
2016-01-08 23:00:00,Hog_lodging_Shanti,195.004,-3.9,8.0,-6.1,1013.3,6.7,23,5,1,8,24355.1,,Cold
2016-01-09 00:00:00,Hog_lodging_Shanti,206.363,-5.6,8.0,-8.3,1014.1,7.7,0,6,1,9,24355.1,,Cold
2016-01-09 01:00:00,Hog_lodging_Shanti,207.003,-6.7,8.0,-9.4,1014.6,6.2,1,6,1,9,24355.1,,Cold
2016-01-09 02:00:00,Hog_lodging_Shanti,199.314,-8.9,8.0,-11.7,1015.1,9.3,2,6,1,9,24355.1,,Cold
2016-01-09 03:00:00,Hog_lodging_Shanti,197.755,-10.0,8.0,-12.8,1015.9,7.7,3,6,1,9,24355.1,,Cold
2016-01-09 04:00:00,Hog_lodging_Shanti,202.156,-11.1,8.0,-14.4,1016.1,6.7,4,6,1,9,24355.1,,Cold
2016-01-09 05:00:00,Hog_lodging_Shanti,215.595,-12.8,8.0,-15.6,1016.7,7.7,5,6,1,9,24355.1,,Cold
2016-01-09 06:00:00,Hog_lodging_Shanti,215.792,-13.3,8.0,-16.7,1017.7,7.7,6,6,1,9,24355.1,,Cold
2016-01-09 07:00:00,Hog_lodging_Shanti,204.576,-13.9,8.0,-16.7,1018.8,5.1,7,6,1,9,24355.1,,Cold
2016-01-09 08:00:00,Hog_lodging_Shanti,207.269,-14.4,8.0,-17.8,1020.2,5.7,8,6,1,9,24355.1,,Cold
2016-01-09 09:00:00,Hog_lodging_Shanti,221.716,-15.0,8.0,-18.3,1020.7,5.7,9,6,1,9,24355.1,,Cold
2016-01-09 10:00:00,Hog_lodging_Shanti,225.528,-15.0,8.0,-18.3,1020.5,7.7,10,6,1,9,24355.1,,Cold
2016-01-09 11:00:00,Hog_lodging_Shanti,210.855,-13.9,8.0,-17.8,1020.9,8.2,11,6,1,9,24355.1,,Cold
2016-01-09 12:00:00,Hog_lodging_Shanti,206.535,-13.9,8.0,-17.8,1020.6,6.7,12,6,1,9,24355.1,,Cold
2016-01-09 13:00:00,Hog_lodging_Shanti,213.573,-15.0,7.0,-18.3,1020.3,8.2,13,6,1,9,24355.1,,Cold
2016-01-09 14:00:00,Hog_lodging_Shanti,224.23,-15.6,6.0,-19.4,1020.3,7.7,14,6,1,9,24355.1,,Cold
2016-01-09 15:00:00,Hog_lodging_Shanti,219.15,-15.0,5.0,-20.6,1020.9,6.2,15,6,1,9,24355.1,,Cold
2016-01-09 16:00:00,Hog_lodging_Shanti,205.712,-16.1,4.0,-21.1,1022.0,7.7,16,6,1,9,24355.1,,Cold
2016-01-09 17:00:00,Hog_lodging_Shanti,216.922,-16.7,5.0,-21.7,1022.9,6.2,17,6,1,9,24355.1,,Cold
2016-01-09 18:00:00,Hog_lodging_Shanti,232.523,-16.7,6.0,-21.7,1023.4,7.7,18,6,1,9,24355.1,,Cold
2016-01-09 19:00:00,Hog_lodging_Shanti,229.402,-17.2,2.0,-22.8,1023.7,6.2,19,6,1,9,24355.1,,Cold
2016-01-09 20:00:00,Hog_lodging_Shanti,227.914,-18.3,0.0,-23.3,1024.0,6.2,20,6,1,9,24355.1,,Cold
2016-01-09 21:00:00,Hog_lodging_Shanti,212.642,-18.9,0.0,-24.4,1024.5,6.2,21,6,1,9,24355.1,,Cold
2016-01-09 22:00:00,Hog_lodging_Shanti,230.784,-20.0,0.0,-25.0,1024.5,7.2,22,6,1,9,24355.1,,Cold
2016-01-09 23:00:00,Hog_lodging_Shanti,269.708,-20.6,0.0,-25.6,1024.7,5.7,23,6,1,9,24355.1,,Cold
2016-01-10 00:00:00,Hog_lodging_Shanti,236.291,-21.1,0.0,-26.1,1024.5,6.7,0,7,1,10,24355.1,,Cold
2016-01-10 01:00:00,Hog_lodging_Shanti,218.056,-21.7,0.0,-26.7,1024.5,4.6,1,7,1,10,24355.1,,Cold
2016-01-10 02:00:00,Hog_lodging_Shanti,238.968,-21.7,0.0,-26.7,1024.4,6.2,2,7,1,10,24355.1,,Cold
2016-01-10 03:00:00,Hog_lodging_Shanti,273.093,-22.2,0.0,-26.7,1024.6,6.7,3,7,1,10,24355.1,,Cold
2016-01-10 04:00:00,Hog_lodging_Shanti,252.952,-22.8,0.0,-26.7,1024.4,5.1,4,7,1,10,24355.1,,Cold
2016-01-10 05:00:00,Hog_lodging_Shanti,236.086,-22.8,0.0,-26.7,1024.5,4.6,5,7,1,10,24355.1,,Cold
2016-01-10 06:00:00,Hog_lodging_Shanti,205.868,-22.8,0.0,-26.1,1024.7,4.6,6,7,1,10,24355.1,,Cold
2016-01-10 07:00:00,Hog_lodging_Shanti,277.074,-23.3,0.0,-26.1,1024.6,4.6,7,7,1,10,24355.1,,Cold
2016-01-10 08:00:00,Hog_lodging_Shanti,278.698,-23.3,0.0,-26.7,1024.5,4.1,8,7,1,10,24355.1,,Cold
2016-01-10 09:00:00,Hog_lodging_Shanti,244.989,-22.8,0.0,-26.7,1024.4,4.1,9,7,1,10,24355.1,,Cold
2016-01-10 10:00:00,Hog_lodging_Shanti,231.641,-22.2,0.0,-26.7,1024.2,5.7,10,7,1,10,24355.1,,Cold
2016-01-10 11:00:00,Hog_lodging_Shanti,245.706,-21.1,0.0,-26.7,1024.1,5.1,11,7,1,10,24355.1,,Cold
2016-01-10 12:00:00,Hog_lodging_Shanti,277.267,-20.0,0.0,-26.1,1023.1,4.6,12,7,1,10,24355.1,,Cold
2016-01-10 13:00:00,Hog_lodging_Shanti,250.826,-19.4,0.0,-25.6,1022.2,4.6,13,7,1,10,24355.1,,Cold
2016-01-10 14:00:00,Hog_lodging_Shanti,211.104,-18.9,0.0,-25.0,1021.3,4.1,14,7,1,10,24355.1,,Cold
2016-01-10 15:00:00,Hog_lodging_Shanti,216.689,-18.3,0.0,-25.0,1021.0,3.6,15,7,1,10,24355.1,,Cold
2016-01-10 16:00:00,Hog_lodging_Shanti,240.793,-18.3,0.0,-25.0,1021.3,2.6,16,7,1,10,24355.1,,Cold
2016-01-10 17:00:00,Hog_lodging_Shanti,235.195,-18.9,0.0,-25.6,1021.2,3.1,17,7,1,10,24355.1,,Cold
2016-01-10 18:00:00,Hog_lodging_Shanti,248.115,-19.4,0.0,-25.6,1021.3,3.1,18,7,1,10,24355.1,,Cold
2016-01-10 19:00:00,Hog_lodging_Shanti,235.805,-20.0,0.0,-25.0,1021.2,2.6,19,7,1,10,24355.1,,Cold
2016-01-10 20:00:00,Hog_lodging_Shanti,263.243,-20.0,0.0,-24.4,1021.2,2.1,20,7,1,10,24355.1,,Cold
2016-01-10 21:00:00,Hog_lodging_Shanti,283.71,-20.6,0.0,-23.9,1021.1,2.1,21,7,1,10,24355.1,,Cold
2016-01-10 22:00:00,Hog_lodging_Shanti,246.37,-20.6,0.0,-23.9,1020.8,0.0,22,7,1,10,24355.1,,Cold
2016-01-10 23:00:00,Hog_lodging_Shanti,213.673,-21.1,0.0,-23.9,1020.8,0.0,23,7,1,10,24355.1,,Cold
2016-01-11 00:00:00,Hog_lodging_Shanti,223.513,-21.7,0.0,-24.4,1020.5,1.5,0,1,1,11,24355.1,,Cold
2016-01-11 01:00:00,Hog_lodging_Shanti,268.593,-21.1,0.0,-23.9,1019.9,0.0,1,1,1,11,24355.1,,Cold
2016-01-11 02:00:00,Hog_lodging_Shanti,262.119,-21.1,0.0,-23.9,1018.8,0.0,2,1,1,11,24355.1,,Cold
2016-01-11 03:00:00,Hog_lodging_Shanti,232.091,-21.7,0.0,-23.9,1018.7,1.5,3,1,1,11,24355.1,,Cold
2016-01-11 04:00:00,Hog_lodging_Shanti,204.356,-21.7,2.0,-24.4,1019.0,1.5,4,1,1,11,24355.1,,Cold
2016-01-11 05:00:00,Hog_lodging_Shanti,249.658,-22.8,4.0,-24.4,1018.8,1.5,5,1,1,11,24355.1,,Cold
2016-01-11 06:00:00,Hog_lodging_Shanti,274.805,-22.2,6.0,-25.0,1018.5,2.1,6,1,1,11,24355.1,,Cold
2016-01-11 07:00:00,Hog_lodging_Shanti,249.687,-22.2,5.0,-24.4,1018.5,2.6,7,1,1,11,24355.1,,Cold
2016-01-11 08:00:00,Hog_lodging_Shanti,227.529,-22.2,4.0,-25.0,1018.1,2.1,8,1,1,11,24355.1,,Cold
2016-01-11 09:00:00,Hog_lodging_Shanti,269.212,-21.7,2.0,-23.9,1017.7,1.5,9,1,1,11,24355.1,,Cold
2016-01-11 10:00:00,Hog_lodging_Shanti,288.589,-20.6,2.0,-22.8,1017.3,2.1,10,1,1,11,24355.1,,Cold
2016-01-11 11:00:00,Hog_lodging_Shanti,292.391,-17.8,4.0,-20.6,1016.4,2.1,11,1,1,11,24355.1,,Cold
2016-01-11 12:00:00,Hog_lodging_Shanti,286.046,-16.7,6.0,-20.0,1015.1,1.5,12,1,1,11,24355.1,,Cold
2016-01-11 13:00:00,Hog_lodging_Shanti,280.028,-16.1,6.6,-20.0,1013.1,3.1,13,1,1,11,24355.1,,Cold
2016-01-11 14:00:00,Hog_lodging_Shanti,280.146,-15.6,7.2,-19.4,1011.9,2.6,14,1,1,11,24355.1,,Cold
2016-01-11 15:00:00,Hog_lodging_Shanti,280.16900000000004,-15.0,7.8,-18.9,1011.3,2.6,15,1,1,11,24355.1,,Cold
2016-01-11 16:00:00,Hog_lodging_Shanti,273.076,-14.4,7.8,-18.9,1010.3,2.1,16,1,1,11,24355.1,,Cold
2016-01-11 17:00:00,Hog_lodging_Shanti,270.437,-15.0,9.0,-17.2,1010.2,2.6,17,1,1,11,24355.1,,Cold
2016-01-11 18:00:00,Hog_lodging_Shanti,276.214,-15.0,8.0,-17.8,1009.7,3.1,18,1,1,11,24355.1,,Cold
2016-01-11 19:00:00,Hog_lodging_Shanti,274.579,-14.4,6.5,-17.8,1009.5,2.6,19,1,1,11,24355.1,,Cold
2016-01-11 20:00:00,Hog_lodging_Shanti,271.626,-14.4,5.0,-17.2,1009.6,3.6,20,1,1,11,24355.1,,Cold
2016-01-11 21:00:00,Hog_lodging_Shanti,265.65,-15.0,3.5,-17.8,1010.0,5.7,21,1,1,11,24355.1,,Cold
2016-01-11 22:00:00,Hog_lodging_Shanti,239.833,-16.1,2.0,-18.9,1010.9,4.6,22,1,1,11,24355.1,,Cold
2016-01-11 23:00:00,Hog_lodging_Shanti,210.825,-16.7,2.0,-19.4,1011.9,4.6,23,1,1,11,24355.1,,Cold
2016-01-12 00:00:00,Hog_lodging_Shanti,226.921,-16.7,6.0,-19.4,1013.1,5.1,0,2,1,12,24355.1,,Cold
2016-01-12 01:00:00,Hog_lodging_Shanti,262.73,-17.2,2.0,-21.1,1014.2,8.2,1,2,1,12,24355.1,,Cold
2016-01-12 02:00:00,Hog_lodging_Shanti,237.78,-17.8,4.0,-21.1,1015.4,7.2,2,2,1,12,24355.1,,Cold
2016-01-12 03:00:00,Hog_lodging_Shanti,212.137,-17.8,2.0,-21.7,1017.0,4.6,3,2,1,12,24355.1,,Cold
2016-01-12 04:00:00,Hog_lodging_Shanti,209.08900000000003,-18.9,1.0,-22.2,1018.4,7.2,4,2,1,12,24355.1,,Cold
2016-01-12 05:00:00,Hog_lodging_Shanti,272.128,-20.0,0.0,-23.3,1019.5,6.7,5,2,1,12,24355.1,,Cold
2016-01-12 06:00:00,Hog_lodging_Shanti,252.699,-20.6,0.0,-23.9,1020.1,4.6,6,2,1,12,24355.1,,Cold
2016-01-12 07:00:00,Hog_lodging_Shanti,232.266,-21.1,0.0,-24.4,1021.2,5.7,7,2,1,12,24355.1,,Cold
2016-01-12 08:00:00,Hog_lodging_Shanti,244.212,-21.7,0.0,-25.0,1022.2,5.1,8,2,1,12,24355.1,,Cold
2016-01-12 09:00:00,Hog_lodging_Shanti,282.066,-21.1,0.0,-25.0,1023.1,6.2,9,2,1,12,24355.1,,Cold
2016-01-12 10:00:00,Hog_lodging_Shanti,282.241,-20.6,0.0,-25.0,1024.4,7.2,10,2,1,12,24355.1,,Cold
2016-01-12 11:00:00,Hog_lodging_Shanti,281.107,-19.4,0.0,-24.4,1024.4,5.7,11,2,1,12,24355.1,,Cold
2016-01-12 12:00:00,Hog_lodging_Shanti,276.387,-17.8,0.0,-23.9,1023.6,3.6,12,2,1,12,24355.1,,Cold
2016-01-12 13:00:00,Hog_lodging_Shanti,250.931,-17.2,0.0,-23.3,1023.6,4.1,13,2,1,12,24355.1,,Cold
2016-01-12 14:00:00,Hog_lodging_Shanti,232.068,-16.7,0.0,-22.8,1023.5,5.1,14,2,1,12,24355.1,,Cold
2016-01-12 15:00:00,Hog_lodging_Shanti,236.255,-16.7,0.0,-23.3,1023.3,5.1,15,2,1,12,24355.1,,Cold
2016-01-12 16:00:00,Hog_lodging_Shanti,235.565,-16.7,0.0,-22.8,1023.4,4.6,16,2,1,12,24355.1,,Cold
2016-01-12 17:00:00,Hog_lodging_Shanti,236.439,-17.2,0.0,-22.8,1023.6,4.6,17,2,1,12,24355.1,,Cold
2016-01-12 18:00:00,Hog_lodging_Shanti,241.657,-18.3,0.0,-22.8,1023.7,4.6,18,2,1,12,24355.1,,Cold
2016-01-12 19:00:00,Hog_lodging_Shanti,246.121,-18.3,0.0,-22.8,1023.9,3.6,19,2,1,12,24355.1,,Cold
2016-01-12 20:00:00,Hog_lodging_Shanti,241.36,-18.9,0.0,-22.2,1023.2,2.6,20,2,1,12,24355.1,,Cold
2016-01-12 21:00:00,Hog_lodging_Shanti,231.07,-18.9,0.0,-22.8,1022.4,3.6,21,2,1,12,24355.1,,Cold
2016-01-12 22:00:00,Hog_lodging_Shanti,226.351,-19.4,0.0,-22.8,1022.3,3.1,22,2,1,12,24355.1,,Cold
2016-01-12 23:00:00,Hog_lodging_Shanti,194.539,-19.4,0.0,-22.8,1022.0,1.5,23,2,1,12,24355.1,,Cold
2016-01-13 00:00:00,Hog_lodging_Shanti,246.907,-19.4,0.0,-22.8,1021.7,2.1,0,3,1,13,24355.1,,Cold
2016-01-13 01:00:00,Hog_lodging_Shanti,256.865,-20.0,0.0,-22.8,1020.6,1.5,1,3,1,13,24355.1,,Cold
2016-01-13 02:00:00,Hog_lodging_Shanti,221.493,-20.0,0.0,-22.8,1019.8,0.0,2,3,1,13,24355.1,,Cold
2016-01-13 03:00:00,Hog_lodging_Shanti,197.852,-20.0,2.0,-22.8,1019.2,2.1,3,3,1,13,24355.1,,Cold
2016-01-13 04:00:00,Hog_lodging_Shanti,209.29,-21.1,4.0,-23.3,1018.3,2.1,4,3,1,13,24355.1,,Cold
2016-01-13 05:00:00,Hog_lodging_Shanti,259.273,-19.4,6.0,-22.2,1016.9,2.6,5,3,1,13,24355.1,,Cold
2016-01-13 06:00:00,Hog_lodging_Shanti,244.64,-18.9,8.0,-21.7,1016.9,1.5,6,3,1,13,24355.1,,Cold
2016-01-13 07:00:00,Hog_lodging_Shanti,231.285,-17.8,8.0,-20.6,1015.9,2.1,7,3,1,13,24355.1,,Cold
2016-01-13 08:00:00,Hog_lodging_Shanti,237.26,-16.7,8.0,-19.4,1015.3,2.1,8,3,1,13,24355.1,,Cold
2016-01-13 09:00:00,Hog_lodging_Shanti,237.478,-16.1,8.0,-18.9,1014.8,2.1,9,3,1,13,24355.1,,Cold
2016-01-13 10:00:00,Hog_lodging_Shanti,241.648,-14.4,8.0,-17.2,1013.8,2.1,10,3,1,13,24355.1,,Cold
2016-01-13 11:00:00,Hog_lodging_Shanti,243.467,-12.8,8.0,-15.6,1013.1,0.0,11,3,1,13,24355.1,,Cold
2016-01-13 12:00:00,Hog_lodging_Shanti,232.737,-10.6,8.0,-14.4,1010.9,2.6,12,3,1,13,24355.1,,Cold
2016-01-13 13:00:00,Hog_lodging_Shanti,226.739,-7.2,6.0,-12.2,1009.8,1.5,13,3,1,13,24355.1,,Cold
2016-01-13 14:00:00,Hog_lodging_Shanti,231.201,-6.1,4.0,-10.6,1008.4,3.6,14,3,1,13,24355.1,,Cold
2016-01-13 15:00:00,Hog_lodging_Shanti,231.234,-5.6,2.0,-10.6,1007.7,4.1,15,3,1,13,24355.1,,Cold
2016-01-13 16:00:00,Hog_lodging_Shanti,228.658,-5.6,4.0,-10.6,1008.1,3.6,16,3,1,13,24355.1,,Cold
2016-01-13 17:00:00,Hog_lodging_Shanti,226.42,-6.7,6.0,-11.1,1008.2,1.5,17,3,1,13,24355.1,,Cold
2016-01-13 18:00:00,Hog_lodging_Shanti,233.09,-6.7,8.0,-11.1,1008.2,2.1,18,3,1,13,24355.1,,Cold
2016-01-13 19:00:00,Hog_lodging_Shanti,231.399,-7.2,8.0,-11.7,1008.2,1.5,19,3,1,13,24355.1,,Cold
2016-01-13 20:00:00,Hog_lodging_Shanti,230.181,-7.2,8.0,-11.1,1008.2,1.5,20,3,1,13,24355.1,,Cold
2016-01-13 21:00:00,Hog_lodging_Shanti,227.83,-8.3,8.0,-11.1,1007.6,0.0,21,3,1,13,24355.1,,Cold
2016-01-13 22:00:00,Hog_lodging_Shanti,211.92,-7.8,8.0,-11.1,1006.9,1.5,22,3,1,13,24355.1,,Cold
2016-01-13 23:00:00,Hog_lodging_Shanti,203.734,-7.8,8.0,-11.1,1006.7,2.1,23,3,1,13,24355.1,,Cold
2016-01-14 00:00:00,Hog_lodging_Shanti,209.049,-8.3,8.0,-11.1,1006.4,1.5,0,4,1,14,24355.1,,Cold
2016-01-14 01:00:00,Hog_lodging_Shanti,212.256,-8.9,8.0,-11.1,1005.5,2.1,1,4,1,14,24355.1,,Cold
2016-01-14 02:00:00,Hog_lodging_Shanti,203.517,-8.3,8.0,-11.1,1005.2,2.6,2,4,1,14,24355.1,,Cold
2016-01-14 03:00:00,Hog_lodging_Shanti,200.423,-7.8,8.0,-10.6,1004.6,4.1,3,4,1,14,24355.1,,Cold
2016-01-14 04:00:00,Hog_lodging_Shanti,198.204,-7.8,8.0,-10.6,1003.7,4.1,4,4,1,14,24355.1,,Cold
2016-01-14 05:00:00,Hog_lodging_Shanti,207.928,-7.8,8.0,-10.6,1003.6,4.6,5,4,1,14,24355.1,,Cold
2016-01-14 06:00:00,Hog_lodging_Shanti,211.17,-7.2,8.0,-10.6,1002.9,4.6,6,4,1,14,24355.1,,Cold
2016-01-14 07:00:00,Hog_lodging_Shanti,205.095,-7.2,6.0,-10.0,1003.2,3.6,7,4,1,14,24355.1,,Cold
2016-01-14 08:00:00,Hog_lodging_Shanti,226.115,-7.8,4.0,-10.6,1001.9,3.6,8,4,1,14,24355.1,,Cold
2016-01-14 09:00:00,Hog_lodging_Shanti,232.378,-7.2,4.0,-10.0,1001.8499999999999,4.1,9,4,1,14,24355.1,,Cold
2016-01-14 10:00:00,Hog_lodging_Shanti,235.453,-6.7,5.333333333333333,-9.4,1001.8,5.1,10,4,1,14,24355.1,,Cold
2016-01-14 11:00:00,Hog_lodging_Shanti,228.501,-5.6,6.666666666666666,-8.9,1001.6,5.1,11,4,1,14,24355.1,,Cold
2016-01-14 12:00:00,Hog_lodging_Shanti,231.322,-5.0,8.0,-7.8,1001.2,4.6,12,4,1,14,24355.1,,Cold
2016-01-14 13:00:00,Hog_lodging_Shanti,228.961,-4.4,8.0,-6.7,999.7,4.6,13,4,1,14,24355.1,,Cold
2016-01-14 14:00:00,Hog_lodging_Shanti,228.175,-4.4,8.0,-6.7,998.9,5.1,14,4,1,14,24355.1,,Cold
2016-01-14 15:00:00,Hog_lodging_Shanti,231.311,-3.9,8.0,-6.7,998.9,5.1,15,4,1,14,24355.1,,Cold
2016-01-14 16:00:00,Hog_lodging_Shanti,229.171,-3.9,8.0,-6.1,998.7,5.1,16,4,1,14,24355.1,,Cold
2016-01-14 17:00:00,Hog_lodging_Shanti,230.154,-3.9,8.0,-6.1,999.1,4.6,17,4,1,14,24355.1,,Cold
2016-01-14 18:00:00,Hog_lodging_Shanti,234.472,-3.3,8.0,-5.6,999.3,4.1,18,4,1,14,24355.1,,Cold
2016-01-14 19:00:00,Hog_lodging_Shanti,232.425,-3.3,8.0,-5.6,998.6,6.2,19,4,1,14,24355.1,,Cold
2016-01-14 20:00:00,Hog_lodging_Shanti,235.723,-3.3,8.0,-5.6,998.9,3.1,20,4,1,14,24355.1,,Cold
2016-01-14 21:00:00,Hog_lodging_Shanti,228.455,-3.3,8.0,-5.6,999.0,4.1,21,4,1,14,24355.1,,Cold
2016-01-14 22:00:00,Hog_lodging_Shanti,218.22,-3.9,8.0,-6.1,999.1,4.1,22,4,1,14,24355.1,,Cold
2016-01-14 23:00:00,Hog_lodging_Shanti,204.142,-4.4,8.0,-6.7,999.3,4.6,23,4,1,14,24355.1,,Cold
2016-01-15 00:00:00,Hog_lodging_Shanti,204.125,-5.0,8.0,-6.7,999.6,5.7,0,5,1,15,24355.1,,Cold
2016-01-15 01:00:00,Hog_lodging_Shanti,212.383,-5.0,8.0,-6.7,999.6,4.6,1,5,1,15,24355.1,,Cold
2016-01-15 02:00:00,Hog_lodging_Shanti,210.493,-5.0,8.0,-6.7,1000.0,3.6,2,5,1,15,24355.1,,Cold
2016-01-15 03:00:00,Hog_lodging_Shanti,210.616,-5.6,8.0,-7.2,1000.7,5.7,3,5,1,15,24355.1,,Cold
2016-01-15 04:00:00,Hog_lodging_Shanti,199.169,-5.6,8.0,-8.3,1001.4,4.6,4,5,1,15,24355.1,,Cold
2016-01-15 05:00:00,Hog_lodging_Shanti,200.279,-5.6,8.0,-7.8,1001.8,5.7,5,5,1,15,24355.1,,Cold
2016-01-15 06:00:00,Hog_lodging_Shanti,212.115,-5.6,8.0,-7.8,1002.1,5.1,6,5,1,15,24355.1,,Cold
2016-01-15 07:00:00,Hog_lodging_Shanti,216.807,-5.6,8.0,-8.3,1003.0,5.1,7,5,1,15,24355.1,,Cold
2016-01-15 08:00:00,Hog_lodging_Shanti,226.409,-5.6,8.0,-8.3,1003.5,6.7,8,5,1,15,24355.1,,Cold
2016-01-15 09:00:00,Hog_lodging_Shanti,244.367,-5.6,8.0,-8.3,1004.4,6.2,9,5,1,15,24355.1,,Cold
2016-01-15 10:00:00,Hog_lodging_Shanti,244.153,-5.6,8.0,-9.4,1005.1,6.7,10,5,1,15,24355.1,,Cold
2016-01-15 11:00:00,Hog_lodging_Shanti,252.947,-7.2,8.0,-10.6,1006.0,7.2,11,5,1,15,24355.1,,Cold
2016-01-15 12:00:00,Hog_lodging_Shanti,253.179,-7.2,8.0,-10.6,1005.7,7.2,12,5,1,15,24355.1,,Cold
2016-01-15 13:00:00,Hog_lodging_Shanti,244.795,-6.1,8.0,-10.0,1005.6,5.7,13,5,1,15,24355.1,,Cold
2016-01-15 14:00:00,Hog_lodging_Shanti,255.07,-6.1,8.0,-10.6,1005.7,8.2,14,5,1,15,24355.1,,Cold
2016-01-15 15:00:00,Hog_lodging_Shanti,248.269,-6.7,8.0,-10.6,1006.7,7.7,15,5,1,15,24355.1,,Cold
2016-01-15 16:00:00,Hog_lodging_Shanti,248.9,-6.7,8.0,-11.1,1007.9,7.2,16,5,1,15,24355.1,,Cold
2016-01-15 17:00:00,Hog_lodging_Shanti,248.133,-6.7,8.0,-11.1,1008.7,6.7,17,5,1,15,24355.1,,Cold
2016-01-15 18:00:00,Hog_lodging_Shanti,255.927,-6.7,8.0,-11.1,1009.7,6.2,18,5,1,15,24355.1,,Cold
2016-01-15 19:00:00,Hog_lodging_Shanti,238.945,-7.2,6.0,-12.8,1010.4,7.2,19,5,1,15,24355.1,,Cold
2016-01-15 20:00:00,Hog_lodging_Shanti,234.194,-8.9,4.0,-15.0,1011.5,5.7,20,5,1,15,24355.1,,Cold
2016-01-15 21:00:00,Hog_lodging_Shanti,240.355,-10.0,4.0,-17.2,1012.1,7.2,21,5,1,15,24355.1,,Cold
2016-01-15 22:00:00,Hog_lodging_Shanti,222.153,-10.6,5.333333333333333,-17.2,1012.6,5.7,22,5,1,15,24355.1,,Cold
2016-01-15 23:00:00,Hog_lodging_Shanti,215.179,-10.6,6.666666666666666,-16.7,1012.8,7.2,23,5,1,15,24355.1,,Cold
2016-01-16 00:00:00,Hog_lodging_Shanti,224.856,-11.1,8.0,-16.1,1013.1,5.7,0,6,1,16,24355.1,,Cold
2016-01-16 01:00:00,Hog_lodging_Shanti,226.292,-11.1,5.0,-16.7,1013.4,6.2,1,6,1,16,24355.1,,Cold
2016-01-16 02:00:00,Hog_lodging_Shanti,219.754,-12.8,2.0,-17.8,1014.1,6.2,2,6,1,16,24355.1,,Cold
2016-01-16 03:00:00,Hog_lodging_Shanti,209.13,-13.9,2.0,-19.4,1014.6,5.7,3,6,1,16,24355.1,,Cold
2016-01-16 04:00:00,Hog_lodging_Shanti,221.242,-15.0,0.0,-20.0,1015.3,6.2,4,6,1,16,24355.1,,Cold
2016-01-16 05:00:00,Hog_lodging_Shanti,239.875,-16.1,2.0,-20.6,1016.2,7.2,5,6,1,16,24355.1,,Cold
2016-01-16 06:00:00,Hog_lodging_Shanti,230.116,-16.7,6.0,-21.1,1016.8,6.2,6,6,1,16,24355.1,,Cold
2016-01-16 07:00:00,Hog_lodging_Shanti,242.605,-17.8,4.666666666666667,-23.3,1018.1,7.7,7,6,1,16,24355.1,,Cold
2016-01-16 08:00:00,Hog_lodging_Shanti,257.183,-18.3,3.3333333333333335,-24.4,1018.4,5.7,8,6,1,16,24355.1,,Cold
2016-01-16 09:00:00,Hog_lodging_Shanti,232.283,-18.9,2.0,-25.0,1018.8,7.2,9,6,1,16,24355.1,,Cold
2016-01-16 10:00:00,Hog_lodging_Shanti,300.65,-18.3,4.0,-23.9,1019.1,6.2,10,6,1,16,24355.1,,Cold
2016-01-16 11:00:00,Hog_lodging_Shanti,304.057,-17.8,6.0,-23.3,1019.2,6.7,11,6,1,16,24355.1,,Cold
2016-01-16 12:00:00,Hog_lodging_Shanti,276.16,-17.8,8.0,-22.8,1019.2,8.2,12,6,1,16,24355.1,,Cold
2016-01-16 13:00:00,Hog_lodging_Shanti,253.32,-17.2,6.666666666666667,-23.3,1018.9,8.2,13,6,1,16,24355.1,,Cold
2016-01-16 14:00:00,Hog_lodging_Shanti,268.831,-17.8,5.333333333333334,-23.3,1018.6,6.2,14,6,1,16,24355.1,,Cold
2016-01-16 15:00:00,Hog_lodging_Shanti,270.205,-17.2,4.0,-23.9,1018.8,7.2,15,6,1,16,24355.1,,Cold
2016-01-16 16:00:00,Hog_lodging_Shanti,266.16,-18.3,4.0,-25.0,1019.6,6.7,16,6,1,16,24355.1,,Cold
2016-01-16 17:00:00,Hog_lodging_Shanti,291.418,-19.4,4.0,-26.1,1020.0,6.7,17,6,1,16,24355.1,,Cold
2016-01-16 18:00:00,Hog_lodging_Shanti,293.134,-20.0,0.0,-25.6,1020.2,6.2,18,6,1,16,24355.1,,Cold
2016-01-16 19:00:00,Hog_lodging_Shanti,329.475,-20.6,2.0,-25.6,1020.4,6.2,19,6,1,16,24355.1,,Cold
2016-01-16 20:00:00,Hog_lodging_Shanti,309.89,-21.1,0.0,-26.1,1020.7,5.1,20,6,1,16,24355.1,,Cold
2016-01-16 21:00:00,Hog_lodging_Shanti,264.635,-21.7,0.0,-26.7,1020.9,6.2,21,6,1,16,24355.1,,Cold
2016-01-16 22:00:00,Hog_lodging_Shanti,229.685,-21.7,0.0,-26.7,1021.4,8.8,22,6,1,16,24355.1,,Cold
2016-01-16 23:00:00,Hog_lodging_Shanti,276.585,-22.2,4.0,-27.2,1021.8,6.2,23,6,1,16,24355.1,,Cold
2016-01-17 00:00:00,Hog_lodging_Shanti,292.843,-22.8,4.0,-27.8,1022.5,6.7,0,7,1,17,24355.1,,Cold
2016-01-17 01:00:00,Hog_lodging_Shanti,256.209,-23.3,2.0,-27.8,1022.2,5.1,1,7,1,17,24355.1,,Cold
2016-01-17 02:00:00,Hog_lodging_Shanti,247.134,-23.9,3.0,-27.8,1022.8,5.7,2,7,1,17,24355.1,,Cold
2016-01-17 03:00:00,Hog_lodging_Shanti,226.69,-24.4,4.0,-28.3,1023.2,4.1,3,7,1,17,24355.1,,Cold
2016-01-17 04:00:00,Hog_lodging_Shanti,282.758,-24.4,4.0,-28.3,1023.6,5.1,4,7,1,17,24355.1,,Cold
2016-01-17 05:00:00,Hog_lodging_Shanti,259.556,-25.0,4.0,-28.9,1024.0,4.1,5,7,1,17,24355.1,,Cold
2016-01-17 06:00:00,Hog_lodging_Shanti,242.205,-25.0,4.0,-28.9,1024.6,3.1,6,7,1,17,24355.1,,Cold
2016-01-17 07:00:00,Hog_lodging_Shanti,241.12,-25.6,2.0,-28.9,1025.1,4.1,7,7,1,17,24355.1,,Cold
2016-01-17 08:00:00,Hog_lodging_Shanti,296.043,-25.6,2.0,-29.4,1025.5,4.6,8,7,1,17,24355.1,,Cold
2016-01-17 09:00:00,Hog_lodging_Shanti,301.6690000000001,-25.0,0.0,-28.9,1025.9,5.7,9,7,1,17,24355.1,,Cold
2016-01-17 10:00:00,Hog_lodging_Shanti,280.796,-23.9,0.0,-28.9,1026.6,4.6,10,7,1,17,24355.1,,Cold
2016-01-17 11:00:00,Hog_lodging_Shanti,269.673,-22.2,0.0,-28.3,1027.4,4.6,11,7,1,17,24355.1,,Cold
2016-01-17 12:00:00,Hog_lodging_Shanti,281.384,-21.1,0.0,-27.2,1027.0,4.1,12,7,1,17,24355.1,,Cold
2016-01-17 13:00:00,Hog_lodging_Shanti,329.6330000000001,-20.6,0.0,-26.7,1026.6,5.7,13,7,1,17,24355.1,,Cold
2016-01-17 14:00:00,Hog_lodging_Shanti,285.741,-20.0,0.0,-26.7,1026.2,6.2,14,7,1,17,24355.1,,Cold
2016-01-17 15:00:00,Hog_lodging_Shanti,270.052,-19.4,0.0,-26.1,1026.5,5.7,15,7,1,17,24355.1,,Cold
2016-01-17 16:00:00,Hog_lodging_Shanti,286.089,-19.4,0.0,-26.1,1026.7,5.7,16,7,1,17,24355.1,,Cold
2016-01-17 17:00:00,Hog_lodging_Shanti,355.636,-20.0,0.0,-26.1,1027.2,5.1,17,7,1,17,24355.1,,Cold
2016-01-17 18:00:00,Hog_lodging_Shanti,363.395,-20.6,0.0,-26.7,1027.8,5.1,18,7,1,17,24355.1,,Cold
2016-01-17 19:00:00,Hog_lodging_Shanti,339.702,-21.1,0.0,-26.1,1028.0,4.6,19,7,1,17,24355.1,,Cold
2016-01-17 20:00:00,Hog_lodging_Shanti,332.497,-21.7,0.0,-26.1,1028.4,5.1,20,7,1,17,24355.1,,Cold
2016-01-17 21:00:00,Hog_lodging_Shanti,301.504,-21.7,0.0,-26.7,1028.7,4.1,21,7,1,17,24355.1,,Cold
2016-01-17 22:00:00,Hog_lodging_Shanti,353.802,-22.2,0.0,-26.7,1028.9,4.1,22,7,1,17,24355.1,,Cold
2016-01-17 23:00:00,Hog_lodging_Shanti,325.591,-22.8,0.0,-27.2,1028.8,3.6,23,7,1,17,24355.1,,Cold
2016-01-18 00:00:00,Hog_lodging_Shanti,284.726,-23.3,0.0,-27.2,1029.2,3.6,0,1,1,18,24355.1,,Cold
2016-01-18 01:00:00,Hog_lodging_Shanti,261.665,-23.3,0.0,-27.8,1028.8,4.1,1,1,1,18,24355.1,,Cold
2016-01-18 02:00:00,Hog_lodging_Shanti,257.103,-24.4,0.0,-27.8,1029.2,3.6,2,1,1,18,24355.1,,Cold
2016-01-18 03:00:00,Hog_lodging_Shanti,296.437,-24.4,0.0,-28.3,1029.5,3.6,3,1,1,18,24355.1,,Cold
2016-01-18 04:00:00,Hog_lodging_Shanti,256.746,-24.4,0.0,-28.3,1029.4,3.1,4,1,1,18,24355.1,,Cold
2016-01-18 05:00:00,Hog_lodging_Shanti,243.506,-24.4,0.0,-28.3,1030.2,4.1,5,1,1,18,24355.1,,Cold
2016-01-18 06:00:00,Hog_lodging_Shanti,233.333,-24.4,2.0,-28.3,1030.3,2.6,6,1,1,18,24355.1,,Cold
2016-01-18 07:00:00,Hog_lodging_Shanti,297.856,-23.9,2.6666666666666665,-27.8,1030.3,3.6,7,1,1,18,24355.1,,Cold
2016-01-18 08:00:00,Hog_lodging_Shanti,280.54200000000003,-23.3,3.333333333333333,-27.2,1030.1,4.1,8,1,1,18,24355.1,,Cold
2016-01-18 09:00:00,Hog_lodging_Shanti,281.249,-22.8,4.0,-26.7,1031.0,5.7,9,1,1,18,24355.1,,Cold
2016-01-18 10:00:00,Hog_lodging_Shanti,292.2870000000001,-21.7,4.0,-25.6,1031.5,4.1,10,1,1,18,24355.1,,Cold
2016-01-18 11:00:00,Hog_lodging_Shanti,353.994,-20.6,4.0,-25.0,1031.5,4.1,11,1,1,18,24355.1,,Cold
2016-01-18 12:00:00,Hog_lodging_Shanti,354.884,-19.4,6.0,-23.9,1030.6,4.1,12,1,1,18,24355.1,,Cold
2016-01-18 13:00:00,Hog_lodging_Shanti,315.715,-18.3,5.5,-23.3,1029.3,3.6,13,1,1,18,24355.1,,Cold
2016-01-18 14:00:00,Hog_lodging_Shanti,313.221,-17.8,5.0,-22.8,1029.4,5.1,14,1,1,18,24355.1,,Cold
2016-01-18 15:00:00,Hog_lodging_Shanti,321.491,-17.2,4.5,-22.8,1029.1,5.7,15,1,1,18,24355.1,,Cold
2016-01-18 16:00:00,Hog_lodging_Shanti,321.584,-17.2,4.0,-22.8,1029.3,5.1,16,1,1,18,24355.1,,Cold
2016-01-18 17:00:00,Hog_lodging_Shanti,342.652,-17.8,2.0,-22.8,1029.8,3.1,17,1,1,18,24355.1,,Cold
2016-01-18 18:00:00,Hog_lodging_Shanti,347.07199999999995,-18.3,2.0,-22.8,1029.9,2.6,18,1,1,18,24355.1,,Cold
2016-01-18 19:00:00,Hog_lodging_Shanti,330.664,-18.3,2.0,-22.8,1030.4,2.1,19,1,1,18,24355.1,,Cold
2016-01-18 20:00:00,Hog_lodging_Shanti,352.819,-18.9,0.0,-22.8,1030.9,2.1,20,1,1,18,24355.1,,Cold
2016-01-18 21:00:00,Hog_lodging_Shanti,341.481,-18.9,0.0,-22.8,1031.2,1.5,21,1,1,18,24355.1,,Cold
2016-01-18 22:00:00,Hog_lodging_Shanti,324.378,-18.9,1.0,-22.8,1031.7,0.0,22,1,1,18,24355.1,,Cold
2016-01-18 23:00:00,Hog_lodging_Shanti,295.28,-19.4,2.0,-22.8,1031.7,0.0,23,1,1,18,24355.1,,Cold
2016-01-19 00:00:00,Hog_lodging_Shanti,298.1790000000001,-20.0,2.0,-22.8,1031.7,0.0,0,2,1,19,24355.1,,Cold
2016-01-19 01:00:00,Hog_lodging_Shanti,304.582,-20.0,2.0,-22.8,1032.0,0.0,1,2,1,19,24355.1,,Cold
2016-01-19 02:00:00,Hog_lodging_Shanti,272.327,-19.4,2.0,-22.2,1032.5,1.5,2,2,1,19,24355.1,,Cold
2016-01-19 03:00:00,Hog_lodging_Shanti,242.28,-19.4,2.0,-22.8,1033.1,2.1,3,2,1,19,24355.1,,Cold
2016-01-19 04:00:00,Hog_lodging_Shanti,221.508,-20.6,2.0,-23.3,1032.7,0.0,4,2,1,19,24355.1,,Cold
2016-01-19 05:00:00,Hog_lodging_Shanti,275.601,-20.6,4.0,-23.3,1033.1,0.0,5,2,1,19,24355.1,,Cold
2016-01-19 06:00:00,Hog_lodging_Shanti,285.998,-20.6,2.0,-23.9,1033.6,0.0,6,2,1,19,24355.1,,Cold
2016-01-19 07:00:00,Hog_lodging_Shanti,291.543,-21.1,0.0,-23.3,1033.4,0.0,7,2,1,19,24355.1,,Cold
2016-01-19 08:00:00,Hog_lodging_Shanti,298.106,-20.6,1.2,-23.3,1034.3,1.5,8,2,1,19,24355.1,,Cold
2016-01-19 09:00:00,Hog_lodging_Shanti,329.809,-19.4,2.4,-22.2,1034.3,2.1,9,2,1,19,24355.1,,Cold
2016-01-19 10:00:00,Hog_lodging_Shanti,374.445,-18.3,3.5999999999999996,-21.1,1034.6,0.0,10,2,1,19,24355.1,,Cold
2016-01-19 11:00:00,Hog_lodging_Shanti,358.2940000000001,-16.7,3.5999999999999996,-20.6,1034.7,1.5,11,2,1,19,24355.1,,Cold
2016-01-19 12:00:00,Hog_lodging_Shanti,334.997,-16.1,6.0,-21.7,1033.8,3.1,12,2,1,19,24355.1,,Cold
2016-01-19 13:00:00,Hog_lodging_Shanti,338.6,-15.0,6.333333333333333,-20.6,1032.8,2.6,13,2,1,19,24355.1,,Cold
2016-01-19 14:00:00,Hog_lodging_Shanti,334.016,-15.0,6.666666666666667,-20.6,1032.0,2.1,14,2,1,19,24355.1,,Cold
2016-01-19 15:00:00,Hog_lodging_Shanti,320.898,-14.4,7.0,-20.6,1031.5,3.6,15,2,1,19,24355.1,,Cold
2016-01-19 16:00:00,Hog_lodging_Shanti,319.587,-14.4,7.0,-20.6,1030.8,2.1,16,2,1,19,24355.1,,Cold
2016-01-19 17:00:00,Hog_lodging_Shanti,345.19199999999995,-14.4,7.0,-20.0,1031.1,2.6,17,2,1,19,24355.1,,Cold
2016-01-19 18:00:00,Hog_lodging_Shanti,351.55400000000014,-14.4,8.0,-20.0,1030.7,3.1,18,2,1,19,24355.1,,Cold
2016-01-19 19:00:00,Hog_lodging_Shanti,355.217,-14.4,8.0,-20.0,1030.2,3.6,19,2,1,19,24355.1,,Cold
2016-01-19 20:00:00,Hog_lodging_Shanti,348.436,-14.4,8.0,-19.4,1029.7,3.1,20,2,1,19,24355.1,,Cold
2016-01-19 21:00:00,Hog_lodging_Shanti,332.712,-14.4,8.0,-18.9,1029.0,3.1,21,2,1,19,24355.1,,Cold
2016-01-19 22:00:00,Hog_lodging_Shanti,335.965,-14.4,8.0,-18.3,1028.4,3.6,22,2,1,19,24355.1,,Cold
2016-01-19 23:00:00,Hog_lodging_Shanti,300.903,-13.9,8.0,-17.8,1027.7,4.1,23,2,1,19,24355.1,,Cold
2016-01-20 00:00:00,Hog_lodging_Shanti,283.077,-13.9,8.0,-17.2,1026.9,4.1,0,3,1,20,24355.1,,Cold
2016-01-20 01:00:00,Hog_lodging_Shanti,267.649,-13.3,8.0,-16.7,1026.1,3.1,1,3,1,20,24355.1,,Cold
2016-01-20 02:00:00,Hog_lodging_Shanti,243.66,-13.3,8.0,-15.6,1025.8,2.1,2,3,1,20,24355.1,,Cold
2016-01-20 03:00:00,Hog_lodging_Shanti,240.897,-12.8,8.0,-15.0,1025.4,2.6,3,3,1,20,24355.1,,Cold
2016-01-20 04:00:00,Hog_lodging_Shanti,244.538,-12.2,8.0,-15.0,1024.7,3.1,4,3,1,20,24355.1,,Cold
2016-01-20 05:00:00,Hog_lodging_Shanti,242.34,-11.7,8.0,-14.4,1023.9,3.1,5,3,1,20,24355.1,,Cold
2016-01-20 06:00:00,Hog_lodging_Shanti,246.168,-11.1,8.0,-13.9,1023.5,4.1,6,3,1,20,24355.1,,Cold
2016-01-20 07:00:00,Hog_lodging_Shanti,264.194,-11.1,8.0,-13.9,1023.6,3.6,7,3,1,20,24355.1,,Cold
2016-01-20 08:00:00,Hog_lodging_Shanti,308.4290000000001,-10.6,8.0,-13.3,1023.7,3.6,8,3,1,20,24355.1,,Cold
2016-01-20 09:00:00,Hog_lodging_Shanti,311.559,-10.0,8.0,-12.8,1023.5,2.6,9,3,1,20,24355.1,,Cold
2016-01-20 10:00:00,Hog_lodging_Shanti,320.735,-9.4,8.0,-12.2,1023.1,3.1,10,3,1,20,24355.1,,Cold
2016-01-20 11:00:00,Hog_lodging_Shanti,310.812,-8.9,8.0,-11.7,1022.9,3.6,11,3,1,20,24355.1,,Cold
2016-01-20 12:00:00,Hog_lodging_Shanti,318.713,-8.3,8.0,-11.7,1022.9,3.6,12,3,1,20,24355.1,,Cold
2016-01-20 13:00:00,Hog_lodging_Shanti,325.913,-7.2,8.0,-11.1,1021.4,3.1,13,3,1,20,24355.1,,Cold
2016-01-20 14:00:00,Hog_lodging_Shanti,323.524,-6.7,8.0,-10.0,1021.0,2.6,14,3,1,20,24355.1,,Cold
2016-01-20 15:00:00,Hog_lodging_Shanti,317.315,-6.7,8.0,-10.0,1021.3,3.1,15,3,1,20,24355.1,,Cold
2016-01-20 16:00:00,Hog_lodging_Shanti,295.189,-6.1,8.0,-9.4,1021.5,3.6,16,3,1,20,24355.1,,Cold
2016-01-20 17:00:00,Hog_lodging_Shanti,334.754,-6.1,8.0,-9.4,1021.4,3.1,17,3,1,20,24355.1,,Cold
2016-01-20 18:00:00,Hog_lodging_Shanti,344.14,-5.6,8.0,-9.4,1022.4,2.1,18,3,1,20,24355.1,,Cold
2016-01-20 19:00:00,Hog_lodging_Shanti,340.834,-6.1,8.0,-9.4,1023.2,3.1,19,3,1,20,24355.1,,Cold
2016-01-20 20:00:00,Hog_lodging_Shanti,343.37,-6.1,8.0,-9.4,1023.7,3.1,20,3,1,20,24355.1,,Cold
2016-01-20 21:00:00,Hog_lodging_Shanti,326.281,-6.1,8.0,-8.9,1023.6,1.5,21,3,1,20,24355.1,,Cold
2016-01-20 22:00:00,Hog_lodging_Shanti,310.11,-6.1,8.0,-8.9,1023.8,0.0,22,3,1,20,24355.1,,Cold
2016-01-20 23:00:00,Hog_lodging_Shanti,301.095,-6.1,8.0,-8.9,1024.4,1.5,23,3,1,20,24355.1,,Cold
2016-01-21 00:00:00,Hog_lodging_Shanti,282.834,-6.7,8.0,-8.9,1025.3,1.5,0,4,1,21,24355.1,,Cold
2016-01-21 01:00:00,Hog_lodging_Shanti,265.612,-6.1,8.0,-8.9,1025.4,0.0,1,4,1,21,24355.1,,Cold
2016-01-21 02:00:00,Hog_lodging_Shanti,240.447,-6.1,8.0,-8.3,1025.7,1.5,2,4,1,21,24355.1,,Cold
2016-01-21 03:00:00,Hog_lodging_Shanti,231.128,-6.1,8.0,-8.3,1026.0,2.1,3,4,1,21,24355.1,,Cold
2016-01-21 04:00:00,Hog_lodging_Shanti,227.261,-6.1,8.0,-8.3,1026.5,1.5,4,4,1,21,24355.1,,Cold
2016-01-21 05:00:00,Hog_lodging_Shanti,228.863,-6.1,8.0,-8.3,1026.7,0.0,5,4,1,21,24355.1,,Cold
2016-01-21 06:00:00,Hog_lodging_Shanti,239.562,-6.1,8.0,-8.3,1027.3,1.5,6,4,1,21,24355.1,,Cold
2016-01-21 07:00:00,Hog_lodging_Shanti,261.149,-6.1,8.0,-8.3,1027.8,1.5,7,4,1,21,24355.1,,Cold
2016-01-21 08:00:00,Hog_lodging_Shanti,291.789,-6.1,8.0,-7.8,1028.1,0.0,8,4,1,21,24355.1,,Cold
2016-01-21 09:00:00,Hog_lodging_Shanti,295.819,-5.6,8.0,-7.8,1028.5,0.0,9,4,1,21,24355.1,,Cold
2016-01-21 10:00:00,Hog_lodging_Shanti,318.435,-5.0,8.0,-7.8,1028.9,0.0,10,4,1,21,24355.1,,Cold
2016-01-21 11:00:00,Hog_lodging_Shanti,314.757,-4.4,8.0,-7.2,1029.0,1.5,11,4,1,21,24355.1,,Cold
2016-01-21 12:00:00,Hog_lodging_Shanti,319.066,-5.0,8.0,-7.8,1028.8,2.6,12,4,1,21,24355.1,,Cold
2016-01-21 13:00:00,Hog_lodging_Shanti,325.462,-5.0,8.0,-7.8,1028.8,2.1,13,4,1,21,24355.1,,Cold
2016-01-21 14:00:00,Hog_lodging_Shanti,327.16,-5.0,8.0,-7.8,1028.7,3.1,14,4,1,21,24355.1,,Cold
2016-01-21 15:00:00,Hog_lodging_Shanti,306.074,-5.0,8.0,-8.3,1028.8,4.6,15,4,1,21,24355.1,,Cold
2016-01-21 16:00:00,Hog_lodging_Shanti,321.893,-6.1,8.0,-8.3,1029.2,4.6,16,4,1,21,24355.1,,Cold
2016-01-21 17:00:00,Hog_lodging_Shanti,342.282,-6.1,8.0,-8.9,1029.5,2.6,17,4,1,21,24355.1,,Cold
2016-01-21 18:00:00,Hog_lodging_Shanti,337.1269999999999,-6.1,8.0,-9.4,1029.6,1.5,18,4,1,21,24355.1,,Cold
2016-01-21 19:00:00,Hog_lodging_Shanti,353.167,-6.1,8.0,-10.0,1029.8,3.6,19,4,1,21,24355.1,,Cold
2016-01-21 20:00:00,Hog_lodging_Shanti,339.3040000000001,-6.1,8.0,-10.0,1029.9,2.1,20,4,1,21,24355.1,,Cold
2016-01-21 21:00:00,Hog_lodging_Shanti,322.237,-6.1,8.0,-10.0,1030.2,2.6,21,4,1,21,24355.1,,Cold
2016-01-21 22:00:00,Hog_lodging_Shanti,311.906,-6.1,8.0,-10.0,1030.3,3.1,22,4,1,21,24355.1,,Cold
2016-01-21 23:00:00,Hog_lodging_Shanti,296.033,-6.1,8.0,-10.0,1030.6,2.6,23,4,1,21,24355.1,,Cold
2016-01-22 00:00:00,Hog_lodging_Shanti,276.79,-6.1,8.0,-10.0,1030.8,2.6,0,5,1,22,24355.1,,Cold
2016-01-22 01:00:00,Hog_lodging_Shanti,263.331,-6.7,8.0,-10.0,1030.6,3.1,1,5,1,22,24355.1,,Cold
2016-01-22 02:00:00,Hog_lodging_Shanti,244.06,-6.7,8.0,-10.0,1030.5,3.1,2,5,1,22,24355.1,,Cold
2016-01-22 03:00:00,Hog_lodging_Shanti,230.08,-6.7,8.0,-10.6,1030.4,2.6,3,5,1,22,24355.1,,Cold
2016-01-22 04:00:00,Hog_lodging_Shanti,224.896,-7.2,8.0,-11.1,1030.4,3.1,4,5,1,22,24355.1,,Cold
2016-01-22 05:00:00,Hog_lodging_Shanti,226.12,-7.2,8.0,-10.6,1030.9,3.6,5,5,1,22,24355.1,,Cold
2016-01-22 06:00:00,Hog_lodging_Shanti,238.675,-7.2,8.0,-11.1,1030.9,3.6,6,5,1,22,24355.1,,Cold
2016-01-22 07:00:00,Hog_lodging_Shanti,253.921,-7.2,8.0,-11.7,1031.6,3.6,7,5,1,22,24355.1,,Cold
2016-01-22 08:00:00,Hog_lodging_Shanti,279.713,-7.8,8.0,-11.7,1031.8,3.1,8,5,1,22,24355.1,,Cold
2016-01-22 09:00:00,Hog_lodging_Shanti,289.355,-7.2,8.0,-11.1,1032.8,3.1,9,5,1,22,24355.1,,Cold
2016-01-22 10:00:00,Hog_lodging_Shanti,307.939,-7.2,8.0,-11.1,1033.0,4.1,10,5,1,22,24355.1,,Cold
2016-01-22 11:00:00,Hog_lodging_Shanti,314.916,-6.7,8.0,-11.1,1033.0,3.6,11,5,1,22,24355.1,,Cold
2016-01-22 12:00:00,Hog_lodging_Shanti,323.086,-6.1,8.0,-10.6,1031.7,2.6,12,5,1,22,24355.1,,Cold
2016-01-22 13:00:00,Hog_lodging_Shanti,320.765,-5.6,8.0,-10.6,1031.2,2.1,13,5,1,22,24355.1,,Cold
2016-01-22 14:00:00,Hog_lodging_Shanti,349.6930000000001,-4.4,8.0,-11.1,1030.5,2.6,14,5,1,22,24355.1,,Cold
2016-01-22 15:00:00,Hog_lodging_Shanti,308.621,-4.4,8.0,-11.1,1030.3,2.6,15,5,1,22,24355.1,,Cold
2016-01-22 16:00:00,Hog_lodging_Shanti,318.147,-5.0,8.0,-11.7,1029.9,2.6,16,5,1,22,24355.1,,Cold
2016-01-22 17:00:00,Hog_lodging_Shanti,328.879,-5.0,8.0,-11.1,1030.1,0.0,17,5,1,22,24355.1,,Cold
2016-01-22 18:00:00,Hog_lodging_Shanti,345.205,-5.6,8.0,-11.1,1030.2,0.0,18,5,1,22,24355.1,,Cold
2016-01-22 19:00:00,Hog_lodging_Shanti,337.662,-5.6,4.0,-11.1,1029.7,2.1,19,5,1,22,24355.1,,Cold
2016-01-22 20:00:00,Hog_lodging_Shanti,318.935,-6.7,2.0,-11.7,1029.7,2.1,20,5,1,22,24355.1,,Cold
2016-01-22 21:00:00,Hog_lodging_Shanti,297.408,-6.1,3.5,-11.1,1029.6,2.6,21,5,1,22,24355.1,,Cold
2016-01-22 22:00:00,Hog_lodging_Shanti,274.959,-6.1,5.0,-11.1,1029.0,3.1,22,5,1,22,24355.1,,Cold
2016-01-22 23:00:00,Hog_lodging_Shanti,266.517,-6.1,6.5,-11.1,1028.8,3.1,23,5,1,22,24355.1,,Cold
2016-01-23 00:00:00,Hog_lodging_Shanti,268.246,-6.7,8.0,-11.1,1028.1,3.1,0,6,1,23,24355.1,,Cold
2016-01-23 01:00:00,Hog_lodging_Shanti,267.009,-6.7,8.0,-11.1,1026.9,3.1,1,6,1,23,24355.1,,Cold
2016-01-23 02:00:00,Hog_lodging_Shanti,254.968,-6.7,8.0,-11.1,1025.9,4.1,2,6,1,23,24355.1,,Cold
2016-01-23 03:00:00,Hog_lodging_Shanti,236.395,-6.7,8.0,-11.1,1025.9,4.1,3,6,1,23,24355.1,,Cold
2016-01-23 04:00:00,Hog_lodging_Shanti,223.963,-7.2,8.0,-11.1,1024.9,6.2,4,6,1,23,24355.1,,Cold
2016-01-23 05:00:00,Hog_lodging_Shanti,225.511,-7.2,8.0,-11.1,1023.9,4.6,5,6,1,23,24355.1,,Cold
2016-01-23 06:00:00,Hog_lodging_Shanti,230.471,-7.8,8.0,-11.1,1022.9,7.2,6,6,1,23,24355.1,,Cold
2016-01-23 07:00:00,Hog_lodging_Shanti,238.882,-7.2,8.0,-11.1,1023.2,4.6,7,6,1,23,24355.1,,Cold
2016-01-23 08:00:00,Hog_lodging_Shanti,237.448,-7.8,8.0,-11.1,1023.1,6.2,8,6,1,23,24355.1,,Cold
2016-01-23 09:00:00,Hog_lodging_Shanti,248.09,-7.2,8.0,-10.6,1022.0,4.1,9,6,1,23,24355.1,,Cold
2016-01-23 10:00:00,Hog_lodging_Shanti,270.709,-7.2,8.0,-10.6,1021.5,5.1,10,6,1,23,24355.1,,Cold
2016-01-23 11:00:00,Hog_lodging_Shanti,287.61,-7.2,8.0,-11.1,1021.0,6.7,11,6,1,23,24355.1,,Cold
2016-01-23 12:00:00,Hog_lodging_Shanti,308.509,-6.7,8.0,-10.6,1019.8,5.1,12,6,1,23,24355.1,,Cold
2016-01-23 13:00:00,Hog_lodging_Shanti,300.4190000000001,-6.1,8.0,-10.0,1018.4,6.2,13,6,1,23,24355.1,,Cold
2016-01-23 14:00:00,Hog_lodging_Shanti,302.496,-5.6,8.0,-10.0,1017.1,6.2,14,6,1,23,24355.1,,Cold
2016-01-23 15:00:00,Hog_lodging_Shanti,293.8590000000001,-5.6,8.0,-10.0,1016.5,6.7,15,6,1,23,24355.1,,Cold
2016-01-23 16:00:00,Hog_lodging_Shanti,299.827,-5.6,8.0,-10.0,1016.4,8.8,16,6,1,23,24355.1,,Cold
2016-01-23 17:00:00,Hog_lodging_Shanti,315.07,-6.1,8.0,-10.0,1016.2,4.6,17,6,1,23,24355.1,,Cold
2016-01-23 18:00:00,Hog_lodging_Shanti,322.333,-6.7,8.0,-10.0,1015.5,6.7,18,6,1,23,24355.1,,Cold
2016-01-23 19:00:00,Hog_lodging_Shanti,328.899,-6.1,8.0,-9.4,1015.2,4.1,19,6,1,23,24355.1,,Cold
2016-01-23 20:00:00,Hog_lodging_Shanti,315.581,-6.1,8.0,-8.3,1014.2,5.7,20,6,1,23,24355.1,,Cold
2016-01-23 21:00:00,Hog_lodging_Shanti,302.385,-5.6,8.0,-7.8,1014.0,3.6,21,6,1,23,24355.1,,Cold
2016-01-23 22:00:00,Hog_lodging_Shanti,288.616,-5.6,8.0,-7.2,1012.8,5.7,22,6,1,23,24355.1,,Cold
2016-01-23 23:00:00,Hog_lodging_Shanti,264.322,-5.0,8.0,-6.7,1012.3,3.6,23,6,1,23,24355.1,,Cold
2016-01-24 00:00:00,Hog_lodging_Shanti,264.097,-5.0,8.0,-6.1,1012.3,2.1,0,7,1,24,24355.1,,Cold
2016-01-24 01:00:00,Hog_lodging_Shanti,255.572,-4.4,8.0,-5.6,1011.95,2.6,1,7,1,24,24355.1,,Cold
2016-01-24 02:00:00,Hog_lodging_Shanti,257.267,-4.4,8.0,-5.6,1011.6,2.6,2,7,1,24,24355.1,,Cold
2016-01-24 03:00:00,Hog_lodging_Shanti,245.8,-3.9,8.0,-5.0,1011.9,2.1,3,7,1,24,24355.1,,Cold
2016-01-24 04:00:00,Hog_lodging_Shanti,227.181,-3.9,8.0,-4.4,1011.5,1.5,4,7,1,24,24355.1,,Cold
2016-01-24 05:00:00,Hog_lodging_Shanti,219.394,-3.9,8.0,-4.4,1011.4,1.5,5,7,1,24,24355.1,,Cold
2016-01-24 06:00:00,Hog_lodging_Shanti,223.785,-3.3,8.0,-4.4,1011.6,3.1,6,7,1,24,24355.1,,Cold
2016-01-24 07:00:00,Hog_lodging_Shanti,245.818,-3.3,8.0,-4.4,1011.6500000000001,1.5,7,7,1,24,24355.1,,Cold
2016-01-24 08:00:00,Hog_lodging_Shanti,249.702,-3.3,8.0,-4.4,1011.7,1.5,8,7,1,24,24355.1,,Cold
2016-01-24 09:00:00,Hog_lodging_Shanti,246.805,-2.8,8.0,-4.4,1012.3,0.0,9,7,1,24,24355.1,,Cold
2016-01-24 10:00:00,Hog_lodging_Shanti,266.899,-2.8,8.0,-3.9,1012.6,2.1,10,7,1,24,24355.1,,Cold
2016-01-24 11:00:00,Hog_lodging_Shanti,276.853,-2.2,8.0,-3.9,1012.8,2.1,11,7,1,24,24355.1,,Cold
2016-01-24 12:00:00,Hog_lodging_Shanti,309.77,-1.7,8.0,-3.3,1012.4,2.1,12,7,1,24,24355.1,,Cold
2016-01-24 13:00:00,Hog_lodging_Shanti,317.2990000000001,-1.7,8.0,-3.3,1012.3,1.5,13,7,1,24,24355.1,,Cold
2016-01-24 14:00:00,Hog_lodging_Shanti,319.898,-1.1,8.0,-3.3,1011.7,2.1,14,7,1,24,24355.1,,Cold
2016-01-24 15:00:00,Hog_lodging_Shanti,309.697,-1.1,8.0,-3.3,1011.2,2.6,15,7,1,24,24355.1,,Cold
2016-01-24 16:00:00,Hog_lodging_Shanti,321.641,-1.1,8.0,-3.3,1011.6,3.6,16,7,1,24,24355.1,,Cold
2016-01-24 17:00:00,Hog_lodging_Shanti,337.715,-1.1,8.0,-3.9,1011.7,3.6,17,7,1,24,24355.1,,Cold
2016-01-24 18:00:00,Hog_lodging_Shanti,341.676,-1.1,8.0,-3.3,1011.9,3.1,18,7,1,24,24355.1,,Cold
2016-01-24 19:00:00,Hog_lodging_Shanti,344.978,-1.1,8.0,-3.3,1012.2,4.1,19,7,1,24,24355.1,,Cold
2016-01-24 20:00:00,Hog_lodging_Shanti,357.564,-1.1,8.0,-3.3,1012.3,4.1,20,7,1,24,24355.1,,Cold
2016-01-24 21:00:00,Hog_lodging_Shanti,333.911,-1.7,8.0,-3.3,1012.6,3.6,21,7,1,24,24355.1,,Cold
2016-01-24 22:00:00,Hog_lodging_Shanti,327.275,-1.7,8.0,-3.3,1012.7,4.1,22,7,1,24,24355.1,,Cold
2016-01-24 23:00:00,Hog_lodging_Shanti,306.589,-1.7,8.0,-3.3,1012.3,2.6,23,7,1,24,24355.1,,Cold
2016-01-25 00:00:00,Hog_lodging_Shanti,278.333,-2.2,8.0,-3.3,1012.4,2.6,0,1,1,25,24355.1,,Cold
2016-01-25 01:00:00,Hog_lodging_Shanti,252.186,-2.2,8.0,-3.3,1011.9,3.6,1,1,1,25,24355.1,,Cold
2016-01-25 02:00:00,Hog_lodging_Shanti,241.372,-2.2,8.0,-3.9,1011.4,4.1,2,1,1,25,24355.1,,Cold
2016-01-25 03:00:00,Hog_lodging_Shanti,246.133,-2.2,8.0,-3.9,1011.3,2.6,3,1,1,25,24355.1,,Cold
2016-01-25 04:00:00,Hog_lodging_Shanti,226.606,-2.8,8.0,-3.9,1010.4,3.1,4,1,1,25,24355.1,,Cold
2016-01-25 05:00:00,Hog_lodging_Shanti,217.077,-2.8,8.0,-3.9,1010.4,3.1,5,1,1,25,24355.1,,Cold
2016-01-25 06:00:00,Hog_lodging_Shanti,222.512,-2.8,8.0,-3.9,1010.2,3.1,6,1,1,25,24355.1,,Cold
2016-01-25 07:00:00,Hog_lodging_Shanti,258.17400000000004,-2.8,8.0,-4.4,1010.1,2.6,7,1,1,25,24355.1,,Cold
2016-01-25 08:00:00,Hog_lodging_Shanti,286.558,-2.8,8.0,-4.4,1010.0,3.1,8,1,1,25,24355.1,,Cold
2016-01-25 09:00:00,Hog_lodging_Shanti,297.209,-2.8,8.0,-4.4,1009.9,3.1,9,1,1,25,24355.1,,Cold
2016-01-25 10:00:00,Hog_lodging_Shanti,307.62,-2.8,8.0,-4.4,1010.1,2.1,10,1,1,25,24355.1,,Cold
2016-01-25 11:00:00,Hog_lodging_Shanti,307.556,-2.2,8.0,-4.4,1010.1,0.0,11,1,1,25,24355.1,,Cold
2016-01-25 12:00:00,Hog_lodging_Shanti,312.575,-2.2,8.0,-4.4,1009.5,0.0,12,1,1,25,24355.1,,Cold
2016-01-25 13:00:00,Hog_lodging_Shanti,329.775,-2.2,8.0,-3.9,1008.9,0.0,13,1,1,25,24355.1,,Cold
2016-01-25 14:00:00,Hog_lodging_Shanti,336.389,-2.2,8.0,-3.9,1008.2,1.5,14,1,1,25,24355.1,,Cold
2016-01-25 15:00:00,Hog_lodging_Shanti,315.481,-1.7,8.0,-3.3,1007.8,2.6,15,1,1,25,24355.1,,Cold
2016-01-25 16:00:00,Hog_lodging_Shanti,312.942,-1.7,8.0,-3.3,1007.9,2.1,16,1,1,25,24355.1,,Cold
2016-01-25 17:00:00,Hog_lodging_Shanti,326.841,-1.1,8.0,-3.3,1007.8,3.6,17,1,1,25,24355.1,,Cold
2016-01-25 18:00:00,Hog_lodging_Shanti,339.421,-1.1,8.0,-3.3,1008.1,3.6,18,1,1,25,24355.1,,Cold
2016-01-25 19:00:00,Hog_lodging_Shanti,339.946,-1.1,8.0,-2.8,1008.7,2.6,19,1,1,25,24355.1,,Cold
2016-01-25 20:00:00,Hog_lodging_Shanti,352.916,-1.1,8.0,-2.8,1009.2,3.1,20,1,1,25,24355.1,,Cold
2016-01-25 21:00:00,Hog_lodging_Shanti,340.231,-1.1,8.0,-2.8,1009.7666666666667,3.6,21,1,1,25,24355.1,,Cold
2016-01-25 22:00:00,Hog_lodging_Shanti,319.442,-1.7,8.0,-3.9,1010.3333333333334,7.2,22,1,1,25,24355.1,,Cold
2016-01-25 23:00:00,Hog_lodging_Shanti,315.222,-2.2,8.0,-4.4,1010.9,4.6,23,1,1,25,24355.1,,Cold
2016-01-26 00:00:00,Hog_lodging_Shanti,292.531,-2.8,8.0,-5.6,1011.6,6.2,0,2,1,26,24355.1,,Cold
2016-01-26 01:00:00,Hog_lodging_Shanti,263.17,-3.9,8.0,-6.7,1012.4,9.3,1,2,1,26,24355.1,,Cold
2016-01-26 02:00:00,Hog_lodging_Shanti,236.80900000000003,-4.4,8.0,-7.8,1012.8,8.2,2,2,1,26,24355.1,,Cold
2016-01-26 03:00:00,Hog_lodging_Shanti,224.655,-4.4,8.0,-8.3,1013.7,7.2,3,2,1,26,24355.1,,Cold
2016-01-26 04:00:00,Hog_lodging_Shanti,221.109,-4.4,8.0,-8.3,1014.3,6.2,4,2,1,26,24355.1,,Cold
2016-01-26 05:00:00,Hog_lodging_Shanti,225.474,-4.4,8.0,-8.3,1015.2,7.2,5,2,1,26,24355.1,,Cold
2016-01-26 06:00:00,Hog_lodging_Shanti,236.499,-4.4,8.0,-8.3,1016.0,7.7,6,2,1,26,24355.1,,Cold
2016-01-26 07:00:00,Hog_lodging_Shanti,259.639,-4.4,8.0,-8.3,1017.0,6.2,7,2,1,26,24355.1,,Cold
2016-01-26 08:00:00,Hog_lodging_Shanti,284.0490000000001,-5.0,8.0,-7.8,1018.0,6.2,8,2,1,26,24355.1,,Cold
2016-01-26 09:00:00,Hog_lodging_Shanti,292.5440000000001,-5.0,8.0,-7.8,1019.0,5.7,9,2,1,26,24355.1,,Cold
2016-01-26 10:00:00,Hog_lodging_Shanti,316.353,-4.4,8.0,-7.2,1019.9,5.1,10,2,1,26,24355.1,,Cold
2016-01-26 11:00:00,Hog_lodging_Shanti,309.329,-3.9,8.0,-7.2,1020.4,5.1,11,2,1,26,24355.1,,Cold
2016-01-26 12:00:00,Hog_lodging_Shanti,315.933,-2.8,8.0,-7.8,1020.5,5.7,12,2,1,26,24355.1,,Cold
2016-01-26 13:00:00,Hog_lodging_Shanti,329.311,-2.8,8.0,-8.9,1020.3,7.2,13,2,1,26,24355.1,,Cold
2016-01-26 14:00:00,Hog_lodging_Shanti,325.862,-2.8,8.0,-9.4,1020.4,6.7,14,2,1,26,24355.1,,Cold
2016-01-26 15:00:00,Hog_lodging_Shanti,302.468,-2.8,8.0,-9.4,1020.9,6.2,15,2,1,26,24355.1,,Cold
2016-01-26 16:00:00,Hog_lodging_Shanti,318.1090000000001,-2.8,8.0,-9.4,1021.4,5.7,16,2,1,26,24355.1,,Cold
2016-01-26 17:00:00,Hog_lodging_Shanti,329.2390000000001,-3.3,8.0,-8.3,1021.9,3.1,17,2,1,26,24355.1,,Cold
2016-01-26 18:00:00,Hog_lodging_Shanti,342.273,-3.3,8.0,-7.8,1022.2,2.6,18,2,1,26,24355.1,,Cold
2016-01-26 19:00:00,Hog_lodging_Shanti,342.74,-2.8,6.8,-8.3,1022.6,5.1,19,2,1,26,24355.1,,Cold
2016-01-26 20:00:00,Hog_lodging_Shanti,333.852,-3.9,5.6,-8.3,1023.1,4.1,20,2,1,26,24355.1,,Cold
2016-01-26 21:00:00,Hog_lodging_Shanti,321.836,-3.9,4.4,-8.9,1023.2,2.1,21,2,1,26,24355.1,,Cold
2016-01-26 22:00:00,Hog_lodging_Shanti,310.821,-5.6,4.4,-10.6,1023.4,2.1,22,2,1,26,24355.1,,Cold
2016-01-26 23:00:00,Hog_lodging_Shanti,314.627,-5.6,2.0,-11.1,1023.5,3.6,23,2,1,26,24355.1,,Cold
2016-01-27 00:00:00,Hog_lodging_Shanti,284.188,-6.7,0.0,-11.7,1023.3,2.6,0,3,1,27,24355.1,,Cold
2016-01-27 01:00:00,Hog_lodging_Shanti,281.322,-7.8,0.0,-11.7,1023.2,2.1,1,3,1,27,24355.1,,Cold
2016-01-27 02:00:00,Hog_lodging_Shanti,249.466,-7.8,0.0,-11.7,1023.0,2.6,2,3,1,27,24355.1,,Cold
2016-01-27 03:00:00,Hog_lodging_Shanti,230.738,-8.9,0.0,-11.7,1022.3,3.1,3,3,1,27,24355.1,,Cold
2016-01-27 04:00:00,Hog_lodging_Shanti,227.159,-9.4,0.0,-11.7,1021.6,2.6,4,3,1,27,24355.1,,Cold
2016-01-27 05:00:00,Hog_lodging_Shanti,232.604,-8.9,0.0,-11.1,1021.4,3.6,5,3,1,27,24355.1,,Cold
2016-01-27 06:00:00,Hog_lodging_Shanti,240.909,-8.9,2.0,-10.6,1020.1,3.6,6,3,1,27,24355.1,,Cold
2016-01-27 07:00:00,Hog_lodging_Shanti,265.453,-8.3,3.0,-10.0,1018.7,3.6,7,3,1,27,24355.1,,Cold
2016-01-27 08:00:00,Hog_lodging_Shanti,297.246,-7.8,4.0,-10.0,1017.8,3.1,8,3,1,27,24355.1,,Cold
2016-01-27 09:00:00,Hog_lodging_Shanti,301.0420000000001,-6.1,5.0,-8.9,1016.7,5.1,9,3,1,27,24355.1,,Cold
2016-01-27 10:00:00,Hog_lodging_Shanti,327.678,-3.9,5.0,-7.8,1014.2,5.1,10,3,1,27,24355.1,,Cold
2016-01-27 11:00:00,Hog_lodging_Shanti,316.278,-2.2,5.0,-6.7,1012.2,6.7,11,3,1,27,24355.1,,Cold
2016-01-27 12:00:00,Hog_lodging_Shanti,320.416,-0.6,8.0,-6.1,1010.1,5.7,12,3,1,27,24355.1,,Cold
2016-01-27 13:00:00,Hog_lodging_Shanti,333.414,1.1,6.0,-5.6,1008.0,7.2,13,3,1,27,24355.1,,Cold
2016-01-27 14:00:00,Hog_lodging_Shanti,323.91,2.8,4.0,-3.9,1006.1,6.7,14,3,1,27,24355.1,,Cold
2016-01-27 15:00:00,Hog_lodging_Shanti,302.297,3.9,2.0,-2.8,1005.1,7.2,15,3,1,27,24355.1,,Cold
2016-01-27 16:00:00,Hog_lodging_Shanti,304.594,3.9,4.0,-1.7,1005.0,5.7,16,3,1,27,24355.1,,Cold
2016-01-27 17:00:00,Hog_lodging_Shanti,326.375,3.9,6.0,-0.6,1004.9,6.2,17,3,1,27,24355.1,,Cold
2016-01-27 18:00:00,Hog_lodging_Shanti,347.11400000000015,3.9,8.0,-0.6,1005.1,5.7,18,3,1,27,24355.1,,Cold
2016-01-27 19:00:00,Hog_lodging_Shanti,343.515,3.9,8.0,-0.6,1005.1,4.6,19,3,1,27,24355.1,,Cold
2016-01-27 20:00:00,Hog_lodging_Shanti,341.587,3.9,8.0,-0.6,1005.1,6.7,20,3,1,27,24355.1,,Cold
2016-01-27 21:00:00,Hog_lodging_Shanti,321.541,3.9,8.0,-1.1,1004.8,5.7,21,3,1,27,24355.1,,Cold
2016-01-27 22:00:00,Hog_lodging_Shanti,307.603,3.3,8.0,-0.6,1004.4,5.1,22,3,1,27,24355.1,,Cold
2016-01-27 23:00:00,Hog_lodging_Shanti,300.936,3.3,8.0,-1.1,1003.9,5.1,23,3,1,27,24355.1,,Cold
2016-01-28 00:00:00,Hog_lodging_Shanti,281.093,2.8,8.0,-1.1,1003.7,5.7,0,4,1,28,24355.1,,Cold
2016-01-28 01:00:00,Hog_lodging_Shanti,266.768,2.8,8.0,-1.1,1003.6,5.7,1,4,1,28,24355.1,,Cold
2016-01-28 02:00:00,Hog_lodging_Shanti,240.648,2.8,8.0,-1.1,1004.0,7.2,2,4,1,28,24355.1,,Cold
2016-01-28 03:00:00,Hog_lodging_Shanti,227.677,2.8,8.0,-1.1,1004.2,6.7,3,4,1,28,24355.1,,Cold
2016-01-28 04:00:00,Hog_lodging_Shanti,221.193,2.2,8.0,-1.1,1004.4,6.7,4,4,1,28,24355.1,,Cold
2016-01-28 05:00:00,Hog_lodging_Shanti,222.594,2.2,8.0,-1.1,1004.4,6.7,5,4,1,28,24355.1,,Cold
2016-01-28 06:00:00,Hog_lodging_Shanti,237.79,2.2,8.0,-1.7,1004.6,8.2,6,4,1,28,24355.1,,Cold
2016-01-28 07:00:00,Hog_lodging_Shanti,261.311,2.2,8.0,-3.3,1005.2,8.2,7,4,1,28,24355.1,,Cold
2016-01-28 08:00:00,Hog_lodging_Shanti,283.49,1.7,8.0,-3.9,1006.6,7.7,8,4,1,28,24355.1,,Cold
2016-01-28 09:00:00,Hog_lodging_Shanti,288.24,1.1,8.0,-4.4,1007.5,10.3,9,4,1,28,24355.1,,Cold
2016-01-28 10:00:00,Hog_lodging_Shanti,309.4190000000001,0.6,8.0,-4.4,1008.6,8.2,10,4,1,28,24355.1,,Cold
2016-01-28 11:00:00,Hog_lodging_Shanti,309.296,-0.6,8.0,-5.6,1010.1,8.8,11,4,1,28,24355.1,,Cold
2016-01-28 12:00:00,Hog_lodging_Shanti,320.28,-1.1,8.0,-6.1,1010.6,6.7,12,4,1,28,24355.1,,Cold
2016-01-28 13:00:00,Hog_lodging_Shanti,325.344,-1.1,6.5,-6.7,1011.0,6.2,13,4,1,28,24355.1,,Cold
2016-01-28 14:00:00,Hog_lodging_Shanti,328.465,-1.1,5.0,-6.7,1011.1,7.2,14,4,1,28,24355.1,,Cold
2016-01-28 15:00:00,Hog_lodging_Shanti,302.231,-1.1,3.5,-7.2,1011.4,6.2,15,4,1,28,24355.1,,Cold
2016-01-28 16:00:00,Hog_lodging_Shanti,312.829,-1.1,2.0,-7.8,1011.8,6.2,16,4,1,28,24355.1,,Cold
2016-01-28 17:00:00,Hog_lodging_Shanti,326.815,-1.7,2.0,-8.3,1012.7,6.2,17,4,1,28,24355.1,,Cold
2016-01-28 18:00:00,Hog_lodging_Shanti,341.028,-3.3,2.0,-8.3,1013.7,3.6,18,4,1,28,24355.1,,Cold
2016-01-28 19:00:00,Hog_lodging_Shanti,333.7030000000001,-3.3,0.0,-8.9,1014.1,2.1,19,4,1,28,24355.1,,Cold
2016-01-28 20:00:00,Hog_lodging_Shanti,344.416,-3.9,0.0,-8.9,1014.5,1.5,20,4,1,28,24355.1,,Cold
2016-01-28 21:00:00,Hog_lodging_Shanti,318.664,-3.9,0.0,-8.9,1014.5,0.0,21,4,1,28,24355.1,,Cold
2016-01-28 22:00:00,Hog_lodging_Shanti,301.404,-5.0,0.0,-9.4,1014.1,0.0,22,4,1,28,24355.1,,Cold
2016-01-28 23:00:00,Hog_lodging_Shanti,283.008,-6.1,0.0,-9.4,1014.1,0.0,23,4,1,28,24355.1,,Cold
2016-01-29 00:00:00,Hog_lodging_Shanti,283.079,-7.2,0.0,-10.6,1014.1,0.0,0,5,1,29,24355.1,,Cold
2016-01-29 01:00:00,Hog_lodging_Shanti,271.987,-7.2,0.0,-9.4,1013.5,0.0,1,5,1,29,24355.1,,Cold
2016-01-29 02:00:00,Hog_lodging_Shanti,249.352,-7.2,1.6,-10.0,1012.9,2.6,2,5,1,29,24355.1,,Cold
2016-01-29 03:00:00,Hog_lodging_Shanti,234.914,-7.2,3.2,-10.0,1012.9,3.6,3,5,1,29,24355.1,,Cold
2016-01-29 04:00:00,Hog_lodging_Shanti,227.15,-7.2,4.800000000000001,-9.4,1012.6,3.6,4,5,1,29,24355.1,,Cold
2016-01-29 05:00:00,Hog_lodging_Shanti,232.373,-6.7,4.800000000000001,-9.4,1012.0,4.6,5,5,1,29,24355.1,,Cold
2016-01-29 06:00:00,Hog_lodging_Shanti,238.796,-6.7,8.0,-9.4,1011.4,4.6,6,5,1,29,24355.1,,Cold
2016-01-29 07:00:00,Hog_lodging_Shanti,255.064,-5.6,7.333333333333333,-9.4,1011.3,4.1,7,5,1,29,24355.1,,Cold
2016-01-29 08:00:00,Hog_lodging_Shanti,285.721,-5.6,6.666666666666667,-9.4,1010.4,5.1,8,5,1,29,24355.1,,Cold
2016-01-29 09:00:00,Hog_lodging_Shanti,300.237,-4.4,6.0,-8.9,1010.2,4.6,9,5,1,29,24355.1,,Cold
2016-01-29 10:00:00,Hog_lodging_Shanti,317.209,-3.9,6.0,-8.3,1009.4,5.1,10,5,1,29,24355.1,,Cold
2016-01-29 11:00:00,Hog_lodging_Shanti,317.983,-2.8,6.0,-7.8,1008.5,7.2,11,5,1,29,24355.1,,Cold
2016-01-29 12:00:00,Hog_lodging_Shanti,314.251,-1.7,4.0,-7.2,1007.5,7.7,12,5,1,29,24355.1,,Cold
2016-01-29 13:00:00,Hog_lodging_Shanti,321.499,-1.1,4.0,-6.7,1006.0,8.2,13,5,1,29,24355.1,,Cold
2016-01-29 14:00:00,Hog_lodging_Shanti,326.257,-0.6,4.8,-6.1,1004.6,8.2,14,5,1,29,24355.1,,Cold
2016-01-29 15:00:00,Hog_lodging_Shanti,310.772,-1.1,5.6,-6.1,1004.1,6.7,15,5,1,29,24355.1,,Cold
2016-01-29 16:00:00,Hog_lodging_Shanti,307.579,-0.6,6.4,-5.6,1003.3,5.7,16,5,1,29,24355.1,,Cold
2016-01-29 17:00:00,Hog_lodging_Shanti,321.93,-0.6,6.4,-5.0,1002.7,5.1,17,5,1,29,24355.1,,Cold
2016-01-29 18:00:00,Hog_lodging_Shanti,330.151,0.0,8.0,-3.9,1002.0,4.6,18,5,1,29,24355.1,,Cold
2016-01-29 19:00:00,Hog_lodging_Shanti,341.653,0.6,7.2,-3.3,1001.8,4.6,19,5,1,29,24355.1,,Cold
2016-01-29 20:00:00,Hog_lodging_Shanti,312.75,0.6,6.4,-2.8,1000.6,4.1,20,5,1,29,24355.1,,Cold
2016-01-29 21:00:00,Hog_lodging_Shanti,292.4290000000001,0.6,5.6,-2.2,1000.5,3.1,21,5,1,29,24355.1,,Cold
2016-01-29 22:00:00,Hog_lodging_Shanti,274.203,0.6,5.6,-1.7,1000.45,4.1,22,5,1,29,24355.1,,Cold
2016-01-29 23:00:00,Hog_lodging_Shanti,271.445,0.6,4.0,-1.7,1000.4,3.1,23,5,1,29,24355.1,,Cold
2016-01-30 00:00:00,Hog_lodging_Shanti,266.406,0.0,4.0,-1.7,1000.7,2.6,0,6,1,30,24355.1,,Cold
2016-01-30 01:00:00,Hog_lodging_Shanti,264.695,0.0,3.0,-2.2,1000.3,1.5,1,6,1,30,24355.1,,Cold
2016-01-30 02:00:00,Hog_lodging_Shanti,252.048,-0.6,2.0,-2.2,1000.0,1.5,2,6,1,30,24355.1,,Cold
2016-01-30 03:00:00,Hog_lodging_Shanti,233.428,-0.6,0.0,-2.8,1000.5,2.1,3,6,1,30,24355.1,,Cold
2016-01-30 04:00:00,Hog_lodging_Shanti,222.198,-0.6,2.0,-2.2,1001.0,2.6,4,6,1,30,24355.1,,Cold
2016-01-30 05:00:00,Hog_lodging_Shanti,220.047,-0.6,4.0,-2.8,1000.8,2.6,5,6,1,30,24355.1,,Cold
2016-01-30 06:00:00,Hog_lodging_Shanti,227.334,-0.6,6.0,-2.8,1000.8,2.1,6,6,1,30,24355.1,,Cold
2016-01-30 07:00:00,Hog_lodging_Shanti,239.315,-0.6,6.333333333333333,-3.3,1001.3,1.5,7,6,1,30,24355.1,,Cold
2016-01-30 08:00:00,Hog_lodging_Shanti,231.638,-0.6,6.666666666666667,-3.3,1001.6,2.6,8,6,1,30,24355.1,,Cold
2016-01-30 09:00:00,Hog_lodging_Shanti,241.218,0.0,7.0,-2.8,1001.3,1.5,9,6,1,30,24355.1,,Cold
2016-01-30 10:00:00,Hog_lodging_Shanti,262.21,1.7,7.0,-2.8,1001.4,3.1,10,6,1,30,24355.1,,Cold
2016-01-30 11:00:00,Hog_lodging_Shanti,286.396,3.3,7.0,-2.8,1001.1,3.1,11,6,1,30,24355.1,,Cold
2016-01-30 12:00:00,Hog_lodging_Shanti,298.447,5.0,8.0,-2.8,1000.7,4.1,12,6,1,30,24355.1,,Cold
2016-01-30 13:00:00,Hog_lodging_Shanti,290.567,5.6,8.0,-2.2,1000.4,3.6,13,6,1,30,24355.1,,Cold
2016-01-30 14:00:00,Hog_lodging_Shanti,299.642,6.1,8.0,-0.6,1000.0,3.6,14,6,1,30,24355.1,,Cold
2016-01-30 15:00:00,Hog_lodging_Shanti,306.2940000000001,5.0,8.0,0.6,999.9,0.0,15,6,1,30,24355.1,,Cold
2016-01-30 16:00:00,Hog_lodging_Shanti,320.195,5.0,8.0,0.6,999.7,2.6,16,6,1,30,24355.1,,Cold
2016-01-30 17:00:00,Hog_lodging_Shanti,330.3130000000001,4.4,8.0,0.6,1000.1,0.0,17,6,1,30,24355.1,,Cold
2016-01-30 18:00:00,Hog_lodging_Shanti,327.583,5.0,8.0,0.0,1000.2,2.1,18,6,1,30,24355.1,,Cold
2016-01-30 19:00:00,Hog_lodging_Shanti,311.883,2.8,6.0,-0.6,1001.2,1.5,19,6,1,30,24355.1,,Cold
2016-01-30 20:00:00,Hog_lodging_Shanti,308.056,3.3,4.0,-0.6,1001.3,1.5,20,6,1,30,24355.1,,Cold
2016-01-30 21:00:00,Hog_lodging_Shanti,296.728,2.2,4.0,-0.6,1001.2,1.5,21,6,1,30,24355.1,,Cold
2016-01-30 22:00:00,Hog_lodging_Shanti,290.233,2.2,4.0,-0.6,1001.5,2.1,22,6,1,30,24355.1,,Cold
2016-01-30 23:00:00,Hog_lodging_Shanti,283.779,2.2,6.0,-0.6,1002.5,2.1,23,6,1,30,24355.1,,Cold
2016-01-31 00:00:00,Hog_lodging_Shanti,270.539,2.2,8.0,-0.6,1002.3,2.1,0,7,1,31,24355.1,,Cold
2016-01-31 01:00:00,Hog_lodging_Shanti,266.626,1.7,8.0,0.0,1002.4,2.1,1,7,1,31,24355.1,,Cold
2016-01-31 02:00:00,Hog_lodging_Shanti,263.586,1.7,8.0,-0.6,1002.3,2.1,2,7,1,31,24355.1,,Cold
2016-01-31 03:00:00,Hog_lodging_Shanti,247.385,1.1,8.0,-0.6,1002.3,1.5,3,7,1,31,24355.1,,Cold
2016-01-31 04:00:00,Hog_lodging_Shanti,227.725,0.6,8.0,-1.1,1002.3,2.1,4,7,1,31,24355.1,,Cold
2016-01-31 05:00:00,Hog_lodging_Shanti,215.749,0.0,8.0,-1.1,1003.0,1.5,5,7,1,31,24355.1,,Cold
2016-01-31 06:00:00,Hog_lodging_Shanti,224.431,0.6,8.0,-1.7,1002.8,2.6,6,7,1,31,24355.1,,Cold
2016-01-31 07:00:00,Hog_lodging_Shanti,237.261,0.6,6.0,-1.7,1003.3,2.6,7,7,1,31,24355.1,,Cold
2016-01-31 08:00:00,Hog_lodging_Shanti,242.746,0.0,4.0,-2.2,1003.2,3.1,8,7,1,31,24355.1,,Cold
2016-01-31 09:00:00,Hog_lodging_Shanti,246.042,0.6,2.0,-1.7,1004.0,4.1,9,7,1,31,24355.1,,Cold
2016-01-31 10:00:00,Hog_lodging_Shanti,266.075,2.2,2.0,-1.7,1004.2,2.6,10,7,1,31,24355.1,,Cold
2016-01-31 11:00:00,Hog_lodging_Shanti,287.143,3.3,4.0,-1.1,1004.6,4.6,11,7,1,31,24355.1,,Cold
2016-01-31 12:00:00,Hog_lodging_Shanti,298.085,3.3,6.0,-1.7,1004.2,5.1,12,7,1,31,24355.1,,Cold
2016-01-31 13:00:00,Hog_lodging_Shanti,303.835,3.3,5.333333333333333,-1.7,1004.4,5.1,13,7,1,31,24355.1,,Cold
2016-01-31 14:00:00,Hog_lodging_Shanti,314.461,3.3,4.666666666666667,-1.7,1004.2,4.1,14,7,1,31,24355.1,,Cold
2016-01-31 15:00:00,Hog_lodging_Shanti,300.48,4.4,4.0,-1.7,1004.3,4.1,15,7,1,31,24355.1,,Cold
2016-01-31 16:00:00,Hog_lodging_Shanti,308.736,5.0,4.0,-2.2,1005.1,3.1,16,7,1,31,24355.1,,Cold
2016-01-31 17:00:00,Hog_lodging_Shanti,332.016,3.9,2.0,-2.8,1006.0,2.6,17,7,1,31,24355.1,,Cold
2016-01-31 18:00:00,Hog_lodging_Shanti,321.236,2.8,0.0,-2.8,1006.9,2.6,18,7,1,31,24355.1,,Cold
2016-01-31 19:00:00,Hog_lodging_Shanti,330.999,2.2,0.0,-2.8,1007.6,3.1,19,7,1,31,24355.1,,Cold
2016-01-31 20:00:00,Hog_lodging_Shanti,351.144,1.1,0.0,-2.2,1008.6,3.1,20,7,1,31,24355.1,,Cold
2016-01-31 21:00:00,Hog_lodging_Shanti,339.7480000000001,0.6,0.0,-2.8,1009.4,2.1,21,7,1,31,24355.1,,Cold
2016-01-31 22:00:00,Hog_lodging_Shanti,324.462,0.0,0.0,-3.3,1010.1,2.1,22,7,1,31,24355.1,,Cold
2016-01-31 23:00:00,Hog_lodging_Shanti,301.338,-1.1,0.0,-3.3,1010.9,2.1,23,7,1,31,24355.1,,Cold
2016-02-01 00:00:00,Hog_lodging_Shanti,275.685,-2.2,0.0,-3.9,1011.4,0.0,0,1,2,32,24355.1,,Cold
2016-02-01 01:00:00,Hog_lodging_Shanti,253.925,-2.2,0.0,-3.9,1012.0,1.5,1,1,2,32,24355.1,,Cold
2016-02-01 02:00:00,Hog_lodging_Shanti,245.908,-3.3,0.0,-4.4,1012.2,0.0,2,1,2,32,24355.1,,Cold
2016-02-01 03:00:00,Hog_lodging_Shanti,239.125,-3.9,0.0,-5.0,1012.8,0.0,3,1,2,32,24355.1,,Cold
2016-02-01 04:00:00,Hog_lodging_Shanti,221.955,-3.3,0.0,-4.4,1013.3,0.0,4,1,2,32,24355.1,,Cold
2016-02-01 05:00:00,Hog_lodging_Shanti,216.651,-4.4,0.0,-5.6,1014.0,0.0,5,1,2,32,24355.1,,Cold
2016-02-01 06:00:00,Hog_lodging_Shanti,220.436,-3.9,4.0,-5.6,1014.6,1.5,6,1,2,32,24355.1,,Cold
2016-02-01 07:00:00,Hog_lodging_Shanti,259.365,-4.4,3.0,-5.6,1015.3,0.0,7,1,2,32,24355.1,,Cold
2016-02-01 08:00:00,Hog_lodging_Shanti,292.733,-5.0,2.0,-6.1,1015.75,2.1,8,1,2,32,24355.1,,Cold
2016-02-01 09:00:00,Hog_lodging_Shanti,311.194,-3.3,4.0,-4.4,1016.2,0.0,9,1,2,32,24355.1,,Cold
2016-02-01 10:00:00,Hog_lodging_Shanti,319.107,-0.6,2.0,-2.2,1016.8,0.0,10,1,2,32,24355.1,,Cold
2016-02-01 11:00:00,Hog_lodging_Shanti,316.198,0.0,2.0,-2.2,1017.3,1.5,11,1,2,32,24355.1,,Cold
2016-02-01 12:00:00,Hog_lodging_Shanti,324.342,0.6,2.0,-1.7,1017.2,2.1,12,1,2,32,24355.1,,Cold
2016-02-01 13:00:00,Hog_lodging_Shanti,328.149,0.6,2.0,-1.7,1017.2,2.6,13,1,2,32,24355.1,,Cold
2016-02-01 14:00:00,Hog_lodging_Shanti,332.3230000000001,1.7,2.0,-1.7,1017.2,2.1,14,1,2,32,24355.1,,Cold
2016-02-01 15:00:00,Hog_lodging_Shanti,313.49,0.6,3.5,-2.2,1017.6,5.7,15,1,2,32,24355.1,,Cold
2016-02-01 16:00:00,Hog_lodging_Shanti,309.576,-0.6,5.0,-3.3,1018.3,3.6,16,1,2,32,24355.1,,Cold
2016-02-01 17:00:00,Hog_lodging_Shanti,327.889,-1.1,6.5,-3.9,1019.2,3.6,17,1,2,32,24355.1,,Cold
2016-02-01 18:00:00,Hog_lodging_Shanti,334.48800000000006,-1.1,8.0,-3.9,1020.0,2.1,18,1,2,32,24355.1,,Cold
2016-02-01 19:00:00,Hog_lodging_Shanti,334.266,-1.1,6.666666666666667,-3.9,1020.5,3.1,19,1,2,32,24355.1,,Cold
2016-02-01 20:00:00,Hog_lodging_Shanti,348.18300000000005,-1.1,5.333333333333334,-3.9,1020.6,3.6,20,1,2,32,24355.1,,Cold
2016-02-01 21:00:00,Hog_lodging_Shanti,335.56699999999995,-2.2,4.0,-5.0,1020.5,2.6,21,1,2,32,24355.1,,Cold
2016-02-01 22:00:00,Hog_lodging_Shanti,316.151,-2.2,4.0,-5.0,1020.9,2.1,22,1,2,32,24355.1,,Cold
2016-02-01 23:00:00,Hog_lodging_Shanti,303.952,-2.8,4.0,-5.0,1020.9,2.6,23,1,2,32,24355.1,,Cold
2016-02-02 00:00:00,Hog_lodging_Shanti,282.085,-1.7,8.0,-5.0,1021.5,2.1,0,2,2,33,24355.1,,Cold
2016-02-02 01:00:00,Hog_lodging_Shanti,269.333,-1.7,8.0,-5.0,1022.1,2.6,1,2,2,33,24355.1,,Cold
2016-02-02 02:00:00,Hog_lodging_Shanti,250.391,-1.7,8.0,-5.6,1022.1,2.6,2,2,2,33,24355.1,,Cold
2016-02-02 03:00:00,Hog_lodging_Shanti,230.995,-2.2,8.0,-5.6,1021.4000000000001,4.1,3,2,2,33,24355.1,,Cold
2016-02-02 04:00:00,Hog_lodging_Shanti,225.113,-2.2,8.0,-5.6,1020.7,6.2,4,2,2,33,24355.1,,Cold
2016-02-02 05:00:00,Hog_lodging_Shanti,222.69,-2.2,8.0,-5.6,1021.5,4.1,5,2,2,33,24355.1,,Cold
2016-02-02 06:00:00,Hog_lodging_Shanti,240.074,-2.2,8.0,-5.6,1020.1,6.2,6,2,2,33,24355.1,,Cold
2016-02-02 07:00:00,Hog_lodging_Shanti,263.846,-2.8,8.166666666666666,-5.0,1019.5,4.1,7,2,2,33,24355.1,,Cold
2016-02-02 08:00:00,Hog_lodging_Shanti,293.002,-2.2,8.333333333333334,-5.6,1018.1,6.7,8,2,2,33,24355.1,,Cold
2016-02-02 09:00:00,Hog_lodging_Shanti,299.041,-1.7,8.5,-6.1,1015.9,7.2,9,2,2,33,24355.1,,Cold
2016-02-02 10:00:00,Hog_lodging_Shanti,315.398,-1.7,8.5,-6.1,1016.0,6.2,10,2,2,33,24355.1,,Cold
2016-02-02 11:00:00,Hog_lodging_Shanti,306.343,-1.1,8.5,-6.1,1016.2,6.2,11,2,2,33,24355.1,,Cold
2016-02-02 12:00:00,Hog_lodging_Shanti,323.572,-1.7,9.0,-4.4,1015.0,5.1,12,2,2,33,24355.1,,Cold
2016-02-02 13:00:00,Hog_lodging_Shanti,333.9430000000001,-2.2,9.0,-3.3,1013.7,5.1,13,2,2,33,24355.1,,Cold
2016-02-02 14:00:00,Hog_lodging_Shanti,334.5130000000001,-1.7,9.0,-3.3,1012.3,6.2,14,2,2,33,24355.1,,Cold
2016-02-02 15:00:00,Hog_lodging_Shanti,311.528,-1.7,9.0,-3.3,1010.9,7.7,15,2,2,33,24355.1,,Cold
2016-02-02 16:00:00,Hog_lodging_Shanti,324.9,-1.7,9.0,-2.8,1009.7,8.2,16,2,2,33,24355.1,,Cold
2016-02-02 17:00:00,Hog_lodging_Shanti,348.4190000000001,-1.7,8.5,-3.3,1009.0,9.3,17,2,2,33,24355.1,,Cold
2016-02-02 18:00:00,Hog_lodging_Shanti,346.52,-2.2,8.0,-3.9,1008.8,9.3,18,2,2,33,24355.1,,Cold
2016-02-02 19:00:00,Hog_lodging_Shanti,355.546,-2.8,8.333333333333334,-4.4,1008.8,10.8,19,2,2,33,24355.1,,Cold
2016-02-02 20:00:00,Hog_lodging_Shanti,348.06,-3.3,8.666666666666666,-5.0,1008.9,9.3,20,2,2,33,24355.1,,Cold
2016-02-02 21:00:00,Hog_lodging_Shanti,338.445,-3.3,9.0,-5.0,1008.0,8.2,21,2,2,33,24355.1,,Cold
2016-02-02 22:00:00,Hog_lodging_Shanti,326.149,-3.3,8.666666666666666,-5.0,1007.3,7.7,22,2,2,33,24355.1,,Cold
2016-02-02 23:00:00,Hog_lodging_Shanti,308.599,-3.9,8.333333333333334,-5.6,1007.0,9.3,23,2,2,33,24355.1,,Cold
2016-02-03 00:00:00,Hog_lodging_Shanti,289.446,-4.4,8.0,-6.7,1007.1,8.2,0,3,2,34,24355.1,,Cold
2016-02-03 01:00:00,Hog_lodging_Shanti,275.496,-5.0,8.0,-7.2,1007.1,9.3,1,3,2,34,24355.1,,Cold
2016-02-03 02:00:00,Hog_lodging_Shanti,252.58,-5.6,8.0,-7.8,1007.4,8.8,2,3,2,34,24355.1,,Cold
2016-02-03 03:00:00,Hog_lodging_Shanti,240.783,-5.6,8.0,-8.3,1007.6,6.7,3,3,2,34,24355.1,,Cold
2016-02-03 04:00:00,Hog_lodging_Shanti,229.459,-6.1,8.0,-8.9,1008.0,8.2,4,3,2,34,24355.1,,Cold
2016-02-03 05:00:00,Hog_lodging_Shanti,225.716,-6.1,8.0,-8.9,1008.6,7.2,5,3,2,34,24355.1,,Cold
2016-02-03 06:00:00,Hog_lodging_Shanti,240.545,-7.2,8.0,-9.4,1009.1,7.7,6,3,2,34,24355.1,,Cold
2016-02-03 07:00:00,Hog_lodging_Shanti,264.052,-7.2,7.333333333333333,-10.0,1010.1,6.7,7,3,2,34,24355.1,,Cold
2016-02-03 08:00:00,Hog_lodging_Shanti,283.648,-8.3,6.666666666666667,-11.1,1011.1,7.2,8,3,2,34,24355.1,,Cold
2016-02-03 09:00:00,Hog_lodging_Shanti,295.072,-8.3,6.0,-11.1,1012.0,7.2,9,3,2,34,24355.1,,Cold
2016-02-03 10:00:00,Hog_lodging_Shanti,307.671,-8.3,6.0,-11.7,1012.8,6.7,10,3,2,34,24355.1,,Cold
2016-02-03 11:00:00,Hog_lodging_Shanti,307.62,-7.2,6.0,-12.2,1013.6,7.7,11,3,2,34,24355.1,,Cold
2016-02-03 12:00:00,Hog_lodging_Shanti,312.366,-6.7,4.0,-13.3,1014.0,9.3,12,3,2,34,24355.1,,Cold
2016-02-03 13:00:00,Hog_lodging_Shanti,323.9240000000001,-6.1,3.3333333333333335,-13.9,1014.3,7.7,13,3,2,34,24355.1,,Cold
2016-02-03 14:00:00,Hog_lodging_Shanti,315.644,-5.6,2.666666666666667,-15.0,1014.4,8.8,14,3,2,34,24355.1,,Cold
2016-02-03 15:00:00,Hog_lodging_Shanti,297.262,-6.1,2.0,-14.4,1015.2,8.2,15,3,2,34,24355.1,,Cold
2016-02-03 16:00:00,Hog_lodging_Shanti,301.077,-5.6,2.0,-14.4,1016.2,8.8,16,3,2,34,24355.1,,Cold
2016-02-03 17:00:00,Hog_lodging_Shanti,317.722,-6.7,4.0,-15.0,1016.9,6.7,17,3,2,34,24355.1,,Cold
2016-02-03 18:00:00,Hog_lodging_Shanti,330.571,-7.8,4.0,-14.4,1018.3,4.6,18,3,2,34,24355.1,,Cold
2016-02-03 19:00:00,Hog_lodging_Shanti,337.121,-8.9,4.0,-15.0,1019.0,3.6,19,3,2,34,24355.1,,Cold
2016-02-03 20:00:00,Hog_lodging_Shanti,344.63,-9.4,4.0,-15.0,1019.7,2.6,20,3,2,34,24355.1,,Cold
2016-02-03 21:00:00,Hog_lodging_Shanti,329.599,-8.9,4.0,-15.0,1020.1,1.5,21,3,2,34,24355.1,,Cold
2016-02-03 22:00:00,Hog_lodging_Shanti,314.161,-10.0,4.0,-14.4,1020.3,2.1,22,3,2,34,24355.1,,Cold
2016-02-03 23:00:00,Hog_lodging_Shanti,298.8640000000001,-10.6,2.0,-14.4,1020.5,0.0,23,3,2,34,24355.1,,Cold
2016-02-04 00:00:00,Hog_lodging_Shanti,284.25,-11.7,4.0,-14.4,1020.7,1.5,0,4,2,35,24355.1,,Cold
2016-02-04 01:00:00,Hog_lodging_Shanti,273.768,-11.1,4.0,-13.9,1020.6,2.1,1,4,2,35,24355.1,,Cold
2016-02-04 02:00:00,Hog_lodging_Shanti,250.735,-12.2,4.8,-14.4,1020.3,2.1,2,4,2,35,24355.1,,Cold
2016-02-04 03:00:00,Hog_lodging_Shanti,232.836,-11.7,5.6,-13.9,1020.0,0.0,3,4,2,35,24355.1,,Cold
2016-02-04 04:00:00,Hog_lodging_Shanti,245.802,-12.2,6.4,-14.4,1019.5,3.1,4,4,2,35,24355.1,,Cold
2016-02-04 05:00:00,Hog_lodging_Shanti,228.134,-11.7,6.4,-13.9,1019.7,2.1,5,4,2,35,24355.1,,Cold
2016-02-04 06:00:00,Hog_lodging_Shanti,245.178,-10.6,8.0,-12.8,1019.5,2.1,6,4,2,35,24355.1,,Cold
2016-02-04 07:00:00,Hog_lodging_Shanti,269.453,-12.2,8.0,-14.4,1019.9,2.1,7,4,2,35,24355.1,,Cold
2016-02-04 08:00:00,Hog_lodging_Shanti,289.564,-11.7,8.0,-13.9,1020.4,2.6,8,4,2,35,24355.1,,Cold
2016-02-04 09:00:00,Hog_lodging_Shanti,301.006,-10.0,8.0,-11.7,1020.3,2.1,9,4,2,35,24355.1,,Cold
2016-02-04 10:00:00,Hog_lodging_Shanti,308.678,-7.8,8.0,-9.4,1020.2,2.1,10,4,2,35,24355.1,,Cold
2016-02-04 11:00:00,Hog_lodging_Shanti,306.793,-5.6,8.0,-8.9,1020.2,2.1,11,4,2,35,24355.1,,Cold
2016-02-04 12:00:00,Hog_lodging_Shanti,321.849,-5.0,8.0,-7.8,1020.4,3.1,12,4,2,35,24355.1,,Cold
2016-02-04 13:00:00,Hog_lodging_Shanti,321.851,-4.4,7.0,-7.8,1020.2,1.5,13,4,2,35,24355.1,,Cold
2016-02-04 14:00:00,Hog_lodging_Shanti,326.128,-4.4,6.0,-7.8,1020.5,2.6,14,4,2,35,24355.1,,Cold
2016-02-04 15:00:00,Hog_lodging_Shanti,291.971,-3.9,5.0,-7.2,1020.8,4.1,15,4,2,35,24355.1,,Cold
2016-02-04 16:00:00,Hog_lodging_Shanti,311.367,-3.9,5.0,-7.8,1021.9,3.1,16,4,2,35,24355.1,,Cold
2016-02-04 17:00:00,Hog_lodging_Shanti,329.093,-3.3,5.0,-8.9,1022.8,6.2,17,4,2,35,24355.1,,Cold
2016-02-04 18:00:00,Hog_lodging_Shanti,335.836,-4.4,2.0,-10.6,1023.7,2.1,18,4,2,35,24355.1,,Cold
2016-02-04 19:00:00,Hog_lodging_Shanti,339.094,-5.6,2.0,-10.6,1024.4,3.1,19,4,2,35,24355.1,,Cold
2016-02-04 20:00:00,Hog_lodging_Shanti,341.49,-7.2,0.0,-11.1,1024.9,4.1,20,4,2,35,24355.1,,Cold
2016-02-04 21:00:00,Hog_lodging_Shanti,322.867,-8.9,0.0,-12.2,1025.4,3.6,21,4,2,35,24355.1,,Cold
2016-02-04 22:00:00,Hog_lodging_Shanti,304.87,-10.0,0.0,-12.2,1026.0,1.5,22,4,2,35,24355.1,,Cold
2016-02-04 23:00:00,Hog_lodging_Shanti,296.111,-10.6,0.0,-13.3,1026.7,2.1,23,4,2,35,24355.1,,Cold
2016-02-05 00:00:00,Hog_lodging_Shanti,281.52,-10.0,0.0,-13.3,1027.3,1.5,0,5,2,36,24355.1,,Cold
2016-02-05 01:00:00,Hog_lodging_Shanti,271.453,-10.6,0.0,-13.9,1027.6,0.0,1,5,2,36,24355.1,,Cold
2016-02-05 02:00:00,Hog_lodging_Shanti,249.063,-12.2,0.0,-13.9,1028.0,2.1,2,5,2,36,24355.1,,Cold
2016-02-05 03:00:00,Hog_lodging_Shanti,234.015,-12.2,0.0,-13.9,1028.1,2.1,3,5,2,36,24355.1,,Cold
2016-02-05 04:00:00,Hog_lodging_Shanti,225.053,-12.8,0.0,-14.4,1028.6,2.1,4,5,2,36,24355.1,,Cold
2016-02-05 05:00:00,Hog_lodging_Shanti,246.785,-12.8,0.0,-14.4,1028.7,1.5,5,5,2,36,24355.1,,Cold
2016-02-05 06:00:00,Hog_lodging_Shanti,246.519,-12.8,2.0,-15.0,1028.5,1.5,6,5,2,36,24355.1,,Cold
2016-02-05 07:00:00,Hog_lodging_Shanti,262.5,-12.8,3.0,-14.4,1028.7,3.1,7,5,2,36,24355.1,,Cold
2016-02-05 08:00:00,Hog_lodging_Shanti,288.353,-13.9,4.0,-15.0,1029.1,2.1,8,5,2,36,24355.1,,Cold
2016-02-05 09:00:00,Hog_lodging_Shanti,298.273,-13.3,5.0,-15.0,1029.2,2.1,9,5,2,36,24355.1,,Cold
2016-02-05 10:00:00,Hog_lodging_Shanti,310.4120000000001,-11.1,5.0,-13.3,1028.9,2.6,10,5,2,36,24355.1,,Cold
2016-02-05 11:00:00,Hog_lodging_Shanti,301.437,-7.8,5.0,-11.1,1028.3,2.6,11,5,2,36,24355.1,,Cold
2016-02-05 12:00:00,Hog_lodging_Shanti,317.036,-5.6,8.0,-10.0,1027.6,2.6,12,5,2,36,24355.1,,Cold
2016-02-05 13:00:00,Hog_lodging_Shanti,326.802,-3.9,8.0,-8.9,1026.8,3.6,13,5,2,36,24355.1,,Cold
2016-02-05 14:00:00,Hog_lodging_Shanti,331.856,-2.8,8.0,-8.9,1025.8,4.1,14,5,2,36,24355.1,,Cold
2016-02-05 15:00:00,Hog_lodging_Shanti,303.156,-2.2,8.0,-10.0,1025.4,5.1,15,5,2,36,24355.1,,Cold
2016-02-05 16:00:00,Hog_lodging_Shanti,318.931,-2.2,8.0,-11.1,1025.2,4.6,16,5,2,36,24355.1,,Cold
2016-02-05 17:00:00,Hog_lodging_Shanti,324.641,-3.3,8.0,-8.9,1025.1,5.1,17,5,2,36,24355.1,,Cold
2016-02-05 18:00:00,Hog_lodging_Shanti,331.356,-3.9,8.0,-7.8,1024.5,6.7,18,5,2,36,24355.1,,Cold
2016-02-05 19:00:00,Hog_lodging_Shanti,333.28,-3.9,8.0,-7.2,1024.8,5.1,19,5,2,36,24355.1,,Cold
2016-02-05 20:00:00,Hog_lodging_Shanti,310.778,-3.9,8.0,-7.2,1024.4,3.6,20,5,2,36,24355.1,,Cold
2016-02-05 21:00:00,Hog_lodging_Shanti,286.613,-3.9,8.0,-6.7,1023.9,4.1,21,5,2,36,24355.1,,Cold
2016-02-05 22:00:00,Hog_lodging_Shanti,272.603,-3.3,8.0,-6.1,1023.8,3.1,22,5,2,36,24355.1,,Cold
2016-02-05 23:00:00,Hog_lodging_Shanti,262.574,-3.3,8.0,-6.1,1023.5,2.6,23,5,2,36,24355.1,,Cold
2016-02-06 00:00:00,Hog_lodging_Shanti,262.399,-3.3,8.0,-6.1,1022.8,2.6,0,6,2,37,24355.1,,Cold
2016-02-06 01:00:00,Hog_lodging_Shanti,266.321,-3.3,8.0,-6.1,1022.7,4.1,1,6,2,37,24355.1,,Cold
2016-02-06 02:00:00,Hog_lodging_Shanti,257.878,-3.3,8.0,-5.6,1022.6,2.6,2,6,2,37,24355.1,,Cold
2016-02-06 03:00:00,Hog_lodging_Shanti,229.648,-3.9,8.0,-6.1,1022.5,5.1,3,6,2,37,24355.1,,Cold
2016-02-06 04:00:00,Hog_lodging_Shanti,220.718,-3.9,8.0,-6.7,1022.6,3.1,4,6,2,37,24355.1,,Cold
2016-02-06 05:00:00,Hog_lodging_Shanti,215.924,-3.9,8.0,-6.1,1022.0,2.1,5,6,2,37,24355.1,,Cold
2016-02-06 06:00:00,Hog_lodging_Shanti,227.109,-3.3,8.0,-6.1,1021.7,3.1,6,6,2,37,24355.1,,Cold
2016-02-06 07:00:00,Hog_lodging_Shanti,237.574,-3.3,7.666666666666667,-5.6,1021.4,2.6,7,6,2,37,24355.1,,Cold
2016-02-06 08:00:00,Hog_lodging_Shanti,240.981,-3.3,7.333333333333333,-5.6,1021.0,3.1,8,6,2,37,24355.1,,Cold
2016-02-06 09:00:00,Hog_lodging_Shanti,242.273,-3.3,7.0,-5.0,1020.5,4.1,9,6,2,37,24355.1,,Cold
2016-02-06 10:00:00,Hog_lodging_Shanti,263.657,-2.2,7.0,-4.4,1020.1,3.6,10,6,2,37,24355.1,,Cold
2016-02-06 11:00:00,Hog_lodging_Shanti,296.401,-1.1,7.0,-4.4,1019.9,4.6,11,6,2,37,24355.1,,Cold
2016-02-06 12:00:00,Hog_lodging_Shanti,317.185,0.6,6.0,-3.9,1018.5,6.2,12,6,2,37,24355.1,,Cold
2016-02-06 13:00:00,Hog_lodging_Shanti,315.891,1.7,6.333333333333333,-3.9,1017.2,6.7,13,6,2,37,24355.1,,Cold
2016-02-06 14:00:00,Hog_lodging_Shanti,312.143,2.2,6.666666666666667,-3.3,1016.1,5.1,14,6,2,37,24355.1,,Cold
2016-02-06 15:00:00,Hog_lodging_Shanti,293.071,2.2,7.0,-3.3,1015.2,5.7,15,6,2,37,24355.1,,Cold
2016-02-06 16:00:00,Hog_lodging_Shanti,288.322,1.7,7.0,-3.9,1014.6,4.6,16,6,2,37,24355.1,,Cold
2016-02-06 17:00:00,Hog_lodging_Shanti,312.072,1.7,7.0,-3.3,1013.6,5.7,17,6,2,37,24355.1,,Cold
2016-02-06 18:00:00,Hog_lodging_Shanti,313.256,1.7,8.0,-3.3,1012.2,6.7,18,6,2,37,24355.1,,Cold
2016-02-06 19:00:00,Hog_lodging_Shanti,311.846,2.2,8.0,-3.3,1011.8,6.2,19,6,2,37,24355.1,,Cold
2016-02-06 20:00:00,Hog_lodging_Shanti,283.547,2.2,8.0,-2.8,1011.7,5.1,20,6,2,37,24355.1,,Cold
2016-02-06 21:00:00,Hog_lodging_Shanti,285.458,1.7,8.0,-2.2,1010.7,4.6,21,6,2,37,24355.1,,Cold
2016-02-06 22:00:00,Hog_lodging_Shanti,287.605,1.7,8.0,-2.2,1009.9,4.6,22,6,2,37,24355.1,,Cold
2016-02-06 23:00:00,Hog_lodging_Shanti,276.3,1.7,8.0,-2.2,1008.5,4.1,23,6,2,37,24355.1,,Cold
2016-02-07 00:00:00,Hog_lodging_Shanti,265.67400000000004,1.7,8.0,-2.8,1007.7,3.6,0,7,2,38,24355.1,,Cold
2016-02-07 01:00:00,Hog_lodging_Shanti,250.279,1.1,5.333333333333334,-2.8,1006.7,4.6,1,7,2,38,24355.1,,Cold
2016-02-07 02:00:00,Hog_lodging_Shanti,251.275,0.6,2.666666666666667,-2.8,1005.7,2.1,2,7,2,38,24355.1,,Cold
2016-02-07 03:00:00,Hog_lodging_Shanti,243.101,0.6,0.0,-2.8,1005.4,2.6,3,7,2,38,24355.1,,Cold
2016-02-07 04:00:00,Hog_lodging_Shanti,223.857,-0.6,2.0,-3.3,1004.7,3.6,4,7,2,38,24355.1,,Cold
2016-02-07 05:00:00,Hog_lodging_Shanti,220.257,0.6,4.0,-2.8,1004.5,3.1,5,7,2,38,24355.1,,Cold
2016-02-07 06:00:00,Hog_lodging_Shanti,214.404,1.1,6.0,-2.2,1004.2,6.2,6,7,2,38,24355.1,,Cold
2016-02-07 07:00:00,Hog_lodging_Shanti,242.852,2.8,5.5,-2.2,1004.0,6.7,7,7,2,38,24355.1,,Cold
2016-02-07 08:00:00,Hog_lodging_Shanti,251.425,2.8,5.0,-2.8,1003.9,7.7,8,7,2,38,24355.1,,Cold
2016-02-07 09:00:00,Hog_lodging_Shanti,250.508,2.8,4.5,-3.3,1004.1,7.2,9,7,2,38,24355.1,,Cold
2016-02-07 10:00:00,Hog_lodging_Shanti,265.596,3.9,4.0,-3.3,1003.8,8.8,10,7,2,38,24355.1,,Cold
2016-02-07 11:00:00,Hog_lodging_Shanti,283.96,3.9,2.0,-3.9,1004.3,7.7,11,7,2,38,24355.1,,Cold
2016-02-07 12:00:00,Hog_lodging_Shanti,308.774,4.4,6.0,-3.9,1004.1,7.2,12,7,2,38,24355.1,,Cold
2016-02-07 13:00:00,Hog_lodging_Shanti,318.212,3.9,6.333333333333333,-3.3,1003.7,9.3,13,7,2,38,24355.1,,Cold
2016-02-07 14:00:00,Hog_lodging_Shanti,317.869,3.9,6.666666666666667,-2.8,1003.5,7.2,14,7,2,38,24355.1,,Cold
2016-02-07 15:00:00,Hog_lodging_Shanti,302.913,3.3,7.0,-2.2,1003.5,6.7,15,7,2,38,24355.1,,Cold
2016-02-07 16:00:00,Hog_lodging_Shanti,299.7920000000001,2.8,7.0,-1.7,1003.9,6.7,16,7,2,38,24355.1,,Cold
2016-02-07 17:00:00,Hog_lodging_Shanti,351.973,2.8,7.0,-1.1,1004.3,5.7,17,7,2,38,24355.1,,Cold
2016-02-07 18:00:00,Hog_lodging_Shanti,346.227,0.6,8.0,-5.6,1005.8,7.7,18,7,2,38,24355.1,,Cold
2016-02-07 19:00:00,Hog_lodging_Shanti,327.427,-2.8,8.0,-5.6,1007.4,9.8,19,7,2,38,24355.1,,Cold
2016-02-07 20:00:00,Hog_lodging_Shanti,337.122,-5.0,8.0,-7.8,1007.95,9.3,20,7,2,38,24355.1,,Cold
2016-02-07 21:00:00,Hog_lodging_Shanti,302.671,-6.7,8.0,-11.1,1008.5,12.4,21,7,2,38,24355.1,,Cold
2016-02-07 22:00:00,Hog_lodging_Shanti,308.5,-7.8,8.0,-12.2,1008.9,12.4,22,7,2,38,24355.1,,Cold
2016-02-07 23:00:00,Hog_lodging_Shanti,303.692,-8.3,8.0,-13.3,1009.2,9.8,23,7,2,38,24355.1,,Cold
2016-02-08 00:00:00,Hog_lodging_Shanti,288.378,-8.9,8.0,-13.3,1009.4,9.8,0,1,2,39,24355.1,,Cold
2016-02-08 01:00:00,Hog_lodging_Shanti,250.506,-9.4,8.0,-12.8,1009.6,7.2,1,1,2,39,24355.1,,Cold
2016-02-08 02:00:00,Hog_lodging_Shanti,234.176,-9.4,8.0,-12.8,1009.8,7.2,2,1,2,39,24355.1,,Cold
2016-02-08 03:00:00,Hog_lodging_Shanti,238.489,-9.4,8.0,-13.3,1010.0,6.7,3,1,2,39,24355.1,,Cold
2016-02-08 04:00:00,Hog_lodging_Shanti,231.867,-9.4,8.0,-13.9,1010.5,8.2,4,1,2,39,24355.1,,Cold
2016-02-08 05:00:00,Hog_lodging_Shanti,222.77,-10.0,8.0,-14.4,1011.2,9.3,5,1,2,39,24355.1,,Cold
2016-02-08 06:00:00,Hog_lodging_Shanti,224.80900000000003,-10.6,8.0,-15.0,1012.2,7.2,6,1,2,39,24355.1,,Cold
2016-02-08 07:00:00,Hog_lodging_Shanti,261.16900000000004,-11.1,8.0,-15.6,1013.0,10.3,7,1,2,39,24355.1,,Cold
2016-02-08 08:00:00,Hog_lodging_Shanti,286.777,-11.7,8.0,-16.7,1013.7,10.8,8,1,2,39,24355.1,,Cold
2016-02-08 09:00:00,Hog_lodging_Shanti,294.846,-11.7,8.0,-16.1,1014.6,9.8,9,1,2,39,24355.1,,Cold
2016-02-08 10:00:00,Hog_lodging_Shanti,311.959,-11.1,8.0,-16.1,1015.4,8.2,10,1,2,39,24355.1,,Cold
2016-02-08 11:00:00,Hog_lodging_Shanti,314.841,-10.6,8.0,-16.1,1016.0,9.8,11,1,2,39,24355.1,,Cold
2016-02-08 12:00:00,Hog_lodging_Shanti,309.79,-10.0,8.0,-15.6,1015.9,8.8,12,1,2,39,24355.1,,Cold
2016-02-08 13:00:00,Hog_lodging_Shanti,316.827,-8.9,8.0,-15.0,1015.2,7.7,13,1,2,39,24355.1,,Cold
2016-02-08 14:00:00,Hog_lodging_Shanti,309.648,-8.9,8.0,-14.4,1015.1,8.8,14,1,2,39,24355.1,,Cold
2016-02-08 15:00:00,Hog_lodging_Shanti,291.731,-9.4,8.0,-14.4,1016.0,8.2,15,1,2,39,24355.1,,Cold
2016-02-08 16:00:00,Hog_lodging_Shanti,305.291,-8.9,8.0,-15.0,1016.1,9.3,16,1,2,39,24355.1,,Cold
2016-02-08 17:00:00,Hog_lodging_Shanti,328.6330000000001,-8.9,8.0,-14.4,1016.5,8.2,17,1,2,39,24355.1,,Cold
2016-02-08 18:00:00,Hog_lodging_Shanti,331.411,-8.9,8.0,-14.4,1016.3,8.2,18,1,2,39,24355.1,,Cold
2016-02-08 19:00:00,Hog_lodging_Shanti,335.474,-9.4,8.0,-14.4,1016.6,9.8,19,1,2,39,24355.1,,Cold
2016-02-08 20:00:00,Hog_lodging_Shanti,338.936,-10.0,8.0,-13.9,1016.7,8.8,20,1,2,39,24355.1,,Cold
2016-02-08 21:00:00,Hog_lodging_Shanti,328.528,-10.0,8.0,-15.0,1016.85,9.3,21,1,2,39,24355.1,,Cold
2016-02-08 22:00:00,Hog_lodging_Shanti,312.745,-10.6,8.0,-15.0,1017.0,6.7,22,1,2,39,24355.1,,Cold
2016-02-08 23:00:00,Hog_lodging_Shanti,305.986,-10.6,8.0,-15.6,1017.2,7.7,23,1,2,39,24355.1,,Cold
2016-02-09 00:00:00,Hog_lodging_Shanti,296.186,-11.1,8.0,-15.6,1017.5,6.2,0,2,2,40,24355.1,,Cold
2016-02-09 01:00:00,Hog_lodging_Shanti,274.29900000000004,-11.1,7.0,-15.6,1017.6,4.6,1,2,2,40,24355.1,,Cold
2016-02-09 02:00:00,Hog_lodging_Shanti,256.621,-11.7,6.0,-16.7,1017.6,6.2,2,2,2,40,24355.1,,Cold
2016-02-09 03:00:00,Hog_lodging_Shanti,239.912,-12.8,5.0,-17.8,1018.3,9.8,3,2,2,40,24355.1,,Cold
2016-02-09 04:00:00,Hog_lodging_Shanti,241.742,-13.3,5.0,-17.8,1018.9,7.7,4,2,2,40,24355.1,,Cold
2016-02-09 05:00:00,Hog_lodging_Shanti,221.508,-13.9,5.0,-18.3,1019.6,8.8,5,2,2,40,24355.1,,Cold
2016-02-09 06:00:00,Hog_lodging_Shanti,242.893,-14.4,2.0,-18.9,1019.9,7.7,6,2,2,40,24355.1,,Cold
2016-02-09 07:00:00,Hog_lodging_Shanti,270.728,-15.0,2.0,-18.9,1020.7,6.2,7,2,2,40,24355.1,,Cold
2016-02-09 08:00:00,Hog_lodging_Shanti,295.948,-15.0,2.0,-18.9,1021.1,8.2,8,2,2,40,24355.1,,Cold
2016-02-09 09:00:00,Hog_lodging_Shanti,301.329,-13.9,2.0,-18.9,1021.2,7.2,9,2,2,40,24355.1,,Cold
2016-02-09 10:00:00,Hog_lodging_Shanti,327.914,-12.8,2.0,-18.3,1021.7,7.7,10,2,2,40,24355.1,,Cold
2016-02-09 11:00:00,Hog_lodging_Shanti,314.372,-11.7,0.0,-18.3,1022.0,8.8,11,2,2,40,24355.1,,Cold
2016-02-09 12:00:00,Hog_lodging_Shanti,325.405,-10.0,0.0,-17.8,1021.6,7.2,12,2,2,40,24355.1,,Cold
2016-02-09 13:00:00,Hog_lodging_Shanti,335.61800000000005,-9.4,0.0,-17.2,1020.7,8.2,13,2,2,40,24355.1,,Cold
2016-02-09 14:00:00,Hog_lodging_Shanti,322.373,-8.9,0.0,-17.8,1020.3,8.2,14,2,2,40,24355.1,,Cold
2016-02-09 15:00:00,Hog_lodging_Shanti,313.712,-8.9,0.0,-18.3,1020.9,9.3,15,2,2,40,24355.1,,Cold
2016-02-09 16:00:00,Hog_lodging_Shanti,327.551,-8.9,0.0,-17.8,1021.5,7.2,16,2,2,40,24355.1,,Cold
2016-02-09 17:00:00,Hog_lodging_Shanti,341.583,-9.4,2.0,-18.3,1021.6,6.2,17,2,2,40,24355.1,,Cold
2016-02-09 18:00:00,Hog_lodging_Shanti,351.341,-10.6,2.0,-18.9,1022.5,5.7,18,2,2,40,24355.1,,Cold
2016-02-09 19:00:00,Hog_lodging_Shanti,359.69699999999995,-10.6,0.0,-18.9,1022.8,5.7,19,2,2,40,24355.1,,Cold
2016-02-09 20:00:00,Hog_lodging_Shanti,356.04,-11.1,2.0,-18.9,1022.8,4.1,20,2,2,40,24355.1,,Cold
2016-02-09 21:00:00,Hog_lodging_Shanti,343.394,-11.1,2.0,-18.9,1022.4,5.1,21,2,2,40,24355.1,,Cold
2016-02-09 22:00:00,Hog_lodging_Shanti,329.857,-12.2,2.0,-19.4,1022.8,5.7,22,2,2,40,24355.1,,Cold
2016-02-09 23:00:00,Hog_lodging_Shanti,332.385,-12.8,4.0,-20.0,1023.2,4.6,23,2,2,40,24355.1,,Cold
2016-02-10 00:00:00,Hog_lodging_Shanti,321.634,-13.3,2.0,-20.0,1022.8,6.2,0,3,2,41,24355.1,,Cold
2016-02-10 01:00:00,Hog_lodging_Shanti,292.29,-13.9,4.0,-20.0,1022.7,5.1,1,3,2,41,24355.1,,Cold
2016-02-10 02:00:00,Hog_lodging_Shanti,264.672,-14.4,4.0,-20.0,1022.1,3.1,2,3,2,41,24355.1,,Cold
2016-02-10 03:00:00,Hog_lodging_Shanti,263.144,-15.0,5.0,-20.6,1022.1,3.1,3,3,2,41,24355.1,,Cold
2016-02-10 04:00:00,Hog_lodging_Shanti,253.759,-15.0,6.0,-20.6,1021.9,3.1,4,3,2,41,24355.1,,Cold
2016-02-10 05:00:00,Hog_lodging_Shanti,245.442,-15.0,7.0,-20.0,1021.8,3.1,5,3,2,41,24355.1,,Cold
2016-02-10 06:00:00,Hog_lodging_Shanti,259.529,-15.6,8.0,-20.6,1021.9,2.6,6,3,2,41,24355.1,,Cold
2016-02-10 07:00:00,Hog_lodging_Shanti,286.23,-16.1,7.666666666666667,-20.6,1021.9,3.6,7,3,2,41,24355.1,,Cold
2016-02-10 08:00:00,Hog_lodging_Shanti,311.811,-15.6,7.333333333333333,-20.6,1022.2,2.6,8,3,2,41,24355.1,,Cold
2016-02-10 09:00:00,Hog_lodging_Shanti,318.9120000000001,-15.6,7.0,-20.6,1022.6,0.0,9,3,2,41,24355.1,,Cold
2016-02-10 10:00:00,Hog_lodging_Shanti,337.1140000000001,-14.4,7.0,-21.1,1022.6,3.6,10,3,2,41,24355.1,,Cold
2016-02-10 11:00:00,Hog_lodging_Shanti,326.363,-13.9,7.0,-20.6,1022.3,2.6,11,3,2,41,24355.1,,Cold
2016-02-10 12:00:00,Hog_lodging_Shanti,333.033,-12.8,6.0,-20.0,1022.0,2.1,12,3,2,41,24355.1,,Cold
2016-02-10 13:00:00,Hog_lodging_Shanti,342.342,-12.2,6.333333333333333,-20.0,1021.6,2.6,13,3,2,41,24355.1,,Cold
2016-02-10 14:00:00,Hog_lodging_Shanti,333.616,-11.1,6.666666666666667,-19.4,1021.3,1.5,14,3,2,41,24355.1,,Cold
2016-02-10 15:00:00,Hog_lodging_Shanti,307.744,-10.6,7.0,-19.4,1021.6,3.6,15,3,2,41,24355.1,,Cold
2016-02-10 16:00:00,Hog_lodging_Shanti,322.756,-10.6,7.0,-20.0,1022.0,3.6,16,3,2,41,24355.1,,Cold
2016-02-10 17:00:00,Hog_lodging_Shanti,338.51,-11.1,7.0,-19.4,1022.7,2.6,17,3,2,41,24355.1,,Cold
2016-02-10 18:00:00,Hog_lodging_Shanti,346.08,-11.1,8.0,-18.9,1023.8,3.6,18,3,2,41,24355.1,,Cold
2016-02-10 19:00:00,Hog_lodging_Shanti,353.18800000000016,-11.7,6.666666666666667,-19.4,1025.0,2.6,19,3,2,41,24355.1,,Cold
2016-02-10 20:00:00,Hog_lodging_Shanti,349.601,-11.7,5.333333333333334,-19.4,1025.7,3.6,20,3,2,41,24355.1,,Cold
2016-02-10 21:00:00,Hog_lodging_Shanti,334.747,-11.7,4.0,-18.9,1026.2,2.1,21,3,2,41,24355.1,,Cold
2016-02-10 22:00:00,Hog_lodging_Shanti,319.568,-11.7,4.0,-18.9,1026.5,2.1,22,3,2,41,24355.1,,Cold
2016-02-10 23:00:00,Hog_lodging_Shanti,310.183,-12.2,4.0,-20.0,1026.9,1.5,23,3,2,41,24355.1,,Cold
2016-02-11 00:00:00,Hog_lodging_Shanti,322.372,-13.3,0.0,-20.0,1027.2,2.6,0,4,2,42,24355.1,,Cold
2016-02-11 01:00:00,Hog_lodging_Shanti,286.893,-12.8,4.0,-20.0,1027.4,0.0,1,4,2,42,24355.1,,Cold
2016-02-11 02:00:00,Hog_lodging_Shanti,261.392,-14.4,2.0,-19.4,1027.5,1.5,2,4,2,42,24355.1,,Cold
2016-02-11 03:00:00,Hog_lodging_Shanti,240.776,-14.4,0.0,-20.0,1027.7,0.0,3,4,2,42,24355.1,,Cold
2016-02-11 04:00:00,Hog_lodging_Shanti,259.904,-15.0,0.0,-20.0,1027.8,0.0,4,4,2,42,24355.1,,Cold
2016-02-11 05:00:00,Hog_lodging_Shanti,252.091,-16.1,0.0,-20.0,1028.6,1.5,5,4,2,42,24355.1,,Cold
2016-02-11 06:00:00,Hog_lodging_Shanti,262.603,-15.6,0.0,-21.1,1028.5,1.5,6,4,2,42,24355.1,,Cold
2016-02-11 07:00:00,Hog_lodging_Shanti,286.6040000000001,-15.6,0.0,-21.1,1029.1,0.0,7,4,2,42,24355.1,,Cold
2016-02-11 08:00:00,Hog_lodging_Shanti,312.736,-15.0,2.0,-20.6,1029.2,0.0,8,4,2,42,24355.1,,Cold
2016-02-11 09:00:00,Hog_lodging_Shanti,312.011,-14.4,4.0,-19.4,1029.0,0.0,9,4,2,42,24355.1,,Cold
2016-02-11 10:00:00,Hog_lodging_Shanti,333.09,-13.3,4.0,-19.4,1028.9,0.0,10,4,2,42,24355.1,,Cold
2016-02-11 11:00:00,Hog_lodging_Shanti,317.671,-11.7,4.0,-20.0,1028.8,1.5,11,4,2,42,24355.1,,Cold
2016-02-11 12:00:00,Hog_lodging_Shanti,328.13199999999995,-10.6,8.0,-20.0,1028.1,2.1,12,4,2,42,24355.1,,Cold
2016-02-11 13:00:00,Hog_lodging_Shanti,329.396,-9.4,8.0,-20.0,1027.3,3.6,13,4,2,42,24355.1,,Cold
2016-02-11 14:00:00,Hog_lodging_Shanti,331.55,-8.9,8.0,-20.0,1026.1,3.1,14,4,2,42,24355.1,,Cold
2016-02-11 15:00:00,Hog_lodging_Shanti,315.205,-8.3,8.0,-19.4,1025.7,3.1,15,4,2,42,24355.1,,Cold
2016-02-11 16:00:00,Hog_lodging_Shanti,324.253,-8.9,8.0,-18.3,1025.8,3.6,16,4,2,42,24355.1,,Cold
2016-02-11 17:00:00,Hog_lodging_Shanti,335.157,-8.9,8.0,-17.8,1025.9,3.6,17,4,2,42,24355.1,,Cold
2016-02-11 18:00:00,Hog_lodging_Shanti,346.506,-9.4,8.0,-16.1,1026.1,3.1,18,4,2,42,24355.1,,Cold
2016-02-11 19:00:00,Hog_lodging_Shanti,358.331,-8.9,8.0,-14.4,1026.3,2.1,19,4,2,42,24355.1,,Cold
2016-02-11 20:00:00,Hog_lodging_Shanti,347.50699999999995,-9.4,8.0,-13.3,1026.1,3.1,20,4,2,42,24355.1,,Cold
2016-02-11 21:00:00,Hog_lodging_Shanti,330.413,-10.0,8.0,-13.3,1026.1,2.1,21,4,2,42,24355.1,,Cold
2016-02-11 22:00:00,Hog_lodging_Shanti,312.99,-10.0,8.0,-13.3,1025.7,1.5,22,4,2,42,24355.1,,Cold
2016-02-11 23:00:00,Hog_lodging_Shanti,302.636,-10.0,8.0,-13.9,1025.5,2.6,23,4,2,42,24355.1,,Cold
2016-02-12 00:00:00,Hog_lodging_Shanti,301.201,-10.0,8.0,-13.3,1025.2,3.1,0,5,2,43,24355.1,,Cold
2016-02-12 01:00:00,Hog_lodging_Shanti,281.698,-10.0,6.5,-13.3,1024.6,2.6,1,5,2,43,24355.1,,Cold
2016-02-12 02:00:00,Hog_lodging_Shanti,260.343,-10.0,5.0,-13.3,1024.6,4.1,2,5,2,43,24355.1,,Cold
2016-02-12 03:00:00,Hog_lodging_Shanti,246.845,-10.0,3.5,-13.3,1024.6,5.7,3,5,2,43,24355.1,,Cold
2016-02-12 04:00:00,Hog_lodging_Shanti,239.567,-10.6,2.0,-14.4,1025.3,5.7,4,5,2,43,24355.1,,Cold
2016-02-12 05:00:00,Hog_lodging_Shanti,245.422,-11.7,2.0,-15.6,1026.4,5.7,5,5,2,43,24355.1,,Cold
2016-02-12 06:00:00,Hog_lodging_Shanti,257.86,-12.8,2.0,-16.7,1027.3,7.2,6,5,2,43,24355.1,,Cold
2016-02-12 07:00:00,Hog_lodging_Shanti,276.0,-13.9,2.0,-17.2,1028.1,5.7,7,5,2,43,24355.1,,Cold
2016-02-12 08:00:00,Hog_lodging_Shanti,301.768,-13.9,0.0,-18.3,1029.3,7.7,8,5,2,43,24355.1,,Cold
2016-02-12 09:00:00,Hog_lodging_Shanti,316.998,-13.3,0.0,-18.9,1030.0,6.2,9,5,2,43,24355.1,,Cold
2016-02-12 10:00:00,Hog_lodging_Shanti,332.975,-13.3,0.0,-20.0,1030.6,9.8,10,5,2,43,24355.1,,Cold
2016-02-12 11:00:00,Hog_lodging_Shanti,334.83,-13.3,0.0,-20.6,1031.8,10.3,11,5,2,43,24355.1,,Cold
2016-02-12 12:00:00,Hog_lodging_Shanti,337.727,-12.2,0.0,-20.6,1032.6,6.7,12,5,2,43,24355.1,,Cold
2016-02-12 13:00:00,Hog_lodging_Shanti,340.214,-12.2,0.0,-22.2,1032.8,9.8,13,5,2,43,24355.1,,Cold
2016-02-12 14:00:00,Hog_lodging_Shanti,341.56,-12.2,0.0,-22.8,1033.3,7.7,14,5,2,43,24355.1,,Cold
2016-02-12 15:00:00,Hog_lodging_Shanti,320.121,-12.2,0.0,-22.8,1033.7,8.2,15,5,2,43,24355.1,,Cold
2016-02-12 16:00:00,Hog_lodging_Shanti,319.258,-12.2,0.0,-22.8,1034.4,7.7,16,5,2,43,24355.1,,Cold
2016-02-12 17:00:00,Hog_lodging_Shanti,341.228,-12.8,0.0,-23.9,1035.3,7.2,17,5,2,43,24355.1,,Cold
2016-02-12 18:00:00,Hog_lodging_Shanti,347.681,-13.9,0.0,-24.4,1036.2,5.7,18,5,2,43,24355.1,,Cold
2016-02-12 19:00:00,Hog_lodging_Shanti,351.148,-14.4,0.0,-23.9,1036.5,5.1,19,5,2,43,24355.1,,Cold
2016-02-12 20:00:00,Hog_lodging_Shanti,325.986,-15.0,0.0,-23.3,1037.3,4.6,20,5,2,43,24355.1,,Cold
2016-02-12 21:00:00,Hog_lodging_Shanti,308.086,-15.6,0.0,-23.9,1037.4,5.7,21,5,2,43,24355.1,,Cold
2016-02-12 22:00:00,Hog_lodging_Shanti,306.4890000000001,-16.7,0.0,-23.3,1038.0,5.7,22,5,2,43,24355.1,,Cold
2016-02-12 23:00:00,Hog_lodging_Shanti,286.575,-17.2,0.0,-23.9,1038.5,4.6,23,5,2,43,24355.1,,Cold
2016-02-13 00:00:00,Hog_lodging_Shanti,280.85200000000003,-17.8,0.0,-24.4,1039.1,5.1,0,6,2,44,24355.1,,Cold
2016-02-13 01:00:00,Hog_lodging_Shanti,332.534,-18.9,0.0,-24.4,1039.7,4.6,1,6,2,44,24355.1,,Cold
2016-02-13 02:00:00,Hog_lodging_Shanti,297.131,-19.4,0.0,-24.4,1039.9,4.1,2,6,2,44,24355.1,,Cold
2016-02-13 03:00:00,Hog_lodging_Shanti,266.963,-20.0,0.0,-24.4,1040.2,2.6,3,6,2,44,24355.1,,Cold
2016-02-13 04:00:00,Hog_lodging_Shanti,237.79,-20.6,0.0,-25.0,1040.1,3.1,4,6,2,44,24355.1,,Cold
2016-02-13 05:00:00,Hog_lodging_Shanti,287.595,-21.1,0.0,-25.0,1039.9,2.1,5,6,2,44,24355.1,,Cold
2016-02-13 06:00:00,Hog_lodging_Shanti,287.904,-21.1,0.0,-25.0,1039.8,1.5,6,6,2,44,24355.1,,Cold
2016-02-13 07:00:00,Hog_lodging_Shanti,284.2940000000001,-20.6,0.0,-25.6,1040.1,1.5,7,6,2,44,24355.1,,Cold
2016-02-13 08:00:00,Hog_lodging_Shanti,252.445,-21.1,0.0,-25.0,1040.2,2.1,8,6,2,44,24355.1,,Cold
2016-02-13 09:00:00,Hog_lodging_Shanti,305.996,-18.9,0.0,-23.9,1040.2,0.0,9,6,2,44,24355.1,,Cold
2016-02-13 10:00:00,Hog_lodging_Shanti,359.891,-18.3,0.0,-23.9,1040.0,0.0,10,6,2,44,24355.1,,Cold
2016-02-13 11:00:00,Hog_lodging_Shanti,348.767,-17.2,0.0,-23.3,1039.5,0.0,11,6,2,44,24355.1,,Cold
2016-02-13 12:00:00,Hog_lodging_Shanti,326.129,-14.4,0.0,-23.3,1038.7,0.0,12,6,2,44,24355.1,,Cold
2016-02-13 13:00:00,Hog_lodging_Shanti,314.496,-13.9,0.0,-23.3,1037.5,2.1,13,6,2,44,24355.1,,Cold
2016-02-13 14:00:00,Hog_lodging_Shanti,330.798,-12.8,0.0,-23.3,1035.8,3.6,14,6,2,44,24355.1,,Cold
2016-02-13 15:00:00,Hog_lodging_Shanti,320.035,-12.8,0.0,-23.3,1034.8,3.6,15,6,2,44,24355.1,,Cold
2016-02-13 16:00:00,Hog_lodging_Shanti,304.068,-12.2,2.0,-23.3,1034.0,4.1,16,6,2,44,24355.1,,Cold
2016-02-13 17:00:00,Hog_lodging_Shanti,317.27,-12.8,4.0,-22.8,1033.5,3.6,17,6,2,44,24355.1,,Cold
2016-02-13 18:00:00,Hog_lodging_Shanti,336.969,-13.9,4.0,-22.2,1032.9,3.1,18,6,2,44,24355.1,,Cold
2016-02-13 19:00:00,Hog_lodging_Shanti,347.60400000000016,-13.9,4.666666666666667,-22.2,1032.4,3.6,19,6,2,44,24355.1,,Cold
2016-02-13 20:00:00,Hog_lodging_Shanti,329.82,-14.4,5.333333333333333,-21.7,1031.5,4.1,20,6,2,44,24355.1,,Cold
2016-02-13 21:00:00,Hog_lodging_Shanti,313.888,-14.4,6.0,-21.7,1030.8,3.1,21,6,2,44,24355.1,,Cold
2016-02-13 22:00:00,Hog_lodging_Shanti,299.949,-13.9,6.0,-21.7,1030.1,4.6,22,6,2,44,24355.1,,Cold
2016-02-13 23:00:00,Hog_lodging_Shanti,288.868,-13.9,6.0,-21.7,1028.8,4.6,23,6,2,44,24355.1,,Cold
2016-02-14 00:00:00,Hog_lodging_Shanti,304.44,-13.9,8.0,-21.1,1028.1,3.6,0,7,2,45,24355.1,,Cold
2016-02-14 01:00:00,Hog_lodging_Shanti,293.346,-13.3,8.0,-20.6,1027.1,3.1,1,7,2,45,24355.1,,Cold
2016-02-14 02:00:00,Hog_lodging_Shanti,261.472,-12.8,8.0,-20.6,1026.0,4.6,2,7,2,45,24355.1,,Cold
2016-02-14 03:00:00,Hog_lodging_Shanti,251.264,-12.2,8.0,-19.4,1025.0,5.1,3,7,2,45,24355.1,,Cold
2016-02-14 04:00:00,Hog_lodging_Shanti,268.552,-12.8,8.0,-19.4,1023.8,4.6,4,7,2,45,24355.1,,Cold
2016-02-14 05:00:00,Hog_lodging_Shanti,249.253,-12.2,8.0,-18.9,1022.1,7.2,5,7,2,45,24355.1,,Cold
2016-02-14 06:00:00,Hog_lodging_Shanti,246.951,-11.7,8.0,-17.8,1021.6,5.1,6,7,2,45,24355.1,,Cold
2016-02-14 07:00:00,Hog_lodging_Shanti,244.602,-11.7,8.0,-17.2,1020.4,7.2,7,7,2,45,24355.1,,Cold
2016-02-14 08:00:00,Hog_lodging_Shanti,253.47,-11.7,8.0,-16.1,1020.0,7.2,8,7,2,45,24355.1,,Cold
2016-02-14 09:00:00,Hog_lodging_Shanti,289.469,-11.1,8.0,-15.6,1019.9,4.6,9,7,2,45,24355.1,,Cold
2016-02-14 10:00:00,Hog_lodging_Shanti,306.897,-10.0,8.0,-13.9,1019.2,5.1,10,7,2,45,24355.1,,Cold
2016-02-14 11:00:00,Hog_lodging_Shanti,313.284,-9.4,8.0,-12.8,1018.8,5.7,11,7,2,45,24355.1,,Cold
2016-02-14 12:00:00,Hog_lodging_Shanti,302.639,-7.8,8.0,-11.7,1018.0,6.2,12,7,2,45,24355.1,,Cold
2016-02-14 13:00:00,Hog_lodging_Shanti,321.326,-7.8,8.0,-12.2,1016.7,6.2,13,7,2,45,24355.1,,Cold
2016-02-14 14:00:00,Hog_lodging_Shanti,317.195,-7.8,8.0,-11.7,1015.6,5.7,14,7,2,45,24355.1,,Cold
2016-02-14 15:00:00,Hog_lodging_Shanti,319.145,-7.8,8.0,-11.1,1014.8,5.1,15,7,2,45,24355.1,,Cold
2016-02-14 16:00:00,Hog_lodging_Shanti,326.089,-7.2,8.0,-11.1,1015.3,5.7,16,7,2,45,24355.1,,Cold
2016-02-14 17:00:00,Hog_lodging_Shanti,339.944,-7.2,8.0,-11.1,1015.6,6.7,17,7,2,45,24355.1,,Cold
2016-02-14 18:00:00,Hog_lodging_Shanti,336.166,-7.8,8.0,-10.0,1015.6,3.1,18,7,2,45,24355.1,,Cold
2016-02-14 19:00:00,Hog_lodging_Shanti,339.532,-8.3,8.0,-10.6,1015.3,5.1,19,7,2,45,24355.1,,Cold
2016-02-14 20:00:00,Hog_lodging_Shanti,359.961,-8.3,8.0,-11.1,1014.9,4.6,20,7,2,45,24355.1,,Cold
2016-02-14 21:00:00,Hog_lodging_Shanti,331.80300000000005,-7.8,8.0,-11.1,1014.6,4.6,21,7,2,45,24355.1,,Cold
2016-02-14 22:00:00,Hog_lodging_Shanti,319.01,-8.3,8.0,-11.1,1014.2,4.6,22,7,2,45,24355.1,,Cold
2016-02-14 23:00:00,Hog_lodging_Shanti,305.466,-8.3,8.0,-11.1,1013.9,4.1,23,7,2,45,24355.1,,Cold
2016-02-15 00:00:00,Hog_lodging_Shanti,303.24,-7.8,8.0,-11.1,1013.2,3.6,0,1,2,46,24355.1,,Cold
2016-02-15 01:00:00,Hog_lodging_Shanti,287.133,-7.8,8.0,-10.6,1012.9,3.6,1,1,2,46,24355.1,,Cold
2016-02-15 02:00:00,Hog_lodging_Shanti,269.866,-7.8,8.0,-10.0,1012.8,3.6,2,1,2,46,24355.1,,Cold
2016-02-15 03:00:00,Hog_lodging_Shanti,244.808,-7.8,8.0,-9.4,1012.0,2.6,3,1,2,46,24355.1,,Cold
2016-02-15 04:00:00,Hog_lodging_Shanti,230.664,-7.8,8.0,-8.9,1011.5,2.1,4,1,2,46,24355.1,,Cold
2016-02-15 05:00:00,Hog_lodging_Shanti,235.389,-7.2,8.0,-8.9,1011.5,2.1,5,1,2,46,24355.1,,Cold
2016-02-15 06:00:00,Hog_lodging_Shanti,240.191,-7.2,8.0,-8.3,1011.2,1.5,6,1,2,46,24355.1,,Cold
2016-02-15 07:00:00,Hog_lodging_Shanti,271.698,-6.7,8.0,-8.3,1010.7,2.6,7,1,2,46,24355.1,,Cold
2016-02-15 08:00:00,Hog_lodging_Shanti,291.594,-6.7,8.0,-8.3,1010.9,2.1,8,1,2,46,24355.1,,Cold
2016-02-15 09:00:00,Hog_lodging_Shanti,294.952,-6.1,8.0,-7.8,1010.8,2.1,9,1,2,46,24355.1,,Cold
2016-02-15 10:00:00,Hog_lodging_Shanti,317.3590000000001,-5.0,8.0,-7.2,1010.1,2.1,10,1,2,46,24355.1,,Cold
2016-02-15 11:00:00,Hog_lodging_Shanti,308.505,-2.8,8.0,-6.1,1009.4,1.5,11,1,2,46,24355.1,,Cold
2016-02-15 12:00:00,Hog_lodging_Shanti,319.635,-1.7,8.0,-6.1,1008.8,3.1,12,1,2,46,24355.1,,Cold
2016-02-15 13:00:00,Hog_lodging_Shanti,328.992,-1.1,8.0,-5.6,1008.0,4.1,13,1,2,46,24355.1,,Cold
2016-02-15 14:00:00,Hog_lodging_Shanti,326.664,-0.6,8.0,-5.6,1007.5,4.1,14,1,2,46,24355.1,,Cold
2016-02-15 15:00:00,Hog_lodging_Shanti,306.374,0.0,8.0,-5.0,1006.6,4.6,15,1,2,46,24355.1,,Cold
2016-02-15 16:00:00,Hog_lodging_Shanti,313.125,-0.6,8.0,-4.4,1006.9,4.1,16,1,2,46,24355.1,,Cold
2016-02-15 17:00:00,Hog_lodging_Shanti,332.283,-0.6,8.0,-3.9,1006.8,4.6,17,1,2,46,24355.1,,Cold
2016-02-15 18:00:00,Hog_lodging_Shanti,337.3230000000001,-0.6,8.0,-3.9,1006.5,4.1,18,1,2,46,24355.1,,Cold
2016-02-15 19:00:00,Hog_lodging_Shanti,338.564,-1.1,8.0,-3.9,1006.6,3.6,19,1,2,46,24355.1,,Cold
2016-02-15 20:00:00,Hog_lodging_Shanti,336.246,-1.1,8.0,-3.9,1006.2,3.6,20,1,2,46,24355.1,,Cold
2016-02-15 21:00:00,Hog_lodging_Shanti,327.663,-1.7,8.0,-3.9,1006.3,3.1,21,1,2,46,24355.1,,Cold
2016-02-15 22:00:00,Hog_lodging_Shanti,314.111,-1.7,8.0,-2.8,1006.3,3.1,22,1,2,46,24355.1,,Cold
2016-02-15 23:00:00,Hog_lodging_Shanti,302.741,-1.1,8.0,-1.7,1006.1,2.6,23,1,2,46,24355.1,,Cold
2016-02-16 00:00:00,Hog_lodging_Shanti,289.247,-0.6,8.0,-1.7,1006.2,2.1,0,2,2,47,24355.1,,Cold
2016-02-16 01:00:00,Hog_lodging_Shanti,269.961,-0.6,8.0,-1.1,1006.4,1.5,1,2,2,47,24355.1,,Cold
2016-02-16 02:00:00,Hog_lodging_Shanti,249.46,-0.6,8.0,-1.1,1007.0,1.5,2,2,2,47,24355.1,,Cold
2016-02-16 03:00:00,Hog_lodging_Shanti,228.357,-0.6,8.0,-1.1,1007.0,0.0,3,2,2,47,24355.1,,Cold
2016-02-16 04:00:00,Hog_lodging_Shanti,223.46400000000003,-0.6,8.0,-1.7,1007.3,0.0,4,2,2,47,24355.1,,Cold
2016-02-16 05:00:00,Hog_lodging_Shanti,220.558,0.0,8.0,-1.1,1008.25,0.0,5,2,2,47,24355.1,,Cold
2016-02-16 06:00:00,Hog_lodging_Shanti,240.789,0.0,8.0,-0.6,1009.2,3.1,6,2,2,47,24355.1,,Cold
2016-02-16 07:00:00,Hog_lodging_Shanti,270.631,-0.6,8.0,-1.7,1010.5,4.6,7,2,2,47,24355.1,,Cold
2016-02-16 08:00:00,Hog_lodging_Shanti,292.534,-0.6,8.0,-2.2,1011.8,5.7,8,2,2,47,24355.1,,Cold
2016-02-16 09:00:00,Hog_lodging_Shanti,301.993,-0.6,8.0,-4.4,1012.7,6.2,9,2,2,47,24355.1,,Cold
2016-02-16 10:00:00,Hog_lodging_Shanti,320.047,0.0,8.0,-4.4,1013.0,4.6,10,2,2,47,24355.1,,Cold
2016-02-16 11:00:00,Hog_lodging_Shanti,313.382,-0.6,8.0,-5.0,1014.0,5.1,11,2,2,47,24355.1,,Cold
2016-02-16 12:00:00,Hog_lodging_Shanti,327.064,0.0,8.0,-5.0,1014.6,5.7,12,2,2,47,24355.1,,Cold
2016-02-16 13:00:00,Hog_lodging_Shanti,322.545,0.0,6.666666666666667,-5.6,1014.0,3.6,13,2,2,47,24355.1,,Cold
2016-02-16 14:00:00,Hog_lodging_Shanti,327.41,0.6,5.333333333333334,-5.6,1013.8,5.7,14,2,2,47,24355.1,,Cold
2016-02-16 15:00:00,Hog_lodging_Shanti,307.326,1.1,4.0,-6.1,1014.1,5.7,15,2,2,47,24355.1,,Cold
2016-02-16 16:00:00,Hog_lodging_Shanti,307.205,-0.6,4.0,-7.2,1015.1,7.2,16,2,2,47,24355.1,,Cold
2016-02-16 17:00:00,Hog_lodging_Shanti,331.206,-0.6,2.0,-7.2,1015.3,5.1,17,2,2,47,24355.1,,Cold
2016-02-16 18:00:00,Hog_lodging_Shanti,340.228,-1.7,2.0,-8.3,1015.9,4.1,18,2,2,47,24355.1,,Cold
2016-02-16 19:00:00,Hog_lodging_Shanti,342.027,-2.8,2.0,-8.9,1016.7,2.6,19,2,2,47,24355.1,,Cold
2016-02-16 20:00:00,Hog_lodging_Shanti,343.375,-3.3,3.0,-8.9,1017.1,2.6,20,2,2,47,24355.1,,Cold
2016-02-16 21:00:00,Hog_lodging_Shanti,335.196,-3.9,4.0,-9.4,1018.2,1.5,21,2,2,47,24355.1,,Cold
2016-02-16 22:00:00,Hog_lodging_Shanti,319.86,-4.4,4.0,-11.1,1018.9,0.0,22,2,2,47,24355.1,,Cold
2016-02-16 23:00:00,Hog_lodging_Shanti,308.471,-5.0,2.0,-12.2,1019.4,0.0,23,2,2,47,24355.1,,Cold
2016-02-17 00:00:00,Hog_lodging_Shanti,295.285,-6.1,2.0,-12.8,1019.8,2.6,0,3,2,48,24355.1,,Cold
2016-02-17 01:00:00,Hog_lodging_Shanti,280.987,-6.7,0.0,-13.3,1020.1,2.1,1,3,2,48,24355.1,,Cold
2016-02-17 02:00:00,Hog_lodging_Shanti,253.932,-7.2,2.0,-13.3,1020.6,2.1,2,3,2,48,24355.1,,Cold
2016-02-17 03:00:00,Hog_lodging_Shanti,237.218,-7.8,2.0,-13.9,1021.4,2.6,3,3,2,48,24355.1,,Cold
2016-02-17 04:00:00,Hog_lodging_Shanti,228.948,-8.3,2.0,-14.4,1022.0,2.1,4,3,2,48,24355.1,,Cold
2016-02-17 05:00:00,Hog_lodging_Shanti,236.986,-9.4,2.0,-13.9,1023.0,2.1,5,3,2,48,24355.1,,Cold
2016-02-17 06:00:00,Hog_lodging_Shanti,240.33,-9.4,2.0,-14.4,1023.6,1.5,6,3,2,48,24355.1,,Cold
2016-02-17 07:00:00,Hog_lodging_Shanti,256.323,-9.4,2.0,-14.4,1024.3,0.0,7,3,2,48,24355.1,,Cold
2016-02-17 08:00:00,Hog_lodging_Shanti,292.2990000000001,-8.9,2.0,-13.9,1024.9,2.6,8,3,2,48,24355.1,,Cold
2016-02-17 09:00:00,Hog_lodging_Shanti,297.643,-7.2,2.0,-12.8,1025.2,2.1,9,3,2,48,24355.1,,Cold
2016-02-17 10:00:00,Hog_lodging_Shanti,311.786,-6.1,2.0,-12.8,1025.4,3.1,10,3,2,48,24355.1,,Cold
2016-02-17 11:00:00,Hog_lodging_Shanti,318.642,-3.9,4.0,-12.8,1025.7,3.1,11,3,2,48,24355.1,,Cold
2016-02-17 12:00:00,Hog_lodging_Shanti,327.256,-3.3,6.0,-12.2,1025.9,1.5,12,3,2,48,24355.1,,Cold
2016-02-17 13:00:00,Hog_lodging_Shanti,325.571,-2.8,6.333333333333333,-12.2,1025.3,3.1,13,3,2,48,24355.1,,Cold
2016-02-17 14:00:00,Hog_lodging_Shanti,321.391,-2.2,6.666666666666667,-12.8,1024.8,3.1,14,3,2,48,24355.1,,Cold
2016-02-17 15:00:00,Hog_lodging_Shanti,305.894,-2.2,7.0,-11.1,1024.9,3.6,15,3,2,48,24355.1,,Cold
2016-02-17 16:00:00,Hog_lodging_Shanti,305.128,-2.2,7.0,-10.6,1024.8,4.1,16,3,2,48,24355.1,,Cold
2016-02-17 17:00:00,Hog_lodging_Shanti,332.107,-2.2,7.0,-10.6,1024.6,5.7,17,3,2,48,24355.1,,Cold
2016-02-17 18:00:00,Hog_lodging_Shanti,336.298,-2.2,8.0,-10.6,1024.6,3.6,18,3,2,48,24355.1,,Cold
2016-02-17 19:00:00,Hog_lodging_Shanti,345.524,-2.8,6.8,-10.0,1024.9,4.6,19,3,2,48,24355.1,,Cold
2016-02-17 20:00:00,Hog_lodging_Shanti,350.73900000000015,-2.8,5.6,-10.6,1025.0,3.6,20,3,2,48,24355.1,,Cold
2016-02-17 21:00:00,Hog_lodging_Shanti,331.712,-2.8,4.4,-10.6,1024.8,4.1,21,3,2,48,24355.1,,Cold
2016-02-17 22:00:00,Hog_lodging_Shanti,309.773,-2.8,4.4,-10.6,1023.8,4.6,22,3,2,48,24355.1,,Cold
2016-02-17 23:00:00,Hog_lodging_Shanti,296.3040000000001,-3.3,2.0,-10.6,1023.6,3.1,23,3,2,48,24355.1,,Cold
2016-02-18 00:00:00,Hog_lodging_Shanti,292.327,-3.9,6.0,-10.6,1022.9,3.6,0,4,2,49,24355.1,,Cold
2016-02-18 01:00:00,Hog_lodging_Shanti,275.009,-3.9,6.0,-9.4,1022.5,5.1,1,4,2,49,24355.1,,Cold
2016-02-18 02:00:00,Hog_lodging_Shanti,250.156,-3.3,6.0,-8.3,1022.3,4.6,2,4,2,49,24355.1,,Cold
2016-02-18 03:00:00,Hog_lodging_Shanti,233.049,-2.8,6.0,-7.8,1021.1,6.2,3,4,2,49,24355.1,,Cold
2016-02-18 04:00:00,Hog_lodging_Shanti,225.861,-2.2,6.0,-6.7,1020.2,6.7,4,4,2,49,24355.1,,Cold
2016-02-18 05:00:00,Hog_lodging_Shanti,226.131,-2.2,6.0,-6.1,1019.6,4.6,5,4,2,49,24355.1,,Cold
2016-02-18 06:00:00,Hog_lodging_Shanti,241.726,-2.2,6.0,-6.1,1019.0,6.2,6,4,2,49,24355.1,,Cold
2016-02-18 07:00:00,Hog_lodging_Shanti,265.695,-2.2,6.166666666666667,-6.1,1018.2,6.2,7,4,2,49,24355.1,,Cold
2016-02-18 08:00:00,Hog_lodging_Shanti,286.07,-2.2,6.333333333333333,-6.1,1017.5,6.2,8,4,2,49,24355.1,,Cold
2016-02-18 09:00:00,Hog_lodging_Shanti,289.574,-1.7,6.5,-5.6,1016.3,8.2,9,4,2,49,24355.1,,Cold
2016-02-18 10:00:00,Hog_lodging_Shanti,302.802,0.0,6.5,-4.4,1015.2,9.8,10,4,2,49,24355.1,,Cold
2016-02-18 11:00:00,Hog_lodging_Shanti,306.693,0.6,6.5,-3.3,1013.9,11.3,11,4,2,49,24355.1,,Cold
2016-02-18 12:00:00,Hog_lodging_Shanti,324.349,2.2,6.5,-2.2,1012.2,9.8,12,4,2,49,24355.1,,Cold
2016-02-18 13:00:00,Hog_lodging_Shanti,323.822,2.8,6.5,-2.2,1010.2,10.3,13,4,2,49,24355.1,,Cold
2016-02-18 14:00:00,Hog_lodging_Shanti,322.306,2.8,6.5,-1.7,1009.2,8.8,14,4,2,49,24355.1,,Cold
2016-02-18 15:00:00,Hog_lodging_Shanti,323.173,3.3,6.5,-1.7,1008.4,7.7,15,4,2,49,24355.1,,Cold
2016-02-18 16:00:00,Hog_lodging_Shanti,314.203,3.3,6.5,-1.1,1007.1,9.3,16,4,2,49,24355.1,,Cold
2016-02-18 17:00:00,Hog_lodging_Shanti,327.577,3.3,6.5,-1.1,1005.5,8.2,17,4,2,49,24355.1,,Cold
2016-02-18 18:00:00,Hog_lodging_Shanti,347.04,3.3,8.0,-0.6,1004.7,5.1,18,4,2,49,24355.1,,Cold
2016-02-18 19:00:00,Hog_lodging_Shanti,335.5030000000001,4.4,7.2,0.0,1003.9,8.2,19,4,2,49,24355.1,,Cold
2016-02-18 20:00:00,Hog_lodging_Shanti,329.715,4.4,6.4,0.6,1002.8,8.8,20,4,2,49,24355.1,,Cold
2016-02-18 21:00:00,Hog_lodging_Shanti,317.965,4.4,5.6,1.1,1002.1,8.8,21,4,2,49,24355.1,,Cold
2016-02-18 22:00:00,Hog_lodging_Shanti,309.331,4.4,5.6,1.1,1001.8,4.6,22,4,2,49,24355.1,,Cold
2016-02-18 23:00:00,Hog_lodging_Shanti,297.448,3.3,4.0,0.6,1000.6,4.1,23,4,2,49,24355.1,,Cold
2016-02-19 00:00:00,Hog_lodging_Shanti,282.168,3.3,2.0,0.6,999.6,4.6,0,5,2,50,24355.1,,Cold
2016-02-19 01:00:00,Hog_lodging_Shanti,272.837,3.3,0.0,0.6,996.9,6.7,1,5,2,50,24355.1,,Cold
2016-02-19 02:00:00,Hog_lodging_Shanti,244.696,3.3,2.0,0.6,996.3,3.1,2,5,2,50,24355.1,,Cold
2016-02-19 03:00:00,Hog_lodging_Shanti,233.338,1.7,2.0,0.0,994.9,3.6,3,5,2,50,24355.1,,Cold
2016-02-19 04:00:00,Hog_lodging_Shanti,219.69,2.8,2.0,0.6,993.9,2.6,4,5,2,50,24355.1,,Cold
2016-02-19 05:00:00,Hog_lodging_Shanti,220.566,2.8,2.0,0.6,991.7,4.1,5,5,2,50,24355.1,,Cold
2016-02-19 06:00:00,Hog_lodging_Shanti,237.776,2.2,6.0,0.0,991.1,3.6,6,5,2,50,24355.1,,Cold
2016-02-19 07:00:00,Hog_lodging_Shanti,259.401,3.3,6.333333333333333,0.6,989.2,4.6,7,5,2,50,24355.1,,Cold
2016-02-19 08:00:00,Hog_lodging_Shanti,277.942,3.3,6.666666666666667,0.6,988.3,2.6,8,5,2,50,24355.1,,Cold
2016-02-19 09:00:00,Hog_lodging_Shanti,294.8,3.3,7.0,1.1,988.2,2.1,9,5,2,50,24355.1,,Cold
2016-02-19 10:00:00,Hog_lodging_Shanti,313.513,5.6,7.0,3.3,988.3,8.8,10,5,2,50,24355.1,,Cold
2016-02-19 11:00:00,Hog_lodging_Shanti,356.266,4.4,7.0,3.3,990.1,6.7,11,5,2,50,24355.1,,Cold
2016-02-19 12:00:00,Hog_lodging_Shanti,358.0680000000001,4.4,8.0,2.8,992.6,10.8,12,5,2,50,24355.1,,Cold
2016-02-19 13:00:00,Hog_lodging_Shanti,347.37300000000016,3.9,6.5,1.7,994.7,9.3,13,5,2,50,24355.1,,Cold
2016-02-19 14:00:00,Hog_lodging_Shanti,334.722,3.9,5.0,0.6,997.1,9.3,14,5,2,50,24355.1,,Cold
2016-02-19 15:00:00,Hog_lodging_Shanti,324.966,4.4,3.5,0.6,999.2,8.2,15,5,2,50,24355.1,,Cold
2016-02-19 16:00:00,Hog_lodging_Shanti,304.499,6.7,2.0,1.1,1000.5,9.3,16,5,2,50,24355.1,,Cold
2016-02-19 17:00:00,Hog_lodging_Shanti,349.889,7.2,2.0,2.2,1001.8,6.2,17,5,2,50,24355.1,,Cold
2016-02-19 18:00:00,Hog_lodging_Shanti,366.193,6.7,0.0,1.7,1003.0,5.7,18,5,2,50,24355.1,,Cold
2016-02-19 19:00:00,Hog_lodging_Shanti,346.69,6.1,0.0,1.7,1004.0,4.1,19,5,2,50,24355.1,,Cold
2016-02-19 20:00:00,Hog_lodging_Shanti,310.7990000000001,6.1,0.0,1.1,1004.5,5.7,20,5,2,50,24355.1,,Cold
2016-02-19 21:00:00,Hog_lodging_Shanti,281.971,5.6,0.0,0.6,1004.7,4.6,21,5,2,50,24355.1,,Cold
2016-02-19 22:00:00,Hog_lodging_Shanti,266.553,5.6,4.0,0.6,1004.6,4.6,22,5,2,50,24355.1,,Cold
2016-02-19 23:00:00,Hog_lodging_Shanti,258.137,5.0,6.0,0.0,1004.3,4.1,23,5,2,50,24355.1,,Cold
2016-02-20 00:00:00,Hog_lodging_Shanti,259.021,5.6,8.0,0.0,1003.7,4.1,0,6,2,51,24355.1,,Cold
2016-02-20 01:00:00,Hog_lodging_Shanti,268.54400000000004,6.1,5.0,0.0,1004.2,5.7,1,6,2,51,24355.1,,Cold
2016-02-20 02:00:00,Hog_lodging_Shanti,244.9,5.6,2.0,0.0,1005.3,7.2,2,6,2,51,24355.1,,Cold
2016-02-20 03:00:00,Hog_lodging_Shanti,225.182,4.4,2.0,-1.1,1006.9,8.8,3,6,2,51,24355.1,,Cold
2016-02-20 04:00:00,Hog_lodging_Shanti,216.175,3.3,2.0,-1.1,1007.5,5.1,4,6,2,51,24355.1,,Cold
2016-02-20 05:00:00,Hog_lodging_Shanti,217.247,2.2,0.0,-1.1,1008.4,3.6,5,6,2,51,24355.1,,Cold
2016-02-20 06:00:00,Hog_lodging_Shanti,227.233,1.7,0.0,-1.1,1009.3,2.6,6,6,2,51,24355.1,,Cold
2016-02-20 07:00:00,Hog_lodging_Shanti,238.898,1.1,2.0,-1.7,1010.1,2.6,7,6,2,51,24355.1,,Cold
2016-02-20 08:00:00,Hog_lodging_Shanti,240.999,1.7,3.2,-1.1,1011.25,4.1,8,6,2,51,24355.1,,Cold
2016-02-20 09:00:00,Hog_lodging_Shanti,242.024,2.2,4.4,-0.6,1012.4,4.6,9,6,2,51,24355.1,,Cold
2016-02-20 10:00:00,Hog_lodging_Shanti,281.249,2.8,5.6,0.0,1012.7,5.7,10,6,2,51,24355.1,,Cold
2016-02-20 11:00:00,Hog_lodging_Shanti,295.201,3.3,5.6,0.0,1013.7,5.7,11,6,2,51,24355.1,,Cold
2016-02-20 12:00:00,Hog_lodging_Shanti,301.06,3.9,8.0,0.0,1013.7,4.1,12,6,2,51,24355.1,,Cold
2016-02-20 13:00:00,Hog_lodging_Shanti,304.45,4.4,7.666666666666667,0.0,1014.0,7.2,13,6,2,51,24355.1,,Cold
2016-02-20 14:00:00,Hog_lodging_Shanti,298.486,3.9,7.333333333333333,0.0,1014.4,7.2,14,6,2,51,24355.1,,Cold
2016-02-20 15:00:00,Hog_lodging_Shanti,293.237,3.9,7.0,-1.7,1015.2,8.2,15,6,2,51,24355.1,,Cold
2016-02-20 16:00:00,Hog_lodging_Shanti,306.032,5.0,7.0,-1.7,1015.8,6.2,16,6,2,51,24355.1,,Cold
2016-02-20 17:00:00,Hog_lodging_Shanti,304.396,5.0,7.0,-1.7,1016.3,4.6,17,6,2,51,24355.1,,Cold
2016-02-20 18:00:00,Hog_lodging_Shanti,303.503,3.3,6.0,-2.2,1016.9,2.6,18,6,2,51,24355.1,,Cold
2016-02-20 19:00:00,Hog_lodging_Shanti,316.303,2.8,5.0,-2.2,1018.1,3.1,19,6,2,51,24355.1,,Cold
2016-02-20 20:00:00,Hog_lodging_Shanti,301.589,2.2,4.0,-2.8,1018.6,3.6,20,6,2,51,24355.1,,Cold
2016-02-20 21:00:00,Hog_lodging_Shanti,289.6090000000001,1.1,4.0,-2.8,1019.5,2.6,21,6,2,51,24355.1,,Cold
2016-02-20 22:00:00,Hog_lodging_Shanti,284.97,0.6,4.0,-3.3,1020.2,3.1,22,6,2,51,24355.1,,Cold
2016-02-20 23:00:00,Hog_lodging_Shanti,279.837,0.0,2.0,-3.3,1020.6,1.5,23,6,2,51,24355.1,,Cold
2016-02-21 00:00:00,Hog_lodging_Shanti,266.478,-1.1,0.0,-3.9,1020.7,1.5,0,7,2,52,24355.1,,Cold
2016-02-21 01:00:00,Hog_lodging_Shanti,264.692,-2.2,0.0,-3.9,1021.0,2.1,1,7,2,52,24355.1,,Cold
2016-02-21 02:00:00,Hog_lodging_Shanti,257.936,-2.2,0.0,-4.4,1021.5,3.6,2,7,2,52,24355.1,,Cold
2016-02-21 03:00:00,Hog_lodging_Shanti,239.765,-2.2,2.0,-4.4,1021.6,3.1,3,7,2,52,24355.1,,Cold
2016-02-21 04:00:00,Hog_lodging_Shanti,223.045,-2.8,2.0,-5.0,1021.2,1.5,4,7,2,52,24355.1,,Cold
2016-02-21 05:00:00,Hog_lodging_Shanti,220.155,-2.8,2.0,-5.6,1021.6,1.5,5,7,2,52,24355.1,,Cold
2016-02-21 06:00:00,Hog_lodging_Shanti,228.618,-2.8,4.0,-5.6,1021.8,2.6,6,7,2,52,24355.1,,Cold
2016-02-21 07:00:00,Hog_lodging_Shanti,243.026,-3.3,4.0,-5.6,1022.3,2.6,7,7,2,52,24355.1,,Cold
2016-02-21 08:00:00,Hog_lodging_Shanti,246.265,-2.8,4.4,-5.6,1023.4,0.0,8,7,2,52,24355.1,,Cold
2016-02-21 09:00:00,Hog_lodging_Shanti,247.802,-1.7,4.8,-5.0,1024.1,4.1,9,7,2,52,24355.1,,Cold
2016-02-21 10:00:00,Hog_lodging_Shanti,273.29200000000003,-0.6,5.2,-5.0,1024.4,0.0,10,7,2,52,24355.1,,Cold
2016-02-21 11:00:00,Hog_lodging_Shanti,297.892,1.1,5.2,-4.4,1024.2,0.0,11,7,2,52,24355.1,,Cold
2016-02-21 12:00:00,Hog_lodging_Shanti,306.873,2.2,6.0,-3.9,1024.5,3.6,12,7,2,52,24355.1,,Cold
2016-02-21 13:00:00,Hog_lodging_Shanti,309.39,2.2,6.333333333333333,-3.9,1024.0,4.1,13,7,2,52,24355.1,,Cold
2016-02-21 14:00:00,Hog_lodging_Shanti,310.441,1.7,6.666666666666667,-4.4,1023.8,3.6,14,7,2,52,24355.1,,Cold
2016-02-21 15:00:00,Hog_lodging_Shanti,306.725,1.1,7.0,-3.9,1024.0,5.1,15,7,2,52,24355.1,,Cold
2016-02-21 16:00:00,Hog_lodging_Shanti,319.463,1.1,7.0,-3.9,1024.2,3.6,16,7,2,52,24355.1,,Cold
2016-02-21 17:00:00,Hog_lodging_Shanti,316.285,1.1,7.0,-3.9,1023.9,3.6,17,7,2,52,24355.1,,Cold
2016-02-21 18:00:00,Hog_lodging_Shanti,323.026,0.6,8.0,-3.9,1024.5,3.1,18,7,2,52,24355.1,,Cold
2016-02-21 19:00:00,Hog_lodging_Shanti,317.392,0.6,8.0,-3.9,1025.0,4.1,19,7,2,52,24355.1,,Cold
2016-02-21 20:00:00,Hog_lodging_Shanti,342.6790000000001,0.0,8.0,-4.4,1025.0,3.6,20,7,2,52,24355.1,,Cold
2016-02-21 21:00:00,Hog_lodging_Shanti,318.388,0.0,8.0,-4.4,1025.2,4.6,21,7,2,52,24355.1,,Cold
2016-02-21 22:00:00,Hog_lodging_Shanti,314.2920000000001,0.0,8.0,-5.0,1025.3,2.6,22,7,2,52,24355.1,,Cold
2016-02-21 23:00:00,Hog_lodging_Shanti,299.285,-0.6,8.0,-5.0,1024.8,2.1,23,7,2,52,24355.1,,Cold
2016-02-22 00:00:00,Hog_lodging_Shanti,278.503,-0.6,8.0,-4.4,1024.6,2.1,0,1,2,53,24355.1,,Cold
2016-02-22 01:00:00,Hog_lodging_Shanti,263.579,-0.6,8.0,-5.6,1024.7,3.1,1,1,2,53,24355.1,,Cold
2016-02-22 02:00:00,Hog_lodging_Shanti,249.312,-1.1,8.0,-6.1,1024.5,1.5,2,1,2,53,24355.1,,Cold
2016-02-22 03:00:00,Hog_lodging_Shanti,231.926,-1.1,8.0,-6.1,1024.0,0.0,3,1,2,53,24355.1,,Cold
2016-02-22 04:00:00,Hog_lodging_Shanti,223.96,-1.1,8.0,-7.2,1023.7,2.6,4,1,2,53,24355.1,,Cold
2016-02-22 05:00:00,Hog_lodging_Shanti,222.837,-1.7,8.0,-7.2,1023.5,2.1,5,1,2,53,24355.1,,Cold
2016-02-22 06:00:00,Hog_lodging_Shanti,234.263,-1.7,8.0,-8.3,1023.3,1.5,6,1,2,53,24355.1,,Cold
2016-02-22 07:00:00,Hog_lodging_Shanti,266.62,-2.8,8.0,-8.9,1023.2,2.1,7,1,2,53,24355.1,,Cold
2016-02-22 08:00:00,Hog_lodging_Shanti,288.987,-2.2,8.0,-7.8,1023.5,1.5,8,1,2,53,24355.1,,Cold
2016-02-22 09:00:00,Hog_lodging_Shanti,300.276,-1.1,8.0,-7.8,1023.5,0.0,9,1,2,53,24355.1,,Cold
2016-02-22 10:00:00,Hog_lodging_Shanti,311.491,-1.1,8.0,-7.8,1023.3,2.6,10,1,2,53,24355.1,,Cold
2016-02-22 11:00:00,Hog_lodging_Shanti,308.991,0.0,8.0,-7.2,1023.1,3.1,11,1,2,53,24355.1,,Cold
2016-02-22 12:00:00,Hog_lodging_Shanti,317.709,0.6,8.0,-6.7,1022.9,2.1,12,1,2,53,24355.1,,Cold
2016-02-22 13:00:00,Hog_lodging_Shanti,318.978,0.6,8.0,-6.7,1022.1,3.6,13,1,2,53,24355.1,,Cold
2016-02-22 14:00:00,Hog_lodging_Shanti,312.317,1.7,8.0,-6.1,1021.1,3.6,14,1,2,53,24355.1,,Cold
2016-02-22 15:00:00,Hog_lodging_Shanti,309.232,1.1,8.0,-5.6,1020.7,2.6,15,1,2,53,24355.1,,Cold
2016-02-22 16:00:00,Hog_lodging_Shanti,321.48,1.1,8.0,-5.6,1020.4,3.1,16,1,2,53,24355.1,,Cold
2016-02-22 17:00:00,Hog_lodging_Shanti,333.23800000000006,0.6,8.0,-5.6,1019.9,4.1,17,1,2,53,24355.1,,Cold
2016-02-22 18:00:00,Hog_lodging_Shanti,337.131,0.6,8.0,-5.6,1020.0,3.1,18,1,2,53,24355.1,,Cold
2016-02-22 19:00:00,Hog_lodging_Shanti,341.921,0.6,8.0,-5.6,1020.2,2.1,19,1,2,53,24355.1,,Cold
2016-02-22 20:00:00,Hog_lodging_Shanti,329.9190000000001,0.6,8.0,-5.0,1020.0,1.5,20,1,2,53,24355.1,,Cold
2016-02-22 21:00:00,Hog_lodging_Shanti,312.0490000000001,0.6,8.0,-4.4,1020.0,1.5,21,1,2,53,24355.1,,Cold
2016-02-22 22:00:00,Hog_lodging_Shanti,311.927,0.0,8.0,-4.4,1019.8,1.5,22,1,2,53,24355.1,,Cold
2016-02-22 23:00:00,Hog_lodging_Shanti,296.8,0.6,8.0,-3.9,1019.6,2.1,23,1,2,53,24355.1,,Cold
2016-02-23 00:00:00,Hog_lodging_Shanti,281.9890000000001,0.6,8.0,-3.9,1019.3,3.1,0,2,2,54,24355.1,,Cold
2016-02-23 01:00:00,Hog_lodging_Shanti,269.478,1.1,8.0,-3.3,1019.4,2.6,1,2,2,54,24355.1,,Cold
2016-02-23 02:00:00,Hog_lodging_Shanti,244.719,0.6,8.0,-3.3,1019.0,2.1,2,2,2,54,24355.1,,Cold
2016-02-23 03:00:00,Hog_lodging_Shanti,236.831,0.6,8.0,-2.8,1018.6,2.6,3,2,2,54,24355.1,,Cold
2016-02-23 04:00:00,Hog_lodging_Shanti,222.598,0.6,8.0,-2.8,1018.1,2.1,4,2,2,54,24355.1,,Cold
2016-02-23 05:00:00,Hog_lodging_Shanti,231.319,1.1,8.0,-2.2,1018.3,3.1,5,2,2,54,24355.1,,Cold
2016-02-23 06:00:00,Hog_lodging_Shanti,237.828,1.1,8.0,-1.1,1018.3,3.6,6,2,2,54,24355.1,,Cold
2016-02-23 07:00:00,Hog_lodging_Shanti,253.354,0.6,8.0,-0.6,1018.1,2.6,7,2,2,54,24355.1,,Cold
2016-02-23 08:00:00,Hog_lodging_Shanti,285.42,0.6,8.0,-0.6,1017.9,3.6,8,2,2,54,24355.1,,Cold
2016-02-23 09:00:00,Hog_lodging_Shanti,300.006,0.6,8.0,-0.6,1017.7,2.1,9,2,2,54,24355.1,,Cold
2016-02-23 10:00:00,Hog_lodging_Shanti,313.985,1.7,8.0,0.6,1017.5,2.6,10,2,2,54,24355.1,,Cold
2016-02-23 11:00:00,Hog_lodging_Shanti,312.6140000000001,2.2,8.0,0.0,1017.5,3.6,11,2,2,54,24355.1,,Cold
2016-02-23 12:00:00,Hog_lodging_Shanti,321.697,3.3,8.0,0.0,1017.3,3.6,12,2,2,54,24355.1,,Cold
2016-02-23 13:00:00,Hog_lodging_Shanti,342.564,3.3,8.0,0.0,1016.5,3.6,13,2,2,54,24355.1,,Cold
2016-02-23 14:00:00,Hog_lodging_Shanti,328.182,3.3,8.0,0.6,1016.2,3.1,14,2,2,54,24355.1,,Cold
2016-02-23 15:00:00,Hog_lodging_Shanti,310.411,3.9,8.0,0.6,1015.7,2.1,15,2,2,54,24355.1,,Cold
2016-02-23 16:00:00,Hog_lodging_Shanti,316.4840000000001,3.9,8.0,0.6,1015.9,5.7,16,2,2,54,24355.1,,Cold
2016-02-23 17:00:00,Hog_lodging_Shanti,352.787,3.3,8.0,0.0,1016.5,2.1,17,2,2,54,24355.1,,Cold
2016-02-23 18:00:00,Hog_lodging_Shanti,348.45300000000015,2.8,8.0,-0.6,1017.4,4.1,18,2,2,54,24355.1,,Cold
2016-02-23 19:00:00,Hog_lodging_Shanti,335.5540000000001,2.8,8.0,-0.6,1018.2,2.6,19,2,2,54,24355.1,,Cold
2016-02-23 20:00:00,Hog_lodging_Shanti,328.997,2.2,8.0,-0.6,1018.2,3.6,20,2,2,54,24355.1,,Cold
2016-02-23 21:00:00,Hog_lodging_Shanti,311.944,2.2,8.0,-1.1,1018.3,4.1,21,2,2,54,24355.1,,Cold
2016-02-23 22:00:00,Hog_lodging_Shanti,309.752,2.2,8.0,-1.7,1018.4,5.1,22,2,2,54,24355.1,,Cold
2016-02-23 23:00:00,Hog_lodging_Shanti,295.724,1.7,8.0,-1.7,1018.6,4.6,23,2,2,54,24355.1,,Cold
2016-02-24 00:00:00,Hog_lodging_Shanti,286.6020000000001,1.7,8.0,-1.7,1018.3,3.6,0,3,2,55,24355.1,,Cold
2016-02-24 01:00:00,Hog_lodging_Shanti,274.817,1.7,8.0,-1.1,1018.1,4.1,1,3,2,55,24355.1,,Cold
2016-02-24 02:00:00,Hog_lodging_Shanti,254.325,1.7,8.0,-1.1,1017.7,4.1,2,3,2,55,24355.1,,Cold
2016-02-24 03:00:00,Hog_lodging_Shanti,235.364,1.7,8.0,-1.1,1017.7,3.1,3,3,2,55,24355.1,,Cold
2016-02-24 04:00:00,Hog_lodging_Shanti,227.706,1.1,8.0,-1.7,1017.6,4.1,4,3,2,55,24355.1,,Cold
2016-02-24 05:00:00,Hog_lodging_Shanti,230.032,1.1,8.0,-2.2,1017.8,5.1,5,3,2,55,24355.1,,Cold
2016-02-24 06:00:00,Hog_lodging_Shanti,236.033,0.6,8.0,-2.2,1017.8,4.6,6,3,2,55,24355.1,,Cold
2016-02-24 07:00:00,Hog_lodging_Shanti,264.654,0.0,8.0,-2.2,1017.6,4.1,7,3,2,55,24355.1,,Cold
2016-02-24 08:00:00,Hog_lodging_Shanti,288.116,0.0,8.0,-2.8,1017.35,5.1,8,3,2,55,24355.1,,Cold
2016-02-24 09:00:00,Hog_lodging_Shanti,296.699,0.6,8.0,-2.8,1017.1,4.1,9,3,2,55,24355.1,,Cold
2016-02-24 10:00:00,Hog_lodging_Shanti,310.4120000000001,1.7,8.0,-1.7,1016.8,5.1,10,3,2,55,24355.1,,Cold
2016-02-24 11:00:00,Hog_lodging_Shanti,311.004,2.2,8.0,-1.7,1016.3,5.7,11,3,2,55,24355.1,,Cold
2016-02-24 12:00:00,Hog_lodging_Shanti,312.971,2.8,8.0,-2.2,1015.9,4.1,12,3,2,55,24355.1,,Cold
2016-02-24 13:00:00,Hog_lodging_Shanti,319.374,2.8,8.0,-2.8,1015.4,5.1,13,3,2,55,24355.1,,Cold
2016-02-24 14:00:00,Hog_lodging_Shanti,315.928,2.8,8.0,-2.8,1015.0,3.6,14,3,2,55,24355.1,,Cold
2016-02-24 15:00:00,Hog_lodging_Shanti,316.016,2.8,8.0,-3.3,1014.9,3.6,15,3,2,55,24355.1,,Cold
2016-02-24 16:00:00,Hog_lodging_Shanti,316.8590000000001,2.2,8.0,-3.9,1015.1,4.1,16,3,2,55,24355.1,,Cold
2016-02-24 17:00:00,Hog_lodging_Shanti,338.321,2.2,8.0,-4.4,1015.1,4.1,17,3,2,55,24355.1,,Cold
2016-02-24 18:00:00,Hog_lodging_Shanti,351.021,2.2,8.0,-5.0,1015.4,3.6,18,3,2,55,24355.1,,Cold
2016-02-24 19:00:00,Hog_lodging_Shanti,342.059,2.2,7.666666666666667,-4.4,1016.0,3.1,19,3,2,55,24355.1,,Cold
2016-02-24 20:00:00,Hog_lodging_Shanti,347.45,1.7,7.333333333333333,-3.9,1016.1,4.1,20,3,2,55,24355.1,,Cold
2016-02-24 21:00:00,Hog_lodging_Shanti,330.656,1.1,7.0,-3.9,1016.4,3.6,21,3,2,55,24355.1,,Cold
2016-02-24 22:00:00,Hog_lodging_Shanti,313.98,1.1,7.0,-4.4,1016.5,4.1,22,3,2,55,24355.1,,Cold
2016-02-24 23:00:00,Hog_lodging_Shanti,305.088,0.6,7.0,-4.4,1016.8,5.1,23,3,2,55,24355.1,,Cold
2016-02-25 00:00:00,Hog_lodging_Shanti,286.025,-1.1,6.0,-5.6,1017.1,5.1,0,4,2,56,24355.1,,Cold
2016-02-25 01:00:00,Hog_lodging_Shanti,280.423,-1.1,5.333333333333333,-5.6,1017.5,5.1,1,4,2,56,24355.1,,Cold
2016-02-25 02:00:00,Hog_lodging_Shanti,254.479,-1.7,4.666666666666667,-6.1,1018.0,5.7,2,4,2,56,24355.1,,Cold
2016-02-25 03:00:00,Hog_lodging_Shanti,237.901,-2.8,4.0,-6.7,1018.5,5.1,3,4,2,56,24355.1,,Cold
2016-02-25 04:00:00,Hog_lodging_Shanti,227.053,-2.2,5.333333333333333,-7.8,1019.0,5.7,4,4,2,56,24355.1,,Cold
2016-02-25 05:00:00,Hog_lodging_Shanti,237.423,-2.8,6.666666666666666,-7.8,1019.9,7.7,5,4,2,56,24355.1,,Cold
2016-02-25 06:00:00,Hog_lodging_Shanti,233.978,-2.8,8.0,-8.3,1020.7,6.7,6,4,2,56,24355.1,,Cold
2016-02-25 07:00:00,Hog_lodging_Shanti,262.35900000000004,-3.3,6.8,-8.3,1021.8,7.2,7,4,2,56,24355.1,,Cold
2016-02-25 08:00:00,Hog_lodging_Shanti,284.04,-3.3,5.6,-8.3,1022.8,6.2,8,4,2,56,24355.1,,Cold
2016-02-25 09:00:00,Hog_lodging_Shanti,304.1620000000001,-2.8,4.4,-8.3,1023.7,6.7,9,4,2,56,24355.1,,Cold
2016-02-25 10:00:00,Hog_lodging_Shanti,314.203,-2.2,4.4,-8.3,1024.2,6.2,10,4,2,56,24355.1,,Cold
2016-02-25 11:00:00,Hog_lodging_Shanti,305.807,0.0,2.0,-8.9,1024.6,6.2,11,4,2,56,24355.1,,Cold
2016-02-25 12:00:00,Hog_lodging_Shanti,319.87,0.0,2.0,-8.9,1025.1,5.1,12,4,2,56,24355.1,,Cold
2016-02-25 13:00:00,Hog_lodging_Shanti,331.372,1.1,2.0,-7.8,1025.0,6.7,13,4,2,56,24355.1,,Cold
2016-02-25 14:00:00,Hog_lodging_Shanti,321.138,1.1,2.0,-8.3,1024.9,5.7,14,4,2,56,24355.1,,Cold
2016-02-25 15:00:00,Hog_lodging_Shanti,299.453,0.0,2.0,-8.9,1025.2,5.7,15,4,2,56,24355.1,,Cold
2016-02-25 16:00:00,Hog_lodging_Shanti,318.146,0.0,4.0,-8.3,1025.2,7.2,16,4,2,56,24355.1,,Cold
2016-02-25 17:00:00,Hog_lodging_Shanti,345.57199999999995,-0.6,6.0,-8.3,1025.6,5.1,17,4,2,56,24355.1,,Cold
2016-02-25 18:00:00,Hog_lodging_Shanti,345.719,-1.1,8.0,-7.8,1025.6,7.2,18,4,2,56,24355.1,,Cold
2016-02-25 19:00:00,Hog_lodging_Shanti,333.837,-1.1,8.0,-7.8,1025.8,4.6,19,4,2,56,24355.1,,Cold
2016-02-25 20:00:00,Hog_lodging_Shanti,326.301,-1.1,8.0,-7.8,1025.5,6.7,20,4,2,56,24355.1,,Cold
2016-02-25 21:00:00,Hog_lodging_Shanti,309.506,-1.7,8.0,-8.9,1025.6,5.7,21,4,2,56,24355.1,,Cold
2016-02-25 22:00:00,Hog_lodging_Shanti,300.4120000000001,-1.7,8.0,-8.9,1025.8,4.1,22,4,2,56,24355.1,,Cold
2016-02-25 23:00:00,Hog_lodging_Shanti,295.66,-2.2,8.0,-8.9,1025.6,4.1,23,4,2,56,24355.1,,Cold
2016-02-26 00:00:00,Hog_lodging_Shanti,279.473,-2.2,8.0,-8.3,1025.5,4.1,0,5,2,57,24355.1,,Cold
2016-02-26 01:00:00,Hog_lodging_Shanti,274.873,-2.8,8.0,-8.3,1025.4,3.6,1,5,2,57,24355.1,,Cold
2016-02-26 02:00:00,Hog_lodging_Shanti,259.209,-2.8,8.0,-8.3,1025.3,4.1,2,5,2,57,24355.1,,Cold
2016-02-26 03:00:00,Hog_lodging_Shanti,238.088,-3.3,8.0,-8.3,1024.8,3.1,3,5,2,57,24355.1,,Cold
2016-02-26 04:00:00,Hog_lodging_Shanti,226.313,-3.3,8.0,-8.9,1024.4,3.1,4,5,2,57,24355.1,,Cold
2016-02-26 05:00:00,Hog_lodging_Shanti,227.458,-3.9,8.0,-9.4,1024.2,1.5,5,5,2,57,24355.1,,Cold
2016-02-26 06:00:00,Hog_lodging_Shanti,240.762,-3.9,8.0,-9.4,1024.0,3.6,6,5,2,57,24355.1,,Cold
2016-02-26 07:00:00,Hog_lodging_Shanti,261.708,-3.9,6.666666666666667,-10.0,1023.8,3.1,7,5,2,57,24355.1,,Cold
2016-02-26 08:00:00,Hog_lodging_Shanti,274.504,-3.9,5.333333333333334,-10.0,1024.1,2.1,8,5,2,57,24355.1,,Cold
2016-02-26 09:00:00,Hog_lodging_Shanti,288.315,-3.3,4.0,-9.4,1024.2,3.1,9,5,2,57,24355.1,,Cold
2016-02-26 10:00:00,Hog_lodging_Shanti,300.1740000000001,-1.7,4.0,-8.9,1023.7,4.1,10,5,2,57,24355.1,,Cold
2016-02-26 11:00:00,Hog_lodging_Shanti,325.011,0.0,4.0,-7.2,1022.9,4.6,11,5,2,57,24355.1,,Cold
2016-02-26 12:00:00,Hog_lodging_Shanti,327.69,1.7,2.0,-6.1,1022.0,4.6,12,5,2,57,24355.1,,Cold
2016-02-26 13:00:00,Hog_lodging_Shanti,334.842,2.8,2.0,-6.1,1020.9,4.6,13,5,2,57,24355.1,,Cold
2016-02-26 14:00:00,Hog_lodging_Shanti,330.296,3.9,4.0,-5.6,1019.6,3.1,14,5,2,57,24355.1,,Cold
2016-02-26 15:00:00,Hog_lodging_Shanti,310.447,5.0,2.0,-5.6,1018.9,5.7,15,5,2,57,24355.1,,Cold
2016-02-26 16:00:00,Hog_lodging_Shanti,331.07199999999995,5.6,2.0,-4.4,1017.8,4.6,16,5,2,57,24355.1,,Cold
2016-02-26 17:00:00,Hog_lodging_Shanti,334.3130000000001,5.0,2.0,-4.4,1017.2,5.1,17,5,2,57,24355.1,,Cold
2016-02-26 18:00:00,Hog_lodging_Shanti,338.67800000000005,5.0,2.0,-3.3,1016.4,4.1,18,5,2,57,24355.1,,Cold
2016-02-26 19:00:00,Hog_lodging_Shanti,346.564,3.9,3.0,-2.8,1016.1,4.1,19,5,2,57,24355.1,,Cold
2016-02-26 20:00:00,Hog_lodging_Shanti,307.785,3.9,4.0,-2.2,1015.6,5.1,20,5,2,57,24355.1,,Cold
2016-02-26 21:00:00,Hog_lodging_Shanti,299.458,3.3,2.0,-2.2,1014.6,6.2,21,5,2,57,24355.1,,Cold
2016-02-26 22:00:00,Hog_lodging_Shanti,287.58,2.8,2.0,-1.7,1014.3,4.6,22,5,2,57,24355.1,,Cold
2016-02-26 23:00:00,Hog_lodging_Shanti,287.087,2.2,2.0,-1.7,1014.0,3.6,23,5,2,57,24355.1,,Cold
2016-02-27 00:00:00,Hog_lodging_Shanti,270.337,2.2,2.0,-1.7,1013.1,4.1,0,6,2,58,24355.1,,Cold
2016-02-27 01:00:00,Hog_lodging_Shanti,258.254,2.2,2.0,-2.2,1012.3,4.6,1,6,2,58,24355.1,,Cold
2016-02-27 02:00:00,Hog_lodging_Shanti,258.382,1.7,2.0,-2.2,1012.1,3.6,2,6,2,58,24355.1,,Cold
2016-02-27 03:00:00,Hog_lodging_Shanti,251.631,1.7,4.0,-2.2,1011.2,3.6,3,6,2,58,24355.1,,Cold
2016-02-27 04:00:00,Hog_lodging_Shanti,239.199,1.1,2.0,-2.8,1010.8,3.6,4,6,2,58,24355.1,,Cold
2016-02-27 05:00:00,Hog_lodging_Shanti,228.25,1.1,0.0,-2.8,1009.5,3.6,5,6,2,58,24355.1,,Cold
2016-02-27 06:00:00,Hog_lodging_Shanti,218.253,1.7,4.0,-2.8,1009.4,4.6,6,6,2,58,24355.1,,Cold
2016-02-27 07:00:00,Hog_lodging_Shanti,239.66,1.7,4.0,-3.3,1009.1,2.6,7,6,2,58,24355.1,,Cold
2016-02-27 08:00:00,Hog_lodging_Shanti,266.74,2.8,4.0,-2.8,1008.5,2.6,8,6,2,58,24355.1,,Cold
2016-02-27 09:00:00,Hog_lodging_Shanti,266.601,5.6,4.0,-2.8,1007.5,4.6,9,6,2,58,24355.1,,Cold
2016-02-27 10:00:00,Hog_lodging_Shanti,266.82,8.3,4.0,-2.8,1007.1,4.1,10,6,2,58,24355.1,,Cold
2016-02-27 11:00:00,Hog_lodging_Shanti,286.214,10.0,4.0,-2.8,1006.2,5.1,11,6,2,58,24355.1,,Cold
2016-02-27 12:00:00,Hog_lodging_Shanti,307.631,11.7,4.0,-2.8,1005.0,5.1,12,6,2,58,24355.1,,Cold
2016-02-27 13:00:00,Hog_lodging_Shanti,344.723,13.3,4.0,-1.7,1003.9,5.1,13,6,2,58,24355.1,,Cold
2016-02-27 14:00:00,Hog_lodging_Shanti,356.8230000000001,14.4,4.0,-0.6,1002.7,3.6,14,6,2,58,24355.1,,Cold
2016-02-27 15:00:00,Hog_lodging_Shanti,339.34,13.9,4.5,0.6,1001.9,5.1,15,6,2,58,24355.1,,Cold
2016-02-27 16:00:00,Hog_lodging_Shanti,347.668,14.4,5.0,1.1,1001.7,4.6,16,6,2,58,24355.1,,Cold
2016-02-27 17:00:00,Hog_lodging_Shanti,351.93800000000016,13.9,5.5,2.2,1001.0,4.1,17,6,2,58,24355.1,,Cold
2016-02-27 18:00:00,Hog_lodging_Shanti,361.699,12.2,6.0,2.8,1000.8,4.1,18,6,2,58,24355.1,,Cold
2016-02-27 19:00:00,Hog_lodging_Shanti,360.16,11.1,5.333333333333333,3.3,1000.5,4.1,19,6,2,58,24355.1,,Cold
2016-02-27 20:00:00,Hog_lodging_Shanti,347.684,10.0,4.666666666666667,3.3,999.9,2.6,20,6,2,58,24355.1,,Cold
2016-02-27 21:00:00,Hog_lodging_Shanti,330.9290000000001,9.4,4.0,3.3,999.4,2.1,21,6,2,58,24355.1,,Cold
2016-02-27 22:00:00,Hog_lodging_Shanti,322.2340000000001,8.3,4.0,3.3,998.7,1.5,22,6,2,58,24355.1,,Cold
2016-02-27 23:00:00,Hog_lodging_Shanti,310.381,7.8,5.0,3.9,997.8,2.1,23,6,2,58,24355.1,,Cold
2016-02-28 00:00:00,Hog_lodging_Shanti,279.576,6.1,6.0,2.8,997.3,0.0,0,7,2,59,24355.1,,Cold
2016-02-28 01:00:00,Hog_lodging_Shanti,246.201,5.0,6.0,2.2,997.0,0.0,1,7,2,59,24355.1,,Cold
2016-02-28 02:00:00,Hog_lodging_Shanti,241.104,3.3,6.0,1.7,996.2,1.5,2,7,2,59,24355.1,,Cold
2016-02-28 03:00:00,Hog_lodging_Shanti,255.631,3.9,6.0,1.7,996.0,0.0,3,7,2,59,24355.1,,Cold
2016-02-28 04:00:00,Hog_lodging_Shanti,236.095,4.4,6.0,2.2,995.8,0.0,4,7,2,59,24355.1,,Cold
2016-02-28 05:00:00,Hog_lodging_Shanti,228.078,3.3,6.0,1.7,996.0,0.0,5,7,2,59,24355.1,,Cold
2016-02-28 06:00:00,Hog_lodging_Shanti,224.663,2.8,6.0,1.1,996.5,2.6,6,7,2,59,24355.1,,Cold
2016-02-28 07:00:00,Hog_lodging_Shanti,229.332,3.3,6.333333333333333,0.6,996.9,4.6,7,7,2,59,24355.1,,Cold
2016-02-28 08:00:00,Hog_lodging_Shanti,237.987,1.7,6.666666666666667,-1.1,998.6,6.2,8,7,2,59,24355.1,,Cold
2016-02-28 09:00:00,Hog_lodging_Shanti,267.744,1.1,7.0,-1.7,1000.3,6.7,9,7,2,59,24355.1,,Cold
2016-02-28 10:00:00,Hog_lodging_Shanti,297.7390000000001,0.0,7.0,-2.2,1001.9,3.6,10,7,2,59,24355.1,,Cold
2016-02-28 11:00:00,Hog_lodging_Shanti,295.015,0.0,7.0,-2.2,1002.9,6.7,11,7,2,59,24355.1,,Cold
2016-02-28 12:00:00,Hog_lodging_Shanti,302.288,0.0,8.0,-1.7,1003.9,7.2,12,7,2,59,24355.1,,Cold
2016-02-28 13:00:00,Hog_lodging_Shanti,309.073,1.1,8.0,-2.8,1004.4,9.3,13,7,2,59,24355.1,,Cold
2016-02-28 14:00:00,Hog_lodging_Shanti,316.097,2.2,8.0,-2.8,1004.9,7.7,14,7,2,59,24355.1,,Cold
2016-02-28 15:00:00,Hog_lodging_Shanti,323.586,2.2,8.0,-2.8,1005.9,6.7,15,7,2,59,24355.1,,Cold
2016-02-28 16:00:00,Hog_lodging_Shanti,313.418,1.7,8.0,-2.8,1006.8,7.2,16,7,2,59,24355.1,,Cold
2016-02-28 17:00:00,Hog_lodging_Shanti,333.282,2.2,8.0,-2.8,1007.7,6.7,17,7,2,59,24355.1,,Cold
2016-02-28 18:00:00,Hog_lodging_Shanti,339.962,1.7,8.0,-3.9,1008.8,7.2,18,7,2,59,24355.1,,Cold
2016-02-28 19:00:00,Hog_lodging_Shanti,356.528,1.1,4.0,-4.4,1009.6,6.7,19,7,2,59,24355.1,,Cold
2016-02-28 20:00:00,Hog_lodging_Shanti,345.499,0.0,2.0,-4.4,1010.3,5.7,20,7,2,59,24355.1,,Cold
2016-02-28 21:00:00,Hog_lodging_Shanti,320.141,-1.1,2.0,-5.0,1010.8,6.7,21,7,2,59,24355.1,,Cold
2016-02-28 22:00:00,Hog_lodging_Shanti,325.164,-1.7,0.0,-5.6,1010.3,3.6,22,7,2,59,24355.1,,Cold
2016-02-28 23:00:00,Hog_lodging_Shanti,312.059,-2.2,0.0,-5.6,1010.2,3.6,23,7,2,59,24355.1,,Cold
2016-02-29 00:00:00,Hog_lodging_Shanti,306.059,-2.2,0.0,-5.0,1009.3,3.6,0,1,2,60,24355.1,,Cold
2016-02-29 01:00:00,Hog_lodging_Shanti,268.374,-1.7,0.0,-5.0,1008.0,4.1,1,1,2,60,24355.1,,Cold
2016-02-29 02:00:00,Hog_lodging_Shanti,240.942,-1.1,4.0,-3.9,1006.0,5.7,2,1,2,60,24355.1,,Cold
2016-02-29 03:00:00,Hog_lodging_Shanti,238.574,0.0,4.5,-3.3,1005.0,4.6,3,1,2,60,24355.1,,Cold
2016-02-29 04:00:00,Hog_lodging_Shanti,238.453,2.2,5.0,-2.2,1004.3,6.2,4,1,2,60,24355.1,,Cold
2016-02-29 05:00:00,Hog_lodging_Shanti,235.46,2.8,5.5,-1.7,1005.8,4.1,5,1,2,60,24355.1,,Cold
2016-02-29 06:00:00,Hog_lodging_Shanti,234.171,3.9,6.0,-1.7,1007.2,7.2,6,1,2,60,24355.1,,Cold
2016-02-29 07:00:00,Hog_lodging_Shanti,264.381,0.0,5.6,-4.4,1010.2,9.3,7,1,2,60,24355.1,,Cold
2016-02-29 08:00:00,Hog_lodging_Shanti,291.733,-4.4,5.2,-11.7,1013.4,11.8,8,1,2,60,24355.1,,Cold
2016-02-29 09:00:00,Hog_lodging_Shanti,303.791,-5.0,4.8,-16.7,1016.4,6.7,9,1,2,60,24355.1,,Cold
2016-02-29 10:00:00,Hog_lodging_Shanti,312.371,-7.2,4.8,-21.7,1017.6,8.2,10,1,2,60,24355.1,,Cold
2016-02-29 11:00:00,Hog_lodging_Shanti,311.397,-6.1,4.0,-20.0,1018.5,7.7,11,1,2,60,24355.1,,Cold
2016-02-29 12:00:00,Hog_lodging_Shanti,319.312,-5.6,2.0,-21.1,1018.8,5.1,12,1,2,60,24355.1,,Cold
2016-02-29 13:00:00,Hog_lodging_Shanti,334.136,-4.4,2.0,-20.6,1018.9,5.1,13,1,2,60,24355.1,,Cold
2016-02-29 14:00:00,Hog_lodging_Shanti,331.586,-4.4,4.0,-20.6,1018.7,6.7,14,1,2,60,24355.1,,Cold
2016-02-29 15:00:00,Hog_lodging_Shanti,322.636,-3.9,4.0,-20.0,1018.4,6.2,15,1,2,60,24355.1,,Cold
2016-02-29 16:00:00,Hog_lodging_Shanti,339.5030000000001,-3.9,5.333333333333333,-19.4,1018.7,5.1,16,1,2,60,24355.1,,Cold
2016-02-29 17:00:00,Hog_lodging_Shanti,343.24300000000005,-4.4,6.666666666666666,-19.4,1019.2,4.6,17,1,2,60,24355.1,,Cold
2016-02-29 18:00:00,Hog_lodging_Shanti,347.13199999999995,-5.6,8.0,-18.9,1019.5,5.1,18,1,2,60,24355.1,,Cold
2016-02-29 19:00:00,Hog_lodging_Shanti,350.602,-5.6,8.0,-18.9,1020.8,3.6,19,1,2,60,24355.1,,Cold
2016-02-29 20:00:00,Hog_lodging_Shanti,344.42800000000005,-5.6,8.0,-18.9,1021.3,3.6,20,1,2,60,24355.1,,Cold
2016-02-29 21:00:00,Hog_lodging_Shanti,342.4980000000001,-5.6,8.0,-18.9,1020.9,4.6,21,1,2,60,24355.1,,Cold
2016-02-29 22:00:00,Hog_lodging_Shanti,341.677,-6.1,8.0,-19.4,1020.8,5.7,22,1,2,60,24355.1,,Cold
2016-02-29 23:00:00,Hog_lodging_Shanti,328.0540000000001,-6.7,8.0,-18.9,1020.2,6.2,23,1,2,60,24355.1,,Cold
2016-03-01 00:00:00,Hog_lodging_Shanti,299.795,-7.2,8.0,-18.9,1020.7,5.7,0,2,3,61,24355.1,,Cold
2016-03-01 01:00:00,Hog_lodging_Shanti,278.897,-7.2,8.0,-19.4,1021.2,5.1,1,2,3,61,24355.1,,Cold
2016-03-01 02:00:00,Hog_lodging_Shanti,260.218,-7.8,8.0,-20.0,1021.5,5.1,2,2,3,61,24355.1,,Cold
2016-03-01 03:00:00,Hog_lodging_Shanti,256.447,-7.8,8.0,-18.3,1021.5,5.1,3,2,3,61,24355.1,,Cold
2016-03-01 04:00:00,Hog_lodging_Shanti,252.148,-9.4,8.0,-12.8,1021.3,4.1,4,2,3,61,24355.1,,Cold
2016-03-01 05:00:00,Hog_lodging_Shanti,246.766,-8.9,8.0,-17.2,1021.4,6.7,5,2,3,61,24355.1,,Cold
2016-03-01 06:00:00,Hog_lodging_Shanti,251.312,-9.4,8.0,-17.8,1021.2,5.7,6,2,3,61,24355.1,,Cold
2016-03-01 07:00:00,Hog_lodging_Shanti,279.487,-10.0,7.666666666666667,-17.8,1021.8,6.2,7,2,3,61,24355.1,,Cold
2016-03-01 08:00:00,Hog_lodging_Shanti,299.953,-10.0,7.333333333333333,-19.4,1022.3,5.7,8,2,3,61,24355.1,,Cold
2016-03-01 09:00:00,Hog_lodging_Shanti,302.283,-9.4,7.0,-19.4,1023.0,5.1,9,2,3,61,24355.1,,Cold
2016-03-01 10:00:00,Hog_lodging_Shanti,316.319,-9.4,7.0,-19.4,1023.2,5.1,10,2,3,61,24355.1,,Cold
2016-03-01 11:00:00,Hog_lodging_Shanti,308.615,-8.9,7.0,-21.7,1023.2,3.1,11,2,3,61,24355.1,,Cold
2016-03-01 12:00:00,Hog_lodging_Shanti,322.334,-7.2,6.0,-21.1,1022.8,5.1,12,2,3,61,24355.1,,Cold
2016-03-01 13:00:00,Hog_lodging_Shanti,329.564,-5.6,2.0,-22.8,1022.1,5.1,13,2,3,61,24355.1,,Cold
2016-03-01 14:00:00,Hog_lodging_Shanti,340.43300000000005,-5.0,0.0,-22.8,1021.3,6.2,14,2,3,61,24355.1,,Cold
2016-03-01 15:00:00,Hog_lodging_Shanti,325.769,-3.9,0.0,-21.1,1020.4,3.1,15,2,3,61,24355.1,,Cold
2016-03-01 16:00:00,Hog_lodging_Shanti,328.142,-3.3,0.0,-20.6,1020.5,4.6,16,2,3,61,24355.1,,Cold
2016-03-01 17:00:00,Hog_lodging_Shanti,340.392,-3.9,0.0,-19.4,1020.4,5.1,17,2,3,61,24355.1,,Cold
2016-03-01 18:00:00,Hog_lodging_Shanti,352.486,-5.0,0.0,-18.9,1020.8,4.1,18,2,3,61,24355.1,,Cold
2016-03-01 19:00:00,Hog_lodging_Shanti,344.115,-6.1,0.0,-18.9,1021.1,2.6,19,2,3,61,24355.1,,Cold
2016-03-01 20:00:00,Hog_lodging_Shanti,337.162,-6.7,0.0,-18.3,1021.4,2.1,20,2,3,61,24355.1,,Cold
2016-03-01 21:00:00,Hog_lodging_Shanti,338.576,-6.1,0.0,-17.8,1021.2,2.1,21,2,3,61,24355.1,,Cold
2016-03-01 22:00:00,Hog_lodging_Shanti,326.275,-6.7,0.0,-17.8,1020.9,1.5,22,2,3,61,24355.1,,Cold
2016-03-01 23:00:00,Hog_lodging_Shanti,315.829,-7.2,0.0,-12.8,1020.7,3.6,23,2,3,61,24355.1,,Cold
2016-03-02 00:00:00,Hog_lodging_Shanti,287.648,-7.8,2.0,-12.2,1020.6,2.1,0,3,3,62,24355.1,,Cold
2016-03-02 01:00:00,Hog_lodging_Shanti,264.66900000000004,-8.3,4.0,-12.8,1020.6,2.1,1,3,3,62,24355.1,,Cold
2016-03-02 02:00:00,Hog_lodging_Shanti,258.687,-8.3,3.3333333333333335,-12.8,1020.6,3.1,2,3,3,62,24355.1,,Cold
2016-03-02 03:00:00,Hog_lodging_Shanti,255.322,-8.9,2.666666666666667,-13.3,1020.1,1.5,3,3,3,62,24355.1,,Cold
2016-03-02 04:00:00,Hog_lodging_Shanti,250.831,-9.4,2.0,-13.3,1019.8,0.0,4,3,3,62,24355.1,,Cold
2016-03-02 05:00:00,Hog_lodging_Shanti,248.121,-10.0,4.0,-13.9,1019.9,2.6,5,3,3,62,24355.1,,Cold
2016-03-02 06:00:00,Hog_lodging_Shanti,248.571,-10.0,8.0,-13.9,1020.0,3.1,6,3,3,62,24355.1,,Cold
2016-03-02 07:00:00,Hog_lodging_Shanti,268.608,-10.0,5.0,-13.9,1020.2,3.1,7,3,3,62,24355.1,,Cold
2016-03-02 08:00:00,Hog_lodging_Shanti,291.994,-10.0,2.0,-13.9,1020.4,1.5,8,3,3,62,24355.1,,Cold
2016-03-02 09:00:00,Hog_lodging_Shanti,306.532,-8.9,2.0,-13.3,1020.5,2.6,9,3,3,62,24355.1,,Cold
2016-03-02 10:00:00,Hog_lodging_Shanti,316.365,-6.1,2.0,-15.0,1019.6,3.6,10,3,3,62,24355.1,,Cold
2016-03-02 11:00:00,Hog_lodging_Shanti,314.26,-3.9,3.0,-16.1,1019.9,3.6,11,3,3,62,24355.1,,Cold
2016-03-02 12:00:00,Hog_lodging_Shanti,314.032,-3.3,4.0,-15.0,1019.3,2.6,12,3,3,62,24355.1,,Cold
2016-03-02 13:00:00,Hog_lodging_Shanti,328.17,-1.7,2.0,-14.4,1018.0,3.1,13,3,3,62,24355.1,,Cold
2016-03-02 14:00:00,Hog_lodging_Shanti,319.374,-1.1,4.0,-13.9,1017.3,3.1,14,3,3,62,24355.1,,Cold
2016-03-02 15:00:00,Hog_lodging_Shanti,295.689,-1.1,4.0,-13.3,1017.0,2.6,15,3,3,62,24355.1,,Cold
2016-03-02 16:00:00,Hog_lodging_Shanti,308.644,-1.1,4.666666666666667,-12.2,1016.7,4.1,16,3,3,62,24355.1,,Cold
2016-03-02 17:00:00,Hog_lodging_Shanti,323.913,-1.1,5.333333333333333,-12.2,1017.3,3.6,17,3,3,62,24355.1,,Cold
2016-03-02 18:00:00,Hog_lodging_Shanti,328.814,-2.2,6.0,-12.2,1017.3,3.1,18,3,3,62,24355.1,,Cold
2016-03-02 19:00:00,Hog_lodging_Shanti,342.5680000000001,-2.8,6.333333333333333,-12.2,1018.3,4.1,19,3,3,62,24355.1,,Cold
2016-03-02 20:00:00,Hog_lodging_Shanti,336.666,-2.8,6.666666666666667,-13.3,1018.6,3.1,20,3,3,62,24355.1,,Cold
2016-03-02 21:00:00,Hog_lodging_Shanti,329.454,-2.8,7.0,-13.3,1019.3,3.1,21,3,3,62,24355.1,,Cold
2016-03-02 22:00:00,Hog_lodging_Shanti,331.597,-2.8,7.0,-13.3,1019.3,2.6,22,3,3,62,24355.1,,Cold
2016-03-02 23:00:00,Hog_lodging_Shanti,312.396,-3.3,7.0,-13.3,1019.0,3.6,23,3,3,62,24355.1,,Cold
2016-03-03 00:00:00,Hog_lodging_Shanti,288.6740000000001,-3.3,8.0,-13.3,1019.1,2.6,0,4,3,63,24355.1,,Cold
2016-03-03 01:00:00,Hog_lodging_Shanti,264.688,-3.3,8.0,-12.8,1018.8,3.1,1,4,3,63,24355.1,,Cold
2016-03-03 02:00:00,Hog_lodging_Shanti,255.199,-3.3,8.0,-11.7,1018.7,1.5,2,4,3,63,24355.1,,Cold
2016-03-03 03:00:00,Hog_lodging_Shanti,249.063,-3.3,8.0,-11.7,1019.5,2.1,3,4,3,63,24355.1,,Cold
2016-03-03 04:00:00,Hog_lodging_Shanti,242.016,-3.3,8.0,-11.1,1019.4,2.1,4,4,3,63,24355.1,,Cold
2016-03-03 05:00:00,Hog_lodging_Shanti,238.176,-3.3,8.0,-10.6,1019.7,2.6,5,4,3,63,24355.1,,Cold
2016-03-03 06:00:00,Hog_lodging_Shanti,245.344,-3.3,8.0,-10.6,1019.9,3.1,6,4,3,63,24355.1,,Cold
2016-03-03 07:00:00,Hog_lodging_Shanti,257.913,-3.3,8.0,-10.0,1020.5,1.5,7,4,3,63,24355.1,,Cold
2016-03-03 08:00:00,Hog_lodging_Shanti,287.428,-3.3,8.0,-10.0,1020.9,1.5,8,4,3,63,24355.1,,Cold
2016-03-03 09:00:00,Hog_lodging_Shanti,291.224,-2.8,8.0,-10.0,1021.6,0.0,9,4,3,63,24355.1,,Cold
2016-03-03 10:00:00,Hog_lodging_Shanti,312.591,-2.2,8.0,-8.9,1021.7,0.0,10,4,3,63,24355.1,,Cold
2016-03-03 11:00:00,Hog_lodging_Shanti,302.631,-2.2,8.0,-7.8,1022.0,1.5,11,4,3,63,24355.1,,Cold
2016-03-03 12:00:00,Hog_lodging_Shanti,319.149,-1.7,8.0,-7.8,1021.6,1.5,12,4,3,63,24355.1,,Cold
2016-03-03 13:00:00,Hog_lodging_Shanti,331.914,0.6,8.0,-7.2,1021.0,1.5,13,4,3,63,24355.1,,Cold
2016-03-03 14:00:00,Hog_lodging_Shanti,297.305,1.1,8.0,-7.2,1020.8,3.1,14,4,3,63,24355.1,,Cold
2016-03-03 15:00:00,Hog_lodging_Shanti,338.237,0.6,8.0,-7.8,1021.1,4.1,15,4,3,63,24355.1,,Cold
2016-03-03 16:00:00,Hog_lodging_Shanti,325.845,0.6,8.0,-7.8,1021.1,4.1,16,4,3,63,24355.1,,Cold
2016-03-03 17:00:00,Hog_lodging_Shanti,328.786,0.6,8.0,-8.9,1021.0,2.6,17,4,3,63,24355.1,,Cold
2016-03-03 18:00:00,Hog_lodging_Shanti,337.745,0.0,8.0,-8.9,1021.0,2.6,18,4,3,63,24355.1,,Cold
2016-03-03 19:00:00,Hog_lodging_Shanti,334.69,0.0,8.0,-8.3,1021.7,4.1,19,4,3,63,24355.1,,Cold
2016-03-03 20:00:00,Hog_lodging_Shanti,335.185,-0.6,8.0,-8.9,1021.6,2.1,20,4,3,63,24355.1,,Cold
2016-03-03 21:00:00,Hog_lodging_Shanti,319.813,0.0,8.0,-8.9,1021.6,1.5,21,4,3,63,24355.1,,Cold
2016-03-03 22:00:00,Hog_lodging_Shanti,314.637,-0.6,8.0,-8.9,1021.9,1.5,22,4,3,63,24355.1,,Cold
2016-03-03 23:00:00,Hog_lodging_Shanti,303.508,-0.6,8.0,-8.9,1021.6,0.0,23,4,3,63,24355.1,,Cold
2016-03-04 00:00:00,Hog_lodging_Shanti,281.161,0.0,8.0,-8.9,1021.2,0.0,0,5,3,64,24355.1,,Cold
2016-03-04 01:00:00,Hog_lodging_Shanti,262.148,-0.6,8.0,-8.3,1021.1,0.0,1,5,3,64,24355.1,,Cold
2016-03-04 02:00:00,Hog_lodging_Shanti,249.307,-0.6,8.0,-8.3,1020.8,1.5,2,5,3,64,24355.1,,Cold
2016-03-04 03:00:00,Hog_lodging_Shanti,249.756,-0.6,8.0,-6.7,1020.3,3.1,3,5,3,64,24355.1,,Cold
2016-03-04 04:00:00,Hog_lodging_Shanti,238.074,-1.1,8.0,-6.7,1020.2,2.1,4,5,3,64,24355.1,,Cold
2016-03-04 05:00:00,Hog_lodging_Shanti,225.328,-1.1,8.0,-7.2,1020.6,2.6,5,5,3,64,24355.1,,Cold
2016-03-04 06:00:00,Hog_lodging_Shanti,235.121,-1.7,8.0,-7.8,1020.2,2.1,6,5,3,64,24355.1,,Cold
2016-03-04 07:00:00,Hog_lodging_Shanti,258.458,-1.1,8.0,-7.8,1019.7,0.0,7,5,3,64,24355.1,,Cold
2016-03-04 08:00:00,Hog_lodging_Shanti,282.851,-1.1,8.0,-7.2,1019.4,2.1,8,5,3,64,24355.1,,Cold
2016-03-04 09:00:00,Hog_lodging_Shanti,295.717,-0.6,8.0,-6.7,1019.0,4.1,9,5,3,64,24355.1,,Cold
2016-03-04 10:00:00,Hog_lodging_Shanti,309.286,0.6,8.0,-5.0,1018.9,5.7,10,5,3,64,24355.1,,Cold
2016-03-04 11:00:00,Hog_lodging_Shanti,314.7920000000001,0.6,8.0,-5.0,1018.8,5.7,11,5,3,64,24355.1,,Cold
2016-03-04 12:00:00,Hog_lodging_Shanti,319.552,0.6,8.0,-4.4,1018.6,5.7,12,5,3,64,24355.1,,Cold
2016-03-04 13:00:00,Hog_lodging_Shanti,324.833,-0.6,8.0,-3.3,1017.4,5.7,13,5,3,64,24355.1,,Cold
2016-03-04 14:00:00,Hog_lodging_Shanti,331.22,-1.1,8.0,-2.2,1015.2,6.2,14,5,3,64,24355.1,,Cold
2016-03-04 15:00:00,Hog_lodging_Shanti,312.6670000000001,-0.6,8.0,-2.2,1014.4,6.7,15,5,3,64,24355.1,,Cold
2016-03-04 16:00:00,Hog_lodging_Shanti,319.71,0.6,8.0,-2.2,1015.2,3.1,16,5,3,64,24355.1,,Cold
2016-03-04 17:00:00,Hog_lodging_Shanti,327.852,1.1,8.0,-1.7,1014.9,3.1,17,5,3,64,24355.1,,Cold
2016-03-04 18:00:00,Hog_lodging_Shanti,335.435,0.6,8.0,-0.6,1014.4,3.6,18,5,3,64,24355.1,,Cold
2016-03-04 19:00:00,Hog_lodging_Shanti,344.19199999999995,1.1,8.0,-0.6,1014.3,3.6,19,5,3,64,24355.1,,Cold
2016-03-04 20:00:00,Hog_lodging_Shanti,311.329,1.1,8.0,0.0,1014.1,3.1,20,5,3,64,24355.1,,Cold
2016-03-04 21:00:00,Hog_lodging_Shanti,291.177,1.7,8.0,0.0,1013.8,3.6,21,5,3,64,24355.1,,Cold
2016-03-04 22:00:00,Hog_lodging_Shanti,291.31,2.2,8.0,0.0,1014.0,5.1,22,5,3,64,24355.1,,Cold
2016-03-04 23:00:00,Hog_lodging_Shanti,275.96,2.8,8.0,0.0,1014.5,5.7,23,5,3,64,24355.1,,Cold
2016-03-05 00:00:00,Hog_lodging_Shanti,264.173,2.2,8.0,-1.7,1015.1,6.7,0,6,3,65,24355.1,,Cold
2016-03-05 01:00:00,Hog_lodging_Shanti,271.699,1.7,8.0,-2.8,1015.9,8.8,1,6,3,65,24355.1,,Cold
2016-03-05 02:00:00,Hog_lodging_Shanti,270.217,1.1,8.0,-2.2,1016.8,7.2,2,6,3,65,24355.1,,Cold
2016-03-05 03:00:00,Hog_lodging_Shanti,251.746,0.6,8.0,-2.2,1017.6,8.2,3,6,3,65,24355.1,,Cold
2016-03-05 04:00:00,Hog_lodging_Shanti,229.523,0.0,8.0,-2.8,1018.5,6.2,4,6,3,65,24355.1,,Cold
2016-03-05 05:00:00,Hog_lodging_Shanti,225.781,0.0,8.0,-2.8,1019.7,6.7,5,6,3,65,24355.1,,Cold
2016-03-05 06:00:00,Hog_lodging_Shanti,240.249,0.0,8.0,-2.8,1020.4,4.1,6,6,3,65,24355.1,,Cold
2016-03-05 07:00:00,Hog_lodging_Shanti,246.604,-0.6,8.0,-3.3,1021.2,4.6,7,6,3,65,24355.1,,Cold
2016-03-05 08:00:00,Hog_lodging_Shanti,255.956,0.0,8.0,-2.8,1022.5,3.6,8,6,3,65,24355.1,,Cold
2016-03-05 09:00:00,Hog_lodging_Shanti,258.428,0.0,8.0,-3.9,1023.9,4.6,9,6,3,65,24355.1,,Cold
2016-03-05 10:00:00,Hog_lodging_Shanti,272.29900000000004,0.0,8.0,-3.9,1024.5,3.6,10,6,3,65,24355.1,,Cold
2016-03-05 11:00:00,Hog_lodging_Shanti,303.003,0.6,8.0,-3.9,1024.7,2.6,11,6,3,65,24355.1,,Cold
2016-03-05 12:00:00,Hog_lodging_Shanti,313.35,0.6,8.0,-3.9,1024.5,0.0,12,6,3,65,24355.1,,Cold
2016-03-05 13:00:00,Hog_lodging_Shanti,326.552,1.1,7.0,-3.9,1024.2,1.5,13,6,3,65,24355.1,,Cold
2016-03-05 14:00:00,Hog_lodging_Shanti,311.426,1.7,6.0,-3.9,1023.7,0.0,14,6,3,65,24355.1,,Cold
2016-03-05 15:00:00,Hog_lodging_Shanti,302.853,2.8,5.0,-4.4,1023.7,2.6,15,6,3,65,24355.1,,Cold
2016-03-05 16:00:00,Hog_lodging_Shanti,317.684,3.3,4.0,-3.9,1023.0,2.6,16,6,3,65,24355.1,,Cold
2016-03-05 17:00:00,Hog_lodging_Shanti,315.965,3.9,2.0,-3.9,1022.4,2.6,17,6,3,65,24355.1,,Cold
2016-03-05 18:00:00,Hog_lodging_Shanti,320.405,2.8,2.0,-3.9,1022.4,3.6,18,6,3,65,24355.1,,Cold
2016-03-05 19:00:00,Hog_lodging_Shanti,336.476,1.7,2.0,-3.9,1022.0,4.6,19,6,3,65,24355.1,,Cold
2016-03-05 20:00:00,Hog_lodging_Shanti,306.21,1.1,0.0,-3.9,1021.3,4.6,20,6,3,65,24355.1,,Cold
2016-03-05 21:00:00,Hog_lodging_Shanti,287.472,0.0,0.0,-3.9,1020.8,3.6,21,6,3,65,24355.1,,Cold
2016-03-05 22:00:00,Hog_lodging_Shanti,289.475,-1.1,0.0,-3.9,1020.3,4.1,22,6,3,65,24355.1,,Cold
2016-03-05 23:00:00,Hog_lodging_Shanti,294.0370000000001,-0.6,2.0,-3.9,1020.4,4.6,23,6,3,65,24355.1,,Cold
2016-03-06 00:00:00,Hog_lodging_Shanti,278.47,-1.7,2.0,-3.9,1019.1,5.1,0,7,3,66,24355.1,,Cold
2016-03-06 01:00:00,Hog_lodging_Shanti,274.66700000000003,-1.1,4.0,-3.3,1019.0,5.1,1,7,3,66,24355.1,,Cold
2016-03-06 02:00:00,Hog_lodging_Shanti,248.073,-1.1,4.0,-3.3,1018.3,4.6,2,7,3,66,24355.1,,Cold
2016-03-06 03:00:00,Hog_lodging_Shanti,240.695,-1.1,2.0,-3.3,1016.9,4.6,3,7,3,66,24355.1,,Cold
2016-03-06 04:00:00,Hog_lodging_Shanti,242.707,-0.6,2.0,-2.8,1015.5,5.1,4,7,3,66,24355.1,,Cold
2016-03-06 05:00:00,Hog_lodging_Shanti,238.394,-0.6,2.0,-2.8,1014.7,4.6,5,7,3,66,24355.1,,Cold
2016-03-06 06:00:00,Hog_lodging_Shanti,239.335,0.6,6.0,-2.8,1013.6,4.6,6,7,3,66,24355.1,,Cold
2016-03-06 07:00:00,Hog_lodging_Shanti,242.399,1.1,6.0,-2.8,1012.4,6.2,7,7,3,66,24355.1,,Cold
2016-03-06 08:00:00,Hog_lodging_Shanti,237.755,2.8,6.0,-2.2,1011.2,7.7,8,7,3,66,24355.1,,Cold
2016-03-06 09:00:00,Hog_lodging_Shanti,254.331,5.6,6.0,-2.2,1010.5,8.2,9,7,3,66,24355.1,,Cold
2016-03-06 10:00:00,Hog_lodging_Shanti,290.646,8.3,6.0,-2.2,1010.0,7.2,10,7,3,66,24355.1,,Cold
2016-03-06 11:00:00,Hog_lodging_Shanti,297.367,9.4,6.0,-1.7,1008.6,6.7,11,7,3,66,24355.1,,Cold
2016-03-06 12:00:00,Hog_lodging_Shanti,316.944,11.7,6.0,-0.6,1007.5,6.7,12,7,3,66,24355.1,,Cold
2016-03-06 13:00:00,Hog_lodging_Shanti,342.916,13.3,5.6,1.1,1006.4,7.2,13,7,3,66,24355.1,,Cold
2016-03-06 14:00:00,Hog_lodging_Shanti,362.833,13.9,5.2,1.7,1005.5,6.7,14,7,3,66,24355.1,,Cold
2016-03-06 15:00:00,Hog_lodging_Shanti,338.255,14.4,4.8,2.8,1004.8,6.2,15,7,3,66,24355.1,,Cold
2016-03-06 16:00:00,Hog_lodging_Shanti,355.05400000000014,15.0,4.8,3.9,1004.2,7.7,16,7,3,66,24355.1,,Cold
2016-03-06 17:00:00,Hog_lodging_Shanti,333.1140000000001,13.3,4.0,4.4,1004.1,6.2,17,7,3,66,24355.1,,Cold
2016-03-06 18:00:00,Hog_lodging_Shanti,314.466,11.7,4.0,4.4,1004.0,5.7,18,7,3,66,24355.1,,Cold
2016-03-06 19:00:00,Hog_lodging_Shanti,327.476,10.0,4.0,5.0,1003.7,4.6,19,7,3,66,24355.1,,Cold
2016-03-06 20:00:00,Hog_lodging_Shanti,353.246,10.6,2.0,5.0,1003.6,6.2,20,7,3,66,24355.1,,Cold
2016-03-06 21:00:00,Hog_lodging_Shanti,325.693,8.9,2.0,5.0,1003.7,3.6,21,7,3,66,24355.1,,Cold
2016-03-06 22:00:00,Hog_lodging_Shanti,304.645,7.2,2.0,3.9,1004.0,3.6,22,7,3,66,24355.1,,Cold
2016-03-06 23:00:00,Hog_lodging_Shanti,304.0,7.2,2.0,3.9,1003.6,4.1,23,7,3,66,24355.1,,Cold
2016-03-07 00:00:00,Hog_lodging_Shanti,282.811,5.6,2.0,2.8,1003.4,3.6,0,1,3,67,24355.1,,Cold
2016-03-07 01:00:00,Hog_lodging_Shanti,257.648,6.1,2.0,2.8,1003.5,3.1,1,1,3,67,24355.1,,Cold
2016-03-07 02:00:00,Hog_lodging_Shanti,239.519,6.1,2.0,2.8,1003.5,2.6,2,1,3,67,24355.1,,Cold
2016-03-07 03:00:00,Hog_lodging_Shanti,231.974,6.7,3.0,3.3,1003.1,2.6,3,1,3,67,24355.1,,Cold
2016-03-07 04:00:00,Hog_lodging_Shanti,220.965,6.1,4.0,3.3,1003.0,2.6,4,1,3,67,24355.1,,Cold
2016-03-07 05:00:00,Hog_lodging_Shanti,220.306,6.1,5.0,3.3,1003.1,4.6,5,1,3,67,24355.1,,Cold
2016-03-07 06:00:00,Hog_lodging_Shanti,224.706,5.6,6.0,2.8,1003.4,4.1,6,1,3,67,24355.1,,Cold
2016-03-07 07:00:00,Hog_lodging_Shanti,248.761,6.1,2.0,2.8,1003.9,5.1,7,1,3,67,24355.1,,Cold
2016-03-07 08:00:00,Hog_lodging_Shanti,273.816,7.8,4.0,3.9,1004.3,4.1,8,1,3,67,24355.1,,Cold
2016-03-07 09:00:00,Hog_lodging_Shanti,280.613,10.6,2.0,3.9,1004.3,3.6,9,1,3,67,24355.1,,Cold
2016-03-07 10:00:00,Hog_lodging_Shanti,344.824,14.4,0.0,5.0,1004.5,4.6,10,1,3,67,24355.1,,Cold
2016-03-07 11:00:00,Hog_lodging_Shanti,365.559,16.1,3.0,5.6,1004.4,3.6,11,1,3,67,24355.1,,Cold
2016-03-07 12:00:00,Hog_lodging_Shanti,364.359,16.7,6.0,6.1,1004.3,4.6,12,1,3,67,24355.1,,Cold
2016-03-07 13:00:00,Hog_lodging_Shanti,363.942,16.7,6.333333333333333,7.2,1003.8,5.7,13,1,3,67,24355.1,,Cold
2016-03-07 14:00:00,Hog_lodging_Shanti,352.45,16.7,6.666666666666667,7.8,1003.2,5.7,14,1,3,67,24355.1,,Cold
2016-03-07 15:00:00,Hog_lodging_Shanti,343.754,17.2,7.0,8.3,1003.2,5.7,15,1,3,67,24355.1,,Cold
2016-03-07 16:00:00,Hog_lodging_Shanti,341.771,17.2,7.0,8.9,1003.0,7.7,16,1,3,67,24355.1,,Cold
2016-03-07 17:00:00,Hog_lodging_Shanti,370.239,16.1,7.0,9.4,1003.4,4.6,17,1,3,67,24355.1,,Cold
2016-03-07 18:00:00,Hog_lodging_Shanti,377.77,15.6,8.0,8.9,1003.2,4.6,18,1,3,67,24355.1,,Cold
2016-03-07 19:00:00,Hog_lodging_Shanti,380.794,14.4,7.666666666666667,8.3,1003.5,4.1,19,1,3,67,24355.1,,Cold
2016-03-07 20:00:00,Hog_lodging_Shanti,373.145,14.4,7.333333333333333,8.3,1003.3,5.1,20,1,3,67,24355.1,,Cold
2016-03-07 21:00:00,Hog_lodging_Shanti,361.643,13.9,7.0,8.3,1003.7,6.7,21,1,3,67,24355.1,,Cold
2016-03-07 22:00:00,Hog_lodging_Shanti,350.151,13.9,7.0,8.3,1003.8,6.7,22,1,3,67,24355.1,,Cold
2016-03-07 23:00:00,Hog_lodging_Shanti,327.2920000000001,13.9,7.0,8.9,1003.2,6.7,23,1,3,67,24355.1,,Cold
2016-03-08 00:00:00,Hog_lodging_Shanti,319.805,13.9,6.0,9.4,1002.8,3.1,0,2,3,68,24355.1,,Cold
2016-03-08 01:00:00,Hog_lodging_Shanti,270.688,13.9,4.0,9.4,1002.7,5.1,1,2,3,68,24355.1,,Cold
2016-03-08 02:00:00,Hog_lodging_Shanti,242.226,13.3,4.8,9.4,1002.6,6.2,2,2,3,68,24355.1,,Cold
2016-03-08 03:00:00,Hog_lodging_Shanti,235.242,13.3,5.6,10.0,1002.1,4.6,3,2,3,68,24355.1,,Cold
2016-03-08 04:00:00,Hog_lodging_Shanti,250.432,12.2,6.4,9.4,1002.0,4.6,4,2,3,68,24355.1,,Cold
2016-03-08 05:00:00,Hog_lodging_Shanti,271.017,12.8,6.4,10.0,1001.9,7.2,5,2,3,68,24355.1,,Cold
2016-03-08 06:00:00,Hog_lodging_Shanti,258.225,13.3,8.0,10.6,1002.1,5.7,6,2,3,68,24355.1,,Cold
2016-03-08 07:00:00,Hog_lodging_Shanti,280.927,13.9,7.666666666666667,11.1,1001.9,6.2,7,2,3,68,24355.1,,Cold
2016-03-08 08:00:00,Hog_lodging_Shanti,306.551,14.4,7.333333333333333,11.1,1002.4,4.6,8,2,3,68,24355.1,,Cold
2016-03-08 09:00:00,Hog_lodging_Shanti,309.843,15.6,7.0,12.2,1001.9,4.6,9,2,3,68,24355.1,,Cold
2016-03-08 10:00:00,Hog_lodging_Shanti,336.94,16.7,7.0,12.2,1001.5,7.2,10,2,3,68,24355.1,,Cold
2016-03-08 11:00:00,Hog_lodging_Shanti,335.1,17.8,7.0,12.2,1001.2,5.1,11,2,3,68,24355.1,,Cold
2016-03-08 12:00:00,Hog_lodging_Shanti,344.08,20.0,6.0,11.7,1001.3,7.2,12,2,3,68,24355.1,,Cold
2016-03-08 13:00:00,Hog_lodging_Shanti,362.5580000000001,19.4,5.0,10.6,1000.9,8.8,13,2,3,68,24355.1,,Cold
2016-03-08 14:00:00,Hog_lodging_Shanti,353.379,21.1,4.0,8.9,1000.3,10.8,14,2,3,68,24355.1,,Cold
2016-03-08 15:00:00,Hog_lodging_Shanti,363.839,20.0,2.0,6.7,1000.7,10.3,15,2,3,68,24355.1,,Cold
2016-03-08 16:00:00,Hog_lodging_Shanti,334.85,16.7,2.0,7.2,1002.4,9.3,16,2,3,68,24355.1,,Cold
2016-03-08 17:00:00,Hog_lodging_Shanti,354.892,13.9,5.0,6.1,1003.7,9.3,17,2,3,68,24355.1,,Cold
2016-03-08 18:00:00,Hog_lodging_Shanti,368.601,10.6,8.0,5.0,1004.7,9.3,18,2,3,68,24355.1,,Cold
2016-03-08 19:00:00,Hog_lodging_Shanti,377.203,8.9,8.0,3.9,1005.5,8.8,19,2,3,68,24355.1,,Cold
2016-03-08 20:00:00,Hog_lodging_Shanti,377.007,7.8,8.0,2.2,1006.0,8.2,20,2,3,68,24355.1,,Cold
2016-03-08 21:00:00,Hog_lodging_Shanti,358.93,6.7,8.0,2.2,1007.3,8.2,21,2,3,68,24355.1,,Cold
2016-03-08 22:00:00,Hog_lodging_Shanti,357.291,5.6,8.0,1.7,1008.0,5.7,22,2,3,68,24355.1,,Cold
2016-03-08 23:00:00,Hog_lodging_Shanti,342.536,5.6,8.0,1.7,1008.1,5.1,23,2,3,68,24355.1,,Cold
2016-03-09 00:00:00,Hog_lodging_Shanti,295.887,5.0,8.0,1.1,1008.1,6.2,0,3,3,69,24355.1,,Cold
2016-03-09 01:00:00,Hog_lodging_Shanti,271.135,3.9,8.0,0.6,1008.7,5.7,1,3,3,69,24355.1,,Cold
2016-03-09 02:00:00,Hog_lodging_Shanti,258.226,3.3,8.0,0.6,1008.0,2.6,2,3,3,69,24355.1,,Cold
2016-03-09 03:00:00,Hog_lodging_Shanti,245.433,2.8,8.0,0.0,1008.9,4.6,3,3,3,69,24355.1,,Cold
2016-03-09 04:00:00,Hog_lodging_Shanti,256.761,2.2,8.0,0.0,1009.3,2.6,4,3,3,69,24355.1,,Cold
2016-03-09 05:00:00,Hog_lodging_Shanti,268.969,2.2,8.0,0.6,1009.4,4.1,5,3,3,69,24355.1,,Cold
2016-03-09 06:00:00,Hog_lodging_Shanti,268.926,2.2,8.0,0.6,1009.9,4.1,6,3,3,69,24355.1,,Cold
2016-03-09 07:00:00,Hog_lodging_Shanti,291.621,1.7,8.0,0.6,1010.4,4.1,7,3,3,69,24355.1,,Cold
2016-03-09 08:00:00,Hog_lodging_Shanti,312.045,2.2,8.0,1.1,1012.1,2.6,8,3,3,69,24355.1,,Cold
2016-03-09 09:00:00,Hog_lodging_Shanti,321.607,2.2,8.0,1.1,1013.5,3.1,9,3,3,69,24355.1,,Cold
2016-03-09 10:00:00,Hog_lodging_Shanti,334.903,3.3,8.0,1.7,1013.1,4.1,10,3,3,69,24355.1,,Cold
2016-03-09 11:00:00,Hog_lodging_Shanti,339.99300000000005,3.9,8.0,2.2,1014.4,4.1,11,3,3,69,24355.1,,Cold
2016-03-09 12:00:00,Hog_lodging_Shanti,330.244,3.9,8.0,2.2,1014.6,2.6,12,3,3,69,24355.1,,Cold
2016-03-09 13:00:00,Hog_lodging_Shanti,346.66,4.4,8.0,1.7,1014.5,4.1,13,3,3,69,24355.1,,Cold
2016-03-09 14:00:00,Hog_lodging_Shanti,343.807,5.0,8.0,1.7,1014.1,3.1,14,3,3,69,24355.1,,Cold
2016-03-09 15:00:00,Hog_lodging_Shanti,323.21,5.6,8.0,1.7,1015.1,3.6,15,3,3,69,24355.1,,Cold
2016-03-09 16:00:00,Hog_lodging_Shanti,344.184,5.0,8.0,1.7,1014.6,3.6,16,3,3,69,24355.1,,Cold
2016-03-09 17:00:00,Hog_lodging_Shanti,354.773,4.4,8.0,2.8,1015.5,3.1,17,3,3,69,24355.1,,Cold
2016-03-09 18:00:00,Hog_lodging_Shanti,363.456,3.9,8.0,2.2,1016.7,3.6,18,3,3,69,24355.1,,Cold
2016-03-09 19:00:00,Hog_lodging_Shanti,366.696,3.9,8.0,1.7,1017.4,3.6,19,3,3,69,24355.1,,Cold
2016-03-09 20:00:00,Hog_lodging_Shanti,367.251,3.9,8.0,1.1,1018.1,3.6,20,3,3,69,24355.1,,Cold
2016-03-09 21:00:00,Hog_lodging_Shanti,356.867,3.3,8.0,1.1,1018.5,2.1,21,3,3,69,24355.1,,Cold
2016-03-09 22:00:00,Hog_lodging_Shanti,364.509,2.8,8.0,1.1,1018.3,4.1,22,3,3,69,24355.1,,Cold
2016-03-09 23:00:00,Hog_lodging_Shanti,336.421,2.8,8.0,1.1,1018.6,1.5,23,3,3,69,24355.1,,Cold
2016-03-10 00:00:00,Hog_lodging_Shanti,312.455,2.8,8.0,1.1,1019.1,2.1,0,4,3,70,24355.1,,Cold
2016-03-10 01:00:00,Hog_lodging_Shanti,281.995,2.2,8.0,0.6,1019.1,3.6,1,4,3,70,24355.1,,Cold
2016-03-10 02:00:00,Hog_lodging_Shanti,264.647,2.2,8.0,0.0,1019.6,4.1,2,4,3,70,24355.1,,Cold
2016-03-10 03:00:00,Hog_lodging_Shanti,253.025,1.7,8.0,0.0,1019.5,3.6,3,4,3,70,24355.1,,Cold
2016-03-10 04:00:00,Hog_lodging_Shanti,255.877,1.1,8.0,0.0,1020.1,3.6,4,4,3,70,24355.1,,Cold
2016-03-10 05:00:00,Hog_lodging_Shanti,271.985,1.1,8.0,-0.6,1021.0,3.6,5,4,3,70,24355.1,,Cold
2016-03-10 06:00:00,Hog_lodging_Shanti,283.478,1.1,8.0,-0.6,1020.9,1.5,6,4,3,70,24355.1,,Cold
2016-03-10 07:00:00,Hog_lodging_Shanti,299.677,1.1,8.0,0.0,1021.55,3.1,7,4,3,70,24355.1,,Cold
2016-03-10 08:00:00,Hog_lodging_Shanti,314.256,1.1,8.0,-0.6,1022.2,3.1,8,4,3,70,24355.1,,Cold
2016-03-10 09:00:00,Hog_lodging_Shanti,328.367,1.1,8.0,-0.6,1022.6,2.1,9,4,3,70,24355.1,,Cold
2016-03-10 10:00:00,Hog_lodging_Shanti,346.707,1.1,8.0,-1.1,1022.9,2.6,10,4,3,70,24355.1,,Cold
2016-03-10 11:00:00,Hog_lodging_Shanti,341.629,1.7,8.0,-1.7,1023.0,1.5,11,4,3,70,24355.1,,Cold
2016-03-10 12:00:00,Hog_lodging_Shanti,354.11400000000015,2.2,8.0,-1.7,1023.0,2.1,12,4,3,70,24355.1,,Cold
2016-03-10 13:00:00,Hog_lodging_Shanti,351.391,4.4,4.0,-1.7,1022.9,3.1,13,4,3,70,24355.1,,Cold
2016-03-10 14:00:00,Hog_lodging_Shanti,357.153,5.6,0.0,-1.7,1022.4,0.0,14,4,3,70,24355.1,,Cold
2016-03-10 15:00:00,Hog_lodging_Shanti,337.246,7.2,0.0,-2.2,1022.4,0.0,15,4,3,70,24355.1,,Cold
2016-03-10 16:00:00,Hog_lodging_Shanti,351.23,8.3,0.0,-2.2,1022.1,2.1,16,4,3,70,24355.1,,Cold
2016-03-10 17:00:00,Hog_lodging_Shanti,357.237,8.3,0.0,-1.7,1021.7,0.0,17,4,3,70,24355.1,,Cold
2016-03-10 18:00:00,Hog_lodging_Shanti,358.824,7.8,0.0,-1.7,1022.1,1.5,18,4,3,70,24355.1,,Cold
2016-03-10 19:00:00,Hog_lodging_Shanti,357.745,6.7,0.0,-2.2,1023.3,1.5,19,4,3,70,24355.1,,Cold
2016-03-10 20:00:00,Hog_lodging_Shanti,362.331,6.7,0.0,-1.7,1024.1,2.1,20,4,3,70,24355.1,,Cold
2016-03-10 21:00:00,Hog_lodging_Shanti,355.208,5.0,0.0,-1.7,1024.9,2.1,21,4,3,70,24355.1,,Cold
2016-03-10 22:00:00,Hog_lodging_Shanti,355.766,2.2,0.0,-2.2,1025.2,0.0,22,4,3,70,24355.1,,Cold
2016-03-10 23:00:00,Hog_lodging_Shanti,338.4369999999999,2.8,0.0,-1.7,1025.1,0.0,23,4,3,70,24355.1,,Cold
2016-03-11 00:00:00,Hog_lodging_Shanti,295.494,0.6,0.0,-2.8,1025.1,2.1,0,5,3,71,24355.1,,Cold
2016-03-11 01:00:00,Hog_lodging_Shanti,281.51,0.0,0.0,-2.8,1024.4,2.1,1,5,3,71,24355.1,,Cold
2016-03-11 02:00:00,Hog_lodging_Shanti,266.993,-0.6,0.0,-3.3,1025.5,0.0,2,5,3,71,24355.1,,Cold
2016-03-11 03:00:00,Hog_lodging_Shanti,257.879,-0.6,0.0,-3.3,1025.1,2.1,3,5,3,71,24355.1,,Cold
2016-03-11 04:00:00,Hog_lodging_Shanti,263.686,-1.1,0.0,-3.3,1025.2,0.0,4,5,3,71,24355.1,,Cold
2016-03-11 05:00:00,Hog_lodging_Shanti,271.61400000000003,-1.1,0.0,-3.3,1025.6,3.1,5,5,3,71,24355.1,,Cold
2016-03-11 06:00:00,Hog_lodging_Shanti,277.439,-1.7,0.0,-3.3,1025.2,3.1,6,5,3,71,24355.1,,Cold
2016-03-11 07:00:00,Hog_lodging_Shanti,292.297,-0.6,2.0,-2.2,1025.2,2.6,7,5,3,71,24355.1,,Cold
2016-03-11 08:00:00,Hog_lodging_Shanti,305.784,1.7,2.0,-1.1,1025.0,3.1,8,5,3,71,24355.1,,Cold
2016-03-11 09:00:00,Hog_lodging_Shanti,335.398,3.9,2.0,0.0,1025.1,3.6,9,5,3,71,24355.1,,Cold
2016-03-11 10:00:00,Hog_lodging_Shanti,336.65,6.7,4.0,-0.6,1024.6,4.6,10,5,3,71,24355.1,,Cold
2016-03-11 11:00:00,Hog_lodging_Shanti,343.224,9.4,4.0,-0.6,1023.8,5.7,11,5,3,71,24355.1,,Cold
2016-03-11 12:00:00,Hog_lodging_Shanti,338.766,11.7,2.0,0.6,1023.0,6.7,12,5,3,71,24355.1,,Cold
2016-03-11 13:00:00,Hog_lodging_Shanti,354.555,14.4,2.0,2.2,1021.8,7.7,13,5,3,71,24355.1,,Cold
2016-03-11 14:00:00,Hog_lodging_Shanti,349.124,16.1,2.0,3.9,1020.9,7.2,14,5,3,71,24355.1,,Cold
2016-03-11 15:00:00,Hog_lodging_Shanti,330.92800000000005,17.2,2.0,5.0,1019.7,6.2,15,5,3,71,24355.1,,Cold
2016-03-11 16:00:00,Hog_lodging_Shanti,314.938,17.8,2.0,5.6,1019.1,7.2,16,5,3,71,24355.1,,Cold
2016-03-11 17:00:00,Hog_lodging_Shanti,289.953,18.3,2.0,6.1,1018.7,6.7,17,5,3,71,24355.1,,Cold
2016-03-11 18:00:00,Hog_lodging_Shanti,282.442,18.9,2.0,6.1,1018.4,5.1,18,5,3,71,24355.1,,Cold
2016-03-11 19:00:00,Hog_lodging_Shanti,274.95,17.2,2.0,5.6,1018.1,4.6,19,5,3,71,24355.1,,Cold
2016-03-11 20:00:00,Hog_lodging_Shanti,277.202,16.1,2.0,5.0,1018.1,5.1,20,5,3,71,24355.1,,Cold
2016-03-11 21:00:00,Hog_lodging_Shanti,275.91700000000003,14.4,0.0,6.1,1018.6,4.6,21,5,3,71,24355.1,,Cold
2016-03-11 22:00:00,Hog_lodging_Shanti,276.94,14.4,0.0,5.6,1018.1,4.6,22,5,3,71,24355.1,,Cold
2016-03-11 23:00:00,Hog_lodging_Shanti,269.55,14.4,2.0,5.0,1017.9,4.6,23,5,3,71,24355.1,,Cold
2016-03-12 00:00:00,Hog_lodging_Shanti,258.358,13.9,0.0,4.4,1018.2,4.6,0,6,3,72,24355.1,,Cold
2016-03-12 01:00:00,Hog_lodging_Shanti,249.099,13.9,2.0,4.4,1018.0,4.1,1,6,3,72,24355.1,,Cold
2016-03-12 02:00:00,Hog_lodging_Shanti,231.639,12.8,0.0,3.9,1017.9,3.6,2,6,3,72,24355.1,,Cold
2016-03-12 03:00:00,Hog_lodging_Shanti,219.965,12.2,0.0,3.3,1017.4,3.1,3,6,3,72,24355.1,,Cold
2016-03-12 04:00:00,Hog_lodging_Shanti,216.452,11.1,0.0,3.3,1017.1,3.1,4,6,3,72,24355.1,,Cold
2016-03-12 05:00:00,Hog_lodging_Shanti,211.59,10.6,0.0,3.3,1017.3,2.1,5,6,3,72,24355.1,,Cold
2016-03-12 06:00:00,Hog_lodging_Shanti,230.876,10.0,0.0,3.3,1017.0,2.6,6,6,3,72,24355.1,,Cold
2016-03-12 07:00:00,Hog_lodging_Shanti,241.034,10.0,2.0,3.3,1017.3,3.1,7,6,3,72,24355.1,,Cold
2016-03-12 08:00:00,Hog_lodging_Shanti,235.706,10.0,0.0,3.3,1017.8,4.1,8,6,3,72,24355.1,,Cold
2016-03-12 09:00:00,Hog_lodging_Shanti,245.54,12.2,0.0,3.3,1017.8,2.6,9,6,3,72,24355.1,,Cold
2016-03-12 10:00:00,Hog_lodging_Shanti,241.231,14.4,0.0,3.3,1017.8,3.6,10,6,3,72,24355.1,,Cold
2016-03-12 11:00:00,Hog_lodging_Shanti,248.799,16.1,0.0,3.3,1017.5,5.1,11,6,3,72,24355.1,,Cold
2016-03-12 12:00:00,Hog_lodging_Shanti,252.412,17.8,0.0,3.9,1017.1,6.2,12,6,3,72,24355.1,,Cold
2016-03-12 13:00:00,Hog_lodging_Shanti,252.402,18.3,0.0,2.8,1015.9,4.1,13,6,3,72,24355.1,,Cold
2016-03-12 14:00:00,Hog_lodging_Shanti,252.072,19.4,4.0,2.8,1014.6,3.6,14,6,3,72,24355.1,,Cold
2016-03-12 15:00:00,Hog_lodging_Shanti,263.988,20.6,4.0,0.6,1014.3,3.1,15,6,3,72,24355.1,,Cold
2016-03-12 16:00:00,Hog_lodging_Shanti,253.213,20.0,4.0,0.6,1014.0,4.6,16,6,3,72,24355.1,,Cold
2016-03-12 17:00:00,Hog_lodging_Shanti,245.345,18.9,5.0,2.8,1013.7,5.7,17,6,3,72,24355.1,,Cold
2016-03-12 18:00:00,Hog_lodging_Shanti,251.687,17.2,6.0,2.8,1013.7,4.6,18,6,3,72,24355.1,,Cold
2016-03-12 19:00:00,Hog_lodging_Shanti,249.079,14.4,6.0,3.3,1013.8,2.6,19,6,3,72,24355.1,,Cold
2016-03-12 20:00:00,Hog_lodging_Shanti,248.062,14.4,6.0,3.9,1013.6,2.6,20,6,3,72,24355.1,,Cold
2016-03-12 21:00:00,Hog_lodging_Shanti,241.636,13.3,6.0,2.8,1013.6,4.6,21,6,3,72,24355.1,,Cold
2016-03-12 22:00:00,Hog_lodging_Shanti,229.63,12.8,6.0,1.7,1013.6,5.7,22,6,3,72,24355.1,,Cold
2016-03-12 23:00:00,Hog_lodging_Shanti,224.192,12.2,6.0,2.8,1013.4,4.1,23,6,3,72,24355.1,,Cold
2016-03-13 00:00:00,Hog_lodging_Shanti,214.656,10.6,6.0,3.3,1012.9,2.6,0,7,3,73,24355.1,,Cold
2016-03-13 01:00:00,Hog_lodging_Shanti,225.366,10.0,6.333333333333333,3.9,1012.8,3.1,1,7,3,73,24355.1,,Cold
2016-03-13 02:00:00,Hog_lodging_Shanti,119.9665,9.4,6.666666666666667,4.4,1012.6,2.6,2,7,3,73,24355.1,,Cold
2016-03-13 03:00:00,Hog_lodging_Shanti,119.9665,9.4,7.0,4.4,1012.1,2.1,3,7,3,73,24355.1,,Cold
2016-03-13 04:00:00,Hog_lodging_Shanti,238.576,9.4,7.0,4.4,1011.5,3.6,4,7,3,73,24355.1,,Cold
2016-03-13 05:00:00,Hog_lodging_Shanti,236.322,9.4,7.0,5.0,1011.3,3.1,5,7,3,73,24355.1,,Cold
2016-03-13 06:00:00,Hog_lodging_Shanti,234.823,8.9,8.0,5.0,1011.2,3.1,6,7,3,73,24355.1,,Cold
2016-03-13 07:00:00,Hog_lodging_Shanti,211.142,8.3,8.0,5.0,1011.5,3.1,7,7,3,73,24355.1,,Cold
2016-03-13 08:00:00,Hog_lodging_Shanti,207.847,9.4,8.0,5.0,1010.9,4.1,8,7,3,73,24355.1,,Cold
2016-03-13 09:00:00,Hog_lodging_Shanti,210.974,10.0,8.0,6.1,1010.3,5.1,9,7,3,73,24355.1,,Cold
2016-03-13 10:00:00,Hog_lodging_Shanti,230.63,10.6,8.0,6.7,1010.0,5.1,10,7,3,73,24355.1,,Cold
2016-03-13 11:00:00,Hog_lodging_Shanti,246.745,11.7,8.0,5.6,1009.3,5.7,11,7,3,73,24355.1,,Cold
2016-03-13 12:00:00,Hog_lodging_Shanti,244.164,11.1,8.0,5.6,1008.7,7.2,12,7,3,73,24355.1,,Cold
2016-03-13 13:00:00,Hog_lodging_Shanti,244.57,11.7,8.0,5.6,1008.2,6.7,13,7,3,73,24355.1,,Cold
2016-03-13 14:00:00,Hog_lodging_Shanti,244.998,12.2,8.0,4.4,1007.5,3.1,14,7,3,73,24355.1,,Cold
2016-03-13 15:00:00,Hog_lodging_Shanti,248.583,11.7,8.0,5.6,1007.2,5.1,15,7,3,73,24355.1,,Cold
2016-03-13 16:00:00,Hog_lodging_Shanti,248.067,12.2,8.0,6.7,1006.8,5.1,16,7,3,73,24355.1,,Cold
2016-03-13 17:00:00,Hog_lodging_Shanti,261.588,12.2,8.0,6.7,1006.6,5.1,17,7,3,73,24355.1,,Cold
2016-03-13 18:00:00,Hog_lodging_Shanti,234.01,11.7,8.0,7.2,1006.2,5.1,18,7,3,73,24355.1,,Cold
2016-03-13 19:00:00,Hog_lodging_Shanti,220.09,11.7,8.0,7.2,1006.0,2.6,19,7,3,73,24355.1,,Cold
2016-03-13 20:00:00,Hog_lodging_Shanti,212.037,11.7,8.0,7.2,1006.0,2.6,20,7,3,73,24355.1,,Cold
2016-03-13 21:00:00,Hog_lodging_Shanti,223.765,11.1,8.0,6.7,1005.8,2.6,21,7,3,73,24355.1,,Cold
2016-03-13 22:00:00,Hog_lodging_Shanti,239.174,11.1,8.0,7.2,1005.6,4.1,22,7,3,73,24355.1,,Cold
2016-03-13 23:00:00,Hog_lodging_Shanti,250.24,11.1,8.0,7.2,1005.3,4.1,23,7,3,73,24355.1,,Cold
2016-03-14 00:00:00,Hog_lodging_Shanti,241.412,10.6,8.0,7.2,1005.0,4.1,0,1,3,74,24355.1,,Cold
2016-03-14 01:00:00,Hog_lodging_Shanti,235.633,10.0,8.0,7.8,1004.8,3.6,1,1,3,74,24355.1,,Cold
2016-03-14 02:00:00,Hog_lodging_Shanti,230.668,10.0,8.0,7.8,1004.7,3.1,2,1,3,74,24355.1,,Cold
2016-03-14 03:00:00,Hog_lodging_Shanti,208.833,9.4,8.0,7.8,1004.4,2.6,3,1,3,74,24355.1,,Cold
2016-03-14 04:00:00,Hog_lodging_Shanti,204.989,9.4,8.0,7.8,1004.3,3.1,4,1,3,74,24355.1,,Cold
2016-03-14 05:00:00,Hog_lodging_Shanti,205.273,9.4,8.0,8.3,1004.2,0.0,5,1,3,74,24355.1,,Cold
2016-03-14 06:00:00,Hog_lodging_Shanti,202.579,8.9,8.0,7.8,1004.1,2.1,6,1,3,74,24355.1,,Cold
2016-03-14 07:00:00,Hog_lodging_Shanti,223.387,8.9,8.0,8.3,1004.3,2.1,7,1,3,74,24355.1,,Cold
2016-03-14 08:00:00,Hog_lodging_Shanti,258.1,8.9,8.0,8.3,1004.2,3.1,8,1,3,74,24355.1,,Cold
2016-03-14 09:00:00,Hog_lodging_Shanti,246.01,9.4,8.0,8.3,1004.4,2.1,9,1,3,74,24355.1,,Cold
2016-03-14 10:00:00,Hog_lodging_Shanti,247.837,10.0,8.0,8.9,1004.4,2.1,10,1,3,74,24355.1,,Cold
2016-03-14 11:00:00,Hog_lodging_Shanti,255.346,10.0,8.0,9.4,1004.6,2.1,11,1,3,74,24355.1,,Cold
2016-03-14 12:00:00,Hog_lodging_Shanti,263.282,11.7,8.0,9.4,1004.6,1.5,12,1,3,74,24355.1,,Cold
2016-03-14 13:00:00,Hog_lodging_Shanti,269.121,12.8,8.0,10.0,1004.0,2.6,13,1,3,74,24355.1,,Cold
2016-03-14 14:00:00,Hog_lodging_Shanti,254.171,13.3,8.0,10.0,1003.5,3.6,14,1,3,74,24355.1,,Cold
2016-03-14 15:00:00,Hog_lodging_Shanti,263.451,13.9,8.0,10.0,1003.7,3.6,15,1,3,74,24355.1,,Cold
2016-03-14 16:00:00,Hog_lodging_Shanti,281.406,14.4,8.0,10.0,1003.5,3.6,16,1,3,74,24355.1,,Cold
2016-03-14 17:00:00,Hog_lodging_Shanti,264.563,14.4,8.0,10.0,1003.5,3.1,17,1,3,74,24355.1,,Cold
2016-03-14 18:00:00,Hog_lodging_Shanti,255.297,13.9,8.0,10.0,1003.5,5.1,18,1,3,74,24355.1,,Cold
2016-03-14 19:00:00,Hog_lodging_Shanti,246.949,13.9,8.0,9.4,1003.8,4.6,19,1,3,74,24355.1,,Cold
2016-03-14 20:00:00,Hog_lodging_Shanti,245.835,12.2,8.0,9.4,1004.1,2.6,20,1,3,74,24355.1,,Cold
2016-03-14 21:00:00,Hog_lodging_Shanti,244.425,12.2,8.0,9.4,1004.6,4.1,21,1,3,74,24355.1,,Cold
2016-03-14 22:00:00,Hog_lodging_Shanti,245.467,12.2,8.0,9.4,1004.5,4.6,22,1,3,74,24355.1,,Cold
2016-03-14 23:00:00,Hog_lodging_Shanti,242.95,11.7,8.0,9.4,1004.0,5.1,23,1,3,74,24355.1,,Cold
2016-03-15 00:00:00,Hog_lodging_Shanti,238.912,11.7,8.0,9.4,1003.5,5.1,0,2,3,75,24355.1,,Cold
2016-03-15 01:00:00,Hog_lodging_Shanti,239.571,11.7,8.0,9.4,1003.0,5.7,1,2,3,75,24355.1,,Cold
2016-03-15 02:00:00,Hog_lodging_Shanti,216.454,11.7,8.0,9.4,1002.9,5.7,2,2,3,75,24355.1,,Cold
2016-03-15 03:00:00,Hog_lodging_Shanti,205.732,11.7,8.0,10.0,1002.2,4.1,3,2,3,75,24355.1,,Cold
2016-03-15 04:00:00,Hog_lodging_Shanti,206.107,11.7,8.0,10.0,1001.9,4.6,4,2,3,75,24355.1,,Cold
2016-03-15 05:00:00,Hog_lodging_Shanti,206.881,11.7,8.0,10.0,1001.5,4.6,5,2,3,75,24355.1,,Cold
2016-03-15 06:00:00,Hog_lodging_Shanti,224.442,11.7,8.0,10.0,1002.3,4.1,6,2,3,75,24355.1,,Cold
2016-03-15 07:00:00,Hog_lodging_Shanti,246.199,11.1,8.0,10.6,1002.5,2.1,7,2,3,75,24355.1,,Cold
2016-03-15 08:00:00,Hog_lodging_Shanti,238.767,11.1,8.0,10.0,1002.0,7.7,8,2,3,75,24355.1,,Cold
2016-03-15 09:00:00,Hog_lodging_Shanti,239.735,11.1,8.0,10.0,1002.3,3.6,9,2,3,75,24355.1,,Cold
2016-03-15 10:00:00,Hog_lodging_Shanti,245.576,11.1,8.0,10.0,1002.0,5.7,10,2,3,75,24355.1,,Cold
2016-03-15 11:00:00,Hog_lodging_Shanti,252.915,11.7,8.0,10.0,1002.6,3.1,11,2,3,75,24355.1,,Cold
2016-03-15 12:00:00,Hog_lodging_Shanti,247.517,12.2,8.0,10.0,1002.5,4.6,12,2,3,75,24355.1,,Cold
2016-03-15 13:00:00,Hog_lodging_Shanti,250.873,11.7,8.0,10.0,1001.9,3.6,13,2,3,75,24355.1,,Cold
2016-03-15 14:00:00,Hog_lodging_Shanti,249.35,12.2,8.0,10.0,1001.4,3.1,14,2,3,75,24355.1,,Cold
2016-03-15 15:00:00,Hog_lodging_Shanti,253.978,11.7,8.0,10.0,1001.3499999999999,3.1,15,2,3,75,24355.1,,Cold
2016-03-15 16:00:00,Hog_lodging_Shanti,257.378,11.1,8.0,10.0,1001.3,0.0,16,2,3,75,24355.1,,Cold
2016-03-15 17:00:00,Hog_lodging_Shanti,259.384,10.0,8.0,8.9,1001.7,5.1,17,2,3,75,24355.1,,Cold
2016-03-15 18:00:00,Hog_lodging_Shanti,262.31,9.4,8.0,8.3,1002.1,4.1,18,2,3,75,24355.1,,Cold
2016-03-15 19:00:00,Hog_lodging_Shanti,251.482,8.9,8.0,7.2,1002.1,4.6,19,2,3,75,24355.1,,Cold
2016-03-15 20:00:00,Hog_lodging_Shanti,239.471,8.9,8.0,7.2,1001.8,5.7,20,2,3,75,24355.1,,Cold
2016-03-15 21:00:00,Hog_lodging_Shanti,241.732,8.9,8.0,6.7,1001.0,6.7,21,2,3,75,24355.1,,Cold
2016-03-15 22:00:00,Hog_lodging_Shanti,236.679,8.3,8.0,6.1,1000.7,6.2,22,2,3,75,24355.1,,Cold
2016-03-15 23:00:00,Hog_lodging_Shanti,211.034,7.8,8.0,5.0,1000.1,7.7,23,2,3,75,24355.1,,Cold
2016-03-16 00:00:00,Hog_lodging_Shanti,209.199,7.2,8.0,3.9,999.5,8.2,0,3,3,76,24355.1,,Cold
2016-03-16 01:00:00,Hog_lodging_Shanti,208.523,6.7,8.0,3.9,999.5,8.8,1,3,3,76,24355.1,,Cold
2016-03-16 02:00:00,Hog_lodging_Shanti,205.304,6.7,8.0,3.3,999.3,8.2,2,3,3,76,24355.1,,Cold
2016-03-16 03:00:00,Hog_lodging_Shanti,201.909,6.7,8.0,2.8,998.5,6.7,3,3,3,76,24355.1,,Cold
2016-03-16 04:00:00,Hog_lodging_Shanti,221.416,5.6,8.0,1.1,998.7,7.2,4,3,3,76,24355.1,,Cold
2016-03-16 05:00:00,Hog_lodging_Shanti,232.315,5.6,8.0,0.6,999.6,7.7,5,3,3,76,24355.1,,Cold
2016-03-16 06:00:00,Hog_lodging_Shanti,227.938,5.0,8.0,0.6,999.8,10.3,6,3,3,76,24355.1,,Cold
2016-03-16 07:00:00,Hog_lodging_Shanti,228.881,5.0,7.666666666666667,0.6,1000.2,9.3,7,3,3,76,24355.1,,Cold
2016-03-16 08:00:00,Hog_lodging_Shanti,232.516,4.4,7.333333333333333,0.0,1000.3,9.8,8,3,3,76,24355.1,,Cold
2016-03-16 09:00:00,Hog_lodging_Shanti,233.284,5.6,7.0,-0.6,1000.7,11.8,9,3,3,76,24355.1,,Cold
2016-03-16 10:00:00,Hog_lodging_Shanti,237.886,5.6,7.0,-1.1,1001.8,9.8,10,3,3,76,24355.1,,Cold
2016-03-16 11:00:00,Hog_lodging_Shanti,240.545,6.1,7.0,-1.7,1002.1,10.8,11,3,3,76,24355.1,,Cold
2016-03-16 12:00:00,Hog_lodging_Shanti,247.406,8.9,6.0,-2.2,1001.9,13.9,12,3,3,76,24355.1,,Cold
2016-03-16 13:00:00,Hog_lodging_Shanti,239.027,8.9,6.333333333333333,-2.8,1002.1,11.3,13,3,3,76,24355.1,,Cold
2016-03-16 14:00:00,Hog_lodging_Shanti,241.163,7.8,6.666666666666667,-3.3,1002.9,9.8,14,3,3,76,24355.1,,Cold
2016-03-16 15:00:00,Hog_lodging_Shanti,245.789,7.8,7.0,-3.3,1003.4,12.9,15,3,3,76,24355.1,,Cold
2016-03-16 16:00:00,Hog_lodging_Shanti,243.535,7.2,7.0,-3.3,1004.0,11.8,16,3,3,76,24355.1,,Cold
2016-03-16 17:00:00,Hog_lodging_Shanti,238.101,6.7,7.0,-2.8,1004.6,10.8,17,3,3,76,24355.1,,Cold
2016-03-16 18:00:00,Hog_lodging_Shanti,232.852,6.7,8.0,-2.8,1005.0,7.2,18,3,3,76,24355.1,,Cold
2016-03-16 19:00:00,Hog_lodging_Shanti,234.015,6.1,8.0,-2.8,1005.2,6.2,19,3,3,76,24355.1,,Cold
2016-03-16 20:00:00,Hog_lodging_Shanti,233.515,6.1,8.0,-2.8,1005.4,5.7,20,3,3,76,24355.1,,Cold
2016-03-16 21:00:00,Hog_lodging_Shanti,238.961,6.1,8.0,-2.2,1005.3,4.1,21,3,3,76,24355.1,,Cold
2016-03-16 22:00:00,Hog_lodging_Shanti,232.922,6.1,8.0,-1.7,1005.3,4.6,22,3,3,76,24355.1,,Cold
2016-03-16 23:00:00,Hog_lodging_Shanti,212.225,5.6,8.0,-1.1,1005.4,4.6,23,3,3,76,24355.1,,Cold
2016-03-17 00:00:00,Hog_lodging_Shanti,211.173,5.0,8.0,-1.1,1005.3,5.7,0,4,3,77,24355.1,,Cold
2016-03-17 01:00:00,Hog_lodging_Shanti,210.512,3.9,7.666666666666667,-0.6,1005.7,8.2,1,4,3,77,24355.1,,Cold
2016-03-17 02:00:00,Hog_lodging_Shanti,209.74400000000003,3.9,7.333333333333333,-1.1,1005.8,7.7,2,4,3,77,24355.1,,Cold
2016-03-17 03:00:00,Hog_lodging_Shanti,209.096,2.2,7.0,-2.8,1006.0,8.2,3,4,3,77,24355.1,,Cold
2016-03-17 04:00:00,Hog_lodging_Shanti,228.588,1.7,7.0,-2.8,1006.6,6.2,4,4,3,77,24355.1,,Cold
2016-03-17 05:00:00,Hog_lodging_Shanti,232.874,1.7,7.0,-3.3,1007.1,7.2,5,4,3,77,24355.1,,Cold
2016-03-17 06:00:00,Hog_lodging_Shanti,230.58900000000003,1.7,6.0,-3.3,1007.5,4.1,6,4,3,77,24355.1,,Cold
2016-03-17 07:00:00,Hog_lodging_Shanti,239.49400000000003,2.2,6.333333333333333,-3.3,1008.0,5.1,7,4,3,77,24355.1,,Cold
2016-03-17 08:00:00,Hog_lodging_Shanti,251.012,3.3,6.666666666666667,-3.3,1008.0,4.6,8,4,3,77,24355.1,,Cold
2016-03-17 09:00:00,Hog_lodging_Shanti,251.085,4.4,7.0,-2.8,1008.5,5.1,9,4,3,77,24355.1,,Cold
2016-03-17 10:00:00,Hog_lodging_Shanti,248.317,4.4,7.0,-3.3,1008.7,6.7,10,4,3,77,24355.1,,Cold
2016-03-17 11:00:00,Hog_lodging_Shanti,244.923,4.4,7.0,-5.0,1009.1,7.7,11,4,3,77,24355.1,,Cold
2016-03-17 12:00:00,Hog_lodging_Shanti,242.336,5.0,8.0,-5.0,1009.5,6.7,12,4,3,77,24355.1,,Cold
2016-03-17 13:00:00,Hog_lodging_Shanti,244.27,4.4,8.0,-6.1,1010.0,6.7,13,4,3,77,24355.1,,Cold
2016-03-17 14:00:00,Hog_lodging_Shanti,252.29,3.9,8.0,-5.0,1010.5,7.2,14,4,3,77,24355.1,,Cold
2016-03-17 15:00:00,Hog_lodging_Shanti,243.324,3.3,8.0,-3.9,1011.3,6.7,15,4,3,77,24355.1,,Cold
2016-03-17 16:00:00,Hog_lodging_Shanti,238.433,2.8,8.0,-3.3,1011.9,4.6,16,4,3,77,24355.1,,Cold
2016-03-17 17:00:00,Hog_lodging_Shanti,235.738,2.8,8.0,-3.3,1012.8,6.2,17,4,3,77,24355.1,,Cold
2016-03-17 18:00:00,Hog_lodging_Shanti,233.33900000000003,2.8,8.0,-3.3,1013.8,5.7,18,4,3,77,24355.1,,Cold
2016-03-17 19:00:00,Hog_lodging_Shanti,238.632,2.8,7.666666666666667,-3.9,1014.5,5.7,19,4,3,77,24355.1,,Cold
2016-03-17 20:00:00,Hog_lodging_Shanti,237.425,2.2,7.333333333333333,-4.4,1015.3,4.6,20,4,3,77,24355.1,,Cold
2016-03-17 21:00:00,Hog_lodging_Shanti,241.361,2.2,7.0,-4.4,1015.6,5.7,21,4,3,77,24355.1,,Cold
2016-03-17 22:00:00,Hog_lodging_Shanti,224.30900000000003,1.7,7.0,-4.4,1016.0,4.6,22,4,3,77,24355.1,,Cold
2016-03-17 23:00:00,Hog_lodging_Shanti,216.873,0.6,7.0,-4.4,1016.2,2.6,23,4,3,77,24355.1,,Cold
2016-03-18 00:00:00,Hog_lodging_Shanti,211.935,0.0,6.0,-4.4,1016.5,2.6,0,5,3,78,24355.1,,Cold
2016-03-18 01:00:00,Hog_lodging_Shanti,212.012,0.6,6.333333333333333,-3.9,1016.8,2.1,1,5,3,78,24355.1,,Cold
2016-03-18 02:00:00,Hog_lodging_Shanti,208.424,0.6,6.666666666666667,-3.9,1016.9,2.1,2,5,3,78,24355.1,,Cold
2016-03-18 03:00:00,Hog_lodging_Shanti,223.771,0.6,7.0,-3.3,1017.2,2.1,3,5,3,78,24355.1,,Cold
2016-03-18 04:00:00,Hog_lodging_Shanti,235.327,0.6,7.0,-2.8,1017.8,2.1,4,5,3,78,24355.1,,Cold
2016-03-18 05:00:00,Hog_lodging_Shanti,235.142,0.6,7.0,-2.2,1018.3,2.6,5,5,3,78,24355.1,,Cold
2016-03-18 06:00:00,Hog_lodging_Shanti,232.753,0.0,8.0,-2.8,1018.9,3.6,6,5,3,78,24355.1,,Cold
2016-03-18 07:00:00,Hog_lodging_Shanti,218.574,-0.6,8.0,-2.2,1019.4,3.1,7,5,3,78,24355.1,,Cold
2016-03-18 08:00:00,Hog_lodging_Shanti,216.768,-0.6,8.0,-2.2,1019.8,2.1,8,5,3,78,24355.1,,Cold
2016-03-18 09:00:00,Hog_lodging_Shanti,216.149,0.6,8.0,-2.8,1020.1,3.6,9,5,3,78,24355.1,,Cold
2016-03-18 10:00:00,Hog_lodging_Shanti,217.217,0.6,8.0,-4.4,1020.6,1.5,10,5,3,78,24355.1,,Cold
2016-03-18 11:00:00,Hog_lodging_Shanti,219.272,1.1,8.0,-3.9,1020.9,2.6,11,5,3,78,24355.1,,Cold
2016-03-18 12:00:00,Hog_lodging_Shanti,233.897,2.2,8.0,-3.9,1021.1,2.1,12,5,3,78,24355.1,,Cold
2016-03-18 13:00:00,Hog_lodging_Shanti,253.798,2.2,8.0,-3.9,1021.1,2.1,13,5,3,78,24355.1,,Cold
2016-03-18 14:00:00,Hog_lodging_Shanti,252.103,2.2,8.0,-3.9,1020.8,2.6,14,5,3,78,24355.1,,Cold
2016-03-18 15:00:00,Hog_lodging_Shanti,258.998,2.2,8.0,-4.4,1020.8,2.6,15,5,3,78,24355.1,,Cold
2016-03-18 16:00:00,Hog_lodging_Shanti,236.948,2.2,8.0,-3.9,1020.9,3.1,16,5,3,78,24355.1,,Cold
2016-03-18 17:00:00,Hog_lodging_Shanti,221.549,2.2,8.0,-3.3,1021.3,3.6,17,5,3,78,24355.1,,Cold
2016-03-18 18:00:00,Hog_lodging_Shanti,224.625,1.7,8.0,-2.2,1021.5,4.1,18,5,3,78,24355.1,,Cold
2016-03-18 19:00:00,Hog_lodging_Shanti,225.026,1.1,8.0,-1.7,1021.8,4.1,19,5,3,78,24355.1,,Cold
2016-03-18 20:00:00,Hog_lodging_Shanti,230.645,0.6,8.0,-1.7,1022.2,4.1,20,5,3,78,24355.1,,Cold
2016-03-18 21:00:00,Hog_lodging_Shanti,245.825,0.0,8.0,-2.2,1022.4,4.6,21,5,3,78,24355.1,,Cold
2016-03-18 22:00:00,Hog_lodging_Shanti,263.453,0.0,8.0,-2.8,1022.4,5.1,22,5,3,78,24355.1,,Cold
2016-03-18 23:00:00,Hog_lodging_Shanti,257.625,-0.6,8.0,-3.9,1022.4,5.1,23,5,3,78,24355.1,,Cold
2016-03-19 00:00:00,Hog_lodging_Shanti,254.194,-1.1,8.0,-3.9,1022.6,5.7,0,6,3,79,24355.1,,Cold
2016-03-19 01:00:00,Hog_lodging_Shanti,235.859,-1.7,8.0,-3.9,1022.5,3.6,1,6,3,79,24355.1,,Cold
2016-03-19 02:00:00,Hog_lodging_Shanti,220.288,-2.2,8.0,-4.4,1022.6,4.6,2,6,3,79,24355.1,,Cold
2016-03-19 03:00:00,Hog_lodging_Shanti,222.922,-2.2,8.0,-5.0,1022.5,5.1,3,6,3,79,24355.1,,Cold
2016-03-19 04:00:00,Hog_lodging_Shanti,221.751,-2.2,8.0,-4.4,1022.6,3.6,4,6,3,79,24355.1,,Cold
2016-03-19 05:00:00,Hog_lodging_Shanti,218.304,-2.8,8.0,-4.4,1023.0,4.6,5,6,3,79,24355.1,,Cold
2016-03-19 06:00:00,Hog_lodging_Shanti,227.867,-2.8,8.0,-5.0,1023.4,4.6,6,6,3,79,24355.1,,Cold
2016-03-19 07:00:00,Hog_lodging_Shanti,239.945,-2.2,8.0,-4.4,1023.9,5.1,7,6,3,79,24355.1,,Cold
2016-03-19 08:00:00,Hog_lodging_Shanti,245.785,-1.7,8.0,-4.4,1024.4,5.1,8,6,3,79,24355.1,,Cold
2016-03-19 09:00:00,Hog_lodging_Shanti,242.674,-1.1,8.0,-4.4,1024.9,5.1,9,6,3,79,24355.1,,Cold
2016-03-19 10:00:00,Hog_lodging_Shanti,239.071,-0.6,8.0,-3.9,1025.4,5.1,10,6,3,79,24355.1,,Cold
2016-03-19 11:00:00,Hog_lodging_Shanti,221.285,0.6,8.0,-3.9,1025.7,3.1,11,6,3,79,24355.1,,Cold
2016-03-19 12:00:00,Hog_lodging_Shanti,223.132,1.7,8.0,-2.8,1025.8,4.1,12,6,3,79,24355.1,,Cold
2016-03-19 13:00:00,Hog_lodging_Shanti,226.431,3.3,7.666666666666667,-2.2,1025.8,3.6,13,6,3,79,24355.1,,Cold
2016-03-19 14:00:00,Hog_lodging_Shanti,226.583,5.0,7.333333333333333,-2.2,1025.6,5.1,14,6,3,79,24355.1,,Cold
2016-03-19 15:00:00,Hog_lodging_Shanti,233.002,4.4,7.0,-3.9,1025.4,3.6,15,6,3,79,24355.1,,Cold
2016-03-19 16:00:00,Hog_lodging_Shanti,249.985,6.1,7.0,-3.9,1025.4,4.6,16,6,3,79,24355.1,,Cold
2016-03-19 17:00:00,Hog_lodging_Shanti,254.517,4.4,7.0,-3.9,1025.8,4.1,17,6,3,79,24355.1,,Cold
2016-03-19 18:00:00,Hog_lodging_Shanti,257.02,3.9,6.0,-3.9,1026.3,4.1,18,6,3,79,24355.1,,Cold
2016-03-19 19:00:00,Hog_lodging_Shanti,252.879,2.2,4.0,-3.9,1026.7,3.6,19,6,3,79,24355.1,,Cold
2016-03-19 20:00:00,Hog_lodging_Shanti,228.673,2.2,4.0,-3.9,1027.2,3.6,20,6,3,79,24355.1,,Cold
2016-03-19 21:00:00,Hog_lodging_Shanti,234.752,1.1,4.0,-3.3,1027.2,3.6,21,6,3,79,24355.1,,Cold
2016-03-19 22:00:00,Hog_lodging_Shanti,241.382,1.1,4.0,-3.3,1027.3,3.1,22,6,3,79,24355.1,,Cold
2016-03-19 23:00:00,Hog_lodging_Shanti,250.083,0.6,3.0,-3.9,1027.3,0.0,23,6,3,79,24355.1,,Cold
2016-03-20 00:00:00,Hog_lodging_Shanti,236.577,-0.6,2.0,-3.9,1027.2,1.5,0,7,3,80,24355.1,,Cold
2016-03-20 01:00:00,Hog_lodging_Shanti,254.275,0.0,1.3333333333333335,-3.9,1027.3,2.6,1,7,3,80,24355.1,,Cold
2016-03-20 02:00:00,Hog_lodging_Shanti,260.564,0.6,0.6666666666666667,-4.4,1027.0,0.0,2,7,3,80,24355.1,,Cold
2016-03-20 03:00:00,Hog_lodging_Shanti,252.215,-1.1,0.0,-4.4,1026.8,0.0,3,7,3,80,24355.1,,Cold
2016-03-20 04:00:00,Hog_lodging_Shanti,248.582,-1.7,2.0,-5.0,1026.8,0.0,4,7,3,80,24355.1,,Cold
2016-03-20 05:00:00,Hog_lodging_Shanti,222.196,-2.2,2.0,-5.0,1027.1,0.0,5,7,3,80,24355.1,,Cold
2016-03-20 06:00:00,Hog_lodging_Shanti,217.953,-2.2,4.0,-4.4,1027.6,3.1,6,7,3,80,24355.1,,Cold
2016-03-20 07:00:00,Hog_lodging_Shanti,222.365,-2.2,4.0,-3.9,1028.0,1.5,7,7,3,80,24355.1,,Cold
2016-03-20 08:00:00,Hog_lodging_Shanti,239.663,-0.6,4.0,-4.4,1028.0,3.6,8,7,3,80,24355.1,,Cold
2016-03-20 09:00:00,Hog_lodging_Shanti,256.464,1.1,4.0,-5.0,1028.1,3.6,9,7,3,80,24355.1,,Cold
2016-03-20 10:00:00,Hog_lodging_Shanti,285.947,2.8,4.0,-7.8,1027.8,4.1,10,7,3,80,24355.1,,Cold
2016-03-20 11:00:00,Hog_lodging_Shanti,292.533,4.4,5.0,-7.8,1027.3,5.1,11,7,3,80,24355.1,,Cold
2016-03-20 12:00:00,Hog_lodging_Shanti,300.922,3.9,6.0,-7.2,1027.2,5.7,12,7,3,80,24355.1,,Cold
2016-03-20 13:00:00,Hog_lodging_Shanti,298.862,5.6,4.0,-7.2,1026.3,6.2,13,7,3,80,24355.1,,Cold
2016-03-20 14:00:00,Hog_lodging_Shanti,286.607,5.6,2.0,-6.7,1025.5,5.7,14,7,3,80,24355.1,,Cold
2016-03-20 15:00:00,Hog_lodging_Shanti,274.161,6.1,0.0,-6.7,1024.9,5.1,15,7,3,80,24355.1,,Cold
2016-03-20 16:00:00,Hog_lodging_Shanti,277.324,6.1,0.0,-7.2,1024.4,6.2,16,7,3,80,24355.1,,Cold
2016-03-20 17:00:00,Hog_lodging_Shanti,301.731,6.1,0.0,-6.7,1024.2,6.2,17,7,3,80,24355.1,,Cold
2016-03-20 18:00:00,Hog_lodging_Shanti,304.68,4.4,0.0,-6.7,1024.3,5.1,18,7,3,80,24355.1,,Cold
2016-03-20 19:00:00,Hog_lodging_Shanti,323.321,3.3,4.0,-6.1,1024.1,4.6,19,7,3,80,24355.1,,Cold
2016-03-20 20:00:00,Hog_lodging_Shanti,346.49,2.8,4.0,-6.1,1024.0,3.6,20,7,3,80,24355.1,,Cold
2016-03-20 21:00:00,Hog_lodging_Shanti,332.494,1.7,4.0,-5.6,1023.8,4.1,21,7,3,80,24355.1,,Cold
2016-03-20 22:00:00,Hog_lodging_Shanti,333.4430000000001,0.6,4.0,-5.6,1023.9,2.6,22,7,3,80,24355.1,,Cold
2016-03-20 23:00:00,Hog_lodging_Shanti,304.12,0.0,4.0,-6.1,1023.6,2.1,23,7,3,80,24355.1,,Cold
2016-03-21 00:00:00,Hog_lodging_Shanti,266.117,0.0,4.0,-6.1,1023.2,2.1,0,1,3,81,24355.1,,Cold
2016-03-21 01:00:00,Hog_lodging_Shanti,245.897,-0.6,4.0,-6.1,1022.8,0.0,1,1,3,81,24355.1,,Cold
2016-03-21 02:00:00,Hog_lodging_Shanti,229.804,-0.6,4.0,-6.1,1022.4,0.0,2,1,3,81,24355.1,,Cold
2016-03-21 03:00:00,Hog_lodging_Shanti,225.62,-1.1,4.0,-5.6,1021.9,0.0,3,1,3,81,24355.1,,Cold
2016-03-21 04:00:00,Hog_lodging_Shanti,242.049,-1.7,4.0,-5.6,1021.7,2.1,4,1,3,81,24355.1,,Cold
2016-03-21 05:00:00,Hog_lodging_Shanti,249.734,-2.2,4.0,-5.6,1021.2,1.5,5,1,3,81,24355.1,,Cold
2016-03-21 06:00:00,Hog_lodging_Shanti,257.69,-2.2,4.0,-5.6,1020.9,1.5,6,1,3,81,24355.1,,Cold
2016-03-21 07:00:00,Hog_lodging_Shanti,276.28700000000003,-2.2,4.666666666666667,-5.6,1020.6,1.5,7,1,3,81,24355.1,,Cold
2016-03-21 08:00:00,Hog_lodging_Shanti,300.414,0.6,5.333333333333333,-4.4,1020.4,2.1,8,1,3,81,24355.1,,Cold
2016-03-21 09:00:00,Hog_lodging_Shanti,309.129,1.7,6.0,-4.4,1019.6,3.6,9,1,3,81,24355.1,,Cold
2016-03-21 10:00:00,Hog_lodging_Shanti,322.514,3.3,6.0,-5.0,1019.1,4.6,10,1,3,81,24355.1,,Cold
2016-03-21 11:00:00,Hog_lodging_Shanti,315.337,5.0,6.0,-4.4,1018.0,5.7,11,1,3,81,24355.1,,Cold
2016-03-21 12:00:00,Hog_lodging_Shanti,322.712,7.2,8.0,-3.9,1016.6,7.2,12,1,3,81,24355.1,,Cold
2016-03-21 13:00:00,Hog_lodging_Shanti,326.145,8.3,7.666666666666667,-3.9,1014.9,5.7,13,1,3,81,24355.1,,Cold
2016-03-21 14:00:00,Hog_lodging_Shanti,324.379,10.0,7.333333333333333,-2.8,1012.9,6.2,14,1,3,81,24355.1,,Cold
2016-03-21 15:00:00,Hog_lodging_Shanti,297.255,11.1,7.0,-2.8,1011.8,6.7,15,1,3,81,24355.1,,Cold
2016-03-21 16:00:00,Hog_lodging_Shanti,317.472,10.6,7.0,-1.7,1010.8,7.7,16,1,3,81,24355.1,,Cold
2016-03-21 17:00:00,Hog_lodging_Shanti,324.124,11.1,7.0,-1.7,1010.2,5.7,17,1,3,81,24355.1,,Cold
2016-03-21 18:00:00,Hog_lodging_Shanti,337.151,10.6,6.0,-1.7,1009.7,5.7,18,1,3,81,24355.1,,Cold
2016-03-21 19:00:00,Hog_lodging_Shanti,339.983,10.0,5.6,-1.7,1009.1,5.1,19,1,3,81,24355.1,,Cold
2016-03-21 20:00:00,Hog_lodging_Shanti,335.714,8.9,5.2,-1.7,1008.8,6.2,20,1,3,81,24355.1,,Cold
2016-03-21 21:00:00,Hog_lodging_Shanti,332.4980000000001,8.3,4.8,-1.7,1008.1,6.7,21,1,3,81,24355.1,,Cold
2016-03-21 22:00:00,Hog_lodging_Shanti,319.504,7.8,4.8,-1.7,1007.0,6.7,22,1,3,81,24355.1,,Cold
2016-03-21 23:00:00,Hog_lodging_Shanti,292.497,7.2,4.0,-2.2,1006.0,4.1,23,1,3,81,24355.1,,Cold
2016-03-22 00:00:00,Hog_lodging_Shanti,275.23400000000004,6.7,4.0,-1.7,1005.3,3.6,0,2,3,82,24355.1,,Cold
2016-03-22 01:00:00,Hog_lodging_Shanti,246.347,6.1,4.333333333333333,-1.7,1004.6,3.6,1,2,3,82,24355.1,,Cold
2016-03-22 02:00:00,Hog_lodging_Shanti,226.949,6.1,4.666666666666667,-1.1,1003.8,2.1,2,2,3,82,24355.1,,Cold
2016-03-22 03:00:00,Hog_lodging_Shanti,223.573,5.6,5.0,-1.1,1003.4,3.6,3,2,3,82,24355.1,,Cold
2016-03-22 04:00:00,Hog_lodging_Shanti,236.273,5.0,5.0,-1.7,1003.4,3.6,4,2,3,82,24355.1,,Cold
2016-03-22 05:00:00,Hog_lodging_Shanti,247.269,4.4,5.0,-1.7,1002.5,5.1,5,2,3,82,24355.1,,Cold
2016-03-22 06:00:00,Hog_lodging_Shanti,246.007,3.9,6.0,-2.2,1003.1,3.6,6,2,3,82,24355.1,,Cold
2016-03-22 07:00:00,Hog_lodging_Shanti,269.843,3.9,6.0,-2.2,1003.0,4.6,7,2,3,82,24355.1,,Cold
2016-03-22 08:00:00,Hog_lodging_Shanti,289.249,5.6,6.0,-1.7,1003.3,3.6,8,2,3,82,24355.1,,Cold
2016-03-22 09:00:00,Hog_lodging_Shanti,294.721,6.7,6.0,-1.7,1003.9,4.6,9,2,3,82,24355.1,,Cold
2016-03-22 10:00:00,Hog_lodging_Shanti,312.643,8.3,6.0,-1.1,1003.8,5.7,10,2,3,82,24355.1,,Cold
2016-03-22 11:00:00,Hog_lodging_Shanti,312.722,10.6,6.0,-1.1,1004.1,5.1,11,2,3,82,24355.1,,Cold
2016-03-22 12:00:00,Hog_lodging_Shanti,321.8590000000001,11.7,6.0,-0.6,1004.7,6.2,12,2,3,82,24355.1,,Cold
2016-03-22 13:00:00,Hog_lodging_Shanti,321.689,11.1,6.083333333333333,-1.1,1004.5,6.7,13,2,3,82,24355.1,,Cold
2016-03-22 14:00:00,Hog_lodging_Shanti,325.834,11.7,6.166666666666667,-1.1,1004.5,7.2,14,2,3,82,24355.1,,Cold
2016-03-22 15:00:00,Hog_lodging_Shanti,312.756,12.2,6.25,-0.6,1004.8,5.7,15,2,3,82,24355.1,,Cold
2016-03-22 16:00:00,Hog_lodging_Shanti,310.889,11.1,6.25,0.0,1005.4,7.2,16,2,3,82,24355.1,,Cold
2016-03-22 17:00:00,Hog_lodging_Shanti,323.567,10.0,6.25,0.0,1006.0,6.7,17,2,3,82,24355.1,,Cold
2016-03-22 18:00:00,Hog_lodging_Shanti,329.3880000000001,7.8,6.25,-0.6,1007.0,8.2,18,2,3,82,24355.1,,Cold
2016-03-22 19:00:00,Hog_lodging_Shanti,335.523,5.0,6.25,-1.1,1008.1,7.7,19,2,3,82,24355.1,,Cold
2016-03-22 20:00:00,Hog_lodging_Shanti,336.38199999999995,3.9,6.25,-1.7,1009.6,7.2,20,2,3,82,24355.1,,Cold
2016-03-22 21:00:00,Hog_lodging_Shanti,315.754,2.2,6.25,-2.2,1010.7,7.7,21,2,3,82,24355.1,,Cold
2016-03-22 22:00:00,Hog_lodging_Shanti,308.812,1.7,6.25,-2.2,1011.0,4.6,22,2,3,82,24355.1,,Cold
2016-03-22 23:00:00,Hog_lodging_Shanti,291.012,1.1,6.25,-2.8,1011.9,4.6,23,2,3,82,24355.1,,Cold
2016-03-23 00:00:00,Hog_lodging_Shanti,275.082,0.6,6.25,-2.8,1012.2,5.7,0,3,3,83,24355.1,,Cold
2016-03-23 01:00:00,Hog_lodging_Shanti,271.733,1.7,6.25,-2.2,1012.3,8.8,1,3,3,83,24355.1,,Cold
2016-03-23 02:00:00,Hog_lodging_Shanti,261.956,1.7,6.25,-2.2,1012.1,6.7,2,3,3,83,24355.1,,Cold
2016-03-23 03:00:00,Hog_lodging_Shanti,254.766,1.7,6.25,-2.2,1011.8,6.7,3,3,3,83,24355.1,,Cold
2016-03-23 04:00:00,Hog_lodging_Shanti,243.349,1.7,6.25,-2.8,1012.0,7.2,4,3,3,83,24355.1,,Cold
2016-03-23 05:00:00,Hog_lodging_Shanti,220.722,1.1,6.25,-3.3,1013.6,6.7,5,3,3,83,24355.1,,Cold
2016-03-23 06:00:00,Hog_lodging_Shanti,227.256,1.1,6.25,-3.3,1014.3,7.2,6,3,3,83,24355.1,,Cold
2016-03-23 07:00:00,Hog_lodging_Shanti,258.443,1.1,6.25,-3.3,1015.0,7.7,7,3,3,83,24355.1,,Cold
2016-03-23 08:00:00,Hog_lodging_Shanti,301.155,1.7,6.25,-2.8,1015.2,7.7,8,3,3,83,24355.1,,Cold
2016-03-23 09:00:00,Hog_lodging_Shanti,318.264,2.2,6.25,-2.8,1015.9,7.2,9,3,3,83,24355.1,,Cold
2016-03-23 10:00:00,Hog_lodging_Shanti,328.205,1.1,6.25,-2.2,1016.8,8.2,10,3,3,83,24355.1,,Cold
2016-03-23 11:00:00,Hog_lodging_Shanti,325.047,0.0,6.25,-2.2,1016.9,6.7,11,3,3,83,24355.1,,Cold
2016-03-23 12:00:00,Hog_lodging_Shanti,324.149,-0.6,8.0,-2.8,1016.8,8.8,12,3,3,83,24355.1,,Cold
2016-03-23 13:00:00,Hog_lodging_Shanti,340.035,-0.6,9.0,-3.3,1016.9,8.2,13,3,3,83,24355.1,,Cold
2016-03-23 14:00:00,Hog_lodging_Shanti,339.707,-1.1,9.0,-2.8,1017.0,6.7,14,3,3,83,24355.1,,Cold
2016-03-23 15:00:00,Hog_lodging_Shanti,322.47,-1.1,9.0,-2.8,1016.8,6.7,15,3,3,83,24355.1,,Cold
2016-03-23 16:00:00,Hog_lodging_Shanti,324.566,-1.7,9.0,-3.3,1016.9,6.7,16,3,3,83,24355.1,,Cold
2016-03-23 17:00:00,Hog_lodging_Shanti,340.105,-1.1,8.5,-3.3,1017.2,6.2,17,3,3,83,24355.1,,Cold
2016-03-23 18:00:00,Hog_lodging_Shanti,342.293,-1.1,8.0,-3.3,1017.1,5.7,18,3,3,83,24355.1,,Cold
2016-03-23 19:00:00,Hog_lodging_Shanti,347.07,-0.6,8.0,-2.8,1016.9,6.7,19,3,3,83,24355.1,,Cold
2016-03-23 20:00:00,Hog_lodging_Shanti,346.463,0.0,8.0,-2.8,1017.2,6.2,20,3,3,83,24355.1,,Cold
2016-03-23 21:00:00,Hog_lodging_Shanti,339.21,0.0,8.0,-3.3,1017.0,5.7,21,3,3,83,24355.1,,Cold
2016-03-23 22:00:00,Hog_lodging_Shanti,325.911,0.0,8.0,-3.9,1016.4,4.6,22,3,3,83,24355.1,,Cold
2016-03-23 23:00:00,Hog_lodging_Shanti,303.039,0.0,8.0,-5.0,1015.3,5.1,23,3,3,83,24355.1,,Cold
2016-03-24 00:00:00,Hog_lodging_Shanti,283.744,-0.6,8.0,-6.1,1014.9,5.7,0,4,3,84,24355.1,,Cold
2016-03-24 01:00:00,Hog_lodging_Shanti,286.785,-0.6,8.0,-6.1,1014.2,6.2,1,4,3,84,24355.1,,Cold
2016-03-24 02:00:00,Hog_lodging_Shanti,274.681,-1.1,8.0,-6.1,1014.6,5.1,2,4,3,84,24355.1,,Cold
2016-03-24 03:00:00,Hog_lodging_Shanti,263.249,-1.1,8.0,-6.7,1014.4,5.1,3,4,3,84,24355.1,,Cold
2016-03-24 04:00:00,Hog_lodging_Shanti,232.136,-1.7,8.0,-7.2,1014.5,5.7,4,4,3,84,24355.1,,Cold
2016-03-24 05:00:00,Hog_lodging_Shanti,234.449,-1.7,8.0,-7.8,1014.6,6.2,5,4,3,84,24355.1,,Cold
2016-03-24 06:00:00,Hog_lodging_Shanti,242.107,-2.2,8.0,-8.3,1014.5,7.2,6,4,3,84,24355.1,,Cold
2016-03-24 07:00:00,Hog_lodging_Shanti,286.119,-2.2,7.2,-8.9,1013.7,6.7,7,4,3,84,24355.1,,Cold
2016-03-24 08:00:00,Hog_lodging_Shanti,305.373,-1.1,6.4,-8.3,1013.4,6.7,8,4,3,84,24355.1,,Cold
2016-03-24 09:00:00,Hog_lodging_Shanti,309.368,-0.6,5.6,-7.8,1013.4,6.7,9,4,3,84,24355.1,,Cold
2016-03-24 10:00:00,Hog_lodging_Shanti,329.315,0.0,5.6,-7.8,1013.7,6.2,10,4,3,84,24355.1,,Cold
2016-03-24 11:00:00,Hog_lodging_Shanti,333.792,1.7,4.0,-7.2,1012.8,5.7,11,4,3,84,24355.1,,Cold
2016-03-24 12:00:00,Hog_lodging_Shanti,331.603,3.3,2.0,-7.8,1011.9,6.2,12,4,3,84,24355.1,,Cold
2016-03-24 13:00:00,Hog_lodging_Shanti,335.732,5.0,0.0,-11.1,1011.4,6.2,13,4,3,84,24355.1,,Cold
2016-03-24 14:00:00,Hog_lodging_Shanti,328.24,7.2,0.0,-10.0,1011.6,6.2,14,4,3,84,24355.1,,Cold
2016-03-24 15:00:00,Hog_lodging_Shanti,312.79,7.8,0.0,-11.1,1011.6,5.1,15,4,3,84,24355.1,,Cold
2016-03-24 16:00:00,Hog_lodging_Shanti,311.712,8.3,0.0,-10.6,1011.5,5.1,16,4,3,84,24355.1,,Cold
2016-03-24 17:00:00,Hog_lodging_Shanti,332.74,7.8,0.0,-11.7,1011.7,2.6,17,4,3,84,24355.1,,Cold
2016-03-24 18:00:00,Hog_lodging_Shanti,330.285,6.7,0.0,-11.7,1012.1,2.6,18,4,3,84,24355.1,,Cold
2016-03-24 19:00:00,Hog_lodging_Shanti,339.791,5.6,0.0,-10.6,1012.5,2.6,19,4,3,84,24355.1,,Cold
2016-03-24 20:00:00,Hog_lodging_Shanti,335.094,4.4,0.0,-10.6,1013.0,1.5,20,4,3,84,24355.1,,Cold
2016-03-24 21:00:00,Hog_lodging_Shanti,323.82,3.9,0.0,-9.4,1013.5,0.0,21,4,3,84,24355.1,,Cold
2016-03-24 22:00:00,Hog_lodging_Shanti,292.4190000000001,3.3,0.0,-10.6,1013.9,0.0,22,4,3,84,24355.1,,Cold
2016-03-24 23:00:00,Hog_lodging_Shanti,282.351,2.2,0.0,-9.4,1014.0,2.1,23,4,3,84,24355.1,,Cold
2016-03-25 00:00:00,Hog_lodging_Shanti,274.828,1.1,0.0,-7.8,1014.0,3.1,0,5,3,85,24355.1,,Cold
2016-03-25 01:00:00,Hog_lodging_Shanti,288.881,0.0,0.0,-7.2,1013.6,2.1,1,5,3,85,24355.1,,Cold
2016-03-25 02:00:00,Hog_lodging_Shanti,270.099,0.0,0.0,-7.8,1013.4,1.5,2,5,3,85,24355.1,,Cold
2016-03-25 03:00:00,Hog_lodging_Shanti,252.877,-1.7,0.0,-6.7,1013.0,2.1,3,5,3,85,24355.1,,Cold
2016-03-25 04:00:00,Hog_lodging_Shanti,229.436,-2.2,0.0,-7.2,1013.1,2.1,4,5,3,85,24355.1,,Cold
2016-03-25 05:00:00,Hog_lodging_Shanti,228.075,-2.8,2.0,-7.2,1013.3,1.5,5,5,3,85,24355.1,,Cold
2016-03-25 06:00:00,Hog_lodging_Shanti,247.507,-2.2,4.0,-6.7,1013.5,2.6,6,5,3,85,24355.1,,Cold
2016-03-25 07:00:00,Hog_lodging_Shanti,277.319,-2.2,4.333333333333333,-6.1,1013.9,2.1,7,5,3,85,24355.1,,Cold
2016-03-25 08:00:00,Hog_lodging_Shanti,296.5490000000001,0.0,4.666666666666667,-5.6,1013.8,3.1,8,5,3,85,24355.1,,Cold
2016-03-25 09:00:00,Hog_lodging_Shanti,303.9290000000001,2.8,5.0,-5.6,1013.7,3.6,9,5,3,85,24355.1,,Cold
2016-03-25 10:00:00,Hog_lodging_Shanti,314.067,4.4,5.0,-7.8,1013.7,4.1,10,5,3,85,24355.1,,Cold
2016-03-25 11:00:00,Hog_lodging_Shanti,327.722,6.1,5.0,-7.8,1014.1,4.6,11,5,3,85,24355.1,,Cold
2016-03-25 12:00:00,Hog_lodging_Shanti,321.639,7.2,6.0,-7.8,1013.9,4.6,12,5,3,85,24355.1,,Cold
2016-03-25 13:00:00,Hog_lodging_Shanti,336.8119999999999,7.8,6.333333333333333,-8.3,1013.6,6.2,13,5,3,85,24355.1,,Cold
2016-03-25 14:00:00,Hog_lodging_Shanti,322.5420000000001,8.3,6.666666666666667,-7.2,1013.1,7.2,14,5,3,85,24355.1,,Cold
2016-03-25 15:00:00,Hog_lodging_Shanti,305.446,7.8,7.0,-6.7,1012.5,7.7,15,5,3,85,24355.1,,Cold
2016-03-25 16:00:00,Hog_lodging_Shanti,315.4840000000001,8.9,7.0,-5.6,1012.9,6.7,16,5,3,85,24355.1,,Cold
2016-03-25 17:00:00,Hog_lodging_Shanti,320.383,8.3,7.0,-2.8,1012.9,5.7,17,5,3,85,24355.1,,Cold
2016-03-25 18:00:00,Hog_lodging_Shanti,322.405,7.2,8.0,0.0,1013.1,4.6,18,5,3,85,24355.1,,Cold
2016-03-25 19:00:00,Hog_lodging_Shanti,317.59,6.1,8.0,1.7,1013.8,3.6,19,5,3,85,24355.1,,Cold
2016-03-25 20:00:00,Hog_lodging_Shanti,303.971,6.1,8.0,1.1,1014.1,3.6,20,5,3,85,24355.1,,Cold
2016-03-25 21:00:00,Hog_lodging_Shanti,282.975,5.6,8.0,1.1,1014.4,5.7,21,5,3,85,24355.1,,Cold
2016-03-25 22:00:00,Hog_lodging_Shanti,267.315,5.6,8.0,1.1,1014.6,3.6,22,5,3,85,24355.1,,Cold
2016-03-25 23:00:00,Hog_lodging_Shanti,256.14,5.6,8.0,1.1,1014.6,4.1,23,5,3,85,24355.1,,Cold
2016-03-26 00:00:00,Hog_lodging_Shanti,250.931,6.1,8.0,0.6,1014.6,7.2,0,6,3,86,24355.1,,Cold
2016-03-26 01:00:00,Hog_lodging_Shanti,269.064,5.6,8.0,0.6,1014.7,3.1,1,6,3,86,24355.1,,Cold
2016-03-26 02:00:00,Hog_lodging_Shanti,267.173,5.0,8.0,0.6,1014.7,3.1,2,6,3,86,24355.1,,Cold
2016-03-26 03:00:00,Hog_lodging_Shanti,256.248,5.0,8.0,1.1,1014.7,4.1,3,6,3,86,24355.1,,Cold
2016-03-26 04:00:00,Hog_lodging_Shanti,226.16,4.4,8.0,1.1,1014.9,2.1,4,6,3,86,24355.1,,Cold
2016-03-26 05:00:00,Hog_lodging_Shanti,218.108,4.4,8.0,1.1,1015.1,2.1,5,6,3,86,24355.1,,Cold
2016-03-26 06:00:00,Hog_lodging_Shanti,236.423,5.0,8.0,1.1,1015.9,1.5,6,6,3,86,24355.1,,Cold
2016-03-26 07:00:00,Hog_lodging_Shanti,254.995,5.0,7.2,1.7,1016.7,2.6,7,6,3,86,24355.1,,Cold
2016-03-26 08:00:00,Hog_lodging_Shanti,262.357,6.1,6.4,1.7,1016.9,2.1,8,6,3,86,24355.1,,Cold
2016-03-26 09:00:00,Hog_lodging_Shanti,247.938,7.2,5.6,2.8,1016.8,2.1,9,6,3,86,24355.1,,Cold
2016-03-26 10:00:00,Hog_lodging_Shanti,270.455,8.3,5.6,3.3,1017.5,2.1,10,6,3,86,24355.1,,Cold
2016-03-26 11:00:00,Hog_lodging_Shanti,292.848,9.4,4.0,3.3,1017.4,0.0,11,6,3,86,24355.1,,Cold
2016-03-26 12:00:00,Hog_lodging_Shanti,314.079,10.0,6.0,2.8,1016.7,4.1,12,6,3,86,24355.1,,Cold
2016-03-26 13:00:00,Hog_lodging_Shanti,320.259,10.0,6.333333333333333,3.3,1016.7,3.6,13,6,3,86,24355.1,,Cold
2016-03-26 14:00:00,Hog_lodging_Shanti,332.26199999999994,10.0,6.666666666666667,3.3,1016.3,3.1,14,6,3,86,24355.1,,Cold
2016-03-26 15:00:00,Hog_lodging_Shanti,309.444,9.4,7.0,3.9,1016.4,3.1,15,6,3,86,24355.1,,Cold
2016-03-26 16:00:00,Hog_lodging_Shanti,284.558,8.9,7.0,4.4,1016.6,2.1,16,6,3,86,24355.1,,Cold
2016-03-26 17:00:00,Hog_lodging_Shanti,286.094,7.8,7.0,5.6,1016.8,4.6,17,6,3,86,24355.1,,Cold
2016-03-26 18:00:00,Hog_lodging_Shanti,311.559,7.8,8.0,5.0,1016.6,1.5,18,6,3,86,24355.1,,Cold
2016-03-26 19:00:00,Hog_lodging_Shanti,324.36,7.2,8.0,5.0,1016.7,4.6,19,6,3,86,24355.1,,Cold
2016-03-26 20:00:00,Hog_lodging_Shanti,300.268,6.7,8.0,5.0,1016.7,2.1,20,6,3,86,24355.1,,Cold
2016-03-26 21:00:00,Hog_lodging_Shanti,283.888,6.7,8.0,5.0,1017.2,1.5,21,6,3,86,24355.1,,Cold
2016-03-26 22:00:00,Hog_lodging_Shanti,261.552,6.7,8.0,5.0,1017.2,2.6,22,6,3,86,24355.1,,Cold
2016-03-26 23:00:00,Hog_lodging_Shanti,255.364,6.1,8.0,4.4,1017.0,2.1,23,6,3,86,24355.1,,Cold
2016-03-27 00:00:00,Hog_lodging_Shanti,255.061,6.1,8.0,3.9,1016.2,2.6,0,7,3,87,24355.1,,Cold
2016-03-27 01:00:00,Hog_lodging_Shanti,267.829,5.6,8.0,3.9,1015.5,2.6,1,7,3,87,24355.1,,Cold
2016-03-27 02:00:00,Hog_lodging_Shanti,271.231,5.6,8.0,3.9,1015.1,2.6,2,7,3,87,24355.1,,Cold
2016-03-27 03:00:00,Hog_lodging_Shanti,258.127,4.4,8.0,3.3,1014.9000000000001,3.6,3,7,3,87,24355.1,,Cold
2016-03-27 04:00:00,Hog_lodging_Shanti,251.658,3.9,8.0,2.8,1014.7,4.6,4,7,3,87,24355.1,,Cold
2016-03-27 05:00:00,Hog_lodging_Shanti,227.087,3.3,8.0,2.2,1014.4,4.6,5,7,3,87,24355.1,,Cold
2016-03-27 06:00:00,Hog_lodging_Shanti,235.009,2.8,8.0,1.7,1015.2,5.1,6,7,3,87,24355.1,,Cold
2016-03-27 07:00:00,Hog_lodging_Shanti,237.554,2.2,8.0,1.1,1015.4,5.1,7,7,3,87,24355.1,,Cold
2016-03-27 08:00:00,Hog_lodging_Shanti,269.593,2.2,8.0,1.1,1015.7,4.1,8,7,3,87,24355.1,,Cold
2016-03-27 09:00:00,Hog_lodging_Shanti,284.436,2.2,8.0,1.1,1016.4,5.1,9,7,3,87,24355.1,,Cold
2016-03-27 10:00:00,Hog_lodging_Shanti,306.806,3.3,8.0,1.7,1016.4,3.1,10,7,3,87,24355.1,,Cold
2016-03-27 11:00:00,Hog_lodging_Shanti,314.4290000000001,4.4,8.0,1.7,1016.0,5.7,11,7,3,87,24355.1,,Cold
2016-03-27 12:00:00,Hog_lodging_Shanti,299.6620000000001,3.9,8.0,1.1,1016.2,5.7,12,7,3,87,24355.1,,Cold
2016-03-27 13:00:00,Hog_lodging_Shanti,310.691,5.0,7.666666666666667,1.1,1016.1,5.7,13,7,3,87,24355.1,,Cold
2016-03-27 14:00:00,Hog_lodging_Shanti,305.387,5.0,7.333333333333333,1.1,1015.9,4.6,14,7,3,87,24355.1,,Cold
2016-03-27 15:00:00,Hog_lodging_Shanti,321.207,5.6,7.0,0.6,1016.0,3.6,15,7,3,87,24355.1,,Cold
2016-03-27 16:00:00,Hog_lodging_Shanti,310.43,5.6,7.0,0.6,1016.2,4.6,16,7,3,87,24355.1,,Cold
2016-03-27 17:00:00,Hog_lodging_Shanti,335.78,5.0,7.0,0.0,1016.6,5.7,17,7,3,87,24355.1,,Cold
2016-03-27 18:00:00,Hog_lodging_Shanti,324.657,5.0,6.0,-0.6,1016.8,3.1,18,7,3,87,24355.1,,Cold
2016-03-27 19:00:00,Hog_lodging_Shanti,317.395,3.9,2.0,-1.7,1017.2,2.1,19,7,3,87,24355.1,,Cold
2016-03-27 20:00:00,Hog_lodging_Shanti,329.102,2.8,0.0,-1.7,1017.7,2.1,20,7,3,87,24355.1,,Cold
2016-03-27 21:00:00,Hog_lodging_Shanti,325.086,2.2,0.0,-1.1,1017.7,2.1,21,7,3,87,24355.1,,Cold
2016-03-27 22:00:00,Hog_lodging_Shanti,342.0540000000001,1.1,0.0,-1.7,1017.9,1.5,22,7,3,87,24355.1,,Cold
2016-03-27 23:00:00,Hog_lodging_Shanti,328.004,0.6,0.0,-1.7,1018.3,0.0,23,7,3,87,24355.1,,Cold
2016-03-28 00:00:00,Hog_lodging_Shanti,302.853,0.0,0.0,-2.2,1018.4,1.5,0,1,3,88,24355.1,,Cold
2016-03-28 01:00:00,Hog_lodging_Shanti,267.779,0.0,0.0,-2.8,1018.2,0.0,1,1,3,88,24355.1,,Cold
2016-03-28 02:00:00,Hog_lodging_Shanti,242.234,-0.6,2.0,-2.2,1018.2,0.0,2,1,3,88,24355.1,,Cold
2016-03-28 03:00:00,Hog_lodging_Shanti,235.912,-0.6,2.0,-2.2,1018.5,1.5,3,1,3,88,24355.1,,Cold
2016-03-28 04:00:00,Hog_lodging_Shanti,250.86900000000003,-1.1,4.0,-2.8,1018.6,1.5,4,1,3,88,24355.1,,Cold
2016-03-28 05:00:00,Hog_lodging_Shanti,261.95,-1.1,6.0,-2.8,1019.1,0.0,5,1,3,88,24355.1,,Cold
2016-03-28 06:00:00,Hog_lodging_Shanti,263.237,-0.6,8.0,-1.7,1019.5,0.0,6,1,3,88,24355.1,,Cold
2016-03-28 07:00:00,Hog_lodging_Shanti,276.207,1.1,5.0,-1.7,1019.5,1.5,7,1,3,88,24355.1,,Cold
2016-03-28 08:00:00,Hog_lodging_Shanti,312.328,3.3,2.0,0.0,1019.7,0.0,8,1,3,88,24355.1,,Cold
2016-03-28 09:00:00,Hog_lodging_Shanti,319.11,5.6,3.0,-0.6,1020.1,2.6,9,1,3,88,24355.1,,Cold
2016-03-28 10:00:00,Hog_lodging_Shanti,327.5370000000001,7.8,4.0,-1.1,1020.7,2.1,10,1,3,88,24355.1,,Cold
2016-03-28 11:00:00,Hog_lodging_Shanti,319.008,8.9,5.0,-1.1,1020.7,2.6,11,1,3,88,24355.1,,Cold
2016-03-28 12:00:00,Hog_lodging_Shanti,320.944,10.6,6.0,-1.7,1020.6,2.1,12,1,3,88,24355.1,,Cold
2016-03-28 13:00:00,Hog_lodging_Shanti,341.1690000000001,11.7,2.0,-2.8,1020.2,1.5,13,1,3,88,24355.1,,Cold
2016-03-28 14:00:00,Hog_lodging_Shanti,348.269,13.9,2.0,-2.2,1019.5,4.1,14,1,3,88,24355.1,,Cold
2016-03-28 15:00:00,Hog_lodging_Shanti,329.967,13.9,2.0,-1.7,1019.2,2.6,15,1,3,88,24355.1,,Cold
2016-03-28 16:00:00,Hog_lodging_Shanti,331.314,14.4,2.0,-1.7,1019.1,4.1,16,1,3,88,24355.1,,Cold
2016-03-28 17:00:00,Hog_lodging_Shanti,345.65,14.4,2.0,-1.1,1019.1,4.1,17,1,3,88,24355.1,,Cold
2016-03-28 18:00:00,Hog_lodging_Shanti,347.025,13.3,2.0,-0.6,1019.2,4.1,18,1,3,88,24355.1,,Cold
2016-03-28 19:00:00,Hog_lodging_Shanti,352.837,13.3,4.0,-1.1,1019.8,2.6,19,1,3,88,24355.1,,Cold
2016-03-28 20:00:00,Hog_lodging_Shanti,343.607,10.6,4.0,0.6,1020.5,2.6,20,1,3,88,24355.1,,Cold
2016-03-28 21:00:00,Hog_lodging_Shanti,326.246,9.4,2.0,1.1,1020.7,3.1,21,1,3,88,24355.1,,Cold
2016-03-28 22:00:00,Hog_lodging_Shanti,343.82800000000015,7.8,2.0,1.1,1020.8,3.1,22,1,3,88,24355.1,,Cold
2016-03-28 23:00:00,Hog_lodging_Shanti,319.47,7.8,2.0,1.1,1020.9,3.1,23,1,3,88,24355.1,,Cold
2016-03-29 00:00:00,Hog_lodging_Shanti,296.62,7.2,2.0,0.6,1021.0,2.6,0,2,3,89,24355.1,,Cold
2016-03-29 01:00:00,Hog_lodging_Shanti,276.59,6.7,2.0,0.0,1021.3,2.6,1,2,3,89,24355.1,,Cold
2016-03-29 02:00:00,Hog_lodging_Shanti,259.452,5.6,4.0,0.0,1021.1,2.6,2,2,3,89,24355.1,,Cold
2016-03-29 03:00:00,Hog_lodging_Shanti,227.963,5.6,4.0,-0.6,1021.2,2.1,3,2,3,89,24355.1,,Cold
2016-03-29 04:00:00,Hog_lodging_Shanti,222.582,5.0,4.0,-0.6,1021.1,2.1,4,2,3,89,24355.1,,Cold
2016-03-29 05:00:00,Hog_lodging_Shanti,221.779,5.6,5.0,-1.1,1021.2,4.1,5,2,3,89,24355.1,,Cold
2016-03-29 06:00:00,Hog_lodging_Shanti,243.337,5.6,6.0,-1.1,1021.6,4.6,6,2,3,89,24355.1,,Cold
2016-03-29 07:00:00,Hog_lodging_Shanti,271.788,6.7,5.0,-1.1,1021.7,4.6,7,2,3,89,24355.1,,Cold
2016-03-29 08:00:00,Hog_lodging_Shanti,294.631,8.9,4.0,-1.1,1021.4,4.6,8,2,3,89,24355.1,,Cold
2016-03-29 09:00:00,Hog_lodging_Shanti,297.142,10.6,4.5,-1.1,1021.3,5.1,9,2,3,89,24355.1,,Cold
2016-03-29 10:00:00,Hog_lodging_Shanti,323.265,12.8,5.0,-0.6,1021.3,5.7,10,2,3,89,24355.1,,Cold
2016-03-29 11:00:00,Hog_lodging_Shanti,317.074,15.0,5.5,-0.6,1020.8,6.2,11,2,3,89,24355.1,,Cold
2016-03-29 12:00:00,Hog_lodging_Shanti,327.816,15.6,6.0,0.0,1019.7,6.7,12,2,3,89,24355.1,,Cold
2016-03-29 13:00:00,Hog_lodging_Shanti,353.18699999999984,16.7,6.333333333333333,0.0,1018.8,6.7,13,2,3,89,24355.1,,Cold
2016-03-29 14:00:00,Hog_lodging_Shanti,355.494,16.7,6.666666666666667,0.6,1017.7,7.7,14,2,3,89,24355.1,,Cold
2016-03-29 15:00:00,Hog_lodging_Shanti,328.598,16.7,7.0,0.6,1016.8,8.2,15,2,3,89,24355.1,,Cold
2016-03-29 16:00:00,Hog_lodging_Shanti,342.207,16.7,7.0,0.0,1016.2,9.3,16,2,3,89,24355.1,,Cold
2016-03-29 17:00:00,Hog_lodging_Shanti,350.009,16.1,7.0,-0.6,1015.6,9.3,17,2,3,89,24355.1,,Cold
2016-03-29 18:00:00,Hog_lodging_Shanti,356.64,13.9,8.0,1.7,1015.3,6.7,18,2,3,89,24355.1,,Cold
2016-03-29 19:00:00,Hog_lodging_Shanti,351.37300000000016,13.3,8.0,1.7,1015.1,5.1,19,2,3,89,24355.1,,Cold
2016-03-29 20:00:00,Hog_lodging_Shanti,349.4,12.8,8.0,1.1,1014.4,7.2,20,2,3,89,24355.1,,Cold
2016-03-29 21:00:00,Hog_lodging_Shanti,337.8830000000001,12.8,8.0,1.1,1014.0,7.2,21,2,3,89,24355.1,,Cold
2016-03-29 22:00:00,Hog_lodging_Shanti,331.066,10.0,8.0,3.9,1015.0,9.3,22,2,3,89,24355.1,,Cold
2016-03-29 23:00:00,Hog_lodging_Shanti,331.1980000000001,8.3,8.0,5.0,1014.8,2.6,23,2,3,89,24355.1,,Cold
2016-03-30 00:00:00,Hog_lodging_Shanti,306.58,7.8,8.0,5.6,1014.9,3.6,0,3,3,90,24355.1,,Cold
2016-03-30 01:00:00,Hog_lodging_Shanti,280.261,7.8,8.0,5.0,1013.6,5.7,1,3,3,90,24355.1,,Cold
2016-03-30 02:00:00,Hog_lodging_Shanti,235.745,7.2,8.0,4.4,1011.9,6.7,2,3,3,90,24355.1,,Cold
2016-03-30 03:00:00,Hog_lodging_Shanti,228.024,7.2,8.0,4.4,1010.1,6.7,3,3,3,90,24355.1,,Cold
2016-03-30 04:00:00,Hog_lodging_Shanti,223.467,7.2,8.0,3.9,1008.7,7.2,4,3,3,90,24355.1,,Cold
2016-03-30 05:00:00,Hog_lodging_Shanti,238.49,6.7,8.0,4.4,1007.7,6.2,5,3,3,90,24355.1,,Cold
2016-03-30 06:00:00,Hog_lodging_Shanti,248.198,6.7,8.0,4.4,1007.6,6.7,6,3,3,90,24355.1,,Cold
2016-03-30 07:00:00,Hog_lodging_Shanti,267.139,6.7,8.0,3.9,1006.8,5.7,7,3,3,90,24355.1,,Cold
2016-03-30 08:00:00,Hog_lodging_Shanti,294.988,6.1,8.0,3.9,1005.1,6.7,8,3,3,90,24355.1,,Cold
2016-03-30 09:00:00,Hog_lodging_Shanti,301.34,6.1,8.0,4.4,1004.1,5.7,9,3,3,90,24355.1,,Cold
2016-03-30 10:00:00,Hog_lodging_Shanti,318.075,6.1,8.0,5.0,1003.8,3.1,10,3,3,90,24355.1,,Cold
2016-03-30 11:00:00,Hog_lodging_Shanti,326.938,6.7,8.0,5.0,1003.9,1.5,11,3,3,90,24355.1,,Cold
2016-03-30 12:00:00,Hog_lodging_Shanti,332.041,6.7,8.0,5.0,1003.5,1.5,12,3,3,90,24355.1,,Cold
2016-03-30 13:00:00,Hog_lodging_Shanti,336.727,7.2,8.0,5.0,1003.2,2.1,13,3,3,90,24355.1,,Cold
2016-03-30 14:00:00,Hog_lodging_Shanti,328.58,8.3,8.0,5.0,1002.8,1.5,14,3,3,90,24355.1,,Cold
2016-03-30 15:00:00,Hog_lodging_Shanti,311.7390000000001,8.3,8.0,5.6,1003.1,2.6,15,3,3,90,24355.1,,Cold
2016-03-30 16:00:00,Hog_lodging_Shanti,315.876,8.3,8.0,5.0,1002.6,3.6,16,3,3,90,24355.1,,Cold
2016-03-30 17:00:00,Hog_lodging_Shanti,341.526,7.8,8.0,4.4,1002.1,5.1,17,3,3,90,24355.1,,Cold
2016-03-30 18:00:00,Hog_lodging_Shanti,334.335,7.8,8.0,4.4,1001.9,4.6,18,3,3,90,24355.1,,Cold
2016-03-30 19:00:00,Hog_lodging_Shanti,335.31,7.8,8.0,4.4,1002.4,3.1,19,3,3,90,24355.1,,Cold
2016-03-30 20:00:00,Hog_lodging_Shanti,328.287,7.8,8.0,5.0,1002.4,2.6,20,3,3,90,24355.1,,Cold
2016-03-30 21:00:00,Hog_lodging_Shanti,325.6670000000001,7.8,8.0,4.4,1001.8,2.1,21,3,3,90,24355.1,,Cold
2016-03-30 22:00:00,Hog_lodging_Shanti,334.0440000000001,7.2,8.0,4.4,1000.9,3.1,22,3,3,90,24355.1,,Cold
2016-03-30 23:00:00,Hog_lodging_Shanti,324.969,7.2,8.0,5.0,1000.5,4.1,23,3,3,90,24355.1,,Cold
2016-03-31 00:00:00,Hog_lodging_Shanti,299.168,6.7,8.0,4.4,1000.4,4.6,0,4,3,91,24355.1,,Cold
2016-03-31 01:00:00,Hog_lodging_Shanti,276.08,6.7,8.0,3.9,1000.2,2.1,1,4,3,91,24355.1,,Cold
2016-03-31 02:00:00,Hog_lodging_Shanti,238.19,6.7,8.0,3.9,998.8,4.6,2,4,3,91,24355.1,,Cold
2016-03-31 03:00:00,Hog_lodging_Shanti,224.87,6.1,8.0,3.3,998.3,3.1,3,4,3,91,24355.1,,Cold
2016-03-31 04:00:00,Hog_lodging_Shanti,227.655,6.1,8.0,3.3,997.8,3.6,4,4,3,91,24355.1,,Cold
2016-03-31 05:00:00,Hog_lodging_Shanti,246.46,5.6,8.0,2.8,997.9,4.6,5,4,3,91,24355.1,,Cold
2016-03-31 06:00:00,Hog_lodging_Shanti,245.248,4.4,8.0,2.8,998.0,4.1,6,4,3,91,24355.1,,Cold
2016-03-31 07:00:00,Hog_lodging_Shanti,273.635,4.4,8.0,2.8,998.1,5.1,7,4,3,91,24355.1,,Cold
2016-03-31 08:00:00,Hog_lodging_Shanti,293.175,5.0,8.0,3.3,998.1999999999999,4.6,8,4,3,91,24355.1,,Cold
2016-03-31 09:00:00,Hog_lodging_Shanti,296.342,4.4,8.0,2.8,998.3,4.6,9,4,3,91,24355.1,,Cold
2016-03-31 10:00:00,Hog_lodging_Shanti,319.509,4.4,8.0,2.8,998.9,6.2,10,4,3,91,24355.1,,Cold
2016-03-31 11:00:00,Hog_lodging_Shanti,315.9290000000001,5.6,8.0,2.8,999.3,4.1,11,4,3,91,24355.1,,Cold
2016-03-31 12:00:00,Hog_lodging_Shanti,319.305,7.8,8.0,2.2,999.3,4.1,12,4,3,91,24355.1,,Cold
2016-03-31 13:00:00,Hog_lodging_Shanti,328.63699999999994,10.6,7.666666666666667,0.0,998.9,5.7,13,4,3,91,24355.1,,Cold
2016-03-31 14:00:00,Hog_lodging_Shanti,323.684,11.1,7.333333333333333,-1.7,998.9,5.7,14,4,3,91,24355.1,,Cold
2016-03-31 15:00:00,Hog_lodging_Shanti,302.805,10.0,7.0,1.1,999.4,6.2,15,4,3,91,24355.1,,Cold
2016-03-31 16:00:00,Hog_lodging_Shanti,312.578,10.0,7.0,0.0,1000.3,7.2,16,4,3,91,24355.1,,Cold
2016-03-31 17:00:00,Hog_lodging_Shanti,326.045,7.2,7.0,2.2,1001.8,4.6,17,4,3,91,24355.1,,Cold
2016-03-31 18:00:00,Hog_lodging_Shanti,329.699,7.2,6.0,3.3,1002.7,0.0,18,4,3,91,24355.1,,Cold
2016-03-31 19:00:00,Hog_lodging_Shanti,332.852,7.2,5.333333333333333,2.8,1003.2,2.6,19,4,3,91,24355.1,,Cold
2016-03-31 20:00:00,Hog_lodging_Shanti,325.678,7.2,4.666666666666667,1.7,1003.8,0.0,20,4,3,91,24355.1,,Cold
2016-03-31 21:00:00,Hog_lodging_Shanti,320.993,6.1,4.0,1.7,1004.5,2.6,21,4,3,91,24355.1,,Cold
2016-03-31 22:00:00,Hog_lodging_Shanti,311.875,6.1,4.0,1.7,1004.7,2.1,22,4,3,91,24355.1,,Cold
2016-03-31 23:00:00,Hog_lodging_Shanti,300.12,6.1,4.0,2.2,1004.6,0.0,23,4,3,91,24355.1,,Cold
2016-04-01 00:00:00,Hog_lodging_Shanti,290.213,4.4,2.0,2.8,1005.2,0.0,0,5,4,92,24355.1,,Cold
2016-04-01 01:00:00,Hog_lodging_Shanti,275.206,3.9,2.0,2.2,1005.3,2.6,1,5,4,92,24355.1,,Cold
2016-04-01 02:00:00,Hog_lodging_Shanti,240.493,2.2,4.0,0.6,1005.7,2.1,2,5,4,92,24355.1,,Cold
2016-04-01 03:00:00,Hog_lodging_Shanti,224.882,2.8,5.0,1.1,1005.9,2.6,3,5,4,92,24355.1,,Cold
2016-04-01 04:00:00,Hog_lodging_Shanti,230.235,3.9,6.0,0.6,1006.3,6.2,4,5,4,92,24355.1,,Cold
2016-04-01 05:00:00,Hog_lodging_Shanti,242.289,2.8,7.0,0.6,1007.2,5.7,5,5,4,92,24355.1,,Cold
2016-04-01 06:00:00,Hog_lodging_Shanti,244.951,2.8,8.0,-0.6,1007.9,5.7,6,5,4,92,24355.1,,Cold
2016-04-01 07:00:00,Hog_lodging_Shanti,246.552,2.2,2.0,-3.3,1009.3,6.2,7,5,4,92,24355.1,,Cold
2016-04-01 08:00:00,Hog_lodging_Shanti,286.553,2.2,0.0,-4.4,1010.3,6.7,8,5,4,92,24355.1,,Cold
2016-04-01 09:00:00,Hog_lodging_Shanti,300.273,2.8,2.0,-6.1,1010.9,7.2,9,5,4,92,24355.1,,Cold
2016-04-01 10:00:00,Hog_lodging_Shanti,318.565,2.8,2.0,-6.7,1011.5,9.8,10,5,4,92,24355.1,,Cold
2016-04-01 11:00:00,Hog_lodging_Shanti,334.925,2.8,4.0,-8.3,1012.0,10.3,11,5,4,92,24355.1,,Cold
2016-04-01 12:00:00,Hog_lodging_Shanti,335.8590000000001,4.4,4.0,-10.0,1012.2,9.8,12,5,4,92,24355.1,,Cold
2016-04-01 13:00:00,Hog_lodging_Shanti,333.722,3.9,4.0,-10.0,1012.1,8.8,13,5,4,92,24355.1,,Cold
2016-04-01 14:00:00,Hog_lodging_Shanti,336.32,4.4,2.0,-11.7,1011.9,8.8,14,5,4,92,24355.1,,Cold
2016-04-01 15:00:00,Hog_lodging_Shanti,319.682,5.0,4.0,-11.1,1011.7,10.3,15,5,4,92,24355.1,,Cold
2016-04-01 16:00:00,Hog_lodging_Shanti,323.198,4.4,4.0,-12.2,1011.7,7.2,16,5,4,92,24355.1,,Cold
2016-04-01 17:00:00,Hog_lodging_Shanti,333.057,3.3,4.0,-12.2,1011.6,9.3,17,5,4,92,24355.1,,Cold
2016-04-01 18:00:00,Hog_lodging_Shanti,334.01,2.2,2.0,-12.8,1012.0,8.8,18,5,4,92,24355.1,,Cold
2016-04-01 19:00:00,Hog_lodging_Shanti,327.8180000000001,1.1,2.0,-12.8,1012.0,7.2,19,5,4,92,24355.1,,Cold
2016-04-01 20:00:00,Hog_lodging_Shanti,317.28,0.6,4.0,-13.3,1011.8,5.1,20,5,4,92,24355.1,,Cold
2016-04-01 21:00:00,Hog_lodging_Shanti,295.284,0.6,5.0,-12.8,1011.3,2.6,21,5,4,92,24355.1,,Cold
2016-04-01 22:00:00,Hog_lodging_Shanti,304.802,0.6,6.0,-12.2,1010.1,3.1,22,5,4,92,24355.1,,Cold
2016-04-01 23:00:00,Hog_lodging_Shanti,300.4240000000001,1.1,7.0,-9.4,1008.3,4.1,23,5,4,92,24355.1,,Cold
2016-04-02 00:00:00,Hog_lodging_Shanti,265.629,1.7,8.0,-8.3,1006.1,4.6,0,6,4,93,24355.1,,Cold
2016-04-02 01:00:00,Hog_lodging_Shanti,264.039,1.7,6.5,-6.7,1004.5,4.6,1,6,4,93,24355.1,,Cold
2016-04-02 02:00:00,Hog_lodging_Shanti,265.523,0.6,5.0,-2.8,1002.3,4.1,2,6,4,93,24355.1,,Cold
2016-04-02 03:00:00,Hog_lodging_Shanti,264.776,2.2,3.5,-2.2,1000.6,9.3,3,6,4,93,24355.1,,Cold
2016-04-02 04:00:00,Hog_lodging_Shanti,244.628,0.6,2.0,-9.4,1001.4,10.8,4,6,4,93,24355.1,,Cold
2016-04-02 05:00:00,Hog_lodging_Shanti,225.922,-1.1,4.0,-8.3,1003.6,12.9,5,6,4,93,24355.1,,Cold
2016-04-02 06:00:00,Hog_lodging_Shanti,242.812,-1.7,8.0,-8.3,1005.3,13.4,6,6,4,93,24355.1,,Cold
2016-04-02 07:00:00,Hog_lodging_Shanti,265.461,-2.2,7.2,-8.9,1008.0,13.9,7,6,4,93,24355.1,,Cold
2016-04-02 08:00:00,Hog_lodging_Shanti,278.397,-2.2,6.4,-11.1,1010.0,11.8,8,6,4,93,24355.1,,Cold
2016-04-02 09:00:00,Hog_lodging_Shanti,273.178,-3.3,5.6,-12.2,1011.8,12.4,9,6,4,93,24355.1,,Cold
2016-04-02 10:00:00,Hog_lodging_Shanti,283.232,-1.7,5.6,-13.9,1013.2,11.3,10,6,4,93,24355.1,,Cold
2016-04-02 11:00:00,Hog_lodging_Shanti,311.9770000000001,-0.6,4.0,-13.3,1014.3,10.3,11,6,4,93,24355.1,,Cold
2016-04-02 12:00:00,Hog_lodging_Shanti,332.699,0.0,4.0,-12.8,1014.8,8.8,12,6,4,93,24355.1,,Cold
2016-04-02 13:00:00,Hog_lodging_Shanti,336.766,0.6,2.0,-13.9,1015.6,9.8,13,6,4,93,24355.1,,Cold
2016-04-02 14:00:00,Hog_lodging_Shanti,334.0680000000001,1.1,2.0,-14.4,1015.9,8.8,14,6,4,93,24355.1,,Cold
2016-04-02 15:00:00,Hog_lodging_Shanti,326.547,2.2,2.0,-12.8,1015.6,6.7,15,6,4,93,24355.1,,Cold
2016-04-02 16:00:00,Hog_lodging_Shanti,316.46,2.2,2.0,-12.8,1015.8,6.7,16,6,4,93,24355.1,,Cold
2016-04-02 17:00:00,Hog_lodging_Shanti,333.314,2.2,2.0,-14.4,1015.5,7.2,17,6,4,93,24355.1,,Cold
2016-04-02 18:00:00,Hog_lodging_Shanti,343.158,1.1,6.0,-13.3,1015.9,5.7,18,6,4,93,24355.1,,Cold
2016-04-02 19:00:00,Hog_lodging_Shanti,344.256,0.6,6.333333333333333,-13.9,1015.8,6.2,19,6,4,93,24355.1,,Cold
2016-04-02 20:00:00,Hog_lodging_Shanti,325.019,0.6,6.666666666666667,-13.9,1016.1,5.7,20,6,4,93,24355.1,,Cold
2016-04-02 21:00:00,Hog_lodging_Shanti,304.266,0.6,7.0,-13.9,1015.9,3.1,21,6,4,93,24355.1,,Cold
2016-04-02 22:00:00,Hog_lodging_Shanti,305.0490000000001,0.0,7.0,-13.9,1014.9,3.1,22,6,4,93,24355.1,,Cold
2016-04-02 23:00:00,Hog_lodging_Shanti,277.597,0.0,7.0,-13.3,1013.6,2.6,23,6,4,93,24355.1,,Cold
2016-04-03 00:00:00,Hog_lodging_Shanti,283.628,0.0,8.0,-13.3,1013.0,3.1,0,7,4,94,24355.1,,Cold
2016-04-03 01:00:00,Hog_lodging_Shanti,286.677,-0.6,4.0,-12.8,1012.3,2.6,1,7,4,94,24355.1,,Cold
2016-04-03 02:00:00,Hog_lodging_Shanti,279.846,-1.7,0.0,-12.2,1011.1,2.6,2,7,4,94,24355.1,,Cold
2016-04-03 03:00:00,Hog_lodging_Shanti,263.922,-1.1,0.0,-11.1,1009.3,5.1,3,7,4,94,24355.1,,Cold
2016-04-03 04:00:00,Hog_lodging_Shanti,238.099,-0.6,4.0,-10.6,1007.4,5.1,4,7,4,94,24355.1,,Cold
2016-04-03 05:00:00,Hog_lodging_Shanti,230.709,0.0,4.0,-9.4,1005.8,5.7,5,7,4,94,24355.1,,Cold
2016-04-03 06:00:00,Hog_lodging_Shanti,267.932,0.0,6.0,-7.8,1004.5,4.1,6,7,4,94,24355.1,,Cold
2016-04-03 07:00:00,Hog_lodging_Shanti,271.899,1.7,6.0,-5.0,1003.0,4.6,7,7,4,94,24355.1,,Cold
2016-04-03 08:00:00,Hog_lodging_Shanti,271.61,3.9,6.0,-3.3,1001.3,3.6,8,7,4,94,24355.1,,Cold
2016-04-03 09:00:00,Hog_lodging_Shanti,269.067,7.8,6.0,-0.6,1000.0,3.1,9,7,4,94,24355.1,,Cold
2016-04-03 10:00:00,Hog_lodging_Shanti,286.279,12.8,6.0,1.1,998.8,4.6,10,7,4,94,24355.1,,Cold
2016-04-03 11:00:00,Hog_lodging_Shanti,310.1140000000001,14.4,6.0,1.7,998.9,5.1,11,7,4,94,24355.1,,Cold
2016-04-03 12:00:00,Hog_lodging_Shanti,317.285,17.8,6.0,2.8,998.5,7.7,12,7,4,94,24355.1,,Cold
2016-04-03 13:00:00,Hog_lodging_Shanti,341.821,18.9,4.0,2.8,998.7,6.7,13,7,4,94,24355.1,,Cold
2016-04-03 14:00:00,Hog_lodging_Shanti,351.211,18.3,2.0,2.8,1000.1,8.8,14,7,4,94,24355.1,,Cold
2016-04-03 15:00:00,Hog_lodging_Shanti,330.151,14.4,2.0,0.6,1002.3,8.2,15,7,4,94,24355.1,,Cold
2016-04-03 16:00:00,Hog_lodging_Shanti,330.91,13.9,2.0,-1.7,1003.7,8.2,16,7,4,94,24355.1,,Cold
2016-04-03 17:00:00,Hog_lodging_Shanti,345.583,12.2,2.0,-2.8,1005.6,8.8,17,7,4,94,24355.1,,Cold
2016-04-03 18:00:00,Hog_lodging_Shanti,347.662,8.9,2.0,-4.4,1008.1,8.2,18,7,4,94,24355.1,,Cold
2016-04-03 19:00:00,Hog_lodging_Shanti,341.836,5.0,2.0,-5.0,1010.1,7.2,19,7,4,94,24355.1,,Cold
2016-04-03 20:00:00,Hog_lodging_Shanti,346.7580000000001,2.8,2.0,-5.6,1012.3,8.2,20,7,4,94,24355.1,,Cold
2016-04-03 21:00:00,Hog_lodging_Shanti,335.396,0.6,4.0,-6.1,1013.6,5.1,21,7,4,94,24355.1,,Cold
2016-04-03 22:00:00,Hog_lodging_Shanti,335.0490000000001,-0.6,2.0,-6.1,1014.8,5.1,22,7,4,94,24355.1,,Cold
2016-04-03 23:00:00,Hog_lodging_Shanti,331.6090000000001,-1.1,2.0,-6.1,1015.6,5.1,23,7,4,94,24355.1,,Cold
2016-04-04 00:00:00,Hog_lodging_Shanti,309.277,-1.1,6.0,-6.1,1016.7,4.6,0,1,4,95,24355.1,,Cold
2016-04-04 01:00:00,Hog_lodging_Shanti,291.406,-1.1,4.0,-6.1,1017.5,4.1,1,1,4,95,24355.1,,Cold
2016-04-04 02:00:00,Hog_lodging_Shanti,254.192,-1.7,2.0,-7.2,1018.4,6.2,2,1,4,95,24355.1,,Cold
2016-04-04 03:00:00,Hog_lodging_Shanti,247.091,-2.2,3.5,-7.2,1019.6,4.6,3,1,4,95,24355.1,,Cold
2016-04-04 04:00:00,Hog_lodging_Shanti,267.391,-2.2,5.0,-7.2,1020.1,3.1,4,1,4,95,24355.1,,Cold
2016-04-04 05:00:00,Hog_lodging_Shanti,252.969,-1.7,6.5,-6.7,1021.3,2.6,5,1,4,95,24355.1,,Cold
2016-04-04 06:00:00,Hog_lodging_Shanti,246.573,-1.7,8.0,-7.2,1022.6,3.6,6,1,4,95,24355.1,,Cold
2016-04-04 07:00:00,Hog_lodging_Shanti,262.28700000000003,-1.1,8.0,-7.8,1024.0,2.6,7,1,4,95,24355.1,,Cold
2016-04-04 08:00:00,Hog_lodging_Shanti,307.991,-0.6,8.0,-8.9,1025.1,3.1,8,1,4,95,24355.1,,Cold
2016-04-04 09:00:00,Hog_lodging_Shanti,309.9240000000001,0.6,8.0,-8.3,1025.8,3.1,9,1,4,95,24355.1,,Cold
2016-04-04 10:00:00,Hog_lodging_Shanti,327.754,1.1,8.0,-8.9,1026.4,4.1,10,1,4,95,24355.1,,Cold
2016-04-04 11:00:00,Hog_lodging_Shanti,327.809,1.1,8.0,-7.8,1027.2,3.1,11,1,4,95,24355.1,,Cold
2016-04-04 12:00:00,Hog_lodging_Shanti,333.236,1.7,8.0,-7.2,1027.1,5.1,12,1,4,95,24355.1,,Cold
2016-04-04 13:00:00,Hog_lodging_Shanti,341.389,1.7,6.5,-7.2,1027.1,2.6,13,1,4,95,24355.1,,Cold
2016-04-04 14:00:00,Hog_lodging_Shanti,346.311,3.3,5.0,-7.2,1026.8,4.1,14,1,4,95,24355.1,,Cold
2016-04-04 15:00:00,Hog_lodging_Shanti,328.595,3.9,3.5,-7.8,1026.7,4.6,15,1,4,95,24355.1,,Cold
2016-04-04 16:00:00,Hog_lodging_Shanti,320.949,3.3,2.0,-8.3,1026.6,2.1,16,1,4,95,24355.1,,Cold
2016-04-04 17:00:00,Hog_lodging_Shanti,340.199,5.0,2.0,-7.8,1026.5,6.2,17,1,4,95,24355.1,,Cold
2016-04-04 18:00:00,Hog_lodging_Shanti,350.782,4.4,2.0,-8.3,1026.7,0.0,18,1,4,95,24355.1,,Cold
2016-04-04 19:00:00,Hog_lodging_Shanti,349.333,3.3,0.0,-8.9,1026.8,0.0,19,1,4,95,24355.1,,Cold
2016-04-04 20:00:00,Hog_lodging_Shanti,351.3180000000001,2.2,0.0,-8.3,1027.4,3.6,20,1,4,95,24355.1,,Cold
2016-04-04 21:00:00,Hog_lodging_Shanti,341.004,1.7,0.0,-7.8,1027.9,4.1,21,1,4,95,24355.1,,Cold
2016-04-04 22:00:00,Hog_lodging_Shanti,337.5680000000001,0.6,0.0,-7.8,1028.1,3.6,22,1,4,95,24355.1,,Cold
2016-04-04 23:00:00,Hog_lodging_Shanti,332.358,0.0,0.0,-7.8,1028.3,3.6,23,1,4,95,24355.1,,Cold
2016-04-05 00:00:00,Hog_lodging_Shanti,315.285,-1.1,0.0,-7.2,1028.4,3.6,0,2,4,96,24355.1,,Cold
2016-04-05 01:00:00,Hog_lodging_Shanti,285.5,-1.1,0.0,-7.2,1027.9,4.6,1,2,4,96,24355.1,,Cold
2016-04-05 02:00:00,Hog_lodging_Shanti,260.333,-1.7,0.0,-7.2,1027.3,3.1,2,2,4,96,24355.1,,Cold
2016-04-05 03:00:00,Hog_lodging_Shanti,237.322,-1.7,0.0,-7.2,1027.0,3.6,3,2,4,96,24355.1,,Cold
2016-04-05 04:00:00,Hog_lodging_Shanti,237.06,-1.7,0.0,-7.2,1026.7,3.1,4,2,4,96,24355.1,,Cold
2016-04-05 05:00:00,Hog_lodging_Shanti,255.802,-1.7,2.0,-7.2,1026.1,4.1,5,2,4,96,24355.1,,Cold
2016-04-05 06:00:00,Hog_lodging_Shanti,257.512,-1.1,6.0,-7.8,1025.4,4.6,6,2,4,96,24355.1,,Cold
2016-04-05 07:00:00,Hog_lodging_Shanti,276.73400000000004,0.0,6.333333333333333,-7.2,1024.8,4.6,7,2,4,96,24355.1,,Cold
2016-04-05 08:00:00,Hog_lodging_Shanti,299.456,1.7,6.666666666666667,-6.1,1024.1,5.1,8,2,4,96,24355.1,,Cold
2016-04-05 09:00:00,Hog_lodging_Shanti,305.566,1.1,7.0,-3.9,1023.8,7.2,9,2,4,96,24355.1,,Cold
2016-04-05 10:00:00,Hog_lodging_Shanti,331.289,1.1,7.0,-3.3,1023.2,7.2,10,2,4,96,24355.1,,Cold
2016-04-05 11:00:00,Hog_lodging_Shanti,331.784,1.1,7.0,-2.8,1022.1,7.2,11,2,4,96,24355.1,,Cold
2016-04-05 12:00:00,Hog_lodging_Shanti,336.7519999999999,1.1,8.0,-2.2,1020.3,7.7,12,2,4,96,24355.1,,Cold
2016-04-05 13:00:00,Hog_lodging_Shanti,341.9430000000001,1.1,8.0,-1.7,1018.9,7.7,13,2,4,96,24355.1,,Cold
2016-04-05 14:00:00,Hog_lodging_Shanti,339.967,1.7,8.0,-1.7,1017.9,9.3,14,2,4,96,24355.1,,Cold
2016-04-05 15:00:00,Hog_lodging_Shanti,341.172,2.2,8.0,-0.6,1015.4,8.2,15,2,4,96,24355.1,,Cold
2016-04-05 16:00:00,Hog_lodging_Shanti,333.592,2.2,8.0,-1.7,1015.8,4.1,16,2,4,96,24355.1,,Cold
2016-04-05 17:00:00,Hog_lodging_Shanti,359.662,2.2,8.0,-1.7,1015.0,5.7,17,2,4,96,24355.1,,Cold
2016-04-05 18:00:00,Hog_lodging_Shanti,355.777,2.8,8.0,-1.1,1013.5,7.7,18,2,4,96,24355.1,,Cold
2016-04-05 19:00:00,Hog_lodging_Shanti,362.92,2.8,8.0,-1.1,1012.0,5.7,19,2,4,96,24355.1,,Cold
2016-04-05 20:00:00,Hog_lodging_Shanti,360.159,2.8,8.0,-1.7,1011.4,5.7,20,2,4,96,24355.1,,Cold
2016-04-05 21:00:00,Hog_lodging_Shanti,348.019,2.8,8.0,-1.7,1010.1,4.6,21,2,4,96,24355.1,,Cold
2016-04-05 22:00:00,Hog_lodging_Shanti,343.84,2.8,8.0,-1.7,1008.3,5.1,22,2,4,96,24355.1,,Cold
2016-04-05 23:00:00,Hog_lodging_Shanti,328.011,2.2,8.0,-1.7,1007.5,3.6,23,2,4,96,24355.1,,Cold
2016-04-06 00:00:00,Hog_lodging_Shanti,306.6020000000001,2.8,8.0,-2.2,1006.6,2.6,0,3,4,97,24355.1,,Cold
2016-04-06 01:00:00,Hog_lodging_Shanti,289.451,2.8,7.2,-1.7,1005.4,3.6,1,3,4,97,24355.1,,Cold
2016-04-06 02:00:00,Hog_lodging_Shanti,256.182,2.8,6.4,-2.2,1003.7,3.6,2,3,4,97,24355.1,,Cold
2016-04-06 03:00:00,Hog_lodging_Shanti,238.116,2.2,5.6,-1.7,1003.1,4.6,3,3,4,97,24355.1,,Cold
2016-04-06 04:00:00,Hog_lodging_Shanti,243.542,1.1,5.6,-1.7,1002.8,4.1,4,3,4,97,24355.1,,Cold
2016-04-06 05:00:00,Hog_lodging_Shanti,259.063,1.1,4.0,-1.7,1002.8,2.1,5,3,4,97,24355.1,,Cold
2016-04-06 06:00:00,Hog_lodging_Shanti,255.509,0.0,4.0,-2.2,1003.0,2.6,6,3,4,97,24355.1,,Cold
2016-04-06 07:00:00,Hog_lodging_Shanti,280.749,1.7,4.0,-1.1,1003.5,2.6,7,3,4,97,24355.1,,Cold
2016-04-06 08:00:00,Hog_lodging_Shanti,302.188,3.9,4.0,0.0,1003.0,2.6,8,3,4,97,24355.1,,Cold
2016-04-06 09:00:00,Hog_lodging_Shanti,309.367,6.1,4.0,0.0,1003.5,5.1,9,3,4,97,24355.1,,Cold
2016-04-06 10:00:00,Hog_lodging_Shanti,330.064,6.1,5.333333333333333,-0.6,1004.5,7.7,10,3,4,97,24355.1,,Cold
2016-04-06 11:00:00,Hog_lodging_Shanti,327.516,5.6,6.666666666666666,-0.6,1004.8,7.2,11,3,4,97,24355.1,,Cold
2016-04-06 12:00:00,Hog_lodging_Shanti,329.957,4.4,8.0,0.0,1005.1,5.7,12,3,4,97,24355.1,,Cold
2016-04-06 13:00:00,Hog_lodging_Shanti,339.041,4.4,8.0,-0.6,1005.3,6.2,13,3,4,97,24355.1,,Cold
2016-04-06 14:00:00,Hog_lodging_Shanti,343.028,4.4,8.0,-1.1,1005.4,6.2,14,3,4,97,24355.1,,Cold
2016-04-06 15:00:00,Hog_lodging_Shanti,317.861,4.4,8.0,-1.7,1005.4,6.2,15,3,4,97,24355.1,,Cold
2016-04-06 16:00:00,Hog_lodging_Shanti,322.567,3.9,8.0,-1.7,1005.9,6.7,16,3,4,97,24355.1,,Cold
2016-04-06 17:00:00,Hog_lodging_Shanti,339.93,3.3,8.0,-2.2,1006.6,6.2,17,3,4,97,24355.1,,Cold
2016-04-06 18:00:00,Hog_lodging_Shanti,345.531,3.3,8.0,-2.2,1007.1,8.2,18,3,4,97,24355.1,,Cold
2016-04-06 19:00:00,Hog_lodging_Shanti,341.91,3.3,8.0,-2.2,1007.6,6.2,19,3,4,97,24355.1,,Cold
2016-04-06 20:00:00,Hog_lodging_Shanti,348.12,3.9,8.0,-2.2,1008.0,3.6,20,3,4,97,24355.1,,Cold
2016-04-06 21:00:00,Hog_lodging_Shanti,337.05300000000005,2.8,8.0,-1.1,1008.3,4.1,21,3,4,97,24355.1,,Cold
2016-04-06 22:00:00,Hog_lodging_Shanti,328.634,2.8,8.0,-0.6,1008.2,3.6,22,3,4,97,24355.1,,Cold
2016-04-06 23:00:00,Hog_lodging_Shanti,321.69,2.2,8.0,-1.7,1008.3,4.1,23,3,4,97,24355.1,,Cold
2016-04-07 00:00:00,Hog_lodging_Shanti,305.725,2.2,8.0,-2.2,1008.3,4.6,0,4,4,98,24355.1,,Cold
2016-04-07 01:00:00,Hog_lodging_Shanti,288.728,1.7,8.0,-2.8,1008.7,3.1,1,4,4,98,24355.1,,Cold
2016-04-07 02:00:00,Hog_lodging_Shanti,266.933,1.1,8.0,-2.2,1008.6,2.1,2,4,4,98,24355.1,,Cold
2016-04-07 03:00:00,Hog_lodging_Shanti,242.379,1.1,8.0,-2.8,1008.6,2.1,3,4,4,98,24355.1,,Cold
2016-04-07 04:00:00,Hog_lodging_Shanti,239.11900000000003,1.1,8.0,-2.8,1008.9,1.5,4,4,4,98,24355.1,,Cold
2016-04-07 05:00:00,Hog_lodging_Shanti,263.028,1.1,8.0,-2.8,1009.4,0.0,5,4,4,98,24355.1,,Cold
2016-04-07 06:00:00,Hog_lodging_Shanti,271.915,1.1,8.0,-2.8,1009.7,2.1,6,4,4,98,24355.1,,Cold
2016-04-07 07:00:00,Hog_lodging_Shanti,283.784,0.6,8.0,-1.7,1009.8,1.5,7,4,4,98,24355.1,,Cold
2016-04-07 08:00:00,Hog_lodging_Shanti,302.707,1.1,8.0,-1.1,1009.9,0.0,8,4,4,98,24355.1,,Cold
2016-04-07 09:00:00,Hog_lodging_Shanti,306.596,2.8,8.0,-0.6,1009.9,1.5,9,4,4,98,24355.1,,Cold
2016-04-07 10:00:00,Hog_lodging_Shanti,331.491,3.3,8.0,-0.6,1010.4,0.0,10,4,4,98,24355.1,,Cold
2016-04-07 11:00:00,Hog_lodging_Shanti,345.945,4.4,8.0,-0.6,1011.0,0.0,11,4,4,98,24355.1,,Cold
2016-04-07 12:00:00,Hog_lodging_Shanti,340.523,4.4,8.0,-0.6,1011.2,2.6,12,4,4,98,24355.1,,Cold
2016-04-07 13:00:00,Hog_lodging_Shanti,334.682,5.0,8.0,0.0,1011.5,3.6,13,4,4,98,24355.1,,Cold
2016-04-07 14:00:00,Hog_lodging_Shanti,335.427,5.0,8.0,-1.1,1011.8,4.1,14,4,4,98,24355.1,,Cold
2016-04-07 15:00:00,Hog_lodging_Shanti,320.991,5.0,8.0,-0.6,1011.8,3.6,15,4,4,98,24355.1,,Cold
2016-04-07 16:00:00,Hog_lodging_Shanti,325.87,5.0,8.0,0.6,1012.1,4.1,16,4,4,98,24355.1,,Cold
2016-04-07 17:00:00,Hog_lodging_Shanti,343.64300000000014,5.0,8.0,1.7,1012.3,3.1,17,4,4,98,24355.1,,Cold
2016-04-07 18:00:00,Hog_lodging_Shanti,346.337,3.3,8.0,1.1,1012.7,6.2,18,4,4,98,24355.1,,Cold
2016-04-07 19:00:00,Hog_lodging_Shanti,349.46,3.3,8.0,0.0,1013.0,7.2,19,4,4,98,24355.1,,Cold
2016-04-07 20:00:00,Hog_lodging_Shanti,343.0440000000001,3.3,8.0,-0.6,1013.5,5.7,20,4,4,98,24355.1,,Cold
2016-04-07 21:00:00,Hog_lodging_Shanti,321.319,2.8,8.0,-0.6,1013.9,5.7,21,4,4,98,24355.1,,Cold
2016-04-07 22:00:00,Hog_lodging_Shanti,317.03,2.8,8.0,-0.6,1013.9,8.2,22,4,4,98,24355.1,,Cold
2016-04-07 23:00:00,Hog_lodging_Shanti,309.803,2.8,8.0,-1.7,1013.8,8.8,23,4,4,98,24355.1,,Cold
2016-04-08 00:00:00,Hog_lodging_Shanti,298.882,2.2,8.0,-2.8,1014.2,7.7,0,5,4,99,24355.1,,Cold
2016-04-08 01:00:00,Hog_lodging_Shanti,289.434,1.7,6.0,-5.0,1014.1,8.8,1,5,4,99,24355.1,,Cold
2016-04-08 02:00:00,Hog_lodging_Shanti,265.654,1.1,4.0,-6.1,1014.2,7.7,2,5,4,99,24355.1,,Cold
2016-04-08 03:00:00,Hog_lodging_Shanti,236.932,-0.6,2.0,-6.1,1014.4,6.7,3,5,4,99,24355.1,,Cold
2016-04-08 04:00:00,Hog_lodging_Shanti,239.594,-1.1,4.0,-6.7,1014.2,5.7,4,5,4,99,24355.1,,Cold
2016-04-08 05:00:00,Hog_lodging_Shanti,253.135,-0.6,6.0,-7.2,1014.5,5.7,5,5,4,99,24355.1,,Cold
2016-04-08 06:00:00,Hog_lodging_Shanti,258.595,-0.6,8.0,-7.8,1015.0,6.2,6,5,4,99,24355.1,,Cold
2016-04-08 07:00:00,Hog_lodging_Shanti,274.71,0.0,8.0,-7.2,1015.1,4.6,7,5,4,99,24355.1,,Cold
2016-04-08 08:00:00,Hog_lodging_Shanti,292.915,-1.7,8.0,-5.6,1015.3,6.7,8,5,4,99,24355.1,,Cold
2016-04-08 09:00:00,Hog_lodging_Shanti,304.521,-1.1,8.0,-4.4,1015.6,7.2,9,5,4,99,24355.1,,Cold
2016-04-08 10:00:00,Hog_lodging_Shanti,336.528,0.0,8.0,-4.4,1016.2,9.3,10,5,4,99,24355.1,,Cold
2016-04-08 11:00:00,Hog_lodging_Shanti,330.514,-2.2,8.0,-5.6,1017.8,8.8,11,5,4,99,24355.1,,Cold
2016-04-08 12:00:00,Hog_lodging_Shanti,331.25699999999995,0.6,8.0,-6.1,1017.7,9.3,12,5,4,99,24355.1,,Cold
2016-04-08 13:00:00,Hog_lodging_Shanti,347.546,1.7,7.333333333333333,-8.9,1018.0,11.3,13,5,4,99,24355.1,,Cold
2016-04-08 14:00:00,Hog_lodging_Shanti,342.396,0.6,6.666666666666667,-7.2,1018.5,11.3,14,5,4,99,24355.1,,Cold
2016-04-08 15:00:00,Hog_lodging_Shanti,333.574,1.1,6.0,-11.7,1018.9,9.8,15,5,4,99,24355.1,,Cold
2016-04-08 16:00:00,Hog_lodging_Shanti,331.653,1.1,6.0,-13.3,1019.5,11.8,16,5,4,99,24355.1,,Cold
2016-04-08 17:00:00,Hog_lodging_Shanti,345.25699999999995,0.0,6.0,-13.3,1020.4,9.8,17,5,4,99,24355.1,,Cold
2016-04-08 18:00:00,Hog_lodging_Shanti,346.681,-0.6,4.0,-13.3,1021.3,9.3,18,5,4,99,24355.1,,Cold
2016-04-08 19:00:00,Hog_lodging_Shanti,346.30400000000014,-1.1,4.0,-13.3,1021.8,8.8,19,5,4,99,24355.1,,Cold
2016-04-08 20:00:00,Hog_lodging_Shanti,322.217,-2.2,2.0,-13.9,1022.8,6.2,20,5,4,99,24355.1,,Cold
2016-04-08 21:00:00,Hog_lodging_Shanti,313.164,-2.8,0.0,-13.9,1023.5,6.2,21,5,4,99,24355.1,,Cold
2016-04-08 22:00:00,Hog_lodging_Shanti,303.85,-3.3,0.0,-13.9,1023.9,4.1,22,5,4,99,24355.1,,Cold
2016-04-08 23:00:00,Hog_lodging_Shanti,293.347,-3.9,0.0,-13.9,1024.4,4.1,23,5,4,99,24355.1,,Cold
2016-04-09 00:00:00,Hog_lodging_Shanti,276.503,-4.4,0.0,-13.9,1024.5,4.1,0,6,4,100,24355.1,,Cold
2016-04-09 01:00:00,Hog_lodging_Shanti,270.146,-5.0,0.0,-13.9,1024.7,3.1,1,6,4,100,24355.1,,Cold
2016-04-09 02:00:00,Hog_lodging_Shanti,287.243,-5.6,0.0,-14.4,1024.6,3.1,2,6,4,100,24355.1,,Cold
2016-04-09 03:00:00,Hog_lodging_Shanti,270.345,-6.1,0.0,-14.4,1024.8,1.5,3,6,4,100,24355.1,,Cold
2016-04-09 04:00:00,Hog_lodging_Shanti,262.66700000000003,-6.1,0.0,-14.4,1024.8,1.5,4,6,4,100,24355.1,,Cold
2016-04-09 05:00:00,Hog_lodging_Shanti,235.773,-6.1,0.0,-13.3,1025.0,1.5,5,6,4,100,24355.1,,Cold
2016-04-09 06:00:00,Hog_lodging_Shanti,229.759,-6.1,4.0,-12.8,1025.3,1.5,6,6,4,100,24355.1,,Cold
2016-04-09 07:00:00,Hog_lodging_Shanti,257.435,-5.0,4.0,-12.8,1025.6,4.1,7,6,4,100,24355.1,,Cold
2016-04-09 08:00:00,Hog_lodging_Shanti,275.965,-3.3,4.0,-14.4,1025.0,6.2,8,6,4,100,24355.1,,Cold
2016-04-09 09:00:00,Hog_lodging_Shanti,279.528,-2.8,4.0,-14.4,1024.9,4.6,9,6,4,100,24355.1,,Cold
2016-04-09 10:00:00,Hog_lodging_Shanti,291.281,-1.7,4.0,-13.9,1024.6,4.6,10,6,4,100,24355.1,,Cold
2016-04-09 11:00:00,Hog_lodging_Shanti,301.122,-0.6,5.0,-13.9,1024.0,4.6,11,6,4,100,24355.1,,Cold
2016-04-09 12:00:00,Hog_lodging_Shanti,320.6690000000001,1.1,6.0,-12.8,1022.6,5.1,12,6,4,100,24355.1,,Cold
2016-04-09 13:00:00,Hog_lodging_Shanti,334.108,1.7,6.0,-13.3,1020.7,5.7,13,6,4,100,24355.1,,Cold
2016-04-09 14:00:00,Hog_lodging_Shanti,333.0019999999999,2.8,6.0,-12.8,1019.1,8.2,14,6,4,100,24355.1,,Cold
2016-04-09 15:00:00,Hog_lodging_Shanti,321.5,4.4,6.0,-11.1,1017.1,7.7,15,6,4,100,24355.1,,Cold
2016-04-09 16:00:00,Hog_lodging_Shanti,320.196,5.0,6.0,-11.7,1015.5,10.3,16,6,4,100,24355.1,,Cold
2016-04-09 17:00:00,Hog_lodging_Shanti,336.707,6.1,6.0,-10.6,1013.8,8.8,17,6,4,100,24355.1,,Cold
2016-04-09 18:00:00,Hog_lodging_Shanti,331.844,5.6,6.0,-10.0,1012.1,9.3,18,6,4,100,24355.1,,Cold
2016-04-09 19:00:00,Hog_lodging_Shanti,334.556,4.4,6.0,-9.4,1011.5,7.7,19,6,4,100,24355.1,,Cold
2016-04-09 20:00:00,Hog_lodging_Shanti,310.525,4.4,6.0,-8.9,1012.1,6.2,20,6,4,100,24355.1,,Cold
2016-04-09 21:00:00,Hog_lodging_Shanti,288.683,3.9,6.0,-8.3,1012.2,6.2,21,6,4,100,24355.1,,Cold
2016-04-09 22:00:00,Hog_lodging_Shanti,296.31,3.9,6.0,-8.3,1010.8,6.7,22,6,4,100,24355.1,,Cold
2016-04-09 23:00:00,Hog_lodging_Shanti,280.377,2.8,6.0,-7.8,1009.7,6.2,23,6,4,100,24355.1,,Cold
2016-04-10 00:00:00,Hog_lodging_Shanti,263.965,2.8,6.0,-7.8,1008.2,8.8,0,7,4,101,24355.1,,Cold
2016-04-10 01:00:00,Hog_lodging_Shanti,264.626,3.3,6.0,-7.8,1006.6,9.8,1,7,4,101,24355.1,,Cold
2016-04-10 02:00:00,Hog_lodging_Shanti,280.876,2.8,6.0,-6.7,1004.9,7.7,2,7,4,101,24355.1,,Cold
2016-04-10 03:00:00,Hog_lodging_Shanti,266.47,3.3,6.0,-6.1,1003.9,8.8,3,7,4,101,24355.1,,Cold
2016-04-10 04:00:00,Hog_lodging_Shanti,260.936,3.3,6.0,-5.6,1003.3,7.2,4,7,4,101,24355.1,,Cold
2016-04-10 05:00:00,Hog_lodging_Shanti,234.986,3.3,6.0,-5.0,1002.9,6.7,5,7,4,101,24355.1,,Cold
2016-04-10 06:00:00,Hog_lodging_Shanti,224.717,2.8,6.0,-4.4,1002.9,5.7,6,7,4,101,24355.1,,Cold
2016-04-10 07:00:00,Hog_lodging_Shanti,240.217,3.3,6.0,-3.9,1002.7,4.1,7,7,4,101,24355.1,,Cold
2016-04-10 08:00:00,Hog_lodging_Shanti,277.809,4.4,6.0,-3.3,1003.0,2.6,8,7,4,101,24355.1,,Cold
2016-04-10 09:00:00,Hog_lodging_Shanti,282.7940000000001,6.1,6.0,-2.8,1003.1,3.6,9,7,4,101,24355.1,,Cold
2016-04-10 10:00:00,Hog_lodging_Shanti,303.8,8.9,6.0,-2.8,1003.3,5.1,10,7,4,101,24355.1,,Cold
2016-04-10 11:00:00,Hog_lodging_Shanti,295.914,11.1,6.0,-2.2,1003.5,4.1,11,7,4,101,24355.1,,Cold
2016-04-10 12:00:00,Hog_lodging_Shanti,300.831,13.3,6.0,-2.2,1003.8,6.7,12,7,4,101,24355.1,,Cold
2016-04-10 13:00:00,Hog_lodging_Shanti,319.901,13.3,5.6,-2.8,1003.8,9.3,13,7,4,101,24355.1,,Cold
2016-04-10 14:00:00,Hog_lodging_Shanti,329.316,13.9,5.2,-2.8,1003.6,6.7,14,7,4,101,24355.1,,Cold
2016-04-10 15:00:00,Hog_lodging_Shanti,317.263,15.0,4.8,-2.2,1003.6,9.3,15,7,4,101,24355.1,,Cold
2016-04-10 16:00:00,Hog_lodging_Shanti,310.647,12.8,4.8,-2.2,1004.2,8.8,16,7,4,101,24355.1,,Cold
2016-04-10 17:00:00,Hog_lodging_Shanti,327.702,11.7,4.0,-2.2,1005.3,8.2,17,7,4,101,24355.1,,Cold
2016-04-10 18:00:00,Hog_lodging_Shanti,345.4190000000001,11.7,2.0,-2.8,1005.7,8.8,18,7,4,101,24355.1,,Cold
2016-04-10 19:00:00,Hog_lodging_Shanti,345.771,10.0,4.0,-3.3,1006.1,5.1,19,7,4,101,24355.1,,Cold
2016-04-10 20:00:00,Hog_lodging_Shanti,366.895,8.9,4.0,-3.3,1007.4,10.3,20,7,4,101,24355.1,,Cold
2016-04-10 21:00:00,Hog_lodging_Shanti,337.5019999999999,6.1,4.0,-3.9,1009.1,8.8,21,7,4,101,24355.1,,Cold
2016-04-10 22:00:00,Hog_lodging_Shanti,322.978,4.4,2.0,-6.1,1009.9,8.2,22,7,4,101,24355.1,,Cold
2016-04-10 23:00:00,Hog_lodging_Shanti,322.601,3.3,2.0,-7.8,1011.0,7.7,23,7,4,101,24355.1,,Cold
2016-04-11 00:00:00,Hog_lodging_Shanti,301.012,1.7,2.0,-7.8,1011.3,6.2,0,1,4,102,24355.1,,Cold
2016-04-11 01:00:00,Hog_lodging_Shanti,284.047,1.1,2.0,-7.8,1011.2,4.6,1,1,4,102,24355.1,,Cold
2016-04-11 02:00:00,Hog_lodging_Shanti,246.206,1.1,2.0,-7.8,1012.1,6.2,2,1,4,102,24355.1,,Cold
2016-04-11 03:00:00,Hog_lodging_Shanti,236.048,0.6,2.0,-7.8,1012.6,4.6,3,1,4,102,24355.1,,Cold
2016-04-11 04:00:00,Hog_lodging_Shanti,246.868,0.0,2.0,-7.2,1012.9,5.7,4,1,4,102,24355.1,,Cold
2016-04-11 05:00:00,Hog_lodging_Shanti,256.219,0.0,2.0,-6.7,1013.5,5.7,5,1,4,102,24355.1,,Cold
2016-04-11 06:00:00,Hog_lodging_Shanti,253.277,-0.6,2.0,-7.8,1014.6,5.1,6,1,4,102,24355.1,,Cold
2016-04-11 07:00:00,Hog_lodging_Shanti,283.082,0.0,4.0,-7.8,1015.4,6.2,7,1,4,102,24355.1,,Cold
2016-04-11 08:00:00,Hog_lodging_Shanti,303.255,0.0,4.0,-9.4,1016.6,11.8,8,1,4,102,24355.1,,Cold
2016-04-11 09:00:00,Hog_lodging_Shanti,314.048,0.6,2.0,-9.4,1017.2,9.8,9,1,4,102,24355.1,,Cold
2016-04-11 10:00:00,Hog_lodging_Shanti,329.2530000000001,2.2,2.0,-8.9,1018.1,8.2,10,1,4,102,24355.1,,Cold
2016-04-11 11:00:00,Hog_lodging_Shanti,328.416,2.8,2.0,-8.9,1018.5,8.2,11,1,4,102,24355.1,,Cold
2016-04-11 12:00:00,Hog_lodging_Shanti,340.324,3.9,2.0,-8.9,1018.9,7.7,12,1,4,102,24355.1,,Cold
2016-04-11 13:00:00,Hog_lodging_Shanti,341.452,4.4,2.0,-9.4,1019.0,10.3,13,1,4,102,24355.1,,Cold
2016-04-11 14:00:00,Hog_lodging_Shanti,339.07199999999995,5.6,2.0,-8.9,1018.9,8.8,14,1,4,102,24355.1,,Cold
2016-04-11 15:00:00,Hog_lodging_Shanti,324.254,6.1,2.0,-9.4,1019.0,10.3,15,1,4,102,24355.1,,Cold
2016-04-11 16:00:00,Hog_lodging_Shanti,321.818,6.1,2.0,-9.4,1019.5,7.7,16,1,4,102,24355.1,,Cold
2016-04-11 17:00:00,Hog_lodging_Shanti,344.816,5.6,2.0,-10.6,1020.2,9.8,17,1,4,102,24355.1,,Cold
2016-04-11 18:00:00,Hog_lodging_Shanti,355.728,5.0,2.0,-10.6,1021.1,6.2,18,1,4,102,24355.1,,Cold
2016-04-11 19:00:00,Hog_lodging_Shanti,356.101,3.3,0.0,-10.6,1021.9,6.2,19,1,4,102,24355.1,,Cold
2016-04-11 20:00:00,Hog_lodging_Shanti,354.58,2.8,0.0,-10.6,1023.0,3.6,20,1,4,102,24355.1,,Cold
2016-04-11 21:00:00,Hog_lodging_Shanti,335.0,2.2,0.0,-10.6,1023.8,3.1,21,1,4,102,24355.1,,Cold
2016-04-11 22:00:00,Hog_lodging_Shanti,339.557,0.0,0.0,-10.0,1024.5,2.1,22,1,4,102,24355.1,,Cold
2016-04-11 23:00:00,Hog_lodging_Shanti,333.122,-0.6,0.0,-10.0,1025.0,3.6,23,1,4,102,24355.1,,Cold
2016-04-12 00:00:00,Hog_lodging_Shanti,314.957,0.0,0.0,-10.0,1025.4,2.6,0,2,4,103,24355.1,,Cold
2016-04-12 01:00:00,Hog_lodging_Shanti,293.265,-0.6,0.0,-10.0,1025.8,2.6,1,2,4,103,24355.1,,Cold
2016-04-12 02:00:00,Hog_lodging_Shanti,261.959,-1.1,0.0,-10.0,1026.0,1.5,2,2,4,103,24355.1,,Cold
2016-04-12 03:00:00,Hog_lodging_Shanti,241.688,-2.8,0.0,-9.4,1026.1,1.5,3,2,4,103,24355.1,,Cold
2016-04-12 04:00:00,Hog_lodging_Shanti,245.739,-2.2,0.0,-9.4,1026.9,0.0,4,2,4,103,24355.1,,Cold
2016-04-12 05:00:00,Hog_lodging_Shanti,260.48900000000003,-2.2,0.0,-10.0,1027.4,0.0,5,2,4,103,24355.1,,Cold
2016-04-12 06:00:00,Hog_lodging_Shanti,264.226,-2.2,0.0,-9.4,1027.8,0.0,6,2,4,103,24355.1,,Cold
2016-04-12 07:00:00,Hog_lodging_Shanti,285.446,-0.6,0.0,-8.3,1028.7,1.5,7,2,4,103,24355.1,,Cold
2016-04-12 08:00:00,Hog_lodging_Shanti,303.363,0.6,0.0,-8.3,1029.0,2.6,8,2,4,103,24355.1,,Cold
2016-04-12 09:00:00,Hog_lodging_Shanti,304.305,2.8,2.0,-10.0,1028.6,3.6,9,2,4,103,24355.1,,Cold
2016-04-12 10:00:00,Hog_lodging_Shanti,320.218,3.9,2.0,-10.0,1028.0,4.1,10,2,4,103,24355.1,,Cold
2016-04-12 11:00:00,Hog_lodging_Shanti,321.8,5.6,2.0,-9.4,1027.1,2.1,11,2,4,103,24355.1,,Cold
2016-04-12 12:00:00,Hog_lodging_Shanti,324.414,7.8,4.0,-10.0,1026.0,5.7,12,2,4,103,24355.1,,Cold
2016-04-12 13:00:00,Hog_lodging_Shanti,328.398,8.3,4.666666666666667,-11.1,1024.8,4.1,13,2,4,103,24355.1,,Cold
2016-04-12 14:00:00,Hog_lodging_Shanti,318.43,8.3,5.333333333333333,-10.6,1024.3,4.1,14,2,4,103,24355.1,,Cold
2016-04-12 15:00:00,Hog_lodging_Shanti,318.144,7.8,6.0,-10.0,1023.6,4.1,15,2,4,103,24355.1,,Cold
2016-04-12 16:00:00,Hog_lodging_Shanti,313.5540000000001,8.9,6.0,-10.0,1022.8,4.1,16,2,4,103,24355.1,,Cold
2016-04-12 17:00:00,Hog_lodging_Shanti,333.333,9.4,6.0,-10.6,1022.2,4.6,17,2,4,103,24355.1,,Cold
2016-04-12 18:00:00,Hog_lodging_Shanti,349.01,8.3,8.0,-7.8,1021.7,5.7,18,2,4,103,24355.1,,Cold
2016-04-12 19:00:00,Hog_lodging_Shanti,340.9240000000001,7.2,8.0,-5.6,1021.7,7.2,19,2,4,103,24355.1,,Cold
2016-04-12 20:00:00,Hog_lodging_Shanti,341.564,6.7,8.0,-4.4,1021.3,7.2,20,2,4,103,24355.1,,Cold
2016-04-12 21:00:00,Hog_lodging_Shanti,330.435,6.7,8.0,-4.4,1021.3,8.8,21,2,4,103,24355.1,,Cold
2016-04-12 22:00:00,Hog_lodging_Shanti,331.84,6.7,8.0,-4.4,1021.2,6.2,22,2,4,103,24355.1,,Cold
2016-04-12 23:00:00,Hog_lodging_Shanti,316.416,7.2,8.0,-4.4,1020.2,5.1,23,2,4,103,24355.1,,Cold
2016-04-13 00:00:00,Hog_lodging_Shanti,300.387,7.8,8.0,-5.6,1019.7,4.6,0,3,4,104,24355.1,,Cold
2016-04-13 01:00:00,Hog_lodging_Shanti,279.906,8.9,6.5,-6.1,1019.3,4.1,1,3,4,104,24355.1,,Cold
2016-04-13 02:00:00,Hog_lodging_Shanti,255.073,8.3,5.0,-5.0,1018.2,5.1,2,3,4,104,24355.1,,Cold
2016-04-13 03:00:00,Hog_lodging_Shanti,230.997,7.8,3.5,-2.8,1018.1,4.1,3,3,4,104,24355.1,,Cold
2016-04-13 04:00:00,Hog_lodging_Shanti,235.364,6.7,2.0,-2.8,1018.6,4.1,4,3,4,104,24355.1,,Cold
2016-04-13 05:00:00,Hog_lodging_Shanti,250.626,5.6,2.0,-1.7,1018.3,4.1,5,3,4,104,24355.1,,Cold
2016-04-13 06:00:00,Hog_lodging_Shanti,259.221,5.6,2.0,-1.7,1018.6,4.1,6,3,4,104,24355.1,,Cold
2016-04-13 07:00:00,Hog_lodging_Shanti,271.775,7.2,0.0,-1.7,1018.9,4.1,7,3,4,104,24355.1,,Cold
2016-04-13 08:00:00,Hog_lodging_Shanti,294.14,9.4,2.0,-2.2,1018.8,4.6,8,3,4,104,24355.1,,Cold
2016-04-13 09:00:00,Hog_lodging_Shanti,302.726,11.1,0.0,-2.2,1018.9,5.1,9,3,4,104,24355.1,,Cold
2016-04-13 10:00:00,Hog_lodging_Shanti,326.92,13.3,0.0,-1.7,1019.0,3.6,10,3,4,104,24355.1,,Cold
2016-04-13 11:00:00,Hog_lodging_Shanti,321.032,15.0,0.0,-0.6,1018.8,2.6,11,3,4,104,24355.1,,Cold
2016-04-13 12:00:00,Hog_lodging_Shanti,344.675,16.7,0.0,-0.6,1018.1,4.6,12,3,4,104,24355.1,,Cold
2016-04-13 13:00:00,Hog_lodging_Shanti,345.646,17.8,0.0,0.0,1017.8,4.1,13,3,4,104,24355.1,,Cold
2016-04-13 14:00:00,Hog_lodging_Shanti,374.28,18.9,0.0,0.6,1017.7,5.1,14,3,4,104,24355.1,,Cold
2016-04-13 15:00:00,Hog_lodging_Shanti,408.916,20.0,0.0,0.6,1016.8,4.6,15,3,4,104,24355.1,,Cold
2016-04-13 16:00:00,Hog_lodging_Shanti,437.584,20.6,0.0,1.1,1016.4,4.1,16,3,4,104,24355.1,,Cold
2016-04-13 17:00:00,Hog_lodging_Shanti,478.717,21.1,0.0,1.7,1016.1,2.6,17,3,4,104,24355.1,,Cold
2016-04-13 18:00:00,Hog_lodging_Shanti,486.717,20.6,2.0,1.7,1015.7,3.1,18,3,4,104,24355.1,,Cold
2016-04-13 19:00:00,Hog_lodging_Shanti,481.871,17.8,2.0,1.1,1015.6,6.2,19,3,4,104,24355.1,,Cold
2016-04-13 20:00:00,Hog_lodging_Shanti,478.955,15.6,2.0,1.1,1016.0,7.2,20,3,4,104,24355.1,,Cold
2016-04-13 21:00:00,Hog_lodging_Shanti,459.53,14.4,0.0,1.1,1016.1,7.2,21,3,4,104,24355.1,,Cold
2016-04-13 22:00:00,Hog_lodging_Shanti,414.411,13.9,0.0,0.6,1016.2,6.7,22,3,4,104,24355.1,,Cold
2016-04-13 23:00:00,Hog_lodging_Shanti,352.932,12.8,0.0,0.6,1016.7,5.7,23,3,4,104,24355.1,,Cold
2016-04-14 00:00:00,Hog_lodging_Shanti,320.641,11.7,0.0,0.6,1016.9,4.6,0,4,4,105,24355.1,,Cold
2016-04-14 01:00:00,Hog_lodging_Shanti,288.101,11.7,0.0,0.0,1017.0,4.6,1,4,4,105,24355.1,,Cold
2016-04-14 02:00:00,Hog_lodging_Shanti,263.09,10.6,0.0,0.0,1016.9,4.1,2,4,4,105,24355.1,,Cold
2016-04-14 03:00:00,Hog_lodging_Shanti,251.992,10.0,2.0,0.0,1016.9,4.6,3,4,4,105,24355.1,,Cold
2016-04-14 04:00:00,Hog_lodging_Shanti,247.992,10.0,2.0,0.0,1017.1,4.1,4,4,4,105,24355.1,,Cold
2016-04-14 05:00:00,Hog_lodging_Shanti,247.278,10.0,2.0,-0.6,1016.9,4.1,5,4,4,105,24355.1,,Cold
2016-04-14 06:00:00,Hog_lodging_Shanti,246.083,10.0,4.0,0.0,1016.7,5.7,6,4,4,105,24355.1,,Cold
2016-04-14 07:00:00,Hog_lodging_Shanti,285.219,11.7,2.0,0.0,1016.7,4.6,7,4,4,105,24355.1,,Cold
2016-04-14 08:00:00,Hog_lodging_Shanti,306.154,13.9,2.0,1.7,1016.8,5.1,8,4,4,105,24355.1,,Cold
2016-04-14 09:00:00,Hog_lodging_Shanti,311.076,16.1,4.0,3.9,1016.8,7.2,9,4,4,105,24355.1,,Cold
2016-04-14 10:00:00,Hog_lodging_Shanti,344.52,17.2,2.0,5.0,1016.7,8.8,10,4,4,105,24355.1,,Cold
2016-04-14 11:00:00,Hog_lodging_Shanti,443.909,18.9,2.0,6.1,1016.3,6.7,11,4,4,105,24355.1,,Cold
2016-04-14 12:00:00,Hog_lodging_Shanti,485.251,22.2,4.0,7.8,1016.0,7.7,12,4,4,105,24355.1,,Cold
2016-04-14 13:00:00,Hog_lodging_Shanti,464.284,22.8,4.0,7.2,1015.3,9.3,13,4,4,105,24355.1,,Cold
2016-04-14 14:00:00,Hog_lodging_Shanti,440.577,23.3,2.0,6.7,1014.8,7.2,14,4,4,105,24355.1,,Cold
2016-04-14 15:00:00,Hog_lodging_Shanti,443.725,24.4,0.0,5.0,1014.4,9.8,15,4,4,105,24355.1,,Cold
2016-04-14 16:00:00,Hog_lodging_Shanti,406.629,24.4,2.0,4.4,1014.2,8.8,16,4,4,105,24355.1,,Cold
2016-04-14 17:00:00,Hog_lodging_Shanti,390.596,23.9,2.0,3.3,1014.3,6.7,17,4,4,105,24355.1,,Cold
2016-04-14 18:00:00,Hog_lodging_Shanti,409.203,23.3,2.0,2.8,1014.1,9.3,18,4,4,105,24355.1,,Cold
2016-04-14 19:00:00,Hog_lodging_Shanti,400.374,21.1,2.0,2.2,1014.5,5.7,19,4,4,105,24355.1,,Cold
2016-04-14 20:00:00,Hog_lodging_Shanti,396.322,19.4,2.0,1.1,1015.1,7.7,20,4,4,105,24355.1,,Cold
2016-04-14 21:00:00,Hog_lodging_Shanti,379.284,17.8,0.0,-0.6,1015.9,5.7,21,4,4,105,24355.1,,Cold
2016-04-14 22:00:00,Hog_lodging_Shanti,364.405,16.1,0.0,-1.1,1016.2,6.2,22,4,4,105,24355.1,,Cold
2016-04-14 23:00:00,Hog_lodging_Shanti,335.426,15.0,0.0,-0.6,1016.7,6.2,23,4,4,105,24355.1,,Cold
2016-04-15 00:00:00,Hog_lodging_Shanti,332.202,13.3,0.0,-1.1,1016.5,4.1,0,5,4,106,24355.1,,Cold
2016-04-15 01:00:00,Hog_lodging_Shanti,298.071,12.2,0.0,-1.1,1016.4,3.1,1,5,4,106,24355.1,,Cold
2016-04-15 02:00:00,Hog_lodging_Shanti,274.725,11.1,0.0,-1.1,1016.4,4.1,2,5,4,106,24355.1,,Cold
2016-04-15 03:00:00,Hog_lodging_Shanti,262.19,10.0,0.0,-1.1,1016.4,4.6,3,5,4,106,24355.1,,Cold
2016-04-15 04:00:00,Hog_lodging_Shanti,241.36900000000003,10.0,0.0,-1.1,1016.3,4.1,4,5,4,106,24355.1,,Cold
2016-04-15 05:00:00,Hog_lodging_Shanti,229.03,9.4,2.0,-1.1,1016.6,5.1,5,5,4,106,24355.1,,Cold
2016-04-15 06:00:00,Hog_lodging_Shanti,239.748,8.9,2.0,-0.6,1017.2,5.7,6,5,4,106,24355.1,,Cold
2016-04-15 07:00:00,Hog_lodging_Shanti,293.058,10.6,2.0,0.0,1017.9,4.1,7,5,4,106,24355.1,,Cold
2016-04-15 08:00:00,Hog_lodging_Shanti,309.023,12.8,2.0,1.7,1017.6,6.2,8,5,4,106,24355.1,,Cold
2016-04-15 09:00:00,Hog_lodging_Shanti,328.366,16.7,2.0,2.2,1017.3,8.2,9,5,4,106,24355.1,,Cold
2016-04-15 10:00:00,Hog_lodging_Shanti,354.106,18.9,2.0,3.3,1017.6,7.7,10,5,4,106,24355.1,,Cold
2016-04-15 11:00:00,Hog_lodging_Shanti,363.296,20.6,2.0,5.0,1017.8,7.2,11,5,4,106,24355.1,,Cold
2016-04-15 12:00:00,Hog_lodging_Shanti,359.155,22.8,4.0,5.0,1016.7,7.2,12,5,4,106,24355.1,,Cold
2016-04-15 13:00:00,Hog_lodging_Shanti,358.255,23.3,4.666666666666667,3.3,1016.4,9.3,13,5,4,106,24355.1,,Cold
2016-04-15 14:00:00,Hog_lodging_Shanti,372.923,24.4,5.333333333333333,4.4,1015.8,9.8,14,5,4,106,24355.1,,Cold
2016-04-15 15:00:00,Hog_lodging_Shanti,340.3119999999999,25.0,6.0,5.0,1015.5,8.2,15,5,4,106,24355.1,,Cold
2016-04-15 16:00:00,Hog_lodging_Shanti,375.931,23.9,6.0,5.6,1015.6,8.8,16,5,4,106,24355.1,,Cold
2016-04-15 17:00:00,Hog_lodging_Shanti,387.009,23.9,6.0,5.6,1015.7,9.3,17,5,4,106,24355.1,,Cold
2016-04-15 18:00:00,Hog_lodging_Shanti,380.704,23.3,8.0,6.1,1015.7,7.7,18,5,4,106,24355.1,,Cold
2016-04-15 19:00:00,Hog_lodging_Shanti,368.519,22.8,8.0,6.7,1016.0,4.6,19,5,4,106,24355.1,,Cold
2016-04-15 20:00:00,Hog_lodging_Shanti,341.112,20.6,8.0,6.7,1016.7,6.2,20,5,4,106,24355.1,,Cold
2016-04-15 21:00:00,Hog_lodging_Shanti,325.391,19.4,8.0,6.7,1017.3,6.2,21,5,4,106,24355.1,,Cold
2016-04-15 22:00:00,Hog_lodging_Shanti,330.167,18.9,8.0,6.1,1017.6,6.7,22,5,4,106,24355.1,,Cold
2016-04-15 23:00:00,Hog_lodging_Shanti,313.96,17.8,8.0,5.6,1017.6,4.6,23,5,4,106,24355.1,,Cold
2016-04-16 00:00:00,Hog_lodging_Shanti,301.101,16.7,8.0,6.1,1018.1,4.1,0,6,4,107,24355.1,,Cold
2016-04-16 01:00:00,Hog_lodging_Shanti,295.34,16.7,7.666666666666667,5.6,1018.4,5.1,1,6,4,107,24355.1,,Cold
2016-04-16 02:00:00,Hog_lodging_Shanti,279.65,15.6,7.333333333333333,5.6,1018.8,4.6,2,6,4,107,24355.1,,Cold
2016-04-16 03:00:00,Hog_lodging_Shanti,270.783,15.6,7.0,5.0,1019.1,6.2,3,6,4,107,24355.1,,Cold
2016-04-16 04:00:00,Hog_lodging_Shanti,260.736,14.4,7.0,5.0,1019.8,5.1,4,6,4,107,24355.1,,Cold
2016-04-16 05:00:00,Hog_lodging_Shanti,258.096,14.4,7.0,5.0,1020.2,5.1,5,6,4,107,24355.1,,Cold
2016-04-16 06:00:00,Hog_lodging_Shanti,255.605,13.9,6.0,5.0,1020.7,5.7,6,6,4,107,24355.1,,Cold
2016-04-16 07:00:00,Hog_lodging_Shanti,268.087,15.6,4.666666666666667,6.1,1021.1,4.6,7,6,4,107,24355.1,,Cold
2016-04-16 08:00:00,Hog_lodging_Shanti,292.5490000000001,17.2,3.3333333333333335,7.2,1021.3,5.1,8,6,4,107,24355.1,,Cold
2016-04-16 09:00:00,Hog_lodging_Shanti,307.131,19.4,2.0,7.8,1021.6,7.2,9,6,4,107,24355.1,,Cold
2016-04-16 10:00:00,Hog_lodging_Shanti,331.1230000000001,21.7,2.0,8.9,1021.5,6.2,10,6,4,107,24355.1,,Cold
2016-04-16 11:00:00,Hog_lodging_Shanti,353.56199999999984,23.3,3.0,9.4,1021.3,5.7,11,6,4,107,24355.1,,Cold
2016-04-16 12:00:00,Hog_lodging_Shanti,361.518,25.0,4.0,8.3,1021.2,9.8,12,6,4,107,24355.1,,Cold
2016-04-16 13:00:00,Hog_lodging_Shanti,366.395,25.0,4.333333333333333,8.3,1021.0,7.7,13,6,4,107,24355.1,,Cold
2016-04-16 14:00:00,Hog_lodging_Shanti,364.542,25.6,4.666666666666667,7.2,1020.9,7.7,14,6,4,107,24355.1,,Cold
2016-04-16 15:00:00,Hog_lodging_Shanti,356.226,25.6,5.0,6.1,1020.7,8.2,15,6,4,107,24355.1,,Cold
2016-04-16 16:00:00,Hog_lodging_Shanti,351.997,26.1,5.0,5.0,1020.3,9.8,16,6,4,107,24355.1,,Cold
2016-04-16 17:00:00,Hog_lodging_Shanti,367.634,26.1,5.0,5.0,1020.4,6.7,17,6,4,107,24355.1,,Cold
2016-04-16 18:00:00,Hog_lodging_Shanti,371.129,25.6,6.0,3.3,1020.6,7.2,18,6,4,107,24355.1,,Cold
2016-04-16 19:00:00,Hog_lodging_Shanti,361.391,24.4,5.0,2.8,1020.9,3.6,19,6,4,107,24355.1,,Cold
2016-04-16 20:00:00,Hog_lodging_Shanti,348.53,21.1,4.0,3.9,1021.5,3.1,20,6,4,107,24355.1,,Cold
2016-04-16 21:00:00,Hog_lodging_Shanti,348.276,20.6,3.5,3.3,1022.0,4.1,21,6,4,107,24355.1,,Cold
2016-04-16 22:00:00,Hog_lodging_Shanti,346.598,20.6,3.0,4.4,1022.3,5.1,22,6,4,107,24355.1,,Cold
2016-04-16 23:00:00,Hog_lodging_Shanti,330.8730000000001,20.0,2.5,5.6,1022.5,4.6,23,6,4,107,24355.1,,Cold
2016-04-17 00:00:00,Hog_lodging_Shanti,306.744,18.9,2.0,6.1,1022.9,4.1,0,7,4,108,24355.1,,Cold
2016-04-17 01:00:00,Hog_lodging_Shanti,298.858,17.2,0.0,6.1,1023.2,3.6,1,7,4,108,24355.1,,Cold
2016-04-17 02:00:00,Hog_lodging_Shanti,284.1620000000001,17.2,0.0,6.1,1023.4,4.6,2,7,4,108,24355.1,,Cold
2016-04-17 03:00:00,Hog_lodging_Shanti,276.281,15.6,0.0,6.1,1023.9,4.6,3,7,4,108,24355.1,,Cold
2016-04-17 04:00:00,Hog_lodging_Shanti,264.271,15.6,0.0,6.1,1024.4,4.6,4,7,4,108,24355.1,,Cold
2016-04-17 05:00:00,Hog_lodging_Shanti,260.82,14.4,2.0,6.1,1024.9,4.6,5,7,4,108,24355.1,,Cold
2016-04-17 06:00:00,Hog_lodging_Shanti,256.132,14.4,2.0,6.7,1025.2,4.6,6,7,4,108,24355.1,,Cold
2016-04-17 07:00:00,Hog_lodging_Shanti,267.132,16.7,2.0,7.2,1025.7,4.6,7,7,4,108,24355.1,,Cold
2016-04-17 08:00:00,Hog_lodging_Shanti,284.1,18.3,2.8,8.3,1026.1,4.6,8,7,4,108,24355.1,,Cold
2016-04-17 09:00:00,Hog_lodging_Shanti,306.455,19.4,3.6,9.4,1026.2,4.6,9,7,4,108,24355.1,,Cold
2016-04-17 10:00:00,Hog_lodging_Shanti,342.3730000000001,21.7,4.4,10.6,1025.9,4.6,10,7,4,108,24355.1,,Cold
2016-04-17 11:00:00,Hog_lodging_Shanti,368.689,23.9,4.4,11.1,1025.4,5.7,11,7,4,108,24355.1,,Cold
2016-04-17 12:00:00,Hog_lodging_Shanti,377.665,24.4,6.0,10.6,1024.9,6.2,12,7,4,108,24355.1,,Cold
2016-04-17 13:00:00,Hog_lodging_Shanti,403.986,25.0,6.0,9.4,1024.3,7.2,13,7,4,108,24355.1,,Cold
2016-04-17 14:00:00,Hog_lodging_Shanti,394.667,25.6,6.0,9.4,1023.9,4.1,14,7,4,108,24355.1,,Cold
2016-04-17 15:00:00,Hog_lodging_Shanti,371.29,25.6,6.0,8.9,1023.5,5.1,15,7,4,108,24355.1,,Cold
2016-04-17 16:00:00,Hog_lodging_Shanti,367.073,25.6,6.0,8.9,1023.5,6.2,16,7,4,108,24355.1,,Cold
2016-04-17 17:00:00,Hog_lodging_Shanti,387.81300000000016,26.1,6.0,9.4,1023.4,5.1,17,7,4,108,24355.1,,Cold
2016-04-17 18:00:00,Hog_lodging_Shanti,401.632,25.6,6.0,8.9,1023.2,4.6,18,7,4,108,24355.1,,Cold
2016-04-17 19:00:00,Hog_lodging_Shanti,386.966,23.9,6.333333333333333,9.4,1023.4,3.6,19,7,4,108,24355.1,,Cold
2016-04-17 20:00:00,Hog_lodging_Shanti,401.276,22.8,6.666666666666667,9.4,1023.7,2.6,20,7,4,108,24355.1,,Cold
2016-04-17 21:00:00,Hog_lodging_Shanti,385.769,21.7,7.0,9.4,1024.0,3.1,21,7,4,108,24355.1,,Cold
2016-04-17 22:00:00,Hog_lodging_Shanti,387.548,20.6,7.0,9.4,1024.2,3.1,22,7,4,108,24355.1,,Cold
2016-04-17 23:00:00,Hog_lodging_Shanti,375.43800000000016,20.6,7.0,9.4,1024.0,3.6,23,7,4,108,24355.1,,Cold
2016-04-18 00:00:00,Hog_lodging_Shanti,350.545,20.6,8.0,9.4,1024.1,3.1,0,1,4,109,24355.1,,Cold
2016-04-18 01:00:00,Hog_lodging_Shanti,324.458,20.0,6.666666666666667,8.3,1024.2,3.6,1,1,4,109,24355.1,,Cold
2016-04-18 02:00:00,Hog_lodging_Shanti,303.316,19.4,5.333333333333334,7.8,1023.8,2.6,2,1,4,109,24355.1,,Cold
2016-04-18 03:00:00,Hog_lodging_Shanti,289.241,18.3,4.0,7.2,1023.5,2.6,3,1,4,109,24355.1,,Cold
2016-04-18 04:00:00,Hog_lodging_Shanti,279.993,17.8,4.0,7.2,1023.4,2.1,4,1,4,109,24355.1,,Cold
2016-04-18 05:00:00,Hog_lodging_Shanti,262.803,17.2,4.0,7.2,1023.4,3.1,5,1,4,109,24355.1,,Cold
2016-04-18 06:00:00,Hog_lodging_Shanti,266.107,16.1,6.0,7.8,1023.7,2.6,6,1,4,109,24355.1,,Cold
2016-04-18 07:00:00,Hog_lodging_Shanti,334.199,17.8,6.333333333333333,7.8,1024.2,2.1,7,1,4,109,24355.1,,Cold
2016-04-18 08:00:00,Hog_lodging_Shanti,354.38,18.9,6.666666666666667,8.3,1024.1,3.1,8,1,4,109,24355.1,,Cold
2016-04-18 09:00:00,Hog_lodging_Shanti,348.74,21.1,7.0,9.4,1024.0,2.6,9,1,4,109,24355.1,,Cold
2016-04-18 10:00:00,Hog_lodging_Shanti,372.692,22.2,7.0,10.0,1024.1,2.6,10,1,4,109,24355.1,,Cold
2016-04-18 11:00:00,Hog_lodging_Shanti,383.754,23.3,7.0,10.0,1023.7,2.6,11,1,4,109,24355.1,,Cold
2016-04-18 12:00:00,Hog_lodging_Shanti,392.36300000000006,25.0,8.0,10.6,1022.8,2.6,12,1,4,109,24355.1,,Cold
2016-04-18 13:00:00,Hog_lodging_Shanti,392.606,25.0,8.0,9.4,1022.0,4.6,13,1,4,109,24355.1,,Cold
2016-04-18 14:00:00,Hog_lodging_Shanti,397.122,25.6,8.0,7.8,1021.4,5.1,14,1,4,109,24355.1,,Cold
2016-04-18 15:00:00,Hog_lodging_Shanti,377.706,25.0,8.0,8.3,1021.1,5.7,15,1,4,109,24355.1,,Cold
2016-04-18 16:00:00,Hog_lodging_Shanti,387.969,25.0,8.0,7.8,1020.9,5.1,16,1,4,109,24355.1,,Cold
2016-04-18 17:00:00,Hog_lodging_Shanti,402.622,22.2,8.0,8.3,1020.9,4.6,17,1,4,109,24355.1,,Cold
2016-04-18 18:00:00,Hog_lodging_Shanti,394.908,21.1,8.0,7.2,1021.0,7.7,18,1,4,109,24355.1,,Cold
2016-04-18 19:00:00,Hog_lodging_Shanti,399.016,20.0,8.0,6.7,1021.1,8.2,19,1,4,109,24355.1,,Cold
2016-04-18 20:00:00,Hog_lodging_Shanti,390.722,18.9,8.0,6.7,1021.5,6.7,20,1,4,109,24355.1,,Cold
2016-04-18 21:00:00,Hog_lodging_Shanti,367.251,16.7,8.0,8.3,1023.0,1.5,21,1,4,109,24355.1,,Cold
2016-04-18 22:00:00,Hog_lodging_Shanti,357.7,13.9,8.0,10.6,1023.3,4.1,22,1,4,109,24355.1,,Cold
2016-04-18 23:00:00,Hog_lodging_Shanti,350.215,11.7,8.0,8.9,1023.4,5.1,23,1,4,109,24355.1,,Cold
2016-04-19 00:00:00,Hog_lodging_Shanti,318.46,10.6,8.0,8.3,1023.9,3.6,0,2,4,110,24355.1,,Cold
2016-04-19 01:00:00,Hog_lodging_Shanti,285.334,9.4,8.0,7.8,1023.7,4.6,1,2,4,110,24355.1,,Cold
2016-04-19 02:00:00,Hog_lodging_Shanti,249.373,9.4,8.0,7.2,1023.4,3.6,2,2,4,110,24355.1,,Cold
2016-04-19 03:00:00,Hog_lodging_Shanti,231.191,10.0,8.0,7.8,1023.3,3.1,3,2,4,110,24355.1,,Cold
2016-04-19 04:00:00,Hog_lodging_Shanti,239.737,10.0,8.0,7.8,1023.0,3.1,4,2,4,110,24355.1,,Cold
2016-04-19 05:00:00,Hog_lodging_Shanti,250.647,10.0,8.0,7.8,1022.6,3.6,5,2,4,110,24355.1,,Cold
2016-04-19 06:00:00,Hog_lodging_Shanti,256.142,10.6,8.0,8.3,1022.9,4.1,6,2,4,110,24355.1,,Cold
2016-04-19 07:00:00,Hog_lodging_Shanti,281.8,11.1,8.0,8.3,1023.2,4.1,7,2,4,110,24355.1,,Cold
2016-04-19 08:00:00,Hog_lodging_Shanti,308.714,11.7,8.0,8.3,1023.3,3.6,8,2,4,110,24355.1,,Cold
2016-04-19 09:00:00,Hog_lodging_Shanti,318.66,12.2,8.0,8.9,1023.7,4.1,9,2,4,110,24355.1,,Cold
2016-04-19 10:00:00,Hog_lodging_Shanti,344.74,12.2,8.0,9.4,1023.7,5.7,10,2,4,110,24355.1,,Cold
2016-04-19 11:00:00,Hog_lodging_Shanti,348.954,13.3,8.0,9.4,1023.7,6.2,11,2,4,110,24355.1,,Cold
2016-04-19 12:00:00,Hog_lodging_Shanti,366.959,13.9,8.0,9.4,1023.8,6.7,12,2,4,110,24355.1,,Cold
2016-04-19 13:00:00,Hog_lodging_Shanti,348.49300000000005,15.0,8.0,9.4,1023.1,6.7,13,2,4,110,24355.1,,Cold
2016-04-19 14:00:00,Hog_lodging_Shanti,328.691,15.0,8.0,9.4,1022.8,4.6,14,2,4,110,24355.1,,Cold
2016-04-19 15:00:00,Hog_lodging_Shanti,321.218,14.4,8.0,8.3,1022.6,6.7,15,2,4,110,24355.1,,Cold
2016-04-19 16:00:00,Hog_lodging_Shanti,309.237,13.9,8.0,7.8,1022.5,6.2,16,2,4,110,24355.1,,Cold
2016-04-19 17:00:00,Hog_lodging_Shanti,331.852,13.9,8.0,7.8,1022.2,7.7,17,2,4,110,24355.1,,Cold
2016-04-19 18:00:00,Hog_lodging_Shanti,338.249,12.8,8.0,7.8,1022.2,6.2,18,2,4,110,24355.1,,Cold
2016-04-19 19:00:00,Hog_lodging_Shanti,334.153,12.8,6.8,7.8,1022.1,4.6,19,2,4,110,24355.1,,Cold
2016-04-19 20:00:00,Hog_lodging_Shanti,334.949,12.2,5.6,7.2,1022.1,5.7,20,2,4,110,24355.1,,Cold
2016-04-19 21:00:00,Hog_lodging_Shanti,313.613,11.7,4.4,7.8,1022.4,3.1,21,2,4,110,24355.1,,Cold
2016-04-19 22:00:00,Hog_lodging_Shanti,324.121,11.7,4.4,7.8,1022.2,3.6,22,2,4,110,24355.1,,Cold
2016-04-19 23:00:00,Hog_lodging_Shanti,311.113,11.1,2.0,7.8,1021.3,4.1,23,2,4,110,24355.1,,Cold
2016-04-20 00:00:00,Hog_lodging_Shanti,287.496,11.1,8.0,8.3,1021.6,3.6,0,3,4,111,24355.1,,Cold
2016-04-20 01:00:00,Hog_lodging_Shanti,262.817,11.7,8.0,8.3,1020.8,4.1,1,3,4,111,24355.1,,Cold
2016-04-20 02:00:00,Hog_lodging_Shanti,231.483,11.7,8.0,8.3,1020.3,4.6,2,3,4,111,24355.1,,Cold
2016-04-20 03:00:00,Hog_lodging_Shanti,205.79,11.7,8.0,8.3,1019.8,5.7,3,3,4,111,24355.1,,Cold
2016-04-20 04:00:00,Hog_lodging_Shanti,200.908,11.1,8.0,8.3,1019.2,4.6,4,3,4,111,24355.1,,Cold
2016-04-20 05:00:00,Hog_lodging_Shanti,228.034,11.1,8.0,8.3,1019.5,3.1,5,3,4,111,24355.1,,Cold
2016-04-20 06:00:00,Hog_lodging_Shanti,229.038,11.1,8.0,8.3,1019.1,4.6,6,3,4,111,24355.1,,Cold
2016-04-20 07:00:00,Hog_lodging_Shanti,260.012,11.1,7.666666666666667,8.3,1018.5,3.6,7,3,4,111,24355.1,,Cold
2016-04-20 08:00:00,Hog_lodging_Shanti,288.9840000000001,11.7,7.333333333333333,8.9,1018.5,3.6,8,3,4,111,24355.1,,Cold
2016-04-20 09:00:00,Hog_lodging_Shanti,309.899,11.7,7.0,8.3,1017.7,5.7,9,3,4,111,24355.1,,Cold
2016-04-20 10:00:00,Hog_lodging_Shanti,320.145,12.2,7.0,8.3,1017.1,4.1,10,3,4,111,24355.1,,Cold
2016-04-20 11:00:00,Hog_lodging_Shanti,313.587,15.6,7.0,9.4,1016.1,3.6,11,3,4,111,24355.1,,Cold
2016-04-20 12:00:00,Hog_lodging_Shanti,314.824,16.1,6.0,8.9,1015.4,4.6,12,3,4,111,24355.1,,Cold
2016-04-20 13:00:00,Hog_lodging_Shanti,330.384,17.2,6.333333333333333,9.4,1014.4,3.6,13,3,4,111,24355.1,,Cold
2016-04-20 14:00:00,Hog_lodging_Shanti,332.744,18.9,6.666666666666667,8.9,1013.1,6.2,14,3,4,111,24355.1,,Cold
2016-04-20 15:00:00,Hog_lodging_Shanti,321.823,18.3,7.0,8.3,1012.1,4.6,15,3,4,111,24355.1,,Cold
2016-04-20 16:00:00,Hog_lodging_Shanti,321.767,18.3,7.0,7.8,1011.3,5.1,16,3,4,111,24355.1,,Cold
2016-04-20 17:00:00,Hog_lodging_Shanti,343.994,17.8,7.0,8.3,1011.6,5.1,17,3,4,111,24355.1,,Cold
2016-04-20 18:00:00,Hog_lodging_Shanti,342.8590000000001,17.2,8.0,8.9,1011.3,5.7,18,3,4,111,24355.1,,Cold
2016-04-20 19:00:00,Hog_lodging_Shanti,342.901,15.0,8.0,11.1,1011.3,2.6,19,3,4,111,24355.1,,Cold
2016-04-20 20:00:00,Hog_lodging_Shanti,343.124,13.9,8.0,11.1,1011.4,3.6,20,3,4,111,24355.1,,Cold
2016-04-20 21:00:00,Hog_lodging_Shanti,327.965,13.3,8.0,11.7,1011.4,3.6,21,3,4,111,24355.1,,Cold
2016-04-20 22:00:00,Hog_lodging_Shanti,324.416,13.3,8.0,11.7,1011.0,3.6,22,3,4,111,24355.1,,Cold
2016-04-20 23:00:00,Hog_lodging_Shanti,320.565,13.3,8.0,11.7,1010.5,3.1,23,3,4,111,24355.1,,Cold
2016-04-21 00:00:00,Hog_lodging_Shanti,306.116,13.3,8.0,11.1,1010.0,3.1,0,4,4,112,24355.1,,Cold
2016-04-21 01:00:00,Hog_lodging_Shanti,268.66200000000003,12.8,7.666666666666667,11.7,1009.5,3.1,1,4,4,112,24355.1,,Cold
2016-04-21 02:00:00,Hog_lodging_Shanti,250.719,12.8,7.333333333333333,11.7,1009.2,2.1,2,4,4,112,24355.1,,Cold
2016-04-21 03:00:00,Hog_lodging_Shanti,214.626,12.8,7.0,11.7,1009.2,0.0,3,4,4,112,24355.1,,Cold
2016-04-21 04:00:00,Hog_lodging_Shanti,204.844,12.8,7.0,11.7,1009.4,0.0,4,4,4,112,24355.1,,Cold
2016-04-21 05:00:00,Hog_lodging_Shanti,216.099,12.2,7.0,10.6,1009.4,3.6,5,4,4,112,24355.1,,Cold
2016-04-21 06:00:00,Hog_lodging_Shanti,240.784,11.7,6.0,10.0,1009.9,0.0,6,4,4,112,24355.1,,Cold
2016-04-21 07:00:00,Hog_lodging_Shanti,265.855,12.2,6.333333333333333,9.4,1010.1,0.0,7,4,4,112,24355.1,,Cold
2016-04-21 08:00:00,Hog_lodging_Shanti,299.889,12.8,6.666666666666667,10.0,1010.1,3.6,8,4,4,112,24355.1,,Cold
2016-04-21 09:00:00,Hog_lodging_Shanti,306.208,11.7,7.0,10.0,1010.4,3.6,9,4,4,112,24355.1,,Cold
2016-04-21 10:00:00,Hog_lodging_Shanti,331.682,11.7,7.0,10.6,1010.7,2.1,10,4,4,112,24355.1,,Cold
2016-04-21 11:00:00,Hog_lodging_Shanti,336.418,12.2,7.0,10.6,1011.0,2.1,11,4,4,112,24355.1,,Cold
2016-04-21 12:00:00,Hog_lodging_Shanti,346.19,12.8,8.0,11.7,1010.8,2.6,12,4,4,112,24355.1,,Cold
2016-04-21 13:00:00,Hog_lodging_Shanti,343.473,13.9,6.666666666666667,12.2,1010.8,2.1,13,4,4,112,24355.1,,Cold
2016-04-21 14:00:00,Hog_lodging_Shanti,345.0490000000001,16.1,5.333333333333334,12.2,1010.5,1.5,14,4,4,112,24355.1,,Cold
2016-04-21 15:00:00,Hog_lodging_Shanti,322.7940000000001,18.3,4.0,11.7,1010.1,1.5,15,4,4,112,24355.1,,Cold
2016-04-21 16:00:00,Hog_lodging_Shanti,329.907,17.8,4.0,11.7,1009.9,1.5,16,4,4,112,24355.1,,Cold
2016-04-21 17:00:00,Hog_lodging_Shanti,350.297,14.4,4.0,11.7,1010.5,3.6,17,4,4,112,24355.1,,Cold
2016-04-21 18:00:00,Hog_lodging_Shanti,339.755,15.6,4.0,12.2,1010.7,0.0,18,4,4,112,24355.1,,Cold
2016-04-21 19:00:00,Hog_lodging_Shanti,339.086,16.1,4.666666666666667,10.0,1011.8,7.7,19,4,4,112,24355.1,,Cold
2016-04-21 20:00:00,Hog_lodging_Shanti,323.391,15.0,5.333333333333333,9.4,1013.1,7.2,20,4,4,112,24355.1,,Cold
2016-04-21 21:00:00,Hog_lodging_Shanti,321.976,13.9,6.0,8.9,1014.4,5.7,21,4,4,112,24355.1,,Cold
2016-04-21 22:00:00,Hog_lodging_Shanti,318.379,12.2,6.0,8.3,1015.6,6.2,22,4,4,112,24355.1,,Cold
2016-04-21 23:00:00,Hog_lodging_Shanti,296.973,11.1,6.0,7.2,1016.4,6.2,23,4,4,112,24355.1,,Cold
2016-04-22 00:00:00,Hog_lodging_Shanti,271.585,10.6,8.0,6.1,1017.0,6.2,0,5,4,113,24355.1,,Cold
2016-04-22 01:00:00,Hog_lodging_Shanti,255.375,9.4,6.8,6.1,1017.4,7.7,1,5,4,113,24355.1,,Cold
2016-04-22 02:00:00,Hog_lodging_Shanti,215.857,8.9,5.6,5.0,1017.6,5.7,2,5,4,113,24355.1,,Cold
2016-04-22 03:00:00,Hog_lodging_Shanti,204.154,8.3,4.4,4.4,1018.3,7.2,3,5,4,113,24355.1,,Cold
2016-04-22 04:00:00,Hog_lodging_Shanti,216.592,7.8,4.4,3.3,1019.1,5.1,4,5,4,113,24355.1,,Cold
2016-04-22 05:00:00,Hog_lodging_Shanti,222.174,6.7,2.0,2.2,1019.9,5.1,5,5,4,113,24355.1,,Cold
2016-04-22 06:00:00,Hog_lodging_Shanti,222.468,6.1,6.0,2.2,1021.0,4.6,6,5,4,113,24355.1,,Cold
2016-04-22 07:00:00,Hog_lodging_Shanti,243.535,6.7,5.333333333333333,1.7,1021.6,5.1,7,5,4,113,24355.1,,Cold
2016-04-22 08:00:00,Hog_lodging_Shanti,267.356,6.7,4.666666666666667,1.7,1022.2,5.1,8,5,4,113,24355.1,,Cold
2016-04-22 09:00:00,Hog_lodging_Shanti,282.084,7.2,4.0,1.1,1022.5,5.7,9,5,4,113,24355.1,,Cold
2016-04-22 10:00:00,Hog_lodging_Shanti,300.158,7.8,4.0,1.7,1022.9,3.1,10,5,4,113,24355.1,,Cold
2016-04-22 11:00:00,Hog_lodging_Shanti,309.6090000000001,8.9,4.0,1.7,1023.1,2.6,11,5,4,113,24355.1,,Cold
2016-04-22 12:00:00,Hog_lodging_Shanti,313.666,10.6,2.0,1.7,1022.5,4.1,12,5,4,113,24355.1,,Cold
2016-04-22 13:00:00,Hog_lodging_Shanti,325.226,12.2,2.0,1.7,1021.9,3.1,13,5,4,113,24355.1,,Cold
2016-04-22 14:00:00,Hog_lodging_Shanti,325.416,12.8,2.0,2.2,1021.7,2.6,14,5,4,113,24355.1,,Cold
2016-04-22 15:00:00,Hog_lodging_Shanti,322.184,13.9,4.0,2.2,1021.4,0.0,15,5,4,113,24355.1,,Cold
2016-04-22 16:00:00,Hog_lodging_Shanti,326.524,14.4,4.0,2.2,1021.2,2.1,16,5,4,113,24355.1,,Cold
2016-04-22 17:00:00,Hog_lodging_Shanti,336.397,15.0,2.0,1.7,1021.1,2.1,17,5,4,113,24355.1,,Cold
2016-04-22 18:00:00,Hog_lodging_Shanti,335.788,13.9,4.0,-0.6,1020.6,2.6,18,5,4,113,24355.1,,Cold
2016-04-22 19:00:00,Hog_lodging_Shanti,326.112,13.3,4.0,1.1,1020.4,4.6,19,5,4,113,24355.1,,Cold
2016-04-22 20:00:00,Hog_lodging_Shanti,301.329,11.7,4.0,1.1,1020.9,4.1,20,5,4,113,24355.1,,Cold
2016-04-22 21:00:00,Hog_lodging_Shanti,284.644,11.1,2.0,1.7,1021.3,2.6,21,5,4,113,24355.1,,Cold
2016-04-22 22:00:00,Hog_lodging_Shanti,278.209,10.6,2.0,1.7,1021.2,3.1,22,5,4,113,24355.1,,Cold
2016-04-22 23:00:00,Hog_lodging_Shanti,277.317,9.4,2.0,1.1,1021.0,3.1,23,5,4,113,24355.1,,Cold
2016-04-23 00:00:00,Hog_lodging_Shanti,261.67400000000004,8.9,2.0,0.6,1021.0,2.1,0,6,4,114,24355.1,,Cold
2016-04-23 01:00:00,Hog_lodging_Shanti,232.025,8.9,2.0,0.6,1020.9,2.1,1,6,4,114,24355.1,,Cold
2016-04-23 02:00:00,Hog_lodging_Shanti,225.674,7.8,2.0,0.6,1020.4,3.1,2,6,4,114,24355.1,,Cold
2016-04-23 03:00:00,Hog_lodging_Shanti,238.202,7.2,0.0,0.6,1019.9,3.1,3,6,4,114,24355.1,,Cold
2016-04-23 04:00:00,Hog_lodging_Shanti,235.775,6.7,0.0,0.6,1019.8,2.1,4,6,4,114,24355.1,,Cold
2016-04-23 05:00:00,Hog_lodging_Shanti,210.783,6.7,2.0,1.1,1019.8,3.1,5,6,4,114,24355.1,,Cold
2016-04-23 06:00:00,Hog_lodging_Shanti,198.526,6.7,4.0,1.7,1020.0,3.6,6,6,4,114,24355.1,,Cold
2016-04-23 07:00:00,Hog_lodging_Shanti,214.522,7.8,4.0,2.2,1020.0,3.1,7,6,4,114,24355.1,,Cold
2016-04-23 08:00:00,Hog_lodging_Shanti,233.43400000000003,10.6,4.0,4.4,1019.7,3.1,8,6,4,114,24355.1,,Cold
2016-04-23 09:00:00,Hog_lodging_Shanti,254.53,13.3,4.0,6.7,1019.2,3.1,9,6,4,114,24355.1,,Cold
2016-04-23 10:00:00,Hog_lodging_Shanti,291.438,16.1,4.666666666666667,7.8,1018.1,5.7,10,6,4,114,24355.1,,Cold
2016-04-23 11:00:00,Hog_lodging_Shanti,323.571,17.8,5.333333333333333,6.7,1016.9,6.2,11,6,4,114,24355.1,,Cold
2016-04-23 12:00:00,Hog_lodging_Shanti,335.094,18.9,6.0,6.7,1016.1,8.2,12,6,4,114,24355.1,,Cold
2016-04-23 13:00:00,Hog_lodging_Shanti,342.711,20.0,6.0,7.2,1015.1,6.7,13,6,4,114,24355.1,,Cold
2016-04-23 14:00:00,Hog_lodging_Shanti,343.68800000000016,20.6,6.0,6.7,1014.0,5.7,14,6,4,114,24355.1,,Cold
2016-04-23 15:00:00,Hog_lodging_Shanti,321.9840000000001,21.1,6.0,6.7,1013.0,5.7,15,6,4,114,24355.1,,Cold
2016-04-23 16:00:00,Hog_lodging_Shanti,308.7390000000001,21.1,6.0,6.1,1012.3,5.1,16,6,4,114,24355.1,,Cold
2016-04-23 17:00:00,Hog_lodging_Shanti,337.136,21.7,6.0,7.2,1011.7,4.1,17,6,4,114,24355.1,,Cold
2016-04-23 18:00:00,Hog_lodging_Shanti,341.7530000000001,21.1,6.0,7.2,1011.1,6.2,18,6,4,114,24355.1,,Cold
2016-04-23 19:00:00,Hog_lodging_Shanti,331.228,20.0,6.333333333333333,7.8,1011.2,5.1,19,6,4,114,24355.1,,Cold
2016-04-23 20:00:00,Hog_lodging_Shanti,304.953,18.9,6.666666666666667,8.3,1011.5,5.1,20,6,4,114,24355.1,,Cold
2016-04-23 21:00:00,Hog_lodging_Shanti,288.511,17.8,7.0,8.3,1012.4,5.7,21,6,4,114,24355.1,,Cold
2016-04-23 22:00:00,Hog_lodging_Shanti,294.61,17.2,7.0,8.3,1012.5,5.1,22,6,4,114,24355.1,,Cold
2016-04-23 23:00:00,Hog_lodging_Shanti,285.777,17.2,7.0,8.3,1012.2,6.7,23,6,4,114,24355.1,,Cold
2016-04-24 00:00:00,Hog_lodging_Shanti,282.817,16.7,8.0,7.8,1011.8,7.2,0,7,4,115,24355.1,,Cold
2016-04-24 01:00:00,Hog_lodging_Shanti,259.966,16.1,8.0,7.8,1010.4,9.3,1,7,4,115,24355.1,,Cold
2016-04-24 02:00:00,Hog_lodging_Shanti,254.374,15.0,8.0,7.2,1009.9,7.7,2,7,4,115,24355.1,,Cold
2016-04-24 03:00:00,Hog_lodging_Shanti,246.297,15.0,8.0,7.2,1009.5,7.2,3,7,4,115,24355.1,,Cold
2016-04-24 04:00:00,Hog_lodging_Shanti,238.501,14.4,8.0,7.2,1008.4,6.7,4,7,4,115,24355.1,,Cold
2016-04-24 05:00:00,Hog_lodging_Shanti,232.164,13.9,8.0,7.8,1007.8,5.7,5,7,4,115,24355.1,,Cold
2016-04-24 06:00:00,Hog_lodging_Shanti,229.683,13.3,8.0,8.9,1008.1,6.7,6,7,4,115,24355.1,,Cold
2016-04-24 07:00:00,Hog_lodging_Shanti,239.731,13.3,8.0,9.4,1009.0,5.7,7,7,4,115,24355.1,,Cold
2016-04-24 08:00:00,Hog_lodging_Shanti,252.907,11.7,8.0,9.4,1009.2,8.8,8,7,4,115,24355.1,,Cold
2016-04-24 09:00:00,Hog_lodging_Shanti,264.60400000000004,11.7,8.0,9.4,1008.9,7.2,9,7,4,115,24355.1,,Cold
2016-04-24 10:00:00,Hog_lodging_Shanti,289.71,11.1,8.0,8.9,1009.0,7.7,10,7,4,115,24355.1,,Cold
2016-04-24 11:00:00,Hog_lodging_Shanti,303.165,11.1,8.0,9.4,1008.9,7.2,11,7,4,115,24355.1,,Cold
2016-04-24 12:00:00,Hog_lodging_Shanti,318.684,11.7,8.0,10.0,1008.2,6.2,12,7,4,115,24355.1,,Cold
2016-04-24 13:00:00,Hog_lodging_Shanti,347.772,12.8,8.0,10.6,1006.2,6.7,13,7,4,115,24355.1,,Cold
2016-04-24 14:00:00,Hog_lodging_Shanti,358.0730000000001,13.3,8.0,11.1,1006.9,6.7,14,7,4,115,24355.1,,Cold
2016-04-24 15:00:00,Hog_lodging_Shanti,342.272,13.9,8.0,11.7,1007.1,2.6,15,7,4,115,24355.1,,Cold
2016-04-24 16:00:00,Hog_lodging_Shanti,333.99300000000005,14.4,8.0,12.2,1006.25,6.2,16,7,4,115,24355.1,,Cold
2016-04-24 17:00:00,Hog_lodging_Shanti,346.05,14.4,8.0,12.2,1005.4,4.6,17,7,4,115,24355.1,,Cold
2016-04-24 18:00:00,Hog_lodging_Shanti,357.23800000000006,13.9,8.0,11.7,1004.3,7.2,18,7,4,115,24355.1,,Cold
2016-04-24 19:00:00,Hog_lodging_Shanti,360.32,13.9,7.0,11.7,1004.0,6.7,19,7,4,115,24355.1,,Cold
2016-04-24 20:00:00,Hog_lodging_Shanti,366.12300000000016,13.3,6.0,11.1,1003.5,7.2,20,7,4,115,24355.1,,Cold
2016-04-24 21:00:00,Hog_lodging_Shanti,353.754,12.8,5.0,10.6,1005.1,5.7,21,7,4,115,24355.1,,Cold
2016-04-24 22:00:00,Hog_lodging_Shanti,338.085,12.2,4.0,10.6,1002.7,5.1,22,7,4,115,24355.1,,Cold
2016-04-24 23:00:00,Hog_lodging_Shanti,320.532,12.2,6.0,10.6,1002.5,5.7,23,7,4,115,24355.1,,Cold
2016-04-25 00:00:00,Hog_lodging_Shanti,297.676,12.2,8.0,10.6,1002.1,5.7,0,1,4,116,24355.1,,Cold
2016-04-25 01:00:00,Hog_lodging_Shanti,271.03,12.8,7.666666666666667,11.1,1002.7,4.6,1,1,4,116,24355.1,,Cold
2016-04-25 02:00:00,Hog_lodging_Shanti,252.95,12.2,7.333333333333333,11.1,1001.5,5.7,2,1,4,116,24355.1,,Cold
2016-04-25 03:00:00,Hog_lodging_Shanti,217.44,12.8,7.0,11.1,1000.7,5.7,3,1,4,116,24355.1,,Cold
2016-04-25 04:00:00,Hog_lodging_Shanti,207.646,11.7,7.0,10.0,1000.9,4.1,4,1,4,116,24355.1,,Cold
2016-04-25 05:00:00,Hog_lodging_Shanti,225.317,11.1,7.0,8.9,1000.9,5.1,5,1,4,116,24355.1,,Cold
2016-04-25 06:00:00,Hog_lodging_Shanti,235.006,10.6,6.0,8.3,1000.7,6.2,6,1,4,116,24355.1,,Cold
2016-04-25 07:00:00,Hog_lodging_Shanti,266.276,11.1,6.333333333333333,8.9,1000.2,4.6,7,1,4,116,24355.1,,Cold
2016-04-25 08:00:00,Hog_lodging_Shanti,291.267,10.6,6.666666666666667,8.9,1000.5,5.1,8,1,4,116,24355.1,,Cold
2016-04-25 09:00:00,Hog_lodging_Shanti,305.856,10.6,7.0,9.4,1000.5,4.6,9,1,4,116,24355.1,,Cold
2016-04-25 10:00:00,Hog_lodging_Shanti,322.769,11.1,7.0,10.0,1000.55,4.1,10,1,4,116,24355.1,,Cold
2016-04-25 11:00:00,Hog_lodging_Shanti,316.965,12.2,7.0,10.6,1000.6,4.6,11,1,4,116,24355.1,,Cold
2016-04-25 12:00:00,Hog_lodging_Shanti,326.718,12.2,8.0,10.0,1001.7,3.1,12,1,4,116,24355.1,,Cold
2016-04-25 13:00:00,Hog_lodging_Shanti,342.917,12.2,8.0,10.0,1002.2,3.6,13,1,4,116,24355.1,,Cold
2016-04-25 14:00:00,Hog_lodging_Shanti,334.747,12.2,8.0,10.0,1002.9,4.6,14,1,4,116,24355.1,,Cold
2016-04-25 15:00:00,Hog_lodging_Shanti,311.558,12.2,8.0,9.4,1003.3,4.6,15,1,4,116,24355.1,,Cold
2016-04-25 16:00:00,Hog_lodging_Shanti,324.447,12.8,8.0,8.9,1004.1,6.2,16,1,4,116,24355.1,,Cold
2016-04-25 17:00:00,Hog_lodging_Shanti,335.4,11.1,8.0,8.3,1004.6,5.1,17,1,4,116,24355.1,,Cold
2016-04-25 18:00:00,Hog_lodging_Shanti,338.585,10.0,8.0,7.8,1005.7,4.6,18,1,4,116,24355.1,,Cold
2016-04-25 19:00:00,Hog_lodging_Shanti,325.124,9.4,8.0,7.2,1006.2,6.2,19,1,4,116,24355.1,,Cold
2016-04-25 20:00:00,Hog_lodging_Shanti,318.96,8.9,8.0,6.7,1007.5,3.1,20,1,4,116,24355.1,,Cold
2016-04-25 21:00:00,Hog_lodging_Shanti,310.625,8.3,8.0,6.1,1008.5,4.1,21,1,4,116,24355.1,,Cold
2016-04-25 22:00:00,Hog_lodging_Shanti,320.881,7.8,8.0,6.1,1009.1,4.1,22,1,4,116,24355.1,,Cold
2016-04-25 23:00:00,Hog_lodging_Shanti,314.896,7.2,8.0,6.1,1008.7,5.7,23,1,4,116,24355.1,,Cold
2016-04-26 00:00:00,Hog_lodging_Shanti,303.637,6.7,8.0,5.0,1009.6,4.1,0,2,4,117,24355.1,,Cold
2016-04-26 01:00:00,Hog_lodging_Shanti,263.208,6.7,8.0,5.0,1010.2,3.6,1,2,4,117,24355.1,,Cold
2016-04-26 02:00:00,Hog_lodging_Shanti,220.742,5.6,8.0,4.4,1010.7,4.6,2,2,4,117,24355.1,,Cold
2016-04-26 03:00:00,Hog_lodging_Shanti,212.125,5.6,8.0,3.9,1011.1,3.1,3,2,4,117,24355.1,,Cold
2016-04-26 04:00:00,Hog_lodging_Shanti,207.881,5.6,8.0,3.9,1011.6,3.1,4,2,4,117,24355.1,,Cold
2016-04-26 05:00:00,Hog_lodging_Shanti,232.811,5.6,8.0,3.9,1011.6,4.1,5,2,4,117,24355.1,,Cold
2016-04-26 06:00:00,Hog_lodging_Shanti,232.151,5.6,8.0,3.9,1011.9,4.1,6,2,4,117,24355.1,,Cold
2016-04-26 07:00:00,Hog_lodging_Shanti,259.075,6.1,8.0,3.9,1012.0,4.1,7,2,4,117,24355.1,,Cold
2016-04-26 08:00:00,Hog_lodging_Shanti,276.957,6.1,8.0,3.9,1012.8,4.6,8,2,4,117,24355.1,,Cold
2016-04-26 09:00:00,Hog_lodging_Shanti,294.716,6.7,8.0,4.4,1013.2,5.1,9,2,4,117,24355.1,,Cold
2016-04-26 10:00:00,Hog_lodging_Shanti,303.774,6.7,8.0,4.4,1014.0,4.6,10,2,4,117,24355.1,,Cold
2016-04-26 11:00:00,Hog_lodging_Shanti,304.738,7.8,8.0,4.4,1014.9,4.6,11,2,4,117,24355.1,,Cold
2016-04-26 12:00:00,Hog_lodging_Shanti,308.348,8.3,8.0,4.4,1014.4,6.2,12,2,4,117,24355.1,,Cold
2016-04-26 13:00:00,Hog_lodging_Shanti,311.663,8.3,8.0,3.9,1014.7,5.7,13,2,4,117,24355.1,,Cold
2016-04-26 14:00:00,Hog_lodging_Shanti,309.771,8.3,8.0,3.3,1014.5,7.7,14,2,4,117,24355.1,,Cold
2016-04-26 15:00:00,Hog_lodging_Shanti,296.833,8.9,8.0,3.3,1014.8,6.2,15,2,4,117,24355.1,,Cold
2016-04-26 16:00:00,Hog_lodging_Shanti,318.235,8.9,8.0,3.3,1014.5,5.1,16,2,4,117,24355.1,,Cold
2016-04-26 17:00:00,Hog_lodging_Shanti,502.233,8.9,8.0,3.3,1014.0,6.2,17,2,4,117,24355.1,,Cold
2016-04-26 18:00:00,Hog_lodging_Shanti,497.353,8.9,8.0,3.3,1013.8,7.7,18,2,4,117,24355.1,,Cold
2016-04-26 19:00:00,Hog_lodging_Shanti,471.5,8.9,7.666666666666667,3.3,1013.1,7.7,19,2,4,117,24355.1,,Cold
2016-04-26 20:00:00,Hog_lodging_Shanti,438.358,8.9,7.333333333333333,3.3,1014.7,5.1,20,2,4,117,24355.1,,Cold
2016-04-26 21:00:00,Hog_lodging_Shanti,386.249,8.3,7.0,3.3,1016.0,4.6,21,2,4,117,24355.1,,Cold
2016-04-26 22:00:00,Hog_lodging_Shanti,361.3,8.3,7.0,3.3,1015.9,5.1,22,2,4,117,24355.1,,Cold
2016-04-26 23:00:00,Hog_lodging_Shanti,335.592,7.2,7.0,2.8,1015.2,4.6,23,2,4,117,24355.1,,Cold
2016-04-27 00:00:00,Hog_lodging_Shanti,297.497,7.2,6.0,2.8,1015.7,5.1,0,3,4,118,24355.1,,Cold
2016-04-27 01:00:00,Hog_lodging_Shanti,258.309,7.2,6.0,2.8,1014.8,6.2,1,3,4,118,24355.1,,Cold
2016-04-27 02:00:00,Hog_lodging_Shanti,229.18,6.7,6.0,1.7,1014.9,6.2,2,3,4,118,24355.1,,Cold
2016-04-27 03:00:00,Hog_lodging_Shanti,215.669,6.1,6.0,0.0,1015.2,6.7,3,3,4,118,24355.1,,Cold
2016-04-27 04:00:00,Hog_lodging_Shanti,204.476,5.6,6.0,-1.7,1014.7,6.7,4,3,4,118,24355.1,,Cold
2016-04-27 05:00:00,Hog_lodging_Shanti,199.984,5.6,6.0,-2.2,1015.0,6.2,5,3,4,118,24355.1,,Cold
2016-04-27 06:00:00,Hog_lodging_Shanti,200.336,5.0,6.0,-2.8,1014.7,7.2,6,3,4,118,24355.1,,Cold
2016-04-27 07:00:00,Hog_lodging_Shanti,212.695,5.6,6.333333333333333,-2.8,1013.4,8.8,7,3,4,118,24355.1,,Cold
2016-04-27 08:00:00,Hog_lodging_Shanti,253.548,6.1,6.666666666666667,-3.9,1012.8,9.3,8,3,4,118,24355.1,,Cold
2016-04-27 09:00:00,Hog_lodging_Shanti,254.009,7.8,7.0,-4.4,1012.4,8.2,9,3,4,118,24355.1,,Cold
2016-04-27 10:00:00,Hog_lodging_Shanti,273.4,8.9,7.0,-3.9,1011.8,10.8,10,3,4,118,24355.1,,Cold
2016-04-27 11:00:00,Hog_lodging_Shanti,276.578,10.0,7.0,-3.9,1012.2,7.2,11,3,4,118,24355.1,,Cold
2016-04-27 12:00:00,Hog_lodging_Shanti,301.116,10.0,8.0,-3.9,1011.9,9.8,12,3,4,118,24355.1,,Cold
2016-04-27 13:00:00,Hog_lodging_Shanti,325.826,11.1,8.0,-3.9,1010.7,14.4,13,3,4,118,24355.1,,Cold
2016-04-27 14:00:00,Hog_lodging_Shanti,348.413,11.1,8.0,-5.6,1010.3,11.3,14,3,4,118,24355.1,,Cold
2016-04-27 15:00:00,Hog_lodging_Shanti,323.269,10.0,8.0,-1.1,1011.5,7.2,15,3,4,118,24355.1,,Cold
2016-04-27 16:00:00,Hog_lodging_Shanti,350.427,7.8,8.0,2.8,1012.3,4.6,16,3,4,118,24355.1,,Cold
2016-04-27 17:00:00,Hog_lodging_Shanti,393.555,6.7,8.0,4.4,1012.2,5.1,17,3,4,118,24355.1,,Cold
2016-04-27 18:00:00,Hog_lodging_Shanti,381.346,6.7,8.0,3.9,1012.1,6.7,18,3,4,118,24355.1,,Cold
2016-04-27 19:00:00,Hog_lodging_Shanti,362.602,7.2,8.0,3.3,1011.8,6.2,19,3,4,118,24355.1,,Cold
2016-04-27 20:00:00,Hog_lodging_Shanti,336.047,7.2,8.0,1.7,1011.5,8.2,20,3,4,118,24355.1,,Cold
2016-04-27 21:00:00,Hog_lodging_Shanti,294.863,7.2,8.0,-0.6,1012.4,11.8,21,3,4,118,24355.1,,Cold
2016-04-27 22:00:00,Hog_lodging_Shanti,287.493,4.4,8.0,1.1,1013.1,5.7,22,3,4,118,24355.1,,Cold
2016-04-27 23:00:00,Hog_lodging_Shanti,275.654,5.0,8.0,1.1,1012.8,6.2,23,3,4,118,24355.1,,Cold
2016-04-28 00:00:00,Hog_lodging_Shanti,257.885,5.6,8.0,1.1,1012.9,5.7,0,4,4,119,24355.1,,Cold
2016-04-28 01:00:00,Hog_lodging_Shanti,237.268,5.0,8.0,1.1,1012.5,8.2,1,4,4,119,24355.1,,Cold
2016-04-28 02:00:00,Hog_lodging_Shanti,216.16,5.6,8.0,0.6,1012.1,5.1,2,4,4,119,24355.1,,Cold
2016-04-28 03:00:00,Hog_lodging_Shanti,206.763,5.6,8.0,0.6,1012.2,9.3,3,4,4,119,24355.1,,Cold
2016-04-28 04:00:00,Hog_lodging_Shanti,203.269,5.0,8.0,1.7,1012.8,4.1,4,4,4,119,24355.1,,Cold
2016-04-28 05:00:00,Hog_lodging_Shanti,200.386,4.4,8.0,0.6,1013.3,5.1,5,4,4,119,24355.1,,Cold
2016-04-28 06:00:00,Hog_lodging_Shanti,202.885,3.9,8.0,0.6,1013.7,4.6,6,4,4,119,24355.1,,Cold
2016-04-28 07:00:00,Hog_lodging_Shanti,227.413,3.3,8.0,-0.6,1014.3,7.2,7,4,4,119,24355.1,,Cold
2016-04-28 08:00:00,Hog_lodging_Shanti,260.397,2.8,8.0,0.0,1015.0,6.7,8,4,4,119,24355.1,,Cold
2016-04-28 09:00:00,Hog_lodging_Shanti,258.013,3.3,8.0,0.0,1015.3,6.2,9,4,4,119,24355.1,,Cold
2016-04-28 10:00:00,Hog_lodging_Shanti,286.3520000000001,3.3,8.0,0.6,1015.7,5.7,10,4,4,119,24355.1,,Cold
2016-04-28 11:00:00,Hog_lodging_Shanti,280.746,3.9,8.0,1.1,1016.5,6.2,11,4,4,119,24355.1,,Cold
2016-04-28 12:00:00,Hog_lodging_Shanti,299.945,5.6,8.0,1.7,1016.4,6.2,12,4,4,119,24355.1,,Cold
2016-04-28 13:00:00,Hog_lodging_Shanti,303.814,5.6,8.0,1.7,1016.9,7.2,13,4,4,119,24355.1,,Cold
2016-04-28 14:00:00,Hog_lodging_Shanti,296.842,5.6,8.0,2.2,1017.3,9.3,14,4,4,119,24355.1,,Cold
2016-04-28 15:00:00,Hog_lodging_Shanti,280.623,5.0,8.0,1.7,1017.8,8.8,15,4,4,119,24355.1,,Cold
2016-04-28 16:00:00,Hog_lodging_Shanti,283.0,5.0,8.0,1.7,1018.4,4.6,16,4,4,119,24355.1,,Cold
2016-04-28 17:00:00,Hog_lodging_Shanti,302.775,4.4,8.0,2.2,1018.8,4.6,17,4,4,119,24355.1,,Cold
2016-04-28 18:00:00,Hog_lodging_Shanti,310.663,4.4,8.0,2.2,1019.2,2.1,18,4,4,119,24355.1,,Cold
2016-04-28 19:00:00,Hog_lodging_Shanti,306.895,5.0,7.666666666666667,2.8,1019.8,3.6,19,4,4,119,24355.1,,Cold
2016-04-28 20:00:00,Hog_lodging_Shanti,309.42,4.4,7.333333333333333,2.8,1020.5,2.1,20,4,4,119,24355.1,,Cold
2016-04-28 21:00:00,Hog_lodging_Shanti,289.252,5.0,7.0,3.3,1021.1,2.1,21,4,4,119,24355.1,,Cold
2016-04-28 22:00:00,Hog_lodging_Shanti,293.723,4.4,7.0,2.8,1021.2,2.6,22,4,4,119,24355.1,,Cold
2016-04-28 23:00:00,Hog_lodging_Shanti,282.007,4.4,7.0,2.2,1021.3,3.1,23,4,4,119,24355.1,,Cold
2016-04-29 00:00:00,Hog_lodging_Shanti,261.72700000000003,3.3,6.0,1.7,1021.5,1.5,0,5,4,120,24355.1,,Cold
2016-04-29 01:00:00,Hog_lodging_Shanti,245.493,2.8,2.0,1.1,1021.5,0.0,1,5,4,120,24355.1,,Cold
2016-04-29 02:00:00,Hog_lodging_Shanti,225.718,1.7,2.0,1.1,1021.6,2.1,2,5,4,120,24355.1,,Cold
2016-04-29 03:00:00,Hog_lodging_Shanti,215.08900000000003,2.2,0.0,1.1,1022.0,1.5,3,5,4,120,24355.1,,Cold
2016-04-29 04:00:00,Hog_lodging_Shanti,210.36,1.7,2.0,1.7,1022.3,0.0,4,5,4,120,24355.1,,Cold
2016-04-29 05:00:00,Hog_lodging_Shanti,207.538,2.2,4.0,1.1,1022.2,0.0,5,5,4,120,24355.1,,Cold
2016-04-29 06:00:00,Hog_lodging_Shanti,206.522,2.8,6.0,1.7,1022.5,2.1,6,5,4,120,24355.1,,Cold
2016-04-29 07:00:00,Hog_lodging_Shanti,232.975,3.9,5.0,2.8,1023.5,0.0,7,5,4,120,24355.1,,Cold
2016-04-29 08:00:00,Hog_lodging_Shanti,258.908,6.7,4.0,3.9,1022.8,3.1,8,5,4,120,24355.1,,Cold
2016-04-29 09:00:00,Hog_lodging_Shanti,274.612,8.3,2.0,2.8,1022.4,5.1,9,5,4,120,24355.1,,Cold
2016-04-29 10:00:00,Hog_lodging_Shanti,313.957,9.4,2.0,0.6,1021.5,6.7,10,5,4,120,24355.1,,Cold
2016-04-29 11:00:00,Hog_lodging_Shanti,316.533,10.6,2.0,0.0,1021.6,4.6,11,5,4,120,24355.1,,Cold
2016-04-29 12:00:00,Hog_lodging_Shanti,329.967,12.2,0.0,1.1,1021.3,5.1,12,5,4,120,24355.1,,Cold
2016-04-29 13:00:00,Hog_lodging_Shanti,411.758,13.3,2.0,1.1,1020.8,3.6,13,5,4,120,24355.1,,Cold
2016-04-29 14:00:00,Hog_lodging_Shanti,404.842,13.3,2.0,2.2,1020.3,5.1,14,5,4,120,24355.1,,Cold
2016-04-29 15:00:00,Hog_lodging_Shanti,319.488,13.3,2.0,1.1,1020.5,1.5,15,5,4,120,24355.1,,Cold
2016-04-29 16:00:00,Hog_lodging_Shanti,327.8040000000001,15.0,2.0,0.6,1020.0,2.6,16,5,4,120,24355.1,,Cold
2016-04-29 17:00:00,Hog_lodging_Shanti,334.589,15.6,2.0,1.1,1019.8,1.5,17,5,4,120,24355.1,,Cold
2016-04-29 18:00:00,Hog_lodging_Shanti,342.833,15.0,4.0,0.6,1019.8,3.6,18,5,4,120,24355.1,,Cold
2016-04-29 19:00:00,Hog_lodging_Shanti,332.1269999999999,13.3,2.0,2.8,1019.7,3.6,19,5,4,120,24355.1,,Cold
2016-04-29 20:00:00,Hog_lodging_Shanti,303.288,11.7,0.0,3.3,1020.0,2.1,20,5,4,120,24355.1,,Cold
2016-04-29 21:00:00,Hog_lodging_Shanti,290.561,11.7,0.0,3.3,1019.9,2.1,21,5,4,120,24355.1,,Cold
2016-04-29 22:00:00,Hog_lodging_Shanti,285.452,10.6,0.0,3.9,1020.0,1.5,22,5,4,120,24355.1,,Cold
2016-04-29 23:00:00,Hog_lodging_Shanti,282.57,10.0,3.0,3.9,1020.9,3.6,23,5,4,120,24355.1,,Cold
2016-04-30 00:00:00,Hog_lodging_Shanti,280.91200000000003,8.9,6.0,3.9,1020.5,2.6,0,6,4,121,24355.1,,Cold
2016-04-30 01:00:00,Hog_lodging_Shanti,265.48,9.4,5.0,2.2,1020.4,3.1,1,6,4,121,24355.1,,Cold
2016-04-30 02:00:00,Hog_lodging_Shanti,240.676,7.8,4.0,0.0,1019.7,4.6,2,6,4,121,24355.1,,Cold
2016-04-30 03:00:00,Hog_lodging_Shanti,224.827,6.7,4.0,0.0,1019.9,3.1,3,6,4,121,24355.1,,Cold
2016-04-30 04:00:00,Hog_lodging_Shanti,228.135,6.1,2.0,-0.6,1019.7,4.1,4,6,4,121,24355.1,,Cold
2016-04-30 05:00:00,Hog_lodging_Shanti,230.266,5.6,4.0,-0.6,1019.0,4.6,5,6,4,121,24355.1,,Cold
2016-04-30 06:00:00,Hog_lodging_Shanti,280.953,6.1,6.0,0.0,1019.2,6.2,6,6,4,121,24355.1,,Cold
2016-04-30 07:00:00,Hog_lodging_Shanti,194.02,6.1,6.333333333333333,0.6,1019.4,4.1,7,6,4,121,24355.1,,Cold
2016-04-30 08:00:00,Hog_lodging_Shanti,201.734,8.3,6.666666666666667,0.6,1019.2,5.1,8,6,4,121,24355.1,,Cold
2016-04-30 09:00:00,Hog_lodging_Shanti,212.508,10.0,7.0,0.0,1019.1,7.2,9,6,4,121,24355.1,,Cold
2016-04-30 10:00:00,Hog_lodging_Shanti,269.21,11.7,7.0,0.0,1018.7,8.2,10,6,4,121,24355.1,,Cold
2016-04-30 11:00:00,Hog_lodging_Shanti,280.275,11.7,7.0,0.0,1018.7,9.3,11,6,4,121,24355.1,,Cold
2016-04-30 12:00:00,Hog_lodging_Shanti,359.27,12.8,8.0,0.0,1018.4,7.2,12,6,4,121,24355.1,,Cold
2016-04-30 13:00:00,Hog_lodging_Shanti,407.935,13.9,8.0,0.6,1017.6,9.3,13,6,4,121,24355.1,,Cold
2016-04-30 14:00:00,Hog_lodging_Shanti,326.009,13.9,8.0,0.6,1017.3,8.8,14,6,4,121,24355.1,,Cold
2016-04-30 15:00:00,Hog_lodging_Shanti,318.506,13.9,8.0,0.0,1017.7,8.8,15,6,4,121,24355.1,,Cold
2016-04-30 16:00:00,Hog_lodging_Shanti,308.559,13.9,8.0,1.1,1017.2,6.7,16,6,4,121,24355.1,,Cold
2016-04-30 17:00:00,Hog_lodging_Shanti,330.392,13.9,8.0,1.1,1017.2,6.2,17,6,4,121,24355.1,,Cold
2016-04-30 18:00:00,Hog_lodging_Shanti,330.406,12.8,8.0,1.7,1017.7,6.2,18,6,4,121,24355.1,,Cold
2016-04-30 19:00:00,Hog_lodging_Shanti,327.587,12.2,8.0,0.6,1018.4,5.7,19,6,4,121,24355.1,,Cold
2016-04-30 20:00:00,Hog_lodging_Shanti,288.778,11.1,8.0,-1.1,1018.8,7.2,20,6,4,121,24355.1,,Cold
2016-04-30 21:00:00,Hog_lodging_Shanti,281.843,10.0,8.0,-1.7,1019.4,6.2,21,6,4,121,24355.1,,Cold
2016-04-30 22:00:00,Hog_lodging_Shanti,286.1790000000001,8.9,8.0,-1.7,1020.0,6.2,22,6,4,121,24355.1,,Cold
2016-04-30 23:00:00,Hog_lodging_Shanti,277.576,8.3,8.0,-1.1,1020.1,6.2,23,6,4,121,24355.1,,Cold
2016-05-01 00:00:00,Hog_lodging_Shanti,249.204,8.3,8.0,-0.6,1020.3,4.6,0,7,5,122,24355.1,,Cold
2016-05-01 01:00:00,Hog_lodging_Shanti,243.148,7.8,8.0,-0.6,1020.3,3.1,1,7,5,122,24355.1,,Cold
2016-05-01 02:00:00,Hog_lodging_Shanti,245.96400000000003,6.7,8.0,0.0,1020.5,2.6,2,7,5,122,24355.1,,Cold
2016-05-01 03:00:00,Hog_lodging_Shanti,245.895,6.1,8.0,0.0,1020.6,3.1,3,7,5,122,24355.1,,Cold
2016-05-01 04:00:00,Hog_lodging_Shanti,237.45,6.1,8.0,0.0,1020.7,4.1,4,7,5,122,24355.1,,Cold
2016-05-01 05:00:00,Hog_lodging_Shanti,243.11900000000003,5.6,8.0,0.0,1020.9,5.1,5,7,5,122,24355.1,,Cold
2016-05-01 06:00:00,Hog_lodging_Shanti,226.512,5.6,8.0,0.6,1021.5,4.1,6,7,5,122,24355.1,,Cold
2016-05-01 07:00:00,Hog_lodging_Shanti,203.193,6.1,7.666666666666667,1.1,1021.9,4.6,7,7,5,122,24355.1,,Cold
2016-05-01 08:00:00,Hog_lodging_Shanti,210.338,7.8,7.333333333333333,1.1,1022.1,6.2,8,7,5,122,24355.1,,Cold
2016-05-01 09:00:00,Hog_lodging_Shanti,243.596,9.4,7.0,1.7,1021.9,6.2,9,7,5,122,24355.1,,Cold
2016-05-01 10:00:00,Hog_lodging_Shanti,272.956,11.7,7.0,2.8,1021.6,6.2,10,7,5,122,24355.1,,Cold
2016-05-01 11:00:00,Hog_lodging_Shanti,293.4770000000001,13.3,7.0,2.8,1021.3,4.1,11,7,5,122,24355.1,,Cold
2016-05-01 12:00:00,Hog_lodging_Shanti,385.081,13.9,6.0,2.8,1020.8,4.6,12,7,5,122,24355.1,,Cold
2016-05-01 13:00:00,Hog_lodging_Shanti,494.336,15.0,6.0,2.2,1020.1,5.1,13,7,5,122,24355.1,,Cold
2016-05-01 14:00:00,Hog_lodging_Shanti,439.684,15.6,6.0,1.7,1019.9,3.6,14,7,5,122,24355.1,,Cold
2016-05-01 15:00:00,Hog_lodging_Shanti,325.256,15.6,6.0,1.1,1019.6,4.6,15,7,5,122,24355.1,,Cold
2016-05-01 16:00:00,Hog_lodging_Shanti,324.574,15.6,6.0,1.1,1019.6,4.6,16,7,5,122,24355.1,,Cold
2016-05-01 17:00:00,Hog_lodging_Shanti,345.022,17.2,6.0,1.7,1019.5,4.6,17,7,5,122,24355.1,,Cold
2016-05-01 18:00:00,Hog_lodging_Shanti,342.38199999999995,16.7,6.0,0.6,1019.4,4.1,18,7,5,122,24355.1,,Cold
2016-05-01 19:00:00,Hog_lodging_Shanti,346.131,15.6,4.0,0.0,1019.6,3.1,19,7,5,122,24355.1,,Cold
2016-05-01 20:00:00,Hog_lodging_Shanti,357.32,13.9,2.0,0.0,1019.7,3.1,20,7,5,122,24355.1,,Cold
2016-05-01 21:00:00,Hog_lodging_Shanti,330.33,12.8,2.0,0.6,1019.8,3.6,21,7,5,122,24355.1,,Cold
2016-05-01 22:00:00,Hog_lodging_Shanti,337.842,12.2,0.0,1.7,1019.8,5.1,22,7,5,122,24355.1,,Cold
2016-05-01 23:00:00,Hog_lodging_Shanti,318.32,11.1,0.0,1.7,1020.0,4.6,23,7,5,122,24355.1,,Cold
2016-05-02 00:00:00,Hog_lodging_Shanti,293.995,10.0,0.0,1.7,1020.2,1.5,0,1,5,123,24355.1,,Cold
2016-05-02 01:00:00,Hog_lodging_Shanti,270.085,9.4,0.0,1.7,1020.3,1.5,1,1,5,123,24355.1,,Cold
2016-05-02 02:00:00,Hog_lodging_Shanti,239.613,7.2,0.0,2.2,1020.2,1.5,2,1,5,123,24355.1,,Cold
2016-05-02 03:00:00,Hog_lodging_Shanti,207.69,6.1,0.0,2.8,1020.1,0.0,3,1,5,123,24355.1,,Cold
2016-05-02 04:00:00,Hog_lodging_Shanti,205.08900000000003,6.1,0.0,2.2,1019.9,0.0,4,1,5,123,24355.1,,Cold
2016-05-02 05:00:00,Hog_lodging_Shanti,214.328,5.0,0.0,2.2,1020.0,2.1,5,1,5,123,24355.1,,Cold
2016-05-02 06:00:00,Hog_lodging_Shanti,236.541,6.7,0.0,2.2,1020.2,0.0,6,1,5,123,24355.1,,Cold
2016-05-02 07:00:00,Hog_lodging_Shanti,257.976,8.9,0.0,2.8,1020.2,0.0,7,1,5,123,24355.1,,Cold
2016-05-02 08:00:00,Hog_lodging_Shanti,279.418,11.1,0.0,2.8,1020.0,0.0,8,1,5,123,24355.1,,Cold
2016-05-02 09:00:00,Hog_lodging_Shanti,290.603,13.9,0.0,2.8,1019.8,0.0,9,1,5,123,24355.1,,Cold
2016-05-02 10:00:00,Hog_lodging_Shanti,312.29,16.1,0.0,1.1,1019.5,3.1,10,1,5,123,24355.1,,Cold
2016-05-02 11:00:00,Hog_lodging_Shanti,327.94,16.7,0.0,-1.1,1019.2,0.0,11,1,5,123,24355.1,,Cold
2016-05-02 12:00:00,Hog_lodging_Shanti,327.735,16.7,2.0,-1.1,1018.7,0.0,12,1,5,123,24355.1,,Cold
2016-05-02 13:00:00,Hog_lodging_Shanti,330.452,17.2,2.0,-1.1,1018.1,0.0,13,1,5,123,24355.1,,Cold
2016-05-02 14:00:00,Hog_lodging_Shanti,330.325,17.8,2.0,0.0,1017.6,0.0,14,1,5,123,24355.1,,Cold
2016-05-02 15:00:00,Hog_lodging_Shanti,320.413,17.8,2.0,0.0,1016.9,1.5,15,1,5,123,24355.1,,Cold
2016-05-02 16:00:00,Hog_lodging_Shanti,329.38199999999995,18.3,2.0,-1.1,1016.3,0.0,16,1,5,123,24355.1,,Cold
2016-05-02 17:00:00,Hog_lodging_Shanti,336.202,18.9,2.0,-1.1,1016.0,3.1,17,1,5,123,24355.1,,Cold
2016-05-02 18:00:00,Hog_lodging_Shanti,352.95,18.9,2.0,-1.7,1016.0,3.1,18,1,5,123,24355.1,,Cold
2016-05-02 19:00:00,Hog_lodging_Shanti,341.414,17.8,2.0,-2.8,1016.0,3.1,19,1,5,123,24355.1,,Cold
2016-05-02 20:00:00,Hog_lodging_Shanti,335.391,16.1,2.0,-2.2,1016.1,0.0,20,1,5,123,24355.1,,Cold
2016-05-02 21:00:00,Hog_lodging_Shanti,325.505,15.0,0.0,-1.1,1016.2,0.0,21,1,5,123,24355.1,,Cold
2016-05-02 22:00:00,Hog_lodging_Shanti,331.761,13.9,0.0,0.0,1015.9,2.1,22,1,5,123,24355.1,,Cold
2016-05-02 23:00:00,Hog_lodging_Shanti,319.164,13.3,0.0,1.1,1015.7,3.1,23,1,5,123,24355.1,,Cold
2016-05-03 00:00:00,Hog_lodging_Shanti,307.063,12.2,0.0,1.7,1015.5,2.6,0,2,5,124,24355.1,,Cold
2016-05-03 01:00:00,Hog_lodging_Shanti,274.626,11.7,0.0,2.2,1015.3,2.1,1,2,5,124,24355.1,,Cold
2016-05-03 02:00:00,Hog_lodging_Shanti,248.653,11.1,0.0,2.2,1014.9,2.1,2,2,5,124,24355.1,,Cold
2016-05-03 03:00:00,Hog_lodging_Shanti,231.825,10.6,0.0,2.8,1014.7,2.6,3,2,5,124,24355.1,,Cold
2016-05-03 04:00:00,Hog_lodging_Shanti,210.019,9.4,0.0,2.8,1014.4,2.6,4,2,5,124,24355.1,,Cold
2016-05-03 05:00:00,Hog_lodging_Shanti,208.053,9.4,4.0,2.8,1014.1,1.5,5,2,5,124,24355.1,,Cold
2016-05-03 06:00:00,Hog_lodging_Shanti,238.079,9.4,6.0,3.3,1014.0,2.1,6,2,5,124,24355.1,,Cold
2016-05-03 07:00:00,Hog_lodging_Shanti,255.16,10.6,6.0,3.3,1013.8,2.6,7,2,5,124,24355.1,,Cold
2016-05-03 08:00:00,Hog_lodging_Shanti,281.025,12.8,6.0,3.9,1013.3,3.6,8,2,5,124,24355.1,,Cold
2016-05-03 09:00:00,Hog_lodging_Shanti,297.856,15.0,6.0,5.0,1013.0,5.1,9,2,5,124,24355.1,,Cold
2016-05-03 10:00:00,Hog_lodging_Shanti,335.905,17.8,6.0,4.4,1011.9,5.7,10,2,5,124,24355.1,,Cold
2016-05-03 11:00:00,Hog_lodging_Shanti,324.388,19.4,6.0,5.0,1011.0,8.8,11,2,5,124,24355.1,,Cold
2016-05-03 12:00:00,Hog_lodging_Shanti,338.594,20.0,6.0,2.8,1009.9,10.8,12,2,5,124,24355.1,,Cold
2016-05-03 13:00:00,Hog_lodging_Shanti,343.589,20.6,5.6,3.9,1008.4,7.2,13,2,5,124,24355.1,,Cold
2016-05-03 14:00:00,Hog_lodging_Shanti,347.69,21.7,5.2,3.9,1007.2,6.7,14,2,5,124,24355.1,,Cold
2016-05-03 15:00:00,Hog_lodging_Shanti,321.172,21.7,4.8,3.9,1006.1,8.2,15,2,5,124,24355.1,,Cold
2016-05-03 16:00:00,Hog_lodging_Shanti,323.293,21.1,4.8,3.9,1005.3,6.7,16,2,5,124,24355.1,,Cold
2016-05-03 17:00:00,Hog_lodging_Shanti,347.922,21.7,4.0,4.4,1004.2,6.7,17,2,5,124,24355.1,,Cold
2016-05-03 18:00:00,Hog_lodging_Shanti,355.00699999999995,22.2,2.0,1.7,1003.9,10.8,18,2,5,124,24355.1,,Cold
2016-05-03 19:00:00,Hog_lodging_Shanti,349.201,19.4,2.0,-2.8,1005.3,8.8,19,2,5,124,24355.1,,Cold
2016-05-03 20:00:00,Hog_lodging_Shanti,345.19,17.8,0.0,-3.3,1006.5,9.3,20,2,5,124,24355.1,,Cold
2016-05-03 21:00:00,Hog_lodging_Shanti,324.386,16.7,0.0,-3.9,1007.4,7.2,21,2,5,124,24355.1,,Cold
2016-05-03 22:00:00,Hog_lodging_Shanti,330.176,15.6,0.0,-2.2,1008.3,6.2,22,2,5,124,24355.1,,Cold
2016-05-03 23:00:00,Hog_lodging_Shanti,310.194,14.4,0.0,-1.7,1009.2,5.1,23,2,5,124,24355.1,,Cold
2016-05-04 00:00:00,Hog_lodging_Shanti,296.403,13.3,0.0,-0.6,1010.2,5.7,0,3,5,125,24355.1,,Cold
2016-05-04 01:00:00,Hog_lodging_Shanti,272.201,12.2,0.0,0.6,1011.4,6.2,1,3,5,125,24355.1,,Cold
2016-05-04 02:00:00,Hog_lodging_Shanti,250.537,11.1,0.0,0.0,1012.4,6.2,2,3,5,125,24355.1,,Cold
2016-05-04 03:00:00,Hog_lodging_Shanti,234.152,10.0,0.0,0.0,1013.0,4.1,3,3,5,125,24355.1,,Cold
2016-05-04 04:00:00,Hog_lodging_Shanti,207.44,8.3,0.0,0.0,1013.5,2.1,4,3,5,125,24355.1,,Cold
2016-05-04 05:00:00,Hog_lodging_Shanti,204.454,7.8,0.0,0.6,1014.0,3.1,5,3,5,125,24355.1,,Cold
2016-05-04 06:00:00,Hog_lodging_Shanti,215.21400000000003,8.9,0.0,0.6,1014.7,3.6,6,3,5,125,24355.1,,Cold
2016-05-04 07:00:00,Hog_lodging_Shanti,263.296,10.6,0.0,0.6,1015.2,5.7,7,3,5,125,24355.1,,Cold
2016-05-04 08:00:00,Hog_lodging_Shanti,280.149,11.7,0.0,0.6,1015.6,4.1,8,3,5,125,24355.1,,Cold
2016-05-04 09:00:00,Hog_lodging_Shanti,292.092,12.8,2.0,0.6,1015.5,6.2,9,3,5,125,24355.1,,Cold
2016-05-04 10:00:00,Hog_lodging_Shanti,328.0780000000001,15.0,4.0,1.1,1015.2,6.7,10,3,5,125,24355.1,,Cold
2016-05-04 11:00:00,Hog_lodging_Shanti,316.031,15.6,4.0,0.6,1015.3,6.7,11,3,5,125,24355.1,,Cold
2016-05-04 12:00:00,Hog_lodging_Shanti,353.519,17.2,2.0,0.0,1014.8,6.7,12,3,5,125,24355.1,,Cold
2016-05-04 13:00:00,Hog_lodging_Shanti,366.616,17.8,0.0,-1.1,1014.1,8.2,13,3,5,125,24355.1,,Cold
2016-05-04 14:00:00,Hog_lodging_Shanti,358.793,18.3,0.0,-3.3,1014.0,6.7,14,3,5,125,24355.1,,Cold
2016-05-04 15:00:00,Hog_lodging_Shanti,331.705,18.9,0.0,-1.7,1013.8,6.7,15,3,5,125,24355.1,,Cold
2016-05-04 16:00:00,Hog_lodging_Shanti,326.075,18.9,0.0,-2.8,1013.8,6.2,16,3,5,125,24355.1,,Cold
2016-05-04 17:00:00,Hog_lodging_Shanti,348.486,18.3,0.0,-3.9,1013.8,5.7,17,3,5,125,24355.1,,Cold
2016-05-04 18:00:00,Hog_lodging_Shanti,351.98800000000006,18.3,0.0,-4.4,1014.0,4.6,18,3,5,125,24355.1,,Cold
2016-05-04 19:00:00,Hog_lodging_Shanti,335.124,16.7,2.0,-5.6,1014.2,5.1,19,3,5,125,24355.1,,Cold
2016-05-04 20:00:00,Hog_lodging_Shanti,328.5,14.4,4.0,-4.4,1014.6,2.1,20,3,5,125,24355.1,,Cold
2016-05-04 21:00:00,Hog_lodging_Shanti,329.4380000000001,14.4,4.0,-5.0,1015.3,1.5,21,3,5,125,24355.1,,Cold
2016-05-04 22:00:00,Hog_lodging_Shanti,328.835,12.8,2.0,-0.6,1015.2,1.5,22,3,5,125,24355.1,,Cold
2016-05-04 23:00:00,Hog_lodging_Shanti,318.892,11.1,0.0,-1.7,1015.6,2.6,23,3,5,125,24355.1,,Cold
2016-05-05 00:00:00,Hog_lodging_Shanti,296.494,10.6,0.0,-2.2,1015.8,3.1,0,4,5,126,24355.1,,Cold
2016-05-05 01:00:00,Hog_lodging_Shanti,270.596,10.0,0.0,-2.8,1016.3,3.6,1,4,5,126,24355.1,,Cold
2016-05-05 02:00:00,Hog_lodging_Shanti,249.611,9.4,0.0,-3.9,1016.6,0.0,2,4,5,126,24355.1,,Cold
2016-05-05 03:00:00,Hog_lodging_Shanti,217.898,8.3,0.0,-3.3,1016.7,2.6,3,4,5,126,24355.1,,Cold
2016-05-05 04:00:00,Hog_lodging_Shanti,209.817,7.8,2.0,-2.8,1017.0,0.0,4,4,5,126,24355.1,,Cold
2016-05-05 05:00:00,Hog_lodging_Shanti,213.145,8.3,4.0,-2.8,1017.2,1.5,5,4,5,126,24355.1,,Cold
2016-05-05 06:00:00,Hog_lodging_Shanti,235.476,10.0,6.0,-3.3,1018.0,0.0,6,4,5,126,24355.1,,Cold
2016-05-05 07:00:00,Hog_lodging_Shanti,257.35200000000003,10.6,4.0,-1.1,1018.5,0.0,7,4,5,126,24355.1,,Cold
2016-05-05 08:00:00,Hog_lodging_Shanti,271.267,12.8,2.0,-1.1,1018.6,4.1,8,4,5,126,24355.1,,Cold
2016-05-05 09:00:00,Hog_lodging_Shanti,312.557,13.9,4.0,-1.1,1018.3,3.6,9,4,5,126,24355.1,,Cold
2016-05-05 10:00:00,Hog_lodging_Shanti,362.04,16.1,2.0,-1.7,1017.6,4.6,10,4,5,126,24355.1,,Cold
2016-05-05 11:00:00,Hog_lodging_Shanti,353.75199999999984,17.8,4.0,-0.6,1017.0,4.1,11,4,5,126,24355.1,,Cold
2016-05-05 12:00:00,Hog_lodging_Shanti,341.69699999999995,17.8,6.0,2.2,1017.0,2.6,12,4,5,126,24355.1,,Cold
2016-05-05 13:00:00,Hog_lodging_Shanti,371.398,21.1,4.0,1.1,1015.6,3.6,13,4,5,126,24355.1,,Cold
2016-05-05 14:00:00,Hog_lodging_Shanti,369.358,22.8,2.0,-0.6,1015.1,5.1,14,4,5,126,24355.1,,Cold
2016-05-05 15:00:00,Hog_lodging_Shanti,395.869,23.9,2.0,0.6,1014.2,4.6,15,4,5,126,24355.1,,Cold
2016-05-05 16:00:00,Hog_lodging_Shanti,392.538,25.0,2.0,1.7,1013.3,5.7,16,4,5,126,24355.1,,Cold
2016-05-05 17:00:00,Hog_lodging_Shanti,369.629,25.6,0.0,1.7,1012.6,5.7,17,4,5,126,24355.1,,Cold
2016-05-05 18:00:00,Hog_lodging_Shanti,372.962,25.6,0.0,1.7,1011.9,3.1,18,4,5,126,24355.1,,Cold
2016-05-05 19:00:00,Hog_lodging_Shanti,380.98,25.0,2.0,2.2,1011.6,2.1,19,4,5,126,24355.1,,Cold
2016-05-05 20:00:00,Hog_lodging_Shanti,379.456,23.3,2.0,3.3,1011.4,3.1,20,4,5,126,24355.1,,Cold
2016-05-05 21:00:00,Hog_lodging_Shanti,352.68300000000005,21.7,2.0,3.9,1011.5,2.6,21,4,5,126,24355.1,,Cold
2016-05-05 22:00:00,Hog_lodging_Shanti,346.329,20.6,0.0,4.4,1011.6,3.1,22,4,5,126,24355.1,,Cold
2016-05-05 23:00:00,Hog_lodging_Shanti,340.682,20.0,0.0,5.0,1011.6,3.6,23,4,5,126,24355.1,,Cold
2016-05-06 00:00:00,Hog_lodging_Shanti,329.82,18.9,0.0,5.0,1011.3,3.6,0,5,5,127,24355.1,,Cold
2016-05-06 01:00:00,Hog_lodging_Shanti,314.271,18.3,0.0,5.0,1011.0,3.6,1,5,5,127,24355.1,,Cold
2016-05-06 02:00:00,Hog_lodging_Shanti,303.295,18.3,0.0,5.0,1010.9,4.1,2,5,5,127,24355.1,,Cold
2016-05-06 03:00:00,Hog_lodging_Shanti,307.8590000000001,17.2,0.0,5.0,1011.1,4.1,3,5,5,127,24355.1,,Cold
2016-05-06 04:00:00,Hog_lodging_Shanti,302.344,16.7,2.0,5.0,1011.1,2.6,4,5,5,127,24355.1,,Cold
2016-05-06 05:00:00,Hog_lodging_Shanti,302.6690000000001,16.1,2.0,5.0,1011.4,4.1,5,5,5,127,24355.1,,Cold
2016-05-06 06:00:00,Hog_lodging_Shanti,303.276,16.1,2.0,5.6,1011.5,3.6,6,5,5,127,24355.1,,Cold
2016-05-06 07:00:00,Hog_lodging_Shanti,317.784,17.8,2.0,5.6,1011.5,4.1,7,5,5,127,24355.1,,Cold
2016-05-06 08:00:00,Hog_lodging_Shanti,255.734,20.6,2.0,6.7,1011.1,5.1,8,5,5,127,24355.1,,Cold
2016-05-06 09:00:00,Hog_lodging_Shanti,342.434,23.3,0.0,7.8,1010.5,5.1,9,5,5,127,24355.1,,Cold
2016-05-06 10:00:00,Hog_lodging_Shanti,440.566,26.1,0.0,9.4,1009.8,4.6,10,5,5,127,24355.1,,Cold
2016-05-06 11:00:00,Hog_lodging_Shanti,374.233,27.8,2.0,9.4,1009.2,5.7,11,5,5,127,24355.1,,Cold
2016-05-06 12:00:00,Hog_lodging_Shanti,363.131,29.4,2.0,8.9,1008.2,6.7,12,5,5,127,24355.1,,Cold
2016-05-06 13:00:00,Hog_lodging_Shanti,333.6140000000001,31.1,2.0,8.3,1007.0,7.2,13,5,5,127,24355.1,,Cold
2016-05-06 14:00:00,Hog_lodging_Shanti,286.728,32.2,4.0,7.8,1005.9,8.8,14,5,5,127,24355.1,,Cold
2016-05-06 15:00:00,Hog_lodging_Shanti,266.0,32.8,4.0,6.7,1004.7,7.7,15,5,5,127,24355.1,,Cold
2016-05-06 16:00:00,Hog_lodging_Shanti,255.622,32.8,4.0,8.3,1003.5,6.7,16,5,5,127,24355.1,,Cold
2016-05-06 17:00:00,Hog_lodging_Shanti,264.464,32.2,4.0,10.0,1002.6,5.7,17,5,5,127,24355.1,,Cold
2016-05-06 18:00:00,Hog_lodging_Shanti,262.211,30.0,6.0,11.1,1003.2,7.2,18,5,5,127,24355.1,,Cold
2016-05-06 19:00:00,Hog_lodging_Shanti,258.261,27.8,6.0,11.1,1003.8,4.6,19,5,5,127,24355.1,,Cold
2016-05-06 20:00:00,Hog_lodging_Shanti,235.102,25.6,6.0,11.7,1004.2,3.6,20,5,5,127,24355.1,,Cold
2016-05-06 21:00:00,Hog_lodging_Shanti,218.054,25.6,6.0,9.4,1005.8,9.8,21,5,5,127,24355.1,,Cold
2016-05-06 22:00:00,Hog_lodging_Shanti,225.755,23.3,6.0,8.3,1007.1,8.2,22,5,5,127,24355.1,,Cold
2016-05-06 23:00:00,Hog_lodging_Shanti,225.757,21.7,6.0,7.2,1008.7,8.8,23,5,5,127,24355.1,,Cold
2016-05-07 00:00:00,Hog_lodging_Shanti,210.442,18.9,6.0,5.0,1009.5,8.2,0,6,5,128,24355.1,,Cold
2016-05-07 01:00:00,Hog_lodging_Shanti,209.017,16.7,6.0,0.6,1010.6,6.2,1,6,5,128,24355.1,,Cold
2016-05-07 02:00:00,Hog_lodging_Shanti,204.14,15.0,6.0,-1.1,1011.5,8.2,2,6,5,128,24355.1,,Cold
2016-05-07 03:00:00,Hog_lodging_Shanti,189.032,13.9,6.0,-1.1,1012.4,6.2,3,6,5,128,24355.1,,Cold
2016-05-07 04:00:00,Hog_lodging_Shanti,179.625,13.3,6.0,-1.1,1013.4,5.1,4,6,5,128,24355.1,,Cold
2016-05-07 05:00:00,Hog_lodging_Shanti,172.731,12.2,6.0,-1.1,1014.2,3.6,5,6,5,128,24355.1,,Cold
2016-05-07 06:00:00,Hog_lodging_Shanti,165.704,12.2,6.0,-0.6,1014.8,3.6,6,6,5,128,24355.1,,Cold
2016-05-07 07:00:00,Hog_lodging_Shanti,170.532,13.3,6.0,0.0,1015.1,5.1,7,6,5,128,24355.1,,Cold
2016-05-07 08:00:00,Hog_lodging_Shanti,184.115,15.0,6.0,-0.6,1015.2,5.1,8,6,5,128,24355.1,,Cold
2016-05-07 09:00:00,Hog_lodging_Shanti,189.516,16.1,6.0,0.0,1015.0,7.2,9,6,5,128,24355.1,,Cold
2016-05-07 10:00:00,Hog_lodging_Shanti,207.219,17.2,6.0,0.0,1014.3,6.7,10,6,5,128,24355.1,,Cold
2016-05-07 11:00:00,Hog_lodging_Shanti,236.885,18.9,6.0,-1.1,1013.9,6.2,11,6,5,128,24355.1,,Cold
2016-05-07 12:00:00,Hog_lodging_Shanti,254.75,20.6,6.0,-5.0,1013.3,7.7,12,6,5,128,24355.1,,Cold
2016-05-07 13:00:00,Hog_lodging_Shanti,243.723,20.0,5.333333333333333,-3.9,1013.5,7.2,13,6,5,128,24355.1,,Cold
2016-05-07 14:00:00,Hog_lodging_Shanti,251.498,20.0,4.666666666666667,-3.3,1013.3,7.7,14,6,5,128,24355.1,,Cold
2016-05-07 15:00:00,Hog_lodging_Shanti,238.892,20.0,4.0,-2.2,1012.9,4.1,15,6,5,128,24355.1,,Cold
2016-05-07 16:00:00,Hog_lodging_Shanti,225.199,20.6,4.0,-2.8,1012.5,5.7,16,6,5,128,24355.1,,Cold
2016-05-07 17:00:00,Hog_lodging_Shanti,252.705,20.0,4.0,-3.9,1012.3,7.2,17,6,5,128,24355.1,,Cold
2016-05-07 18:00:00,Hog_lodging_Shanti,258.209,19.4,4.0,-3.3,1012.2,5.7,18,6,5,128,24355.1,,Cold
2016-05-07 19:00:00,Hog_lodging_Shanti,253.79,18.3,4.0,-5.0,1012.5,6.2,19,6,5,128,24355.1,,Cold
2016-05-07 20:00:00,Hog_lodging_Shanti,228.706,16.1,4.0,-5.0,1012.9,3.6,20,6,5,128,24355.1,,Cold
2016-05-07 21:00:00,Hog_lodging_Shanti,209.748,16.1,4.0,-6.1,1013.3,1.5,21,6,5,128,24355.1,,Cold
2016-05-07 22:00:00,Hog_lodging_Shanti,228.204,13.3,2.0,-2.8,1013.3,0.0,22,6,5,128,24355.1,,Cold
2016-05-07 23:00:00,Hog_lodging_Shanti,226.98,11.7,2.0,0.0,1013.0,0.0,23,6,5,128,24355.1,,Cold
2016-05-08 00:00:00,Hog_lodging_Shanti,213.758,11.1,0.0,-1.1,1013.0,0.0,0,7,5,129,24355.1,,Cold
2016-05-08 01:00:00,Hog_lodging_Shanti,203.995,11.1,0.0,0.0,1012.8,1.5,1,7,5,129,24355.1,,Cold
2016-05-08 02:00:00,Hog_lodging_Shanti,195.579,11.1,0.0,0.0,1012.9,1.5,2,7,5,129,24355.1,,Cold
2016-05-08 03:00:00,Hog_lodging_Shanti,183.43,11.1,0.0,0.0,1012.7,1.5,3,7,5,129,24355.1,,Cold
2016-05-08 04:00:00,Hog_lodging_Shanti,176.081,9.4,4.0,1.1,1012.6,1.5,4,7,5,129,24355.1,,Cold
2016-05-08 05:00:00,Hog_lodging_Shanti,172.032,8.9,4.0,1.7,1012.6,2.1,5,7,5,129,24355.1,,Cold
2016-05-08 06:00:00,Hog_lodging_Shanti,167.856,8.9,6.0,1.7,1013.3,2.1,6,7,5,129,24355.1,,Cold
2016-05-08 07:00:00,Hog_lodging_Shanti,188.932,12.8,5.5,0.6,1014.0,2.1,7,7,5,129,24355.1,,Cold
2016-05-08 08:00:00,Hog_lodging_Shanti,192.667,16.1,5.0,0.0,1013.7,1.5,8,7,5,129,24355.1,,Cold
2016-05-08 09:00:00,Hog_lodging_Shanti,196.642,17.2,4.5,-1.1,1013.1,2.6,9,7,5,129,24355.1,,Cold
2016-05-08 10:00:00,Hog_lodging_Shanti,226.247,18.9,4.0,-0.6,1013.0,2.1,10,7,5,129,24355.1,,Cold
2016-05-08 11:00:00,Hog_lodging_Shanti,234.678,21.1,4.0,0.0,1012.2,0.0,11,7,5,129,24355.1,,Cold
2016-05-08 12:00:00,Hog_lodging_Shanti,236.201,21.7,4.0,-0.6,1011.9,0.0,12,7,5,129,24355.1,,Cold
2016-05-08 13:00:00,Hog_lodging_Shanti,243.456,21.7,4.0,-1.1,1011.3,0.0,13,7,5,129,24355.1,,Cold
2016-05-08 14:00:00,Hog_lodging_Shanti,251.699,22.8,4.0,-0.6,1011.2,3.1,14,7,5,129,24355.1,,Cold
2016-05-08 15:00:00,Hog_lodging_Shanti,232.571,22.8,0.0,-0.6,1011.0,5.1,15,7,5,129,24355.1,,Cold
2016-05-08 16:00:00,Hog_lodging_Shanti,230.876,22.2,0.0,-1.7,1010.9,2.1,16,7,5,129,24355.1,,Cold
2016-05-08 17:00:00,Hog_lodging_Shanti,254.084,21.7,2.0,-0.6,1010.6,3.6,17,7,5,129,24355.1,,Cold
2016-05-08 18:00:00,Hog_lodging_Shanti,254.986,21.1,4.0,-0.6,1010.1,4.1,18,7,5,129,24355.1,,Cold
2016-05-08 19:00:00,Hog_lodging_Shanti,255.529,20.6,4.0,-1.1,1010.2,4.6,19,7,5,129,24355.1,,Cold
2016-05-08 20:00:00,Hog_lodging_Shanti,261.031,18.9,2.0,0.0,1010.3,4.1,20,7,5,129,24355.1,,Cold
2016-05-08 21:00:00,Hog_lodging_Shanti,251.151,17.8,0.0,0.0,1010.4,3.6,21,7,5,129,24355.1,,Cold
2016-05-08 22:00:00,Hog_lodging_Shanti,243.115,16.1,0.0,1.1,1010.9,3.1,22,7,5,129,24355.1,,Cold
2016-05-08 23:00:00,Hog_lodging_Shanti,228.991,15.6,0.0,0.6,1011.2,3.1,23,7,5,129,24355.1,,Cold
2016-05-09 00:00:00,Hog_lodging_Shanti,220.888,15.0,0.0,1.1,1010.9,3.6,0,1,5,130,24355.1,,Cold
2016-05-09 01:00:00,Hog_lodging_Shanti,203.088,13.9,0.0,1.1,1010.7,4.1,1,1,5,130,24355.1,,Cold
2016-05-09 02:00:00,Hog_lodging_Shanti,188.89,13.9,0.0,1.7,1010.3,4.1,2,1,5,130,24355.1,,Cold
2016-05-09 03:00:00,Hog_lodging_Shanti,183.822,12.8,0.0,2.2,1010.2,3.1,3,1,5,130,24355.1,,Cold
2016-05-09 04:00:00,Hog_lodging_Shanti,177.69299999999996,13.3,0.0,1.7,1009.5,5.1,4,1,5,130,24355.1,,Cold
2016-05-09 05:00:00,Hog_lodging_Shanti,176.149,12.8,2.0,1.1,1009.6,4.6,5,1,5,130,24355.1,,Cold
2016-05-09 06:00:00,Hog_lodging_Shanti,174.107,12.8,8.0,1.7,1010.0,6.2,6,1,5,130,24355.1,,Cold
2016-05-09 07:00:00,Hog_lodging_Shanti,194.806,13.9,8.0,2.2,1011.1,5.7,7,1,5,130,24355.1,,Cold
2016-05-09 08:00:00,Hog_lodging_Shanti,210.412,15.6,8.0,4.4,1010.9,6.2,8,1,5,130,24355.1,,Cold
2016-05-09 09:00:00,Hog_lodging_Shanti,212.153,16.7,8.0,4.4,1010.3,8.2,9,1,5,130,24355.1,,Cold
2016-05-09 10:00:00,Hog_lodging_Shanti,240.167,18.9,8.0,3.3,1009.9,11.8,10,1,5,130,24355.1,,Cold
2016-05-09 11:00:00,Hog_lodging_Shanti,240.321,19.4,8.0,3.3,1009.7,10.3,11,1,5,130,24355.1,,Cold
2016-05-09 12:00:00,Hog_lodging_Shanti,251.176,15.0,8.0,7.2,1010.0,10.3,12,1,5,130,24355.1,,Cold
2016-05-09 13:00:00,Hog_lodging_Shanti,268.057,13.3,8.0,8.3,1010.5,6.7,13,1,5,130,24355.1,,Cold
2016-05-09 14:00:00,Hog_lodging_Shanti,264.685,13.9,8.0,8.9,1010.8,5.1,14,1,5,130,24355.1,,Cold
2016-05-09 15:00:00,Hog_lodging_Shanti,247.908,13.9,8.0,7.8,1010.0,7.7,15,1,5,130,24355.1,,Cold
2016-05-09 16:00:00,Hog_lodging_Shanti,249.56,13.9,8.0,9.4,1009.1,4.1,16,1,5,130,24355.1,,Cold
2016-05-09 17:00:00,Hog_lodging_Shanti,259.54200000000003,15.0,8.0,9.4,1008.7,4.1,17,1,5,130,24355.1,,Cold
2016-05-09 18:00:00,Hog_lodging_Shanti,262.93,16.1,8.0,8.9,1008.8,6.2,18,1,5,130,24355.1,,Cold
2016-05-09 19:00:00,Hog_lodging_Shanti,257.32,16.1,8.0,7.2,1009.0,8.8,19,1,5,130,24355.1,,Cold
2016-05-09 20:00:00,Hog_lodging_Shanti,251.982,13.9,8.0,8.9,1009.8,4.6,20,1,5,130,24355.1,,Cold
2016-05-09 21:00:00,Hog_lodging_Shanti,246.794,12.8,8.0,9.4,1010.3,5.7,21,1,5,130,24355.1,,Cold
2016-05-09 22:00:00,Hog_lodging_Shanti,243.205,12.2,8.0,9.4,1010.7,5.1,22,1,5,130,24355.1,,Cold
2016-05-09 23:00:00,Hog_lodging_Shanti,235.432,11.7,8.0,10.0,1010.2,4.6,23,1,5,130,24355.1,,Cold
2016-05-10 00:00:00,Hog_lodging_Shanti,218.254,12.2,8.0,9.4,1010.4,5.1,0,2,5,131,24355.1,,Cold
2016-05-10 01:00:00,Hog_lodging_Shanti,206.3,11.7,8.0,9.4,1010.8,6.7,1,2,5,131,24355.1,,Cold
2016-05-10 02:00:00,Hog_lodging_Shanti,195.488,11.1,8.0,9.4,1010.8,9.3,2,2,5,131,24355.1,,Cold
2016-05-10 03:00:00,Hog_lodging_Shanti,184.548,10.0,8.0,8.3,1010.8,6.2,3,2,5,131,24355.1,,Cold
2016-05-10 04:00:00,Hog_lodging_Shanti,176.493,9.4,8.0,7.8,1010.9,6.7,4,2,5,131,24355.1,,Cold
2016-05-10 05:00:00,Hog_lodging_Shanti,175.59099999999995,9.4,8.0,7.2,1011.0,6.7,5,2,5,131,24355.1,,Cold
2016-05-10 06:00:00,Hog_lodging_Shanti,170.30700000000004,9.4,8.0,7.8,1011.4,5.1,6,2,5,131,24355.1,,Cold
2016-05-10 07:00:00,Hog_lodging_Shanti,197.443,9.4,8.0,7.8,1011.9,4.6,7,2,5,131,24355.1,,Cold
2016-05-10 08:00:00,Hog_lodging_Shanti,209.834,9.4,8.0,7.8,1012.2,5.7,8,2,5,131,24355.1,,Cold
2016-05-10 09:00:00,Hog_lodging_Shanti,217.281,10.0,8.0,8.3,1012.2,5.1,9,2,5,131,24355.1,,Cold
2016-05-10 10:00:00,Hog_lodging_Shanti,237.731,11.1,8.0,8.9,1012.3,5.1,10,2,5,131,24355.1,,Cold
2016-05-10 11:00:00,Hog_lodging_Shanti,243.816,11.7,8.0,9.4,1012.8,6.2,11,2,5,131,24355.1,,Cold
2016-05-10 12:00:00,Hog_lodging_Shanti,265.22700000000003,12.2,8.0,10.0,1013.3,5.1,12,2,5,131,24355.1,,Cold
2016-05-10 13:00:00,Hog_lodging_Shanti,271.528,12.8,8.0,10.0,1014.0,5.1,13,2,5,131,24355.1,,Cold
2016-05-10 14:00:00,Hog_lodging_Shanti,274.233,13.3,8.0,10.6,1013.9,6.2,14,2,5,131,24355.1,,Cold
2016-05-10 15:00:00,Hog_lodging_Shanti,256.195,13.3,8.0,10.6,1014.4,5.7,15,2,5,131,24355.1,,Cold
2016-05-10 16:00:00,Hog_lodging_Shanti,248.689,13.9,8.0,10.6,1014.6,5.7,16,2,5,131,24355.1,,Cold
2016-05-10 17:00:00,Hog_lodging_Shanti,266.67900000000003,13.9,8.0,10.0,1014.7,6.7,17,2,5,131,24355.1,,Cold
2016-05-10 18:00:00,Hog_lodging_Shanti,263.06,12.8,8.0,9.4,1015.8,6.7,18,2,5,131,24355.1,,Cold
2016-05-10 19:00:00,Hog_lodging_Shanti,261.437,11.7,8.0,8.9,1016.5,5.7,19,2,5,131,24355.1,,Cold
2016-05-10 20:00:00,Hog_lodging_Shanti,254.739,11.7,8.0,8.3,1017.2,6.2,20,2,5,131,24355.1,,Cold
2016-05-10 21:00:00,Hog_lodging_Shanti,245.305,11.1,8.0,8.3,1017.4,6.2,21,2,5,131,24355.1,,Cold
2016-05-10 22:00:00,Hog_lodging_Shanti,241.024,10.6,8.0,7.8,1017.7,4.6,22,2,5,131,24355.1,,Cold
2016-05-10 23:00:00,Hog_lodging_Shanti,232.652,10.6,8.0,7.2,1017.8,5.1,23,2,5,131,24355.1,,Cold
2016-05-11 00:00:00,Hog_lodging_Shanti,219.499,10.0,8.0,7.2,1017.8,4.6,0,3,5,132,24355.1,,Cold
2016-05-11 01:00:00,Hog_lodging_Shanti,201.969,10.0,8.0,7.2,1017.2,3.1,1,3,5,132,24355.1,,Cold
2016-05-11 02:00:00,Hog_lodging_Shanti,189.008,10.0,8.0,7.2,1017.0,4.6,2,3,5,132,24355.1,,Cold
2016-05-11 03:00:00,Hog_lodging_Shanti,182.321,10.0,8.0,7.8,1017.1,3.6,3,3,5,132,24355.1,,Cold
2016-05-11 04:00:00,Hog_lodging_Shanti,175.511,9.4,8.0,8.3,1017.3,3.1,4,3,5,132,24355.1,,Cold
2016-05-11 05:00:00,Hog_lodging_Shanti,173.325,9.4,8.0,8.3,1017.0,2.1,5,3,5,132,24355.1,,Cold
2016-05-11 06:00:00,Hog_lodging_Shanti,176.715,9.4,8.0,8.9,1015.5,4.1,6,3,5,132,24355.1,,Cold
2016-05-11 07:00:00,Hog_lodging_Shanti,193.598,10.0,8.0,8.3,1016.05,3.1,7,3,5,132,24355.1,,Cold
2016-05-11 08:00:00,Hog_lodging_Shanti,209.124,10.0,8.0,8.9,1016.6,4.6,8,3,5,132,24355.1,,Cold
2016-05-11 09:00:00,Hog_lodging_Shanti,219.013,10.6,8.0,9.4,1016.7,3.6,9,3,5,132,24355.1,,Cold
2016-05-11 10:00:00,Hog_lodging_Shanti,244.923,11.7,8.0,8.9,1016.8,3.6,10,3,5,132,24355.1,,Cold
2016-05-11 11:00:00,Hog_lodging_Shanti,249.202,11.7,8.0,8.9,1016.3499999999999,3.6,11,3,5,132,24355.1,,Cold
2016-05-11 12:00:00,Hog_lodging_Shanti,258.251,11.7,8.0,10.0,1015.9,0.0,12,3,5,132,24355.1,,Cold
2016-05-11 13:00:00,Hog_lodging_Shanti,274.758,12.2,8.0,10.6,1015.5,3.1,13,3,5,132,24355.1,,Cold
2016-05-11 14:00:00,Hog_lodging_Shanti,275.402,12.8,8.0,10.6,1015.1,3.6,14,3,5,132,24355.1,,Cold
2016-05-11 15:00:00,Hog_lodging_Shanti,255.029,12.8,8.0,10.6,1015.3,2.1,15,3,5,132,24355.1,,Cold
2016-05-11 16:00:00,Hog_lodging_Shanti,259.672,12.8,8.0,11.1,1015.3,3.1,16,3,5,132,24355.1,,Cold
2016-05-11 17:00:00,Hog_lodging_Shanti,269.449,12.8,8.0,11.7,1015.55,1.5,17,3,5,132,24355.1,,Cold
2016-05-11 18:00:00,Hog_lodging_Shanti,272.378,13.3,8.0,11.7,1015.8,1.5,18,3,5,132,24355.1,,Cold
2016-05-11 19:00:00,Hog_lodging_Shanti,261.879,13.3,6.666666666666667,11.7,1015.5,1.5,19,3,5,132,24355.1,,Cold
2016-05-11 20:00:00,Hog_lodging_Shanti,259.844,13.3,5.333333333333334,11.7,1015.6,1.5,20,3,5,132,24355.1,,Cold
2016-05-11 21:00:00,Hog_lodging_Shanti,258.396,12.2,4.0,11.1,1015.6,1.5,21,3,5,132,24355.1,,Cold
2016-05-11 22:00:00,Hog_lodging_Shanti,233.653,11.1,2.0,10.6,1015.8,1.5,22,3,5,132,24355.1,,Cold
2016-05-11 23:00:00,Hog_lodging_Shanti,239.937,11.7,9.0,11.1,1015.4,2.1,23,3,5,132,24355.1,,Cold
2016-05-12 00:00:00,Hog_lodging_Shanti,215.133,11.7,9.0,11.1,1015.2,1.5,0,4,5,133,24355.1,,Cold
2016-05-12 01:00:00,Hog_lodging_Shanti,203.2,11.7,9.0,11.7,1015.1,1.5,1,4,5,133,24355.1,,Cold
2016-05-12 02:00:00,Hog_lodging_Shanti,189.239,10.6,2.0,10.0,1014.4,3.6,2,4,5,133,24355.1,,Cold
2016-05-12 03:00:00,Hog_lodging_Shanti,182.641,10.6,0.0,8.9,1014.3,3.1,3,4,5,133,24355.1,,Cold
2016-05-12 04:00:00,Hog_lodging_Shanti,177.458,9.4,0.0,7.8,1014.7,2.6,4,4,5,133,24355.1,,Cold
2016-05-12 05:00:00,Hog_lodging_Shanti,174.68200000000004,8.9,0.0,7.2,1014.8,3.6,5,4,5,133,24355.1,,Cold
2016-05-12 06:00:00,Hog_lodging_Shanti,177.423,9.4,4.0,7.2,1015.1,2.6,6,4,5,133,24355.1,,Cold
2016-05-12 07:00:00,Hog_lodging_Shanti,192.719,10.0,2.0,7.2,1015.2,3.1,7,4,5,133,24355.1,,Cold
2016-05-12 08:00:00,Hog_lodging_Shanti,205.829,12.2,2.0,7.2,1015.1,4.6,8,4,5,133,24355.1,,Cold
2016-05-12 09:00:00,Hog_lodging_Shanti,215.072,13.3,4.0,6.7,1014.9,7.2,9,4,5,133,24355.1,,Cold
2016-05-12 10:00:00,Hog_lodging_Shanti,239.492,13.3,5.333333333333333,6.1,1015.0,8.2,10,4,5,133,24355.1,,Cold
2016-05-12 11:00:00,Hog_lodging_Shanti,248.72,13.9,6.666666666666666,5.6,1015.2,6.2,11,4,5,133,24355.1,,Cold
2016-05-12 12:00:00,Hog_lodging_Shanti,262.833,12.8,8.0,4.4,1015.4,8.8,12,4,5,133,24355.1,,Cold
2016-05-12 13:00:00,Hog_lodging_Shanti,260.555,13.3,8.0,4.4,1015.6,6.7,13,4,5,133,24355.1,,Cold
2016-05-12 14:00:00,Hog_lodging_Shanti,262.563,13.3,8.0,5.0,1015.9,7.2,14,4,5,133,24355.1,,Cold
2016-05-12 15:00:00,Hog_lodging_Shanti,233.925,12.8,8.0,5.0,1016.2,7.2,15,4,5,133,24355.1,,Cold
2016-05-12 16:00:00,Hog_lodging_Shanti,244.218,12.8,8.0,5.0,1016.4,7.2,16,4,5,133,24355.1,,Cold
2016-05-12 17:00:00,Hog_lodging_Shanti,254.663,13.3,8.0,5.6,1016.4,7.7,17,4,5,133,24355.1,,Cold
2016-05-12 18:00:00,Hog_lodging_Shanti,262.85400000000004,12.8,8.0,5.6,1016.6,7.2,18,4,5,133,24355.1,,Cold
2016-05-12 19:00:00,Hog_lodging_Shanti,252.145,12.8,7.0,5.6,1016.5,6.2,19,4,5,133,24355.1,,Cold
2016-05-12 20:00:00,Hog_lodging_Shanti,245.499,12.2,6.0,5.6,1016.6,4.6,20,4,5,133,24355.1,,Cold
2016-05-12 21:00:00,Hog_lodging_Shanti,229.068,11.7,5.0,5.0,1016.9,4.6,21,4,5,133,24355.1,,Cold
2016-05-12 22:00:00,Hog_lodging_Shanti,214.753,11.1,4.0,5.0,1016.9,5.1,22,4,5,133,24355.1,,Cold
2016-05-12 23:00:00,Hog_lodging_Shanti,223.237,10.0,3.0,5.0,1016.8,3.6,23,4,5,133,24355.1,,Cold
2016-05-13 00:00:00,Hog_lodging_Shanti,212.135,10.0,2.0,4.4,1016.7,5.1,0,5,5,134,24355.1,,Cold
2016-05-13 01:00:00,Hog_lodging_Shanti,194.841,8.9,2.0,3.9,1016.6,4.6,1,5,5,134,24355.1,,Cold
2016-05-13 02:00:00,Hog_lodging_Shanti,187.53,7.8,0.0,3.9,1016.2,3.1,2,5,5,134,24355.1,,Cold
2016-05-13 03:00:00,Hog_lodging_Shanti,180.111,7.8,0.0,3.3,1016.1,3.1,3,5,5,134,24355.1,,Cold
2016-05-13 04:00:00,Hog_lodging_Shanti,177.15400000000002,7.2,2.6666666666666665,3.3,1016.3,2.6,4,5,5,134,24355.1,,Cold
2016-05-13 05:00:00,Hog_lodging_Shanti,169.40200000000004,6.7,5.333333333333333,3.3,1016.2,2.1,5,5,5,134,24355.1,,Cold
2016-05-13 06:00:00,Hog_lodging_Shanti,170.291,7.8,8.0,2.8,1017.6,5.7,6,5,5,134,24355.1,,Cold
2016-05-13 07:00:00,Hog_lodging_Shanti,188.952,5.6,7.666666666666667,3.3,1018.2,5.7,7,5,5,134,24355.1,,Cold
2016-05-13 08:00:00,Hog_lodging_Shanti,258.209,5.0,7.333333333333333,3.3,1017.9,4.1,8,5,5,134,24355.1,,Cold
2016-05-13 09:00:00,Hog_lodging_Shanti,227.529,5.0,7.0,2.8,1018.1,4.6,9,5,5,134,24355.1,,Cold
2016-05-13 10:00:00,Hog_lodging_Shanti,241.891,5.0,7.0,3.3,1017.3,4.1,10,5,5,134,24355.1,,Cold
2016-05-13 11:00:00,Hog_lodging_Shanti,241.624,6.7,7.0,3.9,1017.3,5.1,11,5,5,134,24355.1,,Cold
2016-05-13 12:00:00,Hog_lodging_Shanti,243.368,7.8,6.0,3.9,1016.5,4.6,12,5,5,134,24355.1,,Cold
2016-05-13 13:00:00,Hog_lodging_Shanti,259.846,7.8,6.333333333333333,2.2,1016.0,6.7,13,5,5,134,24355.1,,Cold
2016-05-13 14:00:00,Hog_lodging_Shanti,232.487,8.9,6.666666666666667,1.1,1016.0,9.3,14,5,5,134,24355.1,,Cold
2016-05-13 15:00:00,Hog_lodging_Shanti,240.871,8.3,7.0,-0.6,1016.2,10.3,15,5,5,134,24355.1,,Cold
2016-05-13 16:00:00,Hog_lodging_Shanti,233.601,6.7,7.0,-2.2,1016.7,9.8,16,5,5,134,24355.1,,Cold
2016-05-13 17:00:00,Hog_lodging_Shanti,241.155,6.7,7.0,-2.8,1016.9,8.2,17,5,5,134,24355.1,,Cold
2016-05-13 18:00:00,Hog_lodging_Shanti,230.101,6.1,8.0,-3.3,1017.1,8.2,18,5,5,134,24355.1,,Cold
2016-05-13 19:00:00,Hog_lodging_Shanti,227.466,5.6,8.0,-3.9,1017.5,9.8,19,5,5,134,24355.1,,Cold
2016-05-13 20:00:00,Hog_lodging_Shanti,212.16,5.0,8.0,-3.3,1018.0,6.2,20,5,5,134,24355.1,,Cold
2016-05-13 21:00:00,Hog_lodging_Shanti,199.296,5.0,8.0,-5.0,1018.8,9.3,21,5,5,134,24355.1,,Cold
2016-05-13 22:00:00,Hog_lodging_Shanti,206.203,3.9,8.0,-4.4,1019.1,5.1,22,5,5,134,24355.1,,Cold
2016-05-13 23:00:00,Hog_lodging_Shanti,214.463,4.4,8.0,-3.9,1019.0,8.2,23,5,5,134,24355.1,,Cold
2016-05-14 00:00:00,Hog_lodging_Shanti,193.534,4.4,8.0,-4.4,1019.1,8.2,0,6,5,135,24355.1,,Cold
2016-05-14 01:00:00,Hog_lodging_Shanti,182.961,3.9,6.0,-4.4,1019.0,6.2,1,6,5,135,24355.1,,Cold
2016-05-14 02:00:00,Hog_lodging_Shanti,180.527,3.9,4.0,-4.4,1019.1,8.2,2,6,5,135,24355.1,,Cold
2016-05-14 03:00:00,Hog_lodging_Shanti,169.204,2.2,2.0,-5.6,1019.3,6.7,3,6,5,135,24355.1,,Cold
2016-05-14 04:00:00,Hog_lodging_Shanti,172.766,1.7,2.0,-5.6,1019.6,7.2,4,6,5,135,24355.1,,Cold
2016-05-14 05:00:00,Hog_lodging_Shanti,169.08700000000005,1.1,2.0,-5.6,1019.9,7.2,5,6,5,135,24355.1,,Cold
2016-05-14 06:00:00,Hog_lodging_Shanti,166.178,1.1,2.0,-5.6,1020.3,6.2,6,6,5,135,24355.1,,Cold
2016-05-14 07:00:00,Hog_lodging_Shanti,188.413,2.2,2.0,-5.6,1020.7,8.2,7,6,5,135,24355.1,,Cold
2016-05-14 08:00:00,Hog_lodging_Shanti,197.599,2.8,2.5,-5.0,1021.1,7.2,8,6,5,135,24355.1,,Cold
2016-05-14 09:00:00,Hog_lodging_Shanti,217.79,3.3,3.0,-5.0,1021.4,5.1,9,6,5,135,24355.1,,Cold
2016-05-14 10:00:00,Hog_lodging_Shanti,224.078,5.0,3.5,-3.9,1021.3,6.2,10,6,5,135,24355.1,,Cold
2016-05-14 11:00:00,Hog_lodging_Shanti,244.573,5.6,4.0,-3.9,1021.1,6.2,11,6,5,135,24355.1,,Cold
2016-05-14 12:00:00,Hog_lodging_Shanti,231.446,7.2,4.0,-3.3,1020.5,6.2,12,6,5,135,24355.1,,Cold
2016-05-14 13:00:00,Hog_lodging_Shanti,217.275,7.8,2.0,-3.9,1019.9,6.7,13,6,5,135,24355.1,,Cold
2016-05-14 14:00:00,Hog_lodging_Shanti,214.823,9.4,4.0,-4.4,1019.1,8.8,14,6,5,135,24355.1,,Cold
2016-05-14 15:00:00,Hog_lodging_Shanti,200.529,10.0,4.0,-5.0,1018.4,7.7,15,6,5,135,24355.1,,Cold
2016-05-14 16:00:00,Hog_lodging_Shanti,197.302,10.6,4.0,-6.7,1018.0,8.8,16,6,5,135,24355.1,,Cold
2016-05-14 17:00:00,Hog_lodging_Shanti,177.48,10.6,4.0,-7.8,1017.9,8.8,17,6,5,135,24355.1,,Cold
2016-05-14 18:00:00,Hog_lodging_Shanti,162.349,10.0,4.0,-8.3,1017.7,9.3,18,6,5,135,24355.1,,Cold
2016-05-14 19:00:00,Hog_lodging_Shanti,161.593,9.4,4.0,-8.9,1017.9,6.2,19,6,5,135,24355.1,,Cold
2016-05-14 20:00:00,Hog_lodging_Shanti,162.87,7.8,2.0,-8.3,1018.3,4.1,20,6,5,135,24355.1,,Cold
2016-05-14 21:00:00,Hog_lodging_Shanti,150.662,7.2,2.0,-7.2,1019.4,5.7,21,6,5,135,24355.1,,Cold
2016-05-14 22:00:00,Hog_lodging_Shanti,155.085,5.6,2.0,-6.7,1020.2,3.1,22,6,5,135,24355.1,,Cold
2016-05-14 23:00:00,Hog_lodging_Shanti,163.636,4.4,0.0,-6.1,1020.3,2.6,23,6,5,135,24355.1,,Cold
2016-05-15 00:00:00,Hog_lodging_Shanti,151.12,3.3,0.0,-5.6,1020.4,2.1,0,7,5,136,24355.1,,Cold
2016-05-15 01:00:00,Hog_lodging_Shanti,152.749,2.8,0.0,-4.4,1020.4,1.5,1,7,5,136,24355.1,,Cold
2016-05-15 02:00:00,Hog_lodging_Shanti,164.095,2.2,0.0,-4.4,1020.5,0.0,2,7,5,136,24355.1,,Cold
2016-05-15 03:00:00,Hog_lodging_Shanti,161.17700000000005,1.7,0.0,-3.9,1020.5,0.0,3,7,5,136,24355.1,,Cold
2016-05-15 04:00:00,Hog_lodging_Shanti,158.984,1.7,2.0,-3.9,1020.2,0.0,4,7,5,136,24355.1,,Cold
2016-05-15 05:00:00,Hog_lodging_Shanti,154.773,1.7,2.0,-3.9,1020.5,1.5,5,7,5,136,24355.1,,Cold
2016-05-15 06:00:00,Hog_lodging_Shanti,152.191,2.8,0.0,-3.9,1020.8,3.1,6,7,5,136,24355.1,,Cold
2016-05-15 07:00:00,Hog_lodging_Shanti,157.531,5.6,0.0,-4.4,1021.0,4.1,7,7,5,136,24355.1,,Cold
2016-05-15 08:00:00,Hog_lodging_Shanti,151.893,7.8,0.0,-3.9,1020.7,4.1,8,7,5,136,24355.1,,Cold
2016-05-15 09:00:00,Hog_lodging_Shanti,157.0,9.4,0.0,-4.4,1020.1,4.6,9,7,5,136,24355.1,,Cold
2016-05-15 10:00:00,Hog_lodging_Shanti,168.295,11.7,2.0,-3.9,1019.5,5.1,10,7,5,136,24355.1,,Cold
2016-05-15 11:00:00,Hog_lodging_Shanti,182.203,13.9,2.0,-2.8,1019.2,7.2,11,7,5,136,24355.1,,Cold
2016-05-15 12:00:00,Hog_lodging_Shanti,177.19400000000005,15.0,4.0,-1.7,1018.5,6.7,12,7,5,136,24355.1,,Cold
2016-05-15 13:00:00,Hog_lodging_Shanti,176.428,16.1,4.0,-0.6,1017.6,5.1,13,7,5,136,24355.1,,Cold
2016-05-15 14:00:00,Hog_lodging_Shanti,247.053,17.2,4.0,-0.6,1016.9,7.2,14,7,5,136,24355.1,,Cold
2016-05-15 15:00:00,Hog_lodging_Shanti,365.278,17.8,4.0,-0.6,1016.4,6.7,15,7,5,136,24355.1,,Cold
2016-05-15 16:00:00,Hog_lodging_Shanti,380.796,18.3,4.0,-0.6,1015.8,5.1,16,7,5,136,24355.1,,Cold
2016-05-15 17:00:00,Hog_lodging_Shanti,375.383,17.8,4.0,-0.6,1015.3,4.6,17,7,5,136,24355.1,,Cold
2016-05-15 18:00:00,Hog_lodging_Shanti,367.1,17.8,4.0,-1.7,1015.0,5.1,18,7,5,136,24355.1,,Cold
2016-05-15 19:00:00,Hog_lodging_Shanti,288.305,17.2,4.0,-2.2,1014.7,2.1,19,7,5,136,24355.1,,Cold
2016-05-15 20:00:00,Hog_lodging_Shanti,149.05,16.7,4.4,-1.7,1014.6,2.1,20,7,5,136,24355.1,,Cold
2016-05-15 21:00:00,Hog_lodging_Shanti,145.00799999999995,15.6,4.8,-1.1,1014.7,2.6,21,7,5,136,24355.1,,Cold
2016-05-15 22:00:00,Hog_lodging_Shanti,147.227,14.4,5.2,0.0,1014.3,3.6,22,7,5,136,24355.1,,Cold
2016-05-15 23:00:00,Hog_lodging_Shanti,138.09799999999998,13.3,5.2,0.6,1014.0,3.6,23,7,5,136,24355.1,,Cold
2016-05-16 00:00:00,Hog_lodging_Shanti,136.114,13.9,6.0,1.1,1014.0,5.1,0,1,5,137,24355.1,,Cold
2016-05-16 01:00:00,Hog_lodging_Shanti,136.436,13.3,5.333333333333333,1.7,1014.5,3.1,1,1,5,137,24355.1,,Cold
2016-05-16 02:00:00,Hog_lodging_Shanti,135.88299999999998,12.2,4.666666666666667,1.7,1014.6,3.1,2,1,5,137,24355.1,,Cold
2016-05-16 03:00:00,Hog_lodging_Shanti,135.54399999999998,12.2,4.0,2.2,1014.4,2.1,3,1,5,137,24355.1,,Cold
2016-05-16 04:00:00,Hog_lodging_Shanti,138.45600000000002,10.6,4.0,2.8,1015.4,2.1,4,1,5,137,24355.1,,Cold
2016-05-16 05:00:00,Hog_lodging_Shanti,139.686,10.0,4.0,2.8,1015.7,1.5,5,1,5,137,24355.1,,Cold
2016-05-16 06:00:00,Hog_lodging_Shanti,138.745,10.0,4.0,3.3,1016.3,0.0,6,1,5,137,24355.1,,Cold
2016-05-16 07:00:00,Hog_lodging_Shanti,139.94799999999998,12.8,2.0,5.0,1017.0,3.1,7,1,5,137,24355.1,,Cold
2016-05-16 08:00:00,Hog_lodging_Shanti,144.001,13.3,2.0,4.4,1017.6,4.1,8,1,5,137,24355.1,,Cold
2016-05-16 09:00:00,Hog_lodging_Shanti,141.392,14.4,2.0,5.0,1017.9,4.1,9,1,5,137,24355.1,,Cold
2016-05-16 10:00:00,Hog_lodging_Shanti,129.347,16.1,2.0,3.9,1018.3,5.7,10,1,5,137,24355.1,,Cold
2016-05-16 11:00:00,Hog_lodging_Shanti,135.437,16.7,2.0,3.3,1018.5,3.6,11,1,5,137,24355.1,,Cold
2016-05-16 12:00:00,Hog_lodging_Shanti,139.578,16.7,2.0,2.8,1018.4,2.1,12,1,5,137,24355.1,,Cold
2016-05-16 13:00:00,Hog_lodging_Shanti,136.36,18.3,2.0,3.3,1018.2,2.6,13,1,5,137,24355.1,,Cold
2016-05-16 14:00:00,Hog_lodging_Shanti,137.019,18.3,4.0,3.3,1018.5,3.6,14,1,5,137,24355.1,,Cold
2016-05-16 15:00:00,Hog_lodging_Shanti,144.058,18.9,4.0,3.3,1018.5,4.6,15,1,5,137,24355.1,,Cold
2016-05-16 16:00:00,Hog_lodging_Shanti,147.612,17.2,4.0,2.2,1018.6,5.7,16,1,5,137,24355.1,,Cold
2016-05-16 17:00:00,Hog_lodging_Shanti,146.127,17.8,4.0,3.3,1018.8,7.7,17,1,5,137,24355.1,,Cold
2016-05-16 18:00:00,Hog_lodging_Shanti,148.41,16.1,4.0,2.8,1018.9,5.1,18,1,5,137,24355.1,,Cold
2016-05-16 19:00:00,Hog_lodging_Shanti,144.847,16.1,2.0,2.2,1019.1,4.6,19,1,5,137,24355.1,,Cold
2016-05-16 20:00:00,Hog_lodging_Shanti,144.989,13.9,2.0,2.2,1019.8,2.6,20,1,5,137,24355.1,,Cold
2016-05-16 21:00:00,Hog_lodging_Shanti,142.094,13.3,2.0,2.2,1020.6,2.1,21,1,5,137,24355.1,,Cold
2016-05-16 22:00:00,Hog_lodging_Shanti,139.92700000000002,12.2,2.0,2.8,1021.4,0.0,22,1,5,137,24355.1,,Cold
2016-05-16 23:00:00,Hog_lodging_Shanti,134.769,11.7,2.0,3.3,1022.1,4.6,23,1,5,137,24355.1,,Cold
2016-05-17 00:00:00,Hog_lodging_Shanti,131.082,10.6,0.0,1.1,1022.7,3.1,0,2,5,138,24355.1,,Cold
2016-05-17 01:00:00,Hog_lodging_Shanti,133.066,10.0,0.0,-0.6,1023.2,4.6,1,2,5,138,24355.1,,Cold
2016-05-17 02:00:00,Hog_lodging_Shanti,133.0,8.9,2.0,-1.1,1023.5,4.1,2,2,5,138,24355.1,,Cold
2016-05-17 03:00:00,Hog_lodging_Shanti,132.87,9.4,2.6666666666666665,-1.1,1024.0,3.6,3,2,5,138,24355.1,,Cold
2016-05-17 04:00:00,Hog_lodging_Shanti,134.44899999999998,9.4,3.333333333333333,-1.1,1024.7,4.1,4,2,5,138,24355.1,,Cold
2016-05-17 05:00:00,Hog_lodging_Shanti,135.615,7.8,4.0,-1.1,1025.4,2.6,5,2,5,138,24355.1,,Cold
2016-05-17 06:00:00,Hog_lodging_Shanti,135.131,7.8,4.0,0.0,1026.1,2.6,6,2,5,138,24355.1,,Cold
2016-05-17 07:00:00,Hog_lodging_Shanti,150.659,10.6,3.0,-0.6,1026.9,3.1,7,2,5,138,24355.1,,Cold
2016-05-17 08:00:00,Hog_lodging_Shanti,155.721,11.7,2.0,-1.7,1027.5,4.1,8,2,5,138,24355.1,,Cold
2016-05-17 09:00:00,Hog_lodging_Shanti,139.482,13.3,2.0,-0.6,1027.8,3.6,9,2,5,138,24355.1,,Cold
2016-05-17 10:00:00,Hog_lodging_Shanti,153.306,13.9,0.0,-2.2,1027.8,4.1,10,2,5,138,24355.1,,Cold
2016-05-17 11:00:00,Hog_lodging_Shanti,154.139,15.6,2.0,-2.2,1027.5,4.6,11,2,5,138,24355.1,,Cold
2016-05-17 12:00:00,Hog_lodging_Shanti,155.002,15.6,2.0,-3.3,1027.3,5.7,12,2,5,138,24355.1,,Cold
2016-05-17 13:00:00,Hog_lodging_Shanti,147.502,16.7,2.0,-1.7,1026.7,5.1,13,2,5,138,24355.1,,Cold
2016-05-17 14:00:00,Hog_lodging_Shanti,136.371,16.7,2.0,-2.2,1026.2,3.6,14,2,5,138,24355.1,,Cold
2016-05-17 15:00:00,Hog_lodging_Shanti,147.016,18.3,2.0,-1.1,1025.6,6.7,15,2,5,138,24355.1,,Cold
2016-05-17 16:00:00,Hog_lodging_Shanti,149.862,17.8,2.0,-2.2,1025.0,5.7,16,2,5,138,24355.1,,Cold
2016-05-17 17:00:00,Hog_lodging_Shanti,142.616,16.7,2.0,-2.2,1024.9,2.6,17,2,5,138,24355.1,,Cold
2016-05-17 18:00:00,Hog_lodging_Shanti,146.05100000000004,16.7,2.0,-2.2,1024.8,3.6,18,2,5,138,24355.1,,Cold
2016-05-17 19:00:00,Hog_lodging_Shanti,140.352,16.1,2.0,-2.2,1024.9,4.1,19,2,5,138,24355.1,,Cold
2016-05-17 20:00:00,Hog_lodging_Shanti,141.46,15.0,2.0,-2.2,1025.3,2.6,20,2,5,138,24355.1,,Cold
2016-05-17 21:00:00,Hog_lodging_Shanti,136.86,13.3,2.0,-1.7,1025.6,2.1,21,2,5,138,24355.1,,Cold
2016-05-17 22:00:00,Hog_lodging_Shanti,136.55200000000002,11.1,2.0,1.1,1025.7,1.5,22,2,5,138,24355.1,,Cold
2016-05-17 23:00:00,Hog_lodging_Shanti,134.158,10.0,0.0,2.2,1025.8,0.0,23,2,5,138,24355.1,,Cold
2016-05-18 00:00:00,Hog_lodging_Shanti,133.378,10.0,0.0,1.7,1025.8,0.0,0,3,5,139,24355.1,,Cold
2016-05-18 01:00:00,Hog_lodging_Shanti,134.487,8.9,0.0,3.3,1025.7,0.0,1,3,5,139,24355.1,,Cold
2016-05-18 02:00:00,Hog_lodging_Shanti,134.971,7.8,0.0,4.4,1025.5,0.0,2,3,5,139,24355.1,,Cold
2016-05-18 03:00:00,Hog_lodging_Shanti,134.347,7.2,0.0,3.9,1025.5,0.0,3,3,5,139,24355.1,,Cold
2016-05-18 04:00:00,Hog_lodging_Shanti,136.084,6.7,0.0,3.9,1025.7,0.0,4,3,5,139,24355.1,,Cold
2016-05-18 05:00:00,Hog_lodging_Shanti,138.2,6.7,0.0,4.4,1025.9,0.0,5,3,5,139,24355.1,,Cold
2016-05-18 06:00:00,Hog_lodging_Shanti,137.219,8.3,0.0,4.4,1026.1,0.0,6,3,5,139,24355.1,,Cold
2016-05-18 07:00:00,Hog_lodging_Shanti,137.295,11.1,0.0,5.0,1026.0,0.0,7,3,5,139,24355.1,,Cold
2016-05-18 08:00:00,Hog_lodging_Shanti,138.048,13.9,0.0,2.2,1026.1,1.5,8,3,5,139,24355.1,,Cold
2016-05-18 09:00:00,Hog_lodging_Shanti,146.399,16.1,0.0,0.6,1025.7,2.6,9,3,5,139,24355.1,,Cold
2016-05-18 10:00:00,Hog_lodging_Shanti,240.453,17.8,0.0,-1.7,1025.5,0.0,10,3,5,139,24355.1,,Cold
2016-05-18 11:00:00,Hog_lodging_Shanti,218.233,17.8,2.0,-2.2,1025.3,0.0,11,3,5,139,24355.1,,Cold
2016-05-18 12:00:00,Hog_lodging_Shanti,167.95,18.3,2.0,-0.6,1024.7,3.6,12,3,5,139,24355.1,,Cold
2016-05-18 13:00:00,Hog_lodging_Shanti,164.894,19.4,2.0,-1.7,1024.2,0.0,13,3,5,139,24355.1,,Cold
2016-05-18 14:00:00,Hog_lodging_Shanti,167.81900000000005,19.4,2.0,-1.7,1023.5,0.0,14,3,5,139,24355.1,,Cold
2016-05-18 15:00:00,Hog_lodging_Shanti,165.63,20.0,2.0,-1.1,1022.7,0.0,15,3,5,139,24355.1,,Cold
2016-05-18 16:00:00,Hog_lodging_Shanti,161.855,20.0,2.0,-1.1,1022.1,2.6,16,3,5,139,24355.1,,Cold
2016-05-18 17:00:00,Hog_lodging_Shanti,161.941,20.0,2.0,-1.7,1021.6,2.1,17,3,5,139,24355.1,,Cold
2016-05-18 18:00:00,Hog_lodging_Shanti,162.149,19.4,0.0,-2.2,1021.3,2.1,18,3,5,139,24355.1,,Cold
2016-05-18 19:00:00,Hog_lodging_Shanti,164.61,18.9,2.0,-2.2,1020.8,0.0,19,3,5,139,24355.1,,Cold
2016-05-18 20:00:00,Hog_lodging_Shanti,160.694,16.1,4.0,-0.6,1020.7,3.1,20,3,5,139,24355.1,,Cold
2016-05-18 21:00:00,Hog_lodging_Shanti,157.957,15.6,2.666666666666667,-0.6,1020.8,2.6,21,3,5,139,24355.1,,Cold
2016-05-18 22:00:00,Hog_lodging_Shanti,154.718,15.0,1.3333333333333335,-0.6,1020.9,0.0,22,3,5,139,24355.1,,Cold
2016-05-18 23:00:00,Hog_lodging_Shanti,152.657,12.8,0.0,0.6,1021.0,3.1,23,3,5,139,24355.1,,Cold
2016-05-19 00:00:00,Hog_lodging_Shanti,150.57399999999996,12.2,0.0,0.0,1021.0,1.5,0,4,5,140,24355.1,,Cold
2016-05-19 01:00:00,Hog_lodging_Shanti,151.393,12.8,0.0,-0.6,1020.7,2.1,1,4,5,140,24355.1,,Cold
2016-05-19 02:00:00,Hog_lodging_Shanti,151.474,11.7,0.0,-1.7,1020.6,2.6,2,4,5,140,24355.1,,Cold
2016-05-19 03:00:00,Hog_lodging_Shanti,150.85,10.6,0.0,-1.1,1020.5,1.5,3,4,5,140,24355.1,,Cold
2016-05-19 04:00:00,Hog_lodging_Shanti,153.306,10.0,4.0,0.0,1020.1,2.6,4,4,5,140,24355.1,,Cold
2016-05-19 05:00:00,Hog_lodging_Shanti,154.82,10.6,4.0,1.1,1020.1,2.6,5,4,5,140,24355.1,,Cold
2016-05-19 06:00:00,Hog_lodging_Shanti,153.9,10.0,2.0,2.8,1020.3,3.1,6,4,5,140,24355.1,,Cold
2016-05-19 07:00:00,Hog_lodging_Shanti,154.13,12.2,2.0,3.9,1020.4,2.6,7,4,5,140,24355.1,,Cold
2016-05-19 08:00:00,Hog_lodging_Shanti,155.359,14.4,2.0,5.0,1020.2,3.6,8,4,5,140,24355.1,,Cold
2016-05-19 09:00:00,Hog_lodging_Shanti,210.149,16.7,2.0,6.7,1020.0,2.1,9,4,5,140,24355.1,,Cold
2016-05-19 10:00:00,Hog_lodging_Shanti,257.758,18.9,4.0,6.7,1019.8,4.1,10,4,5,140,24355.1,,Cold
2016-05-19 11:00:00,Hog_lodging_Shanti,262.107,20.6,4.0,7.2,1019.3,3.6,11,4,5,140,24355.1,,Cold
2016-05-19 12:00:00,Hog_lodging_Shanti,258.637,21.1,4.0,6.1,1018.7,4.6,12,4,5,140,24355.1,,Cold
2016-05-19 13:00:00,Hog_lodging_Shanti,262.471,22.2,4.333333333333333,5.0,1018.1,6.2,13,4,5,140,24355.1,,Cold
2016-05-19 14:00:00,Hog_lodging_Shanti,279.481,22.8,4.666666666666667,5.0,1018.0,6.7,14,4,5,140,24355.1,,Cold
2016-05-19 15:00:00,Hog_lodging_Shanti,273.015,21.7,5.0,3.9,1017.6,3.1,15,4,5,140,24355.1,,Cold
2016-05-19 16:00:00,Hog_lodging_Shanti,259.207,23.3,5.0,3.9,1017.3,5.1,16,4,5,140,24355.1,,Cold
2016-05-19 17:00:00,Hog_lodging_Shanti,259.941,22.8,5.0,3.9,1017.3,6.2,17,4,5,140,24355.1,,Cold
2016-05-19 18:00:00,Hog_lodging_Shanti,265.847,22.2,6.0,3.3,1016.9,5.7,18,4,5,140,24355.1,,Cold
2016-05-19 19:00:00,Hog_lodging_Shanti,260.395,22.2,5.0,3.3,1016.8,3.1,19,4,5,140,24355.1,,Cold
2016-05-19 20:00:00,Hog_lodging_Shanti,259.55,18.9,4.0,3.9,1016.9,2.6,20,4,5,140,24355.1,,Cold
2016-05-19 21:00:00,Hog_lodging_Shanti,255.322,17.2,4.0,3.3,1017.5,2.6,21,4,5,140,24355.1,,Cold
2016-05-19 22:00:00,Hog_lodging_Shanti,265.635,16.7,2.0,2.8,1017.7,4.1,22,4,5,140,24355.1,,Cold
2016-05-19 23:00:00,Hog_lodging_Shanti,261.116,17.2,4.0,2.2,1017.6,4.6,23,4,5,140,24355.1,,Cold
2016-05-20 00:00:00,Hog_lodging_Shanti,254.638,15.0,2.0,2.8,1017.9,3.6,0,5,5,141,24355.1,,Cold
2016-05-20 01:00:00,Hog_lodging_Shanti,252.621,14.4,2.0,3.3,1018.0,4.1,1,5,5,141,24355.1,,Cold
2016-05-20 02:00:00,Hog_lodging_Shanti,251.518,13.3,2.0,3.9,1018.3,3.6,2,5,5,141,24355.1,,Cold
2016-05-20 03:00:00,Hog_lodging_Shanti,249.576,14.4,2.0,3.3,1018.7,3.6,3,5,5,141,24355.1,,Cold
2016-05-20 04:00:00,Hog_lodging_Shanti,250.567,13.9,2.0,3.3,1019.0,3.6,4,5,5,141,24355.1,,Cold
2016-05-20 05:00:00,Hog_lodging_Shanti,251.672,12.2,2.0,3.3,1019.3,1.5,5,5,5,141,24355.1,,Cold
2016-05-20 06:00:00,Hog_lodging_Shanti,249.858,13.3,2.0,3.9,1019.7,1.5,6,5,5,141,24355.1,,Cold
2016-05-20 07:00:00,Hog_lodging_Shanti,236.446,14.4,2.0,5.6,1020.1,1.5,7,5,5,141,24355.1,,Cold
2016-05-20 08:00:00,Hog_lodging_Shanti,248.969,16.1,2.0,6.1,1020.5,1.5,8,5,5,141,24355.1,,Cold
2016-05-20 09:00:00,Hog_lodging_Shanti,316.081,17.8,2.0,6.1,1020.3,4.1,9,5,5,141,24355.1,,Cold
2016-05-20 10:00:00,Hog_lodging_Shanti,300.44,20.6,2.0,7.2,1020.1,2.1,10,5,5,141,24355.1,,Cold
2016-05-20 11:00:00,Hog_lodging_Shanti,296.59,21.7,4.0,6.1,1019.7,3.1,11,5,5,141,24355.1,,Cold
2016-05-20 12:00:00,Hog_lodging_Shanti,299.67,21.1,6.0,5.6,1019.7,4.1,12,5,5,141,24355.1,,Cold
2016-05-20 13:00:00,Hog_lodging_Shanti,307.326,21.1,6.0,5.6,1019.4,3.1,13,5,5,141,24355.1,,Cold
2016-05-20 14:00:00,Hog_lodging_Shanti,299.5370000000001,22.2,6.0,4.4,1019.2,2.1,14,5,5,141,24355.1,,Cold
2016-05-20 15:00:00,Hog_lodging_Shanti,314.625,23.3,6.0,6.1,1018.9,2.6,15,5,5,141,24355.1,,Cold
2016-05-20 16:00:00,Hog_lodging_Shanti,209.273,23.9,6.0,5.0,1018.7,5.7,16,5,5,141,24355.1,,Cold
2016-05-20 17:00:00,Hog_lodging_Shanti,149.83100000000005,22.8,6.0,4.4,1018.6,4.1,17,5,5,141,24355.1,,Cold
2016-05-20 18:00:00,Hog_lodging_Shanti,149.71200000000005,22.2,6.0,3.9,1018.5,5.7,18,5,5,141,24355.1,,Cold
2016-05-20 19:00:00,Hog_lodging_Shanti,148.049,22.2,6.0,3.9,1019.0,3.6,19,5,5,141,24355.1,,Cold
2016-05-20 20:00:00,Hog_lodging_Shanti,149.37,20.0,6.0,3.9,1019.2,3.1,20,5,5,141,24355.1,,Cold
2016-05-20 21:00:00,Hog_lodging_Shanti,150.53,18.9,6.0,4.4,1019.6,2.1,21,5,5,141,24355.1,,Cold
2016-05-20 22:00:00,Hog_lodging_Shanti,153.408,17.8,6.0,4.4,1020.0,1.5,22,5,5,141,24355.1,,Cold
2016-05-20 23:00:00,Hog_lodging_Shanti,151.344,17.2,6.0,5.0,1020.4,0.0,23,5,5,141,24355.1,,Cold
2016-05-21 00:00:00,Hog_lodging_Shanti,149.918,14.4,6.0,8.3,1020.6,0.0,0,6,5,142,24355.1,,Cold
2016-05-21 01:00:00,Hog_lodging_Shanti,149.69,13.9,4.666666666666667,6.7,1020.4,0.0,1,6,5,142,24355.1,,Cold
2016-05-21 02:00:00,Hog_lodging_Shanti,147.737,13.3,3.3333333333333335,7.2,1020.8,0.0,2,6,5,142,24355.1,,Cold
2016-05-21 03:00:00,Hog_lodging_Shanti,146.257,13.3,2.0,6.7,1020.9,1.5,3,6,5,142,24355.1,,Cold
2016-05-21 04:00:00,Hog_lodging_Shanti,149.79,12.8,3.0,6.7,1021.2,0.0,4,6,5,142,24355.1,,Cold
2016-05-21 05:00:00,Hog_lodging_Shanti,152.952,13.3,4.0,6.7,1021.8,0.0,5,6,5,142,24355.1,,Cold
2016-05-21 06:00:00,Hog_lodging_Shanti,149.743,13.9,2.0,6.7,1022.3,0.0,6,6,5,142,24355.1,,Cold
2016-05-21 07:00:00,Hog_lodging_Shanti,147.365,15.0,4.0,8.3,1022.7,1.5,7,6,5,142,24355.1,,Cold
2016-05-21 08:00:00,Hog_lodging_Shanti,147.292,17.2,0.0,6.7,1022.9,0.0,8,6,5,142,24355.1,,Cold
2016-05-21 09:00:00,Hog_lodging_Shanti,146.659,21.1,0.0,7.2,1023.0,0.0,9,6,5,142,24355.1,,Cold
2016-05-21 10:00:00,Hog_lodging_Shanti,149.091,22.8,0.0,7.2,1022.9,1.5,10,6,5,142,24355.1,,Cold
2016-05-21 11:00:00,Hog_lodging_Shanti,151.264,23.9,2.0,3.9,1022.6,1.5,11,6,5,142,24355.1,,Cold
2016-05-21 12:00:00,Hog_lodging_Shanti,147.841,24.4,2.0,5.0,1021.9,2.1,12,6,5,142,24355.1,,Cold
2016-05-21 13:00:00,Hog_lodging_Shanti,147.918,25.6,2.0,4.4,1021.4,3.6,13,6,5,142,24355.1,,Cold
2016-05-21 14:00:00,Hog_lodging_Shanti,150.97799999999995,25.6,0.0,3.9,1020.9,3.6,14,6,5,142,24355.1,,Cold
2016-05-21 15:00:00,Hog_lodging_Shanti,147.832,25.6,0.0,2.2,1020.2,2.1,15,6,5,142,24355.1,,Cold
2016-05-21 16:00:00,Hog_lodging_Shanti,150.153,26.1,0.0,2.2,1019.6,2.6,16,6,5,142,24355.1,,Cold
2016-05-21 17:00:00,Hog_lodging_Shanti,149.385,25.6,0.0,2.8,1019.4,2.1,17,6,5,142,24355.1,,Cold
2016-05-21 18:00:00,Hog_lodging_Shanti,149.0,26.1,0.0,1.7,1019.1,0.0,18,6,5,142,24355.1,,Cold
2016-05-21 19:00:00,Hog_lodging_Shanti,148.02200000000005,24.4,0.0,2.2,1019.0,2.6,19,6,5,142,24355.1,,Cold
2016-05-21 20:00:00,Hog_lodging_Shanti,145.264,23.3,0.0,2.2,1018.9,1.5,20,6,5,142,24355.1,,Cold
2016-05-21 21:00:00,Hog_lodging_Shanti,148.35399999999996,21.7,0.0,3.3,1019.0,0.0,21,6,5,142,24355.1,,Cold
2016-05-21 22:00:00,Hog_lodging_Shanti,150.84,19.4,0.0,5.0,1019.3,0.0,22,6,5,142,24355.1,,Cold
2016-05-21 23:00:00,Hog_lodging_Shanti,151.221,17.8,0.0,7.2,1019.2,0.0,23,6,5,142,24355.1,,Cold
2016-05-22 00:00:00,Hog_lodging_Shanti,149.433,16.7,0.0,6.7,1018.8,0.0,0,7,5,143,24355.1,,Cold
2016-05-22 01:00:00,Hog_lodging_Shanti,150.392,17.2,0.0,5.6,1018.1,0.0,1,7,5,143,24355.1,,Cold
2016-05-22 02:00:00,Hog_lodging_Shanti,150.431,15.6,0.0,5.0,1018.3,0.0,2,7,5,143,24355.1,,Cold
2016-05-22 03:00:00,Hog_lodging_Shanti,150.267,14.4,0.0,5.6,1018.7,0.0,3,7,5,143,24355.1,,Cold
2016-05-22 04:00:00,Hog_lodging_Shanti,149.764,14.4,0.0,6.1,1019.0,1.5,4,7,5,143,24355.1,,Cold
2016-05-22 05:00:00,Hog_lodging_Shanti,152.113,14.4,0.0,3.9,1019.1,0.0,5,7,5,143,24355.1,,Cold
2016-05-22 06:00:00,Hog_lodging_Shanti,149.94799999999995,15.0,2.0,5.0,1019.1,0.0,6,7,5,143,24355.1,,Cold
2016-05-22 07:00:00,Hog_lodging_Shanti,146.344,17.2,2.0,5.6,1019.0,1.5,7,7,5,143,24355.1,,Cold
2016-05-22 08:00:00,Hog_lodging_Shanti,145.19899999999996,20.0,2.0,7.2,1018.7,2.1,8,7,5,143,24355.1,,Cold
2016-05-22 09:00:00,Hog_lodging_Shanti,145.378,22.8,2.0,7.2,1018.4,3.1,9,7,5,143,24355.1,,Cold
2016-05-22 10:00:00,Hog_lodging_Shanti,152.175,24.4,2.0,5.0,1017.7,5.1,10,7,5,143,24355.1,,Cold
2016-05-22 11:00:00,Hog_lodging_Shanti,153.57,25.6,2.0,4.4,1017.2,5.7,11,7,5,143,24355.1,,Cold
2016-05-22 12:00:00,Hog_lodging_Shanti,159.13,26.7,4.0,2.8,1016.3,6.2,12,7,5,143,24355.1,,Cold
2016-05-22 13:00:00,Hog_lodging_Shanti,157.70600000000005,27.8,4.333333333333333,3.3,1015.5,4.1,13,7,5,143,24355.1,,Cold
2016-05-22 14:00:00,Hog_lodging_Shanti,159.286,28.3,4.666666666666667,2.8,1014.4,7.2,14,7,5,143,24355.1,,Cold
2016-05-22 15:00:00,Hog_lodging_Shanti,155.92600000000004,28.9,5.0,1.1,1013.4,7.2,15,7,5,143,24355.1,,Cold
2016-05-22 16:00:00,Hog_lodging_Shanti,160.086,28.9,5.0,1.1,1012.2,7.2,16,7,5,143,24355.1,,Cold
2016-05-22 17:00:00,Hog_lodging_Shanti,158.83,28.9,5.0,1.1,1011.6,4.6,17,7,5,143,24355.1,,Cold
2016-05-22 18:00:00,Hog_lodging_Shanti,162.651,28.3,6.0,1.7,1010.9,6.2,18,7,5,143,24355.1,,Cold
2016-05-22 19:00:00,Hog_lodging_Shanti,159.543,27.2,5.5,2.2,1010.5,4.6,19,7,5,143,24355.1,,Cold
2016-05-22 20:00:00,Hog_lodging_Shanti,154.513,23.9,5.0,3.9,1010.3,3.6,20,7,5,143,24355.1,,Cold
2016-05-22 21:00:00,Hog_lodging_Shanti,151.17600000000004,23.3,4.5,3.3,1010.1,5.1,21,7,5,143,24355.1,,Cold
2016-05-22 22:00:00,Hog_lodging_Shanti,153.561,22.8,4.0,3.3,1010.2,5.1,22,7,5,143,24355.1,,Cold
2016-05-22 23:00:00,Hog_lodging_Shanti,150.666,22.2,4.0,3.9,1010.0,8.2,23,7,5,143,24355.1,,Cold
2016-05-23 00:00:00,Hog_lodging_Shanti,149.59799999999996,21.7,2.0,4.4,1009.9,6.7,0,1,5,144,24355.1,,Cold
2016-05-23 01:00:00,Hog_lodging_Shanti,146.921,21.1,2.0,5.0,1009.5,5.7,1,1,5,144,24355.1,,Cold
2016-05-23 02:00:00,Hog_lodging_Shanti,147.57399999999996,21.1,2.0,6.1,1009.4,7.7,2,1,5,144,24355.1,,Cold
2016-05-23 03:00:00,Hog_lodging_Shanti,147.09,20.0,4.0,6.1,1009.3,4.6,3,1,5,144,24355.1,,Cold
2016-05-23 04:00:00,Hog_lodging_Shanti,149.184,18.9,4.666666666666667,6.7,1008.5,5.1,4,1,5,144,24355.1,,Cold
2016-05-23 05:00:00,Hog_lodging_Shanti,150.375,20.0,5.333333333333333,7.8,1009.1,6.2,5,1,5,144,24355.1,,Cold
2016-05-23 06:00:00,Hog_lodging_Shanti,151.27700000000004,20.6,6.0,9.4,1008.9,7.2,6,1,5,144,24355.1,,Cold
2016-05-23 07:00:00,Hog_lodging_Shanti,149.954,20.6,6.0,10.6,1009.0,5.1,7,1,5,144,24355.1,,Cold
2016-05-23 08:00:00,Hog_lodging_Shanti,155.047,22.2,6.0,11.7,1008.9,5.7,8,1,5,144,24355.1,,Cold
2016-05-23 09:00:00,Hog_lodging_Shanti,160.06,22.8,6.0,12.2,1008.8,5.7,9,1,5,144,24355.1,,Cold
2016-05-23 10:00:00,Hog_lodging_Shanti,172.94799999999995,22.8,6.0,13.3,1008.3,7.7,10,1,5,144,24355.1,,Cold
2016-05-23 11:00:00,Hog_lodging_Shanti,177.44099999999997,23.9,6.0,14.4,1006.8,7.7,11,1,5,144,24355.1,,Cold
2016-05-23 12:00:00,Hog_lodging_Shanti,181.024,25.6,6.0,14.4,1006.4,8.8,12,1,5,144,24355.1,,Cold
2016-05-23 13:00:00,Hog_lodging_Shanti,177.14700000000005,28.3,6.333333333333333,14.4,1006.9,8.8,13,1,5,144,24355.1,,Cold
2016-05-23 14:00:00,Hog_lodging_Shanti,181.641,27.2,6.666666666666667,15.0,1006.8,7.7,14,1,5,144,24355.1,,Cold
2016-05-23 15:00:00,Hog_lodging_Shanti,177.97099999999998,26.1,7.0,15.0,1006.6,8.8,15,1,5,144,24355.1,,Cold
2016-05-23 16:00:00,Hog_lodging_Shanti,175.01,25.0,7.0,15.0,1007.7,6.7,16,1,5,144,24355.1,,Cold
2016-05-23 17:00:00,Hog_lodging_Shanti,171.372,23.9,7.0,15.6,1007.3,7.7,17,1,5,144,24355.1,,Cold
2016-05-23 18:00:00,Hog_lodging_Shanti,176.30599999999995,23.9,8.0,15.6,1006.5,5.7,18,1,5,144,24355.1,,Cold
2016-05-23 19:00:00,Hog_lodging_Shanti,170.328,23.3,7.333333333333333,14.4,1006.7,6.7,19,1,5,144,24355.1,,Cold
2016-05-23 20:00:00,Hog_lodging_Shanti,164.576,21.1,6.666666666666667,16.1,1007.1,2.6,20,1,5,144,24355.1,,Cold
2016-05-23 21:00:00,Hog_lodging_Shanti,167.509,19.4,6.0,15.0,1008.7,2.6,21,1,5,144,24355.1,,Cold
2016-05-23 22:00:00,Hog_lodging_Shanti,163.254,18.9,6.0,15.0,1009.4,3.1,22,1,5,144,24355.1,,Cold
2016-05-23 23:00:00,Hog_lodging_Shanti,159.711,18.9,6.0,15.6,1009.4,4.1,23,1,5,144,24355.1,,Cold
2016-05-24 00:00:00,Hog_lodging_Shanti,157.925,18.9,4.0,15.6,1008.7,4.1,0,2,5,145,24355.1,,Cold
2016-05-24 01:00:00,Hog_lodging_Shanti,157.806,19.4,4.0,16.1,1008.5,2.6,1,2,5,145,24355.1,,Cold
2016-05-24 02:00:00,Hog_lodging_Shanti,157.137,20.0,4.0,15.6,1008.6,3.1,2,2,5,145,24355.1,,Cold
2016-05-24 03:00:00,Hog_lodging_Shanti,155.798,20.0,4.0,15.0,1008.4,3.6,3,2,5,145,24355.1,,Cold
2016-05-24 04:00:00,Hog_lodging_Shanti,158.91899999999995,19.4,4.0,15.0,1008.6,3.6,4,2,5,145,24355.1,,Cold
2016-05-24 05:00:00,Hog_lodging_Shanti,160.52700000000004,19.4,4.0,15.0,1009.4,2.6,5,2,5,145,24355.1,,Cold
2016-05-24 06:00:00,Hog_lodging_Shanti,159.477,18.9,4.0,15.0,1009.9,3.1,6,2,5,145,24355.1,,Cold
2016-05-24 07:00:00,Hog_lodging_Shanti,160.567,20.0,4.0,15.6,1010.0,3.6,7,2,5,145,24355.1,,Cold
2016-05-24 08:00:00,Hog_lodging_Shanti,162.94,21.7,4.0,16.1,1010.6,4.6,8,2,5,145,24355.1,,Cold
2016-05-24 09:00:00,Hog_lodging_Shanti,199.469,23.3,4.0,16.7,1010.6,4.1,9,2,5,145,24355.1,,Cold
2016-05-24 10:00:00,Hog_lodging_Shanti,223.265,25.0,4.0,15.6,1011.0,4.1,10,2,5,145,24355.1,,Cold
2016-05-24 11:00:00,Hog_lodging_Shanti,221.111,24.4,4.0,16.7,1011.5,3.6,11,2,5,145,24355.1,,Cold
2016-05-24 12:00:00,Hog_lodging_Shanti,211.094,26.7,4.0,15.0,1011.7,0.0,12,2,5,145,24355.1,,Cold
2016-05-24 13:00:00,Hog_lodging_Shanti,177.025,27.8,4.0,12.8,1011.5,2.6,13,2,5,145,24355.1,,Cold
2016-05-24 14:00:00,Hog_lodging_Shanti,181.857,28.9,4.0,12.8,1011.2,2.6,14,2,5,145,24355.1,,Cold
2016-05-24 15:00:00,Hog_lodging_Shanti,179.205,28.3,4.0,11.1,1011.3,4.1,15,2,5,145,24355.1,,Cold
2016-05-24 16:00:00,Hog_lodging_Shanti,175.207,28.9,4.0,8.9,1011.4,1.5,16,2,5,145,24355.1,,Cold
2016-05-24 17:00:00,Hog_lodging_Shanti,171.644,30.0,5.0,10.0,1011.1,2.1,17,2,5,145,24355.1,,Cold
2016-05-24 18:00:00,Hog_lodging_Shanti,175.485,27.2,6.0,9.4,1011.2,2.6,18,2,5,145,24355.1,,Cold
2016-05-24 19:00:00,Hog_lodging_Shanti,171.88,26.7,5.0,9.4,1011.1,3.6,19,2,5,145,24355.1,,Cold
2016-05-24 20:00:00,Hog_lodging_Shanti,163.981,26.1,4.0,8.9,1011.5,4.1,20,2,5,145,24355.1,,Cold
2016-05-24 21:00:00,Hog_lodging_Shanti,158.511,25.0,2.0,10.6,1012.0,3.6,21,2,5,145,24355.1,,Cold
2016-05-24 22:00:00,Hog_lodging_Shanti,158.722,23.3,2.0,12.2,1012.2,3.1,22,2,5,145,24355.1,,Cold
2016-05-24 23:00:00,Hog_lodging_Shanti,160.357,21.7,2.0,13.9,1012.2,2.1,23,2,5,145,24355.1,,Cold
2016-05-25 00:00:00,Hog_lodging_Shanti,154.13299999999995,21.1,4.0,14.4,1012.3,4.1,0,3,5,146,24355.1,,Cold
2016-05-25 01:00:00,Hog_lodging_Shanti,154.393,20.0,2.0,14.4,1012.8,3.1,1,3,5,146,24355.1,,Cold
2016-05-25 02:00:00,Hog_lodging_Shanti,153.384,20.0,4.0,13.9,1012.7,3.1,2,3,5,146,24355.1,,Cold
2016-05-25 03:00:00,Hog_lodging_Shanti,152.565,19.4,4.0,13.3,1012.1,2.6,3,3,5,146,24355.1,,Cold
2016-05-25 04:00:00,Hog_lodging_Shanti,154.556,19.4,5.333333333333333,13.9,1010.9,4.1,4,3,5,146,24355.1,,Cold
2016-05-25 05:00:00,Hog_lodging_Shanti,157.72799999999995,20.0,6.666666666666666,13.9,1011.2,5.7,5,3,5,146,24355.1,,Cold
2016-05-25 06:00:00,Hog_lodging_Shanti,155.768,20.0,8.0,13.9,1011.7,4.6,6,3,5,146,24355.1,,Cold
2016-05-25 07:00:00,Hog_lodging_Shanti,158.792,21.1,8.0,14.4,1011.8,6.7,7,3,5,146,24355.1,,Cold
2016-05-25 08:00:00,Hog_lodging_Shanti,166.296,21.7,8.0,15.0,1011.7,4.6,8,3,5,146,24355.1,,Cold
2016-05-25 09:00:00,Hog_lodging_Shanti,194.231,19.4,8.0,17.2,1012.2,3.6,9,3,5,146,24355.1,,Cold
2016-05-25 10:00:00,Hog_lodging_Shanti,255.172,20.6,8.0,17.8,1012.1,4.6,10,3,5,146,24355.1,,Cold
2016-05-25 11:00:00,Hog_lodging_Shanti,276.29900000000004,20.0,8.0,16.7,1011.1,5.7,11,3,5,146,24355.1,,Cold
2016-05-25 12:00:00,Hog_lodging_Shanti,263.017,21.7,8.0,17.8,1010.1,4.6,12,3,5,146,24355.1,,Cold
2016-05-25 13:00:00,Hog_lodging_Shanti,251.894,22.2,7.0,18.9,1010.1,3.6,13,3,5,146,24355.1,,Cold
2016-05-25 14:00:00,Hog_lodging_Shanti,262.233,23.3,6.0,18.3,1009.7,5.1,14,3,5,146,24355.1,,Cold
2016-05-25 15:00:00,Hog_lodging_Shanti,265.048,22.2,5.0,17.2,1009.2,5.7,15,3,5,146,24355.1,,Cold
2016-05-25 16:00:00,Hog_lodging_Shanti,257.737,22.8,5.0,17.2,1008.7,3.1,16,3,5,146,24355.1,,Cold
2016-05-25 17:00:00,Hog_lodging_Shanti,251.977,23.3,5.0,17.2,1008.3,2.1,17,3,5,146,24355.1,,Cold
2016-05-25 18:00:00,Hog_lodging_Shanti,252.74,23.9,2.0,17.2,1008.4,2.1,18,3,5,146,24355.1,,Cold
2016-05-25 19:00:00,Hog_lodging_Shanti,248.054,23.3,2.0,16.7,1008.8,2.6,19,3,5,146,24355.1,,Cold
2016-05-25 20:00:00,Hog_lodging_Shanti,248.437,22.2,2.0,16.7,1008.7,4.6,20,3,5,146,24355.1,,Cold
2016-05-25 21:00:00,Hog_lodging_Shanti,240.942,21.1,2.0,16.7,1009.3,4.6,21,3,5,146,24355.1,,Cold
2016-05-25 22:00:00,Hog_lodging_Shanti,240.362,20.0,2.0,16.7,1009.7,3.1,22,3,5,146,24355.1,,Cold
2016-05-25 23:00:00,Hog_lodging_Shanti,236.767,19.4,2.0,16.7,1009.6,4.6,23,3,5,146,24355.1,,Cold
2016-05-26 00:00:00,Hog_lodging_Shanti,230.058,19.4,4.0,16.7,1008.5,3.1,0,4,5,147,24355.1,,Cold
2016-05-26 01:00:00,Hog_lodging_Shanti,220.802,18.9,4.666666666666667,16.7,1008.5,3.1,1,4,5,147,24355.1,,Cold
2016-05-26 02:00:00,Hog_lodging_Shanti,216.024,19.4,5.333333333333333,17.2,1008.3,9.8,2,4,5,147,24355.1,,Cold
2016-05-26 03:00:00,Hog_lodging_Shanti,245.252,16.7,6.0,13.3,1008.2,7.7,3,4,5,147,24355.1,,Cold
2016-05-26 04:00:00,Hog_lodging_Shanti,238.022,19.4,6.0,11.1,1006.3,3.1,4,4,5,147,24355.1,,Cold
2016-05-26 05:00:00,Hog_lodging_Shanti,237.033,16.7,6.0,13.3,1007.9,2.6,5,4,5,147,24355.1,,Cold
2016-05-26 06:00:00,Hog_lodging_Shanti,236.164,16.1,8.0,13.9,1008.3,2.6,6,4,5,147,24355.1,,Cold
2016-05-26 07:00:00,Hog_lodging_Shanti,240.153,17.2,6.0,13.9,1009.3,4.1,7,4,5,147,24355.1,,Cold
2016-05-26 08:00:00,Hog_lodging_Shanti,241.712,18.3,4.0,13.9,1009.1,3.6,8,4,5,147,24355.1,,Cold
2016-05-26 09:00:00,Hog_lodging_Shanti,249.694,20.6,2.0,13.9,1009.0,5.1,9,4,5,147,24355.1,,Cold
2016-05-26 10:00:00,Hog_lodging_Shanti,249.142,22.2,0.0,13.9,1008.9,5.7,10,4,5,147,24355.1,,Cold
2016-05-26 11:00:00,Hog_lodging_Shanti,258.37,24.4,0.0,13.3,1008.7,4.1,11,4,5,147,24355.1,,Cold
2016-05-26 12:00:00,Hog_lodging_Shanti,259.81,25.6,0.0,11.7,1008.8,5.1,12,4,5,147,24355.1,,Cold
2016-05-26 13:00:00,Hog_lodging_Shanti,260.735,26.1,2.0,11.7,1009.3,6.7,13,4,5,147,24355.1,,Cold
2016-05-26 14:00:00,Hog_lodging_Shanti,256.714,26.7,4.0,10.0,1009.1,4.6,14,4,5,147,24355.1,,Cold
2016-05-26 15:00:00,Hog_lodging_Shanti,257.76,26.7,4.0,10.0,1008.9,6.7,15,4,5,147,24355.1,,Cold
2016-05-26 16:00:00,Hog_lodging_Shanti,256.325,26.7,2.0,10.0,1007.6,4.6,16,4,5,147,24355.1,,Cold
2016-05-26 17:00:00,Hog_lodging_Shanti,257.317,26.1,5.0,10.0,1008.0,3.6,17,4,5,147,24355.1,,Cold
2016-05-26 18:00:00,Hog_lodging_Shanti,252.396,26.1,8.0,9.4,1009.5,3.1,18,4,5,147,24355.1,,Cold
2016-05-26 19:00:00,Hog_lodging_Shanti,251.952,25.6,8.0,9.4,1009.9,1.5,19,4,5,147,24355.1,,Cold
2016-05-26 20:00:00,Hog_lodging_Shanti,245.93400000000003,25.0,8.0,10.0,1009.7,2.1,20,4,5,147,24355.1,,Cold
2016-05-26 21:00:00,Hog_lodging_Shanti,240.019,24.4,8.0,10.6,1009.2,2.1,21,4,5,147,24355.1,,Cold
2016-05-26 22:00:00,Hog_lodging_Shanti,238.419,22.2,8.0,11.1,1008.9,1.5,22,4,5,147,24355.1,,Cold
2016-05-26 23:00:00,Hog_lodging_Shanti,237.77,22.2,8.0,11.7,1009.7,2.6,23,4,5,147,24355.1,,Cold
2016-05-27 00:00:00,Hog_lodging_Shanti,229.911,20.6,8.0,12.2,1009.9,1.5,0,5,5,148,24355.1,,Cold
2016-05-27 01:00:00,Hog_lodging_Shanti,231.377,21.1,7.666666666666667,11.7,1010.3,3.1,1,5,5,148,24355.1,,Cold
2016-05-27 02:00:00,Hog_lodging_Shanti,230.72,20.6,7.333333333333333,12.8,1009.5,2.1,2,5,5,148,24355.1,,Cold
2016-05-27 03:00:00,Hog_lodging_Shanti,233.269,20.6,7.0,13.3,1008.9,3.6,3,5,5,148,24355.1,,Cold
2016-05-27 04:00:00,Hog_lodging_Shanti,235.636,20.0,7.0,12.8,1008.8,4.1,4,5,5,148,24355.1,,Cold
2016-05-27 05:00:00,Hog_lodging_Shanti,237.78,19.4,7.0,13.3,1008.2,3.6,5,5,5,148,24355.1,,Cold
2016-05-27 06:00:00,Hog_lodging_Shanti,244.819,19.4,6.0,13.3,1008.2,3.6,6,5,5,148,24355.1,,Cold
2016-05-27 07:00:00,Hog_lodging_Shanti,268.867,18.9,6.333333333333333,14.4,1008.8,3.6,7,5,5,148,24355.1,,Cold
2016-05-27 08:00:00,Hog_lodging_Shanti,250.586,19.4,6.666666666666667,14.4,1008.7,8.2,8,5,5,148,24355.1,,Cold
2016-05-27 09:00:00,Hog_lodging_Shanti,239.607,18.9,7.0,14.4,1009.7,6.2,9,5,5,148,24355.1,,Cold
2016-05-27 10:00:00,Hog_lodging_Shanti,239.707,17.8,7.0,15.6,1010.0,5.1,10,5,5,148,24355.1,,Cold
2016-05-27 11:00:00,Hog_lodging_Shanti,232.654,17.8,7.0,15.6,1009.4,1.5,11,5,5,148,24355.1,,Cold
2016-05-27 12:00:00,Hog_lodging_Shanti,173.325,17.8,8.0,15.6,1008.8,0.0,12,5,5,148,24355.1,,Cold
2016-05-27 13:00:00,Hog_lodging_Shanti,166.28599999999997,17.8,7.666666666666667,15.6,1008.7,2.1,13,5,5,148,24355.1,,Cold
2016-05-27 14:00:00,Hog_lodging_Shanti,170.622,17.8,7.333333333333333,15.6,1008.5,3.6,14,5,5,148,24355.1,,Cold
2016-05-27 15:00:00,Hog_lodging_Shanti,163.286,18.3,7.0,16.1,1007.6,3.6,15,5,5,148,24355.1,,Cold
2016-05-27 16:00:00,Hog_lodging_Shanti,165.248,18.3,7.0,16.1,1007.9,3.1,16,5,5,148,24355.1,,Cold
2016-05-27 17:00:00,Hog_lodging_Shanti,162.642,18.9,7.0,16.7,1007.5,2.1,17,5,5,148,24355.1,,Cold
2016-05-27 18:00:00,Hog_lodging_Shanti,158.329,18.9,6.0,16.1,1006.9,3.1,18,5,5,148,24355.1,,Cold
2016-05-27 19:00:00,Hog_lodging_Shanti,159.459,18.3,4.0,15.6,1006.8,3.1,19,5,5,148,24355.1,,Cold
2016-05-27 20:00:00,Hog_lodging_Shanti,157.952,17.8,4.8,15.6,1006.9,2.6,20,5,5,148,24355.1,,Cold
2016-05-27 21:00:00,Hog_lodging_Shanti,157.704,17.8,5.6,15.6,1007.1,2.1,21,5,5,148,24355.1,,Cold
2016-05-27 22:00:00,Hog_lodging_Shanti,160.99200000000005,17.8,6.4,15.6,1007.3,1.5,22,5,5,148,24355.1,,Cold
2016-05-27 23:00:00,Hog_lodging_Shanti,157.81799999999996,17.8,6.4,15.6,1007.45,2.1,23,5,5,148,24355.1,,Cold
2016-05-28 00:00:00,Hog_lodging_Shanti,156.174,17.2,8.0,15.6,1007.6,3.1,0,6,5,149,24355.1,,Cold
2016-05-28 01:00:00,Hog_lodging_Shanti,156.86700000000005,17.2,8.0,15.0,1007.2,1.5,1,6,5,149,24355.1,,Cold
2016-05-28 02:00:00,Hog_lodging_Shanti,157.289,16.7,8.0,15.0,1007.1,1.5,2,6,5,149,24355.1,,Cold
2016-05-28 03:00:00,Hog_lodging_Shanti,156.09,16.7,8.0,15.6,1007.2,2.1,3,6,5,149,24355.1,,Cold
2016-05-28 04:00:00,Hog_lodging_Shanti,159.87,16.7,8.0,15.0,1007.3,2.1,4,6,5,149,24355.1,,Cold
2016-05-28 05:00:00,Hog_lodging_Shanti,158.917,16.7,8.0,15.0,1007.4,2.1,5,6,5,149,24355.1,,Cold
2016-05-28 06:00:00,Hog_lodging_Shanti,157.796,16.7,8.0,15.0,1007.3,3.6,6,6,5,149,24355.1,,Cold
2016-05-28 07:00:00,Hog_lodging_Shanti,155.878,16.7,8.0,14.4,1006.8,4.6,7,6,5,149,24355.1,,Cold
2016-05-28 08:00:00,Hog_lodging_Shanti,154.377,16.7,8.0,14.4,1007.8,2.6,8,6,5,149,24355.1,,Cold
2016-05-28 09:00:00,Hog_lodging_Shanti,154.069,17.2,8.0,14.4,1007.7,2.6,9,6,5,149,24355.1,,Cold
2016-05-28 10:00:00,Hog_lodging_Shanti,156.02,18.9,8.0,15.0,1007.6,1.5,10,6,5,149,24355.1,,Cold
2016-05-28 11:00:00,Hog_lodging_Shanti,155.57,18.9,8.0,15.0,1007.9,1.5,11,6,5,149,24355.1,,Cold
2016-05-28 12:00:00,Hog_lodging_Shanti,153.531,19.4,8.0,15.6,1007.8,2.6,12,6,5,149,24355.1,,Cold
2016-05-28 13:00:00,Hog_lodging_Shanti,154.928,19.4,8.0,15.6,1007.7,4.1,13,6,5,149,24355.1,,Cold
2016-05-28 14:00:00,Hog_lodging_Shanti,154.955,18.9,8.0,15.0,1007.1,4.1,14,6,5,149,24355.1,,Cold
2016-05-28 15:00:00,Hog_lodging_Shanti,155.109,17.8,8.0,16.1,1007.9,3.6,15,6,5,149,24355.1,,Cold
2016-05-28 16:00:00,Hog_lodging_Shanti,156.753,18.3,8.0,15.6,1007.7,3.1,16,6,5,149,24355.1,,Cold
2016-05-28 17:00:00,Hog_lodging_Shanti,155.602,18.9,8.0,15.0,1007.9,2.1,17,6,5,149,24355.1,,Cold
2016-05-28 18:00:00,Hog_lodging_Shanti,155.562,18.3,8.0,15.6,1007.8,1.5,18,6,5,149,24355.1,,Cold
2016-05-28 19:00:00,Hog_lodging_Shanti,156.86,17.8,8.0,15.0,1008.7,2.1,19,6,5,149,24355.1,,Cold
2016-05-28 20:00:00,Hog_lodging_Shanti,153.987,17.8,8.0,15.6,1008.8,1.5,20,6,5,149,24355.1,,Cold
2016-05-28 21:00:00,Hog_lodging_Shanti,155.39700000000005,17.8,8.0,15.6,1009.0,1.5,21,6,5,149,24355.1,,Cold
2016-05-28 22:00:00,Hog_lodging_Shanti,158.156,17.8,8.0,15.6,1009.2,2.1,22,6,5,149,24355.1,,Cold
2016-05-28 23:00:00,Hog_lodging_Shanti,157.838,17.2,8.0,15.6,1009.7,1.5,23,6,5,149,24355.1,,Cold
2016-05-29 00:00:00,Hog_lodging_Shanti,154.957,17.2,8.0,15.6,1010.0,2.1,0,7,5,150,24355.1,,Cold
2016-05-29 01:00:00,Hog_lodging_Shanti,154.765,17.2,8.0,15.6,1010.3,2.1,1,7,5,150,24355.1,,Cold
2016-05-29 02:00:00,Hog_lodging_Shanti,152.924,16.7,8.0,15.6,1010.1,2.1,2,7,5,150,24355.1,,Cold
2016-05-29 03:00:00,Hog_lodging_Shanti,155.061,16.7,8.0,15.0,1010.2,2.1,3,7,5,150,24355.1,,Cold
2016-05-29 04:00:00,Hog_lodging_Shanti,157.17700000000005,16.7,8.0,15.0,1010.7,2.6,4,7,5,150,24355.1,,Cold
2016-05-29 05:00:00,Hog_lodging_Shanti,160.60399999999996,16.7,8.0,15.0,1011.1,3.6,5,7,5,150,24355.1,,Cold
2016-05-29 06:00:00,Hog_lodging_Shanti,156.293,17.2,8.0,14.4,1011.6,5.1,6,7,5,150,24355.1,,Cold
2016-05-29 07:00:00,Hog_lodging_Shanti,155.26,17.8,7.666666666666667,14.4,1012.2,5.1,7,7,5,150,24355.1,,Cold
2016-05-29 08:00:00,Hog_lodging_Shanti,152.499,18.3,7.333333333333333,14.4,1012.9,6.2,8,7,5,150,24355.1,,Cold
2016-05-29 09:00:00,Hog_lodging_Shanti,153.203,20.0,7.0,14.4,1013.3,4.6,9,7,5,150,24355.1,,Cold
2016-05-29 10:00:00,Hog_lodging_Shanti,155.704,21.7,7.0,15.0,1013.7,5.7,10,7,5,150,24355.1,,Cold
2016-05-29 11:00:00,Hog_lodging_Shanti,155.06799999999996,22.8,7.0,13.9,1014.0,5.1,11,7,5,150,24355.1,,Cold
2016-05-29 12:00:00,Hog_lodging_Shanti,153.889,23.9,6.0,13.9,1014.2,6.2,12,7,5,150,24355.1,,Cold
2016-05-29 13:00:00,Hog_lodging_Shanti,152.98,23.9,5.333333333333333,13.3,1014.3,6.2,13,7,5,150,24355.1,,Cold
2016-05-29 14:00:00,Hog_lodging_Shanti,152.45,24.4,4.666666666666667,13.9,1014.1,6.2,14,7,5,150,24355.1,,Cold
2016-05-29 15:00:00,Hog_lodging_Shanti,153.821,25.6,4.0,13.3,1013.8,6.7,15,7,5,150,24355.1,,Cold
2016-05-29 16:00:00,Hog_lodging_Shanti,157.05100000000004,25.6,4.0,12.2,1013.3,7.2,16,7,5,150,24355.1,,Cold
2016-05-29 17:00:00,Hog_lodging_Shanti,157.625,25.6,4.0,12.8,1013.3,4.6,17,7,5,150,24355.1,,Cold
2016-05-29 18:00:00,Hog_lodging_Shanti,155.91899999999995,25.0,4.0,12.2,1013.0,5.1,18,7,5,150,24355.1,,Cold
2016-05-29 19:00:00,Hog_lodging_Shanti,157.058,22.8,4.0,13.9,1013.4,4.1,19,7,5,150,24355.1,,Cold
2016-05-29 20:00:00,Hog_lodging_Shanti,153.166,21.7,2.0,13.9,1013.6,1.5,20,7,5,150,24355.1,,Cold
2016-05-29 21:00:00,Hog_lodging_Shanti,153.63299999999995,21.1,0.0,13.3,1014.3,2.6,21,7,5,150,24355.1,,Cold
2016-05-29 22:00:00,Hog_lodging_Shanti,158.29399999999995,20.0,0.0,13.9,1014.8,1.5,22,7,5,150,24355.1,,Cold
2016-05-29 23:00:00,Hog_lodging_Shanti,156.524,19.4,0.0,13.9,1015.2,0.0,23,7,5,150,24355.1,,Cold
2016-05-30 00:00:00,Hog_lodging_Shanti,155.101,18.3,0.0,13.9,1015.3,0.0,0,1,5,151,24355.1,,Cold
2016-05-30 01:00:00,Hog_lodging_Shanti,155.38299999999995,17.8,0.0,13.9,1015.2,0.0,1,1,5,151,24355.1,,Cold
2016-05-30 02:00:00,Hog_lodging_Shanti,155.019,17.2,0.0,13.9,1015.4,0.0,2,1,5,151,24355.1,,Cold
2016-05-30 03:00:00,Hog_lodging_Shanti,155.162,16.1,0.0,13.9,1015.3,1.5,3,1,5,151,24355.1,,Cold
2016-05-30 04:00:00,Hog_lodging_Shanti,157.577,16.1,0.0,13.9,1015.5,0.0,4,1,5,151,24355.1,,Cold
2016-05-30 05:00:00,Hog_lodging_Shanti,158.29399999999995,16.1,3.0,13.9,1015.3,0.0,5,1,5,151,24355.1,,Cold
2016-05-30 06:00:00,Hog_lodging_Shanti,155.945,16.7,6.0,14.4,1015.7,0.0,6,1,5,151,24355.1,,Cold
2016-05-30 07:00:00,Hog_lodging_Shanti,153.283,18.3,6.0,14.4,1016.4,2.6,7,1,5,151,24355.1,,Cold
2016-05-30 08:00:00,Hog_lodging_Shanti,153.23,21.1,6.0,14.4,1016.1,2.1,8,1,5,151,24355.1,,Cold
2016-05-30 09:00:00,Hog_lodging_Shanti,153.501,23.3,6.0,13.3,1015.6,2.6,9,1,5,151,24355.1,,Cold
2016-05-30 10:00:00,Hog_lodging_Shanti,157.6,25.0,6.0,12.8,1015.4,2.6,10,1,5,151,24355.1,,Cold
2016-05-30 11:00:00,Hog_lodging_Shanti,160.66,26.1,6.0,10.6,1015.4,4.6,11,1,5,151,24355.1,,Cold
2016-05-30 12:00:00,Hog_lodging_Shanti,163.299,26.1,6.0,10.6,1015.1,3.6,12,1,5,151,24355.1,,Cold
2016-05-30 13:00:00,Hog_lodging_Shanti,162.971,27.2,4.0,9.4,1014.7,2.1,13,1,5,151,24355.1,,Cold
2016-05-30 14:00:00,Hog_lodging_Shanti,163.61700000000005,27.8,4.0,10.6,1014.1,3.6,14,1,5,151,24355.1,,Cold
2016-05-30 15:00:00,Hog_lodging_Shanti,163.493,28.3,4.0,10.6,1013.5,4.1,15,1,5,151,24355.1,,Cold
2016-05-30 16:00:00,Hog_lodging_Shanti,168.114,28.3,4.666666666666667,8.9,1012.7,4.6,16,1,5,151,24355.1,,Cold
2016-05-30 17:00:00,Hog_lodging_Shanti,167.042,28.3,5.333333333333333,8.9,1012.1,4.1,17,1,5,151,24355.1,,Cold
2016-05-30 18:00:00,Hog_lodging_Shanti,169.27900000000002,26.7,6.0,10.6,1011.5,2.6,18,1,5,151,24355.1,,Cold
2016-05-30 19:00:00,Hog_lodging_Shanti,169.018,26.7,6.0,10.0,1011.5,5.1,19,1,5,151,24355.1,,Cold
2016-05-30 20:00:00,Hog_lodging_Shanti,165.768,25.0,6.0,11.1,1011.5,5.7,20,1,5,151,24355.1,,Cold
2016-05-30 21:00:00,Hog_lodging_Shanti,163.375,23.9,6.0,11.7,1011.8,5.1,21,1,5,151,24355.1,,Cold
2016-05-30 22:00:00,Hog_lodging_Shanti,159.80200000000005,23.3,6.0,11.1,1011.8,4.6,22,1,5,151,24355.1,,Cold
2016-05-30 23:00:00,Hog_lodging_Shanti,158.29,22.8,6.0,12.8,1011.6,4.6,23,1,5,151,24355.1,,Cold
2016-05-31 00:00:00,Hog_lodging_Shanti,164.50799999999995,21.7,6.0,13.9,1011.4,6.7,0,2,5,152,24355.1,,Cold
2016-05-31 01:00:00,Hog_lodging_Shanti,157.917,20.6,6.333333333333333,13.9,1010.9,8.2,1,2,5,152,24355.1,,Cold
2016-05-31 02:00:00,Hog_lodging_Shanti,156.159,20.0,6.666666666666667,13.9,1010.1,4.6,2,2,5,152,24355.1,,Cold
2016-05-31 03:00:00,Hog_lodging_Shanti,156.387,20.0,7.0,13.3,1010.1,2.6,3,2,5,152,24355.1,,Cold
2016-05-31 04:00:00,Hog_lodging_Shanti,158.49200000000005,19.4,7.0,13.9,1010.8,4.6,4,2,5,152,24355.1,,Cold
2016-05-31 05:00:00,Hog_lodging_Shanti,158.71,18.9,7.0,13.9,1010.8,2.1,5,2,5,152,24355.1,,Cold
2016-05-31 06:00:00,Hog_lodging_Shanti,158.769,18.9,8.0,13.9,1010.9,4.1,6,2,5,152,24355.1,,Cold
2016-05-31 07:00:00,Hog_lodging_Shanti,156.525,18.9,8.0,13.9,1011.2,5.1,7,2,5,152,24355.1,,Cold
2016-05-31 08:00:00,Hog_lodging_Shanti,166.75099999999995,17.8,8.0,16.1,1011.2,4.1,8,2,5,152,24355.1,,Cold
2016-05-31 09:00:00,Hog_lodging_Shanti,212.442,18.3,8.0,16.1,1011.5,5.7,9,2,5,152,24355.1,,Cold
2016-05-31 10:00:00,Hog_lodging_Shanti,241.871,20.0,8.0,16.1,1011.0,3.1,10,2,5,152,24355.1,,Cold
2016-05-31 11:00:00,Hog_lodging_Shanti,234.747,20.6,8.0,16.1,1011.2,4.6,11,2,5,152,24355.1,,Cold
2016-05-31 12:00:00,Hog_lodging_Shanti,250.299,21.1,8.0,15.6,1011.2,4.6,12,2,5,152,24355.1,,Cold
2016-05-31 13:00:00,Hog_lodging_Shanti,248.71400000000003,21.7,7.666666666666667,15.6,1011.0,5.7,13,2,5,152,24355.1,,Cold
2016-05-31 14:00:00,Hog_lodging_Shanti,246.365,21.1,7.333333333333333,16.1,1010.4,4.6,14,2,5,152,24355.1,,Cold
2016-05-31 15:00:00,Hog_lodging_Shanti,244.974,20.6,7.0,15.6,1010.7,2.6,15,2,5,152,24355.1,,Cold
2016-05-31 16:00:00,Hog_lodging_Shanti,242.649,21.7,7.0,15.6,1010.3,3.6,16,2,5,152,24355.1,,Cold
2016-05-31 17:00:00,Hog_lodging_Shanti,238.319,22.2,7.0,13.3,1009.7,4.1,17,2,5,152,24355.1,,Cold
2016-05-31 18:00:00,Hog_lodging_Shanti,239.21,22.2,6.0,13.3,1009.7,2.6,18,2,5,152,24355.1,,Cold
2016-05-31 19:00:00,Hog_lodging_Shanti,237.838,22.2,4.666666666666667,13.9,1010.0,3.1,19,2,5,152,24355.1,,Cold
2016-05-31 20:00:00,Hog_lodging_Shanti,235.238,21.1,3.3333333333333335,14.4,1010.1,3.1,20,2,5,152,24355.1,,Cold
2016-05-31 21:00:00,Hog_lodging_Shanti,229.665,20.0,2.0,15.0,1010.8,4.1,21,2,5,152,24355.1,,Cold
2016-05-31 22:00:00,Hog_lodging_Shanti,229.611,19.4,2.0,15.0,1010.8,3.6,22,2,5,152,24355.1,,Cold
2016-05-31 23:00:00,Hog_lodging_Shanti,222.384,18.3,2.0,14.4,1010.4,2.6,23,2,5,152,24355.1,,Cold
2016-06-01 00:00:00,Hog_lodging_Shanti,221.276,17.8,2.0,13.9,1010.2,3.1,0,3,6,153,24355.1,,Cold
2016-06-01 01:00:00,Hog_lodging_Shanti,223.80900000000003,17.8,2.0,12.8,1009.4,2.6,1,3,6,153,24355.1,,Cold
2016-06-01 02:00:00,Hog_lodging_Shanti,221.667,17.8,0.0,10.6,1009.7,4.6,2,3,6,153,24355.1,,Cold
2016-06-01 03:00:00,Hog_lodging_Shanti,222.269,16.7,0.0,9.4,1009.9,4.1,3,3,6,153,24355.1,,Cold
2016-06-01 04:00:00,Hog_lodging_Shanti,222.66,15.6,2.0,8.3,1010.0,2.6,4,3,6,153,24355.1,,Cold
2016-06-01 05:00:00,Hog_lodging_Shanti,223.609,15.0,2.0,8.9,1010.6,3.6,5,3,6,153,24355.1,,Cold
2016-06-01 06:00:00,Hog_lodging_Shanti,224.008,15.6,2.0,8.3,1010.7,5.7,6,3,6,153,24355.1,,Cold
2016-06-01 07:00:00,Hog_lodging_Shanti,235.348,15.6,4.0,8.3,1011.0,5.7,7,3,6,153,24355.1,,Cold
2016-06-01 08:00:00,Hog_lodging_Shanti,218.724,16.1,4.8,8.3,1011.2,5.1,8,3,6,153,24355.1,,Cold
2016-06-01 09:00:00,Hog_lodging_Shanti,178.424,16.1,5.6,8.3,1011.7,4.6,9,3,6,153,24355.1,,Cold
2016-06-01 10:00:00,Hog_lodging_Shanti,177.75799999999995,16.7,6.4,7.8,1011.8,6.7,10,3,6,153,24355.1,,Cold
2016-06-01 11:00:00,Hog_lodging_Shanti,223.278,17.2,6.4,8.3,1012.1,7.7,11,3,6,153,24355.1,,Cold
2016-06-01 12:00:00,Hog_lodging_Shanti,236.426,16.7,8.0,7.8,1012.4,8.2,12,3,6,153,24355.1,,Cold
2016-06-01 13:00:00,Hog_lodging_Shanti,232.794,17.8,8.0,7.2,1012.3,8.2,13,3,6,153,24355.1,,Cold
2016-06-01 14:00:00,Hog_lodging_Shanti,236.185,18.9,8.0,7.8,1012.1,8.8,14,3,6,153,24355.1,,Cold
2016-06-01 15:00:00,Hog_lodging_Shanti,234.264,18.3,8.0,7.2,1012.3,7.2,15,3,6,153,24355.1,,Cold
2016-06-01 16:00:00,Hog_lodging_Shanti,234.477,18.3,8.0,7.8,1012.5,6.7,16,3,6,153,24355.1,,Cold
2016-06-01 17:00:00,Hog_lodging_Shanti,233.11900000000003,18.3,8.0,7.8,1012.4,6.7,17,3,6,153,24355.1,,Cold
2016-06-01 18:00:00,Hog_lodging_Shanti,236.412,18.3,8.0,7.8,1012.7,5.7,18,3,6,153,24355.1,,Cold
2016-06-01 19:00:00,Hog_lodging_Shanti,233.26,17.2,6.0,8.3,1013.2,6.7,19,3,6,153,24355.1,,Cold
2016-06-01 20:00:00,Hog_lodging_Shanti,227.54,16.7,4.0,7.8,1013.5,5.7,20,3,6,153,24355.1,,Cold
2016-06-01 21:00:00,Hog_lodging_Shanti,225.932,16.1,4.5,7.8,1014.0,3.1,21,3,6,153,24355.1,,Cold
2016-06-01 22:00:00,Hog_lodging_Shanti,225.402,16.7,5.0,8.3,1014.4,3.1,22,3,6,153,24355.1,,Cold
2016-06-01 23:00:00,Hog_lodging_Shanti,227.107,16.1,5.5,8.3,1014.8,3.1,23,3,6,153,24355.1,,Cold
2016-06-02 00:00:00,Hog_lodging_Shanti,228.071,16.1,6.0,8.3,1015.2,3.1,0,4,6,154,24355.1,,Cold
2016-06-02 01:00:00,Hog_lodging_Shanti,226.476,15.6,6.0,8.3,1015.0,4.1,1,4,6,154,24355.1,,Cold
2016-06-02 02:00:00,Hog_lodging_Shanti,219.971,15.6,6.0,8.3,1015.3,3.6,2,4,6,154,24355.1,,Cold
2016-06-02 03:00:00,Hog_lodging_Shanti,219.606,14.4,6.0,8.3,1015.4,4.1,3,4,6,154,24355.1,,Cold
2016-06-02 04:00:00,Hog_lodging_Shanti,221.57,13.9,6.0,8.3,1015.7,5.1,4,4,6,154,24355.1,,Cold
2016-06-02 05:00:00,Hog_lodging_Shanti,225.092,13.9,6.0,8.9,1016.2,4.1,5,4,6,154,24355.1,,Cold
2016-06-02 06:00:00,Hog_lodging_Shanti,223.826,13.9,6.0,8.9,1016.6,4.6,6,4,6,154,24355.1,,Cold
2016-06-02 07:00:00,Hog_lodging_Shanti,232.076,15.6,4.0,9.4,1017.2,5.7,7,4,6,154,24355.1,,Cold
2016-06-02 08:00:00,Hog_lodging_Shanti,207.929,15.0,4.0,8.3,1017.5,6.7,8,4,6,154,24355.1,,Cold
2016-06-02 09:00:00,Hog_lodging_Shanti,172.36,16.1,4.0,7.8,1017.6,4.6,9,4,6,154,24355.1,,Cold
2016-06-02 10:00:00,Hog_lodging_Shanti,218.799,16.7,4.0,7.8,1017.9,4.6,10,4,6,154,24355.1,,Cold
2016-06-02 11:00:00,Hog_lodging_Shanti,224.746,18.9,4.0,8.3,1017.9,5.1,11,4,6,154,24355.1,,Cold
2016-06-02 12:00:00,Hog_lodging_Shanti,234.353,19.4,6.0,8.3,1017.7,2.6,12,4,6,154,24355.1,,Cold
2016-06-02 13:00:00,Hog_lodging_Shanti,235.302,20.6,5.0,8.3,1017.3,2.6,13,4,6,154,24355.1,,Cold
2016-06-02 14:00:00,Hog_lodging_Shanti,242.687,21.7,4.0,8.3,1016.9,1.5,14,4,6,154,24355.1,,Cold
2016-06-02 15:00:00,Hog_lodging_Shanti,236.69,22.2,2.0,7.8,1016.5,3.6,15,4,6,154,24355.1,,Cold
2016-06-02 16:00:00,Hog_lodging_Shanti,236.83900000000003,22.8,0.0,8.3,1016.2,1.5,16,4,6,154,24355.1,,Cold
2016-06-02 17:00:00,Hog_lodging_Shanti,232.311,22.2,0.0,8.3,1015.9,0.0,17,4,6,154,24355.1,,Cold
2016-06-02 18:00:00,Hog_lodging_Shanti,237.515,22.8,0.0,7.2,1015.7,1.5,18,4,6,154,24355.1,,Cold
2016-06-02 19:00:00,Hog_lodging_Shanti,232.905,22.2,0.0,8.3,1015.8,2.6,19,4,6,154,24355.1,,Cold
2016-06-02 20:00:00,Hog_lodging_Shanti,229.999,20.6,2.0,8.3,1016.0,1.5,20,4,6,154,24355.1,,Cold
2016-06-02 21:00:00,Hog_lodging_Shanti,228.512,20.6,2.0,8.3,1016.3,2.6,21,4,6,154,24355.1,,Cold
2016-06-02 22:00:00,Hog_lodging_Shanti,227.561,18.9,2.0,9.4,1016.1,3.1,22,4,6,154,24355.1,,Cold
2016-06-02 23:00:00,Hog_lodging_Shanti,225.322,17.2,0.0,8.9,1015.7,2.6,23,4,6,154,24355.1,,Cold
2016-06-03 00:00:00,Hog_lodging_Shanti,223.427,16.7,2.0,10.0,1015.9,3.1,0,5,6,155,24355.1,,Cold
2016-06-03 01:00:00,Hog_lodging_Shanti,221.849,16.7,2.6666666666666665,10.0,1015.5,3.6,1,5,6,155,24355.1,,Cold
2016-06-03 02:00:00,Hog_lodging_Shanti,221.056,17.2,3.333333333333333,10.0,1014.9,3.6,2,5,6,155,24355.1,,Cold
2016-06-03 03:00:00,Hog_lodging_Shanti,222.238,16.7,4.0,10.6,1014.2,4.6,3,5,6,155,24355.1,,Cold
2016-06-03 04:00:00,Hog_lodging_Shanti,223.926,16.1,4.666666666666667,10.6,1014.1,4.6,4,5,6,155,24355.1,,Cold
2016-06-03 05:00:00,Hog_lodging_Shanti,227.082,16.1,5.333333333333333,10.6,1014.0,5.7,5,5,6,155,24355.1,,Cold
2016-06-03 06:00:00,Hog_lodging_Shanti,226.176,16.7,6.0,10.6,1013.6,5.1,6,5,6,155,24355.1,,Cold
2016-06-03 07:00:00,Hog_lodging_Shanti,231.625,17.8,6.333333333333333,11.1,1013.2,7.2,7,5,6,155,24355.1,,Cold
2016-06-03 08:00:00,Hog_lodging_Shanti,217.583,20.0,6.666666666666667,11.7,1013.8,3.6,8,5,6,155,24355.1,,Cold
2016-06-03 09:00:00,Hog_lodging_Shanti,213.886,19.4,7.0,12.2,1013.5,3.6,9,5,6,155,24355.1,,Cold
2016-06-03 10:00:00,Hog_lodging_Shanti,234.291,20.0,7.0,13.3,1013.6,0.0,10,5,6,155,24355.1,,Cold
2016-06-03 11:00:00,Hog_lodging_Shanti,243.413,19.4,7.0,15.0,1014.0,2.1,11,5,6,155,24355.1,,Cold
2016-06-03 12:00:00,Hog_lodging_Shanti,204.594,19.4,8.0,15.6,1013.5,3.6,12,5,6,155,24355.1,,Cold
2016-06-03 13:00:00,Hog_lodging_Shanti,169.90200000000004,18.9,7.666666666666667,16.7,1014.0,2.6,13,5,6,155,24355.1,,Cold
2016-06-03 14:00:00,Hog_lodging_Shanti,171.805,18.9,7.333333333333333,15.6,1012.2,3.1,14,5,6,155,24355.1,,Cold
2016-06-03 15:00:00,Hog_lodging_Shanti,170.03099999999995,18.9,7.0,16.1,1013.6,2.1,15,5,6,155,24355.1,,Cold
2016-06-03 16:00:00,Hog_lodging_Shanti,169.68900000000005,19.4,7.0,15.0,1012.8,6.2,16,5,6,155,24355.1,,Cold
2016-06-03 17:00:00,Hog_lodging_Shanti,165.157,18.9,7.0,15.0,1012.2,3.1,17,5,6,155,24355.1,,Cold
2016-06-03 18:00:00,Hog_lodging_Shanti,165.032,18.9,6.0,14.4,1011.4,3.1,18,5,6,155,24355.1,,Cold
2016-06-03 19:00:00,Hog_lodging_Shanti,162.312,20.0,6.333333333333333,14.4,1011.3,2.1,19,5,6,155,24355.1,,Cold
2016-06-03 20:00:00,Hog_lodging_Shanti,163.116,19.4,6.666666666666667,13.9,1010.9,3.1,20,5,6,155,24355.1,,Cold
2016-06-03 21:00:00,Hog_lodging_Shanti,163.457,18.9,7.0,14.4,1010.7,4.6,21,5,6,155,24355.1,,Cold
2016-06-03 22:00:00,Hog_lodging_Shanti,166.487,18.3,7.0,15.0,1010.1,3.1,22,5,6,155,24355.1,,Cold
2016-06-03 23:00:00,Hog_lodging_Shanti,164.21599999999995,17.8,7.0,15.0,1010.4,2.6,23,5,6,155,24355.1,,Cold
2016-06-04 00:00:00,Hog_lodging_Shanti,162.115,17.2,8.0,14.4,1010.9,3.1,0,6,6,156,24355.1,,Cold
2016-06-04 01:00:00,Hog_lodging_Shanti,161.946,16.7,7.2,14.4,1010.1,3.1,1,6,6,156,24355.1,,Cold
2016-06-04 02:00:00,Hog_lodging_Shanti,161.22899999999996,16.7,6.4,15.0,1009.8,2.1,2,6,6,156,24355.1,,Cold
2016-06-04 03:00:00,Hog_lodging_Shanti,162.07399999999996,16.1,5.6,13.9,1009.1,2.6,3,6,6,156,24355.1,,Cold
2016-06-04 04:00:00,Hog_lodging_Shanti,163.394,15.6,5.6,13.3,1008.9,0.0,4,6,6,156,24355.1,,Cold
2016-06-04 05:00:00,Hog_lodging_Shanti,164.308,15.0,4.0,12.8,1009.2,2.1,5,6,6,156,24355.1,,Cold
2016-06-04 06:00:00,Hog_lodging_Shanti,163.764,15.6,6.0,12.8,1009.1,2.6,6,6,6,156,24355.1,,Cold
2016-06-04 07:00:00,Hog_lodging_Shanti,160.053,16.1,5.0,12.8,1008.8,2.6,7,6,6,156,24355.1,,Cold
2016-06-04 08:00:00,Hog_lodging_Shanti,158.328,18.9,4.0,13.9,1008.3,2.6,8,6,6,156,24355.1,,Cold
2016-06-04 09:00:00,Hog_lodging_Shanti,158.597,19.4,4.0,13.9,1008.1,2.6,9,6,6,156,24355.1,,Cold
2016-06-04 10:00:00,Hog_lodging_Shanti,161.445,20.6,4.666666666666667,13.9,1008.0,4.1,10,6,6,156,24355.1,,Cold
2016-06-04 11:00:00,Hog_lodging_Shanti,160.988,20.0,5.333333333333333,14.4,1008.3,3.6,11,6,6,156,24355.1,,Cold
2016-06-04 12:00:00,Hog_lodging_Shanti,159.41299999999995,21.1,6.0,14.4,1008.0,5.1,12,6,6,156,24355.1,,Cold
2016-06-04 13:00:00,Hog_lodging_Shanti,160.153,18.9,6.0,15.0,1008.0,6.7,13,6,6,156,24355.1,,Cold
2016-06-04 14:00:00,Hog_lodging_Shanti,160.523,21.7,6.0,15.0,1007.5,3.1,14,6,6,156,24355.1,,Cold
2016-06-04 15:00:00,Hog_lodging_Shanti,161.815,22.8,6.0,14.4,1007.1,5.1,15,6,6,156,24355.1,,Cold
2016-06-04 16:00:00,Hog_lodging_Shanti,161.195,20.0,6.0,14.4,1007.2,2.6,16,6,6,156,24355.1,,Cold
2016-06-04 17:00:00,Hog_lodging_Shanti,162.128,18.9,6.0,16.1,1007.8,6.7,17,6,6,156,24355.1,,Cold
2016-06-04 18:00:00,Hog_lodging_Shanti,160.73,18.9,6.0,15.0,1008.4,7.7,18,6,6,156,24355.1,,Cold
2016-06-04 19:00:00,Hog_lodging_Shanti,161.952,17.8,5.6,13.9,1008.8,6.2,19,6,6,156,24355.1,,Cold
2016-06-04 20:00:00,Hog_lodging_Shanti,158.47799999999995,17.2,5.2,13.3,1009.3,7.2,20,6,6,156,24355.1,,Cold
2016-06-04 21:00:00,Hog_lodging_Shanti,162.597,16.7,4.8,13.3,1010.0,5.1,21,6,6,156,24355.1,,Cold
2016-06-04 22:00:00,Hog_lodging_Shanti,163.077,16.1,4.8,12.8,1010.1,6.2,22,6,6,156,24355.1,,Cold
2016-06-04 23:00:00,Hog_lodging_Shanti,163.319,15.0,4.0,12.2,1010.0,4.1,23,6,6,156,24355.1,,Cold
2016-06-05 00:00:00,Hog_lodging_Shanti,160.259,14.4,0.0,11.7,1010.0,3.1,0,7,6,157,24355.1,,Cold
2016-06-05 01:00:00,Hog_lodging_Shanti,160.92600000000004,13.3,0.0,11.1,1009.4,3.1,1,7,6,157,24355.1,,Cold
2016-06-05 02:00:00,Hog_lodging_Shanti,160.05100000000004,13.3,2.0,11.1,1008.9,2.1,2,7,6,157,24355.1,,Cold
2016-06-05 03:00:00,Hog_lodging_Shanti,159.803,13.3,2.0,11.1,1008.5,2.1,3,7,6,157,24355.1,,Cold
2016-06-05 04:00:00,Hog_lodging_Shanti,161.164,12.8,0.0,11.1,1008.3,1.5,4,7,6,157,24355.1,,Cold
2016-06-05 05:00:00,Hog_lodging_Shanti,163.076,13.3,0.0,11.7,1008.5,1.5,5,7,6,157,24355.1,,Cold
2016-06-05 06:00:00,Hog_lodging_Shanti,160.931,15.6,0.0,12.8,1008.4,2.1,6,7,6,157,24355.1,,Cold
2016-06-05 07:00:00,Hog_lodging_Shanti,159.208,17.8,0.0,13.3,1008.1,4.6,7,7,6,157,24355.1,,Cold
2016-06-05 08:00:00,Hog_lodging_Shanti,157.888,19.4,2.0,13.9,1007.7,4.1,8,7,6,157,24355.1,,Cold
2016-06-05 09:00:00,Hog_lodging_Shanti,157.67700000000005,21.1,4.0,13.3,1007.3,4.1,9,7,6,157,24355.1,,Cold
2016-06-05 10:00:00,Hog_lodging_Shanti,161.243,23.3,2.0,13.3,1006.1,5.1,10,7,6,157,24355.1,,Cold
2016-06-05 11:00:00,Hog_lodging_Shanti,164.857,25.0,4.0,11.1,1005.2,9.8,11,7,6,157,24355.1,,Cold
2016-06-05 12:00:00,Hog_lodging_Shanti,163.363,26.1,2.0,12.2,1004.6,8.2,12,7,6,157,24355.1,,Cold
2016-06-05 13:00:00,Hog_lodging_Shanti,164.785,26.7,4.0,8.9,1004.4,9.3,13,7,6,157,24355.1,,Cold
2016-06-05 14:00:00,Hog_lodging_Shanti,165.56099999999995,27.8,4.0,7.2,1004.1,11.8,14,7,6,157,24355.1,,Cold
2016-06-05 15:00:00,Hog_lodging_Shanti,166.09,27.2,4.0,5.6,1004.2,10.3,15,7,6,157,24355.1,,Cold
2016-06-05 16:00:00,Hog_lodging_Shanti,167.983,27.8,4.0,5.0,1004.5,10.3,16,7,6,157,24355.1,,Cold
2016-06-05 17:00:00,Hog_lodging_Shanti,170.00099999999995,26.7,2.0,5.6,1004.7,8.8,17,7,6,157,24355.1,,Cold
2016-06-05 18:00:00,Hog_lodging_Shanti,171.078,26.1,2.0,3.9,1004.9,8.2,18,7,6,157,24355.1,,Cold
2016-06-05 19:00:00,Hog_lodging_Shanti,171.748,25.0,2.0,5.0,1005.0,5.1,19,7,6,157,24355.1,,Cold
2016-06-05 20:00:00,Hog_lodging_Shanti,167.787,22.8,2.0,6.1,1005.3,3.6,20,7,6,157,24355.1,,Cold
2016-06-05 21:00:00,Hog_lodging_Shanti,164.155,21.7,2.0,6.7,1005.2,2.6,21,7,6,157,24355.1,,Cold
2016-06-05 22:00:00,Hog_lodging_Shanti,163.873,20.6,2.0,7.2,1005.1,2.1,22,7,6,157,24355.1,,Cold
2016-06-05 23:00:00,Hog_lodging_Shanti,165.18200000000004,18.9,2.0,8.3,1005.0,3.1,23,7,6,157,24355.1,,Cold
2016-06-06 00:00:00,Hog_lodging_Shanti,164.4,18.3,0.0,8.3,1004.7,2.1,0,1,6,158,24355.1,,Cold
2016-06-06 01:00:00,Hog_lodging_Shanti,166.16400000000004,17.8,0.0,8.3,1004.2,2.6,1,1,6,158,24355.1,,Cold
2016-06-06 02:00:00,Hog_lodging_Shanti,165.959,17.2,2.0,8.3,1004.3,3.6,2,1,6,158,24355.1,,Cold
2016-06-06 03:00:00,Hog_lodging_Shanti,163.666,17.2,3.0,7.8,1004.3,4.1,3,1,6,158,24355.1,,Cold
2016-06-06 04:00:00,Hog_lodging_Shanti,161.558,16.7,4.0,8.3,1004.5,4.1,4,1,6,158,24355.1,,Cold
2016-06-06 05:00:00,Hog_lodging_Shanti,163.704,15.6,5.0,9.4,1006.9,14.9,5,1,6,158,24355.1,,Cold
2016-06-06 06:00:00,Hog_lodging_Shanti,165.225,13.9,6.0,8.9,1005.4,2.1,6,1,6,158,24355.1,,Cold
2016-06-06 07:00:00,Hog_lodging_Shanti,160.267,15.0,2.0,10.0,1006.5,5.1,7,1,6,158,24355.1,,Cold
2016-06-06 08:00:00,Hog_lodging_Shanti,189.19,16.7,2.0,9.4,1006.9,8.8,8,1,6,158,24355.1,,Cold
2016-06-06 09:00:00,Hog_lodging_Shanti,221.59,18.9,2.0,10.0,1007.0,8.8,9,1,6,158,24355.1,,Cold
2016-06-06 10:00:00,Hog_lodging_Shanti,238.467,19.4,3.333333333333333,10.0,1007.4,6.7,10,1,6,158,24355.1,,Cold
2016-06-06 11:00:00,Hog_lodging_Shanti,241.835,19.4,4.666666666666666,9.4,1007.9,8.2,11,1,6,158,24355.1,,Cold
2016-06-06 12:00:00,Hog_lodging_Shanti,239.741,18.3,6.0,9.4,1008.4,8.8,12,1,6,158,24355.1,,Cold
2016-06-06 13:00:00,Hog_lodging_Shanti,244.968,18.9,5.6,10.0,1008.7,6.7,13,1,6,158,24355.1,,Cold
2016-06-06 14:00:00,Hog_lodging_Shanti,239.158,18.9,5.2,11.1,1008.6,7.2,14,1,6,158,24355.1,,Cold
2016-06-06 15:00:00,Hog_lodging_Shanti,190.571,20.6,4.8,10.0,1008.5,6.2,15,1,6,158,24355.1,,Cold
2016-06-06 16:00:00,Hog_lodging_Shanti,236.111,20.6,4.8,9.4,1008.5,8.2,16,1,6,158,24355.1,,Cold
2016-06-06 17:00:00,Hog_lodging_Shanti,250.11900000000003,18.9,4.0,12.8,1009.0,6.2,17,1,6,158,24355.1,,Cold
2016-06-06 18:00:00,Hog_lodging_Shanti,248.488,20.0,4.0,10.6,1009.3,6.7,18,1,6,158,24355.1,,Cold
2016-06-06 19:00:00,Hog_lodging_Shanti,247.946,20.0,4.0,9.4,1009.5,5.7,19,1,6,158,24355.1,,Cold
2016-06-06 20:00:00,Hog_lodging_Shanti,245.068,18.9,2.0,7.2,1009.8,6.2,20,1,6,158,24355.1,,Cold
2016-06-06 21:00:00,Hog_lodging_Shanti,239.207,18.3,2.0,5.0,1010.6,6.7,21,1,6,158,24355.1,,Cold
2016-06-06 22:00:00,Hog_lodging_Shanti,239.18400000000003,16.7,2.0,6.1,1011.7,6.2,22,1,6,158,24355.1,,Cold
2016-06-06 23:00:00,Hog_lodging_Shanti,230.396,15.6,0.0,5.0,1012.3,5.1,23,1,6,158,24355.1,,Cold
2016-06-07 00:00:00,Hog_lodging_Shanti,233.878,14.4,0.0,5.6,1012.8,5.1,0,2,6,159,24355.1,,Cold
2016-06-07 01:00:00,Hog_lodging_Shanti,235.641,13.3,0.0,6.1,1012.9,4.1,1,2,6,159,24355.1,,Cold
2016-06-07 02:00:00,Hog_lodging_Shanti,228.125,12.8,0.0,5.6,1013.3,4.6,2,2,6,159,24355.1,,Cold
2016-06-07 03:00:00,Hog_lodging_Shanti,227.498,11.7,0.0,5.0,1014.1,3.6,3,2,6,159,24355.1,,Cold
2016-06-07 04:00:00,Hog_lodging_Shanti,225.851,10.6,2.0,5.0,1014.9,3.1,4,2,6,159,24355.1,,Cold
2016-06-07 05:00:00,Hog_lodging_Shanti,228.234,10.6,2.0,5.6,1015.3,2.6,5,2,6,159,24355.1,,Cold
2016-06-07 06:00:00,Hog_lodging_Shanti,226.659,12.2,0.0,5.6,1015.5,3.6,6,2,6,159,24355.1,,Cold
2016-06-07 07:00:00,Hog_lodging_Shanti,232.623,14.4,0.0,5.6,1015.6,5.7,7,2,6,159,24355.1,,Cold
2016-06-07 08:00:00,Hog_lodging_Shanti,257.7,15.6,0.0,5.6,1015.7,6.7,8,2,6,159,24355.1,,Cold
2016-06-07 09:00:00,Hog_lodging_Shanti,258.021,16.1,2.0,4.4,1015.6,7.2,9,2,6,159,24355.1,,Cold
2016-06-07 10:00:00,Hog_lodging_Shanti,215.106,17.8,2.0,4.4,1015.3,5.1,10,2,6,159,24355.1,,Cold
2016-06-07 11:00:00,Hog_lodging_Shanti,210.911,18.9,2.0,5.0,1015.2,4.1,11,2,6,159,24355.1,,Cold
2016-06-07 12:00:00,Hog_lodging_Shanti,179.868,20.0,2.0,5.6,1014.6,6.7,12,2,6,159,24355.1,,Cold
2016-06-07 13:00:00,Hog_lodging_Shanti,181.838,20.6,4.0,5.6,1014.3,5.7,13,2,6,159,24355.1,,Cold
2016-06-07 14:00:00,Hog_lodging_Shanti,191.002,20.6,2.0,5.0,1013.7,4.1,14,2,6,159,24355.1,,Cold
2016-06-07 15:00:00,Hog_lodging_Shanti,187.943,21.7,2.0,5.0,1013.3,4.6,15,2,6,159,24355.1,,Cold
2016-06-07 16:00:00,Hog_lodging_Shanti,177.873,21.7,4.0,5.0,1012.8,5.7,16,2,6,159,24355.1,,Cold
2016-06-07 17:00:00,Hog_lodging_Shanti,177.097,21.1,4.0,5.0,1012.6,5.7,17,2,6,159,24355.1,,Cold
2016-06-07 18:00:00,Hog_lodging_Shanti,175.65,21.1,6.0,5.6,1012.5,5.1,18,2,6,159,24355.1,,Cold
2016-06-07 19:00:00,Hog_lodging_Shanti,173.935,21.1,4.0,5.6,1012.3,3.6,19,2,6,159,24355.1,,Cold
2016-06-07 20:00:00,Hog_lodging_Shanti,172.764,18.9,4.0,6.1,1012.6,2.1,20,2,6,159,24355.1,,Cold
2016-06-07 21:00:00,Hog_lodging_Shanti,165.951,18.3,4.0,5.6,1013.4,2.1,21,2,6,159,24355.1,,Cold
2016-06-07 22:00:00,Hog_lodging_Shanti,164.476,16.1,4.0,8.3,1013.6,0.0,22,2,6,159,24355.1,,Cold
2016-06-07 23:00:00,Hog_lodging_Shanti,164.051,15.0,0.0,8.9,1013.7,0.0,23,2,6,159,24355.1,,Cold
2016-06-08 00:00:00,Hog_lodging_Shanti,157.774,15.0,0.0,8.3,1013.7,0.0,0,3,6,160,24355.1,,Cold
2016-06-08 01:00:00,Hog_lodging_Shanti,158.871,15.0,0.0,8.3,1013.9,0.0,1,3,6,160,24355.1,,Cold
2016-06-08 02:00:00,Hog_lodging_Shanti,158.705,12.8,0.0,8.9,1014.4,0.0,2,3,6,160,24355.1,,Cold
2016-06-08 03:00:00,Hog_lodging_Shanti,158.878,13.3,0.0,8.3,1014.9,2.6,3,3,6,160,24355.1,,Cold
2016-06-08 04:00:00,Hog_lodging_Shanti,160.599,12.8,2.0,6.1,1015.4,4.1,4,3,6,160,24355.1,,Cold
2016-06-08 05:00:00,Hog_lodging_Shanti,162.33100000000005,12.2,4.0,5.6,1015.8,3.6,5,3,6,160,24355.1,,Cold
2016-06-08 06:00:00,Hog_lodging_Shanti,162.088,13.3,4.0,5.6,1016.1,4.6,6,3,6,160,24355.1,,Cold
2016-06-08 07:00:00,Hog_lodging_Shanti,159.885,14.4,4.0,6.1,1015.9,4.1,7,3,6,160,24355.1,,Cold
2016-06-08 08:00:00,Hog_lodging_Shanti,169.28599999999997,15.6,4.4,7.2,1016.3,2.6,8,3,6,160,24355.1,,Cold
2016-06-08 09:00:00,Hog_lodging_Shanti,182.711,17.2,4.8,7.8,1016.2,2.1,9,3,6,160,24355.1,,Cold
2016-06-08 10:00:00,Hog_lodging_Shanti,186.306,19.4,5.2,8.9,1015.8,3.1,10,3,6,160,24355.1,,Cold
2016-06-08 11:00:00,Hog_lodging_Shanti,233.83900000000003,21.1,5.2,8.9,1015.4,2.1,11,3,6,160,24355.1,,Cold
2016-06-08 12:00:00,Hog_lodging_Shanti,243.956,22.2,6.0,8.9,1014.9,4.1,12,3,6,160,24355.1,,Cold
2016-06-08 13:00:00,Hog_lodging_Shanti,189.791,23.3,5.5,7.8,1014.2,3.6,13,3,6,160,24355.1,,Cold
2016-06-08 14:00:00,Hog_lodging_Shanti,212.688,24.4,5.0,8.3,1013.7,4.6,14,3,6,160,24355.1,,Cold
2016-06-08 15:00:00,Hog_lodging_Shanti,185.802,25.6,4.5,8.3,1012.9,3.6,15,3,6,160,24355.1,,Cold
2016-06-08 16:00:00,Hog_lodging_Shanti,213.76,26.1,4.0,9.4,1012.6,4.1,16,3,6,160,24355.1,,Cold
2016-06-08 17:00:00,Hog_lodging_Shanti,245.706,25.0,4.0,8.9,1011.4,3.6,17,3,6,160,24355.1,,Cold
2016-06-08 18:00:00,Hog_lodging_Shanti,231.274,25.6,4.0,9.4,1011.1,4.6,18,3,6,160,24355.1,,Cold
2016-06-08 19:00:00,Hog_lodging_Shanti,235.667,23.9,4.666666666666667,10.6,1011.3,5.1,19,3,6,160,24355.1,,Cold
2016-06-08 20:00:00,Hog_lodging_Shanti,223.26,22.8,5.333333333333333,10.6,1011.1,5.1,20,3,6,160,24355.1,,Cold
2016-06-08 21:00:00,Hog_lodging_Shanti,242.504,22.2,6.0,11.1,1011.5,5.7,21,3,6,160,24355.1,,Cold
2016-06-08 22:00:00,Hog_lodging_Shanti,250.712,21.1,6.0,11.1,1011.9,2.6,22,3,6,160,24355.1,,Cold
2016-06-08 23:00:00,Hog_lodging_Shanti,252.719,20.6,6.0,11.7,1012.2,3.6,23,3,6,160,24355.1,,Cold
2016-06-09 00:00:00,Hog_lodging_Shanti,250.483,18.3,8.0,13.9,1011.9,2.6,0,4,6,161,24355.1,,Cold
2016-06-09 01:00:00,Hog_lodging_Shanti,248.918,18.3,8.0,13.9,1011.4,3.1,1,4,6,161,24355.1,,Cold
2016-06-09 02:00:00,Hog_lodging_Shanti,249.202,18.9,8.0,13.9,1010.9,1.5,2,4,6,161,24355.1,,Cold
2016-06-09 03:00:00,Hog_lodging_Shanti,250.457,16.7,8.0,15.0,1010.4,4.6,3,4,6,161,24355.1,,Cold
2016-06-09 04:00:00,Hog_lodging_Shanti,253.102,17.2,8.0,15.6,1010.5,3.6,4,4,6,161,24355.1,,Cold
2016-06-09 05:00:00,Hog_lodging_Shanti,254.963,17.8,8.0,16.7,1010.55,5.1,5,4,6,161,24355.1,,Cold
2016-06-09 06:00:00,Hog_lodging_Shanti,255.095,18.3,8.0,16.7,1010.6,5.7,6,4,6,161,24355.1,,Cold
2016-06-09 07:00:00,Hog_lodging_Shanti,256.808,19.0,6.0,17.0,1011.3,2.1,7,4,6,161,24355.1,,Cold
2016-06-09 08:00:00,Hog_lodging_Shanti,258.313,20.6,4.0,17.2,1010.1,6.2,8,4,6,161,24355.1,,Cold
2016-06-09 09:00:00,Hog_lodging_Shanti,262.684,21.7,4.0,17.2,1010.2,4.6,9,4,6,161,24355.1,,Cold
2016-06-09 10:00:00,Hog_lodging_Shanti,271.728,23.3,2.0,17.8,1010.1,5.1,10,4,6,161,24355.1,,Cold
2016-06-09 11:00:00,Hog_lodging_Shanti,357.82,26.1,2.0,17.2,1009.8,7.7,11,4,6,161,24355.1,,Cold
2016-06-09 12:00:00,Hog_lodging_Shanti,367.58,26.7,2.0,17.2,1009.6,7.7,12,4,6,161,24355.1,,Cold
2016-06-09 13:00:00,Hog_lodging_Shanti,368.64,27.2,4.0,17.2,1009.5,6.2,13,4,6,161,24355.1,,Cold
2016-06-09 14:00:00,Hog_lodging_Shanti,370.584,27.8,4.0,17.8,1009.0,6.2,14,4,6,161,24355.1,,Cold
2016-06-09 15:00:00,Hog_lodging_Shanti,368.764,28.3,4.0,18.3,1008.8,7.2,15,4,6,161,24355.1,,Cold
2016-06-09 16:00:00,Hog_lodging_Shanti,366.005,27.8,4.0,18.3,1008.6,7.2,16,4,6,161,24355.1,,Cold
2016-06-09 17:00:00,Hog_lodging_Shanti,363.964,27.8,4.0,18.3,1008.3,6.7,17,4,6,161,24355.1,,Cold
2016-06-09 18:00:00,Hog_lodging_Shanti,364.42,27.2,2.0,18.3,1008.1,7.7,18,4,6,161,24355.1,,Cold
2016-06-09 19:00:00,Hog_lodging_Shanti,367.67800000000005,26.7,4.0,18.3,1008.2,7.7,19,4,6,161,24355.1,,Cold
2016-06-09 20:00:00,Hog_lodging_Shanti,272.921,25.0,3.0,18.3,1008.5,7.2,20,4,6,161,24355.1,,Cold
2016-06-09 21:00:00,Hog_lodging_Shanti,272.836,24.4,2.0,18.3,1008.5,6.7,21,4,6,161,24355.1,,Cold
2016-06-09 22:00:00,Hog_lodging_Shanti,274.248,23.3,2.0,17.8,1008.9,6.2,22,4,6,161,24355.1,,Cold
2016-06-09 23:00:00,Hog_lodging_Shanti,267.539,22.8,0.0,17.8,1008.5,6.2,23,4,6,161,24355.1,,Cold
2016-06-10 00:00:00,Hog_lodging_Shanti,261.743,22.2,2.0,17.8,1008.5,7.2,0,5,6,162,24355.1,,Cold
2016-06-10 01:00:00,Hog_lodging_Shanti,262.606,21.7,2.0,17.8,1007.5,5.7,1,5,6,162,24355.1,,Cold
2016-06-10 02:00:00,Hog_lodging_Shanti,261.338,21.1,0.0,17.8,1007.1,6.2,2,5,6,162,24355.1,,Cold
2016-06-10 03:00:00,Hog_lodging_Shanti,260.208,21.1,0.0,17.8,1007.5,5.1,3,5,6,162,24355.1,,Cold
2016-06-10 04:00:00,Hog_lodging_Shanti,261.835,20.6,2.0,17.8,1007.1,4.6,4,5,6,162,24355.1,,Cold
2016-06-10 05:00:00,Hog_lodging_Shanti,265.856,20.6,4.0,17.8,1007.8,3.1,5,5,6,162,24355.1,,Cold
2016-06-10 06:00:00,Hog_lodging_Shanti,261.862,21.7,4.0,18.3,1007.3,3.6,6,5,6,162,24355.1,,Cold
2016-06-10 07:00:00,Hog_lodging_Shanti,259.191,23.9,4.0,18.3,1007.2,3.1,7,5,6,162,24355.1,,Cold
2016-06-10 08:00:00,Hog_lodging_Shanti,268.959,26.7,4.4,18.9,1007.2,4.6,8,5,6,162,24355.1,,Cold
2016-06-10 09:00:00,Hog_lodging_Shanti,286.093,28.3,4.8,18.9,1007.5,4.6,9,5,6,162,24355.1,,Cold
2016-06-10 10:00:00,Hog_lodging_Shanti,291.077,30.0,5.2,19.4,1006.8,4.6,10,5,6,162,24355.1,,Cold
2016-06-10 11:00:00,Hog_lodging_Shanti,299.311,31.1,5.2,20.0,1006.1,4.6,11,5,6,162,24355.1,,Cold
2016-06-10 12:00:00,Hog_lodging_Shanti,302.362,31.7,6.0,20.6,1006.2,5.7,12,5,6,162,24355.1,,Cold
2016-06-10 13:00:00,Hog_lodging_Shanti,312.581,32.8,6.0,20.6,1007.4,5.1,13,5,6,162,24355.1,,Cold
2016-06-10 14:00:00,Hog_lodging_Shanti,325.06,32.2,6.0,21.1,1007.3,4.1,14,5,6,162,24355.1,,Cold
2016-06-10 15:00:00,Hog_lodging_Shanti,323.191,30.0,6.0,18.3,1005.2,6.2,15,5,6,162,24355.1,,Cold
2016-06-10 16:00:00,Hog_lodging_Shanti,328.555,29.4,6.0,18.9,1006.7,3.1,16,5,6,162,24355.1,,Cold
2016-06-10 17:00:00,Hog_lodging_Shanti,305.58,27.2,6.0,19.4,1007.4,2.6,17,5,6,162,24355.1,,Cold
2016-06-10 18:00:00,Hog_lodging_Shanti,287.341,27.2,6.0,20.0,1007.3,4.6,18,5,6,162,24355.1,,Cold
2016-06-10 19:00:00,Hog_lodging_Shanti,283.576,27.2,6.0,20.0,1008.2,2.6,19,5,6,162,24355.1,,Cold
2016-06-10 20:00:00,Hog_lodging_Shanti,280.765,26.7,6.0,20.6,1008.2,1.5,20,5,6,162,24355.1,,Cold
2016-06-10 21:00:00,Hog_lodging_Shanti,282.178,26.1,6.0,20.6,1009.1,1.5,21,5,6,162,24355.1,,Cold
2016-06-10 22:00:00,Hog_lodging_Shanti,279.693,23.9,6.0,20.6,1009.5,0.0,22,5,6,162,24355.1,,Cold
2016-06-10 23:00:00,Hog_lodging_Shanti,272.476,24.4,6.0,20.0,1010.2,1.5,23,5,6,162,24355.1,,Cold
2016-06-11 00:00:00,Hog_lodging_Shanti,270.696,23.3,6.0,20.0,1010.6,2.1,0,6,6,163,24355.1,,Cold
2016-06-11 01:00:00,Hog_lodging_Shanti,268.83,22.8,4.666666666666667,18.9,1010.4,0.0,1,6,6,163,24355.1,,Cold
2016-06-11 02:00:00,Hog_lodging_Shanti,266.916,22.2,3.3333333333333335,18.9,1010.4,0.0,2,6,6,163,24355.1,,Cold
2016-06-11 03:00:00,Hog_lodging_Shanti,263.719,21.7,2.0,18.9,1011.3,2.6,3,6,6,163,24355.1,,Cold
2016-06-11 04:00:00,Hog_lodging_Shanti,264.068,21.7,2.0,18.9,1011.8,0.0,4,6,6,163,24355.1,,Cold
2016-06-11 05:00:00,Hog_lodging_Shanti,267.066,21.7,4.0,18.9,1012.1,0.0,5,6,6,163,24355.1,,Cold
2016-06-11 06:00:00,Hog_lodging_Shanti,263.754,22.8,6.0,18.9,1012.3,3.1,6,6,6,163,24355.1,,Cold
2016-06-11 07:00:00,Hog_lodging_Shanti,240.909,23.9,6.0,19.4,1013.0,2.1,7,6,6,163,24355.1,,Cold
2016-06-11 08:00:00,Hog_lodging_Shanti,169.893,24.4,6.0,19.4,1013.1,2.6,8,6,6,163,24355.1,,Cold
2016-06-11 09:00:00,Hog_lodging_Shanti,171.423,26.7,6.0,20.0,1013.5,1.5,9,6,6,163,24355.1,,Cold
2016-06-11 10:00:00,Hog_lodging_Shanti,173.44299999999996,28.9,6.0,18.9,1013.4,1.5,10,6,6,163,24355.1,,Cold
2016-06-11 11:00:00,Hog_lodging_Shanti,173.359,29.4,6.0,17.8,1014.1,2.6,11,6,6,163,24355.1,,Cold
2016-06-11 12:00:00,Hog_lodging_Shanti,172.232,31.1,6.0,14.4,1014.2,0.0,12,6,6,163,24355.1,,Cold
2016-06-11 13:00:00,Hog_lodging_Shanti,170.514,32.8,4.0,13.9,1013.8,2.6,13,6,6,163,24355.1,,Cold
2016-06-11 14:00:00,Hog_lodging_Shanti,170.34400000000005,33.3,4.0,12.2,1013.2,2.1,14,6,6,163,24355.1,,Cold
2016-06-11 15:00:00,Hog_lodging_Shanti,168.565,32.8,4.0,14.4,1013.3,5.1,15,6,6,163,24355.1,,Cold
2016-06-11 16:00:00,Hog_lodging_Shanti,172.257,33.3,4.0,13.9,1013.3,3.6,16,6,6,163,24355.1,,Cold
2016-06-11 17:00:00,Hog_lodging_Shanti,171.8,32.2,4.0,13.9,1013.1,4.1,17,6,6,163,24355.1,,Cold
2016-06-11 18:00:00,Hog_lodging_Shanti,171.666,31.7,4.0,12.8,1013.7,3.6,18,6,6,163,24355.1,,Cold
2016-06-11 19:00:00,Hog_lodging_Shanti,170.61700000000005,31.1,4.0,13.9,1014.2,5.7,19,6,6,163,24355.1,,Cold
2016-06-11 20:00:00,Hog_lodging_Shanti,167.449,29.4,4.0,12.2,1014.4,3.6,20,6,6,163,24355.1,,Cold
2016-06-11 21:00:00,Hog_lodging_Shanti,169.83599999999996,27.2,4.0,12.2,1015.4,5.7,21,6,6,163,24355.1,,Cold
2016-06-11 22:00:00,Hog_lodging_Shanti,171.769,26.1,4.0,13.3,1015.5,4.1,22,6,6,163,24355.1,,Cold
2016-06-11 23:00:00,Hog_lodging_Shanti,172.55,25.0,4.0,12.8,1016.2,5.1,23,6,6,163,24355.1,,Cold
2016-06-12 00:00:00,Hog_lodging_Shanti,170.826,23.9,6.0,12.8,1017.1,7.7,0,7,6,164,24355.1,,Cold
2016-06-12 01:00:00,Hog_lodging_Shanti,169.983,22.8,6.0,10.0,1017.1,7.2,1,7,6,164,24355.1,,Cold
2016-06-12 02:00:00,Hog_lodging_Shanti,169.55900000000003,16.1,6.0,13.3,1017.9,2.6,2,7,6,164,24355.1,,Cold
2016-06-12 03:00:00,Hog_lodging_Shanti,168.74,18.3,6.0,12.8,1017.0,4.1,3,7,6,164,24355.1,,Cold
2016-06-12 04:00:00,Hog_lodging_Shanti,170.52200000000005,18.9,6.0,11.7,1017.8,5.1,4,7,6,164,24355.1,,Cold
2016-06-12 05:00:00,Hog_lodging_Shanti,173.605,17.8,6.0,11.1,1018.5,7.7,5,7,6,164,24355.1,,Cold
2016-06-12 06:00:00,Hog_lodging_Shanti,172.017,17.2,6.0,12.8,1018.7,4.6,6,7,6,164,24355.1,,Cold
2016-06-12 07:00:00,Hog_lodging_Shanti,168.78599999999997,18.3,6.0,14.4,1018.7,4.6,7,7,6,164,24355.1,,Cold
2016-06-12 08:00:00,Hog_lodging_Shanti,168.429,20.0,6.0,13.3,1019.3,7.2,8,7,6,164,24355.1,,Cold
2016-06-12 09:00:00,Hog_lodging_Shanti,169.107,20.6,6.0,14.4,1019.2,7.7,9,7,6,164,24355.1,,Cold
2016-06-12 10:00:00,Hog_lodging_Shanti,174.592,21.7,6.0,15.0,1019.0,9.8,10,7,6,164,24355.1,,Cold
2016-06-12 11:00:00,Hog_lodging_Shanti,176.687,22.8,6.0,16.1,1018.9,8.8,11,7,6,164,24355.1,,Cold
2016-06-12 12:00:00,Hog_lodging_Shanti,175.56,23.3,6.0,16.1,1018.7,8.2,12,7,6,164,24355.1,,Cold
2016-06-12 13:00:00,Hog_lodging_Shanti,177.84400000000005,23.9,6.0,15.0,1017.7,6.7,13,7,6,164,24355.1,,Cold
2016-06-12 14:00:00,Hog_lodging_Shanti,180.382,23.9,6.0,15.6,1017.9,6.2,14,7,6,164,24355.1,,Cold
2016-06-12 15:00:00,Hog_lodging_Shanti,180.03900000000004,25.0,6.0,15.6,1017.0,9.3,15,7,6,164,24355.1,,Cold
2016-06-12 16:00:00,Hog_lodging_Shanti,180.002,25.0,6.0,15.6,1016.0,9.8,16,7,6,164,24355.1,,Cold
2016-06-12 17:00:00,Hog_lodging_Shanti,181.473,24.4,6.0,15.6,1015.8,8.8,17,7,6,164,24355.1,,Cold
2016-06-12 18:00:00,Hog_lodging_Shanti,184.256,23.9,6.0,15.6,1015.4,8.2,18,7,6,164,24355.1,,Cold
2016-06-12 19:00:00,Hog_lodging_Shanti,183.576,23.3,6.333333333333333,15.6,1015.6,7.2,19,7,6,164,24355.1,,Cold
2016-06-12 20:00:00,Hog_lodging_Shanti,176.732,22.2,6.666666666666667,15.0,1014.9,8.8,20,7,6,164,24355.1,,Cold
2016-06-12 21:00:00,Hog_lodging_Shanti,171.84599999999998,22.2,7.0,14.4,1015.8,3.6,21,7,6,164,24355.1,,Cold
2016-06-12 22:00:00,Hog_lodging_Shanti,170.497,21.7,7.0,14.4,1017.3,2.6,22,7,6,164,24355.1,,Cold
2016-06-12 23:00:00,Hog_lodging_Shanti,169.139,21.1,7.0,14.4,1015.6,5.7,23,7,6,164,24355.1,,Cold
2016-06-13 00:00:00,Hog_lodging_Shanti,165.967,20.0,8.0,16.1,1015.0,4.6,0,1,6,165,24355.1,,Cold
2016-06-13 01:00:00,Hog_lodging_Shanti,163.891,20.0,8.0,16.7,1013.4,3.1,1,1,6,165,24355.1,,Cold
2016-06-13 02:00:00,Hog_lodging_Shanti,166.18400000000003,20.0,8.0,17.2,1012.8,3.6,2,1,6,165,24355.1,,Cold
2016-06-13 03:00:00,Hog_lodging_Shanti,162.49200000000005,19.4,8.0,17.2,1014.4,6.2,3,1,6,165,24355.1,,Cold
2016-06-13 04:00:00,Hog_lodging_Shanti,164.77,20.0,8.0,16.1,1014.1,4.1,4,1,6,165,24355.1,,Cold
2016-06-13 05:00:00,Hog_lodging_Shanti,168.96400000000003,18.9,8.0,16.1,1014.7,6.2,5,1,6,165,24355.1,,Cold
2016-06-13 06:00:00,Hog_lodging_Shanti,167.33900000000003,17.8,8.0,16.1,1014.1,3.6,6,1,6,165,24355.1,,Cold
2016-06-13 07:00:00,Hog_lodging_Shanti,188.477,18.9,6.666666666666667,16.1,1014.4,2.1,7,1,6,165,24355.1,,Cold
2016-06-13 08:00:00,Hog_lodging_Shanti,200.227,20.6,5.333333333333334,16.1,1013.9,4.1,8,1,6,165,24355.1,,Cold
2016-06-13 09:00:00,Hog_lodging_Shanti,203.433,22.8,4.0,16.7,1013.7,4.6,9,1,6,165,24355.1,,Cold
2016-06-13 10:00:00,Hog_lodging_Shanti,206.917,24.4,4.0,17.2,1013.2,2.1,10,1,6,165,24355.1,,Cold
2016-06-13 11:00:00,Hog_lodging_Shanti,202.414,25.0,6.0,17.8,1013.2,3.1,11,1,6,165,24355.1,,Cold
2016-06-13 12:00:00,Hog_lodging_Shanti,220.747,24.4,8.0,18.9,1013.2,1.5,12,1,6,165,24355.1,,Cold
2016-06-13 13:00:00,Hog_lodging_Shanti,223.29,25.6,8.0,18.9,1012.8,1.5,13,1,6,165,24355.1,,Cold
2016-06-13 14:00:00,Hog_lodging_Shanti,222.259,25.0,8.0,19.4,1012.6,2.6,14,1,6,165,24355.1,,Cold
2016-06-13 15:00:00,Hog_lodging_Shanti,205.088,25.0,8.0,19.4,1012.3,2.1,15,1,6,165,24355.1,,Cold
2016-06-13 16:00:00,Hog_lodging_Shanti,205.334,25.0,8.0,19.4,1012.1,4.6,16,1,6,165,24355.1,,Cold
2016-06-13 17:00:00,Hog_lodging_Shanti,220.2,23.9,8.0,19.4,1012.0,3.6,17,1,6,165,24355.1,,Cold
2016-06-13 18:00:00,Hog_lodging_Shanti,223.493,22.8,8.0,18.9,1011.8,4.6,18,1,6,165,24355.1,,Cold
2016-06-13 19:00:00,Hog_lodging_Shanti,208.248,21.7,6.0,18.3,1011.8,5.1,19,1,6,165,24355.1,,Cold
2016-06-13 20:00:00,Hog_lodging_Shanti,186.43400000000003,20.6,4.0,17.8,1011.7,3.6,20,1,6,165,24355.1,,Cold
2016-06-13 21:00:00,Hog_lodging_Shanti,182.13,20.0,5.0,16.7,1012.2,4.6,21,1,6,165,24355.1,,Cold
2016-06-13 22:00:00,Hog_lodging_Shanti,177.62400000000005,19.4,6.0,16.1,1012.7,4.1,22,1,6,165,24355.1,,Cold
2016-06-13 23:00:00,Hog_lodging_Shanti,176.797,18.9,7.0,16.1,1012.7,3.1,23,1,6,165,24355.1,,Cold
2016-06-14 00:00:00,Hog_lodging_Shanti,170.81900000000005,18.3,8.0,16.1,1012.4,3.1,0,2,6,166,24355.1,,Cold
2016-06-14 01:00:00,Hog_lodging_Shanti,171.551,18.3,8.0,16.1,1012.1,3.6,1,2,6,166,24355.1,,Cold
2016-06-14 02:00:00,Hog_lodging_Shanti,169.634,18.3,8.0,16.1,1011.9,3.1,2,2,6,166,24355.1,,Cold
2016-06-14 03:00:00,Hog_lodging_Shanti,172.202,18.9,8.0,16.7,1011.4,3.1,3,2,6,166,24355.1,,Cold
2016-06-14 04:00:00,Hog_lodging_Shanti,173.502,18.9,8.0,16.7,1010.6,4.6,4,2,6,166,24355.1,,Cold
2016-06-14 05:00:00,Hog_lodging_Shanti,172.82,18.9,8.0,17.2,1010.8,5.1,5,2,6,166,24355.1,,Cold
2016-06-14 06:00:00,Hog_lodging_Shanti,172.40900000000005,19.4,8.0,17.2,1011.0,3.6,6,2,6,166,24355.1,,Cold
2016-06-14 07:00:00,Hog_lodging_Shanti,192.974,20.0,8.0,16.7,1010.3,5.1,7,2,6,166,24355.1,,Cold
2016-06-14 08:00:00,Hog_lodging_Shanti,199.083,21.1,8.0,16.7,1010.2,5.1,8,2,6,166,24355.1,,Cold
2016-06-14 09:00:00,Hog_lodging_Shanti,200.063,21.1,8.0,16.7,1010.1,4.1,9,2,6,166,24355.1,,Cold
2016-06-14 10:00:00,Hog_lodging_Shanti,202.346,22.2,8.0,17.2,1009.8,4.1,10,2,6,166,24355.1,,Cold
2016-06-14 11:00:00,Hog_lodging_Shanti,210.955,21.7,8.0,17.2,1009.4,3.1,11,2,6,166,24355.1,,Cold
2016-06-14 12:00:00,Hog_lodging_Shanti,215.33900000000003,20.0,8.0,17.8,1009.0,6.2,12,2,6,166,24355.1,,Cold
2016-06-14 13:00:00,Hog_lodging_Shanti,218.793,21.1,8.0,18.9,1007.2,7.7,13,2,6,166,24355.1,,Cold
2016-06-14 14:00:00,Hog_lodging_Shanti,192.811,22.8,8.0,18.3,1006.3,6.2,14,2,6,166,24355.1,,Cold
2016-06-14 15:00:00,Hog_lodging_Shanti,206.142,22.8,8.0,18.9,1005.7,6.2,15,2,6,166,24355.1,,Cold
2016-06-14 16:00:00,Hog_lodging_Shanti,206.739,22.2,8.0,18.9,1005.9,3.1,16,2,6,166,24355.1,,Cold
2016-06-14 17:00:00,Hog_lodging_Shanti,217.384,21.1,8.0,19.4,1004.9,3.6,17,2,6,166,24355.1,,Cold
2016-06-14 18:00:00,Hog_lodging_Shanti,212.841,20.6,8.0,20.0,1005.4,5.7,18,2,6,166,24355.1,,Cold
2016-06-14 19:00:00,Hog_lodging_Shanti,200.467,20.0,7.2,17.8,1004.2,5.1,19,2,6,166,24355.1,,Cold
2016-06-14 20:00:00,Hog_lodging_Shanti,182.366,20.0,6.4,17.8,1003.0,2.1,20,2,6,166,24355.1,,Cold
2016-06-14 21:00:00,Hog_lodging_Shanti,177.03799999999995,19.4,5.6,17.2,1004.1,3.1,21,2,6,166,24355.1,,Cold
2016-06-14 22:00:00,Hog_lodging_Shanti,175.95,18.9,5.6,17.2,1004.8,3.6,22,2,6,166,24355.1,,Cold
2016-06-14 23:00:00,Hog_lodging_Shanti,173.267,18.3,4.0,17.2,1005.4,1.5,23,2,6,166,24355.1,,Cold
2016-06-15 00:00:00,Hog_lodging_Shanti,165.44400000000005,18.9,6.0,17.8,1005.2,2.6,0,3,6,167,24355.1,,Cold
2016-06-15 01:00:00,Hog_lodging_Shanti,170.328,18.3,2.0,16.7,1005.1,2.6,1,3,6,167,24355.1,,Cold
2016-06-15 02:00:00,Hog_lodging_Shanti,162.466,18.3,2.0,16.7,1004.8,3.6,2,3,6,167,24355.1,,Cold
2016-06-15 03:00:00,Hog_lodging_Shanti,166.12900000000005,17.8,2.0,16.7,1005.0,3.6,3,3,6,167,24355.1,,Cold
2016-06-15 04:00:00,Hog_lodging_Shanti,168.359,18.3,2.0,16.7,1004.9,3.1,4,3,6,167,24355.1,,Cold
2016-06-15 05:00:00,Hog_lodging_Shanti,171.25400000000005,17.8,2.0,16.1,1004.7,2.1,5,3,6,167,24355.1,,Cold
2016-06-15 06:00:00,Hog_lodging_Shanti,169.347,18.3,6.0,16.7,1005.0,1.5,6,3,6,167,24355.1,,Cold
2016-06-15 07:00:00,Hog_lodging_Shanti,187.924,20.0,6.333333333333333,17.2,1005.4,3.6,7,3,6,167,24355.1,,Cold
2016-06-15 08:00:00,Hog_lodging_Shanti,194.173,21.1,6.666666666666667,17.2,1005.4,6.2,8,3,6,167,24355.1,,Cold
2016-06-15 09:00:00,Hog_lodging_Shanti,207.849,22.2,7.0,17.2,1005.4,5.7,9,3,6,167,24355.1,,Cold
2016-06-15 10:00:00,Hog_lodging_Shanti,203.405,22.8,7.0,16.1,1005.6,7.7,10,3,6,167,24355.1,,Cold
2016-06-15 11:00:00,Hog_lodging_Shanti,199.603,22.2,7.0,15.6,1006.2,6.2,11,3,6,167,24355.1,,Cold
2016-06-15 12:00:00,Hog_lodging_Shanti,214.754,21.1,8.0,15.6,1006.8,6.2,12,3,6,167,24355.1,,Cold
2016-06-15 13:00:00,Hog_lodging_Shanti,217.938,22.2,7.666666666666667,16.1,1006.8,7.2,13,3,6,167,24355.1,,Cold
2016-06-15 14:00:00,Hog_lodging_Shanti,196.941,23.3,7.333333333333333,16.7,1007.0,6.7,14,3,6,167,24355.1,,Cold
2016-06-15 15:00:00,Hog_lodging_Shanti,192.395,23.3,7.0,16.7,1007.6,5.7,15,3,6,167,24355.1,,Cold
2016-06-15 16:00:00,Hog_lodging_Shanti,196.242,23.3,7.0,16.7,1008.0,6.7,16,3,6,167,24355.1,,Cold
2016-06-15 17:00:00,Hog_lodging_Shanti,208.168,23.3,7.0,17.2,1008.2,7.7,17,3,6,167,24355.1,,Cold
2016-06-15 18:00:00,Hog_lodging_Shanti,209.986,22.8,6.0,16.7,1008.6,6.7,18,3,6,167,24355.1,,Cold
2016-06-15 19:00:00,Hog_lodging_Shanti,192.676,22.2,5.2,15.6,1009.2,5.7,19,3,6,167,24355.1,,Cold
2016-06-15 20:00:00,Hog_lodging_Shanti,177.505,22.2,4.4,16.1,1009.7,5.1,20,3,6,167,24355.1,,Cold
2016-06-15 21:00:00,Hog_lodging_Shanti,172.172,21.1,3.5999999999999996,15.0,1010.4,7.2,21,3,6,167,24355.1,,Cold
2016-06-15 22:00:00,Hog_lodging_Shanti,170.87099999999995,20.6,3.5999999999999996,15.0,1010.6,4.6,22,3,6,167,24355.1,,Cold
2016-06-15 23:00:00,Hog_lodging_Shanti,167.863,19.4,2.0,15.0,1011.1,5.1,23,3,6,167,24355.1,,Cold
2016-06-16 00:00:00,Hog_lodging_Shanti,164.334,18.9,6.0,15.0,1011.7,2.6,0,4,6,168,24355.1,,Cold
2016-06-16 01:00:00,Hog_lodging_Shanti,162.80100000000004,18.9,5.5,15.0,1012.0,3.6,1,4,6,168,24355.1,,Cold
2016-06-16 02:00:00,Hog_lodging_Shanti,163.248,18.3,5.0,15.0,1012.2,4.1,2,4,6,168,24355.1,,Cold
2016-06-16 03:00:00,Hog_lodging_Shanti,166.44099999999997,18.3,4.5,15.0,1012.4,3.1,3,4,6,168,24355.1,,Cold
2016-06-16 04:00:00,Hog_lodging_Shanti,167.847,17.8,4.0,15.6,1012.9,2.1,4,4,6,168,24355.1,,Cold
2016-06-16 05:00:00,Hog_lodging_Shanti,169.169,17.8,6.0,15.6,1013.4,2.1,5,4,6,168,24355.1,,Cold
2016-06-16 06:00:00,Hog_lodging_Shanti,166.266,17.8,8.0,15.0,1013.8,4.1,6,4,6,168,24355.1,,Cold
2016-06-16 07:00:00,Hog_lodging_Shanti,183.007,17.8,7.666666666666667,14.4,1014.1,4.6,7,4,6,168,24355.1,,Cold
2016-06-16 08:00:00,Hog_lodging_Shanti,197.05,18.9,7.333333333333333,14.4,1014.8,2.1,8,4,6,168,24355.1,,Cold
2016-06-16 09:00:00,Hog_lodging_Shanti,203.154,20.0,7.0,14.4,1015.0,4.6,9,4,6,168,24355.1,,Cold
2016-06-16 10:00:00,Hog_lodging_Shanti,199.855,20.6,7.0,15.0,1014.5,6.2,10,4,6,168,24355.1,,Cold
2016-06-16 11:00:00,Hog_lodging_Shanti,203.681,21.7,7.0,15.0,1014.6,4.1,11,4,6,168,24355.1,,Cold
2016-06-16 12:00:00,Hog_lodging_Shanti,215.193,22.2,6.0,16.1,1014.4,4.1,12,4,6,168,24355.1,,Cold
2016-06-16 13:00:00,Hog_lodging_Shanti,218.574,23.3,4.0,16.1,1014.4,3.1,13,4,6,168,24355.1,,Cold
2016-06-16 14:00:00,Hog_lodging_Shanti,201.776,25.0,0.0,16.7,1013.5,4.1,14,4,6,168,24355.1,,Cold
2016-06-16 15:00:00,Hog_lodging_Shanti,193.287,25.6,0.0,16.1,1013.6,4.6,15,4,6,168,24355.1,,Cold
2016-06-16 16:00:00,Hog_lodging_Shanti,197.891,25.6,0.0,16.7,1013.3,5.7,16,4,6,168,24355.1,,Cold
2016-06-16 17:00:00,Hog_lodging_Shanti,204.89,26.1,0.0,16.7,1013.3,4.6,17,4,6,168,24355.1,,Cold
2016-06-16 18:00:00,Hog_lodging_Shanti,205.696,26.1,0.0,16.7,1013.1,4.1,18,4,6,168,24355.1,,Cold
2016-06-16 19:00:00,Hog_lodging_Shanti,186.755,25.0,0.0,16.1,1013.0,5.7,19,4,6,168,24355.1,,Cold
2016-06-16 20:00:00,Hog_lodging_Shanti,176.959,23.9,0.0,16.1,1013.5,3.6,20,4,6,168,24355.1,,Cold
2016-06-16 21:00:00,Hog_lodging_Shanti,168.982,22.8,0.0,16.7,1014.3,3.6,21,4,6,168,24355.1,,Cold
2016-06-16 22:00:00,Hog_lodging_Shanti,165.36,21.7,0.0,16.7,1015.0,2.6,22,4,6,168,24355.1,,Cold
2016-06-16 23:00:00,Hog_lodging_Shanti,165.704,22.2,0.0,16.7,1015.4,2.6,23,4,6,168,24355.1,,Cold
2016-06-17 00:00:00,Hog_lodging_Shanti,161.196,20.6,0.0,16.7,1015.5,2.1,0,5,6,169,24355.1,,Cold
2016-06-17 01:00:00,Hog_lodging_Shanti,159.755,19.4,0.0,16.7,1015.5,2.6,1,5,6,169,24355.1,,Cold
2016-06-17 02:00:00,Hog_lodging_Shanti,158.075,19.4,0.0,16.7,1015.7,3.1,2,5,6,169,24355.1,,Cold
2016-06-17 03:00:00,Hog_lodging_Shanti,162.063,18.9,0.0,16.1,1015.9,3.1,3,5,6,169,24355.1,,Cold
2016-06-17 04:00:00,Hog_lodging_Shanti,163.092,18.9,0.0,16.1,1015.4,4.6,4,5,6,169,24355.1,,Cold
2016-06-17 05:00:00,Hog_lodging_Shanti,165.472,18.9,2.0,15.6,1015.9,4.1,5,5,6,169,24355.1,,Cold
2016-06-17 06:00:00,Hog_lodging_Shanti,163.985,18.9,2.0,15.6,1016.6,4.1,6,5,6,169,24355.1,,Cold
2016-06-17 07:00:00,Hog_lodging_Shanti,176.032,20.6,2.0,15.6,1016.7,4.1,7,5,6,169,24355.1,,Cold
2016-06-17 08:00:00,Hog_lodging_Shanti,189.035,21.7,2.0,16.1,1017.3,3.6,8,5,6,169,24355.1,,Cold
2016-06-17 09:00:00,Hog_lodging_Shanti,196.517,22.8,2.0,16.7,1017.4,4.6,9,5,6,169,24355.1,,Cold
2016-06-17 10:00:00,Hog_lodging_Shanti,195.332,25.0,2.0,17.2,1016.4,7.2,10,5,6,169,24355.1,,Cold
2016-06-17 11:00:00,Hog_lodging_Shanti,192.731,26.1,4.0,17.8,1017.8,4.1,11,5,6,169,24355.1,,Cold
2016-06-17 12:00:00,Hog_lodging_Shanti,211.393,27.2,4.0,18.3,1017.3,4.6,12,5,6,169,24355.1,,Cold
2016-06-17 13:00:00,Hog_lodging_Shanti,208.584,28.3,4.0,17.8,1018.2,1.5,13,5,6,169,24355.1,,Cold
2016-06-17 14:00:00,Hog_lodging_Shanti,194.568,28.9,4.8,18.3,1018.0,2.1,14,5,6,169,24355.1,,Cold
2016-06-17 15:00:00,Hog_lodging_Shanti,188.194,29.4,5.6,19.4,1017.4,4.6,15,5,6,169,24355.1,,Cold
2016-06-17 16:00:00,Hog_lodging_Shanti,193.275,28.3,6.4,18.3,1018.7,4.1,16,5,6,169,24355.1,,Cold
2016-06-17 17:00:00,Hog_lodging_Shanti,200.811,27.8,6.4,18.9,1019.3,5.7,17,5,6,169,24355.1,,Cold
2016-06-17 18:00:00,Hog_lodging_Shanti,187.55,26.1,8.0,18.3,1020.0,4.6,18,5,6,169,24355.1,,Cold
2016-06-17 19:00:00,Hog_lodging_Shanti,174.601,25.6,8.0,18.3,1019.4,1.5,19,5,6,169,24355.1,,Cold
2016-06-17 20:00:00,Hog_lodging_Shanti,170.46099999999996,26.1,8.0,18.3,1017.4,8.2,20,5,6,169,24355.1,,Cold
2016-06-17 21:00:00,Hog_lodging_Shanti,172.27200000000005,25.6,8.0,17.8,1018.2,7.2,21,5,6,169,24355.1,,Cold
2016-06-17 22:00:00,Hog_lodging_Shanti,172.451,25.0,8.0,17.2,1018.1,5.1,22,5,6,169,24355.1,,Cold
2016-06-17 23:00:00,Hog_lodging_Shanti,168.27700000000004,23.9,8.0,15.6,1017.6,5.7,23,5,6,169,24355.1,,Cold
2016-06-18 00:00:00,Hog_lodging_Shanti,168.77200000000005,23.3,8.0,15.0,1017.6,2.1,0,6,6,170,24355.1,,Cold
2016-06-18 01:00:00,Hog_lodging_Shanti,164.183,22.2,8.0,15.6,1018.4,2.1,1,6,6,170,24355.1,,Cold
2016-06-18 02:00:00,Hog_lodging_Shanti,162.891,21.7,8.0,15.6,1018.7,1.5,2,6,6,170,24355.1,,Cold
2016-06-18 03:00:00,Hog_lodging_Shanti,166.02700000000004,21.1,8.0,16.7,1019.4,1.5,3,6,6,170,24355.1,,Cold
2016-06-18 04:00:00,Hog_lodging_Shanti,166.676,21.1,8.0,16.7,1019.9,2.6,4,6,6,170,24355.1,,Cold
2016-06-18 05:00:00,Hog_lodging_Shanti,167.408,21.7,8.0,17.2,1020.6,2.1,5,6,6,170,24355.1,,Cold
2016-06-18 06:00:00,Hog_lodging_Shanti,165.17700000000005,22.8,8.0,18.3,1020.8,2.1,6,6,6,170,24355.1,,Cold
2016-06-18 07:00:00,Hog_lodging_Shanti,164.84900000000005,23.3,7.666666666666667,18.3,1020.9,3.1,7,6,6,170,24355.1,,Cold
2016-06-18 08:00:00,Hog_lodging_Shanti,169.878,23.3,7.333333333333333,18.9,1020.7,3.6,8,6,6,170,24355.1,,Cold
2016-06-18 09:00:00,Hog_lodging_Shanti,166.093,24.4,7.0,19.4,1020.8,3.6,9,6,6,170,24355.1,,Cold
2016-06-18 10:00:00,Hog_lodging_Shanti,167.90900000000005,25.0,7.0,17.8,1021.6,3.1,10,6,6,170,24355.1,,Cold
2016-06-18 11:00:00,Hog_lodging_Shanti,167.826,26.7,7.0,18.3,1021.9,3.6,11,6,6,170,24355.1,,Cold
2016-06-18 12:00:00,Hog_lodging_Shanti,168.08900000000003,27.2,6.0,18.3,1021.5,2.6,12,6,6,170,24355.1,,Cold
2016-06-18 13:00:00,Hog_lodging_Shanti,169.391,29.4,4.0,19.4,1021.1,1.5,13,6,6,170,24355.1,,Cold
2016-06-18 14:00:00,Hog_lodging_Shanti,170.21200000000005,30.0,4.0,18.9,1020.8,1.5,14,6,6,170,24355.1,,Cold
2016-06-18 15:00:00,Hog_lodging_Shanti,172.93099999999995,30.6,4.5,17.2,1020.2,3.1,15,6,6,170,24355.1,,Cold
2016-06-18 16:00:00,Hog_lodging_Shanti,171.94099999999997,31.1,5.0,17.8,1019.8,0.0,16,6,6,170,24355.1,,Cold
2016-06-18 17:00:00,Hog_lodging_Shanti,171.136,30.0,5.5,17.2,1019.4,3.1,17,6,6,170,24355.1,,Cold
2016-06-18 18:00:00,Hog_lodging_Shanti,171.695,30.0,6.0,17.8,1019.5,3.1,18,6,6,170,24355.1,,Cold
2016-06-18 19:00:00,Hog_lodging_Shanti,172.259,30.0,4.0,17.2,1019.2,3.1,19,6,6,170,24355.1,,Cold
2016-06-18 20:00:00,Hog_lodging_Shanti,166.167,28.9,2.0,17.8,1019.4,1.5,20,6,6,170,24355.1,,Cold
2016-06-18 21:00:00,Hog_lodging_Shanti,166.972,27.8,2.0,19.4,1019.6,2.1,21,6,6,170,24355.1,,Cold
2016-06-18 22:00:00,Hog_lodging_Shanti,172.635,27.2,2.0,20.6,1019.9,2.1,22,6,6,170,24355.1,,Cold
2016-06-18 23:00:00,Hog_lodging_Shanti,174.795,26.1,0.0,20.0,1019.7,3.6,23,6,6,170,24355.1,,Cold
2016-06-19 00:00:00,Hog_lodging_Shanti,168.00599999999997,26.1,0.0,18.9,1019.4,3.1,0,7,6,171,24355.1,,Cold
2016-06-19 01:00:00,Hog_lodging_Shanti,166.4,24.4,0.0,18.3,1019.3,2.6,1,7,6,171,24355.1,,Cold
2016-06-19 02:00:00,Hog_lodging_Shanti,167.543,24.4,0.0,17.8,1019.0,3.6,2,7,6,171,24355.1,,Cold
2016-06-19 03:00:00,Hog_lodging_Shanti,167.515,23.9,0.0,16.7,1018.6,4.1,3,7,6,171,24355.1,,Cold
2016-06-19 04:00:00,Hog_lodging_Shanti,165.97400000000005,22.2,1.3333333333333333,16.7,1018.3,2.1,4,7,6,171,24355.1,,Cold
2016-06-19 05:00:00,Hog_lodging_Shanti,170.21400000000003,23.3,2.6666666666666665,16.1,1018.3,3.1,5,7,6,171,24355.1,,Cold
2016-06-19 06:00:00,Hog_lodging_Shanti,168.18400000000003,23.9,4.0,16.1,1017.9,3.6,6,7,6,171,24355.1,,Cold
2016-06-19 07:00:00,Hog_lodging_Shanti,165.395,25.0,4.0,16.1,1017.9,4.1,7,7,6,171,24355.1,,Cold
2016-06-19 08:00:00,Hog_lodging_Shanti,169.55900000000003,26.7,4.0,16.1,1017.3,4.6,8,7,6,171,24355.1,,Cold
2016-06-19 09:00:00,Hog_lodging_Shanti,170.90099999999995,27.8,4.0,16.7,1016.3,7.2,9,7,6,171,24355.1,,Cold
2016-06-19 10:00:00,Hog_lodging_Shanti,176.983,29.4,2.0,17.8,1016.1,5.1,10,7,6,171,24355.1,,Cold
2016-06-19 11:00:00,Hog_lodging_Shanti,181.647,30.6,2.0,17.8,1016.0,6.7,11,7,6,171,24355.1,,Cold
2016-06-19 12:00:00,Hog_lodging_Shanti,180.12099999999995,31.1,2.0,17.8,1015.5,8.8,12,7,6,171,24355.1,,Cold
2016-06-19 13:00:00,Hog_lodging_Shanti,184.568,32.2,2.0,18.9,1014.4,8.2,13,7,6,171,24355.1,,Cold
2016-06-19 14:00:00,Hog_lodging_Shanti,187.16,32.8,2.0,18.9,1013.6,9.3,14,7,6,171,24355.1,,Cold
2016-06-19 15:00:00,Hog_lodging_Shanti,186.228,33.3,2.0,18.3,1013.2,9.3,15,7,6,171,24355.1,,Cold
2016-06-19 16:00:00,Hog_lodging_Shanti,186.122,33.3,4.0,17.8,1012.3,10.8,16,7,6,171,24355.1,,Cold
2016-06-19 17:00:00,Hog_lodging_Shanti,187.495,33.3,4.0,17.2,1012.1,9.3,17,7,6,171,24355.1,,Cold
2016-06-19 18:00:00,Hog_lodging_Shanti,191.749,32.8,4.0,17.8,1011.3,6.7,18,7,6,171,24355.1,,Cold
2016-06-19 19:00:00,Hog_lodging_Shanti,193.207,31.7,4.666666666666667,18.3,1011.1,6.7,19,7,6,171,24355.1,,Cold
2016-06-19 20:00:00,Hog_lodging_Shanti,185.96400000000003,31.1,5.333333333333333,18.9,1011.0,4.6,20,7,6,171,24355.1,,Cold
2016-06-19 21:00:00,Hog_lodging_Shanti,179.97099999999998,30.6,6.0,18.9,1011.4,5.1,21,7,6,171,24355.1,,Cold
2016-06-19 22:00:00,Hog_lodging_Shanti,180.274,30.0,6.0,18.9,1011.2,6.2,22,7,6,171,24355.1,,Cold
2016-06-19 23:00:00,Hog_lodging_Shanti,181.524,26.7,6.0,21.1,1011.0,5.7,23,7,6,171,24355.1,,Cold
2016-06-20 00:00:00,Hog_lodging_Shanti,169.507,25.0,8.0,22.8,1013.0,3.1,0,1,6,172,24355.1,,Cold
2016-06-20 01:00:00,Hog_lodging_Shanti,169.08,24.4,5.333333333333334,22.8,1013.8,3.6,1,1,6,172,24355.1,,Cold
2016-06-20 02:00:00,Hog_lodging_Shanti,167.921,23.3,2.666666666666667,19.4,1014.8,3.1,2,1,6,172,24355.1,,Cold
2016-06-20 03:00:00,Hog_lodging_Shanti,166.98,21.1,0.0,16.7,1015.4,2.6,3,1,6,172,24355.1,,Cold
2016-06-20 04:00:00,Hog_lodging_Shanti,169.71599999999995,19.4,0.0,12.8,1016.2,4.1,4,1,6,172,24355.1,,Cold
2016-06-20 05:00:00,Hog_lodging_Shanti,171.051,18.9,0.0,11.1,1017.7,4.1,5,1,6,172,24355.1,,Cold
2016-06-20 06:00:00,Hog_lodging_Shanti,169.928,20.0,2.0,10.6,1018.3,5.7,6,1,6,172,24355.1,,Cold
2016-06-20 07:00:00,Hog_lodging_Shanti,191.194,20.0,4.0,10.6,1019.4,6.2,7,1,6,172,24355.1,,Cold
2016-06-20 08:00:00,Hog_lodging_Shanti,208.847,21.1,4.0,11.1,1019.9,6.2,8,1,6,172,24355.1,,Cold
2016-06-20 09:00:00,Hog_lodging_Shanti,217.46,22.8,4.0,11.1,1019.7,6.7,9,1,6,172,24355.1,,Cold
2016-06-20 10:00:00,Hog_lodging_Shanti,205.266,23.9,2.0,10.6,1020.0,5.7,10,1,6,172,24355.1,,Cold
2016-06-20 11:00:00,Hog_lodging_Shanti,207.0,25.0,2.0,10.6,1020.0,6.7,11,1,6,172,24355.1,,Cold
2016-06-20 12:00:00,Hog_lodging_Shanti,226.25,25.6,4.0,11.1,1019.8,7.2,12,1,6,172,24355.1,,Cold
2016-06-20 13:00:00,Hog_lodging_Shanti,223.514,26.1,4.0,9.4,1019.6,6.7,13,1,6,172,24355.1,,Cold
2016-06-20 14:00:00,Hog_lodging_Shanti,212.564,26.1,4.4,9.4,1019.4,7.2,14,1,6,172,24355.1,,Cold
2016-06-20 15:00:00,Hog_lodging_Shanti,202.921,24.4,4.8,7.2,1019.4,8.2,15,1,6,172,24355.1,,Cold
2016-06-20 16:00:00,Hog_lodging_Shanti,211.578,25.6,5.2,8.3,1018.9,7.7,16,1,6,172,24355.1,,Cold
2016-06-20 17:00:00,Hog_lodging_Shanti,219.4,23.9,5.2,9.4,1018.6,5.7,17,1,6,172,24355.1,,Cold
2016-06-20 18:00:00,Hog_lodging_Shanti,220.512,23.3,6.0,7.8,1018.5,7.2,18,1,6,172,24355.1,,Cold
2016-06-20 19:00:00,Hog_lodging_Shanti,208.23,23.3,4.0,8.3,1018.5,5.1,19,1,6,172,24355.1,,Cold
2016-06-20 20:00:00,Hog_lodging_Shanti,188.277,21.7,2.0,7.2,1018.6,5.1,20,1,6,172,24355.1,,Cold
2016-06-20 21:00:00,Hog_lodging_Shanti,183.326,21.1,2.0,7.8,1019.0,2.6,21,1,6,172,24355.1,,Cold
2016-06-20 22:00:00,Hog_lodging_Shanti,185.104,20.0,2.0,8.9,1019.0,2.1,22,1,6,172,24355.1,,Cold
2016-06-20 23:00:00,Hog_lodging_Shanti,180.188,19.4,0.0,9.4,1018.9,2.6,23,1,6,172,24355.1,,Cold
2016-06-21 00:00:00,Hog_lodging_Shanti,174.423,18.3,0.0,9.4,1018.7,1.5,0,2,6,173,24355.1,,Cold
2016-06-21 01:00:00,Hog_lodging_Shanti,177.481,17.8,0.0,9.4,1018.5,2.1,1,2,6,173,24355.1,,Cold
2016-06-21 02:00:00,Hog_lodging_Shanti,171.023,17.2,0.0,10.0,1018.2,0.0,2,2,6,173,24355.1,,Cold
2016-06-21 03:00:00,Hog_lodging_Shanti,167.653,16.7,0.0,10.0,1018.2,1.5,3,2,6,173,24355.1,,Cold
2016-06-21 04:00:00,Hog_lodging_Shanti,168.521,16.1,0.0,10.0,1017.9,0.0,4,2,6,173,24355.1,,Cold
2016-06-21 05:00:00,Hog_lodging_Shanti,171.794,16.1,0.0,10.0,1017.7,1.5,5,2,6,173,24355.1,,Cold
2016-06-21 06:00:00,Hog_lodging_Shanti,169.733,16.7,0.0,10.0,1017.4,1.5,6,2,6,173,24355.1,,Cold
2016-06-21 07:00:00,Hog_lodging_Shanti,190.831,19.4,0.0,10.6,1017.0,3.6,7,2,6,173,24355.1,,Cold
2016-06-21 08:00:00,Hog_lodging_Shanti,214.044,22.2,0.0,10.6,1016.7,3.6,8,2,6,173,24355.1,,Cold
2016-06-21 09:00:00,Hog_lodging_Shanti,216.362,23.3,0.0,10.0,1016.4,6.2,9,2,6,173,24355.1,,Cold
2016-06-21 10:00:00,Hog_lodging_Shanti,202.617,25.6,0.0,10.6,1016.0,6.7,10,2,6,173,24355.1,,Cold
2016-06-21 11:00:00,Hog_lodging_Shanti,213.783,25.6,0.0,11.1,1015.7,5.1,11,2,6,173,24355.1,,Cold
2016-06-21 12:00:00,Hog_lodging_Shanti,221.674,26.7,0.0,11.1,1015.3,4.6,12,2,6,173,24355.1,,Cold
2016-06-21 13:00:00,Hog_lodging_Shanti,225.552,26.7,2.0,10.0,1014.5,4.6,13,2,6,173,24355.1,,Cold
2016-06-21 14:00:00,Hog_lodging_Shanti,207.487,27.2,2.0,8.9,1013.9,4.1,14,2,6,173,24355.1,,Cold
2016-06-21 15:00:00,Hog_lodging_Shanti,198.46400000000003,27.8,4.0,9.4,1013.4,6.7,15,2,6,173,24355.1,,Cold
2016-06-21 16:00:00,Hog_lodging_Shanti,194.207,27.8,4.0,8.9,1013.0,8.2,16,2,6,173,24355.1,,Cold
2016-06-21 17:00:00,Hog_lodging_Shanti,211.688,27.2,5.0,9.4,1012.3,6.2,17,2,6,173,24355.1,,Cold
2016-06-21 18:00:00,Hog_lodging_Shanti,220.054,26.7,6.0,10.0,1012.0,4.6,18,2,6,173,24355.1,,Cold
2016-06-21 19:00:00,Hog_lodging_Shanti,209.89,26.1,6.333333333333333,9.4,1011.7,4.6,19,2,6,173,24355.1,,Cold
2016-06-21 20:00:00,Hog_lodging_Shanti,187.798,25.0,6.666666666666667,10.6,1011.5,1.5,20,2,6,173,24355.1,,Cold
2016-06-21 21:00:00,Hog_lodging_Shanti,184.774,24.4,7.0,10.0,1011.7,1.5,21,2,6,173,24355.1,,Cold
2016-06-21 22:00:00,Hog_lodging_Shanti,184.739,22.2,7.0,13.9,1011.8,1.5,22,2,6,173,24355.1,,Cold
2016-06-21 23:00:00,Hog_lodging_Shanti,183.576,23.3,7.0,12.2,1011.3,0.0,23,2,6,173,24355.1,,Cold
2016-06-22 00:00:00,Hog_lodging_Shanti,174.761,21.1,8.0,13.3,1010.6,0.0,0,3,6,174,24355.1,,Cold
2016-06-22 01:00:00,Hog_lodging_Shanti,173.263,20.6,8.0,12.8,1010.0,2.1,1,3,6,174,24355.1,,Cold
2016-06-22 02:00:00,Hog_lodging_Shanti,171.148,21.1,8.0,12.8,1010.7,1.5,2,3,6,174,24355.1,,Cold
2016-06-22 03:00:00,Hog_lodging_Shanti,171.487,20.6,8.0,12.2,1009.5,2.6,3,3,6,174,24355.1,,Cold
2016-06-22 04:00:00,Hog_lodging_Shanti,172.627,20.0,8.0,12.8,1007.9,5.7,4,3,6,174,24355.1,,Cold
2016-06-22 05:00:00,Hog_lodging_Shanti,174.15,20.6,8.0,11.7,1010.1,4.6,5,3,6,174,24355.1,,Cold
2016-06-22 06:00:00,Hog_lodging_Shanti,173.59400000000005,20.6,8.0,12.2,1009.7,4.1,6,3,6,174,24355.1,,Cold
2016-06-22 07:00:00,Hog_lodging_Shanti,192.651,20.0,6.0,12.2,1010.3,2.6,7,3,6,174,24355.1,,Cold
2016-06-22 08:00:00,Hog_lodging_Shanti,213.301,19.4,4.0,13.9,1005.9,7.7,8,3,6,174,24355.1,,Cold
2016-06-22 09:00:00,Hog_lodging_Shanti,215.9,22.8,2.0,14.4,1008.2,4.1,9,3,6,174,24355.1,,Cold
2016-06-22 10:00:00,Hog_lodging_Shanti,208.708,24.4,2.0,15.0,1009.5,4.1,10,3,6,174,24355.1,,Cold
2016-06-22 11:00:00,Hog_lodging_Shanti,212.789,26.1,2.0,15.6,1009.4,2.6,11,3,6,174,24355.1,,Cold
2016-06-22 12:00:00,Hog_lodging_Shanti,226.226,26.1,6.0,15.6,1009.1,1.5,12,3,6,174,24355.1,,Cold
2016-06-22 13:00:00,Hog_lodging_Shanti,229.911,26.7,5.6,16.7,1008.5,3.6,13,3,6,174,24355.1,,Cold
2016-06-22 14:00:00,Hog_lodging_Shanti,210.293,27.8,5.2,17.2,1008.0,3.6,14,3,6,174,24355.1,,Cold
2016-06-22 15:00:00,Hog_lodging_Shanti,197.81,27.2,4.8,17.8,1007.6,4.6,15,3,6,174,24355.1,,Cold
2016-06-22 16:00:00,Hog_lodging_Shanti,213.06,26.7,4.8,18.3,1007.5,4.6,16,3,6,174,24355.1,,Cold
2016-06-22 17:00:00,Hog_lodging_Shanti,215.224,27.8,4.0,19.4,1007.0,4.1,17,3,6,174,24355.1,,Cold
2016-06-22 18:00:00,Hog_lodging_Shanti,213.446,27.2,6.0,20.0,1006.5,4.6,18,3,6,174,24355.1,,Cold
2016-06-22 19:00:00,Hog_lodging_Shanti,195.176,26.0,4.666666666666667,21.0,1005.7,4.1,19,3,6,174,24355.1,,Cold
2016-06-22 20:00:00,Hog_lodging_Shanti,186.842,23.9,3.3333333333333335,20.0,1006.8,2.1,20,3,6,174,24355.1,,Cold
2016-06-22 21:00:00,Hog_lodging_Shanti,186.811,23.9,2.0,21.1,1007.1,2.1,21,3,6,174,24355.1,,Cold
2016-06-22 22:00:00,Hog_lodging_Shanti,189.338,22.2,2.0,18.9,1007.4,5.1,22,3,6,174,24355.1,,Cold
2016-06-22 23:00:00,Hog_lodging_Shanti,183.163,21.1,2.0,17.2,1007.9,6.7,23,3,6,174,24355.1,,Cold
2016-06-23 00:00:00,Hog_lodging_Shanti,175.46,17.8,2.0,12.8,1009.3,7.7,0,4,6,175,24355.1,,Cold
2016-06-23 01:00:00,Hog_lodging_Shanti,171.56400000000005,16.1,0.0,10.0,1010.6,6.2,1,4,6,175,24355.1,,Cold
2016-06-23 02:00:00,Hog_lodging_Shanti,166.828,15.0,0.0,8.9,1010.8,6.7,2,4,6,175,24355.1,,Cold
2016-06-23 03:00:00,Hog_lodging_Shanti,164.843,14.4,2.0,8.3,1011.4,5.7,3,4,6,175,24355.1,,Cold
2016-06-23 04:00:00,Hog_lodging_Shanti,164.956,15.0,4.0,8.3,1011.9,7.2,4,4,6,175,24355.1,,Cold
2016-06-23 05:00:00,Hog_lodging_Shanti,168.868,15.0,6.0,9.4,1012.9,6.7,5,4,6,175,24355.1,,Cold
2016-06-23 06:00:00,Hog_lodging_Shanti,167.092,14.4,8.0,10.0,1013.3,7.7,6,4,6,175,24355.1,,Cold
2016-06-23 07:00:00,Hog_lodging_Shanti,190.855,15.0,7.666666666666667,10.0,1014.3,5.7,7,4,6,175,24355.1,,Cold
2016-06-23 08:00:00,Hog_lodging_Shanti,208.538,15.0,7.333333333333333,10.0,1015.9,5.7,8,4,6,175,24355.1,,Cold
2016-06-23 09:00:00,Hog_lodging_Shanti,213.401,15.6,7.0,10.6,1016.4,4.6,9,4,6,175,24355.1,,Cold
2016-06-23 10:00:00,Hog_lodging_Shanti,202.033,16.7,7.0,11.7,1016.6,6.7,10,4,6,175,24355.1,,Cold
2016-06-23 11:00:00,Hog_lodging_Shanti,200.286,18.9,7.0,12.2,1016.8,5.1,11,4,6,175,24355.1,,Cold
2016-06-23 12:00:00,Hog_lodging_Shanti,220.158,20.6,6.0,13.3,1016.6,4.1,12,4,6,175,24355.1,,Cold
2016-06-23 13:00:00,Hog_lodging_Shanti,217.811,22.2,5.2,13.9,1016.8,4.6,13,4,6,175,24355.1,,Cold
2016-06-23 14:00:00,Hog_lodging_Shanti,200.226,22.8,4.4,13.9,1016.8,4.1,14,4,6,175,24355.1,,Cold
2016-06-23 15:00:00,Hog_lodging_Shanti,195.108,23.3,3.5999999999999996,13.3,1016.9,2.1,15,4,6,175,24355.1,,Cold
2016-06-23 16:00:00,Hog_lodging_Shanti,207.662,23.3,3.5999999999999996,13.9,1016.6,3.1,16,4,6,175,24355.1,,Cold
2016-06-23 17:00:00,Hog_lodging_Shanti,224.882,23.3,2.0,14.4,1016.5,3.6,17,4,6,175,24355.1,,Cold
2016-06-23 18:00:00,Hog_lodging_Shanti,214.265,23.3,6.0,13.9,1016.7,4.1,18,4,6,175,24355.1,,Cold
2016-06-23 19:00:00,Hog_lodging_Shanti,209.341,23.3,4.0,14.4,1016.8,1.5,19,4,6,175,24355.1,,Cold
2016-06-23 20:00:00,Hog_lodging_Shanti,186.846,22.2,2.0,14.4,1017.1,4.1,20,4,6,175,24355.1,,Cold
2016-06-23 21:00:00,Hog_lodging_Shanti,187.311,21.7,0.0,14.4,1017.3,3.1,21,4,6,175,24355.1,,Cold
2016-06-23 22:00:00,Hog_lodging_Shanti,187.862,20.6,0.0,14.4,1017.4,2.1,22,4,6,175,24355.1,,Cold
2016-06-23 23:00:00,Hog_lodging_Shanti,186.821,20.0,0.0,14.4,1017.3,1.5,23,4,6,175,24355.1,,Cold
2016-06-24 00:00:00,Hog_lodging_Shanti,176.468,18.9,0.0,14.4,1017.8,1.5,0,5,6,176,24355.1,,Cold
2016-06-24 01:00:00,Hog_lodging_Shanti,172.29,18.3,0.0,14.4,1017.9,0.0,1,5,6,176,24355.1,,Cold
2016-06-24 02:00:00,Hog_lodging_Shanti,170.345,17.2,0.0,14.4,1017.2,0.0,2,5,6,176,24355.1,,Cold
2016-06-24 03:00:00,Hog_lodging_Shanti,168.785,17.2,0.0,15.0,1016.8,2.1,3,5,6,176,24355.1,,Cold
2016-06-24 04:00:00,Hog_lodging_Shanti,170.77599999999995,16.7,2.0,15.0,1017.3,0.0,4,5,6,176,24355.1,,Cold
2016-06-24 05:00:00,Hog_lodging_Shanti,173.27700000000004,16.7,2.0,14.4,1017.8,2.1,5,5,6,176,24355.1,,Cold
2016-06-24 06:00:00,Hog_lodging_Shanti,171.543,16.1,2.0,14.4,1017.9,1.5,6,5,6,176,24355.1,,Cold
2016-06-24 07:00:00,Hog_lodging_Shanti,198.46,18.3,2.0,14.4,1018.0,2.6,7,5,6,176,24355.1,,Cold
2016-06-24 08:00:00,Hog_lodging_Shanti,218.018,20.6,2.0,14.4,1018.5,3.6,8,5,6,176,24355.1,,Cold
2016-06-24 09:00:00,Hog_lodging_Shanti,217.425,21.7,2.0,15.0,1017.8,4.1,9,5,6,176,24355.1,,Cold
2016-06-24 10:00:00,Hog_lodging_Shanti,208.477,22.2,4.0,15.6,1017.7,4.6,10,5,6,176,24355.1,,Cold
2016-06-24 11:00:00,Hog_lodging_Shanti,211.298,22.8,6.0,16.1,1017.5,5.7,11,5,6,176,24355.1,,Cold
2016-06-24 12:00:00,Hog_lodging_Shanti,219.633,23.3,8.0,16.1,1017.1,5.7,12,5,6,176,24355.1,,Cold
2016-06-24 13:00:00,Hog_lodging_Shanti,214.191,23.9,7.2,16.1,1016.6,6.2,13,5,6,176,24355.1,,Cold
2016-06-24 14:00:00,Hog_lodging_Shanti,190.86900000000003,25.0,6.4,16.1,1016.2,4.6,14,5,6,176,24355.1,,Cold
2016-06-24 15:00:00,Hog_lodging_Shanti,171.18099999999995,26.1,5.6,16.7,1015.1,5.7,15,5,6,176,24355.1,,Cold
2016-06-24 16:00:00,Hog_lodging_Shanti,172.858,26.7,5.6,16.7,1014.4,5.1,16,5,6,176,24355.1,,Cold
2016-06-24 17:00:00,Hog_lodging_Shanti,172.467,27.8,4.0,16.7,1013.9,7.2,17,5,6,176,24355.1,,Cold
2016-06-24 18:00:00,Hog_lodging_Shanti,173.893,27.8,2.0,17.2,1013.3,5.7,18,5,6,176,24355.1,,Cold
2016-06-24 19:00:00,Hog_lodging_Shanti,180.35,27.2,2.0,17.2,1013.4,4.1,19,5,6,176,24355.1,,Cold
2016-06-24 20:00:00,Hog_lodging_Shanti,183.18400000000003,25.6,2.0,17.2,1012.9,4.1,20,5,6,176,24355.1,,Cold
2016-06-24 21:00:00,Hog_lodging_Shanti,185.946,25.0,2.0,17.8,1013.0,4.6,21,5,6,176,24355.1,,Cold
2016-06-24 22:00:00,Hog_lodging_Shanti,185.458,24.4,2.0,17.8,1013.0,4.1,22,5,6,176,24355.1,,Cold
2016-06-24 23:00:00,Hog_lodging_Shanti,187.728,24.4,5.0,17.8,1012.9,5.1,23,5,6,176,24355.1,,Cold
2016-06-25 00:00:00,Hog_lodging_Shanti,183.012,24.4,8.0,17.8,1012.4,7.2,0,6,6,177,24355.1,,Cold
2016-06-25 01:00:00,Hog_lodging_Shanti,176.732,23.9,4.0,17.8,1011.6,5.7,1,6,6,177,24355.1,,Cold
2016-06-25 02:00:00,Hog_lodging_Shanti,172.043,23.3,4.0,17.8,1011.0,4.6,2,6,6,177,24355.1,,Cold
2016-06-25 03:00:00,Hog_lodging_Shanti,169.143,22.8,2.0,18.3,1010.7,4.6,3,6,6,177,24355.1,,Cold
2016-06-25 04:00:00,Hog_lodging_Shanti,171.114,22.2,2.0,18.3,1010.1,4.6,4,6,6,177,24355.1,,Cold
2016-06-25 05:00:00,Hog_lodging_Shanti,173.019,22.2,2.0,18.9,1010.2,4.1,5,6,6,177,24355.1,,Cold
2016-06-25 06:00:00,Hog_lodging_Shanti,173.55900000000003,22.8,2.0,19.4,1010.2,5.1,6,6,6,177,24355.1,,Cold
2016-06-25 07:00:00,Hog_lodging_Shanti,197.195,24.4,0.0,20.0,1009.7,6.2,7,6,6,177,24355.1,,Cold
2016-06-25 08:00:00,Hog_lodging_Shanti,212.083,26.7,2.0,20.6,1009.5,4.6,8,6,6,177,24355.1,,Cold
2016-06-25 09:00:00,Hog_lodging_Shanti,212.153,28.3,2.0,21.7,1008.4,8.8,9,6,6,177,24355.1,,Cold
2016-06-25 10:00:00,Hog_lodging_Shanti,209.919,29.4,2.0,21.7,1008.1,8.2,10,6,6,177,24355.1,,Cold
2016-06-25 11:00:00,Hog_lodging_Shanti,215.255,31.1,4.0,22.2,1008.4,7.2,11,6,6,177,24355.1,,Cold
2016-06-25 12:00:00,Hog_lodging_Shanti,223.733,32.2,6.0,22.2,1008.0,6.7,12,6,6,177,24355.1,,Cold
2016-06-25 13:00:00,Hog_lodging_Shanti,231.056,33.9,4.0,21.7,1007.1,7.7,13,6,6,177,24355.1,,Cold
2016-06-25 14:00:00,Hog_lodging_Shanti,213.499,34.4,4.0,21.7,1006.0,10.8,14,6,6,177,24355.1,,Cold
2016-06-25 15:00:00,Hog_lodging_Shanti,191.043,35.0,4.5,20.0,1005.0,10.8,15,6,6,177,24355.1,,Cold
2016-06-25 16:00:00,Hog_lodging_Shanti,182.358,33.9,5.0,20.0,1004.7,13.9,16,6,6,177,24355.1,,Cold
2016-06-25 17:00:00,Hog_lodging_Shanti,184.133,33.3,5.5,21.1,1004.6,12.4,17,6,6,177,24355.1,,Cold
2016-06-25 18:00:00,Hog_lodging_Shanti,184.693,31.7,6.0,22.2,1005.7,8.8,18,6,6,177,24355.1,,Cold
2016-06-25 19:00:00,Hog_lodging_Shanti,185.87,28.9,5.5,21.1,1007.7,7.2,19,6,6,177,24355.1,,Cold
2016-06-25 20:00:00,Hog_lodging_Shanti,182.696,27.8,5.0,20.6,1008.1,6.2,20,6,6,177,24355.1,,Cold
2016-06-25 21:00:00,Hog_lodging_Shanti,185.884,27.2,4.5,20.0,1009.3,5.1,21,6,6,177,24355.1,,Cold
2016-06-25 22:00:00,Hog_lodging_Shanti,187.44,26.7,4.0,19.4,1010.2,3.6,22,6,6,177,24355.1,,Cold
2016-06-25 23:00:00,Hog_lodging_Shanti,183.998,25.6,0.0,18.9,1011.0,3.6,23,6,6,177,24355.1,,Cold
2016-06-26 00:00:00,Hog_lodging_Shanti,182.067,24.4,0.0,17.8,1010.9,2.6,0,7,6,178,24355.1,,Cold
2016-06-26 01:00:00,Hog_lodging_Shanti,176.373,23.3,0.0,17.2,1010.7,3.6,1,7,6,178,24355.1,,Cold
2016-06-26 02:00:00,Hog_lodging_Shanti,173.739,22.8,0.0,16.1,1011.0,3.6,2,7,6,178,24355.1,,Cold
2016-06-26 03:00:00,Hog_lodging_Shanti,171.188,21.1,0.0,16.1,1011.4,3.6,3,7,6,178,24355.1,,Cold
2016-06-26 04:00:00,Hog_lodging_Shanti,170.886,20.6,2.0,15.0,1012.2,2.6,4,7,6,178,24355.1,,Cold
2016-06-26 05:00:00,Hog_lodging_Shanti,174.053,20.0,4.0,14.4,1013.3,3.6,5,7,6,178,24355.1,,Cold
2016-06-26 06:00:00,Hog_lodging_Shanti,172.266,21.1,4.0,12.8,1013.5,4.6,6,7,6,178,24355.1,,Cold
2016-06-26 07:00:00,Hog_lodging_Shanti,195.86,22.8,2.0,11.7,1013.9,3.6,7,7,6,178,24355.1,,Cold
2016-06-26 08:00:00,Hog_lodging_Shanti,210.835,23.9,2.0,10.6,1014.4,4.6,8,7,6,178,24355.1,,Cold
2016-06-26 09:00:00,Hog_lodging_Shanti,207.435,25.0,2.0,10.0,1014.6,5.1,9,7,6,178,24355.1,,Cold
2016-06-26 10:00:00,Hog_lodging_Shanti,215.381,26.1,2.0,10.0,1014.2,7.2,10,7,6,178,24355.1,,Cold
2016-06-26 11:00:00,Hog_lodging_Shanti,218.759,27.8,2.0,9.4,1013.9,6.2,11,7,6,178,24355.1,,Cold
2016-06-26 12:00:00,Hog_lodging_Shanti,217.471,28.3,0.0,9.4,1013.6,10.8,12,7,6,178,24355.1,,Cold
2016-06-26 13:00:00,Hog_lodging_Shanti,222.416,29.4,0.0,11.1,1013.5,9.3,13,7,6,178,24355.1,,Cold
2016-06-26 14:00:00,Hog_lodging_Shanti,214.607,30.0,2.0,11.7,1013.2,9.3,14,7,6,178,24355.1,,Cold
2016-06-26 15:00:00,Hog_lodging_Shanti,196.142,30.6,2.0,10.6,1013.2,7.2,15,7,6,178,24355.1,,Cold
2016-06-26 16:00:00,Hog_lodging_Shanti,196.795,31.1,2.0,10.6,1012.8,7.7,16,7,6,178,24355.1,,Cold
2016-06-26 17:00:00,Hog_lodging_Shanti,194.461,30.6,2.0,10.6,1012.2,11.3,17,7,6,178,24355.1,,Cold
2016-06-26 18:00:00,Hog_lodging_Shanti,199.071,30.6,2.0,10.6,1012.1,8.8,18,7,6,178,24355.1,,Cold
2016-06-26 19:00:00,Hog_lodging_Shanti,199.623,29.4,2.0,11.1,1012.4,5.7,19,7,6,178,24355.1,,Cold
2016-06-26 20:00:00,Hog_lodging_Shanti,187.915,28.3,0.0,11.1,1012.7,3.1,20,7,6,178,24355.1,,Cold
2016-06-26 21:00:00,Hog_lodging_Shanti,188.09,27.2,0.0,11.7,1013.7,3.1,21,7,6,178,24355.1,,Cold
2016-06-26 22:00:00,Hog_lodging_Shanti,192.211,25.6,0.0,12.2,1014.3,3.6,22,7,6,178,24355.1,,Cold
2016-06-26 23:00:00,Hog_lodging_Shanti,194.105,24.4,0.0,12.8,1014.7,5.7,23,7,6,178,24355.1,,Cold
2016-06-27 00:00:00,Hog_lodging_Shanti,191.166,23.3,0.0,12.8,1015.3,5.1,0,1,6,179,24355.1,,Cold
2016-06-27 01:00:00,Hog_lodging_Shanti,178.024,22.2,0.0,12.8,1015.7,4.6,1,1,6,179,24355.1,,Cold
2016-06-27 02:00:00,Hog_lodging_Shanti,173.146,21.7,0.0,12.8,1016.2,4.1,2,1,6,179,24355.1,,Cold
2016-06-27 03:00:00,Hog_lodging_Shanti,171.87099999999995,20.6,0.0,12.8,1016.6,4.1,3,1,6,179,24355.1,,Cold
2016-06-27 04:00:00,Hog_lodging_Shanti,172.829,19.4,2.0,13.3,1017.3,7.2,4,1,6,179,24355.1,,Cold
2016-06-27 05:00:00,Hog_lodging_Shanti,174.25400000000005,18.3,2.0,12.2,1018.3,7.7,5,1,6,179,24355.1,,Cold
2016-06-27 06:00:00,Hog_lodging_Shanti,172.73,17.8,6.0,11.1,1018.6,7.2,6,1,6,179,24355.1,,Cold
2016-06-27 07:00:00,Hog_lodging_Shanti,196.641,18.3,5.0,11.7,1019.4,8.2,7,1,6,179,24355.1,,Cold
2016-06-27 08:00:00,Hog_lodging_Shanti,220.16,19.4,4.0,11.7,1019.8,7.7,8,1,6,179,24355.1,,Cold
2016-06-27 09:00:00,Hog_lodging_Shanti,221.41,20.0,2.0,12.2,1020.1,7.2,9,1,6,179,24355.1,,Cold
2016-06-27 10:00:00,Hog_lodging_Shanti,214.406,20.0,4.0,11.7,1020.4,7.7,10,1,6,179,24355.1,,Cold
2016-06-27 11:00:00,Hog_lodging_Shanti,220.73,21.7,4.0,12.2,1020.4,5.7,11,1,6,179,24355.1,,Cold
2016-06-27 12:00:00,Hog_lodging_Shanti,237.138,22.2,4.0,12.2,1020.4,7.7,12,1,6,179,24355.1,,Cold
2016-06-27 13:00:00,Hog_lodging_Shanti,247.497,22.8,4.0,12.2,1020.6,4.6,13,1,6,179,24355.1,,Cold
2016-06-27 14:00:00,Hog_lodging_Shanti,238.271,22.2,4.0,11.7,1020.5,0.0,14,1,6,179,24355.1,,Cold
2016-06-27 15:00:00,Hog_lodging_Shanti,222.854,23.3,4.0,12.2,1020.4,4.6,15,1,6,179,24355.1,,Cold
2016-06-27 16:00:00,Hog_lodging_Shanti,222.893,22.8,4.0,12.2,1020.3,4.6,16,1,6,179,24355.1,,Cold
2016-06-27 17:00:00,Hog_lodging_Shanti,223.129,23.3,4.0,12.2,1020.1,5.1,17,1,6,179,24355.1,,Cold
2016-06-27 18:00:00,Hog_lodging_Shanti,226.567,22.8,4.0,12.2,1020.3,4.6,18,1,6,179,24355.1,,Cold
2016-06-27 19:00:00,Hog_lodging_Shanti,209.209,22.2,4.0,11.7,1020.9,5.1,19,1,6,179,24355.1,,Cold
2016-06-27 20:00:00,Hog_lodging_Shanti,189.705,21.1,2.0,11.7,1021.4,4.6,20,1,6,179,24355.1,,Cold
2016-06-27 21:00:00,Hog_lodging_Shanti,187.554,20.0,2.0,11.7,1022.1,3.6,21,1,6,179,24355.1,,Cold
2016-06-27 22:00:00,Hog_lodging_Shanti,189.322,20.0,4.0,11.7,1022.8,4.6,22,1,6,179,24355.1,,Cold
2016-06-27 23:00:00,Hog_lodging_Shanti,188.79,19.4,6.0,11.7,1023.0,4.6,23,1,6,179,24355.1,,Cold
2016-06-28 00:00:00,Hog_lodging_Shanti,182.197,18.9,8.0,11.7,1023.1,4.6,0,2,6,180,24355.1,,Cold
2016-06-28 01:00:00,Hog_lodging_Shanti,176.453,17.8,6.0,11.1,1023.3,6.2,1,2,6,180,24355.1,,Cold
2016-06-28 02:00:00,Hog_lodging_Shanti,174.828,16.7,4.0,10.6,1023.3,4.6,2,2,6,180,24355.1,,Cold
2016-06-28 03:00:00,Hog_lodging_Shanti,175.352,15.6,2.0,10.0,1023.4,2.1,3,2,6,180,24355.1,,Cold
2016-06-28 04:00:00,Hog_lodging_Shanti,178.84,14.4,0.0,10.0,1023.7,2.6,4,2,6,180,24355.1,,Cold
2016-06-28 05:00:00,Hog_lodging_Shanti,174.174,15.0,0.0,10.6,1024.1,1.5,5,2,6,180,24355.1,,Cold
2016-06-28 06:00:00,Hog_lodging_Shanti,174.382,15.6,2.0,10.6,1024.6,2.1,6,2,6,180,24355.1,,Cold
2016-06-28 07:00:00,Hog_lodging_Shanti,201.979,16.7,4.0,10.0,1024.6,3.1,7,2,6,180,24355.1,,Cold
2016-06-28 08:00:00,Hog_lodging_Shanti,215.246,17.8,2.0,10.0,1024.9,2.1,8,2,6,180,24355.1,,Cold
2016-06-28 09:00:00,Hog_lodging_Shanti,216.314,18.3,4.0,9.4,1024.8,3.1,9,2,6,180,24355.1,,Cold
2016-06-28 10:00:00,Hog_lodging_Shanti,189.455,19.4,4.0,10.0,1024.7,2.6,10,2,6,180,24355.1,,Cold
2016-06-28 11:00:00,Hog_lodging_Shanti,225.167,19.4,4.0,9.4,1024.6,1.5,11,2,6,180,24355.1,,Cold
2016-06-28 12:00:00,Hog_lodging_Shanti,233.639,21.7,4.0,10.0,1024.2,0.0,12,2,6,180,24355.1,,Cold
2016-06-28 13:00:00,Hog_lodging_Shanti,298.752,22.2,4.0,10.0,1023.8,2.6,13,2,6,180,24355.1,,Cold
2016-06-28 14:00:00,Hog_lodging_Shanti,300.063,23.3,4.0,10.0,1023.1,2.6,14,2,6,180,24355.1,,Cold
2016-06-28 15:00:00,Hog_lodging_Shanti,286.176,22.2,4.0,10.0,1022.6,2.2,15,2,6,180,24355.1,,Cold
2016-06-28 16:00:00,Hog_lodging_Shanti,289.597,23.9,4.0,10.0,1021.9,1.5,16,2,6,180,24355.1,,Cold
2016-06-28 17:00:00,Hog_lodging_Shanti,304.655,24.4,4.0,10.6,1021.3,2.1,17,2,6,180,24355.1,,Cold
2016-06-28 18:00:00,Hog_lodging_Shanti,303.186,22.8,4.0,9.4,1020.7,1.5,18,2,6,180,24355.1,,Cold
2016-06-28 19:00:00,Hog_lodging_Shanti,286.451,22.2,2.0,10.0,1020.3,2.1,19,2,6,180,24355.1,,Cold
2016-06-28 20:00:00,Hog_lodging_Shanti,274.214,21.1,2.0,10.6,1019.9,4.1,20,2,6,180,24355.1,,Cold
2016-06-28 21:00:00,Hog_lodging_Shanti,275.76,20.6,2.0,10.6,1020.0,3.1,21,2,6,180,24355.1,,Cold
2016-06-28 22:00:00,Hog_lodging_Shanti,277.258,19.4,2.0,10.6,1020.2,2.1,22,2,6,180,24355.1,,Cold
2016-06-28 23:00:00,Hog_lodging_Shanti,276.358,20.0,2.0,11.1,1020.9,3.1,23,2,6,180,24355.1,,Cold
2016-06-29 00:00:00,Hog_lodging_Shanti,263.751,19.4,2.0,11.1,1021.3,2.6,0,3,6,181,24355.1,,Cold
2016-06-29 01:00:00,Hog_lodging_Shanti,253.412,18.3,0.0,11.1,1021.0,0.0,1,3,6,181,24355.1,,Cold
2016-06-29 02:00:00,Hog_lodging_Shanti,250.204,16.7,0.0,11.1,1020.3,1.5,2,3,6,181,24355.1,,Cold
2016-06-29 03:00:00,Hog_lodging_Shanti,251.538,17.8,0.0,10.6,1020.2,0.0,3,3,6,181,24355.1,,Cold
2016-06-29 04:00:00,Hog_lodging_Shanti,250.89,16.1,2.0,10.6,1020.4,1.5,4,3,6,181,24355.1,,Cold
2016-06-29 05:00:00,Hog_lodging_Shanti,253.227,16.1,2.0,11.1,1020.6,1.5,5,3,6,181,24355.1,,Cold
2016-06-29 06:00:00,Hog_lodging_Shanti,251.898,16.7,2.0,11.7,1020.4,1.5,6,3,6,181,24355.1,,Cold
2016-06-29 07:00:00,Hog_lodging_Shanti,272.117,18.9,4.0,11.7,1020.6,2.1,7,3,6,181,24355.1,,Cold
2016-06-29 08:00:00,Hog_lodging_Shanti,292.057,20.0,4.0,11.7,1020.3,2.6,8,3,6,181,24355.1,,Cold
2016-06-29 09:00:00,Hog_lodging_Shanti,297.821,21.7,4.5,12.2,1020.1,1.5,9,3,6,181,24355.1,,Cold
2016-06-29 10:00:00,Hog_lodging_Shanti,309.771,22.8,5.0,11.1,1019.5,0.0,10,3,6,181,24355.1,,Cold
2016-06-29 11:00:00,Hog_lodging_Shanti,308.492,23.3,5.5,11.1,1019.2,2.1,11,3,6,181,24355.1,,Cold
2016-06-29 12:00:00,Hog_lodging_Shanti,320.24,24.4,6.0,10.6,1019.0,3.1,12,3,6,181,24355.1,,Cold
2016-06-29 13:00:00,Hog_lodging_Shanti,324.978,25.6,4.0,10.6,1018.5,3.1,13,3,6,181,24355.1,,Cold
2016-06-29 14:00:00,Hog_lodging_Shanti,299.837,26.1,4.0,10.6,1018.0,3.6,14,3,6,181,24355.1,,Cold
2016-06-29 15:00:00,Hog_lodging_Shanti,293.103,26.1,4.0,10.0,1017.1,1.5,15,3,6,181,24355.1,,Cold
2016-06-29 16:00:00,Hog_lodging_Shanti,311.993,26.1,4.0,9.4,1016.3,3.1,16,3,6,181,24355.1,,Cold
2016-06-29 17:00:00,Hog_lodging_Shanti,312.335,26.7,4.0,8.9,1015.7,4.1,17,3,6,181,24355.1,,Cold
2016-06-29 18:00:00,Hog_lodging_Shanti,312.126,26.1,4.0,8.9,1015.4,2.6,18,3,6,181,24355.1,,Cold
2016-06-29 19:00:00,Hog_lodging_Shanti,293.872,26.1,4.0,8.9,1015.5,2.1,19,3,6,181,24355.1,,Cold
2016-06-29 20:00:00,Hog_lodging_Shanti,283.1690000000001,25.0,2.0,8.9,1015.5,1.5,20,3,6,181,24355.1,,Cold
2016-06-29 21:00:00,Hog_lodging_Shanti,283.807,22.8,2.0,12.2,1015.8,3.6,21,3,6,181,24355.1,,Cold
2016-06-29 22:00:00,Hog_lodging_Shanti,280.095,21.1,2.0,12.8,1015.8,3.1,22,3,6,181,24355.1,,Cold
2016-06-29 23:00:00,Hog_lodging_Shanti,275.968,20.6,2.0,12.2,1015.7,3.1,23,3,6,181,24355.1,,Cold
2016-06-30 00:00:00,Hog_lodging_Shanti,273.952,20.6,2.0,12.2,1015.2,1.5,0,4,6,182,24355.1,,Cold
2016-06-30 01:00:00,Hog_lodging_Shanti,270.451,19.4,2.0,12.8,1014.5,2.1,1,4,6,182,24355.1,,Cold
2016-06-30 02:00:00,Hog_lodging_Shanti,267.117,20.0,0.0,14.4,1014.2,2.6,2,4,6,182,24355.1,,Cold
2016-06-30 03:00:00,Hog_lodging_Shanti,263.459,19.4,2.0,15.0,1014.1,2.1,3,4,6,182,24355.1,,Cold
2016-06-30 04:00:00,Hog_lodging_Shanti,263.779,19.4,2.0,15.6,1013.9,1.5,4,4,6,182,24355.1,,Cold
2016-06-30 05:00:00,Hog_lodging_Shanti,265.026,19.4,4.0,15.6,1013.8,3.1,5,4,6,182,24355.1,,Cold
2016-06-30 06:00:00,Hog_lodging_Shanti,264.335,19.4,6.0,15.6,1014.1,0.0,6,4,6,182,24355.1,,Cold
2016-06-30 07:00:00,Hog_lodging_Shanti,294.422,20.6,6.0,16.1,1013.8,2.6,7,4,6,182,24355.1,,Cold
2016-06-30 08:00:00,Hog_lodging_Shanti,297.291,21.7,6.0,16.7,1014.1,3.1,8,4,6,182,24355.1,,Cold
2016-06-30 09:00:00,Hog_lodging_Shanti,310.452,23.3,6.0,17.8,1013.9,1.5,9,4,6,182,24355.1,,Cold
2016-06-30 10:00:00,Hog_lodging_Shanti,322.976,24.4,6.0,16.7,1013.5,1.5,10,4,6,182,24355.1,,Cold
2016-06-30 11:00:00,Hog_lodging_Shanti,320.466,21.7,6.0,15.6,1014.0,5.7,11,4,6,182,24355.1,,Cold
2016-06-30 12:00:00,Hog_lodging_Shanti,325.742,20.6,6.0,15.6,1014.5,2.6,12,4,6,182,24355.1,,Cold
2016-06-30 13:00:00,Hog_lodging_Shanti,337.019,23.9,4.0,15.0,1013.9,6.2,13,4,6,182,24355.1,,Cold
2016-06-30 14:00:00,Hog_lodging_Shanti,315.826,25.0,4.0,15.0,1013.6,5.7,14,4,6,182,24355.1,,Cold
2016-06-30 15:00:00,Hog_lodging_Shanti,308.503,24.4,4.0,13.9,1013.8,4.1,15,4,6,182,24355.1,,Cold
2016-06-30 16:00:00,Hog_lodging_Shanti,314.176,26.1,4.0,11.7,1013.5,7.2,16,4,6,182,24355.1,,Cold
2016-06-30 17:00:00,Hog_lodging_Shanti,322.059,24.4,4.0,11.1,1013.9,7.7,17,4,6,182,24355.1,,Cold
2016-06-30 18:00:00,Hog_lodging_Shanti,326.215,25.0,6.0,10.6,1014.3,7.7,18,4,6,182,24355.1,,Cold
2016-06-30 19:00:00,Hog_lodging_Shanti,312.248,22.8,4.0,11.1,1015.3,6.2,19,4,6,182,24355.1,,Cold
2016-06-30 20:00:00,Hog_lodging_Shanti,301.975,21.1,2.0,8.9,1015.9,6.2,20,4,6,182,24355.1,,Cold
2016-06-30 21:00:00,Hog_lodging_Shanti,292.5,20.0,2.0,10.0,1017.0,6.7,21,4,6,182,24355.1,,Cold
2016-06-30 22:00:00,Hog_lodging_Shanti,289.653,18.3,2.0,11.1,1017.6,5.7,22,4,6,182,24355.1,,Cold
2016-06-30 23:00:00,Hog_lodging_Shanti,289.91,17.2,0.0,11.1,1018.3,4.1,23,4,6,182,24355.1,,Cold
2016-07-01 00:00:00,Hog_lodging_Shanti,283.372,16.7,0.0,11.1,1019.0,4.6,0,5,7,183,24355.1,,Cold
2016-07-01 01:00:00,Hog_lodging_Shanti,277.969,15.0,0.0,10.0,1019.9,5.1,1,5,7,183,24355.1,,Cold
2016-07-01 02:00:00,Hog_lodging_Shanti,277.298,13.3,0.0,8.9,1020.4,4.6,2,5,7,183,24355.1,,Cold
2016-07-01 03:00:00,Hog_lodging_Shanti,272.698,12.2,0.0,7.8,1020.9,6.2,3,5,7,183,24355.1,,Cold
2016-07-01 04:00:00,Hog_lodging_Shanti,270.411,11.7,2.0,7.2,1021.1,4.1,4,5,7,183,24355.1,,Cold
2016-07-01 05:00:00,Hog_lodging_Shanti,270.017,11.7,2.0,7.2,1021.9,3.1,5,5,7,183,24355.1,,Cold
2016-07-01 06:00:00,Hog_lodging_Shanti,267.925,12.8,2.0,7.8,1022.2,3.6,6,5,7,183,24355.1,,Cold
2016-07-01 07:00:00,Hog_lodging_Shanti,290.09,13.9,2.0,8.3,1022.3,4.1,7,5,7,183,24355.1,,Cold
2016-07-01 08:00:00,Hog_lodging_Shanti,309.186,15.6,4.0,7.8,1022.9,3.1,8,5,7,183,24355.1,,Cold
2016-07-01 09:00:00,Hog_lodging_Shanti,314.317,16.7,4.0,7.8,1022.8,3.1,9,5,7,183,24355.1,,Cold
2016-07-01 10:00:00,Hog_lodging_Shanti,313.202,17.8,2.0,7.8,1022.7,1.5,10,5,7,183,24355.1,,Cold
2016-07-01 11:00:00,Hog_lodging_Shanti,314.584,18.9,2.0,8.3,1022.4,2.6,11,5,7,183,24355.1,,Cold
2016-07-01 12:00:00,Hog_lodging_Shanti,320.408,20.0,2.0,8.3,1022.1,0.0,12,5,7,183,24355.1,,Cold
2016-07-01 13:00:00,Hog_lodging_Shanti,321.899,21.1,4.0,7.8,1021.7,1.5,13,5,7,183,24355.1,,Cold
2016-07-01 14:00:00,Hog_lodging_Shanti,300.637,21.7,4.0,8.3,1021.3,2.1,14,5,7,183,24355.1,,Cold
2016-07-01 15:00:00,Hog_lodging_Shanti,290.34,22.2,4.0,6.7,1021.0,2.6,15,5,7,183,24355.1,,Cold
2016-07-01 16:00:00,Hog_lodging_Shanti,282.725,23.3,4.0,7.8,1020.4,2.6,16,5,7,183,24355.1,,Cold
2016-07-01 17:00:00,Hog_lodging_Shanti,284.62,22.8,4.0,8.3,1020.3,0.0,17,5,7,183,24355.1,,Cold
2016-07-01 18:00:00,Hog_lodging_Shanti,285.657,22.2,6.0,7.2,1019.7,3.1,18,5,7,183,24355.1,,Cold
2016-07-01 19:00:00,Hog_lodging_Shanti,293.567,21.7,5.333333333333333,8.9,1019.7,4.1,19,5,7,183,24355.1,,Cold
2016-07-01 20:00:00,Hog_lodging_Shanti,284.931,20.0,4.666666666666667,9.4,1019.8,3.1,20,5,7,183,24355.1,,Cold
2016-07-01 21:00:00,Hog_lodging_Shanti,282.682,19.4,4.0,10.0,1020.3,2.1,21,5,7,183,24355.1,,Cold
2016-07-01 22:00:00,Hog_lodging_Shanti,287.058,18.9,4.0,10.6,1020.5,3.1,22,5,7,183,24355.1,,Cold
2016-07-01 23:00:00,Hog_lodging_Shanti,280.145,17.8,5.0,10.6,1020.7,3.1,23,5,7,183,24355.1,,Cold
2016-07-02 00:00:00,Hog_lodging_Shanti,271.971,17.2,6.0,10.6,1020.8,2.1,0,6,7,184,24355.1,,Cold
2016-07-02 01:00:00,Hog_lodging_Shanti,263.906,17.2,6.0,10.6,1019.9,2.1,1,6,7,184,24355.1,,Cold
2016-07-02 02:00:00,Hog_lodging_Shanti,265.164,16.7,6.0,10.6,1019.5,1.5,2,6,7,184,24355.1,,Cold
2016-07-02 03:00:00,Hog_lodging_Shanti,268.738,16.1,6.0,10.6,1019.7,1.5,3,6,7,184,24355.1,,Cold
2016-07-02 04:00:00,Hog_lodging_Shanti,267.273,16.1,6.0,10.6,1019.7,1.5,4,6,7,184,24355.1,,Cold
2016-07-02 05:00:00,Hog_lodging_Shanti,269.902,16.1,6.0,10.6,1019.8,2.1,5,6,7,184,24355.1,,Cold
2016-07-02 06:00:00,Hog_lodging_Shanti,267.10900000000004,16.1,6.0,10.6,1020.3,2.6,6,6,7,184,24355.1,,Cold
2016-07-02 07:00:00,Hog_lodging_Shanti,266.795,17.8,4.0,11.7,1020.5,2.1,7,6,7,184,24355.1,,Cold
2016-07-02 08:00:00,Hog_lodging_Shanti,269.05,19.4,2.0,11.7,1020.3,1.5,8,6,7,184,24355.1,,Cold
2016-07-02 09:00:00,Hog_lodging_Shanti,275.184,22.2,2.0,12.2,1020.1,2.6,9,6,7,184,24355.1,,Cold
2016-07-02 10:00:00,Hog_lodging_Shanti,260.19,23.3,4.0,11.1,1019.7,3.1,10,6,7,184,24355.1,,Cold
2016-07-02 11:00:00,Hog_lodging_Shanti,175.421,23.9,4.0,10.6,1019.4,3.1,11,6,7,184,24355.1,,Cold
2016-07-02 12:00:00,Hog_lodging_Shanti,167.583,24.4,6.0,10.6,1019.2,2.6,12,6,7,184,24355.1,,Cold
2016-07-02 13:00:00,Hog_lodging_Shanti,167.50799999999995,23.9,4.0,10.0,1018.9,3.1,13,6,7,184,24355.1,,Cold
2016-07-02 14:00:00,Hog_lodging_Shanti,166.645,25.0,4.0,10.0,1018.5,1.5,14,6,7,184,24355.1,,Cold
2016-07-02 15:00:00,Hog_lodging_Shanti,168.05700000000004,25.0,4.0,9.4,1018.2,4.1,15,6,7,184,24355.1,,Cold
2016-07-02 16:00:00,Hog_lodging_Shanti,175.46599999999995,25.6,4.0,9.4,1018.0,3.6,16,6,7,184,24355.1,,Cold
2016-07-02 17:00:00,Hog_lodging_Shanti,176.09099999999995,25.6,4.0,9.4,1017.7,3.1,17,6,7,184,24355.1,,Cold
2016-07-02 18:00:00,Hog_lodging_Shanti,166.923,25.6,4.0,8.9,1017.6,3.1,18,6,7,184,24355.1,,Cold
2016-07-02 19:00:00,Hog_lodging_Shanti,172.84400000000005,25.0,4.0,8.9,1017.4,3.6,19,6,7,184,24355.1,,Cold
2016-07-02 20:00:00,Hog_lodging_Shanti,170.553,23.3,2.0,9.4,1017.3,3.1,20,6,7,184,24355.1,,Cold
2016-07-02 21:00:00,Hog_lodging_Shanti,167.174,22.2,2.0,11.1,1017.4,3.1,21,6,7,184,24355.1,,Cold
2016-07-02 22:00:00,Hog_lodging_Shanti,173.058,21.1,2.0,12.2,1017.5,2.6,22,6,7,184,24355.1,,Cold
2016-07-02 23:00:00,Hog_lodging_Shanti,172.075,21.1,0.0,12.2,1017.7,2.1,23,6,7,184,24355.1,,Cold
2016-07-03 00:00:00,Hog_lodging_Shanti,164.143,20.6,0.0,12.8,1017.8,1.5,0,7,7,185,24355.1,,Cold
2016-07-03 01:00:00,Hog_lodging_Shanti,165.08700000000005,19.4,0.0,12.8,1018.0,2.6,1,7,7,185,24355.1,,Cold
2016-07-03 02:00:00,Hog_lodging_Shanti,164.62599999999995,18.9,0.0,13.3,1018.1,3.1,2,7,7,185,24355.1,,Cold
2016-07-03 03:00:00,Hog_lodging_Shanti,164.27700000000004,17.8,0.0,13.3,1017.9,2.1,3,7,7,185,24355.1,,Cold
2016-07-03 04:00:00,Hog_lodging_Shanti,165.894,17.8,2.0,13.3,1017.7,0.0,4,7,7,185,24355.1,,Cold
2016-07-03 05:00:00,Hog_lodging_Shanti,168.292,17.2,2.0,13.3,1018.0,1.5,5,7,7,185,24355.1,,Cold
2016-07-03 06:00:00,Hog_lodging_Shanti,166.767,17.2,4.0,13.9,1018.2,2.6,6,7,7,185,24355.1,,Cold
2016-07-03 07:00:00,Hog_lodging_Shanti,162.657,18.9,4.0,13.9,1018.4,0.0,7,7,7,185,24355.1,,Cold
2016-07-03 08:00:00,Hog_lodging_Shanti,164.52700000000004,21.7,4.0,13.9,1018.4,0.0,8,7,7,185,24355.1,,Cold
2016-07-03 09:00:00,Hog_lodging_Shanti,168.31099999999995,22.2,4.0,13.3,1018.2,1.5,9,7,7,185,24355.1,,Cold
2016-07-03 10:00:00,Hog_lodging_Shanti,172.203,23.3,4.0,13.9,1017.5,3.1,10,7,7,185,24355.1,,Cold
2016-07-03 11:00:00,Hog_lodging_Shanti,168.171,24.4,4.0,12.8,1017.3,3.6,11,7,7,185,24355.1,,Cold
2016-07-03 12:00:00,Hog_lodging_Shanti,170.826,25.0,4.0,10.6,1017.2,5.7,12,7,7,185,24355.1,,Cold
2016-07-03 13:00:00,Hog_lodging_Shanti,175.725,25.6,4.0,8.9,1016.7,4.6,13,7,7,185,24355.1,,Cold
2016-07-03 14:00:00,Hog_lodging_Shanti,172.372,26.1,2.0,7.8,1016.1,4.6,14,7,7,185,24355.1,,Cold
2016-07-03 15:00:00,Hog_lodging_Shanti,172.42,26.1,2.0,8.9,1015.5,3.1,15,7,7,185,24355.1,,Cold
2016-07-03 16:00:00,Hog_lodging_Shanti,172.22400000000005,26.7,2.0,8.9,1015.0,3.6,16,7,7,185,24355.1,,Cold
2016-07-03 17:00:00,Hog_lodging_Shanti,181.421,26.1,2.0,9.4,1014.5,4.6,17,7,7,185,24355.1,,Cold
2016-07-03 18:00:00,Hog_lodging_Shanti,169.737,25.6,2.0,10.0,1014.0,4.1,18,7,7,185,24355.1,,Cold
2016-07-03 19:00:00,Hog_lodging_Shanti,166.951,25.0,0.0,10.6,1013.5,3.6,19,7,7,185,24355.1,,Cold
2016-07-03 20:00:00,Hog_lodging_Shanti,164.729,23.3,0.0,11.7,1012.9,3.6,20,7,7,185,24355.1,,Cold
2016-07-03 21:00:00,Hog_lodging_Shanti,165.333,22.2,2.0,12.2,1013.1,2.6,21,7,7,185,24355.1,,Cold
2016-07-03 22:00:00,Hog_lodging_Shanti,170.366,21.1,2.0,12.8,1014.0,3.6,22,7,7,185,24355.1,,Cold
2016-07-03 23:00:00,Hog_lodging_Shanti,169.546,20.0,0.0,12.8,1014.0,2.6,23,7,7,185,24355.1,,Cold
2016-07-04 00:00:00,Hog_lodging_Shanti,167.62900000000005,19.4,0.0,12.8,1013.3,4.1,0,1,7,186,24355.1,,Cold
2016-07-04 01:00:00,Hog_lodging_Shanti,166.795,20.0,0.0,12.2,1012.9,3.6,1,1,7,186,24355.1,,Cold
2016-07-04 02:00:00,Hog_lodging_Shanti,167.014,19.4,0.0,11.7,1012.1,2.1,2,1,7,186,24355.1,,Cold
2016-07-04 03:00:00,Hog_lodging_Shanti,163.446,18.9,0.0,12.2,1011.6,2.6,3,1,7,186,24355.1,,Cold
2016-07-04 04:00:00,Hog_lodging_Shanti,165.601,18.3,2.0,12.2,1012.0,0.0,4,1,7,186,24355.1,,Cold
2016-07-04 05:00:00,Hog_lodging_Shanti,168.168,16.7,2.0,12.2,1011.6,2.1,5,1,7,186,24355.1,,Cold
2016-07-04 06:00:00,Hog_lodging_Shanti,166.618,18.3,2.0,13.3,1011.7,1.5,6,1,7,186,24355.1,,Cold
2016-07-04 07:00:00,Hog_lodging_Shanti,164.072,20.0,2.0,13.3,1011.5,3.1,7,1,7,186,24355.1,,Cold
2016-07-04 08:00:00,Hog_lodging_Shanti,165.009,21.7,2.0,13.9,1010.7,4.1,8,1,7,186,24355.1,,Cold
2016-07-04 09:00:00,Hog_lodging_Shanti,165.28599999999997,22.8,3.0,12.8,1010.5,4.1,9,1,7,186,24355.1,,Cold
2016-07-04 10:00:00,Hog_lodging_Shanti,174.738,22.8,4.0,13.3,1010.3,5.1,10,1,7,186,24355.1,,Cold
2016-07-04 11:00:00,Hog_lodging_Shanti,173.42700000000005,23.9,5.0,13.9,1010.0,4.1,11,1,7,186,24355.1,,Cold
2016-07-04 12:00:00,Hog_lodging_Shanti,172.83599999999996,24.4,6.0,13.9,1009.2,5.7,12,1,7,186,24355.1,,Cold
2016-07-04 13:00:00,Hog_lodging_Shanti,172.072,24.4,6.333333333333333,13.9,1009.2,4.1,13,1,7,186,24355.1,,Cold
2016-07-04 14:00:00,Hog_lodging_Shanti,173.11700000000005,26.1,6.666666666666667,14.4,1008.8,3.6,14,1,7,186,24355.1,,Cold
2016-07-04 15:00:00,Hog_lodging_Shanti,180.525,26.1,7.0,15.0,1008.4,4.1,15,1,7,186,24355.1,,Cold
2016-07-04 16:00:00,Hog_lodging_Shanti,183.931,26.1,7.0,15.6,1008.4,5.7,16,1,7,186,24355.1,,Cold
2016-07-04 17:00:00,Hog_lodging_Shanti,181.61900000000003,26.1,7.0,15.6,1007.7,4.6,17,1,7,186,24355.1,,Cold
2016-07-04 18:00:00,Hog_lodging_Shanti,184.33,25.6,8.0,16.1,1007.5,3.6,18,1,7,186,24355.1,,Cold
2016-07-04 19:00:00,Hog_lodging_Shanti,187.539,25.6,6.666666666666667,16.1,1006.9,4.1,19,1,7,186,24355.1,,Cold
2016-07-04 20:00:00,Hog_lodging_Shanti,191.152,24.4,5.333333333333334,16.7,1006.9,4.6,20,1,7,186,24355.1,,Cold
2016-07-04 21:00:00,Hog_lodging_Shanti,177.69799999999995,23.9,4.0,16.7,1007.1,3.6,21,1,7,186,24355.1,,Cold
2016-07-04 22:00:00,Hog_lodging_Shanti,173.497,22.8,4.0,16.7,1007.8,3.6,22,1,7,186,24355.1,,Cold
2016-07-04 23:00:00,Hog_lodging_Shanti,166.83700000000005,22.2,4.0,16.7,1008.0,2.6,23,1,7,186,24355.1,,Cold
2016-07-05 00:00:00,Hog_lodging_Shanti,170.296,21.7,4.0,16.7,1008.3,3.1,0,2,7,187,24355.1,,Cold
2016-07-05 01:00:00,Hog_lodging_Shanti,166.774,21.1,4.666666666666667,16.7,1008.3,2.1,1,2,7,187,24355.1,,Cold
2016-07-05 02:00:00,Hog_lodging_Shanti,164.59900000000005,21.1,5.333333333333333,17.2,1008.0,2.1,2,2,7,187,24355.1,,Cold
2016-07-05 03:00:00,Hog_lodging_Shanti,162.123,21.1,6.0,17.2,1007.2,4.1,3,2,7,187,24355.1,,Cold
2016-07-05 04:00:00,Hog_lodging_Shanti,166.105,21.1,6.0,17.8,1006.9,5.1,4,2,7,187,24355.1,,Cold
2016-07-05 05:00:00,Hog_lodging_Shanti,167.84599999999998,21.7,6.0,18.3,1008.0,1.5,5,2,7,187,24355.1,,Cold
2016-07-05 06:00:00,Hog_lodging_Shanti,168.40599999999995,21.7,8.0,18.3,1008.7,5.1,6,2,7,187,24355.1,,Cold
2016-07-05 07:00:00,Hog_lodging_Shanti,189.735,22.2,7.666666666666667,18.9,1008.6,3.6,7,2,7,187,24355.1,,Cold
2016-07-05 08:00:00,Hog_lodging_Shanti,199.05900000000003,23.3,7.333333333333333,18.3,1007.7,3.6,8,2,7,187,24355.1,,Cold
2016-07-05 09:00:00,Hog_lodging_Shanti,275.532,25.0,7.0,18.3,1007.3,4.6,9,2,7,187,24355.1,,Cold
2016-07-05 10:00:00,Hog_lodging_Shanti,200.572,28.9,7.0,17.8,1007.5,4.1,10,2,7,187,24355.1,,Cold
2016-07-05 11:00:00,Hog_lodging_Shanti,201.371,28.9,7.0,18.3,1007.2,5.1,11,2,7,187,24355.1,,Cold
2016-07-05 12:00:00,Hog_lodging_Shanti,207.781,28.3,6.0,20.0,1006.7,5.7,12,2,7,187,24355.1,,Cold
2016-07-05 13:00:00,Hog_lodging_Shanti,218.939,30.6,6.333333333333333,20.0,1006.7,5.7,13,2,7,187,24355.1,,Cold
2016-07-05 14:00:00,Hog_lodging_Shanti,210.817,31.7,6.666666666666667,19.4,1006.2,6.7,14,2,7,187,24355.1,,Cold
2016-07-05 15:00:00,Hog_lodging_Shanti,209.304,32.2,7.0,20.6,1005.8,7.2,15,2,7,187,24355.1,,Cold
2016-07-05 16:00:00,Hog_lodging_Shanti,208.269,29.4,7.0,21.7,1006.7,3.1,16,2,7,187,24355.1,,Cold
2016-07-05 17:00:00,Hog_lodging_Shanti,226.452,26.7,7.0,20.0,1005.75,14.9,17,2,7,187,24355.1,,Cold
2016-07-05 18:00:00,Hog_lodging_Shanti,234.462,21.7,8.0,18.3,1004.8,14.9,18,2,7,187,24355.1,,Cold
2016-07-05 19:00:00,Hog_lodging_Shanti,216.644,20.6,7.2,18.3,1007.25,6.2,19,2,7,187,24355.1,,Cold
2016-07-05 20:00:00,Hog_lodging_Shanti,198.075,20.6,6.4,17.8,1009.7,2.6,20,2,7,187,24355.1,,Cold
2016-07-05 21:00:00,Hog_lodging_Shanti,203.915,21.1,5.6,16.7,1002.7,8.8,21,2,7,187,24355.1,,Cold
2016-07-05 22:00:00,Hog_lodging_Shanti,189.671,21.1,5.6,16.7,1005.1,2.6,22,2,7,187,24355.1,,Cold
2016-07-05 23:00:00,Hog_lodging_Shanti,183.486,19.4,4.0,17.2,1007.8,3.6,23,2,7,187,24355.1,,Cold
2016-07-06 00:00:00,Hog_lodging_Shanti,177.088,18.9,2.0,17.2,1008.2,3.1,0,3,7,188,24355.1,,Cold
2016-07-06 01:00:00,Hog_lodging_Shanti,174.028,19.4,0.0,17.2,1008.0,0.0,1,3,7,188,24355.1,,Cold
2016-07-06 02:00:00,Hog_lodging_Shanti,175.215,18.9,4.0,17.2,1007.4,1.5,2,3,7,188,24355.1,,Cold
2016-07-06 03:00:00,Hog_lodging_Shanti,170.333,19.4,4.0,17.2,1008.2,1.5,3,3,7,188,24355.1,,Cold
2016-07-06 04:00:00,Hog_lodging_Shanti,172.532,18.9,4.666666666666667,17.2,1008.2,0.0,4,3,7,188,24355.1,,Cold
2016-07-06 05:00:00,Hog_lodging_Shanti,175.305,18.9,5.333333333333333,17.2,1008.1,1.5,5,3,7,188,24355.1,,Cold
2016-07-06 06:00:00,Hog_lodging_Shanti,176.327,19.4,6.0,17.2,1008.2,1.5,6,3,7,188,24355.1,,Cold
2016-07-06 07:00:00,Hog_lodging_Shanti,191.601,21.1,5.6,18.3,1009.2,4.1,7,3,7,188,24355.1,,Cold
2016-07-06 08:00:00,Hog_lodging_Shanti,209.165,22.8,5.2,17.8,1009.5,3.1,8,3,7,188,24355.1,,Cold
2016-07-06 09:00:00,Hog_lodging_Shanti,220.72,24.4,4.8,17.8,1009.7,3.6,9,3,7,188,24355.1,,Cold
2016-07-06 10:00:00,Hog_lodging_Shanti,215.795,26.1,4.8,16.1,1009.6,4.1,10,3,7,188,24355.1,,Cold
2016-07-06 11:00:00,Hog_lodging_Shanti,217.031,27.2,4.0,14.4,1010.0,1.5,11,3,7,188,24355.1,,Cold
2016-07-06 12:00:00,Hog_lodging_Shanti,223.905,28.9,4.0,15.0,1009.7,2.1,12,3,7,188,24355.1,,Cold
2016-07-06 13:00:00,Hog_lodging_Shanti,228.291,28.9,4.0,14.4,1009.2,3.1,13,3,7,188,24355.1,,Cold
2016-07-06 14:00:00,Hog_lodging_Shanti,211.895,30.0,2.0,12.8,1009.2,3.1,14,3,7,188,24355.1,,Cold
2016-07-06 15:00:00,Hog_lodging_Shanti,201.805,30.6,2.0,11.7,1009.2,3.6,15,3,7,188,24355.1,,Cold
2016-07-06 16:00:00,Hog_lodging_Shanti,207.988,31.1,2.0,11.7,1009.1,3.1,16,3,7,188,24355.1,,Cold
2016-07-06 17:00:00,Hog_lodging_Shanti,222.796,30.0,2.0,11.7,1009.3,1.5,17,3,7,188,24355.1,,Cold
2016-07-06 18:00:00,Hog_lodging_Shanti,224.936,29.4,2.0,12.2,1008.9,3.1,18,3,7,188,24355.1,,Cold
2016-07-06 19:00:00,Hog_lodging_Shanti,208.263,28.9,2.0,13.3,1009.1,4.6,19,3,7,188,24355.1,,Cold
2016-07-06 20:00:00,Hog_lodging_Shanti,193.961,26.7,2.0,14.4,1008.4,3.6,20,3,7,188,24355.1,,Cold
2016-07-06 21:00:00,Hog_lodging_Shanti,191.721,25.6,3.5,15.6,1008.8,2.6,21,3,7,188,24355.1,,Cold
2016-07-06 22:00:00,Hog_lodging_Shanti,186.14,25.0,5.0,15.6,1009.1,2.1,22,3,7,188,24355.1,,Cold
2016-07-06 23:00:00,Hog_lodging_Shanti,182.647,24.4,6.5,16.1,1009.2,2.1,23,3,7,188,24355.1,,Cold
2016-07-07 00:00:00,Hog_lodging_Shanti,180.239,23.3,8.0,16.1,1008.3,3.1,0,4,7,189,24355.1,,Cold
2016-07-07 01:00:00,Hog_lodging_Shanti,175.708,23.3,8.0,17.2,1009.1,0.0,1,4,7,189,24355.1,,Cold
2016-07-07 02:00:00,Hog_lodging_Shanti,176.8,22.8,8.0,17.2,1008.0,2.6,2,4,7,189,24355.1,,Cold
2016-07-07 03:00:00,Hog_lodging_Shanti,173.50799999999995,22.8,8.0,17.8,1007.5,2.1,3,4,7,189,24355.1,,Cold
2016-07-07 04:00:00,Hog_lodging_Shanti,174.09599999999998,21.1,8.0,18.9,1004.6,9.8,4,4,7,189,24355.1,,Cold
2016-07-07 05:00:00,Hog_lodging_Shanti,176.93599999999995,20.6,8.0,17.8,1006.0,4.1,5,4,7,189,24355.1,,Cold
2016-07-07 06:00:00,Hog_lodging_Shanti,174.491,20.6,8.0,17.8,1007.0,4.1,6,4,7,189,24355.1,,Cold
2016-07-07 07:00:00,Hog_lodging_Shanti,202.283,22.2,7.2,17.8,1007.3,2.1,7,4,7,189,24355.1,,Cold
2016-07-07 08:00:00,Hog_lodging_Shanti,213.294,22.2,6.4,17.8,1007.2,3.1,8,4,7,189,24355.1,,Cold
2016-07-07 09:00:00,Hog_lodging_Shanti,218.823,23.9,5.6,16.7,1007.6,3.1,9,4,7,189,24355.1,,Cold
2016-07-07 10:00:00,Hog_lodging_Shanti,211.868,25.6,5.6,16.1,1007.4,0.0,10,4,7,189,24355.1,,Cold
2016-07-07 11:00:00,Hog_lodging_Shanti,215.24400000000003,26.1,4.0,16.1,1007.3,1.5,11,4,7,189,24355.1,,Cold
2016-07-07 12:00:00,Hog_lodging_Shanti,221.868,26.7,6.0,16.7,1007.4,2.1,12,4,7,189,24355.1,,Cold
2016-07-07 13:00:00,Hog_lodging_Shanti,225.391,27.2,6.333333333333333,17.2,1007.2,1.5,13,4,7,189,24355.1,,Cold
2016-07-07 14:00:00,Hog_lodging_Shanti,211.501,28.9,6.666666666666667,16.1,1007.0,3.6,14,4,7,189,24355.1,,Cold
2016-07-07 15:00:00,Hog_lodging_Shanti,196.872,27.8,7.0,16.7,1007.4,5.1,15,4,7,189,24355.1,,Cold
2016-07-07 16:00:00,Hog_lodging_Shanti,208.133,26.7,7.0,17.2,1008.0,4.6,16,4,7,189,24355.1,,Cold
2016-07-07 17:00:00,Hog_lodging_Shanti,216.198,25.6,7.0,18.3,1008.0,5.1,17,4,7,189,24355.1,,Cold
2016-07-07 18:00:00,Hog_lodging_Shanti,217.629,24.4,8.0,19.4,1008.8,4.1,18,4,7,189,24355.1,,Cold
2016-07-07 19:00:00,Hog_lodging_Shanti,206.868,23.3,7.0,19.4,1007.8,3.1,19,4,7,189,24355.1,,Cold
2016-07-07 20:00:00,Hog_lodging_Shanti,184.488,22.8,6.0,18.9,1007.0,3.1,20,4,7,189,24355.1,,Cold
2016-07-07 21:00:00,Hog_lodging_Shanti,184.745,22.2,5.0,18.3,1008.0,5.7,21,4,7,189,24355.1,,Cold
2016-07-07 22:00:00,Hog_lodging_Shanti,186.222,21.7,5.0,18.9,1008.5,4.1,22,4,7,189,24355.1,,Cold
2016-07-07 23:00:00,Hog_lodging_Shanti,192.801,22.2,5.0,18.3,1008.1,5.1,23,4,7,189,24355.1,,Cold
2016-07-08 00:00:00,Hog_lodging_Shanti,175.857,21.7,2.0,17.8,1008.3,3.1,0,5,7,190,24355.1,,Cold
2016-07-08 01:00:00,Hog_lodging_Shanti,175.616,21.1,2.0,18.3,1008.1,3.1,1,5,7,190,24355.1,,Cold
2016-07-08 02:00:00,Hog_lodging_Shanti,169.76,20.6,2.0,17.8,1008.1,3.6,2,5,7,190,24355.1,,Cold
2016-07-08 03:00:00,Hog_lodging_Shanti,167.892,20.0,2.0,17.2,1007.9,3.1,3,5,7,190,24355.1,,Cold
2016-07-08 04:00:00,Hog_lodging_Shanti,169.079,19.4,2.6666666666666665,16.7,1007.9,3.1,4,5,7,190,24355.1,,Cold
2016-07-08 05:00:00,Hog_lodging_Shanti,170.333,19.4,3.333333333333333,16.7,1008.0,3.6,5,5,7,190,24355.1,,Cold
2016-07-08 06:00:00,Hog_lodging_Shanti,168.041,19.4,4.0,16.1,1008.5,4.1,6,5,7,190,24355.1,,Cold
2016-07-08 07:00:00,Hog_lodging_Shanti,194.377,20.0,2.0,15.0,1008.9,5.7,7,5,7,190,24355.1,,Cold
2016-07-08 08:00:00,Hog_lodging_Shanti,291.67,21.7,4.0,13.9,1009.5,8.8,8,5,7,190,24355.1,,Cold
2016-07-08 09:00:00,Hog_lodging_Shanti,320.533,21.1,4.5,13.9,1010.0,9.3,9,5,7,190,24355.1,,Cold
2016-07-08 10:00:00,Hog_lodging_Shanti,316.692,21.1,5.0,13.9,1010.5,9.3,10,5,7,190,24355.1,,Cold
2016-07-08 11:00:00,Hog_lodging_Shanti,325.198,21.1,5.5,14.4,1011.2,8.8,11,5,7,190,24355.1,,Cold
2016-07-08 12:00:00,Hog_lodging_Shanti,345.82800000000015,23.3,6.0,15.0,1011.3,9.8,12,5,7,190,24355.1,,Cold
2016-07-08 13:00:00,Hog_lodging_Shanti,352.153,23.3,6.0,14.4,1011.5,7.7,13,5,7,190,24355.1,,Cold
2016-07-08 14:00:00,Hog_lodging_Shanti,296.492,24.4,6.0,15.0,1011.8,8.2,14,5,7,190,24355.1,,Cold
2016-07-08 15:00:00,Hog_lodging_Shanti,198.573,25.6,6.0,15.6,1012.3,7.2,15,5,7,190,24355.1,,Cold
2016-07-08 16:00:00,Hog_lodging_Shanti,166.572,26.1,6.0,15.6,1012.4,7.7,16,5,7,190,24355.1,,Cold
2016-07-08 17:00:00,Hog_lodging_Shanti,171.926,25.6,6.0,15.0,1012.7,5.1,17,5,7,190,24355.1,,Cold
2016-07-08 18:00:00,Hog_lodging_Shanti,165.34,26.1,6.0,14.4,1012.7,6.7,18,5,7,190,24355.1,,Cold
2016-07-08 19:00:00,Hog_lodging_Shanti,165.162,25.0,5.0,13.9,1013.3,6.2,19,5,7,190,24355.1,,Cold
2016-07-08 20:00:00,Hog_lodging_Shanti,168.334,23.3,4.0,14.4,1013.9,4.6,20,5,7,190,24355.1,,Cold
2016-07-08 21:00:00,Hog_lodging_Shanti,170.252,22.8,2.0,14.4,1014.7,4.6,21,5,7,190,24355.1,,Cold
2016-07-08 22:00:00,Hog_lodging_Shanti,172.032,21.7,2.0,15.0,1015.3,2.1,22,5,7,190,24355.1,,Cold
2016-07-08 23:00:00,Hog_lodging_Shanti,169.90099999999995,20.6,0.0,15.0,1015.5,2.6,23,5,7,190,24355.1,,Cold
2016-07-09 00:00:00,Hog_lodging_Shanti,164.41099999999997,20.0,0.0,15.0,1015.9,2.1,0,6,7,191,24355.1,,Cold
2016-07-09 01:00:00,Hog_lodging_Shanti,162.034,19.4,0.0,15.6,1016.6,1.5,1,6,7,191,24355.1,,Cold
2016-07-09 02:00:00,Hog_lodging_Shanti,163.39600000000004,19.4,0.0,15.6,1017.1,0.0,2,6,7,191,24355.1,,Cold
2016-07-09 03:00:00,Hog_lodging_Shanti,161.76,17.8,0.0,15.6,1017.7,1.5,3,6,7,191,24355.1,,Cold
2016-07-09 04:00:00,Hog_lodging_Shanti,161.935,17.8,0.0,15.6,1017.9,1.5,4,6,7,191,24355.1,,Cold
2016-07-09 05:00:00,Hog_lodging_Shanti,164.388,17.8,0.0,15.0,1017.9,0.0,5,6,7,191,24355.1,,Cold
2016-07-09 06:00:00,Hog_lodging_Shanti,169.703,18.3,0.0,15.0,1017.9,3.1,6,6,7,191,24355.1,,Cold
2016-07-09 07:00:00,Hog_lodging_Shanti,165.516,19.4,0.0,14.4,1018.2,3.1,7,6,7,191,24355.1,,Cold
2016-07-09 08:00:00,Hog_lodging_Shanti,167.708,21.1,0.0,15.6,1018.7,0.0,8,6,7,191,24355.1,,Cold
2016-07-09 09:00:00,Hog_lodging_Shanti,168.27900000000002,22.2,0.0,14.4,1018.8,2.1,9,6,7,191,24355.1,,Cold
2016-07-09 10:00:00,Hog_lodging_Shanti,168.237,23.9,0.0,15.0,1018.6,3.1,10,6,7,191,24355.1,,Cold
2016-07-09 11:00:00,Hog_lodging_Shanti,165.845,25.0,0.0,15.0,1018.5,3.6,11,6,7,191,24355.1,,Cold
2016-07-09 12:00:00,Hog_lodging_Shanti,165.25,25.6,2.0,13.9,1018.4,1.5,12,6,7,191,24355.1,,Cold
2016-07-09 13:00:00,Hog_lodging_Shanti,163.452,26.1,4.0,14.4,1018.1,2.6,13,6,7,191,24355.1,,Cold
2016-07-09 14:00:00,Hog_lodging_Shanti,166.759,27.2,4.0,14.4,1017.7,4.6,14,6,7,191,24355.1,,Cold
2016-07-09 15:00:00,Hog_lodging_Shanti,165.49,27.2,4.0,15.0,1017.5,4.1,15,6,7,191,24355.1,,Cold
2016-07-09 16:00:00,Hog_lodging_Shanti,166.509,27.2,4.0,15.0,1017.1,4.1,16,6,7,191,24355.1,,Cold
2016-07-09 17:00:00,Hog_lodging_Shanti,167.74599999999995,27.2,4.0,14.4,1016.5,5.7,17,6,7,191,24355.1,,Cold
2016-07-09 18:00:00,Hog_lodging_Shanti,163.984,26.7,4.0,15.6,1015.7,5.7,18,6,7,191,24355.1,,Cold
2016-07-09 19:00:00,Hog_lodging_Shanti,167.605,26.1,4.0,15.6,1015.5,3.6,19,6,7,191,24355.1,,Cold
2016-07-09 20:00:00,Hog_lodging_Shanti,170.148,24.4,4.0,16.1,1015.1,4.1,20,6,7,191,24355.1,,Cold
2016-07-09 21:00:00,Hog_lodging_Shanti,178.41400000000004,23.9,4.0,16.1,1015.2,4.1,21,6,7,191,24355.1,,Cold
2016-07-09 22:00:00,Hog_lodging_Shanti,174.388,22.8,4.0,16.1,1014.9,3.6,22,6,7,191,24355.1,,Cold
2016-07-09 23:00:00,Hog_lodging_Shanti,169.83599999999996,22.8,4.0,15.6,1015.0,4.1,23,6,7,191,24355.1,,Cold
2016-07-10 00:00:00,Hog_lodging_Shanti,164.705,22.2,6.0,16.1,1014.6,4.1,0,7,7,192,24355.1,,Cold
2016-07-10 01:00:00,Hog_lodging_Shanti,164.69,21.7,6.333333333333333,16.1,1013.8,4.6,1,7,7,192,24355.1,,Cold
2016-07-10 02:00:00,Hog_lodging_Shanti,164.128,21.7,6.666666666666667,16.1,1013.9,4.6,2,7,7,192,24355.1,,Cold
2016-07-10 03:00:00,Hog_lodging_Shanti,165.04,21.7,7.0,16.1,1013.2,5.7,3,7,7,192,24355.1,,Cold
2016-07-10 04:00:00,Hog_lodging_Shanti,165.41400000000004,21.1,7.0,16.7,1012.0,6.2,4,7,7,192,24355.1,,Cold
2016-07-10 05:00:00,Hog_lodging_Shanti,167.26,19.4,7.0,17.2,1013.2,2.2,5,7,7,192,24355.1,,Cold
2016-07-10 06:00:00,Hog_lodging_Shanti,163.916,18.9,8.0,17.8,1010.8,5.7,6,7,7,192,24355.1,,Cold
2016-07-10 07:00:00,Hog_lodging_Shanti,161.489,19.4,8.0,17.8,1010.2,5.1,7,7,7,192,24355.1,,Cold
2016-07-10 08:00:00,Hog_lodging_Shanti,161.42600000000004,20.0,8.0,17.8,1010.3,4.1,8,7,7,192,24355.1,,Cold
2016-07-10 09:00:00,Hog_lodging_Shanti,163.241,21.1,8.0,17.8,1010.2,3.1,9,7,7,192,24355.1,,Cold
2016-07-10 10:00:00,Hog_lodging_Shanti,172.59099999999995,23.3,8.0,18.3,1009.8,2.1,10,7,7,192,24355.1,,Cold
2016-07-10 11:00:00,Hog_lodging_Shanti,175.075,24.4,8.0,17.8,1010.8,5.7,11,7,7,192,24355.1,,Cold
2016-07-10 12:00:00,Hog_lodging_Shanti,177.162,25.6,8.0,17.8,1008.0,3.1,12,7,7,192,24355.1,,Cold
2016-07-10 13:00:00,Hog_lodging_Shanti,180.776,26.7,7.666666666666667,17.8,1009.4,2.1,13,7,7,192,24355.1,,Cold
2016-07-10 14:00:00,Hog_lodging_Shanti,181.982,26.7,7.333333333333333,18.9,1008.9,4.6,14,7,7,192,24355.1,,Cold
2016-07-10 15:00:00,Hog_lodging_Shanti,190.845,26.7,7.0,18.3,1009.2,4.1,15,7,7,192,24355.1,,Cold
2016-07-10 16:00:00,Hog_lodging_Shanti,181.698,26.7,7.0,18.9,1009.7,2.6,16,7,7,192,24355.1,,Cold
2016-07-10 17:00:00,Hog_lodging_Shanti,182.12,27.2,7.0,18.3,1009.6,2.6,17,7,7,192,24355.1,,Cold
2016-07-10 18:00:00,Hog_lodging_Shanti,186.361,27.2,6.0,18.3,1009.1,3.6,18,7,7,192,24355.1,,Cold
2016-07-10 19:00:00,Hog_lodging_Shanti,188.334,27.2,5.333333333333333,18.3,1009.4,3.6,19,7,7,192,24355.1,,Cold
2016-07-10 20:00:00,Hog_lodging_Shanti,199.11,25.6,4.666666666666667,18.9,1008.7,4.1,20,7,7,192,24355.1,,Cold
2016-07-10 21:00:00,Hog_lodging_Shanti,186.29,24.4,4.0,19.4,1009.0,4.6,21,7,7,192,24355.1,,Cold
2016-07-10 22:00:00,Hog_lodging_Shanti,189.266,23.9,5.333333333333333,19.4,1009.6,4.6,22,7,7,192,24355.1,,Cold
2016-07-10 23:00:00,Hog_lodging_Shanti,180.711,23.9,6.666666666666666,19.4,1009.2,3.6,23,7,7,192,24355.1,,Cold
2016-07-11 00:00:00,Hog_lodging_Shanti,171.55900000000003,23.3,8.0,19.4,1008.5,5.1,0,1,7,193,24355.1,,Cold
2016-07-11 01:00:00,Hog_lodging_Shanti,168.40400000000002,23.3,8.0,19.4,1008.4,4.1,1,1,7,193,24355.1,,Cold
2016-07-11 02:00:00,Hog_lodging_Shanti,166.958,22.8,8.0,19.4,1007.7,4.6,2,1,7,193,24355.1,,Cold
2016-07-11 03:00:00,Hog_lodging_Shanti,165.22099999999998,22.2,8.0,19.4,1006.8,5.7,3,1,7,193,24355.1,,Cold
2016-07-11 04:00:00,Hog_lodging_Shanti,165.02200000000005,22.2,8.0,20.0,1006.75,6.7,4,1,7,193,24355.1,,Cold
2016-07-11 05:00:00,Hog_lodging_Shanti,166.74599999999995,22.2,8.0,20.0,1006.7,3.6,5,1,7,193,24355.1,,Cold
2016-07-11 06:00:00,Hog_lodging_Shanti,169.37,23.3,8.0,20.6,1007.6,5.1,6,1,7,193,24355.1,,Cold
2016-07-11 07:00:00,Hog_lodging_Shanti,196.974,23.3,8.0,20.6,1007.7,5.1,7,1,7,193,24355.1,,Cold
2016-07-11 08:00:00,Hog_lodging_Shanti,198.752,23.3,8.0,19.4,1007.5,7.2,8,1,7,193,24355.1,,Cold
2016-07-11 09:00:00,Hog_lodging_Shanti,202.164,23.3,8.0,18.9,1006.7,5.1,9,1,7,193,24355.1,,Cold
2016-07-11 10:00:00,Hog_lodging_Shanti,203.968,25.0,8.0,20.6,1007.3,5.1,10,1,7,193,24355.1,,Cold
2016-07-11 11:00:00,Hog_lodging_Shanti,210.448,26.7,8.0,21.7,1006.3,5.7,11,1,7,193,24355.1,,Cold
2016-07-11 12:00:00,Hog_lodging_Shanti,220.838,27.8,8.0,22.2,1005.5,5.1,12,1,7,193,24355.1,,Cold
2016-07-11 13:00:00,Hog_lodging_Shanti,223.803,30.0,7.666666666666667,23.3,1004.2,6.2,13,1,7,193,24355.1,,Cold
2016-07-11 14:00:00,Hog_lodging_Shanti,213.647,32.2,7.333333333333333,23.3,1003.4,7.7,14,1,7,193,24355.1,,Cold
2016-07-11 15:00:00,Hog_lodging_Shanti,205.174,31.7,7.0,22.8,1002.4,9.8,15,1,7,193,24355.1,,Cold
2016-07-11 16:00:00,Hog_lodging_Shanti,216.892,31.7,7.0,22.8,1002.4,9.3,16,1,7,193,24355.1,,Cold
2016-07-11 17:00:00,Hog_lodging_Shanti,231.247,31.7,7.0,22.2,1001.4,10.3,17,1,7,193,24355.1,,Cold
2016-07-11 18:00:00,Hog_lodging_Shanti,227.268,31.1,6.0,22.8,1001.4,8.8,18,1,7,193,24355.1,,Cold
2016-07-11 19:00:00,Hog_lodging_Shanti,212.26,30.6,6.333333333333333,22.8,1000.5,9.3,19,1,7,193,24355.1,,Cold
2016-07-11 20:00:00,Hog_lodging_Shanti,208.71400000000003,30.0,6.666666666666667,22.2,1000.0,7.7,20,1,7,193,24355.1,,Cold
2016-07-11 21:00:00,Hog_lodging_Shanti,204.109,30.0,7.0,22.2,1000.1,6.7,21,1,7,193,24355.1,,Cold
2016-07-11 22:00:00,Hog_lodging_Shanti,208.461,28.9,7.0,22.8,1000.3,5.1,22,1,7,193,24355.1,,Cold
2016-07-11 23:00:00,Hog_lodging_Shanti,194.89,27.8,7.0,22.8,999.8,4.6,23,1,7,193,24355.1,,Cold
2016-07-12 00:00:00,Hog_lodging_Shanti,191.007,28.3,8.0,21.7,1001.2,5.1,0,2,7,194,24355.1,,Cold
2016-07-12 01:00:00,Hog_lodging_Shanti,178.83599999999996,25.6,7.666666666666667,22.8,1001.5,1.5,1,2,7,194,24355.1,,Cold
2016-07-12 02:00:00,Hog_lodging_Shanti,175.83700000000005,24.4,7.333333333333333,21.7,1001.5,4.6,2,2,7,194,24355.1,,Cold
2016-07-12 03:00:00,Hog_lodging_Shanti,175.71400000000003,22.8,7.0,19.4,1001.4,3.6,3,2,7,194,24355.1,,Cold
2016-07-12 04:00:00,Hog_lodging_Shanti,171.608,22.8,7.0,19.4,1002.3,5.7,4,2,7,194,24355.1,,Cold
2016-07-12 05:00:00,Hog_lodging_Shanti,176.35299999999995,22.8,7.0,20.0,1002.9,6.7,5,2,7,194,24355.1,,Cold
2016-07-12 06:00:00,Hog_lodging_Shanti,176.886,22.8,6.0,18.9,1004.2,5.7,6,2,7,194,24355.1,,Cold
2016-07-12 07:00:00,Hog_lodging_Shanti,203.499,22.2,5.333333333333333,16.1,1005.2,5.1,7,2,7,194,24355.1,,Cold
2016-07-12 08:00:00,Hog_lodging_Shanti,213.925,22.8,4.666666666666667,15.6,1005.9,5.1,8,2,7,194,24355.1,,Cold
2016-07-12 09:00:00,Hog_lodging_Shanti,221.354,24.4,4.0,14.4,1006.1,4.6,9,2,7,194,24355.1,,Cold
2016-07-12 10:00:00,Hog_lodging_Shanti,211.212,25.6,4.0,14.4,1006.5,6.2,10,2,7,194,24355.1,,Cold
2016-07-12 11:00:00,Hog_lodging_Shanti,210.87,26.7,2.0,12.8,1006.4,7.7,11,2,7,194,24355.1,,Cold
2016-07-12 12:00:00,Hog_lodging_Shanti,221.068,27.8,2.0,13.9,1005.9,6.7,12,2,7,194,24355.1,,Cold
2016-07-12 13:00:00,Hog_lodging_Shanti,221.378,28.9,0.0,13.9,1005.9,9.3,13,2,7,194,24355.1,,Cold
2016-07-12 14:00:00,Hog_lodging_Shanti,190.881,29.4,2.0,13.3,1006.1,6.7,14,2,7,194,24355.1,,Cold
2016-07-12 15:00:00,Hog_lodging_Shanti,204.535,29.4,0.0,13.3,1006.0,7.2,15,2,7,194,24355.1,,Cold
2016-07-12 16:00:00,Hog_lodging_Shanti,222.712,30.0,0.0,12.2,1006.1,9.3,16,2,7,194,24355.1,,Cold
2016-07-12 17:00:00,Hog_lodging_Shanti,220.186,29.4,0.0,11.7,1006.3,7.7,17,2,7,194,24355.1,,Cold
2016-07-12 18:00:00,Hog_lodging_Shanti,224.326,29.4,0.0,13.3,1006.4,6.7,18,2,7,194,24355.1,,Cold
2016-07-12 19:00:00,Hog_lodging_Shanti,203.058,28.3,0.0,12.8,1006.6,5.7,19,2,7,194,24355.1,,Cold
2016-07-12 20:00:00,Hog_lodging_Shanti,186.701,27.2,0.0,13.9,1006.6,5.1,20,2,7,194,24355.1,,Cold
2016-07-12 21:00:00,Hog_lodging_Shanti,188.125,26.1,0.0,14.4,1007.0,4.1,21,2,7,194,24355.1,,Cold
2016-07-12 22:00:00,Hog_lodging_Shanti,191.424,25.0,0.0,13.9,1007.0,5.1,22,2,7,194,24355.1,,Cold
2016-07-12 23:00:00,Hog_lodging_Shanti,189.752,25.0,0.0,14.4,1007.1,4.6,23,2,7,194,24355.1,,Cold
2016-07-13 00:00:00,Hog_lodging_Shanti,181.94,24.4,0.0,16.1,1006.7,4.6,0,3,7,195,24355.1,,Cold
2016-07-13 01:00:00,Hog_lodging_Shanti,178.17,23.9,0.0,15.6,1006.4,5.1,1,3,7,195,24355.1,,Cold
2016-07-13 02:00:00,Hog_lodging_Shanti,173.21,23.9,0.0,16.7,1006.2,6.2,2,3,7,195,24355.1,,Cold
2016-07-13 03:00:00,Hog_lodging_Shanti,171.808,23.3,0.0,16.7,1005.8,4.6,3,3,7,195,24355.1,,Cold
2016-07-13 04:00:00,Hog_lodging_Shanti,171.94,23.3,0.0,17.8,1005.8,5.7,4,3,7,195,24355.1,,Cold
2016-07-13 05:00:00,Hog_lodging_Shanti,174.352,22.8,2.0,18.3,1006.6,4.6,5,3,7,195,24355.1,,Cold
2016-07-13 06:00:00,Hog_lodging_Shanti,173.287,22.8,2.0,18.9,1006.1,5.7,6,3,7,195,24355.1,,Cold
2016-07-13 07:00:00,Hog_lodging_Shanti,196.275,23.3,4.0,19.4,1006.0,4.1,7,3,7,195,24355.1,,Cold
2016-07-13 08:00:00,Hog_lodging_Shanti,214.828,24.4,4.0,17.8,1006.1,5.7,8,3,7,195,24355.1,,Cold
2016-07-13 09:00:00,Hog_lodging_Shanti,222.426,25.0,3.5,16.7,1006.7,5.1,9,3,7,195,24355.1,,Cold
2016-07-13 10:00:00,Hog_lodging_Shanti,283.943,24.4,3.0,16.7,1007.8,6.2,10,3,7,195,24355.1,,Cold
2016-07-13 11:00:00,Hog_lodging_Shanti,302.571,26.7,2.5,15.0,1006.6,7.2,11,3,7,195,24355.1,,Cold
2016-07-13 12:00:00,Hog_lodging_Shanti,365.767,28.3,2.0,13.9,1006.1,7.7,12,3,7,195,24355.1,,Cold
2016-07-13 13:00:00,Hog_lodging_Shanti,383.701,28.9,2.0,13.3,1005.7,7.7,13,3,7,195,24355.1,,Cold
2016-07-13 14:00:00,Hog_lodging_Shanti,306.066,28.9,2.0,13.3,1005.5,10.8,14,3,7,195,24355.1,,Cold
2016-07-13 15:00:00,Hog_lodging_Shanti,275.39,28.3,4.0,13.9,1006.0,7.2,15,3,7,195,24355.1,,Cold
2016-07-13 16:00:00,Hog_lodging_Shanti,300.744,28.9,4.0,13.9,1005.4,10.3,16,3,7,195,24355.1,,Cold
2016-07-13 17:00:00,Hog_lodging_Shanti,346.3180000000001,28.3,4.0,14.4,1005.7,8.2,17,3,7,195,24355.1,,Cold
2016-07-13 18:00:00,Hog_lodging_Shanti,344.6330000000001,27.8,2.0,13.3,1005.9,8.8,18,3,7,195,24355.1,,Cold
2016-07-13 19:00:00,Hog_lodging_Shanti,326.88,26.7,2.0,13.3,1006.6,6.2,19,3,7,195,24355.1,,Cold
2016-07-13 20:00:00,Hog_lodging_Shanti,308.96,26.1,2.0,13.9,1007.0,5.1,20,3,7,195,24355.1,,Cold
2016-07-13 21:00:00,Hog_lodging_Shanti,304.125,21.7,4.0,16.7,1008.0,5.1,21,3,7,195,24355.1,,Cold
2016-07-13 22:00:00,Hog_lodging_Shanti,310.2870000000001,21.7,2.0,14.4,1008.4,6.7,22,3,7,195,24355.1,,Cold
2016-07-13 23:00:00,Hog_lodging_Shanti,295.756,21.7,2.0,11.1,1008.6,8.2,23,3,7,195,24355.1,,Cold
2016-07-14 00:00:00,Hog_lodging_Shanti,281.55,21.1,2.0,11.7,1008.5,6.2,0,4,7,196,24355.1,,Cold
2016-07-14 01:00:00,Hog_lodging_Shanti,276.601,21.1,2.0,12.2,1008.4,7.7,1,4,7,196,24355.1,,Cold
2016-07-14 02:00:00,Hog_lodging_Shanti,274.079,20.6,2.0,12.2,1008.1,7.2,2,4,7,196,24355.1,,Cold
2016-07-14 03:00:00,Hog_lodging_Shanti,270.043,20.0,2.0,12.8,1008.2,4.6,3,4,7,196,24355.1,,Cold
2016-07-14 04:00:00,Hog_lodging_Shanti,269.664,20.0,2.0,13.3,1008.4,4.6,4,4,7,196,24355.1,,Cold
2016-07-14 05:00:00,Hog_lodging_Shanti,270.394,19.4,2.0,13.9,1008.5,5.1,5,4,7,196,24355.1,,Cold
2016-07-14 06:00:00,Hog_lodging_Shanti,298.937,20.0,4.0,14.4,1009.1,6.2,6,4,7,196,24355.1,,Cold
2016-07-14 07:00:00,Hog_lodging_Shanti,336.32,20.6,4.666666666666667,15.0,1009.7,6.2,7,4,7,196,24355.1,,Cold
2016-07-14 08:00:00,Hog_lodging_Shanti,341.981,21.1,5.333333333333333,15.0,1010.4,6.2,8,4,7,196,24355.1,,Cold
2016-07-14 09:00:00,Hog_lodging_Shanti,350.451,20.6,6.0,13.9,1010.9,7.7,9,4,7,196,24355.1,,Cold
2016-07-14 10:00:00,Hog_lodging_Shanti,333.465,20.0,6.0,13.3,1010.8,8.2,10,4,7,196,24355.1,,Cold
2016-07-14 11:00:00,Hog_lodging_Shanti,333.285,20.6,6.0,12.2,1011.3,6.2,11,4,7,196,24355.1,,Cold
2016-07-14 12:00:00,Hog_lodging_Shanti,337.755,20.6,8.0,12.2,1011.9,8.2,12,4,7,196,24355.1,,Cold
2016-07-14 13:00:00,Hog_lodging_Shanti,336.366,20.6,8.0,13.3,1012.2,6.2,13,4,7,196,24355.1,,Cold
2016-07-14 14:00:00,Hog_lodging_Shanti,318.341,20.0,8.0,13.9,1012.3,6.7,14,4,7,196,24355.1,,Cold
2016-07-14 15:00:00,Hog_lodging_Shanti,314.767,20.0,8.0,14.4,1012.5,6.2,15,4,7,196,24355.1,,Cold
2016-07-14 16:00:00,Hog_lodging_Shanti,321.009,17.2,8.0,15.0,1013.0,6.7,16,4,7,196,24355.1,,Cold
2016-07-14 17:00:00,Hog_lodging_Shanti,336.918,18.9,8.0,15.6,1012.8,5.7,17,4,7,196,24355.1,,Cold
2016-07-14 18:00:00,Hog_lodging_Shanti,344.4480000000001,17.8,8.0,15.6,1013.3,5.7,18,4,7,196,24355.1,,Cold
2016-07-14 19:00:00,Hog_lodging_Shanti,339.886,17.8,8.0,15.6,1013.6,4.6,19,4,7,196,24355.1,,Cold
2016-07-14 20:00:00,Hog_lodging_Shanti,309.6620000000001,16.7,8.0,15.6,1014.05,3.6,20,4,7,196,24355.1,,Cold
2016-07-14 21:00:00,Hog_lodging_Shanti,290.822,17.2,8.0,15.6,1014.5,4.1,21,4,7,196,24355.1,,Cold
2016-07-14 22:00:00,Hog_lodging_Shanti,287.11,16.7,8.0,15.6,1014.8,4.1,22,4,7,196,24355.1,,Cold
2016-07-14 23:00:00,Hog_lodging_Shanti,290.478,17.2,8.0,15.6,1015.3,3.6,23,4,7,196,24355.1,,Cold
2016-07-15 00:00:00,Hog_lodging_Shanti,284.441,17.2,8.0,15.6,1015.6,5.1,0,5,7,197,24355.1,,Cold
2016-07-15 01:00:00,Hog_lodging_Shanti,265.895,16.7,8.0,15.0,1016.1,6.2,1,5,7,197,24355.1,,Cold
2016-07-15 02:00:00,Hog_lodging_Shanti,255.68400000000003,16.1,8.0,14.4,1016.5,4.1,2,5,7,197,24355.1,,Cold
2016-07-15 03:00:00,Hog_lodging_Shanti,255.235,16.1,8.0,14.4,1016.8,3.1,3,5,7,197,24355.1,,Cold
2016-07-15 04:00:00,Hog_lodging_Shanti,255.572,16.1,8.0,14.4,1017.1,3.6,4,5,7,197,24355.1,,Cold
2016-07-15 05:00:00,Hog_lodging_Shanti,253.833,16.1,8.0,14.4,1017.5,2.1,5,5,7,197,24355.1,,Cold
2016-07-15 06:00:00,Hog_lodging_Shanti,265.409,16.7,8.0,14.4,1018.3,0.0,6,5,7,197,24355.1,,Cold
2016-07-15 07:00:00,Hog_lodging_Shanti,305.8520000000001,17.2,7.2,14.4,1018.8,2.1,7,5,7,197,24355.1,,Cold
2016-07-15 08:00:00,Hog_lodging_Shanti,314.54,17.8,6.4,14.4,1019.4,1.5,8,5,7,197,24355.1,,Cold
2016-07-15 09:00:00,Hog_lodging_Shanti,313.347,18.9,5.6,13.9,1019.2,0.0,9,5,7,197,24355.1,,Cold
2016-07-15 10:00:00,Hog_lodging_Shanti,301.231,20.6,5.6,14.4,1019.4,0.0,10,5,7,197,24355.1,,Cold
2016-07-15 11:00:00,Hog_lodging_Shanti,317.464,22.2,4.0,13.9,1019.1,2.1,11,5,7,197,24355.1,,Cold
2016-07-15 12:00:00,Hog_lodging_Shanti,317.493,22.8,6.0,13.3,1019.0,2.1,12,5,7,197,24355.1,,Cold
2016-07-15 13:00:00,Hog_lodging_Shanti,338.97,23.9,5.0,13.3,1018.8,4.6,13,5,7,197,24355.1,,Cold
2016-07-15 14:00:00,Hog_lodging_Shanti,323.323,25.6,4.0,12.2,1018.5,4.6,14,5,7,197,24355.1,,Cold
2016-07-15 15:00:00,Hog_lodging_Shanti,312.647,25.0,4.5,10.0,1018.0,0.0,15,5,7,197,24355.1,,Cold
2016-07-15 16:00:00,Hog_lodging_Shanti,328.086,24.4,5.0,11.7,1017.5,4.1,16,5,7,197,24355.1,,Cold
2016-07-15 17:00:00,Hog_lodging_Shanti,334.881,24.4,5.5,10.6,1017.2,4.1,17,5,7,197,24355.1,,Cold
2016-07-15 18:00:00,Hog_lodging_Shanti,325.619,23.3,6.0,10.6,1017.0,3.1,18,5,7,197,24355.1,,Cold
2016-07-15 19:00:00,Hog_lodging_Shanti,314.695,24.4,4.0,10.0,1016.8,3.1,19,5,7,197,24355.1,,Cold
2016-07-15 20:00:00,Hog_lodging_Shanti,295.1140000000001,22.2,4.0,11.1,1017.0,2.1,20,5,7,197,24355.1,,Cold
2016-07-15 21:00:00,Hog_lodging_Shanti,281.795,21.1,4.0,11.7,1017.5,1.5,21,5,7,197,24355.1,,Cold
2016-07-15 22:00:00,Hog_lodging_Shanti,196.316,20.6,2.0,12.2,1017.8,0.0,22,5,7,197,24355.1,,Cold
2016-07-15 23:00:00,Hog_lodging_Shanti,181.139,19.4,2.0,12.8,1018.0,0.0,23,5,7,197,24355.1,,Cold
2016-07-16 00:00:00,Hog_lodging_Shanti,177.983,19.4,0.0,12.8,1018.1,1.5,0,6,7,198,24355.1,,Cold
2016-07-16 01:00:00,Hog_lodging_Shanti,169.3,18.9,4.0,13.3,1018.1,1.5,1,6,7,198,24355.1,,Cold
2016-07-16 02:00:00,Hog_lodging_Shanti,165.502,18.3,3.0,13.3,1018.1,1.5,2,6,7,198,24355.1,,Cold
2016-07-16 03:00:00,Hog_lodging_Shanti,168.202,17.8,2.0,13.3,1017.9,0.0,3,6,7,198,24355.1,,Cold
2016-07-16 04:00:00,Hog_lodging_Shanti,167.774,17.2,2.0,13.3,1018.0,1.5,4,6,7,198,24355.1,,Cold
2016-07-16 05:00:00,Hog_lodging_Shanti,169.706,16.7,2.0,12.8,1018.2,0.0,5,6,7,198,24355.1,,Cold
2016-07-16 06:00:00,Hog_lodging_Shanti,176.832,17.2,2.0,12.8,1018.7,1.5,6,6,7,198,24355.1,,Cold
2016-07-16 07:00:00,Hog_lodging_Shanti,190.696,18.9,0.0,13.3,1019.1,0.0,7,6,7,198,24355.1,,Cold
2016-07-16 08:00:00,Hog_lodging_Shanti,197.81,21.1,0.0,13.9,1018.6,1.5,8,6,7,198,24355.1,,Cold
2016-07-16 09:00:00,Hog_lodging_Shanti,206.318,22.8,0.0,13.3,1018.3,2.6,9,6,7,198,24355.1,,Cold
2016-07-16 10:00:00,Hog_lodging_Shanti,199.39,25.0,4.0,13.3,1017.9,4.6,10,6,7,198,24355.1,,Cold
2016-07-16 11:00:00,Hog_lodging_Shanti,196.356,25.0,4.0,12.8,1017.7,4.6,11,6,7,198,24355.1,,Cold
2016-07-16 12:00:00,Hog_lodging_Shanti,194.066,25.6,4.0,11.7,1017.1,5.1,12,6,7,198,24355.1,,Cold
2016-07-16 13:00:00,Hog_lodging_Shanti,196.211,25.6,4.0,12.2,1016.3,4.6,13,6,7,198,24355.1,,Cold
2016-07-16 14:00:00,Hog_lodging_Shanti,193.18400000000003,26.7,4.0,13.3,1015.5,5.7,14,6,7,198,24355.1,,Cold
2016-07-16 15:00:00,Hog_lodging_Shanti,185.769,26.7,4.5,12.8,1014.7,7.2,15,6,7,198,24355.1,,Cold
2016-07-16 16:00:00,Hog_lodging_Shanti,193.151,26.7,5.0,13.9,1014.4,5.7,16,6,7,198,24355.1,,Cold
2016-07-16 17:00:00,Hog_lodging_Shanti,213.583,26.1,5.5,13.9,1013.7,6.7,17,6,7,198,24355.1,,Cold
2016-07-16 18:00:00,Hog_lodging_Shanti,213.748,25.0,6.0,14.4,1013.4,6.7,18,6,7,198,24355.1,,Cold
2016-07-16 19:00:00,Hog_lodging_Shanti,209.427,24.4,6.333333333333333,15.0,1013.4,4.1,19,6,7,198,24355.1,,Cold
2016-07-16 20:00:00,Hog_lodging_Shanti,205.657,23.9,6.666666666666667,16.1,1014.1,3.6,20,6,7,198,24355.1,,Cold
2016-07-16 21:00:00,Hog_lodging_Shanti,185.019,23.3,7.0,17.2,1014.9,2.1,21,6,7,198,24355.1,,Cold
2016-07-16 22:00:00,Hog_lodging_Shanti,188.264,22.2,7.0,17.2,1015.0,2.1,22,6,7,198,24355.1,,Cold
2016-07-16 23:00:00,Hog_lodging_Shanti,197.675,20.0,7.0,17.2,1011.0,10.3,23,6,7,198,24355.1,,Cold
2016-07-17 00:00:00,Hog_lodging_Shanti,188.66,20.6,8.0,16.7,1008.4,5.7,0,7,7,199,24355.1,,Cold
2016-07-17 01:00:00,Hog_lodging_Shanti,172.155,21.7,7.666666666666667,17.2,1009.45,9.3,1,7,7,199,24355.1,,Cold
2016-07-17 02:00:00,Hog_lodging_Shanti,173.618,20.6,7.333333333333333,17.2,1010.5,6.7,2,7,7,199,24355.1,,Cold
2016-07-17 03:00:00,Hog_lodging_Shanti,174.451,19.4,7.0,16.1,1006.3,13.4,3,7,7,199,24355.1,,Cold
2016-07-17 04:00:00,Hog_lodging_Shanti,171.09900000000005,20.0,7.0,15.6,1007.2,4.1,4,7,7,199,24355.1,,Cold
2016-07-17 05:00:00,Hog_lodging_Shanti,172.116,18.9,7.0,16.1,1010.1,6.7,5,7,7,199,24355.1,,Cold
2016-07-17 06:00:00,Hog_lodging_Shanti,183.594,18.9,6.0,16.7,1010.1,3.1,6,7,7,199,24355.1,,Cold
2016-07-17 07:00:00,Hog_lodging_Shanti,196.729,19.4,5.333333333333333,17.2,1010.7,2.1,7,7,7,199,24355.1,,Cold
2016-07-17 08:00:00,Hog_lodging_Shanti,204.571,20.6,4.666666666666667,16.7,1010.5,2.6,8,7,7,199,24355.1,,Cold
2016-07-17 09:00:00,Hog_lodging_Shanti,212.379,22.8,4.0,16.7,1010.0,4.1,9,7,7,199,24355.1,,Cold
2016-07-17 10:00:00,Hog_lodging_Shanti,211.783,25.0,2.0,16.7,1009.8,5.1,10,7,7,199,24355.1,,Cold
2016-07-17 11:00:00,Hog_lodging_Shanti,212.643,26.1,4.0,17.2,1010.0,8.8,11,7,7,199,24355.1,,Cold
2016-07-17 12:00:00,Hog_lodging_Shanti,221.537,27.2,6.0,18.3,1010.7,6.7,12,7,7,199,24355.1,,Cold
2016-07-17 13:00:00,Hog_lodging_Shanti,218.562,27.8,5.0,17.8,1010.5,7.2,13,7,7,199,24355.1,,Cold
2016-07-17 14:00:00,Hog_lodging_Shanti,282.158,28.9,4.0,18.3,1010.7,9.3,14,7,7,199,24355.1,,Cold
2016-07-17 15:00:00,Hog_lodging_Shanti,314.12,27.8,4.0,17.2,1011.5,8.2,15,7,7,199,24355.1,,Cold
2016-07-17 16:00:00,Hog_lodging_Shanti,268.813,27.2,4.0,16.7,1012.4,7.7,16,7,7,199,24355.1,,Cold
2016-07-17 17:00:00,Hog_lodging_Shanti,226.156,26.7,4.0,16.1,1012.9,7.7,17,7,7,199,24355.1,,Cold
2016-07-17 18:00:00,Hog_lodging_Shanti,227.709,26.7,2.0,16.1,1013.4,5.7,18,7,7,199,24355.1,,Cold
2016-07-17 19:00:00,Hog_lodging_Shanti,238.23,26.1,2.0,16.7,1013.8,4.6,19,7,7,199,24355.1,,Cold
2016-07-17 20:00:00,Hog_lodging_Shanti,215.199,25.0,2.0,16.1,1014.7,3.1,20,7,7,199,24355.1,,Cold
2016-07-17 21:00:00,Hog_lodging_Shanti,192.221,24.4,0.0,16.1,1015.7,2.6,21,7,7,199,24355.1,,Cold
2016-07-17 22:00:00,Hog_lodging_Shanti,197.249,23.3,0.0,16.7,1016.5,2.6,22,7,7,199,24355.1,,Cold
2016-07-17 23:00:00,Hog_lodging_Shanti,201.268,22.2,0.0,16.7,1017.0,2.6,23,7,7,199,24355.1,,Cold
2016-07-18 00:00:00,Hog_lodging_Shanti,193.36900000000003,22.2,0.0,16.7,1017.3,3.6,0,1,7,200,24355.1,,Cold
2016-07-18 01:00:00,Hog_lodging_Shanti,182.02,21.1,0.0,16.7,1017.6,3.6,1,1,7,200,24355.1,,Cold
2016-07-18 02:00:00,Hog_lodging_Shanti,175.268,20.0,0.0,16.1,1017.3,1.5,2,1,7,200,24355.1,,Cold
2016-07-18 03:00:00,Hog_lodging_Shanti,173.845,19.4,0.0,16.1,1017.2,1.5,3,1,7,200,24355.1,,Cold
2016-07-18 04:00:00,Hog_lodging_Shanti,174.452,20.0,0.0,16.1,1017.7,0.0,4,1,7,200,24355.1,,Cold
2016-07-18 05:00:00,Hog_lodging_Shanti,177.82,19.4,0.0,15.6,1018.9,1.5,5,1,7,200,24355.1,,Cold
2016-07-18 06:00:00,Hog_lodging_Shanti,174.67,20.0,4.0,16.7,1020.2,1.5,6,1,7,200,24355.1,,Cold
2016-07-18 07:00:00,Hog_lodging_Shanti,212.688,22.2,2.0,16.1,1021.1,0.0,7,1,7,200,24355.1,,Cold
2016-07-18 08:00:00,Hog_lodging_Shanti,247.358,22.8,2.0,16.7,1021.7,1.5,8,1,7,200,24355.1,,Cold
2016-07-18 09:00:00,Hog_lodging_Shanti,335.533,24.4,2.0,16.1,1021.9,2.1,9,1,7,200,24355.1,,Cold
2016-07-18 10:00:00,Hog_lodging_Shanti,309.762,26.7,0.0,14.4,1021.8,0.0,10,1,7,200,24355.1,,Cold
2016-07-18 11:00:00,Hog_lodging_Shanti,214.806,27.8,2.0,15.6,1021.9,1.5,11,1,7,200,24355.1,,Cold
2016-07-18 12:00:00,Hog_lodging_Shanti,230.29,28.3,2.0,13.9,1021.3,2.6,12,1,7,200,24355.1,,Cold
2016-07-18 13:00:00,Hog_lodging_Shanti,229.692,29.4,4.0,13.9,1021.2,2.1,13,1,7,200,24355.1,,Cold
2016-07-18 14:00:00,Hog_lodging_Shanti,217.419,29.4,2.0,13.9,1021.1,1.5,14,1,7,200,24355.1,,Cold
2016-07-18 15:00:00,Hog_lodging_Shanti,215.671,30.6,2.0,14.4,1020.75,3.6,15,1,7,200,24355.1,,Cold
2016-07-18 16:00:00,Hog_lodging_Shanti,230.23,30.0,2.0,14.4,1020.4,4.6,16,1,7,200,24355.1,,Cold
2016-07-18 17:00:00,Hog_lodging_Shanti,226.112,30.0,2.0,12.8,1020.4,3.1,17,1,7,200,24355.1,,Cold
2016-07-18 18:00:00,Hog_lodging_Shanti,230.913,28.9,2.0,13.3,1020.1,2.6,18,1,7,200,24355.1,,Cold
2016-07-18 19:00:00,Hog_lodging_Shanti,234.519,28.3,2.0,13.9,1020.1,1.5,19,1,7,200,24355.1,,Cold
2016-07-18 20:00:00,Hog_lodging_Shanti,231.798,26.1,0.0,15.6,1020.6,2.6,20,1,7,200,24355.1,,Cold
2016-07-18 21:00:00,Hog_lodging_Shanti,226.845,26.1,0.0,15.6,1021.1,2.1,21,1,7,200,24355.1,,Cold
2016-07-18 22:00:00,Hog_lodging_Shanti,213.622,25.0,0.0,16.1,1021.6,1.5,22,1,7,200,24355.1,,Cold
2016-07-18 23:00:00,Hog_lodging_Shanti,206.728,23.3,0.0,16.1,1021.6,1.5,23,1,7,200,24355.1,,Cold
2016-07-19 00:00:00,Hog_lodging_Shanti,200.897,22.8,0.0,17.2,1021.4,0.0,0,2,7,201,24355.1,,Cold
2016-07-19 01:00:00,Hog_lodging_Shanti,183.625,22.8,0.0,16.7,1021.2,0.0,1,2,7,201,24355.1,,Cold
2016-07-19 02:00:00,Hog_lodging_Shanti,177.217,21.7,0.0,16.7,1021.1,1.5,2,2,7,201,24355.1,,Cold
2016-07-19 03:00:00,Hog_lodging_Shanti,175.793,20.6,0.0,17.2,1021.4,2.1,3,2,7,201,24355.1,,Cold
2016-07-19 04:00:00,Hog_lodging_Shanti,177.033,21.1,2.0,16.7,1021.8,1.5,4,2,7,201,24355.1,,Cold
2016-07-19 05:00:00,Hog_lodging_Shanti,178.243,21.1,4.0,16.7,1021.7,2.6,5,2,7,201,24355.1,,Cold
2016-07-19 06:00:00,Hog_lodging_Shanti,198.672,21.7,6.0,16.7,1021.7,2.6,6,2,7,201,24355.1,,Cold
2016-07-19 07:00:00,Hog_lodging_Shanti,209.224,22.8,4.0,17.2,1021.6,2.6,7,2,7,201,24355.1,,Cold
2016-07-19 08:00:00,Hog_lodging_Shanti,271.272,24.4,3.6,18.9,1021.5,3.1,8,2,7,201,24355.1,,Cold
2016-07-19 09:00:00,Hog_lodging_Shanti,350.316,26.7,3.2,20.6,1021.2,3.1,9,2,7,201,24355.1,,Cold
2016-07-19 10:00:00,Hog_lodging_Shanti,375.176,27.8,2.8,21.1,1021.0,4.1,10,2,7,201,24355.1,,Cold
2016-07-19 11:00:00,Hog_lodging_Shanti,320.348,29.4,2.8,20.6,1020.4,7.2,11,2,7,201,24355.1,,Cold
2016-07-19 12:00:00,Hog_lodging_Shanti,320.535,29.4,2.0,21.1,1019.6,7.2,12,2,7,201,24355.1,,Cold
2016-07-19 13:00:00,Hog_lodging_Shanti,354.226,30.0,4.0,20.6,1019.4,7.7,13,2,7,201,24355.1,,Cold
2016-07-19 14:00:00,Hog_lodging_Shanti,279.334,30.0,4.0,20.0,1019.7,6.7,14,2,7,201,24355.1,,Cold
2016-07-19 15:00:00,Hog_lodging_Shanti,310.112,30.0,4.0,20.0,1019.6,5.1,15,2,7,201,24355.1,,Cold
2016-07-19 16:00:00,Hog_lodging_Shanti,333.144,30.0,2.0,18.9,1019.4,4.6,16,2,7,201,24355.1,,Cold
2016-07-19 17:00:00,Hog_lodging_Shanti,242.265,30.0,2.0,20.0,1019.0,5.1,17,2,7,201,24355.1,,Cold
2016-07-19 18:00:00,Hog_lodging_Shanti,246.013,28.9,2.0,20.0,1018.3,5.1,18,2,7,201,24355.1,,Cold
2016-07-19 19:00:00,Hog_lodging_Shanti,225.823,28.9,2.0,18.9,1017.7,5.1,19,2,7,201,24355.1,,Cold
2016-07-19 20:00:00,Hog_lodging_Shanti,215.18,26.1,4.0,19.4,1017.3,3.6,20,2,7,201,24355.1,,Cold
2016-07-19 21:00:00,Hog_lodging_Shanti,215.757,25.6,2.0,19.4,1017.3,4.1,21,2,7,201,24355.1,,Cold
2016-07-19 22:00:00,Hog_lodging_Shanti,209.633,25.0,2.0,18.9,1017.7,5.1,22,2,7,201,24355.1,,Cold
2016-07-19 23:00:00,Hog_lodging_Shanti,221.092,24.4,2.0,18.9,1018.2,5.7,23,2,7,201,24355.1,,Cold
2016-07-20 00:00:00,Hog_lodging_Shanti,214.11900000000003,22.8,2.0,19.4,1019.2,3.1,0,3,7,202,24355.1,,Cold
2016-07-20 01:00:00,Hog_lodging_Shanti,195.442,22.8,2.0,20.0,1018.7,3.6,1,3,7,202,24355.1,,Cold
2016-07-20 02:00:00,Hog_lodging_Shanti,179.579,22.2,4.0,19.4,1018.4,3.6,2,3,7,202,24355.1,,Cold
2016-07-20 03:00:00,Hog_lodging_Shanti,180.55,22.2,4.5,19.4,1017.5,3.6,3,3,7,202,24355.1,,Cold
2016-07-20 04:00:00,Hog_lodging_Shanti,179.01,22.8,5.0,19.4,1016.8,4.1,4,3,7,202,24355.1,,Cold
2016-07-20 05:00:00,Hog_lodging_Shanti,179.157,22.8,5.5,19.4,1016.2,4.6,5,3,7,202,24355.1,,Cold
2016-07-20 06:00:00,Hog_lodging_Shanti,206.123,22.8,6.0,20.0,1016.3,3.6,6,3,7,202,24355.1,,Cold
2016-07-20 07:00:00,Hog_lodging_Shanti,218.975,23.9,5.6,20.0,1016.5,4.1,7,3,7,202,24355.1,,Cold
2016-07-20 08:00:00,Hog_lodging_Shanti,237.452,24.0,5.2,22.0,1016.3,5.1,8,3,7,202,24355.1,,Cold
2016-07-20 09:00:00,Hog_lodging_Shanti,250.593,26.1,4.8,22.2,1015.7,4.1,9,3,7,202,24355.1,,Cold
2016-07-20 10:00:00,Hog_lodging_Shanti,237.508,26.7,4.8,22.2,1015.2,5.1,10,3,7,202,24355.1,,Cold
2016-07-20 11:00:00,Hog_lodging_Shanti,392.165,29.4,4.0,22.2,1014.8,4.6,11,3,7,202,24355.1,,Cold
2016-07-20 12:00:00,Hog_lodging_Shanti,398.251,31.7,2.0,23.3,1014.0,6.2,12,3,7,202,24355.1,,Cold
2016-07-20 13:00:00,Hog_lodging_Shanti,366.393,32.8,2.0,23.3,1013.8,6.7,13,3,7,202,24355.1,,Cold
2016-07-20 14:00:00,Hog_lodging_Shanti,394.545,33.3,2.0,23.3,1013.5,6.2,14,3,7,202,24355.1,,Cold
2016-07-20 15:00:00,Hog_lodging_Shanti,533.107,33.3,2.0,23.3,1013.4,7.7,15,3,7,202,24355.1,,Cold
2016-07-20 16:00:00,Hog_lodging_Shanti,622.754,31.7,4.0,24.4,1013.4,6.7,16,3,7,202,24355.1,,Cold
2016-07-20 17:00:00,Hog_lodging_Shanti,623.605,31.1,4.0,24.4,1013.3,7.2,17,3,7,202,24355.1,,Cold
2016-07-20 18:00:00,Hog_lodging_Shanti,632.8969999999998,31.1,4.0,25.0,1012.8,5.7,18,3,7,202,24355.1,,Cold
2016-07-20 19:00:00,Hog_lodging_Shanti,631.065,31.1,4.0,25.0,1012.3,6.2,19,3,7,202,24355.1,,Cold
2016-07-20 20:00:00,Hog_lodging_Shanti,609.925,30.6,4.0,25.0,1012.0,7.2,20,3,7,202,24355.1,,Cold
2016-07-20 21:00:00,Hog_lodging_Shanti,601.136,29.4,4.0,25.0,1012.1,6.7,21,3,7,202,24355.1,,Cold
2016-07-20 22:00:00,Hog_lodging_Shanti,461.763,28.9,2.0,25.0,1012.3,4.6,22,3,7,202,24355.1,,Cold
2016-07-20 23:00:00,Hog_lodging_Shanti,236.387,28.9,2.0,25.0,1011.8,4.1,23,3,7,202,24355.1,,Cold
2016-07-21 00:00:00,Hog_lodging_Shanti,220.608,28.9,0.0,25.0,1012.1,3.6,0,4,7,203,24355.1,,Cold
2016-07-21 01:00:00,Hog_lodging_Shanti,205.25,28.9,0.0,24.4,1011.5,4.1,1,4,7,203,24355.1,,Cold
2016-07-21 02:00:00,Hog_lodging_Shanti,195.487,28.9,2.0,23.9,1010.6,5.1,2,4,7,203,24355.1,,Cold
2016-07-21 03:00:00,Hog_lodging_Shanti,194.908,28.3,3.0,23.9,1010.9,3.6,3,4,7,203,24355.1,,Cold
2016-07-21 04:00:00,Hog_lodging_Shanti,192.296,22.8,4.0,19.4,1013.8,5.7,4,4,7,203,24355.1,,Cold
2016-07-21 05:00:00,Hog_lodging_Shanti,191.688,22.2,5.0,19.4,1012.9,1.5,5,4,7,203,24355.1,,Cold
2016-07-21 06:00:00,Hog_lodging_Shanti,213.665,22.8,6.0,19.4,1013.2,3.6,6,4,7,203,24355.1,,Cold
2016-07-21 07:00:00,Hog_lodging_Shanti,236.659,23.3,5.6,19.4,1012.5,4.6,7,4,7,203,24355.1,,Cold
2016-07-21 08:00:00,Hog_lodging_Shanti,275.93,25.0,5.2,20.0,1011.9,4.6,8,4,7,203,24355.1,,Cold
2016-07-21 09:00:00,Hog_lodging_Shanti,389.383,26.1,4.8,20.0,1011.6,4.6,9,4,7,203,24355.1,,Cold
2016-07-21 10:00:00,Hog_lodging_Shanti,384.858,28.3,4.8,20.6,1011.9,5.1,10,4,7,203,24355.1,,Cold
2016-07-21 11:00:00,Hog_lodging_Shanti,394.809,30.6,4.0,21.7,1013.1,3.1,11,4,7,203,24355.1,,Cold
2016-07-21 12:00:00,Hog_lodging_Shanti,414.61800000000005,30.6,4.0,22.2,1012.2,3.6,12,4,7,203,24355.1,,Cold
2016-07-21 13:00:00,Hog_lodging_Shanti,465.0,32.2,4.0,23.3,1012.7,0.0,13,4,7,203,24355.1,,Cold
2016-07-21 14:00:00,Hog_lodging_Shanti,497.92800000000005,34.4,4.0,23.9,1011.8,2.1,14,4,7,203,24355.1,,Cold
2016-07-21 15:00:00,Hog_lodging_Shanti,563.489,33.9,4.0,22.8,1011.6,2.1,15,4,7,203,24355.1,,Cold
2016-07-21 16:00:00,Hog_lodging_Shanti,599.095,34.4,4.0,23.3,1011.4,3.1,16,4,7,203,24355.1,,Cold
2016-07-21 17:00:00,Hog_lodging_Shanti,628.151,33.9,4.0,22.8,1011.6,4.1,17,4,7,203,24355.1,,Cold
2016-07-21 18:00:00,Hog_lodging_Shanti,608.981,33.3,4.0,21.1,1012.0,4.1,18,4,7,203,24355.1,,Cold
2016-07-21 19:00:00,Hog_lodging_Shanti,529.6619999999998,31.7,2.0,21.7,1012.6,4.1,19,4,7,203,24355.1,,Cold
2016-07-21 20:00:00,Hog_lodging_Shanti,452.675,30.6,2.0,22.2,1012.2,3.1,20,4,7,203,24355.1,,Cold
2016-07-21 21:00:00,Hog_lodging_Shanti,446.597,29.4,2.0,21.7,1013.0,0.0,21,4,7,203,24355.1,,Cold
2016-07-21 22:00:00,Hog_lodging_Shanti,263.648,29.4,0.0,21.7,1013.5,2.6,22,4,7,203,24355.1,,Cold
2016-07-21 23:00:00,Hog_lodging_Shanti,229.74400000000003,27.2,2.0,20.6,1013.8,1.5,23,4,7,203,24355.1,,Cold
2016-07-22 00:00:00,Hog_lodging_Shanti,219.909,27.2,6.0,20.0,1014.3,0.0,0,5,7,204,24355.1,,Cold
2016-07-22 01:00:00,Hog_lodging_Shanti,202.01,26.1,4.0,20.0,1014.2,1.5,1,5,7,204,24355.1,,Cold
2016-07-22 02:00:00,Hog_lodging_Shanti,193.841,24.4,2.0,20.0,1014.4,1.5,2,5,7,204,24355.1,,Cold
2016-07-22 03:00:00,Hog_lodging_Shanti,187.918,25.0,4.0,20.0,1014.2,0.0,3,5,7,204,24355.1,,Cold
2016-07-22 04:00:00,Hog_lodging_Shanti,186.8,23.9,4.0,19.4,1014.1,0.0,4,5,7,204,24355.1,,Cold
2016-07-22 05:00:00,Hog_lodging_Shanti,189.815,23.9,4.0,19.4,1014.5,0.0,5,5,7,204,24355.1,,Cold
2016-07-22 06:00:00,Hog_lodging_Shanti,220.006,24.4,2.0,19.4,1014.7,3.1,6,5,7,204,24355.1,,Cold
2016-07-22 07:00:00,Hog_lodging_Shanti,230.127,26.7,2.0,18.3,1015.8,2.6,7,5,7,204,24355.1,,Cold
2016-07-22 08:00:00,Hog_lodging_Shanti,348.131,27.8,2.0,17.8,1015.8,3.1,8,5,7,204,24355.1,,Cold
2016-07-22 09:00:00,Hog_lodging_Shanti,382.477,29.4,2.0,17.8,1015.6,3.1,9,5,7,204,24355.1,,Cold
2016-07-22 10:00:00,Hog_lodging_Shanti,393.474,31.1,0.0,16.7,1015.7,3.1,10,5,7,204,24355.1,,Cold
2016-07-22 11:00:00,Hog_lodging_Shanti,391.955,32.2,0.0,16.7,1015.9,2.6,11,5,7,204,24355.1,,Cold
2016-07-22 12:00:00,Hog_lodging_Shanti,381.04,33.9,0.0,13.9,1015.7,1.5,12,5,7,204,24355.1,,Cold
2016-07-22 13:00:00,Hog_lodging_Shanti,383.93800000000016,35.0,0.0,5.6,1015.2,3.1,13,5,7,204,24355.1,,Cold
2016-07-22 14:00:00,Hog_lodging_Shanti,358.365,35.0,2.0,13.3,1014.5,3.1,14,5,7,204,24355.1,,Cold
2016-07-22 15:00:00,Hog_lodging_Shanti,368.526,35.6,2.0,12.2,1014.5,4.1,15,5,7,204,24355.1,,Cold
2016-07-22 16:00:00,Hog_lodging_Shanti,370.426,35.0,2.0,12.2,1014.4,4.6,16,5,7,204,24355.1,,Cold
2016-07-22 17:00:00,Hog_lodging_Shanti,376.065,35.6,2.0,13.9,1014.4,5.1,17,5,7,204,24355.1,,Cold
2016-07-22 18:00:00,Hog_lodging_Shanti,378.837,33.9,2.0,14.4,1014.2,3.1,18,5,7,204,24355.1,,Cold
2016-07-22 19:00:00,Hog_lodging_Shanti,324.228,31.7,2.6666666666666665,17.2,1013.4,3.6,19,5,7,204,24355.1,,Cold
2016-07-22 20:00:00,Hog_lodging_Shanti,235.004,31.1,3.333333333333333,16.1,1013.7,3.1,20,5,7,204,24355.1,,Cold
2016-07-22 21:00:00,Hog_lodging_Shanti,227.989,28.9,4.0,17.2,1014.1,3.1,21,5,7,204,24355.1,,Cold
2016-07-22 22:00:00,Hog_lodging_Shanti,223.278,28.9,4.0,17.8,1014.2,3.1,22,5,7,204,24355.1,,Cold
2016-07-22 23:00:00,Hog_lodging_Shanti,233.622,28.3,4.0,17.8,1013.9,2.6,23,5,7,204,24355.1,,Cold
2016-07-23 00:00:00,Hog_lodging_Shanti,218.222,26.7,6.0,18.9,1014.5,1.5,0,6,7,205,24355.1,,Cold
2016-07-23 01:00:00,Hog_lodging_Shanti,206.713,26.1,4.666666666666667,19.4,1014.0,2.6,1,6,7,205,24355.1,,Cold
2016-07-23 02:00:00,Hog_lodging_Shanti,192.453,25.0,3.3333333333333335,18.9,1013.4,3.1,2,6,7,205,24355.1,,Cold
2016-07-23 03:00:00,Hog_lodging_Shanti,187.088,25.0,2.0,18.9,1013.7,3.1,3,6,7,205,24355.1,,Cold
2016-07-23 04:00:00,Hog_lodging_Shanti,186.068,25.0,2.0,18.9,1013.8,2.1,4,6,7,205,24355.1,,Cold
2016-07-23 05:00:00,Hog_lodging_Shanti,189.985,24.4,5.0,19.4,1013.5,3.1,5,6,7,205,24355.1,,Cold
2016-07-23 06:00:00,Hog_lodging_Shanti,220.905,25.0,8.0,20.6,1013.0,4.1,6,6,7,205,24355.1,,Cold
2016-07-23 07:00:00,Hog_lodging_Shanti,226.597,26.1,8.0,22.2,1011.9,4.6,7,6,7,205,24355.1,,Cold
2016-07-23 08:00:00,Hog_lodging_Shanti,236.742,27.2,8.0,23.3,1010.7,4.1,8,6,7,205,24355.1,,Cold
2016-07-23 09:00:00,Hog_lodging_Shanti,252.49400000000003,27.2,8.0,22.8,1010.5,5.7,9,6,7,205,24355.1,,Cold
2016-07-23 10:00:00,Hog_lodging_Shanti,236.969,22.2,8.0,20.6,1011.2,3.1,10,6,7,205,24355.1,,Cold
2016-07-23 11:00:00,Hog_lodging_Shanti,227.234,22.8,8.0,21.1,1011.9,5.7,11,6,7,205,24355.1,,Cold
2016-07-23 12:00:00,Hog_lodging_Shanti,242.326,22.8,8.0,21.7,1011.6,5.7,12,6,7,205,24355.1,,Cold
2016-07-23 13:00:00,Hog_lodging_Shanti,241.802,23.3,7.333333333333333,21.7,1010.6,7.7,13,6,7,205,24355.1,,Cold
2016-07-23 14:00:00,Hog_lodging_Shanti,238.505,23.9,6.666666666666667,20.0,1010.4,6.7,14,6,7,205,24355.1,,Cold
2016-07-23 15:00:00,Hog_lodging_Shanti,239.561,23.9,6.0,20.6,1010.4,2.1,15,6,7,205,24355.1,,Cold
2016-07-23 16:00:00,Hog_lodging_Shanti,234.399,21.7,6.0,20.6,1010.9,3.6,16,6,7,205,24355.1,,Cold
2016-07-23 17:00:00,Hog_lodging_Shanti,245.307,23.3,6.0,21.1,1009.6,5.7,17,6,7,205,24355.1,,Cold
2016-07-23 18:00:00,Hog_lodging_Shanti,238.6,23.9,4.0,21.1,1008.8,5.1,18,6,7,205,24355.1,,Cold
2016-07-23 19:00:00,Hog_lodging_Shanti,231.891,23.9,2.0,21.1,1007.8,3.6,19,6,7,205,24355.1,,Cold
2016-07-23 20:00:00,Hog_lodging_Shanti,221.647,23.9,2.0,21.7,1007.8,3.1,20,6,7,205,24355.1,,Cold
2016-07-23 21:00:00,Hog_lodging_Shanti,198.647,23.9,2.0,21.7,1007.8,3.1,21,6,7,205,24355.1,,Cold
2016-07-23 22:00:00,Hog_lodging_Shanti,202.461,23.9,4.0,21.7,1008.4,1.5,22,6,7,205,24355.1,,Cold
2016-07-23 23:00:00,Hog_lodging_Shanti,205.425,23.9,6.0,21.1,1007.8,3.6,23,6,7,205,24355.1,,Cold
2016-07-24 00:00:00,Hog_lodging_Shanti,207.303,23.3,8.0,21.1,1007.9,2.6,0,7,7,206,24355.1,,Cold
2016-07-24 01:00:00,Hog_lodging_Shanti,197.05,24.4,7.666666666666667,22.2,1007.3,3.1,1,7,7,206,24355.1,,Cold
2016-07-24 02:00:00,Hog_lodging_Shanti,188.965,24.4,7.333333333333333,22.8,1007.1,0.0,2,7,7,206,24355.1,,Cold
2016-07-24 03:00:00,Hog_lodging_Shanti,186.64,25.0,7.0,23.3,1007.4,4.1,3,7,7,206,24355.1,,Cold
2016-07-24 04:00:00,Hog_lodging_Shanti,185.378,23.9,7.0,21.1,1007.6,3.1,4,7,7,206,24355.1,,Cold
2016-07-24 05:00:00,Hog_lodging_Shanti,181.86900000000003,23.3,7.0,20.0,1008.3,2.6,5,7,7,206,24355.1,,Cold
2016-07-24 06:00:00,Hog_lodging_Shanti,200.929,22.8,6.0,20.6,1008.9,2.6,6,7,7,206,24355.1,,Cold
2016-07-24 07:00:00,Hog_lodging_Shanti,205.578,24.4,4.0,21.1,1009.7,3.6,7,7,7,206,24355.1,,Cold
2016-07-24 08:00:00,Hog_lodging_Shanti,228.165,25.6,4.0,20.6,1010.0,4.6,8,7,7,206,24355.1,,Cold
2016-07-24 09:00:00,Hog_lodging_Shanti,236.584,26.1,4.0,19.4,1010.3,4.6,9,7,7,206,24355.1,,Cold
2016-07-24 10:00:00,Hog_lodging_Shanti,222.916,27.2,4.0,17.8,1011.1,6.7,10,7,7,206,24355.1,,Cold
2016-07-24 11:00:00,Hog_lodging_Shanti,211.156,27.8,4.0,16.1,1011.3,6.2,11,7,7,206,24355.1,,Cold
2016-07-24 12:00:00,Hog_lodging_Shanti,201.462,27.8,6.0,17.2,1011.2,7.2,12,7,7,206,24355.1,,Cold
2016-07-24 13:00:00,Hog_lodging_Shanti,202.496,28.3,4.0,16.7,1011.3,7.2,13,7,7,206,24355.1,,Cold
2016-07-24 14:00:00,Hog_lodging_Shanti,204.687,29.4,4.0,17.2,1011.3,5.1,14,7,7,206,24355.1,,Cold
2016-07-24 15:00:00,Hog_lodging_Shanti,202.78,28.9,4.0,16.7,1012.8,5.7,15,7,7,206,24355.1,,Cold
2016-07-24 16:00:00,Hog_lodging_Shanti,198.131,28.9,4.0,16.1,1013.1,8.2,16,7,7,206,24355.1,,Cold
2016-07-24 17:00:00,Hog_lodging_Shanti,199.634,28.3,4.0,17.2,1013.0,6.7,17,7,7,206,24355.1,,Cold
2016-07-24 18:00:00,Hog_lodging_Shanti,199.664,27.2,4.0,16.7,1012.9,5.7,18,7,7,206,24355.1,,Cold
2016-07-24 19:00:00,Hog_lodging_Shanti,201.307,26.1,2.0,16.7,1013.0,6.2,19,7,7,206,24355.1,,Cold
2016-07-24 20:00:00,Hog_lodging_Shanti,196.408,25.0,2.0,17.2,1013.1,3.6,20,7,7,206,24355.1,,Cold
2016-07-24 21:00:00,Hog_lodging_Shanti,205.147,25.0,2.0,17.2,1013.8,3.6,21,7,7,206,24355.1,,Cold
2016-07-24 22:00:00,Hog_lodging_Shanti,198.563,23.9,0.0,17.2,1014.3,3.6,22,7,7,206,24355.1,,Cold
2016-07-24 23:00:00,Hog_lodging_Shanti,183.329,23.3,0.0,16.7,1014.4,3.1,23,7,7,206,24355.1,,Cold
2016-07-25 00:00:00,Hog_lodging_Shanti,178.50400000000005,22.2,0.0,15.6,1014.8,3.6,0,1,7,207,24355.1,,Cold
2016-07-25 01:00:00,Hog_lodging_Shanti,178.543,21.7,0.0,15.6,1014.9,2.6,1,1,7,207,24355.1,,Cold
2016-07-25 02:00:00,Hog_lodging_Shanti,179.94099999999997,21.7,0.0,15.0,1015.5,2.6,2,1,7,207,24355.1,,Cold
2016-07-25 03:00:00,Hog_lodging_Shanti,174.775,20.6,0.0,15.6,1015.7,1.5,3,1,7,207,24355.1,,Cold
2016-07-25 04:00:00,Hog_lodging_Shanti,175.74,20.0,0.0,16.1,1015.8,1.5,4,1,7,207,24355.1,,Cold
2016-07-25 05:00:00,Hog_lodging_Shanti,180.58900000000003,19.4,0.0,15.6,1016.1,0.0,5,1,7,207,24355.1,,Cold
2016-07-25 06:00:00,Hog_lodging_Shanti,175.40900000000005,20.0,0.0,16.7,1016.9,2.1,6,1,7,207,24355.1,,Cold
2016-07-25 07:00:00,Hog_lodging_Shanti,178.25400000000005,22.2,0.0,16.7,1017.5,2.6,7,1,7,207,24355.1,,Cold
2016-07-25 08:00:00,Hog_lodging_Shanti,184.389,23.9,0.0,16.1,1017.8,3.1,8,1,7,207,24355.1,,Cold
2016-07-25 09:00:00,Hog_lodging_Shanti,188.215,26.1,0.0,16.1,1017.9,2.1,9,1,7,207,24355.1,,Cold
2016-07-25 10:00:00,Hog_lodging_Shanti,188.452,27.2,0.0,16.1,1017.6,3.6,10,1,7,207,24355.1,,Cold
2016-07-25 11:00:00,Hog_lodging_Shanti,193.183,28.3,0.0,15.6,1017.4,3.1,11,1,7,207,24355.1,,Cold
2016-07-25 12:00:00,Hog_lodging_Shanti,197.74,28.9,0.0,15.0,1017.3,3.6,12,1,7,207,24355.1,,Cold
2016-07-25 13:00:00,Hog_lodging_Shanti,189.895,30.0,0.0,15.6,1017.1,5.1,13,1,7,207,24355.1,,Cold
2016-07-25 14:00:00,Hog_lodging_Shanti,192.72,29.4,2.0,15.0,1017.0,4.1,14,1,7,207,24355.1,,Cold
2016-07-25 15:00:00,Hog_lodging_Shanti,193.502,30.0,2.0,16.1,1016.5,3.1,15,1,7,207,24355.1,,Cold
2016-07-25 16:00:00,Hog_lodging_Shanti,196.116,30.6,2.0,16.7,1016.3,4.6,16,1,7,207,24355.1,,Cold
2016-07-25 17:00:00,Hog_lodging_Shanti,202.30900000000003,30.0,2.0,16.7,1016.0,4.1,17,1,7,207,24355.1,,Cold
2016-07-25 18:00:00,Hog_lodging_Shanti,194.503,29.4,2.0,17.2,1015.9,3.6,18,1,7,207,24355.1,,Cold
2016-07-25 19:00:00,Hog_lodging_Shanti,195.511,28.9,2.0,17.2,1015.9,4.6,19,1,7,207,24355.1,,Cold
2016-07-25 20:00:00,Hog_lodging_Shanti,192.549,27.8,0.0,17.2,1016.2,2.6,20,1,7,207,24355.1,,Cold
2016-07-25 21:00:00,Hog_lodging_Shanti,195.468,26.7,0.0,17.2,1016.3,1.5,21,1,7,207,24355.1,,Cold
2016-07-25 22:00:00,Hog_lodging_Shanti,191.198,26.7,0.0,17.8,1016.4,1.5,22,1,7,207,24355.1,,Cold
2016-07-25 23:00:00,Hog_lodging_Shanti,188.873,25.6,0.0,17.8,1016.6,1.5,23,1,7,207,24355.1,,Cold
2016-07-26 00:00:00,Hog_lodging_Shanti,179.153,24.4,0.0,18.3,1016.8,1.5,0,2,7,208,24355.1,,Cold
2016-07-26 01:00:00,Hog_lodging_Shanti,177.583,23.9,0.0,18.3,1016.7,1.5,1,2,7,208,24355.1,,Cold
2016-07-26 02:00:00,Hog_lodging_Shanti,177.145,23.3,0.0,17.8,1016.6,1.5,2,2,7,208,24355.1,,Cold
2016-07-26 03:00:00,Hog_lodging_Shanti,177.05599999999995,22.8,4.0,17.8,1016.6,2.1,3,2,7,208,24355.1,,Cold
2016-07-26 04:00:00,Hog_lodging_Shanti,177.46099999999996,22.8,2.0,17.8,1016.4,2.1,4,2,7,208,24355.1,,Cold
2016-07-26 05:00:00,Hog_lodging_Shanti,180.991,22.2,2.0,17.8,1016.7,2.6,5,2,7,208,24355.1,,Cold
2016-07-26 06:00:00,Hog_lodging_Shanti,181.028,22.2,2.0,17.8,1016.9,2.1,6,2,7,208,24355.1,,Cold
2016-07-26 07:00:00,Hog_lodging_Shanti,181.958,23.9,2.0,18.3,1016.8,3.1,7,2,7,208,24355.1,,Cold
2016-07-26 08:00:00,Hog_lodging_Shanti,229.392,25.6,4.0,18.3,1016.9,4.1,8,2,7,208,24355.1,,Cold
2016-07-26 09:00:00,Hog_lodging_Shanti,308.38,27.8,4.0,18.9,1017.0,4.6,9,2,7,208,24355.1,,Cold
2016-07-26 10:00:00,Hog_lodging_Shanti,339.821,28.9,2.0,17.8,1016.8,4.6,10,2,7,208,24355.1,,Cold
2016-07-26 11:00:00,Hog_lodging_Shanti,345.379,30.0,2.0,17.8,1016.6,6.2,11,2,7,208,24355.1,,Cold
2016-07-26 12:00:00,Hog_lodging_Shanti,334.44699999999995,31.1,2.0,17.2,1016.1,6.7,12,2,7,208,24355.1,,Cold
2016-07-26 13:00:00,Hog_lodging_Shanti,332.409,31.7,2.0,17.2,1015.3,6.7,13,2,7,208,24355.1,,Cold
2016-07-26 14:00:00,Hog_lodging_Shanti,332.927,32.2,2.0,16.1,1014.7,7.2,14,2,7,208,24355.1,,Cold
2016-07-26 15:00:00,Hog_lodging_Shanti,333.039,32.2,2.0,17.2,1014.5,8.2,15,2,7,208,24355.1,,Cold
2016-07-26 16:00:00,Hog_lodging_Shanti,348.695,32.2,4.0,17.2,1014.5,7.7,16,2,7,208,24355.1,,Cold
2016-07-26 17:00:00,Hog_lodging_Shanti,347.094,31.7,5.0,17.8,1014.2,5.7,17,2,7,208,24355.1,,Cold
2016-07-26 18:00:00,Hog_lodging_Shanti,327.303,30.6,6.0,18.3,1013.9,6.7,18,2,7,208,24355.1,,Cold
2016-07-26 19:00:00,Hog_lodging_Shanti,332.862,30.0,6.333333333333333,18.9,1013.7,5.1,19,2,7,208,24355.1,,Cold
2016-07-26 20:00:00,Hog_lodging_Shanti,279.301,29.4,6.666666666666667,19.4,1013.7,3.6,20,2,7,208,24355.1,,Cold
2016-07-26 21:00:00,Hog_lodging_Shanti,206.475,28.3,7.0,20.0,1014.5,3.6,21,2,7,208,24355.1,,Cold
2016-07-26 22:00:00,Hog_lodging_Shanti,201.675,27.8,7.0,20.6,1014.7,3.6,22,2,7,208,24355.1,,Cold
2016-07-26 23:00:00,Hog_lodging_Shanti,191.599,26.7,7.0,20.0,1014.8,3.1,23,2,7,208,24355.1,,Cold
2016-07-27 00:00:00,Hog_lodging_Shanti,178.718,26.7,8.0,20.0,1014.5,2.6,0,3,7,209,24355.1,,Cold
2016-07-27 01:00:00,Hog_lodging_Shanti,177.546,26.1,8.0,20.0,1014.1,2.1,1,3,7,209,24355.1,,Cold
2016-07-27 02:00:00,Hog_lodging_Shanti,178.324,26.1,8.0,20.0,1013.9,3.6,2,3,7,209,24355.1,,Cold
2016-07-27 03:00:00,Hog_lodging_Shanti,176.622,25.6,8.0,20.0,1014.2,3.1,3,3,7,209,24355.1,,Cold
2016-07-27 04:00:00,Hog_lodging_Shanti,178.13299999999995,25.0,8.0,20.0,1013.8,3.1,4,3,7,209,24355.1,,Cold
2016-07-27 05:00:00,Hog_lodging_Shanti,179.666,25.0,8.0,20.0,1013.6,2.6,5,3,7,209,24355.1,,Cold
2016-07-27 06:00:00,Hog_lodging_Shanti,181.83,24.4,8.0,20.0,1014.0,2.6,6,3,7,209,24355.1,,Cold
2016-07-27 07:00:00,Hog_lodging_Shanti,181.639,24.4,8.0,19.4,1014.5,2.6,7,3,7,209,24355.1,,Cold
2016-07-27 08:00:00,Hog_lodging_Shanti,292.191,24.4,8.0,20.0,1014.6,0.0,8,3,7,209,24355.1,,Cold
2016-07-27 09:00:00,Hog_lodging_Shanti,305.126,25.6,8.0,20.0,1013.9,2.6,9,3,7,209,24355.1,,Cold
2016-07-27 10:00:00,Hog_lodging_Shanti,325.548,26.1,8.0,20.0,1013.6,2.1,10,3,7,209,24355.1,,Cold
2016-07-27 11:00:00,Hog_lodging_Shanti,327.778,26.7,8.0,20.0,1013.6,2.6,11,3,7,209,24355.1,,Cold
2016-07-27 12:00:00,Hog_lodging_Shanti,324.155,25.6,8.0,20.6,1013.9,3.1,12,3,7,209,24355.1,,Cold
2016-07-27 13:00:00,Hog_lodging_Shanti,318.935,21.7,7.666666666666667,16.7,1013.3,2.1,13,3,7,209,24355.1,,Cold
2016-07-27 14:00:00,Hog_lodging_Shanti,316.619,24.4,7.333333333333333,20.6,1013.2,2.1,14,3,7,209,24355.1,,Cold
2016-07-27 15:00:00,Hog_lodging_Shanti,311.567,22.2,7.0,20.0,1013.1,5.1,15,3,7,209,24355.1,,Cold
2016-07-27 16:00:00,Hog_lodging_Shanti,315.425,23.9,7.0,20.0,1013.3,4.6,16,3,7,209,24355.1,,Cold
2016-07-27 17:00:00,Hog_lodging_Shanti,315.086,24.4,7.0,19.4,1013.1,2.1,17,3,7,209,24355.1,,Cold
2016-07-27 18:00:00,Hog_lodging_Shanti,278.392,23.3,6.0,18.3,1013.3,3.6,18,3,7,209,24355.1,,Cold
2016-07-27 19:00:00,Hog_lodging_Shanti,190.485,22.2,6.333333333333333,17.8,1013.1,5.1,19,3,7,209,24355.1,,Cold
2016-07-27 20:00:00,Hog_lodging_Shanti,193.316,21.7,6.666666666666667,17.8,1013.7,5.1,20,3,7,209,24355.1,,Cold
2016-07-27 21:00:00,Hog_lodging_Shanti,178.382,21.1,7.0,17.8,1014.7,2.6,21,3,7,209,24355.1,,Cold
2016-07-27 22:00:00,Hog_lodging_Shanti,178.584,21.1,7.0,17.2,1014.7,5.1,22,3,7,209,24355.1,,Cold
2016-07-27 23:00:00,Hog_lodging_Shanti,172.111,20.0,7.0,17.8,1014.8,5.7,23,3,7,209,24355.1,,Cold
2016-07-28 00:00:00,Hog_lodging_Shanti,173.6,20.0,8.0,17.8,1015.1,4.1,0,4,7,210,24355.1,,Cold
2016-07-28 01:00:00,Hog_lodging_Shanti,169.602,19.4,8.0,17.2,1015.2,4.6,1,4,7,210,24355.1,,Cold
2016-07-28 02:00:00,Hog_lodging_Shanti,166.543,18.9,8.0,16.7,1015.0,4.6,2,4,7,210,24355.1,,Cold
2016-07-28 03:00:00,Hog_lodging_Shanti,164.614,18.9,8.0,16.7,1015.2,4.6,3,4,7,210,24355.1,,Cold
2016-07-28 04:00:00,Hog_lodging_Shanti,164.863,18.9,8.0,16.7,1014.7,4.6,4,4,7,210,24355.1,,Cold
2016-07-28 05:00:00,Hog_lodging_Shanti,171.41099999999997,18.9,8.0,16.1,1015.2,4.1,5,4,7,210,24355.1,,Cold
2016-07-28 06:00:00,Hog_lodging_Shanti,167.60299999999995,18.9,8.0,16.7,1015.8,4.1,6,4,7,210,24355.1,,Cold
2016-07-28 07:00:00,Hog_lodging_Shanti,168.11700000000005,18.3,8.0,16.1,1016.1,4.1,7,4,7,210,24355.1,,Cold
2016-07-28 08:00:00,Hog_lodging_Shanti,172.717,18.3,8.0,16.1,1016.4,4.1,8,4,7,210,24355.1,,Cold
2016-07-28 09:00:00,Hog_lodging_Shanti,176.149,18.9,8.0,16.1,1016.7,3.1,9,4,7,210,24355.1,,Cold
2016-07-28 10:00:00,Hog_lodging_Shanti,182.275,18.9,8.0,16.1,1017.1,4.6,10,4,7,210,24355.1,,Cold
2016-07-28 11:00:00,Hog_lodging_Shanti,180.051,20.0,8.0,16.7,1016.9,4.1,11,4,7,210,24355.1,,Cold
2016-07-28 12:00:00,Hog_lodging_Shanti,182.957,22.2,8.0,16.7,1016.7,4.1,12,4,7,210,24355.1,,Cold
2016-07-28 13:00:00,Hog_lodging_Shanti,184.928,22.8,8.0,16.1,1016.4,5.7,13,4,7,210,24355.1,,Cold
2016-07-28 14:00:00,Hog_lodging_Shanti,188.666,23.3,8.0,15.6,1016.3,6.2,14,4,7,210,24355.1,,Cold
2016-07-28 15:00:00,Hog_lodging_Shanti,186.478,23.3,8.0,15.0,1016.2,4.1,15,4,7,210,24355.1,,Cold
2016-07-28 16:00:00,Hog_lodging_Shanti,187.079,24.4,8.0,13.9,1015.8,6.2,16,4,7,210,24355.1,,Cold
2016-07-28 17:00:00,Hog_lodging_Shanti,182.608,23.9,8.0,13.9,1016.1,4.6,17,4,7,210,24355.1,,Cold
2016-07-28 18:00:00,Hog_lodging_Shanti,181.18400000000003,23.3,8.0,14.4,1016.7,5.1,18,4,7,210,24355.1,,Cold
2016-07-28 19:00:00,Hog_lodging_Shanti,180.388,23.3,6.0,14.4,1016.6,3.1,19,4,7,210,24355.1,,Cold
2016-07-28 20:00:00,Hog_lodging_Shanti,170.16,22.2,4.0,13.3,1016.5,2.6,20,4,7,210,24355.1,,Cold
2016-07-28 21:00:00,Hog_lodging_Shanti,174.817,21.1,2.0,13.9,1016.8,2.6,21,4,7,210,24355.1,,Cold
2016-07-28 22:00:00,Hog_lodging_Shanti,175.99400000000003,20.6,2.0,13.9,1017.1,3.1,22,4,7,210,24355.1,,Cold
2016-07-28 23:00:00,Hog_lodging_Shanti,183.315,20.0,2.0,13.9,1017.2,3.6,23,4,7,210,24355.1,,Cold
2016-07-29 00:00:00,Hog_lodging_Shanti,171.755,18.9,6.0,13.9,1017.6,1.5,0,5,7,211,24355.1,,Cold
2016-07-29 01:00:00,Hog_lodging_Shanti,167.49900000000005,18.9,5.333333333333333,13.3,1017.7,2.1,1,5,7,211,24355.1,,Cold
2016-07-29 02:00:00,Hog_lodging_Shanti,165.3,18.3,4.666666666666667,13.3,1017.6,2.1,2,5,7,211,24355.1,,Cold
2016-07-29 03:00:00,Hog_lodging_Shanti,166.166,17.2,4.0,13.3,1017.4,2.6,3,5,7,211,24355.1,,Cold
2016-07-29 04:00:00,Hog_lodging_Shanti,166.851,16.7,4.0,13.3,1017.4,3.1,4,5,7,211,24355.1,,Cold
2016-07-29 05:00:00,Hog_lodging_Shanti,169.815,16.1,4.0,12.8,1017.6,2.6,5,5,7,211,24355.1,,Cold
2016-07-29 06:00:00,Hog_lodging_Shanti,169.04,16.7,6.0,13.3,1017.5,3.6,6,5,7,211,24355.1,,Cold
2016-07-29 07:00:00,Hog_lodging_Shanti,166.69299999999996,17.8,5.333333333333333,12.8,1017.8,3.6,7,5,7,211,24355.1,,Cold
2016-07-29 08:00:00,Hog_lodging_Shanti,168.639,18.9,4.666666666666667,12.8,1018.1,3.6,8,5,7,211,24355.1,,Cold
2016-07-29 09:00:00,Hog_lodging_Shanti,174.02,20.6,4.0,12.8,1018.3,3.1,9,5,7,211,24355.1,,Cold
2016-07-29 10:00:00,Hog_lodging_Shanti,169.987,22.2,4.0,12.2,1018.4,1.5,10,5,7,211,24355.1,,Cold
2016-07-29 11:00:00,Hog_lodging_Shanti,170.185,23.3,2.0,10.6,1018.2,3.6,11,5,7,211,24355.1,,Cold
2016-07-29 12:00:00,Hog_lodging_Shanti,165.775,24.4,0.0,10.0,1017.9,5.7,12,5,7,211,24355.1,,Cold
2016-07-29 13:00:00,Hog_lodging_Shanti,162.779,24.4,2.0,8.9,1017.8,3.1,13,5,7,211,24355.1,,Cold
2016-07-29 14:00:00,Hog_lodging_Shanti,174.537,25.6,2.0,10.0,1017.2,2.6,14,5,7,211,24355.1,,Cold
2016-07-29 15:00:00,Hog_lodging_Shanti,163.357,25.6,2.0,10.0,1016.6,4.1,15,5,7,211,24355.1,,Cold
2016-07-29 16:00:00,Hog_lodging_Shanti,166.808,25.6,2.0,10.0,1016.5,5.1,16,5,7,211,24355.1,,Cold
2016-07-29 17:00:00,Hog_lodging_Shanti,165.93200000000004,25.6,2.0,10.6,1016.5,4.1,17,5,7,211,24355.1,,Cold
2016-07-29 18:00:00,Hog_lodging_Shanti,160.361,25.0,2.0,11.1,1016.3,3.6,18,5,7,211,24355.1,,Cold
2016-07-29 19:00:00,Hog_lodging_Shanti,160.045,23.9,4.0,11.1,1016.3,3.1,19,5,7,211,24355.1,,Cold
2016-07-29 20:00:00,Hog_lodging_Shanti,159.155,23.3,4.0,11.1,1016.5,0.0,20,5,7,211,24355.1,,Cold
2016-07-29 21:00:00,Hog_lodging_Shanti,170.739,21.1,4.0,12.8,1016.7,2.6,21,5,7,211,24355.1,,Cold
2016-07-29 22:00:00,Hog_lodging_Shanti,181.053,20.6,5.333333333333333,13.3,1016.6,2.1,22,5,7,211,24355.1,,Cold
2016-07-29 23:00:00,Hog_lodging_Shanti,180.157,21.1,6.666666666666666,13.9,1016.8,1.5,23,5,7,211,24355.1,,Cold
2016-07-30 00:00:00,Hog_lodging_Shanti,168.97799999999995,21.7,8.0,13.9,1016.5,0.0,0,6,7,212,24355.1,,Cold
2016-07-30 01:00:00,Hog_lodging_Shanti,164.334,21.7,7.666666666666667,13.9,1016.3,2.1,1,6,7,212,24355.1,,Cold
2016-07-30 02:00:00,Hog_lodging_Shanti,168.863,20.6,7.333333333333333,14.4,1016.0,2.1,2,6,7,212,24355.1,,Cold
2016-07-30 03:00:00,Hog_lodging_Shanti,160.29,20.6,7.0,14.4,1016.1,1.5,3,6,7,212,24355.1,,Cold
2016-07-30 04:00:00,Hog_lodging_Shanti,166.643,20.6,7.0,14.4,1016.1,1.5,4,6,7,212,24355.1,,Cold
2016-07-30 05:00:00,Hog_lodging_Shanti,170.998,20.0,7.0,14.4,1016.2,2.1,5,6,7,212,24355.1,,Cold
2016-07-30 06:00:00,Hog_lodging_Shanti,161.935,19.4,6.0,15.6,1016.7,2.6,6,6,7,212,24355.1,,Cold
2016-07-30 07:00:00,Hog_lodging_Shanti,159.30700000000004,20.6,5.666666666666667,16.1,1016.9,2.1,7,6,7,212,24355.1,,Cold
2016-07-30 08:00:00,Hog_lodging_Shanti,165.826,20.6,5.333333333333333,16.7,1016.7,3.1,8,6,7,212,24355.1,,Cold
2016-07-30 09:00:00,Hog_lodging_Shanti,163.284,21.7,5.0,17.2,1016.9,2.6,9,6,7,212,24355.1,,Cold
2016-07-30 10:00:00,Hog_lodging_Shanti,165.79,22.2,5.0,17.8,1017.1,1.5,10,6,7,212,24355.1,,Cold
2016-07-30 11:00:00,Hog_lodging_Shanti,164.543,23.3,5.0,17.8,1016.8,2.1,11,6,7,212,24355.1,,Cold
2016-07-30 12:00:00,Hog_lodging_Shanti,168.692,25.6,4.0,17.2,1016.3,2.1,12,6,7,212,24355.1,,Cold
2016-07-30 13:00:00,Hog_lodging_Shanti,163.93200000000004,26.1,4.0,16.7,1015.7,5.1,13,6,7,212,24355.1,,Cold
2016-07-30 14:00:00,Hog_lodging_Shanti,160.037,26.1,4.4,16.7,1015.6,2.6,14,6,7,212,24355.1,,Cold
2016-07-30 15:00:00,Hog_lodging_Shanti,159.804,26.7,4.8,16.7,1015.1,4.6,15,6,7,212,24355.1,,Cold
2016-07-30 16:00:00,Hog_lodging_Shanti,165.053,26.7,5.2,16.7,1014.8,4.6,16,6,7,212,24355.1,,Cold
2016-07-30 17:00:00,Hog_lodging_Shanti,166.679,23.9,5.2,19.4,1014.9,3.1,17,6,7,212,24355.1,,Cold
2016-07-30 18:00:00,Hog_lodging_Shanti,170.157,25.0,6.0,16.7,1014.6,4.6,18,6,7,212,24355.1,,Cold
2016-07-30 19:00:00,Hog_lodging_Shanti,167.428,25.0,4.0,17.2,1014.8,2.6,19,6,7,212,24355.1,,Cold
2016-07-30 20:00:00,Hog_lodging_Shanti,165.924,23.9,4.0,17.2,1014.6,3.1,20,6,7,212,24355.1,,Cold
2016-07-30 21:00:00,Hog_lodging_Shanti,165.239,23.3,2.0,17.8,1015.1,3.6,21,6,7,212,24355.1,,Cold
2016-07-30 22:00:00,Hog_lodging_Shanti,181.938,22.2,2.0,18.3,1015.3,2.6,22,6,7,212,24355.1,,Cold
2016-07-30 23:00:00,Hog_lodging_Shanti,175.52200000000005,21.1,2.0,18.3,1015.5,3.1,23,6,7,212,24355.1,,Cold
2016-07-31 00:00:00,Hog_lodging_Shanti,171.03400000000005,21.1,2.0,17.8,1015.2,2.6,0,7,7,213,24355.1,,Cold
2016-07-31 01:00:00,Hog_lodging_Shanti,166.482,20.6,2.0,17.2,1015.2,2.6,1,7,7,213,24355.1,,Cold
2016-07-31 02:00:00,Hog_lodging_Shanti,166.399,20.0,3.0,17.2,1015.4,2.6,2,7,7,213,24355.1,,Cold
2016-07-31 03:00:00,Hog_lodging_Shanti,163.275,20.0,4.0,17.2,1015.3,2.6,3,7,7,213,24355.1,,Cold
2016-07-31 04:00:00,Hog_lodging_Shanti,164.30200000000005,20.0,4.0,17.2,1015.1,3.6,4,7,7,213,24355.1,,Cold
2016-07-31 05:00:00,Hog_lodging_Shanti,167.774,20.0,5.0,17.2,1014.9,2.1,5,7,7,213,24355.1,,Cold
2016-07-31 06:00:00,Hog_lodging_Shanti,162.34799999999996,20.0,6.0,17.2,1015.0,2.6,6,7,7,213,24355.1,,Cold
2016-07-31 07:00:00,Hog_lodging_Shanti,160.65,21.1,6.0,17.2,1015.3,4.6,7,7,7,213,24355.1,,Cold
2016-07-31 08:00:00,Hog_lodging_Shanti,159.088,22.2,6.0,17.8,1015.6,4.6,8,7,7,213,24355.1,,Cold
2016-07-31 09:00:00,Hog_lodging_Shanti,159.569,23.3,6.0,18.3,1015.9,3.6,9,7,7,213,24355.1,,Cold
2016-07-31 10:00:00,Hog_lodging_Shanti,164.618,25.0,6.0,18.9,1015.9,3.1,10,7,7,213,24355.1,,Cold
2016-07-31 11:00:00,Hog_lodging_Shanti,167.981,26.1,6.0,19.4,1015.5,5.1,11,7,7,213,24355.1,,Cold
2016-07-31 12:00:00,Hog_lodging_Shanti,169.399,27.2,6.0,19.4,1015.5,4.6,12,7,7,213,24355.1,,Cold
2016-07-31 13:00:00,Hog_lodging_Shanti,172.636,27.2,5.333333333333333,18.9,1015.1,6.7,13,7,7,213,24355.1,,Cold
2016-07-31 14:00:00,Hog_lodging_Shanti,174.851,28.3,4.666666666666667,18.9,1014.8,6.2,14,7,7,213,24355.1,,Cold
2016-07-31 15:00:00,Hog_lodging_Shanti,172.951,28.3,4.0,18.3,1014.4,6.7,15,7,7,213,24355.1,,Cold
2016-07-31 16:00:00,Hog_lodging_Shanti,174.423,27.2,4.0,18.3,1014.4,5.1,16,7,7,213,24355.1,,Cold
2016-07-31 17:00:00,Hog_lodging_Shanti,175.678,27.8,4.0,18.9,1014.5,5.1,17,7,7,213,24355.1,,Cold
2016-07-31 18:00:00,Hog_lodging_Shanti,171.90900000000005,27.2,4.0,18.9,1014.4,6.2,18,7,7,213,24355.1,,Cold
2016-07-31 19:00:00,Hog_lodging_Shanti,172.446,26.1,4.0,18.9,1014.3,5.1,19,7,7,213,24355.1,,Cold
2016-07-31 20:00:00,Hog_lodging_Shanti,175.382,25.6,2.0,18.9,1014.6,4.1,20,7,7,213,24355.1,,Cold
2016-07-31 21:00:00,Hog_lodging_Shanti,180.576,25.0,3.0,18.3,1014.8,4.6,21,7,7,213,24355.1,,Cold
2016-07-31 22:00:00,Hog_lodging_Shanti,175.706,24.4,4.0,18.3,1015.3,5.1,22,7,7,213,24355.1,,Cold
2016-07-31 23:00:00,Hog_lodging_Shanti,168.601,23.3,4.0,18.3,1015.9,3.6,23,7,7,213,24355.1,,Cold
2016-08-01 00:00:00,Hog_lodging_Shanti,167.192,22.8,4.0,18.3,1016.2,2.6,0,1,8,214,24355.1,,Cold
2016-08-01 01:00:00,Hog_lodging_Shanti,164.537,22.2,4.0,18.3,1015.4,3.1,1,1,8,214,24355.1,,Cold
2016-08-01 02:00:00,Hog_lodging_Shanti,163.784,21.7,3.0,18.3,1015.3,3.1,2,1,8,214,24355.1,,Cold
2016-08-01 03:00:00,Hog_lodging_Shanti,163.358,21.7,2.0,18.3,1015.1,3.1,3,1,8,214,24355.1,,Cold
2016-08-01 04:00:00,Hog_lodging_Shanti,164.824,21.7,2.0,18.3,1014.8,4.6,4,1,8,214,24355.1,,Cold
2016-08-01 05:00:00,Hog_lodging_Shanti,165.66099999999997,21.1,4.0,18.3,1015.1,4.6,5,1,8,214,24355.1,,Cold
2016-08-01 06:00:00,Hog_lodging_Shanti,166.86,21.1,4.0,17.8,1015.5,4.1,6,1,8,214,24355.1,,Cold
2016-08-01 07:00:00,Hog_lodging_Shanti,169.24,22.2,2.0,18.3,1016.1,3.6,7,1,8,214,24355.1,,Cold
2016-08-01 08:00:00,Hog_lodging_Shanti,172.112,23.3,4.0,18.9,1016.9,4.1,8,1,8,214,24355.1,,Cold
2016-08-01 09:00:00,Hog_lodging_Shanti,201.944,25.0,4.0,19.4,1017.1,5.1,9,1,8,214,24355.1,,Cold
2016-08-01 10:00:00,Hog_lodging_Shanti,315.426,25.6,4.666666666666667,20.0,1016.4,5.7,10,1,8,214,24355.1,,Cold
2016-08-01 11:00:00,Hog_lodging_Shanti,340.4790000000001,27.2,5.333333333333333,20.0,1015.3,6.2,11,1,8,214,24355.1,,Cold
2016-08-01 12:00:00,Hog_lodging_Shanti,356.6930000000001,27.8,6.0,20.0,1014.7,6.2,12,1,8,214,24355.1,,Cold
2016-08-01 13:00:00,Hog_lodging_Shanti,363.99300000000005,28.9,5.666666666666667,20.0,1014.5,7.2,13,1,8,214,24355.1,,Cold
2016-08-01 14:00:00,Hog_lodging_Shanti,359.434,28.9,5.333333333333333,20.0,1015.2,6.2,14,1,8,214,24355.1,,Cold
2016-08-01 15:00:00,Hog_lodging_Shanti,345.372,28.3,5.0,20.6,1015.0,5.1,15,1,8,214,24355.1,,Cold
2016-08-01 16:00:00,Hog_lodging_Shanti,347.874,28.9,5.0,20.0,1014.8,6.2,16,1,8,214,24355.1,,Cold
2016-08-01 17:00:00,Hog_lodging_Shanti,342.661,28.3,5.0,20.6,1014.4,5.1,17,1,8,214,24355.1,,Cold
2016-08-01 18:00:00,Hog_lodging_Shanti,334.278,28.3,4.0,20.6,1014.5,4.6,18,1,8,214,24355.1,,Cold
2016-08-01 19:00:00,Hog_lodging_Shanti,302.847,27.2,4.0,20.0,1015.0,5.1,19,1,8,214,24355.1,,Cold
2016-08-01 20:00:00,Hog_lodging_Shanti,187.695,26.1,4.0,20.0,1015.2,3.6,20,1,8,214,24355.1,,Cold
2016-08-01 21:00:00,Hog_lodging_Shanti,179.297,25.0,4.0,20.6,1015.7,3.1,21,1,8,214,24355.1,,Cold
2016-08-01 22:00:00,Hog_lodging_Shanti,176.295,25.0,3.0,20.6,1015.9,2.1,22,1,8,214,24355.1,,Cold
2016-08-01 23:00:00,Hog_lodging_Shanti,175.12400000000005,24.4,2.0,20.6,1016.0,2.6,23,1,8,214,24355.1,,Cold
2016-08-02 00:00:00,Hog_lodging_Shanti,174.676,24.4,8.0,21.1,1015.7,3.1,0,2,8,215,24355.1,,Cold
2016-08-02 01:00:00,Hog_lodging_Shanti,173.334,23.9,4.0,21.1,1015.2,3.1,1,2,8,215,24355.1,,Cold
2016-08-02 02:00:00,Hog_lodging_Shanti,170.61700000000005,23.3,0.0,20.6,1014.7,2.6,2,2,8,215,24355.1,,Cold
2016-08-02 03:00:00,Hog_lodging_Shanti,180.748,23.3,2.0,21.1,1015.2,2.1,3,2,8,215,24355.1,,Cold
2016-08-02 04:00:00,Hog_lodging_Shanti,173.74400000000003,22.8,4.0,20.6,1015.5,1.5,4,2,8,215,24355.1,,Cold
2016-08-02 05:00:00,Hog_lodging_Shanti,178.639,23.9,6.0,20.6,1016.0,2.6,5,2,8,215,24355.1,,Cold
2016-08-02 06:00:00,Hog_lodging_Shanti,171.456,23.9,8.0,20.6,1016.2,0.0,6,2,8,215,24355.1,,Cold
2016-08-02 07:00:00,Hog_lodging_Shanti,174.05900000000003,23.9,6.0,20.0,1016.3,2.1,7,2,8,215,24355.1,,Cold
2016-08-02 08:00:00,Hog_lodging_Shanti,272.626,25.0,4.0,20.0,1016.4,2.6,8,2,8,215,24355.1,,Cold
2016-08-02 09:00:00,Hog_lodging_Shanti,314.933,26.1,2.0,20.6,1016.6,3.6,9,2,8,215,24355.1,,Cold
2016-08-02 10:00:00,Hog_lodging_Shanti,337.144,26.7,2.0,20.0,1016.9,2.1,10,2,8,215,24355.1,,Cold
2016-08-02 11:00:00,Hog_lodging_Shanti,347.339,27.2,4.0,20.6,1016.9,3.6,11,2,8,215,24355.1,,Cold
2016-08-02 12:00:00,Hog_lodging_Shanti,342.427,28.3,4.0,20.6,1016.5,1.5,12,2,8,215,24355.1,,Cold
2016-08-02 13:00:00,Hog_lodging_Shanti,339.78,29.4,4.0,20.0,1016.2,1.5,13,2,8,215,24355.1,,Cold
2016-08-02 14:00:00,Hog_lodging_Shanti,348.668,30.0,4.0,20.6,1015.7,2.6,14,2,8,215,24355.1,,Cold
2016-08-02 15:00:00,Hog_lodging_Shanti,341.867,29.4,4.0,20.6,1015.5,3.1,15,2,8,215,24355.1,,Cold
2016-08-02 16:00:00,Hog_lodging_Shanti,348.222,30.6,4.0,20.0,1015.2,4.1,16,2,8,215,24355.1,,Cold
2016-08-02 17:00:00,Hog_lodging_Shanti,348.389,31.1,4.0,20.6,1015.1,4.6,17,2,8,215,24355.1,,Cold
2016-08-02 18:00:00,Hog_lodging_Shanti,347.469,30.6,4.0,20.6,1015.1,3.6,18,2,8,215,24355.1,,Cold
2016-08-02 19:00:00,Hog_lodging_Shanti,339.532,30.0,2.0,20.6,1015.0,4.1,19,2,8,215,24355.1,,Cold
2016-08-02 20:00:00,Hog_lodging_Shanti,199.001,29.4,2.0,21.1,1015.2,2.6,20,2,8,215,24355.1,,Cold
2016-08-02 21:00:00,Hog_lodging_Shanti,179.838,28.3,2.0,21.1,1015.6,2.1,21,2,8,215,24355.1,,Cold
2016-08-02 22:00:00,Hog_lodging_Shanti,179.16,27.8,4.0,21.7,1016.0,2.1,22,2,8,215,24355.1,,Cold
2016-08-02 23:00:00,Hog_lodging_Shanti,179.351,27.2,2.0,21.7,1016.1,2.6,23,2,8,215,24355.1,,Cold
2016-08-03 00:00:00,Hog_lodging_Shanti,175.57299999999995,26.7,2.0,21.7,1016.4,2.1,0,3,8,216,24355.1,,Cold
2016-08-03 01:00:00,Hog_lodging_Shanti,174.82299999999995,25.6,2.0,21.7,1016.4,0.0,1,3,8,216,24355.1,,Cold
2016-08-03 02:00:00,Hog_lodging_Shanti,175.87900000000005,25.6,2.0,22.2,1016.1,2.1,2,3,8,216,24355.1,,Cold
2016-08-03 03:00:00,Hog_lodging_Shanti,178.767,24.4,2.0,21.7,1016.2,1.5,3,3,8,216,24355.1,,Cold
2016-08-03 04:00:00,Hog_lodging_Shanti,179.016,23.9,0.0,21.7,1016.0,1.5,4,3,8,216,24355.1,,Cold
2016-08-03 05:00:00,Hog_lodging_Shanti,177.676,23.9,2.0,22.2,1016.0,0.0,5,3,8,216,24355.1,,Cold
2016-08-03 06:00:00,Hog_lodging_Shanti,177.7,24.4,2.0,21.7,1016.6,0.0,6,3,8,216,24355.1,,Cold
2016-08-03 07:00:00,Hog_lodging_Shanti,190.687,25.0,0.0,22.2,1016.7,2.1,7,3,8,216,24355.1,,Cold
2016-08-03 08:00:00,Hog_lodging_Shanti,352.10400000000016,26.7,2.0,22.2,1016.9,2.6,8,3,8,216,24355.1,,Cold
2016-08-03 09:00:00,Hog_lodging_Shanti,339.846,27.8,2.0,22.2,1016.3,3.1,9,3,8,216,24355.1,,Cold
2016-08-03 10:00:00,Hog_lodging_Shanti,377.851,29.4,2.0,22.2,1015.8,3.6,10,3,8,216,24355.1,,Cold
2016-08-03 11:00:00,Hog_lodging_Shanti,405.491,30.0,4.0,21.7,1015.7,3.1,11,3,8,216,24355.1,,Cold
2016-08-03 12:00:00,Hog_lodging_Shanti,397.475,30.6,4.0,22.2,1015.2,3.6,12,3,8,216,24355.1,,Cold
2016-08-03 13:00:00,Hog_lodging_Shanti,408.905,31.7,4.0,21.1,1014.9,5.1,13,3,8,216,24355.1,,Cold
2016-08-03 14:00:00,Hog_lodging_Shanti,406.80300000000005,31.7,4.0,21.1,1014.3,4.6,14,3,8,216,24355.1,,Cold
2016-08-03 15:00:00,Hog_lodging_Shanti,384.534,32.2,4.0,21.1,1013.9,5.1,15,3,8,216,24355.1,,Cold
2016-08-03 16:00:00,Hog_lodging_Shanti,391.405,31.7,4.0,21.7,1013.5,4.6,16,3,8,216,24355.1,,Cold
2016-08-03 17:00:00,Hog_lodging_Shanti,398.525,31.1,4.0,21.1,1013.0,4.6,17,3,8,216,24355.1,,Cold
2016-08-03 18:00:00,Hog_lodging_Shanti,395.883,31.1,2.0,20.0,1012.7,4.6,18,3,8,216,24355.1,,Cold
2016-08-03 19:00:00,Hog_lodging_Shanti,351.18300000000005,30.0,2.0,21.1,1012.0,5.7,19,3,8,216,24355.1,,Cold
2016-08-03 20:00:00,Hog_lodging_Shanti,340.446,29.4,2.0,21.7,1011.9,4.1,20,3,8,216,24355.1,,Cold
2016-08-03 21:00:00,Hog_lodging_Shanti,278.565,27.8,0.0,21.7,1012.1,3.6,21,3,8,216,24355.1,,Cold
2016-08-03 22:00:00,Hog_lodging_Shanti,178.942,26.7,0.0,21.7,1012.0,4.1,22,3,8,216,24355.1,,Cold
2016-08-03 23:00:00,Hog_lodging_Shanti,178.639,26.7,0.0,21.7,1010.9,5.7,23,3,8,216,24355.1,,Cold
2016-08-04 00:00:00,Hog_lodging_Shanti,172.417,26.1,0.0,21.7,1010.9,3.6,0,4,8,217,24355.1,,Cold
2016-08-04 01:00:00,Hog_lodging_Shanti,171.634,26.1,0.0,21.7,1010.8,3.1,1,4,8,217,24355.1,,Cold
2016-08-04 02:00:00,Hog_lodging_Shanti,172.46599999999995,25.6,4.0,21.7,1009.8,5.7,2,4,8,217,24355.1,,Cold
2016-08-04 03:00:00,Hog_lodging_Shanti,174.80200000000005,25.6,0.0,21.7,1010.3,5.1,3,4,8,217,24355.1,,Cold
2016-08-04 04:00:00,Hog_lodging_Shanti,175.387,25.6,4.0,21.7,1008.9,5.7,4,4,8,217,24355.1,,Cold
2016-08-04 05:00:00,Hog_lodging_Shanti,176.696,25.0,6.0,21.7,1009.2,3.1,5,4,8,217,24355.1,,Cold
2016-08-04 06:00:00,Hog_lodging_Shanti,174.735,25.6,8.0,21.7,1010.2,2.6,6,4,8,217,24355.1,,Cold
2016-08-04 07:00:00,Hog_lodging_Shanti,197.045,21.7,7.666666666666667,20.0,1010.9,4.6,7,4,8,217,24355.1,,Cold
2016-08-04 08:00:00,Hog_lodging_Shanti,313.775,22.2,7.333333333333333,19.4,1010.6,2.6,8,4,8,217,24355.1,,Cold
2016-08-04 09:00:00,Hog_lodging_Shanti,333.05300000000005,22.2,7.0,20.6,1009.7,3.6,9,4,8,217,24355.1,,Cold
2016-08-04 10:00:00,Hog_lodging_Shanti,354.20300000000015,22.8,7.0,20.6,1009.4,6.7,10,4,8,217,24355.1,,Cold
2016-08-04 11:00:00,Hog_lodging_Shanti,350.546,25.0,7.0,21.1,1009.2,4.6,11,4,8,217,24355.1,,Cold
2016-08-04 12:00:00,Hog_lodging_Shanti,355.62300000000016,25.0,6.0,21.1,1008.7,5.1,12,4,8,217,24355.1,,Cold
2016-08-04 13:00:00,Hog_lodging_Shanti,358.451,27.2,5.0,21.1,1009.2,4.6,13,4,8,217,24355.1,,Cold
2016-08-04 14:00:00,Hog_lodging_Shanti,355.242,28.9,4.0,20.0,1008.8,8.8,14,4,8,217,24355.1,,Cold
2016-08-04 15:00:00,Hog_lodging_Shanti,360.947,29.4,4.0,20.0,1009.0,7.7,15,4,8,217,24355.1,,Cold
2016-08-04 16:00:00,Hog_lodging_Shanti,357.035,28.3,2.0,18.3,1008.4,6.7,16,4,8,217,24355.1,,Cold
2016-08-04 17:00:00,Hog_lodging_Shanti,327.746,27.8,2.0,18.9,1008.2,8.2,17,4,8,217,24355.1,,Cold
2016-08-04 18:00:00,Hog_lodging_Shanti,320.372,26.7,2.0,15.6,1008.5,7.7,18,4,8,217,24355.1,,Cold
2016-08-04 19:00:00,Hog_lodging_Shanti,252.35,25.6,2.0,15.0,1009.8,8.2,19,4,8,217,24355.1,,Cold
2016-08-04 20:00:00,Hog_lodging_Shanti,178.895,23.3,2.0,15.0,1010.9,4.6,20,4,8,217,24355.1,,Cold
2016-08-04 21:00:00,Hog_lodging_Shanti,172.824,23.3,2.0,15.0,1012.2,2.6,21,4,8,217,24355.1,,Cold
2016-08-04 22:00:00,Hog_lodging_Shanti,175.80200000000005,22.8,2.0,15.0,1012.1,4.1,22,4,8,217,24355.1,,Cold
2016-08-04 23:00:00,Hog_lodging_Shanti,174.018,21.7,0.0,15.6,1012.3,3.1,23,4,8,217,24355.1,,Cold
2016-08-05 00:00:00,Hog_lodging_Shanti,173.40400000000002,21.1,0.0,15.6,1012.0,4.6,0,5,8,218,24355.1,,Cold
2016-08-05 01:00:00,Hog_lodging_Shanti,170.114,20.6,0.0,15.6,1012.0,4.6,1,5,8,218,24355.1,,Cold
2016-08-05 02:00:00,Hog_lodging_Shanti,169.91400000000004,20.0,0.0,15.0,1012.6,5.1,2,5,8,218,24355.1,,Cold
2016-08-05 03:00:00,Hog_lodging_Shanti,171.747,18.9,0.0,14.4,1013.1,3.6,3,5,8,218,24355.1,,Cold
2016-08-05 04:00:00,Hog_lodging_Shanti,173.235,18.9,0.0,14.4,1013.6,3.6,4,5,8,218,24355.1,,Cold
2016-08-05 05:00:00,Hog_lodging_Shanti,171.389,17.8,0.0,13.9,1014.0,4.1,5,5,8,218,24355.1,,Cold
2016-08-05 06:00:00,Hog_lodging_Shanti,168.885,18.3,0.0,13.9,1014.5,4.6,6,5,8,218,24355.1,,Cold
2016-08-05 07:00:00,Hog_lodging_Shanti,191.974,19.4,0.0,13.9,1014.9,6.2,7,5,8,218,24355.1,,Cold
2016-08-05 08:00:00,Hog_lodging_Shanti,193.36900000000003,20.6,0.0,13.9,1015.1,6.2,8,5,8,218,24355.1,,Cold
2016-08-05 09:00:00,Hog_lodging_Shanti,195.652,21.7,0.0,13.9,1015.3,5.7,9,5,8,218,24355.1,,Cold
2016-08-05 10:00:00,Hog_lodging_Shanti,192.249,22.2,4.0,13.9,1015.8,6.7,10,5,8,218,24355.1,,Cold
2016-08-05 11:00:00,Hog_lodging_Shanti,195.743,23.3,4.0,13.9,1016.0,7.2,11,5,8,218,24355.1,,Cold
2016-08-05 12:00:00,Hog_lodging_Shanti,207.539,24.4,6.0,13.9,1016.0,4.1,12,5,8,218,24355.1,,Cold
2016-08-05 13:00:00,Hog_lodging_Shanti,209.085,24.4,6.0,13.3,1015.9,5.1,13,5,8,218,24355.1,,Cold
2016-08-05 14:00:00,Hog_lodging_Shanti,196.882,24.4,6.0,12.8,1015.9,6.2,14,5,8,218,24355.1,,Cold
2016-08-05 15:00:00,Hog_lodging_Shanti,178.62900000000005,25.6,6.0,13.3,1015.3,7.7,15,5,8,218,24355.1,,Cold
2016-08-05 16:00:00,Hog_lodging_Shanti,171.38299999999995,24.4,6.0,12.8,1015.2,5.1,16,5,8,218,24355.1,,Cold
2016-08-05 17:00:00,Hog_lodging_Shanti,170.69400000000005,23.9,6.0,12.8,1015.4,3.6,17,5,8,218,24355.1,,Cold
2016-08-05 18:00:00,Hog_lodging_Shanti,167.15400000000002,25.0,6.0,12.8,1015.3,4.6,18,5,8,218,24355.1,,Cold
2016-08-05 19:00:00,Hog_lodging_Shanti,168.454,23.9,2.0,12.2,1015.4,5.1,19,5,8,218,24355.1,,Cold
2016-08-05 20:00:00,Hog_lodging_Shanti,167.543,22.2,2.0,12.2,1015.7,3.6,20,5,8,218,24355.1,,Cold
2016-08-05 21:00:00,Hog_lodging_Shanti,170.888,21.7,0.0,12.8,1016.4,2.6,21,5,8,218,24355.1,,Cold
2016-08-05 22:00:00,Hog_lodging_Shanti,171.729,20.6,0.0,13.3,1016.7,1.5,22,5,8,218,24355.1,,Cold
2016-08-05 23:00:00,Hog_lodging_Shanti,171.794,19.4,0.0,13.3,1017.1,2.1,23,5,8,218,24355.1,,Cold
2016-08-06 00:00:00,Hog_lodging_Shanti,166.858,18.3,0.0,13.9,1017.4,2.1,0,6,8,219,24355.1,,Cold
2016-08-06 01:00:00,Hog_lodging_Shanti,165.487,17.8,2.0,13.9,1017.5,2.1,1,6,8,219,24355.1,,Cold
2016-08-06 02:00:00,Hog_lodging_Shanti,165.905,18.3,2.0,13.3,1017.4,0.0,2,6,8,219,24355.1,,Cold
2016-08-06 03:00:00,Hog_lodging_Shanti,167.736,18.3,2.0,12.8,1017.5,0.0,3,6,8,219,24355.1,,Cold
2016-08-06 04:00:00,Hog_lodging_Shanti,167.794,17.2,0.0,12.8,1017.8,1.5,4,6,8,219,24355.1,,Cold
2016-08-06 05:00:00,Hog_lodging_Shanti,166.991,17.2,0.0,13.3,1018.3,0.0,5,6,8,219,24355.1,,Cold
2016-08-06 06:00:00,Hog_lodging_Shanti,166.78900000000004,17.2,0.0,13.3,1018.4,1.5,6,6,8,219,24355.1,,Cold
2016-08-06 07:00:00,Hog_lodging_Shanti,164.169,19.4,0.0,14.4,1018.6,2.6,7,6,8,219,24355.1,,Cold
2016-08-06 08:00:00,Hog_lodging_Shanti,164.955,21.1,0.0,14.4,1018.5,2.1,8,6,8,219,24355.1,,Cold
2016-08-06 09:00:00,Hog_lodging_Shanti,165.31099999999995,22.8,0.0,14.4,1018.3,2.6,9,6,8,219,24355.1,,Cold
2016-08-06 10:00:00,Hog_lodging_Shanti,165.24599999999995,23.9,4.0,14.4,1018.5,4.1,10,6,8,219,24355.1,,Cold
2016-08-06 11:00:00,Hog_lodging_Shanti,166.96900000000005,25.0,4.0,14.4,1018.5,4.1,11,6,8,219,24355.1,,Cold
2016-08-06 12:00:00,Hog_lodging_Shanti,163.004,25.0,2.0,14.4,1018.2,4.6,12,6,8,219,24355.1,,Cold
2016-08-06 13:00:00,Hog_lodging_Shanti,166.61,25.6,4.0,13.9,1017.8,2.6,13,6,8,219,24355.1,,Cold
2016-08-06 14:00:00,Hog_lodging_Shanti,165.09799999999996,26.7,4.0,13.9,1017.6,5.1,14,6,8,219,24355.1,,Cold
2016-08-06 15:00:00,Hog_lodging_Shanti,164.75,27.2,4.0,14.4,1017.3,3.1,15,6,8,219,24355.1,,Cold
2016-08-06 16:00:00,Hog_lodging_Shanti,167.80200000000005,27.8,4.0,13.9,1016.9,3.1,16,6,8,219,24355.1,,Cold
2016-08-06 17:00:00,Hog_lodging_Shanti,171.562,26.7,4.0,13.3,1016.7,3.1,17,6,8,219,24355.1,,Cold
2016-08-06 18:00:00,Hog_lodging_Shanti,170.21599999999995,26.1,4.0,13.3,1016.4,3.6,18,6,8,219,24355.1,,Cold
2016-08-06 19:00:00,Hog_lodging_Shanti,168.24400000000003,25.6,4.0,12.2,1016.4,5.1,19,6,8,219,24355.1,,Cold
2016-08-06 20:00:00,Hog_lodging_Shanti,166.343,23.3,2.0,13.3,1016.5,2.6,20,6,8,219,24355.1,,Cold
2016-08-06 21:00:00,Hog_lodging_Shanti,167.611,23.3,2.0,13.3,1017.2,1.5,21,6,8,219,24355.1,,Cold
2016-08-06 22:00:00,Hog_lodging_Shanti,171.079,21.7,2.0,13.9,1017.5,1.5,22,6,8,219,24355.1,,Cold
2016-08-06 23:00:00,Hog_lodging_Shanti,169.72799999999995,21.7,2.0,14.4,1017.6,0.0,23,6,8,219,24355.1,,Cold
2016-08-07 00:00:00,Hog_lodging_Shanti,169.055,20.6,2.0,15.6,1018.1,0.0,0,7,8,220,24355.1,,Cold
2016-08-07 01:00:00,Hog_lodging_Shanti,171.706,19.4,0.0,15.6,1018.1,0.0,1,7,8,220,24355.1,,Cold
2016-08-07 02:00:00,Hog_lodging_Shanti,165.075,19.4,0.0,15.6,1017.8,0.0,2,7,8,220,24355.1,,Cold
2016-08-07 03:00:00,Hog_lodging_Shanti,165.804,18.9,0.0,15.6,1017.8,0.0,3,7,8,220,24355.1,,Cold
2016-08-07 04:00:00,Hog_lodging_Shanti,168.612,17.8,0.0,15.6,1018.0,0.0,4,7,8,220,24355.1,,Cold
2016-08-07 05:00:00,Hog_lodging_Shanti,168.58900000000003,17.2,2.0,13.9,1018.4,2.1,5,7,8,220,24355.1,,Cold
2016-08-07 06:00:00,Hog_lodging_Shanti,165.805,17.8,4.0,14.4,1018.8,1.5,6,7,8,220,24355.1,,Cold
2016-08-07 07:00:00,Hog_lodging_Shanti,166.113,20.0,4.0,15.6,1019.2,1.5,7,7,8,220,24355.1,,Cold
2016-08-07 08:00:00,Hog_lodging_Shanti,166.33900000000003,21.7,4.0,15.6,1019.2,0.0,8,7,8,220,24355.1,,Cold
2016-08-07 09:00:00,Hog_lodging_Shanti,166.30200000000005,24.4,4.0,15.0,1019.2,0.0,9,7,8,220,24355.1,,Cold
2016-08-07 10:00:00,Hog_lodging_Shanti,167.491,24.4,4.0,15.6,1019.1,1.5,10,7,8,220,24355.1,,Cold
2016-08-07 11:00:00,Hog_lodging_Shanti,173.136,25.6,5.0,13.9,1018.9,2.1,11,7,8,220,24355.1,,Cold
2016-08-07 12:00:00,Hog_lodging_Shanti,173.011,27.2,6.0,13.9,1018.5,2.6,12,7,8,220,24355.1,,Cold
2016-08-07 13:00:00,Hog_lodging_Shanti,175.144,26.7,5.333333333333333,13.3,1018.0,2.1,13,7,8,220,24355.1,,Cold
2016-08-07 14:00:00,Hog_lodging_Shanti,171.715,26.1,4.666666666666667,13.3,1017.8,0.0,14,7,8,220,24355.1,,Cold
2016-08-07 15:00:00,Hog_lodging_Shanti,173.634,26.7,4.0,13.3,1017.4,2.1,15,7,8,220,24355.1,,Cold
2016-08-07 16:00:00,Hog_lodging_Shanti,177.565,26.7,4.0,12.8,1017.1,0.0,16,7,8,220,24355.1,,Cold
2016-08-07 17:00:00,Hog_lodging_Shanti,175.769,26.1,4.0,13.9,1016.9,2.6,17,7,8,220,24355.1,,Cold
2016-08-07 18:00:00,Hog_lodging_Shanti,179.97799999999995,26.7,4.0,13.3,1016.6,2.1,18,7,8,220,24355.1,,Cold
2016-08-07 19:00:00,Hog_lodging_Shanti,182.734,25.6,4.0,14.4,1016.5,3.1,19,7,8,220,24355.1,,Cold
2016-08-07 20:00:00,Hog_lodging_Shanti,174.937,25.0,4.0,15.0,1016.7,3.6,20,7,8,220,24355.1,,Cold
2016-08-07 21:00:00,Hog_lodging_Shanti,173.178,23.3,4.0,15.6,1016.9,3.1,21,7,8,220,24355.1,,Cold
2016-08-07 22:00:00,Hog_lodging_Shanti,170.803,23.9,4.0,16.1,1017.0,2.1,22,7,8,220,24355.1,,Cold
2016-08-07 23:00:00,Hog_lodging_Shanti,170.34900000000005,22.8,2.0,16.1,1016.9,2.1,23,7,8,220,24355.1,,Cold
2016-08-08 00:00:00,Hog_lodging_Shanti,167.16400000000004,21.1,0.0,16.1,1017.0,2.1,0,1,8,221,24355.1,,Cold
2016-08-08 01:00:00,Hog_lodging_Shanti,168.507,21.7,0.0,16.1,1017.1,1.5,1,1,8,221,24355.1,,Cold
2016-08-08 02:00:00,Hog_lodging_Shanti,167.146,20.6,0.0,16.1,1017.9,0.0,2,1,8,221,24355.1,,Cold
2016-08-08 03:00:00,Hog_lodging_Shanti,167.783,20.6,0.0,15.0,1018.0,1.5,3,1,8,221,24355.1,,Cold
2016-08-08 04:00:00,Hog_lodging_Shanti,168.623,18.3,0.0,15.6,1017.8,2.6,4,1,8,221,24355.1,,Cold
2016-08-08 05:00:00,Hog_lodging_Shanti,169.043,18.3,0.0,15.6,1017.7,2.6,5,1,8,221,24355.1,,Cold
2016-08-08 06:00:00,Hog_lodging_Shanti,166.771,18.3,2.0,15.6,1017.8,2.1,6,1,8,221,24355.1,,Cold
2016-08-08 07:00:00,Hog_lodging_Shanti,167.093,20.0,2.0,16.1,1017.6,2.1,7,1,8,221,24355.1,,Cold
2016-08-08 08:00:00,Hog_lodging_Shanti,172.109,22.2,2.0,16.7,1017.8,1.5,8,1,8,221,24355.1,,Cold
2016-08-08 09:00:00,Hog_lodging_Shanti,173.076,23.9,2.0,15.6,1017.5,4.6,9,1,8,221,24355.1,,Cold
2016-08-08 10:00:00,Hog_lodging_Shanti,177.68900000000005,25.0,2.0,15.0,1017.0,6.2,10,1,8,221,24355.1,,Cold
2016-08-08 11:00:00,Hog_lodging_Shanti,184.604,25.6,4.0,15.0,1016.5,6.2,11,1,8,221,24355.1,,Cold
2016-08-08 12:00:00,Hog_lodging_Shanti,181.212,26.1,4.0,15.6,1016.1,4.1,12,1,8,221,24355.1,,Cold
2016-08-08 13:00:00,Hog_lodging_Shanti,181.542,26.1,4.0,15.0,1015.7,5.7,13,1,8,221,24355.1,,Cold
2016-08-08 14:00:00,Hog_lodging_Shanti,187.337,26.7,4.0,16.1,1015.1,4.6,14,1,8,221,24355.1,,Cold
2016-08-08 15:00:00,Hog_lodging_Shanti,185.372,26.7,4.0,15.6,1014.4,6.7,15,1,8,221,24355.1,,Cold
2016-08-08 16:00:00,Hog_lodging_Shanti,180.805,27.8,4.0,16.1,1014.1,6.7,16,1,8,221,24355.1,,Cold
2016-08-08 17:00:00,Hog_lodging_Shanti,180.805,27.2,4.0,16.7,1013.7,4.6,17,1,8,221,24355.1,,Cold
2016-08-08 18:00:00,Hog_lodging_Shanti,183.609,27.2,4.0,16.1,1013.0,7.2,18,1,8,221,24355.1,,Cold
2016-08-08 19:00:00,Hog_lodging_Shanti,181.34,26.7,2.0,16.1,1012.5,5.1,19,1,8,221,24355.1,,Cold
2016-08-08 20:00:00,Hog_lodging_Shanti,178.947,24.4,2.0,16.1,1012.5,2.6,20,1,8,221,24355.1,,Cold
2016-08-08 21:00:00,Hog_lodging_Shanti,173.433,23.3,2.0,17.2,1012.4,3.6,21,1,8,221,24355.1,,Cold
2016-08-08 22:00:00,Hog_lodging_Shanti,173.53599999999997,23.9,2.0,17.2,1012.4,5.1,22,1,8,221,24355.1,,Cold
2016-08-08 23:00:00,Hog_lodging_Shanti,170.653,22.8,2.0,17.2,1012.7,4.1,23,1,8,221,24355.1,,Cold
2016-08-09 00:00:00,Hog_lodging_Shanti,168.271,22.2,0.0,17.2,1012.9,4.6,0,2,8,222,24355.1,,Cold
2016-08-09 01:00:00,Hog_lodging_Shanti,165.342,22.2,0.0,17.2,1012.9,4.1,1,2,8,222,24355.1,,Cold
2016-08-09 02:00:00,Hog_lodging_Shanti,167.14,22.2,0.0,17.2,1012.8,2.6,2,2,8,222,24355.1,,Cold
2016-08-09 03:00:00,Hog_lodging_Shanti,167.942,20.6,0.0,17.2,1012.6,2.1,3,2,8,222,24355.1,,Cold
2016-08-09 04:00:00,Hog_lodging_Shanti,168.157,21.7,0.6666666666666666,17.2,1011.5,1.5,4,2,8,222,24355.1,,Cold
2016-08-09 05:00:00,Hog_lodging_Shanti,167.067,22.2,1.3333333333333333,17.8,1011.8,3.1,5,2,8,222,24355.1,,Cold
2016-08-09 06:00:00,Hog_lodging_Shanti,166.551,22.2,2.0,17.8,1011.6,3.6,6,2,8,222,24355.1,,Cold
2016-08-09 07:00:00,Hog_lodging_Shanti,170.40400000000002,22.8,2.6666666666666665,18.3,1012.3,4.6,7,2,8,222,24355.1,,Cold
2016-08-09 08:00:00,Hog_lodging_Shanti,173.345,23.3,3.333333333333333,18.9,1012.6,4.1,8,2,8,222,24355.1,,Cold
2016-08-09 09:00:00,Hog_lodging_Shanti,177.81599999999997,25.0,4.0,20.0,1011.4,5.1,9,2,8,222,24355.1,,Cold
2016-08-09 10:00:00,Hog_lodging_Shanti,177.574,24.4,4.0,20.0,1012.2,6.7,10,2,8,222,24355.1,,Cold
2016-08-09 11:00:00,Hog_lodging_Shanti,186.992,26.1,4.0,20.6,1012.2,5.1,11,2,8,222,24355.1,,Cold
2016-08-09 12:00:00,Hog_lodging_Shanti,185.052,27.8,4.0,20.6,1012.2,5.1,12,2,8,222,24355.1,,Cold
2016-08-09 13:00:00,Hog_lodging_Shanti,186.726,28.9,4.0,21.7,1011.7,4.6,13,2,8,222,24355.1,,Cold
2016-08-09 14:00:00,Hog_lodging_Shanti,191.828,30.6,4.0,21.7,1011.7,5.1,14,2,8,222,24355.1,,Cold
2016-08-09 15:00:00,Hog_lodging_Shanti,416.195,30.0,4.0,21.7,1011.6,6.2,15,2,8,222,24355.1,,Cold
2016-08-09 16:00:00,Hog_lodging_Shanti,262.824,30.0,4.0,21.7,1011.6,4.1,16,2,8,222,24355.1,,Cold
2016-08-09 17:00:00,Hog_lodging_Shanti,214.217,30.0,4.0,22.2,1011.9,3.6,17,2,8,222,24355.1,,Cold
2016-08-09 18:00:00,Hog_lodging_Shanti,366.074,30.0,4.0,22.2,1012.0,3.6,18,2,8,222,24355.1,,Cold
2016-08-09 19:00:00,Hog_lodging_Shanti,299.091,29.4,2.0,22.8,1012.0,2.1,19,2,8,222,24355.1,,Cold
2016-08-09 20:00:00,Hog_lodging_Shanti,290.238,28.9,2.0,22.8,1012.4,3.6,20,2,8,222,24355.1,,Cold
2016-08-09 21:00:00,Hog_lodging_Shanti,283.789,28.9,2.0,22.8,1013.1,3.6,21,2,8,222,24355.1,,Cold
2016-08-09 22:00:00,Hog_lodging_Shanti,284.316,27.8,2.0,22.2,1013.4,2.6,22,2,8,222,24355.1,,Cold
2016-08-09 23:00:00,Hog_lodging_Shanti,286.207,27.2,2.0,21.7,1013.2,3.6,23,2,8,222,24355.1,,Cold
2016-08-10 00:00:00,Hog_lodging_Shanti,282.781,26.7,0.0,21.1,1013.2,2.6,0,3,8,223,24355.1,,Cold
2016-08-10 01:00:00,Hog_lodging_Shanti,232.866,26.1,1.3333333333333333,21.1,1014.0,3.1,1,3,8,223,24355.1,,Cold
2016-08-10 02:00:00,Hog_lodging_Shanti,169.31599999999997,25.6,2.6666666666666665,20.6,1014.0,3.1,2,3,8,223,24355.1,,Cold
2016-08-10 03:00:00,Hog_lodging_Shanti,170.834,25.6,4.0,20.6,1013.7,2.1,3,3,8,223,24355.1,,Cold
2016-08-10 04:00:00,Hog_lodging_Shanti,172.048,25.0,4.666666666666667,20.6,1014.8,2.1,4,3,8,223,24355.1,,Cold
2016-08-10 05:00:00,Hog_lodging_Shanti,171.757,24.4,5.333333333333333,20.6,1014.5,3.6,5,3,8,223,24355.1,,Cold
2016-08-10 06:00:00,Hog_lodging_Shanti,170.859,23.9,6.0,20.6,1015.3,0.0,6,3,8,223,24355.1,,Cold
2016-08-10 07:00:00,Hog_lodging_Shanti,307.451,23.9,5.333333333333333,20.6,1016.5,2.1,7,3,8,223,24355.1,,Cold
2016-08-10 08:00:00,Hog_lodging_Shanti,291.117,24.4,4.666666666666667,21.1,1015.9,3.1,8,3,8,223,24355.1,,Cold
2016-08-10 09:00:00,Hog_lodging_Shanti,295.502,26.1,4.0,21.7,1015.8,0.0,9,3,8,223,24355.1,,Cold
2016-08-10 10:00:00,Hog_lodging_Shanti,268.858,28.3,4.0,22.8,1015.6,0.0,10,3,8,223,24355.1,,Cold
2016-08-10 11:00:00,Hog_lodging_Shanti,313.375,29.4,4.0,22.2,1015.2,5.7,11,3,8,223,24355.1,,Cold
2016-08-10 12:00:00,Hog_lodging_Shanti,323.188,30.6,4.0,22.2,1014.1,7.2,12,3,8,223,24355.1,,Cold
2016-08-10 13:00:00,Hog_lodging_Shanti,370.085,31.7,4.0,22.2,1013.6,7.2,13,3,8,223,24355.1,,Cold
2016-08-10 14:00:00,Hog_lodging_Shanti,372.55,31.7,4.0,22.2,1013.4,7.7,14,3,8,223,24355.1,,Cold
2016-08-10 15:00:00,Hog_lodging_Shanti,406.136,32.2,4.0,21.1,1013.5,7.2,15,3,8,223,24355.1,,Cold
2016-08-10 16:00:00,Hog_lodging_Shanti,409.972,31.1,4.0,22.2,1011.9,7.7,16,3,8,223,24355.1,,Cold
2016-08-10 17:00:00,Hog_lodging_Shanti,415.186,30.6,5.0,22.2,1010.8,5.1,17,3,8,223,24355.1,,Cold
2016-08-10 18:00:00,Hog_lodging_Shanti,420.22,30.0,6.0,21.7,1011.4,5.1,18,3,8,223,24355.1,,Cold
2016-08-10 19:00:00,Hog_lodging_Shanti,384.773,30.0,6.333333333333333,22.2,1012.2,3.6,19,3,8,223,24355.1,,Cold
2016-08-10 20:00:00,Hog_lodging_Shanti,356.31699999999995,20.6,6.666666666666667,19.4,1013.8,5.7,20,3,8,223,24355.1,,Cold
2016-08-10 21:00:00,Hog_lodging_Shanti,307.171,21.1,7.0,19.4,1015.4,4.6,21,3,8,223,24355.1,,Cold
2016-08-10 22:00:00,Hog_lodging_Shanti,310.995,21.7,7.0,19.4,1013.7,6.2,22,3,8,223,24355.1,,Cold
2016-08-10 23:00:00,Hog_lodging_Shanti,299.414,21.1,7.0,19.4,1014.1,4.1,23,3,8,223,24355.1,,Cold
2016-08-11 00:00:00,Hog_lodging_Shanti,240.474,20.6,8.0,18.9,1013.2,1.5,0,4,8,224,24355.1,,Cold
2016-08-11 01:00:00,Hog_lodging_Shanti,173.76,21.1,8.0,19.4,1011.0,6.2,1,4,8,224,24355.1,,Cold
2016-08-11 02:00:00,Hog_lodging_Shanti,173.484,21.1,8.0,19.4,1010.7,4.6,2,4,8,224,24355.1,,Cold
2016-08-11 03:00:00,Hog_lodging_Shanti,176.243,20.6,8.0,19.4,1009.9,5.7,3,4,8,224,24355.1,,Cold
2016-08-11 04:00:00,Hog_lodging_Shanti,175.78799999999995,20.6,8.0,19.4,1011.4,3.1,4,4,8,224,24355.1,,Cold
2016-08-11 05:00:00,Hog_lodging_Shanti,176.157,20.6,8.0,19.4,1010.8,3.1,5,4,8,224,24355.1,,Cold
2016-08-11 06:00:00,Hog_lodging_Shanti,174.15900000000005,20.6,8.0,19.4,1007.7,4.6,6,4,8,224,24355.1,,Cold
2016-08-11 07:00:00,Hog_lodging_Shanti,173.452,21.1,7.666666666666667,19.4,1008.4,2.6,7,4,8,224,24355.1,,Cold
2016-08-11 08:00:00,Hog_lodging_Shanti,285.159,22.8,7.333333333333333,20.0,1008.9,2.6,8,4,8,224,24355.1,,Cold
2016-08-11 09:00:00,Hog_lodging_Shanti,309.3520000000001,23.3,7.0,20.0,1010.1,1.5,9,4,8,224,24355.1,,Cold
2016-08-11 10:00:00,Hog_lodging_Shanti,327.398,24.4,7.0,20.0,1010.6,2.6,10,4,8,224,24355.1,,Cold
2016-08-11 11:00:00,Hog_lodging_Shanti,319.722,26.7,7.0,20.6,1010.6,2.6,11,4,8,224,24355.1,,Cold
2016-08-11 12:00:00,Hog_lodging_Shanti,325.246,27.2,6.0,20.6,1010.4,2.6,12,4,8,224,24355.1,,Cold
2016-08-11 13:00:00,Hog_lodging_Shanti,327.105,27.2,6.0,20.0,1010.5,2.6,13,4,8,224,24355.1,,Cold
2016-08-11 14:00:00,Hog_lodging_Shanti,333.94,28.3,6.0,19.4,1010.6,2.6,14,4,8,224,24355.1,,Cold
2016-08-11 15:00:00,Hog_lodging_Shanti,335.815,28.9,6.0,20.0,1010.5,3.6,15,4,8,224,24355.1,,Cold
2016-08-11 16:00:00,Hog_lodging_Shanti,330.952,27.8,6.0,19.4,1010.6,4.1,16,4,8,224,24355.1,,Cold
2016-08-11 17:00:00,Hog_lodging_Shanti,326.54,27.8,6.0,19.4,1010.8,1.5,17,4,8,224,24355.1,,Cold
2016-08-11 18:00:00,Hog_lodging_Shanti,318.302,27.2,6.0,19.4,1010.9,1.5,18,4,8,224,24355.1,,Cold
2016-08-11 19:00:00,Hog_lodging_Shanti,306.892,26.1,6.333333333333333,20.0,1010.4,2.6,19,4,8,224,24355.1,,Cold
2016-08-11 20:00:00,Hog_lodging_Shanti,312.507,26.1,6.666666666666667,20.0,1010.1,2.6,20,4,8,224,24355.1,,Cold
2016-08-11 21:00:00,Hog_lodging_Shanti,319.048,26.1,7.0,20.0,1011.0,1.5,21,4,8,224,24355.1,,Cold
2016-08-11 22:00:00,Hog_lodging_Shanti,303.353,26.1,7.0,19.4,1010.2,2.1,22,4,8,224,24355.1,,Cold
2016-08-11 23:00:00,Hog_lodging_Shanti,299.058,25.0,7.0,20.6,1010.6,2.6,23,4,8,224,24355.1,,Cold
2016-08-12 00:00:00,Hog_lodging_Shanti,301.582,23.9,8.0,19.4,1011.8,4.1,0,5,8,225,24355.1,,Cold
2016-08-12 01:00:00,Hog_lodging_Shanti,252.072,23.3,7.666666666666667,18.9,1011.4,3.1,1,5,8,225,24355.1,,Cold
2016-08-12 02:00:00,Hog_lodging_Shanti,168.408,23.3,7.333333333333333,18.3,1011.2,1.5,2,5,8,225,24355.1,,Cold
2016-08-12 03:00:00,Hog_lodging_Shanti,172.692,22.8,7.0,18.3,1011.0,2.1,3,5,8,225,24355.1,,Cold
2016-08-12 04:00:00,Hog_lodging_Shanti,171.697,22.8,7.0,18.3,1010.8,2.6,4,5,8,225,24355.1,,Cold
2016-08-12 05:00:00,Hog_lodging_Shanti,171.49900000000005,22.8,7.0,18.3,1010.6,2.1,5,5,8,225,24355.1,,Cold
2016-08-12 06:00:00,Hog_lodging_Shanti,171.13,22.2,6.0,18.9,1010.3,2.1,6,5,8,225,24355.1,,Cold
2016-08-12 07:00:00,Hog_lodging_Shanti,176.388,22.2,6.0,18.9,1010.5,3.1,7,5,8,225,24355.1,,Cold
2016-08-12 08:00:00,Hog_lodging_Shanti,307.975,22.8,6.0,19.4,1011.1,2.6,8,5,8,225,24355.1,,Cold
2016-08-12 09:00:00,Hog_lodging_Shanti,322.033,23.3,6.0,19.4,1011.1,3.6,9,5,8,225,24355.1,,Cold
2016-08-12 10:00:00,Hog_lodging_Shanti,336.5080000000001,24.4,6.0,19.4,1011.1,2.6,10,5,8,225,24355.1,,Cold
2016-08-12 11:00:00,Hog_lodging_Shanti,315.954,25.0,6.0,19.4,1011.2,2.6,11,5,8,225,24355.1,,Cold
2016-08-12 12:00:00,Hog_lodging_Shanti,319.78,26.7,6.0,20.0,1010.3,2.1,12,5,8,225,24355.1,,Cold
2016-08-12 13:00:00,Hog_lodging_Shanti,323.932,27.2,6.333333333333333,20.0,1010.1,4.6,13,5,8,225,24355.1,,Cold
2016-08-12 14:00:00,Hog_lodging_Shanti,332.6930000000001,26.1,6.666666666666667,18.9,1010.3,4.6,14,5,8,225,24355.1,,Cold
2016-08-12 15:00:00,Hog_lodging_Shanti,330.142,25.0,7.0,18.9,1010.6,3.6,15,5,8,225,24355.1,,Cold
2016-08-12 16:00:00,Hog_lodging_Shanti,322.524,23.3,7.0,20.0,1011.0,3.6,16,5,8,225,24355.1,,Cold
2016-08-12 17:00:00,Hog_lodging_Shanti,313.362,22.2,7.0,20.6,1011.3,3.6,17,5,8,225,24355.1,,Cold
2016-08-12 18:00:00,Hog_lodging_Shanti,298.8520000000001,21.7,8.0,19.4,1010.8,3.1,18,5,8,225,24355.1,,Cold
2016-08-12 19:00:00,Hog_lodging_Shanti,288.313,21.7,7.666666666666667,20.0,1010.8,1.5,19,5,8,225,24355.1,,Cold
2016-08-12 20:00:00,Hog_lodging_Shanti,304.093,21.7,7.333333333333333,19.4,1011.1,2.6,20,5,8,225,24355.1,,Cold
2016-08-12 21:00:00,Hog_lodging_Shanti,302.555,21.1,7.0,19.4,1012.0,3.6,21,5,8,225,24355.1,,Cold
2016-08-12 22:00:00,Hog_lodging_Shanti,260.909,20.6,7.0,19.4,1012.1,1.5,22,5,8,225,24355.1,,Cold
2016-08-12 23:00:00,Hog_lodging_Shanti,173.68400000000003,20.6,7.0,19.4,1012.0,1.5,23,5,8,225,24355.1,,Cold
2016-08-13 00:00:00,Hog_lodging_Shanti,168.81099999999995,20.0,6.0,18.9,1011.8,2.6,0,6,8,226,24355.1,,Cold
2016-08-13 01:00:00,Hog_lodging_Shanti,169.53,20.0,5.5,18.9,1011.3,1.5,1,6,8,226,24355.1,,Cold
2016-08-13 02:00:00,Hog_lodging_Shanti,166.139,20.0,5.0,18.9,1010.9,3.1,2,6,8,226,24355.1,,Cold
2016-08-13 03:00:00,Hog_lodging_Shanti,168.445,19.4,4.5,18.3,1011.4,2.6,3,6,8,226,24355.1,,Cold
2016-08-13 04:00:00,Hog_lodging_Shanti,168.77700000000004,19.4,4.0,18.3,1011.3,0.0,4,6,8,226,24355.1,,Cold
2016-08-13 05:00:00,Hog_lodging_Shanti,168.157,18.9,2.0,16.7,1011.6,2.1,5,6,8,226,24355.1,,Cold
2016-08-13 06:00:00,Hog_lodging_Shanti,165.532,18.3,2.0,16.7,1012.2,1.5,6,6,8,226,24355.1,,Cold
2016-08-13 07:00:00,Hog_lodging_Shanti,163.99900000000005,19.4,0.0,16.7,1012.7,3.1,7,6,8,226,24355.1,,Cold
2016-08-13 08:00:00,Hog_lodging_Shanti,164.305,21.1,0.0,17.2,1012.7,3.1,8,6,8,226,24355.1,,Cold
2016-08-13 09:00:00,Hog_lodging_Shanti,165.702,23.3,2.0,17.8,1012.7,3.1,9,6,8,226,24355.1,,Cold
2016-08-13 10:00:00,Hog_lodging_Shanti,166.41,24.4,4.0,16.7,1012.9,5.7,10,6,8,226,24355.1,,Cold
2016-08-13 11:00:00,Hog_lodging_Shanti,166.479,25.0,5.0,16.1,1012.9,5.1,11,6,8,226,24355.1,,Cold
2016-08-13 12:00:00,Hog_lodging_Shanti,198.568,26.1,6.0,17.2,1012.7,2.6,12,6,8,226,24355.1,,Cold
2016-08-13 13:00:00,Hog_lodging_Shanti,273.561,25.6,6.0,15.6,1012.9,5.7,13,6,8,226,24355.1,,Cold
2016-08-13 14:00:00,Hog_lodging_Shanti,300.823,26.7,6.0,15.0,1012.6,4.1,14,6,8,226,24355.1,,Cold
2016-08-13 15:00:00,Hog_lodging_Shanti,296.5490000000001,25.6,6.0,15.6,1012.5,4.1,15,6,8,226,24355.1,,Cold
2016-08-13 16:00:00,Hog_lodging_Shanti,300.5370000000001,26.7,6.0,15.0,1012.0,4.6,16,6,8,226,24355.1,,Cold
2016-08-13 17:00:00,Hog_lodging_Shanti,298.9190000000001,26.7,6.0,15.6,1012.1,4.1,17,6,8,226,24355.1,,Cold
2016-08-13 18:00:00,Hog_lodging_Shanti,289.326,25.6,6.0,15.6,1012.3,3.6,18,6,8,226,24355.1,,Cold
2016-08-13 19:00:00,Hog_lodging_Shanti,291.426,25.0,5.0,15.6,1012.5,3.1,19,6,8,226,24355.1,,Cold
2016-08-13 20:00:00,Hog_lodging_Shanti,288.031,24.4,4.0,15.6,1013.0,3.1,20,6,8,226,24355.1,,Cold
2016-08-13 21:00:00,Hog_lodging_Shanti,287.006,23.3,4.0,16.1,1013.6,2.6,21,6,8,226,24355.1,,Cold
2016-08-13 22:00:00,Hog_lodging_Shanti,217.252,22.2,2.0,15.6,1013.9,3.1,22,6,8,226,24355.1,,Cold
2016-08-13 23:00:00,Hog_lodging_Shanti,170.775,21.7,2.0,15.6,1014.0,0.0,23,6,8,226,24355.1,,Cold
2016-08-14 00:00:00,Hog_lodging_Shanti,167.80200000000005,20.6,2.0,15.6,1014.3,3.6,0,7,8,227,24355.1,,Cold
2016-08-14 01:00:00,Hog_lodging_Shanti,167.205,19.4,2.0,15.6,1014.6,3.1,1,7,8,227,24355.1,,Cold
2016-08-14 02:00:00,Hog_lodging_Shanti,166.28,18.9,0.0,15.0,1014.8,2.1,2,7,8,227,24355.1,,Cold
2016-08-14 03:00:00,Hog_lodging_Shanti,167.826,18.3,0.0,15.0,1015.0,1.5,3,7,8,227,24355.1,,Cold
2016-08-14 04:00:00,Hog_lodging_Shanti,166.90200000000004,17.8,0.0,15.0,1015.4,3.1,4,7,8,227,24355.1,,Cold
2016-08-14 05:00:00,Hog_lodging_Shanti,166.42,17.8,0.0,15.0,1015.9,2.6,5,7,8,227,24355.1,,Cold
2016-08-14 06:00:00,Hog_lodging_Shanti,163.672,17.8,0.0,15.0,1016.3,2.1,6,7,8,227,24355.1,,Cold
2016-08-14 07:00:00,Hog_lodging_Shanti,162.832,19.4,0.0,15.6,1016.9,2.6,7,7,8,227,24355.1,,Cold
2016-08-14 08:00:00,Hog_lodging_Shanti,163.945,21.1,0.0,15.6,1017.4,2.6,8,7,8,227,24355.1,,Cold
2016-08-14 09:00:00,Hog_lodging_Shanti,163.239,22.8,0.0,14.4,1017.6,2.6,9,7,8,227,24355.1,,Cold
2016-08-14 10:00:00,Hog_lodging_Shanti,167.71200000000005,24.4,2.0,14.4,1018.0,2.6,10,7,8,227,24355.1,,Cold
2016-08-14 11:00:00,Hog_lodging_Shanti,168.248,25.6,4.0,14.4,1017.9,3.1,11,7,8,227,24355.1,,Cold
2016-08-14 12:00:00,Hog_lodging_Shanti,174.577,26.1,4.0,13.9,1017.7,0.0,12,7,8,227,24355.1,,Cold
2016-08-14 13:00:00,Hog_lodging_Shanti,178.796,26.1,4.0,13.9,1017.8,1.5,13,7,8,227,24355.1,,Cold
2016-08-14 14:00:00,Hog_lodging_Shanti,171.817,26.7,4.0,13.3,1017.5,1.5,14,7,8,227,24355.1,,Cold
2016-08-14 15:00:00,Hog_lodging_Shanti,172.34799999999996,26.7,4.0,13.9,1017.3,2.6,15,7,8,227,24355.1,,Cold
2016-08-14 16:00:00,Hog_lodging_Shanti,173.486,27.2,4.0,14.4,1017.2,4.1,16,7,8,227,24355.1,,Cold
2016-08-14 17:00:00,Hog_lodging_Shanti,174.72,27.2,2.0,13.3,1016.8,3.6,17,7,8,227,24355.1,,Cold
2016-08-14 18:00:00,Hog_lodging_Shanti,176.864,26.7,2.0,13.3,1016.9,3.6,18,7,8,227,24355.1,,Cold
2016-08-14 19:00:00,Hog_lodging_Shanti,179.203,25.6,2.0,13.3,1017.1,3.6,19,7,8,227,24355.1,,Cold
2016-08-14 20:00:00,Hog_lodging_Shanti,175.891,24.4,2.0,13.9,1017.3,2.6,20,7,8,227,24355.1,,Cold
2016-08-14 21:00:00,Hog_lodging_Shanti,172.795,24.4,2.0,14.4,1017.6,2.1,21,7,8,227,24355.1,,Cold
2016-08-14 22:00:00,Hog_lodging_Shanti,173.77700000000004,22.8,2.0,15.0,1017.9,1.5,22,7,8,227,24355.1,,Cold
2016-08-14 23:00:00,Hog_lodging_Shanti,172.49,22.8,4.0,15.0,1018.1,0.0,23,7,8,227,24355.1,,Cold
2016-08-15 00:00:00,Hog_lodging_Shanti,168.175,21.7,4.0,15.6,1018.6,0.0,0,1,8,228,24355.1,,Cold
2016-08-15 01:00:00,Hog_lodging_Shanti,166.266,20.6,4.0,15.0,1018.2,0.0,1,1,8,228,24355.1,,Cold
2016-08-15 02:00:00,Hog_lodging_Shanti,166.456,18.3,4.0,15.0,1018.2,1.5,2,1,8,228,24355.1,,Cold
2016-08-15 03:00:00,Hog_lodging_Shanti,164.418,18.9,4.0,15.6,1018.5,1.5,3,1,8,228,24355.1,,Cold
2016-08-15 04:00:00,Hog_lodging_Shanti,165.767,18.3,4.0,15.6,1018.4,0.0,4,1,8,228,24355.1,,Cold
2016-08-15 05:00:00,Hog_lodging_Shanti,168.33700000000005,18.3,4.0,15.0,1018.8,2.1,5,1,8,228,24355.1,,Cold
2016-08-15 06:00:00,Hog_lodging_Shanti,164.83,18.3,4.0,15.6,1019.1,1.5,6,1,8,228,24355.1,,Cold
2016-08-15 07:00:00,Hog_lodging_Shanti,193.707,20.0,2.0,16.1,1019.0,0.0,7,1,8,228,24355.1,,Cold
2016-08-15 08:00:00,Hog_lodging_Shanti,296.145,21.7,4.0,15.6,1018.7,1.5,8,1,8,228,24355.1,,Cold
2016-08-15 09:00:00,Hog_lodging_Shanti,325.389,22.8,4.0,16.1,1018.3,2.6,9,1,8,228,24355.1,,Cold
2016-08-15 10:00:00,Hog_lodging_Shanti,314.9840000000001,24.4,4.0,15.6,1018.1,3.1,10,1,8,228,24355.1,,Cold
2016-08-15 11:00:00,Hog_lodging_Shanti,252.189,25.6,4.0,15.6,1018.4,4.1,11,1,8,228,24355.1,,Cold
2016-08-15 12:00:00,Hog_lodging_Shanti,210.609,26.1,4.0,15.6,1018.0,4.6,12,1,8,228,24355.1,,Cold
2016-08-15 13:00:00,Hog_lodging_Shanti,212.881,26.1,4.0,14.4,1017.9,3.1,13,1,8,228,24355.1,,Cold
2016-08-15 14:00:00,Hog_lodging_Shanti,311.327,27.2,4.0,14.4,1017.4,3.6,14,1,8,228,24355.1,,Cold
2016-08-15 15:00:00,Hog_lodging_Shanti,209.824,27.2,4.5,14.4,1016.9,2.6,15,1,8,228,24355.1,,Cold
2016-08-15 16:00:00,Hog_lodging_Shanti,186.143,26.7,5.0,14.4,1016.8,3.6,16,1,8,228,24355.1,,Cold
2016-08-15 17:00:00,Hog_lodging_Shanti,183.958,26.7,5.5,14.4,1016.4,2.6,17,1,8,228,24355.1,,Cold
2016-08-15 18:00:00,Hog_lodging_Shanti,182.848,26.1,6.0,15.0,1016.3,3.6,18,1,8,228,24355.1,,Cold
2016-08-15 19:00:00,Hog_lodging_Shanti,180.675,25.0,4.8,15.6,1015.8,3.1,19,1,8,228,24355.1,,Cold
2016-08-15 20:00:00,Hog_lodging_Shanti,182.431,23.9,3.6,16.1,1016.0,2.1,20,1,8,228,24355.1,,Cold
2016-08-15 21:00:00,Hog_lodging_Shanti,169.05900000000003,23.3,2.4000000000000004,16.7,1016.3,2.6,21,1,8,228,24355.1,,Cold
2016-08-15 22:00:00,Hog_lodging_Shanti,175.18400000000003,22.8,2.4000000000000004,16.7,1016.2,2.1,22,1,8,228,24355.1,,Cold
2016-08-15 23:00:00,Hog_lodging_Shanti,172.29,22.2,0.0,16.7,1016.1,2.1,23,1,8,228,24355.1,,Cold
2016-08-16 00:00:00,Hog_lodging_Shanti,169.864,21.1,0.0,16.7,1015.9,2.1,0,2,8,229,24355.1,,Cold
2016-08-16 01:00:00,Hog_lodging_Shanti,167.90900000000005,20.6,0.0,16.7,1016.0,2.1,1,2,8,229,24355.1,,Cold
2016-08-16 02:00:00,Hog_lodging_Shanti,167.42,21.7,0.0,16.7,1016.0,1.5,2,2,8,229,24355.1,,Cold
2016-08-16 03:00:00,Hog_lodging_Shanti,167.68599999999995,20.6,2.0,16.7,1015.6,0.0,3,2,8,229,24355.1,,Cold
2016-08-16 04:00:00,Hog_lodging_Shanti,169.18,21.1,2.0,16.7,1015.6,2.1,4,2,8,229,24355.1,,Cold
2016-08-16 05:00:00,Hog_lodging_Shanti,165.607,21.1,2.0,17.2,1015.6,2.6,5,2,8,229,24355.1,,Cold
2016-08-16 06:00:00,Hog_lodging_Shanti,164.657,21.1,6.0,17.2,1016.2,2.1,6,2,8,229,24355.1,,Cold
2016-08-16 07:00:00,Hog_lodging_Shanti,190.949,21.7,2.0,17.8,1016.3,2.6,7,2,8,229,24355.1,,Cold
2016-08-16 08:00:00,Hog_lodging_Shanti,198.061,24.4,2.0,18.9,1015.6,1.5,8,2,8,229,24355.1,,Cold
2016-08-16 09:00:00,Hog_lodging_Shanti,206.975,25.0,2.0,18.9,1015.6,2.6,9,2,8,229,24355.1,,Cold
2016-08-16 10:00:00,Hog_lodging_Shanti,284.158,26.7,4.0,18.9,1015.8,2.6,10,2,8,229,24355.1,,Cold
2016-08-16 11:00:00,Hog_lodging_Shanti,292.996,28.3,4.0,18.3,1015.6,4.1,11,2,8,229,24355.1,,Cold
2016-08-16 12:00:00,Hog_lodging_Shanti,315.622,28.9,6.0,17.2,1015.1,3.1,12,2,8,229,24355.1,,Cold
2016-08-16 13:00:00,Hog_lodging_Shanti,308.052,28.9,6.0,17.8,1014.9,0.0,13,2,8,229,24355.1,,Cold
2016-08-16 14:00:00,Hog_lodging_Shanti,299.886,29.4,6.0,17.8,1014.6,2.1,14,2,8,229,24355.1,,Cold
2016-08-16 15:00:00,Hog_lodging_Shanti,235.881,29.4,6.0,18.9,1013.8,3.1,15,2,8,229,24355.1,,Cold
2016-08-16 16:00:00,Hog_lodging_Shanti,193.111,25.6,6.0,20.6,1014.1,7.2,16,2,8,229,24355.1,,Cold
2016-08-16 17:00:00,Hog_lodging_Shanti,187.942,19.4,6.0,17.2,1014.9000000000001,3.1,17,2,8,229,24355.1,,Cold
2016-08-16 18:00:00,Hog_lodging_Shanti,190.798,20.6,6.0,17.8,1015.7,6.2,18,2,8,229,24355.1,,Cold
2016-08-16 19:00:00,Hog_lodging_Shanti,187.367,21.7,6.0,17.8,1015.3,0.0,19,2,8,229,24355.1,,Cold
2016-08-16 20:00:00,Hog_lodging_Shanti,187.353,21.1,6.0,17.2,1016.1,3.1,20,2,8,229,24355.1,,Cold
2016-08-16 21:00:00,Hog_lodging_Shanti,185.517,20.6,6.0,17.8,1015.8,3.1,21,2,8,229,24355.1,,Cold
2016-08-16 22:00:00,Hog_lodging_Shanti,180.216,20.6,6.0,17.2,1016.4,0.0,22,2,8,229,24355.1,,Cold
2016-08-16 23:00:00,Hog_lodging_Shanti,174.575,20.0,6.0,17.8,1016.6,1.5,23,2,8,229,24355.1,,Cold
2016-08-17 00:00:00,Hog_lodging_Shanti,171.229,19.4,6.0,17.8,1016.5,2.1,0,3,8,230,24355.1,,Cold
2016-08-17 01:00:00,Hog_lodging_Shanti,167.32299999999995,19.4,5.0,17.8,1016.6,3.1,1,3,8,230,24355.1,,Cold
2016-08-17 02:00:00,Hog_lodging_Shanti,166.634,19.4,4.0,17.2,1016.3,1.5,2,3,8,230,24355.1,,Cold
2016-08-17 03:00:00,Hog_lodging_Shanti,170.108,18.9,3.0,17.2,1016.1,1.5,3,3,8,230,24355.1,,Cold
2016-08-17 04:00:00,Hog_lodging_Shanti,170.06400000000005,18.9,2.0,17.2,1016.5,1.5,4,3,8,230,24355.1,,Cold
2016-08-17 05:00:00,Hog_lodging_Shanti,171.232,18.9,2.0,17.2,1016.8,0.0,5,3,8,230,24355.1,,Cold
2016-08-17 06:00:00,Hog_lodging_Shanti,172.97799999999995,19.4,2.0,17.2,1017.3,0.0,6,3,8,230,24355.1,,Cold
2016-08-17 07:00:00,Hog_lodging_Shanti,191.471,20.6,2.0,17.8,1017.6,2.1,7,3,8,230,24355.1,,Cold
2016-08-17 08:00:00,Hog_lodging_Shanti,196.078,22.2,2.0,18.3,1017.7,0.0,8,3,8,230,24355.1,,Cold
2016-08-17 09:00:00,Hog_lodging_Shanti,198.069,23.9,0.0,18.9,1017.7,0.0,9,3,8,230,24355.1,,Cold
2016-08-17 10:00:00,Hog_lodging_Shanti,195.658,25.6,2.0,20.0,1017.7,0.0,10,3,8,230,24355.1,,Cold
2016-08-17 11:00:00,Hog_lodging_Shanti,201.423,26.1,2.0,19.4,1017.4,2.6,11,3,8,230,24355.1,,Cold
2016-08-17 12:00:00,Hog_lodging_Shanti,212.758,27.2,4.0,18.3,1017.0,0.0,12,3,8,230,24355.1,,Cold
2016-08-17 13:00:00,Hog_lodging_Shanti,205.362,28.3,4.0,18.9,1016.8,0.0,13,3,8,230,24355.1,,Cold
2016-08-17 14:00:00,Hog_lodging_Shanti,200.595,27.8,4.0,18.3,1016.4,1.5,14,3,8,230,24355.1,,Cold
2016-08-17 15:00:00,Hog_lodging_Shanti,193.036,28.9,4.0,17.2,1016.0,2.1,15,3,8,230,24355.1,,Cold
2016-08-17 16:00:00,Hog_lodging_Shanti,188.92,28.3,4.0,16.7,1015.9,0.0,16,3,8,230,24355.1,,Cold
2016-08-17 17:00:00,Hog_lodging_Shanti,185.984,28.9,4.0,17.8,1015.8,2.1,17,3,8,230,24355.1,,Cold
2016-08-17 18:00:00,Hog_lodging_Shanti,185.476,28.3,2.0,18.9,1015.5,4.1,18,3,8,230,24355.1,,Cold
2016-08-17 19:00:00,Hog_lodging_Shanti,184.113,27.2,2.0,18.3,1015.7,3.1,19,3,8,230,24355.1,,Cold
2016-08-17 20:00:00,Hog_lodging_Shanti,179.56099999999995,26.1,2.0,18.3,1016.0,2.6,20,3,8,230,24355.1,,Cold
2016-08-17 21:00:00,Hog_lodging_Shanti,177.34099999999995,26.1,2.0,18.9,1016.2,0.0,21,3,8,230,24355.1,,Cold
2016-08-17 22:00:00,Hog_lodging_Shanti,177.265,25.0,2.0,18.9,1016.1,0.0,22,3,8,230,24355.1,,Cold
2016-08-17 23:00:00,Hog_lodging_Shanti,174.65900000000005,25.0,0.0,19.4,1016.3,0.0,23,3,8,230,24355.1,,Cold
2016-08-18 00:00:00,Hog_lodging_Shanti,171.923,22.8,0.0,18.9,1016.2,2.1,0,4,8,231,24355.1,,Cold
2016-08-18 01:00:00,Hog_lodging_Shanti,170.918,22.2,0.0,18.9,1015.9,1.5,1,4,8,231,24355.1,,Cold
2016-08-18 02:00:00,Hog_lodging_Shanti,169.91299999999995,22.2,0.0,18.3,1015.8,0.0,2,4,8,231,24355.1,,Cold
2016-08-18 03:00:00,Hog_lodging_Shanti,171.183,21.7,0.0,18.9,1015.5,1.5,3,4,8,231,24355.1,,Cold
2016-08-18 04:00:00,Hog_lodging_Shanti,172.266,21.7,0.0,18.9,1015.3,0.0,4,4,8,231,24355.1,,Cold
2016-08-18 05:00:00,Hog_lodging_Shanti,173.169,20.6,2.0,18.3,1014.6,2.6,5,4,8,231,24355.1,,Cold
2016-08-18 06:00:00,Hog_lodging_Shanti,176.033,20.6,2.0,18.3,1014.7,2.1,6,4,8,231,24355.1,,Cold
2016-08-18 07:00:00,Hog_lodging_Shanti,191.496,21.7,2.0,18.9,1015.0,0.0,7,4,8,231,24355.1,,Cold
2016-08-18 08:00:00,Hog_lodging_Shanti,197.8,23.9,2.0,19.4,1013.9,1.5,8,4,8,231,24355.1,,Cold
2016-08-18 09:00:00,Hog_lodging_Shanti,202.308,26.1,4.0,20.0,1013.7,2.6,9,4,8,231,24355.1,,Cold
2016-08-18 10:00:00,Hog_lodging_Shanti,196.02,27.2,4.0,20.0,1013.9,4.6,10,4,8,231,24355.1,,Cold
2016-08-18 11:00:00,Hog_lodging_Shanti,196.371,28.3,5.0,20.0,1013.6,4.1,11,4,8,231,24355.1,,Cold
2016-08-18 12:00:00,Hog_lodging_Shanti,214.027,27.8,6.0,18.9,1013.2,4.1,12,4,8,231,24355.1,,Cold
2016-08-18 13:00:00,Hog_lodging_Shanti,209.516,27.8,6.333333333333333,20.0,1013.8,2.6,13,4,8,231,24355.1,,Cold
2016-08-18 14:00:00,Hog_lodging_Shanti,194.617,27.8,6.666666666666667,19.4,1012.7,0.0,14,4,8,231,24355.1,,Cold
2016-08-18 15:00:00,Hog_lodging_Shanti,189.115,27.2,7.0,20.0,1011.1,6.2,15,4,8,231,24355.1,,Cold
2016-08-18 16:00:00,Hog_lodging_Shanti,185.82,26.1,7.0,19.4,1010.4,6.7,16,4,8,231,24355.1,,Cold
2016-08-18 17:00:00,Hog_lodging_Shanti,186.14,25.0,7.0,18.9,1008.5,3.6,17,4,8,231,24355.1,,Cold
2016-08-18 18:00:00,Hog_lodging_Shanti,178.644,25.0,8.0,19.4,1009.0,0.0,18,4,8,231,24355.1,,Cold
2016-08-18 19:00:00,Hog_lodging_Shanti,181.398,24.4,8.0,19.4,1010.4,3.1,19,4,8,231,24355.1,,Cold
2016-08-18 20:00:00,Hog_lodging_Shanti,174.079,24.4,8.0,18.3,1010.1,2.1,20,4,8,231,24355.1,,Cold
2016-08-18 21:00:00,Hog_lodging_Shanti,171.766,24.4,8.0,19.4,1010.5,2.1,21,4,8,231,24355.1,,Cold
2016-08-18 22:00:00,Hog_lodging_Shanti,176.893,23.9,8.0,19.4,1010.5,0.0,22,4,8,231,24355.1,,Cold
2016-08-18 23:00:00,Hog_lodging_Shanti,176.347,23.3,8.0,19.4,1010.1,1.5,23,4,8,231,24355.1,,Cold
2016-08-19 00:00:00,Hog_lodging_Shanti,171.518,22.8,8.0,20.0,1010.3,0.0,0,5,8,232,24355.1,,Cold
2016-08-19 01:00:00,Hog_lodging_Shanti,169.997,22.8,8.0,20.0,1009.7,1.5,1,5,8,232,24355.1,,Cold
2016-08-19 02:00:00,Hog_lodging_Shanti,169.96099999999996,20.0,8.0,17.2,1011.2,11.3,2,5,8,232,24355.1,,Cold
2016-08-19 03:00:00,Hog_lodging_Shanti,169.7,20.0,8.0,17.2,1010.3,8.2,3,5,8,232,24355.1,,Cold
2016-08-19 04:00:00,Hog_lodging_Shanti,171.588,20.0,8.0,17.8,1007.8,6.2,4,5,8,232,24355.1,,Cold
2016-08-19 05:00:00,Hog_lodging_Shanti,167.801,20.6,8.0,18.3,1009.8,4.6,5,5,8,232,24355.1,,Cold
2016-08-19 06:00:00,Hog_lodging_Shanti,167.399,20.0,8.0,17.8,1009.5,5.1,6,5,8,232,24355.1,,Cold
2016-08-19 07:00:00,Hog_lodging_Shanti,190.558,20.0,8.0,17.8,1010.2,2.1,7,5,8,232,24355.1,,Cold
2016-08-19 08:00:00,Hog_lodging_Shanti,197.486,20.0,8.0,17.8,1011.0,3.6,8,5,8,232,24355.1,,Cold
2016-08-19 09:00:00,Hog_lodging_Shanti,205.752,20.6,8.0,17.8,1011.9,3.1,9,5,8,232,24355.1,,Cold
2016-08-19 10:00:00,Hog_lodging_Shanti,200.568,22.2,8.0,17.8,1011.5,3.1,10,5,8,232,24355.1,,Cold
2016-08-19 11:00:00,Hog_lodging_Shanti,200.46,22.2,8.0,17.8,1011.5,2.6,11,5,8,232,24355.1,,Cold
2016-08-19 12:00:00,Hog_lodging_Shanti,214.648,22.8,8.0,17.8,1011.2,3.1,12,5,8,232,24355.1,,Cold
2016-08-19 13:00:00,Hog_lodging_Shanti,198.194,25.0,8.0,18.9,1010.7,3.1,13,5,8,232,24355.1,,Cold
2016-08-19 14:00:00,Hog_lodging_Shanti,189.399,25.6,8.0,17.8,1010.0,2.1,14,5,8,232,24355.1,,Cold
2016-08-19 15:00:00,Hog_lodging_Shanti,174.10299999999995,24.4,8.0,17.2,1009.3,2.1,15,5,8,232,24355.1,,Cold
2016-08-19 16:00:00,Hog_lodging_Shanti,170.108,23.9,8.0,18.3,1009.6,3.6,16,5,8,232,24355.1,,Cold
2016-08-19 17:00:00,Hog_lodging_Shanti,166.774,22.8,8.0,18.3,1009.0,5.1,17,5,8,232,24355.1,,Cold
2016-08-19 18:00:00,Hog_lodging_Shanti,165.524,21.1,8.0,17.2,1010.0,2.1,18,5,8,232,24355.1,,Cold
2016-08-19 19:00:00,Hog_lodging_Shanti,168.074,19.4,8.0,16.7,1010.2,4.1,19,5,8,232,24355.1,,Cold
2016-08-19 20:00:00,Hog_lodging_Shanti,165.463,18.3,8.0,16.7,1010.4,4.1,20,5,8,232,24355.1,,Cold
2016-08-19 21:00:00,Hog_lodging_Shanti,168.451,18.9,8.0,16.1,1010.4,4.6,21,5,8,232,24355.1,,Cold
2016-08-19 22:00:00,Hog_lodging_Shanti,173.803,18.3,8.0,16.1,1010.3,5.7,22,5,8,232,24355.1,,Cold
2016-08-19 23:00:00,Hog_lodging_Shanti,169.30700000000004,19.4,8.0,15.6,1009.7,4.1,23,5,8,232,24355.1,,Cold
2016-08-20 00:00:00,Hog_lodging_Shanti,167.989,18.9,8.0,15.6,1009.1,3.6,0,6,8,233,24355.1,,Cold
2016-08-20 01:00:00,Hog_lodging_Shanti,166.737,18.9,8.0,15.6,1008.5,0.0,1,6,8,233,24355.1,,Cold
2016-08-20 02:00:00,Hog_lodging_Shanti,165.28099999999995,18.3,8.0,16.1,1008.2,2.1,2,6,8,233,24355.1,,Cold
2016-08-20 03:00:00,Hog_lodging_Shanti,165.332,18.3,8.0,16.7,1007.9,1.5,3,6,8,233,24355.1,,Cold
2016-08-20 04:00:00,Hog_lodging_Shanti,167.437,18.3,8.0,16.7,1007.6,1.5,4,6,8,233,24355.1,,Cold
2016-08-20 05:00:00,Hog_lodging_Shanti,166.88,18.3,8.0,16.7,1006.9,2.1,5,6,8,233,24355.1,,Cold
2016-08-20 06:00:00,Hog_lodging_Shanti,163.59,17.8,8.0,16.1,1007.3,3.1,6,6,8,233,24355.1,,Cold
2016-08-20 07:00:00,Hog_lodging_Shanti,188.592,17.8,8.0,14.4,1007.5,6.7,7,6,8,233,24355.1,,Cold
2016-08-20 08:00:00,Hog_lodging_Shanti,188.237,15.6,8.0,13.9,1007.7,8.2,8,6,8,233,24355.1,,Cold
2016-08-20 09:00:00,Hog_lodging_Shanti,186.173,15.6,8.0,13.9,1007.8,4.1,9,6,8,233,24355.1,,Cold
2016-08-20 10:00:00,Hog_lodging_Shanti,187.889,15.6,8.0,13.9,1008.2,4.6,10,6,8,233,24355.1,,Cold
2016-08-20 11:00:00,Hog_lodging_Shanti,193.852,17.2,8.0,14.4,1008.2,3.6,11,6,8,233,24355.1,,Cold
2016-08-20 12:00:00,Hog_lodging_Shanti,189.298,17.2,8.0,15.0,1007.7,4.1,12,6,8,233,24355.1,,Cold
2016-08-20 13:00:00,Hog_lodging_Shanti,183.132,19.4,7.666666666666667,15.0,1007.2,4.6,13,6,8,233,24355.1,,Cold
2016-08-20 14:00:00,Hog_lodging_Shanti,168.804,16.1,7.333333333333333,13.9,1007.8,6.2,14,6,8,233,24355.1,,Cold
2016-08-20 15:00:00,Hog_lodging_Shanti,161.214,17.2,7.0,15.0,1007.2,4.6,15,6,8,233,24355.1,,Cold
2016-08-20 16:00:00,Hog_lodging_Shanti,169.835,20.0,7.0,15.6,1007.0,4.1,16,6,8,233,24355.1,,Cold
2016-08-20 17:00:00,Hog_lodging_Shanti,167.433,17.2,7.0,13.9,1007.5,3.1,17,6,8,233,24355.1,,Cold
2016-08-20 18:00:00,Hog_lodging_Shanti,163.158,17.8,6.0,14.4,1007.8,4.1,18,6,8,233,24355.1,,Cold
2016-08-20 19:00:00,Hog_lodging_Shanti,165.97099999999998,17.2,5.0,13.9,1008.1,3.1,19,6,8,233,24355.1,,Cold
2016-08-20 20:00:00,Hog_lodging_Shanti,165.363,16.1,4.0,13.3,1008.8,4.6,20,6,8,233,24355.1,,Cold
2016-08-20 21:00:00,Hog_lodging_Shanti,164.487,16.7,3.0,12.8,1009.0,3.6,21,6,8,233,24355.1,,Cold
2016-08-20 22:00:00,Hog_lodging_Shanti,165.90200000000004,15.0,2.0,12.8,1009.3,2.6,22,6,8,233,24355.1,,Cold
2016-08-20 23:00:00,Hog_lodging_Shanti,166.15400000000002,15.0,2.0,12.2,1009.6,2.6,23,6,8,233,24355.1,,Cold
2016-08-21 00:00:00,Hog_lodging_Shanti,164.90900000000005,15.0,6.0,12.8,1010.3,3.1,0,7,8,234,24355.1,,Cold
2016-08-21 01:00:00,Hog_lodging_Shanti,163.05200000000005,15.6,5.333333333333333,12.2,1010.5,4.1,1,7,8,234,24355.1,,Cold
2016-08-21 02:00:00,Hog_lodging_Shanti,161.745,15.6,4.666666666666667,12.2,1011.0,4.1,2,7,8,234,24355.1,,Cold
2016-08-21 03:00:00,Hog_lodging_Shanti,163.835,14.4,4.0,12.2,1011.3,2.6,3,7,8,234,24355.1,,Cold
2016-08-21 04:00:00,Hog_lodging_Shanti,164.363,13.3,4.0,11.7,1011.7,3.1,4,7,8,234,24355.1,,Cold
2016-08-21 05:00:00,Hog_lodging_Shanti,164.06900000000005,13.3,2.0,11.7,1012.2,3.1,5,7,8,234,24355.1,,Cold
2016-08-21 06:00:00,Hog_lodging_Shanti,161.593,13.3,2.0,11.7,1013.2,2.6,6,7,8,234,24355.1,,Cold
2016-08-21 07:00:00,Hog_lodging_Shanti,184.152,14.4,4.0,11.7,1013.9,4.1,7,7,8,234,24355.1,,Cold
2016-08-21 08:00:00,Hog_lodging_Shanti,183.273,16.7,4.0,12.2,1014.5,2.6,8,7,8,234,24355.1,,Cold
2016-08-21 09:00:00,Hog_lodging_Shanti,186.718,18.3,4.0,12.2,1014.7,2.1,9,7,8,234,24355.1,,Cold
2016-08-21 10:00:00,Hog_lodging_Shanti,181.988,20.0,4.0,12.2,1015.1,4.1,10,7,8,234,24355.1,,Cold
2016-08-21 11:00:00,Hog_lodging_Shanti,195.36900000000003,20.6,5.0,10.0,1015.2,5.1,11,7,8,234,24355.1,,Cold
2016-08-21 12:00:00,Hog_lodging_Shanti,196.57,21.7,6.0,8.9,1015.3,3.6,12,7,8,234,24355.1,,Cold
2016-08-21 13:00:00,Hog_lodging_Shanti,189.61900000000003,21.7,5.5,7.8,1015.4,5.1,13,7,8,234,24355.1,,Cold
2016-08-21 14:00:00,Hog_lodging_Shanti,178.763,22.2,5.0,8.9,1015.3,3.6,14,7,8,234,24355.1,,Cold
2016-08-21 15:00:00,Hog_lodging_Shanti,171.30900000000003,22.8,4.5,8.9,1015.1,5.1,15,7,8,234,24355.1,,Cold
2016-08-21 16:00:00,Hog_lodging_Shanti,169.45,21.7,4.0,8.9,1015.0,2.1,16,7,8,234,24355.1,,Cold
2016-08-21 17:00:00,Hog_lodging_Shanti,169.84400000000005,22.8,4.0,9.4,1015.0,3.6,17,7,8,234,24355.1,,Cold
2016-08-21 18:00:00,Hog_lodging_Shanti,175.524,22.8,2.0,9.4,1014.8,3.1,18,7,8,234,24355.1,,Cold
2016-08-21 19:00:00,Hog_lodging_Shanti,173.40599999999995,21.7,4.0,10.0,1014.9,2.1,19,7,8,234,24355.1,,Cold
2016-08-21 20:00:00,Hog_lodging_Shanti,169.648,21.1,4.0,10.6,1015.2,2.1,20,7,8,234,24355.1,,Cold
2016-08-21 21:00:00,Hog_lodging_Shanti,169.71099999999996,20.0,2.0,11.7,1015.6,2.6,21,7,8,234,24355.1,,Cold
2016-08-21 22:00:00,Hog_lodging_Shanti,166.25799999999995,18.9,2.0,12.2,1015.7,2.1,22,7,8,234,24355.1,,Cold
2016-08-21 23:00:00,Hog_lodging_Shanti,164.903,18.3,2.0,11.7,1015.7,1.5,23,7,8,234,24355.1,,Cold
2016-08-22 00:00:00,Hog_lodging_Shanti,160.618,18.3,0.0,11.7,1015.9,1.5,0,1,8,235,24355.1,,Cold
2016-08-22 01:00:00,Hog_lodging_Shanti,160.07,16.7,0.0,12.2,1015.7,1.5,1,1,8,235,24355.1,,Cold
2016-08-22 02:00:00,Hog_lodging_Shanti,157.845,16.1,0.0,11.7,1015.8,0.0,2,1,8,235,24355.1,,Cold
2016-08-22 03:00:00,Hog_lodging_Shanti,160.769,17.2,0.0,11.7,1016.0,2.1,3,1,8,235,24355.1,,Cold
2016-08-22 04:00:00,Hog_lodging_Shanti,162.783,16.7,0.0,11.7,1015.9,1.5,4,1,8,235,24355.1,,Cold
2016-08-22 05:00:00,Hog_lodging_Shanti,161.46,15.6,0.0,11.7,1015.7,2.1,5,1,8,235,24355.1,,Cold
2016-08-22 06:00:00,Hog_lodging_Shanti,160.566,15.6,2.0,11.7,1015.4,3.1,6,1,8,235,24355.1,,Cold
2016-08-22 07:00:00,Hog_lodging_Shanti,163.481,17.8,2.0,12.2,1015.2,4.6,7,1,8,235,24355.1,,Cold
2016-08-22 08:00:00,Hog_lodging_Shanti,167.91099999999997,19.4,4.0,12.2,1015.1,5.7,8,1,8,235,24355.1,,Cold
2016-08-22 09:00:00,Hog_lodging_Shanti,174.055,21.1,4.0,13.3,1014.7,4.6,9,1,8,235,24355.1,,Cold
2016-08-22 10:00:00,Hog_lodging_Shanti,175.753,23.3,2.0,14.4,1013.9,6.2,10,1,8,235,24355.1,,Cold
2016-08-22 11:00:00,Hog_lodging_Shanti,179.701,25.6,2.0,13.9,1012.9,8.2,11,1,8,235,24355.1,,Cold
2016-08-22 12:00:00,Hog_lodging_Shanti,181.745,26.7,2.0,14.4,1012.6,8.8,12,1,8,235,24355.1,,Cold
2016-08-22 13:00:00,Hog_lodging_Shanti,178.132,27.8,2.0,14.4,1012.3,9.8,13,1,8,235,24355.1,,Cold
2016-08-22 14:00:00,Hog_lodging_Shanti,179.826,28.3,4.0,14.4,1012.0,9.3,14,1,8,235,24355.1,,Cold
2016-08-22 15:00:00,Hog_lodging_Shanti,185.17,28.3,2.0,15.6,1011.7,8.2,15,1,8,235,24355.1,,Cold
2016-08-22 16:00:00,Hog_lodging_Shanti,181.784,28.3,2.0,16.1,1011.6,7.2,16,1,8,235,24355.1,,Cold
2016-08-22 17:00:00,Hog_lodging_Shanti,178.359,28.3,2.0,15.0,1011.5,8.8,17,1,8,235,24355.1,,Cold
2016-08-22 18:00:00,Hog_lodging_Shanti,178.734,27.2,2.0,15.0,1011.6,6.7,18,1,8,235,24355.1,,Cold
2016-08-22 19:00:00,Hog_lodging_Shanti,175.855,26.1,2.0,15.0,1011.9,6.7,19,1,8,235,24355.1,,Cold
2016-08-22 20:00:00,Hog_lodging_Shanti,175.111,25.0,2.0,15.0,1012.4,5.7,20,1,8,235,24355.1,,Cold
2016-08-22 21:00:00,Hog_lodging_Shanti,173.535,25.0,0.0,15.0,1012.8,6.2,21,1,8,235,24355.1,,Cold
2016-08-22 22:00:00,Hog_lodging_Shanti,171.327,23.9,0.0,15.0,1013.0,7.2,22,1,8,235,24355.1,,Cold
2016-08-22 23:00:00,Hog_lodging_Shanti,98.262,23.3,0.0,15.6,1013.4,5.7,23,1,8,235,24355.1,,Cold
2016-08-23 00:00:00,Hog_lodging_Shanti,98.262,22.8,0.0,15.0,1013.4,4.6,0,2,8,236,24355.1,,Cold
2016-08-23 01:00:00,Hog_lodging_Shanti,98.262,22.8,0.0,15.0,1013.3,5.1,1,2,8,236,24355.1,,Cold
2016-08-23 02:00:00,Hog_lodging_Shanti,98.262,22.8,0.0,15.0,1013.3,5.7,2,2,8,236,24355.1,,Cold
2016-08-23 03:00:00,Hog_lodging_Shanti,98.262,22.2,0.0,15.0,1013.2,4.6,3,2,8,236,24355.1,,Cold
2016-08-23 04:00:00,Hog_lodging_Shanti,98.262,21.7,0.0,15.0,1013.1,4.6,4,2,8,236,24355.1,,Cold
2016-08-23 05:00:00,Hog_lodging_Shanti,98.262,21.7,0.0,15.0,1013.3,5.1,5,2,8,236,24355.1,,Cold
2016-08-23 06:00:00,Hog_lodging_Shanti,98.262,19.4,4.0,15.6,1013.8,4.1,6,2,8,236,24355.1,,Cold
2016-08-23 07:00:00,Hog_lodging_Shanti,163.329,20.0,4.0,15.6,1013.8,5.1,7,2,8,236,24355.1,,Cold
2016-08-23 08:00:00,Hog_lodging_Shanti,171.44299999999996,21.7,4.0,16.1,1013.6,5.1,8,2,8,236,24355.1,,Cold
2016-08-23 09:00:00,Hog_lodging_Shanti,165.047,23.9,2.0,16.1,1013.3,5.7,9,2,8,236,24355.1,,Cold
2016-08-23 10:00:00,Hog_lodging_Shanti,170.6,25.0,4.0,16.7,1013.3,5.1,10,2,8,236,24355.1,,Cold
2016-08-23 11:00:00,Hog_lodging_Shanti,177.175,26.1,4.0,17.8,1012.7,6.2,11,2,8,236,24355.1,,Cold
2016-08-23 12:00:00,Hog_lodging_Shanti,180.555,27.8,6.0,19.4,1012.3,7.7,12,2,8,236,24355.1,,Cold
2016-08-23 13:00:00,Hog_lodging_Shanti,177.763,28.3,6.333333333333333,20.0,1012.3,8.8,13,2,8,236,24355.1,,Cold
2016-08-23 14:00:00,Hog_lodging_Shanti,175.48,28.3,6.666666666666667,20.6,1012.0,6.7,14,2,8,236,24355.1,,Cold
2016-08-23 15:00:00,Hog_lodging_Shanti,174.951,28.3,7.0,20.0,1011.7,9.8,15,2,8,236,24355.1,,Cold
2016-08-23 16:00:00,Hog_lodging_Shanti,172.25099999999995,27.2,7.0,18.9,1012.1,9.3,16,2,8,236,24355.1,,Cold
2016-08-23 17:00:00,Hog_lodging_Shanti,168.445,26.7,7.0,17.8,1012.4,8.2,17,2,8,236,24355.1,,Cold
2016-08-23 18:00:00,Hog_lodging_Shanti,171.33700000000005,25.0,8.0,17.8,1011.0,7.7,18,2,8,236,24355.1,,Cold
2016-08-23 19:00:00,Hog_lodging_Shanti,170.622,22.2,8.0,18.3,1010.0,4.6,19,2,8,236,24355.1,,Cold
2016-08-23 20:00:00,Hog_lodging_Shanti,173.46400000000003,21.1,8.0,18.9,1010.4,5.1,20,2,8,236,24355.1,,Cold
2016-08-23 21:00:00,Hog_lodging_Shanti,180.187,21.7,8.0,18.9,1010.2,8.2,21,2,8,236,24355.1,,Cold
2016-08-23 22:00:00,Hog_lodging_Shanti,165.204,20.0,8.0,18.3,1010.8,3.6,22,2,8,236,24355.1,,Cold
2016-08-23 23:00:00,Hog_lodging_Shanti,100.417,20.0,8.0,17.8,1010.2,5.1,23,2,8,236,24355.1,,Cold
2016-08-24 00:00:00,Hog_lodging_Shanti,100.417,20.6,8.0,18.3,1009.4,3.1,0,3,8,237,24355.1,,Cold
2016-08-24 01:00:00,Hog_lodging_Shanti,100.417,20.0,7.666666666666667,18.9,1009.2,1.5,1,3,8,237,24355.1,,Cold
2016-08-24 02:00:00,Hog_lodging_Shanti,100.417,20.0,7.333333333333333,18.3,1008.7,1.5,2,3,8,237,24355.1,,Cold
2016-08-24 03:00:00,Hog_lodging_Shanti,100.417,20.6,7.0,18.9,1008.9,2.1,3,3,8,237,24355.1,,Cold
2016-08-24 04:00:00,Hog_lodging_Shanti,100.417,20.6,7.0,18.9,1008.8,3.1,4,3,8,237,24355.1,,Cold
2016-08-24 05:00:00,Hog_lodging_Shanti,100.417,20.6,7.0,18.9,1009.1,1.5,5,3,8,237,24355.1,,Cold
2016-08-24 06:00:00,Hog_lodging_Shanti,100.417,20.0,6.0,18.9,1009.7,2.6,6,3,8,237,24355.1,,Cold
2016-08-24 07:00:00,Hog_lodging_Shanti,100.417,20.0,4.0,18.9,1010.1,1.5,7,3,8,237,24355.1,,Cold
2016-08-24 08:00:00,Hog_lodging_Shanti,100.417,21.7,4.4,19.4,1010.8,2.6,8,3,8,237,24355.1,,Cold
2016-08-24 09:00:00,Hog_lodging_Shanti,100.417,21.7,4.8,18.9,1011.5,3.6,9,3,8,237,24355.1,,Cold
2016-08-24 10:00:00,Hog_lodging_Shanti,100.417,22.2,5.2,19.4,1011.9,3.1,10,3,8,237,24355.1,,Cold
2016-08-24 11:00:00,Hog_lodging_Shanti,100.417,24.4,5.2,19.4,1012.1,2.6,11,3,8,237,24355.1,,Cold
2016-08-24 12:00:00,Hog_lodging_Shanti,100.417,26.7,6.0,17.2,1012.4,4.1,12,3,8,237,24355.1,,Cold
2016-08-24 13:00:00,Hog_lodging_Shanti,100.417,27.2,6.333333333333333,15.0,1012.9,4.1,13,3,8,237,24355.1,,Cold
2016-08-24 14:00:00,Hog_lodging_Shanti,100.417,26.7,6.666666666666667,14.4,1012.9,5.7,14,3,8,237,24355.1,,Cold
2016-08-24 15:00:00,Hog_lodging_Shanti,100.417,26.7,7.0,12.8,1013.1,5.7,15,3,8,237,24355.1,,Cold
2016-08-24 16:00:00,Hog_lodging_Shanti,100.417,25.6,7.0,11.7,1013.7,6.2,16,3,8,237,24355.1,,Cold
2016-08-24 17:00:00,Hog_lodging_Shanti,100.417,24.4,7.0,13.3,1014.1,5.7,17,3,8,237,24355.1,,Cold
2016-08-24 18:00:00,Hog_lodging_Shanti,100.417,23.3,8.0,14.4,1014.2,4.6,18,3,8,237,24355.1,,Cold
2016-08-24 19:00:00,Hog_lodging_Shanti,100.417,22.2,7.666666666666667,13.3,1014.5,3.1,19,3,8,237,24355.1,,Cold
2016-08-24 20:00:00,Hog_lodging_Shanti,100.417,21.7,7.333333333333333,13.9,1014.9,2.6,20,3,8,237,24355.1,,Cold
2016-08-24 21:00:00,Hog_lodging_Shanti,100.417,21.1,7.0,15.0,1015.1,3.1,21,3,8,237,24355.1,,Cold
2016-08-24 22:00:00,Hog_lodging_Shanti,100.417,20.6,7.0,15.0,1015.2,2.6,22,3,8,237,24355.1,,Cold
2016-08-24 23:00:00,Hog_lodging_Shanti,100.417,20.6,7.0,15.0,1015.8,2.6,23,3,8,237,24355.1,,Cold
2016-08-25 00:00:00,Hog_lodging_Shanti,100.417,18.9,6.0,15.0,1015.8,2.1,0,4,8,238,24355.1,,Cold
2016-08-25 01:00:00,Hog_lodging_Shanti,100.417,18.9,2.0,15.0,1015.8,0.0,1,4,8,238,24355.1,,Cold
2016-08-25 02:00:00,Hog_lodging_Shanti,100.417,17.8,0.0,15.0,1016.0,0.0,2,4,8,238,24355.1,,Cold
2016-08-25 03:00:00,Hog_lodging_Shanti,100.417,17.8,0.0,14.4,1016.3,1.5,3,4,8,238,24355.1,,Cold
2016-08-25 04:00:00,Hog_lodging_Shanti,100.417,17.2,0.0,14.4,1016.3,1.5,4,4,8,238,24355.1,,Cold
2016-08-25 05:00:00,Hog_lodging_Shanti,100.417,16.7,2.0,14.4,1016.4,1.5,5,4,8,238,24355.1,,Cold
2016-08-25 06:00:00,Hog_lodging_Shanti,100.417,16.7,2.0,13.9,1016.3,3.1,6,4,8,238,24355.1,,Cold
2016-08-25 07:00:00,Hog_lodging_Shanti,100.417,17.8,2.0,13.9,1016.1,4.1,7,4,8,238,24355.1,,Cold
2016-08-25 08:00:00,Hog_lodging_Shanti,100.417,18.9,2.0,14.4,1016.0,3.1,8,4,8,238,24355.1,,Cold
2016-08-25 09:00:00,Hog_lodging_Shanti,100.417,21.1,2.0,13.3,1016.6,5.7,9,4,8,238,24355.1,,Cold
2016-08-25 10:00:00,Hog_lodging_Shanti,100.417,21.7,3.333333333333333,12.2,1017.3,5.7,10,4,8,238,24355.1,,Cold
2016-08-25 11:00:00,Hog_lodging_Shanti,100.417,22.2,4.666666666666666,11.1,1017.2,9.3,11,4,8,238,24355.1,,Cold
2016-08-25 12:00:00,Hog_lodging_Shanti,100.417,21.7,6.0,11.7,1017.6,6.7,12,4,8,238,24355.1,,Cold
2016-08-25 13:00:00,Hog_lodging_Shanti,100.417,22.2,6.0,12.8,1017.5,6.2,13,4,8,238,24355.1,,Cold
2016-08-25 14:00:00,Hog_lodging_Shanti,100.417,22.8,6.0,12.8,1017.4,7.2,14,4,8,238,24355.1,,Cold
2016-08-25 15:00:00,Hog_lodging_Shanti,100.417,23.3,6.0,12.8,1017.7,6.2,15,4,8,238,24355.1,,Cold
2016-08-25 16:00:00,Hog_lodging_Shanti,100.417,22.2,6.0,12.8,1017.7,8.8,16,4,8,238,24355.1,,Cold
2016-08-25 17:00:00,Hog_lodging_Shanti,100.417,21.7,6.0,12.2,1018.0,5.7,17,4,8,238,24355.1,,Cold
2016-08-25 18:00:00,Hog_lodging_Shanti,100.417,20.6,6.0,11.7,1018.2,6.2,18,4,8,238,24355.1,,Cold
2016-08-25 19:00:00,Hog_lodging_Shanti,100.417,20.0,4.0,10.6,1018.4,4.6,19,4,8,238,24355.1,,Cold
2016-08-25 20:00:00,Hog_lodging_Shanti,100.417,18.9,2.0,11.1,1018.7,3.1,20,4,8,238,24355.1,,Cold
2016-08-25 21:00:00,Hog_lodging_Shanti,100.417,18.3,0.0,11.7,1019.1,3.1,21,4,8,238,24355.1,,Cold
2016-08-25 22:00:00,Hog_lodging_Shanti,100.417,17.8,0.0,11.7,1019.4,2.1,22,4,8,238,24355.1,,Cold
2016-08-25 23:00:00,Hog_lodging_Shanti,100.417,17.2,0.0,12.2,1020.0,2.1,23,4,8,238,24355.1,,Cold
2016-08-26 00:00:00,Hog_lodging_Shanti,100.417,16.1,0.0,12.2,1020.2,1.5,0,5,8,239,24355.1,,Cold
2016-08-26 01:00:00,Hog_lodging_Shanti,100.417,15.6,0.0,12.2,1020.5,0.0,1,5,8,239,24355.1,,Cold
2016-08-26 02:00:00,Hog_lodging_Shanti,100.417,14.4,0.0,11.7,1020.5,0.0,2,5,8,239,24355.1,,Cold
2016-08-26 03:00:00,Hog_lodging_Shanti,100.417,15.0,0.0,12.2,1020.5,1.5,3,5,8,239,24355.1,,Cold
2016-08-26 04:00:00,Hog_lodging_Shanti,100.417,14.4,0.0,12.2,1020.8,0.0,4,5,8,239,24355.1,,Cold
2016-08-26 05:00:00,Hog_lodging_Shanti,100.417,14.4,2.0,12.2,1020.8,0.0,5,5,8,239,24355.1,,Cold
2016-08-26 06:00:00,Hog_lodging_Shanti,100.417,13.9,4.0,11.7,1021.5,1.5,6,5,8,239,24355.1,,Cold
2016-08-26 07:00:00,Hog_lodging_Shanti,100.417,15.0,0.0,12.2,1021.8,2.1,7,5,8,239,24355.1,,Cold
2016-08-26 08:00:00,Hog_lodging_Shanti,100.417,16.7,4.0,12.8,1022.3,0.0,8,5,8,239,24355.1,,Cold
2016-08-26 09:00:00,Hog_lodging_Shanti,100.417,18.3,5.0,12.8,1022.2,0.0,9,5,8,239,24355.1,,Cold
2016-08-26 10:00:00,Hog_lodging_Shanti,100.417,19.4,6.0,12.8,1022.3,2.1,10,5,8,239,24355.1,,Cold
2016-08-26 11:00:00,Hog_lodging_Shanti,100.417,20.6,7.0,11.1,1021.7,0.0,11,5,8,239,24355.1,,Cold
2016-08-26 12:00:00,Hog_lodging_Shanti,100.417,21.1,8.0,11.7,1021.1,2.1,12,5,8,239,24355.1,,Cold
2016-08-26 13:00:00,Hog_lodging_Shanti,100.417,21.1,7.666666666666667,11.1,1021.1,2.1,13,5,8,239,24355.1,,Cold
2016-08-26 14:00:00,Hog_lodging_Shanti,100.417,21.7,7.333333333333333,11.7,1020.8,2.1,14,5,8,239,24355.1,,Cold
2016-08-26 15:00:00,Hog_lodging_Shanti,100.417,22.2,7.0,12.2,1020.8,2.6,15,5,8,239,24355.1,,Cold
2016-08-26 16:00:00,Hog_lodging_Shanti,100.417,21.7,7.0,11.1,1020.7,2.1,16,5,8,239,24355.1,,Cold
2016-08-26 17:00:00,Hog_lodging_Shanti,100.417,21.7,7.0,11.7,1020.4,2.1,17,5,8,239,24355.1,,Cold
2016-08-26 18:00:00,Hog_lodging_Shanti,100.417,21.1,6.0,12.8,1019.9,2.6,18,5,8,239,24355.1,,Cold
2016-08-26 19:00:00,Hog_lodging_Shanti,100.417,20.0,6.333333333333333,12.8,1019.9,2.1,19,5,8,239,24355.1,,Cold
2016-08-26 20:00:00,Hog_lodging_Shanti,100.417,18.9,6.666666666666667,12.8,1020.0,2.6,20,5,8,239,24355.1,,Cold
2016-08-26 21:00:00,Hog_lodging_Shanti,100.417,18.9,7.0,13.3,1020.1,2.1,21,5,8,239,24355.1,,Cold
2016-08-26 22:00:00,Hog_lodging_Shanti,100.417,18.3,7.0,13.3,1019.8,3.1,22,5,8,239,24355.1,,Cold
2016-08-26 23:00:00,Hog_lodging_Shanti,100.417,18.3,7.0,12.8,1019.2,2.1,23,5,8,239,24355.1,,Cold
2016-08-27 00:00:00,Hog_lodging_Shanti,100.417,18.3,8.0,12.8,1018.9,3.1,0,6,8,240,24355.1,,Cold
2016-08-27 01:00:00,Hog_lodging_Shanti,100.417,18.3,8.0,13.3,1019.1,2.6,1,6,8,240,24355.1,,Cold
2016-08-27 02:00:00,Hog_lodging_Shanti,100.417,17.8,8.0,13.9,1018.5,3.1,2,6,8,240,24355.1,,Cold
2016-08-27 03:00:00,Hog_lodging_Shanti,100.417,17.8,8.0,13.9,1017.9,2.6,3,6,8,240,24355.1,,Cold
2016-08-27 04:00:00,Hog_lodging_Shanti,100.417,17.8,8.0,14.4,1017.5,2.6,4,6,8,240,24355.1,,Cold
2016-08-27 05:00:00,Hog_lodging_Shanti,100.417,17.8,8.0,15.0,1017.4,4.1,5,6,8,240,24355.1,,Cold
2016-08-27 06:00:00,Hog_lodging_Shanti,100.417,17.8,8.0,15.0,1018.0,2.1,6,6,8,240,24355.1,,Cold
2016-08-27 07:00:00,Hog_lodging_Shanti,100.417,17.8,8.0,15.0,1018.1,3.1,7,6,8,240,24355.1,,Cold
2016-08-27 08:00:00,Hog_lodging_Shanti,100.417,17.8,8.0,15.0,1018.0,3.6,8,6,8,240,24355.1,,Cold
2016-08-27 09:00:00,Hog_lodging_Shanti,100.417,17.8,8.0,15.0,1018.0,3.6,9,6,8,240,24355.1,,Cold
2016-08-27 10:00:00,Hog_lodging_Shanti,100.417,17.8,8.0,15.0,1017.6,2.1,10,6,8,240,24355.1,,Cold
2016-08-27 11:00:00,Hog_lodging_Shanti,100.417,19.4,8.0,15.6,1016.4,4.6,11,6,8,240,24355.1,,Cold
2016-08-27 12:00:00,Hog_lodging_Shanti,100.417,18.3,8.0,15.0,1016.3,4.1,12,6,8,240,24355.1,,Cold
2016-08-27 13:00:00,Hog_lodging_Shanti,100.417,18.9,8.0,15.6,1016.1,4.1,13,6,8,240,24355.1,,Cold
2016-08-27 14:00:00,Hog_lodging_Shanti,100.417,18.9,8.0,16.1,1015.7,4.6,14,6,8,240,24355.1,,Cold
2016-08-27 15:00:00,Hog_lodging_Shanti,100.417,18.9,8.0,16.1,1015.6,2.6,15,6,8,240,24355.1,,Cold
2016-08-27 16:00:00,Hog_lodging_Shanti,100.417,19.4,8.0,16.7,1015.5,3.1,16,6,8,240,24355.1,,Cold
2016-08-27 17:00:00,Hog_lodging_Shanti,100.417,19.4,8.0,16.7,1015.7,2.1,17,6,8,240,24355.1,,Cold
2016-08-27 18:00:00,Hog_lodging_Shanti,100.417,20.0,8.0,16.7,1015.9,0.0,18,6,8,240,24355.1,,Cold
2016-08-27 19:00:00,Hog_lodging_Shanti,100.417,20.6,5.0,16.1,1016.2,0.0,19,6,8,240,24355.1,,Cold
2016-08-27 20:00:00,Hog_lodging_Shanti,100.417,19.4,2.0,16.1,1016.7,0.0,20,6,8,240,24355.1,,Cold
2016-08-27 21:00:00,Hog_lodging_Shanti,100.417,18.3,2.0,16.1,1017.6,0.0,21,6,8,240,24355.1,,Cold
2016-08-27 22:00:00,Hog_lodging_Shanti,100.417,17.8,0.0,16.1,1018.0,1.5,22,6,8,240,24355.1,,Cold
2016-08-27 23:00:00,Hog_lodging_Shanti,100.417,17.2,0.0,16.1,1018.3,1.5,23,6,8,240,24355.1,,Cold
2016-08-28 00:00:00,Hog_lodging_Shanti,100.417,17.2,6.0,15.6,1018.6,2.1,0,7,8,241,24355.1,,Cold
2016-08-28 01:00:00,Hog_lodging_Shanti,100.417,17.8,0.0,16.1,1018.7,0.0,1,7,8,241,24355.1,,Cold
2016-08-28 02:00:00,Hog_lodging_Shanti,100.417,16.7,0.0,15.6,1018.7,2.6,2,7,8,241,24355.1,,Cold
2016-08-28 03:00:00,Hog_lodging_Shanti,100.417,16.7,0.0,15.6,1019.1,2.6,3,7,8,241,24355.1,,Cold
2016-08-28 04:00:00,Hog_lodging_Shanti,100.417,16.1,9.0,15.6,1019.5333333333333,2.1,4,7,8,241,24355.1,,Cold
2016-08-28 05:00:00,Hog_lodging_Shanti,100.417,16.1,9.0,15.6,1019.9666666666667,2.6,5,7,8,241,24355.1,,Cold
2016-08-28 06:00:00,Hog_lodging_Shanti,100.417,16.7,9.0,15.6,1020.4,2.1,6,7,8,241,24355.1,,Cold
2016-08-28 07:00:00,Hog_lodging_Shanti,100.417,17.2,8.5,16.7,1020.8499999999999,2.1,7,7,8,241,24355.1,,Cold
2016-08-28 08:00:00,Hog_lodging_Shanti,100.417,17.8,8.0,17.2,1021.3,1.5,8,7,8,241,24355.1,,Cold
2016-08-28 09:00:00,Hog_lodging_Shanti,100.417,18.9,7.5,17.8,1020.9,2.1,9,7,8,241,24355.1,,Cold
2016-08-28 10:00:00,Hog_lodging_Shanti,100.417,22.2,7.5,18.9,1020.4,5.7,10,7,8,241,24355.1,,Cold
2016-08-28 11:00:00,Hog_lodging_Shanti,100.417,25.6,7.5,19.4,1020.0,5.7,11,7,8,241,24355.1,,Cold
2016-08-28 12:00:00,Hog_lodging_Shanti,100.417,27.2,6.0,19.4,1019.9,5.7,12,7,8,241,24355.1,,Cold
2016-08-28 13:00:00,Hog_lodging_Shanti,100.417,28.3,5.0,19.4,1019.4,5.1,13,7,8,241,24355.1,,Cold
2016-08-28 14:00:00,Hog_lodging_Shanti,100.417,28.3,4.0,19.4,1019.3,5.1,14,7,8,241,24355.1,,Cold
2016-08-28 15:00:00,Hog_lodging_Shanti,100.417,28.9,4.0,18.9,1018.9,5.7,15,7,8,241,24355.1,,Cold
2016-08-28 16:00:00,Hog_lodging_Shanti,100.417,28.9,2.0,18.9,1018.6,4.1,16,7,8,241,24355.1,,Cold
2016-08-28 17:00:00,Hog_lodging_Shanti,100.417,28.9,2.0,18.9,1018.5,4.6,17,7,8,241,24355.1,,Cold
2016-08-28 18:00:00,Hog_lodging_Shanti,100.417,27.8,2.0,19.4,1018.8,3.6,18,7,8,241,24355.1,,Cold
2016-08-28 19:00:00,Hog_lodging_Shanti,100.417,26.1,2.0,20.0,1018.9,3.1,19,7,8,241,24355.1,,Cold
2016-08-28 20:00:00,Hog_lodging_Shanti,100.417,25.0,2.0,19.4,1019.2,3.1,20,7,8,241,24355.1,,Cold
2016-08-28 21:00:00,Hog_lodging_Shanti,100.417,23.9,0.0,19.4,1019.4,3.6,21,7,8,241,24355.1,,Cold
2016-08-28 22:00:00,Hog_lodging_Shanti,100.417,23.3,2.0,19.4,1019.9,3.6,22,7,8,241,24355.1,,Cold
2016-08-28 23:00:00,Hog_lodging_Shanti,100.417,22.8,2.0,19.4,1019.8,2.6,23,7,8,241,24355.1,,Cold
2016-08-29 00:00:00,Hog_lodging_Shanti,100.417,22.8,2.0,20.0,1019.5,4.1,0,1,8,242,24355.1,,Cold
2016-08-29 01:00:00,Hog_lodging_Shanti,100.417,23.3,2.0,20.6,1019.3,4.6,1,1,8,242,24355.1,,Cold
2016-08-29 02:00:00,Hog_lodging_Shanti,100.417,22.2,2.0,20.0,1019.5,3.1,2,1,8,242,24355.1,,Cold
2016-08-29 03:00:00,Hog_lodging_Shanti,100.417,22.2,2.0,20.6,1020.0,2.6,3,1,8,242,24355.1,,Cold
2016-08-29 04:00:00,Hog_lodging_Shanti,100.417,21.1,2.0,20.0,1020.2,3.1,4,1,8,242,24355.1,,Cold
2016-08-29 05:00:00,Hog_lodging_Shanti,100.417,21.1,4.0,20.0,1020.5,1.5,5,1,8,242,24355.1,,Cold
2016-08-29 06:00:00,Hog_lodging_Shanti,100.417,21.1,4.0,19.4,1021.4,3.1,6,1,8,242,24355.1,,Cold
2016-08-29 07:00:00,Hog_lodging_Shanti,100.417,22.2,2.0,20.0,1022.4,1.5,7,1,8,242,24355.1,,Cold
2016-08-29 08:00:00,Hog_lodging_Shanti,100.417,24.4,2.8,20.6,1023.3,2.6,8,1,8,242,24355.1,,Cold
2016-08-29 09:00:00,Hog_lodging_Shanti,100.417,23.9,3.6,19.4,1023.7,4.1,9,1,8,242,24355.1,,Cold
2016-08-29 10:00:00,Hog_lodging_Shanti,100.417,25.6,4.4,20.6,1023.0,4.1,10,1,8,242,24355.1,,Cold
2016-08-29 11:00:00,Hog_lodging_Shanti,100.417,26.1,4.4,20.0,1021.6,7.2,11,1,8,242,24355.1,,Cold
2016-08-29 12:00:00,Hog_lodging_Shanti,100.417,27.8,6.0,20.6,1020.7,5.7,12,1,8,242,24355.1,,Cold
2016-08-29 13:00:00,Hog_lodging_Shanti,100.417,27.8,6.0,20.0,1020.4,6.7,13,1,8,242,24355.1,,Cold
2016-08-29 14:00:00,Hog_lodging_Shanti,100.417,28.3,6.0,21.1,1020.5,3.6,14,1,8,242,24355.1,,Cold
2016-08-29 15:00:00,Hog_lodging_Shanti,100.417,29.4,6.0,20.6,1020.1,5.7,15,1,8,242,24355.1,,Cold
2016-08-29 16:00:00,Hog_lodging_Shanti,100.417,29.4,6.0,21.1,1019.8,4.6,16,1,8,242,24355.1,,Cold
2016-08-29 17:00:00,Hog_lodging_Shanti,100.417,30.0,6.0,21.1,1019.5,4.1,17,1,8,242,24355.1,,Cold
2016-08-29 18:00:00,Hog_lodging_Shanti,100.417,28.3,6.0,20.6,1018.9,4.1,18,1,8,242,24355.1,,Cold
2016-08-29 19:00:00,Hog_lodging_Shanti,100.417,27.8,6.333333333333333,19.4,1019.4,2.6,19,1,8,242,24355.1,,Cold
2016-08-29 20:00:00,Hog_lodging_Shanti,100.417,26.7,6.666666666666667,20.0,1019.9,3.1,20,1,8,242,24355.1,,Cold
2016-08-29 21:00:00,Hog_lodging_Shanti,100.417,26.1,7.0,20.0,1019.6,4.6,21,1,8,242,24355.1,,Cold
2016-08-29 22:00:00,Hog_lodging_Shanti,100.417,25.0,7.0,18.3,1020.9333333333334,6.7,22,1,8,242,24355.1,,Cold
2016-08-29 23:00:00,Hog_lodging_Shanti,100.417,20.6,7.0,18.9,1022.2666666666667,6.2,23,1,8,242,24355.1,,Cold
2016-08-30 00:00:00,Hog_lodging_Shanti,100.417,20.0,8.0,18.3,1023.6,4.6,0,2,8,243,24355.1,,Cold
2016-08-30 01:00:00,Hog_lodging_Shanti,100.417,21.1,6.0,18.9,1022.8,4.6,1,2,8,243,24355.1,,Cold
2016-08-30 02:00:00,Hog_lodging_Shanti,100.417,20.0,4.0,17.8,1021.5,6.7,2,2,8,243,24355.1,,Cold
2016-08-30 03:00:00,Hog_lodging_Shanti,100.417,20.0,2.0,17.2,1020.1,0.0,3,2,8,243,24355.1,,Cold
2016-08-30 04:00:00,Hog_lodging_Shanti,100.417,19.4,3.333333333333333,17.8,1020.3,2.6,4,2,8,243,24355.1,,Cold
2016-08-30 05:00:00,Hog_lodging_Shanti,100.417,19.4,4.666666666666666,17.8,1020.5,2.6,5,2,8,243,24355.1,,Cold
2016-08-30 06:00:00,Hog_lodging_Shanti,100.417,19.4,6.0,17.8,1020.8,3.6,6,2,8,243,24355.1,,Cold
2016-08-30 07:00:00,Hog_lodging_Shanti,100.417,20.0,6.0,17.8,1021.1,3.1,7,2,8,243,24355.1,,Cold
2016-08-30 08:00:00,Hog_lodging_Shanti,100.417,20.6,6.0,18.3,1021.1,4.1,8,2,8,243,24355.1,,Cold
2016-08-30 09:00:00,Hog_lodging_Shanti,100.417,22.2,6.0,18.3,1021.6,5.7,9,2,8,243,24355.1,,Cold
2016-08-30 10:00:00,Hog_lodging_Shanti,100.417,22.8,6.0,16.7,1022.2,4.1,10,2,8,243,24355.1,,Cold
2016-08-30 11:00:00,Hog_lodging_Shanti,100.417,23.9,6.0,16.1,1022.2,3.6,11,2,8,243,24355.1,,Cold
2016-08-30 12:00:00,Hog_lodging_Shanti,100.417,24.4,6.0,16.1,1021.9,3.6,12,2,8,243,24355.1,,Cold
2016-08-30 13:00:00,Hog_lodging_Shanti,100.417,25.0,5.333333333333333,15.0,1021.4,1.5,13,2,8,243,24355.1,,Cold
2016-08-30 14:00:00,Hog_lodging_Shanti,100.417,26.1,4.666666666666667,13.3,1021.0,1.5,14,2,8,243,24355.1,,Cold
2016-08-30 15:00:00,Hog_lodging_Shanti,100.417,27.2,4.0,12.8,1020.6,3.6,15,2,8,243,24355.1,,Cold
2016-08-30 16:00:00,Hog_lodging_Shanti,100.417,26.7,4.0,13.3,1020.3,3.6,16,2,8,243,24355.1,,Cold
2016-08-30 17:00:00,Hog_lodging_Shanti,100.417,26.1,2.0,11.7,1020.3,4.1,17,2,8,243,24355.1,,Cold
2016-08-30 18:00:00,Hog_lodging_Shanti,100.417,24.4,2.0,11.1,1020.1,5.7,18,2,8,243,24355.1,,Cold
2016-08-30 19:00:00,Hog_lodging_Shanti,100.417,22.2,2.0,10.0,1020.5,2.6,19,2,8,243,24355.1,,Cold
2016-08-30 20:00:00,Hog_lodging_Shanti,100.417,20.6,2.0,11.7,1021.1,2.1,20,2,8,243,24355.1,,Cold
2016-08-30 21:00:00,Hog_lodging_Shanti,100.417,19.4,0.0,12.8,1021.3,1.5,21,2,8,243,24355.1,,Cold
2016-08-30 22:00:00,Hog_lodging_Shanti,100.417,18.9,0.0,12.8,1021.1,1.5,22,2,8,243,24355.1,,Cold
2016-08-30 23:00:00,Hog_lodging_Shanti,100.417,17.8,0.0,13.9,1021.5,1.5,23,2,8,243,24355.1,,Cold
2016-08-31 00:00:00,Hog_lodging_Shanti,100.417,17.8,0.0,12.8,1021.8,2.6,0,3,8,244,24355.1,,Cold
2016-08-31 01:00:00,Hog_lodging_Shanti,100.417,17.2,0.0,12.2,1021.9,1.5,1,3,8,244,24355.1,,Cold
2016-08-31 02:00:00,Hog_lodging_Shanti,100.417,17.2,0.0,11.7,1022.0,0.0,2,3,8,244,24355.1,,Cold
2016-08-31 03:00:00,Hog_lodging_Shanti,100.417,16.1,0.0,12.2,1022.1,0.0,3,3,8,244,24355.1,,Cold
2016-08-31 04:00:00,Hog_lodging_Shanti,100.417,15.6,0.0,13.3,1022.3,1.5,4,3,8,244,24355.1,,Cold
2016-08-31 05:00:00,Hog_lodging_Shanti,100.417,15.0,4.0,12.8,1022.2,0.0,5,3,8,244,24355.1,,Cold
2016-08-31 06:00:00,Hog_lodging_Shanti,100.417,14.4,4.0,12.2,1022.7,1.5,6,3,8,244,24355.1,,Cold
2016-08-31 07:00:00,Hog_lodging_Shanti,100.417,16.7,4.0,12.8,1022.8,0.0,7,3,8,244,24355.1,,Cold
2016-08-31 08:00:00,Hog_lodging_Shanti,100.417,18.9,2.0,13.3,1022.8,1.5,8,3,8,244,24355.1,,Cold
2016-08-31 09:00:00,Hog_lodging_Shanti,100.417,21.1,2.0,12.2,1023.0,2.6,9,3,8,244,24355.1,,Cold
2016-08-31 10:00:00,Hog_lodging_Shanti,100.417,22.8,2.0,11.1,1023.0,3.6,10,3,8,244,24355.1,,Cold
2016-08-31 11:00:00,Hog_lodging_Shanti,100.417,24.4,2.0,10.6,1022.7,4.1,11,3,8,244,24355.1,,Cold
2016-08-31 12:00:00,Hog_lodging_Shanti,100.417,25.0,0.0,10.6,1022.2,3.6,12,3,8,244,24355.1,,Cold
2016-08-31 13:00:00,Hog_lodging_Shanti,100.417,25.6,2.0,10.6,1022.2,4.1,13,3,8,244,24355.1,,Cold
2016-08-31 14:00:00,Hog_lodging_Shanti,100.417,26.1,2.0,10.0,1021.6,6.2,14,3,8,244,24355.1,,Cold
2016-08-31 15:00:00,Hog_lodging_Shanti,100.417,26.1,0.0,10.0,1021.3,3.6,15,3,8,244,24355.1,,Cold
2016-08-31 16:00:00,Hog_lodging_Shanti,100.417,26.1,2.0,11.1,1021.2,4.1,16,3,8,244,24355.1,,Cold
2016-08-31 17:00:00,Hog_lodging_Shanti,207.833,25.6,4.0,10.6,1020.8,4.6,17,3,8,244,24355.1,,Cold
2016-08-31 18:00:00,Hog_lodging_Shanti,227.1769,24.4,4.0,8.3,1020.7,3.6,18,3,8,244,24355.1,,Cold
2016-08-31 19:00:00,Hog_lodging_Shanti,213.2391,22.2,4.0,8.9,1021.1,2.6,19,3,8,244,24355.1,,Cold
2016-08-31 20:00:00,Hog_lodging_Shanti,180.2706,21.1,2.0,9.4,1021.8,2.1,20,3,8,244,24355.1,,Cold
2016-08-31 21:00:00,Hog_lodging_Shanti,167.1767,20.0,0.0,10.6,1022.2,2.6,21,3,8,244,24355.1,,Cold
2016-08-31 22:00:00,Hog_lodging_Shanti,174.2393,20.0,0.0,11.7,1022.4,1.5,22,3,8,244,24355.1,,Cold
2016-08-31 23:00:00,Hog_lodging_Shanti,171.2393,19.4,0.0,12.2,1022.6,0.0,23,3,8,244,24355.1,,Cold
2016-09-01 00:00:00,Hog_lodging_Shanti,163.2704,17.8,0.0,12.8,1022.8,0.0,0,4,9,245,24355.1,,Cold
2016-09-01 01:00:00,Hog_lodging_Shanti,163.1768,17.8,0.0,12.8,1023.0,0.0,1,4,9,245,24355.1,,Cold
2016-09-01 02:00:00,Hog_lodging_Shanti,155.2705,16.1,0.0,12.2,1023.2,2.1,2,4,9,245,24355.1,,Cold
2016-09-01 03:00:00,Hog_lodging_Shanti,156.2705,16.7,0.0,12.2,1023.5,0.0,3,4,9,245,24355.1,,Cold
2016-09-01 04:00:00,Hog_lodging_Shanti,153.3642,16.7,2.0,11.7,1023.8,1.5,4,4,9,245,24355.1,,Cold
2016-09-01 05:00:00,Hog_lodging_Shanti,159.2705,16.1,2.0,11.7,1024.4,1.5,5,4,9,245,24355.1,,Cold
2016-09-01 06:00:00,Hog_lodging_Shanti,152.2705,15.6,2.0,11.7,1025.0,3.1,6,4,9,245,24355.1,,Cold
2016-09-01 07:00:00,Hog_lodging_Shanti,179.2393,17.2,2.0,12.2,1025.3,0.0,7,4,9,245,24355.1,,Cold
2016-09-01 08:00:00,Hog_lodging_Shanti,196.2392,17.8,2.0,12.2,1025.7,2.6,8,4,9,245,24355.1,,Cold
2016-09-01 09:00:00,Hog_lodging_Shanti,193.2392,20.0,2.0,12.8,1026.1,3.6,9,4,9,245,24355.1,,Cold
2016-09-01 10:00:00,Hog_lodging_Shanti,178.2706,20.6,2.0,11.1,1026.1,3.1,10,4,9,245,24355.1,,Cold
2016-09-01 11:00:00,Hog_lodging_Shanti,175.2393,21.7,2.0,10.6,1025.8,3.6,11,4,9,245,24355.1,,Cold
2016-09-01 12:00:00,Hog_lodging_Shanti,177.1767,22.2,2.0,11.1,1025.4,2.6,12,4,9,245,24355.1,,Cold
2016-09-01 13:00:00,Hog_lodging_Shanti,177.208,23.9,4.0,11.1,1025.3,4.1,13,4,9,245,24355.1,,Cold
2016-09-01 14:00:00,Hog_lodging_Shanti,188.2705,23.3,4.0,11.1,1024.8,4.6,14,4,9,245,24355.1,,Cold
2016-09-01 15:00:00,Hog_lodging_Shanti,198.1767,23.9,4.0,11.1,1024.3,3.1,15,4,9,245,24355.1,,Cold
2016-09-01 16:00:00,Hog_lodging_Shanti,214.1768,23.9,4.0,11.7,1024.1,3.6,16,4,9,245,24355.1,,Cold
2016-09-01 17:00:00,Hog_lodging_Shanti,218.2704,23.3,4.0,11.7,1024.0,4.6,17,4,9,245,24355.1,,Cold
2016-09-01 18:00:00,Hog_lodging_Shanti,224.2394,22.2,4.0,11.7,1024.0,5.7,18,4,9,245,24355.1,,Cold
2016-09-01 19:00:00,Hog_lodging_Shanti,211.2079,21.1,3.3333333333333335,12.2,1024.1,5.1,19,4,9,245,24355.1,,Cold
2016-09-01 20:00:00,Hog_lodging_Shanti,185.2393,19.4,2.666666666666667,12.2,1024.5,4.1,20,4,9,245,24355.1,,Cold
2016-09-01 21:00:00,Hog_lodging_Shanti,179.2393,18.9,2.0,12.2,1024.5,4.6,21,4,9,245,24355.1,,Cold
2016-09-01 22:00:00,Hog_lodging_Shanti,174.2704,17.8,2.0,12.2,1024.5,3.6,22,4,9,245,24355.1,,Cold
2016-09-01 23:00:00,Hog_lodging_Shanti,168.2393,17.2,0.0,12.2,1024.8,3.1,23,4,9,245,24355.1,,Cold
2016-09-02 00:00:00,Hog_lodging_Shanti,164.208,16.7,0.0,12.2,1025.1,2.6,0,5,9,246,24355.1,,Cold
2016-09-02 01:00:00,Hog_lodging_Shanti,165.2706,15.6,0.0,12.2,1025.2,2.1,1,5,9,246,24355.1,,Cold
2016-09-02 02:00:00,Hog_lodging_Shanti,160.2391,15.6,0.0,12.2,1025.4,2.6,2,5,9,246,24355.1,,Cold
2016-09-02 03:00:00,Hog_lodging_Shanti,156.2393,15.0,0.0,12.2,1025.6,2.6,3,5,9,246,24355.1,,Cold
2016-09-02 04:00:00,Hog_lodging_Shanti,153.2705,14.4,0.0,11.7,1025.5,2.1,4,5,9,246,24355.1,,Cold
2016-09-02 05:00:00,Hog_lodging_Shanti,158.2393,13.9,0.0,11.1,1025.7,2.1,5,5,9,246,24355.1,,Cold
2016-09-02 06:00:00,Hog_lodging_Shanti,155.3017,13.9,0.0,11.1,1025.5,3.1,6,5,9,246,24355.1,,Cold
2016-09-02 07:00:00,Hog_lodging_Shanti,175.3017,15.0,2.0,11.7,1025.6,2.1,7,5,9,246,24355.1,,Cold
2016-09-02 08:00:00,Hog_lodging_Shanti,184.208,16.7,2.0,12.2,1025.8,2.6,8,5,9,246,24355.1,,Cold
2016-09-02 09:00:00,Hog_lodging_Shanti,195.2081,18.3,4.0,12.8,1025.7,4.6,9,5,9,246,24355.1,,Cold
2016-09-02 10:00:00,Hog_lodging_Shanti,189.208,20.6,4.0,13.3,1025.3,5.1,10,5,9,246,24355.1,,Cold
2016-09-02 11:00:00,Hog_lodging_Shanti,181.2391,21.1,4.0,12.8,1025.1,5.1,11,5,9,246,24355.1,,Cold
2016-09-02 12:00:00,Hog_lodging_Shanti,183.2394,22.2,6.0,12.8,1024.2,6.2,12,5,9,246,24355.1,,Cold
2016-09-02 13:00:00,Hog_lodging_Shanti,179.1766,22.8,6.0,12.2,1023.5,5.7,13,5,9,246,24355.1,,Cold
2016-09-02 14:00:00,Hog_lodging_Shanti,182.1769,23.9,6.0,12.8,1023.0,5.1,14,5,9,246,24355.1,,Cold
2016-09-02 15:00:00,Hog_lodging_Shanti,200.2079,23.9,6.0,12.2,1022.3,5.7,15,5,9,246,24355.1,,Cold
2016-09-02 16:00:00,Hog_lodging_Shanti,204.2394,23.9,6.0,12.2,1021.8,6.7,16,5,9,246,24355.1,,Cold
2016-09-02 17:00:00,Hog_lodging_Shanti,206.2078,23.3,6.0,12.2,1021.3,5.1,17,5,9,246,24355.1,,Cold
2016-09-02 18:00:00,Hog_lodging_Shanti,217.1769,22.8,6.0,12.2,1021.1,4.1,18,5,9,246,24355.1,,Cold
2016-09-02 19:00:00,Hog_lodging_Shanti,216.1767,20.6,5.0,12.8,1020.6,3.1,19,5,9,246,24355.1,,Cold
2016-09-02 20:00:00,Hog_lodging_Shanti,201.208,19.4,4.0,12.2,1020.7,4.1,20,5,9,246,24355.1,,Cold
2016-09-02 21:00:00,Hog_lodging_Shanti,168.208,18.3,4.0,11.7,1020.8,4.1,21,5,9,246,24355.1,,Cold
2016-09-02 22:00:00,Hog_lodging_Shanti,164.2393,17.2,4.0,11.7,1021.0,3.1,22,5,9,246,24355.1,,Cold
2016-09-02 23:00:00,Hog_lodging_Shanti,164.2704,16.1,2.0,11.7,1021.2,4.1,23,5,9,246,24355.1,,Cold
2016-09-03 00:00:00,Hog_lodging_Shanti,164.2081,15.6,0.0,11.7,1021.0,3.6,0,6,9,247,24355.1,,Cold
2016-09-03 01:00:00,Hog_lodging_Shanti,164.2079,15.6,0.0,11.7,1020.7,4.6,1,6,9,247,24355.1,,Cold
2016-09-03 02:00:00,Hog_lodging_Shanti,157.208,15.0,0.0,11.1,1020.7,3.1,2,6,9,247,24355.1,,Cold
2016-09-03 03:00:00,Hog_lodging_Shanti,156.3018,15.0,2.0,11.7,1020.6,3.1,3,6,9,247,24355.1,,Cold
2016-09-03 04:00:00,Hog_lodging_Shanti,153.2705,16.1,4.0,11.7,1020.4,4.6,4,6,9,247,24355.1,,Cold
2016-09-03 05:00:00,Hog_lodging_Shanti,156.2706,15.0,5.0,11.7,1020.3,4.6,5,6,9,247,24355.1,,Cold
2016-09-03 06:00:00,Hog_lodging_Shanti,152.2392,15.6,6.0,11.7,1020.3,3.1,6,6,9,247,24355.1,,Cold
2016-09-03 07:00:00,Hog_lodging_Shanti,168.2392,15.6,6.0,11.7,1020.6,4.1,7,6,9,247,24355.1,,Cold
2016-09-03 08:00:00,Hog_lodging_Shanti,186.2393,16.1,6.0,11.7,1020.6,4.6,8,6,9,247,24355.1,,Cold
2016-09-03 09:00:00,Hog_lodging_Shanti,199.2079,17.2,6.0,11.7,1020.7,5.1,9,6,9,247,24355.1,,Cold
2016-09-03 10:00:00,Hog_lodging_Shanti,202.2706,20.0,6.0,12.2,1020.6,6.2,10,6,9,247,24355.1,,Cold
2016-09-03 11:00:00,Hog_lodging_Shanti,210.2392,21.1,6.0,12.8,1020.3,6.2,11,6,9,247,24355.1,,Cold
2016-09-03 12:00:00,Hog_lodging_Shanti,216.1767,22.2,6.0,12.2,1019.7,6.7,12,6,9,247,24355.1,,Cold
2016-09-03 13:00:00,Hog_lodging_Shanti,217.1769,23.3,6.0,13.3,1018.8,5.7,13,6,9,247,24355.1,,Cold
2016-09-03 14:00:00,Hog_lodging_Shanti,214.2078,23.9,6.0,13.3,1018.4,5.7,14,6,9,247,24355.1,,Cold
2016-09-03 15:00:00,Hog_lodging_Shanti,205.1456,24.4,6.0,12.8,1017.7,7.2,15,6,9,247,24355.1,,Cold
2016-09-03 16:00:00,Hog_lodging_Shanti,212.1768,23.9,6.0,12.8,1017.2,7.2,16,6,9,247,24355.1,,Cold
2016-09-03 17:00:00,Hog_lodging_Shanti,213.1767,23.9,6.0,13.9,1016.6,6.2,17,6,9,247,24355.1,,Cold
2016-09-03 18:00:00,Hog_lodging_Shanti,225.2079,22.8,6.0,13.9,1016.3,4.1,18,6,9,247,24355.1,,Cold
2016-09-03 19:00:00,Hog_lodging_Shanti,225.1769,21.7,5.0,12.8,1016.4,3.6,19,6,9,247,24355.1,,Cold
2016-09-03 20:00:00,Hog_lodging_Shanti,216.1767,20.0,4.0,12.8,1017.0,3.6,20,6,9,247,24355.1,,Cold
2016-09-03 21:00:00,Hog_lodging_Shanti,186.1767,18.3,4.0,12.8,1017.1,3.6,21,6,9,247,24355.1,,Cold
2016-09-03 22:00:00,Hog_lodging_Shanti,166.1769,17.8,4.0,13.3,1017.5,4.1,22,6,9,247,24355.1,,Cold
2016-09-03 23:00:00,Hog_lodging_Shanti,165.2391,17.2,4.0,13.3,1017.6,4.6,23,6,9,247,24355.1,,Cold
2016-09-04 00:00:00,Hog_lodging_Shanti,165.2705,17.2,0.0,13.3,1017.3,4.6,0,7,9,248,24355.1,,Cold
2016-09-04 01:00:00,Hog_lodging_Shanti,170.2706,16.1,0.0,12.8,1017.2,4.6,1,7,9,248,24355.1,,Cold
2016-09-04 02:00:00,Hog_lodging_Shanti,161.2705,16.1,0.0,12.8,1016.9,4.6,2,7,9,248,24355.1,,Cold
2016-09-04 03:00:00,Hog_lodging_Shanti,156.2392,16.7,0.0,12.8,1017.1,4.6,3,7,9,248,24355.1,,Cold
2016-09-04 04:00:00,Hog_lodging_Shanti,153.2079,16.7,0.0,12.8,1016.6,4.6,4,7,9,248,24355.1,,Cold
2016-09-04 05:00:00,Hog_lodging_Shanti,155.2706,15.6,2.0,12.8,1016.8,3.1,5,7,9,248,24355.1,,Cold
2016-09-04 06:00:00,Hog_lodging_Shanti,150.2704,15.6,6.0,12.8,1016.5,5.7,6,7,9,248,24355.1,,Cold
2016-09-04 07:00:00,Hog_lodging_Shanti,172.2706,16.7,6.0,13.9,1016.3,5.1,7,7,9,248,24355.1,,Cold
2016-09-04 08:00:00,Hog_lodging_Shanti,177.2392,18.9,6.0,14.4,1016.4,6.2,8,7,9,248,24355.1,,Cold
2016-09-04 09:00:00,Hog_lodging_Shanti,193.2081,21.1,6.0,15.0,1016.4,5.7,9,7,9,248,24355.1,,Cold
2016-09-04 10:00:00,Hog_lodging_Shanti,199.2392,22.8,6.0,15.0,1015.9,6.2,10,7,9,248,24355.1,,Cold
2016-09-04 11:00:00,Hog_lodging_Shanti,210.2392,24.4,6.0,14.4,1015.2,7.2,11,7,9,248,24355.1,,Cold
2016-09-04 12:00:00,Hog_lodging_Shanti,214.1768,25.0,6.0,15.6,1015.3,7.7,12,7,9,248,24355.1,,Cold
2016-09-04 13:00:00,Hog_lodging_Shanti,216.1767,25.6,6.0,15.0,1015.0,7.7,13,7,9,248,24355.1,,Cold
2016-09-04 14:00:00,Hog_lodging_Shanti,213.1455,25.6,6.0,15.0,1014.6,8.2,14,7,9,248,24355.1,,Cold
2016-09-04 15:00:00,Hog_lodging_Shanti,202.2081,25.0,6.0,15.6,1014.1,7.2,15,7,9,248,24355.1,,Cold
2016-09-04 16:00:00,Hog_lodging_Shanti,203.1454,25.0,6.0,15.6,1013.8,6.7,16,7,9,248,24355.1,,Cold
2016-09-04 17:00:00,Hog_lodging_Shanti,218.1768,24.4,6.0,15.0,1013.3,6.7,17,7,9,248,24355.1,,Cold
2016-09-04 18:00:00,Hog_lodging_Shanti,226.1768,23.9,6.0,15.6,1013.1,6.7,18,7,9,248,24355.1,,Cold
2016-09-04 19:00:00,Hog_lodging_Shanti,221.2392,23.3,6.333333333333333,15.0,1012.5,5.7,19,7,9,248,24355.1,,Cold
2016-09-04 20:00:00,Hog_lodging_Shanti,240.208,22.8,6.666666666666667,15.0,1012.7,5.1,20,7,9,248,24355.1,,Cold
2016-09-04 21:00:00,Hog_lodging_Shanti,205.1768,22.2,7.0,15.0,1012.7,5.7,21,7,9,248,24355.1,,Cold
2016-09-04 22:00:00,Hog_lodging_Shanti,197.2079,20.6,7.0,16.1,1012.4,5.1,22,7,9,248,24355.1,,Cold
2016-09-04 23:00:00,Hog_lodging_Shanti,194.2081,21.1,7.0,16.1,1012.1,4.6,23,7,9,248,24355.1,,Cold
2016-09-05 00:00:00,Hog_lodging_Shanti,190.2079,21.1,8.0,15.6,1011.6,5.1,0,1,9,249,24355.1,,Cold
2016-09-05 01:00:00,Hog_lodging_Shanti,174.1768,20.0,8.0,16.1,1010.2,6.2,1,1,9,249,24355.1,,Cold
2016-09-05 02:00:00,Hog_lodging_Shanti,155.2705,20.6,8.0,16.1,1008.9,7.2,2,1,9,249,24355.1,,Cold
2016-09-05 03:00:00,Hog_lodging_Shanti,155.2705,20.6,8.0,16.7,1009.45,9.8,3,1,9,249,24355.1,,Cold
2016-09-05 04:00:00,Hog_lodging_Shanti,152.2705,19.4,8.0,17.2,1010.0,5.7,4,1,9,249,24355.1,,Cold
2016-09-05 05:00:00,Hog_lodging_Shanti,154.208,19.4,8.0,17.8,1007.5,9.3,5,1,9,249,24355.1,,Cold
2016-09-05 06:00:00,Hog_lodging_Shanti,153.208,20.0,8.0,17.2,1008.6,4.1,6,1,9,249,24355.1,,Cold
2016-09-05 07:00:00,Hog_lodging_Shanti,164.208,20.0,8.0,17.2,1009.4,2.6,7,1,9,249,24355.1,,Cold
2016-09-05 08:00:00,Hog_lodging_Shanti,179.2393,20.6,8.0,17.8,1010.3,2.1,8,1,9,249,24355.1,,Cold
2016-09-05 09:00:00,Hog_lodging_Shanti,183.208,22.8,8.0,18.3,1010.65,3.6,9,1,9,249,24355.1,,Cold
2016-09-05 10:00:00,Hog_lodging_Shanti,211.1767,23.9,8.0,18.3,1011.0,4.1,10,1,9,249,24355.1,,Cold
2016-09-05 11:00:00,Hog_lodging_Shanti,220.208,25.0,8.0,18.9,1010.9,5.1,11,1,9,249,24355.1,,Cold
2016-09-05 12:00:00,Hog_lodging_Shanti,244.2392,24.4,8.0,18.9,1011.1,4.1,12,1,9,249,24355.1,,Cold
2016-09-05 13:00:00,Hog_lodging_Shanti,233.2394,24.4,8.0,18.9,1011.2,4.6,13,1,9,249,24355.1,,Cold
2016-09-05 14:00:00,Hog_lodging_Shanti,222.2391,25.6,8.0,19.4,1010.3,5.1,14,1,9,249,24355.1,,Cold
2016-09-05 15:00:00,Hog_lodging_Shanti,211.2081,25.0,8.0,19.4,1010.1,3.6,15,1,9,249,24355.1,,Cold
2016-09-05 16:00:00,Hog_lodging_Shanti,227.2079,25.6,8.0,20.0,1010.5,2.6,16,1,9,249,24355.1,,Cold
2016-09-05 17:00:00,Hog_lodging_Shanti,234.2393,25.6,8.0,20.6,1010.5,1.5,17,1,9,249,24355.1,,Cold
2016-09-05 18:00:00,Hog_lodging_Shanti,240.208,24.4,8.0,21.1,1010.2,2.6,18,1,9,249,24355.1,,Cold
2016-09-05 19:00:00,Hog_lodging_Shanti,238.208,24.4,7.2,21.1,1009.8,3.1,19,1,9,249,24355.1,,Cold
2016-09-05 20:00:00,Hog_lodging_Shanti,213.208,24.4,6.4,21.1,1009.9,3.1,20,1,9,249,24355.1,,Cold
2016-09-05 21:00:00,Hog_lodging_Shanti,218.2393,25.0,5.6,21.7,1010.1,3.1,21,1,9,249,24355.1,,Cold
2016-09-05 22:00:00,Hog_lodging_Shanti,215.2079,25.6,5.6,22.2,1009.8,4.1,22,1,9,249,24355.1,,Cold
2016-09-05 23:00:00,Hog_lodging_Shanti,193.2081,26.7,4.0,22.2,1009.8,4.1,23,1,9,249,24355.1,,Cold
2016-09-06 00:00:00,Hog_lodging_Shanti,176.2079,27.2,6.0,21.7,1009.6,6.2,0,2,9,250,24355.1,,Cold
2016-09-06 01:00:00,Hog_lodging_Shanti,161.208,27.2,6.0,21.7,1009.7,5.1,1,2,9,250,24355.1,,Cold
2016-09-06 02:00:00,Hog_lodging_Shanti,155.2394,25.6,6.0,22.2,1009.2,3.6,2,2,9,250,24355.1,,Cold
2016-09-06 03:00:00,Hog_lodging_Shanti,156.2391,25.0,6.0,22.2,1008.8,1.5,3,2,9,250,24355.1,,Cold
2016-09-06 04:00:00,Hog_lodging_Shanti,159.2081,23.9,6.0,22.2,1008.9,3.6,4,2,9,250,24355.1,,Cold
2016-09-06 05:00:00,Hog_lodging_Shanti,161.208,24.4,6.0,22.2,1008.8,1.5,5,2,9,250,24355.1,,Cold
2016-09-06 06:00:00,Hog_lodging_Shanti,164.2079,22.0,6.0,21.0,1008.3,7.2,6,2,9,250,24355.1,,Cold
2016-09-06 07:00:00,Hog_lodging_Shanti,183.1768,22.2,6.0,20.6,1011.6,0.0,7,2,9,250,24355.1,,Cold
2016-09-06 08:00:00,Hog_lodging_Shanti,205.208,22.2,6.0,20.6,1014.0,3.6,8,2,9,250,24355.1,,Cold
2016-09-06 09:00:00,Hog_lodging_Shanti,207.2079,22.2,6.0,20.6,1011.6,3.6,9,2,9,250,24355.1,,Cold
2016-09-06 10:00:00,Hog_lodging_Shanti,232.2082,22.2,6.0,20.6,1012.5,2.6,10,2,9,250,24355.1,,Cold
2016-09-06 11:00:00,Hog_lodging_Shanti,230.1766,22.2,6.0,19.4,1012.7,2.1,11,2,9,250,24355.1,,Cold
2016-09-06 12:00:00,Hog_lodging_Shanti,235.1768,22.2,6.0,19.4,1013.2,2.1,12,2,9,250,24355.1,,Cold
2016-09-06 13:00:00,Hog_lodging_Shanti,232.2392,23.9,6.333333333333333,20.0,1013.7,2.1,13,2,9,250,24355.1,,Cold
2016-09-06 14:00:00,Hog_lodging_Shanti,244.458,24.4,6.666666666666667,20.0,1014.0,2.6,14,2,9,250,24355.1,,Cold
2016-09-06 15:00:00,Hog_lodging_Shanti,203.958,25.0,7.0,18.9,1013.4,1.5,15,2,9,250,24355.1,,Cold
2016-09-06 16:00:00,Hog_lodging_Shanti,216.2081,26.1,7.0,18.9,1013.0,0.0,16,2,9,250,24355.1,,Cold
2016-09-06 17:00:00,Hog_lodging_Shanti,237.1767,25.0,7.0,18.9,1013.3,0.0,17,2,9,250,24355.1,,Cold
2016-09-06 18:00:00,Hog_lodging_Shanti,237.1768,23.9,8.0,20.0,1013.1,2.6,18,2,9,250,24355.1,,Cold
2016-09-06 19:00:00,Hog_lodging_Shanti,245.1766,23.3,8.0,20.6,1013.5,2.1,19,2,9,250,24355.1,,Cold
2016-09-06 20:00:00,Hog_lodging_Shanti,237.2394,22.8,8.0,20.6,1014.3,1.5,20,2,9,250,24355.1,,Cold
2016-09-06 21:00:00,Hog_lodging_Shanti,212.2392,22.2,8.0,20.0,1014.4,1.5,21,2,9,250,24355.1,,Cold
2016-09-06 22:00:00,Hog_lodging_Shanti,208.2704,22.2,8.0,20.6,1014.8,1.5,22,2,9,250,24355.1,,Cold
2016-09-06 23:00:00,Hog_lodging_Shanti,194.2082,21.7,8.0,20.0,1014.7,1.5,23,2,9,250,24355.1,,Cold
2016-09-07 00:00:00,Hog_lodging_Shanti,177.2391,21.7,8.0,20.0,1014.5,0.0,0,3,9,251,24355.1,,Cold
2016-09-07 01:00:00,Hog_lodging_Shanti,166.2393,21.7,8.0,20.0,1013.8,2.1,1,3,9,251,24355.1,,Cold
2016-09-07 02:00:00,Hog_lodging_Shanti,160.2706,21.1,8.0,20.0,1013.7,2.6,2,3,9,251,24355.1,,Cold
2016-09-07 03:00:00,Hog_lodging_Shanti,157.2078,21.1,8.0,20.0,1013.5,0.0,3,3,9,251,24355.1,,Cold
2016-09-07 04:00:00,Hog_lodging_Shanti,156.2394,21.1,8.0,20.0,1013.6,1.5,4,3,9,251,24355.1,,Cold
2016-09-07 05:00:00,Hog_lodging_Shanti,158.2079,21.1,8.0,20.0,1014.2,1.5,5,3,9,251,24355.1,,Cold
2016-09-07 06:00:00,Hog_lodging_Shanti,158.208,21.1,8.0,20.0,1014.3,2.6,6,3,9,251,24355.1,,Cold
2016-09-07 07:00:00,Hog_lodging_Shanti,183.2081,21.1,8.0,19.4,1014.6,3.6,7,3,9,251,24355.1,,Cold
2016-09-07 08:00:00,Hog_lodging_Shanti,205.1766,21.1,8.0,19.4,1013.3,2.6,8,3,9,251,24355.1,,Cold
2016-09-07 09:00:00,Hog_lodging_Shanti,207.2081,20.0,8.0,18.9,1014.4,4.1,9,3,9,251,24355.1,,Cold
2016-09-07 10:00:00,Hog_lodging_Shanti,223.1768,21.1,8.0,19.4,1013.8,3.6,10,3,9,251,24355.1,,Cold
2016-09-07 11:00:00,Hog_lodging_Shanti,225.2079,21.7,8.0,20.0,1013.3,3.1,11,3,9,251,24355.1,,Cold
2016-09-07 12:00:00,Hog_lodging_Shanti,232.2081,21.7,8.0,19.4,1013.7,3.6,12,3,9,251,24355.1,,Cold
2016-09-07 13:00:00,Hog_lodging_Shanti,234.2079,22.8,7.666666666666667,20.0,1013.5,3.6,13,3,9,251,24355.1,,Cold
2016-09-07 14:00:00,Hog_lodging_Shanti,235.1768,23.3,7.333333333333333,19.4,1012.8,1.5,14,3,9,251,24355.1,,Cold
2016-09-07 15:00:00,Hog_lodging_Shanti,214.2393,23.3,7.0,19.4,1012.0,2.6,15,3,9,251,24355.1,,Cold
2016-09-07 16:00:00,Hog_lodging_Shanti,220.1767,24.4,7.0,19.4,1011.2,3.1,16,3,9,251,24355.1,,Cold
2016-09-07 17:00:00,Hog_lodging_Shanti,236.2706,24.4,7.0,18.9,1010.5,3.1,17,3,9,251,24355.1,,Cold
2016-09-07 18:00:00,Hog_lodging_Shanti,239.2078,23.9,6.0,19.4,1010.8,2.6,18,3,9,251,24355.1,,Cold
2016-09-07 19:00:00,Hog_lodging_Shanti,238.2082,23.3,5.0,19.4,1011.1,3.1,19,3,9,251,24355.1,,Cold
2016-09-07 20:00:00,Hog_lodging_Shanti,244.2078,22.2,4.0,20.0,1010.6,3.1,20,3,9,251,24355.1,,Cold
2016-09-07 21:00:00,Hog_lodging_Shanti,224.2081,22.2,4.5,19.4,1010.4,3.1,21,3,9,251,24355.1,,Cold
2016-09-07 22:00:00,Hog_lodging_Shanti,217.208,21.1,5.0,19.4,1009.9,3.1,22,3,9,251,24355.1,,Cold
2016-09-07 23:00:00,Hog_lodging_Shanti,200.2393,21.7,5.5,19.4,1009.7,3.6,23,3,9,251,24355.1,,Cold
2016-09-08 00:00:00,Hog_lodging_Shanti,180.2392,21.7,6.0,19.4,1009.2,3.6,0,4,9,252,24355.1,,Cold
2016-09-08 01:00:00,Hog_lodging_Shanti,164.1768,22.2,5.0,19.4,1008.7,3.1,1,4,9,252,24355.1,,Cold
2016-09-08 02:00:00,Hog_lodging_Shanti,157.2392,21.7,4.0,18.9,1008.8,5.1,2,4,9,252,24355.1,,Cold
2016-09-08 03:00:00,Hog_lodging_Shanti,160.208,21.1,3.0,18.9,1009.0999999999999,3.6,3,4,9,252,24355.1,,Cold
2016-09-08 04:00:00,Hog_lodging_Shanti,156.208,20.0,2.0,16.7,1009.4,6.2,4,4,9,252,24355.1,,Cold
2016-09-08 05:00:00,Hog_lodging_Shanti,161.2393,17.8,2.0,14.4,1010.4,5.7,5,4,9,252,24355.1,,Cold
2016-09-08 06:00:00,Hog_lodging_Shanti,160.2704,16.7,2.0,13.9,1011.6,4.1,6,4,9,252,24355.1,,Cold
2016-09-08 07:00:00,Hog_lodging_Shanti,185.2393,17.2,2.0,13.3,1012.5,6.2,7,4,9,252,24355.1,,Cold
2016-09-08 08:00:00,Hog_lodging_Shanti,206.2393,17.8,2.0,13.3,1012.8,5.1,8,4,9,252,24355.1,,Cold
2016-09-08 09:00:00,Hog_lodging_Shanti,206.2393,18.9,2.0,13.3,1012.7,4.6,9,4,9,252,24355.1,,Cold
2016-09-08 10:00:00,Hog_lodging_Shanti,222.1766,21.1,2.0,13.9,1013.0,4.1,10,4,9,252,24355.1,,Cold
2016-09-08 11:00:00,Hog_lodging_Shanti,227.1768,22.2,0.0,13.3,1012.8,2.1,11,4,9,252,24355.1,,Cold
2016-09-08 12:00:00,Hog_lodging_Shanti,237.1767,23.9,0.0,12.8,1012.6,4.1,12,4,9,252,24355.1,,Cold
2016-09-08 13:00:00,Hog_lodging_Shanti,245.2081,24.4,2.0,13.3,1012.2,3.6,13,4,9,252,24355.1,,Cold
2016-09-08 14:00:00,Hog_lodging_Shanti,237.1142,25.0,2.0,11.7,1011.9,5.1,14,4,9,252,24355.1,,Cold
2016-09-08 15:00:00,Hog_lodging_Shanti,211.208,25.0,2.0,11.7,1011.8,3.6,15,4,9,252,24355.1,,Cold
2016-09-08 16:00:00,Hog_lodging_Shanti,211.1767,25.0,2.0,10.0,1012.0,4.1,16,4,9,252,24355.1,,Cold
2016-09-08 17:00:00,Hog_lodging_Shanti,234.1456,24.4,4.0,11.1,1012.2,3.1,17,4,9,252,24355.1,,Cold
2016-09-08 18:00:00,Hog_lodging_Shanti,234.1142,23.3,6.0,11.1,1012.3,2.6,18,4,9,252,24355.1,,Cold
2016-09-08 19:00:00,Hog_lodging_Shanti,233.1767,22.2,5.6,11.7,1011.8,2.1,19,4,9,252,24355.1,,Cold
2016-09-08 20:00:00,Hog_lodging_Shanti,227.1455,21.7,5.2,13.9,1012.6,0.0,20,4,9,252,24355.1,,Cold
2016-09-08 21:00:00,Hog_lodging_Shanti,220.2081,20.6,4.8,14.4,1012.0,2.6,21,4,9,252,24355.1,,Cold
2016-09-08 22:00:00,Hog_lodging_Shanti,202.2392,21.1,4.8,13.9,1012.1,1.5,22,4,9,252,24355.1,,Cold
2016-09-08 23:00:00,Hog_lodging_Shanti,184.208,20.0,4.0,13.9,1012.0,0.0,23,4,9,252,24355.1,,Cold
2016-09-09 00:00:00,Hog_lodging_Shanti,174.208,18.9,4.0,14.4,1011.4,3.1,0,5,9,253,24355.1,,Cold
2016-09-09 01:00:00,Hog_lodging_Shanti,168.2392,18.9,4.0,15.6,1011.8,1.5,1,5,9,253,24355.1,,Cold
2016-09-09 02:00:00,Hog_lodging_Shanti,158.208,19.4,4.0,15.0,1011.6,4.1,2,5,9,253,24355.1,,Cold
2016-09-09 03:00:00,Hog_lodging_Shanti,156.2394,17.8,4.0,16.1,1011.7,4.1,3,5,9,253,24355.1,,Cold
2016-09-09 04:00:00,Hog_lodging_Shanti,155.2391,18.3,4.0,14.4,1012.2,4.1,4,5,9,253,24355.1,,Cold
2016-09-09 05:00:00,Hog_lodging_Shanti,159.2393,17.8,6.0,13.9,1011.4,5.1,5,5,9,253,24355.1,,Cold
2016-09-09 06:00:00,Hog_lodging_Shanti,168.2705,17.2,8.0,14.4,1011.6,3.1,6,5,9,253,24355.1,,Cold
2016-09-09 07:00:00,Hog_lodging_Shanti,183.2705,17.2,8.0,15.6,1009.9,4.1,7,5,9,253,24355.1,,Cold
2016-09-09 08:00:00,Hog_lodging_Shanti,200.2393,17.8,8.0,15.6,1010.6,4.1,8,5,9,253,24355.1,,Cold
2016-09-09 09:00:00,Hog_lodging_Shanti,198.1767,18.9,8.0,16.1,1011.6,2.1,9,5,9,253,24355.1,,Cold
2016-09-09 10:00:00,Hog_lodging_Shanti,227.208,18.9,8.0,16.1,1012.5,2.1,10,5,9,253,24355.1,,Cold
2016-09-09 11:00:00,Hog_lodging_Shanti,230.1768,20.0,8.0,16.7,1011.7,0.0,11,5,9,253,24355.1,,Cold
2016-09-09 12:00:00,Hog_lodging_Shanti,234.2392,21.1,8.0,16.7,1011.9,2.6,12,5,9,253,24355.1,,Cold
2016-09-09 13:00:00,Hog_lodging_Shanti,238.208,22.2,7.5,16.7,1011.8,1.5,13,5,9,253,24355.1,,Cold
2016-09-09 14:00:00,Hog_lodging_Shanti,242.208,22.2,7.0,16.7,1011.9,4.1,14,5,9,253,24355.1,,Cold
2016-09-09 15:00:00,Hog_lodging_Shanti,220.1767,22.8,6.5,15.0,1011.6,3.1,15,5,9,253,24355.1,,Cold
2016-09-09 16:00:00,Hog_lodging_Shanti,222.2393,22.8,6.5,15.6,1012.0,3.6,16,5,9,253,24355.1,,Cold
2016-09-09 17:00:00,Hog_lodging_Shanti,233.208,22.8,6.5,15.6,1012.0,2.6,17,5,9,253,24355.1,,Cold
2016-09-09 18:00:00,Hog_lodging_Shanti,225.2705,22.2,6.5,16.1,1011.7,2.6,18,5,9,253,24355.1,,Cold
2016-09-09 19:00:00,Hog_lodging_Shanti,219.2392,21.1,6.5,13.3,1012.4,4.6,19,5,9,253,24355.1,,Cold
2016-09-09 20:00:00,Hog_lodging_Shanti,204.2393,19.4,4.0,11.1,1012.5,5.1,20,5,9,253,24355.1,,Cold
2016-09-09 21:00:00,Hog_lodging_Shanti,200.1767,18.3,5.0,11.1,1012.8,3.6,21,5,9,253,24355.1,,Cold
2016-09-09 22:00:00,Hog_lodging_Shanti,195.2081,17.8,6.0,10.0,1012.0,5.1,22,5,9,253,24355.1,,Cold
2016-09-09 23:00:00,Hog_lodging_Shanti,190.2392,17.8,7.0,10.6,1012.5,4.1,23,5,9,253,24355.1,,Cold
2016-09-10 00:00:00,Hog_lodging_Shanti,181.208,17.2,8.0,11.7,1012.9,3.1,0,6,9,254,24355.1,,Cold
2016-09-10 01:00:00,Hog_lodging_Shanti,173.2393,16.7,6.5,12.8,1012.8,3.1,1,6,9,254,24355.1,,Cold
2016-09-10 02:00:00,Hog_lodging_Shanti,168.2391,16.1,5.0,12.2,1012.2,4.6,2,6,9,254,24355.1,,Cold
2016-09-10 03:00:00,Hog_lodging_Shanti,167.2394,15.6,3.5,12.2,1012.0,2.6,3,6,9,254,24355.1,,Cold
2016-09-10 04:00:00,Hog_lodging_Shanti,164.208,15.6,2.0,12.2,1012.2,6.7,4,6,9,254,24355.1,,Cold
2016-09-10 05:00:00,Hog_lodging_Shanti,169.2705,14.4,2.0,11.7,1013.0,5.1,5,6,9,254,24355.1,,Cold
2016-09-10 06:00:00,Hog_lodging_Shanti,166.2704,14.4,2.0,11.1,1013.6,5.7,6,6,9,254,24355.1,,Cold
2016-09-10 07:00:00,Hog_lodging_Shanti,170.2393,15.0,4.0,11.1,1014.1,4.1,7,6,9,254,24355.1,,Cold
2016-09-10 08:00:00,Hog_lodging_Shanti,173.2393,16.1,4.0,11.1,1014.9,7.2,8,6,9,254,24355.1,,Cold
2016-09-10 09:00:00,Hog_lodging_Shanti,181.2391,17.8,2.0,9.4,1015.6,8.8,9,6,9,254,24355.1,,Cold
2016-09-10 10:00:00,Hog_lodging_Shanti,197.2081,18.9,2.0,8.9,1016.0,7.2,10,6,9,254,24355.1,,Cold
2016-09-10 11:00:00,Hog_lodging_Shanti,216.2081,19.4,4.0,8.9,1016.2,7.7,11,6,9,254,24355.1,,Cold
2016-09-10 12:00:00,Hog_lodging_Shanti,225.2078,21.1,4.0,8.3,1016.3,6.7,12,6,9,254,24355.1,,Cold
2016-09-10 13:00:00,Hog_lodging_Shanti,234.2394,21.7,4.0,8.9,1016.4,7.7,13,6,9,254,24355.1,,Cold
2016-09-10 14:00:00,Hog_lodging_Shanti,232.2079,21.7,4.0,8.9,1016.6,5.7,14,6,9,254,24355.1,,Cold
2016-09-10 15:00:00,Hog_lodging_Shanti,214.2081,21.7,4.0,8.9,1016.6,5.7,15,6,9,254,24355.1,,Cold
2016-09-10 16:00:00,Hog_lodging_Shanti,216.2392,20.6,4.0,7.2,1016.8,6.7,16,6,9,254,24355.1,,Cold
2016-09-10 17:00:00,Hog_lodging_Shanti,217.1455,21.1,4.0,8.9,1016.9,4.1,17,6,9,254,24355.1,,Cold
2016-09-10 18:00:00,Hog_lodging_Shanti,220.2081,20.0,0.0,8.3,1017.1,3.6,18,6,9,254,24355.1,,Cold
2016-09-10 19:00:00,Hog_lodging_Shanti,233.1766,18.3,2.0,8.9,1017.5,1.5,19,6,9,254,24355.1,,Cold
2016-09-10 20:00:00,Hog_lodging_Shanti,218.2081,18.9,0.0,8.9,1017.8,1.5,20,6,9,254,24355.1,,Cold
2016-09-10 21:00:00,Hog_lodging_Shanti,198.2079,17.8,0.0,10.0,1018.1,2.1,21,6,9,254,24355.1,,Cold
2016-09-10 22:00:00,Hog_lodging_Shanti,190.2394,17.2,4.0,10.6,1018.3,2.1,22,6,9,254,24355.1,,Cold
2016-09-10 23:00:00,Hog_lodging_Shanti,188.2078,16.1,4.0,10.6,1018.0,1.5,23,6,9,254,24355.1,,Cold
2016-09-11 00:00:00,Hog_lodging_Shanti,183.2081,15.6,2.0,11.1,1017.8,1.5,0,7,9,255,24355.1,,Cold
2016-09-11 01:00:00,Hog_lodging_Shanti,175.2393,14.4,0.0,10.6,1018.0,1.5,1,7,9,255,24355.1,,Cold
2016-09-11 02:00:00,Hog_lodging_Shanti,166.2079,14.4,0.0,10.0,1018.1,1.5,2,7,9,255,24355.1,,Cold
2016-09-11 03:00:00,Hog_lodging_Shanti,167.2393,14.4,4.0,10.0,1017.9,2.1,3,7,9,255,24355.1,,Cold
2016-09-11 04:00:00,Hog_lodging_Shanti,161.2705,15.0,4.0,10.0,1017.7,1.5,4,7,9,255,24355.1,,Cold
2016-09-11 05:00:00,Hog_lodging_Shanti,165.2705,14.4,4.0,10.0,1017.6,2.6,5,7,9,255,24355.1,,Cold
2016-09-11 06:00:00,Hog_lodging_Shanti,163.2395,14.4,4.0,9.4,1017.7,2.1,6,7,9,255,24355.1,,Cold
2016-09-11 07:00:00,Hog_lodging_Shanti,168.2083,15.6,4.0,10.0,1017.8,2.1,7,7,9,255,24355.1,,Cold
2016-09-11 08:00:00,Hog_lodging_Shanti,182.2392,18.3,2.0,10.0,1017.2,5.7,8,7,9,255,24355.1,,Cold
2016-09-11 09:00:00,Hog_lodging_Shanti,181.2075,19.4,2.0,10.0,1017.1,5.7,9,7,9,255,24355.1,,Cold
2016-09-11 10:00:00,Hog_lodging_Shanti,198.1763,21.7,2.0,11.1,1016.5,4.6,10,7,9,255,24355.1,,Cold
2016-09-11 11:00:00,Hog_lodging_Shanti,211.2084,22.8,2.0,10.6,1015.7,7.2,11,7,9,255,24355.1,,Cold
2016-09-11 12:00:00,Hog_lodging_Shanti,223.2086,24.4,4.0,10.6,1014.5,7.2,12,7,9,255,24355.1,,Cold
2016-09-11 13:00:00,Hog_lodging_Shanti,239.1452,25.0,4.0,10.0,1013.4,9.8,13,7,9,255,24355.1,,Cold
2016-09-11 14:00:00,Hog_lodging_Shanti,233.1142,25.6,2.0,9.4,1013.0,8.2,14,7,9,255,24355.1,,Cold
2016-09-11 15:00:00,Hog_lodging_Shanti,223.1453,26.1,2.0,10.0,1012.4,7.7,15,7,9,255,24355.1,,Cold
2016-09-11 16:00:00,Hog_lodging_Shanti,214.1455,26.1,2.0,10.6,1011.7,9.3,16,7,9,255,24355.1,,Cold
2016-09-11 17:00:00,Hog_lodging_Shanti,226.1455,26.1,2.0,11.1,1011.3,6.7,17,7,9,255,24355.1,,Cold
2016-09-11 18:00:00,Hog_lodging_Shanti,247.1453,25.0,2.0,11.1,1011.4,4.6,18,7,9,255,24355.1,,Cold
2016-09-11 19:00:00,Hog_lodging_Shanti,237.1142,23.9,4.0,11.7,1011.4,5.1,19,7,9,255,24355.1,,Cold
2016-09-11 20:00:00,Hog_lodging_Shanti,255.1452,22.2,3.0,12.2,1011.9,4.6,20,7,9,255,24355.1,,Cold
2016-09-11 21:00:00,Hog_lodging_Shanti,219.1153,20.0,2.0,12.2,1012.5,3.6,21,7,9,255,24355.1,,Cold
2016-09-11 22:00:00,Hog_lodging_Shanti,220.2387,20.6,2.0,12.2,1012.7,5.1,22,7,9,255,24355.1,,Cold
2016-09-11 23:00:00,Hog_lodging_Shanti,210.1766,20.0,2.0,12.2,1012.7,4.6,23,7,9,255,24355.1,,Cold
2016-09-12 00:00:00,Hog_lodging_Shanti,186.1774,18.3,2.0,12.2,1012.7,3.1,0,1,9,256,24355.1,,Cold
2016-09-12 01:00:00,Hog_lodging_Shanti,173.1763,18.3,2.0,11.7,1012.7,3.6,1,1,9,256,24355.1,,Cold
2016-09-12 02:00:00,Hog_lodging_Shanti,165.2077,18.3,0.0,11.7,1012.5,4.1,2,1,9,256,24355.1,,Cold
2016-09-12 03:00:00,Hog_lodging_Shanti,163.2086,17.8,0.0,11.7,1012.0,4.6,3,1,9,256,24355.1,,Cold
2016-09-12 04:00:00,Hog_lodging_Shanti,158.2387,17.8,0.0,11.7,1012.0,4.1,4,1,9,256,24355.1,,Cold
2016-09-12 05:00:00,Hog_lodging_Shanti,158.1453,17.2,0.0,11.7,1011.7,4.6,5,1,9,256,24355.1,,Cold
2016-09-12 06:00:00,Hog_lodging_Shanti,160.2084,16.7,0.0,11.7,1011.3,5.7,6,1,9,256,24355.1,,Cold
2016-09-12 07:00:00,Hog_lodging_Shanti,179.1773,16.7,2.0,11.7,1011.0,4.6,7,1,9,256,24355.1,,Cold
2016-09-12 08:00:00,Hog_lodging_Shanti,204.2073,18.9,2.0,12.2,1010.4,4.6,8,1,9,256,24355.1,,Cold
2016-09-12 09:00:00,Hog_lodging_Shanti,210.1452,21.1,2.0,12.8,1010.3,4.6,9,1,9,256,24355.1,,Cold
2016-09-12 10:00:00,Hog_lodging_Shanti,213.1462,22.8,2.0,12.8,1009.9,6.2,10,1,9,256,24355.1,,Cold
2016-09-12 11:00:00,Hog_lodging_Shanti,211.1766,24.4,2.0,13.9,1009.3,4.6,11,1,9,256,24355.1,,Cold
2016-09-12 12:00:00,Hog_lodging_Shanti,256.1772,26.1,2.0,15.0,1008.7,5.1,12,1,9,256,24355.1,,Cold
2016-09-12 13:00:00,Hog_lodging_Shanti,227.9258,27.2,4.0,15.6,1008.6,6.2,13,1,9,256,24355.1,,Cold
2016-09-12 14:00:00,Hog_lodging_Shanti,228.9277,27.2,4.8,16.1,1008.8,4.1,14,1,9,256,24355.1,,Cold
2016-09-12 15:00:00,Hog_lodging_Shanti,210.8947,25.6,5.6,16.1,1009.3,5.1,15,1,9,256,24355.1,,Cold
2016-09-12 16:00:00,Hog_lodging_Shanti,212.9588,24.4,6.4,16.1,1009.8,3.1,16,1,9,256,24355.1,,Cold
2016-09-12 17:00:00,Hog_lodging_Shanti,228.9578,23.9,6.4,16.7,1010.0999999999999,4.6,17,1,9,256,24355.1,,Cold
2016-09-12 18:00:00,Hog_lodging_Shanti,246.02,22.2,8.0,16.1,1010.4,3.1,18,1,9,256,24355.1,,Cold
2016-09-12 19:00:00,Hog_lodging_Shanti,234.0522,22.2,8.0,15.6,1011.7,4.6,19,1,9,256,24355.1,,Cold
2016-09-12 20:00:00,Hog_lodging_Shanti,232.02,21.1,8.0,15.0,1013.0,6.2,20,1,9,256,24355.1,,Cold
2016-09-12 21:00:00,Hog_lodging_Shanti,216.052,20.6,8.0,15.6,1013.6,5.1,21,1,9,256,24355.1,,Cold
2016-09-12 22:00:00,Hog_lodging_Shanti,215.052,19.4,8.0,15.6,1013.7,6.7,22,1,9,256,24355.1,,Cold
2016-09-12 23:00:00,Hog_lodging_Shanti,200.9888,18.3,8.0,13.9,1014.6,5.7,23,1,9,256,24355.1,,Cold
2016-09-13 00:00:00,Hog_lodging_Shanti,184.0207,18.3,8.0,12.2,1015.1,4.6,0,2,9,257,24355.1,,Cold
2016-09-13 01:00:00,Hog_lodging_Shanti,167.083,17.8,7.2,12.8,1016.0,3.6,1,2,9,257,24355.1,,Cold
2016-09-13 02:00:00,Hog_lodging_Shanti,158.0207,17.8,6.4,11.7,1016.4,5.1,2,2,9,257,24355.1,,Cold
2016-09-13 03:00:00,Hog_lodging_Shanti,155.0208,16.7,5.6,9.4,1016.6,7.2,3,2,9,257,24355.1,,Cold
2016-09-13 04:00:00,Hog_lodging_Shanti,154.02,15.6,5.6,10.0,1017.0,6.2,4,2,9,257,24355.1,,Cold
2016-09-13 05:00:00,Hog_lodging_Shanti,155.0208,14.4,4.0,9.4,1017.9,5.1,5,2,9,257,24355.1,,Cold
2016-09-13 06:00:00,Hog_lodging_Shanti,161.05100000000004,13.3,0.0,10.0,1018.7,3.6,6,2,9,257,24355.1,,Cold
2016-09-13 07:00:00,Hog_lodging_Shanti,179.021,13.9,2.0,10.0,1020.3,4.6,7,2,9,257,24355.1,,Cold
2016-09-13 08:00:00,Hog_lodging_Shanti,198.927,15.0,2.0,9.4,1020.6,4.6,8,2,9,257,24355.1,,Cold
2016-09-13 09:00:00,Hog_lodging_Shanti,199.0207,15.6,2.0,9.4,1020.2,5.1,9,2,9,257,24355.1,,Cold
2016-09-13 10:00:00,Hog_lodging_Shanti,214.0197,16.7,2.0,8.9,1022.4,3.6,10,2,9,257,24355.1,,Cold
2016-09-13 11:00:00,Hog_lodging_Shanti,214.0208,17.2,4.0,10.0,1022.5,5.1,11,2,9,257,24355.1,,Cold
2016-09-13 12:00:00,Hog_lodging_Shanti,228.0832,18.3,4.0,8.9,1021.3,6.7,12,2,9,257,24355.1,,Cold
2016-09-13 13:00:00,Hog_lodging_Shanti,213.9888,18.9,4.0,8.3,1021.4,4.6,13,2,9,257,24355.1,,Cold
2016-09-13 14:00:00,Hog_lodging_Shanti,231.9895,17.8,4.4,7.8,1021.4,6.2,14,2,9,257,24355.1,,Cold
2016-09-13 15:00:00,Hog_lodging_Shanti,204.9897,17.8,4.8,7.8,1021.3,6.7,15,2,9,257,24355.1,,Cold
2016-09-13 16:00:00,Hog_lodging_Shanti,209.9886,17.2,5.2,7.2,1021.6,5.1,16,2,9,257,24355.1,,Cold
2016-09-13 17:00:00,Hog_lodging_Shanti,230.9897,16.7,5.2,7.8,1022.1,4.1,17,2,9,257,24355.1,,Cold
2016-09-13 18:00:00,Hog_lodging_Shanti,244.0197,15.6,6.0,7.8,1022.6,3.1,18,2,9,257,24355.1,,Cold
2016-09-13 19:00:00,Hog_lodging_Shanti,248.021,15.6,6.0,7.8,1023.0,3.1,19,2,9,257,24355.1,,Cold
2016-09-13 20:00:00,Hog_lodging_Shanti,226.052,15.0,6.0,7.2,1023.8,3.1,20,2,9,257,24355.1,,Cold
2016-09-13 21:00:00,Hog_lodging_Shanti,210.0208,14.4,6.0,7.2,1024.4,2.6,21,2,9,257,24355.1,,Cold
2016-09-13 22:00:00,Hog_lodging_Shanti,205.0198,14.4,6.0,6.7,1024.9,2.6,22,2,9,257,24355.1,,Cold
2016-09-13 23:00:00,Hog_lodging_Shanti,193.0207,14.4,6.0,6.7,1025.3,3.6,23,2,9,257,24355.1,,Cold
2016-09-14 00:00:00,Hog_lodging_Shanti,176.9575,13.3,6.0,7.2,1025.8,3.6,0,3,9,258,24355.1,,Cold
2016-09-14 01:00:00,Hog_lodging_Shanti,160.0208,11.7,4.0,6.7,1026.3,3.6,1,3,9,258,24355.1,,Cold
2016-09-14 02:00:00,Hog_lodging_Shanti,153.0517,11.1,2.0,6.1,1026.3,3.6,2,3,9,258,24355.1,,Cold
2016-09-14 03:00:00,Hog_lodging_Shanti,153.05200000000005,10.0,2.0,5.6,1026.5,2.6,3,3,9,258,24355.1,,Cold
2016-09-14 04:00:00,Hog_lodging_Shanti,152.05200000000005,9.4,0.0,5.6,1026.4,2.1,4,3,9,258,24355.1,,Cold
2016-09-14 05:00:00,Hog_lodging_Shanti,155.0517,8.9,2.0,5.6,1026.9,2.6,5,3,9,258,24355.1,,Cold
2016-09-14 06:00:00,Hog_lodging_Shanti,162.0518,8.9,2.0,5.6,1027.0,2.1,6,3,9,258,24355.1,,Cold
2016-09-14 07:00:00,Hog_lodging_Shanti,177.9895,10.0,2.0,6.7,1027.2,2.1,7,3,9,258,24355.1,,Cold
2016-09-14 08:00:00,Hog_lodging_Shanti,206.0827,11.7,2.0,7.2,1027.5,1.5,8,3,9,258,24355.1,,Cold
2016-09-14 09:00:00,Hog_lodging_Shanti,203.9896,13.3,0.0,7.8,1027.9,2.1,9,3,9,258,24355.1,,Cold
2016-09-14 10:00:00,Hog_lodging_Shanti,217.0197,15.6,0.0,8.3,1027.4,2.6,10,3,9,258,24355.1,,Cold
2016-09-14 11:00:00,Hog_lodging_Shanti,213.9895,16.7,2.0,8.3,1026.9,2.1,11,3,9,258,24355.1,,Cold
2016-09-14 12:00:00,Hog_lodging_Shanti,228.2708,17.8,0.0,8.3,1026.4,2.6,12,3,9,258,24355.1,,Cold
2016-09-14 13:00:00,Hog_lodging_Shanti,241.4262,18.3,0.0,8.3,1025.5,2.1,13,3,9,258,24355.1,,Cold
2016-09-14 14:00:00,Hog_lodging_Shanti,237.3338,20.0,0.0,8.3,1024.6,0.0,14,3,9,258,24355.1,,Cold
2016-09-14 15:00:00,Hog_lodging_Shanti,208.2384,20.0,0.0,8.9,1024.2,0.0,15,3,9,258,24355.1,,Cold
2016-09-14 16:00:00,Hog_lodging_Shanti,219.1458,20.6,0.0,8.3,1023.6,0.0,16,3,9,258,24355.1,,Cold
2016-09-14 17:00:00,Hog_lodging_Shanti,231.1145,20.0,0.0,7.8,1023.3,2.1,17,3,9,258,24355.1,,Cold
2016-09-14 18:00:00,Hog_lodging_Shanti,237.1457,19.4,0.0,8.9,1023.0,2.1,18,3,9,258,24355.1,,Cold
2016-09-14 19:00:00,Hog_lodging_Shanti,230.2073,18.3,0.0,8.9,1022.7,4.1,19,3,9,258,24355.1,,Cold
2016-09-14 20:00:00,Hog_lodging_Shanti,230.1457,17.8,0.0,9.4,1022.9,3.6,20,3,9,258,24355.1,,Cold
2016-09-14 21:00:00,Hog_lodging_Shanti,208.177,16.7,2.0,9.4,1023.2,3.1,21,3,9,258,24355.1,,Cold
2016-09-14 22:00:00,Hog_lodging_Shanti,203.1136,15.6,2.0,10.0,1023.0,3.1,22,3,9,258,24355.1,,Cold
2016-09-14 23:00:00,Hog_lodging_Shanti,187.1457,14.4,2.0,10.0,1023.1,2.6,23,3,9,258,24355.1,,Cold
2016-09-15 00:00:00,Hog_lodging_Shanti,176.1457,14.4,4.0,10.0,1023.0,2.6,0,4,9,259,24355.1,,Cold
2016-09-15 01:00:00,Hog_lodging_Shanti,167.1146,14.4,4.0,10.0,1022.8,1.5,1,4,9,259,24355.1,,Cold
2016-09-15 02:00:00,Hog_lodging_Shanti,154.1457,13.9,2.0,9.4,1022.4,1.5,2,4,9,259,24355.1,,Cold
2016-09-15 03:00:00,Hog_lodging_Shanti,152.1447,14.4,3.5,10.6,1022.0,2.6,3,4,9,259,24355.1,,Cold
2016-09-15 04:00:00,Hog_lodging_Shanti,151.1458,15.0,5.0,10.6,1021.8,1.5,4,4,9,259,24355.1,,Cold
2016-09-15 05:00:00,Hog_lodging_Shanti,158.17700000000005,15.0,6.5,11.1,1021.4,2.1,5,4,9,259,24355.1,,Cold
2016-09-15 06:00:00,Hog_lodging_Shanti,158.17600000000004,15.0,8.0,11.1,1021.3,3.1,6,4,9,259,24355.1,,Cold
2016-09-15 07:00:00,Hog_lodging_Shanti,175.1148,15.0,8.0,11.1,1021.3,3.6,7,4,9,259,24355.1,,Cold
2016-09-15 08:00:00,Hog_lodging_Shanti,195.1144,17.2,8.0,12.2,1020.8,4.6,8,4,9,259,24355.1,,Cold
2016-09-15 09:00:00,Hog_lodging_Shanti,194.9896,20.0,8.0,13.9,1020.3,5.1,9,4,9,259,24355.1,,Cold
2016-09-15 10:00:00,Hog_lodging_Shanti,214.3017,21.7,8.0,15.0,1019.7,5.1,10,4,9,259,24355.1,,Cold
2016-09-15 11:00:00,Hog_lodging_Shanti,225.3015,22.2,8.0,15.6,1018.9,5.7,11,4,9,259,24355.1,,Cold
2016-09-15 12:00:00,Hog_lodging_Shanti,232.2708,22.8,8.0,16.1,1018.2,5.7,12,4,9,259,24355.1,,Cold
2016-09-15 13:00:00,Hog_lodging_Shanti,232.1764,23.9,8.0,16.7,1017.1,6.2,13,4,9,259,24355.1,,Cold
2016-09-15 14:00:00,Hog_lodging_Shanti,238.1138,23.9,8.0,16.1,1016.1,5.1,14,4,9,259,24355.1,,Cold
2016-09-15 15:00:00,Hog_lodging_Shanti,200.0525,23.3,8.0,16.1,1015.6,4.6,15,4,9,259,24355.1,,Cold
2016-09-15 16:00:00,Hog_lodging_Shanti,207.145,18.3,8.0,16.7,1015.8,3.6,16,4,9,259,24355.1,,Cold
2016-09-15 17:00:00,Hog_lodging_Shanti,236.1137,18.3,8.0,16.7,1015.8,4.1,17,4,9,259,24355.1,,Cold
2016-09-15 18:00:00,Hog_lodging_Shanti,237.177,17.8,8.0,16.7,1015.7,4.1,18,4,9,259,24355.1,,Cold
2016-09-15 19:00:00,Hog_lodging_Shanti,236.1458,17.8,8.0,16.7,1014.1,8.2,19,4,9,259,24355.1,,Cold
2016-09-15 20:00:00,Hog_lodging_Shanti,226.1458,18.3,8.0,16.7,1012.3,8.8,20,4,9,259,24355.1,,Cold
2016-09-15 21:00:00,Hog_lodging_Shanti,216.1767,18.3,8.0,16.7,1014.3,4.6,21,4,9,259,24355.1,,Cold
2016-09-15 22:00:00,Hog_lodging_Shanti,200.1767,17.8,8.0,16.7,1013.8,1.5,22,4,9,259,24355.1,,Cold
2016-09-15 23:00:00,Hog_lodging_Shanti,189.177,17.8,8.0,16.1,1013.3,1.5,23,4,9,259,24355.1,,Cold
2016-09-16 00:00:00,Hog_lodging_Shanti,177.1758,17.2,8.0,16.1,1013.1,2.6,0,5,9,260,24355.1,,Cold
2016-09-16 01:00:00,Hog_lodging_Shanti,164.1458,17.2,7.666666666666667,16.1,1012.4,2.1,1,5,9,260,24355.1,,Cold
2016-09-16 02:00:00,Hog_lodging_Shanti,154.1457,17.2,7.333333333333333,15.6,1012.3,3.1,2,5,9,260,24355.1,,Cold
2016-09-16 03:00:00,Hog_lodging_Shanti,154.2703,17.2,7.0,15.6,1011.5,2.6,3,5,9,260,24355.1,,Cold
2016-09-16 04:00:00,Hog_lodging_Shanti,153.2072,17.8,7.0,15.6,1011.9,2.1,4,5,9,260,24355.1,,Cold
2016-09-16 05:00:00,Hog_lodging_Shanti,154.27100000000004,17.8,7.0,15.6,1011.6,2.1,5,5,9,260,24355.1,,Cold
2016-09-16 06:00:00,Hog_lodging_Shanti,164.208,17.2,6.0,15.6,1011.2,2.1,6,5,9,260,24355.1,,Cold
2016-09-16 07:00:00,Hog_lodging_Shanti,175.17700000000005,17.8,6.333333333333333,15.0,1011.9,3.1,7,5,9,260,24355.1,,Cold
2016-09-16 08:00:00,Hog_lodging_Shanti,202.177,17.8,6.666666666666667,15.0,1012.1,2.6,8,5,9,260,24355.1,,Cold
2016-09-16 09:00:00,Hog_lodging_Shanti,210.208,18.9,7.0,15.0,1012.4,3.6,9,5,9,260,24355.1,,Cold
2016-09-16 10:00:00,Hog_lodging_Shanti,234.677,18.9,7.0,15.6,1012.2,3.1,10,5,9,260,24355.1,,Cold
2016-09-16 11:00:00,Hog_lodging_Shanti,317.583,20.6,7.0,15.6,1011.4,3.6,11,5,9,260,24355.1,,Cold
2016-09-16 12:00:00,Hog_lodging_Shanti,340.332,21.7,8.0,16.1,1010.8,3.1,12,5,9,260,24355.1,,Cold
2016-09-16 13:00:00,Hog_lodging_Shanti,344.49,22.2,6.0,15.6,1010.7,4.1,13,5,9,260,24355.1,,Cold
2016-09-16 14:00:00,Hog_lodging_Shanti,343.052,23.3,4.0,15.0,1010.2,4.1,14,5,9,260,24355.1,,Cold
2016-09-16 15:00:00,Hog_lodging_Shanti,322.3640000000001,24.4,2.0,15.0,1009.5,4.6,15,5,9,260,24355.1,,Cold
2016-09-16 16:00:00,Hog_lodging_Shanti,282.927,23.9,4.0,16.1,1009.0,4.6,16,5,9,260,24355.1,,Cold
2016-09-16 17:00:00,Hog_lodging_Shanti,229.145,23.9,4.0,16.1,1008.8,4.6,17,5,9,260,24355.1,,Cold
2016-09-16 18:00:00,Hog_lodging_Shanti,228.208,23.3,4.0,16.1,1008.6,3.6,18,5,9,260,24355.1,,Cold
2016-09-16 19:00:00,Hog_lodging_Shanti,234.177,22.8,4.333333333333333,16.1,1008.5,2.1,19,5,9,260,24355.1,,Cold
2016-09-16 20:00:00,Hog_lodging_Shanti,212.208,20.6,4.666666666666667,16.1,1009.2,4.1,20,5,9,260,24355.1,,Cold
2016-09-16 21:00:00,Hog_lodging_Shanti,194.177,20.6,5.0,14.4,1009.8,4.6,21,5,9,260,24355.1,,Cold
2016-09-16 22:00:00,Hog_lodging_Shanti,185.207,19.4,5.0,13.9,1010.1,2.6,22,5,9,260,24355.1,,Cold
2016-09-16 23:00:00,Hog_lodging_Shanti,178.208,18.9,5.0,13.9,1010.0,2.1,23,5,9,260,24355.1,,Cold
2016-09-17 00:00:00,Hog_lodging_Shanti,179.271,18.3,6.0,13.9,1009.7,2.1,0,6,9,261,24355.1,,Cold
2016-09-17 01:00:00,Hog_lodging_Shanti,163.17700000000005,17.8,4.0,13.9,1009.9,1.5,1,6,9,261,24355.1,,Cold
2016-09-17 02:00:00,Hog_lodging_Shanti,158.17700000000005,17.2,3.3333333333333335,13.9,1009.7,3.1,2,6,9,261,24355.1,,Cold
2016-09-17 03:00:00,Hog_lodging_Shanti,161.208,16.7,2.666666666666667,13.3,1009.7,3.1,3,6,9,261,24355.1,,Cold
2016-09-17 04:00:00,Hog_lodging_Shanti,150.208,15.6,2.0,13.3,1009.8,2.6,4,6,9,261,24355.1,,Cold
2016-09-17 05:00:00,Hog_lodging_Shanti,155.208,15.0,2.0,13.3,1009.9,3.1,5,6,9,261,24355.1,,Cold
2016-09-17 06:00:00,Hog_lodging_Shanti,151.207,15.0,8.0,13.3,1010.4,3.1,6,6,9,261,24355.1,,Cold
2016-09-17 07:00:00,Hog_lodging_Shanti,158.24,15.6,8.0,13.3,1011.1,2.6,7,6,9,261,24355.1,,Cold
2016-09-17 08:00:00,Hog_lodging_Shanti,170.208,15.0,8.0,13.3,1011.8,3.6,8,6,9,261,24355.1,,Cold
2016-09-17 09:00:00,Hog_lodging_Shanti,180.24,16.1,8.0,13.9,1012.2,4.1,9,6,9,261,24355.1,,Cold
2016-09-17 10:00:00,Hog_lodging_Shanti,212.176,17.2,8.0,13.3,1012.2,4.6,10,6,9,261,24355.1,,Cold
2016-09-17 11:00:00,Hog_lodging_Shanti,218.208,18.3,8.0,13.3,1012.4,4.1,11,6,9,261,24355.1,,Cold
2016-09-17 12:00:00,Hog_lodging_Shanti,223.176,18.9,8.0,13.3,1012.4,4.1,12,6,9,261,24355.1,,Cold
2016-09-17 13:00:00,Hog_lodging_Shanti,230.208,20.6,7.0,13.9,1012.1,5.1,13,6,9,261,24355.1,,Cold
2016-09-17 14:00:00,Hog_lodging_Shanti,235.147,20.6,6.0,12.8,1012.0,5.7,14,6,9,261,24355.1,,Cold
2016-09-17 15:00:00,Hog_lodging_Shanti,218.145,22.2,5.0,12.2,1011.5,4.6,15,6,9,261,24355.1,,Cold
2016-09-17 16:00:00,Hog_lodging_Shanti,206.145,22.2,4.0,10.0,1011.5,5.7,16,6,9,261,24355.1,,Cold
2016-09-17 17:00:00,Hog_lodging_Shanti,219.115,21.7,2.0,8.9,1011.3,5.1,17,6,9,261,24355.1,,Cold
2016-09-17 18:00:00,Hog_lodging_Shanti,221.176,20.0,0.0,9.4,1011.7,2.1,18,6,9,261,24355.1,,Cold
2016-09-17 19:00:00,Hog_lodging_Shanti,231.146,18.9,0.0,10.0,1011.9,0.0,19,6,9,261,24355.1,,Cold
2016-09-17 20:00:00,Hog_lodging_Shanti,213.145,18.9,0.0,9.4,1012.2,1.5,20,6,9,261,24355.1,,Cold
2016-09-17 21:00:00,Hog_lodging_Shanti,190.146,16.1,0.0,10.6,1012.3,0.0,21,6,9,261,24355.1,,Cold
2016-09-17 22:00:00,Hog_lodging_Shanti,186.208,16.7,0.0,10.0,1012.6,1.5,22,6,9,261,24355.1,,Cold
2016-09-17 23:00:00,Hog_lodging_Shanti,175.208,15.6,0.0,11.7,1012.8,2.1,23,6,9,261,24355.1,,Cold
2016-09-18 00:00:00,Hog_lodging_Shanti,174.17700000000005,15.0,0.0,11.7,1012.5,2.1,0,7,9,262,24355.1,,Cold
2016-09-18 01:00:00,Hog_lodging_Shanti,172.207,15.0,0.0,11.7,1012.3,2.1,1,7,9,262,24355.1,,Cold
2016-09-18 02:00:00,Hog_lodging_Shanti,161.239,14.4,0.0,11.1,1012.2,1.5,2,7,9,262,24355.1,,Cold
2016-09-18 03:00:00,Hog_lodging_Shanti,164.24,12.8,0.0,11.1,1011.8,2.1,3,7,9,262,24355.1,,Cold
2016-09-18 04:00:00,Hog_lodging_Shanti,156.208,12.8,0.0,11.1,1011.4,2.6,4,7,9,262,24355.1,,Cold
2016-09-18 05:00:00,Hog_lodging_Shanti,158.208,12.8,2.0,11.1,1010.9,2.1,5,7,9,262,24355.1,,Cold
2016-09-18 06:00:00,Hog_lodging_Shanti,152.24,13.3,2.0,11.1,1010.7,2.6,6,7,9,262,24355.1,,Cold
2016-09-18 07:00:00,Hog_lodging_Shanti,168.238,13.9,2.0,11.7,1010.8,2.6,7,7,9,262,24355.1,,Cold
2016-09-18 08:00:00,Hog_lodging_Shanti,177.209,16.7,2.0,12.2,1010.4,2.6,8,7,9,262,24355.1,,Cold
2016-09-18 09:00:00,Hog_lodging_Shanti,177.239,19.4,2.0,13.9,1010.4,2.6,9,7,9,262,24355.1,,Cold
2016-09-18 10:00:00,Hog_lodging_Shanti,196.207,22.2,4.0,14.4,1010.0,3.6,10,7,9,262,24355.1,,Cold
2016-09-18 11:00:00,Hog_lodging_Shanti,206.177,23.9,4.0,13.9,1009.4,5.1,11,7,9,262,24355.1,,Cold
2016-09-18 12:00:00,Hog_lodging_Shanti,222.177,25.6,6.0,14.4,1008.9,6.2,12,7,9,262,24355.1,,Cold
2016-09-18 13:00:00,Hog_lodging_Shanti,235.115,27.2,6.333333333333333,13.3,1008.3,5.1,13,7,9,262,24355.1,,Cold
2016-09-18 14:00:00,Hog_lodging_Shanti,236.082,28.3,6.666666666666667,13.3,1007.2,6.7,14,7,9,262,24355.1,,Cold
2016-09-18 15:00:00,Hog_lodging_Shanti,223.115,28.3,7.0,12.8,1007.0,6.7,15,7,9,262,24355.1,,Cold
2016-09-18 16:00:00,Hog_lodging_Shanti,215.114,27.8,7.0,13.3,1006.8,4.1,16,7,9,262,24355.1,,Cold
2016-09-18 17:00:00,Hog_lodging_Shanti,228.051,27.2,7.0,12.8,1007.0,3.6,17,7,9,262,24355.1,,Cold
2016-09-18 18:00:00,Hog_lodging_Shanti,241.084,26.1,8.0,12.8,1007.0,3.6,18,7,9,262,24355.1,,Cold
2016-09-18 19:00:00,Hog_lodging_Shanti,238.146,25.0,6.8,13.9,1007.2,2.6,19,7,9,262,24355.1,,Cold
2016-09-18 20:00:00,Hog_lodging_Shanti,245.113,25.0,5.6,14.4,1007.8,4.1,20,7,9,262,24355.1,,Cold
2016-09-18 21:00:00,Hog_lodging_Shanti,221.115,25.0,4.4,15.0,1007.8,3.6,21,7,9,262,24355.1,,Cold
2016-09-18 22:00:00,Hog_lodging_Shanti,212.177,24.4,4.4,14.4,1007.8,6.2,22,7,9,262,24355.1,,Cold
2016-09-18 23:00:00,Hog_lodging_Shanti,201.176,23.3,2.0,14.4,1008.2,5.1,23,7,9,262,24355.1,,Cold
2016-09-19 00:00:00,Hog_lodging_Shanti,193.114,23.3,2.0,14.4,1008.3,6.2,0,1,9,263,24355.1,,Cold
2016-09-19 01:00:00,Hog_lodging_Shanti,175.146,22.2,4.0,14.4,1008.5,5.7,1,1,9,263,24355.1,,Cold
2016-09-19 02:00:00,Hog_lodging_Shanti,160.17700000000005,21.1,4.0,15.0,1008.7,4.1,2,1,9,263,24355.1,,Cold
2016-09-19 03:00:00,Hog_lodging_Shanti,155.17700000000005,20.6,4.0,15.0,1008.8,5.1,3,1,9,263,24355.1,,Cold
2016-09-19 04:00:00,Hog_lodging_Shanti,154.17600000000004,19.4,4.0,15.6,1009.5,3.1,4,1,9,263,24355.1,,Cold
2016-09-19 05:00:00,Hog_lodging_Shanti,159.17700000000005,18.9,5.0,15.6,1010.3,3.1,5,1,9,263,24355.1,,Cold
2016-09-19 06:00:00,Hog_lodging_Shanti,161.208,18.9,6.0,15.0,1011.5,2.1,6,1,9,263,24355.1,,Cold
2016-09-19 07:00:00,Hog_lodging_Shanti,181.176,18.3,5.666666666666667,15.0,1012.6,3.1,7,1,9,263,24355.1,,Cold
2016-09-19 08:00:00,Hog_lodging_Shanti,207.146,20.0,5.333333333333333,10.6,1013.5,5.7,8,1,9,263,24355.1,,Cold
2016-09-19 09:00:00,Hog_lodging_Shanti,208.115,20.0,5.0,11.1,1014.0,0.0,9,1,9,263,24355.1,,Cold
2016-09-19 10:00:00,Hog_lodging_Shanti,222.114,18.9,5.0,11.7,1013.6,3.6,10,1,9,263,24355.1,,Cold
2016-09-19 11:00:00,Hog_lodging_Shanti,225.146,20.6,5.0,11.7,1014.0,0.0,11,1,9,263,24355.1,,Cold
2016-09-19 12:00:00,Hog_lodging_Shanti,229.175,21.1,4.0,12.2,1014.5,1.5,12,1,9,263,24355.1,,Cold
2016-09-19 13:00:00,Hog_lodging_Shanti,229.147,23.3,2.0,11.7,1014.5,3.6,13,1,9,263,24355.1,,Cold
2016-09-19 14:00:00,Hog_lodging_Shanti,230.145,24.4,2.0,10.6,1014.2,4.1,14,1,9,263,24355.1,,Cold
2016-09-19 15:00:00,Hog_lodging_Shanti,208.115,25.0,2.0,10.6,1014.3,3.6,15,1,9,263,24355.1,,Cold
2016-09-19 16:00:00,Hog_lodging_Shanti,212.145,25.6,2.0,10.0,1014.3,3.1,16,1,9,263,24355.1,,Cold
2016-09-19 17:00:00,Hog_lodging_Shanti,221.145,25.6,0.0,10.6,1014.6,2.6,17,1,9,263,24355.1,,Cold
2016-09-19 18:00:00,Hog_lodging_Shanti,241.114,22.8,0.0,8.9,1014.9,2.6,18,1,9,263,24355.1,,Cold
2016-09-19 19:00:00,Hog_lodging_Shanti,234.146,22.2,0.0,8.9,1015.1,2.6,19,1,9,263,24355.1,,Cold
2016-09-19 20:00:00,Hog_lodging_Shanti,228.145,21.7,0.0,10.0,1015.8,1.5,20,1,9,263,24355.1,,Cold
2016-09-19 21:00:00,Hog_lodging_Shanti,217.178,20.0,0.0,10.6,1016.3,0.0,21,1,9,263,24355.1,,Cold
2016-09-19 22:00:00,Hog_lodging_Shanti,214.176,17.2,0.0,12.2,1017.3,0.0,22,1,9,263,24355.1,,Cold
2016-09-19 23:00:00,Hog_lodging_Shanti,201.114,17.2,0.0,11.7,1017.6,0.0,23,1,9,263,24355.1,,Cold
2016-09-20 00:00:00,Hog_lodging_Shanti,184.208,16.7,0.0,12.2,1017.8,0.0,0,2,9,264,24355.1,,Cold
2016-09-20 01:00:00,Hog_lodging_Shanti,166.208,15.6,0.0,12.8,1017.9,0.0,1,2,9,264,24355.1,,Cold
2016-09-20 02:00:00,Hog_lodging_Shanti,156.239,14.4,0.0,11.7,1018.1,2.1,2,2,9,264,24355.1,,Cold
2016-09-20 03:00:00,Hog_lodging_Shanti,156.208,14.4,0.0,11.1,1018.3,2.1,3,2,9,264,24355.1,,Cold
2016-09-20 04:00:00,Hog_lodging_Shanti,152.24,14.4,0.0,10.6,1018.4,0.0,4,2,9,264,24355.1,,Cold
2016-09-20 05:00:00,Hog_lodging_Shanti,156.208,15.6,0.0,10.0,1018.9,0.0,5,2,9,264,24355.1,,Cold
2016-09-20 06:00:00,Hog_lodging_Shanti,160.239,15.0,2.0,9.4,1019.2,1.5,6,2,9,264,24355.1,,Cold
2016-09-20 07:00:00,Hog_lodging_Shanti,179.17700000000005,15.6,2.6666666666666665,11.1,1019.3,1.5,7,2,9,264,24355.1,,Cold
2016-09-20 08:00:00,Hog_lodging_Shanti,204.145,16.1,3.333333333333333,11.1,1019.7,1.5,8,2,9,264,24355.1,,Cold
2016-09-20 09:00:00,Hog_lodging_Shanti,197.146,17.8,4.0,12.2,1019.7,1.5,9,2,9,264,24355.1,,Cold
2016-09-20 10:00:00,Hog_lodging_Shanti,219.114,20.0,4.0,13.3,1019.8,1.5,10,2,9,264,24355.1,,Cold
2016-09-20 11:00:00,Hog_lodging_Shanti,230.333,22.2,4.0,13.9,1020.3,1.5,11,2,9,264,24355.1,,Cold
2016-09-20 12:00:00,Hog_lodging_Shanti,337.365,22.2,6.0,13.9,1020.2,1.5,12,2,9,264,24355.1,,Cold
2016-09-20 13:00:00,Hog_lodging_Shanti,359.926,24.4,4.0,15.0,1019.2,0.0,13,2,9,264,24355.1,,Cold
2016-09-20 14:00:00,Hog_lodging_Shanti,385.114,25.0,4.0,13.9,1018.4,2.1,14,2,9,264,24355.1,,Cold
2016-09-20 15:00:00,Hog_lodging_Shanti,376.989,25.6,4.0,14.4,1017.6,4.1,15,2,9,264,24355.1,,Cold
2016-09-20 16:00:00,Hog_lodging_Shanti,334.334,25.6,4.0,13.9,1016.7,5.7,16,2,9,264,24355.1,,Cold
2016-09-20 17:00:00,Hog_lodging_Shanti,379.332,25.0,5.0,14.4,1016.2,4.6,17,2,9,264,24355.1,,Cold
2016-09-20 18:00:00,Hog_lodging_Shanti,374.177,24.4,6.0,13.9,1016.3,3.6,18,2,9,264,24355.1,,Cold
2016-09-20 19:00:00,Hog_lodging_Shanti,372.301,23.3,6.0,14.4,1016.7,4.1,19,2,9,264,24355.1,,Cold
2016-09-20 20:00:00,Hog_lodging_Shanti,368.865,22.8,6.0,13.3,1017.1,4.1,20,2,9,264,24355.1,,Cold
2016-09-20 21:00:00,Hog_lodging_Shanti,349.301,22.8,6.0,13.3,1016.4,6.2,21,2,9,264,24355.1,,Cold
2016-09-20 22:00:00,Hog_lodging_Shanti,329.177,22.2,6.0,13.3,1015.6,5.7,22,2,9,264,24355.1,,Cold
2016-09-20 23:00:00,Hog_lodging_Shanti,321.177,20.0,6.0,15.6,1015.55,5.1,23,2,9,264,24355.1,,Cold
2016-09-21 00:00:00,Hog_lodging_Shanti,296.802,18.9,6.0,16.1,1015.5,1.5,0,3,9,265,24355.1,,Cold
2016-09-21 01:00:00,Hog_lodging_Shanti,280.302,18.9,6.0,16.1,1015.4,2.1,1,3,9,265,24355.1,,Cold
2016-09-21 02:00:00,Hog_lodging_Shanti,261.926,18.9,6.0,16.1,1015.4,3.1,2,3,9,265,24355.1,,Cold
2016-09-21 03:00:00,Hog_lodging_Shanti,256.116,18.9,6.0,16.1,1015.6,3.1,3,3,9,265,24355.1,,Cold
2016-09-21 04:00:00,Hog_lodging_Shanti,255.05,18.9,6.0,16.1,1015.6,2.6,4,3,9,265,24355.1,,Cold
2016-09-21 05:00:00,Hog_lodging_Shanti,254.428,18.3,6.0,16.1,1015.8,3.1,5,3,9,265,24355.1,,Cold
2016-09-21 06:00:00,Hog_lodging_Shanti,286.7390000000001,18.3,6.0,15.6,1015.7,3.6,6,3,9,265,24355.1,,Cold
2016-09-21 07:00:00,Hog_lodging_Shanti,359.646,18.9,6.333333333333333,15.6,1016.4,4.1,7,3,9,265,24355.1,,Cold
2016-09-21 08:00:00,Hog_lodging_Shanti,396.52,18.3,6.666666666666667,15.6,1016.9,5.1,8,3,9,265,24355.1,,Cold
2016-09-21 09:00:00,Hog_lodging_Shanti,357.11400000000015,18.9,7.0,15.6,1017.0,5.1,9,3,9,265,24355.1,,Cold
2016-09-21 10:00:00,Hog_lodging_Shanti,365.864,18.3,7.0,16.1,1017.0,5.1,10,3,9,265,24355.1,,Cold
2016-09-21 11:00:00,Hog_lodging_Shanti,389.208,18.9,7.0,16.7,1017.0,4.6,11,3,9,265,24355.1,,Cold
2016-09-21 12:00:00,Hog_lodging_Shanti,396.896,19.4,8.0,16.7,1016.6,5.1,12,3,9,265,24355.1,,Cold
2016-09-21 13:00:00,Hog_lodging_Shanti,409.86300000000006,21.1,8.0,17.2,1015.8,6.7,13,3,9,265,24355.1,,Cold
2016-09-21 14:00:00,Hog_lodging_Shanti,409.30300000000005,21.1,8.0,17.2,1015.4,5.1,14,3,9,265,24355.1,,Cold
2016-09-21 15:00:00,Hog_lodging_Shanti,436.677,21.1,8.0,17.8,1014.7,5.7,15,3,9,265,24355.1,,Cold
2016-09-21 16:00:00,Hog_lodging_Shanti,419.364,21.1,8.0,17.2,1014.0,6.2,16,3,9,265,24355.1,,Cold
2016-09-21 17:00:00,Hog_lodging_Shanti,410.521,20.0,8.0,16.7,1013.7,5.1,17,3,9,265,24355.1,,Cold
2016-09-21 18:00:00,Hog_lodging_Shanti,396.27,20.0,8.0,16.7,1013.4,7.7,18,3,9,265,24355.1,,Cold
2016-09-21 19:00:00,Hog_lodging_Shanti,381.177,21.1,8.0,16.7,1013.7,9.8,19,3,9,265,24355.1,,Cold
2016-09-21 20:00:00,Hog_lodging_Shanti,370.332,18.9,8.0,17.8,1013.95,2.6,20,3,9,265,24355.1,,Cold
2016-09-21 21:00:00,Hog_lodging_Shanti,356.209,18.9,8.0,17.2,1014.2,10.3,21,3,9,265,24355.1,,Cold
2016-09-21 22:00:00,Hog_lodging_Shanti,345.11400000000015,20.0,8.0,17.8,1014.6,4.6,22,3,9,265,24355.1,,Cold
2016-09-21 23:00:00,Hog_lodging_Shanti,324.052,19.4,8.0,17.8,1015.4,5.1,23,3,9,265,24355.1,,Cold
2016-09-22 00:00:00,Hog_lodging_Shanti,308.1140000000001,18.9,8.0,17.2,1015.0,8.8,0,4,9,266,24355.1,,Cold
2016-09-22 01:00:00,Hog_lodging_Shanti,284.27,18.9,8.0,17.2,1014.5,7.2,1,4,9,266,24355.1,,Cold
2016-09-22 02:00:00,Hog_lodging_Shanti,272.396,18.9,8.0,16.7,1014.4,6.2,2,4,9,266,24355.1,,Cold
2016-09-22 03:00:00,Hog_lodging_Shanti,264.177,18.9,8.0,16.7,1014.1,6.2,3,4,9,266,24355.1,,Cold
2016-09-22 04:00:00,Hog_lodging_Shanti,263.457,18.3,8.0,16.7,1014.7,3.1,4,4,9,266,24355.1,,Cold
2016-09-22 05:00:00,Hog_lodging_Shanti,262.896,18.3,8.0,16.7,1014.0,4.6,5,4,9,266,24355.1,,Cold
2016-09-22 06:00:00,Hog_lodging_Shanti,301.8640000000001,18.9,8.0,16.7,1016.4,2.6,6,4,9,266,24355.1,,Cold
2016-09-22 07:00:00,Hog_lodging_Shanti,361.302,18.9,8.0,16.7,1016.6,2.6,7,4,9,266,24355.1,,Cold
2016-09-22 08:00:00,Hog_lodging_Shanti,423.895,18.9,8.0,17.2,1017.0,1.5,8,4,9,266,24355.1,,Cold
2016-09-22 09:00:00,Hog_lodging_Shanti,425.583,18.9,8.0,16.7,1017.2,2.1,9,4,9,266,24355.1,,Cold
2016-09-22 10:00:00,Hog_lodging_Shanti,458.896,19.4,8.0,17.2,1017.4,3.1,10,4,9,266,24355.1,,Cold
2016-09-22 11:00:00,Hog_lodging_Shanti,464.271,20.0,8.0,17.2,1016.6,4.6,11,4,9,266,24355.1,,Cold
2016-09-22 12:00:00,Hog_lodging_Shanti,475.364,21.1,8.0,17.2,1016.3,5.1,12,4,9,266,24355.1,,Cold
2016-09-22 13:00:00,Hog_lodging_Shanti,481.958,21.7,8.0,16.7,1016.3,5.1,13,4,9,266,24355.1,,Cold
2016-09-22 14:00:00,Hog_lodging_Shanti,487.051,21.1,8.0,16.7,1016.5,5.1,14,4,9,266,24355.1,,Cold
2016-09-22 15:00:00,Hog_lodging_Shanti,464.99,21.1,8.0,16.7,1016.9,6.2,15,4,9,266,24355.1,,Cold
2016-09-22 16:00:00,Hog_lodging_Shanti,374.48800000000006,20.0,8.0,16.1,1017.2,5.1,16,4,9,266,24355.1,,Cold
2016-09-22 17:00:00,Hog_lodging_Shanti,378.146,18.9,8.0,15.6,1017.7,5.1,17,4,9,266,24355.1,,Cold
2016-09-22 18:00:00,Hog_lodging_Shanti,471.834,17.8,8.0,15.0,1017.9,6.7,18,4,9,266,24355.1,,Cold
2016-09-22 19:00:00,Hog_lodging_Shanti,468.239,17.2,7.333333333333333,14.4,1018.2,4.1,19,4,9,266,24355.1,,Cold
2016-09-22 20:00:00,Hog_lodging_Shanti,447.395,17.2,6.666666666666667,13.9,1019.0,4.6,20,4,9,266,24355.1,,Cold
2016-09-22 21:00:00,Hog_lodging_Shanti,412.115,17.2,6.0,13.9,1018.9,4.1,21,4,9,266,24355.1,,Cold
2016-09-22 22:00:00,Hog_lodging_Shanti,376.27,17.2,6.0,13.9,1019.1,4.6,22,4,9,266,24355.1,,Cold
2016-09-22 23:00:00,Hog_lodging_Shanti,320.833,16.7,6.0,13.3,1018.6,4.1,23,4,9,266,24355.1,,Cold
2016-09-23 00:00:00,Hog_lodging_Shanti,303.302,16.1,4.0,13.3,1018.6,4.6,0,5,9,267,24355.1,,Cold
2016-09-23 01:00:00,Hog_lodging_Shanti,277.615,16.1,4.666666666666667,13.3,1019.3,2.6,1,5,9,267,24355.1,,Cold
2016-09-23 02:00:00,Hog_lodging_Shanti,254.145,15.6,5.333333333333333,13.3,1019.4,3.6,2,5,9,267,24355.1,,Cold
2016-09-23 03:00:00,Hog_lodging_Shanti,246.926,15.6,6.0,13.3,1019.2,3.6,3,5,9,267,24355.1,,Cold
2016-09-23 04:00:00,Hog_lodging_Shanti,242.583,15.6,6.0,13.3,1019.7,3.6,4,5,9,267,24355.1,,Cold
2016-09-23 05:00:00,Hog_lodging_Shanti,243.146,15.6,6.0,13.3,1019.5,5.1,5,5,9,267,24355.1,,Cold
2016-09-23 06:00:00,Hog_lodging_Shanti,266.457,15.6,8.0,13.9,1020.2,5.1,6,5,9,267,24355.1,,Cold
2016-09-23 07:00:00,Hog_lodging_Shanti,303.927,16.1,7.0,13.9,1020.4,5.7,7,5,9,267,24355.1,,Cold
2016-09-23 08:00:00,Hog_lodging_Shanti,387.802,16.7,6.0,13.9,1021.1,4.6,8,5,9,267,24355.1,,Cold
2016-09-23 09:00:00,Hog_lodging_Shanti,517.4590000000002,17.8,5.0,13.9,1020.2,6.7,9,5,9,267,24355.1,,Cold
2016-09-23 10:00:00,Hog_lodging_Shanti,494.551,20.0,4.0,15.0,1019.9,5.7,10,5,9,267,24355.1,,Cold
2016-09-23 11:00:00,Hog_lodging_Shanti,469.021,21.1,6.0,15.0,1019.5,6.2,11,5,9,267,24355.1,,Cold
2016-09-23 12:00:00,Hog_lodging_Shanti,495.551,21.1,8.0,15.0,1019.5,5.7,12,5,9,267,24355.1,,Cold
2016-09-23 13:00:00,Hog_lodging_Shanti,497.052,20.6,8.0,15.6,1019.7,4.6,13,5,9,267,24355.1,,Cold
2016-09-23 14:00:00,Hog_lodging_Shanti,490.302,20.0,8.0,15.6,1019.9,3.1,14,5,9,267,24355.1,,Cold
2016-09-23 15:00:00,Hog_lodging_Shanti,461.333,18.3,8.0,16.1,1018.9,5.1,15,5,9,267,24355.1,,Cold
2016-09-23 16:00:00,Hog_lodging_Shanti,451.176,18.3,8.0,16.1,1018.8,5.1,16,5,9,267,24355.1,,Cold
2016-09-23 17:00:00,Hog_lodging_Shanti,474.896,17.8,8.0,16.1,1018.8499999999999,5.1,17,5,9,267,24355.1,,Cold
2016-09-23 18:00:00,Hog_lodging_Shanti,457.646,17.8,8.0,15.6,1018.9,6.7,18,5,9,267,24355.1,,Cold
2016-09-23 19:00:00,Hog_lodging_Shanti,430.332,17.8,8.0,15.6,1018.4,5.7,19,5,9,267,24355.1,,Cold
2016-09-23 20:00:00,Hog_lodging_Shanti,419.021,17.8,8.0,15.6,1018.5,5.7,20,5,9,267,24355.1,,Cold
2016-09-23 21:00:00,Hog_lodging_Shanti,396.802,18.3,8.0,15.6,1018.6,4.1,21,5,9,267,24355.1,,Cold
2016-09-23 22:00:00,Hog_lodging_Shanti,370.865,18.3,8.0,15.6,1018.3,5.1,22,5,9,267,24355.1,,Cold
2016-09-23 23:00:00,Hog_lodging_Shanti,347.301,18.3,8.0,15.6,1018.2,6.2,23,5,9,267,24355.1,,Cold
2016-09-24 00:00:00,Hog_lodging_Shanti,337.1140000000001,18.3,8.0,15.6,1018.4,6.7,0,6,9,268,24355.1,,Cold
2016-09-24 01:00:00,Hog_lodging_Shanti,334.395,18.3,8.0,15.6,1018.7,5.7,1,6,9,268,24355.1,,Cold
2016-09-24 02:00:00,Hog_lodging_Shanti,323.021,18.3,8.0,15.6,1018.9,4.6,2,6,9,268,24355.1,,Cold
2016-09-24 03:00:00,Hog_lodging_Shanti,317.6140000000001,18.3,8.0,16.1,1019.1,4.1,3,6,9,268,24355.1,,Cold
2016-09-24 04:00:00,Hog_lodging_Shanti,312.7390000000001,18.3,8.0,15.6,1019.0,5.1,4,6,9,268,24355.1,,Cold
2016-09-24 05:00:00,Hog_lodging_Shanti,317.021,17.8,8.0,15.6,1019.0,4.6,5,6,9,268,24355.1,,Cold
2016-09-24 06:00:00,Hog_lodging_Shanti,324.2390000000001,17.8,8.0,15.6,1019.2,5.1,6,6,9,268,24355.1,,Cold
2016-09-24 07:00:00,Hog_lodging_Shanti,346.86400000000015,17.8,8.0,15.6,1019.2,5.7,7,6,9,268,24355.1,,Cold
2016-09-24 08:00:00,Hog_lodging_Shanti,376.021,17.2,8.0,15.6,1019.1,5.7,8,6,9,268,24355.1,,Cold
2016-09-24 09:00:00,Hog_lodging_Shanti,413.177,17.8,8.0,16.1,1018.9,6.2,9,6,9,268,24355.1,,Cold
2016-09-24 10:00:00,Hog_lodging_Shanti,421.614,18.3,8.0,16.1,1018.7,6.7,10,6,9,268,24355.1,,Cold
2016-09-24 11:00:00,Hog_lodging_Shanti,492.614,19.4,8.0,16.7,1018.4,6.7,11,6,9,268,24355.1,,Cold
2016-09-24 12:00:00,Hog_lodging_Shanti,439.459,20.0,8.0,17.2,1018.1,5.7,12,6,9,268,24355.1,,Cold
2016-09-24 13:00:00,Hog_lodging_Shanti,441.364,21.1,8.0,17.2,1016.9,6.7,13,6,9,268,24355.1,,Cold
2016-09-24 14:00:00,Hog_lodging_Shanti,455.73800000000006,21.7,8.0,17.8,1016.2,7.7,14,6,9,268,24355.1,,Cold
2016-09-24 15:00:00,Hog_lodging_Shanti,439.865,21.7,8.0,17.8,1015.5,8.8,15,6,9,268,24355.1,,Cold
2016-09-24 16:00:00,Hog_lodging_Shanti,428.427,21.7,8.0,17.2,1015.7,8.2,16,6,9,268,24355.1,,Cold
2016-09-24 17:00:00,Hog_lodging_Shanti,442.957,20.6,8.0,17.2,1016.05,7.7,17,6,9,268,24355.1,,Cold
2016-09-24 18:00:00,Hog_lodging_Shanti,421.92800000000005,20.0,8.0,17.2,1016.4,5.1,18,6,9,268,24355.1,,Cold
2016-09-24 19:00:00,Hog_lodging_Shanti,418.614,20.0,8.0,16.7,1016.0,7.2,19,6,9,268,24355.1,,Cold
2016-09-24 20:00:00,Hog_lodging_Shanti,407.177,20.0,8.0,16.7,1015.4,6.7,20,6,9,268,24355.1,,Cold
2016-09-24 21:00:00,Hog_lodging_Shanti,397.832,20.0,8.0,16.7,1014.9,7.2,21,6,9,268,24355.1,,Cold
2016-09-24 22:00:00,Hog_lodging_Shanti,370.646,20.0,8.0,17.2,1014.6,8.2,22,6,9,268,24355.1,,Cold
2016-09-24 23:00:00,Hog_lodging_Shanti,365.896,20.0,8.0,17.2,1015.1,5.7,23,6,9,268,24355.1,,Cold
2016-09-25 00:00:00,Hog_lodging_Shanti,346.801,20.0,8.0,17.8,1014.0,5.1,0,7,9,269,24355.1,,Cold
2016-09-25 01:00:00,Hog_lodging_Shanti,340.458,20.0,8.0,17.8,1014.1,3.6,1,7,9,269,24355.1,,Cold
2016-09-25 02:00:00,Hog_lodging_Shanti,326.833,20.0,8.0,18.3,1013.3,5.1,2,7,9,269,24355.1,,Cold
2016-09-25 03:00:00,Hog_lodging_Shanti,326.427,20.0,8.0,18.3,1012.6,5.1,3,7,9,269,24355.1,,Cold
2016-09-25 04:00:00,Hog_lodging_Shanti,322.146,20.0,8.0,18.3,1012.2,4.1,4,7,9,269,24355.1,,Cold
2016-09-25 05:00:00,Hog_lodging_Shanti,325.395,20.0,8.0,18.9,1011.8,3.6,5,7,9,269,24355.1,,Cold
2016-09-25 06:00:00,Hog_lodging_Shanti,323.8640000000001,20.6,8.0,18.9,1011.2,6.2,6,7,9,269,24355.1,,Cold
2016-09-25 07:00:00,Hog_lodging_Shanti,340.833,17.2,8.0,16.1,1011.6500000000001,3.6,7,7,9,269,24355.1,,Cold
2016-09-25 08:00:00,Hog_lodging_Shanti,354.333,17.2,8.0,15.6,1012.1,4.1,8,7,9,269,24355.1,,Cold
2016-09-25 09:00:00,Hog_lodging_Shanti,379.77,16.1,8.0,11.7,1012.4,5.1,9,7,9,269,24355.1,,Cold
2016-09-25 10:00:00,Hog_lodging_Shanti,385.49,16.7,8.0,11.7,1012.2,4.6,10,7,9,269,24355.1,,Cold
2016-09-25 11:00:00,Hog_lodging_Shanti,386.177,18.3,8.0,11.7,1012.1,6.2,11,7,9,269,24355.1,,Cold
2016-09-25 12:00:00,Hog_lodging_Shanti,405.395,18.3,8.0,11.1,1012.5,7.2,12,7,9,269,24355.1,,Cold
2016-09-25 13:00:00,Hog_lodging_Shanti,436.052,17.2,8.0,10.6,1012.6,4.6,13,7,9,269,24355.1,,Cold
2016-09-25 14:00:00,Hog_lodging_Shanti,430.333,18.3,8.0,10.6,1011.9,6.7,14,7,9,269,24355.1,,Cold
2016-09-25 15:00:00,Hog_lodging_Shanti,407.364,16.7,8.0,12.2,1012.1,6.2,15,7,9,269,24355.1,,Cold
2016-09-25 16:00:00,Hog_lodging_Shanti,421.645,16.1,8.0,11.7,1012.2,5.1,16,7,9,269,24355.1,,Cold
2016-09-25 17:00:00,Hog_lodging_Shanti,429.927,15.6,8.0,11.1,1012.9,6.7,17,7,9,269,24355.1,,Cold
2016-09-25 18:00:00,Hog_lodging_Shanti,426.271,16.1,8.0,10.0,1013.4,7.2,18,7,9,269,24355.1,,Cold
2016-09-25 19:00:00,Hog_lodging_Shanti,414.364,15.6,6.0,8.9,1014.2,6.2,19,7,9,269,24355.1,,Cold
2016-09-25 20:00:00,Hog_lodging_Shanti,413.021,14.4,4.0,7.8,1015.2,5.1,20,7,9,269,24355.1,,Cold
2016-09-25 21:00:00,Hog_lodging_Shanti,386.176,14.4,0.0,7.8,1015.3,5.1,21,7,9,269,24355.1,,Cold
2016-09-25 22:00:00,Hog_lodging_Shanti,359.521,13.3,0.0,7.8,1015.5,4.6,22,7,9,269,24355.1,,Cold
2016-09-25 23:00:00,Hog_lodging_Shanti,357.302,13.3,0.0,6.7,1015.1,5.7,23,7,9,269,24355.1,,Cold
2016-09-26 00:00:00,Hog_lodging_Shanti,338.6140000000001,13.3,6.0,6.7,1014.7,4.6,0,1,9,270,24355.1,,Cold
2016-09-26 01:00:00,Hog_lodging_Shanti,313.301,12.8,4.0,6.1,1014.6,6.2,1,1,9,270,24355.1,,Cold
2016-09-26 02:00:00,Hog_lodging_Shanti,306.583,12.2,2.0,6.1,1014.1,3.6,2,1,9,270,24355.1,,Cold
2016-09-26 03:00:00,Hog_lodging_Shanti,259.366,11.1,2.0,6.1,1013.7,5.1,3,1,9,270,24355.1,,Cold
2016-09-26 04:00:00,Hog_lodging_Shanti,229.331,11.1,0.0,5.0,1013.5,6.2,4,1,9,270,24355.1,,Cold
2016-09-26 05:00:00,Hog_lodging_Shanti,232.24,11.1,0.0,4.4,1013.6,6.7,5,1,9,270,24355.1,,Cold
2016-09-26 06:00:00,Hog_lodging_Shanti,232.583,10.6,2.0,4.4,1014.0,6.7,6,1,9,270,24355.1,,Cold
2016-09-26 07:00:00,Hog_lodging_Shanti,250.74,11.1,2.0,3.9,1014.2,6.2,7,1,9,270,24355.1,,Cold
2016-09-26 08:00:00,Hog_lodging_Shanti,279.958,12.2,0.0,4.4,1014.0,7.2,8,1,9,270,24355.1,,Cold
2016-09-26 09:00:00,Hog_lodging_Shanti,275.676,13.3,0.0,4.4,1013.8,5.7,9,1,9,270,24355.1,,Cold
2016-09-26 10:00:00,Hog_lodging_Shanti,294.615,15.0,0.0,4.4,1013.4,8.8,10,1,9,270,24355.1,,Cold
2016-09-26 11:00:00,Hog_lodging_Shanti,335.645,15.6,4.0,3.9,1013.3,10.3,11,1,9,270,24355.1,,Cold
2016-09-26 12:00:00,Hog_lodging_Shanti,398.583,15.6,4.0,2.8,1013.3,11.3,12,1,9,270,24355.1,,Cold
2016-09-26 13:00:00,Hog_lodging_Shanti,393.302,16.7,4.0,3.9,1012.9,8.2,13,1,9,270,24355.1,,Cold
2016-09-26 14:00:00,Hog_lodging_Shanti,407.364,17.8,2.0,2.8,1012.3,9.3,14,1,9,270,24355.1,,Cold
2016-09-26 15:00:00,Hog_lodging_Shanti,398.145,18.3,2.0,1.1,1012.0,9.8,15,1,9,270,24355.1,,Cold
2016-09-26 16:00:00,Hog_lodging_Shanti,413.458,18.9,2.0,0.0,1011.7,12.4,16,1,9,270,24355.1,,Cold
2016-09-26 17:00:00,Hog_lodging_Shanti,406.208,18.3,2.0,0.0,1011.6,11.3,17,1,9,270,24355.1,,Cold
2016-09-26 18:00:00,Hog_lodging_Shanti,414.05300000000005,16.1,2.0,0.6,1011.8,6.7,18,1,9,270,24355.1,,Cold
2016-09-26 19:00:00,Hog_lodging_Shanti,403.051,15.0,0.0,1.1,1011.8,4.1,19,1,9,270,24355.1,,Cold
2016-09-26 20:00:00,Hog_lodging_Shanti,382.927,14.4,0.0,2.2,1011.9,4.6,20,1,9,270,24355.1,,Cold
2016-09-26 21:00:00,Hog_lodging_Shanti,357.583,14.4,0.0,1.7,1011.6,6.2,21,1,9,270,24355.1,,Cold
2016-09-26 22:00:00,Hog_lodging_Shanti,348.11400000000015,13.9,0.0,2.2,1011.7,5.1,22,1,9,270,24355.1,,Cold
2016-09-26 23:00:00,Hog_lodging_Shanti,339.458,13.3,0.0,2.2,1011.3,5.1,23,1,9,270,24355.1,,Cold
2016-09-27 00:00:00,Hog_lodging_Shanti,318.3640000000001,12.8,0.0,2.2,1010.9,5.1,0,2,9,271,24355.1,,Cold
2016-09-27 01:00:00,Hog_lodging_Shanti,289.802,11.7,0.0,2.2,1011.2,5.1,1,2,9,271,24355.1,,Cold
2016-09-27 02:00:00,Hog_lodging_Shanti,240.333,11.7,0.0,2.2,1010.8,6.2,2,2,9,271,24355.1,,Cold
2016-09-27 03:00:00,Hog_lodging_Shanti,244.927,10.6,0.0,2.8,1010.4,6.2,3,2,9,271,24355.1,,Cold
2016-09-27 04:00:00,Hog_lodging_Shanti,242.957,10.6,0.0,2.8,1010.4,5.1,4,2,9,271,24355.1,,Cold
2016-09-27 05:00:00,Hog_lodging_Shanti,245.927,10.0,0.0,3.3,1010.3,5.7,5,2,9,271,24355.1,,Cold
2016-09-27 06:00:00,Hog_lodging_Shanti,245.896,9.4,2.0,3.9,1010.7,6.2,6,2,9,271,24355.1,,Cold
2016-09-27 07:00:00,Hog_lodging_Shanti,270.895,10.0,2.0,4.4,1010.7,5.1,7,2,9,271,24355.1,,Cold
2016-09-27 08:00:00,Hog_lodging_Shanti,338.49,11.1,2.0,5.0,1010.4,7.7,8,2,9,271,24355.1,,Cold
2016-09-27 09:00:00,Hog_lodging_Shanti,336.4890000000001,12.8,2.0,5.6,1010.2,8.2,9,2,9,271,24355.1,,Cold
2016-09-27 10:00:00,Hog_lodging_Shanti,358.208,13.3,3.333333333333333,5.6,1009.8,8.8,10,2,9,271,24355.1,,Cold
2016-09-27 11:00:00,Hog_lodging_Shanti,365.208,13.9,4.666666666666666,5.6,1009.6,8.2,11,2,9,271,24355.1,,Cold
2016-09-27 12:00:00,Hog_lodging_Shanti,378.427,15.6,6.0,6.1,1009.0,6.2,12,2,9,271,24355.1,,Cold
2016-09-27 13:00:00,Hog_lodging_Shanti,384.27,14.4,6.333333333333333,5.6,1008.5,7.7,13,2,9,271,24355.1,,Cold
2016-09-27 14:00:00,Hog_lodging_Shanti,390.083,15.0,6.666666666666667,5.0,1008.5,6.7,14,2,9,271,24355.1,,Cold
2016-09-27 15:00:00,Hog_lodging_Shanti,375.489,14.4,7.0,6.1,1008.8,4.6,15,2,9,271,24355.1,,Cold
2016-09-27 16:00:00,Hog_lodging_Shanti,384.115,12.8,7.0,5.6,1009.4,6.7,16,2,9,271,24355.1,,Cold
2016-09-27 17:00:00,Hog_lodging_Shanti,382.395,10.6,7.0,7.8,1010.6,4.6,17,2,9,271,24355.1,,Cold
2016-09-27 18:00:00,Hog_lodging_Shanti,374.833,10.0,8.0,7.8,1010.9,5.1,18,2,9,271,24355.1,,Cold
2016-09-27 19:00:00,Hog_lodging_Shanti,368.083,10.0,8.0,7.8,1011.1,4.6,19,2,9,271,24355.1,,Cold
2016-09-27 20:00:00,Hog_lodging_Shanti,355.958,10.0,8.0,7.8,1011.5,4.6,20,2,9,271,24355.1,,Cold
2016-09-27 21:00:00,Hog_lodging_Shanti,317.958,10.0,8.0,7.8,1011.9,5.7,21,2,9,271,24355.1,,Cold
2016-09-27 22:00:00,Hog_lodging_Shanti,294.552,10.0,8.0,7.2,1012.3,5.7,22,2,9,271,24355.1,,Cold
2016-09-27 23:00:00,Hog_lodging_Shanti,291.677,10.0,8.0,7.2,1012.7,5.7,23,2,9,271,24355.1,,Cold
2016-09-28 00:00:00,Hog_lodging_Shanti,268.708,10.0,8.0,7.2,1013.3,5.1,0,3,9,272,24355.1,,Cold
2016-09-28 01:00:00,Hog_lodging_Shanti,234.207,10.0,8.0,7.2,1014.0,4.6,1,3,9,272,24355.1,,Cold
2016-09-28 02:00:00,Hog_lodging_Shanti,216.865,10.6,8.0,7.2,1014.4,6.2,2,3,9,272,24355.1,,Cold
2016-09-28 03:00:00,Hog_lodging_Shanti,183.489,10.6,8.0,7.8,1015.2,5.7,3,3,9,272,24355.1,,Cold
2016-09-28 04:00:00,Hog_lodging_Shanti,174.771,10.6,8.0,7.8,1015.9,5.1,4,3,9,272,24355.1,,Cold
2016-09-28 05:00:00,Hog_lodging_Shanti,200.083,10.6,8.0,7.8,1016.8,4.1,5,3,9,272,24355.1,,Cold
2016-09-28 06:00:00,Hog_lodging_Shanti,221.833,10.6,8.0,8.3,1017.8,3.6,6,3,9,272,24355.1,,Cold
2016-09-28 07:00:00,Hog_lodging_Shanti,242.614,11.1,8.0,8.3,1018.8,5.1,7,3,9,272,24355.1,,Cold
2016-09-28 08:00:00,Hog_lodging_Shanti,273.02,12.8,8.0,8.9,1019.4,5.7,8,3,9,272,24355.1,,Cold
2016-09-28 09:00:00,Hog_lodging_Shanti,272.083,13.3,8.0,8.9,1020.4,5.7,9,3,9,272,24355.1,,Cold
2016-09-28 10:00:00,Hog_lodging_Shanti,286.927,14.4,8.0,8.9,1020.9,5.7,10,3,9,272,24355.1,,Cold
2016-09-28 11:00:00,Hog_lodging_Shanti,301.6140000000001,14.4,8.0,9.4,1021.8,5.1,11,3,9,272,24355.1,,Cold
2016-09-28 12:00:00,Hog_lodging_Shanti,315.927,15.0,8.0,9.4,1022.4,5.1,12,3,9,272,24355.1,,Cold
2016-09-28 13:00:00,Hog_lodging_Shanti,324.3640000000001,16.1,8.0,9.4,1022.8,5.1,13,3,9,272,24355.1,,Cold
2016-09-28 14:00:00,Hog_lodging_Shanti,325.052,16.1,8.0,9.4,1023.2,5.1,14,3,9,272,24355.1,,Cold
2016-09-28 15:00:00,Hog_lodging_Shanti,324.8640000000001,16.1,8.0,9.4,1023.8,7.2,15,3,9,272,24355.1,,Cold
2016-09-28 16:00:00,Hog_lodging_Shanti,318.708,16.1,8.0,9.4,1024.6,6.2,16,3,9,272,24355.1,,Cold
2016-09-28 17:00:00,Hog_lodging_Shanti,372.521,15.6,8.0,8.9,1025.5,7.2,17,3,9,272,24355.1,,Cold
2016-09-28 18:00:00,Hog_lodging_Shanti,403.895,15.0,8.0,8.9,1026.2,5.7,18,3,9,272,24355.1,,Cold
2016-09-28 19:00:00,Hog_lodging_Shanti,392.49,15.0,5.0,8.9,1026.7,3.6,19,3,9,272,24355.1,,Cold
2016-09-28 20:00:00,Hog_lodging_Shanti,372.895,13.3,2.0,8.9,1027.3,4.6,20,3,9,272,24355.1,,Cold
2016-09-28 21:00:00,Hog_lodging_Shanti,345.146,12.8,0.0,8.9,1027.8,4.1,21,3,9,272,24355.1,,Cold
2016-09-28 22:00:00,Hog_lodging_Shanti,342.3640000000001,12.2,0.0,8.9,1028.4,3.1,22,3,9,272,24355.1,,Cold
2016-09-28 23:00:00,Hog_lodging_Shanti,328.708,11.1,0.0,8.9,1028.8,2.6,23,3,9,272,24355.1,,Cold
2016-09-29 00:00:00,Hog_lodging_Shanti,282.052,11.1,0.0,8.3,1028.7,3.1,0,4,9,273,24355.1,,Cold
2016-09-29 01:00:00,Hog_lodging_Shanti,236.333,9.4,0.0,8.3,1029.3,2.1,1,4,9,273,24355.1,,Cold
2016-09-29 02:00:00,Hog_lodging_Shanti,229.488,9.4,0.0,7.8,1029.6,2.6,2,4,9,273,24355.1,,Cold
2016-09-29 03:00:00,Hog_lodging_Shanti,219.209,10.0,0.0,8.3,1029.8,3.1,3,4,9,273,24355.1,,Cold
2016-09-29 04:00:00,Hog_lodging_Shanti,210.833,9.4,2.0,7.8,1030.5,3.6,4,4,9,273,24355.1,,Cold
2016-09-29 05:00:00,Hog_lodging_Shanti,214.958,8.3,2.0,7.2,1030.8,2.1,5,4,9,273,24355.1,,Cold
2016-09-29 06:00:00,Hog_lodging_Shanti,215.833,8.3,4.0,7.2,1031.3,1.5,6,4,9,273,24355.1,,Cold
2016-09-29 07:00:00,Hog_lodging_Shanti,239.145,9.4,4.0,7.8,1031.8,3.1,7,4,9,273,24355.1,,Cold
2016-09-29 08:00:00,Hog_lodging_Shanti,256.615,11.1,4.0,8.9,1032.0,2.1,8,4,9,273,24355.1,,Cold
2016-09-29 09:00:00,Hog_lodging_Shanti,294.7390000000001,13.3,2.0,9.4,1032.2,5.1,9,4,9,273,24355.1,,Cold
2016-09-29 10:00:00,Hog_lodging_Shanti,360.677,15.6,4.0,9.4,1032.3,3.6,10,4,9,273,24355.1,,Cold
2016-09-29 11:00:00,Hog_lodging_Shanti,375.239,15.6,4.0,8.9,1032.15,4.1,11,4,9,273,24355.1,,Cold
2016-09-29 12:00:00,Hog_lodging_Shanti,402.364,17.2,4.0,9.4,1032.0,3.1,12,4,9,273,24355.1,,Cold
2016-09-29 13:00:00,Hog_lodging_Shanti,408.02,17.8,4.0,10.0,1031.2,1.5,13,4,9,273,24355.1,,Cold
2016-09-29 14:00:00,Hog_lodging_Shanti,432.427,18.9,2.0,10.6,1030.6,4.1,14,4,9,273,24355.1,,Cold
2016-09-29 15:00:00,Hog_lodging_Shanti,447.177,19.4,2.0,10.0,1029.9,3.1,15,4,9,273,24355.1,,Cold
2016-09-29 16:00:00,Hog_lodging_Shanti,370.865,20.0,0.0,10.0,1029.6,2.6,16,4,9,273,24355.1,,Cold
2016-09-29 17:00:00,Hog_lodging_Shanti,419.52,18.9,0.0,10.0,1029.4,3.6,17,4,9,273,24355.1,,Cold
2016-09-29 18:00:00,Hog_lodging_Shanti,428.927,17.8,0.0,10.0,1029.5,2.6,18,4,9,273,24355.1,,Cold
2016-09-29 19:00:00,Hog_lodging_Shanti,405.11300000000006,15.6,0.0,10.0,1029.2,2.6,19,4,9,273,24355.1,,Cold
2016-09-29 20:00:00,Hog_lodging_Shanti,402.459,15.0,0.0,10.0,1029.3,2.6,20,4,9,273,24355.1,,Cold
2016-09-29 21:00:00,Hog_lodging_Shanti,373.114,14.4,0.0,10.0,1029.3,2.1,21,4,9,273,24355.1,,Cold
2016-09-29 22:00:00,Hog_lodging_Shanti,352.802,13.9,0.0,10.6,1029.3,2.6,22,4,9,273,24355.1,,Cold
2016-09-29 23:00:00,Hog_lodging_Shanti,320.4890000000001,13.9,0.0,10.6,1029.2,2.1,23,4,9,273,24355.1,,Cold
2016-09-30 00:00:00,Hog_lodging_Shanti,312.615,13.3,0.0,10.6,1029.1,0.0,0,5,9,274,24355.1,,Cold
2016-09-30 01:00:00,Hog_lodging_Shanti,266.457,11.7,0.0,10.0,1028.8,1.5,1,5,9,274,24355.1,,Cold
2016-09-30 02:00:00,Hog_lodging_Shanti,178.67700000000005,11.7,0.0,9.4,1028.8,1.5,2,5,9,274,24355.1,,Cold
2016-09-30 03:00:00,Hog_lodging_Shanti,214.458,10.6,0.0,8.9,1028.8,1.5,3,5,9,274,24355.1,,Cold
2016-09-30 04:00:00,Hog_lodging_Shanti,214.489,10.6,0.0,8.9,1028.6,2.1,4,5,9,274,24355.1,,Cold
2016-09-30 05:00:00,Hog_lodging_Shanti,219.334,10.0,0.0,8.9,1029.0,2.6,5,5,9,274,24355.1,,Cold
2016-09-30 06:00:00,Hog_lodging_Shanti,218.707,10.0,0.0,8.9,1029.0,2.6,6,5,9,274,24355.1,,Cold
2016-09-30 07:00:00,Hog_lodging_Shanti,209.803,10.6,0.6666666666666666,9.4,1028.8,2.6,7,5,9,274,24355.1,,Cold
2016-09-30 08:00:00,Hog_lodging_Shanti,271.363,11.1,1.3333333333333333,9.4,1029.1,3.1,8,5,9,274,24355.1,,Cold
2016-09-30 09:00:00,Hog_lodging_Shanti,268.865,13.3,2.0,10.6,1028.6,3.1,9,5,9,274,24355.1,,Cold
2016-09-30 10:00:00,Hog_lodging_Shanti,291.645,15.6,2.0,11.1,1028.2,3.6,10,5,9,274,24355.1,,Cold
2016-09-30 11:00:00,Hog_lodging_Shanti,310.427,17.2,0.0,11.7,1027.7,3.6,11,5,9,274,24355.1,,Cold
2016-09-30 12:00:00,Hog_lodging_Shanti,351.271,18.9,0.0,11.7,1026.7,4.6,12,5,9,274,24355.1,,Cold
2016-09-30 13:00:00,Hog_lodging_Shanti,443.989,20.0,0.0,11.7,1025.6,3.6,13,5,9,274,24355.1,,Cold
2016-09-30 14:00:00,Hog_lodging_Shanti,438.239,21.1,0.0,10.6,1024.5,4.1,14,5,9,274,24355.1,,Cold
2016-09-30 15:00:00,Hog_lodging_Shanti,346.677,21.7,2.0,10.6,1023.9,4.1,15,5,9,274,24355.1,,Cold
2016-09-30 16:00:00,Hog_lodging_Shanti,370.582,21.7,2.0,9.4,1023.3,5.1,16,5,9,274,24355.1,,Cold
2016-09-30 17:00:00,Hog_lodging_Shanti,374.615,21.1,2.0,8.9,1023.2,4.6,17,5,9,274,24355.1,,Cold
2016-09-30 18:00:00,Hog_lodging_Shanti,371.708,19.4,2.0,9.4,1023.1,3.1,18,5,9,274,24355.1,,Cold
2016-09-30 19:00:00,Hog_lodging_Shanti,374.708,17.2,4.0,10.6,1023.2,3.1,19,5,9,274,24355.1,,Cold
2016-09-30 20:00:00,Hog_lodging_Shanti,361.583,18.3,3.3333333333333335,10.6,1023.1,4.6,20,5,9,274,24355.1,,Cold
2016-09-30 21:00:00,Hog_lodging_Shanti,358.084,17.2,2.666666666666667,10.6,1022.9,4.1,21,5,9,274,24355.1,,Cold
2016-09-30 22:00:00,Hog_lodging_Shanti,342.457,15.6,2.0,11.1,1022.9,4.1,22,5,9,274,24355.1,,Cold
2016-09-30 23:00:00,Hog_lodging_Shanti,335.052,15.6,4.0,11.1,1022.8,3.6,23,5,9,274,24355.1,,Cold
2016-10-01 00:00:00,Hog_lodging_Shanti,324.927,15.6,6.0,11.1,1022.6,2.6,0,6,10,275,24355.1,,Cold
2016-10-01 01:00:00,Hog_lodging_Shanti,313.457,13.9,2.0,10.6,1022.6,1.5,1,6,10,275,24355.1,,Cold
2016-10-01 02:00:00,Hog_lodging_Shanti,310.115,13.9,0.0,10.6,1022.0,2.1,2,6,10,275,24355.1,,Cold
2016-10-01 03:00:00,Hog_lodging_Shanti,306.4890000000001,12.8,0.0,10.6,1022.0,1.5,3,6,10,275,24355.1,,Cold
2016-10-01 04:00:00,Hog_lodging_Shanti,293.426,12.2,0.0,10.6,1021.8,3.1,4,6,10,275,24355.1,,Cold
2016-10-01 05:00:00,Hog_lodging_Shanti,295.584,12.2,0.0,10.6,1021.7,2.6,5,6,10,275,24355.1,,Cold
2016-10-01 06:00:00,Hog_lodging_Shanti,292.4890000000001,11.7,2.0,10.0,1022.1,2.1,6,6,10,275,24355.1,,Cold
2016-10-01 07:00:00,Hog_lodging_Shanti,297.7390000000001,11.7,0.0,10.0,1022.1,2.6,7,6,10,275,24355.1,,Cold
2016-10-01 08:00:00,Hog_lodging_Shanti,246.739,13.9,0.0,10.6,1021.9,3.6,8,6,10,275,24355.1,,Cold
2016-10-01 09:00:00,Hog_lodging_Shanti,212.739,15.6,0.0,11.1,1021.8,3.1,9,6,10,275,24355.1,,Cold
2016-10-01 10:00:00,Hog_lodging_Shanti,291.7390000000001,17.8,0.0,11.7,1021.3,2.6,10,6,10,275,24355.1,,Cold
2016-10-01 11:00:00,Hog_lodging_Shanti,187.677,18.3,0.0,12.2,1020.9,3.1,11,6,10,275,24355.1,,Cold
2016-10-01 12:00:00,Hog_lodging_Shanti,211.676,19.4,0.0,12.8,1020.1,3.6,12,6,10,275,24355.1,,Cold
2016-10-01 13:00:00,Hog_lodging_Shanti,207.709,21.1,0.0,13.3,1019.3,3.1,13,6,10,275,24355.1,,Cold
2016-10-01 14:00:00,Hog_lodging_Shanti,203.676,21.7,0.0,12.8,1018.6,3.1,14,6,10,275,24355.1,,Cold
2016-10-01 15:00:00,Hog_lodging_Shanti,184.645,22.2,2.0,12.2,1018.3,3.6,15,6,10,275,24355.1,,Cold
2016-10-01 16:00:00,Hog_lodging_Shanti,180.646,23.3,4.0,12.8,1018.2,4.6,16,6,10,275,24355.1,,Cold
2016-10-01 17:00:00,Hog_lodging_Shanti,211.646,22.2,4.0,12.2,1018.1,4.1,17,6,10,275,24355.1,,Cold
2016-10-01 18:00:00,Hog_lodging_Shanti,209.646,20.0,4.0,12.2,1018.0,2.6,18,6,10,275,24355.1,,Cold
2016-10-01 19:00:00,Hog_lodging_Shanti,206.645,19.4,2.0,11.1,1018.3,2.1,19,6,10,275,24355.1,,Cold
2016-10-01 20:00:00,Hog_lodging_Shanti,214.646,18.3,2.0,11.1,1018.2,2.1,20,6,10,275,24355.1,,Cold
2016-10-01 21:00:00,Hog_lodging_Shanti,187.677,17.2,2.0,11.7,1018.4,1.5,21,6,10,275,24355.1,,Cold
2016-10-01 22:00:00,Hog_lodging_Shanti,171.676,15.6,2.0,12.2,1018.8,0.0,22,6,10,275,24355.1,,Cold
2016-10-01 23:00:00,Hog_lodging_Shanti,166.676,15.6,0.0,12.2,1018.9,0.0,23,6,10,275,24355.1,,Cold
2016-10-02 00:00:00,Hog_lodging_Shanti,158.707,14.4,0.0,11.7,1019.1,0.0,0,7,10,276,24355.1,,Cold
2016-10-02 01:00:00,Hog_lodging_Shanti,163.713,12.8,0.0,11.1,1019.1,0.0,1,7,10,276,24355.1,,Cold
2016-10-02 02:00:00,Hog_lodging_Shanti,151.672,12.8,0.0,11.1,1019.0,1.5,2,7,10,276,24355.1,,Cold
2016-10-02 03:00:00,Hog_lodging_Shanti,143.774,11.7,0.0,10.6,1019.0,1.5,3,7,10,276,24355.1,,Cold
2016-10-02 04:00:00,Hog_lodging_Shanti,142.733,11.1,0.0,10.0,1019.0,0.0,4,7,10,276,24355.1,,Cold
2016-10-02 05:00:00,Hog_lodging_Shanti,145.775,11.7,0.0,10.0,1019.2,0.0,5,7,10,276,24355.1,,Cold
2016-10-02 06:00:00,Hog_lodging_Shanti,147.743,10.6,2.0,9.4,1019.7,0.0,6,7,10,276,24355.1,,Cold
2016-10-02 07:00:00,Hog_lodging_Shanti,159.763,11.7,4.0,10.0,1019.8,2.1,7,7,10,276,24355.1,,Cold
2016-10-02 08:00:00,Hog_lodging_Shanti,170.774,13.9,4.0,11.1,1019.7,1.5,8,7,10,276,24355.1,,Cold
2016-10-02 09:00:00,Hog_lodging_Shanti,169.774,16.7,4.0,12.2,1020.1,0.0,9,7,10,276,24355.1,,Cold
2016-10-02 10:00:00,Hog_lodging_Shanti,191.702,19.4,4.0,11.7,1020.0,1.5,10,7,10,276,24355.1,,Cold
2016-10-02 11:00:00,Hog_lodging_Shanti,197.682,20.6,4.0,10.6,1019.8,0.0,11,7,10,276,24355.1,,Cold
2016-10-02 12:00:00,Hog_lodging_Shanti,203.641,21.1,2.0,10.6,1019.4,0.0,12,7,10,276,24355.1,,Cold
2016-10-02 13:00:00,Hog_lodging_Shanti,217.581,22.8,2.0,10.0,1018.8,1.5,13,7,10,276,24355.1,,Cold
2016-10-02 14:00:00,Hog_lodging_Shanti,208.621,22.8,2.0,9.4,1018.4,0.0,14,7,10,276,24355.1,,Cold
2016-10-02 15:00:00,Hog_lodging_Shanti,195.612,23.9,2.0,10.0,1018.0,0.0,15,7,10,276,24355.1,,Cold
2016-10-02 16:00:00,Hog_lodging_Shanti,186.581,22.8,2.0,10.0,1017.9,2.6,16,7,10,276,24355.1,,Cold
2016-10-02 17:00:00,Hog_lodging_Shanti,207.58,21.7,2.0,8.9,1017.9,3.1,17,7,10,276,24355.1,,Cold
2016-10-02 18:00:00,Hog_lodging_Shanti,212.591,20.6,2.0,8.3,1018.3,3.1,18,7,10,276,24355.1,,Cold
2016-10-02 19:00:00,Hog_lodging_Shanti,227.611,20.0,0.0,9.4,1018.3,1.5,19,7,10,276,24355.1,,Cold
2016-10-02 20:00:00,Hog_lodging_Shanti,234.612,18.9,0.0,9.4,1018.4,2.6,20,7,10,276,24355.1,,Cold
2016-10-02 21:00:00,Hog_lodging_Shanti,207.643,17.2,0.0,10.0,1018.6,2.6,21,7,10,276,24355.1,,Cold
2016-10-02 22:00:00,Hog_lodging_Shanti,194.682,16.7,0.0,10.0,1018.7,1.5,22,7,10,276,24355.1,,Cold
2016-10-02 23:00:00,Hog_lodging_Shanti,185.672,16.1,0.0,10.0,1018.5,0.0,23,7,10,276,24355.1,,Cold
2016-10-03 00:00:00,Hog_lodging_Shanti,186.713,15.0,0.0,8.9,1018.5,1.5,0,1,10,277,24355.1,,Cold
2016-10-03 01:00:00,Hog_lodging_Shanti,166.672,14.4,0.0,10.0,1018.5,0.0,1,1,10,277,24355.1,,Cold
2016-10-03 02:00:00,Hog_lodging_Shanti,154.774,13.3,0.0,8.9,1018.3,2.1,2,1,10,277,24355.1,,Cold
2016-10-03 03:00:00,Hog_lodging_Shanti,155.713,12.8,0.0,9.4,1018.2,2.6,3,1,10,277,24355.1,,Cold
2016-10-03 04:00:00,Hog_lodging_Shanti,149.703,12.8,0.0,9.4,1018.2,1.5,4,1,10,277,24355.1,,Cold
2016-10-03 05:00:00,Hog_lodging_Shanti,147.672,12.2,0.0,9.4,1018.3,2.6,5,1,10,277,24355.1,,Cold
2016-10-03 06:00:00,Hog_lodging_Shanti,150.681,12.2,0.0,10.0,1018.0,2.6,6,1,10,277,24355.1,,Cold
2016-10-03 07:00:00,Hog_lodging_Shanti,175.713,12.2,0.0,10.0,1017.9,2.6,7,1,10,277,24355.1,,Cold
2016-10-03 08:00:00,Hog_lodging_Shanti,187.673,13.9,0.0,11.1,1017.7,2.6,8,1,10,277,24355.1,,Cold
2016-10-03 09:00:00,Hog_lodging_Shanti,198.025,16.7,0.0,11.7,1017.5,4.6,9,1,10,277,24355.1,,Cold
2016-10-03 10:00:00,Hog_lodging_Shanti,281.644,19.4,0.0,12.2,1017.0,4.1,10,1,10,277,24355.1,,Cold
2016-10-03 11:00:00,Hog_lodging_Shanti,290.236,21.1,0.0,11.7,1016.5,5.7,11,1,10,277,24355.1,,Cold
2016-10-03 12:00:00,Hog_lodging_Shanti,288.555,22.2,0.0,11.7,1015.9,5.1,12,1,10,277,24355.1,,Cold
2016-10-03 13:00:00,Hog_lodging_Shanti,314.704,23.3,0.0,11.1,1014.9,5.1,13,1,10,277,24355.1,,Cold
2016-10-03 14:00:00,Hog_lodging_Shanti,303.8640000000001,23.9,0.0,11.1,1013.9,3.6,14,1,10,277,24355.1,,Cold
2016-10-03 15:00:00,Hog_lodging_Shanti,283.238,23.9,2.0,10.6,1013.5,6.7,15,1,10,277,24355.1,,Cold
2016-10-03 16:00:00,Hog_lodging_Shanti,296.272,23.9,2.0,10.6,1012.7,7.7,16,1,10,277,24355.1,,Cold
2016-10-03 17:00:00,Hog_lodging_Shanti,305.709,22.8,2.0,10.6,1012.2,5.7,17,1,10,277,24355.1,,Cold
2016-10-03 18:00:00,Hog_lodging_Shanti,324.831,21.1,2.0,10.0,1012.3,6.7,18,1,10,277,24355.1,,Cold
2016-10-03 19:00:00,Hog_lodging_Shanti,319.488,20.0,2.0,10.6,1012.4,5.7,19,1,10,277,24355.1,,Cold
2016-10-03 20:00:00,Hog_lodging_Shanti,299.643,18.3,2.6666666666666665,10.0,1012.7,6.7,20,1,10,277,24355.1,,Cold
2016-10-03 21:00:00,Hog_lodging_Shanti,280.905,17.8,3.333333333333333,10.6,1012.5,5.1,21,1,10,277,24355.1,,Cold
2016-10-03 22:00:00,Hog_lodging_Shanti,274.08,16.7,4.0,10.6,1012.2,5.1,22,1,10,277,24355.1,,Cold
2016-10-03 23:00:00,Hog_lodging_Shanti,267.271,15.6,0.0,10.6,1012.6,5.1,23,1,10,277,24355.1,,Cold
2016-10-04 00:00:00,Hog_lodging_Shanti,249.959,15.0,0.0,10.6,1012.4,5.1,0,2,10,278,24355.1,,Cold
2016-10-04 01:00:00,Hog_lodging_Shanti,230.076,15.0,0.0,10.6,1011.8,5.1,1,2,10,278,24355.1,,Cold
2016-10-04 02:00:00,Hog_lodging_Shanti,215.026,15.0,2.0,11.1,1011.8,6.2,2,2,10,278,24355.1,,Cold
2016-10-04 03:00:00,Hog_lodging_Shanti,220.521,14.4,2.0,11.1,1011.1,6.2,3,2,10,278,24355.1,,Cold
2016-10-04 04:00:00,Hog_lodging_Shanti,219.866,14.4,2.0,11.1,1011.1,6.2,4,2,10,278,24355.1,,Cold
2016-10-04 05:00:00,Hog_lodging_Shanti,221.519,14.4,4.0,11.1,1011.0,4.6,5,2,10,278,24355.1,,Cold
2016-10-04 06:00:00,Hog_lodging_Shanti,218.204,15.0,6.0,11.1,1011.3,6.7,6,2,10,278,24355.1,,Cold
2016-10-04 07:00:00,Hog_lodging_Shanti,238.022,15.0,6.0,11.7,1011.6,6.2,7,2,10,278,24355.1,,Cold
2016-10-04 08:00:00,Hog_lodging_Shanti,265.053,15.0,6.0,12.2,1011.4,8.2,8,2,10,278,24355.1,,Cold
2016-10-04 09:00:00,Hog_lodging_Shanti,268.548,15.6,6.0,12.8,1011.2,7.2,9,2,10,278,24355.1,,Cold
2016-10-04 10:00:00,Hog_lodging_Shanti,282.148,17.2,6.0,13.9,1011.1,7.2,10,2,10,278,24355.1,,Cold
2016-10-04 11:00:00,Hog_lodging_Shanti,282.74,19.4,6.0,13.9,1010.3,8.8,11,2,10,278,24355.1,,Cold
2016-10-04 12:00:00,Hog_lodging_Shanti,296.925,21.1,6.0,13.9,1009.3,8.2,12,2,10,278,24355.1,,Cold
2016-10-04 13:00:00,Hog_lodging_Shanti,312.6790000000001,23.3,6.333333333333333,13.9,1008.2,10.8,13,2,10,278,24355.1,,Cold
2016-10-04 14:00:00,Hog_lodging_Shanti,308.891,23.9,6.666666666666667,13.9,1007.4,8.8,14,2,10,278,24355.1,,Cold
2016-10-04 15:00:00,Hog_lodging_Shanti,369.027,23.9,7.0,13.3,1007.3,9.3,15,2,10,278,24355.1,,Cold
2016-10-04 16:00:00,Hog_lodging_Shanti,400.329,23.3,7.0,13.3,1007.1,8.8,16,2,10,278,24355.1,,Cold
2016-10-04 17:00:00,Hog_lodging_Shanti,415.49,22.8,7.0,13.3,1007.0,7.2,17,2,10,278,24355.1,,Cold
2016-10-04 18:00:00,Hog_lodging_Shanti,446.492,21.7,8.0,13.3,1007.0,8.2,18,2,10,278,24355.1,,Cold
2016-10-04 19:00:00,Hog_lodging_Shanti,436.391,21.1,8.0,13.3,1007.8,7.2,19,2,10,278,24355.1,,Cold
2016-10-04 20:00:00,Hog_lodging_Shanti,421.99,18.9,8.0,14.4,1008.1,7.7,20,2,10,278,24355.1,,Cold
2016-10-04 21:00:00,Hog_lodging_Shanti,402.239,18.3,8.0,14.4,1007.7,5.7,21,2,10,278,24355.1,,Cold
2016-10-04 22:00:00,Hog_lodging_Shanti,379.92800000000005,17.8,8.0,14.4,1007.1,5.1,22,2,10,278,24355.1,,Cold
2016-10-04 23:00:00,Hog_lodging_Shanti,362.861,17.2,8.0,14.4,1006.1,5.7,23,2,10,278,24355.1,,Cold
2016-10-05 00:00:00,Hog_lodging_Shanti,345.465,17.2,8.0,13.9,1005.1,6.7,0,3,10,279,24355.1,,Cold
2016-10-05 01:00:00,Hog_lodging_Shanti,326.641,16.7,8.0,14.4,1004.6,2.6,1,3,10,279,24355.1,,Cold
2016-10-05 02:00:00,Hog_lodging_Shanti,306.176,14.4,8.0,12.8,1005.5,3.1,2,3,10,279,24355.1,,Cold
2016-10-05 03:00:00,Hog_lodging_Shanti,275.987,13.9,8.0,12.8,1004.4,3.1,3,3,10,279,24355.1,,Cold
2016-10-05 04:00:00,Hog_lodging_Shanti,247.654,13.9,8.0,13.3,1004.75,2.1,4,3,10,279,24355.1,,Cold
2016-10-05 05:00:00,Hog_lodging_Shanti,247.425,14.4,8.0,13.3,1005.1,2.6,5,3,10,279,24355.1,,Cold
2016-10-05 06:00:00,Hog_lodging_Shanti,250.96,14.4,8.0,12.8,1006.0,3.6,6,3,10,279,24355.1,,Cold
2016-10-05 07:00:00,Hog_lodging_Shanti,312.45,14.4,6.5,12.2,1007.4,4.6,7,3,10,279,24355.1,,Cold
2016-10-05 08:00:00,Hog_lodging_Shanti,403.9330000000001,14.4,5.0,12.2,1008.5,3.6,8,3,10,279,24355.1,,Cold
2016-10-05 09:00:00,Hog_lodging_Shanti,393.391,13.9,3.5,8.9,1009.4,4.6,9,3,10,279,24355.1,,Cold
2016-10-05 10:00:00,Hog_lodging_Shanti,400.487,15.6,2.0,6.7,1009.9,4.1,10,3,10,279,24355.1,,Cold
2016-10-05 11:00:00,Hog_lodging_Shanti,388.34,16.1,0.0,4.4,1010.4,6.2,11,3,10,279,24355.1,,Cold
2016-10-05 12:00:00,Hog_lodging_Shanti,401.52,16.1,0.0,4.4,1010.8,5.1,12,3,10,279,24355.1,,Cold
2016-10-05 13:00:00,Hog_lodging_Shanti,406.606,16.7,0.0,3.3,1010.9,6.2,13,3,10,279,24355.1,,Cold
2016-10-05 14:00:00,Hog_lodging_Shanti,419.277,17.8,0.0,3.9,1011.1,7.7,14,3,10,279,24355.1,,Cold
2016-10-05 15:00:00,Hog_lodging_Shanti,430.234,18.3,0.0,4.4,1011.5,6.2,15,3,10,279,24355.1,,Cold
2016-10-05 16:00:00,Hog_lodging_Shanti,389.902,18.3,0.0,3.9,1011.8,6.2,16,3,10,279,24355.1,,Cold
2016-10-05 17:00:00,Hog_lodging_Shanti,390.517,18.3,0.0,3.9,1012.1,4.6,17,3,10,279,24355.1,,Cold
2016-10-05 18:00:00,Hog_lodging_Shanti,398.836,17.2,0.0,4.4,1012.5,3.1,18,3,10,279,24355.1,,Cold
2016-10-05 19:00:00,Hog_lodging_Shanti,389.96,16.1,0.0,4.4,1013.4,2.6,19,3,10,279,24355.1,,Cold
2016-10-05 20:00:00,Hog_lodging_Shanti,374.232,15.0,0.0,5.0,1014.0,3.1,20,3,10,279,24355.1,,Cold
2016-10-05 21:00:00,Hog_lodging_Shanti,364.396,15.6,0.0,5.6,1014.3,3.6,21,3,10,279,24355.1,,Cold
2016-10-05 22:00:00,Hog_lodging_Shanti,352.36400000000015,14.4,0.0,5.0,1014.6,2.6,22,3,10,279,24355.1,,Cold
2016-10-05 23:00:00,Hog_lodging_Shanti,327.341,13.9,0.0,5.0,1015.2,2.1,23,3,10,279,24355.1,,Cold
2016-10-06 00:00:00,Hog_lodging_Shanti,320.892,13.3,0.0,5.0,1015.7,1.5,0,4,10,280,24355.1,,Cold
2016-10-06 01:00:00,Hog_lodging_Shanti,292.205,11.1,0.0,6.1,1016.8,3.1,1,4,10,280,24355.1,,Cold
2016-10-06 02:00:00,Hog_lodging_Shanti,221.798,11.7,0.0,6.1,1017.0,0.0,2,4,10,280,24355.1,,Cold
2016-10-06 03:00:00,Hog_lodging_Shanti,215.772,10.0,0.0,4.4,1017.7,1.5,3,4,10,280,24355.1,,Cold
2016-10-06 04:00:00,Hog_lodging_Shanti,217.246,9.4,0.0,2.8,1017.5,1.5,4,4,10,280,24355.1,,Cold
2016-10-06 05:00:00,Hog_lodging_Shanti,219.42,9.4,0.0,2.2,1018.1,1.5,5,4,10,280,24355.1,,Cold
2016-10-06 06:00:00,Hog_lodging_Shanti,217.084,8.3,2.0,3.9,1018.1,0.0,6,4,10,280,24355.1,,Cold
2016-10-06 07:00:00,Hog_lodging_Shanti,241.962,8.9,2.0,2.8,1018.9,0.0,7,4,10,280,24355.1,,Cold
2016-10-06 08:00:00,Hog_lodging_Shanti,294.3,10.0,2.0,2.2,1019.9,0.0,8,4,10,280,24355.1,,Cold
2016-10-06 09:00:00,Hog_lodging_Shanti,336.1790000000001,12.2,4.0,0.6,1019.8,2.1,9,4,10,280,24355.1,,Cold
2016-10-06 10:00:00,Hog_lodging_Shanti,357.8,13.3,4.0,0.6,1019.8,3.1,10,4,10,280,24355.1,,Cold
2016-10-06 11:00:00,Hog_lodging_Shanti,355.146,14.4,4.0,1.1,1019.5,3.6,11,4,10,280,24355.1,,Cold
2016-10-06 12:00:00,Hog_lodging_Shanti,311.459,15.6,4.0,1.7,1018.9,4.1,12,4,10,280,24355.1,,Cold
2016-10-06 13:00:00,Hog_lodging_Shanti,355.55400000000014,16.1,4.666666666666667,1.7,1018.1,4.1,13,4,10,280,24355.1,,Cold
2016-10-06 14:00:00,Hog_lodging_Shanti,370.328,16.7,5.333333333333333,3.3,1017.8,3.6,14,4,10,280,24355.1,,Cold
2016-10-06 15:00:00,Hog_lodging_Shanti,289.238,16.1,6.0,3.3,1016.0,5.1,15,4,10,280,24355.1,,Cold
2016-10-06 16:00:00,Hog_lodging_Shanti,271.524,15.6,6.0,3.3,1015.3,5.1,16,4,10,280,24355.1,,Cold
2016-10-06 17:00:00,Hog_lodging_Shanti,307.298,15.0,6.0,3.9,1014.6,4.1,17,4,10,280,24355.1,,Cold
2016-10-06 18:00:00,Hog_lodging_Shanti,312.433,13.3,8.0,7.2,1013.4,4.1,18,4,10,280,24355.1,,Cold
2016-10-06 19:00:00,Hog_lodging_Shanti,298.33,12.2,8.0,8.3,1013.1,4.6,19,4,10,280,24355.1,,Cold
2016-10-06 20:00:00,Hog_lodging_Shanti,292.77,10.0,8.0,7.8,1013.25,8.8,20,4,10,280,24355.1,,Cold
2016-10-06 21:00:00,Hog_lodging_Shanti,269.397,8.9,8.0,6.7,1013.4,8.2,21,4,10,280,24355.1,,Cold
2016-10-06 22:00:00,Hog_lodging_Shanti,251.958,7.8,8.0,6.1,1013.2,8.8,22,4,10,280,24355.1,,Cold
2016-10-06 23:00:00,Hog_lodging_Shanti,243.241,7.2,8.0,6.1,1013.8,6.2,23,4,10,280,24355.1,,Cold
2016-10-07 00:00:00,Hog_lodging_Shanti,238.985,6.7,8.0,5.6,1013.8,7.7,0,5,10,281,24355.1,,Cold
2016-10-07 01:00:00,Hog_lodging_Shanti,224.21400000000003,6.7,7.333333333333333,5.0,1014.2,7.7,1,5,10,281,24355.1,,Cold
2016-10-07 02:00:00,Hog_lodging_Shanti,221.706,6.1,6.666666666666667,4.4,1016.2,9.8,2,5,10,281,24355.1,,Cold
2016-10-07 03:00:00,Hog_lodging_Shanti,213.204,5.6,6.0,3.9,1016.4,8.8,3,5,10,281,24355.1,,Cold
2016-10-07 04:00:00,Hog_lodging_Shanti,210.213,5.6,6.0,3.3,1017.2,5.1,4,5,10,281,24355.1,,Cold
2016-10-07 05:00:00,Hog_lodging_Shanti,211.234,5.6,6.0,3.3,1018.9,5.1,5,5,10,281,24355.1,,Cold
2016-10-07 06:00:00,Hog_lodging_Shanti,214.049,5.6,4.0,2.8,1019.4,4.1,6,5,10,281,24355.1,,Cold
2016-10-07 07:00:00,Hog_lodging_Shanti,234.58900000000003,5.0,2.0,2.8,1019.9,3.6,7,5,10,281,24355.1,,Cold
2016-10-07 08:00:00,Hog_lodging_Shanti,255.735,6.1,2.0,0.0,1020.6,6.7,8,5,10,281,24355.1,,Cold
2016-10-07 09:00:00,Hog_lodging_Shanti,264.371,7.2,0.0,-0.6,1021.2,7.2,9,5,10,281,24355.1,,Cold
2016-10-07 10:00:00,Hog_lodging_Shanti,280.081,8.3,4.0,-0.6,1021.7,8.2,10,5,10,281,24355.1,,Cold
2016-10-07 11:00:00,Hog_lodging_Shanti,273.328,8.9,4.0,-1.1,1021.7,7.2,11,5,10,281,24355.1,,Cold
2016-10-07 12:00:00,Hog_lodging_Shanti,291.426,8.9,4.0,-1.1,1022.4,8.8,12,5,10,281,24355.1,,Cold
2016-10-07 13:00:00,Hog_lodging_Shanti,276.181,7.8,4.666666666666667,-1.7,1023.0,7.7,13,5,10,281,24355.1,,Cold
2016-10-07 14:00:00,Hog_lodging_Shanti,308.896,7.8,5.333333333333333,-1.1,1023.1,7.7,14,5,10,281,24355.1,,Cold
2016-10-07 15:00:00,Hog_lodging_Shanti,267.396,7.8,6.0,-1.1,1023.1,8.2,15,5,10,281,24355.1,,Cold
2016-10-07 16:00:00,Hog_lodging_Shanti,276.517,7.8,6.0,-1.7,1023.2,5.1,16,5,10,281,24355.1,,Cold
2016-10-07 17:00:00,Hog_lodging_Shanti,275.706,7.2,6.0,-0.6,1023.2,6.7,17,5,10,281,24355.1,,Cold
2016-10-07 18:00:00,Hog_lodging_Shanti,267.80400000000003,6.7,8.0,-0.6,1023.5,4.6,18,5,10,281,24355.1,,Cold
2016-10-07 19:00:00,Hog_lodging_Shanti,267.895,5.6,4.0,-1.1,1023.7,3.6,19,5,10,281,24355.1,,Cold
2016-10-07 20:00:00,Hog_lodging_Shanti,268.365,5.0,4.0,-1.1,1024.0,2.1,20,5,10,281,24355.1,,Cold
2016-10-07 21:00:00,Hog_lodging_Shanti,247.334,5.0,0.0,-1.1,1024.3,2.1,21,5,10,281,24355.1,,Cold
2016-10-07 22:00:00,Hog_lodging_Shanti,229.149,4.4,0.0,-1.7,1024.3,3.1,22,5,10,281,24355.1,,Cold
2016-10-07 23:00:00,Hog_lodging_Shanti,228.452,3.9,0.0,-1.1,1024.4,2.1,23,5,10,281,24355.1,,Cold
2016-10-08 00:00:00,Hog_lodging_Shanti,221.118,3.3,0.0,-0.6,1024.3,2.1,0,6,10,282,24355.1,,Cold
2016-10-08 01:00:00,Hog_lodging_Shanti,223.144,2.8,0.0,0.0,1024.2,2.6,1,6,10,282,24355.1,,Cold
2016-10-08 02:00:00,Hog_lodging_Shanti,220.305,2.8,0.0,0.0,1024.4,1.5,2,6,10,282,24355.1,,Cold
2016-10-08 03:00:00,Hog_lodging_Shanti,210.295,2.8,0.0,0.0,1024.6,3.6,3,6,10,282,24355.1,,Cold
2016-10-08 04:00:00,Hog_lodging_Shanti,207.304,2.2,0.0,-0.6,1024.8,3.6,4,6,10,282,24355.1,,Cold
2016-10-08 05:00:00,Hog_lodging_Shanti,215.336,2.2,2.0,-0.6,1025.2,2.6,5,6,10,282,24355.1,,Cold
2016-10-08 06:00:00,Hog_lodging_Shanti,215.264,2.2,4.0,-1.1,1025.3,2.1,6,6,10,282,24355.1,,Cold
2016-10-08 07:00:00,Hog_lodging_Shanti,193.777,3.3,4.333333333333333,-0.6,1025.9,2.6,7,6,10,282,24355.1,,Cold
2016-10-08 08:00:00,Hog_lodging_Shanti,183.952,4.4,4.666666666666667,0.0,1025.7,1.5,8,6,10,282,24355.1,,Cold
2016-10-08 09:00:00,Hog_lodging_Shanti,223.056,5.6,5.0,-0.6,1025.6,3.1,9,6,10,282,24355.1,,Cold
2016-10-08 10:00:00,Hog_lodging_Shanti,244.267,6.7,5.0,-2.8,1026.0,0.0,10,6,10,282,24355.1,,Cold
2016-10-08 11:00:00,Hog_lodging_Shanti,267.244,8.9,5.0,-2.2,1025.6,2.1,11,6,10,282,24355.1,,Cold
2016-10-08 12:00:00,Hog_lodging_Shanti,283.3590000000001,8.9,6.0,-2.2,1025.6,2.1,12,6,10,282,24355.1,,Cold
2016-10-08 13:00:00,Hog_lodging_Shanti,280.677,10.6,2.0,-1.7,1024.9,1.5,13,6,10,282,24355.1,,Cold
2016-10-08 14:00:00,Hog_lodging_Shanti,276.363,11.1,2.0,-0.6,1024.9,2.1,14,6,10,282,24355.1,,Cold
2016-10-08 15:00:00,Hog_lodging_Shanti,267.621,11.1,2.5,-0.6,1025.1,3.1,15,6,10,282,24355.1,,Cold
2016-10-08 16:00:00,Hog_lodging_Shanti,260.8,11.1,3.0,-0.6,1025.3,3.1,16,6,10,282,24355.1,,Cold
2016-10-08 17:00:00,Hog_lodging_Shanti,274.3,9.4,3.5,0.6,1025.6,2.6,17,6,10,282,24355.1,,Cold
2016-10-08 18:00:00,Hog_lodging_Shanti,279.117,8.9,4.0,0.0,1026.0,1.5,18,6,10,282,24355.1,,Cold
2016-10-08 19:00:00,Hog_lodging_Shanti,280.15,8.3,2.0,1.1,1026.6,0.0,19,6,10,282,24355.1,,Cold
2016-10-08 20:00:00,Hog_lodging_Shanti,259.73900000000003,7.2,0.0,2.2,1027.1,0.0,20,6,10,282,24355.1,,Cold
2016-10-08 21:00:00,Hog_lodging_Shanti,239.739,6.1,0.0,2.8,1027.5,1.5,21,6,10,282,24355.1,,Cold
2016-10-08 22:00:00,Hog_lodging_Shanti,241.167,5.6,0.0,2.8,1027.5,0.0,22,6,10,282,24355.1,,Cold
2016-10-08 23:00:00,Hog_lodging_Shanti,244.812,6.1,0.0,1.7,1028.0,0.0,23,6,10,282,24355.1,,Cold
2016-10-09 00:00:00,Hog_lodging_Shanti,231.541,4.4,0.0,1.7,1028.3,1.5,0,7,10,283,24355.1,,Cold
2016-10-09 01:00:00,Hog_lodging_Shanti,225.401,4.4,0.0,2.2,1028.6,0.0,1,7,10,283,24355.1,,Cold
2016-10-09 02:00:00,Hog_lodging_Shanti,222.583,3.3,0.0,2.2,1029.0,0.0,2,7,10,283,24355.1,,Cold
2016-10-09 03:00:00,Hog_lodging_Shanti,213.549,2.8,4.0,1.1,1029.0,0.0,3,7,10,283,24355.1,,Cold
2016-10-09 04:00:00,Hog_lodging_Shanti,209.613,2.8,0.0,1.1,1029.1,0.0,4,7,10,283,24355.1,,Cold
2016-10-09 05:00:00,Hog_lodging_Shanti,193.185,2.8,2.0,1.1,1029.1999999999998,0.0,5,7,10,283,24355.1,,Cold
2016-10-09 06:00:00,Hog_lodging_Shanti,175.044,2.2,0.0,0.6,1029.3,0.0,6,7,10,283,24355.1,,Cold
2016-10-09 07:00:00,Hog_lodging_Shanti,211.835,3.3,0.0,1.7,1030.0,0.0,7,7,10,283,24355.1,,Cold
2016-10-09 08:00:00,Hog_lodging_Shanti,234.114,3.9,4.0,3.3,1030.0,1.5,8,7,10,283,24355.1,,Cold
2016-10-09 09:00:00,Hog_lodging_Shanti,245.21,7.2,0.0,3.9,1030.2,3.1,9,7,10,283,24355.1,,Cold
2016-10-09 10:00:00,Hog_lodging_Shanti,252.179,10.0,0.0,2.2,1030.2,4.6,10,7,10,283,24355.1,,Cold
2016-10-09 11:00:00,Hog_lodging_Shanti,280.303,11.1,0.0,2.8,1029.7,4.1,11,7,10,283,24355.1,,Cold
2016-10-09 12:00:00,Hog_lodging_Shanti,275.638,12.8,0.0,2.8,1028.6,4.6,12,7,10,283,24355.1,,Cold
2016-10-09 13:00:00,Hog_lodging_Shanti,281.17900000000003,13.9,2.0,2.2,1027.6,4.6,13,7,10,283,24355.1,,Cold
2016-10-09 14:00:00,Hog_lodging_Shanti,284.488,14.4,2.0,3.3,1026.5,5.7,14,7,10,283,24355.1,,Cold
2016-10-09 15:00:00,Hog_lodging_Shanti,281.708,15.0,2.0,3.3,1026.0,6.2,15,7,10,283,24355.1,,Cold
2016-10-09 16:00:00,Hog_lodging_Shanti,272.682,15.6,2.0,3.3,1025.2,4.6,16,7,10,283,24355.1,,Cold
2016-10-09 17:00:00,Hog_lodging_Shanti,288.457,15.0,2.0,3.9,1024.7,4.1,17,7,10,283,24355.1,,Cold
2016-10-09 18:00:00,Hog_lodging_Shanti,307.269,13.3,2.0,3.9,1024.1,4.1,18,7,10,283,24355.1,,Cold
2016-10-09 19:00:00,Hog_lodging_Shanti,299.337,12.2,2.0,4.4,1023.7,3.6,19,7,10,283,24355.1,,Cold
2016-10-09 20:00:00,Hog_lodging_Shanti,298.673,11.7,0.0,3.9,1023.5,3.6,20,7,10,283,24355.1,,Cold
2016-10-09 21:00:00,Hog_lodging_Shanti,259.735,11.1,0.0,4.4,1023.1,4.1,21,7,10,283,24355.1,,Cold
2016-10-09 22:00:00,Hog_lodging_Shanti,250.186,10.0,0.0,4.4,1022.8,4.6,22,7,10,283,24355.1,,Cold
2016-10-09 23:00:00,Hog_lodging_Shanti,232.33,10.0,0.0,4.4,1022.4,3.1,23,7,10,283,24355.1,,Cold
2016-10-10 00:00:00,Hog_lodging_Shanti,234.551,10.6,0.0,4.4,1021.9,4.6,0,1,10,284,24355.1,,Cold
2016-10-10 01:00:00,Hog_lodging_Shanti,210.085,10.0,0.0,5.0,1021.6,3.6,1,1,10,284,24355.1,,Cold
2016-10-10 02:00:00,Hog_lodging_Shanti,229.831,10.6,0.0,5.6,1021.3,4.1,2,1,10,284,24355.1,,Cold
2016-10-10 03:00:00,Hog_lodging_Shanti,209.83,10.0,0.0,5.6,1021.0,3.6,3,1,10,284,24355.1,,Cold
2016-10-10 04:00:00,Hog_lodging_Shanti,209.871,10.0,0.0,6.1,1020.6,4.1,4,1,10,284,24355.1,,Cold
2016-10-10 05:00:00,Hog_lodging_Shanti,211.893,10.0,0.0,6.1,1020.5,3.1,5,1,10,284,24355.1,,Cold
2016-10-10 06:00:00,Hog_lodging_Shanti,212.89,10.0,0.0,6.1,1020.2,3.6,6,1,10,284,24355.1,,Cold
2016-10-10 07:00:00,Hog_lodging_Shanti,241.932,10.6,0.0,6.7,1020.0,4.1,7,1,10,284,24355.1,,Cold
2016-10-10 08:00:00,Hog_lodging_Shanti,259.831,12.2,0.0,6.7,1019.8,5.1,8,1,10,284,24355.1,,Cold
2016-10-10 09:00:00,Hog_lodging_Shanti,262.29900000000004,14.4,0.0,7.2,1019.6,4.6,9,1,10,284,24355.1,,Cold
2016-10-10 10:00:00,Hog_lodging_Shanti,268.338,17.2,2.0,8.3,1019.1,4.6,10,1,10,284,24355.1,,Cold
2016-10-10 11:00:00,Hog_lodging_Shanti,295.548,20.6,4.0,7.8,1018.2,4.1,11,1,10,284,24355.1,,Cold
2016-10-10 12:00:00,Hog_lodging_Shanti,311.337,21.7,6.0,7.8,1017.5,6.7,12,1,10,284,24355.1,,Cold
2016-10-10 13:00:00,Hog_lodging_Shanti,295.959,22.8,4.0,7.8,1016.7,9.3,13,1,10,284,24355.1,,Cold
2016-10-10 14:00:00,Hog_lodging_Shanti,348.425,23.3,4.4,7.8,1016.0,5.7,14,1,10,284,24355.1,,Cold
2016-10-10 15:00:00,Hog_lodging_Shanti,289.268,23.3,4.8,7.8,1015.6,8.8,15,1,10,284,24355.1,,Cold
2016-10-10 16:00:00,Hog_lodging_Shanti,285.4840000000001,21.7,5.2,8.9,1015.3,8.2,16,1,10,284,24355.1,,Cold
2016-10-10 17:00:00,Hog_lodging_Shanti,303.371,20.6,5.2,10.0,1015.7,7.2,17,1,10,284,24355.1,,Cold
2016-10-10 18:00:00,Hog_lodging_Shanti,305.237,19.4,6.0,10.0,1015.7,7.7,18,1,10,284,24355.1,,Cold
2016-10-10 19:00:00,Hog_lodging_Shanti,298.707,19.4,6.0,9.4,1015.8,5.7,19,1,10,284,24355.1,,Cold
2016-10-10 20:00:00,Hog_lodging_Shanti,290.553,18.3,6.0,8.3,1015.6,6.2,20,1,10,284,24355.1,,Cold
2016-10-10 21:00:00,Hog_lodging_Shanti,274.955,18.3,6.0,8.3,1015.9,5.1,21,1,10,284,24355.1,,Cold
2016-10-10 22:00:00,Hog_lodging_Shanti,288.645,17.2,6.0,8.3,1015.9,5.7,22,1,10,284,24355.1,,Cold
2016-10-10 23:00:00,Hog_lodging_Shanti,269.619,17.2,6.0,7.8,1015.9,5.7,23,1,10,284,24355.1,,Cold
2016-10-11 00:00:00,Hog_lodging_Shanti,255.241,16.1,6.0,8.9,1015.8,7.2,0,2,10,285,24355.1,,Cold
2016-10-11 01:00:00,Hog_lodging_Shanti,233.272,16.1,5.666666666666667,9.4,1015.5,6.2,1,2,10,285,24355.1,,Cold
2016-10-11 02:00:00,Hog_lodging_Shanti,225.92,15.6,5.333333333333333,10.0,1015.1,4.1,2,2,10,285,24355.1,,Cold
2016-10-11 03:00:00,Hog_lodging_Shanti,219.586,15.6,5.0,10.6,1014.7,4.1,3,2,10,285,24355.1,,Cold
2016-10-11 04:00:00,Hog_lodging_Shanti,217.36,15.0,5.0,10.6,1014.2,3.6,4,2,10,285,24355.1,,Cold
2016-10-11 05:00:00,Hog_lodging_Shanti,221.333,14.4,5.0,11.1,1014.1,2.6,5,2,10,285,24355.1,,Cold
2016-10-11 06:00:00,Hog_lodging_Shanti,222.65,13.3,4.0,10.6,1013.8,3.1,6,2,10,285,24355.1,,Cold
2016-10-11 07:00:00,Hog_lodging_Shanti,280.644,12.8,2.0,10.6,1013.8,2.6,7,2,10,285,24355.1,,Cold
2016-10-11 08:00:00,Hog_lodging_Shanti,363.557,14.4,2.0,11.1,1014.2,2.6,8,2,10,285,24355.1,,Cold
2016-10-11 09:00:00,Hog_lodging_Shanti,406.051,16.1,0.0,11.1,1014.0,4.6,9,2,10,285,24355.1,,Cold
2016-10-11 10:00:00,Hog_lodging_Shanti,434.39,17.8,2.0,11.1,1013.3,5.1,10,2,10,285,24355.1,,Cold
2016-10-11 11:00:00,Hog_lodging_Shanti,395.682,18.9,2.0,11.1,1012.5,3.6,11,2,10,285,24355.1,,Cold
2016-10-11 12:00:00,Hog_lodging_Shanti,385.361,20.0,2.0,11.7,1011.9,5.7,12,2,10,285,24355.1,,Cold
2016-10-11 13:00:00,Hog_lodging_Shanti,405.208,21.1,4.0,11.7,1011.1,3.6,13,2,10,285,24355.1,,Cold
2016-10-11 14:00:00,Hog_lodging_Shanti,390.706,21.1,4.8,11.7,1010.8,4.1,14,2,10,285,24355.1,,Cold
2016-10-11 15:00:00,Hog_lodging_Shanti,385.24300000000005,21.7,5.6,11.7,1010.2,4.6,15,2,10,285,24355.1,,Cold
2016-10-11 16:00:00,Hog_lodging_Shanti,402.955,22.2,6.4,11.7,1010.8,5.1,16,2,10,285,24355.1,,Cold
2016-10-11 17:00:00,Hog_lodging_Shanti,416.837,17.8,6.4,11.7,1011.6,5.7,17,2,10,285,24355.1,,Cold
2016-10-11 18:00:00,Hog_lodging_Shanti,413.991,17.2,8.0,11.1,1012.4,5.1,18,2,10,285,24355.1,,Cold
2016-10-11 19:00:00,Hog_lodging_Shanti,388.859,15.0,8.0,10.6,1012.8,4.6,19,2,10,285,24355.1,,Cold
2016-10-11 20:00:00,Hog_lodging_Shanti,389.213,12.8,8.0,9.4,1013.3,6.2,20,2,10,285,24355.1,,Cold
2016-10-11 21:00:00,Hog_lodging_Shanti,354.608,11.7,8.0,7.8,1014.3,7.2,21,2,10,285,24355.1,,Cold
2016-10-11 22:00:00,Hog_lodging_Shanti,343.426,10.0,8.0,7.2,1014.5,7.2,22,2,10,285,24355.1,,Cold
2016-10-11 23:00:00,Hog_lodging_Shanti,318.089,10.0,8.0,7.2,1014.0,5.1,23,2,10,285,24355.1,,Cold
2016-10-12 00:00:00,Hog_lodging_Shanti,303.959,10.0,8.0,7.2,1015.6,6.2,0,3,10,286,24355.1,,Cold
2016-10-12 01:00:00,Hog_lodging_Shanti,295.518,9.4,8.0,7.2,1015.5,5.7,1,3,10,286,24355.1,,Cold
2016-10-12 02:00:00,Hog_lodging_Shanti,284.8640000000001,8.9,8.0,6.7,1015.9,7.2,2,3,10,286,24355.1,,Cold
2016-10-12 03:00:00,Hog_lodging_Shanti,280.335,8.3,8.0,6.1,1016.7,5.7,3,3,10,286,24355.1,,Cold
2016-10-12 04:00:00,Hog_lodging_Shanti,274.983,7.8,8.0,5.6,1017.1,7.7,4,3,10,286,24355.1,,Cold
2016-10-12 05:00:00,Hog_lodging_Shanti,278.057,7.2,8.0,4.4,1017.8,7.7,5,3,10,286,24355.1,,Cold
2016-10-12 06:00:00,Hog_lodging_Shanti,278.892,6.7,8.0,3.9,1018.7,6.7,6,3,10,286,24355.1,,Cold
2016-10-12 07:00:00,Hog_lodging_Shanti,304.206,6.1,7.666666666666667,2.8,1019.3,7.7,7,3,10,286,24355.1,,Cold
2016-10-12 08:00:00,Hog_lodging_Shanti,322.777,5.6,7.333333333333333,1.7,1019.9,7.7,8,3,10,286,24355.1,,Cold
2016-10-12 09:00:00,Hog_lodging_Shanti,326.769,5.6,7.0,1.1,1021.2,9.3,9,3,10,286,24355.1,,Cold
2016-10-12 10:00:00,Hog_lodging_Shanti,356.705,6.1,7.0,0.6,1021.9,5.7,10,3,10,286,24355.1,,Cold
2016-10-12 11:00:00,Hog_lodging_Shanti,352.735,6.1,7.0,0.6,1021.9,6.2,11,3,10,286,24355.1,,Cold
2016-10-12 12:00:00,Hog_lodging_Shanti,358.9,6.7,6.0,-0.6,1022.2,6.2,12,3,10,286,24355.1,,Cold
2016-10-12 13:00:00,Hog_lodging_Shanti,359.776,9.4,6.333333333333333,0.6,1021.6,6.2,13,3,10,286,24355.1,,Cold
2016-10-12 14:00:00,Hog_lodging_Shanti,357.922,8.9,6.666666666666667,-0.6,1021.7,6.2,14,3,10,286,24355.1,,Cold
2016-10-12 15:00:00,Hog_lodging_Shanti,343.117,8.3,7.0,-1.7,1022.1,8.2,15,3,10,286,24355.1,,Cold
2016-10-12 16:00:00,Hog_lodging_Shanti,343.046,7.2,7.0,-1.1,1022.7,6.2,16,3,10,286,24355.1,,Cold
2016-10-12 17:00:00,Hog_lodging_Shanti,357.869,6.1,7.0,-1.7,1023.5,6.2,17,3,10,286,24355.1,,Cold
2016-10-12 18:00:00,Hog_lodging_Shanti,370.584,5.6,8.0,-2.2,1024.1,6.2,18,3,10,286,24355.1,,Cold
2016-10-12 19:00:00,Hog_lodging_Shanti,372.076,5.6,8.0,-2.8,1024.6,4.6,19,3,10,286,24355.1,,Cold
2016-10-12 20:00:00,Hog_lodging_Shanti,363.591,5.6,8.0,-2.8,1024.8,2.1,20,3,10,286,24355.1,,Cold
2016-10-12 21:00:00,Hog_lodging_Shanti,351.581,5.6,8.0,-2.2,1025.3,4.1,21,3,10,286,24355.1,,Cold
2016-10-12 22:00:00,Hog_lodging_Shanti,336.704,5.0,8.0,-2.2,1025.7,2.1,22,3,10,286,24355.1,,Cold
2016-10-12 23:00:00,Hog_lodging_Shanti,319.559,5.6,8.0,-1.7,1026.2,2.1,23,3,10,286,24355.1,,Cold
2016-10-13 00:00:00,Hog_lodging_Shanti,292.017,5.6,8.0,-1.7,1025.5,2.1,0,4,10,287,24355.1,,Cold
2016-10-13 01:00:00,Hog_lodging_Shanti,259.959,5.0,6.0,-3.3,1025.5,3.6,1,4,10,287,24355.1,,Cold
2016-10-13 02:00:00,Hog_lodging_Shanti,252.798,3.9,4.0,-3.9,1025.5,2.1,2,4,10,287,24355.1,,Cold
2016-10-13 03:00:00,Hog_lodging_Shanti,251.769,4.4,3.5,-3.3,1025.6,0.0,3,4,10,287,24355.1,,Cold
2016-10-13 04:00:00,Hog_lodging_Shanti,248.779,4.4,3.0,-3.3,1025.4,0.0,4,4,10,287,24355.1,,Cold
2016-10-13 05:00:00,Hog_lodging_Shanti,247.829,3.9,2.5,-2.2,1025.7,2.6,5,4,10,287,24355.1,,Cold
2016-10-13 06:00:00,Hog_lodging_Shanti,218.984,3.3,2.0,-2.2,1025.6,2.6,6,4,10,287,24355.1,,Cold
2016-10-13 07:00:00,Hog_lodging_Shanti,226.712,2.8,0.0,-2.8,1025.9,2.1,7,4,10,287,24355.1,,Cold
2016-10-13 08:00:00,Hog_lodging_Shanti,289.398,3.9,0.0,-2.8,1026.1,3.1,8,4,10,287,24355.1,,Cold
2016-10-13 09:00:00,Hog_lodging_Shanti,339.425,6.1,0.0,-2.8,1026.0,3.6,9,4,10,287,24355.1,,Cold
2016-10-13 10:00:00,Hog_lodging_Shanti,351.296,7.2,0.0,-2.2,1025.9,5.1,10,4,10,287,24355.1,,Cold
2016-10-13 11:00:00,Hog_lodging_Shanti,316.588,8.9,0.0,-1.7,1025.4,4.6,11,4,10,287,24355.1,,Cold
2016-10-13 12:00:00,Hog_lodging_Shanti,361.268,9.4,0.0,-1.1,1024.9,3.6,12,4,10,287,24355.1,,Cold
2016-10-13 13:00:00,Hog_lodging_Shanti,380.677,10.6,2.0,-1.1,1024.0,4.6,13,4,10,287,24355.1,,Cold
2016-10-13 14:00:00,Hog_lodging_Shanti,368.831,11.1,2.0,-0.6,1022.9,4.6,14,4,10,287,24355.1,,Cold
2016-10-13 15:00:00,Hog_lodging_Shanti,358.301,12.2,2.0,0.0,1022.0,5.1,15,4,10,287,24355.1,,Cold
2016-10-13 16:00:00,Hog_lodging_Shanti,365.904,12.2,4.0,0.0,1021.4,5.1,16,4,10,287,24355.1,,Cold
2016-10-13 17:00:00,Hog_lodging_Shanti,374.48800000000006,12.2,4.0,0.6,1021.2,6.2,17,4,10,287,24355.1,,Cold
2016-10-13 18:00:00,Hog_lodging_Shanti,376.705,10.6,4.0,0.6,1021.3,4.1,18,4,10,287,24355.1,,Cold
2016-10-13 19:00:00,Hog_lodging_Shanti,380.08,9.4,4.0,0.6,1021.9,4.1,19,4,10,287,24355.1,,Cold
2016-10-13 20:00:00,Hog_lodging_Shanti,370.336,7.8,2.0,0.6,1021.9,4.1,20,4,10,287,24355.1,,Cold
2016-10-13 21:00:00,Hog_lodging_Shanti,355.65,7.8,0.0,0.6,1021.9,3.6,21,4,10,287,24355.1,,Cold
2016-10-13 22:00:00,Hog_lodging_Shanti,340.425,6.7,2.0,0.0,1021.5,3.1,22,4,10,287,24355.1,,Cold
2016-10-13 23:00:00,Hog_lodging_Shanti,322.144,7.2,2.0,0.0,1020.7,6.2,23,4,10,287,24355.1,,Cold
2016-10-14 00:00:00,Hog_lodging_Shanti,311.207,7.2,0.0,0.0,1020.3,5.1,0,5,10,288,24355.1,,Cold
2016-10-14 01:00:00,Hog_lodging_Shanti,294.081,7.2,0.0,0.6,1020.4,4.6,1,5,10,288,24355.1,,Cold
2016-10-14 02:00:00,Hog_lodging_Shanti,235.894,7.2,0.0,0.6,1020.0,5.1,2,5,10,288,24355.1,,Cold
2016-10-14 03:00:00,Hog_lodging_Shanti,224.99400000000003,6.7,0.0,1.1,1019.8,4.6,3,5,10,288,24355.1,,Cold
2016-10-14 04:00:00,Hog_lodging_Shanti,219.986,6.7,4.0,1.1,1019.3,5.1,4,5,10,288,24355.1,,Cold
2016-10-14 05:00:00,Hog_lodging_Shanti,223.055,7.2,4.0,1.7,1018.1,6.2,5,5,10,288,24355.1,,Cold
2016-10-14 06:00:00,Hog_lodging_Shanti,225.953,6.7,6.0,1.7,1017.5,5.7,6,5,10,288,24355.1,,Cold
2016-10-14 07:00:00,Hog_lodging_Shanti,241.24400000000003,6.7,6.0,2.2,1017.0,5.1,7,5,10,288,24355.1,,Cold
2016-10-14 08:00:00,Hog_lodging_Shanti,268.082,7.2,6.0,2.8,1016.8,4.1,8,5,10,288,24355.1,,Cold
2016-10-14 09:00:00,Hog_lodging_Shanti,305.928,8.9,6.0,3.3,1016.7,4.6,9,5,10,288,24355.1,,Cold
2016-10-14 10:00:00,Hog_lodging_Shanti,362.329,11.7,6.0,4.4,1015.8,6.7,10,5,10,288,24355.1,,Cold
2016-10-14 11:00:00,Hog_lodging_Shanti,362.246,13.3,6.0,6.1,1014.7,6.7,11,5,10,288,24355.1,,Cold
2016-10-14 12:00:00,Hog_lodging_Shanti,378.763,15.6,6.0,7.2,1012.9,8.8,12,5,10,288,24355.1,,Cold
2016-10-14 13:00:00,Hog_lodging_Shanti,396.306,15.6,6.0,8.9,1012.1,11.3,13,5,10,288,24355.1,,Cold
2016-10-14 14:00:00,Hog_lodging_Shanti,383.24,15.6,6.0,9.4,1011.1,10.8,14,5,10,288,24355.1,,Cold
2016-10-14 15:00:00,Hog_lodging_Shanti,370.393,16.7,6.0,10.6,1009.7,11.3,15,5,10,288,24355.1,,Cold
2016-10-14 16:00:00,Hog_lodging_Shanti,372.83,17.2,6.0,11.1,1009.0,7.7,16,5,10,288,24355.1,,Cold
2016-10-14 17:00:00,Hog_lodging_Shanti,405.431,16.1,6.0,11.1,1008.6,7.7,17,5,10,288,24355.1,,Cold
2016-10-14 18:00:00,Hog_lodging_Shanti,398.17800000000005,15.6,6.0,11.1,1008.4,6.7,18,5,10,288,24355.1,,Cold
2016-10-14 19:00:00,Hog_lodging_Shanti,380.577,16.1,6.333333333333333,11.1,1008.2,5.1,19,5,10,288,24355.1,,Cold
2016-10-14 20:00:00,Hog_lodging_Shanti,360.24800000000016,16.1,6.666666666666667,11.7,1008.0,6.7,20,5,10,288,24355.1,,Cold
2016-10-14 21:00:00,Hog_lodging_Shanti,332.891,16.7,7.0,11.7,1008.3,5.7,21,5,10,288,24355.1,,Cold
2016-10-14 22:00:00,Hog_lodging_Shanti,333.646,16.7,7.0,11.7,1007.9,6.7,22,5,10,288,24355.1,,Cold
2016-10-14 23:00:00,Hog_lodging_Shanti,325.087,17.2,7.0,12.2,1007.3,4.6,23,5,10,288,24355.1,,Cold
2016-10-15 00:00:00,Hog_lodging_Shanti,326.8640000000001,17.2,8.0,12.8,1007.0,6.7,0,6,10,289,24355.1,,Cold
2016-10-15 01:00:00,Hog_lodging_Shanti,307.893,17.2,8.0,12.8,1006.5,6.7,1,6,10,289,24355.1,,Cold
2016-10-15 02:00:00,Hog_lodging_Shanti,290.173,17.8,8.0,13.3,1005.7,5.7,2,6,10,289,24355.1,,Cold
2016-10-15 03:00:00,Hog_lodging_Shanti,244.873,17.8,8.0,13.9,1004.8,5.7,3,6,10,289,24355.1,,Cold
2016-10-15 04:00:00,Hog_lodging_Shanti,234.803,18.9,8.0,14.4,1004.1,7.2,4,6,10,289,24355.1,,Cold
2016-10-15 05:00:00,Hog_lodging_Shanti,236.863,18.9,8.0,14.4,1004.0,7.2,5,6,10,289,24355.1,,Cold
2016-10-15 06:00:00,Hog_lodging_Shanti,234.603,18.9,8.0,14.4,1003.9,5.7,6,6,10,289,24355.1,,Cold
2016-10-15 07:00:00,Hog_lodging_Shanti,239.743,18.9,8.0,14.4,1003.6,6.2,7,6,10,289,24355.1,,Cold
2016-10-15 08:00:00,Hog_lodging_Shanti,296.093,18.9,8.0,14.4,1003.9,6.7,8,6,10,289,24355.1,,Cold
2016-10-15 09:00:00,Hog_lodging_Shanti,382.693,19.4,8.0,15.0,1004.0,5.1,9,6,10,289,24355.1,,Cold
2016-10-15 10:00:00,Hog_lodging_Shanti,373.6830000000001,20.0,8.0,15.0,1004.3,6.7,10,6,10,289,24355.1,,Cold
2016-10-15 11:00:00,Hog_lodging_Shanti,435.80300000000005,20.6,8.0,15.0,1004.3,5.7,11,6,10,289,24355.1,,Cold
2016-10-15 12:00:00,Hog_lodging_Shanti,436.643,20.6,8.0,15.0,1005.1,4.6,12,6,10,289,24355.1,,Cold
2016-10-15 13:00:00,Hog_lodging_Shanti,443.403,20.6,2.0,14.4,1004.8,4.6,13,6,10,289,24355.1,,Cold
2016-10-15 14:00:00,Hog_lodging_Shanti,418.423,20.6,2.8,14.4,1004.8,4.1,14,6,10,289,24355.1,,Cold
2016-10-15 15:00:00,Hog_lodging_Shanti,394.793,20.6,3.6,14.4,1006.0,5.1,15,6,10,289,24355.1,,Cold
2016-10-15 16:00:00,Hog_lodging_Shanti,390.99300000000005,20.0,4.4,13.9,1005.7,2.1,16,6,10,289,24355.1,,Cold
2016-10-15 17:00:00,Hog_lodging_Shanti,387.733,18.3,4.4,13.3,1006.8,3.6,17,6,10,289,24355.1,,Cold
2016-10-15 18:00:00,Hog_lodging_Shanti,384.463,17.2,6.0,11.7,1007.8,4.6,18,6,10,289,24355.1,,Cold
2016-10-15 19:00:00,Hog_lodging_Shanti,385.4330000000001,15.0,2.0,10.0,1008.8,3.1,19,6,10,289,24355.1,,Cold
2016-10-15 20:00:00,Hog_lodging_Shanti,371.86300000000006,13.9,4.0,8.3,1009.6,2.1,20,6,10,289,24355.1,,Cold
2016-10-15 21:00:00,Hog_lodging_Shanti,328.0730000000001,13.3,4.0,7.8,1010.2,0.0,21,6,10,289,24355.1,,Cold
2016-10-15 22:00:00,Hog_lodging_Shanti,333.68300000000005,12.2,4.0,7.8,1010.7,0.0,22,6,10,289,24355.1,,Cold
2016-10-15 23:00:00,Hog_lodging_Shanti,324.463,11.1,4.0,7.8,1011.0,0.0,23,6,10,289,24355.1,,Cold
2016-10-16 00:00:00,Hog_lodging_Shanti,299.923,11.1,4.0,7.2,1011.3,0.0,0,7,10,290,24355.1,,Cold
2016-10-16 01:00:00,Hog_lodging_Shanti,267.233,10.0,4.0,7.2,1011.4,0.0,1,7,10,290,24355.1,,Cold
2016-10-16 02:00:00,Hog_lodging_Shanti,262.093,8.3,2.0,6.7,1011.6,0.0,2,7,10,290,24355.1,,Cold
2016-10-16 03:00:00,Hog_lodging_Shanti,262.113,8.3,2.0,6.7,1011.7,0.0,3,7,10,290,24355.1,,Cold
2016-10-16 04:00:00,Hog_lodging_Shanti,256.173,8.3,0.0,6.1,1011.8,0.0,4,7,10,290,24355.1,,Cold
2016-10-16 05:00:00,Hog_lodging_Shanti,254.143,7.8,0.0,6.1,1012.0,1.5,5,7,10,290,24355.1,,Cold
2016-10-16 06:00:00,Hog_lodging_Shanti,205.643,7.2,0.0,6.1,1012.5,0.0,6,7,10,290,24355.1,,Cold
2016-10-16 07:00:00,Hog_lodging_Shanti,230.903,7.8,4.0,5.6,1012.8,0.0,7,7,10,290,24355.1,,Cold
2016-10-16 08:00:00,Hog_lodging_Shanti,253.423,10.0,4.4,7.2,1012.8,2.1,8,7,10,290,24355.1,,Cold
2016-10-16 09:00:00,Hog_lodging_Shanti,256.493,11.1,4.8,7.8,1013.0,2.1,9,7,10,290,24355.1,,Cold
2016-10-16 10:00:00,Hog_lodging_Shanti,269.273,15.0,5.2,8.3,1012.6,4.1,10,7,10,290,24355.1,,Cold
2016-10-16 11:00:00,Hog_lodging_Shanti,285.803,18.3,5.2,6.1,1011.4,9.3,11,7,10,290,24355.1,,Cold
2016-10-16 12:00:00,Hog_lodging_Shanti,300.833,18.9,6.0,6.7,1011.1,5.7,12,7,10,290,24355.1,,Cold
2016-10-16 13:00:00,Hog_lodging_Shanti,362.393,19.4,6.333333333333333,6.1,1010.2,5.7,13,7,10,290,24355.1,,Cold
2016-10-16 14:00:00,Hog_lodging_Shanti,421.893,19.4,6.666666666666667,5.6,1009.1,5.7,14,7,10,290,24355.1,,Cold
2016-10-16 15:00:00,Hog_lodging_Shanti,408.903,19.4,7.0,6.7,1008.0,5.1,15,7,10,290,24355.1,,Cold
2016-10-16 16:00:00,Hog_lodging_Shanti,383.36300000000006,19.4,7.0,7.8,1006.6,5.1,16,7,10,290,24355.1,,Cold
2016-10-16 17:00:00,Hog_lodging_Shanti,406.143,18.9,7.0,7.2,1004.8,6.7,17,7,10,290,24355.1,,Cold
2016-10-16 18:00:00,Hog_lodging_Shanti,403.073,18.3,8.0,6.7,1003.6,6.7,18,7,10,290,24355.1,,Cold
2016-10-16 19:00:00,Hog_lodging_Shanti,388.403,18.3,8.0,7.8,1004.3,6.2,19,7,10,290,24355.1,,Cold
2016-10-16 20:00:00,Hog_lodging_Shanti,400.963,18.3,8.0,9.4,1003.9,5.1,20,7,10,290,24355.1,,Cold
2016-10-16 21:00:00,Hog_lodging_Shanti,386.24300000000005,17.8,8.0,11.7,1002.0999999999999,7.2,21,7,10,290,24355.1,,Cold
2016-10-16 22:00:00,Hog_lodging_Shanti,373.263,17.8,8.0,13.9,1000.3,3.6,22,7,10,290,24355.1,,Cold
2016-10-16 23:00:00,Hog_lodging_Shanti,352.583,19.4,8.0,16.1,999.4,5.1,23,7,10,290,24355.1,,Cold
2016-10-17 00:00:00,Hog_lodging_Shanti,346.39300000000014,20.6,8.0,17.2,998.5,4.6,0,1,10,291,24355.1,,Cold
2016-10-17 01:00:00,Hog_lodging_Shanti,326.643,20.6,8.0,17.2,998.4,3.1,1,1,10,291,24355.1,,Cold
2016-10-17 02:00:00,Hog_lodging_Shanti,308.333,21.1,8.0,17.8,998.5,3.1,2,1,10,291,24355.1,,Cold
2016-10-17 03:00:00,Hog_lodging_Shanti,306.213,20.0,8.0,17.2,998.6,3.1,3,1,10,291,24355.1,,Cold
2016-10-17 04:00:00,Hog_lodging_Shanti,302.463,18.9,8.0,16.7,998.5,2.1,4,1,10,291,24355.1,,Cold
2016-10-17 05:00:00,Hog_lodging_Shanti,304.203,18.9,8.0,16.7,999.2,3.1,5,1,10,291,24355.1,,Cold
2016-10-17 06:00:00,Hog_lodging_Shanti,306.953,18.3,8.0,16.7,999.5,2.6,6,1,10,291,24355.1,,Cold
2016-10-17 07:00:00,Hog_lodging_Shanti,361.30300000000005,18.3,8.0,16.1,999.2,2.6,7,1,10,291,24355.1,,Cold
2016-10-17 08:00:00,Hog_lodging_Shanti,435.6830000000001,18.3,8.0,16.1,998.75,0.0,8,1,10,291,24355.1,,Cold
2016-10-17 09:00:00,Hog_lodging_Shanti,421.173,19.4,8.0,16.1,998.3,3.1,9,1,10,291,24355.1,,Cold
2016-10-17 10:00:00,Hog_lodging_Shanti,413.513,19.4,8.0,16.1,997.8,2.1,10,1,10,291,24355.1,,Cold
2016-10-17 11:00:00,Hog_lodging_Shanti,415.30300000000005,20.0,8.0,16.1,997.1,3.1,11,1,10,291,24355.1,,Cold
2016-10-17 12:00:00,Hog_lodging_Shanti,423.213,20.6,8.0,16.1,996.4,3.1,12,1,10,291,24355.1,,Cold
2016-10-17 13:00:00,Hog_lodging_Shanti,441.143,21.7,8.0,16.7,995.3,3.1,13,1,10,291,24355.1,,Cold
2016-10-17 14:00:00,Hog_lodging_Shanti,426.81300000000016,21.1,8.0,16.1,994.1,5.1,14,1,10,291,24355.1,,Cold
2016-10-17 15:00:00,Hog_lodging_Shanti,418.173,17.8,8.0,15.6,994.1,4.1,15,1,10,291,24355.1,,Cold
2016-10-17 16:00:00,Hog_lodging_Shanti,429.55300000000005,16.7,8.0,15.0,993.9,4.6,16,1,10,291,24355.1,,Cold
2016-10-17 17:00:00,Hog_lodging_Shanti,430.61300000000006,15.6,8.0,13.9,994.3,6.2,17,1,10,291,24355.1,,Cold
2016-10-17 18:00:00,Hog_lodging_Shanti,422.523,15.0,8.0,13.3,994.7,4.1,18,1,10,291,24355.1,,Cold
2016-10-17 19:00:00,Hog_lodging_Shanti,405.453,14.4,8.0,12.8,995.3,4.6,19,1,10,291,24355.1,,Cold
2016-10-17 20:00:00,Hog_lodging_Shanti,387.86300000000006,14.4,8.0,12.2,996.7,3.1,20,1,10,291,24355.1,,Cold
2016-10-17 21:00:00,Hog_lodging_Shanti,373.213,13.9,8.0,11.1,997.1,3.6,21,1,10,291,24355.1,,Cold
2016-10-17 22:00:00,Hog_lodging_Shanti,368.483,12.8,8.0,10.6,997.3,5.1,22,1,10,291,24355.1,,Cold
2016-10-17 23:00:00,Hog_lodging_Shanti,337.083,12.2,8.0,10.6,997.5,7.2,23,1,10,291,24355.1,,Cold
2016-10-18 00:00:00,Hog_lodging_Shanti,327.713,12.2,8.0,10.6,999.8,4.6,0,2,10,292,24355.1,,Cold
2016-10-18 01:00:00,Hog_lodging_Shanti,311.303,12.2,6.8,10.6,1000.3,4.1,1,2,10,292,24355.1,,Cold
2016-10-18 02:00:00,Hog_lodging_Shanti,297.773,12.2,5.6,10.6,1001.2,3.1,2,2,10,292,24355.1,,Cold
2016-10-18 03:00:00,Hog_lodging_Shanti,263.263,11.7,4.4,10.6,1001.6,1.5,3,2,10,292,24355.1,,Cold
2016-10-18 04:00:00,Hog_lodging_Shanti,260.053,11.7,4.4,10.6,1002.3,1.5,4,2,10,292,24355.1,,Cold
2016-10-18 05:00:00,Hog_lodging_Shanti,261.053,11.1,2.0,10.0,1003.6,2.6,5,2,10,292,24355.1,,Cold
2016-10-18 06:00:00,Hog_lodging_Shanti,268.143,11.1,0.0,9.4,1004.4,3.6,6,2,10,292,24355.1,,Cold
2016-10-18 07:00:00,Hog_lodging_Shanti,306.963,11.1,0.0,9.4,1005.3,1.5,7,2,10,292,24355.1,,Cold
2016-10-18 08:00:00,Hog_lodging_Shanti,361.573,12.2,0.0,9.4,1006.2,3.1,8,2,10,292,24355.1,,Cold
2016-10-18 09:00:00,Hog_lodging_Shanti,359.333,13.3,2.0,9.4,1007.2,3.6,9,2,10,292,24355.1,,Cold
2016-10-18 10:00:00,Hog_lodging_Shanti,382.713,14.4,2.0,9.4,1008.0,4.1,10,2,10,292,24355.1,,Cold
2016-10-18 11:00:00,Hog_lodging_Shanti,386.583,15.6,0.0,9.4,1008.5,3.6,11,2,10,292,24355.1,,Cold
2016-10-18 12:00:00,Hog_lodging_Shanti,419.36300000000006,17.2,0.0,8.3,1008.7,4.1,12,2,10,292,24355.1,,Cold
2016-10-18 13:00:00,Hog_lodging_Shanti,446.703,18.3,2.0,8.3,1008.5,4.6,13,2,10,292,24355.1,,Cold
2016-10-18 14:00:00,Hog_lodging_Shanti,443.783,18.9,2.0,7.2,1009.0,6.2,14,2,10,292,24355.1,,Cold
2016-10-18 15:00:00,Hog_lodging_Shanti,383.703,18.9,2.0,6.7,1009.5,4.1,15,2,10,292,24355.1,,Cold
2016-10-18 16:00:00,Hog_lodging_Shanti,389.023,18.9,2.0,5.6,1009.9,5.1,16,2,10,292,24355.1,,Cold
2016-10-18 17:00:00,Hog_lodging_Shanti,402.013,17.2,2.0,6.1,1010.5,4.1,17,2,10,292,24355.1,,Cold
2016-10-18 18:00:00,Hog_lodging_Shanti,412.12300000000016,16.1,2.0,5.0,1011.4,2.6,18,2,10,292,24355.1,,Cold
2016-10-18 19:00:00,Hog_lodging_Shanti,399.203,14.4,2.0,5.6,1012.2,2.6,19,2,10,292,24355.1,,Cold
2016-10-18 20:00:00,Hog_lodging_Shanti,386.673,13.3,2.0,5.6,1012.8,2.1,20,2,10,292,24355.1,,Cold
2016-10-18 21:00:00,Hog_lodging_Shanti,366.523,12.8,0.0,5.6,1013.3,2.1,21,2,10,292,24355.1,,Cold
2016-10-18 22:00:00,Hog_lodging_Shanti,353.403,11.7,2.0,6.1,1013.7,1.5,22,2,10,292,24355.1,,Cold
2016-10-18 23:00:00,Hog_lodging_Shanti,332.733,11.1,2.0,6.1,1014.3,2.6,23,2,10,292,24355.1,,Cold
2016-10-19 00:00:00,Hog_lodging_Shanti,324.363,11.1,0.0,6.1,1014.3,2.6,0,3,10,293,24355.1,,Cold
2016-10-19 01:00:00,Hog_lodging_Shanti,312.833,10.6,0.0,5.6,1014.8,0.0,1,3,10,293,24355.1,,Cold
2016-10-19 02:00:00,Hog_lodging_Shanti,263.423,9.4,0.0,5.6,1015.7,1.5,2,3,10,293,24355.1,,Cold
2016-10-19 03:00:00,Hog_lodging_Shanti,261.893,8.9,0.0,5.6,1015.9,0.0,3,3,10,293,24355.1,,Cold
2016-10-19 04:00:00,Hog_lodging_Shanti,261.773,8.9,0.0,5.6,1016.9,2.6,4,3,10,293,24355.1,,Cold
2016-10-19 05:00:00,Hog_lodging_Shanti,258.623,8.9,3.0,5.6,1017.3,0.0,5,3,10,293,24355.1,,Cold
2016-10-19 06:00:00,Hog_lodging_Shanti,262.523,8.3,6.0,5.6,1018.0,1.5,6,3,10,293,24355.1,,Cold
2016-10-19 07:00:00,Hog_lodging_Shanti,294.453,8.3,4.0,5.6,1018.9,0.0,7,3,10,293,24355.1,,Cold
2016-10-19 08:00:00,Hog_lodging_Shanti,348.30300000000005,8.9,4.0,6.1,1019.8,4.1,8,3,10,293,24355.1,,Cold
2016-10-19 09:00:00,Hog_lodging_Shanti,353.14300000000014,10.0,4.0,5.6,1020.7,3.6,9,3,10,293,24355.1,,Cold
2016-10-19 10:00:00,Hog_lodging_Shanti,364.423,11.1,4.666666666666667,5.6,1021.3,3.1,10,3,10,293,24355.1,,Cold
2016-10-19 11:00:00,Hog_lodging_Shanti,364.393,11.7,5.333333333333333,5.6,1022.0,4.6,11,3,10,293,24355.1,,Cold
2016-10-19 12:00:00,Hog_lodging_Shanti,385.903,12.2,6.0,5.0,1022.0,5.7,12,3,10,293,24355.1,,Cold
2016-10-19 13:00:00,Hog_lodging_Shanti,382.833,13.3,4.0,5.6,1021.8,4.6,13,3,10,293,24355.1,,Cold
2016-10-19 14:00:00,Hog_lodging_Shanti,384.023,12.2,4.0,5.0,1021.9,5.7,14,3,10,293,24355.1,,Cold
2016-10-19 15:00:00,Hog_lodging_Shanti,371.143,11.7,4.0,5.0,1022.1,5.7,15,3,10,293,24355.1,,Cold
2016-10-19 16:00:00,Hog_lodging_Shanti,365.86300000000006,11.1,4.0,3.9,1022.1,5.1,16,3,10,293,24355.1,,Cold
2016-10-19 17:00:00,Hog_lodging_Shanti,389.273,9.4,4.0,2.8,1022.7,5.7,17,3,10,293,24355.1,,Cold
2016-10-19 18:00:00,Hog_lodging_Shanti,394.043,8.9,4.0,2.8,1023.6,4.6,18,3,10,293,24355.1,,Cold
2016-10-19 19:00:00,Hog_lodging_Shanti,385.81300000000016,7.8,4.0,1.7,1024.2,5.7,19,3,10,293,24355.1,,Cold
2016-10-19 20:00:00,Hog_lodging_Shanti,378.793,7.2,4.8,1.7,1025.2,6.7,20,3,10,293,24355.1,,Cold
2016-10-19 21:00:00,Hog_lodging_Shanti,358.99300000000005,7.2,5.6,0.6,1025.5,6.2,21,3,10,293,24355.1,,Cold
2016-10-19 22:00:00,Hog_lodging_Shanti,345.963,6.1,6.4,0.0,1026.1,6.2,22,3,10,293,24355.1,,Cold
2016-10-19 23:00:00,Hog_lodging_Shanti,325.893,6.1,6.4,-0.6,1025.9,4.6,23,3,10,293,24355.1,,Cold
2016-10-20 00:00:00,Hog_lodging_Shanti,319.953,6.1,8.0,-0.6,1026.0,4.1,0,4,10,294,24355.1,,Cold
2016-10-20 01:00:00,Hog_lodging_Shanti,294.203,6.1,6.8,-0.6,1026.0,3.6,1,4,10,294,24355.1,,Cold
2016-10-20 02:00:00,Hog_lodging_Shanti,265.563,6.1,5.6,-0.6,1026.4,3.6,2,4,10,294,24355.1,,Cold
2016-10-20 03:00:00,Hog_lodging_Shanti,260.543,6.1,4.4,-0.6,1026.7,3.6,3,4,10,294,24355.1,,Cold
2016-10-20 04:00:00,Hog_lodging_Shanti,257.563,6.1,4.4,-0.6,1027.2,4.6,4,4,10,294,24355.1,,Cold
2016-10-20 05:00:00,Hog_lodging_Shanti,256.543,5.0,2.0,0.0,1027.8,2.1,5,4,10,294,24355.1,,Cold
2016-10-20 06:00:00,Hog_lodging_Shanti,263.423,3.9,0.0,-0.6,1028.1,3.1,6,4,10,294,24355.1,,Cold
2016-10-20 07:00:00,Hog_lodging_Shanti,277.713,3.9,2.0,-0.6,1028.2,2.6,7,4,10,294,24355.1,,Cold
2016-10-20 08:00:00,Hog_lodging_Shanti,304.713,5.6,2.0,-0.6,1028.6,4.6,8,4,10,294,24355.1,,Cold
2016-10-20 09:00:00,Hog_lodging_Shanti,340.923,6.7,2.0,0.0,1028.5,3.1,9,4,10,294,24355.1,,Cold
2016-10-20 10:00:00,Hog_lodging_Shanti,365.583,7.8,2.0,-0.6,1028.4,4.6,10,4,10,294,24355.1,,Cold
2016-10-20 11:00:00,Hog_lodging_Shanti,362.61300000000006,9.4,4.0,-1.1,1028.2,4.6,11,4,10,294,24355.1,,Cold
2016-10-20 12:00:00,Hog_lodging_Shanti,363.233,10.0,4.0,-1.1,1027.6,5.7,12,4,10,294,24355.1,,Cold
2016-10-20 13:00:00,Hog_lodging_Shanti,378.583,10.0,2.0,-1.1,1027.1,4.1,13,4,10,294,24355.1,,Cold
2016-10-20 14:00:00,Hog_lodging_Shanti,378.393,10.6,2.0,-1.1,1026.5,7.2,14,4,10,294,24355.1,,Cold
2016-10-20 15:00:00,Hog_lodging_Shanti,342.92,10.0,4.0,-1.7,1026.3,6.7,15,4,10,294,24355.1,,Cold
2016-10-20 16:00:00,Hog_lodging_Shanti,427.81,10.0,4.0,-1.7,1026.2,6.7,16,4,10,294,24355.1,,Cold
2016-10-20 17:00:00,Hog_lodging_Shanti,432.0,8.9,2.0,-1.7,1026.4,4.1,17,4,10,294,24355.1,,Cold
2016-10-20 18:00:00,Hog_lodging_Shanti,445.15,7.8,2.0,-2.2,1026.7,2.1,18,4,10,294,24355.1,,Cold
2016-10-20 19:00:00,Hog_lodging_Shanti,447.81,7.2,2.0,-1.7,1026.5,2.6,19,4,10,294,24355.1,,Cold
2016-10-20 20:00:00,Hog_lodging_Shanti,446.79,6.1,2.0,-1.7,1026.6,1.5,20,4,10,294,24355.1,,Cold
2016-10-20 21:00:00,Hog_lodging_Shanti,435.31,6.1,2.0,-1.7,1026.8,0.0,21,4,10,294,24355.1,,Cold
2016-10-20 22:00:00,Hog_lodging_Shanti,421.28,5.0,2.0,-1.1,1026.8,1.5,22,4,10,294,24355.1,,Cold
2016-10-20 23:00:00,Hog_lodging_Shanti,401.35,4.4,4.0,-0.6,1026.5,0.0,23,4,10,294,24355.1,,Cold
2016-10-21 00:00:00,Hog_lodging_Shanti,387.27,5.0,8.0,0.0,1026.1,1.5,0,5,10,295,24355.1,,Cold
2016-10-21 01:00:00,Hog_lodging_Shanti,370.6,5.0,6.0,0.0,1025.6,1.5,1,5,10,295,24355.1,,Cold
2016-10-21 02:00:00,Hog_lodging_Shanti,318.78,6.1,4.0,-0.6,1025.5,0.0,2,5,10,295,24355.1,,Cold
2016-10-21 03:00:00,Hog_lodging_Shanti,266.5,5.6,2.0,-0.6,1025.3,0.0,3,5,10,295,24355.1,,Cold
2016-10-21 04:00:00,Hog_lodging_Shanti,245.82,5.6,0.0,-1.1,1025.0,2.6,4,5,10,295,24355.1,,Cold
2016-10-21 05:00:00,Hog_lodging_Shanti,276.9,4.4,2.0,-1.1,1025.1,2.1,5,5,10,295,24355.1,,Cold
2016-10-21 06:00:00,Hog_lodging_Shanti,281.84,4.4,6.0,-1.1,1024.9,1.5,6,5,10,295,24355.1,,Cold
2016-10-21 07:00:00,Hog_lodging_Shanti,299.29,4.4,4.0,-1.1,1024.8,2.1,7,5,10,295,24355.1,,Cold
2016-10-21 08:00:00,Hog_lodging_Shanti,341.87,4.4,4.0,0.0,1024.6,2.6,8,5,10,295,24355.1,,Cold
2016-10-21 09:00:00,Hog_lodging_Shanti,401.94,6.7,2.0,0.6,1024.5,2.6,9,5,10,295,24355.1,,Cold
2016-10-21 10:00:00,Hog_lodging_Shanti,419.78,8.3,4.0,-0.6,1024.3,3.6,10,5,10,295,24355.1,,Cold
2016-10-21 11:00:00,Hog_lodging_Shanti,422.75,10.0,5.0,0.6,1023.6,3.6,11,5,10,295,24355.1,,Cold
2016-10-21 12:00:00,Hog_lodging_Shanti,445.69,11.1,6.0,0.6,1022.8,4.1,12,5,10,295,24355.1,,Cold
2016-10-21 13:00:00,Hog_lodging_Shanti,447.19,11.1,6.0,0.0,1021.8,4.1,13,5,10,295,24355.1,,Cold
2016-10-21 14:00:00,Hog_lodging_Shanti,448.49,11.7,6.0,0.6,1020.7,4.6,14,5,10,295,24355.1,,Cold
2016-10-21 15:00:00,Hog_lodging_Shanti,428.51,11.7,6.0,0.6,1020.0,4.6,15,5,10,295,24355.1,,Cold
2016-10-21 16:00:00,Hog_lodging_Shanti,436.4,11.7,6.0,0.6,1019.6,4.1,16,5,10,295,24355.1,,Cold
2016-10-21 17:00:00,Hog_lodging_Shanti,449.25,11.1,6.0,0.6,1019.1,4.1,17,5,10,295,24355.1,,Cold
2016-10-21 18:00:00,Hog_lodging_Shanti,446.68,10.0,6.0,1.1,1018.8,3.1,18,5,10,295,24355.1,,Cold
2016-10-21 19:00:00,Hog_lodging_Shanti,429.51,10.6,5.2,1.1,1018.8,4.1,19,5,10,295,24355.1,,Cold
2016-10-21 20:00:00,Hog_lodging_Shanti,406.59,9.4,4.4,1.7,1017.8,5.1,20,5,10,295,24355.1,,Cold
2016-10-21 21:00:00,Hog_lodging_Shanti,385.44,10.0,3.5999999999999996,1.1,1017.4,4.6,21,5,10,295,24355.1,,Cold
2016-10-21 22:00:00,Hog_lodging_Shanti,379.44,8.3,3.5999999999999996,1.7,1016.9,4.1,22,5,10,295,24355.1,,Cold
2016-10-21 23:00:00,Hog_lodging_Shanti,354.56,8.3,2.0,1.1,1016.3,4.6,23,5,10,295,24355.1,,Cold
2016-10-22 00:00:00,Hog_lodging_Shanti,319.5,7.8,2.0,1.1,1015.6,4.6,0,6,10,296,24355.1,,Cold
2016-10-22 01:00:00,Hog_lodging_Shanti,305.22,7.2,2.0,1.7,1015.6,3.6,1,6,10,296,24355.1,,Cold
2016-10-22 02:00:00,Hog_lodging_Shanti,299.12,6.1,0.0,1.7,1015.4,2.6,2,6,10,296,24355.1,,Cold
2016-10-22 03:00:00,Hog_lodging_Shanti,283.13,5.6,0.0,1.7,1014.9,2.6,3,6,10,296,24355.1,,Cold
2016-10-22 04:00:00,Hog_lodging_Shanti,271.35,5.0,0.0,1.7,1014.8,2.6,4,6,10,296,24355.1,,Cold
2016-10-22 05:00:00,Hog_lodging_Shanti,272.71,5.0,0.0,2.2,1014.9,2.1,5,6,10,296,24355.1,,Cold
2016-10-22 06:00:00,Hog_lodging_Shanti,271.94,5.0,0.0,2.2,1015.1,1.5,6,6,10,296,24355.1,,Cold
2016-10-22 07:00:00,Hog_lodging_Shanti,287.81,4.4,0.0,2.2,1015.3,1.5,7,6,10,296,24355.1,,Cold
2016-10-22 08:00:00,Hog_lodging_Shanti,293.72,6.7,0.0,3.3,1015.6,0.0,8,6,10,296,24355.1,,Cold
2016-10-22 09:00:00,Hog_lodging_Shanti,308.81,8.9,0.0,5.0,1016.1,1.5,9,6,10,296,24355.1,,Cold
2016-10-22 10:00:00,Hog_lodging_Shanti,317.88,10.6,2.0,5.6,1016.1,0.0,10,6,10,296,24355.1,,Cold
2016-10-22 11:00:00,Hog_lodging_Shanti,332.03,13.3,2.0,5.6,1016.0,0.0,11,6,10,296,24355.1,,Cold
2016-10-22 12:00:00,Hog_lodging_Shanti,348.56,15.0,4.0,6.1,1015.5,0.0,12,6,10,296,24355.1,,Cold
2016-10-22 13:00:00,Hog_lodging_Shanti,370.69,15.0,4.0,6.1,1014.8,1.5,13,6,10,296,24355.1,,Cold
2016-10-22 14:00:00,Hog_lodging_Shanti,425.47,16.1,4.0,6.1,1014.5,1.5,14,6,10,296,24355.1,,Cold
2016-10-22 15:00:00,Hog_lodging_Shanti,431.34,17.2,4.0,6.1,1013.8,0.0,15,6,10,296,24355.1,,Cold
2016-10-22 16:00:00,Hog_lodging_Shanti,419.28,17.2,4.0,4.4,1014.0,0.0,16,6,10,296,24355.1,,Cold
2016-10-22 17:00:00,Hog_lodging_Shanti,430.16,16.7,4.0,5.0,1013.8,1.5,17,6,10,296,24355.1,,Cold
2016-10-22 18:00:00,Hog_lodging_Shanti,442.03,14.4,4.0,5.0,1013.8,2.1,18,6,10,296,24355.1,,Cold
2016-10-22 19:00:00,Hog_lodging_Shanti,432.97,13.3,4.0,5.0,1014.1,1.5,19,6,10,296,24355.1,,Cold
2016-10-22 20:00:00,Hog_lodging_Shanti,427.03,11.7,4.0,5.0,1013.9,1.5,20,6,10,296,24355.1,,Cold
2016-10-22 21:00:00,Hog_lodging_Shanti,386.63,10.6,2.0,5.0,1014.0,0.0,21,6,10,296,24355.1,,Cold
2016-10-22 22:00:00,Hog_lodging_Shanti,383.9,10.0,2.0,5.0,1014.3,1.5,22,6,10,296,24355.1,,Cold
2016-10-22 23:00:00,Hog_lodging_Shanti,395.28,8.9,2.0,5.0,1013.8,2.6,23,6,10,296,24355.1,,Cold
2016-10-23 00:00:00,Hog_lodging_Shanti,330.16,8.9,0.0,5.0,1013.2,1.5,0,7,10,297,24355.1,,Cold
2016-10-23 01:00:00,Hog_lodging_Shanti,299.97,8.9,0.0,5.0,1012.4,3.1,1,7,10,297,24355.1,,Cold
2016-10-23 02:00:00,Hog_lodging_Shanti,289.09,8.9,0.0,4.4,1011.8,3.1,2,7,10,297,24355.1,,Cold
2016-10-23 03:00:00,Hog_lodging_Shanti,284.13,8.9,0.0,4.4,1010.8,1.5,3,7,10,297,24355.1,,Cold
2016-10-23 04:00:00,Hog_lodging_Shanti,275.99,8.9,0.0,4.4,1009.3,3.6,4,7,10,297,24355.1,,Cold
2016-10-23 05:00:00,Hog_lodging_Shanti,270.0,8.9,0.0,3.9,1009.8,1.5,5,7,10,297,24355.1,,Cold
2016-10-23 06:00:00,Hog_lodging_Shanti,268.01,8.9,0.0,4.4,1009.9,3.6,6,7,10,297,24355.1,,Cold
2016-10-23 07:00:00,Hog_lodging_Shanti,277.87,8.3,0.0,4.4,1010.6,3.1,7,7,10,297,24355.1,,Cold
2016-10-23 08:00:00,Hog_lodging_Shanti,294.97,10.0,0.0,4.4,1011.3,6.7,8,7,10,297,24355.1,,Cold
2016-10-23 09:00:00,Hog_lodging_Shanti,308.06,11.1,0.0,5.0,1012.1,6.7,9,7,10,297,24355.1,,Cold
2016-10-23 10:00:00,Hog_lodging_Shanti,328.38,12.2,2.0,5.0,1012.6,7.7,10,7,10,297,24355.1,,Cold
2016-10-23 11:00:00,Hog_lodging_Shanti,336.99,13.3,5.0,5.6,1013.8,9.8,11,7,10,297,24355.1,,Cold
2016-10-23 12:00:00,Hog_lodging_Shanti,359.42,11.7,8.0,5.0,1015.1,10.8,12,7,10,297,24355.1,,Cold
2016-10-23 13:00:00,Hog_lodging_Shanti,379.68,11.1,7.2,4.4,1016.4,8.2,13,7,10,297,24355.1,,Cold
2016-10-23 14:00:00,Hog_lodging_Shanti,381.72,11.1,6.4,5.0,1017.5,8.2,14,7,10,297,24355.1,,Cold
2016-10-23 15:00:00,Hog_lodging_Shanti,375.75,11.7,5.6,5.0,1018.5,5.7,15,7,10,297,24355.1,,Cold
2016-10-23 16:00:00,Hog_lodging_Shanti,368.53,11.7,5.6,5.6,1019.7,5.1,16,7,10,297,24355.1,,Cold
2016-10-23 17:00:00,Hog_lodging_Shanti,392.78,11.1,4.0,5.6,1020.9,5.7,17,7,10,297,24355.1,,Cold
2016-10-23 18:00:00,Hog_lodging_Shanti,386.28,10.0,2.0,5.0,1021.7,3.1,18,7,10,297,24355.1,,Cold
2016-10-23 19:00:00,Hog_lodging_Shanti,395.19,9.4,4.0,5.0,1022.5,3.6,19,7,10,297,24355.1,,Cold
2016-10-23 20:00:00,Hog_lodging_Shanti,402.15,9.4,4.0,5.0,1023.5,3.1,20,7,10,297,24355.1,,Cold
2016-10-23 21:00:00,Hog_lodging_Shanti,375.38,8.9,4.0,4.4,1024.6,3.6,21,7,10,297,24355.1,,Cold
2016-10-23 22:00:00,Hog_lodging_Shanti,369.37,7.8,4.0,3.3,1025.5,2.6,22,7,10,297,24355.1,,Cold
2016-10-23 23:00:00,Hog_lodging_Shanti,372.76,7.2,4.0,3.3,1026.3,3.6,23,7,10,297,24355.1,,Cold
2016-10-24 00:00:00,Hog_lodging_Shanti,342.03,6.7,4.0,1.7,1027.2,5.1,0,1,10,298,24355.1,,Cold
2016-10-24 01:00:00,Hog_lodging_Shanti,329.22,6.1,2.0,0.6,1028.0,5.1,1,1,10,298,24355.1,,Cold
2016-10-24 02:00:00,Hog_lodging_Shanti,297.18,5.6,2.0,0.0,1028.3,4.6,2,1,10,298,24355.1,,Cold
2016-10-24 03:00:00,Hog_lodging_Shanti,287.0,4.4,0.0,-0.6,1029.1,3.6,3,1,10,298,24355.1,,Cold
2016-10-24 04:00:00,Hog_lodging_Shanti,277.57,3.3,0.0,-0.6,1029.9,3.1,4,1,10,298,24355.1,,Cold
2016-10-24 05:00:00,Hog_lodging_Shanti,279.62,2.8,0.0,-0.6,1030.6,0.0,5,1,10,298,24355.1,,Cold
2016-10-24 06:00:00,Hog_lodging_Shanti,287.09,2.8,2.0,-1.1,1030.9,0.0,6,1,10,298,24355.1,,Cold
2016-10-24 07:00:00,Hog_lodging_Shanti,296.6,2.2,2.0,-0.6,1031.4,0.0,7,1,10,298,24355.1,,Cold
2016-10-24 08:00:00,Hog_lodging_Shanti,331.79,4.4,4.0,1.1,1031.9,0.0,8,1,10,298,24355.1,,Cold
2016-10-24 09:00:00,Hog_lodging_Shanti,345.74,6.7,2.0,1.1,1032.4,0.0,9,1,10,298,24355.1,,Cold
2016-10-24 10:00:00,Hog_lodging_Shanti,357.09,8.9,2.0,1.7,1031.8,3.1,10,1,10,298,24355.1,,Cold
2016-10-24 11:00:00,Hog_lodging_Shanti,342.35,10.6,2.0,1.1,1031.9,2.6,11,1,10,298,24355.1,,Cold
2016-10-24 12:00:00,Hog_lodging_Shanti,361.06,11.1,2.0,-1.1,1031.7,2.1,12,1,10,298,24355.1,,Cold
2016-10-24 13:00:00,Hog_lodging_Shanti,381.97,12.2,4.0,-1.1,1030.9,1.5,13,1,10,298,24355.1,,Cold
2016-10-24 14:00:00,Hog_lodging_Shanti,377.35,12.8,2.0,-2.2,1030.4,1.5,14,1,10,298,24355.1,,Cold
2016-10-24 15:00:00,Hog_lodging_Shanti,405.08,12.8,4.0,-1.7,1029.9,3.6,15,1,10,298,24355.1,,Cold
2016-10-24 16:00:00,Hog_lodging_Shanti,443.69,12.8,2.0,-2.2,1029.6,2.6,16,1,10,298,24355.1,,Cold
2016-10-24 17:00:00,Hog_lodging_Shanti,467.97,11.7,2.0,-2.2,1029.5,2.6,17,1,10,298,24355.1,,Cold
2016-10-24 18:00:00,Hog_lodging_Shanti,448.28,10.6,4.0,-2.2,1029.4,2.6,18,1,10,298,24355.1,,Cold
2016-10-24 19:00:00,Hog_lodging_Shanti,443.0,8.9,4.666666666666667,-1.7,1029.7,2.6,19,1,10,298,24355.1,,Cold
2016-10-24 20:00:00,Hog_lodging_Shanti,442.85,8.9,5.333333333333333,-1.7,1029.4,3.1,20,1,10,298,24355.1,,Cold
2016-10-24 21:00:00,Hog_lodging_Shanti,424.43,8.3,6.0,-1.1,1029.5,2.6,21,1,10,298,24355.1,,Cold
2016-10-24 22:00:00,Hog_lodging_Shanti,431.35,7.2,6.0,-1.7,1029.6,2.6,22,1,10,298,24355.1,,Cold
2016-10-24 23:00:00,Hog_lodging_Shanti,421.93,7.2,6.0,-1.7,1029.2,3.6,23,1,10,298,24355.1,,Cold
2016-10-25 00:00:00,Hog_lodging_Shanti,402.04,6.7,8.0,-1.7,1029.2,2.6,0,2,10,299,24355.1,,Cold
2016-10-25 01:00:00,Hog_lodging_Shanti,368.88,6.7,8.0,-2.2,1029.1,1.5,1,2,10,299,24355.1,,Cold
2016-10-25 02:00:00,Hog_lodging_Shanti,312.87,6.1,8.0,-1.7,1029.2,1.5,2,2,10,299,24355.1,,Cold
2016-10-25 03:00:00,Hog_lodging_Shanti,271.44,5.6,8.0,-1.7,1029.2,3.1,3,2,10,299,24355.1,,Cold
2016-10-25 04:00:00,Hog_lodging_Shanti,266.62,6.1,8.0,-1.1,1029.3,3.6,4,2,10,299,24355.1,,Cold
2016-10-25 05:00:00,Hog_lodging_Shanti,268.63,6.1,8.0,-1.1,1029.3,4.1,5,2,10,299,24355.1,,Cold
2016-10-25 06:00:00,Hog_lodging_Shanti,269.84,6.1,8.0,-1.7,1029.1,6.2,6,2,10,299,24355.1,,Cold
2016-10-25 07:00:00,Hog_lodging_Shanti,290.15,6.1,8.0,-1.1,1029.0,5.7,7,2,10,299,24355.1,,Cold
2016-10-25 08:00:00,Hog_lodging_Shanti,325.72,6.7,8.0,-0.6,1029.2,5.7,8,2,10,299,24355.1,,Cold
2016-10-25 09:00:00,Hog_lodging_Shanti,390.07,7.8,8.0,0.0,1028.8,6.2,9,2,10,299,24355.1,,Cold
2016-10-25 10:00:00,Hog_lodging_Shanti,412.06,8.9,8.0,0.0,1028.8,5.7,10,2,10,299,24355.1,,Cold
2016-10-25 11:00:00,Hog_lodging_Shanti,412.69,9.4,8.0,0.6,1028.3,6.7,11,2,10,299,24355.1,,Cold
2016-10-25 12:00:00,Hog_lodging_Shanti,425.59,10.0,8.0,0.6,1027.6,7.7,12,2,10,299,24355.1,,Cold
2016-10-25 13:00:00,Hog_lodging_Shanti,438.97,10.6,8.0,1.1,1026.9,5.7,13,2,10,299,24355.1,,Cold
2016-10-25 14:00:00,Hog_lodging_Shanti,431.35,10.6,8.0,1.1,1026.4,7.7,14,2,10,299,24355.1,,Cold
2016-10-25 15:00:00,Hog_lodging_Shanti,417.4,9.4,8.0,2.8,1026.1,7.2,15,2,10,299,24355.1,,Cold
2016-10-25 16:00:00,Hog_lodging_Shanti,438.25,8.9,8.0,3.3,1026.0,6.2,16,2,10,299,24355.1,,Cold
2016-10-25 17:00:00,Hog_lodging_Shanti,451.25,8.3,8.0,4.4,1025.8,5.1,17,2,10,299,24355.1,,Cold
2016-10-25 18:00:00,Hog_lodging_Shanti,451.72,7.8,8.0,4.4,1025.5,6.2,18,2,10,299,24355.1,,Cold
2016-10-25 19:00:00,Hog_lodging_Shanti,461.82,7.2,8.0,4.4,1024.5,7.7,19,2,10,299,24355.1,,Cold
2016-10-25 20:00:00,Hog_lodging_Shanti,442.3,7.2,8.0,3.9,1023.6,8.2,20,2,10,299,24355.1,,Cold
2016-10-25 21:00:00,Hog_lodging_Shanti,430.16,7.2,8.0,4.4,1023.1,8.8,21,2,10,299,24355.1,,Cold
2016-10-25 22:00:00,Hog_lodging_Shanti,436.22,7.2,8.0,5.0,1023.7,7.7,22,2,10,299,24355.1,,Cold
2016-10-25 23:00:00,Hog_lodging_Shanti,424.91,6.7,8.0,5.0,1022.4,6.2,23,2,10,299,24355.1,,Cold
2016-10-26 00:00:00,Hog_lodging_Shanti,406.02,6.7,8.0,5.0,1022.3,6.7,0,3,10,300,24355.1,,Cold
2016-10-26 01:00:00,Hog_lodging_Shanti,369.69,7.2,8.0,5.0,1021.5,7.2,1,3,10,300,24355.1,,Cold
2016-10-26 02:00:00,Hog_lodging_Shanti,300.28,6.7,8.0,5.6,1020.55,8.2,2,3,10,300,24355.1,,Cold
2016-10-26 03:00:00,Hog_lodging_Shanti,280.44,7.2,8.0,5.6,1019.6,6.7,3,3,10,300,24355.1,,Cold
2016-10-26 04:00:00,Hog_lodging_Shanti,268.47,7.2,8.0,5.0,1019.8,6.7,4,3,10,300,24355.1,,Cold
2016-10-26 05:00:00,Hog_lodging_Shanti,277.81,7.2,8.0,5.6,1019.9,6.2,5,3,10,300,24355.1,,Cold
2016-10-26 06:00:00,Hog_lodging_Shanti,276.91,7.2,8.0,5.6,1019.7,6.2,6,3,10,300,24355.1,,Cold
2016-10-26 07:00:00,Hog_lodging_Shanti,305.09,7.2,8.0,5.6,1019.3,4.6,7,3,10,300,24355.1,,Cold
2016-10-26 08:00:00,Hog_lodging_Shanti,334.35,7.2,8.0,5.6,1019.6,6.2,8,3,10,300,24355.1,,Cold
2016-10-26 09:00:00,Hog_lodging_Shanti,375.18,7.2,8.0,5.6,1020.3,5.1,9,3,10,300,24355.1,,Cold
2016-10-26 10:00:00,Hog_lodging_Shanti,414.97,7.2,8.0,5.6,1020.4,6.2,10,3,10,300,24355.1,,Cold
2016-10-26 11:00:00,Hog_lodging_Shanti,408.35,7.2,8.0,5.6,1020.3,6.2,11,3,10,300,24355.1,,Cold
2016-10-26 12:00:00,Hog_lodging_Shanti,429.1,7.2,8.0,5.6,1020.5,4.6,12,3,10,300,24355.1,,Cold
2016-10-26 13:00:00,Hog_lodging_Shanti,440.86,7.2,8.0,5.6,1020.3,5.1,13,3,10,300,24355.1,,Cold
2016-10-26 14:00:00,Hog_lodging_Shanti,434.0,7.2,8.0,5.0,1020.1,5.1,14,3,10,300,24355.1,,Cold
2016-10-26 15:00:00,Hog_lodging_Shanti,406.14,7.8,8.0,4.4,1020.8,4.1,15,3,10,300,24355.1,,Cold
2016-10-26 16:00:00,Hog_lodging_Shanti,418.12,7.2,8.0,5.0,1020.8,4.1,16,3,10,300,24355.1,,Cold
2016-10-26 17:00:00,Hog_lodging_Shanti,443.06,7.2,8.0,4.4,1021.6,3.1,17,3,10,300,24355.1,,Cold
2016-10-26 18:00:00,Hog_lodging_Shanti,449.81,7.2,8.0,4.4,1022.2,3.1,18,3,10,300,24355.1,,Cold
2016-10-26 19:00:00,Hog_lodging_Shanti,440.44,6.7,8.0,3.9,1022.5,3.6,19,3,10,300,24355.1,,Cold
2016-10-26 20:00:00,Hog_lodging_Shanti,440.99,6.7,8.0,3.3,1022.7,3.1,20,3,10,300,24355.1,,Cold
2016-10-26 21:00:00,Hog_lodging_Shanti,425.95,6.7,8.0,3.3,1023.0,2.6,21,3,10,300,24355.1,,Cold
2016-10-26 22:00:00,Hog_lodging_Shanti,424.9,6.7,8.0,3.3,1022.6,3.6,22,3,10,300,24355.1,,Cold
2016-10-26 23:00:00,Hog_lodging_Shanti,414.97,6.1,8.0,3.3,1022.8,2.6,23,3,10,300,24355.1,,Cold
2016-10-27 00:00:00,Hog_lodging_Shanti,392.94,6.1,8.0,3.3,1023.2,0.0,0,4,10,301,24355.1,,Cold
2016-10-27 01:00:00,Hog_lodging_Shanti,368.28,6.1,8.0,3.3,1022.9,2.1,1,4,10,301,24355.1,,Cold
2016-10-27 02:00:00,Hog_lodging_Shanti,315.56,6.1,8.0,3.3,1022.5,2.1,2,4,10,301,24355.1,,Cold
2016-10-27 03:00:00,Hog_lodging_Shanti,304.35,6.1,8.0,3.9,1022.8,0.0,3,4,10,301,24355.1,,Cold
2016-10-27 04:00:00,Hog_lodging_Shanti,294.28,6.1,8.0,3.9,1022.8,1.5,4,4,10,301,24355.1,,Cold
2016-10-27 05:00:00,Hog_lodging_Shanti,294.25,6.7,8.0,3.9,1023.2,0.0,5,4,10,301,24355.1,,Cold
2016-10-27 06:00:00,Hog_lodging_Shanti,279.47,6.1,8.0,4.4,1023.2,2.1,6,4,10,301,24355.1,,Cold
2016-10-27 07:00:00,Hog_lodging_Shanti,293.12,6.1,8.0,3.9,1023.2,2.1,7,4,10,301,24355.1,,Cold
2016-10-27 08:00:00,Hog_lodging_Shanti,327.38,6.7,8.0,4.4,1024.1,0.0,8,4,10,301,24355.1,,Cold
2016-10-27 09:00:00,Hog_lodging_Shanti,335.77,6.7,8.0,4.4,1024.2,3.1,9,4,10,301,24355.1,,Cold
2016-10-27 10:00:00,Hog_lodging_Shanti,414.04,7.2,8.0,5.0,1024.2,3.1,10,4,10,301,24355.1,,Cold
2016-10-27 11:00:00,Hog_lodging_Shanti,418.94,7.8,8.0,5.0,1024.0,3.6,11,4,10,301,24355.1,,Cold
2016-10-27 12:00:00,Hog_lodging_Shanti,420.24,7.8,8.0,5.0,1023.7,3.6,12,4,10,301,24355.1,,Cold
2016-10-27 13:00:00,Hog_lodging_Shanti,439.2,8.3,8.0,5.0,1022.3,5.1,13,4,10,301,24355.1,,Cold
2016-10-27 14:00:00,Hog_lodging_Shanti,353.96,8.9,8.0,5.0,1021.8,2.6,14,4,10,301,24355.1,,Cold
2016-10-27 15:00:00,Hog_lodging_Shanti,284.47,9.4,8.0,5.0,1021.2,4.6,15,4,10,301,24355.1,,Cold
2016-10-27 16:00:00,Hog_lodging_Shanti,278.5,8.9,8.0,5.0,1020.9,5.7,16,4,10,301,24355.1,,Cold
2016-10-27 17:00:00,Hog_lodging_Shanti,292.56,8.9,8.0,5.0,1020.9,4.1,17,4,10,301,24355.1,,Cold
2016-10-27 18:00:00,Hog_lodging_Shanti,305.5,8.9,8.0,5.0,1021.2,5.7,18,4,10,301,24355.1,,Cold
2016-10-27 19:00:00,Hog_lodging_Shanti,301.44,8.9,8.0,5.6,1020.8,4.1,19,4,10,301,24355.1,,Cold
2016-10-27 20:00:00,Hog_lodging_Shanti,304.54,8.3,8.0,5.6,1020.5,3.6,20,4,10,301,24355.1,,Cold
2016-10-27 21:00:00,Hog_lodging_Shanti,299.53,8.3,8.0,5.6,1020.1,4.6,21,4,10,301,24355.1,,Cold
2016-10-27 22:00:00,Hog_lodging_Shanti,289.58,8.3,8.0,5.6,1019.5,5.7,22,4,10,301,24355.1,,Cold
2016-10-27 23:00:00,Hog_lodging_Shanti,266.63,7.8,8.0,5.6,1019.0,4.1,23,4,10,301,24355.1,,Cold
2016-10-28 00:00:00,Hog_lodging_Shanti,265.66,7.8,8.0,5.6,1018.3,4.6,0,5,10,302,24355.1,,Cold
2016-10-28 01:00:00,Hog_lodging_Shanti,239.56,8.3,7.666666666666667,6.1,1017.4,5.1,1,5,10,302,24355.1,,Cold
2016-10-28 02:00:00,Hog_lodging_Shanti,230.56,8.3,7.333333333333333,6.1,1016.7,5.7,2,5,10,302,24355.1,,Cold
2016-10-28 03:00:00,Hog_lodging_Shanti,214.57,8.3,7.0,6.1,1015.6,5.7,3,5,10,302,24355.1,,Cold
2016-10-28 04:00:00,Hog_lodging_Shanti,204.62,8.3,7.0,6.1,1014.3,5.7,4,5,10,302,24355.1,,Cold
2016-10-28 05:00:00,Hog_lodging_Shanti,205.57,8.3,7.0,6.1,1012.9,5.7,5,5,10,302,24355.1,,Cold
2016-10-28 06:00:00,Hog_lodging_Shanti,207.62,8.3,6.0,6.7,1012.2,5.7,6,5,10,302,24355.1,,Cold
2016-10-28 07:00:00,Hog_lodging_Shanti,225.63,8.9,6.333333333333333,6.7,1010.9,4.6,7,5,10,302,24355.1,,Cold
2016-10-28 08:00:00,Hog_lodging_Shanti,255.21,10.0,6.666666666666667,7.2,1009.7,6.2,8,5,10,302,24355.1,,Cold
2016-10-28 09:00:00,Hog_lodging_Shanti,325.32,11.1,7.0,8.3,1008.6,5.7,9,5,10,302,24355.1,,Cold
2016-10-28 10:00:00,Hog_lodging_Shanti,411.43,13.3,7.0,9.4,1007.4,6.7,10,5,10,302,24355.1,,Cold
2016-10-28 11:00:00,Hog_lodging_Shanti,424.69,15.6,7.0,10.6,1007.2,4.6,11,5,10,302,24355.1,,Cold
2016-10-28 12:00:00,Hog_lodging_Shanti,455.75,17.8,8.0,12.2,1005.9,5.1,12,5,10,302,24355.1,,Cold
2016-10-28 13:00:00,Hog_lodging_Shanti,450.31,20.0,8.0,13.3,1004.8,4.6,13,5,10,302,24355.1,,Cold
2016-10-28 14:00:00,Hog_lodging_Shanti,492.84,21.7,8.0,13.3,1004.3,6.2,14,5,10,302,24355.1,,Cold
2016-10-28 15:00:00,Hog_lodging_Shanti,519.85,22.2,8.0,13.9,1004.3,6.2,15,5,10,302,24355.1,,Cold
2016-10-28 16:00:00,Hog_lodging_Shanti,474.41,21.7,8.0,13.3,1004.3,4.6,16,5,10,302,24355.1,,Cold
2016-10-28 17:00:00,Hog_lodging_Shanti,465.81,21.1,8.0,12.8,1005.1,4.1,17,5,10,302,24355.1,,Cold
2016-10-28 18:00:00,Hog_lodging_Shanti,469.88,19.4,8.0,12.8,1005.7,2.1,18,5,10,302,24355.1,,Cold
2016-10-28 19:00:00,Hog_lodging_Shanti,456.56,18.3,6.0,12.8,1006.6,3.1,19,5,10,302,24355.1,,Cold
2016-10-28 20:00:00,Hog_lodging_Shanti,427.56,16.7,4.0,11.1,1007.4,4.1,20,5,10,302,24355.1,,Cold
2016-10-28 21:00:00,Hog_lodging_Shanti,402.13,15.0,4.5,10.6,1008.1,3.1,21,5,10,302,24355.1,,Cold
2016-10-28 22:00:00,Hog_lodging_Shanti,387.65,14.4,5.0,10.6,1009.1,3.6,22,5,10,302,24355.1,,Cold
2016-10-28 23:00:00,Hog_lodging_Shanti,376.28,13.9,5.5,10.6,1009.6,3.1,23,5,10,302,24355.1,,Cold
2016-10-29 00:00:00,Hog_lodging_Shanti,340.25,13.3,6.0,10.0,1010.0,2.6,0,6,10,303,24355.1,,Cold
2016-10-29 01:00:00,Hog_lodging_Shanti,332.6,12.8,6.333333333333333,10.0,1010.5,1.5,1,6,10,303,24355.1,,Cold
2016-10-29 02:00:00,Hog_lodging_Shanti,325.59,11.1,6.666666666666667,9.4,1011.3,2.1,2,6,10,303,24355.1,,Cold
2016-10-29 03:00:00,Hog_lodging_Shanti,310.69,11.1,7.0,9.4,1011.8,2.6,3,6,10,303,24355.1,,Cold
2016-10-29 04:00:00,Hog_lodging_Shanti,299.65,12.2,7.0,10.0,1012.2,3.1,4,6,10,303,24355.1,,Cold
2016-10-29 05:00:00,Hog_lodging_Shanti,298.63,12.2,7.0,9.4,1013.1,2.6,5,6,10,303,24355.1,,Cold
2016-10-29 06:00:00,Hog_lodging_Shanti,296.91,11.7,8.0,8.9,1013.5,3.6,6,6,10,303,24355.1,,Cold
2016-10-29 07:00:00,Hog_lodging_Shanti,305.58,11.7,8.0,8.9,1013.7,2.1,7,6,10,303,24355.1,,Cold
2016-10-29 08:00:00,Hog_lodging_Shanti,318.63,11.7,8.0,8.3,1014.7,3.1,8,6,10,303,24355.1,,Cold
2016-10-29 09:00:00,Hog_lodging_Shanti,333.91,11.7,8.0,8.3,1016.2,2.6,9,6,10,303,24355.1,,Cold
2016-10-29 10:00:00,Hog_lodging_Shanti,351.65,12.8,8.0,8.3,1016.3,3.1,10,6,10,303,24355.1,,Cold
2016-10-29 11:00:00,Hog_lodging_Shanti,356.54,12.2,8.0,8.3,1016.6,2.1,11,6,10,303,24355.1,,Cold
2016-10-29 12:00:00,Hog_lodging_Shanti,385.08,12.8,8.0,8.9,1015.8,3.6,12,6,10,303,24355.1,,Cold
2016-10-29 13:00:00,Hog_lodging_Shanti,395.73,13.3,8.0,9.4,1016.7,3.6,13,6,10,303,24355.1,,Cold
2016-10-29 14:00:00,Hog_lodging_Shanti,400.72,11.1,8.0,8.9,1017.7,6.2,14,6,10,303,24355.1,,Cold
2016-10-29 15:00:00,Hog_lodging_Shanti,387.12,10.6,8.0,8.3,1017.5,5.1,15,6,10,303,24355.1,,Cold
2016-10-29 16:00:00,Hog_lodging_Shanti,381.94,10.0,8.0,8.3,1017.9,3.1,16,6,10,303,24355.1,,Cold
2016-10-29 17:00:00,Hog_lodging_Shanti,405.81,10.0,8.0,7.8,1018.1,2.1,17,6,10,303,24355.1,,Cold
2016-10-29 18:00:00,Hog_lodging_Shanti,410.44,9.4,8.0,7.8,1018.9,3.6,18,6,10,303,24355.1,,Cold
2016-10-29 19:00:00,Hog_lodging_Shanti,396.19,9.4,8.0,7.2,1020.0,3.1,19,6,10,303,24355.1,,Cold
2016-10-29 20:00:00,Hog_lodging_Shanti,383.06,9.4,8.0,7.2,1020.6,3.6,20,6,10,303,24355.1,,Cold
2016-10-29 21:00:00,Hog_lodging_Shanti,342.22,8.9,8.0,6.7,1020.9,4.1,21,6,10,303,24355.1,,Cold
2016-10-29 22:00:00,Hog_lodging_Shanti,345.15,8.9,8.0,5.0,1021.8,3.6,22,6,10,303,24355.1,,Cold
2016-10-29 23:00:00,Hog_lodging_Shanti,338.9,8.3,8.0,4.4,1021.9,6.2,23,6,10,303,24355.1,,Cold
2016-10-30 00:00:00,Hog_lodging_Shanti,326.28,7.8,8.0,3.9,1022.0,3.6,0,7,10,304,24355.1,,Cold
2016-10-30 01:00:00,Hog_lodging_Shanti,319.59,7.8,8.0,3.9,1022.6,3.6,1,7,10,304,24355.1,,Cold
2016-10-30 02:00:00,Hog_lodging_Shanti,305.58,7.8,8.0,3.9,1023.1,3.6,2,7,10,304,24355.1,,Cold
2016-10-30 03:00:00,Hog_lodging_Shanti,292.22,7.2,8.0,2.2,1023.4,4.1,3,7,10,304,24355.1,,Cold
2016-10-30 04:00:00,Hog_lodging_Shanti,284.21,7.2,8.0,2.8,1023.9,3.6,4,7,10,304,24355.1,,Cold
2016-10-30 05:00:00,Hog_lodging_Shanti,283.5,6.7,8.0,2.2,1023.9,2.6,5,7,10,304,24355.1,,Cold
2016-10-30 06:00:00,Hog_lodging_Shanti,278.43,6.7,8.0,2.2,1024.4,4.1,6,7,10,304,24355.1,,Cold
2016-10-30 07:00:00,Hog_lodging_Shanti,292.46,6.1,8.0,2.2,1024.7,4.6,7,7,10,304,24355.1,,Cold
2016-10-30 08:00:00,Hog_lodging_Shanti,299.43,6.1,8.0,1.7,1025.1,5.7,8,7,10,304,24355.1,,Cold
2016-10-30 09:00:00,Hog_lodging_Shanti,311.41,6.1,8.0,1.7,1025.8,1.5,9,7,10,304,24355.1,,Cold
2016-10-30 10:00:00,Hog_lodging_Shanti,327.37,6.7,8.0,2.2,1026.1,2.1,10,7,10,304,24355.1,,Cold
2016-10-30 11:00:00,Hog_lodging_Shanti,322.3,6.7,8.0,1.7,1026.3,2.1,11,7,10,304,24355.1,,Cold
2016-10-30 12:00:00,Hog_lodging_Shanti,345.34,7.2,8.0,2.2,1026.0,0.0,12,7,10,304,24355.1,,Cold
2016-10-30 13:00:00,Hog_lodging_Shanti,357.34,7.2,8.0,1.7,1025.7,1.5,13,7,10,304,24355.1,,Cold
2016-10-30 14:00:00,Hog_lodging_Shanti,368.9,7.2,8.0,2.2,1024.6,1.5,14,7,10,304,24355.1,,Cold
2016-10-30 15:00:00,Hog_lodging_Shanti,370.4,7.2,8.0,1.7,1024.1,1.5,15,7,10,304,24355.1,,Cold
2016-10-30 16:00:00,Hog_lodging_Shanti,367.59,7.2,8.0,1.7,1024.1,3.1,16,7,10,304,24355.1,,Cold
2016-10-30 17:00:00,Hog_lodging_Shanti,370.56,7.2,8.0,2.2,1023.7,3.1,17,7,10,304,24355.1,,Cold
2016-10-30 18:00:00,Hog_lodging_Shanti,386.53,7.2,8.0,1.7,1023.4,3.6,18,7,10,304,24355.1,,Cold
2016-10-30 19:00:00,Hog_lodging_Shanti,383.62,6.7,7.666666666666667,2.2,1023.0,3.6,19,7,10,304,24355.1,,Cold
2016-10-30 20:00:00,Hog_lodging_Shanti,401.58,6.1,7.333333333333333,2.2,1022.0,3.6,20,7,10,304,24355.1,,Cold
2016-10-30 21:00:00,Hog_lodging_Shanti,370.09,6.1,7.0,2.2,1021.7,5.1,21,7,10,304,24355.1,,Cold
2016-10-30 22:00:00,Hog_lodging_Shanti,359.65,6.1,7.0,2.2,1021.0,5.1,22,7,10,304,24355.1,,Cold
2016-10-30 23:00:00,Hog_lodging_Shanti,351.59,6.1,7.0,2.2,1020.8,4.6,23,7,10,304,24355.1,,Cold
2016-10-31 00:00:00,Hog_lodging_Shanti,343.5,5.6,6.0,2.8,1020.2,3.1,0,1,10,305,24355.1,,Cold
2016-10-31 01:00:00,Hog_lodging_Shanti,321.49,5.6,4.0,2.8,1019.4,3.6,1,1,10,305,24355.1,,Cold
2016-10-31 02:00:00,Hog_lodging_Shanti,294.34,5.6,2.0,2.8,1018.4,4.1,2,1,10,305,24355.1,,Cold
2016-10-31 03:00:00,Hog_lodging_Shanti,283.34,5.6,0.0,2.8,1017.4,3.1,3,1,10,305,24355.1,,Cold
2016-10-31 04:00:00,Hog_lodging_Shanti,277.37,5.6,2.0,2.8,1015.9,4.1,4,1,10,305,24355.1,,Cold
2016-10-31 05:00:00,Hog_lodging_Shanti,268.18,6.1,4.0,3.3,1014.9,4.6,5,1,10,305,24355.1,,Cold
2016-10-31 06:00:00,Hog_lodging_Shanti,272.66,7.2,6.0,3.9,1013.2,5.7,6,1,10,305,24355.1,,Cold
2016-10-31 07:00:00,Hog_lodging_Shanti,291.47,8.3,6.333333333333333,5.6,1012.0,6.7,7,1,10,305,24355.1,,Cold
2016-10-31 08:00:00,Hog_lodging_Shanti,325.03,8.9,6.666666666666667,6.7,1011.5,5.7,8,1,10,305,24355.1,,Cold
2016-10-31 09:00:00,Hog_lodging_Shanti,372.28,9.4,7.0,7.2,1010.5,7.7,9,1,10,305,24355.1,,Cold
2016-10-31 10:00:00,Hog_lodging_Shanti,410.59,10.6,7.0,8.3,1009.9,5.7,10,1,10,305,24355.1,,Cold
2016-10-31 11:00:00,Hog_lodging_Shanti,406.26,11.1,7.0,8.3,1008.7,8.2,11,1,10,305,24355.1,,Cold
2016-10-31 12:00:00,Hog_lodging_Shanti,426.84,11.1,8.0,8.9,1007.5,6.7,12,1,10,305,24355.1,,Cold
2016-10-31 13:00:00,Hog_lodging_Shanti,431.9,11.7,8.0,8.9,1005.7,10.3,13,1,10,305,24355.1,,Cold
2016-10-31 14:00:00,Hog_lodging_Shanti,432.69,12.2,8.0,9.4,1004.7,7.2,14,1,10,305,24355.1,,Cold
2016-10-31 15:00:00,Hog_lodging_Shanti,425.82,12.2,8.0,9.4,1004.1,8.8,15,1,10,305,24355.1,,Cold
2016-10-31 16:00:00,Hog_lodging_Shanti,428.24,11.7,8.0,10.6,1003.6,5.7,16,1,10,305,24355.1,,Cold
2016-10-31 17:00:00,Hog_lodging_Shanti,443.16,12.2,8.0,10.6,1003.1,6.7,17,1,10,305,24355.1,,Cold
2016-10-31 18:00:00,Hog_lodging_Shanti,447.68,12.8,8.0,10.6,1003.5,5.1,18,1,10,305,24355.1,,Cold
2016-10-31 19:00:00,Hog_lodging_Shanti,440.95,13.3,8.0,11.1,1004.0,4.1,19,1,10,305,24355.1,,Cold
2016-10-31 20:00:00,Hog_lodging_Shanti,447.59,13.3,8.0,11.7,1003.8,3.6,20,1,10,305,24355.1,,Cold
2016-10-31 21:00:00,Hog_lodging_Shanti,430.53,14.4,8.0,11.7,1003.6,6.2,21,1,10,305,24355.1,,Cold
2016-10-31 22:00:00,Hog_lodging_Shanti,435.25,13.9,8.0,12.2,1003.8,2.6,22,1,10,305,24355.1,,Cold
2016-10-31 23:00:00,Hog_lodging_Shanti,421.62,14.4,8.0,12.2,1004.2,1.5,23,1,10,305,24355.1,,Cold
2016-11-01 00:00:00,Hog_lodging_Shanti,407.64,13.9,8.0,11.7,1004.9,4.1,0,2,11,306,24355.1,,Cold
2016-11-01 01:00:00,Hog_lodging_Shanti,382.24,12.8,6.0,11.7,1005.2,2.1,1,2,11,306,24355.1,,Cold
2016-11-01 02:00:00,Hog_lodging_Shanti,332.93,12.8,4.0,11.1,1005.9,2.6,2,2,11,306,24355.1,,Cold
2016-11-01 03:00:00,Hog_lodging_Shanti,276.51,12.8,2.0,11.1,1006.4,1.5,3,2,11,306,24355.1,,Cold
2016-11-01 04:00:00,Hog_lodging_Shanti,274.02,11.1,0.0,9.4,1006.9,3.1,4,2,11,306,24355.1,,Cold
2016-11-01 05:00:00,Hog_lodging_Shanti,271.76,11.1,0.0,8.9,1007.4,3.1,5,2,11,306,24355.1,,Cold
2016-11-01 06:00:00,Hog_lodging_Shanti,276.81,10.0,0.0,7.8,1008.3,2.6,6,2,11,306,24355.1,,Cold
2016-11-01 07:00:00,Hog_lodging_Shanti,294.66,9.4,2.0,6.7,1009.3,1.5,7,2,11,306,24355.1,,Cold
2016-11-01 08:00:00,Hog_lodging_Shanti,347.99,9.4,2.0,7.2,1010.8,0.0,8,2,11,306,24355.1,,Cold
2016-11-01 09:00:00,Hog_lodging_Shanti,413.82,11.7,2.0,7.2,1011.5,2.1,9,2,11,306,24355.1,,Cold
2016-11-01 10:00:00,Hog_lodging_Shanti,432.91,15.0,2.0,6.7,1011.6,2.6,10,2,11,306,24355.1,,Cold
2016-11-01 11:00:00,Hog_lodging_Shanti,431.43,16.1,4.0,6.1,1012.0,3.6,11,2,11,306,24355.1,,Cold
2016-11-01 12:00:00,Hog_lodging_Shanti,462.54,16.7,4.0,6.1,1012.0,2.6,12,2,11,306,24355.1,,Cold
2016-11-01 13:00:00,Hog_lodging_Shanti,475.71,16.7,4.0,6.1,1012.3,3.6,13,2,11,306,24355.1,,Cold
2016-11-01 14:00:00,Hog_lodging_Shanti,483.72,17.2,4.0,6.1,1012.7,4.6,14,2,11,306,24355.1,,Cold
2016-11-01 15:00:00,Hog_lodging_Shanti,489.1,16.1,4.5,6.1,1013.5,4.1,15,2,11,306,24355.1,,Cold
2016-11-01 16:00:00,Hog_lodging_Shanti,471.78,15.6,5.0,6.7,1014.1,3.6,16,2,11,306,24355.1,,Cold
2016-11-01 17:00:00,Hog_lodging_Shanti,441.62,13.3,5.5,6.1,1014.8,2.1,17,2,11,306,24355.1,,Cold
2016-11-01 18:00:00,Hog_lodging_Shanti,451.16,12.8,6.0,6.1,1015.8,2.1,18,2,11,306,24355.1,,Cold
2016-11-01 19:00:00,Hog_lodging_Shanti,447.07,11.1,4.0,6.1,1016.9,0.0,19,2,11,306,24355.1,,Cold
2016-11-01 20:00:00,Hog_lodging_Shanti,456.77,10.0,4.8,6.1,1017.4,2.1,20,2,11,306,24355.1,,Cold
2016-11-01 21:00:00,Hog_lodging_Shanti,425.73,8.9,5.6,6.1,1018.1,1.5,21,2,11,306,24355.1,,Cold
2016-11-01 22:00:00,Hog_lodging_Shanti,435.18,8.3,6.4,5.6,1018.7,0.0,22,2,11,306,24355.1,,Cold
2016-11-01 23:00:00,Hog_lodging_Shanti,413.5,8.9,6.4,5.6,1019.4,1.5,23,2,11,306,24355.1,,Cold
2016-11-02 00:00:00,Hog_lodging_Shanti,386.18,7.8,8.0,5.0,1020.0,0.0,0,3,11,307,24355.1,,Cold
2016-11-02 01:00:00,Hog_lodging_Shanti,365.54,6.7,7.666666666666667,5.0,1020.2,0.0,1,3,11,307,24355.1,,Cold
2016-11-02 02:00:00,Hog_lodging_Shanti,307.34,5.6,7.333333333333333,3.9,1019.9,0.0,2,3,11,307,24355.1,,Cold
2016-11-02 03:00:00,Hog_lodging_Shanti,300.15,5.6,7.0,3.9,1019.9,0.0,3,3,11,307,24355.1,,Cold
2016-11-02 04:00:00,Hog_lodging_Shanti,294.13,5.0,7.0,3.9,1019.6,0.0,4,3,11,307,24355.1,,Cold
2016-11-02 05:00:00,Hog_lodging_Shanti,296.06,5.6,7.0,3.9,1020.5,0.0,5,3,11,307,24355.1,,Cold
2016-11-02 06:00:00,Hog_lodging_Shanti,294.97,5.0,6.0,3.3,1021.3,0.0,6,3,11,307,24355.1,,Cold
2016-11-02 07:00:00,Hog_lodging_Shanti,322.29,6.1,6.0,4.4,1022.0,2.1,7,3,11,307,24355.1,,Cold
2016-11-02 08:00:00,Hog_lodging_Shanti,353.56,7.2,6.0,5.0,1022.3,0.0,8,3,11,307,24355.1,,Cold
2016-11-02 09:00:00,Hog_lodging_Shanti,409.49,10.0,6.0,6.1,1022.5,1.5,9,3,11,307,24355.1,,Cold
2016-11-02 10:00:00,Hog_lodging_Shanti,408.54,11.7,6.0,6.7,1022.5,0.0,10,3,11,307,24355.1,,Cold
2016-11-02 11:00:00,Hog_lodging_Shanti,408.65,13.3,6.0,7.2,1022.5,2.1,11,3,11,307,24355.1,,Cold
2016-11-02 12:00:00,Hog_lodging_Shanti,433.25,15.0,6.0,6.1,1022.3,0.0,12,3,11,307,24355.1,,Cold
2016-11-02 13:00:00,Hog_lodging_Shanti,458.03,16.1,5.666666666666667,6.7,1022.2,1.5,13,3,11,307,24355.1,,Cold
2016-11-02 14:00:00,Hog_lodging_Shanti,458.22,16.1,5.333333333333333,5.6,1021.9,0.0,14,3,11,307,24355.1,,Cold
2016-11-02 15:00:00,Hog_lodging_Shanti,439.97,16.1,5.0,6.1,1022.3,2.6,15,3,11,307,24355.1,,Cold
2016-11-02 16:00:00,Hog_lodging_Shanti,458.82,15.6,5.0,5.6,1022.4,0.0,16,3,11,307,24355.1,,Cold
2016-11-02 17:00:00,Hog_lodging_Shanti,475.9,14.4,5.0,5.0,1021.6,0.0,17,3,11,307,24355.1,,Cold
2016-11-02 18:00:00,Hog_lodging_Shanti,454.16,13.9,4.0,5.0,1021.8,2.6,18,3,11,307,24355.1,,Cold
2016-11-02 19:00:00,Hog_lodging_Shanti,460.5,11.1,2.0,5.0,1022.1,0.0,19,3,11,307,24355.1,,Cold
2016-11-02 20:00:00,Hog_lodging_Shanti,445.28,11.7,2.0,5.6,1022.1,0.0,20,3,11,307,24355.1,,Cold
2016-11-02 21:00:00,Hog_lodging_Shanti,424.19,10.6,2.0,6.1,1022.2,1.5,21,3,11,307,24355.1,,Cold
2016-11-02 22:00:00,Hog_lodging_Shanti,420.65,10.6,2.0,6.1,1022.6,0.0,22,3,11,307,24355.1,,Cold
2016-11-02 23:00:00,Hog_lodging_Shanti,412.38,10.0,2.0,5.6,1022.2,2.1,23,3,11,307,24355.1,,Cold
2016-11-03 00:00:00,Hog_lodging_Shanti,396.19,8.3,2.0,5.0,1022.0,0.0,0,4,11,308,24355.1,,Cold
2016-11-03 01:00:00,Hog_lodging_Shanti,371.99,8.3,2.0,5.6,1022.0,0.0,1,4,11,308,24355.1,,Cold
2016-11-03 02:00:00,Hog_lodging_Shanti,320.69,7.8,2.0,5.6,1021.8,1.5,2,4,11,308,24355.1,,Cold
2016-11-03 03:00:00,Hog_lodging_Shanti,284.13,7.2,3.5,5.6,1022.1,0.0,3,4,11,308,24355.1,,Cold
2016-11-03 04:00:00,Hog_lodging_Shanti,270.37,6.1,5.0,4.4,1022.1,1.5,4,4,11,308,24355.1,,Cold
2016-11-03 05:00:00,Hog_lodging_Shanti,271.69,7.8,6.5,5.6,1022.7,2.6,5,4,11,308,24355.1,,Cold
2016-11-03 06:00:00,Hog_lodging_Shanti,268.44,7.8,8.0,5.6,1022.8,3.1,6,4,11,308,24355.1,,Cold
2016-11-03 07:00:00,Hog_lodging_Shanti,303.47,7.8,6.666666666666667,5.6,1023.4,2.1,7,4,11,308,24355.1,,Cold
2016-11-03 08:00:00,Hog_lodging_Shanti,396.93,7.8,5.333333333333334,5.6,1024.2,1.5,8,4,11,308,24355.1,,Cold
2016-11-03 09:00:00,Hog_lodging_Shanti,402.91,10.0,4.0,6.1,1024.5,1.5,9,4,11,308,24355.1,,Cold
2016-11-03 10:00:00,Hog_lodging_Shanti,417.13,12.8,3.0,7.2,1024.8,2.6,10,4,11,308,24355.1,,Cold
2016-11-03 11:00:00,Hog_lodging_Shanti,419.21,15.0,2.0,7.8,1025.3,3.6,11,4,11,308,24355.1,,Cold
2016-11-03 12:00:00,Hog_lodging_Shanti,434.97,16.1,2.0,7.2,1025.3,2.6,12,4,11,308,24355.1,,Cold
2016-11-03 13:00:00,Hog_lodging_Shanti,456.07,17.2,0.0,6.1,1025.3,4.6,13,4,11,308,24355.1,,Cold
2016-11-03 14:00:00,Hog_lodging_Shanti,473.5,18.3,0.0,5.6,1025.2,2.6,14,4,11,308,24355.1,,Cold
2016-11-03 15:00:00,Hog_lodging_Shanti,479.84,18.3,0.0,5.0,1025.5,2.1,15,4,11,308,24355.1,,Cold
2016-11-03 16:00:00,Hog_lodging_Shanti,506.46,17.8,0.0,4.4,1025.9,3.1,16,4,11,308,24355.1,,Cold
2016-11-03 17:00:00,Hog_lodging_Shanti,470.1,17.2,0.0,3.9,1026.4,1.5,17,4,11,308,24355.1,,Cold
2016-11-03 18:00:00,Hog_lodging_Shanti,454.22,15.0,0.0,3.9,1026.9,1.5,18,4,11,308,24355.1,,Cold
2016-11-03 19:00:00,Hog_lodging_Shanti,457.84,13.9,0.0,4.4,1027.5,0.0,19,4,11,308,24355.1,,Cold
2016-11-03 20:00:00,Hog_lodging_Shanti,444.63,12.8,0.0,3.9,1027.5,0.0,20,4,11,308,24355.1,,Cold
2016-11-03 21:00:00,Hog_lodging_Shanti,428.16,11.1,0.0,3.9,1028.0,0.0,21,4,11,308,24355.1,,Cold
2016-11-03 22:00:00,Hog_lodging_Shanti,434.28,9.4,0.0,3.9,1028.1,0.0,22,4,11,308,24355.1,,Cold
2016-11-03 23:00:00,Hog_lodging_Shanti,424.56,8.3,0.0,3.9,1028.2,0.0,23,4,11,308,24355.1,,Cold
2016-11-04 00:00:00,Hog_lodging_Shanti,412.41,7.8,0.0,3.9,1028.1,1.5,0,5,11,309,24355.1,,Cold
2016-11-04 01:00:00,Hog_lodging_Shanti,377.77,6.7,0.0,3.9,1028.2,0.0,1,5,11,309,24355.1,,Cold
2016-11-04 02:00:00,Hog_lodging_Shanti,311.66,6.1,0.0,3.3,1028.3,0.0,2,5,11,309,24355.1,,Cold
2016-11-04 03:00:00,Hog_lodging_Shanti,307.28,5.6,0.0,3.9,1028.6,0.0,3,5,11,309,24355.1,,Cold
2016-11-04 04:00:00,Hog_lodging_Shanti,302.2,5.6,0.0,3.3,1028.4,1.5,4,5,11,309,24355.1,,Cold
2016-11-04 05:00:00,Hog_lodging_Shanti,299.14,5.6,0.0,3.3,1028.7,0.0,5,5,11,309,24355.1,,Cold
2016-11-04 06:00:00,Hog_lodging_Shanti,301.07,6.1,0.0,3.9,1028.7,0.0,6,5,11,309,24355.1,,Cold
2016-11-04 07:00:00,Hog_lodging_Shanti,333.5,5.6,0.0,2.8,1028.7,1.5,7,5,11,309,24355.1,,Cold
2016-11-04 08:00:00,Hog_lodging_Shanti,375.09,6.1,0.0,3.9,1028.8,2.1,8,5,11,309,24355.1,,Cold
2016-11-04 09:00:00,Hog_lodging_Shanti,398.32,10.0,0.0,5.6,1028.6,1.5,9,5,11,309,24355.1,,Cold
2016-11-04 10:00:00,Hog_lodging_Shanti,405.19,12.8,0.0,4.4,1028.1,3.6,10,5,11,309,24355.1,,Cold
2016-11-04 11:00:00,Hog_lodging_Shanti,414.18,15.6,0.0,5.0,1027.8,3.6,11,5,11,309,24355.1,,Cold
2016-11-04 12:00:00,Hog_lodging_Shanti,448.75,17.2,0.0,5.0,1027.2,4.1,12,5,11,309,24355.1,,Cold
2016-11-04 13:00:00,Hog_lodging_Shanti,481.63,18.9,2.0,5.6,1026.3,3.6,13,5,11,309,24355.1,,Cold
2016-11-04 14:00:00,Hog_lodging_Shanti,508.31,19.4,2.0,5.0,1025.8,2.6,14,5,11,309,24355.1,,Cold
2016-11-04 15:00:00,Hog_lodging_Shanti,488.91,20.0,0.0,4.4,1025.4,2.1,15,5,11,309,24355.1,,Cold
2016-11-04 16:00:00,Hog_lodging_Shanti,439.56,20.0,0.0,3.9,1025.1,2.6,16,5,11,309,24355.1,,Cold
2016-11-04 17:00:00,Hog_lodging_Shanti,452.25,18.9,2.0,4.4,1024.8,2.1,17,5,11,309,24355.1,,Cold
2016-11-04 18:00:00,Hog_lodging_Shanti,444.22,17.8,2.0,4.4,1024.9,2.1,18,5,11,309,24355.1,,Cold
2016-11-04 19:00:00,Hog_lodging_Shanti,442.62,16.7,2.0,4.4,1024.9,1.5,19,5,11,309,24355.1,,Cold
2016-11-04 20:00:00,Hog_lodging_Shanti,410.97,15.0,2.0,5.0,1024.7,2.1,20,5,11,309,24355.1,,Cold
2016-11-04 21:00:00,Hog_lodging_Shanti,385.31,12.2,0.0,5.0,1024.8,0.0,21,5,11,309,24355.1,,Cold
2016-11-04 22:00:00,Hog_lodging_Shanti,390.16,11.7,0.0,4.4,1024.7,0.0,22,5,11,309,24355.1,,Cold
2016-11-04 23:00:00,Hog_lodging_Shanti,385.4,10.0,2.0,4.4,1024.4,0.0,23,5,11,309,24355.1,,Cold
2016-11-05 00:00:00,Hog_lodging_Shanti,356.51,10.0,4.0,4.4,1024.3,0.0,0,6,11,310,24355.1,,Cold
2016-11-05 01:00:00,Hog_lodging_Shanti,325.06,8.9,4.0,4.4,1024.4,0.0,1,6,11,310,24355.1,,Cold
2016-11-05 02:00:00,Hog_lodging_Shanti,316.13,8.3,2.0,3.9,1024.1,1.5,2,6,11,310,24355.1,,Cold
2016-11-05 03:00:00,Hog_lodging_Shanti,310.06,7.2,2.0,4.4,1024.1,0.0,3,6,11,310,24355.1,,Cold
2016-11-05 04:00:00,Hog_lodging_Shanti,299.09,7.2,0.0,3.9,1024.1,0.0,4,6,11,310,24355.1,,Cold
2016-11-05 05:00:00,Hog_lodging_Shanti,298.1,7.8,2.0,4.4,1024.4,0.0,5,6,11,310,24355.1,,Cold
2016-11-05 06:00:00,Hog_lodging_Shanti,296.02,7.8,2.0,3.9,1024.8,0.0,6,6,11,310,24355.1,,Cold
2016-11-05 07:00:00,Hog_lodging_Shanti,303.94,7.2,2.0,3.9,1024.7,0.0,7,6,11,310,24355.1,,Cold
2016-11-05 08:00:00,Hog_lodging_Shanti,312.9,7.8,2.0,5.0,1025.2,1.5,8,6,11,310,24355.1,,Cold
2016-11-05 09:00:00,Hog_lodging_Shanti,318.95,10.0,4.0,6.1,1025.4,0.0,9,6,11,310,24355.1,,Cold
2016-11-05 10:00:00,Hog_lodging_Shanti,306.13,13.9,2.0,6.7,1025.3,0.0,10,6,11,310,24355.1,,Cold
2016-11-05 11:00:00,Hog_lodging_Shanti,344.93,16.1,2.0,6.1,1025.1,0.0,11,6,11,310,24355.1,,Cold
2016-11-05 12:00:00,Hog_lodging_Shanti,376.97,18.9,2.0,7.2,1024.4,0.0,12,6,11,310,24355.1,,Cold
2016-11-05 13:00:00,Hog_lodging_Shanti,437.31,21.1,0.0,7.2,1023.1,2.1,13,6,11,310,24355.1,,Cold
2016-11-05 14:00:00,Hog_lodging_Shanti,450.94,22.2,0.0,6.1,1022.7,3.1,14,6,11,310,24355.1,,Cold
2016-11-05 15:00:00,Hog_lodging_Shanti,451.69,22.2,0.0,5.0,1022.5,4.6,15,6,11,310,24355.1,,Cold
2016-11-05 16:00:00,Hog_lodging_Shanti,463.0,21.7,0.0,5.6,1022.5,3.1,16,6,11,310,24355.1,,Cold
2016-11-05 17:00:00,Hog_lodging_Shanti,488.84,20.0,0.0,6.1,1022.5,1.5,17,6,11,310,24355.1,,Cold
2016-11-05 18:00:00,Hog_lodging_Shanti,472.28,16.7,0.0,6.1,1022.8,2.6,18,6,11,310,24355.1,,Cold
2016-11-05 19:00:00,Hog_lodging_Shanti,441.69,16.7,0.0,6.1,1023.0,3.1,19,6,11,310,24355.1,,Cold
2016-11-05 20:00:00,Hog_lodging_Shanti,412.28,14.4,0.0,6.7,1023.1,2.6,20,6,11,310,24355.1,,Cold
2016-11-05 21:00:00,Hog_lodging_Shanti,390.65,15.0,0.0,6.7,1023.1,2.1,21,6,11,310,24355.1,,Cold
2016-11-05 22:00:00,Hog_lodging_Shanti,394.51,13.3,0.0,6.1,1023.1,2.6,22,6,11,310,24355.1,,Cold
2016-11-05 23:00:00,Hog_lodging_Shanti,393.78,13.3,0.0,6.7,1023.0,2.6,23,6,11,310,24355.1,,Cold
2016-11-06 00:00:00,Hog_lodging_Shanti,385.62,11.7,0.0,6.1,1023.1,2.1,0,7,11,311,24355.1,,Cold
2016-11-06 01:00:00,Hog_lodging_Shanti,353.53,11.1,0.0,6.1,1023.1,2.1,1,7,11,311,24355.1,,Cold
2016-11-06 02:00:00,Hog_lodging_Shanti,621.35,10.6,0.0,6.1,1023.0,1.5,2,7,11,311,24355.1,,Cold
2016-11-06 03:00:00,Hog_lodging_Shanti,297.4,9.4,0.0,5.6,1023.1,0.0,3,7,11,311,24355.1,,Cold
2016-11-06 04:00:00,Hog_lodging_Shanti,294.34,8.9,0.0,5.0,1023.2,0.0,4,7,11,311,24355.1,,Cold
2016-11-06 05:00:00,Hog_lodging_Shanti,293.25,9.4,0.0,5.0,1023.4,1.5,5,7,11,311,24355.1,,Cold
2016-11-06 06:00:00,Hog_lodging_Shanti,288.32,9.4,0.0,5.0,1023.5,2.6,6,7,11,311,24355.1,,Cold
2016-11-06 07:00:00,Hog_lodging_Shanti,300.28,8.3,0.0,5.0,1023.7,2.1,7,7,11,311,24355.1,,Cold
2016-11-06 08:00:00,Hog_lodging_Shanti,310.28,8.9,0.0,5.6,1024.1,2.6,8,7,11,311,24355.1,,Cold
2016-11-06 09:00:00,Hog_lodging_Shanti,321.53,11.7,0.0,6.7,1024.2,2.6,9,7,11,311,24355.1,,Cold
2016-11-06 10:00:00,Hog_lodging_Shanti,353.63,15.0,0.0,7.2,1024.2,1.5,10,7,11,311,24355.1,,Cold
2016-11-06 11:00:00,Hog_lodging_Shanti,369.72,17.8,0.0,5.6,1023.9,3.1,11,7,11,311,24355.1,,Cold
2016-11-06 12:00:00,Hog_lodging_Shanti,392.06,18.9,0.0,5.0,1023.0,4.1,12,7,11,311,24355.1,,Cold
2016-11-06 13:00:00,Hog_lodging_Shanti,451.91,20.6,2.0,4.4,1022.1,4.6,13,7,11,311,24355.1,,Cold
2016-11-06 14:00:00,Hog_lodging_Shanti,453.65,21.1,2.0,3.3,1021.5,6.2,14,7,11,311,24355.1,,Cold
2016-11-06 15:00:00,Hog_lodging_Shanti,460.72,20.6,2.0,4.4,1021.1,5.7,15,7,11,311,24355.1,,Cold
2016-11-06 16:00:00,Hog_lodging_Shanti,459.94,20.0,2.0,4.4,1021.2,6.2,16,7,11,311,24355.1,,Cold
2016-11-06 17:00:00,Hog_lodging_Shanti,459.63,18.9,2.0,5.0,1021.2,5.1,17,7,11,311,24355.1,,Cold
2016-11-06 18:00:00,Hog_lodging_Shanti,461.71,17.2,2.0,5.0,1021.4,4.6,18,7,11,311,24355.1,,Cold
2016-11-06 19:00:00,Hog_lodging_Shanti,453.81,15.0,2.0,5.6,1021.5,3.6,19,7,11,311,24355.1,,Cold
2016-11-06 20:00:00,Hog_lodging_Shanti,469.38,13.3,2.0,5.6,1021.4,2.6,20,7,11,311,24355.1,,Cold
2016-11-06 21:00:00,Hog_lodging_Shanti,456.22,11.7,0.0,5.0,1021.3,3.1,21,7,11,311,24355.1,,Cold
2016-11-06 22:00:00,Hog_lodging_Shanti,435.72,11.1,0.0,5.6,1021.2,3.1,22,7,11,311,24355.1,,Cold
2016-11-06 23:00:00,Hog_lodging_Shanti,423.31,10.0,0.0,5.0,1021.3,3.6,23,7,11,311,24355.1,,Cold
2016-11-07 00:00:00,Hog_lodging_Shanti,399.6,9.4,0.0,5.0,1021.1,3.6,0,1,11,312,24355.1,,Cold
2016-11-07 01:00:00,Hog_lodging_Shanti,374.4,9.4,2.0,4.4,1020.9,4.1,1,1,11,312,24355.1,,Cold
2016-11-07 02:00:00,Hog_lodging_Shanti,321.32,8.9,4.0,3.9,1020.7,3.6,2,1,11,312,24355.1,,Cold
2016-11-07 03:00:00,Hog_lodging_Shanti,281.92,8.3,4.0,3.3,1021.3,3.6,3,1,11,312,24355.1,,Cold
2016-11-07 04:00:00,Hog_lodging_Shanti,271.2,8.3,4.0,3.3,1021.0,4.6,4,1,11,312,24355.1,,Cold
2016-11-07 05:00:00,Hog_lodging_Shanti,269.09,8.3,4.0,3.3,1020.9,4.1,5,1,11,312,24355.1,,Cold
2016-11-07 06:00:00,Hog_lodging_Shanti,270.18,8.9,6.0,3.3,1020.8,3.6,6,1,11,312,24355.1,,Cold
2016-11-07 07:00:00,Hog_lodging_Shanti,294.45,8.3,6.333333333333333,3.3,1020.8,4.6,7,1,11,312,24355.1,,Cold
2016-11-07 08:00:00,Hog_lodging_Shanti,366.77,9.4,6.666666666666667,3.9,1021.0,3.6,8,1,11,312,24355.1,,Cold
2016-11-07 09:00:00,Hog_lodging_Shanti,421.26,11.1,7.0,3.9,1021.3,2.6,9,1,11,312,24355.1,,Cold
2016-11-07 10:00:00,Hog_lodging_Shanti,424.74,13.9,7.0,4.4,1021.3,6.2,10,1,11,312,24355.1,,Cold
2016-11-07 11:00:00,Hog_lodging_Shanti,434.44,15.0,7.0,5.0,1021.2,5.7,11,1,11,312,24355.1,,Cold
2016-11-07 12:00:00,Hog_lodging_Shanti,462.07,16.1,8.0,5.6,1020.7,4.6,12,1,11,312,24355.1,,Cold
2016-11-07 13:00:00,Hog_lodging_Shanti,475.84,17.2,8.0,6.1,1020.1,4.1,13,1,11,312,24355.1,,Cold
2016-11-07 14:00:00,Hog_lodging_Shanti,493.47,17.8,8.0,7.2,1019.8,3.6,14,1,11,312,24355.1,,Cold
2016-11-07 15:00:00,Hog_lodging_Shanti,478.5,17.8,8.0,7.8,1019.6,4.1,15,1,11,312,24355.1,,Cold
2016-11-07 16:00:00,Hog_lodging_Shanti,447.31,17.2,8.0,7.2,1020.2,5.7,16,1,11,312,24355.1,,Cold
2016-11-07 17:00:00,Hog_lodging_Shanti,457.91,15.6,8.0,6.7,1020.5,5.1,17,1,11,312,24355.1,,Cold
2016-11-07 18:00:00,Hog_lodging_Shanti,461.81,15.0,8.0,7.2,1020.7,4.1,18,1,11,312,24355.1,,Cold
2016-11-07 19:00:00,Hog_lodging_Shanti,461.72,15.0,6.666666666666667,7.2,1021.2,2.6,19,1,11,312,24355.1,,Cold
2016-11-07 20:00:00,Hog_lodging_Shanti,458.72,14.4,5.333333333333334,7.8,1021.0,3.6,20,1,11,312,24355.1,,Cold
2016-11-07 21:00:00,Hog_lodging_Shanti,450.88,13.9,4.0,7.8,1020.9,3.1,21,1,11,312,24355.1,,Cold
2016-11-07 22:00:00,Hog_lodging_Shanti,441.93,12.8,4.0,6.1,1021.4,5.7,22,1,11,312,24355.1,,Cold
2016-11-07 23:00:00,Hog_lodging_Shanti,420.18,11.7,2.0,5.0,1022.1,5.7,23,1,11,312,24355.1,,Cold
2016-11-08 00:00:00,Hog_lodging_Shanti,397.48,10.0,0.0,4.4,1022.6,3.6,0,2,11,313,24355.1,,Cold
2016-11-08 01:00:00,Hog_lodging_Shanti,373.09,9.4,0.0,3.9,1023.6,5.1,1,2,11,313,24355.1,,Cold
2016-11-08 02:00:00,Hog_lodging_Shanti,311.84,8.9,0.0,3.9,1024.4,6.2,2,2,11,313,24355.1,,Cold
2016-11-08 03:00:00,Hog_lodging_Shanti,303.16,8.3,0.0,3.3,1024.9,5.1,3,2,11,313,24355.1,,Cold
2016-11-08 04:00:00,Hog_lodging_Shanti,300.03,7.8,0.0,3.3,1025.4,5.7,4,2,11,313,24355.1,,Cold
2016-11-08 05:00:00,Hog_lodging_Shanti,295.91,7.2,0.0,3.3,1026.2,5.7,5,2,11,313,24355.1,,Cold
2016-11-08 06:00:00,Hog_lodging_Shanti,292.1,7.2,0.0,3.3,1026.8,5.7,6,2,11,313,24355.1,,Cold
2016-11-08 07:00:00,Hog_lodging_Shanti,320.3,6.7,0.0,2.8,1027.5,5.1,7,2,11,313,24355.1,,Cold
2016-11-08 08:00:00,Hog_lodging_Shanti,357.53,7.2,0.0,3.3,1028.7,5.1,8,2,11,313,24355.1,,Cold
2016-11-08 09:00:00,Hog_lodging_Shanti,390.44,8.9,0.0,3.3,1029.3,5.7,9,2,11,313,24355.1,,Cold
2016-11-08 10:00:00,Hog_lodging_Shanti,415.34,10.6,0.0,3.3,1029.5,6.7,10,2,11,313,24355.1,,Cold
2016-11-08 11:00:00,Hog_lodging_Shanti,419.88,12.2,0.0,3.3,1029.5,5.1,11,2,11,313,24355.1,,Cold
2016-11-08 12:00:00,Hog_lodging_Shanti,432.22,12.8,2.0,2.8,1029.2,5.1,12,2,11,313,24355.1,,Cold
2016-11-08 13:00:00,Hog_lodging_Shanti,453.22,13.9,2.0,2.2,1029.2,5.7,13,2,11,313,24355.1,,Cold
2016-11-08 14:00:00,Hog_lodging_Shanti,437.37,14.4,2.0,1.1,1028.9,6.2,14,2,11,313,24355.1,,Cold
2016-11-08 15:00:00,Hog_lodging_Shanti,454.88,14.4,2.0,0.0,1028.9,5.7,15,2,11,313,24355.1,,Cold
2016-11-08 16:00:00,Hog_lodging_Shanti,461.72,13.9,0.0,-0.6,1029.0,4.1,16,2,11,313,24355.1,,Cold
2016-11-08 17:00:00,Hog_lodging_Shanti,461.69,12.2,0.0,-0.6,1029.3,3.1,17,2,11,313,24355.1,,Cold
2016-11-08 18:00:00,Hog_lodging_Shanti,445.28,11.1,0.0,-1.1,1030.2,2.6,18,2,11,313,24355.1,,Cold
2016-11-08 19:00:00,Hog_lodging_Shanti,448.31,9.4,0.0,-0.6,1030.1,2.1,19,2,11,313,24355.1,,Cold
2016-11-08 20:00:00,Hog_lodging_Shanti,434.59,9.4,0.0,-1.1,1030.0,2.1,20,2,11,313,24355.1,,Cold
2016-11-08 21:00:00,Hog_lodging_Shanti,415.19,7.2,0.0,0.0,1030.2,2.6,21,2,11,313,24355.1,,Cold
2016-11-08 22:00:00,Hog_lodging_Shanti,420.88,8.3,4.0,-0.6,1029.9,0.0,22,2,11,313,24355.1,,Cold
2016-11-08 23:00:00,Hog_lodging_Shanti,412.94,6.7,4.0,0.0,1029.8,0.0,23,2,11,313,24355.1,,Cold
2016-11-09 00:00:00,Hog_lodging_Shanti,388.9,4.4,2.0,0.6,1029.8,0.0,0,3,11,314,24355.1,,Cold
2016-11-09 01:00:00,Hog_lodging_Shanti,370.4,5.0,2.0,0.6,1029.5,1.5,1,3,11,314,24355.1,,Cold
2016-11-09 02:00:00,Hog_lodging_Shanti,312.66,3.9,2.0,0.0,1029.6,0.0,2,3,11,314,24355.1,,Cold
2016-11-09 03:00:00,Hog_lodging_Shanti,276.66,4.4,0.0,1.1,1029.5,2.1,3,3,11,314,24355.1,,Cold
2016-11-09 04:00:00,Hog_lodging_Shanti,268.88,3.9,0.0,1.1,1028.9,1.5,4,3,11,314,24355.1,,Cold
2016-11-09 05:00:00,Hog_lodging_Shanti,272.93,2.8,2.0,0.0,1028.9,0.0,5,3,11,314,24355.1,,Cold
2016-11-09 06:00:00,Hog_lodging_Shanti,270.68,3.3,2.0,0.6,1029.0,0.0,6,3,11,314,24355.1,,Cold
2016-11-09 07:00:00,Hog_lodging_Shanti,296.1,3.3,2.0,0.6,1028.9,1.5,7,3,11,314,24355.1,,Cold
2016-11-09 08:00:00,Hog_lodging_Shanti,316.41,3.9,2.0,1.1,1028.9,2.1,8,3,11,314,24355.1,,Cold
2016-11-09 09:00:00,Hog_lodging_Shanti,386.75,6.1,2.0,2.2,1028.4,2.1,9,3,11,314,24355.1,,Cold
2016-11-09 10:00:00,Hog_lodging_Shanti,414.85,9.4,2.0,2.8,1027.9,3.6,10,3,11,314,24355.1,,Cold
2016-11-09 11:00:00,Hog_lodging_Shanti,409.77,11.7,2.0,2.8,1027.2,3.6,11,3,11,314,24355.1,,Cold
2016-11-09 12:00:00,Hog_lodging_Shanti,434.28,12.8,2.0,2.8,1026.1,4.6,12,3,11,314,24355.1,,Cold
2016-11-09 13:00:00,Hog_lodging_Shanti,438.03,13.9,2.0,2.2,1024.8,6.7,13,3,11,314,24355.1,,Cold
2016-11-09 14:00:00,Hog_lodging_Shanti,449.6,15.0,2.0,2.2,1024.3,5.1,14,3,11,314,24355.1,,Cold
2016-11-09 15:00:00,Hog_lodging_Shanti,437.99,15.0,2.0,1.7,1023.6,4.6,15,3,11,314,24355.1,,Cold
2016-11-09 16:00:00,Hog_lodging_Shanti,453.29,15.0,4.0,2.2,1023.3,5.1,16,3,11,314,24355.1,,Cold
2016-11-09 17:00:00,Hog_lodging_Shanti,455.57,13.9,4.0,2.8,1022.1,3.6,17,3,11,314,24355.1,,Cold
2016-11-09 18:00:00,Hog_lodging_Shanti,450.81,12.8,2.0,2.8,1021.5,3.6,18,3,11,314,24355.1,,Cold
2016-11-09 19:00:00,Hog_lodging_Shanti,439.22,12.2,2.0,2.2,1021.1,3.1,19,3,11,314,24355.1,,Cold
2016-11-09 20:00:00,Hog_lodging_Shanti,437.15,12.2,2.0,1.7,1020.6,4.1,20,3,11,314,24355.1,,Cold
2016-11-09 21:00:00,Hog_lodging_Shanti,426.69,11.7,2.0,1.7,1020.4,4.1,21,3,11,314,24355.1,,Cold
2016-11-09 22:00:00,Hog_lodging_Shanti,419.28,11.1,0.0,1.7,1019.6,5.1,22,3,11,314,24355.1,,Cold
2016-11-09 23:00:00,Hog_lodging_Shanti,421.31,10.6,0.0,1.7,1018.7,5.7,23,3,11,314,24355.1,,Cold
2016-11-10 00:00:00,Hog_lodging_Shanti,388.28,10.6,0.0,1.7,1017.9,5.1,0,4,11,315,24355.1,,Cold
2016-11-10 01:00:00,Hog_lodging_Shanti,359.66,10.0,0.0,1.7,1017.5,4.1,1,4,11,315,24355.1,,Cold
2016-11-10 02:00:00,Hog_lodging_Shanti,298.72,9.4,0.0,2.2,1016.8,3.6,2,4,11,315,24355.1,,Cold
2016-11-10 03:00:00,Hog_lodging_Shanti,278.28,8.9,0.0,2.2,1016.2,3.6,3,4,11,315,24355.1,,Cold
2016-11-10 04:00:00,Hog_lodging_Shanti,273.18,8.9,0.0,2.2,1015.5,3.1,4,4,11,315,24355.1,,Cold
2016-11-10 05:00:00,Hog_lodging_Shanti,270.26,8.3,0.0,2.2,1015.1,4.6,5,4,11,315,24355.1,,Cold
2016-11-10 06:00:00,Hog_lodging_Shanti,266.96,7.8,0.0,2.2,1014.5,4.6,6,4,11,315,24355.1,,Cold
2016-11-10 07:00:00,Hog_lodging_Shanti,287.0,7.8,0.0,2.2,1014.0,3.1,7,4,11,315,24355.1,,Cold
2016-11-10 08:00:00,Hog_lodging_Shanti,330.22,7.8,0.0,2.8,1014.1,3.6,8,4,11,315,24355.1,,Cold
2016-11-10 09:00:00,Hog_lodging_Shanti,394.28,9.4,0.0,2.8,1013.8,4.6,9,4,11,315,24355.1,,Cold
2016-11-10 10:00:00,Hog_lodging_Shanti,426.85,11.7,0.0,3.3,1013.5,4.6,10,4,11,315,24355.1,,Cold
2016-11-10 11:00:00,Hog_lodging_Shanti,419.69,13.9,0.0,3.3,1013.7,5.1,11,4,11,315,24355.1,,Cold
2016-11-10 12:00:00,Hog_lodging_Shanti,449.19,16.1,0.0,4.4,1013.3,4.6,12,4,11,315,24355.1,,Cold
2016-11-10 13:00:00,Hog_lodging_Shanti,484.43,17.8,0.0,5.6,1013.4,5.1,13,4,11,315,24355.1,,Cold
2016-11-10 14:00:00,Hog_lodging_Shanti,526.62,19.4,0.0,5.6,1014.0,8.8,14,4,11,315,24355.1,,Cold
2016-11-10 15:00:00,Hog_lodging_Shanti,512.78,19.4,0.0,5.0,1014.6,8.2,15,4,11,315,24355.1,,Cold
2016-11-10 16:00:00,Hog_lodging_Shanti,511.79,18.9,0.0,3.9,1015.6,7.2,16,4,11,315,24355.1,,Cold
2016-11-10 17:00:00,Hog_lodging_Shanti,506.57,17.2,0.0,1.7,1017.2,7.2,17,4,11,315,24355.1,,Cold
2016-11-10 18:00:00,Hog_lodging_Shanti,505.15,15.6,0.0,0.0,1018.9,5.1,18,4,11,315,24355.1,,Cold
2016-11-10 19:00:00,Hog_lodging_Shanti,474.97,13.9,0.0,1.1,1020.3,5.1,19,4,11,315,24355.1,,Cold
2016-11-10 20:00:00,Hog_lodging_Shanti,440.22,12.8,0.0,0.6,1021.1,4.6,20,4,11,315,24355.1,,Cold
2016-11-10 21:00:00,Hog_lodging_Shanti,425.06,11.7,0.0,0.0,1021.9,6.2,21,4,11,315,24355.1,,Cold
2016-11-10 22:00:00,Hog_lodging_Shanti,428.9,11.1,0.0,-0.6,1022.6,5.7,22,4,11,315,24355.1,,Cold
2016-11-10 23:00:00,Hog_lodging_Shanti,415.44,10.0,0.0,-0.6,1023.2,7.2,23,4,11,315,24355.1,,Cold
2016-11-11 00:00:00,Hog_lodging_Shanti,394.34,10.0,0.0,-1.1,1023.7,5.7,0,5,11,316,24355.1,,Cold
2016-11-11 01:00:00,Hog_lodging_Shanti,364.2,8.9,0.0,-0.6,1024.4,4.1,1,5,11,316,24355.1,,Cold
2016-11-11 02:00:00,Hog_lodging_Shanti,318.27,7.8,0.0,-0.6,1025.3,4.1,2,5,11,316,24355.1,,Cold
2016-11-11 03:00:00,Hog_lodging_Shanti,302.13,7.2,0.0,-0.6,1026.1,3.1,3,5,11,316,24355.1,,Cold
2016-11-11 04:00:00,Hog_lodging_Shanti,300.16,6.7,2.0,-0.6,1026.8,5.7,4,5,11,316,24355.1,,Cold
2016-11-11 05:00:00,Hog_lodging_Shanti,300.15,6.1,0.0,-1.1,1028.2,6.7,5,5,11,316,24355.1,,Cold
2016-11-11 06:00:00,Hog_lodging_Shanti,290.16,5.0,0.0,-1.1,1029.2,5.1,6,5,11,316,24355.1,,Cold
2016-11-11 07:00:00,Hog_lodging_Shanti,277.37,4.4,2.0,-1.1,1030.3,3.6,7,5,11,316,24355.1,,Cold
2016-11-11 08:00:00,Hog_lodging_Shanti,341.41,5.0,0.0,-1.1,1031.3,5.1,8,5,11,316,24355.1,,Cold
2016-11-11 09:00:00,Hog_lodging_Shanti,403.53,5.6,0.0,-0.6,1032.2,6.2,9,5,11,316,24355.1,,Cold
2016-11-11 10:00:00,Hog_lodging_Shanti,426.34,6.7,0.0,-1.1,1032.8,5.7,10,5,11,316,24355.1,,Cold
2016-11-11 11:00:00,Hog_lodging_Shanti,433.04,7.2,0.0,-1.7,1032.8,3.6,11,5,11,316,24355.1,,Cold
2016-11-11 12:00:00,Hog_lodging_Shanti,441.12,8.3,0.0,-1.7,1033.3,3.1,12,5,11,316,24355.1,,Cold
2016-11-11 13:00:00,Hog_lodging_Shanti,453.37,8.9,0.0,-1.7,1032.1,1.5,13,5,11,316,24355.1,,Cold
2016-11-11 14:00:00,Hog_lodging_Shanti,440.91,8.9,0.0,-2.8,1032.2,3.1,14,5,11,316,24355.1,,Cold
2016-11-11 15:00:00,Hog_lodging_Shanti,412.62,9.4,0.0,-2.8,1032.0,4.1,15,5,11,316,24355.1,,Cold
2016-11-11 16:00:00,Hog_lodging_Shanti,427.79,8.9,0.0,-3.3,1032.1,2.6,16,5,11,316,24355.1,,Cold
2016-11-11 17:00:00,Hog_lodging_Shanti,424.34,7.8,0.0,-3.3,1032.1,0.0,17,5,11,316,24355.1,,Cold
2016-11-11 18:00:00,Hog_lodging_Shanti,444.72,6.7,0.0,-2.8,1032.6,0.0,18,5,11,316,24355.1,,Cold
2016-11-11 19:00:00,Hog_lodging_Shanti,426.84,6.1,0.0,-2.8,1032.3,0.0,19,5,11,316,24355.1,,Cold
2016-11-11 20:00:00,Hog_lodging_Shanti,403.44,5.0,0.0,-2.8,1032.4,0.0,20,5,11,316,24355.1,,Cold
2016-11-11 21:00:00,Hog_lodging_Shanti,392.41,3.9,0.0,-2.2,1032.2,0.0,21,5,11,316,24355.1,,Cold
2016-11-11 22:00:00,Hog_lodging_Shanti,379.96,3.9,0.0,-2.8,1031.7,1.5,22,5,11,316,24355.1,,Cold
2016-11-11 23:00:00,Hog_lodging_Shanti,336.29,3.9,0.0,-2.8,1031.2,2.1,23,5,11,316,24355.1,,Cold
2016-11-12 00:00:00,Hog_lodging_Shanti,304.06,2.8,0.0,-2.2,1031.0,2.6,0,6,11,317,24355.1,,Cold
2016-11-12 01:00:00,Hog_lodging_Shanti,302.94,1.7,0.0,-3.3,1030.9,2.1,1,6,11,317,24355.1,,Cold
2016-11-12 02:00:00,Hog_lodging_Shanti,353.19,2.2,0.0,-2.8,1030.7,2.6,2,6,11,317,24355.1,,Cold
2016-11-12 03:00:00,Hog_lodging_Shanti,227.49,1.7,0.0,-2.8,1030.1,2.1,3,6,11,317,24355.1,,Cold
2016-11-12 04:00:00,Hog_lodging_Shanti,218.6,1.7,0.0,-2.8,1029.9,3.1,4,6,11,317,24355.1,,Cold
2016-11-12 05:00:00,Hog_lodging_Shanti,215.69,1.1,0.0,-2.8,1029.4,2.6,5,6,11,317,24355.1,,Cold
2016-11-12 06:00:00,Hog_lodging_Shanti,236.96,1.1,0.0,-2.8,1028.6,2.6,6,6,11,317,24355.1,,Cold
2016-11-12 07:00:00,Hog_lodging_Shanti,244.54,1.1,0.0,-2.8,1028.1,2.1,7,6,11,317,24355.1,,Cold
2016-11-12 08:00:00,Hog_lodging_Shanti,252.9,2.2,0.0,-1.7,1027.9,1.5,8,6,11,317,24355.1,,Cold
2016-11-12 09:00:00,Hog_lodging_Shanti,251.85,5.6,0.0,-0.6,1027.2,6.2,9,6,11,317,24355.1,,Cold
2016-11-12 10:00:00,Hog_lodging_Shanti,249.66,7.2,0.0,-0.6,1026.7,9.3,10,6,11,317,24355.1,,Cold
2016-11-12 11:00:00,Hog_lodging_Shanti,289.99,8.3,0.0,0.0,1026.4,7.2,11,6,11,317,24355.1,,Cold
2016-11-12 12:00:00,Hog_lodging_Shanti,323.37,9.4,0.0,0.0,1024.7,8.2,12,6,11,317,24355.1,,Cold
2016-11-12 13:00:00,Hog_lodging_Shanti,348.26,10.6,0.0,0.6,1023.4,6.2,13,6,11,317,24355.1,,Cold
2016-11-12 14:00:00,Hog_lodging_Shanti,406.97,11.7,0.0,0.0,1022.0,5.7,14,6,11,317,24355.1,,Cold
2016-11-12 15:00:00,Hog_lodging_Shanti,535.53,11.7,0.0,0.0,1021.1,6.7,15,6,11,317,24355.1,,Cold
2016-11-12 16:00:00,Hog_lodging_Shanti,613.19,11.7,0.0,0.6,1020.4,4.1,16,6,11,317,24355.1,,Cold
2016-11-12 17:00:00,Hog_lodging_Shanti,615.96,10.6,0.0,0.0,1020.0,4.6,17,6,11,317,24355.1,,Cold
2016-11-12 18:00:00,Hog_lodging_Shanti,429.75,10.0,0.0,0.6,1019.3,4.1,18,6,11,317,24355.1,,Cold
2016-11-12 19:00:00,Hog_lodging_Shanti,367.78,9.4,0.0,0.6,1018.8,5.1,19,6,11,317,24355.1,,Cold
2016-11-12 20:00:00,Hog_lodging_Shanti,351.78,8.9,0.0,0.6,1018.1,4.1,20,6,11,317,24355.1,,Cold
2016-11-12 21:00:00,Hog_lodging_Shanti,318.07,9.4,0.0,0.0,1017.5,5.7,21,6,11,317,24355.1,,Cold
2016-11-12 22:00:00,Hog_lodging_Shanti,310.94,8.9,0.0,0.6,1017.1,7.2,22,6,11,317,24355.1,,Cold
2016-11-12 23:00:00,Hog_lodging_Shanti,291.15,8.3,0.0,0.6,1016.8,5.7,23,6,11,317,24355.1,,Cold
2016-11-13 00:00:00,Hog_lodging_Shanti,273.38,7.8,0.0,0.6,1016.4,3.6,0,7,11,318,24355.1,,Cold
2016-11-13 01:00:00,Hog_lodging_Shanti,258.62,7.2,0.0,0.6,1015.8,4.6,1,7,11,318,24355.1,,Cold
2016-11-13 02:00:00,Hog_lodging_Shanti,250.6,6.7,0.0,0.6,1015.1,5.1,2,7,11,318,24355.1,,Cold
2016-11-13 03:00:00,Hog_lodging_Shanti,234.59,6.1,0.0,0.6,1014.5,4.1,3,7,11,318,24355.1,,Cold
2016-11-13 04:00:00,Hog_lodging_Shanti,227.6,6.1,0.0,0.6,1013.9,3.6,4,7,11,318,24355.1,,Cold
2016-11-13 05:00:00,Hog_lodging_Shanti,225.47,6.1,0.0,0.6,1013.3,4.6,5,7,11,318,24355.1,,Cold
2016-11-13 06:00:00,Hog_lodging_Shanti,225.4,5.6,0.0,0.6,1013.0,3.6,6,7,11,318,24355.1,,Cold
2016-11-13 07:00:00,Hog_lodging_Shanti,237.15,5.6,0.0,0.6,1012.7,4.1,7,7,11,318,24355.1,,Cold
2016-11-13 08:00:00,Hog_lodging_Shanti,242.1,6.1,0.0,0.6,1012.8,2.6,8,7,11,318,24355.1,,Cold
2016-11-13 09:00:00,Hog_lodging_Shanti,246.65,7.8,0.0,0.6,1012.4,4.6,9,7,11,318,24355.1,,Cold
2016-11-13 10:00:00,Hog_lodging_Shanti,257.91,9.4,0.0,0.6,1011.8,7.2,10,7,11,318,24355.1,,Cold
2016-11-13 11:00:00,Hog_lodging_Shanti,327.16,11.1,0.0,1.1,1011.5,6.2,11,7,11,318,24355.1,,Cold
2016-11-13 12:00:00,Hog_lodging_Shanti,421.31,12.8,0.0,1.1,1010.9,7.2,12,7,11,318,24355.1,,Cold
2016-11-13 13:00:00,Hog_lodging_Shanti,641.71,13.9,0.0,1.7,1010.7,5.7,13,7,11,318,24355.1,,Cold
2016-11-13 14:00:00,Hog_lodging_Shanti,441.85,15.0,0.0,2.2,1010.2,4.6,14,7,11,318,24355.1,,Cold
2016-11-13 15:00:00,Hog_lodging_Shanti,439.84,16.1,0.0,2.2,1009.7,4.6,15,7,11,318,24355.1,,Cold
2016-11-13 16:00:00,Hog_lodging_Shanti,464.26,16.1,0.0,2.8,1009.9,6.2,16,7,11,318,24355.1,,Cold
2016-11-13 17:00:00,Hog_lodging_Shanti,446.78,15.0,2.0,2.8,1010.1,3.6,17,7,11,318,24355.1,,Cold
2016-11-13 18:00:00,Hog_lodging_Shanti,450.31,13.9,0.0,2.8,1010.1,2.6,18,7,11,318,24355.1,,Cold
2016-11-13 19:00:00,Hog_lodging_Shanti,444.56,12.8,0.0,2.8,1010.4,3.1,19,7,11,318,24355.1,,Cold
2016-11-13 20:00:00,Hog_lodging_Shanti,458.47,12.2,0.0,3.3,1010.6,2.6,20,7,11,318,24355.1,,Cold
2016-11-13 21:00:00,Hog_lodging_Shanti,435.37,11.7,0.0,3.3,1010.7,3.1,21,7,11,318,24355.1,,Cold
2016-11-13 22:00:00,Hog_lodging_Shanti,433.48,10.6,0.0,3.3,1010.9,1.5,22,7,11,318,24355.1,,Cold
2016-11-13 23:00:00,Hog_lodging_Shanti,423.15,10.0,2.0,3.3,1011.1,2.1,23,7,11,318,24355.1,,Cold
2016-11-14 00:00:00,Hog_lodging_Shanti,418.59,8.9,2.0,3.3,1011.3,0.0,0,1,11,319,24355.1,,Cold
2016-11-14 01:00:00,Hog_lodging_Shanti,407.56,8.9,2.0,3.3,1011.2,2.1,1,1,11,319,24355.1,,Cold
2016-11-14 02:00:00,Hog_lodging_Shanti,378.69,8.3,0.0,3.3,1011.1,1.5,2,1,11,319,24355.1,,Cold
2016-11-14 03:00:00,Hog_lodging_Shanti,335.88,6.7,2.0,2.8,1011.5,1.5,3,1,11,319,24355.1,,Cold
2016-11-14 04:00:00,Hog_lodging_Shanti,352.81,6.1,2.0,3.3,1011.7,2.6,4,1,11,319,24355.1,,Cold
2016-11-14 05:00:00,Hog_lodging_Shanti,363.25,7.2,2.0,3.3,1011.8,3.1,5,1,11,319,24355.1,,Cold
2016-11-14 06:00:00,Hog_lodging_Shanti,317.88,5.6,0.0,2.8,1012.1,3.1,6,1,11,319,24355.1,,Cold
2016-11-14 07:00:00,Hog_lodging_Shanti,337.03,5.0,0.0,2.8,1012.9,2.6,7,1,11,319,24355.1,,Cold
2016-11-14 08:00:00,Hog_lodging_Shanti,379.06,6.1,1.6,3.3,1013.0,1.5,8,1,11,319,24355.1,,Cold
2016-11-14 09:00:00,Hog_lodging_Shanti,436.28,6.7,3.2,3.9,1013.8,2.6,9,1,11,319,24355.1,,Cold
2016-11-14 10:00:00,Hog_lodging_Shanti,432.13,7.8,4.800000000000001,4.4,1013.9,3.1,10,1,11,319,24355.1,,Cold
2016-11-14 11:00:00,Hog_lodging_Shanti,426.47,8.3,4.800000000000001,4.4,1014.3,4.1,11,1,11,319,24355.1,,Cold
2016-11-14 12:00:00,Hog_lodging_Shanti,437.15,8.9,8.0,5.0,1014.1,3.6,12,1,11,319,24355.1,,Cold
2016-11-14 13:00:00,Hog_lodging_Shanti,438.25,10.0,7.666666666666667,5.0,1013.8,4.1,13,1,11,319,24355.1,,Cold
2016-11-14 14:00:00,Hog_lodging_Shanti,437.13,10.0,7.333333333333333,5.0,1013.8,3.6,14,1,11,319,24355.1,,Cold
2016-11-14 15:00:00,Hog_lodging_Shanti,424.03,10.0,7.0,5.0,1013.9,3.6,15,1,11,319,24355.1,,Cold
2016-11-14 16:00:00,Hog_lodging_Shanti,429.56,10.0,7.0,5.6,1013.8,2.1,16,1,11,319,24355.1,,Cold
2016-11-14 17:00:00,Hog_lodging_Shanti,443.51,8.9,7.0,4.4,1014.3,2.1,17,1,11,319,24355.1,,Cold
2016-11-14 18:00:00,Hog_lodging_Shanti,450.15,7.8,6.0,4.4,1015.0,2.1,18,1,11,319,24355.1,,Cold
2016-11-14 19:00:00,Hog_lodging_Shanti,452.37,8.9,5.2,5.0,1015.1,2.1,19,1,11,319,24355.1,,Cold
2016-11-14 20:00:00,Hog_lodging_Shanti,446.66,7.8,4.4,4.4,1015.0,2.1,20,1,11,319,24355.1,,Cold
2016-11-14 21:00:00,Hog_lodging_Shanti,427.56,7.8,3.5999999999999996,4.4,1015.1,1.5,21,1,11,319,24355.1,,Cold
2016-11-14 22:00:00,Hog_lodging_Shanti,435.35,7.2,3.5999999999999996,4.4,1015.2,1.5,22,1,11,319,24355.1,,Cold
2016-11-14 23:00:00,Hog_lodging_Shanti,412.08,6.1,2.0,3.3,1014.6,0.0,23,1,11,319,24355.1,,Cold
2016-11-15 00:00:00,Hog_lodging_Shanti,394.04,5.0,2.0,3.3,1014.7,0.0,0,2,11,320,24355.1,,Cold
2016-11-15 01:00:00,Hog_lodging_Shanti,363.91,3.9,0.0,2.2,1014.4,0.0,1,2,11,320,24355.1,,Cold
2016-11-15 02:00:00,Hog_lodging_Shanti,298.13,3.9,0.0,2.8,1014.5,1.3,2,2,11,320,24355.1,,Cold
2016-11-15 03:00:00,Hog_lodging_Shanti,277.21,1.1,9.0,0.6,1014.2,0.0,3,2,11,320,24355.1,,Cold
2016-11-15 04:00:00,Hog_lodging_Shanti,272.28,2.8,8.666666666666666,1.7,1014.0,1.5,4,2,11,320,24355.1,,Cold
2016-11-15 05:00:00,Hog_lodging_Shanti,273.25,2.8,8.333333333333334,1.7,1013.5,2.1,5,2,11,320,24355.1,,Cold
2016-11-15 06:00:00,Hog_lodging_Shanti,268.22,3.3,8.0,2.2,1013.6,0.0,6,2,11,320,24355.1,,Cold
2016-11-15 07:00:00,Hog_lodging_Shanti,297.4,4.4,6.0,2.8,1012.9,2.1,7,2,11,320,24355.1,,Cold
2016-11-15 08:00:00,Hog_lodging_Shanti,324.82,4.4,4.0,2.8,1012.4,3.6,8,2,11,320,24355.1,,Cold
2016-11-15 09:00:00,Hog_lodging_Shanti,343.66,5.6,4.0,3.9,1011.9,3.1,9,2,11,320,24355.1,,Cold
2016-11-15 10:00:00,Hog_lodging_Shanti,406.74,7.2,4.0,4.4,1011.5,3.1,10,2,11,320,24355.1,,Cold
2016-11-15 11:00:00,Hog_lodging_Shanti,422.98,9.4,5.0,5.0,1011.2,1.5,11,2,11,320,24355.1,,Cold
2016-11-15 12:00:00,Hog_lodging_Shanti,427.06,11.1,6.0,4.4,1009.9,5.1,12,2,11,320,24355.1,,Cold
2016-11-15 13:00:00,Hog_lodging_Shanti,437.47,11.1,5.333333333333333,4.4,1010.1,4.6,13,2,11,320,24355.1,,Cold
2016-11-15 14:00:00,Hog_lodging_Shanti,432.68,12.2,4.666666666666667,5.0,1009.7,3.1,14,2,11,320,24355.1,,Cold
2016-11-15 15:00:00,Hog_lodging_Shanti,418.88,12.2,4.0,5.0,1009.9,2.6,15,2,11,320,24355.1,,Cold
2016-11-15 16:00:00,Hog_lodging_Shanti,430.84,12.2,4.0,5.0,1010.3,2.6,16,2,11,320,24355.1,,Cold
2016-11-15 17:00:00,Hog_lodging_Shanti,448.78,11.1,4.0,5.0,1010.8,2.6,17,2,11,320,24355.1,,Cold
2016-11-15 18:00:00,Hog_lodging_Shanti,460.76,11.1,4.0,5.0,1012.0,1.5,18,2,11,320,24355.1,,Cold
2016-11-15 19:00:00,Hog_lodging_Shanti,458.06,9.4,4.0,4.4,1012.0,0.0,19,2,11,320,24355.1,,Cold
2016-11-15 20:00:00,Hog_lodging_Shanti,440.4,8.9,2.0,4.4,1012.2,2.1,20,2,11,320,24355.1,,Cold
2016-11-15 21:00:00,Hog_lodging_Shanti,425.07,7.8,0.0,3.9,1012.8,3.6,21,2,11,320,24355.1,,Cold
2016-11-15 22:00:00,Hog_lodging_Shanti,432.0,7.2,0.0,3.3,1013.0,4.1,22,2,11,320,24355.1,,Cold
2016-11-15 23:00:00,Hog_lodging_Shanti,414.87,6.7,0.0,2.8,1013.3,3.1,23,2,11,320,24355.1,,Cold
2016-11-16 00:00:00,Hog_lodging_Shanti,392.66,6.1,2.0,1.7,1013.0,0.0,0,3,11,321,24355.1,,Cold
2016-11-16 01:00:00,Hog_lodging_Shanti,362.99,6.7,3.0,2.2,1013.5,1.5,1,3,11,321,24355.1,,Cold
2016-11-16 02:00:00,Hog_lodging_Shanti,307.66,5.6,4.0,1.7,1014.0,1.5,2,3,11,321,24355.1,,Cold
2016-11-16 03:00:00,Hog_lodging_Shanti,281.01,3.9,2.0,0.6,1014.1,2.1,3,3,11,321,24355.1,,Cold
2016-11-16 04:00:00,Hog_lodging_Shanti,271.71,2.8,2.6666666666666665,0.6,1013.9,1.5,4,3,11,321,24355.1,,Cold
2016-11-16 05:00:00,Hog_lodging_Shanti,268.75,3.3,3.333333333333333,1.1,1013.6,1.5,5,3,11,321,24355.1,,Cold
2016-11-16 06:00:00,Hog_lodging_Shanti,276.71,4.4,4.0,2.2,1013.3,0.0,6,3,11,321,24355.1,,Cold
2016-11-16 07:00:00,Hog_lodging_Shanti,293.94,2.8,4.0,1.1,1013.4,0.0,7,3,11,321,24355.1,,Cold
2016-11-16 08:00:00,Hog_lodging_Shanti,322.19,3.9,4.0,1.7,1012.6,3.1,8,3,11,321,24355.1,,Cold
2016-11-16 09:00:00,Hog_lodging_Shanti,346.91,5.6,2.0,2.2,1011.6,4.1,9,3,11,321,24355.1,,Cold
2016-11-16 10:00:00,Hog_lodging_Shanti,418.53,8.9,2.0,1.7,1011.4,3.6,10,3,11,321,24355.1,,Cold
2016-11-16 11:00:00,Hog_lodging_Shanti,442.81,11.1,2.0,1.7,1011.0,5.7,11,3,11,321,24355.1,,Cold
2016-11-16 12:00:00,Hog_lodging_Shanti,445.1,13.3,2.0,1.7,1009.9,4.6,12,3,11,321,24355.1,,Cold
2016-11-16 13:00:00,Hog_lodging_Shanti,482.37,15.0,2.0,2.8,1008.2,7.7,13,3,11,321,24355.1,,Cold
2016-11-16 14:00:00,Hog_lodging_Shanti,485.41,15.6,2.0,3.9,1007.1,7.2,14,3,11,321,24355.1,,Cold
2016-11-16 15:00:00,Hog_lodging_Shanti,456.81,15.6,2.0,3.9,1006.5,8.8,15,3,11,321,24355.1,,Cold
2016-11-16 16:00:00,Hog_lodging_Shanti,462.47,15.0,4.0,3.9,1005.4,7.2,16,3,11,321,24355.1,,Cold
2016-11-16 17:00:00,Hog_lodging_Shanti,445.38,13.9,4.0,4.4,1004.3,7.7,17,3,11,321,24355.1,,Cold
2016-11-16 18:00:00,Hog_lodging_Shanti,402.03,13.3,6.0,4.4,1004.4,5.1,18,3,11,321,24355.1,,Cold
2016-11-16 19:00:00,Hog_lodging_Shanti,390.06,11.1,6.333333333333333,4.4,1005.0,4.6,19,3,11,321,24355.1,,Cold
2016-11-16 20:00:00,Hog_lodging_Shanti,372.47,11.1,6.666666666666667,4.4,1004.7,4.1,20,3,11,321,24355.1,,Cold
2016-11-16 21:00:00,Hog_lodging_Shanti,371.09,10.6,7.0,4.4,1004.2,3.6,21,3,11,321,24355.1,,Cold
2016-11-16 22:00:00,Hog_lodging_Shanti,352.72,10.6,7.0,5.0,1003.8,4.6,22,3,11,321,24355.1,,Cold
2016-11-16 23:00:00,Hog_lodging_Shanti,342.75,10.6,7.0,5.0,1003.5,4.6,23,3,11,321,24355.1,,Cold
2016-11-17 00:00:00,Hog_lodging_Shanti,325.69,10.6,8.0,5.0,1002.9,3.6,0,4,11,322,24355.1,,Cold
2016-11-17 01:00:00,Hog_lodging_Shanti,303.5,10.0,8.0,5.6,1002.3,3.6,1,4,11,322,24355.1,,Cold
2016-11-17 02:00:00,Hog_lodging_Shanti,286.25,10.0,8.0,5.0,1002.4,2.6,2,4,11,322,24355.1,,Cold
2016-11-17 03:00:00,Hog_lodging_Shanti,281.03,8.9,8.0,5.0,1002.1,3.1,3,4,11,322,24355.1,,Cold
2016-11-17 04:00:00,Hog_lodging_Shanti,274.0,8.9,8.0,5.0,1001.8,2.6,4,4,11,322,24355.1,,Cold
2016-11-17 05:00:00,Hog_lodging_Shanti,270.97,9.4,8.0,5.0,1002.6,1.5,5,4,11,322,24355.1,,Cold
2016-11-17 06:00:00,Hog_lodging_Shanti,265.06,8.9,8.0,5.0,1002.1,3.1,6,4,11,322,24355.1,,Cold
2016-11-17 07:00:00,Hog_lodging_Shanti,296.72,9.4,7.666666666666667,5.0,1003.1,2.1,7,4,11,322,24355.1,,Cold
2016-11-17 08:00:00,Hog_lodging_Shanti,322.12,9.4,7.333333333333333,5.6,1002.9,3.1,8,4,11,322,24355.1,,Cold
2016-11-17 09:00:00,Hog_lodging_Shanti,336.22,9.4,7.0,5.6,1003.2,3.1,9,4,11,322,24355.1,,Cold
2016-11-17 10:00:00,Hog_lodging_Shanti,354.9,10.6,7.0,5.6,1003.3,3.6,10,4,11,322,24355.1,,Cold
2016-11-17 11:00:00,Hog_lodging_Shanti,359.41,11.7,7.0,5.6,1003.6,3.6,11,4,11,322,24355.1,,Cold
2016-11-17 12:00:00,Hog_lodging_Shanti,364.94,13.3,6.0,6.1,1002.1,5.7,12,4,11,322,24355.1,,Cold
2016-11-17 13:00:00,Hog_lodging_Shanti,379.25,13.3,6.333333333333333,6.1,1002.0,6.7,13,4,11,322,24355.1,,Cold
2016-11-17 14:00:00,Hog_lodging_Shanti,386.22,13.3,6.666666666666667,6.1,1002.2,6.2,14,4,11,322,24355.1,,Cold
2016-11-17 15:00:00,Hog_lodging_Shanti,366.78,12.8,7.0,5.6,1002.6,6.7,15,4,11,322,24355.1,,Cold
2016-11-17 16:00:00,Hog_lodging_Shanti,359.38,12.2,7.0,6.1,1004.4,4.1,16,4,11,322,24355.1,,Cold
2016-11-17 17:00:00,Hog_lodging_Shanti,378.16,12.2,7.0,5.6,1003.8,8.2,17,4,11,322,24355.1,,Cold
2016-11-17 18:00:00,Hog_lodging_Shanti,394.43,12.2,8.0,5.6,1004.5,4.6,18,4,11,322,24355.1,,Cold
2016-11-17 19:00:00,Hog_lodging_Shanti,384.85,10.6,6.8,5.0,1004.9,6.7,19,4,11,322,24355.1,,Cold
2016-11-17 20:00:00,Hog_lodging_Shanti,379.09,10.6,5.6,4.4,1005.1,7.7,20,4,11,322,24355.1,,Cold
2016-11-17 21:00:00,Hog_lodging_Shanti,376.75,10.0,4.4,4.4,1004.9,7.7,21,4,11,322,24355.1,,Cold
2016-11-17 22:00:00,Hog_lodging_Shanti,358.69,10.0,4.4,4.4,1004.8,4.6,22,4,11,322,24355.1,,Cold
2016-11-17 23:00:00,Hog_lodging_Shanti,356.69,8.9,2.0,3.9,1004.7,4.1,23,4,11,322,24355.1,,Cold
2016-11-18 00:00:00,Hog_lodging_Shanti,336.53,8.3,6.0,3.9,1005.3,4.6,0,5,11,323,24355.1,,Cold
2016-11-18 01:00:00,Hog_lodging_Shanti,308.43,8.3,6.333333333333333,4.4,1005.1,6.7,1,5,11,323,24355.1,,Cold
2016-11-18 02:00:00,Hog_lodging_Shanti,293.06,8.3,6.666666666666667,5.0,1005.0,5.1,2,5,11,323,24355.1,,Cold
2016-11-18 03:00:00,Hog_lodging_Shanti,282.04,8.9,7.0,5.0,1004.5,6.7,3,5,11,323,24355.1,,Cold
2016-11-18 04:00:00,Hog_lodging_Shanti,277.0,8.3,7.0,5.0,1004.0,6.7,4,5,11,323,24355.1,,Cold
2016-11-18 05:00:00,Hog_lodging_Shanti,274.02,8.3,7.0,5.0,1003.6,5.7,5,5,11,323,24355.1,,Cold
2016-11-18 06:00:00,Hog_lodging_Shanti,274.01,8.9,8.0,5.6,1002.4,6.2,6,5,11,323,24355.1,,Cold
2016-11-18 07:00:00,Hog_lodging_Shanti,303.41,8.9,8.0,5.6,1001.6,6.2,7,5,11,323,24355.1,,Cold
2016-11-18 08:00:00,Hog_lodging_Shanti,349.28,8.3,8.0,6.7,1000.1,5.7,8,5,11,323,24355.1,,Cold
2016-11-18 09:00:00,Hog_lodging_Shanti,367.93,7.8,8.0,6.7,999.2,6.2,9,5,11,323,24355.1,,Cold
2016-11-18 10:00:00,Hog_lodging_Shanti,441.84,7.8,8.0,6.1,998.3,5.1,10,5,11,323,24355.1,,Cold
2016-11-18 11:00:00,Hog_lodging_Shanti,470.94,6.7,8.0,5.0,997.2,8.2,11,5,11,323,24355.1,,Cold
2016-11-18 12:00:00,Hog_lodging_Shanti,464.26,5.6,8.0,3.9,996.3,7.2,12,5,11,323,24355.1,,Cold
2016-11-18 13:00:00,Hog_lodging_Shanti,383.49,3.9,8.0,2.8,997.3,9.3,13,5,11,323,24355.1,,Cold
2016-11-18 14:00:00,Hog_lodging_Shanti,351.63,1.7,8.0,0.0,999.3,11.3,14,5,11,323,24355.1,,Cold
2016-11-18 15:00:00,Hog_lodging_Shanti,320.91,0.6,8.0,-1.1,1001.7,13.9,15,5,11,323,24355.1,,Cold
2016-11-18 16:00:00,Hog_lodging_Shanti,335.68,0.6,8.0,-1.7,1004.45,16.0,16,5,11,323,24355.1,,Cold
2016-11-18 17:00:00,Hog_lodging_Shanti,338.19,0.6,8.0,-1.1,1007.2,9.3,17,5,11,323,24355.1,,Cold
2016-11-18 18:00:00,Hog_lodging_Shanti,351.81,0.6,8.0,-1.7,1009.4,11.8,18,5,11,323,24355.1,,Cold
2016-11-18 19:00:00,Hog_lodging_Shanti,327.41,0.6,8.0,-2.2,1011.3,11.8,19,5,11,323,24355.1,,Cold
2016-11-18 20:00:00,Hog_lodging_Shanti,311.0,0.6,8.0,-2.2,1013.2,10.3,20,5,11,323,24355.1,,Cold
2016-11-18 21:00:00,Hog_lodging_Shanti,298.99,0.0,8.0,-2.8,1015.2,10.8,21,5,11,323,24355.1,,Cold
2016-11-18 22:00:00,Hog_lodging_Shanti,293.04,0.0,8.0,-2.8,1016.4,10.8,22,5,11,323,24355.1,,Cold
2016-11-18 23:00:00,Hog_lodging_Shanti,288.1,0.0,8.0,-3.9,1017.5,12.4,23,5,11,323,24355.1,,Cold
2016-11-19 00:00:00,Hog_lodging_Shanti,288.0,-0.6,8.0,-4.4,1019.3,10.8,0,6,11,324,24355.1,,Cold
2016-11-19 01:00:00,Hog_lodging_Shanti,274.06,-0.6,8.0,-5.0,1020.6,9.3,1,6,11,324,24355.1,,Cold
2016-11-19 02:00:00,Hog_lodging_Shanti,255.87,-0.6,8.0,-5.0,1021.8,8.2,2,6,11,324,24355.1,,Cold
2016-11-19 03:00:00,Hog_lodging_Shanti,247.94,-0.6,8.0,-6.1,1022.9,10.8,3,6,11,324,24355.1,,Cold
2016-11-19 04:00:00,Hog_lodging_Shanti,241.87,-0.6,8.0,-6.1,1023.9,7.7,4,6,11,324,24355.1,,Cold
2016-11-19 05:00:00,Hog_lodging_Shanti,238.88,-1.1,8.0,-6.7,1024.3,9.8,5,6,11,324,24355.1,,Cold
2016-11-19 06:00:00,Hog_lodging_Shanti,239.94,-1.1,8.0,-7.8,1025.1,12.4,6,6,11,324,24355.1,,Cold
2016-11-19 07:00:00,Hog_lodging_Shanti,254.9,-1.7,8.0,-7.8,1026.1,8.8,7,6,11,324,24355.1,,Cold
2016-11-19 08:00:00,Hog_lodging_Shanti,255.97,-2.2,8.0,-7.2,1027.0,8.8,8,6,11,324,24355.1,,Cold
2016-11-19 09:00:00,Hog_lodging_Shanti,260.87,-2.8,8.0,-7.8,1028.0,8.2,9,6,11,324,24355.1,,Cold
2016-11-19 10:00:00,Hog_lodging_Shanti,272.95,-2.2,8.0,-7.2,1028.8,9.3,10,6,11,324,24355.1,,Cold
2016-11-19 11:00:00,Hog_lodging_Shanti,281.75,-2.2,8.0,-7.2,1029.6,8.8,11,6,11,324,24355.1,,Cold
2016-11-19 12:00:00,Hog_lodging_Shanti,318.61,-1.7,8.0,-7.8,1029.4,7.2,12,6,11,324,24355.1,,Cold
2016-11-19 13:00:00,Hog_lodging_Shanti,319.13,-1.7,7.2,-7.8,1029.8,7.2,13,6,11,324,24355.1,,Cold
2016-11-19 14:00:00,Hog_lodging_Shanti,323.03,-1.1,6.4,-8.3,1030.2,8.8,14,6,11,324,24355.1,,Cold
2016-11-19 15:00:00,Hog_lodging_Shanti,302.97,-1.7,5.6,-8.9,1030.6,6.2,15,6,11,324,24355.1,,Cold
2016-11-19 16:00:00,Hog_lodging_Shanti,294.97,-2.2,5.6,-8.9,1031.0,7.2,16,6,11,324,24355.1,,Cold
2016-11-19 17:00:00,Hog_lodging_Shanti,322.94,-2.8,4.0,-9.4,1031.2,6.7,17,6,11,324,24355.1,,Cold
2016-11-19 18:00:00,Hog_lodging_Shanti,336.9,-3.3,4.0,-9.4,1031.3,5.1,18,6,11,324,24355.1,,Cold
2016-11-19 19:00:00,Hog_lodging_Shanti,328.97,-3.9,3.6666666666666665,-9.4,1032.0,4.1,19,6,11,324,24355.1,,Cold
2016-11-19 20:00:00,Hog_lodging_Shanti,302.94,-4.4,3.3333333333333335,-8.9,1032.0,4.6,20,6,11,324,24355.1,,Cold
2016-11-19 21:00:00,Hog_lodging_Shanti,277.91,-3.9,3.0,-8.9,1031.8,3.1,21,6,11,324,24355.1,,Cold
2016-11-19 22:00:00,Hog_lodging_Shanti,291.94,-4.4,3.0,-8.9,1031.9,3.6,22,6,11,324,24355.1,,Cold
2016-11-19 23:00:00,Hog_lodging_Shanti,280.94,-4.4,3.0,-8.9,1031.9,4.1,23,6,11,324,24355.1,,Cold
2016-11-20 00:00:00,Hog_lodging_Shanti,279.99,-4.4,2.0,-8.3,1031.4,2.1,0,7,11,325,24355.1,,Cold
2016-11-20 01:00:00,Hog_lodging_Shanti,272.91,-4.4,2.6666666666666665,-9.4,1031.6,3.6,1,7,11,325,24355.1,,Cold
2016-11-20 02:00:00,Hog_lodging_Shanti,260.94,-3.9,3.333333333333333,-9.4,1031.5,2.1,2,7,11,325,24355.1,,Cold
2016-11-20 03:00:00,Hog_lodging_Shanti,247.94,-3.9,4.0,-10.6,1031.2,2.1,3,7,11,325,24355.1,,Cold
2016-11-20 04:00:00,Hog_lodging_Shanti,239.94,-3.9,4.0,-11.7,1031.6,2.6,4,7,11,325,24355.1,,Cold
2016-11-20 05:00:00,Hog_lodging_Shanti,239.89,-3.9,4.0,-11.1,1031.2,2.6,5,7,11,325,24355.1,,Cold
2016-11-20 06:00:00,Hog_lodging_Shanti,235.98,-3.9,6.0,-11.1,1031.4,2.1,6,7,11,325,24355.1,,Cold
2016-11-20 07:00:00,Hog_lodging_Shanti,248.0,-3.9,6.333333333333333,-11.7,1031.6,0.0,7,7,11,325,24355.1,,Cold
2016-11-20 08:00:00,Hog_lodging_Shanti,262.97,-3.9,6.666666666666667,-11.7,1031.1,2.6,8,7,11,325,24355.1,,Cold
2016-11-20 09:00:00,Hog_lodging_Shanti,270.97,-3.3,7.0,-11.7,1031.3,2.6,9,7,11,325,24355.1,,Cold
2016-11-20 10:00:00,Hog_lodging_Shanti,286.87,-3.3,7.0,-11.1,1031.2,3.6,10,7,11,325,24355.1,,Cold
2016-11-20 11:00:00,Hog_lodging_Shanti,320.9,-3.3,7.0,-11.1,1030.7,2.6,11,7,11,325,24355.1,,Cold
2016-11-20 12:00:00,Hog_lodging_Shanti,322.91,-2.8,8.0,-10.6,1030.2,2.6,12,7,11,325,24355.1,,Cold
2016-11-20 13:00:00,Hog_lodging_Shanti,326.94,-2.2,6.666666666666667,-10.0,1029.5,3.1,13,7,11,325,24355.1,,Cold
2016-11-20 14:00:00,Hog_lodging_Shanti,338.97,-1.7,5.333333333333334,-9.4,1028.5,3.1,14,7,11,325,24355.1,,Cold
2016-11-20 15:00:00,Hog_lodging_Shanti,320.97,-1.1,4.0,-9.4,1027.9,3.1,15,7,11,325,24355.1,,Cold
2016-11-20 16:00:00,Hog_lodging_Shanti,323.94,-1.1,4.0,-9.4,1027.6,3.6,16,7,11,325,24355.1,,Cold
2016-11-20 17:00:00,Hog_lodging_Shanti,334.93,-2.2,4.0,-9.4,1027.2,4.1,17,7,11,325,24355.1,,Cold
2016-11-20 18:00:00,Hog_lodging_Shanti,358.94,-2.2,0.0,-9.4,1027.3,2.6,18,7,11,325,24355.1,,Cold
2016-11-20 19:00:00,Hog_lodging_Shanti,357.94,-2.8,0.0,-9.4,1027.0,3.1,19,7,11,325,24355.1,,Cold
2016-11-20 20:00:00,Hog_lodging_Shanti,350.87,-3.3,0.0,-8.9,1027.1,3.1,20,7,11,325,24355.1,,Cold
2016-11-20 21:00:00,Hog_lodging_Shanti,332.88,-3.3,0.0,-8.9,1027.0,3.6,21,7,11,325,24355.1,,Cold
2016-11-20 22:00:00,Hog_lodging_Shanti,330.93,-4.4,0.0,-8.9,1027.3,2.1,22,7,11,325,24355.1,,Cold
2016-11-20 23:00:00,Hog_lodging_Shanti,324.85,-4.4,2.0,-9.4,1027.5,2.1,23,7,11,325,24355.1,,Cold
2016-11-21 00:00:00,Hog_lodging_Shanti,306.87,-3.9,4.0,-8.9,1026.9,3.1,0,1,11,326,24355.1,,Cold
2016-11-21 01:00:00,Hog_lodging_Shanti,277.85,-4.4,3.0,-8.9,1026.7,2.6,1,1,11,326,24355.1,,Cold
2016-11-21 02:00:00,Hog_lodging_Shanti,257.85,-5.0,2.0,-8.9,1026.5,3.1,2,1,11,326,24355.1,,Cold
2016-11-21 03:00:00,Hog_lodging_Shanti,244.86,-5.0,1.0,-8.9,1026.7,3.1,3,1,11,326,24355.1,,Cold
2016-11-21 04:00:00,Hog_lodging_Shanti,235.88,-5.0,0.0,-8.3,1026.4,3.1,4,1,11,326,24355.1,,Cold
2016-11-21 05:00:00,Hog_lodging_Shanti,235.85,-5.0,0.0,-8.3,1026.5,3.6,5,1,11,326,24355.1,,Cold
2016-11-21 06:00:00,Hog_lodging_Shanti,237.91,-4.4,0.0,-8.3,1026.4,5.1,6,1,11,326,24355.1,,Cold
2016-11-21 07:00:00,Hog_lodging_Shanti,255.93,-5.0,0.0,-8.3,1026.9,4.1,7,1,11,326,24355.1,,Cold
2016-11-21 08:00:00,Hog_lodging_Shanti,292.06,-5.0,0.0,-8.3,1027.0,3.6,8,1,11,326,24355.1,,Cold
2016-11-21 09:00:00,Hog_lodging_Shanti,300.34,-1.7,0.0,-7.2,1026.9,5.1,9,1,11,326,24355.1,,Cold
2016-11-21 10:00:00,Hog_lodging_Shanti,312.63,0.0,0.0,-7.2,1026.8,4.1,10,1,11,326,24355.1,,Cold
2016-11-21 11:00:00,Hog_lodging_Shanti,321.78,1.1,0.0,-6.7,1026.3,5.1,11,1,11,326,24355.1,,Cold
2016-11-21 12:00:00,Hog_lodging_Shanti,341.6,1.1,0.0,-6.7,1026.0,5.1,12,1,11,326,24355.1,,Cold
2016-11-21 13:00:00,Hog_lodging_Shanti,344.96,2.2,1.0,-6.7,1025.1,4.6,13,1,11,326,24355.1,,Cold
2016-11-21 14:00:00,Hog_lodging_Shanti,344.91,3.3,2.0,-6.7,1024.3,5.7,14,1,11,326,24355.1,,Cold
2016-11-21 15:00:00,Hog_lodging_Shanti,329.19,3.3,3.0,-6.7,1024.1,5.7,15,1,11,326,24355.1,,Cold
2016-11-21 16:00:00,Hog_lodging_Shanti,327.06,2.8,3.0,-6.7,1023.8,5.1,16,1,11,326,24355.1,,Cold
2016-11-21 17:00:00,Hog_lodging_Shanti,338.6,1.7,3.0,-7.8,1023.9,4.6,17,1,11,326,24355.1,,Cold
2016-11-21 18:00:00,Hog_lodging_Shanti,357.11,2.2,6.0,-7.8,1023.7,5.1,18,1,11,326,24355.1,,Cold
2016-11-21 19:00:00,Hog_lodging_Shanti,348.79,0.6,6.333333333333333,-7.2,1023.7,4.6,19,1,11,326,24355.1,,Cold
2016-11-21 20:00:00,Hog_lodging_Shanti,354.5,0.0,6.666666666666667,-6.7,1023.4,4.1,20,1,11,326,24355.1,,Cold
2016-11-21 21:00:00,Hog_lodging_Shanti,335.41,0.0,7.0,-6.7,1023.5,5.1,21,1,11,326,24355.1,,Cold
2016-11-21 22:00:00,Hog_lodging_Shanti,337.37,0.6,7.0,-6.1,1023.0,5.1,22,1,11,326,24355.1,,Cold
2016-11-21 23:00:00,Hog_lodging_Shanti,312.4,0.6,7.0,-6.1,1022.9,6.2,23,1,11,326,24355.1,,Cold
2016-11-22 00:00:00,Hog_lodging_Shanti,306.38,1.1,8.0,-6.7,1023.1,5.7,0,2,11,327,24355.1,,Cold
2016-11-22 01:00:00,Hog_lodging_Shanti,278.38,1.1,8.0,-7.2,1022.6,5.7,1,2,11,327,24355.1,,Cold
2016-11-22 02:00:00,Hog_lodging_Shanti,253.41,1.1,8.0,-7.2,1021.8,6.7,2,2,11,327,24355.1,,Cold
2016-11-22 03:00:00,Hog_lodging_Shanti,243.37,1.1,8.0,-7.2,1021.8,4.1,3,2,11,327,24355.1,,Cold
2016-11-22 04:00:00,Hog_lodging_Shanti,235.34,1.1,8.0,-7.2,1021.7,8.2,4,2,11,327,24355.1,,Cold
2016-11-22 05:00:00,Hog_lodging_Shanti,235.44,1.1,8.0,-7.2,1021.6,6.7,5,2,11,327,24355.1,,Cold
2016-11-22 06:00:00,Hog_lodging_Shanti,238.38,1.7,8.0,-7.2,1021.2,6.2,6,2,11,327,24355.1,,Cold
2016-11-22 07:00:00,Hog_lodging_Shanti,262.65,1.1,8.0,-5.6,1021.5,7.2,7,2,11,327,24355.1,,Cold
2016-11-22 08:00:00,Hog_lodging_Shanti,299.06,1.1,8.0,-5.6,1021.8,9.3,8,2,11,327,24355.1,,Cold
2016-11-22 09:00:00,Hog_lodging_Shanti,294.63,1.1,8.0,-4.4,1021.4,8.8,9,2,11,327,24355.1,,Cold
2016-11-22 10:00:00,Hog_lodging_Shanti,313.94,1.1,8.0,-3.9,1020.9,7.2,10,2,11,327,24355.1,,Cold
2016-11-22 11:00:00,Hog_lodging_Shanti,333.56,1.1,8.0,-3.9,1021.7,4.6,11,2,11,327,24355.1,,Cold
2016-11-22 12:00:00,Hog_lodging_Shanti,329.94,1.7,8.0,-3.9,1021.1,4.6,12,2,11,327,24355.1,,Cold
2016-11-22 13:00:00,Hog_lodging_Shanti,344.15,1.7,8.0,-3.3,1020.1,6.7,13,2,11,327,24355.1,,Cold
2016-11-22 14:00:00,Hog_lodging_Shanti,345.25,1.1,8.0,-2.2,1019.3,6.2,14,2,11,327,24355.1,,Cold
2016-11-22 15:00:00,Hog_lodging_Shanti,327.51,0.6,8.0,-2.2,1019.5,7.7,15,2,11,327,24355.1,,Cold
2016-11-22 16:00:00,Hog_lodging_Shanti,334.55,0.6,8.0,-2.2,1019.5,7.2,16,2,11,327,24355.1,,Cold
2016-11-22 17:00:00,Hog_lodging_Shanti,348.54,1.1,8.0,-2.2,1019.4,6.2,17,2,11,327,24355.1,,Cold
2016-11-22 18:00:00,Hog_lodging_Shanti,359.34,1.1,8.0,-2.2,1019.7,4.6,18,2,11,327,24355.1,,Cold
2016-11-22 19:00:00,Hog_lodging_Shanti,346.63,0.6,8.0,-1.7,1019.4000000000001,5.1,19,2,11,327,24355.1,,Cold
2016-11-22 20:00:00,Hog_lodging_Shanti,341.97,1.1,8.0,-1.1,1019.1,8.8,20,2,11,327,24355.1,,Cold
2016-11-22 21:00:00,Hog_lodging_Shanti,322.03,1.1,8.0,-1.1,1019.0333333333333,6.7,21,2,11,327,24355.1,,Cold
2016-11-22 22:00:00,Hog_lodging_Shanti,310.9,0.6,8.0,-0.6,1018.9666666666667,3.6,22,2,11,327,24355.1,,Cold
2016-11-22 23:00:00,Hog_lodging_Shanti,293.81,0.6,8.0,-0.6,1018.9,3.6,23,2,11,327,24355.1,,Cold
2016-11-23 00:00:00,Hog_lodging_Shanti,289.91,0.6,8.0,-0.6,1018.7,3.1,0,3,11,328,24355.1,,Cold
2016-11-23 01:00:00,Hog_lodging_Shanti,270.85,0.6,8.0,-0.6,1018.0,4.1,1,3,11,328,24355.1,,Cold
2016-11-23 02:00:00,Hog_lodging_Shanti,263.78,0.6,8.0,-0.6,1017.7,2.6,2,3,11,328,24355.1,,Cold
2016-11-23 03:00:00,Hog_lodging_Shanti,254.93,0.6,8.0,0.0,1017.8,2.1,3,3,11,328,24355.1,,Cold
2016-11-23 04:00:00,Hog_lodging_Shanti,243.88,0.6,8.0,0.0,1017.3,2.1,4,3,11,328,24355.1,,Cold
2016-11-23 05:00:00,Hog_lodging_Shanti,243.81,0.6,8.0,0.0,1017.0,2.6,5,3,11,328,24355.1,,Cold
2016-11-23 06:00:00,Hog_lodging_Shanti,243.82,1.1,8.0,0.0,1016.7,2.6,6,3,11,328,24355.1,,Cold
2016-11-23 07:00:00,Hog_lodging_Shanti,274.33,1.1,8.0,0.0,1016.6,2.1,7,3,11,328,24355.1,,Cold
2016-11-23 08:00:00,Hog_lodging_Shanti,287.85,1.1,8.0,0.0,1016.8,2.6,8,3,11,328,24355.1,,Cold
2016-11-23 09:00:00,Hog_lodging_Shanti,297.41,0.6,8.0,0.0,1017.3,2.1,9,3,11,328,24355.1,,Cold
2016-11-23 10:00:00,Hog_lodging_Shanti,311.68,1.1,8.0,0.0,1017.8,2.1,10,3,11,328,24355.1,,Cold
2016-11-23 11:00:00,Hog_lodging_Shanti,334.63,1.1,8.0,-0.6,1017.4,2.1,11,3,11,328,24355.1,,Cold
2016-11-23 12:00:00,Hog_lodging_Shanti,331.75,1.7,8.0,0.0,1017.0,2.6,12,3,11,328,24355.1,,Cold
2016-11-23 13:00:00,Hog_lodging_Shanti,341.96,1.7,8.0,0.0,1016.8,3.1,13,3,11,328,24355.1,,Cold
2016-11-23 14:00:00,Hog_lodging_Shanti,329.17,1.7,8.0,0.0,1016.5,3.6,14,3,11,328,24355.1,,Cold
2016-11-23 15:00:00,Hog_lodging_Shanti,315.34,1.7,8.0,-0.6,1016.8,5.7,15,3,11,328,24355.1,,Cold
2016-11-23 16:00:00,Hog_lodging_Shanti,297.22,1.7,8.0,-0.6,1017.4,3.6,16,3,11,328,24355.1,,Cold
2016-11-23 17:00:00,Hog_lodging_Shanti,275.27,1.7,8.0,-1.1,1017.8,4.6,17,3,11,328,24355.1,,Cold
2016-11-23 18:00:00,Hog_lodging_Shanti,265.91,1.7,8.0,-1.1,1018.4,4.1,18,3,11,328,24355.1,,Cold
2016-11-23 19:00:00,Hog_lodging_Shanti,256.98,1.7,8.0,-1.1,1018.5,3.1,19,3,11,328,24355.1,,Cold
2016-11-23 20:00:00,Hog_lodging_Shanti,249.18,1.7,8.0,-0.6,1018.8,2.6,20,3,11,328,24355.1,,Cold
2016-11-23 21:00:00,Hog_lodging_Shanti,243.13,1.1,8.0,-0.6,1019.2,3.6,21,3,11,328,24355.1,,Cold
2016-11-23 22:00:00,Hog_lodging_Shanti,241.93,1.7,8.0,-0.6,1019.1,3.6,22,3,11,328,24355.1,,Cold
2016-11-23 23:00:00,Hog_lodging_Shanti,238.97,1.1,8.0,-0.6,1019.5,3.1,23,3,11,328,24355.1,,Cold
2016-11-24 00:00:00,Hog_lodging_Shanti,234.9,1.1,8.0,-0.6,1019.9,2.1,0,4,11,329,24355.1,,Cold
2016-11-24 01:00:00,Hog_lodging_Shanti,233.97,1.1,8.0,-0.6,1020.1,2.6,1,4,11,329,24355.1,,Cold
2016-11-24 02:00:00,Hog_lodging_Shanti,228.01,1.1,8.0,-0.6,1020.7,2.1,2,4,11,329,24355.1,,Cold
2016-11-24 03:00:00,Hog_lodging_Shanti,226.93,1.7,8.0,-0.6,1021.1,2.1,3,4,11,329,24355.1,,Cold
2016-11-24 04:00:00,Hog_lodging_Shanti,228.97,1.1,8.0,-0.6,1021.0,1.5,4,4,11,329,24355.1,,Cold
2016-11-24 05:00:00,Hog_lodging_Shanti,228.91,1.1,8.0,-0.6,1021.3,0.0,5,4,11,329,24355.1,,Cold
2016-11-24 06:00:00,Hog_lodging_Shanti,226.9,1.7,8.0,-0.6,1021.5,0.0,6,4,11,329,24355.1,,Cold
2016-11-24 07:00:00,Hog_lodging_Shanti,227.91,1.7,8.0,0.0,1022.1,0.0,7,4,11,329,24355.1,,Cold
2016-11-24 08:00:00,Hog_lodging_Shanti,226.0,1.1,8.0,0.0,1022.3,1.5,8,4,11,329,24355.1,,Cold
2016-11-24 09:00:00,Hog_lodging_Shanti,226.87,1.1,8.0,-0.6,1022.2,1.5,9,4,11,329,24355.1,,Cold
2016-11-24 10:00:00,Hog_lodging_Shanti,225.29,1.1,8.0,0.0,1022.9,0.0,10,4,11,329,24355.1,,Cold
2016-11-24 11:00:00,Hog_lodging_Shanti,228.03,1.7,8.0,0.0,1023.3,0.0,11,4,11,329,24355.1,,Cold
2016-11-24 12:00:00,Hog_lodging_Shanti,228.0,2.2,8.0,0.0,1023.2,2.1,12,4,11,329,24355.1,,Cold
2016-11-24 13:00:00,Hog_lodging_Shanti,234.99,2.2,8.0,0.0,1022.9,2.1,13,4,11,329,24355.1,,Cold
2016-11-24 14:00:00,Hog_lodging_Shanti,242.13,2.8,8.0,0.0,1022.6,3.1,14,4,11,329,24355.1,,Cold
2016-11-24 15:00:00,Hog_lodging_Shanti,237.03,2.8,8.0,0.0,1022.8,2.1,15,4,11,329,24355.1,,Cold
2016-11-24 16:00:00,Hog_lodging_Shanti,241.04,2.8,8.0,-0.6,1022.8,2.1,16,4,11,329,24355.1,,Cold
2016-11-24 17:00:00,Hog_lodging_Shanti,235.97,2.2,8.0,0.0,1023.4,2.1,17,4,11,329,24355.1,,Cold
2016-11-24 18:00:00,Hog_lodging_Shanti,236.93,1.7,8.0,0.0,1023.7,2.1,18,4,11,329,24355.1,,Cold
2016-11-24 19:00:00,Hog_lodging_Shanti,234.0,1.1,8.0,0.0,1024.2,2.6,19,4,11,329,24355.1,,Cold
2016-11-24 20:00:00,Hog_lodging_Shanti,231.0,1.1,8.0,0.0,1024.2,2.1,20,4,11,329,24355.1,,Cold
2016-11-24 21:00:00,Hog_lodging_Shanti,233.97,1.1,8.0,0.0,1024.3000000000002,1.5,21,4,11,329,24355.1,,Cold
2016-11-24 22:00:00,Hog_lodging_Shanti,232.94,1.1,8.0,0.0,1024.4,1.5,22,4,11,329,24355.1,,Cold
2016-11-24 23:00:00,Hog_lodging_Shanti,230.97,1.1,8.0,-0.6,1024.5,2.1,23,4,11,329,24355.1,,Cold
2016-11-25 00:00:00,Hog_lodging_Shanti,227.93,1.1,8.0,-0.6,1024.7,2.1,0,5,11,330,24355.1,,Cold
2016-11-25 01:00:00,Hog_lodging_Shanti,223.97,0.6,8.0,-0.6,1024.8,2.1,1,5,11,330,24355.1,,Cold
2016-11-25 02:00:00,Hog_lodging_Shanti,222.94,1.1,8.0,0.0,1024.8,2.1,2,5,11,330,24355.1,,Cold
2016-11-25 03:00:00,Hog_lodging_Shanti,221.97,1.1,8.0,0.0,1025.1,2.1,3,5,11,330,24355.1,,Cold
2016-11-25 04:00:00,Hog_lodging_Shanti,221.0,1.1,8.0,0.0,1025.2,2.1,4,5,11,330,24355.1,,Cold
2016-11-25 05:00:00,Hog_lodging_Shanti,225.97,1.1,8.0,-0.6,1025.4,5.1,5,5,11,330,24355.1,,Cold
2016-11-25 06:00:00,Hog_lodging_Shanti,224.93,1.1,8.0,-0.6,1025.8,4.1,6,5,11,330,24355.1,,Cold
2016-11-25 07:00:00,Hog_lodging_Shanti,227.94,1.1,8.0,-0.6,1026.3,3.6,7,5,11,330,24355.1,,Cold
2016-11-25 08:00:00,Hog_lodging_Shanti,229.97,1.1,8.0,-0.6,1026.5,2.6,8,5,11,330,24355.1,,Cold
2016-11-25 09:00:00,Hog_lodging_Shanti,224.94,1.7,8.0,0.0,1026.8,2.6,9,5,11,330,24355.1,,Cold
2016-11-25 10:00:00,Hog_lodging_Shanti,224.94,1.7,8.0,-0.6,1027.1,3.6,10,5,11,330,24355.1,,Cold
2016-11-25 11:00:00,Hog_lodging_Shanti,223.96,2.2,8.0,-0.6,1027.1,3.6,11,5,11,330,24355.1,,Cold
2016-11-25 12:00:00,Hog_lodging_Shanti,224.0,1.7,8.0,-0.6,1026.6,3.6,12,5,11,330,24355.1,,Cold
2016-11-25 13:00:00,Hog_lodging_Shanti,226.94,1.7,7.666666666666667,-1.7,1026.8,3.1,13,5,11,330,24355.1,,Cold
2016-11-25 14:00:00,Hog_lodging_Shanti,227.97,1.7,7.333333333333333,-1.7,1026.1,3.1,14,5,11,330,24355.1,,Cold
2016-11-25 15:00:00,Hog_lodging_Shanti,226.97,2.2,7.0,-1.1,1026.1,3.1,15,5,11,330,24355.1,,Cold
2016-11-25 16:00:00,Hog_lodging_Shanti,232.97,2.2,7.0,-1.7,1026.1,3.6,16,5,11,330,24355.1,,Cold
2016-11-25 17:00:00,Hog_lodging_Shanti,227.93,1.7,7.0,-1.7,1026.1,1.5,17,5,11,330,24355.1,,Cold
2016-11-25 18:00:00,Hog_lodging_Shanti,234.94,1.7,6.0,-1.1,1026.1,1.5,18,5,11,330,24355.1,,Cold
2016-11-25 19:00:00,Hog_lodging_Shanti,234.91,0.6,4.0,-2.2,1026.0,2.1,19,5,11,330,24355.1,,Cold
2016-11-25 20:00:00,Hog_lodging_Shanti,233.91,0.6,2.0,-1.7,1025.8,2.1,20,5,11,330,24355.1,,Cold
2016-11-25 21:00:00,Hog_lodging_Shanti,235.9,0.6,2.0,-1.1,1025.8,2.1,21,5,11,330,24355.1,,Cold
2016-11-25 22:00:00,Hog_lodging_Shanti,238.91,1.1,2.0,-0.6,1025.5,1.5,22,5,11,330,24355.1,,Cold
2016-11-25 23:00:00,Hog_lodging_Shanti,227.91,1.1,2.0,-1.1,1025.2,2.6,23,5,11,330,24355.1,,Cold
2016-11-26 00:00:00,Hog_lodging_Shanti,227.9,0.6,0.0,-1.7,1025.2,2.6,0,6,11,331,24355.1,,Cold
2016-11-26 01:00:00,Hog_lodging_Shanti,225.91,-0.6,0.0,-2.2,1024.7,2.1,1,6,11,331,24355.1,,Cold
2016-11-26 02:00:00,Hog_lodging_Shanti,224.9,-1.7,0.0,-2.8,1024.2,2.6,2,6,11,331,24355.1,,Cold
2016-11-26 03:00:00,Hog_lodging_Shanti,224.94,-1.7,0.0,-2.8,1023.7,3.1,3,6,11,331,24355.1,,Cold
2016-11-26 04:00:00,Hog_lodging_Shanti,220.88,-1.7,0.0,-2.8,1022.9,3.1,4,6,11,331,24355.1,,Cold
2016-11-26 05:00:00,Hog_lodging_Shanti,225.93,-1.7,0.0,-2.8,1022.4,3.6,5,6,11,331,24355.1,,Cold
2016-11-26 06:00:00,Hog_lodging_Shanti,227.88,-0.6,2.0,-2.2,1021.6,5.1,6,6,11,331,24355.1,,Cold
2016-11-26 07:00:00,Hog_lodging_Shanti,227.84,-0.6,2.0,-1.7,1021.4,1.5,7,6,11,331,24355.1,,Cold
2016-11-26 08:00:00,Hog_lodging_Shanti,231.81,0.6,2.0,-1.1,1020.9,3.1,8,6,11,331,24355.1,,Cold
2016-11-26 09:00:00,Hog_lodging_Shanti,226.85,1.1,2.0,-1.1,1020.4,3.1,9,6,11,331,24355.1,,Cold
2016-11-26 10:00:00,Hog_lodging_Shanti,227.88,2.2,2.0,0.0,1019.9,4.1,10,6,11,331,24355.1,,Cold
2016-11-26 11:00:00,Hog_lodging_Shanti,229.94,3.9,2.0,0.6,1019.7,3.1,11,6,11,331,24355.1,,Cold
2016-11-26 12:00:00,Hog_lodging_Shanti,225.11,5.6,0.0,1.1,1018.4,3.1,12,6,11,331,24355.1,,Cold
2016-11-26 13:00:00,Hog_lodging_Shanti,227.13,6.7,0.0,1.1,1017.8,1.5,13,6,11,331,24355.1,,Cold
2016-11-26 14:00:00,Hog_lodging_Shanti,227.13,7.2,0.0,1.1,1017.4,2.1,14,6,11,331,24355.1,,Cold
2016-11-26 15:00:00,Hog_lodging_Shanti,223.34,7.2,0.0,1.1,1017.7,2.6,15,6,11,331,24355.1,,Cold
2016-11-26 16:00:00,Hog_lodging_Shanti,222.53,6.7,0.0,1.7,1017.6,2.6,16,6,11,331,24355.1,,Cold
2016-11-26 17:00:00,Hog_lodging_Shanti,228.56,4.4,2.0,0.6,1017.4,2.6,17,6,11,331,24355.1,,Cold
2016-11-26 18:00:00,Hog_lodging_Shanti,233.38,5.6,2.0,1.1,1017.1,1.5,18,6,11,331,24355.1,,Cold
2016-11-26 19:00:00,Hog_lodging_Shanti,233.19,3.9,2.0,0.6,1017.3,1.5,19,6,11,331,24355.1,,Cold
2016-11-26 20:00:00,Hog_lodging_Shanti,230.12,3.9,2.0,1.1,1017.1,2.6,20,6,11,331,24355.1,,Cold
2016-11-26 21:00:00,Hog_lodging_Shanti,240.0,3.9,4.0,1.1,1016.8,1.5,21,6,11,331,24355.1,,Cold
2016-11-26 22:00:00,Hog_lodging_Shanti,237.0,2.2,4.0,0.6,1016.5,0.0,22,6,11,331,24355.1,,Cold
2016-11-26 23:00:00,Hog_lodging_Shanti,233.85,1.7,4.0,0.0,1016.6,1.5,23,6,11,331,24355.1,,Cold
2016-11-27 00:00:00,Hog_lodging_Shanti,233.85,0.6,4.0,-1.1,1016.0,3.1,0,7,11,332,24355.1,,Cold
2016-11-27 01:00:00,Hog_lodging_Shanti,231.86,0.0,4.0,-1.1,1015.6,0.0,1,7,11,332,24355.1,,Cold
2016-11-27 02:00:00,Hog_lodging_Shanti,226.88,0.6,4.0,-1.1,1015.0,1.5,2,7,11,332,24355.1,,Cold
2016-11-27 03:00:00,Hog_lodging_Shanti,221.81,-0.6,4.0,-1.7,1014.4,2.6,3,7,11,332,24355.1,,Cold
2016-11-27 04:00:00,Hog_lodging_Shanti,219.88,-0.6,5.666666666666667,-1.7,1014.0,1.5,4,7,11,332,24355.1,,Cold
2016-11-27 05:00:00,Hog_lodging_Shanti,224.81,-0.6,7.333333333333334,-1.7,1013.85,1.5,5,7,11,332,24355.1,,Cold
2016-11-27 06:00:00,Hog_lodging_Shanti,224.78,-1.1,9.0,-1.7,1013.7,0.0,6,7,11,332,24355.1,,Cold
2016-11-27 07:00:00,Hog_lodging_Shanti,240.78,-0.6,9.0,-1.1,1012.8,3.1,7,7,11,332,24355.1,,Cold
2016-11-27 08:00:00,Hog_lodging_Shanti,250.82,-0.6,9.0,-1.1,1012.3,2.6,8,7,11,332,24355.1,,Cold
2016-11-27 09:00:00,Hog_lodging_Shanti,247.84,-0.6,9.0,-1.1,1011.6,4.6,9,7,11,332,24355.1,,Cold
2016-11-27 10:00:00,Hog_lodging_Shanti,261.82,0.0,9.0,0.0,1010.7,4.1,10,7,11,332,24355.1,,Cold
2016-11-27 11:00:00,Hog_lodging_Shanti,270.77,1.1,9.0,0.6,1009.9,4.6,11,7,11,332,24355.1,,Cold
2016-11-27 12:00:00,Hog_lodging_Shanti,269.85,2.2,8.0,1.1,1008.3,6.7,12,7,11,332,24355.1,,Cold
2016-11-27 13:00:00,Hog_lodging_Shanti,278.84,2.2,8.0,1.1,1007.2,6.2,13,7,11,332,24355.1,,Cold
2016-11-27 14:00:00,Hog_lodging_Shanti,282.9,2.8,8.0,1.7,1005.9,6.7,14,7,11,332,24355.1,,Cold
2016-11-27 15:00:00,Hog_lodging_Shanti,285.91,3.9,8.0,1.7,1004.2,5.7,15,7,11,332,24355.1,,Cold
2016-11-27 16:00:00,Hog_lodging_Shanti,289.97,4.4,8.0,1.7,1002.9,7.7,16,7,11,332,24355.1,,Cold
2016-11-27 17:00:00,Hog_lodging_Shanti,301.07,5.6,8.0,2.2,1001.3,6.2,17,7,11,332,24355.1,,Cold
2016-11-27 18:00:00,Hog_lodging_Shanti,321.21,5.6,8.0,2.8,1000.2,6.7,18,7,11,332,24355.1,,Cold
2016-11-27 19:00:00,Hog_lodging_Shanti,321.41,5.6,8.0,3.3,998.6,7.7,19,7,11,332,24355.1,,Cold
2016-11-27 20:00:00,Hog_lodging_Shanti,326.56,5.6,8.0,4.4,996.8,8.2,20,7,11,332,24355.1,,Cold
2016-11-27 21:00:00,Hog_lodging_Shanti,311.88,6.7,8.0,5.0,994.9,6.7,21,7,11,332,24355.1,,Cold
2016-11-27 22:00:00,Hog_lodging_Shanti,311.9,6.7,8.0,5.0,993.2,7.2,22,7,11,332,24355.1,,Cold
2016-11-27 23:00:00,Hog_lodging_Shanti,309.5,7.2,8.0,5.6,991.8,8.8,23,7,11,332,24355.1,,Cold
2016-11-28 00:00:00,Hog_lodging_Shanti,286.66,7.2,8.0,5.6,990.5,9.3,0,1,11,333,24355.1,,Cold
2016-11-28 01:00:00,Hog_lodging_Shanti,262.71,7.2,8.0,5.6,989.1,10.3,1,1,11,333,24355.1,,Cold
2016-11-28 02:00:00,Hog_lodging_Shanti,251.22,7.8,8.0,6.1,988.2,7.2,2,1,11,333,24355.1,,Cold
2016-11-28 03:00:00,Hog_lodging_Shanti,260.01,8.3,8.0,6.7,987.0,9.8,3,1,11,333,24355.1,,Cold
2016-11-28 04:00:00,Hog_lodging_Shanti,332.81,9.4,8.0,7.8,986.1,8.2,4,1,11,333,24355.1,,Cold
2016-11-28 05:00:00,Hog_lodging_Shanti,343.63,10.0,8.0,7.8,985.5,8.2,5,1,11,333,24355.1,,Cold
2016-11-28 06:00:00,Hog_lodging_Shanti,342.4,10.6,8.0,7.8,985.0,9.8,6,1,11,333,24355.1,,Cold
2016-11-28 07:00:00,Hog_lodging_Shanti,365.62,10.6,8.0,7.2,984.9,7.2,7,1,11,333,24355.1,,Cold
2016-11-28 08:00:00,Hog_lodging_Shanti,396.54,11.1,8.0,7.2,984.7,7.2,8,1,11,333,24355.1,,Cold
2016-11-28 09:00:00,Hog_lodging_Shanti,358.65,11.1,8.0,7.8,984.6,8.2,9,1,11,333,24355.1,,Cold
2016-11-28 10:00:00,Hog_lodging_Shanti,407.16,12.2,8.0,8.3,984.2,12.4,10,1,11,333,24355.1,,Cold
2016-11-28 11:00:00,Hog_lodging_Shanti,403.94,11.7,8.0,8.3,983.5,10.8,11,1,11,333,24355.1,,Cold
2016-11-28 12:00:00,Hog_lodging_Shanti,367.06,10.6,8.0,7.8,983.8,10.3,12,1,11,333,24355.1,,Cold
2016-11-28 13:00:00,Hog_lodging_Shanti,367.34,10.0,7.333333333333333,7.8,982.9,5.7,13,1,11,333,24355.1,,Cold
2016-11-28 14:00:00,Hog_lodging_Shanti,390.69,10.0,6.666666666666667,7.8,981.9,5.7,14,1,11,333,24355.1,,Cold
2016-11-28 15:00:00,Hog_lodging_Shanti,374.6,10.0,6.0,7.8,981.8,4.6,15,1,11,333,24355.1,,Cold
2016-11-28 16:00:00,Hog_lodging_Shanti,368.15,10.0,6.0,7.8,981.6,4.1,16,1,11,333,24355.1,,Cold
2016-11-28 17:00:00,Hog_lodging_Shanti,383.03,9.4,6.0,7.2,981.7,4.1,17,1,11,333,24355.1,,Cold
2016-11-28 18:00:00,Hog_lodging_Shanti,390.03,8.3,4.0,4.4,982.0,3.1,18,1,11,333,24355.1,,Cold
2016-11-28 19:00:00,Hog_lodging_Shanti,423.94,6.7,4.0,2.2,982.6,4.1,19,1,11,333,24355.1,,Cold
2016-11-28 20:00:00,Hog_lodging_Shanti,373.16,5.6,4.0,0.6,982.4,2.6,20,1,11,333,24355.1,,Cold
2016-11-28 21:00:00,Hog_lodging_Shanti,323.96,5.0,4.0,0.6,982.3,3.1,21,1,11,333,24355.1,,Cold
2016-11-28 22:00:00,Hog_lodging_Shanti,318.54,3.9,4.0,-0.6,982.4,2.6,22,1,11,333,24355.1,,Cold
2016-11-28 23:00:00,Hog_lodging_Shanti,312.19,3.9,6.0,-0.6,982.9,4.6,23,1,11,333,24355.1,,Cold
2016-11-29 00:00:00,Hog_lodging_Shanti,285.12,3.3,8.0,-0.6,983.4,3.6,0,2,11,334,24355.1,,Cold
2016-11-29 01:00:00,Hog_lodging_Shanti,268.15,2.8,8.0,-0.6,983.6,4.1,1,2,11,334,24355.1,,Cold
2016-11-29 02:00:00,Hog_lodging_Shanti,246.07,2.2,8.0,-0.6,984.2,5.1,2,2,11,334,24355.1,,Cold
2016-11-29 03:00:00,Hog_lodging_Shanti,242.09,2.2,8.0,0.0,984.6,5.1,3,2,11,334,24355.1,,Cold
2016-11-29 04:00:00,Hog_lodging_Shanti,235.1,1.7,8.0,-0.6,985.0,4.1,4,2,11,334,24355.1,,Cold
2016-11-29 05:00:00,Hog_lodging_Shanti,233.12,1.7,8.0,-0.6,985.4,5.7,5,2,11,334,24355.1,,Cold
2016-11-29 06:00:00,Hog_lodging_Shanti,232.06,1.7,8.0,-0.6,986.3,4.6,6,2,11,334,24355.1,,Cold
2016-11-29 07:00:00,Hog_lodging_Shanti,260.47,1.7,8.0,-0.6,987.6,4.6,7,2,11,334,24355.1,,Cold
2016-11-29 08:00:00,Hog_lodging_Shanti,287.47,2.2,8.0,-1.1,988.9,5.7,8,2,11,334,24355.1,,Cold
2016-11-29 09:00:00,Hog_lodging_Shanti,301.4,2.2,8.0,-1.7,989.9,5.1,9,2,11,334,24355.1,,Cold
2016-11-29 10:00:00,Hog_lodging_Shanti,312.7,2.2,8.0,-1.7,990.9,5.7,10,2,11,334,24355.1,,Cold
2016-11-29 11:00:00,Hog_lodging_Shanti,316.86,2.2,8.0,-1.7,991.7,4.6,11,2,11,334,24355.1,,Cold
2016-11-29 12:00:00,Hog_lodging_Shanti,312.79,2.8,8.0,-1.7,992.1,6.2,12,2,11,334,24355.1,,Cold
2016-11-29 13:00:00,Hog_lodging_Shanti,323.84,2.8,8.0,-1.7,992.8,6.7,13,2,11,334,24355.1,,Cold
2016-11-29 14:00:00,Hog_lodging_Shanti,322.01,2.8,8.0,-1.7,993.3,5.1,14,2,11,334,24355.1,,Cold
2016-11-29 15:00:00,Hog_lodging_Shanti,310.12,2.8,8.0,-1.7,994.1,4.6,15,2,11,334,24355.1,,Cold
2016-11-29 16:00:00,Hog_lodging_Shanti,326.15,2.8,8.0,-1.7,994.9,5.1,16,2,11,334,24355.1,,Cold
2016-11-29 17:00:00,Hog_lodging_Shanti,349.16,2.8,8.0,-1.1,995.5,4.6,17,2,11,334,24355.1,,Cold
2016-11-29 18:00:00,Hog_lodging_Shanti,351.03,2.8,8.0,-1.1,996.1,5.1,18,2,11,334,24355.1,,Cold
2016-11-29 19:00:00,Hog_lodging_Shanti,346.91,2.8,8.0,-1.1,996.3,4.6,19,2,11,334,24355.1,,Cold
2016-11-29 20:00:00,Hog_lodging_Shanti,337.19,2.8,8.0,-0.6,996.4,4.1,20,2,11,334,24355.1,,Cold
2016-11-29 21:00:00,Hog_lodging_Shanti,313.93,2.8,8.0,-0.6,996.6,3.1,21,2,11,334,24355.1,,Cold
2016-11-29 22:00:00,Hog_lodging_Shanti,309.91,2.2,8.0,0.0,996.8,3.6,22,2,11,334,24355.1,,Cold
2016-11-29 23:00:00,Hog_lodging_Shanti,294.94,2.2,8.0,0.6,997.0,3.1,23,2,11,334,24355.1,,Cold
2016-11-30 00:00:00,Hog_lodging_Shanti,279.9,2.2,8.0,0.6,997.1,2.6,0,3,11,335,24355.1,,Cold
2016-11-30 01:00:00,Hog_lodging_Shanti,259.94,2.2,8.0,0.6,997.3,2.6,1,3,11,335,24355.1,,Cold
2016-11-30 02:00:00,Hog_lodging_Shanti,243.91,2.2,8.0,0.6,997.6,1.5,2,3,11,335,24355.1,,Cold
2016-11-30 03:00:00,Hog_lodging_Shanti,240.94,2.2,8.0,0.6,997.8,0.0,3,3,11,335,24355.1,,Cold
2016-11-30 04:00:00,Hog_lodging_Shanti,233.91,2.2,8.0,0.6,997.6,2.1,4,3,11,335,24355.1,,Cold
2016-11-30 05:00:00,Hog_lodging_Shanti,234.86,2.8,8.0,0.6,997.9,0.0,5,3,11,335,24355.1,,Cold
2016-11-30 06:00:00,Hog_lodging_Shanti,231.91,2.2,8.0,0.6,998.0,1.5,6,3,11,335,24355.1,,Cold
2016-11-30 07:00:00,Hog_lodging_Shanti,259.29,2.2,8.0,0.6,998.1,0.0,7,3,11,335,24355.1,,Cold
2016-11-30 08:00:00,Hog_lodging_Shanti,291.71,2.2,8.0,0.6,998.5,1.5,8,3,11,335,24355.1,,Cold
2016-11-30 09:00:00,Hog_lodging_Shanti,296.94,2.2,8.0,0.6,998.6,2.1,9,3,11,335,24355.1,,Cold
2016-11-30 10:00:00,Hog_lodging_Shanti,312.56,2.8,8.0,1.1,999.0,2.6,10,3,11,335,24355.1,,Cold
2016-11-30 11:00:00,Hog_lodging_Shanti,313.19,3.3,8.0,1.1,999.2,2.6,11,3,11,335,24355.1,,Cold
2016-11-30 12:00:00,Hog_lodging_Shanti,326.1,3.9,8.0,1.7,998.9,3.1,12,3,11,335,24355.1,,Cold
2016-11-30 13:00:00,Hog_lodging_Shanti,328.8,3.9,8.0,1.1,998.9,3.1,13,3,11,335,24355.1,,Cold
2016-11-30 14:00:00,Hog_lodging_Shanti,334.6,3.9,8.0,0.6,999.1,3.6,14,3,11,335,24355.1,,Cold
2016-11-30 15:00:00,Hog_lodging_Shanti,316.19,3.3,8.0,0.6,999.8,4.6,15,3,11,335,24355.1,,Cold
2016-11-30 16:00:00,Hog_lodging_Shanti,334.09,3.3,8.0,1.1,1000.5,3.1,16,3,11,335,24355.1,,Cold
2016-11-30 17:00:00,Hog_lodging_Shanti,352.03,2.8,8.0,1.1,1001.3,2.6,17,3,11,335,24355.1,,Cold
2016-11-30 18:00:00,Hog_lodging_Shanti,346.1,2.8,8.0,1.1,1002.1,3.1,18,3,11,335,24355.1,,Cold
2016-11-30 19:00:00,Hog_lodging_Shanti,339.62,2.8,8.0,0.6,1002.7,4.1,19,3,11,335,24355.1,,Cold
2016-11-30 20:00:00,Hog_lodging_Shanti,345.38,2.8,8.0,0.6,1003.1,3.6,20,3,11,335,24355.1,,Cold
2016-11-30 21:00:00,Hog_lodging_Shanti,327.15,2.8,8.0,0.6,1003.5,4.6,21,3,11,335,24355.1,,Cold
2016-11-30 22:00:00,Hog_lodging_Shanti,316.0,2.8,8.0,0.6,1003.9,4.1,22,3,11,335,24355.1,,Cold
2016-11-30 23:00:00,Hog_lodging_Shanti,305.0,2.8,8.0,0.6,1004.2,5.1,23,3,11,335,24355.1,,Cold
2016-12-01 00:00:00,Hog_lodging_Shanti,302.94,2.8,8.0,0.6,1004.9,5.7,0,4,12,336,24355.1,,Cold
2016-12-01 01:00:00,Hog_lodging_Shanti,276.93,2.2,8.0,0.0,1005.3,4.6,1,4,12,336,24355.1,,Cold
2016-12-01 02:00:00,Hog_lodging_Shanti,254.94,2.2,8.0,0.0,1006.1,4.6,2,4,12,336,24355.1,,Cold
2016-12-01 03:00:00,Hog_lodging_Shanti,242.91,2.2,8.0,-0.6,1006.9,5.7,3,4,12,336,24355.1,,Cold
2016-12-01 04:00:00,Hog_lodging_Shanti,236.91,1.7,8.0,-0.6,1007.4,4.6,4,4,12,336,24355.1,,Cold
2016-12-01 05:00:00,Hog_lodging_Shanti,234.85,1.7,8.0,-0.6,1008.1,5.1,5,4,12,336,24355.1,,Cold
2016-12-01 06:00:00,Hog_lodging_Shanti,233.86,1.7,8.0,-0.6,1009.0,5.7,6,4,12,336,24355.1,,Cold
2016-12-01 07:00:00,Hog_lodging_Shanti,263.29,1.7,8.0,-1.1,1009.6,5.1,7,4,12,336,24355.1,,Cold
2016-12-01 08:00:00,Hog_lodging_Shanti,295.47,1.7,8.0,-0.6,1010.2,4.1,8,4,12,336,24355.1,,Cold
2016-12-01 09:00:00,Hog_lodging_Shanti,297.56,1.7,8.0,-1.1,1010.8,6.2,9,4,12,336,24355.1,,Cold
2016-12-01 10:00:00,Hog_lodging_Shanti,309.81,2.2,8.0,-1.1,1011.7,6.2,10,4,12,336,24355.1,,Cold
2016-12-01 11:00:00,Hog_lodging_Shanti,316.06,2.2,8.0,-1.1,1012.2,5.7,11,4,12,336,24355.1,,Cold
2016-12-01 12:00:00,Hog_lodging_Shanti,323.44,2.2,8.0,-1.1,1012.3,4.6,12,4,12,336,24355.1,,Cold
2016-12-01 13:00:00,Hog_lodging_Shanti,338.63,3.3,8.0,-1.1,1012.0,3.6,13,4,12,336,24355.1,,Cold
2016-12-01 14:00:00,Hog_lodging_Shanti,331.24,3.3,8.0,-1.1,1012.3,4.1,14,4,12,336,24355.1,,Cold
2016-12-01 15:00:00,Hog_lodging_Shanti,311.47,3.3,8.0,-1.1,1012.9,4.6,15,4,12,336,24355.1,,Cold
2016-12-01 16:00:00,Hog_lodging_Shanti,320.19,2.8,8.0,-1.1,1013.5,5.1,16,4,12,336,24355.1,,Cold
2016-12-01 17:00:00,Hog_lodging_Shanti,334.13,2.8,8.0,-2.2,1014.0,6.7,17,4,12,336,24355.1,,Cold
2016-12-01 18:00:00,Hog_lodging_Shanti,344.12,2.8,8.0,-2.8,1014.7,6.2,18,4,12,336,24355.1,,Cold
2016-12-01 19:00:00,Hog_lodging_Shanti,347.81,2.2,8.0,-2.8,1015.3,4.1,19,4,12,336,24355.1,,Cold
2016-12-01 20:00:00,Hog_lodging_Shanti,326.07,1.7,8.0,-3.3,1015.9,4.1,20,4,12,336,24355.1,,Cold
2016-12-01 21:00:00,Hog_lodging_Shanti,321.94,1.1,8.0,-3.9,1016.4,4.1,21,4,12,336,24355.1,,Cold
2016-12-01 22:00:00,Hog_lodging_Shanti,318.9,1.1,8.0,-4.4,1016.9,3.6,22,4,12,336,24355.1,,Cold
2016-12-01 23:00:00,Hog_lodging_Shanti,315.84,0.6,8.0,-5.0,1017.4,4.1,23,4,12,336,24355.1,,Cold
2016-12-02 00:00:00,Hog_lodging_Shanti,300.81,0.6,8.0,-5.0,1018.1,3.6,0,5,12,337,24355.1,,Cold
2016-12-02 01:00:00,Hog_lodging_Shanti,290.82,0.0,8.0,-5.0,1018.8,3.1,1,5,12,337,24355.1,,Cold
2016-12-02 02:00:00,Hog_lodging_Shanti,253.66,-0.6,8.0,-6.1,1019.5,5.7,2,5,12,337,24355.1,,Cold
2016-12-02 03:00:00,Hog_lodging_Shanti,244.69,-0.6,8.0,-6.1,1020.2,4.1,3,5,12,337,24355.1,,Cold
2016-12-02 04:00:00,Hog_lodging_Shanti,240.65,-0.6,8.0,-6.1,1020.6,4.6,4,5,12,337,24355.1,,Cold
2016-12-02 05:00:00,Hog_lodging_Shanti,236.72,-0.6,8.0,-6.1,1021.3,4.6,5,5,12,337,24355.1,,Cold
2016-12-02 06:00:00,Hog_lodging_Shanti,241.65,-0.6,8.0,-6.1,1021.7,4.6,6,5,12,337,24355.1,,Cold
2016-12-02 07:00:00,Hog_lodging_Shanti,260.0,-0.6,8.0,-6.1,1022.4,3.1,7,5,12,337,24355.1,,Cold
2016-12-02 08:00:00,Hog_lodging_Shanti,278.45,-0.6,8.0,-6.7,1022.9,3.1,8,5,12,337,24355.1,,Cold
2016-12-02 09:00:00,Hog_lodging_Shanti,290.68,0.0,8.0,-6.1,1023.5,3.6,9,5,12,337,24355.1,,Cold
2016-12-02 10:00:00,Hog_lodging_Shanti,302.75,0.0,8.0,-5.6,1024.3,3.6,10,5,12,337,24355.1,,Cold
2016-12-02 11:00:00,Hog_lodging_Shanti,325.22,0.6,8.0,-5.0,1024.7,3.6,11,5,12,337,24355.1,,Cold
2016-12-02 12:00:00,Hog_lodging_Shanti,305.16,0.6,8.0,-5.0,1024.7,3.6,12,5,12,337,24355.1,,Cold
2016-12-02 13:00:00,Hog_lodging_Shanti,328.75,0.6,8.0,-5.0,1024.7,4.6,13,5,12,337,24355.1,,Cold
2016-12-02 14:00:00,Hog_lodging_Shanti,329.74,0.6,8.0,-5.6,1025.1,3.1,14,5,12,337,24355.1,,Cold
2016-12-02 15:00:00,Hog_lodging_Shanti,300.78,0.6,8.0,-5.0,1025.3,2.6,15,5,12,337,24355.1,,Cold
2016-12-02 16:00:00,Hog_lodging_Shanti,311.69,0.0,8.0,-5.0,1026.0,2.6,16,5,12,337,24355.1,,Cold
2016-12-02 17:00:00,Hog_lodging_Shanti,333.66,0.0,8.0,-5.0,1026.4,3.1,17,5,12,337,24355.1,,Cold
2016-12-02 18:00:00,Hog_lodging_Shanti,333.56,0.0,8.0,-5.0,1026.8,4.1,18,5,12,337,24355.1,,Cold
2016-12-02 19:00:00,Hog_lodging_Shanti,324.25,-0.6,8.0,-5.0,1026.7,4.1,19,5,12,337,24355.1,,Cold
2016-12-02 20:00:00,Hog_lodging_Shanti,310.04,-0.6,8.0,-5.0,1026.7,3.1,20,5,12,337,24355.1,,Cold
2016-12-02 21:00:00,Hog_lodging_Shanti,292.0,-0.6,8.0,-5.0,1027.1,2.6,21,5,12,337,24355.1,,Cold
2016-12-02 22:00:00,Hog_lodging_Shanti,281.96,-0.6,8.0,-5.0,1027.2,2.6,22,5,12,337,24355.1,,Cold
2016-12-02 23:00:00,Hog_lodging_Shanti,287.97,-1.1,8.0,-5.0,1027.3,3.6,23,5,12,337,24355.1,,Cold
2016-12-03 00:00:00,Hog_lodging_Shanti,280.0,-1.1,8.0,-5.0,1027.4,4.6,0,6,12,338,24355.1,,Cold
2016-12-03 01:00:00,Hog_lodging_Shanti,282.97,-1.1,8.0,-5.0,1027.2,2.6,1,6,12,338,24355.1,,Cold
2016-12-03 02:00:00,Hog_lodging_Shanti,261.88,-1.1,8.0,-5.6,1027.0,3.1,2,6,12,338,24355.1,,Cold
2016-12-03 03:00:00,Hog_lodging_Shanti,253.81,-1.1,8.0,-5.6,1027.2,3.1,3,6,12,338,24355.1,,Cold
2016-12-03 04:00:00,Hog_lodging_Shanti,237.81,-1.1,8.0,-5.6,1027.2,3.1,4,6,12,338,24355.1,,Cold
2016-12-03 05:00:00,Hog_lodging_Shanti,235.81,-1.7,8.0,-6.1,1027.6,3.1,5,6,12,338,24355.1,,Cold
2016-12-03 06:00:00,Hog_lodging_Shanti,234.81,-1.7,8.0,-6.7,1027.3,3.1,6,6,12,338,24355.1,,Cold
2016-12-03 07:00:00,Hog_lodging_Shanti,246.79,-1.7,8.0,-6.7,1027.4,2.6,7,6,12,338,24355.1,,Cold
2016-12-03 08:00:00,Hog_lodging_Shanti,255.78,-1.7,8.0,-6.7,1027.3,1.5,8,6,12,338,24355.1,,Cold
2016-12-03 09:00:00,Hog_lodging_Shanti,263.75,-1.7,8.0,-6.7,1027.2,2.1,9,6,12,338,24355.1,,Cold
2016-12-03 10:00:00,Hog_lodging_Shanti,278.71,-1.7,8.0,-7.2,1027.1,2.1,10,6,12,338,24355.1,,Cold
2016-12-03 11:00:00,Hog_lodging_Shanti,296.72,-1.7,8.0,-7.8,1026.9,1.5,11,6,12,338,24355.1,,Cold
2016-12-03 12:00:00,Hog_lodging_Shanti,311.73,-1.1,8.0,-7.2,1026.3,1.5,12,6,12,338,24355.1,,Cold
2016-12-03 13:00:00,Hog_lodging_Shanti,317.78,-0.6,5.0,-7.2,1025.4,1.5,13,6,12,338,24355.1,,Cold
2016-12-03 14:00:00,Hog_lodging_Shanti,318.78,0.0,2.0,-6.7,1024.9,3.6,14,6,12,338,24355.1,,Cold
2016-12-03 15:00:00,Hog_lodging_Shanti,309.81,0.0,2.0,-7.2,1025.1,4.6,15,6,12,338,24355.1,,Cold
2016-12-03 16:00:00,Hog_lodging_Shanti,319.78,-0.6,4.0,-6.1,1024.9,3.6,16,6,12,338,24355.1,,Cold
2016-12-03 17:00:00,Hog_lodging_Shanti,319.78,-0.6,6.0,-6.1,1024.7,3.6,17,6,12,338,24355.1,,Cold
2016-12-03 18:00:00,Hog_lodging_Shanti,328.71,-0.6,8.0,-5.6,1024.5,3.1,18,6,12,338,24355.1,,Cold
2016-12-03 19:00:00,Hog_lodging_Shanti,327.79,-0.6,8.0,-5.0,1023.9,4.1,19,6,12,338,24355.1,,Cold
2016-12-03 20:00:00,Hog_lodging_Shanti,307.78,-0.6,8.0,-5.0,1022.8,4.6,20,6,12,338,24355.1,,Cold
2016-12-03 21:00:00,Hog_lodging_Shanti,281.78,0.0,8.0,-4.4,1022.1,3.1,21,6,12,338,24355.1,,Cold
2016-12-03 22:00:00,Hog_lodging_Shanti,282.76,0.0,8.0,-4.4,1021.7,4.1,22,6,12,338,24355.1,,Cold
2016-12-03 23:00:00,Hog_lodging_Shanti,286.74,0.0,8.0,-3.3,1021.35,5.1,23,6,12,338,24355.1,,Cold
2016-12-04 00:00:00,Hog_lodging_Shanti,285.75,-0.6,8.0,-3.3,1021.0,3.6,0,7,12,339,24355.1,,Cold
2016-12-04 01:00:00,Hog_lodging_Shanti,268.81,-0.6,8.0,-2.2,1020.1,4.6,1,7,12,339,24355.1,,Cold
2016-12-04 02:00:00,Hog_lodging_Shanti,259.76,-0.6,8.0,-2.2,1019.5,4.6,2,7,12,339,24355.1,,Cold
2016-12-04 03:00:00,Hog_lodging_Shanti,244.78,-0.6,8.0,-2.2,1018.8,4.6,3,7,12,339,24355.1,,Cold
2016-12-04 04:00:00,Hog_lodging_Shanti,238.74,-0.6,8.0,-1.7,1017.6,5.1,4,7,12,339,24355.1,,Cold
2016-12-04 05:00:00,Hog_lodging_Shanti,234.82,0.0,8.0,-1.7,1016.4,4.6,5,7,12,339,24355.1,,Cold
2016-12-04 06:00:00,Hog_lodging_Shanti,236.75,0.0,8.0,-1.1,1015.7,6.2,6,7,12,339,24355.1,,Cold
2016-12-04 07:00:00,Hog_lodging_Shanti,253.78,0.0,8.0,-1.1,1014.9,4.1,7,7,12,339,24355.1,,Cold
2016-12-04 08:00:00,Hog_lodging_Shanti,252.75,0.6,8.0,-1.1,1014.0,3.6,8,7,12,339,24355.1,,Cold
2016-12-04 09:00:00,Hog_lodging_Shanti,256.81,0.6,8.0,-0.6,1013.8,3.6,9,7,12,339,24355.1,,Cold
2016-12-04 10:00:00,Hog_lodging_Shanti,278.82,0.6,8.0,-0.6,1013.0999999999999,4.1,10,7,12,339,24355.1,,Cold
2016-12-04 11:00:00,Hog_lodging_Shanti,308.78,1.1,8.0,0.0,1012.4,3.6,11,7,12,339,24355.1,,Cold
2016-12-04 12:00:00,Hog_lodging_Shanti,321.84,1.1,8.0,0.0,1011.2,2.6,12,7,12,339,24355.1,,Cold
2016-12-04 13:00:00,Hog_lodging_Shanti,336.88,1.7,8.0,-0.6,1010.3,4.6,13,7,12,339,24355.1,,Cold
2016-12-04 14:00:00,Hog_lodging_Shanti,330.87,2.2,8.0,-0.6,1009.2,3.6,14,7,12,339,24355.1,,Cold
2016-12-04 15:00:00,Hog_lodging_Shanti,323.81,2.8,8.0,0.0,1008.8,3.6,15,7,12,339,24355.1,,Cold
2016-12-04 16:00:00,Hog_lodging_Shanti,326.88,2.8,8.0,0.0,1008.6,4.6,16,7,12,339,24355.1,,Cold
2016-12-04 17:00:00,Hog_lodging_Shanti,344.87,2.8,8.0,0.0,1008.3,4.1,17,7,12,339,24355.1,,Cold
2016-12-04 18:00:00,Hog_lodging_Shanti,350.88,3.3,8.0,0.0,1008.3,3.6,18,7,12,339,24355.1,,Cold
2016-12-04 19:00:00,Hog_lodging_Shanti,363.91,3.3,6.8,0.0,1008.2,4.6,19,7,12,339,24355.1,,Cold
2016-12-04 20:00:00,Hog_lodging_Shanti,355.96,2.2,5.6,-1.1,1008.8,5.7,20,7,12,339,24355.1,,Cold
2016-12-04 21:00:00,Hog_lodging_Shanti,335.95,2.8,4.4,-1.1,1008.7,3.1,21,7,12,339,24355.1,,Cold
2016-12-04 22:00:00,Hog_lodging_Shanti,331.83,2.2,4.4,-2.2,1009.0,3.1,22,7,12,339,24355.1,,Cold
2016-12-04 23:00:00,Hog_lodging_Shanti,319.85,1.1,2.0,-2.2,1009.4,3.1,23,7,12,339,24355.1,,Cold
2016-12-05 00:00:00,Hog_lodging_Shanti,309.81,0.6,0.0,-2.2,1009.6,3.1,0,1,12,340,24355.1,,Cold
2016-12-05 01:00:00,Hog_lodging_Shanti,290.79,-0.6,0.0,-2.2,1009.9,2.1,1,1,12,340,24355.1,,Cold
2016-12-05 02:00:00,Hog_lodging_Shanti,269.74,-0.6,0.0,-2.8,1010.3,2.1,2,1,12,340,24355.1,,Cold
2016-12-05 03:00:00,Hog_lodging_Shanti,248.75,-1.7,0.0,-3.3,1010.5,0.0,3,1,12,340,24355.1,,Cold
2016-12-05 04:00:00,Hog_lodging_Shanti,238.75,-1.1,0.0,-2.8,1009.9,1.5,4,1,12,340,24355.1,,Cold
2016-12-05 05:00:00,Hog_lodging_Shanti,237.75,-1.7,2.0,-3.3,1009.7,2.6,5,1,12,340,24355.1,,Cold
2016-12-05 06:00:00,Hog_lodging_Shanti,239.75,-2.2,2.0,-3.3,1009.4,3.1,6,1,12,340,24355.1,,Cold
2016-12-05 07:00:00,Hog_lodging_Shanti,259.81,-1.1,3.0,-2.8,1009.2,2.6,7,1,12,340,24355.1,,Cold
2016-12-05 08:00:00,Hog_lodging_Shanti,285.04,-0.6,4.0,-2.8,1008.9,4.1,8,1,12,340,24355.1,,Cold
2016-12-05 09:00:00,Hog_lodging_Shanti,297.09,-0.6,5.0,-2.2,1008.9,4.6,9,1,12,340,24355.1,,Cold
2016-12-05 10:00:00,Hog_lodging_Shanti,311.51,0.6,5.0,-1.7,1008.0,5.1,10,1,12,340,24355.1,,Cold
2016-12-05 11:00:00,Hog_lodging_Shanti,316.05,1.1,5.0,-1.1,1007.3,7.2,11,1,12,340,24355.1,,Cold
2016-12-05 12:00:00,Hog_lodging_Shanti,330.1,2.8,8.0,-0.6,1006.7,6.2,12,1,12,340,24355.1,,Cold
2016-12-05 13:00:00,Hog_lodging_Shanti,336.59,2.8,8.0,0.0,1006.1,8.2,13,1,12,340,24355.1,,Cold
2016-12-05 14:00:00,Hog_lodging_Shanti,329.93,3.3,8.0,-0.6,1005.6,8.8,14,1,12,340,24355.1,,Cold
2016-12-05 15:00:00,Hog_lodging_Shanti,315.01,3.9,8.0,-0.6,1005.5,8.2,15,1,12,340,24355.1,,Cold
2016-12-05 16:00:00,Hog_lodging_Shanti,341.03,3.9,8.0,-0.6,1005.6,4.6,16,1,12,340,24355.1,,Cold
2016-12-05 17:00:00,Hog_lodging_Shanti,348.13,3.3,8.0,-0.6,1005.1,9.3,17,1,12,340,24355.1,,Cold
2016-12-05 18:00:00,Hog_lodging_Shanti,349.93,3.3,8.0,-0.6,1005.1,7.2,18,1,12,340,24355.1,,Cold
2016-12-05 19:00:00,Hog_lodging_Shanti,348.94,3.3,8.0,-0.6,1005.2,8.2,19,1,12,340,24355.1,,Cold
2016-12-05 20:00:00,Hog_lodging_Shanti,340.22,3.3,8.0,-0.6,1005.0,6.7,20,1,12,340,24355.1,,Cold
2016-12-05 21:00:00,Hog_lodging_Shanti,327.07,3.3,8.0,-0.6,1005.1,5.1,21,1,12,340,24355.1,,Cold
2016-12-05 22:00:00,Hog_lodging_Shanti,332.02,4.4,8.0,0.6,1005.0,6.2,22,1,12,340,24355.1,,Cold
2016-12-05 23:00:00,Hog_lodging_Shanti,323.94,3.9,8.0,0.6,1005.0,5.7,23,1,12,340,24355.1,,Cold
2016-12-06 00:00:00,Hog_lodging_Shanti,302.0,3.9,8.0,-0.6,1005.4,7.2,0,2,12,341,24355.1,,Cold
2016-12-06 01:00:00,Hog_lodging_Shanti,271.99,2.2,8.0,-2.2,1006.2,7.7,1,2,12,341,24355.1,,Cold
2016-12-06 02:00:00,Hog_lodging_Shanti,254.88,0.6,8.0,-3.9,1006.9,7.2,2,2,12,341,24355.1,,Cold
2016-12-06 03:00:00,Hog_lodging_Shanti,248.85,0.6,8.0,-4.4,1007.2,5.1,3,2,12,341,24355.1,,Cold
2016-12-06 04:00:00,Hog_lodging_Shanti,239.87,-1.1,8.0,-6.1,1007.3,7.2,4,2,12,341,24355.1,,Cold
2016-12-06 05:00:00,Hog_lodging_Shanti,235.63,-1.7,8.0,-6.1,1007.3,4.6,5,2,12,341,24355.1,,Cold
2016-12-06 06:00:00,Hog_lodging_Shanti,233.65,-2.8,8.0,-7.8,1007.3,7.2,6,2,12,341,24355.1,,Cold
2016-12-06 07:00:00,Hog_lodging_Shanti,260.85,-3.9,8.0,-9.4,1007.7,7.7,7,2,12,341,24355.1,,Cold
2016-12-06 08:00:00,Hog_lodging_Shanti,287.0,-5.0,8.0,-11.1,1007.9,7.2,8,2,12,341,24355.1,,Cold
2016-12-06 09:00:00,Hog_lodging_Shanti,300.13,-6.1,8.0,-11.7,1008.0,6.2,9,2,12,341,24355.1,,Cold
2016-12-06 10:00:00,Hog_lodging_Shanti,310.12,-6.1,8.0,-11.7,1007.9,8.2,10,2,12,341,24355.1,,Cold
2016-12-06 11:00:00,Hog_lodging_Shanti,319.15,-6.1,8.0,-12.8,1007.9,8.2,11,2,12,341,24355.1,,Cold
2016-12-06 12:00:00,Hog_lodging_Shanti,331.19,-5.6,8.0,-12.2,1007.3,7.2,12,2,12,341,24355.1,,Cold
2016-12-06 13:00:00,Hog_lodging_Shanti,329.25,-5.0,8.0,-11.7,1006.8,8.2,13,2,12,341,24355.1,,Cold
2016-12-06 14:00:00,Hog_lodging_Shanti,315.34,-5.0,8.0,-11.1,1006.9,7.7,14,2,12,341,24355.1,,Cold
2016-12-06 15:00:00,Hog_lodging_Shanti,324.34,-5.0,8.0,-11.1,1007.0,9.8,15,2,12,341,24355.1,,Cold
2016-12-06 16:00:00,Hog_lodging_Shanti,320.32,-5.0,8.0,-11.1,1007.5,7.7,16,2,12,341,24355.1,,Cold
2016-12-06 17:00:00,Hog_lodging_Shanti,333.32,-5.0,8.0,-11.1,1007.9,10.3,17,2,12,341,24355.1,,Cold
2016-12-06 18:00:00,Hog_lodging_Shanti,352.19,-5.6,8.0,-11.7,1008.6,9.3,18,2,12,341,24355.1,,Cold
2016-12-06 19:00:00,Hog_lodging_Shanti,357.77,-6.1,8.0,-12.2,1009.1,7.7,19,2,12,341,24355.1,,Cold
2016-12-06 20:00:00,Hog_lodging_Shanti,346.66,-6.7,8.0,-12.2,1009.8,9.3,20,2,12,341,24355.1,,Cold
2016-12-06 21:00:00,Hog_lodging_Shanti,331.44,-7.2,8.0,-12.2,1010.7,8.8,21,2,12,341,24355.1,,Cold
2016-12-06 22:00:00,Hog_lodging_Shanti,326.41,-7.2,8.0,-12.2,1011.6,8.2,22,2,12,341,24355.1,,Cold
2016-12-06 23:00:00,Hog_lodging_Shanti,312.36,-7.8,8.0,-12.8,1012.2,7.7,23,2,12,341,24355.1,,Cold
2016-12-07 00:00:00,Hog_lodging_Shanti,300.35,-7.8,8.0,-12.8,1012.6,8.8,0,3,12,342,24355.1,,Cold
2016-12-07 01:00:00,Hog_lodging_Shanti,275.25,-7.8,8.0,-12.8,1012.8,7.7,1,3,12,342,24355.1,,Cold
2016-12-07 02:00:00,Hog_lodging_Shanti,256.25,-7.8,8.0,-12.2,1013.2,7.2,2,3,12,342,24355.1,,Cold
2016-12-07 03:00:00,Hog_lodging_Shanti,248.28,-8.3,8.0,-12.2,1013.8,6.2,3,3,12,342,24355.1,,Cold
2016-12-07 04:00:00,Hog_lodging_Shanti,243.37,-8.3,8.0,-12.2,1014.6,6.2,4,3,12,342,24355.1,,Cold
2016-12-07 05:00:00,Hog_lodging_Shanti,238.32,-8.3,8.0,-13.3,1015.5,8.2,5,3,12,342,24355.1,,Cold
2016-12-07 06:00:00,Hog_lodging_Shanti,239.28,-8.3,8.0,-12.8,1016.2,8.2,6,3,12,342,24355.1,,Cold
2016-12-07 07:00:00,Hog_lodging_Shanti,261.41,-8.3,8.0,-13.3,1016.8,7.2,7,3,12,342,24355.1,,Cold
2016-12-07 08:00:00,Hog_lodging_Shanti,286.71,-8.3,8.0,-12.8,1017.2,6.7,8,3,12,342,24355.1,,Cold
2016-12-07 09:00:00,Hog_lodging_Shanti,293.57,-8.3,8.0,-12.8,1017.8,7.7,9,3,12,342,24355.1,,Cold
2016-12-07 10:00:00,Hog_lodging_Shanti,307.65,-7.8,8.0,-12.2,1018.7,9.8,10,3,12,342,24355.1,,Cold
2016-12-07 11:00:00,Hog_lodging_Shanti,316.13,-7.2,8.0,-12.8,1018.8,7.2,11,3,12,342,24355.1,,Cold
2016-12-07 12:00:00,Hog_lodging_Shanti,323.37,-7.2,8.0,-12.8,1018.6,7.7,12,3,12,342,24355.1,,Cold
2016-12-07 13:00:00,Hog_lodging_Shanti,325.51,-6.7,8.0,-13.3,1018.6,9.3,13,3,12,342,24355.1,,Cold
2016-12-07 14:00:00,Hog_lodging_Shanti,326.59,-6.7,8.0,-13.3,1018.8,10.3,14,3,12,342,24355.1,,Cold
2016-12-07 15:00:00,Hog_lodging_Shanti,312.53,-6.7,8.0,-12.8,1019.2,6.7,15,3,12,342,24355.1,,Cold
2016-12-07 16:00:00,Hog_lodging_Shanti,326.47,-6.7,8.0,-12.8,1019.9,8.2,16,3,12,342,24355.1,,Cold
2016-12-07 17:00:00,Hog_lodging_Shanti,360.56,-7.2,8.0,-12.8,1020.5,9.3,17,3,12,342,24355.1,,Cold
2016-12-07 18:00:00,Hog_lodging_Shanti,350.47,-7.2,8.0,-12.8,1020.7,9.3,18,3,12,342,24355.1,,Cold
2016-12-07 19:00:00,Hog_lodging_Shanti,350.87,-8.3,8.0,-14.4,1021.4,8.2,19,3,12,342,24355.1,,Cold
2016-12-07 20:00:00,Hog_lodging_Shanti,354.07,-8.9,8.0,-13.3,1021.5,8.2,20,3,12,342,24355.1,,Cold
2016-12-07 21:00:00,Hog_lodging_Shanti,334.78,-8.9,8.0,-13.3,1021.7,7.2,21,3,12,342,24355.1,,Cold
2016-12-07 22:00:00,Hog_lodging_Shanti,335.94,-8.9,8.0,-13.3,1021.8,6.7,22,3,12,342,24355.1,,Cold
2016-12-07 23:00:00,Hog_lodging_Shanti,318.91,-8.9,8.0,-13.3,1022.1,8.8,23,3,12,342,24355.1,,Cold
2016-12-08 00:00:00,Hog_lodging_Shanti,302.84,-8.9,8.0,-12.8,1022.4,8.8,0,4,12,343,24355.1,,Cold
2016-12-08 01:00:00,Hog_lodging_Shanti,287.41,-8.9,7.666666666666667,-12.2,1022.6,5.7,1,4,12,343,24355.1,,Cold
2016-12-08 02:00:00,Hog_lodging_Shanti,252.8,-8.9,7.333333333333333,-12.2,1023.0,6.2,2,4,12,343,24355.1,,Cold
2016-12-08 03:00:00,Hog_lodging_Shanti,245.38,-8.3,7.0,-11.7,1023.4,6.2,3,4,12,343,24355.1,,Cold
2016-12-08 04:00:00,Hog_lodging_Shanti,246.18,-8.3,7.0,-11.7,1023.7,4.6,4,4,12,343,24355.1,,Cold
2016-12-08 05:00:00,Hog_lodging_Shanti,245.22,-8.3,7.0,-11.7,1024.3,6.2,5,4,12,343,24355.1,,Cold
2016-12-08 06:00:00,Hog_lodging_Shanti,246.94,-8.3,6.0,-11.7,1025.2,6.7,6,4,12,343,24355.1,,Cold
2016-12-08 07:00:00,Hog_lodging_Shanti,271.94,-7.8,4.0,-11.1,1026.0,5.7,7,4,12,343,24355.1,,Cold
2016-12-08 08:00:00,Hog_lodging_Shanti,291.28,-7.8,4.0,-11.1,1027.1,5.7,8,4,12,343,24355.1,,Cold
2016-12-08 09:00:00,Hog_lodging_Shanti,303.51,-6.7,4.0,-10.0,1028.0,7.2,9,4,12,343,24355.1,,Cold
2016-12-08 10:00:00,Hog_lodging_Shanti,314.65,-5.0,5.333333333333333,-10.0,1029.1,8.2,10,4,12,343,24355.1,,Cold
2016-12-08 11:00:00,Hog_lodging_Shanti,318.81,-5.0,6.666666666666666,-10.6,1029.7,8.8,11,4,12,343,24355.1,,Cold
2016-12-08 12:00:00,Hog_lodging_Shanti,317.69,-5.0,8.0,-10.6,1030.1,8.8,12,4,12,343,24355.1,,Cold
2016-12-08 13:00:00,Hog_lodging_Shanti,342.66,-4.4,8.0,-10.0,1030.2,6.7,13,4,12,343,24355.1,,Cold
2016-12-08 14:00:00,Hog_lodging_Shanti,336.71,-5.0,8.0,-11.1,1030.9,7.2,14,4,12,343,24355.1,,Cold
2016-12-08 15:00:00,Hog_lodging_Shanti,319.69,-5.6,8.0,-10.6,1031.6,7.7,15,4,12,343,24355.1,,Cold
2016-12-08 16:00:00,Hog_lodging_Shanti,311.66,-5.6,8.0,-11.7,1032.3,7.7,16,4,12,343,24355.1,,Cold
2016-12-08 17:00:00,Hog_lodging_Shanti,339.65,-6.1,8.0,-11.7,1033.0,6.2,17,4,12,343,24355.1,,Cold
2016-12-08 18:00:00,Hog_lodging_Shanti,357.69,-6.1,8.0,-11.7,1033.4,5.7,18,4,12,343,24355.1,,Cold
2016-12-08 19:00:00,Hog_lodging_Shanti,356.41,-6.1,8.0,-11.7,1033.6,5.1,19,4,12,343,24355.1,,Cold
2016-12-08 20:00:00,Hog_lodging_Shanti,344.02,-6.1,8.0,-11.7,1033.7,3.6,20,4,12,343,24355.1,,Cold
2016-12-08 21:00:00,Hog_lodging_Shanti,324.98,-6.7,8.0,-11.7,1034.1,4.1,21,4,12,343,24355.1,,Cold
2016-12-08 22:00:00,Hog_lodging_Shanti,323.94,-7.2,8.0,-11.7,1034.3,5.7,22,4,12,343,24355.1,,Cold
2016-12-08 23:00:00,Hog_lodging_Shanti,306.93,-7.2,8.0,-12.2,1034.8,6.2,23,4,12,343,24355.1,,Cold
2016-12-09 00:00:00,Hog_lodging_Shanti,292.88,-7.8,8.0,-12.2,1035.1,4.6,0,5,12,344,24355.1,,Cold
2016-12-09 01:00:00,Hog_lodging_Shanti,264.65,-8.3,8.0,-12.2,1035.3,5.7,1,5,12,344,24355.1,,Cold
2016-12-09 02:00:00,Hog_lodging_Shanti,249.76,-8.9,8.0,-12.2,1035.8,3.6,2,5,12,344,24355.1,,Cold
2016-12-09 03:00:00,Hog_lodging_Shanti,248.87,-8.9,8.0,-12.2,1036.0,3.1,3,5,12,344,24355.1,,Cold
2016-12-09 04:00:00,Hog_lodging_Shanti,245.1,-9.4,8.0,-12.8,1035.9,3.1,4,5,12,344,24355.1,,Cold
2016-12-09 05:00:00,Hog_lodging_Shanti,245.36,-10.0,8.0,-12.8,1035.9,3.1,5,5,12,344,24355.1,,Cold
2016-12-09 06:00:00,Hog_lodging_Shanti,233.26,-10.0,8.0,-12.8,1035.7,3.1,6,5,12,344,24355.1,,Cold
2016-12-09 07:00:00,Hog_lodging_Shanti,254.5,-9.4,7.666666666666667,-12.8,1035.9666666666667,3.1,7,5,12,344,24355.1,,Cold
2016-12-09 08:00:00,Hog_lodging_Shanti,297.43,-10.0,7.333333333333333,-12.8,1036.2333333333333,3.6,8,5,12,344,24355.1,,Cold
2016-12-09 09:00:00,Hog_lodging_Shanti,304.73,-10.0,7.0,-12.8,1036.5,3.6,9,5,12,344,24355.1,,Cold
2016-12-09 10:00:00,Hog_lodging_Shanti,319.71,-10.6,7.0,-13.3,1036.7,3.6,10,5,12,344,24355.1,,Cold
2016-12-09 11:00:00,Hog_lodging_Shanti,318.91,-9.4,7.0,-13.3,1036.5,2.6,11,5,12,344,24355.1,,Cold
2016-12-09 12:00:00,Hog_lodging_Shanti,340.78,-8.9,6.0,-13.9,1036.1,3.6,12,5,12,344,24355.1,,Cold
2016-12-09 13:00:00,Hog_lodging_Shanti,348.1,-8.3,6.0,-13.9,1035.2,4.1,13,5,12,344,24355.1,,Cold
2016-12-09 14:00:00,Hog_lodging_Shanti,336.96,-7.2,6.0,-13.9,1034.4,4.1,14,5,12,344,24355.1,,Cold
2016-12-09 15:00:00,Hog_lodging_Shanti,324.97,-7.8,6.0,-13.9,1034.6,3.6,15,5,12,344,24355.1,,Cold
2016-12-09 16:00:00,Hog_lodging_Shanti,316.97,-8.9,6.0,-15.0,1034.6,4.6,16,5,12,344,24355.1,,Cold
2016-12-09 17:00:00,Hog_lodging_Shanti,336.19,-8.9,6.0,-14.4,1034.6,3.6,17,5,12,344,24355.1,,Cold
2016-12-09 18:00:00,Hog_lodging_Shanti,344.22,-10.0,6.0,-14.4,1034.6,4.1,18,5,12,344,24355.1,,Cold
2016-12-09 19:00:00,Hog_lodging_Shanti,338.21,-10.0,6.333333333333333,-14.4,1034.8,4.1,19,5,12,344,24355.1,,Cold
2016-12-09 20:00:00,Hog_lodging_Shanti,312.16,-10.0,6.666666666666667,-14.4,1034.6,4.6,20,5,12,344,24355.1,,Cold
2016-12-09 21:00:00,Hog_lodging_Shanti,287.35,-10.6,7.0,-15.6,1034.4,5.1,21,5,12,344,24355.1,,Cold
2016-12-09 22:00:00,Hog_lodging_Shanti,291.59,-11.7,7.0,-16.1,1034.6,4.1,22,5,12,344,24355.1,,Cold
2016-12-09 23:00:00,Hog_lodging_Shanti,290.72,-11.1,7.0,-16.1,1034.9,4.1,23,5,12,344,24355.1,,Cold
2016-12-10 00:00:00,Hog_lodging_Shanti,293.59,-12.2,8.0,-17.2,1034.8,5.1,0,6,12,345,24355.1,,Cold
2016-12-10 01:00:00,Hog_lodging_Shanti,277.44,-13.3,5.0,-17.2,1035.0,4.1,1,6,12,345,24355.1,,Cold
2016-12-10 02:00:00,Hog_lodging_Shanti,267.88,-13.9,2.0,-18.3,1035.1,3.1,2,6,12,345,24355.1,,Cold
2016-12-10 03:00:00,Hog_lodging_Shanti,261.55,-14.4,0.0,-18.3,1035.3,4.6,3,6,12,345,24355.1,,Cold
2016-12-10 04:00:00,Hog_lodging_Shanti,235.16,-15.0,0.0,-18.3,1035.1,3.1,4,6,12,345,24355.1,,Cold
2016-12-10 05:00:00,Hog_lodging_Shanti,224.91,-15.6,0.0,-18.3,1034.7,3.1,5,6,12,345,24355.1,,Cold
2016-12-10 06:00:00,Hog_lodging_Shanti,247.25,-15.6,0.0,-18.3,1034.9,2.6,6,6,12,345,24355.1,,Cold
2016-12-10 07:00:00,Hog_lodging_Shanti,267.78,-15.6,4.0,-18.3,1035.3,2.6,7,6,12,345,24355.1,,Cold
2016-12-10 08:00:00,Hog_lodging_Shanti,275.75,-15.0,4.4,-18.3,1034.9,1.5,8,6,12,345,24355.1,,Cold
2016-12-10 09:00:00,Hog_lodging_Shanti,281.84,-14.4,4.8,-17.8,1034.1,1.5,9,6,12,345,24355.1,,Cold
2016-12-10 10:00:00,Hog_lodging_Shanti,290.72,-13.9,5.2,-17.8,1033.7,0.0,10,6,12,345,24355.1,,Cold
2016-12-10 11:00:00,Hog_lodging_Shanti,299.91,-13.3,5.2,-17.8,1033.0,0.0,11,6,12,345,24355.1,,Cold
2016-12-10 12:00:00,Hog_lodging_Shanti,300.69,-12.8,6.0,-17.8,1031.7,2.1,12,6,12,345,24355.1,,Cold
2016-12-10 13:00:00,Hog_lodging_Shanti,332.28,-11.7,6.333333333333333,-17.8,1030.7,2.1,13,6,12,345,24355.1,,Cold
2016-12-10 14:00:00,Hog_lodging_Shanti,339.22,-11.7,6.666666666666667,-17.2,1030.3,2.1,14,6,12,345,24355.1,,Cold
2016-12-10 15:00:00,Hog_lodging_Shanti,321.81,-11.7,7.0,-15.0,1029.75,2.1,15,6,12,345,24355.1,,Cold
2016-12-10 16:00:00,Hog_lodging_Shanti,314.99,-11.7,7.0,-14.4,1029.2,2.6,16,6,12,345,24355.1,,Cold
2016-12-10 17:00:00,Hog_lodging_Shanti,325.13,-11.7,7.0,-14.4,1028.3,3.6,17,6,12,345,24355.1,,Cold
2016-12-10 18:00:00,Hog_lodging_Shanti,330.66,-11.1,8.0,-13.9,1027.0,4.6,18,6,12,345,24355.1,,Cold
2016-12-10 19:00:00,Hog_lodging_Shanti,340.65,-11.1,8.25,-13.9,1026.1,3.6,19,6,12,345,24355.1,,Cold
2016-12-10 20:00:00,Hog_lodging_Shanti,326.72,-11.1,8.5,-13.9,1025.4,4.6,20,6,12,345,24355.1,,Cold
2016-12-10 21:00:00,Hog_lodging_Shanti,298.6,-10.6,8.75,-13.3,1024.7,4.1,21,6,12,345,24355.1,,Cold
2016-12-10 22:00:00,Hog_lodging_Shanti,293.34,-10.6,9.0,-12.8,1024.3,4.1,22,6,12,345,24355.1,,Cold
2016-12-10 23:00:00,Hog_lodging_Shanti,288.12,-10.0,8.5,-12.2,1023.8,3.1,23,6,12,345,24355.1,,Cold
2016-12-11 00:00:00,Hog_lodging_Shanti,288.01,-10.0,8.0,-12.2,1022.5,4.1,0,7,12,346,24355.1,,Cold
2016-12-11 01:00:00,Hog_lodging_Shanti,274.68,-9.4,8.25,-11.7,1021.4,3.6,1,7,12,346,24355.1,,Cold
2016-12-11 02:00:00,Hog_lodging_Shanti,269.95,-9.4,8.5,-11.7,1019.6,4.6,2,7,12,346,24355.1,,Cold
2016-12-11 03:00:00,Hog_lodging_Shanti,251.58,-8.9,8.75,-11.7,1018.8,5.1,3,7,12,346,24355.1,,Cold
2016-12-11 04:00:00,Hog_lodging_Shanti,242.35,-8.9,9.0,-11.1,1018.1,4.1,4,7,12,346,24355.1,,Cold
2016-12-11 05:00:00,Hog_lodging_Shanti,234.28,-8.9,9.0,-11.1,1016.7,5.1,5,7,12,346,24355.1,,Cold
2016-12-11 06:00:00,Hog_lodging_Shanti,233.38,-8.3,9.0,-10.6,1017.2,3.1,6,7,12,346,24355.1,,Cold
2016-12-11 07:00:00,Hog_lodging_Shanti,235.25,-8.3,9.0,-10.6,1016.5,4.1,7,7,12,346,24355.1,,Cold
2016-12-11 08:00:00,Hog_lodging_Shanti,252.09,-8.3,9.0,-10.6,1015.8,3.6,8,7,12,346,24355.1,,Cold
2016-12-11 09:00:00,Hog_lodging_Shanti,254.1,-7.8,8.75,-10.0,1015.0,3.6,9,7,12,346,24355.1,,Cold
2016-12-11 10:00:00,Hog_lodging_Shanti,273.81,-7.2,8.5,-10.0,1015.0,3.6,10,7,12,346,24355.1,,Cold
2016-12-11 11:00:00,Hog_lodging_Shanti,297.78,-6.7,8.25,-10.0,1014.4,3.6,11,7,12,346,24355.1,,Cold
2016-12-11 12:00:00,Hog_lodging_Shanti,299.69,-6.7,8.0,-10.0,1013.9,2.6,12,7,12,346,24355.1,,Cold
2016-12-11 14:00:00,Hog_lodging_Shanti,319.75,-6.1,8.0,-9.4,1012.0,2.1,14,7,12,346,24355.1,,Cold
2016-12-11 15:00:00,Hog_lodging_Shanti,305.72,-6.1,8.0,-9.4,1011.7,2.6,15,7,12,346,24355.1,,Cold
2016-12-11 16:00:00,Hog_lodging_Shanti,304.79,-6.7,8.0,-9.4,1011.9,2.1,16,7,12,346,24355.1,,Cold
2016-12-11 17:00:00,Hog_lodging_Shanti,313.68,-6.7,8.0,-8.9,1012.2,1.5,17,7,12,346,24355.1,,Cold
2016-12-11 18:00:00,Hog_lodging_Shanti,344.74,-6.7,8.0,-9.4,1012.6,3.1,18,7,12,346,24355.1,,Cold
2016-12-11 19:00:00,Hog_lodging_Shanti,343.73,-7.2,6.0,-9.4,1013.2,3.1,19,7,12,346,24355.1,,Cold
2016-12-11 20:00:00,Hog_lodging_Shanti,336.78,-8.3,4.0,-11.1,1013.7,4.6,20,7,12,346,24355.1,,Cold
2016-12-11 21:00:00,Hog_lodging_Shanti,327.78,-9.4,2.0,-11.7,1014.0,5.1,21,7,12,346,24355.1,,Cold
2016-12-11 22:00:00,Hog_lodging_Shanti,313.9,-10.0,2.0,-12.2,1014.3,4.1,22,7,12,346,24355.1,,Cold
2016-12-11 23:00:00,Hog_lodging_Shanti,296.17,-10.6,5.0,-12.8,1015.0,4.1,23,7,12,346,24355.1,,Cold
2016-12-12 00:00:00,Hog_lodging_Shanti,288.52,-10.6,8.0,-12.8,1015.3,3.1,0,1,12,347,24355.1,,Cold
2016-12-12 01:00:00,Hog_lodging_Shanti,270.88,-10.0,7.0,-12.2,1015.6,3.1,1,1,12,347,24355.1,,Cold
2016-12-12 02:00:00,Hog_lodging_Shanti,253.87,-11.7,6.0,-13.9,1016.2,4.6,2,1,12,347,24355.1,,Cold
2016-12-12 03:00:00,Hog_lodging_Shanti,243.56,-12.8,5.0,-14.4,1017.2,5.1,3,1,12,347,24355.1,,Cold
2016-12-12 04:00:00,Hog_lodging_Shanti,241.79,-15.0,4.0,-17.2,1017.45,5.1,4,1,12,347,24355.1,,Cold
2016-12-12 05:00:00,Hog_lodging_Shanti,248.38,-16.1,6.0,-17.8,1017.7,2.1,5,1,12,347,24355.1,,Cold
2016-12-12 06:00:00,Hog_lodging_Shanti,250.08,-15.6,8.0,-17.2,1017.7,2.6,6,1,12,347,24355.1,,Cold
2016-12-12 07:00:00,Hog_lodging_Shanti,270.54,-16.7,6.0,-18.3,1018.1,4.6,7,1,12,347,24355.1,,Cold
2016-12-12 08:00:00,Hog_lodging_Shanti,288.91,-18.3,4.0,-20.6,1018.5,3.6,8,1,12,347,24355.1,,Cold
2016-12-12 09:00:00,Hog_lodging_Shanti,304.65,-18.9,9.0,-20.6,1019.05,4.1,9,1,12,347,24355.1,,Cold
2016-12-12 10:00:00,Hog_lodging_Shanti,327.15,-18.9,2.0,-22.2,1019.6,4.6,10,1,12,347,24355.1,,Cold
2016-12-12 11:00:00,Hog_lodging_Shanti,348.82,-17.8,4.0,-21.1,1019.25,4.6,11,1,12,347,24355.1,,Cold
2016-12-12 12:00:00,Hog_lodging_Shanti,357.87,-16.7,2.0,-20.0,1018.9,3.1,12,1,12,347,24355.1,,Cold
2016-12-12 13:00:00,Hog_lodging_Shanti,348.41,-16.1,4.0,-19.4,1017.6,3.6,13,1,12,347,24355.1,,Cold
2016-12-12 14:00:00,Hog_lodging_Shanti,339.96,-14.4,4.8,-18.9,1017.0,1.5,14,1,12,347,24355.1,,Cold
2016-12-12 15:00:00,Hog_lodging_Shanti,321.23,-14.4,5.6,-18.3,1016.7,2.1,15,1,12,347,24355.1,,Cold
2016-12-12 16:00:00,Hog_lodging_Shanti,337.0,-14.4,6.4,-18.9,1017.8,4.6,16,1,12,347,24355.1,,Cold
2016-12-12 17:00:00,Hog_lodging_Shanti,359.31,-14.4,6.4,-18.3,1017.7,3.1,17,1,12,347,24355.1,,Cold
2016-12-12 18:00:00,Hog_lodging_Shanti,359.63,-14.4,8.0,-18.9,1018.8,4.6,18,1,12,347,24355.1,,Cold
2016-12-12 19:00:00,Hog_lodging_Shanti,361.43,-15.0,7.0,-18.9,1019.8,4.1,19,1,12,347,24355.1,,Cold
2016-12-12 20:00:00,Hog_lodging_Shanti,353.69,-15.0,6.0,-18.9,1020.4,4.6,20,1,12,347,24355.1,,Cold
2016-12-12 21:00:00,Hog_lodging_Shanti,341.63,-15.0,5.0,-18.9,1021.0,3.6,21,1,12,347,24355.1,,Cold
2016-12-12 22:00:00,Hog_lodging_Shanti,339.9,-16.1,4.0,-19.4,1021.6,4.6,22,1,12,347,24355.1,,Cold
2016-12-12 23:00:00,Hog_lodging_Shanti,334.85,-16.7,4.0,-20.0,1022.3,3.6,23,1,12,347,24355.1,,Cold
2016-12-13 00:00:00,Hog_lodging_Shanti,318.21,-17.2,4.0,-21.1,1022.9,6.7,0,2,12,348,24355.1,,Cold
2016-12-13 01:00:00,Hog_lodging_Shanti,306.97,-17.8,2.0,-22.2,1023.4,5.7,1,2,12,348,24355.1,,Cold
2016-12-13 02:00:00,Hog_lodging_Shanti,287.84,-18.9,0.0,-23.3,1023.4,3.6,2,2,12,348,24355.1,,Cold
2016-12-13 03:00:00,Hog_lodging_Shanti,257.07,-18.9,0.0,-23.3,1023.8,3.1,3,2,12,348,24355.1,,Cold
2016-12-13 04:00:00,Hog_lodging_Shanti,280.28,-19.4,0.0,-23.3,1024.1,3.1,4,2,12,348,24355.1,,Cold
2016-12-13 05:00:00,Hog_lodging_Shanti,324.21,-20.6,0.0,-23.9,1024.1,2.6,5,2,12,348,24355.1,,Cold
2016-12-13 06:00:00,Hog_lodging_Shanti,326.01,-21.1,0.0,-23.9,1024.3,3.1,6,2,12,348,24355.1,,Cold
2016-12-13 07:00:00,Hog_lodging_Shanti,348.49,-21.7,0.0,-24.4,1024.8,4.6,7,2,12,348,24355.1,,Cold
2016-12-13 08:00:00,Hog_lodging_Shanti,370.79,-21.7,0.0,-24.4,1025.1,3.6,8,2,12,348,24355.1,,Cold
2016-12-13 09:00:00,Hog_lodging_Shanti,391.81,-21.1,0.0,-24.4,1025.0,4.1,9,2,12,348,24355.1,,Cold
2016-12-13 10:00:00,Hog_lodging_Shanti,390.94,-18.9,0.0,-23.3,1025.2,4.1,10,2,12,348,24355.1,,Cold
2016-12-13 11:00:00,Hog_lodging_Shanti,389.97,-16.1,0.0,-21.7,1024.9,4.6,11,2,12,348,24355.1,,Cold
2016-12-13 12:00:00,Hog_lodging_Shanti,406.31,-14.4,0.0,-21.1,1024.3,4.6,12,2,12,348,24355.1,,Cold
2016-12-13 13:00:00,Hog_lodging_Shanti,396.56,-13.9,0.0,-21.7,1023.5,5.7,13,2,12,348,24355.1,,Cold
2016-12-13 14:00:00,Hog_lodging_Shanti,372.6,-13.3,0.0,-20.6,1023.0,4.6,14,2,12,348,24355.1,,Cold
2016-12-13 15:00:00,Hog_lodging_Shanti,312.15,-13.9,1.0,-21.1,1022.7,6.2,15,2,12,348,24355.1,,Cold
2016-12-13 16:00:00,Hog_lodging_Shanti,332.6,-15.0,2.0,-21.1,1022.3,4.1,16,2,12,348,24355.1,,Cold
2016-12-13 17:00:00,Hog_lodging_Shanti,363.43,-15.0,2.0,-21.1,1021.5,3.1,17,2,12,348,24355.1,,Cold
2016-12-13 18:00:00,Hog_lodging_Shanti,379.69,-15.0,2.0,-20.6,1020.7,4.6,18,2,12,348,24355.1,,Cold
2016-12-13 19:00:00,Hog_lodging_Shanti,383.25,-14.4,2.0,-20.0,1020.1,5.1,19,2,12,348,24355.1,,Cold
2016-12-13 20:00:00,Hog_lodging_Shanti,382.65,-13.9,0.0,-18.9,1019.5,4.1,20,2,12,348,24355.1,,Cold
2016-12-13 21:00:00,Hog_lodging_Shanti,360.89,-13.3,2.0,-18.3,1019.2,5.1,21,2,12,348,24355.1,,Cold
2016-12-13 22:00:00,Hog_lodging_Shanti,351.33,-12.2,0.0,-17.2,1018.6,7.2,22,2,12,348,24355.1,,Cold
2016-12-13 23:00:00,Hog_lodging_Shanti,332.73,-12.8,0.0,-17.2,1018.4,5.7,23,2,12,348,24355.1,,Cold
2016-12-14 00:00:00,Hog_lodging_Shanti,322.71,-12.2,0.0,-17.2,1018.9,5.1,0,3,12,349,24355.1,,Cold
2016-12-14 01:00:00,Hog_lodging_Shanti,296.23,-12.2,0.0,-17.2,1018.7,5.1,1,3,12,349,24355.1,,Cold
2016-12-14 02:00:00,Hog_lodging_Shanti,282.24,-12.8,0.0,-17.8,1018.8,5.1,2,3,12,349,24355.1,,Cold
2016-12-14 03:00:00,Hog_lodging_Shanti,281.44,-12.8,0.0,-18.3,1019.4,5.1,3,3,12,349,24355.1,,Cold
2016-12-14 04:00:00,Hog_lodging_Shanti,270.54,-12.8,0.0,-18.3,1019.3,6.7,4,3,12,349,24355.1,,Cold
2016-12-14 05:00:00,Hog_lodging_Shanti,272.68,-13.3,0.0,-19.4,1019.8,8.2,5,3,12,349,24355.1,,Cold
2016-12-14 06:00:00,Hog_lodging_Shanti,275.03,-13.9,0.0,-20.6,1020.5,5.1,6,3,12,349,24355.1,,Cold
2016-12-14 07:00:00,Hog_lodging_Shanti,296.57,-14.4,2.0,-20.6,1021.2,5.1,7,3,12,349,24355.1,,Cold
2016-12-14 08:00:00,Hog_lodging_Shanti,319.34,-15.0,2.0,-21.7,1021.8,9.3,8,3,12,349,24355.1,,Cold
2016-12-14 09:00:00,Hog_lodging_Shanti,332.03,-15.6,2.0,-21.7,1022.7,10.8,9,3,12,349,24355.1,,Cold
2016-12-14 10:00:00,Hog_lodging_Shanti,335.44,-15.6,2.0,-22.2,1023.4,11.3,10,3,12,349,24355.1,,Cold
2016-12-14 11:00:00,Hog_lodging_Shanti,356.65,-15.6,3.0,-22.2,1023.8,9.3,11,3,12,349,24355.1,,Cold
2016-12-14 12:00:00,Hog_lodging_Shanti,361.63,-15.0,4.0,-21.7,1023.8,10.3,12,3,12,349,24355.1,,Cold
2016-12-14 13:00:00,Hog_lodging_Shanti,372.84,-15.0,0.0,-22.8,1023.6,6.7,13,3,12,349,24355.1,,Cold
2016-12-14 14:00:00,Hog_lodging_Shanti,361.31,-15.0,0.0,-23.3,1023.8,8.8,14,3,12,349,24355.1,,Cold
2016-12-14 15:00:00,Hog_lodging_Shanti,349.47,-15.0,0.0,-22.8,1024.4,6.7,15,3,12,349,24355.1,,Cold
2016-12-14 16:00:00,Hog_lodging_Shanti,357.85,-15.6,0.0,-22.8,1024.8,6.7,16,3,12,349,24355.1,,Cold
2016-12-14 17:00:00,Hog_lodging_Shanti,380.27,-16.7,0.0,-23.3,1025.6,7.7,17,3,12,349,24355.1,,Cold
2016-12-14 18:00:00,Hog_lodging_Shanti,391.22,-17.2,2.0,-22.8,1025.9,8.8,18,3,12,349,24355.1,,Cold
2016-12-14 19:00:00,Hog_lodging_Shanti,400.41,-17.2,2.0,-22.8,1026.4,8.2,19,3,12,349,24355.1,,Cold
2016-12-14 20:00:00,Hog_lodging_Shanti,387.78,-17.8,2.0,-22.8,1026.9,7.2,20,3,12,349,24355.1,,Cold
2016-12-14 21:00:00,Hog_lodging_Shanti,377.63,-17.8,2.0,-23.3,1027.3,6.7,21,3,12,349,24355.1,,Cold
2016-12-14 22:00:00,Hog_lodging_Shanti,383.09,-18.3,2.0,-23.9,1028.1,7.7,22,3,12,349,24355.1,,Cold
2016-12-14 23:00:00,Hog_lodging_Shanti,384.28,-18.9,2.0,-23.9,1029.0,6.2,23,3,12,349,24355.1,,Cold
2016-12-15 00:00:00,Hog_lodging_Shanti,354.07,-19.4,0.0,-24.4,1029.6,4.1,0,4,12,350,24355.1,,Cold
2016-12-15 01:00:00,Hog_lodging_Shanti,333.25,-20.0,0.0,-24.4,1030.2,3.6,1,4,12,350,24355.1,,Cold
2016-12-15 02:00:00,Hog_lodging_Shanti,351.62,-20.6,0.0,-25.0,1030.7,4.1,2,4,12,350,24355.1,,Cold
2016-12-15 03:00:00,Hog_lodging_Shanti,353.57,-20.6,0.0,-25.0,1031.6,4.1,3,4,12,350,24355.1,,Cold
2016-12-15 04:00:00,Hog_lodging_Shanti,344.71,-20.6,0.0,-25.0,1031.7,2.6,4,4,12,350,24355.1,,Cold
2016-12-15 05:00:00,Hog_lodging_Shanti,339.75,-21.7,0.0,-25.6,1032.1,2.6,5,4,12,350,24355.1,,Cold
2016-12-15 06:00:00,Hog_lodging_Shanti,337.63,-22.2,0.0,-25.6,1032.2,3.1,6,4,12,350,24355.1,,Cold
2016-12-15 07:00:00,Hog_lodging_Shanti,359.62,-22.2,0.0,-25.6,1032.8,3.1,7,4,12,350,24355.1,,Cold
2016-12-15 08:00:00,Hog_lodging_Shanti,363.63,-22.8,2.0,-26.1,1032.8,2.1,8,4,12,350,24355.1,,Cold
2016-12-15 09:00:00,Hog_lodging_Shanti,378.68,-22.2,2.0,-25.6,1033.2,2.6,9,4,12,350,24355.1,,Cold
2016-12-15 10:00:00,Hog_lodging_Shanti,391.66,-20.6,2.0,-25.0,1033.4,2.6,10,4,12,350,24355.1,,Cold
2016-12-15 11:00:00,Hog_lodging_Shanti,402.66,-20.0,2.0,-24.4,1033.4,2.1,11,4,12,350,24355.1,,Cold
2016-12-15 12:00:00,Hog_lodging_Shanti,421.84,-18.3,2.0,-24.4,1032.3,3.1,12,4,12,350,24355.1,,Cold
2016-12-15 13:00:00,Hog_lodging_Shanti,389.22,-17.2,4.0,-24.4,1031.2,3.1,13,4,12,350,24355.1,,Cold
2016-12-15 14:00:00,Hog_lodging_Shanti,371.22,-17.2,4.4,-23.9,1030.8,3.1,14,4,12,350,24355.1,,Cold
2016-12-15 15:00:00,Hog_lodging_Shanti,359.28,-17.8,4.8,-23.9,1030.0,2.6,15,4,12,350,24355.1,,Cold
2016-12-15 16:00:00,Hog_lodging_Shanti,373.66,-17.2,5.2,-23.9,1029.4,2.6,16,4,12,350,24355.1,,Cold
2016-12-15 17:00:00,Hog_lodging_Shanti,383.47,-17.2,5.2,-23.3,1029.2,2.6,17,4,12,350,24355.1,,Cold
2016-12-15 18:00:00,Hog_lodging_Shanti,388.62,-17.2,6.0,-23.3,1028.8,2.1,18,4,12,350,24355.1,,Cold
2016-12-15 19:00:00,Hog_lodging_Shanti,391.28,-16.7,6.333333333333333,-22.8,1028.2,2.1,19,4,12,350,24355.1,,Cold
2016-12-15 20:00:00,Hog_lodging_Shanti,381.66,-16.7,6.666666666666667,-22.2,1027.4,2.1,20,4,12,350,24355.1,,Cold
2016-12-15 21:00:00,Hog_lodging_Shanti,364.18,-16.1,7.0,-21.1,1026.6,2.1,21,4,12,350,24355.1,,Cold
2016-12-15 22:00:00,Hog_lodging_Shanti,360.66,-16.1,7.0,-20.6,1026.5,2.1,22,4,12,350,24355.1,,Cold
2016-12-15 23:00:00,Hog_lodging_Shanti,347.13,-16.1,7.0,-18.9,1025.9,2.6,23,4,12,350,24355.1,,Cold
2016-12-16 00:00:00,Hog_lodging_Shanti,333.99,-15.6,8.0,-18.3,1025.6,2.6,0,5,12,351,24355.1,,Cold
2016-12-16 01:00:00,Hog_lodging_Shanti,315.72,-15.6,8.0,-17.8,1024.4,2.1,1,5,12,351,24355.1,,Cold
2016-12-16 02:00:00,Hog_lodging_Shanti,300.35,-14.4,8.0,-17.2,1023.4,3.1,2,5,12,351,24355.1,,Cold
2016-12-16 03:00:00,Hog_lodging_Shanti,287.78,-13.9,8.0,-16.7,1022.6,3.6,3,5,12,351,24355.1,,Cold
2016-12-16 04:00:00,Hog_lodging_Shanti,278.19,-13.9,8.0,-16.7,1021.8,3.6,4,5,12,351,24355.1,,Cold
2016-12-16 05:00:00,Hog_lodging_Shanti,274.84,-13.9,8.0,-16.7,1020.7,4.1,5,5,12,351,24355.1,,Cold
2016-12-16 06:00:00,Hog_lodging_Shanti,273.78,-13.9,8.0,-16.7,1021.0,2.1,6,5,12,351,24355.1,,Cold
2016-12-16 07:00:00,Hog_lodging_Shanti,296.91,-13.3,8.0,-16.1,1020.3,3.6,7,5,12,351,24355.1,,Cold
2016-12-16 08:00:00,Hog_lodging_Shanti,314.03,-13.3,8.0,-16.1,1019.8,3.1,8,5,12,351,24355.1,,Cold
2016-12-16 09:00:00,Hog_lodging_Shanti,314.59,-12.8,8.0,-16.1,1019.8,2.6,9,5,12,351,24355.1,,Cold
2016-12-16 10:00:00,Hog_lodging_Shanti,335.28,-12.8,8.0,-15.6,1019.1,4.1,10,5,12,351,24355.1,,Cold
2016-12-16 11:00:00,Hog_lodging_Shanti,343.88,-12.2,8.0,-15.6,1018.1,3.1,11,5,12,351,24355.1,,Cold
2016-12-16 12:00:00,Hog_lodging_Shanti,359.47,-11.7,8.0,-15.6,1017.2,2.6,12,5,12,351,24355.1,,Cold
2016-12-16 13:00:00,Hog_lodging_Shanti,354.18,-11.7,8.2,-15.6,1015.5,1.5,13,5,12,351,24355.1,,Cold
2016-12-16 14:00:00,Hog_lodging_Shanti,350.2,-11.7,8.4,-15.0,1014.5,2.6,14,5,12,351,24355.1,,Cold
2016-12-16 15:00:00,Hog_lodging_Shanti,329.15,-11.1,8.6,-15.0,1013.6,3.1,15,5,12,351,24355.1,,Cold
2016-12-16 16:00:00,Hog_lodging_Shanti,327.0,-11.1,8.6,-14.4,1013.45,3.1,16,5,12,351,24355.1,,Cold
2016-12-16 17:00:00,Hog_lodging_Shanti,365.25,-11.7,9.0,-13.9,1013.3,3.1,17,5,12,351,24355.1,,Cold
2016-12-16 18:00:00,Hog_lodging_Shanti,373.21,-11.7,9.0,-13.9,1013.0,3.6,18,5,12,351,24355.1,,Cold
2016-12-16 19:00:00,Hog_lodging_Shanti,374.91,-11.7,9.0,-13.9,1012.7,2.6,19,5,12,351,24355.1,,Cold
2016-12-16 20:00:00,Hog_lodging_Shanti,338.51,-11.7,9.0,-13.3,1012.7,2.1,20,5,12,351,24355.1,,Cold
2016-12-16 21:00:00,Hog_lodging_Shanti,323.59,-11.7,9.0,-13.9,1012.6,2.6,21,5,12,351,24355.1,,Cold
2016-12-16 22:00:00,Hog_lodging_Shanti,316.72,-11.7,9.0,-13.9,1011.5,4.1,22,5,12,351,24355.1,,Cold
2016-12-16 23:00:00,Hog_lodging_Shanti,312.78,-11.7,8.5,-13.9,1011.5,3.6,23,5,12,351,24355.1,,Cold
2016-12-17 00:00:00,Hog_lodging_Shanti,300.72,-11.1,8.0,-13.9,1011.7,3.6,0,6,12,352,24355.1,,Cold
2016-12-17 01:00:00,Hog_lodging_Shanti,293.63,-11.1,8.2,-13.9,1011.7,5.1,1,6,12,352,24355.1,,Cold
2016-12-17 02:00:00,Hog_lodging_Shanti,285.4,-11.1,8.4,-13.9,1012.5,5.1,2,6,12,352,24355.1,,Cold
2016-12-17 03:00:00,Hog_lodging_Shanti,270.59,-11.7,8.6,-15.0,1011.8,6.2,3,6,12,352,24355.1,,Cold
2016-12-17 04:00:00,Hog_lodging_Shanti,266.07,-12.2,8.6,-15.6,1013.4,5.7,4,6,12,352,24355.1,,Cold
2016-12-17 05:00:00,Hog_lodging_Shanti,264.44,-12.8,9.0,-15.6,1012.8,6.7,5,6,12,352,24355.1,,Cold
2016-12-17 06:00:00,Hog_lodging_Shanti,266.05,-13.9,8.0,-16.7,1012.2,6.2,6,6,12,352,24355.1,,Cold
2016-12-17 07:00:00,Hog_lodging_Shanti,283.57,-13.9,7.333333333333333,-17.2,1015.3,7.7,7,6,12,352,24355.1,,Cold
2016-12-17 08:00:00,Hog_lodging_Shanti,297.16,-15.0,6.666666666666667,-18.3,1016.0,6.7,8,6,12,352,24355.1,,Cold
2016-12-17 09:00:00,Hog_lodging_Shanti,294.56,-15.0,6.0,-18.9,1016.9,6.7,9,6,12,352,24355.1,,Cold
2016-12-17 10:00:00,Hog_lodging_Shanti,309.56,-15.0,6.0,-18.9,1018.7,7.2,10,6,12,352,24355.1,,Cold
2016-12-17 11:00:00,Hog_lodging_Shanti,358.65,-15.0,6.0,-19.4,1018.6,5.7,11,6,12,352,24355.1,,Cold
2016-12-17 12:00:00,Hog_lodging_Shanti,351.66,-14.4,4.0,-19.4,1018.5,7.2,12,6,12,352,24355.1,,Cold
2016-12-17 13:00:00,Hog_lodging_Shanti,364.56,-15.0,4.0,-20.0,1019.0,6.7,13,6,12,352,24355.1,,Cold
2016-12-17 14:00:00,Hog_lodging_Shanti,368.35,-15.6,4.0,-20.6,1019.3,6.7,14,6,12,352,24355.1,,Cold
2016-12-17 15:00:00,Hog_lodging_Shanti,344.56,-15.6,4.0,-21.1,1019.4,7.2,15,6,12,352,24355.1,,Cold
2016-12-17 16:00:00,Hog_lodging_Shanti,339.88,-16.1,4.0,-21.7,1020.1,6.2,16,6,12,352,24355.1,,Cold
2016-12-17 17:00:00,Hog_lodging_Shanti,356.46,-16.7,4.0,-22.2,1021.2,5.7,17,6,12,352,24355.1,,Cold
2016-12-17 18:00:00,Hog_lodging_Shanti,373.25,-17.8,4.0,-23.3,1022.4,4.6,18,6,12,352,24355.1,,Cold
2016-12-17 19:00:00,Hog_lodging_Shanti,367.94,-18.3,2.0,-23.9,1022.8,6.2,19,6,12,352,24355.1,,Cold
2016-12-17 20:00:00,Hog_lodging_Shanti,343.56,-20.0,0.0,-25.0,1024.0,6.2,20,6,12,352,24355.1,,Cold
2016-12-17 21:00:00,Hog_lodging_Shanti,325.85,-21.1,0.0,-26.1,1025.0,4.6,21,6,12,352,24355.1,,Cold
2016-12-17 22:00:00,Hog_lodging_Shanti,331.25,-22.2,0.0,-26.7,1026.0,6.2,22,6,12,352,24355.1,,Cold
2016-12-17 23:00:00,Hog_lodging_Shanti,379.74,-22.8,0.0,-27.2,1026.4,4.6,23,6,12,352,24355.1,,Cold
2016-12-18 00:00:00,Hog_lodging_Shanti,383.29,-23.9,0.0,-27.8,1027.2,4.1,0,7,12,353,24355.1,,Cold
2016-12-18 01:00:00,Hog_lodging_Shanti,367.24,-24.4,0.0,-28.3,1028.0,4.6,1,7,12,353,24355.1,,Cold
2016-12-18 02:00:00,Hog_lodging_Shanti,343.14,-25.6,0.0,-28.9,1029.2,4.6,2,7,12,353,24355.1,,Cold
2016-12-18 03:00:00,Hog_lodging_Shanti,304.18,-26.7,0.0,-29.4,1030.5,3.6,3,7,12,353,24355.1,,Cold
2016-12-18 04:00:00,Hog_lodging_Shanti,315.66,-27.2,0.0,-30.0,1031.2,3.6,4,7,12,353,24355.1,,Cold
2016-12-18 05:00:00,Hog_lodging_Shanti,340.4,-27.8,0.0,-30.0,1031.6,2.6,5,7,12,353,24355.1,,Cold
2016-12-18 06:00:00,Hog_lodging_Shanti,295.13,-27.2,0.0,-30.6,1031.8,3.1,6,7,12,353,24355.1,,Cold
2016-12-18 07:00:00,Hog_lodging_Shanti,303.25,-27.8,0.0,-30.6,1032.9,1.5,7,7,12,353,24355.1,,Cold
2016-12-18 08:00:00,Hog_lodging_Shanti,354.19,-28.3,0.0,-31.1,1033.6,2.6,8,7,12,353,24355.1,,Cold
2016-12-18 09:00:00,Hog_lodging_Shanti,343.99,-28.9,2.0,-31.7,1034.7,2.1,9,7,12,353,24355.1,,Cold
2016-12-18 10:00:00,Hog_lodging_Shanti,329.13,-27.8,2.0,-31.1,1035.7,3.1,10,7,12,353,24355.1,,Cold
2016-12-18 11:00:00,Hog_lodging_Shanti,387.69,-25.6,0.0,-29.4,1035.8,3.6,11,7,12,353,24355.1,,Cold
2016-12-18 12:00:00,Hog_lodging_Shanti,410.87,-23.9,0.0,-28.3,1035.3,2.1,12,7,12,353,24355.1,,Cold
2016-12-18 13:00:00,Hog_lodging_Shanti,403.38,-22.8,0.0,-28.3,1035.1,3.6,13,7,12,353,24355.1,,Cold
2016-12-18 14:00:00,Hog_lodging_Shanti,368.31,-22.2,2.0,-28.3,1035.1,2.6,14,7,12,353,24355.1,,Cold
2016-12-18 15:00:00,Hog_lodging_Shanti,357.47,-21.1,2.6666666666666665,-27.8,1035.0,3.6,15,7,12,353,24355.1,,Cold
2016-12-18 16:00:00,Hog_lodging_Shanti,358.94,-21.1,3.333333333333333,-28.3,1034.8,2.6,16,7,12,353,24355.1,,Cold
2016-12-18 17:00:00,Hog_lodging_Shanti,381.84,-22.8,4.0,-28.3,1034.6,2.6,17,7,12,353,24355.1,,Cold
2016-12-18 18:00:00,Hog_lodging_Shanti,393.87,-23.3,2.0,-28.3,1034.3,3.6,18,7,12,353,24355.1,,Cold
2016-12-18 19:00:00,Hog_lodging_Shanti,394.17,-23.3,0.0,-27.8,1034.0,3.6,19,7,12,353,24355.1,,Cold
2016-12-18 20:00:00,Hog_lodging_Shanti,435.84,-21.7,0.0,-26.1,1034.0,4.1,20,7,12,353,24355.1,,Cold
2016-12-18 21:00:00,Hog_lodging_Shanti,403.96,-22.8,0.0,-26.1,1033.7,2.6,21,7,12,353,24355.1,,Cold
2016-12-18 22:00:00,Hog_lodging_Shanti,403.51,-18.9,0.0,-23.3,1033.2,3.1,22,7,12,353,24355.1,,Cold
2016-12-18 23:00:00,Hog_lodging_Shanti,371.21,-17.8,0.0,-22.2,1032.8,3.1,23,7,12,353,24355.1,,Cold
2016-12-19 00:00:00,Hog_lodging_Shanti,316.22,-16.7,0.0,-21.1,1032.1,3.1,0,1,12,354,24355.1,,Cold
2016-12-19 01:00:00,Hog_lodging_Shanti,347.78,-16.1,0.0,-20.6,1031.4,4.6,1,1,12,354,24355.1,,Cold
2016-12-19 02:00:00,Hog_lodging_Shanti,340.7,-15.6,0.0,-20.0,1031.0,3.6,2,1,12,354,24355.1,,Cold
2016-12-19 03:00:00,Hog_lodging_Shanti,335.15,-15.0,0.0,-20.0,1030.4,4.6,3,1,12,354,24355.1,,Cold
2016-12-19 04:00:00,Hog_lodging_Shanti,321.5,-14.4,0.0,-19.4,1029.8,4.1,4,1,12,354,24355.1,,Cold
2016-12-19 05:00:00,Hog_lodging_Shanti,303.84,-13.9,2.0,-19.4,1029.3,3.6,5,1,12,354,24355.1,,Cold
2016-12-19 06:00:00,Hog_lodging_Shanti,265.66,-13.3,6.0,-18.3,1028.7,5.7,6,1,12,354,24355.1,,Cold
2016-12-19 07:00:00,Hog_lodging_Shanti,291.66,-12.8,5.5,-18.3,1028.2,5.7,7,1,12,354,24355.1,,Cold
2016-12-19 08:00:00,Hog_lodging_Shanti,316.71,-11.7,5.0,-17.8,1027.5,3.6,8,1,12,354,24355.1,,Cold
2016-12-19 09:00:00,Hog_lodging_Shanti,306.06,-10.6,4.5,-17.2,1027.1,4.6,9,1,12,354,24355.1,,Cold
2016-12-19 10:00:00,Hog_lodging_Shanti,339.54,-9.4,4.0,-16.7,1027.0,3.6,10,1,12,354,24355.1,,Cold
2016-12-19 11:00:00,Hog_lodging_Shanti,346.96,-8.9,4.0,-16.7,1026.9,6.7,11,1,12,354,24355.1,,Cold
2016-12-19 12:00:00,Hog_lodging_Shanti,354.69,-7.8,2.0,-15.6,1025.6,7.7,12,1,12,354,24355.1,,Cold
2016-12-19 13:00:00,Hog_lodging_Shanti,356.22,-7.2,2.0,-15.0,1024.1,5.7,13,1,12,354,24355.1,,Cold
2016-12-19 14:00:00,Hog_lodging_Shanti,355.04,-6.7,2.0,-13.9,1023.9,7.2,14,1,12,354,24355.1,,Cold
2016-12-19 15:00:00,Hog_lodging_Shanti,330.12,-6.7,4.0,-13.3,1023.0,4.6,15,1,12,354,24355.1,,Cold
2016-12-19 16:00:00,Hog_lodging_Shanti,345.15,-7.2,5.333333333333333,-13.3,1023.1,3.6,16,1,12,354,24355.1,,Cold
2016-12-19 17:00:00,Hog_lodging_Shanti,355.06,-7.2,6.666666666666666,-12.8,1022.1,4.1,17,1,12,354,24355.1,,Cold
2016-12-19 18:00:00,Hog_lodging_Shanti,357.73,-6.7,8.0,-12.2,1021.5,3.6,18,1,12,354,24355.1,,Cold
2016-12-19 19:00:00,Hog_lodging_Shanti,362.59,-5.6,8.0,-11.7,1020.3,5.1,19,1,12,354,24355.1,,Cold
2016-12-19 20:00:00,Hog_lodging_Shanti,356.25,-4.4,8.0,-10.6,1019.4,5.1,20,1,12,354,24355.1,,Cold
2016-12-19 21:00:00,Hog_lodging_Shanti,338.28,-4.4,8.0,-9.4,1019.2,4.6,21,1,12,354,24355.1,,Cold
2016-12-19 22:00:00,Hog_lodging_Shanti,336.25,-3.9,8.0,-8.9,1018.1,5.1,22,1,12,354,24355.1,,Cold
2016-12-19 23:00:00,Hog_lodging_Shanti,325.12,-3.9,8.0,-8.9,1016.7,7.2,23,1,12,354,24355.1,,Cold
2016-12-20 00:00:00,Hog_lodging_Shanti,318.19,-3.9,8.0,-8.9,1016.0,6.2,0,2,12,355,24355.1,,Cold
2016-12-20 01:00:00,Hog_lodging_Shanti,302.22,-3.9,6.666666666666667,-8.3,1014.4,8.2,1,2,12,355,24355.1,,Cold
2016-12-20 02:00:00,Hog_lodging_Shanti,290.13,-3.3,5.333333333333334,-7.8,1014.4,6.7,2,2,12,355,24355.1,,Cold
2016-12-20 03:00:00,Hog_lodging_Shanti,273.16,-3.3,4.0,-7.8,1013.5,5.1,3,2,12,355,24355.1,,Cold
2016-12-20 04:00:00,Hog_lodging_Shanti,269.15,-2.8,4.0,-7.2,1013.0,5.7,4,2,12,355,24355.1,,Cold
2016-12-20 05:00:00,Hog_lodging_Shanti,267.16,-1.7,4.0,-6.7,1013.0,6.2,5,2,12,355,24355.1,,Cold
2016-12-20 06:00:00,Hog_lodging_Shanti,259.27,-1.1,0.0,-6.1,1013.3,7.2,6,2,12,355,24355.1,,Cold
2016-12-20 07:00:00,Hog_lodging_Shanti,282.31,-0.6,0.0,-5.6,1013.8,5.7,7,2,12,355,24355.1,,Cold
2016-12-20 08:00:00,Hog_lodging_Shanti,307.85,0.0,0.0,-5.0,1013.9,5.1,8,2,12,355,24355.1,,Cold
2016-12-20 09:00:00,Hog_lodging_Shanti,301.94,0.6,0.0,-5.0,1014.3,7.2,9,2,12,355,24355.1,,Cold
2016-12-20 10:00:00,Hog_lodging_Shanti,316.41,1.7,0.0,-5.0,1015.0,11.3,10,2,12,355,24355.1,,Cold
2016-12-20 11:00:00,Hog_lodging_Shanti,320.62,2.8,0.0,-5.6,1015.2,7.7,11,2,12,355,24355.1,,Cold
2016-12-20 12:00:00,Hog_lodging_Shanti,326.88,2.8,0.0,-5.6,1015.3,5.7,12,2,12,355,24355.1,,Cold
2016-12-20 13:00:00,Hog_lodging_Shanti,327.99,2.2,0.3333333333333333,-5.6,1015.5,7.7,13,2,12,355,24355.1,,Cold
2016-12-20 14:00:00,Hog_lodging_Shanti,336.28,2.2,0.6666666666666666,-5.6,1015.7,6.2,14,2,12,355,24355.1,,Cold
2016-12-20 15:00:00,Hog_lodging_Shanti,315.2,1.1,1.0,-6.1,1015.8,6.2,15,2,12,355,24355.1,,Cold
2016-12-20 16:00:00,Hog_lodging_Shanti,324.06,0.6,1.0,-6.1,1016.7,4.6,16,2,12,355,24355.1,,Cold
2016-12-20 17:00:00,Hog_lodging_Shanti,337.07,-0.6,1.0,-6.7,1017.3,3.1,17,2,12,355,24355.1,,Cold
2016-12-20 18:00:00,Hog_lodging_Shanti,340.65,-1.1,2.0,-6.7,1017.5,4.1,18,2,12,355,24355.1,,Cold
2016-12-20 19:00:00,Hog_lodging_Shanti,327.24,-1.1,3.0,-6.7,1017.7,3.1,19,2,12,355,24355.1,,Cold
2016-12-20 20:00:00,Hog_lodging_Shanti,322.92,-2.2,4.0,-6.7,1017.8,2.1,20,2,12,355,24355.1,,Cold
2016-12-20 21:00:00,Hog_lodging_Shanti,319.81,-2.2,5.0,-6.7,1017.8,3.6,21,2,12,355,24355.1,,Cold
2016-12-20 22:00:00,Hog_lodging_Shanti,320.77,-2.8,5.0,-7.2,1018.2,3.1,22,2,12,355,24355.1,,Cold
2016-12-20 23:00:00,Hog_lodging_Shanti,310.67,-3.3,5.0,-7.2,1018.1,1.5,23,2,12,355,24355.1,,Cold
2016-12-21 00:00:00,Hog_lodging_Shanti,299.65,-4.4,8.0,-8.3,1018.0,0.0,0,3,12,356,24355.1,,Cold
2016-12-21 01:00:00,Hog_lodging_Shanti,283.57,-5.0,8.0,-8.3,1017.3,1.5,1,3,12,356,24355.1,,Cold
2016-12-21 02:00:00,Hog_lodging_Shanti,261.55,-5.0,8.0,-7.8,1016.1,1.5,2,3,12,356,24355.1,,Cold
2016-12-21 03:00:00,Hog_lodging_Shanti,256.6,-3.3,8.0,-7.2,1015.4,3.6,3,3,12,356,24355.1,,Cold
2016-12-21 04:00:00,Hog_lodging_Shanti,245.5,-3.3,8.0,-7.2,1014.7,2.1,4,3,12,356,24355.1,,Cold
2016-12-21 05:00:00,Hog_lodging_Shanti,247.53,-2.2,8.0,-6.7,1014.3,3.1,5,3,12,356,24355.1,,Cold
2016-12-21 06:00:00,Hog_lodging_Shanti,247.59,-1.1,8.0,-6.1,1012.7,4.6,6,3,12,356,24355.1,,Cold
2016-12-21 07:00:00,Hog_lodging_Shanti,267.85,0.0,7.333333333333333,-5.0,1011.7,2.1,7,3,12,356,24355.1,,Cold
2016-12-21 08:00:00,Hog_lodging_Shanti,280.22,0.6,6.666666666666667,-5.0,1011.0,5.7,8,3,12,356,24355.1,,Cold
2016-12-21 09:00:00,Hog_lodging_Shanti,288.72,0.6,6.0,-5.0,1010.2,4.6,9,3,12,356,24355.1,,Cold
2016-12-21 10:00:00,Hog_lodging_Shanti,308.59,2.2,6.0,-4.4,1009.9,6.2,10,3,12,356,24355.1,,Cold
2016-12-21 11:00:00,Hog_lodging_Shanti,316.96,2.8,6.0,-3.9,1009.6,5.7,11,3,12,356,24355.1,,Cold
2016-12-21 12:00:00,Hog_lodging_Shanti,317.35,3.3,4.0,-2.8,1009.1,4.1,12,3,12,356,24355.1,,Cold
2016-12-21 13:00:00,Hog_lodging_Shanti,334.75,4.4,4.666666666666667,-2.8,1008.3,5.1,13,3,12,356,24355.1,,Cold
2016-12-21 14:00:00,Hog_lodging_Shanti,328.9,4.4,5.333333333333333,-3.3,1008.3,7.7,14,3,12,356,24355.1,,Cold
2016-12-21 15:00:00,Hog_lodging_Shanti,319.47,3.9,6.0,-2.2,1008.9,7.2,15,3,12,356,24355.1,,Cold
2016-12-21 16:00:00,Hog_lodging_Shanti,315.26,3.3,6.0,-2.2,1010.0,6.7,16,3,12,356,24355.1,,Cold
2016-12-21 17:00:00,Hog_lodging_Shanti,320.24,2.8,6.0,-1.7,1011.2,6.2,17,3,12,356,24355.1,,Cold
2016-12-21 18:00:00,Hog_lodging_Shanti,325.1,2.8,8.0,-1.1,1012.9,8.8,18,3,12,356,24355.1,,Cold
2016-12-21 19:00:00,Hog_lodging_Shanti,319.5,2.8,4.0,-1.1,1014.4,6.7,19,3,12,356,24355.1,,Cold
2016-12-21 20:00:00,Hog_lodging_Shanti,313.34,2.8,4.0,-1.7,1016.4,7.7,20,3,12,356,24355.1,,Cold
2016-12-21 21:00:00,Hog_lodging_Shanti,296.13,2.2,4.0,-2.8,1018.2,9.8,21,3,12,356,24355.1,,Cold
2016-12-21 22:00:00,Hog_lodging_Shanti,263.94,0.6,2.0,-3.3,1019.5,7.7,22,3,12,356,24355.1,,Cold
2016-12-21 23:00:00,Hog_lodging_Shanti,271.93,-0.6,2.0,-3.9,1020.7,5.1,23,3,12,356,24355.1,,Cold
2016-12-22 00:00:00,Hog_lodging_Shanti,276.88,-1.7,2.0,-4.4,1021.2,3.6,0,4,12,357,24355.1,,Cold
2016-12-22 01:00:00,Hog_lodging_Shanti,261.78,-2.2,2.0,-4.4,1021.9,3.1,1,4,12,357,24355.1,,Cold
2016-12-22 02:00:00,Hog_lodging_Shanti,253.69,-2.8,0.0,-5.6,1022.7,2.6,2,4,12,357,24355.1,,Cold
2016-12-22 03:00:00,Hog_lodging_Shanti,250.68,-3.3,0.0,-6.1,1023.7,2.1,3,4,12,357,24355.1,,Cold
2016-12-22 04:00:00,Hog_lodging_Shanti,245.72,-4.4,0.0,-6.7,1024.2,2.6,4,4,12,357,24355.1,,Cold
2016-12-22 05:00:00,Hog_lodging_Shanti,259.69,-5.0,0.0,-7.2,1024.4,3.1,5,4,12,357,24355.1,,Cold
2016-12-22 06:00:00,Hog_lodging_Shanti,239.76,-5.6,0.0,-7.8,1024.7,3.1,6,4,12,357,24355.1,,Cold
2016-12-22 07:00:00,Hog_lodging_Shanti,261.93,-6.1,0.0,-8.9,1024.8,1.5,7,4,12,357,24355.1,,Cold
2016-12-22 08:00:00,Hog_lodging_Shanti,278.18,-6.1,0.0,-9.4,1024.9,3.1,8,4,12,357,24355.1,,Cold
2016-12-22 09:00:00,Hog_lodging_Shanti,282.47,-6.1,0.0,-9.4,1024.7,3.1,9,4,12,357,24355.1,,Cold
2016-12-22 10:00:00,Hog_lodging_Shanti,286.48,-3.9,0.0,-8.9,1024.8,3.6,10,4,12,357,24355.1,,Cold
2016-12-22 11:00:00,Hog_lodging_Shanti,293.68,-1.7,0.0,-7.8,1024.7,3.1,11,4,12,357,24355.1,,Cold
2016-12-22 12:00:00,Hog_lodging_Shanti,297.21,-0.6,0.0,-7.2,1024.0,4.1,12,4,12,357,24355.1,,Cold
2016-12-22 13:00:00,Hog_lodging_Shanti,298.92,1.1,2.0,-7.2,1023.6,4.6,13,4,12,357,24355.1,,Cold
2016-12-22 14:00:00,Hog_lodging_Shanti,285.43,2.2,2.0,-7.8,1022.9,5.1,14,4,12,357,24355.1,,Cold
2016-12-22 15:00:00,Hog_lodging_Shanti,276.72,2.8,2.0,-6.7,1022.6,4.6,15,4,12,357,24355.1,,Cold
2016-12-22 16:00:00,Hog_lodging_Shanti,267.82,2.2,2.0,-6.1,1022.7,3.6,16,4,12,357,24355.1,,Cold
2016-12-22 17:00:00,Hog_lodging_Shanti,257.93,1.1,4.0,-6.1,1022.7,3.1,17,4,12,357,24355.1,,Cold
2016-12-22 18:00:00,Hog_lodging_Shanti,254.07,0.6,4.0,-5.6,1022.4,3.1,18,4,12,357,24355.1,,Cold
2016-12-22 19:00:00,Hog_lodging_Shanti,258.4,0.0,0.0,-5.6,1022.0,2.6,19,4,12,357,24355.1,,Cold
2016-12-22 20:00:00,Hog_lodging_Shanti,251.13,0.0,2.0,-5.0,1021.3,3.1,20,4,12,357,24355.1,,Cold
2016-12-22 21:00:00,Hog_lodging_Shanti,250.03,1.1,2.0,-4.4,1021.0,5.7,21,4,12,357,24355.1,,Cold
2016-12-22 22:00:00,Hog_lodging_Shanti,248.93,1.1,2.0,-5.0,1020.9,4.6,22,4,12,357,24355.1,,Cold
2016-12-22 23:00:00,Hog_lodging_Shanti,235.98,1.1,4.0,-5.0,1020.4,4.1,23,4,12,357,24355.1,,Cold
2016-12-23 00:00:00,Hog_lodging_Shanti,249.93,1.1,6.0,-5.0,1019.7,3.1,0,5,12,358,24355.1,,Cold
2016-12-23 01:00:00,Hog_lodging_Shanti,238.04,1.7,6.333333333333333,-5.0,1019.0,4.1,1,5,12,358,24355.1,,Cold
2016-12-23 02:00:00,Hog_lodging_Shanti,229.81,1.1,6.666666666666667,-5.6,1018.8,2.6,2,5,12,358,24355.1,,Cold
2016-12-23 03:00:00,Hog_lodging_Shanti,220.8,1.1,7.0,-5.6,1018.7,2.6,3,5,12,358,24355.1,,Cold
2016-12-23 04:00:00,Hog_lodging_Shanti,224.82,0.6,7.0,-5.6,1018.4,3.1,4,5,12,358,24355.1,,Cold
2016-12-23 05:00:00,Hog_lodging_Shanti,225.75,1.1,7.0,-5.6,1017.6,3.1,5,5,12,358,24355.1,,Cold
2016-12-23 06:00:00,Hog_lodging_Shanti,223.72,1.1,8.0,-5.0,1017.2,2.6,6,5,12,358,24355.1,,Cold
2016-12-23 07:00:00,Hog_lodging_Shanti,226.78,1.7,8.0,-4.4,1016.9,3.6,7,5,12,358,24355.1,,Cold
2016-12-23 08:00:00,Hog_lodging_Shanti,223.78,2.2,8.0,-3.9,1016.6,5.1,8,5,12,358,24355.1,,Cold
2016-12-23 09:00:00,Hog_lodging_Shanti,228.94,2.8,8.0,-2.2,1016.4,5.1,9,5,12,358,24355.1,,Cold
2016-12-23 10:00:00,Hog_lodging_Shanti,229.09,2.8,8.0,-0.6,1016.1,4.6,10,5,12,358,24355.1,,Cold
2016-12-23 11:00:00,Hog_lodging_Shanti,228.03,2.8,8.0,-0.6,1015.7,6.2,11,5,12,358,24355.1,,Cold
2016-12-23 12:00:00,Hog_lodging_Shanti,222.97,1.1,8.0,-0.6,1014.6,3.6,12,5,12,358,24355.1,,Cold
2016-12-23 13:00:00,Hog_lodging_Shanti,223.97,1.1,8.0,-0.6,1013.4,3.6,13,5,12,358,24355.1,,Cold
2016-12-23 14:00:00,Hog_lodging_Shanti,223.94,0.6,8.0,-0.6,1012.55,2.6,14,5,12,358,24355.1,,Cold
2016-12-23 15:00:00,Hog_lodging_Shanti,219.78,1.1,8.0,-0.6,1011.7,3.6,15,5,12,358,24355.1,,Cold
2016-12-23 16:00:00,Hog_lodging_Shanti,220.88,0.6,8.0,-0.6,1011.6,2.1,16,5,12,358,24355.1,,Cold
2016-12-23 17:00:00,Hog_lodging_Shanti,231.93,0.6,8.0,-0.6,1011.5,2.6,17,5,12,358,24355.1,,Cold
2016-12-23 18:00:00,Hog_lodging_Shanti,233.97,0.6,8.0,-0.6,1011.5,2.1,18,5,12,358,24355.1,,Cold
2016-12-23 19:00:00,Hog_lodging_Shanti,226.81,1.1,8.0,0.0,1011.4,2.6,19,5,12,358,24355.1,,Cold
2016-12-23 20:00:00,Hog_lodging_Shanti,226.91,1.1,8.0,0.0,1012.1,1.5,20,5,12,358,24355.1,,Cold
2016-12-23 21:00:00,Hog_lodging_Shanti,230.97,1.7,8.0,0.0,1012.4,1.5,21,5,12,358,24355.1,,Cold
2016-12-23 22:00:00,Hog_lodging_Shanti,228.87,1.1,8.0,0.0,1012.4,1.5,22,5,12,358,24355.1,,Cold
2016-12-23 23:00:00,Hog_lodging_Shanti,226.84,1.1,8.0,0.0,1012.9,1.5,23,5,12,358,24355.1,,Cold
2016-12-24 00:00:00,Hog_lodging_Shanti,223.82,1.1,8.0,-0.6,1013.8,1.5,0,6,12,359,24355.1,,Cold
2016-12-24 01:00:00,Hog_lodging_Shanti,223.9,0.6,8.0,-0.6,1014.7,3.6,1,6,12,359,24355.1,,Cold
2016-12-24 02:00:00,Hog_lodging_Shanti,224.88,1.1,8.0,-1.1,1015.4,2.6,2,6,12,359,24355.1,,Cold
2016-12-24 03:00:00,Hog_lodging_Shanti,226.84,0.6,8.0,-1.7,1016.9,3.6,3,6,12,359,24355.1,,Cold
2016-12-24 04:00:00,Hog_lodging_Shanti,220.78,0.6,8.0,-1.7,1017.9,3.1,4,6,12,359,24355.1,,Cold
2016-12-24 05:00:00,Hog_lodging_Shanti,224.85,0.6,8.0,-1.7,1018.6,2.6,5,6,12,359,24355.1,,Cold
2016-12-24 06:00:00,Hog_lodging_Shanti,229.9,0.6,8.0,-2.2,1019.3,1.5,6,6,12,359,24355.1,,Cold
2016-12-24 07:00:00,Hog_lodging_Shanti,220.82,0.6,8.0,-1.7,1020.0,0.0,7,6,12,359,24355.1,,Cold
2016-12-24 08:00:00,Hog_lodging_Shanti,222.81,0.6,8.0,-1.7,1021.0,2.1,8,6,12,359,24355.1,,Cold
2016-12-24 09:00:00,Hog_lodging_Shanti,220.81,0.6,8.0,-1.7,1021.6,1.5,9,6,12,359,24355.1,,Cold
2016-12-24 10:00:00,Hog_lodging_Shanti,219.69,1.1,8.0,-1.1,1022.4,0.0,10,6,12,359,24355.1,,Cold
2016-12-24 11:00:00,Hog_lodging_Shanti,219.87,1.1,8.0,-1.1,1022.5,0.0,11,6,12,359,24355.1,,Cold
2016-12-24 12:00:00,Hog_lodging_Shanti,225.95,1.7,8.0,-1.1,1022.7,0.0,12,6,12,359,24355.1,,Cold
2016-12-24 13:00:00,Hog_lodging_Shanti,219.02,1.7,8.0,-1.1,1023.0,0.0,13,6,12,359,24355.1,,Cold
2016-12-24 14:00:00,Hog_lodging_Shanti,221.0,1.7,8.0,-1.7,1023.8,1.5,14,6,12,359,24355.1,,Cold
2016-12-24 15:00:00,Hog_lodging_Shanti,220.91,1.7,8.0,-1.7,1024.6,1.5,15,6,12,359,24355.1,,Cold
2016-12-24 16:00:00,Hog_lodging_Shanti,219.87,1.7,8.0,-1.7,1024.7,0.0,16,6,12,359,24355.1,,Cold
2016-12-24 17:00:00,Hog_lodging_Shanti,225.88,1.1,8.0,-1.7,1025.2,2.6,17,6,12,359,24355.1,,Cold
2016-12-24 18:00:00,Hog_lodging_Shanti,225.85,1.1,8.0,-1.1,1025.5,3.6,18,6,12,359,24355.1,,Cold
2016-12-24 19:00:00,Hog_lodging_Shanti,231.87,1.1,8.0,-1.7,1025.6,4.6,19,6,12,359,24355.1,,Cold
2016-12-24 20:00:00,Hog_lodging_Shanti,224.94,1.1,8.0,-2.2,1025.2,5.7,20,6,12,359,24355.1,,Cold
2016-12-24 21:00:00,Hog_lodging_Shanti,225.87,0.6,8.0,-1.7,1025.3,5.7,21,6,12,359,24355.1,,Cold
2016-12-24 22:00:00,Hog_lodging_Shanti,224.91,0.6,8.0,-1.7,1025.1,5.1,22,6,12,359,24355.1,,Cold
2016-12-24 23:00:00,Hog_lodging_Shanti,222.84,0.6,8.0,-1.7,1025.2,6.2,23,6,12,359,24355.1,,Cold
2016-12-25 00:00:00,Hog_lodging_Shanti,221.81,0.6,8.0,-1.7,1026.0,5.7,0,7,12,360,24355.1,,Cold
2016-12-25 01:00:00,Hog_lodging_Shanti,220.85,0.6,8.0,-1.7,1026.1,4.6,1,7,12,360,24355.1,,Cold
2016-12-25 02:00:00,Hog_lodging_Shanti,220.84,0.6,8.0,-1.1,1026.1,4.6,2,7,12,360,24355.1,,Cold
2016-12-25 03:00:00,Hog_lodging_Shanti,220.94,0.6,8.0,-1.1,1026.4,5.1,3,7,12,360,24355.1,,Cold
2016-12-25 04:00:00,Hog_lodging_Shanti,220.87,0.0,8.0,-1.1,1026.0,4.6,4,7,12,360,24355.1,,Cold
2016-12-25 05:00:00,Hog_lodging_Shanti,223.82,0.0,8.0,-1.1,1026.3,4.1,5,7,12,360,24355.1,,Cold
2016-12-25 06:00:00,Hog_lodging_Shanti,225.87,0.0,8.0,-1.7,1025.3,8.2,6,7,12,360,24355.1,,Cold
2016-12-25 07:00:00,Hog_lodging_Shanti,223.88,0.6,8.0,-1.7,1025.6,5.7,7,7,12,360,24355.1,,Cold
2016-12-25 08:00:00,Hog_lodging_Shanti,223.81,0.6,8.0,-1.7,1025.1,7.7,8,7,12,360,24355.1,,Cold
2016-12-25 09:00:00,Hog_lodging_Shanti,219.71,0.6,8.0,-1.7,1024.2,8.8,9,7,12,360,24355.1,,Cold
2016-12-25 10:00:00,Hog_lodging_Shanti,220.67,0.6,8.0,-1.7,1023.6,10.8,10,7,12,360,24355.1,,Cold
2016-12-25 11:00:00,Hog_lodging_Shanti,221.71,0.6,8.0,-1.7,1021.1,11.3,11,7,12,360,24355.1,,Cold
2016-12-25 12:00:00,Hog_lodging_Shanti,220.75,0.6,8.0,-1.7,1021.9,10.3,12,7,12,360,24355.1,,Cold
2016-12-25 13:00:00,Hog_lodging_Shanti,223.78,0.6,8.0,-1.7,1018.6,9.8,13,7,12,360,24355.1,,Cold
2016-12-25 14:00:00,Hog_lodging_Shanti,222.76,0.6,8.0,-1.1,1018.5,8.8,14,7,12,360,24355.1,,Cold
2016-12-25 15:00:00,Hog_lodging_Shanti,225.71,1.1,8.0,-1.1,1015.8,10.3,15,7,12,360,24355.1,,Cold
2016-12-25 16:00:00,Hog_lodging_Shanti,223.78,1.1,8.0,-0.6,1013.3,11.3,16,7,12,360,24355.1,,Cold
2016-12-25 17:00:00,Hog_lodging_Shanti,223.79,1.7,8.0,-0.6,1011.9,11.3,17,7,12,360,24355.1,,Cold
2016-12-25 18:00:00,Hog_lodging_Shanti,226.74,1.7,8.0,-0.6,1010.8,8.8,18,7,12,360,24355.1,,Cold
2016-12-25 19:00:00,Hog_lodging_Shanti,226.78,1.7,8.0,0.0,1008.3499999999999,11.8,19,7,12,360,24355.1,,Cold
2016-12-25 20:00:00,Hog_lodging_Shanti,220.88,1.7,8.0,0.0,1005.9,13.4,20,7,12,360,24355.1,,Cold
2016-12-25 21:00:00,Hog_lodging_Shanti,227.81,2.2,8.0,1.1,1005.25,6.7,21,7,12,360,24355.1,,Cold
2016-12-25 22:00:00,Hog_lodging_Shanti,227.88,2.2,8.0,0.6,1004.6,7.2,22,7,12,360,24355.1,,Cold
2016-12-25 23:00:00,Hog_lodging_Shanti,229.12,2.2,8.0,0.6,1001.6,11.3,23,7,12,360,24355.1,,Cold
2016-12-26 00:00:00,Hog_lodging_Shanti,226.03,2.8,8.0,1.1,1000.6,9.8,0,1,12,361,24355.1,,Cold
2016-12-26 01:00:00,Hog_lodging_Shanti,222.19,3.3,6.0,1.7,997.8,9.8,1,1,12,361,24355.1,,Cold
2016-12-26 02:00:00,Hog_lodging_Shanti,220.91,5.0,4.0,2.2,997.0,9.3,2,1,12,361,24355.1,,Cold
2016-12-26 03:00:00,Hog_lodging_Shanti,224.1,5.0,4.0,-2.2,997.9,11.3,3,1,12,361,24355.1,,Cold
2016-12-26 04:00:00,Hog_lodging_Shanti,226.81,1.7,4.0,-4.4,998.8,8.2,4,1,12,361,24355.1,,Cold
2016-12-26 05:00:00,Hog_lodging_Shanti,230.74,0.0,6.0,-5.6,999.3,9.8,5,1,12,361,24355.1,,Cold
2016-12-26 06:00:00,Hog_lodging_Shanti,231.66,-2.2,8.0,-7.8,1000.7,11.8,6,1,12,361,24355.1,,Cold
2016-12-26 07:00:00,Hog_lodging_Shanti,231.66,-3.3,8.0,-8.9,1001.3,10.3,7,1,12,361,24355.1,,Cold
2016-12-26 08:00:00,Hog_lodging_Shanti,231.43,-5.0,8.0,-11.1,1002.1,10.8,8,1,12,361,24355.1,,Cold
2016-12-26 09:00:00,Hog_lodging_Shanti,230.54,-6.1,8.0,-12.2,1003.6,11.8,9,1,12,361,24355.1,,Cold
2016-12-26 10:00:00,Hog_lodging_Shanti,231.27,-6.7,8.0,-12.2,1004.5,9.8,10,1,12,361,24355.1,,Cold
2016-12-26 11:00:00,Hog_lodging_Shanti,238.22,-6.1,8.0,-12.2,1005.2,10.3,11,1,12,361,24355.1,,Cold
2016-12-26 12:00:00,Hog_lodging_Shanti,237.38,-6.1,8.0,-11.1,1005.4,9.3,12,1,12,361,24355.1,,Cold
2016-12-26 13:00:00,Hog_lodging_Shanti,236.22,-6.7,8.0,-11.7,1006.4,10.3,13,1,12,361,24355.1,,Cold
2016-12-26 14:00:00,Hog_lodging_Shanti,238.25,-6.7,8.0,-12.2,1007.4,12.9,14,1,12,361,24355.1,,Cold
2016-12-26 15:00:00,Hog_lodging_Shanti,240.34,-6.7,8.0,-11.1,1008.8,9.3,15,1,12,361,24355.1,,Cold
2016-12-26 16:00:00,Hog_lodging_Shanti,241.26,-7.2,8.0,-12.2,1010.4,11.8,16,1,12,361,24355.1,,Cold
2016-12-26 17:00:00,Hog_lodging_Shanti,239.37,-7.2,8.0,-11.7,1012.1,9.3,17,1,12,361,24355.1,,Cold
2016-12-26 18:00:00,Hog_lodging_Shanti,233.53,-7.2,8.0,-12.2,1013.5,11.8,18,1,12,361,24355.1,,Cold
2016-12-26 19:00:00,Hog_lodging_Shanti,228.44,-7.8,8.0,-13.3,1014.5,6.2,19,1,12,361,24355.1,,Cold
2016-12-26 20:00:00,Hog_lodging_Shanti,229.4,-7.8,8.0,-12.8,1015.2,6.2,20,1,12,361,24355.1,,Cold
2016-12-26 21:00:00,Hog_lodging_Shanti,229.48,-7.2,8.0,-12.8,1015.7,7.2,21,1,12,361,24355.1,,Cold
2016-12-26 22:00:00,Hog_lodging_Shanti,227.46,-7.2,8.0,-12.2,1016.7,5.1,22,1,12,361,24355.1,,Cold
2016-12-26 23:00:00,Hog_lodging_Shanti,228.54,-7.2,8.0,-12.2,1017.5,6.2,23,1,12,361,24355.1,,Cold
2016-12-27 00:00:00,Hog_lodging_Shanti,227.43,-6.7,8.0,-11.1,1017.8,7.2,0,2,12,362,24355.1,,Cold
2016-12-27 01:00:00,Hog_lodging_Shanti,227.43,-6.7,8.0,-10.0,1018.1,5.1,1,2,12,362,24355.1,,Cold
2016-12-27 02:00:00,Hog_lodging_Shanti,229.38,-7.2,8.0,-11.7,1018.8,7.7,2,2,12,362,24355.1,,Cold
2016-12-27 03:00:00,Hog_lodging_Shanti,230.41,-7.2,8.0,-11.7,1019.6,6.7,3,2,12,362,24355.1,,Cold
2016-12-27 04:00:00,Hog_lodging_Shanti,221.43,-7.2,8.0,-11.7,1020.0,6.7,4,2,12,362,24355.1,,Cold
2016-12-27 05:00:00,Hog_lodging_Shanti,226.54,-7.2,8.0,-12.2,1020.3,6.2,5,2,12,362,24355.1,,Cold
2016-12-27 06:00:00,Hog_lodging_Shanti,228.52,-7.8,8.0,-12.8,1021.1,8.2,6,2,12,362,24355.1,,Cold
2016-12-27 07:00:00,Hog_lodging_Shanti,228.57,-7.8,7.666666666666667,-12.2,1021.1,3.6,7,2,12,362,24355.1,,Cold
2016-12-27 08:00:00,Hog_lodging_Shanti,229.66,-7.8,7.333333333333333,-11.7,1020.9,3.6,8,2,12,362,24355.1,,Cold
2016-12-27 09:00:00,Hog_lodging_Shanti,230.65,-7.2,7.0,-11.1,1021.1,4.1,9,2,12,362,24355.1,,Cold
2016-12-27 10:00:00,Hog_lodging_Shanti,247.97,-6.7,7.0,-10.6,1021.4,5.1,10,2,12,362,24355.1,,Cold
2016-12-27 11:00:00,Hog_lodging_Shanti,252.09,-6.1,7.0,-10.0,1021.5,4.1,11,2,12,362,24355.1,,Cold
2016-12-27 12:00:00,Hog_lodging_Shanti,252.0,-5.6,6.0,-10.0,1020.9,2.6,12,2,12,362,24355.1,,Cold
2016-12-27 13:00:00,Hog_lodging_Shanti,258.1,-5.0,4.0,-10.0,1020.4,2.6,13,2,12,362,24355.1,,Cold
2016-12-27 14:00:00,Hog_lodging_Shanti,251.22,-4.4,2.0,-10.0,1020.1,3.6,14,2,12,362,24355.1,,Cold
2016-12-27 15:00:00,Hog_lodging_Shanti,252.44,-4.4,0.0,-10.0,1020.1,3.6,15,2,12,362,24355.1,,Cold
2016-12-27 16:00:00,Hog_lodging_Shanti,252.53,-5.0,0.0,-10.6,1020.0,3.1,16,2,12,362,24355.1,,Cold
2016-12-27 17:00:00,Hog_lodging_Shanti,251.37,-5.6,0.0,-10.6,1019.9,2.6,17,2,12,362,24355.1,,Cold
2016-12-27 18:00:00,Hog_lodging_Shanti,245.26,-6.1,0.0,-10.6,1019.2,0.0,18,2,12,362,24355.1,,Cold
2016-12-27 19:00:00,Hog_lodging_Shanti,243.02,-6.1,0.0,-10.6,1019.1,2.1,19,2,12,362,24355.1,,Cold
2016-12-27 20:00:00,Hog_lodging_Shanti,234.69,-7.2,1.6,-11.1,1018.6,2.1,20,2,12,362,24355.1,,Cold
2016-12-27 21:00:00,Hog_lodging_Shanti,236.54,-6.7,3.2,-11.1,1018.5,1.5,21,2,12,362,24355.1,,Cold
2016-12-27 22:00:00,Hog_lodging_Shanti,237.65,-7.2,4.800000000000001,-10.6,1017.6,2.6,22,2,12,362,24355.1,,Cold
2016-12-27 23:00:00,Hog_lodging_Shanti,234.59,-6.7,4.800000000000001,-10.0,1016.6,3.1,23,2,12,362,24355.1,,Cold
2016-12-28 00:00:00,Hog_lodging_Shanti,232.47,-6.7,8.0,-10.0,1015.7,3.1,0,3,12,363,24355.1,,Cold
2016-12-28 01:00:00,Hog_lodging_Shanti,228.51,-6.1,6.0,-9.4,1014.5,3.1,1,3,12,363,24355.1,,Cold
2016-12-28 02:00:00,Hog_lodging_Shanti,229.46,-6.1,4.0,-8.9,1013.1,3.6,2,3,12,363,24355.1,,Cold
2016-12-28 03:00:00,Hog_lodging_Shanti,225.53,-5.6,2.0,-8.9,1011.5,5.1,3,3,12,363,24355.1,,Cold
2016-12-28 04:00:00,Hog_lodging_Shanti,229.54,-6.1,2.0,-8.9,1010.0,4.6,4,3,12,363,24355.1,,Cold
2016-12-28 05:00:00,Hog_lodging_Shanti,237.55,-4.4,2.0,-7.8,1007.9,5.7,5,3,12,363,24355.1,,Cold
2016-12-28 06:00:00,Hog_lodging_Shanti,241.57,-3.9,4.0,-7.2,1007.0,3.6,6,3,12,363,24355.1,,Cold
2016-12-28 07:00:00,Hog_lodging_Shanti,241.75,-3.9,4.0,-7.2,1006.4,3.1,7,3,12,363,24355.1,,Cold
2016-12-28 08:00:00,Hog_lodging_Shanti,246.15,-4.4,4.0,-7.2,1006.1,2.1,8,3,12,363,24355.1,,Cold
2016-12-28 09:00:00,Hog_lodging_Shanti,237.29,-1.7,4.0,-5.0,1005.8,2.6,9,3,12,363,24355.1,,Cold
2016-12-28 10:00:00,Hog_lodging_Shanti,246.49,-0.6,2.0,-5.0,1006.3,4.6,10,3,12,363,24355.1,,Cold
2016-12-28 11:00:00,Hog_lodging_Shanti,250.69,0.0,2.0,-5.0,1007.0,6.2,11,3,12,363,24355.1,,Cold
2016-12-28 12:00:00,Hog_lodging_Shanti,249.97,0.6,2.0,-5.0,1006.1,4.1,12,3,12,363,24355.1,,Cold
2016-12-28 13:00:00,Hog_lodging_Shanti,248.34,1.1,2.0,-4.4,1006.1,6.7,13,3,12,363,24355.1,,Cold
2016-12-28 14:00:00,Hog_lodging_Shanti,252.48,1.7,0.0,-5.0,1005.7,4.1,14,3,12,363,24355.1,,Cold
2016-12-28 15:00:00,Hog_lodging_Shanti,250.68,2.2,0.0,-4.4,1005.2,5.7,15,3,12,363,24355.1,,Cold
2016-12-28 16:00:00,Hog_lodging_Shanti,251.94,1.7,2.0,-4.4,1005.7,5.7,16,3,12,363,24355.1,,Cold
2016-12-28 17:00:00,Hog_lodging_Shanti,249.84,1.7,5.0,-3.9,1006.2,7.2,17,3,12,363,24355.1,,Cold
2016-12-28 18:00:00,Hog_lodging_Shanti,252.31,1.7,8.0,-3.3,1006.9,7.7,18,3,12,363,24355.1,,Cold
2016-12-28 19:00:00,Hog_lodging_Shanti,241.66,1.1,6.666666666666667,-3.3,1007.4,6.2,19,3,12,363,24355.1,,Cold
2016-12-28 20:00:00,Hog_lodging_Shanti,239.16,1.1,5.333333333333334,-2.8,1008.0,7.2,20,3,12,363,24355.1,,Cold
2016-12-28 21:00:00,Hog_lodging_Shanti,237.06,0.6,4.0,-3.9,1008.1,6.7,21,3,12,363,24355.1,,Cold
2016-12-28 22:00:00,Hog_lodging_Shanti,236.97,-0.6,0.0,-4.4,1008.7,6.7,22,3,12,363,24355.1,,Cold
2016-12-28 23:00:00,Hog_lodging_Shanti,228.87,-0.6,0.0,-5.6,1009.1,4.6,23,3,12,363,24355.1,,Cold
2016-12-29 00:00:00,Hog_lodging_Shanti,232.97,-1.1,2.0,-5.6,1009.1,4.1,0,4,12,364,24355.1,,Cold
2016-12-29 01:00:00,Hog_lodging_Shanti,227.88,-1.7,0.0,-6.1,1009.1,6.7,1,4,12,364,24355.1,,Cold
2016-12-29 02:00:00,Hog_lodging_Shanti,230.78,-2.2,0.0,-6.7,1009.5,5.1,2,4,12,364,24355.1,,Cold
2016-12-29 03:00:00,Hog_lodging_Shanti,228.69,-2.8,2.0,-7.2,1010.2,6.7,3,4,12,364,24355.1,,Cold
2016-12-29 04:00:00,Hog_lodging_Shanti,227.78,-2.2,4.0,-6.7,1010.3,6.7,4,4,12,364,24355.1,,Cold
2016-12-29 05:00:00,Hog_lodging_Shanti,230.71,-2.2,6.0,-6.7,1010.9,6.2,5,4,12,364,24355.1,,Cold
2016-12-29 06:00:00,Hog_lodging_Shanti,232.76,-1.7,8.0,-6.1,1011.1,5.7,6,4,12,364,24355.1,,Cold
2016-12-29 07:00:00,Hog_lodging_Shanti,235.93,-1.1,7.666666666666667,-5.6,1011.5,7.7,7,4,12,364,24355.1,,Cold
2016-12-29 08:00:00,Hog_lodging_Shanti,238.29,-0.6,7.333333333333333,-5.6,1012.0,8.8,8,4,12,364,24355.1,,Cold
2016-12-29 09:00:00,Hog_lodging_Shanti,245.65,-0.6,7.0,-5.6,1013.0,6.2,9,4,12,364,24355.1,,Cold
2016-12-29 10:00:00,Hog_lodging_Shanti,244.72,-0.6,7.0,-5.0,1014.1,5.7,10,4,12,364,24355.1,,Cold
2016-12-29 11:00:00,Hog_lodging_Shanti,249.69,-0.6,7.0,-4.4,1014.6,6.7,11,4,12,364,24355.1,,Cold
2016-12-29 12:00:00,Hog_lodging_Shanti,247.65,0.6,6.0,-6.7,1014.4,10.3,12,4,12,364,24355.1,,Cold
2016-12-29 13:00:00,Hog_lodging_Shanti,247.82,-0.6,6.0,-6.1,1014.6,10.3,13,4,12,364,24355.1,,Cold
2016-12-29 14:00:00,Hog_lodging_Shanti,251.81,-0.6,6.0,-7.8,1015.5,11.3,14,4,12,364,24355.1,,Cold
2016-12-29 15:00:00,Hog_lodging_Shanti,247.74,-1.1,6.0,-7.8,1016.1,8.2,15,4,12,364,24355.1,,Cold
2016-12-29 16:00:00,Hog_lodging_Shanti,233.82,-1.1,6.0,-7.8,1017.0,10.8,16,4,12,364,24355.1,,Cold
2016-12-29 17:00:00,Hog_lodging_Shanti,233.75,-1.1,6.0,-8.3,1017.6,9.3,17,4,12,364,24355.1,,Cold
2016-12-29 18:00:00,Hog_lodging_Shanti,235.54,-1.7,6.0,-8.3,1017.6,8.2,18,4,12,364,24355.1,,Cold
2016-12-29 19:00:00,Hog_lodging_Shanti,233.24,-2.2,5.333333333333333,-8.9,1018.1,7.7,19,4,12,364,24355.1,,Cold
2016-12-29 20:00:00,Hog_lodging_Shanti,233.97,-2.8,4.666666666666667,-8.9,1018.7,8.2,20,4,12,364,24355.1,,Cold
2016-12-29 21:00:00,Hog_lodging_Shanti,232.75,-3.3,4.0,-9.4,1019.3,6.7,21,4,12,364,24355.1,,Cold
2016-12-29 22:00:00,Hog_lodging_Shanti,232.72,-3.9,2.0,-9.4,1019.8,7.2,22,4,12,364,24355.1,,Cold
2016-12-29 23:00:00,Hog_lodging_Shanti,229.65,-4.4,2.0,-10.0,1020.1,5.7,23,4,12,364,24355.1,,Cold
2016-12-30 00:00:00,Hog_lodging_Shanti,227.7,-5.6,2.0,-10.0,1020.5,4.6,0,5,12,365,24355.1,,Cold
2016-12-30 01:00:00,Hog_lodging_Shanti,226.62,-6.1,0.0,-10.0,1020.5,5.1,1,5,12,365,24355.1,,Cold
2016-12-30 02:00:00,Hog_lodging_Shanti,226.53,-6.7,0.0,-10.6,1020.7,3.6,2,5,12,365,24355.1,,Cold
2016-12-30 03:00:00,Hog_lodging_Shanti,227.56,-7.2,0.0,-10.6,1020.6,3.6,3,5,12,365,24355.1,,Cold
2016-12-30 04:00:00,Hog_lodging_Shanti,226.5,-7.2,0.0,-10.6,1020.4,3.6,4,5,12,365,24355.1,,Cold
2016-12-30 05:00:00,Hog_lodging_Shanti,230.54,-7.2,0.0,-10.0,1020.0,2.6,5,5,12,365,24355.1,,Cold
2016-12-30 06:00:00,Hog_lodging_Shanti,230.53,-7.2,8.0,-10.0,1019.1,0.0,6,5,12,365,24355.1,,Cold
2016-12-30 07:00:00,Hog_lodging_Shanti,234.81,-7.2,7.666666666666667,-10.0,1018.6,2.1,7,5,12,365,24355.1,,Cold
2016-12-30 08:00:00,Hog_lodging_Shanti,239.19,-7.2,7.333333333333333,-10.0,1017.1,0.0,8,5,12,365,24355.1,,Cold
2016-12-30 09:00:00,Hog_lodging_Shanti,239.24,-6.7,7.0,-10.0,1016.1,3.1,9,5,12,365,24355.1,,Cold
2016-12-30 10:00:00,Hog_lodging_Shanti,239.29,-6.1,7.0,-9.4,1015.7,2.6,10,5,12,365,24355.1,,Cold
2016-12-30 11:00:00,Hog_lodging_Shanti,243.31,-5.0,7.0,-8.9,1015.1,2.6,11,5,12,365,24355.1,,Cold
2016-12-30 12:00:00,Hog_lodging_Shanti,242.4,-4.4,6.0,-8.3,1012.4,4.1,12,5,12,365,24355.1,,Cold
2016-12-30 13:00:00,Hog_lodging_Shanti,240.45,-3.9,6.333333333333333,-7.8,1010.0,4.6,13,5,12,365,24355.1,,Cold
2016-12-30 14:00:00,Hog_lodging_Shanti,244.49,-2.8,6.666666666666667,-7.8,1007.2,5.7,14,5,12,365,24355.1,,Cold
2016-12-30 15:00:00,Hog_lodging_Shanti,242.6,-2.2,7.0,-7.2,1005.4,5.1,15,5,12,365,24355.1,,Cold
2016-12-30 16:00:00,Hog_lodging_Shanti,236.68,-2.2,7.0,-7.2,1005.0,4.1,16,5,12,365,24355.1,,Cold
2016-12-30 17:00:00,Hog_lodging_Shanti,230.5,-1.7,7.0,-7.2,1004.2,5.1,17,5,12,365,24355.1,,Cold
2016-12-30 18:00:00,Hog_lodging_Shanti,231.63,-1.7,8.0,-6.7,1003.5,6.2,18,5,12,365,24355.1,,Cold
2016-12-30 19:00:00,Hog_lodging_Shanti,228.25,-1.7,8.0,-5.6,1002.2,6.2,19,5,12,365,24355.1,,Cold
2016-12-30 20:00:00,Hog_lodging_Shanti,229.93,-1.1,8.0,-5.0,1001.1,3.6,20,5,12,365,24355.1,,Cold
2016-12-30 21:00:00,Hog_lodging_Shanti,227.95,-0.6,8.0,-5.0,1000.2,1.5,21,5,12,365,24355.1,,Cold
2016-12-30 22:00:00,Hog_lodging_Shanti,230.84,-0.6,8.0,-4.4,999.7,2.6,22,5,12,365,24355.1,,Cold
2016-12-30 23:00:00,Hog_lodging_Shanti,222.72,0.0,8.0,-4.4,999.9,6.2,23,5,12,365,24355.1,,Cold
2016-12-31 00:00:00,Hog_lodging_Shanti,223.9,-0.6,8.0,-5.6,1000.1,4.6,0,6,12,366,24355.1,,Cold
2016-12-31 01:00:00,Hog_lodging_Shanti,222.85,-0.6,8.0,-5.6,1000.2,5.7,1,6,12,366,24355.1,,Cold
2016-12-31 02:00:00,Hog_lodging_Shanti,222.65,-0.6,8.0,-6.1,1000.5,7.7,2,6,12,366,24355.1,,Cold
2016-12-31 03:00:00,Hog_lodging_Shanti,222.79,-1.1,8.0,-6.1,1001.2,6.7,3,6,12,366,24355.1,,Cold
2016-12-31 04:00:00,Hog_lodging_Shanti,223.62,-1.1,8.0,-5.0,1001.5,7.7,4,6,12,366,24355.1,,Cold
2016-12-31 05:00:00,Hog_lodging_Shanti,224.65,-1.7,8.0,-5.6,1002.0,6.2,5,6,12,366,24355.1,,Cold
2016-12-31 06:00:00,Hog_lodging_Shanti,227.63,-2.8,8.0,-7.2,1003.2,6.2,6,6,12,366,24355.1,,Cold
2016-12-31 07:00:00,Hog_lodging_Shanti,225.62,-3.9,6.8,-8.3,1004.7,8.8,7,6,12,366,24355.1,,Cold
2016-12-31 08:00:00,Hog_lodging_Shanti,229.53,-5.0,5.6,-8.9,1005.9,5.7,8,6,12,366,24355.1,,Cold
2016-12-31 09:00:00,Hog_lodging_Shanti,226.57,-6.1,4.4,-10.0,1007.5,7.7,9,6,12,366,24355.1,,Cold
2016-12-31 10:00:00,Hog_lodging_Shanti,224.59,-6.1,4.4,-10.6,1008.5,7.2,10,6,12,366,24355.1,,Cold
2016-12-31 11:00:00,Hog_lodging_Shanti,226.57,-5.0,2.0,-10.6,1008.9,6.2,11,6,12,366,24355.1,,Cold
2016-12-31 12:00:00,Hog_lodging_Shanti,224.52,-3.9,0.0,-10.0,1009.0,5.7,12,6,12,366,24355.1,,Cold
2016-12-31 13:00:00,Hog_lodging_Shanti,224.57,-3.3,0.0,-10.0,1009.1,4.1,13,6,12,366,24355.1,,Cold
2016-12-31 14:00:00,Hog_lodging_Shanti,223.62,-3.9,0.0,-10.6,1009.1,4.1,14,6,12,366,24355.1,,Cold
2016-12-31 15:00:00,Hog_lodging_Shanti,221.6,-4.4,0.0,-11.7,1009.4,4.1,15,6,12,366,24355.1,,Cold
2016-12-31 16:00:00,Hog_lodging_Shanti,224.56,-5.0,0.0,-11.7,1010.0,4.6,16,6,12,366,24355.1,,Cold
2016-12-31 17:00:00,Hog_lodging_Shanti,225.56,-5.6,4.0,-11.1,1009.8,3.6,17,6,12,366,24355.1,,Cold
2016-12-31 18:00:00,Hog_lodging_Shanti,227.6,-5.6,4.0,-10.6,1010.0,3.6,18,6,12,366,24355.1,,Cold
2016-12-31 19:00:00,Hog_lodging_Shanti,228.56,-6.1,4.0,-10.6,1009.7,3.1,19,6,12,366,24355.1,,Cold
2016-12-31 20:00:00,Hog_lodging_Shanti,225.53,-5.0,4.0,-10.0,1009.4,4.1,20,6,12,366,24355.1,,Cold
2016-12-31 21:00:00,Hog_lodging_Shanti,223.53,-3.9,4.0,-8.3,1009.2,4.6,21,6,12,366,24355.1,,Cold
2016-12-31 22:00:00,Hog_lodging_Shanti,224.5,-3.3,4.0,-8.3,1009.2,5.7,22,6,12,366,24355.1,,Cold
2016-12-31 23:00:00,Hog_lodging_Shanti,222.6,-3.3,4.0,-8.3,1009.3,4.6,23,6,12,366,24355.1,,Cold
