timestamp,building_id,meter_reading,airTemperature,cloudCoverage,dewTemperature,seaLvlPressure,windSpeed,hour,day_of_week,month,day_of_year,sqm,yearbuilt,climate_zone
2016-05-20 18:00:00,Panther_lodging_Marisol,134.1759,27.2,5.0,19.4,1016.7,0.0,18,5,5,141,18667.3,2007.0,Hot-Humid
2016-05-20 19:00:00,Panther_lodging_Marisol,178.4344,26.7,6.0,19.4,1017.5,0.0,19,5,5,141,18667.3,2007.0,Hot-Humid
2016-05-20 20:00:00,Panther_lodging_Marisol,177.0342,25.6,6.333333333333333,20.6,1017.9,0.0,20,5,5,141,18667.3,2007.0,Hot-Humid
2016-05-20 21:00:00,Panther_lodging_Marisol,185.9859,26.1,6.666666666666667,20.0,1018.3,1.5,21,5,5,141,18667.3,2007.0,Hot-Humid
2016-05-20 22:00:00,Panther_lodging_Marisol,180.4848,25.0,7.0,20.6,1018.3,0.0,22,5,5,141,18667.3,2007.0,Hot-Humid
2016-05-20 23:00:00,Panther_lodging_Marisol,171.5331,25.0,7.0,20.6,1018.6,1.5,23,5,5,141,18667.3,2007.0,Hot-Humid
2016-05-21 00:00:00,Panther_lodging_Marisol,174.3336,23.9,7.0,20.6,1018.2,4.1,0,6,5,142,18667.3,2007.0,Hot-Humid
2016-05-21 01:00:00,Panther_lodging_Marisol,170.6829,23.3,8.0,20.6,1017.7,1.5,1,6,5,142,18667.3,2007.0,Hot-Humid
2016-05-21 02:00:00,Panther_lodging_Marisol,173.7835,22.8,7.666666666666667,21.1,1015.1,5.1,2,6,5,142,18667.3,2007.0,Hot-Humid
2016-05-21 03:00:00,Panther_lodging_Marisol,164.5818,22.8,7.333333333333333,21.1,1015.0,2.1,3,6,5,142,18667.3,2007.0,Hot-Humid
2016-05-21 04:00:00,Panther_lodging_Marisol,163.5316,22.8,7.0,21.1,1015.1,0.0,4,6,5,142,18667.3,2007.0,Hot-Humid
2016-05-21 05:00:00,Panther_lodging_Marisol,176.6341,23.3,7.0,21.7,1015.9,0.0,5,6,5,142,18667.3,2007.0,Hot-Humid
2016-05-21 06:00:00,Panther_lodging_Marisol,164.0317,22.2,7.0,21.1,1016.1,0.0,6,6,5,142,18667.3,2007.0,Hot-Humid
2016-05-21 07:00:00,Panther_lodging_Marisol,157.4804,23.3,6.0,21.1,1016.6,0.0,7,6,5,142,18667.3,2007.0,Hot-Humid
2016-05-21 08:00:00,Panther_lodging_Marisol,157.8305,25.0,6.0,21.7,1017.2,2.6,8,6,5,142,18667.3,2007.0,Hot-Humid
2016-05-21 09:00:00,Panther_lodging_Marisol,153.3296,26.1,6.0,21.7,1017.6,3.1,9,6,5,142,18667.3,2007.0,Hot-Humid
2016-05-21 10:00:00,Panther_lodging_Marisol,158.5306,26.7,6.0,21.1,1017.5,3.1,10,6,5,142,18667.3,2007.0,Hot-Humid
2016-05-21 11:00:00,Panther_lodging_Marisol,177.8843,27.8,6.0,20.6,1017.5,4.1,11,6,5,142,18667.3,2007.0,Hot-Humid
2016-05-21 12:00:00,Panther_lodging_Marisol,182.1852,28.3,6.0,20.6,1016.8,2.1,12,6,5,142,18667.3,2007.0,Hot-Humid
2016-05-21 13:00:00,Panther_lodging_Marisol,179.4346,30.0,6.0,20.6,1016.0,5.1,13,6,5,142,18667.3,2007.0,Hot-Humid
2016-05-21 14:00:00,Panther_lodging_Marisol,182.3352,30.0,5.0,20.6,1015.2,5.1,14,6,5,142,18667.3,2007.0,Hot-Humid
2016-05-21 15:00:00,Panther_lodging_Marisol,173.3334,32.2,4.0,20.0,1014.2,6.7,15,6,5,142,18667.3,2007.0,Hot-Humid
2016-05-21 16:00:00,Panther_lodging_Marisol,181.0349,31.7,4.0,18.3,1013.6,5.7,16,6,5,142,18667.3,2007.0,Hot-Humid
2016-05-21 17:00:00,Panther_lodging_Marisol,175.0838,31.7,2.0,18.3,1013.4,5.1,17,6,5,142,18667.3,2007.0,Hot-Humid
2016-05-21 18:00:00,Panther_lodging_Marisol,185.3858,30.6,2.0,17.2,1013.1,6.2,18,6,5,142,18667.3,2007.0,Hot-Humid
2016-05-21 19:00:00,Panther_lodging_Marisol,185.0357,28.9,2.0,17.2,1013.6,4.1,19,6,5,142,18667.3,2007.0,Hot-Humid
2016-05-21 20:00:00,Panther_lodging_Marisol,201.939,26.7,2.0,17.8,1014.1,2.1,20,6,5,142,18667.3,2007.0,Hot-Humid
2016-05-21 21:00:00,Panther_lodging_Marisol,191.787,25.6,0.0,17.8,1014.7,2.6,21,6,5,142,18667.3,2007.0,Hot-Humid
2016-05-21 22:00:00,Panther_lodging_Marisol,181.185,25.0,2.0,18.3,1014.9,2.6,22,6,5,142,18667.3,2007.0,Hot-Humid
2016-05-21 23:00:00,Panther_lodging_Marisol,189.0865,24.4,2.0,18.9,1014.8,3.6,23,6,5,142,18667.3,2007.0,Hot-Humid
2016-05-22 00:00:00,Panther_lodging_Marisol,179.4346,23.9,0.0,19.4,1014.3,1.5,0,7,5,143,18667.3,2007.0,Hot-Humid
2016-05-22 01:00:00,Panther_lodging_Marisol,171.3831,22.8,0.0,19.4,1014.1,2.1,1,7,5,143,18667.3,2007.0,Hot-Humid
2016-05-22 02:00:00,Panther_lodging_Marisol,176.7341,22.2,0.0,20.0,1013.7,2.6,2,7,5,143,18667.3,2007.0,Hot-Humid
2016-05-22 03:00:00,Panther_lodging_Marisol,169.5327,22.8,0.0,20.6,1013.4,2.1,3,7,5,143,18667.3,2007.0,Hot-Humid
2016-05-22 04:00:00,Panther_lodging_Marisol,171.5331,22.2,2.0,20.6,1012.8,2.1,4,7,5,143,18667.3,2007.0,Hot-Humid
2016-05-22 05:00:00,Panther_lodging_Marisol,151.1792,21.7,3.333333333333333,20.6,1013.0,2.1,5,7,5,143,18667.3,2007.0,Hot-Humid
2016-05-22 06:00:00,Panther_lodging_Marisol,158.7807,22.2,4.666666666666666,21.1,1013.3,2.6,6,7,5,143,18667.3,2007.0,Hot-Humid
2016-05-22 07:00:00,Panther_lodging_Marisol,148.0286,23.3,6.0,21.7,1013.7,2.6,7,7,5,143,18667.3,2007.0,Hot-Humid
2016-05-22 08:00:00,Panther_lodging_Marisol,159.4808,25.0,5.0,21.7,1013.4,3.6,8,7,5,143,18667.3,2007.0,Hot-Humid
2016-05-22 09:00:00,Panther_lodging_Marisol,165.732,27.8,4.0,20.6,1013.5,4.6,9,7,5,143,18667.3,2007.0,Hot-Humid
2016-05-22 10:00:00,Panther_lodging_Marisol,165.4819,28.3,4.0,20.0,1013.3,5.1,10,7,5,143,18667.3,2007.0,Hot-Humid
2016-05-22 11:00:00,Panther_lodging_Marisol,164.6318,29.4,4.0,18.9,1012.8,5.7,11,7,5,143,18667.3,2007.0,Hot-Humid
2016-05-22 12:00:00,Panther_lodging_Marisol,175.3338,30.6,4.0,18.3,1012.2,5.7,12,7,5,143,18667.3,2007.0,Hot-Humid
2016-05-22 13:00:00,Panther_lodging_Marisol,196.1379,31.1,4.0,17.2,1011.6,7.7,13,7,5,143,18667.3,2007.0,Hot-Humid
2016-05-22 14:00:00,Panther_lodging_Marisol,185.5358,31.7,4.0,16.1,1011.1,6.2,14,7,5,143,18667.3,2007.0,Hot-Humid
2016-05-22 15:00:00,Panther_lodging_Marisol,195.8378,31.7,4.0,14.4,1010.7,9.3,15,7,5,143,18667.3,2007.0,Hot-Humid
2016-05-22 16:00:00,Panther_lodging_Marisol,178.7345,31.1,4.5,13.3,1010.4,8.2,16,7,5,143,18667.3,2007.0,Hot-Humid
2016-05-22 17:00:00,Panther_lodging_Marisol,186.836,30.0,5.0,13.3,1010.8,7.7,17,7,5,143,18667.3,2007.0,Hot-Humid
2016-05-22 18:00:00,Panther_lodging_Marisol,198.5883,28.9,5.5,13.9,1011.0,6.7,18,7,5,143,18667.3,2007.0,Hot-Humid
2016-05-22 19:00:00,Panther_lodging_Marisol,191.9871,26.7,6.0,14.4,1011.5,7.2,19,7,5,143,18667.3,2007.0,Hot-Humid
2016-05-22 20:00:00,Panther_lodging_Marisol,208.7403,25.6,6.333333333333333,15.6,1011.8,5.1,20,7,5,143,18667.3,2007.0,Hot-Humid
2016-05-22 21:00:00,Panther_lodging_Marisol,196.5879,24.4,6.666666666666667,15.0,1012.2,3.6,21,7,5,143,18667.3,2007.0,Hot-Humid
2016-05-22 22:00:00,Panther_lodging_Marisol,202.289,24.4,7.0,15.6,1012.6,6.2,22,7,5,143,18667.3,2007.0,Hot-Humid
2016-05-22 23:00:00,Panther_lodging_Marisol,185.3858,23.9,7.0,15.6,1013.1,3.6,23,7,5,143,18667.3,2007.0,Hot-Humid
2016-05-23 00:00:00,Panther_lodging_Marisol,191.637,23.3,7.0,16.7,1013.4,2.6,0,1,5,144,18667.3,2007.0,Hot-Humid
2016-05-23 01:00:00,Panther_lodging_Marisol,174.6837,22.8,8.0,16.7,1013.2,1.5,1,1,5,144,18667.3,2007.0,Hot-Humid
2016-05-23 02:00:00,Panther_lodging_Marisol,170.1328,21.7,7.0,17.2,1012.4,0.0,2,1,5,144,18667.3,2007.0,Hot-Humid
2016-05-23 03:00:00,Panther_lodging_Marisol,158.8306,21.1,6.0,17.2,1012.1,1.5,3,1,5,144,18667.3,2007.0,Hot-Humid
2016-05-23 04:00:00,Panther_lodging_Marisol,149.2288,21.1,5.0,17.2,1012.2,0.0,4,1,5,144,18667.3,2007.0,Hot-Humid
2016-05-23 05:00:00,Panther_lodging_Marisol,151.8293,21.1,4.0,17.8,1012.6,1.5,5,1,5,144,18667.3,2007.0,Hot-Humid
2016-05-23 06:00:00,Panther_lodging_Marisol,151.7793,20.6,2.0,17.2,1013.6,0.0,6,1,5,144,18667.3,2007.0,Hot-Humid
2016-05-23 07:00:00,Panther_lodging_Marisol,151.4792,22.8,2.0,18.3,1013.8,0.0,7,1,5,144,18667.3,2007.0,Hot-Humid
2016-05-23 08:00:00,Panther_lodging_Marisol,175.2338,25.0,2.0,18.3,1014.2,2.6,8,1,5,144,18667.3,2007.0,Hot-Humid
2016-05-23 09:00:00,Panther_lodging_Marisol,175.4839,26.7,2.0,17.2,1014.4,2.1,9,1,5,144,18667.3,2007.0,Hot-Humid
2016-05-23 10:00:00,Panther_lodging_Marisol,172.5333,27.2,4.0,16.1,1014.7,2.1,10,1,5,144,18667.3,2007.0,Hot-Humid
2016-05-23 11:00:00,Panther_lodging_Marisol,189.8867,27.2,4.0,15.0,1014.7,3.1,11,1,5,144,18667.3,2007.0,Hot-Humid
2016-05-23 12:00:00,Panther_lodging_Marisol,183.7355,28.9,4.0,15.6,1014.3,4.1,12,1,5,144,18667.3,2007.0,Hot-Humid
2016-05-23 13:00:00,Panther_lodging_Marisol,187.5862,28.9,4.0,13.9,1014.1,1.5,13,1,5,144,18667.3,2007.0,Hot-Humid
2016-05-23 14:00:00,Panther_lodging_Marisol,177.0342,30.6,4.0,13.9,1013.5,3.6,14,1,5,144,18667.3,2007.0,Hot-Humid
2016-05-23 15:00:00,Panther_lodging_Marisol,176.234,30.0,4.0,12.8,1013.1,1.5,15,1,5,144,18667.3,2007.0,Hot-Humid
2016-05-23 16:00:00,Panther_lodging_Marisol,177.9843,30.0,4.0,13.9,1012.7,0.0,16,1,5,144,18667.3,2007.0,Hot-Humid
2016-05-23 17:00:00,Panther_lodging_Marisol,169.5327,30.6,4.0,13.9,1012.6,0.0,17,1,5,144,18667.3,2007.0,Hot-Humid
2016-05-23 18:00:00,Panther_lodging_Marisol,177.0342,27.8,4.0,16.7,1013.2,6.2,18,1,5,144,18667.3,2007.0,Hot-Humid
2016-05-23 19:00:00,Panther_lodging_Marisol,183.1353,26.1,4.0,15.6,1014.1,6.2,19,1,5,144,18667.3,2007.0,Hot-Humid
2016-05-23 20:00:00,Panther_lodging_Marisol,198.3883,25.0,4.0,15.6,1014.9,4.6,20,1,5,144,18667.3,2007.0,Hot-Humid
2016-05-23 21:00:00,Panther_lodging_Marisol,201.7389,23.9,2.0,15.6,1015.8,4.1,21,1,5,144,18667.3,2007.0,Hot-Humid
2016-05-23 22:00:00,Panther_lodging_Marisol,197.3381,23.3,2.0,16.1,1016.5,2.1,22,1,5,144,18667.3,2007.0,Hot-Humid
2016-05-23 23:00:00,Panther_lodging_Marisol,181.435,22.8,4.0,16.1,1017.0,2.1,23,1,5,144,18667.3,2007.0,Hot-Humid
2016-05-24 00:00:00,Panther_lodging_Marisol,180.6849,22.8,2.0,16.1,1017.0,2.1,0,2,5,145,18667.3,2007.0,Hot-Humid
2016-05-24 01:00:00,Panther_lodging_Marisol,163.7816,22.8,4.0,16.7,1016.7,2.1,1,2,5,145,18667.3,2007.0,Hot-Humid
2016-05-24 02:00:00,Panther_lodging_Marisol,150.6791,22.8,4.0,17.2,1016.4,2.1,2,2,5,145,18667.3,2007.0,Hot-Humid
2016-05-24 03:00:00,Panther_lodging_Marisol,146.7783,21.7,2.0,17.2,1016.3,2.1,3,2,5,145,18667.3,2007.0,Hot-Humid
2016-05-24 04:00:00,Panther_lodging_Marisol,157.1303,21.7,2.0,17.2,1016.5,2.6,4,2,5,145,18667.3,2007.0,Hot-Humid
2016-05-24 05:00:00,Panther_lodging_Marisol,154.3798,21.1,2.0,17.2,1016.5,3.1,5,2,5,145,18667.3,2007.0,Hot-Humid
2016-05-24 06:00:00,Panther_lodging_Marisol,141.4273,22.2,4.0,17.8,1017.3,2.6,6,2,5,145,18667.3,2007.0,Hot-Humid
2016-05-24 07:00:00,Panther_lodging_Marisol,144.778,23.9,4.0,18.3,1017.7,3.1,7,2,5,145,18667.3,2007.0,Hot-Humid
2016-05-24 08:00:00,Panther_lodging_Marisol,148.3286,26.1,4.0,19.4,1018.5,4.6,8,2,5,145,18667.3,2007.0,Hot-Humid
2016-05-24 09:00:00,Panther_lodging_Marisol,162.5814,27.8,2.0,19.4,1019.0,4.6,9,2,5,145,18667.3,2007.0,Hot-Humid
2016-05-24 10:00:00,Panther_lodging_Marisol,158.2305,27.8,4.0,19.4,1019.3,5.1,10,2,5,145,18667.3,2007.0,Hot-Humid
2016-05-24 11:00:00,Panther_lodging_Marisol,172.1332,30.0,4.0,19.4,1019.5,5.1,11,2,5,145,18667.3,2007.0,Hot-Humid
2016-05-24 12:00:00,Panther_lodging_Marisol,170.833,30.0,2.0,18.9,1019.4,4.1,12,2,5,145,18667.3,2007.0,Hot-Humid
2016-05-24 13:00:00,Panther_lodging_Marisol,174.1836,30.0,6.0,18.3,1019.3,6.2,13,2,5,145,18667.3,2007.0,Hot-Humid
2016-05-24 14:00:00,Panther_lodging_Marisol,168.2825,26.7,5.5,18.3,1019.6,8.8,14,2,5,145,18667.3,2007.0,Hot-Humid
2016-05-24 15:00:00,Panther_lodging_Marisol,181.0849,26.1,5.0,17.2,1020.2,6.7,15,2,5,145,18667.3,2007.0,Hot-Humid
2016-05-24 16:00:00,Panther_lodging_Marisol,180.1848,26.7,4.5,15.6,1019.6,7.7,16,2,5,145,18667.3,2007.0,Hot-Humid
2016-05-24 17:00:00,Panther_lodging_Marisol,174.2836,27.8,4.0,15.0,1019.6,6.7,17,2,5,145,18667.3,2007.0,Hot-Humid
2016-05-24 18:00:00,Panther_lodging_Marisol,175.93400000000003,27.2,4.0,13.3,1019.7,7.7,18,2,5,145,18667.3,2007.0,Hot-Humid
2016-05-24 19:00:00,Panther_lodging_Marisol,178.2344,26.1,4.0,13.9,1019.6,5.1,19,2,5,145,18667.3,2007.0,Hot-Humid
2016-05-24 20:00:00,Panther_lodging_Marisol,176.28400000000005,24.4,2.0,14.4,1020.3,4.1,20,2,5,145,18667.3,2007.0,Hot-Humid
2016-05-24 21:00:00,Panther_lodging_Marisol,182.3352,22.8,0.0,15.0,1020.9,2.6,21,2,5,145,18667.3,2007.0,Hot-Humid
2016-05-24 22:00:00,Panther_lodging_Marisol,184.0355,22.8,2.0,15.6,1021.6,2.6,22,2,5,145,18667.3,2007.0,Hot-Humid
2016-05-24 23:00:00,Panther_lodging_Marisol,187.2361,21.7,2.0,15.6,1022.1,1.5,23,2,5,145,18667.3,2007.0,Hot-Humid
2016-05-25 00:00:00,Panther_lodging_Marisol,176.03400000000005,21.1,0.0,15.6,1021.7,2.1,0,3,5,146,18667.3,2007.0,Hot-Humid
2016-05-25 01:00:00,Panther_lodging_Marisol,178.7845,21.7,2.0,16.1,1021.4,1.5,1,3,5,146,18667.3,2007.0,Hot-Humid
2016-05-25 02:00:00,Panther_lodging_Marisol,160.2309,21.1,4.0,16.1,1021.3,1.5,2,3,5,146,18667.3,2007.0,Hot-Humid
2016-05-25 03:00:00,Panther_lodging_Marisol,140.3771,21.1,2.0,16.7,1021.3,1.5,3,3,5,146,18667.3,2007.0,Hot-Humid
2016-05-25 04:00:00,Panther_lodging_Marisol,134.67600000000002,21.1,2.6666666666666665,17.2,1021.3,2.1,4,3,5,146,18667.3,2007.0,Hot-Humid
2016-05-25 05:00:00,Panther_lodging_Marisol,135.026,20.6,3.333333333333333,17.2,1021.2,2.1,5,3,5,146,18667.3,2007.0,Hot-Humid
2016-05-25 06:00:00,Panther_lodging_Marisol,138.6768,21.1,4.0,17.2,1021.9,2.1,6,3,5,146,18667.3,2007.0,Hot-Humid
2016-05-25 07:00:00,Panther_lodging_Marisol,145.4281,23.3,2.0,18.3,1022.3,2.1,7,3,5,146,18667.3,2007.0,Hot-Humid
2016-05-25 08:00:00,Panther_lodging_Marisol,157.4804,25.6,2.0,17.8,1023.0,4.6,8,3,5,146,18667.3,2007.0,Hot-Humid
2016-05-25 09:00:00,Panther_lodging_Marisol,161.0311,27.2,2.0,17.2,1023.2,4.6,9,3,5,146,18667.3,2007.0,Hot-Humid
2016-05-25 10:00:00,Panther_lodging_Marisol,184.2856,28.3,2.0,17.8,1023.2,3.6,10,3,5,146,18667.3,2007.0,Hot-Humid
2016-05-25 11:00:00,Panther_lodging_Marisol,163.0815,30.6,2.0,13.9,1023.3,4.1,11,3,5,146,18667.3,2007.0,Hot-Humid
2016-05-25 12:00:00,Panther_lodging_Marisol,158.8806,31.1,2.0,12.2,1023.1,6.2,12,3,5,146,18667.3,2007.0,Hot-Humid
2016-05-25 13:00:00,Panther_lodging_Marisol,155.68,30.6,4.0,11.1,1022.8,5.7,13,3,5,146,18667.3,2007.0,Hot-Humid
2016-05-25 14:00:00,Panther_lodging_Marisol,155.8801,30.6,4.0,11.1,1022.2,5.1,14,3,5,146,18667.3,2007.0,Hot-Humid
2016-05-25 15:00:00,Panther_lodging_Marisol,159.1307,30.0,4.0,12.8,1021.7,6.7,15,3,5,146,18667.3,2007.0,Hot-Humid
2016-05-25 16:00:00,Panther_lodging_Marisol,154.9299,28.9,4.0,13.3,1021.7,6.2,16,3,5,146,18667.3,2007.0,Hot-Humid
2016-05-25 17:00:00,Panther_lodging_Marisol,156.0801,28.9,4.0,12.8,1021.7,6.2,17,3,5,146,18667.3,2007.0,Hot-Humid
2016-05-25 18:00:00,Panther_lodging_Marisol,169.0826,27.8,2.0,12.8,1021.5,5.7,18,3,5,146,18667.3,2007.0,Hot-Humid
2016-05-25 19:00:00,Panther_lodging_Marisol,162.9314,26.1,0.0,13.3,1021.7,4.1,19,3,5,146,18667.3,2007.0,Hot-Humid
2016-05-25 20:00:00,Panther_lodging_Marisol,177.4342,24.4,0.0,14.4,1021.9,4.1,20,3,5,146,18667.3,2007.0,Hot-Humid
2016-05-25 21:00:00,Panther_lodging_Marisol,187.2861,22.8,0.0,15.0,1021.9,3.1,21,3,5,146,18667.3,2007.0,Hot-Humid
2016-05-25 22:00:00,Panther_lodging_Marisol,185.4358,22.2,0.0,15.6,1022.4,1.5,22,3,5,146,18667.3,2007.0,Hot-Humid
2016-05-25 23:00:00,Panther_lodging_Marisol,171.6831,21.7,0.0,15.6,1022.5,1.5,23,3,5,146,18667.3,2007.0,Hot-Humid
2016-05-26 00:00:00,Panther_lodging_Marisol,168.8826,21.7,0.0,15.6,1022.4,3.1,0,4,5,147,18667.3,2007.0,Hot-Humid
2016-05-26 01:00:00,Panther_lodging_Marisol,153.0795,21.1,0.0,15.6,1022.0,2.6,1,4,5,147,18667.3,2007.0,Hot-Humid
2016-05-26 02:00:00,Panther_lodging_Marisol,149.0788,20.6,0.0,15.6,1021.3,1.5,2,4,5,147,18667.3,2007.0,Hot-Humid
2016-05-26 03:00:00,Panther_lodging_Marisol,144.2778,20.0,0.0,15.6,1021.2,2.1,3,4,5,147,18667.3,2007.0,Hot-Humid
2016-05-26 04:00:00,Panther_lodging_Marisol,135.4261,19.4,0.0,15.6,1021.0,2.1,4,4,5,147,18667.3,2007.0,Hot-Humid
2016-05-26 05:00:00,Panther_lodging_Marisol,133.6258,19.4,2.0,15.6,1021.1,1.5,5,4,5,147,18667.3,2007.0,Hot-Humid
2016-05-26 06:00:00,Panther_lodging_Marisol,141.4773,20.0,2.0,15.6,1020.8,1.5,6,4,5,147,18667.3,2007.0,Hot-Humid
2016-05-26 07:00:00,Panther_lodging_Marisol,146.5783,22.8,2.0,16.1,1020.4,2.6,7,4,5,147,18667.3,2007.0,Hot-Humid
2016-05-26 08:00:00,Panther_lodging_Marisol,150.5791,25.0,2.0,16.1,1021.1,3.6,8,4,5,147,18667.3,2007.0,Hot-Humid
2016-05-26 09:00:00,Panther_lodging_Marisol,169.2326,26.7,4.0,16.1,1021.4,3.1,9,4,5,147,18667.3,2007.0,Hot-Humid
2016-05-26 10:00:00,Panther_lodging_Marisol,169.3327,27.2,4.0,16.1,1021.1,3.1,10,4,5,147,18667.3,2007.0,Hot-Humid
2016-05-26 11:00:00,Panther_lodging_Marisol,165.93200000000004,28.3,4.0,16.1,1020.6,5.7,11,4,5,147,18667.3,2007.0,Hot-Humid
2016-05-26 12:00:00,Panther_lodging_Marisol,172.1832,28.9,4.0,15.6,1020.2,5.1,12,4,5,147,18667.3,2007.0,Hot-Humid
2016-05-26 13:00:00,Panther_lodging_Marisol,163.6816,29.4,6.0,14.4,1019.6,7.2,13,4,5,147,18667.3,2007.0,Hot-Humid
2016-05-26 14:00:00,Panther_lodging_Marisol,167.0822,30.0,5.5,13.3,1019.3,6.2,14,4,5,147,18667.3,2007.0,Hot-Humid
2016-05-26 15:00:00,Panther_lodging_Marisol,171.7832,30.0,5.0,13.3,1018.6,5.7,15,4,5,147,18667.3,2007.0,Hot-Humid
2016-05-26 16:00:00,Panther_lodging_Marisol,179.0346,30.0,4.5,13.3,1018.3,6.2,16,4,5,147,18667.3,2007.0,Hot-Humid
2016-05-26 17:00:00,Panther_lodging_Marisol,185.4358,28.9,4.0,15.6,1017.7,6.7,17,4,5,147,18667.3,2007.0,Hot-Humid
2016-05-26 18:00:00,Panther_lodging_Marisol,161.6312,27.2,2.0,14.4,1017.9,6.7,18,4,5,147,18667.3,2007.0,Hot-Humid
2016-05-26 19:00:00,Panther_lodging_Marisol,169.3327,26.1,2.0,13.9,1017.8,4.6,19,4,5,147,18667.3,2007.0,Hot-Humid
2016-05-26 20:00:00,Panther_lodging_Marisol,163.5316,24.4,2.0,16.1,1018.2,4.1,20,4,5,147,18667.3,2007.0,Hot-Humid
2016-05-26 21:00:00,Panther_lodging_Marisol,184.3856,22.8,2.0,16.1,1018.7,3.1,21,4,5,147,18667.3,2007.0,Hot-Humid
2016-05-26 22:00:00,Panther_lodging_Marisol,185.0357,23.3,3.0,16.7,1018.8,3.1,22,4,5,147,18667.3,2007.0,Hot-Humid
2016-05-26 23:00:00,Panther_lodging_Marisol,167.4823,23.3,4.0,17.2,1018.9,4.6,23,4,5,147,18667.3,2007.0,Hot-Humid
2016-05-27 00:00:00,Panther_lodging_Marisol,171.4831,23.3,5.0,17.2,1018.4,4.6,0,5,5,148,18667.3,2007.0,Hot-Humid
2016-05-27 01:00:00,Panther_lodging_Marisol,158.7807,22.8,6.0,16.7,1017.7,1.5,1,5,5,148,18667.3,2007.0,Hot-Humid
2016-05-27 02:00:00,Panther_lodging_Marisol,149.2788,22.8,5.0,17.8,1016.8,3.1,2,5,5,148,18667.3,2007.0,Hot-Humid
2016-05-27 03:00:00,Panther_lodging_Marisol,146.2282,22.8,4.0,18.3,1016.7,2.6,3,5,5,148,18667.3,2007.0,Hot-Humid
2016-05-27 04:00:00,Panther_lodging_Marisol,133.8758,22.2,3.0,18.3,1016.4,2.1,4,5,5,148,18667.3,2007.0,Hot-Humid
2016-05-27 05:00:00,Panther_lodging_Marisol,136.3263,21.7,2.0,18.3,1016.5,2.6,5,5,5,148,18667.3,2007.0,Hot-Humid
2016-05-27 06:00:00,Panther_lodging_Marisol,125.9243,21.7,2.0,18.3,1016.9,3.1,6,5,5,148,18667.3,2007.0,Hot-Humid
2016-05-27 07:00:00,Panther_lodging_Marisol,139.4769,23.9,2.0,18.3,1017.3,3.6,7,5,5,148,18667.3,2007.0,Hot-Humid
2016-05-27 08:00:00,Panther_lodging_Marisol,155.28,25.6,2.0,18.3,1017.4,4.1,8,5,5,148,18667.3,2007.0,Hot-Humid
2016-05-27 09:00:00,Panther_lodging_Marisol,154.3298,26.1,4.0,17.8,1017.7,3.6,9,5,5,148,18667.3,2007.0,Hot-Humid
2016-05-27 10:00:00,Panther_lodging_Marisol,161.2311,27.2,4.0,16.7,1017.8,3.6,10,5,5,148,18667.3,2007.0,Hot-Humid
2016-05-27 11:00:00,Panther_lodging_Marisol,164.4317,30.0,4.0,17.2,1017.7,3.6,11,5,5,148,18667.3,2007.0,Hot-Humid
2016-05-27 12:00:00,Panther_lodging_Marisol,160.481,30.0,5.0,17.8,1017.1,5.1,12,5,5,148,18667.3,2007.0,Hot-Humid
2016-05-27 13:00:00,Panther_lodging_Marisol,158.5306,29.4,6.0,17.8,1016.5,6.2,13,5,5,148,18667.3,2007.0,Hot-Humid
2016-05-27 14:00:00,Panther_lodging_Marisol,150.279,30.6,6.0,17.8,1015.8,6.7,14,5,5,148,18667.3,2007.0,Hot-Humid
2016-05-27 15:00:00,Panther_lodging_Marisol,149.9289,29.4,6.0,17.8,1015.4,6.2,15,5,5,148,18667.3,2007.0,Hot-Humid
2016-05-27 16:00:00,Panther_lodging_Marisol,159.7308,28.3,6.0,18.3,1015.2,5.7,16,5,5,148,18667.3,2007.0,Hot-Humid
2016-05-27 17:00:00,Panther_lodging_Marisol,151.8293,27.8,6.0,18.3,1015.0,6.2,17,5,5,148,18667.3,2007.0,Hot-Humid
2016-05-27 18:00:00,Panther_lodging_Marisol,157.1303,26.7,6.0,19.4,1014.8,3.6,18,5,5,148,18667.3,2007.0,Hot-Humid
2016-05-27 19:00:00,Panther_lodging_Marisol,158.4806,26.1,6.0,18.9,1015.3,5.1,19,5,5,148,18667.3,2007.0,Hot-Humid
2016-05-27 20:00:00,Panther_lodging_Marisol,159.0307,25.0,2.0,18.9,1015.4,3.6,20,5,5,148,18667.3,2007.0,Hot-Humid
2016-05-27 21:00:00,Panther_lodging_Marisol,160.531,24.4,0.0,19.4,1015.9,4.1,21,5,5,148,18667.3,2007.0,Hot-Humid
2016-05-27 22:00:00,Panther_lodging_Marisol,162.9814,23.9,0.0,19.4,1016.3,3.1,22,5,5,148,18667.3,2007.0,Hot-Humid
2016-05-27 23:00:00,Panther_lodging_Marisol,153.1796,23.3,2.0,19.4,1016.5,3.1,23,5,5,148,18667.3,2007.0,Hot-Humid
2016-05-28 00:00:00,Panther_lodging_Marisol,153.6797,22.8,2.0,19.4,1016.2,2.6,0,6,5,149,18667.3,2007.0,Hot-Humid
2016-05-28 01:00:00,Panther_lodging_Marisol,149.7289,22.8,2.0,20.0,1015.9,2.1,1,6,5,149,18667.3,2007.0,Hot-Humid
2016-05-28 02:00:00,Panther_lodging_Marisol,144.5279,22.2,2.0,19.4,1015.4,2.6,2,6,5,149,18667.3,2007.0,Hot-Humid
2016-05-28 03:00:00,Panther_lodging_Marisol,150.6291,21.7,2.0,19.4,1015.0,3.1,3,6,5,149,18667.3,2007.0,Hot-Humid
2016-05-28 04:00:00,Panther_lodging_Marisol,140.6772,21.7,0.0,19.4,1015.1,1.5,4,6,5,149,18667.3,2007.0,Hot-Humid
2016-05-28 05:00:00,Panther_lodging_Marisol,135.1761,21.7,2.0,19.4,1015.6,0.0,5,6,5,149,18667.3,2007.0,Hot-Humid
2016-05-28 06:00:00,Panther_lodging_Marisol,131.6254,21.7,2.0,19.4,1016.2,1.5,6,6,5,149,18667.3,2007.0,Hot-Humid
2016-05-28 07:00:00,Panther_lodging_Marisol,132.7756,23.9,2.0,20.0,1016.9,2.6,7,6,5,149,18667.3,2007.0,Hot-Humid
2016-05-28 08:00:00,Panther_lodging_Marisol,131.7254,25.6,2.0,20.6,1017.4,2.1,8,6,5,149,18667.3,2007.0,Hot-Humid
2016-05-28 09:00:00,Panther_lodging_Marisol,140.6271,27.2,4.0,20.0,1017.3,3.1,9,6,5,149,18667.3,2007.0,Hot-Humid
2016-05-28 10:00:00,Panther_lodging_Marisol,150.329,28.3,4.0,19.4,1017.2,2.6,10,6,5,149,18667.3,2007.0,Hot-Humid
2016-05-28 11:00:00,Panther_lodging_Marisol,158.2305,30.0,0.0,18.3,1017.1,2.6,11,6,5,149,18667.3,2007.0,Hot-Humid
2016-05-28 12:00:00,Panther_lodging_Marisol,161.3311,31.1,4.0,17.8,1016.6,2.6,12,6,5,149,18667.3,2007.0,Hot-Humid
2016-05-28 13:00:00,Panther_lodging_Marisol,169.9828,31.7,4.0,17.2,1016.1,2.6,13,6,5,149,18667.3,2007.0,Hot-Humid
2016-05-28 14:00:00,Panther_lodging_Marisol,151.3792,32.8,4.0,16.7,1015.4,4.1,14,6,5,149,18667.3,2007.0,Hot-Humid
2016-05-28 15:00:00,Panther_lodging_Marisol,150.6291,32.2,4.0,16.1,1014.8,4.1,15,6,5,149,18667.3,2007.0,Hot-Humid
2016-05-28 16:00:00,Panther_lodging_Marisol,152.1293,31.7,4.0,16.7,1014.6,2.1,16,6,5,149,18667.3,2007.0,Hot-Humid
2016-05-28 17:00:00,Panther_lodging_Marisol,149.4288,30.0,4.666666666666667,20.6,1014.7,8.2,17,6,5,149,18667.3,2007.0,Hot-Humid
2016-05-28 18:00:00,Panther_lodging_Marisol,156.2301,28.9,5.333333333333333,20.6,1015.2,6.7,18,6,5,149,18667.3,2007.0,Hot-Humid
2016-05-28 19:00:00,Panther_lodging_Marisol,152.4794,27.8,6.0,20.6,1016.0,5.1,19,6,5,149,18667.3,2007.0,Hot-Humid
2016-05-28 20:00:00,Panther_lodging_Marisol,154.0297,26.7,2.0,20.0,1016.3,3.6,20,6,5,149,18667.3,2007.0,Hot-Humid
2016-05-28 21:00:00,Panther_lodging_Marisol,159.9309,25.0,2.0,20.0,1016.9,3.6,21,6,5,149,18667.3,2007.0,Hot-Humid
2016-05-28 22:00:00,Panther_lodging_Marisol,159.7308,23.9,4.0,20.6,1017.8,3.1,22,6,5,149,18667.3,2007.0,Hot-Humid
2016-05-28 23:00:00,Panther_lodging_Marisol,160.631,23.3,4.0,20.6,1018.2,3.1,23,6,5,149,18667.3,2007.0,Hot-Humid
2016-05-29 00:00:00,Panther_lodging_Marisol,162.0313,22.8,4.0,20.6,1018.1,0.0,0,7,5,150,18667.3,2007.0,Hot-Humid
2016-05-29 01:00:00,Panther_lodging_Marisol,151.9293,23.3,4.0,20.6,1017.6,0.0,1,7,5,150,18667.3,2007.0,Hot-Humid
2016-05-29 02:00:00,Panther_lodging_Marisol,148.6287,23.3,4.0,20.6,1017.3,0.0,2,7,5,150,18667.3,2007.0,Hot-Humid
2016-05-29 03:00:00,Panther_lodging_Marisol,137.5766,22.2,4.0,20.0,1016.8,2.1,3,7,5,150,18667.3,2007.0,Hot-Humid
2016-05-29 04:00:00,Panther_lodging_Marisol,146.0782,22.8,2.0,20.6,1016.9,2.1,4,7,5,150,18667.3,2007.0,Hot-Humid
2016-05-29 05:00:00,Panther_lodging_Marisol,137.6266,22.2,2.0,20.0,1017.3,2.1,5,7,5,150,18667.3,2007.0,Hot-Humid
2016-05-29 06:00:00,Panther_lodging_Marisol,139.5269,21.7,2.0,20.0,1017.5,1.5,6,7,5,150,18667.3,2007.0,Hot-Humid
2016-05-29 07:00:00,Panther_lodging_Marisol,141.4773,23.9,2.0,20.6,1017.9,1.5,7,7,5,150,18667.3,2007.0,Hot-Humid
2016-05-29 08:00:00,Panther_lodging_Marisol,145.4781,25.6,2.0,20.0,1018.2,0.0,8,7,5,150,18667.3,2007.0,Hot-Humid
2016-05-29 09:00:00,Panther_lodging_Marisol,156.4302,27.8,2.0,20.0,1018.4,2.1,9,7,5,150,18667.3,2007.0,Hot-Humid
2016-05-29 10:00:00,Panther_lodging_Marisol,152.1293,28.9,4.0,19.4,1018.5,0.0,10,7,5,150,18667.3,2007.0,Hot-Humid
2016-05-29 11:00:00,Panther_lodging_Marisol,161.2811,30.6,4.0,18.9,1018.3,1.5,11,7,5,150,18667.3,2007.0,Hot-Humid
2016-05-29 12:00:00,Panther_lodging_Marisol,159.5808,30.6,4.0,18.9,1017.8,3.1,12,7,5,150,18667.3,2007.0,Hot-Humid
2016-05-29 13:00:00,Panther_lodging_Marisol,168.8326,32.8,6.0,18.3,1017.1,0.0,13,7,5,150,18667.3,2007.0,Hot-Humid
2016-05-29 14:00:00,Panther_lodging_Marisol,158.2305,32.8,6.0,17.8,1016.2,2.6,14,7,5,150,18667.3,2007.0,Hot-Humid
2016-05-29 15:00:00,Panther_lodging_Marisol,155.63,32.8,6.0,16.1,1015.9,1.5,15,7,5,150,18667.3,2007.0,Hot-Humid
2016-05-29 16:00:00,Panther_lodging_Marisol,154.7799,31.1,6.0,19.4,1016.0,3.1,16,7,5,150,18667.3,2007.0,Hot-Humid
2016-05-29 17:00:00,Panther_lodging_Marisol,155.73,27.8,6.0,20.6,1016.0,6.2,17,7,5,150,18667.3,2007.0,Hot-Humid
2016-05-29 18:00:00,Panther_lodging_Marisol,157.2804,27.2,6.0,20.0,1015.8,4.1,18,7,5,150,18667.3,2007.0,Hot-Humid
2016-05-29 19:00:00,Panther_lodging_Marisol,154.7299,25.6,6.0,20.0,1016.8,4.1,19,7,5,150,18667.3,2007.0,Hot-Humid
2016-05-29 20:00:00,Panther_lodging_Marisol,162.9314,23.9,5.666666666666667,21.1,1017.9,4.1,20,7,5,150,18667.3,2007.0,Hot-Humid
2016-05-29 21:00:00,Panther_lodging_Marisol,154.7799,22.8,5.333333333333333,21.1,1017.2,3.6,21,7,5,150,18667.3,2007.0,Hot-Humid
2016-05-29 22:00:00,Panther_lodging_Marisol,157.7805,23.3,5.0,21.7,1017.5,1.5,22,7,5,150,18667.3,2007.0,Hot-Humid
2016-05-29 23:00:00,Panther_lodging_Marisol,160.2809,22.8,5.0,21.7,1017.6,0.0,23,7,5,150,18667.3,2007.0,Hot-Humid
2016-05-30 00:00:00,Panther_lodging_Marisol,161.9813,22.8,5.0,21.7,1016.9,1.5,0,1,5,151,18667.3,2007.0,Hot-Humid
2016-05-30 01:00:00,Panther_lodging_Marisol,148.6787,22.8,4.0,21.7,1016.1,2.6,1,1,5,151,18667.3,2007.0,Hot-Humid
2016-05-30 02:00:00,Panther_lodging_Marisol,152.2794,22.2,4.0,20.6,1015.5,3.1,2,1,5,151,18667.3,2007.0,Hot-Humid
2016-05-30 03:00:00,Panther_lodging_Marisol,143.4777,21.7,4.0,20.6,1015.5,1.5,3,1,5,151,18667.3,2007.0,Hot-Humid
2016-05-30 04:00:00,Panther_lodging_Marisol,144.4279,21.7,4.0,20.6,1015.7,2.6,4,1,5,151,18667.3,2007.0,Hot-Humid
2016-05-30 05:00:00,Panther_lodging_Marisol,145.22799999999995,21.7,4.0,20.0,1015.6,2.1,5,1,5,151,18667.3,2007.0,Hot-Humid
2016-05-30 06:00:00,Panther_lodging_Marisol,138.3267,21.7,4.0,20.0,1016.0,2.1,6,1,5,151,18667.3,2007.0,Hot-Humid
2016-05-30 07:00:00,Panther_lodging_Marisol,138.7268,23.9,2.0,20.0,1016.3,0.0,7,1,5,151,18667.3,2007.0,Hot-Humid
2016-05-30 08:00:00,Panther_lodging_Marisol,146.9784,25.6,2.0,20.6,1016.6,2.6,8,1,5,151,18667.3,2007.0,Hot-Humid
2016-05-30 09:00:00,Panther_lodging_Marisol,147.5785,28.3,2.0,21.1,1016.4,2.6,9,1,5,151,18667.3,2007.0,Hot-Humid
2016-05-30 10:00:00,Panther_lodging_Marisol,151.8293,29.4,2.0,21.1,1016.4,2.6,10,1,5,151,18667.3,2007.0,Hot-Humid
2016-05-30 11:00:00,Panther_lodging_Marisol,165.2319,29.4,4.0,20.6,1016.1,1.5,11,1,5,151,18667.3,2007.0,Hot-Humid
2016-05-30 12:00:00,Panther_lodging_Marisol,156.8303,30.6,4.0,20.0,1015.6,0.0,12,1,5,151,18667.3,2007.0,Hot-Humid
2016-05-30 13:00:00,Panther_lodging_Marisol,158.4806,30.6,4.0,18.9,1014.7,2.1,13,1,5,151,18667.3,2007.0,Hot-Humid
2016-05-30 14:00:00,Panther_lodging_Marisol,169.3827,32.2,4.0,18.9,1013.8,1.5,14,1,5,151,18667.3,2007.0,Hot-Humid
2016-05-30 15:00:00,Panther_lodging_Marisol,168.5325,30.0,4.4,19.4,1013.2,5.7,15,1,5,151,18667.3,2007.0,Hot-Humid
2016-05-30 16:00:00,Panther_lodging_Marisol,159.2307,28.3,4.8,18.9,1013.1,6.7,16,1,5,151,18667.3,2007.0,Hot-Humid
2016-05-30 17:00:00,Panther_lodging_Marisol,171.4331,28.3,5.2,17.8,1012.9,4.6,17,1,5,151,18667.3,2007.0,Hot-Humid
2016-05-30 18:00:00,Panther_lodging_Marisol,160.3309,27.8,5.2,19.4,1013.3,5.1,18,1,5,151,18667.3,2007.0,Hot-Humid
2016-05-30 19:00:00,Panther_lodging_Marisol,159.9309,26.7,6.0,19.4,1014.2,2.6,19,1,5,151,18667.3,2007.0,Hot-Humid
2016-05-30 20:00:00,Panther_lodging_Marisol,170.5329,26.1,6.0,19.4,1014.5,2.6,20,1,5,151,18667.3,2007.0,Hot-Humid
2016-05-30 21:00:00,Panther_lodging_Marisol,182.2352,25.6,6.0,20.0,1015.7,4.6,21,1,5,151,18667.3,2007.0,Hot-Humid
2016-05-30 22:00:00,Panther_lodging_Marisol,187.7862,22.8,6.0,19.4,1016.5,4.6,22,1,5,151,18667.3,2007.0,Hot-Humid
2016-05-30 23:00:00,Panther_lodging_Marisol,179.7847,22.8,6.0,20.0,1016.1,1.5,23,1,5,151,18667.3,2007.0,Hot-Humid
2016-05-31 00:00:00,Panther_lodging_Marisol,162.2813,22.8,6.0,20.6,1014.7,2.1,0,2,5,152,18667.3,2007.0,Hot-Humid
2016-05-31 01:00:00,Panther_lodging_Marisol,151.0792,22.2,6.0,21.1,1014.1,2.1,1,2,5,152,18667.3,2007.0,Hot-Humid
2016-05-31 02:00:00,Panther_lodging_Marisol,150.179,22.2,5.333333333333333,21.1,1013.4,2.1,2,2,5,152,18667.3,2007.0,Hot-Humid
2016-05-31 03:00:00,Panther_lodging_Marisol,142.5775,21.7,4.666666666666667,20.6,1013.1,0.0,3,2,5,152,18667.3,2007.0,Hot-Humid
2016-05-31 04:00:00,Panther_lodging_Marisol,144.3279,21.7,4.0,20.6,1013.0,2.6,4,2,5,152,18667.3,2007.0,Hot-Humid
2016-05-31 05:00:00,Panther_lodging_Marisol,140.1771,21.7,2.0,20.6,1013.2,2.1,5,2,5,152,18667.3,2007.0,Hot-Humid
2016-05-31 06:00:00,Panther_lodging_Marisol,145.5281,21.1,2.0,20.6,1014.0,1.5,6,2,5,152,18667.3,2007.0,Hot-Humid
2016-05-31 07:00:00,Panther_lodging_Marisol,146.4783,22.8,2.0,21.1,1014.6,2.6,7,2,5,152,18667.3,2007.0,Hot-Humid
2016-05-31 08:00:00,Panther_lodging_Marisol,162.2813,25.0,2.0,21.1,1015.2,2.1,8,2,5,152,18667.3,2007.0,Hot-Humid
2016-05-31 09:00:00,Panther_lodging_Marisol,157.4804,27.2,2.0,21.1,1015.1,1.5,9,2,5,152,18667.3,2007.0,Hot-Humid
2016-05-31 10:00:00,Panther_lodging_Marisol,157.6804,29.4,2.0,21.1,1015.3,1.5,10,2,5,152,18667.3,2007.0,Hot-Humid
2016-05-31 11:00:00,Panther_lodging_Marisol,160.481,30.0,2.0,19.4,1015.2,1.5,11,2,5,152,18667.3,2007.0,Hot-Humid
2016-05-31 12:00:00,Panther_lodging_Marisol,157.2303,31.7,2.0,18.9,1014.6,2.1,12,2,5,152,18667.3,2007.0,Hot-Humid
2016-05-31 13:00:00,Panther_lodging_Marisol,159.8308,31.7,4.0,18.9,1013.8,1.5,13,2,5,152,18667.3,2007.0,Hot-Humid
2016-05-31 14:00:00,Panther_lodging_Marisol,166.132,32.2,4.0,18.3,1013.2,2.1,14,2,5,152,18667.3,2007.0,Hot-Humid
2016-05-31 15:00:00,Panther_lodging_Marisol,167.9324,33.9,4.0,17.8,1012.4,1.5,15,2,5,152,18667.3,2007.0,Hot-Humid
2016-05-31 16:00:00,Panther_lodging_Marisol,172.4833,32.8,4.0,17.8,1011.7,2.6,16,2,5,152,18667.3,2007.0,Hot-Humid
2016-05-31 17:00:00,Panther_lodging_Marisol,178.6845,31.7,5.333333333333333,17.2,1011.8,2.6,17,2,5,152,18667.3,2007.0,Hot-Humid
2016-05-31 18:00:00,Panther_lodging_Marisol,169.3327,29.4,6.666666666666666,20.6,1011.7,5.7,18,2,5,152,18667.3,2007.0,Hot-Humid
2016-05-31 19:00:00,Panther_lodging_Marisol,177.2342,26.1,8.0,21.1,1013.6,3.6,19,2,5,152,18667.3,2007.0,Hot-Humid
2016-05-31 20:00:00,Panther_lodging_Marisol,177.8843,21.7,7.666666666666667,20.0,1014.9,6.7,20,2,5,152,18667.3,2007.0,Hot-Humid
2016-05-31 21:00:00,Panther_lodging_Marisol,186.736,21.7,7.333333333333333,20.6,1014.7,1.5,21,2,5,152,18667.3,2007.0,Hot-Humid
2016-05-31 22:00:00,Panther_lodging_Marisol,179.1346,22.8,7.0,21.1,1015.0,0.0,22,2,5,152,18667.3,2007.0,Hot-Humid
2016-05-31 23:00:00,Panther_lodging_Marisol,168.2825,22.8,7.0,21.1,1014.6,1.5,23,2,5,152,18667.3,2007.0,Hot-Humid
2016-06-01 00:00:00,Panther_lodging_Marisol,169.8328,22.8,7.0,21.1,1014.8,0.0,0,3,6,153,18667.3,2007.0,Hot-Humid
2016-06-01 01:00:00,Panther_lodging_Marisol,157.3804,22.8,6.0,21.7,1014.9,0.0,1,3,6,153,18667.3,2007.0,Hot-Humid
2016-06-01 02:00:00,Panther_lodging_Marisol,146.1782,23.3,4.666666666666667,22.2,1014.4,0.0,2,3,6,153,18667.3,2007.0,Hot-Humid
2016-06-01 03:00:00,Panther_lodging_Marisol,150.079,22.2,3.3333333333333335,21.7,1014.2,1.5,3,3,6,153,18667.3,2007.0,Hot-Humid
2016-06-01 04:00:00,Panther_lodging_Marisol,145.4281,22.8,2.0,21.7,1014.5,0.0,4,3,6,153,18667.3,2007.0,Hot-Humid
2016-06-01 05:00:00,Panther_lodging_Marisol,138.8768,22.2,2.0,21.1,1014.8,0.0,5,3,6,153,18667.3,2007.0,Hot-Humid
2016-06-01 06:00:00,Panther_lodging_Marisol,141.9274,21.1,4.0,20.6,1015.3,0.0,6,3,6,153,18667.3,2007.0,Hot-Humid
2016-06-01 07:00:00,Panther_lodging_Marisol,145.128,23.3,2.0,22.2,1016.2,0.0,7,3,6,153,18667.3,2007.0,Hot-Humid
2016-06-01 08:00:00,Panther_lodging_Marisol,156.6302,25.6,2.0,22.2,1016.5,1.5,8,3,6,153,18667.3,2007.0,Hot-Humid
2016-06-01 09:00:00,Panther_lodging_Marisol,151.4292,26.7,2.0,20.6,1016.6,0.0,9,3,6,153,18667.3,2007.0,Hot-Humid
2016-06-01 10:00:00,Panther_lodging_Marisol,163.5816,27.8,2.0,21.1,1017.0,1.5,10,3,6,153,18667.3,2007.0,Hot-Humid
2016-06-01 11:00:00,Panther_lodging_Marisol,166.082,29.4,4.0,21.1,1017.0,1.5,11,3,6,153,18667.3,2007.0,Hot-Humid
2016-06-01 12:00:00,Panther_lodging_Marisol,156.6302,31.1,4.0,21.1,1016.6,1.5,12,3,6,153,18667.3,2007.0,Hot-Humid
2016-06-01 13:00:00,Panther_lodging_Marisol,162.2313,31.1,4.0,20.0,1015.9,2.6,13,3,6,153,18667.3,2007.0,Hot-Humid
2016-06-01 14:00:00,Panther_lodging_Marisol,170.6329,32.8,4.0,19.4,1015.2,0.0,14,3,6,153,18667.3,2007.0,Hot-Humid
2016-06-01 15:00:00,Panther_lodging_Marisol,166.8322,32.8,2.0,18.9,1014.6,2.6,15,3,6,153,18667.3,2007.0,Hot-Humid
2016-06-01 16:00:00,Panther_lodging_Marisol,165.4819,32.8,4.0,20.0,1014.0,2.1,16,3,6,153,18667.3,2007.0,Hot-Humid
2016-06-01 17:00:00,Panther_lodging_Marisol,169.7327,33.3,4.666666666666667,17.8,1013.8,3.1,17,3,6,153,18667.3,2007.0,Hot-Humid
2016-06-01 18:00:00,Panther_lodging_Marisol,166.5321,27.2,5.333333333333333,21.7,1014.7,6.7,18,3,6,153,18667.3,2007.0,Hot-Humid
2016-06-01 19:00:00,Panther_lodging_Marisol,165.5819,25.6,6.0,22.2,1015.0,3.6,19,3,6,153,18667.3,2007.0,Hot-Humid
2016-06-01 20:00:00,Panther_lodging_Marisol,170.7329,25.6,5.6,22.2,1015.9,0.0,20,3,6,153,18667.3,2007.0,Hot-Humid
2016-06-01 21:00:00,Panther_lodging_Marisol,175.2338,26.1,5.2,21.1,1016.3,3.1,21,3,6,153,18667.3,2007.0,Hot-Humid
2016-06-01 22:00:00,Panther_lodging_Marisol,186.3359,25.0,4.8,21.7,1017.4,0.0,22,3,6,153,18667.3,2007.0,Hot-Humid
2016-06-01 23:00:00,Panther_lodging_Marisol,174.6837,25.0,4.8,21.7,1017.5,2.1,23,3,6,153,18667.3,2007.0,Hot-Humid
2016-06-02 00:00:00,Panther_lodging_Marisol,169.7327,24.4,4.0,22.2,1017.2,1.5,0,4,6,154,18667.3,2007.0,Hot-Humid
2016-06-02 01:00:00,Panther_lodging_Marisol,166.4821,24.4,0.0,22.2,1016.6,1.5,1,4,6,154,18667.3,2007.0,Hot-Humid
2016-06-02 02:00:00,Panther_lodging_Marisol,151.6793,23.9,0.0,22.2,1015.9,2.1,2,4,6,154,18667.3,2007.0,Hot-Humid
2016-06-02 03:00:00,Panther_lodging_Marisol,149.0288,23.3,4.0,21.7,1016.1,1.5,3,4,6,154,18667.3,2007.0,Hot-Humid
2016-06-02 04:00:00,Panther_lodging_Marisol,155.8301,23.3,4.5,21.7,1016.3,1.5,4,4,6,154,18667.3,2007.0,Hot-Humid
2016-06-02 05:00:00,Panther_lodging_Marisol,151.5793,22.8,5.0,21.7,1016.9,0.0,5,4,6,154,18667.3,2007.0,Hot-Humid
2016-06-02 06:00:00,Panther_lodging_Marisol,148.8787,22.8,5.5,21.7,1017.3,1.5,6,4,6,154,18667.3,2007.0,Hot-Humid
2016-06-02 07:00:00,Panther_lodging_Marisol,152.7295,24.4,6.0,22.8,1017.9,1.5,7,4,6,154,18667.3,2007.0,Hot-Humid
2016-06-02 08:00:00,Panther_lodging_Marisol,153.1295,26.1,5.0,22.8,1018.6,2.6,8,4,6,154,18667.3,2007.0,Hot-Humid
2016-06-02 09:00:00,Panther_lodging_Marisol,162.3813,28.3,4.0,22.2,1018.6,2.6,9,4,6,154,18667.3,2007.0,Hot-Humid
2016-06-02 10:00:00,Panther_lodging_Marisol,153.2296,30.0,4.0,21.7,1018.7,1.5,10,4,6,154,18667.3,2007.0,Hot-Humid
2016-06-02 11:00:00,Panther_lodging_Marisol,165.532,30.6,4.0,20.6,1018.5,3.1,11,4,6,154,18667.3,2007.0,Hot-Humid
2016-06-02 12:00:00,Panther_lodging_Marisol,160.731,31.7,4.0,20.0,1018.1,2.6,12,4,6,154,18667.3,2007.0,Hot-Humid
2016-06-02 13:00:00,Panther_lodging_Marisol,155.53,31.7,4.0,20.0,1017.6,1.5,13,4,6,154,18667.3,2007.0,Hot-Humid
2016-06-02 14:00:00,Panther_lodging_Marisol,169.8328,32.8,4.0,20.0,1017.1,2.6,14,4,6,154,18667.3,2007.0,Hot-Humid
2016-06-02 15:00:00,Panther_lodging_Marisol,166.082,32.8,4.0,19.4,1016.1,2.6,15,4,6,154,18667.3,2007.0,Hot-Humid
2016-06-02 16:00:00,Panther_lodging_Marisol,161.8812,32.8,4.5,18.3,1015.3,2.6,16,4,6,154,18667.3,2007.0,Hot-Humid
2016-06-02 17:00:00,Panther_lodging_Marisol,159.7808,31.7,5.0,21.1,1015.1,4.6,17,4,6,154,18667.3,2007.0,Hot-Humid
2016-06-02 18:00:00,Panther_lodging_Marisol,170.5829,30.0,5.5,21.1,1015.4,7.7,18,4,6,154,18667.3,2007.0,Hot-Humid
2016-06-02 19:00:00,Panther_lodging_Marisol,170.7329,28.9,6.0,21.1,1016.1,7.2,19,4,6,154,18667.3,2007.0,Hot-Humid
2016-06-02 20:00:00,Panther_lodging_Marisol,175.4839,27.8,6.0,21.7,1016.9,5.1,20,4,6,154,18667.3,2007.0,Hot-Humid
2016-06-02 21:00:00,Panther_lodging_Marisol,176.084,26.7,6.0,21.7,1017.5,4.1,21,4,6,154,18667.3,2007.0,Hot-Humid
2016-06-02 22:00:00,Panther_lodging_Marisol,170.983,26.1,6.0,22.2,1018.3,3.1,22,4,6,154,18667.3,2007.0,Hot-Humid
2016-06-02 23:00:00,Panther_lodging_Marisol,173.8335,25.6,6.0,22.2,1018.6,2.6,23,4,6,154,18667.3,2007.0,Hot-Humid
2016-06-03 00:00:00,Panther_lodging_Marisol,165.532,25.0,6.0,22.2,1018.5,2.1,0,5,6,155,18667.3,2007.0,Hot-Humid
2016-06-03 01:00:00,Panther_lodging_Marisol,161.6812,25.0,6.0,22.2,1018.0,1.5,1,5,6,155,18667.3,2007.0,Hot-Humid
2016-06-03 02:00:00,Panther_lodging_Marisol,144.828,24.4,5.2,22.2,1017.5,1.5,2,5,6,155,18667.3,2007.0,Hot-Humid
2016-06-03 03:00:00,Panther_lodging_Marisol,150.5791,24.4,4.4,22.2,1017.4,0.0,3,5,6,155,18667.3,2007.0,Hot-Humid
2016-06-03 04:00:00,Panther_lodging_Marisol,143.6777,23.3,3.5999999999999996,21.7,1017.3,0.0,4,5,6,155,18667.3,2007.0,Hot-Humid
2016-06-03 05:00:00,Panther_lodging_Marisol,147.2784,23.9,3.5999999999999996,22.2,1017.4,0.0,5,5,6,155,18667.3,2007.0,Hot-Humid
2016-06-03 06:00:00,Panther_lodging_Marisol,137.9266,23.3,2.0,22.2,1017.6,0.0,6,5,6,155,18667.3,2007.0,Hot-Humid
2016-06-03 07:00:00,Panther_lodging_Marisol,150.6291,25.6,2.0,23.3,1018.0,1.5,7,5,6,155,18667.3,2007.0,Hot-Humid
2016-06-03 08:00:00,Panther_lodging_Marisol,151.5293,27.8,2.0,23.3,1018.0,3.1,8,5,6,155,18667.3,2007.0,Hot-Humid
2016-06-03 09:00:00,Panther_lodging_Marisol,152.8295,28.3,3.0,22.8,1018.1,2.6,9,5,6,155,18667.3,2007.0,Hot-Humid
2016-06-03 10:00:00,Panther_lodging_Marisol,149.5789,30.0,4.0,22.8,1017.9,0.0,10,5,6,155,18667.3,2007.0,Hot-Humid
2016-06-03 11:00:00,Panther_lodging_Marisol,161.7312,31.1,4.0,21.7,1017.7,0.0,11,5,6,155,18667.3,2007.0,Hot-Humid
2016-06-03 12:00:00,Panther_lodging_Marisol,164.9318,32.2,4.0,21.1,1017.2,2.6,12,5,6,155,18667.3,2007.0,Hot-Humid
2016-06-03 13:00:00,Panther_lodging_Marisol,146.1282,32.8,4.0,20.0,1016.6,3.6,13,5,6,155,18667.3,2007.0,Hot-Humid
2016-06-03 14:00:00,Panther_lodging_Marisol,167.8824,33.3,4.0,19.4,1016.3,2.1,14,5,6,155,18667.3,2007.0,Hot-Humid
2016-06-03 15:00:00,Panther_lodging_Marisol,160.58100000000005,32.8,4.0,18.9,1015.8,3.6,15,5,6,155,18667.3,2007.0,Hot-Humid
2016-06-03 16:00:00,Panther_lodging_Marisol,156.8303,32.8,4.0,20.6,1015.4,4.6,16,5,6,155,18667.3,2007.0,Hot-Humid
2016-06-03 17:00:00,Panther_lodging_Marisol,163.6816,31.7,4.666666666666667,20.0,1015.3,6.2,17,5,6,155,18667.3,2007.0,Hot-Humid
2016-06-03 18:00:00,Panther_lodging_Marisol,164.7818,30.6,5.333333333333333,20.6,1015.5,6.7,18,5,6,155,18667.3,2007.0,Hot-Humid
2016-06-03 19:00:00,Panther_lodging_Marisol,162.0313,28.9,6.0,21.7,1016.0,7.7,19,5,6,155,18667.3,2007.0,Hot-Humid
2016-06-03 20:00:00,Panther_lodging_Marisol,171.6831,27.8,6.0,22.2,1016.5,5.7,20,5,6,155,18667.3,2007.0,Hot-Humid
2016-06-03 21:00:00,Panther_lodging_Marisol,183.8355,26.7,6.0,22.8,1017.1,4.1,21,5,6,155,18667.3,2007.0,Hot-Humid
2016-06-03 22:00:00,Panther_lodging_Marisol,176.484,26.7,6.0,22.8,1018.1,2.6,22,5,6,155,18667.3,2007.0,Hot-Humid
2016-06-03 23:00:00,Panther_lodging_Marisol,165.93200000000004,26.1,6.0,22.8,1018.4,3.6,23,5,6,155,18667.3,2007.0,Hot-Humid
2016-06-04 00:00:00,Panther_lodging_Marisol,162.9314,25.6,6.0,22.8,1017.9,3.1,0,6,6,156,18667.3,2007.0,Hot-Humid
2016-06-04 01:00:00,Panther_lodging_Marisol,150.279,25.6,6.0,23.3,1017.8,3.1,1,6,6,156,18667.3,2007.0,Hot-Humid
2016-06-04 02:00:00,Panther_lodging_Marisol,151.9793,25.0,5.5,23.3,1017.5,1.5,2,6,6,156,18667.3,2007.0,Hot-Humid
2016-06-04 03:00:00,Panther_lodging_Marisol,144.928,25.0,5.0,22.8,1016.8,2.6,3,6,6,156,18667.3,2007.0,Hot-Humid
2016-06-04 04:00:00,Panther_lodging_Marisol,152.0294,25.0,4.5,22.8,1016.5,1.5,4,6,6,156,18667.3,2007.0,Hot-Humid
2016-06-04 05:00:00,Panther_lodging_Marisol,147.5785,24.4,4.0,22.8,1016.5,1.5,5,6,6,156,18667.3,2007.0,Hot-Humid
2016-06-04 06:00:00,Panther_lodging_Marisol,144.97799999999995,23.9,2.0,22.8,1016.8,2.1,6,6,6,156,18667.3,2007.0,Hot-Humid
2016-06-04 07:00:00,Panther_lodging_Marisol,139.0768,25.6,2.0,23.3,1016.9,2.1,7,6,6,156,18667.3,2007.0,Hot-Humid
2016-06-04 08:00:00,Panther_lodging_Marisol,146.0282,27.2,2.0,23.3,1017.3,1.5,8,6,6,156,18667.3,2007.0,Hot-Humid
2016-06-04 09:00:00,Panther_lodging_Marisol,156.1301,29.4,2.0,22.2,1017.1,2.6,9,6,6,156,18667.3,2007.0,Hot-Humid
2016-06-04 10:00:00,Panther_lodging_Marisol,150.22899999999996,30.0,4.0,21.1,1017.1,2.6,10,6,6,156,18667.3,2007.0,Hot-Humid
2016-06-04 11:00:00,Panther_lodging_Marisol,154.5298,31.1,4.0,20.6,1016.7,2.1,11,6,6,156,18667.3,2007.0,Hot-Humid
2016-06-04 12:00:00,Panther_lodging_Marisol,166.6822,31.7,4.0,20.6,1016.0,2.1,12,6,6,156,18667.3,2007.0,Hot-Humid
2016-06-04 13:00:00,Panther_lodging_Marisol,165.4819,32.8,4.0,20.6,1015.1,4.1,13,6,6,156,18667.3,2007.0,Hot-Humid
2016-06-04 14:00:00,Panther_lodging_Marisol,168.9326,33.9,4.0,19.4,1014.5,2.6,14,6,6,156,18667.3,2007.0,Hot-Humid
2016-06-04 15:00:00,Panther_lodging_Marisol,162.4813,33.9,4.0,19.4,1014.0,3.1,15,6,6,156,18667.3,2007.0,Hot-Humid
2016-06-04 16:00:00,Panther_lodging_Marisol,160.481,32.8,4.0,21.7,1013.5,7.2,16,6,6,156,18667.3,2007.0,Hot-Humid
2016-06-04 17:00:00,Panther_lodging_Marisol,166.4321,32.2,4.0,20.6,1013.2,6.7,17,6,6,156,18667.3,2007.0,Hot-Humid
2016-06-04 18:00:00,Panther_lodging_Marisol,164.9318,31.1,4.0,20.6,1013.2,7.2,18,6,6,156,18667.3,2007.0,Hot-Humid
2016-06-04 19:00:00,Panther_lodging_Marisol,167.8324,29.4,4.0,21.1,1013.7,7.2,19,6,6,156,18667.3,2007.0,Hot-Humid
2016-06-04 20:00:00,Panther_lodging_Marisol,175.2838,27.8,4.0,22.2,1014.2,5.1,20,6,6,156,18667.3,2007.0,Hot-Humid
2016-06-04 21:00:00,Panther_lodging_Marisol,163.9316,27.2,2.0,22.2,1014.8,4.6,21,6,6,156,18667.3,2007.0,Hot-Humid
2016-06-04 22:00:00,Panther_lodging_Marisol,180.8849,26.7,2.0,22.2,1015.1,3.6,22,6,6,156,18667.3,2007.0,Hot-Humid
2016-06-04 23:00:00,Panther_lodging_Marisol,173.9336,26.1,2.0,22.8,1015.0,4.1,23,6,6,156,18667.3,2007.0,Hot-Humid
2016-06-05 00:00:00,Panther_lodging_Marisol,164.8818,25.6,2.0,22.8,1014.7,3.6,0,7,6,157,18667.3,2007.0,Hot-Humid
2016-06-05 01:00:00,Panther_lodging_Marisol,151.0292,25.0,2.0,22.8,1014.1,2.1,1,7,6,157,18667.3,2007.0,Hot-Humid
2016-06-05 02:00:00,Panther_lodging_Marisol,149.0788,25.0,2.0,22.8,1013.5,2.1,2,7,6,157,18667.3,2007.0,Hot-Humid
2016-06-05 03:00:00,Panther_lodging_Marisol,154.0297,24.4,0.0,22.8,1013.0,0.0,3,7,6,157,18667.3,2007.0,Hot-Humid
2016-06-05 04:00:00,Panther_lodging_Marisol,154.9799,24.4,0.0,22.8,1012.6,2.1,4,7,6,157,18667.3,2007.0,Hot-Humid
2016-06-05 05:00:00,Panther_lodging_Marisol,145.6281,24.4,2.0,22.8,1012.7,2.1,5,7,6,157,18667.3,2007.0,Hot-Humid
2016-06-05 06:00:00,Panther_lodging_Marisol,152.0294,24.4,2.0,22.8,1013.4,1.5,6,7,6,157,18667.3,2007.0,Hot-Humid
2016-06-05 07:00:00,Panther_lodging_Marisol,136.6764,25.6,2.0,22.8,1013.6,2.6,7,7,6,157,18667.3,2007.0,Hot-Humid
2016-06-05 08:00:00,Panther_lodging_Marisol,154.2798,27.8,4.0,22.8,1013.7,3.6,8,7,6,157,18667.3,2007.0,Hot-Humid
2016-06-05 09:00:00,Panther_lodging_Marisol,147.0784,28.9,4.0,22.8,1014.2,4.6,9,7,6,157,18667.3,2007.0,Hot-Humid
2016-06-05 10:00:00,Panther_lodging_Marisol,158.9807,30.0,4.5,22.8,1014.2,3.6,10,7,6,157,18667.3,2007.0,Hot-Humid
2016-06-05 11:00:00,Panther_lodging_Marisol,153.6797,31.1,5.0,21.1,1013.8,3.6,11,7,6,157,18667.3,2007.0,Hot-Humid
2016-06-05 12:00:00,Panther_lodging_Marisol,158.9307,32.2,5.5,21.7,1013.6,3.6,12,7,6,157,18667.3,2007.0,Hot-Humid
2016-06-05 13:00:00,Panther_lodging_Marisol,156.5302,32.8,6.0,21.7,1012.8,3.6,13,7,6,157,18667.3,2007.0,Hot-Humid
2016-06-05 14:00:00,Panther_lodging_Marisol,171.6831,34.4,6.333333333333333,21.7,1012.1,3.1,14,7,6,157,18667.3,2007.0,Hot-Humid
2016-06-05 15:00:00,Panther_lodging_Marisol,166.5321,31.1,6.666666666666667,22.8,1012.1,5.1,15,7,6,157,18667.3,2007.0,Hot-Humid
2016-06-05 16:00:00,Panther_lodging_Marisol,164.4817,31.7,7.0,23.3,1011.8,5.7,16,7,6,157,18667.3,2007.0,Hot-Humid
2016-06-05 17:00:00,Panther_lodging_Marisol,166.6822,23.3,7.0,22.2,1012.6,7.7,17,7,6,157,18667.3,2007.0,Hot-Humid
2016-06-05 18:00:00,Panther_lodging_Marisol,178.4344,23.3,7.0,22.2,1014.1,4.6,18,7,6,157,18667.3,2007.0,Hot-Humid
2016-06-05 19:00:00,Panther_lodging_Marisol,196.588,23.3,8.0,21.7,1013.6,2.6,19,7,6,157,18667.3,2007.0,Hot-Humid
2016-06-05 20:00:00,Panther_lodging_Marisol,200.9388,23.9,8.0,22.2,1013.7,2.1,20,7,6,157,18667.3,2007.0,Hot-Humid
2016-06-05 21:00:00,Panther_lodging_Marisol,186.1859,23.3,8.0,22.2,1013.3,2.1,21,7,6,157,18667.3,2007.0,Hot-Humid
2016-06-05 22:00:00,Panther_lodging_Marisol,171.6831,23.3,8.0,22.2,1013.7,2.6,22,7,6,157,18667.3,2007.0,Hot-Humid
2016-06-05 23:00:00,Panther_lodging_Marisol,161.3311,23.9,8.0,22.2,1013.5,0.0,23,7,6,157,18667.3,2007.0,Hot-Humid
2016-06-06 00:00:00,Panther_lodging_Marisol,147.9286,23.9,8.0,21.1,1013.7,2.1,0,1,6,158,18667.3,2007.0,Hot-Humid
2016-06-06 01:00:00,Panther_lodging_Marisol,136.7764,23.9,8.0,21.7,1013.3,2.1,1,1,6,158,18667.3,2007.0,Hot-Humid
2016-06-06 02:00:00,Panther_lodging_Marisol,128.8749,23.9,8.0,22.2,1013.0,2.1,2,1,6,158,18667.3,2007.0,Hot-Humid
2016-06-06 03:00:00,Panther_lodging_Marisol,134.67600000000002,24.4,8.0,22.8,1012.4,1.5,3,1,6,158,18667.3,2007.0,Hot-Humid
2016-06-06 04:00:00,Panther_lodging_Marisol,128.9749,24.4,8.0,22.8,1013.1,5.7,4,1,6,158,18667.3,2007.0,Hot-Humid
2016-06-06 05:00:00,Panther_lodging_Marisol,129.0749,23.3,8.0,22.2,1012.3,0.0,5,1,6,158,18667.3,2007.0,Hot-Humid
2016-06-06 06:00:00,Panther_lodging_Marisol,126.4244,23.9,8.0,22.2,1012.0,0.0,6,1,6,158,18667.3,2007.0,Hot-Humid
2016-06-06 07:00:00,Panther_lodging_Marisol,127.6746,24.4,8.0,23.3,1012.3,2.1,7,1,6,158,18667.3,2007.0,Hot-Humid
2016-06-06 08:00:00,Panther_lodging_Marisol,136.4263,26.1,8.0,24.4,1012.1,3.6,8,1,6,158,18667.3,2007.0,Hot-Humid
2016-06-06 09:00:00,Panther_lodging_Marisol,139.6269,27.8,8.0,25.0,1012.1,5.1,9,1,6,158,18667.3,2007.0,Hot-Humid
2016-06-06 10:00:00,Panther_lodging_Marisol,127.7746,28.9,8.0,25.0,1011.7,6.2,10,1,6,158,18667.3,2007.0,Hot-Humid
2016-06-06 11:00:00,Panther_lodging_Marisol,159.6308,29.4,8.0,23.9,1011.4,7.2,11,1,6,158,18667.3,2007.0,Hot-Humid
2016-06-06 12:00:00,Panther_lodging_Marisol,160.83100000000005,30.0,8.0,23.9,1010.7,6.2,12,1,6,158,18667.3,2007.0,Hot-Humid
2016-06-06 13:00:00,Panther_lodging_Marisol,157.4304,29.4,8.0,23.9,1009.9,6.2,13,1,6,158,18667.3,2007.0,Hot-Humid
2016-06-06 14:00:00,Panther_lodging_Marisol,165.5819,30.0,8.0,24.0,1009.45,7.2,14,1,6,158,18667.3,2007.0,Hot-Humid
2016-06-06 15:00:00,Panther_lodging_Marisol,163.8316,27.8,8.0,25.0,1009.0,5.1,15,1,6,158,18667.3,2007.0,Hot-Humid
2016-06-06 16:00:00,Panther_lodging_Marisol,171.13299999999995,25.0,8.0,23.3,1009.5,9.3,16,1,6,158,18667.3,2007.0,Hot-Humid
2016-06-06 17:00:00,Panther_lodging_Marisol,174.1336,24.4,8.0,22.8,1008.4,3.6,17,1,6,158,18667.3,2007.0,Hot-Humid
2016-06-06 18:00:00,Panther_lodging_Marisol,172.9834,25.6,8.0,23.9,1007.3,7.2,18,1,6,158,18667.3,2007.0,Hot-Humid
2016-06-06 19:00:00,Panther_lodging_Marisol,180.2848,25.6,8.0,23.3,1007.5,7.2,19,1,6,158,18667.3,2007.0,Hot-Humid
2016-06-06 20:00:00,Panther_lodging_Marisol,187.9363,25.0,8.0,22.8,1007.3,8.2,20,1,6,158,18667.3,2007.0,Hot-Humid
2016-06-06 21:00:00,Panther_lodging_Marisol,182.7352,25.0,8.0,22.8,1007.5,7.7,21,1,6,158,18667.3,2007.0,Hot-Humid
2016-06-06 22:00:00,Panther_lodging_Marisol,184.6356,24.4,8.0,23.3,1007.8,7.2,22,1,6,158,18667.3,2007.0,Hot-Humid
2016-06-06 23:00:00,Panther_lodging_Marisol,167.4823,25.0,8.0,23.3,1008.1,8.2,23,1,6,158,18667.3,2007.0,Hot-Humid
2016-06-07 00:00:00,Panther_lodging_Marisol,164.5818,25.6,8.0,23.9,1007.9,8.2,0,2,6,159,18667.3,2007.0,Hot-Humid
2016-06-07 01:00:00,Panther_lodging_Marisol,147.5285,26.1,8.0,23.9,1007.2,8.2,1,2,6,159,18667.3,2007.0,Hot-Humid
2016-06-07 02:00:00,Panther_lodging_Marisol,142.6775,25.6,8.0,23.9,1006.8,9.3,2,2,6,159,18667.3,2007.0,Hot-Humid
2016-06-07 03:00:00,Panther_lodging_Marisol,135.8762,26.1,8.0,23.9,1006.3,7.7,3,2,6,159,18667.3,2007.0,Hot-Humid
2016-06-07 04:00:00,Panther_lodging_Marisol,134.42600000000002,26.1,8.0,23.9,1006.1,7.7,4,2,6,159,18667.3,2007.0,Hot-Humid
2016-06-07 05:00:00,Panther_lodging_Marisol,138.6267,26.1,8.0,23.9,1006.8,8.8,5,2,6,159,18667.3,2007.0,Hot-Humid
2016-06-07 06:00:00,Panther_lodging_Marisol,134.3259,26.1,8.0,23.9,1007.9,7.7,6,2,6,159,18667.3,2007.0,Hot-Humid
2016-06-07 07:00:00,Panther_lodging_Marisol,148.4786,25.0,8.0,23.9,1008.8,4.6,7,2,6,159,18667.3,2007.0,Hot-Humid
2016-06-07 08:00:00,Panther_lodging_Marisol,146.2282,25.0,8.0,23.3,1009.4,8.2,8,2,6,159,18667.3,2007.0,Hot-Humid
2016-06-07 09:00:00,Panther_lodging_Marisol,150.9291,25.6,8.0,23.3,1009.5,6.2,9,2,6,159,18667.3,2007.0,Hot-Humid
2016-06-07 10:00:00,Panther_lodging_Marisol,153.2796,26.1,8.0,22.8,1009.4,7.7,10,2,6,159,18667.3,2007.0,Hot-Humid
2016-06-07 11:00:00,Panther_lodging_Marisol,154.7299,26.1,8.0,23.3,1010.2,5.7,11,2,6,159,18667.3,2007.0,Hot-Humid
2016-06-07 12:00:00,Panther_lodging_Marisol,155.18,27.8,8.0,23.3,1009.7,7.2,12,2,6,159,18667.3,2007.0,Hot-Humid
2016-06-07 13:00:00,Panther_lodging_Marisol,149.0788,28.3,8.0,23.9,1009.2,6.2,13,2,6,159,18667.3,2007.0,Hot-Humid
2016-06-07 14:00:00,Panther_lodging_Marisol,149.0788,30.0,7.666666666666667,23.9,1008.6,4.6,14,2,6,159,18667.3,2007.0,Hot-Humid
2016-06-07 15:00:00,Panther_lodging_Marisol,151.5793,30.6,7.333333333333333,23.3,1008.1,4.1,15,2,6,159,18667.3,2007.0,Hot-Humid
2016-06-07 16:00:00,Panther_lodging_Marisol,159.0807,29.4,7.0,23.9,1007.8,3.6,16,2,6,159,18667.3,2007.0,Hot-Humid
2016-06-07 17:00:00,Panther_lodging_Marisol,161.9313,28.9,7.0,23.9,1007.8,4.6,17,2,6,159,18667.3,2007.0,Hot-Humid
2016-06-07 18:00:00,Panther_lodging_Marisol,162.8314,28.9,7.0,23.9,1008.1,3.6,18,2,6,159,18667.3,2007.0,Hot-Humid
2016-06-07 19:00:00,Panther_lodging_Marisol,162.7314,28.3,6.0,24.4,1008.8,3.1,19,2,6,159,18667.3,2007.0,Hot-Humid
2016-06-07 20:00:00,Panther_lodging_Marisol,171.7832,25.6,5.6,22.8,1009.7,2.1,20,2,6,159,18667.3,2007.0,Hot-Humid
2016-06-07 21:00:00,Panther_lodging_Marisol,179.8847,25.6,5.2,23.3,1010.4000000000001,2.6,21,2,6,159,18667.3,2007.0,Hot-Humid
2016-06-07 22:00:00,Panther_lodging_Marisol,175.2338,25.6,4.8,23.9,1011.1,2.1,22,2,6,159,18667.3,2007.0,Hot-Humid
2016-06-07 23:00:00,Panther_lodging_Marisol,167.9824,25.0,4.8,23.9,1011.0,2.1,23,2,6,159,18667.3,2007.0,Hot-Humid
2016-06-08 00:00:00,Panther_lodging_Marisol,168.0824,25.0,4.0,23.9,1011.0,1.5,0,3,6,160,18667.3,2007.0,Hot-Humid
2016-06-08 01:00:00,Panther_lodging_Marisol,148.0286,25.0,6.0,23.9,1010.7,0.0,1,3,6,160,18667.3,2007.0,Hot-Humid
2016-06-08 02:00:00,Panther_lodging_Marisol,142.3275,25.0,6.0,23.9,1010.3,0.0,2,3,6,160,18667.3,2007.0,Hot-Humid
2016-06-08 03:00:00,Panther_lodging_Marisol,144.7279,25.6,6.0,24.4,1010.1,1.5,3,3,6,160,18667.3,2007.0,Hot-Humid
2016-06-08 04:00:00,Panther_lodging_Marisol,143.6277,25.6,6.0,24.4,1010.2,2.1,4,3,6,160,18667.3,2007.0,Hot-Humid
2016-06-08 05:00:00,Panther_lodging_Marisol,143.1276,25.6,6.0,23.9,1010.5,1.5,5,3,6,160,18667.3,2007.0,Hot-Humid
2016-06-08 06:00:00,Panther_lodging_Marisol,137.2765,25.6,6.0,23.9,1010.8,1.5,6,3,6,160,18667.3,2007.0,Hot-Humid
2016-06-08 07:00:00,Panther_lodging_Marisol,143.4277,25.6,6.0,23.9,1011.2,1.5,7,3,6,160,18667.3,2007.0,Hot-Humid
2016-06-08 08:00:00,Panther_lodging_Marisol,143.7777,27.8,6.0,24.4,1011.3,0.0,8,3,6,160,18667.3,2007.0,Hot-Humid
2016-06-08 09:00:00,Panther_lodging_Marisol,136.4263,28.3,6.0,24.4,1011.7,0.0,9,3,6,160,18667.3,2007.0,Hot-Humid
2016-06-08 10:00:00,Panther_lodging_Marisol,142.1774,28.9,6.0,24.4,1011.6,1.5,10,3,6,160,18667.3,2007.0,Hot-Humid
2016-06-08 11:00:00,Panther_lodging_Marisol,152.9795,30.0,6.0,23.3,1011.7,4.1,11,3,6,160,18667.3,2007.0,Hot-Humid
2016-06-08 12:00:00,Panther_lodging_Marisol,151.0292,31.1,6.0,23.3,1011.5,5.7,12,3,6,160,18667.3,2007.0,Hot-Humid
2016-06-08 13:00:00,Panther_lodging_Marisol,152.0793,31.1,6.0,23.3,1011.1,4.1,13,3,6,160,18667.3,2007.0,Hot-Humid
2016-06-08 14:00:00,Panther_lodging_Marisol,156.7803,29.4,6.0,23.3,1010.9,5.7,14,3,6,160,18667.3,2007.0,Hot-Humid
2016-06-08 15:00:00,Panther_lodging_Marisol,168.4325,31.1,6.0,22.8,1010.4,6.7,15,3,6,160,18667.3,2007.0,Hot-Humid
2016-06-08 16:00:00,Panther_lodging_Marisol,164.8318,30.0,6.0,20.6,1010.8,5.1,16,3,6,160,18667.3,2007.0,Hot-Humid
2016-06-08 17:00:00,Panther_lodging_Marisol,172.5833,28.9,6.0,23.3,1011.0,4.1,17,3,6,160,18667.3,2007.0,Hot-Humid
2016-06-08 18:00:00,Panther_lodging_Marisol,181.585,28.9,6.0,21.1,1011.8,4.6,18,3,6,160,18667.3,2007.0,Hot-Humid
2016-06-08 19:00:00,Panther_lodging_Marisol,169.4827,28.3,6.0,21.1,1012.4,4.1,19,3,6,160,18667.3,2007.0,Hot-Humid
2016-06-08 20:00:00,Panther_lodging_Marisol,166.9822,26.7,4.0,21.1,1012.6,2.6,20,3,6,160,18667.3,2007.0,Hot-Humid
2016-06-08 21:00:00,Panther_lodging_Marisol,168.3825,25.6,4.0,22.8,1013.2,2.6,21,3,6,160,18667.3,2007.0,Hot-Humid
2016-06-08 22:00:00,Panther_lodging_Marisol,172.8834,25.0,4.0,23.3,1013.7,2.6,22,3,6,160,18667.3,2007.0,Hot-Humid
2016-06-08 23:00:00,Panther_lodging_Marisol,167.2823,23.9,4.0,22.8,1013.7,2.1,23,3,6,160,18667.3,2007.0,Hot-Humid
2016-06-09 00:00:00,Panther_lodging_Marisol,156.4302,24.4,4.0,22.8,1013.7,2.6,0,4,6,161,18667.3,2007.0,Hot-Humid
2016-06-09 01:00:00,Panther_lodging_Marisol,144.3279,23.9,6.0,22.2,1013.4,2.1,1,4,6,161,18667.3,2007.0,Hot-Humid
2016-06-09 02:00:00,Panther_lodging_Marisol,138.5767,23.9,5.5,22.2,1013.4,1.5,2,4,6,161,18667.3,2007.0,Hot-Humid
2016-06-09 03:00:00,Panther_lodging_Marisol,151.5293,23.9,5.0,22.2,1013.1,2.1,3,4,6,161,18667.3,2007.0,Hot-Humid
2016-06-09 04:00:00,Panther_lodging_Marisol,145.178,23.9,4.5,22.2,1013.2,0.0,4,4,6,161,18667.3,2007.0,Hot-Humid
2016-06-09 05:00:00,Panther_lodging_Marisol,142.3775,23.9,4.0,22.2,1013.6,0.0,5,4,6,161,18667.3,2007.0,Hot-Humid
2016-06-09 06:00:00,Panther_lodging_Marisol,144.8779,23.9,5.0,22.2,1014.2,0.0,6,4,6,161,18667.3,2007.0,Hot-Humid
2016-06-09 07:00:00,Panther_lodging_Marisol,151.3292,24.4,6.0,22.8,1015.3,2.1,7,4,6,161,18667.3,2007.0,Hot-Humid
2016-06-09 08:00:00,Panther_lodging_Marisol,150.329,25.0,6.0,23.3,1015.7,2.1,8,4,6,161,18667.3,2007.0,Hot-Humid
2016-06-09 09:00:00,Panther_lodging_Marisol,141.6773,25.0,6.0,23.3,1016.3,3.1,9,4,6,161,18667.3,2007.0,Hot-Humid
2016-06-09 10:00:00,Panther_lodging_Marisol,142.9276,25.6,6.0,23.9,1016.1,2.1,10,4,6,161,18667.3,2007.0,Hot-Humid
2016-06-09 11:00:00,Panther_lodging_Marisol,146.3782,28.9,6.0,22.8,1016.2,0.0,11,4,6,161,18667.3,2007.0,Hot-Humid
2016-06-09 12:00:00,Panther_lodging_Marisol,149.1288,30.0,6.0,22.8,1015.6,3.6,12,4,6,161,18667.3,2007.0,Hot-Humid
2016-06-09 13:00:00,Panther_lodging_Marisol,151.9293,30.6,6.0,22.8,1015.2,6.2,13,4,6,161,18667.3,2007.0,Hot-Humid
2016-06-09 14:00:00,Panther_lodging_Marisol,156.8303,28.9,6.0,22.2,1015.3,4.1,14,4,6,161,18667.3,2007.0,Hot-Humid
2016-06-09 15:00:00,Panther_lodging_Marisol,158.4306,25.6,6.0,23.3,1015.7,4.1,15,4,6,161,18667.3,2007.0,Hot-Humid
2016-06-09 16:00:00,Panther_lodging_Marisol,165.68200000000004,25.0,6.0,23.3,1015.0,2.1,16,4,6,161,18667.3,2007.0,Hot-Humid
2016-06-09 17:00:00,Panther_lodging_Marisol,165.882,25.0,6.0,23.3,1014.8,3.1,17,4,6,161,18667.3,2007.0,Hot-Humid
2016-06-09 18:00:00,Panther_lodging_Marisol,157.7805,25.6,6.0,23.3,1015.0,2.1,18,4,6,161,18667.3,2007.0,Hot-Humid
2016-06-09 19:00:00,Panther_lodging_Marisol,161.5812,25.0,6.0,23.3,1015.2,1.5,19,4,6,161,18667.3,2007.0,Hot-Humid
2016-06-09 20:00:00,Panther_lodging_Marisol,168.2825,24.4,6.0,23.3,1015.3,1.5,20,4,6,161,18667.3,2007.0,Hot-Humid
2016-06-09 21:00:00,Panther_lodging_Marisol,177.9343,25.0,6.0,22.8,1015.5,1.5,21,4,6,161,18667.3,2007.0,Hot-Humid
2016-06-09 22:00:00,Panther_lodging_Marisol,178.8845,24.4,6.0,22.2,1015.8,2.1,22,4,6,161,18667.3,2007.0,Hot-Humid
2016-06-09 23:00:00,Panther_lodging_Marisol,169.1327,23.9,6.0,22.8,1016.1,2.1,23,4,6,161,18667.3,2007.0,Hot-Humid
2016-06-10 00:00:00,Panther_lodging_Marisol,158.6806,23.9,6.0,22.8,1015.8,0.0,0,5,6,162,18667.3,2007.0,Hot-Humid
2016-06-10 01:00:00,Panther_lodging_Marisol,155.9301,23.3,6.0,22.8,1015.4,0.0,1,5,6,162,18667.3,2007.0,Hot-Humid
2016-06-10 02:00:00,Panther_lodging_Marisol,152.4294,23.9,5.6,22.8,1015.3,0.0,2,5,6,162,18667.3,2007.0,Hot-Humid
2016-06-10 03:00:00,Panther_lodging_Marisol,155.2299,23.9,5.2,22.8,1015.4,1.5,3,5,6,162,18667.3,2007.0,Hot-Humid
2016-06-10 04:00:00,Panther_lodging_Marisol,144.6279,23.9,4.8,22.8,1015.5,0.0,4,5,6,162,18667.3,2007.0,Hot-Humid
2016-06-10 05:00:00,Panther_lodging_Marisol,150.5291,24.4,4.8,23.3,1016.1,0.0,5,5,6,162,18667.3,2007.0,Hot-Humid
2016-06-10 06:00:00,Panther_lodging_Marisol,145.6781,24.4,4.0,22.8,1016.6,2.1,6,5,6,162,18667.3,2007.0,Hot-Humid
2016-06-10 07:00:00,Panther_lodging_Marisol,146.8783,25.0,6.0,23.3,1017.2,1.5,7,5,6,162,18667.3,2007.0,Hot-Humid
2016-06-10 08:00:00,Panther_lodging_Marisol,151.4292,25.6,5.5,23.3,1017.9,2.6,8,5,6,162,18667.3,2007.0,Hot-Humid
2016-06-10 09:00:00,Panther_lodging_Marisol,154.7299,27.8,5.0,23.3,1017.9,0.0,9,5,6,162,18667.3,2007.0,Hot-Humid
2016-06-10 10:00:00,Panther_lodging_Marisol,148.1786,29.4,4.5,22.2,1018.3,3.1,10,5,6,162,18667.3,2007.0,Hot-Humid
2016-06-10 11:00:00,Panther_lodging_Marisol,154.6799,30.6,4.0,22.2,1018.3,4.1,11,5,6,162,18667.3,2007.0,Hot-Humid
2016-06-10 12:00:00,Panther_lodging_Marisol,158.3306,31.1,5.0,22.8,1017.9,3.1,12,5,6,162,18667.3,2007.0,Hot-Humid
2016-06-10 13:00:00,Panther_lodging_Marisol,151.5793,32.2,6.0,22.2,1017.1,2.6,13,5,6,162,18667.3,2007.0,Hot-Humid
2016-06-10 14:00:00,Panther_lodging_Marisol,150.8791,32.8,6.0,22.2,1017.0,3.6,14,5,6,162,18667.3,2007.0,Hot-Humid
2016-06-10 15:00:00,Panther_lodging_Marisol,159.7308,31.7,6.0,22.2,1016.7,4.6,15,5,6,162,18667.3,2007.0,Hot-Humid
2016-06-10 16:00:00,Panther_lodging_Marisol,151.6793,30.6,6.0,22.2,1016.9,5.7,16,5,6,162,18667.3,2007.0,Hot-Humid
2016-06-10 17:00:00,Panther_lodging_Marisol,152.3794,28.9,6.0,23.3,1017.1,6.7,17,5,6,162,18667.3,2007.0,Hot-Humid
2016-06-10 18:00:00,Panther_lodging_Marisol,153.3796,27.2,6.0,23.3,1017.6,3.6,18,5,6,162,18667.3,2007.0,Hot-Humid
2016-06-10 19:00:00,Panther_lodging_Marisol,166.2821,26.7,6.0,22.8,1018.2,4.6,19,5,6,162,18667.3,2007.0,Hot-Humid
2016-06-10 20:00:00,Panther_lodging_Marisol,169.7828,26.1,6.0,23.3,1018.6,3.1,20,5,6,162,18667.3,2007.0,Hot-Humid
2016-06-10 21:00:00,Panther_lodging_Marisol,176.28400000000005,26.1,6.0,23.3,1018.9,1.5,21,5,6,162,18667.3,2007.0,Hot-Humid
2016-06-10 22:00:00,Panther_lodging_Marisol,168.5325,26.1,6.0,22.8,1019.0,2.1,22,5,6,162,18667.3,2007.0,Hot-Humid
2016-06-10 23:00:00,Panther_lodging_Marisol,170.2328,25.6,6.0,22.8,1018.6,2.6,23,5,6,162,18667.3,2007.0,Hot-Humid
2016-06-11 00:00:00,Panther_lodging_Marisol,164.7818,25.6,6.0,22.8,1018.8,3.1,0,6,6,163,18667.3,2007.0,Hot-Humid
2016-06-11 01:00:00,Panther_lodging_Marisol,149.5789,25.0,6.0,22.8,1018.2,1.5,1,6,6,163,18667.3,2007.0,Hot-Humid
2016-06-11 02:00:00,Panther_lodging_Marisol,149.0287,25.0,4.666666666666667,22.2,1018.1,1.5,2,6,6,163,18667.3,2007.0,Hot-Humid
2016-06-11 03:00:00,Panther_lodging_Marisol,151.5793,25.0,3.3333333333333335,21.7,1018.1,3.1,3,6,6,163,18667.3,2007.0,Hot-Humid
2016-06-11 04:00:00,Panther_lodging_Marisol,152.5794,24.4,2.0,21.7,1018.3,2.1,4,6,6,163,18667.3,2007.0,Hot-Humid
2016-06-11 05:00:00,Panther_lodging_Marisol,143.6777,23.9,2.0,21.7,1018.4,1.5,5,6,6,163,18667.3,2007.0,Hot-Humid
2016-06-11 06:00:00,Panther_lodging_Marisol,148.5286,25.0,4.0,22.8,1019.1,2.1,6,6,6,163,18667.3,2007.0,Hot-Humid
2016-06-11 07:00:00,Panther_lodging_Marisol,139.5269,25.0,4.0,22.8,1020.0,1.5,7,6,6,163,18667.3,2007.0,Hot-Humid
2016-06-11 08:00:00,Panther_lodging_Marisol,131.6754,27.8,4.0,22.8,1020.7,3.6,8,6,6,163,18667.3,2007.0,Hot-Humid
2016-06-11 09:00:00,Panther_lodging_Marisol,119.023,28.9,4.0,20.6,1021.1,3.6,9,6,6,163,18667.3,2007.0,Hot-Humid
2016-06-11 10:00:00,Panther_lodging_Marisol,156.4802,28.9,4.5,21.1,1021.5,4.6,10,6,6,163,18667.3,2007.0,Hot-Humid
2016-06-11 11:00:00,Panther_lodging_Marisol,158.8306,29.4,5.0,21.1,1021.4,3.6,11,6,6,163,18667.3,2007.0,Hot-Humid
2016-06-11 12:00:00,Panther_lodging_Marisol,170.6329,30.6,5.5,20.6,1021.1,3.1,12,6,6,163,18667.3,2007.0,Hot-Humid
2016-06-11 13:00:00,Panther_lodging_Marisol,158.1805,29.4,6.0,21.1,1020.7,4.6,13,6,6,163,18667.3,2007.0,Hot-Humid
2016-06-11 14:00:00,Panther_lodging_Marisol,162.6814,30.0,6.0,21.1,1020.4,3.6,14,6,6,163,18667.3,2007.0,Hot-Humid
2016-06-11 15:00:00,Panther_lodging_Marisol,168.3325,31.1,6.0,21.1,1020.0,5.1,15,6,6,163,18667.3,2007.0,Hot-Humid
2016-06-11 16:00:00,Panther_lodging_Marisol,166.5321,30.0,6.0,21.1,1019.7,5.1,16,6,6,163,18667.3,2007.0,Hot-Humid
2016-06-11 17:00:00,Panther_lodging_Marisol,166.1821,29.4,6.0,21.7,1019.6,5.1,17,6,6,163,18667.3,2007.0,Hot-Humid
2016-06-11 18:00:00,Panther_lodging_Marisol,173.5835,27.8,6.0,21.1,1019.9,4.1,18,6,6,163,18667.3,2007.0,Hot-Humid
2016-06-11 19:00:00,Panther_lodging_Marisol,174.4837,26.7,6.0,21.7,1020.3,3.6,19,6,6,163,18667.3,2007.0,Hot-Humid
2016-06-11 20:00:00,Panther_lodging_Marisol,166.2321,26.1,4.0,21.7,1020.3,3.1,20,6,6,163,18667.3,2007.0,Hot-Humid
2016-06-11 21:00:00,Panther_lodging_Marisol,173.7835,25.0,4.0,21.7,1020.3,2.1,21,6,6,163,18667.3,2007.0,Hot-Humid
2016-06-11 22:00:00,Panther_lodging_Marisol,179.8347,24.4,2.0,21.7,1020.3,1.5,22,6,6,163,18667.3,2007.0,Hot-Humid
2016-06-11 23:00:00,Panther_lodging_Marisol,169.7327,25.0,2.0,22.2,1020.7,0.0,23,6,6,163,18667.3,2007.0,Hot-Humid
2016-06-12 00:00:00,Panther_lodging_Marisol,173.8836,24.4,2.0,22.2,1020.6,0.0,0,7,6,164,18667.3,2007.0,Hot-Humid
2016-06-12 01:00:00,Panther_lodging_Marisol,154.5298,24.4,2.0,22.2,1020.3,0.0,1,7,6,164,18667.3,2007.0,Hot-Humid
2016-06-12 02:00:00,Panther_lodging_Marisol,146.6783,24.4,0.0,22.2,1019.8,0.0,2,7,6,164,18667.3,2007.0,Hot-Humid
2016-06-12 03:00:00,Panther_lodging_Marisol,138.0767,23.3,2.0,21.7,1019.5,0.0,3,7,6,164,18667.3,2007.0,Hot-Humid
2016-06-12 04:00:00,Panther_lodging_Marisol,147.8285,23.9,2.0,22.2,1019.3,0.0,4,7,6,164,18667.3,2007.0,Hot-Humid
2016-06-12 05:00:00,Panther_lodging_Marisol,152.7795,23.3,4.0,21.7,1019.9,0.0,5,7,6,164,18667.3,2007.0,Hot-Humid
2016-06-12 06:00:00,Panther_lodging_Marisol,156.7302,23.3,4.0,22.2,1020.0,1.5,6,7,6,164,18667.3,2007.0,Hot-Humid
2016-06-12 07:00:00,Panther_lodging_Marisol,159.3307,25.0,4.0,22.8,1020.3,1.5,7,7,6,164,18667.3,2007.0,Hot-Humid
2016-06-12 08:00:00,Panther_lodging_Marisol,156.7302,26.1,4.0,22.8,1020.5,0.0,8,7,6,164,18667.3,2007.0,Hot-Humid
2016-06-12 09:00:00,Panther_lodging_Marisol,164.0317,27.2,4.0,22.8,1020.4,0.0,9,7,6,164,18667.3,2007.0,Hot-Humid
2016-06-12 10:00:00,Panther_lodging_Marisol,162.6814,28.3,4.0,21.1,1020.5,0.0,10,7,6,164,18667.3,2007.0,Hot-Humid
2016-06-12 11:00:00,Panther_lodging_Marisol,162.0313,30.0,4.0,21.1,1020.1,0.0,11,7,6,164,18667.3,2007.0,Hot-Humid
2016-06-12 12:00:00,Panther_lodging_Marisol,172.3333,30.0,5.0,21.1,1019.3,0.0,12,7,6,164,18667.3,2007.0,Hot-Humid
2016-06-12 13:00:00,Panther_lodging_Marisol,164.9818,31.7,6.0,21.1,1018.3,2.6,13,7,6,164,18667.3,2007.0,Hot-Humid
2016-06-12 14:00:00,Panther_lodging_Marisol,163.4315,31.1,6.0,21.1,1017.5,2.1,14,7,6,164,18667.3,2007.0,Hot-Humid
2016-06-12 15:00:00,Panther_lodging_Marisol,173.7835,31.7,6.0,20.0,1017.1,0.0,15,7,6,164,18667.3,2007.0,Hot-Humid
2016-06-12 16:00:00,Panther_lodging_Marisol,170.88299999999995,31.1,6.0,21.1,1016.9,3.1,16,7,6,164,18667.3,2007.0,Hot-Humid
2016-06-12 17:00:00,Panther_lodging_Marisol,171.7832,30.6,6.0,21.7,1016.7,3.1,17,7,6,164,18667.3,2007.0,Hot-Humid
2016-06-12 18:00:00,Panther_lodging_Marisol,170.4329,27.8,6.0,22.2,1017.1,2.6,18,7,6,164,18667.3,2007.0,Hot-Humid
2016-06-12 19:00:00,Panther_lodging_Marisol,179.0846,27.2,6.0,22.8,1017.6,0.0,19,7,6,164,18667.3,2007.0,Hot-Humid
2016-06-12 20:00:00,Panther_lodging_Marisol,188.0363,26.7,6.0,22.8,1017.5,2.6,20,7,6,164,18667.3,2007.0,Hot-Humid
2016-06-12 21:00:00,Panther_lodging_Marisol,188.5864,25.6,6.0,23.3,1017.8,1.5,21,7,6,164,18667.3,2007.0,Hot-Humid
2016-06-12 22:00:00,Panther_lodging_Marisol,172.1332,25.0,6.0,23.9,1017.8,1.5,22,7,6,164,18667.3,2007.0,Hot-Humid
2016-06-12 23:00:00,Panther_lodging_Marisol,165.1319,25.0,6.0,23.3,1017.5,0.0,23,7,6,164,18667.3,2007.0,Hot-Humid
2016-06-13 00:00:00,Panther_lodging_Marisol,156.5302,25.6,6.0,23.3,1017.2,2.1,0,1,6,165,18667.3,2007.0,Hot-Humid
2016-06-13 01:00:00,Panther_lodging_Marisol,149.7289,25.0,6.0,22.8,1016.8,1.5,1,1,6,165,18667.3,2007.0,Hot-Humid
2016-06-13 02:00:00,Panther_lodging_Marisol,144.4779,25.0,5.5,22.2,1015.9,0.0,2,1,6,165,18667.3,2007.0,Hot-Humid
2016-06-13 03:00:00,Panther_lodging_Marisol,152.0294,24.4,5.0,22.2,1015.6,0.0,3,1,6,165,18667.3,2007.0,Hot-Humid
2016-06-13 04:00:00,Panther_lodging_Marisol,146.5283,24.4,4.5,22.2,1015.4,2.1,4,1,6,165,18667.3,2007.0,Hot-Humid
2016-06-13 05:00:00,Panther_lodging_Marisol,148.3286,24.4,4.0,22.8,1015.5,2.1,5,1,6,165,18667.3,2007.0,Hot-Humid
2016-06-13 06:00:00,Panther_lodging_Marisol,147.3284,24.4,2.0,22.8,1016.0,2.1,6,1,6,165,18667.3,2007.0,Hot-Humid
2016-06-13 07:00:00,Panther_lodging_Marisol,151.1292,25.6,2.0,23.3,1016.2,2.6,7,1,6,165,18667.3,2007.0,Hot-Humid
2016-06-13 08:00:00,Panther_lodging_Marisol,150.6791,27.8,2.0,23.9,1016.2,3.6,8,1,6,165,18667.3,2007.0,Hot-Humid
2016-06-13 09:00:00,Panther_lodging_Marisol,149.2288,29.4,4.0,23.9,1016.0,5.7,9,1,6,165,18667.3,2007.0,Hot-Humid
2016-06-13 10:00:00,Panther_lodging_Marisol,152.6294,30.6,4.0,23.3,1015.8,4.6,10,1,6,165,18667.3,2007.0,Hot-Humid
2016-06-13 11:00:00,Panther_lodging_Marisol,154.6799,31.7,4.0,22.8,1015.6,3.6,11,1,6,165,18667.3,2007.0,Hot-Humid
2016-06-13 12:00:00,Panther_lodging_Marisol,154.2798,32.8,4.0,22.8,1015.1,3.6,12,1,6,165,18667.3,2007.0,Hot-Humid
2016-06-13 13:00:00,Panther_lodging_Marisol,160.9311,33.9,4.0,22.2,1014.4,3.6,13,1,6,165,18667.3,2007.0,Hot-Humid
2016-06-13 14:00:00,Panther_lodging_Marisol,168.4825,32.8,4.0,21.1,1013.9,1.5,14,1,6,165,18667.3,2007.0,Hot-Humid
2016-06-13 15:00:00,Panther_lodging_Marisol,175.6339,34.4,4.0,20.6,1013.1,2.1,15,1,6,165,18667.3,2007.0,Hot-Humid
2016-06-13 16:00:00,Panther_lodging_Marisol,169.2827,35.0,4.0,20.0,1012.3,2.1,16,1,6,165,18667.3,2007.0,Hot-Humid
2016-06-13 17:00:00,Panther_lodging_Marisol,178.5845,33.9,4.0,20.0,1012.3,1.5,17,1,6,165,18667.3,2007.0,Hot-Humid
2016-06-13 18:00:00,Panther_lodging_Marisol,165.93200000000004,30.6,5.0,22.8,1012.5,5.1,18,1,6,165,18667.3,2007.0,Hot-Humid
2016-06-13 19:00:00,Panther_lodging_Marisol,173.6835,30.0,6.0,22.2,1012.6,2.6,19,1,6,165,18667.3,2007.0,Hot-Humid
2016-06-13 20:00:00,Panther_lodging_Marisol,180.0347,28.9,5.666666666666667,22.8,1013.0,2.6,20,1,6,165,18667.3,2007.0,Hot-Humid
2016-06-13 21:00:00,Panther_lodging_Marisol,186.9361,28.9,5.333333333333333,22.8,1013.8,1.5,21,1,6,165,18667.3,2007.0,Hot-Humid
2016-06-13 22:00:00,Panther_lodging_Marisol,177.9343,28.9,5.0,22.8,1014.2,1.5,22,1,6,165,18667.3,2007.0,Hot-Humid
2016-06-13 23:00:00,Panther_lodging_Marisol,174.4837,27.8,5.0,22.8,1014.6,2.1,23,1,6,165,18667.3,2007.0,Hot-Humid
2016-06-14 00:00:00,Panther_lodging_Marisol,171.8332,27.2,5.0,22.2,1014.5,2.1,0,2,6,166,18667.3,2007.0,Hot-Humid
2016-06-14 01:00:00,Panther_lodging_Marisol,161.2311,26.7,4.0,22.8,1013.9,1.5,1,2,6,166,18667.3,2007.0,Hot-Humid
2016-06-14 02:00:00,Panther_lodging_Marisol,142.7275,26.7,0.0,23.9,1013.6,0.0,2,2,6,166,18667.3,2007.0,Hot-Humid
2016-06-14 03:00:00,Panther_lodging_Marisol,146.8283,25.0,0.0,23.3,1013.5,1.5,3,2,6,166,18667.3,2007.0,Hot-Humid
2016-06-14 04:00:00,Panther_lodging_Marisol,142.7275,25.6,0.0,23.9,1013.7,0.0,4,2,6,166,18667.3,2007.0,Hot-Humid
2016-06-14 05:00:00,Panther_lodging_Marisol,147.1784,25.0,0.0,23.9,1013.9,1.5,5,2,6,166,18667.3,2007.0,Hot-Humid
2016-06-14 06:00:00,Panther_lodging_Marisol,138.9268,25.0,2.0,23.9,1014.4,1.5,6,2,6,166,18667.3,2007.0,Hot-Humid
2016-06-14 07:00:00,Panther_lodging_Marisol,143.6277,27.2,2.0,25.0,1014.9,2.6,7,2,6,166,18667.3,2007.0,Hot-Humid
2016-06-14 08:00:00,Panther_lodging_Marisol,155.68,28.9,2.0,25.0,1015.5,3.1,8,2,6,166,18667.3,2007.0,Hot-Humid
2016-06-14 09:00:00,Panther_lodging_Marisol,140.9772,30.6,4.0,23.9,1015.7,0.0,9,2,6,166,18667.3,2007.0,Hot-Humid
2016-06-14 10:00:00,Panther_lodging_Marisol,150.9791,31.7,4.0,23.3,1015.8,2.1,10,2,6,166,18667.3,2007.0,Hot-Humid
2016-06-14 11:00:00,Panther_lodging_Marisol,157.0803,32.8,4.0,22.8,1015.7,2.6,11,2,6,166,18667.3,2007.0,Hot-Humid
2016-06-14 12:00:00,Panther_lodging_Marisol,167.2823,33.3,4.0,23.3,1015.6,3.1,12,2,6,166,18667.3,2007.0,Hot-Humid
2016-06-14 13:00:00,Panther_lodging_Marisol,165.0319,33.9,4.0,22.2,1015.1,3.1,13,2,6,166,18667.3,2007.0,Hot-Humid
2016-06-14 14:00:00,Panther_lodging_Marisol,169.3327,34.4,4.0,21.7,1014.5,2.6,14,2,6,166,18667.3,2007.0,Hot-Humid
2016-06-14 15:00:00,Panther_lodging_Marisol,165.3319,34.4,4.0,21.1,1013.5,2.1,15,2,6,166,18667.3,2007.0,Hot-Humid
2016-06-14 16:00:00,Panther_lodging_Marisol,170.1328,34.4,4.0,21.7,1012.9,4.1,16,2,6,166,18667.3,2007.0,Hot-Humid
2016-06-14 17:00:00,Panther_lodging_Marisol,176.43400000000003,33.3,4.666666666666667,21.7,1013.1,3.1,17,2,6,166,18667.3,2007.0,Hot-Humid
2016-06-14 18:00:00,Panther_lodging_Marisol,164.6818,26.7,5.333333333333333,20.0,1014.1,2.6,18,2,6,166,18667.3,2007.0,Hot-Humid
2016-06-14 19:00:00,Panther_lodging_Marisol,163.8316,25.0,6.0,22.8,1015.9,10.3,19,2,6,166,18667.3,2007.0,Hot-Humid
2016-06-14 20:00:00,Panther_lodging_Marisol,178.0344,24.4,6.0,22.2,1016.2,4.6,20,2,6,166,18667.3,2007.0,Hot-Humid
2016-06-14 21:00:00,Panther_lodging_Marisol,179.1346,23.9,6.0,21.7,1016.5,3.1,21,2,6,166,18667.3,2007.0,Hot-Humid
2016-06-14 22:00:00,Panther_lodging_Marisol,183.7855,24.4,6.0,22.8,1016.2,0.0,22,2,6,166,18667.3,2007.0,Hot-Humid
2016-06-14 23:00:00,Panther_lodging_Marisol,175.2338,25.0,6.0,23.3,1016.9,2.1,23,2,6,166,18667.3,2007.0,Hot-Humid
2016-06-15 00:00:00,Panther_lodging_Marisol,165.732,24.4,6.0,23.3,1017.1,1.5,0,3,6,167,18667.3,2007.0,Hot-Humid
2016-06-15 01:00:00,Panther_lodging_Marisol,162.5814,25.0,6.0,23.3,1016.9,2.1,1,3,6,167,18667.3,2007.0,Hot-Humid
2016-06-15 02:00:00,Panther_lodging_Marisol,154.0797,25.0,4.0,22.8,1016.7,1.5,2,3,6,167,18667.3,2007.0,Hot-Humid
2016-06-15 03:00:00,Panther_lodging_Marisol,148.8287,24.4,0.0,23.3,1016.1,2.1,3,3,6,167,18667.3,2007.0,Hot-Humid
2016-06-15 04:00:00,Panther_lodging_Marisol,148.1286,25.0,0.0,23.3,1016.0,2.6,4,3,6,167,18667.3,2007.0,Hot-Humid
2016-06-15 05:00:00,Panther_lodging_Marisol,147.1284,25.0,2.0,23.3,1016.5,1.5,5,3,6,167,18667.3,2007.0,Hot-Humid
2016-06-15 06:00:00,Panther_lodging_Marisol,143.2776,25.0,2.0,23.9,1017.0,2.1,6,3,6,167,18667.3,2007.0,Hot-Humid
2016-06-15 07:00:00,Panther_lodging_Marisol,147.5285,26.1,2.0,24.4,1017.6,3.1,7,3,6,167,18667.3,2007.0,Hot-Humid
2016-06-15 08:00:00,Panther_lodging_Marisol,153.9797,28.9,2.0,23.9,1018.0,4.1,8,3,6,167,18667.3,2007.0,Hot-Humid
2016-06-15 09:00:00,Panther_lodging_Marisol,154.1798,30.0,4.0,23.3,1018.2,4.1,9,3,6,167,18667.3,2007.0,Hot-Humid
2016-06-15 10:00:00,Panther_lodging_Marisol,155.43,31.1,4.0,23.3,1018.3,3.1,10,3,6,167,18667.3,2007.0,Hot-Humid
2016-06-15 11:00:00,Panther_lodging_Marisol,170.3329,32.2,4.0,22.8,1018.2,3.6,11,3,6,167,18667.3,2007.0,Hot-Humid
2016-06-15 12:00:00,Panther_lodging_Marisol,171.8832,33.3,4.0,22.8,1017.8,3.6,12,3,6,167,18667.3,2007.0,Hot-Humid
2016-06-15 13:00:00,Panther_lodging_Marisol,159.5808,33.3,6.0,22.2,1017.1,0.0,13,3,6,167,18667.3,2007.0,Hot-Humid
2016-06-15 14:00:00,Panther_lodging_Marisol,159.5308,29.4,6.0,21.7,1016.7,11.3,14,3,6,167,18667.3,2007.0,Hot-Humid
2016-06-15 15:00:00,Panther_lodging_Marisol,167.5823,27.2,6.0,21.7,1016.5,2.6,15,3,6,167,18667.3,2007.0,Hot-Humid
2016-06-15 16:00:00,Panther_lodging_Marisol,176.28400000000005,31.7,6.0,23.3,1015.4,2.6,16,3,6,167,18667.3,2007.0,Hot-Humid
2016-06-15 17:00:00,Panther_lodging_Marisol,171.3831,32.2,6.0,22.8,1015.0,2.6,17,3,6,167,18667.3,2007.0,Hot-Humid
2016-06-15 18:00:00,Panther_lodging_Marisol,173.2834,30.0,6.0,22.8,1015.2,4.6,18,3,6,167,18667.3,2007.0,Hot-Humid
2016-06-15 19:00:00,Panther_lodging_Marisol,167.5823,27.8,6.0,23.3,1015.7,0.0,19,3,6,167,18667.3,2007.0,Hot-Humid
2016-06-15 20:00:00,Panther_lodging_Marisol,173.3334,27.2,5.0,23.9,1016.0,0.0,20,3,6,167,18667.3,2007.0,Hot-Humid
2016-06-15 21:00:00,Panther_lodging_Marisol,170.7329,26.7,4.0,23.9,1016.3,1.5,21,3,6,167,18667.3,2007.0,Hot-Humid
2016-06-15 22:00:00,Panther_lodging_Marisol,174.3837,26.1,4.5,23.9,1016.7,0.0,22,3,6,167,18667.3,2007.0,Hot-Humid
2016-06-15 23:00:00,Panther_lodging_Marisol,183.1853,26.1,5.0,24.4,1017.2,2.1,23,3,6,167,18667.3,2007.0,Hot-Humid
2016-06-16 00:00:00,Panther_lodging_Marisol,154.6799,25.6,5.5,23.3,1017.2,1.5,0,4,6,168,18667.3,2007.0,Hot-Humid
2016-06-16 01:00:00,Panther_lodging_Marisol,150.6791,26.1,6.0,23.3,1016.8,2.1,1,4,6,168,18667.3,2007.0,Hot-Humid
2016-06-16 02:00:00,Panther_lodging_Marisol,139.4769,25.6,5.0,23.9,1016.2,2.6,2,4,6,168,18667.3,2007.0,Hot-Humid
2016-06-16 03:00:00,Panther_lodging_Marisol,141.4273,25.6,4.0,23.3,1015.8,2.1,3,4,6,168,18667.3,2007.0,Hot-Humid
2016-06-16 04:00:00,Panther_lodging_Marisol,132.1255,25.6,2.0,23.3,1015.9,2.6,4,4,6,168,18667.3,2007.0,Hot-Humid
2016-06-16 05:00:00,Panther_lodging_Marisol,133.0757,25.6,2.0,23.3,1015.9,2.6,5,4,6,168,18667.3,2007.0,Hot-Humid
2016-06-16 06:00:00,Panther_lodging_Marisol,141.7273,25.0,2.0,23.3,1016.0,2.1,6,4,6,168,18667.3,2007.0,Hot-Humid
2016-06-16 07:00:00,Panther_lodging_Marisol,146.1782,26.7,2.0,23.9,1016.3,3.6,7,4,6,168,18667.3,2007.0,Hot-Humid
2016-06-16 08:00:00,Panther_lodging_Marisol,158.0305,28.9,2.0,23.9,1016.8,4.1,8,4,6,168,18667.3,2007.0,Hot-Humid
2016-06-16 09:00:00,Panther_lodging_Marisol,145.9282,30.0,2.0,22.8,1016.9,6.7,9,4,6,168,18667.3,2007.0,Hot-Humid
2016-06-16 10:00:00,Panther_lodging_Marisol,156.1801,31.1,4.0,22.2,1016.6,7.2,10,4,6,168,18667.3,2007.0,Hot-Humid
2016-06-16 11:00:00,Panther_lodging_Marisol,162.5314,32.2,4.0,22.2,1015.7,5.1,11,4,6,168,18667.3,2007.0,Hot-Humid
2016-06-16 12:00:00,Panther_lodging_Marisol,151.8793,32.8,4.0,22.2,1014.8,6.7,12,4,6,168,18667.3,2007.0,Hot-Humid
2016-06-16 13:00:00,Panther_lodging_Marisol,148.6787,33.3,4.0,21.1,1014.7,8.2,13,4,6,168,18667.3,2007.0,Hot-Humid
2016-06-16 14:00:00,Panther_lodging_Marisol,157.1303,33.3,4.333333333333333,22.8,1014.2,5.1,14,4,6,168,18667.3,2007.0,Hot-Humid
2016-06-16 15:00:00,Panther_lodging_Marisol,162.5314,32.2,4.666666666666667,20.6,1013.7,7.2,15,4,6,168,18667.3,2007.0,Hot-Humid
2016-06-16 16:00:00,Panther_lodging_Marisol,159.1307,31.1,5.0,21.7,1014.1,2.1,16,4,6,168,18667.3,2007.0,Hot-Humid
2016-06-16 17:00:00,Panther_lodging_Marisol,180.7849,25.0,5.0,21.7,1014.7,9.3,17,4,6,168,18667.3,2007.0,Hot-Humid
2016-06-16 18:00:00,Panther_lodging_Marisol,178.8845,25.0,5.0,22.2,1014.7,2.1,18,4,6,168,18667.3,2007.0,Hot-Humid
2016-06-16 19:00:00,Panther_lodging_Marisol,172.8333,25.6,6.0,22.8,1014.4,2.6,19,4,6,168,18667.3,2007.0,Hot-Humid
2016-06-16 20:00:00,Panther_lodging_Marisol,164.2817,25.0,5.333333333333333,23.3,1014.3,2.1,20,4,6,168,18667.3,2007.0,Hot-Humid
2016-06-16 21:00:00,Panther_lodging_Marisol,169.9828,25.0,4.666666666666667,23.3,1014.5,3.6,21,4,6,168,18667.3,2007.0,Hot-Humid
2016-06-16 22:00:00,Panther_lodging_Marisol,170.983,25.0,4.0,23.3,1014.3,3.1,22,4,6,168,18667.3,2007.0,Hot-Humid
2016-06-16 23:00:00,Panther_lodging_Marisol,168.2325,25.6,4.0,23.3,1014.6,2.6,23,4,6,168,18667.3,2007.0,Hot-Humid
2016-06-17 00:00:00,Panther_lodging_Marisol,164.3817,25.6,4.0,23.3,1014.2,4.1,0,5,6,169,18667.3,2007.0,Hot-Humid
2016-06-17 01:00:00,Panther_lodging_Marisol,158.9307,25.6,2.0,23.3,1013.8,4.1,1,5,6,169,18667.3,2007.0,Hot-Humid
2016-06-17 02:00:00,Panther_lodging_Marisol,143.2276,25.6,2.0,23.3,1013.1,4.1,2,5,6,169,18667.3,2007.0,Hot-Humid
2016-06-17 03:00:00,Panther_lodging_Marisol,149.9789,25.6,2.0,23.3,1012.8,2.6,3,5,6,169,18667.3,2007.0,Hot-Humid
2016-06-17 04:00:00,Panther_lodging_Marisol,141.7774,25.6,2.0,23.3,1012.9,2.6,4,5,6,169,18667.3,2007.0,Hot-Humid
2016-06-17 05:00:00,Panther_lodging_Marisol,140.3271,25.0,2.0,23.9,1013.2,2.6,5,5,6,169,18667.3,2007.0,Hot-Humid
2016-06-17 06:00:00,Panther_lodging_Marisol,132.3255,25.6,4.0,23.9,1013.4,2.6,6,5,6,169,18667.3,2007.0,Hot-Humid
2016-06-17 07:00:00,Panther_lodging_Marisol,139.3769,26.7,4.0,23.9,1014.0,4.1,7,5,6,169,18667.3,2007.0,Hot-Humid
2016-06-17 08:00:00,Panther_lodging_Marisol,150.329,27.8,4.0,24.4,1014.5,4.6,8,5,6,169,18667.3,2007.0,Hot-Humid
2016-06-17 09:00:00,Panther_lodging_Marisol,154.7299,30.0,4.0,23.3,1014.4,6.2,9,5,6,169,18667.3,2007.0,Hot-Humid
2016-06-17 10:00:00,Panther_lodging_Marisol,150.8791,30.6,4.0,21.7,1014.2,7.7,10,5,6,169,18667.3,2007.0,Hot-Humid
2016-06-17 11:00:00,Panther_lodging_Marisol,151.6793,26.7,4.666666666666667,20.0,1014.3,4.6,11,5,6,169,18667.3,2007.0,Hot-Humid
2016-06-17 12:00:00,Panther_lodging_Marisol,164.9818,27.2,5.333333333333333,20.6,1014.4,5.7,12,5,6,169,18667.3,2007.0,Hot-Humid
2016-06-17 13:00:00,Panther_lodging_Marisol,158.1305,28.9,6.0,19.4,1013.6,5.1,13,5,6,169,18667.3,2007.0,Hot-Humid
2016-06-17 14:00:00,Panther_lodging_Marisol,163.2815,30.0,6.0,20.0,1013.0,5.1,14,5,6,169,18667.3,2007.0,Hot-Humid
2016-06-17 15:00:00,Panther_lodging_Marisol,165.4319,30.6,6.0,17.2,1013.3,5.1,15,5,6,169,18667.3,2007.0,Hot-Humid
2016-06-17 16:00:00,Panther_lodging_Marisol,166.7822,31.7,6.0,18.3,1012.9,5.1,16,5,6,169,18667.3,2007.0,Hot-Humid
2016-06-17 17:00:00,Panther_lodging_Marisol,171.8332,31.1,6.0,17.8,1012.1,6.2,17,5,6,169,18667.3,2007.0,Hot-Humid
2016-06-17 18:00:00,Panther_lodging_Marisol,172.5833,31.1,6.0,16.1,1011.2,7.2,18,5,6,169,18667.3,2007.0,Hot-Humid
2016-06-17 19:00:00,Panther_lodging_Marisol,168.9326,30.0,6.0,17.8,1011.7,3.1,19,5,6,169,18667.3,2007.0,Hot-Humid
2016-06-17 20:00:00,Panther_lodging_Marisol,168.7826,28.9,6.333333333333333,18.9,1012.5,3.1,20,5,6,169,18667.3,2007.0,Hot-Humid
2016-06-17 21:00:00,Panther_lodging_Marisol,177.2842,28.3,6.666666666666667,20.0,1013.1,4.1,21,5,6,169,18667.3,2007.0,Hot-Humid
2016-06-17 22:00:00,Panther_lodging_Marisol,177.4342,27.8,7.0,21.1,1013.8,3.6,22,5,6,169,18667.3,2007.0,Hot-Humid
2016-06-17 23:00:00,Panther_lodging_Marisol,163.8816,27.2,7.0,21.7,1014.3,3.1,23,5,6,169,18667.3,2007.0,Hot-Humid
2016-06-18 00:00:00,Panther_lodging_Marisol,162.2313,26.7,7.0,22.8,1014.8,4.1,0,6,6,170,18667.3,2007.0,Hot-Humid
2016-06-18 01:00:00,Panther_lodging_Marisol,159.1807,26.7,8.0,22.8,1013.8,5.1,1,6,6,170,18667.3,2007.0,Hot-Humid
2016-06-18 02:00:00,Panther_lodging_Marisol,148.3286,26.7,7.666666666666667,23.3,1013.6,2.1,2,6,6,170,18667.3,2007.0,Hot-Humid
2016-06-18 03:00:00,Panther_lodging_Marisol,143.8278,26.1,7.333333333333333,23.3,1013.1,3.1,3,6,6,170,18667.3,2007.0,Hot-Humid
2016-06-18 04:00:00,Panther_lodging_Marisol,137.1765,25.6,7.0,23.3,1012.9,2.6,4,6,6,170,18667.3,2007.0,Hot-Humid
2016-06-18 05:00:00,Panther_lodging_Marisol,133.4258,25.0,7.0,23.3,1013.1,2.6,5,6,6,170,18667.3,2007.0,Hot-Humid
2016-06-18 06:00:00,Panther_lodging_Marisol,138.3767,25.6,7.0,23.9,1014.1,2.1,6,6,6,170,18667.3,2007.0,Hot-Humid
2016-06-18 07:00:00,Panther_lodging_Marisol,138.2767,26.7,6.0,23.9,1014.7,3.1,7,6,6,170,18667.3,2007.0,Hot-Humid
2016-06-18 08:00:00,Panther_lodging_Marisol,145.078,28.3,4.0,23.9,1015.3,3.1,8,6,6,170,18667.3,2007.0,Hot-Humid
2016-06-18 09:00:00,Panther_lodging_Marisol,153.2296,29.4,4.0,23.3,1015.6,4.6,9,6,6,170,18667.3,2007.0,Hot-Humid
2016-06-18 10:00:00,Panther_lodging_Marisol,155.0799,30.6,4.5,22.8,1015.4,3.6,10,6,6,170,18667.3,2007.0,Hot-Humid
2016-06-18 11:00:00,Panther_lodging_Marisol,157.4304,32.8,5.0,21.7,1015.6,3.6,11,6,6,170,18667.3,2007.0,Hot-Humid
2016-06-18 12:00:00,Panther_lodging_Marisol,160.2809,32.8,5.5,21.1,1015.4,4.1,12,6,6,170,18667.3,2007.0,Hot-Humid
2016-06-18 13:00:00,Panther_lodging_Marisol,158.9807,33.3,6.0,21.1,1015.0,2.6,13,6,6,170,18667.3,2007.0,Hot-Humid
2016-06-18 14:00:00,Panther_lodging_Marisol,160.3309,33.9,6.333333333333333,21.1,1014.6,1.5,14,6,6,170,18667.3,2007.0,Hot-Humid
2016-06-18 15:00:00,Panther_lodging_Marisol,163.8816,32.8,6.666666666666667,20.0,1014.4,2.6,15,6,6,170,18667.3,2007.0,Hot-Humid
2016-06-18 16:00:00,Panther_lodging_Marisol,163.3815,22.8,7.0,21.1,1017.4,8.8,16,6,6,170,18667.3,2007.0,Hot-Humid
2016-06-18 17:00:00,Panther_lodging_Marisol,155.43,23.9,7.0,20.6,1016.7,3.1,17,6,6,170,18667.3,2007.0,Hot-Humid
2016-06-18 18:00:00,Panther_lodging_Marisol,154.2298,23.3,7.0,21.1,1017.7,3.6,18,6,6,170,18667.3,2007.0,Hot-Humid
2016-06-18 19:00:00,Panther_lodging_Marisol,166.6822,22.8,8.0,21.1,1018.0,1.5,19,6,6,170,18667.3,2007.0,Hot-Humid
2016-06-18 20:00:00,Panther_lodging_Marisol,160.431,23.3,8.0,20.6,1017.9,0.0,20,6,6,170,18667.3,2007.0,Hot-Humid
2016-06-18 21:00:00,Panther_lodging_Marisol,155.8301,23.3,8.0,21.1,1018.1,3.6,21,6,6,170,18667.3,2007.0,Hot-Humid
2016-06-18 22:00:00,Panther_lodging_Marisol,162.4313,23.3,8.0,21.1,1018.6,0.0,22,6,6,170,18667.3,2007.0,Hot-Humid
2016-06-18 23:00:00,Panther_lodging_Marisol,157.9305,22.8,8.0,21.1,1019.6,0.0,23,6,6,170,18667.3,2007.0,Hot-Humid
2016-06-19 00:00:00,Panther_lodging_Marisol,168.0824,22.8,8.0,21.1,1019.4,1.5,0,7,6,171,18667.3,2007.0,Hot-Humid
2016-06-19 01:00:00,Panther_lodging_Marisol,161.2811,22.8,8.0,21.7,1018.9,2.6,1,7,6,171,18667.3,2007.0,Hot-Humid
2016-06-19 02:00:00,Panther_lodging_Marisol,156.0801,23.3,7.666666666666667,21.7,1018.8,2.1,2,7,6,171,18667.3,2007.0,Hot-Humid
2016-06-19 03:00:00,Panther_lodging_Marisol,146.6783,23.9,7.333333333333333,22.2,1018.3,3.1,3,7,6,171,18667.3,2007.0,Hot-Humid
2016-06-19 04:00:00,Panther_lodging_Marisol,141.3273,23.9,7.0,22.8,1018.2,3.1,4,7,6,171,18667.3,2007.0,Hot-Humid
2016-06-19 05:00:00,Panther_lodging_Marisol,141.7773,23.9,7.0,22.2,1018.5,3.6,5,7,6,171,18667.3,2007.0,Hot-Humid
2016-06-19 06:00:00,Panther_lodging_Marisol,143.4777,23.9,7.0,22.2,1019.0,4.6,6,7,6,171,18667.3,2007.0,Hot-Humid
2016-06-19 07:00:00,Panther_lodging_Marisol,144.4779,23.9,6.0,22.2,1019.5,4.6,7,7,6,171,18667.3,2007.0,Hot-Humid
2016-06-19 08:00:00,Panther_lodging_Marisol,148.6787,25.6,5.0,23.3,1019.85,3.6,8,7,6,171,18667.3,2007.0,Hot-Humid
2016-06-19 09:00:00,Panther_lodging_Marisol,149.1288,27.2,4.0,23.3,1020.2,5.1,9,7,6,171,18667.3,2007.0,Hot-Humid
2016-06-19 10:00:00,Panther_lodging_Marisol,148.7287,28.9,4.0,21.7,1020.4,7.2,10,7,6,171,18667.3,2007.0,Hot-Humid
2016-06-19 11:00:00,Panther_lodging_Marisol,158.8806,30.0,4.666666666666667,22.2,1020.6,7.7,11,7,6,171,18667.3,2007.0,Hot-Humid
2016-06-19 12:00:00,Panther_lodging_Marisol,157.8805,29.4,5.333333333333333,20.0,1020.6,8.8,12,7,6,171,18667.3,2007.0,Hot-Humid
2016-06-19 13:00:00,Panther_lodging_Marisol,158.8306,30.0,6.0,20.0,1020.2,8.2,13,7,6,171,18667.3,2007.0,Hot-Humid
2016-06-19 14:00:00,Panther_lodging_Marisol,152.8295,30.0,6.0,20.0,1020.1,8.8,14,7,6,171,18667.3,2007.0,Hot-Humid
2016-06-19 15:00:00,Panther_lodging_Marisol,156.0301,29.4,6.0,19.4,1020.5,8.8,15,7,6,171,18667.3,2007.0,Hot-Humid
2016-06-19 16:00:00,Panther_lodging_Marisol,171.233,28.9,6.0,19.4,1020.5,7.7,16,7,6,171,18667.3,2007.0,Hot-Humid
2016-06-19 17:00:00,Panther_lodging_Marisol,168.7826,28.9,6.0,17.8,1020.8,8.2,17,7,6,171,18667.3,2007.0,Hot-Humid
2016-06-19 18:00:00,Panther_lodging_Marisol,173.0334,27.8,6.0,18.3,1021.0,8.8,18,7,6,171,18667.3,2007.0,Hot-Humid
2016-06-19 19:00:00,Panther_lodging_Marisol,186.436,26.7,6.0,18.9,1021.2,8.2,19,7,6,171,18667.3,2007.0,Hot-Humid
2016-06-19 20:00:00,Panther_lodging_Marisol,184.7857,25.0,5.333333333333333,20.0,1021.8,4.6,20,7,6,171,18667.3,2007.0,Hot-Humid
2016-06-19 21:00:00,Panther_lodging_Marisol,171.033,25.0,4.666666666666667,19.4,1022.2,4.6,21,7,6,171,18667.3,2007.0,Hot-Humid
2016-06-19 22:00:00,Panther_lodging_Marisol,171.7832,24.4,4.0,19.4,1022.6,3.6,22,7,6,171,18667.3,2007.0,Hot-Humid
2016-06-19 23:00:00,Panther_lodging_Marisol,175.7839,23.9,4.0,19.4,1022.7,3.6,23,7,6,171,18667.3,2007.0,Hot-Humid
2016-06-20 00:00:00,Panther_lodging_Marisol,171.233,23.3,4.0,20.0,1022.4,3.1,0,1,6,172,18667.3,2007.0,Hot-Humid
2016-06-20 01:00:00,Panther_lodging_Marisol,145.7781,23.9,6.0,19.4,1022.2,4.1,1,1,6,172,18667.3,2007.0,Hot-Humid
2016-06-20 02:00:00,Panther_lodging_Marisol,139.2769,23.3,6.0,19.4,1021.8,4.1,2,1,6,172,18667.3,2007.0,Hot-Humid
2016-06-20 03:00:00,Panther_lodging_Marisol,143.8278,23.9,6.0,19.4,1021.7,2.6,3,1,6,172,18667.3,2007.0,Hot-Humid
2016-06-20 04:00:00,Panther_lodging_Marisol,139.92700000000002,23.3,6.0,20.6,1021.6,3.1,4,1,6,172,18667.3,2007.0,Hot-Humid
2016-06-20 05:00:00,Panther_lodging_Marisol,145.6281,23.3,6.0,19.4,1021.5,5.1,5,1,6,172,18667.3,2007.0,Hot-Humid
2016-06-20 06:00:00,Panther_lodging_Marisol,142.4275,23.3,6.0,18.9,1021.8,5.1,6,1,6,172,18667.3,2007.0,Hot-Humid
2016-06-20 07:00:00,Panther_lodging_Marisol,149.8289,23.9,6.0,18.3,1022.3,4.1,7,1,6,172,18667.3,2007.0,Hot-Humid
2016-06-20 08:00:00,Panther_lodging_Marisol,161.3811,25.6,6.0,17.8,1022.6,4.6,8,1,6,172,18667.3,2007.0,Hot-Humid
2016-06-20 09:00:00,Panther_lodging_Marisol,158.9807,27.2,6.0,17.8,1022.7,6.2,9,1,6,172,18667.3,2007.0,Hot-Humid
2016-06-20 10:00:00,Panther_lodging_Marisol,168.1825,28.3,6.0,17.8,1023.1,4.6,10,1,6,172,18667.3,2007.0,Hot-Humid
2016-06-20 11:00:00,Panther_lodging_Marisol,168.6826,29.4,6.0,16.7,1023.0,5.7,11,1,6,172,18667.3,2007.0,Hot-Humid
2016-06-20 12:00:00,Panther_lodging_Marisol,176.234,29.4,6.0,17.2,1022.5,5.7,12,1,6,172,18667.3,2007.0,Hot-Humid
2016-06-20 13:00:00,Panther_lodging_Marisol,163.5316,30.0,6.0,17.2,1022.1,6.7,13,1,6,172,18667.3,2007.0,Hot-Humid
2016-06-20 14:00:00,Panther_lodging_Marisol,166.8322,28.9,5.5,16.1,1021.9,6.2,14,1,6,172,18667.3,2007.0,Hot-Humid
2016-06-20 15:00:00,Panther_lodging_Marisol,177.3842,29.4,5.0,15.6,1021.3,6.7,15,1,6,172,18667.3,2007.0,Hot-Humid
2016-06-20 16:00:00,Panther_lodging_Marisol,172.3833,28.9,4.5,15.0,1021.1,5.1,16,1,6,172,18667.3,2007.0,Hot-Humid
2016-06-20 17:00:00,Panther_lodging_Marisol,176.03400000000005,28.9,4.0,15.0,1020.9,6.2,17,1,6,172,18667.3,2007.0,Hot-Humid
2016-06-20 18:00:00,Panther_lodging_Marisol,173.0334,28.3,2.0,13.3,1020.6,5.7,18,1,6,172,18667.3,2007.0,Hot-Humid
2016-06-20 19:00:00,Panther_lodging_Marisol,167.1323,26.7,2.0,15.6,1021.3,4.6,19,1,6,172,18667.3,2007.0,Hot-Humid
2016-06-20 20:00:00,Panther_lodging_Marisol,176.384,25.0,2.0,15.0,1021.6,4.6,20,1,6,172,18667.3,2007.0,Hot-Humid
2016-06-20 21:00:00,Panther_lodging_Marisol,178.8345,23.9,0.0,15.0,1021.9,3.6,21,1,6,172,18667.3,2007.0,Hot-Humid
2016-06-20 22:00:00,Panther_lodging_Marisol,176.234,23.3,0.0,15.6,1021.9,3.6,22,1,6,172,18667.3,2007.0,Hot-Humid
2016-06-20 23:00:00,Panther_lodging_Marisol,175.3338,22.8,2.0,15.6,1021.8,3.6,23,1,6,172,18667.3,2007.0,Hot-Humid
2016-06-21 00:00:00,Panther_lodging_Marisol,168.9826,22.2,0.0,16.1,1020.9,3.1,0,2,6,173,18667.3,2007.0,Hot-Humid
2016-06-21 01:00:00,Panther_lodging_Marisol,155.38,21.1,0.0,16.1,1020.4,2.6,1,2,6,173,18667.3,2007.0,Hot-Humid
2016-06-21 02:00:00,Panther_lodging_Marisol,144.8779,20.6,0.0,16.7,1020.1,2.1,2,2,6,173,18667.3,2007.0,Hot-Humid
2016-06-21 03:00:00,Panther_lodging_Marisol,154.3798,20.6,2.0,16.7,1020.0,2.6,3,2,6,173,18667.3,2007.0,Hot-Humid
2016-06-21 04:00:00,Panther_lodging_Marisol,151.0292,20.0,4.0,16.7,1020.1,2.1,4,2,6,173,18667.3,2007.0,Hot-Humid
2016-06-21 05:00:00,Panther_lodging_Marisol,141.8774,20.0,2.0,17.2,1020.3,3.1,5,2,6,173,18667.3,2007.0,Hot-Humid
2016-06-21 06:00:00,Panther_lodging_Marisol,152.6795,20.6,2.0,17.2,1020.9,1.5,6,2,6,173,18667.3,2007.0,Hot-Humid
2016-06-21 07:00:00,Panther_lodging_Marisol,154.6298,22.8,4.0,18.3,1021.2,3.6,7,2,6,173,18667.3,2007.0,Hot-Humid
2016-06-21 08:00:00,Panther_lodging_Marisol,162.3313,25.6,4.0,18.3,1021.2,3.1,8,2,6,173,18667.3,2007.0,Hot-Humid
2016-06-21 09:00:00,Panther_lodging_Marisol,167.0322,27.8,4.0,19.4,1021.0,5.1,9,2,6,173,18667.3,2007.0,Hot-Humid
2016-06-21 10:00:00,Panther_lodging_Marisol,157.4304,28.9,4.0,18.9,1020.8,4.6,10,2,6,173,18667.3,2007.0,Hot-Humid
2016-06-21 11:00:00,Panther_lodging_Marisol,172.0332,28.9,4.0,18.3,1020.6,5.7,11,2,6,173,18667.3,2007.0,Hot-Humid
2016-06-21 12:00:00,Panther_lodging_Marisol,167.5823,29.4,4.0,18.9,1020.1,4.6,12,2,6,173,18667.3,2007.0,Hot-Humid
2016-06-21 13:00:00,Panther_lodging_Marisol,160.381,30.0,6.0,19.4,1019.9,5.1,13,2,6,173,18667.3,2007.0,Hot-Humid
2016-06-21 14:00:00,Panther_lodging_Marisol,163.9316,30.0,4.0,19.4,1019.6,4.1,14,2,6,173,18667.3,2007.0,Hot-Humid
2016-06-21 15:00:00,Panther_lodging_Marisol,165.532,30.6,4.0,18.9,1018.9,6.2,15,2,6,173,18667.3,2007.0,Hot-Humid
2016-06-21 16:00:00,Panther_lodging_Marisol,165.3319,30.0,4.0,19.4,1018.4,6.2,16,2,6,173,18667.3,2007.0,Hot-Humid
2016-06-21 17:00:00,Panther_lodging_Marisol,166.032,28.3,4.0,18.9,1017.9,5.1,17,2,6,173,18667.3,2007.0,Hot-Humid
2016-06-21 18:00:00,Panther_lodging_Marisol,170.6829,28.3,4.0,18.9,1017.9,5.1,18,2,6,173,18667.3,2007.0,Hot-Humid
2016-06-21 19:00:00,Panther_lodging_Marisol,165.1319,27.2,2.0,18.9,1018.3,5.7,19,2,6,173,18667.3,2007.0,Hot-Humid
2016-06-21 20:00:00,Panther_lodging_Marisol,175.4839,25.6,2.0,18.9,1018.7,4.6,20,2,6,173,18667.3,2007.0,Hot-Humid
2016-06-21 21:00:00,Panther_lodging_Marisol,190.8868,25.0,4.0,18.9,1020.0,3.1,21,2,6,173,18667.3,2007.0,Hot-Humid
2016-06-21 22:00:00,Panther_lodging_Marisol,179.9347,23.9,4.0,18.3,1020.5,2.1,22,2,6,173,18667.3,2007.0,Hot-Humid
2016-06-21 23:00:00,Panther_lodging_Marisol,177.4342,23.3,2.0,18.9,1020.7,2.1,23,2,6,173,18667.3,2007.0,Hot-Humid
2016-06-22 00:00:00,Panther_lodging_Marisol,174.0836,23.3,0.0,18.9,1020.5,2.6,0,3,6,174,18667.3,2007.0,Hot-Humid
2016-06-22 01:00:00,Panther_lodging_Marisol,167.2823,22.8,2.0,19.4,1020.0,2.6,1,3,6,174,18667.3,2007.0,Hot-Humid
2016-06-22 02:00:00,Panther_lodging_Marisol,169.6827,22.8,2.0,18.9,1019.7,3.1,2,3,6,174,18667.3,2007.0,Hot-Humid
2016-06-22 03:00:00,Panther_lodging_Marisol,140.6271,22.8,2.0,19.4,1019.2,3.1,3,3,6,174,18667.3,2007.0,Hot-Humid
2016-06-22 04:00:00,Panther_lodging_Marisol,136.8764,21.7,0.0,18.9,1019.1,2.1,4,3,6,174,18667.3,2007.0,Hot-Humid
2016-06-22 05:00:00,Panther_lodging_Marisol,140.6271,22.2,2.0,18.9,1019.1,2.1,5,3,6,174,18667.3,2007.0,Hot-Humid
2016-06-22 06:00:00,Panther_lodging_Marisol,142.3775,22.8,2.0,18.9,1019.7,0.0,6,3,6,174,18667.3,2007.0,Hot-Humid
2016-06-22 07:00:00,Panther_lodging_Marisol,149.8289,24.4,2.0,19.4,1020.0,2.1,7,3,6,174,18667.3,2007.0,Hot-Humid
2016-06-22 08:00:00,Panther_lodging_Marisol,162.8814,26.7,2.0,20.6,1020.3,2.6,8,3,6,174,18667.3,2007.0,Hot-Humid
2016-06-22 09:00:00,Panther_lodging_Marisol,165.5819,28.3,2.0,18.3,1020.2,2.1,9,3,6,174,18667.3,2007.0,Hot-Humid
2016-06-22 10:00:00,Panther_lodging_Marisol,176.5841,30.0,2.0,17.8,1020.3,3.1,10,3,6,174,18667.3,2007.0,Hot-Humid
2016-06-22 11:00:00,Panther_lodging_Marisol,176.5341,30.6,4.0,16.7,1020.3,0.0,11,3,6,174,18667.3,2007.0,Hot-Humid
2016-06-22 12:00:00,Panther_lodging_Marisol,181.8851,31.7,4.0,16.7,1020.0,1.5,12,3,6,174,18667.3,2007.0,Hot-Humid
2016-06-22 13:00:00,Panther_lodging_Marisol,178.8345,32.2,4.0,17.2,1020.0,2.1,13,3,6,174,18667.3,2007.0,Hot-Humid
2016-06-22 14:00:00,Panther_lodging_Marisol,185.2858,33.3,4.0,17.8,1019.5,0.0,14,3,6,174,18667.3,2007.0,Hot-Humid
2016-06-22 15:00:00,Panther_lodging_Marisol,180.1348,32.8,4.0,18.3,1018.7,0.0,15,3,6,174,18667.3,2007.0,Hot-Humid
2016-06-22 16:00:00,Panther_lodging_Marisol,183.8355,32.2,4.0,20.0,1018.1,5.1,16,3,6,174,18667.3,2007.0,Hot-Humid
2016-06-22 17:00:00,Panther_lodging_Marisol,175.0338,32.2,4.0,21.1,1018.2,5.7,17,3,6,174,18667.3,2007.0,Hot-Humid
2016-06-22 18:00:00,Panther_lodging_Marisol,168.0324,30.0,4.0,22.2,1018.4,5.7,18,3,6,174,18667.3,2007.0,Hot-Humid
2016-06-22 19:00:00,Panther_lodging_Marisol,177.3842,28.9,2.0,22.2,1018.7,4.1,19,3,6,174,18667.3,2007.0,Hot-Humid
2016-06-22 20:00:00,Panther_lodging_Marisol,180.9349,27.8,2.0,21.7,1019.8,3.6,20,3,6,174,18667.3,2007.0,Hot-Humid
2016-06-22 21:00:00,Panther_lodging_Marisol,176.484,27.2,2.0,22.2,1020.3,4.1,21,3,6,174,18667.3,2007.0,Hot-Humid
2016-06-22 22:00:00,Panther_lodging_Marisol,173.9336,26.1,4.0,22.8,1021.3,2.1,22,3,6,174,18667.3,2007.0,Hot-Humid
2016-06-22 23:00:00,Panther_lodging_Marisol,183.1353,26.1,4.0,23.3,1021.2,3.6,23,3,6,174,18667.3,2007.0,Hot-Humid
2016-06-23 00:00:00,Panther_lodging_Marisol,166.7822,26.1,4.0,23.3,1021.2,2.1,0,4,6,175,18667.3,2007.0,Hot-Humid
2016-06-23 01:00:00,Panther_lodging_Marisol,153.6296,25.6,2.0,23.3,1020.3,1.5,1,4,6,175,18667.3,2007.0,Hot-Humid
2016-06-23 02:00:00,Panther_lodging_Marisol,148.0286,24.4,2.0,23.3,1019.8,1.5,2,4,6,175,18667.3,2007.0,Hot-Humid
2016-06-23 03:00:00,Panther_lodging_Marisol,152.0793,23.9,2.0,22.8,1019.1,1.5,3,4,6,175,18667.3,2007.0,Hot-Humid
2016-06-23 04:00:00,Panther_lodging_Marisol,153.3796,23.9,0.0,22.8,1018.8,1.5,4,4,6,175,18667.3,2007.0,Hot-Humid
2016-06-23 05:00:00,Panther_lodging_Marisol,137.4765,23.9,2.0,23.3,1019.2,1.5,5,4,6,175,18667.3,2007.0,Hot-Humid
2016-06-23 06:00:00,Panther_lodging_Marisol,139.877,23.9,2.0,23.3,1019.3,0.0,6,4,6,175,18667.3,2007.0,Hot-Humid
2016-06-23 07:00:00,Panther_lodging_Marisol,143.8778,25.6,2.0,24.4,1020.0,0.0,7,4,6,175,18667.3,2007.0,Hot-Humid
2016-06-23 08:00:00,Panther_lodging_Marisol,149.3288,27.2,4.0,23.9,1020.6,1.5,8,4,6,175,18667.3,2007.0,Hot-Humid
2016-06-23 09:00:00,Panther_lodging_Marisol,152.2294,28.9,2.0,22.8,1021.0,0.0,9,4,6,175,18667.3,2007.0,Hot-Humid
2016-06-23 10:00:00,Panther_lodging_Marisol,156.8303,30.6,4.0,23.3,1021.0,1.5,10,4,6,175,18667.3,2007.0,Hot-Humid
2016-06-23 11:00:00,Panther_lodging_Marisol,156.0301,32.8,4.0,22.2,1020.9,1.5,11,4,6,175,18667.3,2007.0,Hot-Humid
2016-06-23 12:00:00,Panther_lodging_Marisol,160.58100000000005,31.7,4.0,21.1,1020.5,0.0,12,4,6,175,18667.3,2007.0,Hot-Humid
2016-06-23 13:00:00,Panther_lodging_Marisol,148.2286,33.3,4.0,22.2,1019.6,2.1,13,4,6,175,18667.3,2007.0,Hot-Humid
2016-06-23 14:00:00,Panther_lodging_Marisol,161.7812,32.8,4.0,21.1,1018.9,3.6,14,4,6,175,18667.3,2007.0,Hot-Humid
2016-06-23 15:00:00,Panther_lodging_Marisol,167.3323,34.4,4.0,20.6,1018.1,2.1,15,4,6,175,18667.3,2007.0,Hot-Humid
2016-06-23 16:00:00,Panther_lodging_Marisol,164.3317,33.3,4.0,22.8,1018.0,7.2,16,4,6,175,18667.3,2007.0,Hot-Humid
2016-06-23 17:00:00,Panther_lodging_Marisol,170.4829,32.8,4.0,22.2,1017.3,5.1,17,4,6,175,18667.3,2007.0,Hot-Humid
2016-06-23 18:00:00,Panther_lodging_Marisol,166.5321,31.7,4.0,21.7,1017.4,6.2,18,4,6,175,18667.3,2007.0,Hot-Humid
2016-06-23 19:00:00,Panther_lodging_Marisol,173.0334,30.0,2.0,21.1,1017.6,5.1,19,4,6,175,18667.3,2007.0,Hot-Humid
2016-06-23 20:00:00,Panther_lodging_Marisol,183.2354,28.3,2.0,22.2,1017.9,3.6,20,4,6,175,18667.3,2007.0,Hot-Humid
2016-06-23 21:00:00,Panther_lodging_Marisol,186.586,27.8,2.0,22.8,1018.3,4.6,21,4,6,175,18667.3,2007.0,Hot-Humid
2016-06-23 22:00:00,Panther_lodging_Marisol,184.3856,26.7,2.0,23.3,1019.0,3.1,22,4,6,175,18667.3,2007.0,Hot-Humid
2016-06-23 23:00:00,Panther_lodging_Marisol,170.4329,25.6,4.0,23.3,1019.4,2.6,23,4,6,175,18667.3,2007.0,Hot-Humid
2016-06-24 00:00:00,Panther_lodging_Marisol,167.3823,26.1,4.0,23.9,1019.5,0.0,0,5,6,176,18667.3,2007.0,Hot-Humid
2016-06-24 01:00:00,Panther_lodging_Marisol,151.3292,25.0,2.0,23.3,1019.2,2.1,1,5,6,176,18667.3,2007.0,Hot-Humid
2016-06-24 02:00:00,Panther_lodging_Marisol,139.1268,24.4,2.0,23.3,1018.5,1.5,2,5,6,176,18667.3,2007.0,Hot-Humid
2016-06-24 03:00:00,Panther_lodging_Marisol,142.7775,25.0,2.0,23.9,1018.5,0.0,3,5,6,176,18667.3,2007.0,Hot-Humid
2016-06-24 04:00:00,Panther_lodging_Marisol,142.6775,23.3,2.0,22.8,1018.2,1.5,4,5,6,176,18667.3,2007.0,Hot-Humid
2016-06-24 05:00:00,Panther_lodging_Marisol,142.4275,23.9,2.0,23.3,1018.4,0.0,5,5,6,176,18667.3,2007.0,Hot-Humid
2016-06-24 06:00:00,Panther_lodging_Marisol,148.1286,23.9,2.0,23.3,1018.9,1.5,6,5,6,176,18667.3,2007.0,Hot-Humid
2016-06-24 07:00:00,Panther_lodging_Marisol,138.7268,25.6,2.0,24.4,1019.4,2.1,7,5,6,176,18667.3,2007.0,Hot-Humid
2016-06-24 08:00:00,Panther_lodging_Marisol,140.3271,27.8,2.0,23.3,1019.8,3.1,8,5,6,176,18667.3,2007.0,Hot-Humid
2016-06-24 09:00:00,Panther_lodging_Marisol,142.3275,29.4,2.0,22.8,1019.9,2.6,9,5,6,176,18667.3,2007.0,Hot-Humid
2016-06-24 10:00:00,Panther_lodging_Marisol,153.3796,30.6,2.0,23.3,1020.0,2.6,10,5,6,176,18667.3,2007.0,Hot-Humid
2016-06-24 11:00:00,Panther_lodging_Marisol,148.1786,32.2,2.0,22.8,1019.7,1.5,11,5,6,176,18667.3,2007.0,Hot-Humid
2016-06-24 12:00:00,Panther_lodging_Marisol,152.0294,33.3,4.0,22.2,1019.0,2.6,12,5,6,176,18667.3,2007.0,Hot-Humid
2016-06-24 13:00:00,Panther_lodging_Marisol,153.1796,34.4,4.0,21.1,1018.4,3.1,13,5,6,176,18667.3,2007.0,Hot-Humid
2016-06-24 14:00:00,Panther_lodging_Marisol,159.2307,35.6,4.0,20.0,1017.9,2.6,14,5,6,176,18667.3,2007.0,Hot-Humid
2016-06-24 15:00:00,Panther_lodging_Marisol,167.0322,34.4,4.0,20.6,1017.5,1.5,15,5,6,176,18667.3,2007.0,Hot-Humid
2016-06-24 16:00:00,Panther_lodging_Marisol,157.2804,34.4,4.0,20.6,1016.8,2.6,16,5,6,176,18667.3,2007.0,Hot-Humid
2016-06-24 17:00:00,Panther_lodging_Marisol,167.8324,34.4,4.0,21.1,1016.4,3.1,17,5,6,176,18667.3,2007.0,Hot-Humid
2016-06-24 18:00:00,Panther_lodging_Marisol,172.2833,33.3,4.0,21.7,1016.4,4.6,18,5,6,176,18667.3,2007.0,Hot-Humid
2016-06-24 19:00:00,Panther_lodging_Marisol,164.7318,31.1,4.0,22.2,1016.6,3.6,19,5,6,176,18667.3,2007.0,Hot-Humid
2016-06-24 20:00:00,Panther_lodging_Marisol,182.8353,30.0,4.0,23.3,1017.4,3.6,20,5,6,176,18667.3,2007.0,Hot-Humid
2016-06-24 21:00:00,Panther_lodging_Marisol,174.0336,28.9,4.0,23.9,1018.1,1.5,21,5,6,176,18667.3,2007.0,Hot-Humid
2016-06-24 22:00:00,Panther_lodging_Marisol,179.4346,28.3,4.0,23.3,1018.8,3.1,22,5,6,176,18667.3,2007.0,Hot-Humid
2016-06-24 23:00:00,Panther_lodging_Marisol,160.9811,28.3,4.0,23.3,1019.2,2.6,23,5,6,176,18667.3,2007.0,Hot-Humid
2016-06-25 00:00:00,Panther_lodging_Marisol,167.0822,27.2,4.0,22.8,1018.9,2.6,0,6,6,177,18667.3,2007.0,Hot-Humid
2016-06-25 01:00:00,Panther_lodging_Marisol,155.53,26.1,4.0,23.3,1018.6,2.6,1,6,6,177,18667.3,2007.0,Hot-Humid
2016-06-25 02:00:00,Panther_lodging_Marisol,159.4308,25.6,3.5,23.3,1017.9,2.6,2,6,6,177,18667.3,2007.0,Hot-Humid
2016-06-25 03:00:00,Panther_lodging_Marisol,155.48,25.6,3.0,23.9,1017.5,2.6,3,6,6,177,18667.3,2007.0,Hot-Humid
2016-06-25 04:00:00,Panther_lodging_Marisol,148.9787,25.6,2.5,23.9,1017.7,1.5,4,6,6,177,18667.3,2007.0,Hot-Humid
2016-06-25 05:00:00,Panther_lodging_Marisol,139.67700000000002,25.0,2.0,23.3,1018.0,0.0,5,6,6,177,18667.3,2007.0,Hot-Humid
2016-06-25 06:00:00,Panther_lodging_Marisol,138.7268,25.6,2.0,23.9,1018.7,1.5,6,6,6,177,18667.3,2007.0,Hot-Humid
2016-06-25 07:00:00,Panther_lodging_Marisol,146.5283,26.1,4.0,24.4,1019.1,3.1,7,6,6,177,18667.3,2007.0,Hot-Humid
2016-06-25 08:00:00,Panther_lodging_Marisol,139.977,28.3,4.0,23.9,1019.8,2.6,8,6,6,177,18667.3,2007.0,Hot-Humid
2016-06-25 09:00:00,Panther_lodging_Marisol,147.5785,29.4,4.0,22.8,1019.7,3.6,9,6,6,177,18667.3,2007.0,Hot-Humid
2016-06-25 10:00:00,Panther_lodging_Marisol,154.6799,30.0,4.0,23.3,1020.0,3.1,10,6,6,177,18667.3,2007.0,Hot-Humid
2016-06-25 11:00:00,Panther_lodging_Marisol,166.3321,31.7,4.0,22.2,1019.8,2.6,11,6,6,177,18667.3,2007.0,Hot-Humid
2016-06-25 12:00:00,Panther_lodging_Marisol,165.0819,33.3,4.0,21.7,1019.3,0.0,12,6,6,177,18667.3,2007.0,Hot-Humid
2016-06-25 13:00:00,Panther_lodging_Marisol,155.18,33.3,6.0,21.7,1018.7,3.1,13,6,6,177,18667.3,2007.0,Hot-Humid
2016-06-25 14:00:00,Panther_lodging_Marisol,162.2313,34.4,5.333333333333333,21.1,1018.1,0.0,14,6,6,177,18667.3,2007.0,Hot-Humid
2016-06-25 15:00:00,Panther_lodging_Marisol,181.6851,33.9,4.666666666666667,20.0,1017.7,1.5,15,6,6,177,18667.3,2007.0,Hot-Humid
2016-06-25 16:00:00,Panther_lodging_Marisol,178.3844,35.0,4.0,20.0,1017.2,3.6,16,6,6,177,18667.3,2007.0,Hot-Humid
2016-06-25 17:00:00,Panther_lodging_Marisol,183.3354,35.0,4.0,19.4,1016.5,3.1,17,6,6,177,18667.3,2007.0,Hot-Humid
2016-06-25 18:00:00,Panther_lodging_Marisol,168.4325,33.9,4.0,19.4,1016.8,2.6,18,6,6,177,18667.3,2007.0,Hot-Humid
2016-06-25 19:00:00,Panther_lodging_Marisol,165.0319,31.7,4.0,22.8,1017.2,3.1,19,6,6,177,18667.3,2007.0,Hot-Humid
2016-06-25 20:00:00,Panther_lodging_Marisol,155.18,30.6,4.0,23.3,1017.7,3.6,20,6,6,177,18667.3,2007.0,Hot-Humid
2016-06-25 21:00:00,Panther_lodging_Marisol,161.8312,28.9,4.4,23.3,1018.6,2.6,21,6,6,177,18667.3,2007.0,Hot-Humid
2016-06-25 22:00:00,Panther_lodging_Marisol,173.0834,28.9,4.8,23.3,1019.0,3.1,22,6,6,177,18667.3,2007.0,Hot-Humid
2016-06-25 23:00:00,Panther_lodging_Marisol,176.28400000000005,27.8,5.2,23.3,1019.1,3.6,23,6,6,177,18667.3,2007.0,Hot-Humid
2016-06-26 00:00:00,Panther_lodging_Marisol,166.082,26.7,5.2,23.3,1018.9,2.6,0,7,6,178,18667.3,2007.0,Hot-Humid
2016-06-26 01:00:00,Panther_lodging_Marisol,158.8306,26.7,6.0,22.8,1018.6,2.6,1,7,6,178,18667.3,2007.0,Hot-Humid
2016-06-26 02:00:00,Panther_lodging_Marisol,147.6285,26.1,5.0,22.8,1018.3,2.6,2,7,6,178,18667.3,2007.0,Hot-Humid
2016-06-26 03:00:00,Panther_lodging_Marisol,151.7793,25.6,4.0,23.3,1018.3,2.1,3,7,6,178,18667.3,2007.0,Hot-Humid
2016-06-26 04:00:00,Panther_lodging_Marisol,148.5287,25.6,4.0,23.3,1018.4,0.0,4,7,6,178,18667.3,2007.0,Hot-Humid
2016-06-26 05:00:00,Panther_lodging_Marisol,144.3779,25.0,2.0,23.3,1018.6,0.0,5,7,6,178,18667.3,2007.0,Hot-Humid
2016-06-26 06:00:00,Panther_lodging_Marisol,143.1276,25.0,4.0,23.9,1019.2,0.0,6,7,6,178,18667.3,2007.0,Hot-Humid
2016-06-26 07:00:00,Panther_lodging_Marisol,144.0778,26.7,4.0,24.4,1019.5,2.1,7,7,6,178,18667.3,2007.0,Hot-Humid
2016-06-26 08:00:00,Panther_lodging_Marisol,142.9776,28.9,4.0,23.3,1019.7,2.6,8,7,6,178,18667.3,2007.0,Hot-Humid
2016-06-26 09:00:00,Panther_lodging_Marisol,155.1299,30.6,4.0,23.3,1019.9,0.0,9,7,6,178,18667.3,2007.0,Hot-Humid
2016-06-26 10:00:00,Panther_lodging_Marisol,154.7299,31.7,4.0,23.3,1019.9,0.0,10,7,6,178,18667.3,2007.0,Hot-Humid
2016-06-26 11:00:00,Panther_lodging_Marisol,164.2817,29.4,4.0,23.3,1019.8,9.3,11,7,6,178,18667.3,2007.0,Hot-Humid
2016-06-26 12:00:00,Panther_lodging_Marisol,172.3333,27.8,4.0,22.2,1020.0,3.1,12,7,6,178,18667.3,2007.0,Hot-Humid
2016-06-26 13:00:00,Panther_lodging_Marisol,168.9826,32.8,4.0,23.3,1018.6,3.1,13,7,6,178,18667.3,2007.0,Hot-Humid
2016-06-26 14:00:00,Panther_lodging_Marisol,179.2846,33.3,4.333333333333333,22.8,1017.9,4.6,14,7,6,178,18667.3,2007.0,Hot-Humid
2016-06-26 15:00:00,Panther_lodging_Marisol,170.1328,29.4,4.666666666666667,21.7,1019.3,7.2,15,7,6,178,18667.3,2007.0,Hot-Humid
2016-06-26 16:00:00,Panther_lodging_Marisol,171.9832,23.3,5.0,21.1,1020.2,7.7,16,7,6,178,18667.3,2007.0,Hot-Humid
2016-06-26 17:00:00,Panther_lodging_Marisol,180.0347,24.4,5.0,21.7,1018.4,3.1,17,7,6,178,18667.3,2007.0,Hot-Humid
2016-06-26 18:00:00,Panther_lodging_Marisol,177.8343,26.1,5.0,21.1,1017.8,0.0,18,7,6,178,18667.3,2007.0,Hot-Humid
2016-06-26 19:00:00,Panther_lodging_Marisol,188.3363,26.1,6.0,22.2,1018.0,2.1,19,7,6,178,18667.3,2007.0,Hot-Humid
2016-06-26 20:00:00,Panther_lodging_Marisol,182.1352,25.0,5.666666666666667,22.8,1018.7,0.0,20,7,6,178,18667.3,2007.0,Hot-Humid
2016-06-26 21:00:00,Panther_lodging_Marisol,181.185,24.4,5.333333333333333,22.2,1018.9,2.1,21,7,6,178,18667.3,2007.0,Hot-Humid
2016-06-26 22:00:00,Panther_lodging_Marisol,179.4846,24.4,5.0,21.7,1018.9,1.5,22,7,6,178,18667.3,2007.0,Hot-Humid
2016-06-26 23:00:00,Panther_lodging_Marisol,185.3358,24.4,5.0,21.7,1018.8,0.0,23,7,6,178,18667.3,2007.0,Hot-Humid
2016-06-27 00:00:00,Panther_lodging_Marisol,171.5331,22.8,5.0,21.7,1018.7,1.5,0,1,6,179,18667.3,2007.0,Hot-Humid
2016-06-27 01:00:00,Panther_lodging_Marisol,155.43,23.3,4.0,22.2,1018.1,1.5,1,1,6,179,18667.3,2007.0,Hot-Humid
2016-06-27 02:00:00,Panther_lodging_Marisol,150.8291,22.8,2.0,21.7,1017.7,0.0,2,1,6,179,18667.3,2007.0,Hot-Humid
2016-06-27 03:00:00,Panther_lodging_Marisol,153.8297,22.8,4.0,21.7,1017.6,0.0,3,1,6,179,18667.3,2007.0,Hot-Humid
2016-06-27 04:00:00,Panther_lodging_Marisol,144.4779,23.3,0.0,21.7,1017.8,0.0,4,1,6,179,18667.3,2007.0,Hot-Humid
2016-06-27 05:00:00,Panther_lodging_Marisol,148.3286,22.8,2.0,21.7,1018.1,0.0,5,1,6,179,18667.3,2007.0,Hot-Humid
2016-06-27 06:00:00,Panther_lodging_Marisol,144.928,23.9,2.0,21.7,1018.1,2.1,6,1,6,179,18667.3,2007.0,Hot-Humid
2016-06-27 07:00:00,Panther_lodging_Marisol,146.4283,25.0,2.0,22.2,1018.4,1.5,7,1,6,179,18667.3,2007.0,Hot-Humid
2016-06-27 08:00:00,Panther_lodging_Marisol,145.7281,27.2,2.0,22.2,1018.7,0.0,8,1,6,179,18667.3,2007.0,Hot-Humid
2016-06-27 09:00:00,Panther_lodging_Marisol,159.2307,28.9,2.0,22.2,1018.5,2.1,9,1,6,179,18667.3,2007.0,Hot-Humid
2016-06-27 10:00:00,Panther_lodging_Marisol,150.029,30.0,4.0,21.7,1018.7,1.5,10,1,6,179,18667.3,2007.0,Hot-Humid
2016-06-27 11:00:00,Panther_lodging_Marisol,166.3821,30.6,4.0,22.2,1018.5,2.1,11,1,6,179,18667.3,2007.0,Hot-Humid
2016-06-27 12:00:00,Panther_lodging_Marisol,167.2323,31.7,4.0,21.1,1017.8,2.1,12,1,6,179,18667.3,2007.0,Hot-Humid
2016-06-27 13:00:00,Panther_lodging_Marisol,161.7312,32.2,4.0,20.6,1017.2,0.0,13,1,6,179,18667.3,2007.0,Hot-Humid
2016-06-27 14:00:00,Panther_lodging_Marisol,174.2336,33.3,4.0,20.0,1016.2,0.0,14,1,6,179,18667.3,2007.0,Hot-Humid
2016-06-27 15:00:00,Panther_lodging_Marisol,169.1826,33.3,4.4,20.0,1015.4,2.1,15,1,6,179,18667.3,2007.0,Hot-Humid
2016-06-27 16:00:00,Panther_lodging_Marisol,181.6851,28.3,4.8,20.6,1015.4,6.7,16,1,6,179,18667.3,2007.0,Hot-Humid
2016-06-27 17:00:00,Panther_lodging_Marisol,176.6841,29.4,5.2,21.1,1015.2,3.6,17,1,6,179,18667.3,2007.0,Hot-Humid
2016-06-27 18:00:00,Panther_lodging_Marisol,181.7351,30.0,5.2,22.8,1015.4,3.6,18,1,6,179,18667.3,2007.0,Hot-Humid
2016-06-27 19:00:00,Panther_lodging_Marisol,182.9353,28.9,6.0,22.8,1015.1,3.6,19,1,6,179,18667.3,2007.0,Hot-Humid
2016-06-27 20:00:00,Panther_lodging_Marisol,194.6876,28.3,6.0,22.8,1015.9,0.0,20,1,6,179,18667.3,2007.0,Hot-Humid
2016-06-27 21:00:00,Panther_lodging_Marisol,187.5362,27.2,6.0,22.8,1016.2,2.1,21,1,6,179,18667.3,2007.0,Hot-Humid
2016-06-27 22:00:00,Panther_lodging_Marisol,191.687,27.2,6.0,22.2,1016.7,1.5,22,1,6,179,18667.3,2007.0,Hot-Humid
2016-06-27 23:00:00,Panther_lodging_Marisol,188.2863,26.7,6.0,23.3,1017.1,0.0,23,1,6,179,18667.3,2007.0,Hot-Humid
2016-06-28 00:00:00,Panther_lodging_Marisol,177.3342,26.1,6.0,23.3,1017.0,0.0,0,2,6,180,18667.3,2007.0,Hot-Humid
2016-06-28 01:00:00,Panther_lodging_Marisol,172.8834,25.6,6.0,23.3,1016.4,2.1,1,2,6,180,18667.3,2007.0,Hot-Humid
2016-06-28 02:00:00,Panther_lodging_Marisol,156.6302,25.6,6.0,21.7,1015.8,2.6,2,2,6,180,18667.3,2007.0,Hot-Humid
2016-06-28 03:00:00,Panther_lodging_Marisol,154.9299,25.6,6.0,22.2,1015.5,2.1,3,2,6,180,18667.3,2007.0,Hot-Humid
2016-06-28 04:00:00,Panther_lodging_Marisol,154.6799,25.0,6.0,22.2,1015.2,1.5,4,2,6,180,18667.3,2007.0,Hot-Humid
2016-06-28 05:00:00,Panther_lodging_Marisol,157.1303,23.9,6.0,22.2,1015.5,0.0,5,2,6,180,18667.3,2007.0,Hot-Humid
2016-06-28 06:00:00,Panther_lodging_Marisol,151.5293,24.4,6.0,22.2,1015.8,0.0,6,2,6,180,18667.3,2007.0,Hot-Humid
2016-06-28 07:00:00,Panther_lodging_Marisol,153.4796,25.6,6.0,22.2,1016.5,0.0,7,2,6,180,18667.3,2007.0,Hot-Humid
2016-06-28 08:00:00,Panther_lodging_Marisol,162.2813,26.7,5.5,21.7,1016.7,3.1,8,2,6,180,18667.3,2007.0,Hot-Humid
2016-06-28 09:00:00,Panther_lodging_Marisol,168.5825,28.3,5.0,22.2,1016.7,1.5,9,2,6,180,18667.3,2007.0,Hot-Humid
2016-06-28 10:00:00,Panther_lodging_Marisol,160.531,29.4,4.5,22.2,1016.6,2.1,10,2,6,180,18667.3,2007.0,Hot-Humid
2016-06-28 11:00:00,Panther_lodging_Marisol,173.7835,31.1,4.0,22.2,1016.5,2.1,11,2,6,180,18667.3,2007.0,Hot-Humid
2016-06-28 12:00:00,Panther_lodging_Marisol,166.7322,31.1,4.0,21.1,1016.0,0.0,12,2,6,180,18667.3,2007.0,Hot-Humid
2016-06-28 13:00:00,Panther_lodging_Marisol,165.0819,32.2,6.0,21.1,1015.6,2.1,13,2,6,180,18667.3,2007.0,Hot-Humid
2016-06-28 14:00:00,Panther_lodging_Marisol,167.6324,32.8,6.0,22.8,1014.8,2.6,14,2,6,180,18667.3,2007.0,Hot-Humid
2016-06-28 15:00:00,Panther_lodging_Marisol,172.1332,33.3,6.0,21.7,1013.7,3.6,15,2,6,180,18667.3,2007.0,Hot-Humid
2016-06-28 16:00:00,Panther_lodging_Marisol,173.9336,32.8,6.0,21.1,1013.3,3.6,16,2,6,180,18667.3,2007.0,Hot-Humid
2016-06-28 17:00:00,Panther_lodging_Marisol,181.6351,29.4,6.0,22.8,1013.4,4.1,17,2,6,180,18667.3,2007.0,Hot-Humid
2016-06-28 18:00:00,Panther_lodging_Marisol,169.1826,27.2,6.0,22.8,1013.9,6.2,18,2,6,180,18667.3,2007.0,Hot-Humid
2016-06-28 19:00:00,Panther_lodging_Marisol,183.6354,26.7,6.0,23.3,1014.2,3.1,19,2,6,180,18667.3,2007.0,Hot-Humid
2016-06-28 20:00:00,Panther_lodging_Marisol,180.9849,26.1,6.333333333333333,22.8,1015.0,2.1,20,2,6,180,18667.3,2007.0,Hot-Humid
2016-06-28 21:00:00,Panther_lodging_Marisol,192.1871,26.7,6.666666666666667,23.3,1015.4,1.5,21,2,6,180,18667.3,2007.0,Hot-Humid
2016-06-28 22:00:00,Panther_lodging_Marisol,185.8859,26.1,7.0,23.3,1015.8,3.6,22,2,6,180,18667.3,2007.0,Hot-Humid
2016-06-28 23:00:00,Panther_lodging_Marisol,166.1321,25.6,7.0,23.9,1015.7,2.1,23,2,6,180,18667.3,2007.0,Hot-Humid
2016-06-29 00:00:00,Panther_lodging_Marisol,162.3313,25.6,7.0,23.9,1015.6,2.1,0,3,6,181,18667.3,2007.0,Hot-Humid
2016-06-29 01:00:00,Panther_lodging_Marisol,147.2284,24.4,8.0,22.8,1015.7,10.3,1,3,6,181,18667.3,2007.0,Hot-Humid
2016-06-29 02:00:00,Panther_lodging_Marisol,151.6793,22.2,7.666666666666667,21.1,1015.6,1.5,2,3,6,181,18667.3,2007.0,Hot-Humid
2016-06-29 03:00:00,Panther_lodging_Marisol,148.9787,22.8,7.333333333333333,21.7,1015.5,2.1,3,3,6,181,18667.3,2007.0,Hot-Humid
2016-06-29 04:00:00,Panther_lodging_Marisol,149.6289,23.3,7.0,21.7,1015.2,0.0,4,3,6,181,18667.3,2007.0,Hot-Humid
2016-06-29 05:00:00,Panther_lodging_Marisol,140.6772,22.8,7.0,21.7,1014.8,1.5,5,3,6,181,18667.3,2007.0,Hot-Humid
2016-06-29 06:00:00,Panther_lodging_Marisol,142.9776,22.2,7.0,21.7,1015.0,2.1,6,3,6,181,18667.3,2007.0,Hot-Humid
2016-06-29 07:00:00,Panther_lodging_Marisol,150.129,23.3,6.0,22.2,1015.7,1.5,7,3,6,181,18667.3,2007.0,Hot-Humid
2016-06-29 08:00:00,Panther_lodging_Marisol,155.53,25.0,5.333333333333333,23.9,1016.2,3.1,8,3,6,181,18667.3,2007.0,Hot-Humid
2016-06-29 09:00:00,Panther_lodging_Marisol,156.4302,27.8,4.666666666666667,24.4,1016.3,2.1,9,3,6,181,18667.3,2007.0,Hot-Humid
2016-06-29 10:00:00,Panther_lodging_Marisol,150.7791,28.9,4.0,22.8,1016.5,2.1,10,3,6,181,18667.3,2007.0,Hot-Humid
2016-06-29 11:00:00,Panther_lodging_Marisol,168.3825,31.1,4.0,23.3,1016.2,0.0,11,3,6,181,18667.3,2007.0,Hot-Humid
2016-06-29 12:00:00,Panther_lodging_Marisol,158.0305,31.1,4.0,21.7,1015.8,1.5,12,3,6,181,18667.3,2007.0,Hot-Humid
2016-06-29 13:00:00,Panther_lodging_Marisol,164.6318,32.2,6.0,22.2,1015.2,2.1,13,3,6,181,18667.3,2007.0,Hot-Humid
2016-06-29 14:00:00,Panther_lodging_Marisol,165.1319,32.8,6.333333333333333,21.7,1014.4,3.1,14,3,6,181,18667.3,2007.0,Hot-Humid
2016-06-29 15:00:00,Panther_lodging_Marisol,174.9338,31.7,6.666666666666667,21.7,1014.7,8.8,15,3,6,181,18667.3,2007.0,Hot-Humid
2016-06-29 16:00:00,Panther_lodging_Marisol,175.3338,28.3,7.0,23.9,1014.4,4.1,16,3,6,181,18667.3,2007.0,Hot-Humid
2016-06-29 17:00:00,Panther_lodging_Marisol,184.5356,26.1,7.0,23.3,1014.7,3.1,17,3,6,181,18667.3,2007.0,Hot-Humid
2016-06-29 18:00:00,Panther_lodging_Marisol,179.4346,27.8,7.0,23.9,1014.7,3.1,18,3,6,181,18667.3,2007.0,Hot-Humid
2016-06-29 19:00:00,Panther_lodging_Marisol,170.2829,26.7,8.0,23.9,1015.3,3.1,19,3,6,181,18667.3,2007.0,Hot-Humid
2016-06-29 20:00:00,Panther_lodging_Marisol,181.6851,26.1,7.333333333333333,22.8,1016.0,0.0,20,3,6,181,18667.3,2007.0,Hot-Humid
2016-06-29 21:00:00,Panther_lodging_Marisol,184.1355,25.6,6.666666666666667,22.8,1016.6,3.1,21,3,6,181,18667.3,2007.0,Hot-Humid
2016-06-29 22:00:00,Panther_lodging_Marisol,177.8843,25.6,6.0,23.3,1016.6,0.0,22,3,6,181,18667.3,2007.0,Hot-Humid
2016-06-29 23:00:00,Panther_lodging_Marisol,185.6358,25.0,6.0,23.3,1017.1,2.1,23,3,6,181,18667.3,2007.0,Hot-Humid
2016-06-30 00:00:00,Panther_lodging_Marisol,168.7326,25.6,6.0,22.8,1016.6,2.1,0,4,6,182,18667.3,2007.0,Hot-Humid
2016-06-30 01:00:00,Panther_lodging_Marisol,148.9287,24.4,4.0,22.8,1015.8,2.6,1,4,6,182,18667.3,2007.0,Hot-Humid
2016-06-30 02:00:00,Panther_lodging_Marisol,159.3307,23.9,2.0,22.8,1015.3,1.5,2,4,6,182,18667.3,2007.0,Hot-Humid
2016-06-30 03:00:00,Panther_lodging_Marisol,145.7781,23.9,2.0,22.8,1014.9,2.1,3,4,6,182,18667.3,2007.0,Hot-Humid
2016-06-30 04:00:00,Panther_lodging_Marisol,152.8795,23.9,4.0,22.8,1015.1,1.5,4,4,6,182,18667.3,2007.0,Hot-Humid
2016-06-30 05:00:00,Panther_lodging_Marisol,135.7262,23.9,2.0,22.8,1015.6,0.0,5,4,6,182,18667.3,2007.0,Hot-Humid
2016-06-30 06:00:00,Panther_lodging_Marisol,141.1272,23.9,4.0,22.2,1016.1,2.1,6,4,6,182,18667.3,2007.0,Hot-Humid
2016-06-30 07:00:00,Panther_lodging_Marisol,147.3284,25.0,4.0,22.8,1016.3,2.1,7,4,6,182,18667.3,2007.0,Hot-Humid
2016-06-30 08:00:00,Panther_lodging_Marisol,152.8795,27.2,4.0,22.2,1016.7,2.6,8,4,6,182,18667.3,2007.0,Hot-Humid
2016-06-30 09:00:00,Panther_lodging_Marisol,177.1842,28.3,4.0,22.2,1017.0,0.0,9,4,6,182,18667.3,2007.0,Hot-Humid
2016-06-30 10:00:00,Panther_lodging_Marisol,168.5825,29.4,4.0,22.2,1017.0,2.1,10,4,6,182,18667.3,2007.0,Hot-Humid
2016-06-30 11:00:00,Panther_lodging_Marisol,171.3831,31.1,4.0,23.3,1016.8,2.6,11,4,6,182,18667.3,2007.0,Hot-Humid
2016-06-30 12:00:00,Panther_lodging_Marisol,163.4815,31.7,4.0,22.8,1016.4,1.5,12,4,6,182,18667.3,2007.0,Hot-Humid
2016-06-30 13:00:00,Panther_lodging_Marisol,157.2804,31.7,6.0,22.2,1015.8,3.1,13,4,6,182,18667.3,2007.0,Hot-Humid
2016-06-30 14:00:00,Panther_lodging_Marisol,158.2806,33.3,4.0,22.8,1015.5,1.5,14,4,6,182,18667.3,2007.0,Hot-Humid
2016-06-30 15:00:00,Panther_lodging_Marisol,172.6333,33.3,4.4,21.7,1014.8,3.1,15,4,6,182,18667.3,2007.0,Hot-Humid
2016-06-30 16:00:00,Panther_lodging_Marisol,171.3831,27.8,4.8,23.9,1015.3,7.2,16,4,6,182,18667.3,2007.0,Hot-Humid
2016-06-30 17:00:00,Panther_lodging_Marisol,166.2321,27.2,5.2,24.0,1015.6,5.1,17,4,6,182,18667.3,2007.0,Hot-Humid
2016-06-30 18:00:00,Panther_lodging_Marisol,169.9328,26.7,5.2,23.9,1016.5,4.1,18,4,6,182,18667.3,2007.0,Hot-Humid
2016-06-30 19:00:00,Panther_lodging_Marisol,171.183,24.4,6.0,22.8,1017.3,6.2,19,4,6,182,18667.3,2007.0,Hot-Humid
2016-06-30 20:00:00,Panther_lodging_Marisol,181.485,25.0,6.333333333333333,22.8,1017.5,1.5,20,4,6,182,18667.3,2007.0,Hot-Humid
2016-06-30 21:00:00,Panther_lodging_Marisol,185.8859,24.4,6.666666666666667,22.8,1017.2,2.6,21,4,6,182,18667.3,2007.0,Hot-Humid
2016-06-30 22:00:00,Panther_lodging_Marisol,186.736,24.4,7.0,23.3,1017.3,2.1,22,4,6,182,18667.3,2007.0,Hot-Humid
2016-06-30 23:00:00,Panther_lodging_Marisol,175.3338,25.0,7.0,23.3,1017.3,2.1,23,4,6,182,18667.3,2007.0,Hot-Humid
2016-07-01 00:00:00,Panther_lodging_Marisol,173.3835,25.0,7.0,23.3,1017.2,2.1,0,5,7,183,18667.3,2007.0,Hot-Humid
2016-07-01 01:00:00,Panther_lodging_Marisol,164.2817,24.4,8.0,22.2,1016.7,2.1,1,5,7,183,18667.3,2007.0,Hot-Humid
2016-07-01 02:00:00,Panther_lodging_Marisol,155.28,24.4,6.0,22.8,1016.1,2.1,2,5,7,183,18667.3,2007.0,Hot-Humid
2016-07-01 03:00:00,Panther_lodging_Marisol,144.6779,24.4,4.0,22.8,1016.2,0.0,3,5,7,183,18667.3,2007.0,Hot-Humid
2016-07-01 04:00:00,Panther_lodging_Marisol,141.2273,24.4,2.0,23.3,1016.0,1.5,4,5,7,183,18667.3,2007.0,Hot-Humid
2016-07-01 05:00:00,Panther_lodging_Marisol,139.1268,23.9,2.0,22.8,1016.1,2.1,5,5,7,183,18667.3,2007.0,Hot-Humid
2016-07-01 06:00:00,Panther_lodging_Marisol,136.9264,23.9,4.0,22.8,1016.8,1.5,6,5,7,183,18667.3,2007.0,Hot-Humid
2016-07-01 07:00:00,Panther_lodging_Marisol,142.1774,25.6,4.0,23.9,1017.3,3.1,7,5,7,183,18667.3,2007.0,Hot-Humid
2016-07-01 08:00:00,Panther_lodging_Marisol,145.378,27.2,4.0,23.3,1018.0,2.6,8,5,7,183,18667.3,2007.0,Hot-Humid
2016-07-01 09:00:00,Panther_lodging_Marisol,162.8814,28.9,4.0,23.3,1018.3,3.1,9,5,7,183,18667.3,2007.0,Hot-Humid
2016-07-01 10:00:00,Panther_lodging_Marisol,161.7812,30.6,4.0,22.8,1017.8,4.1,10,5,7,183,18667.3,2007.0,Hot-Humid
2016-07-01 11:00:00,Panther_lodging_Marisol,149.9789,31.1,4.0,22.2,1017.9,2.6,11,5,7,183,18667.3,2007.0,Hot-Humid
2016-07-01 12:00:00,Panther_lodging_Marisol,162.7814,31.7,4.0,22.2,1017.3,3.1,12,5,7,183,18667.3,2007.0,Hot-Humid
2016-07-01 13:00:00,Panther_lodging_Marisol,151.7293,32.8,6.0,21.7,1016.9,3.1,13,5,7,183,18667.3,2007.0,Hot-Humid
2016-07-01 14:00:00,Panther_lodging_Marisol,151.2792,32.8,6.0,21.1,1016.2,3.1,14,5,7,183,18667.3,2007.0,Hot-Humid
2016-07-01 15:00:00,Panther_lodging_Marisol,154.3298,25.0,6.0,22.8,1016.7,4.1,15,5,7,183,18667.3,2007.0,Hot-Humid
2016-07-01 16:00:00,Panther_lodging_Marisol,153.2296,26.1,6.0,22.2,1016.4,4.1,16,5,7,183,18667.3,2007.0,Hot-Humid
2016-07-01 17:00:00,Panther_lodging_Marisol,157.9305,24.4,6.0,22.8,1017.3,2.6,17,5,7,183,18667.3,2007.0,Hot-Humid
2016-07-01 18:00:00,Panther_lodging_Marisol,156.5302,26.7,6.0,23.9,1018.0,3.1,18,5,7,183,18667.3,2007.0,Hot-Humid
2016-07-01 19:00:00,Panther_lodging_Marisol,152.9295,25.6,6.0,23.3,1018.5,2.6,19,5,7,183,18667.3,2007.0,Hot-Humid
2016-07-01 20:00:00,Panther_lodging_Marisol,159.1807,25.0,6.0,23.3,1018.5,3.6,20,5,7,183,18667.3,2007.0,Hot-Humid
2016-07-01 21:00:00,Panther_lodging_Marisol,162.2313,24.4,6.0,23.3,1018.5,3.1,21,5,7,183,18667.3,2007.0,Hot-Humid
2016-07-01 22:00:00,Panther_lodging_Marisol,163.0315,25.0,6.0,23.3,1018.3,0.0,22,5,7,183,18667.3,2007.0,Hot-Humid
2016-07-01 23:00:00,Panther_lodging_Marisol,161.5812,25.0,6.0,23.9,1018.6,2.6,23,5,7,183,18667.3,2007.0,Hot-Humid
2016-07-02 00:00:00,Panther_lodging_Marisol,168.9826,24.4,6.0,23.3,1018.5,2.1,0,6,7,184,18667.3,2007.0,Hot-Humid
2016-07-02 01:00:00,Panther_lodging_Marisol,155.68,24.4,6.0,23.3,1018.2,1.5,1,6,7,184,18667.3,2007.0,Hot-Humid
2016-07-02 02:00:00,Panther_lodging_Marisol,146.0282,23.9,5.333333333333333,22.8,1017.4,2.1,2,6,7,184,18667.3,2007.0,Hot-Humid
2016-07-02 03:00:00,Panther_lodging_Marisol,142.3275,23.9,4.666666666666667,22.8,1017.1,0.0,3,6,7,184,18667.3,2007.0,Hot-Humid
2016-07-02 04:00:00,Panther_lodging_Marisol,141.9274,23.9,4.0,22.8,1017.0,0.0,4,6,7,184,18667.3,2007.0,Hot-Humid
2016-07-02 05:00:00,Panther_lodging_Marisol,137.6766,23.9,4.0,22.8,1017.3,0.0,5,6,7,184,18667.3,2007.0,Hot-Humid
2016-07-02 06:00:00,Panther_lodging_Marisol,136.9264,23.9,2.0,22.8,1017.7,0.0,6,6,7,184,18667.3,2007.0,Hot-Humid
2016-07-02 07:00:00,Panther_lodging_Marisol,137.9266,25.0,4.0,23.3,1018.3,1.5,7,6,7,184,18667.3,2007.0,Hot-Humid
2016-07-02 08:00:00,Panther_lodging_Marisol,141.5273,26.7,4.333333333333333,23.9,1019.3,1.5,8,6,7,184,18667.3,2007.0,Hot-Humid
2016-07-02 09:00:00,Panther_lodging_Marisol,146.3782,27.8,4.666666666666667,23.3,1019.5,0.0,9,6,7,184,18667.3,2007.0,Hot-Humid
2016-07-02 10:00:00,Panther_lodging_Marisol,153.0795,29.4,5.0,24.4,1019.4,2.1,10,6,7,184,18667.3,2007.0,Hot-Humid
2016-07-02 11:00:00,Panther_lodging_Marisol,151.9793,30.6,5.0,23.3,1019.5,2.6,11,6,7,184,18667.3,2007.0,Hot-Humid
2016-07-02 12:00:00,Panther_lodging_Marisol,159.9809,31.1,5.0,23.3,1019.0,2.1,12,6,7,184,18667.3,2007.0,Hot-Humid
2016-07-02 13:00:00,Panther_lodging_Marisol,158.1805,31.7,6.0,22.8,1018.5,0.0,13,6,7,184,18667.3,2007.0,Hot-Humid
2016-07-02 14:00:00,Panther_lodging_Marisol,153.8797,32.2,6.0,22.8,1018.0,3.1,14,6,7,184,18667.3,2007.0,Hot-Humid
2016-07-02 15:00:00,Panther_lodging_Marisol,159.2807,24.4,6.0,22.8,1019.9,0.0,15,6,7,184,18667.3,2007.0,Hot-Humid
2016-07-02 16:00:00,Panther_lodging_Marisol,165.93200000000004,24.4,6.0,21.7,1019.7,0.0,16,6,7,184,18667.3,2007.0,Hot-Humid
2016-07-02 17:00:00,Panther_lodging_Marisol,158.8306,24.4,6.0,22.8,1019.1,3.6,17,6,7,184,18667.3,2007.0,Hot-Humid
2016-07-02 18:00:00,Panther_lodging_Marisol,152.1794,25.0,6.0,23.3,1018.9,2.1,18,6,7,184,18667.3,2007.0,Hot-Humid
2016-07-02 19:00:00,Panther_lodging_Marisol,152.1293,26.1,6.0,23.9,1018.5,2.6,19,6,7,184,18667.3,2007.0,Hot-Humid
2016-07-02 20:00:00,Panther_lodging_Marisol,156.0301,25.6,5.666666666666667,23.3,1018.3,1.5,20,6,7,184,18667.3,2007.0,Hot-Humid
2016-07-02 21:00:00,Panther_lodging_Marisol,164.0317,24.4,5.333333333333333,22.8,1019.1,2.1,21,6,7,184,18667.3,2007.0,Hot-Humid
2016-07-02 22:00:00,Panther_lodging_Marisol,172.0832,24.4,5.0,23.3,1019.9,2.1,22,6,7,184,18667.3,2007.0,Hot-Humid
2016-07-02 23:00:00,Panther_lodging_Marisol,156.0801,24.4,5.0,22.8,1020.2,1.5,23,6,7,184,18667.3,2007.0,Hot-Humid
2016-07-03 00:00:00,Panther_lodging_Marisol,162.1313,23.9,5.0,22.8,1019.9,0.0,0,7,7,185,18667.3,2007.0,Hot-Humid
2016-07-03 01:00:00,Panther_lodging_Marisol,155.38,23.9,4.0,22.8,1019.6,1.5,1,7,7,185,18667.3,2007.0,Hot-Humid
2016-07-03 02:00:00,Panther_lodging_Marisol,148.3286,23.9,4.0,22.8,1019.4,1.5,2,7,7,185,18667.3,2007.0,Hot-Humid
2016-07-03 03:00:00,Panther_lodging_Marisol,143.8778,23.9,2.0,22.8,1019.3,1.5,3,7,7,185,18667.3,2007.0,Hot-Humid
2016-07-03 04:00:00,Panther_lodging_Marisol,142.4775,23.9,4.0,22.8,1019.0,0.0,4,7,7,185,18667.3,2007.0,Hot-Humid
2016-07-03 05:00:00,Panther_lodging_Marisol,143.2276,23.9,4.0,22.8,1019.1,0.0,5,7,7,185,18667.3,2007.0,Hot-Humid
2016-07-03 06:00:00,Panther_lodging_Marisol,144.0778,23.9,4.0,22.8,1019.4,0.0,6,7,7,185,18667.3,2007.0,Hot-Humid
2016-07-03 07:00:00,Panther_lodging_Marisol,141.9774,25.0,4.0,23.3,1019.8,0.0,7,7,7,185,18667.3,2007.0,Hot-Humid
2016-07-03 08:00:00,Panther_lodging_Marisol,149.9789,26.7,4.0,23.3,1020.3,0.0,8,7,7,185,18667.3,2007.0,Hot-Humid
2016-07-03 09:00:00,Panther_lodging_Marisol,145.4781,28.3,4.0,23.9,1020.8,2.6,9,7,7,185,18667.3,2007.0,Hot-Humid
2016-07-03 10:00:00,Panther_lodging_Marisol,151.4792,29.4,4.0,23.9,1021.0,2.6,10,7,7,185,18667.3,2007.0,Hot-Humid
2016-07-03 11:00:00,Panther_lodging_Marisol,149.2288,31.1,4.0,23.3,1020.9,3.1,11,7,7,185,18667.3,2007.0,Hot-Humid
2016-07-03 12:00:00,Panther_lodging_Marisol,150.0289,31.7,5.0,23.3,1020.6,3.6,12,7,7,185,18667.3,2007.0,Hot-Humid
2016-07-03 13:00:00,Panther_lodging_Marisol,147.8785,32.8,6.0,23.9,1020.5,3.1,13,7,7,185,18667.3,2007.0,Hot-Humid
2016-07-03 14:00:00,Panther_lodging_Marisol,149.2288,33.3,6.0,22.8,1019.7,3.1,14,7,7,185,18667.3,2007.0,Hot-Humid
2016-07-03 15:00:00,Panther_lodging_Marisol,145.8281,32.8,6.0,22.8,1019.1,2.1,15,7,7,185,18667.3,2007.0,Hot-Humid
2016-07-03 16:00:00,Panther_lodging_Marisol,147.7785,31.7,6.0,23.3,1018.7,3.1,16,7,7,185,18667.3,2007.0,Hot-Humid
2016-07-03 17:00:00,Panther_lodging_Marisol,142.5275,32.2,6.0,23.9,1018.8,2.6,17,7,7,185,18667.3,2007.0,Hot-Humid
2016-07-03 18:00:00,Panther_lodging_Marisol,146.6283,33.3,6.0,22.8,1018.8,3.6,18,7,7,185,18667.3,2007.0,Hot-Humid
2016-07-03 19:00:00,Panther_lodging_Marisol,147.1784,30.6,6.0,23.3,1019.5,5.7,19,7,7,185,18667.3,2007.0,Hot-Humid
2016-07-03 20:00:00,Panther_lodging_Marisol,150.6291,28.3,5.0,23.3,1019.3,3.1,20,7,7,185,18667.3,2007.0,Hot-Humid
2016-07-03 21:00:00,Panther_lodging_Marisol,161.6812,27.2,4.0,23.9,1019.7,1.5,21,7,7,185,18667.3,2007.0,Hot-Humid
2016-07-03 22:00:00,Panther_lodging_Marisol,167.7824,26.7,4.0,23.9,1020.4,2.6,22,7,7,185,18667.3,2007.0,Hot-Humid
2016-07-03 23:00:00,Panther_lodging_Marisol,159.2807,27.2,4.0,23.3,1020.7,1.5,23,7,7,185,18667.3,2007.0,Hot-Humid
2016-07-04 00:00:00,Panther_lodging_Marisol,157.5804,26.7,4.0,24.4,1020.4,0.0,0,1,7,186,18667.3,2007.0,Hot-Humid
2016-07-04 01:00:00,Panther_lodging_Marisol,150.8291,26.1,2.0,23.9,1019.9,1.5,1,1,7,186,18667.3,2007.0,Hot-Humid
2016-07-04 02:00:00,Panther_lodging_Marisol,140.2271,26.1,4.0,23.9,1019.6,2.6,2,1,7,186,18667.3,2007.0,Hot-Humid
2016-07-04 03:00:00,Panther_lodging_Marisol,135.9762,25.6,2.0,23.9,1019.2,2.1,3,1,7,186,18667.3,2007.0,Hot-Humid
2016-07-04 04:00:00,Panther_lodging_Marisol,138.3267,25.0,2.0,23.9,1019.2,0.0,4,1,7,186,18667.3,2007.0,Hot-Humid
2016-07-04 05:00:00,Panther_lodging_Marisol,135.026,25.0,2.0,23.3,1019.9,0.0,5,1,7,186,18667.3,2007.0,Hot-Humid
2016-07-04 06:00:00,Panther_lodging_Marisol,141.2772,25.6,2.0,23.3,1020.3,0.0,6,1,7,186,18667.3,2007.0,Hot-Humid
2016-07-04 07:00:00,Panther_lodging_Marisol,143.7277,26.7,2.0,24.4,1020.8,0.0,7,1,7,186,18667.3,2007.0,Hot-Humid
2016-07-04 08:00:00,Panther_lodging_Marisol,132.8756,28.3,2.0,23.3,1021.1,1.5,8,1,7,186,18667.3,2007.0,Hot-Humid
2016-07-04 09:00:00,Panther_lodging_Marisol,149.2288,30.6,2.0,24.4,1021.5,2.1,9,1,7,186,18667.3,2007.0,Hot-Humid
2016-07-04 10:00:00,Panther_lodging_Marisol,147.4285,31.1,2.0,23.9,1021.8,2.1,10,1,7,186,18667.3,2007.0,Hot-Humid
2016-07-04 11:00:00,Panther_lodging_Marisol,143.4277,32.8,4.0,23.3,1021.8,2.1,11,1,7,186,18667.3,2007.0,Hot-Humid
2016-07-04 12:00:00,Panther_lodging_Marisol,150.8791,33.3,4.0,23.3,1021.5,0.0,12,1,7,186,18667.3,2007.0,Hot-Humid
2016-07-04 13:00:00,Panther_lodging_Marisol,146.3282,33.3,6.0,23.3,1020.7,1.5,13,1,7,186,18667.3,2007.0,Hot-Humid
2016-07-04 14:00:00,Panther_lodging_Marisol,151.8793,33.9,6.0,23.3,1020.2,2.1,14,1,7,186,18667.3,2007.0,Hot-Humid
2016-07-04 15:00:00,Panther_lodging_Marisol,145.128,34.4,6.0,22.2,1019.8,3.6,15,1,7,186,18667.3,2007.0,Hot-Humid
2016-07-04 16:00:00,Panther_lodging_Marisol,156.8303,33.3,6.0,22.8,1019.1,3.6,16,1,7,186,18667.3,2007.0,Hot-Humid
2016-07-04 17:00:00,Panther_lodging_Marisol,150.279,33.9,6.0,22.8,1018.7,4.1,17,1,7,186,18667.3,2007.0,Hot-Humid
2016-07-04 18:00:00,Panther_lodging_Marisol,151.4792,32.8,6.0,22.8,1018.7,2.6,18,1,7,186,18667.3,2007.0,Hot-Humid
2016-07-04 19:00:00,Panther_lodging_Marisol,160.731,30.6,6.0,24.4,1019.0,5.7,19,1,7,186,18667.3,2007.0,Hot-Humid
2016-07-04 20:00:00,Panther_lodging_Marisol,166.2821,28.3,5.0,22.8,1019.4,3.1,20,1,7,186,18667.3,2007.0,Hot-Humid
2016-07-04 21:00:00,Panther_lodging_Marisol,160.731,27.8,4.0,23.9,1020.1,1.5,21,1,7,186,18667.3,2007.0,Hot-Humid
2016-07-04 22:00:00,Panther_lodging_Marisol,164.1317,27.8,4.0,24.4,1021.1,2.1,22,1,7,186,18667.3,2007.0,Hot-Humid
2016-07-04 23:00:00,Panther_lodging_Marisol,162.7314,28.3,4.0,23.9,1021.3,4.6,23,1,7,186,18667.3,2007.0,Hot-Humid
2016-07-05 00:00:00,Panther_lodging_Marisol,165.1319,27.8,4.0,24.4,1020.9,2.6,0,2,7,187,18667.3,2007.0,Hot-Humid
2016-07-05 01:00:00,Panther_lodging_Marisol,147.0784,27.2,4.0,25.0,1020.2,1.5,1,2,7,187,18667.3,2007.0,Hot-Humid
2016-07-05 02:00:00,Panther_lodging_Marisol,144.1278,27.2,4.0,25.0,1019.5,0.0,2,2,7,187,18667.3,2007.0,Hot-Humid
2016-07-05 03:00:00,Panther_lodging_Marisol,143.5777,27.2,4.0,25.0,1019.1,1.5,3,2,7,187,18667.3,2007.0,Hot-Humid
2016-07-05 04:00:00,Panther_lodging_Marisol,131.5254,26.1,4.0,25.0,1019.8,2.1,4,2,7,187,18667.3,2007.0,Hot-Humid
2016-07-05 05:00:00,Panther_lodging_Marisol,140.127,25.6,4.0,23.9,1020.0,3.1,5,2,7,187,18667.3,2007.0,Hot-Humid
2016-07-05 06:00:00,Panther_lodging_Marisol,135.9262,25.6,4.0,22.2,1020.3,1.5,6,2,7,187,18667.3,2007.0,Hot-Humid
2016-07-05 07:00:00,Panther_lodging_Marisol,140.8272,26.7,4.0,22.8,1020.8,2.1,7,2,7,187,18667.3,2007.0,Hot-Humid
2016-07-05 08:00:00,Panther_lodging_Marisol,151.8793,28.9,4.333333333333333,22.8,1021.2,1.5,8,2,7,187,18667.3,2007.0,Hot-Humid
2016-07-05 09:00:00,Panther_lodging_Marisol,153.5796,30.0,4.666666666666667,23.9,1021.5,2.6,9,2,7,187,18667.3,2007.0,Hot-Humid
2016-07-05 10:00:00,Panther_lodging_Marisol,150.6291,31.1,5.0,24.4,1021.6,2.6,10,2,7,187,18667.3,2007.0,Hot-Humid
2016-07-05 11:00:00,Panther_lodging_Marisol,151.2292,32.2,5.0,24.4,1021.4,2.6,11,2,7,187,18667.3,2007.0,Hot-Humid
2016-07-05 12:00:00,Panther_lodging_Marisol,154.4298,32.2,5.0,23.9,1021.2,3.1,12,2,7,187,18667.3,2007.0,Hot-Humid
2016-07-05 13:00:00,Panther_lodging_Marisol,150.329,33.9,6.0,23.9,1020.9,3.1,13,2,7,187,18667.3,2007.0,Hot-Humid
2016-07-05 14:00:00,Panther_lodging_Marisol,156.0301,34.4,6.0,22.2,1020.1,2.6,14,2,7,187,18667.3,2007.0,Hot-Humid
2016-07-05 15:00:00,Panther_lodging_Marisol,153.8797,34.4,6.0,22.8,1019.2,3.1,15,2,7,187,18667.3,2007.0,Hot-Humid
2016-07-05 16:00:00,Panther_lodging_Marisol,156.5802,33.9,6.0,21.7,1018.7,2.1,16,2,7,187,18667.3,2007.0,Hot-Humid
2016-07-05 17:00:00,Panther_lodging_Marisol,168.4325,35.0,6.0,22.2,1018.8,3.1,17,2,7,187,18667.3,2007.0,Hot-Humid
2016-07-05 18:00:00,Panther_lodging_Marisol,177.8343,33.9,6.0,22.2,1018.9,3.1,18,2,7,187,18667.3,2007.0,Hot-Humid
2016-07-05 19:00:00,Panther_lodging_Marisol,172.9334,33.3,6.0,22.8,1019.2,4.1,19,2,7,187,18667.3,2007.0,Hot-Humid
2016-07-05 20:00:00,Panther_lodging_Marisol,180.6349,31.1,5.6,24.4,1019.6,3.6,20,2,7,187,18667.3,2007.0,Hot-Humid
2016-07-05 21:00:00,Panther_lodging_Marisol,181.535,31.1,5.2,23.9,1019.7,3.6,21,2,7,187,18667.3,2007.0,Hot-Humid
2016-07-05 22:00:00,Panther_lodging_Marisol,176.9341,28.3,4.8,25.6,1020.3,0.0,22,2,7,187,18667.3,2007.0,Hot-Humid
2016-07-05 23:00:00,Panther_lodging_Marisol,171.183,28.9,4.8,24.4,1020.5,1.5,23,2,7,187,18667.3,2007.0,Hot-Humid
2016-07-06 00:00:00,Panther_lodging_Marisol,163.3315,27.8,4.0,25.6,1020.7,1.5,0,3,7,188,18667.3,2007.0,Hot-Humid
2016-07-06 01:00:00,Panther_lodging_Marisol,157.8805,27.2,2.0,25.0,1020.2,3.1,1,3,7,188,18667.3,2007.0,Hot-Humid
2016-07-06 02:00:00,Panther_lodging_Marisol,153.9797,27.2,0.0,25.0,1019.7,2.1,2,3,7,188,18667.3,2007.0,Hot-Humid
2016-07-06 03:00:00,Panther_lodging_Marisol,143.0276,26.7,0.0,25.0,1019.2,1.5,3,3,7,188,18667.3,2007.0,Hot-Humid
2016-07-06 04:00:00,Panther_lodging_Marisol,142.8776,26.1,0.0,24.4,1019.2,1.5,4,3,7,188,18667.3,2007.0,Hot-Humid
2016-07-06 05:00:00,Panther_lodging_Marisol,141.7773,26.1,0.0,24.4,1019.6,0.0,5,3,7,188,18667.3,2007.0,Hot-Humid
2016-07-06 06:00:00,Panther_lodging_Marisol,134.1759,26.1,0.0,24.4,1020.1,0.0,6,3,7,188,18667.3,2007.0,Hot-Humid
2016-07-06 07:00:00,Panther_lodging_Marisol,140.6271,27.2,2.0,24.4,1020.7,1.5,7,3,7,188,18667.3,2007.0,Hot-Humid
2016-07-06 08:00:00,Panther_lodging_Marisol,151.5293,28.9,2.0,24.4,1021.2,2.1,8,3,7,188,18667.3,2007.0,Hot-Humid
2016-07-06 09:00:00,Panther_lodging_Marisol,163.2315,30.0,2.0,24.4,1021.5,4.1,9,3,7,188,18667.3,2007.0,Hot-Humid
2016-07-06 10:00:00,Panther_lodging_Marisol,157.0803,31.1,4.0,24.4,1021.6,3.6,10,3,7,188,18667.3,2007.0,Hot-Humid
2016-07-06 11:00:00,Panther_lodging_Marisol,159.3307,32.2,4.0,24.4,1021.4,1.5,11,3,7,188,18667.3,2007.0,Hot-Humid
2016-07-06 12:00:00,Panther_lodging_Marisol,165.632,33.3,4.0,24.4,1021.2,3.1,12,3,7,188,18667.3,2007.0,Hot-Humid
2016-07-06 13:00:00,Panther_lodging_Marisol,160.481,35.0,4.0,23.3,1020.4,3.1,13,3,7,188,18667.3,2007.0,Hot-Humid
2016-07-06 14:00:00,Panther_lodging_Marisol,166.6322,34.4,4.0,23.3,1019.6,3.1,14,3,7,188,18667.3,2007.0,Hot-Humid
2016-07-06 15:00:00,Panther_lodging_Marisol,168.9326,34.4,4.4,23.3,1018.8,3.6,15,3,7,188,18667.3,2007.0,Hot-Humid
2016-07-06 16:00:00,Panther_lodging_Marisol,167.3823,33.9,4.8,22.8,1018.0,2.6,16,3,7,188,18667.3,2007.0,Hot-Humid
2016-07-06 17:00:00,Panther_lodging_Marisol,177.1842,32.2,5.2,22.8,1018.0,4.1,17,3,7,188,18667.3,2007.0,Hot-Humid
2016-07-06 18:00:00,Panther_lodging_Marisol,184.7857,32.2,5.2,24.4,1017.9,0.0,18,3,7,188,18667.3,2007.0,Hot-Humid
2016-07-06 19:00:00,Panther_lodging_Marisol,169.2827,31.1,6.0,23.9,1018.5,2.6,19,3,7,188,18667.3,2007.0,Hot-Humid
2016-07-06 20:00:00,Panther_lodging_Marisol,189.2365,30.6,5.6,22.2,1019.0,2.6,20,3,7,188,18667.3,2007.0,Hot-Humid
2016-07-06 21:00:00,Panther_lodging_Marisol,202.9392,28.9,5.2,21.7,1019.3,4.1,21,3,7,188,18667.3,2007.0,Hot-Humid
2016-07-06 22:00:00,Panther_lodging_Marisol,185.2858,28.9,4.8,21.7,1020.2,3.6,22,3,7,188,18667.3,2007.0,Hot-Humid
2016-07-06 23:00:00,Panther_lodging_Marisol,179.9847,29.4,4.8,23.3,1020.2,1.5,23,3,7,188,18667.3,2007.0,Hot-Humid
2016-07-07 00:00:00,Panther_lodging_Marisol,170.2829,27.8,4.0,23.3,1019.8,2.1,0,4,7,189,18667.3,2007.0,Hot-Humid
2016-07-07 01:00:00,Panther_lodging_Marisol,164.1317,27.8,2.0,23.9,1019.4,2.1,1,4,7,189,18667.3,2007.0,Hot-Humid
2016-07-07 02:00:00,Panther_lodging_Marisol,161.0311,27.2,4.0,23.9,1019.0,2.1,2,4,7,189,18667.3,2007.0,Hot-Humid
2016-07-07 03:00:00,Panther_lodging_Marisol,150.8791,26.7,2.0,23.9,1018.2,4.1,3,4,7,189,18667.3,2007.0,Hot-Humid
2016-07-07 04:00:00,Panther_lodging_Marisol,144.4279,26.7,4.0,23.9,1018.0,2.6,4,4,7,189,18667.3,2007.0,Hot-Humid
2016-07-07 05:00:00,Panther_lodging_Marisol,144.5779,26.1,2.0,23.9,1017.5,3.1,5,4,7,189,18667.3,2007.0,Hot-Humid
2016-07-07 06:00:00,Panther_lodging_Marisol,151.9293,26.1,2.0,23.9,1018.4,2.6,6,4,7,189,18667.3,2007.0,Hot-Humid
2016-07-07 07:00:00,Panther_lodging_Marisol,145.9282,27.2,2.0,23.9,1019.2,4.1,7,4,7,189,18667.3,2007.0,Hot-Humid
2016-07-07 08:00:00,Panther_lodging_Marisol,154.8299,28.9,2.0,24.4,1020.0,3.1,8,4,7,189,18667.3,2007.0,Hot-Humid
2016-07-07 09:00:00,Panther_lodging_Marisol,160.9311,30.6,2.0,24.4,1020.3,3.6,9,4,7,189,18667.3,2007.0,Hot-Humid
2016-07-07 10:00:00,Panther_lodging_Marisol,165.4819,31.7,2.0,24.4,1020.5,3.6,10,4,7,189,18667.3,2007.0,Hot-Humid
2016-07-07 11:00:00,Panther_lodging_Marisol,165.5819,32.2,4.0,22.8,1020.6,3.6,11,4,7,189,18667.3,2007.0,Hot-Humid
2016-07-07 12:00:00,Panther_lodging_Marisol,163.9316,33.9,4.0,23.9,1020.2,4.6,12,4,7,189,18667.3,2007.0,Hot-Humid
2016-07-07 13:00:00,Panther_lodging_Marisol,167.4323,34.4,4.0,22.2,1019.7,2.6,13,4,7,189,18667.3,2007.0,Hot-Humid
2016-07-07 14:00:00,Panther_lodging_Marisol,172.5833,34.4,4.333333333333333,22.8,1018.8,3.6,14,4,7,189,18667.3,2007.0,Hot-Humid
2016-07-07 15:00:00,Panther_lodging_Marisol,168.5825,35.0,4.666666666666667,22.2,1018.4,5.1,15,4,7,189,18667.3,2007.0,Hot-Humid
2016-07-07 16:00:00,Panther_lodging_Marisol,172.2833,35.0,5.0,22.2,1018.0,4.1,16,4,7,189,18667.3,2007.0,Hot-Humid
2016-07-07 17:00:00,Panther_lodging_Marisol,171.8332,32.8,5.0,21.7,1017.8,2.6,17,4,7,189,18667.3,2007.0,Hot-Humid
2016-07-07 18:00:00,Panther_lodging_Marisol,180.0347,32.2,5.0,20.6,1017.7,4.6,18,4,7,189,18667.3,2007.0,Hot-Humid
2016-07-07 19:00:00,Panther_lodging_Marisol,181.135,31.1,6.0,20.0,1017.9,4.1,19,4,7,189,18667.3,2007.0,Hot-Humid
2016-07-07 20:00:00,Panther_lodging_Marisol,180.7349,30.0,5.2,21.1,1017.9,0.0,20,4,7,189,18667.3,2007.0,Hot-Humid
2016-07-07 21:00:00,Panther_lodging_Marisol,189.1365,29.4,4.4,21.7,1018.6,1.5,21,4,7,189,18667.3,2007.0,Hot-Humid
2016-07-07 22:00:00,Panther_lodging_Marisol,186.586,28.3,3.5999999999999996,22.8,1019.5,1.5,22,4,7,189,18667.3,2007.0,Hot-Humid
2016-07-07 23:00:00,Panther_lodging_Marisol,184.9857,28.3,3.5999999999999996,23.3,1019.8,1.5,23,4,7,189,18667.3,2007.0,Hot-Humid
2016-07-08 00:00:00,Panther_lodging_Marisol,175.4839,28.3,2.0,22.8,1019.3,0.0,0,5,7,190,18667.3,2007.0,Hot-Humid
2016-07-08 01:00:00,Panther_lodging_Marisol,161.8812,27.2,2.0,23.3,1018.9,0.0,1,5,7,190,18667.3,2007.0,Hot-Humid
2016-07-08 02:00:00,Panther_lodging_Marisol,154.4798,27.2,4.0,23.9,1018.2,1.5,2,5,7,190,18667.3,2007.0,Hot-Humid
2016-07-08 03:00:00,Panther_lodging_Marisol,152.2794,25.6,4.0,23.9,1018.0,2.1,3,5,7,190,18667.3,2007.0,Hot-Humid
2016-07-08 04:00:00,Panther_lodging_Marisol,144.2779,25.6,2.0,24.4,1017.7,2.1,4,5,7,190,18667.3,2007.0,Hot-Humid
2016-07-08 05:00:00,Panther_lodging_Marisol,149.2788,25.6,2.0,23.9,1017.8,2.1,5,5,7,190,18667.3,2007.0,Hot-Humid
2016-07-08 06:00:00,Panther_lodging_Marisol,143.4277,26.1,2.0,24.4,1018.0,0.0,6,5,7,190,18667.3,2007.0,Hot-Humid
2016-07-08 07:00:00,Panther_lodging_Marisol,140.3271,27.8,2.0,24.4,1018.6,2.1,7,5,7,190,18667.3,2007.0,Hot-Humid
2016-07-08 08:00:00,Panther_lodging_Marisol,153.3796,30.0,2.0,23.9,1019.7,1.5,8,5,7,190,18667.3,2007.0,Hot-Humid
2016-07-08 09:00:00,Panther_lodging_Marisol,157.1303,31.7,2.0,22.8,1019.9,2.1,9,5,7,190,18667.3,2007.0,Hot-Humid
2016-07-08 10:00:00,Panther_lodging_Marisol,164.8818,32.8,4.0,22.2,1020.4,3.1,10,5,7,190,18667.3,2007.0,Hot-Humid
2016-07-08 11:00:00,Panther_lodging_Marisol,164.0317,33.9,2.0,22.8,1020.3,3.1,11,5,7,190,18667.3,2007.0,Hot-Humid
2016-07-08 12:00:00,Panther_lodging_Marisol,159.3307,33.3,4.0,22.2,1019.9,1.5,12,5,7,190,18667.3,2007.0,Hot-Humid
2016-07-08 13:00:00,Panther_lodging_Marisol,168.8326,35.6,4.0,22.2,1019.2,1.5,13,5,7,190,18667.3,2007.0,Hot-Humid
2016-07-08 14:00:00,Panther_lodging_Marisol,161.4312,35.0,4.0,20.6,1018.4,0.0,14,5,7,190,18667.3,2007.0,Hot-Humid
2016-07-08 15:00:00,Panther_lodging_Marisol,167.2823,36.1,4.0,20.0,1017.4,2.6,15,5,7,190,18667.3,2007.0,Hot-Humid
2016-07-08 16:00:00,Panther_lodging_Marisol,166.8322,35.6,4.0,18.9,1017.2,0.0,16,5,7,190,18667.3,2007.0,Hot-Humid
2016-07-08 17:00:00,Panther_lodging_Marisol,179.3846,34.4,4.666666666666667,20.6,1016.8,2.6,17,5,7,190,18667.3,2007.0,Hot-Humid
2016-07-08 18:00:00,Panther_lodging_Marisol,170.6329,32.8,5.333333333333333,22.2,1016.9,2.6,18,5,7,190,18667.3,2007.0,Hot-Humid
2016-07-08 19:00:00,Panther_lodging_Marisol,164.8818,32.2,6.0,22.2,1017.2,4.6,19,5,7,190,18667.3,2007.0,Hot-Humid
2016-07-08 20:00:00,Panther_lodging_Marisol,158.6306,27.8,6.333333333333333,23.3,1018.2,5.1,20,5,7,190,18667.3,2007.0,Hot-Humid
2016-07-08 21:00:00,Panther_lodging_Marisol,183.2353,26.1,6.666666666666667,22.2,1018.6,5.1,21,5,7,190,18667.3,2007.0,Hot-Humid
2016-07-08 22:00:00,Panther_lodging_Marisol,168.7326,27.2,7.0,22.2,1018.3,0.0,22,5,7,190,18667.3,2007.0,Hot-Humid
2016-07-08 23:00:00,Panther_lodging_Marisol,171.8332,27.8,7.0,22.2,1018.4,2.1,23,5,7,190,18667.3,2007.0,Hot-Humid
2016-07-09 00:00:00,Panther_lodging_Marisol,172.6333,27.8,7.0,22.8,1018.3,2.6,0,6,7,191,18667.3,2007.0,Hot-Humid
2016-07-09 01:00:00,Panther_lodging_Marisol,161.7312,27.8,8.0,23.9,1018.1,2.6,1,6,7,191,18667.3,2007.0,Hot-Humid
2016-07-09 02:00:00,Panther_lodging_Marisol,166.1321,27.2,6.0,23.9,1017.8,2.6,2,6,7,191,18667.3,2007.0,Hot-Humid
2016-07-09 03:00:00,Panther_lodging_Marisol,156.8303,26.7,4.0,23.9,1017.4,2.1,3,6,7,191,18667.3,2007.0,Hot-Humid
2016-07-09 04:00:00,Panther_lodging_Marisol,153.5296,26.7,2.0,23.9,1017.8,1.5,4,6,7,191,18667.3,2007.0,Hot-Humid
2016-07-09 05:00:00,Panther_lodging_Marisol,135.3761,27.2,2.0,24.4,1018.2,2.1,5,6,7,191,18667.3,2007.0,Hot-Humid
2016-07-09 06:00:00,Panther_lodging_Marisol,114.072,26.7,2.0,24.4,1018.6,1.5,6,6,7,191,18667.3,2007.0,Hot-Humid
2016-07-09 07:00:00,Panther_lodging_Marisol,117.9227,28.3,2.0,24.4,1019.0,2.6,7,6,7,191,18667.3,2007.0,Hot-Humid
2016-07-09 08:00:00,Panther_lodging_Marisol,121.9735,30.0,2.0,23.9,1019.2,4.1,8,6,7,191,18667.3,2007.0,Hot-Humid
2016-07-09 09:00:00,Panther_lodging_Marisol,125.0741,30.6,2.0,23.9,1019.2,3.6,9,6,7,191,18667.3,2007.0,Hot-Humid
2016-07-09 10:00:00,Panther_lodging_Marisol,131.6254,32.2,2.0,22.8,1019.1,0.0,10,6,7,191,18667.3,2007.0,Hot-Humid
2016-07-09 11:00:00,Panther_lodging_Marisol,143.5277,33.3,2.0,22.2,1019.0,2.1,11,6,7,191,18667.3,2007.0,Hot-Humid
2016-07-09 12:00:00,Panther_lodging_Marisol,148.8787,33.9,4.0,22.2,1018.6,2.1,12,6,7,191,18667.3,2007.0,Hot-Humid
2016-07-09 13:00:00,Panther_lodging_Marisol,149.1288,34.4,4.0,22.2,1018.1,0.0,13,6,7,191,18667.3,2007.0,Hot-Humid
2016-07-09 14:00:00,Panther_lodging_Marisol,149.7289,33.9,4.0,21.7,1017.7,2.6,14,6,7,191,18667.3,2007.0,Hot-Humid
2016-07-09 15:00:00,Panther_lodging_Marisol,151.0792,34.4,4.0,21.7,1016.8,2.6,15,6,7,191,18667.3,2007.0,Hot-Humid
2016-07-09 16:00:00,Panther_lodging_Marisol,148.1786,35.6,4.0,22.2,1016.3,3.1,16,6,7,191,18667.3,2007.0,Hot-Humid
2016-07-09 17:00:00,Panther_lodging_Marisol,150.9791,35.0,4.0,22.2,1015.7,3.6,17,6,7,191,18667.3,2007.0,Hot-Humid
2016-07-09 18:00:00,Panther_lodging_Marisol,160.1809,32.8,5.0,21.7,1016.6,5.7,18,6,7,191,18667.3,2007.0,Hot-Humid
2016-07-09 19:00:00,Panther_lodging_Marisol,173.1334,28.3,6.0,21.1,1017.4,6.2,19,6,7,191,18667.3,2007.0,Hot-Humid
2016-07-09 20:00:00,Panther_lodging_Marisol,174.9338,27.8,6.333333333333333,22.8,1017.6,3.1,20,6,7,191,18667.3,2007.0,Hot-Humid
2016-07-09 21:00:00,Panther_lodging_Marisol,171.183,27.2,6.666666666666667,22.8,1017.9,0.0,21,6,7,191,18667.3,2007.0,Hot-Humid
2016-07-09 22:00:00,Panther_lodging_Marisol,168.3325,27.8,7.0,22.2,1018.5,2.1,22,6,7,191,18667.3,2007.0,Hot-Humid
2016-07-09 23:00:00,Panther_lodging_Marisol,172.4333,26.7,7.0,22.8,1018.8,2.6,23,6,7,191,18667.3,2007.0,Hot-Humid
2016-07-10 00:00:00,Panther_lodging_Marisol,167.2823,27.8,7.0,22.2,1018.5,1.5,0,7,7,192,18667.3,2007.0,Hot-Humid
2016-07-10 01:00:00,Panther_lodging_Marisol,156.1301,27.2,8.0,22.8,1017.8,2.1,1,7,7,192,18667.3,2007.0,Hot-Humid
2016-07-10 02:00:00,Panther_lodging_Marisol,153.9797,26.7,6.666666666666667,21.7,1017.2,0.0,2,7,7,192,18667.3,2007.0,Hot-Humid
2016-07-10 03:00:00,Panther_lodging_Marisol,151.2292,26.1,5.333333333333334,22.2,1017.4,0.0,3,7,7,192,18667.3,2007.0,Hot-Humid
2016-07-10 04:00:00,Panther_lodging_Marisol,142.6275,25.0,4.0,22.8,1017.3,1.5,4,7,7,192,18667.3,2007.0,Hot-Humid
2016-07-10 05:00:00,Panther_lodging_Marisol,140.9272,25.0,2.0,22.8,1017.7,1.5,5,7,7,192,18667.3,2007.0,Hot-Humid
2016-07-10 06:00:00,Panther_lodging_Marisol,140.6772,25.6,2.0,23.3,1018.2,0.0,6,7,7,192,18667.3,2007.0,Hot-Humid
2016-07-10 07:00:00,Panther_lodging_Marisol,139.1769,27.8,2.0,23.9,1018.6,0.0,7,7,7,192,18667.3,2007.0,Hot-Humid
2016-07-10 08:00:00,Panther_lodging_Marisol,137.6266,29.4,2.0,23.3,1019.3,1.5,8,7,7,192,18667.3,2007.0,Hot-Humid
2016-07-10 09:00:00,Panther_lodging_Marisol,144.6779,31.1,2.0,22.8,1019.1,1.5,9,7,7,192,18667.3,2007.0,Hot-Humid
2016-07-10 10:00:00,Panther_lodging_Marisol,154.1297,31.1,2.0,22.2,1019.0,0.0,10,7,7,192,18667.3,2007.0,Hot-Humid
2016-07-10 11:00:00,Panther_lodging_Marisol,153.7297,32.2,4.0,22.8,1019.2,2.6,11,7,7,192,18667.3,2007.0,Hot-Humid
2016-07-10 12:00:00,Panther_lodging_Marisol,158.0805,32.8,4.0,22.8,1019.0,1.5,12,7,7,192,18667.3,2007.0,Hot-Humid
2016-07-10 13:00:00,Panther_lodging_Marisol,165.6319,33.3,4.0,22.8,1018.5,1.5,13,7,7,192,18667.3,2007.0,Hot-Humid
2016-07-10 14:00:00,Panther_lodging_Marisol,161.8312,33.9,4.0,21.7,1018.0,2.1,14,7,7,192,18667.3,2007.0,Hot-Humid
2016-07-10 15:00:00,Panther_lodging_Marisol,171.5331,30.6,4.4,22.8,1017.6,4.6,15,7,7,192,18667.3,2007.0,Hot-Humid
2016-07-10 16:00:00,Panther_lodging_Marisol,171.6831,27.0,4.8,19.0,1017.7,2.1,16,7,7,192,18667.3,2007.0,Hot-Humid
2016-07-10 17:00:00,Panther_lodging_Marisol,184.4356,28.3,5.2,21.7,1017.0,3.6,17,7,7,192,18667.3,2007.0,Hot-Humid
2016-07-10 18:00:00,Panther_lodging_Marisol,184.3356,28.9,5.2,22.2,1016.7,2.1,18,7,7,192,18667.3,2007.0,Hot-Humid
2016-07-10 19:00:00,Panther_lodging_Marisol,180.4848,28.3,6.0,23.3,1017.7,2.1,19,7,7,192,18667.3,2007.0,Hot-Humid
2016-07-10 20:00:00,Panther_lodging_Marisol,179.7847,27.8,5.0,22.8,1017.7,0.0,20,7,7,192,18667.3,2007.0,Hot-Humid
2016-07-10 21:00:00,Panther_lodging_Marisol,187.9363,27.2,4.0,23.3,1018.0,2.1,21,7,7,192,18667.3,2007.0,Hot-Humid
2016-07-10 22:00:00,Panther_lodging_Marisol,182.8353,26.1,4.0,22.8,1018.5,0.0,22,7,7,192,18667.3,2007.0,Hot-Humid
2016-07-10 23:00:00,Panther_lodging_Marisol,193.0872,26.7,4.0,22.8,1019.1,0.0,23,7,7,192,18667.3,2007.0,Hot-Humid
2016-07-11 00:00:00,Panther_lodging_Marisol,179.5846,26.7,2.0,22.8,1019.0,2.1,0,1,7,193,18667.3,2007.0,Hot-Humid
2016-07-11 01:00:00,Panther_lodging_Marisol,161.3811,26.1,4.0,23.3,1018.7,2.6,1,1,7,193,18667.3,2007.0,Hot-Humid
2016-07-11 02:00:00,Panther_lodging_Marisol,147.2784,26.1,4.0,23.3,1018.6,1.5,2,1,7,193,18667.3,2007.0,Hot-Humid
2016-07-11 03:00:00,Panther_lodging_Marisol,144.6779,26.1,2.0,23.3,1018.6,0.0,3,1,7,193,18667.3,2007.0,Hot-Humid
2016-07-11 04:00:00,Panther_lodging_Marisol,147.3784,25.6,4.0,23.3,1018.9,0.0,4,1,7,193,18667.3,2007.0,Hot-Humid
2016-07-11 05:00:00,Panther_lodging_Marisol,148.3786,25.0,4.0,23.3,1019.2,1.5,5,1,7,193,18667.3,2007.0,Hot-Humid
2016-07-11 06:00:00,Panther_lodging_Marisol,151.0292,26.1,2.0,23.9,1019.6,0.0,6,1,7,193,18667.3,2007.0,Hot-Humid
2016-07-11 07:00:00,Panther_lodging_Marisol,157.8805,26.7,4.0,24.4,1020.1,1.5,7,1,7,193,18667.3,2007.0,Hot-Humid
2016-07-11 08:00:00,Panther_lodging_Marisol,155.8301,28.3,2.0,23.9,1020.1,4.1,8,1,7,193,18667.3,2007.0,Hot-Humid
2016-07-11 09:00:00,Panther_lodging_Marisol,155.9301,30.0,2.0,22.8,1020.2,4.1,9,1,7,193,18667.3,2007.0,Hot-Humid
2016-07-11 10:00:00,Panther_lodging_Marisol,155.8301,31.1,2.0,22.8,1019.9,2.6,10,1,7,193,18667.3,2007.0,Hot-Humid
2016-07-11 11:00:00,Panther_lodging_Marisol,165.68200000000004,32.8,4.0,22.2,1020.0,4.1,11,1,7,193,18667.3,2007.0,Hot-Humid
2016-07-11 12:00:00,Panther_lodging_Marisol,160.3309,32.8,4.0,21.7,1020.2,3.1,12,1,7,193,18667.3,2007.0,Hot-Humid
2016-07-11 13:00:00,Panther_lodging_Marisol,165.1819,33.3,4.0,21.7,1019.6,0.0,13,1,7,193,18667.3,2007.0,Hot-Humid
2016-07-11 14:00:00,Panther_lodging_Marisol,171.9332,35.0,4.0,21.1,1018.9,1.5,14,1,7,193,18667.3,2007.0,Hot-Humid
2016-07-11 15:00:00,Panther_lodging_Marisol,167.1322,35.6,4.0,21.7,1018.0,3.1,15,1,7,193,18667.3,2007.0,Hot-Humid
2016-07-11 16:00:00,Panther_lodging_Marisol,167.4823,34.4,4.0,21.1,1017.8,2.6,16,1,7,193,18667.3,2007.0,Hot-Humid
2016-07-11 17:00:00,Panther_lodging_Marisol,165.882,28.3,4.666666666666667,22.2,1019.2,5.7,17,1,7,193,18667.3,2007.0,Hot-Humid
2016-07-11 18:00:00,Panther_lodging_Marisol,175.2338,28.3,5.333333333333333,22.2,1018.3,3.6,18,1,7,193,18667.3,2007.0,Hot-Humid
2016-07-11 19:00:00,Panther_lodging_Marisol,171.3331,29.4,6.0,23.3,1017.6,3.1,19,1,7,193,18667.3,2007.0,Hot-Humid
2016-07-11 20:00:00,Panther_lodging_Marisol,183.3854,27.8,6.333333333333333,23.9,1018.7,3.1,20,1,7,193,18667.3,2007.0,Hot-Humid
2016-07-11 21:00:00,Panther_lodging_Marisol,183.9355,27.8,6.666666666666667,22.8,1019.3,3.1,21,1,7,193,18667.3,2007.0,Hot-Humid
2016-07-11 22:00:00,Panther_lodging_Marisol,183.1853,27.8,7.0,22.2,1019.8,4.1,22,1,7,193,18667.3,2007.0,Hot-Humid
2016-07-11 23:00:00,Panther_lodging_Marisol,173.6335,27.2,7.0,22.2,1019.9,3.1,23,1,7,193,18667.3,2007.0,Hot-Humid
2016-07-12 00:00:00,Panther_lodging_Marisol,178.1844,26.7,7.0,22.8,1019.8,2.1,0,2,7,194,18667.3,2007.0,Hot-Humid
2016-07-12 01:00:00,Panther_lodging_Marisol,157.1303,26.7,8.0,23.3,1019.2,2.1,1,2,7,194,18667.3,2007.0,Hot-Humid
2016-07-12 02:00:00,Panther_lodging_Marisol,148.3286,25.6,6.666666666666667,23.3,1018.8,1.5,2,2,7,194,18667.3,2007.0,Hot-Humid
2016-07-12 03:00:00,Panther_lodging_Marisol,151.0792,26.1,5.333333333333334,23.3,1018.5,0.0,3,2,7,194,18667.3,2007.0,Hot-Humid
2016-07-12 04:00:00,Panther_lodging_Marisol,148.2786,25.6,4.0,23.3,1018.5,0.0,4,2,7,194,18667.3,2007.0,Hot-Humid
2016-07-12 05:00:00,Panther_lodging_Marisol,143.6777,25.0,4.0,23.3,1018.7,0.0,5,2,7,194,18667.3,2007.0,Hot-Humid
2016-07-12 06:00:00,Panther_lodging_Marisol,148.6287,25.6,4.0,23.9,1019.0,0.0,6,2,7,194,18667.3,2007.0,Hot-Humid
2016-07-12 07:00:00,Panther_lodging_Marisol,156.4302,26.7,4.0,24.4,1019.3,2.1,7,2,7,194,18667.3,2007.0,Hot-Humid
2016-07-12 08:00:00,Panther_lodging_Marisol,159.1307,28.3,4.0,25.0,1019.9,2.6,8,2,7,194,18667.3,2007.0,Hot-Humid
2016-07-12 09:00:00,Panther_lodging_Marisol,158.8306,30.0,4.0,24.4,1020.2,2.6,9,2,7,194,18667.3,2007.0,Hot-Humid
2016-07-12 10:00:00,Panther_lodging_Marisol,162.3813,31.1,4.0,22.2,1020.4,3.1,10,2,7,194,18667.3,2007.0,Hot-Humid
2016-07-12 11:00:00,Panther_lodging_Marisol,166.3821,32.2,4.0,22.8,1020.4,3.1,11,2,7,194,18667.3,2007.0,Hot-Humid
2016-07-12 12:00:00,Panther_lodging_Marisol,166.5321,32.8,4.0,21.1,1020.3,0.0,12,2,7,194,18667.3,2007.0,Hot-Humid
2016-07-12 13:00:00,Panther_lodging_Marisol,166.032,34.4,4.0,21.1,1019.9,2.1,13,2,7,194,18667.3,2007.0,Hot-Humid
2016-07-12 14:00:00,Panther_lodging_Marisol,165.3819,34.4,4.0,21.7,1019.1,2.1,14,2,7,194,18667.3,2007.0,Hot-Humid
2016-07-12 15:00:00,Panther_lodging_Marisol,171.6331,35.0,4.0,20.6,1018.2,0.0,15,2,7,194,18667.3,2007.0,Hot-Humid
2016-07-12 16:00:00,Panther_lodging_Marisol,161.4812,34.4,4.5,20.6,1017.6,0.0,16,2,7,194,18667.3,2007.0,Hot-Humid
2016-07-12 17:00:00,Panther_lodging_Marisol,171.183,31.7,5.0,23.9,1018.1,7.2,17,2,7,194,18667.3,2007.0,Hot-Humid
2016-07-12 18:00:00,Panther_lodging_Marisol,171.7331,27.8,5.5,19.4,1018.5,5.1,18,2,7,194,18667.3,2007.0,Hot-Humid
2016-07-12 19:00:00,Panther_lodging_Marisol,167.9324,28.3,6.0,23.3,1019.9,2.6,19,2,7,194,18667.3,2007.0,Hot-Humid
2016-07-12 20:00:00,Panther_lodging_Marisol,184.0855,27.2,6.0,20.6,1020.3,3.6,20,2,7,194,18667.3,2007.0,Hot-Humid
2016-07-12 21:00:00,Panther_lodging_Marisol,185.2858,26.7,6.0,21.7,1021.0,0.0,21,2,7,194,18667.3,2007.0,Hot-Humid
2016-07-12 22:00:00,Panther_lodging_Marisol,187.4862,26.7,6.0,21.7,1020.8,0.0,22,2,7,194,18667.3,2007.0,Hot-Humid
2016-07-12 23:00:00,Panther_lodging_Marisol,186.736,26.7,6.0,21.7,1020.5,2.1,23,2,7,194,18667.3,2007.0,Hot-Humid
2016-07-13 00:00:00,Panther_lodging_Marisol,173.1334,26.7,6.0,22.8,1020.0,0.0,0,3,7,195,18667.3,2007.0,Hot-Humid
2016-07-13 01:00:00,Panther_lodging_Marisol,163.6816,26.7,6.0,22.2,1019.7,1.5,1,3,7,195,18667.3,2007.0,Hot-Humid
2016-07-13 02:00:00,Panther_lodging_Marisol,147.7285,25.6,4.0,22.8,1019.7,1.5,2,3,7,195,18667.3,2007.0,Hot-Humid
2016-07-13 03:00:00,Panther_lodging_Marisol,145.22799999999995,24.4,4.0,22.8,1019.6,1.5,3,3,7,195,18667.3,2007.0,Hot-Humid
2016-07-13 04:00:00,Panther_lodging_Marisol,145.6781,25.6,0.0,22.2,1019.5,1.5,4,3,7,195,18667.3,2007.0,Hot-Humid
2016-07-13 05:00:00,Panther_lodging_Marisol,142.3775,24.4,4.0,22.2,1019.5,0.0,5,3,7,195,18667.3,2007.0,Hot-Humid
2016-07-13 06:00:00,Panther_lodging_Marisol,143.3777,25.6,4.0,22.8,1019.8,0.0,6,3,7,195,18667.3,2007.0,Hot-Humid
2016-07-13 07:00:00,Panther_lodging_Marisol,162.6814,27.2,4.0,23.3,1020.2,2.1,7,3,7,195,18667.3,2007.0,Hot-Humid
2016-07-13 08:00:00,Panther_lodging_Marisol,165.5819,28.3,2.0,24.4,1020.6,2.1,8,3,7,195,18667.3,2007.0,Hot-Humid
2016-07-13 09:00:00,Panther_lodging_Marisol,159.1307,30.0,4.0,24.4,1021.1,1.5,9,3,7,195,18667.3,2007.0,Hot-Humid
2016-07-13 10:00:00,Panther_lodging_Marisol,172.1832,31.7,4.0,23.9,1021.2,0.0,10,3,7,195,18667.3,2007.0,Hot-Humid
2016-07-13 11:00:00,Panther_lodging_Marisol,184.0355,32.2,4.0,23.9,1021.2,3.1,11,3,7,195,18667.3,2007.0,Hot-Humid
2016-07-13 12:00:00,Panther_lodging_Marisol,168.2325,33.3,4.0,23.3,1020.8,2.1,12,3,7,195,18667.3,2007.0,Hot-Humid
2016-07-13 13:00:00,Panther_lodging_Marisol,167.9324,33.9,4.0,22.2,1020.0,2.1,13,3,7,195,18667.3,2007.0,Hot-Humid
2016-07-13 14:00:00,Panther_lodging_Marisol,165.782,33.9,4.333333333333333,21.7,1019.2,0.0,14,3,7,195,18667.3,2007.0,Hot-Humid
2016-07-13 15:00:00,Panther_lodging_Marisol,180.8349,27.0,4.666666666666667,22.0,1019.3,4.1,15,3,7,195,18667.3,2007.0,Hot-Humid
2016-07-13 16:00:00,Panther_lodging_Marisol,183.5354,26.7,5.0,21.7,1019.3,4.1,16,3,7,195,18667.3,2007.0,Hot-Humid
2016-07-13 17:00:00,Panther_lodging_Marisol,180.0847,26.1,5.0,22.2,1019.6,2.1,17,3,7,195,18667.3,2007.0,Hot-Humid
2016-07-13 18:00:00,Panther_lodging_Marisol,185.8359,25.6,5.0,21.1,1019.6,2.1,18,3,7,195,18667.3,2007.0,Hot-Humid
2016-07-13 19:00:00,Panther_lodging_Marisol,181.6851,25.6,6.0,21.1,1019.6,3.1,19,3,7,195,18667.3,2007.0,Hot-Humid
2016-07-13 20:00:00,Panther_lodging_Marisol,180.8849,24.4,6.0,21.1,1019.6,0.0,20,3,7,195,18667.3,2007.0,Hot-Humid
2016-07-13 21:00:00,Panther_lodging_Marisol,186.536,24.4,6.0,21.7,1020.1,1.5,21,3,7,195,18667.3,2007.0,Hot-Humid
2016-07-13 22:00:00,Panther_lodging_Marisol,188.5864,25.0,6.0,21.1,1020.2,0.0,22,3,7,195,18667.3,2007.0,Hot-Humid
2016-07-13 23:00:00,Panther_lodging_Marisol,179.9847,23.9,6.0,21.7,1020.2,0.0,23,3,7,195,18667.3,2007.0,Hot-Humid
2016-07-14 00:00:00,Panther_lodging_Marisol,175.0838,25.0,6.0,20.6,1020.3,0.0,0,4,7,196,18667.3,2007.0,Hot-Humid
2016-07-14 01:00:00,Panther_lodging_Marisol,162.1813,23.9,6.0,21.1,1019.6,0.0,1,4,7,196,18667.3,2007.0,Hot-Humid
2016-07-14 02:00:00,Panther_lodging_Marisol,156.4302,23.9,5.0,21.1,1019.4,1.5,2,4,7,196,18667.3,2007.0,Hot-Humid
2016-07-14 03:00:00,Panther_lodging_Marisol,154.4798,24.4,4.0,21.1,1019.2,0.0,3,4,7,196,18667.3,2007.0,Hot-Humid
2016-07-14 04:00:00,Panther_lodging_Marisol,148.5287,24.4,4.0,21.7,1018.9,0.0,4,4,7,196,18667.3,2007.0,Hot-Humid
2016-07-14 05:00:00,Panther_lodging_Marisol,160.631,24.4,4.0,22.2,1018.9,1.5,5,4,7,196,18667.3,2007.0,Hot-Humid
2016-07-14 06:00:00,Panther_lodging_Marisol,150.8791,23.9,4.0,21.7,1019.4,2.1,6,4,7,196,18667.3,2007.0,Hot-Humid
2016-07-14 07:00:00,Panther_lodging_Marisol,161.2311,26.7,2.0,22.2,1020.0,2.1,7,4,7,196,18667.3,2007.0,Hot-Humid
2016-07-14 08:00:00,Panther_lodging_Marisol,160.2809,27.8,2.0,23.3,1020.4,2.1,8,4,7,196,18667.3,2007.0,Hot-Humid
2016-07-14 09:00:00,Panther_lodging_Marisol,169.3327,30.0,2.0,23.9,1020.2,3.1,9,4,7,196,18667.3,2007.0,Hot-Humid
2016-07-14 10:00:00,Panther_lodging_Marisol,164.9818,31.1,4.0,22.8,1020.4,4.6,10,4,7,196,18667.3,2007.0,Hot-Humid
2016-07-14 11:00:00,Panther_lodging_Marisol,174.4337,31.7,4.0,21.1,1020.3,3.1,11,4,7,196,18667.3,2007.0,Hot-Humid
2016-07-14 12:00:00,Panther_lodging_Marisol,155.8301,33.3,4.0,21.7,1019.8,3.6,12,4,7,196,18667.3,2007.0,Hot-Humid
2016-07-14 13:00:00,Panther_lodging_Marisol,167.3323,33.9,4.0,20.6,1019.1,3.1,13,4,7,196,18667.3,2007.0,Hot-Humid
2016-07-14 14:00:00,Panther_lodging_Marisol,171.8832,34.4,4.333333333333333,20.6,1018.4,2.1,14,4,7,196,18667.3,2007.0,Hot-Humid
2016-07-14 15:00:00,Panther_lodging_Marisol,174.0836,32.2,4.666666666666667,22.2,1017.6,6.7,15,4,7,196,18667.3,2007.0,Hot-Humid
2016-07-14 16:00:00,Panther_lodging_Marisol,169.5327,33.3,5.0,20.6,1017.3,3.1,16,4,7,196,18667.3,2007.0,Hot-Humid
2016-07-14 17:00:00,Panther_lodging_Marisol,173.3334,33.3,5.0,22.0,1017.8,11.8,17,4,7,196,18667.3,2007.0,Hot-Humid
2016-07-14 18:00:00,Panther_lodging_Marisol,185.4858,26.1,5.0,21.7,1018.2,4.1,18,4,7,196,18667.3,2007.0,Hot-Humid
2016-07-14 19:00:00,Panther_lodging_Marisol,184.9357,26.7,6.0,21.7,1017.8,2.6,19,4,7,196,18667.3,2007.0,Hot-Humid
2016-07-14 20:00:00,Panther_lodging_Marisol,175.8339,27.2,4.0,21.7,1018.3,0.0,20,4,7,196,18667.3,2007.0,Hot-Humid
2016-07-14 21:00:00,Panther_lodging_Marisol,187.2361,26.1,2.0,22.2,1018.4,2.1,21,4,7,196,18667.3,2007.0,Hot-Humid
2016-07-14 22:00:00,Panther_lodging_Marisol,186.436,25.6,2.0,22.8,1019.0,1.5,22,4,7,196,18667.3,2007.0,Hot-Humid
2016-07-14 23:00:00,Panther_lodging_Marisol,181.385,26.1,2.0,22.8,1019.5,1.5,23,4,7,196,18667.3,2007.0,Hot-Humid
2016-07-15 00:00:00,Panther_lodging_Marisol,168.9826,25.0,2.0,22.8,1019.3,1.5,0,5,7,197,18667.3,2007.0,Hot-Humid
2016-07-15 01:00:00,Panther_lodging_Marisol,160.58100000000005,25.0,2.0,22.8,1018.8,2.1,1,5,7,197,18667.3,2007.0,Hot-Humid
2016-07-15 02:00:00,Panther_lodging_Marisol,157.6304,25.0,0.0,22.8,1018.6,0.0,2,5,7,197,18667.3,2007.0,Hot-Humid
2016-07-15 03:00:00,Panther_lodging_Marisol,145.128,25.6,2.0,23.3,1018.3,0.0,3,5,7,197,18667.3,2007.0,Hot-Humid
2016-07-15 04:00:00,Panther_lodging_Marisol,143.1276,25.0,2.0,23.3,1018.2,1.5,4,5,7,197,18667.3,2007.0,Hot-Humid
2016-07-15 05:00:00,Panther_lodging_Marisol,147.3284,24.4,2.0,23.3,1017.9,2.1,5,5,7,197,18667.3,2007.0,Hot-Humid
2016-07-15 06:00:00,Panther_lodging_Marisol,145.128,24.4,2.0,23.3,1018.0,0.0,6,5,7,197,18667.3,2007.0,Hot-Humid
2016-07-15 07:00:00,Panther_lodging_Marisol,148.4287,26.1,2.0,23.9,1018.5,2.1,7,5,7,197,18667.3,2007.0,Hot-Humid
2016-07-15 08:00:00,Panther_lodging_Marisol,154.8799,27.8,2.0,23.9,1019.2,2.6,8,5,7,197,18667.3,2007.0,Hot-Humid
2016-07-15 09:00:00,Panther_lodging_Marisol,164.3817,30.0,2.0,22.8,1019.3,5.1,9,5,7,197,18667.3,2007.0,Hot-Humid
2016-07-15 10:00:00,Panther_lodging_Marisol,164.2317,31.1,2.0,21.7,1019.6,3.6,10,5,7,197,18667.3,2007.0,Hot-Humid
2016-07-15 11:00:00,Panther_lodging_Marisol,162.1313,32.2,4.0,21.1,1019.8,2.6,11,5,7,197,18667.3,2007.0,Hot-Humid
2016-07-15 12:00:00,Panther_lodging_Marisol,169.5827,32.8,4.0,19.4,1019.1,2.1,12,5,7,197,18667.3,2007.0,Hot-Humid
2016-07-15 13:00:00,Panther_lodging_Marisol,163.3315,33.3,4.0,20.0,1018.4,5.1,13,5,7,197,18667.3,2007.0,Hot-Humid
2016-07-15 14:00:00,Panther_lodging_Marisol,168.1825,34.4,4.0,20.0,1017.5,2.1,14,5,7,197,18667.3,2007.0,Hot-Humid
2016-07-15 15:00:00,Panther_lodging_Marisol,174.4837,33.3,2.0,20.6,1016.1,2.1,15,5,7,197,18667.3,2007.0,Hot-Humid
2016-07-15 16:00:00,Panther_lodging_Marisol,176.8841,33.9,4.0,20.6,1016.1,2.6,16,5,7,197,18667.3,2007.0,Hot-Humid
2016-07-15 17:00:00,Panther_lodging_Marisol,171.7331,33.3,4.666666666666667,22.2,1015.9,4.6,17,5,7,197,18667.3,2007.0,Hot-Humid
2016-07-15 18:00:00,Panther_lodging_Marisol,162.2813,30.6,5.333333333333333,22.8,1016.8,3.6,18,5,7,197,18667.3,2007.0,Hot-Humid
2016-07-15 19:00:00,Panther_lodging_Marisol,166.2821,26.7,6.0,22.8,1018.4,6.2,19,5,7,197,18667.3,2007.0,Hot-Humid
2016-07-15 20:00:00,Panther_lodging_Marisol,178.4844,25.6,6.333333333333333,22.8,1017.9,1.5,20,5,7,197,18667.3,2007.0,Hot-Humid
2016-07-15 21:00:00,Panther_lodging_Marisol,188.7864,25.0,6.666666666666667,22.2,1018.8,2.6,21,5,7,197,18667.3,2007.0,Hot-Humid
2016-07-15 22:00:00,Panther_lodging_Marisol,175.8339,26.1,7.0,22.8,1019.2,1.5,22,5,7,197,18667.3,2007.0,Hot-Humid
2016-07-15 23:00:00,Panther_lodging_Marisol,179.2846,26.1,7.0,22.8,1018.8,1.5,23,5,7,197,18667.3,2007.0,Hot-Humid
2016-07-16 00:00:00,Panther_lodging_Marisol,171.6831,25.0,7.0,22.8,1018.8,1.5,0,6,7,198,18667.3,2007.0,Hot-Humid
2016-07-16 01:00:00,Panther_lodging_Marisol,166.8322,26.1,8.0,22.8,1018.3,3.6,1,6,7,198,18667.3,2007.0,Hot-Humid
2016-07-16 02:00:00,Panther_lodging_Marisol,167.7824,25.6,6.0,22.8,1018.0,1.5,2,6,7,198,18667.3,2007.0,Hot-Humid
2016-07-16 03:00:00,Panther_lodging_Marisol,162.0313,25.6,4.0,22.8,1017.5,1.5,3,6,7,198,18667.3,2007.0,Hot-Humid
2016-07-16 04:00:00,Panther_lodging_Marisol,154.9799,25.0,4.0,23.3,1017.8,2.1,4,6,7,198,18667.3,2007.0,Hot-Humid
2016-07-16 05:00:00,Panther_lodging_Marisol,157.5804,25.0,4.0,23.3,1017.9,1.5,5,6,7,198,18667.3,2007.0,Hot-Humid
2016-07-16 06:00:00,Panther_lodging_Marisol,160.3309,25.0,4.0,23.3,1018.3,2.6,6,6,7,198,18667.3,2007.0,Hot-Humid
2016-07-16 07:00:00,Panther_lodging_Marisol,157.4804,26.1,2.0,23.3,1018.8,3.6,7,6,7,198,18667.3,2007.0,Hot-Humid
2016-07-16 08:00:00,Panther_lodging_Marisol,166.2321,28.3,2.0,23.9,1019.3,3.1,8,6,7,198,18667.3,2007.0,Hot-Humid
2016-07-16 09:00:00,Panther_lodging_Marisol,167.8824,30.0,4.0,23.3,1019.8,4.6,9,6,7,198,18667.3,2007.0,Hot-Humid
2016-07-16 10:00:00,Panther_lodging_Marisol,169.3827,30.6,4.0,22.2,1020.1,1.5,10,6,7,198,18667.3,2007.0,Hot-Humid
2016-07-16 11:00:00,Panther_lodging_Marisol,168.2825,32.2,4.0,21.7,1020.2,3.1,11,6,7,198,18667.3,2007.0,Hot-Humid
2016-07-16 12:00:00,Panther_lodging_Marisol,175.4839,32.8,5.0,21.1,1019.7,3.6,12,6,7,198,18667.3,2007.0,Hot-Humid
2016-07-16 13:00:00,Panther_lodging_Marisol,157.2303,33.3,6.0,20.6,1019.3,4.1,13,6,7,198,18667.3,2007.0,Hot-Humid
2016-07-16 14:00:00,Panther_lodging_Marisol,163.8816,35.6,6.0,20.6,1018.6,7.7,14,6,7,198,18667.3,2007.0,Hot-Humid
2016-07-16 15:00:00,Panther_lodging_Marisol,163.0315,33.9,6.0,21.7,1017.8,5.1,15,6,7,198,18667.3,2007.0,Hot-Humid
2016-07-16 16:00:00,Panther_lodging_Marisol,170.0828,33.9,6.0,21.7,1017.5,5.1,16,6,7,198,18667.3,2007.0,Hot-Humid
2016-07-16 17:00:00,Panther_lodging_Marisol,165.782,32.8,6.0,21.7,1017.8,5.7,17,6,7,198,18667.3,2007.0,Hot-Humid
2016-07-16 18:00:00,Panther_lodging_Marisol,161.6312,32.2,6.0,21.7,1018.4,4.6,18,6,7,198,18667.3,2007.0,Hot-Humid
2016-07-16 19:00:00,Panther_lodging_Marisol,167.6324,30.6,6.0,22.2,1019.0,3.6,19,6,7,198,18667.3,2007.0,Hot-Humid
2016-07-16 20:00:00,Panther_lodging_Marisol,165.1819,26.7,6.0,21.7,1019.85,9.3,20,6,7,198,18667.3,2007.0,Hot-Humid
2016-07-16 21:00:00,Panther_lodging_Marisol,161.4312,24.4,6.0,22.8,1020.7,0.0,21,6,7,198,18667.3,2007.0,Hot-Humid
2016-07-16 22:00:00,Panther_lodging_Marisol,169.7828,25.0,6.0,22.8,1020.7,1.5,22,6,7,198,18667.3,2007.0,Hot-Humid
2016-07-16 23:00:00,Panther_lodging_Marisol,177.8843,25.6,6.0,23.3,1020.7,1.5,23,6,7,198,18667.3,2007.0,Hot-Humid
2016-07-17 00:00:00,Panther_lodging_Marisol,174.4837,25.6,6.0,22.8,1020.5,0.0,0,7,7,199,18667.3,2007.0,Hot-Humid
2016-07-17 01:00:00,Panther_lodging_Marisol,162.3313,25.6,6.0,22.8,1020.4,0.0,1,7,7,199,18667.3,2007.0,Hot-Humid
2016-07-17 02:00:00,Panther_lodging_Marisol,161.1811,25.6,2.0,22.8,1019.9,0.0,2,7,7,199,18667.3,2007.0,Hot-Humid
2016-07-17 03:00:00,Panther_lodging_Marisol,167.1323,25.0,2.0,23.3,1019.8,0.0,3,7,7,199,18667.3,2007.0,Hot-Humid
2016-07-17 04:00:00,Panther_lodging_Marisol,162.1313,25.6,2.0,23.3,1019.8,2.1,4,7,7,199,18667.3,2007.0,Hot-Humid
2016-07-17 05:00:00,Panther_lodging_Marisol,149.4788,25.6,2.0,23.3,1020.3,2.1,5,7,7,199,18667.3,2007.0,Hot-Humid
2016-07-17 06:00:00,Panther_lodging_Marisol,138.4267,25.6,2.0,23.3,1020.7,2.1,6,7,7,199,18667.3,2007.0,Hot-Humid
2016-07-17 07:00:00,Panther_lodging_Marisol,140.4271,27.2,2.0,24.4,1021.0,2.6,7,7,7,199,18667.3,2007.0,Hot-Humid
2016-07-17 08:00:00,Panther_lodging_Marisol,151.3292,28.3,2.0,25.0,1021.4,2.1,8,7,7,199,18667.3,2007.0,Hot-Humid
2016-07-17 09:00:00,Panther_lodging_Marisol,155.9801,28.9,2.8,23.9,1021.9,2.1,9,7,7,199,18667.3,2007.0,Hot-Humid
2016-07-17 10:00:00,Panther_lodging_Marisol,161.9313,31.1,3.6,23.3,1022.1,3.1,10,7,7,199,18667.3,2007.0,Hot-Humid
2016-07-17 11:00:00,Panther_lodging_Marisol,153.9797,32.2,4.4,22.8,1022.0,1.5,11,7,7,199,18667.3,2007.0,Hot-Humid
2016-07-17 12:00:00,Panther_lodging_Marisol,156.7302,31.7,4.4,22.8,1021.7,4.1,12,7,7,199,18667.3,2007.0,Hot-Humid
2016-07-17 13:00:00,Panther_lodging_Marisol,165.4319,30.0,6.0,23.9,1022.0,4.1,13,7,7,199,18667.3,2007.0,Hot-Humid
2016-07-17 14:00:00,Panther_lodging_Marisol,164.3317,33.3,5.5,22.8,1021.0,3.6,14,7,7,199,18667.3,2007.0,Hot-Humid
2016-07-17 15:00:00,Panther_lodging_Marisol,166.2821,27.8,5.0,21.7,1020.9,2.1,15,7,7,199,18667.3,2007.0,Hot-Humid
2016-07-17 16:00:00,Panther_lodging_Marisol,164.4317,31.1,4.5,24.4,1019.8,4.1,16,7,7,199,18667.3,2007.0,Hot-Humid
2016-07-17 17:00:00,Panther_lodging_Marisol,166.9822,33.3,4.0,22.8,1020.0,6.7,17,7,7,199,18667.3,2007.0,Hot-Humid
2016-07-17 18:00:00,Panther_lodging_Marisol,176.234,31.7,4.0,22.2,1020.6,6.2,18,7,7,199,18667.3,2007.0,Hot-Humid
2016-07-17 19:00:00,Panther_lodging_Marisol,183.0353,30.0,4.0,23.3,1021.7,5.1,19,7,7,199,18667.3,2007.0,Hot-Humid
2016-07-17 20:00:00,Panther_lodging_Marisol,173.7335,28.9,4.0,23.9,1022.1,4.1,20,7,7,199,18667.3,2007.0,Hot-Humid
2016-07-17 21:00:00,Panther_lodging_Marisol,186.236,27.8,4.0,23.9,1022.6,3.6,21,7,7,199,18667.3,2007.0,Hot-Humid
2016-07-17 22:00:00,Panther_lodging_Marisol,182.7853,27.2,4.0,23.9,1023.2,3.6,22,7,7,199,18667.3,2007.0,Hot-Humid
2016-07-17 23:00:00,Panther_lodging_Marisol,178.9345,27.2,4.0,23.9,1023.0,3.1,23,7,7,199,18667.3,2007.0,Hot-Humid
2016-07-18 00:00:00,Panther_lodging_Marisol,169.3327,26.7,4.0,23.9,1022.9,2.1,0,1,7,200,18667.3,2007.0,Hot-Humid
2016-07-18 01:00:00,Panther_lodging_Marisol,150.47899999999996,26.7,4.0,23.9,1022.6,2.1,1,1,7,200,18667.3,2007.0,Hot-Humid
2016-07-18 02:00:00,Panther_lodging_Marisol,145.7781,26.1,2.0,23.9,1021.9,2.1,2,1,7,200,18667.3,2007.0,Hot-Humid
2016-07-18 03:00:00,Panther_lodging_Marisol,145.028,26.1,2.0,23.9,1021.5,0.0,3,1,7,200,18667.3,2007.0,Hot-Humid
2016-07-18 04:00:00,Panther_lodging_Marisol,144.4779,25.6,2.0,23.9,1021.2,2.1,4,1,7,200,18667.3,2007.0,Hot-Humid
2016-07-18 05:00:00,Panther_lodging_Marisol,143.2276,26.1,2.6666666666666665,23.9,1021.4,2.6,5,1,7,200,18667.3,2007.0,Hot-Humid
2016-07-18 06:00:00,Panther_lodging_Marisol,149.9289,26.1,3.333333333333333,23.9,1021.5,2.1,6,1,7,200,18667.3,2007.0,Hot-Humid
2016-07-18 07:00:00,Panther_lodging_Marisol,150.7791,26.7,4.0,24.4,1021.9,2.6,7,1,7,200,18667.3,2007.0,Hot-Humid
2016-07-18 08:00:00,Panther_lodging_Marisol,155.18,29.4,4.333333333333333,24.4,1022.4,4.1,8,1,7,200,18667.3,2007.0,Hot-Humid
2016-07-18 09:00:00,Panther_lodging_Marisol,151.7793,30.6,4.666666666666667,23.9,1022.9,5.1,9,1,7,200,18667.3,2007.0,Hot-Humid
2016-07-18 10:00:00,Panther_lodging_Marisol,158.6306,31.7,5.0,23.3,1023.2,3.6,10,1,7,200,18667.3,2007.0,Hot-Humid
2016-07-18 11:00:00,Panther_lodging_Marisol,163.9816,30.6,5.0,22.2,1023.4,1.5,11,1,7,200,18667.3,2007.0,Hot-Humid
2016-07-18 12:00:00,Panther_lodging_Marisol,162.2313,33.3,5.0,21.7,1023.0,4.6,12,1,7,200,18667.3,2007.0,Hot-Humid
2016-07-18 13:00:00,Panther_lodging_Marisol,161.2311,33.3,6.0,23.3,1022.4,6.2,13,1,7,200,18667.3,2007.0,Hot-Humid
2016-07-18 14:00:00,Panther_lodging_Marisol,162.3813,31.1,5.6,21.1,1022.4,6.2,14,1,7,200,18667.3,2007.0,Hot-Humid
2016-07-18 15:00:00,Panther_lodging_Marisol,171.9832,33.9,5.2,22.8,1021.5,5.1,15,1,7,200,18667.3,2007.0,Hot-Humid
2016-07-18 16:00:00,Panther_lodging_Marisol,173.6335,23.9,4.8,20.0,1022.7,6.7,16,1,7,200,18667.3,2007.0,Hot-Humid
2016-07-18 17:00:00,Panther_lodging_Marisol,169.2326,29.4,4.8,22.2,1021.5,4.1,17,1,7,200,18667.3,2007.0,Hot-Humid
2016-07-18 18:00:00,Panther_lodging_Marisol,171.7832,30.0,4.0,23.9,1020.3,5.1,18,1,7,200,18667.3,2007.0,Hot-Humid
2016-07-18 19:00:00,Panther_lodging_Marisol,175.0838,29.4,2.0,22.8,1021.0,4.1,19,1,7,200,18667.3,2007.0,Hot-Humid
2016-07-18 20:00:00,Panther_lodging_Marisol,173.4335,28.3,2.0,21.7,1021.1,3.6,20,1,7,200,18667.3,2007.0,Hot-Humid
2016-07-18 21:00:00,Panther_lodging_Marisol,178.1844,27.2,2.0,22.8,1021.6,3.6,21,1,7,200,18667.3,2007.0,Hot-Humid
2016-07-18 22:00:00,Panther_lodging_Marisol,178.8845,26.7,2.0,22.8,1022.3,2.6,22,1,7,200,18667.3,2007.0,Hot-Humid
2016-07-18 23:00:00,Panther_lodging_Marisol,160.781,26.7,2.0,23.3,1022.5,2.6,23,1,7,200,18667.3,2007.0,Hot-Humid
2016-07-19 00:00:00,Panther_lodging_Marisol,161.1811,26.7,2.0,23.9,1022.1,3.1,0,2,7,201,18667.3,2007.0,Hot-Humid
2016-07-19 01:00:00,Panther_lodging_Marisol,155.33,26.1,2.0,23.9,1021.7,2.1,1,2,7,201,18667.3,2007.0,Hot-Humid
2016-07-19 02:00:00,Panther_lodging_Marisol,149.7289,25.6,2.0,23.3,1021.3,1.5,2,2,7,201,18667.3,2007.0,Hot-Humid
2016-07-19 03:00:00,Panther_lodging_Marisol,148.7787,25.0,2.0,23.3,1020.7,2.1,3,2,7,201,18667.3,2007.0,Hot-Humid
2016-07-19 04:00:00,Panther_lodging_Marisol,145.5281,25.6,2.0,23.3,1020.7,1.5,4,2,7,201,18667.3,2007.0,Hot-Humid
2016-07-19 05:00:00,Panther_lodging_Marisol,151.9293,25.0,2.0,23.3,1020.7,0.0,5,2,7,201,18667.3,2007.0,Hot-Humid
2016-07-19 06:00:00,Panther_lodging_Marisol,144.3779,25.0,2.0,23.3,1021.4,2.1,6,2,7,201,18667.3,2007.0,Hot-Humid
2016-07-19 07:00:00,Panther_lodging_Marisol,148.5787,26.7,2.0,23.9,1021.5,3.6,7,2,7,201,18667.3,2007.0,Hot-Humid
2016-07-19 08:00:00,Panther_lodging_Marisol,154.1297,28.9,2.0,23.9,1022.0,3.1,8,2,7,201,18667.3,2007.0,Hot-Humid
2016-07-19 09:00:00,Panther_lodging_Marisol,153.4796,30.0,4.0,23.9,1021.9,3.6,9,2,7,201,18667.3,2007.0,Hot-Humid
2016-07-19 10:00:00,Panther_lodging_Marisol,151.8793,31.7,4.0,22.8,1022.1,4.1,10,2,7,201,18667.3,2007.0,Hot-Humid
2016-07-19 11:00:00,Panther_lodging_Marisol,165.882,32.8,4.0,21.7,1022.0,3.1,11,2,7,201,18667.3,2007.0,Hot-Humid
2016-07-19 12:00:00,Panther_lodging_Marisol,165.1819,28.9,5.0,22.2,1021.7,3.6,12,2,7,201,18667.3,2007.0,Hot-Humid
2016-07-19 13:00:00,Panther_lodging_Marisol,164.7818,26.7,6.0,23.3,1021.9,5.7,13,2,7,201,18667.3,2007.0,Hot-Humid
2016-07-19 14:00:00,Panther_lodging_Marisol,156.6302,26.7,5.666666666666667,22.2,1021.6,0.0,14,2,7,201,18667.3,2007.0,Hot-Humid
2016-07-19 15:00:00,Panther_lodging_Marisol,171.13299999999995,28.9,5.333333333333333,22.2,1021.2,2.6,15,2,7,201,18667.3,2007.0,Hot-Humid
2016-07-19 16:00:00,Panther_lodging_Marisol,167.0822,27.8,5.0,21.7,1021.0,3.6,16,2,7,201,18667.3,2007.0,Hot-Humid
2016-07-19 17:00:00,Panther_lodging_Marisol,170.833,25.0,5.0,22.8,1020.9,2.1,17,2,7,201,18667.3,2007.0,Hot-Humid
2016-07-19 18:00:00,Panther_lodging_Marisol,170.783,25.6,5.0,22.8,1019.7,1.5,18,2,7,201,18667.3,2007.0,Hot-Humid
2016-07-19 19:00:00,Panther_lodging_Marisol,168.8826,26.1,4.0,22.2,1019.7,0.0,19,2,7,201,18667.3,2007.0,Hot-Humid
2016-07-19 20:00:00,Panther_lodging_Marisol,168.5325,26.1,2.0,22.8,1019.6,2.1,20,2,7,201,18667.3,2007.0,Hot-Humid
2016-07-19 21:00:00,Panther_lodging_Marisol,174.9838,26.1,2.0,23.3,1020.3,2.6,21,2,7,201,18667.3,2007.0,Hot-Humid
2016-07-19 22:00:00,Panther_lodging_Marisol,179.9347,26.7,2.0,23.9,1020.8,2.1,22,2,7,201,18667.3,2007.0,Hot-Humid
2016-07-19 23:00:00,Panther_lodging_Marisol,175.4839,26.1,2.0,23.9,1021.2,2.6,23,2,7,201,18667.3,2007.0,Hot-Humid
2016-07-20 00:00:00,Panther_lodging_Marisol,170.1828,25.6,4.0,23.9,1020.9,1.5,0,3,7,202,18667.3,2007.0,Hot-Humid
2016-07-20 01:00:00,Panther_lodging_Marisol,156.8803,25.6,6.0,23.9,1020.4,0.0,1,3,7,202,18667.3,2007.0,Hot-Humid
2016-07-20 02:00:00,Panther_lodging_Marisol,153.4796,25.0,4.0,23.9,1019.5,0.0,2,3,7,202,18667.3,2007.0,Hot-Humid
2016-07-20 03:00:00,Panther_lodging_Marisol,149.1788,25.0,2.0,23.3,1019.2,1.5,3,3,7,202,18667.3,2007.0,Hot-Humid
2016-07-20 04:00:00,Panther_lodging_Marisol,139.67700000000002,23.9,0.0,22.8,1019.4,0.0,4,3,7,202,18667.3,2007.0,Hot-Humid
2016-07-20 05:00:00,Panther_lodging_Marisol,143.8778,25.0,2.0,23.3,1019.8,0.0,5,3,7,202,18667.3,2007.0,Hot-Humid
2016-07-20 06:00:00,Panther_lodging_Marisol,145.278,25.0,4.0,23.9,1020.5,1.5,6,3,7,202,18667.3,2007.0,Hot-Humid
2016-07-20 07:00:00,Panther_lodging_Marisol,148.2786,26.1,4.0,24.4,1021.3,2.1,7,3,7,202,18667.3,2007.0,Hot-Humid
2016-07-20 08:00:00,Panther_lodging_Marisol,150.079,28.3,4.0,25.0,1021.4,2.1,8,3,7,202,18667.3,2007.0,Hot-Humid
2016-07-20 09:00:00,Panther_lodging_Marisol,150.329,30.0,4.0,24.4,1021.3,3.1,9,3,7,202,18667.3,2007.0,Hot-Humid
2016-07-20 10:00:00,Panther_lodging_Marisol,148.0286,30.6,4.0,23.3,1021.6,2.6,10,3,7,202,18667.3,2007.0,Hot-Humid
2016-07-20 11:00:00,Panther_lodging_Marisol,159.4808,31.7,4.0,22.2,1021.1,4.1,11,3,7,202,18667.3,2007.0,Hot-Humid
2016-07-20 12:00:00,Panther_lodging_Marisol,165.1319,33.3,4.0,22.2,1020.7,4.1,12,3,7,202,18667.3,2007.0,Hot-Humid
2016-07-20 13:00:00,Panther_lodging_Marisol,179.3846,33.9,6.0,22.2,1020.1,4.6,13,3,7,202,18667.3,2007.0,Hot-Humid
2016-07-20 14:00:00,Panther_lodging_Marisol,168.0824,31.7,5.5,21.7,1019.4,6.2,14,3,7,202,18667.3,2007.0,Hot-Humid
2016-07-20 15:00:00,Panther_lodging_Marisol,168.4825,31.7,5.0,22.2,1019.7,7.2,15,3,7,202,18667.3,2007.0,Hot-Humid
2016-07-20 16:00:00,Panther_lodging_Marisol,175.884,30.6,4.5,21.7,1019.2,4.1,16,3,7,202,18667.3,2007.0,Hot-Humid
2016-07-20 17:00:00,Panther_lodging_Marisol,177.6343,32.2,4.0,23.3,1018.7,4.6,17,3,7,202,18667.3,2007.0,Hot-Humid
2016-07-20 18:00:00,Panther_lodging_Marisol,174.0336,31.7,2.0,23.3,1018.8,4.1,18,3,7,202,18667.3,2007.0,Hot-Humid
2016-07-20 19:00:00,Panther_lodging_Marisol,178.4844,30.0,2.0,22.2,1018.8,4.1,19,3,7,202,18667.3,2007.0,Hot-Humid
2016-07-20 20:00:00,Panther_lodging_Marisol,176.28400000000005,28.9,2.0,22.8,1019.2,3.1,20,3,7,202,18667.3,2007.0,Hot-Humid
2016-07-20 21:00:00,Panther_lodging_Marisol,183.9855,27.8,2.0,23.3,1019.7,3.6,21,3,7,202,18667.3,2007.0,Hot-Humid
2016-07-20 22:00:00,Panther_lodging_Marisol,187.0861,27.2,4.0,23.3,1020.5,2.1,22,3,7,202,18667.3,2007.0,Hot-Humid
2016-07-20 23:00:00,Panther_lodging_Marisol,167.4323,26.7,4.666666666666667,23.3,1020.4,2.1,23,3,7,202,18667.3,2007.0,Hot-Humid
2016-07-21 00:00:00,Panther_lodging_Marisol,175.6839,25.6,5.333333333333333,23.3,1020.2,0.0,0,4,7,203,18667.3,2007.0,Hot-Humid
2016-07-21 01:00:00,Panther_lodging_Marisol,158.7807,26.1,6.0,23.9,1019.7,0.0,1,4,7,203,18667.3,2007.0,Hot-Humid
2016-07-21 02:00:00,Panther_lodging_Marisol,147.9286,25.6,4.0,23.9,1018.9,0.0,2,4,7,203,18667.3,2007.0,Hot-Humid
2016-07-21 03:00:00,Panther_lodging_Marisol,144.3279,25.6,4.0,23.9,1018.8,2.6,3,4,7,203,18667.3,2007.0,Hot-Humid
2016-07-21 04:00:00,Panther_lodging_Marisol,145.178,25.6,4.0,23.9,1018.3,2.1,4,4,7,203,18667.3,2007.0,Hot-Humid
2016-07-21 05:00:00,Panther_lodging_Marisol,153.7297,25.6,4.0,23.9,1018.6,1.5,5,4,7,203,18667.3,2007.0,Hot-Humid
2016-07-21 06:00:00,Panther_lodging_Marisol,139.5769,25.6,4.0,23.9,1019.1,1.5,6,4,7,203,18667.3,2007.0,Hot-Humid
2016-07-21 07:00:00,Panther_lodging_Marisol,154.1798,27.2,2.0,24.4,1019.8,2.1,7,4,7,203,18667.3,2007.0,Hot-Humid
2016-07-21 08:00:00,Panther_lodging_Marisol,158.0305,28.9,2.0,25.0,1020.3,3.6,8,4,7,203,18667.3,2007.0,Hot-Humid
2016-07-21 09:00:00,Panther_lodging_Marisol,150.47899999999996,29.4,3.0,24.4,1020.6,3.6,9,4,7,203,18667.3,2007.0,Hot-Humid
2016-07-21 10:00:00,Panther_lodging_Marisol,151.1792,31.7,4.0,23.9,1020.7,2.1,10,4,7,203,18667.3,2007.0,Hot-Humid
2016-07-21 11:00:00,Panther_lodging_Marisol,164.6318,31.7,4.0,22.8,1020.6,4.1,11,4,7,203,18667.3,2007.0,Hot-Humid
2016-07-21 12:00:00,Panther_lodging_Marisol,167.8824,33.3,4.0,22.8,1020.3,5.1,12,4,7,203,18667.3,2007.0,Hot-Humid
2016-07-21 13:00:00,Panther_lodging_Marisol,166.4321,30.6,6.0,22.2,1020.0,4.6,13,4,7,203,18667.3,2007.0,Hot-Humid
2016-07-21 14:00:00,Panther_lodging_Marisol,166.5821,32.2,6.0,22.8,1019.6,3.6,14,4,7,203,18667.3,2007.0,Hot-Humid
2016-07-21 15:00:00,Panther_lodging_Marisol,173.2334,24.4,6.0,20.6,1019.25,1.5,15,4,7,203,18667.3,2007.0,Hot-Humid
2016-07-21 16:00:00,Panther_lodging_Marisol,168.9326,26.1,6.0,22.2,1018.9,1.5,16,4,7,203,18667.3,2007.0,Hot-Humid
2016-07-21 17:00:00,Panther_lodging_Marisol,182.2852,28.3,6.0,22.8,1018.2,0.0,17,4,7,203,18667.3,2007.0,Hot-Humid
2016-07-21 18:00:00,Panther_lodging_Marisol,180.0347,28.3,6.0,22.8,1018.1,2.6,18,4,7,203,18667.3,2007.0,Hot-Humid
2016-07-21 19:00:00,Panther_lodging_Marisol,173.0334,28.3,6.0,23.3,1017.8,2.6,19,4,7,203,18667.3,2007.0,Hot-Humid
2016-07-21 20:00:00,Panther_lodging_Marisol,181.8351,27.8,4.0,23.9,1018.2,1.5,20,4,7,203,18667.3,2007.0,Hot-Humid
2016-07-21 21:00:00,Panther_lodging_Marisol,175.3338,27.2,2.0,24.4,1018.8,2.1,21,4,7,203,18667.3,2007.0,Hot-Humid
2016-07-21 22:00:00,Panther_lodging_Marisol,172.4833,25.6,2.0,23.9,1019.7,1.5,22,4,7,203,18667.3,2007.0,Hot-Humid
2016-07-21 23:00:00,Panther_lodging_Marisol,170.0328,26.1,4.0,23.9,1020.3,0.0,23,4,7,203,18667.3,2007.0,Hot-Humid
2016-07-22 00:00:00,Panther_lodging_Marisol,167.5323,26.1,4.0,23.9,1020.4,0.0,0,5,7,204,18667.3,2007.0,Hot-Humid
2016-07-22 01:00:00,Panther_lodging_Marisol,158.3306,26.1,4.0,23.9,1019.8,0.0,1,5,7,204,18667.3,2007.0,Hot-Humid
2016-07-22 02:00:00,Panther_lodging_Marisol,150.5291,26.1,4.0,23.9,1019.2,0.0,2,5,7,204,18667.3,2007.0,Hot-Humid
2016-07-22 03:00:00,Panther_lodging_Marisol,139.977,25.6,4.0,23.9,1018.4,0.0,3,5,7,204,18667.3,2007.0,Hot-Humid
2016-07-22 04:00:00,Panther_lodging_Marisol,135.9762,25.6,4.0,23.9,1018.3,0.0,4,5,7,204,18667.3,2007.0,Hot-Humid
2016-07-22 05:00:00,Panther_lodging_Marisol,146.4783,25.0,4.0,23.3,1018.0,0.0,5,5,7,204,18667.3,2007.0,Hot-Humid
2016-07-22 06:00:00,Panther_lodging_Marisol,141.4273,25.6,4.0,23.9,1018.2,0.0,6,5,7,204,18667.3,2007.0,Hot-Humid
2016-07-22 07:00:00,Panther_lodging_Marisol,143.9778,27.2,4.0,24.4,1018.7,0.0,7,5,7,204,18667.3,2007.0,Hot-Humid
2016-07-22 08:00:00,Panther_lodging_Marisol,158.6306,27.8,4.0,24.4,1019.2,0.0,8,5,7,204,18667.3,2007.0,Hot-Humid
2016-07-22 09:00:00,Panther_lodging_Marisol,151.1792,29.4,4.0,23.9,1019.2,0.0,9,5,7,204,18667.3,2007.0,Hot-Humid
2016-07-22 10:00:00,Panther_lodging_Marisol,166.8822,30.6,4.0,22.2,1019.2,0.0,10,5,7,204,18667.3,2007.0,Hot-Humid
2016-07-22 11:00:00,Panther_lodging_Marisol,154.4298,32.2,4.0,22.8,1019.2,2.1,11,5,7,204,18667.3,2007.0,Hot-Humid
2016-07-22 12:00:00,Panther_lodging_Marisol,166.7322,32.8,4.0,22.2,1018.9,1.5,12,5,7,204,18667.3,2007.0,Hot-Humid
2016-07-22 13:00:00,Panther_lodging_Marisol,163.9816,33.9,6.0,21.7,1018.5,2.1,13,5,7,204,18667.3,2007.0,Hot-Humid
2016-07-22 14:00:00,Panther_lodging_Marisol,168.2825,30.0,6.333333333333333,22.8,1017.6,7.7,14,5,7,204,18667.3,2007.0,Hot-Humid
2016-07-22 15:00:00,Panther_lodging_Marisol,190.4868,30.0,6.666666666666667,22.2,1017.1,4.6,15,5,7,204,18667.3,2007.0,Hot-Humid
2016-07-22 16:00:00,Panther_lodging_Marisol,154.7299,31.1,7.0,21.7,1017.6,4.1,16,5,7,204,18667.3,2007.0,Hot-Humid
2016-07-22 17:00:00,Panther_lodging_Marisol,158.8306,30.6,7.0,22.2,1017.0,4.6,17,5,7,204,18667.3,2007.0,Hot-Humid
2016-07-22 18:00:00,Panther_lodging_Marisol,164.0317,29.4,7.0,22.8,1016.9,3.1,18,5,7,204,18667.3,2007.0,Hot-Humid
2016-07-22 19:00:00,Panther_lodging_Marisol,174.0836,26.7,8.0,21.7,1018.0,8.8,19,5,7,204,18667.3,2007.0,Hot-Humid
2016-07-22 20:00:00,Panther_lodging_Marisol,180.5848,24.4,6.0,21.1,1017.6,2.6,20,5,7,204,18667.3,2007.0,Hot-Humid
2016-07-22 21:00:00,Panther_lodging_Marisol,176.43400000000003,25.0,4.0,20.6,1017.5,0.0,21,5,7,204,18667.3,2007.0,Hot-Humid
2016-07-22 22:00:00,Panther_lodging_Marisol,193.2373,24.4,5.0,20.6,1018.0,1.5,22,5,7,204,18667.3,2007.0,Hot-Humid
2016-07-22 23:00:00,Panther_lodging_Marisol,168.8326,24.4,6.0,20.6,1017.8,0.0,23,5,7,204,18667.3,2007.0,Hot-Humid
2016-07-23 00:00:00,Panther_lodging_Marisol,160.3309,23.9,7.0,21.1,1017.7,2.6,0,6,7,205,18667.3,2007.0,Hot-Humid
2016-07-23 01:00:00,Panther_lodging_Marisol,160.1309,23.3,8.0,21.1,1017.7,0.0,1,6,7,205,18667.3,2007.0,Hot-Humid
2016-07-23 02:00:00,Panther_lodging_Marisol,159.7808,23.3,7.0,21.7,1017.1,0.0,2,6,7,205,18667.3,2007.0,Hot-Humid
2016-07-23 03:00:00,Panther_lodging_Marisol,164.4817,22.8,6.0,21.1,1016.9,1.5,3,6,7,205,18667.3,2007.0,Hot-Humid
2016-07-23 04:00:00,Panther_lodging_Marisol,157.8305,23.3,5.0,21.7,1016.7,0.0,4,6,7,205,18667.3,2007.0,Hot-Humid
2016-07-23 05:00:00,Panther_lodging_Marisol,160.58100000000005,23.3,4.0,21.7,1016.4,0.0,5,6,7,205,18667.3,2007.0,Hot-Humid
2016-07-23 06:00:00,Panther_lodging_Marisol,157.1803,23.3,4.0,21.7,1016.3,0.0,6,6,7,205,18667.3,2007.0,Hot-Humid
2016-07-23 07:00:00,Panther_lodging_Marisol,155.33,24.4,4.0,22.8,1016.8,1.5,7,6,7,205,18667.3,2007.0,Hot-Humid
2016-07-23 08:00:00,Panther_lodging_Marisol,147.4785,26.1,4.0,22.8,1017.1,0.0,8,6,7,205,18667.3,2007.0,Hot-Humid
2016-07-23 09:00:00,Panther_lodging_Marisol,147.7785,27.8,4.0,21.7,1017.3,1.5,9,6,7,205,18667.3,2007.0,Hot-Humid
2016-07-23 10:00:00,Panther_lodging_Marisol,154.4298,30.0,4.0,20.6,1017.8,2.1,10,6,7,205,18667.3,2007.0,Hot-Humid
2016-07-23 11:00:00,Panther_lodging_Marisol,164.4817,31.1,4.0,21.1,1017.7,0.0,11,6,7,205,18667.3,2007.0,Hot-Humid
2016-07-23 12:00:00,Panther_lodging_Marisol,171.5331,31.1,4.0,21.1,1017.4,0.0,12,6,7,205,18667.3,2007.0,Hot-Humid
2016-07-23 13:00:00,Panther_lodging_Marisol,172.1832,32.8,4.0,20.6,1017.0,1.5,13,6,7,205,18667.3,2007.0,Hot-Humid
2016-07-23 14:00:00,Panther_lodging_Marisol,169.0326,31.7,4.0,21.1,1016.3,1.5,14,6,7,205,18667.3,2007.0,Hot-Humid
2016-07-23 15:00:00,Panther_lodging_Marisol,157.9805,33.3,4.4,20.6,1015.7,3.1,15,6,7,205,18667.3,2007.0,Hot-Humid
2016-07-23 16:00:00,Panther_lodging_Marisol,165.732,32.8,4.8,20.6,1015.3,2.1,16,6,7,205,18667.3,2007.0,Hot-Humid
2016-07-23 17:00:00,Panther_lodging_Marisol,169.3827,33.3,5.2,20.6,1015.1,2.6,17,6,7,205,18667.3,2007.0,Hot-Humid
2016-07-23 18:00:00,Panther_lodging_Marisol,169.2326,31.1,5.2,22.2,1014.9,6.7,18,6,7,205,18667.3,2007.0,Hot-Humid
2016-07-23 19:00:00,Panther_lodging_Marisol,174.0336,26.7,6.0,22.8,1015.9,5.7,19,6,7,205,18667.3,2007.0,Hot-Humid
2016-07-23 20:00:00,Panther_lodging_Marisol,173.2334,26.1,5.5,21.1,1016.3,5.1,20,6,7,205,18667.3,2007.0,Hot-Humid
2016-07-23 21:00:00,Panther_lodging_Marisol,177.8343,26.1,5.0,21.1,1016.9,2.1,21,6,7,205,18667.3,2007.0,Hot-Humid
2016-07-23 22:00:00,Panther_lodging_Marisol,176.5841,25.0,4.5,22.8,1017.5,0.0,22,6,7,205,18667.3,2007.0,Hot-Humid
2016-07-23 23:00:00,Panther_lodging_Marisol,175.4839,25.0,4.0,22.2,1017.5,3.1,23,6,7,205,18667.3,2007.0,Hot-Humid
2016-07-24 00:00:00,Panther_lodging_Marisol,164.7318,25.0,2.0,22.8,1017.6,0.0,0,7,7,206,18667.3,2007.0,Hot-Humid
2016-07-24 01:00:00,Panther_lodging_Marisol,150.9791,25.0,2.0,22.2,1017.4,2.1,1,7,7,206,18667.3,2007.0,Hot-Humid
2016-07-24 02:00:00,Panther_lodging_Marisol,167.0322,25.0,2.0,22.8,1016.8,0.0,2,7,7,206,18667.3,2007.0,Hot-Humid
2016-07-24 03:00:00,Panther_lodging_Marisol,158.3806,25.0,2.0,22.8,1016.7,0.0,3,7,7,206,18667.3,2007.0,Hot-Humid
2016-07-24 04:00:00,Panther_lodging_Marisol,147.7285,23.9,2.0,22.8,1016.6,0.0,4,7,7,206,18667.3,2007.0,Hot-Humid
2016-07-24 05:00:00,Panther_lodging_Marisol,148.2786,24.4,2.0,22.8,1016.8,0.0,5,7,7,206,18667.3,2007.0,Hot-Humid
2016-07-24 06:00:00,Panther_lodging_Marisol,143.6777,24.4,2.0,22.8,1016.9,0.0,6,7,7,206,18667.3,2007.0,Hot-Humid
2016-07-24 07:00:00,Panther_lodging_Marisol,150.079,25.6,2.0,23.3,1017.1,0.0,7,7,7,206,18667.3,2007.0,Hot-Humid
2016-07-24 08:00:00,Panther_lodging_Marisol,156.1801,27.2,2.0,23.9,1017.9,2.1,8,7,7,206,18667.3,2007.0,Hot-Humid
2016-07-24 09:00:00,Panther_lodging_Marisol,159.2307,28.9,2.0,22.8,1017.9,2.1,9,7,7,206,18667.3,2007.0,Hot-Humid
2016-07-24 10:00:00,Panther_lodging_Marisol,156.6802,30.0,2.0,22.8,1017.8,1.5,10,7,7,206,18667.3,2007.0,Hot-Humid
2016-07-24 11:00:00,Panther_lodging_Marisol,160.531,32.2,4.0,21.1,1017.7,3.6,11,7,7,206,18667.3,2007.0,Hot-Humid
2016-07-24 12:00:00,Panther_lodging_Marisol,165.4319,32.8,4.0,21.1,1017.6,1.5,12,7,7,206,18667.3,2007.0,Hot-Humid
2016-07-24 13:00:00,Panther_lodging_Marisol,170.983,33.9,4.0,18.3,1016.9,2.6,13,7,7,206,18667.3,2007.0,Hot-Humid
2016-07-24 14:00:00,Panther_lodging_Marisol,176.43400000000003,33.9,4.0,19.4,1016.2,4.1,14,7,7,206,18667.3,2007.0,Hot-Humid
2016-07-24 15:00:00,Panther_lodging_Marisol,179.7847,32.8,4.0,20.6,1015.8,6.2,15,7,7,206,18667.3,2007.0,Hot-Humid
2016-07-24 16:00:00,Panther_lodging_Marisol,169.5827,32.2,4.5,20.6,1015.8,7.2,16,7,7,206,18667.3,2007.0,Hot-Humid
2016-07-24 17:00:00,Panther_lodging_Marisol,186.786,30.6,5.0,22.2,1016.4,8.2,17,7,7,206,18667.3,2007.0,Hot-Humid
2016-07-24 18:00:00,Panther_lodging_Marisol,198.4383,30.0,5.5,21.1,1016.9,5.7,18,7,7,206,18667.3,2007.0,Hot-Humid
2016-07-24 19:00:00,Panther_lodging_Marisol,185.7859,28.3,6.0,21.7,1017.4,4.1,19,7,7,206,18667.3,2007.0,Hot-Humid
2016-07-24 20:00:00,Panther_lodging_Marisol,192.6872,26.1,4.0,21.1,1017.5,2.6,20,7,7,206,18667.3,2007.0,Hot-Humid
2016-07-24 21:00:00,Panther_lodging_Marisol,177.4842,25.0,2.0,21.1,1017.8,2.6,21,7,7,206,18667.3,2007.0,Hot-Humid
2016-07-24 22:00:00,Panther_lodging_Marisol,179.3846,24.4,4.0,21.1,1018.4,1.5,22,7,7,206,18667.3,2007.0,Hot-Humid
2016-07-24 23:00:00,Panther_lodging_Marisol,181.285,24.4,2.0,21.1,1018.5,2.1,23,7,7,206,18667.3,2007.0,Hot-Humid
2016-07-25 00:00:00,Panther_lodging_Marisol,159.6808,23.9,2.0,21.7,1018.5,1.5,0,1,7,207,18667.3,2007.0,Hot-Humid
2016-07-25 01:00:00,Panther_lodging_Marisol,154.0797,24.4,2.0,21.1,1018.1,1.5,1,1,7,207,18667.3,2007.0,Hot-Humid
2016-07-25 02:00:00,Panther_lodging_Marisol,153.5296,23.9,0.0,21.7,1017.6,1.5,2,1,7,207,18667.3,2007.0,Hot-Humid
2016-07-25 03:00:00,Panther_lodging_Marisol,140.4271,23.9,2.0,21.7,1017.5,0.0,3,1,7,207,18667.3,2007.0,Hot-Humid
2016-07-25 04:00:00,Panther_lodging_Marisol,151.9293,23.9,0.0,21.7,1017.4,0.0,4,1,7,207,18667.3,2007.0,Hot-Humid
2016-07-25 05:00:00,Panther_lodging_Marisol,144.97799999999995,23.9,2.0,21.7,1017.4,0.0,5,1,7,207,18667.3,2007.0,Hot-Humid
2016-07-25 06:00:00,Panther_lodging_Marisol,137.6766,23.3,2.0,21.7,1017.8,1.5,6,1,7,207,18667.3,2007.0,Hot-Humid
2016-07-25 07:00:00,Panther_lodging_Marisol,137.0264,25.0,2.0,23.3,1018.2,1.5,7,1,7,207,18667.3,2007.0,Hot-Humid
2016-07-25 08:00:00,Panther_lodging_Marisol,159.0307,27.2,2.0,22.2,1018.8,0.0,8,1,7,207,18667.3,2007.0,Hot-Humid
2016-07-25 09:00:00,Panther_lodging_Marisol,153.5296,28.9,2.0,21.7,1019.1,2.6,9,1,7,207,18667.3,2007.0,Hot-Humid
2016-07-25 10:00:00,Panther_lodging_Marisol,155.43,30.0,4.0,21.1,1019.0,3.1,10,1,7,207,18667.3,2007.0,Hot-Humid
2016-07-25 11:00:00,Panther_lodging_Marisol,162.1813,30.6,4.0,21.7,1018.8,3.1,11,1,7,207,18667.3,2007.0,Hot-Humid
2016-07-25 12:00:00,Panther_lodging_Marisol,169.6327,32.2,4.0,21.1,1018.3,3.1,12,1,7,207,18667.3,2007.0,Hot-Humid
2016-07-25 13:00:00,Panther_lodging_Marisol,176.03400000000005,32.2,6.0,20.0,1017.7,3.1,13,1,7,207,18667.3,2007.0,Hot-Humid
2016-07-25 14:00:00,Panther_lodging_Marisol,165.1319,32.2,4.0,20.6,1017.2,4.1,14,1,7,207,18667.3,2007.0,Hot-Humid
2016-07-25 15:00:00,Panther_lodging_Marisol,167.3323,32.8,4.0,21.1,1016.5,3.1,15,1,7,207,18667.3,2007.0,Hot-Humid
2016-07-25 16:00:00,Panther_lodging_Marisol,168.6826,32.8,4.0,21.1,1016.2,3.1,16,1,7,207,18667.3,2007.0,Hot-Humid
2016-07-25 17:00:00,Panther_lodging_Marisol,172.9834,33.3,4.0,18.9,1015.9,4.6,17,1,7,207,18667.3,2007.0,Hot-Humid
2016-07-25 18:00:00,Panther_lodging_Marisol,179.0346,32.8,3.0,19.4,1016.6,3.1,18,1,7,207,18667.3,2007.0,Hot-Humid
2016-07-25 19:00:00,Panther_lodging_Marisol,185.5358,28.9,2.0,21.7,1016.7,4.6,19,1,7,207,18667.3,2007.0,Hot-Humid
2016-07-25 20:00:00,Panther_lodging_Marisol,189.5366,28.3,2.0,22.2,1017.3,4.6,20,1,7,207,18667.3,2007.0,Hot-Humid
2016-07-25 21:00:00,Panther_lodging_Marisol,186.0359,27.2,2.0,22.8,1018.1,3.6,21,1,7,207,18667.3,2007.0,Hot-Humid
2016-07-25 22:00:00,Panther_lodging_Marisol,184.5356,26.7,2.0,21.7,1018.3,3.1,22,1,7,207,18667.3,2007.0,Hot-Humid
2016-07-25 23:00:00,Panther_lodging_Marisol,179.1846,25.6,0.0,22.2,1018.5,1.5,23,1,7,207,18667.3,2007.0,Hot-Humid
2016-07-26 00:00:00,Panther_lodging_Marisol,167.5823,25.6,2.0,22.2,1018.8,0.0,0,2,7,208,18667.3,2007.0,Hot-Humid
2016-07-26 01:00:00,Panther_lodging_Marisol,164.2317,25.6,2.0,22.2,1018.8,0.0,1,2,7,208,18667.3,2007.0,Hot-Humid
2016-07-26 02:00:00,Panther_lodging_Marisol,152.1794,25.0,2.0,22.8,1018.1,0.0,2,2,7,208,18667.3,2007.0,Hot-Humid
2016-07-26 03:00:00,Panther_lodging_Marisol,147.3284,25.0,2.0,22.8,1018.1,0.0,3,2,7,208,18667.3,2007.0,Hot-Humid
2016-07-26 04:00:00,Panther_lodging_Marisol,139.977,24.4,2.0,22.8,1018.1,0.0,4,2,7,208,18667.3,2007.0,Hot-Humid
2016-07-26 05:00:00,Panther_lodging_Marisol,150.7791,25.0,2.0,22.8,1018.2,1.5,5,2,7,208,18667.3,2007.0,Hot-Humid
2016-07-26 06:00:00,Panther_lodging_Marisol,142.8776,24.4,2.0,22.8,1018.4,0.0,6,2,7,208,18667.3,2007.0,Hot-Humid
2016-07-26 07:00:00,Panther_lodging_Marisol,148.1286,26.1,2.0,23.3,1018.7,0.0,7,2,7,208,18667.3,2007.0,Hot-Humid
2016-07-26 08:00:00,Panther_lodging_Marisol,159.7808,28.3,2.0,22.8,1019.1,1.5,8,2,7,208,18667.3,2007.0,Hot-Humid
2016-07-26 09:00:00,Panther_lodging_Marisol,162.9314,30.6,2.0,21.7,1019.1,3.6,9,2,7,208,18667.3,2007.0,Hot-Humid
2016-07-26 10:00:00,Panther_lodging_Marisol,163.6316,31.1,4.0,22.2,1019.2,3.6,10,2,7,208,18667.3,2007.0,Hot-Humid
2016-07-26 11:00:00,Panther_lodging_Marisol,178.5345,31.7,4.0,22.8,1019.2,3.1,11,2,7,208,18667.3,2007.0,Hot-Humid
2016-07-26 12:00:00,Panther_lodging_Marisol,171.233,32.2,4.0,22.2,1018.9,0.0,12,2,7,208,18667.3,2007.0,Hot-Humid
2016-07-26 13:00:00,Panther_lodging_Marisol,162.0313,33.3,4.0,21.7,1018.3,3.1,13,2,7,208,18667.3,2007.0,Hot-Humid
2016-07-26 14:00:00,Panther_lodging_Marisol,168.2325,33.9,4.0,21.7,1017.5,3.6,14,2,7,208,18667.3,2007.0,Hot-Humid
2016-07-26 15:00:00,Panther_lodging_Marisol,172.4333,34.4,4.0,21.7,1017.1,2.6,15,2,7,208,18667.3,2007.0,Hot-Humid
2016-07-26 16:00:00,Panther_lodging_Marisol,167.6824,34.4,4.0,21.1,1016.3,3.1,16,2,7,208,18667.3,2007.0,Hot-Humid
2016-07-26 17:00:00,Panther_lodging_Marisol,160.531,34.4,4.0,20.6,1016.1,3.1,17,2,7,208,18667.3,2007.0,Hot-Humid
2016-07-26 18:00:00,Panther_lodging_Marisol,172.3833,31.7,4.0,23.3,1016.2,5.7,18,2,7,208,18667.3,2007.0,Hot-Humid
2016-07-26 19:00:00,Panther_lodging_Marisol,162.1313,30.6,4.0,23.3,1016.8,3.6,19,2,7,208,18667.3,2007.0,Hot-Humid
2016-07-26 20:00:00,Panther_lodging_Marisol,180.2848,29.4,2.0,23.3,1017.3,3.6,20,2,7,208,18667.3,2007.0,Hot-Humid
2016-07-26 21:00:00,Panther_lodging_Marisol,187.3862,28.9,2.0,22.8,1017.9,3.6,21,2,7,208,18667.3,2007.0,Hot-Humid
2016-07-26 22:00:00,Panther_lodging_Marisol,183.9355,27.8,2.0,23.3,1018.4,3.1,22,2,7,208,18667.3,2007.0,Hot-Humid
2016-07-26 23:00:00,Panther_lodging_Marisol,184.5856,27.2,2.0,22.8,1018.8,2.6,23,2,7,208,18667.3,2007.0,Hot-Humid
2016-07-27 00:00:00,Panther_lodging_Marisol,173.4835,26.7,2.0,23.3,1018.9,1.5,0,3,7,209,18667.3,2007.0,Hot-Humid
2016-07-27 01:00:00,Panther_lodging_Marisol,165.68200000000004,26.7,4.0,23.3,1018.8,2.6,1,3,7,209,18667.3,2007.0,Hot-Humid
2016-07-27 02:00:00,Panther_lodging_Marisol,151.1292,26.1,4.0,22.8,1018.5,2.1,2,3,7,209,18667.3,2007.0,Hot-Humid
2016-07-27 03:00:00,Panther_lodging_Marisol,144.6279,25.6,2.0,22.8,1018.2,1.5,3,3,7,209,18667.3,2007.0,Hot-Humid
2016-07-27 04:00:00,Panther_lodging_Marisol,144.7279,25.6,2.0,23.3,1018.1,2.1,4,3,7,209,18667.3,2007.0,Hot-Humid
2016-07-27 05:00:00,Panther_lodging_Marisol,137.7766,25.6,2.0,23.3,1018.2,0.0,5,3,7,209,18667.3,2007.0,Hot-Humid
2016-07-27 06:00:00,Panther_lodging_Marisol,146.8783,25.0,2.0,23.3,1018.4,0.0,6,3,7,209,18667.3,2007.0,Hot-Humid
2016-07-27 07:00:00,Panther_lodging_Marisol,149.0788,26.7,0.0,24.4,1018.7,1.5,7,3,7,209,18667.3,2007.0,Hot-Humid
2016-07-27 08:00:00,Panther_lodging_Marisol,156.0801,28.9,0.0,23.9,1019.3,3.1,8,3,7,209,18667.3,2007.0,Hot-Humid
2016-07-27 09:00:00,Panther_lodging_Marisol,147.0284,30.0,4.0,23.9,1019.7,2.1,9,3,7,209,18667.3,2007.0,Hot-Humid
2016-07-27 10:00:00,Panther_lodging_Marisol,164.4317,31.1,2.0,23.3,1019.2,2.1,10,3,7,209,18667.3,2007.0,Hot-Humid
2016-07-27 11:00:00,Panther_lodging_Marisol,161.7812,32.2,4.0,22.2,1019.2,2.1,11,3,7,209,18667.3,2007.0,Hot-Humid
2016-07-27 12:00:00,Panther_lodging_Marisol,163.1815,33.3,4.0,21.1,1019.0,3.6,12,3,7,209,18667.3,2007.0,Hot-Humid
2016-07-27 13:00:00,Panther_lodging_Marisol,162.8314,34.4,2.0,20.0,1018.2,2.1,13,3,7,209,18667.3,2007.0,Hot-Humid
2016-07-27 14:00:00,Panther_lodging_Marisol,163.8316,34.4,2.0,20.0,1017.4,1.5,14,3,7,209,18667.3,2007.0,Hot-Humid
2016-07-27 15:00:00,Panther_lodging_Marisol,167.4823,34.4,4.0,20.6,1017.0,5.1,15,3,7,209,18667.3,2007.0,Hot-Humid
2016-07-27 16:00:00,Panther_lodging_Marisol,170.6329,35.6,4.0,20.0,1016.5,2.6,16,3,7,209,18667.3,2007.0,Hot-Humid
2016-07-27 17:00:00,Panther_lodging_Marisol,172.3333,34.4,2.0,18.9,1016.2,2.6,17,3,7,209,18667.3,2007.0,Hot-Humid
2016-07-27 18:00:00,Panther_lodging_Marisol,183.7355,34.4,2.0,19.4,1016.2,2.1,18,3,7,209,18667.3,2007.0,Hot-Humid
2016-07-27 19:00:00,Panther_lodging_Marisol,167.3823,31.7,4.0,22.8,1016.6,4.6,19,3,7,209,18667.3,2007.0,Hot-Humid
2016-07-27 20:00:00,Panther_lodging_Marisol,173.7835,30.0,4.0,22.8,1016.9,4.1,20,3,7,209,18667.3,2007.0,Hot-Humid
2016-07-27 21:00:00,Panther_lodging_Marisol,175.2838,28.9,4.0,22.8,1017.6,4.1,21,3,7,209,18667.3,2007.0,Hot-Humid
2016-07-27 22:00:00,Panther_lodging_Marisol,180.5848,27.8,4.0,22.8,1018.2,2.6,22,3,7,209,18667.3,2007.0,Hot-Humid
2016-07-27 23:00:00,Panther_lodging_Marisol,166.5821,27.2,4.0,22.8,1018.3,3.6,23,3,7,209,18667.3,2007.0,Hot-Humid
2016-07-28 00:00:00,Panther_lodging_Marisol,158.5806,26.7,4.0,23.3,1018.2,2.1,0,4,7,210,18667.3,2007.0,Hot-Humid
2016-07-28 01:00:00,Panther_lodging_Marisol,156.4302,27.2,6.0,23.9,1018.3,3.1,1,4,7,210,18667.3,2007.0,Hot-Humid
2016-07-28 02:00:00,Panther_lodging_Marisol,149.0288,26.1,4.0,23.9,1018.0,2.1,2,4,7,210,18667.3,2007.0,Hot-Humid
2016-07-28 03:00:00,Panther_lodging_Marisol,146.3782,26.1,2.0,23.9,1017.6,0.0,3,4,7,210,18667.3,2007.0,Hot-Humid
2016-07-28 04:00:00,Panther_lodging_Marisol,152.8795,26.1,0.0,23.9,1017.7,0.0,4,4,7,210,18667.3,2007.0,Hot-Humid
2016-07-28 05:00:00,Panther_lodging_Marisol,136.9764,25.6,0.0,23.9,1017.9,1.5,5,4,7,210,18667.3,2007.0,Hot-Humid
2016-07-28 06:00:00,Panther_lodging_Marisol,148.1786,25.0,2.0,23.9,1018.1,2.1,6,4,7,210,18667.3,2007.0,Hot-Humid
2016-07-28 07:00:00,Panther_lodging_Marisol,151.8793,26.1,2.0,24.4,1018.3,2.6,7,4,7,210,18667.3,2007.0,Hot-Humid
2016-07-28 08:00:00,Panther_lodging_Marisol,151.5793,28.9,0.0,23.3,1018.7,2.6,8,4,7,210,18667.3,2007.0,Hot-Humid
2016-07-28 09:00:00,Panther_lodging_Marisol,153.8797,30.6,2.0,22.8,1018.5,4.1,9,4,7,210,18667.3,2007.0,Hot-Humid
2016-07-28 10:00:00,Panther_lodging_Marisol,167.0322,31.7,2.0,21.7,1018.6,4.6,10,4,7,210,18667.3,2007.0,Hot-Humid
2016-07-28 11:00:00,Panther_lodging_Marisol,164.8318,32.8,2.0,21.1,1018.3,3.6,11,4,7,210,18667.3,2007.0,Hot-Humid
2016-07-28 12:00:00,Panther_lodging_Marisol,175.0838,33.3,2.0,20.6,1017.9,2.6,12,4,7,210,18667.3,2007.0,Hot-Humid
2016-07-28 13:00:00,Panther_lodging_Marisol,168.2325,33.9,2.0,21.1,1017.3,4.6,13,4,7,210,18667.3,2007.0,Hot-Humid
2016-07-28 14:00:00,Panther_lodging_Marisol,180.6349,35.6,2.0,21.1,1016.7,4.6,14,4,7,210,18667.3,2007.0,Hot-Humid
2016-07-28 15:00:00,Panther_lodging_Marisol,178.4344,35.0,4.0,20.6,1016.4,1.5,15,4,7,210,18667.3,2007.0,Hot-Humid
2016-07-28 16:00:00,Panther_lodging_Marisol,172.8333,35.0,4.0,18.9,1015.9,0.0,16,4,7,210,18667.3,2007.0,Hot-Humid
2016-07-28 17:00:00,Panther_lodging_Marisol,174.8838,35.0,4.0,20.0,1015.7,4.6,17,4,7,210,18667.3,2007.0,Hot-Humid
2016-07-28 18:00:00,Panther_lodging_Marisol,181.8351,34.4,4.0,19.4,1015.7,3.6,18,4,7,210,18667.3,2007.0,Hot-Humid
2016-07-28 19:00:00,Panther_lodging_Marisol,175.2838,31.7,4.0,21.1,1015.8,2.6,19,4,7,210,18667.3,2007.0,Hot-Humid
2016-07-28 20:00:00,Panther_lodging_Marisol,175.2838,30.6,4.0,23.3,1016.2,4.1,20,4,7,210,18667.3,2007.0,Hot-Humid
2016-07-28 21:00:00,Panther_lodging_Marisol,167.3323,28.9,0.0,23.3,1016.9,3.6,21,4,7,210,18667.3,2007.0,Hot-Humid
2016-07-28 22:00:00,Panther_lodging_Marisol,172.0832,28.3,2.0,22.2,1017.6,3.1,22,4,7,210,18667.3,2007.0,Hot-Humid
2016-07-28 23:00:00,Panther_lodging_Marisol,188.8364,27.8,2.0,22.2,1017.6,4.1,23,4,7,210,18667.3,2007.0,Hot-Humid
2016-07-29 00:00:00,Panther_lodging_Marisol,174.0336,27.8,4.0,21.7,1018.2,2.1,0,5,7,211,18667.3,2007.0,Hot-Humid
2016-07-29 01:00:00,Panther_lodging_Marisol,164.8818,26.7,2.0,22.2,1017.5,1.5,1,5,7,211,18667.3,2007.0,Hot-Humid
2016-07-29 02:00:00,Panther_lodging_Marisol,160.1809,26.1,2.0,22.8,1016.8,0.0,2,5,7,211,18667.3,2007.0,Hot-Humid
2016-07-29 03:00:00,Panther_lodging_Marisol,155.8801,26.1,2.0,23.3,1016.7,0.0,3,5,7,211,18667.3,2007.0,Hot-Humid
2016-07-29 04:00:00,Panther_lodging_Marisol,137.3265,25.0,2.0,23.3,1016.8,1.5,4,5,7,211,18667.3,2007.0,Hot-Humid
2016-07-29 05:00:00,Panther_lodging_Marisol,135.9762,25.0,0.0,23.9,1016.9,1.5,5,5,7,211,18667.3,2007.0,Hot-Humid
2016-07-29 06:00:00,Panther_lodging_Marisol,136.0262,25.6,4.0,23.9,1017.3,0.0,6,5,7,211,18667.3,2007.0,Hot-Humid
2016-07-29 07:00:00,Panther_lodging_Marisol,146.7283,26.1,2.0,24.4,1017.7,1.5,7,5,7,211,18667.3,2007.0,Hot-Humid
2016-07-29 08:00:00,Panther_lodging_Marisol,161.9813,28.3,2.0,24.4,1017.8,2.1,8,5,7,211,18667.3,2007.0,Hot-Humid
2016-07-29 09:00:00,Panther_lodging_Marisol,155.63,30.6,2.0,23.9,1018.0,0.0,9,5,7,211,18667.3,2007.0,Hot-Humid
2016-07-29 10:00:00,Panther_lodging_Marisol,157.9805,32.2,2.0,23.3,1017.8,2.1,10,5,7,211,18667.3,2007.0,Hot-Humid
2016-07-29 11:00:00,Panther_lodging_Marisol,166.1821,34.4,4.0,21.7,1017.4,1.5,11,5,7,211,18667.3,2007.0,Hot-Humid
2016-07-29 12:00:00,Panther_lodging_Marisol,165.2319,34.4,4.0,21.7,1017.0,2.1,12,5,7,211,18667.3,2007.0,Hot-Humid
2016-07-29 13:00:00,Panther_lodging_Marisol,162.3813,36.1,4.0,20.6,1016.8,3.6,13,5,7,211,18667.3,2007.0,Hot-Humid
2016-07-29 14:00:00,Panther_lodging_Marisol,165.0819,32.8,4.333333333333333,22.2,1016.2,3.6,14,5,7,211,18667.3,2007.0,Hot-Humid
2016-07-29 15:00:00,Panther_lodging_Marisol,162.7314,26.1,4.666666666666667,22.2,1016.7,2.1,15,5,7,211,18667.3,2007.0,Hot-Humid
2016-07-29 16:00:00,Panther_lodging_Marisol,169.0326,26.7,5.0,23.9,1017.2,4.1,16,5,7,211,18667.3,2007.0,Hot-Humid
2016-07-29 17:00:00,Panther_lodging_Marisol,165.632,25.6,5.0,23.3,1016.8,3.6,17,5,7,211,18667.3,2007.0,Hot-Humid
2016-07-29 18:00:00,Panther_lodging_Marisol,168.0324,25.0,5.0,22.8,1017.5,1.5,18,5,7,211,18667.3,2007.0,Hot-Humid
2016-07-29 19:00:00,Panther_lodging_Marisol,170.3829,25.0,6.0,23.3,1017.0,4.6,19,5,7,211,18667.3,2007.0,Hot-Humid
2016-07-29 20:00:00,Panther_lodging_Marisol,167.9324,25.6,5.666666666666667,23.9,1016.7,0.0,20,5,7,211,18667.3,2007.0,Hot-Humid
2016-07-29 21:00:00,Panther_lodging_Marisol,177.0342,25.0,5.333333333333333,23.3,1017.0,1.5,21,5,7,211,18667.3,2007.0,Hot-Humid
2016-07-29 22:00:00,Panther_lodging_Marisol,176.5341,25.0,5.0,23.3,1017.5,0.0,22,5,7,211,18667.3,2007.0,Hot-Humid
2016-07-29 23:00:00,Panther_lodging_Marisol,165.1319,25.0,5.0,23.3,1017.4,0.0,23,5,7,211,18667.3,2007.0,Hot-Humid
2016-07-30 00:00:00,Panther_lodging_Marisol,173.9336,25.0,5.0,23.3,1017.2,0.0,0,6,7,212,18667.3,2007.0,Hot-Humid
2016-07-30 01:00:00,Panther_lodging_Marisol,166.8322,23.9,4.0,23.3,1017.1,2.1,1,6,7,212,18667.3,2007.0,Hot-Humid
2016-07-30 02:00:00,Panther_lodging_Marisol,157.8805,24.4,4.0,23.3,1016.6,0.0,2,6,7,212,18667.3,2007.0,Hot-Humid
2016-07-30 03:00:00,Panther_lodging_Marisol,152.0294,23.9,4.0,23.3,1016.4,0.0,3,6,7,212,18667.3,2007.0,Hot-Humid
2016-07-30 04:00:00,Panther_lodging_Marisol,140.8772,24.4,4.0,23.3,1016.2,0.0,4,6,7,212,18667.3,2007.0,Hot-Humid
2016-07-30 05:00:00,Panther_lodging_Marisol,133.2257,24.4,2.0,23.3,1016.3,0.0,5,6,7,212,18667.3,2007.0,Hot-Humid
2016-07-30 06:00:00,Panther_lodging_Marisol,133.2257,24.4,2.0,23.3,1017.2,0.0,6,6,7,212,18667.3,2007.0,Hot-Humid
2016-07-30 07:00:00,Panther_lodging_Marisol,135.4761,26.1,2.0,24.4,1017.6,0.0,7,6,7,212,18667.3,2007.0,Hot-Humid
2016-07-30 08:00:00,Panther_lodging_Marisol,137.9266,27.2,2.0,25.0,1018.2,2.1,8,6,7,212,18667.3,2007.0,Hot-Humid
2016-07-30 09:00:00,Panther_lodging_Marisol,150.8291,29.4,2.0,24.4,1018.3,1.5,9,6,7,212,18667.3,2007.0,Hot-Humid
2016-07-30 10:00:00,Panther_lodging_Marisol,155.2299,30.6,4.0,23.9,1018.4,1.5,10,6,7,212,18667.3,2007.0,Hot-Humid
2016-07-30 11:00:00,Panther_lodging_Marisol,151.5293,32.8,4.0,23.3,1018.1,2.1,11,6,7,212,18667.3,2007.0,Hot-Humid
2016-07-30 12:00:00,Panther_lodging_Marisol,165.0819,32.8,4.0,23.9,1017.8,3.1,12,6,7,212,18667.3,2007.0,Hot-Humid
2016-07-30 13:00:00,Panther_lodging_Marisol,172.2332,33.3,4.0,22.2,1017.2,2.6,13,6,7,212,18667.3,2007.0,Hot-Humid
2016-07-30 14:00:00,Panther_lodging_Marisol,165.1819,33.9,4.0,22.2,1016.6,2.6,14,6,7,212,18667.3,2007.0,Hot-Humid
2016-07-30 15:00:00,Panther_lodging_Marisol,163.6316,32.2,4.0,23.3,1015.9,6.2,15,6,7,212,18667.3,2007.0,Hot-Humid
2016-07-30 16:00:00,Panther_lodging_Marisol,171.13299999999995,32.2,4.5,23.3,1015.5,6.7,16,6,7,212,18667.3,2007.0,Hot-Humid
2016-07-30 17:00:00,Panther_lodging_Marisol,158.3806,30.0,5.0,22.8,1016.0,4.1,17,6,7,212,18667.3,2007.0,Hot-Humid
2016-07-30 18:00:00,Panther_lodging_Marisol,162.4813,28.3,5.5,22.8,1016.7,3.1,18,6,7,212,18667.3,2007.0,Hot-Humid
2016-07-30 19:00:00,Panther_lodging_Marisol,172.3333,27.8,6.0,22.2,1017.2,2.1,19,6,7,212,18667.3,2007.0,Hot-Humid
2016-07-30 20:00:00,Panther_lodging_Marisol,172.4333,27.2,5.6,22.2,1017.7,3.1,20,6,7,212,18667.3,2007.0,Hot-Humid
2016-07-30 21:00:00,Panther_lodging_Marisol,173.7335,25.6,5.2,21.1,1017.8,2.6,21,6,7,212,18667.3,2007.0,Hot-Humid
2016-07-30 22:00:00,Panther_lodging_Marisol,181.0849,25.0,4.8,21.7,1018.6,0.0,22,6,7,212,18667.3,2007.0,Hot-Humid
2016-07-30 23:00:00,Panther_lodging_Marisol,168.8326,25.6,4.8,22.8,1018.8,0.0,23,6,7,212,18667.3,2007.0,Hot-Humid
2016-07-31 00:00:00,Panther_lodging_Marisol,169.4327,24.4,4.0,22.8,1017.9,1.5,0,7,7,213,18667.3,2007.0,Hot-Humid
2016-07-31 01:00:00,Panther_lodging_Marisol,156.3302,25.0,2.0,22.8,1017.5,1.5,1,7,7,213,18667.3,2007.0,Hot-Humid
2016-07-31 02:00:00,Panther_lodging_Marisol,143.6777,24.4,0.0,22.8,1016.8,1.5,2,7,7,213,18667.3,2007.0,Hot-Humid
2016-07-31 03:00:00,Panther_lodging_Marisol,148.7287,24.4,0.0,22.8,1016.7,1.5,3,7,7,213,18667.3,2007.0,Hot-Humid
2016-07-31 04:00:00,Panther_lodging_Marisol,144.1778,24.4,0.0,22.8,1016.5,0.0,4,7,7,213,18667.3,2007.0,Hot-Humid
2016-07-31 05:00:00,Panther_lodging_Marisol,137.4765,23.9,2.0,22.8,1016.9,0.0,5,7,7,213,18667.3,2007.0,Hot-Humid
2016-07-31 06:00:00,Panther_lodging_Marisol,132.9757,23.9,2.0,22.8,1017.5,0.0,6,7,7,213,18667.3,2007.0,Hot-Humid
2016-07-31 07:00:00,Panther_lodging_Marisol,129.475,25.6,2.0,23.9,1018.0,0.0,7,7,7,213,18667.3,2007.0,Hot-Humid
2016-07-31 08:00:00,Panther_lodging_Marisol,134.576,27.8,2.0,23.9,1018.6,2.1,8,7,7,213,18667.3,2007.0,Hot-Humid
2016-07-31 09:00:00,Panther_lodging_Marisol,144.7279,29.4,2.0,22.8,1019.1,3.1,9,7,7,213,18667.3,2007.0,Hot-Humid
2016-07-31 10:00:00,Panther_lodging_Marisol,153.9797,31.1,2.0,22.8,1019.0,1.5,10,7,7,213,18667.3,2007.0,Hot-Humid
2016-07-31 11:00:00,Panther_lodging_Marisol,150.6791,30.6,4.0,21.7,1019.4,1.5,11,7,7,213,18667.3,2007.0,Hot-Humid
2016-07-31 12:00:00,Panther_lodging_Marisol,167.3823,32.2,5.0,21.1,1019.0,3.1,12,7,7,213,18667.3,2007.0,Hot-Humid
2016-07-31 13:00:00,Panther_lodging_Marisol,161.0811,32.2,6.0,22.2,1018.5,4.1,13,7,7,213,18667.3,2007.0,Hot-Humid
2016-07-31 14:00:00,Panther_lodging_Marisol,166.9822,32.2,5.5,22.8,1018.0,3.1,14,7,7,213,18667.3,2007.0,Hot-Humid
2016-07-31 15:00:00,Panther_lodging_Marisol,170.783,32.8,5.0,22.2,1017.5,3.1,15,7,7,213,18667.3,2007.0,Hot-Humid
2016-07-31 16:00:00,Panther_lodging_Marisol,166.132,32.8,4.5,20.6,1016.8,4.6,16,7,7,213,18667.3,2007.0,Hot-Humid
2016-07-31 17:00:00,Panther_lodging_Marisol,180.1848,32.8,4.0,21.7,1016.5,5.1,17,7,7,213,18667.3,2007.0,Hot-Humid
2016-07-31 18:00:00,Panther_lodging_Marisol,174.1336,31.7,4.0,22.8,1017.1,6.2,18,7,7,213,18667.3,2007.0,Hot-Humid
2016-07-31 19:00:00,Panther_lodging_Marisol,174.8337,30.0,2.0,22.8,1017.8,5.1,19,7,7,213,18667.3,2007.0,Hot-Humid
2016-07-31 20:00:00,Panther_lodging_Marisol,178.0844,28.9,2.0,22.2,1018.4,3.1,20,7,7,213,18667.3,2007.0,Hot-Humid
2016-07-31 21:00:00,Panther_lodging_Marisol,177.7343,27.2,2.0,21.7,1019.2,3.1,21,7,7,213,18667.3,2007.0,Hot-Humid
2016-07-31 22:00:00,Panther_lodging_Marisol,169.6327,26.1,2.0,20.6,1020.5,2.6,22,7,7,213,18667.3,2007.0,Hot-Humid
2016-07-31 23:00:00,Panther_lodging_Marisol,166.8322,24.4,0.0,20.6,1020.4,3.1,23,7,7,213,18667.3,2007.0,Hot-Humid
2016-08-01 00:00:00,Panther_lodging_Marisol,167.0822,23.9,0.0,21.1,1020.4,2.1,0,1,8,214,18667.3,2007.0,Hot-Humid
2016-08-01 01:00:00,Panther_lodging_Marisol,146.1782,24.4,4.0,21.1,1020.1,1.5,1,1,8,214,18667.3,2007.0,Hot-Humid
2016-08-01 02:00:00,Panther_lodging_Marisol,147.4285,23.9,2.0,21.7,1019.9,0.0,2,1,8,214,18667.3,2007.0,Hot-Humid
2016-08-01 03:00:00,Panther_lodging_Marisol,141.8774,23.3,0.0,21.7,1019.5,0.0,3,1,8,214,18667.3,2007.0,Hot-Humid
2016-08-01 04:00:00,Panther_lodging_Marisol,136.1263,23.9,4.0,21.7,1019.3,1.5,4,1,8,214,18667.3,2007.0,Hot-Humid
2016-08-01 05:00:00,Panther_lodging_Marisol,137.3265,24.4,4.0,22.2,1019.3,2.1,5,1,8,214,18667.3,2007.0,Hot-Humid
2016-08-01 06:00:00,Panther_lodging_Marisol,138.4267,23.9,4.0,21.7,1019.4,1.5,6,1,8,214,18667.3,2007.0,Hot-Humid
2016-08-01 07:00:00,Panther_lodging_Marisol,148.2786,25.6,4.0,22.2,1019.6,2.1,7,1,8,214,18667.3,2007.0,Hot-Humid
2016-08-01 08:00:00,Panther_lodging_Marisol,154.0297,27.8,4.0,23.3,1020.0,2.1,8,1,8,214,18667.3,2007.0,Hot-Humid
2016-08-01 09:00:00,Panther_lodging_Marisol,156.5802,30.0,4.0,23.9,1020.4,4.1,9,1,8,214,18667.3,2007.0,Hot-Humid
2016-08-01 10:00:00,Panther_lodging_Marisol,157.8305,30.0,4.0,22.8,1020.6,3.1,10,1,8,214,18667.3,2007.0,Hot-Humid
2016-08-01 11:00:00,Panther_lodging_Marisol,163.6316,31.7,4.0,22.2,1020.6,2.1,11,1,8,214,18667.3,2007.0,Hot-Humid
2016-08-01 12:00:00,Panther_lodging_Marisol,165.0319,32.8,4.0,21.7,1020.6,2.6,12,1,8,214,18667.3,2007.0,Hot-Humid
2016-08-01 13:00:00,Panther_lodging_Marisol,164.5818,33.9,4.0,20.6,1019.9,4.1,13,1,8,214,18667.3,2007.0,Hot-Humid
2016-08-01 14:00:00,Panther_lodging_Marisol,163.7316,34.4,4.0,21.1,1019.4,3.1,14,1,8,214,18667.3,2007.0,Hot-Humid
2016-08-01 15:00:00,Panther_lodging_Marisol,163.7316,35.0,4.4,21.1,1018.7,5.1,15,1,8,214,18667.3,2007.0,Hot-Humid
2016-08-01 16:00:00,Panther_lodging_Marisol,168.2825,32.8,4.8,20.6,1018.6,6.2,16,1,8,214,18667.3,2007.0,Hot-Humid
2016-08-01 17:00:00,Panther_lodging_Marisol,172.6833,32.2,5.2,21.1,1018.5,6.2,17,1,8,214,18667.3,2007.0,Hot-Humid
2016-08-01 18:00:00,Panther_lodging_Marisol,168.3325,31.1,5.2,21.7,1018.6,3.6,18,1,8,214,18667.3,2007.0,Hot-Humid
2016-08-01 19:00:00,Panther_lodging_Marisol,166.5821,30.0,6.0,22.2,1019.0,3.6,19,1,8,214,18667.3,2007.0,Hot-Humid
2016-08-01 20:00:00,Panther_lodging_Marisol,184.4856,28.9,4.0,22.2,1019.1,3.1,20,1,8,214,18667.3,2007.0,Hot-Humid
2016-08-01 21:00:00,Panther_lodging_Marisol,178.7845,27.2,2.0,22.8,1019.7,4.1,21,1,8,214,18667.3,2007.0,Hot-Humid
2016-08-01 22:00:00,Panther_lodging_Marisol,171.3831,26.7,2.0,22.8,1020.2,2.6,22,1,8,214,18667.3,2007.0,Hot-Humid
2016-08-01 23:00:00,Panther_lodging_Marisol,170.6829,26.7,2.0,23.3,1020.3,1.5,23,1,8,214,18667.3,2007.0,Hot-Humid
2016-08-02 00:00:00,Panther_lodging_Marisol,167.9824,26.1,2.0,23.3,1020.0,2.6,0,2,8,215,18667.3,2007.0,Hot-Humid
2016-08-02 01:00:00,Panther_lodging_Marisol,150.029,25.6,4.0,23.3,1019.3,2.1,1,2,8,215,18667.3,2007.0,Hot-Humid
2016-08-02 02:00:00,Panther_lodging_Marisol,138.6267,25.6,0.0,23.3,1018.6,0.0,2,2,8,215,18667.3,2007.0,Hot-Humid
2016-08-02 03:00:00,Panther_lodging_Marisol,134.776,25.6,0.0,22.8,1018.4,0.0,3,2,8,215,18667.3,2007.0,Hot-Humid
2016-08-02 04:00:00,Panther_lodging_Marisol,136.5764,25.0,0.0,23.3,1018.6,2.6,4,2,8,215,18667.3,2007.0,Hot-Humid
2016-08-02 05:00:00,Panther_lodging_Marisol,133.7758,25.0,2.0,22.8,1018.8,2.1,5,2,8,215,18667.3,2007.0,Hot-Humid
2016-08-02 06:00:00,Panther_lodging_Marisol,132.2255,25.0,4.0,23.3,1019.5,0.0,6,2,8,215,18667.3,2007.0,Hot-Humid
2016-08-02 07:00:00,Panther_lodging_Marisol,139.827,26.1,4.0,23.3,1019.9,1.5,7,2,8,215,18667.3,2007.0,Hot-Humid
2016-08-02 08:00:00,Panther_lodging_Marisol,146.5283,27.8,4.0,23.9,1020.4,3.1,8,2,8,215,18667.3,2007.0,Hot-Humid
2016-08-02 09:00:00,Panther_lodging_Marisol,156.9303,28.9,4.0,23.9,1020.1,1.5,9,2,8,215,18667.3,2007.0,Hot-Humid
2016-08-02 10:00:00,Panther_lodging_Marisol,156.7302,31.1,4.0,23.3,1020.0,1.5,10,2,8,215,18667.3,2007.0,Hot-Humid
2016-08-02 11:00:00,Panther_lodging_Marisol,164.7818,31.1,4.0,22.2,1020.0,0.0,11,2,8,215,18667.3,2007.0,Hot-Humid
2016-08-02 12:00:00,Panther_lodging_Marisol,169.8828,32.8,4.0,22.2,1019.5,2.6,12,2,8,215,18667.3,2007.0,Hot-Humid
2016-08-02 13:00:00,Panther_lodging_Marisol,169.1826,33.3,4.0,21.7,1018.6,0.0,13,2,8,215,18667.3,2007.0,Hot-Humid
2016-08-02 14:00:00,Panther_lodging_Marisol,167.5323,35.0,4.333333333333333,22.2,1017.7,3.6,14,2,8,215,18667.3,2007.0,Hot-Humid
2016-08-02 15:00:00,Panther_lodging_Marisol,172.8834,30.6,4.666666666666667,23.3,1017.6,7.7,15,2,8,215,18667.3,2007.0,Hot-Humid
2016-08-02 16:00:00,Panther_lodging_Marisol,170.4329,28.9,5.0,23.9,1017.0,2.6,16,2,8,215,18667.3,2007.0,Hot-Humid
2016-08-02 17:00:00,Panther_lodging_Marisol,165.6319,31.1,5.0,24.4,1016.7,2.6,17,2,8,215,18667.3,2007.0,Hot-Humid
2016-08-02 18:00:00,Panther_lodging_Marisol,169.0326,30.0,5.0,23.9,1016.9,4.1,18,2,8,215,18667.3,2007.0,Hot-Humid
2016-08-02 19:00:00,Panther_lodging_Marisol,177.5343,29.4,6.0,22.8,1017.1,2.1,19,2,8,215,18667.3,2007.0,Hot-Humid
2016-08-02 20:00:00,Panther_lodging_Marisol,187.3362,27.8,5.333333333333333,21.7,1017.4,4.1,20,2,8,215,18667.3,2007.0,Hot-Humid
2016-08-02 21:00:00,Panther_lodging_Marisol,180.7849,27.8,4.666666666666667,22.2,1017.9,0.0,21,2,8,215,18667.3,2007.0,Hot-Humid
2016-08-02 22:00:00,Panther_lodging_Marisol,176.8341,27.2,4.0,22.2,1017.9,2.1,22,2,8,215,18667.3,2007.0,Hot-Humid
2016-08-02 23:00:00,Panther_lodging_Marisol,182.1352,25.0,2.0,22.2,1018.0,1.5,23,2,8,215,18667.3,2007.0,Hot-Humid
2016-08-03 00:00:00,Panther_lodging_Marisol,169.9328,25.0,2.0,22.8,1018.1,2.1,0,3,8,216,18667.3,2007.0,Hot-Humid
2016-08-03 01:00:00,Panther_lodging_Marisol,151.7793,25.6,2.0,22.8,1017.5,2.1,1,3,8,216,18667.3,2007.0,Hot-Humid
2016-08-03 02:00:00,Panther_lodging_Marisol,150.9291,25.0,2.0,22.2,1017.2,1.5,2,3,8,216,18667.3,2007.0,Hot-Humid
2016-08-03 03:00:00,Panther_lodging_Marisol,142.5775,25.0,2.0,22.2,1016.7,1.5,3,3,8,216,18667.3,2007.0,Hot-Humid
2016-08-03 04:00:00,Panther_lodging_Marisol,136.2763,24.4,0.0,22.8,1016.2,1.5,4,3,8,216,18667.3,2007.0,Hot-Humid
2016-08-03 05:00:00,Panther_lodging_Marisol,135.8262,24.4,2.0,22.8,1016.1,0.0,5,3,8,216,18667.3,2007.0,Hot-Humid
2016-08-03 06:00:00,Panther_lodging_Marisol,135.7762,24.4,3.0,22.8,1016.4,0.0,6,3,8,216,18667.3,2007.0,Hot-Humid
2016-08-03 07:00:00,Panther_lodging_Marisol,139.3769,25.6,4.0,22.8,1016.4,1.5,7,3,8,216,18667.3,2007.0,Hot-Humid
2016-08-03 08:00:00,Panther_lodging_Marisol,156.9803,27.2,2.0,22.8,1017.0,1.5,8,3,8,216,18667.3,2007.0,Hot-Humid
2016-08-03 09:00:00,Panther_lodging_Marisol,159.8308,28.3,2.0,22.8,1017.4,2.1,9,3,8,216,18667.3,2007.0,Hot-Humid
2016-08-03 10:00:00,Panther_lodging_Marisol,163.1815,30.0,4.0,22.2,1017.7,1.5,10,3,8,216,18667.3,2007.0,Hot-Humid
2016-08-03 11:00:00,Panther_lodging_Marisol,170.2829,30.6,4.666666666666667,22.8,1018.0,3.1,11,3,8,216,18667.3,2007.0,Hot-Humid
2016-08-03 12:00:00,Panther_lodging_Marisol,170.6329,30.6,5.333333333333333,22.8,1017.5,3.6,12,3,8,216,18667.3,2007.0,Hot-Humid
2016-08-03 13:00:00,Panther_lodging_Marisol,163.3315,32.2,6.0,22.2,1016.7,3.1,13,3,8,216,18667.3,2007.0,Hot-Humid
2016-08-03 14:00:00,Panther_lodging_Marisol,167.4323,31.7,6.0,22.2,1016.1,1.5,14,3,8,216,18667.3,2007.0,Hot-Humid
2016-08-03 15:00:00,Panther_lodging_Marisol,166.132,27.8,6.0,22.8,1016.0,4.6,15,3,8,216,18667.3,2007.0,Hot-Humid
2016-08-03 16:00:00,Panther_lodging_Marisol,172.9334,30.6,6.0,22.8,1014.8,4.1,16,3,8,216,18667.3,2007.0,Hot-Humid
2016-08-03 17:00:00,Panther_lodging_Marisol,173.3334,31.1,6.0,23.3,1014.9,6.2,17,3,8,216,18667.3,2007.0,Hot-Humid
2016-08-03 18:00:00,Panther_lodging_Marisol,170.6329,29.4,6.0,21.7,1014.9,4.1,18,3,8,216,18667.3,2007.0,Hot-Humid
2016-08-03 19:00:00,Panther_lodging_Marisol,176.18400000000003,28.3,6.0,21.7,1015.5,1.5,19,3,8,216,18667.3,2007.0,Hot-Humid
2016-08-03 20:00:00,Panther_lodging_Marisol,188.5364,26.7,4.0,21.7,1016.1,4.1,20,3,8,216,18667.3,2007.0,Hot-Humid
2016-08-03 21:00:00,Panther_lodging_Marisol,186.586,26.1,2.0,22.2,1016.3,2.6,21,3,8,216,18667.3,2007.0,Hot-Humid
2016-08-03 22:00:00,Panther_lodging_Marisol,186.9361,25.0,4.0,22.2,1016.6,2.1,22,3,8,216,18667.3,2007.0,Hot-Humid
2016-08-03 23:00:00,Panther_lodging_Marisol,179.6847,25.0,4.0,22.2,1016.7,2.6,23,3,8,216,18667.3,2007.0,Hot-Humid
2016-08-04 00:00:00,Panther_lodging_Marisol,177.8343,24.4,4.0,22.2,1016.1,2.6,0,4,8,217,18667.3,2007.0,Hot-Humid
2016-08-04 01:00:00,Panther_lodging_Marisol,163.5316,24.4,4.0,22.8,1015.6,2.6,1,4,8,217,18667.3,2007.0,Hot-Humid
2016-08-04 02:00:00,Panther_lodging_Marisol,153.2796,23.9,2.0,22.8,1015.4,2.1,2,4,8,217,18667.3,2007.0,Hot-Humid
2016-08-04 03:00:00,Panther_lodging_Marisol,141.0772,23.9,2.0,22.8,1014.9,3.6,3,4,8,217,18667.3,2007.0,Hot-Humid
2016-08-04 04:00:00,Panther_lodging_Marisol,136.6764,23.9,0.0,22.2,1015.1,2.1,4,4,8,217,18667.3,2007.0,Hot-Humid
2016-08-04 05:00:00,Panther_lodging_Marisol,139.2269,23.9,2.0,22.2,1015.5,1.5,5,4,8,217,18667.3,2007.0,Hot-Humid
2016-08-04 06:00:00,Panther_lodging_Marisol,133.6758,23.3,4.0,22.2,1015.9,1.5,6,4,8,217,18667.3,2007.0,Hot-Humid
2016-08-04 07:00:00,Panther_lodging_Marisol,148.1286,25.0,4.0,22.8,1016.4,2.1,7,4,8,217,18667.3,2007.0,Hot-Humid
2016-08-04 08:00:00,Panther_lodging_Marisol,153.2296,27.2,4.0,22.8,1016.7,2.6,8,4,8,217,18667.3,2007.0,Hot-Humid
2016-08-04 09:00:00,Panther_lodging_Marisol,173.0334,29.4,4.0,22.8,1016.9,3.6,9,4,8,217,18667.3,2007.0,Hot-Humid
2016-08-04 10:00:00,Panther_lodging_Marisol,164.4317,30.6,4.0,23.3,1017.5,4.1,10,4,8,217,18667.3,2007.0,Hot-Humid
2016-08-04 11:00:00,Panther_lodging_Marisol,163.7316,31.7,4.0,22.2,1016.8,4.1,11,4,8,217,18667.3,2007.0,Hot-Humid
2016-08-04 12:00:00,Panther_lodging_Marisol,179.0846,31.1,6.0,21.7,1016.4,3.1,12,4,8,217,18667.3,2007.0,Hot-Humid
2016-08-04 13:00:00,Panther_lodging_Marisol,169.3327,25.0,8.0,23.3,1017.6,7.7,13,4,8,217,18667.3,2007.0,Hot-Humid
2016-08-04 14:00:00,Panther_lodging_Marisol,168.9326,25.0,7.666666666666667,23.9,1017.1,1.5,14,4,8,217,18667.3,2007.0,Hot-Humid
2016-08-04 15:00:00,Panther_lodging_Marisol,174.0836,26.1,7.333333333333333,23.9,1017.1,4.1,15,4,8,217,18667.3,2007.0,Hot-Humid
2016-08-04 16:00:00,Panther_lodging_Marisol,174.4337,25.6,7.0,23.3,1016.8,3.6,16,4,8,217,18667.3,2007.0,Hot-Humid
2016-08-04 17:00:00,Panther_lodging_Marisol,173.4835,26.1,7.0,23.3,1015.9,3.6,17,4,8,217,18667.3,2007.0,Hot-Humid
2016-08-04 18:00:00,Panther_lodging_Marisol,172.5833,25.6,7.0,23.3,1015.9,4.1,18,4,8,217,18667.3,2007.0,Hot-Humid
2016-08-04 19:00:00,Panther_lodging_Marisol,168.0824,25.6,6.0,23.3,1016.1,1.5,19,4,8,217,18667.3,2007.0,Hot-Humid
2016-08-04 20:00:00,Panther_lodging_Marisol,178.7845,25.6,5.333333333333333,22.8,1016.0,1.5,20,4,8,217,18667.3,2007.0,Hot-Humid
2016-08-04 21:00:00,Panther_lodging_Marisol,184.6856,25.6,4.666666666666667,23.3,1016.4,0.0,21,4,8,217,18667.3,2007.0,Hot-Humid
2016-08-04 22:00:00,Panther_lodging_Marisol,164.1817,24.4,4.0,22.8,1016.9,1.5,22,4,8,217,18667.3,2007.0,Hot-Humid
2016-08-04 23:00:00,Panther_lodging_Marisol,167.0322,24.4,4.0,23.3,1017.0,1.5,23,4,8,217,18667.3,2007.0,Hot-Humid
2016-08-05 00:00:00,Panther_lodging_Marisol,170.2328,24.4,4.0,22.8,1017.0,0.0,0,5,8,218,18667.3,2007.0,Hot-Humid
2016-08-05 01:00:00,Panther_lodging_Marisol,158.1805,23.9,2.0,22.8,1016.7,0.0,1,5,8,218,18667.3,2007.0,Hot-Humid
2016-08-05 02:00:00,Panther_lodging_Marisol,155.48,23.3,4.0,22.8,1015.9,1.5,2,5,8,218,18667.3,2007.0,Hot-Humid
2016-08-05 03:00:00,Panther_lodging_Marisol,146.5283,23.9,2.0,22.8,1015.5,0.0,3,5,8,218,18667.3,2007.0,Hot-Humid
2016-08-05 04:00:00,Panther_lodging_Marisol,139.3269,23.9,2.0,22.8,1015.7,2.1,4,5,8,218,18667.3,2007.0,Hot-Humid
2016-08-05 05:00:00,Panther_lodging_Marisol,136.3263,23.9,2.0,22.8,1016.1,2.1,5,5,8,218,18667.3,2007.0,Hot-Humid
2016-08-05 06:00:00,Panther_lodging_Marisol,136.5263,23.9,2.0,22.8,1016.7,2.1,6,5,8,218,18667.3,2007.0,Hot-Humid
2016-08-05 07:00:00,Panther_lodging_Marisol,148.7787,25.0,2.0,23.9,1016.9,1.5,7,5,8,218,18667.3,2007.0,Hot-Humid
2016-08-05 08:00:00,Panther_lodging_Marisol,144.2278,26.7,2.0,23.9,1016.9,3.1,8,5,8,218,18667.3,2007.0,Hot-Humid
2016-08-05 09:00:00,Panther_lodging_Marisol,160.0809,28.9,4.0,23.3,1017.0,4.6,9,5,8,218,18667.3,2007.0,Hot-Humid
2016-08-05 10:00:00,Panther_lodging_Marisol,171.233,30.0,4.0,21.7,1017.2,5.7,10,5,8,218,18667.3,2007.0,Hot-Humid
2016-08-05 11:00:00,Panther_lodging_Marisol,171.4331,31.1,4.0,22.2,1017.3,3.6,11,5,8,218,18667.3,2007.0,Hot-Humid
2016-08-05 12:00:00,Panther_lodging_Marisol,172.1332,31.7,4.0,21.1,1016.8,4.6,12,5,8,218,18667.3,2007.0,Hot-Humid
2016-08-05 13:00:00,Panther_lodging_Marisol,172.3333,32.8,6.0,21.7,1016.3,4.6,13,5,8,218,18667.3,2007.0,Hot-Humid
2016-08-05 14:00:00,Panther_lodging_Marisol,167.5823,33.3,4.0,21.1,1015.6,6.2,14,5,8,218,18667.3,2007.0,Hot-Humid
2016-08-05 15:00:00,Panther_lodging_Marisol,168.7326,33.3,4.4,20.6,1015.4,4.1,15,5,8,218,18667.3,2007.0,Hot-Humid
2016-08-05 16:00:00,Panther_lodging_Marisol,165.68200000000004,29.4,4.8,22.2,1015.6,9.3,16,5,8,218,18667.3,2007.0,Hot-Humid
2016-08-05 17:00:00,Panther_lodging_Marisol,164.0817,27.8,5.2,22.2,1015.8,4.6,17,5,8,218,18667.3,2007.0,Hot-Humid
2016-08-05 18:00:00,Panther_lodging_Marisol,162.7314,27.2,5.2,23.3,1015.1,3.1,18,5,8,218,18667.3,2007.0,Hot-Humid
2016-08-05 19:00:00,Panther_lodging_Marisol,155.48,26.7,6.0,22.2,1015.7,2.6,19,5,8,218,18667.3,2007.0,Hot-Humid
2016-08-05 20:00:00,Panther_lodging_Marisol,156.4802,26.1,6.0,22.2,1015.8,0.0,20,5,8,218,18667.3,2007.0,Hot-Humid
2016-08-05 21:00:00,Panther_lodging_Marisol,171.9832,25.0,6.0,22.8,1016.4,1.5,21,5,8,218,18667.3,2007.0,Hot-Humid
2016-08-05 22:00:00,Panther_lodging_Marisol,152.6294,25.6,6.0,22.2,1016.5,0.0,22,5,8,218,18667.3,2007.0,Hot-Humid
2016-08-05 23:00:00,Panther_lodging_Marisol,152.2794,25.6,6.0,22.2,1016.6,0.0,23,5,8,218,18667.3,2007.0,Hot-Humid
2016-08-06 00:00:00,Panther_lodging_Marisol,144.4279,25.0,6.0,22.8,1016.4,0.0,0,6,8,219,18667.3,2007.0,Hot-Humid
2016-08-06 01:00:00,Panther_lodging_Marisol,141.7774,24.4,6.0,22.8,1016.1,2.1,1,6,8,219,18667.3,2007.0,Hot-Humid
2016-08-06 02:00:00,Panther_lodging_Marisol,134.3259,24.4,6.333333333333333,22.8,1015.7,0.0,2,6,8,219,18667.3,2007.0,Hot-Humid
2016-08-06 03:00:00,Panther_lodging_Marisol,137.0264,24.4,6.666666666666667,22.8,1015.4,0.0,3,6,8,219,18667.3,2007.0,Hot-Humid
2016-08-06 04:00:00,Panther_lodging_Marisol,138.9768,24.4,7.0,22.8,1015.2,0.0,4,6,8,219,18667.3,2007.0,Hot-Humid
2016-08-06 05:00:00,Panther_lodging_Marisol,141.1272,24.4,7.0,22.8,1015.3,1.5,5,6,8,219,18667.3,2007.0,Hot-Humid
2016-08-06 06:00:00,Panther_lodging_Marisol,138.5767,24.4,7.0,22.8,1015.7,1.5,6,6,8,219,18667.3,2007.0,Hot-Humid
2016-08-06 07:00:00,Panther_lodging_Marisol,133.3257,25.0,8.0,23.9,1016.2,2.6,7,6,8,219,18667.3,2007.0,Hot-Humid
2016-08-06 08:00:00,Panther_lodging_Marisol,128.5248,26.7,8.0,23.9,1016.3,4.1,8,6,8,219,18667.3,2007.0,Hot-Humid
2016-08-06 09:00:00,Panther_lodging_Marisol,138.5267,28.3,8.0,23.3,1016.4,3.6,9,6,8,219,18667.3,2007.0,Hot-Humid
2016-08-06 10:00:00,Panther_lodging_Marisol,150.9791,30.6,8.0,23.9,1016.2,5.1,10,6,8,219,18667.3,2007.0,Hot-Humid
2016-08-06 11:00:00,Panther_lodging_Marisol,154.2798,31.1,8.0,22.8,1016.0,6.7,11,6,8,219,18667.3,2007.0,Hot-Humid
2016-08-06 12:00:00,Panther_lodging_Marisol,164.1317,32.2,8.0,22.8,1015.7,5.1,12,6,8,219,18667.3,2007.0,Hot-Humid
2016-08-06 13:00:00,Panther_lodging_Marisol,165.68200000000004,31.7,8.0,22.2,1015.5,6.2,13,6,8,219,18667.3,2007.0,Hot-Humid
2016-08-06 14:00:00,Panther_lodging_Marisol,157.8305,31.7,7.666666666666667,21.1,1014.7,5.7,14,6,8,219,18667.3,2007.0,Hot-Humid
2016-08-06 15:00:00,Panther_lodging_Marisol,154.5798,31.7,7.333333333333333,22.2,1014.5,4.1,15,6,8,219,18667.3,2007.0,Hot-Humid
2016-08-06 16:00:00,Panther_lodging_Marisol,151.7293,31.1,7.0,22.2,1014.5,4.6,16,6,8,219,18667.3,2007.0,Hot-Humid
2016-08-06 17:00:00,Panther_lodging_Marisol,151.1292,28.3,7.0,20.6,1014.9,5.7,17,6,8,219,18667.3,2007.0,Hot-Humid
2016-08-06 18:00:00,Panther_lodging_Marisol,156.8303,27.2,7.0,21.7,1014.6,4.6,18,6,8,219,18667.3,2007.0,Hot-Humid
2016-08-06 19:00:00,Panther_lodging_Marisol,149.2288,26.7,6.0,21.7,1014.4,1.5,19,6,8,219,18667.3,2007.0,Hot-Humid
2016-08-06 20:00:00,Panther_lodging_Marisol,147.8285,26.1,6.333333333333333,21.7,1014.5,0.0,20,6,8,219,18667.3,2007.0,Hot-Humid
2016-08-06 21:00:00,Panther_lodging_Marisol,151.7793,25.0,6.666666666666667,22.2,1015.0,2.1,21,6,8,219,18667.3,2007.0,Hot-Humid
2016-08-06 22:00:00,Panther_lodging_Marisol,146.0782,24.4,7.0,22.2,1015.6,2.1,22,6,8,219,18667.3,2007.0,Hot-Humid
2016-08-06 23:00:00,Panther_lodging_Marisol,142.8776,24.4,7.0,22.2,1015.2,1.5,23,6,8,219,18667.3,2007.0,Hot-Humid
2016-08-07 00:00:00,Panther_lodging_Marisol,133.7758,23.9,7.0,22.2,1015.2,1.5,0,7,8,220,18667.3,2007.0,Hot-Humid
2016-08-07 01:00:00,Panther_lodging_Marisol,132.0255,24.4,8.0,22.8,1014.8,2.6,1,7,8,220,18667.3,2007.0,Hot-Humid
2016-08-07 02:00:00,Panther_lodging_Marisol,136.8264,25.0,7.666666666666667,23.3,1014.3,3.1,2,7,8,220,18667.3,2007.0,Hot-Humid
2016-08-07 03:00:00,Panther_lodging_Marisol,125.5242,25.0,7.333333333333333,23.3,1014.0,3.6,3,7,8,220,18667.3,2007.0,Hot-Humid
2016-08-07 04:00:00,Panther_lodging_Marisol,129.9751,24.4,7.0,23.3,1014.0,3.1,4,7,8,220,18667.3,2007.0,Hot-Humid
2016-08-07 05:00:00,Panther_lodging_Marisol,131.6254,24.4,7.0,23.3,1014.2,3.1,5,7,8,220,18667.3,2007.0,Hot-Humid
2016-08-07 06:00:00,Panther_lodging_Marisol,139.1268,25.0,7.0,23.3,1014.5,3.1,6,7,8,220,18667.3,2007.0,Hot-Humid
2016-08-07 07:00:00,Panther_lodging_Marisol,129.8751,26.1,6.0,23.9,1014.8,4.6,7,7,8,220,18667.3,2007.0,Hot-Humid
2016-08-07 08:00:00,Panther_lodging_Marisol,128.0247,26.7,6.333333333333333,24.4,1014.9,4.1,8,7,8,220,18667.3,2007.0,Hot-Humid
2016-08-07 09:00:00,Panther_lodging_Marisol,137.8766,27.8,6.666666666666667,24.4,1015.0,5.1,9,7,8,220,18667.3,2007.0,Hot-Humid
2016-08-07 10:00:00,Panther_lodging_Marisol,127.5246,30.6,7.0,23.3,1014.4,7.7,10,7,8,220,18667.3,2007.0,Hot-Humid
2016-08-07 11:00:00,Panther_lodging_Marisol,142.5775,32.2,7.0,22.2,1014.6,7.2,11,7,8,220,18667.3,2007.0,Hot-Humid
2016-08-07 12:00:00,Panther_lodging_Marisol,156.2301,25.6,7.0,22.2,1015.4,5.7,12,7,8,220,18667.3,2007.0,Hot-Humid
2016-08-07 13:00:00,Panther_lodging_Marisol,142.5775,24.4,8.0,22.8,1015.8,4.6,13,7,8,220,18667.3,2007.0,Hot-Humid
2016-08-07 14:00:00,Panther_lodging_Marisol,156.6302,25.6,7.666666666666667,22.2,1015.1,4.6,14,7,8,220,18667.3,2007.0,Hot-Humid
2016-08-07 15:00:00,Panther_lodging_Marisol,140.7272,27.2,7.333333333333333,22.8,1014.3,3.6,15,7,8,220,18667.3,2007.0,Hot-Humid
2016-08-07 16:00:00,Panther_lodging_Marisol,159.9809,29.4,7.0,22.2,1013.9,6.7,16,7,8,220,18667.3,2007.0,Hot-Humid
2016-08-07 17:00:00,Panther_lodging_Marisol,150.0289,28.9,7.0,21.1,1013.1,5.1,17,7,8,220,18667.3,2007.0,Hot-Humid
2016-08-07 18:00:00,Panther_lodging_Marisol,156.3802,28.3,7.0,21.7,1013.4,5.7,18,7,8,220,18667.3,2007.0,Hot-Humid
2016-08-07 19:00:00,Panther_lodging_Marisol,141.9774,27.2,6.0,20.6,1013.9,5.1,19,7,8,220,18667.3,2007.0,Hot-Humid
2016-08-07 20:00:00,Panther_lodging_Marisol,146.8783,26.1,5.6,20.6,1014.9,4.6,20,7,8,220,18667.3,2007.0,Hot-Humid
2016-08-07 21:00:00,Panther_lodging_Marisol,154.0297,26.1,5.2,21.7,1014.9,6.7,21,7,8,220,18667.3,2007.0,Hot-Humid
2016-08-07 22:00:00,Panther_lodging_Marisol,151.3292,25.6,4.8,21.1,1014.4,4.1,22,7,8,220,18667.3,2007.0,Hot-Humid
2016-08-07 23:00:00,Panther_lodging_Marisol,142.3775,25.0,4.8,21.7,1014.6,3.6,23,7,8,220,18667.3,2007.0,Hot-Humid
2016-08-08 00:00:00,Panther_lodging_Marisol,136.3263,23.9,4.0,21.7,1014.6,3.1,0,1,8,221,18667.3,2007.0,Hot-Humid
2016-08-08 01:00:00,Panther_lodging_Marisol,130.2251,23.9,6.0,21.7,1014.5,2.6,1,1,8,221,18667.3,2007.0,Hot-Humid
2016-08-08 02:00:00,Panther_lodging_Marisol,127.0245,24.4,6.0,22.2,1014.2,3.6,2,1,8,221,18667.3,2007.0,Hot-Humid
2016-08-08 03:00:00,Panther_lodging_Marisol,129.775,23.9,6.0,22.2,1013.9,2.6,3,1,8,221,18667.3,2007.0,Hot-Humid
2016-08-08 04:00:00,Panther_lodging_Marisol,127.5246,23.9,6.0,21.7,1013.7,3.6,4,1,8,221,18667.3,2007.0,Hot-Humid
2016-08-08 05:00:00,Panther_lodging_Marisol,131.9255,24.4,6.0,22.2,1014.0,3.1,5,1,8,221,18667.3,2007.0,Hot-Humid
2016-08-08 06:00:00,Panther_lodging_Marisol,142.2274,24.4,6.0,22.8,1014.4,1.5,6,1,8,221,18667.3,2007.0,Hot-Humid
2016-08-08 07:00:00,Panther_lodging_Marisol,141.3273,24.4,6.0,22.8,1014.8,2.6,7,1,8,221,18667.3,2007.0,Hot-Humid
2016-08-08 08:00:00,Panther_lodging_Marisol,130.9753,25.6,6.0,22.8,1015.5,3.1,8,1,8,221,18667.3,2007.0,Hot-Humid
2016-08-08 09:00:00,Panther_lodging_Marisol,142.3275,26.7,6.0,23.3,1015.5,3.6,9,1,8,221,18667.3,2007.0,Hot-Humid
2016-08-08 10:00:00,Panther_lodging_Marisol,150.329,28.3,6.0,23.9,1015.2,4.6,10,1,8,221,18667.3,2007.0,Hot-Humid
2016-08-08 11:00:00,Panther_lodging_Marisol,148.3786,25.0,6.0,22.8,1015.3,3.6,11,1,8,221,18667.3,2007.0,Hot-Humid
2016-08-08 12:00:00,Panther_lodging_Marisol,155.58,24.4,6.0,22.8,1015.8,2.1,12,1,8,221,18667.3,2007.0,Hot-Humid
2016-08-08 13:00:00,Panther_lodging_Marisol,144.4779,25.0,6.0,23.3,1015.9,4.1,13,1,8,221,18667.3,2007.0,Hot-Humid
2016-08-08 14:00:00,Panther_lodging_Marisol,136.1263,25.0,6.0,23.3,1015.2,3.6,14,1,8,221,18667.3,2007.0,Hot-Humid
2016-08-08 15:00:00,Panther_lodging_Marisol,144.928,25.6,6.0,23.3,1014.7,6.2,15,1,8,221,18667.3,2007.0,Hot-Humid
2016-08-08 16:00:00,Panther_lodging_Marisol,152.2294,26.7,6.0,23.3,1014.8,4.6,16,1,8,221,18667.3,2007.0,Hot-Humid
2016-08-08 17:00:00,Panther_lodging_Marisol,157.9805,26.1,6.0,22.8,1014.9,4.1,17,1,8,221,18667.3,2007.0,Hot-Humid
2016-08-08 18:00:00,Panther_lodging_Marisol,156.5302,26.7,6.0,22.8,1014.6,6.2,18,1,8,221,18667.3,2007.0,Hot-Humid
2016-08-08 19:00:00,Panther_lodging_Marisol,157.3804,25.0,6.0,22.2,1014.7,4.6,19,1,8,221,18667.3,2007.0,Hot-Humid
2016-08-08 20:00:00,Panther_lodging_Marisol,152.9795,24.4,6.0,22.2,1014.7,3.1,20,1,8,221,18667.3,2007.0,Hot-Humid
2016-08-08 21:00:00,Panther_lodging_Marisol,169.4827,24.4,6.0,22.8,1015.3,4.1,21,1,8,221,18667.3,2007.0,Hot-Humid
2016-08-08 22:00:00,Panther_lodging_Marisol,153.3796,24.4,6.0,22.8,1016.0,3.6,22,1,8,221,18667.3,2007.0,Hot-Humid
2016-08-08 23:00:00,Panther_lodging_Marisol,153.6797,24.4,6.0,22.8,1016.1,3.1,23,1,8,221,18667.3,2007.0,Hot-Humid
2016-08-09 00:00:00,Panther_lodging_Marisol,142.5275,24.4,6.0,22.8,1016.4,3.6,0,2,8,222,18667.3,2007.0,Hot-Humid
2016-08-09 01:00:00,Panther_lodging_Marisol,136.0262,24.4,6.0,22.2,1016.2,4.1,1,2,8,222,18667.3,2007.0,Hot-Humid
2016-08-09 02:00:00,Panther_lodging_Marisol,133.1257,24.4,5.0,22.2,1015.9,2.6,2,2,8,222,18667.3,2007.0,Hot-Humid
2016-08-09 03:00:00,Panther_lodging_Marisol,140.7272,23.9,4.0,22.2,1015.2,2.6,3,2,8,222,18667.3,2007.0,Hot-Humid
2016-08-09 04:00:00,Panther_lodging_Marisol,134.576,23.9,5.0,21.7,1015.2,2.1,4,2,8,222,18667.3,2007.0,Hot-Humid
2016-08-09 05:00:00,Panther_lodging_Marisol,140.3771,24.4,6.0,21.7,1015.4,0.0,5,2,8,222,18667.3,2007.0,Hot-Humid
2016-08-09 06:00:00,Panther_lodging_Marisol,144.3779,24.4,7.0,22.8,1016.1,0.0,6,2,8,222,18667.3,2007.0,Hot-Humid
2016-08-09 07:00:00,Panther_lodging_Marisol,144.828,24.4,8.0,22.8,1016.7,1.5,7,2,8,222,18667.3,2007.0,Hot-Humid
2016-08-09 08:00:00,Panther_lodging_Marisol,144.928,25.6,7.666666666666667,23.9,1017.1,3.6,8,2,8,222,18667.3,2007.0,Hot-Humid
2016-08-09 09:00:00,Panther_lodging_Marisol,153.5796,26.1,7.333333333333333,23.9,1017.7,2.6,9,2,8,222,18667.3,2007.0,Hot-Humid
2016-08-09 10:00:00,Panther_lodging_Marisol,138.9768,27.2,7.0,23.9,1018.0,4.6,10,2,8,222,18667.3,2007.0,Hot-Humid
2016-08-09 11:00:00,Panther_lodging_Marisol,155.63,29.4,7.0,23.9,1018.3,3.1,11,2,8,222,18667.3,2007.0,Hot-Humid
2016-08-09 12:00:00,Panther_lodging_Marisol,158.7306,30.0,7.0,23.3,1017.8,4.6,12,2,8,222,18667.3,2007.0,Hot-Humid
2016-08-09 13:00:00,Panther_lodging_Marisol,152.2794,31.1,6.0,22.8,1017.2,4.1,13,2,8,222,18667.3,2007.0,Hot-Humid
2016-08-09 14:00:00,Panther_lodging_Marisol,150.279,31.7,6.333333333333333,21.7,1016.9,5.1,14,2,8,222,18667.3,2007.0,Hot-Humid
2016-08-09 15:00:00,Panther_lodging_Marisol,157.8805,28.3,6.666666666666667,21.1,1016.8,10.8,15,2,8,222,18667.3,2007.0,Hot-Humid
2016-08-09 16:00:00,Panther_lodging_Marisol,155.38,26.1,7.0,22.2,1016.3,2.1,16,2,8,222,18667.3,2007.0,Hot-Humid
2016-08-09 17:00:00,Panther_lodging_Marisol,156.3302,27.8,7.0,22.8,1016.8,2.1,17,2,8,222,18667.3,2007.0,Hot-Humid
2016-08-09 18:00:00,Panther_lodging_Marisol,158.2806,26.7,7.0,23.3,1018.2,4.6,18,2,8,222,18667.3,2007.0,Hot-Humid
2016-08-09 19:00:00,Panther_lodging_Marisol,146.2282,25.0,8.0,22.8,1018.5,3.6,19,2,8,222,18667.3,2007.0,Hot-Humid
2016-08-09 20:00:00,Panther_lodging_Marisol,150.7791,23.9,8.0,22.2,1018.7,4.1,20,2,8,222,18667.3,2007.0,Hot-Humid
2016-08-09 21:00:00,Panther_lodging_Marisol,160.731,23.9,8.0,22.8,1019.5,5.7,21,2,8,222,18667.3,2007.0,Hot-Humid
2016-08-09 22:00:00,Panther_lodging_Marisol,159.5308,23.9,8.0,22.2,1019.6,3.6,22,2,8,222,18667.3,2007.0,Hot-Humid
2016-08-09 23:00:00,Panther_lodging_Marisol,152.4294,23.9,8.0,22.8,1019.0,1.5,23,2,8,222,18667.3,2007.0,Hot-Humid
2016-08-10 00:00:00,Panther_lodging_Marisol,139.727,23.9,8.0,22.8,1018.8,2.6,0,3,8,223,18667.3,2007.0,Hot-Humid
2016-08-10 01:00:00,Panther_lodging_Marisol,137.1765,23.9,8.0,22.8,1018.1,2.6,1,3,8,223,18667.3,2007.0,Hot-Humid
2016-08-10 02:00:00,Panther_lodging_Marisol,143.3777,23.9,7.2,22.8,1018.3,2.6,2,3,8,223,18667.3,2007.0,Hot-Humid
2016-08-10 03:00:00,Panther_lodging_Marisol,138.6768,23.9,6.4,22.8,1018.0,1.5,3,3,8,223,18667.3,2007.0,Hot-Humid
2016-08-10 04:00:00,Panther_lodging_Marisol,132.8756,23.9,5.6,22.8,1018.0,2.1,4,3,8,223,18667.3,2007.0,Hot-Humid
2016-08-10 05:00:00,Panther_lodging_Marisol,137.7766,23.9,5.6,22.8,1017.7,1.5,5,3,8,223,18667.3,2007.0,Hot-Humid
2016-08-10 06:00:00,Panther_lodging_Marisol,132.4256,23.9,4.0,22.2,1018.4,3.1,6,3,8,223,18667.3,2007.0,Hot-Humid
2016-08-10 07:00:00,Panther_lodging_Marisol,141.3273,24.4,4.0,22.8,1019.1,1.5,7,3,8,223,18667.3,2007.0,Hot-Humid
2016-08-10 08:00:00,Panther_lodging_Marisol,147.2284,26.7,4.0,23.3,1019.7,3.6,8,3,8,223,18667.3,2007.0,Hot-Humid
2016-08-10 09:00:00,Panther_lodging_Marisol,142.0774,27.8,4.4,23.3,1020.0,2.1,9,3,8,223,18667.3,2007.0,Hot-Humid
2016-08-10 10:00:00,Panther_lodging_Marisol,153.3296,29.4,4.8,24.4,1020.4,2.1,10,3,8,223,18667.3,2007.0,Hot-Humid
2016-08-10 11:00:00,Panther_lodging_Marisol,155.9301,30.6,5.2,24.4,1020.4,3.1,11,3,8,223,18667.3,2007.0,Hot-Humid
2016-08-10 12:00:00,Panther_lodging_Marisol,153.3296,31.1,5.2,23.9,1020.0,5.7,12,3,8,223,18667.3,2007.0,Hot-Humid
2016-08-10 13:00:00,Panther_lodging_Marisol,154.7799,31.1,6.0,22.2,1019.3,2.6,13,3,8,223,18667.3,2007.0,Hot-Humid
2016-08-10 14:00:00,Panther_lodging_Marisol,165.93200000000004,26.1,6.0,22.8,1019.4,10.3,14,3,8,223,18667.3,2007.0,Hot-Humid
2016-08-10 15:00:00,Panther_lodging_Marisol,157.0303,26.1,6.0,23.9,1019.5,5.7,15,3,8,223,18667.3,2007.0,Hot-Humid
2016-08-10 16:00:00,Panther_lodging_Marisol,157.3804,26.1,6.0,23.9,1019.5,3.6,16,3,8,223,18667.3,2007.0,Hot-Humid
2016-08-10 17:00:00,Panther_lodging_Marisol,149.2788,26.7,6.0,23.9,1018.3,3.1,17,3,8,223,18667.3,2007.0,Hot-Humid
2016-08-10 18:00:00,Panther_lodging_Marisol,147.1784,27.8,6.0,23.9,1017.9,2.1,18,3,8,223,18667.3,2007.0,Hot-Humid
2016-08-10 19:00:00,Panther_lodging_Marisol,145.22799999999995,27.2,6.0,23.9,1019.0,1.5,19,3,8,223,18667.3,2007.0,Hot-Humid
2016-08-10 20:00:00,Panther_lodging_Marisol,156.9303,26.7,6.333333333333333,24.4,1019.4,0.0,20,3,8,223,18667.3,2007.0,Hot-Humid
2016-08-10 21:00:00,Panther_lodging_Marisol,155.8301,27.2,6.666666666666667,23.9,1020.5,4.6,21,3,8,223,18667.3,2007.0,Hot-Humid
2016-08-10 22:00:00,Panther_lodging_Marisol,143.4277,25.6,7.0,23.3,1020.5,2.6,22,3,8,223,18667.3,2007.0,Hot-Humid
2016-08-10 23:00:00,Panther_lodging_Marisol,137.5265,25.0,7.0,23.3,1020.2,2.6,23,3,8,223,18667.3,2007.0,Hot-Humid
2016-08-11 00:00:00,Panther_lodging_Marisol,128.8749,25.0,7.0,23.3,1019.6,1.5,0,4,8,224,18667.3,2007.0,Hot-Humid
2016-08-11 01:00:00,Panther_lodging_Marisol,126.0243,24.4,8.0,23.3,1018.8,1.5,1,4,8,224,18667.3,2007.0,Hot-Humid
2016-08-11 02:00:00,Panther_lodging_Marisol,124.7741,24.4,4.0,22.8,1018.3,0.0,2,4,8,224,18667.3,2007.0,Hot-Humid
2016-08-11 03:00:00,Panther_lodging_Marisol,128.3248,24.4,4.0,22.8,1017.9,2.1,3,4,8,224,18667.3,2007.0,Hot-Humid
2016-08-11 04:00:00,Panther_lodging_Marisol,124.8741,24.4,2.0,23.3,1018.2,1.5,4,4,8,224,18667.3,2007.0,Hot-Humid
2016-08-11 05:00:00,Panther_lodging_Marisol,140.8772,24.4,2.0,23.3,1017.7,2.1,5,4,8,224,18667.3,2007.0,Hot-Humid
2016-08-11 06:00:00,Panther_lodging_Marisol,136.1263,24.4,4.0,23.3,1018.5,0.0,6,4,8,224,18667.3,2007.0,Hot-Humid
2016-08-11 07:00:00,Panther_lodging_Marisol,149.1788,25.0,6.0,23.3,1019.2,0.0,7,4,8,224,18667.3,2007.0,Hot-Humid
2016-08-11 08:00:00,Panther_lodging_Marisol,134.976,26.1,5.0,23.9,1019.7,1.5,8,4,8,224,18667.3,2007.0,Hot-Humid
2016-08-11 09:00:00,Panther_lodging_Marisol,152.7795,28.3,4.0,23.9,1019.8,0.0,9,4,8,224,18667.3,2007.0,Hot-Humid
2016-08-11 10:00:00,Panther_lodging_Marisol,150.6791,29.4,4.0,23.9,1019.7,2.1,10,4,8,224,18667.3,2007.0,Hot-Humid
2016-08-11 11:00:00,Panther_lodging_Marisol,154.4298,31.1,4.0,23.9,1019.7,2.6,11,4,8,224,18667.3,2007.0,Hot-Humid
2016-08-11 12:00:00,Panther_lodging_Marisol,156.4302,32.2,4.0,23.3,1018.8,4.1,12,4,8,224,18667.3,2007.0,Hot-Humid
2016-08-11 13:00:00,Panther_lodging_Marisol,162.4313,32.8,4.0,22.2,1017.9,3.6,13,4,8,224,18667.3,2007.0,Hot-Humid
2016-08-11 14:00:00,Panther_lodging_Marisol,159.6308,32.2,4.333333333333333,22.2,1017.2,3.1,14,4,8,224,18667.3,2007.0,Hot-Humid
2016-08-11 15:00:00,Panther_lodging_Marisol,147.4785,32.8,4.666666666666667,22.8,1016.1,4.6,15,4,8,224,18667.3,2007.0,Hot-Humid
2016-08-11 16:00:00,Panther_lodging_Marisol,159.1807,31.7,5.0,23.3,1016.0,7.7,16,4,8,224,18667.3,2007.0,Hot-Humid
2016-08-11 17:00:00,Panther_lodging_Marisol,161.8812,27.2,5.0,22.2,1016.3,3.1,17,4,8,224,18667.3,2007.0,Hot-Humid
2016-08-11 18:00:00,Panther_lodging_Marisol,161.0311,27.8,5.0,22.8,1016.8,2.1,18,4,8,224,18667.3,2007.0,Hot-Humid
2016-08-11 19:00:00,Panther_lodging_Marisol,145.078,26.1,6.0,22.8,1017.4,3.6,19,4,8,224,18667.3,2007.0,Hot-Humid
2016-08-11 20:00:00,Panther_lodging_Marisol,134.876,26.7,6.0,22.8,1017.4,0.0,20,4,8,224,18667.3,2007.0,Hot-Humid
2016-08-11 21:00:00,Panther_lodging_Marisol,158.7807,26.1,6.0,23.3,1018.1,0.0,21,4,8,224,18667.3,2007.0,Hot-Humid
2016-08-11 22:00:00,Panther_lodging_Marisol,149.5289,26.7,6.0,22.8,1018.1,0.0,22,4,8,224,18667.3,2007.0,Hot-Humid
2016-08-11 23:00:00,Panther_lodging_Marisol,142.1274,26.7,6.0,23.3,1018.5,1.5,23,4,8,224,18667.3,2007.0,Hot-Humid
2016-08-12 00:00:00,Panther_lodging_Marisol,131.5254,26.7,6.0,23.3,1018.4,0.0,0,5,8,225,18667.3,2007.0,Hot-Humid
2016-08-12 01:00:00,Panther_lodging_Marisol,129.525,25.0,6.0,23.3,1017.9,0.0,1,5,8,225,18667.3,2007.0,Hot-Humid
2016-08-12 02:00:00,Panther_lodging_Marisol,144.5779,25.6,4.0,23.9,1017.2,0.0,2,5,8,225,18667.3,2007.0,Hot-Humid
2016-08-12 03:00:00,Panther_lodging_Marisol,140.02700000000002,25.0,2.0,23.3,1016.0,1.5,3,5,8,225,18667.3,2007.0,Hot-Humid
2016-08-12 04:00:00,Panther_lodging_Marisol,143.5277,24.4,2.0,23.3,1016.0,1.5,4,5,8,225,18667.3,2007.0,Hot-Humid
2016-08-12 05:00:00,Panther_lodging_Marisol,135.2261,24.4,4.0,23.3,1016.1,0.0,5,5,8,225,18667.3,2007.0,Hot-Humid
2016-08-12 06:00:00,Panther_lodging_Marisol,148.3286,25.0,4.0,23.9,1016.3,3.1,6,5,8,225,18667.3,2007.0,Hot-Humid
2016-08-12 07:00:00,Panther_lodging_Marisol,145.7281,25.6,2.0,23.9,1016.9,3.1,7,5,8,225,18667.3,2007.0,Hot-Humid
2016-08-12 08:00:00,Panther_lodging_Marisol,141.3773,27.8,2.0,24.4,1017.2,4.1,8,5,8,225,18667.3,2007.0,Hot-Humid
2016-08-12 09:00:00,Panther_lodging_Marisol,137.3765,29.4,4.0,23.9,1017.6,4.1,9,5,8,225,18667.3,2007.0,Hot-Humid
2016-08-12 10:00:00,Panther_lodging_Marisol,147.6285,29.4,4.0,23.3,1017.3,3.6,10,5,8,225,18667.3,2007.0,Hot-Humid
2016-08-12 11:00:00,Panther_lodging_Marisol,150.079,30.6,4.0,22.8,1017.3,2.6,11,5,8,225,18667.3,2007.0,Hot-Humid
2016-08-12 12:00:00,Panther_lodging_Marisol,150.429,32.2,4.0,22.2,1016.9,3.1,12,5,8,225,18667.3,2007.0,Hot-Humid
2016-08-12 13:00:00,Panther_lodging_Marisol,148.5286,31.7,6.0,22.2,1016.7,2.1,13,5,8,225,18667.3,2007.0,Hot-Humid
2016-08-12 14:00:00,Panther_lodging_Marisol,147.3784,33.9,4.0,22.2,1015.7,2.1,14,5,8,225,18667.3,2007.0,Hot-Humid
2016-08-12 15:00:00,Panther_lodging_Marisol,143.7277,32.2,4.4,23.9,1015.2,7.2,15,5,8,225,18667.3,2007.0,Hot-Humid
2016-08-12 16:00:00,Panther_lodging_Marisol,148.6787,27.8,4.8,22.8,1015.9,4.1,16,5,8,225,18667.3,2007.0,Hot-Humid
2016-08-12 17:00:00,Panther_lodging_Marisol,151.3792,28.9,5.2,22.2,1015.6,0.0,17,5,8,225,18667.3,2007.0,Hot-Humid
2016-08-12 18:00:00,Panther_lodging_Marisol,141.6273,28.3,5.2,23.9,1015.5,1.5,18,5,8,225,18667.3,2007.0,Hot-Humid
2016-08-12 19:00:00,Panther_lodging_Marisol,139.1268,26.7,6.0,22.8,1016.1,2.1,19,5,8,225,18667.3,2007.0,Hot-Humid
2016-08-12 20:00:00,Panther_lodging_Marisol,143.7777,26.7,5.0,23.3,1017.2,4.6,20,5,8,225,18667.3,2007.0,Hot-Humid
2016-08-12 21:00:00,Panther_lodging_Marisol,149.6789,25.0,4.0,22.8,1017.1,2.1,21,5,8,225,18667.3,2007.0,Hot-Humid
2016-08-12 22:00:00,Panther_lodging_Marisol,157.8305,24.4,4.0,22.8,1017.8,2.1,22,5,8,225,18667.3,2007.0,Hot-Humid
2016-08-12 23:00:00,Panther_lodging_Marisol,150.7791,24.4,4.0,22.2,1017.0,0.0,23,5,8,225,18667.3,2007.0,Hot-Humid
2016-08-13 00:00:00,Panther_lodging_Marisol,142.2274,24.4,4.0,22.2,1017.0,2.1,0,6,8,226,18667.3,2007.0,Hot-Humid
2016-08-13 01:00:00,Panther_lodging_Marisol,131.7254,23.9,4.0,22.2,1017.0,1.5,1,6,8,226,18667.3,2007.0,Hot-Humid
2016-08-13 02:00:00,Panther_lodging_Marisol,130.4752,23.9,4.0,22.8,1016.8,0.0,2,6,8,226,18667.3,2007.0,Hot-Humid
2016-08-13 03:00:00,Panther_lodging_Marisol,141.4773,24.4,2.0,22.8,1016.4,0.0,3,6,8,226,18667.3,2007.0,Hot-Humid
2016-08-13 04:00:00,Panther_lodging_Marisol,133.0757,23.9,2.0,22.8,1016.4,0.0,4,6,8,226,18667.3,2007.0,Hot-Humid
2016-08-13 05:00:00,Panther_lodging_Marisol,138.9268,24.4,2.0,22.8,1016.4,1.5,5,6,8,226,18667.3,2007.0,Hot-Humid
2016-08-13 06:00:00,Panther_lodging_Marisol,135.4261,23.9,2.0,22.8,1017.0,0.0,6,6,8,226,18667.3,2007.0,Hot-Humid
2016-08-13 07:00:00,Panther_lodging_Marisol,133.7758,25.0,2.0,23.3,1017.4,2.6,7,6,8,226,18667.3,2007.0,Hot-Humid
2016-08-13 08:00:00,Panther_lodging_Marisol,133.1257,27.8,2.0,23.9,1017.8,3.1,8,6,8,226,18667.3,2007.0,Hot-Humid
2016-08-13 09:00:00,Panther_lodging_Marisol,134.976,29.4,2.0,23.9,1017.7,3.6,9,6,8,226,18667.3,2007.0,Hot-Humid
2016-08-13 10:00:00,Panther_lodging_Marisol,136.3263,30.6,2.0,23.3,1018.0,4.6,10,6,8,226,18667.3,2007.0,Hot-Humid
2016-08-13 11:00:00,Panther_lodging_Marisol,142.6775,31.1,4.0,22.8,1017.8,4.1,11,6,8,226,18667.3,2007.0,Hot-Humid
2016-08-13 12:00:00,Panther_lodging_Marisol,131.4754,32.2,4.0,23.3,1017.8,3.6,12,6,8,226,18667.3,2007.0,Hot-Humid
2016-08-13 13:00:00,Panther_lodging_Marisol,139.2769,32.2,4.0,22.8,1017.5,4.1,13,6,8,226,18667.3,2007.0,Hot-Humid
2016-08-13 14:00:00,Panther_lodging_Marisol,136.7264,32.8,4.0,22.2,1017.0,2.1,14,6,8,226,18667.3,2007.0,Hot-Humid
2016-08-13 15:00:00,Panther_lodging_Marisol,145.078,33.9,4.0,21.1,1016.5,2.1,15,6,8,226,18667.3,2007.0,Hot-Humid
2016-08-13 16:00:00,Panther_lodging_Marisol,141.8774,34.4,4.0,20.0,1015.7,3.1,16,6,8,226,18667.3,2007.0,Hot-Humid
2016-08-13 17:00:00,Panther_lodging_Marisol,146.9784,22.2,4.0,20.0,1017.3,4.1,17,6,8,226,18667.3,2007.0,Hot-Humid
2016-08-13 18:00:00,Panther_lodging_Marisol,140.8772,24.4,4.0,20.0,1016.4,1.5,18,6,8,226,18667.3,2007.0,Hot-Humid
2016-08-13 19:00:00,Panther_lodging_Marisol,135.1261,25.0,4.0,20.6,1016.8,3.1,19,6,8,226,18667.3,2007.0,Hot-Humid
2016-08-13 20:00:00,Panther_lodging_Marisol,137.6766,24.4,2.0,20.6,1017.0,2.6,20,6,8,226,18667.3,2007.0,Hot-Humid
2016-08-13 21:00:00,Panther_lodging_Marisol,152.3794,25.6,2.0,22.2,1017.8,2.6,21,6,8,226,18667.3,2007.0,Hot-Humid
2016-08-13 22:00:00,Panther_lodging_Marisol,137.1265,25.6,4.0,23.3,1018.6,2.6,22,6,8,226,18667.3,2007.0,Hot-Humid
2016-08-13 23:00:00,Panther_lodging_Marisol,129.475,26.1,4.666666666666667,23.9,1018.8,2.6,23,6,8,226,18667.3,2007.0,Hot-Humid
2016-08-14 00:00:00,Panther_lodging_Marisol,134.776,26.1,5.333333333333333,23.9,1018.5,3.1,0,7,8,227,18667.3,2007.0,Hot-Humid
2016-08-14 01:00:00,Panther_lodging_Marisol,126.3244,26.1,6.0,23.9,1017.8,1.5,1,7,8,227,18667.3,2007.0,Hot-Humid
2016-08-14 02:00:00,Panther_lodging_Marisol,125.4742,26.1,6.333333333333333,24.4,1017.5,1.5,2,7,8,227,18667.3,2007.0,Hot-Humid
2016-08-14 03:00:00,Panther_lodging_Marisol,127.3246,26.1,6.666666666666667,24.4,1017.9,2.6,3,7,8,227,18667.3,2007.0,Hot-Humid
2016-08-14 04:00:00,Panther_lodging_Marisol,121.6235,25.6,7.0,23.9,1017.6,2.1,4,7,8,227,18667.3,2007.0,Hot-Humid
2016-08-14 05:00:00,Panther_lodging_Marisol,121.6235,25.6,7.0,23.9,1017.5,1.5,5,7,8,227,18667.3,2007.0,Hot-Humid
2016-08-14 06:00:00,Panther_lodging_Marisol,123.0738,26.1,7.0,24.4,1018.8,2.1,6,7,8,227,18667.3,2007.0,Hot-Humid
2016-08-14 07:00:00,Panther_lodging_Marisol,133.2257,26.7,8.0,24.4,1018.8,2.1,7,7,8,227,18667.3,2007.0,Hot-Humid
2016-08-14 08:00:00,Panther_lodging_Marisol,130.7252,27.2,7.666666666666667,25.0,1018.8,4.1,8,7,8,227,18667.3,2007.0,Hot-Humid
2016-08-14 09:00:00,Panther_lodging_Marisol,139.5269,28.3,7.333333333333333,25.0,1019.3,4.1,9,7,8,227,18667.3,2007.0,Hot-Humid
2016-08-14 10:00:00,Panther_lodging_Marisol,141.9774,29.4,7.0,25.0,1019.4,3.6,10,7,8,227,18667.3,2007.0,Hot-Humid
2016-08-14 11:00:00,Panther_lodging_Marisol,149.8289,30.0,7.0,24.4,1019.1,4.1,11,7,8,227,18667.3,2007.0,Hot-Humid
2016-08-14 12:00:00,Panther_lodging_Marisol,153.5296,31.1,7.0,23.9,1019.4,3.1,12,7,8,227,18667.3,2007.0,Hot-Humid
2016-08-14 13:00:00,Panther_lodging_Marisol,146.1282,28.9,6.0,24.4,1018.7,3.6,13,7,8,227,18667.3,2007.0,Hot-Humid
2016-08-14 14:00:00,Panther_lodging_Marisol,155.28,26.7,6.0,23.3,1018.8,4.6,14,7,8,227,18667.3,2007.0,Hot-Humid
2016-08-14 15:00:00,Panther_lodging_Marisol,155.63,25.6,6.0,22.2,1018.4,6.2,15,7,8,227,18667.3,2007.0,Hot-Humid
2016-08-14 16:00:00,Panther_lodging_Marisol,152.2294,26.1,6.0,22.8,1017.9,3.1,16,7,8,227,18667.3,2007.0,Hot-Humid
2016-08-14 17:00:00,Panther_lodging_Marisol,146.1782,27.2,6.0,23.3,1017.5,0.0,17,7,8,227,18667.3,2007.0,Hot-Humid
2016-08-14 18:00:00,Panther_lodging_Marisol,142.3275,27.2,6.0,24.4,1017.8,2.6,18,7,8,227,18667.3,2007.0,Hot-Humid
2016-08-14 19:00:00,Panther_lodging_Marisol,142.1774,27.2,6.0,24.4,1018.1,3.1,19,7,8,227,18667.3,2007.0,Hot-Humid
2016-08-14 20:00:00,Panther_lodging_Marisol,139.727,26.7,4.0,25.0,1018.5,3.1,20,7,8,227,18667.3,2007.0,Hot-Humid
2016-08-14 21:00:00,Panther_lodging_Marisol,146.2782,27.2,2.0,24.4,1019.3,2.6,21,7,8,227,18667.3,2007.0,Hot-Humid
2016-08-14 22:00:00,Panther_lodging_Marisol,158.9807,26.7,2.0,24.4,1020.2,1.5,22,7,8,227,18667.3,2007.0,Hot-Humid
2016-08-14 23:00:00,Panther_lodging_Marisol,148.0786,26.7,4.0,24.4,1020.4,1.5,23,7,8,227,18667.3,2007.0,Hot-Humid
2016-08-15 00:00:00,Panther_lodging_Marisol,130.7752,26.1,4.0,25.0,1019.9,2.1,0,1,8,228,18667.3,2007.0,Hot-Humid
2016-08-15 01:00:00,Panther_lodging_Marisol,126.0243,26.1,4.0,25.0,1019.9,2.6,1,1,8,228,18667.3,2007.0,Hot-Humid
2016-08-15 02:00:00,Panther_lodging_Marisol,121.2734,26.1,4.0,25.0,1019.6,2.6,2,1,8,228,18667.3,2007.0,Hot-Humid
2016-08-15 03:00:00,Panther_lodging_Marisol,124.0239,26.1,3.3333333333333335,25.0,1019.0,2.1,3,1,8,228,18667.3,2007.0,Hot-Humid
2016-08-15 04:00:00,Panther_lodging_Marisol,123.2738,26.1,2.666666666666667,25.0,1019.2,2.6,4,1,8,228,18667.3,2007.0,Hot-Humid
2016-08-15 05:00:00,Panther_lodging_Marisol,124.8241,26.1,2.0,25.0,1019.3,3.6,5,1,8,228,18667.3,2007.0,Hot-Humid
2016-08-15 06:00:00,Panther_lodging_Marisol,125.7243,26.1,4.0,25.0,1019.6,3.1,6,1,8,228,18667.3,2007.0,Hot-Humid
2016-08-15 07:00:00,Panther_lodging_Marisol,139.827,26.7,4.0,25.6,1020.0,2.1,7,1,8,228,18667.3,2007.0,Hot-Humid
2016-08-15 08:00:00,Panther_lodging_Marisol,134.576,28.3,4.0,25.6,1020.4,3.1,8,1,8,228,18667.3,2007.0,Hot-Humid
2016-08-15 09:00:00,Panther_lodging_Marisol,126.0243,30.0,4.0,25.0,1020.9,4.6,9,1,8,228,18667.3,2007.0,Hot-Humid
2016-08-15 10:00:00,Panther_lodging_Marisol,132.1755,31.1,4.0,23.3,1021.1,4.6,10,1,8,228,18667.3,2007.0,Hot-Humid
2016-08-15 11:00:00,Panther_lodging_Marisol,147.1784,32.2,4.0,23.9,1020.9,2.6,11,1,8,228,18667.3,2007.0,Hot-Humid
2016-08-15 12:00:00,Panther_lodging_Marisol,154.8299,33.3,4.0,23.3,1020.4,4.6,12,1,8,228,18667.3,2007.0,Hot-Humid
2016-08-15 13:00:00,Panther_lodging_Marisol,149.8789,30.0,6.0,24.4,1019.8,4.6,13,1,8,228,18667.3,2007.0,Hot-Humid
2016-08-15 14:00:00,Panther_lodging_Marisol,144.2779,31.1,6.0,25.0,1019.6,3.6,14,1,8,228,18667.3,2007.0,Hot-Humid
2016-08-15 15:00:00,Panther_lodging_Marisol,139.5769,30.0,6.0,23.9,1019.0,2.1,15,1,8,228,18667.3,2007.0,Hot-Humid
2016-08-15 16:00:00,Panther_lodging_Marisol,141.9274,31.1,6.0,24.4,1018.5,1.5,16,1,8,228,18667.3,2007.0,Hot-Humid
2016-08-15 17:00:00,Panther_lodging_Marisol,153.2296,30.6,6.0,24.4,1018.4,2.1,17,1,8,228,18667.3,2007.0,Hot-Humid
2016-08-15 18:00:00,Panther_lodging_Marisol,148.6787,30.6,6.0,23.3,1018.7,5.7,18,1,8,228,18667.3,2007.0,Hot-Humid
2016-08-15 19:00:00,Panther_lodging_Marisol,138.6267,29.4,6.0,23.9,1019.2,3.1,19,1,8,228,18667.3,2007.0,Hot-Humid
2016-08-15 20:00:00,Panther_lodging_Marisol,157.6304,28.3,5.333333333333333,24.4,1019.8,3.1,20,1,8,228,18667.3,2007.0,Hot-Humid
2016-08-15 21:00:00,Panther_lodging_Marisol,168.3825,27.8,4.666666666666667,23.9,1020.2,3.1,21,1,8,228,18667.3,2007.0,Hot-Humid
2016-08-15 22:00:00,Panther_lodging_Marisol,164.5318,27.2,4.0,24.4,1020.7,2.6,22,1,8,228,18667.3,2007.0,Hot-Humid
2016-08-15 23:00:00,Panther_lodging_Marisol,142.4275,26.7,2.0,24.4,1021.0,2.6,23,1,8,228,18667.3,2007.0,Hot-Humid
2016-08-16 00:00:00,Panther_lodging_Marisol,132.1755,26.7,2.0,24.4,1021.0,2.1,0,2,8,229,18667.3,2007.0,Hot-Humid
2016-08-16 01:00:00,Panther_lodging_Marisol,129.9251,26.7,2.0,24.4,1020.5,2.1,1,2,8,229,18667.3,2007.0,Hot-Humid
2016-08-16 02:00:00,Panther_lodging_Marisol,136.3763,26.1,2.0,24.4,1020.0,2.1,2,2,8,229,18667.3,2007.0,Hot-Humid
2016-08-16 03:00:00,Panther_lodging_Marisol,130.0751,26.7,2.0,25.0,1019.8,3.1,3,2,8,229,18667.3,2007.0,Hot-Humid
2016-08-16 04:00:00,Panther_lodging_Marisol,123.1238,26.7,4.0,25.0,1019.9,2.1,4,2,8,229,18667.3,2007.0,Hot-Humid
2016-08-16 05:00:00,Panther_lodging_Marisol,129.475,26.1,4.0,25.0,1020.1,2.6,5,2,8,229,18667.3,2007.0,Hot-Humid
2016-08-16 06:00:00,Panther_lodging_Marisol,128.9749,26.1,2.0,25.0,1020.8,1.5,6,2,8,229,18667.3,2007.0,Hot-Humid
2016-08-16 07:00:00,Panther_lodging_Marisol,141.4273,26.7,2.0,25.0,1021.2,2.1,7,2,8,229,18667.3,2007.0,Hot-Humid
2016-08-16 08:00:00,Panther_lodging_Marisol,135.0761,28.9,2.0,25.6,1021.4,2.6,8,2,8,229,18667.3,2007.0,Hot-Humid
2016-08-16 09:00:00,Panther_lodging_Marisol,130.5252,30.6,4.0,25.0,1021.6,3.6,9,2,8,229,18667.3,2007.0,Hot-Humid
2016-08-16 10:00:00,Panther_lodging_Marisol,133.1757,30.6,4.0,23.9,1021.7,3.6,10,2,8,229,18667.3,2007.0,Hot-Humid
2016-08-16 11:00:00,Panther_lodging_Marisol,136.8264,28.9,5.333333333333333,23.9,1021.6,4.6,11,2,8,229,18667.3,2007.0,Hot-Humid
2016-08-16 12:00:00,Panther_lodging_Marisol,134.2259,30.0,6.666666666666666,24.0,1020.9,3.1,12,2,8,229,18667.3,2007.0,Hot-Humid
2016-08-16 13:00:00,Panther_lodging_Marisol,139.5769,26.7,8.0,23.9,1020.9,3.6,13,2,8,229,18667.3,2007.0,Hot-Humid
2016-08-16 14:00:00,Panther_lodging_Marisol,145.9282,25.0,7.666666666666667,21.7,1020.7,5.7,14,2,8,229,18667.3,2007.0,Hot-Humid
2016-08-16 15:00:00,Panther_lodging_Marisol,144.928,25.6,7.333333333333333,23.3,1020.2,6.2,15,2,8,229,18667.3,2007.0,Hot-Humid
2016-08-16 16:00:00,Panther_lodging_Marisol,143.7777,23.9,7.0,22.2,1021.3,5.7,16,2,8,229,18667.3,2007.0,Hot-Humid
2016-08-16 17:00:00,Panther_lodging_Marisol,149.3788,24.4,7.0,20.0,1019.5,3.1,17,2,8,229,18667.3,2007.0,Hot-Humid
2016-08-16 18:00:00,Panther_lodging_Marisol,146.9784,25.6,7.0,22.8,1019.0,0.0,18,2,8,229,18667.3,2007.0,Hot-Humid
2016-08-16 19:00:00,Panther_lodging_Marisol,157.4304,25.6,6.0,23.3,1019.7,2.6,19,2,8,229,18667.3,2007.0,Hot-Humid
2016-08-16 20:00:00,Panther_lodging_Marisol,164.7818,25.6,2.0,23.9,1020.0,2.6,20,2,8,229,18667.3,2007.0,Hot-Humid
2016-08-16 21:00:00,Panther_lodging_Marisol,171.4331,25.0,2.0,23.9,1020.4,2.6,21,2,8,229,18667.3,2007.0,Hot-Humid
2016-08-16 22:00:00,Panther_lodging_Marisol,157.9805,25.6,2.0,23.9,1021.1,2.1,22,2,8,229,18667.3,2007.0,Hot-Humid
2016-08-16 23:00:00,Panther_lodging_Marisol,132.6756,25.0,2.0,23.9,1021.4,1.5,23,2,8,229,18667.3,2007.0,Hot-Humid
2016-08-17 00:00:00,Panther_lodging_Marisol,133.0757,25.0,2.0,23.9,1021.4,2.1,0,3,8,230,18667.3,2007.0,Hot-Humid
2016-08-17 01:00:00,Panther_lodging_Marisol,125.8243,25.0,2.0,23.9,1021.7,2.1,1,3,8,230,18667.3,2007.0,Hot-Humid
2016-08-17 02:00:00,Panther_lodging_Marisol,127.0745,25.0,2.0,23.9,1021.2,1.5,2,3,8,230,18667.3,2007.0,Hot-Humid
2016-08-17 03:00:00,Panther_lodging_Marisol,132.6256,25.0,2.0,23.9,1020.9,2.6,3,3,8,230,18667.3,2007.0,Hot-Humid
2016-08-17 04:00:00,Panther_lodging_Marisol,129.475,25.0,2.0,23.9,1020.7,2.6,4,3,8,230,18667.3,2007.0,Hot-Humid
2016-08-17 05:00:00,Panther_lodging_Marisol,130.7252,25.0,2.0,23.9,1020.6,1.5,5,3,8,230,18667.3,2007.0,Hot-Humid
2016-08-17 06:00:00,Panther_lodging_Marisol,133.7758,25.6,2.0,24.4,1020.7,4.1,6,3,8,230,18667.3,2007.0,Hot-Humid
2016-08-17 07:00:00,Panther_lodging_Marisol,139.3269,25.6,2.0,25.0,1021.3,1.5,7,3,8,230,18667.3,2007.0,Hot-Humid
2016-08-17 08:00:00,Panther_lodging_Marisol,134.876,27.8,2.0,25.0,1021.9,2.1,8,3,8,230,18667.3,2007.0,Hot-Humid
2016-08-17 09:00:00,Panther_lodging_Marisol,129.525,28.9,4.0,24.4,1022.0,2.6,9,3,8,230,18667.3,2007.0,Hot-Humid
2016-08-17 10:00:00,Panther_lodging_Marisol,136.0262,30.6,4.0,23.9,1022.0,3.1,10,3,8,230,18667.3,2007.0,Hot-Humid
2016-08-17 11:00:00,Panther_lodging_Marisol,138.1767,31.1,4.666666666666667,23.3,1021.7,4.1,11,3,8,230,18667.3,2007.0,Hot-Humid
2016-08-17 12:00:00,Panther_lodging_Marisol,146.4283,31.7,5.333333333333333,23.9,1021.4,5.7,12,3,8,230,18667.3,2007.0,Hot-Humid
2016-08-17 13:00:00,Panther_lodging_Marisol,147.3284,32.2,6.0,22.8,1020.9,3.6,13,3,8,230,18667.3,2007.0,Hot-Humid
2016-08-17 14:00:00,Panther_lodging_Marisol,148.5287,31.7,5.6,22.8,1019.6,3.6,14,3,8,230,18667.3,2007.0,Hot-Humid
2016-08-17 15:00:00,Panther_lodging_Marisol,144.7279,32.8,5.2,22.8,1018.9,3.6,15,3,8,230,18667.3,2007.0,Hot-Humid
2016-08-17 16:00:00,Panther_lodging_Marisol,144.0778,32.2,4.8,21.7,1018.2,4.1,16,3,8,230,18667.3,2007.0,Hot-Humid
2016-08-17 17:00:00,Panther_lodging_Marisol,151.8293,32.2,4.8,22.2,1018.0,4.1,17,3,8,230,18667.3,2007.0,Hot-Humid
2016-08-17 18:00:00,Panther_lodging_Marisol,143.9278,31.1,4.0,21.7,1018.2,5.7,18,3,8,230,18667.3,2007.0,Hot-Humid
2016-08-17 19:00:00,Panther_lodging_Marisol,147.1784,29.4,4.0,22.2,1018.8,3.6,19,3,8,230,18667.3,2007.0,Hot-Humid
2016-08-17 20:00:00,Panther_lodging_Marisol,158.0305,28.3,4.0,22.8,1019.3,3.6,20,3,8,230,18667.3,2007.0,Hot-Humid
2016-08-17 21:00:00,Panther_lodging_Marisol,164.1317,27.8,2.0,23.9,1020.0,3.1,21,3,8,230,18667.3,2007.0,Hot-Humid
2016-08-17 22:00:00,Panther_lodging_Marisol,158.3306,27.2,2.0,23.9,1020.8,2.1,22,3,8,230,18667.3,2007.0,Hot-Humid
2016-08-17 23:00:00,Panther_lodging_Marisol,144.97799999999995,26.7,4.0,23.9,1020.7,2.1,23,3,8,230,18667.3,2007.0,Hot-Humid
2016-08-18 00:00:00,Panther_lodging_Marisol,139.0268,26.1,4.0,23.3,1020.7,2.1,0,4,8,231,18667.3,2007.0,Hot-Humid
2016-08-18 01:00:00,Panther_lodging_Marisol,129.0749,26.1,2.0,23.9,1020.4,0.0,1,4,8,231,18667.3,2007.0,Hot-Humid
2016-08-18 02:00:00,Panther_lodging_Marisol,130.1751,26.1,2.0,23.9,1019.9,0.0,2,4,8,231,18667.3,2007.0,Hot-Humid
2016-08-18 03:00:00,Panther_lodging_Marisol,132.9757,25.6,2.0,23.9,1019.4,2.1,3,4,8,231,18667.3,2007.0,Hot-Humid
2016-08-18 04:00:00,Panther_lodging_Marisol,132.2255,25.6,0.0,24.4,1019.4,0.0,4,4,8,231,18667.3,2007.0,Hot-Humid
2016-08-18 05:00:00,Panther_lodging_Marisol,132.5756,25.0,2.0,23.9,1019.6,0.0,5,4,8,231,18667.3,2007.0,Hot-Humid
2016-08-18 06:00:00,Panther_lodging_Marisol,132.3255,25.6,2.0,23.9,1019.7,0.0,6,4,8,231,18667.3,2007.0,Hot-Humid
2016-08-18 07:00:00,Panther_lodging_Marisol,144.3279,26.1,2.0,24.4,1019.9,2.1,7,4,8,231,18667.3,2007.0,Hot-Humid
2016-08-18 08:00:00,Panther_lodging_Marisol,137.7266,28.3,2.0,24.4,1020.0,2.6,8,4,8,231,18667.3,2007.0,Hot-Humid
2016-08-18 09:00:00,Panther_lodging_Marisol,143.8278,29.4,4.0,24.4,1020.1,3.1,9,4,8,231,18667.3,2007.0,Hot-Humid
2016-08-18 10:00:00,Panther_lodging_Marisol,142.3275,30.0,4.0,23.9,1020.2,0.0,10,4,8,231,18667.3,2007.0,Hot-Humid
2016-08-18 11:00:00,Panther_lodging_Marisol,156.4802,31.7,4.0,23.3,1019.8,2.1,11,4,8,231,18667.3,2007.0,Hot-Humid
2016-08-18 12:00:00,Panther_lodging_Marisol,154.3798,32.8,5.0,23.9,1019.5,2.6,12,4,8,231,18667.3,2007.0,Hot-Humid
2016-08-18 13:00:00,Panther_lodging_Marisol,147.3284,31.1,6.0,23.9,1019.0,5.1,13,4,8,231,18667.3,2007.0,Hot-Humid
2016-08-18 14:00:00,Panther_lodging_Marisol,151.8293,24.4,5.6,22.2,1019.0,3.6,14,4,8,231,18667.3,2007.0,Hot-Humid
2016-08-18 15:00:00,Panther_lodging_Marisol,155.9301,30.0,5.2,23.3,1018.1,0.0,15,4,8,231,18667.3,2007.0,Hot-Humid
2016-08-18 16:00:00,Panther_lodging_Marisol,159.8308,26.1,4.8,22.2,1018.3,4.1,16,4,8,231,18667.3,2007.0,Hot-Humid
2016-08-18 17:00:00,Panther_lodging_Marisol,153.1295,27.8,4.8,22.8,1016.6,1.5,17,4,8,231,18667.3,2007.0,Hot-Humid
2016-08-18 18:00:00,Panther_lodging_Marisol,144.97799999999995,27.2,4.0,23.9,1016.7,1.5,18,4,8,231,18667.3,2007.0,Hot-Humid
2016-08-18 19:00:00,Panther_lodging_Marisol,162.1813,27.8,6.0,23.3,1017.3,0.0,19,4,8,231,18667.3,2007.0,Hot-Humid
2016-08-18 20:00:00,Panther_lodging_Marisol,159.0307,27.8,2.0,23.3,1018.0,2.6,20,4,8,231,18667.3,2007.0,Hot-Humid
2016-08-18 21:00:00,Panther_lodging_Marisol,174.7337,26.7,2.0,23.3,1018.7,2.1,21,4,8,231,18667.3,2007.0,Hot-Humid
2016-08-18 22:00:00,Panther_lodging_Marisol,158.1305,26.1,0.0,23.9,1018.8,2.1,22,4,8,231,18667.3,2007.0,Hot-Humid
2016-08-18 23:00:00,Panther_lodging_Marisol,152.7795,25.0,0.0,23.3,1018.3,2.6,23,4,8,231,18667.3,2007.0,Hot-Humid
2016-08-19 00:00:00,Panther_lodging_Marisol,149.5789,25.6,0.0,23.3,1018.4,0.0,0,5,8,232,18667.3,2007.0,Hot-Humid
2016-08-19 01:00:00,Panther_lodging_Marisol,138.3267,25.6,2.0,23.9,1019.0,2.1,1,5,8,232,18667.3,2007.0,Hot-Humid
2016-08-19 02:00:00,Panther_lodging_Marisol,131.7754,23.9,2.0,22.8,1018.4,1.5,2,5,8,232,18667.3,2007.0,Hot-Humid
2016-08-19 03:00:00,Panther_lodging_Marisol,128.5248,25.0,2.0,23.9,1017.6,0.0,3,5,8,232,18667.3,2007.0,Hot-Humid
2016-08-19 04:00:00,Panther_lodging_Marisol,135.0761,25.0,2.0,23.9,1017.3,1.5,4,5,8,232,18667.3,2007.0,Hot-Humid
2016-08-19 05:00:00,Panther_lodging_Marisol,126.9745,24.4,2.0,23.3,1017.5,0.0,5,5,8,232,18667.3,2007.0,Hot-Humid
2016-08-19 06:00:00,Panther_lodging_Marisol,146.3282,24.4,2.0,23.3,1017.9,0.0,6,5,8,232,18667.3,2007.0,Hot-Humid
2016-08-19 07:00:00,Panther_lodging_Marisol,141.4273,25.6,2.0,24.4,1018.1,0.0,7,5,8,232,18667.3,2007.0,Hot-Humid
2016-08-19 08:00:00,Panther_lodging_Marisol,144.2778,26.7,2.0,24.4,1018.3,0.0,8,5,8,232,18667.3,2007.0,Hot-Humid
2016-08-19 09:00:00,Panther_lodging_Marisol,145.9282,28.3,4.0,24.4,1018.3,1.5,9,5,8,232,18667.3,2007.0,Hot-Humid
2016-08-19 10:00:00,Panther_lodging_Marisol,157.7805,29.4,4.0,23.3,1018.5,1.5,10,5,8,232,18667.3,2007.0,Hot-Humid
2016-08-19 11:00:00,Panther_lodging_Marisol,167.0822,31.1,4.0,23.3,1018.2,2.6,11,5,8,232,18667.3,2007.0,Hot-Humid
2016-08-19 12:00:00,Panther_lodging_Marisol,172.0332,31.7,2.0,21.7,1017.7,2.1,12,5,8,232,18667.3,2007.0,Hot-Humid
2016-08-19 13:00:00,Panther_lodging_Marisol,170.3829,32.8,2.0,21.7,1016.9,2.6,13,5,8,232,18667.3,2007.0,Hot-Humid
2016-08-19 14:00:00,Panther_lodging_Marisol,166.082,33.3,2.0,20.6,1016.2,0.0,14,5,8,232,18667.3,2007.0,Hot-Humid
2016-08-19 15:00:00,Panther_lodging_Marisol,170.983,33.9,4.0,20.6,1015.2,1.5,15,5,8,232,18667.3,2007.0,Hot-Humid
2016-08-19 16:00:00,Panther_lodging_Marisol,174.0836,33.9,2.0,20.6,1014.6,1.5,16,5,8,232,18667.3,2007.0,Hot-Humid
2016-08-19 17:00:00,Panther_lodging_Marisol,178.6345,33.3,2.0,21.1,1014.7,3.6,17,5,8,232,18667.3,2007.0,Hot-Humid
2016-08-19 18:00:00,Panther_lodging_Marisol,171.7832,32.2,2.0,21.1,1014.7,5.1,18,5,8,232,18667.3,2007.0,Hot-Humid
2016-08-19 19:00:00,Panther_lodging_Marisol,167.5323,30.0,2.0,20.0,1015.1,3.6,19,5,8,232,18667.3,2007.0,Hot-Humid
2016-08-19 20:00:00,Panther_lodging_Marisol,171.7331,28.3,2.0,21.1,1015.2,3.1,20,5,8,232,18667.3,2007.0,Hot-Humid
2016-08-19 21:00:00,Panther_lodging_Marisol,182.4352,28.3,2.0,21.1,1016.5,3.1,21,5,8,232,18667.3,2007.0,Hot-Humid
2016-08-19 22:00:00,Panther_lodging_Marisol,176.084,26.7,4.0,22.2,1016.8,2.1,22,5,8,232,18667.3,2007.0,Hot-Humid
2016-08-19 23:00:00,Panther_lodging_Marisol,171.3331,27.2,4.0,22.2,1016.7,0.0,23,5,8,232,18667.3,2007.0,Hot-Humid
2016-08-20 00:00:00,Panther_lodging_Marisol,160.1809,26.7,2.0,22.2,1016.4,0.0,0,6,8,233,18667.3,2007.0,Hot-Humid
2016-08-20 01:00:00,Panther_lodging_Marisol,146.8783,26.1,2.0,22.8,1016.0,0.0,1,6,8,233,18667.3,2007.0,Hot-Humid
2016-08-20 02:00:00,Panther_lodging_Marisol,139.67700000000002,25.0,2.0,23.3,1015.6,1.5,2,6,8,233,18667.3,2007.0,Hot-Humid
2016-08-20 03:00:00,Panther_lodging_Marisol,129.425,25.0,2.8,23.3,1015.3,1.5,3,6,8,233,18667.3,2007.0,Hot-Humid
2016-08-20 04:00:00,Panther_lodging_Marisol,136.0262,25.0,3.6,23.3,1015.3,0.0,4,6,8,233,18667.3,2007.0,Hot-Humid
2016-08-20 05:00:00,Panther_lodging_Marisol,137.1765,25.0,4.4,23.3,1015.6,0.0,5,6,8,233,18667.3,2007.0,Hot-Humid
2016-08-20 06:00:00,Panther_lodging_Marisol,140.4771,23.9,4.4,22.8,1015.8,0.0,6,6,8,233,18667.3,2007.0,Hot-Humid
2016-08-20 07:00:00,Panther_lodging_Marisol,141.1272,25.6,6.0,23.3,1016.2,1.5,7,6,8,233,18667.3,2007.0,Hot-Humid
2016-08-20 08:00:00,Panther_lodging_Marisol,143.8278,27.2,4.0,23.9,1016.7,1.5,8,6,8,233,18667.3,2007.0,Hot-Humid
2016-08-20 09:00:00,Panther_lodging_Marisol,148.8787,30.0,4.0,24.4,1016.6,1.5,9,6,8,233,18667.3,2007.0,Hot-Humid
2016-08-20 10:00:00,Panther_lodging_Marisol,159.8808,30.6,4.0,22.8,1016.8,0.0,10,6,8,233,18667.3,2007.0,Hot-Humid
2016-08-20 11:00:00,Panther_lodging_Marisol,169.8328,31.7,4.0,23.3,1016.5,0.0,11,6,8,233,18667.3,2007.0,Hot-Humid
2016-08-20 12:00:00,Panther_lodging_Marisol,179.2846,32.2,4.0,22.8,1015.9,1.5,12,6,8,233,18667.3,2007.0,Hot-Humid
2016-08-20 13:00:00,Panther_lodging_Marisol,181.6851,32.8,4.0,22.2,1015.2,2.6,13,6,8,233,18667.3,2007.0,Hot-Humid
2016-08-20 14:00:00,Panther_lodging_Marisol,183.7855,33.3,4.0,22.2,1014.4,4.1,14,6,8,233,18667.3,2007.0,Hot-Humid
2016-08-20 15:00:00,Panther_lodging_Marisol,187.9363,33.3,4.0,22.2,1013.5,2.1,15,6,8,233,18667.3,2007.0,Hot-Humid
2016-08-20 16:00:00,Panther_lodging_Marisol,188.1863,32.8,4.0,23.3,1013.2,5.7,16,6,8,233,18667.3,2007.0,Hot-Humid
2016-08-20 17:00:00,Panther_lodging_Marisol,184.5356,32.8,4.666666666666667,22.2,1013.2,5.1,17,6,8,233,18667.3,2007.0,Hot-Humid
2016-08-20 18:00:00,Panther_lodging_Marisol,182.7853,32.8,5.333333333333333,22.2,1013.3,3.1,18,6,8,233,18667.3,2007.0,Hot-Humid
2016-08-20 19:00:00,Panther_lodging_Marisol,178.4344,31.1,6.0,22.2,1013.7,3.1,19,6,8,233,18667.3,2007.0,Hot-Humid
2016-08-20 20:00:00,Panther_lodging_Marisol,197.3881,30.6,5.6,22.8,1014.2,1.5,20,6,8,233,18667.3,2007.0,Hot-Humid
2016-08-20 21:00:00,Panther_lodging_Marisol,189.7866,28.3,5.2,23.3,1015.0,0.0,21,6,8,233,18667.3,2007.0,Hot-Humid
2016-08-20 22:00:00,Panther_lodging_Marisol,191.0869,27.8,4.8,23.9,1015.4,0.0,22,6,8,233,18667.3,2007.0,Hot-Humid
2016-08-20 23:00:00,Panther_lodging_Marisol,177.9843,28.9,4.8,22.8,1015.5,2.6,23,6,8,233,18667.3,2007.0,Hot-Humid
2016-08-21 00:00:00,Panther_lodging_Marisol,175.5839,27.8,4.0,22.8,1015.5,0.0,0,7,8,234,18667.3,2007.0,Hot-Humid
2016-08-21 01:00:00,Panther_lodging_Marisol,165.732,27.8,4.0,23.3,1015.2,0.0,1,7,8,234,18667.3,2007.0,Hot-Humid
2016-08-21 02:00:00,Panther_lodging_Marisol,154.2798,26.7,2.0,23.3,1015.1,1.5,2,7,8,234,18667.3,2007.0,Hot-Humid
2016-08-21 03:00:00,Panther_lodging_Marisol,154.7799,25.0,2.0,23.3,1014.9,1.5,3,7,8,234,18667.3,2007.0,Hot-Humid
2016-08-21 04:00:00,Panther_lodging_Marisol,145.7781,25.0,2.0,23.3,1014.9,0.0,4,7,8,234,18667.3,2007.0,Hot-Humid
2016-08-21 05:00:00,Panther_lodging_Marisol,142.6775,25.6,4.0,23.9,1015.4,1.5,5,7,8,234,18667.3,2007.0,Hot-Humid
2016-08-21 06:00:00,Panther_lodging_Marisol,143.8778,25.6,5.0,23.9,1016.1,1.5,6,7,8,234,18667.3,2007.0,Hot-Humid
2016-08-21 07:00:00,Panther_lodging_Marisol,146.2782,26.1,6.0,24.4,1016.5,0.0,7,7,8,234,18667.3,2007.0,Hot-Humid
2016-08-21 08:00:00,Panther_lodging_Marisol,150.8291,28.3,4.0,24.4,1017.0,0.0,8,7,8,234,18667.3,2007.0,Hot-Humid
2016-08-21 09:00:00,Panther_lodging_Marisol,163.3315,30.0,4.0,23.9,1017.2,2.1,9,7,8,234,18667.3,2007.0,Hot-Humid
2016-08-21 10:00:00,Panther_lodging_Marisol,177.2842,31.1,4.0,22.2,1017.5,0.0,10,7,8,234,18667.3,2007.0,Hot-Humid
2016-08-21 11:00:00,Panther_lodging_Marisol,187.6362,31.7,4.0,22.2,1017.6,0.0,11,7,8,234,18667.3,2007.0,Hot-Humid
2016-08-21 12:00:00,Panther_lodging_Marisol,184.7857,33.3,5.0,21.7,1017.4,1.5,12,7,8,234,18667.3,2007.0,Hot-Humid
2016-08-21 13:00:00,Panther_lodging_Marisol,187.5362,32.8,6.0,22.8,1017.0,4.1,13,7,8,234,18667.3,2007.0,Hot-Humid
2016-08-21 14:00:00,Panther_lodging_Marisol,195.4877,33.3,6.0,22.2,1016.2,2.6,14,7,8,234,18667.3,2007.0,Hot-Humid
2016-08-21 15:00:00,Panther_lodging_Marisol,193.5873,33.3,6.0,21.7,1015.4,1.5,15,7,8,234,18667.3,2007.0,Hot-Humid
2016-08-21 16:00:00,Panther_lodging_Marisol,197.2881,35.0,6.0,20.6,1015.1,2.1,16,7,8,234,18667.3,2007.0,Hot-Humid
2016-08-21 17:00:00,Panther_lodging_Marisol,200.3387,35.0,6.0,20.0,1014.9,3.6,17,7,8,234,18667.3,2007.0,Hot-Humid
2016-08-21 18:00:00,Panther_lodging_Marisol,190.2367,32.8,6.0,21.1,1015.3,4.6,18,7,8,234,18667.3,2007.0,Hot-Humid
2016-08-21 19:00:00,Panther_lodging_Marisol,200.4387,31.7,6.0,22.8,1015.8,3.1,19,7,8,234,18667.3,2007.0,Hot-Humid
2016-08-21 20:00:00,Panther_lodging_Marisol,202.6891,30.6,5.0,22.8,1016.4,2.6,20,7,8,234,18667.3,2007.0,Hot-Humid
2016-08-21 21:00:00,Panther_lodging_Marisol,213.6412,29.4,4.0,23.3,1017.2,3.1,21,7,8,234,18667.3,2007.0,Hot-Humid
2016-08-21 22:00:00,Panther_lodging_Marisol,205.7897,29.4,4.0,22.2,1017.9,2.6,22,7,8,234,18667.3,2007.0,Hot-Humid
2016-08-21 23:00:00,Panther_lodging_Marisol,182.6353,28.9,4.0,22.8,1018.0,2.6,23,7,8,234,18667.3,2007.0,Hot-Humid
2016-08-22 00:00:00,Panther_lodging_Marisol,169.4327,28.3,2.0,22.8,1017.7,0.0,0,1,8,235,18667.3,2007.0,Hot-Humid
2016-08-22 01:00:00,Panther_lodging_Marisol,152.6795,27.2,0.0,23.3,1017.7,1.5,1,1,8,235,18667.3,2007.0,Hot-Humid
2016-08-22 02:00:00,Panther_lodging_Marisol,140.077,27.2,0.0,23.9,1017.5,1.5,2,1,8,235,18667.3,2007.0,Hot-Humid
2016-08-22 03:00:00,Panther_lodging_Marisol,146.6283,25.0,0.0,23.3,1017.4,1.5,3,1,8,235,18667.3,2007.0,Hot-Humid
2016-08-22 04:00:00,Panther_lodging_Marisol,145.6281,26.1,0.0,23.9,1017.2,0.0,4,1,8,235,18667.3,2007.0,Hot-Humid
2016-08-22 05:00:00,Panther_lodging_Marisol,143.5777,25.0,0.0,23.3,1017.5,0.0,5,1,8,235,18667.3,2007.0,Hot-Humid
2016-08-22 06:00:00,Panther_lodging_Marisol,147.5285,24.4,2.0,23.3,1017.9,0.0,6,1,8,235,18667.3,2007.0,Hot-Humid
2016-08-22 07:00:00,Panther_lodging_Marisol,161.8813,26.7,2.0,24.4,1018.6,0.0,7,1,8,235,18667.3,2007.0,Hot-Humid
2016-08-22 08:00:00,Panther_lodging_Marisol,166.032,28.9,2.0,23.9,1018.9,3.6,8,1,8,235,18667.3,2007.0,Hot-Humid
2016-08-22 09:00:00,Panther_lodging_Marisol,168.3825,30.0,2.0,23.3,1019.4,3.1,9,1,8,235,18667.3,2007.0,Hot-Humid
2016-08-22 10:00:00,Panther_lodging_Marisol,170.4329,31.1,2.0,21.7,1019.8,2.6,10,1,8,235,18667.3,2007.0,Hot-Humid
2016-08-22 11:00:00,Panther_lodging_Marisol,174.3336,32.8,2.0,21.7,1019.7,2.1,11,1,8,235,18667.3,2007.0,Hot-Humid
2016-08-22 12:00:00,Panther_lodging_Marisol,178.7845,32.8,4.0,22.2,1019.5,4.1,12,1,8,235,18667.3,2007.0,Hot-Humid
2016-08-22 13:00:00,Panther_lodging_Marisol,187.2361,33.9,6.0,21.7,1019.2,2.6,13,1,8,235,18667.3,2007.0,Hot-Humid
2016-08-22 14:00:00,Panther_lodging_Marisol,188.8865,33.9,5.333333333333333,21.1,1018.6,3.6,14,1,8,235,18667.3,2007.0,Hot-Humid
2016-08-22 15:00:00,Panther_lodging_Marisol,189.9866,34.4,4.666666666666667,20.6,1017.9,2.6,15,1,8,235,18667.3,2007.0,Hot-Humid
2016-08-22 16:00:00,Panther_lodging_Marisol,191.9871,34.4,4.0,20.6,1017.7,1.5,16,1,8,235,18667.3,2007.0,Hot-Humid
2016-08-22 17:00:00,Panther_lodging_Marisol,199.2885,35.6,4.0,20.0,1017.7,0.0,17,1,8,235,18667.3,2007.0,Hot-Humid
2016-08-22 18:00:00,Panther_lodging_Marisol,199.3885,35.0,4.0,21.1,1017.4,2.6,18,1,8,235,18667.3,2007.0,Hot-Humid
2016-08-22 19:00:00,Panther_lodging_Marisol,210.3406,31.7,6.0,24.4,1018.1,4.6,19,1,8,235,18667.3,2007.0,Hot-Humid
2016-08-22 20:00:00,Panther_lodging_Marisol,206.4398,28.9,2.0,24.4,1019.0,2.6,20,1,8,235,18667.3,2007.0,Hot-Humid
2016-08-22 21:00:00,Panther_lodging_Marisol,199.4385,28.3,2.6666666666666665,24.4,1020.2,2.6,21,1,8,235,18667.3,2007.0,Hot-Humid
2016-08-22 22:00:00,Panther_lodging_Marisol,200.4887,27.8,3.333333333333333,23.9,1020.5,2.1,22,1,8,235,18667.3,2007.0,Hot-Humid
2016-08-22 23:00:00,Panther_lodging_Marisol,188.3363,27.2,4.0,24.4,1020.2,1.5,23,1,8,235,18667.3,2007.0,Hot-Humid
2016-08-23 00:00:00,Panther_lodging_Marisol,170.1828,27.8,4.0,24.4,1020.3,1.5,0,2,8,236,18667.3,2007.0,Hot-Humid
2016-08-23 01:00:00,Panther_lodging_Marisol,157.1803,26.7,2.0,24.4,1020.1,0.0,1,2,8,236,18667.3,2007.0,Hot-Humid
2016-08-23 02:00:00,Panther_lodging_Marisol,140.4771,26.1,2.0,24.4,1019.8,0.0,2,2,8,236,18667.3,2007.0,Hot-Humid
2016-08-23 03:00:00,Panther_lodging_Marisol,140.4271,26.1,0.0,23.9,1019.6,1.5,3,2,8,236,18667.3,2007.0,Hot-Humid
2016-08-23 04:00:00,Panther_lodging_Marisol,132.3255,25.6,0.0,23.9,1019.7,0.0,4,2,8,236,18667.3,2007.0,Hot-Humid
2016-08-23 05:00:00,Panther_lodging_Marisol,135.8262,26.1,0.0,23.9,1019.9,0.0,5,2,8,236,18667.3,2007.0,Hot-Humid
2016-08-23 06:00:00,Panther_lodging_Marisol,150.9291,26.1,2.0,23.9,1020.5,0.0,6,2,8,236,18667.3,2007.0,Hot-Humid
2016-08-23 07:00:00,Panther_lodging_Marisol,142.1774,26.7,2.0,25.0,1021.0,0.0,7,2,8,236,18667.3,2007.0,Hot-Humid
2016-08-23 08:00:00,Panther_lodging_Marisol,150.9791,30.0,2.0,23.9,1021.3,1.5,8,2,8,236,18667.3,2007.0,Hot-Humid
2016-08-23 09:00:00,Panther_lodging_Marisol,167.1823,31.1,2.0,23.9,1021.4,0.0,9,2,8,236,18667.3,2007.0,Hot-Humid
2016-08-23 10:00:00,Panther_lodging_Marisol,182.1852,32.2,4.0,23.9,1021.6,0.0,10,2,8,236,18667.3,2007.0,Hot-Humid
2016-08-23 11:00:00,Panther_lodging_Marisol,171.7331,32.8,4.0,23.3,1021.4,1.5,11,2,8,236,18667.3,2007.0,Hot-Humid
2016-08-23 12:00:00,Panther_lodging_Marisol,172.7833,33.3,4.0,23.3,1021.1,3.1,12,2,8,236,18667.3,2007.0,Hot-Humid
2016-08-23 13:00:00,Panther_lodging_Marisol,177.6843,35.0,6.0,22.8,1020.3,3.1,13,2,8,236,18667.3,2007.0,Hot-Humid
2016-08-23 14:00:00,Panther_lodging_Marisol,183.0353,34.4,6.0,21.1,1019.3,3.6,14,2,8,236,18667.3,2007.0,Hot-Humid
2016-08-23 15:00:00,Panther_lodging_Marisol,181.535,33.9,6.0,22.2,1019.1,4.6,15,2,8,236,18667.3,2007.0,Hot-Humid
2016-08-23 16:00:00,Panther_lodging_Marisol,186.536,34.0,6.0,23.0,1018.6,5.7,16,2,8,236,18667.3,2007.0,Hot-Humid
2016-08-23 17:00:00,Panther_lodging_Marisol,194.9876,32.8,6.0,21.1,1018.8,5.7,17,2,8,236,18667.3,2007.0,Hot-Humid
2016-08-23 18:00:00,Panther_lodging_Marisol,199.1884,31.7,6.0,21.7,1019.2,6.7,18,2,8,236,18667.3,2007.0,Hot-Humid
2016-08-23 19:00:00,Panther_lodging_Marisol,210.9907,30.0,6.0,22.8,1019.8,5.1,19,2,8,236,18667.3,2007.0,Hot-Humid
2016-08-23 20:00:00,Panther_lodging_Marisol,200.6387,28.9,5.333333333333333,22.8,1020.3,3.6,20,2,8,236,18667.3,2007.0,Hot-Humid
2016-08-23 21:00:00,Panther_lodging_Marisol,199.1884,28.3,4.666666666666667,23.9,1020.2,3.6,21,2,8,236,18667.3,2007.0,Hot-Humid
2016-08-23 22:00:00,Panther_lodging_Marisol,195.7878,28.3,4.0,25.0,1020.2,3.6,22,2,8,236,18667.3,2007.0,Hot-Humid
2016-08-23 23:00:00,Panther_lodging_Marisol,184.6856,27.8,4.0,25.0,1020.3,4.1,23,2,8,236,18667.3,2007.0,Hot-Humid
2016-08-24 00:00:00,Panther_lodging_Marisol,166.8322,27.8,5.0,25.0,1019.8,3.6,0,3,8,237,18667.3,2007.0,Hot-Humid
2016-08-24 01:00:00,Panther_lodging_Marisol,153.7297,27.2,6.0,25.6,1019.6,3.6,1,3,8,237,18667.3,2007.0,Hot-Humid
2016-08-24 02:00:00,Panther_lodging_Marisol,141.2273,27.2,5.0,25.6,1019.4,2.6,2,3,8,237,18667.3,2007.0,Hot-Humid
2016-08-24 03:00:00,Panther_lodging_Marisol,139.3269,26.7,4.0,25.0,1019.0,3.1,3,3,8,237,18667.3,2007.0,Hot-Humid
2016-08-24 04:00:00,Panther_lodging_Marisol,140.6271,27.2,4.0,25.6,1019.1,3.6,4,3,8,237,18667.3,2007.0,Hot-Humid
2016-08-24 05:00:00,Panther_lodging_Marisol,136.8264,26.7,4.666666666666667,25.6,1019.2,3.1,5,3,8,237,18667.3,2007.0,Hot-Humid
2016-08-24 06:00:00,Panther_lodging_Marisol,138.3267,27.2,5.333333333333333,25.6,1019.5,3.1,6,3,8,237,18667.3,2007.0,Hot-Humid
2016-08-24 07:00:00,Panther_lodging_Marisol,149.1288,27.2,6.0,25.6,1020.0,3.6,7,3,8,237,18667.3,2007.0,Hot-Humid
2016-08-24 08:00:00,Panther_lodging_Marisol,158.5306,27.8,6.0,25.0,1020.0,3.6,8,3,8,237,18667.3,2007.0,Hot-Humid
2016-08-24 09:00:00,Panther_lodging_Marisol,162.7814,28.9,6.0,25.6,1020.2,3.6,9,3,8,237,18667.3,2007.0,Hot-Humid
2016-08-24 10:00:00,Panther_lodging_Marisol,160.3809,26.1,6.0,23.9,1020.5,8.2,10,3,8,237,18667.3,2007.0,Hot-Humid
2016-08-24 11:00:00,Panther_lodging_Marisol,169.3827,26.0,6.0,24.0,1020.8,4.1,11,3,8,237,18667.3,2007.0,Hot-Humid
2016-08-24 12:00:00,Panther_lodging_Marisol,178.7345,27.8,6.0,25.0,1020.5,3.1,12,3,8,237,18667.3,2007.0,Hot-Humid
2016-08-24 13:00:00,Panther_lodging_Marisol,181.435,27.8,6.0,25.0,1019.6,3.6,13,3,8,237,18667.3,2007.0,Hot-Humid
2016-08-24 14:00:00,Panther_lodging_Marisol,178.8845,31.1,6.0,23.3,1018.9,6.2,14,3,8,237,18667.3,2007.0,Hot-Humid
2016-08-24 15:00:00,Panther_lodging_Marisol,187.9863,32.2,6.0,21.7,1018.3,6.2,15,3,8,237,18667.3,2007.0,Hot-Humid
2016-08-24 16:00:00,Panther_lodging_Marisol,188.0363,31.1,6.0,21.7,1018.1,8.8,16,3,8,237,18667.3,2007.0,Hot-Humid
2016-08-24 17:00:00,Panther_lodging_Marisol,187.3361,31.1,6.0,22.2,1017.6,6.2,17,3,8,237,18667.3,2007.0,Hot-Humid
2016-08-24 18:00:00,Panther_lodging_Marisol,189.4866,30.0,6.0,21.7,1018.1,6.7,18,3,8,237,18667.3,2007.0,Hot-Humid
2016-08-24 19:00:00,Panther_lodging_Marisol,190.9869,28.3,6.0,22.8,1018.9,4.6,19,3,8,237,18667.3,2007.0,Hot-Humid
2016-08-24 20:00:00,Panther_lodging_Marisol,200.4387,27.8,5.0,23.3,1019.2,5.7,20,3,8,237,18667.3,2007.0,Hot-Humid
2016-08-24 21:00:00,Panther_lodging_Marisol,200.1386,27.2,4.0,23.3,1019.2,4.6,21,3,8,237,18667.3,2007.0,Hot-Humid
2016-08-24 22:00:00,Panther_lodging_Marisol,194.9876,26.7,4.0,23.3,1019.2,4.6,22,3,8,237,18667.3,2007.0,Hot-Humid
2016-08-24 23:00:00,Panther_lodging_Marisol,176.8341,26.7,4.0,23.9,1018.7,4.6,23,3,8,237,18667.3,2007.0,Hot-Humid
2016-08-25 00:00:00,Panther_lodging_Marisol,165.732,26.7,4.0,23.9,1018.2,3.6,0,4,8,238,18667.3,2007.0,Hot-Humid
2016-08-25 01:00:00,Panther_lodging_Marisol,148.3786,26.1,2.0,23.3,1017.5,4.6,1,4,8,238,18667.3,2007.0,Hot-Humid
2016-08-25 02:00:00,Panther_lodging_Marisol,139.3769,25.6,2.0,23.3,1016.8,4.1,2,4,8,238,18667.3,2007.0,Hot-Humid
2016-08-25 03:00:00,Panther_lodging_Marisol,139.977,25.6,0.0,22.8,1016.7,3.1,3,4,8,238,18667.3,2007.0,Hot-Humid
2016-08-25 04:00:00,Panther_lodging_Marisol,139.67700000000002,25.6,0.0,22.8,1016.6,1.5,4,4,8,238,18667.3,2007.0,Hot-Humid
2016-08-25 05:00:00,Panther_lodging_Marisol,132.5256,25.0,2.0,22.8,1016.7,2.1,5,4,8,238,18667.3,2007.0,Hot-Humid
2016-08-25 06:00:00,Panther_lodging_Marisol,143.9278,25.0,2.0,22.8,1017.3,2.6,6,4,8,238,18667.3,2007.0,Hot-Humid
2016-08-25 07:00:00,Panther_lodging_Marisol,149.7789,26.1,2.0,22.8,1018.0,2.6,7,4,8,238,18667.3,2007.0,Hot-Humid
2016-08-25 08:00:00,Panther_lodging_Marisol,159.0307,28.3,2.0,23.3,1017.7,4.1,8,4,8,238,18667.3,2007.0,Hot-Humid
2016-08-25 09:00:00,Panther_lodging_Marisol,155.0799,29.4,2.0,23.3,1017.8,6.2,9,4,8,238,18667.3,2007.0,Hot-Humid
2016-08-25 10:00:00,Panther_lodging_Marisol,167.2823,30.6,4.0,22.8,1017.9,6.7,10,4,8,238,18667.3,2007.0,Hot-Humid
2016-08-25 11:00:00,Panther_lodging_Marisol,166.082,31.7,4.0,22.2,1017.6,7.2,11,4,8,238,18667.3,2007.0,Hot-Humid
2016-08-25 12:00:00,Panther_lodging_Marisol,191.3869,32.8,4.0,21.7,1017.4,6.7,12,4,8,238,18667.3,2007.0,Hot-Humid
2016-08-25 13:00:00,Panther_lodging_Marisol,171.083,32.8,4.0,21.1,1016.8,7.7,13,4,8,238,18667.3,2007.0,Hot-Humid
2016-08-25 14:00:00,Panther_lodging_Marisol,183.1353,33.3,4.0,21.1,1016.3,7.2,14,4,8,238,18667.3,2007.0,Hot-Humid
2016-08-25 15:00:00,Panther_lodging_Marisol,176.7341,32.8,4.0,20.6,1015.4,8.8,15,4,8,238,18667.3,2007.0,Hot-Humid
2016-08-25 16:00:00,Panther_lodging_Marisol,178.2344,31.7,4.0,21.1,1015.2,8.2,16,4,8,238,18667.3,2007.0,Hot-Humid
2016-08-25 17:00:00,Panther_lodging_Marisol,183.1853,31.1,4.0,20.0,1015.3,7.2,17,4,8,238,18667.3,2007.0,Hot-Humid
2016-08-25 18:00:00,Panther_lodging_Marisol,190.1367,30.0,4.0,21.1,1016.0,8.2,18,4,8,238,18667.3,2007.0,Hot-Humid
2016-08-25 19:00:00,Panther_lodging_Marisol,193.6374,28.3,4.0,21.1,1016.1,6.2,19,4,8,238,18667.3,2007.0,Hot-Humid
2016-08-25 20:00:00,Panther_lodging_Marisol,194.9376,27.8,2.0,21.7,1015.7,4.6,20,4,8,238,18667.3,2007.0,Hot-Humid
2016-08-25 21:00:00,Panther_lodging_Marisol,187.9863,26.7,2.0,22.2,1016.3,4.1,21,4,8,238,18667.3,2007.0,Hot-Humid
2016-08-25 22:00:00,Panther_lodging_Marisol,192.4872,26.7,4.0,22.2,1016.5,4.1,22,4,8,238,18667.3,2007.0,Hot-Humid
2016-08-25 23:00:00,Panther_lodging_Marisol,187.8863,26.1,4.0,22.8,1016.6,4.1,23,4,8,238,18667.3,2007.0,Hot-Humid
2016-08-26 00:00:00,Panther_lodging_Marisol,174.5337,25.6,2.0,23.3,1016.4,4.1,0,5,8,239,18667.3,2007.0,Hot-Humid
2016-08-26 01:00:00,Panther_lodging_Marisol,152.0793,25.6,6.0,23.9,1016.0,3.6,1,5,8,239,18667.3,2007.0,Hot-Humid
2016-08-26 02:00:00,Panther_lodging_Marisol,147.2284,25.6,5.0,23.9,1015.6,3.1,2,5,8,239,18667.3,2007.0,Hot-Humid
2016-08-26 03:00:00,Panther_lodging_Marisol,148.9287,25.6,4.0,23.9,1015.2,3.6,3,5,8,239,18667.3,2007.0,Hot-Humid
2016-08-26 04:00:00,Panther_lodging_Marisol,144.0278,25.6,4.0,23.9,1015.4,3.1,4,5,8,239,18667.3,2007.0,Hot-Humid
2016-08-26 05:00:00,Panther_lodging_Marisol,136.9764,25.6,4.0,23.9,1015.7,3.6,5,5,8,239,18667.3,2007.0,Hot-Humid
2016-08-26 06:00:00,Panther_lodging_Marisol,139.0268,25.6,4.0,23.9,1015.8,3.1,6,5,8,239,18667.3,2007.0,Hot-Humid
2016-08-26 07:00:00,Panther_lodging_Marisol,159.9309,26.1,4.0,23.9,1016.3,3.6,7,5,8,239,18667.3,2007.0,Hot-Humid
2016-08-26 08:00:00,Panther_lodging_Marisol,155.7801,27.8,4.0,23.9,1016.7,4.6,8,5,8,239,18667.3,2007.0,Hot-Humid
2016-08-26 09:00:00,Panther_lodging_Marisol,153.9797,29.4,4.0,23.9,1016.3,6.7,9,5,8,239,18667.3,2007.0,Hot-Humid
2016-08-26 10:00:00,Panther_lodging_Marisol,172.1832,30.0,4.5,23.3,1015.8,7.2,10,5,8,239,18667.3,2007.0,Hot-Humid
2016-08-26 11:00:00,Panther_lodging_Marisol,168.3325,31.1,5.0,22.8,1015.9,9.3,11,5,8,239,18667.3,2007.0,Hot-Humid
2016-08-26 12:00:00,Panther_lodging_Marisol,179.8347,32.2,5.5,23.9,1015.2,8.2,12,5,8,239,18667.3,2007.0,Hot-Humid
2016-08-26 13:00:00,Panther_lodging_Marisol,179.5346,32.8,6.0,23.3,1014.9,7.7,13,5,8,239,18667.3,2007.0,Hot-Humid
2016-08-26 14:00:00,Panther_lodging_Marisol,182.7853,31.7,6.0,23.3,1014.7,8.8,14,5,8,239,18667.3,2007.0,Hot-Humid
2016-08-26 15:00:00,Panther_lodging_Marisol,180.6349,31.7,6.0,23.9,1014.2,8.8,15,5,8,239,18667.3,2007.0,Hot-Humid
2016-08-26 16:00:00,Panther_lodging_Marisol,180.2848,27.8,6.0,24.4,1014.2,5.7,16,5,8,239,18667.3,2007.0,Hot-Humid
2016-08-26 17:00:00,Panther_lodging_Marisol,185.9359,30.0,6.0,23.3,1013.8,9.3,17,5,8,239,18667.3,2007.0,Hot-Humid
2016-08-26 18:00:00,Panther_lodging_Marisol,193.4373,28.9,6.0,22.8,1014.4,6.7,18,5,8,239,18667.3,2007.0,Hot-Humid
2016-08-26 19:00:00,Panther_lodging_Marisol,184.8357,28.3,6.0,22.8,1015.0,5.1,19,5,8,239,18667.3,2007.0,Hot-Humid
2016-08-26 20:00:00,Panther_lodging_Marisol,185.4358,28.3,6.333333333333333,22.8,1015.3,4.6,20,5,8,239,18667.3,2007.0,Hot-Humid
2016-08-26 21:00:00,Panther_lodging_Marisol,184.4856,27.2,6.666666666666667,22.8,1015.9,3.6,21,5,8,239,18667.3,2007.0,Hot-Humid
2016-08-26 22:00:00,Panther_lodging_Marisol,182.3352,27.2,7.0,22.8,1016.0,3.6,22,5,8,239,18667.3,2007.0,Hot-Humid
2016-08-26 23:00:00,Panther_lodging_Marisol,173.0834,26.7,7.0,22.8,1015.9,3.6,23,5,8,239,18667.3,2007.0,Hot-Humid
2016-08-27 00:00:00,Panther_lodging_Marisol,167.6324,26.7,7.0,22.8,1016.1,3.1,0,6,8,240,18667.3,2007.0,Hot-Humid
2016-08-27 01:00:00,Panther_lodging_Marisol,163.9316,26.1,8.0,22.8,1015.4,3.1,1,6,8,240,18667.3,2007.0,Hot-Humid
2016-08-27 02:00:00,Panther_lodging_Marisol,160.3809,26.1,7.666666666666667,22.8,1014.3,3.1,2,6,8,240,18667.3,2007.0,Hot-Humid
2016-08-27 03:00:00,Panther_lodging_Marisol,153.1295,25.6,7.333333333333333,22.2,1013.7,4.1,3,6,8,240,18667.3,2007.0,Hot-Humid
2016-08-27 04:00:00,Panther_lodging_Marisol,132.1255,25.6,7.0,22.2,1013.8,3.6,4,6,8,240,18667.3,2007.0,Hot-Humid
2016-08-27 05:00:00,Panther_lodging_Marisol,139.4269,25.6,7.0,22.2,1014.1,2.6,5,6,8,240,18667.3,2007.0,Hot-Humid
2016-08-27 06:00:00,Panther_lodging_Marisol,134.626,25.0,7.0,22.8,1014.5,4.1,6,6,8,240,18667.3,2007.0,Hot-Humid
2016-08-27 07:00:00,Panther_lodging_Marisol,145.9782,26.1,6.0,22.2,1015.2,3.6,7,6,8,240,18667.3,2007.0,Hot-Humid
2016-08-27 08:00:00,Panther_lodging_Marisol,139.92700000000002,27.8,6.0,22.8,1015.3,5.1,8,6,8,240,18667.3,2007.0,Hot-Humid
2016-08-27 09:00:00,Panther_lodging_Marisol,151.5293,28.9,6.0,22.8,1015.5,5.7,9,6,8,240,18667.3,2007.0,Hot-Humid
2016-08-27 10:00:00,Panther_lodging_Marisol,152.4294,30.6,6.0,22.8,1015.3,5.7,10,6,8,240,18667.3,2007.0,Hot-Humid
2016-08-27 11:00:00,Panther_lodging_Marisol,162.5314,31.1,6.0,23.3,1015.3,6.7,11,6,8,240,18667.3,2007.0,Hot-Humid
2016-08-27 12:00:00,Panther_lodging_Marisol,174.4837,31.7,6.0,22.8,1015.0,5.1,12,6,8,240,18667.3,2007.0,Hot-Humid
2016-08-27 13:00:00,Panther_lodging_Marisol,174.7337,32.2,6.0,22.8,1014.4,5.1,13,6,8,240,18667.3,2007.0,Hot-Humid
2016-08-27 14:00:00,Panther_lodging_Marisol,168.6826,31.7,6.0,23.3,1013.9,8.2,14,6,8,240,18667.3,2007.0,Hot-Humid
2016-08-27 15:00:00,Panther_lodging_Marisol,163.8816,28.9,6.0,24.4,1013.8,8.2,15,6,8,240,18667.3,2007.0,Hot-Humid
2016-08-27 16:00:00,Panther_lodging_Marisol,168.1325,27.2,6.0,24.4,1014.3,2.6,16,6,8,240,18667.3,2007.0,Hot-Humid
2016-08-27 17:00:00,Panther_lodging_Marisol,183.8355,27.8,6.0,24.4,1013.7,2.1,17,6,8,240,18667.3,2007.0,Hot-Humid
2016-08-27 18:00:00,Panther_lodging_Marisol,184.9357,28.3,6.0,23.9,1013.9,0.0,18,6,8,240,18667.3,2007.0,Hot-Humid
2016-08-27 19:00:00,Panther_lodging_Marisol,181.235,27.8,6.0,24.4,1014.2,1.5,19,6,8,240,18667.3,2007.0,Hot-Humid
2016-08-27 20:00:00,Panther_lodging_Marisol,177.8843,27.8,4.0,24.4,1014.6,2.1,20,6,8,240,18667.3,2007.0,Hot-Humid
2016-08-27 21:00:00,Panther_lodging_Marisol,188.3864,27.2,2.0,24.4,1014.9,2.6,21,6,8,240,18667.3,2007.0,Hot-Humid
2016-08-27 22:00:00,Panther_lodging_Marisol,184.0355,27.2,4.0,24.4,1015.2,3.1,22,6,8,240,18667.3,2007.0,Hot-Humid
2016-08-27 23:00:00,Panther_lodging_Marisol,177.6343,26.7,4.0,24.4,1015.1,3.1,23,6,8,240,18667.3,2007.0,Hot-Humid
2016-08-28 00:00:00,Panther_lodging_Marisol,166.6822,26.7,5.0,25.0,1014.9,4.6,0,7,8,241,18667.3,2007.0,Hot-Humid
2016-08-28 01:00:00,Panther_lodging_Marisol,163.0315,26.7,6.0,25.0,1014.8,4.1,1,7,8,241,18667.3,2007.0,Hot-Humid
2016-08-28 02:00:00,Panther_lodging_Marisol,155.0799,26.7,5.0,25.0,1014.4,3.1,2,7,8,241,18667.3,2007.0,Hot-Humid
2016-08-28 03:00:00,Panther_lodging_Marisol,149.4788,26.1,4.0,25.0,1014.1,3.6,3,7,8,241,18667.3,2007.0,Hot-Humid
2016-08-28 04:00:00,Panther_lodging_Marisol,148.8787,26.7,4.0,25.0,1014.1,3.6,4,7,8,241,18667.3,2007.0,Hot-Humid
2016-08-28 05:00:00,Panther_lodging_Marisol,137.3765,26.1,4.0,25.0,1014.8,4.1,5,7,8,241,18667.3,2007.0,Hot-Humid
2016-08-28 06:00:00,Panther_lodging_Marisol,137.7266,26.1,4.0,24.4,1015.1,3.1,6,7,8,241,18667.3,2007.0,Hot-Humid
2016-08-28 07:00:00,Panther_lodging_Marisol,134.826,26.7,2.0,25.0,1015.5,3.6,7,7,8,241,18667.3,2007.0,Hot-Humid
2016-08-28 08:00:00,Panther_lodging_Marisol,145.378,28.3,2.0,25.6,1015.7,5.1,8,7,8,241,18667.3,2007.0,Hot-Humid
2016-08-28 09:00:00,Panther_lodging_Marisol,149.7789,30.0,2.0,24.4,1016.0,5.7,9,7,8,241,18667.3,2007.0,Hot-Humid
2016-08-28 10:00:00,Panther_lodging_Marisol,156.1301,31.1,4.0,23.9,1015.9,5.7,10,7,8,241,18667.3,2007.0,Hot-Humid
2016-08-28 11:00:00,Panther_lodging_Marisol,164.1317,31.7,4.0,23.3,1015.7,6.2,11,7,8,241,18667.3,2007.0,Hot-Humid
2016-08-28 12:00:00,Panther_lodging_Marisol,177.7843,32.2,4.0,23.9,1015.0,5.1,12,7,8,241,18667.3,2007.0,Hot-Humid
2016-08-28 13:00:00,Panther_lodging_Marisol,190.3867,30.6,6.0,23.3,1014.7,4.6,13,7,8,241,18667.3,2007.0,Hot-Humid
2016-08-28 14:00:00,Panther_lodging_Marisol,174.3336,31.7,6.0,23.3,1013.8,6.2,14,7,8,241,18667.3,2007.0,Hot-Humid
2016-08-28 15:00:00,Panther_lodging_Marisol,184.0855,28.3,6.0,24.4,1013.6,5.1,15,7,8,241,18667.3,2007.0,Hot-Humid
2016-08-28 16:00:00,Panther_lodging_Marisol,183.2354,27.2,6.0,24.4,1013.7,4.1,16,7,8,241,18667.3,2007.0,Hot-Humid
2016-08-28 17:00:00,Panther_lodging_Marisol,181.0349,27.8,6.0,23.3,1013.7,5.7,17,7,8,241,18667.3,2007.0,Hot-Humid
2016-08-28 18:00:00,Panther_lodging_Marisol,200.1386,27.8,6.0,23.9,1013.6,3.6,18,7,8,241,18667.3,2007.0,Hot-Humid
2016-08-28 19:00:00,Panther_lodging_Marisol,197.3381,27.2,6.0,23.3,1013.9,4.1,19,7,8,241,18667.3,2007.0,Hot-Humid
2016-08-28 20:00:00,Panther_lodging_Marisol,197.038,26.7,4.0,23.9,1014.4,2.6,20,7,8,241,18667.3,2007.0,Hot-Humid
2016-08-28 21:00:00,Panther_lodging_Marisol,191.737,26.7,2.0,23.3,1014.9,3.6,21,7,8,241,18667.3,2007.0,Hot-Humid
2016-08-28 22:00:00,Panther_lodging_Marisol,196.738,26.1,2.0,23.9,1015.2,3.1,22,7,8,241,18667.3,2007.0,Hot-Humid
2016-08-28 23:00:00,Panther_lodging_Marisol,179.4346,26.1,0.0,24.4,1014.9,3.6,23,7,8,241,18667.3,2007.0,Hot-Humid
2016-08-29 00:00:00,Panther_lodging_Marisol,164.9818,26.1,2.0,23.9,1014.5,2.6,0,1,8,242,18667.3,2007.0,Hot-Humid
2016-08-29 01:00:00,Panther_lodging_Marisol,148.1286,26.1,2.0,23.9,1014.1,3.6,1,1,8,242,18667.3,2007.0,Hot-Humid
2016-08-29 02:00:00,Panther_lodging_Marisol,143.8278,26.1,4.0,23.9,1014.2,3.6,2,1,8,242,18667.3,2007.0,Hot-Humid
2016-08-29 03:00:00,Panther_lodging_Marisol,143.1776,25.6,2.0,23.3,1013.8,3.1,3,1,8,242,18667.3,2007.0,Hot-Humid
2016-08-29 04:00:00,Panther_lodging_Marisol,138.1266,25.6,2.0,23.3,1013.8,3.6,4,1,8,242,18667.3,2007.0,Hot-Humid
2016-08-29 05:00:00,Panther_lodging_Marisol,142.5775,25.0,2.0,23.3,1013.7,2.6,5,1,8,242,18667.3,2007.0,Hot-Humid
2016-08-29 06:00:00,Panther_lodging_Marisol,134.5259,25.0,2.0,23.3,1013.8,2.6,6,1,8,242,18667.3,2007.0,Hot-Humid
2016-08-29 07:00:00,Panther_lodging_Marisol,151.1292,26.1,2.0,23.3,1014.2,3.6,7,1,8,242,18667.3,2007.0,Hot-Humid
2016-08-29 08:00:00,Panther_lodging_Marisol,157.9305,28.3,2.0,25.0,1014.2,4.1,8,1,8,242,18667.3,2007.0,Hot-Humid
2016-08-29 09:00:00,Panther_lodging_Marisol,156.0301,29.4,2.8,25.0,1014.6,5.1,9,1,8,242,18667.3,2007.0,Hot-Humid
2016-08-29 10:00:00,Panther_lodging_Marisol,161.1311,30.0,3.6,23.9,1014.8,5.7,10,1,8,242,18667.3,2007.0,Hot-Humid
2016-08-29 11:00:00,Panther_lodging_Marisol,165.4319,27.0,4.4,23.0,1015.0,4.6,11,1,8,242,18667.3,2007.0,Hot-Humid
2016-08-29 12:00:00,Panther_lodging_Marisol,175.1838,30.6,4.4,24.4,1014.1,5.1,12,1,8,242,18667.3,2007.0,Hot-Humid
2016-08-29 13:00:00,Panther_lodging_Marisol,179.3846,27.2,6.0,24.4,1014.5,6.7,13,1,8,242,18667.3,2007.0,Hot-Humid
2016-08-29 14:00:00,Panther_lodging_Marisol,184.5856,27.8,6.0,24.4,1014.1,5.7,14,1,8,242,18667.3,2007.0,Hot-Humid
2016-08-29 15:00:00,Panther_lodging_Marisol,178.5345,26.7,6.0,24.4,1013.6,4.1,15,1,8,242,18667.3,2007.0,Hot-Humid
2016-08-29 16:00:00,Panther_lodging_Marisol,187.2361,28.3,6.0,23.9,1012.9,5.7,16,1,8,242,18667.3,2007.0,Hot-Humid
2016-08-29 17:00:00,Panther_lodging_Marisol,192.1371,28.3,6.0,23.9,1013.5,3.6,17,1,8,242,18667.3,2007.0,Hot-Humid
2016-08-29 18:00:00,Panther_lodging_Marisol,200.1886,25.6,6.0,23.3,1013.5,3.6,18,1,8,242,18667.3,2007.0,Hot-Humid
2016-08-29 19:00:00,Panther_lodging_Marisol,205.4396,26.1,6.0,23.3,1014.2,3.1,19,1,8,242,18667.3,2007.0,Hot-Humid
2016-08-29 20:00:00,Panther_lodging_Marisol,218.8422,25.0,5.666666666666667,22.8,1013.7,3.6,20,1,8,242,18667.3,2007.0,Hot-Humid
2016-08-29 21:00:00,Panther_lodging_Marisol,210.7407,24.4,5.333333333333333,22.8,1014.0,3.6,21,1,8,242,18667.3,2007.0,Hot-Humid
2016-08-29 22:00:00,Panther_lodging_Marisol,196.988,24.4,5.0,22.8,1014.5,2.6,22,1,8,242,18667.3,2007.0,Hot-Humid
2016-08-29 23:00:00,Panther_lodging_Marisol,190.0367,24.4,5.0,22.8,1014.8,3.6,23,1,8,242,18667.3,2007.0,Hot-Humid
2016-08-30 00:00:00,Panther_lodging_Marisol,173.6335,24.4,5.0,23.3,1014.4,2.6,0,2,8,243,18667.3,2007.0,Hot-Humid
2016-08-30 01:00:00,Panther_lodging_Marisol,149.9289,24.4,4.0,23.3,1014.1,2.6,1,2,8,243,18667.3,2007.0,Hot-Humid
2016-08-30 02:00:00,Panther_lodging_Marisol,142.9276,24.4,4.0,23.3,1013.7,3.1,2,2,8,243,18667.3,2007.0,Hot-Humid
2016-08-30 03:00:00,Panther_lodging_Marisol,137.7266,23.9,4.0,22.2,1013.2,2.1,3,2,8,243,18667.3,2007.0,Hot-Humid
2016-08-30 04:00:00,Panther_lodging_Marisol,130.3252,23.3,3.0,22.2,1013.0,2.1,4,2,8,243,18667.3,2007.0,Hot-Humid
2016-08-30 05:00:00,Panther_lodging_Marisol,137.2765,23.9,2.0,22.2,1013.0,2.1,5,2,8,243,18667.3,2007.0,Hot-Humid
2016-08-30 06:00:00,Panther_lodging_Marisol,136.4263,23.9,4.0,22.8,1012.9,2.6,6,2,8,243,18667.3,2007.0,Hot-Humid
2016-08-30 07:00:00,Panther_lodging_Marisol,148.9787,24.4,4.0,23.3,1013.4,2.6,7,2,8,243,18667.3,2007.0,Hot-Humid
2016-08-30 08:00:00,Panther_lodging_Marisol,146.6783,25.6,4.0,23.3,1014.0,2.6,8,2,8,243,18667.3,2007.0,Hot-Humid
2016-08-30 09:00:00,Panther_lodging_Marisol,152.7295,27.2,4.0,23.9,1014.0,3.1,9,2,8,243,18667.3,2007.0,Hot-Humid
2016-08-30 10:00:00,Panther_lodging_Marisol,156.3302,28.3,4.0,23.3,1014.0,3.1,10,2,8,243,18667.3,2007.0,Hot-Humid
2016-08-30 11:00:00,Panther_lodging_Marisol,171.8832,30.0,4.0,23.3,1013.6,3.6,11,2,8,243,18667.3,2007.0,Hot-Humid
2016-08-30 12:00:00,Panther_lodging_Marisol,176.484,30.0,4.0,23.3,1013.0,2.6,12,2,8,243,18667.3,2007.0,Hot-Humid
2016-08-30 13:00:00,Panther_lodging_Marisol,189.9867,31.7,6.0,23.3,1012.4,2.1,13,2,8,243,18667.3,2007.0,Hot-Humid
2016-08-30 14:00:00,Panther_lodging_Marisol,167.2323,31.1,6.0,22.8,1011.8,5.7,14,2,8,243,18667.3,2007.0,Hot-Humid
2016-08-30 15:00:00,Panther_lodging_Marisol,176.384,27.2,6.0,23.0,1011.9,5.1,15,2,8,243,18667.3,2007.0,Hot-Humid
2016-08-30 16:00:00,Panther_lodging_Marisol,179.7347,26.7,6.0,23.3,1012.2,4.6,16,2,8,243,18667.3,2007.0,Hot-Humid
2016-08-30 17:00:00,Panther_lodging_Marisol,190.8368,24.4,6.0,23.3,1012.0,3.6,17,2,8,243,18667.3,2007.0,Hot-Humid
2016-08-30 18:00:00,Panther_lodging_Marisol,192.9873,25.0,6.0,23.9,1012.0,2.1,18,2,8,243,18667.3,2007.0,Hot-Humid
2016-08-30 19:00:00,Panther_lodging_Marisol,189.2865,24.4,6.0,23.3,1012.3,4.1,19,2,8,243,18667.3,2007.0,Hot-Humid
2016-08-30 20:00:00,Panther_lodging_Marisol,197.9382,25.0,6.333333333333333,23.3,1012.9,0.0,20,2,8,243,18667.3,2007.0,Hot-Humid
2016-08-30 21:00:00,Panther_lodging_Marisol,206.8399,25.0,6.666666666666667,23.3,1013.4,4.1,21,2,8,243,18667.3,2007.0,Hot-Humid
2016-08-30 22:00:00,Panther_lodging_Marisol,202.8392,24.4,7.0,23.3,1013.5,3.1,22,2,8,243,18667.3,2007.0,Hot-Humid
2016-08-30 23:00:00,Panther_lodging_Marisol,183.5854,24.4,7.0,23.3,1013.6,4.1,23,2,8,243,18667.3,2007.0,Hot-Humid
2016-08-31 00:00:00,Panther_lodging_Marisol,166.8822,25.0,7.0,23.3,1013.4,4.6,0,3,8,244,18667.3,2007.0,Hot-Humid
2016-08-31 01:00:00,Panther_lodging_Marisol,156.5802,24.4,8.0,23.3,1013.1,5.1,1,3,8,244,18667.3,2007.0,Hot-Humid
2016-08-31 02:00:00,Panther_lodging_Marisol,146.1782,25.0,8.0,23.3,1012.7,5.1,2,3,8,244,18667.3,2007.0,Hot-Humid
2016-08-31 03:00:00,Panther_lodging_Marisol,137.0765,25.0,8.0,23.3,1012.6,4.6,3,3,8,244,18667.3,2007.0,Hot-Humid
2016-08-31 04:00:00,Panther_lodging_Marisol,134.3759,24.4,8.0,23.3,1012.5,4.1,4,3,8,244,18667.3,2007.0,Hot-Humid
2016-08-31 05:00:00,Panther_lodging_Marisol,131.4254,24.4,8.0,23.3,1012.7,4.1,5,3,8,244,18667.3,2007.0,Hot-Humid
2016-08-31 06:00:00,Panther_lodging_Marisol,139.977,25.0,8.0,23.3,1012.8,4.6,6,3,8,244,18667.3,2007.0,Hot-Humid
2016-08-31 07:00:00,Panther_lodging_Marisol,152.2794,25.0,8.0,23.3,1012.9,5.1,7,3,8,244,18667.3,2007.0,Hot-Humid
2016-08-31 08:00:00,Panther_lodging_Marisol,154.6298,25.6,8.0,23.9,1013.1,3.6,8,3,8,244,18667.3,2007.0,Hot-Humid
2016-08-31 09:00:00,Panther_lodging_Marisol,159.2307,26.7,8.0,23.9,1013.7,5.1,9,3,8,244,18667.3,2007.0,Hot-Humid
2016-08-31 10:00:00,Panther_lodging_Marisol,159.2307,26.7,8.0,23.9,1014.0,3.1,10,3,8,244,18667.3,2007.0,Hot-Humid
2016-08-31 11:00:00,Panther_lodging_Marisol,157.3804,27.8,8.0,23.9,1013.6,3.6,11,3,8,244,18667.3,2007.0,Hot-Humid
2016-08-31 12:00:00,Panther_lodging_Marisol,173.0334,28.9,8.0,23.9,1013.3,5.7,12,3,8,244,18667.3,2007.0,Hot-Humid
2016-08-31 13:00:00,Panther_lodging_Marisol,167.6323,29.4,8.0,23.9,1013.1,3.6,13,3,8,244,18667.3,2007.0,Hot-Humid
2016-08-31 14:00:00,Panther_lodging_Marisol,171.8832,29.4,8.0,23.3,1012.7,4.6,14,3,8,244,18667.3,2007.0,Hot-Humid
2016-08-31 15:00:00,Panther_lodging_Marisol,174.6837,28.9,8.0,23.9,1012.1,5.1,15,3,8,244,18667.3,2007.0,Hot-Humid
2016-08-31 16:00:00,Panther_lodging_Marisol,173.3334,27.2,8.0,23.3,1012.2,12.9,16,3,8,244,18667.3,2007.0,Hot-Humid
2016-08-31 17:00:00,Panther_lodging_Marisol,181.185,23.3,8.0,21.7,1012.7,3.1,17,3,8,244,18667.3,2007.0,Hot-Humid
2016-08-31 18:00:00,Panther_lodging_Marisol,190.7868,23.9,8.0,22.8,1012.6,2.1,18,3,8,244,18667.3,2007.0,Hot-Humid
2016-08-31 19:00:00,Panther_lodging_Marisol,196.888,24.4,8.0,23.3,1013.7,2.1,19,3,8,244,18667.3,2007.0,Hot-Humid
2016-08-31 20:00:00,Panther_lodging_Marisol,202.6391,24.4,8.0,23.3,1014.3,0.0,20,3,8,244,18667.3,2007.0,Hot-Humid
2016-08-31 21:00:00,Panther_lodging_Marisol,203.4392,23.9,8.0,22.8,1014.65,6.2,21,3,8,244,18667.3,2007.0,Hot-Humid
2016-08-31 22:00:00,Panther_lodging_Marisol,193.3873,23.9,8.0,22.8,1015.0,2.6,22,3,8,244,18667.3,2007.0,Hot-Humid
2016-08-31 23:00:00,Panther_lodging_Marisol,195.8378,23.3,8.0,22.2,1015.7,3.6,23,3,8,244,18667.3,2007.0,Hot-Humid
2016-09-01 00:00:00,Panther_lodging_Marisol,164.4817,23.3,8.0,22.2,1015.2,2.6,0,4,9,245,18667.3,2007.0,Hot-Humid
2016-09-01 01:00:00,Panther_lodging_Marisol,158.9807,23.3,8.0,22.2,1014.3,2.6,1,4,9,245,18667.3,2007.0,Hot-Humid
2016-09-01 02:00:00,Panther_lodging_Marisol,150.379,23.3,8.0,22.8,1013.5,2.1,2,4,9,245,18667.3,2007.0,Hot-Humid
2016-09-01 03:00:00,Panther_lodging_Marisol,148.6787,23.3,8.0,22.2,1012.7,3.1,3,4,9,245,18667.3,2007.0,Hot-Humid
2016-09-01 04:00:00,Panther_lodging_Marisol,144.4779,23.3,8.0,22.2,1012.4,3.1,4,4,9,245,18667.3,2007.0,Hot-Humid
2016-09-01 05:00:00,Panther_lodging_Marisol,140.7272,23.3,8.0,22.2,1012.6,2.6,5,4,9,245,18667.3,2007.0,Hot-Humid
2016-09-01 06:00:00,Panther_lodging_Marisol,134.776,23.3,8.0,22.2,1012.8,4.1,6,4,9,245,18667.3,2007.0,Hot-Humid
2016-09-01 07:00:00,Panther_lodging_Marisol,149.0788,23.3,8.0,22.2,1013.2,3.6,7,4,9,245,18667.3,2007.0,Hot-Humid
2016-09-01 08:00:00,Panther_lodging_Marisol,143.9278,24.4,8.0,22.8,1013.5,3.6,8,4,9,245,18667.3,2007.0,Hot-Humid
2016-09-01 09:00:00,Panther_lodging_Marisol,141.3773,25.6,8.0,23.3,1013.6,3.6,9,4,9,245,18667.3,2007.0,Hot-Humid
2016-09-01 10:00:00,Panther_lodging_Marisol,160.631,27.8,8.0,24.4,1013.4,5.1,10,4,9,245,18667.3,2007.0,Hot-Humid
2016-09-01 11:00:00,Panther_lodging_Marisol,167.5323,28.9,8.0,24.4,1013.3,3.6,11,4,9,245,18667.3,2007.0,Hot-Humid
2016-09-01 12:00:00,Panther_lodging_Marisol,177.8843,30.0,8.0,24.4,1012.7,7.2,12,4,9,245,18667.3,2007.0,Hot-Humid
2016-09-01 13:00:00,Panther_lodging_Marisol,173.1334,30.0,8.0,24.4,1012.4,4.1,13,4,9,245,18667.3,2007.0,Hot-Humid
2016-09-01 14:00:00,Panther_lodging_Marisol,160.731,29.4,8.0,24.4,1011.7,5.7,14,4,9,245,18667.3,2007.0,Hot-Humid
2016-09-01 15:00:00,Panther_lodging_Marisol,165.3319,28.3,8.0,25.0,1011.2,2.6,15,4,9,245,18667.3,2007.0,Hot-Humid
2016-09-01 16:00:00,Panther_lodging_Marisol,166.2321,28.3,8.0,23.3,1011.3,7.7,16,4,9,245,18667.3,2007.0,Hot-Humid
2016-09-01 17:00:00,Panther_lodging_Marisol,178.4845,27.2,8.0,22.8,1011.0,5.7,17,4,9,245,18667.3,2007.0,Hot-Humid
2016-09-01 18:00:00,Panther_lodging_Marisol,190.3367,26.1,8.0,22.8,1011.1,4.6,18,4,9,245,18667.3,2007.0,Hot-Humid
2016-09-01 19:00:00,Panther_lodging_Marisol,200.0386,25.6,8.0,23.9,1011.2,9.3,19,4,9,245,18667.3,2007.0,Hot-Humid
2016-09-01 20:00:00,Panther_lodging_Marisol,208.1402,25.0,8.0,23.9,1011.0,4.1,20,4,9,245,18667.3,2007.0,Hot-Humid
2016-09-01 21:00:00,Panther_lodging_Marisol,200.1386,26.1,8.0,23.9,1011.2,4.6,21,4,9,245,18667.3,2007.0,Hot-Humid
2016-09-01 22:00:00,Panther_lodging_Marisol,192.5372,26.7,8.0,23.9,1010.9,7.2,22,4,9,245,18667.3,2007.0,Hot-Humid
2016-09-01 23:00:00,Panther_lodging_Marisol,184.9857,27.2,8.0,24.4,1011.1,7.2,23,4,9,245,18667.3,2007.0,Hot-Humid
2016-09-02 00:00:00,Panther_lodging_Marisol,171.3831,27.2,8.0,24.4,1011.2,6.7,0,5,9,246,18667.3,2007.0,Hot-Humid
2016-09-02 01:00:00,Panther_lodging_Marisol,159.2307,27.2,8.0,24.4,1010.3,7.7,1,5,9,246,18667.3,2007.0,Hot-Humid
2016-09-02 02:00:00,Panther_lodging_Marisol,142.4275,27.8,8.0,23.9,1010.2,8.2,2,5,9,246,18667.3,2007.0,Hot-Humid
2016-09-02 03:00:00,Panther_lodging_Marisol,135.8762,27.8,8.0,23.9,1010.1,7.7,3,5,9,246,18667.3,2007.0,Hot-Humid
2016-09-02 04:00:00,Panther_lodging_Marisol,129.8251,27.2,8.0,24.4,1010.7,6.7,4,5,9,246,18667.3,2007.0,Hot-Humid
2016-09-02 05:00:00,Panther_lodging_Marisol,133.5258,27.2,8.0,24.4,1012.3,6.7,5,5,9,246,18667.3,2007.0,Hot-Humid
2016-09-02 06:00:00,Panther_lodging_Marisol,137.5766,24.4,8.0,22.8,1012.3,3.6,6,5,9,246,18667.3,2007.0,Hot-Humid
2016-09-02 07:00:00,Panther_lodging_Marisol,139.6269,26.1,8.0,25.0,1012.4,5.1,7,5,9,246,18667.3,2007.0,Hot-Humid
2016-09-02 08:00:00,Panther_lodging_Marisol,149.6789,25.6,7.666666666666667,22.8,1012.5,7.7,8,5,9,246,18667.3,2007.0,Hot-Humid
2016-09-02 09:00:00,Panther_lodging_Marisol,158.7807,25.0,7.333333333333333,23.3,1013.2,5.1,9,5,9,246,18667.3,2007.0,Hot-Humid
2016-09-02 10:00:00,Panther_lodging_Marisol,158.1805,23.9,7.0,22.2,1014.0,7.2,10,5,9,246,18667.3,2007.0,Hot-Humid
2016-09-02 11:00:00,Panther_lodging_Marisol,151.3292,24.4,7.0,22.8,1014.5,7.2,11,5,9,246,18667.3,2007.0,Hot-Humid
2016-09-02 12:00:00,Panther_lodging_Marisol,158.4806,26.1,7.0,22.8,1014.3,8.8,12,5,9,246,18667.3,2007.0,Hot-Humid
2016-09-02 13:00:00,Panther_lodging_Marisol,166.9822,26.7,6.0,22.2,1013.8,6.7,13,5,9,246,18667.3,2007.0,Hot-Humid
2016-09-02 14:00:00,Panther_lodging_Marisol,172.5833,28.3,6.0,21.7,1013.8,8.8,14,5,9,246,18667.3,2007.0,Hot-Humid
2016-09-02 15:00:00,Panther_lodging_Marisol,168.8826,27.8,6.0,22.2,1014.0,7.2,15,5,9,246,18667.3,2007.0,Hot-Humid
2016-09-02 16:00:00,Panther_lodging_Marisol,164.8818,29.4,6.0,22.8,1013.6,6.2,16,5,9,246,18667.3,2007.0,Hot-Humid
2016-09-02 17:00:00,Panther_lodging_Marisol,178.2344,29.4,6.0,22.8,1013.5,5.7,17,5,9,246,18667.3,2007.0,Hot-Humid
2016-09-02 18:00:00,Panther_lodging_Marisol,167.2323,28.3,6.0,22.8,1014.2,4.6,18,5,9,246,18667.3,2007.0,Hot-Humid
2016-09-02 19:00:00,Panther_lodging_Marisol,166.082,27.2,6.0,22.8,1014.4,4.6,19,5,9,246,18667.3,2007.0,Hot-Humid
2016-09-02 20:00:00,Panther_lodging_Marisol,171.083,27.2,6.333333333333333,22.2,1015.2,4.1,20,5,9,246,18667.3,2007.0,Hot-Humid
2016-09-02 21:00:00,Panther_lodging_Marisol,180.9849,26.7,6.666666666666667,21.7,1015.7,3.1,21,5,9,246,18667.3,2007.0,Hot-Humid
2016-09-02 22:00:00,Panther_lodging_Marisol,172.5333,25.6,7.0,22.2,1015.5,2.1,22,5,9,246,18667.3,2007.0,Hot-Humid
2016-09-02 23:00:00,Panther_lodging_Marisol,166.4321,25.0,7.0,22.2,1015.6,0.0,23,5,9,246,18667.3,2007.0,Hot-Humid
2016-09-03 00:00:00,Panther_lodging_Marisol,162.0313,24.4,7.0,22.2,1015.8,1.5,0,6,9,247,18667.3,2007.0,Hot-Humid
2016-09-03 01:00:00,Panther_lodging_Marisol,157.4304,24.4,8.0,22.8,1015.6,2.1,1,6,9,247,18667.3,2007.0,Hot-Humid
2016-09-03 02:00:00,Panther_lodging_Marisol,144.4279,24.4,7.666666666666667,23.3,1015.4,1.5,2,6,9,247,18667.3,2007.0,Hot-Humid
2016-09-03 03:00:00,Panther_lodging_Marisol,137.1265,24.4,7.333333333333333,23.3,1015.5,2.1,3,6,9,247,18667.3,2007.0,Hot-Humid
2016-09-03 04:00:00,Panther_lodging_Marisol,130.0251,24.4,7.0,23.3,1015.6,2.6,4,6,9,247,18667.3,2007.0,Hot-Humid
2016-09-03 05:00:00,Panther_lodging_Marisol,131.0753,23.9,7.0,23.3,1015.8,2.1,5,6,9,247,18667.3,2007.0,Hot-Humid
2016-09-03 06:00:00,Panther_lodging_Marisol,135.9762,23.9,7.0,22.8,1016.1,2.6,6,6,9,247,18667.3,2007.0,Hot-Humid
2016-09-03 07:00:00,Panther_lodging_Marisol,128.3748,23.9,6.0,23.3,1016.6,2.6,7,6,9,247,18667.3,2007.0,Hot-Humid
2016-09-03 08:00:00,Panther_lodging_Marisol,141.5273,25.6,4.0,23.3,1016.7,3.6,8,6,9,247,18667.3,2007.0,Hot-Humid
2016-09-03 09:00:00,Panther_lodging_Marisol,142.1774,27.2,4.0,23.3,1017.3,2.6,9,6,9,247,18667.3,2007.0,Hot-Humid
2016-09-03 10:00:00,Panther_lodging_Marisol,151.4292,28.9,4.0,23.3,1017.2,2.6,10,6,9,247,18667.3,2007.0,Hot-Humid
2016-09-03 11:00:00,Panther_lodging_Marisol,165.4819,28.3,4.666666666666667,23.3,1017.6,3.1,11,6,9,247,18667.3,2007.0,Hot-Humid
2016-09-03 12:00:00,Panther_lodging_Marisol,163.6316,23.9,5.333333333333333,22.8,1017.5,2.1,12,6,9,247,18667.3,2007.0,Hot-Humid
2016-09-03 13:00:00,Panther_lodging_Marisol,170.933,27.2,6.0,23.3,1017.4,3.6,13,6,9,247,18667.3,2007.0,Hot-Humid
2016-09-03 14:00:00,Panther_lodging_Marisol,168.1825,28.9,6.0,23.3,1016.8,3.6,14,6,9,247,18667.3,2007.0,Hot-Humid
2016-09-03 15:00:00,Panther_lodging_Marisol,163.7316,30.6,6.0,22.8,1015.9,3.6,15,6,9,247,18667.3,2007.0,Hot-Humid
2016-09-03 16:00:00,Panther_lodging_Marisol,161.1811,30.6,6.0,22.2,1016.1,5.7,16,6,9,247,18667.3,2007.0,Hot-Humid
2016-09-03 17:00:00,Panther_lodging_Marisol,155.33,30.0,6.0,21.7,1015.9,4.1,17,6,9,247,18667.3,2007.0,Hot-Humid
2016-09-03 18:00:00,Panther_lodging_Marisol,156.5302,30.0,6.0,22.2,1015.8,3.1,18,6,9,247,18667.3,2007.0,Hot-Humid
2016-09-03 19:00:00,Panther_lodging_Marisol,157.8805,28.9,6.0,22.2,1016.7,1.5,19,6,9,247,18667.3,2007.0,Hot-Humid
2016-09-03 20:00:00,Panther_lodging_Marisol,161.2811,28.3,5.333333333333333,22.8,1017.7,2.1,20,6,9,247,18667.3,2007.0,Hot-Humid
2016-09-03 21:00:00,Panther_lodging_Marisol,161.6312,28.3,4.666666666666667,23.3,1018.0,2.1,21,6,9,247,18667.3,2007.0,Hot-Humid
2016-09-03 22:00:00,Panther_lodging_Marisol,168.1325,27.8,4.0,23.3,1018.4,3.1,22,6,9,247,18667.3,2007.0,Hot-Humid
2016-09-03 23:00:00,Panther_lodging_Marisol,162.2313,27.2,4.0,23.3,1018.5,2.6,23,6,9,247,18667.3,2007.0,Hot-Humid
2016-09-04 00:00:00,Panther_lodging_Marisol,158.5806,26.1,4.0,23.3,1018.7,0.0,0,7,9,248,18667.3,2007.0,Hot-Humid
2016-09-04 01:00:00,Panther_lodging_Marisol,155.8801,25.0,4.0,23.3,1018.0,0.0,1,7,9,248,18667.3,2007.0,Hot-Humid
2016-09-04 02:00:00,Panther_lodging_Marisol,158.3806,25.0,2.0,23.3,1017.5,0.0,2,7,9,248,18667.3,2007.0,Hot-Humid
2016-09-04 03:00:00,Panther_lodging_Marisol,150.8291,23.9,2.0,22.8,1017.4,1.5,3,7,9,248,18667.3,2007.0,Hot-Humid
2016-09-04 04:00:00,Panther_lodging_Marisol,140.127,25.0,4.0,23.9,1017.5,0.0,4,7,9,248,18667.3,2007.0,Hot-Humid
2016-09-04 05:00:00,Panther_lodging_Marisol,136.3263,25.0,2.0,23.3,1017.8,1.5,5,7,9,248,18667.3,2007.0,Hot-Humid
2016-09-04 06:00:00,Panther_lodging_Marisol,142.9276,25.0,4.0,23.3,1018.0,0.0,6,7,9,248,18667.3,2007.0,Hot-Humid
2016-09-04 07:00:00,Panther_lodging_Marisol,147.0784,25.6,4.0,23.9,1018.5,1.5,7,7,9,248,18667.3,2007.0,Hot-Humid
2016-09-04 08:00:00,Panther_lodging_Marisol,141.7273,26.7,4.0,23.3,1019.0,2.1,8,7,9,248,18667.3,2007.0,Hot-Humid
2016-09-04 09:00:00,Panther_lodging_Marisol,153.8297,28.3,4.0,22.8,1019.3,0.0,9,7,9,248,18667.3,2007.0,Hot-Humid
2016-09-04 10:00:00,Panther_lodging_Marisol,148.5286,30.6,4.0,22.2,1019.5,0.0,10,7,9,248,18667.3,2007.0,Hot-Humid
2016-09-04 11:00:00,Panther_lodging_Marisol,162.3313,31.1,4.0,22.2,1019.5,2.1,11,7,9,248,18667.3,2007.0,Hot-Humid
2016-09-04 12:00:00,Panther_lodging_Marisol,162.9814,31.7,5.0,21.7,1019.0,0.0,12,7,9,248,18667.3,2007.0,Hot-Humid
2016-09-04 13:00:00,Panther_lodging_Marisol,163.6816,31.1,6.0,21.7,1018.3,0.0,13,7,9,248,18667.3,2007.0,Hot-Humid
2016-09-04 14:00:00,Panther_lodging_Marisol,176.9841,32.2,6.333333333333333,21.7,1017.4,2.6,14,7,9,248,18667.3,2007.0,Hot-Humid
2016-09-04 15:00:00,Panther_lodging_Marisol,177.1842,32.8,6.666666666666667,22.2,1016.5,2.6,15,7,9,248,18667.3,2007.0,Hot-Humid
2016-09-04 16:00:00,Panther_lodging_Marisol,161.7312,31.7,7.0,22.8,1016.3,4.6,16,7,9,248,18667.3,2007.0,Hot-Humid
2016-09-04 17:00:00,Panther_lodging_Marisol,176.8841,25.0,7.0,22.2,1017.3,6.7,17,7,9,248,18667.3,2007.0,Hot-Humid
2016-09-04 18:00:00,Panther_lodging_Marisol,177.5843,24.0,7.0,23.0,1019.1,0.0,18,7,9,248,18667.3,2007.0,Hot-Humid
2016-09-04 19:00:00,Panther_lodging_Marisol,174.1836,23.9,8.0,22.8,1018.9,0.0,19,7,9,248,18667.3,2007.0,Hot-Humid
2016-09-04 20:00:00,Panther_lodging_Marisol,171.3331,23.9,7.666666666666667,23.3,1019.1,1.5,20,7,9,248,18667.3,2007.0,Hot-Humid
2016-09-04 21:00:00,Panther_lodging_Marisol,167.3823,23.9,7.333333333333333,23.3,1019.1,0.0,21,7,9,248,18667.3,2007.0,Hot-Humid
2016-09-04 22:00:00,Panther_lodging_Marisol,178.3844,24.4,7.0,23.3,1020.1,2.6,22,7,9,248,18667.3,2007.0,Hot-Humid
2016-09-04 23:00:00,Panther_lodging_Marisol,177.4342,24.4,7.0,23.9,1019.5,2.1,23,7,9,248,18667.3,2007.0,Hot-Humid
2016-09-05 00:00:00,Panther_lodging_Marisol,179.8347,23.9,7.0,23.3,1019.5,2.6,0,1,9,249,18667.3,2007.0,Hot-Humid
2016-09-05 01:00:00,Panther_lodging_Marisol,140.1771,23.9,6.0,23.3,1019.2,2.6,1,1,9,249,18667.3,2007.0,Hot-Humid
2016-09-05 02:00:00,Panther_lodging_Marisol,142.6275,23.3,5.0,23.3,1018.7,1.5,2,1,9,249,18667.3,2007.0,Hot-Humid
2016-09-05 03:00:00,Panther_lodging_Marisol,145.5781,23.3,4.0,23.3,1018.4,2.1,3,1,9,249,18667.3,2007.0,Hot-Humid
2016-09-05 04:00:00,Panther_lodging_Marisol,135.4761,22.8,3.0,22.8,1018.6,2.1,4,1,9,249,18667.3,2007.0,Hot-Humid
2016-09-05 05:00:00,Panther_lodging_Marisol,144.8779,22.8,2.0,22.8,1018.7,3.1,5,1,9,249,18667.3,2007.0,Hot-Humid
2016-09-05 06:00:00,Panther_lodging_Marisol,142.5275,22.2,2.0,22.2,1019.1,2.1,6,1,9,249,18667.3,2007.0,Hot-Humid
2016-09-05 07:00:00,Panther_lodging_Marisol,138.1767,22.8,6.0,22.8,1019.6,3.1,7,1,9,249,18667.3,2007.0,Hot-Humid
2016-09-05 08:00:00,Panther_lodging_Marisol,140.2271,24.4,5.0,23.9,1020.1,2.6,8,1,9,249,18667.3,2007.0,Hot-Humid
2016-09-05 09:00:00,Panther_lodging_Marisol,143.8278,27.2,4.0,23.9,1020.3,4.6,9,1,9,249,18667.3,2007.0,Hot-Humid
2016-09-05 10:00:00,Panther_lodging_Marisol,142.5775,29.4,4.5,23.9,1020.6,4.6,10,1,9,249,18667.3,2007.0,Hot-Humid
2016-09-05 11:00:00,Panther_lodging_Marisol,151.7793,30.6,5.0,23.3,1020.2,5.1,11,1,9,249,18667.3,2007.0,Hot-Humid
2016-09-05 12:00:00,Panther_lodging_Marisol,164.8318,29.4,5.5,23.3,1020.0,5.7,12,1,9,249,18667.3,2007.0,Hot-Humid
2016-09-05 13:00:00,Panther_lodging_Marisol,167.4323,26.1,6.0,23.9,1020.1,6.7,13,1,9,249,18667.3,2007.0,Hot-Humid
2016-09-05 14:00:00,Panther_lodging_Marisol,173.5835,27.2,6.0,23.3,1019.7,5.7,14,1,9,249,18667.3,2007.0,Hot-Humid
2016-09-05 15:00:00,Panther_lodging_Marisol,177.9844,27.8,6.0,21.7,1019.0,6.7,15,1,9,249,18667.3,2007.0,Hot-Humid
2016-09-05 16:00:00,Panther_lodging_Marisol,181.285,27.2,6.0,21.1,1018.8,7.2,16,1,9,249,18667.3,2007.0,Hot-Humid
2016-09-05 17:00:00,Panther_lodging_Marisol,183.6854,27.8,6.0,21.1,1018.9,7.2,17,1,9,249,18667.3,2007.0,Hot-Humid
2016-09-05 18:00:00,Panther_lodging_Marisol,189.6866,27.2,6.0,21.1,1019.3,6.7,18,1,9,249,18667.3,2007.0,Hot-Humid
2016-09-05 19:00:00,Panther_lodging_Marisol,198.4383,26.7,6.0,20.6,1019.8,5.7,19,1,9,249,18667.3,2007.0,Hot-Humid
2016-09-05 20:00:00,Panther_lodging_Marisol,209.5404,26.1,5.0,20.6,1020.4,4.6,20,1,9,249,18667.3,2007.0,Hot-Humid
2016-09-05 21:00:00,Panther_lodging_Marisol,205.2396,25.6,4.0,20.6,1020.9,4.1,21,1,9,249,18667.3,2007.0,Hot-Humid
2016-09-05 22:00:00,Panther_lodging_Marisol,203.0392,25.6,3.0,20.0,1021.1,3.6,22,1,9,249,18667.3,2007.0,Hot-Humid
2016-09-05 23:00:00,Panther_lodging_Marisol,188.0363,24.4,2.0,20.6,1021.0,3.6,23,1,9,249,18667.3,2007.0,Hot-Humid
2016-09-06 00:00:00,Panther_lodging_Marisol,166.7822,23.9,2.0,20.6,1020.8,3.6,0,2,9,250,18667.3,2007.0,Hot-Humid
2016-09-06 01:00:00,Panther_lodging_Marisol,157.4804,23.3,2.0,20.6,1020.5,3.1,1,2,9,250,18667.3,2007.0,Hot-Humid
2016-09-06 02:00:00,Panther_lodging_Marisol,156.5302,23.3,0.0,20.0,1019.7,4.1,2,2,9,250,18667.3,2007.0,Hot-Humid
2016-09-06 03:00:00,Panther_lodging_Marisol,146.9284,22.8,0.0,20.0,1019.9,2.6,3,2,9,250,18667.3,2007.0,Hot-Humid
2016-09-06 04:00:00,Panther_lodging_Marisol,135.8762,22.2,2.0,20.0,1019.9,2.1,4,2,9,250,18667.3,2007.0,Hot-Humid
2016-09-06 05:00:00,Panther_lodging_Marisol,151.8793,22.2,2.0,20.0,1020.0,2.1,5,2,9,250,18667.3,2007.0,Hot-Humid
2016-09-06 06:00:00,Panther_lodging_Marisol,139.5769,22.2,2.0,20.0,1020.5,3.1,6,2,9,250,18667.3,2007.0,Hot-Humid
2016-09-06 07:00:00,Panther_lodging_Marisol,161.1311,23.3,2.0,20.6,1021.0,3.1,7,2,9,250,18667.3,2007.0,Hot-Humid
2016-09-06 08:00:00,Panther_lodging_Marisol,162.2813,25.0,2.0,20.6,1021.3,3.1,8,2,9,250,18667.3,2007.0,Hot-Humid
2016-09-06 09:00:00,Panther_lodging_Marisol,155.53,27.8,2.0,20.6,1021.5,3.6,9,2,9,250,18667.3,2007.0,Hot-Humid
2016-09-06 10:00:00,Panther_lodging_Marisol,162.2313,28.9,4.0,20.6,1022.0,4.6,10,2,9,250,18667.3,2007.0,Hot-Humid
2016-09-06 11:00:00,Panther_lodging_Marisol,171.2831,30.0,4.0,20.0,1022.0,4.6,11,2,9,250,18667.3,2007.0,Hot-Humid
2016-09-06 12:00:00,Panther_lodging_Marisol,186.0359,31.1,4.0,19.4,1021.6,5.1,12,2,9,250,18667.3,2007.0,Hot-Humid
2016-09-06 13:00:00,Panther_lodging_Marisol,179.1346,31.1,4.0,18.9,1021.0,3.1,13,2,9,250,18667.3,2007.0,Hot-Humid
2016-09-06 14:00:00,Panther_lodging_Marisol,178.4344,31.7,4.0,19.4,1020.3,3.6,14,2,9,250,18667.3,2007.0,Hot-Humid
2016-09-06 15:00:00,Panther_lodging_Marisol,186.836,31.7,4.0,20.6,1019.8,6.7,15,2,9,250,18667.3,2007.0,Hot-Humid
2016-09-06 16:00:00,Panther_lodging_Marisol,178.8345,30.6,4.0,20.0,1019.5,5.7,16,2,9,250,18667.3,2007.0,Hot-Humid
2016-09-06 17:00:00,Panther_lodging_Marisol,187.6862,30.0,4.0,21.7,1020.0,6.2,17,2,9,250,18667.3,2007.0,Hot-Humid
2016-09-06 18:00:00,Panther_lodging_Marisol,192.2871,28.3,4.0,21.1,1020.2,5.7,18,2,9,250,18667.3,2007.0,Hot-Humid
2016-09-06 19:00:00,Panther_lodging_Marisol,197.138,27.2,4.0,21.1,1020.5,4.6,19,2,9,250,18667.3,2007.0,Hot-Humid
2016-09-06 20:00:00,Panther_lodging_Marisol,205.3396,26.1,0.0,21.1,1020.8,4.1,20,2,9,250,18667.3,2007.0,Hot-Humid
2016-09-06 21:00:00,Panther_lodging_Marisol,199.5385,25.6,0.0,21.1,1021.2,3.6,21,2,9,250,18667.3,2007.0,Hot-Humid
2016-09-06 22:00:00,Panther_lodging_Marisol,202.039,25.0,4.0,21.1,1021.5,4.1,22,2,9,250,18667.3,2007.0,Hot-Humid
2016-09-06 23:00:00,Panther_lodging_Marisol,183.0853,25.0,5.333333333333333,21.1,1021.4,3.6,23,2,9,250,18667.3,2007.0,Hot-Humid
2016-09-07 00:00:00,Panther_lodging_Marisol,170.7329,25.0,6.666666666666666,21.7,1021.3,3.6,0,3,9,251,18667.3,2007.0,Hot-Humid
2016-09-07 01:00:00,Panther_lodging_Marisol,154.6298,25.0,8.0,21.7,1020.9,2.6,1,3,9,251,18667.3,2007.0,Hot-Humid
2016-09-07 02:00:00,Panther_lodging_Marisol,142.4775,24.4,4.0,21.7,1020.5,2.6,2,3,9,251,18667.3,2007.0,Hot-Humid
2016-09-07 03:00:00,Panther_lodging_Marisol,139.4769,23.9,0.0,21.7,1020.0,2.1,3,3,9,251,18667.3,2007.0,Hot-Humid
2016-09-07 04:00:00,Panther_lodging_Marisol,144.6779,23.3,2.0,21.7,1020.1,3.1,4,3,9,251,18667.3,2007.0,Hot-Humid
2016-09-07 05:00:00,Panther_lodging_Marisol,139.0768,23.9,2.0,21.1,1020.4,4.1,5,3,9,251,18667.3,2007.0,Hot-Humid
2016-09-07 06:00:00,Panther_lodging_Marisol,142.8776,23.9,2.0,21.1,1020.8,2.6,6,3,9,251,18667.3,2007.0,Hot-Humid
2016-09-07 07:00:00,Panther_lodging_Marisol,168.0324,23.9,2.0,21.1,1021.1,1.5,7,3,9,251,18667.3,2007.0,Hot-Humid
2016-09-07 08:00:00,Panther_lodging_Marisol,158.3806,26.7,0.0,21.1,1021.7,3.1,8,3,9,251,18667.3,2007.0,Hot-Humid
2016-09-07 09:00:00,Panther_lodging_Marisol,160.481,28.3,2.0,21.7,1022.3,3.1,9,3,9,251,18667.3,2007.0,Hot-Humid
2016-09-07 10:00:00,Panther_lodging_Marisol,167.1323,29.4,2.0,20.6,1022.6,3.6,10,3,9,251,18667.3,2007.0,Hot-Humid
2016-09-07 11:00:00,Panther_lodging_Marisol,165.882,30.6,4.0,20.0,1022.5,5.1,11,3,9,251,18667.3,2007.0,Hot-Humid
2016-09-07 12:00:00,Panther_lodging_Marisol,179.4346,30.6,4.0,18.9,1022.1,3.6,12,3,9,251,18667.3,2007.0,Hot-Humid
2016-09-07 13:00:00,Panther_lodging_Marisol,179.4846,31.1,6.0,18.9,1021.4,5.1,13,3,9,251,18667.3,2007.0,Hot-Humid
2016-09-07 14:00:00,Panther_lodging_Marisol,180.3348,31.1,4.0,18.3,1020.8,4.6,14,3,9,251,18667.3,2007.0,Hot-Humid
2016-09-07 15:00:00,Panther_lodging_Marisol,186.836,31.7,4.0,18.3,1020.1,4.6,15,3,9,251,18667.3,2007.0,Hot-Humid
2016-09-07 16:00:00,Panther_lodging_Marisol,192.5872,31.1,2.0,17.8,1019.8,5.1,16,3,9,251,18667.3,2007.0,Hot-Humid
2016-09-07 17:00:00,Panther_lodging_Marisol,194.0874,30.6,2.0,18.3,1019.9,4.1,17,3,9,251,18667.3,2007.0,Hot-Humid
2016-09-07 18:00:00,Panther_lodging_Marisol,202.5891,28.9,2.0,18.3,1019.8,6.2,18,3,9,251,18667.3,2007.0,Hot-Humid
2016-09-07 19:00:00,Panther_lodging_Marisol,215.0915,27.2,2.0,19.4,1020.1,4.6,19,3,9,251,18667.3,2007.0,Hot-Humid
2016-09-07 20:00:00,Panther_lodging_Marisol,224.1933,26.1,0.0,20.6,1020.4,3.6,20,3,9,251,18667.3,2007.0,Hot-Humid
2016-09-07 21:00:00,Panther_lodging_Marisol,198.8884,25.0,0.0,20.0,1020.3,4.1,21,3,9,251,18667.3,2007.0,Hot-Humid
2016-09-07 22:00:00,Panther_lodging_Marisol,205.7897,24.4,2.0,20.0,1020.4,2.6,22,3,9,251,18667.3,2007.0,Hot-Humid
2016-09-07 23:00:00,Panther_lodging_Marisol,188.8865,23.9,0.0,20.0,1020.2,1.5,23,3,9,251,18667.3,2007.0,Hot-Humid
2016-09-08 00:00:00,Panther_lodging_Marisol,165.3319,23.3,0.0,20.0,1020.0,1.5,0,4,9,252,18667.3,2007.0,Hot-Humid
2016-09-08 01:00:00,Panther_lodging_Marisol,155.73,22.8,0.0,20.6,1019.6,2.1,1,4,9,252,18667.3,2007.0,Hot-Humid
2016-09-08 02:00:00,Panther_lodging_Marisol,150.47899999999996,23.3,4.0,20.6,1019.2,2.6,2,4,9,252,18667.3,2007.0,Hot-Humid
2016-09-08 03:00:00,Panther_lodging_Marisol,153.4796,22.8,4.0,20.6,1018.9,2.6,3,4,9,252,18667.3,2007.0,Hot-Humid
2016-09-08 04:00:00,Panther_lodging_Marisol,145.8781,22.8,3.0,20.0,1018.8,2.1,4,4,9,252,18667.3,2007.0,Hot-Humid
2016-09-08 05:00:00,Panther_lodging_Marisol,147.0284,22.2,2.0,20.6,1018.6,2.1,5,4,9,252,18667.3,2007.0,Hot-Humid
2016-09-08 06:00:00,Panther_lodging_Marisol,160.0809,22.8,2.0,20.0,1018.9,2.1,6,4,9,252,18667.3,2007.0,Hot-Humid
2016-09-08 07:00:00,Panther_lodging_Marisol,158.4806,23.3,0.0,20.0,1019.1,2.6,7,4,9,252,18667.3,2007.0,Hot-Humid
2016-09-08 08:00:00,Panther_lodging_Marisol,151.3792,26.1,0.0,20.6,1019.2,3.6,8,4,9,252,18667.3,2007.0,Hot-Humid
2016-09-08 09:00:00,Panther_lodging_Marisol,158.3806,28.3,0.0,21.1,1019.5,4.6,9,4,9,252,18667.3,2007.0,Hot-Humid
2016-09-08 10:00:00,Panther_lodging_Marisol,168.9826,28.9,2.0,21.7,1019.5,4.1,10,4,9,252,18667.3,2007.0,Hot-Humid
2016-09-08 11:00:00,Panther_lodging_Marisol,185.2858,29.4,3.333333333333333,22.2,1019.3,5.7,11,4,9,252,18667.3,2007.0,Hot-Humid
2016-09-08 12:00:00,Panther_lodging_Marisol,199.4885,30.6,4.666666666666666,22.2,1018.7,6.2,12,4,9,252,18667.3,2007.0,Hot-Humid
2016-09-08 13:00:00,Panther_lodging_Marisol,195.7378,31.7,6.0,22.2,1018.1,4.6,13,4,9,252,18667.3,2007.0,Hot-Humid
2016-09-08 14:00:00,Panther_lodging_Marisol,186.2359,31.1,4.0,22.2,1017.1,6.7,14,4,9,252,18667.3,2007.0,Hot-Humid
2016-09-08 15:00:00,Panther_lodging_Marisol,196.1379,31.1,4.0,22.2,1016.6,6.2,15,4,9,252,18667.3,2007.0,Hot-Humid
2016-09-08 16:00:00,Panther_lodging_Marisol,185.8359,30.6,4.0,22.2,1016.3,5.7,16,4,9,252,18667.3,2007.0,Hot-Humid
2016-09-08 17:00:00,Panther_lodging_Marisol,182.6853,30.0,4.0,21.7,1016.4,6.7,17,4,9,252,18667.3,2007.0,Hot-Humid
2016-09-08 18:00:00,Panther_lodging_Marisol,193.8374,28.9,4.0,21.7,1016.7,6.7,18,4,9,252,18667.3,2007.0,Hot-Humid
2016-09-08 19:00:00,Panther_lodging_Marisol,206.3898,27.8,2.0,21.7,1017.0,6.2,19,4,9,252,18667.3,2007.0,Hot-Humid
2016-09-08 20:00:00,Panther_lodging_Marisol,210.6406,26.7,0.0,21.1,1017.5,4.6,20,4,9,252,18667.3,2007.0,Hot-Humid
2016-09-08 21:00:00,Panther_lodging_Marisol,209.3904,26.1,2.0,20.6,1018.2,3.1,21,4,9,252,18667.3,2007.0,Hot-Humid
2016-09-08 22:00:00,Panther_lodging_Marisol,205.6397,25.0,2.0,20.6,1018.3,1.5,22,4,9,252,18667.3,2007.0,Hot-Humid
2016-09-08 23:00:00,Panther_lodging_Marisol,193.1873,25.0,0.0,21.1,1018.0,1.5,23,4,9,252,18667.3,2007.0,Hot-Humid
2016-09-09 00:00:00,Panther_lodging_Marisol,175.3338,24.4,2.0,21.7,1017.7,2.1,0,5,9,253,18667.3,2007.0,Hot-Humid
2016-09-09 01:00:00,Panther_lodging_Marisol,158.8806,24.4,0.0,21.7,1017.4,1.5,1,5,9,253,18667.3,2007.0,Hot-Humid
2016-09-09 02:00:00,Panther_lodging_Marisol,153.9797,23.9,0.0,21.1,1017.0,2.6,2,5,9,253,18667.3,2007.0,Hot-Humid
2016-09-09 03:00:00,Panther_lodging_Marisol,142.7775,23.9,0.0,21.7,1016.7,2.1,3,5,9,253,18667.3,2007.0,Hot-Humid
2016-09-09 04:00:00,Panther_lodging_Marisol,141.2273,23.9,2.0,22.2,1016.4,2.6,4,5,9,253,18667.3,2007.0,Hot-Humid
2016-09-09 05:00:00,Panther_lodging_Marisol,142.5275,23.9,2.0,22.2,1016.6,2.1,5,5,9,253,18667.3,2007.0,Hot-Humid
2016-09-09 06:00:00,Panther_lodging_Marisol,146.4783,23.9,2.0,22.2,1017.0,2.6,6,5,9,253,18667.3,2007.0,Hot-Humid
2016-09-09 07:00:00,Panther_lodging_Marisol,160.1809,25.6,2.0,23.3,1017.3,2.1,7,5,9,253,18667.3,2007.0,Hot-Humid
2016-09-09 08:00:00,Panther_lodging_Marisol,154.3298,27.8,4.0,24.4,1017.7,3.6,8,5,9,253,18667.3,2007.0,Hot-Humid
2016-09-09 09:00:00,Panther_lodging_Marisol,162.2313,28.9,4.0,23.9,1017.7,4.1,9,5,9,253,18667.3,2007.0,Hot-Humid
2016-09-09 10:00:00,Panther_lodging_Marisol,165.782,30.6,4.5,23.9,1017.9,3.6,10,5,9,253,18667.3,2007.0,Hot-Humid
2016-09-09 11:00:00,Panther_lodging_Marisol,161.8812,30.6,5.0,23.3,1017.9,4.1,11,5,9,253,18667.3,2007.0,Hot-Humid
2016-09-09 12:00:00,Panther_lodging_Marisol,174.3837,31.1,5.5,23.3,1017.3,3.6,12,5,9,253,18667.3,2007.0,Hot-Humid
2016-09-09 13:00:00,Panther_lodging_Marisol,174.2836,31.7,6.0,23.3,1016.7,4.1,13,5,9,253,18667.3,2007.0,Hot-Humid
2016-09-09 14:00:00,Panther_lodging_Marisol,175.4339,32.2,4.0,23.9,1016.2,5.1,14,5,9,253,18667.3,2007.0,Hot-Humid
2016-09-09 15:00:00,Panther_lodging_Marisol,176.084,32.2,4.4,23.3,1015.5,6.7,15,5,9,253,18667.3,2007.0,Hot-Humid
2016-09-09 16:00:00,Panther_lodging_Marisol,184.0355,31.7,4.8,23.3,1015.4,6.2,16,5,9,253,18667.3,2007.0,Hot-Humid
2016-09-09 17:00:00,Panther_lodging_Marisol,185.5858,31.1,5.2,23.3,1015.6,5.7,17,5,9,253,18667.3,2007.0,Hot-Humid
2016-09-09 18:00:00,Panther_lodging_Marisol,191.3869,30.6,5.2,23.9,1015.9,5.7,18,5,9,253,18667.3,2007.0,Hot-Humid
2016-09-09 19:00:00,Panther_lodging_Marisol,179.0346,28.9,6.0,23.9,1016.5,5.1,19,5,9,253,18667.3,2007.0,Hot-Humid
2016-09-09 20:00:00,Panther_lodging_Marisol,183.2854,27.8,5.0,23.9,1017.8,4.1,20,5,9,253,18667.3,2007.0,Hot-Humid
2016-09-09 21:00:00,Panther_lodging_Marisol,173.3835,27.2,4.0,23.9,1018.1,3.6,21,5,9,253,18667.3,2007.0,Hot-Humid
2016-09-09 22:00:00,Panther_lodging_Marisol,177.9843,26.7,4.5,24.4,1018.4,2.6,22,5,9,253,18667.3,2007.0,Hot-Humid
2016-09-09 23:00:00,Panther_lodging_Marisol,170.0828,26.7,5.0,24.4,1018.5,2.6,23,5,9,253,18667.3,2007.0,Hot-Humid
2016-09-10 00:00:00,Panther_lodging_Marisol,159.9809,26.1,5.5,24.4,1017.9,1.5,0,6,9,254,18667.3,2007.0,Hot-Humid
2016-09-10 01:00:00,Panther_lodging_Marisol,153.2296,25.6,6.0,23.9,1017.3,2.1,1,6,9,254,18667.3,2007.0,Hot-Humid
2016-09-10 02:00:00,Panther_lodging_Marisol,152.5294,25.6,4.0,23.9,1017.3,1.5,2,6,9,254,18667.3,2007.0,Hot-Humid
2016-09-10 03:00:00,Panther_lodging_Marisol,145.378,25.6,2.0,23.9,1016.5,0.0,3,6,9,254,18667.3,2007.0,Hot-Humid
2016-09-10 04:00:00,Panther_lodging_Marisol,137.3265,25.6,2.0,23.9,1016.3,0.0,4,6,9,254,18667.3,2007.0,Hot-Humid
2016-09-10 05:00:00,Panther_lodging_Marisol,139.67700000000002,24.4,2.0,23.3,1016.5,0.0,5,6,9,254,18667.3,2007.0,Hot-Humid
2016-09-10 06:00:00,Panther_lodging_Marisol,144.0778,25.0,2.0,23.3,1017.0,0.0,6,6,9,254,18667.3,2007.0,Hot-Humid
2016-09-10 07:00:00,Panther_lodging_Marisol,142.3275,26.1,2.0,24.4,1017.9,0.0,7,6,9,254,18667.3,2007.0,Hot-Humid
2016-09-10 08:00:00,Panther_lodging_Marisol,146.1782,27.8,2.0,25.0,1018.7,2.6,8,6,9,254,18667.3,2007.0,Hot-Humid
2016-09-10 09:00:00,Panther_lodging_Marisol,148.9287,28.9,2.0,24.4,1019.2,1.5,9,6,9,254,18667.3,2007.0,Hot-Humid
2016-09-10 10:00:00,Panther_lodging_Marisol,161.8812,30.6,4.0,22.8,1019.5,2.6,10,6,9,254,18667.3,2007.0,Hot-Humid
2016-09-10 11:00:00,Panther_lodging_Marisol,167.6824,31.7,4.0,22.8,1019.3,2.1,11,6,9,254,18667.3,2007.0,Hot-Humid
2016-09-10 12:00:00,Panther_lodging_Marisol,167.9324,32.2,4.0,22.8,1018.6,2.6,12,6,9,254,18667.3,2007.0,Hot-Humid
2016-09-10 13:00:00,Panther_lodging_Marisol,178.2344,31.7,6.0,21.7,1018.2,2.6,13,6,9,254,18667.3,2007.0,Hot-Humid
2016-09-10 14:00:00,Panther_lodging_Marisol,176.43400000000003,30.6,4.0,22.8,1017.7,5.7,14,6,9,254,18667.3,2007.0,Hot-Humid
2016-09-10 15:00:00,Panther_lodging_Marisol,171.233,32.2,4.0,21.7,1017.0,4.6,15,6,9,254,18667.3,2007.0,Hot-Humid
2016-09-10 16:00:00,Panther_lodging_Marisol,173.4335,31.7,4.0,23.3,1016.7,5.1,16,6,9,254,18667.3,2007.0,Hot-Humid
2016-09-10 17:00:00,Panther_lodging_Marisol,171.5831,30.6,4.0,22.2,1017.1,5.1,17,6,9,254,18667.3,2007.0,Hot-Humid
2016-09-10 18:00:00,Panther_lodging_Marisol,177.1342,30.0,4.0,22.2,1017.4,4.6,18,6,9,254,18667.3,2007.0,Hot-Humid
2016-09-10 19:00:00,Panther_lodging_Marisol,194.4875,27.8,4.0,22.8,1017.7,4.1,19,6,9,254,18667.3,2007.0,Hot-Humid
2016-09-10 20:00:00,Panther_lodging_Marisol,189.4366,27.2,4.0,22.8,1018.3,3.6,20,6,9,254,18667.3,2007.0,Hot-Humid
2016-09-10 21:00:00,Panther_lodging_Marisol,178.2844,26.7,4.0,23.9,1018.8,2.6,21,6,9,254,18667.3,2007.0,Hot-Humid
2016-09-10 22:00:00,Panther_lodging_Marisol,182.9853,26.7,4.0,23.9,1018.9,3.1,22,6,9,254,18667.3,2007.0,Hot-Humid
2016-09-10 23:00:00,Panther_lodging_Marisol,177.1842,25.6,4.0,23.9,1019.0,0.0,23,6,9,254,18667.3,2007.0,Hot-Humid
2016-09-11 00:00:00,Panther_lodging_Marisol,163.6816,25.6,4.0,23.9,1018.8,0.0,0,7,9,255,18667.3,2007.0,Hot-Humid
2016-09-11 01:00:00,Panther_lodging_Marisol,147.0284,24.4,4.0,23.3,1018.4,0.0,1,7,9,255,18667.3,2007.0,Hot-Humid
2016-09-11 02:00:00,Panther_lodging_Marisol,146.8783,25.6,4.0,24.4,1018.0,0.0,2,7,9,255,18667.3,2007.0,Hot-Humid
2016-09-11 03:00:00,Panther_lodging_Marisol,146.2282,25.0,2.0,23.9,1017.7,2.1,3,7,9,255,18667.3,2007.0,Hot-Humid
2016-09-11 04:00:00,Panther_lodging_Marisol,140.4771,25.0,2.0,23.9,1017.8,0.0,4,7,9,255,18667.3,2007.0,Hot-Humid
2016-09-11 05:00:00,Panther_lodging_Marisol,139.727,24.4,2.0,23.3,1018.3,0.0,5,7,9,255,18667.3,2007.0,Hot-Humid
2016-09-11 06:00:00,Panther_lodging_Marisol,142.8276,24.4,4.0,23.3,1018.8,0.0,6,7,9,255,18667.3,2007.0,Hot-Humid
2016-09-11 07:00:00,Panther_lodging_Marisol,142.8276,25.6,4.0,23.9,1019.0,0.0,7,7,9,255,18667.3,2007.0,Hot-Humid
2016-09-11 08:00:00,Panther_lodging_Marisol,140.3271,27.2,4.0,24.4,1019.2,0.0,8,7,9,255,18667.3,2007.0,Hot-Humid
2016-09-11 09:00:00,Panther_lodging_Marisol,154.6799,28.9,2.0,23.3,1019.2,0.0,9,7,9,255,18667.3,2007.0,Hot-Humid
2016-09-11 10:00:00,Panther_lodging_Marisol,159.9809,30.6,4.0,23.3,1019.6,2.1,10,7,9,255,18667.3,2007.0,Hot-Humid
2016-09-11 11:00:00,Panther_lodging_Marisol,169.1826,31.1,4.0,21.7,1019.5,3.1,11,7,9,255,18667.3,2007.0,Hot-Humid
2016-09-11 12:00:00,Panther_lodging_Marisol,175.3839,32.2,4.0,22.2,1018.5,3.1,12,7,9,255,18667.3,2007.0,Hot-Humid
2016-09-11 13:00:00,Panther_lodging_Marisol,172.1832,32.2,4.0,23.3,1018.2,6.2,13,7,9,255,18667.3,2007.0,Hot-Humid
2016-09-11 14:00:00,Panther_lodging_Marisol,179.5846,32.2,4.0,22.2,1017.5,3.6,14,7,9,255,18667.3,2007.0,Hot-Humid
2016-09-11 15:00:00,Panther_lodging_Marisol,176.9341,31.7,4.0,21.7,1017.0,4.6,15,7,9,255,18667.3,2007.0,Hot-Humid
2016-09-11 16:00:00,Panther_lodging_Marisol,193.6374,32.2,4.0,22.8,1016.3,5.1,16,7,9,255,18667.3,2007.0,Hot-Humid
2016-09-11 17:00:00,Panther_lodging_Marisol,184.2856,31.7,4.0,21.7,1016.2,5.1,17,7,9,255,18667.3,2007.0,Hot-Humid
2016-09-11 18:00:00,Panther_lodging_Marisol,201.7389,30.0,4.0,22.2,1016.7,5.7,18,7,9,255,18667.3,2007.0,Hot-Humid
2016-09-11 19:00:00,Panther_lodging_Marisol,194.3375,28.3,4.0,22.2,1016.8,5.1,19,7,9,255,18667.3,2007.0,Hot-Humid
2016-09-11 20:00:00,Panther_lodging_Marisol,208.4402,27.8,2.0,23.3,1017.3,3.1,20,7,9,255,18667.3,2007.0,Hot-Humid
2016-09-11 21:00:00,Panther_lodging_Marisol,200.6387,26.7,2.0,23.3,1017.8,2.6,21,7,9,255,18667.3,2007.0,Hot-Humid
2016-09-11 22:00:00,Panther_lodging_Marisol,196.3379,26.1,2.0,23.9,1017.6,1.5,22,7,9,255,18667.3,2007.0,Hot-Humid
2016-09-11 23:00:00,Panther_lodging_Marisol,175.6339,26.1,3.0,23.3,1017.7,1.5,23,7,9,255,18667.3,2007.0,Hot-Humid
2016-09-12 00:00:00,Panther_lodging_Marisol,175.5839,25.6,4.0,23.9,1017.4,1.5,0,1,9,256,18667.3,2007.0,Hot-Humid
2016-09-12 01:00:00,Panther_lodging_Marisol,151.6793,25.6,4.0,23.9,1017.0,0.0,1,1,9,256,18667.3,2007.0,Hot-Humid
2016-09-12 02:00:00,Panther_lodging_Marisol,144.4779,25.6,2.0,23.3,1016.8,2.1,2,1,9,256,18667.3,2007.0,Hot-Humid
2016-09-12 03:00:00,Panther_lodging_Marisol,141.4273,25.0,4.0,23.3,1016.3,2.6,3,1,9,256,18667.3,2007.0,Hot-Humid
2016-09-12 04:00:00,Panther_lodging_Marisol,134.5259,25.0,4.0,23.3,1016.2,2.1,4,1,9,256,18667.3,2007.0,Hot-Humid
2016-09-12 05:00:00,Panther_lodging_Marisol,138.6267,25.0,2.0,23.3,1016.2,2.1,5,1,9,256,18667.3,2007.0,Hot-Humid
2016-09-12 06:00:00,Panther_lodging_Marisol,141.4273,25.0,4.0,23.3,1016.8,2.1,6,1,9,256,18667.3,2007.0,Hot-Humid
2016-09-12 07:00:00,Panther_lodging_Marisol,152.3794,25.6,6.0,23.9,1017.2,2.6,7,1,9,256,18667.3,2007.0,Hot-Humid
2016-09-12 08:00:00,Panther_lodging_Marisol,154.6799,27.2,6.0,24.4,1017.2,3.6,8,1,9,256,18667.3,2007.0,Hot-Humid
2016-09-12 09:00:00,Panther_lodging_Marisol,161.1311,28.9,6.0,23.9,1017.0,4.1,9,1,9,256,18667.3,2007.0,Hot-Humid
2016-09-12 10:00:00,Panther_lodging_Marisol,168.1325,30.0,6.0,23.3,1017.4,4.6,10,1,9,256,18667.3,2007.0,Hot-Humid
2016-09-12 11:00:00,Panther_lodging_Marisol,165.1819,30.0,6.0,23.3,1017.5,4.1,11,1,9,256,18667.3,2007.0,Hot-Humid
2016-09-12 12:00:00,Panther_lodging_Marisol,178.0344,31.7,6.0,22.2,1017.0,5.1,12,1,9,256,18667.3,2007.0,Hot-Humid
2016-09-12 13:00:00,Panther_lodging_Marisol,181.7351,31.1,6.0,22.2,1016.2,5.7,13,1,9,256,18667.3,2007.0,Hot-Humid
2016-09-12 14:00:00,Panther_lodging_Marisol,176.43400000000003,32.8,6.333333333333333,21.1,1015.4,7.2,14,1,9,256,18667.3,2007.0,Hot-Humid
2016-09-12 15:00:00,Panther_lodging_Marisol,189.4866,31.1,6.666666666666667,22.2,1015.0,6.7,15,1,9,256,18667.3,2007.0,Hot-Humid
2016-09-12 16:00:00,Panther_lodging_Marisol,191.1369,31.7,7.0,22.2,1014.6,7.2,16,1,9,256,18667.3,2007.0,Hot-Humid
2016-09-12 17:00:00,Panther_lodging_Marisol,182.9853,29.4,7.0,21.7,1014.8,7.7,17,1,9,256,18667.3,2007.0,Hot-Humid
2016-09-12 18:00:00,Panther_lodging_Marisol,187.2361,26.1,7.0,21.7,1015.3,4.1,18,1,9,256,18667.3,2007.0,Hot-Humid
2016-09-12 19:00:00,Panther_lodging_Marisol,206.2898,26.1,8.0,22.2,1015.2,3.6,19,1,9,256,18667.3,2007.0,Hot-Humid
2016-09-12 20:00:00,Panther_lodging_Marisol,207.8901,26.1,7.666666666666667,22.2,1015.6,4.6,20,1,9,256,18667.3,2007.0,Hot-Humid
2016-09-12 21:00:00,Panther_lodging_Marisol,206.0398,26.1,7.333333333333333,22.8,1016.0,4.6,21,1,9,256,18667.3,2007.0,Hot-Humid
2016-09-12 22:00:00,Panther_lodging_Marisol,202.139,25.6,7.0,22.2,1016.3,5.1,22,1,9,256,18667.3,2007.0,Hot-Humid
2016-09-12 23:00:00,Panther_lodging_Marisol,198.2383,25.0,7.0,22.8,1016.3,3.6,23,1,9,256,18667.3,2007.0,Hot-Humid
2016-09-13 00:00:00,Panther_lodging_Marisol,179.1846,25.0,7.0,22.2,1015.5,4.1,0,2,9,257,18667.3,2007.0,Hot-Humid
2016-09-13 01:00:00,Panther_lodging_Marisol,161.9813,25.0,6.0,22.2,1014.8,5.1,1,2,9,257,18667.3,2007.0,Hot-Humid
2016-09-13 02:00:00,Panther_lodging_Marisol,149.0287,25.0,4.0,22.8,1014.1,4.1,2,2,9,257,18667.3,2007.0,Hot-Humid
2016-09-13 03:00:00,Panther_lodging_Marisol,147.1784,25.0,4.4,23.3,1014.0,3.6,3,2,9,257,18667.3,2007.0,Hot-Humid
2016-09-13 04:00:00,Panther_lodging_Marisol,139.3269,24.4,4.8,23.3,1013.7,3.6,4,2,9,257,18667.3,2007.0,Hot-Humid
2016-09-13 05:00:00,Panther_lodging_Marisol,136.1763,25.0,5.2,23.3,1013.6,5.1,5,2,9,257,18667.3,2007.0,Hot-Humid
2016-09-13 06:00:00,Panther_lodging_Marisol,146.1782,24.4,5.2,23.3,1013.5,4.6,6,2,9,257,18667.3,2007.0,Hot-Humid
2016-09-13 07:00:00,Panther_lodging_Marisol,154.5298,24.4,6.0,23.3,1013.7,4.6,7,2,9,257,18667.3,2007.0,Hot-Humid
2016-09-13 08:00:00,Panther_lodging_Marisol,149.4288,25.0,6.0,23.3,1014.0,5.7,8,2,9,257,18667.3,2007.0,Hot-Humid
2016-09-13 09:00:00,Panther_lodging_Marisol,152.5294,25.6,6.0,23.9,1014.5,3.6,9,2,9,257,18667.3,2007.0,Hot-Humid
2016-09-13 10:00:00,Panther_lodging_Marisol,161.4812,26.1,6.0,23.9,1014.8,3.6,10,2,9,257,18667.3,2007.0,Hot-Humid
2016-09-13 11:00:00,Panther_lodging_Marisol,166.8322,26.7,6.0,23.3,1014.9,3.6,11,2,9,257,18667.3,2007.0,Hot-Humid
2016-09-13 12:00:00,Panther_lodging_Marisol,183.8855,27.8,6.0,23.9,1014.5,5.7,12,2,9,257,18667.3,2007.0,Hot-Humid
2016-09-13 13:00:00,Panther_lodging_Marisol,178.7345,25.6,6.0,23.9,1014.3,4.6,13,2,9,257,18667.3,2007.0,Hot-Humid
2016-09-13 14:00:00,Panther_lodging_Marisol,178.2844,25.6,6.333333333333333,23.9,1013.8,1.5,14,2,9,257,18667.3,2007.0,Hot-Humid
2016-09-13 15:00:00,Panther_lodging_Marisol,185.3358,28.9,6.666666666666667,23.9,1012.8,3.6,15,2,9,257,18667.3,2007.0,Hot-Humid
2016-09-13 16:00:00,Panther_lodging_Marisol,178.8845,27.8,7.0,23.9,1013.0,7.2,16,2,9,257,18667.3,2007.0,Hot-Humid
2016-09-13 17:00:00,Panther_lodging_Marisol,183.8855,25.0,7.0,24.0,1014.3,5.7,17,2,9,257,18667.3,2007.0,Hot-Humid
2016-09-13 18:00:00,Panther_lodging_Marisol,192.6872,24.4,7.0,23.3,1014.6,4.6,18,2,9,257,18667.3,2007.0,Hot-Humid
2016-09-13 19:00:00,Panther_lodging_Marisol,203.5893,25.0,8.0,23.3,1015.2,3.6,19,2,9,257,18667.3,2007.0,Hot-Humid
2016-09-13 20:00:00,Panther_lodging_Marisol,208.8903,25.0,8.0,23.3,1015.9,3.1,20,2,9,257,18667.3,2007.0,Hot-Humid
2016-09-13 21:00:00,Panther_lodging_Marisol,201.989,25.0,8.0,23.9,1016.7,2.6,21,2,9,257,18667.3,2007.0,Hot-Humid
2016-09-13 22:00:00,Panther_lodging_Marisol,202.139,25.0,8.0,23.9,1016.7,3.6,22,2,9,257,18667.3,2007.0,Hot-Humid
2016-09-13 23:00:00,Panther_lodging_Marisol,197.088,25.0,8.0,23.9,1017.2,3.6,23,2,9,257,18667.3,2007.0,Hot-Humid
2016-09-14 00:00:00,Panther_lodging_Marisol,178.1344,25.0,8.0,23.9,1017.0,3.6,0,3,9,258,18667.3,2007.0,Hot-Humid
2016-09-14 01:00:00,Panther_lodging_Marisol,162.7814,24.4,8.0,23.3,1016.3,3.1,1,3,9,258,18667.3,2007.0,Hot-Humid
2016-09-14 02:00:00,Panther_lodging_Marisol,143.7777,25.0,7.666666666666667,23.9,1015.8,4.1,2,3,9,258,18667.3,2007.0,Hot-Humid
2016-09-14 03:00:00,Panther_lodging_Marisol,143.0276,24.4,7.333333333333333,23.3,1015.8,2.6,3,3,9,258,18667.3,2007.0,Hot-Humid
2016-09-14 04:00:00,Panther_lodging_Marisol,132.5756,24.4,7.0,23.3,1015.7,3.1,4,3,9,258,18667.3,2007.0,Hot-Humid
2016-09-14 05:00:00,Panther_lodging_Marisol,136.3263,24.4,7.0,23.3,1016.1,1.5,5,3,9,258,18667.3,2007.0,Hot-Humid
2016-09-14 06:00:00,Panther_lodging_Marisol,138.6267,23.9,7.0,23.3,1016.4,2.1,6,3,9,258,18667.3,2007.0,Hot-Humid
2016-09-14 07:00:00,Panther_lodging_Marisol,162.3313,24.4,6.0,23.9,1017.2,1.5,7,3,9,258,18667.3,2007.0,Hot-Humid
2016-09-14 08:00:00,Panther_lodging_Marisol,159.2307,25.6,6.0,24.4,1017.7,3.6,8,3,9,258,18667.3,2007.0,Hot-Humid
2016-09-14 09:00:00,Panther_lodging_Marisol,167.8824,27.2,6.0,24.4,1017.4,4.6,9,3,9,258,18667.3,2007.0,Hot-Humid
2016-09-14 10:00:00,Panther_lodging_Marisol,174.3837,29.4,6.0,24.4,1017.9,5.7,10,3,9,258,18667.3,2007.0,Hot-Humid
2016-09-14 11:00:00,Panther_lodging_Marisol,172.1832,29.4,6.0,23.9,1017.9,4.1,11,3,9,258,18667.3,2007.0,Hot-Humid
2016-09-14 12:00:00,Panther_lodging_Marisol,176.6841,31.7,6.0,23.3,1017.1,5.1,12,3,9,258,18667.3,2007.0,Hot-Humid
2016-09-14 13:00:00,Panther_lodging_Marisol,180.5848,31.1,6.0,23.3,1016.4,6.7,13,3,9,258,18667.3,2007.0,Hot-Humid
2016-09-14 14:00:00,Panther_lodging_Marisol,181.6851,30.0,6.333333333333333,23.3,1015.7,3.6,14,3,9,258,18667.3,2007.0,Hot-Humid
2016-09-14 15:00:00,Panther_lodging_Marisol,175.5339,30.0,6.666666666666667,23.0,1015.4,2.6,15,3,9,258,18667.3,2007.0,Hot-Humid
2016-09-14 16:00:00,Panther_lodging_Marisol,181.135,26.1,7.0,23.9,1014.9,1.5,16,3,9,258,18667.3,2007.0,Hot-Humid
2016-09-14 17:00:00,Panther_lodging_Marisol,188.1363,29.4,7.0,24.4,1015.4,4.6,17,3,9,258,18667.3,2007.0,Hot-Humid
2016-09-14 18:00:00,Panther_lodging_Marisol,188.3864,28.9,7.0,22.8,1016.4,2.1,18,3,9,258,18667.3,2007.0,Hot-Humid
2016-09-14 19:00:00,Panther_lodging_Marisol,196.938,26.7,8.0,23.9,1016.7,2.1,19,3,9,258,18667.3,2007.0,Hot-Humid
2016-09-14 20:00:00,Panther_lodging_Marisol,187.8863,26.7,7.666666666666667,24.4,1016.8,1.5,20,3,9,258,18667.3,2007.0,Hot-Humid
2016-09-14 21:00:00,Panther_lodging_Marisol,192.2371,26.1,7.333333333333333,24.4,1016.7,1.5,21,3,9,258,18667.3,2007.0,Hot-Humid
2016-09-14 22:00:00,Panther_lodging_Marisol,192.2871,25.6,7.0,23.9,1017.0,0.0,22,3,9,258,18667.3,2007.0,Hot-Humid
2016-09-14 23:00:00,Panther_lodging_Marisol,192.0871,25.6,7.0,23.9,1017.3,2.1,23,3,9,258,18667.3,2007.0,Hot-Humid
2016-09-15 00:00:00,Panther_lodging_Marisol,178.9345,25.0,7.0,23.9,1017.1,0.0,0,4,9,259,18667.3,2007.0,Hot-Humid
2016-09-15 01:00:00,Panther_lodging_Marisol,160.2309,24.4,6.0,23.3,1016.5,2.1,1,4,9,259,18667.3,2007.0,Hot-Humid
2016-09-15 02:00:00,Panther_lodging_Marisol,157.8805,24.4,5.666666666666667,23.9,1016.1,0.0,2,4,9,259,18667.3,2007.0,Hot-Humid
2016-09-15 03:00:00,Panther_lodging_Marisol,157.2303,24.4,5.333333333333333,23.9,1015.8,0.0,3,4,9,259,18667.3,2007.0,Hot-Humid
2016-09-15 04:00:00,Panther_lodging_Marisol,147.8785,24.4,5.0,23.9,1015.7,0.0,4,4,9,259,18667.3,2007.0,Hot-Humid
2016-09-15 05:00:00,Panther_lodging_Marisol,140.6271,24.4,5.0,23.9,1015.7,0.0,5,4,9,259,18667.3,2007.0,Hot-Humid
2016-09-15 06:00:00,Panther_lodging_Marisol,152.8295,23.9,5.0,23.3,1016.0,1.5,6,4,9,259,18667.3,2007.0,Hot-Humid
2016-09-15 07:00:00,Panther_lodging_Marisol,161.2811,24.4,4.0,23.9,1016.6,0.0,7,4,9,259,18667.3,2007.0,Hot-Humid
2016-09-15 08:00:00,Panther_lodging_Marisol,156.1801,26.1,4.0,24.4,1016.9,0.0,8,4,9,259,18667.3,2007.0,Hot-Humid
2016-09-15 09:00:00,Panther_lodging_Marisol,159.9309,27.8,4.0,23.9,1017.4,0.0,9,4,9,259,18667.3,2007.0,Hot-Humid
2016-09-15 10:00:00,Panther_lodging_Marisol,174.4337,29.4,4.0,23.3,1017.5,0.0,10,4,9,259,18667.3,2007.0,Hot-Humid
2016-09-15 11:00:00,Panther_lodging_Marisol,187.3862,28.9,4.0,24.4,1017.7,2.6,11,4,9,259,18667.3,2007.0,Hot-Humid
2016-09-15 12:00:00,Panther_lodging_Marisol,189.2365,31.7,5.0,23.9,1017.0,2.1,12,4,9,259,18667.3,2007.0,Hot-Humid
2016-09-15 13:00:00,Panther_lodging_Marisol,195.8878,31.7,6.0,22.8,1016.3,2.6,13,4,9,259,18667.3,2007.0,Hot-Humid
2016-09-15 14:00:00,Panther_lodging_Marisol,195.9878,31.7,6.0,23.3,1015.5,4.1,14,4,9,259,18667.3,2007.0,Hot-Humid
2016-09-15 15:00:00,Panther_lodging_Marisol,192.7872,32.8,6.0,23.3,1014.8,1.5,15,4,9,259,18667.3,2007.0,Hot-Humid
2016-09-15 16:00:00,Panther_lodging_Marisol,198.0382,30.0,6.0,23.3,1014.8,6.2,16,4,9,259,18667.3,2007.0,Hot-Humid
2016-09-15 17:00:00,Panther_lodging_Marisol,209.5404,28.3,6.0,23.3,1015.3,4.1,17,4,9,259,18667.3,2007.0,Hot-Humid
2016-09-15 18:00:00,Panther_lodging_Marisol,212.1409,27.2,6.0,23.9,1015.4,3.6,18,4,9,259,18667.3,2007.0,Hot-Humid
2016-09-15 19:00:00,Panther_lodging_Marisol,206.0398,25.6,6.0,23.3,1016.2,4.1,19,4,9,259,18667.3,2007.0,Hot-Humid
2016-09-15 20:00:00,Panther_lodging_Marisol,209.1904,25.0,5.666666666666667,22.2,1016.7,2.6,20,4,9,259,18667.3,2007.0,Hot-Humid
2016-09-15 21:00:00,Panther_lodging_Marisol,210.9407,25.0,5.333333333333333,22.8,1017.2,2.6,21,4,9,259,18667.3,2007.0,Hot-Humid
2016-09-15 22:00:00,Panther_lodging_Marisol,204.5395,25.0,5.0,22.8,1017.6,2.1,22,4,9,259,18667.3,2007.0,Hot-Humid
2016-09-15 23:00:00,Panther_lodging_Marisol,190.9869,25.0,5.0,22.8,1017.9,0.0,23,4,9,259,18667.3,2007.0,Hot-Humid
2016-09-16 00:00:00,Panther_lodging_Marisol,180.9849,24.4,5.0,22.8,1017.7,0.0,0,5,9,260,18667.3,2007.0,Hot-Humid
2016-09-16 01:00:00,Panther_lodging_Marisol,166.5821,24.4,4.0,22.8,1017.2,0.0,1,5,9,260,18667.3,2007.0,Hot-Humid
2016-09-16 02:00:00,Panther_lodging_Marisol,160.631,23.9,2.0,22.8,1016.7,1.5,2,5,9,260,18667.3,2007.0,Hot-Humid
2016-09-16 03:00:00,Panther_lodging_Marisol,152.6795,23.9,2.0,22.8,1016.1,0.0,3,5,9,260,18667.3,2007.0,Hot-Humid
2016-09-16 04:00:00,Panther_lodging_Marisol,145.7781,24.4,2.0,23.3,1016.1,2.6,4,5,9,260,18667.3,2007.0,Hot-Humid
2016-09-16 05:00:00,Panther_lodging_Marisol,142.4775,24.4,2.0,23.3,1016.2,2.6,5,5,9,260,18667.3,2007.0,Hot-Humid
2016-09-16 06:00:00,Panther_lodging_Marisol,146.8783,24.4,2.0,23.3,1016.7,2.6,6,5,9,260,18667.3,2007.0,Hot-Humid
2016-09-16 07:00:00,Panther_lodging_Marisol,163.5816,25.6,2.0,23.9,1016.8,2.6,7,5,9,260,18667.3,2007.0,Hot-Humid
2016-09-16 08:00:00,Panther_lodging_Marisol,163.9816,27.2,2.0,23.3,1017.3,3.1,8,5,9,260,18667.3,2007.0,Hot-Humid
2016-09-16 09:00:00,Panther_lodging_Marisol,180.4348,28.3,2.0,23.3,1017.8,2.6,9,5,9,260,18667.3,2007.0,Hot-Humid
2016-09-16 10:00:00,Panther_lodging_Marisol,175.8339,30.0,3.0,23.3,1018.1,2.6,10,5,9,260,18667.3,2007.0,Hot-Humid
2016-09-16 11:00:00,Panther_lodging_Marisol,181.485,30.6,4.0,22.8,1018.0,2.1,11,5,9,260,18667.3,2007.0,Hot-Humid
2016-09-16 12:00:00,Panther_lodging_Marisol,186.486,31.1,4.0,22.2,1017.4,3.1,12,5,9,260,18667.3,2007.0,Hot-Humid
2016-09-16 13:00:00,Panther_lodging_Marisol,181.435,32.2,4.0,21.7,1016.7,2.6,13,5,9,260,18667.3,2007.0,Hot-Humid
2016-09-16 14:00:00,Panther_lodging_Marisol,198.7384,30.6,4.0,22.2,1015.8,1.5,14,5,9,260,18667.3,2007.0,Hot-Humid
2016-09-16 15:00:00,Panther_lodging_Marisol,182.8853,31.1,4.0,22.8,1015.3,5.1,15,5,9,260,18667.3,2007.0,Hot-Humid
2016-09-16 16:00:00,Panther_lodging_Marisol,187.4862,29.4,4.0,23.9,1015.6,5.1,16,5,9,260,18667.3,2007.0,Hot-Humid
2016-09-16 17:00:00,Panther_lodging_Marisol,183.7354,28.3,4.0,23.9,1015.6,4.6,17,5,9,260,18667.3,2007.0,Hot-Humid
2016-09-16 18:00:00,Panther_lodging_Marisol,197.6381,27.8,4.0,23.3,1016.1,3.1,18,5,9,260,18667.3,2007.0,Hot-Humid
2016-09-16 19:00:00,Panther_lodging_Marisol,202.189,27.8,4.0,22.8,1016.3,4.1,19,5,9,260,18667.3,2007.0,Hot-Humid
2016-09-16 20:00:00,Panther_lodging_Marisol,194.5875,26.7,2.0,22.8,1016.6,4.6,20,5,9,260,18667.3,2007.0,Hot-Humid
2016-09-16 21:00:00,Panther_lodging_Marisol,186.686,26.7,2.0,23.3,1017.3,3.6,21,5,9,260,18667.3,2007.0,Hot-Humid
2016-09-16 22:00:00,Panther_lodging_Marisol,188.9365,26.1,2.0,23.9,1017.2,3.6,22,5,9,260,18667.3,2007.0,Hot-Humid
2016-09-16 23:00:00,Panther_lodging_Marisol,184.7857,25.6,2.0,23.9,1017.4,2.1,23,5,9,260,18667.3,2007.0,Hot-Humid
2016-09-17 00:00:00,Panther_lodging_Marisol,184.3356,25.6,0.0,23.9,1017.3,2.6,0,6,9,261,18667.3,2007.0,Hot-Humid
2016-09-17 01:00:00,Panther_lodging_Marisol,168.0824,25.6,2.0,23.9,1017.1,3.6,1,6,9,261,18667.3,2007.0,Hot-Humid
2016-09-17 02:00:00,Panther_lodging_Marisol,158.0805,25.6,2.0,23.9,1016.7,2.6,2,6,9,261,18667.3,2007.0,Hot-Humid
2016-09-17 03:00:00,Panther_lodging_Marisol,157.3804,25.0,2.0,23.9,1016.3,2.1,3,6,9,261,18667.3,2007.0,Hot-Humid
2016-09-17 04:00:00,Panther_lodging_Marisol,152.2294,25.0,2.0,23.9,1016.1,2.6,4,6,9,261,18667.3,2007.0,Hot-Humid
2016-09-17 05:00:00,Panther_lodging_Marisol,151.2792,25.0,2.0,23.9,1016.4,2.1,5,6,9,261,18667.3,2007.0,Hot-Humid
2016-09-17 06:00:00,Panther_lodging_Marisol,151.5793,25.0,2.0,23.9,1016.8,2.1,6,6,9,261,18667.3,2007.0,Hot-Humid
2016-09-17 07:00:00,Panther_lodging_Marisol,157.7805,25.6,2.0,23.9,1017.2,2.1,7,6,9,261,18667.3,2007.0,Hot-Humid
2016-09-17 08:00:00,Panther_lodging_Marisol,161.6812,27.2,2.0,24.4,1017.5,2.6,8,6,9,261,18667.3,2007.0,Hot-Humid
2016-09-17 09:00:00,Panther_lodging_Marisol,170.5329,28.9,2.8,24.4,1017.7,3.1,9,6,9,261,18667.3,2007.0,Hot-Humid
2016-09-17 10:00:00,Panther_lodging_Marisol,165.5819,30.6,3.6,23.9,1017.8,3.1,10,6,9,261,18667.3,2007.0,Hot-Humid
2016-09-17 11:00:00,Panther_lodging_Marisol,176.18400000000003,31.7,4.4,23.3,1017.7,2.1,11,6,9,261,18667.3,2007.0,Hot-Humid
2016-09-17 12:00:00,Panther_lodging_Marisol,188.8364,31.7,4.4,22.8,1016.8,3.1,12,6,9,261,18667.3,2007.0,Hot-Humid
2016-09-17 13:00:00,Panther_lodging_Marisol,188.8364,32.8,6.0,23.3,1016.2,2.6,13,6,9,261,18667.3,2007.0,Hot-Humid
2016-09-17 14:00:00,Panther_lodging_Marisol,188.3363,32.2,5.6,22.8,1015.7,0.0,14,6,9,261,18667.3,2007.0,Hot-Humid
2016-09-17 15:00:00,Panther_lodging_Marisol,186.786,31.0,5.2,24.0,1015.3,4.6,15,6,9,261,18667.3,2007.0,Hot-Humid
2016-09-17 16:00:00,Panther_lodging_Marisol,183.8355,28.9,4.8,23.9,1015.3,3.6,16,6,9,261,18667.3,2007.0,Hot-Humid
2016-09-17 17:00:00,Panther_lodging_Marisol,175.7339,28.3,4.8,23.9,1015.3,2.1,17,6,9,261,18667.3,2007.0,Hot-Humid
2016-09-17 18:00:00,Panther_lodging_Marisol,189.7866,28.3,4.0,24.4,1015.3,2.1,18,6,9,261,18667.3,2007.0,Hot-Humid
2016-09-17 19:00:00,Panther_lodging_Marisol,182.9353,28.3,4.0,23.3,1015.6,4.1,19,6,9,261,18667.3,2007.0,Hot-Humid
2016-09-17 20:00:00,Panther_lodging_Marisol,181.385,27.2,4.0,23.3,1016.4,4.1,20,6,9,261,18667.3,2007.0,Hot-Humid
2016-09-17 21:00:00,Panther_lodging_Marisol,179.8347,26.7,4.0,23.9,1016.5,3.1,21,6,9,261,18667.3,2007.0,Hot-Humid
2016-09-17 22:00:00,Panther_lodging_Marisol,173.4835,26.7,2.0,24.4,1017.0,1.5,22,6,9,261,18667.3,2007.0,Hot-Humid
2016-09-17 23:00:00,Panther_lodging_Marisol,189.5366,26.7,2.0,24.4,1017.1,1.5,23,6,9,261,18667.3,2007.0,Hot-Humid
2016-09-18 00:00:00,Panther_lodging_Marisol,189.8366,26.1,2.0,24.4,1016.8,2.1,0,7,9,262,18667.3,2007.0,Hot-Humid
2016-09-18 01:00:00,Panther_lodging_Marisol,174.9338,26.1,2.0,24.4,1016.3,1.5,1,7,9,262,18667.3,2007.0,Hot-Humid
2016-09-18 02:00:00,Panther_lodging_Marisol,174.4337,25.0,2.0,23.9,1015.7,1.5,2,7,9,262,18667.3,2007.0,Hot-Humid
2016-09-18 03:00:00,Panther_lodging_Marisol,169.4827,25.0,0.0,23.9,1015.3,2.6,3,7,9,262,18667.3,2007.0,Hot-Humid
2016-09-18 04:00:00,Panther_lodging_Marisol,156.6302,25.0,2.0,23.9,1014.8,2.6,4,7,9,262,18667.3,2007.0,Hot-Humid
2016-09-18 05:00:00,Panther_lodging_Marisol,155.8801,24.4,2.0,23.9,1014.7,0.0,5,7,9,262,18667.3,2007.0,Hot-Humid
2016-09-18 06:00:00,Panther_lodging_Marisol,153.4796,25.0,2.0,23.9,1015.1,1.5,6,7,9,262,18667.3,2007.0,Hot-Humid
2016-09-18 07:00:00,Panther_lodging_Marisol,146.2282,25.0,4.0,23.9,1015.7,1.5,7,7,9,262,18667.3,2007.0,Hot-Humid
2016-09-18 08:00:00,Panther_lodging_Marisol,155.28,26.7,2.0,24.4,1016.1,3.1,8,7,9,262,18667.3,2007.0,Hot-Humid
2016-09-18 09:00:00,Panther_lodging_Marisol,171.7331,28.3,4.0,23.9,1016.5,1.5,9,7,9,262,18667.3,2007.0,Hot-Humid
2016-09-18 10:00:00,Panther_lodging_Marisol,161.2811,30.0,4.0,22.8,1016.5,1.5,10,7,9,262,18667.3,2007.0,Hot-Humid
2016-09-18 11:00:00,Panther_lodging_Marisol,181.135,31.1,4.666666666666667,22.8,1016.4,0.0,11,7,9,262,18667.3,2007.0,Hot-Humid
2016-09-18 12:00:00,Panther_lodging_Marisol,188.7364,31.1,5.333333333333333,21.7,1016.0,2.1,12,7,9,262,18667.3,2007.0,Hot-Humid
2016-09-18 13:00:00,Panther_lodging_Marisol,191.587,32.2,6.0,22.2,1015.4,3.1,13,7,9,262,18667.3,2007.0,Hot-Humid
2016-09-18 14:00:00,Panther_lodging_Marisol,199.2385,32.8,6.0,21.7,1014.4,2.1,14,7,9,262,18667.3,2007.0,Hot-Humid
2016-09-18 15:00:00,Panther_lodging_Marisol,204.3894,33.3,6.0,21.7,1013.6,2.6,15,7,9,262,18667.3,2007.0,Hot-Humid
2016-09-18 16:00:00,Panther_lodging_Marisol,200.0886,32.8,6.0,20.6,1013.1,1.5,16,7,9,262,18667.3,2007.0,Hot-Humid
2016-09-18 17:00:00,Panther_lodging_Marisol,197.088,32.8,6.0,21.1,1013.2,0.0,17,7,9,262,18667.3,2007.0,Hot-Humid
2016-09-18 18:00:00,Panther_lodging_Marisol,201.989,32.2,6.0,21.7,1013.3,2.6,18,7,9,262,18667.3,2007.0,Hot-Humid
2016-09-18 19:00:00,Panther_lodging_Marisol,210.2406,30.6,6.0,22.2,1013.9,2.6,19,7,9,262,18667.3,2007.0,Hot-Humid
2016-09-18 20:00:00,Panther_lodging_Marisol,212.641,28.3,6.0,24.4,1014.9,4.1,20,7,9,262,18667.3,2007.0,Hot-Humid
2016-09-18 21:00:00,Panther_lodging_Marisol,210.1406,26.7,6.0,22.8,1015.7,3.1,21,7,9,262,18667.3,2007.0,Hot-Humid
2016-09-18 22:00:00,Panther_lodging_Marisol,201.6889,26.1,6.0,22.8,1016.5,2.6,22,7,9,262,18667.3,2007.0,Hot-Humid
2016-09-18 23:00:00,Panther_lodging_Marisol,193.7374,25.6,6.0,23.9,1015.8,0.0,23,7,9,262,18667.3,2007.0,Hot-Humid
2016-09-19 00:00:00,Panther_lodging_Marisol,183.0853,26.1,6.0,23.3,1015.3,2.1,0,1,9,263,18667.3,2007.0,Hot-Humid
2016-09-19 01:00:00,Panther_lodging_Marisol,171.083,25.6,6.0,23.3,1014.7,0.0,1,1,9,263,18667.3,2007.0,Hot-Humid
2016-09-19 02:00:00,Panther_lodging_Marisol,152.3794,24.4,4.0,23.3,1014.2,2.1,2,1,9,263,18667.3,2007.0,Hot-Humid
2016-09-19 03:00:00,Panther_lodging_Marisol,163.0315,25.0,2.0,23.9,1014.0,1.5,3,1,9,263,18667.3,2007.0,Hot-Humid
2016-09-19 04:00:00,Panther_lodging_Marisol,153.2796,25.0,2.0,23.9,1013.9,0.0,4,1,9,263,18667.3,2007.0,Hot-Humid
2016-09-19 05:00:00,Panther_lodging_Marisol,145.078,25.0,2.0,23.3,1014.3,2.1,5,1,9,263,18667.3,2007.0,Hot-Humid
2016-09-19 06:00:00,Panther_lodging_Marisol,155.7801,24.4,4.0,23.3,1014.6,1.5,6,1,9,263,18667.3,2007.0,Hot-Humid
2016-09-19 07:00:00,Panther_lodging_Marisol,160.681,25.6,4.0,23.9,1015.0,1.5,7,1,9,263,18667.3,2007.0,Hot-Humid
2016-09-19 08:00:00,Panther_lodging_Marisol,160.2809,26.1,4.0,24.4,1015.4,0.0,8,1,9,263,18667.3,2007.0,Hot-Humid
2016-09-19 09:00:00,Panther_lodging_Marisol,163.1815,28.9,4.0,23.9,1015.7,0.0,9,1,9,263,18667.3,2007.0,Hot-Humid
2016-09-19 10:00:00,Panther_lodging_Marisol,177.3842,30.6,4.0,22.8,1015.6,2.1,10,1,9,263,18667.3,2007.0,Hot-Humid
2016-09-19 11:00:00,Panther_lodging_Marisol,183.2354,31.1,4.0,22.8,1015.6,0.0,11,1,9,263,18667.3,2007.0,Hot-Humid
2016-09-19 12:00:00,Panther_lodging_Marisol,191.4369,31.7,4.0,22.8,1015.0,1.5,12,1,9,263,18667.3,2007.0,Hot-Humid
2016-09-19 13:00:00,Panther_lodging_Marisol,202.4391,32.8,4.0,22.8,1013.9,2.1,13,1,9,263,18667.3,2007.0,Hot-Humid
2016-09-19 14:00:00,Panther_lodging_Marisol,184.9857,33.3,4.666666666666667,22.8,1013.0,3.1,14,1,9,263,18667.3,2007.0,Hot-Humid
2016-09-19 15:00:00,Panther_lodging_Marisol,196.988,33.3,5.333333333333333,22.2,1012.2,4.1,15,1,9,263,18667.3,2007.0,Hot-Humid
2016-09-19 16:00:00,Panther_lodging_Marisol,193.8374,27.8,6.0,21.7,1013.0,9.3,16,1,9,263,18667.3,2007.0,Hot-Humid
2016-09-19 17:00:00,Panther_lodging_Marisol,203.4392,24.0,6.0,23.0,1013.8,5.7,17,1,9,263,18667.3,2007.0,Hot-Humid
2016-09-19 18:00:00,Panther_lodging_Marisol,211.5408,25.0,6.0,23.3,1014.5,3.6,18,1,9,263,18667.3,2007.0,Hot-Humid
2016-09-19 19:00:00,Panther_lodging_Marisol,207.8401,24.4,8.0,22.8,1014.9,4.6,19,1,9,263,18667.3,2007.0,Hot-Humid
2016-09-19 20:00:00,Panther_lodging_Marisol,217.2419,23.9,7.666666666666667,22.2,1016.0,4.1,20,1,9,263,18667.3,2007.0,Hot-Humid
2016-09-19 21:00:00,Panther_lodging_Marisol,217.9921,23.9,7.333333333333333,22.2,1015.9,2.6,21,1,9,263,18667.3,2007.0,Hot-Humid
2016-09-19 22:00:00,Panther_lodging_Marisol,212.0909,23.9,7.0,22.8,1015.1,0.0,22,1,9,263,18667.3,2007.0,Hot-Humid
2016-09-19 23:00:00,Panther_lodging_Marisol,205.1396,23.9,7.0,22.8,1015.8,2.6,23,1,9,263,18667.3,2007.0,Hot-Humid
2016-09-20 00:00:00,Panther_lodging_Marisol,190.1867,23.9,7.0,22.8,1015.4,0.0,0,2,9,264,18667.3,2007.0,Hot-Humid
2016-09-20 01:00:00,Panther_lodging_Marisol,167.7824,23.9,6.0,22.8,1014.5,0.0,1,2,9,264,18667.3,2007.0,Hot-Humid
2016-09-20 02:00:00,Panther_lodging_Marisol,162.1313,23.3,5.333333333333333,22.2,1013.9,2.1,2,2,9,264,18667.3,2007.0,Hot-Humid
2016-09-20 03:00:00,Panther_lodging_Marisol,154.2298,22.8,4.666666666666667,22.2,1014.1,1.5,3,2,9,264,18667.3,2007.0,Hot-Humid
2016-09-20 04:00:00,Panther_lodging_Marisol,153.2796,22.8,4.0,21.7,1014.5,0.0,4,2,9,264,18667.3,2007.0,Hot-Humid
2016-09-20 05:00:00,Panther_lodging_Marisol,157.8305,22.8,4.0,22.2,1014.7,0.0,5,2,9,264,18667.3,2007.0,Hot-Humid
2016-09-20 06:00:00,Panther_lodging_Marisol,156.5802,23.3,4.0,22.2,1015.3,1.5,6,2,9,264,18667.3,2007.0,Hot-Humid
2016-09-20 07:00:00,Panther_lodging_Marisol,165.832,23.9,4.0,22.8,1015.8,0.0,7,2,9,264,18667.3,2007.0,Hot-Humid
2016-09-20 08:00:00,Panther_lodging_Marisol,160.9811,24.4,4.0,22.8,1016.0,0.0,8,2,9,264,18667.3,2007.0,Hot-Humid
2016-09-20 09:00:00,Panther_lodging_Marisol,168.3825,26.7,4.0,22.8,1016.2,0.0,9,2,9,264,18667.3,2007.0,Hot-Humid
2016-09-20 10:00:00,Panther_lodging_Marisol,180.9349,28.9,4.0,23.3,1016.3,0.0,10,2,9,264,18667.3,2007.0,Hot-Humid
2016-09-20 11:00:00,Panther_lodging_Marisol,186.9361,30.0,4.0,22.8,1016.3,0.0,11,2,9,264,18667.3,2007.0,Hot-Humid
2016-09-20 12:00:00,Panther_lodging_Marisol,206.5899,30.6,5.0,22.2,1015.5,0.0,12,2,9,264,18667.3,2007.0,Hot-Humid
2016-09-20 13:00:00,Panther_lodging_Marisol,195.7878,31.1,6.0,22.8,1014.9,2.6,13,2,9,264,18667.3,2007.0,Hot-Humid
2016-09-20 14:00:00,Panther_lodging_Marisol,191.837,30.6,5.5,22.2,1014.5,6.2,14,2,9,264,18667.3,2007.0,Hot-Humid
2016-09-20 15:00:00,Panther_lodging_Marisol,199.4885,28.9,5.0,22.8,1014.1,4.6,15,2,9,264,18667.3,2007.0,Hot-Humid
2016-09-20 16:00:00,Panther_lodging_Marisol,201.1888,30.6,4.5,22.8,1013.0,3.1,16,2,9,264,18667.3,2007.0,Hot-Humid
2016-09-20 17:00:00,Panther_lodging_Marisol,201.7389,31.1,4.0,21.7,1013.2,2.1,17,2,9,264,18667.3,2007.0,Hot-Humid
2016-09-20 18:00:00,Panther_lodging_Marisol,205.9898,26.7,5.0,22.8,1013.8,8.2,18,2,9,264,18667.3,2007.0,Hot-Humid
2016-09-20 19:00:00,Panther_lodging_Marisol,211.2408,24.4,6.0,22.8,1014.0,2.6,19,2,9,264,18667.3,2007.0,Hot-Humid
2016-09-20 20:00:00,Panther_lodging_Marisol,212.0909,25.0,4.0,23.3,1014.7,3.1,20,2,9,264,18667.3,2007.0,Hot-Humid
2016-09-20 21:00:00,Panther_lodging_Marisol,226.1436,25.6,4.4,23.3,1014.9,0.0,21,2,9,264,18667.3,2007.0,Hot-Humid
2016-09-20 22:00:00,Panther_lodging_Marisol,199.2385,25.6,4.8,23.3,1015.5,0.0,22,2,9,264,18667.3,2007.0,Hot-Humid
2016-09-20 23:00:00,Panther_lodging_Marisol,196.738,25.6,5.2,23.3,1015.4,0.0,23,2,9,264,18667.3,2007.0,Hot-Humid
2016-09-21 00:00:00,Panther_lodging_Marisol,181.8851,25.6,5.2,23.9,1015.2,0.0,0,3,9,265,18667.3,2007.0,Hot-Humid
2016-09-21 01:00:00,Panther_lodging_Marisol,174.4337,25.0,6.0,23.3,1014.8,0.0,1,3,9,265,18667.3,2007.0,Hot-Humid
2016-09-21 02:00:00,Panther_lodging_Marisol,168.9326,25.0,6.0,22.8,1014.5,2.1,2,3,9,265,18667.3,2007.0,Hot-Humid
2016-09-21 03:00:00,Panther_lodging_Marisol,158.0305,25.0,6.0,23.3,1014.3,3.6,3,3,9,265,18667.3,2007.0,Hot-Humid
2016-09-21 04:00:00,Panther_lodging_Marisol,153.2296,24.4,6.0,22.8,1014.2,2.1,4,3,9,265,18667.3,2007.0,Hot-Humid
2016-09-21 05:00:00,Panther_lodging_Marisol,153.8797,24.4,6.0,22.8,1014.6,1.5,5,3,9,265,18667.3,2007.0,Hot-Humid
2016-09-21 06:00:00,Panther_lodging_Marisol,154.3298,25.0,6.0,22.8,1015.2,0.0,6,3,9,265,18667.3,2007.0,Hot-Humid
2016-09-21 07:00:00,Panther_lodging_Marisol,174.0836,25.0,6.0,22.8,1015.5,0.0,7,3,9,265,18667.3,2007.0,Hot-Humid
2016-09-21 08:00:00,Panther_lodging_Marisol,161.1311,26.1,5.6,23.3,1015.7,1.5,8,3,9,265,18667.3,2007.0,Hot-Humid
2016-09-21 09:00:00,Panther_lodging_Marisol,172.3333,27.2,5.2,23.9,1015.9,2.6,9,3,9,265,18667.3,2007.0,Hot-Humid
2016-09-21 10:00:00,Panther_lodging_Marisol,178.8345,28.3,4.8,23.3,1015.9,2.1,10,3,9,265,18667.3,2007.0,Hot-Humid
2016-09-21 11:00:00,Panther_lodging_Marisol,186.736,30.0,4.8,23.3,1015.7,2.1,11,3,9,265,18667.3,2007.0,Hot-Humid
2016-09-21 12:00:00,Panther_lodging_Marisol,199.7386,30.6,4.0,23.3,1015.2,2.1,12,3,9,265,18667.3,2007.0,Hot-Humid
2016-09-21 13:00:00,Panther_lodging_Marisol,189.8366,31.7,4.0,22.2,1014.6,3.1,13,3,9,265,18667.3,2007.0,Hot-Humid
2016-09-21 14:00:00,Panther_lodging_Marisol,188.5364,32.2,4.333333333333333,22.8,1014.1,1.5,14,3,9,265,18667.3,2007.0,Hot-Humid
2016-09-21 15:00:00,Panther_lodging_Marisol,199.7386,33.3,4.666666666666667,21.7,1013.5,4.1,15,3,9,265,18667.3,2007.0,Hot-Humid
2016-09-21 16:00:00,Panther_lodging_Marisol,209.6905,32.8,5.0,21.7,1013.3,2.6,16,3,9,265,18667.3,2007.0,Hot-Humid
2016-09-21 17:00:00,Panther_lodging_Marisol,200.0886,29.4,5.0,23.3,1013.8,3.6,17,3,9,265,18667.3,2007.0,Hot-Humid
2016-09-21 18:00:00,Panther_lodging_Marisol,204.8395,27.8,5.0,22.8,1014.2,5.7,18,3,9,265,18667.3,2007.0,Hot-Humid
2016-09-21 19:00:00,Panther_lodging_Marisol,212.1409,27.2,6.0,22.2,1015.2,3.1,19,3,9,265,18667.3,2007.0,Hot-Humid
2016-09-21 20:00:00,Panther_lodging_Marisol,214.1413,26.7,4.0,22.2,1015.5,2.6,20,3,9,265,18667.3,2007.0,Hot-Humid
2016-09-21 21:00:00,Panther_lodging_Marisol,221.1427,26.1,4.0,22.8,1015.8,2.1,21,3,9,265,18667.3,2007.0,Hot-Humid
2016-09-21 22:00:00,Panther_lodging_Marisol,222.4429,26.1,5.0,22.8,1016.1,2.1,22,3,9,265,18667.3,2007.0,Hot-Humid
2016-09-21 23:00:00,Panther_lodging_Marisol,211.4408,24.4,6.0,22.8,1016.0,1.5,23,3,9,265,18667.3,2007.0,Hot-Humid
2016-09-22 00:00:00,Panther_lodging_Marisol,189.5366,26.1,7.0,22.8,1015.6,0.0,0,4,9,266,18667.3,2007.0,Hot-Humid
2016-09-22 01:00:00,Panther_lodging_Marisol,166.7322,25.6,8.0,23.3,1015.5,0.0,1,4,9,266,18667.3,2007.0,Hot-Humid
2016-09-22 02:00:00,Panther_lodging_Marisol,166.9822,24.4,5.0,23.3,1015.1,0.0,2,4,9,266,18667.3,2007.0,Hot-Humid
2016-09-22 03:00:00,Panther_lodging_Marisol,149.7289,24.4,2.0,22.8,1014.6,0.0,3,4,9,266,18667.3,2007.0,Hot-Humid
2016-09-22 04:00:00,Panther_lodging_Marisol,162.3313,24.4,2.0,22.8,1014.5,0.0,4,4,9,266,18667.3,2007.0,Hot-Humid
2016-09-22 05:00:00,Panther_lodging_Marisol,151.4792,25.0,2.0,23.3,1014.7,0.0,5,4,9,266,18667.3,2007.0,Hot-Humid
2016-09-22 06:00:00,Panther_lodging_Marisol,159.5308,25.0,2.0,23.3,1015.2,2.6,6,4,9,266,18667.3,2007.0,Hot-Humid
2016-09-22 07:00:00,Panther_lodging_Marisol,173.3334,25.6,4.0,23.3,1015.7,0.0,7,4,9,266,18667.3,2007.0,Hot-Humid
2016-09-22 08:00:00,Panther_lodging_Marisol,168.3325,27.2,2.0,23.9,1016.0,1.5,8,4,9,266,18667.3,2007.0,Hot-Humid
2016-09-22 09:00:00,Panther_lodging_Marisol,168.4825,28.9,2.0,23.3,1016.2,0.0,9,4,9,266,18667.3,2007.0,Hot-Humid
2016-09-22 10:00:00,Panther_lodging_Marisol,188.1363,29.4,4.0,22.8,1016.1,1.5,10,4,9,266,18667.3,2007.0,Hot-Humid
2016-09-22 11:00:00,Panther_lodging_Marisol,189.0865,31.7,4.0,22.8,1015.7,2.1,11,4,9,266,18667.3,2007.0,Hot-Humid
2016-09-22 12:00:00,Panther_lodging_Marisol,195.2377,31.7,4.0,22.8,1015.3,2.1,12,4,9,266,18667.3,2007.0,Hot-Humid
2016-09-22 13:00:00,Panther_lodging_Marisol,187.1361,31.7,4.0,22.2,1014.7,1.5,13,4,9,266,18667.3,2007.0,Hot-Humid
2016-09-22 14:00:00,Panther_lodging_Marisol,185.8359,31.7,4.0,21.7,1014.0,2.1,14,4,9,266,18667.3,2007.0,Hot-Humid
2016-09-22 15:00:00,Panther_lodging_Marisol,191.787,33.3,4.4,21.7,1013.4,3.1,15,4,9,266,18667.3,2007.0,Hot-Humid
2016-09-22 16:00:00,Panther_lodging_Marisol,195.6878,31.1,4.8,21.7,1013.3,1.5,16,4,9,266,18667.3,2007.0,Hot-Humid
2016-09-22 17:00:00,Panther_lodging_Marisol,190.8868,28.3,5.2,22.8,1013.9,6.2,17,4,9,266,18667.3,2007.0,Hot-Humid
2016-09-22 18:00:00,Panther_lodging_Marisol,199.5385,25.0,5.2,22.2,1014.3,5.1,18,4,9,266,18667.3,2007.0,Hot-Humid
2016-09-22 19:00:00,Panther_lodging_Marisol,206.7399,25.6,6.0,22.2,1014.4,4.6,19,4,9,266,18667.3,2007.0,Hot-Humid
2016-09-22 20:00:00,Panther_lodging_Marisol,217.892,26.1,6.333333333333333,23.3,1015.0,2.6,20,4,9,266,18667.3,2007.0,Hot-Humid
2016-09-22 21:00:00,Panther_lodging_Marisol,213.5412,25.6,6.666666666666667,23.3,1015.4,2.6,21,4,9,266,18667.3,2007.0,Hot-Humid
2016-09-22 22:00:00,Panther_lodging_Marisol,208.8403,25.6,7.0,22.8,1015.6,3.6,22,4,9,266,18667.3,2007.0,Hot-Humid
2016-09-22 23:00:00,Panther_lodging_Marisol,200.3887,25.0,7.0,22.8,1015.8,1.5,23,4,9,266,18667.3,2007.0,Hot-Humid
2016-09-23 00:00:00,Panther_lodging_Marisol,188.1863,25.6,7.0,22.8,1015.6,1.5,0,5,9,267,18667.3,2007.0,Hot-Humid
2016-09-23 01:00:00,Panther_lodging_Marisol,170.5829,25.0,8.0,23.3,1015.3,2.6,1,5,9,267,18667.3,2007.0,Hot-Humid
2016-09-23 02:00:00,Panther_lodging_Marisol,159.9309,24.4,6.0,23.3,1015.1,0.0,2,5,9,267,18667.3,2007.0,Hot-Humid
2016-09-23 03:00:00,Panther_lodging_Marisol,155.8301,25.0,4.0,23.3,1014.8,0.0,3,5,9,267,18667.3,2007.0,Hot-Humid
2016-09-23 04:00:00,Panther_lodging_Marisol,157.6304,24.4,2.0,22.8,1014.8,1.5,4,5,9,267,18667.3,2007.0,Hot-Humid
2016-09-23 05:00:00,Panther_lodging_Marisol,148.9287,23.9,2.0,22.8,1015.4,1.5,5,5,9,267,18667.3,2007.0,Hot-Humid
2016-09-23 06:00:00,Panther_lodging_Marisol,157.4804,23.9,4.0,22.8,1015.7,0.0,6,5,9,267,18667.3,2007.0,Hot-Humid
2016-09-23 07:00:00,Panther_lodging_Marisol,164.4817,24.4,2.0,23.3,1016.1,1.5,7,5,9,267,18667.3,2007.0,Hot-Humid
2016-09-23 08:00:00,Panther_lodging_Marisol,187.3862,26.1,4.0,23.9,1016.5,0.0,8,5,9,267,18667.3,2007.0,Hot-Humid
2016-09-23 09:00:00,Panther_lodging_Marisol,176.18400000000003,27.8,4.0,23.9,1016.6,0.0,9,5,9,267,18667.3,2007.0,Hot-Humid
2016-09-23 10:00:00,Panther_lodging_Marisol,181.7351,29.4,4.0,23.3,1016.8,0.0,10,5,9,267,18667.3,2007.0,Hot-Humid
2016-09-23 11:00:00,Panther_lodging_Marisol,173.3334,30.6,4.0,23.3,1016.4,0.0,11,5,9,267,18667.3,2007.0,Hot-Humid
2016-09-23 12:00:00,Panther_lodging_Marisol,185.5858,32.2,4.0,22.8,1016.2,2.1,12,5,9,267,18667.3,2007.0,Hot-Humid
2016-09-23 13:00:00,Panther_lodging_Marisol,181.335,32.2,4.0,22.2,1015.4,2.6,13,5,9,267,18667.3,2007.0,Hot-Humid
2016-09-23 14:00:00,Panther_lodging_Marisol,186.8861,32.8,4.0,21.7,1014.5,2.1,14,5,9,267,18667.3,2007.0,Hot-Humid
2016-09-23 15:00:00,Panther_lodging_Marisol,180.1348,33.3,4.0,21.1,1013.9,2.1,15,5,9,267,18667.3,2007.0,Hot-Humid
2016-09-23 16:00:00,Panther_lodging_Marisol,199.0384,32.2,4.0,21.1,1013.9,3.6,16,5,9,267,18667.3,2007.0,Hot-Humid
2016-09-23 17:00:00,Panther_lodging_Marisol,193.3873,31.1,4.0,23.9,1014.3,5.1,17,5,9,267,18667.3,2007.0,Hot-Humid
2016-09-23 18:00:00,Panther_lodging_Marisol,180.6349,29.4,4.0,23.3,1014.9,6.2,18,5,9,267,18667.3,2007.0,Hot-Humid
2016-09-23 19:00:00,Panther_lodging_Marisol,186.386,27.8,4.0,23.9,1015.4,3.6,19,5,9,267,18667.3,2007.0,Hot-Humid
2016-09-23 20:00:00,Panther_lodging_Marisol,192.1871,27.8,4.0,23.3,1016.0,4.1,20,5,9,267,18667.3,2007.0,Hot-Humid
2016-09-23 21:00:00,Panther_lodging_Marisol,190.4367,27.2,4.0,23.9,1016.2,3.1,21,5,9,267,18667.3,2007.0,Hot-Humid
2016-09-23 22:00:00,Panther_lodging_Marisol,186.586,26.7,5.0,23.9,1016.6,2.1,22,5,9,267,18667.3,2007.0,Hot-Humid
2016-09-23 23:00:00,Panther_lodging_Marisol,186.486,26.1,6.0,23.9,1016.5,2.1,23,5,9,267,18667.3,2007.0,Hot-Humid
2016-09-24 00:00:00,Panther_lodging_Marisol,174.9338,26.1,7.0,24.4,1016.3,1.5,0,6,9,268,18667.3,2007.0,Hot-Humid
2016-09-24 01:00:00,Panther_lodging_Marisol,171.233,25.6,8.0,23.9,1016.2,1.5,1,6,9,268,18667.3,2007.0,Hot-Humid
2016-09-24 02:00:00,Panther_lodging_Marisol,167.8324,25.0,7.2,23.3,1016.0,0.0,2,6,9,268,18667.3,2007.0,Hot-Humid
2016-09-24 03:00:00,Panther_lodging_Marisol,158.5306,25.6,6.4,23.3,1015.9,0.0,3,6,9,268,18667.3,2007.0,Hot-Humid
2016-09-24 04:00:00,Panther_lodging_Marisol,152.9795,24.4,5.6,22.8,1015.8,0.0,4,6,9,268,18667.3,2007.0,Hot-Humid
2016-09-24 05:00:00,Panther_lodging_Marisol,150.7291,24.4,5.6,22.2,1016.1,0.0,5,6,9,268,18667.3,2007.0,Hot-Humid
2016-09-24 06:00:00,Panther_lodging_Marisol,156.9303,23.9,4.0,21.7,1016.6,0.0,6,6,9,268,18667.3,2007.0,Hot-Humid
2016-09-24 07:00:00,Panther_lodging_Marisol,152.1293,24.4,4.0,21.7,1017.2,0.0,7,6,9,268,18667.3,2007.0,Hot-Humid
2016-09-24 08:00:00,Panther_lodging_Marisol,163.2315,27.2,4.0,23.3,1017.7,0.0,8,6,9,268,18667.3,2007.0,Hot-Humid
2016-09-24 09:00:00,Panther_lodging_Marisol,158.0805,28.9,4.0,22.2,1017.9,1.5,9,6,9,268,18667.3,2007.0,Hot-Humid
2016-09-24 10:00:00,Panther_lodging_Marisol,166.2321,30.0,4.0,21.1,1017.7,2.1,10,6,9,268,18667.3,2007.0,Hot-Humid
2016-09-24 11:00:00,Panther_lodging_Marisol,178.7845,31.7,4.0,22.2,1017.4,0.0,11,6,9,268,18667.3,2007.0,Hot-Humid
2016-09-24 12:00:00,Panther_lodging_Marisol,171.9332,32.2,5.0,21.7,1017.2,0.0,12,6,9,268,18667.3,2007.0,Hot-Humid
2016-09-24 13:00:00,Panther_lodging_Marisol,180.2848,32.8,6.0,21.7,1016.4,1.5,13,6,9,268,18667.3,2007.0,Hot-Humid
2016-09-24 14:00:00,Panther_lodging_Marisol,187.8863,33.3,5.5,20.6,1015.1,4.1,14,6,9,268,18667.3,2007.0,Hot-Humid
2016-09-24 15:00:00,Panther_lodging_Marisol,182.5852,33.3,5.0,20.6,1014.9,2.6,15,6,9,268,18667.3,2007.0,Hot-Humid
2016-09-24 16:00:00,Panther_lodging_Marisol,178.8845,29.4,4.5,22.8,1015.7,7.2,16,6,9,268,18667.3,2007.0,Hot-Humid
2016-09-24 17:00:00,Panther_lodging_Marisol,180.1848,29.4,4.0,22.8,1015.4,7.2,17,6,9,268,18667.3,2007.0,Hot-Humid
2016-09-24 18:00:00,Panther_lodging_Marisol,174.9338,28.3,5.0,22.8,1015.4,4.1,18,6,9,268,18667.3,2007.0,Hot-Humid
2016-09-24 19:00:00,Panther_lodging_Marisol,176.9841,27.2,6.0,22.8,1016.2,3.6,19,6,9,268,18667.3,2007.0,Hot-Humid
2016-09-24 20:00:00,Panther_lodging_Marisol,177.8843,26.7,6.0,23.3,1017.0,2.1,20,6,9,268,18667.3,2007.0,Hot-Humid
2016-09-24 21:00:00,Panther_lodging_Marisol,179.5346,26.7,6.0,23.3,1016.8,2.1,21,6,9,268,18667.3,2007.0,Hot-Humid
2016-09-24 22:00:00,Panther_lodging_Marisol,181.7851,26.7,6.0,23.3,1017.0,0.0,22,6,9,268,18667.3,2007.0,Hot-Humid
2016-09-24 23:00:00,Panther_lodging_Marisol,178.9845,25.6,6.0,23.3,1016.7,0.0,23,6,9,268,18667.3,2007.0,Hot-Humid
2016-09-25 00:00:00,Panther_lodging_Marisol,176.8341,25.0,6.0,22.8,1016.2,1.5,0,7,9,269,18667.3,2007.0,Hot-Humid
2016-09-25 01:00:00,Panther_lodging_Marisol,154.7799,24.4,6.0,22.8,1016.1,0.0,1,7,9,269,18667.3,2007.0,Hot-Humid
2016-09-25 02:00:00,Panther_lodging_Marisol,159.3807,25.0,4.0,22.8,1015.8,0.0,2,7,9,269,18667.3,2007.0,Hot-Humid
2016-09-25 03:00:00,Panther_lodging_Marisol,169.6327,25.0,4.0,22.8,1015.9,0.0,3,7,9,269,18667.3,2007.0,Hot-Humid
2016-09-25 04:00:00,Panther_lodging_Marisol,154.7299,24.4,2.0,22.8,1016.3,0.0,4,7,9,269,18667.3,2007.0,Hot-Humid
2016-09-25 05:00:00,Panther_lodging_Marisol,149.8789,23.9,2.0,22.8,1016.4,0.0,5,7,9,269,18667.3,2007.0,Hot-Humid
2016-09-25 06:00:00,Panther_lodging_Marisol,146.7783,24.4,4.0,22.8,1016.8,0.0,6,7,9,269,18667.3,2007.0,Hot-Humid
2016-09-25 07:00:00,Panther_lodging_Marisol,150.329,25.0,4.0,23.3,1016.7,0.0,7,7,9,269,18667.3,2007.0,Hot-Humid
2016-09-25 08:00:00,Panther_lodging_Marisol,150.47899999999996,27.2,2.0,24.4,1017.0,1.5,8,7,9,269,18667.3,2007.0,Hot-Humid
2016-09-25 09:00:00,Panther_lodging_Marisol,162.4813,28.3,2.0,22.8,1017.2,0.0,9,7,9,269,18667.3,2007.0,Hot-Humid
2016-09-25 10:00:00,Panther_lodging_Marisol,169.9328,30.6,2.0,21.7,1017.6,0.0,10,7,9,269,18667.3,2007.0,Hot-Humid
2016-09-25 11:00:00,Panther_lodging_Marisol,169.4327,31.1,4.0,21.7,1017.3,2.6,11,7,9,269,18667.3,2007.0,Hot-Humid
2016-09-25 12:00:00,Panther_lodging_Marisol,186.9361,32.2,5.0,21.1,1016.8,2.1,12,7,9,269,18667.3,2007.0,Hot-Humid
2016-09-25 13:00:00,Panther_lodging_Marisol,188.9365,32.2,6.0,21.1,1016.1,0.0,13,7,9,269,18667.3,2007.0,Hot-Humid
2016-09-25 14:00:00,Panther_lodging_Marisol,194.4875,33.3,6.0,22.2,1014.8,4.6,14,7,9,269,18667.3,2007.0,Hot-Humid
2016-09-25 15:00:00,Panther_lodging_Marisol,190.6868,31.7,6.0,22.8,1014.6,6.2,15,7,9,269,18667.3,2007.0,Hot-Humid
2016-09-25 16:00:00,Panther_lodging_Marisol,197.2381,28.3,6.0,23.9,1015.0,4.6,16,7,9,269,18667.3,2007.0,Hot-Humid
2016-09-25 17:00:00,Panther_lodging_Marisol,197.6381,28.3,6.0,23.3,1014.7,3.6,17,7,9,269,18667.3,2007.0,Hot-Humid
2016-09-25 18:00:00,Panther_lodging_Marisol,201.5889,28.3,6.0,23.3,1015.2,3.1,18,7,9,269,18667.3,2007.0,Hot-Humid
2016-09-25 19:00:00,Panther_lodging_Marisol,195.0876,26.7,6.0,23.3,1015.2,3.6,19,7,9,269,18667.3,2007.0,Hot-Humid
2016-09-25 20:00:00,Panther_lodging_Marisol,219.5924,26.1,2.0,23.3,1015.6,3.1,20,7,9,269,18667.3,2007.0,Hot-Humid
2016-09-25 21:00:00,Panther_lodging_Marisol,214.2413,26.7,2.8,22.8,1017.1,2.1,21,7,9,269,18667.3,2007.0,Hot-Humid
2016-09-25 22:00:00,Panther_lodging_Marisol,207.49,26.1,3.6,22.8,1016.6,2.6,22,7,9,269,18667.3,2007.0,Hot-Humid
2016-09-25 23:00:00,Panther_lodging_Marisol,190.8368,25.0,4.4,22.8,1016.3,2.1,23,7,9,269,18667.3,2007.0,Hot-Humid
2016-09-26 00:00:00,Panther_lodging_Marisol,180.3848,24.4,4.4,23.3,1016.4,0.0,0,1,9,270,18667.3,2007.0,Hot-Humid
2016-09-26 01:00:00,Panther_lodging_Marisol,165.2819,25.6,6.0,23.3,1015.7,0.0,1,1,9,270,18667.3,2007.0,Hot-Humid
2016-09-26 02:00:00,Panther_lodging_Marisol,159.2307,25.6,5.0,23.3,1015.8,0.0,2,1,9,270,18667.3,2007.0,Hot-Humid
2016-09-26 03:00:00,Panther_lodging_Marisol,154.5298,23.3,4.0,22.2,1014.6,2.1,3,1,9,270,18667.3,2007.0,Hot-Humid
2016-09-26 04:00:00,Panther_lodging_Marisol,149.7289,24.4,4.0,22.8,1014.7,0.0,4,1,9,270,18667.3,2007.0,Hot-Humid
2016-09-26 05:00:00,Panther_lodging_Marisol,160.681,23.3,4.0,22.2,1014.9,2.1,5,1,9,270,18667.3,2007.0,Hot-Humid
2016-09-26 06:00:00,Panther_lodging_Marisol,160.83100000000005,24.4,4.0,22.2,1015.4,0.0,6,1,9,270,18667.3,2007.0,Hot-Humid
2016-09-26 07:00:00,Panther_lodging_Marisol,164.0817,24.4,6.0,22.8,1015.9,0.0,7,1,9,270,18667.3,2007.0,Hot-Humid
2016-09-26 08:00:00,Panther_lodging_Marisol,164.1817,26.7,5.0,23.3,1016.1,0.0,8,1,9,270,18667.3,2007.0,Hot-Humid
2016-09-26 09:00:00,Panther_lodging_Marisol,172.0832,27.2,4.0,23.3,1016.3,2.1,9,1,9,270,18667.3,2007.0,Hot-Humid
2016-09-26 10:00:00,Panther_lodging_Marisol,173.8836,28.9,4.0,22.2,1016.4,0.0,10,1,9,270,18667.3,2007.0,Hot-Humid
2016-09-26 11:00:00,Panther_lodging_Marisol,176.8841,30.0,4.0,21.7,1016.0,2.1,11,1,9,270,18667.3,2007.0,Hot-Humid
2016-09-26 12:00:00,Panther_lodging_Marisol,199.9386,30.0,5.0,21.7,1015.4,1.5,12,1,9,270,18667.3,2007.0,Hot-Humid
2016-09-26 13:00:00,Panther_lodging_Marisol,186.786,25.6,6.0,22.8,1014.9,6.7,13,1,9,270,18667.3,2007.0,Hot-Humid
2016-09-26 14:00:00,Panther_lodging_Marisol,186.636,23.3,6.333333333333333,21.1,1014.7,3.1,14,1,9,270,18667.3,2007.0,Hot-Humid
2016-09-26 15:00:00,Panther_lodging_Marisol,196.3379,23.3,6.666666666666667,21.1,1013.8,3.1,15,1,9,270,18667.3,2007.0,Hot-Humid
2016-09-26 16:00:00,Panther_lodging_Marisol,198.2383,23.3,7.0,20.6,1014.0,3.1,16,1,9,270,18667.3,2007.0,Hot-Humid
2016-09-26 17:00:00,Panther_lodging_Marisol,199.0884,23.3,7.0,21.1,1013.9,0.0,17,1,9,270,18667.3,2007.0,Hot-Humid
2016-09-26 18:00:00,Panther_lodging_Marisol,204.7395,23.3,7.0,21.7,1013.5,3.1,18,1,9,270,18667.3,2007.0,Hot-Humid
2016-09-26 19:00:00,Panther_lodging_Marisol,221.0426,23.3,8.0,22.2,1014.3,1.5,19,1,9,270,18667.3,2007.0,Hot-Humid
2016-09-26 20:00:00,Panther_lodging_Marisol,211.6408,23.3,7.666666666666667,21.7,1014.6,2.1,20,1,9,270,18667.3,2007.0,Hot-Humid
2016-09-26 21:00:00,Panther_lodging_Marisol,212.441,23.9,7.333333333333333,21.7,1015.4,0.0,21,1,9,270,18667.3,2007.0,Hot-Humid
2016-09-26 22:00:00,Panther_lodging_Marisol,208.0401,23.3,7.0,21.7,1015.3,2.6,22,1,9,270,18667.3,2007.0,Hot-Humid
2016-09-26 23:00:00,Panther_lodging_Marisol,205.6397,23.3,7.0,21.7,1015.0,0.0,23,1,9,270,18667.3,2007.0,Hot-Humid
2016-09-27 00:00:00,Panther_lodging_Marisol,187.8362,22.8,7.0,21.7,1014.6,0.0,0,2,9,271,18667.3,2007.0,Hot-Humid
2016-09-27 01:00:00,Panther_lodging_Marisol,167.1823,22.8,6.0,21.7,1014.2,0.0,1,2,9,271,18667.3,2007.0,Hot-Humid
2016-09-27 02:00:00,Panther_lodging_Marisol,164.7318,22.2,5.0,21.1,1013.8,0.0,2,2,9,271,18667.3,2007.0,Hot-Humid
2016-09-27 03:00:00,Panther_lodging_Marisol,164.3317,21.7,4.0,21.1,1013.3,0.0,3,2,9,271,18667.3,2007.0,Hot-Humid
2016-09-27 04:00:00,Panther_lodging_Marisol,153.7797,22.2,4.0,21.1,1012.9,0.0,4,2,9,271,18667.3,2007.0,Hot-Humid
2016-09-27 05:00:00,Panther_lodging_Marisol,157.5804,21.7,4.0,21.1,1012.7,0.0,5,2,9,271,18667.3,2007.0,Hot-Humid
2016-09-27 06:00:00,Panther_lodging_Marisol,163.3315,21.1,4.0,20.0,1013.5,2.6,6,2,9,271,18667.3,2007.0,Hot-Humid
2016-09-27 07:00:00,Panther_lodging_Marisol,170.2829,22.2,2.0,21.1,1014.2,1.5,7,2,9,271,18667.3,2007.0,Hot-Humid
2016-09-27 08:00:00,Panther_lodging_Marisol,161.1311,24.4,2.0,21.7,1014.2,1.5,8,2,9,271,18667.3,2007.0,Hot-Humid
2016-09-27 09:00:00,Panther_lodging_Marisol,175.2838,26.7,2.0,22.2,1014.2,2.1,9,2,9,271,18667.3,2007.0,Hot-Humid
2016-09-27 10:00:00,Panther_lodging_Marisol,180.7849,28.3,4.0,22.8,1014.5,3.1,10,2,9,271,18667.3,2007.0,Hot-Humid
2016-09-27 11:00:00,Panther_lodging_Marisol,186.3359,29.4,2.0,21.7,1014.3,3.1,11,2,9,271,18667.3,2007.0,Hot-Humid
2016-09-27 12:00:00,Panther_lodging_Marisol,192.9372,30.6,4.0,21.7,1013.8,1.5,12,2,9,271,18667.3,2007.0,Hot-Humid
2016-09-27 13:00:00,Panther_lodging_Marisol,195.2877,31.7,6.0,21.7,1013.0,4.1,13,2,9,271,18667.3,2007.0,Hot-Humid
2016-09-27 14:00:00,Panther_lodging_Marisol,184.6356,31.1,4.0,20.6,1012.2,2.1,14,2,9,271,18667.3,2007.0,Hot-Humid
2016-09-27 15:00:00,Panther_lodging_Marisol,195.7378,27.2,4.4,20.0,1012.8,2.1,15,2,9,271,18667.3,2007.0,Hot-Humid
2016-09-27 16:00:00,Panther_lodging_Marisol,197.8882,26.7,4.8,22.2,1012.3,0.0,16,2,9,271,18667.3,2007.0,Hot-Humid
2016-09-27 17:00:00,Panther_lodging_Marisol,192.3371,27.2,5.2,20.6,1011.9,2.6,17,2,9,271,18667.3,2007.0,Hot-Humid
2016-09-27 18:00:00,Panther_lodging_Marisol,202.239,26.7,5.2,21.7,1012.6,3.1,18,2,9,271,18667.3,2007.0,Hot-Humid
2016-09-27 19:00:00,Panther_lodging_Marisol,198.2383,26.1,6.0,21.1,1013.5,6.2,19,2,9,271,18667.3,2007.0,Hot-Humid
2016-09-27 20:00:00,Panther_lodging_Marisol,213.9913,23.9,2.0,21.1,1013.9,5.1,20,2,9,271,18667.3,2007.0,Hot-Humid
2016-09-27 21:00:00,Panther_lodging_Marisol,215.1415,23.3,2.0,21.1,1014.0,3.6,21,2,9,271,18667.3,2007.0,Hot-Humid
2016-09-27 22:00:00,Panther_lodging_Marisol,201.6389,22.8,2.0,21.1,1014.7,1.5,22,2,9,271,18667.3,2007.0,Hot-Humid
2016-09-27 23:00:00,Panther_lodging_Marisol,199.1884,22.8,2.0,21.1,1015.1,0.0,23,2,9,271,18667.3,2007.0,Hot-Humid
2016-09-28 00:00:00,Panther_lodging_Marisol,179.8847,22.8,2.0,21.1,1015.0,0.0,0,3,9,272,18667.3,2007.0,Hot-Humid
2016-09-28 01:00:00,Panther_lodging_Marisol,161.6312,23.3,0.0,21.1,1014.5,2.1,1,3,9,272,18667.3,2007.0,Hot-Humid
2016-09-28 02:00:00,Panther_lodging_Marisol,159.3307,22.8,0.0,21.1,1014.4,3.1,2,3,9,272,18667.3,2007.0,Hot-Humid
2016-09-28 03:00:00,Panther_lodging_Marisol,156.4302,22.2,0.0,20.6,1014.1,2.1,3,3,9,272,18667.3,2007.0,Hot-Humid
2016-09-28 04:00:00,Panther_lodging_Marisol,150.47899999999996,21.7,0.0,20.6,1014.3,1.5,4,3,9,272,18667.3,2007.0,Hot-Humid
2016-09-28 05:00:00,Panther_lodging_Marisol,151.0792,21.7,0.0,21.1,1014.5,1.5,5,3,9,272,18667.3,2007.0,Hot-Humid
2016-09-28 06:00:00,Panther_lodging_Marisol,163.0815,21.7,4.0,21.1,1015.1,1.5,6,3,9,272,18667.3,2007.0,Hot-Humid
2016-09-28 07:00:00,Panther_lodging_Marisol,172.1832,22.2,2.0,21.7,1015.4,1.5,7,3,9,272,18667.3,2007.0,Hot-Humid
2016-09-28 08:00:00,Panther_lodging_Marisol,176.134,25.0,2.0,22.8,1015.6,2.1,8,3,9,272,18667.3,2007.0,Hot-Humid
2016-09-28 09:00:00,Panther_lodging_Marisol,173.1834,27.8,2.0,22.2,1016.1,2.6,9,3,9,272,18667.3,2007.0,Hot-Humid
2016-09-28 10:00:00,Panther_lodging_Marisol,169.9328,28.9,4.0,21.7,1016.3,2.1,10,3,9,272,18667.3,2007.0,Hot-Humid
2016-09-28 11:00:00,Panther_lodging_Marisol,180.0847,29.4,4.0,21.1,1016.3,2.1,11,3,9,272,18667.3,2007.0,Hot-Humid
2016-09-28 12:00:00,Panther_lodging_Marisol,187.9863,31.1,5.0,21.1,1015.7,3.6,12,3,9,272,18667.3,2007.0,Hot-Humid
2016-09-28 13:00:00,Panther_lodging_Marisol,183.2354,31.1,6.0,21.7,1015.2,2.6,13,3,9,272,18667.3,2007.0,Hot-Humid
2016-09-28 14:00:00,Panther_lodging_Marisol,182.7853,32.2,6.333333333333333,20.0,1014.6,2.6,14,3,9,272,18667.3,2007.0,Hot-Humid
2016-09-28 15:00:00,Panther_lodging_Marisol,192.9873,29.4,6.666666666666667,21.7,1014.4,6.7,15,3,9,272,18667.3,2007.0,Hot-Humid
2016-09-28 16:00:00,Panther_lodging_Marisol,196.888,29.4,7.0,21.1,1014.4,3.1,16,3,9,272,18667.3,2007.0,Hot-Humid
2016-09-28 17:00:00,Panther_lodging_Marisol,204.3894,29.4,7.0,20.6,1014.8,2.1,17,3,9,272,18667.3,2007.0,Hot-Humid
2016-09-28 18:00:00,Panther_lodging_Marisol,196.838,28.9,7.0,20.6,1015.0,2.6,18,3,9,272,18667.3,2007.0,Hot-Humid
2016-09-28 19:00:00,Panther_lodging_Marisol,207.34,25.6,8.0,21.7,1015.8,4.1,19,3,9,272,18667.3,2007.0,Hot-Humid
2016-09-28 20:00:00,Panther_lodging_Marisol,217.3919,23.9,8.0,21.7,1017.1,1.5,20,3,9,272,18667.3,2007.0,Hot-Humid
2016-09-28 21:00:00,Panther_lodging_Marisol,218.1421,23.9,8.0,22.2,1017.2,1.5,21,3,9,272,18667.3,2007.0,Hot-Humid
2016-09-28 22:00:00,Panther_lodging_Marisol,212.241,23.9,8.0,22.8,1017.1,2.1,22,3,9,272,18667.3,2007.0,Hot-Humid
2016-09-28 23:00:00,Panther_lodging_Marisol,195.2877,23.9,8.0,22.8,1017.5,1.5,23,3,9,272,18667.3,2007.0,Hot-Humid
2016-09-29 00:00:00,Panther_lodging_Marisol,178.3344,23.3,8.0,22.2,1017.0,2.6,0,4,9,273,18667.3,2007.0,Hot-Humid
2016-09-29 01:00:00,Panther_lodging_Marisol,170.0328,23.3,8.0,22.8,1016.6,2.6,1,4,9,273,18667.3,2007.0,Hot-Humid
2016-09-29 02:00:00,Panther_lodging_Marisol,164.3817,23.3,6.0,22.8,1016.2,2.1,2,4,9,273,18667.3,2007.0,Hot-Humid
2016-09-29 03:00:00,Panther_lodging_Marisol,156.0801,22.8,4.0,21.7,1015.7,1.5,3,4,9,273,18667.3,2007.0,Hot-Humid
2016-09-29 04:00:00,Panther_lodging_Marisol,152.9295,22.2,2.0,21.1,1015.8,2.1,4,4,9,273,18667.3,2007.0,Hot-Humid
2016-09-29 05:00:00,Panther_lodging_Marisol,153.4296,22.2,2.0,21.7,1015.9,1.5,5,4,9,273,18667.3,2007.0,Hot-Humid
2016-09-29 06:00:00,Panther_lodging_Marisol,158.7306,22.8,2.0,21.7,1016.3,0.0,6,4,9,273,18667.3,2007.0,Hot-Humid
2016-09-29 07:00:00,Panther_lodging_Marisol,170.6829,22.8,2.0,21.7,1016.5,0.0,7,4,9,273,18667.3,2007.0,Hot-Humid
2016-09-29 08:00:00,Panther_lodging_Marisol,167.5823,25.0,4.0,22.2,1017.0,3.1,8,4,9,273,18667.3,2007.0,Hot-Humid
2016-09-29 09:00:00,Panther_lodging_Marisol,173.9836,27.2,4.0,22.2,1017.1,4.1,9,4,9,273,18667.3,2007.0,Hot-Humid
2016-09-29 10:00:00,Panther_lodging_Marisol,178.8345,28.9,2.0,22.2,1017.4,4.1,10,4,9,273,18667.3,2007.0,Hot-Humid
2016-09-29 11:00:00,Panther_lodging_Marisol,185.8859,30.0,4.0,22.2,1017.3,4.6,11,4,9,273,18667.3,2007.0,Hot-Humid
2016-09-29 12:00:00,Panther_lodging_Marisol,197.088,31.1,4.0,22.2,1016.8,5.7,12,4,9,273,18667.3,2007.0,Hot-Humid
2016-09-29 13:00:00,Panther_lodging_Marisol,193.6374,28.9,6.0,21.7,1017.0,9.3,13,4,9,273,18667.3,2007.0,Hot-Humid
2016-09-29 14:00:00,Panther_lodging_Marisol,187.5862,26.1,6.0,22.8,1017.2,3.6,14,4,9,273,18667.3,2007.0,Hot-Humid
2016-09-29 15:00:00,Panther_lodging_Marisol,193.9374,29.4,6.0,22.8,1015.1,4.1,15,4,9,273,18667.3,2007.0,Hot-Humid
2016-09-29 16:00:00,Panther_lodging_Marisol,195.8378,30.0,6.0,22.2,1015.6,4.6,16,4,9,273,18667.3,2007.0,Hot-Humid
2016-09-29 17:00:00,Panther_lodging_Marisol,197.3381,27.8,6.0,22.2,1015.8,3.1,17,4,9,273,18667.3,2007.0,Hot-Humid
2016-09-29 18:00:00,Panther_lodging_Marisol,204.8395,27.2,6.0,22.2,1016.2,3.6,18,4,9,273,18667.3,2007.0,Hot-Humid
2016-09-29 19:00:00,Panther_lodging_Marisol,198.1882,25.6,6.0,20.6,1016.9,4.6,19,4,9,273,18667.3,2007.0,Hot-Humid
2016-09-29 20:00:00,Panther_lodging_Marisol,212.291,24.4,5.6,20.6,1017.1,2.1,20,4,9,273,18667.3,2007.0,Hot-Humid
2016-09-29 21:00:00,Panther_lodging_Marisol,214.9415,24.4,5.2,21.1,1017.4,2.6,21,4,9,273,18667.3,2007.0,Hot-Humid
2016-09-29 22:00:00,Panther_lodging_Marisol,213.2912,23.9,4.8,21.7,1017.8,2.6,22,4,9,273,18667.3,2007.0,Hot-Humid
2016-09-29 23:00:00,Panther_lodging_Marisol,191.787,23.9,4.8,21.7,1018.0,1.5,23,4,9,273,18667.3,2007.0,Hot-Humid
2016-09-30 00:00:00,Panther_lodging_Marisol,182.7353,23.3,4.0,21.7,1017.3,1.5,0,5,9,274,18667.3,2007.0,Hot-Humid
2016-09-30 01:00:00,Panther_lodging_Marisol,168.9326,23.3,2.0,21.7,1016.6,2.6,1,5,9,274,18667.3,2007.0,Hot-Humid
2016-09-30 02:00:00,Panther_lodging_Marisol,161.1811,23.3,4.0,21.7,1016.0,2.1,2,5,9,274,18667.3,2007.0,Hot-Humid
2016-09-30 03:00:00,Panther_lodging_Marisol,158.9307,22.8,2.0,21.7,1015.4,1.5,3,5,9,274,18667.3,2007.0,Hot-Humid
2016-09-30 04:00:00,Panther_lodging_Marisol,157.0803,22.2,2.0,21.1,1015.4,2.1,4,5,9,274,18667.3,2007.0,Hot-Humid
2016-09-30 05:00:00,Panther_lodging_Marisol,150.129,22.2,4.0,21.7,1015.7,1.5,5,5,9,274,18667.3,2007.0,Hot-Humid
2016-09-30 06:00:00,Panther_lodging_Marisol,147.1284,22.8,2.0,21.7,1016.3,1.5,6,5,9,274,18667.3,2007.0,Hot-Humid
2016-09-30 07:00:00,Panther_lodging_Marisol,167.8824,23.3,2.0,22.2,1016.4,0.0,7,5,9,274,18667.3,2007.0,Hot-Humid
2016-09-30 08:00:00,Panther_lodging_Marisol,171.8832,25.6,2.0,23.3,1016.7,2.6,8,5,9,274,18667.3,2007.0,Hot-Humid
2016-09-30 09:00:00,Panther_lodging_Marisol,165.4819,27.8,4.0,23.3,1017.6,3.6,9,5,9,274,18667.3,2007.0,Hot-Humid
2016-09-30 10:00:00,Panther_lodging_Marisol,177.7343,28.3,4.0,22.8,1017.7,3.1,10,5,9,274,18667.3,2007.0,Hot-Humid
2016-09-30 11:00:00,Panther_lodging_Marisol,178.7845,28.9,4.0,22.2,1017.3,3.6,11,5,9,274,18667.3,2007.0,Hot-Humid
2016-09-30 12:00:00,Panther_lodging_Marisol,190.2867,31.1,5.0,22.8,1016.9,5.7,12,5,9,274,18667.3,2007.0,Hot-Humid
2016-09-30 13:00:00,Panther_lodging_Marisol,192.0371,31.1,6.0,21.7,1016.1,2.6,13,5,9,274,18667.3,2007.0,Hot-Humid
2016-09-30 14:00:00,Panther_lodging_Marisol,188.7364,31.7,6.0,21.7,1014.9,3.6,14,5,9,274,18667.3,2007.0,Hot-Humid
2016-09-30 15:00:00,Panther_lodging_Marisol,186.1859,32.2,6.0,22.2,1014.3,4.6,15,5,9,274,18667.3,2007.0,Hot-Humid
2016-09-30 16:00:00,Panther_lodging_Marisol,182.3852,31.1,6.0,21.7,1013.7,2.6,16,5,9,274,18667.3,2007.0,Hot-Humid
2016-09-30 17:00:00,Panther_lodging_Marisol,187.5862,23.0,6.0,22.0,1015.4,4.6,17,5,9,274,18667.3,2007.0,Hot-Humid
2016-09-30 18:00:00,Panther_lodging_Marisol,189.8867,23.9,6.0,20.6,1014.8,0.0,18,5,9,274,18667.3,2007.0,Hot-Humid
2016-09-30 19:00:00,Panther_lodging_Marisol,200.4887,25.0,6.0,22.2,1015.4,1.5,19,5,9,274,18667.3,2007.0,Hot-Humid
2016-09-30 20:00:00,Panther_lodging_Marisol,195.5877,24.0,5.6,22.0,1016.6,3.1,20,5,9,274,18667.3,2007.0,Hot-Humid
2016-09-30 21:00:00,Panther_lodging_Marisol,201.1888,23.0,5.2,21.0,1017.5,4.6,21,5,9,274,18667.3,2007.0,Hot-Humid
2016-09-30 22:00:00,Panther_lodging_Marisol,194.7376,23.3,4.8,21.7,1017.8,3.6,22,5,9,274,18667.3,2007.0,Hot-Humid
2016-09-30 23:00:00,Panther_lodging_Marisol,189.7866,22.8,4.8,21.7,1016.7,2.6,23,5,9,274,18667.3,2007.0,Hot-Humid
2016-10-01 00:00:00,Panther_lodging_Marisol,178.9845,23.3,4.0,22.2,1016.4,2.1,0,6,10,275,18667.3,2007.0,Hot-Humid
2016-10-01 01:00:00,Panther_lodging_Marisol,165.732,23.3,4.0,22.2,1016.2,3.6,1,6,10,275,18667.3,2007.0,Hot-Humid
2016-10-01 02:00:00,Panther_lodging_Marisol,158.5306,23.3,2.0,21.7,1015.9,2.1,2,6,10,275,18667.3,2007.0,Hot-Humid
2016-10-01 03:00:00,Panther_lodging_Marisol,155.1299,23.3,2.0,21.7,1015.8,0.0,3,6,10,275,18667.3,2007.0,Hot-Humid
2016-10-01 04:00:00,Panther_lodging_Marisol,149.1288,22.8,2.0,21.7,1016.3,2.6,4,6,10,275,18667.3,2007.0,Hot-Humid
2016-10-01 05:00:00,Panther_lodging_Marisol,151.6292,22.8,2.0,21.7,1016.2,0.0,5,6,10,275,18667.3,2007.0,Hot-Humid
2016-10-01 06:00:00,Panther_lodging_Marisol,151.0292,22.8,2.0,21.7,1016.7,1.5,6,6,10,275,18667.3,2007.0,Hot-Humid
2016-10-01 07:00:00,Panther_lodging_Marisol,155.8301,22.2,4.0,21.1,1017.3,2.1,7,6,10,275,18667.3,2007.0,Hot-Humid
2016-10-01 08:00:00,Panther_lodging_Marisol,158.9307,24.4,2.0,22.8,1017.6,1.5,8,6,10,275,18667.3,2007.0,Hot-Humid
2016-10-01 09:00:00,Panther_lodging_Marisol,160.3309,26.1,4.0,22.8,1017.9,0.0,9,6,10,275,18667.3,2007.0,Hot-Humid
2016-10-01 10:00:00,Panther_lodging_Marisol,175.7339,28.3,4.0,22.2,1017.6,2.6,10,6,10,275,18667.3,2007.0,Hot-Humid
2016-10-01 11:00:00,Panther_lodging_Marisol,185.8359,28.9,4.0,22.2,1017.4,1.5,11,6,10,275,18667.3,2007.0,Hot-Humid
2016-10-01 12:00:00,Panther_lodging_Marisol,184.1355,30.0,4.0,22.2,1017.3,4.1,12,6,10,275,18667.3,2007.0,Hot-Humid
2016-10-01 13:00:00,Panther_lodging_Marisol,179.5346,30.6,6.0,21.7,1016.2,2.1,13,6,10,275,18667.3,2007.0,Hot-Humid
2016-10-01 14:00:00,Panther_lodging_Marisol,188.7864,30.6,6.0,21.7,1015.4,1.5,14,6,10,275,18667.3,2007.0,Hot-Humid
2016-10-01 15:00:00,Panther_lodging_Marisol,178.8845,31.7,6.0,21.7,1014.8,3.1,15,6,10,275,18667.3,2007.0,Hot-Humid
2016-10-01 16:00:00,Panther_lodging_Marisol,180.2348,30.6,6.0,21.7,1014.2,3.1,16,6,10,275,18667.3,2007.0,Hot-Humid
2016-10-01 17:00:00,Panther_lodging_Marisol,179.4346,29.4,6.0,22.8,1014.2,5.1,17,6,10,275,18667.3,2007.0,Hot-Humid
2016-10-01 18:00:00,Panther_lodging_Marisol,181.0849,27.8,6.0,21.7,1014.5,4.6,18,6,10,275,18667.3,2007.0,Hot-Humid
2016-10-01 19:00:00,Panther_lodging_Marisol,179.3346,27.8,6.0,21.1,1016.0,4.1,19,6,10,275,18667.3,2007.0,Hot-Humid
2016-10-01 20:00:00,Panther_lodging_Marisol,181.185,24.4,6.333333333333333,20.0,1016.6,3.1,20,6,10,275,18667.3,2007.0,Hot-Humid
2016-10-01 21:00:00,Panther_lodging_Marisol,184.9357,23.9,6.666666666666667,21.1,1016.6,1.5,21,6,10,275,18667.3,2007.0,Hot-Humid
2016-10-01 22:00:00,Panther_lodging_Marisol,186.3359,23.9,7.0,20.6,1016.9,0.0,22,6,10,275,18667.3,2007.0,Hot-Humid
2016-10-01 23:00:00,Panther_lodging_Marisol,173.1334,23.9,7.0,21.1,1016.6,3.1,23,6,10,275,18667.3,2007.0,Hot-Humid
2016-10-02 00:00:00,Panther_lodging_Marisol,178.0844,23.9,7.0,21.1,1016.8,0.0,0,7,10,276,18667.3,2007.0,Hot-Humid
2016-10-02 01:00:00,Panther_lodging_Marisol,162.0813,23.3,8.0,21.1,1016.6,2.6,1,7,10,276,18667.3,2007.0,Hot-Humid
2016-10-02 02:00:00,Panther_lodging_Marisol,161.8813,23.9,7.666666666666667,21.7,1016.1,0.0,2,7,10,276,18667.3,2007.0,Hot-Humid
2016-10-02 03:00:00,Panther_lodging_Marisol,155.63,22.8,7.333333333333333,21.1,1015.4,0.0,3,7,10,276,18667.3,2007.0,Hot-Humid
2016-10-02 04:00:00,Panther_lodging_Marisol,157.3304,23.3,7.0,21.7,1015.2,0.0,4,7,10,276,18667.3,2007.0,Hot-Humid
2016-10-02 05:00:00,Panther_lodging_Marisol,148.1786,23.3,7.0,21.7,1015.4,1.5,5,7,10,276,18667.3,2007.0,Hot-Humid
2016-10-02 06:00:00,Panther_lodging_Marisol,151.6292,23.3,7.0,21.7,1015.7,2.1,6,7,10,276,18667.3,2007.0,Hot-Humid
2016-10-02 07:00:00,Panther_lodging_Marisol,147.5785,23.9,6.0,21.7,1015.8,2.1,7,7,10,276,18667.3,2007.0,Hot-Humid
2016-10-02 08:00:00,Panther_lodging_Marisol,162.8814,25.0,6.0,22.8,1016.0,3.1,8,7,10,276,18667.3,2007.0,Hot-Humid
2016-10-02 09:00:00,Panther_lodging_Marisol,154.7799,26.1,6.0,22.8,1016.3,2.1,9,7,10,276,18667.3,2007.0,Hot-Humid
2016-10-02 10:00:00,Panther_lodging_Marisol,152.2794,28.9,6.0,23.3,1016.3,2.6,10,7,10,276,18667.3,2007.0,Hot-Humid
2016-10-02 11:00:00,Panther_lodging_Marisol,169.3327,30.0,6.0,22.8,1016.3,4.6,11,7,10,276,18667.3,2007.0,Hot-Humid
2016-10-02 12:00:00,Panther_lodging_Marisol,178.5845,30.6,6.0,22.2,1015.7,2.6,12,7,10,276,18667.3,2007.0,Hot-Humid
2016-10-02 13:00:00,Panther_lodging_Marisol,177.9343,30.6,6.0,22.2,1014.9,4.6,13,7,10,276,18667.3,2007.0,Hot-Humid
2016-10-02 14:00:00,Panther_lodging_Marisol,182.4852,31.7,6.0,22.2,1014.3,5.1,14,7,10,276,18667.3,2007.0,Hot-Humid
2016-10-02 15:00:00,Panther_lodging_Marisol,198.9884,28.3,6.0,22.0,1014.5,7.2,15,7,10,276,18667.3,2007.0,Hot-Humid
2016-10-02 16:00:00,Panther_lodging_Marisol,187.9363,27.8,6.0,22.8,1014.1,4.6,16,7,10,276,18667.3,2007.0,Hot-Humid
2016-10-02 17:00:00,Panther_lodging_Marisol,184.2355,28.9,6.0,23.3,1013.2,6.2,17,7,10,276,18667.3,2007.0,Hot-Humid
2016-10-02 18:00:00,Panther_lodging_Marisol,187.7362,27.8,6.0,23.3,1014.3,4.6,18,7,10,276,18667.3,2007.0,Hot-Humid
2016-10-02 19:00:00,Panther_lodging_Marisol,190.0367,27.2,6.0,22.2,1014.9,2.1,19,7,10,276,18667.3,2007.0,Hot-Humid
2016-10-02 20:00:00,Panther_lodging_Marisol,211.8909,26.7,6.333333333333333,21.7,1015.2,2.1,20,7,10,276,18667.3,2007.0,Hot-Humid
2016-10-02 21:00:00,Panther_lodging_Marisol,204.7895,25.6,6.666666666666667,22.8,1015.7,2.1,21,7,10,276,18667.3,2007.0,Hot-Humid
2016-10-02 22:00:00,Panther_lodging_Marisol,205.7397,25.6,7.0,22.8,1015.3,1.5,22,7,10,276,18667.3,2007.0,Hot-Humid
2016-10-02 23:00:00,Panther_lodging_Marisol,187.8362,26.1,7.0,22.2,1014.2,2.1,23,7,10,276,18667.3,2007.0,Hot-Humid
2016-10-03 00:00:00,Panther_lodging_Marisol,171.8832,26.1,7.0,22.2,1013.7,2.1,0,1,10,277,18667.3,2007.0,Hot-Humid
2016-10-03 01:00:00,Panther_lodging_Marisol,155.7801,26.1,8.0,22.2,1013.6,2.1,1,1,10,277,18667.3,2007.0,Hot-Humid
2016-10-03 02:00:00,Panther_lodging_Marisol,150.7791,26.1,7.666666666666667,22.8,1013.2,2.1,2,1,10,277,18667.3,2007.0,Hot-Humid
2016-10-03 03:00:00,Panther_lodging_Marisol,151.2292,25.6,7.333333333333333,23.3,1012.6,2.1,3,1,10,277,18667.3,2007.0,Hot-Humid
2016-10-03 04:00:00,Panther_lodging_Marisol,147.8785,25.0,7.0,23.3,1012.4,2.1,4,1,10,277,18667.3,2007.0,Hot-Humid
2016-10-03 05:00:00,Panther_lodging_Marisol,144.2278,25.0,7.0,23.9,1012.4,2.6,5,1,10,277,18667.3,2007.0,Hot-Humid
2016-10-03 06:00:00,Panther_lodging_Marisol,144.8779,24.4,7.0,23.3,1013.1,4.6,6,1,10,277,18667.3,2007.0,Hot-Humid
2016-10-03 07:00:00,Panther_lodging_Marisol,158.2806,23.9,6.0,22.2,1013.1,3.1,7,1,10,277,18667.3,2007.0,Hot-Humid
2016-10-03 08:00:00,Panther_lodging_Marisol,158.0805,23.9,5.6,21.7,1013.3,4.1,8,1,10,277,18667.3,2007.0,Hot-Humid
2016-10-03 09:00:00,Panther_lodging_Marisol,157.1803,23.9,5.2,22.2,1013.9,3.6,9,1,10,277,18667.3,2007.0,Hot-Humid
2016-10-03 10:00:00,Panther_lodging_Marisol,163.6816,25.6,4.8,22.2,1014.1,5.7,10,1,10,277,18667.3,2007.0,Hot-Humid
2016-10-03 11:00:00,Panther_lodging_Marisol,175.3839,27.8,4.8,21.7,1013.2,5.1,11,1,10,277,18667.3,2007.0,Hot-Humid
2016-10-03 12:00:00,Panther_lodging_Marisol,191.787,29.4,4.0,21.1,1012.6,4.6,12,1,10,277,18667.3,2007.0,Hot-Humid
2016-10-03 13:00:00,Panther_lodging_Marisol,187.6862,30.6,6.0,21.7,1011.8,3.6,13,1,10,277,18667.3,2007.0,Hot-Humid
2016-10-03 14:00:00,Panther_lodging_Marisol,183.4854,30.6,6.333333333333333,21.7,1011.0,5.1,14,1,10,277,18667.3,2007.0,Hot-Humid
2016-10-03 15:00:00,Panther_lodging_Marisol,187.2861,29.4,6.666666666666667,21.7,1010.5,7.2,15,1,10,277,18667.3,2007.0,Hot-Humid
2016-10-03 16:00:00,Panther_lodging_Marisol,182.1352,28.3,7.0,21.1,1010.1,6.7,16,1,10,277,18667.3,2007.0,Hot-Humid
2016-10-03 17:00:00,Panther_lodging_Marisol,183.5354,27.2,7.0,20.6,1010.5,6.7,17,1,10,277,18667.3,2007.0,Hot-Humid
2016-10-03 18:00:00,Panther_lodging_Marisol,196.0378,26.7,7.0,21.1,1011.2,3.6,18,1,10,277,18667.3,2007.0,Hot-Humid
2016-10-03 19:00:00,Panther_lodging_Marisol,214.3414,26.1,8.0,21.1,1011.8,3.6,19,1,10,277,18667.3,2007.0,Hot-Humid
2016-10-03 20:00:00,Panther_lodging_Marisol,224.0432,25.0,8.0,21.7,1013.1,4.1,20,1,10,277,18667.3,2007.0,Hot-Humid
2016-10-03 21:00:00,Panther_lodging_Marisol,222.593,25.0,8.0,22.2,1013.2,1.5,21,1,10,277,18667.3,2007.0,Hot-Humid
2016-10-03 22:00:00,Panther_lodging_Marisol,201.1888,25.0,8.0,22.2,1012.5,1.5,22,1,10,277,18667.3,2007.0,Hot-Humid
2016-10-03 23:00:00,Panther_lodging_Marisol,190.7368,24.4,8.0,22.2,1011.5,4.6,23,1,10,277,18667.3,2007.0,Hot-Humid
2016-10-04 00:00:00,Panther_lodging_Marisol,171.9332,24.4,8.0,22.2,1011.1,2.6,0,2,10,278,18667.3,2007.0,Hot-Humid
2016-10-04 01:00:00,Panther_lodging_Marisol,157.5804,24.4,8.0,22.2,1011.4,2.6,1,2,10,278,18667.3,2007.0,Hot-Humid
2016-10-04 02:00:00,Panther_lodging_Marisol,160.3309,24.4,7.666666666666667,22.2,1011.2,2.1,2,2,10,278,18667.3,2007.0,Hot-Humid
2016-10-04 03:00:00,Panther_lodging_Marisol,151.8293,24.4,7.333333333333333,22.2,1010.7,0.0,3,2,10,278,18667.3,2007.0,Hot-Humid
2016-10-04 04:00:00,Panther_lodging_Marisol,143.0276,24.4,7.0,22.2,1010.4,2.6,4,2,10,278,18667.3,2007.0,Hot-Humid
2016-10-04 05:00:00,Panther_lodging_Marisol,145.8781,24.4,7.0,22.8,1010.8,1.5,5,2,10,278,18667.3,2007.0,Hot-Humid
2016-10-04 06:00:00,Panther_lodging_Marisol,154.0297,24.4,7.0,22.8,1011.4,2.1,6,2,10,278,18667.3,2007.0,Hot-Humid
2016-10-04 07:00:00,Panther_lodging_Marisol,165.1319,25.0,6.0,22.8,1011.4,2.6,7,2,10,278,18667.3,2007.0,Hot-Humid
2016-10-04 08:00:00,Panther_lodging_Marisol,141.9774,26.1,5.333333333333333,22.8,1011.5,3.1,8,2,10,278,18667.3,2007.0,Hot-Humid
2016-10-04 09:00:00,Panther_lodging_Marisol,156.6302,27.2,4.666666666666667,23.3,1011.9,3.6,9,2,10,278,18667.3,2007.0,Hot-Humid
2016-10-04 10:00:00,Panther_lodging_Marisol,165.1819,28.9,4.0,23.3,1012.2,4.1,10,2,10,278,18667.3,2007.0,Hot-Humid
2016-10-04 11:00:00,Panther_lodging_Marisol,170.88299999999995,30.0,4.0,22.8,1011.9,4.6,11,2,10,278,18667.3,2007.0,Hot-Humid
2016-10-04 12:00:00,Panther_lodging_Marisol,175.2838,30.6,6.0,22.8,1011.3,5.7,12,2,10,278,18667.3,2007.0,Hot-Humid
2016-10-04 13:00:00,Panther_lodging_Marisol,180.4848,25.6,8.0,23.9,1011.8,5.1,13,2,10,278,18667.3,2007.0,Hot-Humid
2016-10-04 14:00:00,Panther_lodging_Marisol,180.7349,25.6,7.333333333333333,23.3,1011.3,6.2,14,2,10,278,18667.3,2007.0,Hot-Humid
2016-10-04 15:00:00,Panther_lodging_Marisol,186.486,26.7,6.666666666666667,23.9,1010.9,4.1,15,2,10,278,18667.3,2007.0,Hot-Humid
2016-10-04 16:00:00,Panther_lodging_Marisol,185.1857,27.8,6.0,22.2,1010.6,7.7,16,2,10,278,18667.3,2007.0,Hot-Humid
2016-10-04 17:00:00,Panther_lodging_Marisol,194.0874,28.3,6.0,22.2,1010.2,7.2,17,2,10,278,18667.3,2007.0,Hot-Humid
2016-10-04 18:00:00,Panther_lodging_Marisol,199.1884,27.2,6.0,22.2,1011.3,4.1,18,2,10,278,18667.3,2007.0,Hot-Humid
2016-10-04 19:00:00,Panther_lodging_Marisol,205.5897,26.1,4.0,22.2,1011.5,4.6,19,2,10,278,18667.3,2007.0,Hot-Humid
2016-10-04 20:00:00,Panther_lodging_Marisol,212.341,25.6,2.0,22.8,1011.7,3.6,20,2,10,278,18667.3,2007.0,Hot-Humid
2016-10-04 21:00:00,Panther_lodging_Marisol,203.8393,25.0,2.0,22.8,1012.0,3.6,21,2,10,278,18667.3,2007.0,Hot-Humid
2016-10-04 22:00:00,Panther_lodging_Marisol,198.2383,24.4,2.0,22.8,1012.1,3.6,22,2,10,278,18667.3,2007.0,Hot-Humid
2016-10-04 23:00:00,Panther_lodging_Marisol,191.537,24.4,2.0,22.8,1012.2,2.6,23,2,10,278,18667.3,2007.0,Hot-Humid
2016-10-05 00:00:00,Panther_lodging_Marisol,169.0326,23.9,2.0,22.8,1012.0,3.1,0,3,10,279,18667.3,2007.0,Hot-Humid
2016-10-05 01:00:00,Panther_lodging_Marisol,157.3304,23.9,2.0,22.2,1011.9,3.1,1,3,10,279,18667.3,2007.0,Hot-Humid
2016-10-05 02:00:00,Panther_lodging_Marisol,153.5796,23.9,2.0,22.2,1011.6,3.1,2,3,10,279,18667.3,2007.0,Hot-Humid
2016-10-05 03:00:00,Panther_lodging_Marisol,148.0786,23.3,2.0,22.2,1010.9,2.6,3,3,10,279,18667.3,2007.0,Hot-Humid
2016-10-05 04:00:00,Panther_lodging_Marisol,144.928,23.3,2.0,22.2,1010.7,3.1,4,3,10,279,18667.3,2007.0,Hot-Humid
2016-10-05 05:00:00,Panther_lodging_Marisol,145.028,23.3,0.0,22.2,1010.8,3.1,5,3,10,279,18667.3,2007.0,Hot-Humid
2016-10-05 06:00:00,Panther_lodging_Marisol,146.5783,23.3,3.0,22.2,1011.6,4.1,6,3,10,279,18667.3,2007.0,Hot-Humid
2016-10-05 07:00:00,Panther_lodging_Marisol,149.0788,23.9,6.0,22.8,1012.1,3.6,7,3,10,279,18667.3,2007.0,Hot-Humid
2016-10-05 08:00:00,Panther_lodging_Marisol,150.47899999999996,24.4,4.0,23.3,1012.7,3.6,8,3,10,279,18667.3,2007.0,Hot-Humid
2016-10-05 09:00:00,Panther_lodging_Marisol,164.6818,27.2,2.0,23.9,1013.1,3.6,9,3,10,279,18667.3,2007.0,Hot-Humid
2016-10-05 10:00:00,Panther_lodging_Marisol,168.6826,28.9,4.0,23.3,1013.0,4.1,10,3,10,279,18667.3,2007.0,Hot-Humid
2016-10-05 11:00:00,Panther_lodging_Marisol,176.28400000000005,30.6,4.0,22.2,1012.8,4.1,11,3,10,279,18667.3,2007.0,Hot-Humid
2016-10-05 12:00:00,Panther_lodging_Marisol,183.0853,31.7,4.0,22.8,1012.1,3.6,12,3,10,279,18667.3,2007.0,Hot-Humid
2016-10-05 13:00:00,Panther_lodging_Marisol,177.3842,32.2,6.0,22.2,1011.2,4.1,13,3,10,279,18667.3,2007.0,Hot-Humid
2016-10-05 14:00:00,Panther_lodging_Marisol,183.6854,32.2,5.666666666666667,22.2,1010.5,4.1,14,3,10,279,18667.3,2007.0,Hot-Humid
2016-10-05 15:00:00,Panther_lodging_Marisol,182.0351,31.1,5.333333333333333,23.3,1010.5,4.6,15,3,10,279,18667.3,2007.0,Hot-Humid
2016-10-05 16:00:00,Panther_lodging_Marisol,187.9863,29.4,5.0,23.9,1010.2,6.2,16,3,10,279,18667.3,2007.0,Hot-Humid
2016-10-05 17:00:00,Panther_lodging_Marisol,200.2387,28.9,5.0,22.8,1010.6,5.1,17,3,10,279,18667.3,2007.0,Hot-Humid
2016-10-05 18:00:00,Panther_lodging_Marisol,196.4879,28.3,5.0,22.8,1010.9,4.6,18,3,10,279,18667.3,2007.0,Hot-Humid
2016-10-05 19:00:00,Panther_lodging_Marisol,193.3873,27.2,4.0,22.8,1011.1,4.6,19,3,10,279,18667.3,2007.0,Hot-Humid
2016-10-05 20:00:00,Panther_lodging_Marisol,203.0392,26.7,4.0,23.3,1012.1,5.1,20,3,10,279,18667.3,2007.0,Hot-Humid
2016-10-05 21:00:00,Panther_lodging_Marisol,196.0378,26.1,4.0,23.3,1012.1,5.7,21,3,10,279,18667.3,2007.0,Hot-Humid
2016-10-05 22:00:00,Panther_lodging_Marisol,191.3369,25.6,4.5,23.9,1012.0,4.6,22,3,10,279,18667.3,2007.0,Hot-Humid
2016-10-05 23:00:00,Panther_lodging_Marisol,184.5356,25.6,5.0,23.3,1012.0,5.1,23,3,10,279,18667.3,2007.0,Hot-Humid
2016-10-06 00:00:00,Panther_lodging_Marisol,171.6331,26.1,5.5,23.9,1011.8,5.7,0,4,10,280,18667.3,2007.0,Hot-Humid
2016-10-06 01:00:00,Panther_lodging_Marisol,160.58100000000005,25.6,6.0,23.3,1011.2,4.1,1,4,10,280,18667.3,2007.0,Hot-Humid
2016-10-06 02:00:00,Panther_lodging_Marisol,151.8293,25.6,5.0,23.9,1011.1,4.1,2,4,10,280,18667.3,2007.0,Hot-Humid
2016-10-06 03:00:00,Panther_lodging_Marisol,162.4313,24.4,4.0,23.9,1010.3,4.1,3,4,10,280,18667.3,2007.0,Hot-Humid
2016-10-06 04:00:00,Panther_lodging_Marisol,145.278,24.4,2.0,23.9,1010.1,3.1,4,4,10,280,18667.3,2007.0,Hot-Humid
2016-10-06 05:00:00,Panther_lodging_Marisol,136.3763,25.0,3.333333333333333,23.9,1010.5,3.6,5,4,10,280,18667.3,2007.0,Hot-Humid
2016-10-06 06:00:00,Panther_lodging_Marisol,136.4263,25.6,4.666666666666666,24.4,1011.1,3.6,6,4,10,280,18667.3,2007.0,Hot-Humid
2016-10-06 07:00:00,Panther_lodging_Marisol,139.827,25.6,6.0,24.4,1010.8,4.1,7,4,10,280,18667.3,2007.0,Hot-Humid
2016-10-06 08:00:00,Panther_lodging_Marisol,150.8291,25.6,6.0,24.4,1011.0,4.1,8,4,10,280,18667.3,2007.0,Hot-Humid
2016-10-06 09:00:00,Panther_lodging_Marisol,148.4287,26.1,6.0,24.4,1010.9,5.1,9,4,10,280,18667.3,2007.0,Hot-Humid
2016-10-06 10:00:00,Panther_lodging_Marisol,158.3806,25.6,6.0,24.4,1010.8,4.6,10,4,10,280,18667.3,2007.0,Hot-Humid
2016-10-06 11:00:00,Panther_lodging_Marisol,161.3811,27.8,6.0,25.0,1010.4,6.2,11,4,10,280,18667.3,2007.0,Hot-Humid
2016-10-06 12:00:00,Panther_lodging_Marisol,163.2315,29.4,6.0,25.0,1009.2,8.2,12,4,10,280,18667.3,2007.0,Hot-Humid
2016-10-06 13:00:00,Panther_lodging_Marisol,176.334,27.2,6.0,25.0,1009.0,6.7,13,4,10,280,18667.3,2007.0,Hot-Humid
2016-10-06 14:00:00,Panther_lodging_Marisol,173.6835,27.2,6.333333333333333,25.0,1008.45,5.7,14,4,10,280,18667.3,2007.0,Hot-Humid
2016-10-06 15:00:00,Panther_lodging_Marisol,169.4327,26.7,6.666666666666667,25.0,1007.9,4.1,15,4,10,280,18667.3,2007.0,Hot-Humid
2016-10-06 16:00:00,Panther_lodging_Marisol,174.1836,22.8,7.0,21.7,1007.55,8.2,16,4,10,280,18667.3,2007.0,Hot-Humid
2016-10-06 17:00:00,Panther_lodging_Marisol,182.8353,23.3,7.0,22.2,1007.2,5.7,17,4,10,280,18667.3,2007.0,Hot-Humid
2016-10-06 18:00:00,Panther_lodging_Marisol,176.234,23.9,7.0,22.8,1007.5,6.2,18,4,10,280,18667.3,2007.0,Hot-Humid
2016-10-06 19:00:00,Panther_lodging_Marisol,172.8333,24.4,8.0,23.3,1007.6,6.2,19,4,10,280,18667.3,2007.0,Hot-Humid
2016-10-06 20:00:00,Panther_lodging_Marisol,176.9341,23.9,8.0,22.8,1006.9,6.7,20,4,10,280,18667.3,2007.0,Hot-Humid
2016-10-06 21:00:00,Panther_lodging_Marisol,175.9839,25.0,8.0,23.3,1006.0,9.8,21,4,10,280,18667.3,2007.0,Hot-Humid
2016-10-06 22:00:00,Panther_lodging_Marisol,177.6843,25.0,8.0,23.9,1005.5,8.8,22,4,10,280,18667.3,2007.0,Hot-Humid
2016-10-06 23:00:00,Panther_lodging_Marisol,167.6324,25.0,8.0,23.3,1004.3,9.8,23,4,10,280,18667.3,2007.0,Hot-Humid
2016-10-07 00:00:00,Panther_lodging_Marisol,167.4823,25.0,8.0,22.8,1002.6,12.4,0,5,10,281,18667.3,2007.0,Hot-Humid
2016-10-07 01:00:00,Panther_lodging_Marisol,149.1788,24.4,8.0,22.8,1000.5,12.4,1,5,10,281,18667.3,2007.0,Hot-Humid
2016-10-07 02:00:00,Panther_lodging_Marisol,149.6789,24.4,8.0,22.8,998.0,14.4,2,5,10,281,18667.3,2007.0,Hot-Humid
2016-10-07 03:00:00,Panther_lodging_Marisol,149.3788,24.4,8.0,22.2,996.0,14.4,3,5,10,281,18667.3,2007.0,Hot-Humid
2016-10-07 04:00:00,Panther_lodging_Marisol,149.4288,25.6,8.0,23.3,994.2,15.4,4,5,10,281,18667.3,2007.0,Hot-Humid
2016-10-07 05:00:00,Panther_lodging_Marisol,145.178,25.0,8.0,23.3,993.3,13.4,5,5,10,281,18667.3,2007.0,Hot-Humid
2016-10-07 06:00:00,Panther_lodging_Marisol,150.9791,25.0,8.0,23.3,992.0,13.9,6,5,10,281,18667.3,2007.0,Hot-Humid
2016-10-07 07:00:00,Panther_lodging_Marisol,133.7758,24.4,8.0,23.3,992.4,12.4,7,5,10,281,18667.3,2007.0,Hot-Humid
2016-10-07 08:00:00,Panther_lodging_Marisol,127.2746,24.4,8.0,22.8,992.5,15.4,8,5,10,281,18667.3,2007.0,Hot-Humid
2016-10-07 09:00:00,Panther_lodging_Marisol,139.1769,24.4,8.0,22.8,993.6,13.9,9,5,10,281,18667.3,2007.0,Hot-Humid
2016-10-07 10:00:00,Panther_lodging_Marisol,140.4271,25.0,8.0,22.2,993.9,13.4,10,5,10,281,18667.3,2007.0,Hot-Humid
2016-10-07 11:00:00,Panther_lodging_Marisol,150.6291,25.0,8.0,22.2,994.9,14.4,11,5,10,281,18667.3,2007.0,Hot-Humid
2016-10-07 12:00:00,Panther_lodging_Marisol,145.078,24.4,8.0,22.2,996.4,12.4,12,5,10,281,18667.3,2007.0,Hot-Humid
2016-10-07 13:00:00,Panther_lodging_Marisol,157.8805,24.4,8.0,22.2,997.2,11.3,13,5,10,281,18667.3,2007.0,Hot-Humid
2016-10-07 14:00:00,Panther_lodging_Marisol,157.7805,24.4,8.0,22.2,998.1,11.8,14,5,10,281,18667.3,2007.0,Hot-Humid
2016-10-07 15:00:00,Panther_lodging_Marisol,167.3323,24.4,8.0,22.2,999.0,10.8,15,5,10,281,18667.3,2007.0,Hot-Humid
2016-10-07 16:00:00,Panther_lodging_Marisol,165.5819,25.0,8.0,22.2,1000.0,9.8,16,5,10,281,18667.3,2007.0,Hot-Humid
2016-10-07 17:00:00,Panther_lodging_Marisol,163.9316,24.4,8.0,22.2,1000.1,12.9,17,5,10,281,18667.3,2007.0,Hot-Humid
2016-10-07 18:00:00,Panther_lodging_Marisol,164.9818,24.4,8.0,22.2,1000.8,10.8,18,5,10,281,18667.3,2007.0,Hot-Humid
2016-10-07 19:00:00,Panther_lodging_Marisol,169.1826,25.0,8.0,22.2,1001.8,9.8,19,5,10,281,18667.3,2007.0,Hot-Humid
2016-10-07 20:00:00,Panther_lodging_Marisol,181.535,25.0,8.0,21.7,1002.4,9.3,20,5,10,281,18667.3,2007.0,Hot-Humid
2016-10-07 21:00:00,Panther_lodging_Marisol,167.5323,25.6,8.0,21.1,1003.6,7.7,21,5,10,281,18667.3,2007.0,Hot-Humid
2016-10-07 22:00:00,Panther_lodging_Marisol,175.93400000000003,25.6,8.0,21.1,1004.8,7.2,22,5,10,281,18667.3,2007.0,Hot-Humid
2016-10-07 23:00:00,Panther_lodging_Marisol,165.1319,25.6,8.0,21.1,1005.3,6.7,23,5,10,281,18667.3,2007.0,Hot-Humid
2016-10-08 00:00:00,Panther_lodging_Marisol,154.9799,25.6,8.0,20.6,1005.6,7.7,0,6,10,282,18667.3,2007.0,Hot-Humid
2016-10-08 01:00:00,Panther_lodging_Marisol,153.9797,25.0,8.0,20.6,1006.2,6.7,1,6,10,282,18667.3,2007.0,Hot-Humid
2016-10-08 02:00:00,Panther_lodging_Marisol,155.8301,24.4,7.2,20.6,1006.4,6.2,2,6,10,282,18667.3,2007.0,Hot-Humid
2016-10-08 03:00:00,Panther_lodging_Marisol,157.5804,24.4,6.4,20.6,1006.3,6.2,3,6,10,282,18667.3,2007.0,Hot-Humid
2016-10-08 04:00:00,Panther_lodging_Marisol,152.9295,24.4,5.6,20.6,1006.6,5.7,4,6,10,282,18667.3,2007.0,Hot-Humid
2016-10-08 05:00:00,Panther_lodging_Marisol,146.0782,23.9,5.6,20.6,1007.5,4.6,5,6,10,282,18667.3,2007.0,Hot-Humid
2016-10-08 06:00:00,Panther_lodging_Marisol,146.6283,23.3,4.0,20.6,1008.3,4.1,6,6,10,282,18667.3,2007.0,Hot-Humid
2016-10-08 07:00:00,Panther_lodging_Marisol,139.0268,23.3,4.0,21.1,1008.4,4.6,7,6,10,282,18667.3,2007.0,Hot-Humid
2016-10-08 08:00:00,Panther_lodging_Marisol,147.0284,25.0,4.0,21.7,1009.2,5.7,8,6,10,282,18667.3,2007.0,Hot-Humid
2016-10-08 09:00:00,Panther_lodging_Marisol,153.1295,26.7,4.0,21.1,1009.7,7.2,9,6,10,282,18667.3,2007.0,Hot-Humid
2016-10-08 10:00:00,Panther_lodging_Marisol,162.3814,27.8,4.5,21.7,1010.0,6.7,10,6,10,282,18667.3,2007.0,Hot-Humid
2016-10-08 11:00:00,Panther_lodging_Marisol,172.0332,28.9,5.0,21.1,1009.9,7.7,11,6,10,282,18667.3,2007.0,Hot-Humid
2016-10-08 12:00:00,Panther_lodging_Marisol,173.6835,30.0,5.5,21.1,1009.3,8.2,12,6,10,282,18667.3,2007.0,Hot-Humid
2016-10-08 13:00:00,Panther_lodging_Marisol,171.2831,30.6,6.0,21.7,1008.7,5.1,13,6,10,282,18667.3,2007.0,Hot-Humid
2016-10-08 14:00:00,Panther_lodging_Marisol,180.2348,31.1,6.0,21.1,1008.4,6.7,14,6,10,282,18667.3,2007.0,Hot-Humid
2016-10-08 15:00:00,Panther_lodging_Marisol,169.7327,31.7,6.0,21.1,1008.4,6.7,15,6,10,282,18667.3,2007.0,Hot-Humid
2016-10-08 16:00:00,Panther_lodging_Marisol,175.93400000000003,31.1,6.0,21.1,1009.0,5.7,16,6,10,282,18667.3,2007.0,Hot-Humid
2016-10-08 17:00:00,Panther_lodging_Marisol,175.7839,30.0,6.0,21.1,1009.3,4.1,17,6,10,282,18667.3,2007.0,Hot-Humid
2016-10-08 18:00:00,Panther_lodging_Marisol,173.0334,28.9,6.0,21.1,1010.0,4.1,18,6,10,282,18667.3,2007.0,Hot-Humid
2016-10-08 19:00:00,Panther_lodging_Marisol,185.6858,27.8,6.0,21.7,1011.1,3.6,19,6,10,282,18667.3,2007.0,Hot-Humid
2016-10-08 20:00:00,Panther_lodging_Marisol,189.0365,26.1,5.0,21.7,1011.9,2.1,20,6,10,282,18667.3,2007.0,Hot-Humid
2016-10-08 21:00:00,Panther_lodging_Marisol,179.7347,25.6,4.0,21.7,1012.6,2.1,21,6,10,282,18667.3,2007.0,Hot-Humid
2016-10-08 22:00:00,Panther_lodging_Marisol,190.1367,25.6,2.0,21.7,1012.9,1.5,22,6,10,282,18667.3,2007.0,Hot-Humid
2016-10-08 23:00:00,Panther_lodging_Marisol,175.6839,25.0,2.0,21.7,1013.0,1.5,23,6,10,282,18667.3,2007.0,Hot-Humid
2016-10-09 00:00:00,Panther_lodging_Marisol,170.88299999999995,23.3,4.0,21.1,1013.1,2.6,0,7,10,283,18667.3,2007.0,Hot-Humid
2016-10-09 01:00:00,Panther_lodging_Marisol,156.8803,23.9,4.0,21.7,1013.3,0.0,1,7,10,283,18667.3,2007.0,Hot-Humid
2016-10-09 02:00:00,Panther_lodging_Marisol,151.5793,23.9,2.0,22.2,1013.4,2.1,2,7,10,283,18667.3,2007.0,Hot-Humid
2016-10-09 03:00:00,Panther_lodging_Marisol,143.1276,23.3,2.0,21.7,1013.5,1.5,3,7,10,283,18667.3,2007.0,Hot-Humid
2016-10-09 04:00:00,Panther_lodging_Marisol,145.7281,23.3,2.0,21.1,1013.7,3.1,4,7,10,283,18667.3,2007.0,Hot-Humid
2016-10-09 05:00:00,Panther_lodging_Marisol,142.6775,22.8,2.0,20.6,1014.1,3.1,5,7,10,283,18667.3,2007.0,Hot-Humid
2016-10-09 06:00:00,Panther_lodging_Marisol,143.3777,22.8,2.0,20.0,1014.6,2.6,6,7,10,283,18667.3,2007.0,Hot-Humid
2016-10-09 07:00:00,Panther_lodging_Marisol,158.4306,22.8,4.0,20.0,1014.9,4.1,7,7,10,283,18667.3,2007.0,Hot-Humid
2016-10-09 08:00:00,Panther_lodging_Marisol,147.3284,25.0,4.0,20.6,1015.7,4.1,8,7,10,283,18667.3,2007.0,Hot-Humid
2016-10-09 09:00:00,Panther_lodging_Marisol,155.8801,26.1,2.0,20.0,1016.3,5.7,9,7,10,283,18667.3,2007.0,Hot-Humid
2016-10-09 10:00:00,Panther_lodging_Marisol,160.3309,27.8,4.0,20.0,1016.8,6.2,10,7,10,283,18667.3,2007.0,Hot-Humid
2016-10-09 11:00:00,Panther_lodging_Marisol,170.1328,28.9,4.0,20.0,1016.8,5.7,11,7,10,283,18667.3,2007.0,Hot-Humid
2016-10-09 12:00:00,Panther_lodging_Marisol,178.5345,28.9,4.0,18.9,1016.6,6.2,12,7,10,283,18667.3,2007.0,Hot-Humid
2016-10-09 13:00:00,Panther_lodging_Marisol,177.7343,29.4,4.0,18.9,1015.8,8.2,13,7,10,283,18667.3,2007.0,Hot-Humid
2016-10-09 14:00:00,Panther_lodging_Marisol,174.4837,29.4,4.0,18.9,1015.5,5.7,14,7,10,283,18667.3,2007.0,Hot-Humid
2016-10-09 15:00:00,Panther_lodging_Marisol,204.5395,28.9,4.0,17.8,1015.5,8.2,15,7,10,283,18667.3,2007.0,Hot-Humid
2016-10-09 16:00:00,Panther_lodging_Marisol,202.9892,28.9,2.0,17.8,1015.8,5.7,16,7,10,283,18667.3,2007.0,Hot-Humid
2016-10-09 17:00:00,Panther_lodging_Marisol,197.088,27.8,2.0,16.1,1016.3,5.1,17,7,10,283,18667.3,2007.0,Hot-Humid
2016-10-09 18:00:00,Panther_lodging_Marisol,198.1882,25.6,0.0,16.1,1017.2,4.6,18,7,10,283,18667.3,2007.0,Hot-Humid
2016-10-09 19:00:00,Panther_lodging_Marisol,203.9894,24.4,0.0,17.8,1018.0,5.7,19,7,10,283,18667.3,2007.0,Hot-Humid
2016-10-09 20:00:00,Panther_lodging_Marisol,194.3375,22.8,0.0,17.8,1018.7,6.2,20,7,10,283,18667.3,2007.0,Hot-Humid
2016-10-09 21:00:00,Panther_lodging_Marisol,201.4389,22.2,0.0,18.3,1018.9,4.6,21,7,10,283,18667.3,2007.0,Hot-Humid
2016-10-09 22:00:00,Panther_lodging_Marisol,203.6893,21.7,0.0,18.3,1019.3,3.6,22,7,10,283,18667.3,2007.0,Hot-Humid
2016-10-09 23:00:00,Panther_lodging_Marisol,186.486,20.6,0.0,17.8,1019.5,3.6,23,7,10,283,18667.3,2007.0,Hot-Humid
2016-10-10 00:00:00,Panther_lodging_Marisol,180.9349,20.0,0.0,17.8,1019.1,3.6,0,1,10,284,18667.3,2007.0,Hot-Humid
2016-10-10 01:00:00,Panther_lodging_Marisol,168.3325,20.0,0.0,17.2,1018.8,3.6,1,1,10,284,18667.3,2007.0,Hot-Humid
2016-10-10 02:00:00,Panther_lodging_Marisol,164.4317,19.4,0.0,17.2,1018.4,3.6,2,1,10,284,18667.3,2007.0,Hot-Humid
2016-10-10 03:00:00,Panther_lodging_Marisol,158.0805,18.9,0.0,16.1,1018.2,3.6,3,1,10,284,18667.3,2007.0,Hot-Humid
2016-10-10 04:00:00,Panther_lodging_Marisol,167.2323,18.9,0.0,16.1,1018.2,3.6,4,1,10,284,18667.3,2007.0,Hot-Humid
2016-10-10 05:00:00,Panther_lodging_Marisol,152.3294,18.9,0.0,15.6,1018.4,4.1,5,1,10,284,18667.3,2007.0,Hot-Humid
2016-10-10 06:00:00,Panther_lodging_Marisol,167.3823,18.3,2.0,15.6,1018.9,3.6,6,1,10,284,18667.3,2007.0,Hot-Humid
2016-10-10 07:00:00,Panther_lodging_Marisol,149.6789,19.4,2.0,15.6,1019.6,3.6,7,1,10,284,18667.3,2007.0,Hot-Humid
2016-10-10 08:00:00,Panther_lodging_Marisol,168.3325,21.7,2.0,16.1,1020.1,3.6,8,1,10,284,18667.3,2007.0,Hot-Humid
2016-10-10 09:00:00,Panther_lodging_Marisol,170.88299999999995,24.4,4.0,16.1,1020.6,4.6,9,1,10,284,18667.3,2007.0,Hot-Humid
2016-10-10 10:00:00,Panther_lodging_Marisol,182.3852,25.6,4.0,15.0,1021.0,7.7,10,1,10,284,18667.3,2007.0,Hot-Humid
2016-10-10 11:00:00,Panther_lodging_Marisol,185.6358,27.2,5.333333333333333,14.4,1021.0,7.2,11,1,10,284,18667.3,2007.0,Hot-Humid
2016-10-10 12:00:00,Panther_lodging_Marisol,205.9898,27.2,6.666666666666666,14.4,1020.9,8.8,12,1,10,284,18667.3,2007.0,Hot-Humid
2016-10-10 13:00:00,Panther_lodging_Marisol,204.6895,25.6,8.0,15.6,1020.4,8.2,13,1,10,284,18667.3,2007.0,Hot-Humid
2016-10-10 14:00:00,Panther_lodging_Marisol,184.0355,26.1,8.0,15.6,1019.8,6.2,14,1,10,284,18667.3,2007.0,Hot-Humid
2016-10-10 15:00:00,Panther_lodging_Marisol,191.0369,25.0,8.0,16.1,1020.1,6.2,15,1,10,284,18667.3,2007.0,Hot-Humid
2016-10-10 16:00:00,Panther_lodging_Marisol,189.7866,25.0,8.0,15.0,1020.0,8.8,16,1,10,284,18667.3,2007.0,Hot-Humid
2016-10-10 17:00:00,Panther_lodging_Marisol,199.3885,24.4,8.0,15.6,1020.3,8.8,17,1,10,284,18667.3,2007.0,Hot-Humid
2016-10-10 18:00:00,Panther_lodging_Marisol,197.088,23.3,8.0,15.6,1020.5,5.1,18,1,10,284,18667.3,2007.0,Hot-Humid
2016-10-10 19:00:00,Panther_lodging_Marisol,213.3912,22.8,8.0,15.0,1020.8,5.1,19,1,10,284,18667.3,2007.0,Hot-Humid
2016-10-10 20:00:00,Panther_lodging_Marisol,217.2419,22.2,6.666666666666667,15.6,1021.1,4.6,20,1,10,284,18667.3,2007.0,Hot-Humid
2016-10-10 21:00:00,Panther_lodging_Marisol,211.0407,21.7,5.333333333333334,16.1,1021.5,5.1,21,1,10,284,18667.3,2007.0,Hot-Humid
2016-10-10 22:00:00,Panther_lodging_Marisol,193.3873,20.6,4.0,15.6,1021.6,4.6,22,1,10,284,18667.3,2007.0,Hot-Humid
2016-10-10 23:00:00,Panther_lodging_Marisol,202.08900000000003,20.6,4.666666666666667,15.6,1021.3,4.1,23,1,10,284,18667.3,2007.0,Hot-Humid
2016-10-11 00:00:00,Panther_lodging_Marisol,177.7343,20.6,5.333333333333333,16.1,1021.0,4.1,0,2,10,285,18667.3,2007.0,Hot-Humid
2016-10-11 01:00:00,Panther_lodging_Marisol,162.8314,20.0,6.0,16.7,1020.7,4.1,1,2,10,285,18667.3,2007.0,Hot-Humid
2016-10-11 02:00:00,Panther_lodging_Marisol,148.9287,20.6,6.333333333333333,16.1,1020.3,4.6,2,2,10,285,18667.3,2007.0,Hot-Humid
2016-10-11 03:00:00,Panther_lodging_Marisol,150.079,20.6,6.666666666666667,16.1,1020.0,3.6,3,2,10,285,18667.3,2007.0,Hot-Humid
2016-10-11 04:00:00,Panther_lodging_Marisol,151.2792,21.1,7.0,16.1,1020.1,3.6,4,2,10,285,18667.3,2007.0,Hot-Humid
2016-10-11 05:00:00,Panther_lodging_Marisol,141.2772,21.1,7.0,16.1,1020.2,4.6,5,2,10,285,18667.3,2007.0,Hot-Humid
2016-10-11 06:00:00,Panther_lodging_Marisol,150.47899999999996,20.6,7.0,16.7,1020.3,4.6,6,2,10,285,18667.3,2007.0,Hot-Humid
2016-10-11 07:00:00,Panther_lodging_Marisol,156.4802,20.6,8.0,17.2,1020.7,3.6,7,2,10,285,18667.3,2007.0,Hot-Humid
2016-10-11 08:00:00,Panther_lodging_Marisol,147.9786,21.7,7.666666666666667,17.2,1021.2,3.1,8,2,10,285,18667.3,2007.0,Hot-Humid
2016-10-11 09:00:00,Panther_lodging_Marisol,153.1295,22.8,7.333333333333333,18.3,1021.7,4.1,9,2,10,285,18667.3,2007.0,Hot-Humid
2016-10-11 10:00:00,Panther_lodging_Marisol,161.4312,26.1,7.0,17.8,1021.6,5.1,10,2,10,285,18667.3,2007.0,Hot-Humid
2016-10-11 11:00:00,Panther_lodging_Marisol,177.0842,26.1,7.0,16.7,1021.6,6.7,11,2,10,285,18667.3,2007.0,Hot-Humid
2016-10-11 12:00:00,Panther_lodging_Marisol,177.5343,26.7,7.0,16.7,1020.9,7.2,12,2,10,285,18667.3,2007.0,Hot-Humid
2016-10-11 13:00:00,Panther_lodging_Marisol,194.1375,27.2,6.0,17.8,1019.9,9.3,13,2,10,285,18667.3,2007.0,Hot-Humid
2016-10-11 14:00:00,Panther_lodging_Marisol,192.1371,26.1,6.333333333333333,17.8,1019.4,8.8,14,2,10,285,18667.3,2007.0,Hot-Humid
2016-10-11 15:00:00,Panther_lodging_Marisol,195.0876,26.1,6.666666666666667,18.3,1019.2,7.2,15,2,10,285,18667.3,2007.0,Hot-Humid
2016-10-11 16:00:00,Panther_lodging_Marisol,184.7857,25.0,7.0,18.9,1019.2,5.7,16,2,10,285,18667.3,2007.0,Hot-Humid
2016-10-11 17:00:00,Panther_lodging_Marisol,196.838,23.9,7.0,20.0,1019.1,4.1,17,2,10,285,18667.3,2007.0,Hot-Humid
2016-10-11 18:00:00,Panther_lodging_Marisol,207.39,23.9,7.0,18.9,1019.2,5.1,18,2,10,285,18667.3,2007.0,Hot-Humid
2016-10-11 19:00:00,Panther_lodging_Marisol,195.0876,23.3,8.0,19.4,1019.5,6.2,19,2,10,285,18667.3,2007.0,Hot-Humid
2016-10-11 20:00:00,Panther_lodging_Marisol,209.0904,22.8,7.666666666666667,19.4,1019.5,3.6,20,2,10,285,18667.3,2007.0,Hot-Humid
2016-10-11 21:00:00,Panther_lodging_Marisol,216.4918,22.2,7.333333333333333,19.4,1019.5,4.6,21,2,10,285,18667.3,2007.0,Hot-Humid
2016-10-11 22:00:00,Panther_lodging_Marisol,204.5395,21.7,7.0,20.0,1019.6,3.6,22,2,10,285,18667.3,2007.0,Hot-Humid
2016-10-11 23:00:00,Panther_lodging_Marisol,198.1382,21.7,7.0,20.0,1019.3,3.1,23,2,10,285,18667.3,2007.0,Hot-Humid
2016-10-12 00:00:00,Panther_lodging_Marisol,182.8853,21.7,7.0,20.0,1018.7,3.1,0,3,10,286,18667.3,2007.0,Hot-Humid
2016-10-12 01:00:00,Panther_lodging_Marisol,175.2338,22.2,6.0,19.4,1018.4,3.6,1,3,10,286,18667.3,2007.0,Hot-Humid
2016-10-12 02:00:00,Panther_lodging_Marisol,164.4817,21.7,2.0,20.0,1017.9,3.6,2,3,10,286,18667.3,2007.0,Hot-Humid
2016-10-12 03:00:00,Panther_lodging_Marisol,158.4806,21.7,2.4,20.0,1017.4,3.6,3,3,10,286,18667.3,2007.0,Hot-Humid
2016-10-12 04:00:00,Panther_lodging_Marisol,156.8803,21.7,2.8,20.0,1017.6,4.1,4,3,10,286,18667.3,2007.0,Hot-Humid
2016-10-12 05:00:00,Panther_lodging_Marisol,143.1276,21.7,3.2,20.0,1018.0,3.6,5,3,10,286,18667.3,2007.0,Hot-Humid
2016-10-12 06:00:00,Panther_lodging_Marisol,148.2786,22.2,3.2,20.0,1018.2,3.1,6,3,10,286,18667.3,2007.0,Hot-Humid
2016-10-12 07:00:00,Panther_lodging_Marisol,161.1811,21.7,4.0,20.0,1018.5,3.1,7,3,10,286,18667.3,2007.0,Hot-Humid
2016-10-12 08:00:00,Panther_lodging_Marisol,166.2321,22.8,4.0,20.0,1018.8,4.1,8,3,10,286,18667.3,2007.0,Hot-Humid
2016-10-12 09:00:00,Panther_lodging_Marisol,169.8328,24.4,4.0,20.0,1019.1,4.6,9,3,10,286,18667.3,2007.0,Hot-Humid
2016-10-12 10:00:00,Panther_lodging_Marisol,170.0328,26.7,4.0,20.0,1018.7,6.7,10,3,10,286,18667.3,2007.0,Hot-Humid
2016-10-12 11:00:00,Panther_lodging_Marisol,161.4312,25.6,4.666666666666667,20.6,1018.5,4.1,11,3,10,286,18667.3,2007.0,Hot-Humid
2016-10-12 12:00:00,Panther_lodging_Marisol,179.0346,28.3,5.333333333333333,19.4,1017.7,6.7,12,3,10,286,18667.3,2007.0,Hot-Humid
2016-10-12 13:00:00,Panther_lodging_Marisol,191.3369,28.3,6.0,19.4,1016.9,7.7,13,3,10,286,18667.3,2007.0,Hot-Humid
2016-10-12 14:00:00,Panther_lodging_Marisol,180.2848,27.8,6.0,20.6,1016.1,7.2,14,3,10,286,18667.3,2007.0,Hot-Humid
2016-10-12 15:00:00,Panther_lodging_Marisol,190.7368,26.1,6.0,20.6,1016.3,8.8,15,3,10,286,18667.3,2007.0,Hot-Humid
2016-10-12 16:00:00,Panther_lodging_Marisol,184.0355,26.7,6.0,21.1,1016.2,7.2,16,3,10,286,18667.3,2007.0,Hot-Humid
2016-10-12 17:00:00,Panther_lodging_Marisol,189.5866,26.1,6.0,20.0,1016.5,7.7,17,3,10,286,18667.3,2007.0,Hot-Humid
2016-10-12 18:00:00,Panther_lodging_Marisol,199.2385,25.0,6.0,19.4,1016.7,4.6,18,3,10,286,18667.3,2007.0,Hot-Humid
2016-10-12 19:00:00,Panther_lodging_Marisol,212.0409,23.9,6.0,19.4,1017.1,4.1,19,3,10,286,18667.3,2007.0,Hot-Humid
2016-10-12 20:00:00,Panther_lodging_Marisol,201.5889,22.8,4.0,20.0,1017.3,4.6,20,3,10,286,18667.3,2007.0,Hot-Humid
2016-10-12 21:00:00,Panther_lodging_Marisol,198.9384,22.8,2.0,20.6,1017.6,2.6,21,3,10,286,18667.3,2007.0,Hot-Humid
2016-10-12 22:00:00,Panther_lodging_Marisol,195.1877,22.8,3.5,20.6,1017.7,3.6,22,3,10,286,18667.3,2007.0,Hot-Humid
2016-10-12 23:00:00,Panther_lodging_Marisol,202.5391,22.8,5.0,21.1,1017.6,2.6,23,3,10,286,18667.3,2007.0,Hot-Humid
2016-10-13 00:00:00,Panther_lodging_Marisol,182.1852,22.8,6.5,20.6,1017.4,2.1,0,4,10,287,18667.3,2007.0,Hot-Humid
2016-10-13 01:00:00,Panther_lodging_Marisol,162.3313,22.8,8.0,20.6,1017.0,2.1,1,4,10,287,18667.3,2007.0,Hot-Humid
2016-10-13 02:00:00,Panther_lodging_Marisol,150.529,22.8,6.0,21.1,1016.6,3.1,2,4,10,287,18667.3,2007.0,Hot-Humid
2016-10-13 03:00:00,Panther_lodging_Marisol,141.9274,22.2,4.0,21.1,1016.2,4.1,3,4,10,287,18667.3,2007.0,Hot-Humid
2016-10-13 04:00:00,Panther_lodging_Marisol,153.6296,21.7,2.0,20.6,1016.2,3.6,4,4,10,287,18667.3,2007.0,Hot-Humid
2016-10-13 05:00:00,Panther_lodging_Marisol,137.1765,21.1,0.0,20.6,1016.6,3.6,5,4,10,287,18667.3,2007.0,Hot-Humid
2016-10-13 06:00:00,Panther_lodging_Marisol,144.2278,20.6,2.0,20.0,1017.2,3.1,6,4,10,287,18667.3,2007.0,Hot-Humid
2016-10-13 07:00:00,Panther_lodging_Marisol,151.9293,21.1,2.0,20.0,1017.6,4.6,7,4,10,287,18667.3,2007.0,Hot-Humid
2016-10-13 08:00:00,Panther_lodging_Marisol,151.7793,21.7,2.5,20.6,1018.3,3.1,8,4,10,287,18667.3,2007.0,Hot-Humid
2016-10-13 09:00:00,Panther_lodging_Marisol,152.9295,23.3,3.0,20.6,1018.9,2.6,9,4,10,287,18667.3,2007.0,Hot-Humid
2016-10-13 10:00:00,Panther_lodging_Marisol,170.983,25.0,3.5,20.6,1018.8,2.1,10,4,10,287,18667.3,2007.0,Hot-Humid
2016-10-13 11:00:00,Panther_lodging_Marisol,179.4346,27.8,4.0,20.6,1018.4,4.6,11,4,10,287,18667.3,2007.0,Hot-Humid
2016-10-13 12:00:00,Panther_lodging_Marisol,171.233,29.4,4.0,18.3,1017.8,5.7,12,4,10,287,18667.3,2007.0,Hot-Humid
2016-10-13 13:00:00,Panther_lodging_Marisol,173.8335,29.4,6.0,17.8,1016.9,6.2,13,4,10,287,18667.3,2007.0,Hot-Humid
2016-10-13 14:00:00,Panther_lodging_Marisol,172.1832,28.3,6.333333333333333,18.9,1016.5,7.2,14,4,10,287,18667.3,2007.0,Hot-Humid
2016-10-13 15:00:00,Panther_lodging_Marisol,174.4337,27.8,6.666666666666667,18.9,1016.4,7.2,15,4,10,287,18667.3,2007.0,Hot-Humid
2016-10-13 16:00:00,Panther_lodging_Marisol,189.6366,27.2,7.0,18.3,1016.7,6.7,16,4,10,287,18667.3,2007.0,Hot-Humid
2016-10-13 17:00:00,Panther_lodging_Marisol,195.1377,25.6,7.0,18.9,1017.3,6.2,17,4,10,287,18667.3,2007.0,Hot-Humid
2016-10-13 18:00:00,Panther_lodging_Marisol,187.8362,24.4,7.0,18.9,1018.1,8.2,18,4,10,287,18667.3,2007.0,Hot-Humid
2016-10-13 19:00:00,Panther_lodging_Marisol,190.7368,24.4,8.0,18.9,1018.6,7.7,19,4,10,287,18667.3,2007.0,Hot-Humid
2016-10-13 20:00:00,Panther_lodging_Marisol,196.938,23.3,7.666666666666667,20.0,1019.0,3.6,20,4,10,287,18667.3,2007.0,Hot-Humid
2016-10-13 21:00:00,Panther_lodging_Marisol,196.838,23.9,7.333333333333333,19.4,1019.3,4.1,21,4,10,287,18667.3,2007.0,Hot-Humid
2016-10-13 22:00:00,Panther_lodging_Marisol,194.9876,23.9,7.0,19.4,1019.4,2.6,22,4,10,287,18667.3,2007.0,Hot-Humid
2016-10-13 23:00:00,Panther_lodging_Marisol,186.0859,23.9,7.0,18.9,1019.6,2.6,23,4,10,287,18667.3,2007.0,Hot-Humid
2016-10-14 00:00:00,Panther_lodging_Marisol,180.0347,23.3,7.0,18.3,1019.4,3.6,0,5,10,288,18667.3,2007.0,Hot-Humid
2016-10-14 01:00:00,Panther_lodging_Marisol,158.9807,22.8,6.0,18.9,1019.1,3.1,1,5,10,288,18667.3,2007.0,Hot-Humid
2016-10-14 02:00:00,Panther_lodging_Marisol,153.0295,22.2,5.6,19.4,1018.9,2.6,2,5,10,288,18667.3,2007.0,Hot-Humid
2016-10-14 03:00:00,Panther_lodging_Marisol,145.378,22.8,5.2,20.0,1018.6,4.1,3,5,10,288,18667.3,2007.0,Hot-Humid
2016-10-14 04:00:00,Panther_lodging_Marisol,144.3279,22.2,4.8,19.4,1018.8,3.1,4,5,10,288,18667.3,2007.0,Hot-Humid
2016-10-14 05:00:00,Panther_lodging_Marisol,150.129,22.2,4.8,19.4,1018.9,4.1,5,5,10,288,18667.3,2007.0,Hot-Humid
2016-10-14 06:00:00,Panther_lodging_Marisol,148.2786,21.7,4.0,19.4,1019.4,3.6,6,5,10,288,18667.3,2007.0,Hot-Humid
2016-10-14 07:00:00,Panther_lodging_Marisol,160.2309,21.7,4.0,19.4,1019.9,4.1,7,5,10,288,18667.3,2007.0,Hot-Humid
2016-10-14 08:00:00,Panther_lodging_Marisol,165.5819,23.9,2.0,20.0,1020.4,4.6,8,5,10,288,18667.3,2007.0,Hot-Humid
2016-10-14 09:00:00,Panther_lodging_Marisol,164.7318,26.1,4.0,19.4,1021.0,5.7,9,5,10,288,18667.3,2007.0,Hot-Humid
2016-10-14 10:00:00,Panther_lodging_Marisol,176.334,27.2,4.5,19.4,1021.1,6.7,10,5,10,288,18667.3,2007.0,Hot-Humid
2016-10-14 11:00:00,Panther_lodging_Marisol,172.7333,27.2,5.0,20.0,1021.1,5.1,11,5,10,288,18667.3,2007.0,Hot-Humid
2016-10-14 12:00:00,Panther_lodging_Marisol,157.8805,28.9,5.5,21.1,1020.5,5.7,12,5,10,288,18667.3,2007.0,Hot-Humid
2016-10-14 13:00:00,Panther_lodging_Marisol,161.1311,27.8,6.0,19.4,1019.7,6.7,13,5,10,288,18667.3,2007.0,Hot-Humid
2016-10-14 14:00:00,Panther_lodging_Marisol,188.6364,29.4,6.0,19.4,1018.9,4.1,14,5,10,288,18667.3,2007.0,Hot-Humid
2016-10-14 15:00:00,Panther_lodging_Marisol,183.5854,29.4,6.0,19.4,1018.7,7.2,15,5,10,288,18667.3,2007.0,Hot-Humid
2016-10-14 16:00:00,Panther_lodging_Marisol,176.28400000000005,28.3,6.0,19.4,1018.9,7.2,16,5,10,288,18667.3,2007.0,Hot-Humid
2016-10-14 17:00:00,Panther_lodging_Marisol,185.0357,27.2,6.0,20.0,1019.1,5.1,17,5,10,288,18667.3,2007.0,Hot-Humid
2016-10-14 18:00:00,Panther_lodging_Marisol,180.2848,25.6,6.0,20.0,1019.6,5.1,18,5,10,288,18667.3,2007.0,Hot-Humid
2016-10-14 19:00:00,Panther_lodging_Marisol,190.6368,25.0,6.0,20.0,1019.8,4.1,19,5,10,288,18667.3,2007.0,Hot-Humid
2016-10-14 20:00:00,Panther_lodging_Marisol,185.7359,24.4,5.0,20.0,1020.0,5.1,20,5,10,288,18667.3,2007.0,Hot-Humid
2016-10-14 21:00:00,Panther_lodging_Marisol,198.1882,24.4,4.0,19.4,1020.3,5.1,21,5,10,288,18667.3,2007.0,Hot-Humid
2016-10-14 22:00:00,Panther_lodging_Marisol,198.2383,24.4,4.5,20.6,1020.5,3.6,22,5,10,288,18667.3,2007.0,Hot-Humid
2016-10-14 23:00:00,Panther_lodging_Marisol,197.4381,23.9,5.0,20.6,1020.3,4.1,23,5,10,288,18667.3,2007.0,Hot-Humid
2016-10-15 00:00:00,Panther_lodging_Marisol,181.6851,23.9,5.5,20.6,1020.1,3.1,0,6,10,289,18667.3,2007.0,Hot-Humid
2016-10-15 01:00:00,Panther_lodging_Marisol,150.6791,23.9,6.0,20.6,1019.8,3.6,1,6,10,289,18667.3,2007.0,Hot-Humid
2016-10-15 02:00:00,Panther_lodging_Marisol,156.8803,24.4,5.666666666666667,19.4,1019.6,3.6,2,6,10,289,18667.3,2007.0,Hot-Humid
2016-10-15 03:00:00,Panther_lodging_Marisol,156.5802,23.9,5.333333333333333,20.0,1019.5,3.1,3,6,10,289,18667.3,2007.0,Hot-Humid
2016-10-15 04:00:00,Panther_lodging_Marisol,149.7789,23.3,5.0,21.1,1019.2,2.1,4,6,10,289,18667.3,2007.0,Hot-Humid
2016-10-15 05:00:00,Panther_lodging_Marisol,152.9795,22.8,5.0,21.1,1019.4,1.5,5,6,10,289,18667.3,2007.0,Hot-Humid
2016-10-15 06:00:00,Panther_lodging_Marisol,150.7291,23.3,5.0,20.6,1019.7,2.1,6,6,10,289,18667.3,2007.0,Hot-Humid
2016-10-15 07:00:00,Panther_lodging_Marisol,149.8289,22.8,4.0,20.6,1020.4,3.1,7,6,10,289,18667.3,2007.0,Hot-Humid
2016-10-15 08:00:00,Panther_lodging_Marisol,152.4794,24.4,4.333333333333333,21.1,1020.7,2.6,8,6,10,289,18667.3,2007.0,Hot-Humid
2016-10-15 09:00:00,Panther_lodging_Marisol,164.9318,23.3,4.666666666666667,21.7,1021.3,2.1,9,6,10,289,18667.3,2007.0,Hot-Humid
2016-10-15 10:00:00,Panther_lodging_Marisol,155.58,26.1,5.0,22.2,1021.2,2.6,10,6,10,289,18667.3,2007.0,Hot-Humid
2016-10-15 11:00:00,Panther_lodging_Marisol,168.2325,27.2,5.0,22.8,1021.1,2.6,11,6,10,289,18667.3,2007.0,Hot-Humid
2016-10-15 12:00:00,Panther_lodging_Marisol,175.7339,30.0,5.0,21.1,1020.2,6.2,12,6,10,289,18667.3,2007.0,Hot-Humid
2016-10-15 13:00:00,Panther_lodging_Marisol,171.5831,31.1,6.0,20.6,1019.3,7.7,13,6,10,289,18667.3,2007.0,Hot-Humid
2016-10-15 14:00:00,Panther_lodging_Marisol,192.4371,28.3,6.0,21.7,1018.7,6.7,14,6,10,289,18667.3,2007.0,Hot-Humid
2016-10-15 15:00:00,Panther_lodging_Marisol,172.6833,28.9,6.0,21.1,1018.5,7.2,15,6,10,289,18667.3,2007.0,Hot-Humid
2016-10-15 16:00:00,Panther_lodging_Marisol,181.385,28.9,6.0,21.7,1018.3,6.7,16,6,10,289,18667.3,2007.0,Hot-Humid
2016-10-15 17:00:00,Panther_lodging_Marisol,176.5841,27.2,6.0,21.1,1018.6,5.7,17,6,10,289,18667.3,2007.0,Hot-Humid
2016-10-15 18:00:00,Panther_lodging_Marisol,176.28400000000005,26.1,6.0,21.1,1018.5,6.2,18,6,10,289,18667.3,2007.0,Hot-Humid
2016-10-15 19:00:00,Panther_lodging_Marisol,178.9345,25.6,6.0,21.1,1018.6,4.1,19,6,10,289,18667.3,2007.0,Hot-Humid
2016-10-15 20:00:00,Panther_lodging_Marisol,177.4342,25.6,6.333333333333333,21.7,1018.9,6.2,20,6,10,289,18667.3,2007.0,Hot-Humid
2016-10-15 21:00:00,Panther_lodging_Marisol,186.686,24.4,6.666666666666667,22.2,1019.3,5.1,21,6,10,289,18667.3,2007.0,Hot-Humid
2016-10-15 22:00:00,Panther_lodging_Marisol,178.2344,24.4,7.0,21.7,1019.6,4.6,22,6,10,289,18667.3,2007.0,Hot-Humid
2016-10-15 23:00:00,Panther_lodging_Marisol,189.7366,23.9,7.0,21.1,1019.4,4.6,23,6,10,289,18667.3,2007.0,Hot-Humid
2016-10-16 00:00:00,Panther_lodging_Marisol,195.2877,23.9,7.0,21.1,1019.3,4.1,0,7,10,290,18667.3,2007.0,Hot-Humid
2016-10-16 01:00:00,Panther_lodging_Marisol,174.3837,23.9,8.0,21.1,1018.6,4.6,1,7,10,290,18667.3,2007.0,Hot-Humid
2016-10-16 02:00:00,Panther_lodging_Marisol,162.0813,23.9,7.0,21.1,1018.4,4.6,2,7,10,290,18667.3,2007.0,Hot-Humid
2016-10-16 03:00:00,Panther_lodging_Marisol,158.4806,23.9,6.0,21.1,1017.8,4.1,3,7,10,290,18667.3,2007.0,Hot-Humid
2016-10-16 04:00:00,Panther_lodging_Marisol,157.7304,23.3,5.0,21.1,1017.6,3.1,4,7,10,290,18667.3,2007.0,Hot-Humid
2016-10-16 05:00:00,Panther_lodging_Marisol,153.4796,23.3,4.0,21.1,1017.6,4.1,5,7,10,290,18667.3,2007.0,Hot-Humid
2016-10-16 06:00:00,Panther_lodging_Marisol,149.6289,23.3,5.0,21.1,1018.0,6.7,6,7,10,290,18667.3,2007.0,Hot-Humid
2016-10-16 07:00:00,Panther_lodging_Marisol,151.5793,22.8,6.0,21.1,1018.5,4.1,7,7,10,290,18667.3,2007.0,Hot-Humid
2016-10-16 08:00:00,Panther_lodging_Marisol,142.5275,22.8,5.0,21.1,1018.2,4.1,8,7,10,290,18667.3,2007.0,Hot-Humid
2016-10-16 09:00:00,Panther_lodging_Marisol,148.7287,25.6,4.0,21.7,1018.3,2.1,9,7,10,290,18667.3,2007.0,Hot-Humid
2016-10-16 10:00:00,Panther_lodging_Marisol,154.7299,26.7,4.0,21.7,1018.3,5.7,10,7,10,290,18667.3,2007.0,Hot-Humid
2016-10-16 11:00:00,Panther_lodging_Marisol,167.4323,28.3,4.666666666666667,21.7,1018.1,6.2,11,7,10,290,18667.3,2007.0,Hot-Humid
2016-10-16 12:00:00,Panther_lodging_Marisol,180.3348,26.1,5.333333333333333,22.2,1017.5,5.1,12,7,10,290,18667.3,2007.0,Hot-Humid
2016-10-16 13:00:00,Panther_lodging_Marisol,187.1361,29.4,6.0,21.1,1016.2,6.2,13,7,10,290,18667.3,2007.0,Hot-Humid
2016-10-16 14:00:00,Panther_lodging_Marisol,185.0357,28.3,5.5,20.6,1015.9,9.3,14,7,10,290,18667.3,2007.0,Hot-Humid
2016-10-16 15:00:00,Panther_lodging_Marisol,191.3369,28.3,5.0,20.6,1015.4,8.8,15,7,10,290,18667.3,2007.0,Hot-Humid
2016-10-16 16:00:00,Panther_lodging_Marisol,193.5873,27.8,4.5,18.9,1015.1,7.7,16,7,10,290,18667.3,2007.0,Hot-Humid
2016-10-16 17:00:00,Panther_lodging_Marisol,174.9838,26.7,4.0,18.3,1015.2,7.2,17,7,10,290,18667.3,2007.0,Hot-Humid
2016-10-16 18:00:00,Panther_lodging_Marisol,195.5377,25.6,4.0,18.3,1015.4,5.7,18,7,10,290,18667.3,2007.0,Hot-Humid
2016-10-16 19:00:00,Panther_lodging_Marisol,199.2885,24.4,4.0,18.9,1015.9,4.6,19,7,10,290,18667.3,2007.0,Hot-Humid
2016-10-16 20:00:00,Panther_lodging_Marisol,197.4881,23.9,4.0,18.9,1016.1,4.1,20,7,10,290,18667.3,2007.0,Hot-Humid
2016-10-16 21:00:00,Panther_lodging_Marisol,206.99,23.3,4.0,19.4,1016.2,3.1,21,7,10,290,18667.3,2007.0,Hot-Humid
2016-10-16 22:00:00,Panther_lodging_Marisol,193.1873,22.8,2.0,20.0,1016.4,3.1,22,7,10,290,18667.3,2007.0,Hot-Humid
2016-10-16 23:00:00,Panther_lodging_Marisol,179.0346,22.8,2.0,20.0,1016.2,3.1,23,7,10,290,18667.3,2007.0,Hot-Humid
2016-10-17 00:00:00,Panther_lodging_Marisol,171.9832,22.8,2.0,20.0,1016.0,2.6,0,1,10,291,18667.3,2007.0,Hot-Humid
2016-10-17 01:00:00,Panther_lodging_Marisol,169.4327,22.2,2.0,20.0,1015.5,1.5,1,1,10,291,18667.3,2007.0,Hot-Humid
2016-10-17 02:00:00,Panther_lodging_Marisol,158.8306,21.7,2.0,20.0,1015.2,2.1,2,1,10,291,18667.3,2007.0,Hot-Humid
2016-10-17 03:00:00,Panther_lodging_Marisol,152.4294,21.7,4.0,20.0,1014.9,1.5,3,1,10,291,18667.3,2007.0,Hot-Humid
2016-10-17 04:00:00,Panther_lodging_Marisol,150.6291,21.1,2.0,20.0,1014.6,1.5,4,1,10,291,18667.3,2007.0,Hot-Humid
2016-10-17 05:00:00,Panther_lodging_Marisol,148.3786,21.7,2.0,20.6,1014.8,2.6,5,1,10,291,18667.3,2007.0,Hot-Humid
2016-10-17 06:00:00,Panther_lodging_Marisol,159.0307,21.1,2.0,20.0,1015.1,2.1,6,1,10,291,18667.3,2007.0,Hot-Humid
2016-10-17 07:00:00,Panther_lodging_Marisol,153.9297,22.2,2.0,21.1,1015.5,3.6,7,1,10,291,18667.3,2007.0,Hot-Humid
2016-10-17 08:00:00,Panther_lodging_Marisol,172.8834,24.4,2.0,21.7,1015.9,3.1,8,1,10,291,18667.3,2007.0,Hot-Humid
2016-10-17 09:00:00,Panther_lodging_Marisol,171.4331,26.1,2.0,21.1,1016.2,4.1,9,1,10,291,18667.3,2007.0,Hot-Humid
2016-10-17 10:00:00,Panther_lodging_Marisol,166.032,27.2,3.0,21.1,1016.3,3.6,10,1,10,291,18667.3,2007.0,Hot-Humid
2016-10-17 11:00:00,Panther_lodging_Marisol,183.2354,29.4,4.0,20.0,1015.9,4.6,11,1,10,291,18667.3,2007.0,Hot-Humid
2016-10-17 12:00:00,Panther_lodging_Marisol,184.9357,27.8,5.0,20.0,1015.6,8.8,12,1,10,291,18667.3,2007.0,Hot-Humid
2016-10-17 13:00:00,Panther_lodging_Marisol,195.5377,29.4,6.0,18.9,1014.5,6.2,13,1,10,291,18667.3,2007.0,Hot-Humid
2016-10-17 14:00:00,Panther_lodging_Marisol,187.0361,28.9,5.333333333333333,18.3,1013.8,6.7,14,1,10,291,18667.3,2007.0,Hot-Humid
2016-10-17 15:00:00,Panther_lodging_Marisol,188.5364,29.4,4.666666666666667,18.9,1013.6,6.7,15,1,10,291,18667.3,2007.0,Hot-Humid
2016-10-17 16:00:00,Panther_lodging_Marisol,193.1373,28.3,4.0,18.3,1013.4,7.2,16,1,10,291,18667.3,2007.0,Hot-Humid
2016-10-17 17:00:00,Panther_lodging_Marisol,196.5879,27.2,2.0,18.3,1013.5,7.7,17,1,10,291,18667.3,2007.0,Hot-Humid
2016-10-17 18:00:00,Panther_lodging_Marisol,206.1898,26.1,2.0,18.9,1013.8,5.7,18,1,10,291,18667.3,2007.0,Hot-Humid
2016-10-17 19:00:00,Panther_lodging_Marisol,215.9417,25.0,2.0,19.4,1014.5,4.1,19,1,10,291,18667.3,2007.0,Hot-Humid
2016-10-17 20:00:00,Panther_lodging_Marisol,213.4912,23.9,2.0,19.4,1015.0,3.6,20,1,10,291,18667.3,2007.0,Hot-Humid
2016-10-17 21:00:00,Panther_lodging_Marisol,210.7407,23.3,2.0,20.0,1015.2,3.1,21,1,10,291,18667.3,2007.0,Hot-Humid
2016-10-17 22:00:00,Panther_lodging_Marisol,206.0398,22.8,2.0,19.4,1015.2,2.6,22,1,10,291,18667.3,2007.0,Hot-Humid
2016-10-17 23:00:00,Panther_lodging_Marisol,190.4868,22.8,2.0,19.4,1015.4,3.1,23,1,10,291,18667.3,2007.0,Hot-Humid
2016-10-18 00:00:00,Panther_lodging_Marisol,183.2353,22.8,0.0,19.4,1015.1,3.1,0,2,10,292,18667.3,2007.0,Hot-Humid
2016-10-18 01:00:00,Panther_lodging_Marisol,166.4821,21.7,0.0,19.4,1014.7,2.6,1,2,10,292,18667.3,2007.0,Hot-Humid
2016-10-18 02:00:00,Panther_lodging_Marisol,158.5806,21.7,0.0,19.4,1014.6,2.6,2,2,10,292,18667.3,2007.0,Hot-Humid
2016-10-18 03:00:00,Panther_lodging_Marisol,150.8791,21.1,0.0,19.4,1014.5,3.1,3,2,10,292,18667.3,2007.0,Hot-Humid
2016-10-18 04:00:00,Panther_lodging_Marisol,144.828,21.1,0.0,19.4,1014.5,2.6,4,2,10,292,18667.3,2007.0,Hot-Humid
2016-10-18 05:00:00,Panther_lodging_Marisol,147.5285,21.1,0.0,19.4,1014.9,3.1,5,2,10,292,18667.3,2007.0,Hot-Humid
2016-10-18 06:00:00,Panther_lodging_Marisol,152.7295,20.6,2.0,18.9,1015.6,2.1,6,2,10,292,18667.3,2007.0,Hot-Humid
2016-10-18 07:00:00,Panther_lodging_Marisol,148.5287,21.7,2.0,20.0,1016.1,1.5,7,2,10,292,18667.3,2007.0,Hot-Humid
2016-10-18 08:00:00,Panther_lodging_Marisol,160.1809,23.9,2.0,20.6,1016.7,2.6,8,2,10,292,18667.3,2007.0,Hot-Humid
2016-10-18 09:00:00,Panther_lodging_Marisol,154.8299,26.7,2.0,21.1,1017.3,2.1,9,2,10,292,18667.3,2007.0,Hot-Humid
2016-10-18 10:00:00,Panther_lodging_Marisol,169.4827,28.3,4.0,20.0,1017.4,4.1,10,2,10,292,18667.3,2007.0,Hot-Humid
2016-10-18 11:00:00,Panther_lodging_Marisol,176.03400000000005,28.0,4.0,20.0,1017.0999999999999,6.2,11,2,10,292,18667.3,2007.0,Hot-Humid
2016-10-18 12:00:00,Panther_lodging_Marisol,193.8874,29.4,4.0,18.3,1016.8,5.1,12,2,10,292,18667.3,2007.0,Hot-Humid
2016-10-18 13:00:00,Panther_lodging_Marisol,180.6849,29.4,4.0,18.3,1016.2,5.7,13,2,10,292,18667.3,2007.0,Hot-Humid
2016-10-18 14:00:00,Panther_lodging_Marisol,181.185,30.0,4.0,18.3,1015.5,6.7,14,2,10,292,18667.3,2007.0,Hot-Humid
2016-10-18 15:00:00,Panther_lodging_Marisol,175.7839,28.9,4.0,18.3,1015.2,7.2,15,2,10,292,18667.3,2007.0,Hot-Humid
2016-10-18 16:00:00,Panther_lodging_Marisol,183.8855,28.3,4.0,18.3,1015.2,7.2,16,2,10,292,18667.3,2007.0,Hot-Humid
2016-10-18 17:00:00,Panther_lodging_Marisol,190.0367,27.8,2.0,17.8,1015.3,5.7,17,2,10,292,18667.3,2007.0,Hot-Humid
2016-10-18 18:00:00,Panther_lodging_Marisol,187.5862,26.1,2.0,18.9,1015.7,5.7,18,2,10,292,18667.3,2007.0,Hot-Humid
2016-10-18 19:00:00,Panther_lodging_Marisol,198.5383,24.4,2.0,18.9,1016.1,4.1,19,2,10,292,18667.3,2007.0,Hot-Humid
2016-10-18 20:00:00,Panther_lodging_Marisol,208.6403,23.9,2.0,18.9,1016.6,3.6,20,2,10,292,18667.3,2007.0,Hot-Humid
2016-10-18 21:00:00,Panther_lodging_Marisol,209.3404,23.3,0.0,18.9,1016.9,3.6,21,2,10,292,18667.3,2007.0,Hot-Humid
2016-10-18 22:00:00,Panther_lodging_Marisol,202.5391,22.8,0.0,18.3,1017.0,3.6,22,2,10,292,18667.3,2007.0,Hot-Humid
2016-10-18 23:00:00,Panther_lodging_Marisol,188.6864,22.2,2.0,17.8,1016.8,3.6,23,2,10,292,18667.3,2007.0,Hot-Humid
2016-10-19 00:00:00,Panther_lodging_Marisol,189.4366,21.7,2.0,17.2,1016.6,3.1,0,3,10,293,18667.3,2007.0,Hot-Humid
2016-10-19 01:00:00,Panther_lodging_Marisol,182.6853,20.6,2.0,17.2,1016.2,2.6,1,3,10,293,18667.3,2007.0,Hot-Humid
2016-10-19 02:00:00,Panther_lodging_Marisol,150.429,20.0,2.0,17.8,1016.0,2.1,2,3,10,293,18667.3,2007.0,Hot-Humid
2016-10-19 03:00:00,Panther_lodging_Marisol,152.3294,19.4,0.0,17.2,1015.8,3.1,3,3,10,293,18667.3,2007.0,Hot-Humid
2016-10-19 04:00:00,Panther_lodging_Marisol,151.1292,20.0,2.0,17.2,1016.0,3.1,4,3,10,293,18667.3,2007.0,Hot-Humid
2016-10-19 05:00:00,Panther_lodging_Marisol,142.3275,20.0,2.0,17.8,1016.2,3.1,5,3,10,293,18667.3,2007.0,Hot-Humid
2016-10-19 06:00:00,Panther_lodging_Marisol,143.9278,20.6,4.0,17.8,1016.7,3.6,6,3,10,293,18667.3,2007.0,Hot-Humid
2016-10-19 07:00:00,Panther_lodging_Marisol,159.6808,21.1,6.0,18.3,1017.1,3.6,7,3,10,293,18667.3,2007.0,Hot-Humid
2016-10-19 08:00:00,Panther_lodging_Marisol,159.2307,22.8,4.0,18.3,1017.5,4.1,8,3,10,293,18667.3,2007.0,Hot-Humid
2016-10-19 09:00:00,Panther_lodging_Marisol,160.2309,26.1,2.0,18.9,1017.7,5.7,9,3,10,293,18667.3,2007.0,Hot-Humid
2016-10-19 10:00:00,Panther_lodging_Marisol,173.5835,27.2,4.0,18.3,1017.9,5.7,10,3,10,293,18667.3,2007.0,Hot-Humid
2016-10-19 11:00:00,Panther_lodging_Marisol,163.9816,27.8,4.0,17.8,1017.7,5.7,11,3,10,293,18667.3,2007.0,Hot-Humid
2016-10-19 12:00:00,Panther_lodging_Marisol,178.6345,28.9,4.0,17.2,1017.1,7.2,12,3,10,293,18667.3,2007.0,Hot-Humid
2016-10-19 13:00:00,Panther_lodging_Marisol,174.5837,29.4,4.0,17.2,1016.4,6.7,13,3,10,293,18667.3,2007.0,Hot-Humid
2016-10-19 14:00:00,Panther_lodging_Marisol,177.8343,29.4,4.0,17.8,1015.6,6.7,14,3,10,293,18667.3,2007.0,Hot-Humid
2016-10-19 15:00:00,Panther_lodging_Marisol,195.2377,27.8,4.0,16.7,1015.5,7.2,15,3,10,293,18667.3,2007.0,Hot-Humid
2016-10-19 16:00:00,Panther_lodging_Marisol,201.3388,27.8,4.0,16.7,1015.4,6.2,16,3,10,293,18667.3,2007.0,Hot-Humid
2016-10-19 17:00:00,Panther_lodging_Marisol,207.19,27.2,2.0,16.7,1015.4,6.7,17,3,10,293,18667.3,2007.0,Hot-Humid
2016-10-19 18:00:00,Panther_lodging_Marisol,198.2383,25.0,2.0,16.1,1015.8,4.6,18,3,10,293,18667.3,2007.0,Hot-Humid
2016-10-19 19:00:00,Panther_lodging_Marisol,212.8411,23.9,0.0,16.1,1016.1,4.1,19,3,10,293,18667.3,2007.0,Hot-Humid
2016-10-19 20:00:00,Panther_lodging_Marisol,220.3425,22.8,0.0,16.7,1016.3,3.6,20,3,10,293,18667.3,2007.0,Hot-Humid
2016-10-19 21:00:00,Panther_lodging_Marisol,212.0409,22.2,0.0,17.2,1016.5,3.6,21,3,10,293,18667.3,2007.0,Hot-Humid
2016-10-19 22:00:00,Panther_lodging_Marisol,205.4897,21.1,0.0,17.2,1016.8,2.6,22,3,10,293,18667.3,2007.0,Hot-Humid
2016-10-19 23:00:00,Panther_lodging_Marisol,196.1379,20.6,2.0,17.8,1016.4,3.1,23,3,10,293,18667.3,2007.0,Hot-Humid
2016-10-20 00:00:00,Panther_lodging_Marisol,184.1855,20.6,0.0,17.2,1015.7,3.1,0,4,10,294,18667.3,2007.0,Hot-Humid
2016-10-20 01:00:00,Panther_lodging_Marisol,179.0846,20.0,0.0,17.2,1015.3,2.6,1,4,10,294,18667.3,2007.0,Hot-Humid
2016-10-20 02:00:00,Panther_lodging_Marisol,169.2326,19.4,0.0,17.2,1015.0,3.1,2,4,10,294,18667.3,2007.0,Hot-Humid
2016-10-20 03:00:00,Panther_lodging_Marisol,155.18,19.4,0.0,17.2,1014.8,2.1,3,4,10,294,18667.3,2007.0,Hot-Humid
2016-10-20 04:00:00,Panther_lodging_Marisol,155.9301,18.9,0.0,16.7,1014.6,3.1,4,4,10,294,18667.3,2007.0,Hot-Humid
2016-10-20 05:00:00,Panther_lodging_Marisol,151.5293,18.9,0.0,17.2,1014.8,2.6,5,4,10,294,18667.3,2007.0,Hot-Humid
2016-10-20 06:00:00,Panther_lodging_Marisol,156.2802,19.4,2.0,17.2,1014.9,3.1,6,4,10,294,18667.3,2007.0,Hot-Humid
2016-10-20 07:00:00,Panther_lodging_Marisol,157.7805,20.0,2.0,17.8,1015.0,3.1,7,4,10,294,18667.3,2007.0,Hot-Humid
2016-10-20 08:00:00,Panther_lodging_Marisol,151.3292,22.8,2.0,18.9,1015.0,3.6,8,4,10,294,18667.3,2007.0,Hot-Humid
2016-10-20 09:00:00,Panther_lodging_Marisol,162.5314,25.6,2.0,18.9,1015.2,5.7,9,4,10,294,18667.3,2007.0,Hot-Humid
2016-10-20 10:00:00,Panther_lodging_Marisol,178.3344,27.2,2.0,18.3,1015.1,5.7,10,4,10,294,18667.3,2007.0,Hot-Humid
2016-10-20 11:00:00,Panther_lodging_Marisol,183.0853,27.8,4.0,18.9,1014.7,4.6,11,4,10,294,18667.3,2007.0,Hot-Humid
2016-10-20 12:00:00,Panther_lodging_Marisol,179.4346,28.9,4.0,17.2,1014.0,6.7,12,4,10,294,18667.3,2007.0,Hot-Humid
2016-10-20 13:00:00,Panther_lodging_Marisol,192.4871,27.2,4.0,17.2,1013.3,5.7,13,4,10,294,18667.3,2007.0,Hot-Humid
2016-10-20 14:00:00,Panther_lodging_Marisol,190.0367,28.9,4.0,17.2,1012.3,6.7,14,4,10,294,18667.3,2007.0,Hot-Humid
2016-10-20 15:00:00,Panther_lodging_Marisol,198.0882,28.9,4.0,15.6,1011.8,6.2,15,4,10,294,18667.3,2007.0,Hot-Humid
2016-10-20 16:00:00,Panther_lodging_Marisol,194.6376,27.8,4.0,16.1,1011.7,5.7,16,4,10,294,18667.3,2007.0,Hot-Humid
2016-10-20 17:00:00,Panther_lodging_Marisol,206.99,27.8,4.0,16.7,1012.0,6.2,17,4,10,294,18667.3,2007.0,Hot-Humid
2016-10-20 18:00:00,Panther_lodging_Marisol,205.4396,25.6,2.0,16.1,1012.4,4.6,18,4,10,294,18667.3,2007.0,Hot-Humid
2016-10-20 19:00:00,Panther_lodging_Marisol,205.4897,23.9,0.0,17.2,1012.5,3.6,19,4,10,294,18667.3,2007.0,Hot-Humid
2016-10-20 20:00:00,Panther_lodging_Marisol,212.9911,22.8,0.0,17.8,1012.5,3.1,20,4,10,294,18667.3,2007.0,Hot-Humid
2016-10-20 21:00:00,Panther_lodging_Marisol,213.9913,21.7,0.0,17.8,1012.3,3.1,21,4,10,294,18667.3,2007.0,Hot-Humid
2016-10-20 22:00:00,Panther_lodging_Marisol,200.8888,21.7,0.0,18.3,1012.3,2.6,22,4,10,294,18667.3,2007.0,Hot-Humid
2016-10-20 23:00:00,Panther_lodging_Marisol,199.7886,21.7,2.0,18.3,1012.3,2.6,23,4,10,294,18667.3,2007.0,Hot-Humid
2016-10-21 00:00:00,Panther_lodging_Marisol,185.1357,21.1,2.0,18.3,1011.9,2.1,0,5,10,295,18667.3,2007.0,Hot-Humid
2016-10-21 01:00:00,Panther_lodging_Marisol,170.783,20.6,0.0,18.3,1011.6,1.5,1,5,10,295,18667.3,2007.0,Hot-Humid
2016-10-21 02:00:00,Panther_lodging_Marisol,154.7799,20.6,0.0,18.9,1011.3,2.6,2,5,10,295,18667.3,2007.0,Hot-Humid
2016-10-21 03:00:00,Panther_lodging_Marisol,158.0305,20.6,0.8,20.0,1010.6,2.6,3,5,10,295,18667.3,2007.0,Hot-Humid
2016-10-21 04:00:00,Panther_lodging_Marisol,151.5793,20.6,1.6,19.4,1010.4,3.1,4,5,10,295,18667.3,2007.0,Hot-Humid
2016-10-21 05:00:00,Panther_lodging_Marisol,149.1788,20.6,2.4000000000000004,19.4,1010.2,2.6,5,5,10,295,18667.3,2007.0,Hot-Humid
2016-10-21 06:00:00,Panther_lodging_Marisol,153.8797,20.6,2.4000000000000004,19.4,1010.4,3.6,6,5,10,295,18667.3,2007.0,Hot-Humid
2016-10-21 07:00:00,Panther_lodging_Marisol,156.8803,20.0,4.0,18.9,1010.6,3.1,7,5,10,295,18667.3,2007.0,Hot-Humid
2016-10-21 08:00:00,Panther_lodging_Marisol,163.4315,21.1,4.0,19.4,1011.0,3.6,8,5,10,295,18667.3,2007.0,Hot-Humid
2016-10-21 09:00:00,Panther_lodging_Marisol,167.7324,23.9,2.0,19.4,1011.0,6.7,9,5,10,295,18667.3,2007.0,Hot-Humid
2016-10-21 10:00:00,Panther_lodging_Marisol,177.7343,25.6,2.0,18.9,1011.1,5.1,10,5,10,295,18667.3,2007.0,Hot-Humid
2016-10-21 11:00:00,Panther_lodging_Marisol,166.9322,27.2,2.0,18.9,1010.7,5.1,11,5,10,295,18667.3,2007.0,Hot-Humid
2016-10-21 12:00:00,Panther_lodging_Marisol,181.8351,28.3,2.0,18.3,1009.8,5.7,12,5,10,295,18667.3,2007.0,Hot-Humid
2016-10-21 13:00:00,Panther_lodging_Marisol,185.1357,28.9,4.0,18.3,1009.0,5.1,13,5,10,295,18667.3,2007.0,Hot-Humid
2016-10-21 14:00:00,Panther_lodging_Marisol,177.1342,30.0,4.0,17.8,1008.2,7.2,14,5,10,295,18667.3,2007.0,Hot-Humid
2016-10-21 15:00:00,Panther_lodging_Marisol,184.8357,30.0,4.0,17.2,1007.8,5.1,15,5,10,295,18667.3,2007.0,Hot-Humid
2016-10-21 16:00:00,Panther_lodging_Marisol,188.3363,28.9,4.0,17.2,1007.8,5.7,16,5,10,295,18667.3,2007.0,Hot-Humid
2016-10-21 17:00:00,Panther_lodging_Marisol,183.7855,28.3,4.0,17.2,1007.9,5.1,17,5,10,295,18667.3,2007.0,Hot-Humid
2016-10-21 18:00:00,Panther_lodging_Marisol,193.3873,27.2,4.0,17.2,1008.6,4.1,18,5,10,295,18667.3,2007.0,Hot-Humid
2016-10-21 19:00:00,Panther_lodging_Marisol,192.8872,26.1,2.0,17.8,1009.2,3.6,19,5,10,295,18667.3,2007.0,Hot-Humid
2016-10-21 20:00:00,Panther_lodging_Marisol,191.787,25.0,2.0,18.9,1009.8,6.2,20,5,10,295,18667.3,2007.0,Hot-Humid
2016-10-21 21:00:00,Panther_lodging_Marisol,178.7345,23.3,2.0,19.4,1010.4,3.6,21,5,10,295,18667.3,2007.0,Hot-Humid
2016-10-21 22:00:00,Panther_lodging_Marisol,182.6353,23.3,2.0,18.9,1011.0,4.6,22,5,10,295,18667.3,2007.0,Hot-Humid
2016-10-21 23:00:00,Panther_lodging_Marisol,187.4862,22.2,2.0,12.2,1011.4,5.7,23,5,10,295,18667.3,2007.0,Hot-Humid
2016-10-22 00:00:00,Panther_lodging_Marisol,172.8834,21.1,4.0,8.9,1011.5,6.2,0,6,10,296,18667.3,2007.0,Hot-Humid
2016-10-22 01:00:00,Panther_lodging_Marisol,156.3802,20.0,2.0,8.9,1012.0,5.7,1,6,10,296,18667.3,2007.0,Hot-Humid
2016-10-22 02:00:00,Panther_lodging_Marisol,167.3323,18.9,2.0,7.8,1012.3,7.7,2,6,10,296,18667.3,2007.0,Hot-Humid
2016-10-22 03:00:00,Panther_lodging_Marisol,154.1297,17.8,0.0,8.3,1012.5,4.6,3,6,10,296,18667.3,2007.0,Hot-Humid
2016-10-22 04:00:00,Panther_lodging_Marisol,152.5794,16.1,0.0,8.3,1012.6,3.1,4,6,10,296,18667.3,2007.0,Hot-Humid
2016-10-22 05:00:00,Panther_lodging_Marisol,150.7291,16.1,0.0,7.8,1013.4,5.1,5,6,10,296,18667.3,2007.0,Hot-Humid
2016-10-22 06:00:00,Panther_lodging_Marisol,144.7779,15.6,0.0,7.2,1014.1,4.6,6,6,10,296,18667.3,2007.0,Hot-Humid
2016-10-22 07:00:00,Panther_lodging_Marisol,156.7803,14.4,0.0,7.2,1015.0,3.6,7,6,10,296,18667.3,2007.0,Hot-Humid
2016-10-22 08:00:00,Panther_lodging_Marisol,162.2813,16.7,0.0,7.8,1015.9,4.1,8,6,10,296,18667.3,2007.0,Hot-Humid
2016-10-22 09:00:00,Panther_lodging_Marisol,170.6329,18.3,0.0,7.8,1016.5,5.1,9,6,10,296,18667.3,2007.0,Hot-Humid
2016-10-22 10:00:00,Panther_lodging_Marisol,184.9857,19.4,0.0,7.8,1016.7,5.1,10,6,10,296,18667.3,2007.0,Hot-Humid
2016-10-22 11:00:00,Panther_lodging_Marisol,166.9822,20.6,0.0,6.7,1016.9,5.1,11,6,10,296,18667.3,2007.0,Hot-Humid
2016-10-22 12:00:00,Panther_lodging_Marisol,156.0301,21.7,0.0,6.7,1016.4,3.6,12,6,10,296,18667.3,2007.0,Hot-Humid
2016-10-22 13:00:00,Panther_lodging_Marisol,164.0317,23.3,0.0,6.1,1015.4,4.6,13,6,10,296,18667.3,2007.0,Hot-Humid
2016-10-22 14:00:00,Panther_lodging_Marisol,162.8314,23.3,2.0,4.4,1014.7,3.1,14,6,10,296,18667.3,2007.0,Hot-Humid
2016-10-22 15:00:00,Panther_lodging_Marisol,168.9326,23.9,0.0,2.8,1014.5,3.6,15,6,10,296,18667.3,2007.0,Hot-Humid
2016-10-22 16:00:00,Panther_lodging_Marisol,163.9816,23.9,0.0,6.1,1014.7,3.1,16,6,10,296,18667.3,2007.0,Hot-Humid
2016-10-22 17:00:00,Panther_lodging_Marisol,170.1828,22.8,0.0,6.1,1015.0,3.6,17,6,10,296,18667.3,2007.0,Hot-Humid
2016-10-22 18:00:00,Panther_lodging_Marisol,178.2344,20.6,0.0,6.1,1015.9,3.1,18,6,10,296,18667.3,2007.0,Hot-Humid
2016-10-22 19:00:00,Panther_lodging_Marisol,200.2387,19.4,0.0,6.1,1016.6,3.1,19,6,10,296,18667.3,2007.0,Hot-Humid
2016-10-22 20:00:00,Panther_lodging_Marisol,185.8359,18.3,0.0,7.8,1017.5,2.1,20,6,10,296,18667.3,2007.0,Hot-Humid
2016-10-22 21:00:00,Panther_lodging_Marisol,189.2865,16.7,0.0,8.9,1018.4,3.1,21,6,10,296,18667.3,2007.0,Hot-Humid
2016-10-22 22:00:00,Panther_lodging_Marisol,200.4887,16.1,0.0,8.9,1018.9,2.1,22,6,10,296,18667.3,2007.0,Hot-Humid
2016-10-22 23:00:00,Panther_lodging_Marisol,204.0894,15.0,0.0,8.9,1018.9,3.1,23,6,10,296,18667.3,2007.0,Hot-Humid
2016-10-23 00:00:00,Panther_lodging_Marisol,197.188,13.9,0.0,9.4,1019.0,3.6,0,7,10,297,18667.3,2007.0,Hot-Humid
2016-10-23 01:00:00,Panther_lodging_Marisol,180.7349,13.9,0.0,8.9,1019.4,3.1,1,7,10,297,18667.3,2007.0,Hot-Humid
2016-10-23 02:00:00,Panther_lodging_Marisol,180.2848,14.4,0.0,8.3,1019.5,3.6,2,7,10,297,18667.3,2007.0,Hot-Humid
2016-10-23 03:00:00,Panther_lodging_Marisol,168.7826,13.9,0.0,7.8,1019.5,2.6,3,7,10,297,18667.3,2007.0,Hot-Humid
2016-10-23 04:00:00,Panther_lodging_Marisol,173.7335,12.2,0.0,7.2,1019.7,2.6,4,7,10,297,18667.3,2007.0,Hot-Humid
2016-10-23 05:00:00,Panther_lodging_Marisol,163.3815,12.8,0.0,7.2,1020.2,3.6,5,7,10,297,18667.3,2007.0,Hot-Humid
2016-10-23 06:00:00,Panther_lodging_Marisol,157.3304,13.3,0.0,7.8,1021.0,3.1,6,7,10,297,18667.3,2007.0,Hot-Humid
2016-10-23 07:00:00,Panther_lodging_Marisol,157.8305,13.3,0.0,8.3,1021.8,3.1,7,7,10,297,18667.3,2007.0,Hot-Humid
2016-10-23 08:00:00,Panther_lodging_Marisol,162.8814,17.2,0.0,7.2,1022.6,4.6,8,7,10,297,18667.3,2007.0,Hot-Humid
2016-10-23 09:00:00,Panther_lodging_Marisol,159.2307,19.4,0.0,6.1,1023.3,4.6,9,7,10,297,18667.3,2007.0,Hot-Humid
2016-10-23 10:00:00,Panther_lodging_Marisol,154.3798,21.7,0.0,7.8,1023.5,4.6,10,7,10,297,18667.3,2007.0,Hot-Humid
2016-10-23 11:00:00,Panther_lodging_Marisol,152.5794,22.8,0.0,9.4,1023.5,5.1,11,7,10,297,18667.3,2007.0,Hot-Humid
2016-10-23 12:00:00,Panther_lodging_Marisol,175.4339,23.9,2.0,10.6,1023.1,4.1,12,7,10,297,18667.3,2007.0,Hot-Humid
2016-10-23 13:00:00,Panther_lodging_Marisol,171.2831,25.0,2.0,11.1,1022.2,4.1,13,7,10,297,18667.3,2007.0,Hot-Humid
2016-10-23 14:00:00,Panther_lodging_Marisol,172.8333,26.1,2.0,11.1,1021.4,5.7,14,7,10,297,18667.3,2007.0,Hot-Humid
2016-10-23 15:00:00,Panther_lodging_Marisol,169.2326,25.6,2.0,10.6,1021.3,4.1,15,7,10,297,18667.3,2007.0,Hot-Humid
2016-10-23 16:00:00,Panther_lodging_Marisol,173.3334,24.4,2.0,10.6,1021.4,6.7,16,7,10,297,18667.3,2007.0,Hot-Humid
2016-10-23 17:00:00,Panther_lodging_Marisol,185.7859,23.3,2.0,11.1,1021.6,5.1,17,7,10,297,18667.3,2007.0,Hot-Humid
2016-10-23 18:00:00,Panther_lodging_Marisol,195.0876,21.7,2.0,11.1,1022.0,5.1,18,7,10,297,18667.3,2007.0,Hot-Humid
2016-10-23 19:00:00,Panther_lodging_Marisol,202.039,20.0,2.0,11.7,1022.4,5.1,19,7,10,297,18667.3,2007.0,Hot-Humid
2016-10-23 20:00:00,Panther_lodging_Marisol,196.6879,18.9,0.0,11.1,1023.0,5.7,20,7,10,297,18667.3,2007.0,Hot-Humid
2016-10-23 21:00:00,Panther_lodging_Marisol,199.9886,17.2,0.0,11.7,1023.3,3.1,21,7,10,297,18667.3,2007.0,Hot-Humid
2016-10-23 22:00:00,Panther_lodging_Marisol,200.2387,17.8,0.0,11.7,1023.9,4.1,22,7,10,297,18667.3,2007.0,Hot-Humid
2016-10-23 23:00:00,Panther_lodging_Marisol,193.1373,17.2,0.0,11.7,1023.8,3.6,23,7,10,297,18667.3,2007.0,Hot-Humid
2016-10-24 00:00:00,Panther_lodging_Marisol,174.0836,16.1,0.0,11.7,1023.4,3.6,0,1,10,298,18667.3,2007.0,Hot-Humid
2016-10-24 01:00:00,Panther_lodging_Marisol,167.1322,16.1,0.0,11.1,1023.2,3.6,1,1,10,298,18667.3,2007.0,Hot-Humid
2016-10-24 02:00:00,Panther_lodging_Marisol,159.0307,16.1,2.0,10.6,1023.2,3.1,2,1,10,298,18667.3,2007.0,Hot-Humid
2016-10-24 03:00:00,Panther_lodging_Marisol,156.6802,15.6,2.0,11.1,1022.9,3.1,3,1,10,298,18667.3,2007.0,Hot-Humid
2016-10-24 04:00:00,Panther_lodging_Marisol,159.5808,15.0,2.0,10.6,1022.9,3.6,4,1,10,298,18667.3,2007.0,Hot-Humid
2016-10-24 05:00:00,Panther_lodging_Marisol,147.0284,15.0,2.0,11.1,1023.0,3.1,5,1,10,298,18667.3,2007.0,Hot-Humid
2016-10-24 06:00:00,Panther_lodging_Marisol,141.1773,15.0,4.0,10.6,1023.4,3.1,6,1,10,298,18667.3,2007.0,Hot-Humid
2016-10-24 07:00:00,Panther_lodging_Marisol,160.531,15.0,2.0,11.7,1023.8,2.6,7,1,10,298,18667.3,2007.0,Hot-Humid
2016-10-24 08:00:00,Panther_lodging_Marisol,186.1859,18.3,2.0,11.7,1024.2,3.6,8,1,10,298,18667.3,2007.0,Hot-Humid
2016-10-24 09:00:00,Panther_lodging_Marisol,182.1352,21.1,4.0,12.2,1024.5,4.6,9,1,10,298,18667.3,2007.0,Hot-Humid
2016-10-24 10:00:00,Panther_lodging_Marisol,176.28400000000005,23.3,4.5,13.3,1024.5,5.1,10,1,10,298,18667.3,2007.0,Hot-Humid
2016-10-24 11:00:00,Panther_lodging_Marisol,186.436,23.9,5.0,13.3,1024.2,3.6,11,1,10,298,18667.3,2007.0,Hot-Humid
2016-10-24 12:00:00,Panther_lodging_Marisol,209.9905,25.0,5.5,13.3,1023.3,2.6,12,1,10,298,18667.3,2007.0,Hot-Humid
2016-10-24 13:00:00,Panther_lodging_Marisol,202.5391,25.6,6.0,12.8,1022.3,1.5,13,1,10,298,18667.3,2007.0,Hot-Humid
2016-10-24 14:00:00,Panther_lodging_Marisol,196.988,26.1,5.6,13.3,1021.5,3.6,14,1,10,298,18667.3,2007.0,Hot-Humid
2016-10-24 15:00:00,Panther_lodging_Marisol,207.6901,25.6,5.2,12.2,1020.9,4.1,15,1,10,298,18667.3,2007.0,Hot-Humid
2016-10-24 16:00:00,Panther_lodging_Marisol,192.3871,25.0,4.8,12.8,1020.7,5.1,16,1,10,298,18667.3,2007.0,Hot-Humid
2016-10-24 17:00:00,Panther_lodging_Marisol,199.2885,24.4,4.8,13.3,1020.6,4.1,17,1,10,298,18667.3,2007.0,Hot-Humid
2016-10-24 18:00:00,Panther_lodging_Marisol,200.6887,21.7,4.0,13.9,1021.3,3.6,18,1,10,298,18667.3,2007.0,Hot-Humid
2016-10-24 19:00:00,Panther_lodging_Marisol,223.3931,20.6,0.0,13.9,1021.8,2.6,19,1,10,298,18667.3,2007.0,Hot-Humid
2016-10-24 20:00:00,Panther_lodging_Marisol,221.8928,20.0,0.0,14.4,1022.4,3.1,20,1,10,298,18667.3,2007.0,Hot-Humid
2016-10-24 21:00:00,Panther_lodging_Marisol,223.1931,18.9,0.0,14.4,1022.8,3.1,21,1,10,298,18667.3,2007.0,Hot-Humid
2016-10-24 22:00:00,Panther_lodging_Marisol,207.54,18.3,2.0,12.8,1022.9,1.5,22,1,10,298,18667.3,2007.0,Hot-Humid
2016-10-24 23:00:00,Panther_lodging_Marisol,193.9374,17.8,2.0,12.2,1022.7,2.1,23,1,10,298,18667.3,2007.0,Hot-Humid
2016-10-25 00:00:00,Panther_lodging_Marisol,191.0869,17.2,4.0,12.2,1022.2,1.5,0,2,10,299,18667.3,2007.0,Hot-Humid
2016-10-25 01:00:00,Panther_lodging_Marisol,169.3327,16.7,4.0,11.7,1021.9,1.5,1,2,10,299,18667.3,2007.0,Hot-Humid
2016-10-25 02:00:00,Panther_lodging_Marisol,158.4806,16.1,4.333333333333333,12.2,1021.3,1.5,2,2,10,299,18667.3,2007.0,Hot-Humid
2016-10-25 03:00:00,Panther_lodging_Marisol,151.9293,16.1,4.666666666666667,11.7,1021.1,1.5,3,2,10,299,18667.3,2007.0,Hot-Humid
2016-10-25 04:00:00,Panther_lodging_Marisol,146.9784,16.1,5.0,12.2,1020.9,1.5,4,2,10,299,18667.3,2007.0,Hot-Humid
2016-10-25 05:00:00,Panther_lodging_Marisol,148.4786,15.6,5.0,13.3,1021.2,3.1,5,2,10,299,18667.3,2007.0,Hot-Humid
2016-10-25 06:00:00,Panther_lodging_Marisol,145.8281,16.1,5.0,12.8,1021.6,2.1,6,2,10,299,18667.3,2007.0,Hot-Humid
2016-10-25 07:00:00,Panther_lodging_Marisol,159.3807,16.7,6.0,12.8,1022.0,1.5,7,2,10,299,18667.3,2007.0,Hot-Humid
2016-10-25 08:00:00,Panther_lodging_Marisol,155.68,18.3,6.0,14.4,1022.6,1.5,8,2,10,299,18667.3,2007.0,Hot-Humid
2016-10-25 09:00:00,Panther_lodging_Marisol,162.2813,21.1,6.0,15.0,1022.8,1.5,9,2,10,299,18667.3,2007.0,Hot-Humid
2016-10-25 10:00:00,Panther_lodging_Marisol,169.7327,22.8,6.0,13.9,1023.2,3.6,10,2,10,299,18667.3,2007.0,Hot-Humid
2016-10-25 11:00:00,Panther_lodging_Marisol,169.7327,25.6,6.0,15.0,1023.0,3.1,11,2,10,299,18667.3,2007.0,Hot-Humid
2016-10-25 12:00:00,Panther_lodging_Marisol,193.3373,26.1,6.0,15.6,1022.3,5.1,12,2,10,299,18667.3,2007.0,Hot-Humid
2016-10-25 13:00:00,Panther_lodging_Marisol,185.5358,27.2,6.0,16.1,1021.5,5.1,13,2,10,299,18667.3,2007.0,Hot-Humid
2016-10-25 14:00:00,Panther_lodging_Marisol,180.4848,27.2,6.0,15.6,1020.6,4.6,14,2,10,299,18667.3,2007.0,Hot-Humid
2016-10-25 15:00:00,Panther_lodging_Marisol,190.9368,27.8,6.0,15.0,1020.3,5.7,15,2,10,299,18667.3,2007.0,Hot-Humid
2016-10-25 16:00:00,Panther_lodging_Marisol,194.1375,26.1,6.0,15.6,1020.5,5.7,16,2,10,299,18667.3,2007.0,Hot-Humid
2016-10-25 17:00:00,Panther_lodging_Marisol,193.8874,25.0,6.0,16.1,1020.8,6.2,17,2,10,299,18667.3,2007.0,Hot-Humid
2016-10-25 18:00:00,Panther_lodging_Marisol,197.9882,23.3,6.0,16.1,1021.3,4.1,18,2,10,299,18667.3,2007.0,Hot-Humid
2016-10-25 19:00:00,Panther_lodging_Marisol,208.6903,22.2,6.0,16.1,1022.0,3.1,19,2,10,299,18667.3,2007.0,Hot-Humid
2016-10-25 20:00:00,Panther_lodging_Marisol,201.7889,22.2,5.666666666666667,16.7,1022.3,3.6,20,2,10,299,18667.3,2007.0,Hot-Humid
2016-10-25 21:00:00,Panther_lodging_Marisol,206.4398,21.7,5.333333333333333,17.2,1023.1,3.1,21,2,10,299,18667.3,2007.0,Hot-Humid
2016-10-25 22:00:00,Panther_lodging_Marisol,189.0865,20.6,5.0,17.2,1023.1,3.1,22,2,10,299,18667.3,2007.0,Hot-Humid
2016-10-25 23:00:00,Panther_lodging_Marisol,188.6864,20.0,5.0,17.2,1022.8,3.1,23,2,10,299,18667.3,2007.0,Hot-Humid
2016-10-26 00:00:00,Panther_lodging_Marisol,187.2361,18.9,5.0,17.2,1022.9,0.0,0,3,10,300,18667.3,2007.0,Hot-Humid
2016-10-26 01:00:00,Panther_lodging_Marisol,172.5333,18.9,4.0,17.2,1022.3,2.6,1,3,10,300,18667.3,2007.0,Hot-Humid
2016-10-26 02:00:00,Panther_lodging_Marisol,179.1346,18.3,2.0,17.2,1022.2,2.6,2,3,10,300,18667.3,2007.0,Hot-Humid
2016-10-26 03:00:00,Panther_lodging_Marisol,158.9807,17.8,2.0,16.7,1022.1,2.6,3,3,10,300,18667.3,2007.0,Hot-Humid
2016-10-26 04:00:00,Panther_lodging_Marisol,157.2804,17.8,2.0,16.7,1021.5,3.1,4,3,10,300,18667.3,2007.0,Hot-Humid
2016-10-26 05:00:00,Panther_lodging_Marisol,158.6806,18.3,3.0,17.2,1022.0,3.1,5,3,10,300,18667.3,2007.0,Hot-Humid
2016-10-26 06:00:00,Panther_lodging_Marisol,153.8797,18.9,4.0,17.2,1022.1,3.1,6,3,10,300,18667.3,2007.0,Hot-Humid
2016-10-26 07:00:00,Panther_lodging_Marisol,158.5306,19.4,2.0,16.7,1022.5,2.6,7,3,10,300,18667.3,2007.0,Hot-Humid
2016-10-26 08:00:00,Panther_lodging_Marisol,168.4825,22.2,2.0,17.2,1022.9,4.1,8,3,10,300,18667.3,2007.0,Hot-Humid
2016-10-26 09:00:00,Panther_lodging_Marisol,170.833,25.0,2.0,17.8,1023.5,4.6,9,3,10,300,18667.3,2007.0,Hot-Humid
2016-10-26 10:00:00,Panther_lodging_Marisol,161.2311,26.7,2.0,16.1,1023.3,8.8,10,3,10,300,18667.3,2007.0,Hot-Humid
2016-10-26 11:00:00,Panther_lodging_Marisol,179.8347,27.2,4.0,15.6,1023.3,8.2,11,3,10,300,18667.3,2007.0,Hot-Humid
2016-10-26 12:00:00,Panther_lodging_Marisol,197.8382,28.3,4.0,15.0,1022.8,8.2,12,3,10,300,18667.3,2007.0,Hot-Humid
2016-10-26 13:00:00,Panther_lodging_Marisol,184.9357,28.9,4.0,14.4,1022.1,8.2,13,3,10,300,18667.3,2007.0,Hot-Humid
2016-10-26 14:00:00,Panther_lodging_Marisol,179.3846,28.9,4.0,16.1,1021.4,8.2,14,3,10,300,18667.3,2007.0,Hot-Humid
2016-10-26 15:00:00,Panther_lodging_Marisol,176.03400000000005,27.2,4.0,16.7,1021.5,5.1,15,3,10,300,18667.3,2007.0,Hot-Humid
2016-10-26 16:00:00,Panther_lodging_Marisol,184.0855,26.7,4.0,17.2,1021.4,6.7,16,3,10,300,18667.3,2007.0,Hot-Humid
2016-10-26 17:00:00,Panther_lodging_Marisol,189.3866,25.6,4.0,18.3,1021.6,7.2,17,3,10,300,18667.3,2007.0,Hot-Humid
2016-10-26 18:00:00,Panther_lodging_Marisol,190.5368,24.4,4.0,17.2,1022.0,6.7,18,3,10,300,18667.3,2007.0,Hot-Humid
2016-10-26 19:00:00,Panther_lodging_Marisol,214.3414,23.3,0.0,17.2,1022.4,5.1,19,3,10,300,18667.3,2007.0,Hot-Humid
2016-10-26 20:00:00,Panther_lodging_Marisol,205.4396,22.2,4.0,16.7,1022.8,4.6,20,3,10,300,18667.3,2007.0,Hot-Humid
2016-10-26 21:00:00,Panther_lodging_Marisol,217.2919,22.2,4.4,16.7,1022.9,4.1,21,3,10,300,18667.3,2007.0,Hot-Humid
2016-10-26 22:00:00,Panther_lodging_Marisol,203.6893,21.7,4.8,16.7,1023.3,4.1,22,3,10,300,18667.3,2007.0,Hot-Humid
2016-10-26 23:00:00,Panther_lodging_Marisol,189.7866,21.7,5.2,16.7,1023.1,4.1,23,3,10,300,18667.3,2007.0,Hot-Humid
2016-10-27 00:00:00,Panther_lodging_Marisol,183.0853,21.1,5.2,16.1,1022.4,4.1,0,4,10,301,18667.3,2007.0,Hot-Humid
2016-10-27 01:00:00,Panther_lodging_Marisol,163.3815,20.6,6.0,16.1,1022.2,3.1,1,4,10,301,18667.3,2007.0,Hot-Humid
2016-10-27 02:00:00,Panther_lodging_Marisol,150.129,20.6,5.0,16.7,1021.6,3.6,2,4,10,301,18667.3,2007.0,Hot-Humid
2016-10-27 03:00:00,Panther_lodging_Marisol,155.38,20.0,4.0,16.7,1021.0,3.6,3,4,10,301,18667.3,2007.0,Hot-Humid
2016-10-27 04:00:00,Panther_lodging_Marisol,146.2782,20.0,4.0,16.1,1020.9,3.1,4,4,10,301,18667.3,2007.0,Hot-Humid
2016-10-27 05:00:00,Panther_lodging_Marisol,150.9791,20.6,4.0,16.7,1021.2,3.1,5,4,10,301,18667.3,2007.0,Hot-Humid
2016-10-27 06:00:00,Panther_lodging_Marisol,147.5285,20.0,4.0,16.7,1021.7,3.1,6,4,10,301,18667.3,2007.0,Hot-Humid
2016-10-27 07:00:00,Panther_lodging_Marisol,158.5806,21.1,6.0,16.7,1022.2,4.6,7,4,10,301,18667.3,2007.0,Hot-Humid
2016-10-27 08:00:00,Panther_lodging_Marisol,155.9801,22.8,6.0,16.7,1022.9,4.1,8,4,10,301,18667.3,2007.0,Hot-Humid
2016-10-27 09:00:00,Panther_lodging_Marisol,162.5814,25.6,6.0,17.8,1023.2,5.7,9,4,10,301,18667.3,2007.0,Hot-Humid
2016-10-27 10:00:00,Panther_lodging_Marisol,169.7828,26.1,6.0,17.2,1023.5,7.2,10,4,10,301,18667.3,2007.0,Hot-Humid
2016-10-27 11:00:00,Panther_lodging_Marisol,179.6847,27.8,6.0,15.6,1023.3,8.2,11,4,10,301,18667.3,2007.0,Hot-Humid
2016-10-27 12:00:00,Panther_lodging_Marisol,193.4373,28.3,6.0,15.0,1022.8,8.8,12,4,10,301,18667.3,2007.0,Hot-Humid
2016-10-27 13:00:00,Panther_lodging_Marisol,186.9861,27.2,6.0,17.2,1021.6,6.2,13,4,10,301,18667.3,2007.0,Hot-Humid
2016-10-27 14:00:00,Panther_lodging_Marisol,192.6872,28.3,6.333333333333333,14.4,1021.0,6.7,14,4,10,301,18667.3,2007.0,Hot-Humid
2016-10-27 15:00:00,Panther_lodging_Marisol,189.1865,27.2,6.666666666666667,15.6,1021.0,6.2,15,4,10,301,18667.3,2007.0,Hot-Humid
2016-10-27 16:00:00,Panther_lodging_Marisol,194.0874,26.1,7.0,16.1,1020.7,7.2,16,4,10,301,18667.3,2007.0,Hot-Humid
2016-10-27 17:00:00,Panther_lodging_Marisol,201.2888,25.0,7.0,16.1,1020.8,5.7,17,4,10,301,18667.3,2007.0,Hot-Humid
2016-10-27 18:00:00,Panther_lodging_Marisol,208.4902,24.4,7.0,16.1,1021.0,4.6,18,4,10,301,18667.3,2007.0,Hot-Humid
2016-10-27 19:00:00,Panther_lodging_Marisol,205.3896,23.9,8.0,16.7,1021.6,4.1,19,4,10,301,18667.3,2007.0,Hot-Humid
2016-10-27 20:00:00,Panther_lodging_Marisol,213.5912,23.3,8.0,16.7,1022.1,4.1,20,4,10,301,18667.3,2007.0,Hot-Humid
2016-10-27 21:00:00,Panther_lodging_Marisol,203.2392,23.3,8.0,17.8,1021.9,4.6,21,4,10,301,18667.3,2007.0,Hot-Humid
2016-10-27 22:00:00,Panther_lodging_Marisol,206.3898,22.8,8.0,18.3,1022.0,3.6,22,4,10,301,18667.3,2007.0,Hot-Humid
2016-10-27 23:00:00,Panther_lodging_Marisol,199.6385,22.2,8.0,17.8,1021.2,5.1,23,4,10,301,18667.3,2007.0,Hot-Humid
2016-10-28 00:00:00,Panther_lodging_Marisol,188.8865,22.2,8.0,17.8,1021.1,3.6,0,5,10,302,18667.3,2007.0,Hot-Humid
2016-10-28 01:00:00,Panther_lodging_Marisol,174.9338,21.7,8.0,17.2,1020.6,3.1,1,5,10,302,18667.3,2007.0,Hot-Humid
2016-10-28 02:00:00,Panther_lodging_Marisol,165.68200000000004,21.1,6.666666666666667,17.2,1020.0,4.1,2,5,10,302,18667.3,2007.0,Hot-Humid
2016-10-28 03:00:00,Panther_lodging_Marisol,160.58100000000005,20.0,5.333333333333334,17.2,1019.7,3.1,3,5,10,302,18667.3,2007.0,Hot-Humid
2016-10-28 04:00:00,Panther_lodging_Marisol,158.2305,20.0,4.0,17.2,1019.3,3.6,4,5,10,302,18667.3,2007.0,Hot-Humid
2016-10-28 05:00:00,Panther_lodging_Marisol,163.3815,19.4,4.666666666666667,16.7,1019.9,3.6,5,5,10,302,18667.3,2007.0,Hot-Humid
2016-10-28 06:00:00,Panther_lodging_Marisol,155.53,20.0,5.333333333333333,17.2,1020.4,4.1,6,5,10,302,18667.3,2007.0,Hot-Humid
2016-10-28 07:00:00,Panther_lodging_Marisol,174.7837,21.1,6.0,17.2,1020.7,5.1,7,5,10,302,18667.3,2007.0,Hot-Humid
2016-10-28 08:00:00,Panther_lodging_Marisol,172.2833,22.2,6.0,17.2,1021.5,4.1,8,5,10,302,18667.3,2007.0,Hot-Humid
2016-10-28 09:00:00,Panther_lodging_Marisol,163.2815,23.9,6.0,18.3,1021.9,4.1,9,5,10,302,18667.3,2007.0,Hot-Humid
2016-10-28 10:00:00,Panther_lodging_Marisol,172.4333,26.7,6.0,18.3,1021.7,6.2,10,5,10,302,18667.3,2007.0,Hot-Humid
2016-10-28 11:00:00,Panther_lodging_Marisol,172.4333,27.8,6.0,16.7,1021.3,9.3,11,5,10,302,18667.3,2007.0,Hot-Humid
2016-10-28 12:00:00,Panther_lodging_Marisol,199.9886,28.3,6.0,15.6,1020.6,8.2,12,5,10,302,18667.3,2007.0,Hot-Humid
2016-10-28 13:00:00,Panther_lodging_Marisol,186.486,28.3,6.0,16.1,1019.8,9.3,13,5,10,302,18667.3,2007.0,Hot-Humid
2016-10-28 14:00:00,Panther_lodging_Marisol,177.8343,28.3,5.666666666666667,16.7,1019.3,8.8,14,5,10,302,18667.3,2007.0,Hot-Humid
2016-10-28 15:00:00,Panther_lodging_Marisol,173.3334,27.2,5.333333333333333,16.1,1019.2,8.8,15,5,10,302,18667.3,2007.0,Hot-Humid
2016-10-28 16:00:00,Panther_lodging_Marisol,181.0349,26.1,5.0,17.2,1019.1,8.2,16,5,10,302,18667.3,2007.0,Hot-Humid
2016-10-28 17:00:00,Panther_lodging_Marisol,177.1842,25.0,5.0,16.7,1019.3,7.7,17,5,10,302,18667.3,2007.0,Hot-Humid
2016-10-28 18:00:00,Panther_lodging_Marisol,185.5858,24.4,5.0,16.7,1019.2,6.2,18,5,10,302,18667.3,2007.0,Hot-Humid
2016-10-28 19:00:00,Panther_lodging_Marisol,188.9365,23.3,4.0,17.2,1019.4,6.2,19,5,10,302,18667.3,2007.0,Hot-Humid
2016-10-28 20:00:00,Panther_lodging_Marisol,183.0353,23.3,4.0,17.2,1019.7,6.2,20,5,10,302,18667.3,2007.0,Hot-Humid
2016-10-28 21:00:00,Panther_lodging_Marisol,184.8857,22.8,2.0,17.8,1020.2,4.1,21,5,10,302,18667.3,2007.0,Hot-Humid
2016-10-28 22:00:00,Panther_lodging_Marisol,178.4344,22.2,2.0,17.8,1020.6,3.6,22,5,10,302,18667.3,2007.0,Hot-Humid
2016-10-28 23:00:00,Panther_lodging_Marisol,182.1352,22.2,2.0,17.8,1020.4,4.6,23,5,10,302,18667.3,2007.0,Hot-Humid
2016-10-29 00:00:00,Panther_lodging_Marisol,183.1353,21.1,2.0,17.8,1020.1,4.6,0,6,10,303,18667.3,2007.0,Hot-Humid
2016-10-29 01:00:00,Panther_lodging_Marisol,166.3321,21.1,2.0,17.8,1020.0,3.6,1,6,10,303,18667.3,2007.0,Hot-Humid
2016-10-29 02:00:00,Panther_lodging_Marisol,149.8289,20.6,4.0,17.8,1019.7,4.1,2,6,10,303,18667.3,2007.0,Hot-Humid
2016-10-29 03:00:00,Panther_lodging_Marisol,152.8795,20.6,4.0,17.8,1019.9,4.1,3,6,10,303,18667.3,2007.0,Hot-Humid
2016-10-29 04:00:00,Panther_lodging_Marisol,149.6289,21.1,4.0,17.8,1019.7,5.1,4,6,10,303,18667.3,2007.0,Hot-Humid
2016-10-29 05:00:00,Panther_lodging_Marisol,137.7266,20.6,4.0,17.2,1019.7,3.6,5,6,10,303,18667.3,2007.0,Hot-Humid
2016-10-29 06:00:00,Panther_lodging_Marisol,149.7789,21.1,4.0,17.8,1019.7,4.6,6,6,10,303,18667.3,2007.0,Hot-Humid
2016-10-29 07:00:00,Panther_lodging_Marisol,149.0788,20.6,4.0,17.8,1020.2,3.6,7,6,10,303,18667.3,2007.0,Hot-Humid
2016-10-29 08:00:00,Panther_lodging_Marisol,161.3811,22.8,2.0,18.3,1020.8,4.6,8,6,10,303,18667.3,2007.0,Hot-Humid
2016-10-29 09:00:00,Panther_lodging_Marisol,153.9797,25.6,4.0,18.3,1021.0,6.2,9,6,10,303,18667.3,2007.0,Hot-Humid
2016-10-29 10:00:00,Panther_lodging_Marisol,155.63,27.2,4.5,18.3,1021.1,7.7,10,6,10,303,18667.3,2007.0,Hot-Humid
2016-10-29 11:00:00,Panther_lodging_Marisol,178.9845,27.2,5.0,18.3,1021.0,8.2,11,6,10,303,18667.3,2007.0,Hot-Humid
2016-10-29 12:00:00,Panther_lodging_Marisol,165.2319,27.8,5.5,17.2,1020.4,8.8,12,6,10,303,18667.3,2007.0,Hot-Humid
2016-10-29 13:00:00,Panther_lodging_Marisol,167.2823,27.8,6.0,17.2,1019.9,7.7,13,6,10,303,18667.3,2007.0,Hot-Humid
2016-10-29 14:00:00,Panther_lodging_Marisol,179.8347,28.9,5.666666666666667,16.1,1019.0,8.2,14,6,10,303,18667.3,2007.0,Hot-Humid
2016-10-29 15:00:00,Panther_lodging_Marisol,178.4344,27.2,5.333333333333333,16.7,1018.8,7.2,15,6,10,303,18667.3,2007.0,Hot-Humid
2016-10-29 16:00:00,Panther_lodging_Marisol,179.0846,26.7,5.0,17.2,1018.9,9.3,16,6,10,303,18667.3,2007.0,Hot-Humid
2016-10-29 17:00:00,Panther_lodging_Marisol,183.0353,26.1,5.0,17.2,1018.9,7.7,17,6,10,303,18667.3,2007.0,Hot-Humid
2016-10-29 18:00:00,Panther_lodging_Marisol,181.9851,24.4,5.0,17.8,1019.2,3.6,18,6,10,303,18667.3,2007.0,Hot-Humid
2016-10-29 19:00:00,Panther_lodging_Marisol,191.1369,23.9,4.0,18.3,1019.5,3.6,19,6,10,303,18667.3,2007.0,Hot-Humid
2016-10-29 20:00:00,Panther_lodging_Marisol,189.6366,23.3,4.0,18.3,1019.9,4.6,20,6,10,303,18667.3,2007.0,Hot-Humid
2016-10-29 21:00:00,Panther_lodging_Marisol,196.0878,23.3,4.8,18.9,1019.9,4.6,21,6,10,303,18667.3,2007.0,Hot-Humid
2016-10-29 22:00:00,Panther_lodging_Marisol,188.2363,22.8,5.6,18.9,1020.2,4.1,22,6,10,303,18667.3,2007.0,Hot-Humid
2016-10-29 23:00:00,Panther_lodging_Marisol,174.5837,22.2,6.4,18.3,1019.8,4.1,23,6,10,303,18667.3,2007.0,Hot-Humid
2016-10-30 00:00:00,Panther_lodging_Marisol,179.2346,21.7,6.4,18.3,1019.6,3.1,0,7,10,304,18667.3,2007.0,Hot-Humid
2016-10-30 01:00:00,Panther_lodging_Marisol,167.2323,21.7,8.0,18.3,1019.4,3.1,1,7,10,304,18667.3,2007.0,Hot-Humid
2016-10-30 02:00:00,Panther_lodging_Marisol,173.7335,20.6,7.2,17.8,1019.3,1.5,2,7,10,304,18667.3,2007.0,Hot-Humid
2016-10-30 03:00:00,Panther_lodging_Marisol,167.9824,19.4,6.4,17.8,1019.0,3.6,3,7,10,304,18667.3,2007.0,Hot-Humid
2016-10-30 04:00:00,Panther_lodging_Marisol,158.0305,20.0,5.6,18.3,1018.8,4.1,4,7,10,304,18667.3,2007.0,Hot-Humid
2016-10-30 05:00:00,Panther_lodging_Marisol,141.9274,20.0,5.6,18.3,1019.1,3.6,5,7,10,304,18667.3,2007.0,Hot-Humid
2016-10-30 06:00:00,Panther_lodging_Marisol,150.47899999999996,19.4,4.0,17.8,1019.5,3.1,6,7,10,304,18667.3,2007.0,Hot-Humid
2016-10-30 07:00:00,Panther_lodging_Marisol,157.8305,20.0,6.0,18.3,1019.7,3.6,7,7,10,304,18667.3,2007.0,Hot-Humid
2016-10-30 08:00:00,Panther_lodging_Marisol,157.5804,22.8,4.0,18.9,1020.2,3.1,8,7,10,304,18667.3,2007.0,Hot-Humid
2016-10-30 09:00:00,Panther_lodging_Marisol,158.7807,25.6,4.0,19.4,1020.2,4.1,9,7,10,304,18667.3,2007.0,Hot-Humid
2016-10-30 10:00:00,Panther_lodging_Marisol,172.8834,26.7,4.0,19.4,1020.3,5.1,10,7,10,304,18667.3,2007.0,Hot-Humid
2016-10-30 11:00:00,Panther_lodging_Marisol,169.7828,27.2,4.0,17.8,1019.8,5.7,11,7,10,304,18667.3,2007.0,Hot-Humid
2016-10-30 12:00:00,Panther_lodging_Marisol,174.0336,30.0,4.0,17.8,1019.1,5.1,12,7,10,304,18667.3,2007.0,Hot-Humid
2016-10-30 13:00:00,Panther_lodging_Marisol,179.3846,29.4,4.0,16.1,1018.3,6.7,13,7,10,304,18667.3,2007.0,Hot-Humid
2016-10-30 14:00:00,Panther_lodging_Marisol,170.7329,29.4,4.0,15.0,1017.7,7.2,14,7,10,304,18667.3,2007.0,Hot-Humid
2016-10-30 15:00:00,Panther_lodging_Marisol,180.4848,29.4,4.0,15.6,1017.5,6.7,15,7,10,304,18667.3,2007.0,Hot-Humid
2016-10-30 16:00:00,Panther_lodging_Marisol,182.3852,27.8,4.0,16.1,1017.3,6.2,16,7,10,304,18667.3,2007.0,Hot-Humid
2016-10-30 17:00:00,Panther_lodging_Marisol,191.837,26.7,4.0,17.2,1017.4,6.7,17,7,10,304,18667.3,2007.0,Hot-Humid
2016-10-30 18:00:00,Panther_lodging_Marisol,202.9392,24.4,4.0,17.8,1017.8,4.6,18,7,10,304,18667.3,2007.0,Hot-Humid
2016-10-30 19:00:00,Panther_lodging_Marisol,204.0394,23.9,6.0,17.8,1018.5,4.6,19,7,10,304,18667.3,2007.0,Hot-Humid
2016-10-30 20:00:00,Panther_lodging_Marisol,211.4408,22.8,6.0,18.3,1018.3,3.6,20,7,10,304,18667.3,2007.0,Hot-Humid
2016-10-30 21:00:00,Panther_lodging_Marisol,208.9903,22.2,6.0,17.8,1018.3,4.1,21,7,10,304,18667.3,2007.0,Hot-Humid
2016-10-30 22:00:00,Panther_lodging_Marisol,203.8393,21.1,6.0,17.8,1018.3,3.1,22,7,10,304,18667.3,2007.0,Hot-Humid
2016-10-30 23:00:00,Panther_lodging_Marisol,198.0882,20.6,6.0,17.2,1018.3,2.1,23,7,10,304,18667.3,2007.0,Hot-Humid
2016-10-31 00:00:00,Panther_lodging_Marisol,198.5383,19.4,6.0,17.2,1018.1,2.6,0,1,10,305,18667.3,2007.0,Hot-Humid
2016-10-31 01:00:00,Panther_lodging_Marisol,181.6851,18.9,6.0,17.2,1018.0,2.1,1,1,10,305,18667.3,2007.0,Hot-Humid
2016-10-31 02:00:00,Panther_lodging_Marisol,158.1305,18.3,5.0,17.2,1017.7,2.1,2,1,10,305,18667.3,2007.0,Hot-Humid
2016-10-31 03:00:00,Panther_lodging_Marisol,150.379,18.3,4.0,16.7,1017.5,1.5,3,1,10,305,18667.3,2007.0,Hot-Humid
2016-10-31 04:00:00,Panther_lodging_Marisol,152.3294,17.2,0.0,16.7,1017.1,1.5,4,1,10,305,18667.3,2007.0,Hot-Humid
2016-10-31 05:00:00,Panther_lodging_Marisol,155.63,17.2,0.0,17.2,1017.3,3.6,5,1,10,305,18667.3,2007.0,Hot-Humid
2016-10-31 06:00:00,Panther_lodging_Marisol,151.5293,16.7,0.0,16.7,1017.3,3.1,6,1,10,305,18667.3,2007.0,Hot-Humid
2016-10-31 07:00:00,Panther_lodging_Marisol,164.6318,16.7,2.0,16.7,1017.6,3.1,7,1,10,305,18667.3,2007.0,Hot-Humid
2016-10-31 08:00:00,Panther_lodging_Marisol,167.7824,19.4,2.0,18.3,1018.2,3.1,8,1,10,305,18667.3,2007.0,Hot-Humid
2016-10-31 09:00:00,Panther_lodging_Marisol,183.0853,24.4,2.0,18.3,1018.8,4.1,9,1,10,305,18667.3,2007.0,Hot-Humid
2016-10-31 10:00:00,Panther_lodging_Marisol,185.1857,26.1,2.0,17.8,1018.9,4.1,10,1,10,305,18667.3,2007.0,Hot-Humid
2016-10-31 11:00:00,Panther_lodging_Marisol,185.6858,27.2,2.0,17.8,1018.6,5.1,11,1,10,305,18667.3,2007.0,Hot-Humid
2016-10-31 12:00:00,Panther_lodging_Marisol,202.189,28.3,4.0,17.2,1018.1,4.6,12,1,10,305,18667.3,2007.0,Hot-Humid
2016-10-31 13:00:00,Panther_lodging_Marisol,199.5385,28.9,2.0,16.1,1017.0,4.6,13,1,10,305,18667.3,2007.0,Hot-Humid
2016-10-31 14:00:00,Panther_lodging_Marisol,199.9386,28.9,2.0,15.0,1016.6,5.7,14,1,10,305,18667.3,2007.0,Hot-Humid
2016-10-31 15:00:00,Panther_lodging_Marisol,194.8376,28.9,2.0,15.0,1016.2,7.2,15,1,10,305,18667.3,2007.0,Hot-Humid
2016-10-31 16:00:00,Panther_lodging_Marisol,192.8372,27.2,2.0,15.6,1016.2,6.7,16,1,10,305,18667.3,2007.0,Hot-Humid
2016-10-31 17:00:00,Panther_lodging_Marisol,187.7362,26.1,2.0,16.7,1016.7,5.1,17,1,10,305,18667.3,2007.0,Hot-Humid
2016-10-31 18:00:00,Panther_lodging_Marisol,204.5395,24.4,2.0,17.2,1017.3,5.1,18,1,10,305,18667.3,2007.0,Hot-Humid
2016-10-31 19:00:00,Panther_lodging_Marisol,207.0399,23.3,2.0,18.3,1018.1,3.6,19,1,10,305,18667.3,2007.0,Hot-Humid
2016-10-31 20:00:00,Panther_lodging_Marisol,210.5406,22.8,0.0,20.0,1018.4,4.1,20,1,10,305,18667.3,2007.0,Hot-Humid
2016-10-31 21:00:00,Panther_lodging_Marisol,198.2883,21.7,2.0,19.4,1018.8,3.1,21,1,10,305,18667.3,2007.0,Hot-Humid
2016-10-31 22:00:00,Panther_lodging_Marisol,204.3894,21.7,2.0,18.9,1019.0,3.1,22,1,10,305,18667.3,2007.0,Hot-Humid
2016-10-31 23:00:00,Panther_lodging_Marisol,191.1869,20.6,2.0,18.3,1018.8,1.5,23,1,10,305,18667.3,2007.0,Hot-Humid
2016-11-01 00:00:00,Panther_lodging_Marisol,195.1877,20.0,0.0,17.8,1018.6,1.5,0,2,11,306,18667.3,2007.0,Hot-Humid
2016-11-01 01:00:00,Panther_lodging_Marisol,180.8349,19.4,0.0,17.2,1018.6,1.5,1,2,11,306,18667.3,2007.0,Hot-Humid
2016-11-01 02:00:00,Panther_lodging_Marisol,175.4839,18.3,2.0,16.7,1018.6,1.5,2,2,11,306,18667.3,2007.0,Hot-Humid
2016-11-01 03:00:00,Panther_lodging_Marisol,173.6835,18.3,2.0,16.7,1018.6,0.0,3,2,11,306,18667.3,2007.0,Hot-Humid
2016-11-01 04:00:00,Panther_lodging_Marisol,166.4321,17.8,2.0,16.7,1018.5,1.5,4,2,11,306,18667.3,2007.0,Hot-Humid
2016-11-01 05:00:00,Panther_lodging_Marisol,166.9822,17.2,2.0,16.7,1018.9,1.5,5,2,11,306,18667.3,2007.0,Hot-Humid
2016-11-01 06:00:00,Panther_lodging_Marisol,173.6335,17.2,2.0,16.7,1019.4,1.5,6,2,11,306,18667.3,2007.0,Hot-Humid
2016-11-01 07:00:00,Panther_lodging_Marisol,157.5804,17.8,2.0,17.2,1019.9,2.6,7,2,11,306,18667.3,2007.0,Hot-Humid
2016-11-01 08:00:00,Panther_lodging_Marisol,148.4287,20.6,2.0,18.9,1020.8,2.6,8,2,11,306,18667.3,2007.0,Hot-Humid
2016-11-01 09:00:00,Panther_lodging_Marisol,160.0309,24.4,2.0,18.3,1021.3,4.6,9,2,11,306,18667.3,2007.0,Hot-Humid
2016-11-01 10:00:00,Panther_lodging_Marisol,175.9839,26.7,2.0,17.8,1021.5,5.7,10,2,11,306,18667.3,2007.0,Hot-Humid
2016-11-01 11:00:00,Panther_lodging_Marisol,180.7349,27.8,4.0,17.8,1021.5,6.7,11,2,11,306,18667.3,2007.0,Hot-Humid
2016-11-01 12:00:00,Panther_lodging_Marisol,191.937,27.2,4.0,17.2,1021.0,6.7,12,2,11,306,18667.3,2007.0,Hot-Humid
2016-11-01 13:00:00,Panther_lodging_Marisol,187.8362,29.4,4.0,16.1,1020.0,8.2,13,2,11,306,18667.3,2007.0,Hot-Humid
2016-11-01 14:00:00,Panther_lodging_Marisol,192.1371,29.4,4.0,15.6,1019.6,7.2,14,2,11,306,18667.3,2007.0,Hot-Humid
2016-11-01 15:00:00,Panther_lodging_Marisol,191.637,28.9,4.0,16.7,1019.5,6.2,15,2,11,306,18667.3,2007.0,Hot-Humid
2016-11-01 16:00:00,Panther_lodging_Marisol,188.1863,27.2,4.0,16.7,1019.5,6.2,16,2,11,306,18667.3,2007.0,Hot-Humid
2016-11-01 17:00:00,Panther_lodging_Marisol,198.7384,26.7,2.0,16.1,1019.8,5.7,17,2,11,306,18667.3,2007.0,Hot-Humid
2016-11-01 18:00:00,Panther_lodging_Marisol,209.9405,24.4,2.0,16.7,1020.2,3.6,18,2,11,306,18667.3,2007.0,Hot-Humid
2016-11-01 19:00:00,Panther_lodging_Marisol,219.8924,23.3,0.0,17.2,1020.6,3.6,19,2,11,306,18667.3,2007.0,Hot-Humid
2016-11-01 20:00:00,Panther_lodging_Marisol,204.6895,22.8,0.0,17.2,1020.9,2.6,20,2,11,306,18667.3,2007.0,Hot-Humid
2016-11-01 21:00:00,Panther_lodging_Marisol,200.0386,22.8,2.0,17.8,1021.0,3.1,21,2,11,306,18667.3,2007.0,Hot-Humid
2016-11-01 22:00:00,Panther_lodging_Marisol,197.4381,21.7,0.0,18.3,1021.1,2.6,22,2,11,306,18667.3,2007.0,Hot-Humid
2016-11-01 23:00:00,Panther_lodging_Marisol,194.5375,21.7,0.0,18.3,1021.3,0.0,23,2,11,306,18667.3,2007.0,Hot-Humid
2016-11-02 00:00:00,Panther_lodging_Marisol,193.5873,20.6,2.0,18.3,1021.3,2.1,0,3,11,307,18667.3,2007.0,Hot-Humid
2016-11-02 01:00:00,Panther_lodging_Marisol,167.3823,20.6,0.0,18.3,1021.4,1.5,1,3,11,307,18667.3,2007.0,Hot-Humid
2016-11-02 02:00:00,Panther_lodging_Marisol,164.3317,19.4,2.0,18.3,1021.1,2.6,2,3,11,307,18667.3,2007.0,Hot-Humid
2016-11-02 03:00:00,Panther_lodging_Marisol,158.3306,19.4,2.0,18.3,1020.9,3.1,3,3,11,307,18667.3,2007.0,Hot-Humid
2016-11-02 04:00:00,Panther_lodging_Marisol,153.9797,20.0,3.0,19.4,1020.9,1.5,4,3,11,307,18667.3,2007.0,Hot-Humid
2016-11-02 05:00:00,Panther_lodging_Marisol,159.5808,20.0,4.0,19.4,1021.3,1.5,5,3,11,307,18667.3,2007.0,Hot-Humid
2016-11-02 06:00:00,Panther_lodging_Marisol,153.0795,20.6,5.0,20.0,1021.7,2.6,6,3,11,307,18667.3,2007.0,Hot-Humid
2016-11-02 07:00:00,Panther_lodging_Marisol,162.6314,21.1,6.0,20.6,1022.0,3.1,7,3,11,307,18667.3,2007.0,Hot-Humid
2016-11-02 08:00:00,Panther_lodging_Marisol,161.4812,22.2,6.0,21.1,1022.4,2.6,8,3,11,307,18667.3,2007.0,Hot-Humid
2016-11-02 09:00:00,Panther_lodging_Marisol,167.2323,24.4,6.0,21.1,1023.1,4.6,9,3,11,307,18667.3,2007.0,Hot-Humid
2016-11-02 10:00:00,Panther_lodging_Marisol,167.0322,26.7,6.0,20.0,1023.2,6.2,10,3,11,307,18667.3,2007.0,Hot-Humid
2016-11-02 11:00:00,Panther_lodging_Marisol,182.3852,27.8,6.0,18.9,1023.1,7.2,11,3,11,307,18667.3,2007.0,Hot-Humid
2016-11-02 12:00:00,Panther_lodging_Marisol,181.0349,27.8,6.0,19.4,1022.5,7.2,12,3,11,307,18667.3,2007.0,Hot-Humid
2016-11-02 13:00:00,Panther_lodging_Marisol,198.7384,28.3,6.0,19.4,1021.7,6.7,13,3,11,307,18667.3,2007.0,Hot-Humid
2016-11-02 14:00:00,Panther_lodging_Marisol,188.1863,28.3,5.333333333333333,16.7,1021.3,7.2,14,3,11,307,18667.3,2007.0,Hot-Humid
2016-11-02 15:00:00,Panther_lodging_Marisol,194.1375,27.8,4.666666666666667,17.2,1021.1,6.2,15,3,11,307,18667.3,2007.0,Hot-Humid
2016-11-02 16:00:00,Panther_lodging_Marisol,192.9872,27.8,4.0,16.1,1021.3,7.7,16,3,11,307,18667.3,2007.0,Hot-Humid
2016-11-02 17:00:00,Panther_lodging_Marisol,205.4396,26.1,4.0,16.1,1021.6,7.2,17,3,11,307,18667.3,2007.0,Hot-Humid
2016-11-02 18:00:00,Panther_lodging_Marisol,205.4396,24.4,4.0,16.7,1022.0,5.1,18,3,11,307,18667.3,2007.0,Hot-Humid
2016-11-02 19:00:00,Panther_lodging_Marisol,213.5412,23.3,4.0,17.8,1022.5,4.6,19,3,11,307,18667.3,2007.0,Hot-Humid
2016-11-02 20:00:00,Panther_lodging_Marisol,220.4926,22.2,4.333333333333333,17.8,1022.6,3.6,20,3,11,307,18667.3,2007.0,Hot-Humid
2016-11-02 21:00:00,Panther_lodging_Marisol,205.5397,21.7,4.666666666666667,17.8,1022.7,3.6,21,3,11,307,18667.3,2007.0,Hot-Humid
2016-11-02 22:00:00,Panther_lodging_Marisol,205.3396,21.1,5.0,17.8,1022.8,3.1,22,3,11,307,18667.3,2007.0,Hot-Humid
2016-11-02 23:00:00,Panther_lodging_Marisol,189.6366,21.1,5.0,17.8,1022.7,3.1,23,3,11,307,18667.3,2007.0,Hot-Humid
2016-11-03 00:00:00,Panther_lodging_Marisol,189.4366,21.7,5.0,17.8,1022.3,3.1,0,4,11,308,18667.3,2007.0,Hot-Humid
2016-11-03 01:00:00,Panther_lodging_Marisol,167.1322,20.0,6.0,17.8,1022.0,2.6,1,4,11,308,18667.3,2007.0,Hot-Humid
2016-11-03 02:00:00,Panther_lodging_Marisol,157.4304,20.0,6.0,18.3,1021.6,3.1,2,4,11,308,18667.3,2007.0,Hot-Humid
2016-11-03 03:00:00,Panther_lodging_Marisol,160.781,18.3,6.0,17.8,1021.4,2.6,3,4,11,308,18667.3,2007.0,Hot-Humid
2016-11-03 04:00:00,Panther_lodging_Marisol,157.4804,18.3,6.0,17.2,1021.4,2.1,4,4,11,308,18667.3,2007.0,Hot-Humid
2016-11-03 05:00:00,Panther_lodging_Marisol,161.4312,17.8,6.0,17.2,1021.3,3.1,5,4,11,308,18667.3,2007.0,Hot-Humid
2016-11-03 06:00:00,Panther_lodging_Marisol,156.4802,17.2,6.0,17.2,1021.5,2.6,6,4,11,308,18667.3,2007.0,Hot-Humid
2016-11-03 07:00:00,Panther_lodging_Marisol,163.8816,18.3,6.0,17.2,1021.7,2.6,7,4,11,308,18667.3,2007.0,Hot-Humid
2016-11-03 08:00:00,Panther_lodging_Marisol,164.0817,20.6,6.0,18.3,1022.2,2.1,8,4,11,308,18667.3,2007.0,Hot-Humid
2016-11-03 09:00:00,Panther_lodging_Marisol,165.0819,23.9,6.0,17.8,1022.6,2.6,9,4,11,308,18667.3,2007.0,Hot-Humid
2016-11-03 10:00:00,Panther_lodging_Marisol,179.2346,26.7,6.0,17.8,1022.7,3.6,10,4,11,308,18667.3,2007.0,Hot-Humid
2016-11-03 11:00:00,Panther_lodging_Marisol,187.8863,27.2,6.0,17.8,1022.5,4.6,11,4,11,308,18667.3,2007.0,Hot-Humid
2016-11-03 12:00:00,Panther_lodging_Marisol,191.787,25.0,6.0,18.3,1021.9,5.7,12,4,11,308,18667.3,2007.0,Hot-Humid
2016-11-03 13:00:00,Panther_lodging_Marisol,189.8366,28.3,6.0,17.8,1020.6,4.6,13,4,11,308,18667.3,2007.0,Hot-Humid
2016-11-03 14:00:00,Panther_lodging_Marisol,192.1871,28.9,5.0,15.0,1019.6,5.1,14,4,11,308,18667.3,2007.0,Hot-Humid
2016-11-03 15:00:00,Panther_lodging_Marisol,200.6887,27.2,4.0,15.6,1019.2,3.6,15,4,11,308,18667.3,2007.0,Hot-Humid
2016-11-03 16:00:00,Panther_lodging_Marisol,202.039,26.7,4.0,15.6,1019.0,4.1,16,4,11,308,18667.3,2007.0,Hot-Humid
2016-11-03 17:00:00,Panther_lodging_Marisol,195.5377,25.6,4.0,15.6,1019.2,5.7,17,4,11,308,18667.3,2007.0,Hot-Humid
2016-11-03 18:00:00,Panther_lodging_Marisol,194.5875,24.4,2.0,16.7,1019.6,4.1,18,4,11,308,18667.3,2007.0,Hot-Humid
2016-11-03 19:00:00,Panther_lodging_Marisol,215.3416,23.3,2.0,16.7,1019.9,4.6,19,4,11,308,18667.3,2007.0,Hot-Humid
2016-11-03 20:00:00,Panther_lodging_Marisol,222.793,22.2,4.0,16.7,1020.0,3.6,20,4,11,308,18667.3,2007.0,Hot-Humid
2016-11-03 21:00:00,Panther_lodging_Marisol,208.4402,21.7,2.0,17.2,1020.2,3.1,21,4,11,308,18667.3,2007.0,Hot-Humid
2016-11-03 22:00:00,Panther_lodging_Marisol,213.0411,20.0,2.0,17.2,1020.2,2.6,22,4,11,308,18667.3,2007.0,Hot-Humid
2016-11-03 23:00:00,Panther_lodging_Marisol,220.6426,19.4,2.0,17.2,1020.1,2.6,23,4,11,308,18667.3,2007.0,Hot-Humid
2016-11-04 00:00:00,Panther_lodging_Marisol,191.487,20.0,2.0,17.8,1019.6,2.1,0,5,11,309,18667.3,2007.0,Hot-Humid
2016-11-04 01:00:00,Panther_lodging_Marisol,167.5823,19.4,4.0,17.2,1019.1,0.0,1,5,11,309,18667.3,2007.0,Hot-Humid
2016-11-04 02:00:00,Panther_lodging_Marisol,166.032,18.9,3.0,17.2,1018.7,0.0,2,5,11,309,18667.3,2007.0,Hot-Humid
2016-11-04 03:00:00,Panther_lodging_Marisol,149.0788,17.8,2.0,17.2,1018.3,0.0,3,5,11,309,18667.3,2007.0,Hot-Humid
2016-11-04 04:00:00,Panther_lodging_Marisol,154.2798,17.2,2.0,16.7,1018.2,1.5,4,5,11,309,18667.3,2007.0,Hot-Humid
2016-11-04 05:00:00,Panther_lodging_Marisol,157.7805,17.8,0.0,17.8,1018.5,2.1,5,5,11,309,18667.3,2007.0,Hot-Humid
2016-11-04 06:00:00,Panther_lodging_Marisol,161.4812,17.2,2.0,17.2,1018.7,1.5,6,5,11,309,18667.3,2007.0,Hot-Humid
2016-11-04 07:00:00,Panther_lodging_Marisol,168.0824,17.2,4.0,17.2,1019.3,1.5,7,5,11,309,18667.3,2007.0,Hot-Humid
2016-11-04 08:00:00,Panther_lodging_Marisol,173.9836,19.4,4.333333333333333,18.9,1019.6,1.5,8,5,11,309,18667.3,2007.0,Hot-Humid
2016-11-04 09:00:00,Panther_lodging_Marisol,165.782,22.2,4.666666666666667,18.3,1019.9,3.6,9,5,11,309,18667.3,2007.0,Hot-Humid
2016-11-04 10:00:00,Panther_lodging_Marisol,165.3319,25.0,5.0,17.8,1019.8,3.1,10,5,11,309,18667.3,2007.0,Hot-Humid
2016-11-04 11:00:00,Panther_lodging_Marisol,185.2858,26.1,5.0,16.7,1019.1,4.1,11,5,11,309,18667.3,2007.0,Hot-Humid
2016-11-04 12:00:00,Panther_lodging_Marisol,196.638,27.2,5.0,15.6,1018.3,2.6,12,5,11,309,18667.3,2007.0,Hot-Humid
2016-11-04 13:00:00,Panther_lodging_Marisol,199.1884,27.8,6.0,15.0,1017.1,4.6,13,5,11,309,18667.3,2007.0,Hot-Humid
2016-11-04 14:00:00,Panther_lodging_Marisol,190.3867,28.9,4.0,15.0,1016.5,3.6,14,5,11,309,18667.3,2007.0,Hot-Humid
2016-11-04 15:00:00,Panther_lodging_Marisol,201.939,29.4,4.0,15.0,1015.9,3.6,15,5,11,309,18667.3,2007.0,Hot-Humid
2016-11-04 16:00:00,Panther_lodging_Marisol,188.4364,28.9,2.0,14.4,1015.6,2.1,16,5,11,309,18667.3,2007.0,Hot-Humid
2016-11-04 17:00:00,Panther_lodging_Marisol,195.8378,28.3,2.0,15.6,1015.8,4.1,17,5,11,309,18667.3,2007.0,Hot-Humid
2016-11-04 18:00:00,Panther_lodging_Marisol,182.9853,25.6,2.0,16.1,1016.0,2.6,18,5,11,309,18667.3,2007.0,Hot-Humid
2016-11-04 19:00:00,Panther_lodging_Marisol,184.7357,24.4,6.0,16.7,1016.4,0.0,19,5,11,309,18667.3,2007.0,Hot-Humid
2016-11-04 20:00:00,Panther_lodging_Marisol,186.0859,23.3,5.6,17.8,1016.9,0.0,20,5,11,309,18667.3,2007.0,Hot-Humid
2016-11-04 21:00:00,Panther_lodging_Marisol,195.0376,23.3,5.2,18.9,1017.9,10.3,21,5,11,309,18667.3,2007.0,Hot-Humid
2016-11-04 22:00:00,Panther_lodging_Marisol,181.485,21.7,4.8,20.0,1018.4,4.1,22,5,11,309,18667.3,2007.0,Hot-Humid
2016-11-04 23:00:00,Panther_lodging_Marisol,179.1346,21.7,4.8,19.4,1018.4,5.7,23,5,11,309,18667.3,2007.0,Hot-Humid
2016-11-05 00:00:00,Panther_lodging_Marisol,179.2346,20.6,4.0,18.9,1018.7,3.1,0,6,11,310,18667.3,2007.0,Hot-Humid
2016-11-05 01:00:00,Panther_lodging_Marisol,166.2321,20.0,4.0,18.9,1018.4,3.1,1,6,11,310,18667.3,2007.0,Hot-Humid
2016-11-05 02:00:00,Panther_lodging_Marisol,160.631,19.4,2.0,18.9,1018.4,3.6,2,6,11,310,18667.3,2007.0,Hot-Humid
2016-11-05 03:00:00,Panther_lodging_Marisol,155.53,19.4,2.0,18.3,1018.3,2.6,3,6,11,310,18667.3,2007.0,Hot-Humid
2016-11-05 04:00:00,Panther_lodging_Marisol,168.3325,18.9,0.0,17.8,1018.4,3.1,4,6,11,310,18667.3,2007.0,Hot-Humid
2016-11-05 05:00:00,Panther_lodging_Marisol,161.9313,18.3,0.0,17.2,1018.7,3.1,5,6,11,310,18667.3,2007.0,Hot-Humid
2016-11-05 06:00:00,Panther_lodging_Marisol,148.8787,17.2,2.0,16.7,1019.2,2.6,6,6,11,310,18667.3,2007.0,Hot-Humid
2016-11-05 07:00:00,Panther_lodging_Marisol,160.1309,18.3,2.0,16.7,1019.7,3.1,7,6,11,310,18667.3,2007.0,Hot-Humid
2016-11-05 08:00:00,Panther_lodging_Marisol,170.5829,19.4,2.0,17.2,1020.5,4.6,8,6,11,310,18667.3,2007.0,Hot-Humid
2016-11-05 09:00:00,Panther_lodging_Marisol,165.4819,23.3,2.0,16.7,1020.8,5.1,9,6,11,310,18667.3,2007.0,Hot-Humid
2016-11-05 10:00:00,Panther_lodging_Marisol,173.2834,25.6,2.0,15.6,1021.1,4.6,10,6,11,310,18667.3,2007.0,Hot-Humid
2016-11-05 11:00:00,Panther_lodging_Marisol,182.7853,26.7,4.0,15.0,1021.0,7.2,11,6,11,310,18667.3,2007.0,Hot-Humid
2016-11-05 12:00:00,Panther_lodging_Marisol,201.889,27.2,4.0,12.8,1020.4,7.2,12,6,11,310,18667.3,2007.0,Hot-Humid
2016-11-05 13:00:00,Panther_lodging_Marisol,187.5862,26.1,4.0,12.8,1019.8,7.7,13,6,11,310,18667.3,2007.0,Hot-Humid
2016-11-05 14:00:00,Panther_lodging_Marisol,193.4873,27.2,4.0,12.8,1019.4,6.7,14,6,11,310,18667.3,2007.0,Hot-Humid
2016-11-05 15:00:00,Panther_lodging_Marisol,194.3375,27.2,4.0,12.8,1019.4,7.7,15,6,11,310,18667.3,2007.0,Hot-Humid
2016-11-05 16:00:00,Panther_lodging_Marisol,169.6827,25.6,4.0,10.6,1019.7,7.2,16,6,11,310,18667.3,2007.0,Hot-Humid
2016-11-05 17:00:00,Panther_lodging_Marisol,172.2332,24.4,4.0,12.8,1020.0,7.7,17,6,11,310,18667.3,2007.0,Hot-Humid
2016-11-05 18:00:00,Panther_lodging_Marisol,190.3367,22.2,2.0,12.2,1020.4,4.1,18,6,11,310,18667.3,2007.0,Hot-Humid
2016-11-05 19:00:00,Panther_lodging_Marisol,184.2856,21.7,2.0,13.9,1021.0,5.1,19,6,11,310,18667.3,2007.0,Hot-Humid
2016-11-05 20:00:00,Panther_lodging_Marisol,204.8395,20.6,2.0,14.4,1021.6,5.1,20,6,11,310,18667.3,2007.0,Hot-Humid
2016-11-05 21:00:00,Panther_lodging_Marisol,214.1914,20.0,2.0,16.1,1022.3,4.6,21,6,11,310,18667.3,2007.0,Hot-Humid
2016-11-05 22:00:00,Panther_lodging_Marisol,209.8905,19.4,2.0,16.1,1022.3,4.1,22,6,11,310,18667.3,2007.0,Hot-Humid
2016-11-05 23:00:00,Panther_lodging_Marisol,204.6395,19.4,4.0,16.1,1021.9,5.7,23,6,11,310,18667.3,2007.0,Hot-Humid
2016-11-06 00:00:00,Panther_lodging_Marisol,178.5845,19.4,5.0,16.1,1021.5,5.1,0,7,11,311,18667.3,2007.0,Hot-Humid
2016-11-06 01:00:00,Panther_lodging_Marisol,180.7349,18.3,6.0,16.7,1021.3,4.1,1,7,11,311,18667.3,2007.0,Hot-Humid
2016-11-06 02:00:00,Panther_lodging_Marisol,178.7845,18.9,6.0,16.7,1021.1,4.1,2,7,11,311,18667.3,2007.0,Hot-Humid
2016-11-06 03:00:00,Panther_lodging_Marisol,155.38,18.3,6.0,17.8,1020.6,4.1,3,7,11,311,18667.3,2007.0,Hot-Humid
2016-11-06 04:00:00,Panther_lodging_Marisol,157.4804,18.3,6.0,17.8,1020.4,3.6,4,7,11,311,18667.3,2007.0,Hot-Humid
2016-11-06 05:00:00,Panther_lodging_Marisol,155.53,17.2,6.0,17.2,1020.6,2.6,5,7,11,311,18667.3,2007.0,Hot-Humid
2016-11-06 06:00:00,Panther_lodging_Marisol,160.0309,17.2,6.0,17.2,1021.3,3.1,6,7,11,311,18667.3,2007.0,Hot-Humid
2016-11-06 07:00:00,Panther_lodging_Marisol,159.8808,16.7,6.0,16.7,1021.9,4.1,7,7,11,311,18667.3,2007.0,Hot-Humid
2016-11-06 08:00:00,Panther_lodging_Marisol,172.0332,17.2,6.0,17.2,1022.4,3.1,8,7,11,311,18667.3,2007.0,Hot-Humid
2016-11-06 09:00:00,Panther_lodging_Marisol,179.8347,19.4,6.0,18.3,1022.8,2.6,9,7,11,311,18667.3,2007.0,Hot-Humid
2016-11-06 10:00:00,Panther_lodging_Marisol,174.4337,22.8,6.0,18.3,1022.7,2.6,10,7,11,311,18667.3,2007.0,Hot-Humid
2016-11-06 11:00:00,Panther_lodging_Marisol,184.3356,24.4,6.0,16.7,1022.3,3.1,11,7,11,311,18667.3,2007.0,Hot-Humid
2016-11-06 12:00:00,Panther_lodging_Marisol,184.9357,24.4,6.0,16.1,1021.9,5.1,12,7,11,311,18667.3,2007.0,Hot-Humid
2016-11-06 13:00:00,Panther_lodging_Marisol,185.9859,23.9,6.0,17.2,1021.0,7.7,13,7,11,311,18667.3,2007.0,Hot-Humid
2016-11-06 14:00:00,Panther_lodging_Marisol,197.088,23.9,6.0,16.7,1020.9,6.7,14,7,11,311,18667.3,2007.0,Hot-Humid
2016-11-06 15:00:00,Panther_lodging_Marisol,193.8874,22.8,6.0,18.9,1020.9,5.1,15,7,11,311,18667.3,2007.0,Hot-Humid
2016-11-06 16:00:00,Panther_lodging_Marisol,184.8357,22.8,6.0,17.8,1020.6,2.1,16,7,11,311,18667.3,2007.0,Hot-Humid
2016-11-06 17:00:00,Panther_lodging_Marisol,195.9378,22.2,6.0,18.3,1020.8,1.5,17,7,11,311,18667.3,2007.0,Hot-Humid
2016-11-06 18:00:00,Panther_lodging_Marisol,205.8397,22.8,6.0,16.7,1021.1,3.1,18,7,11,311,18667.3,2007.0,Hot-Humid
2016-11-06 19:00:00,Panther_lodging_Marisol,223.8932,22.2,6.0,16.1,1021.5,3.1,19,7,11,311,18667.3,2007.0,Hot-Humid
2016-11-06 20:00:00,Panther_lodging_Marisol,208.7903,21.7,5.0,16.1,1021.7,3.6,20,7,11,311,18667.3,2007.0,Hot-Humid
2016-11-06 21:00:00,Panther_lodging_Marisol,213.8913,21.1,4.0,16.1,1022.1,4.1,21,7,11,311,18667.3,2007.0,Hot-Humid
2016-11-06 22:00:00,Panther_lodging_Marisol,218.7922,20.0,4.0,16.1,1022.2,3.1,22,7,11,311,18667.3,2007.0,Hot-Humid
2016-11-06 23:00:00,Panther_lodging_Marisol,201.1388,19.4,4.666666666666667,15.6,1022.1,3.6,23,7,11,311,18667.3,2007.0,Hot-Humid
2016-11-07 00:00:00,Panther_lodging_Marisol,198.9384,18.9,5.333333333333333,15.6,1022.0,3.1,0,1,11,312,18667.3,2007.0,Hot-Humid
2016-11-07 01:00:00,Panther_lodging_Marisol,178.4344,19.4,6.0,14.4,1021.8,3.6,1,1,11,312,18667.3,2007.0,Hot-Humid
2016-11-07 02:00:00,Panther_lodging_Marisol,158.5306,17.8,4.0,14.4,1022.1,3.1,2,1,11,312,18667.3,2007.0,Hot-Humid
2016-11-07 03:00:00,Panther_lodging_Marisol,159.1307,17.2,4.4,14.4,1021.6,2.1,3,1,11,312,18667.3,2007.0,Hot-Humid
2016-11-07 04:00:00,Panther_lodging_Marisol,154.8299,17.2,4.8,14.4,1021.6,2.6,4,1,11,312,18667.3,2007.0,Hot-Humid
2016-11-07 05:00:00,Panther_lodging_Marisol,156.7803,19.4,5.2,14.4,1021.8,4.1,5,1,11,312,18667.3,2007.0,Hot-Humid
2016-11-07 06:00:00,Panther_lodging_Marisol,170.783,19.4,5.2,14.4,1022.4,2.6,6,1,11,312,18667.3,2007.0,Hot-Humid
2016-11-07 07:00:00,Panther_lodging_Marisol,170.0828,18.3,6.0,14.4,1022.6,2.6,7,1,11,312,18667.3,2007.0,Hot-Humid
2016-11-07 08:00:00,Panther_lodging_Marisol,169.0326,21.7,6.0,15.0,1023.0,2.6,8,1,11,312,18667.3,2007.0,Hot-Humid
2016-11-07 09:00:00,Panther_lodging_Marisol,170.5829,23.3,6.0,15.6,1023.2,3.1,9,1,11,312,18667.3,2007.0,Hot-Humid
2016-11-07 10:00:00,Panther_lodging_Marisol,189.0365,25.6,6.0,15.0,1023.3,6.7,10,1,11,312,18667.3,2007.0,Hot-Humid
2016-11-07 11:00:00,Panther_lodging_Marisol,194.8876,26.7,6.0,14.4,1023.3,8.8,11,1,11,312,18667.3,2007.0,Hot-Humid
2016-11-07 12:00:00,Panther_lodging_Marisol,201.1388,26.7,6.0,13.3,1022.8,8.8,12,1,11,312,18667.3,2007.0,Hot-Humid
2016-11-07 13:00:00,Panther_lodging_Marisol,192.9873,26.1,6.0,13.3,1022.2,6.2,13,1,11,312,18667.3,2007.0,Hot-Humid
2016-11-07 14:00:00,Panther_lodging_Marisol,197.038,25.6,5.2,12.2,1021.8,6.2,14,1,11,312,18667.3,2007.0,Hot-Humid
2016-11-07 15:00:00,Panther_lodging_Marisol,186.1859,25.0,4.4,13.3,1021.5,8.2,15,1,11,312,18667.3,2007.0,Hot-Humid
2016-11-07 16:00:00,Panther_lodging_Marisol,198.1882,25.6,3.5999999999999996,11.7,1021.6,7.2,16,1,11,312,18667.3,2007.0,Hot-Humid
2016-11-07 17:00:00,Panther_lodging_Marisol,207.6901,23.9,3.5999999999999996,13.9,1021.8,5.1,17,1,11,312,18667.3,2007.0,Hot-Humid
2016-11-07 18:00:00,Panther_lodging_Marisol,200.1386,22.2,2.0,14.4,1021.9,5.1,18,1,11,312,18667.3,2007.0,Hot-Humid
2016-11-07 19:00:00,Panther_lodging_Marisol,221.5928,21.1,0.0,14.4,1022.3,3.1,19,1,11,312,18667.3,2007.0,Hot-Humid
2016-11-07 20:00:00,Panther_lodging_Marisol,215.0415,20.6,2.0,14.4,1022.3,3.1,20,1,11,312,18667.3,2007.0,Hot-Humid
2016-11-07 21:00:00,Panther_lodging_Marisol,238.1459,20.6,2.0,14.4,1022.6,3.1,21,1,11,312,18667.3,2007.0,Hot-Humid
2016-11-07 22:00:00,Panther_lodging_Marisol,218.6922,20.6,2.0,14.4,1022.7,3.6,22,1,11,312,18667.3,2007.0,Hot-Humid
2016-11-07 23:00:00,Panther_lodging_Marisol,200.7887,20.0,2.0,15.0,1022.4,3.6,23,1,11,312,18667.3,2007.0,Hot-Humid
2016-11-08 00:00:00,Panther_lodging_Marisol,181.435,19.4,2.0,15.6,1022.3,3.1,0,2,11,313,18667.3,2007.0,Hot-Humid
2016-11-08 01:00:00,Panther_lodging_Marisol,156.9803,18.3,2.0,15.0,1021.8,2.6,1,2,11,313,18667.3,2007.0,Hot-Humid
2016-11-08 02:00:00,Panther_lodging_Marisol,158.6806,17.2,2.0,14.4,1021.6,3.1,2,2,11,313,18667.3,2007.0,Hot-Humid
2016-11-08 03:00:00,Panther_lodging_Marisol,158.5306,16.7,0.0,14.4,1021.3,3.1,3,2,11,313,18667.3,2007.0,Hot-Humid
2016-11-08 04:00:00,Panther_lodging_Marisol,164.9818,16.1,0.0,13.9,1021.1,3.1,4,2,11,313,18667.3,2007.0,Hot-Humid
2016-11-08 05:00:00,Panther_lodging_Marisol,154.7299,16.1,2.0,13.3,1021.1,2.1,5,2,11,313,18667.3,2007.0,Hot-Humid
2016-11-08 06:00:00,Panther_lodging_Marisol,161.9813,15.6,4.0,13.3,1021.5,1.5,6,2,11,313,18667.3,2007.0,Hot-Humid
2016-11-08 07:00:00,Panther_lodging_Marisol,164.6318,17.2,6.0,14.4,1021.8,0.0,7,2,11,313,18667.3,2007.0,Hot-Humid
2016-11-08 08:00:00,Panther_lodging_Marisol,163.8816,19.4,4.0,16.1,1022.1,2.6,8,2,11,313,18667.3,2007.0,Hot-Humid
2016-11-08 09:00:00,Panther_lodging_Marisol,171.4331,22.8,4.0,15.0,1022.5,3.6,9,2,11,313,18667.3,2007.0,Hot-Humid
2016-11-08 10:00:00,Panther_lodging_Marisol,181.6351,25.0,4.0,13.9,1022.5,3.6,10,2,11,313,18667.3,2007.0,Hot-Humid
2016-11-08 11:00:00,Panther_lodging_Marisol,190.7368,26.7,4.0,13.3,1022.3,5.1,11,2,11,313,18667.3,2007.0,Hot-Humid
2016-11-08 12:00:00,Panther_lodging_Marisol,192.1371,27.2,4.0,13.9,1021.3,6.7,12,2,11,313,18667.3,2007.0,Hot-Humid
2016-11-08 13:00:00,Panther_lodging_Marisol,186.636,26.7,4.0,13.3,1020.4,4.1,13,2,11,313,18667.3,2007.0,Hot-Humid
2016-11-08 14:00:00,Panther_lodging_Marisol,203.6393,27.8,4.0,12.2,1019.7,5.1,14,2,11,313,18667.3,2007.0,Hot-Humid
2016-11-08 15:00:00,Panther_lodging_Marisol,195.5877,26.7,4.0,13.3,1019.4,5.1,15,2,11,313,18667.3,2007.0,Hot-Humid
2016-11-08 16:00:00,Panther_lodging_Marisol,206.3398,25.0,4.0,13.9,1019.1,5.7,16,2,11,313,18667.3,2007.0,Hot-Humid
2016-11-08 17:00:00,Panther_lodging_Marisol,210.5907,24.4,4.0,14.4,1019.0,4.6,17,2,11,313,18667.3,2007.0,Hot-Humid
2016-11-08 18:00:00,Panther_lodging_Marisol,217.842,22.2,4.0,13.9,1019.2,3.6,18,2,11,313,18667.3,2007.0,Hot-Humid
2016-11-08 19:00:00,Panther_lodging_Marisol,215.0915,21.7,4.0,14.4,1019.7,3.6,19,2,11,313,18667.3,2007.0,Hot-Humid
2016-11-08 20:00:00,Panther_lodging_Marisol,223.4431,20.0,2.0,14.4,1019.7,2.6,20,2,11,313,18667.3,2007.0,Hot-Humid
2016-11-08 21:00:00,Panther_lodging_Marisol,222.4429,20.6,2.0,14.4,1020.0,2.1,21,2,11,313,18667.3,2007.0,Hot-Humid
2016-11-08 22:00:00,Panther_lodging_Marisol,212.8911,20.6,2.0,15.0,1020.0,2.1,22,2,11,313,18667.3,2007.0,Hot-Humid
2016-11-08 23:00:00,Panther_lodging_Marisol,203.5893,18.9,2.0,14.4,1019.6,2.6,23,2,11,313,18667.3,2007.0,Hot-Humid
2016-11-09 00:00:00,Panther_lodging_Marisol,188.8364,18.9,2.0,14.4,1019.3,2.1,0,3,11,314,18667.3,2007.0,Hot-Humid
2016-11-09 01:00:00,Panther_lodging_Marisol,186.0859,18.3,4.0,13.9,1018.8,0.0,1,3,11,314,18667.3,2007.0,Hot-Humid
2016-11-09 02:00:00,Panther_lodging_Marisol,182.6353,17.2,4.333333333333333,13.9,1018.1,0.0,2,3,11,314,18667.3,2007.0,Hot-Humid
2016-11-09 03:00:00,Panther_lodging_Marisol,165.68200000000004,17.2,4.666666666666667,15.0,1017.8,2.1,3,3,11,314,18667.3,2007.0,Hot-Humid
2016-11-09 04:00:00,Panther_lodging_Marisol,156.9303,17.8,5.0,15.0,1017.4,1.5,4,3,11,314,18667.3,2007.0,Hot-Humid
2016-11-09 05:00:00,Panther_lodging_Marisol,153.4796,16.7,5.0,14.4,1017.2,2.1,5,3,11,314,18667.3,2007.0,Hot-Humid
2016-11-09 06:00:00,Panther_lodging_Marisol,158.4806,17.2,5.0,14.4,1017.7,0.0,6,3,11,314,18667.3,2007.0,Hot-Humid
2016-11-09 07:00:00,Panther_lodging_Marisol,166.7322,16.7,6.0,14.4,1018.1,0.0,7,3,11,314,18667.3,2007.0,Hot-Humid
2016-11-09 08:00:00,Panther_lodging_Marisol,174.0836,19.4,6.0,16.1,1018.4,2.1,8,3,11,314,18667.3,2007.0,Hot-Humid
2016-11-09 09:00:00,Panther_lodging_Marisol,185.1357,22.2,6.0,16.1,1018.6,1.5,9,3,11,314,18667.3,2007.0,Hot-Humid
2016-11-09 10:00:00,Panther_lodging_Marisol,183.9855,23.9,6.0,15.6,1019.0,0.0,10,3,11,314,18667.3,2007.0,Hot-Humid
2016-11-09 11:00:00,Panther_lodging_Marisol,199.2385,23.9,6.0,15.6,1018.4,0.0,11,3,11,314,18667.3,2007.0,Hot-Humid
2016-11-09 12:00:00,Panther_lodging_Marisol,209.4404,24.4,6.0,15.0,1017.4,0.0,12,3,11,314,18667.3,2007.0,Hot-Humid
2016-11-09 13:00:00,Panther_lodging_Marisol,201.0388,25.0,6.0,14.4,1016.8,2.6,13,3,11,314,18667.3,2007.0,Hot-Humid
2016-11-09 14:00:00,Panther_lodging_Marisol,204.8395,25.0,6.333333333333333,15.0,1016.2,3.1,14,3,11,314,18667.3,2007.0,Hot-Humid
2016-11-09 15:00:00,Panther_lodging_Marisol,200.1386,25.0,6.666666666666667,15.0,1015.9,2.6,15,3,11,314,18667.3,2007.0,Hot-Humid
2016-11-09 16:00:00,Panther_lodging_Marisol,194.7376,24.4,7.0,15.6,1015.9,3.1,16,3,11,314,18667.3,2007.0,Hot-Humid
2016-11-09 17:00:00,Panther_lodging_Marisol,200.3386,23.3,7.0,16.1,1016.1,3.1,17,3,11,314,18667.3,2007.0,Hot-Humid
2016-11-09 18:00:00,Panther_lodging_Marisol,208.2402,22.2,7.0,16.1,1016.6,3.6,18,3,11,314,18667.3,2007.0,Hot-Humid
2016-11-09 19:00:00,Panther_lodging_Marisol,216.9419,21.7,8.0,16.1,1017.5,4.1,19,3,11,314,18667.3,2007.0,Hot-Humid
2016-11-09 20:00:00,Panther_lodging_Marisol,220.6426,21.1,7.666666666666667,16.7,1018.1,3.6,20,3,11,314,18667.3,2007.0,Hot-Humid
2016-11-09 21:00:00,Panther_lodging_Marisol,201.0888,20.6,7.333333333333333,16.7,1018.4,2.6,21,3,11,314,18667.3,2007.0,Hot-Humid
2016-11-09 22:00:00,Panther_lodging_Marisol,200.9888,20.0,7.0,16.7,1018.7,0.0,22,3,11,314,18667.3,2007.0,Hot-Humid
2016-11-09 23:00:00,Panther_lodging_Marisol,211.0907,19.4,7.0,16.1,1018.6,0.0,23,3,11,314,18667.3,2007.0,Hot-Humid
2016-11-10 00:00:00,Panther_lodging_Marisol,193.0373,19.4,7.0,16.7,1018.7,1.5,0,4,11,315,18667.3,2007.0,Hot-Humid
2016-11-10 01:00:00,Panther_lodging_Marisol,186.3359,18.9,6.0,16.1,1018.6,2.1,1,4,11,315,18667.3,2007.0,Hot-Humid
2016-11-10 02:00:00,Panther_lodging_Marisol,179.3846,18.3,4.666666666666667,16.1,1018.7,1.5,2,4,11,315,18667.3,2007.0,Hot-Humid
2016-11-10 03:00:00,Panther_lodging_Marisol,160.9811,17.8,3.3333333333333335,16.1,1018.8,2.1,3,4,11,315,18667.3,2007.0,Hot-Humid
2016-11-10 04:00:00,Panther_lodging_Marisol,149.9789,16.7,2.0,15.6,1018.5,1.5,4,4,11,315,18667.3,2007.0,Hot-Humid
2016-11-10 05:00:00,Panther_lodging_Marisol,158.7306,16.1,0.0,15.6,1018.8,0.0,5,4,11,315,18667.3,2007.0,Hot-Humid
2016-11-10 06:00:00,Panther_lodging_Marisol,159.2307,15.0,0.0,14.4,1019.0,2.1,6,4,11,315,18667.3,2007.0,Hot-Humid
2016-11-10 07:00:00,Panther_lodging_Marisol,166.4821,14.4,2.0,14.4,1019.6,0.0,7,4,11,315,18667.3,2007.0,Hot-Humid
2016-11-10 08:00:00,Panther_lodging_Marisol,165.3819,16.7,2.0,15.6,1020.0,3.1,8,4,11,315,18667.3,2007.0,Hot-Humid
2016-11-10 09:00:00,Panther_lodging_Marisol,170.1828,19.4,2.0,15.0,1020.8,2.6,9,4,11,315,18667.3,2007.0,Hot-Humid
2016-11-10 10:00:00,Panther_lodging_Marisol,185.7859,22.8,2.0,15.0,1021.2,3.6,10,4,11,315,18667.3,2007.0,Hot-Humid
2016-11-10 11:00:00,Panther_lodging_Marisol,196.988,24.4,2.0,12.2,1021.0,3.6,11,4,11,315,18667.3,2007.0,Hot-Humid
2016-11-10 12:00:00,Panther_lodging_Marisol,205.8397,25.0,0.0,11.1,1020.3,1.5,12,4,11,315,18667.3,2007.0,Hot-Humid
2016-11-10 13:00:00,Panther_lodging_Marisol,203.1392,26.1,2.0,10.6,1019.5,3.1,13,4,11,315,18667.3,2007.0,Hot-Humid
2016-11-10 14:00:00,Panther_lodging_Marisol,176.28400000000005,26.1,2.0,10.6,1018.9,3.1,14,4,11,315,18667.3,2007.0,Hot-Humid
2016-11-10 15:00:00,Panther_lodging_Marisol,185.2358,26.1,2.0,10.6,1018.5,3.6,15,4,11,315,18667.3,2007.0,Hot-Humid
2016-11-10 16:00:00,Panther_lodging_Marisol,192.3871,25.6,0.0,10.0,1018.2,3.6,16,4,11,315,18667.3,2007.0,Hot-Humid
2016-11-10 17:00:00,Panther_lodging_Marisol,191.937,24.4,2.0,11.7,1018.5,4.1,17,4,11,315,18667.3,2007.0,Hot-Humid
2016-11-10 18:00:00,Panther_lodging_Marisol,206.3898,22.2,2.0,13.3,1019.1,5.1,18,4,11,315,18667.3,2007.0,Hot-Humid
2016-11-10 19:00:00,Panther_lodging_Marisol,199.4385,20.0,0.0,13.9,1019.7,4.1,19,4,11,315,18667.3,2007.0,Hot-Humid
2016-11-10 20:00:00,Panther_lodging_Marisol,222.5429,18.9,0.0,13.9,1020.1,3.6,20,4,11,315,18667.3,2007.0,Hot-Humid
2016-11-10 21:00:00,Panther_lodging_Marisol,224.9434,17.8,0.0,13.3,1020.6,2.6,21,4,11,315,18667.3,2007.0,Hot-Humid
2016-11-10 22:00:00,Panther_lodging_Marisol,199.7886,17.2,0.0,12.8,1020.5,3.6,22,4,11,315,18667.3,2007.0,Hot-Humid
2016-11-10 23:00:00,Panther_lodging_Marisol,209.2904,16.7,0.0,12.8,1020.3,4.1,23,4,11,315,18667.3,2007.0,Hot-Humid
2016-11-11 00:00:00,Panther_lodging_Marisol,187.3862,15.6,0.0,12.2,1019.9,2.1,0,5,11,316,18667.3,2007.0,Hot-Humid
2016-11-11 01:00:00,Panther_lodging_Marisol,179.1346,13.9,0.0,11.7,1019.5,1.5,1,5,11,316,18667.3,2007.0,Hot-Humid
2016-11-11 02:00:00,Panther_lodging_Marisol,171.8332,14.4,0.0,12.2,1019.4,2.1,2,5,11,316,18667.3,2007.0,Hot-Humid
2016-11-11 03:00:00,Panther_lodging_Marisol,147.0284,13.9,0.0,12.2,1019.3,2.1,3,5,11,316,18667.3,2007.0,Hot-Humid
2016-11-11 04:00:00,Panther_lodging_Marisol,168.7826,12.8,0.0,12.2,1018.9,2.1,4,5,11,316,18667.3,2007.0,Hot-Humid
2016-11-11 05:00:00,Panther_lodging_Marisol,160.9811,12.8,0.0,11.7,1019.2,2.1,5,5,11,316,18667.3,2007.0,Hot-Humid
2016-11-11 06:00:00,Panther_lodging_Marisol,152.4294,12.8,4.0,11.7,1019.2,1.5,6,5,11,316,18667.3,2007.0,Hot-Humid
2016-11-11 07:00:00,Panther_lodging_Marisol,162.4813,12.8,4.0,11.7,1019.5,1.5,7,5,11,316,18667.3,2007.0,Hot-Humid
2016-11-11 08:00:00,Panther_lodging_Marisol,163.5316,15.0,4.0,13.3,1019.8,2.1,8,5,11,316,18667.3,2007.0,Hot-Humid
2016-11-11 09:00:00,Panther_lodging_Marisol,163.2815,18.9,4.0,13.3,1019.7,1.5,9,5,11,316,18667.3,2007.0,Hot-Humid
2016-11-11 10:00:00,Panther_lodging_Marisol,172.0332,21.7,2.0,11.1,1019.5,2.1,10,5,11,316,18667.3,2007.0,Hot-Humid
2016-11-11 11:00:00,Panther_lodging_Marisol,176.5341,23.3,4.0,11.7,1018.8,2.1,11,5,11,316,18667.3,2007.0,Hot-Humid
2016-11-11 12:00:00,Panther_lodging_Marisol,180.5848,24.4,5.0,11.7,1018.2,3.1,12,5,11,316,18667.3,2007.0,Hot-Humid
2016-11-11 13:00:00,Panther_lodging_Marisol,188.5364,25.0,6.0,11.7,1017.0,3.6,13,5,11,316,18667.3,2007.0,Hot-Humid
2016-11-11 14:00:00,Panther_lodging_Marisol,190.6368,23.9,5.666666666666667,10.0,1016.3,2.6,14,5,11,316,18667.3,2007.0,Hot-Humid
2016-11-11 15:00:00,Panther_lodging_Marisol,191.3369,25.6,5.333333333333333,11.1,1015.7,2.1,15,5,11,316,18667.3,2007.0,Hot-Humid
2016-11-11 16:00:00,Panther_lodging_Marisol,190.6868,24.4,5.0,11.1,1016.1,3.1,16,5,11,316,18667.3,2007.0,Hot-Humid
2016-11-11 17:00:00,Panther_lodging_Marisol,173.8335,24.4,5.0,10.6,1015.9,3.1,17,5,11,316,18667.3,2007.0,Hot-Humid
2016-11-11 18:00:00,Panther_lodging_Marisol,174.2336,21.7,5.0,10.6,1016.3,2.6,18,5,11,316,18667.3,2007.0,Hot-Humid
2016-11-11 19:00:00,Panther_lodging_Marisol,166.6822,21.1,4.0,10.6,1016.6,2.1,19,5,11,316,18667.3,2007.0,Hot-Humid
2016-11-11 20:00:00,Panther_lodging_Marisol,171.2831,18.9,2.0,11.1,1017.1,2.6,20,5,11,316,18667.3,2007.0,Hot-Humid
2016-11-11 21:00:00,Panther_lodging_Marisol,175.3839,17.8,2.0,10.6,1017.3,2.6,21,5,11,316,18667.3,2007.0,Hot-Humid
2016-11-11 22:00:00,Panther_lodging_Marisol,178.2344,16.7,2.0,9.4,1017.7,2.1,22,5,11,316,18667.3,2007.0,Hot-Humid
2016-11-11 23:00:00,Panther_lodging_Marisol,168.2325,16.7,3.0,10.0,1018.0,2.1,23,5,11,316,18667.3,2007.0,Hot-Humid
2016-11-12 00:00:00,Panther_lodging_Marisol,177.7843,15.6,4.0,10.6,1017.7,1.5,0,6,11,317,18667.3,2007.0,Hot-Humid
2016-11-12 01:00:00,Panther_lodging_Marisol,161.8812,15.0,6.0,11.1,1017.8,2.1,1,6,11,317,18667.3,2007.0,Hot-Humid
2016-11-12 02:00:00,Panther_lodging_Marisol,161.8812,15.0,6.333333333333333,11.7,1017.7,2.1,2,6,11,317,18667.3,2007.0,Hot-Humid
2016-11-12 03:00:00,Panther_lodging_Marisol,164.0317,15.0,6.666666666666667,12.2,1017.1,1.5,3,6,11,317,18667.3,2007.0,Hot-Humid
2016-11-12 04:00:00,Panther_lodging_Marisol,158.7306,15.0,7.0,12.2,1016.6,0.0,4,6,11,317,18667.3,2007.0,Hot-Humid
2016-11-12 05:00:00,Panther_lodging_Marisol,147.8285,15.6,7.0,11.7,1016.4,0.0,5,6,11,317,18667.3,2007.0,Hot-Humid
2016-11-12 06:00:00,Panther_lodging_Marisol,152.7795,15.0,7.0,12.2,1017.1,0.0,6,6,11,317,18667.3,2007.0,Hot-Humid
2016-11-12 07:00:00,Panther_lodging_Marisol,155.8801,15.6,8.0,11.1,1017.8,1.5,7,6,11,317,18667.3,2007.0,Hot-Humid
2016-11-12 08:00:00,Panther_lodging_Marisol,171.7331,16.1,7.333333333333333,11.1,1018.1,0.0,8,6,11,317,18667.3,2007.0,Hot-Humid
2016-11-12 09:00:00,Panther_lodging_Marisol,162.0313,17.8,6.666666666666667,8.9,1018.7,2.6,9,6,11,317,18667.3,2007.0,Hot-Humid
2016-11-12 10:00:00,Panther_lodging_Marisol,165.982,19.4,6.0,8.3,1019.0,2.1,10,6,11,317,18667.3,2007.0,Hot-Humid
2016-11-12 11:00:00,Panther_lodging_Marisol,168.1825,21.1,6.0,8.3,1019.0,1.5,11,6,11,317,18667.3,2007.0,Hot-Humid
2016-11-12 12:00:00,Panther_lodging_Marisol,152.5794,23.3,6.0,6.7,1018.6,1.5,12,6,11,317,18667.3,2007.0,Hot-Humid
2016-11-12 13:00:00,Panther_lodging_Marisol,161.5812,25.0,4.0,3.9,1017.5,2.1,13,6,11,317,18667.3,2007.0,Hot-Humid
2016-11-12 14:00:00,Panther_lodging_Marisol,170.0328,25.6,4.333333333333333,5.6,1016.9,0.0,14,6,11,317,18667.3,2007.0,Hot-Humid
2016-11-12 15:00:00,Panther_lodging_Marisol,174.3336,26.1,4.666666666666667,5.6,1016.7,0.0,15,6,11,317,18667.3,2007.0,Hot-Humid
2016-11-12 16:00:00,Panther_lodging_Marisol,180.3348,26.1,5.0,5.0,1016.7,3.1,16,6,11,317,18667.3,2007.0,Hot-Humid
2016-11-12 17:00:00,Panther_lodging_Marisol,180.4348,24.4,5.0,6.7,1017.2,2.6,17,6,11,317,18667.3,2007.0,Hot-Humid
2016-11-12 18:00:00,Panther_lodging_Marisol,190.3367,22.8,5.0,8.3,1017.8,3.1,18,6,11,317,18667.3,2007.0,Hot-Humid
2016-11-12 19:00:00,Panther_lodging_Marisol,181.0849,21.1,6.0,8.9,1018.4,2.6,19,6,11,317,18667.3,2007.0,Hot-Humid
2016-11-12 20:00:00,Panther_lodging_Marisol,177.6343,19.4,4.0,11.7,1018.9,2.1,20,6,11,317,18667.3,2007.0,Hot-Humid
2016-11-12 21:00:00,Panther_lodging_Marisol,182.5852,18.3,2.0,12.2,1019.4,0.0,21,6,11,317,18667.3,2007.0,Hot-Humid
2016-11-12 22:00:00,Panther_lodging_Marisol,183.4854,17.8,0.0,12.8,1019.5,0.0,22,6,11,317,18667.3,2007.0,Hot-Humid
2016-11-12 23:00:00,Panther_lodging_Marisol,182.7352,15.6,0.0,13.3,1019.5,2.6,23,6,11,317,18667.3,2007.0,Hot-Humid
2016-11-13 00:00:00,Panther_lodging_Marisol,176.28400000000005,15.6,0.0,12.8,1019.2,0.0,0,7,11,318,18667.3,2007.0,Hot-Humid
2016-11-13 01:00:00,Panther_lodging_Marisol,174.4337,15.6,0.0,13.3,1018.8,1.5,1,7,11,318,18667.3,2007.0,Hot-Humid
2016-11-13 02:00:00,Panther_lodging_Marisol,179.0346,14.4,2.0,13.9,1018.4,1.5,2,7,11,318,18667.3,2007.0,Hot-Humid
2016-11-13 03:00:00,Panther_lodging_Marisol,158.8806,13.9,2.0,13.9,1018.5,2.6,3,7,11,318,18667.3,2007.0,Hot-Humid
2016-11-13 04:00:00,Panther_lodging_Marisol,165.93200000000004,15.0,4.333333333333334,15.0,1018.7,2.6,4,7,11,318,18667.3,2007.0,Hot-Humid
2016-11-13 05:00:00,Panther_lodging_Marisol,155.2299,15.0,6.666666666666667,15.0,1018.7,2.1,5,7,11,318,18667.3,2007.0,Hot-Humid
2016-11-13 06:00:00,Panther_lodging_Marisol,147.9786,15.0,9.0,15.0,1019.2,1.5,6,7,11,318,18667.3,2007.0,Hot-Humid
2016-11-13 07:00:00,Panther_lodging_Marisol,158.8807,15.6,9.0,15.6,1019.4,2.1,7,7,11,318,18667.3,2007.0,Hot-Humid
2016-11-13 08:00:00,Panther_lodging_Marisol,154.1297,15.6,9.0,15.6,1020.0,1.5,8,7,11,318,18667.3,2007.0,Hot-Humid
2016-11-13 09:00:00,Panther_lodging_Marisol,163.4315,16.7,6.5,16.1,1020.2,2.1,9,7,11,318,18667.3,2007.0,Hot-Humid
2016-11-13 10:00:00,Panther_lodging_Marisol,164.7318,20.0,4.0,16.7,1020.4,0.0,10,7,11,318,18667.3,2007.0,Hot-Humid
2016-11-13 11:00:00,Panther_lodging_Marisol,172.0332,23.3,4.0,16.1,1020.2,2.1,11,7,11,318,18667.3,2007.0,Hot-Humid
2016-11-13 12:00:00,Panther_lodging_Marisol,183.0853,25.6,4.0,14.4,1019.0,3.1,12,7,11,318,18667.3,2007.0,Hot-Humid
2016-11-13 13:00:00,Panther_lodging_Marisol,186.8861,26.7,4.0,13.3,1018.1,3.1,13,7,11,318,18667.3,2007.0,Hot-Humid
2016-11-13 14:00:00,Panther_lodging_Marisol,187.4862,27.2,4.0,13.3,1017.3,2.1,14,7,11,318,18667.3,2007.0,Hot-Humid
2016-11-13 15:00:00,Panther_lodging_Marisol,188.4364,27.8,4.0,12.8,1017.1,0.0,15,7,11,318,18667.3,2007.0,Hot-Humid
2016-11-13 16:00:00,Panther_lodging_Marisol,203.4893,26.1,4.0,11.7,1016.8,2.6,16,7,11,318,18667.3,2007.0,Hot-Humid
2016-11-13 17:00:00,Panther_lodging_Marisol,181.335,25.6,4.0,12.2,1016.6,2.1,17,7,11,318,18667.3,2007.0,Hot-Humid
2016-11-13 18:00:00,Panther_lodging_Marisol,217.542,22.2,4.0,13.3,1016.7,1.5,18,7,11,318,18667.3,2007.0,Hot-Humid
2016-11-13 19:00:00,Panther_lodging_Marisol,206.6899,20.6,4.0,15.0,1017.1,3.1,19,7,11,318,18667.3,2007.0,Hot-Humid
2016-11-13 20:00:00,Panther_lodging_Marisol,213.5912,21.7,4.333333333333333,16.1,1017.5,3.1,20,7,11,318,18667.3,2007.0,Hot-Humid
2016-11-13 21:00:00,Panther_lodging_Marisol,197.2381,21.1,4.666666666666667,16.1,1017.4,3.1,21,7,11,318,18667.3,2007.0,Hot-Humid
2016-11-13 22:00:00,Panther_lodging_Marisol,204.1894,20.0,5.0,15.6,1017.7,0.0,22,7,11,318,18667.3,2007.0,Hot-Humid
2016-11-13 23:00:00,Panther_lodging_Marisol,197.188,20.0,5.0,16.1,1017.7,0.0,23,7,11,318,18667.3,2007.0,Hot-Humid
2016-11-14 00:00:00,Panther_lodging_Marisol,192.7872,19.4,5.0,16.7,1017.5,3.6,0,1,11,319,18667.3,2007.0,Hot-Humid
2016-11-14 01:00:00,Panther_lodging_Marisol,183.3854,19.4,6.0,17.8,1017.0,3.1,1,1,11,319,18667.3,2007.0,Hot-Humid
2016-11-14 02:00:00,Panther_lodging_Marisol,163.1815,18.9,6.333333333333333,17.8,1016.7,2.1,2,1,11,319,18667.3,2007.0,Hot-Humid
2016-11-14 03:00:00,Panther_lodging_Marisol,145.8281,18.9,6.666666666666667,17.8,1016.3,2.1,3,1,11,319,18667.3,2007.0,Hot-Humid
2016-11-14 04:00:00,Panther_lodging_Marisol,152.6294,18.9,7.0,18.3,1016.3,2.6,4,1,11,319,18667.3,2007.0,Hot-Humid
2016-11-14 05:00:00,Panther_lodging_Marisol,146.9784,18.9,7.0,17.8,1016.0,3.6,5,1,11,319,18667.3,2007.0,Hot-Humid
2016-11-14 06:00:00,Panther_lodging_Marisol,162.4313,18.9,7.0,17.8,1016.4,3.1,6,1,11,319,18667.3,2007.0,Hot-Humid
2016-11-14 07:00:00,Panther_lodging_Marisol,164.0317,18.9,8.0,17.8,1016.9,3.1,7,1,11,319,18667.3,2007.0,Hot-Humid
2016-11-14 08:00:00,Panther_lodging_Marisol,160.2309,18.9,8.0,17.8,1016.9,2.1,8,1,11,319,18667.3,2007.0,Hot-Humid
2016-11-14 09:00:00,Panther_lodging_Marisol,172.9334,19.4,8.0,17.8,1017.4,2.1,9,1,11,319,18667.3,2007.0,Hot-Humid
2016-11-14 10:00:00,Panther_lodging_Marisol,178.3844,21.1,8.0,17.8,1017.6,1.5,10,1,11,319,18667.3,2007.0,Hot-Humid
2016-11-14 11:00:00,Panther_lodging_Marisol,193.2373,21.7,8.0,17.8,1017.7,2.6,11,1,11,319,18667.3,2007.0,Hot-Humid
2016-11-14 12:00:00,Panther_lodging_Marisol,191.3369,21.7,8.0,17.2,1016.9,3.6,12,1,11,319,18667.3,2007.0,Hot-Humid
2016-11-14 13:00:00,Panther_lodging_Marisol,194.9876,21.1,8.0,16.7,1016.3,2.6,13,1,11,319,18667.3,2007.0,Hot-Humid
2016-11-14 14:00:00,Panther_lodging_Marisol,195.7378,20.6,8.0,16.7,1016.0,3.6,14,1,11,319,18667.3,2007.0,Hot-Humid
2016-11-14 15:00:00,Panther_lodging_Marisol,195.5377,20.0,8.0,16.1,1016.3,3.6,15,1,11,319,18667.3,2007.0,Hot-Humid
2016-11-14 16:00:00,Panther_lodging_Marisol,204.2894,20.0,8.0,15.6,1015.6,3.6,16,1,11,319,18667.3,2007.0,Hot-Humid
2016-11-14 17:00:00,Panther_lodging_Marisol,210.1406,19.4,8.0,15.6,1015.7,2.1,17,1,11,319,18667.3,2007.0,Hot-Humid
2016-11-14 18:00:00,Panther_lodging_Marisol,226.7438,19.4,8.0,16.1,1015.9,2.6,18,1,11,319,18667.3,2007.0,Hot-Humid
2016-11-14 19:00:00,Panther_lodging_Marisol,216.7418,18.9,8.0,16.1,1016.1,2.1,19,1,11,319,18667.3,2007.0,Hot-Humid
2016-11-14 20:00:00,Panther_lodging_Marisol,202.289,18.9,8.0,15.6,1016.1,2.1,20,1,11,319,18667.3,2007.0,Hot-Humid
2016-11-14 21:00:00,Panther_lodging_Marisol,211.7909,18.9,8.0,16.1,1016.3,2.1,21,1,11,319,18667.3,2007.0,Hot-Humid
2016-11-14 22:00:00,Panther_lodging_Marisol,205.0896,18.9,8.0,16.1,1016.1,0.0,22,1,11,319,18667.3,2007.0,Hot-Humid
2016-11-14 23:00:00,Panther_lodging_Marisol,194.8376,18.3,8.0,16.1,1016.0,3.6,23,1,11,319,18667.3,2007.0,Hot-Humid
2016-11-15 00:00:00,Panther_lodging_Marisol,186.636,17.8,8.0,15.6,1016.0,3.1,0,2,11,320,18667.3,2007.0,Hot-Humid
2016-11-15 01:00:00,Panther_lodging_Marisol,173.0334,17.2,8.0,14.4,1015.8,3.6,1,2,11,320,18667.3,2007.0,Hot-Humid
2016-11-15 02:00:00,Panther_lodging_Marisol,175.6339,16.7,7.666666666666667,13.9,1015.7,2.6,2,2,11,320,18667.3,2007.0,Hot-Humid
2016-11-15 03:00:00,Panther_lodging_Marisol,173.6335,16.1,7.333333333333333,13.9,1015.2,3.1,3,2,11,320,18667.3,2007.0,Hot-Humid
2016-11-15 04:00:00,Panther_lodging_Marisol,176.484,15.6,7.0,12.8,1015.4,3.1,4,2,11,320,18667.3,2007.0,Hot-Humid
2016-11-15 05:00:00,Panther_lodging_Marisol,166.9322,15.0,7.0,12.2,1015.4,4.1,5,2,11,320,18667.3,2007.0,Hot-Humid
2016-11-15 06:00:00,Panther_lodging_Marisol,186.0859,15.0,7.0,12.8,1015.7,3.6,6,2,11,320,18667.3,2007.0,Hot-Humid
2016-11-15 07:00:00,Panther_lodging_Marisol,173.7835,15.0,6.0,12.2,1016.3,3.1,7,2,11,320,18667.3,2007.0,Hot-Humid
2016-11-15 08:00:00,Panther_lodging_Marisol,157.4304,16.1,6.0,12.8,1016.3,3.6,8,2,11,320,18667.3,2007.0,Hot-Humid
2016-11-15 09:00:00,Panther_lodging_Marisol,178.9845,17.8,6.0,12.2,1016.5,3.6,9,2,11,320,18667.3,2007.0,Hot-Humid
2016-11-15 10:00:00,Panther_lodging_Marisol,176.03400000000005,18.9,6.0,12.8,1016.6,2.6,10,2,11,320,18667.3,2007.0,Hot-Humid
2016-11-15 11:00:00,Panther_lodging_Marisol,178.6845,20.0,6.0,12.8,1016.0,2.1,11,2,11,320,18667.3,2007.0,Hot-Humid
2016-11-15 12:00:00,Panther_lodging_Marisol,177.2342,20.6,6.0,12.2,1014.9,3.6,12,2,11,320,18667.3,2007.0,Hot-Humid
2016-11-15 13:00:00,Panther_lodging_Marisol,191.4369,20.6,6.0,12.8,1013.8,2.1,13,2,11,320,18667.3,2007.0,Hot-Humid
2016-11-15 14:00:00,Panther_lodging_Marisol,178.1344,22.8,5.5,13.3,1013.3,3.6,14,2,11,320,18667.3,2007.0,Hot-Humid
2016-11-15 15:00:00,Panther_lodging_Marisol,208.4402,22.2,5.0,12.8,1012.9,2.6,15,2,11,320,18667.3,2007.0,Hot-Humid
2016-11-15 16:00:00,Panther_lodging_Marisol,200.9888,22.2,4.5,12.8,1013.0,1.5,16,2,11,320,18667.3,2007.0,Hot-Humid
2016-11-15 17:00:00,Panther_lodging_Marisol,190.3867,21.1,4.0,12.2,1013.0,2.6,17,2,11,320,18667.3,2007.0,Hot-Humid
2016-11-15 18:00:00,Panther_lodging_Marisol,215.8417,19.4,2.0,12.2,1013.4,2.1,18,2,11,320,18667.3,2007.0,Hot-Humid
2016-11-15 19:00:00,Panther_lodging_Marisol,215.7416,17.8,2.0,12.2,1013.8,1.5,19,2,11,320,18667.3,2007.0,Hot-Humid
2016-11-15 20:00:00,Panther_lodging_Marisol,216.2417,17.8,0.0,12.2,1013.9,0.0,20,2,11,320,18667.3,2007.0,Hot-Humid
2016-11-15 21:00:00,Panther_lodging_Marisol,230.0444,15.6,2.0,12.2,1014.0,2.6,21,2,11,320,18667.3,2007.0,Hot-Humid
2016-11-15 22:00:00,Panther_lodging_Marisol,212.491,15.6,0.0,12.2,1014.2,0.0,22,2,11,320,18667.3,2007.0,Hot-Humid
2016-11-15 23:00:00,Panther_lodging_Marisol,201.4389,15.0,2.0,12.2,1014.3,2.1,23,2,11,320,18667.3,2007.0,Hot-Humid
2016-11-16 00:00:00,Panther_lodging_Marisol,191.787,15.0,0.0,12.2,1014.4,2.1,0,3,11,321,18667.3,2007.0,Hot-Humid
2016-11-16 01:00:00,Panther_lodging_Marisol,181.335,14.4,2.0,12.2,1013.9,3.1,1,3,11,321,18667.3,2007.0,Hot-Humid
2016-11-16 02:00:00,Panther_lodging_Marisol,181.535,13.9,0.0,11.7,1013.7,1.5,2,3,11,321,18667.3,2007.0,Hot-Humid
2016-11-16 03:00:00,Panther_lodging_Marisol,180.2348,13.3,0.0,11.7,1013.3,2.1,3,3,11,321,18667.3,2007.0,Hot-Humid
2016-11-16 04:00:00,Panther_lodging_Marisol,175.1338,13.3,0.0,11.1,1013.2,1.5,4,3,11,321,18667.3,2007.0,Hot-Humid
2016-11-16 05:00:00,Panther_lodging_Marisol,176.134,12.8,0.0,10.6,1013.4,2.6,5,3,11,321,18667.3,2007.0,Hot-Humid
2016-11-16 06:00:00,Panther_lodging_Marisol,176.7341,12.8,0.0,10.0,1013.9,3.6,6,3,11,321,18667.3,2007.0,Hot-Humid
2016-11-16 07:00:00,Panther_lodging_Marisol,171.5831,12.8,0.0,10.0,1014.6,1.5,7,3,11,321,18667.3,2007.0,Hot-Humid
2016-11-16 08:00:00,Panther_lodging_Marisol,177.6343,15.0,0.0,11.1,1015.2,2.1,8,3,11,321,18667.3,2007.0,Hot-Humid
2016-11-16 09:00:00,Panther_lodging_Marisol,170.4329,18.3,0.0,11.7,1015.3,3.6,9,3,11,321,18667.3,2007.0,Hot-Humid
2016-11-16 10:00:00,Panther_lodging_Marisol,180.4848,20.6,0.0,10.6,1015.7,3.1,10,3,11,321,18667.3,2007.0,Hot-Humid
2016-11-16 11:00:00,Panther_lodging_Marisol,176.9341,22.8,0.0,8.9,1015.5,3.6,11,3,11,321,18667.3,2007.0,Hot-Humid
2016-11-16 12:00:00,Panther_lodging_Marisol,202.5391,23.9,0.0,7.2,1015.0,5.1,12,3,11,321,18667.3,2007.0,Hot-Humid
2016-11-16 13:00:00,Panther_lodging_Marisol,176.28400000000005,24.4,2.0,7.2,1014.2,5.7,13,3,11,321,18667.3,2007.0,Hot-Humid
2016-11-16 14:00:00,Panther_lodging_Marisol,176.5841,25.0,2.0,8.3,1013.6,3.6,14,3,11,321,18667.3,2007.0,Hot-Humid
2016-11-16 15:00:00,Panther_lodging_Marisol,165.982,25.0,2.0,7.8,1013.4,3.1,15,3,11,321,18667.3,2007.0,Hot-Humid
2016-11-16 16:00:00,Panther_lodging_Marisol,169.7327,24.4,2.0,7.8,1013.3,4.1,16,3,11,321,18667.3,2007.0,Hot-Humid
2016-11-16 17:00:00,Panther_lodging_Marisol,184.4856,23.3,2.0,8.3,1013.6,3.1,17,3,11,321,18667.3,2007.0,Hot-Humid
2016-11-16 18:00:00,Panther_lodging_Marisol,211.3908,20.6,0.0,8.3,1014.1,3.6,18,3,11,321,18667.3,2007.0,Hot-Humid
2016-11-16 19:00:00,Panther_lodging_Marisol,212.9911,18.9,0.0,9.4,1014.9,2.6,19,3,11,321,18667.3,2007.0,Hot-Humid
2016-11-16 20:00:00,Panther_lodging_Marisol,224.4433,18.3,0.0,10.0,1015.4,3.1,20,3,11,321,18667.3,2007.0,Hot-Humid
2016-11-16 21:00:00,Panther_lodging_Marisol,205.9898,17.2,0.0,10.6,1015.9,3.1,21,3,11,321,18667.3,2007.0,Hot-Humid
2016-11-16 22:00:00,Panther_lodging_Marisol,188.2863,16.1,0.0,11.1,1016.7,0.0,22,3,11,321,18667.3,2007.0,Hot-Humid
2016-11-16 23:00:00,Panther_lodging_Marisol,195.3377,15.0,0.0,11.1,1017.2,2.6,23,3,11,321,18667.3,2007.0,Hot-Humid
2016-11-17 00:00:00,Panther_lodging_Marisol,185.4358,15.6,0.0,11.1,1016.8,2.1,0,4,11,322,18667.3,2007.0,Hot-Humid
2016-11-17 01:00:00,Panther_lodging_Marisol,164.1317,13.3,0.0,11.1,1016.7,0.0,1,4,11,322,18667.3,2007.0,Hot-Humid
2016-11-17 02:00:00,Panther_lodging_Marisol,154.8799,11.7,0.0,10.0,1017.0,0.0,2,4,11,322,18667.3,2007.0,Hot-Humid
2016-11-17 03:00:00,Panther_lodging_Marisol,154.0797,11.7,0.0,10.0,1017.3,0.0,3,4,11,322,18667.3,2007.0,Hot-Humid
2016-11-17 04:00:00,Panther_lodging_Marisol,146.3782,11.1,0.0,9.4,1017.7,1.5,4,4,11,322,18667.3,2007.0,Hot-Humid
2016-11-17 05:00:00,Panther_lodging_Marisol,148.5287,12.2,0.0,10.6,1017.7,1.5,5,4,11,322,18667.3,2007.0,Hot-Humid
2016-11-17 06:00:00,Panther_lodging_Marisol,160.83100000000005,11.7,0.0,10.0,1018.3,2.1,6,4,11,322,18667.3,2007.0,Hot-Humid
2016-11-17 07:00:00,Panther_lodging_Marisol,164.0817,10.6,0.0,9.4,1019.0,0.0,7,4,11,322,18667.3,2007.0,Hot-Humid
2016-11-17 08:00:00,Panther_lodging_Marisol,160.431,13.9,0.0,11.7,1019.6,0.0,8,4,11,322,18667.3,2007.0,Hot-Humid
2016-11-17 09:00:00,Panther_lodging_Marisol,165.68200000000004,18.9,0.0,13.3,1019.7,3.1,9,4,11,322,18667.3,2007.0,Hot-Humid
2016-11-17 10:00:00,Panther_lodging_Marisol,173.8335,22.2,0.0,11.1,1020.1,3.6,10,4,11,322,18667.3,2007.0,Hot-Humid
2016-11-17 11:00:00,Panther_lodging_Marisol,189.1365,24.4,0.0,8.3,1020.0,4.1,11,4,11,322,18667.3,2007.0,Hot-Humid
2016-11-17 12:00:00,Panther_lodging_Marisol,184.2355,24.4,0.0,8.9,1019.6,4.1,12,4,11,322,18667.3,2007.0,Hot-Humid
2016-11-17 13:00:00,Panther_lodging_Marisol,189.1365,25.0,0.0,9.4,1018.6,4.6,13,4,11,322,18667.3,2007.0,Hot-Humid
2016-11-17 14:00:00,Panther_lodging_Marisol,176.4841,25.6,2.0,9.4,1018.1,2.6,14,4,11,322,18667.3,2007.0,Hot-Humid
2016-11-17 15:00:00,Panther_lodging_Marisol,191.587,25.6,2.0,10.0,1017.9,3.6,15,4,11,322,18667.3,2007.0,Hot-Humid
2016-11-17 16:00:00,Panther_lodging_Marisol,192.7872,25.0,0.0,10.6,1017.9,4.6,16,4,11,322,18667.3,2007.0,Hot-Humid
2016-11-17 17:00:00,Panther_lodging_Marisol,203.5893,23.3,0.0,11.1,1018.3,4.6,17,4,11,322,18667.3,2007.0,Hot-Humid
2016-11-17 18:00:00,Panther_lodging_Marisol,205.6897,20.6,0.0,11.7,1019.0,3.1,18,4,11,322,18667.3,2007.0,Hot-Humid
2016-11-17 19:00:00,Panther_lodging_Marisol,197.5881,20.0,0.0,12.2,1019.5,4.1,19,4,11,322,18667.3,2007.0,Hot-Humid
2016-11-17 20:00:00,Panther_lodging_Marisol,198.9884,18.9,0.0,12.8,1019.8,3.6,20,4,11,322,18667.3,2007.0,Hot-Humid
2016-11-17 21:00:00,Panther_lodging_Marisol,208.3902,18.3,0.0,12.8,1020.5,4.1,21,4,11,322,18667.3,2007.0,Hot-Humid
2016-11-17 22:00:00,Panther_lodging_Marisol,206.6899,16.1,0.0,12.8,1020.8,0.0,22,4,11,322,18667.3,2007.0,Hot-Humid
2016-11-17 23:00:00,Panther_lodging_Marisol,197.7382,17.2,2.0,12.8,1021.1,2.1,23,4,11,322,18667.3,2007.0,Hot-Humid
2016-11-18 00:00:00,Panther_lodging_Marisol,204.3894,16.7,2.0,13.3,1021.0,1.5,0,5,11,323,18667.3,2007.0,Hot-Humid
2016-11-18 01:00:00,Panther_lodging_Marisol,174.8337,16.1,2.0,13.3,1020.8,1.5,1,5,11,323,18667.3,2007.0,Hot-Humid
2016-11-18 02:00:00,Panther_lodging_Marisol,173.3334,15.0,2.0,13.3,1020.9,1.5,2,5,11,323,18667.3,2007.0,Hot-Humid
2016-11-18 03:00:00,Panther_lodging_Marisol,158.6806,15.6,2.0,13.3,1020.8,2.1,3,5,11,323,18667.3,2007.0,Hot-Humid
2016-11-18 04:00:00,Panther_lodging_Marisol,154.3798,15.0,4.0,13.3,1020.6,2.6,4,5,11,323,18667.3,2007.0,Hot-Humid
2016-11-18 05:00:00,Panther_lodging_Marisol,152.1293,14.4,0.0,13.3,1020.6,2.1,5,5,11,323,18667.3,2007.0,Hot-Humid
2016-11-18 06:00:00,Panther_lodging_Marisol,147.4285,15.0,0.0,13.3,1020.9,1.5,6,5,11,323,18667.3,2007.0,Hot-Humid
2016-11-18 07:00:00,Panther_lodging_Marisol,154.0297,15.0,0.0,13.3,1021.6,0.0,7,5,11,323,18667.3,2007.0,Hot-Humid
2016-11-18 08:00:00,Panther_lodging_Marisol,172.9334,16.7,2.0,13.9,1022.0,0.0,8,5,11,323,18667.3,2007.0,Hot-Humid
2016-11-18 09:00:00,Panther_lodging_Marisol,181.7851,20.6,2.0,13.3,1022.3,3.6,9,5,11,323,18667.3,2007.0,Hot-Humid
2016-11-18 10:00:00,Panther_lodging_Marisol,187.5362,23.3,2.0,13.9,1022.5,4.1,10,5,11,323,18667.3,2007.0,Hot-Humid
2016-11-18 11:00:00,Panther_lodging_Marisol,202.4891,25.0,2.0,13.9,1022.3,2.6,11,5,11,323,18667.3,2007.0,Hot-Humid
2016-11-18 12:00:00,Panther_lodging_Marisol,207.44,25.0,4.0,13.3,1021.8,3.1,12,5,11,323,18667.3,2007.0,Hot-Humid
2016-11-18 13:00:00,Panther_lodging_Marisol,195.2377,25.0,4.0,13.3,1021.1,3.1,13,5,11,323,18667.3,2007.0,Hot-Humid
2016-11-18 14:00:00,Panther_lodging_Marisol,205.9397,26.1,4.0,13.3,1020.5,2.6,14,5,11,323,18667.3,2007.0,Hot-Humid
2016-11-18 15:00:00,Panther_lodging_Marisol,206.5399,26.1,4.0,13.3,1020.5,1.5,15,5,11,323,18667.3,2007.0,Hot-Humid
2016-11-18 16:00:00,Panther_lodging_Marisol,212.241,25.6,4.0,12.8,1020.8,3.1,16,5,11,323,18667.3,2007.0,Hot-Humid
2016-11-18 17:00:00,Panther_lodging_Marisol,212.0409,24.4,4.0,13.3,1021.0,3.1,17,5,11,323,18667.3,2007.0,Hot-Humid
2016-11-18 18:00:00,Panther_lodging_Marisol,223.8932,21.7,2.0,14.4,1021.3,3.6,18,5,11,323,18667.3,2007.0,Hot-Humid
2016-11-18 19:00:00,Panther_lodging_Marisol,207.7401,21.1,0.0,15.0,1021.5,3.6,19,5,11,323,18667.3,2007.0,Hot-Humid
2016-11-18 20:00:00,Panther_lodging_Marisol,198.8384,18.9,0.0,14.4,1021.8,2.6,20,5,11,323,18667.3,2007.0,Hot-Humid
2016-11-18 21:00:00,Panther_lodging_Marisol,191.3869,18.9,0.0,14.4,1021.7,2.6,21,5,11,323,18667.3,2007.0,Hot-Humid
2016-11-18 22:00:00,Panther_lodging_Marisol,195.1377,18.3,0.0,13.9,1021.9,0.0,22,5,11,323,18667.3,2007.0,Hot-Humid
2016-11-18 23:00:00,Panther_lodging_Marisol,188.8364,17.8,0.0,13.9,1022.1,0.0,23,5,11,323,18667.3,2007.0,Hot-Humid
2016-11-19 00:00:00,Panther_lodging_Marisol,184.5356,16.1,0.0,13.3,1021.6,1.5,0,6,11,324,18667.3,2007.0,Hot-Humid
2016-11-19 01:00:00,Panther_lodging_Marisol,180.3348,16.7,2.0,13.3,1021.6,0.0,1,6,11,324,18667.3,2007.0,Hot-Humid
2016-11-19 02:00:00,Panther_lodging_Marisol,161.1811,14.4,2.0,12.8,1021.0,0.0,2,6,11,324,18667.3,2007.0,Hot-Humid
2016-11-19 03:00:00,Panther_lodging_Marisol,169.9828,13.9,0.0,12.8,1020.9,0.0,3,6,11,324,18667.3,2007.0,Hot-Humid
2016-11-19 04:00:00,Panther_lodging_Marisol,151.9793,15.6,1.0,13.9,1021.1,0.0,4,6,11,324,18667.3,2007.0,Hot-Humid
2016-11-19 05:00:00,Panther_lodging_Marisol,151.5793,15.6,2.0,13.9,1021.5,1.5,5,6,11,324,18667.3,2007.0,Hot-Humid
2016-11-19 06:00:00,Panther_lodging_Marisol,158.8806,15.6,0.0,13.9,1021.5,2.1,6,6,11,324,18667.3,2007.0,Hot-Humid
2016-11-19 07:00:00,Panther_lodging_Marisol,164.4817,14.4,2.0,13.3,1021.7,0.0,7,6,11,324,18667.3,2007.0,Hot-Humid
2016-11-19 08:00:00,Panther_lodging_Marisol,156.0301,16.7,0.0,14.4,1021.8,2.1,8,6,11,324,18667.3,2007.0,Hot-Humid
2016-11-19 09:00:00,Panther_lodging_Marisol,173.8335,19.4,0.0,15.0,1021.8,1.5,9,6,11,324,18667.3,2007.0,Hot-Humid
2016-11-19 10:00:00,Panther_lodging_Marisol,176.8841,22.2,2.0,14.4,1022.1,2.6,10,6,11,324,18667.3,2007.0,Hot-Humid
2016-11-19 11:00:00,Panther_lodging_Marisol,193.0373,24.4,2.0,15.0,1021.8,3.6,11,6,11,324,18667.3,2007.0,Hot-Humid
2016-11-19 12:00:00,Panther_lodging_Marisol,189.6866,25.0,2.0,13.9,1021.0,5.1,12,6,11,324,18667.3,2007.0,Hot-Humid
2016-11-19 13:00:00,Panther_lodging_Marisol,189.0865,26.1,2.0,13.9,1019.6,5.1,13,6,11,324,18667.3,2007.0,Hot-Humid
2016-11-19 14:00:00,Panther_lodging_Marisol,193.5873,25.6,4.0,13.3,1018.9,5.1,14,6,11,324,18667.3,2007.0,Hot-Humid
2016-11-19 15:00:00,Panther_lodging_Marisol,187.8362,25.0,4.0,12.2,1018.2,3.6,15,6,11,324,18667.3,2007.0,Hot-Humid
2016-11-19 16:00:00,Panther_lodging_Marisol,182.1852,25.6,2.0,11.1,1017.6,3.6,16,6,11,324,18667.3,2007.0,Hot-Humid
2016-11-19 17:00:00,Panther_lodging_Marisol,171.083,24.4,2.0,11.1,1017.7,3.1,17,6,11,324,18667.3,2007.0,Hot-Humid
2016-11-19 18:00:00,Panther_lodging_Marisol,179.5846,22.8,2.0,11.7,1018.0,1.5,18,6,11,324,18667.3,2007.0,Hot-Humid
2016-11-19 19:00:00,Panther_lodging_Marisol,194.0874,21.7,2.0,13.3,1018.3,3.6,19,6,11,324,18667.3,2007.0,Hot-Humid
2016-11-19 20:00:00,Panther_lodging_Marisol,187.6362,20.6,2.0,14.4,1018.7,3.6,20,6,11,324,18667.3,2007.0,Hot-Humid
2016-11-19 21:00:00,Panther_lodging_Marisol,181.435,20.6,2.0,15.6,1018.8,4.6,21,6,11,324,18667.3,2007.0,Hot-Humid
2016-11-19 22:00:00,Panther_lodging_Marisol,182.0851,20.0,2.0,16.1,1019.1,3.6,22,6,11,324,18667.3,2007.0,Hot-Humid
2016-11-19 23:00:00,Panther_lodging_Marisol,183.5854,20.0,2.0,16.7,1019.2,4.1,23,6,11,324,18667.3,2007.0,Hot-Humid
2016-11-20 00:00:00,Panther_lodging_Marisol,197.088,20.0,2.0,12.8,1019.6,8.2,0,7,11,325,18667.3,2007.0,Hot-Humid
2016-11-20 01:00:00,Panther_lodging_Marisol,164.1317,17.8,2.0,8.9,1019.7,6.2,1,7,11,325,18667.3,2007.0,Hot-Humid
2016-11-20 02:00:00,Panther_lodging_Marisol,174.9338,16.1,0.0,2.8,1020.2,8.2,2,7,11,325,18667.3,2007.0,Hot-Humid
2016-11-20 03:00:00,Panther_lodging_Marisol,171.8832,14.4,0.0,0.6,1020.3,5.7,3,7,11,325,18667.3,2007.0,Hot-Humid
2016-11-20 04:00:00,Panther_lodging_Marisol,175.0338,12.8,0.0,0.6,1020.5,5.7,4,7,11,325,18667.3,2007.0,Hot-Humid
2016-11-20 05:00:00,Panther_lodging_Marisol,181.335,11.7,0.0,-0.6,1020.9,6.7,5,7,11,325,18667.3,2007.0,Hot-Humid
2016-11-20 06:00:00,Panther_lodging_Marisol,178.7345,10.6,0.0,-2.2,1021.4,7.2,6,7,11,325,18667.3,2007.0,Hot-Humid
2016-11-20 07:00:00,Panther_lodging_Marisol,182.6853,10.0,0.0,-1.7,1022.0,6.7,7,7,11,325,18667.3,2007.0,Hot-Humid
2016-11-20 08:00:00,Panther_lodging_Marisol,180.3848,11.1,0.0,-1.1,1022.5,7.2,8,7,11,325,18667.3,2007.0,Hot-Humid
2016-11-20 09:00:00,Panther_lodging_Marisol,169.6827,12.2,0.0,0.0,1022.5,7.2,9,7,11,325,18667.3,2007.0,Hot-Humid
2016-11-20 10:00:00,Panther_lodging_Marisol,169.1327,14.4,0.0,2.2,1022.5,5.7,10,7,11,325,18667.3,2007.0,Hot-Humid
2016-11-20 11:00:00,Panther_lodging_Marisol,171.8832,16.7,0.0,3.3,1022.4,4.6,11,7,11,325,18667.3,2007.0,Hot-Humid
2016-11-20 12:00:00,Panther_lodging_Marisol,188.0363,17.2,0.0,2.8,1021.6,4.1,12,7,11,325,18667.3,2007.0,Hot-Humid
2016-11-20 13:00:00,Panther_lodging_Marisol,183.2354,18.3,0.0,1.1,1020.4,4.1,13,7,11,325,18667.3,2007.0,Hot-Humid
2016-11-20 14:00:00,Panther_lodging_Marisol,174.9338,18.9,0.0,0.6,1019.6,2.6,14,7,11,325,18667.3,2007.0,Hot-Humid
2016-11-20 15:00:00,Panther_lodging_Marisol,186.1859,18.9,0.0,-0.6,1019.3,3.1,15,7,11,325,18667.3,2007.0,Hot-Humid
2016-11-20 16:00:00,Panther_lodging_Marisol,181.385,19.4,0.0,-1.1,1019.1,3.1,16,7,11,325,18667.3,2007.0,Hot-Humid
2016-11-20 17:00:00,Panther_lodging_Marisol,206.6899,17.8,0.0,-1.7,1019.3,3.1,17,7,11,325,18667.3,2007.0,Hot-Humid
2016-11-20 18:00:00,Panther_lodging_Marisol,216.8419,15.0,0.0,-1.1,1019.6,2.6,18,7,11,325,18667.3,2007.0,Hot-Humid
2016-11-20 19:00:00,Panther_lodging_Marisol,215.9917,13.9,0.0,-0.6,1019.9,3.1,19,7,11,325,18667.3,2007.0,Hot-Humid
2016-11-20 20:00:00,Panther_lodging_Marisol,208.5903,13.3,0.0,-0.6,1020.2,2.6,20,7,11,325,18667.3,2007.0,Hot-Humid
2016-11-20 21:00:00,Panther_lodging_Marisol,206.6899,12.8,0.0,0.6,1020.8,3.6,21,7,11,325,18667.3,2007.0,Hot-Humid
2016-11-20 22:00:00,Panther_lodging_Marisol,207.49,11.7,0.0,1.7,1020.8,2.1,22,7,11,325,18667.3,2007.0,Hot-Humid
2016-11-20 23:00:00,Panther_lodging_Marisol,203.7893,11.7,0.0,2.2,1020.8,2.6,23,7,11,325,18667.3,2007.0,Hot-Humid
2016-11-21 00:00:00,Panther_lodging_Marisol,189.1865,11.1,0.0,0.6,1020.5,2.1,0,1,11,326,18667.3,2007.0,Hot-Humid
2016-11-21 01:00:00,Panther_lodging_Marisol,186.736,9.4,0.0,0.6,1020.3,3.1,1,1,11,326,18667.3,2007.0,Hot-Humid
2016-11-21 02:00:00,Panther_lodging_Marisol,172.1832,8.9,0.0,0.6,1020.1,2.1,2,1,11,326,18667.3,2007.0,Hot-Humid
2016-11-21 03:00:00,Panther_lodging_Marisol,167.4823,8.3,0.0,0.0,1019.9,0.0,3,1,11,326,18667.3,2007.0,Hot-Humid
2016-11-21 04:00:00,Panther_lodging_Marisol,187.0861,7.8,0.0,0.0,1019.5,1.5,4,1,11,326,18667.3,2007.0,Hot-Humid
2016-11-21 05:00:00,Panther_lodging_Marisol,194.3375,5.0,0.0,1.1,1019.8,0.0,5,1,11,326,18667.3,2007.0,Hot-Humid
2016-11-21 06:00:00,Panther_lodging_Marisol,199.6885,6.7,0.0,0.6,1020.1,2.6,6,1,11,326,18667.3,2007.0,Hot-Humid
2016-11-21 07:00:00,Panther_lodging_Marisol,200.8388,8.3,0.0,-1.1,1020.6,3.6,7,1,11,326,18667.3,2007.0,Hot-Humid
2016-11-21 08:00:00,Panther_lodging_Marisol,221.2927,10.6,0.0,-1.1,1021.2,2.1,8,1,11,326,18667.3,2007.0,Hot-Humid
2016-11-21 09:00:00,Panther_lodging_Marisol,213.3912,13.3,0.0,-1.1,1021.3,4.1,9,1,11,326,18667.3,2007.0,Hot-Humid
2016-11-21 10:00:00,Panther_lodging_Marisol,205.4396,15.6,0.0,-1.7,1021.6,3.6,10,1,11,326,18667.3,2007.0,Hot-Humid
2016-11-21 11:00:00,Panther_lodging_Marisol,209.5404,17.2,0.0,-3.9,1021.6,3.6,11,1,11,326,18667.3,2007.0,Hot-Humid
2016-11-21 12:00:00,Panther_lodging_Marisol,211.1407,18.3,0.0,-5.0,1020.9,4.1,12,1,11,326,18667.3,2007.0,Hot-Humid
2016-11-21 13:00:00,Panther_lodging_Marisol,195.8878,19.4,0.0,-9.4,1019.8,5.1,13,1,11,326,18667.3,2007.0,Hot-Humid
2016-11-21 14:00:00,Panther_lodging_Marisol,188.0363,20.0,0.0,-8.3,1019.2,5.7,14,1,11,326,18667.3,2007.0,Hot-Humid
2016-11-21 15:00:00,Panther_lodging_Marisol,189.0365,20.0,0.0,-6.7,1018.8,4.1,15,1,11,326,18667.3,2007.0,Hot-Humid
2016-11-21 16:00:00,Panther_lodging_Marisol,193.4873,20.6,0.0,-6.1,1018.7,4.6,16,1,11,326,18667.3,2007.0,Hot-Humid
2016-11-21 17:00:00,Panther_lodging_Marisol,202.4391,18.9,0.0,-6.1,1018.8,4.1,17,1,11,326,18667.3,2007.0,Hot-Humid
2016-11-21 18:00:00,Panther_lodging_Marisol,215.5916,16.7,0.0,-4.4,1019.0,2.1,18,1,11,326,18667.3,2007.0,Hot-Humid
2016-11-21 19:00:00,Panther_lodging_Marisol,215.3916,13.3,0.0,-2.2,1019.5,0.0,19,1,11,326,18667.3,2007.0,Hot-Humid
2016-11-21 20:00:00,Panther_lodging_Marisol,235.4954,12.8,0.0,0.6,1020.0,1.5,20,1,11,326,18667.3,2007.0,Hot-Humid
2016-11-21 21:00:00,Panther_lodging_Marisol,222.843,12.2,0.0,2.2,1020.7,2.1,21,1,11,326,18667.3,2007.0,Hot-Humid
2016-11-21 22:00:00,Panther_lodging_Marisol,236.1456,12.2,0.0,1.1,1021.1,2.1,22,1,11,326,18667.3,2007.0,Hot-Humid
2016-11-21 23:00:00,Panther_lodging_Marisol,217.542,8.9,0.0,2.2,1020.9,0.0,23,1,11,326,18667.3,2007.0,Hot-Humid
2016-11-22 00:00:00,Panther_lodging_Marisol,185.5358,9.4,0.0,2.2,1021.0,1.5,0,2,11,327,18667.3,2007.0,Hot-Humid
2016-11-22 01:00:00,Panther_lodging_Marisol,159.3307,8.9,0.0,3.3,1020.7,0.0,1,2,11,327,18667.3,2007.0,Hot-Humid
2016-11-22 02:00:00,Panther_lodging_Marisol,166.1821,7.8,0.0,3.3,1020.3,1.5,2,2,11,327,18667.3,2007.0,Hot-Humid
2016-11-22 03:00:00,Panther_lodging_Marisol,173.0834,5.6,0.0,2.8,1020.1,0.0,3,2,11,327,18667.3,2007.0,Hot-Humid
2016-11-22 04:00:00,Panther_lodging_Marisol,171.083,6.1,0.0,3.3,1020.1,0.0,4,2,11,327,18667.3,2007.0,Hot-Humid
2016-11-22 05:00:00,Panther_lodging_Marisol,187.8863,7.2,0.0,2.8,1020.4,0.0,5,2,11,327,18667.3,2007.0,Hot-Humid
2016-11-22 06:00:00,Panther_lodging_Marisol,178.7345,7.8,0.0,2.2,1020.9,0.0,6,2,11,327,18667.3,2007.0,Hot-Humid
2016-11-22 07:00:00,Panther_lodging_Marisol,192.3871,7.8,0.0,2.8,1021.5,3.1,7,2,11,327,18667.3,2007.0,Hot-Humid
2016-11-22 08:00:00,Panther_lodging_Marisol,181.135,11.1,0.0,5.0,1022.0,1.5,8,2,11,327,18667.3,2007.0,Hot-Humid
2016-11-22 09:00:00,Panther_lodging_Marisol,172.5833,15.6,0.0,4.4,1022.5,4.1,9,2,11,327,18667.3,2007.0,Hot-Humid
2016-11-22 10:00:00,Panther_lodging_Marisol,173.1834,18.9,0.0,6.7,1022.6,4.1,10,2,11,327,18667.3,2007.0,Hot-Humid
2016-11-22 11:00:00,Panther_lodging_Marisol,165.0319,21.1,0.0,8.3,1022.4,3.1,11,2,11,327,18667.3,2007.0,Hot-Humid
2016-11-22 12:00:00,Panther_lodging_Marisol,186.0859,22.2,0.0,7.8,1021.9,1.5,12,2,11,327,18667.3,2007.0,Hot-Humid
2016-11-22 13:00:00,Panther_lodging_Marisol,186.536,23.9,0.0,7.8,1020.7,2.6,13,2,11,327,18667.3,2007.0,Hot-Humid
2016-11-22 14:00:00,Panther_lodging_Marisol,185.9859,24.4,0.0,6.7,1020.3,4.1,14,2,11,327,18667.3,2007.0,Hot-Humid
2016-11-22 15:00:00,Panther_lodging_Marisol,170.2829,24.4,0.0,7.8,1020.0,4.1,15,2,11,327,18667.3,2007.0,Hot-Humid
2016-11-22 16:00:00,Panther_lodging_Marisol,169.3827,23.9,0.0,10.0,1020.3,5.1,16,2,11,327,18667.3,2007.0,Hot-Humid
2016-11-22 17:00:00,Panther_lodging_Marisol,163.5816,22.2,0.0,10.6,1021.0,5.7,17,2,11,327,18667.3,2007.0,Hot-Humid
2016-11-22 18:00:00,Panther_lodging_Marisol,163.5316,19.4,0.0,11.7,1021.7,3.1,18,2,11,327,18667.3,2007.0,Hot-Humid
2016-11-22 19:00:00,Panther_lodging_Marisol,171.033,18.3,0.0,11.7,1022.2,2.1,19,2,11,327,18667.3,2007.0,Hot-Humid
2016-11-22 20:00:00,Panther_lodging_Marisol,170.2328,17.8,0.0,12.2,1022.6,1.5,20,2,11,327,18667.3,2007.0,Hot-Humid
2016-11-22 21:00:00,Panther_lodging_Marisol,177.1842,17.2,0.0,12.2,1022.8,1.5,21,2,11,327,18667.3,2007.0,Hot-Humid
2016-11-22 22:00:00,Panther_lodging_Marisol,177.9343,16.1,2.0,12.2,1022.9,2.6,22,2,11,327,18667.3,2007.0,Hot-Humid
2016-11-22 23:00:00,Panther_lodging_Marisol,166.1821,15.0,0.0,12.2,1022.8,3.1,23,2,11,327,18667.3,2007.0,Hot-Humid
2016-11-23 00:00:00,Panther_lodging_Marisol,171.3831,15.0,2.0,12.2,1022.4,2.1,0,3,11,328,18667.3,2007.0,Hot-Humid
2016-11-23 01:00:00,Panther_lodging_Marisol,152.2794,14.4,4.0,12.2,1022.2,2.6,1,3,11,328,18667.3,2007.0,Hot-Humid
2016-11-23 02:00:00,Panther_lodging_Marisol,152.1794,13.9,2.0,12.2,1022.1,1.5,2,3,11,328,18667.3,2007.0,Hot-Humid
2016-11-23 03:00:00,Panther_lodging_Marisol,148.9287,12.8,2.0,11.1,1021.8,2.6,3,3,11,328,18667.3,2007.0,Hot-Humid
2016-11-23 04:00:00,Panther_lodging_Marisol,144.4279,12.8,2.0,11.7,1021.7,2.6,4,3,11,328,18667.3,2007.0,Hot-Humid
2016-11-23 05:00:00,Panther_lodging_Marisol,144.3279,13.9,3.333333333333333,12.8,1021.7,1.5,5,3,11,328,18667.3,2007.0,Hot-Humid
2016-11-23 06:00:00,Panther_lodging_Marisol,140.077,15.0,4.666666666666666,13.3,1021.9,1.5,6,3,11,328,18667.3,2007.0,Hot-Humid
2016-11-23 07:00:00,Panther_lodging_Marisol,150.8791,14.4,6.0,12.8,1022.3,0.0,7,3,11,328,18667.3,2007.0,Hot-Humid
2016-11-23 08:00:00,Panther_lodging_Marisol,148.6787,16.7,4.0,13.9,1022.4,2.1,8,3,11,328,18667.3,2007.0,Hot-Humid
2016-11-23 09:00:00,Panther_lodging_Marisol,152.5294,20.0,2.0,14.4,1022.3,0.0,9,3,11,328,18667.3,2007.0,Hot-Humid
2016-11-23 10:00:00,Panther_lodging_Marisol,156.7803,22.8,2.0,15.6,1022.6,2.1,10,3,11,328,18667.3,2007.0,Hot-Humid
2016-11-23 11:00:00,Panther_lodging_Marisol,167.8824,25.0,2.0,14.4,1022.4,4.1,11,3,11,328,18667.3,2007.0,Hot-Humid
2016-11-23 12:00:00,Panther_lodging_Marisol,176.5841,25.6,4.0,13.3,1022.2,3.1,12,3,11,328,18667.3,2007.0,Hot-Humid
2016-11-23 13:00:00,Panther_lodging_Marisol,183.4354,26.1,6.0,15.0,1021.7,2.6,13,3,11,328,18667.3,2007.0,Hot-Humid
2016-11-23 14:00:00,Panther_lodging_Marisol,175.93400000000003,26.7,6.0,15.6,1021.3,4.6,14,3,11,328,18667.3,2007.0,Hot-Humid
2016-11-23 15:00:00,Panther_lodging_Marisol,166.1821,25.0,6.0,15.0,1021.4,4.6,15,3,11,328,18667.3,2007.0,Hot-Humid
2016-11-23 16:00:00,Panther_lodging_Marisol,165.732,25.0,6.0,14.4,1021.6,4.1,16,3,11,328,18667.3,2007.0,Hot-Humid
2016-11-23 17:00:00,Panther_lodging_Marisol,166.4321,23.9,6.0,15.6,1021.7,3.6,17,3,11,328,18667.3,2007.0,Hot-Humid
2016-11-23 18:00:00,Panther_lodging_Marisol,144.4279,22.8,6.0,16.7,1022.0,4.1,18,3,11,328,18667.3,2007.0,Hot-Humid
2016-11-23 19:00:00,Panther_lodging_Marisol,146.9784,21.7,6.0,16.7,1022.4,3.6,19,3,11,328,18667.3,2007.0,Hot-Humid
2016-11-23 20:00:00,Panther_lodging_Marisol,153.7797,20.6,6.0,16.1,1022.8,2.6,20,3,11,328,18667.3,2007.0,Hot-Humid
2016-11-23 21:00:00,Panther_lodging_Marisol,150.47899999999996,19.4,6.0,16.1,1023.1,2.6,21,3,11,328,18667.3,2007.0,Hot-Humid
2016-11-23 22:00:00,Panther_lodging_Marisol,153.8797,19.4,6.0,16.1,1023.1,1.5,22,3,11,328,18667.3,2007.0,Hot-Humid
2016-11-23 23:00:00,Panther_lodging_Marisol,141.9774,18.9,6.0,16.1,1022.9,2.6,23,3,11,328,18667.3,2007.0,Hot-Humid
2016-11-24 00:00:00,Panther_lodging_Marisol,150.9291,17.8,6.0,16.1,1022.3,2.1,0,4,11,329,18667.3,2007.0,Hot-Humid
2016-11-24 01:00:00,Panther_lodging_Marisol,149.1288,17.8,6.0,16.1,1022.3,0.0,1,4,11,329,18667.3,2007.0,Hot-Humid
2016-11-24 02:00:00,Panther_lodging_Marisol,145.128,16.7,4.0,15.6,1021.9,0.0,2,4,11,329,18667.3,2007.0,Hot-Humid
2016-11-24 03:00:00,Panther_lodging_Marisol,160.3809,16.1,4.0,14.4,1022.2,1.5,3,4,11,329,18667.3,2007.0,Hot-Humid
2016-11-24 04:00:00,Panther_lodging_Marisol,160.531,16.1,4.0,15.0,1022.2,2.1,4,4,11,329,18667.3,2007.0,Hot-Humid
2016-11-24 05:00:00,Panther_lodging_Marisol,154.9299,16.1,4.0,15.6,1022.2,0.0,5,4,11,329,18667.3,2007.0,Hot-Humid
2016-11-24 06:00:00,Panther_lodging_Marisol,153.6797,15.6,4.0,15.0,1022.9,0.0,6,4,11,329,18667.3,2007.0,Hot-Humid
2016-11-24 07:00:00,Panther_lodging_Marisol,158.8306,15.6,4.0,14.4,1023.5,3.1,7,4,11,329,18667.3,2007.0,Hot-Humid
2016-11-24 08:00:00,Panther_lodging_Marisol,147.2784,18.3,4.0,16.7,1023.8,1.5,8,4,11,329,18667.3,2007.0,Hot-Humid
2016-11-24 09:00:00,Panther_lodging_Marisol,148.4786,18.9,4.0,16.7,1024.5,2.6,9,4,11,329,18667.3,2007.0,Hot-Humid
2016-11-24 10:00:00,Panther_lodging_Marisol,162.9314,23.3,4.0,17.2,1024.9,2.1,10,4,11,329,18667.3,2007.0,Hot-Humid
2016-11-24 11:00:00,Panther_lodging_Marisol,165.982,25.6,4.0,17.2,1024.6,1.5,11,4,11,329,18667.3,2007.0,Hot-Humid
2016-11-24 12:00:00,Panther_lodging_Marisol,165.1819,25.0,4.0,16.7,1023.8,3.1,12,4,11,329,18667.3,2007.0,Hot-Humid
2016-11-24 13:00:00,Panther_lodging_Marisol,155.48,27.2,4.0,16.7,1022.4,2.6,13,4,11,329,18667.3,2007.0,Hot-Humid
2016-11-24 14:00:00,Panther_lodging_Marisol,165.832,26.1,4.0,16.7,1021.8,2.6,14,4,11,329,18667.3,2007.0,Hot-Humid
2016-11-24 15:00:00,Panther_lodging_Marisol,150.5791,26.7,4.0,16.7,1021.5,4.6,15,4,11,329,18667.3,2007.0,Hot-Humid
2016-11-24 16:00:00,Panther_lodging_Marisol,142.3275,26.1,4.0,16.7,1021.6,4.6,16,4,11,329,18667.3,2007.0,Hot-Humid
2016-11-24 17:00:00,Panther_lodging_Marisol,142.0774,23.9,4.0,16.7,1021.7,3.1,17,4,11,329,18667.3,2007.0,Hot-Humid
2016-11-24 18:00:00,Panther_lodging_Marisol,146.7783,23.3,4.0,16.7,1022.0,3.6,18,4,11,329,18667.3,2007.0,Hot-Humid
2016-11-24 19:00:00,Panther_lodging_Marisol,140.3271,21.7,4.0,16.7,1022.5,2.6,19,4,11,329,18667.3,2007.0,Hot-Humid
2016-11-24 20:00:00,Panther_lodging_Marisol,149.0288,21.1,3.3333333333333335,16.7,1023.0,3.1,20,4,11,329,18667.3,2007.0,Hot-Humid
2016-11-24 21:00:00,Panther_lodging_Marisol,155.53,20.6,2.666666666666667,16.1,1023.4,0.0,21,4,11,329,18667.3,2007.0,Hot-Humid
2016-11-24 22:00:00,Panther_lodging_Marisol,168.4825,19.4,2.0,16.1,1023.7,2.1,22,4,11,329,18667.3,2007.0,Hot-Humid
2016-11-24 23:00:00,Panther_lodging_Marisol,154.0797,18.9,4.0,16.1,1023.8,2.1,23,4,11,329,18667.3,2007.0,Hot-Humid
2016-11-25 00:00:00,Panther_lodging_Marisol,154.2798,18.9,5.0,16.7,1023.5,1.5,0,5,11,330,18667.3,2007.0,Hot-Humid
2016-11-25 01:00:00,Panther_lodging_Marisol,154.8799,19.4,6.0,16.7,1023.4,0.0,1,5,11,330,18667.3,2007.0,Hot-Humid
2016-11-25 02:00:00,Panther_lodging_Marisol,168.6326,20.0,5.6,16.7,1023.3,0.0,2,5,11,330,18667.3,2007.0,Hot-Humid
2016-11-25 03:00:00,Panther_lodging_Marisol,160.3809,18.3,5.2,16.1,1023.1,2.1,3,5,11,330,18667.3,2007.0,Hot-Humid
2016-11-25 04:00:00,Panther_lodging_Marisol,149.8789,18.9,4.8,16.7,1022.9,0.0,4,5,11,330,18667.3,2007.0,Hot-Humid
2016-11-25 05:00:00,Panther_lodging_Marisol,154.2298,17.8,4.8,16.1,1022.8,0.0,5,5,11,330,18667.3,2007.0,Hot-Humid
2016-11-25 06:00:00,Panther_lodging_Marisol,160.681,17.2,4.0,15.6,1023.2,0.0,6,5,11,330,18667.3,2007.0,Hot-Humid
2016-11-25 07:00:00,Panther_lodging_Marisol,157.1803,17.2,6.0,15.6,1023.8,0.0,7,5,11,330,18667.3,2007.0,Hot-Humid
2016-11-25 08:00:00,Panther_lodging_Marisol,153.6797,18.9,4.666666666666667,16.7,1024.4,2.1,8,5,11,330,18667.3,2007.0,Hot-Humid
2016-11-25 09:00:00,Panther_lodging_Marisol,148.0786,21.1,3.3333333333333335,16.7,1024.8,2.6,9,5,11,330,18667.3,2007.0,Hot-Humid
2016-11-25 10:00:00,Panther_lodging_Marisol,156.3302,24.4,2.0,16.7,1024.8,1.5,10,5,11,330,18667.3,2007.0,Hot-Humid
2016-11-25 11:00:00,Panther_lodging_Marisol,169.3327,26.1,4.0,15.0,1024.2,3.1,11,5,11,330,18667.3,2007.0,Hot-Humid
2016-11-25 12:00:00,Panther_lodging_Marisol,170.3829,27.2,4.0,14.4,1023.4,2.6,12,5,11,330,18667.3,2007.0,Hot-Humid
2016-11-25 13:00:00,Panther_lodging_Marisol,165.5819,27.2,4.0,13.3,1022.2,2.1,13,5,11,330,18667.3,2007.0,Hot-Humid
2016-11-25 14:00:00,Panther_lodging_Marisol,167.6824,28.3,4.0,12.8,1021.3,2.1,14,5,11,330,18667.3,2007.0,Hot-Humid
2016-11-25 15:00:00,Panther_lodging_Marisol,160.1809,28.3,4.0,13.3,1020.8,5.1,15,5,11,330,18667.3,2007.0,Hot-Humid
2016-11-25 16:00:00,Panther_lodging_Marisol,160.681,26.1,2.0,13.9,1020.9,3.6,16,5,11,330,18667.3,2007.0,Hot-Humid
2016-11-25 17:00:00,Panther_lodging_Marisol,165.2319,24.4,2.0,14.4,1021.2,3.6,17,5,11,330,18667.3,2007.0,Hot-Humid
2016-11-25 18:00:00,Panther_lodging_Marisol,157.8805,22.8,2.0,14.4,1021.4,3.1,18,5,11,330,18667.3,2007.0,Hot-Humid
2016-11-25 19:00:00,Panther_lodging_Marisol,153.7297,21.7,2.0,15.6,1021.7,2.6,19,5,11,330,18667.3,2007.0,Hot-Humid
2016-11-25 20:00:00,Panther_lodging_Marisol,165.782,20.0,0.0,15.0,1022.2,3.1,20,5,11,330,18667.3,2007.0,Hot-Humid
2016-11-25 21:00:00,Panther_lodging_Marisol,156.1301,20.0,0.0,16.1,1022.2,2.1,21,5,11,330,18667.3,2007.0,Hot-Humid
2016-11-25 22:00:00,Panther_lodging_Marisol,163.7316,18.9,2.0,15.6,1022.3,2.1,22,5,11,330,18667.3,2007.0,Hot-Humid
2016-11-25 23:00:00,Panther_lodging_Marisol,159.0307,18.9,2.0,16.1,1022.1,1.5,23,5,11,330,18667.3,2007.0,Hot-Humid
2016-11-26 00:00:00,Panther_lodging_Marisol,160.431,18.3,2.0,16.1,1021.9,0.0,0,6,11,331,18667.3,2007.0,Hot-Humid
2016-11-26 01:00:00,Panther_lodging_Marisol,159.0307,17.8,6.0,15.6,1021.7,2.1,1,6,11,331,18667.3,2007.0,Hot-Humid
2016-11-26 02:00:00,Panther_lodging_Marisol,147.9786,18.3,4.0,16.1,1021.2,0.0,2,6,11,331,18667.3,2007.0,Hot-Humid
2016-11-26 03:00:00,Panther_lodging_Marisol,167.8324,16.7,2.0,15.6,1020.9,0.0,3,6,11,331,18667.3,2007.0,Hot-Humid
2016-11-26 04:00:00,Panther_lodging_Marisol,153.1796,17.2,4.0,15.6,1020.9,0.0,4,6,11,331,18667.3,2007.0,Hot-Humid
2016-11-26 05:00:00,Panther_lodging_Marisol,149.2288,16.7,4.666666666666667,15.6,1020.5,1.5,5,6,11,331,18667.3,2007.0,Hot-Humid
2016-11-26 06:00:00,Panther_lodging_Marisol,158.0805,18.3,5.333333333333333,16.1,1020.7,1.5,6,6,11,331,18667.3,2007.0,Hot-Humid
2016-11-26 07:00:00,Panther_lodging_Marisol,179.4846,18.3,6.0,16.1,1021.3,2.6,7,6,11,331,18667.3,2007.0,Hot-Humid
2016-11-26 08:00:00,Panther_lodging_Marisol,168.8826,18.9,6.333333333333333,15.0,1021.4,4.1,8,6,11,331,18667.3,2007.0,Hot-Humid
2016-11-26 09:00:00,Panther_lodging_Marisol,158.4306,20.0,6.666666666666667,15.0,1022.0,3.6,9,6,11,331,18667.3,2007.0,Hot-Humid
2016-11-26 10:00:00,Panther_lodging_Marisol,167.0822,22.2,7.0,14.4,1021.9,3.1,10,6,11,331,18667.3,2007.0,Hot-Humid
2016-11-26 11:00:00,Panther_lodging_Marisol,178.0844,23.9,7.0,15.0,1021.2,4.1,11,6,11,331,18667.3,2007.0,Hot-Humid
2016-11-26 12:00:00,Panther_lodging_Marisol,165.982,23.9,7.0,15.0,1020.6,4.6,12,6,11,331,18667.3,2007.0,Hot-Humid
2016-11-26 13:00:00,Panther_lodging_Marisol,179.4346,24.4,8.0,14.4,1019.6,3.6,13,6,11,331,18667.3,2007.0,Hot-Humid
2016-11-26 14:00:00,Panther_lodging_Marisol,174.2836,25.0,7.666666666666667,13.3,1018.9,4.6,14,6,11,331,18667.3,2007.0,Hot-Humid
2016-11-26 15:00:00,Panther_lodging_Marisol,166.8322,24.4,7.333333333333333,12.8,1018.6,3.6,15,6,11,331,18667.3,2007.0,Hot-Humid
2016-11-26 16:00:00,Panther_lodging_Marisol,166.9822,24.4,7.0,12.8,1018.7,4.1,16,6,11,331,18667.3,2007.0,Hot-Humid
2016-11-26 17:00:00,Panther_lodging_Marisol,177.1342,23.3,7.0,12.8,1018.9,5.1,17,6,11,331,18667.3,2007.0,Hot-Humid
2016-11-26 18:00:00,Panther_lodging_Marisol,177.3342,20.6,7.0,11.7,1019.3,4.1,18,6,11,331,18667.3,2007.0,Hot-Humid
2016-11-26 19:00:00,Panther_lodging_Marisol,174.1336,19.4,6.0,5.0,1020.1,5.1,19,6,11,331,18667.3,2007.0,Hot-Humid
2016-11-26 20:00:00,Panther_lodging_Marisol,183.9855,17.8,6.333333333333333,8.3,1020.3,5.1,20,6,11,331,18667.3,2007.0,Hot-Humid
2016-11-26 21:00:00,Panther_lodging_Marisol,181.8351,16.7,6.666666666666667,9.4,1020.6,4.1,21,6,11,331,18667.3,2007.0,Hot-Humid
2016-11-26 22:00:00,Panther_lodging_Marisol,177.2842,15.6,7.0,11.1,1020.7,4.6,22,6,11,331,18667.3,2007.0,Hot-Humid
2016-11-26 23:00:00,Panther_lodging_Marisol,172.2833,15.0,7.0,11.7,1020.7,3.6,23,6,11,331,18667.3,2007.0,Hot-Humid
2016-11-27 00:00:00,Panther_lodging_Marisol,163.7816,15.6,7.0,11.7,1020.3,4.1,0,7,11,332,18667.3,2007.0,Hot-Humid
2016-11-27 01:00:00,Panther_lodging_Marisol,159.6308,16.1,8.0,11.7,1019.7,4.1,1,7,11,332,18667.3,2007.0,Hot-Humid
2016-11-27 02:00:00,Panther_lodging_Marisol,156.9303,15.6,6.5,11.7,1019.4,4.1,2,7,11,332,18667.3,2007.0,Hot-Humid
2016-11-27 03:00:00,Panther_lodging_Marisol,150.279,15.0,5.0,11.7,1019.2,3.6,3,7,11,332,18667.3,2007.0,Hot-Humid
2016-11-27 04:00:00,Panther_lodging_Marisol,152.5294,14.4,3.5,11.1,1018.8,2.6,4,7,11,332,18667.3,2007.0,Hot-Humid
2016-11-27 05:00:00,Panther_lodging_Marisol,159.7808,14.4,2.0,11.1,1019.0,3.6,5,7,11,332,18667.3,2007.0,Hot-Humid
2016-11-27 06:00:00,Panther_lodging_Marisol,152.6294,14.4,4.0,11.1,1019.5,3.6,6,7,11,332,18667.3,2007.0,Hot-Humid
2016-11-27 07:00:00,Panther_lodging_Marisol,148.7287,13.9,2.0,11.1,1020.2,4.1,7,7,11,332,18667.3,2007.0,Hot-Humid
2016-11-27 08:00:00,Panther_lodging_Marisol,150.5791,15.6,2.0,12.2,1020.0,3.6,8,7,11,332,18667.3,2007.0,Hot-Humid
2016-11-27 09:00:00,Panther_lodging_Marisol,141.4773,18.9,2.0,12.8,1020.7,3.6,9,7,11,332,18667.3,2007.0,Hot-Humid
2016-11-27 10:00:00,Panther_lodging_Marisol,151.5793,22.2,2.0,12.8,1020.8,5.1,10,7,11,332,18667.3,2007.0,Hot-Humid
2016-11-27 11:00:00,Panther_lodging_Marisol,149.1288,23.9,2.0,13.3,1020.6,5.7,11,7,11,332,18667.3,2007.0,Hot-Humid
2016-11-27 12:00:00,Panther_lodging_Marisol,172.9834,25.0,4.0,12.8,1019.5,7.2,12,7,11,332,18667.3,2007.0,Hot-Humid
2016-11-27 13:00:00,Panther_lodging_Marisol,164.6818,25.0,4.0,12.2,1018.7,6.2,13,7,11,332,18667.3,2007.0,Hot-Humid
2016-11-27 14:00:00,Panther_lodging_Marisol,174.5337,24.4,4.0,12.2,1018.4,6.7,14,7,11,332,18667.3,2007.0,Hot-Humid
2016-11-27 15:00:00,Panther_lodging_Marisol,170.6329,24.4,4.0,12.2,1018.2,7.2,15,7,11,332,18667.3,2007.0,Hot-Humid
2016-11-27 16:00:00,Panther_lodging_Marisol,189.5366,22.8,4.0,12.2,1018.4,5.7,16,7,11,332,18667.3,2007.0,Hot-Humid
2016-11-27 17:00:00,Panther_lodging_Marisol,192.4371,22.2,2.0,12.8,1018.4,6.2,17,7,11,332,18667.3,2007.0,Hot-Humid
2016-11-27 18:00:00,Panther_lodging_Marisol,183.4854,20.6,4.0,12.2,1018.9,4.6,18,7,11,332,18667.3,2007.0,Hot-Humid
2016-11-27 19:00:00,Panther_lodging_Marisol,207.14,20.0,2.0,11.7,1019.0,5.1,19,7,11,332,18667.3,2007.0,Hot-Humid
2016-11-27 20:00:00,Panther_lodging_Marisol,211.2908,19.4,2.0,11.7,1018.8,5.1,20,7,11,332,18667.3,2007.0,Hot-Humid
2016-11-27 21:00:00,Panther_lodging_Marisol,215.4416,18.3,2.0,12.8,1019.3,3.6,21,7,11,332,18667.3,2007.0,Hot-Humid
2016-11-27 22:00:00,Panther_lodging_Marisol,203.2392,18.3,2.0,12.8,1019.7,2.6,22,7,11,332,18667.3,2007.0,Hot-Humid
2016-11-27 23:00:00,Panther_lodging_Marisol,204.7895,16.7,2.0,12.2,1019.6,2.1,23,7,11,332,18667.3,2007.0,Hot-Humid
2016-11-28 00:00:00,Panther_lodging_Marisol,176.384,16.1,2.0,12.2,1019.1,2.1,0,1,11,333,18667.3,2007.0,Hot-Humid
2016-11-28 01:00:00,Panther_lodging_Marisol,167.8824,15.6,2.0,11.7,1018.8,2.1,1,1,11,333,18667.3,2007.0,Hot-Humid
2016-11-28 02:00:00,Panther_lodging_Marisol,166.9322,15.6,2.0,11.7,1018.5,2.6,2,1,11,333,18667.3,2007.0,Hot-Humid
2016-11-28 03:00:00,Panther_lodging_Marisol,163.3315,15.0,2.0,11.1,1018.1,2.1,3,1,11,333,18667.3,2007.0,Hot-Humid
2016-11-28 04:00:00,Panther_lodging_Marisol,156.1301,15.6,2.0,11.1,1017.7,2.6,4,1,11,333,18667.3,2007.0,Hot-Humid
2016-11-28 05:00:00,Panther_lodging_Marisol,170.1828,15.0,2.0,11.1,1017.3,2.6,5,1,11,333,18667.3,2007.0,Hot-Humid
2016-11-28 06:00:00,Panther_lodging_Marisol,162.4813,15.6,2.0,11.7,1017.5,2.6,6,1,11,333,18667.3,2007.0,Hot-Humid
2016-11-28 07:00:00,Panther_lodging_Marisol,166.1821,15.6,2.0,12.2,1017.7,2.6,7,1,11,333,18667.3,2007.0,Hot-Humid
2016-11-28 08:00:00,Panther_lodging_Marisol,173.0834,17.8,2.0,13.3,1018.1,2.6,8,1,11,333,18667.3,2007.0,Hot-Humid
2016-11-28 09:00:00,Panther_lodging_Marisol,160.3309,20.6,2.0,14.4,1018.2,3.6,9,1,11,333,18667.3,2007.0,Hot-Humid
2016-11-28 10:00:00,Panther_lodging_Marisol,192.3371,23.3,2.0,15.0,1018.6,5.7,10,1,11,333,18667.3,2007.0,Hot-Humid
2016-11-28 11:00:00,Panther_lodging_Marisol,175.5339,25.0,3.333333333333333,15.0,1018.2,7.2,11,1,11,333,18667.3,2007.0,Hot-Humid
2016-11-28 12:00:00,Panther_lodging_Marisol,190.6868,26.1,4.666666666666666,15.6,1017.0,7.2,12,1,11,333,18667.3,2007.0,Hot-Humid
2016-11-28 13:00:00,Panther_lodging_Marisol,207.39,25.6,6.0,15.0,1016.2,6.2,13,1,11,333,18667.3,2007.0,Hot-Humid
2016-11-28 14:00:00,Panther_lodging_Marisol,182.1852,26.1,5.333333333333333,14.4,1014.7,6.7,14,1,11,333,18667.3,2007.0,Hot-Humid
2016-11-28 15:00:00,Panther_lodging_Marisol,190.2867,25.6,4.666666666666667,15.0,1014.5,7.7,15,1,11,333,18667.3,2007.0,Hot-Humid
2016-11-28 16:00:00,Panther_lodging_Marisol,199.8886,25.0,4.0,15.6,1014.3,6.7,16,1,11,333,18667.3,2007.0,Hot-Humid
2016-11-28 17:00:00,Panther_lodging_Marisol,204.0394,23.9,4.0,16.1,1014.7,5.1,17,1,11,333,18667.3,2007.0,Hot-Humid
2016-11-28 18:00:00,Panther_lodging_Marisol,221.9428,22.2,4.0,16.1,1015.0,3.6,18,1,11,333,18667.3,2007.0,Hot-Humid
2016-11-28 19:00:00,Panther_lodging_Marisol,234.4953,21.1,2.0,15.6,1015.2,3.6,19,1,11,333,18667.3,2007.0,Hot-Humid
2016-11-28 20:00:00,Panther_lodging_Marisol,235.2454,20.0,0.0,15.6,1015.8,2.6,20,1,11,333,18667.3,2007.0,Hot-Humid
2016-11-28 21:00:00,Panther_lodging_Marisol,224.4933,20.0,0.0,16.1,1015.9,3.1,21,1,11,333,18667.3,2007.0,Hot-Humid
2016-11-28 22:00:00,Panther_lodging_Marisol,215.2415,20.0,2.0,16.1,1015.7,4.1,22,1,11,333,18667.3,2007.0,Hot-Humid
2016-11-28 23:00:00,Panther_lodging_Marisol,219.6424,20.6,4.0,16.1,1015.7,4.6,23,1,11,333,18667.3,2007.0,Hot-Humid
2016-11-29 00:00:00,Panther_lodging_Marisol,209.3404,21.1,3.0,16.7,1015.9,4.1,0,2,11,334,18667.3,2007.0,Hot-Humid
2016-11-29 01:00:00,Panther_lodging_Marisol,171.9832,20.0,2.0,17.2,1015.4,4.1,1,2,11,334,18667.3,2007.0,Hot-Humid
2016-11-29 02:00:00,Panther_lodging_Marisol,156.4802,20.0,4.0,17.2,1014.7,4.6,2,2,11,334,18667.3,2007.0,Hot-Humid
2016-11-29 03:00:00,Panther_lodging_Marisol,156.8803,20.0,2.0,17.2,1014.3,3.6,3,2,11,334,18667.3,2007.0,Hot-Humid
2016-11-29 04:00:00,Panther_lodging_Marisol,152.8795,20.0,0.0,17.2,1014.1,4.1,4,2,11,334,18667.3,2007.0,Hot-Humid
2016-11-29 05:00:00,Panther_lodging_Marisol,154.6298,19.4,0.0,17.2,1014.2,3.1,5,2,11,334,18667.3,2007.0,Hot-Humid
2016-11-29 06:00:00,Panther_lodging_Marisol,148.9287,18.9,0.0,17.2,1014.8,3.1,6,2,11,334,18667.3,2007.0,Hot-Humid
2016-11-29 07:00:00,Panther_lodging_Marisol,157.9805,18.3,4.0,17.2,1015.5,1.5,7,2,11,334,18667.3,2007.0,Hot-Humid
2016-11-29 08:00:00,Panther_lodging_Marisol,184.4356,20.0,4.0,17.8,1016.0,3.1,8,2,11,334,18667.3,2007.0,Hot-Humid
2016-11-29 09:00:00,Panther_lodging_Marisol,195.7878,22.2,4.4,18.3,1017.0,4.1,9,2,11,334,18667.3,2007.0,Hot-Humid
2016-11-29 10:00:00,Panther_lodging_Marisol,189.2365,23.9,4.8,17.8,1017.6,5.1,10,2,11,334,18667.3,2007.0,Hot-Humid
2016-11-29 11:00:00,Panther_lodging_Marisol,194.4375,26.7,5.2,18.3,1017.3,7.2,11,2,11,334,18667.3,2007.0,Hot-Humid
2016-11-29 12:00:00,Panther_lodging_Marisol,200.6387,27.8,5.2,17.2,1016.5,6.7,12,2,11,334,18667.3,2007.0,Hot-Humid
2016-11-29 13:00:00,Panther_lodging_Marisol,204.0894,28.3,6.0,17.2,1015.5,5.7,13,2,11,334,18667.3,2007.0,Hot-Humid
2016-11-29 14:00:00,Panther_lodging_Marisol,200.4887,28.9,6.0,17.2,1014.8,5.7,14,2,11,334,18667.3,2007.0,Hot-Humid
2016-11-29 15:00:00,Panther_lodging_Marisol,194.3875,28.9,6.0,17.8,1014.4,5.1,15,2,11,334,18667.3,2007.0,Hot-Humid
2016-11-29 16:00:00,Panther_lodging_Marisol,209.1904,28.3,6.0,16.7,1014.4,5.7,16,2,11,334,18667.3,2007.0,Hot-Humid
2016-11-29 17:00:00,Panther_lodging_Marisol,190.8368,26.1,6.0,17.2,1014.8,2.6,17,2,11,334,18667.3,2007.0,Hot-Humid
2016-11-29 18:00:00,Panther_lodging_Marisol,195.2377,23.9,6.0,17.2,1015.1,3.6,18,2,11,334,18667.3,2007.0,Hot-Humid
2016-11-29 19:00:00,Panther_lodging_Marisol,221.6928,23.3,6.0,19.4,1015.8,3.6,19,2,11,334,18667.3,2007.0,Hot-Humid
2016-11-29 20:00:00,Panther_lodging_Marisol,194.3375,22.8,5.333333333333333,20.0,1016.3,3.6,20,2,11,334,18667.3,2007.0,Hot-Humid
2016-11-29 21:00:00,Panther_lodging_Marisol,202.9392,22.2,4.666666666666667,20.0,1016.6,3.6,21,2,11,334,18667.3,2007.0,Hot-Humid
2016-11-29 22:00:00,Panther_lodging_Marisol,203.3392,22.2,4.0,20.0,1016.8,3.6,22,2,11,334,18667.3,2007.0,Hot-Humid
2016-11-29 23:00:00,Panther_lodging_Marisol,192.8872,21.7,4.0,20.0,1016.7,3.1,23,2,11,334,18667.3,2007.0,Hot-Humid
2016-11-30 00:00:00,Panther_lodging_Marisol,178.3344,21.1,4.0,20.0,1016.3,3.6,0,3,11,335,18667.3,2007.0,Hot-Humid
2016-11-30 01:00:00,Panther_lodging_Marisol,175.1338,21.1,4.0,20.0,1015.8,3.1,1,3,11,335,18667.3,2007.0,Hot-Humid
2016-11-30 02:00:00,Panther_lodging_Marisol,165.782,20.6,4.0,20.0,1015.4,3.1,2,3,11,335,18667.3,2007.0,Hot-Humid
2016-11-30 03:00:00,Panther_lodging_Marisol,153.5796,20.6,2.0,19.4,1015.4,2.6,3,3,11,335,18667.3,2007.0,Hot-Humid
2016-11-30 04:00:00,Panther_lodging_Marisol,151.4792,20.0,2.0,18.9,1015.0,2.1,4,3,11,335,18667.3,2007.0,Hot-Humid
2016-11-30 05:00:00,Panther_lodging_Marisol,152.3294,19.4,2.0,18.9,1014.6,2.6,5,3,11,335,18667.3,2007.0,Hot-Humid
2016-11-30 06:00:00,Panther_lodging_Marisol,152.9795,19.4,2.0,18.9,1014.9,3.1,6,3,11,335,18667.3,2007.0,Hot-Humid
2016-11-30 07:00:00,Panther_lodging_Marisol,161.6312,18.9,2.0,18.9,1015.3,2.6,7,3,11,335,18667.3,2007.0,Hot-Humid
2016-11-30 08:00:00,Panther_lodging_Marisol,187.8362,20.6,2.0,20.0,1015.7,3.6,8,3,11,335,18667.3,2007.0,Hot-Humid
2016-11-30 09:00:00,Panther_lodging_Marisol,186.9361,21.7,2.0,20.6,1015.8,5.7,9,3,11,335,18667.3,2007.0,Hot-Humid
2016-11-30 10:00:00,Panther_lodging_Marisol,191.637,25.0,4.0,20.0,1015.8,7.7,10,3,11,335,18667.3,2007.0,Hot-Humid
2016-11-30 11:00:00,Panther_lodging_Marisol,196.1379,26.7,4.0,19.4,1015.5,8.8,11,3,11,335,18667.3,2007.0,Hot-Humid
2016-11-30 12:00:00,Panther_lodging_Marisol,205.8897,27.2,4.0,19.4,1014.9,6.2,12,3,11,335,18667.3,2007.0,Hot-Humid
2016-11-30 13:00:00,Panther_lodging_Marisol,202.9392,28.9,4.0,18.3,1013.9,7.2,13,3,11,335,18667.3,2007.0,Hot-Humid
2016-11-30 14:00:00,Panther_lodging_Marisol,200.1886,29.4,4.333333333333333,18.3,1013.1,7.2,14,3,11,335,18667.3,2007.0,Hot-Humid
2016-11-30 15:00:00,Panther_lodging_Marisol,205.2896,28.9,4.666666666666667,18.3,1012.9,5.7,15,3,11,335,18667.3,2007.0,Hot-Humid
2016-11-30 16:00:00,Panther_lodging_Marisol,222.5429,26.7,5.0,18.9,1013.4,7.2,16,3,11,335,18667.3,2007.0,Hot-Humid
2016-11-30 17:00:00,Panther_lodging_Marisol,219.2423,22.2,5.0,20.6,1014.2,5.1,17,3,11,335,18667.3,2007.0,Hot-Humid
2016-11-30 18:00:00,Panther_lodging_Marisol,206.5899,22.2,5.0,20.0,1014.7,3.6,18,3,11,335,18667.3,2007.0,Hot-Humid
2016-11-30 19:00:00,Panther_lodging_Marisol,212.341,21.1,6.0,20.0,1015.1,1.5,19,3,11,335,18667.3,2007.0,Hot-Humid
2016-11-30 20:00:00,Panther_lodging_Marisol,224.9934,21.1,4.0,20.0,1015.4,2.6,20,3,11,335,18667.3,2007.0,Hot-Humid
2016-11-30 21:00:00,Panther_lodging_Marisol,224.2433,20.6,2.0,20.0,1015.4,1.5,21,3,11,335,18667.3,2007.0,Hot-Humid
2016-11-30 22:00:00,Panther_lodging_Marisol,206.2398,19.4,0.0,19.4,1015.4,3.1,22,3,11,335,18667.3,2007.0,Hot-Humid
2016-11-30 23:00:00,Panther_lodging_Marisol,202.3891,19.4,0.0,18.9,1015.4,2.6,23,3,11,335,18667.3,2007.0,Hot-Humid
2016-12-01 00:00:00,Panther_lodging_Marisol,189.4366,19.4,2.0,19.4,1015.1,2.1,0,4,12,336,18667.3,2007.0,Hot-Humid
2016-12-01 01:00:00,Panther_lodging_Marisol,163.8816,20.0,3.0,19.4,1014.8,2.6,1,4,12,336,18667.3,2007.0,Hot-Humid
2016-12-01 02:00:00,Panther_lodging_Marisol,165.4819,19.4,4.0,18.9,1014.5,2.1,2,4,12,336,18667.3,2007.0,Hot-Humid
2016-12-01 03:00:00,Panther_lodging_Marisol,171.3331,20.0,4.4,19.4,1014.7,2.1,3,4,12,336,18667.3,2007.0,Hot-Humid
2016-12-01 04:00:00,Panther_lodging_Marisol,161.8812,19.4,4.8,19.4,1014.6,3.1,4,4,12,336,18667.3,2007.0,Hot-Humid
2016-12-01 05:00:00,Panther_lodging_Marisol,143.9778,19.4,5.2,19.4,1014.5,2.1,5,4,12,336,18667.3,2007.0,Hot-Humid
2016-12-01 06:00:00,Panther_lodging_Marisol,146.4783,19.4,5.2,19.4,1015.0,0.0,6,4,12,336,18667.3,2007.0,Hot-Humid
2016-12-01 07:00:00,Panther_lodging_Marisol,164.8818,18.9,6.0,18.9,1015.0,2.1,7,4,12,336,18667.3,2007.0,Hot-Humid
2016-12-01 08:00:00,Panther_lodging_Marisol,161.1811,20.0,5.5,20.0,1015.2,5.1,8,4,12,336,18667.3,2007.0,Hot-Humid
2016-12-01 09:00:00,Panther_lodging_Marisol,178.3844,22.2,5.0,21.7,1015.8,3.6,9,4,12,336,18667.3,2007.0,Hot-Humid
2016-12-01 10:00:00,Panther_lodging_Marisol,198.0382,24.4,4.5,21.7,1015.8,6.2,10,4,12,336,18667.3,2007.0,Hot-Humid
2016-12-01 11:00:00,Panther_lodging_Marisol,192.5372,25.6,4.0,21.1,1015.8,4.1,11,4,12,336,18667.3,2007.0,Hot-Humid
2016-12-01 12:00:00,Panther_lodging_Marisol,208.0902,28.3,5.0,20.0,1015.2,5.1,12,4,12,336,18667.3,2007.0,Hot-Humid
2016-12-01 13:00:00,Panther_lodging_Marisol,192.2371,28.9,6.0,19.4,1014.3,6.2,13,4,12,336,18667.3,2007.0,Hot-Humid
2016-12-01 14:00:00,Panther_lodging_Marisol,204.1394,30.0,5.5,19.4,1013.6,3.6,14,4,12,336,18667.3,2007.0,Hot-Humid
2016-12-01 15:00:00,Panther_lodging_Marisol,200.9388,28.3,5.0,18.9,1013.5,4.1,15,4,12,336,18667.3,2007.0,Hot-Humid
2016-12-01 16:00:00,Panther_lodging_Marisol,204.1394,26.7,4.5,20.0,1013.8,4.6,16,4,12,336,18667.3,2007.0,Hot-Humid
2016-12-01 17:00:00,Panther_lodging_Marisol,203.2392,25.6,4.0,20.0,1014.3,3.6,17,4,12,336,18667.3,2007.0,Hot-Humid
2016-12-01 18:00:00,Panther_lodging_Marisol,214.8915,24.4,5.0,18.9,1014.9,4.1,18,4,12,336,18667.3,2007.0,Hot-Humid
2016-12-01 19:00:00,Panther_lodging_Marisol,215.0415,22.2,6.0,17.8,1015.8,5.1,19,4,12,336,18667.3,2007.0,Hot-Humid
2016-12-01 20:00:00,Panther_lodging_Marisol,206.2898,21.1,5.0,17.8,1016.2,3.1,20,4,12,336,18667.3,2007.0,Hot-Humid
2016-12-01 21:00:00,Panther_lodging_Marisol,204.0894,20.0,4.0,16.7,1016.6,2.1,21,4,12,336,18667.3,2007.0,Hot-Humid
2016-12-01 22:00:00,Panther_lodging_Marisol,205.9898,18.9,2.0,16.7,1016.9,3.1,22,4,12,336,18667.3,2007.0,Hot-Humid
2016-12-01 23:00:00,Panther_lodging_Marisol,200.4387,18.9,2.0,16.1,1016.9,2.6,23,4,12,336,18667.3,2007.0,Hot-Humid
2016-12-02 00:00:00,Panther_lodging_Marisol,196.5879,18.3,0.0,15.0,1017.0,4.6,0,5,12,337,18667.3,2007.0,Hot-Humid
2016-12-02 01:00:00,Panther_lodging_Marisol,182.9353,17.8,4.0,14.4,1017.1,3.1,1,5,12,337,18667.3,2007.0,Hot-Humid
2016-12-02 02:00:00,Panther_lodging_Marisol,166.6822,16.7,0.0,14.4,1017.4,3.6,2,5,12,337,18667.3,2007.0,Hot-Humid
2016-12-02 03:00:00,Panther_lodging_Marisol,162.3813,16.1,2.0,12.8,1017.9,4.1,3,5,12,337,18667.3,2007.0,Hot-Humid
2016-12-02 04:00:00,Panther_lodging_Marisol,167.5323,15.6,0.0,8.9,1018.1,5.7,4,5,12,337,18667.3,2007.0,Hot-Humid
2016-12-02 05:00:00,Panther_lodging_Marisol,174.9338,15.0,0.0,8.9,1018.4,3.6,5,5,12,337,18667.3,2007.0,Hot-Humid
2016-12-02 06:00:00,Panther_lodging_Marisol,165.1319,14.4,0.0,7.8,1019.2,3.6,6,5,12,337,18667.3,2007.0,Hot-Humid
2016-12-02 07:00:00,Panther_lodging_Marisol,176.9341,13.9,0.0,7.8,1020.0,3.1,7,5,12,337,18667.3,2007.0,Hot-Humid
2016-12-02 08:00:00,Panther_lodging_Marisol,193.9374,15.0,0.0,8.3,1020.4,4.6,8,5,12,337,18667.3,2007.0,Hot-Humid
2016-12-02 09:00:00,Panther_lodging_Marisol,192.9372,16.7,0.0,7.8,1021.0,5.7,9,5,12,337,18667.3,2007.0,Hot-Humid
2016-12-02 10:00:00,Panther_lodging_Marisol,186.0359,18.9,0.0,8.9,1021.4,5.1,10,5,12,337,18667.3,2007.0,Hot-Humid
2016-12-02 11:00:00,Panther_lodging_Marisol,185.6358,20.0,0.0,9.4,1021.4,4.6,11,5,12,337,18667.3,2007.0,Hot-Humid
2016-12-02 12:00:00,Panther_lodging_Marisol,190.4367,21.7,0.0,8.9,1020.5,5.1,12,5,12,337,18667.3,2007.0,Hot-Humid
2016-12-02 13:00:00,Panther_lodging_Marisol,195.6378,22.8,0.0,7.8,1019.7,3.1,13,5,12,337,18667.3,2007.0,Hot-Humid
2016-12-02 14:00:00,Panther_lodging_Marisol,187.6362,23.9,0.0,6.1,1019.3,3.1,14,5,12,337,18667.3,2007.0,Hot-Humid
2016-12-02 15:00:00,Panther_lodging_Marisol,188.4864,24.4,0.0,5.0,1019.1,4.1,15,5,12,337,18667.3,2007.0,Hot-Humid
2016-12-02 16:00:00,Panther_lodging_Marisol,189.0865,23.9,0.0,4.4,1019.2,4.6,16,5,12,337,18667.3,2007.0,Hot-Humid
2016-12-02 17:00:00,Panther_lodging_Marisol,182.2352,22.2,0.0,5.6,1019.5,3.6,17,5,12,337,18667.3,2007.0,Hot-Humid
2016-12-02 18:00:00,Panther_lodging_Marisol,186.9361,19.4,2.0,8.9,1019.8,4.6,18,5,12,337,18667.3,2007.0,Hot-Humid
2016-12-02 19:00:00,Panther_lodging_Marisol,203.5893,17.8,2.0,9.4,1020.6,5.1,19,5,12,337,18667.3,2007.0,Hot-Humid
2016-12-02 20:00:00,Panther_lodging_Marisol,205.2896,15.6,0.0,9.4,1021.2,4.1,20,5,12,337,18667.3,2007.0,Hot-Humid
2016-12-02 21:00:00,Panther_lodging_Marisol,198.6383,14.4,0.0,8.9,1022.0,3.1,21,5,12,337,18667.3,2007.0,Hot-Humid
2016-12-02 22:00:00,Panther_lodging_Marisol,182.1852,13.9,2.0,8.3,1022.1,3.1,22,5,12,337,18667.3,2007.0,Hot-Humid
2016-12-02 23:00:00,Panther_lodging_Marisol,188.8865,13.9,4.0,7.8,1022.3,3.6,23,5,12,337,18667.3,2007.0,Hot-Humid
2016-12-03 00:00:00,Panther_lodging_Marisol,183.8355,13.3,4.0,8.3,1022.0,3.6,0,6,12,338,18667.3,2007.0,Hot-Humid
2016-12-03 01:00:00,Panther_lodging_Marisol,170.1328,13.3,4.0,7.8,1021.6,3.6,1,6,12,338,18667.3,2007.0,Hot-Humid
2016-12-03 02:00:00,Panther_lodging_Marisol,165.3319,13.3,4.333333333333333,8.3,1021.0,3.6,2,6,12,338,18667.3,2007.0,Hot-Humid
2016-12-03 03:00:00,Panther_lodging_Marisol,166.4821,13.3,4.666666666666667,8.3,1021.0,3.1,3,6,12,338,18667.3,2007.0,Hot-Humid
2016-12-03 04:00:00,Panther_lodging_Marisol,155.73,13.3,5.0,8.9,1021.0,3.1,4,6,12,338,18667.3,2007.0,Hot-Humid
2016-12-03 05:00:00,Panther_lodging_Marisol,143.2777,13.3,5.0,9.4,1020.8,2.1,5,6,12,338,18667.3,2007.0,Hot-Humid
2016-12-03 06:00:00,Panther_lodging_Marisol,145.4781,14.4,5.0,10.6,1021.0,4.1,6,6,12,338,18667.3,2007.0,Hot-Humid
2016-12-03 07:00:00,Panther_lodging_Marisol,156.2301,15.0,6.0,10.6,1021.0,3.6,7,6,12,338,18667.3,2007.0,Hot-Humid
2016-12-03 08:00:00,Panther_lodging_Marisol,152.7795,15.6,2.0,11.1,1021.7,3.6,8,6,12,338,18667.3,2007.0,Hot-Humid
2016-12-03 09:00:00,Panther_lodging_Marisol,152.6294,18.3,2.0,11.1,1021.6,5.1,9,6,12,338,18667.3,2007.0,Hot-Humid
2016-12-03 10:00:00,Panther_lodging_Marisol,162.8814,21.1,2.0,12.8,1021.8,4.1,10,6,12,338,18667.3,2007.0,Hot-Humid
2016-12-03 11:00:00,Panther_lodging_Marisol,158.1805,23.3,2.0,13.3,1021.5,6.7,11,6,12,338,18667.3,2007.0,Hot-Humid
2016-12-03 12:00:00,Panther_lodging_Marisol,181.335,24.4,2.0,13.9,1020.4,4.6,12,6,12,338,18667.3,2007.0,Hot-Humid
2016-12-03 13:00:00,Panther_lodging_Marisol,195.9878,25.6,4.0,13.3,1019.5,5.1,13,6,12,338,18667.3,2007.0,Hot-Humid
2016-12-03 14:00:00,Panther_lodging_Marisol,192.0871,24.4,4.0,12.8,1018.9,5.7,14,6,12,338,18667.3,2007.0,Hot-Humid
2016-12-03 15:00:00,Panther_lodging_Marisol,207.8401,25.0,4.0,13.3,1018.7,5.7,15,6,12,338,18667.3,2007.0,Hot-Humid
2016-12-03 16:00:00,Panther_lodging_Marisol,193.6874,24.4,4.0,13.3,1018.7,5.7,16,6,12,338,18667.3,2007.0,Hot-Humid
2016-12-03 17:00:00,Panther_lodging_Marisol,196.3879,22.8,4.0,13.3,1018.8,6.2,17,6,12,338,18667.3,2007.0,Hot-Humid
2016-12-03 18:00:00,Panther_lodging_Marisol,205.5897,21.1,4.0,13.3,1019.2,3.6,18,6,12,338,18667.3,2007.0,Hot-Humid
2016-12-03 19:00:00,Panther_lodging_Marisol,222.1429,19.4,0.0,13.9,1019.7,3.1,19,6,12,338,18667.3,2007.0,Hot-Humid
2016-12-03 20:00:00,Panther_lodging_Marisol,206.1898,18.9,0.0,13.9,1020.1,3.1,20,6,12,338,18667.3,2007.0,Hot-Humid
2016-12-03 21:00:00,Panther_lodging_Marisol,199.2885,18.3,0.0,13.9,1020.5,2.6,21,6,12,338,18667.3,2007.0,Hot-Humid
2016-12-03 22:00:00,Panther_lodging_Marisol,209.3904,17.2,0.0,13.3,1020.4,2.1,22,6,12,338,18667.3,2007.0,Hot-Humid
2016-12-03 23:00:00,Panther_lodging_Marisol,196.5379,17.2,2.0,13.3,1020.5,2.6,23,6,12,338,18667.3,2007.0,Hot-Humid
2016-12-04 00:00:00,Panther_lodging_Marisol,205.6397,17.2,2.0,13.9,1020.2,1.5,0,7,12,339,18667.3,2007.0,Hot-Humid
2016-12-04 01:00:00,Panther_lodging_Marisol,184.1855,17.2,6.0,13.9,1019.7,1.5,1,7,12,339,18667.3,2007.0,Hot-Humid
2016-12-04 02:00:00,Panther_lodging_Marisol,168.0324,16.7,2.0,13.9,1019.4,1.5,2,7,12,339,18667.3,2007.0,Hot-Humid
2016-12-04 03:00:00,Panther_lodging_Marisol,157.9805,15.6,2.0,13.9,1019.2,2.6,3,7,12,339,18667.3,2007.0,Hot-Humid
2016-12-04 04:00:00,Panther_lodging_Marisol,162.1313,15.6,2.0,13.3,1019.0,0.0,4,7,12,339,18667.3,2007.0,Hot-Humid
2016-12-04 05:00:00,Panther_lodging_Marisol,153.8797,14.4,2.0,13.3,1018.7,0.0,5,7,12,339,18667.3,2007.0,Hot-Humid
2016-12-04 06:00:00,Panther_lodging_Marisol,146.3782,15.0,2.0,13.3,1018.8,2.1,6,7,12,339,18667.3,2007.0,Hot-Humid
2016-12-04 07:00:00,Panther_lodging_Marisol,152.0793,15.6,2.0,13.9,1019.1,2.6,7,7,12,339,18667.3,2007.0,Hot-Humid
2016-12-04 08:00:00,Panther_lodging_Marisol,155.58,17.8,2.0,15.6,1019.2,2.1,8,7,12,339,18667.3,2007.0,Hot-Humid
2016-12-04 09:00:00,Panther_lodging_Marisol,169.5327,21.1,2.0,16.7,1019.2,3.1,9,7,12,339,18667.3,2007.0,Hot-Humid
2016-12-04 10:00:00,Panther_lodging_Marisol,168.7326,23.9,2.0,16.1,1019.4,6.2,10,7,12,339,18667.3,2007.0,Hot-Humid
2016-12-04 11:00:00,Panther_lodging_Marisol,167.4323,25.0,4.0,16.1,1019.3,7.7,11,7,12,339,18667.3,2007.0,Hot-Humid
2016-12-04 12:00:00,Panther_lodging_Marisol,187.1361,26.7,4.0,16.1,1018.4,7.7,12,7,12,339,18667.3,2007.0,Hot-Humid
2016-12-04 13:00:00,Panther_lodging_Marisol,188.5364,27.2,2.0,16.1,1017.1,7.2,13,7,12,339,18667.3,2007.0,Hot-Humid
2016-12-04 14:00:00,Panther_lodging_Marisol,195.5377,27.8,2.0,15.6,1016.4,6.2,14,7,12,339,18667.3,2007.0,Hot-Humid
2016-12-04 15:00:00,Panther_lodging_Marisol,197.7382,27.8,2.0,16.1,1016.1,5.1,15,7,12,339,18667.3,2007.0,Hot-Humid
2016-12-04 16:00:00,Panther_lodging_Marisol,196.838,27.2,2.0,16.7,1015.9,5.7,16,7,12,339,18667.3,2007.0,Hot-Humid
2016-12-04 17:00:00,Panther_lodging_Marisol,199.0384,25.6,2.0,16.7,1016.0,4.1,17,7,12,339,18667.3,2007.0,Hot-Humid
2016-12-04 18:00:00,Panther_lodging_Marisol,207.44,23.9,2.0,16.7,1016.2,5.1,18,7,12,339,18667.3,2007.0,Hot-Humid
2016-12-04 19:00:00,Panther_lodging_Marisol,210.2406,22.2,2.0,17.2,1016.6,3.6,19,7,12,339,18667.3,2007.0,Hot-Humid
2016-12-04 20:00:00,Panther_lodging_Marisol,206.4899,21.7,0.0,17.2,1016.9,2.6,20,7,12,339,18667.3,2007.0,Hot-Humid
2016-12-04 21:00:00,Panther_lodging_Marisol,207.09,20.6,0.0,17.2,1017.3,3.1,21,7,12,339,18667.3,2007.0,Hot-Humid
2016-12-04 22:00:00,Panther_lodging_Marisol,193.9874,20.6,0.0,17.8,1017.9,2.1,22,7,12,339,18667.3,2007.0,Hot-Humid
2016-12-04 23:00:00,Panther_lodging_Marisol,190.7868,20.0,0.0,17.8,1017.9,1.5,23,7,12,339,18667.3,2007.0,Hot-Humid
2016-12-05 00:00:00,Panther_lodging_Marisol,185.5358,19.4,2.0,17.8,1017.6,1.5,0,1,12,340,18667.3,2007.0,Hot-Humid
2016-12-05 01:00:00,Panther_lodging_Marisol,174.6337,18.3,0.0,17.8,1017.1,2.1,1,1,12,340,18667.3,2007.0,Hot-Humid
2016-12-05 02:00:00,Panther_lodging_Marisol,158.7807,18.3,0.0,17.8,1017.0,0.0,2,1,12,340,18667.3,2007.0,Hot-Humid
2016-12-05 03:00:00,Panther_lodging_Marisol,144.2278,17.8,4.0,17.8,1016.7,1.5,3,1,12,340,18667.3,2007.0,Hot-Humid
2016-12-05 04:00:00,Panther_lodging_Marisol,163.2315,17.8,2.0,17.2,1016.2,0.0,4,1,12,340,18667.3,2007.0,Hot-Humid
2016-12-05 05:00:00,Panther_lodging_Marisol,171.3831,18.3,4.0,17.8,1015.9,1.5,5,1,12,340,18667.3,2007.0,Hot-Humid
2016-12-05 06:00:00,Panther_lodging_Marisol,159.4808,17.8,4.0,17.2,1015.6,2.6,6,1,12,340,18667.3,2007.0,Hot-Humid
2016-12-05 07:00:00,Panther_lodging_Marisol,159.5308,18.3,2.0,17.8,1016.0,2.1,7,1,12,340,18667.3,2007.0,Hot-Humid
2016-12-05 08:00:00,Panther_lodging_Marisol,160.1309,20.6,2.0,20.0,1016.3,3.1,8,1,12,340,18667.3,2007.0,Hot-Humid
2016-12-05 09:00:00,Panther_lodging_Marisol,162.7314,22.2,2.0,21.1,1016.4,4.1,9,1,12,340,18667.3,2007.0,Hot-Humid
2016-12-05 10:00:00,Panther_lodging_Marisol,171.8832,25.6,4.0,21.1,1016.1,7.7,10,1,12,340,18667.3,2007.0,Hot-Humid
2016-12-05 11:00:00,Panther_lodging_Marisol,177.0842,26.7,4.0,21.1,1016.0,6.7,11,1,12,340,18667.3,2007.0,Hot-Humid
2016-12-05 12:00:00,Panther_lodging_Marisol,179.6347,28.3,4.0,20.6,1015.0,7.7,12,1,12,340,18667.3,2007.0,Hot-Humid
2016-12-05 13:00:00,Panther_lodging_Marisol,193.1873,28.3,4.0,20.6,1014.0,6.7,13,1,12,340,18667.3,2007.0,Hot-Humid
2016-12-05 14:00:00,Panther_lodging_Marisol,194.1875,30.0,4.666666666666667,20.0,1012.8,6.2,14,1,12,340,18667.3,2007.0,Hot-Humid
2016-12-05 15:00:00,Panther_lodging_Marisol,199.3385,30.0,5.333333333333333,19.4,1012.2,6.2,15,1,12,340,18667.3,2007.0,Hot-Humid
2016-12-05 16:00:00,Panther_lodging_Marisol,193.3873,29.4,6.0,18.9,1011.9,5.7,16,1,12,340,18667.3,2007.0,Hot-Humid
2016-12-05 17:00:00,Panther_lodging_Marisol,180.9849,27.8,6.0,19.4,1012.4,2.6,17,1,12,340,18667.3,2007.0,Hot-Humid
2016-12-05 18:00:00,Panther_lodging_Marisol,191.0369,26.1,6.0,19.4,1012.1,2.6,18,1,12,340,18667.3,2007.0,Hot-Humid
2016-12-05 19:00:00,Panther_lodging_Marisol,197.7382,25.6,8.0,20.0,1012.7,2.6,19,1,12,340,18667.3,2007.0,Hot-Humid
2016-12-05 20:00:00,Panther_lodging_Marisol,205.8897,25.6,8.0,20.0,1012.8,4.6,20,1,12,340,18667.3,2007.0,Hot-Humid
2016-12-05 21:00:00,Panther_lodging_Marisol,189.8867,25.0,8.0,20.6,1012.9,3.6,21,1,12,340,18667.3,2007.0,Hot-Humid
2016-12-05 22:00:00,Panther_lodging_Marisol,205.7897,24.4,8.0,20.6,1013.1,4.1,22,1,12,340,18667.3,2007.0,Hot-Humid
2016-12-05 23:00:00,Panther_lodging_Marisol,202.9392,24.4,8.0,20.6,1013.3,3.6,23,1,12,340,18667.3,2007.0,Hot-Humid
2016-12-06 00:00:00,Panther_lodging_Marisol,189.5866,23.3,8.0,20.6,1012.7,4.1,0,2,12,341,18667.3,2007.0,Hot-Humid
2016-12-06 01:00:00,Panther_lodging_Marisol,173.0334,22.8,8.0,20.6,1012.4,4.1,1,2,12,341,18667.3,2007.0,Hot-Humid
2016-12-06 02:00:00,Panther_lodging_Marisol,157.6804,23.3,7.666666666666667,20.6,1012.2,4.6,2,2,12,341,18667.3,2007.0,Hot-Humid
2016-12-06 03:00:00,Panther_lodging_Marisol,161.2311,22.8,7.333333333333333,20.6,1011.9,5.1,3,2,12,341,18667.3,2007.0,Hot-Humid
2016-12-06 04:00:00,Panther_lodging_Marisol,154.7799,22.8,7.0,20.6,1011.7,5.7,4,2,12,341,18667.3,2007.0,Hot-Humid
2016-12-06 05:00:00,Panther_lodging_Marisol,150.5291,23.3,7.0,21.1,1011.9,5.1,5,2,12,341,18667.3,2007.0,Hot-Humid
2016-12-06 06:00:00,Panther_lodging_Marisol,157.8805,23.3,7.0,21.1,1012.0,4.6,6,2,12,341,18667.3,2007.0,Hot-Humid
2016-12-06 07:00:00,Panther_lodging_Marisol,166.5821,23.9,6.0,21.7,1012.3,5.1,7,2,12,341,18667.3,2007.0,Hot-Humid
2016-12-06 08:00:00,Panther_lodging_Marisol,152.8795,24.4,6.0,21.7,1012.1,6.2,8,2,12,341,18667.3,2007.0,Hot-Humid
2016-12-06 09:00:00,Panther_lodging_Marisol,168.8326,25.0,6.0,22.2,1012.7,6.7,9,2,12,341,18667.3,2007.0,Hot-Humid
2016-12-06 10:00:00,Panther_lodging_Marisol,165.532,27.2,6.0,22.2,1013.0,7.7,10,2,12,341,18667.3,2007.0,Hot-Humid
2016-12-06 11:00:00,Panther_lodging_Marisol,192.7372,27.8,6.0,22.2,1012.5,5.7,11,2,12,341,18667.3,2007.0,Hot-Humid
2016-12-06 12:00:00,Panther_lodging_Marisol,189.1365,27.2,6.0,23.3,1011.4,7.2,12,2,12,341,18667.3,2007.0,Hot-Humid
2016-12-06 13:00:00,Panther_lodging_Marisol,195.3877,29.4,6.0,22.8,1009.9,8.8,13,2,12,341,18667.3,2007.0,Hot-Humid
2016-12-06 14:00:00,Panther_lodging_Marisol,193.9374,23.9,5.333333333333333,21.7,1011.0,7.2,14,2,12,341,18667.3,2007.0,Hot-Humid
2016-12-06 15:00:00,Panther_lodging_Marisol,190.0867,23.9,4.666666666666667,22.2,1010.9,5.7,15,2,12,341,18667.3,2007.0,Hot-Humid
2016-12-06 16:00:00,Panther_lodging_Marisol,185.7358,24.4,4.0,22.2,1011.0,7.2,16,2,12,341,18667.3,2007.0,Hot-Humid
2016-12-06 17:00:00,Panther_lodging_Marisol,189.0865,24.4,4.0,22.2,1011.4,4.6,17,2,12,341,18667.3,2007.0,Hot-Humid
2016-12-06 18:00:00,Panther_lodging_Marisol,204.2894,23.3,4.0,21.7,1012.2,3.1,18,2,12,341,18667.3,2007.0,Hot-Humid
2016-12-06 19:00:00,Panther_lodging_Marisol,205.7897,23.3,2.0,21.1,1012.6,3.1,19,2,12,341,18667.3,2007.0,Hot-Humid
2016-12-06 20:00:00,Panther_lodging_Marisol,207.9901,22.2,0.0,19.4,1013.3,4.1,20,2,12,341,18667.3,2007.0,Hot-Humid
2016-12-06 21:00:00,Panther_lodging_Marisol,209.0403,21.1,0.0,18.9,1014.2,3.1,21,2,12,341,18667.3,2007.0,Hot-Humid
2016-12-06 22:00:00,Panther_lodging_Marisol,205.6897,20.6,0.0,18.3,1014.3,2.6,22,2,12,341,18667.3,2007.0,Hot-Humid
2016-12-06 23:00:00,Panther_lodging_Marisol,206.8899,19.4,2.0,18.3,1014.5,2.6,23,2,12,341,18667.3,2007.0,Hot-Humid
2016-12-07 00:00:00,Panther_lodging_Marisol,172.6833,18.9,2.0,17.8,1014.5,2.6,0,3,12,342,18667.3,2007.0,Hot-Humid
2016-12-07 01:00:00,Panther_lodging_Marisol,166.7822,18.3,2.0,17.8,1014.6,1.5,1,3,12,342,18667.3,2007.0,Hot-Humid
2016-12-07 02:00:00,Panther_lodging_Marisol,167.9324,18.3,2.5,17.8,1014.95,2.6,2,3,12,342,18667.3,2007.0,Hot-Humid
2016-12-07 03:00:00,Panther_lodging_Marisol,159.9809,18.3,3.0,17.8,1015.3,3.1,3,3,12,342,18667.3,2007.0,Hot-Humid
2016-12-07 04:00:00,Panther_lodging_Marisol,163.0315,18.3,3.5,17.2,1015.9,2.1,4,3,12,342,18667.3,2007.0,Hot-Humid
2016-12-07 05:00:00,Panther_lodging_Marisol,166.3821,18.3,4.0,16.7,1015.9,1.5,5,3,12,342,18667.3,2007.0,Hot-Humid
2016-12-07 06:00:00,Panther_lodging_Marisol,166.5321,17.8,4.0,16.1,1016.5,2.1,6,3,12,342,18667.3,2007.0,Hot-Humid
2016-12-07 07:00:00,Panther_lodging_Marisol,162.9814,17.2,2.0,15.6,1016.9,2.6,7,3,12,342,18667.3,2007.0,Hot-Humid
2016-12-07 08:00:00,Panther_lodging_Marisol,176.384,17.8,2.0,16.1,1017.4,0.0,8,3,12,342,18667.3,2007.0,Hot-Humid
2016-12-07 09:00:00,Panther_lodging_Marisol,185.7859,19.4,2.0,16.7,1017.7,2.1,9,3,12,342,18667.3,2007.0,Hot-Humid
2016-12-07 10:00:00,Panther_lodging_Marisol,203.2892,20.6,2.0,16.1,1018.2,1.5,10,3,12,342,18667.3,2007.0,Hot-Humid
2016-12-07 11:00:00,Panther_lodging_Marisol,185.6358,22.2,2.0,15.6,1018.2,2.6,11,3,12,342,18667.3,2007.0,Hot-Humid
2016-12-07 12:00:00,Panther_lodging_Marisol,196.838,23.3,2.0,15.6,1017.5,2.6,12,3,12,342,18667.3,2007.0,Hot-Humid
2016-12-07 13:00:00,Panther_lodging_Marisol,195.0876,23.9,2.0,15.0,1016.8,3.1,13,3,12,342,18667.3,2007.0,Hot-Humid
2016-12-07 14:00:00,Panther_lodging_Marisol,196.0878,24.4,2.0,13.9,1016.3,2.1,14,3,12,342,18667.3,2007.0,Hot-Humid
2016-12-07 15:00:00,Panther_lodging_Marisol,203.6393,25.0,2.0,13.9,1016.2,2.6,15,3,12,342,18667.3,2007.0,Hot-Humid
2016-12-07 16:00:00,Panther_lodging_Marisol,202.3391,25.0,2.0,14.4,1016.6,3.6,16,3,12,342,18667.3,2007.0,Hot-Humid
2016-12-07 17:00:00,Panther_lodging_Marisol,198.5883,23.9,2.0,13.3,1017.3,2.6,17,3,12,342,18667.3,2007.0,Hot-Humid
2016-12-07 18:00:00,Panther_lodging_Marisol,224.4433,22.8,4.0,13.9,1018.0,1.5,18,3,12,342,18667.3,2007.0,Hot-Humid
2016-12-07 19:00:00,Panther_lodging_Marisol,216.2417,21.7,4.0,14.4,1018.6,1.5,19,3,12,342,18667.3,2007.0,Hot-Humid
2016-12-07 20:00:00,Panther_lodging_Marisol,218.1421,18.3,4.0,13.9,1018.7,2.6,20,3,12,342,18667.3,2007.0,Hot-Humid
2016-12-07 21:00:00,Panther_lodging_Marisol,211.2908,19.4,4.0,15.0,1019.1,1.5,21,3,12,342,18667.3,2007.0,Hot-Humid
2016-12-07 22:00:00,Panther_lodging_Marisol,207.9901,18.9,2.0,14.4,1019.6,1.5,22,3,12,342,18667.3,2007.0,Hot-Humid
2016-12-07 23:00:00,Panther_lodging_Marisol,210.5406,17.8,2.0,14.4,1019.6,3.1,23,3,12,342,18667.3,2007.0,Hot-Humid
2016-12-08 00:00:00,Panther_lodging_Marisol,195.8378,17.2,2.0,14.4,1019.6,3.1,0,4,12,343,18667.3,2007.0,Hot-Humid
2016-12-08 01:00:00,Panther_lodging_Marisol,159.0807,16.7,2.0,14.4,1019.3,2.6,1,4,12,343,18667.3,2007.0,Hot-Humid
2016-12-08 02:00:00,Panther_lodging_Marisol,163.2315,16.1,2.0,14.4,1018.9,3.6,2,4,12,343,18667.3,2007.0,Hot-Humid
2016-12-08 03:00:00,Panther_lodging_Marisol,157.5304,15.6,0.0,13.9,1019.3,3.1,3,4,12,343,18667.3,2007.0,Hot-Humid
2016-12-08 04:00:00,Panther_lodging_Marisol,160.2309,15.6,0.0,13.3,1019.1,3.1,4,4,12,343,18667.3,2007.0,Hot-Humid
2016-12-08 05:00:00,Panther_lodging_Marisol,162.8814,13.9,0.0,12.8,1019.1,2.6,5,4,12,343,18667.3,2007.0,Hot-Humid
2016-12-08 06:00:00,Panther_lodging_Marisol,164.4817,13.9,0.0,12.2,1019.4,1.5,6,4,12,343,18667.3,2007.0,Hot-Humid
2016-12-08 07:00:00,Panther_lodging_Marisol,162.8814,13.9,8.0,12.8,1020.1,4.6,7,4,12,343,18667.3,2007.0,Hot-Humid
2016-12-08 08:00:00,Panther_lodging_Marisol,178.9845,13.3,7.0,12.8,1020.6,4.6,8,4,12,343,18667.3,2007.0,Hot-Humid
2016-12-08 09:00:00,Panther_lodging_Marisol,187.9863,15.6,6.0,13.3,1021.7,3.6,9,4,12,343,18667.3,2007.0,Hot-Humid
2016-12-08 10:00:00,Panther_lodging_Marisol,201.989,16.1,5.0,12.8,1022.4,4.6,10,4,12,343,18667.3,2007.0,Hot-Humid
2016-12-08 11:00:00,Panther_lodging_Marisol,206.2398,18.3,4.0,12.8,1021.8,4.1,11,4,12,343,18667.3,2007.0,Hot-Humid
2016-12-08 12:00:00,Panther_lodging_Marisol,196.988,20.0,4.0,12.8,1020.8,5.1,12,4,12,343,18667.3,2007.0,Hot-Humid
2016-12-08 13:00:00,Panther_lodging_Marisol,199.3385,21.1,4.0,12.2,1019.8,3.1,13,4,12,343,18667.3,2007.0,Hot-Humid
2016-12-08 14:00:00,Panther_lodging_Marisol,210.3906,22.2,4.0,11.7,1019.3,1.5,14,4,12,343,18667.3,2007.0,Hot-Humid
2016-12-08 15:00:00,Panther_lodging_Marisol,205.9397,22.2,4.8,12.2,1018.7,2.6,15,4,12,343,18667.3,2007.0,Hot-Humid
2016-12-08 16:00:00,Panther_lodging_Marisol,197.4881,22.2,5.6,12.2,1018.9,3.1,16,4,12,343,18667.3,2007.0,Hot-Humid
2016-12-08 17:00:00,Panther_lodging_Marisol,198.8384,20.6,6.4,10.6,1019.6,3.1,17,4,12,343,18667.3,2007.0,Hot-Humid
2016-12-08 18:00:00,Panther_lodging_Marisol,203.0892,19.4,6.4,11.7,1020.4,3.6,18,4,12,343,18667.3,2007.0,Hot-Humid
2016-12-08 19:00:00,Panther_lodging_Marisol,214.1413,19.4,8.0,11.1,1021.0,4.1,19,4,12,343,18667.3,2007.0,Hot-Humid
2016-12-08 20:00:00,Panther_lodging_Marisol,208.5903,18.9,8.0,11.7,1021.8,4.6,20,4,12,343,18667.3,2007.0,Hot-Humid
2016-12-08 21:00:00,Panther_lodging_Marisol,213.4412,17.8,8.0,12.2,1021.9,2.6,21,4,12,343,18667.3,2007.0,Hot-Humid
2016-12-08 22:00:00,Panther_lodging_Marisol,193.1373,17.8,8.0,11.7,1022.3,3.1,22,4,12,343,18667.3,2007.0,Hot-Humid
2016-12-08 23:00:00,Panther_lodging_Marisol,176.28400000000005,17.2,8.0,11.1,1022.8,5.7,23,4,12,343,18667.3,2007.0,Hot-Humid
2016-12-09 00:00:00,Panther_lodging_Marisol,195.0376,16.7,8.0,10.0,1023.1,6.7,0,5,12,344,18667.3,2007.0,Hot-Humid
2016-12-09 01:00:00,Panther_lodging_Marisol,186.0359,16.1,8.0,8.3,1023.2,5.1,1,5,12,344,18667.3,2007.0,Hot-Humid
2016-12-09 02:00:00,Panther_lodging_Marisol,183.2354,15.6,8.0,7.8,1022.6,4.6,2,5,12,344,18667.3,2007.0,Hot-Humid
2016-12-09 03:00:00,Panther_lodging_Marisol,179.2346,14.4,8.0,8.9,1022.9,6.2,3,5,12,344,18667.3,2007.0,Hot-Humid
2016-12-09 04:00:00,Panther_lodging_Marisol,166.9822,12.8,8.0,8.9,1023.7,6.2,4,5,12,344,18667.3,2007.0,Hot-Humid
2016-12-09 05:00:00,Panther_lodging_Marisol,182.9353,12.2,8.0,8.9,1023.1,5.7,5,5,12,344,18667.3,2007.0,Hot-Humid
2016-12-09 06:00:00,Panther_lodging_Marisol,171.7832,11.7,8.0,8.3,1024.1,5.1,6,5,12,344,18667.3,2007.0,Hot-Humid
2016-12-09 07:00:00,Panther_lodging_Marisol,185.5358,10.6,8.0,6.7,1025.1,7.7,7,5,12,344,18667.3,2007.0,Hot-Humid
2016-12-09 08:00:00,Panther_lodging_Marisol,192.1371,10.6,7.666666666666667,6.1,1025.5,5.7,8,5,12,344,18667.3,2007.0,Hot-Humid
2016-12-09 09:00:00,Panther_lodging_Marisol,220.8926,10.6,7.333333333333333,6.1,1026.8,4.6,9,5,12,344,18667.3,2007.0,Hot-Humid
2016-12-09 10:00:00,Panther_lodging_Marisol,209.0904,11.1,7.0,5.6,1026.9,5.7,10,5,12,344,18667.3,2007.0,Hot-Humid
2016-12-09 11:00:00,Panther_lodging_Marisol,201.0388,11.7,7.0,5.6,1027.4,6.7,11,5,12,344,18667.3,2007.0,Hot-Humid
2016-12-09 12:00:00,Panther_lodging_Marisol,201.7389,13.3,7.0,6.1,1026.5,8.8,12,5,12,344,18667.3,2007.0,Hot-Humid
2016-12-09 13:00:00,Panther_lodging_Marisol,193.6374,15.0,6.0,6.7,1025.6,7.2,13,5,12,344,18667.3,2007.0,Hot-Humid
2016-12-09 14:00:00,Panther_lodging_Marisol,197.6381,16.1,6.0,7.2,1025.0,6.2,14,5,12,344,18667.3,2007.0,Hot-Humid
2016-12-09 15:00:00,Panther_lodging_Marisol,179.5846,16.1,6.0,6.7,1024.9,6.7,15,5,12,344,18667.3,2007.0,Hot-Humid
2016-12-09 16:00:00,Panther_lodging_Marisol,194.1375,17.2,6.0,6.7,1025.0,5.1,16,5,12,344,18667.3,2007.0,Hot-Humid
2016-12-09 17:00:00,Panther_lodging_Marisol,208.1902,15.6,6.0,7.2,1025.8,6.7,17,5,12,344,18667.3,2007.0,Hot-Humid
2016-12-09 18:00:00,Panther_lodging_Marisol,199.4385,13.9,6.0,6.1,1025.8,8.2,18,5,12,344,18667.3,2007.0,Hot-Humid
2016-12-09 19:00:00,Panther_lodging_Marisol,198.7884,12.8,6.0,6.1,1026.4,7.2,19,5,12,344,18667.3,2007.0,Hot-Humid
2016-12-09 20:00:00,Panther_lodging_Marisol,208.6403,12.2,6.333333333333333,6.1,1026.9,6.2,20,5,12,344,18667.3,2007.0,Hot-Humid
2016-12-09 21:00:00,Panther_lodging_Marisol,182.4852,12.2,6.666666666666667,6.1,1027.3,4.6,21,5,12,344,18667.3,2007.0,Hot-Humid
2016-12-09 22:00:00,Panther_lodging_Marisol,189.0865,11.7,7.0,5.6,1027.3,5.7,22,5,12,344,18667.3,2007.0,Hot-Humid
2016-12-09 23:00:00,Panther_lodging_Marisol,195.4377,11.1,7.0,5.6,1027.2,5.1,23,5,12,344,18667.3,2007.0,Hot-Humid
2016-12-10 00:00:00,Panther_lodging_Marisol,199.5885,11.1,7.0,5.6,1026.7,4.1,0,6,12,345,18667.3,2007.0,Hot-Humid
2016-12-10 01:00:00,Panther_lodging_Marisol,190.9868,11.1,8.0,5.6,1026.4,5.1,1,6,12,345,18667.3,2007.0,Hot-Humid
2016-12-10 02:00:00,Panther_lodging_Marisol,173.5335,11.1,7.666666666666667,6.1,1026.4,4.6,2,6,12,345,18667.3,2007.0,Hot-Humid
2016-12-10 03:00:00,Panther_lodging_Marisol,168.8326,11.1,7.333333333333333,6.1,1026.3,4.1,3,6,12,345,18667.3,2007.0,Hot-Humid
2016-12-10 04:00:00,Panther_lodging_Marisol,179.0346,11.1,7.0,6.7,1026.5,3.6,4,6,12,345,18667.3,2007.0,Hot-Humid
2016-12-10 05:00:00,Panther_lodging_Marisol,193.4873,10.6,7.0,7.2,1026.5,4.1,5,6,12,345,18667.3,2007.0,Hot-Humid
2016-12-10 06:00:00,Panther_lodging_Marisol,172.7833,10.6,7.0,7.2,1027.1,4.6,6,6,12,345,18667.3,2007.0,Hot-Humid
2016-12-10 07:00:00,Panther_lodging_Marisol,183.8855,10.6,6.0,7.2,1027.7,4.6,7,6,12,345,18667.3,2007.0,Hot-Humid
2016-12-10 08:00:00,Panther_lodging_Marisol,170.5329,11.7,5.6,7.8,1027.8,5.1,8,6,12,345,18667.3,2007.0,Hot-Humid
2016-12-10 09:00:00,Panther_lodging_Marisol,175.9839,13.9,5.2,8.9,1028.1,5.1,9,6,12,345,18667.3,2007.0,Hot-Humid
2016-12-10 10:00:00,Panther_lodging_Marisol,164.5818,17.2,4.8,10.0,1028.5,5.1,10,6,12,345,18667.3,2007.0,Hot-Humid
2016-12-10 11:00:00,Panther_lodging_Marisol,160.731,20.6,4.8,10.6,1028.1,4.1,11,6,12,345,18667.3,2007.0,Hot-Humid
2016-12-10 12:00:00,Panther_lodging_Marisol,177.7343,21.7,4.0,11.7,1026.9,6.7,12,6,12,345,18667.3,2007.0,Hot-Humid
2016-12-10 13:00:00,Panther_lodging_Marisol,179.8847,21.7,4.0,11.1,1026.0,4.1,13,6,12,345,18667.3,2007.0,Hot-Humid
2016-12-10 14:00:00,Panther_lodging_Marisol,157.1803,22.2,4.0,11.1,1025.2,7.2,14,6,12,345,18667.3,2007.0,Hot-Humid
2016-12-10 15:00:00,Panther_lodging_Marisol,169.5327,22.2,4.0,11.1,1025.1,5.1,15,6,12,345,18667.3,2007.0,Hot-Humid
2016-12-10 16:00:00,Panther_lodging_Marisol,167.6824,20.6,4.0,10.6,1025.7,6.2,16,6,12,345,18667.3,2007.0,Hot-Humid
2016-12-10 17:00:00,Panther_lodging_Marisol,176.5341,20.0,4.0,10.6,1026.2,6.2,17,6,12,345,18667.3,2007.0,Hot-Humid
2016-12-10 18:00:00,Panther_lodging_Marisol,184.0855,18.3,4.0,11.1,1026.6,5.1,18,6,12,345,18667.3,2007.0,Hot-Humid
2016-12-10 19:00:00,Panther_lodging_Marisol,179.6847,17.2,2.0,11.1,1026.8,4.6,19,6,12,345,18667.3,2007.0,Hot-Humid
2016-12-10 20:00:00,Panther_lodging_Marisol,190.6868,16.1,2.0,10.6,1027.0,4.1,20,6,12,345,18667.3,2007.0,Hot-Humid
2016-12-10 21:00:00,Panther_lodging_Marisol,203.8893,14.4,2.0,11.7,1026.9,3.6,21,6,12,345,18667.3,2007.0,Hot-Humid
2016-12-10 22:00:00,Panther_lodging_Marisol,189.9366,13.3,2.0,11.7,1027.0,3.6,22,6,12,345,18667.3,2007.0,Hot-Humid
2016-12-10 23:00:00,Panther_lodging_Marisol,187.4362,13.3,2.0,11.1,1026.7,3.1,23,6,12,345,18667.3,2007.0,Hot-Humid
2016-12-11 00:00:00,Panther_lodging_Marisol,187.3862,12.8,0.0,11.1,1026.3,2.1,0,7,12,346,18667.3,2007.0,Hot-Humid
2016-12-11 01:00:00,Panther_lodging_Marisol,168.1825,12.8,0.0,10.6,1026.0,1.5,1,7,12,346,18667.3,2007.0,Hot-Humid
2016-12-11 02:00:00,Panther_lodging_Marisol,172.5833,12.2,0.0,10.6,1025.4,2.1,2,7,12,346,18667.3,2007.0,Hot-Humid
2016-12-11 03:00:00,Panther_lodging_Marisol,168.9326,12.2,0.0,10.6,1024.9,1.5,3,7,12,346,18667.3,2007.0,Hot-Humid
2016-12-11 04:00:00,Panther_lodging_Marisol,170.933,12.2,2.0,10.6,1024.6,2.1,4,7,12,346,18667.3,2007.0,Hot-Humid
2016-12-11 05:00:00,Panther_lodging_Marisol,168.3325,13.9,2.0,11.7,1024.1,2.1,5,7,12,346,18667.3,2007.0,Hot-Humid
2016-12-11 06:00:00,Panther_lodging_Marisol,168.0824,13.9,2.0,11.7,1024.7,2.1,6,7,12,346,18667.3,2007.0,Hot-Humid
2016-12-11 07:00:00,Panther_lodging_Marisol,159.7808,14.4,4.0,12.2,1024.8,2.1,7,7,12,346,18667.3,2007.0,Hot-Humid
2016-12-11 08:00:00,Panther_lodging_Marisol,162.1313,15.6,2.0,12.8,1025.0,3.1,8,7,12,346,18667.3,2007.0,Hot-Humid
2016-12-11 09:00:00,Panther_lodging_Marisol,151.3792,18.3,4.0,14.4,1025.4,3.1,9,7,12,346,18667.3,2007.0,Hot-Humid
2016-12-11 10:00:00,Panther_lodging_Marisol,173.5835,21.7,4.0,15.6,1025.5,5.1,10,7,12,346,18667.3,2007.0,Hot-Humid
2016-12-11 11:00:00,Panther_lodging_Marisol,179.1346,23.9,4.666666666666667,16.1,1025.4,6.2,11,7,12,346,18667.3,2007.0,Hot-Humid
2016-12-11 12:00:00,Panther_lodging_Marisol,174.8838,23.3,5.333333333333333,15.6,1024.7,7.2,12,7,12,346,18667.3,2007.0,Hot-Humid
2016-12-11 13:00:00,Panther_lodging_Marisol,183.6354,23.9,6.0,16.1,1023.5,6.7,13,7,12,346,18667.3,2007.0,Hot-Humid
2016-12-11 14:00:00,Panther_lodging_Marisol,183.9855,23.9,6.333333333333333,16.1,1022.9,6.2,14,7,12,346,18667.3,2007.0,Hot-Humid
2016-12-11 15:00:00,Panther_lodging_Marisol,188.1863,23.9,6.666666666666667,17.2,1022.5,7.2,15,7,12,346,18667.3,2007.0,Hot-Humid
2016-12-11 16:00:00,Panther_lodging_Marisol,190.1367,22.2,7.0,17.8,1022.5,6.7,16,7,12,346,18667.3,2007.0,Hot-Humid
2016-12-11 17:00:00,Panther_lodging_Marisol,201.5889,21.1,7.0,18.3,1022.6,2.6,17,7,12,346,18667.3,2007.0,Hot-Humid
2016-12-11 18:00:00,Panther_lodging_Marisol,187.6362,21.1,7.0,18.3,1022.4,2.1,18,7,12,346,18667.3,2007.0,Hot-Humid
2016-12-11 19:00:00,Panther_lodging_Marisol,193.9874,20.6,8.0,17.2,1022.4,2.6,19,7,12,346,18667.3,2007.0,Hot-Humid
2016-12-11 20:00:00,Panther_lodging_Marisol,195.9878,20.6,7.666666666666667,17.8,1022.6,3.6,20,7,12,346,18667.3,2007.0,Hot-Humid
2016-12-11 21:00:00,Panther_lodging_Marisol,192.7372,20.6,7.333333333333333,18.9,1022.4,3.6,21,7,12,346,18667.3,2007.0,Hot-Humid
2016-12-11 22:00:00,Panther_lodging_Marisol,188.7864,20.6,7.0,18.9,1022.2,3.6,22,7,12,346,18667.3,2007.0,Hot-Humid
2016-12-11 23:00:00,Panther_lodging_Marisol,192.0871,20.0,7.0,18.9,1021.9,2.6,23,7,12,346,18667.3,2007.0,Hot-Humid
2016-12-12 00:00:00,Panther_lodging_Marisol,194.3375,20.6,7.0,19.4,1021.3,1.5,0,1,12,347,18667.3,2007.0,Hot-Humid
2016-12-12 01:00:00,Panther_lodging_Marisol,176.43400000000003,20.0,6.0,19.4,1020.9,1.5,1,1,12,347,18667.3,2007.0,Hot-Humid
2016-12-12 02:00:00,Panther_lodging_Marisol,159.4808,19.4,4.666666666666667,18.9,1020.6,0.0,2,1,12,347,18667.3,2007.0,Hot-Humid
2016-12-12 03:00:00,Panther_lodging_Marisol,169.2326,20.6,3.3333333333333335,19.4,1020.0,0.0,3,1,12,347,18667.3,2007.0,Hot-Humid
2016-12-12 04:00:00,Panther_lodging_Marisol,161.2311,19.4,2.0,18.9,1019.2,0.0,4,1,12,347,18667.3,2007.0,Hot-Humid
2016-12-12 05:00:00,Panther_lodging_Marisol,159.6808,17.8,4.333333333333334,17.8,1019.2,0.0,5,1,12,347,18667.3,2007.0,Hot-Humid
2016-12-12 06:00:00,Panther_lodging_Marisol,178.3844,18.3,6.666666666666667,18.3,1019.1,2.1,6,1,12,347,18667.3,2007.0,Hot-Humid
2016-12-12 07:00:00,Panther_lodging_Marisol,175.4339,19.4,9.0,18.9,1019.4,3.6,7,1,12,347,18667.3,2007.0,Hot-Humid
2016-12-12 08:00:00,Panther_lodging_Marisol,181.335,19.4,9.0,19.4,1019.9,3.1,8,1,12,347,18667.3,2007.0,Hot-Humid
2016-12-12 09:00:00,Panther_lodging_Marisol,183.0353,20.6,9.0,20.0,1020.2,2.6,9,1,12,347,18667.3,2007.0,Hot-Humid
2016-12-12 10:00:00,Panther_lodging_Marisol,168.6326,22.2,7.333333333333333,21.1,1020.8,3.6,10,1,12,347,18667.3,2007.0,Hot-Humid
2016-12-12 11:00:00,Panther_lodging_Marisol,166.4321,24.4,5.666666666666666,20.6,1020.7,4.1,11,1,12,347,18667.3,2007.0,Hot-Humid
2016-12-12 12:00:00,Panther_lodging_Marisol,185.2858,25.0,4.0,19.4,1020.2,4.6,12,1,12,347,18667.3,2007.0,Hot-Humid
2016-12-12 13:00:00,Panther_lodging_Marisol,179.3846,26.7,6.0,18.3,1019.1,3.6,13,1,12,347,18667.3,2007.0,Hot-Humid
2016-12-12 14:00:00,Panther_lodging_Marisol,187.2861,26.7,5.333333333333333,18.3,1018.5,3.1,14,1,12,347,18667.3,2007.0,Hot-Humid
2016-12-12 15:00:00,Panther_lodging_Marisol,201.0888,27.2,4.666666666666667,18.3,1017.9,3.1,15,1,12,347,18667.3,2007.0,Hot-Humid
2016-12-12 16:00:00,Panther_lodging_Marisol,176.03400000000005,27.8,4.0,17.8,1017.6,2.1,16,1,12,347,18667.3,2007.0,Hot-Humid
2016-12-12 17:00:00,Panther_lodging_Marisol,186.8861,27.2,4.0,17.8,1017.7,2.1,17,1,12,347,18667.3,2007.0,Hot-Humid
2016-12-12 18:00:00,Panther_lodging_Marisol,178.4844,25.0,4.0,17.8,1017.8,1.5,18,1,12,347,18667.3,2007.0,Hot-Humid
2016-12-12 19:00:00,Panther_lodging_Marisol,170.0828,24.4,4.0,17.8,1018.3,1.5,19,1,12,347,18667.3,2007.0,Hot-Humid
2016-12-12 20:00:00,Panther_lodging_Marisol,191.2369,23.9,4.0,18.3,1018.7,2.1,20,1,12,347,18667.3,2007.0,Hot-Humid
2016-12-12 21:00:00,Panther_lodging_Marisol,184.7857,21.7,4.0,17.8,1019.2,1.5,21,1,12,347,18667.3,2007.0,Hot-Humid
2016-12-12 22:00:00,Panther_lodging_Marisol,175.4839,22.2,3.0,17.8,1019.4,1.5,22,1,12,347,18667.3,2007.0,Hot-Humid
2016-12-12 23:00:00,Panther_lodging_Marisol,171.5331,19.4,2.0,17.2,1019.4,0.0,23,1,12,347,18667.3,2007.0,Hot-Humid
2016-12-13 00:00:00,Panther_lodging_Marisol,170.5329,19.4,4.0,17.2,1019.4,1.5,0,2,12,348,18667.3,2007.0,Hot-Humid
2016-12-13 01:00:00,Panther_lodging_Marisol,160.0809,18.3,2.0,17.2,1019.1,0.0,1,2,12,348,18667.3,2007.0,Hot-Humid
2016-12-13 02:00:00,Panther_lodging_Marisol,152.2794,18.3,2.0,16.7,1018.8,0.0,2,2,12,348,18667.3,2007.0,Hot-Humid
2016-12-13 03:00:00,Panther_lodging_Marisol,151.2292,17.8,2.0,16.7,1018.7,0.0,3,2,12,348,18667.3,2007.0,Hot-Humid
2016-12-13 04:00:00,Panther_lodging_Marisol,157.2303,17.2,2.0,16.1,1018.7,0.0,4,2,12,348,18667.3,2007.0,Hot-Humid
2016-12-13 05:00:00,Panther_lodging_Marisol,155.48,17.2,2.0,16.1,1018.6,1.5,5,2,12,348,18667.3,2007.0,Hot-Humid
2016-12-13 06:00:00,Panther_lodging_Marisol,159.3807,17.2,2.0,16.7,1018.5,1.5,6,2,12,348,18667.3,2007.0,Hot-Humid
2016-12-13 07:00:00,Panther_lodging_Marisol,167.0822,17.8,4.0,17.2,1019.0,1.5,7,2,12,348,18667.3,2007.0,Hot-Humid
2016-12-13 08:00:00,Panther_lodging_Marisol,158.4306,18.9,3.0,18.3,1019.5,3.1,8,2,12,348,18667.3,2007.0,Hot-Humid
2016-12-13 09:00:00,Panther_lodging_Marisol,160.431,20.0,2.0,18.9,1019.7,0.0,9,2,12,348,18667.3,2007.0,Hot-Humid
2016-12-13 10:00:00,Panther_lodging_Marisol,156.0801,22.8,4.0,19.4,1020.0,2.1,10,2,12,348,18667.3,2007.0,Hot-Humid
2016-12-13 11:00:00,Panther_lodging_Marisol,163.0315,25.6,4.0,18.9,1019.7,0.0,11,2,12,348,18667.3,2007.0,Hot-Humid
2016-12-13 12:00:00,Panther_lodging_Marisol,165.4819,26.7,4.0,18.3,1018.8,2.1,12,2,12,348,18667.3,2007.0,Hot-Humid
2016-12-13 13:00:00,Panther_lodging_Marisol,181.435,27.8,4.0,18.3,1018.0,1.5,13,2,12,348,18667.3,2007.0,Hot-Humid
2016-12-13 14:00:00,Panther_lodging_Marisol,171.033,27.8,4.0,17.8,1017.0,1.5,14,2,12,348,18667.3,2007.0,Hot-Humid
2016-12-13 15:00:00,Panther_lodging_Marisol,167.3323,28.3,4.0,17.8,1016.5,0.0,15,2,12,348,18667.3,2007.0,Hot-Humid
2016-12-13 16:00:00,Panther_lodging_Marisol,183.8355,27.2,4.0,17.2,1016.3,0.0,16,2,12,348,18667.3,2007.0,Hot-Humid
2016-12-13 17:00:00,Panther_lodging_Marisol,186.0359,27.2,4.0,17.2,1016.5,0.0,17,2,12,348,18667.3,2007.0,Hot-Humid
2016-12-13 18:00:00,Panther_lodging_Marisol,171.183,25.0,2.0,17.2,1016.6,0.0,18,2,12,348,18667.3,2007.0,Hot-Humid
2016-12-13 19:00:00,Panther_lodging_Marisol,171.083,23.3,2.0,17.8,1017.2,0.0,19,2,12,348,18667.3,2007.0,Hot-Humid
2016-12-13 20:00:00,Panther_lodging_Marisol,184.5856,21.1,2.0,17.8,1017.6,0.0,20,2,12,348,18667.3,2007.0,Hot-Humid
2016-12-13 21:00:00,Panther_lodging_Marisol,179.2846,20.6,2.0,17.8,1017.8,0.0,21,2,12,348,18667.3,2007.0,Hot-Humid
2016-12-13 22:00:00,Panther_lodging_Marisol,170.7329,18.9,2.0,17.2,1018.0,0.0,22,2,12,348,18667.3,2007.0,Hot-Humid
2016-12-13 23:00:00,Panther_lodging_Marisol,179.3846,19.4,0.0,17.8,1018.2,2.1,23,2,12,348,18667.3,2007.0,Hot-Humid
2016-12-14 00:00:00,Panther_lodging_Marisol,171.3331,19.4,0.0,16.7,1018.2,0.0,0,3,12,349,18667.3,2007.0,Hot-Humid
2016-12-14 01:00:00,Panther_lodging_Marisol,153.3296,18.9,0.0,16.7,1018.3,2.1,1,3,12,349,18667.3,2007.0,Hot-Humid
2016-12-14 02:00:00,Panther_lodging_Marisol,153.3796,18.3,0.0,16.7,1018.2,0.0,2,3,12,349,18667.3,2007.0,Hot-Humid
2016-12-14 03:00:00,Panther_lodging_Marisol,162.5814,17.8,0.0,16.7,1018.0,0.0,3,3,12,349,18667.3,2007.0,Hot-Humid
2016-12-14 04:00:00,Panther_lodging_Marisol,147.8285,17.2,0.0,16.1,1018.4,0.0,4,3,12,349,18667.3,2007.0,Hot-Humid
2016-12-14 05:00:00,Panther_lodging_Marisol,167.8824,17.8,4.0,16.1,1018.2,2.6,5,3,12,349,18667.3,2007.0,Hot-Humid
2016-12-14 06:00:00,Panther_lodging_Marisol,160.631,16.7,2.0,15.6,1018.2,2.6,6,3,12,349,18667.3,2007.0,Hot-Humid
2016-12-14 07:00:00,Panther_lodging_Marisol,169.3327,16.7,8.0,16.1,1018.4,1.5,7,3,12,349,18667.3,2007.0,Hot-Humid
2016-12-14 08:00:00,Panther_lodging_Marisol,162.2313,17.2,9.0,16.7,1018.7,0.0,8,3,12,349,18667.3,2007.0,Hot-Humid
2016-12-14 09:00:00,Panther_lodging_Marisol,167.1323,17.8,5.5,16.7,1019.1,0.0,9,3,12,349,18667.3,2007.0,Hot-Humid
2016-12-14 10:00:00,Panther_lodging_Marisol,166.032,20.6,2.0,17.8,1018.9,1.5,10,3,12,349,18667.3,2007.0,Hot-Humid
2016-12-14 11:00:00,Panther_lodging_Marisol,174.5337,25.6,2.0,15.6,1018.5,0.0,11,3,12,349,18667.3,2007.0,Hot-Humid
2016-12-14 12:00:00,Panther_lodging_Marisol,164.6818,26.7,3.0,13.3,1017.9,2.1,12,3,12,349,18667.3,2007.0,Hot-Humid
2016-12-14 13:00:00,Panther_lodging_Marisol,186.486,27.8,4.0,15.0,1017.0,4.6,13,3,12,349,18667.3,2007.0,Hot-Humid
2016-12-14 14:00:00,Panther_lodging_Marisol,157.7304,27.8,4.0,15.6,1016.5,2.6,14,3,12,349,18667.3,2007.0,Hot-Humid
2016-12-14 15:00:00,Panther_lodging_Marisol,154.2298,27.8,4.0,16.1,1016.4,4.6,15,3,12,349,18667.3,2007.0,Hot-Humid
2016-12-14 16:00:00,Panther_lodging_Marisol,155.9801,27.2,4.0,16.7,1016.3,3.6,16,3,12,349,18667.3,2007.0,Hot-Humid
2016-12-14 17:00:00,Panther_lodging_Marisol,154.0797,26.7,4.0,16.7,1016.2,4.1,17,3,12,349,18667.3,2007.0,Hot-Humid
2016-12-14 18:00:00,Panther_lodging_Marisol,146.1282,23.9,3.0,16.7,1016.0,2.1,18,3,12,349,18667.3,2007.0,Hot-Humid
2016-12-14 19:00:00,Panther_lodging_Marisol,155.2299,22.8,2.0,16.7,1016.4,2.1,19,3,12,349,18667.3,2007.0,Hot-Humid
2016-12-14 20:00:00,Panther_lodging_Marisol,142.2274,22.2,4.0,17.2,1016.9,2.6,20,3,12,349,18667.3,2007.0,Hot-Humid
2016-12-14 21:00:00,Panther_lodging_Marisol,147.9286,22.2,4.0,17.8,1017.8,4.1,21,3,12,349,18667.3,2007.0,Hot-Humid
2016-12-14 22:00:00,Panther_lodging_Marisol,151.3792,21.1,0.0,17.8,1017.5,2.6,22,3,12,349,18667.3,2007.0,Hot-Humid
2016-12-14 23:00:00,Panther_lodging_Marisol,151.8293,20.0,0.0,17.8,1017.6,2.6,23,3,12,349,18667.3,2007.0,Hot-Humid
2016-12-15 00:00:00,Panther_lodging_Marisol,155.9301,19.4,2.0,17.8,1018.1,2.1,0,4,12,350,18667.3,2007.0,Hot-Humid
2016-12-15 01:00:00,Panther_lodging_Marisol,139.67700000000002,19.4,0.0,17.8,1017.1,3.6,1,4,12,350,18667.3,2007.0,Hot-Humid
2016-12-15 02:00:00,Panther_lodging_Marisol,147.7285,20.0,0.6666666666666666,18.3,1017.05,3.1,2,4,12,350,18667.3,2007.0,Hot-Humid
2016-12-15 03:00:00,Panther_lodging_Marisol,151.0292,20.0,1.3333333333333333,18.9,1017.0,2.6,3,4,12,350,18667.3,2007.0,Hot-Humid
2016-12-15 04:00:00,Panther_lodging_Marisol,147.1784,20.6,2.0,19.4,1016.7,2.6,4,4,12,350,18667.3,2007.0,Hot-Humid
2016-12-15 05:00:00,Panther_lodging_Marisol,133.7258,20.6,2.0,19.4,1016.9,4.6,5,4,12,350,18667.3,2007.0,Hot-Humid
2016-12-15 06:00:00,Panther_lodging_Marisol,133.4258,21.1,2.0,18.9,1017.0,4.1,6,4,12,350,18667.3,2007.0,Hot-Humid
2016-12-15 07:00:00,Panther_lodging_Marisol,158.7807,20.6,4.0,17.8,1017.8,4.1,7,4,12,350,18667.3,2007.0,Hot-Humid
2016-12-15 08:00:00,Panther_lodging_Marisol,160.781,20.0,2.0,17.8,1018.6,3.1,8,4,12,350,18667.3,2007.0,Hot-Humid
2016-12-15 09:00:00,Panther_lodging_Marisol,133.4258,21.1,4.0,17.2,1019.5,5.1,9,4,12,350,18667.3,2007.0,Hot-Humid
2016-12-15 10:00:00,Panther_lodging_Marisol,167.6824,21.7,4.0,16.1,1020.3,6.2,10,4,12,350,18667.3,2007.0,Hot-Humid
2016-12-15 11:00:00,Panther_lodging_Marisol,162.3813,22.8,4.0,15.0,1020.4,5.7,11,4,12,350,18667.3,2007.0,Hot-Humid
2016-12-15 12:00:00,Panther_lodging_Marisol,159.4308,22.8,4.0,14.4,1019.9,4.6,12,4,12,350,18667.3,2007.0,Hot-Humid
2016-12-15 13:00:00,Panther_lodging_Marisol,158.1305,23.9,4.0,13.9,1019.1,4.1,13,4,12,350,18667.3,2007.0,Hot-Humid
2016-12-15 14:00:00,Panther_lodging_Marisol,152.9295,23.9,4.0,13.9,1018.6,4.6,14,4,12,350,18667.3,2007.0,Hot-Humid
2016-12-15 15:00:00,Panther_lodging_Marisol,159.4308,23.9,4.0,12.8,1018.6,2.6,15,4,12,350,18667.3,2007.0,Hot-Humid
2016-12-15 16:00:00,Panther_lodging_Marisol,163.9816,23.9,4.0,12.2,1018.6,4.1,16,4,12,350,18667.3,2007.0,Hot-Humid
2016-12-15 17:00:00,Panther_lodging_Marisol,159.2807,22.2,4.0,12.2,1019.2,5.1,17,4,12,350,18667.3,2007.0,Hot-Humid
2016-12-15 18:00:00,Panther_lodging_Marisol,156.8303,18.9,4.0,12.2,1020.1,6.7,18,4,12,350,18667.3,2007.0,Hot-Humid
2016-12-15 19:00:00,Panther_lodging_Marisol,171.4331,17.8,2.0,8.3,1021.3,6.7,19,4,12,350,18667.3,2007.0,Hot-Humid
2016-12-15 20:00:00,Panther_lodging_Marisol,184.6856,16.1,0.0,6.1,1022.1,5.7,20,4,12,350,18667.3,2007.0,Hot-Humid
2016-12-15 21:00:00,Panther_lodging_Marisol,185.0357,15.6,0.0,7.2,1022.8,5.7,21,4,12,350,18667.3,2007.0,Hot-Humid
2016-12-15 22:00:00,Panther_lodging_Marisol,168.6826,15.0,0.0,7.2,1023.4,4.6,22,4,12,350,18667.3,2007.0,Hot-Humid
2016-12-15 23:00:00,Panther_lodging_Marisol,172.2332,14.4,0.0,7.8,1023.6,3.1,23,4,12,350,18667.3,2007.0,Hot-Humid
2016-12-16 00:00:00,Panther_lodging_Marisol,159.1307,13.3,0.0,7.8,1023.0,3.1,0,5,12,351,18667.3,2007.0,Hot-Humid
2016-12-16 01:00:00,Panther_lodging_Marisol,152.6795,13.3,0.0,7.8,1022.2,4.1,1,5,12,351,18667.3,2007.0,Hot-Humid
2016-12-16 02:00:00,Panther_lodging_Marisol,157.4304,12.2,0.0,7.8,1022.1,2.6,2,5,12,351,18667.3,2007.0,Hot-Humid
2016-12-16 03:00:00,Panther_lodging_Marisol,167.8324,12.2,0.0,8.3,1021.8,3.1,3,5,12,351,18667.3,2007.0,Hot-Humid
2016-12-16 04:00:00,Panther_lodging_Marisol,150.6291,12.2,0.0,8.3,1022.0,2.6,4,5,12,351,18667.3,2007.0,Hot-Humid
2016-12-16 05:00:00,Panther_lodging_Marisol,171.4831,12.2,0.0,8.9,1022.0,3.1,5,5,12,351,18667.3,2007.0,Hot-Humid
2016-12-16 06:00:00,Panther_lodging_Marisol,149.4288,12.2,4.0,8.9,1022.3,2.1,6,5,12,351,18667.3,2007.0,Hot-Humid
2016-12-16 07:00:00,Panther_lodging_Marisol,159.8809,12.8,4.0,9.4,1022.8,2.1,7,5,12,351,18667.3,2007.0,Hot-Humid
2016-12-16 08:00:00,Panther_lodging_Marisol,169.7327,13.9,4.0,10.0,1023.4,2.1,8,5,12,351,18667.3,2007.0,Hot-Humid
2016-12-16 09:00:00,Panther_lodging_Marisol,150.6291,17.8,4.0,11.7,1023.7,2.6,9,5,12,351,18667.3,2007.0,Hot-Humid
2016-12-16 10:00:00,Panther_lodging_Marisol,152.3294,21.7,4.0,12.8,1024.0,3.6,10,5,12,351,18667.3,2007.0,Hot-Humid
2016-12-16 11:00:00,Panther_lodging_Marisol,148.8787,23.3,4.0,13.3,1023.6,4.1,11,5,12,351,18667.3,2007.0,Hot-Humid
2016-12-16 12:00:00,Panther_lodging_Marisol,149.9289,23.3,4.0,13.9,1023.0,5.1,12,5,12,351,18667.3,2007.0,Hot-Humid
2016-12-16 13:00:00,Panther_lodging_Marisol,143.0276,23.9,4.0,13.3,1022.2,4.6,13,5,12,351,18667.3,2007.0,Hot-Humid
2016-12-16 14:00:00,Panther_lodging_Marisol,139.0768,25.6,4.0,13.9,1021.2,5.1,14,5,12,351,18667.3,2007.0,Hot-Humid
2016-12-16 15:00:00,Panther_lodging_Marisol,153.5296,25.0,4.0,13.9,1020.8,6.2,15,5,12,351,18667.3,2007.0,Hot-Humid
2016-12-16 16:00:00,Panther_lodging_Marisol,148.3286,23.9,4.0,14.4,1021.2,4.6,16,5,12,351,18667.3,2007.0,Hot-Humid
2016-12-16 17:00:00,Panther_lodging_Marisol,151.6793,22.8,2.0,15.0,1021.4,4.6,17,5,12,351,18667.3,2007.0,Hot-Humid
2016-12-16 18:00:00,Panther_lodging_Marisol,152.9295,20.6,2.0,15.0,1021.8,3.6,18,5,12,351,18667.3,2007.0,Hot-Humid
2016-12-16 19:00:00,Panther_lodging_Marisol,152.8295,19.4,2.0,15.0,1022.3,2.6,19,5,12,351,18667.3,2007.0,Hot-Humid
2016-12-16 20:00:00,Panther_lodging_Marisol,143.8278,18.9,2.0,15.0,1022.4,1.5,20,5,12,351,18667.3,2007.0,Hot-Humid
2016-12-16 21:00:00,Panther_lodging_Marisol,148.8787,18.3,2.0,15.0,1022.6,2.6,21,5,12,351,18667.3,2007.0,Hot-Humid
2016-12-16 22:00:00,Panther_lodging_Marisol,153.2296,18.3,2.0,15.0,1022.3,3.1,22,5,12,351,18667.3,2007.0,Hot-Humid
2016-12-16 23:00:00,Panther_lodging_Marisol,158.0805,18.3,0.0,15.0,1022.3,2.1,23,5,12,351,18667.3,2007.0,Hot-Humid
2016-12-17 00:00:00,Panther_lodging_Marisol,145.278,17.2,4.0,15.0,1021.8,2.1,0,6,12,352,18667.3,2007.0,Hot-Humid
2016-12-17 01:00:00,Panther_lodging_Marisol,128.7248,17.2,2.0,15.0,1021.5,1.5,1,6,12,352,18667.3,2007.0,Hot-Humid
2016-12-17 02:00:00,Panther_lodging_Marisol,137.2765,16.7,2.0,15.0,1021.4,1.5,2,6,12,352,18667.3,2007.0,Hot-Humid
2016-12-17 03:00:00,Panther_lodging_Marisol,129.425,16.1,0.0,15.0,1021.3,0.0,3,6,12,352,18667.3,2007.0,Hot-Humid
2016-12-17 04:00:00,Panther_lodging_Marisol,136.6264,15.6,2.0,15.0,1021.1,0.0,4,6,12,352,18667.3,2007.0,Hot-Humid
2016-12-17 05:00:00,Panther_lodging_Marisol,135.5261,15.6,2.6666666666666665,15.0,1021.3,0.0,5,6,12,352,18667.3,2007.0,Hot-Humid
2016-12-17 06:00:00,Panther_lodging_Marisol,145.4281,16.1,3.333333333333333,15.0,1021.3,0.0,6,6,12,352,18667.3,2007.0,Hot-Humid
2016-12-17 07:00:00,Panther_lodging_Marisol,135.4761,15.6,4.0,14.4,1021.7,1.5,7,6,12,352,18667.3,2007.0,Hot-Humid
2016-12-17 08:00:00,Panther_lodging_Marisol,143.6777,15.6,2.0,15.0,1022.3,2.1,8,6,12,352,18667.3,2007.0,Hot-Humid
2016-12-17 09:00:00,Panther_lodging_Marisol,139.2769,20.6,2.0,17.8,1022.6,4.1,9,6,12,352,18667.3,2007.0,Hot-Humid
2016-12-17 10:00:00,Panther_lodging_Marisol,151.5293,24.4,2.0,18.9,1022.8,5.1,10,6,12,352,18667.3,2007.0,Hot-Humid
2016-12-17 11:00:00,Panther_lodging_Marisol,152.9295,26.1,2.0,18.3,1022.3,5.7,11,6,12,352,18667.3,2007.0,Hot-Humid
2016-12-17 12:00:00,Panther_lodging_Marisol,148.9787,27.8,2.0,18.3,1021.7,7.2,12,6,12,352,18667.3,2007.0,Hot-Humid
2016-12-17 13:00:00,Panther_lodging_Marisol,147.4785,26.7,4.0,17.8,1020.4,5.7,13,6,12,352,18667.3,2007.0,Hot-Humid
2016-12-17 14:00:00,Panther_lodging_Marisol,160.531,28.3,4.0,16.7,1019.6,5.7,14,6,12,352,18667.3,2007.0,Hot-Humid
2016-12-17 15:00:00,Panther_lodging_Marisol,129.1749,28.9,4.0,16.1,1019.2,5.1,15,6,12,352,18667.3,2007.0,Hot-Humid
2016-12-17 16:00:00,Panther_lodging_Marisol,156.2802,28.3,4.0,15.6,1019.2,4.6,16,6,12,352,18667.3,2007.0,Hot-Humid
2016-12-17 17:00:00,Panther_lodging_Marisol,148.9787,27.2,4.0,16.1,1019.3,3.6,17,6,12,352,18667.3,2007.0,Hot-Humid
2016-12-17 18:00:00,Panther_lodging_Marisol,139.92700000000002,24.4,4.0,16.1,1019.5,0.0,18,6,12,352,18667.3,2007.0,Hot-Humid
2016-12-17 19:00:00,Panther_lodging_Marisol,154.0797,22.2,2.0,16.7,1019.8,2.1,19,6,12,352,18667.3,2007.0,Hot-Humid
2016-12-17 20:00:00,Panther_lodging_Marisol,155.63,22.8,2.0,18.3,1020.3,3.1,20,6,12,352,18667.3,2007.0,Hot-Humid
2016-12-17 21:00:00,Panther_lodging_Marisol,153.2796,22.2,4.0,19.4,1020.4,4.1,21,6,12,352,18667.3,2007.0,Hot-Humid
2016-12-17 22:00:00,Panther_lodging_Marisol,145.22799999999995,22.2,2.0,20.0,1020.5,4.1,22,6,12,352,18667.3,2007.0,Hot-Humid
2016-12-17 23:00:00,Panther_lodging_Marisol,151.5293,21.7,4.0,20.0,1020.7,3.6,23,6,12,352,18667.3,2007.0,Hot-Humid
2016-12-18 00:00:00,Panther_lodging_Marisol,162.9314,21.1,4.0,20.0,1020.7,3.1,0,7,12,353,18667.3,2007.0,Hot-Humid
2016-12-18 01:00:00,Panther_lodging_Marisol,144.3779,20.6,4.0,19.4,1020.6,2.1,1,7,12,353,18667.3,2007.0,Hot-Humid
2016-12-18 02:00:00,Panther_lodging_Marisol,142.7275,20.0,4.666666666666667,19.4,1020.5,2.6,2,7,12,353,18667.3,2007.0,Hot-Humid
2016-12-18 03:00:00,Panther_lodging_Marisol,144.0778,20.0,5.333333333333333,19.4,1020.4,1.5,3,7,12,353,18667.3,2007.0,Hot-Humid
2016-12-18 04:00:00,Panther_lodging_Marisol,150.379,19.4,6.0,19.4,1020.3,1.5,4,7,12,353,18667.3,2007.0,Hot-Humid
2016-12-18 05:00:00,Panther_lodging_Marisol,156.3802,20.6,6.0,20.0,1020.2,2.1,5,7,12,353,18667.3,2007.0,Hot-Humid
2016-12-18 06:00:00,Panther_lodging_Marisol,137.5265,21.1,6.0,20.6,1020.3,3.6,6,7,12,353,18667.3,2007.0,Hot-Humid
2016-12-18 07:00:00,Panther_lodging_Marisol,138.3767,21.1,8.0,20.0,1020.8,3.1,7,7,12,353,18667.3,2007.0,Hot-Humid
2016-12-18 08:00:00,Panther_lodging_Marisol,144.7279,21.1,7.666666666666667,20.6,1021.5,2.1,8,7,12,353,18667.3,2007.0,Hot-Humid
2016-12-18 09:00:00,Panther_lodging_Marisol,148.2786,22.8,7.333333333333333,21.7,1022.2,3.6,9,7,12,353,18667.3,2007.0,Hot-Humid
2016-12-18 10:00:00,Panther_lodging_Marisol,154.9799,25.0,7.0,22.2,1022.7,4.6,10,7,12,353,18667.3,2007.0,Hot-Humid
2016-12-18 11:00:00,Panther_lodging_Marisol,147.6785,26.7,7.0,22.2,1022.8,4.6,11,7,12,353,18667.3,2007.0,Hot-Humid
2016-12-18 12:00:00,Panther_lodging_Marisol,152.7795,28.3,7.0,21.7,1022.4,4.6,12,7,12,353,18667.3,2007.0,Hot-Humid
2016-12-18 13:00:00,Panther_lodging_Marisol,139.3769,28.9,6.0,21.1,1021.5,6.2,13,7,12,353,18667.3,2007.0,Hot-Humid
2016-12-18 14:00:00,Panther_lodging_Marisol,146.9284,30.6,4.0,19.4,1020.8,6.7,14,7,12,353,18667.3,2007.0,Hot-Humid
2016-12-18 15:00:00,Panther_lodging_Marisol,158.0805,30.6,4.4,19.4,1020.5,5.7,15,7,12,353,18667.3,2007.0,Hot-Humid
2016-12-18 16:00:00,Panther_lodging_Marisol,148.2286,29.4,4.8,20.0,1020.8,3.1,16,7,12,353,18667.3,2007.0,Hot-Humid
2016-12-18 17:00:00,Panther_lodging_Marisol,143.2777,28.9,5.2,19.4,1021.0,1.5,17,7,12,353,18667.3,2007.0,Hot-Humid
2016-12-18 18:00:00,Panther_lodging_Marisol,145.078,26.1,5.2,20.0,1021.3,2.6,18,7,12,353,18667.3,2007.0,Hot-Humid
2016-12-18 19:00:00,Panther_lodging_Marisol,147.5285,25.0,6.0,20.0,1021.9,1.5,19,7,12,353,18667.3,2007.0,Hot-Humid
2016-12-18 20:00:00,Panther_lodging_Marisol,157.9805,25.0,6.0,22.2,1022.7,0.0,20,7,12,353,18667.3,2007.0,Hot-Humid
2016-12-18 21:00:00,Panther_lodging_Marisol,151.1792,23.9,6.0,21.7,1023.2,0.0,21,7,12,353,18667.3,2007.0,Hot-Humid
2016-12-18 22:00:00,Panther_lodging_Marisol,157.1303,23.3,6.0,21.7,1023.7,3.6,22,7,12,353,18667.3,2007.0,Hot-Humid
2016-12-18 23:00:00,Panther_lodging_Marisol,139.4269,23.3,6.0,21.7,1024.2,3.1,23,7,12,353,18667.3,2007.0,Hot-Humid
2016-12-19 00:00:00,Panther_lodging_Marisol,147.4785,23.3,6.0,21.7,1024.4,2.1,0,1,12,354,18667.3,2007.0,Hot-Humid
2016-12-19 01:00:00,Panther_lodging_Marisol,133.9259,22.2,6.0,21.1,1024.5,0.0,1,1,12,354,18667.3,2007.0,Hot-Humid
2016-12-19 02:00:00,Panther_lodging_Marisol,131.2253,21.7,5.0,21.1,1024.75,2.1,2,1,12,354,18667.3,2007.0,Hot-Humid
2016-12-19 03:00:00,Panther_lodging_Marisol,134.726,22.2,4.0,21.1,1025.0,0.0,3,1,12,354,18667.3,2007.0,Hot-Humid
2016-12-19 04:00:00,Panther_lodging_Marisol,135.9762,21.7,3.0,21.1,1025.1,2.6,4,1,12,354,18667.3,2007.0,Hot-Humid
2016-12-19 05:00:00,Panther_lodging_Marisol,140.6271,22.2,2.0,21.1,1025.1,0.0,5,1,12,354,18667.3,2007.0,Hot-Humid
2016-12-19 06:00:00,Panther_lodging_Marisol,141.7773,21.7,5.0,21.1,1025.5,0.0,6,1,12,354,18667.3,2007.0,Hot-Humid
2016-12-19 07:00:00,Panther_lodging_Marisol,131.1753,22.2,8.0,21.1,1025.8,0.0,7,1,12,354,18667.3,2007.0,Hot-Humid
2016-12-19 08:00:00,Panther_lodging_Marisol,135.5261,22.2,7.666666666666667,21.7,1026.2,0.0,8,1,12,354,18667.3,2007.0,Hot-Humid
2016-12-19 09:00:00,Panther_lodging_Marisol,139.827,23.9,7.333333333333333,22.8,1026.8,2.1,9,1,12,354,18667.3,2007.0,Hot-Humid
2016-12-19 10:00:00,Panther_lodging_Marisol,140.8772,24.4,7.0,22.8,1027.5,2.6,10,1,12,354,18667.3,2007.0,Hot-Humid
2016-12-19 11:00:00,Panther_lodging_Marisol,140.8772,25.6,7.0,21.7,1027.5,1.5,11,1,12,354,18667.3,2007.0,Hot-Humid
2016-12-19 12:00:00,Panther_lodging_Marisol,158.3806,26.7,7.0,20.6,1026.7,0.0,12,1,12,354,18667.3,2007.0,Hot-Humid
2016-12-19 13:00:00,Panther_lodging_Marisol,147.0784,28.3,6.0,20.6,1025.6,1.5,13,1,12,354,18667.3,2007.0,Hot-Humid
2016-12-19 14:00:00,Panther_lodging_Marisol,155.8801,29.4,6.0,20.0,1024.8,0.0,14,1,12,354,18667.3,2007.0,Hot-Humid
2016-12-19 15:00:00,Panther_lodging_Marisol,152.9795,29.4,6.0,19.4,1024.5,0.0,15,1,12,354,18667.3,2007.0,Hot-Humid
2016-12-19 16:00:00,Panther_lodging_Marisol,148.6787,29.4,6.0,18.9,1024.8,1.5,16,1,12,354,18667.3,2007.0,Hot-Humid
2016-12-19 17:00:00,Panther_lodging_Marisol,142.4775,28.3,6.0,18.9,1024.9,1.5,17,1,12,354,18667.3,2007.0,Hot-Humid
2016-12-19 18:00:00,Panther_lodging_Marisol,136.0262,25.0,6.0,21.7,1025.3,3.6,18,1,12,354,18667.3,2007.0,Hot-Humid
2016-12-19 19:00:00,Panther_lodging_Marisol,129.8251,24.4,6.0,21.7,1026.2,2.6,19,1,12,354,18667.3,2007.0,Hot-Humid
2016-12-19 20:00:00,Panther_lodging_Marisol,137.0765,23.9,6.0,21.7,1026.6,3.6,20,1,12,354,18667.3,2007.0,Hot-Humid
2016-12-19 21:00:00,Panther_lodging_Marisol,136.0763,23.9,6.0,21.7,1026.6,4.1,21,1,12,354,18667.3,2007.0,Hot-Humid
2016-12-19 22:00:00,Panther_lodging_Marisol,132.2755,23.3,6.0,21.7,1026.5,5.1,22,1,12,354,18667.3,2007.0,Hot-Humid
2016-12-19 23:00:00,Panther_lodging_Marisol,148.2286,23.3,6.0,21.7,1026.7,3.6,23,1,12,354,18667.3,2007.0,Hot-Humid
2016-12-20 00:00:00,Panther_lodging_Marisol,156.2802,20.6,6.0,20.0,1026.65,3.1,0,2,12,355,18667.3,2007.0,Hot-Humid
2016-12-20 01:00:00,Panther_lodging_Marisol,137.7266,21.1,6.0,20.0,1026.6,4.6,1,2,12,355,18667.3,2007.0,Hot-Humid
2016-12-20 02:00:00,Panther_lodging_Marisol,150.429,20.6,6.333333333333333,19.4,1026.2,3.6,2,2,12,355,18667.3,2007.0,Hot-Humid
2016-12-20 03:00:00,Panther_lodging_Marisol,138.8268,20.0,6.666666666666667,18.9,1026.2,4.6,3,2,12,355,18667.3,2007.0,Hot-Humid
2016-12-20 04:00:00,Panther_lodging_Marisol,129.2749,18.9,7.0,18.3,1026.0,4.1,4,2,12,355,18667.3,2007.0,Hot-Humid
2016-12-20 05:00:00,Panther_lodging_Marisol,140.9772,18.9,7.0,17.8,1025.9,5.7,5,2,12,355,18667.3,2007.0,Hot-Humid
2016-12-20 06:00:00,Panther_lodging_Marisol,127.0745,18.9,7.0,17.8,1026.2,4.1,6,2,12,355,18667.3,2007.0,Hot-Humid
2016-12-20 07:00:00,Panther_lodging_Marisol,154.4798,18.3,8.0,17.8,1026.7,3.1,7,2,12,355,18667.3,2007.0,Hot-Humid
2016-12-20 08:00:00,Panther_lodging_Marisol,146.2782,18.3,8.0,17.2,1027.2,4.1,8,2,12,355,18667.3,2007.0,Hot-Humid
2016-12-20 09:00:00,Panther_lodging_Marisol,140.4271,17.8,8.0,16.7,1027.7,5.1,9,2,12,355,18667.3,2007.0,Hot-Humid
2016-12-20 10:00:00,Panther_lodging_Marisol,155.0799,19.4,8.0,17.2,1027.8,5.7,10,2,12,355,18667.3,2007.0,Hot-Humid
2016-12-20 11:00:00,Panther_lodging_Marisol,133.4758,20.0,8.0,17.2,1027.5,3.6,11,2,12,355,18667.3,2007.0,Hot-Humid
2016-12-20 12:00:00,Panther_lodging_Marisol,161.6312,19.4,8.0,17.2,1026.8,6.2,12,2,12,355,18667.3,2007.0,Hot-Humid
2016-12-20 13:00:00,Panther_lodging_Marisol,140.9772,19.4,8.0,17.2,1026.3,6.2,13,2,12,355,18667.3,2007.0,Hot-Humid
2016-12-20 14:00:00,Panther_lodging_Marisol,134.3259,20.0,8.0,17.2,1025.1,4.6,14,2,12,355,18667.3,2007.0,Hot-Humid
2016-12-20 15:00:00,Panther_lodging_Marisol,137.4765,20.0,8.0,16.7,1024.7,5.7,15,2,12,355,18667.3,2007.0,Hot-Humid
2016-12-20 16:00:00,Panther_lodging_Marisol,150.5291,21.1,8.0,16.7,1024.0,1.5,16,2,12,355,18667.3,2007.0,Hot-Humid
2016-12-20 17:00:00,Panther_lodging_Marisol,152.5294,21.1,8.0,17.2,1023.8,2.6,17,2,12,355,18667.3,2007.0,Hot-Humid
2016-12-20 18:00:00,Panther_lodging_Marisol,137.3265,20.0,8.0,16.7,1024.0,4.6,18,2,12,355,18667.3,2007.0,Hot-Humid
2016-12-20 19:00:00,Panther_lodging_Marisol,138.7268,19.4,8.0,16.7,1024.0,4.1,19,2,12,355,18667.3,2007.0,Hot-Humid
2016-12-20 20:00:00,Panther_lodging_Marisol,131.4754,18.9,8.0,16.7,1024.3,4.6,20,2,12,355,18667.3,2007.0,Hot-Humid
2016-12-20 21:00:00,Panther_lodging_Marisol,144.4279,17.8,8.0,15.6,1024.3,3.6,21,2,12,355,18667.3,2007.0,Hot-Humid
2016-12-20 22:00:00,Panther_lodging_Marisol,151.6793,17.8,8.0,15.6,1024.1,3.1,22,2,12,355,18667.3,2007.0,Hot-Humid
2016-12-20 23:00:00,Panther_lodging_Marisol,145.078,17.2,8.0,15.0,1023.9,4.6,23,2,12,355,18667.3,2007.0,Hot-Humid
2016-12-21 00:00:00,Panther_lodging_Marisol,163.2315,16.7,8.0,14.4,1023.3,4.1,0,3,12,356,18667.3,2007.0,Hot-Humid
2016-12-21 01:00:00,Panther_lodging_Marisol,141.5773,16.1,8.0,14.4,1022.7,2.6,1,3,12,356,18667.3,2007.0,Hot-Humid
2016-12-21 02:00:00,Panther_lodging_Marisol,146.1782,16.1,8.0,13.9,1022.9,4.1,2,3,12,356,18667.3,2007.0,Hot-Humid
2016-12-21 03:00:00,Panther_lodging_Marisol,151.0792,15.0,8.0,13.9,1022.6,4.6,3,3,12,356,18667.3,2007.0,Hot-Humid
2016-12-21 04:00:00,Panther_lodging_Marisol,139.2769,15.0,8.0,13.9,1022.6,3.6,4,3,12,356,18667.3,2007.0,Hot-Humid
2016-12-21 05:00:00,Panther_lodging_Marisol,149.2288,14.4,8.0,13.9,1022.3,3.1,5,3,12,356,18667.3,2007.0,Hot-Humid
2016-12-21 06:00:00,Panther_lodging_Marisol,138.5767,15.0,8.0,13.9,1022.5,3.1,6,3,12,356,18667.3,2007.0,Hot-Humid
2016-12-21 07:00:00,Panther_lodging_Marisol,152.1794,15.0,8.0,13.9,1023.3,3.6,7,3,12,356,18667.3,2007.0,Hot-Humid
2016-12-21 08:00:00,Panther_lodging_Marisol,155.68,14.4,8.0,13.9,1024.1,4.1,8,3,12,356,18667.3,2007.0,Hot-Humid
2016-12-21 09:00:00,Panther_lodging_Marisol,142.8276,14.4,8.0,13.3,1025.0,5.7,9,3,12,356,18667.3,2007.0,Hot-Humid
2016-12-21 10:00:00,Panther_lodging_Marisol,159.0807,15.0,8.0,13.3,1025.3,6.2,10,3,12,356,18667.3,2007.0,Hot-Humid
2016-12-21 11:00:00,Panther_lodging_Marisol,151.5293,15.6,8.0,13.3,1025.1,5.1,11,3,12,356,18667.3,2007.0,Hot-Humid
2016-12-21 12:00:00,Panther_lodging_Marisol,155.43,17.8,8.0,13.9,1024.4,5.1,12,3,12,356,18667.3,2007.0,Hot-Humid
2016-12-21 13:00:00,Panther_lodging_Marisol,140.7272,18.3,8.0,13.9,1023.2,5.1,13,3,12,356,18667.3,2007.0,Hot-Humid
2016-12-21 14:00:00,Panther_lodging_Marisol,140.7272,18.3,8.0,13.9,1022.4,4.1,14,3,12,356,18667.3,2007.0,Hot-Humid
2016-12-21 15:00:00,Panther_lodging_Marisol,135.2761,17.8,8.0,13.9,1022.2,4.6,15,3,12,356,18667.3,2007.0,Hot-Humid
2016-12-21 16:00:00,Panther_lodging_Marisol,138.2267,17.2,8.0,13.9,1022.3,5.1,16,3,12,356,18667.3,2007.0,Hot-Humid
2016-12-21 17:00:00,Panther_lodging_Marisol,136.8264,17.2,8.0,13.9,1022.3,4.6,17,3,12,356,18667.3,2007.0,Hot-Humid
2016-12-21 18:00:00,Panther_lodging_Marisol,128.8249,17.2,8.0,13.3,1022.6,3.1,18,3,12,356,18667.3,2007.0,Hot-Humid
2016-12-21 19:00:00,Panther_lodging_Marisol,148.0786,16.1,8.0,12.8,1023.5,5.7,19,3,12,356,18667.3,2007.0,Hot-Humid
2016-12-21 20:00:00,Panther_lodging_Marisol,141.0272,13.9,4.0,11.1,1024.3,4.1,20,3,12,356,18667.3,2007.0,Hot-Humid
2016-12-21 21:00:00,Panther_lodging_Marisol,150.5791,12.8,0.0,10.0,1024.4,4.1,21,3,12,356,18667.3,2007.0,Hot-Humid
2016-12-21 22:00:00,Panther_lodging_Marisol,142.0274,12.8,0.0,10.0,1024.3,4.1,22,3,12,356,18667.3,2007.0,Hot-Humid
2016-12-21 23:00:00,Panther_lodging_Marisol,126.3744,12.8,2.0,10.0,1023.9,4.1,23,3,12,356,18667.3,2007.0,Hot-Humid
2016-12-22 00:00:00,Panther_lodging_Marisol,157.9805,12.2,2.0,10.0,1023.6,3.6,0,4,12,357,18667.3,2007.0,Hot-Humid
2016-12-22 01:00:00,Panther_lodging_Marisol,141.7273,11.7,6.0,10.0,1023.1,3.6,1,4,12,357,18667.3,2007.0,Hot-Humid
2016-12-22 02:00:00,Panther_lodging_Marisol,153.6296,11.1,2.0,9.4,1022.8,3.1,2,4,12,357,18667.3,2007.0,Hot-Humid
2016-12-22 03:00:00,Panther_lodging_Marisol,150.22899999999996,11.1,4.0,9.4,1022.6,2.1,3,4,12,357,18667.3,2007.0,Hot-Humid
2016-12-22 04:00:00,Panther_lodging_Marisol,148.4287,12.2,4.0,10.6,1022.4,2.6,4,4,12,357,18667.3,2007.0,Hot-Humid
2016-12-22 05:00:00,Panther_lodging_Marisol,151.4792,12.8,4.0,11.1,1022.3,3.1,5,4,12,357,18667.3,2007.0,Hot-Humid
2016-12-22 06:00:00,Panther_lodging_Marisol,134.826,13.9,4.0,11.7,1022.6,3.1,6,4,12,357,18667.3,2007.0,Hot-Humid
2016-12-22 07:00:00,Panther_lodging_Marisol,143.5277,13.9,4.0,12.2,1022.9,2.6,7,4,12,357,18667.3,2007.0,Hot-Humid
2016-12-22 08:00:00,Panther_lodging_Marisol,147.1284,13.9,4.0,12.2,1023.7,2.6,8,4,12,357,18667.3,2007.0,Hot-Humid
2016-12-22 09:00:00,Panther_lodging_Marisol,129.325,15.6,4.0,12.2,1024.1,4.1,9,4,12,357,18667.3,2007.0,Hot-Humid
2016-12-22 10:00:00,Panther_lodging_Marisol,134.5259,18.9,2.0,13.9,1024.3,3.1,10,4,12,357,18667.3,2007.0,Hot-Humid
2016-12-22 11:00:00,Panther_lodging_Marisol,136.0763,21.1,2.0,14.4,1023.8,3.6,11,4,12,357,18667.3,2007.0,Hot-Humid
2016-12-22 12:00:00,Panther_lodging_Marisol,146.9784,22.2,2.0,14.4,1023.0,4.1,12,4,12,357,18667.3,2007.0,Hot-Humid
2016-12-22 13:00:00,Panther_lodging_Marisol,145.078,23.3,2.0,15.6,1021.9,3.6,13,4,12,357,18667.3,2007.0,Hot-Humid
2016-12-22 14:00:00,Panther_lodging_Marisol,142.7275,24.4,2.0,15.0,1020.9,3.6,14,4,12,357,18667.3,2007.0,Hot-Humid
2016-12-22 15:00:00,Panther_lodging_Marisol,143.7277,25.0,2.0,12.8,1020.4,1.5,15,4,12,357,18667.3,2007.0,Hot-Humid
2016-12-22 16:00:00,Panther_lodging_Marisol,144.4279,25.6,2.0,12.2,1020.5,0.0,16,4,12,357,18667.3,2007.0,Hot-Humid
2016-12-22 17:00:00,Panther_lodging_Marisol,145.9782,23.9,4.0,12.8,1021.2,4.1,17,4,12,357,18667.3,2007.0,Hot-Humid
2016-12-22 18:00:00,Panther_lodging_Marisol,134.3259,20.6,4.0,11.7,1021.9,4.1,18,4,12,357,18667.3,2007.0,Hot-Humid
2016-12-22 19:00:00,Panther_lodging_Marisol,152.4794,20.0,0.0,7.2,1022.9,5.1,19,4,12,357,18667.3,2007.0,Hot-Humid
2016-12-22 20:00:00,Panther_lodging_Marisol,145.328,18.3,0.0,5.0,1023.6,4.6,20,4,12,357,18667.3,2007.0,Hot-Humid
2016-12-22 21:00:00,Panther_lodging_Marisol,141.3273,17.2,2.0,5.6,1023.6,3.1,21,4,12,357,18667.3,2007.0,Hot-Humid
2016-12-22 22:00:00,Panther_lodging_Marisol,148.5287,16.1,2.0,7.8,1023.7,1.5,22,4,12,357,18667.3,2007.0,Hot-Humid
2016-12-22 23:00:00,Panther_lodging_Marisol,132.5756,15.0,2.0,8.9,1024.0,2.1,23,4,12,357,18667.3,2007.0,Hot-Humid
2016-12-23 00:00:00,Panther_lodging_Marisol,131.8254,14.4,4.0,10.0,1023.6,2.1,0,5,12,358,18667.3,2007.0,Hot-Humid
2016-12-23 01:00:00,Panther_lodging_Marisol,135.8762,14.4,4.0,10.6,1023.4,2.1,1,5,12,358,18667.3,2007.0,Hot-Humid
2016-12-23 02:00:00,Panther_lodging_Marisol,136.1763,15.0,4.0,10.6,1023.5,0.0,2,5,12,358,18667.3,2007.0,Hot-Humid
2016-12-23 03:00:00,Panther_lodging_Marisol,131.0253,15.6,3.3333333333333335,11.7,1023.3,0.0,3,5,12,358,18667.3,2007.0,Hot-Humid
2016-12-23 04:00:00,Panther_lodging_Marisol,131.4754,15.6,2.666666666666667,11.7,1023.6,2.6,4,5,12,358,18667.3,2007.0,Hot-Humid
2016-12-23 05:00:00,Panther_lodging_Marisol,122.1736,15.0,2.0,10.6,1023.6,2.1,5,5,12,358,18667.3,2007.0,Hot-Humid
2016-12-23 06:00:00,Panther_lodging_Marisol,130.6252,14.4,2.0,10.6,1023.9,2.6,6,5,12,358,18667.3,2007.0,Hot-Humid
2016-12-23 07:00:00,Panther_lodging_Marisol,121.2734,14.4,2.0,10.6,1024.3,3.1,7,5,12,358,18667.3,2007.0,Hot-Humid
2016-12-23 08:00:00,Panther_lodging_Marisol,126.6244,15.6,2.0,10.6,1024.9,3.1,8,5,12,358,18667.3,2007.0,Hot-Humid
2016-12-23 09:00:00,Panther_lodging_Marisol,131.8754,18.9,2.0,12.2,1025.3,4.1,9,5,12,358,18667.3,2007.0,Hot-Humid
2016-12-23 10:00:00,Panther_lodging_Marisol,120.2732,21.7,2.0,12.8,1025.7,4.6,10,5,12,358,18667.3,2007.0,Hot-Humid
2016-12-23 11:00:00,Panther_lodging_Marisol,125.1241,24.4,2.0,13.9,1025.5,3.6,11,5,12,358,18667.3,2007.0,Hot-Humid
2016-12-23 12:00:00,Panther_lodging_Marisol,134.826,26.1,2.0,15.0,1024.9,4.1,12,5,12,358,18667.3,2007.0,Hot-Humid
2016-12-23 13:00:00,Panther_lodging_Marisol,130.9253,26.1,4.0,15.0,1023.8,4.1,13,5,12,358,18667.3,2007.0,Hot-Humid
2016-12-23 14:00:00,Panther_lodging_Marisol,132.6256,26.1,4.0,15.6,1023.1,5.1,14,5,12,358,18667.3,2007.0,Hot-Humid
2016-12-23 15:00:00,Panther_lodging_Marisol,126.1243,26.7,4.0,16.1,1022.9,4.6,15,5,12,358,18667.3,2007.0,Hot-Humid
2016-12-23 16:00:00,Panther_lodging_Marisol,136.8764,25.0,4.0,16.1,1023.1,6.2,16,5,12,358,18667.3,2007.0,Hot-Humid
2016-12-23 17:00:00,Panther_lodging_Marisol,127.5746,23.9,4.0,16.1,1023.6,4.6,17,5,12,358,18667.3,2007.0,Hot-Humid
2016-12-23 18:00:00,Panther_lodging_Marisol,135.2261,22.8,4.0,16.7,1024.2,4.1,18,5,12,358,18667.3,2007.0,Hot-Humid
2016-12-23 19:00:00,Panther_lodging_Marisol,139.0268,21.1,2.0,16.7,1024.6,3.1,19,5,12,358,18667.3,2007.0,Hot-Humid
2016-12-23 20:00:00,Panther_lodging_Marisol,143.1776,21.1,0.0,16.7,1025.0,3.1,20,5,12,358,18667.3,2007.0,Hot-Humid
2016-12-23 21:00:00,Panther_lodging_Marisol,145.378,20.6,0.0,16.7,1025.0,3.1,21,5,12,358,18667.3,2007.0,Hot-Humid
2016-12-23 22:00:00,Panther_lodging_Marisol,144.928,20.0,0.0,16.7,1025.0,3.1,22,5,12,358,18667.3,2007.0,Hot-Humid
2016-12-23 23:00:00,Panther_lodging_Marisol,131.4754,19.4,2.0,16.7,1025.3,3.1,23,5,12,358,18667.3,2007.0,Hot-Humid
2016-12-24 00:00:00,Panther_lodging_Marisol,141.6273,18.3,2.0,16.7,1024.9,2.6,0,6,12,359,18667.3,2007.0,Hot-Humid
2016-12-24 01:00:00,Panther_lodging_Marisol,144.97799999999995,18.3,0.0,16.1,1024.4,1.5,1,6,12,359,18667.3,2007.0,Hot-Humid
2016-12-24 02:00:00,Panther_lodging_Marisol,144.3779,17.2,0.0,15.6,1023.9,2.1,2,6,12,359,18667.3,2007.0,Hot-Humid
2016-12-24 03:00:00,Panther_lodging_Marisol,133.6758,17.2,0.0,15.6,1023.8,1.5,3,6,12,359,18667.3,2007.0,Hot-Humid
2016-12-24 04:00:00,Panther_lodging_Marisol,140.6772,16.7,0.0,15.6,1023.7,2.1,4,6,12,359,18667.3,2007.0,Hot-Humid
2016-12-24 05:00:00,Panther_lodging_Marisol,148.9287,16.1,0.0,15.6,1023.7,2.6,5,6,12,359,18667.3,2007.0,Hot-Humid
2016-12-24 06:00:00,Panther_lodging_Marisol,129.575,16.1,0.0,15.6,1024.0,2.1,6,6,12,359,18667.3,2007.0,Hot-Humid
2016-12-24 07:00:00,Panther_lodging_Marisol,136.3763,16.1,2.0,15.0,1024.5,3.1,7,6,12,359,18667.3,2007.0,Hot-Humid
2016-12-24 08:00:00,Panther_lodging_Marisol,139.827,17.8,2.0,16.7,1024.8,2.6,8,6,12,359,18667.3,2007.0,Hot-Humid
2016-12-24 09:00:00,Panther_lodging_Marisol,136.0262,20.0,2.0,17.2,1025.2,2.6,9,6,12,359,18667.3,2007.0,Hot-Humid
2016-12-24 10:00:00,Panther_lodging_Marisol,127.3246,22.8,2.0,18.3,1025.6,2.1,10,6,12,359,18667.3,2007.0,Hot-Humid
2016-12-24 11:00:00,Panther_lodging_Marisol,139.67700000000002,25.0,2.0,18.9,1025.4,2.6,11,6,12,359,18667.3,2007.0,Hot-Humid
2016-12-24 12:00:00,Panther_lodging_Marisol,134.626,26.7,4.0,18.9,1024.8,2.1,12,6,12,359,18667.3,2007.0,Hot-Humid
2016-12-24 13:00:00,Panther_lodging_Marisol,136.3763,26.1,6.0,18.3,1024.1,2.1,13,6,12,359,18667.3,2007.0,Hot-Humid
2016-12-24 14:00:00,Panther_lodging_Marisol,126.9745,26.1,5.333333333333333,18.9,1023.6,4.6,14,6,12,359,18667.3,2007.0,Hot-Humid
2016-12-24 15:00:00,Panther_lodging_Marisol,138.2267,26.7,4.666666666666667,18.3,1023.2,3.1,15,6,12,359,18667.3,2007.0,Hot-Humid
2016-12-24 16:00:00,Panther_lodging_Marisol,139.6269,27.2,4.0,18.3,1023.0,4.1,16,6,12,359,18667.3,2007.0,Hot-Humid
2016-12-24 17:00:00,Panther_lodging_Marisol,138.0767,26.1,2.0,18.3,1023.3,4.1,17,6,12,359,18667.3,2007.0,Hot-Humid
2016-12-24 18:00:00,Panther_lodging_Marisol,144.2778,23.3,2.0,18.9,1023.6,4.6,18,6,12,359,18667.3,2007.0,Hot-Humid
2016-12-24 19:00:00,Panther_lodging_Marisol,127.9247,22.2,0.0,18.3,1024.2,4.1,19,6,12,359,18667.3,2007.0,Hot-Humid
2016-12-24 20:00:00,Panther_lodging_Marisol,131.3253,21.1,2.0,18.3,1024.5,5.1,20,6,12,359,18667.3,2007.0,Hot-Humid
2016-12-24 21:00:00,Panther_lodging_Marisol,137.3765,20.6,2.0,18.3,1024.8,4.1,21,6,12,359,18667.3,2007.0,Hot-Humid
2016-12-24 22:00:00,Panther_lodging_Marisol,137.3265,19.4,2.0,18.3,1024.9,1.5,22,6,12,359,18667.3,2007.0,Hot-Humid
2016-12-24 23:00:00,Panther_lodging_Marisol,133.4758,19.4,2.0,18.3,1025.1,2.1,23,6,12,359,18667.3,2007.0,Hot-Humid
2016-12-25 00:00:00,Panther_lodging_Marisol,139.0268,18.9,2.0,17.8,1024.8,2.1,0,7,12,360,18667.3,2007.0,Hot-Humid
2016-12-25 01:00:00,Panther_lodging_Marisol,133.9259,18.9,2.0,17.8,1024.4,2.1,1,7,12,360,18667.3,2007.0,Hot-Humid
2016-12-25 02:00:00,Panther_lodging_Marisol,129.625,18.3,2.0,17.8,1024.4,1.5,2,7,12,360,18667.3,2007.0,Hot-Humid
2016-12-25 03:00:00,Panther_lodging_Marisol,132.0755,18.3,2.0,17.8,1024.0,0.0,3,7,12,360,18667.3,2007.0,Hot-Humid
2016-12-25 04:00:00,Panther_lodging_Marisol,127.8247,17.8,2.0,17.2,1023.7,0.0,4,7,12,360,18667.3,2007.0,Hot-Humid
2016-12-25 05:00:00,Panther_lodging_Marisol,143.3277,17.8,2.0,17.2,1023.7,0.0,5,7,12,360,18667.3,2007.0,Hot-Humid
2016-12-25 06:00:00,Panther_lodging_Marisol,128.5748,18.3,2.0,17.8,1024.0,2.1,6,7,12,360,18667.3,2007.0,Hot-Humid
2016-12-25 07:00:00,Panther_lodging_Marisol,147.2784,19.4,4.0,18.3,1024.6,2.1,7,7,12,360,18667.3,2007.0,Hot-Humid
2016-12-25 08:00:00,Panther_lodging_Marisol,130.8753,20.0,2.0,18.9,1025.1,3.6,8,7,12,360,18667.3,2007.0,Hot-Humid
2016-12-25 09:00:00,Panther_lodging_Marisol,132.5256,22.2,2.0,20.0,1025.5,2.6,9,7,12,360,18667.3,2007.0,Hot-Humid
2016-12-25 10:00:00,Panther_lodging_Marisol,135.4761,24.4,2.0,20.6,1026.0,2.6,10,7,12,360,18667.3,2007.0,Hot-Humid
2016-12-25 11:00:00,Panther_lodging_Marisol,129.1749,26.1,3.0,20.0,1025.8,3.6,11,7,12,360,18667.3,2007.0,Hot-Humid
2016-12-25 12:00:00,Panther_lodging_Marisol,133.6758,26.7,4.0,18.9,1025.3,3.6,12,7,12,360,18667.3,2007.0,Hot-Humid
2016-12-25 13:00:00,Panther_lodging_Marisol,134.576,26.7,6.0,18.9,1024.4,3.6,13,7,12,360,18667.3,2007.0,Hot-Humid
2016-12-25 14:00:00,Panther_lodging_Marisol,129.9751,27.2,5.666666666666667,18.9,1023.7,5.1,14,7,12,360,18667.3,2007.0,Hot-Humid
2016-12-25 15:00:00,Panther_lodging_Marisol,131.8254,26.7,5.333333333333333,18.9,1023.5,6.2,15,7,12,360,18667.3,2007.0,Hot-Humid
2016-12-25 16:00:00,Panther_lodging_Marisol,127.8747,27.2,5.0,18.3,1023.6,7.2,16,7,12,360,18667.3,2007.0,Hot-Humid
2016-12-25 17:00:00,Panther_lodging_Marisol,136.1263,25.6,5.0,18.9,1024.3,5.7,17,7,12,360,18667.3,2007.0,Hot-Humid
2016-12-25 18:00:00,Panther_lodging_Marisol,137.3265,23.9,5.0,18.3,1024.8,4.1,18,7,12,360,18667.3,2007.0,Hot-Humid
2016-12-25 19:00:00,Panther_lodging_Marisol,130.1751,23.3,4.0,18.9,1025.4,4.1,19,7,12,360,18667.3,2007.0,Hot-Humid
2016-12-25 20:00:00,Panther_lodging_Marisol,134.2259,21.7,2.0,18.3,1025.9,3.1,20,7,12,360,18667.3,2007.0,Hot-Humid
2016-12-25 21:00:00,Panther_lodging_Marisol,137.2765,21.1,0.0,18.9,1026.3,3.1,21,7,12,360,18667.3,2007.0,Hot-Humid
2016-12-25 22:00:00,Panther_lodging_Marisol,141.1272,20.6,2.0,18.9,1026.9,2.6,22,7,12,360,18667.3,2007.0,Hot-Humid
2016-12-25 23:00:00,Panther_lodging_Marisol,136.5263,20.6,2.0,18.9,1026.8,3.1,23,7,12,360,18667.3,2007.0,Hot-Humid
2016-12-26 00:00:00,Panther_lodging_Marisol,123.5739,21.1,4.0,18.9,1026.4,4.1,0,1,12,361,18667.3,2007.0,Hot-Humid
2016-12-26 01:00:00,Panther_lodging_Marisol,151.6793,21.1,6.0,18.9,1026.1,2.6,1,1,12,361,18667.3,2007.0,Hot-Humid
2016-12-26 02:00:00,Panther_lodging_Marisol,143.4777,20.0,2.0,18.9,1026.3,2.1,2,1,12,361,18667.3,2007.0,Hot-Humid
2016-12-26 03:00:00,Panther_lodging_Marisol,132.9757,19.4,2.0,18.3,1025.7,2.6,3,1,12,361,18667.3,2007.0,Hot-Humid
2016-12-26 04:00:00,Panther_lodging_Marisol,142.7775,21.1,2.0,19.4,1025.4,2.1,4,1,12,361,18667.3,2007.0,Hot-Humid
2016-12-26 05:00:00,Panther_lodging_Marisol,136.3763,20.0,2.0,18.9,1025.3,2.6,5,1,12,361,18667.3,2007.0,Hot-Humid
2016-12-26 06:00:00,Panther_lodging_Marisol,140.1771,20.0,0.0,18.9,1025.7,2.1,6,1,12,361,18667.3,2007.0,Hot-Humid
2016-12-26 07:00:00,Panther_lodging_Marisol,132.9257,20.0,2.0,18.3,1026.2,2.6,7,1,12,361,18667.3,2007.0,Hot-Humid
2016-12-26 08:00:00,Panther_lodging_Marisol,140.7772,20.6,4.0,18.9,1026.8,2.6,8,1,12,361,18667.3,2007.0,Hot-Humid
2016-12-26 09:00:00,Panther_lodging_Marisol,123.8239,22.2,4.0,19.4,1027.4,2.6,9,1,12,361,18667.3,2007.0,Hot-Humid
2016-12-26 10:00:00,Panther_lodging_Marisol,137.6266,25.0,4.0,19.4,1028.2,3.6,10,1,12,361,18667.3,2007.0,Hot-Humid
2016-12-26 11:00:00,Panther_lodging_Marisol,129.525,26.7,4.666666666666667,19.4,1028.2,5.1,11,1,12,361,18667.3,2007.0,Hot-Humid
2016-12-26 12:00:00,Panther_lodging_Marisol,146.9284,26.7,5.333333333333333,17.8,1027.5,6.7,12,1,12,361,18667.3,2007.0,Hot-Humid
2016-12-26 13:00:00,Panther_lodging_Marisol,147.1284,26.7,6.0,17.8,1026.3,6.2,13,1,12,361,18667.3,2007.0,Hot-Humid
2016-12-26 14:00:00,Panther_lodging_Marisol,134.876,22.2,6.333333333333333,20.6,1025.9,4.6,14,1,12,361,18667.3,2007.0,Hot-Humid
2016-12-26 15:00:00,Panther_lodging_Marisol,133.9259,22.8,6.666666666666667,20.6,1025.4,1.5,15,1,12,361,18667.3,2007.0,Hot-Humid
2016-12-26 16:00:00,Panther_lodging_Marisol,128.8249,25.6,7.0,20.6,1025.2,2.6,16,1,12,361,18667.3,2007.0,Hot-Humid
2016-12-26 17:00:00,Panther_lodging_Marisol,133.6758,24.4,7.0,18.3,1025.5,5.1,17,1,12,361,18667.3,2007.0,Hot-Humid
2016-12-26 18:00:00,Panther_lodging_Marisol,140.4771,23.3,7.0,18.9,1025.7,3.6,18,1,12,361,18667.3,2007.0,Hot-Humid
2016-12-26 19:00:00,Panther_lodging_Marisol,135.026,23.3,8.0,19.4,1026.2,1.5,19,1,12,361,18667.3,2007.0,Hot-Humid
2016-12-26 20:00:00,Panther_lodging_Marisol,140.2771,22.8,6.0,19.4,1026.5,2.6,20,1,12,361,18667.3,2007.0,Hot-Humid
2016-12-26 21:00:00,Panther_lodging_Marisol,130.6252,21.1,4.0,18.9,1026.7,2.6,21,1,12,361,18667.3,2007.0,Hot-Humid
2016-12-26 22:00:00,Panther_lodging_Marisol,136.4263,20.6,0.0,18.9,1026.9,1.5,22,1,12,361,18667.3,2007.0,Hot-Humid
2016-12-26 23:00:00,Panther_lodging_Marisol,138.7268,19.4,0.0,18.3,1026.4,2.1,23,1,12,361,18667.3,2007.0,Hot-Humid
2016-12-27 00:00:00,Panther_lodging_Marisol,136.1763,19.4,0.0,18.3,1026.0,1.5,0,2,12,362,18667.3,2007.0,Hot-Humid
2016-12-27 01:00:00,Panther_lodging_Marisol,128.2247,19.4,2.0,18.3,1025.5,1.5,1,2,12,362,18667.3,2007.0,Hot-Humid
2016-12-27 02:00:00,Panther_lodging_Marisol,126.9245,18.9,2.0,17.8,1025.3,1.5,2,2,12,362,18667.3,2007.0,Hot-Humid
2016-12-27 03:00:00,Panther_lodging_Marisol,124.8741,18.9,2.0,17.8,1024.9,2.1,3,2,12,362,18667.3,2007.0,Hot-Humid
2016-12-27 04:00:00,Panther_lodging_Marisol,142.0274,18.3,2.0,17.2,1024.9,2.1,4,2,12,362,18667.3,2007.0,Hot-Humid
2016-12-27 05:00:00,Panther_lodging_Marisol,126.6244,17.2,2.0,16.7,1024.6,2.6,5,2,12,362,18667.3,2007.0,Hot-Humid
2016-12-27 06:00:00,Panther_lodging_Marisol,135.6762,17.2,0.0,16.7,1024.7,2.1,6,2,12,362,18667.3,2007.0,Hot-Humid
2016-12-27 07:00:00,Panther_lodging_Marisol,147.8785,17.8,2.0,17.2,1024.9,1.5,7,2,12,362,18667.3,2007.0,Hot-Humid
2016-12-27 08:00:00,Panther_lodging_Marisol,138.2267,18.3,2.0,17.8,1025.2,0.0,8,2,12,362,18667.3,2007.0,Hot-Humid
2016-12-27 09:00:00,Panther_lodging_Marisol,141.9774,21.1,2.0,18.9,1025.2,0.0,9,2,12,362,18667.3,2007.0,Hot-Humid
2016-12-27 10:00:00,Panther_lodging_Marisol,140.4271,24.4,2.0,20.0,1025.3,0.0,10,2,12,362,18667.3,2007.0,Hot-Humid
2016-12-27 11:00:00,Panther_lodging_Marisol,132.4756,25.6,4.0,18.9,1025.1,1.5,11,2,12,362,18667.3,2007.0,Hot-Humid
2016-12-27 12:00:00,Panther_lodging_Marisol,148.7787,26.1,4.0,17.8,1024.0,1.5,12,2,12,362,18667.3,2007.0,Hot-Humid
2016-12-27 13:00:00,Panther_lodging_Marisol,146.4283,26.7,4.0,17.8,1023.0,2.1,13,2,12,362,18667.3,2007.0,Hot-Humid
2016-12-27 14:00:00,Panther_lodging_Marisol,151.0292,27.8,4.0,17.2,1021.9,1.5,14,2,12,362,18667.3,2007.0,Hot-Humid
2016-12-27 15:00:00,Panther_lodging_Marisol,148.8787,27.2,4.0,16.7,1021.5,1.5,15,2,12,362,18667.3,2007.0,Hot-Humid
2016-12-27 16:00:00,Panther_lodging_Marisol,140.3771,27.2,4.0,16.7,1021.2,0.0,16,2,12,362,18667.3,2007.0,Hot-Humid
2016-12-27 17:00:00,Panther_lodging_Marisol,136.7264,27.2,4.0,16.1,1020.8,1.5,17,2,12,362,18667.3,2007.0,Hot-Humid
2016-12-27 18:00:00,Panther_lodging_Marisol,141.8274,24.4,3.0,19.4,1021.5,5.1,18,2,12,362,18667.3,2007.0,Hot-Humid
2016-12-27 19:00:00,Panther_lodging_Marisol,163.1815,22.8,2.0,19.4,1021.7,3.6,19,2,12,362,18667.3,2007.0,Hot-Humid
2016-12-27 20:00:00,Panther_lodging_Marisol,141.4273,21.7,2.0,19.4,1022.3,2.6,20,2,12,362,18667.3,2007.0,Hot-Humid
2016-12-27 21:00:00,Panther_lodging_Marisol,148.1786,20.6,4.0,19.4,1022.5,2.1,21,2,12,362,18667.3,2007.0,Hot-Humid
2016-12-27 22:00:00,Panther_lodging_Marisol,145.278,20.6,2.0,19.4,1022.2,2.6,22,2,12,362,18667.3,2007.0,Hot-Humid
2016-12-27 23:00:00,Panther_lodging_Marisol,153.5796,20.6,3.333333333333333,20.0,1022.3,0.0,23,2,12,362,18667.3,2007.0,Hot-Humid
2016-12-28 00:00:00,Panther_lodging_Marisol,145.4281,20.6,4.666666666666666,19.4,1022.0,0.0,0,3,12,363,18667.3,2007.0,Hot-Humid
2016-12-28 01:00:00,Panther_lodging_Marisol,147.8785,21.1,6.0,19.4,1021.6,0.0,1,3,12,363,18667.3,2007.0,Hot-Humid
2016-12-28 02:00:00,Panther_lodging_Marisol,132.2755,20.0,4.0,18.9,1021.4,0.0,2,3,12,363,18667.3,2007.0,Hot-Humid
2016-12-28 03:00:00,Panther_lodging_Marisol,147.3784,19.4,4.0,18.9,1021.3,0.0,3,3,12,363,18667.3,2007.0,Hot-Humid
2016-12-28 04:00:00,Panther_lodging_Marisol,139.6269,19.4,3.0,18.3,1020.9,0.0,4,3,12,363,18667.3,2007.0,Hot-Humid
2016-12-28 05:00:00,Panther_lodging_Marisol,136.8264,18.3,2.0,17.8,1020.7,0.0,5,3,12,363,18667.3,2007.0,Hot-Humid
2016-12-28 06:00:00,Panther_lodging_Marisol,138.8768,18.9,2.0,18.3,1020.9,0.0,6,3,12,363,18667.3,2007.0,Hot-Humid
2016-12-28 07:00:00,Panther_lodging_Marisol,137.7266,18.3,4.0,17.8,1021.4,0.0,7,3,12,363,18667.3,2007.0,Hot-Humid
2016-12-28 08:00:00,Panther_lodging_Marisol,142.7775,18.9,4.0,18.3,1021.9,0.0,8,3,12,363,18667.3,2007.0,Hot-Humid
2016-12-28 09:00:00,Panther_lodging_Marisol,144.5779,20.6,4.0,18.9,1022.2,1.5,9,3,12,363,18667.3,2007.0,Hot-Humid
2016-12-28 10:00:00,Panther_lodging_Marisol,149.2288,23.3,2.0,18.9,1022.4,1.5,10,3,12,363,18667.3,2007.0,Hot-Humid
2016-12-28 11:00:00,Panther_lodging_Marisol,142.5775,25.0,2.0,18.3,1022.2,0.0,11,3,12,363,18667.3,2007.0,Hot-Humid
2016-12-28 12:00:00,Panther_lodging_Marisol,148.1286,26.1,2.0,17.2,1021.3,2.1,12,3,12,363,18667.3,2007.0,Hot-Humid
2016-12-28 13:00:00,Panther_lodging_Marisol,136.4763,27.2,4.0,16.7,1020.0,0.0,13,3,12,363,18667.3,2007.0,Hot-Humid
2016-12-28 14:00:00,Panther_lodging_Marisol,155.9801,27.2,4.0,15.6,1019.3,3.1,14,3,12,363,18667.3,2007.0,Hot-Humid
2016-12-28 15:00:00,Panther_lodging_Marisol,151.0292,27.8,2.0,15.0,1018.8,2.6,15,3,12,363,18667.3,2007.0,Hot-Humid
2016-12-28 16:00:00,Panther_lodging_Marisol,136.4763,27.8,2.0,15.0,1018.7,3.1,16,3,12,363,18667.3,2007.0,Hot-Humid
2016-12-28 17:00:00,Panther_lodging_Marisol,152.2794,27.2,2.0,15.0,1018.8,3.1,17,3,12,363,18667.3,2007.0,Hot-Humid
2016-12-28 18:00:00,Panther_lodging_Marisol,146.9784,23.9,2.0,16.1,1019.1,2.1,18,3,12,363,18667.3,2007.0,Hot-Humid
2016-12-28 19:00:00,Panther_lodging_Marisol,144.3779,23.3,0.0,15.6,1019.5,2.1,19,3,12,363,18667.3,2007.0,Hot-Humid
2016-12-28 20:00:00,Panther_lodging_Marisol,142.9276,21.7,0.0,17.2,1019.8,3.1,20,3,12,363,18667.3,2007.0,Hot-Humid
2016-12-28 21:00:00,Panther_lodging_Marisol,157.0803,20.6,4.0,18.3,1020.5,2.6,21,3,12,363,18667.3,2007.0,Hot-Humid
2016-12-28 22:00:00,Panther_lodging_Marisol,139.827,21.1,2.0,18.3,1020.5,0.0,22,3,12,363,18667.3,2007.0,Hot-Humid
2016-12-28 23:00:00,Panther_lodging_Marisol,146.2782,19.4,0.0,17.8,1020.5,0.0,23,3,12,363,18667.3,2007.0,Hot-Humid
2016-12-29 00:00:00,Panther_lodging_Marisol,140.6772,18.3,0.0,17.2,1020.0,0.0,0,4,12,364,18667.3,2007.0,Hot-Humid
2016-12-29 01:00:00,Panther_lodging_Marisol,145.6281,18.9,2.0,17.8,1019.5,0.0,1,4,12,364,18667.3,2007.0,Hot-Humid
2016-12-29 02:00:00,Panther_lodging_Marisol,135.8762,18.3,2.0,17.2,1018.8,0.0,2,4,12,364,18667.3,2007.0,Hot-Humid
2016-12-29 03:00:00,Panther_lodging_Marisol,145.128,16.7,9.0,16.7,1018.25,0.0,3,4,12,364,18667.3,2007.0,Hot-Humid
2016-12-29 04:00:00,Panther_lodging_Marisol,143.5277,17.2,6.666666666666666,16.7,1017.7,2.1,4,4,12,364,18667.3,2007.0,Hot-Humid
2016-12-29 05:00:00,Panther_lodging_Marisol,140.127,17.2,4.333333333333333,17.2,1017.4,2.1,5,4,12,364,18667.3,2007.0,Hot-Humid
2016-12-29 06:00:00,Panther_lodging_Marisol,138.6768,17.8,2.0,17.2,1018.0,1.5,6,4,12,364,18667.3,2007.0,Hot-Humid
2016-12-29 07:00:00,Panther_lodging_Marisol,147.3784,17.8,4.0,16.1,1018.4,0.0,7,4,12,364,18667.3,2007.0,Hot-Humid
2016-12-29 08:00:00,Panther_lodging_Marisol,145.4281,17.8,2.0,16.1,1019.3,0.0,8,4,12,364,18667.3,2007.0,Hot-Humid
2016-12-29 09:00:00,Panther_lodging_Marisol,146.4283,20.0,4.0,16.7,1019.6,2.1,9,4,12,364,18667.3,2007.0,Hot-Humid
2016-12-29 10:00:00,Panther_lodging_Marisol,137.8766,23.3,2.0,16.1,1019.6,3.6,10,4,12,364,18667.3,2007.0,Hot-Humid
2016-12-29 11:00:00,Panther_lodging_Marisol,134.776,25.0,2.0,16.7,1019.4,5.7,11,4,12,364,18667.3,2007.0,Hot-Humid
2016-12-29 12:00:00,Panther_lodging_Marisol,133.3757,26.1,2.0,16.7,1018.2,5.1,12,4,12,364,18667.3,2007.0,Hot-Humid
2016-12-29 13:00:00,Panther_lodging_Marisol,148.0286,26.7,4.0,16.1,1016.7,6.2,13,4,12,364,18667.3,2007.0,Hot-Humid
2016-12-29 14:00:00,Panther_lodging_Marisol,139.1268,26.7,4.333333333333333,16.1,1015.6,5.1,14,4,12,364,18667.3,2007.0,Hot-Humid
2016-12-29 15:00:00,Panther_lodging_Marisol,131.7754,27.2,4.666666666666667,16.7,1014.7,6.2,15,4,12,364,18667.3,2007.0,Hot-Humid
2016-12-29 16:00:00,Panther_lodging_Marisol,136.1763,26.1,5.0,15.6,1014.8,7.2,16,4,12,364,18667.3,2007.0,Hot-Humid
2016-12-29 17:00:00,Panther_lodging_Marisol,123.4738,25.6,5.0,15.6,1015.5,5.1,17,4,12,364,18667.3,2007.0,Hot-Humid
2016-12-29 18:00:00,Panther_lodging_Marisol,145.5781,23.9,5.0,16.7,1015.9,3.6,18,4,12,364,18667.3,2007.0,Hot-Humid
2016-12-29 19:00:00,Panther_lodging_Marisol,137.4765,23.3,6.0,17.2,1016.4,3.6,19,4,12,364,18667.3,2007.0,Hot-Humid
2016-12-29 20:00:00,Panther_lodging_Marisol,142.9276,22.8,6.0,17.8,1016.7,4.1,20,4,12,364,18667.3,2007.0,Hot-Humid
2016-12-29 21:00:00,Panther_lodging_Marisol,151.9793,22.8,6.0,18.3,1017.1,5.1,21,4,12,364,18667.3,2007.0,Hot-Humid
2016-12-29 22:00:00,Panther_lodging_Marisol,155.18,16.7,6.0,13.3,1018.5,5.1,22,4,12,364,18667.3,2007.0,Hot-Humid
2016-12-29 23:00:00,Panther_lodging_Marisol,142.4775,17.2,6.0,12.8,1019.1,5.1,23,4,12,364,18667.3,2007.0,Hot-Humid
2016-12-30 00:00:00,Panther_lodging_Marisol,145.9282,16.7,6.0,7.8,1019.3,8.2,0,5,12,365,18667.3,2007.0,Hot-Humid
2016-12-30 01:00:00,Panther_lodging_Marisol,154.3298,15.6,6.0,4.4,1019.7,8.2,1,5,12,365,18667.3,2007.0,Hot-Humid
2016-12-30 02:00:00,Panther_lodging_Marisol,153.1295,13.9,5.666666666666667,2.2,1020.4,10.3,2,5,12,365,18667.3,2007.0,Hot-Humid
2016-12-30 03:00:00,Panther_lodging_Marisol,159.0807,13.3,5.333333333333333,-1.1,1021.2,7.2,3,5,12,365,18667.3,2007.0,Hot-Humid
2016-12-30 04:00:00,Panther_lodging_Marisol,163.7816,12.2,5.0,-2.2,1021.7,8.2,4,5,12,365,18667.3,2007.0,Hot-Humid
2016-12-30 05:00:00,Panther_lodging_Marisol,164.5318,11.7,5.0,-3.9,1022.2,7.7,5,5,12,365,18667.3,2007.0,Hot-Humid
2016-12-30 06:00:00,Panther_lodging_Marisol,170.0828,10.6,5.0,-3.9,1022.7,6.7,6,5,12,365,18667.3,2007.0,Hot-Humid
2016-12-30 07:00:00,Panther_lodging_Marisol,184.3856,10.0,4.0,-3.9,1023.3,7.7,7,5,12,365,18667.3,2007.0,Hot-Humid
2016-12-30 08:00:00,Panther_lodging_Marisol,181.435,8.9,4.0,-4.4,1024.6,7.7,8,5,12,365,18667.3,2007.0,Hot-Humid
2016-12-30 09:00:00,Panther_lodging_Marisol,146.3282,10.0,4.4,-3.9,1025.4,7.7,9,5,12,365,18667.3,2007.0,Hot-Humid
2016-12-30 10:00:00,Panther_lodging_Marisol,86.7167,11.1,4.8,-5.0,1025.9,7.7,10,5,12,365,18667.3,2007.0,Hot-Humid
2016-12-30 11:00:00,Panther_lodging_Marisol,85.6165,12.2,5.2,-5.6,1026.0,6.2,11,5,12,365,18667.3,2007.0,Hot-Humid
2016-12-30 12:00:00,Panther_lodging_Marisol,154.3798,13.9,5.2,-6.1,1024.8,4.6,12,5,12,365,18667.3,2007.0,Hot-Humid
2016-12-30 13:00:00,Panther_lodging_Marisol,172.4333,14.4,6.0,-6.1,1024.0,4.6,13,5,12,365,18667.3,2007.0,Hot-Humid
2016-12-30 14:00:00,Panther_lodging_Marisol,147.7285,14.4,6.0,-6.1,1023.5,6.2,14,5,12,365,18667.3,2007.0,Hot-Humid
2016-12-30 15:00:00,Panther_lodging_Marisol,156.5802,13.9,6.0,-7.2,1023.3,6.2,15,5,12,365,18667.3,2007.0,Hot-Humid
2016-12-30 16:00:00,Panther_lodging_Marisol,157.2804,14.4,6.0,-6.7,1023.3,5.7,16,5,12,365,18667.3,2007.0,Hot-Humid
2016-12-30 17:00:00,Panther_lodging_Marisol,160.0309,12.8,6.0,-5.0,1023.6,2.6,17,5,12,365,18667.3,2007.0,Hot-Humid
2016-12-30 18:00:00,Panther_lodging_Marisol,167.6824,11.1,6.0,-5.0,1023.7,2.1,18,5,12,365,18667.3,2007.0,Hot-Humid
2016-12-30 19:00:00,Panther_lodging_Marisol,162.1313,10.0,6.0,-2.8,1024.0,1.5,19,5,12,365,18667.3,2007.0,Hot-Humid
2016-12-30 20:00:00,Panther_lodging_Marisol,183.6854,10.0,6.0,-2.2,1024.3,2.1,20,5,12,365,18667.3,2007.0,Hot-Humid
2016-12-30 21:00:00,Panther_lodging_Marisol,158.7807,8.3,6.0,-0.6,1024.7,3.6,21,5,12,365,18667.3,2007.0,Hot-Humid
2016-12-30 22:00:00,Panther_lodging_Marisol,172.6333,8.3,6.0,-1.1,1024.8,3.1,22,5,12,365,18667.3,2007.0,Hot-Humid
2016-12-30 23:00:00,Panther_lodging_Marisol,183.3854,8.3,6.0,-1.1,1025.3,2.6,23,5,12,365,18667.3,2007.0,Hot-Humid
2016-12-31 00:00:00,Panther_lodging_Marisol,172.4333,7.2,6.0,-1.1,1025.5,3.1,0,6,12,366,18667.3,2007.0,Hot-Humid
2016-12-31 01:00:00,Panther_lodging_Marisol,185.4358,6.1,6.0,-0.6,1025.3,3.6,1,6,12,366,18667.3,2007.0,Hot-Humid
2016-12-31 02:00:00,Panther_lodging_Marisol,180.7849,5.6,2.0,-0.6,1025.0,3.1,2,6,12,366,18667.3,2007.0,Hot-Humid
2016-12-31 03:00:00,Panther_lodging_Marisol,197.8382,6.1,4.0,0.0,1024.9,1.5,3,6,12,366,18667.3,2007.0,Hot-Humid
2016-12-31 04:00:00,Panther_lodging_Marisol,187.6862,5.6,2.0,-0.6,1024.4,3.1,4,6,12,366,18667.3,2007.0,Hot-Humid
2016-12-31 05:00:00,Panther_lodging_Marisol,193.4373,6.1,2.0,0.0,1023.8,2.1,5,6,12,366,18667.3,2007.0,Hot-Humid
2016-12-31 06:00:00,Panther_lodging_Marisol,195.9378,5.6,2.0,0.6,1024.0,2.6,6,6,12,366,18667.3,2007.0,Hot-Humid
2016-12-31 07:00:00,Panther_lodging_Marisol,189.0365,6.1,2.0,0.6,1024.2,2.6,7,6,12,366,18667.3,2007.0,Hot-Humid
2016-12-31 08:00:00,Panther_lodging_Marisol,184.2856,7.2,2.0,1.7,1024.6,2.6,8,6,12,366,18667.3,2007.0,Hot-Humid
2016-12-31 09:00:00,Panther_lodging_Marisol,164.9818,11.1,2.0,1.7,1024.8,2.6,9,6,12,366,18667.3,2007.0,Hot-Humid
2016-12-31 10:00:00,Panther_lodging_Marisol,144.2778,15.0,2.0,3.9,1025.1,2.1,10,6,12,366,18667.3,2007.0,Hot-Humid
2016-12-31 11:00:00,Panther_lodging_Marisol,121.7735,17.8,2.0,6.7,1024.9,0.0,11,6,12,366,18667.3,2007.0,Hot-Humid
2016-12-31 12:00:00,Panther_lodging_Marisol,120.6233,20.0,2.0,9.4,1023.9,3.6,12,6,12,366,18667.3,2007.0,Hot-Humid
2016-12-31 13:00:00,Panther_lodging_Marisol,117.6227,21.7,4.0,10.6,1022.7,5.1,13,6,12,366,18667.3,2007.0,Hot-Humid
2016-12-31 14:00:00,Panther_lodging_Marisol,114.4721,22.8,4.0,10.0,1021.7,5.7,14,6,12,366,18667.3,2007.0,Hot-Humid
2016-12-31 15:00:00,Panther_lodging_Marisol,109.7212,23.3,4.0,8.9,1021.0,4.1,15,6,12,366,18667.3,2007.0,Hot-Humid
2016-12-31 16:00:00,Panther_lodging_Marisol,121.2234,23.3,4.0,10.0,1021.1,4.1,16,6,12,366,18667.3,2007.0,Hot-Humid
2016-12-31 17:00:00,Panther_lodging_Marisol,119.323,22.8,4.0,10.0,1021.1,3.1,17,6,12,366,18667.3,2007.0,Hot-Humid
2016-12-31 18:00:00,Panther_lodging_Marisol,110.4713,20.6,4.0,10.0,1021.1,0.0,18,6,12,366,18667.3,2007.0,Hot-Humid
2016-12-31 19:00:00,Panther_lodging_Marisol,118.5729,17.8,4.0,11.7,1021.4,3.6,19,6,12,366,18667.3,2007.0,Hot-Humid
2016-12-31 20:00:00,Panther_lodging_Marisol,111.8716,17.8,2.0,12.8,1022.0,3.1,20,6,12,366,18667.3,2007.0,Hot-Humid
2016-12-31 21:00:00,Panther_lodging_Marisol,130.7252,16.1,0.0,12.8,1021.9,3.1,21,6,12,366,18667.3,2007.0,Hot-Humid
2016-12-31 22:00:00,Panther_lodging_Marisol,128.3748,17.2,0.0,13.3,1022.2,3.1,22,6,12,366,18667.3,2007.0,Hot-Humid
2016-12-31 23:00:00,Panther_lodging_Marisol,119.9732,16.7,2.0,13.3,1022.3,2.6,23,6,12,366,18667.3,2007.0,Hot-Humid
