timestamp,building_id,meter_reading,airTemperature,cloudCoverage,dewTemperature,seaLvlPressure,windSpeed,hour,day_of_week,month,day_of_year,sqm,yearbuilt,climate_zone
2016-01-01 00:00:00,Rat_lodging_Ben,232.36,7.2,8.0,0.0,1021.5,5.1,0,5,1,1,32516.0,1949.0,Mixed
2016-01-01 01:00:00,Rat_lodging_Ben,226.14,6.7,8.0,0.0,1021.1,3.6,1,5,1,1,32516.0,1949.0,Mixed
2016-01-01 02:00:00,Rat_lodging_Ben,223.37,5.6,7.333333333333333,0.0,1020.8,3.1,2,5,1,1,32516.0,1949.0,Mixed
2016-01-01 03:00:00,Rat_lodging_Ben,222.4,5.6,6.666666666666667,0.0,1021.1,3.6,3,5,1,1,32516.0,1949.0,Mixed
2016-01-01 04:00:00,Rat_lodging_Ben,221.37,5.6,6.0,-1.1,1020.7,3.1,4,5,1,1,32516.0,1949.0,Mixed
2016-01-01 05:00:00,Rat_lodging_Ben,227.22,5.6,6.666666666666667,-1.1,1020.5,3.6,5,5,1,1,32516.0,1949.0,Mixed
2016-01-01 06:00:00,Rat_lodging_Ben,256.84,5.6,7.333333333333333,-1.7,1020.7,4.6,6,5,1,1,32516.0,1949.0,Mixed
2016-01-01 07:00:00,Rat_lodging_Ben,274.31,5.0,8.0,-2.2,1021.0,3.1,7,5,1,1,32516.0,1949.0,Mixed
2016-01-01 08:00:00,Rat_lodging_Ben,270.55,5.0,8.0,-1.7,1021.0,4.1,8,5,1,1,32516.0,1949.0,Mixed
2016-01-01 09:00:00,Rat_lodging_Ben,273.32,5.0,8.0,-1.7,1021.4,3.1,9,5,1,1,32516.0,1949.0,Mixed
2016-01-01 10:00:00,Rat_lodging_Ben,275.59,5.6,8.0,-1.1,1021.5,4.6,10,5,1,1,32516.0,1949.0,Mixed
2016-01-01 11:00:00,Rat_lodging_Ben,277.31,6.7,8.0,-1.1,1021.4,4.1,11,5,1,1,32516.0,1949.0,Mixed
2016-01-01 12:00:00,Rat_lodging_Ben,281.71,7.2,8.0,-1.1,1020.2,3.6,12,5,1,1,32516.0,1949.0,Mixed
2016-01-01 13:00:00,Rat_lodging_Ben,269.3,7.8,8.0,-0.6,1019.5,5.7,13,5,1,1,32516.0,1949.0,Mixed
2016-01-01 14:00:00,Rat_lodging_Ben,257.61,7.2,8.0,-1.1,1018.9,5.1,14,5,1,1,32516.0,1949.0,Mixed
2016-01-01 15:00:00,Rat_lodging_Ben,244.35,7.2,8.0,-1.1,1018.8,3.1,15,5,1,1,32516.0,1949.0,Mixed
2016-01-01 16:00:00,Rat_lodging_Ben,245.12,6.7,8.0,-2.2,1018.6,3.1,16,5,1,1,32516.0,1949.0,Mixed
2016-01-01 17:00:00,Rat_lodging_Ben,249.11,6.1,6.666666666666667,-2.8,1019.1,3.1,17,5,1,1,32516.0,1949.0,Mixed
2016-01-01 18:00:00,Rat_lodging_Ben,252.88,5.0,5.333333333333334,-3.9,1019.4,3.1,18,5,1,1,32516.0,1949.0,Mixed
2016-01-01 19:00:00,Rat_lodging_Ben,255.26,4.4,4.0,-4.4,1020.3,4.6,19,5,1,1,32516.0,1949.0,Mixed
2016-01-01 20:00:00,Rat_lodging_Ben,261.69,3.9,0.0,-5.0,1020.6,3.6,20,5,1,1,32516.0,1949.0,Mixed
2016-01-01 21:00:00,Rat_lodging_Ben,261.7,3.9,0.0,-5.6,1020.8,5.7,21,5,1,1,32516.0,1949.0,Mixed
2016-01-01 22:00:00,Rat_lodging_Ben,259.55,3.3,0.0,-5.6,1021.0,3.1,22,5,1,1,32516.0,1949.0,Mixed
2016-01-01 23:00:00,Rat_lodging_Ben,239.43,3.3,2.0,-5.6,1020.9,2.1,23,5,1,1,32516.0,1949.0,Mixed
2016-01-02 00:00:00,Rat_lodging_Ben,238.32,2.8,2.0,-5.6,1020.6,2.6,0,6,1,2,32516.0,1949.0,Mixed
2016-01-02 01:00:00,Rat_lodging_Ben,230.92,2.2,2.0,-5.6,1020.8,3.1,1,6,1,2,32516.0,1949.0,Mixed
2016-01-02 02:00:00,Rat_lodging_Ben,222.92,2.2,0.0,-5.6,1020.9,2.6,2,6,1,2,32516.0,1949.0,Mixed
2016-01-02 03:00:00,Rat_lodging_Ben,223.57,1.1,2.0,-5.0,1020.8,2.1,3,6,1,2,32516.0,1949.0,Mixed
2016-01-02 04:00:00,Rat_lodging_Ben,219.61,0.6,2.0,-5.0,1020.7,2.1,4,6,1,2,32516.0,1949.0,Mixed
2016-01-02 05:00:00,Rat_lodging_Ben,221.24,0.6,0.0,-4.4,1020.5,2.6,5,6,1,2,32516.0,1949.0,Mixed
2016-01-02 06:00:00,Rat_lodging_Ben,232.72,0.6,0.0,-5.0,1020.8,2.6,6,6,1,2,32516.0,1949.0,Mixed
2016-01-02 07:00:00,Rat_lodging_Ben,256.14,0.6,2.0,-5.0,1021.1,2.1,7,6,1,2,32516.0,1949.0,Mixed
2016-01-02 08:00:00,Rat_lodging_Ben,258.61,1.1,2.0,-5.0,1021.6,3.1,8,6,1,2,32516.0,1949.0,Mixed
2016-01-02 09:00:00,Rat_lodging_Ben,272.53,3.3,2.0,-4.4,1022.0,2.6,9,6,1,2,32516.0,1949.0,Mixed
2016-01-02 10:00:00,Rat_lodging_Ben,274.5,4.4,0.0,-3.3,1022.3,2.6,10,6,1,2,32516.0,1949.0,Mixed
2016-01-02 11:00:00,Rat_lodging_Ben,276.16,6.1,0.0,-5.0,1021.9,3.6,11,6,1,2,32516.0,1949.0,Mixed
2016-01-02 12:00:00,Rat_lodging_Ben,272.07,7.2,0.0,-4.4,1020.5,3.6,12,6,1,2,32516.0,1949.0,Mixed
2016-01-02 13:00:00,Rat_lodging_Ben,270.5,7.8,0.0,-4.4,1019.1,4.6,13,6,1,2,32516.0,1949.0,Mixed
2016-01-02 14:00:00,Rat_lodging_Ben,270.35,8.9,0.0,-4.4,1018.2,4.6,14,6,1,2,32516.0,1949.0,Mixed
2016-01-02 15:00:00,Rat_lodging_Ben,263.81,8.9,0.0,-4.4,1017.4,4.1,15,6,1,2,32516.0,1949.0,Mixed
2016-01-02 16:00:00,Rat_lodging_Ben,263.88,8.9,0.0,-3.9,1017.2,3.6,16,6,1,2,32516.0,1949.0,Mixed
2016-01-02 17:00:00,Rat_lodging_Ben,261.94,7.8,0.0,-4.4,1017.4,3.6,17,6,1,2,32516.0,1949.0,Mixed
2016-01-02 18:00:00,Rat_lodging_Ben,251.94,6.7,0.0,-3.3,1017.5,3.6,18,6,1,2,32516.0,1949.0,Mixed
2016-01-02 19:00:00,Rat_lodging_Ben,251.35,6.1,0.0,-3.3,1017.4,2.6,19,6,1,2,32516.0,1949.0,Mixed
2016-01-02 20:00:00,Rat_lodging_Ben,253.46,6.1,0.0,-3.9,1017.1,1.5,20,6,1,2,32516.0,1949.0,Mixed
2016-01-02 21:00:00,Rat_lodging_Ben,255.19,5.6,0.0,-3.3,1016.7,2.1,21,6,1,2,32516.0,1949.0,Mixed
2016-01-02 22:00:00,Rat_lodging_Ben,254.59,5.0,0.0,-2.2,1016.6,2.1,22,6,1,2,32516.0,1949.0,Mixed
2016-01-02 23:00:00,Rat_lodging_Ben,232.36,4.4,0.0,-1.7,1016.6,0.0,23,6,1,2,32516.0,1949.0,Mixed
2016-01-03 00:00:00,Rat_lodging_Ben,231.71,3.3,0.0,0.0,1016.3,1.5,0,7,1,3,32516.0,1949.0,Mixed
2016-01-03 01:00:00,Rat_lodging_Ben,228.03,2.8,0.0,-0.6,1015.4,2.1,1,7,1,3,32516.0,1949.0,Mixed
2016-01-03 02:00:00,Rat_lodging_Ben,224.37,2.2,0.0,-1.7,1014.8,0.0,2,7,1,3,32516.0,1949.0,Mixed
2016-01-03 03:00:00,Rat_lodging_Ben,221.74,1.1,0.0,-1.7,1014.8,2.1,3,7,1,3,32516.0,1949.0,Mixed
2016-01-03 04:00:00,Rat_lodging_Ben,223.53,0.0,0.0,-2.2,1014.2,3.1,4,7,1,3,32516.0,1949.0,Mixed
2016-01-03 05:00:00,Rat_lodging_Ben,223.09,1.1,2.0,-1.1,1013.5,1.5,5,7,1,3,32516.0,1949.0,Mixed
2016-01-03 06:00:00,Rat_lodging_Ben,238.0,0.0,0.0,-2.8,1013.2,3.6,6,7,1,3,32516.0,1949.0,Mixed
2016-01-03 07:00:00,Rat_lodging_Ben,256.75,1.1,2.0,-2.2,1013.3,1.5,7,7,1,3,32516.0,1949.0,Mixed
2016-01-03 08:00:00,Rat_lodging_Ben,265.71,0.0,2.0,-3.3,1013.5,3.1,8,7,1,3,32516.0,1949.0,Mixed
2016-01-03 09:00:00,Rat_lodging_Ben,269.83,1.7,2.0,-1.1,1013.8,2.6,9,7,1,3,32516.0,1949.0,Mixed
2016-01-03 10:00:00,Rat_lodging_Ben,272.03,3.9,2.0,-2.2,1013.8,3.1,10,7,1,3,32516.0,1949.0,Mixed
2016-01-03 11:00:00,Rat_lodging_Ben,281.76,5.6,4.0,-0.6,1013.2,2.1,11,7,1,3,32516.0,1949.0,Mixed
2016-01-03 12:00:00,Rat_lodging_Ben,273.58,7.8,4.0,-0.6,1012.2,2.6,12,7,1,3,32516.0,1949.0,Mixed
2016-01-03 13:00:00,Rat_lodging_Ben,268.76,9.4,4.0,0.0,1011.3,5.1,13,7,1,3,32516.0,1949.0,Mixed
2016-01-03 14:00:00,Rat_lodging_Ben,277.89,10.6,4.0,-3.3,1010.5,2.6,14,7,1,3,32516.0,1949.0,Mixed
2016-01-03 15:00:00,Rat_lodging_Ben,269.23,11.7,4.0,-5.0,1010.5,1.5,15,7,1,3,32516.0,1949.0,Mixed
2016-01-03 16:00:00,Rat_lodging_Ben,264.67,11.1,4.0,-2.8,1010.8,4.1,16,7,1,3,32516.0,1949.0,Mixed
2016-01-03 17:00:00,Rat_lodging_Ben,258.69,9.4,4.0,-4.4,1011.6,4.1,17,7,1,3,32516.0,1949.0,Mixed
2016-01-03 18:00:00,Rat_lodging_Ben,247.02,8.3,2.0,-3.3,1013.2,8.8,18,7,1,3,32516.0,1949.0,Mixed
2016-01-03 19:00:00,Rat_lodging_Ben,257.86,5.0,2.0,-3.9,1015.0,8.8,19,7,1,3,32516.0,1949.0,Mixed
2016-01-03 20:00:00,Rat_lodging_Ben,272.63,3.9,2.0,-3.9,1015.3,6.7,20,7,1,3,32516.0,1949.0,Mixed
2016-01-03 21:00:00,Rat_lodging_Ben,280.09,3.3,2.0,-4.4,1015.8,4.1,21,7,1,3,32516.0,1949.0,Mixed
2016-01-03 22:00:00,Rat_lodging_Ben,280.84,2.8,2.0,-4.4,1016.0,3.6,22,7,1,3,32516.0,1949.0,Mixed
2016-01-03 23:00:00,Rat_lodging_Ben,259.1,2.8,2.0,-4.4,1015.8,3.6,23,7,1,3,32516.0,1949.0,Mixed
2016-01-04 00:00:00,Rat_lodging_Ben,248.32,2.2,4.0,-4.4,1015.6,3.6,0,1,1,4,32516.0,1949.0,Mixed
2016-01-04 01:00:00,Rat_lodging_Ben,244.06,1.7,4.0,-4.4,1015.1,3.1,1,1,1,4,32516.0,1949.0,Mixed
2016-01-04 02:00:00,Rat_lodging_Ben,244.71,1.7,4.0,-4.4,1014.9,2.1,2,1,1,4,32516.0,1949.0,Mixed
2016-01-04 03:00:00,Rat_lodging_Ben,240.42,2.2,2.0,-5.0,1014.9,2.1,3,1,1,4,32516.0,1949.0,Mixed
2016-01-04 04:00:00,Rat_lodging_Ben,240.26,1.1,2.0,-4.4,1015.2,3.6,4,1,1,4,32516.0,1949.0,Mixed
2016-01-04 05:00:00,Rat_lodging_Ben,247.51,1.7,2.0,-4.4,1015.6,4.6,5,1,1,4,32516.0,1949.0,Mixed
2016-01-04 06:00:00,Rat_lodging_Ben,258.78,1.1,4.0,-5.6,1016.6,4.1,6,1,1,4,32516.0,1949.0,Mixed
2016-01-04 07:00:00,Rat_lodging_Ben,300.4,1.1,6.0,-5.6,1017.3,4.6,7,1,1,4,32516.0,1949.0,Mixed
2016-01-04 08:00:00,Rat_lodging_Ben,300.44,1.7,5.0,-6.7,1017.9,7.2,8,1,1,4,32516.0,1949.0,Mixed
2016-01-04 09:00:00,Rat_lodging_Ben,316.74,0.6,4.0,-10.6,1019.1,10.8,9,1,1,4,32516.0,1949.0,Mixed
2016-01-04 10:00:00,Rat_lodging_Ben,319.96,1.1,6.0,-10.0,1019.6,7.2,10,1,1,4,32516.0,1949.0,Mixed
2016-01-04 11:00:00,Rat_lodging_Ben,327.95,2.2,2.0,-9.4,1020.1,8.2,11,1,1,4,32516.0,1949.0,Mixed
2016-01-04 12:00:00,Rat_lodging_Ben,320.74,2.8,4.0,-9.4,1019.7,9.3,12,1,1,4,32516.0,1949.0,Mixed
2016-01-04 13:00:00,Rat_lodging_Ben,317.33,2.2,4.0,-12.2,1019.5,10.3,13,1,1,4,32516.0,1949.0,Mixed
2016-01-04 14:00:00,Rat_lodging_Ben,314.86,3.3,4.0,-12.2,1019.4,9.3,14,1,1,4,32516.0,1949.0,Mixed
2016-01-04 15:00:00,Rat_lodging_Ben,317.17,2.8,4.0,-12.2,1020.1,10.3,15,1,1,4,32516.0,1949.0,Mixed
2016-01-04 16:00:00,Rat_lodging_Ben,319.09,1.1,6.0,-13.3,1021.5,8.2,16,1,1,4,32516.0,1949.0,Mixed
2016-01-04 17:00:00,Rat_lodging_Ben,319.2,0.0,4.0,-13.9,1022.7,10.8,17,1,1,4,32516.0,1949.0,Mixed
2016-01-04 18:00:00,Rat_lodging_Ben,305.32,-0.6,2.0,-15.0,1024.2,7.7,18,1,1,4,32516.0,1949.0,Mixed
2016-01-04 19:00:00,Rat_lodging_Ben,301.46,-1.1,2.0,-15.0,1025.5,9.3,19,1,1,4,32516.0,1949.0,Mixed
2016-01-04 20:00:00,Rat_lodging_Ben,282.46,-2.2,2.0,-15.0,1026.6,10.8,20,1,1,4,32516.0,1949.0,Mixed
2016-01-04 21:00:00,Rat_lodging_Ben,276.32,-2.8,2.0,-14.4,1027.5,9.3,21,1,1,4,32516.0,1949.0,Mixed
2016-01-04 22:00:00,Rat_lodging_Ben,263.95,-3.3,2.0,-15.6,1028.9,8.8,22,1,1,4,32516.0,1949.0,Mixed
2016-01-04 23:00:00,Rat_lodging_Ben,230.42,-4.4,0.0,-15.6,1030.2,8.2,23,1,1,4,32516.0,1949.0,Mixed
2016-01-05 00:00:00,Rat_lodging_Ben,226.73,-5.6,0.0,-16.7,1031.3,10.8,0,2,1,5,32516.0,1949.0,Mixed
2016-01-05 01:00:00,Rat_lodging_Ben,220.08,-6.7,0.0,-17.2,1032.0,10.3,1,2,1,5,32516.0,1949.0,Mixed
2016-01-05 02:00:00,Rat_lodging_Ben,215.4,-7.2,0.0,-17.2,1032.9,9.3,2,2,1,5,32516.0,1949.0,Mixed
2016-01-05 03:00:00,Rat_lodging_Ben,211.35,-8.3,0.0,-17.8,1033.7,8.2,3,2,1,5,32516.0,1949.0,Mixed
2016-01-05 04:00:00,Rat_lodging_Ben,211.15,-8.3,0.0,-17.2,1033.9,9.8,4,2,1,5,32516.0,1949.0,Mixed
2016-01-05 05:00:00,Rat_lodging_Ben,222.4,-8.9,0.0,-17.2,1034.5,6.7,5,2,1,5,32516.0,1949.0,Mixed
2016-01-05 06:00:00,Rat_lodging_Ben,240.04,-8.9,0.0,-16.7,1035.3,6.7,6,2,1,5,32516.0,1949.0,Mixed
2016-01-05 07:00:00,Rat_lodging_Ben,275.61,-8.9,0.0,-16.7,1036.0,7.2,7,2,1,5,32516.0,1949.0,Mixed
2016-01-05 08:00:00,Rat_lodging_Ben,281.07,-8.3,0.0,-16.1,1036.9,5.7,8,2,1,5,32516.0,1949.0,Mixed
2016-01-05 09:00:00,Rat_lodging_Ben,298.07,-7.2,0.0,-16.1,1037.6,6.7,9,2,1,5,32516.0,1949.0,Mixed
2016-01-05 10:00:00,Rat_lodging_Ben,322.34,-5.6,0.0,-16.1,1038.6,4.6,10,2,1,5,32516.0,1949.0,Mixed
2016-01-05 11:00:00,Rat_lodging_Ben,323.19,-3.9,0.0,-16.1,1039.0,4.6,11,2,1,5,32516.0,1949.0,Mixed
2016-01-05 12:00:00,Rat_lodging_Ben,319.91,-2.2,0.0,-15.6,1038.6,3.6,12,2,1,5,32516.0,1949.0,Mixed
2016-01-05 13:00:00,Rat_lodging_Ben,312.57,-1.1,0.0,-16.1,1037.8,2.6,13,2,1,5,32516.0,1949.0,Mixed
2016-01-05 14:00:00,Rat_lodging_Ben,316.35,0.6,0.0,-15.6,1037.1,3.6,14,2,1,5,32516.0,1949.0,Mixed
2016-01-05 15:00:00,Rat_lodging_Ben,319.47,0.6,0.0,-15.6,1036.9,3.1,15,2,1,5,32516.0,1949.0,Mixed
2016-01-05 16:00:00,Rat_lodging_Ben,315.34,0.6,0.0,-16.1,1037.4,1.5,16,2,1,5,32516.0,1949.0,Mixed
2016-01-05 17:00:00,Rat_lodging_Ben,314.07,0.0,0.0,-16.1,1037.6,1.5,17,2,1,5,32516.0,1949.0,Mixed
2016-01-05 18:00:00,Rat_lodging_Ben,309.59,-0.6,0.0,-15.0,1037.9,3.6,18,2,1,5,32516.0,1949.0,Mixed
2016-01-05 19:00:00,Rat_lodging_Ben,298.68,-1.1,0.0,-14.4,1038.4,3.6,19,2,1,5,32516.0,1949.0,Mixed
2016-01-05 20:00:00,Rat_lodging_Ben,306.01,-2.2,0.0,-14.4,1038.5,2.6,20,2,1,5,32516.0,1949.0,Mixed
2016-01-05 21:00:00,Rat_lodging_Ben,295.4,-2.2,0.0,-14.4,1038.4,2.6,21,2,1,5,32516.0,1949.0,Mixed
2016-01-05 22:00:00,Rat_lodging_Ben,284.96,-2.2,0.0,-13.3,1038.1,0.0,22,2,1,5,32516.0,1949.0,Mixed
2016-01-05 23:00:00,Rat_lodging_Ben,259.59,-2.8,0.0,-12.2,1037.9,1.5,23,2,1,5,32516.0,1949.0,Mixed
2016-01-06 00:00:00,Rat_lodging_Ben,251.08,-2.8,0.0,-11.1,1037.7,0.0,0,3,1,6,32516.0,1949.0,Mixed
2016-01-06 01:00:00,Rat_lodging_Ben,245.61,-4.4,0.0,-10.0,1037.4,0.0,1,3,1,6,32516.0,1949.0,Mixed
2016-01-06 02:00:00,Rat_lodging_Ben,239.85,-5.6,0.0,-10.6,1037.4,1.5,2,3,1,6,32516.0,1949.0,Mixed
2016-01-06 03:00:00,Rat_lodging_Ben,240.14,-5.6,0.0,-10.6,1037.4,2.1,3,3,1,6,32516.0,1949.0,Mixed
2016-01-06 04:00:00,Rat_lodging_Ben,242.92,-5.6,0.0,-10.0,1037.1,1.5,4,3,1,6,32516.0,1949.0,Mixed
2016-01-06 05:00:00,Rat_lodging_Ben,244.96,-5.6,0.0,-11.1,1036.9,0.0,5,3,1,6,32516.0,1949.0,Mixed
2016-01-06 06:00:00,Rat_lodging_Ben,260.0,-6.1,0.0,-10.0,1037.1,1.5,6,3,1,6,32516.0,1949.0,Mixed
2016-01-06 07:00:00,Rat_lodging_Ben,290.77,-5.6,1.3333333333333333,-10.6,1036.8,1.5,7,3,1,6,32516.0,1949.0,Mixed
2016-01-06 08:00:00,Rat_lodging_Ben,291.7,-5.0,2.6666666666666665,-8.9,1036.6,2.1,8,3,1,6,32516.0,1949.0,Mixed
2016-01-06 09:00:00,Rat_lodging_Ben,319.0,-3.3,4.0,-7.8,1036.7,1.5,9,3,1,6,32516.0,1949.0,Mixed
2016-01-06 10:00:00,Rat_lodging_Ben,327.25,-2.2,2.0,-8.3,1037.0,1.5,10,3,1,6,32516.0,1949.0,Mixed
2016-01-06 11:00:00,Rat_lodging_Ben,327.83,0.0,0.0,-10.6,1036.4,3.1,11,3,1,6,32516.0,1949.0,Mixed
2016-01-06 12:00:00,Rat_lodging_Ben,316.6,1.1,0.0,-13.3,1035.1,3.1,12,3,1,6,32516.0,1949.0,Mixed
2016-01-06 13:00:00,Rat_lodging_Ben,311.99,2.8,0.0,-15.6,1033.8,3.1,13,3,1,6,32516.0,1949.0,Mixed
2016-01-06 14:00:00,Rat_lodging_Ben,312.05,3.3,0.0,-13.3,1032.9,3.1,14,3,1,6,32516.0,1949.0,Mixed
2016-01-06 15:00:00,Rat_lodging_Ben,310.0,4.4,2.0,-10.6,1032.4,2.6,15,3,1,6,32516.0,1949.0,Mixed
2016-01-06 16:00:00,Rat_lodging_Ben,308.93,4.4,2.0,-11.1,1031.8,2.1,16,3,1,6,32516.0,1949.0,Mixed
2016-01-06 17:00:00,Rat_lodging_Ben,305.6,3.3,2.0,-12.2,1031.5,1.5,17,3,1,6,32516.0,1949.0,Mixed
2016-01-06 18:00:00,Rat_lodging_Ben,312.38,3.3,2.0,-8.9,1031.3,1.5,18,3,1,6,32516.0,1949.0,Mixed
2016-01-06 19:00:00,Rat_lodging_Ben,310.14,1.7,2.0,-6.7,1031.9,2.1,19,3,1,6,32516.0,1949.0,Mixed
2016-01-06 20:00:00,Rat_lodging_Ben,309.09,2.2,3.333333333333333,-6.7,1031.7,1.5,20,3,1,6,32516.0,1949.0,Mixed
2016-01-06 21:00:00,Rat_lodging_Ben,304.63,2.2,4.666666666666666,-7.2,1031.5,0.0,21,3,1,6,32516.0,1949.0,Mixed
2016-01-06 22:00:00,Rat_lodging_Ben,287.67,2.2,6.0,-5.0,1031.2,1.5,22,3,1,6,32516.0,1949.0,Mixed
2016-01-06 23:00:00,Rat_lodging_Ben,254.94,2.8,4.0,-5.6,1030.7,1.5,23,3,1,6,32516.0,1949.0,Mixed
2016-01-07 00:00:00,Rat_lodging_Ben,249.22,2.2,5.0,-5.0,1030.0,0.0,0,4,1,7,32516.0,1949.0,Mixed
2016-01-07 01:00:00,Rat_lodging_Ben,243.11,1.7,6.0,-3.3,1029.2,0.0,1,4,1,7,32516.0,1949.0,Mixed
2016-01-07 02:00:00,Rat_lodging_Ben,236.86,1.1,6.666666666666667,-2.8,1029.0,1.5,2,4,1,7,32516.0,1949.0,Mixed
2016-01-07 03:00:00,Rat_lodging_Ben,238.16,1.7,7.333333333333333,-2.8,1029.0,1.5,3,4,1,7,32516.0,1949.0,Mixed
2016-01-07 04:00:00,Rat_lodging_Ben,246.58,1.7,8.0,-2.2,1028.3,0.0,4,4,1,7,32516.0,1949.0,Mixed
2016-01-07 05:00:00,Rat_lodging_Ben,250.59,2.2,8.0,-2.2,1028.0,1.5,5,4,1,7,32516.0,1949.0,Mixed
2016-01-07 06:00:00,Rat_lodging_Ben,264.75,2.8,8.0,-2.2,1027.9,0.0,6,4,1,7,32516.0,1949.0,Mixed
2016-01-07 07:00:00,Rat_lodging_Ben,293.75,2.8,8.0,-1.7,1027.5,0.0,7,4,1,7,32516.0,1949.0,Mixed
2016-01-07 08:00:00,Rat_lodging_Ben,303.34,2.8,8.0,-1.7,1027.8,2.1,8,4,1,7,32516.0,1949.0,Mixed
2016-01-07 09:00:00,Rat_lodging_Ben,311.9,3.9,8.0,-0.6,1027.9,0.0,9,4,1,7,32516.0,1949.0,Mixed
2016-01-07 10:00:00,Rat_lodging_Ben,315.04,3.3,8.0,1.1,1027.8,0.0,10,4,1,7,32516.0,1949.0,Mixed
2016-01-07 11:00:00,Rat_lodging_Ben,321.7,3.9,8.0,1.1,1026.8,1.5,11,4,1,7,32516.0,1949.0,Mixed
2016-01-07 12:00:00,Rat_lodging_Ben,314.4,4.4,8.0,1.7,1025.8,0.0,12,4,1,7,32516.0,1949.0,Mixed
2016-01-07 13:00:00,Rat_lodging_Ben,329.66,5.0,8.0,2.2,1024.8,2.1,13,4,1,7,32516.0,1949.0,Mixed
2016-01-07 14:00:00,Rat_lodging_Ben,319.09,5.0,8.0,2.2,1024.4,0.0,14,4,1,7,32516.0,1949.0,Mixed
2016-01-07 15:00:00,Rat_lodging_Ben,313.59,5.6,8.0,2.8,1023.9,0.0,15,4,1,7,32516.0,1949.0,Mixed
2016-01-07 16:00:00,Rat_lodging_Ben,318.46,5.6,8.0,2.8,1024.0,0.0,16,4,1,7,32516.0,1949.0,Mixed
2016-01-07 17:00:00,Rat_lodging_Ben,307.27,6.1,8.0,2.8,1024.2,2.1,17,4,1,7,32516.0,1949.0,Mixed
2016-01-07 18:00:00,Rat_lodging_Ben,294.05,6.1,8.0,2.8,1023.9,2.6,18,4,1,7,32516.0,1949.0,Mixed
2016-01-07 19:00:00,Rat_lodging_Ben,300.11,5.6,8.0,3.3,1023.8,2.1,19,4,1,7,32516.0,1949.0,Mixed
2016-01-07 20:00:00,Rat_lodging_Ben,300.62,5.6,8.0,3.3,1024.0,2.1,20,4,1,7,32516.0,1949.0,Mixed
2016-01-07 21:00:00,Rat_lodging_Ben,302.24,5.0,8.0,3.3,1023.7,2.1,21,4,1,7,32516.0,1949.0,Mixed
2016-01-07 22:00:00,Rat_lodging_Ben,286.32,5.0,8.0,2.8,1022.8,4.6,22,4,1,7,32516.0,1949.0,Mixed
2016-01-07 23:00:00,Rat_lodging_Ben,256.69,4.4,8.0,2.8,1022.55,2.6,23,4,1,7,32516.0,1949.0,Mixed
2016-01-08 00:00:00,Rat_lodging_Ben,251.73,4.4,8.0,2.8,1022.3,1.5,0,5,1,8,32516.0,1949.0,Mixed
2016-01-08 01:00:00,Rat_lodging_Ben,241.05,4.4,8.0,3.3,1022.1,2.6,1,5,1,8,32516.0,1949.0,Mixed
2016-01-08 02:00:00,Rat_lodging_Ben,238.59,4.4,8.0,3.9,1021.7,2.1,2,5,1,8,32516.0,1949.0,Mixed
2016-01-08 03:00:00,Rat_lodging_Ben,234.53,4.4,8.0,3.3,1022.1,3.1,3,5,1,8,32516.0,1949.0,Mixed
2016-01-08 04:00:00,Rat_lodging_Ben,236.17,4.4,8.0,3.9,1022.5,1.5,4,5,1,8,32516.0,1949.0,Mixed
2016-01-08 05:00:00,Rat_lodging_Ben,240.89,4.4,8.0,3.3,1022.0,3.1,5,5,1,8,32516.0,1949.0,Mixed
2016-01-08 06:00:00,Rat_lodging_Ben,265.33,4.4,8.0,3.3,1021.7,3.1,6,5,1,8,32516.0,1949.0,Mixed
2016-01-08 07:00:00,Rat_lodging_Ben,303.06,4.4,8.0,3.3,1021.7,2.1,7,5,1,8,32516.0,1949.0,Mixed
2016-01-08 08:00:00,Rat_lodging_Ben,297.07,4.4,8.0,3.3,1021.7,2.6,8,5,1,8,32516.0,1949.0,Mixed
2016-01-08 09:00:00,Rat_lodging_Ben,307.28,5.0,8.0,3.3,1022.0,3.1,9,5,1,8,32516.0,1949.0,Mixed
2016-01-08 10:00:00,Rat_lodging_Ben,315.49,5.0,8.0,3.9,1022.5,2.6,10,5,1,8,32516.0,1949.0,Mixed
2016-01-08 11:00:00,Rat_lodging_Ben,316.64,5.0,8.0,4.4,1021.7,2.1,11,5,1,8,32516.0,1949.0,Mixed
2016-01-08 12:00:00,Rat_lodging_Ben,319.08,5.6,8.0,5.0,1020.9,2.1,12,5,1,8,32516.0,1949.0,Mixed
2016-01-08 13:00:00,Rat_lodging_Ben,303.7,5.6,8.0,5.0,1020.4,2.6,13,5,1,8,32516.0,1949.0,Mixed
2016-01-08 14:00:00,Rat_lodging_Ben,296.71,6.1,8.0,5.0,1020.2,2.6,14,5,1,8,32516.0,1949.0,Mixed
2016-01-08 15:00:00,Rat_lodging_Ben,301.34,5.6,8.0,5.0,1020.1500000000001,2.6,15,5,1,8,32516.0,1949.0,Mixed
2016-01-08 16:00:00,Rat_lodging_Ben,300.29,5.6,8.0,5.0,1020.1,3.1,16,5,1,8,32516.0,1949.0,Mixed
2016-01-08 17:00:00,Rat_lodging_Ben,291.0,5.6,8.0,5.0,1020.6500000000001,0.0,17,5,1,8,32516.0,1949.0,Mixed
2016-01-08 18:00:00,Rat_lodging_Ben,285.31,6.1,8.0,5.0,1021.2,0.0,18,5,1,8,32516.0,1949.0,Mixed
2016-01-08 19:00:00,Rat_lodging_Ben,291.96,5.6,8.0,4.4,1020.6,3.1,19,5,1,8,32516.0,1949.0,Mixed
2016-01-08 20:00:00,Rat_lodging_Ben,299.83,6.1,8.0,4.4,1021.1,0.0,20,5,1,8,32516.0,1949.0,Mixed
2016-01-08 21:00:00,Rat_lodging_Ben,294.99,6.1,8.0,4.4,1020.8,1.5,21,5,1,8,32516.0,1949.0,Mixed
2016-01-08 22:00:00,Rat_lodging_Ben,275.27,6.7,8.0,4.4,1020.8,0.0,22,5,1,8,32516.0,1949.0,Mixed
2016-01-08 23:00:00,Rat_lodging_Ben,254.44,6.7,8.0,4.4,1020.8,0.0,23,5,1,8,32516.0,1949.0,Mixed
2016-01-09 00:00:00,Rat_lodging_Ben,250.92,6.1,8.0,4.4,1020.6,1.5,0,6,1,9,32516.0,1949.0,Mixed
2016-01-09 01:00:00,Rat_lodging_Ben,244.21,6.1,8.0,4.4,1020.1,2.1,1,6,1,9,32516.0,1949.0,Mixed
2016-01-09 02:00:00,Rat_lodging_Ben,243.14,6.1,8.0,4.4,1020.3,2.1,2,6,1,9,32516.0,1949.0,Mixed
2016-01-09 03:00:00,Rat_lodging_Ben,237.57,6.1,8.0,3.9,1020.1,2.1,3,6,1,9,32516.0,1949.0,Mixed
2016-01-09 04:00:00,Rat_lodging_Ben,235.57,6.1,8.0,3.3,1019.7,2.1,4,6,1,9,32516.0,1949.0,Mixed
2016-01-09 05:00:00,Rat_lodging_Ben,237.75,5.6,8.0,3.9,1019.8,2.6,5,6,1,9,32516.0,1949.0,Mixed
2016-01-09 06:00:00,Rat_lodging_Ben,245.81,5.0,8.0,4.4,1020.1,1.5,6,6,1,9,32516.0,1949.0,Mixed
2016-01-09 07:00:00,Rat_lodging_Ben,268.78,5.6,8.0,4.4,1020.2,1.5,7,6,1,9,32516.0,1949.0,Mixed
2016-01-09 08:00:00,Rat_lodging_Ben,273.28,5.0,8.0,4.4,1020.6,1.5,8,6,1,9,32516.0,1949.0,Mixed
2016-01-09 09:00:00,Rat_lodging_Ben,289.71,6.1,8.0,5.6,1021.1,1.5,9,6,1,9,32516.0,1949.0,Mixed
2016-01-09 10:00:00,Rat_lodging_Ben,300.96,6.1,8.0,5.6,1021.2,2.1,10,6,1,9,32516.0,1949.0,Mixed
2016-01-09 11:00:00,Rat_lodging_Ben,298.61,7.8,8.0,6.7,1020.7,1.5,11,6,1,9,32516.0,1949.0,Mixed
2016-01-09 12:00:00,Rat_lodging_Ben,295.5,8.9,8.0,6.7,1019.95,0.0,12,6,1,9,32516.0,1949.0,Mixed
2016-01-09 13:00:00,Rat_lodging_Ben,281.11,7.8,8.0,7.2,1019.2,1.5,13,6,1,9,32516.0,1949.0,Mixed
2016-01-09 14:00:00,Rat_lodging_Ben,288.7,9.4,8.0,7.8,1017.7,2.6,14,6,1,9,32516.0,1949.0,Mixed
2016-01-09 15:00:00,Rat_lodging_Ben,281.63,10.0,8.0,7.8,1017.9,2.1,15,6,1,9,32516.0,1949.0,Mixed
2016-01-09 16:00:00,Rat_lodging_Ben,291.86,10.0,8.0,7.8,1017.9,2.6,16,6,1,9,32516.0,1949.0,Mixed
2016-01-09 17:00:00,Rat_lodging_Ben,281.34,10.0,8.0,7.8,1018.0,0.0,17,6,1,9,32516.0,1949.0,Mixed
2016-01-09 18:00:00,Rat_lodging_Ben,276.35,8.3,8.0,7.2,1017.4,3.1,18,6,1,9,32516.0,1949.0,Mixed
2016-01-09 19:00:00,Rat_lodging_Ben,281.72,8.9,8.0,7.2,1017.4,3.1,19,6,1,9,32516.0,1949.0,Mixed
2016-01-09 20:00:00,Rat_lodging_Ben,278.44,8.3,8.0,7.2,1016.4,2.1,20,6,1,9,32516.0,1949.0,Mixed
2016-01-09 21:00:00,Rat_lodging_Ben,281.59,8.9,8.0,7.2,1015.2,3.1,21,6,1,9,32516.0,1949.0,Mixed
2016-01-09 22:00:00,Rat_lodging_Ben,278.09,8.9,8.0,8.3,1013.4,3.1,22,6,1,9,32516.0,1949.0,Mixed
2016-01-09 23:00:00,Rat_lodging_Ben,266.28,9.4,8.0,8.9,1012.4,2.1,23,6,1,9,32516.0,1949.0,Mixed
2016-01-10 00:00:00,Rat_lodging_Ben,258.1,10.0,8.0,9.4,1009.6,4.6,0,7,1,10,32516.0,1949.0,Mixed
2016-01-10 01:00:00,Rat_lodging_Ben,252.07,10.6,8.0,10.0,1008.1,4.1,1,7,1,10,32516.0,1949.0,Mixed
2016-01-10 02:00:00,Rat_lodging_Ben,252.58,11.1,8.0,10.6,1006.2,5.1,2,7,1,10,32516.0,1949.0,Mixed
2016-01-10 03:00:00,Rat_lodging_Ben,251.09,11.7,8.0,11.1,1004.1,6.7,3,7,1,10,32516.0,1949.0,Mixed
2016-01-10 04:00:00,Rat_lodging_Ben,254.62,12.8,8.0,11.7,1002.7,4.6,4,7,1,10,32516.0,1949.0,Mixed
2016-01-10 05:00:00,Rat_lodging_Ben,253.93,13.9,8.0,12.8,1000.9,6.2,5,7,1,10,32516.0,1949.0,Mixed
2016-01-10 06:00:00,Rat_lodging_Ben,262.28,13.3,8.0,12.2,999.7,5.7,6,7,1,10,32516.0,1949.0,Mixed
2016-01-10 07:00:00,Rat_lodging_Ben,291.62,12.8,8.0,12.2,999.2,6.2,7,7,1,10,32516.0,1949.0,Mixed
2016-01-10 08:00:00,Rat_lodging_Ben,296.41,12.2,7.333333333333333,11.7,998.3,5.7,8,7,1,10,32516.0,1949.0,Mixed
2016-01-10 09:00:00,Rat_lodging_Ben,314.41,14.4,6.666666666666667,13.3,997.8,6.2,9,7,1,10,32516.0,1949.0,Mixed
2016-01-10 10:00:00,Rat_lodging_Ben,320.6,16.1,6.0,11.7,998.0,12.4,10,7,1,10,32516.0,1949.0,Mixed
2016-01-10 11:00:00,Rat_lodging_Ben,329.55,15.0,6.0,10.6,997.7,7.2,11,7,1,10,32516.0,1949.0,Mixed
2016-01-10 12:00:00,Rat_lodging_Ben,336.46,16.1,6.0,10.0,996.7,9.3,12,7,1,10,32516.0,1949.0,Mixed
2016-01-10 13:00:00,Rat_lodging_Ben,322.91,16.7,6.0,7.2,996.0,7.7,13,7,1,10,32516.0,1949.0,Mixed
2016-01-10 14:00:00,Rat_lodging_Ben,321.68,15.6,6.0,5.6,995.8,9.8,14,7,1,10,32516.0,1949.0,Mixed
2016-01-10 15:00:00,Rat_lodging_Ben,313.25,16.1,6.0,5.6,996.1,9.3,15,7,1,10,32516.0,1949.0,Mixed
2016-01-10 16:00:00,Rat_lodging_Ben,309.82,15.6,6.0,4.4,997.1,11.3,16,7,1,10,32516.0,1949.0,Mixed
2016-01-10 17:00:00,Rat_lodging_Ben,298.6,12.8,5.0,1.7,999.9,8.8,17,7,1,10,32516.0,1949.0,Mixed
2016-01-10 18:00:00,Rat_lodging_Ben,280.59,9.4,4.0,-2.2,1002.4,11.8,18,7,1,10,32516.0,1949.0,Mixed
2016-01-10 19:00:00,Rat_lodging_Ben,276.09,7.8,2.0,-2.2,1004.5,7.2,19,7,1,10,32516.0,1949.0,Mixed
2016-01-10 20:00:00,Rat_lodging_Ben,283.95,6.7,2.0,-3.3,1005.9,7.7,20,7,1,10,32516.0,1949.0,Mixed
2016-01-10 21:00:00,Rat_lodging_Ben,289.51,6.1,4.0,-3.9,1006.9,7.2,21,7,1,10,32516.0,1949.0,Mixed
2016-01-10 22:00:00,Rat_lodging_Ben,283.13,4.4,2.0,-5.0,1008.1,6.7,22,7,1,10,32516.0,1949.0,Mixed
2016-01-10 23:00:00,Rat_lodging_Ben,257.84,3.9,2.0,-7.2,1009.1,7.2,23,7,1,10,32516.0,1949.0,Mixed
2016-01-11 00:00:00,Rat_lodging_Ben,245.75,3.3,2.0,-8.3,1010.3,8.2,0,1,1,11,32516.0,1949.0,Mixed
2016-01-11 01:00:00,Rat_lodging_Ben,241.67,2.2,0.0,-8.3,1011.6,7.2,1,1,1,11,32516.0,1949.0,Mixed
2016-01-11 02:00:00,Rat_lodging_Ben,240.16,1.1,0.0,-10.0,1012.5,5.1,2,1,1,11,32516.0,1949.0,Mixed
2016-01-11 03:00:00,Rat_lodging_Ben,238.93,0.0,0.0,-11.1,1014.1,5.7,3,1,1,11,32516.0,1949.0,Mixed
2016-01-11 04:00:00,Rat_lodging_Ben,237.5,-0.6,0.0,-11.1,1014.9,4.6,4,1,1,11,32516.0,1949.0,Mixed
2016-01-11 05:00:00,Rat_lodging_Ben,236.64,-1.1,0.0,-11.7,1015.6,2.6,5,1,1,11,32516.0,1949.0,Mixed
2016-01-11 06:00:00,Rat_lodging_Ben,257.73,-1.7,0.0,-11.7,1016.5,3.6,6,1,1,11,32516.0,1949.0,Mixed
2016-01-11 07:00:00,Rat_lodging_Ben,297.55,-1.7,0.0,-12.8,1017.3,6.7,7,1,1,11,32516.0,1949.0,Mixed
2016-01-11 08:00:00,Rat_lodging_Ben,299.83,-1.7,0.0,-13.3,1018.2,5.7,8,1,1,11,32516.0,1949.0,Mixed
2016-01-11 09:00:00,Rat_lodging_Ben,305.23,-1.1,0.0,-12.8,1018.8,5.1,9,1,1,11,32516.0,1949.0,Mixed
2016-01-11 10:00:00,Rat_lodging_Ben,314.85,0.6,0.0,-12.2,1019.4,3.6,10,1,1,11,32516.0,1949.0,Mixed
2016-01-11 11:00:00,Rat_lodging_Ben,322.24,1.7,2.0,-12.2,1019.6,5.7,11,1,1,11,32516.0,1949.0,Mixed
2016-01-11 12:00:00,Rat_lodging_Ben,329.55,2.8,2.0,-12.2,1018.7,5.7,12,1,1,11,32516.0,1949.0,Mixed
2016-01-11 13:00:00,Rat_lodging_Ben,328.76,3.3,2.0,-12.2,1017.8,3.6,13,1,1,11,32516.0,1949.0,Mixed
2016-01-11 14:00:00,Rat_lodging_Ben,329.89,4.4,2.0,-14.4,1017.3,4.1,14,1,1,11,32516.0,1949.0,Mixed
2016-01-11 15:00:00,Rat_lodging_Ben,327.31,4.4,2.0,-14.4,1017.6,6.2,15,1,1,11,32516.0,1949.0,Mixed
2016-01-11 16:00:00,Rat_lodging_Ben,318.57,4.4,2.0,-15.6,1018.1,3.6,16,1,1,11,32516.0,1949.0,Mixed
2016-01-11 17:00:00,Rat_lodging_Ben,315.61,3.3,2.0,-15.0,1018.4,3.6,17,1,1,11,32516.0,1949.0,Mixed
2016-01-11 18:00:00,Rat_lodging_Ben,311.58,2.2,4.0,-13.3,1018.9,5.7,18,1,1,11,32516.0,1949.0,Mixed
2016-01-11 19:00:00,Rat_lodging_Ben,313.69,1.1,6.0,-13.3,1019.5,5.1,19,1,1,11,32516.0,1949.0,Mixed
2016-01-11 20:00:00,Rat_lodging_Ben,324.84,0.0,5.0,-12.2,1020.1,4.6,20,1,1,11,32516.0,1949.0,Mixed
2016-01-11 21:00:00,Rat_lodging_Ben,314.92,-0.6,4.0,-11.7,1020.3,3.6,21,1,1,11,32516.0,1949.0,Mixed
2016-01-11 22:00:00,Rat_lodging_Ben,295.24,-1.1,4.0,-11.7,1020.3,2.1,22,1,1,11,32516.0,1949.0,Mixed
2016-01-11 23:00:00,Rat_lodging_Ben,260.91,-0.6,4.666666666666667,-10.0,1020.2,2.1,23,1,1,11,32516.0,1949.0,Mixed
2016-01-12 00:00:00,Rat_lodging_Ben,258.73,-0.6,5.333333333333333,-11.1,1019.8,0.0,0,2,1,12,32516.0,1949.0,Mixed
2016-01-12 01:00:00,Rat_lodging_Ben,252.57,-1.1,6.0,-11.1,1019.7,2.1,1,2,1,12,32516.0,1949.0,Mixed
2016-01-12 02:00:00,Rat_lodging_Ben,246.32,-1.1,6.666666666666667,-11.1,1019.1,1.5,2,2,1,12,32516.0,1949.0,Mixed
2016-01-12 03:00:00,Rat_lodging_Ben,243.4,-1.1,7.333333333333333,-11.1,1018.8,1.5,3,2,1,12,32516.0,1949.0,Mixed
2016-01-12 04:00:00,Rat_lodging_Ben,237.88,-1.1,8.0,-10.6,1017.8,2.1,4,2,1,12,32516.0,1949.0,Mixed
2016-01-12 05:00:00,Rat_lodging_Ben,244.53,-0.6,7.333333333333333,-9.4,1017.0,3.6,5,2,1,12,32516.0,1949.0,Mixed
2016-01-12 06:00:00,Rat_lodging_Ben,270.02,0.0,6.666666666666667,-8.3,1016.1,5.1,6,2,1,12,32516.0,1949.0,Mixed
2016-01-12 07:00:00,Rat_lodging_Ben,308.72,0.0,6.0,-7.2,1015.2,6.2,7,2,1,12,32516.0,1949.0,Mixed
2016-01-12 08:00:00,Rat_lodging_Ben,304.05,1.1,6.666666666666667,-6.1,1014.6,5.1,8,2,1,12,32516.0,1949.0,Mixed
2016-01-12 09:00:00,Rat_lodging_Ben,316.3,1.7,7.333333333333333,-7.8,1013.5,6.2,9,2,1,12,32516.0,1949.0,Mixed
2016-01-12 10:00:00,Rat_lodging_Ben,329.12,2.8,8.0,-8.3,1012.5,6.2,10,2,1,12,32516.0,1949.0,Mixed
2016-01-12 11:00:00,Rat_lodging_Ben,320.41,4.4,8.0,-7.2,1011.5,6.7,11,2,1,12,32516.0,1949.0,Mixed
2016-01-12 12:00:00,Rat_lodging_Ben,319.1,5.0,8.0,-7.2,1009.6,7.2,12,2,1,12,32516.0,1949.0,Mixed
2016-01-12 13:00:00,Rat_lodging_Ben,308.74,6.7,8.0,-6.7,1007.6,8.2,13,2,1,12,32516.0,1949.0,Mixed
2016-01-12 14:00:00,Rat_lodging_Ben,318.02,6.7,6.0,-7.2,1006.5,6.7,14,2,1,12,32516.0,1949.0,Mixed
2016-01-12 15:00:00,Rat_lodging_Ben,315.07,8.3,4.0,-7.2,1005.8,8.2,15,2,1,12,32516.0,1949.0,Mixed
2016-01-12 16:00:00,Rat_lodging_Ben,309.63,7.8,4.0,-7.8,1006.0,8.2,16,2,1,12,32516.0,1949.0,Mixed
2016-01-12 17:00:00,Rat_lodging_Ben,303.4,7.2,4.666666666666667,-6.7,1006.1,3.6,17,2,1,12,32516.0,1949.0,Mixed
2016-01-12 18:00:00,Rat_lodging_Ben,297.55,6.1,5.333333333333333,-5.0,1006.9,8.8,18,2,1,12,32516.0,1949.0,Mixed
2016-01-12 19:00:00,Rat_lodging_Ben,297.97,5.6,6.0,-3.9,1008.2,8.2,19,2,1,12,32516.0,1949.0,Mixed
2016-01-12 20:00:00,Rat_lodging_Ben,298.69,2.8,5.333333333333333,-1.7,1009.9000000000001,10.8,20,2,1,12,32516.0,1949.0,Mixed
2016-01-12 21:00:00,Rat_lodging_Ben,298.16,1.7,4.666666666666667,-6.7,1011.6,9.3,21,2,1,12,32516.0,1949.0,Mixed
2016-01-12 22:00:00,Rat_lodging_Ben,286.3,1.1,4.0,-10.6,1013.6,9.3,22,2,1,12,32516.0,1949.0,Mixed
2016-01-12 23:00:00,Rat_lodging_Ben,261.13,-0.6,2.0,-14.4,1015.2,7.2,23,2,1,12,32516.0,1949.0,Mixed
2016-01-13 00:00:00,Rat_lodging_Ben,249.25,-2.2,2.0,-14.4,1016.2,5.7,0,3,1,13,32516.0,1949.0,Mixed
2016-01-13 01:00:00,Rat_lodging_Ben,249.31,-2.8,2.0,-14.4,1017.2,6.2,1,3,1,13,32516.0,1949.0,Mixed
2016-01-13 02:00:00,Rat_lodging_Ben,245.53,-3.9,0.0,-15.0,1018.2,5.1,2,3,1,13,32516.0,1949.0,Mixed
2016-01-13 03:00:00,Rat_lodging_Ben,243.69,-4.4,0.0,-15.6,1019.2,6.7,3,3,1,13,32516.0,1949.0,Mixed
2016-01-13 04:00:00,Rat_lodging_Ben,239.41,-5.0,0.0,-15.0,1020.3,4.6,4,3,1,13,32516.0,1949.0,Mixed
2016-01-13 05:00:00,Rat_lodging_Ben,247.55,-5.0,0.0,-16.1,1020.5,9.3,5,3,1,13,32516.0,1949.0,Mixed
2016-01-13 06:00:00,Rat_lodging_Ben,268.71,-5.6,0.0,-16.1,1021.4,5.1,6,3,1,13,32516.0,1949.0,Mixed
2016-01-13 07:00:00,Rat_lodging_Ben,306.6,-6.1,0.0,-16.1,1022.2,3.6,7,3,1,13,32516.0,1949.0,Mixed
2016-01-13 08:00:00,Rat_lodging_Ben,316.75,-5.6,0.0,-16.1,1022.7,3.6,8,3,1,13,32516.0,1949.0,Mixed
2016-01-13 09:00:00,Rat_lodging_Ben,321.1,-4.4,0.0,-15.6,1022.8,4.6,9,3,1,13,32516.0,1949.0,Mixed
2016-01-13 10:00:00,Rat_lodging_Ben,323.4,-3.9,2.0,-16.7,1023.3,4.1,10,3,1,13,32516.0,1949.0,Mixed
2016-01-13 11:00:00,Rat_lodging_Ben,327.13,-3.3,2.0,-16.7,1023.1,7.2,11,3,1,13,32516.0,1949.0,Mixed
2016-01-13 12:00:00,Rat_lodging_Ben,328.53,-2.2,2.0,-16.7,1021.8,5.1,12,3,1,13,32516.0,1949.0,Mixed
2016-01-13 13:00:00,Rat_lodging_Ben,318.7,-1.7,4.0,-16.7,1021.0,5.7,13,3,1,13,32516.0,1949.0,Mixed
2016-01-13 14:00:00,Rat_lodging_Ben,319.9,-1.1,4.0,-16.7,1020.0,7.7,14,3,1,13,32516.0,1949.0,Mixed
2016-01-13 15:00:00,Rat_lodging_Ben,319.77,0.0,5.0,-16.1,1018.9,4.6,15,3,1,13,32516.0,1949.0,Mixed
2016-01-13 16:00:00,Rat_lodging_Ben,317.45,-0.6,6.0,-16.1,1019.6,4.6,16,3,1,13,32516.0,1949.0,Mixed
2016-01-13 17:00:00,Rat_lodging_Ben,313.08,-1.1,6.0,-16.1,1019.5,3.6,17,3,1,13,32516.0,1949.0,Mixed
2016-01-13 18:00:00,Rat_lodging_Ben,309.85,-1.1,6.0,-16.1,1019.4,2.6,18,3,1,13,32516.0,1949.0,Mixed
2016-01-13 19:00:00,Rat_lodging_Ben,302.98,-1.1,6.0,-16.1,1019.6,2.1,19,3,1,13,32516.0,1949.0,Mixed
2016-01-13 20:00:00,Rat_lodging_Ben,317.96,-2.8,5.333333333333333,-14.4,1019.5,4.1,20,3,1,13,32516.0,1949.0,Mixed
2016-01-13 21:00:00,Rat_lodging_Ben,310.97,-2.8,4.666666666666667,-15.6,1018.8,1.5,21,3,1,13,32516.0,1949.0,Mixed
2016-01-13 22:00:00,Rat_lodging_Ben,292.3,-3.3,4.0,-14.4,1018.4,2.6,22,3,1,13,32516.0,1949.0,Mixed
2016-01-13 23:00:00,Rat_lodging_Ben,257.09,-2.2,5.333333333333333,-13.9,1018.5,1.5,23,3,1,13,32516.0,1949.0,Mixed
2016-01-14 00:00:00,Rat_lodging_Ben,251.5,-2.2,6.666666666666666,-13.9,1017.3,2.6,0,4,1,14,32516.0,1949.0,Mixed
2016-01-14 01:00:00,Rat_lodging_Ben,250.16,-2.2,8.0,-15.0,1016.8,1.5,1,4,1,14,32516.0,1949.0,Mixed
2016-01-14 02:00:00,Rat_lodging_Ben,242.51,-2.2,7.333333333333333,-13.9,1016.1,2.1,2,4,1,14,32516.0,1949.0,Mixed
2016-01-14 03:00:00,Rat_lodging_Ben,242.61,-2.2,6.666666666666667,-12.8,1015.5,2.6,3,4,1,14,32516.0,1949.0,Mixed
2016-01-14 04:00:00,Rat_lodging_Ben,238.1,-2.2,6.0,-12.2,1015.5,1.5,4,4,1,14,32516.0,1949.0,Mixed
2016-01-14 05:00:00,Rat_lodging_Ben,247.44,-2.2,4.666666666666667,-11.7,1015.1,2.1,5,4,1,14,32516.0,1949.0,Mixed
2016-01-14 06:00:00,Rat_lodging_Ben,268.63,-1.7,3.3333333333333335,-10.0,1015.2,1.5,6,4,1,14,32516.0,1949.0,Mixed
2016-01-14 07:00:00,Rat_lodging_Ben,303.68,-2.2,2.0,-10.6,1016.0,0.0,7,4,1,14,32516.0,1949.0,Mixed
2016-01-14 08:00:00,Rat_lodging_Ben,307.68,-2.2,2.0,-10.6,1016.2,3.1,8,4,1,14,32516.0,1949.0,Mixed
2016-01-14 09:00:00,Rat_lodging_Ben,322.69,-0.6,4.0,-10.6,1016.0,3.1,9,4,1,14,32516.0,1949.0,Mixed
2016-01-14 10:00:00,Rat_lodging_Ben,332.9,1.7,3.0,-7.8,1016.2,2.6,10,4,1,14,32516.0,1949.0,Mixed
2016-01-14 11:00:00,Rat_lodging_Ben,325.51,3.9,2.0,-5.6,1016.3,3.6,11,4,1,14,32516.0,1949.0,Mixed
2016-01-14 12:00:00,Rat_lodging_Ben,332.17,5.6,2.0,-5.0,1015.0,5.1,12,4,1,14,32516.0,1949.0,Mixed
2016-01-14 13:00:00,Rat_lodging_Ben,328.8,10.0,2.0,-4.4,1014.2,4.6,13,4,1,14,32516.0,1949.0,Mixed
2016-01-14 14:00:00,Rat_lodging_Ben,319.6,11.1,2.0,-3.9,1013.7,5.7,14,4,1,14,32516.0,1949.0,Mixed
2016-01-14 15:00:00,Rat_lodging_Ben,318.15,11.7,2.0,-3.3,1013.3,7.2,15,4,1,14,32516.0,1949.0,Mixed
2016-01-14 16:00:00,Rat_lodging_Ben,308.8,11.1,2.0,-2.2,1013.7,5.7,16,4,1,14,32516.0,1949.0,Mixed
2016-01-14 17:00:00,Rat_lodging_Ben,305.98,10.0,4.0,-2.2,1014.0,4.6,17,4,1,14,32516.0,1949.0,Mixed
2016-01-14 18:00:00,Rat_lodging_Ben,308.21,7.8,4.0,-0.6,1014.4,4.1,18,4,1,14,32516.0,1949.0,Mixed
2016-01-14 19:00:00,Rat_lodging_Ben,304.81,6.1,0.0,-0.6,1014.7,4.6,19,4,1,14,32516.0,1949.0,Mixed
2016-01-14 20:00:00,Rat_lodging_Ben,312.92,6.1,0.0,-0.6,1015.1,4.6,20,4,1,14,32516.0,1949.0,Mixed
2016-01-14 21:00:00,Rat_lodging_Ben,300.5,6.7,0.0,-1.1,1014.9,2.1,21,4,1,14,32516.0,1949.0,Mixed
2016-01-14 22:00:00,Rat_lodging_Ben,282.04,4.4,0.0,0.0,1014.8,3.1,22,4,1,14,32516.0,1949.0,Mixed
2016-01-14 23:00:00,Rat_lodging_Ben,254.2,5.6,0.0,-1.1,1014.7,3.1,23,4,1,14,32516.0,1949.0,Mixed
2016-01-15 00:00:00,Rat_lodging_Ben,246.25,5.0,0.0,-1.1,1014.4,2.6,0,5,1,15,32516.0,1949.0,Mixed
2016-01-15 01:00:00,Rat_lodging_Ben,245.89,5.0,4.0,-1.1,1014.3,1.5,1,5,1,15,32516.0,1949.0,Mixed
2016-01-15 02:00:00,Rat_lodging_Ben,241.27,5.6,4.666666666666667,-1.1,1014.2,1.5,2,5,1,15,32516.0,1949.0,Mixed
2016-01-15 03:00:00,Rat_lodging_Ben,238.52,5.6,5.333333333333333,-1.1,1014.1,0.0,3,5,1,15,32516.0,1949.0,Mixed
2016-01-15 04:00:00,Rat_lodging_Ben,240.52,3.9,6.0,-1.1,1013.7,2.1,4,5,1,15,32516.0,1949.0,Mixed
2016-01-15 05:00:00,Rat_lodging_Ben,246.59,2.2,5.333333333333333,-0.6,1013.4,0.0,5,5,1,15,32516.0,1949.0,Mixed
2016-01-15 06:00:00,Rat_lodging_Ben,270.28,1.7,4.666666666666667,0.0,1013.3,1.5,6,5,1,15,32516.0,1949.0,Mixed
2016-01-15 07:00:00,Rat_lodging_Ben,307.54,2.8,4.0,-0.6,1013.2,0.0,7,5,1,15,32516.0,1949.0,Mixed
2016-01-15 08:00:00,Rat_lodging_Ben,301.63,1.7,4.0,0.6,1012.4,0.0,8,5,1,15,32516.0,1949.0,Mixed
2016-01-15 09:00:00,Rat_lodging_Ben,315.07,4.4,5.0,0.0,1013.1,2.1,9,5,1,15,32516.0,1949.0,Mixed
2016-01-15 10:00:00,Rat_lodging_Ben,330.26,6.1,6.0,0.6,1012.5,4.1,10,5,1,15,32516.0,1949.0,Mixed
2016-01-15 11:00:00,Rat_lodging_Ben,315.65,7.2,6.666666666666667,0.6,1011.8,4.1,11,5,1,15,32516.0,1949.0,Mixed
2016-01-15 12:00:00,Rat_lodging_Ben,315.5,8.3,7.333333333333333,0.6,1010.2,3.6,12,5,1,15,32516.0,1949.0,Mixed
2016-01-15 13:00:00,Rat_lodging_Ben,308.25,9.4,8.0,0.6,1009.2,3.6,13,5,1,15,32516.0,1949.0,Mixed
2016-01-15 14:00:00,Rat_lodging_Ben,304.24,9.4,8.0,0.6,1007.75,2.1,14,5,1,15,32516.0,1949.0,Mixed
2016-01-15 15:00:00,Rat_lodging_Ben,303.01,9.4,8.0,0.6,1006.3,3.1,15,5,1,15,32516.0,1949.0,Mixed
2016-01-15 16:00:00,Rat_lodging_Ben,298.03,8.9,8.0,0.6,1006.6,3.1,16,5,1,15,32516.0,1949.0,Mixed
2016-01-15 17:00:00,Rat_lodging_Ben,299.98,8.9,8.0,0.6,1006.3,3.6,17,5,1,15,32516.0,1949.0,Mixed
2016-01-15 18:00:00,Rat_lodging_Ben,298.56,7.8,8.0,2.2,1006.3,3.1,18,5,1,15,32516.0,1949.0,Mixed
2016-01-15 19:00:00,Rat_lodging_Ben,295.34,7.2,8.0,3.3,1004.2,4.1,19,5,1,15,32516.0,1949.0,Mixed
2016-01-15 20:00:00,Rat_lodging_Ben,307.44,6.7,8.0,5.0,1002.7,4.6,20,5,1,15,32516.0,1949.0,Mixed
2016-01-15 21:00:00,Rat_lodging_Ben,304.97,6.1,8.0,5.0,1000.9,3.6,21,5,1,15,32516.0,1949.0,Mixed
2016-01-15 22:00:00,Rat_lodging_Ben,285.35,6.1,8.0,5.6,1000.6,1.5,22,5,1,15,32516.0,1949.0,Mixed
2016-01-15 23:00:00,Rat_lodging_Ben,260.06,6.1,8.0,5.0,999.1,4.1,23,5,1,15,32516.0,1949.0,Mixed
2016-01-16 00:00:00,Rat_lodging_Ben,251.22,6.1,8.0,5.0,997.3,5.1,0,6,1,16,32516.0,1949.0,Mixed
2016-01-16 01:00:00,Rat_lodging_Ben,245.28,6.1,8.0,5.0,996.4,4.6,1,6,1,16,32516.0,1949.0,Mixed
2016-01-16 02:00:00,Rat_lodging_Ben,221.82,6.7,8.0,5.6,997.1,3.1,2,6,1,16,32516.0,1949.0,Mixed
2016-01-16 03:00:00,Rat_lodging_Ben,217.5,6.7,8.0,5.6,997.7,3.1,3,6,1,16,32516.0,1949.0,Mixed
2016-01-16 04:00:00,Rat_lodging_Ben,212.82,6.7,8.0,5.6,998.0,2.6,4,6,1,16,32516.0,1949.0,Mixed
2016-01-16 05:00:00,Rat_lodging_Ben,216.98,5.6,7.333333333333333,5.0,998.6,2.6,5,6,1,16,32516.0,1949.0,Mixed
2016-01-16 06:00:00,Rat_lodging_Ben,222.42,6.7,6.666666666666667,5.0,999.6500000000001,3.6,6,6,1,16,32516.0,1949.0,Mixed
2016-01-16 07:00:00,Rat_lodging_Ben,244.18,6.1,6.0,5.0,1000.7,2.6,7,6,1,16,32516.0,1949.0,Mixed
2016-01-16 08:00:00,Rat_lodging_Ben,247.57,6.1,6.666666666666667,5.0,1001.5,2.6,8,6,1,16,32516.0,1949.0,Mixed
2016-01-16 09:00:00,Rat_lodging_Ben,255.66,6.1,7.333333333333333,5.6,1002.0,3.6,9,6,1,16,32516.0,1949.0,Mixed
2016-01-16 10:00:00,Rat_lodging_Ben,269.21,6.7,8.0,6.1,1003.5,4.1,10,6,1,16,32516.0,1949.0,Mixed
2016-01-16 11:00:00,Rat_lodging_Ben,278.78,5.6,7.333333333333333,5.0,1004.1,5.7,11,6,1,16,32516.0,1949.0,Mixed
2016-01-16 12:00:00,Rat_lodging_Ben,278.3,7.2,6.666666666666667,6.1,1003.6500000000001,3.6,12,6,1,16,32516.0,1949.0,Mixed
2016-01-16 13:00:00,Rat_lodging_Ben,275.09,8.9,6.0,6.1,1003.2,2.1,13,6,1,16,32516.0,1949.0,Mixed
2016-01-16 14:00:00,Rat_lodging_Ben,265.73,9.4,6.666666666666667,6.7,1003.6,0.0,14,6,1,16,32516.0,1949.0,Mixed
2016-01-16 15:00:00,Rat_lodging_Ben,257.86,11.1,7.333333333333333,3.3,1004.5,5.7,15,6,1,16,32516.0,1949.0,Mixed
2016-01-16 16:00:00,Rat_lodging_Ben,257.77,10.6,8.0,1.7,1005.8,6.7,16,6,1,16,32516.0,1949.0,Mixed
2016-01-16 17:00:00,Rat_lodging_Ben,248.61,8.9,6.666666666666667,0.6,1006.9,6.7,17,6,1,16,32516.0,1949.0,Mixed
2016-01-16 18:00:00,Rat_lodging_Ben,244.94,7.8,5.333333333333334,-0.6,1008.4,7.7,18,6,1,16,32516.0,1949.0,Mixed
2016-01-16 19:00:00,Rat_lodging_Ben,243.49,6.1,4.0,-0.6,1009.7,5.7,19,6,1,16,32516.0,1949.0,Mixed
2016-01-16 20:00:00,Rat_lodging_Ben,244.83,6.1,4.666666666666667,-1.7,1010.8,6.2,20,6,1,16,32516.0,1949.0,Mixed
2016-01-16 21:00:00,Rat_lodging_Ben,256.9,5.6,5.333333333333333,-2.2,1010.9,5.1,21,6,1,16,32516.0,1949.0,Mixed
2016-01-16 22:00:00,Rat_lodging_Ben,250.92,5.0,6.0,-2.2,1011.0,4.1,22,6,1,16,32516.0,1949.0,Mixed
2016-01-16 23:00:00,Rat_lodging_Ben,227.13,4.4,4.0,-2.2,1011.7,3.6,23,6,1,16,32516.0,1949.0,Mixed
2016-01-17 00:00:00,Rat_lodging_Ben,222.39,3.3,2.0,-2.2,1011.8,3.1,0,7,1,17,32516.0,1949.0,Mixed
2016-01-17 01:00:00,Rat_lodging_Ben,222.93,2.8,8.0,-2.2,1011.3,3.1,1,7,1,17,32516.0,1949.0,Mixed
2016-01-17 02:00:00,Rat_lodging_Ben,214.97,2.8,8.0,-2.2,1011.5,2.1,2,7,1,17,32516.0,1949.0,Mixed
2016-01-17 03:00:00,Rat_lodging_Ben,213.27,2.8,8.0,-2.8,1012.0,2.6,3,7,1,17,32516.0,1949.0,Mixed
2016-01-17 04:00:00,Rat_lodging_Ben,234.95,2.8,8.0,-3.3,1011.9,2.1,4,7,1,17,32516.0,1949.0,Mixed
2016-01-17 05:00:00,Rat_lodging_Ben,234.13,2.8,8.0,-3.9,1010.9,4.6,5,7,1,17,32516.0,1949.0,Mixed
2016-01-17 06:00:00,Rat_lodging_Ben,243.66,2.8,8.0,-2.8,1011.5,4.1,6,7,1,17,32516.0,1949.0,Mixed
2016-01-17 07:00:00,Rat_lodging_Ben,271.76,2.8,8.0,-3.3,1011.4,4.6,7,7,1,17,32516.0,1949.0,Mixed
2016-01-17 08:00:00,Rat_lodging_Ben,279.01,2.8,8.0,-3.3,1011.7,3.1,8,7,1,17,32516.0,1949.0,Mixed
2016-01-17 09:00:00,Rat_lodging_Ben,283.32,2.8,8.0,-2.8,1012.9,3.1,9,7,1,17,32516.0,1949.0,Mixed
2016-01-17 10:00:00,Rat_lodging_Ben,284.14,2.8,8.0,-2.8,1012.2,2.6,10,7,1,17,32516.0,1949.0,Mixed
2016-01-17 11:00:00,Rat_lodging_Ben,285.61,2.2,8.0,-2.8,1012.3,3.1,11,7,1,17,32516.0,1949.0,Mixed
2016-01-17 12:00:00,Rat_lodging_Ben,277.46,0.6,8.0,-1.1,1011.5,3.1,12,7,1,17,32516.0,1949.0,Mixed
2016-01-17 13:00:00,Rat_lodging_Ben,286.69,0.6,8.0,-0.6,1010.6,0.0,13,7,1,17,32516.0,1949.0,Mixed
2016-01-17 14:00:00,Rat_lodging_Ben,287.95,0.6,7.333333333333333,-0.6,1009.4,1.5,14,7,1,17,32516.0,1949.0,Mixed
2016-01-17 15:00:00,Rat_lodging_Ben,287.57,1.7,6.666666666666667,-0.6,1008.9,3.1,15,7,1,17,32516.0,1949.0,Mixed
2016-01-17 16:00:00,Rat_lodging_Ben,285.4,2.2,6.0,-0.6,1008.5,3.1,16,7,1,17,32516.0,1949.0,Mixed
2016-01-17 17:00:00,Rat_lodging_Ben,279.08,2.2,6.666666666666667,-1.1,1008.4,3.6,17,7,1,17,32516.0,1949.0,Mixed
2016-01-17 18:00:00,Rat_lodging_Ben,281.59,2.2,7.333333333333333,-1.7,1008.9,4.1,18,7,1,17,32516.0,1949.0,Mixed
2016-01-17 19:00:00,Rat_lodging_Ben,277.9,2.2,8.0,-1.7,1009.3,2.6,19,7,1,17,32516.0,1949.0,Mixed
2016-01-17 20:00:00,Rat_lodging_Ben,277.6,2.2,6.0,-1.7,1009.5,2.1,20,7,1,17,32516.0,1949.0,Mixed
2016-01-17 21:00:00,Rat_lodging_Ben,282.57,1.7,4.0,-1.7,1009.5,2.1,21,7,1,17,32516.0,1949.0,Mixed
2016-01-17 22:00:00,Rat_lodging_Ben,281.17,1.7,2.0,-2.2,1009.7,2.6,22,7,1,17,32516.0,1949.0,Mixed
2016-01-17 23:00:00,Rat_lodging_Ben,256.1,1.1,2.0,-2.2,1009.6,4.1,23,7,1,17,32516.0,1949.0,Mixed
2016-01-18 00:00:00,Rat_lodging_Ben,250.31,0.6,2.0,-2.2,1009.9,3.1,0,1,1,18,32516.0,1949.0,Mixed
2016-01-18 01:00:00,Rat_lodging_Ben,240.49,0.6,6.0,-4.4,1010.1,4.1,1,1,1,18,32516.0,1949.0,Mixed
2016-01-18 02:00:00,Rat_lodging_Ben,240.17,0.0,4.666666666666667,-6.1,1010.7,7.7,2,1,1,18,32516.0,1949.0,Mixed
2016-01-18 03:00:00,Rat_lodging_Ben,239.44,-0.6,3.3333333333333335,-8.9,1012.1,10.3,3,1,1,18,32516.0,1949.0,Mixed
2016-01-18 04:00:00,Rat_lodging_Ben,237.67,-3.3,2.0,-16.1,1013.5,9.8,4,1,1,18,32516.0,1949.0,Mixed
2016-01-18 05:00:00,Rat_lodging_Ben,244.28,-5.0,0.0,-14.4,1015.0,7.7,5,1,1,18,32516.0,1949.0,Mixed
2016-01-18 06:00:00,Rat_lodging_Ben,260.89,-6.7,0.0,-18.3,1016.2,8.2,6,1,1,18,32516.0,1949.0,Mixed
2016-01-18 07:00:00,Rat_lodging_Ben,298.3,-7.2,2.0,-18.3,1016.9,10.3,7,1,1,18,32516.0,1949.0,Mixed
2016-01-18 08:00:00,Rat_lodging_Ben,304.43,-7.8,2.0,-18.3,1017.6,6.7,8,1,1,18,32516.0,1949.0,Mixed
2016-01-18 09:00:00,Rat_lodging_Ben,310.37,-7.0,2.0,-18.0,1018.4,8.8,9,1,1,18,32516.0,1949.0,Mixed
2016-01-18 10:00:00,Rat_lodging_Ben,315.99,-6.7,2.0,-17.2,1019.3,8.8,10,1,1,18,32516.0,1949.0,Mixed
2016-01-18 11:00:00,Rat_lodging_Ben,324.31,-5.6,2.0,-17.2,1019.4,11.3,11,1,1,18,32516.0,1949.0,Mixed
2016-01-18 12:00:00,Rat_lodging_Ben,316.54,-4.4,4.0,-16.7,1019.0,7.7,12,1,1,18,32516.0,1949.0,Mixed
2016-01-18 13:00:00,Rat_lodging_Ben,314.67,-4.4,2.0,-17.2,1018.1,9.3,13,1,1,18,32516.0,1949.0,Mixed
2016-01-18 14:00:00,Rat_lodging_Ben,288.33,-4.4,4.0,-17.2,1018.1,6.2,14,1,1,18,32516.0,1949.0,Mixed
2016-01-18 15:00:00,Rat_lodging_Ben,284.34,-4.4,2.0,-17.8,1018.7,8.8,15,1,1,18,32516.0,1949.0,Mixed
2016-01-18 16:00:00,Rat_lodging_Ben,272.69,-5.0,2.0,-18.3,1019.2,8.8,16,1,1,18,32516.0,1949.0,Mixed
2016-01-18 17:00:00,Rat_lodging_Ben,276.19,-6.1,4.0,-18.9,1020.3,7.2,17,1,1,18,32516.0,1949.0,Mixed
2016-01-18 18:00:00,Rat_lodging_Ben,273.45,-6.7,2.0,-19.4,1021.4,7.7,18,1,1,18,32516.0,1949.0,Mixed
2016-01-18 19:00:00,Rat_lodging_Ben,266.89,-7.2,2.0,-18.9,1022.4,9.3,19,1,1,18,32516.0,1949.0,Mixed
2016-01-18 20:00:00,Rat_lodging_Ben,271.91,-7.8,2.0,-19.4,1023.4,6.2,20,1,1,18,32516.0,1949.0,Mixed
2016-01-18 21:00:00,Rat_lodging_Ben,260.12,-8.3,2.0,-20.0,1023.8,4.6,21,1,1,18,32516.0,1949.0,Mixed
2016-01-18 22:00:00,Rat_lodging_Ben,254.11,-8.3,0.0,-18.9,1023.9,6.2,22,1,1,18,32516.0,1949.0,Mixed
2016-01-18 23:00:00,Rat_lodging_Ben,232.18,-8.3,0.0,-18.9,1024.1,7.7,23,1,1,18,32516.0,1949.0,Mixed
2016-01-19 00:00:00,Rat_lodging_Ben,224.46,-8.9,0.0,-18.9,1024.0,6.2,0,2,1,19,32516.0,1949.0,Mixed
2016-01-19 01:00:00,Rat_lodging_Ben,222.31,-8.9,0.0,-19.4,1024.3,6.7,1,2,1,19,32516.0,1949.0,Mixed
2016-01-19 02:00:00,Rat_lodging_Ben,225.39,-8.9,0.0,-19.4,1024.4,6.2,2,2,1,19,32516.0,1949.0,Mixed
2016-01-19 03:00:00,Rat_lodging_Ben,218.98,-8.9,0.0,-19.4,1024.5,3.1,3,2,1,19,32516.0,1949.0,Mixed
2016-01-19 04:00:00,Rat_lodging_Ben,219.11,-8.9,0.0,-19.4,1024.1,10.8,4,2,1,19,32516.0,1949.0,Mixed
2016-01-19 05:00:00,Rat_lodging_Ben,226.43,-8.9,0.0,-19.4,1024.7,4.1,5,2,1,19,32516.0,1949.0,Mixed
2016-01-19 06:00:00,Rat_lodging_Ben,269.93,-9.4,0.0,-18.9,1025.1,6.2,6,2,1,19,32516.0,1949.0,Mixed
2016-01-19 07:00:00,Rat_lodging_Ben,307.12,-9.4,0.0,-18.3,1026.1,6.2,7,2,1,19,32516.0,1949.0,Mixed
2016-01-19 08:00:00,Rat_lodging_Ben,313.03,-8.9,0.0,-18.3,1026.0,7.2,8,2,1,19,32516.0,1949.0,Mixed
2016-01-19 09:00:00,Rat_lodging_Ben,315.96,-7.8,0.0,-18.3,1026.4,6.7,9,2,1,19,32516.0,1949.0,Mixed
2016-01-19 10:00:00,Rat_lodging_Ben,328.2,-7.2,0.0,-18.3,1026.8,8.2,10,2,1,19,32516.0,1949.0,Mixed
2016-01-19 11:00:00,Rat_lodging_Ben,330.57,-5.6,2.0,-17.8,1026.7,8.8,11,2,1,19,32516.0,1949.0,Mixed
2016-01-19 12:00:00,Rat_lodging_Ben,334.05,-4.4,2.0,-17.2,1026.9,6.7,12,2,1,19,32516.0,1949.0,Mixed
2016-01-19 13:00:00,Rat_lodging_Ben,323.82,-3.3,4.0,-17.2,1026.5,8.2,13,2,1,19,32516.0,1949.0,Mixed
2016-01-19 14:00:00,Rat_lodging_Ben,329.7,-3.3,2.0,-17.2,1026.0,10.3,14,2,1,19,32516.0,1949.0,Mixed
2016-01-19 15:00:00,Rat_lodging_Ben,322.05,-2.8,2.0,-17.2,1025.7,9.3,15,2,1,19,32516.0,1949.0,Mixed
2016-01-19 16:00:00,Rat_lodging_Ben,317.35,-2.8,0.0,-17.2,1025.9,7.2,16,2,1,19,32516.0,1949.0,Mixed
2016-01-19 17:00:00,Rat_lodging_Ben,317.32,-3.3,0.0,-17.2,1026.6,7.2,17,2,1,19,32516.0,1949.0,Mixed
2016-01-19 18:00:00,Rat_lodging_Ben,316.21,-3.9,0.0,-16.7,1027.2,6.2,18,2,1,19,32516.0,1949.0,Mixed
2016-01-19 19:00:00,Rat_lodging_Ben,314.3,-4.4,0.0,-16.7,1027.8,6.2,19,2,1,19,32516.0,1949.0,Mixed
2016-01-19 20:00:00,Rat_lodging_Ben,315.2,-4.4,0.0,-16.1,1028.0,5.7,20,2,1,19,32516.0,1949.0,Mixed
2016-01-19 21:00:00,Rat_lodging_Ben,319.27,-5.0,0.0,-16.1,1028.0,4.6,21,2,1,19,32516.0,1949.0,Mixed
2016-01-19 22:00:00,Rat_lodging_Ben,296.57,-5.6,0.0,-16.1,1028.2,4.1,22,2,1,19,32516.0,1949.0,Mixed
2016-01-19 23:00:00,Rat_lodging_Ben,270.94,-6.1,0.0,-16.1,1028.7,5.7,23,2,1,19,32516.0,1949.0,Mixed
2016-01-20 00:00:00,Rat_lodging_Ben,262.08,-6.1,0.0,-15.6,1028.4,6.2,0,3,1,20,32516.0,1949.0,Mixed
2016-01-20 01:00:00,Rat_lodging_Ben,257.6,-6.1,0.0,-15.6,1028.3,4.1,1,3,1,20,32516.0,1949.0,Mixed
2016-01-20 02:00:00,Rat_lodging_Ben,253.63,-6.1,0.0,-15.6,1028.3,6.7,2,3,1,20,32516.0,1949.0,Mixed
2016-01-20 03:00:00,Rat_lodging_Ben,250.78,-6.1,0.0,-15.6,1028.9,6.2,3,3,1,20,32516.0,1949.0,Mixed
2016-01-20 04:00:00,Rat_lodging_Ben,249.45,-6.7,0.0,-15.0,1028.5,6.2,4,3,1,20,32516.0,1949.0,Mixed
2016-01-20 05:00:00,Rat_lodging_Ben,255.14,-6.7,0.0,-15.0,1028.3,6.7,5,3,1,20,32516.0,1949.0,Mixed
2016-01-20 06:00:00,Rat_lodging_Ben,269.34,-6.7,0.0,-15.0,1028.6,4.6,6,3,1,20,32516.0,1949.0,Mixed
2016-01-20 07:00:00,Rat_lodging_Ben,306.97,-6.7,6.0,-15.0,1028.7,4.6,7,3,1,20,32516.0,1949.0,Mixed
2016-01-20 08:00:00,Rat_lodging_Ben,314.49,-6.7,6.666666666666667,-15.0,1028.5,4.1,8,3,1,20,32516.0,1949.0,Mixed
2016-01-20 09:00:00,Rat_lodging_Ben,328.92,-6.1,7.333333333333333,-15.0,1028.9,5.1,9,3,1,20,32516.0,1949.0,Mixed
2016-01-20 10:00:00,Rat_lodging_Ben,330.39,-5.0,8.0,-14.4,1028.9,3.6,10,3,1,20,32516.0,1949.0,Mixed
2016-01-20 11:00:00,Rat_lodging_Ben,337.39,-3.3,8.0,-13.9,1027.9,2.6,11,3,1,20,32516.0,1949.0,Mixed
2016-01-20 12:00:00,Rat_lodging_Ben,331.17,-1.7,8.0,-13.9,1026.6,1.5,12,3,1,20,32516.0,1949.0,Mixed
2016-01-20 13:00:00,Rat_lodging_Ben,321.29,-1.7,8.0,-13.9,1024.7,3.1,13,3,1,20,32516.0,1949.0,Mixed
2016-01-20 14:00:00,Rat_lodging_Ben,319.06,-1.1,8.0,-13.9,1023.4,2.1,14,3,1,20,32516.0,1949.0,Mixed
2016-01-20 15:00:00,Rat_lodging_Ben,321.56,-1.1,8.0,-13.9,1022.5,2.1,15,3,1,20,32516.0,1949.0,Mixed
2016-01-20 16:00:00,Rat_lodging_Ben,320.71,-1.7,8.0,-11.7,1021.7,3.6,16,3,1,20,32516.0,1949.0,Mixed
2016-01-20 17:00:00,Rat_lodging_Ben,320.84,-1.7,8.0,-11.7,1021.5,3.1,17,3,1,20,32516.0,1949.0,Mixed
2016-01-20 18:00:00,Rat_lodging_Ben,308.83,-1.1,8.0,-12.8,1021.8,3.6,18,3,1,20,32516.0,1949.0,Mixed
2016-01-20 19:00:00,Rat_lodging_Ben,309.7,-3.3,8.0,-6.1,1022.1,4.1,19,3,1,20,32516.0,1949.0,Mixed
2016-01-20 20:00:00,Rat_lodging_Ben,311.38,-3.3,8.0,-5.6,1021.8,3.1,20,3,1,20,32516.0,1949.0,Mixed
2016-01-20 21:00:00,Rat_lodging_Ben,313.13,-3.3,8.0,-5.0,1021.15,0.0,21,3,1,20,32516.0,1949.0,Mixed
2016-01-20 22:00:00,Rat_lodging_Ben,291.62,-3.3,8.0,-5.0,1020.5,1.5,22,3,1,20,32516.0,1949.0,Mixed
2016-01-20 23:00:00,Rat_lodging_Ben,271.13,-3.3,8.0,-5.0,1020.6,1.5,23,3,1,20,32516.0,1949.0,Mixed
2016-01-21 00:00:00,Rat_lodging_Ben,264.47,-3.3,8.0,-5.0,1020.8,1.5,0,4,1,21,32516.0,1949.0,Mixed
2016-01-21 01:00:00,Rat_lodging_Ben,252.31,-3.3,8.0,-5.0,1020.6,2.1,1,4,1,21,32516.0,1949.0,Mixed
2016-01-21 02:00:00,Rat_lodging_Ben,248.73,-3.3,2.0,-6.1,1021.2,4.1,2,4,1,21,32516.0,1949.0,Mixed
2016-01-21 03:00:00,Rat_lodging_Ben,247.79,-3.3,0.0,-8.9,1021.7,6.2,3,4,1,21,32516.0,1949.0,Mixed
2016-01-21 04:00:00,Rat_lodging_Ben,245.85,-3.9,0.0,-9.4,1022.6,4.1,4,4,1,21,32516.0,1949.0,Mixed
2016-01-21 05:00:00,Rat_lodging_Ben,248.38,-3.9,2.0,-10.0,1023.1,6.7,5,4,1,21,32516.0,1949.0,Mixed
2016-01-21 06:00:00,Rat_lodging_Ben,267.53,-3.9,0.0,-10.0,1024.0,4.6,6,4,1,21,32516.0,1949.0,Mixed
2016-01-21 07:00:00,Rat_lodging_Ben,297.85,-4.4,2.0,-10.6,1025.2,5.7,7,4,1,21,32516.0,1949.0,Mixed
2016-01-21 08:00:00,Rat_lodging_Ben,311.47,-4.4,2.0,-10.6,1025.8,4.1,8,4,1,21,32516.0,1949.0,Mixed
2016-01-21 09:00:00,Rat_lodging_Ben,311.53,-3.3,2.0,-10.0,1027.0,6.2,9,4,1,21,32516.0,1949.0,Mixed
2016-01-21 10:00:00,Rat_lodging_Ben,323.83,-2.8,4.0,-9.4,1027.2,6.7,10,4,1,21,32516.0,1949.0,Mixed
2016-01-21 11:00:00,Rat_lodging_Ben,318.97,-1.7,5.333333333333333,-8.9,1027.1,6.2,11,4,1,21,32516.0,1949.0,Mixed
2016-01-21 12:00:00,Rat_lodging_Ben,308.47,-0.6,6.666666666666666,-8.3,1026.6,4.1,12,4,1,21,32516.0,1949.0,Mixed
2016-01-21 13:00:00,Rat_lodging_Ben,315.7,1.1,8.0,-8.3,1026.1,8.2,13,4,1,21,32516.0,1949.0,Mixed
2016-01-21 14:00:00,Rat_lodging_Ben,320.14,0.6,7.333333333333333,-9.4,1025.3,7.2,14,4,1,21,32516.0,1949.0,Mixed
2016-01-21 15:00:00,Rat_lodging_Ben,321.56,0.6,6.666666666666667,-10.6,1025.1,6.7,15,4,1,21,32516.0,1949.0,Mixed
2016-01-21 16:00:00,Rat_lodging_Ben,321.21,0.6,6.0,-10.6,1024.6,5.1,16,4,1,21,32516.0,1949.0,Mixed
2016-01-21 17:00:00,Rat_lodging_Ben,313.86,0.0,4.0,-11.1,1025.3,5.7,17,4,1,21,32516.0,1949.0,Mixed
2016-01-21 18:00:00,Rat_lodging_Ben,308.77,-0.6,4.0,-11.1,1026.0,4.6,18,4,1,21,32516.0,1949.0,Mixed
2016-01-21 19:00:00,Rat_lodging_Ben,310.35,-0.6,6.0,-11.1,1026.8,5.1,19,4,1,21,32516.0,1949.0,Mixed
2016-01-21 20:00:00,Rat_lodging_Ben,307.24,-1.7,5.0,-11.1,1026.7,4.1,20,4,1,21,32516.0,1949.0,Mixed
2016-01-21 21:00:00,Rat_lodging_Ben,308.15,-1.7,4.0,-10.6,1027.0,4.1,21,4,1,21,32516.0,1949.0,Mixed
2016-01-21 22:00:00,Rat_lodging_Ben,289.99,-2.2,2.0,-11.1,1027.0,5.7,22,4,1,21,32516.0,1949.0,Mixed
2016-01-21 23:00:00,Rat_lodging_Ben,266.52,-2.8,2.0,-11.1,1027.6,5.7,23,4,1,21,32516.0,1949.0,Mixed
2016-01-22 00:00:00,Rat_lodging_Ben,258.33,-3.3,2.0,-10.6,1027.0,5.7,0,5,1,22,32516.0,1949.0,Mixed
2016-01-22 01:00:00,Rat_lodging_Ben,252.32,-3.3,0.0,-10.6,1026.8,5.1,1,5,1,22,32516.0,1949.0,Mixed
2016-01-22 02:00:00,Rat_lodging_Ben,245.43,-3.9,2.0,-10.6,1026.8,4.6,2,5,1,22,32516.0,1949.0,Mixed
2016-01-22 03:00:00,Rat_lodging_Ben,246.24,-5.0,2.0,-10.6,1026.6,3.1,3,5,1,22,32516.0,1949.0,Mixed
2016-01-22 04:00:00,Rat_lodging_Ben,242.4,-5.0,0.0,-10.6,1026.4,2.1,4,5,1,22,32516.0,1949.0,Mixed
2016-01-22 05:00:00,Rat_lodging_Ben,246.27,-5.6,0.0,-10.6,1026.7,2.6,5,5,1,22,32516.0,1949.0,Mixed
2016-01-22 06:00:00,Rat_lodging_Ben,264.07,-4.4,4.0,-10.6,1027.0,4.6,6,5,1,22,32516.0,1949.0,Mixed
2016-01-22 07:00:00,Rat_lodging_Ben,298.75,-3.9,8.0,-10.0,1026.7,2.1,7,5,1,22,32516.0,1949.0,Mixed
2016-01-22 08:00:00,Rat_lodging_Ben,313.2,-3.3,8.0,-9.4,1027.1,2.6,8,5,1,22,32516.0,1949.0,Mixed
2016-01-22 09:00:00,Rat_lodging_Ben,329.11,-3.3,8.0,-8.9,1026.5,3.6,9,5,1,22,32516.0,1949.0,Mixed
2016-01-22 10:00:00,Rat_lodging_Ben,325.83,-2.2,8.0,-8.9,1026.4,4.1,10,5,1,22,32516.0,1949.0,Mixed
2016-01-22 11:00:00,Rat_lodging_Ben,321.48,-1.7,8.0,-9.4,1025.1,6.2,11,5,1,22,32516.0,1949.0,Mixed
2016-01-22 12:00:00,Rat_lodging_Ben,331.32,-1.7,8.0,-9.4,1023.9,5.1,12,5,1,22,32516.0,1949.0,Mixed
2016-01-22 13:00:00,Rat_lodging_Ben,315.61,-1.7,8.0,-10.6,1023.3,4.6,13,5,1,22,32516.0,1949.0,Mixed
2016-01-22 14:00:00,Rat_lodging_Ben,301.18,-3.9,8.0,-7.8,1022.3499999999999,5.7,14,5,1,22,32516.0,1949.0,Mixed
2016-01-22 15:00:00,Rat_lodging_Ben,293.62,-4.4,8.0,-6.1,1021.4,4.6,15,5,1,22,32516.0,1949.0,Mixed
2016-01-22 16:00:00,Rat_lodging_Ben,295.13,-4.4,8.0,-6.1,1021.4,3.6,16,5,1,22,32516.0,1949.0,Mixed
2016-01-22 17:00:00,Rat_lodging_Ben,296.18,-5.0,9.0,-6.7,1020.3,5.7,17,5,1,22,32516.0,1949.0,Mixed
2016-01-22 18:00:00,Rat_lodging_Ben,302.35,-5.0,9.0,-6.7,1019.3,6.2,18,5,1,22,32516.0,1949.0,Mixed
2016-01-22 19:00:00,Rat_lodging_Ben,290.88,-5.0,9.0,-6.7,1018.3,7.2,19,5,1,22,32516.0,1949.0,Mixed
2016-01-22 20:00:00,Rat_lodging_Ben,289.19,-5.0,9.0,-6.7,1017.1,7.2,20,5,1,22,32516.0,1949.0,Mixed
2016-01-22 21:00:00,Rat_lodging_Ben,280.44,-5.0,9.0,-6.7,1014.8,7.7,21,5,1,22,32516.0,1949.0,Mixed
2016-01-22 22:00:00,Rat_lodging_Ben,275.51,-5.0,9.0,-6.7,1013.1,9.8,22,5,1,22,32516.0,1949.0,Mixed
2016-01-22 23:00:00,Rat_lodging_Ben,256.38,-5.0,9.0,-6.7,1011.2,9.3,23,5,1,22,32516.0,1949.0,Mixed
2016-01-23 00:00:00,Rat_lodging_Ben,252.69,-4.4,9.0,-6.1,1009.7,7.7,0,6,1,23,32516.0,1949.0,Mixed
2016-01-23 01:00:00,Rat_lodging_Ben,246.71,-4.4,9.0,-6.1,1008.7,8.2,1,6,1,23,32516.0,1949.0,Mixed
2016-01-23 02:00:00,Rat_lodging_Ben,248.55,-4.4,9.0,-6.1,1007.4,9.3,2,6,1,23,32516.0,1949.0,Mixed
2016-01-23 03:00:00,Rat_lodging_Ben,242.45,-4.4,9.0,-6.1,1005.7,9.3,3,6,1,23,32516.0,1949.0,Mixed
2016-01-23 04:00:00,Rat_lodging_Ben,248.99,-4.4,9.0,-6.1,1004.0,8.2,4,6,1,23,32516.0,1949.0,Mixed
2016-01-23 05:00:00,Rat_lodging_Ben,244.28,-3.9,9.0,-5.6,1001.9,11.3,5,6,1,23,32516.0,1949.0,Mixed
2016-01-23 06:00:00,Rat_lodging_Ben,260.65,-3.3,9.0,-5.0,1002.8,9.3,6,6,1,23,32516.0,1949.0,Mixed
2016-01-23 07:00:00,Rat_lodging_Ben,273.74,-3.9,9.0,-5.0,1003.0,8.8,7,6,1,23,32516.0,1949.0,Mixed
2016-01-23 08:00:00,Rat_lodging_Ben,285.28,-3.9,9.0,-5.0,1002.55,8.8,8,6,1,23,32516.0,1949.0,Mixed
2016-01-23 09:00:00,Rat_lodging_Ben,302.19,-3.3,9.0,-5.0,1002.1,9.3,9,6,1,23,32516.0,1949.0,Mixed
2016-01-23 10:00:00,Rat_lodging_Ben,297.37,-2.8,9.0,-4.4,1001.9,11.8,10,6,1,23,32516.0,1949.0,Mixed
2016-01-23 11:00:00,Rat_lodging_Ben,300.06,-2.2,9.0,-4.4,1001.8,11.8,11,6,1,23,32516.0,1949.0,Mixed
2016-01-23 12:00:00,Rat_lodging_Ben,302.13,-2.2,8.5,-4.4,1001.4,11.8,12,6,1,23,32516.0,1949.0,Mixed
2016-01-23 13:00:00,Rat_lodging_Ben,298.57,-2.2,8.0,-3.9,1000.8,9.8,13,6,1,23,32516.0,1949.0,Mixed
2016-01-23 14:00:00,Rat_lodging_Ben,296.56,-2.8,9.0,-4.4,1000.8,11.3,14,6,1,23,32516.0,1949.0,Mixed
2016-01-23 15:00:00,Rat_lodging_Ben,300.64,-3.3,9.0,-5.0,1001.8499999999999,13.9,15,6,1,23,32516.0,1949.0,Mixed
2016-01-23 16:00:00,Rat_lodging_Ben,294.7,-3.3,9.0,-5.0,1002.9,12.4,16,6,1,23,32516.0,1949.0,Mixed
2016-01-23 17:00:00,Rat_lodging_Ben,291.71,-3.3,9.0,-5.0,1004.4,11.8,17,6,1,23,32516.0,1949.0,Mixed
2016-01-23 18:00:00,Rat_lodging_Ben,297.82,-2.8,9.0,-4.4,1005.4,11.8,18,6,1,23,32516.0,1949.0,Mixed
2016-01-23 19:00:00,Rat_lodging_Ben,291.04,-2.8,9.0,-4.4,1006.6,10.3,19,6,1,23,32516.0,1949.0,Mixed
2016-01-23 20:00:00,Rat_lodging_Ben,286.24,-2.8,8.666666666666666,-4.4,1007.8,11.8,20,6,1,23,32516.0,1949.0,Mixed
2016-01-23 21:00:00,Rat_lodging_Ben,283.15,-2.2,8.333333333333334,-4.4,1008.5999999999999,8.2,21,6,1,23,32516.0,1949.0,Mixed
2016-01-23 22:00:00,Rat_lodging_Ben,278.5,-2.2,8.0,-5.0,1009.4,8.8,22,6,1,23,32516.0,1949.0,Mixed
2016-01-23 23:00:00,Rat_lodging_Ben,255.96,-2.2,8.0,-5.0,1010.0,8.8,23,6,1,23,32516.0,1949.0,Mixed
2016-01-24 00:00:00,Rat_lodging_Ben,256.57,-1.7,8.0,-6.1,1010.5,6.7,0,7,1,24,32516.0,1949.0,Mixed
2016-01-24 01:00:00,Rat_lodging_Ben,248.2,-1.1,8.0,-6.1,1010.6,6.2,1,7,1,24,32516.0,1949.0,Mixed
2016-01-24 02:00:00,Rat_lodging_Ben,243.56,-1.1,6.0,-7.8,1011.3,5.1,2,7,1,24,32516.0,1949.0,Mixed
2016-01-24 03:00:00,Rat_lodging_Ben,241.39,-2.2,4.0,-10.0,1012.4,5.7,3,7,1,24,32516.0,1949.0,Mixed
2016-01-24 04:00:00,Rat_lodging_Ben,239.54,-3.9,2.0,-11.1,1013.1,5.1,4,7,1,24,32516.0,1949.0,Mixed
2016-01-24 05:00:00,Rat_lodging_Ben,241.81,-5.0,0.0,-11.1,1014.0,6.2,5,7,1,24,32516.0,1949.0,Mixed
2016-01-24 06:00:00,Rat_lodging_Ben,256.23,-5.0,0.0,-12.2,1015.2,6.2,6,7,1,24,32516.0,1949.0,Mixed
2016-01-24 07:00:00,Rat_lodging_Ben,282.27,-5.6,0.0,-12.2,1016.4,4.6,7,7,1,24,32516.0,1949.0,Mixed
2016-01-24 08:00:00,Rat_lodging_Ben,287.39,-4.4,0.0,-12.8,1017.4,2.6,8,7,1,24,32516.0,1949.0,Mixed
2016-01-24 09:00:00,Rat_lodging_Ben,298.58,-3.9,0.0,-12.8,1018.7,6.2,9,7,1,24,32516.0,1949.0,Mixed
2016-01-24 10:00:00,Rat_lodging_Ben,300.28,-3.3,2.0,-11.7,1019.6,7.2,10,7,1,24,32516.0,1949.0,Mixed
2016-01-24 11:00:00,Rat_lodging_Ben,294.81,-2.2,2.0,-10.6,1020.1,6.7,11,7,1,24,32516.0,1949.0,Mixed
2016-01-24 12:00:00,Rat_lodging_Ben,299.39,-1.1,2.0,-10.6,1019.7,5.1,12,7,1,24,32516.0,1949.0,Mixed
2016-01-24 13:00:00,Rat_lodging_Ben,299.87,0.0,2.0,-11.1,1019.4,6.7,13,7,1,24,32516.0,1949.0,Mixed
2016-01-24 14:00:00,Rat_lodging_Ben,305.38,0.6,2.0,-11.1,1019.3,5.7,14,7,1,24,32516.0,1949.0,Mixed
2016-01-24 15:00:00,Rat_lodging_Ben,301.03,1.1,4.0,-10.6,1018.9,4.6,15,7,1,24,32516.0,1949.0,Mixed
2016-01-24 16:00:00,Rat_lodging_Ben,289.66,1.1,2.0,-10.0,1019.5,3.6,16,7,1,24,32516.0,1949.0,Mixed
2016-01-24 17:00:00,Rat_lodging_Ben,291.11,0.6,2.0,-10.6,1019.6,1.5,17,7,1,24,32516.0,1949.0,Mixed
2016-01-24 18:00:00,Rat_lodging_Ben,297.03,0.6,2.0,-10.6,1020.2,0.0,18,7,1,24,32516.0,1949.0,Mixed
2016-01-24 19:00:00,Rat_lodging_Ben,295.4,-2.8,2.0,-6.1,1020.6,1.5,19,7,1,24,32516.0,1949.0,Mixed
2016-01-24 20:00:00,Rat_lodging_Ben,293.21,-3.3,2.0,-8.3,1021.0,1.5,20,7,1,24,32516.0,1949.0,Mixed
2016-01-24 21:00:00,Rat_lodging_Ben,298.97,-3.9,2.0,-7.8,1021.5,0.0,21,7,1,24,32516.0,1949.0,Mixed
2016-01-24 22:00:00,Rat_lodging_Ben,289.27,-5.0,4.0,-8.3,1021.8,2.1,22,7,1,24,32516.0,1949.0,Mixed
2016-01-24 23:00:00,Rat_lodging_Ben,266.26,-5.6,2.0,-7.8,1022.3,1.5,23,7,1,24,32516.0,1949.0,Mixed
2016-01-25 00:00:00,Rat_lodging_Ben,257.39,-5.0,2.0,-8.3,1022.2,2.6,0,1,1,25,32516.0,1949.0,Mixed
2016-01-25 01:00:00,Rat_lodging_Ben,248.47,-5.6,2.0,-8.3,1022.0,1.5,1,1,1,25,32516.0,1949.0,Mixed
2016-01-25 02:00:00,Rat_lodging_Ben,246.28,-6.7,0.0,-8.3,1022.5,1.5,2,1,1,25,32516.0,1949.0,Mixed
2016-01-25 03:00:00,Rat_lodging_Ben,243.66,-7.2,0.0,-8.9,1022.8,0.0,3,1,1,25,32516.0,1949.0,Mixed
2016-01-25 04:00:00,Rat_lodging_Ben,244.91,-7.2,0.0,-8.9,1022.7,1.5,4,1,1,25,32516.0,1949.0,Mixed
2016-01-25 05:00:00,Rat_lodging_Ben,252.34,-7.2,0.0,-8.3,1023.1,0.0,5,1,1,25,32516.0,1949.0,Mixed
2016-01-25 06:00:00,Rat_lodging_Ben,267.68,-8.3,3.0,-9.4,1024.0,2.1,6,1,1,25,32516.0,1949.0,Mixed
2016-01-25 07:00:00,Rat_lodging_Ben,300.85,-7.8,6.0,-9.4,1024.4,2.1,7,1,1,25,32516.0,1949.0,Mixed
2016-01-25 08:00:00,Rat_lodging_Ben,302.29,-7.8,6.666666666666667,-9.4,1025.0,1.5,8,1,1,25,32516.0,1949.0,Mixed
2016-01-25 09:00:00,Rat_lodging_Ben,311.96,-6.1,7.333333333333333,-8.9,1025.7,3.1,9,1,1,25,32516.0,1949.0,Mixed
2016-01-25 10:00:00,Rat_lodging_Ben,308.07,-3.3,8.0,-7.8,1026.5,1.5,10,1,1,25,32516.0,1949.0,Mixed
2016-01-25 11:00:00,Rat_lodging_Ben,309.46,-1.1,8.0,-7.2,1026.5,0.0,11,1,1,25,32516.0,1949.0,Mixed
2016-01-25 12:00:00,Rat_lodging_Ben,311.81,2.2,8.0,-7.2,1026.0,0.0,12,1,1,25,32516.0,1949.0,Mixed
2016-01-25 13:00:00,Rat_lodging_Ben,312.16,3.3,8.0,-6.1,1025.0,0.0,13,1,1,25,32516.0,1949.0,Mixed
2016-01-25 14:00:00,Rat_lodging_Ben,306.79,3.9,7.333333333333333,-7.2,1024.3,0.0,14,1,1,25,32516.0,1949.0,Mixed
2016-01-25 15:00:00,Rat_lodging_Ben,305.25,4.4,6.666666666666667,-6.1,1023.9,0.0,15,1,1,25,32516.0,1949.0,Mixed
2016-01-25 16:00:00,Rat_lodging_Ben,311.45,5.0,6.0,-7.2,1024.2,0.0,16,1,1,25,32516.0,1949.0,Mixed
2016-01-25 17:00:00,Rat_lodging_Ben,303.45,1.7,6.0,-6.1,1024.3,0.0,17,1,1,25,32516.0,1949.0,Mixed
2016-01-25 18:00:00,Rat_lodging_Ben,300.21,2.2,6.0,-4.4,1024.6,1.5,18,1,1,25,32516.0,1949.0,Mixed
2016-01-25 19:00:00,Rat_lodging_Ben,301.35,0.0,6.0,-4.4,1025.0,0.0,19,1,1,25,32516.0,1949.0,Mixed
2016-01-25 20:00:00,Rat_lodging_Ben,295.81,1.1,6.666666666666667,-2.8,1024.6,0.0,20,1,1,25,32516.0,1949.0,Mixed
2016-01-25 21:00:00,Rat_lodging_Ben,301.49,-0.6,7.333333333333333,-3.3,1024.1,1.5,21,1,1,25,32516.0,1949.0,Mixed
2016-01-25 22:00:00,Rat_lodging_Ben,291.44,1.1,8.0,-3.3,1023.7,2.1,22,1,1,25,32516.0,1949.0,Mixed
2016-01-25 23:00:00,Rat_lodging_Ben,262.02,2.2,7.333333333333333,-3.9,1023.0,1.5,23,1,1,25,32516.0,1949.0,Mixed
2016-01-26 00:00:00,Rat_lodging_Ben,256.15,2.2,6.666666666666667,-3.3,1022.7,2.6,0,2,1,26,32516.0,1949.0,Mixed
2016-01-26 01:00:00,Rat_lodging_Ben,247.84,1.7,6.0,-3.3,1022.0,2.1,1,2,1,26,32516.0,1949.0,Mixed
2016-01-26 02:00:00,Rat_lodging_Ben,249.13,1.1,6.0,-3.9,1021.0,0.0,2,2,1,26,32516.0,1949.0,Mixed
2016-01-26 03:00:00,Rat_lodging_Ben,245.96,0.0,6.0,-4.4,1021.0,4.1,3,2,1,26,32516.0,1949.0,Mixed
2016-01-26 04:00:00,Rat_lodging_Ben,245.51,1.7,6.0,-3.9,1019.7,7.2,4,2,1,26,32516.0,1949.0,Mixed
2016-01-26 05:00:00,Rat_lodging_Ben,256.71,1.7,6.666666666666667,-3.9,1019.4,3.1,5,2,1,26,32516.0,1949.0,Mixed
2016-01-26 06:00:00,Rat_lodging_Ben,277.84,2.8,7.333333333333333,-3.3,1019.4,0.0,6,2,1,26,32516.0,1949.0,Mixed
2016-01-26 07:00:00,Rat_lodging_Ben,301.73,2.2,8.0,-2.8,1019.6,3.1,7,2,1,26,32516.0,1949.0,Mixed
2016-01-26 08:00:00,Rat_lodging_Ben,302.84,3.3,8.0,-1.7,1019.9,0.0,8,2,1,26,32516.0,1949.0,Mixed
2016-01-26 09:00:00,Rat_lodging_Ben,304.52,3.3,8.0,-1.1,1019.5,4.1,9,2,1,26,32516.0,1949.0,Mixed
2016-01-26 10:00:00,Rat_lodging_Ben,317.83,5.0,8.0,-1.1,1019.5,3.1,10,2,1,26,32516.0,1949.0,Mixed
2016-01-26 11:00:00,Rat_lodging_Ben,321.51,5.0,8.0,-1.1,1018.7,5.1,11,2,1,26,32516.0,1949.0,Mixed
2016-01-26 12:00:00,Rat_lodging_Ben,313.82,7.2,8.0,-1.1,1017.7,3.6,12,2,1,26,32516.0,1949.0,Mixed
2016-01-26 13:00:00,Rat_lodging_Ben,310.01,8.3,8.0,-1.1,1016.7,4.1,13,2,1,26,32516.0,1949.0,Mixed
2016-01-26 14:00:00,Rat_lodging_Ben,310.23,10.6,7.333333333333333,-0.6,1016.3,5.1,14,2,1,26,32516.0,1949.0,Mixed
2016-01-26 15:00:00,Rat_lodging_Ben,301.02,9.4,6.666666666666667,-0.6,1016.0,6.2,15,2,1,26,32516.0,1949.0,Mixed
2016-01-26 16:00:00,Rat_lodging_Ben,296.47,10.0,6.0,0.0,1015.4,7.2,16,2,1,26,32516.0,1949.0,Mixed
2016-01-26 17:00:00,Rat_lodging_Ben,298.52,9.4,6.666666666666667,0.6,1015.9,5.7,17,2,1,26,32516.0,1949.0,Mixed
2016-01-26 18:00:00,Rat_lodging_Ben,291.0,10.6,7.333333333333333,1.1,1016.5,3.6,18,2,1,26,32516.0,1949.0,Mixed
2016-01-26 19:00:00,Rat_lodging_Ben,290.59,6.1,8.0,2.2,1016.1,4.1,19,2,1,26,32516.0,1949.0,Mixed
2016-01-26 20:00:00,Rat_lodging_Ben,304.96,8.3,8.0,2.2,1016.4,3.1,20,2,1,26,32516.0,1949.0,Mixed
2016-01-26 21:00:00,Rat_lodging_Ben,306.74,6.7,8.0,1.7,1016.0,3.6,21,2,1,26,32516.0,1949.0,Mixed
2016-01-26 22:00:00,Rat_lodging_Ben,287.1,6.1,8.0,1.1,1015.9,1.5,22,2,1,26,32516.0,1949.0,Mixed
2016-01-26 23:00:00,Rat_lodging_Ben,264.91,7.2,7.333333333333333,1.7,1015.8,1.5,23,2,1,26,32516.0,1949.0,Mixed
2016-01-27 00:00:00,Rat_lodging_Ben,257.44,7.2,6.666666666666667,1.7,1015.5,3.1,0,3,1,27,32516.0,1949.0,Mixed
2016-01-27 01:00:00,Rat_lodging_Ben,250.86,8.3,6.0,1.7,1015.7,2.1,1,3,1,27,32516.0,1949.0,Mixed
2016-01-27 02:00:00,Rat_lodging_Ben,240.61,8.3,6.666666666666667,2.8,1016.5,2.6,2,3,1,27,32516.0,1949.0,Mixed
2016-01-27 03:00:00,Rat_lodging_Ben,242.68,6.7,7.333333333333333,1.1,1016.8,5.7,3,3,1,27,32516.0,1949.0,Mixed
2016-01-27 04:00:00,Rat_lodging_Ben,241.06,5.0,8.0,0.6,1017.4,6.7,4,3,1,27,32516.0,1949.0,Mixed
2016-01-27 05:00:00,Rat_lodging_Ben,245.69,4.4,8.0,-0.6,1018.1,5.1,5,3,1,27,32516.0,1949.0,Mixed
2016-01-27 06:00:00,Rat_lodging_Ben,274.52,4.4,8.0,-1.1,1018.9,5.7,6,3,1,27,32516.0,1949.0,Mixed
2016-01-27 07:00:00,Rat_lodging_Ben,301.64,4.4,8.0,-2.2,1020.4,4.6,7,3,1,27,32516.0,1949.0,Mixed
2016-01-27 08:00:00,Rat_lodging_Ben,315.85,3.9,8.0,-2.2,1021.1,4.6,8,3,1,27,32516.0,1949.0,Mixed
2016-01-27 09:00:00,Rat_lodging_Ben,325.26,3.9,8.0,-2.2,1021.7,3.6,9,3,1,27,32516.0,1949.0,Mixed
2016-01-27 10:00:00,Rat_lodging_Ben,329.78,4.4,8.0,-2.8,1022.6,5.7,10,3,1,27,32516.0,1949.0,Mixed
2016-01-27 11:00:00,Rat_lodging_Ben,337.85,5.0,6.0,-5.0,1023.4,7.2,11,3,1,27,32516.0,1949.0,Mixed
2016-01-27 12:00:00,Rat_lodging_Ben,319.28,5.6,4.0,-5.0,1022.9,4.6,12,3,1,27,32516.0,1949.0,Mixed
2016-01-27 13:00:00,Rat_lodging_Ben,306.82,5.6,4.0,-5.0,1021.9,7.2,13,3,1,27,32516.0,1949.0,Mixed
2016-01-27 14:00:00,Rat_lodging_Ben,311.75,5.6,4.0,-5.0,1021.3,4.6,14,3,1,27,32516.0,1949.0,Mixed
2016-01-27 15:00:00,Rat_lodging_Ben,316.57,5.6,4.0,-3.9,1021.2,5.7,15,3,1,27,32516.0,1949.0,Mixed
2016-01-27 16:00:00,Rat_lodging_Ben,308.09,5.6,4.0,-6.7,1021.5,5.1,16,3,1,27,32516.0,1949.0,Mixed
2016-01-27 17:00:00,Rat_lodging_Ben,314.69,4.4,4.0,-7.8,1022.0,4.1,17,3,1,27,32516.0,1949.0,Mixed
2016-01-27 18:00:00,Rat_lodging_Ben,310.42,3.9,4.0,-7.2,1022.1,4.6,18,3,1,27,32516.0,1949.0,Mixed
2016-01-27 19:00:00,Rat_lodging_Ben,312.17,3.3,4.0,-7.2,1022.0,3.6,19,3,1,27,32516.0,1949.0,Mixed
2016-01-27 20:00:00,Rat_lodging_Ben,311.86,2.8,4.0,-6.7,1022.0,3.1,20,3,1,27,32516.0,1949.0,Mixed
2016-01-27 21:00:00,Rat_lodging_Ben,317.0,1.7,4.0,-6.1,1021.7,4.1,21,3,1,27,32516.0,1949.0,Mixed
2016-01-27 22:00:00,Rat_lodging_Ben,291.72,1.1,6.0,-6.7,1021.8,2.1,22,3,1,27,32516.0,1949.0,Mixed
2016-01-27 23:00:00,Rat_lodging_Ben,281.15,1.1,4.0,-6.7,1022.0,0.0,23,3,1,27,32516.0,1949.0,Mixed
2016-01-28 00:00:00,Rat_lodging_Ben,261.83,-0.6,2.0,-6.1,1021.4,0.0,0,4,1,28,32516.0,1949.0,Mixed
2016-01-28 01:00:00,Rat_lodging_Ben,248.94,-1.1,4.0,-5.6,1021.4,0.0,1,4,1,28,32516.0,1949.0,Mixed
2016-01-28 02:00:00,Rat_lodging_Ben,250.03,-2.2,4.0,-5.0,1020.9,1.5,2,4,1,28,32516.0,1949.0,Mixed
2016-01-28 03:00:00,Rat_lodging_Ben,251.63,-2.2,4.0,-5.6,1020.4,0.0,3,4,1,28,32516.0,1949.0,Mixed
2016-01-28 04:00:00,Rat_lodging_Ben,251.37,-3.9,6.0,-6.1,1019.1,0.0,4,4,1,28,32516.0,1949.0,Mixed
2016-01-28 05:00:00,Rat_lodging_Ben,255.61,-3.3,4.0,-5.6,1018.6,0.0,5,4,1,28,32516.0,1949.0,Mixed
2016-01-28 06:00:00,Rat_lodging_Ben,269.58,-3.3,4.0,-5.6,1017.9,0.0,6,4,1,28,32516.0,1949.0,Mixed
2016-01-28 07:00:00,Rat_lodging_Ben,300.53,-3.3,4.0,-5.6,1017.7,1.5,7,4,1,28,32516.0,1949.0,Mixed
2016-01-28 08:00:00,Rat_lodging_Ben,296.56,-3.3,4.0,-5.0,1017.4,1.5,8,4,1,28,32516.0,1949.0,Mixed
2016-01-28 09:00:00,Rat_lodging_Ben,315.95,-2.2,4.0,-4.4,1017.2,0.0,9,4,1,28,32516.0,1949.0,Mixed
2016-01-28 10:00:00,Rat_lodging_Ben,316.8,-0.6,4.0,-5.0,1016.8,2.1,10,4,1,28,32516.0,1949.0,Mixed
2016-01-28 11:00:00,Rat_lodging_Ben,320.15,1.1,4.0,-3.9,1016.3,3.1,11,4,1,28,32516.0,1949.0,Mixed
2016-01-28 12:00:00,Rat_lodging_Ben,321.05,2.8,5.0,-4.4,1014.3,3.6,12,4,1,28,32516.0,1949.0,Mixed
2016-01-28 13:00:00,Rat_lodging_Ben,316.69,3.9,6.0,-4.4,1012.7,3.1,13,4,1,28,32516.0,1949.0,Mixed
2016-01-28 14:00:00,Rat_lodging_Ben,316.45,3.9,6.666666666666667,-3.3,1011.4,4.6,14,4,1,28,32516.0,1949.0,Mixed
2016-01-28 15:00:00,Rat_lodging_Ben,317.1,3.9,7.333333333333333,-3.3,1010.8,4.1,15,4,1,28,32516.0,1949.0,Mixed
2016-01-28 16:00:00,Rat_lodging_Ben,318.17,3.9,8.0,-3.3,1009.6,4.1,16,4,1,28,32516.0,1949.0,Mixed
2016-01-28 17:00:00,Rat_lodging_Ben,309.24,3.9,7.333333333333333,-3.3,1009.2,3.1,17,4,1,28,32516.0,1949.0,Mixed
2016-01-28 18:00:00,Rat_lodging_Ben,306.54,2.8,6.666666666666667,-2.8,1008.6,1.5,18,4,1,28,32516.0,1949.0,Mixed
2016-01-28 19:00:00,Rat_lodging_Ben,302.4,2.8,6.0,-3.3,1008.0,1.5,19,4,1,28,32516.0,1949.0,Mixed
2016-01-28 20:00:00,Rat_lodging_Ben,305.0,2.8,6.666666666666667,-3.3,1007.5,3.1,20,4,1,28,32516.0,1949.0,Mixed
2016-01-28 21:00:00,Rat_lodging_Ben,298.53,2.2,7.333333333333333,-3.3,1006.5,2.6,21,4,1,28,32516.0,1949.0,Mixed
2016-01-28 22:00:00,Rat_lodging_Ben,288.29,2.8,8.0,-3.3,1006.1,0.0,22,4,1,28,32516.0,1949.0,Mixed
2016-01-28 23:00:00,Rat_lodging_Ben,266.12,2.2,7.333333333333333,-2.8,1006.2,2.1,23,4,1,28,32516.0,1949.0,Mixed
2016-01-29 00:00:00,Rat_lodging_Ben,251.56,2.2,6.666666666666667,-3.3,1004.8,0.0,0,5,1,29,32516.0,1949.0,Mixed
2016-01-29 01:00:00,Rat_lodging_Ben,247.51,1.7,6.0,-2.8,1004.0,1.5,1,5,1,29,32516.0,1949.0,Mixed
2016-01-29 02:00:00,Rat_lodging_Ben,245.95,0.0,5.0,-2.8,1003.0,3.1,2,5,1,29,32516.0,1949.0,Mixed
2016-01-29 03:00:00,Rat_lodging_Ben,240.53,-0.6,4.0,-3.3,1002.3,2.1,3,5,1,29,32516.0,1949.0,Mixed
2016-01-29 04:00:00,Rat_lodging_Ben,240.95,-1.1,0.0,-3.3,1001.3,2.1,4,5,1,29,32516.0,1949.0,Mixed
2016-01-29 05:00:00,Rat_lodging_Ben,250.62,-1.7,2.0,-3.3,1001.1,0.0,5,5,1,29,32516.0,1949.0,Mixed
2016-01-29 06:00:00,Rat_lodging_Ben,267.26,-1.1,4.0,-2.8,1001.7,2.6,6,5,1,29,32516.0,1949.0,Mixed
2016-01-29 07:00:00,Rat_lodging_Ben,306.23,3.9,6.0,-3.3,1002.1,4.6,7,5,1,29,32516.0,1949.0,Mixed
2016-01-29 08:00:00,Rat_lodging_Ben,306.18,2.8,6.0,-2.8,1002.2,2.6,8,5,1,29,32516.0,1949.0,Mixed
2016-01-29 09:00:00,Rat_lodging_Ben,302.6,5.0,6.0,-3.3,1002.7,3.1,9,5,1,29,32516.0,1949.0,Mixed
2016-01-29 10:00:00,Rat_lodging_Ben,306.0,6.1,6.0,-3.3,1003.5,7.2,10,5,1,29,32516.0,1949.0,Mixed
2016-01-29 11:00:00,Rat_lodging_Ben,317.09,3.3,6.0,-2.2,1004.8,5.7,11,5,1,29,32516.0,1949.0,Mixed
2016-01-29 12:00:00,Rat_lodging_Ben,315.99,5.0,6.0,-6.1,1004.4,11.3,12,5,1,29,32516.0,1949.0,Mixed
2016-01-29 13:00:00,Rat_lodging_Ben,303.83,3.9,6.0,-5.6,1005.3,9.3,13,5,1,29,32516.0,1949.0,Mixed
2016-01-29 14:00:00,Rat_lodging_Ben,305.91,4.4,6.0,-5.6,1005.6,9.3,14,5,1,29,32516.0,1949.0,Mixed
2016-01-29 15:00:00,Rat_lodging_Ben,296.13,4.4,6.0,-7.8,1006.8,9.3,15,5,1,29,32516.0,1949.0,Mixed
2016-01-29 16:00:00,Rat_lodging_Ben,299.49,3.3,6.0,-8.3,1008.5,10.8,16,5,1,29,32516.0,1949.0,Mixed
2016-01-29 17:00:00,Rat_lodging_Ben,300.97,2.8,4.0,-8.3,1009.9,8.8,17,5,1,29,32516.0,1949.0,Mixed
2016-01-29 18:00:00,Rat_lodging_Ben,299.72,2.2,2.0,-8.3,1011.2,8.2,18,5,1,29,32516.0,1949.0,Mixed
2016-01-29 19:00:00,Rat_lodging_Ben,302.47,1.7,2.0,-8.3,1012.6,5.7,19,5,1,29,32516.0,1949.0,Mixed
2016-01-29 20:00:00,Rat_lodging_Ben,306.79,1.1,0.0,-8.3,1013.4,5.7,20,5,1,29,32516.0,1949.0,Mixed
2016-01-29 21:00:00,Rat_lodging_Ben,309.57,0.6,0.0,-8.9,1014.2,5.7,21,5,1,29,32516.0,1949.0,Mixed
2016-01-29 22:00:00,Rat_lodging_Ben,294.8,0.6,0.0,-8.9,1015.2,4.6,22,5,1,29,32516.0,1949.0,Mixed
2016-01-29 23:00:00,Rat_lodging_Ben,262.42,0.0,0.0,-8.9,1016.0,3.6,23,5,1,29,32516.0,1949.0,Mixed
2016-01-30 00:00:00,Rat_lodging_Ben,258.64,-0.6,0.0,-9.4,1016.7,2.6,0,6,1,30,32516.0,1949.0,Mixed
2016-01-30 01:00:00,Rat_lodging_Ben,252.0,-1.1,0.0,-9.4,1017.3,3.1,1,6,1,30,32516.0,1949.0,Mixed
2016-01-30 02:00:00,Rat_lodging_Ben,251.27,-0.6,0.0,-9.4,1018.1,2.6,2,6,1,30,32516.0,1949.0,Mixed
2016-01-30 03:00:00,Rat_lodging_Ben,248.71,-1.1,0.0,-9.4,1019.4,0.0,3,6,1,30,32516.0,1949.0,Mixed
2016-01-30 04:00:00,Rat_lodging_Ben,250.38,-1.1,0.0,-9.4,1019.5,0.0,4,6,1,30,32516.0,1949.0,Mixed
2016-01-30 05:00:00,Rat_lodging_Ben,247.52,-1.7,0.0,-7.2,1019.2,0.0,5,6,1,30,32516.0,1949.0,Mixed
2016-01-30 06:00:00,Rat_lodging_Ben,260.54,-2.8,0.0,-7.8,1020.1,0.0,6,6,1,30,32516.0,1949.0,Mixed
2016-01-30 07:00:00,Rat_lodging_Ben,272.63,-3.9,2.0,-7.2,1020.0,2.1,7,6,1,30,32516.0,1949.0,Mixed
2016-01-30 08:00:00,Rat_lodging_Ben,290.36,-2.8,2.0,-7.2,1021.2,0.0,8,6,1,30,32516.0,1949.0,Mixed
2016-01-30 09:00:00,Rat_lodging_Ben,297.3,-1.7,4.0,-6.7,1021.1,2.6,9,6,1,30,32516.0,1949.0,Mixed
2016-01-30 10:00:00,Rat_lodging_Ben,298.95,-0.6,4.0,-6.7,1021.1,3.1,10,6,1,30,32516.0,1949.0,Mixed
2016-01-30 11:00:00,Rat_lodging_Ben,303.83,1.7,4.0,-7.2,1021.3,3.6,11,6,1,30,32516.0,1949.0,Mixed
2016-01-30 12:00:00,Rat_lodging_Ben,297.02,2.8,4.0,-5.6,1020.2,4.1,12,6,1,30,32516.0,1949.0,Mixed
2016-01-30 13:00:00,Rat_lodging_Ben,292.75,3.9,4.0,-5.6,1019.5,3.6,13,6,1,30,32516.0,1949.0,Mixed
2016-01-30 14:00:00,Rat_lodging_Ben,289.98,5.0,4.0,-6.1,1017.5,5.1,14,6,1,30,32516.0,1949.0,Mixed
2016-01-30 15:00:00,Rat_lodging_Ben,297.91,4.4,4.0,-4.4,1017.1,5.7,15,6,1,30,32516.0,1949.0,Mixed
2016-01-30 16:00:00,Rat_lodging_Ben,291.35,5.0,4.0,-4.4,1017.0,4.6,16,6,1,30,32516.0,1949.0,Mixed
2016-01-30 17:00:00,Rat_lodging_Ben,288.19,4.4,2.0,-3.3,1016.7,5.1,17,6,1,30,32516.0,1949.0,Mixed
2016-01-30 18:00:00,Rat_lodging_Ben,282.3,5.0,2.0,-3.9,1016.9,5.1,18,6,1,30,32516.0,1949.0,Mixed
2016-01-30 19:00:00,Rat_lodging_Ben,284.15,4.4,0.0,-4.4,1016.8,3.6,19,6,1,30,32516.0,1949.0,Mixed
2016-01-30 20:00:00,Rat_lodging_Ben,278.36,4.4,0.0,-4.4,1016.9,4.1,20,6,1,30,32516.0,1949.0,Mixed
2016-01-30 21:00:00,Rat_lodging_Ben,283.05,3.9,0.0,-3.9,1016.7,4.1,21,6,1,30,32516.0,1949.0,Mixed
2016-01-30 22:00:00,Rat_lodging_Ben,280.77,5.0,0.0,-5.0,1016.2,6.2,22,6,1,30,32516.0,1949.0,Mixed
2016-01-30 23:00:00,Rat_lodging_Ben,257.29,4.4,2.0,-3.9,1015.9,6.7,23,6,1,30,32516.0,1949.0,Mixed
2016-01-31 00:00:00,Rat_lodging_Ben,249.05,4.4,2.0,-3.9,1015.8,5.1,0,7,1,31,32516.0,1949.0,Mixed
2016-01-31 01:00:00,Rat_lodging_Ben,242.96,5.0,2.0,-4.4,1015.4,3.6,1,7,1,31,32516.0,1949.0,Mixed
2016-01-31 02:00:00,Rat_lodging_Ben,243.85,3.9,4.0,-3.9,1015.2,4.1,2,7,1,31,32516.0,1949.0,Mixed
2016-01-31 03:00:00,Rat_lodging_Ben,248.05,5.0,5.0,-4.4,1015.0,2.6,3,7,1,31,32516.0,1949.0,Mixed
2016-01-31 04:00:00,Rat_lodging_Ben,245.28,3.3,6.0,-3.3,1015.1,3.6,4,7,1,31,32516.0,1949.0,Mixed
2016-01-31 05:00:00,Rat_lodging_Ben,243.85,3.3,6.0,-3.3,1015.1,2.1,5,7,1,31,32516.0,1949.0,Mixed
2016-01-31 06:00:00,Rat_lodging_Ben,253.63,2.2,6.0,-2.2,1015.4,3.1,6,7,1,31,32516.0,1949.0,Mixed
2016-01-31 07:00:00,Rat_lodging_Ben,280.73,3.3,6.0,-2.8,1015.7,2.6,7,7,1,31,32516.0,1949.0,Mixed
2016-01-31 08:00:00,Rat_lodging_Ben,294.15,2.8,6.0,-2.2,1016.0,2.6,8,7,1,31,32516.0,1949.0,Mixed
2016-01-31 09:00:00,Rat_lodging_Ben,300.43,4.4,6.0,-1.7,1016.1,3.1,9,7,1,31,32516.0,1949.0,Mixed
2016-01-31 10:00:00,Rat_lodging_Ben,307.56,5.6,6.0,-1.1,1016.0,3.1,10,7,1,31,32516.0,1949.0,Mixed
2016-01-31 11:00:00,Rat_lodging_Ben,304.64,6.7,5.0,-1.1,1015.6,4.6,11,7,1,31,32516.0,1949.0,Mixed
2016-01-31 12:00:00,Rat_lodging_Ben,305.58,9.4,4.0,-0.6,1014.6,4.1,12,7,1,31,32516.0,1949.0,Mixed
2016-01-31 13:00:00,Rat_lodging_Ben,303.68,11.1,4.0,-0.6,1013.3,4.6,13,7,1,31,32516.0,1949.0,Mixed
2016-01-31 14:00:00,Rat_lodging_Ben,307.79,13.3,4.0,0.0,1012.0,3.6,14,7,1,31,32516.0,1949.0,Mixed
2016-01-31 15:00:00,Rat_lodging_Ben,307.52,11.1,4.0,0.6,1011.2,6.2,15,7,1,31,32516.0,1949.0,Mixed
2016-01-31 16:00:00,Rat_lodging_Ben,293.0,10.0,6.0,1.1,1010.9,6.2,16,7,1,31,32516.0,1949.0,Mixed
2016-01-31 17:00:00,Rat_lodging_Ben,291.89,11.1,6.0,1.7,1010.6,5.7,17,7,1,31,32516.0,1949.0,Mixed
2016-01-31 18:00:00,Rat_lodging_Ben,291.95,10.0,6.0,2.2,1010.7,4.6,18,7,1,31,32516.0,1949.0,Mixed
2016-01-31 19:00:00,Rat_lodging_Ben,290.48,10.0,6.0,2.8,1010.4,6.2,19,7,1,31,32516.0,1949.0,Mixed
2016-01-31 20:00:00,Rat_lodging_Ben,291.69,9.4,6.0,2.8,1010.1,5.1,20,7,1,31,32516.0,1949.0,Mixed
2016-01-31 21:00:00,Rat_lodging_Ben,299.34,8.3,6.0,2.2,1009.7,5.1,21,7,1,31,32516.0,1949.0,Mixed
2016-01-31 22:00:00,Rat_lodging_Ben,290.49,10.6,6.0,2.8,1010.4,6.2,22,7,1,31,32516.0,1949.0,Mixed
2016-01-31 23:00:00,Rat_lodging_Ben,242.34,10.6,6.0,2.8,1010.1,6.2,23,7,1,31,32516.0,1949.0,Mixed
2016-02-01 00:00:00,Rat_lodging_Ben,229.2,10.6,6.0,2.8,1010.7,2.1,0,1,2,32,32516.0,1949.0,Mixed
2016-02-01 01:00:00,Rat_lodging_Ben,226.64,8.3,6.0,2.2,1010.4,3.1,1,1,2,32,32516.0,1949.0,Mixed
2016-02-01 02:00:00,Rat_lodging_Ben,222.05,10.0,6.666666666666667,3.9,1010.3,5.1,2,1,2,32,32516.0,1949.0,Mixed
2016-02-01 03:00:00,Rat_lodging_Ben,221.51,8.9,7.333333333333333,3.9,1009.6,6.2,3,1,2,32,32516.0,1949.0,Mixed
2016-02-01 04:00:00,Rat_lodging_Ben,221.07,7.8,8.0,3.9,1009.7,5.1,4,1,2,32,32516.0,1949.0,Mixed
2016-02-01 05:00:00,Rat_lodging_Ben,219.47,7.8,7.333333333333333,3.9,1009.8,5.1,5,1,2,32,32516.0,1949.0,Mixed
2016-02-01 06:00:00,Rat_lodging_Ben,242.91,7.8,6.666666666666667,4.4,1010.0,5.7,6,1,2,32,32516.0,1949.0,Mixed
2016-02-01 07:00:00,Rat_lodging_Ben,280.15,8.3,6.0,5.0,1010.4,4.1,7,1,2,32,32516.0,1949.0,Mixed
2016-02-01 08:00:00,Rat_lodging_Ben,275.24,8.3,5.333333333333333,5.0,1011.0,4.1,8,1,2,32,32516.0,1949.0,Mixed
2016-02-01 09:00:00,Rat_lodging_Ben,281.68,8.3,4.666666666666667,5.0,1011.2,4.1,9,1,2,32,32516.0,1949.0,Mixed
2016-02-01 10:00:00,Rat_lodging_Ben,289.74,11.1,4.0,6.7,1011.4,3.6,10,1,2,32,32516.0,1949.0,Mixed
2016-02-01 11:00:00,Rat_lodging_Ben,291.45,12.2,5.333333333333333,7.2,1011.9,0.0,11,1,2,32,32516.0,1949.0,Mixed
2016-02-01 12:00:00,Rat_lodging_Ben,288.73,15.0,6.666666666666666,7.2,1012.0,3.6,12,1,2,32,32516.0,1949.0,Mixed
2016-02-01 13:00:00,Rat_lodging_Ben,282.96,15.6,8.0,7.8,1011.6,3.1,13,1,2,32,32516.0,1949.0,Mixed
2016-02-01 14:00:00,Rat_lodging_Ben,284.33,14.4,8.0,5.0,1011.9,7.2,14,1,2,32,32516.0,1949.0,Mixed
2016-02-01 15:00:00,Rat_lodging_Ben,291.54,11.7,8.0,6.1,1013.3,7.2,15,1,2,32,32516.0,1949.0,Mixed
2016-02-01 16:00:00,Rat_lodging_Ben,290.26,9.4,8.0,6.7,1013.6,3.6,16,1,2,32,32516.0,1949.0,Mixed
2016-02-01 17:00:00,Rat_lodging_Ben,288.9,8.3,8.0,7.2,1014.1,3.1,17,1,2,32,32516.0,1949.0,Mixed
2016-02-01 18:00:00,Rat_lodging_Ben,281.95,9.4,8.0,6.7,1015.1,3.6,18,1,2,32,32516.0,1949.0,Mixed
2016-02-01 19:00:00,Rat_lodging_Ben,288.93,7.8,8.0,6.7,1016.1,1.5,19,1,2,32,32516.0,1949.0,Mixed
2016-02-01 20:00:00,Rat_lodging_Ben,293.75,8.9,8.0,6.7,1016.6,3.1,20,1,2,32,32516.0,1949.0,Mixed
2016-02-01 21:00:00,Rat_lodging_Ben,287.35,8.3,8.0,6.1,1017.4,3.1,21,1,2,32,32516.0,1949.0,Mixed
2016-02-01 22:00:00,Rat_lodging_Ben,268.58,6.7,8.0,5.6,1017.8,2.6,22,1,2,32,32516.0,1949.0,Mixed
2016-02-01 23:00:00,Rat_lodging_Ben,236.0,8.3,6.666666666666667,5.0,1018.6,4.1,23,1,2,32,32516.0,1949.0,Mixed
2016-02-02 00:00:00,Rat_lodging_Ben,229.63,7.2,5.333333333333334,4.4,1018.9,4.1,0,2,2,33,32516.0,1949.0,Mixed
2016-02-02 01:00:00,Rat_lodging_Ben,228.38,6.1,4.0,3.3,1019.5,2.6,1,2,2,33,32516.0,1949.0,Mixed
2016-02-02 02:00:00,Rat_lodging_Ben,226.1,3.3,2.0,1.7,1020.3,2.6,2,2,2,33,32516.0,1949.0,Mixed
2016-02-02 03:00:00,Rat_lodging_Ben,225.38,3.3,2.0,1.7,1021.2,2.6,3,2,2,33,32516.0,1949.0,Mixed
2016-02-02 04:00:00,Rat_lodging_Ben,224.42,3.9,0.0,1.1,1021.7,3.6,4,2,2,33,32516.0,1949.0,Mixed
2016-02-02 05:00:00,Rat_lodging_Ben,228.11,2.8,0.0,-0.6,1022.8,2.6,5,2,2,33,32516.0,1949.0,Mixed
2016-02-02 06:00:00,Rat_lodging_Ben,245.86,3.3,0.0,-0.6,1023.8,1.5,6,2,2,33,32516.0,1949.0,Mixed
2016-02-02 07:00:00,Rat_lodging_Ben,292.28,2.8,2.0,-0.6,1025.8,3.6,7,2,2,33,32516.0,1949.0,Mixed
2016-02-02 08:00:00,Rat_lodging_Ben,292.03,3.3,4.0,-0.6,1026.9,2.6,8,2,2,33,32516.0,1949.0,Mixed
2016-02-02 09:00:00,Rat_lodging_Ben,284.12,4.4,2.0,0.0,1027.2,3.6,9,2,2,33,32516.0,1949.0,Mixed
2016-02-02 10:00:00,Rat_lodging_Ben,296.4,6.7,2.0,0.6,1027.7,4.6,10,2,2,33,32516.0,1949.0,Mixed
2016-02-02 11:00:00,Rat_lodging_Ben,301.75,7.2,2.0,0.6,1028.4,5.1,11,2,2,33,32516.0,1949.0,Mixed
2016-02-02 12:00:00,Rat_lodging_Ben,291.5,8.9,2.0,1.1,1027.5,3.6,12,2,2,33,32516.0,1949.0,Mixed
2016-02-02 13:00:00,Rat_lodging_Ben,287.44,10.0,2.0,0.0,1027.1,2.1,13,2,2,33,32516.0,1949.0,Mixed
2016-02-02 14:00:00,Rat_lodging_Ben,292.93,10.0,4.0,-1.7,1026.6,0.0,14,2,2,33,32516.0,1949.0,Mixed
2016-02-02 15:00:00,Rat_lodging_Ben,288.0,10.6,5.0,-0.6,1026.2,1.5,15,2,2,33,32516.0,1949.0,Mixed
2016-02-02 16:00:00,Rat_lodging_Ben,282.52,10.6,6.0,-1.1,1026.2,0.0,16,2,2,33,32516.0,1949.0,Mixed
2016-02-02 17:00:00,Rat_lodging_Ben,277.23,8.9,6.0,-1.1,1026.2,3.6,17,2,2,33,32516.0,1949.0,Mixed
2016-02-02 18:00:00,Rat_lodging_Ben,278.78,7.8,6.0,-1.1,1026.5,3.1,18,2,2,33,32516.0,1949.0,Mixed
2016-02-02 19:00:00,Rat_lodging_Ben,275.62,6.7,6.0,-0.6,1026.6,3.6,19,2,2,33,32516.0,1949.0,Mixed
2016-02-02 20:00:00,Rat_lodging_Ben,287.79,7.2,6.666666666666667,0.0,1026.6,2.1,20,2,2,33,32516.0,1949.0,Mixed
2016-02-02 21:00:00,Rat_lodging_Ben,278.34,7.2,7.333333333333333,0.0,1026.5,3.6,21,2,2,33,32516.0,1949.0,Mixed
2016-02-02 22:00:00,Rat_lodging_Ben,269.96,6.7,8.0,0.0,1026.1,4.6,22,2,2,33,32516.0,1949.0,Mixed
2016-02-02 23:00:00,Rat_lodging_Ben,243.16,6.7,8.0,0.6,1025.5,2.6,23,2,2,33,32516.0,1949.0,Mixed
2016-02-03 00:00:00,Rat_lodging_Ben,237.5,6.1,8.0,1.1,1025.0,2.6,0,3,2,34,32516.0,1949.0,Mixed
2016-02-03 01:00:00,Rat_lodging_Ben,224.68,6.1,8.0,1.7,1024.2,3.1,1,3,2,34,32516.0,1949.0,Mixed
2016-02-03 02:00:00,Rat_lodging_Ben,221.49,6.1,8.0,2.2,1023.6,2.1,2,3,2,34,32516.0,1949.0,Mixed
2016-02-03 03:00:00,Rat_lodging_Ben,221.97,6.7,8.0,2.2,1022.6,0.0,3,3,2,34,32516.0,1949.0,Mixed
2016-02-03 04:00:00,Rat_lodging_Ben,225.12,6.7,8.0,2.8,1022.1,0.0,4,3,2,34,32516.0,1949.0,Mixed
2016-02-03 05:00:00,Rat_lodging_Ben,223.99,5.6,8.0,3.3,1021.0,2.6,5,3,2,34,32516.0,1949.0,Mixed
2016-02-03 06:00:00,Rat_lodging_Ben,251.46,5.0,8.0,3.3,1019.8,2.1,6,3,2,34,32516.0,1949.0,Mixed
2016-02-03 07:00:00,Rat_lodging_Ben,282.92,6.1,8.0,4.4,1019.7,0.0,7,3,2,34,32516.0,1949.0,Mixed
2016-02-03 08:00:00,Rat_lodging_Ben,283.52,5.6,8.0,3.9,1018.4,2.1,8,3,2,34,32516.0,1949.0,Mixed
2016-02-03 09:00:00,Rat_lodging_Ben,288.04,7.2,8.0,5.0,1018.0,2.1,9,3,2,34,32516.0,1949.0,Mixed
2016-02-03 10:00:00,Rat_lodging_Ben,301.74,6.1,8.0,5.0,1016.9,3.1,10,3,2,34,32516.0,1949.0,Mixed
2016-02-03 11:00:00,Rat_lodging_Ben,293.46,6.7,8.0,5.6,1015.7,3.1,11,3,2,34,32516.0,1949.0,Mixed
2016-02-03 12:00:00,Rat_lodging_Ben,288.96,8.9,8.0,7.2,1014.5,2.1,12,3,2,34,32516.0,1949.0,Mixed
2016-02-03 13:00:00,Rat_lodging_Ben,280.67,9.4,8.0,8.3,1013.8,3.6,13,3,2,34,32516.0,1949.0,Mixed
2016-02-03 14:00:00,Rat_lodging_Ben,275.64,8.3,8.0,7.8,1012.9,3.6,14,3,2,34,32516.0,1949.0,Mixed
2016-02-03 15:00:00,Rat_lodging_Ben,285.67,8.9,8.0,8.3,1012.7,3.1,15,3,2,34,32516.0,1949.0,Mixed
2016-02-03 16:00:00,Rat_lodging_Ben,286.93,10.6,8.0,10.0,1011.7,1.5,16,3,2,34,32516.0,1949.0,Mixed
2016-02-03 17:00:00,Rat_lodging_Ben,299.04,11.1,7.333333333333333,11.1,1011.5,3.1,17,3,2,34,32516.0,1949.0,Mixed
2016-02-03 18:00:00,Rat_lodging_Ben,285.13,12.8,6.666666666666667,12.2,1008.5,4.1,18,3,2,34,32516.0,1949.0,Mixed
2016-02-03 19:00:00,Rat_lodging_Ben,282.58,13.3,6.0,12.2,1011.9,5.7,19,3,2,34,32516.0,1949.0,Mixed
2016-02-03 20:00:00,Rat_lodging_Ben,285.17,13.3,6.666666666666667,12.2,1012.4,5.1,20,3,2,34,32516.0,1949.0,Mixed
2016-02-03 21:00:00,Rat_lodging_Ben,281.99,13.3,7.333333333333333,12.8,1012.9,4.6,21,3,2,34,32516.0,1949.0,Mixed
2016-02-03 22:00:00,Rat_lodging_Ben,271.56,13.3,8.0,12.8,1012.5,5.7,22,3,2,34,32516.0,1949.0,Mixed
2016-02-03 23:00:00,Rat_lodging_Ben,242.47,11.7,9.0,11.7,1012.4,4.6,23,3,2,34,32516.0,1949.0,Mixed
2016-02-04 00:00:00,Rat_lodging_Ben,233.33,12.8,8.5,12.2,1012.2,6.2,0,4,2,35,32516.0,1949.0,Mixed
2016-02-04 01:00:00,Rat_lodging_Ben,227.27,13.9,8.0,13.9,1011.8,4.1,1,4,2,35,32516.0,1949.0,Mixed
2016-02-04 02:00:00,Rat_lodging_Ben,224.03,13.3,8.5,13.3,1011.4,3.1,2,4,2,35,32516.0,1949.0,Mixed
2016-02-04 03:00:00,Rat_lodging_Ben,221.34,12.2,9.0,12.2,1011.9,4.6,3,4,2,35,32516.0,1949.0,Mixed
2016-02-04 04:00:00,Rat_lodging_Ben,220.69,13.3,8.0,13.3,1011.9,2.6,4,4,2,35,32516.0,1949.0,Mixed
2016-02-04 05:00:00,Rat_lodging_Ben,220.05,12.2,8.0,10.0,1013.3,5.7,5,4,2,35,32516.0,1949.0,Mixed
2016-02-04 06:00:00,Rat_lodging_Ben,246.05,11.7,8.0,6.1,1014.7,5.7,6,4,2,35,32516.0,1949.0,Mixed
2016-02-04 07:00:00,Rat_lodging_Ben,276.7,10.6,8.0,6.1,1015.8,6.2,7,4,2,35,32516.0,1949.0,Mixed
2016-02-04 08:00:00,Rat_lodging_Ben,281.23,10.0,8.0,3.9,1016.8,8.2,8,4,2,35,32516.0,1949.0,Mixed
2016-02-04 09:00:00,Rat_lodging_Ben,283.45,9.4,8.0,2.8,1018.2,6.7,9,4,2,35,32516.0,1949.0,Mixed
2016-02-04 10:00:00,Rat_lodging_Ben,288.49,9.4,8.0,1.7,1018.9,6.7,10,4,2,35,32516.0,1949.0,Mixed
2016-02-04 11:00:00,Rat_lodging_Ben,288.1,8.9,8.0,1.1,1019.7,6.2,11,4,2,35,32516.0,1949.0,Mixed
2016-02-04 12:00:00,Rat_lodging_Ben,291.61,8.9,8.0,0.6,1019.3,8.8,12,4,2,35,32516.0,1949.0,Mixed
2016-02-04 13:00:00,Rat_lodging_Ben,282.32,8.9,8.0,0.6,1018.2,7.2,13,4,2,35,32516.0,1949.0,Mixed
2016-02-04 14:00:00,Rat_lodging_Ben,282.7,9.4,8.0,0.0,1017.6,6.2,14,4,2,35,32516.0,1949.0,Mixed
2016-02-04 15:00:00,Rat_lodging_Ben,284.61,9.4,8.0,0.6,1018.1,4.6,15,4,2,35,32516.0,1949.0,Mixed
2016-02-04 16:00:00,Rat_lodging_Ben,297.06,9.4,8.0,0.0,1018.1,6.2,16,4,2,35,32516.0,1949.0,Mixed
2016-02-04 17:00:00,Rat_lodging_Ben,295.91,8.9,8.0,-0.6,1018.9,5.1,17,4,2,35,32516.0,1949.0,Mixed
2016-02-04 18:00:00,Rat_lodging_Ben,283.4,8.9,8.0,-0.6,1019.1,6.7,18,4,2,35,32516.0,1949.0,Mixed
2016-02-04 19:00:00,Rat_lodging_Ben,281.16,8.3,8.0,-0.6,1019.6,4.1,19,4,2,35,32516.0,1949.0,Mixed
2016-02-04 20:00:00,Rat_lodging_Ben,288.34,7.8,8.0,-1.1,1019.8,6.2,20,4,2,35,32516.0,1949.0,Mixed
2016-02-04 21:00:00,Rat_lodging_Ben,277.1,7.2,8.0,-1.1,1019.6,7.2,21,4,2,35,32516.0,1949.0,Mixed
2016-02-04 22:00:00,Rat_lodging_Ben,268.61,6.7,8.0,-1.1,1020.1,4.6,22,4,2,35,32516.0,1949.0,Mixed
2016-02-04 23:00:00,Rat_lodging_Ben,242.38,6.1,8.0,-2.2,1019.9,7.2,23,4,2,35,32516.0,1949.0,Mixed
2016-02-05 00:00:00,Rat_lodging_Ben,229.73,5.6,8.0,-2.8,1019.4,7.2,0,5,2,36,32516.0,1949.0,Mixed
2016-02-05 01:00:00,Rat_lodging_Ben,224.96,5.0,8.0,-1.7,1019.2,7.2,1,5,2,36,32516.0,1949.0,Mixed
2016-02-05 02:00:00,Rat_lodging_Ben,225.09,2.8,8.0,-0.6,1019.5,4.6,2,5,2,36,32516.0,1949.0,Mixed
2016-02-05 03:00:00,Rat_lodging_Ben,222.07,2.8,8.0,0.0,1019.5,6.7,3,5,2,36,32516.0,1949.0,Mixed
2016-02-05 04:00:00,Rat_lodging_Ben,224.1,2.8,8.0,0.0,1020.0,4.1,4,5,2,36,32516.0,1949.0,Mixed
2016-02-05 05:00:00,Rat_lodging_Ben,225.07,3.3,8.0,0.0,1019.2,4.6,5,5,2,36,32516.0,1949.0,Mixed
2016-02-05 06:00:00,Rat_lodging_Ben,239.97,3.9,8.0,-1.7,1019.7,8.2,6,5,2,36,32516.0,1949.0,Mixed
2016-02-05 07:00:00,Rat_lodging_Ben,282.67,2.8,8.0,-1.7,1021.3,8.2,7,5,2,36,32516.0,1949.0,Mixed
2016-02-05 08:00:00,Rat_lodging_Ben,284.63,2.8,8.0,-3.3,1022.4,9.3,8,5,2,36,32516.0,1949.0,Mixed
2016-02-05 09:00:00,Rat_lodging_Ben,296.77,3.3,8.0,-3.9,1023.4,10.8,9,5,2,36,32516.0,1949.0,Mixed
2016-02-05 10:00:00,Rat_lodging_Ben,298.88,2.8,8.0,-2.8,1023.9,9.8,10,5,2,36,32516.0,1949.0,Mixed
2016-02-05 11:00:00,Rat_lodging_Ben,301.11,3.9,6.0,-3.3,1024.8,10.3,11,5,2,36,32516.0,1949.0,Mixed
2016-02-05 12:00:00,Rat_lodging_Ben,293.78,5.0,4.0,-3.9,1025.4,9.8,12,5,2,36,32516.0,1949.0,Mixed
2016-02-05 13:00:00,Rat_lodging_Ben,288.26,5.6,4.0,-5.0,1025.5,8.2,13,5,2,36,32516.0,1949.0,Mixed
2016-02-05 14:00:00,Rat_lodging_Ben,279.14,6.1,4.0,-6.7,1025.5,6.7,14,5,2,36,32516.0,1949.0,Mixed
2016-02-05 15:00:00,Rat_lodging_Ben,282.28,6.1,2.0,-6.7,1025.8,8.8,15,5,2,36,32516.0,1949.0,Mixed
2016-02-05 16:00:00,Rat_lodging_Ben,286.25,6.1,2.0,-7.2,1026.4,5.7,16,5,2,36,32516.0,1949.0,Mixed
2016-02-05 17:00:00,Rat_lodging_Ben,273.76,5.0,2.0,-7.2,1027.1,8.2,17,5,2,36,32516.0,1949.0,Mixed
2016-02-05 18:00:00,Rat_lodging_Ben,278.5,4.4,2.0,-7.8,1028.1,7.7,18,5,2,36,32516.0,1949.0,Mixed
2016-02-05 19:00:00,Rat_lodging_Ben,299.95,3.3,0.0,-7.8,1028.5,4.6,19,5,2,36,32516.0,1949.0,Mixed
2016-02-05 20:00:00,Rat_lodging_Ben,301.13,2.8,0.0,-7.8,1029.0,4.1,20,5,2,36,32516.0,1949.0,Mixed
2016-02-05 21:00:00,Rat_lodging_Ben,296.95,1.7,0.0,-7.8,1029.1,4.6,21,5,2,36,32516.0,1949.0,Mixed
2016-02-05 22:00:00,Rat_lodging_Ben,291.71,1.7,4.0,-7.8,1029.4,3.1,22,5,2,36,32516.0,1949.0,Mixed
2016-02-05 23:00:00,Rat_lodging_Ben,264.67,1.7,4.0,-8.3,1029.8,3.1,23,5,2,36,32516.0,1949.0,Mixed
2016-02-06 00:00:00,Rat_lodging_Ben,257.74,1.1,2.0,-7.8,1029.9,2.1,0,6,2,37,32516.0,1949.0,Mixed
2016-02-06 01:00:00,Rat_lodging_Ben,248.63,1.7,2.0,-8.3,1029.8,2.1,1,6,2,37,32516.0,1949.0,Mixed
2016-02-06 02:00:00,Rat_lodging_Ben,245.64,0.6,0.0,-5.6,1030.0,0.0,2,6,2,37,32516.0,1949.0,Mixed
2016-02-06 03:00:00,Rat_lodging_Ben,244.95,-0.6,0.0,-6.1,1030.3,2.1,3,6,2,37,32516.0,1949.0,Mixed
2016-02-06 04:00:00,Rat_lodging_Ben,242.78,-1.1,0.0,-5.6,1030.4,2.1,4,6,2,37,32516.0,1949.0,Mixed
2016-02-06 05:00:00,Rat_lodging_Ben,240.35,-1.1,0.0,-6.1,1030.6,2.1,5,6,2,37,32516.0,1949.0,Mixed
2016-02-06 06:00:00,Rat_lodging_Ben,253.9,-1.1,4.0,-6.1,1031.1,1.5,6,6,2,37,32516.0,1949.0,Mixed
2016-02-06 07:00:00,Rat_lodging_Ben,275.32,-1.1,6.0,-6.1,1031.3,1.5,7,6,2,37,32516.0,1949.0,Mixed
2016-02-06 08:00:00,Rat_lodging_Ben,286.34,-1.1,6.0,-4.4,1031.7,0.0,8,6,2,37,32516.0,1949.0,Mixed
2016-02-06 09:00:00,Rat_lodging_Ben,309.27,0.6,6.0,-4.4,1031.8,1.5,9,6,2,37,32516.0,1949.0,Mixed
2016-02-06 10:00:00,Rat_lodging_Ben,297.13,1.7,6.0,-5.6,1032.2,3.1,10,6,2,37,32516.0,1949.0,Mixed
2016-02-06 11:00:00,Rat_lodging_Ben,297.85,3.3,6.0,-5.6,1031.9,4.1,11,6,2,37,32516.0,1949.0,Mixed
2016-02-06 12:00:00,Rat_lodging_Ben,294.21,5.0,6.0,-4.4,1030.8,4.6,12,6,2,37,32516.0,1949.0,Mixed
2016-02-06 13:00:00,Rat_lodging_Ben,286.25,5.6,6.0,-3.9,1029.1,5.1,13,6,2,37,32516.0,1949.0,Mixed
2016-02-06 14:00:00,Rat_lodging_Ben,279.49,5.6,6.0,-6.1,1027.9,4.1,14,6,2,37,32516.0,1949.0,Mixed
2016-02-06 15:00:00,Rat_lodging_Ben,274.87,5.6,6.0,-6.7,1027.0,4.6,15,6,2,37,32516.0,1949.0,Mixed
2016-02-06 16:00:00,Rat_lodging_Ben,282.17,6.1,6.0,-5.0,1026.4,4.6,16,6,2,37,32516.0,1949.0,Mixed
2016-02-06 17:00:00,Rat_lodging_Ben,278.36,5.6,4.0,-6.1,1026.6,2.6,17,6,2,37,32516.0,1949.0,Mixed
2016-02-06 18:00:00,Rat_lodging_Ben,279.34,5.0,5.0,-7.8,1026.6,2.1,18,6,2,37,32516.0,1949.0,Mixed
2016-02-06 19:00:00,Rat_lodging_Ben,267.36,3.9,6.0,-2.8,1026.4,3.1,19,6,2,37,32516.0,1949.0,Mixed
2016-02-06 20:00:00,Rat_lodging_Ben,270.15,3.3,6.0,-5.0,1026.7,3.6,20,6,2,37,32516.0,1949.0,Mixed
2016-02-06 21:00:00,Rat_lodging_Ben,270.92,3.3,6.0,-3.9,1026.9,3.6,21,6,2,37,32516.0,1949.0,Mixed
2016-02-06 22:00:00,Rat_lodging_Ben,271.13,2.8,6.0,-3.9,1026.7,3.6,22,6,2,37,32516.0,1949.0,Mixed
2016-02-06 23:00:00,Rat_lodging_Ben,245.59,2.8,4.0,-3.9,1025.8,1.5,23,6,2,37,32516.0,1949.0,Mixed
2016-02-07 00:00:00,Rat_lodging_Ben,243.18,1.7,4.0,-3.9,1025.0,2.1,0,7,2,38,32516.0,1949.0,Mixed
2016-02-07 01:00:00,Rat_lodging_Ben,235.24,1.7,6.0,-3.3,1024.5,1.5,1,7,2,38,32516.0,1949.0,Mixed
2016-02-07 02:00:00,Rat_lodging_Ben,233.55,0.6,5.0,-3.3,1024.5,1.5,2,7,2,38,32516.0,1949.0,Mixed
2016-02-07 03:00:00,Rat_lodging_Ben,235.14,0.6,4.0,-3.9,1024.0,1.5,3,7,2,38,32516.0,1949.0,Mixed
2016-02-07 04:00:00,Rat_lodging_Ben,238.81,0.6,4.0,-3.9,1023.5,1.5,4,7,2,38,32516.0,1949.0,Mixed
2016-02-07 05:00:00,Rat_lodging_Ben,238.61,-1.1,4.666666666666667,-3.9,1023.7,2.1,5,7,2,38,32516.0,1949.0,Mixed
2016-02-07 06:00:00,Rat_lodging_Ben,245.51,0.0,5.333333333333333,-3.3,1022.1,0.0,6,7,2,38,32516.0,1949.0,Mixed
2016-02-07 07:00:00,Rat_lodging_Ben,269.87,-0.6,6.0,-3.9,1022.8,1.5,7,7,2,38,32516.0,1949.0,Mixed
2016-02-07 08:00:00,Rat_lodging_Ben,283.87,0.0,6.0,-3.9,1022.9,2.1,8,7,2,38,32516.0,1949.0,Mixed
2016-02-07 09:00:00,Rat_lodging_Ben,295.8,0.6,6.0,-2.8,1021.9,3.1,9,7,2,38,32516.0,1949.0,Mixed
2016-02-07 10:00:00,Rat_lodging_Ben,285.24,2.2,6.0,-3.9,1021.6,4.1,10,7,2,38,32516.0,1949.0,Mixed
2016-02-07 11:00:00,Rat_lodging_Ben,290.34,4.4,6.666666666666667,-3.9,1021.3,4.1,11,7,2,38,32516.0,1949.0,Mixed
2016-02-07 12:00:00,Rat_lodging_Ben,290.7,6.7,7.333333333333333,-3.9,1019.9,2.6,12,7,2,38,32516.0,1949.0,Mixed
2016-02-07 13:00:00,Rat_lodging_Ben,285.83,7.2,8.0,-2.8,1019.3,3.6,13,7,2,38,32516.0,1949.0,Mixed
2016-02-07 14:00:00,Rat_lodging_Ben,272.93,7.2,8.0,-3.9,1018.1,5.1,14,7,2,38,32516.0,1949.0,Mixed
2016-02-07 15:00:00,Rat_lodging_Ben,273.21,7.8,8.0,-6.1,1016.4,6.2,15,7,2,38,32516.0,1949.0,Mixed
2016-02-07 16:00:00,Rat_lodging_Ben,268.09,7.2,8.0,-5.6,1016.4,4.6,16,7,2,38,32516.0,1949.0,Mixed
2016-02-07 17:00:00,Rat_lodging_Ben,258.75,6.1,8.0,-5.0,1015.4,4.1,17,7,2,38,32516.0,1949.0,Mixed
2016-02-07 18:00:00,Rat_lodging_Ben,261.2,6.1,8.0,-5.6,1015.1,3.6,18,7,2,38,32516.0,1949.0,Mixed
2016-02-07 19:00:00,Rat_lodging_Ben,277.87,5.6,8.0,-5.6,1014.6,3.6,19,7,2,38,32516.0,1949.0,Mixed
2016-02-07 20:00:00,Rat_lodging_Ben,272.65,5.6,8.0,-5.6,1014.4,4.1,20,7,2,38,32516.0,1949.0,Mixed
2016-02-07 21:00:00,Rat_lodging_Ben,272.1,5.0,8.0,-5.0,1013.3,5.7,21,7,2,38,32516.0,1949.0,Mixed
2016-02-07 22:00:00,Rat_lodging_Ben,268.0,3.9,8.0,-4.4,1012.9,4.1,22,7,2,38,32516.0,1949.0,Mixed
2016-02-07 23:00:00,Rat_lodging_Ben,244.12,4.4,8.0,-4.4,1011.9,4.6,23,7,2,38,32516.0,1949.0,Mixed
2016-02-08 00:00:00,Rat_lodging_Ben,237.85,4.4,8.0,-4.4,1011.1,4.6,0,1,2,39,32516.0,1949.0,Mixed
2016-02-08 01:00:00,Rat_lodging_Ben,237.1,3.3,8.0,-4.4,1010.2,4.6,1,1,2,39,32516.0,1949.0,Mixed
2016-02-08 02:00:00,Rat_lodging_Ben,232.6,3.3,7.333333333333333,-5.0,1009.0,5.7,2,1,2,39,32516.0,1949.0,Mixed
2016-02-08 03:00:00,Rat_lodging_Ben,234.11,2.8,6.666666666666667,-5.6,1008.1,5.7,3,1,2,39,32516.0,1949.0,Mixed
2016-02-08 04:00:00,Rat_lodging_Ben,235.47,2.2,6.0,-5.6,1007.8,4.6,4,1,2,39,32516.0,1949.0,Mixed
2016-02-08 05:00:00,Rat_lodging_Ben,239.0,2.2,6.0,-5.6,1008.5,5.7,5,1,2,39,32516.0,1949.0,Mixed
2016-02-08 06:00:00,Rat_lodging_Ben,257.1,1.7,6.0,-5.6,1008.9,3.1,6,1,2,39,32516.0,1949.0,Mixed
2016-02-08 07:00:00,Rat_lodging_Ben,287.76,1.7,6.0,-6.1,1009.5,4.6,7,1,2,39,32516.0,1949.0,Mixed
2016-02-08 08:00:00,Rat_lodging_Ben,292.63,2.2,6.0,-5.6,1009.9,3.6,8,1,2,39,32516.0,1949.0,Mixed
2016-02-08 09:00:00,Rat_lodging_Ben,300.65,4.4,6.0,-5.6,1009.7,5.7,9,1,2,39,32516.0,1949.0,Mixed
2016-02-08 10:00:00,Rat_lodging_Ben,308.66,5.6,6.0,-3.3,1009.2,4.6,10,1,2,39,32516.0,1949.0,Mixed
2016-02-08 11:00:00,Rat_lodging_Ben,309.36,6.7,6.0,-2.2,1009.0,3.1,11,1,2,39,32516.0,1949.0,Mixed
2016-02-08 12:00:00,Rat_lodging_Ben,300.79,6.7,6.0,-2.2,1007.6,0.0,12,1,2,39,32516.0,1949.0,Mixed
2016-02-08 13:00:00,Rat_lodging_Ben,300.64,7.2,6.0,-1.7,1006.5,1.5,13,1,2,39,32516.0,1949.0,Mixed
2016-02-08 14:00:00,Rat_lodging_Ben,293.92,7.8,6.666666666666667,-1.7,1005.8,3.1,14,1,2,39,32516.0,1949.0,Mixed
2016-02-08 15:00:00,Rat_lodging_Ben,296.25,7.8,7.333333333333333,-1.7,1005.6,2.1,15,1,2,39,32516.0,1949.0,Mixed
2016-02-08 16:00:00,Rat_lodging_Ben,293.68,7.8,8.0,-1.7,1005.5,3.6,16,1,2,39,32516.0,1949.0,Mixed
2016-02-08 17:00:00,Rat_lodging_Ben,293.26,7.2,8.0,-1.7,1005.5,2.6,17,1,2,39,32516.0,1949.0,Mixed
2016-02-08 18:00:00,Rat_lodging_Ben,287.61,6.1,8.0,-0.6,1005.6,5.1,18,1,2,39,32516.0,1949.0,Mixed
2016-02-08 19:00:00,Rat_lodging_Ben,286.1,6.1,8.0,-0.6,1006.3,4.1,19,1,2,39,32516.0,1949.0,Mixed
2016-02-08 20:00:00,Rat_lodging_Ben,300.13,5.0,8.0,0.6,1006.4,6.2,20,1,2,39,32516.0,1949.0,Mixed
2016-02-08 21:00:00,Rat_lodging_Ben,293.65,4.4,8.0,0.6,1005.9,3.6,21,1,2,39,32516.0,1949.0,Mixed
2016-02-08 22:00:00,Rat_lodging_Ben,278.43,3.9,8.0,1.1,1005.7,2.6,22,1,2,39,32516.0,1949.0,Mixed
2016-02-08 23:00:00,Rat_lodging_Ben,248.74,3.9,8.0,1.1,1005.0,3.1,23,1,2,39,32516.0,1949.0,Mixed
2016-02-09 00:00:00,Rat_lodging_Ben,240.71,3.9,8.0,1.1,1004.5,3.1,0,2,2,40,32516.0,1949.0,Mixed
2016-02-09 01:00:00,Rat_lodging_Ben,234.13,3.3,8.0,1.1,1003.8,3.1,1,2,2,40,32516.0,1949.0,Mixed
2016-02-09 02:00:00,Rat_lodging_Ben,229.36,3.3,8.0,1.1,1002.9,3.1,2,2,2,40,32516.0,1949.0,Mixed
2016-02-09 03:00:00,Rat_lodging_Ben,231.58,3.3,8.0,1.1,1002.1,3.6,3,2,2,40,32516.0,1949.0,Mixed
2016-02-09 04:00:00,Rat_lodging_Ben,236.86,3.3,8.0,1.1,1001.6,3.6,4,2,2,40,32516.0,1949.0,Mixed
2016-02-09 05:00:00,Rat_lodging_Ben,236.97,2.8,8.0,1.7,1001.6,2.6,5,2,2,40,32516.0,1949.0,Mixed
2016-02-09 06:00:00,Rat_lodging_Ben,258.9,2.2,8.0,1.1,1001.8,2.1,6,2,2,40,32516.0,1949.0,Mixed
2016-02-09 07:00:00,Rat_lodging_Ben,296.22,2.2,8.0,1.1,1001.7,1.5,7,2,2,40,32516.0,1949.0,Mixed
2016-02-09 08:00:00,Rat_lodging_Ben,297.61,2.2,8.0,1.1,1002.0,0.0,8,2,2,40,32516.0,1949.0,Mixed
2016-02-09 09:00:00,Rat_lodging_Ben,312.09,2.2,8.0,1.1,1002.2,0.0,9,2,2,40,32516.0,1949.0,Mixed
2016-02-09 10:00:00,Rat_lodging_Ben,308.83,2.8,8.0,1.1,1002.0,0.0,10,2,2,40,32516.0,1949.0,Mixed
2016-02-09 11:00:00,Rat_lodging_Ben,323.3,2.8,8.0,1.7,1001.8,0.0,11,2,2,40,32516.0,1949.0,Mixed
2016-02-09 12:00:00,Rat_lodging_Ben,315.3,2.8,8.0,1.1,1001.5,3.6,12,2,2,40,32516.0,1949.0,Mixed
2016-02-09 13:00:00,Rat_lodging_Ben,308.85,3.3,8.0,0.6,1001.0,4.1,13,2,2,40,32516.0,1949.0,Mixed
2016-02-09 14:00:00,Rat_lodging_Ben,307.64,3.3,8.0,1.1,1001.0,5.1,14,2,2,40,32516.0,1949.0,Mixed
2016-02-09 15:00:00,Rat_lodging_Ben,308.59,3.9,8.0,-0.6,1001.35,6.7,15,2,2,40,32516.0,1949.0,Mixed
2016-02-09 16:00:00,Rat_lodging_Ben,310.14,3.9,8.0,-1.1,1001.7,4.1,16,2,2,40,32516.0,1949.0,Mixed
2016-02-09 17:00:00,Rat_lodging_Ben,299.75,3.3,6.666666666666667,-2.2,1002.4,4.6,17,2,2,40,32516.0,1949.0,Mixed
2016-02-09 18:00:00,Rat_lodging_Ben,291.3,2.2,5.333333333333334,-2.8,1003.4,5.7,18,2,2,40,32516.0,1949.0,Mixed
2016-02-09 19:00:00,Rat_lodging_Ben,287.32,1.7,4.0,-2.8,1003.9,6.2,19,2,2,40,32516.0,1949.0,Mixed
2016-02-09 20:00:00,Rat_lodging_Ben,299.0,1.7,4.666666666666667,-3.3,1004.3,3.1,20,2,2,40,32516.0,1949.0,Mixed
2016-02-09 21:00:00,Rat_lodging_Ben,301.31,1.7,5.333333333333333,-5.6,1004.9,4.1,21,2,2,40,32516.0,1949.0,Mixed
2016-02-09 22:00:00,Rat_lodging_Ben,282.6,0.6,6.0,-7.2,1005.6,5.1,22,2,2,40,32516.0,1949.0,Mixed
2016-02-09 23:00:00,Rat_lodging_Ben,255.46,0.6,6.666666666666667,-7.2,1005.7,5.7,23,2,2,40,32516.0,1949.0,Mixed
2016-02-10 00:00:00,Rat_lodging_Ben,243.85,0.0,7.333333333333333,-7.2,1005.9,4.6,0,3,2,41,32516.0,1949.0,Mixed
2016-02-10 01:00:00,Rat_lodging_Ben,239.51,0.0,8.0,-7.2,1006.1,4.6,1,3,2,41,32516.0,1949.0,Mixed
2016-02-10 02:00:00,Rat_lodging_Ben,234.07,-0.6,8.0,-6.7,1006.3,6.2,2,3,2,41,32516.0,1949.0,Mixed
2016-02-10 03:00:00,Rat_lodging_Ben,233.28,-1.7,8.0,-4.4,1006.5,3.1,3,3,2,41,32516.0,1949.0,Mixed
2016-02-10 04:00:00,Rat_lodging_Ben,232.94,-1.7,8.0,-5.0,1006.5,3.1,4,3,2,41,32516.0,1949.0,Mixed
2016-02-10 05:00:00,Rat_lodging_Ben,237.07,-1.1,7.333333333333333,-6.1,1006.8,4.1,5,3,2,41,32516.0,1949.0,Mixed
2016-02-10 06:00:00,Rat_lodging_Ben,257.59,0.0,6.666666666666667,-7.8,1007.5,5.7,6,3,2,41,32516.0,1949.0,Mixed
2016-02-10 07:00:00,Rat_lodging_Ben,293.59,0.0,6.0,-8.9,1008.0,8.8,7,3,2,41,32516.0,1949.0,Mixed
2016-02-10 08:00:00,Rat_lodging_Ben,298.77,0.0,6.0,-8.9,1008.9,6.7,8,3,2,41,32516.0,1949.0,Mixed
2016-02-10 09:00:00,Rat_lodging_Ben,311.41,0.6,6.0,-9.4,1009.6,5.7,9,3,2,41,32516.0,1949.0,Mixed
2016-02-10 10:00:00,Rat_lodging_Ben,319.49,0.6,6.0,-9.4,1009.9,7.7,10,3,2,41,32516.0,1949.0,Mixed
2016-02-10 11:00:00,Rat_lodging_Ben,314.17,1.7,5.0,-9.4,1010.0,7.7,11,3,2,41,32516.0,1949.0,Mixed
2016-02-10 12:00:00,Rat_lodging_Ben,311.49,2.8,4.0,-8.9,1009.4,7.2,12,3,2,41,32516.0,1949.0,Mixed
2016-02-10 13:00:00,Rat_lodging_Ben,311.48,3.9,4.0,-7.8,1008.8,4.6,13,3,2,41,32516.0,1949.0,Mixed
2016-02-10 14:00:00,Rat_lodging_Ben,298.29,2.8,4.0,-8.9,1008.5,4.6,14,3,2,41,32516.0,1949.0,Mixed
2016-02-10 15:00:00,Rat_lodging_Ben,295.48,3.3,5.0,-8.9,1008.7,4.1,15,3,2,41,32516.0,1949.0,Mixed
2016-02-10 16:00:00,Rat_lodging_Ben,288.4,2.2,6.0,-9.4,1009.2,5.7,16,3,2,41,32516.0,1949.0,Mixed
2016-02-10 17:00:00,Rat_lodging_Ben,293.09,1.7,6.666666666666667,-10.0,1009.8,6.7,17,3,2,41,32516.0,1949.0,Mixed
2016-02-10 18:00:00,Rat_lodging_Ben,282.55,0.0,7.333333333333333,-11.1,1011.5,6.2,18,3,2,41,32516.0,1949.0,Mixed
2016-02-10 19:00:00,Rat_lodging_Ben,287.65,-1.7,8.0,-12.2,1012.5,6.7,19,3,2,41,32516.0,1949.0,Mixed
2016-02-10 20:00:00,Rat_lodging_Ben,293.31,-2.2,8.0,-11.7,1013.1,5.7,20,3,2,41,32516.0,1949.0,Mixed
2016-02-10 21:00:00,Rat_lodging_Ben,292.85,-2.8,8.0,-12.2,1013.6,7.7,21,3,2,41,32516.0,1949.0,Mixed
2016-02-10 22:00:00,Rat_lodging_Ben,282.44,-2.8,8.0,-12.2,1014.0,6.7,22,3,2,41,32516.0,1949.0,Mixed
2016-02-10 23:00:00,Rat_lodging_Ben,255.92,-3.3,4.0,-12.8,1014.4,6.2,23,3,2,41,32516.0,1949.0,Mixed
2016-02-11 00:00:00,Rat_lodging_Ben,239.39,-3.3,2.0,-13.3,1014.8,4.1,0,4,2,42,32516.0,1949.0,Mixed
2016-02-11 01:00:00,Rat_lodging_Ben,244.56,-3.3,4.0,-13.9,1015.2,4.6,1,4,2,42,32516.0,1949.0,Mixed
2016-02-11 02:00:00,Rat_lodging_Ben,232.32,-3.9,2.0,-13.9,1015.4,8.2,2,4,2,42,32516.0,1949.0,Mixed
2016-02-11 03:00:00,Rat_lodging_Ben,229.53,-4.4,2.0,-15.0,1015.7,5.7,3,4,2,42,32516.0,1949.0,Mixed
2016-02-11 04:00:00,Rat_lodging_Ben,229.31,-4.4,2.0,-15.0,1015.9,6.2,4,4,2,42,32516.0,1949.0,Mixed
2016-02-11 05:00:00,Rat_lodging_Ben,239.15,-5.0,2.0,-15.0,1016.7,5.7,5,4,2,42,32516.0,1949.0,Mixed
2016-02-11 06:00:00,Rat_lodging_Ben,254.86,-5.6,2.0,-15.0,1017.5,3.6,6,4,2,42,32516.0,1949.0,Mixed
2016-02-11 07:00:00,Rat_lodging_Ben,302.63,-5.6,2.0,-16.1,1018.3,5.7,7,4,2,42,32516.0,1949.0,Mixed
2016-02-11 08:00:00,Rat_lodging_Ben,297.49,-5.6,2.0,-16.1,1019.4,5.1,8,4,2,42,32516.0,1949.0,Mixed
2016-02-11 09:00:00,Rat_lodging_Ben,298.55,-5.0,4.0,-16.7,1020.4,8.2,9,4,2,42,32516.0,1949.0,Mixed
2016-02-11 10:00:00,Rat_lodging_Ben,311.62,-4.4,4.0,-17.2,1020.6,8.2,10,4,2,42,32516.0,1949.0,Mixed
2016-02-11 11:00:00,Rat_lodging_Ben,323.11,-3.3,4.0,-17.2,1020.8,8.8,11,4,2,42,32516.0,1949.0,Mixed
2016-02-11 12:00:00,Rat_lodging_Ben,311.11,-2.2,4.0,-17.2,1020.8,8.8,12,4,2,42,32516.0,1949.0,Mixed
2016-02-11 13:00:00,Rat_lodging_Ben,316.33,-1.1,6.0,-16.1,1020.4,7.2,13,4,2,42,32516.0,1949.0,Mixed
2016-02-11 14:00:00,Rat_lodging_Ben,316.6,-2.2,4.0,-16.7,1019.9,8.8,14,4,2,42,32516.0,1949.0,Mixed
2016-02-11 15:00:00,Rat_lodging_Ben,311.84,-1.1,4.0,-16.7,1020.4,8.2,15,4,2,42,32516.0,1949.0,Mixed
2016-02-11 16:00:00,Rat_lodging_Ben,312.39,-1.7,4.0,-17.8,1021.4,7.2,16,4,2,42,32516.0,1949.0,Mixed
2016-02-11 17:00:00,Rat_lodging_Ben,306.35,-2.2,2.0,-17.8,1022.6,6.2,17,4,2,42,32516.0,1949.0,Mixed
2016-02-11 18:00:00,Rat_lodging_Ben,298.57,-3.3,2.0,-17.8,1023.9,7.2,18,4,2,42,32516.0,1949.0,Mixed
2016-02-11 19:00:00,Rat_lodging_Ben,309.51,-3.9,2.0,-17.8,1025.0,7.2,19,4,2,42,32516.0,1949.0,Mixed
2016-02-11 20:00:00,Rat_lodging_Ben,312.38,-4.4,0.0,-17.8,1025.8,4.6,20,4,2,42,32516.0,1949.0,Mixed
2016-02-11 21:00:00,Rat_lodging_Ben,308.09,-5.0,0.0,-17.2,1026.6,5.1,21,4,2,42,32516.0,1949.0,Mixed
2016-02-11 22:00:00,Rat_lodging_Ben,290.54,-5.0,0.0,-17.8,1026.9,3.6,22,4,2,42,32516.0,1949.0,Mixed
2016-02-11 23:00:00,Rat_lodging_Ben,262.49,-5.0,0.0,-17.2,1027.1,5.1,23,4,2,42,32516.0,1949.0,Mixed
2016-02-12 00:00:00,Rat_lodging_Ben,256.29,-5.6,0.0,-17.2,1027.5,2.6,0,5,2,43,32516.0,1949.0,Mixed
2016-02-12 01:00:00,Rat_lodging_Ben,243.65,-6.1,0.0,-16.7,1027.8,3.1,1,5,2,43,32516.0,1949.0,Mixed
2016-02-12 02:00:00,Rat_lodging_Ben,243.07,-6.1,2.0,-16.1,1027.5,2.6,2,5,2,43,32516.0,1949.0,Mixed
2016-02-12 03:00:00,Rat_lodging_Ben,242.58,-6.1,4.0,-16.1,1027.2,2.6,3,5,2,43,32516.0,1949.0,Mixed
2016-02-12 04:00:00,Rat_lodging_Ben,242.15,-6.7,6.0,-15.0,1027.0,3.1,4,5,2,43,32516.0,1949.0,Mixed
2016-02-12 05:00:00,Rat_lodging_Ben,247.93,-6.7,6.0,-16.1,1026.9,1.5,5,5,2,43,32516.0,1949.0,Mixed
2016-02-12 06:00:00,Rat_lodging_Ben,267.66,-6.7,6.0,-15.0,1026.7,2.6,6,5,2,43,32516.0,1949.0,Mixed
2016-02-12 07:00:00,Rat_lodging_Ben,296.22,-6.7,6.0,-15.6,1026.8,2.1,7,5,2,43,32516.0,1949.0,Mixed
2016-02-12 08:00:00,Rat_lodging_Ben,304.06,-6.1,6.666666666666667,-16.1,1027.0,2.1,8,5,2,43,32516.0,1949.0,Mixed
2016-02-12 09:00:00,Rat_lodging_Ben,306.0,-5.0,7.333333333333333,-15.6,1026.6,1.5,9,5,2,43,32516.0,1949.0,Mixed
2016-02-12 10:00:00,Rat_lodging_Ben,312.23,-4.4,8.0,-15.0,1025.9,3.1,10,5,2,43,32516.0,1949.0,Mixed
2016-02-12 11:00:00,Rat_lodging_Ben,312.46,-3.9,8.0,-15.0,1024.6,2.1,11,5,2,43,32516.0,1949.0,Mixed
2016-02-12 12:00:00,Rat_lodging_Ben,305.92,-2.2,8.0,-14.4,1023.4,4.1,12,5,2,43,32516.0,1949.0,Mixed
2016-02-12 13:00:00,Rat_lodging_Ben,305.64,-2.2,8.0,-13.9,1021.6,2.6,13,5,2,43,32516.0,1949.0,Mixed
2016-02-12 14:00:00,Rat_lodging_Ben,303.57,-1.1,8.0,-12.8,1019.9,5.7,14,5,2,43,32516.0,1949.0,Mixed
2016-02-12 15:00:00,Rat_lodging_Ben,297.5,-0.6,8.0,-12.2,1018.1,4.1,15,5,2,43,32516.0,1949.0,Mixed
2016-02-12 16:00:00,Rat_lodging_Ben,295.37,-1.1,8.0,-12.2,1017.5,2.6,16,5,2,43,32516.0,1949.0,Mixed
2016-02-12 17:00:00,Rat_lodging_Ben,291.15,-1.7,7.333333333333333,-12.2,1017.1,2.1,17,5,2,43,32516.0,1949.0,Mixed
2016-02-12 18:00:00,Rat_lodging_Ben,290.27,-1.7,6.666666666666667,-11.1,1016.4,3.6,18,5,2,43,32516.0,1949.0,Mixed
2016-02-12 19:00:00,Rat_lodging_Ben,292.82,-2.2,6.0,-11.1,1016.5,2.6,19,5,2,43,32516.0,1949.0,Mixed
2016-02-12 20:00:00,Rat_lodging_Ben,300.16,-2.2,6.666666666666667,-10.6,1016.3,2.6,20,5,2,43,32516.0,1949.0,Mixed
2016-02-12 21:00:00,Rat_lodging_Ben,297.86,-2.2,7.333333333333333,-10.6,1016.3,2.6,21,5,2,43,32516.0,1949.0,Mixed
2016-02-12 22:00:00,Rat_lodging_Ben,275.22,-1.7,8.0,-11.1,1016.6,2.6,22,5,2,43,32516.0,1949.0,Mixed
2016-02-12 23:00:00,Rat_lodging_Ben,254.07,-2.2,6.0,-8.3,1016.8,4.6,23,5,2,43,32516.0,1949.0,Mixed
2016-02-13 00:00:00,Rat_lodging_Ben,248.88,-2.2,4.0,-8.3,1016.5,2.6,0,6,2,44,32516.0,1949.0,Mixed
2016-02-13 01:00:00,Rat_lodging_Ben,242.66,-2.8,2.0,-8.3,1016.3,3.6,1,6,2,44,32516.0,1949.0,Mixed
2016-02-13 02:00:00,Rat_lodging_Ben,239.29,-2.8,4.0,-10.6,1016.1,3.6,2,6,2,44,32516.0,1949.0,Mixed
2016-02-13 03:00:00,Rat_lodging_Ben,236.86,-2.2,4.0,-11.7,1016.5,5.7,3,6,2,44,32516.0,1949.0,Mixed
2016-02-13 04:00:00,Rat_lodging_Ben,232.65,-3.3,4.0,-11.7,1017.4,9.3,4,6,2,44,32516.0,1949.0,Mixed
2016-02-13 05:00:00,Rat_lodging_Ben,233.29,-4.4,4.0,-15.0,1018.8,10.3,5,6,2,44,32516.0,1949.0,Mixed
2016-02-13 06:00:00,Rat_lodging_Ben,243.1,-5.0,5.0,-14.4,1020.0,10.8,6,6,2,44,32516.0,1949.0,Mixed
2016-02-13 07:00:00,Rat_lodging_Ben,272.02,-5.6,6.0,-13.3,1021.4,10.8,7,6,2,44,32516.0,1949.0,Mixed
2016-02-13 08:00:00,Rat_lodging_Ben,277.13,-6.1,5.0,-11.1,1022.4333333333333,6.7,8,6,2,44,32516.0,1949.0,Mixed
2016-02-13 09:00:00,Rat_lodging_Ben,288.7,-6.1,4.0,-12.2,1023.4666666666667,7.2,9,6,2,44,32516.0,1949.0,Mixed
2016-02-13 10:00:00,Rat_lodging_Ben,298.33,-5.6,6.0,-18.3,1024.5,12.4,10,6,2,44,32516.0,1949.0,Mixed
2016-02-13 11:00:00,Rat_lodging_Ben,296.74,-5.6,5.0,-17.8,1025.4,8.8,11,6,2,44,32516.0,1949.0,Mixed
2016-02-13 12:00:00,Rat_lodging_Ben,295.1,-5.6,4.0,-20.0,1025.8,10.3,12,6,2,44,32516.0,1949.0,Mixed
2016-02-13 13:00:00,Rat_lodging_Ben,294.33,-6.1,6.0,-20.0,1025.5,8.2,13,6,2,44,32516.0,1949.0,Mixed
2016-02-13 14:00:00,Rat_lodging_Ben,284.71,-5.0,6.0,-20.0,1025.6,10.3,14,6,2,44,32516.0,1949.0,Mixed
2016-02-13 15:00:00,Rat_lodging_Ben,286.83,-5.6,6.0,-20.6,1025.8,11.8,15,6,2,44,32516.0,1949.0,Mixed
2016-02-13 16:00:00,Rat_lodging_Ben,278.63,-6.1,6.0,-21.1,1026.4,10.8,16,6,2,44,32516.0,1949.0,Mixed
2016-02-13 17:00:00,Rat_lodging_Ben,279.59,-6.7,4.0,-21.7,1027.2,9.8,17,6,2,44,32516.0,1949.0,Mixed
2016-02-13 18:00:00,Rat_lodging_Ben,275.54,-7.2,4.0,-22.2,1029.0,7.7,18,6,2,44,32516.0,1949.0,Mixed
2016-02-13 19:00:00,Rat_lodging_Ben,276.51,-7.8,0.0,-21.1,1029.9,6.7,19,6,2,44,32516.0,1949.0,Mixed
2016-02-13 20:00:00,Rat_lodging_Ben,276.3,-7.8,2.0,-21.1,1030.5,6.7,20,6,2,44,32516.0,1949.0,Mixed
2016-02-13 21:00:00,Rat_lodging_Ben,275.58,-8.3,2.0,-20.0,1030.7,6.7,21,6,2,44,32516.0,1949.0,Mixed
2016-02-13 22:00:00,Rat_lodging_Ben,276.95,-8.9,2.0,-21.7,1031.3,7.2,22,6,2,44,32516.0,1949.0,Mixed
2016-02-13 23:00:00,Rat_lodging_Ben,258.27,-8.9,2.0,-21.1,1031.5,5.1,23,6,2,44,32516.0,1949.0,Mixed
2016-02-14 00:00:00,Rat_lodging_Ben,250.01,-9.4,2.0,-20.6,1031.7,5.1,0,7,2,45,32516.0,1949.0,Mixed
2016-02-14 01:00:00,Rat_lodging_Ben,242.9,-9.4,2.0,-20.0,1031.8,6.2,1,7,2,45,32516.0,1949.0,Mixed
2016-02-14 02:00:00,Rat_lodging_Ben,241.19,-9.7,0.0,-19.7,1032.0,4.9,2,7,2,45,32516.0,1949.0,Mixed
2016-02-14 03:00:00,Rat_lodging_Ben,237.89,-10.0,1.0,-19.4,1032.2,3.6,3,7,2,45,32516.0,1949.0,Mixed
2016-02-14 04:00:00,Rat_lodging_Ben,237.12,-10.0,2.0,-19.4,1032.5,4.1,4,7,2,45,32516.0,1949.0,Mixed
2016-02-14 05:00:00,Rat_lodging_Ben,237.05,-10.0,2.0,-19.4,1033.5,4.6,5,7,2,45,32516.0,1949.0,Mixed
2016-02-14 06:00:00,Rat_lodging_Ben,250.17,-10.6,0.0,-18.9,1034.2,4.1,6,7,2,45,32516.0,1949.0,Mixed
2016-02-14 07:00:00,Rat_lodging_Ben,276.4,-10.6,2.0,-18.9,1035.0,4.1,7,7,2,45,32516.0,1949.0,Mixed
2016-02-14 08:00:00,Rat_lodging_Ben,288.49,-10.0,2.0,-18.9,1035.7,3.1,8,7,2,45,32516.0,1949.0,Mixed
2016-02-14 09:00:00,Rat_lodging_Ben,287.11,-8.3,2.0,-18.9,1036.1,4.1,9,7,2,45,32516.0,1949.0,Mixed
2016-02-14 10:00:00,Rat_lodging_Ben,293.11,-7.2,2.0,-18.3,1036.0,4.6,10,7,2,45,32516.0,1949.0,Mixed
2016-02-14 11:00:00,Rat_lodging_Ben,300.06,-6.7,2.0,-18.9,1035.9,4.6,11,7,2,45,32516.0,1949.0,Mixed
2016-02-14 12:00:00,Rat_lodging_Ben,295.27,-6.1,2.0,-18.9,1035.5,4.1,12,7,2,45,32516.0,1949.0,Mixed
2016-02-14 13:00:00,Rat_lodging_Ben,295.72,-5.0,2.0,-18.9,1034.5,2.1,13,7,2,45,32516.0,1949.0,Mixed
2016-02-14 14:00:00,Rat_lodging_Ben,297.29,-4.4,4.0,-18.9,1033.3,2.6,14,7,2,45,32516.0,1949.0,Mixed
2016-02-14 15:00:00,Rat_lodging_Ben,290.22,-3.9,5.0,-18.9,1032.3,3.6,15,7,2,45,32516.0,1949.0,Mixed
2016-02-14 16:00:00,Rat_lodging_Ben,277.36,-3.9,6.0,-18.9,1033.3,2.1,16,7,2,45,32516.0,1949.0,Mixed
2016-02-14 17:00:00,Rat_lodging_Ben,272.4,-4.4,6.0,-18.3,1032.9,1.5,17,7,2,45,32516.0,1949.0,Mixed
2016-02-14 18:00:00,Rat_lodging_Ben,270.44,-4.4,6.0,-18.9,1032.7,2.1,18,7,2,45,32516.0,1949.0,Mixed
2016-02-14 19:00:00,Rat_lodging_Ben,279.94,-4.4,6.0,-17.8,1034.1,2.1,19,7,2,45,32516.0,1949.0,Mixed
2016-02-14 20:00:00,Rat_lodging_Ben,279.49,-5.6,6.666666666666667,-15.0,1033.8,5.7,20,7,2,45,32516.0,1949.0,Mixed
2016-02-14 21:00:00,Rat_lodging_Ben,275.94,-5.6,7.333333333333333,-15.0,1033.5,4.6,21,7,2,45,32516.0,1949.0,Mixed
2016-02-14 22:00:00,Rat_lodging_Ben,274.36,-5.0,8.0,-14.4,1033.6,4.6,22,7,2,45,32516.0,1949.0,Mixed
2016-02-14 23:00:00,Rat_lodging_Ben,252.15,-5.0,8.0,-14.4,1033.4499999999998,3.6,23,7,2,45,32516.0,1949.0,Mixed
2016-02-15 00:00:00,Rat_lodging_Ben,244.53,-6.1,8.0,-9.4,1033.3,4.6,0,1,2,46,32516.0,1949.0,Mixed
2016-02-15 01:00:00,Rat_lodging_Ben,241.96,-6.7,8.0,-8.3,1033.4,4.1,1,1,2,46,32516.0,1949.0,Mixed
2016-02-15 02:00:00,Rat_lodging_Ben,236.5,-6.1,8.0,-8.3,1033.3,3.6,2,1,2,46,32516.0,1949.0,Mixed
2016-02-15 03:00:00,Rat_lodging_Ben,235.51,-6.1,8.0,-8.3,1032.8,4.1,3,1,2,46,32516.0,1949.0,Mixed
2016-02-15 04:00:00,Rat_lodging_Ben,236.08,-6.1,8.0,-8.3,1032.5,3.6,4,1,2,46,32516.0,1949.0,Mixed
2016-02-15 05:00:00,Rat_lodging_Ben,239.32,-6.1,8.0,-7.8,1031.8,3.6,5,1,2,46,32516.0,1949.0,Mixed
2016-02-15 06:00:00,Rat_lodging_Ben,248.76,-5.6,8.0,-8.3,1031.7,3.1,6,1,2,46,32516.0,1949.0,Mixed
2016-02-15 07:00:00,Rat_lodging_Ben,289.86,-5.6,8.0,-8.3,1031.25,2.6,7,1,2,46,32516.0,1949.0,Mixed
2016-02-15 08:00:00,Rat_lodging_Ben,303.22,-5.6,8.0,-7.8,1030.8,2.6,8,1,2,46,32516.0,1949.0,Mixed
2016-02-15 09:00:00,Rat_lodging_Ben,294.76,-5.0,8.0,-7.2,1031.0,2.6,9,1,2,46,32516.0,1949.0,Mixed
2016-02-15 10:00:00,Rat_lodging_Ben,296.71,-4.4,8.0,-6.1,1030.175,2.6,10,1,2,46,32516.0,1949.0,Mixed
2016-02-15 11:00:00,Rat_lodging_Ben,297.78,-3.9,8.0,-5.6,1029.35,1.5,11,1,2,46,32516.0,1949.0,Mixed
2016-02-15 12:00:00,Rat_lodging_Ben,307.65,-3.3,8.0,-4.4,1028.525,0.0,12,1,2,46,32516.0,1949.0,Mixed
2016-02-15 13:00:00,Rat_lodging_Ben,302.28,-2.8,8.0,-5.0,1027.7,3.1,13,1,2,46,32516.0,1949.0,Mixed
2016-02-15 14:00:00,Rat_lodging_Ben,305.69,-2.8,8.0,-4.4,1026.1,1.5,14,1,2,46,32516.0,1949.0,Mixed
2016-02-15 15:00:00,Rat_lodging_Ben,290.43,-1.7,8.0,-5.0,1025.05,1.5,15,1,2,46,32516.0,1949.0,Mixed
2016-02-15 16:00:00,Rat_lodging_Ben,284.69,-1.7,8.0,-3.9,1024.0,2.1,16,1,2,46,32516.0,1949.0,Mixed
2016-02-15 17:00:00,Rat_lodging_Ben,278.17,-1.7,8.0,-3.3,1023.5,2.1,17,1,2,46,32516.0,1949.0,Mixed
2016-02-15 18:00:00,Rat_lodging_Ben,284.91,-1.7,8.0,-2.8,1023.0,2.6,18,1,2,46,32516.0,1949.0,Mixed
2016-02-15 19:00:00,Rat_lodging_Ben,286.28,-1.7,8.0,-2.8,1022.6,2.1,19,1,2,46,32516.0,1949.0,Mixed
2016-02-15 20:00:00,Rat_lodging_Ben,294.13,-1.1,8.0,-3.3,1021.5,3.6,20,1,2,46,32516.0,1949.0,Mixed
2016-02-15 21:00:00,Rat_lodging_Ben,281.21,-1.1,8.0,-2.8,1020.7,2.6,21,1,2,46,32516.0,1949.0,Mixed
2016-02-15 22:00:00,Rat_lodging_Ben,273.0,-1.1,8.0,-2.8,1019.2,3.1,22,1,2,46,32516.0,1949.0,Mixed
2016-02-15 23:00:00,Rat_lodging_Ben,245.95,-1.1,8.0,-2.2,1018.3,2.1,23,1,2,46,32516.0,1949.0,Mixed
2016-02-16 00:00:00,Rat_lodging_Ben,242.8,-0.6,8.0,-2.2,1017.5,2.1,0,2,2,47,32516.0,1949.0,Mixed
2016-02-16 01:00:00,Rat_lodging_Ben,235.51,-0.6,8.0,-1.7,1016.3,1.5,1,2,2,47,32516.0,1949.0,Mixed
2016-02-16 02:00:00,Rat_lodging_Ben,231.13,-0.6,8.5,-1.7,1014.7,2.1,2,2,2,47,32516.0,1949.0,Mixed
2016-02-16 03:00:00,Rat_lodging_Ben,228.42,-0.6,9.0,-1.1,1013.1,3.1,3,2,2,47,32516.0,1949.0,Mixed
2016-02-16 04:00:00,Rat_lodging_Ben,230.28,-0.6,9.0,-1.1,1010.5,4.1,4,2,2,47,32516.0,1949.0,Mixed
2016-02-16 05:00:00,Rat_lodging_Ben,239.89,0.0,8.666666666666666,-0.6,1008.1,2.2,5,2,2,47,32516.0,1949.0,Mixed
2016-02-16 06:00:00,Rat_lodging_Ben,265.23,4.4,8.333333333333334,3.3,1005.7,2.1,6,2,2,47,32516.0,1949.0,Mixed
2016-02-16 07:00:00,Rat_lodging_Ben,296.96,10.6,8.0,7.8,1004.5,8.8,7,2,2,47,32516.0,1949.0,Mixed
2016-02-16 08:00:00,Rat_lodging_Ben,301.05,10.0,8.0,7.8,1003.4,6.7,8,2,2,47,32516.0,1949.0,Mixed
2016-02-16 09:00:00,Rat_lodging_Ben,298.37,11.1,8.0,9.4,1001.9,8.8,9,2,2,47,32516.0,1949.0,Mixed
2016-02-16 10:00:00,Rat_lodging_Ben,308.02,8.3,8.0,7.2,1001.9,3.1,10,2,2,47,32516.0,1949.0,Mixed
2016-02-16 11:00:00,Rat_lodging_Ben,310.03,7.2,8.0,6.7,1000.9,3.1,11,2,2,47,32516.0,1949.0,Mixed
2016-02-16 12:00:00,Rat_lodging_Ben,302.88,7.8,8.0,7.2,1001.15,3.6,12,2,2,47,32516.0,1949.0,Mixed
2016-02-16 13:00:00,Rat_lodging_Ben,303.79,8.9,8.0,7.2,1001.4,4.6,13,2,2,47,32516.0,1949.0,Mixed
2016-02-16 14:00:00,Rat_lodging_Ben,293.13,10.0,6.666666666666667,4.4,1001.4,7.2,14,2,2,47,32516.0,1949.0,Mixed
2016-02-16 15:00:00,Rat_lodging_Ben,292.65,10.0,5.333333333333334,3.3,1002.8,7.7,15,2,2,47,32516.0,1949.0,Mixed
2016-02-16 16:00:00,Rat_lodging_Ben,294.36,10.6,4.0,1.1,1004.2,6.2,16,2,2,47,32516.0,1949.0,Mixed
2016-02-16 17:00:00,Rat_lodging_Ben,294.85,9.4,4.0,0.6,1005.3,5.7,17,2,2,47,32516.0,1949.0,Mixed
2016-02-16 18:00:00,Rat_lodging_Ben,295.08,7.8,4.0,-0.6,1006.3,6.2,18,2,2,47,32516.0,1949.0,Mixed
2016-02-16 19:00:00,Rat_lodging_Ben,295.2,6.7,4.0,-0.6,1007.6,4.6,19,2,2,47,32516.0,1949.0,Mixed
2016-02-16 20:00:00,Rat_lodging_Ben,298.67,5.6,4.0,-0.6,1009.6,2.6,20,2,2,47,32516.0,1949.0,Mixed
2016-02-16 21:00:00,Rat_lodging_Ben,297.2,5.6,2.0,0.0,1010.1,3.1,21,2,2,47,32516.0,1949.0,Mixed
2016-02-16 22:00:00,Rat_lodging_Ben,282.06,5.0,6.0,-0.6,1011.9,1.5,22,2,2,47,32516.0,1949.0,Mixed
2016-02-16 23:00:00,Rat_lodging_Ben,254.21,5.0,6.0,0.0,1012.4,3.1,23,2,2,47,32516.0,1949.0,Mixed
2016-02-17 00:00:00,Rat_lodging_Ben,245.91,3.9,6.0,0.0,1012.3,4.1,0,3,2,48,32516.0,1949.0,Mixed
2016-02-17 01:00:00,Rat_lodging_Ben,238.47,3.9,6.0,0.0,1012.1,2.6,1,3,2,48,32516.0,1949.0,Mixed
2016-02-17 02:00:00,Rat_lodging_Ben,234.75,3.9,4.0,0.0,1012.2,2.6,2,3,2,48,32516.0,1949.0,Mixed
2016-02-17 03:00:00,Rat_lodging_Ben,233.87,1.7,4.0,-1.1,1012.7,1.5,3,3,2,48,32516.0,1949.0,Mixed
2016-02-17 04:00:00,Rat_lodging_Ben,230.21,0.6,6.0,-1.1,1013.1,1.5,4,3,2,48,32516.0,1949.0,Mixed
2016-02-17 05:00:00,Rat_lodging_Ben,240.38,0.6,6.0,-0.6,1014.0,0.0,5,3,2,48,32516.0,1949.0,Mixed
2016-02-17 06:00:00,Rat_lodging_Ben,257.87,0.6,6.0,0.0,1015.1,2.6,6,3,2,48,32516.0,1949.0,Mixed
2016-02-17 07:00:00,Rat_lodging_Ben,288.94,1.7,6.0,-0.6,1015.6,0.0,7,3,2,48,32516.0,1949.0,Mixed
2016-02-17 08:00:00,Rat_lodging_Ben,287.42,1.1,6.666666666666667,-0.6,1017.0,3.6,8,3,2,48,32516.0,1949.0,Mixed
2016-02-17 09:00:00,Rat_lodging_Ben,297.24,2.2,7.333333333333333,0.0,1017.8,0.0,9,3,2,48,32516.0,1949.0,Mixed
2016-02-17 10:00:00,Rat_lodging_Ben,304.61,5.6,8.0,-1.1,1018.6,4.1,10,3,2,48,32516.0,1949.0,Mixed
2016-02-17 11:00:00,Rat_lodging_Ben,317.75,6.1,8.0,-1.7,1019.1,7.2,11,3,2,48,32516.0,1949.0,Mixed
2016-02-17 12:00:00,Rat_lodging_Ben,310.73,8.3,8.0,-1.1,1019.1,5.1,12,3,2,48,32516.0,1949.0,Mixed
2016-02-17 13:00:00,Rat_lodging_Ben,303.91,8.9,8.0,-1.7,1018.7,6.2,13,3,2,48,32516.0,1949.0,Mixed
2016-02-17 14:00:00,Rat_lodging_Ben,298.1,7.8,7.333333333333333,-2.2,1018.8,6.2,14,3,2,48,32516.0,1949.0,Mixed
2016-02-17 15:00:00,Rat_lodging_Ben,298.83,7.8,6.666666666666667,-2.2,1019.3,4.1,15,3,2,48,32516.0,1949.0,Mixed
2016-02-17 16:00:00,Rat_lodging_Ben,303.22,8.3,6.0,-2.2,1019.8,5.1,16,3,2,48,32516.0,1949.0,Mixed
2016-02-17 17:00:00,Rat_lodging_Ben,300.35,7.8,5.0,-2.8,1020.7,4.6,17,3,2,48,32516.0,1949.0,Mixed
2016-02-17 18:00:00,Rat_lodging_Ben,289.93,6.1,4.0,-2.8,1022.1,5.7,18,3,2,48,32516.0,1949.0,Mixed
2016-02-17 19:00:00,Rat_lodging_Ben,287.81,4.4,2.0,-2.8,1023.5,3.6,19,3,2,48,32516.0,1949.0,Mixed
2016-02-17 20:00:00,Rat_lodging_Ben,288.91,3.9,2.0,-3.3,1024.4,3.6,20,3,2,48,32516.0,1949.0,Mixed
2016-02-17 21:00:00,Rat_lodging_Ben,287.54,3.3,2.0,-3.3,1024.9,2.1,21,3,2,48,32516.0,1949.0,Mixed
2016-02-17 22:00:00,Rat_lodging_Ben,274.64,3.9,4.0,-4.4,1025.5,6.2,22,3,2,48,32516.0,1949.0,Mixed
2016-02-17 23:00:00,Rat_lodging_Ben,251.17,3.3,0.0,-4.4,1025.8,2.6,23,3,2,48,32516.0,1949.0,Mixed
2016-02-18 00:00:00,Rat_lodging_Ben,244.81,2.8,2.0,-5.0,1026.3,2.6,0,4,2,49,32516.0,1949.0,Mixed
2016-02-18 01:00:00,Rat_lodging_Ben,236.02,3.3,8.0,-5.0,1026.6,4.1,1,4,2,49,32516.0,1949.0,Mixed
2016-02-18 02:00:00,Rat_lodging_Ben,227.13,2.8,7.333333333333333,-5.0,1027.0,2.6,2,4,2,49,32516.0,1949.0,Mixed
2016-02-18 03:00:00,Rat_lodging_Ben,227.17,2.8,6.666666666666667,-5.6,1027.2,2.1,3,4,2,49,32516.0,1949.0,Mixed
2016-02-18 04:00:00,Rat_lodging_Ben,228.61,1.7,6.0,-5.0,1027.9,2.6,4,4,2,49,32516.0,1949.0,Mixed
2016-02-18 05:00:00,Rat_lodging_Ben,236.68,1.7,5.0,-4.4,1029.0,4.6,5,4,2,49,32516.0,1949.0,Mixed
2016-02-18 06:00:00,Rat_lodging_Ben,261.32,1.1,4.0,-7.2,1029.3,6.2,6,4,2,49,32516.0,1949.0,Mixed
2016-02-18 07:00:00,Rat_lodging_Ben,297.4,0.0,4.0,-8.3,1030.2,6.2,7,4,2,49,32516.0,1949.0,Mixed
2016-02-18 08:00:00,Rat_lodging_Ben,290.86,0.6,2.0,-9.4,1031.7,7.2,8,4,2,49,32516.0,1949.0,Mixed
2016-02-18 09:00:00,Rat_lodging_Ben,297.04,0.6,2.0,-9.4,1032.6,6.2,9,4,2,49,32516.0,1949.0,Mixed
2016-02-18 10:00:00,Rat_lodging_Ben,312.44,1.7,2.0,-9.4,1033.3,5.1,10,4,2,49,32516.0,1949.0,Mixed
2016-02-18 11:00:00,Rat_lodging_Ben,321.47,2.2,2.0,-10.0,1033.8,7.2,11,4,2,49,32516.0,1949.0,Mixed
2016-02-18 12:00:00,Rat_lodging_Ben,315.42,2.8,2.0,-11.1,1033.5,6.2,12,4,2,49,32516.0,1949.0,Mixed
2016-02-18 13:00:00,Rat_lodging_Ben,312.62,3.3,2.0,-12.8,1033.3,8.8,13,4,2,49,32516.0,1949.0,Mixed
2016-02-18 14:00:00,Rat_lodging_Ben,311.68,3.9,2.0,-11.7,1032.8,6.2,14,4,2,49,32516.0,1949.0,Mixed
2016-02-18 15:00:00,Rat_lodging_Ben,304.97,3.9,2.0,-12.2,1033.0,7.2,15,4,2,49,32516.0,1949.0,Mixed
2016-02-18 16:00:00,Rat_lodging_Ben,309.99,3.9,2.0,-11.7,1033.0,4.6,16,4,2,49,32516.0,1949.0,Mixed
2016-02-18 17:00:00,Rat_lodging_Ben,303.79,3.3,2.0,-12.2,1033.5,5.7,17,4,2,49,32516.0,1949.0,Mixed
2016-02-18 18:00:00,Rat_lodging_Ben,298.52,2.2,4.0,-12.2,1034.1,6.7,18,4,2,49,32516.0,1949.0,Mixed
2016-02-18 19:00:00,Rat_lodging_Ben,297.63,1.1,4.0,-11.1,1034.6,5.7,19,4,2,49,32516.0,1949.0,Mixed
2016-02-18 20:00:00,Rat_lodging_Ben,299.96,0.6,4.0,-10.6,1035.1,3.6,20,4,2,49,32516.0,1949.0,Mixed
2016-02-18 21:00:00,Rat_lodging_Ben,295.99,0.6,0.0,-11.7,1035.1,5.1,21,4,2,49,32516.0,1949.0,Mixed
2016-02-18 22:00:00,Rat_lodging_Ben,276.16,0.0,2.0,-10.6,1035.4,3.6,22,4,2,49,32516.0,1949.0,Mixed
2016-02-18 23:00:00,Rat_lodging_Ben,250.06,0.0,0.0,-10.6,1035.4,3.1,23,4,2,49,32516.0,1949.0,Mixed
2016-02-19 00:00:00,Rat_lodging_Ben,249.51,-0.6,0.0,-10.0,1034.9,3.6,0,5,2,50,32516.0,1949.0,Mixed
2016-02-19 01:00:00,Rat_lodging_Ben,237.44,-1.7,0.0,-11.1,1035.5,2.6,1,5,2,50,32516.0,1949.0,Mixed
2016-02-19 02:00:00,Rat_lodging_Ben,233.13,-1.1,0.0,-10.6,1035.2,1.5,2,5,2,50,32516.0,1949.0,Mixed
2016-02-19 03:00:00,Rat_lodging_Ben,210.96,-1.1,0.0,-10.0,1035.2,2.1,3,5,2,50,32516.0,1949.0,Mixed
2016-02-19 04:00:00,Rat_lodging_Ben,212.63,-1.7,0.0,-9.4,1035.2,1.5,4,5,2,50,32516.0,1949.0,Mixed
2016-02-19 05:00:00,Rat_lodging_Ben,220.63,-2.2,0.0,-10.0,1035.4,1.5,5,5,2,50,32516.0,1949.0,Mixed
2016-02-19 06:00:00,Rat_lodging_Ben,238.43,-2.2,0.0,-11.1,1035.5,0.0,6,5,2,50,32516.0,1949.0,Mixed
2016-02-19 07:00:00,Rat_lodging_Ben,279.04,-2.2,6.0,-11.1,1036.1,0.0,7,5,2,50,32516.0,1949.0,Mixed
2016-02-19 08:00:00,Rat_lodging_Ben,284.65,-1.7,6.666666666666667,-10.6,1036.3,2.1,8,5,2,50,32516.0,1949.0,Mixed
2016-02-19 09:00:00,Rat_lodging_Ben,285.55,-0.6,7.333333333333333,-9.4,1036.1,2.6,9,5,2,50,32516.0,1949.0,Mixed
2016-02-19 10:00:00,Rat_lodging_Ben,285.86,0.0,8.0,-9.4,1036.8,3.1,10,5,2,50,32516.0,1949.0,Mixed
2016-02-19 11:00:00,Rat_lodging_Ben,292.18,0.0,8.0,-8.9,1035.6,3.6,11,5,2,50,32516.0,1949.0,Mixed
2016-02-19 12:00:00,Rat_lodging_Ben,282.14,1.1,8.0,-8.9,1034.5,4.6,12,5,2,50,32516.0,1949.0,Mixed
2016-02-19 13:00:00,Rat_lodging_Ben,285.93,2.8,8.0,-8.9,1032.5,4.1,13,5,2,50,32516.0,1949.0,Mixed
2016-02-19 14:00:00,Rat_lodging_Ben,283.0,3.9,8.0,-9.4,1030.6,5.1,14,5,2,50,32516.0,1949.0,Mixed
2016-02-19 15:00:00,Rat_lodging_Ben,278.77,4.4,8.0,-7.2,1029.2,4.6,15,5,2,50,32516.0,1949.0,Mixed
2016-02-19 16:00:00,Rat_lodging_Ben,275.58,5.0,8.0,-8.9,1027.1,7.2,16,5,2,50,32516.0,1949.0,Mixed
2016-02-19 17:00:00,Rat_lodging_Ben,270.44,4.4,8.0,-8.3,1025.3,6.2,17,5,2,50,32516.0,1949.0,Mixed
2016-02-19 18:00:00,Rat_lodging_Ben,270.87,3.9,8.0,-7.8,1024.7,4.1,18,5,2,50,32516.0,1949.0,Mixed
2016-02-19 19:00:00,Rat_lodging_Ben,275.46,3.3,8.0,-6.1,1024.4,4.1,19,5,2,50,32516.0,1949.0,Mixed
2016-02-19 20:00:00,Rat_lodging_Ben,269.37,3.3,8.0,-4.4,1023.9,3.6,20,5,2,50,32516.0,1949.0,Mixed
2016-02-19 21:00:00,Rat_lodging_Ben,261.22,3.9,8.0,-4.4,1023.5,5.7,21,5,2,50,32516.0,1949.0,Mixed
2016-02-19 22:00:00,Rat_lodging_Ben,246.32,4.4,8.0,-3.3,1022.4,5.7,22,5,2,50,32516.0,1949.0,Mixed
2016-02-19 23:00:00,Rat_lodging_Ben,227.79,4.4,6.0,-2.8,1021.0,6.2,23,5,2,50,32516.0,1949.0,Mixed
2016-02-20 00:00:00,Rat_lodging_Ben,222.37,4.4,4.0,-2.8,1020.0,7.2,0,6,2,51,32516.0,1949.0,Mixed
2016-02-20 01:00:00,Rat_lodging_Ben,213.92,5.0,6.0,-2.8,1019.0,6.2,1,6,2,51,32516.0,1949.0,Mixed
2016-02-20 02:00:00,Rat_lodging_Ben,212.68,5.0,5.0,-2.8,1018.0,7.2,2,6,2,51,32516.0,1949.0,Mixed
2016-02-20 03:00:00,Rat_lodging_Ben,211.19,7.2,4.0,-3.3,1017.4,8.2,3,6,2,51,32516.0,1949.0,Mixed
2016-02-20 04:00:00,Rat_lodging_Ben,214.4,7.8,4.0,-2.2,1017.3,7.2,4,6,2,51,32516.0,1949.0,Mixed
2016-02-20 05:00:00,Rat_lodging_Ben,211.7,6.7,4.666666666666667,-2.2,1017.5,4.1,5,6,2,51,32516.0,1949.0,Mixed
2016-02-20 06:00:00,Rat_lodging_Ben,218.91,6.7,5.333333333333333,-1.7,1018.1,3.1,6,6,2,51,32516.0,1949.0,Mixed
2016-02-20 07:00:00,Rat_lodging_Ben,244.3,6.7,6.0,-1.1,1018.1,4.1,7,6,2,51,32516.0,1949.0,Mixed
2016-02-20 08:00:00,Rat_lodging_Ben,242.23,6.1,6.0,0.0,1018.5,4.1,8,6,2,51,32516.0,1949.0,Mixed
2016-02-20 09:00:00,Rat_lodging_Ben,253.76,7.2,6.0,0.6,1018.8,3.6,9,6,2,51,32516.0,1949.0,Mixed
2016-02-20 10:00:00,Rat_lodging_Ben,260.36,7.8,6.0,0.6,1018.4,4.6,10,6,2,51,32516.0,1949.0,Mixed
2016-02-20 11:00:00,Rat_lodging_Ben,259.88,9.4,6.0,1.7,1018.2,4.6,11,6,2,51,32516.0,1949.0,Mixed
2016-02-20 12:00:00,Rat_lodging_Ben,266.59,10.6,6.0,2.2,1017.4,4.6,12,6,2,51,32516.0,1949.0,Mixed
2016-02-20 13:00:00,Rat_lodging_Ben,277.75,13.9,6.0,2.8,1016.4,3.6,13,6,2,51,32516.0,1949.0,Mixed
2016-02-20 14:00:00,Rat_lodging_Ben,260.47,14.4,5.333333333333333,3.3,1014.7,6.2,14,6,2,51,32516.0,1949.0,Mixed
2016-02-20 15:00:00,Rat_lodging_Ben,273.73,13.3,4.666666666666667,3.3,1014.0,5.7,15,6,2,51,32516.0,1949.0,Mixed
2016-02-20 16:00:00,Rat_lodging_Ben,283.12,16.1,4.0,3.9,1013.3,4.6,16,6,2,51,32516.0,1949.0,Mixed
2016-02-20 17:00:00,Rat_lodging_Ben,279.84,17.2,2.0,3.3,1012.9,6.7,17,6,2,51,32516.0,1949.0,Mixed
2016-02-20 18:00:00,Rat_lodging_Ben,263.98,12.8,2.0,2.8,1012.7,5.1,18,6,2,51,32516.0,1949.0,Mixed
2016-02-20 19:00:00,Rat_lodging_Ben,262.13,12.2,0.0,2.8,1013.0,5.7,19,6,2,51,32516.0,1949.0,Mixed
2016-02-20 20:00:00,Rat_lodging_Ben,264.27,10.6,0.0,2.8,1013.3,4.6,20,6,2,51,32516.0,1949.0,Mixed
2016-02-20 21:00:00,Rat_lodging_Ben,259.2,10.6,0.0,3.9,1013.5,4.1,21,6,2,51,32516.0,1949.0,Mixed
2016-02-20 22:00:00,Rat_lodging_Ben,251.65,10.0,0.0,3.9,1013.5,2.6,22,6,2,51,32516.0,1949.0,Mixed
2016-02-20 23:00:00,Rat_lodging_Ben,233.06,9.4,0.0,5.0,1013.6,3.6,23,6,2,51,32516.0,1949.0,Mixed
2016-02-21 00:00:00,Rat_lodging_Ben,229.93,10.0,0.0,5.6,1013.5,4.6,0,7,2,52,32516.0,1949.0,Mixed
2016-02-21 01:00:00,Rat_lodging_Ben,221.3,10.0,0.0,5.6,1013.8,4.1,1,7,2,52,32516.0,1949.0,Mixed
2016-02-21 02:00:00,Rat_lodging_Ben,216.88,8.9,0.0,5.6,1013.8,5.1,2,7,2,52,32516.0,1949.0,Mixed
2016-02-21 03:00:00,Rat_lodging_Ben,218.83,8.9,0.0,5.6,1013.4,3.6,3,7,2,52,32516.0,1949.0,Mixed
2016-02-21 04:00:00,Rat_lodging_Ben,219.61,9.4,6.0,6.1,1013.4,3.6,4,7,2,52,32516.0,1949.0,Mixed
2016-02-21 05:00:00,Rat_lodging_Ben,219.35,8.9,2.0,5.6,1013.8,4.1,5,7,2,52,32516.0,1949.0,Mixed
2016-02-21 06:00:00,Rat_lodging_Ben,228.58,9.4,4.0,6.7,1014.2,1.5,6,7,2,52,32516.0,1949.0,Mixed
2016-02-21 07:00:00,Rat_lodging_Ben,252.02,7.2,6.0,5.6,1014.3,2.6,7,7,2,52,32516.0,1949.0,Mixed
2016-02-21 08:00:00,Rat_lodging_Ben,261.12,8.9,6.0,6.7,1014.1,2.6,8,7,2,52,32516.0,1949.0,Mixed
2016-02-21 09:00:00,Rat_lodging_Ben,275.76,10.0,6.0,7.2,1014.6,2.6,9,7,2,52,32516.0,1949.0,Mixed
2016-02-21 10:00:00,Rat_lodging_Ben,261.39,12.2,6.0,7.8,1014.1,3.6,10,7,2,52,32516.0,1949.0,Mixed
2016-02-21 11:00:00,Rat_lodging_Ben,242.5,11.1,6.666666666666667,7.2,1014.9,3.1,11,7,2,52,32516.0,1949.0,Mixed
2016-02-21 12:00:00,Rat_lodging_Ben,248.46,12.8,7.333333333333333,8.9,1013.8,3.6,12,7,2,52,32516.0,1949.0,Mixed
2016-02-21 13:00:00,Rat_lodging_Ben,246.83,12.8,8.0,8.9,1012.1,0.0,13,7,2,52,32516.0,1949.0,Mixed
2016-02-21 14:00:00,Rat_lodging_Ben,248.79,13.3,8.0,9.4,1011.4,2.6,14,7,2,52,32516.0,1949.0,Mixed
2016-02-21 15:00:00,Rat_lodging_Ben,256.46,11.1,8.0,8.3,1011.5,4.6,15,7,2,52,32516.0,1949.0,Mixed
2016-02-21 16:00:00,Rat_lodging_Ben,253.27,11.1,8.0,10.6,1011.3,2.1,16,7,2,52,32516.0,1949.0,Mixed
2016-02-21 17:00:00,Rat_lodging_Ben,249.06,10.6,8.0,10.0,1011.5333333333333,3.6,17,7,2,52,32516.0,1949.0,Mixed
2016-02-21 18:00:00,Rat_lodging_Ben,245.24,10.6,8.0,10.0,1011.7666666666667,2.1,18,7,2,52,32516.0,1949.0,Mixed
2016-02-21 19:00:00,Rat_lodging_Ben,245.51,11.1,8.0,10.6,1012.0,2.1,19,7,2,52,32516.0,1949.0,Mixed
2016-02-21 20:00:00,Rat_lodging_Ben,252.02,10.6,8.0,10.6,1012.2,1.5,20,7,2,52,32516.0,1949.0,Mixed
2016-02-21 21:00:00,Rat_lodging_Ben,249.54,10.6,8.0,9.4,1012.8,3.1,21,7,2,52,32516.0,1949.0,Mixed
2016-02-21 22:00:00,Rat_lodging_Ben,243.55,9.4,8.0,6.7,1013.8,5.7,22,7,2,52,32516.0,1949.0,Mixed
2016-02-21 23:00:00,Rat_lodging_Ben,222.93,8.9,8.0,7.2,1013.4,4.6,23,7,2,52,32516.0,1949.0,Mixed
2016-02-22 00:00:00,Rat_lodging_Ben,216.85,8.9,8.0,7.2,1014.4,4.1,0,1,2,53,32516.0,1949.0,Mixed
2016-02-22 01:00:00,Rat_lodging_Ben,215.4,8.3,8.0,6.1,1015.0,4.1,1,1,2,53,32516.0,1949.0,Mixed
2016-02-22 02:00:00,Rat_lodging_Ben,214.4,8.9,8.0,5.6,1015.4,6.2,2,1,2,53,32516.0,1949.0,Mixed
2016-02-22 03:00:00,Rat_lodging_Ben,206.52,8.3,8.0,5.0,1015.6,4.6,3,1,2,53,32516.0,1949.0,Mixed
2016-02-22 04:00:00,Rat_lodging_Ben,206.59,7.8,8.0,3.9,1016.4,5.7,4,1,2,53,32516.0,1949.0,Mixed
2016-02-22 05:00:00,Rat_lodging_Ben,212.51,7.2,7.333333333333333,2.8,1017.5,5.7,5,1,2,53,32516.0,1949.0,Mixed
2016-02-22 06:00:00,Rat_lodging_Ben,227.98,6.7,6.666666666666667,1.7,1018.7,4.1,6,1,2,53,32516.0,1949.0,Mixed
2016-02-22 07:00:00,Rat_lodging_Ben,268.92,5.0,6.0,1.7,1019.6,4.6,7,1,2,53,32516.0,1949.0,Mixed
2016-02-22 08:00:00,Rat_lodging_Ben,273.02,5.6,6.0,0.6,1020.7,4.6,8,1,2,53,32516.0,1949.0,Mixed
2016-02-22 09:00:00,Rat_lodging_Ben,277.96,6.1,6.0,0.0,1021.5,6.2,9,1,2,53,32516.0,1949.0,Mixed
2016-02-22 10:00:00,Rat_lodging_Ben,278.57,7.2,6.0,0.6,1021.6,4.6,10,1,2,53,32516.0,1949.0,Mixed
2016-02-22 11:00:00,Rat_lodging_Ben,289.33,8.3,6.0,1.1,1021.7,3.1,11,1,2,53,32516.0,1949.0,Mixed
2016-02-22 12:00:00,Rat_lodging_Ben,283.31,9.4,6.0,1.1,1021.2,2.6,12,1,2,53,32516.0,1949.0,Mixed
2016-02-22 13:00:00,Rat_lodging_Ben,274.05,10.6,6.0,0.6,1020.8,0.0,13,1,2,53,32516.0,1949.0,Mixed
2016-02-22 14:00:00,Rat_lodging_Ben,270.95,11.1,6.0,1.1,1020.4,2.1,14,1,2,53,32516.0,1949.0,Mixed
2016-02-22 15:00:00,Rat_lodging_Ben,264.83,11.1,6.0,0.6,1020.6,0.0,15,1,2,53,32516.0,1949.0,Mixed
2016-02-22 16:00:00,Rat_lodging_Ben,268.1,11.1,6.0,0.6,1020.3,1.5,16,1,2,53,32516.0,1949.0,Mixed
2016-02-22 17:00:00,Rat_lodging_Ben,267.82,10.0,6.0,0.6,1020.6,2.1,17,1,2,53,32516.0,1949.0,Mixed
2016-02-22 18:00:00,Rat_lodging_Ben,267.74,8.9,6.0,1.1,1021.1,2.1,18,1,2,53,32516.0,1949.0,Mixed
2016-02-22 19:00:00,Rat_lodging_Ben,269.44,8.3,6.0,1.7,1021.7,3.6,19,1,2,53,32516.0,1949.0,Mixed
2016-02-22 20:00:00,Rat_lodging_Ben,274.17,7.8,6.0,1.7,1022.1,2.1,20,1,2,53,32516.0,1949.0,Mixed
2016-02-22 21:00:00,Rat_lodging_Ben,274.04,7.8,6.0,0.6,1022.2,0.0,21,1,2,53,32516.0,1949.0,Mixed
2016-02-22 22:00:00,Rat_lodging_Ben,259.61,7.2,6.0,1.1,1022.3,0.0,22,1,2,53,32516.0,1949.0,Mixed
2016-02-22 23:00:00,Rat_lodging_Ben,228.11,6.7,6.666666666666667,1.7,1022.4,2.6,23,1,2,53,32516.0,1949.0,Mixed
2016-02-23 00:00:00,Rat_lodging_Ben,220.67,6.7,7.333333333333333,1.7,1022.3,2.6,0,2,2,54,32516.0,1949.0,Mixed
2016-02-23 01:00:00,Rat_lodging_Ben,208.47,6.7,8.0,1.7,1021.8,1.5,1,2,2,54,32516.0,1949.0,Mixed
2016-02-23 02:00:00,Rat_lodging_Ben,203.96,6.1,8.0,1.1,1021.9,1.5,2,2,2,54,32516.0,1949.0,Mixed
2016-02-23 03:00:00,Rat_lodging_Ben,203.06,6.1,8.0,1.7,1021.5,2.6,3,2,2,54,32516.0,1949.0,Mixed
2016-02-23 04:00:00,Rat_lodging_Ben,205.05,6.1,8.0,1.1,1020.9,3.6,4,2,2,54,32516.0,1949.0,Mixed
2016-02-23 05:00:00,Rat_lodging_Ben,207.51,5.6,8.0,1.1,1021.3,4.1,5,2,2,54,32516.0,1949.0,Mixed
2016-02-23 06:00:00,Rat_lodging_Ben,227.44,5.0,8.0,1.1,1021.9,4.6,6,2,2,54,32516.0,1949.0,Mixed
2016-02-23 07:00:00,Rat_lodging_Ben,261.74,4.4,8.0,2.8,1022.2,5.1,7,2,2,54,32516.0,1949.0,Mixed
2016-02-23 08:00:00,Rat_lodging_Ben,270.29,4.4,8.0,3.3,1022.4,4.1,8,2,2,54,32516.0,1949.0,Mixed
2016-02-23 09:00:00,Rat_lodging_Ben,277.06,5.0,8.0,3.3,1022.8,4.6,9,2,2,54,32516.0,1949.0,Mixed
2016-02-23 10:00:00,Rat_lodging_Ben,285.48,5.6,8.0,3.9,1022.2,5.1,10,2,2,54,32516.0,1949.0,Mixed
2016-02-23 11:00:00,Rat_lodging_Ben,285.91,6.1,8.0,4.4,1020.9,6.7,11,2,2,54,32516.0,1949.0,Mixed
2016-02-23 12:00:00,Rat_lodging_Ben,282.41,6.7,8.0,5.0,1019.8,6.2,12,2,2,54,32516.0,1949.0,Mixed
2016-02-23 13:00:00,Rat_lodging_Ben,281.37,6.7,8.0,5.6,1019.4,4.1,13,2,2,54,32516.0,1949.0,Mixed
2016-02-23 14:00:00,Rat_lodging_Ben,278.63,6.7,8.0,5.0,1019.2666666666667,5.7,14,2,2,54,32516.0,1949.0,Mixed
2016-02-23 15:00:00,Rat_lodging_Ben,266.74,7.2,8.0,5.6,1019.1333333333333,4.6,15,2,2,54,32516.0,1949.0,Mixed
2016-02-23 16:00:00,Rat_lodging_Ben,266.95,6.1,8.0,5.0,1019.0,6.7,16,2,2,54,32516.0,1949.0,Mixed
2016-02-23 17:00:00,Rat_lodging_Ben,259.79,6.1,8.0,5.0,1019.05,5.7,17,2,2,54,32516.0,1949.0,Mixed
2016-02-23 18:00:00,Rat_lodging_Ben,261.59,6.1,8.0,5.0,1019.1,4.6,18,2,2,54,32516.0,1949.0,Mixed
2016-02-23 19:00:00,Rat_lodging_Ben,268.93,6.7,8.0,5.6,1019.0,5.1,19,2,2,54,32516.0,1949.0,Mixed
2016-02-23 20:00:00,Rat_lodging_Ben,275.55,6.7,8.0,5.6,1019.1,4.6,20,2,2,54,32516.0,1949.0,Mixed
2016-02-23 21:00:00,Rat_lodging_Ben,266.27,6.1,8.0,5.0,1018.7,5.7,21,2,2,54,32516.0,1949.0,Mixed
2016-02-23 22:00:00,Rat_lodging_Ben,247.02,6.1,8.0,5.0,1018.3,5.1,22,2,2,54,32516.0,1949.0,Mixed
2016-02-23 23:00:00,Rat_lodging_Ben,221.65,6.1,8.0,5.0,1018.5,4.6,23,2,2,54,32516.0,1949.0,Mixed
2016-02-24 00:00:00,Rat_lodging_Ben,218.54,5.6,8.0,5.0,1017.3,4.6,0,3,2,55,32516.0,1949.0,Mixed
2016-02-24 01:00:00,Rat_lodging_Ben,211.11,5.6,8.0,5.0,1017.0,4.1,1,3,2,55,32516.0,1949.0,Mixed
2016-02-24 02:00:00,Rat_lodging_Ben,209.48,5.6,8.0,5.0,1016.5,4.1,2,3,2,55,32516.0,1949.0,Mixed
2016-02-24 03:00:00,Rat_lodging_Ben,209.34,5.6,8.0,4.4,1015.1,3.6,3,3,2,55,32516.0,1949.0,Mixed
2016-02-24 04:00:00,Rat_lodging_Ben,204.92,5.6,8.0,4.4,1014.4,4.1,4,3,2,55,32516.0,1949.0,Mixed
2016-02-24 05:00:00,Rat_lodging_Ben,208.74,5.6,8.0,4.4,1013.3,3.6,5,3,2,55,32516.0,1949.0,Mixed
2016-02-24 06:00:00,Rat_lodging_Ben,236.01,5.6,8.0,4.4,1012.3,3.6,6,3,2,55,32516.0,1949.0,Mixed
2016-02-24 07:00:00,Rat_lodging_Ben,271.93,5.6,8.0,5.0,1011.3,4.1,7,3,2,55,32516.0,1949.0,Mixed
2016-02-24 08:00:00,Rat_lodging_Ben,263.35,5.6,8.0,5.0,1010.0,3.6,8,3,2,55,32516.0,1949.0,Mixed
2016-02-24 09:00:00,Rat_lodging_Ben,278.74,6.7,8.0,6.1,1008.75,2.6,9,3,2,55,32516.0,1949.0,Mixed
2016-02-24 10:00:00,Rat_lodging_Ben,292.27,7.2,8.0,6.7,1007.5,2.1,10,3,2,55,32516.0,1949.0,Mixed
2016-02-24 11:00:00,Rat_lodging_Ben,299.72,8.3,8.0,7.8,1005.8,3.1,11,3,2,55,32516.0,1949.0,Mixed
2016-02-24 12:00:00,Rat_lodging_Ben,295.01,11.1,8.0,10.6,1003.9,0.0,12,3,2,55,32516.0,1949.0,Mixed
2016-02-24 13:00:00,Rat_lodging_Ben,293.53,12.2,8.0,11.7,1002.0,0.0,13,3,2,55,32516.0,1949.0,Mixed
2016-02-24 14:00:00,Rat_lodging_Ben,296.51,15.0,8.0,13.9,1000.0,2.6,14,3,2,55,32516.0,1949.0,Mixed
2016-02-24 15:00:00,Rat_lodging_Ben,288.29,18.3,8.0,16.1,997.8,6.7,15,3,2,55,32516.0,1949.0,Mixed
2016-02-24 16:00:00,Rat_lodging_Ben,266.58,17.2,8.0,16.1,996.2,7.2,16,3,2,55,32516.0,1949.0,Mixed
2016-02-24 17:00:00,Rat_lodging_Ben,270.65,17.8,8.0,16.1,994.2,8.2,17,3,2,55,32516.0,1949.0,Mixed
2016-02-24 18:00:00,Rat_lodging_Ben,260.36,18.3,8.0,15.6,993.5,9.8,18,3,2,55,32516.0,1949.0,Mixed
2016-02-24 19:00:00,Rat_lodging_Ben,267.32,15.6,8.0,14.4,992.8,5.7,19,3,2,55,32516.0,1949.0,Mixed
2016-02-24 20:00:00,Rat_lodging_Ben,275.41,16.7,6.666666666666667,13.3,991.7,5.7,20,3,2,55,32516.0,1949.0,Mixed
2016-02-24 21:00:00,Rat_lodging_Ben,264.78,13.9,5.333333333333334,12.2,991.5,5.7,21,3,2,55,32516.0,1949.0,Mixed
2016-02-24 22:00:00,Rat_lodging_Ben,260.61,14.4,4.0,12.2,991.9,6.2,22,3,2,55,32516.0,1949.0,Mixed
2016-02-24 23:00:00,Rat_lodging_Ben,230.06,16.1,2.0,12.8,991.9,6.2,23,3,2,55,32516.0,1949.0,Mixed
2016-02-25 00:00:00,Rat_lodging_Ben,224.18,16.1,2.0,8.3,992.3,9.8,0,4,2,56,32516.0,1949.0,Mixed
2016-02-25 01:00:00,Rat_lodging_Ben,211.81,13.9,0.0,6.1,992.4,8.8,1,4,2,56,32516.0,1949.0,Mixed
2016-02-25 02:00:00,Rat_lodging_Ben,206.74,12.8,2.0,5.6,992.6,8.8,2,4,2,56,32516.0,1949.0,Mixed
2016-02-25 03:00:00,Rat_lodging_Ben,204.14,11.7,2.0,3.9,992.4,7.7,3,4,2,56,32516.0,1949.0,Mixed
2016-02-25 04:00:00,Rat_lodging_Ben,205.73,11.7,6.0,3.9,992.6,8.8,4,4,2,56,32516.0,1949.0,Mixed
2016-02-25 05:00:00,Rat_lodging_Ben,213.22,10.6,6.0,3.3,992.8,9.8,5,4,2,56,32516.0,1949.0,Mixed
2016-02-25 06:00:00,Rat_lodging_Ben,227.23,9.4,6.0,2.2,993.5,9.8,6,4,2,56,32516.0,1949.0,Mixed
2016-02-25 07:00:00,Rat_lodging_Ben,257.55,8.9,6.0,0.6,994.8,6.7,7,4,2,56,32516.0,1949.0,Mixed
2016-02-25 08:00:00,Rat_lodging_Ben,259.92,8.3,6.666666666666667,2.2,995.8,3.6,8,4,2,56,32516.0,1949.0,Mixed
2016-02-25 09:00:00,Rat_lodging_Ben,264.88,8.3,7.333333333333333,-1.7,996.8,8.2,9,4,2,56,32516.0,1949.0,Mixed
2016-02-25 10:00:00,Rat_lodging_Ben,275.27,9.4,8.0,-1.7,997.2,5.1,10,4,2,56,32516.0,1949.0,Mixed
2016-02-25 11:00:00,Rat_lodging_Ben,275.96,8.9,8.0,-3.3,997.8,7.2,11,4,2,56,32516.0,1949.0,Mixed
2016-02-25 12:00:00,Rat_lodging_Ben,274.41,8.3,8.0,-2.2,998.2,6.7,12,4,2,56,32516.0,1949.0,Mixed
2016-02-25 13:00:00,Rat_lodging_Ben,273.94,8.3,8.0,-3.9,998.9,10.3,13,4,2,56,32516.0,1949.0,Mixed
2016-02-25 14:00:00,Rat_lodging_Ben,283.0,8.3,8.0,-3.3,999.8,6.7,14,4,2,56,32516.0,1949.0,Mixed
2016-02-25 15:00:00,Rat_lodging_Ben,270.09,8.3,8.0,-4.4,1000.8,9.8,15,4,2,56,32516.0,1949.0,Mixed
2016-02-25 16:00:00,Rat_lodging_Ben,268.62,7.8,8.0,-3.9,1001.5,8.8,16,4,2,56,32516.0,1949.0,Mixed
2016-02-25 17:00:00,Rat_lodging_Ben,268.53,7.8,8.0,-4.4,1002.6,8.2,17,4,2,56,32516.0,1949.0,Mixed
2016-02-25 18:00:00,Rat_lodging_Ben,264.32,7.8,8.0,-4.4,1003.3,6.2,18,4,2,56,32516.0,1949.0,Mixed
2016-02-25 19:00:00,Rat_lodging_Ben,264.78,7.2,8.0,-4.4,1004.1,6.2,19,4,2,56,32516.0,1949.0,Mixed
2016-02-25 20:00:00,Rat_lodging_Ben,270.38,6.7,7.333333333333333,-5.0,1005.2,6.7,20,4,2,56,32516.0,1949.0,Mixed
2016-02-25 21:00:00,Rat_lodging_Ben,262.19,6.1,6.666666666666667,-4.4,1006.0,4.6,21,4,2,56,32516.0,1949.0,Mixed
2016-02-25 22:00:00,Rat_lodging_Ben,252.62,6.1,6.0,-5.0,1006.9,10.8,22,4,2,56,32516.0,1949.0,Mixed
2016-02-25 23:00:00,Rat_lodging_Ben,227.8,5.0,6.0,-5.0,1007.6,6.7,23,4,2,56,32516.0,1949.0,Mixed
2016-02-26 00:00:00,Rat_lodging_Ben,223.5,4.4,6.0,-5.0,1008.7,9.8,0,5,2,57,32516.0,1949.0,Mixed
2016-02-26 01:00:00,Rat_lodging_Ben,211.39,3.9,6.0,-4.4,1009.6,4.1,1,5,2,57,32516.0,1949.0,Mixed
2016-02-26 02:00:00,Rat_lodging_Ben,209.33,3.9,5.333333333333333,-5.6,1010.7,8.2,2,5,2,57,32516.0,1949.0,Mixed
2016-02-26 03:00:00,Rat_lodging_Ben,205.8,2.2,4.666666666666667,-7.2,1011.5,7.2,3,5,2,57,32516.0,1949.0,Mixed
2016-02-26 04:00:00,Rat_lodging_Ben,203.74,2.2,4.0,-7.8,1012.0,5.7,4,5,2,57,32516.0,1949.0,Mixed
2016-02-26 05:00:00,Rat_lodging_Ben,210.22,1.7,5.333333333333333,-7.8,1012.5,5.7,5,5,2,57,32516.0,1949.0,Mixed
2016-02-26 06:00:00,Rat_lodging_Ben,232.86,1.7,6.666666666666666,-6.7,1013.5,4.1,6,5,2,57,32516.0,1949.0,Mixed
2016-02-26 07:00:00,Rat_lodging_Ben,262.42,2.2,8.0,-6.1,1014.2,7.2,7,5,2,57,32516.0,1949.0,Mixed
2016-02-26 08:00:00,Rat_lodging_Ben,291.21,2.2,7.333333333333333,-6.1,1015.4,7.7,8,5,2,57,32516.0,1949.0,Mixed
2016-02-26 09:00:00,Rat_lodging_Ben,293.54,2.8,6.666666666666667,-7.2,1016.5,8.2,9,5,2,57,32516.0,1949.0,Mixed
2016-02-26 10:00:00,Rat_lodging_Ben,304.25,2.8,6.0,-8.9,1017.0,10.8,10,5,2,57,32516.0,1949.0,Mixed
2016-02-26 11:00:00,Rat_lodging_Ben,300.38,3.9,5.0,-7.8,1017.7,10.8,11,5,2,57,32516.0,1949.0,Mixed
2016-02-26 12:00:00,Rat_lodging_Ben,307.09,3.9,4.0,-8.9,1018.0,10.8,12,5,2,57,32516.0,1949.0,Mixed
2016-02-26 13:00:00,Rat_lodging_Ben,296.37,3.9,2.0,-9.4,1018.0,8.2,13,5,2,57,32516.0,1949.0,Mixed
2016-02-26 14:00:00,Rat_lodging_Ben,296.87,4.4,2.0,-10.6,1017.9,8.2,14,5,2,57,32516.0,1949.0,Mixed
2016-02-26 15:00:00,Rat_lodging_Ben,294.75,4.4,2.0,-10.0,1018.1,9.8,15,5,2,57,32516.0,1949.0,Mixed
2016-02-26 16:00:00,Rat_lodging_Ben,290.46,3.9,2.0,-10.6,1019.0,9.3,16,5,2,57,32516.0,1949.0,Mixed
2016-02-26 17:00:00,Rat_lodging_Ben,288.41,3.3,2.0,-10.6,1019.4,8.8,17,5,2,57,32516.0,1949.0,Mixed
2016-02-26 18:00:00,Rat_lodging_Ben,287.89,2.2,4.0,-10.6,1019.9,7.2,18,5,2,57,32516.0,1949.0,Mixed
2016-02-26 19:00:00,Rat_lodging_Ben,281.76,1.7,4.0,-10.6,1020.9,6.2,19,5,2,57,32516.0,1949.0,Mixed
2016-02-26 20:00:00,Rat_lodging_Ben,289.87,1.1,4.0,-10.0,1021.2,5.1,20,5,2,57,32516.0,1949.0,Mixed
2016-02-26 21:00:00,Rat_lodging_Ben,287.24,1.1,4.0,-10.0,1021.7,7.2,21,5,2,57,32516.0,1949.0,Mixed
2016-02-26 22:00:00,Rat_lodging_Ben,275.39,0.6,4.0,-9.4,1022.2,5.7,22,5,2,57,32516.0,1949.0,Mixed
2016-02-26 23:00:00,Rat_lodging_Ben,256.1,0.0,2.0,-10.0,1022.5,3.6,23,5,2,57,32516.0,1949.0,Mixed
2016-02-27 00:00:00,Rat_lodging_Ben,248.11,0.0,3.0,-10.6,1022.6,2.1,0,6,2,58,32516.0,1949.0,Mixed
2016-02-27 01:00:00,Rat_lodging_Ben,241.72,0.0,4.0,-10.0,1022.8,2.6,1,6,2,58,32516.0,1949.0,Mixed
2016-02-27 02:00:00,Rat_lodging_Ben,236.42,-0.6,2.0,-10.0,1023.0,3.1,2,6,2,58,32516.0,1949.0,Mixed
2016-02-27 03:00:00,Rat_lodging_Ben,237.78,-0.6,0.0,-10.0,1022.7,2.1,3,6,2,58,32516.0,1949.0,Mixed
2016-02-27 04:00:00,Rat_lodging_Ben,233.89,-1.1,4.0,-10.0,1022.5,2.1,4,6,2,58,32516.0,1949.0,Mixed
2016-02-27 05:00:00,Rat_lodging_Ben,229.56,-2.2,4.0,-8.9,1022.7,2.1,5,6,2,58,32516.0,1949.0,Mixed
2016-02-27 06:00:00,Rat_lodging_Ben,241.75,-2.2,4.0,-8.9,1022.9,2.6,6,6,2,58,32516.0,1949.0,Mixed
2016-02-27 07:00:00,Rat_lodging_Ben,260.19,-2.2,6.0,-8.3,1023.0,2.6,7,6,2,58,32516.0,1949.0,Mixed
2016-02-27 08:00:00,Rat_lodging_Ben,268.03,-0.6,5.333333333333333,-8.3,1023.2,2.6,8,6,2,58,32516.0,1949.0,Mixed
2016-02-27 09:00:00,Rat_lodging_Ben,279.46,0.6,4.666666666666667,-8.9,1023.4,3.1,9,6,2,58,32516.0,1949.0,Mixed
2016-02-27 10:00:00,Rat_lodging_Ben,278.04,3.3,4.0,-8.3,1023.0,4.1,10,6,2,58,32516.0,1949.0,Mixed
2016-02-27 11:00:00,Rat_lodging_Ben,281.38,3.9,4.0,-8.9,1022.2,2.1,11,6,2,58,32516.0,1949.0,Mixed
2016-02-27 12:00:00,Rat_lodging_Ben,278.97,5.0,4.0,-8.3,1021.3,3.1,12,6,2,58,32516.0,1949.0,Mixed
2016-02-27 13:00:00,Rat_lodging_Ben,269.82,6.7,6.0,-7.2,1020.3,5.1,13,6,2,58,32516.0,1949.0,Mixed
2016-02-27 14:00:00,Rat_lodging_Ben,276.62,7.2,4.0,-6.7,1019.6,4.6,14,6,2,58,32516.0,1949.0,Mixed
2016-02-27 15:00:00,Rat_lodging_Ben,277.26,7.2,4.0,-7.2,1018.7,5.7,15,6,2,58,32516.0,1949.0,Mixed
2016-02-27 16:00:00,Rat_lodging_Ben,271.16,8.3,2.0,-6.1,1018.7,6.2,16,6,2,58,32516.0,1949.0,Mixed
2016-02-27 17:00:00,Rat_lodging_Ben,254.21,7.8,4.0,-6.7,1018.3,4.6,17,6,2,58,32516.0,1949.0,Mixed
2016-02-27 18:00:00,Rat_lodging_Ben,254.18,7.2,2.0,-6.1,1018.6,4.1,18,6,2,58,32516.0,1949.0,Mixed
2016-02-27 19:00:00,Rat_lodging_Ben,256.05,5.6,0.0,-5.6,1018.7,3.1,19,6,2,58,32516.0,1949.0,Mixed
2016-02-27 20:00:00,Rat_lodging_Ben,250.7,4.4,0.0,-1.7,1019.1,2.1,20,6,2,58,32516.0,1949.0,Mixed
2016-02-27 21:00:00,Rat_lodging_Ben,253.24,5.0,0.0,-3.3,1019.1,2.1,21,6,2,58,32516.0,1949.0,Mixed
2016-02-27 22:00:00,Rat_lodging_Ben,257.69,5.0,0.0,-4.4,1019.5,2.1,22,6,2,58,32516.0,1949.0,Mixed
2016-02-27 23:00:00,Rat_lodging_Ben,241.56,3.9,0.0,-2.2,1019.4,2.1,23,6,2,58,32516.0,1949.0,Mixed
2016-02-28 00:00:00,Rat_lodging_Ben,237.33,2.8,0.0,-1.7,1019.2,2.6,0,7,2,59,32516.0,1949.0,Mixed
2016-02-28 01:00:00,Rat_lodging_Ben,226.66,2.2,0.0,-2.8,1018.9,2.6,1,7,2,59,32516.0,1949.0,Mixed
2016-02-28 02:00:00,Rat_lodging_Ben,228.99,1.1,0.0,-2.8,1018.4,3.1,2,7,2,59,32516.0,1949.0,Mixed
2016-02-28 03:00:00,Rat_lodging_Ben,224.56,1.1,2.0,-3.3,1018.3,2.1,3,7,2,59,32516.0,1949.0,Mixed
2016-02-28 04:00:00,Rat_lodging_Ben,218.08,1.1,0.0,-3.3,1018.2,3.1,4,7,2,59,32516.0,1949.0,Mixed
2016-02-28 05:00:00,Rat_lodging_Ben,221.18,0.6,0.0,-3.3,1018.3,2.6,5,7,2,59,32516.0,1949.0,Mixed
2016-02-28 06:00:00,Rat_lodging_Ben,229.18,1.1,0.0,-3.3,1018.5,3.1,6,7,2,59,32516.0,1949.0,Mixed
2016-02-28 07:00:00,Rat_lodging_Ben,256.06,0.6,2.0,-3.3,1018.4,3.1,7,7,2,59,32516.0,1949.0,Mixed
2016-02-28 08:00:00,Rat_lodging_Ben,268.44,3.3,2.0,-2.2,1018.6,3.1,8,7,2,59,32516.0,1949.0,Mixed
2016-02-28 09:00:00,Rat_lodging_Ben,286.89,5.6,4.0,-1.7,1018.5,3.6,9,7,2,59,32516.0,1949.0,Mixed
2016-02-28 10:00:00,Rat_lodging_Ben,283.75,8.3,4.0,-0.6,1018.4,4.6,10,7,2,59,32516.0,1949.0,Mixed
2016-02-28 11:00:00,Rat_lodging_Ben,289.53,10.6,2.0,0.6,1017.5,5.1,11,7,2,59,32516.0,1949.0,Mixed
2016-02-28 12:00:00,Rat_lodging_Ben,276.81,13.3,2.0,0.0,1016.8,3.6,12,7,2,59,32516.0,1949.0,Mixed
2016-02-28 13:00:00,Rat_lodging_Ben,276.68,15.0,2.0,0.0,1015.4,5.7,13,7,2,59,32516.0,1949.0,Mixed
2016-02-28 14:00:00,Rat_lodging_Ben,285.98,16.7,2.0,0.6,1014.2,6.2,14,7,2,59,32516.0,1949.0,Mixed
2016-02-28 15:00:00,Rat_lodging_Ben,282.89,18.3,2.0,0.0,1013.2,5.7,15,7,2,59,32516.0,1949.0,Mixed
2016-02-28 16:00:00,Rat_lodging_Ben,276.1,17.2,0.0,1.1,1012.4,5.7,16,7,2,59,32516.0,1949.0,Mixed
2016-02-28 17:00:00,Rat_lodging_Ben,269.14,16.7,0.0,1.1,1011.5,8.2,17,7,2,59,32516.0,1949.0,Mixed
2016-02-28 18:00:00,Rat_lodging_Ben,251.59,15.6,0.0,1.1,1011.2,6.2,18,7,2,59,32516.0,1949.0,Mixed
2016-02-28 19:00:00,Rat_lodging_Ben,253.62,12.8,0.0,2.2,1011.0,6.2,19,7,2,59,32516.0,1949.0,Mixed
2016-02-28 20:00:00,Rat_lodging_Ben,260.1,13.3,0.0,1.1,1010.5,6.2,20,7,2,59,32516.0,1949.0,Mixed
2016-02-28 21:00:00,Rat_lodging_Ben,250.84,13.9,0.0,0.0,1010.5,6.7,21,7,2,59,32516.0,1949.0,Mixed
2016-02-28 22:00:00,Rat_lodging_Ben,230.57,13.9,0.0,0.0,1010.0,7.7,22,7,2,59,32516.0,1949.0,Mixed
2016-02-28 23:00:00,Rat_lodging_Ben,220.96,13.3,0.0,-0.6,1009.4,7.2,23,7,2,59,32516.0,1949.0,Mixed
2016-02-29 00:00:00,Rat_lodging_Ben,217.48,12.8,0.0,-0.6,1008.9,7.7,0,1,2,60,32516.0,1949.0,Mixed
2016-02-29 01:00:00,Rat_lodging_Ben,211.22,11.7,0.0,-0.6,1008.3,5.1,1,1,2,60,32516.0,1949.0,Mixed
2016-02-29 02:00:00,Rat_lodging_Ben,205.15,11.7,0.0,-0.6,1007.4,6.2,2,1,2,60,32516.0,1949.0,Mixed
2016-02-29 03:00:00,Rat_lodging_Ben,200.02,11.7,0.0,0.0,1006.1,7.2,3,1,2,60,32516.0,1949.0,Mixed
2016-02-29 04:00:00,Rat_lodging_Ben,201.4,11.7,0.0,0.0,1005.4,6.7,4,1,2,60,32516.0,1949.0,Mixed
2016-02-29 05:00:00,Rat_lodging_Ben,205.56,11.7,2.0,0.6,1005.0,6.7,5,1,2,60,32516.0,1949.0,Mixed
2016-02-29 06:00:00,Rat_lodging_Ben,222.86,11.7,4.0,0.6,1004.7,6.2,6,1,2,60,32516.0,1949.0,Mixed
2016-02-29 07:00:00,Rat_lodging_Ben,262.01,11.7,6.0,0.6,1004.8,5.7,7,1,2,60,32516.0,1949.0,Mixed
2016-02-29 08:00:00,Rat_lodging_Ben,262.52,12.2,6.0,0.6,1005.5,5.7,8,1,2,60,32516.0,1949.0,Mixed
2016-02-29 09:00:00,Rat_lodging_Ben,270.76,12.8,6.0,1.1,1006.0,5.1,9,1,2,60,32516.0,1949.0,Mixed
2016-02-29 10:00:00,Rat_lodging_Ben,271.23,14.4,6.0,1.1,1006.8,3.1,10,1,2,60,32516.0,1949.0,Mixed
2016-02-29 11:00:00,Rat_lodging_Ben,284.61,17.2,4.0,2.2,1007.2,3.6,11,1,2,60,32516.0,1949.0,Mixed
2016-02-29 12:00:00,Rat_lodging_Ben,285.44,17.8,4.0,3.9,1008.0,7.2,12,1,2,60,32516.0,1949.0,Mixed
2016-02-29 13:00:00,Rat_lodging_Ben,279.88,17.8,4.0,2.8,1008.8,7.7,13,1,2,60,32516.0,1949.0,Mixed
2016-02-29 14:00:00,Rat_lodging_Ben,271.26,17.8,4.0,2.2,1009.8,10.3,14,1,2,60,32516.0,1949.0,Mixed
2016-02-29 15:00:00,Rat_lodging_Ben,275.23,17.2,2.0,1.1,1011.2,8.2,15,1,2,60,32516.0,1949.0,Mixed
2016-02-29 16:00:00,Rat_lodging_Ben,277.24,16.7,2.0,0.6,1012.2,6.7,16,1,2,60,32516.0,1949.0,Mixed
2016-02-29 17:00:00,Rat_lodging_Ben,275.04,16.1,2.0,0.0,1012.7,5.1,17,1,2,60,32516.0,1949.0,Mixed
2016-02-29 18:00:00,Rat_lodging_Ben,266.66,15.0,2.0,-1.1,1013.6,4.1,18,1,2,60,32516.0,1949.0,Mixed
2016-02-29 19:00:00,Rat_lodging_Ben,255.67,13.3,0.0,0.0,1014.8,2.1,19,1,2,60,32516.0,1949.0,Mixed
2016-02-29 20:00:00,Rat_lodging_Ben,265.4,12.8,0.0,-0.6,1015.5,2.6,20,1,2,60,32516.0,1949.0,Mixed
2016-02-29 21:00:00,Rat_lodging_Ben,263.02,12.8,0.0,-2.2,1016.2,1.5,21,1,2,60,32516.0,1949.0,Mixed
2016-02-29 22:00:00,Rat_lodging_Ben,248.29,12.2,0.0,-2.2,1016.7,2.6,22,1,2,60,32516.0,1949.0,Mixed
2016-02-29 23:00:00,Rat_lodging_Ben,223.15,9.4,0.0,2.2,1017.2,0.0,23,1,2,60,32516.0,1949.0,Mixed
2016-03-01 00:00:00,Rat_lodging_Ben,216.91,7.2,0.0,1.1,1017.2,1.5,0,2,3,61,32516.0,1949.0,Mixed
2016-03-01 01:00:00,Rat_lodging_Ben,206.01,6.7,0.0,2.2,1017.9,0.0,1,2,3,61,32516.0,1949.0,Mixed
2016-03-01 02:00:00,Rat_lodging_Ben,204.67,6.7,0.0,3.3,1018.1,0.0,2,2,3,61,32516.0,1949.0,Mixed
2016-03-01 03:00:00,Rat_lodging_Ben,204.09,6.1,0.0,2.8,1018.5,1.5,3,2,3,61,32516.0,1949.0,Mixed
2016-03-01 04:00:00,Rat_lodging_Ben,202.73,5.6,0.0,2.8,1018.9,0.0,4,2,3,61,32516.0,1949.0,Mixed
2016-03-01 05:00:00,Rat_lodging_Ben,207.09,5.6,0.0,1.1,1019.5,0.0,5,2,3,61,32516.0,1949.0,Mixed
2016-03-01 06:00:00,Rat_lodging_Ben,235.23,4.4,2.0,1.7,1019.7,0.0,6,2,3,61,32516.0,1949.0,Mixed
2016-03-01 07:00:00,Rat_lodging_Ben,264.96,5.0,2.0,1.1,1019.6,1.5,7,2,3,61,32516.0,1949.0,Mixed
2016-03-01 08:00:00,Rat_lodging_Ben,259.66,6.7,2.0,3.3,1019.6,0.0,8,2,3,61,32516.0,1949.0,Mixed
2016-03-01 09:00:00,Rat_lodging_Ben,263.03,9.4,2.0,1.7,1020.5,2.6,9,2,3,61,32516.0,1949.0,Mixed
2016-03-01 10:00:00,Rat_lodging_Ben,280.7,12.8,2.0,0.0,1019.9,2.6,10,2,3,61,32516.0,1949.0,Mixed
2016-03-01 11:00:00,Rat_lodging_Ben,289.2,16.1,2.0,0.0,1019.3,5.7,11,2,3,61,32516.0,1949.0,Mixed
2016-03-01 12:00:00,Rat_lodging_Ben,285.62,17.2,2.0,-0.6,1017.7,7.7,12,2,3,61,32516.0,1949.0,Mixed
2016-03-01 13:00:00,Rat_lodging_Ben,281.95,17.2,4.0,1.1,1015.9,5.7,13,2,3,61,32516.0,1949.0,Mixed
2016-03-01 14:00:00,Rat_lodging_Ben,281.8,17.8,4.0,0.0,1014.2,6.2,14,2,3,61,32516.0,1949.0,Mixed
2016-03-01 15:00:00,Rat_lodging_Ben,273.75,18.3,5.0,1.1,1012.7,6.7,15,2,3,61,32516.0,1949.0,Mixed
2016-03-01 16:00:00,Rat_lodging_Ben,281.64,16.1,6.0,0.6,1011.7,6.2,16,2,3,61,32516.0,1949.0,Mixed
2016-03-01 17:00:00,Rat_lodging_Ben,262.82,15.6,6.0,1.1,1010.6,6.7,17,2,3,61,32516.0,1949.0,Mixed
2016-03-01 18:00:00,Rat_lodging_Ben,259.62,14.4,6.0,3.9,1009.0,4.1,18,2,3,61,32516.0,1949.0,Mixed
2016-03-01 19:00:00,Rat_lodging_Ben,264.23,13.3,6.0,6.1,1007.6,4.1,19,2,3,61,32516.0,1949.0,Mixed
2016-03-01 20:00:00,Rat_lodging_Ben,261.6,13.3,6.0,7.2,1006.0,5.1,20,2,3,61,32516.0,1949.0,Mixed
2016-03-01 21:00:00,Rat_lodging_Ben,258.84,13.9,6.0,7.2,1004.3,6.2,21,2,3,61,32516.0,1949.0,Mixed
2016-03-01 22:00:00,Rat_lodging_Ben,244.9,14.4,6.0,7.2,1002.5,8.2,22,2,3,61,32516.0,1949.0,Mixed
2016-03-01 23:00:00,Rat_lodging_Ben,219.79,16.1,6.666666666666667,7.2,1001.9,7.7,23,2,3,61,32516.0,1949.0,Mixed
2016-03-02 00:00:00,Rat_lodging_Ben,213.09,15.0,7.333333333333333,8.9,1001.0,6.7,0,3,3,62,32516.0,1949.0,Mixed
2016-03-02 01:00:00,Rat_lodging_Ben,206.09,14.4,8.0,10.0,1001.3,5.7,1,3,3,62,32516.0,1949.0,Mixed
2016-03-02 02:00:00,Rat_lodging_Ben,201.08,13.3,8.0,11.7,1001.4,7.2,2,3,3,62,32516.0,1949.0,Mixed
2016-03-02 03:00:00,Rat_lodging_Ben,202.48,13.9,8.0,10.6,1001.8,5.7,3,3,3,62,32516.0,1949.0,Mixed
2016-03-02 04:00:00,Rat_lodging_Ben,197.75,12.2,8.0,7.8,1002.3,3.6,4,3,3,62,32516.0,1949.0,Mixed
2016-03-02 05:00:00,Rat_lodging_Ben,197.62,11.1,5.0,2.2,1004.0,13.9,5,3,3,62,32516.0,1949.0,Mixed
2016-03-02 06:00:00,Rat_lodging_Ben,221.96,7.8,2.0,-1.7,1005.7,10.3,6,3,3,62,32516.0,1949.0,Mixed
2016-03-02 07:00:00,Rat_lodging_Ben,251.54,6.1,2.0,-2.8,1008.2,9.3,7,3,3,62,32516.0,1949.0,Mixed
2016-03-02 08:00:00,Rat_lodging_Ben,253.5,4.4,4.0,-4.4,1009.8,10.8,8,3,3,62,32516.0,1949.0,Mixed
2016-03-02 09:00:00,Rat_lodging_Ben,262.52,4.4,4.0,-6.1,1011.7,9.3,9,3,3,62,32516.0,1949.0,Mixed
2016-03-02 10:00:00,Rat_lodging_Ben,266.9,4.4,4.0,-7.2,1013.0,9.3,10,3,3,62,32516.0,1949.0,Mixed
2016-03-02 11:00:00,Rat_lodging_Ben,272.09,4.4,4.0,-8.3,1013.8,16.0,11,3,3,62,32516.0,1949.0,Mixed
2016-03-02 12:00:00,Rat_lodging_Ben,274.11,5.6,4.0,-8.3,1014.5,11.3,12,3,3,62,32516.0,1949.0,Mixed
2016-03-02 13:00:00,Rat_lodging_Ben,268.42,5.0,4.0,-9.4,1013.5,9.8,13,3,3,62,32516.0,1949.0,Mixed
2016-03-02 14:00:00,Rat_lodging_Ben,271.92,5.6,2.0,-8.3,1013.8,9.3,14,3,3,62,32516.0,1949.0,Mixed
2016-03-02 15:00:00,Rat_lodging_Ben,272.65,5.6,2.0,-8.9,1014.8,10.3,15,3,3,62,32516.0,1949.0,Mixed
2016-03-02 16:00:00,Rat_lodging_Ben,266.42,5.0,2.0,-9.4,1015.4,9.3,16,3,3,62,32516.0,1949.0,Mixed
2016-03-02 17:00:00,Rat_lodging_Ben,262.94,4.4,2.0,-8.9,1016.8,10.8,17,3,3,62,32516.0,1949.0,Mixed
2016-03-02 18:00:00,Rat_lodging_Ben,262.58,3.3,2.0,-9.4,1018.3,8.2,18,3,3,62,32516.0,1949.0,Mixed
2016-03-02 19:00:00,Rat_lodging_Ben,264.9,2.2,0.0,-10.0,1019.4,6.2,19,3,3,62,32516.0,1949.0,Mixed
2016-03-02 20:00:00,Rat_lodging_Ben,265.69,1.7,0.0,-10.0,1020.6,5.7,20,3,3,62,32516.0,1949.0,Mixed
2016-03-02 21:00:00,Rat_lodging_Ben,284.95,1.1,0.0,-10.6,1022.0,7.2,21,3,3,62,32516.0,1949.0,Mixed
2016-03-02 22:00:00,Rat_lodging_Ben,247.31,0.6,0.0,-10.6,1022.5,5.7,22,3,3,62,32516.0,1949.0,Mixed
2016-03-02 23:00:00,Rat_lodging_Ben,227.56,0.0,0.0,-10.6,1023.3,3.6,23,3,3,62,32516.0,1949.0,Mixed
2016-03-03 00:00:00,Rat_lodging_Ben,215.42,-0.6,0.0,-10.6,1022.9,3.1,0,4,3,63,32516.0,1949.0,Mixed
2016-03-03 01:00:00,Rat_lodging_Ben,211.52,-0.6,0.0,-9.4,1022.6,3.6,1,4,3,63,32516.0,1949.0,Mixed
2016-03-03 02:00:00,Rat_lodging_Ben,206.9,-0.6,0.0,-10.0,1023.2,4.6,2,4,3,63,32516.0,1949.0,Mixed
2016-03-03 03:00:00,Rat_lodging_Ben,205.91,-1.1,0.0,-10.0,1023.5,3.6,3,4,3,63,32516.0,1949.0,Mixed
2016-03-03 04:00:00,Rat_lodging_Ben,204.78,-0.6,4.0,-10.0,1023.7,3.6,4,4,3,63,32516.0,1949.0,Mixed
2016-03-03 05:00:00,Rat_lodging_Ben,209.67,-1.1,4.666666666666667,-10.0,1024.4,3.1,5,4,3,63,32516.0,1949.0,Mixed
2016-03-03 06:00:00,Rat_lodging_Ben,230.16,-1.1,5.333333333333333,-10.0,1025.3,3.1,6,4,3,63,32516.0,1949.0,Mixed
2016-03-03 07:00:00,Rat_lodging_Ben,273.19,-0.6,6.0,-8.9,1025.7,4.1,7,4,3,63,32516.0,1949.0,Mixed
2016-03-03 08:00:00,Rat_lodging_Ben,262.78,0.0,6.666666666666667,-8.9,1026.4,3.1,8,4,3,63,32516.0,1949.0,Mixed
2016-03-03 09:00:00,Rat_lodging_Ben,266.36,1.7,7.333333333333333,-8.9,1027.2,0.0,9,4,3,63,32516.0,1949.0,Mixed
2016-03-03 10:00:00,Rat_lodging_Ben,276.05,1.1,8.0,-8.3,1027.4,2.1,10,4,3,63,32516.0,1949.0,Mixed
2016-03-03 11:00:00,Rat_lodging_Ben,282.91,2.2,8.0,-8.3,1026.2,2.6,11,4,3,63,32516.0,1949.0,Mixed
2016-03-03 12:00:00,Rat_lodging_Ben,277.57,3.3,8.0,-8.3,1025.5,1.5,12,4,3,63,32516.0,1949.0,Mixed
2016-03-03 13:00:00,Rat_lodging_Ben,275.98,3.3,8.0,-9.4,1024.3,2.1,13,4,3,63,32516.0,1949.0,Mixed
2016-03-03 14:00:00,Rat_lodging_Ben,278.47,4.4,8.0,-9.4,1023.2,0.0,14,4,3,63,32516.0,1949.0,Mixed
2016-03-03 15:00:00,Rat_lodging_Ben,276.79,5.0,8.0,-8.9,1023.0,2.1,15,4,3,63,32516.0,1949.0,Mixed
2016-03-03 16:00:00,Rat_lodging_Ben,272.62,5.0,8.0,-8.9,1023.0,3.6,16,4,3,63,32516.0,1949.0,Mixed
2016-03-03 17:00:00,Rat_lodging_Ben,271.45,4.4,8.0,-7.2,1022.3,2.1,17,4,3,63,32516.0,1949.0,Mixed
2016-03-03 18:00:00,Rat_lodging_Ben,275.15,3.9,8.0,-6.1,1023.1,5.7,18,4,3,63,32516.0,1949.0,Mixed
2016-03-03 19:00:00,Rat_lodging_Ben,261.61,3.9,8.0,-6.1,1022.9,4.6,19,4,3,63,32516.0,1949.0,Mixed
2016-03-03 20:00:00,Rat_lodging_Ben,259.47,2.2,8.0,-2.8,1022.6,6.7,20,4,3,63,32516.0,1949.0,Mixed
2016-03-03 21:00:00,Rat_lodging_Ben,256.09,1.1,8.0,-1.7,1022.3,3.6,21,4,3,63,32516.0,1949.0,Mixed
2016-03-03 22:00:00,Rat_lodging_Ben,244.64,1.1,8.0,-1.7,1022.0,3.1,22,4,3,63,32516.0,1949.0,Mixed
2016-03-03 23:00:00,Rat_lodging_Ben,220.13,0.6,8.0,-1.1,1021.55,2.6,23,4,3,63,32516.0,1949.0,Mixed
2016-03-04 00:00:00,Rat_lodging_Ben,218.49,0.0,8.0,-1.1,1021.1,2.1,0,5,3,64,32516.0,1949.0,Mixed
2016-03-04 01:00:00,Rat_lodging_Ben,210.85,0.6,8.0,-1.1,1020.9,0.0,1,5,3,64,32516.0,1949.0,Mixed
2016-03-04 02:00:00,Rat_lodging_Ben,206.99,0.6,8.0,-1.1,1019.4,1.5,2,5,3,64,32516.0,1949.0,Mixed
2016-03-04 03:00:00,Rat_lodging_Ben,203.58,0.6,8.0,-0.6,1018.3499999999999,3.1,3,5,3,64,32516.0,1949.0,Mixed
2016-03-04 04:00:00,Rat_lodging_Ben,201.54,0.6,8.0,-0.6,1017.3,3.6,4,5,3,64,32516.0,1949.0,Mixed
2016-03-04 05:00:00,Rat_lodging_Ben,206.63,0.6,8.0,-0.6,1017.55,4.1,5,5,3,64,32516.0,1949.0,Mixed
2016-03-04 06:00:00,Rat_lodging_Ben,232.44,0.6,8.0,-1.1,1017.8,4.1,6,5,3,64,32516.0,1949.0,Mixed
2016-03-04 07:00:00,Rat_lodging_Ben,262.0,0.6,8.0,-1.1,1018.1,4.6,7,5,3,64,32516.0,1949.0,Mixed
2016-03-04 08:00:00,Rat_lodging_Ben,267.9,1.1,8.0,-1.1,1018.4,5.7,8,5,3,64,32516.0,1949.0,Mixed
2016-03-04 09:00:00,Rat_lodging_Ben,273.2,1.1,8.0,-1.1,1018.7,6.7,9,5,3,64,32516.0,1949.0,Mixed
2016-03-04 10:00:00,Rat_lodging_Ben,278.02,2.2,8.0,-0.6,1018.3,7.2,10,5,3,64,32516.0,1949.0,Mixed
2016-03-04 11:00:00,Rat_lodging_Ben,288.14,2.8,8.0,-1.7,1018.1,7.2,11,5,3,64,32516.0,1949.0,Mixed
2016-03-04 12:00:00,Rat_lodging_Ben,284.33,3.3,8.0,-1.7,1018.0,6.2,12,5,3,64,32516.0,1949.0,Mixed
2016-03-04 13:00:00,Rat_lodging_Ben,275.23,4.4,8.0,-1.7,1017.2,7.2,13,5,3,64,32516.0,1949.0,Mixed
2016-03-04 14:00:00,Rat_lodging_Ben,274.19,4.4,8.0,-1.7,1016.9,6.7,14,5,3,64,32516.0,1949.0,Mixed
2016-03-04 15:00:00,Rat_lodging_Ben,269.72,5.0,8.0,-1.7,1017.1,7.2,15,5,3,64,32516.0,1949.0,Mixed
2016-03-04 16:00:00,Rat_lodging_Ben,263.49,5.0,8.0,-1.7,1017.5,7.2,16,5,3,64,32516.0,1949.0,Mixed
2016-03-04 17:00:00,Rat_lodging_Ben,262.4,4.4,8.0,-1.7,1018.2,5.7,17,5,3,64,32516.0,1949.0,Mixed
2016-03-04 18:00:00,Rat_lodging_Ben,259.85,5.0,8.0,-1.7,1018.6,5.7,18,5,3,64,32516.0,1949.0,Mixed
2016-03-04 19:00:00,Rat_lodging_Ben,264.56,4.4,8.0,-1.7,1019.5,6.2,19,5,3,64,32516.0,1949.0,Mixed
2016-03-04 20:00:00,Rat_lodging_Ben,261.93,4.4,8.0,-2.2,1020.3,6.2,20,5,3,64,32516.0,1949.0,Mixed
2016-03-04 21:00:00,Rat_lodging_Ben,249.46,4.4,8.0,-3.9,1020.9,8.8,21,5,3,64,32516.0,1949.0,Mixed
2016-03-04 22:00:00,Rat_lodging_Ben,246.64,3.9,8.0,-3.9,1021.1,6.2,22,5,3,64,32516.0,1949.0,Mixed
2016-03-04 23:00:00,Rat_lodging_Ben,221.6,3.9,7.333333333333333,-3.9,1021.3,4.6,23,5,3,64,32516.0,1949.0,Mixed
2016-03-05 00:00:00,Rat_lodging_Ben,220.03,3.9,6.666666666666667,-3.9,1021.7,3.6,0,6,3,65,32516.0,1949.0,Mixed
2016-03-05 01:00:00,Rat_lodging_Ben,212.23,3.9,6.0,-3.9,1022.0,2.6,1,6,3,65,32516.0,1949.0,Mixed
2016-03-05 02:00:00,Rat_lodging_Ben,210.61,3.3,6.666666666666667,-4.4,1022.3,4.1,2,6,3,65,32516.0,1949.0,Mixed
2016-03-05 03:00:00,Rat_lodging_Ben,209.74,3.3,7.333333333333333,-5.6,1022.3,5.1,3,6,3,65,32516.0,1949.0,Mixed
2016-03-05 04:00:00,Rat_lodging_Ben,208.64,3.9,8.0,-6.1,1022.6,4.1,4,6,3,65,32516.0,1949.0,Mixed
2016-03-05 05:00:00,Rat_lodging_Ben,206.69,2.2,8.0,-4.4,1022.9,4.1,5,6,3,65,32516.0,1949.0,Mixed
2016-03-05 06:00:00,Rat_lodging_Ben,214.83,2.2,8.0,-6.1,1023.1,4.1,6,6,3,65,32516.0,1949.0,Mixed
2016-03-05 07:00:00,Rat_lodging_Ben,229.21,1.7,8.0,-6.7,1023.8,3.6,7,6,3,65,32516.0,1949.0,Mixed
2016-03-05 08:00:00,Rat_lodging_Ben,245.2,1.7,7.333333333333333,-6.1,1024.6,3.6,8,6,3,65,32516.0,1949.0,Mixed
2016-03-05 09:00:00,Rat_lodging_Ben,257.79,2.2,6.666666666666667,-6.1,1024.9,2.6,9,6,3,65,32516.0,1949.0,Mixed
2016-03-05 10:00:00,Rat_lodging_Ben,258.4,3.3,6.0,-5.6,1024.1,2.6,10,6,3,65,32516.0,1949.0,Mixed
2016-03-05 11:00:00,Rat_lodging_Ben,263.14,3.3,6.666666666666667,-6.1,1024.0,0.0,11,6,3,65,32516.0,1949.0,Mixed
2016-03-05 12:00:00,Rat_lodging_Ben,263.98,3.9,7.333333333333333,-5.6,1023.5,0.0,12,6,3,65,32516.0,1949.0,Mixed
2016-03-05 13:00:00,Rat_lodging_Ben,257.33,5.0,8.0,-5.0,1022.7,2.1,13,6,3,65,32516.0,1949.0,Mixed
2016-03-05 14:00:00,Rat_lodging_Ben,255.61,6.1,8.0,-4.4,1021.8,4.6,14,6,3,65,32516.0,1949.0,Mixed
2016-03-05 15:00:00,Rat_lodging_Ben,259.06,7.2,8.0,-2.8,1021.3,6.7,15,6,3,65,32516.0,1949.0,Mixed
2016-03-05 16:00:00,Rat_lodging_Ben,256.27,6.7,8.0,-3.3,1020.8,4.6,16,6,3,65,32516.0,1949.0,Mixed
2016-03-05 17:00:00,Rat_lodging_Ben,245.35,6.1,6.0,-3.3,1021.1,3.1,17,6,3,65,32516.0,1949.0,Mixed
2016-03-05 18:00:00,Rat_lodging_Ben,243.89,5.6,4.0,-2.8,1021.1,4.6,18,6,3,65,32516.0,1949.0,Mixed
2016-03-05 19:00:00,Rat_lodging_Ben,235.8,5.0,2.0,-2.2,1021.6,3.6,19,6,3,65,32516.0,1949.0,Mixed
2016-03-05 20:00:00,Rat_lodging_Ben,236.47,3.9,4.0,-2.8,1021.9,3.1,20,6,3,65,32516.0,1949.0,Mixed
2016-03-05 21:00:00,Rat_lodging_Ben,243.0,3.3,2.0,-2.8,1022.3,2.1,21,6,3,65,32516.0,1949.0,Mixed
2016-03-05 22:00:00,Rat_lodging_Ben,238.02,2.8,6.0,-2.8,1022.7,2.1,22,6,3,65,32516.0,1949.0,Mixed
2016-03-05 23:00:00,Rat_lodging_Ben,218.64,2.8,6.666666666666667,-2.8,1022.7,3.1,23,6,3,65,32516.0,1949.0,Mixed
2016-03-06 00:00:00,Rat_lodging_Ben,215.87,2.8,7.333333333333333,-2.2,1022.8,2.1,0,7,3,66,32516.0,1949.0,Mixed
2016-03-06 01:00:00,Rat_lodging_Ben,210.67,2.8,8.0,-2.2,1023.0,2.1,1,7,3,66,32516.0,1949.0,Mixed
2016-03-06 02:00:00,Rat_lodging_Ben,206.16,3.3,8.0,-2.2,1023.3,1.5,2,7,3,66,32516.0,1949.0,Mixed
2016-03-06 03:00:00,Rat_lodging_Ben,202.36,3.3,8.0,-1.7,1022.9,0.0,3,7,3,66,32516.0,1949.0,Mixed
2016-03-06 04:00:00,Rat_lodging_Ben,205.58,3.9,8.0,-2.2,1022.6,0.0,4,7,3,66,32516.0,1949.0,Mixed
2016-03-06 05:00:00,Rat_lodging_Ben,205.99,3.9,8.0,-0.6,1022.6,1.5,5,7,3,66,32516.0,1949.0,Mixed
2016-03-06 06:00:00,Rat_lodging_Ben,216.91,3.3,8.0,0.6,1023.8,3.1,6,7,3,66,32516.0,1949.0,Mixed
2016-03-06 07:00:00,Rat_lodging_Ben,232.79,3.3,8.0,0.6,1024.5,1.5,7,7,3,66,32516.0,1949.0,Mixed
2016-03-06 08:00:00,Rat_lodging_Ben,238.03,3.9,8.0,1.1,1025.4,1.5,8,7,3,66,32516.0,1949.0,Mixed
2016-03-06 09:00:00,Rat_lodging_Ben,259.24,4.4,8.0,1.1,1026.1,0.0,9,7,3,66,32516.0,1949.0,Mixed
2016-03-06 10:00:00,Rat_lodging_Ben,262.06,5.6,8.0,0.6,1026.6,1.5,10,7,3,66,32516.0,1949.0,Mixed
2016-03-06 11:00:00,Rat_lodging_Ben,257.58,6.1,8.0,0.6,1026.6,1.5,11,7,3,66,32516.0,1949.0,Mixed
2016-03-06 12:00:00,Rat_lodging_Ben,261.08,7.2,8.0,1.1,1026.4,1.5,12,7,3,66,32516.0,1949.0,Mixed
2016-03-06 13:00:00,Rat_lodging_Ben,266.68,8.3,8.0,0.6,1026.0,0.0,13,7,3,66,32516.0,1949.0,Mixed
2016-03-06 14:00:00,Rat_lodging_Ben,253.85,8.3,7.333333333333333,1.1,1025.3,2.1,14,7,3,66,32516.0,1949.0,Mixed
2016-03-06 15:00:00,Rat_lodging_Ben,254.37,10.6,6.666666666666667,-1.1,1025.0,3.1,15,7,3,66,32516.0,1949.0,Mixed
2016-03-06 16:00:00,Rat_lodging_Ben,244.56,10.0,6.0,-1.7,1024.9,3.6,16,7,3,66,32516.0,1949.0,Mixed
2016-03-06 17:00:00,Rat_lodging_Ben,237.41,10.6,6.0,-2.8,1024.7,2.6,17,7,3,66,32516.0,1949.0,Mixed
2016-03-06 18:00:00,Rat_lodging_Ben,239.1,9.4,6.0,-3.3,1025.2,4.1,18,7,3,66,32516.0,1949.0,Mixed
2016-03-06 19:00:00,Rat_lodging_Ben,235.54,7.8,6.0,-2.8,1025.7,3.6,19,7,3,66,32516.0,1949.0,Mixed
2016-03-06 20:00:00,Rat_lodging_Ben,242.29,6.1,5.333333333333333,1.1,1025.9,3.1,20,7,3,66,32516.0,1949.0,Mixed
2016-03-06 21:00:00,Rat_lodging_Ben,241.74,5.6,4.666666666666667,0.6,1026.4,1.5,21,7,3,66,32516.0,1949.0,Mixed
2016-03-06 22:00:00,Rat_lodging_Ben,239.09,5.0,4.0,0.0,1026.4,2.1,22,7,3,66,32516.0,1949.0,Mixed
2016-03-06 23:00:00,Rat_lodging_Ben,215.01,4.4,4.666666666666667,0.6,1026.1,2.1,23,7,3,66,32516.0,1949.0,Mixed
2016-03-07 00:00:00,Rat_lodging_Ben,210.67,3.3,5.333333333333333,0.6,1026.4,2.6,0,1,3,67,32516.0,1949.0,Mixed
2016-03-07 01:00:00,Rat_lodging_Ben,208.99,3.3,6.0,0.6,1026.9,2.1,1,1,3,67,32516.0,1949.0,Mixed
2016-03-07 02:00:00,Rat_lodging_Ben,210.53,3.3,6.0,1.1,1026.8,3.1,2,1,3,67,32516.0,1949.0,Mixed
2016-03-07 03:00:00,Rat_lodging_Ben,204.52,3.3,6.0,1.1,1026.0,4.6,3,1,3,67,32516.0,1949.0,Mixed
2016-03-07 04:00:00,Rat_lodging_Ben,199.39,3.3,6.0,1.1,1025.0,5.7,4,1,3,67,32516.0,1949.0,Mixed
2016-03-07 05:00:00,Rat_lodging_Ben,207.88,2.8,4.0,0.6,1025.3,3.6,5,1,3,67,32516.0,1949.0,Mixed
2016-03-07 06:00:00,Rat_lodging_Ben,228.12,2.2,2.0,0.0,1025.9,3.1,6,1,3,67,32516.0,1949.0,Mixed
2016-03-07 07:00:00,Rat_lodging_Ben,256.49,3.3,4.0,1.1,1025.7,4.6,7,1,3,67,32516.0,1949.0,Mixed
2016-03-07 08:00:00,Rat_lodging_Ben,259.78,4.4,2.0,1.1,1025.9,4.6,8,1,3,67,32516.0,1949.0,Mixed
2016-03-07 09:00:00,Rat_lodging_Ben,259.81,6.7,2.0,2.2,1025.8,8.2,9,1,3,67,32516.0,1949.0,Mixed
2016-03-07 10:00:00,Rat_lodging_Ben,266.54,9.4,2.0,2.8,1025.4,6.7,10,1,3,67,32516.0,1949.0,Mixed
2016-03-07 11:00:00,Rat_lodging_Ben,280.75,10.6,2.0,2.8,1025.1,5.7,11,1,3,67,32516.0,1949.0,Mixed
2016-03-07 12:00:00,Rat_lodging_Ben,284.76,11.7,4.0,4.4,1023.9,6.2,12,1,3,67,32516.0,1949.0,Mixed
2016-03-07 13:00:00,Rat_lodging_Ben,286.61,13.9,6.0,4.4,1022.5,6.7,13,1,3,67,32516.0,1949.0,Mixed
2016-03-07 14:00:00,Rat_lodging_Ben,289.63,16.7,6.0,3.3,1021.2,5.1,14,1,3,67,32516.0,1949.0,Mixed
2016-03-07 15:00:00,Rat_lodging_Ben,286.73,18.3,6.0,2.8,1020.4,6.7,15,1,3,67,32516.0,1949.0,Mixed
2016-03-07 16:00:00,Rat_lodging_Ben,285.23,17.8,6.0,2.8,1019.9,8.2,16,1,3,67,32516.0,1949.0,Mixed
2016-03-07 17:00:00,Rat_lodging_Ben,279.85,18.3,6.0,2.2,1019.3,5.7,17,1,3,67,32516.0,1949.0,Mixed
2016-03-07 18:00:00,Rat_lodging_Ben,257.95,17.2,6.0,1.7,1019.5,5.7,18,1,3,67,32516.0,1949.0,Mixed
2016-03-07 19:00:00,Rat_lodging_Ben,253.45,15.6,6.0,1.7,1019.9,4.6,19,1,3,67,32516.0,1949.0,Mixed
2016-03-07 20:00:00,Rat_lodging_Ben,261.05,12.2,6.0,4.4,1019.9,2.6,20,1,3,67,32516.0,1949.0,Mixed
2016-03-07 21:00:00,Rat_lodging_Ben,259.59,12.2,6.0,4.4,1020.3,3.6,21,1,3,67,32516.0,1949.0,Mixed
2016-03-07 22:00:00,Rat_lodging_Ben,243.1,11.7,6.0,4.4,1020.3,3.1,22,1,3,67,32516.0,1949.0,Mixed
2016-03-07 23:00:00,Rat_lodging_Ben,216.96,10.6,6.666666666666667,4.4,1020.3,3.1,23,1,3,67,32516.0,1949.0,Mixed
2016-03-08 00:00:00,Rat_lodging_Ben,210.71,11.7,7.333333333333333,4.4,1020.4,1.5,0,2,3,68,32516.0,1949.0,Mixed
2016-03-08 01:00:00,Rat_lodging_Ben,207.33,12.2,8.0,3.9,1020.6,1.5,1,2,3,68,32516.0,1949.0,Mixed
2016-03-08 02:00:00,Rat_lodging_Ben,201.53,11.1,8.0,4.4,1020.9,0.0,2,2,3,68,32516.0,1949.0,Mixed
2016-03-08 03:00:00,Rat_lodging_Ben,202.05,10.6,8.0,5.0,1020.3,1.5,3,2,3,68,32516.0,1949.0,Mixed
2016-03-08 04:00:00,Rat_lodging_Ben,200.1,8.9,8.0,5.6,1020.8,0.0,4,2,3,68,32516.0,1949.0,Mixed
2016-03-08 05:00:00,Rat_lodging_Ben,207.52,8.9,4.0,4.4,1020.9,0.0,5,2,3,68,32516.0,1949.0,Mixed
2016-03-08 06:00:00,Rat_lodging_Ben,226.55,9.4,4.0,5.0,1021.1,2.1,6,2,3,68,32516.0,1949.0,Mixed
2016-03-08 07:00:00,Rat_lodging_Ben,253.4,8.3,6.0,5.6,1021.9,1.5,7,2,3,68,32516.0,1949.0,Mixed
2016-03-08 08:00:00,Rat_lodging_Ben,258.05,10.6,6.666666666666667,5.6,1022.4,3.1,8,2,3,68,32516.0,1949.0,Mixed
2016-03-08 09:00:00,Rat_lodging_Ben,269.8,12.2,7.333333333333333,5.0,1022.6,3.1,9,2,3,68,32516.0,1949.0,Mixed
2016-03-08 10:00:00,Rat_lodging_Ben,277.98,14.4,8.0,5.6,1022.8,2.6,10,2,3,68,32516.0,1949.0,Mixed
2016-03-08 11:00:00,Rat_lodging_Ben,299.69,16.1,7.333333333333333,5.0,1022.9,3.1,11,2,3,68,32516.0,1949.0,Mixed
2016-03-08 12:00:00,Rat_lodging_Ben,293.29,20.0,6.666666666666667,5.6,1022.2,1.5,12,2,3,68,32516.0,1949.0,Mixed
2016-03-08 13:00:00,Rat_lodging_Ben,286.9,23.3,6.0,2.8,1020.9,2.1,13,2,3,68,32516.0,1949.0,Mixed
2016-03-08 14:00:00,Rat_lodging_Ben,285.9,23.3,5.0,3.9,1020.1,0.0,14,2,3,68,32516.0,1949.0,Mixed
2016-03-08 15:00:00,Rat_lodging_Ben,278.51,25.6,4.0,3.9,1019.7,1.5,15,2,3,68,32516.0,1949.0,Mixed
2016-03-08 16:00:00,Rat_lodging_Ben,275.77,26.1,4.0,2.8,1019.2,2.6,16,2,3,68,32516.0,1949.0,Mixed
2016-03-08 17:00:00,Rat_lodging_Ben,263.59,22.8,4.0,3.9,1019.1,3.1,17,2,3,68,32516.0,1949.0,Mixed
2016-03-08 18:00:00,Rat_lodging_Ben,257.67,20.0,5.0,3.3,1019.4,4.1,18,2,3,68,32516.0,1949.0,Mixed
2016-03-08 19:00:00,Rat_lodging_Ben,271.67,17.2,6.0,4.4,1019.4,2.6,19,2,3,68,32516.0,1949.0,Mixed
2016-03-08 20:00:00,Rat_lodging_Ben,265.09,17.8,4.0,3.9,1019.6,3.6,20,2,3,68,32516.0,1949.0,Mixed
2016-03-08 21:00:00,Rat_lodging_Ben,262.63,15.6,4.0,4.4,1020.0,3.6,21,2,3,68,32516.0,1949.0,Mixed
2016-03-08 22:00:00,Rat_lodging_Ben,249.44,14.4,2.0,4.4,1020.0,3.6,22,2,3,68,32516.0,1949.0,Mixed
2016-03-08 23:00:00,Rat_lodging_Ben,217.09,13.3,3.333333333333333,4.4,1019.4,3.6,23,2,3,68,32516.0,1949.0,Mixed
2016-03-09 00:00:00,Rat_lodging_Ben,210.66,13.3,4.666666666666666,5.0,1019.6,3.1,0,3,3,69,32516.0,1949.0,Mixed
2016-03-09 01:00:00,Rat_lodging_Ben,204.1,12.8,6.0,5.0,1019.8,1.5,1,3,3,69,32516.0,1949.0,Mixed
2016-03-09 02:00:00,Rat_lodging_Ben,201.94,12.2,2.0,5.0,1019.4,2.1,2,3,3,69,32516.0,1949.0,Mixed
2016-03-09 03:00:00,Rat_lodging_Ben,198.37,11.1,0.0,3.3,1019.5,3.1,3,3,3,69,32516.0,1949.0,Mixed
2016-03-09 04:00:00,Rat_lodging_Ben,212.65,11.7,2.0,4.4,1020.3,0.0,4,3,3,69,32516.0,1949.0,Mixed
2016-03-09 05:00:00,Rat_lodging_Ben,214.78,9.4,0.0,5.6,1020.2,0.0,5,3,3,69,32516.0,1949.0,Mixed
2016-03-09 06:00:00,Rat_lodging_Ben,236.27,8.9,2.0,5.6,1020.8,0.0,6,3,3,69,32516.0,1949.0,Mixed
2016-03-09 07:00:00,Rat_lodging_Ben,263.89,8.9,6.0,4.4,1021.2,0.0,7,3,3,69,32516.0,1949.0,Mixed
2016-03-09 08:00:00,Rat_lodging_Ben,264.16,10.0,4.0,6.1,1022.2,1.5,8,3,3,69,32516.0,1949.0,Mixed
2016-03-09 09:00:00,Rat_lodging_Ben,278.63,13.9,2.0,5.6,1022.4,2.6,9,3,3,69,32516.0,1949.0,Mixed
2016-03-09 10:00:00,Rat_lodging_Ben,285.72,16.7,2.0,6.7,1022.4,3.1,10,3,3,69,32516.0,1949.0,Mixed
2016-03-09 11:00:00,Rat_lodging_Ben,288.33,19.4,4.0,7.2,1021.6,3.1,11,3,3,69,32516.0,1949.0,Mixed
2016-03-09 12:00:00,Rat_lodging_Ben,300.89,21.1,4.0,7.8,1021.0,3.6,12,3,3,69,32516.0,1949.0,Mixed
2016-03-09 13:00:00,Rat_lodging_Ben,286.0,23.3,6.0,7.8,1019.7,4.1,13,3,3,69,32516.0,1949.0,Mixed
2016-03-09 14:00:00,Rat_lodging_Ben,297.32,23.9,4.0,7.2,1018.6,4.1,14,3,3,69,32516.0,1949.0,Mixed
2016-03-09 15:00:00,Rat_lodging_Ben,298.24,25.6,2.0,5.6,1018.0,4.6,15,3,3,69,32516.0,1949.0,Mixed
2016-03-09 16:00:00,Rat_lodging_Ben,303.89,24.4,0.0,6.1,1017.7,5.1,16,3,3,69,32516.0,1949.0,Mixed
2016-03-09 17:00:00,Rat_lodging_Ben,293.99,24.4,2.0,6.1,1017.4,4.1,17,3,3,69,32516.0,1949.0,Mixed
2016-03-09 18:00:00,Rat_lodging_Ben,277.97,21.1,4.0,6.7,1017.5,5.7,18,3,3,69,32516.0,1949.0,Mixed
2016-03-09 19:00:00,Rat_lodging_Ben,278.09,18.3,6.0,6.7,1017.6,4.6,19,3,3,69,32516.0,1949.0,Mixed
2016-03-09 20:00:00,Rat_lodging_Ben,282.06,18.9,4.0,7.2,1018.0,2.6,20,3,3,69,32516.0,1949.0,Mixed
2016-03-09 21:00:00,Rat_lodging_Ben,284.14,17.8,4.0,8.3,1018.4,3.6,21,3,3,69,32516.0,1949.0,Mixed
2016-03-09 22:00:00,Rat_lodging_Ben,267.7,17.2,4.0,8.9,1018.4,4.6,22,3,3,69,32516.0,1949.0,Mixed
2016-03-09 23:00:00,Rat_lodging_Ben,237.5,16.7,4.0,9.4,1018.5,4.6,23,3,3,69,32516.0,1949.0,Mixed
2016-03-10 00:00:00,Rat_lodging_Ben,230.65,16.1,5.0,9.4,1018.6,5.7,0,4,3,70,32516.0,1949.0,Mixed
2016-03-10 01:00:00,Rat_lodging_Ben,225.73,16.1,6.0,9.4,1018.3,5.7,1,4,3,70,32516.0,1949.0,Mixed
2016-03-10 02:00:00,Rat_lodging_Ben,222.15,14.4,4.0,9.4,1018.6,3.6,2,4,3,70,32516.0,1949.0,Mixed
2016-03-10 03:00:00,Rat_lodging_Ben,219.43,15.6,5.0,10.0,1018.2,5.1,3,4,3,70,32516.0,1949.0,Mixed
2016-03-10 04:00:00,Rat_lodging_Ben,214.65,16.1,6.0,10.0,1018.2,5.1,4,4,3,70,32516.0,1949.0,Mixed
2016-03-10 05:00:00,Rat_lodging_Ben,217.37,13.9,6.0,10.0,1018.5,4.1,5,4,3,70,32516.0,1949.0,Mixed
2016-03-10 06:00:00,Rat_lodging_Ben,229.91,14.4,6.0,10.6,1018.5,4.1,6,4,3,70,32516.0,1949.0,Mixed
2016-03-10 07:00:00,Rat_lodging_Ben,265.99,13.9,6.0,10.6,1018.8,3.6,7,4,3,70,32516.0,1949.0,Mixed
2016-03-10 08:00:00,Rat_lodging_Ben,268.41,15.6,6.666666666666667,11.1,1019.0,4.1,8,4,3,70,32516.0,1949.0,Mixed
2016-03-10 09:00:00,Rat_lodging_Ben,278.05,18.3,7.333333333333333,12.2,1019.2,3.6,9,4,3,70,32516.0,1949.0,Mixed
2016-03-10 10:00:00,Rat_lodging_Ben,292.59,21.1,8.0,12.2,1019.7,4.1,10,4,3,70,32516.0,1949.0,Mixed
2016-03-10 11:00:00,Rat_lodging_Ben,301.92,20.6,8.0,12.2,1018.8,5.7,11,4,3,70,32516.0,1949.0,Mixed
2016-03-10 12:00:00,Rat_lodging_Ben,307.05,21.1,8.0,12.2,1018.3,5.7,12,4,3,70,32516.0,1949.0,Mixed
2016-03-10 13:00:00,Rat_lodging_Ben,304.46,21.1,8.0,12.2,1017.1,4.6,13,4,3,70,32516.0,1949.0,Mixed
2016-03-10 14:00:00,Rat_lodging_Ben,301.84,24.4,7.333333333333333,12.8,1016.0,6.7,14,4,3,70,32516.0,1949.0,Mixed
2016-03-10 15:00:00,Rat_lodging_Ben,304.32,24.4,6.666666666666667,12.2,1015.1,6.7,15,4,3,70,32516.0,1949.0,Mixed
2016-03-10 16:00:00,Rat_lodging_Ben,311.54,25.6,6.0,12.2,1014.6,7.7,16,4,3,70,32516.0,1949.0,Mixed
2016-03-10 17:00:00,Rat_lodging_Ben,301.94,24.4,6.0,12.8,1014.0,8.8,17,4,3,70,32516.0,1949.0,Mixed
2016-03-10 18:00:00,Rat_lodging_Ben,296.59,22.2,6.0,12.8,1014.3,4.1,18,4,3,70,32516.0,1949.0,Mixed
2016-03-10 19:00:00,Rat_lodging_Ben,287.89,21.7,6.0,12.2,1014.2,4.6,19,4,3,70,32516.0,1949.0,Mixed
2016-03-10 20:00:00,Rat_lodging_Ben,298.85,20.0,5.333333333333333,12.2,1014.0,4.1,20,4,3,70,32516.0,1949.0,Mixed
2016-03-10 21:00:00,Rat_lodging_Ben,290.12,22.2,4.666666666666667,12.2,1014.1,6.2,21,4,3,70,32516.0,1949.0,Mixed
2016-03-10 22:00:00,Rat_lodging_Ben,272.86,22.2,4.0,12.2,1014.0,6.2,22,4,3,70,32516.0,1949.0,Mixed
2016-03-10 23:00:00,Rat_lodging_Ben,251.62,18.9,5.333333333333333,11.7,1013.4,4.6,23,4,3,70,32516.0,1949.0,Mixed
2016-03-11 00:00:00,Rat_lodging_Ben,246.36,21.1,6.666666666666666,12.8,1013.5,5.1,0,5,3,71,32516.0,1949.0,Mixed
2016-03-11 01:00:00,Rat_lodging_Ben,238.44,21.7,8.0,12.8,1013.6,4.6,1,5,3,71,32516.0,1949.0,Mixed
2016-03-11 02:00:00,Rat_lodging_Ben,233.9,20.6,8.0,12.8,1013.5,3.1,2,5,3,71,32516.0,1949.0,Mixed
2016-03-11 03:00:00,Rat_lodging_Ben,226.77,20.6,8.0,13.3,1014.0,3.1,3,5,3,71,32516.0,1949.0,Mixed
2016-03-11 04:00:00,Rat_lodging_Ben,223.54,21.1,8.0,12.8,1014.6,4.6,4,5,3,71,32516.0,1949.0,Mixed
2016-03-11 05:00:00,Rat_lodging_Ben,229.02,20.0,8.0,12.8,1014.9,2.1,5,5,3,71,32516.0,1949.0,Mixed
2016-03-11 06:00:00,Rat_lodging_Ben,229.9,19.4,8.0,12.8,1017.1,9.3,6,5,3,71,32516.0,1949.0,Mixed
2016-03-11 07:00:00,Rat_lodging_Ben,259.7,16.7,8.0,10.0,1019.2,9.8,7,5,3,71,32516.0,1949.0,Mixed
2016-03-11 08:00:00,Rat_lodging_Ben,267.01,16.1,7.333333333333333,10.0,1019.6,2.6,8,5,3,71,32516.0,1949.0,Mixed
2016-03-11 09:00:00,Rat_lodging_Ben,271.53,16.7,6.666666666666667,10.6,1021.4,5.1,9,5,3,71,32516.0,1949.0,Mixed
2016-03-11 10:00:00,Rat_lodging_Ben,266.89,17.2,6.0,10.0,1021.9,4.1,10,5,3,71,32516.0,1949.0,Mixed
2016-03-11 11:00:00,Rat_lodging_Ben,277.49,18.3,6.0,10.6,1022.1,3.6,11,5,3,71,32516.0,1949.0,Mixed
2016-03-11 12:00:00,Rat_lodging_Ben,279.42,20.0,6.0,10.6,1022.7,4.6,12,5,3,71,32516.0,1949.0,Mixed
2016-03-11 13:00:00,Rat_lodging_Ben,278.48,21.1,6.0,10.0,1022.2,4.1,13,5,3,71,32516.0,1949.0,Mixed
2016-03-11 14:00:00,Rat_lodging_Ben,284.31,21.1,6.0,8.9,1022.0,3.6,14,5,3,71,32516.0,1949.0,Mixed
2016-03-11 15:00:00,Rat_lodging_Ben,278.19,22.8,6.0,8.9,1022.2,3.1,15,5,3,71,32516.0,1949.0,Mixed
2016-03-11 16:00:00,Rat_lodging_Ben,277.33,22.8,6.0,6.7,1022.3,5.7,16,5,3,71,32516.0,1949.0,Mixed
2016-03-11 17:00:00,Rat_lodging_Ben,271.89,21.7,6.0,5.6,1023.0,4.6,17,5,3,71,32516.0,1949.0,Mixed
2016-03-11 18:00:00,Rat_lodging_Ben,269.05,20.6,6.0,5.6,1023.6,5.1,18,5,3,71,32516.0,1949.0,Mixed
2016-03-11 19:00:00,Rat_lodging_Ben,261.39,20.0,6.0,3.3,1024.5,4.1,19,5,3,71,32516.0,1949.0,Mixed
2016-03-11 20:00:00,Rat_lodging_Ben,267.46,17.8,6.0,4.4,1025.4,1.5,20,5,3,71,32516.0,1949.0,Mixed
2016-03-11 21:00:00,Rat_lodging_Ben,254.13,16.7,6.0,3.9,1025.7,5.7,21,5,3,71,32516.0,1949.0,Mixed
2016-03-11 22:00:00,Rat_lodging_Ben,242.68,15.0,6.0,5.0,1026.3,2.6,22,5,3,71,32516.0,1949.0,Mixed
2016-03-11 23:00:00,Rat_lodging_Ben,224.45,13.9,4.0,2.8,1027.0,0.0,23,5,3,71,32516.0,1949.0,Mixed
2016-03-12 00:00:00,Rat_lodging_Ben,214.94,14.4,2.0,1.7,1027.2,1.5,0,6,3,72,32516.0,1949.0,Mixed
2016-03-12 01:00:00,Rat_lodging_Ben,203.54,12.8,2.0,2.2,1027.3,0.0,1,6,3,72,32516.0,1949.0,Mixed
2016-03-12 02:00:00,Rat_lodging_Ben,196.06,12.2,4.0,3.3,1027.3,2.1,2,6,3,72,32516.0,1949.0,Mixed
2016-03-12 03:00:00,Rat_lodging_Ben,197.01,11.1,4.0,3.9,1026.8,3.1,3,6,3,72,32516.0,1949.0,Mixed
2016-03-12 04:00:00,Rat_lodging_Ben,198.69,11.1,6.0,3.9,1027.2,0.0,4,6,3,72,32516.0,1949.0,Mixed
2016-03-12 05:00:00,Rat_lodging_Ben,200.05,11.1,6.666666666666667,3.9,1027.3,1.5,5,6,3,72,32516.0,1949.0,Mixed
2016-03-12 06:00:00,Rat_lodging_Ben,208.46,10.6,7.333333333333333,3.9,1026.9,2.6,6,6,3,72,32516.0,1949.0,Mixed
2016-03-12 07:00:00,Rat_lodging_Ben,226.0,10.6,8.0,3.3,1027.1,3.1,7,6,3,72,32516.0,1949.0,Mixed
2016-03-12 08:00:00,Rat_lodging_Ben,236.54,10.6,8.0,2.8,1027.0,3.6,8,6,3,72,32516.0,1949.0,Mixed
2016-03-12 09:00:00,Rat_lodging_Ben,244.64,11.7,8.0,2.2,1026.8,1.5,9,6,3,72,32516.0,1949.0,Mixed
2016-03-12 10:00:00,Rat_lodging_Ben,254.23,11.7,8.0,2.8,1026.3,1.5,10,6,3,72,32516.0,1949.0,Mixed
2016-03-12 11:00:00,Rat_lodging_Ben,260.59,12.8,8.0,5.6,1025.3,3.1,11,6,3,72,32516.0,1949.0,Mixed
2016-03-12 12:00:00,Rat_lodging_Ben,264.1,13.3,8.0,6.1,1024.7,1.5,12,6,3,72,32516.0,1949.0,Mixed
2016-03-12 13:00:00,Rat_lodging_Ben,259.38,15.0,8.0,7.2,1023.5,2.1,13,6,3,72,32516.0,1949.0,Mixed
2016-03-12 14:00:00,Rat_lodging_Ben,257.57,15.0,8.0,7.8,1022.2,1.5,14,6,3,72,32516.0,1949.0,Mixed
2016-03-12 15:00:00,Rat_lodging_Ben,248.47,15.6,8.0,8.3,1021.2,1.5,15,6,3,72,32516.0,1949.0,Mixed
2016-03-12 16:00:00,Rat_lodging_Ben,252.05,15.0,8.0,8.3,1020.2,4.1,16,6,3,72,32516.0,1949.0,Mixed
2016-03-12 17:00:00,Rat_lodging_Ben,252.5,13.9,7.333333333333333,7.8,1019.7,3.1,17,6,3,72,32516.0,1949.0,Mixed
2016-03-12 18:00:00,Rat_lodging_Ben,234.84,13.3,6.666666666666667,7.8,1019.4,2.1,18,6,3,72,32516.0,1949.0,Mixed
2016-03-12 19:00:00,Rat_lodging_Ben,238.36,12.8,6.0,7.8,1019.7,3.1,19,6,3,72,32516.0,1949.0,Mixed
2016-03-12 20:00:00,Rat_lodging_Ben,235.1,12.8,6.0,7.8,1019.7,2.6,20,6,3,72,32516.0,1949.0,Mixed
2016-03-12 21:00:00,Rat_lodging_Ben,247.56,12.2,6.0,7.8,1019.1,2.6,21,6,3,72,32516.0,1949.0,Mixed
2016-03-12 22:00:00,Rat_lodging_Ben,245.05,12.2,6.0,7.8,1018.7,1.5,22,6,3,72,32516.0,1949.0,Mixed
2016-03-12 23:00:00,Rat_lodging_Ben,213.85,12.2,6.666666666666667,7.2,1018.3,0.0,23,6,3,72,32516.0,1949.0,Mixed
2016-03-13 00:00:00,Rat_lodging_Ben,209.48,12.2,7.333333333333333,7.8,1017.6,2.1,0,7,3,73,32516.0,1949.0,Mixed
2016-03-13 01:00:00,Rat_lodging_Ben,96.6,12.8,8.0,8.3,1017.1,0.0,1,7,3,73,32516.0,1949.0,Mixed
2016-03-13 02:00:00,Rat_lodging_Ben,114.97,12.8,8.0,8.9,1016.8,0.0,2,7,3,73,32516.0,1949.0,Mixed
2016-03-13 03:00:00,Rat_lodging_Ben,210.43,12.8,8.0,8.3,1016.2,3.1,3,7,3,73,32516.0,1949.0,Mixed
2016-03-13 04:00:00,Rat_lodging_Ben,205.2,12.8,8.0,8.3,1015.9,0.0,4,7,3,73,32516.0,1949.0,Mixed
2016-03-13 05:00:00,Rat_lodging_Ben,215.52,12.8,8.0,8.9,1016.0,1.5,5,7,3,73,32516.0,1949.0,Mixed
2016-03-13 06:00:00,Rat_lodging_Ben,242.06,12.8,8.0,8.9,1015.9,0.0,6,7,3,73,32516.0,1949.0,Mixed
2016-03-13 07:00:00,Rat_lodging_Ben,240.7,12.8,8.0,8.3,1016.4,2.1,7,7,3,73,32516.0,1949.0,Mixed
2016-03-13 08:00:00,Rat_lodging_Ben,261.46,12.8,7.333333333333333,9.4,1016.4,3.1,8,7,3,73,32516.0,1949.0,Mixed
2016-03-13 09:00:00,Rat_lodging_Ben,255.05,13.3,6.666666666666667,8.9,1016.6,3.6,9,7,3,73,32516.0,1949.0,Mixed
2016-03-13 10:00:00,Rat_lodging_Ben,259.03,13.9,6.0,9.4,1016.9,4.1,10,7,3,73,32516.0,1949.0,Mixed
2016-03-13 11:00:00,Rat_lodging_Ben,257.59,13.9,6.666666666666667,9.4,1016.8,4.6,11,7,3,73,32516.0,1949.0,Mixed
2016-03-13 12:00:00,Rat_lodging_Ben,264.74,15.6,7.333333333333333,9.4,1016.6,4.6,12,7,3,73,32516.0,1949.0,Mixed
2016-03-13 13:00:00,Rat_lodging_Ben,248.38,15.0,8.0,8.3,1015.9,6.2,13,7,3,73,32516.0,1949.0,Mixed
2016-03-13 14:00:00,Rat_lodging_Ben,239.95,15.0,8.0,7.8,1015.6,4.6,14,7,3,73,32516.0,1949.0,Mixed
2016-03-13 15:00:00,Rat_lodging_Ben,239.31,12.2,8.0,8.3,1016.1500000000001,6.7,15,7,3,73,32516.0,1949.0,Mixed
2016-03-13 16:00:00,Rat_lodging_Ben,233.05,11.1,8.0,8.3,1016.7,6.2,16,7,3,73,32516.0,1949.0,Mixed
2016-03-13 17:00:00,Rat_lodging_Ben,228.37,11.1,8.0,9.4,1016.2,6.2,17,7,3,73,32516.0,1949.0,Mixed
2016-03-13 18:00:00,Rat_lodging_Ben,233.35,10.6,8.0,8.9,1016.1500000000001,6.2,18,7,3,73,32516.0,1949.0,Mixed
2016-03-13 19:00:00,Rat_lodging_Ben,239.7,10.6,8.0,8.9,1016.1,5.1,19,7,3,73,32516.0,1949.0,Mixed
2016-03-13 20:00:00,Rat_lodging_Ben,244.89,10.6,8.0,8.3,1015.9,5.1,20,7,3,73,32516.0,1949.0,Mixed
2016-03-13 21:00:00,Rat_lodging_Ben,240.72,10.0,8.0,8.3,1015.8,4.1,21,7,3,73,32516.0,1949.0,Mixed
2016-03-13 22:00:00,Rat_lodging_Ben,223.24,10.0,8.0,8.3,1015.1,4.1,22,7,3,73,32516.0,1949.0,Mixed
2016-03-13 23:00:00,Rat_lodging_Ben,216.88,9.4,8.0,7.8,1014.8,3.1,23,7,3,73,32516.0,1949.0,Mixed
2016-03-14 00:00:00,Rat_lodging_Ben,215.66,10.0,8.0,7.8,1014.8,3.1,0,1,3,74,32516.0,1949.0,Mixed
2016-03-14 01:00:00,Rat_lodging_Ben,205.19,10.0,8.0,8.3,1014.5,3.1,1,1,3,74,32516.0,1949.0,Mixed
2016-03-14 02:00:00,Rat_lodging_Ben,206.26,9.4,8.0,8.3,1014.3,4.1,2,1,3,74,32516.0,1949.0,Mixed
2016-03-14 03:00:00,Rat_lodging_Ben,203.67,9.4,8.0,8.3,1013.9,4.1,3,1,3,74,32516.0,1949.0,Mixed
2016-03-14 04:00:00,Rat_lodging_Ben,204.13,9.4,8.0,8.3,1013.6,5.1,4,1,3,74,32516.0,1949.0,Mixed
2016-03-14 05:00:00,Rat_lodging_Ben,223.08,9.4,8.0,8.3,1013.5,4.6,5,1,3,74,32516.0,1949.0,Mixed
2016-03-14 06:00:00,Rat_lodging_Ben,265.96,9.4,8.0,8.9,1013.8,5.1,6,1,3,74,32516.0,1949.0,Mixed
2016-03-14 07:00:00,Rat_lodging_Ben,261.39,10.0,8.0,8.9,1014.3,5.1,7,1,3,74,32516.0,1949.0,Mixed
2016-03-14 08:00:00,Rat_lodging_Ben,265.88,10.0,8.0,8.3,1014.4,6.2,8,1,3,74,32516.0,1949.0,Mixed
2016-03-14 09:00:00,Rat_lodging_Ben,265.48,10.0,8.0,8.9,1014.7,4.6,9,1,3,74,32516.0,1949.0,Mixed
2016-03-14 10:00:00,Rat_lodging_Ben,281.48,10.0,8.0,8.9,1014.7,4.6,10,1,3,74,32516.0,1949.0,Mixed
2016-03-14 11:00:00,Rat_lodging_Ben,281.55,10.6,8.0,9.4,1014.4,3.6,11,1,3,74,32516.0,1949.0,Mixed
2016-03-14 12:00:00,Rat_lodging_Ben,277.37,11.1,8.0,9.4,1014.1,4.6,12,1,3,74,32516.0,1949.0,Mixed
2016-03-14 13:00:00,Rat_lodging_Ben,267.56,11.7,8.0,9.4,1013.4,5.7,13,1,3,74,32516.0,1949.0,Mixed
2016-03-14 14:00:00,Rat_lodging_Ben,274.55,11.7,8.0,9.4,1012.8,5.1,14,1,3,74,32516.0,1949.0,Mixed
2016-03-14 15:00:00,Rat_lodging_Ben,271.07,11.1,8.0,8.9,1012.9,5.1,15,1,3,74,32516.0,1949.0,Mixed
2016-03-14 16:00:00,Rat_lodging_Ben,266.47,11.1,8.0,9.4,1012.1,5.1,16,1,3,74,32516.0,1949.0,Mixed
2016-03-14 17:00:00,Rat_lodging_Ben,260.73,11.1,8.0,8.9,1011.8,5.7,17,1,3,74,32516.0,1949.0,Mixed
2016-03-14 18:00:00,Rat_lodging_Ben,258.56,11.1,8.0,8.9,1011.6,4.1,18,1,3,74,32516.0,1949.0,Mixed
2016-03-14 19:00:00,Rat_lodging_Ben,260.94,10.0,8.0,8.3,1011.8,5.1,19,1,3,74,32516.0,1949.0,Mixed
2016-03-14 20:00:00,Rat_lodging_Ben,261.58,9.4,8.0,7.8,1012.3,5.1,20,1,3,74,32516.0,1949.0,Mixed
2016-03-14 21:00:00,Rat_lodging_Ben,253.71,8.9,8.0,7.2,1011.5,5.7,21,1,3,74,32516.0,1949.0,Mixed
2016-03-14 22:00:00,Rat_lodging_Ben,229.83,8.9,8.0,7.2,1010.9,7.2,22,1,3,74,32516.0,1949.0,Mixed
2016-03-14 23:00:00,Rat_lodging_Ben,212.2,8.9,8.0,7.2,1011.9,3.6,23,1,3,74,32516.0,1949.0,Mixed
2016-03-15 00:00:00,Rat_lodging_Ben,207.76,8.9,8.0,7.2,1011.9,2.6,0,2,3,75,32516.0,1949.0,Mixed
2016-03-15 01:00:00,Rat_lodging_Ben,200.53,8.9,8.0,7.2,1011.6,0.0,1,2,3,75,32516.0,1949.0,Mixed
2016-03-15 02:00:00,Rat_lodging_Ben,198.13,8.3,8.0,7.2,1009.9,4.6,2,2,3,75,32516.0,1949.0,Mixed
2016-03-15 03:00:00,Rat_lodging_Ben,197.28,8.3,8.0,6.7,1009.65,4.6,3,2,3,75,32516.0,1949.0,Mixed
2016-03-15 04:00:00,Rat_lodging_Ben,199.86,8.3,8.0,6.7,1009.4,4.1,4,2,3,75,32516.0,1949.0,Mixed
2016-03-15 05:00:00,Rat_lodging_Ben,226.03,8.3,8.0,6.1,1010.3,3.1,5,2,3,75,32516.0,1949.0,Mixed
2016-03-15 06:00:00,Rat_lodging_Ben,261.77,8.3,8.0,6.1,1009.9,3.6,6,2,3,75,32516.0,1949.0,Mixed
2016-03-15 07:00:00,Rat_lodging_Ben,243.69,8.3,8.0,6.7,1009.8,2.6,7,2,3,75,32516.0,1949.0,Mixed
2016-03-15 08:00:00,Rat_lodging_Ben,262.69,8.9,8.0,6.7,1010.3,4.1,8,2,3,75,32516.0,1949.0,Mixed
2016-03-15 09:00:00,Rat_lodging_Ben,267.86,9.4,8.0,6.7,1011.0,2.6,9,2,3,75,32516.0,1949.0,Mixed
2016-03-15 10:00:00,Rat_lodging_Ben,272.97,10.0,8.0,6.7,1011.4,2.6,10,2,3,75,32516.0,1949.0,Mixed
2016-03-15 11:00:00,Rat_lodging_Ben,282.21,10.6,8.0,7.2,1011.3,1.5,11,2,3,75,32516.0,1949.0,Mixed
2016-03-15 12:00:00,Rat_lodging_Ben,273.71,12.8,8.0,7.8,1011.4,2.1,12,2,3,75,32516.0,1949.0,Mixed
2016-03-15 13:00:00,Rat_lodging_Ben,280.25,13.9,8.0,8.3,1010.7,2.6,13,2,3,75,32516.0,1949.0,Mixed
2016-03-15 14:00:00,Rat_lodging_Ben,292.91,15.0,7.333333333333333,8.9,1009.8,3.6,14,2,3,75,32516.0,1949.0,Mixed
2016-03-15 15:00:00,Rat_lodging_Ben,291.13,16.1,6.666666666666667,9.4,1009.9,2.6,15,2,3,75,32516.0,1949.0,Mixed
2016-03-15 16:00:00,Rat_lodging_Ben,286.36,16.7,6.0,10.0,1009.8,3.1,16,2,3,75,32516.0,1949.0,Mixed
2016-03-15 17:00:00,Rat_lodging_Ben,283.47,17.8,4.0,10.6,1009.9,3.6,17,2,3,75,32516.0,1949.0,Mixed
2016-03-15 18:00:00,Rat_lodging_Ben,287.19,16.7,2.0,10.0,1010.1,2.6,18,2,3,75,32516.0,1949.0,Mixed
2016-03-15 19:00:00,Rat_lodging_Ben,278.05,16.1,2.0,10.0,1010.7,1.5,19,2,3,75,32516.0,1949.0,Mixed
2016-03-15 20:00:00,Rat_lodging_Ben,274.01,14.4,2.0,10.0,1011.2,0.0,20,2,3,75,32516.0,1949.0,Mixed
2016-03-15 21:00:00,Rat_lodging_Ben,259.12,13.3,0.0,10.0,1011.6,0.0,21,2,3,75,32516.0,1949.0,Mixed
2016-03-15 22:00:00,Rat_lodging_Ben,231.35,12.8,0.0,10.0,1011.5,3.1,22,2,3,75,32516.0,1949.0,Mixed
2016-03-15 23:00:00,Rat_lodging_Ben,222.68,11.7,0.0,10.6,1011.6,0.0,23,2,3,75,32516.0,1949.0,Mixed
2016-03-16 00:00:00,Rat_lodging_Ben,216.41,11.1,0.0,10.0,1011.3,0.0,0,3,3,76,32516.0,1949.0,Mixed
2016-03-16 01:00:00,Rat_lodging_Ben,209.9,11.1,0.0,10.0,1011.0,0.0,1,3,3,76,32516.0,1949.0,Mixed
2016-03-16 02:00:00,Rat_lodging_Ben,202.56,10.0,2.0,8.9,1010.9,0.0,2,3,3,76,32516.0,1949.0,Mixed
2016-03-16 03:00:00,Rat_lodging_Ben,204.99,10.6,2.0,9.4,1010.2,0.0,3,3,3,76,32516.0,1949.0,Mixed
2016-03-16 04:00:00,Rat_lodging_Ben,208.06,10.0,0.0,8.9,1010.2,0.0,4,3,3,76,32516.0,1949.0,Mixed
2016-03-16 05:00:00,Rat_lodging_Ben,229.2,10.0,0.0,8.9,1010.4,1.5,5,3,3,76,32516.0,1949.0,Mixed
2016-03-16 06:00:00,Rat_lodging_Ben,260.56,10.0,4.0,8.3,1010.5,2.6,6,3,3,76,32516.0,1949.0,Mixed
2016-03-16 07:00:00,Rat_lodging_Ben,256.8,9.4,4.0,8.3,1010.4,0.0,7,3,3,76,32516.0,1949.0,Mixed
2016-03-16 08:00:00,Rat_lodging_Ben,272.19,12.8,4.0,10.0,1010.3,1.5,8,3,3,76,32516.0,1949.0,Mixed
2016-03-16 09:00:00,Rat_lodging_Ben,287.29,16.1,4.0,11.7,1009.8,2.6,9,3,3,76,32516.0,1949.0,Mixed
2016-03-16 10:00:00,Rat_lodging_Ben,303.9,18.3,4.0,11.7,1009.4,5.1,10,3,3,76,32516.0,1949.0,Mixed
2016-03-16 11:00:00,Rat_lodging_Ben,299.18,20.0,4.0,12.8,1008.8,4.6,11,3,3,76,32516.0,1949.0,Mixed
2016-03-16 12:00:00,Rat_lodging_Ben,289.39,21.1,4.0,13.3,1007.6,4.1,12,3,3,76,32516.0,1949.0,Mixed
2016-03-16 13:00:00,Rat_lodging_Ben,292.48,22.8,4.0,13.9,1006.8,3.1,13,3,3,76,32516.0,1949.0,Mixed
2016-03-16 14:00:00,Rat_lodging_Ben,292.75,22.8,4.666666666666667,13.3,1006.1,4.1,14,3,3,76,32516.0,1949.0,Mixed
2016-03-16 15:00:00,Rat_lodging_Ben,292.76,22.8,5.333333333333333,13.3,1005.3,4.1,15,3,3,76,32516.0,1949.0,Mixed
2016-03-16 16:00:00,Rat_lodging_Ben,284.43,22.2,6.0,13.3,1005.6,2.6,16,3,3,76,32516.0,1949.0,Mixed
2016-03-16 17:00:00,Rat_lodging_Ben,280.78,21.7,5.333333333333333,13.3,1005.9,4.1,17,3,3,76,32516.0,1949.0,Mixed
2016-03-16 18:00:00,Rat_lodging_Ben,271.0,19.4,4.666666666666667,12.8,1007.1,3.1,18,3,3,76,32516.0,1949.0,Mixed
2016-03-16 19:00:00,Rat_lodging_Ben,274.11,17.2,4.0,12.8,1007.2,2.6,19,3,3,76,32516.0,1949.0,Mixed
2016-03-16 20:00:00,Rat_lodging_Ben,273.97,17.2,2.0,12.2,1007.9,1.5,20,3,3,76,32516.0,1949.0,Mixed
2016-03-16 21:00:00,Rat_lodging_Ben,264.83,15.0,0.0,12.2,1008.6,0.0,21,3,3,76,32516.0,1949.0,Mixed
2016-03-16 22:00:00,Rat_lodging_Ben,232.64,13.3,0.0,11.7,1009.2,0.0,22,3,3,76,32516.0,1949.0,Mixed
2016-03-16 23:00:00,Rat_lodging_Ben,220.84,13.3,0.0,11.7,1009.7,0.0,23,3,3,76,32516.0,1949.0,Mixed
2016-03-17 00:00:00,Rat_lodging_Ben,208.93,12.8,0.0,11.7,1010.5,0.0,0,4,3,77,32516.0,1949.0,Mixed
2016-03-17 01:00:00,Rat_lodging_Ben,209.5,12.8,0.0,11.1,1011.2,1.5,1,4,3,77,32516.0,1949.0,Mixed
2016-03-17 02:00:00,Rat_lodging_Ben,201.45,12.2,0.0,9.4,1011.8,0.0,2,4,3,77,32516.0,1949.0,Mixed
2016-03-17 03:00:00,Rat_lodging_Ben,201.39,11.1,0.0,10.0,1012.1,0.0,3,4,3,77,32516.0,1949.0,Mixed
2016-03-17 04:00:00,Rat_lodging_Ben,204.3,10.0,0.0,8.3,1012.4,1.5,4,4,3,77,32516.0,1949.0,Mixed
2016-03-17 05:00:00,Rat_lodging_Ben,215.38,9.4,2.0,6.7,1012.7,2.6,5,4,3,77,32516.0,1949.0,Mixed
2016-03-17 06:00:00,Rat_lodging_Ben,259.87,10.0,2.0,6.1,1012.9,2.1,6,4,3,77,32516.0,1949.0,Mixed
2016-03-17 07:00:00,Rat_lodging_Ben,258.18,10.0,2.0,3.9,1013.4,2.6,7,4,3,77,32516.0,1949.0,Mixed
2016-03-17 08:00:00,Rat_lodging_Ben,277.92,11.7,2.0,7.8,1013.7,2.1,8,4,3,77,32516.0,1949.0,Mixed
2016-03-17 09:00:00,Rat_lodging_Ben,284.2,13.9,2.0,7.8,1013.5,2.6,9,4,3,77,32516.0,1949.0,Mixed
2016-03-17 10:00:00,Rat_lodging_Ben,288.79,16.7,4.0,6.1,1012.7,3.1,10,4,3,77,32516.0,1949.0,Mixed
2016-03-17 11:00:00,Rat_lodging_Ben,290.68,19.4,4.0,1.1,1012.0,5.1,11,4,3,77,32516.0,1949.0,Mixed
2016-03-17 12:00:00,Rat_lodging_Ben,278.79,18.9,5.0,0.0,1011.2,5.7,12,4,3,77,32516.0,1949.0,Mixed
2016-03-17 13:00:00,Rat_lodging_Ben,273.25,18.9,6.0,1.1,1010.2,6.2,13,4,3,77,32516.0,1949.0,Mixed
2016-03-17 14:00:00,Rat_lodging_Ben,278.71,19.4,6.0,1.7,1009.5,5.1,14,4,3,77,32516.0,1949.0,Mixed
2016-03-17 15:00:00,Rat_lodging_Ben,277.24,20.0,6.0,1.1,1008.8,5.1,15,4,3,77,32516.0,1949.0,Mixed
2016-03-17 16:00:00,Rat_lodging_Ben,266.17,17.2,6.0,1.7,1009.4,6.2,16,4,3,77,32516.0,1949.0,Mixed
2016-03-17 17:00:00,Rat_lodging_Ben,264.59,18.3,5.333333333333333,1.1,1009.8,6.2,17,4,3,77,32516.0,1949.0,Mixed
2016-03-17 18:00:00,Rat_lodging_Ben,265.21,16.7,4.666666666666667,0.6,1010.3,4.6,18,4,3,77,32516.0,1949.0,Mixed
2016-03-17 19:00:00,Rat_lodging_Ben,261.65,15.6,4.0,0.0,1011.0,5.1,19,4,3,77,32516.0,1949.0,Mixed
2016-03-17 20:00:00,Rat_lodging_Ben,271.16,15.6,4.0,-1.1,1011.6,3.6,20,4,3,77,32516.0,1949.0,Mixed
2016-03-17 21:00:00,Rat_lodging_Ben,257.74,15.0,2.0,-2.8,1012.1,5.1,21,4,3,77,32516.0,1949.0,Mixed
2016-03-17 22:00:00,Rat_lodging_Ben,226.47,13.9,6.0,-2.8,1012.3,2.6,22,4,3,77,32516.0,1949.0,Mixed
2016-03-17 23:00:00,Rat_lodging_Ben,219.05,13.3,4.0,-2.2,1012.4,2.1,23,4,3,77,32516.0,1949.0,Mixed
2016-03-18 00:00:00,Rat_lodging_Ben,210.88,13.3,2.0,-2.8,1012.6,5.7,0,5,3,78,32516.0,1949.0,Mixed
2016-03-18 01:00:00,Rat_lodging_Ben,205.87,13.3,4.0,-2.8,1012.7,3.6,1,5,3,78,32516.0,1949.0,Mixed
2016-03-18 02:00:00,Rat_lodging_Ben,203.05,12.2,0.0,-2.2,1012.9,4.1,2,5,3,78,32516.0,1949.0,Mixed
2016-03-18 03:00:00,Rat_lodging_Ben,205.9,11.7,0.0,-2.2,1012.7,2.6,3,5,3,78,32516.0,1949.0,Mixed
2016-03-18 04:00:00,Rat_lodging_Ben,205.4,9.4,0.0,-0.6,1012.7,3.1,4,5,3,78,32516.0,1949.0,Mixed
2016-03-18 05:00:00,Rat_lodging_Ben,219.48,10.6,0.0,-1.1,1013.1,2.1,5,5,3,78,32516.0,1949.0,Mixed
2016-03-18 06:00:00,Rat_lodging_Ben,252.28,10.0,2.0,-1.1,1013.2,1.5,6,5,3,78,32516.0,1949.0,Mixed
2016-03-18 07:00:00,Rat_lodging_Ben,250.55,10.6,2.0,-1.1,1013.7,2.6,7,5,3,78,32516.0,1949.0,Mixed
2016-03-18 08:00:00,Rat_lodging_Ben,261.47,12.8,2.0,-1.1,1014.3,2.1,8,5,3,78,32516.0,1949.0,Mixed
2016-03-18 09:00:00,Rat_lodging_Ben,280.85,13.9,2.0,-1.1,1014.4,3.6,9,5,3,78,32516.0,1949.0,Mixed
2016-03-18 10:00:00,Rat_lodging_Ben,289.05,15.6,2.0,-1.7,1014.5,5.7,10,5,3,78,32516.0,1949.0,Mixed
2016-03-18 11:00:00,Rat_lodging_Ben,290.72,16.7,3.0,-1.7,1014.3,6.2,11,5,3,78,32516.0,1949.0,Mixed
2016-03-18 12:00:00,Rat_lodging_Ben,283.85,17.2,4.0,-2.8,1013.8,8.8,12,5,3,78,32516.0,1949.0,Mixed
2016-03-18 13:00:00,Rat_lodging_Ben,287.12,18.3,4.0,-5.0,1013.0,8.2,13,5,3,78,32516.0,1949.0,Mixed
2016-03-18 14:00:00,Rat_lodging_Ben,288.49,18.3,4.0,-5.0,1012.3,8.2,14,5,3,78,32516.0,1949.0,Mixed
2016-03-18 15:00:00,Rat_lodging_Ben,296.81,18.9,4.0,-5.6,1011.8,5.7,15,5,3,78,32516.0,1949.0,Mixed
2016-03-18 16:00:00,Rat_lodging_Ben,280.33,18.9,4.0,-6.1,1011.9,9.8,16,5,3,78,32516.0,1949.0,Mixed
2016-03-18 17:00:00,Rat_lodging_Ben,268.64,18.3,2.0,-6.1,1012.1,6.2,17,5,3,78,32516.0,1949.0,Mixed
2016-03-18 18:00:00,Rat_lodging_Ben,259.75,17.8,2.0,-6.7,1012.6,6.7,18,5,3,78,32516.0,1949.0,Mixed
2016-03-18 19:00:00,Rat_lodging_Ben,258.95,16.1,2.0,-6.1,1013.0,4.1,19,5,3,78,32516.0,1949.0,Mixed
2016-03-18 20:00:00,Rat_lodging_Ben,260.17,15.6,0.0,-5.6,1013.4,3.1,20,5,3,78,32516.0,1949.0,Mixed
2016-03-18 21:00:00,Rat_lodging_Ben,248.81,15.0,2.0,-5.6,1014.1,2.1,21,5,3,78,32516.0,1949.0,Mixed
2016-03-18 22:00:00,Rat_lodging_Ben,220.45,14.4,2.0,-5.0,1014.5,4.6,22,5,3,78,32516.0,1949.0,Mixed
2016-03-18 23:00:00,Rat_lodging_Ben,218.04,13.9,2.0,-5.6,1014.5,2.6,23,5,3,78,32516.0,1949.0,Mixed
2016-03-19 00:00:00,Rat_lodging_Ben,217.3,14.4,0.0,-6.1,1014.8,5.1,0,6,3,79,32516.0,1949.0,Mixed
2016-03-19 01:00:00,Rat_lodging_Ben,210.8,11.7,4.0,-3.9,1016.0,5.7,1,6,3,79,32516.0,1949.0,Mixed
2016-03-19 02:00:00,Rat_lodging_Ben,207.62,10.6,3.0,-3.3,1017.0,7.2,2,6,3,79,32516.0,1949.0,Mixed
2016-03-19 03:00:00,Rat_lodging_Ben,207.77,10.0,2.0,-2.2,1016.7,7.2,3,6,3,79,32516.0,1949.0,Mixed
2016-03-19 04:00:00,Rat_lodging_Ben,202.72,8.9,4.0,-1.1,1017.5,4.1,4,6,3,79,32516.0,1949.0,Mixed
2016-03-19 05:00:00,Rat_lodging_Ben,210.94,8.3,5.333333333333333,-0.6,1018.2,5.1,5,6,3,79,32516.0,1949.0,Mixed
2016-03-19 06:00:00,Rat_lodging_Ben,243.24,7.8,6.666666666666666,-0.6,1018.9,4.1,6,6,3,79,32516.0,1949.0,Mixed
2016-03-19 07:00:00,Rat_lodging_Ben,250.63,7.8,8.0,0.0,1019.4,5.1,7,6,3,79,32516.0,1949.0,Mixed
2016-03-19 08:00:00,Rat_lodging_Ben,258.05,7.2,8.0,0.0,1020.4,5.1,8,6,3,79,32516.0,1949.0,Mixed
2016-03-19 09:00:00,Rat_lodging_Ben,258.33,7.8,8.0,0.0,1019.6,7.7,9,6,3,79,32516.0,1949.0,Mixed
2016-03-19 10:00:00,Rat_lodging_Ben,254.2,7.2,8.0,-0.6,1020.2,6.2,10,6,3,79,32516.0,1949.0,Mixed
2016-03-19 11:00:00,Rat_lodging_Ben,255.07,6.7,8.0,0.6,1019.9,5.1,11,6,3,79,32516.0,1949.0,Mixed
2016-03-19 12:00:00,Rat_lodging_Ben,257.72,5.6,8.0,1.7,1019.9,5.1,12,6,3,79,32516.0,1949.0,Mixed
2016-03-19 13:00:00,Rat_lodging_Ben,260.92,5.6,8.0,2.2,1019.8,3.6,13,6,3,79,32516.0,1949.0,Mixed
2016-03-19 14:00:00,Rat_lodging_Ben,256.98,5.0,8.0,1.7,1019.1,4.1,14,6,3,79,32516.0,1949.0,Mixed
2016-03-19 15:00:00,Rat_lodging_Ben,256.03,4.4,8.0,1.7,1018.8,4.6,15,6,3,79,32516.0,1949.0,Mixed
2016-03-19 16:00:00,Rat_lodging_Ben,254.06,3.9,8.0,1.7,1018.2,5.1,16,6,3,79,32516.0,1949.0,Mixed
2016-03-19 17:00:00,Rat_lodging_Ben,245.15,3.9,8.0,1.7,1019.5,4.1,17,6,3,79,32516.0,1949.0,Mixed
2016-03-19 18:00:00,Rat_lodging_Ben,239.98,3.3,8.0,1.7,1018.7,4.6,18,6,3,79,32516.0,1949.0,Mixed
2016-03-19 19:00:00,Rat_lodging_Ben,243.01,3.3,8.0,1.7,1019.5,4.6,19,6,3,79,32516.0,1949.0,Mixed
2016-03-19 20:00:00,Rat_lodging_Ben,247.52,3.3,8.0,1.1,1019.55,5.7,20,6,3,79,32516.0,1949.0,Mixed
2016-03-19 21:00:00,Rat_lodging_Ben,242.54,3.3,8.0,1.1,1019.6,4.6,21,6,3,79,32516.0,1949.0,Mixed
2016-03-19 22:00:00,Rat_lodging_Ben,222.37,3.3,8.0,0.6,1019.4,4.6,22,6,3,79,32516.0,1949.0,Mixed
2016-03-19 23:00:00,Rat_lodging_Ben,216.46,3.3,8.0,0.6,1019.2,5.1,23,6,3,79,32516.0,1949.0,Mixed
2016-03-20 00:00:00,Rat_lodging_Ben,211.95,3.9,8.0,0.0,1018.8,2.6,0,7,3,80,32516.0,1949.0,Mixed
2016-03-20 01:00:00,Rat_lodging_Ben,211.89,3.9,8.0,0.0,1018.9,2.1,1,7,3,80,32516.0,1949.0,Mixed
2016-03-20 02:00:00,Rat_lodging_Ben,208.39,4.4,8.0,-0.6,1018.9,1.5,2,7,3,80,32516.0,1949.0,Mixed
2016-03-20 03:00:00,Rat_lodging_Ben,204.64,3.9,8.0,1.1,1018.0,1.5,3,7,3,80,32516.0,1949.0,Mixed
2016-03-20 04:00:00,Rat_lodging_Ben,202.63,3.9,8.0,1.1,1018.1,3.1,4,7,3,80,32516.0,1949.0,Mixed
2016-03-20 05:00:00,Rat_lodging_Ben,211.84,3.9,8.0,1.7,1018.3,3.1,5,7,3,80,32516.0,1949.0,Mixed
2016-03-20 06:00:00,Rat_lodging_Ben,239.62,4.4,8.0,0.6,1018.8,3.6,6,7,3,80,32516.0,1949.0,Mixed
2016-03-20 07:00:00,Rat_lodging_Ben,245.87,4.4,8.0,-0.6,1018.6,5.1,7,7,3,80,32516.0,1949.0,Mixed
2016-03-20 08:00:00,Rat_lodging_Ben,256.4,4.4,8.0,-1.7,1018.7,5.1,8,7,3,80,32516.0,1949.0,Mixed
2016-03-20 09:00:00,Rat_lodging_Ben,259.93,5.0,8.0,-1.1,1018.4,6.2,9,7,3,80,32516.0,1949.0,Mixed
2016-03-20 10:00:00,Rat_lodging_Ben,252.75,6.1,8.0,-1.1,1018.7,6.2,10,7,3,80,32516.0,1949.0,Mixed
2016-03-20 11:00:00,Rat_lodging_Ben,249.36,6.1,8.0,-1.1,1018.1,5.7,11,7,3,80,32516.0,1949.0,Mixed
2016-03-20 12:00:00,Rat_lodging_Ben,247.51,5.6,8.0,-1.7,1017.6,5.7,12,7,3,80,32516.0,1949.0,Mixed
2016-03-20 13:00:00,Rat_lodging_Ben,246.43,5.0,8.0,0.0,1016.6,6.2,13,7,3,80,32516.0,1949.0,Mixed
2016-03-20 14:00:00,Rat_lodging_Ben,251.35,5.0,8.0,-0.6,1016.5,5.1,14,7,3,80,32516.0,1949.0,Mixed
2016-03-20 15:00:00,Rat_lodging_Ben,251.16,4.4,8.0,0.0,1016.3,4.6,15,7,3,80,32516.0,1949.0,Mixed
2016-03-20 16:00:00,Rat_lodging_Ben,245.24,5.0,8.0,-0.6,1015.2,5.7,16,7,3,80,32516.0,1949.0,Mixed
2016-03-20 17:00:00,Rat_lodging_Ben,240.23,5.0,8.0,-1.1,1015.0,5.1,17,7,3,80,32516.0,1949.0,Mixed
2016-03-20 18:00:00,Rat_lodging_Ben,243.18,4.4,8.0,-0.6,1014.7,4.6,18,7,3,80,32516.0,1949.0,Mixed
2016-03-20 19:00:00,Rat_lodging_Ben,246.91,4.4,8.0,-0.6,1015.3,4.1,19,7,3,80,32516.0,1949.0,Mixed
2016-03-20 20:00:00,Rat_lodging_Ben,253.48,3.9,8.0,-1.1,1015.3,4.6,20,7,3,80,32516.0,1949.0,Mixed
2016-03-20 21:00:00,Rat_lodging_Ben,248.07,3.9,8.0,-0.6,1015.5,4.6,21,7,3,80,32516.0,1949.0,Mixed
2016-03-20 22:00:00,Rat_lodging_Ben,224.94,3.3,8.0,-0.6,1015.4,5.1,22,7,3,80,32516.0,1949.0,Mixed
2016-03-20 23:00:00,Rat_lodging_Ben,217.27,2.8,7.333333333333333,0.0,1015.1,2.6,23,7,3,80,32516.0,1949.0,Mixed
2016-03-21 00:00:00,Rat_lodging_Ben,215.46,3.3,6.666666666666667,0.0,1014.4,2.6,0,1,3,81,32516.0,1949.0,Mixed
2016-03-21 01:00:00,Rat_lodging_Ben,208.76,2.8,6.0,-0.6,1013.8,2.6,1,1,3,81,32516.0,1949.0,Mixed
2016-03-21 02:00:00,Rat_lodging_Ben,205.21,2.8,6.666666666666667,-0.6,1013.4,1.5,2,1,3,81,32516.0,1949.0,Mixed
2016-03-21 03:00:00,Rat_lodging_Ben,202.01,3.3,7.333333333333333,-0.6,1012.5,2.6,3,1,3,81,32516.0,1949.0,Mixed
2016-03-21 04:00:00,Rat_lodging_Ben,200.9,3.3,8.0,-1.7,1012.4,1.5,4,1,3,81,32516.0,1949.0,Mixed
2016-03-21 05:00:00,Rat_lodging_Ben,219.92,3.3,6.0,-1.1,1012.7,1.5,5,1,3,81,32516.0,1949.0,Mixed
2016-03-21 06:00:00,Rat_lodging_Ben,259.63,3.9,4.0,-1.7,1013.4,6.2,6,1,3,81,32516.0,1949.0,Mixed
2016-03-21 07:00:00,Rat_lodging_Ben,266.51,4.4,6.0,-1.7,1014.4,3.6,7,1,3,81,32516.0,1949.0,Mixed
2016-03-21 08:00:00,Rat_lodging_Ben,258.59,5.0,4.0,-2.2,1014.6,5.1,8,1,3,81,32516.0,1949.0,Mixed
2016-03-21 09:00:00,Rat_lodging_Ben,267.35,6.1,2.0,-5.0,1015.1,7.7,9,1,3,81,32516.0,1949.0,Mixed
2016-03-21 10:00:00,Rat_lodging_Ben,281.44,7.8,2.0,-4.4,1015.7,7.7,10,1,3,81,32516.0,1949.0,Mixed
2016-03-21 11:00:00,Rat_lodging_Ben,281.1,7.8,2.0,-7.8,1016.0,10.3,11,1,3,81,32516.0,1949.0,Mixed
2016-03-21 12:00:00,Rat_lodging_Ben,260.48,8.9,2.0,-6.7,1015.5,7.7,12,1,3,81,32516.0,1949.0,Mixed
2016-03-21 13:00:00,Rat_lodging_Ben,265.46,10.0,4.0,-5.6,1015.2,7.2,13,1,3,81,32516.0,1949.0,Mixed
2016-03-21 14:00:00,Rat_lodging_Ben,270.3,10.6,4.0,-6.7,1014.7,8.8,14,1,3,81,32516.0,1949.0,Mixed
2016-03-21 15:00:00,Rat_lodging_Ben,272.13,11.1,4.0,-6.7,1014.5,4.6,15,1,3,81,32516.0,1949.0,Mixed
2016-03-21 16:00:00,Rat_lodging_Ben,261.66,11.1,4.0,-7.8,1014.2,7.7,16,1,3,81,32516.0,1949.0,Mixed
2016-03-21 17:00:00,Rat_lodging_Ben,254.89,11.1,4.0,-7.8,1014.8,5.7,17,1,3,81,32516.0,1949.0,Mixed
2016-03-21 18:00:00,Rat_lodging_Ben,248.75,10.0,2.0,-8.3,1016.4,8.2,18,1,3,81,32516.0,1949.0,Mixed
2016-03-21 19:00:00,Rat_lodging_Ben,265.79,8.3,2.0,-7.8,1018.2,7.2,19,1,3,81,32516.0,1949.0,Mixed
2016-03-21 20:00:00,Rat_lodging_Ben,266.41,7.8,2.0,-7.8,1019.5,4.6,20,1,3,81,32516.0,1949.0,Mixed
2016-03-21 21:00:00,Rat_lodging_Ben,247.55,7.2,0.0,-7.2,1020.2,3.1,21,1,3,81,32516.0,1949.0,Mixed
2016-03-21 22:00:00,Rat_lodging_Ben,226.47,6.7,2.0,-7.2,1020.6,1.5,22,1,3,81,32516.0,1949.0,Mixed
2016-03-21 23:00:00,Rat_lodging_Ben,213.58,6.1,2.0,-6.1,1020.9,1.5,23,1,3,81,32516.0,1949.0,Mixed
2016-03-22 00:00:00,Rat_lodging_Ben,211.11,5.0,2.0,-6.1,1021.2,1.5,0,2,3,82,32516.0,1949.0,Mixed
2016-03-22 01:00:00,Rat_lodging_Ben,205.3,4.4,2.0,-4.4,1021.4,1.5,1,2,3,82,32516.0,1949.0,Mixed
2016-03-22 02:00:00,Rat_lodging_Ben,200.48,2.2,2.0,-3.9,1021.9,2.6,2,2,3,82,32516.0,1949.0,Mixed
2016-03-22 03:00:00,Rat_lodging_Ben,201.43,2.8,2.0,-3.3,1021.9,1.5,3,2,3,82,32516.0,1949.0,Mixed
2016-03-22 04:00:00,Rat_lodging_Ben,201.07,2.8,2.0,-3.3,1022.6,0.0,4,2,3,82,32516.0,1949.0,Mixed
2016-03-22 05:00:00,Rat_lodging_Ben,229.71,2.8,3.333333333333333,-3.3,1023.0,1.5,5,2,3,82,32516.0,1949.0,Mixed
2016-03-22 06:00:00,Rat_lodging_Ben,260.05,2.8,4.666666666666666,-2.8,1023.3,1.5,6,2,3,82,32516.0,1949.0,Mixed
2016-03-22 07:00:00,Rat_lodging_Ben,255.83,3.3,6.0,-1.7,1023.7,0.0,7,2,3,82,32516.0,1949.0,Mixed
2016-03-22 08:00:00,Rat_lodging_Ben,257.04,5.6,6.666666666666667,0.0,1024.4,3.6,8,2,3,82,32516.0,1949.0,Mixed
2016-03-22 09:00:00,Rat_lodging_Ben,268.07,6.7,7.333333333333333,0.0,1024.5,4.6,9,2,3,82,32516.0,1949.0,Mixed
2016-03-22 10:00:00,Rat_lodging_Ben,270.04,8.3,8.0,-1.1,1024.5,3.6,10,2,3,82,32516.0,1949.0,Mixed
2016-03-22 11:00:00,Rat_lodging_Ben,276.64,11.1,6.666666666666667,-1.7,1023.6,5.1,11,2,3,82,32516.0,1949.0,Mixed
2016-03-22 12:00:00,Rat_lodging_Ben,275.42,12.8,5.333333333333334,-1.7,1022.7,5.7,12,2,3,82,32516.0,1949.0,Mixed
2016-03-22 13:00:00,Rat_lodging_Ben,275.1,14.4,4.0,-1.7,1021.5,6.7,13,2,3,82,32516.0,1949.0,Mixed
2016-03-22 14:00:00,Rat_lodging_Ben,285.66,15.0,4.0,-1.7,1020.2,7.2,14,2,3,82,32516.0,1949.0,Mixed
2016-03-22 15:00:00,Rat_lodging_Ben,288.23,16.1,2.0,-1.7,1019.1,7.2,15,2,3,82,32516.0,1949.0,Mixed
2016-03-22 16:00:00,Rat_lodging_Ben,286.21,16.1,6.0,-1.7,1018.2,7.2,16,2,3,82,32516.0,1949.0,Mixed
2016-03-22 17:00:00,Rat_lodging_Ben,283.9,16.7,4.0,-2.2,1017.5,6.2,17,2,3,82,32516.0,1949.0,Mixed
2016-03-22 18:00:00,Rat_lodging_Ben,279.24,15.6,4.363636363636363,-1.1,1017.1,5.1,18,2,3,82,32516.0,1949.0,Mixed
2016-03-22 19:00:00,Rat_lodging_Ben,271.65,13.9,4.7272727272727275,1.7,1016.9,5.1,19,2,3,82,32516.0,1949.0,Mixed
2016-03-22 20:00:00,Rat_lodging_Ben,268.4,13.3,5.090909090909091,2.2,1016.6,5.7,20,2,3,82,32516.0,1949.0,Mixed
2016-03-22 21:00:00,Rat_lodging_Ben,256.61,12.2,5.090909090909091,3.3,1016.4,6.2,21,2,3,82,32516.0,1949.0,Mixed
2016-03-22 22:00:00,Rat_lodging_Ben,232.25,13.3,5.090909090909091,-1.1,1016.3,7.2,22,2,3,82,32516.0,1949.0,Mixed
2016-03-22 23:00:00,Rat_lodging_Ben,215.55,13.3,5.090909090909091,-0.6,1016.0,7.2,23,2,3,82,32516.0,1949.0,Mixed
2016-03-23 00:00:00,Rat_lodging_Ben,214.5,13.3,5.090909090909091,-0.6,1015.7,8.2,0,3,3,83,32516.0,1949.0,Mixed
2016-03-23 01:00:00,Rat_lodging_Ben,211.55,13.9,5.090909090909091,-1.1,1015.7,7.2,1,3,3,83,32516.0,1949.0,Mixed
2016-03-23 02:00:00,Rat_lodging_Ben,206.8,13.3,5.090909090909091,-0.6,1015.2,5.1,2,3,3,83,32516.0,1949.0,Mixed
2016-03-23 03:00:00,Rat_lodging_Ben,209.82,13.3,5.090909090909091,-0.6,1015.2,4.6,3,3,3,83,32516.0,1949.0,Mixed
2016-03-23 04:00:00,Rat_lodging_Ben,210.57,12.8,8.0,-0.6,1015.3,4.1,4,3,3,83,32516.0,1949.0,Mixed
2016-03-23 05:00:00,Rat_lodging_Ben,229.6,12.2,8.0,-0.6,1015.4,4.1,5,3,3,83,32516.0,1949.0,Mixed
2016-03-23 06:00:00,Rat_lodging_Ben,268.8,12.2,8.0,0.0,1016.0,4.1,6,3,3,83,32516.0,1949.0,Mixed
2016-03-23 07:00:00,Rat_lodging_Ben,268.13,12.2,8.0,0.6,1016.9,3.6,7,3,3,83,32516.0,1949.0,Mixed
2016-03-23 08:00:00,Rat_lodging_Ben,281.52,13.3,8.0,0.6,1017.1,5.1,8,3,3,83,32516.0,1949.0,Mixed
2016-03-23 09:00:00,Rat_lodging_Ben,281.03,14.4,8.0,3.9,1017.4,4.1,9,3,3,83,32516.0,1949.0,Mixed
2016-03-23 10:00:00,Rat_lodging_Ben,291.56,15.0,8.0,4.4,1017.6,5.7,10,3,3,83,32516.0,1949.0,Mixed
2016-03-23 11:00:00,Rat_lodging_Ben,298.29,16.1,8.0,4.4,1017.5,6.2,11,3,3,83,32516.0,1949.0,Mixed
2016-03-23 12:00:00,Rat_lodging_Ben,301.3,19.4,8.0,4.4,1016.4,5.1,12,3,3,83,32516.0,1949.0,Mixed
2016-03-23 13:00:00,Rat_lodging_Ben,307.28,21.1,8.0,1.7,1015.7,7.7,13,3,3,83,32516.0,1949.0,Mixed
2016-03-23 14:00:00,Rat_lodging_Ben,317.93,21.1,6.0,3.3,1014.5,7.2,14,3,3,83,32516.0,1949.0,Mixed
2016-03-23 15:00:00,Rat_lodging_Ben,317.98,23.3,4.0,2.2,1014.4,6.2,15,3,3,83,32516.0,1949.0,Mixed
2016-03-23 16:00:00,Rat_lodging_Ben,302.13,22.2,6.0,3.9,1013.9,7.7,16,3,3,83,32516.0,1949.0,Mixed
2016-03-23 17:00:00,Rat_lodging_Ben,291.1,21.7,4.666666666666667,3.3,1013.9,5.7,17,3,3,83,32516.0,1949.0,Mixed
2016-03-23 18:00:00,Rat_lodging_Ben,290.34,20.0,3.3333333333333335,3.9,1014.3,5.1,18,3,3,83,32516.0,1949.0,Mixed
2016-03-23 19:00:00,Rat_lodging_Ben,294.24,18.3,2.0,3.3,1014.3,4.1,19,3,3,83,32516.0,1949.0,Mixed
2016-03-23 20:00:00,Rat_lodging_Ben,288.83,16.1,2.0,3.9,1014.7,4.1,20,3,3,83,32516.0,1949.0,Mixed
2016-03-23 21:00:00,Rat_lodging_Ben,288.07,15.6,0.0,5.0,1015.2,4.6,21,3,3,83,32516.0,1949.0,Mixed
2016-03-23 22:00:00,Rat_lodging_Ben,257.41,15.6,0.0,3.9,1015.2,4.6,22,3,3,83,32516.0,1949.0,Mixed
2016-03-23 23:00:00,Rat_lodging_Ben,244.51,15.0,0.0,5.0,1015.2,5.1,23,3,3,83,32516.0,1949.0,Mixed
2016-03-24 00:00:00,Rat_lodging_Ben,241.56,16.1,2.0,1.7,1015.3,5.7,0,4,3,84,32516.0,1949.0,Mixed
2016-03-24 01:00:00,Rat_lodging_Ben,232.17,15.0,0.0,1.7,1015.4,4.1,1,4,3,84,32516.0,1949.0,Mixed
2016-03-24 02:00:00,Rat_lodging_Ben,219.21,13.9,2.0,3.3,1015.2,2.6,2,4,3,84,32516.0,1949.0,Mixed
2016-03-24 03:00:00,Rat_lodging_Ben,216.32,15.0,4.0,2.2,1015.3,0.0,3,4,3,84,32516.0,1949.0,Mixed
2016-03-24 04:00:00,Rat_lodging_Ben,217.84,12.2,4.0,3.9,1015.6,0.0,4,4,3,84,32516.0,1949.0,Mixed
2016-03-24 05:00:00,Rat_lodging_Ben,224.8,10.0,4.0,6.1,1016.1,3.6,5,4,3,84,32516.0,1949.0,Mixed
2016-03-24 06:00:00,Rat_lodging_Ben,273.95,13.3,4.0,3.3,1016.4,3.1,6,4,3,84,32516.0,1949.0,Mixed
2016-03-24 07:00:00,Rat_lodging_Ben,277.14,11.7,6.0,3.9,1016.6,2.1,7,4,3,84,32516.0,1949.0,Mixed
2016-03-24 08:00:00,Rat_lodging_Ben,273.5,14.4,4.0,5.6,1016.8,3.1,8,4,3,84,32516.0,1949.0,Mixed
2016-03-24 09:00:00,Rat_lodging_Ben,282.74,15.6,5.0,6.7,1016.3,4.6,9,4,3,84,32516.0,1949.0,Mixed
2016-03-24 10:00:00,Rat_lodging_Ben,288.44,17.2,6.0,7.2,1016.3,5.7,10,4,3,84,32516.0,1949.0,Mixed
2016-03-24 11:00:00,Rat_lodging_Ben,297.47,19.4,6.666666666666667,6.7,1015.2,5.1,11,4,3,84,32516.0,1949.0,Mixed
2016-03-24 12:00:00,Rat_lodging_Ben,296.04,20.6,7.333333333333333,7.2,1014.3,5.1,12,4,3,84,32516.0,1949.0,Mixed
2016-03-24 13:00:00,Rat_lodging_Ben,301.56,22.2,8.0,7.8,1013.1,5.1,13,4,3,84,32516.0,1949.0,Mixed
2016-03-24 14:00:00,Rat_lodging_Ben,297.43,24.4,7.333333333333333,7.2,1011.7,5.7,14,4,3,84,32516.0,1949.0,Mixed
2016-03-24 15:00:00,Rat_lodging_Ben,296.27,25.0,6.666666666666667,6.7,1010.4,8.8,15,4,3,84,32516.0,1949.0,Mixed
2016-03-24 16:00:00,Rat_lodging_Ben,294.12,25.0,6.0,8.3,1009.3,9.8,16,4,3,84,32516.0,1949.0,Mixed
2016-03-24 17:00:00,Rat_lodging_Ben,281.65,23.3,4.666666666666667,8.9,1008.4,8.2,17,4,3,84,32516.0,1949.0,Mixed
2016-03-24 18:00:00,Rat_lodging_Ben,276.4,21.7,3.3333333333333335,8.9,1007.7,7.2,18,4,3,84,32516.0,1949.0,Mixed
2016-03-24 19:00:00,Rat_lodging_Ben,284.17,20.0,2.0,9.4,1008.0,5.1,19,4,3,84,32516.0,1949.0,Mixed
2016-03-24 20:00:00,Rat_lodging_Ben,282.16,18.3,0.0,10.0,1008.0,6.2,20,4,3,84,32516.0,1949.0,Mixed
2016-03-24 21:00:00,Rat_lodging_Ben,269.78,18.9,0.0,9.4,1008.4,6.7,21,4,3,84,32516.0,1949.0,Mixed
2016-03-24 22:00:00,Rat_lodging_Ben,247.81,19.4,4.0,9.4,1008.0,7.7,22,4,3,84,32516.0,1949.0,Mixed
2016-03-24 23:00:00,Rat_lodging_Ben,242.14,19.4,4.0,9.4,1007.4,7.7,23,4,3,84,32516.0,1949.0,Mixed
2016-03-25 00:00:00,Rat_lodging_Ben,232.11,18.3,6.0,10.6,1007.2,7.2,0,5,3,85,32516.0,1949.0,Mixed
2016-03-25 01:00:00,Rat_lodging_Ben,226.21,18.3,8.0,11.7,1006.9,6.7,1,5,3,85,32516.0,1949.0,Mixed
2016-03-25 02:00:00,Rat_lodging_Ben,228.02,20.0,8.0,12.8,1006.2,7.7,2,5,3,85,32516.0,1949.0,Mixed
2016-03-25 03:00:00,Rat_lodging_Ben,228.39,19.4,8.0,13.3,1005.5,8.8,3,5,3,85,32516.0,1949.0,Mixed
2016-03-25 04:00:00,Rat_lodging_Ben,235.01,18.9,8.0,13.3,1005.5,9.3,4,5,3,85,32516.0,1949.0,Mixed
2016-03-25 05:00:00,Rat_lodging_Ben,253.26,18.9,7.333333333333333,13.9,1005.7,9.3,5,5,3,85,32516.0,1949.0,Mixed
2016-03-25 06:00:00,Rat_lodging_Ben,282.57,17.2,6.666666666666667,13.3,1006.0,6.2,6,5,3,85,32516.0,1949.0,Mixed
2016-03-25 07:00:00,Rat_lodging_Ben,284.1,17.8,6.0,14.4,1006.6,3.6,7,5,3,85,32516.0,1949.0,Mixed
2016-03-25 08:00:00,Rat_lodging_Ben,286.2,18.9,6.666666666666667,14.4,1006.6,4.6,8,5,3,85,32516.0,1949.0,Mixed
2016-03-25 09:00:00,Rat_lodging_Ben,297.46,20.6,7.333333333333333,15.0,1006.9,7.2,9,5,3,85,32516.0,1949.0,Mixed
2016-03-25 10:00:00,Rat_lodging_Ben,304.69,20.6,8.0,15.0,1007.6,5.7,10,5,3,85,32516.0,1949.0,Mixed
2016-03-25 11:00:00,Rat_lodging_Ben,302.29,18.3,8.0,13.9,1008.2,3.6,11,5,3,85,32516.0,1949.0,Mixed
2016-03-25 12:00:00,Rat_lodging_Ben,297.79,19.4,8.0,11.1,1008.5,5.1,12,5,3,85,32516.0,1949.0,Mixed
2016-03-25 13:00:00,Rat_lodging_Ben,291.87,20.0,8.0,11.1,1008.8,4.1,13,5,3,85,32516.0,1949.0,Mixed
2016-03-25 14:00:00,Rat_lodging_Ben,291.07,21.1,8.0,9.4,1009.0,4.6,14,5,3,85,32516.0,1949.0,Mixed
2016-03-25 15:00:00,Rat_lodging_Ben,297.29,20.0,8.0,7.2,1009.2,7.2,15,5,3,85,32516.0,1949.0,Mixed
2016-03-25 16:00:00,Rat_lodging_Ben,282.79,19.4,8.0,6.7,1010.1,6.2,16,5,3,85,32516.0,1949.0,Mixed
2016-03-25 17:00:00,Rat_lodging_Ben,278.94,18.3,8.0,5.6,1011.4,8.2,17,5,3,85,32516.0,1949.0,Mixed
2016-03-25 18:00:00,Rat_lodging_Ben,270.29,17.2,8.0,5.0,1012.9,8.2,18,5,3,85,32516.0,1949.0,Mixed
2016-03-25 19:00:00,Rat_lodging_Ben,270.74,15.6,8.0,4.4,1014.4,9.8,19,5,3,85,32516.0,1949.0,Mixed
2016-03-25 20:00:00,Rat_lodging_Ben,257.58,13.9,7.333333333333333,3.9,1016.2,7.2,20,5,3,85,32516.0,1949.0,Mixed
2016-03-25 21:00:00,Rat_lodging_Ben,242.64,12.2,6.666666666666667,2.8,1017.2,7.2,21,5,3,85,32516.0,1949.0,Mixed
2016-03-25 22:00:00,Rat_lodging_Ben,228.09,11.1,6.0,2.2,1018.2,9.3,22,5,3,85,32516.0,1949.0,Mixed
2016-03-25 23:00:00,Rat_lodging_Ben,215.48,10.0,5.333333333333333,1.1,1019.4,7.2,23,5,3,85,32516.0,1949.0,Mixed
2016-03-26 00:00:00,Rat_lodging_Ben,215.32,9.4,4.666666666666667,0.6,1019.8,7.7,0,6,3,86,32516.0,1949.0,Mixed
2016-03-26 01:00:00,Rat_lodging_Ben,214.15,8.9,4.0,0.6,1020.6,6.2,1,6,3,86,32516.0,1949.0,Mixed
2016-03-26 02:00:00,Rat_lodging_Ben,209.7,8.3,4.0,0.0,1021.4,6.2,2,6,3,86,32516.0,1949.0,Mixed
2016-03-26 03:00:00,Rat_lodging_Ben,207.61,7.2,2.0,0.0,1021.9,5.7,3,6,3,86,32516.0,1949.0,Mixed
2016-03-26 04:00:00,Rat_lodging_Ben,210.68,6.1,4.0,-1.1,1022.5,6.2,4,6,3,86,32516.0,1949.0,Mixed
2016-03-26 05:00:00,Rat_lodging_Ben,220.29,5.6,4.0,-1.7,1023.3,5.7,5,6,3,86,32516.0,1949.0,Mixed
2016-03-26 06:00:00,Rat_lodging_Ben,238.59,5.0,4.0,-1.7,1024.2,6.2,6,6,3,86,32516.0,1949.0,Mixed
2016-03-26 07:00:00,Rat_lodging_Ben,241.61,5.0,4.0,-1.7,1025.4,5.7,7,6,3,86,32516.0,1949.0,Mixed
2016-03-26 08:00:00,Rat_lodging_Ben,245.63,6.1,4.0,-1.7,1026.4,6.2,8,6,3,86,32516.0,1949.0,Mixed
2016-03-26 09:00:00,Rat_lodging_Ben,259.67,7.2,2.0,-1.1,1026.8,3.1,9,6,3,86,32516.0,1949.0,Mixed
2016-03-26 10:00:00,Rat_lodging_Ben,251.9,8.9,2.0,-1.1,1027.2,0.0,10,6,3,86,32516.0,1949.0,Mixed
2016-03-26 11:00:00,Rat_lodging_Ben,258.14,10.0,2.0,-0.6,1026.8,1.5,11,6,3,86,32516.0,1949.0,Mixed
2016-03-26 12:00:00,Rat_lodging_Ben,261.19,11.1,0.0,0.0,1026.2,0.0,12,6,3,86,32516.0,1949.0,Mixed
2016-03-26 13:00:00,Rat_lodging_Ben,263.77,12.8,0.0,1.1,1025.8,2.1,13,6,3,86,32516.0,1949.0,Mixed
2016-03-26 14:00:00,Rat_lodging_Ben,269.69,14.4,2.0,1.7,1024.8,1.5,14,6,3,86,32516.0,1949.0,Mixed
2016-03-26 15:00:00,Rat_lodging_Ben,274.98,15.0,4.0,1.7,1024.5,0.0,15,6,3,86,32516.0,1949.0,Mixed
2016-03-26 16:00:00,Rat_lodging_Ben,267.24,16.1,6.0,2.2,1024.0,0.0,16,6,3,86,32516.0,1949.0,Mixed
2016-03-26 17:00:00,Rat_lodging_Ben,248.15,15.6,6.666666666666667,2.8,1024.2,0.0,17,6,3,86,32516.0,1949.0,Mixed
2016-03-26 18:00:00,Rat_lodging_Ben,244.71,13.3,7.333333333333333,3.3,1025.3,4.1,18,6,3,86,32516.0,1949.0,Mixed
2016-03-26 19:00:00,Rat_lodging_Ben,256.32,12.8,8.0,2.8,1025.7,2.6,19,6,3,86,32516.0,1949.0,Mixed
2016-03-26 20:00:00,Rat_lodging_Ben,261.42,13.3,8.0,4.4,1026.2,2.1,20,6,3,86,32516.0,1949.0,Mixed
2016-03-26 21:00:00,Rat_lodging_Ben,256.96,13.3,8.0,5.0,1026.5,3.1,21,6,3,86,32516.0,1949.0,Mixed
2016-03-26 22:00:00,Rat_lodging_Ben,234.05,12.8,8.0,5.6,1026.4,3.1,22,6,3,86,32516.0,1949.0,Mixed
2016-03-26 23:00:00,Rat_lodging_Ben,224.45,12.2,8.0,6.7,1027.1,4.6,23,6,3,86,32516.0,1949.0,Mixed
2016-03-27 00:00:00,Rat_lodging_Ben,218.93,11.7,8.0,6.7,1027.3,4.1,0,7,3,87,32516.0,1949.0,Mixed
2016-03-27 01:00:00,Rat_lodging_Ben,216.3,11.1,8.0,5.0,1027.1,3.6,1,7,3,87,32516.0,1949.0,Mixed
2016-03-27 02:00:00,Rat_lodging_Ben,214.89,10.6,5.0,5.6,1026.9,3.6,2,7,3,87,32516.0,1949.0,Mixed
2016-03-27 03:00:00,Rat_lodging_Ben,213.41,10.0,2.0,5.0,1026.3,3.1,3,7,3,87,32516.0,1949.0,Mixed
2016-03-27 04:00:00,Rat_lodging_Ben,215.68,10.0,8.0,5.0,1025.9,3.1,4,7,3,87,32516.0,1949.0,Mixed
2016-03-27 05:00:00,Rat_lodging_Ben,220.89,9.4,4.0,5.6,1026.0,3.6,5,7,3,87,32516.0,1949.0,Mixed
2016-03-27 06:00:00,Rat_lodging_Ben,247.67,9.4,6.0,6.1,1026.7,2.6,6,7,3,87,32516.0,1949.0,Mixed
2016-03-27 07:00:00,Rat_lodging_Ben,255.36,10.0,8.0,6.7,1027.1,2.1,7,7,3,87,32516.0,1949.0,Mixed
2016-03-27 08:00:00,Rat_lodging_Ben,258.3,10.6,8.0,7.2,1027.2,2.6,8,7,3,87,32516.0,1949.0,Mixed
2016-03-27 09:00:00,Rat_lodging_Ben,261.83,10.6,8.0,7.8,1026.9,3.1,9,7,3,87,32516.0,1949.0,Mixed
2016-03-27 10:00:00,Rat_lodging_Ben,268.73,11.1,8.0,7.8,1027.1,2.1,10,7,3,87,32516.0,1949.0,Mixed
2016-03-27 11:00:00,Rat_lodging_Ben,271.17,12.2,8.0,7.8,1026.7,1.5,11,7,3,87,32516.0,1949.0,Mixed
2016-03-27 12:00:00,Rat_lodging_Ben,267.41,13.3,8.0,8.3,1026.0,3.6,12,7,3,87,32516.0,1949.0,Mixed
2016-03-27 13:00:00,Rat_lodging_Ben,270.52,13.3,8.0,8.9,1025.0,3.1,13,7,3,87,32516.0,1949.0,Mixed
2016-03-27 14:00:00,Rat_lodging_Ben,259.5,13.3,8.0,8.3,1023.7,4.6,14,7,3,87,32516.0,1949.0,Mixed
2016-03-27 15:00:00,Rat_lodging_Ben,265.11,13.3,8.0,8.9,1023.3,4.1,15,7,3,87,32516.0,1949.0,Mixed
2016-03-27 16:00:00,Rat_lodging_Ben,256.71,13.3,8.0,8.3,1022.4,4.1,16,7,3,87,32516.0,1949.0,Mixed
2016-03-27 17:00:00,Rat_lodging_Ben,249.07,12.8,8.0,8.3,1022.2,3.6,17,7,3,87,32516.0,1949.0,Mixed
2016-03-27 18:00:00,Rat_lodging_Ben,254.18,11.7,8.0,8.9,1021.6,3.6,18,7,3,87,32516.0,1949.0,Mixed
2016-03-27 19:00:00,Rat_lodging_Ben,256.93,10.6,8.0,9.4,1021.1,2.6,19,7,3,87,32516.0,1949.0,Mixed
2016-03-27 20:00:00,Rat_lodging_Ben,256.92,10.6,8.0,8.9,1020.6,3.1,20,7,3,87,32516.0,1949.0,Mixed
2016-03-27 21:00:00,Rat_lodging_Ben,249.29,10.0,8.0,8.9,1020.0,3.1,21,7,3,87,32516.0,1949.0,Mixed
2016-03-27 22:00:00,Rat_lodging_Ben,224.49,10.0,8.0,8.9,1018.5,3.6,22,7,3,87,32516.0,1949.0,Mixed
2016-03-27 23:00:00,Rat_lodging_Ben,217.09,9.4,8.0,8.3,1016.8,4.1,23,7,3,87,32516.0,1949.0,Mixed
2016-03-28 00:00:00,Rat_lodging_Ben,214.52,9.4,8.0,8.9,1015.6,2.6,0,1,3,88,32516.0,1949.0,Mixed
2016-03-28 01:00:00,Rat_lodging_Ben,213.07,9.4,8.0,8.3,1014.0,3.6,1,1,3,88,32516.0,1949.0,Mixed
2016-03-28 02:00:00,Rat_lodging_Ben,214.09,9.4,8.0,8.3,1013.1,1.5,2,1,3,88,32516.0,1949.0,Mixed
2016-03-28 03:00:00,Rat_lodging_Ben,214.95,9.4,8.0,8.3,1011.7,1.5,3,1,3,88,32516.0,1949.0,Mixed
2016-03-28 04:00:00,Rat_lodging_Ben,217.69,9.4,8.0,8.3,1010.9,0.0,4,1,3,88,32516.0,1949.0,Mixed
2016-03-28 05:00:00,Rat_lodging_Ben,235.02,9.4,8.0,8.3,1009.7,0.0,5,1,3,88,32516.0,1949.0,Mixed
2016-03-28 06:00:00,Rat_lodging_Ben,266.47,9.4,8.0,8.3,1008.3,1.5,6,1,3,88,32516.0,1949.0,Mixed
2016-03-28 07:00:00,Rat_lodging_Ben,263.38,10.0,8.0,8.9,1007.1,1.5,7,1,3,88,32516.0,1949.0,Mixed
2016-03-28 08:00:00,Rat_lodging_Ben,269.33,10.6,8.0,8.9,1007.4,2.1,8,1,3,88,32516.0,1949.0,Mixed
2016-03-28 09:00:00,Rat_lodging_Ben,290.12,11.7,8.0,10.0,1005.8,0.0,9,1,3,88,32516.0,1949.0,Mixed
2016-03-28 10:00:00,Rat_lodging_Ben,293.24,13.9,8.0,11.1,1005.7,2.6,10,1,3,88,32516.0,1949.0,Mixed
2016-03-28 11:00:00,Rat_lodging_Ben,293.8,17.2,2.0,11.7,1005.6,5.7,11,1,3,88,32516.0,1949.0,Mixed
2016-03-28 12:00:00,Rat_lodging_Ben,275.95,18.9,4.0,10.6,1005.3,4.1,12,1,3,88,32516.0,1949.0,Mixed
2016-03-28 13:00:00,Rat_lodging_Ben,275.32,21.1,2.0,4.4,1005.5,11.3,13,1,3,88,32516.0,1949.0,Mixed
2016-03-28 14:00:00,Rat_lodging_Ben,271.36,16.7,2.0,1.7,1008.9,10.3,14,1,3,88,32516.0,1949.0,Mixed
2016-03-28 15:00:00,Rat_lodging_Ben,270.04,18.9,2.0,2.8,1007.2,12.9,15,1,3,88,32516.0,1949.0,Mixed
2016-03-28 16:00:00,Rat_lodging_Ben,282.97,17.2,2.0,1.7,1008.2,11.8,16,1,3,88,32516.0,1949.0,Mixed
2016-03-28 17:00:00,Rat_lodging_Ben,277.03,16.7,4.0,1.7,1008.9,10.8,17,1,3,88,32516.0,1949.0,Mixed
2016-03-28 18:00:00,Rat_lodging_Ben,278.84,15.6,6.0,1.7,1010.0,7.2,18,1,3,88,32516.0,1949.0,Mixed
2016-03-28 19:00:00,Rat_lodging_Ben,274.5,14.4,8.0,1.7,1011.0,8.8,19,1,3,88,32516.0,1949.0,Mixed
2016-03-28 20:00:00,Rat_lodging_Ben,270.98,14.4,7.333333333333333,1.7,1011.9,11.3,20,1,3,88,32516.0,1949.0,Mixed
2016-03-28 21:00:00,Rat_lodging_Ben,255.76,13.9,6.666666666666667,1.7,1012.8,7.7,21,1,3,88,32516.0,1949.0,Mixed
2016-03-28 22:00:00,Rat_lodging_Ben,233.2,13.3,6.0,1.7,1013.3,8.2,22,1,3,88,32516.0,1949.0,Mixed
2016-03-28 23:00:00,Rat_lodging_Ben,229.81,13.3,6.0,1.7,1013.7,7.7,23,1,3,88,32516.0,1949.0,Mixed
2016-03-29 00:00:00,Rat_lodging_Ben,217.94,12.8,6.0,1.7,1014.3,7.2,0,2,3,89,32516.0,1949.0,Mixed
2016-03-29 01:00:00,Rat_lodging_Ben,216.55,10.6,6.0,2.2,1015.1,9.3,1,2,3,89,32516.0,1949.0,Mixed
2016-03-29 02:00:00,Rat_lodging_Ben,212.24,10.0,2.0,0.6,1015.7,6.2,2,2,3,89,32516.0,1949.0,Mixed
2016-03-29 03:00:00,Rat_lodging_Ben,210.35,9.4,4.0,0.0,1016.3,7.7,3,2,3,89,32516.0,1949.0,Mixed
2016-03-29 04:00:00,Rat_lodging_Ben,212.5,9.4,6.0,-1.1,1016.6,5.7,4,2,3,89,32516.0,1949.0,Mixed
2016-03-29 05:00:00,Rat_lodging_Ben,237.24,9.4,4.0,-1.1,1017.4,5.7,5,2,3,89,32516.0,1949.0,Mixed
2016-03-29 06:00:00,Rat_lodging_Ben,255.64,8.9,2.0,-1.1,1018.5,6.7,6,2,3,89,32516.0,1949.0,Mixed
2016-03-29 07:00:00,Rat_lodging_Ben,255.52,8.9,2.0,-0.6,1019.4,6.7,7,2,3,89,32516.0,1949.0,Mixed
2016-03-29 08:00:00,Rat_lodging_Ben,270.19,10.0,2.0,-1.1,1020.0,7.7,8,2,3,89,32516.0,1949.0,Mixed
2016-03-29 09:00:00,Rat_lodging_Ben,276.94,10.6,2.0,-1.1,1020.3,11.3,9,2,3,89,32516.0,1949.0,Mixed
2016-03-29 10:00:00,Rat_lodging_Ben,288.87,12.2,2.0,-1.1,1020.7,7.2,10,2,3,89,32516.0,1949.0,Mixed
2016-03-29 11:00:00,Rat_lodging_Ben,281.9,12.8,2.0,-1.7,1020.7,8.8,11,2,3,89,32516.0,1949.0,Mixed
2016-03-29 12:00:00,Rat_lodging_Ben,280.88,13.3,2.0,-3.3,1020.4,9.3,12,2,3,89,32516.0,1949.0,Mixed
2016-03-29 13:00:00,Rat_lodging_Ben,281.97,13.9,2.0,-2.2,1020.4,7.2,13,2,3,89,32516.0,1949.0,Mixed
2016-03-29 14:00:00,Rat_lodging_Ben,282.87,15.0,0.0,-2.8,1020.0,9.3,14,2,3,89,32516.0,1949.0,Mixed
2016-03-29 15:00:00,Rat_lodging_Ben,289.62,15.0,0.0,-3.3,1019.6,7.2,15,2,3,89,32516.0,1949.0,Mixed
2016-03-29 16:00:00,Rat_lodging_Ben,288.21,15.6,0.0,-3.3,1019.4,6.2,16,2,3,89,32516.0,1949.0,Mixed
2016-03-29 17:00:00,Rat_lodging_Ben,267.61,15.0,0.0,-4.4,1020.2,8.8,17,2,3,89,32516.0,1949.0,Mixed
2016-03-29 18:00:00,Rat_lodging_Ben,262.88,14.4,0.0,-4.4,1021.0,7.2,18,2,3,89,32516.0,1949.0,Mixed
2016-03-29 19:00:00,Rat_lodging_Ben,265.21,13.3,0.0,-4.4,1022.0,4.6,19,2,3,89,32516.0,1949.0,Mixed
2016-03-29 20:00:00,Rat_lodging_Ben,263.09,12.8,0.0,-5.0,1023.0,4.6,20,2,3,89,32516.0,1949.0,Mixed
2016-03-29 21:00:00,Rat_lodging_Ben,250.18,12.2,0.0,-4.4,1023.9,4.1,21,2,3,89,32516.0,1949.0,Mixed
2016-03-29 22:00:00,Rat_lodging_Ben,230.74,11.7,2.0,-4.4,1024.5,4.6,22,2,3,89,32516.0,1949.0,Mixed
2016-03-29 23:00:00,Rat_lodging_Ben,217.69,8.3,0.0,-1.7,1024.7,3.6,23,2,3,89,32516.0,1949.0,Mixed
2016-03-30 00:00:00,Rat_lodging_Ben,209.55,8.3,0.0,-3.9,1025.6,3.1,0,3,3,90,32516.0,1949.0,Mixed
2016-03-30 01:00:00,Rat_lodging_Ben,209.26,8.3,0.0,-5.0,1026.2,2.1,1,3,3,90,32516.0,1949.0,Mixed
2016-03-30 02:00:00,Rat_lodging_Ben,204.72,7.2,0.0,-3.3,1026.5,2.1,2,3,3,90,32516.0,1949.0,Mixed
2016-03-30 03:00:00,Rat_lodging_Ben,201.03,7.2,0.0,0.0,1026.7,2.6,3,3,3,90,32516.0,1949.0,Mixed
2016-03-30 04:00:00,Rat_lodging_Ben,200.3,6.7,0.0,-2.2,1027.3,2.1,4,3,3,90,32516.0,1949.0,Mixed
2016-03-30 05:00:00,Rat_lodging_Ben,221.51,5.6,2.0,-3.9,1027.9,2.6,5,3,3,90,32516.0,1949.0,Mixed
2016-03-30 06:00:00,Rat_lodging_Ben,258.18,5.6,2.0,-4.4,1028.7,2.6,6,3,3,90,32516.0,1949.0,Mixed
2016-03-30 07:00:00,Rat_lodging_Ben,264.44,6.1,2.0,-3.9,1029.7,0.0,7,3,3,90,32516.0,1949.0,Mixed
2016-03-30 08:00:00,Rat_lodging_Ben,275.59,7.8,2.0,-4.4,1030.0,1.5,8,3,3,90,32516.0,1949.0,Mixed
2016-03-30 09:00:00,Rat_lodging_Ben,269.08,9.4,2.0,-5.6,1029.6,2.1,9,3,3,90,32516.0,1949.0,Mixed
2016-03-30 10:00:00,Rat_lodging_Ben,287.53,10.6,2.0,-6.7,1029.1,1.5,10,3,3,90,32516.0,1949.0,Mixed
2016-03-30 11:00:00,Rat_lodging_Ben,294.76,12.2,4.0,-4.4,1028.6,3.6,11,3,3,90,32516.0,1949.0,Mixed
2016-03-30 12:00:00,Rat_lodging_Ben,281.93,13.3,5.0,-3.3,1027.3,3.6,12,3,3,90,32516.0,1949.0,Mixed
2016-03-30 13:00:00,Rat_lodging_Ben,282.23,15.0,6.0,0.0,1026.5,6.7,13,3,3,90,32516.0,1949.0,Mixed
2016-03-30 14:00:00,Rat_lodging_Ben,296.97,15.6,6.0,-0.6,1025.7,6.2,14,3,3,90,32516.0,1949.0,Mixed
2016-03-30 15:00:00,Rat_lodging_Ben,298.13,16.1,6.0,0.6,1024.3,6.2,15,3,3,90,32516.0,1949.0,Mixed
2016-03-30 16:00:00,Rat_lodging_Ben,284.08,16.7,6.0,1.1,1023.3,7.7,16,3,3,90,32516.0,1949.0,Mixed
2016-03-30 17:00:00,Rat_lodging_Ben,280.83,16.7,6.0,2.8,1022.4,6.2,17,3,3,90,32516.0,1949.0,Mixed
2016-03-30 18:00:00,Rat_lodging_Ben,266.49,15.0,6.0,2.2,1021.6,6.2,18,3,3,90,32516.0,1949.0,Mixed
2016-03-30 19:00:00,Rat_lodging_Ben,263.45,13.3,6.0,2.2,1021.8,4.1,19,3,3,90,32516.0,1949.0,Mixed
2016-03-30 20:00:00,Rat_lodging_Ben,267.72,12.8,6.0,1.7,1022.4,6.2,20,3,3,90,32516.0,1949.0,Mixed
2016-03-30 21:00:00,Rat_lodging_Ben,256.49,12.2,6.0,1.7,1022.4,6.7,21,3,3,90,32516.0,1949.0,Mixed
2016-03-30 22:00:00,Rat_lodging_Ben,224.98,12.2,6.0,2.8,1021.4,8.2,22,3,3,90,32516.0,1949.0,Mixed
2016-03-30 23:00:00,Rat_lodging_Ben,220.73,12.2,5.0,3.9,1021.2,6.2,23,3,3,90,32516.0,1949.0,Mixed
2016-03-31 00:00:00,Rat_lodging_Ben,213.46,12.8,4.0,5.6,1020.2,7.2,0,4,3,91,32516.0,1949.0,Mixed
2016-03-31 01:00:00,Rat_lodging_Ben,206.32,13.3,6.0,6.7,1019.1,8.2,1,4,3,91,32516.0,1949.0,Mixed
2016-03-31 02:00:00,Rat_lodging_Ben,206.23,13.3,4.0,7.2,1018.4,8.2,2,4,3,91,32516.0,1949.0,Mixed
2016-03-31 03:00:00,Rat_lodging_Ben,203.43,12.8,2.0,7.8,1017.8,6.7,3,4,3,91,32516.0,1949.0,Mixed
2016-03-31 04:00:00,Rat_lodging_Ben,209.59,12.8,4.0,8.3,1017.1,7.2,4,4,3,91,32516.0,1949.0,Mixed
2016-03-31 05:00:00,Rat_lodging_Ben,237.05,12.8,4.0,8.3,1016.8,6.2,5,4,3,91,32516.0,1949.0,Mixed
2016-03-31 06:00:00,Rat_lodging_Ben,270.57,12.8,5.0,8.9,1016.5,5.7,6,4,3,91,32516.0,1949.0,Mixed
2016-03-31 07:00:00,Rat_lodging_Ben,270.03,13.3,6.0,9.4,1016.4,6.2,7,4,3,91,32516.0,1949.0,Mixed
2016-03-31 08:00:00,Rat_lodging_Ben,281.18,15.0,6.666666666666667,9.4,1016.2,6.7,8,4,3,91,32516.0,1949.0,Mixed
2016-03-31 09:00:00,Rat_lodging_Ben,290.57,17.2,7.333333333333333,10.0,1015.3,11.3,9,4,3,91,32516.0,1949.0,Mixed
2016-03-31 10:00:00,Rat_lodging_Ben,303.77,19.4,8.0,10.6,1014.6,11.3,10,4,3,91,32516.0,1949.0,Mixed
2016-03-31 11:00:00,Rat_lodging_Ben,312.51,20.6,8.0,11.1,1014.2,9.8,11,4,3,91,32516.0,1949.0,Mixed
2016-03-31 12:00:00,Rat_lodging_Ben,305.57,21.7,8.0,11.1,1013.4,9.3,12,4,3,91,32516.0,1949.0,Mixed
2016-03-31 13:00:00,Rat_lodging_Ben,298.68,21.7,8.0,10.6,1013.3,7.7,13,4,3,91,32516.0,1949.0,Mixed
2016-03-31 14:00:00,Rat_lodging_Ben,292.65,23.3,8.0,11.1,1012.4,9.8,14,4,3,91,32516.0,1949.0,Mixed
2016-03-31 15:00:00,Rat_lodging_Ben,293.1,22.8,8.0,10.0,1011.5,9.8,15,4,3,91,32516.0,1949.0,Mixed
2016-03-31 16:00:00,Rat_lodging_Ben,282.26,22.8,8.0,10.6,1010.8,8.8,16,4,3,91,32516.0,1949.0,Mixed
2016-03-31 17:00:00,Rat_lodging_Ben,283.47,22.8,8.0,9.4,1010.2,9.3,17,4,3,91,32516.0,1949.0,Mixed
2016-03-31 18:00:00,Rat_lodging_Ben,278.96,20.0,8.0,10.6,1009.8,5.1,18,4,3,91,32516.0,1949.0,Mixed
2016-03-31 19:00:00,Rat_lodging_Ben,285.07,20.6,8.0,10.6,1009.0,6.2,19,4,3,91,32516.0,1949.0,Mixed
2016-03-31 20:00:00,Rat_lodging_Ben,292.86,20.0,8.0,11.1,1008.9,5.7,20,4,3,91,32516.0,1949.0,Mixed
2016-03-31 21:00:00,Rat_lodging_Ben,264.28,20.0,8.0,12.2,1008.8,6.2,21,4,3,91,32516.0,1949.0,Mixed
2016-03-31 22:00:00,Rat_lodging_Ben,244.56,19.4,8.0,12.8,1008.5,6.7,22,4,3,91,32516.0,1949.0,Mixed
2016-03-31 23:00:00,Rat_lodging_Ben,236.94,21.1,8.0,13.9,1008.0,8.8,23,4,3,91,32516.0,1949.0,Mixed
2016-04-01 00:00:00,Rat_lodging_Ben,237.38,19.4,8.0,15.0,1007.2,6.7,0,5,4,92,32516.0,1949.0,Mixed
2016-04-01 01:00:00,Rat_lodging_Ben,234.37,18.9,8.0,15.0,1007.4,5.1,1,5,4,92,32516.0,1949.0,Mixed
2016-04-01 02:00:00,Rat_lodging_Ben,225.85,18.9,7.333333333333333,15.6,1006.8,5.1,2,5,4,92,32516.0,1949.0,Mixed
2016-04-01 03:00:00,Rat_lodging_Ben,223.76,20.0,6.666666666666667,16.7,1005.9,7.7,3,5,4,92,32516.0,1949.0,Mixed
2016-04-01 04:00:00,Rat_lodging_Ben,232.59,20.0,6.0,16.7,1005.0,5.1,4,5,4,92,32516.0,1949.0,Mixed
2016-04-01 05:00:00,Rat_lodging_Ben,260.86,20.6,6.666666666666667,17.2,1004.9,5.7,5,5,4,92,32516.0,1949.0,Mixed
2016-04-01 06:00:00,Rat_lodging_Ben,285.65,20.6,7.333333333333333,17.2,1005.0,6.2,6,5,4,92,32516.0,1949.0,Mixed
2016-04-01 07:00:00,Rat_lodging_Ben,289.83,20.6,8.0,16.7,1005.1,6.2,7,5,4,92,32516.0,1949.0,Mixed
2016-04-01 08:00:00,Rat_lodging_Ben,290.97,18.9,8.0,16.7,1003.6,5.1,8,5,4,92,32516.0,1949.0,Mixed
2016-04-01 09:00:00,Rat_lodging_Ben,305.74,17.8,8.0,16.7,1004.3,5.1,9,5,4,92,32516.0,1949.0,Mixed
2016-04-01 10:00:00,Rat_lodging_Ben,299.79,20.0,8.0,17.2,1004.4,7.7,10,5,4,92,32516.0,1949.0,Mixed
2016-04-01 11:00:00,Rat_lodging_Ben,307.51,21.1,6.0,16.7,1003.6,7.2,11,5,4,92,32516.0,1949.0,Mixed
2016-04-01 12:00:00,Rat_lodging_Ben,292.96,23.3,4.0,17.2,1002.9,7.7,12,5,4,92,32516.0,1949.0,Mixed
2016-04-01 13:00:00,Rat_lodging_Ben,287.09,24.4,4.0,17.2,1002.1,7.7,13,5,4,92,32516.0,1949.0,Mixed
2016-04-01 14:00:00,Rat_lodging_Ben,294.91,23.9,4.0,15.6,1000.5,6.2,14,5,4,92,32516.0,1949.0,Mixed
2016-04-01 15:00:00,Rat_lodging_Ben,299.3,27.8,4.0,14.4,999.8,9.8,15,5,4,92,32516.0,1949.0,Mixed
2016-04-01 16:00:00,Rat_lodging_Ben,291.28,27.2,6.0,13.9,1000.2,8.2,16,5,4,92,32516.0,1949.0,Mixed
2016-04-01 17:00:00,Rat_lodging_Ben,276.7,26.7,6.666666666666667,13.9,1000.7,7.7,17,5,4,92,32516.0,1949.0,Mixed
2016-04-01 18:00:00,Rat_lodging_Ben,271.2,26.1,7.333333333333333,13.9,1001.2,7.2,18,5,4,92,32516.0,1949.0,Mixed
2016-04-01 19:00:00,Rat_lodging_Ben,279.11,25.6,8.0,12.2,1001.7,5.7,19,5,4,92,32516.0,1949.0,Mixed
2016-04-01 20:00:00,Rat_lodging_Ben,287.1,23.9,8.0,13.9,1002.8,6.2,20,5,4,92,32516.0,1949.0,Mixed
2016-04-01 21:00:00,Rat_lodging_Ben,276.64,22.2,8.0,15.6,1003.7,5.1,21,5,4,92,32516.0,1949.0,Mixed
2016-04-01 22:00:00,Rat_lodging_Ben,249.7,23.3,8.0,11.1,1004.2,4.6,22,5,4,92,32516.0,1949.0,Mixed
2016-04-01 23:00:00,Rat_lodging_Ben,237.26,22.2,7.333333333333333,7.2,1004.2,5.7,23,5,4,92,32516.0,1949.0,Mixed
2016-04-02 00:00:00,Rat_lodging_Ben,226.36,18.9,6.666666666666667,8.9,1004.2,3.6,0,6,4,93,32516.0,1949.0,Mixed
2016-04-02 01:00:00,Rat_lodging_Ben,222.66,18.3,6.0,7.2,1003.8,5.1,1,6,4,93,32516.0,1949.0,Mixed
2016-04-02 02:00:00,Rat_lodging_Ben,213.02,17.8,6.666666666666667,6.1,1003.8,2.6,2,6,4,93,32516.0,1949.0,Mixed
2016-04-02 03:00:00,Rat_lodging_Ben,212.24,16.7,7.333333333333333,6.7,1003.4,3.6,3,6,4,93,32516.0,1949.0,Mixed
2016-04-02 04:00:00,Rat_lodging_Ben,208.68,16.1,8.0,4.4,1002.9,6.2,4,6,4,93,32516.0,1949.0,Mixed
2016-04-02 05:00:00,Rat_lodging_Ben,220.65,14.4,8.0,3.9,1003.3,8.2,5,6,4,93,32516.0,1949.0,Mixed
2016-04-02 06:00:00,Rat_lodging_Ben,227.74,12.2,8.0,5.0,1003.5,8.8,6,6,4,93,32516.0,1949.0,Mixed
2016-04-02 07:00:00,Rat_lodging_Ben,240.28,10.0,8.0,6.1,1004.8,7.2,7,6,4,93,32516.0,1949.0,Mixed
2016-04-02 08:00:00,Rat_lodging_Ben,257.81,10.0,8.0,6.7,1005.4,4.1,8,6,4,93,32516.0,1949.0,Mixed
2016-04-02 09:00:00,Rat_lodging_Ben,260.11,10.6,8.0,7.2,1004.3,3.6,9,6,4,93,32516.0,1949.0,Mixed
2016-04-02 10:00:00,Rat_lodging_Ben,258.3,10.6,8.0,6.1,1004.0,1.5,10,6,4,93,32516.0,1949.0,Mixed
2016-04-02 11:00:00,Rat_lodging_Ben,256.24,11.7,7.333333333333333,7.2,1002.1,1.5,11,6,4,93,32516.0,1949.0,Mixed
2016-04-02 12:00:00,Rat_lodging_Ben,255.92,12.8,6.666666666666667,6.7,1001.1,2.6,12,6,4,93,32516.0,1949.0,Mixed
2016-04-02 13:00:00,Rat_lodging_Ben,255.53,14.4,6.0,7.8,999.2,4.1,13,6,4,93,32516.0,1949.0,Mixed
2016-04-02 14:00:00,Rat_lodging_Ben,256.56,14.4,6.0,7.8,998.0,5.7,14,6,4,93,32516.0,1949.0,Mixed
2016-04-02 15:00:00,Rat_lodging_Ben,261.22,15.6,6.0,7.2,997.1,5.1,15,6,4,93,32516.0,1949.0,Mixed
2016-04-02 16:00:00,Rat_lodging_Ben,257.23,16.1,6.0,7.8,996.1,3.1,16,6,4,93,32516.0,1949.0,Mixed
2016-04-02 17:00:00,Rat_lodging_Ben,258.06,16.1,6.666666666666667,7.8,995.4,6.2,17,6,4,93,32516.0,1949.0,Mixed
2016-04-02 18:00:00,Rat_lodging_Ben,253.09,14.4,7.333333333333333,8.9,995.7,6.7,18,6,4,93,32516.0,1949.0,Mixed
2016-04-02 19:00:00,Rat_lodging_Ben,251.01,13.9,8.0,9.4,995.7,6.2,19,6,4,93,32516.0,1949.0,Mixed
2016-04-02 20:00:00,Rat_lodging_Ben,253.4,13.3,8.0,9.4,996.0,4.6,20,6,4,93,32516.0,1949.0,Mixed
2016-04-02 21:00:00,Rat_lodging_Ben,249.03,15.6,8.0,-2.2,995.5,5.7,21,6,4,93,32516.0,1949.0,Mixed
2016-04-02 22:00:00,Rat_lodging_Ben,220.12,9.4,8.0,3.3,999.3,13.4,22,6,4,93,32516.0,1949.0,Mixed
2016-04-02 23:00:00,Rat_lodging_Ben,212.89,7.2,6.0,0.6,1000.6,8.2,23,6,4,93,32516.0,1949.0,Mixed
2016-04-03 00:00:00,Rat_lodging_Ben,202.4,7.2,4.0,-3.9,1001.0,8.2,0,7,4,94,32516.0,1949.0,Mixed
2016-04-03 01:00:00,Rat_lodging_Ben,203.09,6.7,2.0,-7.2,1002.1,8.8,1,7,4,94,32516.0,1949.0,Mixed
2016-04-03 02:00:00,Rat_lodging_Ben,202.97,6.1,3.333333333333333,-6.1,1004.0,8.8,2,7,4,94,32516.0,1949.0,Mixed
2016-04-03 03:00:00,Rat_lodging_Ben,199.65,5.0,4.666666666666666,-3.9,1005.9,17.0,3,7,4,94,32516.0,1949.0,Mixed
2016-04-03 04:00:00,Rat_lodging_Ben,195.9,3.3,6.0,-4.4,1007.4,7.2,4,7,4,94,32516.0,1949.0,Mixed
2016-04-03 05:00:00,Rat_lodging_Ben,206.29,3.3,4.0,-6.7,1008.9,11.3,5,7,4,94,32516.0,1949.0,Mixed
2016-04-03 06:00:00,Rat_lodging_Ben,230.69,2.8,2.0,-8.9,1010.4,11.3,6,7,4,94,32516.0,1949.0,Mixed
2016-04-03 07:00:00,Rat_lodging_Ben,247.64,2.8,4.0,-8.9,1012.6,6.7,7,7,4,94,32516.0,1949.0,Mixed
2016-04-03 08:00:00,Rat_lodging_Ben,250.7,3.3,4.666666666666667,-7.8,1014.6,7.7,8,7,4,94,32516.0,1949.0,Mixed
2016-04-03 09:00:00,Rat_lodging_Ben,254.68,3.9,5.333333333333333,-9.4,1015.5,11.3,9,7,4,94,32516.0,1949.0,Mixed
2016-04-03 10:00:00,Rat_lodging_Ben,256.57,5.6,6.0,-8.3,1016.5,8.2,10,7,4,94,32516.0,1949.0,Mixed
2016-04-03 11:00:00,Rat_lodging_Ben,261.04,6.7,4.0,-9.4,1016.5,9.8,11,7,4,94,32516.0,1949.0,Mixed
2016-04-03 12:00:00,Rat_lodging_Ben,255.56,7.2,2.0,-8.3,1016.3,5.7,12,7,4,94,32516.0,1949.0,Mixed
2016-04-03 13:00:00,Rat_lodging_Ben,259.69,8.3,0.0,-7.8,1016.1,4.6,13,7,4,94,32516.0,1949.0,Mixed
2016-04-03 14:00:00,Rat_lodging_Ben,250.05,9.4,0.0,-8.3,1015.8,7.2,14,7,4,94,32516.0,1949.0,Mixed
2016-04-03 15:00:00,Rat_lodging_Ben,244.67,11.1,0.0,-7.2,1015.3,5.7,15,7,4,94,32516.0,1949.0,Mixed
2016-04-03 16:00:00,Rat_lodging_Ben,230.22,11.7,2.0,-6.1,1015.4,5.1,16,7,4,94,32516.0,1949.0,Mixed
2016-04-03 17:00:00,Rat_lodging_Ben,226.64,11.7,2.0,-6.1,1015.7,4.1,17,7,4,94,32516.0,1949.0,Mixed
2016-04-03 18:00:00,Rat_lodging_Ben,231.09,12.2,2.0,-6.7,1015.5,0.0,18,7,4,94,32516.0,1949.0,Mixed
2016-04-03 19:00:00,Rat_lodging_Ben,241.69,10.6,2.0,-5.0,1015.3,2.6,19,7,4,94,32516.0,1949.0,Mixed
2016-04-03 20:00:00,Rat_lodging_Ben,245.88,10.0,2.0,-3.3,1015.5,2.6,20,7,4,94,32516.0,1949.0,Mixed
2016-04-03 21:00:00,Rat_lodging_Ben,245.69,10.0,0.0,-4.4,1015.8,4.1,21,7,4,94,32516.0,1949.0,Mixed
2016-04-03 22:00:00,Rat_lodging_Ben,226.52,10.0,0.0,-2.2,1015.2,4.6,22,7,4,94,32516.0,1949.0,Mixed
2016-04-03 23:00:00,Rat_lodging_Ben,213.26,9.4,0.0,0.0,1014.3,4.1,23,7,4,94,32516.0,1949.0,Mixed
2016-04-04 00:00:00,Rat_lodging_Ben,207.74,8.9,0.0,-1.1,1013.9,4.6,0,1,4,95,32516.0,1949.0,Mixed
2016-04-04 01:00:00,Rat_lodging_Ben,204.6,8.3,0.0,0.0,1013.7,3.1,1,1,4,95,32516.0,1949.0,Mixed
2016-04-04 02:00:00,Rat_lodging_Ben,204.56,10.0,1.0,1.1,1013.1,5.1,2,1,4,95,32516.0,1949.0,Mixed
2016-04-04 03:00:00,Rat_lodging_Ben,205.2,9.4,2.0,0.0,1012.4,3.6,3,1,4,95,32516.0,1949.0,Mixed
2016-04-04 04:00:00,Rat_lodging_Ben,207.83,10.0,2.0,0.0,1011.7,4.6,4,1,4,95,32516.0,1949.0,Mixed
2016-04-04 05:00:00,Rat_lodging_Ben,228.96,10.0,2.0,1.1,1011.5,5.7,5,1,4,95,32516.0,1949.0,Mixed
2016-04-04 06:00:00,Rat_lodging_Ben,258.75,11.1,2.0,1.1,1011.2,6.7,6,1,4,95,32516.0,1949.0,Mixed
2016-04-04 07:00:00,Rat_lodging_Ben,252.04,12.2,4.0,1.1,1011.5,6.7,7,1,4,95,32516.0,1949.0,Mixed
2016-04-04 08:00:00,Rat_lodging_Ben,267.46,14.4,4.666666666666667,1.7,1011.3,9.3,8,1,4,95,32516.0,1949.0,Mixed
2016-04-04 09:00:00,Rat_lodging_Ben,283.54,16.7,5.333333333333333,2.2,1010.7,8.2,9,1,4,95,32516.0,1949.0,Mixed
2016-04-04 10:00:00,Rat_lodging_Ben,294.32,18.9,6.0,1.7,1010.2,7.7,10,1,4,95,32516.0,1949.0,Mixed
2016-04-04 11:00:00,Rat_lodging_Ben,294.12,20.6,6.0,2.8,1009.3,7.7,11,1,4,95,32516.0,1949.0,Mixed
2016-04-04 12:00:00,Rat_lodging_Ben,289.12,21.7,6.0,2.8,1008.2,10.3,12,1,4,95,32516.0,1949.0,Mixed
2016-04-04 13:00:00,Rat_lodging_Ben,302.88,21.7,6.0,3.3,1007.6,8.8,13,1,4,95,32516.0,1949.0,Mixed
2016-04-04 14:00:00,Rat_lodging_Ben,314.37,22.8,6.666666666666667,3.9,1006.6,6.7,14,1,4,95,32516.0,1949.0,Mixed
2016-04-04 15:00:00,Rat_lodging_Ben,305.75,21.7,7.333333333333333,3.9,1007.6,10.8,15,1,4,95,32516.0,1949.0,Mixed
2016-04-04 16:00:00,Rat_lodging_Ben,298.76,15.6,8.0,10.6,1008.9,7.7,16,1,4,95,32516.0,1949.0,Mixed
2016-04-04 17:00:00,Rat_lodging_Ben,285.81,14.4,7.333333333333333,10.0,1009.8,6.7,17,1,4,95,32516.0,1949.0,Mixed
2016-04-04 18:00:00,Rat_lodging_Ben,296.97,13.9,6.666666666666667,10.6,1010.6,1.5,18,1,4,95,32516.0,1949.0,Mixed
2016-04-04 19:00:00,Rat_lodging_Ben,294.76,13.3,6.0,10.0,1010.6,0.0,19,1,4,95,32516.0,1949.0,Mixed
2016-04-04 20:00:00,Rat_lodging_Ben,296.78,13.9,4.0,8.9,1011.9,7.2,20,1,4,95,32516.0,1949.0,Mixed
2016-04-04 21:00:00,Rat_lodging_Ben,270.95,12.2,6.0,6.7,1013.9,10.8,21,1,4,95,32516.0,1949.0,Mixed
2016-04-04 22:00:00,Rat_lodging_Ben,244.96,7.8,8.0,3.3,1015.7,10.8,22,1,4,95,32516.0,1949.0,Mixed
2016-04-04 23:00:00,Rat_lodging_Ben,238.51,6.1,8.0,1.1,1017.0,8.2,23,1,4,95,32516.0,1949.0,Mixed
2016-04-05 00:00:00,Rat_lodging_Ben,228.89,4.4,8.0,-1.7,1017.9,10.8,0,2,4,96,32516.0,1949.0,Mixed
2016-04-05 01:00:00,Rat_lodging_Ben,227.08,2.8,8.0,-2.8,1019.0,8.8,1,2,4,96,32516.0,1949.0,Mixed
2016-04-05 02:00:00,Rat_lodging_Ben,224.92,1.7,7.333333333333333,-4.4,1019.6,10.3,2,2,4,96,32516.0,1949.0,Mixed
2016-04-05 03:00:00,Rat_lodging_Ben,221.39,1.7,6.666666666666667,-5.6,1021.1,9.3,3,2,4,96,32516.0,1949.0,Mixed
2016-04-05 04:00:00,Rat_lodging_Ben,225.87,1.1,6.0,-6.1,1021.9,7.7,4,2,4,96,32516.0,1949.0,Mixed
2016-04-05 05:00:00,Rat_lodging_Ben,243.13,0.0,2.0,-8.3,1023.5,10.8,5,2,4,96,32516.0,1949.0,Mixed
2016-04-05 06:00:00,Rat_lodging_Ben,282.75,-0.6,2.0,-10.6,1025.1,8.8,6,2,4,96,32516.0,1949.0,Mixed
2016-04-05 07:00:00,Rat_lodging_Ben,274.87,0.0,2.0,-10.6,1026.5,9.8,7,2,4,96,32516.0,1949.0,Mixed
2016-04-05 08:00:00,Rat_lodging_Ben,287.59,0.6,2.0,-10.6,1027.5,12.9,8,2,4,96,32516.0,1949.0,Mixed
2016-04-05 09:00:00,Rat_lodging_Ben,288.84,1.7,2.0,-10.0,1028.5,9.8,9,2,4,96,32516.0,1949.0,Mixed
2016-04-05 10:00:00,Rat_lodging_Ben,294.29,2.2,2.0,-10.6,1028.9,8.8,10,2,4,96,32516.0,1949.0,Mixed
2016-04-05 11:00:00,Rat_lodging_Ben,302.23,4.4,2.0,-9.4,1029.3,9.3,11,2,4,96,32516.0,1949.0,Mixed
2016-04-05 12:00:00,Rat_lodging_Ben,300.75,5.0,2.0,-10.6,1029.1,8.2,12,2,4,96,32516.0,1949.0,Mixed
2016-04-05 13:00:00,Rat_lodging_Ben,301.96,5.6,2.0,-11.1,1028.6,5.1,13,2,4,96,32516.0,1949.0,Mixed
2016-04-05 14:00:00,Rat_lodging_Ben,293.38,6.7,0.0,-10.0,1028.2,6.2,14,2,4,96,32516.0,1949.0,Mixed
2016-04-05 15:00:00,Rat_lodging_Ben,287.88,7.2,2.0,-10.6,1027.9,5.1,15,2,4,96,32516.0,1949.0,Mixed
2016-04-05 16:00:00,Rat_lodging_Ben,291.24,7.2,0.0,-10.0,1028.0,4.6,16,2,4,96,32516.0,1949.0,Mixed
2016-04-05 17:00:00,Rat_lodging_Ben,286.12,7.8,0.0,-10.0,1028.3,5.1,17,2,4,96,32516.0,1949.0,Mixed
2016-04-05 18:00:00,Rat_lodging_Ben,284.13,6.7,0.0,-10.0,1028.3,3.6,18,2,4,96,32516.0,1949.0,Mixed
2016-04-05 19:00:00,Rat_lodging_Ben,291.84,6.1,0.0,-10.0,1028.9,3.6,19,2,4,96,32516.0,1949.0,Mixed
2016-04-05 20:00:00,Rat_lodging_Ben,282.24,5.6,0.0,-11.1,1029.3,2.6,20,2,4,96,32516.0,1949.0,Mixed
2016-04-05 21:00:00,Rat_lodging_Ben,271.17,5.0,0.0,-7.8,1029.3,2.6,21,2,4,96,32516.0,1949.0,Mixed
2016-04-05 22:00:00,Rat_lodging_Ben,248.07,4.4,0.0,-7.8,1029.2,2.6,22,2,4,96,32516.0,1949.0,Mixed
2016-04-05 23:00:00,Rat_lodging_Ben,236.64,3.9,0.0,-7.2,1029.3,1.5,23,2,4,96,32516.0,1949.0,Mixed
2016-04-06 00:00:00,Rat_lodging_Ben,229.74,3.3,0.0,-6.1,1029.2,1.5,0,3,4,97,32516.0,1949.0,Mixed
2016-04-06 01:00:00,Rat_lodging_Ben,231.92,2.2,0.0,-6.1,1028.7,2.1,1,3,4,97,32516.0,1949.0,Mixed
2016-04-06 02:00:00,Rat_lodging_Ben,226.34,1.1,0.0,-5.0,1028.5,2.6,2,3,4,97,32516.0,1949.0,Mixed
2016-04-06 03:00:00,Rat_lodging_Ben,221.51,2.2,0.0,-6.7,1028.1,1.5,3,3,4,97,32516.0,1949.0,Mixed
2016-04-06 04:00:00,Rat_lodging_Ben,229.37,1.1,0.0,-6.1,1028.3,2.1,4,3,4,97,32516.0,1949.0,Mixed
2016-04-06 05:00:00,Rat_lodging_Ben,245.98,1.1,2.0,-5.0,1028.3,2.1,5,3,4,97,32516.0,1949.0,Mixed
2016-04-06 06:00:00,Rat_lodging_Ben,280.05,0.6,4.0,-6.1,1028.5,3.1,6,3,4,97,32516.0,1949.0,Mixed
2016-04-06 07:00:00,Rat_lodging_Ben,275.87,1.7,6.0,-5.6,1029.2,3.6,7,3,4,97,32516.0,1949.0,Mixed
2016-04-06 08:00:00,Rat_lodging_Ben,271.71,4.4,6.0,-5.0,1029.0,4.6,8,3,4,97,32516.0,1949.0,Mixed
2016-04-06 09:00:00,Rat_lodging_Ben,288.09,7.8,6.0,-4.4,1028.7,5.7,9,3,4,97,32516.0,1949.0,Mixed
2016-04-06 10:00:00,Rat_lodging_Ben,292.08,8.3,6.0,-5.0,1028.0,6.2,10,3,4,97,32516.0,1949.0,Mixed
2016-04-06 11:00:00,Rat_lodging_Ben,289.17,9.4,6.0,-3.9,1027.1,8.2,11,3,4,97,32516.0,1949.0,Mixed
2016-04-06 12:00:00,Rat_lodging_Ben,282.9,11.1,6.0,-2.8,1025.5,8.8,12,3,4,97,32516.0,1949.0,Mixed
2016-04-06 13:00:00,Rat_lodging_Ben,282.62,11.1,6.0,-2.8,1023.9,9.3,13,3,4,97,32516.0,1949.0,Mixed
2016-04-06 14:00:00,Rat_lodging_Ben,291.46,12.8,6.0,-2.2,1022.0,7.7,14,3,4,97,32516.0,1949.0,Mixed
2016-04-06 15:00:00,Rat_lodging_Ben,291.94,12.8,6.0,-2.8,1019.9,8.8,15,3,4,97,32516.0,1949.0,Mixed
2016-04-06 16:00:00,Rat_lodging_Ben,293.29,13.3,6.0,-2.8,1018.5,7.2,16,3,4,97,32516.0,1949.0,Mixed
2016-04-06 17:00:00,Rat_lodging_Ben,281.14,12.8,6.666666666666667,-2.2,1017.2,9.8,17,3,4,97,32516.0,1949.0,Mixed
2016-04-06 18:00:00,Rat_lodging_Ben,271.85,13.3,7.333333333333333,-2.8,1016.4,7.2,18,3,4,97,32516.0,1949.0,Mixed
2016-04-06 19:00:00,Rat_lodging_Ben,273.38,12.8,8.0,-1.1,1015.4,7.7,19,3,4,97,32516.0,1949.0,Mixed
2016-04-06 20:00:00,Rat_lodging_Ben,273.17,11.7,8.0,1.1,1015.0,5.7,20,3,4,97,32516.0,1949.0,Mixed
2016-04-06 21:00:00,Rat_lodging_Ben,266.41,10.6,8.0,3.3,1014.4,6.7,21,3,4,97,32516.0,1949.0,Mixed
2016-04-06 22:00:00,Rat_lodging_Ben,240.22,10.6,8.0,3.9,1013.6,5.1,22,3,4,97,32516.0,1949.0,Mixed
2016-04-06 23:00:00,Rat_lodging_Ben,240.0,11.1,8.0,4.4,1012.6,6.2,23,3,4,97,32516.0,1949.0,Mixed
2016-04-07 00:00:00,Rat_lodging_Ben,135.49,12.2,8.0,5.0,1011.8,8.2,0,4,4,98,32516.0,1949.0,Mixed
2016-04-07 01:00:00,Rat_lodging_Ben,135.75,12.2,8.0,6.7,1010.6,6.7,1,4,4,98,32516.0,1949.0,Mixed
2016-04-07 02:00:00,Rat_lodging_Ben,135.77,11.7,8.0,6.7,1009.6,5.1,2,4,4,98,32516.0,1949.0,Mixed
2016-04-07 03:00:00,Rat_lodging_Ben,135.21,12.2,8.0,7.8,1008.1,4.6,3,4,4,98,32516.0,1949.0,Mixed
2016-04-07 04:00:00,Rat_lodging_Ben,135.09,12.8,8.0,8.3,1007.0,4.6,4,4,4,98,32516.0,1949.0,Mixed
2016-04-07 05:00:00,Rat_lodging_Ben,145.75,12.8,8.0,8.9,1005.6,6.2,5,4,4,98,32516.0,1949.0,Mixed
2016-04-07 06:00:00,Rat_lodging_Ben,144.98,13.3,8.0,9.4,1004.3,6.2,6,4,4,98,32516.0,1949.0,Mixed
2016-04-07 07:00:00,Rat_lodging_Ben,143.35,12.8,8.0,10.6,1003.2,5.1,7,4,4,98,32516.0,1949.0,Mixed
2016-04-07 08:00:00,Rat_lodging_Ben,143.93,12.8,8.0,11.1,1001.1,2.1,8,4,4,98,32516.0,1949.0,Mixed
2016-04-07 09:00:00,Rat_lodging_Ben,146.38,12.8,8.0,11.7,1000.0,1.5,9,4,4,98,32516.0,1949.0,Mixed
2016-04-07 10:00:00,Rat_lodging_Ben,144.1,11.7,8.0,10.0,998.9,4.6,10,4,4,98,32516.0,1949.0,Mixed
2016-04-07 11:00:00,Rat_lodging_Ben,142.47,13.3,8.0,10.6,999.9,6.7,11,4,4,98,32516.0,1949.0,Mixed
2016-04-07 12:00:00,Rat_lodging_Ben,152.04,15.0,8.0,8.9,999.1,3.1,12,4,4,98,32516.0,1949.0,Mixed
2016-04-07 13:00:00,Rat_lodging_Ben,147.49,15.6,8.0,7.2,998.6,6.2,13,4,4,98,32516.0,1949.0,Mixed
2016-04-07 14:00:00,Rat_lodging_Ben,151.61,16.1,7.333333333333333,6.7,997.7,7.7,14,4,4,98,32516.0,1949.0,Mixed
2016-04-07 15:00:00,Rat_lodging_Ben,153.22,17.8,6.666666666666667,3.9,996.8,7.2,15,4,4,98,32516.0,1949.0,Mixed
2016-04-07 16:00:00,Rat_lodging_Ben,149.64,14.4,6.0,4.4,997.2,8.8,16,4,4,98,32516.0,1949.0,Mixed
2016-04-07 17:00:00,Rat_lodging_Ben,148.13,12.2,6.0,7.8,998.7,2.6,17,4,4,98,32516.0,1949.0,Mixed
2016-04-07 18:00:00,Rat_lodging_Ben,146.19,11.7,6.0,8.3,999.1500000000001,3.1,18,4,4,98,32516.0,1949.0,Mixed
2016-04-07 19:00:00,Rat_lodging_Ben,153.33,11.1,6.0,8.9,999.6,3.1,19,4,4,98,32516.0,1949.0,Mixed
2016-04-07 20:00:00,Rat_lodging_Ben,147.94,11.7,5.0,7.2,1000.7,5.1,20,4,4,98,32516.0,1949.0,Mixed
2016-04-07 21:00:00,Rat_lodging_Ben,144.98,11.1,4.0,6.1,1002.5,4.1,21,4,4,98,32516.0,1949.0,Mixed
2016-04-07 22:00:00,Rat_lodging_Ben,139.87,10.6,4.0,3.3,1002.8,4.6,22,4,4,98,32516.0,1949.0,Mixed
2016-04-07 23:00:00,Rat_lodging_Ben,138.51,10.0,2.0,0.6,1003.2,5.1,23,4,4,98,32516.0,1949.0,Mixed
2016-04-08 00:00:00,Rat_lodging_Ben,228.93,8.9,2.0,-0.6,1003.8,4.6,0,5,4,99,32516.0,1949.0,Mixed
2016-04-08 01:00:00,Rat_lodging_Ben,223.63,8.3,4.0,-0.6,1004.0,3.6,1,5,4,99,32516.0,1949.0,Mixed
2016-04-08 02:00:00,Rat_lodging_Ben,221.44,7.8,4.0,-1.1,1004.3,3.1,2,5,4,99,32516.0,1949.0,Mixed
2016-04-08 03:00:00,Rat_lodging_Ben,224.77,7.2,4.0,-2.2,1004.3,4.6,3,5,4,99,32516.0,1949.0,Mixed
2016-04-08 04:00:00,Rat_lodging_Ben,229.76,7.2,2.0,-3.3,1004.4,4.1,4,5,4,99,32516.0,1949.0,Mixed
2016-04-08 05:00:00,Rat_lodging_Ben,250.83,6.7,3.333333333333333,-3.3,1004.6,4.1,5,5,4,99,32516.0,1949.0,Mixed
2016-04-08 06:00:00,Rat_lodging_Ben,275.72,6.7,4.666666666666666,-2.8,1005.6,3.1,6,5,4,99,32516.0,1949.0,Mixed
2016-04-08 07:00:00,Rat_lodging_Ben,270.79,7.2,6.0,-3.3,1006.6,7.2,7,5,4,99,32516.0,1949.0,Mixed
2016-04-08 08:00:00,Rat_lodging_Ben,283.08,7.2,6.0,-3.3,1007.2,5.7,8,5,4,99,32516.0,1949.0,Mixed
2016-04-08 09:00:00,Rat_lodging_Ben,286.36,7.8,6.0,-3.3,1007.6,7.2,9,5,4,99,32516.0,1949.0,Mixed
2016-04-08 10:00:00,Rat_lodging_Ben,293.69,8.3,6.0,-2.8,1008.0,8.2,10,5,4,99,32516.0,1949.0,Mixed
2016-04-08 11:00:00,Rat_lodging_Ben,292.88,8.9,6.666666666666667,-2.2,1008.4,6.2,11,5,4,99,32516.0,1949.0,Mixed
2016-04-08 12:00:00,Rat_lodging_Ben,289.5,8.9,7.333333333333333,-2.2,1008.6,7.7,12,5,4,99,32516.0,1949.0,Mixed
2016-04-08 13:00:00,Rat_lodging_Ben,287.29,10.0,8.0,-2.2,1008.5,7.2,13,5,4,99,32516.0,1949.0,Mixed
2016-04-08 14:00:00,Rat_lodging_Ben,289.18,11.1,7.333333333333333,-2.2,1008.2,7.7,14,5,4,99,32516.0,1949.0,Mixed
2016-04-08 15:00:00,Rat_lodging_Ben,281.7,10.6,6.666666666666667,-3.9,1008.3,8.2,15,5,4,99,32516.0,1949.0,Mixed
2016-04-08 16:00:00,Rat_lodging_Ben,277.57,11.7,6.0,-3.9,1008.2,4.6,16,5,4,99,32516.0,1949.0,Mixed
2016-04-08 17:00:00,Rat_lodging_Ben,272.72,11.7,4.0,-4.4,1008.6,5.7,17,5,4,99,32516.0,1949.0,Mixed
2016-04-08 18:00:00,Rat_lodging_Ben,273.12,11.1,4.0,-5.6,1009.1,6.7,18,5,4,99,32516.0,1949.0,Mixed
2016-04-08 19:00:00,Rat_lodging_Ben,274.4,9.4,2.0,-5.0,1009.5,5.7,19,5,4,99,32516.0,1949.0,Mixed
2016-04-08 20:00:00,Rat_lodging_Ben,275.51,8.3,2.0,-4.4,1009.6,4.1,20,5,4,99,32516.0,1949.0,Mixed
2016-04-08 21:00:00,Rat_lodging_Ben,264.57,8.9,5.0,-4.4,1009.9,2.1,21,5,4,99,32516.0,1949.0,Mixed
2016-04-08 22:00:00,Rat_lodging_Ben,242.77,8.9,8.0,-3.9,1009.3,0.0,22,5,4,99,32516.0,1949.0,Mixed
2016-04-08 23:00:00,Rat_lodging_Ben,229.71,7.8,8.0,-2.2,1008.9,1.5,23,5,4,99,32516.0,1949.0,Mixed
2016-04-09 00:00:00,Rat_lodging_Ben,226.41,7.2,8.0,-1.7,1008.7,2.1,0,6,4,100,32516.0,1949.0,Mixed
2016-04-09 01:00:00,Rat_lodging_Ben,222.03,6.7,8.0,-1.7,1008.1,2.6,1,6,4,100,32516.0,1949.0,Mixed
2016-04-09 02:00:00,Rat_lodging_Ben,219.72,7.2,8.0,-1.7,1007.5,3.6,2,6,4,100,32516.0,1949.0,Mixed
2016-04-09 03:00:00,Rat_lodging_Ben,216.77,7.2,8.0,-1.7,1007.1,2.1,3,6,4,100,32516.0,1949.0,Mixed
2016-04-09 04:00:00,Rat_lodging_Ben,215.54,6.7,8.0,0.0,1006.9,5.1,4,6,4,100,32516.0,1949.0,Mixed
2016-04-09 05:00:00,Rat_lodging_Ben,224.49,5.6,8.0,1.7,1006.3,3.6,5,6,4,100,32516.0,1949.0,Mixed
2016-04-09 06:00:00,Rat_lodging_Ben,251.76,5.0,8.0,2.2,1005.6,2.1,6,6,4,100,32516.0,1949.0,Mixed
2016-04-09 07:00:00,Rat_lodging_Ben,255.74,5.0,8.0,2.2,1006.0,2.6,7,6,4,100,32516.0,1949.0,Mixed
2016-04-09 08:00:00,Rat_lodging_Ben,267.6,5.0,8.0,2.8,1005.6,4.6,8,6,4,100,32516.0,1949.0,Mixed
2016-04-09 09:00:00,Rat_lodging_Ben,270.35,3.9,8.0,1.4,1006.6,5.7,9,6,4,100,32516.0,1949.0,Mixed
2016-04-09 10:00:00,Rat_lodging_Ben,273.79,2.2,8.0,0.0,1007.6,4.1,10,6,4,100,32516.0,1949.0,Mixed
2016-04-09 11:00:00,Rat_lodging_Ben,269.17,4.4,8.0,0.6,1008.2,5.1,11,6,4,100,32516.0,1949.0,Mixed
2016-04-09 12:00:00,Rat_lodging_Ben,260.19,7.2,8.0,-2.8,1008.0,7.7,12,6,4,100,32516.0,1949.0,Mixed
2016-04-09 13:00:00,Rat_lodging_Ben,265.62,8.9,8.0,-4.4,1008.4,9.8,13,6,4,100,32516.0,1949.0,Mixed
2016-04-09 14:00:00,Rat_lodging_Ben,269.66,10.0,7.333333333333333,-4.4,1009.2,8.2,14,6,4,100,32516.0,1949.0,Mixed
2016-04-09 15:00:00,Rat_lodging_Ben,260.99,8.3,6.666666666666667,-3.9,1010.2,8.8,15,6,4,100,32516.0,1949.0,Mixed
2016-04-09 16:00:00,Rat_lodging_Ben,252.49,7.8,6.0,-1.7,1011.8,10.3,16,6,4,100,32516.0,1949.0,Mixed
2016-04-09 17:00:00,Rat_lodging_Ben,249.06,6.1,6.0,-2.8,1013.4,11.3,17,6,4,100,32516.0,1949.0,Mixed
2016-04-09 18:00:00,Rat_lodging_Ben,254.16,5.0,6.0,-3.3,1015.5,10.8,18,6,4,100,32516.0,1949.0,Mixed
2016-04-09 19:00:00,Rat_lodging_Ben,254.9,4.4,6.0,-5.0,1017.2,9.3,19,6,4,100,32516.0,1949.0,Mixed
2016-04-09 20:00:00,Rat_lodging_Ben,265.16,3.9,4.0,-6.7,1019.4,9.3,20,6,4,100,32516.0,1949.0,Mixed
2016-04-09 21:00:00,Rat_lodging_Ben,258.77,3.3,2.0,-8.3,1021.0,9.8,21,6,4,100,32516.0,1949.0,Mixed
2016-04-09 22:00:00,Rat_lodging_Ben,234.99,2.8,0.0,-8.3,1021.8,8.2,22,6,4,100,32516.0,1949.0,Mixed
2016-04-09 23:00:00,Rat_lodging_Ben,229.25,2.2,0.0,-8.9,1022.9,7.2,23,6,4,100,32516.0,1949.0,Mixed
2016-04-10 00:00:00,Rat_lodging_Ben,218.09,1.7,0.0,-9.4,1023.8,7.7,0,7,4,101,32516.0,1949.0,Mixed
2016-04-10 01:00:00,Rat_lodging_Ben,220.81,1.1,0.0,-9.4,1024.7,5.7,1,7,4,101,32516.0,1949.0,Mixed
2016-04-10 02:00:00,Rat_lodging_Ben,215.62,0.6,0.0,-8.9,1025.3,4.6,2,7,4,101,32516.0,1949.0,Mixed
2016-04-10 03:00:00,Rat_lodging_Ben,215.33,0.0,0.0,-9.4,1025.7,5.1,3,7,4,101,32516.0,1949.0,Mixed
2016-04-10 04:00:00,Rat_lodging_Ben,219.16,0.0,0.0,-9.4,1026.3,4.1,4,7,4,101,32516.0,1949.0,Mixed
2016-04-10 05:00:00,Rat_lodging_Ben,227.39,-0.6,0.0,-8.9,1027.1,3.6,5,7,4,101,32516.0,1949.0,Mixed
2016-04-10 06:00:00,Rat_lodging_Ben,260.54,-0.6,2.0,-8.9,1028.0,4.1,6,7,4,101,32516.0,1949.0,Mixed
2016-04-10 07:00:00,Rat_lodging_Ben,264.5,0.6,2.0,-8.3,1028.9,4.1,7,7,4,101,32516.0,1949.0,Mixed
2016-04-10 08:00:00,Rat_lodging_Ben,274.71,2.2,2.0,-7.8,1029.9,3.6,8,7,4,101,32516.0,1949.0,Mixed
2016-04-10 09:00:00,Rat_lodging_Ben,279.5,3.3,2.0,-7.8,1030.3,2.1,9,7,4,101,32516.0,1949.0,Mixed
2016-04-10 10:00:00,Rat_lodging_Ben,279.26,3.9,2.0,-8.3,1030.1,2.1,10,7,4,101,32516.0,1949.0,Mixed
2016-04-10 11:00:00,Rat_lodging_Ben,274.76,5.6,4.0,-7.2,1029.9,2.6,11,7,4,101,32516.0,1949.0,Mixed
2016-04-10 12:00:00,Rat_lodging_Ben,267.0,6.1,4.0,-6.7,1029.4,3.1,12,7,4,101,32516.0,1949.0,Mixed
2016-04-10 13:00:00,Rat_lodging_Ben,273.91,8.3,6.0,-6.1,1028.4,4.6,13,7,4,101,32516.0,1949.0,Mixed
2016-04-10 14:00:00,Rat_lodging_Ben,268.49,8.9,6.0,-7.8,1027.7,4.6,14,7,4,101,32516.0,1949.0,Mixed
2016-04-10 15:00:00,Rat_lodging_Ben,257.28,9.4,6.0,-7.2,1026.8,3.6,15,7,4,101,32516.0,1949.0,Mixed
2016-04-10 16:00:00,Rat_lodging_Ben,263.24,10.6,6.0,-7.8,1026.3,3.1,16,7,4,101,32516.0,1949.0,Mixed
2016-04-10 17:00:00,Rat_lodging_Ben,250.06,11.1,6.0,-7.8,1025.9,5.1,17,7,4,101,32516.0,1949.0,Mixed
2016-04-10 18:00:00,Rat_lodging_Ben,250.11,10.6,6.0,-6.1,1025.6,4.1,18,7,4,101,32516.0,1949.0,Mixed
2016-04-10 19:00:00,Rat_lodging_Ben,263.2,10.0,6.0,-5.0,1025.5,5.1,19,7,4,101,32516.0,1949.0,Mixed
2016-04-10 20:00:00,Rat_lodging_Ben,265.6,9.4,6.0,-4.4,1025.6,4.6,20,7,4,101,32516.0,1949.0,Mixed
2016-04-10 21:00:00,Rat_lodging_Ben,262.73,7.8,6.0,-0.6,1025.8,4.1,21,7,4,101,32516.0,1949.0,Mixed
2016-04-10 22:00:00,Rat_lodging_Ben,242.12,7.8,6.0,0.6,1025.8,6.7,22,7,4,101,32516.0,1949.0,Mixed
2016-04-10 23:00:00,Rat_lodging_Ben,229.18,8.3,6.666666666666667,0.6,1025.6,6.2,23,7,4,101,32516.0,1949.0,Mixed
2016-04-11 00:00:00,Rat_lodging_Ben,219.8,8.9,7.333333333333333,0.6,1024.8,7.2,0,1,4,102,32516.0,1949.0,Mixed
2016-04-11 01:00:00,Rat_lodging_Ben,216.22,9.4,8.0,-0.6,1024.2,8.2,1,1,4,102,32516.0,1949.0,Mixed
2016-04-11 02:00:00,Rat_lodging_Ben,216.34,9.4,8.0,-0.6,1024.3,6.7,2,1,4,102,32516.0,1949.0,Mixed
2016-04-11 03:00:00,Rat_lodging_Ben,214.49,8.9,8.0,-0.6,1024.1,5.1,3,1,4,102,32516.0,1949.0,Mixed
2016-04-11 04:00:00,Rat_lodging_Ben,225.87,8.3,8.0,0.6,1023.4,6.2,4,1,4,102,32516.0,1949.0,Mixed
2016-04-11 05:00:00,Rat_lodging_Ben,236.89,8.9,8.0,0.6,1023.3,7.2,5,1,4,102,32516.0,1949.0,Mixed
2016-04-11 06:00:00,Rat_lodging_Ben,282.26,8.3,8.0,1.7,1023.3,7.2,6,1,4,102,32516.0,1949.0,Mixed
2016-04-11 07:00:00,Rat_lodging_Ben,273.78,8.9,8.0,2.2,1023.2,5.7,7,1,4,102,32516.0,1949.0,Mixed
2016-04-11 08:00:00,Rat_lodging_Ben,271.72,9.4,8.0,3.3,1022.7,5.1,8,1,4,102,32516.0,1949.0,Mixed
2016-04-11 09:00:00,Rat_lodging_Ben,293.46,10.6,8.0,2.2,1022.5,6.2,9,1,4,102,32516.0,1949.0,Mixed
2016-04-11 10:00:00,Rat_lodging_Ben,299.41,12.2,8.0,2.8,1021.9,7.2,10,1,4,102,32516.0,1949.0,Mixed
2016-04-11 11:00:00,Rat_lodging_Ben,309.19,15.0,6.666666666666667,3.3,1021.1,9.3,11,1,4,102,32516.0,1949.0,Mixed
2016-04-11 12:00:00,Rat_lodging_Ben,307.05,17.8,5.333333333333334,4.4,1019.8,7.2,12,1,4,102,32516.0,1949.0,Mixed
2016-04-11 13:00:00,Rat_lodging_Ben,321.09,20.0,4.0,6.7,1018.9,7.7,13,1,4,102,32516.0,1949.0,Mixed
2016-04-11 14:00:00,Rat_lodging_Ben,325.72,20.6,4.0,7.2,1017.5,11.3,14,1,4,102,32516.0,1949.0,Mixed
2016-04-11 15:00:00,Rat_lodging_Ben,336.4,22.2,4.0,7.8,1016.3,9.8,15,1,4,102,32516.0,1949.0,Mixed
2016-04-11 16:00:00,Rat_lodging_Ben,334.56,22.8,4.0,8.3,1015.9,10.3,16,1,4,102,32516.0,1949.0,Mixed
2016-04-11 17:00:00,Rat_lodging_Ben,332.75,22.8,4.666666666666667,7.8,1015.3,7.2,17,1,4,102,32516.0,1949.0,Mixed
2016-04-11 18:00:00,Rat_lodging_Ben,311.22,19.4,5.333333333333333,8.9,1014.7,7.2,18,1,4,102,32516.0,1949.0,Mixed
2016-04-11 19:00:00,Rat_lodging_Ben,319.86,21.1,6.0,8.9,1014.3,7.2,19,1,4,102,32516.0,1949.0,Mixed
2016-04-11 20:00:00,Rat_lodging_Ben,311.19,20.0,6.0,9.4,1015.1,5.1,20,1,4,102,32516.0,1949.0,Mixed
2016-04-11 21:00:00,Rat_lodging_Ben,295.68,20.6,6.0,8.9,1014.6,8.8,21,1,4,102,32516.0,1949.0,Mixed
2016-04-11 22:00:00,Rat_lodging_Ben,265.29,18.9,6.0,9.4,1014.3,6.2,22,1,4,102,32516.0,1949.0,Mixed
2016-04-11 23:00:00,Rat_lodging_Ben,252.88,19.4,6.666666666666667,9.4,1014.4,6.2,23,1,4,102,32516.0,1949.0,Mixed
2016-04-12 00:00:00,Rat_lodging_Ben,251.22,20.0,7.333333333333333,10.0,1014.1,8.8,0,2,4,103,32516.0,1949.0,Mixed
2016-04-12 01:00:00,Rat_lodging_Ben,246.94,20.0,8.0,10.0,1013.8,9.3,1,2,4,103,32516.0,1949.0,Mixed
2016-04-12 02:00:00,Rat_lodging_Ben,245.08,19.4,8.0,10.6,1013.4,9.3,2,2,4,103,32516.0,1949.0,Mixed
2016-04-12 03:00:00,Rat_lodging_Ben,243.22,18.3,8.0,11.1,1013.4,7.7,3,2,4,103,32516.0,1949.0,Mixed
2016-04-12 04:00:00,Rat_lodging_Ben,242.55,17.8,8.0,11.1,1013.8,6.2,4,2,4,103,32516.0,1949.0,Mixed
2016-04-12 05:00:00,Rat_lodging_Ben,256.82,16.7,8.0,12.2,1014.0,7.2,5,2,4,103,32516.0,1949.0,Mixed
2016-04-12 06:00:00,Rat_lodging_Ben,299.01,16.1,8.0,12.8,1014.8,6.2,6,2,4,103,32516.0,1949.0,Mixed
2016-04-12 07:00:00,Rat_lodging_Ben,294.9,15.6,8.0,12.8,1015.4,5.7,7,2,4,103,32516.0,1949.0,Mixed
2016-04-12 08:00:00,Rat_lodging_Ben,293.84,16.1,8.0,13.3,1015.8,6.2,8,2,4,103,32516.0,1949.0,Mixed
2016-04-12 09:00:00,Rat_lodging_Ben,296.41,13.9,8.0,11.7,1017.6,4.6,9,2,4,103,32516.0,1949.0,Mixed
2016-04-12 10:00:00,Rat_lodging_Ben,296.58,13.3,8.0,8.9,1019.0,8.8,10,2,4,103,32516.0,1949.0,Mixed
2016-04-12 11:00:00,Rat_lodging_Ben,297.25,13.9,6.666666666666667,6.7,1019.2,8.2,11,2,4,103,32516.0,1949.0,Mixed
2016-04-12 12:00:00,Rat_lodging_Ben,305.62,16.1,5.333333333333334,6.1,1019.3,8.8,12,2,4,103,32516.0,1949.0,Mixed
2016-04-12 13:00:00,Rat_lodging_Ben,298.36,16.7,4.0,3.9,1019.5,8.2,13,2,4,103,32516.0,1949.0,Mixed
2016-04-12 14:00:00,Rat_lodging_Ben,303.82,16.7,4.0,2.2,1019.5,7.2,14,2,4,103,32516.0,1949.0,Mixed
2016-04-12 15:00:00,Rat_lodging_Ben,304.18,17.2,4.0,-1.7,1019.9,8.8,15,2,4,103,32516.0,1949.0,Mixed
2016-04-12 16:00:00,Rat_lodging_Ben,309.91,17.2,4.0,-3.3,1020.4,6.7,16,2,4,103,32516.0,1949.0,Mixed
2016-04-12 17:00:00,Rat_lodging_Ben,295.37,16.1,2.0,-3.9,1021.0,9.3,17,2,4,103,32516.0,1949.0,Mixed
2016-04-12 18:00:00,Rat_lodging_Ben,286.63,15.6,2.0,-3.9,1021.9,8.2,18,2,4,103,32516.0,1949.0,Mixed
2016-04-12 19:00:00,Rat_lodging_Ben,286.89,13.9,2.0,-3.9,1022.9,6.7,19,2,4,103,32516.0,1949.0,Mixed
2016-04-12 20:00:00,Rat_lodging_Ben,275.81,12.8,2.0,-3.3,1024.1,8.2,20,2,4,103,32516.0,1949.0,Mixed
2016-04-12 21:00:00,Rat_lodging_Ben,263.3,11.7,2.0,-3.9,1025.1,4.6,21,2,4,103,32516.0,1949.0,Mixed
2016-04-12 22:00:00,Rat_lodging_Ben,243.1,11.1,2.0,-2.8,1025.6,5.1,22,2,4,103,32516.0,1949.0,Mixed
2016-04-12 23:00:00,Rat_lodging_Ben,235.98,9.4,0.0,-3.3,1026.1,4.6,23,2,4,103,32516.0,1949.0,Mixed
2016-04-13 00:00:00,Rat_lodging_Ben,223.01,9.4,0.0,-3.3,1026.5,4.6,0,3,4,104,32516.0,1949.0,Mixed
2016-04-13 01:00:00,Rat_lodging_Ben,219.79,9.4,0.0,-3.3,1026.5,6.2,1,3,4,104,32516.0,1949.0,Mixed
2016-04-13 02:00:00,Rat_lodging_Ben,217.94,8.3,0.0,-3.3,1027.0,6.2,2,3,4,104,32516.0,1949.0,Mixed
2016-04-13 03:00:00,Rat_lodging_Ben,212.54,7.8,0.0,-3.9,1028.0,4.1,3,3,4,104,32516.0,1949.0,Mixed
2016-04-13 04:00:00,Rat_lodging_Ben,205.74,7.2,0.0,-3.9,1028.8,5.1,4,3,4,104,32516.0,1949.0,Mixed
2016-04-13 05:00:00,Rat_lodging_Ben,220.45,6.1,2.0,-3.9,1029.4,4.6,5,3,4,104,32516.0,1949.0,Mixed
2016-04-13 06:00:00,Rat_lodging_Ben,259.65,6.1,0.0,-3.9,1030.1,3.6,6,3,4,104,32516.0,1949.0,Mixed
2016-04-13 07:00:00,Rat_lodging_Ben,258.46,7.2,0.0,-3.9,1030.4,4.1,7,3,4,104,32516.0,1949.0,Mixed
2016-04-13 08:00:00,Rat_lodging_Ben,268.4,8.3,0.0,-2.8,1030.7,4.6,8,3,4,104,32516.0,1949.0,Mixed
2016-04-13 09:00:00,Rat_lodging_Ben,276.93,10.0,0.0,-2.8,1030.8,3.6,9,3,4,104,32516.0,1949.0,Mixed
2016-04-13 10:00:00,Rat_lodging_Ben,288.87,10.6,2.0,-2.2,1030.2,3.6,10,3,4,104,32516.0,1949.0,Mixed
2016-04-13 11:00:00,Rat_lodging_Ben,291.85,11.1,2.0,-2.8,1029.7,0.0,11,3,4,104,32516.0,1949.0,Mixed
2016-04-13 12:00:00,Rat_lodging_Ben,284.42,11.7,2.0,-2.2,1029.1,1.5,12,3,4,104,32516.0,1949.0,Mixed
2016-04-13 13:00:00,Rat_lodging_Ben,281.37,12.2,2.0,-2.2,1027.6,1.5,13,3,4,104,32516.0,1949.0,Mixed
2016-04-13 14:00:00,Rat_lodging_Ben,283.03,13.3,0.0,-2.8,1027.3,2.1,14,3,4,104,32516.0,1949.0,Mixed
2016-04-13 15:00:00,Rat_lodging_Ben,286.92,13.9,2.0,-2.2,1027.0,1.5,15,3,4,104,32516.0,1949.0,Mixed
2016-04-13 16:00:00,Rat_lodging_Ben,296.06,13.9,2.0,-2.8,1026.7,0.0,16,3,4,104,32516.0,1949.0,Mixed
2016-04-13 17:00:00,Rat_lodging_Ben,291.35,13.9,2.0,-2.8,1025.8,0.0,17,3,4,104,32516.0,1949.0,Mixed
2016-04-13 18:00:00,Rat_lodging_Ben,277.44,13.9,2.0,-2.2,1025.5,3.6,18,3,4,104,32516.0,1949.0,Mixed
2016-04-13 19:00:00,Rat_lodging_Ben,278.84,11.7,4.0,-0.6,1025.8,5.1,19,3,4,104,32516.0,1949.0,Mixed
2016-04-13 20:00:00,Rat_lodging_Ben,272.17,10.6,3.0,-2.8,1026.8,2.6,20,3,4,104,32516.0,1949.0,Mixed
2016-04-13 21:00:00,Rat_lodging_Ben,253.14,10.0,2.0,-3.3,1026.9,0.0,21,3,4,104,32516.0,1949.0,Mixed
2016-04-13 22:00:00,Rat_lodging_Ben,235.09,10.0,0.0,-3.3,1026.6,0.0,22,3,4,104,32516.0,1949.0,Mixed
2016-04-13 23:00:00,Rat_lodging_Ben,222.48,10.0,0.0,-1.7,1026.3,0.0,23,3,4,104,32516.0,1949.0,Mixed
2016-04-14 00:00:00,Rat_lodging_Ben,212.79,7.8,2.0,0.0,1026.6,3.1,0,4,4,105,32516.0,1949.0,Mixed
2016-04-14 01:00:00,Rat_lodging_Ben,208.59,7.2,2.0,0.6,1026.6,2.1,1,4,4,105,32516.0,1949.0,Mixed
2016-04-14 02:00:00,Rat_lodging_Ben,206.19,7.2,0.0,1.1,1026.6,0.0,2,4,4,105,32516.0,1949.0,Mixed
2016-04-14 03:00:00,Rat_lodging_Ben,209.89,6.7,0.0,1.7,1026.1,1.5,3,4,4,105,32516.0,1949.0,Mixed
2016-04-14 04:00:00,Rat_lodging_Ben,214.2,6.1,0.0,2.2,1026.7,0.0,4,4,4,105,32516.0,1949.0,Mixed
2016-04-14 05:00:00,Rat_lodging_Ben,229.59,6.1,0.0,2.2,1026.7,0.0,5,4,4,105,32516.0,1949.0,Mixed
2016-04-14 06:00:00,Rat_lodging_Ben,266.8,5.6,0.0,2.2,1027.2,1.5,6,4,4,105,32516.0,1949.0,Mixed
2016-04-14 07:00:00,Rat_lodging_Ben,273.33,7.2,0.0,2.8,1027.8,1.5,7,4,4,105,32516.0,1949.0,Mixed
2016-04-14 08:00:00,Rat_lodging_Ben,280.78,8.9,0.0,3.3,1028.2,1.5,8,4,4,105,32516.0,1949.0,Mixed
2016-04-14 09:00:00,Rat_lodging_Ben,291.69,11.1,0.0,2.8,1028.3,0.0,9,4,4,105,32516.0,1949.0,Mixed
2016-04-14 10:00:00,Rat_lodging_Ben,288.54,13.3,0.0,1.7,1028.3,3.6,10,4,4,105,32516.0,1949.0,Mixed
2016-04-14 11:00:00,Rat_lodging_Ben,294.33,15.0,0.0,0.6,1028.2,2.1,11,4,4,105,32516.0,1949.0,Mixed
2016-04-14 12:00:00,Rat_lodging_Ben,285.48,16.1,0.0,0.6,1027.6,2.1,12,4,4,105,32516.0,1949.0,Mixed
2016-04-14 13:00:00,Rat_lodging_Ben,295.29,15.6,2.0,-0.6,1026.9,0.0,13,4,4,105,32516.0,1949.0,Mixed
2016-04-14 14:00:00,Rat_lodging_Ben,289.87,17.2,2.0,-1.1,1026.3,1.5,14,4,4,105,32516.0,1949.0,Mixed
2016-04-14 15:00:00,Rat_lodging_Ben,291.42,16.7,0.0,1.1,1025.8,4.1,15,4,4,105,32516.0,1949.0,Mixed
2016-04-14 16:00:00,Rat_lodging_Ben,289.1,17.2,0.0,0.0,1025.6,2.1,16,4,4,105,32516.0,1949.0,Mixed
2016-04-14 17:00:00,Rat_lodging_Ben,279.88,16.1,0.0,-0.6,1025.7,3.6,17,4,4,105,32516.0,1949.0,Mixed
2016-04-14 18:00:00,Rat_lodging_Ben,278.47,15.6,0.0,0.0,1025.7,3.6,18,4,4,105,32516.0,1949.0,Mixed
2016-04-14 19:00:00,Rat_lodging_Ben,276.89,14.4,2.0,-0.6,1026.0,4.1,19,4,4,105,32516.0,1949.0,Mixed
2016-04-14 20:00:00,Rat_lodging_Ben,276.05,12.8,0.0,1.1,1026.7,2.6,20,4,4,105,32516.0,1949.0,Mixed
2016-04-14 21:00:00,Rat_lodging_Ben,265.57,11.7,0.0,1.1,1027.3,2.6,21,4,4,105,32516.0,1949.0,Mixed
2016-04-14 22:00:00,Rat_lodging_Ben,231.88,11.7,0.0,1.1,1027.6,5.7,22,4,4,105,32516.0,1949.0,Mixed
2016-04-14 23:00:00,Rat_lodging_Ben,224.18,10.0,0.0,3.3,1028.0,3.6,23,4,4,105,32516.0,1949.0,Mixed
2016-04-15 00:00:00,Rat_lodging_Ben,217.86,9.4,0.0,3.3,1028.2,3.1,0,5,4,106,32516.0,1949.0,Mixed
2016-04-15 01:00:00,Rat_lodging_Ben,215.95,8.9,0.0,2.8,1028.1,2.6,1,5,4,106,32516.0,1949.0,Mixed
2016-04-15 02:00:00,Rat_lodging_Ben,209.55,8.3,0.0,2.8,1027.7,1.5,2,5,4,106,32516.0,1949.0,Mixed
2016-04-15 03:00:00,Rat_lodging_Ben,209.96,7.2,0.0,2.8,1027.7,0.0,3,5,4,106,32516.0,1949.0,Mixed
2016-04-15 04:00:00,Rat_lodging_Ben,212.1,7.8,0.0,2.8,1028.1,0.0,4,5,4,106,32516.0,1949.0,Mixed
2016-04-15 05:00:00,Rat_lodging_Ben,222.94,7.2,0.0,3.3,1028.7,0.0,5,5,4,106,32516.0,1949.0,Mixed
2016-04-15 06:00:00,Rat_lodging_Ben,261.87,6.7,0.0,2.2,1029.6,2.1,6,5,4,106,32516.0,1949.0,Mixed
2016-04-15 07:00:00,Rat_lodging_Ben,272.53,8.3,2.0,3.3,1030.4,0.0,7,5,4,106,32516.0,1949.0,Mixed
2016-04-15 08:00:00,Rat_lodging_Ben,269.34,10.6,2.0,3.3,1030.9,0.0,8,5,4,106,32516.0,1949.0,Mixed
2016-04-15 09:00:00,Rat_lodging_Ben,276.33,11.7,2.0,2.2,1031.0,2.1,9,5,4,106,32516.0,1949.0,Mixed
2016-04-15 10:00:00,Rat_lodging_Ben,289.91,13.3,2.0,1.1,1031.2,2.1,10,5,4,106,32516.0,1949.0,Mixed
2016-04-15 11:00:00,Rat_lodging_Ben,295.11,15.6,2.0,1.7,1031.1,2.6,11,5,4,106,32516.0,1949.0,Mixed
2016-04-15 12:00:00,Rat_lodging_Ben,283.81,15.6,2.0,1.1,1030.7,1.5,12,5,4,106,32516.0,1949.0,Mixed
2016-04-15 13:00:00,Rat_lodging_Ben,293.26,17.2,2.0,1.1,1030.1,3.1,13,5,4,106,32516.0,1949.0,Mixed
2016-04-15 14:00:00,Rat_lodging_Ben,291.4,17.2,2.0,0.6,1029.7,1.5,14,5,4,106,32516.0,1949.0,Mixed
2016-04-15 15:00:00,Rat_lodging_Ben,296.81,16.7,2.0,-0.6,1029.2,0.0,15,5,4,106,32516.0,1949.0,Mixed
2016-04-15 16:00:00,Rat_lodging_Ben,292.8,17.2,2.0,-0.6,1029.0,2.1,16,5,4,106,32516.0,1949.0,Mixed
2016-04-15 17:00:00,Rat_lodging_Ben,282.05,16.7,2.0,1.1,1028.9,3.6,17,5,4,106,32516.0,1949.0,Mixed
2016-04-15 18:00:00,Rat_lodging_Ben,272.79,16.1,2.0,0.6,1028.9,3.6,18,5,4,106,32516.0,1949.0,Mixed
2016-04-15 19:00:00,Rat_lodging_Ben,269.47,14.4,2.0,0.6,1029.2,3.6,19,5,4,106,32516.0,1949.0,Mixed
2016-04-15 20:00:00,Rat_lodging_Ben,258.46,13.3,0.0,1.7,1029.7,2.6,20,5,4,106,32516.0,1949.0,Mixed
2016-04-15 21:00:00,Rat_lodging_Ben,246.34,12.2,0.0,1.7,1030.0,3.1,21,5,4,106,32516.0,1949.0,Mixed
2016-04-15 22:00:00,Rat_lodging_Ben,233.98,11.1,0.0,1.7,1030.2,3.6,22,5,4,106,32516.0,1949.0,Mixed
2016-04-15 23:00:00,Rat_lodging_Ben,222.11,10.0,0.0,2.2,1030.2,3.6,23,5,4,106,32516.0,1949.0,Mixed
2016-04-16 00:00:00,Rat_lodging_Ben,217.97,9.4,0.0,3.3,1030.2,3.6,0,6,4,107,32516.0,1949.0,Mixed
2016-04-16 01:00:00,Rat_lodging_Ben,215.12,8.9,0.0,3.3,1030.0,3.6,1,6,4,107,32516.0,1949.0,Mixed
2016-04-16 02:00:00,Rat_lodging_Ben,209.57,8.3,0.0,2.8,1029.7,3.6,2,6,4,107,32516.0,1949.0,Mixed
2016-04-16 03:00:00,Rat_lodging_Ben,206.79,8.3,2.0,2.8,1029.3,1.5,3,6,4,107,32516.0,1949.0,Mixed
2016-04-16 04:00:00,Rat_lodging_Ben,208.49,7.8,0.0,1.7,1029.2,2.1,4,6,4,107,32516.0,1949.0,Mixed
2016-04-16 05:00:00,Rat_lodging_Ben,216.64,7.8,0.0,1.7,1029.3,1.5,5,6,4,107,32516.0,1949.0,Mixed
2016-04-16 06:00:00,Rat_lodging_Ben,237.27,7.8,2.0,1.1,1029.9,1.5,6,6,4,107,32516.0,1949.0,Mixed
2016-04-16 07:00:00,Rat_lodging_Ben,248.24,9.4,2.0,2.2,1030.3,1.5,7,6,4,107,32516.0,1949.0,Mixed
2016-04-16 08:00:00,Rat_lodging_Ben,274.33,11.7,2.0,3.9,1030.6,1.5,8,6,4,107,32516.0,1949.0,Mixed
2016-04-16 09:00:00,Rat_lodging_Ben,289.27,15.0,2.0,3.3,1030.8,1.5,9,6,4,107,32516.0,1949.0,Mixed
2016-04-16 10:00:00,Rat_lodging_Ben,287.07,17.8,0.0,3.3,1030.7,1.5,10,6,4,107,32516.0,1949.0,Mixed
2016-04-16 11:00:00,Rat_lodging_Ben,279.86,19.4,2.0,2.8,1030.2,2.6,11,6,4,107,32516.0,1949.0,Mixed
2016-04-16 12:00:00,Rat_lodging_Ben,281.92,20.6,2.0,2.2,1029.8,3.6,12,6,4,107,32516.0,1949.0,Mixed
2016-04-16 13:00:00,Rat_lodging_Ben,288.55,21.1,2.0,1.7,1029.2,2.6,13,6,4,107,32516.0,1949.0,Mixed
2016-04-16 14:00:00,Rat_lodging_Ben,288.52,21.7,2.0,0.0,1028.8,3.6,14,6,4,107,32516.0,1949.0,Mixed
2016-04-16 15:00:00,Rat_lodging_Ben,298.15,21.7,2.0,0.6,1028.0,3.1,15,6,4,107,32516.0,1949.0,Mixed
2016-04-16 16:00:00,Rat_lodging_Ben,282.41,21.1,2.0,1.7,1027.9,3.1,16,6,4,107,32516.0,1949.0,Mixed
2016-04-16 17:00:00,Rat_lodging_Ben,280.28,20.6,2.0,2.8,1028.1,5.1,17,6,4,107,32516.0,1949.0,Mixed
2016-04-16 18:00:00,Rat_lodging_Ben,268.54,18.9,2.0,2.8,1028.4,5.7,18,6,4,107,32516.0,1949.0,Mixed
2016-04-16 19:00:00,Rat_lodging_Ben,261.92,16.7,2.0,2.2,1028.6,2.6,19,6,4,107,32516.0,1949.0,Mixed
2016-04-16 20:00:00,Rat_lodging_Ben,251.04,15.6,0.0,3.9,1029.3,2.1,20,6,4,107,32516.0,1949.0,Mixed
2016-04-16 21:00:00,Rat_lodging_Ben,251.78,15.6,0.0,0.6,1029.5,2.1,21,6,4,107,32516.0,1949.0,Mixed
2016-04-16 22:00:00,Rat_lodging_Ben,219.14,13.3,0.0,1.1,1030.0,2.1,22,6,4,107,32516.0,1949.0,Mixed
2016-04-16 23:00:00,Rat_lodging_Ben,216.12,12.2,0.0,3.3,1030.1,5.7,23,6,4,107,32516.0,1949.0,Mixed
2016-04-17 00:00:00,Rat_lodging_Ben,211.86,10.6,0.0,3.9,1030.3,3.1,0,7,4,108,32516.0,1949.0,Mixed
2016-04-17 01:00:00,Rat_lodging_Ben,208.23,10.6,0.0,3.9,1030.6,2.6,1,7,4,108,32516.0,1949.0,Mixed
2016-04-17 02:00:00,Rat_lodging_Ben,210.01,9.4,0.0,3.3,1030.6,2.1,2,7,4,108,32516.0,1949.0,Mixed
2016-04-17 03:00:00,Rat_lodging_Ben,209.98,9.4,2.0,3.3,1030.6,2.1,3,7,4,108,32516.0,1949.0,Mixed
2016-04-17 04:00:00,Rat_lodging_Ben,213.55,8.9,0.0,3.9,1030.6,0.0,4,7,4,108,32516.0,1949.0,Mixed
2016-04-17 05:00:00,Rat_lodging_Ben,216.31,9.4,0.0,4.4,1031.2,0.0,5,7,4,108,32516.0,1949.0,Mixed
2016-04-17 06:00:00,Rat_lodging_Ben,235.45,8.9,0.0,2.2,1031.6,0.0,6,7,4,108,32516.0,1949.0,Mixed
2016-04-17 07:00:00,Rat_lodging_Ben,254.44,10.0,0.0,3.3,1032.1,2.1,7,7,4,108,32516.0,1949.0,Mixed
2016-04-17 08:00:00,Rat_lodging_Ben,265.95,11.7,0.0,1.1,1032.3,2.6,8,7,4,108,32516.0,1949.0,Mixed
2016-04-17 09:00:00,Rat_lodging_Ben,286.72,13.3,0.0,1.7,1032.5,0.0,9,7,4,108,32516.0,1949.0,Mixed
2016-04-17 10:00:00,Rat_lodging_Ben,278.96,15.0,2.0,-0.6,1032.2,1.5,10,7,4,108,32516.0,1949.0,Mixed
2016-04-17 11:00:00,Rat_lodging_Ben,277.65,16.7,2.0,1.1,1031.7,2.1,11,7,4,108,32516.0,1949.0,Mixed
2016-04-17 12:00:00,Rat_lodging_Ben,272.71,17.8,4.0,1.1,1030.8,2.1,12,7,4,108,32516.0,1949.0,Mixed
2016-04-17 13:00:00,Rat_lodging_Ben,279.07,18.9,2.0,2.2,1030.0,2.1,13,7,4,108,32516.0,1949.0,Mixed
2016-04-17 14:00:00,Rat_lodging_Ben,285.02,21.1,4.0,0.6,1029.0,1.5,14,7,4,108,32516.0,1949.0,Mixed
2016-04-17 15:00:00,Rat_lodging_Ben,291.4,22.2,2.0,1.7,1027.8,2.1,15,7,4,108,32516.0,1949.0,Mixed
2016-04-17 16:00:00,Rat_lodging_Ben,284.31,22.8,2.0,2.2,1027.2,1.5,16,7,4,108,32516.0,1949.0,Mixed
2016-04-17 17:00:00,Rat_lodging_Ben,271.67,22.8,2.0,1.1,1026.6,0.0,17,7,4,108,32516.0,1949.0,Mixed
2016-04-17 18:00:00,Rat_lodging_Ben,273.06,21.7,2.0,2.2,1026.2,2.1,18,7,4,108,32516.0,1949.0,Mixed
2016-04-17 19:00:00,Rat_lodging_Ben,264.77,21.7,2.0,1.1,1026.1,1.5,19,7,4,108,32516.0,1949.0,Mixed
2016-04-17 20:00:00,Rat_lodging_Ben,265.18,19.4,2.0,0.6,1026.2,2.1,20,7,4,108,32516.0,1949.0,Mixed
2016-04-17 21:00:00,Rat_lodging_Ben,256.03,17.2,2.0,7.8,1026.4,1.5,21,7,4,108,32516.0,1949.0,Mixed
2016-04-17 22:00:00,Rat_lodging_Ben,232.23,16.1,2.0,6.1,1026.0,3.1,22,7,4,108,32516.0,1949.0,Mixed
2016-04-17 23:00:00,Rat_lodging_Ben,221.8,15.6,2.0,3.9,1025.9,1.5,23,7,4,108,32516.0,1949.0,Mixed
2016-04-18 00:00:00,Rat_lodging_Ben,214.81,13.9,2.0,8.3,1025.9,2.6,0,1,4,109,32516.0,1949.0,Mixed
2016-04-18 01:00:00,Rat_lodging_Ben,207.21,13.9,4.0,6.7,1025.3,2.1,1,1,4,109,32516.0,1949.0,Mixed
2016-04-18 02:00:00,Rat_lodging_Ben,204.32,12.8,2.0,6.7,1024.7,1.5,2,1,4,109,32516.0,1949.0,Mixed
2016-04-18 03:00:00,Rat_lodging_Ben,201.07,12.2,2.0,6.7,1024.5,2.1,3,1,4,109,32516.0,1949.0,Mixed
2016-04-18 04:00:00,Rat_lodging_Ben,201.89,11.7,0.0,5.6,1024.5,1.5,4,1,4,109,32516.0,1949.0,Mixed
2016-04-18 05:00:00,Rat_lodging_Ben,222.59,11.7,0.0,5.6,1024.7,1.5,5,1,4,109,32516.0,1949.0,Mixed
2016-04-18 06:00:00,Rat_lodging_Ben,276.35,11.7,2.0,6.7,1025.2,0.0,6,1,4,109,32516.0,1949.0,Mixed
2016-04-18 07:00:00,Rat_lodging_Ben,286.45,13.9,2.0,10.0,1025.3,0.0,7,1,4,109,32516.0,1949.0,Mixed
2016-04-18 08:00:00,Rat_lodging_Ben,291.2,15.6,2.0,8.3,1025.1,0.0,8,1,4,109,32516.0,1949.0,Mixed
2016-04-18 09:00:00,Rat_lodging_Ben,349.43,19.4,2.0,7.8,1024.9,0.0,9,1,4,109,32516.0,1949.0,Mixed
2016-04-18 10:00:00,Rat_lodging_Ben,417.33,22.2,4.0,6.7,1024.4,1.5,10,1,4,109,32516.0,1949.0,Mixed
2016-04-18 11:00:00,Rat_lodging_Ben,423.82,24.4,4.0,5.0,1023.8,1.5,11,1,4,109,32516.0,1949.0,Mixed
2016-04-18 12:00:00,Rat_lodging_Ben,421.45,27.2,5.0,6.1,1023.1,2.1,12,1,4,109,32516.0,1949.0,Mixed
2016-04-18 13:00:00,Rat_lodging_Ben,429.92,28.3,6.0,5.6,1022.6,5.7,13,1,4,109,32516.0,1949.0,Mixed
2016-04-18 14:00:00,Rat_lodging_Ben,434.66,28.3,5.0,3.9,1022.0,6.2,14,1,4,109,32516.0,1949.0,Mixed
2016-04-18 15:00:00,Rat_lodging_Ben,430.77,28.3,4.0,4.4,1021.2,4.1,15,1,4,109,32516.0,1949.0,Mixed
2016-04-18 16:00:00,Rat_lodging_Ben,427.67,28.9,4.0,3.9,1020.6,4.1,16,1,4,109,32516.0,1949.0,Mixed
2016-04-18 17:00:00,Rat_lodging_Ben,419.96,28.9,4.666666666666667,3.3,1020.0,3.1,17,1,4,109,32516.0,1949.0,Mixed
2016-04-18 18:00:00,Rat_lodging_Ben,414.77,26.7,5.333333333333333,5.6,1019.6,1.5,18,1,4,109,32516.0,1949.0,Mixed
2016-04-18 19:00:00,Rat_lodging_Ben,414.85,23.3,6.0,7.8,1019.6,3.1,19,1,4,109,32516.0,1949.0,Mixed
2016-04-18 20:00:00,Rat_lodging_Ben,411.7,21.7,6.0,6.7,1019.8,2.6,20,1,4,109,32516.0,1949.0,Mixed
2016-04-18 21:00:00,Rat_lodging_Ben,388.75,21.7,6.0,5.0,1020.2,1.5,21,1,4,109,32516.0,1949.0,Mixed
2016-04-18 22:00:00,Rat_lodging_Ben,351.45,20.0,6.0,8.9,1020.0,0.0,22,1,4,109,32516.0,1949.0,Mixed
2016-04-18 23:00:00,Rat_lodging_Ben,311.31,17.8,6.0,11.1,1019.7,1.5,23,1,4,109,32516.0,1949.0,Mixed
2016-04-19 00:00:00,Rat_lodging_Ben,284.83,16.1,6.0,11.7,1019.5,3.1,0,2,4,110,32516.0,1949.0,Mixed
2016-04-19 01:00:00,Rat_lodging_Ben,270.05,16.1,6.0,10.0,1019.1,3.6,1,2,4,110,32516.0,1949.0,Mixed
2016-04-19 02:00:00,Rat_lodging_Ben,266.59,16.1,6.0,8.9,1018.2,3.1,2,2,4,110,32516.0,1949.0,Mixed
2016-04-19 03:00:00,Rat_lodging_Ben,260.97,15.0,6.0,9.4,1017.8,0.0,3,2,4,110,32516.0,1949.0,Mixed
2016-04-19 04:00:00,Rat_lodging_Ben,260.53,13.9,6.0,10.6,1017.7,0.0,4,2,4,110,32516.0,1949.0,Mixed
2016-04-19 05:00:00,Rat_lodging_Ben,272.19,15.0,6.666666666666667,7.8,1018.0,1.5,5,2,4,110,32516.0,1949.0,Mixed
2016-04-19 06:00:00,Rat_lodging_Ben,316.15,15.0,7.333333333333333,10.6,1017.9,2.1,6,2,4,110,32516.0,1949.0,Mixed
2016-04-19 07:00:00,Rat_lodging_Ben,319.55,15.6,8.0,10.6,1018.2,1.5,7,2,4,110,32516.0,1949.0,Mixed
2016-04-19 08:00:00,Rat_lodging_Ben,336.07,18.3,8.0,10.6,1017.8,2.1,8,2,4,110,32516.0,1949.0,Mixed
2016-04-19 09:00:00,Rat_lodging_Ben,382.89,22.8,8.0,8.9,1017.7,1.5,9,2,4,110,32516.0,1949.0,Mixed
2016-04-19 10:00:00,Rat_lodging_Ben,424.05,26.1,8.0,5.6,1017.5,5.7,10,2,4,110,32516.0,1949.0,Mixed
2016-04-19 11:00:00,Rat_lodging_Ben,430.88,27.8,8.0,6.1,1017.0,6.7,11,2,4,110,32516.0,1949.0,Mixed
2016-04-19 12:00:00,Rat_lodging_Ben,428.26,28.3,8.0,6.7,1016.2,9.8,12,2,4,110,32516.0,1949.0,Mixed
2016-04-19 13:00:00,Rat_lodging_Ben,430.32,28.3,8.0,6.7,1016.3,5.7,13,2,4,110,32516.0,1949.0,Mixed
2016-04-19 14:00:00,Rat_lodging_Ben,435.6,27.8,8.0,7.2,1016.3,7.7,14,2,4,110,32516.0,1949.0,Mixed
2016-04-19 15:00:00,Rat_lodging_Ben,434.53,28.3,8.0,7.2,1015.8,6.7,15,2,4,110,32516.0,1949.0,Mixed
2016-04-19 16:00:00,Rat_lodging_Ben,429.8,26.7,8.0,7.8,1016.0,7.2,16,2,4,110,32516.0,1949.0,Mixed
2016-04-19 17:00:00,Rat_lodging_Ben,412.77,24.4,7.333333333333333,8.9,1016.9,7.2,17,2,4,110,32516.0,1949.0,Mixed
2016-04-19 18:00:00,Rat_lodging_Ben,388.88,22.8,6.666666666666667,4.4,1017.6,8.2,18,2,4,110,32516.0,1949.0,Mixed
2016-04-19 19:00:00,Rat_lodging_Ben,380.05,21.7,6.0,1.1,1018.1,7.2,19,2,4,110,32516.0,1949.0,Mixed
2016-04-19 20:00:00,Rat_lodging_Ben,347.6,20.0,5.0,1.1,1019.3,4.6,20,2,4,110,32516.0,1949.0,Mixed
2016-04-19 21:00:00,Rat_lodging_Ben,310.6,18.9,4.0,2.8,1020.5,4.1,21,2,4,110,32516.0,1949.0,Mixed
2016-04-19 22:00:00,Rat_lodging_Ben,282.12,17.8,6.0,0.6,1021.2,4.6,22,2,4,110,32516.0,1949.0,Mixed
2016-04-19 23:00:00,Rat_lodging_Ben,258.79,16.7,2.0,0.0,1021.8,5.7,23,2,4,110,32516.0,1949.0,Mixed
2016-04-20 00:00:00,Rat_lodging_Ben,232.86,16.1,2.0,-2.2,1022.4,7.7,0,3,4,111,32516.0,1949.0,Mixed
2016-04-20 01:00:00,Rat_lodging_Ben,220.77,15.0,6.0,-5.6,1022.9,6.7,1,3,4,111,32516.0,1949.0,Mixed
2016-04-20 02:00:00,Rat_lodging_Ben,213.2,13.9,5.333333333333333,-5.6,1023.4,5.7,2,3,4,111,32516.0,1949.0,Mixed
2016-04-20 03:00:00,Rat_lodging_Ben,208.54,12.8,4.666666666666667,-5.0,1024.1,4.6,3,3,4,111,32516.0,1949.0,Mixed
2016-04-20 04:00:00,Rat_lodging_Ben,212.05,12.2,4.0,-4.4,1024.2,2.1,4,3,4,111,32516.0,1949.0,Mixed
2016-04-20 05:00:00,Rat_lodging_Ben,232.36,11.1,2.0,-3.3,1024.6,1.5,5,3,4,111,32516.0,1949.0,Mixed
2016-04-20 06:00:00,Rat_lodging_Ben,265.18,10.0,2.0,-1.7,1025.5,4.1,6,3,4,111,32516.0,1949.0,Mixed
2016-04-20 07:00:00,Rat_lodging_Ben,277.53,12.8,2.0,-1.7,1026.1,3.6,7,3,4,111,32516.0,1949.0,Mixed
2016-04-20 08:00:00,Rat_lodging_Ben,286.03,14.4,0.0,-1.7,1026.6,2.1,8,3,4,111,32516.0,1949.0,Mixed
2016-04-20 09:00:00,Rat_lodging_Ben,291.12,15.6,2.0,-2.8,1027.2,2.6,9,3,4,111,32516.0,1949.0,Mixed
2016-04-20 10:00:00,Rat_lodging_Ben,306.51,16.7,2.0,-1.7,1027.2,3.1,10,3,4,111,32516.0,1949.0,Mixed
2016-04-20 11:00:00,Rat_lodging_Ben,321.49,17.8,0.0,-2.2,1026.7,2.1,11,3,4,111,32516.0,1949.0,Mixed
2016-04-20 12:00:00,Rat_lodging_Ben,332.19,18.3,0.0,-5.0,1025.9,2.1,12,3,4,111,32516.0,1949.0,Mixed
2016-04-20 13:00:00,Rat_lodging_Ben,342.16,19.4,2.0,-4.4,1025.3,1.5,13,3,4,111,32516.0,1949.0,Mixed
2016-04-20 14:00:00,Rat_lodging_Ben,355.81,20.6,4.0,-3.9,1024.5,1.5,14,3,4,111,32516.0,1949.0,Mixed
2016-04-20 15:00:00,Rat_lodging_Ben,370.91,20.0,5.0,-4.4,1023.8,2.1,15,3,4,111,32516.0,1949.0,Mixed
2016-04-20 16:00:00,Rat_lodging_Ben,383.38,20.6,6.0,-4.4,1023.0,1.5,16,3,4,111,32516.0,1949.0,Mixed
2016-04-20 17:00:00,Rat_lodging_Ben,373.62,21.1,4.0,-4.4,1022.8,1.5,17,3,4,111,32516.0,1949.0,Mixed
2016-04-20 18:00:00,Rat_lodging_Ben,369.13,20.0,4.0,-0.6,1022.7,2.6,18,3,4,111,32516.0,1949.0,Mixed
2016-04-20 19:00:00,Rat_lodging_Ben,331.42,18.3,6.0,-1.1,1022.7,5.7,19,3,4,111,32516.0,1949.0,Mixed
2016-04-20 20:00:00,Rat_lodging_Ben,314.68,16.7,4.0,-0.6,1023.0,4.1,20,3,4,111,32516.0,1949.0,Mixed
2016-04-20 21:00:00,Rat_lodging_Ben,294.67,16.1,2.0,0.0,1023.4,5.1,21,3,4,111,32516.0,1949.0,Mixed
2016-04-20 22:00:00,Rat_lodging_Ben,263.71,15.0,6.0,0.0,1023.3,5.7,22,3,4,111,32516.0,1949.0,Mixed
2016-04-20 23:00:00,Rat_lodging_Ben,241.66,13.3,4.0,3.9,1023.4,6.2,23,3,4,111,32516.0,1949.0,Mixed
2016-04-21 00:00:00,Rat_lodging_Ben,226.59,12.8,4.0,5.0,1023.6,6.2,0,4,4,112,32516.0,1949.0,Mixed
2016-04-21 01:00:00,Rat_lodging_Ben,227.42,11.7,6.0,4.4,1023.4,6.7,1,4,4,112,32516.0,1949.0,Mixed
2016-04-21 02:00:00,Rat_lodging_Ben,216.31,10.6,5.333333333333333,3.9,1023.1,4.6,2,4,4,112,32516.0,1949.0,Mixed
2016-04-21 03:00:00,Rat_lodging_Ben,214.48,10.0,4.666666666666667,1.7,1023.1,4.1,3,4,4,112,32516.0,1949.0,Mixed
2016-04-21 04:00:00,Rat_lodging_Ben,219.92,9.4,4.0,1.7,1023.0,3.6,4,4,4,112,32516.0,1949.0,Mixed
2016-04-21 05:00:00,Rat_lodging_Ben,233.7,9.4,5.333333333333333,1.1,1022.9,3.6,5,4,4,112,32516.0,1949.0,Mixed
2016-04-21 06:00:00,Rat_lodging_Ben,267.63,10.0,6.666666666666666,2.2,1022.9,4.1,6,4,4,112,32516.0,1949.0,Mixed
2016-04-21 07:00:00,Rat_lodging_Ben,266.36,11.1,8.0,2.2,1022.9,3.1,7,4,4,112,32516.0,1949.0,Mixed
2016-04-21 08:00:00,Rat_lodging_Ben,270.94,12.8,8.0,1.1,1022.6,6.2,8,4,4,112,32516.0,1949.0,Mixed
2016-04-21 09:00:00,Rat_lodging_Ben,276.59,13.9,8.0,1.7,1022.1,5.1,9,4,4,112,32516.0,1949.0,Mixed
2016-04-21 10:00:00,Rat_lodging_Ben,294.01,16.7,8.0,2.8,1021.3,5.7,10,4,4,112,32516.0,1949.0,Mixed
2016-04-21 11:00:00,Rat_lodging_Ben,302.19,16.1,7.333333333333333,5.6,1020.4,7.2,11,4,4,112,32516.0,1949.0,Mixed
2016-04-21 12:00:00,Rat_lodging_Ben,321.81,19.4,6.666666666666667,8.3,1019.2,6.7,12,4,4,112,32516.0,1949.0,Mixed
2016-04-21 13:00:00,Rat_lodging_Ben,340.17,21.7,6.0,10.0,1018.5,7.2,13,4,4,112,32516.0,1949.0,Mixed
2016-04-21 14:00:00,Rat_lodging_Ben,369.58,23.3,6.666666666666667,12.2,1017.5,6.7,14,4,4,112,32516.0,1949.0,Mixed
2016-04-21 15:00:00,Rat_lodging_Ben,390.39,23.3,7.333333333333333,12.2,1016.5,5.1,15,4,4,112,32516.0,1949.0,Mixed
2016-04-21 16:00:00,Rat_lodging_Ben,380.18,23.3,8.0,12.8,1015.7,5.7,16,4,4,112,32516.0,1949.0,Mixed
2016-04-21 17:00:00,Rat_lodging_Ben,387.97,23.3,8.0,12.2,1015.8,5.1,17,4,4,112,32516.0,1949.0,Mixed
2016-04-21 18:00:00,Rat_lodging_Ben,397.25,22.8,8.0,13.3,1015.6,2.6,18,4,4,112,32516.0,1949.0,Mixed
2016-04-21 19:00:00,Rat_lodging_Ben,388.97,21.1,8.0,13.9,1015.4,2.1,19,4,4,112,32516.0,1949.0,Mixed
2016-04-21 20:00:00,Rat_lodging_Ben,381.97,20.6,8.0,14.4,1015.5,2.1,20,4,4,112,32516.0,1949.0,Mixed
2016-04-21 21:00:00,Rat_lodging_Ben,362.86,19.4,8.0,15.0,1015.8,2.6,21,4,4,112,32516.0,1949.0,Mixed
2016-04-21 22:00:00,Rat_lodging_Ben,327.15,19.4,8.0,14.4,1015.4,3.1,22,4,4,112,32516.0,1949.0,Mixed
2016-04-21 23:00:00,Rat_lodging_Ben,310.54,19.4,7.333333333333333,14.4,1015.1,4.1,23,4,4,112,32516.0,1949.0,Mixed
2016-04-22 00:00:00,Rat_lodging_Ben,293.91,20.6,6.666666666666667,13.9,1014.9,5.1,0,5,4,113,32516.0,1949.0,Mixed
2016-04-22 01:00:00,Rat_lodging_Ben,283.4,19.4,6.0,13.9,1014.7,4.6,1,5,4,113,32516.0,1949.0,Mixed
2016-04-22 02:00:00,Rat_lodging_Ben,283.26,19.4,6.666666666666667,14.4,1014.0,4.1,2,5,4,113,32516.0,1949.0,Mixed
2016-04-22 03:00:00,Rat_lodging_Ben,282.95,19.4,7.333333333333333,14.4,1013.8,4.6,3,5,4,113,32516.0,1949.0,Mixed
2016-04-22 04:00:00,Rat_lodging_Ben,286.59,19.4,8.0,14.4,1013.4,5.7,4,5,4,113,32516.0,1949.0,Mixed
2016-04-22 05:00:00,Rat_lodging_Ben,289.77,18.3,4.0,14.4,1013.5,5.1,5,5,4,113,32516.0,1949.0,Mixed
2016-04-22 06:00:00,Rat_lodging_Ben,319.51,17.8,5.0,14.4,1013.9,6.2,6,5,4,113,32516.0,1949.0,Mixed
2016-04-22 07:00:00,Rat_lodging_Ben,323.17,18.9,6.0,14.4,1014.0,5.1,7,5,4,113,32516.0,1949.0,Mixed
2016-04-22 08:00:00,Rat_lodging_Ben,344.67,19.4,6.0,14.4,1014.2,5.7,8,5,4,113,32516.0,1949.0,Mixed
2016-04-22 09:00:00,Rat_lodging_Ben,356.38,19.4,6.0,14.4,1014.3,5.1,9,5,4,113,32516.0,1949.0,Mixed
2016-04-22 10:00:00,Rat_lodging_Ben,378.75,21.1,6.0,14.4,1014.3,3.6,10,5,4,113,32516.0,1949.0,Mixed
2016-04-22 11:00:00,Rat_lodging_Ben,388.86,23.3,6.666666666666667,14.4,1014.1,4.6,11,5,4,113,32516.0,1949.0,Mixed
2016-04-22 12:00:00,Rat_lodging_Ben,393.32,22.8,7.333333333333333,13.3,1014.2,5.1,12,5,4,113,32516.0,1949.0,Mixed
2016-04-22 13:00:00,Rat_lodging_Ben,380.64,21.7,8.0,13.9,1013.9,5.7,13,5,4,113,32516.0,1949.0,Mixed
2016-04-22 14:00:00,Rat_lodging_Ben,385.49,21.1,8.0,14.4,1013.3,5.7,14,5,4,113,32516.0,1949.0,Mixed
2016-04-22 15:00:00,Rat_lodging_Ben,385.22,21.7,8.0,15.6,1012.2,4.6,15,5,4,113,32516.0,1949.0,Mixed
2016-04-22 16:00:00,Rat_lodging_Ben,373.32,21.7,8.0,15.0,1011.8,5.7,16,5,4,113,32516.0,1949.0,Mixed
2016-04-22 17:00:00,Rat_lodging_Ben,365.31,21.1,8.0,16.1,1011.8,5.1,17,5,4,113,32516.0,1949.0,Mixed
2016-04-22 18:00:00,Rat_lodging_Ben,352.17,20.0,8.0,16.1,1011.8,5.7,18,5,4,113,32516.0,1949.0,Mixed
2016-04-22 19:00:00,Rat_lodging_Ben,342.67,18.9,8.0,16.7,1011.5,4.6,19,5,4,113,32516.0,1949.0,Mixed
2016-04-22 20:00:00,Rat_lodging_Ben,329.56,18.9,8.0,16.7,1011.7,4.1,20,5,4,113,32516.0,1949.0,Mixed
2016-04-22 21:00:00,Rat_lodging_Ben,315.53,18.9,8.0,16.1,1011.4,3.6,21,5,4,113,32516.0,1949.0,Mixed
2016-04-22 22:00:00,Rat_lodging_Ben,294.66,18.3,8.0,16.7,1011.2,3.6,22,5,4,113,32516.0,1949.0,Mixed
2016-04-22 23:00:00,Rat_lodging_Ben,282.73,18.3,8.0,16.1,1011.1,3.6,23,5,4,113,32516.0,1949.0,Mixed
2016-04-23 00:00:00,Rat_lodging_Ben,268.29,17.8,8.0,16.1,1010.5,2.6,0,6,4,114,32516.0,1949.0,Mixed
2016-04-23 01:00:00,Rat_lodging_Ben,260.3,17.8,8.0,16.1,1009.9,3.1,1,6,4,114,32516.0,1949.0,Mixed
2016-04-23 02:00:00,Rat_lodging_Ben,253.4,17.8,8.0,16.1,1009.3,2.6,2,6,4,114,32516.0,1949.0,Mixed
2016-04-23 03:00:00,Rat_lodging_Ben,252.84,17.8,8.0,16.1,1009.3,2.1,3,6,4,114,32516.0,1949.0,Mixed
2016-04-23 04:00:00,Rat_lodging_Ben,253.99,17.2,8.0,15.0,1009.3,3.6,4,6,4,114,32516.0,1949.0,Mixed
2016-04-23 05:00:00,Rat_lodging_Ben,263.87,16.7,8.0,14.4,1009.2,4.6,5,6,4,114,32516.0,1949.0,Mixed
2016-04-23 06:00:00,Rat_lodging_Ben,281.1,17.2,8.0,14.4,1009.9,5.1,6,6,4,114,32516.0,1949.0,Mixed
2016-04-23 07:00:00,Rat_lodging_Ben,281.74,17.2,8.0,14.4,1010.5,5.1,7,6,4,114,32516.0,1949.0,Mixed
2016-04-23 08:00:00,Rat_lodging_Ben,290.47,17.2,8.0,15.0,1011.05,5.1,8,6,4,114,32516.0,1949.0,Mixed
2016-04-23 09:00:00,Rat_lodging_Ben,303.9,16.7,8.0,15.0,1011.6,6.2,9,6,4,114,32516.0,1949.0,Mixed
2016-04-23 10:00:00,Rat_lodging_Ben,297.52,16.7,8.0,14.4,1012.3,5.7,10,6,4,114,32516.0,1949.0,Mixed
2016-04-23 11:00:00,Rat_lodging_Ben,292.77,16.1,7.333333333333333,14.4,1012.6,6.7,11,6,4,114,32516.0,1949.0,Mixed
2016-04-23 12:00:00,Rat_lodging_Ben,290.62,17.2,6.666666666666667,12.8,1012.6,7.2,12,6,4,114,32516.0,1949.0,Mixed
2016-04-23 13:00:00,Rat_lodging_Ben,288.36,19.4,6.0,13.3,1012.3,6.7,13,6,4,114,32516.0,1949.0,Mixed
2016-04-23 14:00:00,Rat_lodging_Ben,294.55,19.4,6.0,11.7,1011.9,6.7,14,6,4,114,32516.0,1949.0,Mixed
2016-04-23 15:00:00,Rat_lodging_Ben,317.98,19.4,6.0,11.1,1011.7,7.2,15,6,4,114,32516.0,1949.0,Mixed
2016-04-23 16:00:00,Rat_lodging_Ben,323.09,21.7,6.0,10.0,1011.6,5.7,16,6,4,114,32516.0,1949.0,Mixed
2016-04-23 17:00:00,Rat_lodging_Ben,317.79,21.1,4.666666666666667,9.4,1011.9,6.7,17,6,4,114,32516.0,1949.0,Mixed
2016-04-23 18:00:00,Rat_lodging_Ben,314.0,20.0,3.3333333333333335,7.8,1012.5,7.7,18,6,4,114,32516.0,1949.0,Mixed
2016-04-23 19:00:00,Rat_lodging_Ben,297.98,18.9,2.0,7.2,1013.1,6.2,19,6,4,114,32516.0,1949.0,Mixed
2016-04-23 20:00:00,Rat_lodging_Ben,286.3,17.2,0.0,4.4,1014.2,6.2,20,6,4,114,32516.0,1949.0,Mixed
2016-04-23 21:00:00,Rat_lodging_Ben,274.03,16.1,0.0,1.7,1015.1,8.2,21,6,4,114,32516.0,1949.0,Mixed
2016-04-23 22:00:00,Rat_lodging_Ben,245.68,15.0,0.0,1.1,1015.7,6.2,22,6,4,114,32516.0,1949.0,Mixed
2016-04-23 23:00:00,Rat_lodging_Ben,227.62,13.9,0.0,0.0,1016.3,5.1,23,6,4,114,32516.0,1949.0,Mixed
2016-04-24 00:00:00,Rat_lodging_Ben,214.99,12.8,0.0,-0.6,1016.6,4.6,0,7,4,115,32516.0,1949.0,Mixed
2016-04-24 01:00:00,Rat_lodging_Ben,209.09,12.2,0.0,-0.6,1016.9,4.6,1,7,4,115,32516.0,1949.0,Mixed
2016-04-24 02:00:00,Rat_lodging_Ben,207.91,11.7,0.0,-1.7,1017.2,5.1,2,7,4,115,32516.0,1949.0,Mixed
2016-04-24 03:00:00,Rat_lodging_Ben,205.07,10.0,0.0,-2.8,1018.0,4.6,3,7,4,115,32516.0,1949.0,Mixed
2016-04-24 04:00:00,Rat_lodging_Ben,203.42,9.4,0.0,-3.3,1018.3,6.7,4,7,4,115,32516.0,1949.0,Mixed
2016-04-24 05:00:00,Rat_lodging_Ben,210.52,8.3,2.0,-1.7,1019.2,4.1,5,7,4,115,32516.0,1949.0,Mixed
2016-04-24 06:00:00,Rat_lodging_Ben,236.38,8.3,2.0,-2.2,1019.9,3.6,6,7,4,115,32516.0,1949.0,Mixed
2016-04-24 07:00:00,Rat_lodging_Ben,238.68,10.0,4.0,-4.4,1021.2,4.1,7,7,4,115,32516.0,1949.0,Mixed
2016-04-24 08:00:00,Rat_lodging_Ben,255.39,12.2,4.0,-4.4,1021.4,4.6,8,7,4,115,32516.0,1949.0,Mixed
2016-04-24 09:00:00,Rat_lodging_Ben,259.01,13.9,2.0,-4.4,1021.4,5.1,9,7,4,115,32516.0,1949.0,Mixed
2016-04-24 10:00:00,Rat_lodging_Ben,272.26,15.0,2.0,-5.6,1021.2,2.1,10,7,4,115,32516.0,1949.0,Mixed
2016-04-24 11:00:00,Rat_lodging_Ben,286.94,15.0,2.0,-5.0,1020.8,0.0,11,7,4,115,32516.0,1949.0,Mixed
2016-04-24 12:00:00,Rat_lodging_Ben,294.3,17.2,2.0,-5.6,1020.2,2.1,12,7,4,115,32516.0,1949.0,Mixed
2016-04-24 13:00:00,Rat_lodging_Ben,295.32,17.8,2.0,-5.6,1019.5,2.1,13,7,4,115,32516.0,1949.0,Mixed
2016-04-24 14:00:00,Rat_lodging_Ben,301.16,18.3,4.0,-3.3,1018.8,2.6,14,7,4,115,32516.0,1949.0,Mixed
2016-04-24 15:00:00,Rat_lodging_Ben,314.16,18.9,2.0,-2.2,1017.7,3.6,15,7,4,115,32516.0,1949.0,Mixed
2016-04-24 16:00:00,Rat_lodging_Ben,310.33,19.4,6.0,-1.1,1017.2,3.6,16,7,4,115,32516.0,1949.0,Mixed
2016-04-24 17:00:00,Rat_lodging_Ben,298.27,19.4,6.0,-1.1,1017.2,4.1,17,7,4,115,32516.0,1949.0,Mixed
2016-04-24 18:00:00,Rat_lodging_Ben,294.71,18.3,6.0,-0.6,1017.0,3.1,18,7,4,115,32516.0,1949.0,Mixed
2016-04-24 19:00:00,Rat_lodging_Ben,285.23,17.2,6.0,1.1,1017.1,2.6,19,7,4,115,32516.0,1949.0,Mixed
2016-04-24 20:00:00,Rat_lodging_Ben,285.19,16.1,6.0,2.2,1017.6,3.6,20,7,4,115,32516.0,1949.0,Mixed
2016-04-24 21:00:00,Rat_lodging_Ben,270.99,13.3,6.0,2.8,1018.0,3.1,21,7,4,115,32516.0,1949.0,Mixed
2016-04-24 22:00:00,Rat_lodging_Ben,242.68,14.4,6.0,3.3,1017.9,5.1,22,7,4,115,32516.0,1949.0,Mixed
2016-04-24 23:00:00,Rat_lodging_Ben,233.52,13.9,6.0,3.9,1018.0,5.1,23,7,4,115,32516.0,1949.0,Mixed
2016-04-25 00:00:00,Rat_lodging_Ben,220.24,11.7,6.0,3.3,1017.8,2.6,0,1,4,116,32516.0,1949.0,Mixed
2016-04-25 01:00:00,Rat_lodging_Ben,209.98,12.2,6.0,3.9,1017.4,4.6,1,1,4,116,32516.0,1949.0,Mixed
2016-04-25 02:00:00,Rat_lodging_Ben,202.86,11.7,0.0,5.6,1017.0,5.1,2,1,4,116,32516.0,1949.0,Mixed
2016-04-25 03:00:00,Rat_lodging_Ben,195.38,11.1,0.0,6.7,1017.1,3.6,3,1,4,116,32516.0,1949.0,Mixed
2016-04-25 04:00:00,Rat_lodging_Ben,198.39,10.6,0.0,7.2,1017.0,2.6,4,1,4,116,32516.0,1949.0,Mixed
2016-04-25 05:00:00,Rat_lodging_Ben,216.69,10.6,2.0,7.8,1016.7,3.1,5,1,4,116,32516.0,1949.0,Mixed
2016-04-25 06:00:00,Rat_lodging_Ben,249.12,10.6,4.0,7.8,1017.1,4.1,6,1,4,116,32516.0,1949.0,Mixed
2016-04-25 07:00:00,Rat_lodging_Ben,264.78,12.2,6.0,7.8,1017.2,5.1,7,1,4,116,32516.0,1949.0,Mixed
2016-04-25 08:00:00,Rat_lodging_Ben,278.54,14.4,6.0,8.9,1016.9,3.1,8,1,4,116,32516.0,1949.0,Mixed
2016-04-25 09:00:00,Rat_lodging_Ben,296.39,15.6,6.0,10.0,1016.3,4.1,9,1,4,116,32516.0,1949.0,Mixed
2016-04-25 10:00:00,Rat_lodging_Ben,312.69,17.8,6.0,10.6,1016.1,3.6,10,1,4,116,32516.0,1949.0,Mixed
2016-04-25 11:00:00,Rat_lodging_Ben,333.28,19.4,6.666666666666667,11.1,1015.4,3.6,11,1,4,116,32516.0,1949.0,Mixed
2016-04-25 12:00:00,Rat_lodging_Ben,361.84,21.7,7.333333333333333,11.1,1014.8,2.1,12,1,4,116,32516.0,1949.0,Mixed
2016-04-25 13:00:00,Rat_lodging_Ben,399.89,23.3,8.0,11.7,1013.9,3.1,13,1,4,116,32516.0,1949.0,Mixed
2016-04-25 14:00:00,Rat_lodging_Ben,403.69,23.9,7.333333333333333,11.7,1013.3,3.6,14,1,4,116,32516.0,1949.0,Mixed
2016-04-25 15:00:00,Rat_lodging_Ben,405.48,25.0,6.666666666666667,10.6,1012.5,4.1,15,1,4,116,32516.0,1949.0,Mixed
2016-04-25 16:00:00,Rat_lodging_Ben,393.88,24.4,6.0,10.0,1011.9,3.1,16,1,4,116,32516.0,1949.0,Mixed
2016-04-25 17:00:00,Rat_lodging_Ben,389.15,24.4,6.0,10.6,1011.2,2.6,17,1,4,116,32516.0,1949.0,Mixed
2016-04-25 18:00:00,Rat_lodging_Ben,391.54,25.0,6.0,12.2,1010.7,3.1,18,1,4,116,32516.0,1949.0,Mixed
2016-04-25 19:00:00,Rat_lodging_Ben,388.29,23.3,6.0,13.3,1010.3,4.6,19,1,4,116,32516.0,1949.0,Mixed
2016-04-25 20:00:00,Rat_lodging_Ben,372.37,21.7,5.0,13.9,1010.0,0.0,20,1,4,116,32516.0,1949.0,Mixed
2016-04-25 21:00:00,Rat_lodging_Ben,350.9,20.6,4.0,13.9,1009.8,3.1,21,1,4,116,32516.0,1949.0,Mixed
2016-04-25 22:00:00,Rat_lodging_Ben,314.91,19.4,6.0,14.4,1009.3,3.1,22,1,4,116,32516.0,1949.0,Mixed
2016-04-25 23:00:00,Rat_lodging_Ben,297.81,20.0,4.0,15.0,1008.9,5.1,23,1,4,116,32516.0,1949.0,Mixed
2016-04-26 00:00:00,Rat_lodging_Ben,285.76,20.6,5.0,13.9,1008.9,4.6,0,2,4,117,32516.0,1949.0,Mixed
2016-04-26 01:00:00,Rat_lodging_Ben,274.15,20.6,6.0,13.3,1008.2,5.1,1,2,4,117,32516.0,1949.0,Mixed
2016-04-26 02:00:00,Rat_lodging_Ben,255.91,20.6,4.0,13.3,1007.8,4.6,2,2,4,117,32516.0,1949.0,Mixed
2016-04-26 03:00:00,Rat_lodging_Ben,254.41,18.9,4.0,12.8,1007.5,2.6,3,2,4,117,32516.0,1949.0,Mixed
2016-04-26 04:00:00,Rat_lodging_Ben,260.19,19.4,2.0,13.3,1007.6,4.1,4,2,4,117,32516.0,1949.0,Mixed
2016-04-26 05:00:00,Rat_lodging_Ben,273.54,18.3,2.0,13.3,1007.8,3.1,5,2,4,117,32516.0,1949.0,Mixed
2016-04-26 06:00:00,Rat_lodging_Ben,298.91,18.9,2.0,13.3,1008.1,3.1,6,2,4,117,32516.0,1949.0,Mixed
2016-04-26 07:00:00,Rat_lodging_Ben,311.44,19.4,4.0,13.3,1008.3,5.1,7,2,4,117,32516.0,1949.0,Mixed
2016-04-26 08:00:00,Rat_lodging_Ben,337.14,20.6,4.666666666666667,13.9,1008.4,3.6,8,2,4,117,32516.0,1949.0,Mixed
2016-04-26 09:00:00,Rat_lodging_Ben,366.08,23.9,5.333333333333333,14.4,1008.2,5.7,9,2,4,117,32516.0,1949.0,Mixed
2016-04-26 10:00:00,Rat_lodging_Ben,404.28,26.7,6.0,12.8,1008.0,4.6,10,2,4,117,32516.0,1949.0,Mixed
2016-04-26 11:00:00,Rat_lodging_Ben,401.77,27.2,6.0,12.8,1007.1,6.2,11,2,4,117,32516.0,1949.0,Mixed
2016-04-26 12:00:00,Rat_lodging_Ben,408.21,27.2,6.0,12.2,1006.6,7.2,12,2,4,117,32516.0,1949.0,Mixed
2016-04-26 13:00:00,Rat_lodging_Ben,415.36,28.3,6.0,12.2,1006.0,7.7,13,2,4,117,32516.0,1949.0,Mixed
2016-04-26 14:00:00,Rat_lodging_Ben,425.29,29.4,6.0,11.1,1005.7,8.8,14,2,4,117,32516.0,1949.0,Mixed
2016-04-26 15:00:00,Rat_lodging_Ben,433.47,28.9,6.0,10.6,1005.4,8.2,15,2,4,117,32516.0,1949.0,Mixed
2016-04-26 16:00:00,Rat_lodging_Ben,439.21,29.4,6.0,11.7,1005.3,10.3,16,2,4,117,32516.0,1949.0,Mixed
2016-04-26 17:00:00,Rat_lodging_Ben,434.97,28.9,6.0,12.8,1005.2,6.7,17,2,4,117,32516.0,1949.0,Mixed
2016-04-26 18:00:00,Rat_lodging_Ben,424.02,28.3,6.0,12.8,1005.6,6.2,18,2,4,117,32516.0,1949.0,Mixed
2016-04-26 19:00:00,Rat_lodging_Ben,416.78,27.2,6.0,12.8,1005.8,4.6,19,2,4,117,32516.0,1949.0,Mixed
2016-04-26 20:00:00,Rat_lodging_Ben,409.85,26.1,6.666666666666667,13.3,1006.2,4.1,20,2,4,117,32516.0,1949.0,Mixed
2016-04-26 21:00:00,Rat_lodging_Ben,391.18,25.0,7.333333333333333,13.3,1006.9,3.1,21,2,4,117,32516.0,1949.0,Mixed
2016-04-26 22:00:00,Rat_lodging_Ben,365.03,24.4,8.0,13.9,1006.7,2.1,22,2,4,117,32516.0,1949.0,Mixed
2016-04-26 23:00:00,Rat_lodging_Ben,340.99,22.2,7.333333333333333,15.6,1007.1,2.1,23,2,4,117,32516.0,1949.0,Mixed
2016-04-27 00:00:00,Rat_lodging_Ben,321.56,22.2,6.666666666666667,15.6,1007.4,4.1,0,3,4,118,32516.0,1949.0,Mixed
2016-04-27 01:00:00,Rat_lodging_Ben,307.82,21.1,6.0,16.1,1007.1,3.1,1,3,4,118,32516.0,1949.0,Mixed
2016-04-27 02:00:00,Rat_lodging_Ben,284.94,20.6,6.666666666666667,16.1,1007.3,0.0,2,3,4,118,32516.0,1949.0,Mixed
2016-04-27 03:00:00,Rat_lodging_Ben,246.55,17.2,7.333333333333333,13.9,1008.3,8.2,3,3,4,118,32516.0,1949.0,Mixed
2016-04-27 04:00:00,Rat_lodging_Ben,226.77,16.7,8.0,13.9,1009.2,6.2,4,3,4,118,32516.0,1949.0,Mixed
2016-04-27 05:00:00,Rat_lodging_Ben,243.52,15.0,8.0,12.8,1010.4,8.8,5,3,4,118,32516.0,1949.0,Mixed
2016-04-27 06:00:00,Rat_lodging_Ben,264.57,13.9,8.0,12.2,1010.9,4.1,6,3,4,118,32516.0,1949.0,Mixed
2016-04-27 07:00:00,Rat_lodging_Ben,268.5,13.3,8.0,11.7,1012.5,4.6,7,3,4,118,32516.0,1949.0,Mixed
2016-04-27 08:00:00,Rat_lodging_Ben,278.86,12.8,8.0,11.1,1012.8,5.1,8,3,4,118,32516.0,1949.0,Mixed
2016-04-27 09:00:00,Rat_lodging_Ben,289.16,12.2,8.0,10.6,1012.9,4.6,9,3,4,118,32516.0,1949.0,Mixed
2016-04-27 10:00:00,Rat_lodging_Ben,291.79,12.8,8.0,10.0,1013.1,3.6,10,3,4,118,32516.0,1949.0,Mixed
2016-04-27 11:00:00,Rat_lodging_Ben,287.41,12.8,8.0,10.0,1013.4,4.1,11,3,4,118,32516.0,1949.0,Mixed
2016-04-27 12:00:00,Rat_lodging_Ben,284.93,12.2,8.0,10.0,1012.8,3.6,12,3,4,118,32516.0,1949.0,Mixed
2016-04-27 13:00:00,Rat_lodging_Ben,283.53,12.8,8.0,10.0,1012.7,2.1,13,3,4,118,32516.0,1949.0,Mixed
2016-04-27 14:00:00,Rat_lodging_Ben,279.97,12.8,8.0,10.0,1012.9,0.0,14,3,4,118,32516.0,1949.0,Mixed
2016-04-27 15:00:00,Rat_lodging_Ben,276.61,13.3,8.0,10.0,1012.4,2.1,15,3,4,118,32516.0,1949.0,Mixed
2016-04-27 16:00:00,Rat_lodging_Ben,262.91,13.3,8.0,10.0,1012.7,2.1,16,3,4,118,32516.0,1949.0,Mixed
2016-04-27 17:00:00,Rat_lodging_Ben,257.55,13.3,8.0,10.0,1012.8,3.6,17,3,4,118,32516.0,1949.0,Mixed
2016-04-27 18:00:00,Rat_lodging_Ben,250.19,13.3,8.0,9.4,1013.1,3.1,18,3,4,118,32516.0,1949.0,Mixed
2016-04-27 19:00:00,Rat_lodging_Ben,263.86,13.3,8.0,10.0,1013.1,3.6,19,3,4,118,32516.0,1949.0,Mixed
2016-04-27 20:00:00,Rat_lodging_Ben,269.34,12.2,8.0,10.0,1013.6,3.1,20,3,4,118,32516.0,1949.0,Mixed
2016-04-27 21:00:00,Rat_lodging_Ben,251.63,12.2,8.0,9.4,1013.9,1.5,21,3,4,118,32516.0,1949.0,Mixed
2016-04-27 22:00:00,Rat_lodging_Ben,223.48,12.2,8.0,10.0,1014.0,1.5,22,3,4,118,32516.0,1949.0,Mixed
2016-04-27 23:00:00,Rat_lodging_Ben,214.68,12.2,8.0,9.4,1013.9,3.1,23,3,4,118,32516.0,1949.0,Mixed
2016-04-28 00:00:00,Rat_lodging_Ben,208.35,12.2,8.0,9.4,1013.5,3.1,0,4,4,119,32516.0,1949.0,Mixed
2016-04-28 01:00:00,Rat_lodging_Ben,206.4,12.2,8.0,10.0,1013.3,0.0,1,4,4,119,32516.0,1949.0,Mixed
2016-04-28 02:00:00,Rat_lodging_Ben,205.65,12.2,8.0,9.4,1013.9,2.6,2,4,4,119,32516.0,1949.0,Mixed
2016-04-28 03:00:00,Rat_lodging_Ben,202.49,12.8,8.0,10.0,1013.8,1.5,3,4,4,119,32516.0,1949.0,Mixed
2016-04-28 04:00:00,Rat_lodging_Ben,202.11,12.2,8.0,10.0,1014.1,3.1,4,4,4,119,32516.0,1949.0,Mixed
2016-04-28 05:00:00,Rat_lodging_Ben,218.58,12.2,8.0,10.0,1014.6,3.1,5,4,4,119,32516.0,1949.0,Mixed
2016-04-28 06:00:00,Rat_lodging_Ben,261.68,12.8,8.0,10.0,1014.8,3.6,6,4,4,119,32516.0,1949.0,Mixed
2016-04-28 07:00:00,Rat_lodging_Ben,260.99,12.8,8.0,10.6,1015.0,5.1,7,4,4,119,32516.0,1949.0,Mixed
2016-04-28 08:00:00,Rat_lodging_Ben,264.66,12.8,8.0,10.0,1015.6,4.6,8,4,4,119,32516.0,1949.0,Mixed
2016-04-28 09:00:00,Rat_lodging_Ben,265.59,12.2,8.0,10.6,1015.5,4.1,9,4,4,119,32516.0,1949.0,Mixed
2016-04-28 10:00:00,Rat_lodging_Ben,265.73,12.2,8.0,10.6,1016.3,3.6,10,4,4,119,32516.0,1949.0,Mixed
2016-04-28 11:00:00,Rat_lodging_Ben,267.15,12.2,8.0,10.6,1015.7,4.6,11,4,4,119,32516.0,1949.0,Mixed
2016-04-28 12:00:00,Rat_lodging_Ben,267.46,12.2,8.0,10.6,1016.0,2.6,12,4,4,119,32516.0,1949.0,Mixed
2016-04-28 13:00:00,Rat_lodging_Ben,262.93,12.2,8.0,10.6,1015.8,2.1,13,4,4,119,32516.0,1949.0,Mixed
2016-04-28 14:00:00,Rat_lodging_Ben,257.72,12.8,8.0,10.6,1015.6,3.6,14,4,4,119,32516.0,1949.0,Mixed
2016-04-28 15:00:00,Rat_lodging_Ben,264.15,12.2,8.0,11.1,1015.1500000000001,3.1,15,4,4,119,32516.0,1949.0,Mixed
2016-04-28 16:00:00,Rat_lodging_Ben,262.62,11.1,8.0,10.0,1014.7,6.7,16,4,4,119,32516.0,1949.0,Mixed
2016-04-28 17:00:00,Rat_lodging_Ben,256.39,10.6,8.0,9.4,1015.2,6.7,17,4,4,119,32516.0,1949.0,Mixed
2016-04-28 18:00:00,Rat_lodging_Ben,245.55,10.0,8.0,8.9,1015.7,3.6,18,4,4,119,32516.0,1949.0,Mixed
2016-04-28 19:00:00,Rat_lodging_Ben,244.56,10.0,8.0,8.3,1016.2,5.7,19,4,4,119,32516.0,1949.0,Mixed
2016-04-28 20:00:00,Rat_lodging_Ben,253.63,10.0,8.0,8.3,1016.9,4.1,20,4,4,119,32516.0,1949.0,Mixed
2016-04-28 21:00:00,Rat_lodging_Ben,239.36,8.9,8.0,7.8,1016.8499999999999,3.1,21,4,4,119,32516.0,1949.0,Mixed
2016-04-28 22:00:00,Rat_lodging_Ben,213.1,8.9,8.0,7.2,1016.8,3.6,22,4,4,119,32516.0,1949.0,Mixed
2016-04-28 23:00:00,Rat_lodging_Ben,202.56,8.9,8.0,7.2,1016.55,4.1,23,4,4,119,32516.0,1949.0,Mixed
2016-04-29 00:00:00,Rat_lodging_Ben,195.58,8.9,8.0,7.2,1016.3,4.1,0,5,4,120,32516.0,1949.0,Mixed
2016-04-29 01:00:00,Rat_lodging_Ben,183.19,8.9,8.0,7.2,1016.2,3.6,1,5,4,120,32516.0,1949.0,Mixed
2016-04-29 02:00:00,Rat_lodging_Ben,179.13,8.9,8.0,7.2,1015.8,5.1,2,5,4,120,32516.0,1949.0,Mixed
2016-04-29 03:00:00,Rat_lodging_Ben,181.27,8.9,8.0,7.8,1016.2,4.1,3,5,4,120,32516.0,1949.0,Mixed
2016-04-29 04:00:00,Rat_lodging_Ben,184.3,8.9,8.0,7.8,1016.5,3.1,4,5,4,120,32516.0,1949.0,Mixed
2016-04-29 05:00:00,Rat_lodging_Ben,193.13,9.4,8.0,7.8,1017.0,4.1,5,5,4,120,32516.0,1949.0,Mixed
2016-04-29 06:00:00,Rat_lodging_Ben,232.44,9.4,8.0,7.8,1017.4,4.6,6,5,4,120,32516.0,1949.0,Mixed
2016-04-29 07:00:00,Rat_lodging_Ben,237.2,8.9,8.0,7.8,1017.6,3.6,7,5,4,120,32516.0,1949.0,Mixed
2016-04-29 08:00:00,Rat_lodging_Ben,252.88,9.4,8.0,7.8,1018.0,3.1,8,5,4,120,32516.0,1949.0,Mixed
2016-04-29 09:00:00,Rat_lodging_Ben,253.07,9.4,8.0,8.3,1018.3,3.6,9,5,4,120,32516.0,1949.0,Mixed
2016-04-29 10:00:00,Rat_lodging_Ben,262.58,10.0,8.0,8.9,1018.3,3.1,10,5,4,120,32516.0,1949.0,Mixed
2016-04-29 11:00:00,Rat_lodging_Ben,256.87,10.6,8.0,8.9,1018.3,3.6,11,5,4,120,32516.0,1949.0,Mixed
2016-04-29 12:00:00,Rat_lodging_Ben,255.98,11.1,8.0,8.9,1017.3,3.6,12,5,4,120,32516.0,1949.0,Mixed
2016-04-29 13:00:00,Rat_lodging_Ben,256.12,11.7,8.0,9.4,1018.1,0.0,13,5,4,120,32516.0,1949.0,Mixed
2016-04-29 14:00:00,Rat_lodging_Ben,264.32,12.2,8.0,9.4,1017.3,3.6,14,5,4,120,32516.0,1949.0,Mixed
2016-04-29 15:00:00,Rat_lodging_Ben,248.83,12.8,8.0,9.4,1017.4,1.5,15,5,4,120,32516.0,1949.0,Mixed
2016-04-29 16:00:00,Rat_lodging_Ben,241.21,12.8,8.0,9.4,1016.9,2.1,16,5,4,120,32516.0,1949.0,Mixed
2016-04-29 17:00:00,Rat_lodging_Ben,241.01,12.8,8.0,10.0,1016.6,4.6,17,5,4,120,32516.0,1949.0,Mixed
2016-04-29 18:00:00,Rat_lodging_Ben,252.42,12.2,8.0,10.0,1017.2,3.6,18,5,4,120,32516.0,1949.0,Mixed
2016-04-29 19:00:00,Rat_lodging_Ben,246.95,12.2,8.0,10.0,1017.9,4.1,19,5,4,120,32516.0,1949.0,Mixed
2016-04-29 20:00:00,Rat_lodging_Ben,249.35,11.7,8.0,10.0,1018.4,3.6,20,5,4,120,32516.0,1949.0,Mixed
2016-04-29 21:00:00,Rat_lodging_Ben,237.76,11.7,8.0,10.0,1019.7,2.6,21,5,4,120,32516.0,1949.0,Mixed
2016-04-29 22:00:00,Rat_lodging_Ben,211.45,11.7,8.0,10.0,1019.4,2.6,22,5,4,120,32516.0,1949.0,Mixed
2016-04-29 23:00:00,Rat_lodging_Ben,208.78,11.7,8.0,10.0,1019.8,3.1,23,5,4,120,32516.0,1949.0,Mixed
2016-04-30 00:00:00,Rat_lodging_Ben,200.5,11.7,8.0,10.0,1020.2,3.6,0,6,4,121,32516.0,1949.0,Mixed
2016-04-30 01:00:00,Rat_lodging_Ben,198.6,11.1,8.0,10.0,1020.2,2.6,1,6,4,121,32516.0,1949.0,Mixed
2016-04-30 02:00:00,Rat_lodging_Ben,196.06,11.1,8.0,10.0,1020.3,3.6,2,6,4,121,32516.0,1949.0,Mixed
2016-04-30 03:00:00,Rat_lodging_Ben,192.18,11.1,8.0,9.4,1020.4,2.6,3,6,4,121,32516.0,1949.0,Mixed
2016-04-30 04:00:00,Rat_lodging_Ben,192.91,11.1,8.0,9.4,1020.7,4.1,4,6,4,121,32516.0,1949.0,Mixed
2016-04-30 05:00:00,Rat_lodging_Ben,188.87,11.1,8.0,9.4,1021.2,4.1,5,6,4,121,32516.0,1949.0,Mixed
2016-04-30 06:00:00,Rat_lodging_Ben,211.73,10.6,8.0,8.9,1021.7,4.1,6,6,4,121,32516.0,1949.0,Mixed
2016-04-30 07:00:00,Rat_lodging_Ben,223.29,10.6,8.0,8.3,1022.3,3.6,7,6,4,121,32516.0,1949.0,Mixed
2016-04-30 08:00:00,Rat_lodging_Ben,230.25,11.1,8.0,7.8,1022.6,3.6,8,6,4,121,32516.0,1949.0,Mixed
2016-04-30 09:00:00,Rat_lodging_Ben,232.02,11.7,8.0,8.3,1023.0,3.1,9,6,4,121,32516.0,1949.0,Mixed
2016-04-30 10:00:00,Rat_lodging_Ben,239.84,11.7,8.0,8.3,1022.6,3.6,10,6,4,121,32516.0,1949.0,Mixed
2016-04-30 11:00:00,Rat_lodging_Ben,237.97,12.2,8.0,8.3,1023.3,2.6,11,6,4,121,32516.0,1949.0,Mixed
2016-04-30 12:00:00,Rat_lodging_Ben,233.48,12.8,8.0,8.3,1023.5,0.0,12,6,4,121,32516.0,1949.0,Mixed
2016-04-30 13:00:00,Rat_lodging_Ben,231.75,13.3,8.0,8.3,1023.4,0.0,13,6,4,121,32516.0,1949.0,Mixed
2016-04-30 14:00:00,Rat_lodging_Ben,240.06,14.4,8.0,8.9,1022.6,0.0,14,6,4,121,32516.0,1949.0,Mixed
2016-04-30 15:00:00,Rat_lodging_Ben,244.66,13.9,8.0,8.9,1022.6,3.1,15,6,4,121,32516.0,1949.0,Mixed
2016-04-30 16:00:00,Rat_lodging_Ben,227.42,13.9,8.0,9.4,1022.7,3.1,16,6,4,121,32516.0,1949.0,Mixed
2016-04-30 17:00:00,Rat_lodging_Ben,221.2,13.9,8.0,8.9,1023.4,2.1,17,6,4,121,32516.0,1949.0,Mixed
2016-04-30 18:00:00,Rat_lodging_Ben,226.6,13.9,8.0,9.4,1022.6,3.1,18,6,4,121,32516.0,1949.0,Mixed
2016-04-30 19:00:00,Rat_lodging_Ben,218.01,13.3,8.0,8.9,1022.8,3.1,19,6,4,121,32516.0,1949.0,Mixed
2016-04-30 20:00:00,Rat_lodging_Ben,219.76,12.8,8.0,9.4,1023.0,2.6,20,6,4,121,32516.0,1949.0,Mixed
2016-04-30 21:00:00,Rat_lodging_Ben,218.62,12.8,8.0,10.0,1023.3,2.1,21,6,4,121,32516.0,1949.0,Mixed
2016-04-30 22:00:00,Rat_lodging_Ben,205.96,12.2,8.0,10.0,1022.9,3.1,22,6,4,121,32516.0,1949.0,Mixed
2016-04-30 23:00:00,Rat_lodging_Ben,201.32,12.2,8.0,10.6,1022.4,2.1,23,6,4,121,32516.0,1949.0,Mixed
2016-05-01 00:00:00,Rat_lodging_Ben,195.56,12.2,8.0,10.0,1022.0999999999999,3.6,0,7,5,122,32516.0,1949.0,Mixed
2016-05-01 01:00:00,Rat_lodging_Ben,193.59,12.2,8.0,10.6,1021.8,4.6,1,7,5,122,32516.0,1949.0,Mixed
2016-05-01 02:00:00,Rat_lodging_Ben,183.9,11.1,8.0,9.4,1021.3,3.1,2,7,5,122,32516.0,1949.0,Mixed
2016-05-01 03:00:00,Rat_lodging_Ben,183.64,11.1,8.0,9.4,1021.0,3.6,3,7,5,122,32516.0,1949.0,Mixed
2016-05-01 04:00:00,Rat_lodging_Ben,177.72,11.1,8.0,10.0,1020.3,3.6,4,7,5,122,32516.0,1949.0,Mixed
2016-05-01 05:00:00,Rat_lodging_Ben,183.1,11.1,8.0,10.0,1020.3,4.1,5,7,5,122,32516.0,1949.0,Mixed
2016-05-01 06:00:00,Rat_lodging_Ben,200.27,11.7,8.0,10.6,1020.1,3.1,6,7,5,122,32516.0,1949.0,Mixed
2016-05-01 07:00:00,Rat_lodging_Ben,217.05,11.7,8.0,10.6,1020.3,4.1,7,7,5,122,32516.0,1949.0,Mixed
2016-05-01 08:00:00,Rat_lodging_Ben,222.14,11.7,8.0,10.6,1020.2,4.1,8,7,5,122,32516.0,1949.0,Mixed
2016-05-01 09:00:00,Rat_lodging_Ben,228.55,12.2,8.0,11.1,1020.0,3.6,9,7,5,122,32516.0,1949.0,Mixed
2016-05-01 10:00:00,Rat_lodging_Ben,232.25,12.2,8.0,11.1,1019.7,3.6,10,7,5,122,32516.0,1949.0,Mixed
2016-05-01 11:00:00,Rat_lodging_Ben,232.89,13.3,8.0,11.7,1018.7,4.1,11,7,5,122,32516.0,1949.0,Mixed
2016-05-01 12:00:00,Rat_lodging_Ben,233.26,13.3,8.0,11.7,1019.1,3.6,12,7,5,122,32516.0,1949.0,Mixed
2016-05-01 13:00:00,Rat_lodging_Ben,230.27,13.9,8.0,12.2,1018.3,2.6,13,7,5,122,32516.0,1949.0,Mixed
2016-05-01 14:00:00,Rat_lodging_Ben,236.37,14.4,8.0,12.2,1017.9,1.5,14,7,5,122,32516.0,1949.0,Mixed
2016-05-01 15:00:00,Rat_lodging_Ben,232.04,14.4,8.0,12.8,1016.9,3.1,15,7,5,122,32516.0,1949.0,Mixed
2016-05-01 16:00:00,Rat_lodging_Ben,223.99,15.0,8.0,12.8,1016.7,2.1,16,7,5,122,32516.0,1949.0,Mixed
2016-05-01 17:00:00,Rat_lodging_Ben,228.47,14.4,8.0,12.8,1016.3,2.6,17,7,5,122,32516.0,1949.0,Mixed
2016-05-01 18:00:00,Rat_lodging_Ben,229.3,14.4,8.0,12.8,1016.4,3.1,18,7,5,122,32516.0,1949.0,Mixed
2016-05-01 19:00:00,Rat_lodging_Ben,229.62,13.9,8.0,12.8,1016.8,3.1,19,7,5,122,32516.0,1949.0,Mixed
2016-05-01 20:00:00,Rat_lodging_Ben,223.66,13.3,8.0,12.8,1017.1,3.1,20,7,5,122,32516.0,1949.0,Mixed
2016-05-01 21:00:00,Rat_lodging_Ben,228.88,13.3,8.0,12.8,1017.6,2.6,21,7,5,122,32516.0,1949.0,Mixed
2016-05-01 22:00:00,Rat_lodging_Ben,207.15,13.3,8.0,12.2,1017.3,2.1,22,7,5,122,32516.0,1949.0,Mixed
2016-05-01 23:00:00,Rat_lodging_Ben,205.92,13.3,8.0,12.2,1016.9,3.1,23,7,5,122,32516.0,1949.0,Mixed
2016-05-02 00:00:00,Rat_lodging_Ben,198.34,13.3,8.0,12.2,1016.4,0.0,0,1,5,123,32516.0,1949.0,Mixed
2016-05-02 01:00:00,Rat_lodging_Ben,198.15,13.3,8.0,12.2,1015.8,2.6,1,1,5,123,32516.0,1949.0,Mixed
2016-05-02 02:00:00,Rat_lodging_Ben,195.46,13.3,8.0,12.2,1015.4,1.5,2,1,5,123,32516.0,1949.0,Mixed
2016-05-02 03:00:00,Rat_lodging_Ben,196.61,12.8,8.0,12.2,1014.3,3.6,3,1,5,123,32516.0,1949.0,Mixed
2016-05-02 04:00:00,Rat_lodging_Ben,198.3,12.8,8.0,12.2,1014.2,1.5,4,1,5,123,32516.0,1949.0,Mixed
2016-05-02 05:00:00,Rat_lodging_Ben,211.21,12.8,9.0,12.2,1015.0,2.1,5,1,5,123,32516.0,1949.0,Mixed
2016-05-02 06:00:00,Rat_lodging_Ben,236.45,12.8,8.5,12.2,1014.7,0.0,6,1,5,123,32516.0,1949.0,Mixed
2016-05-02 07:00:00,Rat_lodging_Ben,255.93,13.3,8.0,12.8,1015.7,4.1,7,1,5,123,32516.0,1949.0,Mixed
2016-05-02 08:00:00,Rat_lodging_Ben,261.54,13.3,8.0,12.8,1015.1,2.6,8,1,5,123,32516.0,1949.0,Mixed
2016-05-02 09:00:00,Rat_lodging_Ben,263.64,14.4,8.0,13.3,1014.8,2.6,9,1,5,123,32516.0,1949.0,Mixed
2016-05-02 10:00:00,Rat_lodging_Ben,253.25,15.6,8.0,14.4,1014.6,2.6,10,1,5,123,32516.0,1949.0,Mixed
2016-05-02 11:00:00,Rat_lodging_Ben,279.24,17.2,8.0,15.6,1014.2,4.1,11,1,5,123,32516.0,1949.0,Mixed
2016-05-02 12:00:00,Rat_lodging_Ben,303.08,19.4,8.0,16.7,1013.2,5.1,12,1,5,123,32516.0,1949.0,Mixed
2016-05-02 13:00:00,Rat_lodging_Ben,308.01,19.4,8.0,16.1,1012.9,5.7,13,1,5,123,32516.0,1949.0,Mixed
2016-05-02 14:00:00,Rat_lodging_Ben,335.51,21.7,8.0,17.8,1012.1,4.6,14,1,5,123,32516.0,1949.0,Mixed
2016-05-02 15:00:00,Rat_lodging_Ben,375.04,23.3,8.0,18.3,1011.2,3.6,15,1,5,123,32516.0,1949.0,Mixed
2016-05-02 16:00:00,Rat_lodging_Ben,395.09,24.4,8.0,18.3,1010.6,3.1,16,1,5,123,32516.0,1949.0,Mixed
2016-05-02 17:00:00,Rat_lodging_Ben,389.02,23.9,8.0,18.3,1010.1,0.0,17,1,5,123,32516.0,1949.0,Mixed
2016-05-02 18:00:00,Rat_lodging_Ben,378.32,23.3,8.0,18.9,1010.2,0.0,18,1,5,123,32516.0,1949.0,Mixed
2016-05-02 19:00:00,Rat_lodging_Ben,349.42,21.7,8.0,20.0,1010.6,3.1,19,1,5,123,32516.0,1949.0,Mixed
2016-05-02 20:00:00,Rat_lodging_Ben,305.05,20.0,8.0,15.6,1009.2,9.8,20,1,5,123,32516.0,1949.0,Mixed
2016-05-02 21:00:00,Rat_lodging_Ben,263.32,16.7,8.0,14.4,1011.8,6.2,21,1,5,123,32516.0,1949.0,Mixed
2016-05-02 22:00:00,Rat_lodging_Ben,239.44,16.7,8.0,14.4,1011.5,1.5,22,1,5,123,32516.0,1949.0,Mixed
2016-05-02 23:00:00,Rat_lodging_Ben,226.95,17.2,8.0,15.6,1010.8,2.6,23,1,5,123,32516.0,1949.0,Mixed
2016-05-03 00:00:00,Rat_lodging_Ben,222.95,16.7,8.0,15.6,1010.4,2.1,0,2,5,124,32516.0,1949.0,Mixed
2016-05-03 01:00:00,Rat_lodging_Ben,223.97,16.7,8.0,15.6,1010.2,1.5,1,2,5,124,32516.0,1949.0,Mixed
2016-05-03 02:00:00,Rat_lodging_Ben,220.84,17.2,8.0,16.1,1009.7,2.6,2,2,5,124,32516.0,1949.0,Mixed
2016-05-03 03:00:00,Rat_lodging_Ben,219.02,17.2,8.0,16.1,1009.3,0.0,3,2,5,124,32516.0,1949.0,Mixed
2016-05-03 04:00:00,Rat_lodging_Ben,234.86,16.7,8.0,16.1,1008.9,1.5,4,2,5,124,32516.0,1949.0,Mixed
2016-05-03 05:00:00,Rat_lodging_Ben,240.73,17.2,8.0,16.7,1008.7,0.0,5,2,5,124,32516.0,1949.0,Mixed
2016-05-03 06:00:00,Rat_lodging_Ben,265.88,16.7,8.0,16.7,1008.8,1.5,6,2,5,124,32516.0,1949.0,Mixed
2016-05-03 07:00:00,Rat_lodging_Ben,274.36,17.2,8.0,16.7,1008.9,0.0,7,2,5,124,32516.0,1949.0,Mixed
2016-05-03 08:00:00,Rat_lodging_Ben,288.19,18.3,8.0,16.7,1009.0,4.1,8,2,5,124,32516.0,1949.0,Mixed
2016-05-03 09:00:00,Rat_lodging_Ben,306.91,19.4,8.0,15.6,1008.95,3.1,9,2,5,124,32516.0,1949.0,Mixed
2016-05-03 10:00:00,Rat_lodging_Ben,313.0,20.0,8.0,15.6,1008.9,4.6,10,2,5,124,32516.0,1949.0,Mixed
2016-05-03 11:00:00,Rat_lodging_Ben,320.22,19.4,7.333333333333333,15.6,1008.6,3.1,11,2,5,124,32516.0,1949.0,Mixed
2016-05-03 12:00:00,Rat_lodging_Ben,317.57,20.6,6.666666666666667,15.6,1008.8,4.1,12,2,5,124,32516.0,1949.0,Mixed
2016-05-03 13:00:00,Rat_lodging_Ben,364.08,22.2,6.0,15.6,1008.2,3.6,13,2,5,124,32516.0,1949.0,Mixed
2016-05-03 14:00:00,Rat_lodging_Ben,376.94,22.2,6.666666666666667,14.4,1007.9,4.6,14,2,5,124,32516.0,1949.0,Mixed
2016-05-03 15:00:00,Rat_lodging_Ben,392.89,22.2,7.333333333333333,13.9,1007.0,2.6,15,2,5,124,32516.0,1949.0,Mixed
2016-05-03 16:00:00,Rat_lodging_Ben,376.06,20.0,8.0,15.0,1007.3,5.1,16,2,5,124,32516.0,1949.0,Mixed
2016-05-03 17:00:00,Rat_lodging_Ben,336.91,18.9,7.333333333333333,16.1,1007.25,3.1,17,2,5,124,32516.0,1949.0,Mixed
2016-05-03 18:00:00,Rat_lodging_Ben,312.47,17.2,6.666666666666667,15.0,1007.2,5.7,18,2,5,124,32516.0,1949.0,Mixed
2016-05-03 19:00:00,Rat_lodging_Ben,285.85,16.7,6.0,13.9,1008.1,4.1,19,2,5,124,32516.0,1949.0,Mixed
2016-05-03 20:00:00,Rat_lodging_Ben,280.16,16.1,6.666666666666667,13.3,1008.05,5.1,20,2,5,124,32516.0,1949.0,Mixed
2016-05-03 21:00:00,Rat_lodging_Ben,267.68,15.6,7.333333333333333,12.8,1008.0,4.1,21,2,5,124,32516.0,1949.0,Mixed
2016-05-03 22:00:00,Rat_lodging_Ben,247.18,15.6,8.0,12.2,1008.9,5.1,22,2,5,124,32516.0,1949.0,Mixed
2016-05-03 23:00:00,Rat_lodging_Ben,235.6,15.0,7.333333333333333,12.8,1008.6,4.1,23,2,5,124,32516.0,1949.0,Mixed
2016-05-04 00:00:00,Rat_lodging_Ben,225.82,14.4,6.666666666666667,12.2,1008.6,3.6,0,3,5,125,32516.0,1949.0,Mixed
2016-05-04 01:00:00,Rat_lodging_Ben,216.15,13.9,6.0,12.8,1007.8,4.1,1,3,5,125,32516.0,1949.0,Mixed
2016-05-04 02:00:00,Rat_lodging_Ben,216.02,13.3,6.666666666666667,12.2,1007.2,3.6,2,3,5,125,32516.0,1949.0,Mixed
2016-05-04 03:00:00,Rat_lodging_Ben,216.38,13.3,7.333333333333333,12.2,1007.3,3.6,3,3,5,125,32516.0,1949.0,Mixed
2016-05-04 04:00:00,Rat_lodging_Ben,211.01,13.3,8.0,11.7,1007.1,4.1,4,3,5,125,32516.0,1949.0,Mixed
2016-05-04 05:00:00,Rat_lodging_Ben,227.67,12.8,8.0,11.7,1006.9,3.1,5,3,5,125,32516.0,1949.0,Mixed
2016-05-04 06:00:00,Rat_lodging_Ben,246.67,12.2,8.0,11.1,1007.0,4.6,6,3,5,125,32516.0,1949.0,Mixed
2016-05-04 07:00:00,Rat_lodging_Ben,249.78,12.8,8.0,10.6,1007.0,3.6,7,3,5,125,32516.0,1949.0,Mixed
2016-05-04 08:00:00,Rat_lodging_Ben,259.98,12.2,8.0,10.0,1006.8,3.1,8,3,5,125,32516.0,1949.0,Mixed
2016-05-04 09:00:00,Rat_lodging_Ben,273.06,12.8,8.0,10.6,1006.8,3.6,9,3,5,125,32516.0,1949.0,Mixed
2016-05-04 10:00:00,Rat_lodging_Ben,280.96,12.8,8.0,11.1,1006.9,2.1,10,3,5,125,32516.0,1949.0,Mixed
2016-05-04 11:00:00,Rat_lodging_Ben,287.83,13.9,8.0,11.1,1006.3,2.6,11,3,5,125,32516.0,1949.0,Mixed
2016-05-04 12:00:00,Rat_lodging_Ben,288.62,15.0,8.0,11.1,1005.9,2.1,12,3,5,125,32516.0,1949.0,Mixed
2016-05-04 13:00:00,Rat_lodging_Ben,305.3,15.0,8.0,11.7,1005.2,2.6,13,3,5,125,32516.0,1949.0,Mixed
2016-05-04 14:00:00,Rat_lodging_Ben,313.01,15.0,8.0,11.7,1004.7,3.6,14,3,5,125,32516.0,1949.0,Mixed
2016-05-04 15:00:00,Rat_lodging_Ben,302.04,15.0,8.0,11.7,1004.2,4.6,15,3,5,125,32516.0,1949.0,Mixed
2016-05-04 16:00:00,Rat_lodging_Ben,292.03,15.6,8.0,11.7,1003.9,4.1,16,3,5,125,32516.0,1949.0,Mixed
2016-05-04 17:00:00,Rat_lodging_Ben,286.18,14.4,8.0,11.7,1004.0,5.1,17,3,5,125,32516.0,1949.0,Mixed
2016-05-04 18:00:00,Rat_lodging_Ben,265.88,13.9,8.0,11.7,1004.5,5.7,18,3,5,125,32516.0,1949.0,Mixed
2016-05-04 19:00:00,Rat_lodging_Ben,256.17,13.3,8.0,11.7,1005.2,5.1,19,3,5,125,32516.0,1949.0,Mixed
2016-05-04 20:00:00,Rat_lodging_Ben,248.82,13.3,8.0,11.1,1005.3,7.2,20,3,5,125,32516.0,1949.0,Mixed
2016-05-04 21:00:00,Rat_lodging_Ben,243.15,12.8,8.0,11.1,1005.5,5.1,21,3,5,125,32516.0,1949.0,Mixed
2016-05-04 22:00:00,Rat_lodging_Ben,222.68,12.2,8.0,10.6,1005.9,5.1,22,3,5,125,32516.0,1949.0,Mixed
2016-05-04 23:00:00,Rat_lodging_Ben,212.83,12.2,8.0,10.0,1006.0,5.7,23,3,5,125,32516.0,1949.0,Mixed
2016-05-05 00:00:00,Rat_lodging_Ben,202.38,11.7,8.0,9.4,1005.8,5.1,0,4,5,126,32516.0,1949.0,Mixed
2016-05-05 01:00:00,Rat_lodging_Ben,199.14,11.7,8.0,9.4,1005.6,6.2,1,4,5,126,32516.0,1949.0,Mixed
2016-05-05 02:00:00,Rat_lodging_Ben,196.03,10.6,8.0,8.9,1005.4,4.6,2,4,5,126,32516.0,1949.0,Mixed
2016-05-05 03:00:00,Rat_lodging_Ben,198.69,10.6,8.0,9.4,1005.1,4.6,3,4,5,126,32516.0,1949.0,Mixed
2016-05-05 04:00:00,Rat_lodging_Ben,202.65,10.6,8.0,9.4,1004.5,4.1,4,4,5,126,32516.0,1949.0,Mixed
2016-05-05 05:00:00,Rat_lodging_Ben,210.2,10.6,8.0,8.9,1003.9,4.6,5,4,5,126,32516.0,1949.0,Mixed
2016-05-05 06:00:00,Rat_lodging_Ben,229.86,10.6,8.0,8.9,1004.5,4.1,6,4,5,126,32516.0,1949.0,Mixed
2016-05-05 07:00:00,Rat_lodging_Ben,239.76,10.6,8.0,9.4,1004.8,5.1,7,4,5,126,32516.0,1949.0,Mixed
2016-05-05 08:00:00,Rat_lodging_Ben,250.11,10.6,8.0,9.4,1004.9,4.6,8,4,5,126,32516.0,1949.0,Mixed
2016-05-05 09:00:00,Rat_lodging_Ben,250.59,11.1,8.0,9.4,1005.0,5.7,9,4,5,126,32516.0,1949.0,Mixed
2016-05-05 10:00:00,Rat_lodging_Ben,251.58,11.1,8.0,10.0,1005.0,5.1,10,4,5,126,32516.0,1949.0,Mixed
2016-05-05 11:00:00,Rat_lodging_Ben,251.48,11.1,8.0,9.4,1005.1,5.7,11,4,5,126,32516.0,1949.0,Mixed
2016-05-05 12:00:00,Rat_lodging_Ben,251.61,11.7,8.0,8.9,1004.6500000000001,5.1,12,4,5,126,32516.0,1949.0,Mixed
2016-05-05 13:00:00,Rat_lodging_Ben,251.73,12.2,8.0,8.9,1004.2,5.7,13,4,5,126,32516.0,1949.0,Mixed
2016-05-05 14:00:00,Rat_lodging_Ben,249.43,13.3,8.0,9.4,1004.0,3.6,14,4,5,126,32516.0,1949.0,Mixed
2016-05-05 15:00:00,Rat_lodging_Ben,261.85,13.9,8.0,8.3,1003.5,5.1,15,4,5,126,32516.0,1949.0,Mixed
2016-05-05 16:00:00,Rat_lodging_Ben,251.09,13.9,8.0,8.3,1003.4,5.7,16,4,5,126,32516.0,1949.0,Mixed
2016-05-05 17:00:00,Rat_lodging_Ben,248.0,13.3,8.0,9.4,1003.6,5.1,17,4,5,126,32516.0,1949.0,Mixed
2016-05-05 18:00:00,Rat_lodging_Ben,241.34,13.3,8.0,8.9,1003.8,5.7,18,4,5,126,32516.0,1949.0,Mixed
2016-05-05 19:00:00,Rat_lodging_Ben,240.21,13.3,8.0,8.9,1004.1,6.2,19,4,5,126,32516.0,1949.0,Mixed
2016-05-05 20:00:00,Rat_lodging_Ben,236.6,13.3,8.0,8.9,1004.6,5.1,20,4,5,126,32516.0,1949.0,Mixed
2016-05-05 21:00:00,Rat_lodging_Ben,217.99,12.8,8.0,9.4,1005.1,4.1,21,4,5,126,32516.0,1949.0,Mixed
2016-05-05 22:00:00,Rat_lodging_Ben,208.77,12.8,8.0,10.0,1005.2,3.1,22,4,5,126,32516.0,1949.0,Mixed
2016-05-05 23:00:00,Rat_lodging_Ben,203.81,12.8,8.0,9.4,1004.9,4.6,23,4,5,126,32516.0,1949.0,Mixed
2016-05-06 00:00:00,Rat_lodging_Ben,202.81,12.2,8.0,10.0,1004.9,4.1,0,5,5,127,32516.0,1949.0,Mixed
2016-05-06 01:00:00,Rat_lodging_Ben,201.55,12.2,8.0,10.0,1004.7,4.1,1,5,5,127,32516.0,1949.0,Mixed
2016-05-06 02:00:00,Rat_lodging_Ben,197.54,12.2,8.0,9.4,1004.4,5.1,2,5,5,127,32516.0,1949.0,Mixed
2016-05-06 03:00:00,Rat_lodging_Ben,199.57,12.2,8.0,9.4,1003.8,4.6,3,5,5,127,32516.0,1949.0,Mixed
2016-05-06 04:00:00,Rat_lodging_Ben,205.64,12.8,8.0,9.4,1004.1,4.6,4,5,5,127,32516.0,1949.0,Mixed
2016-05-06 05:00:00,Rat_lodging_Ben,218.0,12.8,8.0,8.9,1004.2,5.7,5,5,5,127,32516.0,1949.0,Mixed
2016-05-06 06:00:00,Rat_lodging_Ben,236.97,11.7,8.0,10.0,1004.8,3.6,6,5,5,127,32516.0,1949.0,Mixed
2016-05-06 07:00:00,Rat_lodging_Ben,248.07,11.7,8.0,10.0,1005.2,4.1,7,5,5,127,32516.0,1949.0,Mixed
2016-05-06 08:00:00,Rat_lodging_Ben,245.39,11.7,8.0,10.0,1005.2,4.6,8,5,5,127,32516.0,1949.0,Mixed
2016-05-06 09:00:00,Rat_lodging_Ben,250.77,11.7,8.0,10.0,1005.4,4.6,9,5,5,127,32516.0,1949.0,Mixed
2016-05-06 10:00:00,Rat_lodging_Ben,254.36,12.2,8.0,10.6,1005.5,5.7,10,5,5,127,32516.0,1949.0,Mixed
2016-05-06 11:00:00,Rat_lodging_Ben,260.98,12.8,8.0,11.1,1005.2,5.7,11,5,5,127,32516.0,1949.0,Mixed
2016-05-06 12:00:00,Rat_lodging_Ben,247.85,10.6,8.0,8.9,1005.3,4.6,12,5,5,127,32516.0,1949.0,Mixed
2016-05-06 13:00:00,Rat_lodging_Ben,249.4,11.1,8.0,8.3,1005.3,0.0,13,5,5,127,32516.0,1949.0,Mixed
2016-05-06 14:00:00,Rat_lodging_Ben,252.71,11.7,8.0,9.4,1005.1,3.1,14,5,5,127,32516.0,1949.0,Mixed
2016-05-06 15:00:00,Rat_lodging_Ben,251.64,12.2,8.0,10.0,1004.8,3.1,15,5,5,127,32516.0,1949.0,Mixed
2016-05-06 16:00:00,Rat_lodging_Ben,240.63,11.7,8.0,9.4,1004.6,6.7,16,5,5,127,32516.0,1949.0,Mixed
2016-05-06 17:00:00,Rat_lodging_Ben,233.09,11.7,8.0,9.4,1004.8,4.6,17,5,5,127,32516.0,1949.0,Mixed
2016-05-06 18:00:00,Rat_lodging_Ben,229.4,11.7,8.0,8.9,1005.0,3.6,18,5,5,127,32516.0,1949.0,Mixed
2016-05-06 19:00:00,Rat_lodging_Ben,231.98,11.1,8.0,8.9,1005.2,3.1,19,5,5,127,32516.0,1949.0,Mixed
2016-05-06 20:00:00,Rat_lodging_Ben,223.65,11.7,8.0,9.4,1005.7,1.5,20,5,5,127,32516.0,1949.0,Mixed
2016-05-06 21:00:00,Rat_lodging_Ben,222.04,11.1,8.0,10.0,1006.0,1.5,21,5,5,127,32516.0,1949.0,Mixed
2016-05-06 22:00:00,Rat_lodging_Ben,215.57,11.7,8.0,10.6,1006.3,2.1,22,5,5,127,32516.0,1949.0,Mixed
2016-05-06 23:00:00,Rat_lodging_Ben,202.73,11.7,8.0,10.0,1006.2,2.6,23,5,5,127,32516.0,1949.0,Mixed
2016-05-07 00:00:00,Rat_lodging_Ben,203.75,11.7,8.0,10.0,1006.3,3.1,0,6,5,128,32516.0,1949.0,Mixed
2016-05-07 01:00:00,Rat_lodging_Ben,198.22,11.7,8.0,10.0,1006.3,3.1,1,6,5,128,32516.0,1949.0,Mixed
2016-05-07 02:00:00,Rat_lodging_Ben,193.69,11.1,8.0,10.0,1006.5,4.6,2,6,5,128,32516.0,1949.0,Mixed
2016-05-07 03:00:00,Rat_lodging_Ben,194.74,10.6,8.0,9.4,1006.7,3.1,3,6,5,128,32516.0,1949.0,Mixed
2016-05-07 04:00:00,Rat_lodging_Ben,195.51,11.1,8.0,10.0,1007.4,3.1,4,6,5,128,32516.0,1949.0,Mixed
2016-05-07 05:00:00,Rat_lodging_Ben,197.3,10.6,6.0,9.4,1007.7,4.1,5,6,5,128,32516.0,1949.0,Mixed
2016-05-07 06:00:00,Rat_lodging_Ben,212.21,10.6,4.0,9.4,1008.2,3.6,6,6,5,128,32516.0,1949.0,Mixed
2016-05-07 07:00:00,Rat_lodging_Ben,234.2,11.7,6.0,9.4,1008.6,3.1,7,6,5,128,32516.0,1949.0,Mixed
2016-05-07 08:00:00,Rat_lodging_Ben,243.76,12.2,6.0,8.9,1008.8,2.6,8,6,5,128,32516.0,1949.0,Mixed
2016-05-07 09:00:00,Rat_lodging_Ben,228.4,12.2,6.0,8.9,1009.0,2.6,9,6,5,128,32516.0,1949.0,Mixed
2016-05-07 10:00:00,Rat_lodging_Ben,225.98,13.9,6.0,8.9,1009.0,1.5,10,6,5,128,32516.0,1949.0,Mixed
2016-05-07 11:00:00,Rat_lodging_Ben,226.91,15.0,6.0,8.9,1009.1,2.1,11,6,5,128,32516.0,1949.0,Mixed
2016-05-07 12:00:00,Rat_lodging_Ben,231.33,15.0,6.0,8.9,1008.5,2.6,12,6,5,128,32516.0,1949.0,Mixed
2016-05-07 13:00:00,Rat_lodging_Ben,232.92,17.2,6.0,9.4,1008.1,3.1,13,6,5,128,32516.0,1949.0,Mixed
2016-05-07 14:00:00,Rat_lodging_Ben,240.61,16.1,6.0,9.4,1007.7,2.6,14,6,5,128,32516.0,1949.0,Mixed
2016-05-07 15:00:00,Rat_lodging_Ben,254.63,17.8,6.0,8.9,1007.1,2.6,15,6,5,128,32516.0,1949.0,Mixed
2016-05-07 16:00:00,Rat_lodging_Ben,259.76,17.2,6.0,9.4,1007.0,2.6,16,6,5,128,32516.0,1949.0,Mixed
2016-05-07 17:00:00,Rat_lodging_Ben,264.77,17.8,4.0,10.0,1006.8,2.1,17,6,5,128,32516.0,1949.0,Mixed
2016-05-07 18:00:00,Rat_lodging_Ben,265.23,16.7,4.0,10.6,1006.9,4.1,18,6,5,128,32516.0,1949.0,Mixed
2016-05-07 19:00:00,Rat_lodging_Ben,254.89,15.6,4.0,10.0,1007.1,3.1,19,6,5,128,32516.0,1949.0,Mixed
2016-05-07 20:00:00,Rat_lodging_Ben,250.03,15.6,5.333333333333333,10.0,1007.2,2.1,20,6,5,128,32516.0,1949.0,Mixed
2016-05-07 21:00:00,Rat_lodging_Ben,240.45,15.0,6.666666666666666,10.6,1007.1,3.1,21,6,5,128,32516.0,1949.0,Mixed
2016-05-07 22:00:00,Rat_lodging_Ben,229.45,14.4,8.0,10.6,1007.5,4.6,22,6,5,128,32516.0,1949.0,Mixed
2016-05-07 23:00:00,Rat_lodging_Ben,213.25,14.4,8.0,10.0,1007.3,3.1,23,6,5,128,32516.0,1949.0,Mixed
2016-05-08 00:00:00,Rat_lodging_Ben,207.33,14.4,8.0,10.6,1006.9,4.1,0,7,5,129,32516.0,1949.0,Mixed
2016-05-08 01:00:00,Rat_lodging_Ben,209.19,13.9,8.0,11.1,1006.3,4.1,1,7,5,129,32516.0,1949.0,Mixed
2016-05-08 02:00:00,Rat_lodging_Ben,201.49,13.9,6.666666666666667,11.1,1005.65,2.6,2,7,5,129,32516.0,1949.0,Mixed
2016-05-08 03:00:00,Rat_lodging_Ben,194.56,13.9,5.333333333333334,12.2,1005.0,4.1,3,7,5,129,32516.0,1949.0,Mixed
2016-05-08 04:00:00,Rat_lodging_Ben,193.06,12.8,4.0,11.7,1004.5,2.6,4,7,5,129,32516.0,1949.0,Mixed
2016-05-08 05:00:00,Rat_lodging_Ben,195.59,12.2,4.666666666666667,11.1,1005.0,2.1,5,7,5,129,32516.0,1949.0,Mixed
2016-05-08 06:00:00,Rat_lodging_Ben,213.57,12.8,5.333333333333333,11.7,1005.4,1.5,6,7,5,129,32516.0,1949.0,Mixed
2016-05-08 07:00:00,Rat_lodging_Ben,229.13,14.4,6.0,12.8,1006.3,0.0,7,7,5,129,32516.0,1949.0,Mixed
2016-05-08 08:00:00,Rat_lodging_Ben,259.96,17.8,6.666666666666667,13.3,1006.7,2.1,8,7,5,129,32516.0,1949.0,Mixed
2016-05-08 09:00:00,Rat_lodging_Ben,269.0,19.4,7.333333333333333,10.0,1007.8,7.2,9,7,5,129,32516.0,1949.0,Mixed
2016-05-08 10:00:00,Rat_lodging_Ben,280.76,20.0,8.0,1.7,1008.9,8.2,10,7,5,129,32516.0,1949.0,Mixed
2016-05-08 11:00:00,Rat_lodging_Ben,273.34,19.4,7.333333333333333,3.9,1009.6,8.8,11,7,5,129,32516.0,1949.0,Mixed
2016-05-08 12:00:00,Rat_lodging_Ben,279.51,20.6,6.666666666666667,1.7,1010.1,8.8,12,7,5,129,32516.0,1949.0,Mixed
2016-05-08 13:00:00,Rat_lodging_Ben,286.96,21.1,6.0,3.3,1010.3,5.7,13,7,5,129,32516.0,1949.0,Mixed
2016-05-08 14:00:00,Rat_lodging_Ben,292.72,22.2,6.0,2.8,1010.5,6.7,14,7,5,129,32516.0,1949.0,Mixed
2016-05-08 15:00:00,Rat_lodging_Ben,296.31,21.7,6.0,0.0,1010.5,9.3,15,7,5,129,32516.0,1949.0,Mixed
2016-05-08 16:00:00,Rat_lodging_Ben,289.96,21.1,6.0,0.0,1010.7,5.7,16,7,5,129,32516.0,1949.0,Mixed
2016-05-08 17:00:00,Rat_lodging_Ben,272.05,20.6,6.0,0.6,1011.3,5.1,17,7,5,129,32516.0,1949.0,Mixed
2016-05-08 18:00:00,Rat_lodging_Ben,264.26,20.0,6.0,0.6,1011.6,5.1,18,7,5,129,32516.0,1949.0,Mixed
2016-05-08 19:00:00,Rat_lodging_Ben,253.7,19.4,6.0,0.6,1012.4,3.6,19,7,5,129,32516.0,1949.0,Mixed
2016-05-08 20:00:00,Rat_lodging_Ben,250.78,17.2,6.0,1.7,1013.2,2.6,20,7,5,129,32516.0,1949.0,Mixed
2016-05-08 21:00:00,Rat_lodging_Ben,245.69,16.7,6.0,1.7,1014.5,2.1,21,7,5,129,32516.0,1949.0,Mixed
2016-05-08 22:00:00,Rat_lodging_Ben,226.73,16.1,6.0,0.6,1015.4,3.1,22,7,5,129,32516.0,1949.0,Mixed
2016-05-08 23:00:00,Rat_lodging_Ben,221.74,14.4,5.0,1.7,1016.1,4.6,23,7,5,129,32516.0,1949.0,Mixed
2016-05-09 00:00:00,Rat_lodging_Ben,214.09,12.8,4.0,4.4,1016.6,2.1,0,1,5,130,32516.0,1949.0,Mixed
2016-05-09 01:00:00,Rat_lodging_Ben,212.66,12.8,6.0,5.6,1016.9,2.1,1,1,5,130,32516.0,1949.0,Mixed
2016-05-09 02:00:00,Rat_lodging_Ben,203.21,12.2,6.0,2.8,1016.9,1.5,2,1,5,130,32516.0,1949.0,Mixed
2016-05-09 03:00:00,Rat_lodging_Ben,198.22,11.1,6.0,6.1,1017.2,2.1,3,1,5,130,32516.0,1949.0,Mixed
2016-05-09 04:00:00,Rat_lodging_Ben,204.57,10.0,6.0,6.7,1017.3,2.1,4,1,5,130,32516.0,1949.0,Mixed
2016-05-09 05:00:00,Rat_lodging_Ben,213.8,11.1,6.666666666666667,5.6,1017.2,0.0,5,1,5,130,32516.0,1949.0,Mixed
2016-05-09 06:00:00,Rat_lodging_Ben,239.52,11.1,7.333333333333333,7.2,1018.3,2.1,6,1,5,130,32516.0,1949.0,Mixed
2016-05-09 07:00:00,Rat_lodging_Ben,262.58,12.8,8.0,7.2,1018.5,2.6,7,1,5,130,32516.0,1949.0,Mixed
2016-05-09 08:00:00,Rat_lodging_Ben,272.5,13.9,8.0,10.0,1018.4,2.1,8,1,5,130,32516.0,1949.0,Mixed
2016-05-09 09:00:00,Rat_lodging_Ben,286.55,15.0,8.0,10.0,1019.1,3.6,9,1,5,130,32516.0,1949.0,Mixed
2016-05-09 10:00:00,Rat_lodging_Ben,295.24,16.1,8.0,6.1,1019.9,5.7,10,1,5,130,32516.0,1949.0,Mixed
2016-05-09 11:00:00,Rat_lodging_Ben,286.71,13.9,8.0,10.0,1021.3,5.1,11,1,5,130,32516.0,1949.0,Mixed
2016-05-09 12:00:00,Rat_lodging_Ben,282.34,13.9,8.0,10.6,1020.9,4.1,12,1,5,130,32516.0,1949.0,Mixed
2016-05-09 13:00:00,Rat_lodging_Ben,281.76,14.4,8.0,11.1,1020.0,0.0,13,1,5,130,32516.0,1949.0,Mixed
2016-05-09 14:00:00,Rat_lodging_Ben,284.58,15.0,8.0,11.7,1018.9,2.1,14,1,5,130,32516.0,1949.0,Mixed
2016-05-09 15:00:00,Rat_lodging_Ben,283.15,17.2,8.0,12.8,1018.6,3.1,15,1,5,130,32516.0,1949.0,Mixed
2016-05-09 16:00:00,Rat_lodging_Ben,290.32,16.7,8.0,12.8,1018.3,3.6,16,1,5,130,32516.0,1949.0,Mixed
2016-05-09 17:00:00,Rat_lodging_Ben,303.2,17.2,8.0,12.2,1018.1,3.6,17,1,5,130,32516.0,1949.0,Mixed
2016-05-09 18:00:00,Rat_lodging_Ben,289.12,16.7,8.0,12.8,1018.3,4.1,18,1,5,130,32516.0,1949.0,Mixed
2016-05-09 19:00:00,Rat_lodging_Ben,287.26,16.1,8.0,10.6,1018.9,2.1,19,1,5,130,32516.0,1949.0,Mixed
2016-05-09 20:00:00,Rat_lodging_Ben,280.08,16.1,7.333333333333333,11.7,1019.3,2.1,20,1,5,130,32516.0,1949.0,Mixed
2016-05-09 21:00:00,Rat_lodging_Ben,265.87,15.6,6.666666666666667,12.2,1019.5,2.1,21,1,5,130,32516.0,1949.0,Mixed
2016-05-09 22:00:00,Rat_lodging_Ben,246.46,16.1,6.0,11.7,1019.7,1.5,22,1,5,130,32516.0,1949.0,Mixed
2016-05-09 23:00:00,Rat_lodging_Ben,240.67,15.0,6.666666666666667,12.8,1019.9,2.1,23,1,5,130,32516.0,1949.0,Mixed
2016-05-10 00:00:00,Rat_lodging_Ben,237.38,15.0,7.333333333333333,12.8,1019.8,0.0,0,2,5,131,32516.0,1949.0,Mixed
2016-05-10 01:00:00,Rat_lodging_Ben,233.07,15.0,8.0,12.8,1019.8,0.0,1,2,5,131,32516.0,1949.0,Mixed
2016-05-10 02:00:00,Rat_lodging_Ben,227.69,14.4,8.0,12.8,1019.9,1.5,2,2,5,131,32516.0,1949.0,Mixed
2016-05-10 03:00:00,Rat_lodging_Ben,223.5,15.0,8.0,13.3,1020.0,5.1,3,2,5,131,32516.0,1949.0,Mixed
2016-05-10 04:00:00,Rat_lodging_Ben,223.71,15.0,8.0,12.8,1020.9,0.0,4,2,5,131,32516.0,1949.0,Mixed
2016-05-10 05:00:00,Rat_lodging_Ben,225.1,15.0,8.0,11.1,1021.4,3.1,5,2,5,131,32516.0,1949.0,Mixed
2016-05-10 06:00:00,Rat_lodging_Ben,256.35,15.6,8.0,10.0,1023.9,1.5,6,2,5,131,32516.0,1949.0,Mixed
2016-05-10 07:00:00,Rat_lodging_Ben,271.22,15.0,8.0,10.0,1024.0,4.6,7,2,5,131,32516.0,1949.0,Mixed
2016-05-10 08:00:00,Rat_lodging_Ben,271.14,14.4,8.0,10.0,1024.2,5.1,8,2,5,131,32516.0,1949.0,Mixed
2016-05-10 09:00:00,Rat_lodging_Ben,277.57,14.4,8.0,10.6,1024.7,3.6,9,2,5,131,32516.0,1949.0,Mixed
2016-05-10 10:00:00,Rat_lodging_Ben,277.22,14.4,8.0,11.1,1025.1,2.1,10,2,5,131,32516.0,1949.0,Mixed
2016-05-10 11:00:00,Rat_lodging_Ben,286.94,15.6,8.0,9.4,1024.7,4.6,11,2,5,131,32516.0,1949.0,Mixed
2016-05-10 12:00:00,Rat_lodging_Ben,296.83,16.7,8.0,10.0,1024.3,2.6,12,2,5,131,32516.0,1949.0,Mixed
2016-05-10 13:00:00,Rat_lodging_Ben,295.76,17.2,8.0,9.4,1024.1,2.6,13,2,5,131,32516.0,1949.0,Mixed
2016-05-10 14:00:00,Rat_lodging_Ben,298.25,17.2,7.333333333333333,8.9,1023.7,3.1,14,2,5,131,32516.0,1949.0,Mixed
2016-05-10 15:00:00,Rat_lodging_Ben,299.78,18.3,6.666666666666667,9.4,1023.2,4.1,15,2,5,131,32516.0,1949.0,Mixed
2016-05-10 16:00:00,Rat_lodging_Ben,305.46,17.8,6.0,9.4,1023.1,3.6,16,2,5,131,32516.0,1949.0,Mixed
2016-05-10 17:00:00,Rat_lodging_Ben,300.32,17.2,6.0,8.9,1022.9,3.1,17,2,5,131,32516.0,1949.0,Mixed
2016-05-10 18:00:00,Rat_lodging_Ben,288.88,16.7,6.0,9.4,1022.7,2.6,18,2,5,131,32516.0,1949.0,Mixed
2016-05-10 19:00:00,Rat_lodging_Ben,279.25,16.7,6.0,10.0,1022.6,3.1,19,2,5,131,32516.0,1949.0,Mixed
2016-05-10 20:00:00,Rat_lodging_Ben,265.16,15.6,6.666666666666667,10.0,1022.8,3.6,20,2,5,131,32516.0,1949.0,Mixed
2016-05-10 21:00:00,Rat_lodging_Ben,257.11,15.0,7.333333333333333,9.4,1023.2,4.1,21,2,5,131,32516.0,1949.0,Mixed
2016-05-10 22:00:00,Rat_lodging_Ben,235.26,14.4,8.0,10.0,1022.7,4.1,22,2,5,131,32516.0,1949.0,Mixed
2016-05-10 23:00:00,Rat_lodging_Ben,228.98,13.9,8.0,10.6,1022.6,3.6,23,2,5,131,32516.0,1949.0,Mixed
2016-05-11 00:00:00,Rat_lodging_Ben,219.81,13.3,8.0,9.4,1022.9,3.1,0,3,5,132,32516.0,1949.0,Mixed
2016-05-11 01:00:00,Rat_lodging_Ben,213.51,12.2,8.0,10.6,1022.3,2.1,1,3,5,132,32516.0,1949.0,Mixed
2016-05-11 02:00:00,Rat_lodging_Ben,209.73,12.8,8.0,10.6,1021.7,2.6,2,3,5,132,32516.0,1949.0,Mixed
2016-05-11 03:00:00,Rat_lodging_Ben,206.25,12.2,8.0,10.6,1022.0,2.6,3,3,5,132,32516.0,1949.0,Mixed
2016-05-11 04:00:00,Rat_lodging_Ben,210.58,12.2,8.0,10.6,1021.9,2.6,4,3,5,132,32516.0,1949.0,Mixed
2016-05-11 05:00:00,Rat_lodging_Ben,218.15,12.2,8.0,10.6,1022.2,3.1,5,3,5,132,32516.0,1949.0,Mixed
2016-05-11 06:00:00,Rat_lodging_Ben,244.6,12.2,8.0,10.6,1022.1,3.6,6,3,5,132,32516.0,1949.0,Mixed
2016-05-11 07:00:00,Rat_lodging_Ben,256.7,12.8,8.0,11.1,1022.5,2.1,7,3,5,132,32516.0,1949.0,Mixed
2016-05-11 08:00:00,Rat_lodging_Ben,267.11,12.8,8.0,11.1,1023.1,2.1,8,3,5,132,32516.0,1949.0,Mixed
2016-05-11 09:00:00,Rat_lodging_Ben,279.37,12.8,8.0,12.2,1022.95,2.6,9,3,5,132,32516.0,1949.0,Mixed
2016-05-11 10:00:00,Rat_lodging_Ben,285.04,13.3,8.0,12.2,1022.8,2.1,10,3,5,132,32516.0,1949.0,Mixed
2016-05-11 11:00:00,Rat_lodging_Ben,285.92,13.3,8.0,12.2,1022.7,1.5,11,3,5,132,32516.0,1949.0,Mixed
2016-05-11 12:00:00,Rat_lodging_Ben,281.68,13.9,8.0,12.8,1022.4,1.5,12,3,5,132,32516.0,1949.0,Mixed
2016-05-11 13:00:00,Rat_lodging_Ben,280.42,13.9,8.0,12.8,1021.4,5.1,13,3,5,132,32516.0,1949.0,Mixed
2016-05-11 14:00:00,Rat_lodging_Ben,280.64,15.0,8.0,13.3,1021.8,0.0,14,3,5,132,32516.0,1949.0,Mixed
2016-05-11 15:00:00,Rat_lodging_Ben,286.96,14.4,8.0,13.3,1021.2,3.6,15,3,5,132,32516.0,1949.0,Mixed
2016-05-11 16:00:00,Rat_lodging_Ben,280.71,15.0,8.0,13.9,1021.0,2.6,16,3,5,132,32516.0,1949.0,Mixed
2016-05-11 17:00:00,Rat_lodging_Ben,276.98,15.6,8.0,13.9,1020.9,1.5,17,3,5,132,32516.0,1949.0,Mixed
2016-05-11 18:00:00,Rat_lodging_Ben,276.94,15.6,8.0,13.3,1020.7,2.1,18,3,5,132,32516.0,1949.0,Mixed
2016-05-11 19:00:00,Rat_lodging_Ben,273.33,15.6,8.0,13.3,1020.5,2.6,19,3,5,132,32516.0,1949.0,Mixed
2016-05-11 20:00:00,Rat_lodging_Ben,273.78,15.0,8.0,13.3,1021.0,1.5,20,3,5,132,32516.0,1949.0,Mixed
2016-05-11 21:00:00,Rat_lodging_Ben,265.9,15.0,8.0,13.9,1021.1,0.0,21,3,5,132,32516.0,1949.0,Mixed
2016-05-11 22:00:00,Rat_lodging_Ben,240.56,15.0,8.0,13.3,1021.3,2.6,22,3,5,132,32516.0,1949.0,Mixed
2016-05-11 23:00:00,Rat_lodging_Ben,239.24,15.0,8.0,13.3,1021.4,1.5,23,3,5,132,32516.0,1949.0,Mixed
2016-05-12 00:00:00,Rat_lodging_Ben,232.29,15.0,8.0,13.9,1021.1,0.0,0,4,5,133,32516.0,1949.0,Mixed
2016-05-12 01:00:00,Rat_lodging_Ben,226.19,15.0,8.0,13.9,1020.5,2.6,1,4,5,133,32516.0,1949.0,Mixed
2016-05-12 02:00:00,Rat_lodging_Ben,229.31,14.4,8.0,13.3,1020.6,1.5,2,4,5,133,32516.0,1949.0,Mixed
2016-05-12 03:00:00,Rat_lodging_Ben,227.53,15.0,8.0,13.3,1020.5,0.0,3,4,5,133,32516.0,1949.0,Mixed
2016-05-12 04:00:00,Rat_lodging_Ben,223.77,14.4,8.0,13.3,1020.3,3.1,4,4,5,133,32516.0,1949.0,Mixed
2016-05-12 05:00:00,Rat_lodging_Ben,237.69,14.4,8.0,12.8,1020.3,2.6,5,4,5,133,32516.0,1949.0,Mixed
2016-05-12 06:00:00,Rat_lodging_Ben,264.7,14.4,8.0,13.3,1020.9,0.0,6,4,5,133,32516.0,1949.0,Mixed
2016-05-12 07:00:00,Rat_lodging_Ben,270.16,15.0,8.0,13.3,1021.5,1.5,7,4,5,133,32516.0,1949.0,Mixed
2016-05-12 08:00:00,Rat_lodging_Ben,293.76,15.0,8.0,13.3,1021.3,1.5,8,4,5,133,32516.0,1949.0,Mixed
2016-05-12 09:00:00,Rat_lodging_Ben,291.46,15.6,8.0,13.3,1020.5,1.5,9,4,5,133,32516.0,1949.0,Mixed
2016-05-12 10:00:00,Rat_lodging_Ben,298.75,15.6,8.0,13.9,1021.3,1.5,10,4,5,133,32516.0,1949.0,Mixed
2016-05-12 11:00:00,Rat_lodging_Ben,307.63,16.7,8.0,14.4,1020.7,0.0,11,4,5,133,32516.0,1949.0,Mixed
2016-05-12 12:00:00,Rat_lodging_Ben,310.36,17.2,8.0,13.9,1020.2,0.0,12,4,5,133,32516.0,1949.0,Mixed
2016-05-12 13:00:00,Rat_lodging_Ben,312.0,17.8,8.0,14.4,1019.8,2.6,13,4,5,133,32516.0,1949.0,Mixed
2016-05-12 14:00:00,Rat_lodging_Ben,320.15,18.3,8.0,15.0,1019.1,2.6,14,4,5,133,32516.0,1949.0,Mixed
2016-05-12 15:00:00,Rat_lodging_Ben,318.78,18.3,8.0,15.0,1018.5,2.6,15,4,5,133,32516.0,1949.0,Mixed
2016-05-12 16:00:00,Rat_lodging_Ben,316.94,18.9,8.0,15.0,1018.0,2.1,16,4,5,133,32516.0,1949.0,Mixed
2016-05-12 17:00:00,Rat_lodging_Ben,311.52,18.3,8.0,15.6,1017.8,3.1,17,4,5,133,32516.0,1949.0,Mixed
2016-05-12 18:00:00,Rat_lodging_Ben,293.39,17.8,8.0,15.0,1017.0,4.1,18,4,5,133,32516.0,1949.0,Mixed
2016-05-12 19:00:00,Rat_lodging_Ben,289.72,17.2,8.0,15.0,1016.8,2.1,19,4,5,133,32516.0,1949.0,Mixed
2016-05-12 20:00:00,Rat_lodging_Ben,287.63,17.8,8.0,15.0,1017.1,3.1,20,4,5,133,32516.0,1949.0,Mixed
2016-05-12 21:00:00,Rat_lodging_Ben,278.61,17.2,8.0,15.6,1017.0,3.1,21,4,5,133,32516.0,1949.0,Mixed
2016-05-12 22:00:00,Rat_lodging_Ben,261.14,17.2,8.0,15.6,1016.6,2.6,22,4,5,133,32516.0,1949.0,Mixed
2016-05-12 23:00:00,Rat_lodging_Ben,252.18,17.2,8.0,15.6,1015.7,3.6,23,4,5,133,32516.0,1949.0,Mixed
2016-05-13 00:00:00,Rat_lodging_Ben,251.62,17.2,8.0,15.6,1014.8,2.1,0,5,5,134,32516.0,1949.0,Mixed
2016-05-13 01:00:00,Rat_lodging_Ben,240.29,16.7,8.0,15.6,1013.7,3.1,1,5,5,134,32516.0,1949.0,Mixed
2016-05-13 02:00:00,Rat_lodging_Ben,243.7,17.2,8.0,15.6,1013.0,1.5,2,5,5,134,32516.0,1949.0,Mixed
2016-05-13 03:00:00,Rat_lodging_Ben,249.65,17.2,8.0,15.6,1012.2,2.6,3,5,5,134,32516.0,1949.0,Mixed
2016-05-13 04:00:00,Rat_lodging_Ben,245.61,16.7,8.0,15.6,1012.0,3.6,4,5,5,134,32516.0,1949.0,Mixed
2016-05-13 05:00:00,Rat_lodging_Ben,265.1,17.2,8.0,16.1,1011.6,4.1,5,5,5,134,32516.0,1949.0,Mixed
2016-05-13 06:00:00,Rat_lodging_Ben,282.81,17.2,8.0,16.1,1011.9,4.1,6,5,5,134,32516.0,1949.0,Mixed
2016-05-13 07:00:00,Rat_lodging_Ben,295.33,17.2,8.0,16.1,1011.7,3.6,7,5,5,134,32516.0,1949.0,Mixed
2016-05-13 08:00:00,Rat_lodging_Ben,301.13,17.8,8.0,16.7,1011.7,3.1,8,5,5,134,32516.0,1949.0,Mixed
2016-05-13 09:00:00,Rat_lodging_Ben,315.01,17.8,8.0,16.7,1011.3,2.6,9,5,5,134,32516.0,1949.0,Mixed
2016-05-13 10:00:00,Rat_lodging_Ben,318.74,18.3,8.0,17.2,1011.3,2.1,10,5,5,134,32516.0,1949.0,Mixed
2016-05-13 11:00:00,Rat_lodging_Ben,333.97,18.3,8.0,17.8,1011.2,2.6,11,5,5,134,32516.0,1949.0,Mixed
2016-05-13 12:00:00,Rat_lodging_Ben,334.45,20.0,8.0,18.9,1011.1,2.6,12,5,5,134,32516.0,1949.0,Mixed
2016-05-13 13:00:00,Rat_lodging_Ben,343.48,21.7,8.0,18.9,1010.6,2.6,13,5,5,134,32516.0,1949.0,Mixed
2016-05-13 14:00:00,Rat_lodging_Ben,360.89,22.2,7.333333333333333,16.7,1010.5,7.2,14,5,5,134,32516.0,1949.0,Mixed
2016-05-13 15:00:00,Rat_lodging_Ben,368.9,23.9,6.666666666666667,13.9,1010.0,6.2,15,5,5,134,32516.0,1949.0,Mixed
2016-05-13 16:00:00,Rat_lodging_Ben,382.34,24.4,6.0,11.7,1009.8,5.1,16,5,5,134,32516.0,1949.0,Mixed
2016-05-13 17:00:00,Rat_lodging_Ben,384.94,24.4,4.0,10.0,1010.1,7.2,17,5,5,134,32516.0,1949.0,Mixed
2016-05-13 18:00:00,Rat_lodging_Ben,378.07,23.9,2.0,9.4,1010.2,6.2,18,5,5,134,32516.0,1949.0,Mixed
2016-05-13 19:00:00,Rat_lodging_Ben,364.49,23.9,2.0,8.9,1010.4,3.1,19,5,5,134,32516.0,1949.0,Mixed
2016-05-13 20:00:00,Rat_lodging_Ben,336.69,21.1,2.0,8.9,1010.9,2.1,20,5,5,134,32516.0,1949.0,Mixed
2016-05-13 21:00:00,Rat_lodging_Ben,314.65,20.6,0.0,8.9,1011.4,3.6,21,5,5,134,32516.0,1949.0,Mixed
2016-05-13 22:00:00,Rat_lodging_Ben,266.11,18.9,0.0,8.9,1011.8,3.6,22,5,5,134,32516.0,1949.0,Mixed
2016-05-13 23:00:00,Rat_lodging_Ben,251.87,16.7,0.0,11.7,1011.9,0.0,23,5,5,134,32516.0,1949.0,Mixed
2016-05-14 00:00:00,Rat_lodging_Ben,238.14,15.0,0.0,10.6,1011.6,3.1,0,6,5,135,32516.0,1949.0,Mixed
2016-05-14 01:00:00,Rat_lodging_Ben,228.42,16.1,0.0,8.3,1011.3,3.1,1,6,5,135,32516.0,1949.0,Mixed
2016-05-14 02:00:00,Rat_lodging_Ben,224.88,16.1,0.0,10.0,1011.6,2.1,2,6,5,135,32516.0,1949.0,Mixed
2016-05-14 03:00:00,Rat_lodging_Ben,208.01,14.4,0.0,10.0,1011.5,2.1,3,6,5,135,32516.0,1949.0,Mixed
2016-05-14 04:00:00,Rat_lodging_Ben,209.94,13.3,0.0,10.0,1010.9,0.0,4,6,5,135,32516.0,1949.0,Mixed
2016-05-14 05:00:00,Rat_lodging_Ben,213.48,12.8,2.0,10.0,1010.8,2.1,5,6,5,135,32516.0,1949.0,Mixed
2016-05-14 06:00:00,Rat_lodging_Ben,238.07,13.3,2.0,9.4,1010.6,0.0,6,6,5,135,32516.0,1949.0,Mixed
2016-05-14 07:00:00,Rat_lodging_Ben,255.4,15.0,2.0,11.7,1010.4,1.5,7,6,5,135,32516.0,1949.0,Mixed
2016-05-14 08:00:00,Rat_lodging_Ben,272.52,16.7,3.333333333333333,11.7,1010.2,2.1,8,6,5,135,32516.0,1949.0,Mixed
2016-05-14 09:00:00,Rat_lodging_Ben,288.82,18.9,4.666666666666666,10.6,1009.6,4.1,9,6,5,135,32516.0,1949.0,Mixed
2016-05-14 10:00:00,Rat_lodging_Ben,310.17,21.1,6.0,11.7,1008.5,4.6,10,6,5,135,32516.0,1949.0,Mixed
2016-05-14 11:00:00,Rat_lodging_Ben,314.69,22.2,6.0,11.1,1008.0,6.2,11,6,5,135,32516.0,1949.0,Mixed
2016-05-14 12:00:00,Rat_lodging_Ben,332.18,22.2,6.0,11.7,1007.0,7.2,12,6,5,135,32516.0,1949.0,Mixed
2016-05-14 13:00:00,Rat_lodging_Ben,343.09,23.9,6.0,10.6,1006.0,6.7,13,6,5,135,32516.0,1949.0,Mixed
2016-05-14 14:00:00,Rat_lodging_Ben,329.77,23.3,6.0,9.4,1005.5,6.2,14,6,5,135,32516.0,1949.0,Mixed
2016-05-14 15:00:00,Rat_lodging_Ben,272.4,15.6,6.0,12.2,1007.1,5.1,15,6,5,135,32516.0,1949.0,Mixed
2016-05-14 16:00:00,Rat_lodging_Ben,261.51,15.6,6.0,13.3,1006.0,6.7,16,6,5,135,32516.0,1949.0,Mixed
2016-05-14 17:00:00,Rat_lodging_Ben,266.13,16.7,4.0,13.3,1005.5,3.1,17,6,5,135,32516.0,1949.0,Mixed
2016-05-14 18:00:00,Rat_lodging_Ben,276.42,16.7,4.0,13.9,1005.6,2.6,18,6,5,135,32516.0,1949.0,Mixed
2016-05-14 19:00:00,Rat_lodging_Ben,252.22,16.7,6.0,8.3,1007.0,10.3,19,6,5,135,32516.0,1949.0,Mixed
2016-05-14 20:00:00,Rat_lodging_Ben,238.17,15.0,4.0,5.6,1008.3,6.2,20,6,5,135,32516.0,1949.0,Mixed
2016-05-14 21:00:00,Rat_lodging_Ben,237.78,14.4,0.0,2.2,1009.5,7.2,21,6,5,135,32516.0,1949.0,Mixed
2016-05-14 22:00:00,Rat_lodging_Ben,218.94,13.3,0.0,2.8,1010.0,7.2,22,6,5,135,32516.0,1949.0,Mixed
2016-05-14 23:00:00,Rat_lodging_Ben,214.84,12.2,2.0,3.3,1010.5,6.2,23,6,5,135,32516.0,1949.0,Mixed
2016-05-15 00:00:00,Rat_lodging_Ben,208.04,11.1,2.0,3.9,1010.8,5.1,0,7,5,136,32516.0,1949.0,Mixed
2016-05-15 01:00:00,Rat_lodging_Ben,200.09,10.6,2.0,3.9,1011.5,6.2,1,7,5,136,32516.0,1949.0,Mixed
2016-05-15 02:00:00,Rat_lodging_Ben,198.1,10.6,4.0,3.9,1011.9,5.1,2,7,5,136,32516.0,1949.0,Mixed
2016-05-15 03:00:00,Rat_lodging_Ben,197.9,9.4,4.0,2.8,1012.6,3.1,3,7,5,136,32516.0,1949.0,Mixed
2016-05-15 04:00:00,Rat_lodging_Ben,197.04,9.4,4.0,2.2,1013.5,4.1,4,7,5,136,32516.0,1949.0,Mixed
2016-05-15 05:00:00,Rat_lodging_Ben,194.44,9.4,2.0,0.6,1013.8,3.6,5,7,5,136,32516.0,1949.0,Mixed
2016-05-15 06:00:00,Rat_lodging_Ben,205.02,10.0,4.0,0.6,1014.1,0.0,6,7,5,136,32516.0,1949.0,Mixed
2016-05-15 07:00:00,Rat_lodging_Ben,219.88,11.7,6.0,1.1,1014.7,3.6,7,7,5,136,32516.0,1949.0,Mixed
2016-05-15 08:00:00,Rat_lodging_Ben,230.76,11.7,4.0,0.0,1015.1,7.7,8,7,5,136,32516.0,1949.0,Mixed
2016-05-15 09:00:00,Rat_lodging_Ben,238.38,11.7,5.0,-2.2,1015.4,10.3,9,7,5,136,32516.0,1949.0,Mixed
2016-05-15 10:00:00,Rat_lodging_Ben,239.33,13.3,6.0,-1.7,1014.9,10.8,10,7,5,136,32516.0,1949.0,Mixed
2016-05-15 11:00:00,Rat_lodging_Ben,242.37,13.3,4.0,-2.8,1014.65,8.8,11,7,5,136,32516.0,1949.0,Mixed
2016-05-15 12:00:00,Rat_lodging_Ben,240.06,15.0,5.0,-2.2,1014.4,10.3,12,7,5,136,32516.0,1949.0,Mixed
2016-05-15 13:00:00,Rat_lodging_Ben,249.4,13.9,6.0,-2.8,1014.2,10.8,13,7,5,136,32516.0,1949.0,Mixed
2016-05-15 14:00:00,Rat_lodging_Ben,245.75,16.1,5.0,-1.1,1014.1,6.2,14,7,5,136,32516.0,1949.0,Mixed
2016-05-15 15:00:00,Rat_lodging_Ben,255.41,16.1,4.0,-2.2,1013.8,9.8,15,7,5,136,32516.0,1949.0,Mixed
2016-05-15 16:00:00,Rat_lodging_Ben,253.12,15.6,6.0,-2.2,1014.1,5.1,16,7,5,136,32516.0,1949.0,Mixed
2016-05-15 17:00:00,Rat_lodging_Ben,247.25,15.0,6.0,-1.1,1014.7,5.1,17,7,5,136,32516.0,1949.0,Mixed
2016-05-15 18:00:00,Rat_lodging_Ben,247.72,14.4,6.0,-2.2,1015.1,4.6,18,7,5,136,32516.0,1949.0,Mixed
2016-05-15 19:00:00,Rat_lodging_Ben,236.71,13.9,6.0,-2.2,1016.0,5.1,19,7,5,136,32516.0,1949.0,Mixed
2016-05-15 20:00:00,Rat_lodging_Ben,233.8,13.3,4.666666666666667,-2.8,1017.1,5.7,20,7,5,136,32516.0,1949.0,Mixed
2016-05-15 21:00:00,Rat_lodging_Ben,229.55,12.8,3.3333333333333335,-3.3,1018.4,5.1,21,7,5,136,32516.0,1949.0,Mixed
2016-05-15 22:00:00,Rat_lodging_Ben,211.68,12.2,2.0,-3.9,1019.3,5.1,22,7,5,136,32516.0,1949.0,Mixed
2016-05-15 23:00:00,Rat_lodging_Ben,197.31,10.0,0.0,-1.7,1020.0,3.6,23,7,5,136,32516.0,1949.0,Mixed
2016-05-16 00:00:00,Rat_lodging_Ben,195.38,8.9,2.0,0.0,1020.4,2.6,0,1,5,137,32516.0,1949.0,Mixed
2016-05-16 01:00:00,Rat_lodging_Ben,194.25,8.9,2.0,0.6,1020.5,1.5,1,1,5,137,32516.0,1949.0,Mixed
2016-05-16 02:00:00,Rat_lodging_Ben,195.45,8.3,3.333333333333333,2.2,1020.6,0.0,2,1,5,137,32516.0,1949.0,Mixed
2016-05-16 03:00:00,Rat_lodging_Ben,193.68,8.9,4.666666666666666,1.1,1020.5,0.0,3,1,5,137,32516.0,1949.0,Mixed
2016-05-16 04:00:00,Rat_lodging_Ben,189.42,7.2,6.0,1.7,1021.0,2.1,4,1,5,137,32516.0,1949.0,Mixed
2016-05-16 05:00:00,Rat_lodging_Ben,204.89,7.2,5.333333333333333,1.7,1021.7,3.1,5,1,5,137,32516.0,1949.0,Mixed
2016-05-16 06:00:00,Rat_lodging_Ben,234.39,8.3,4.666666666666667,1.7,1022.8,3.1,6,1,5,137,32516.0,1949.0,Mixed
2016-05-16 07:00:00,Rat_lodging_Ben,246.22,10.6,4.0,1.1,1024.4,6.2,7,1,5,137,32516.0,1949.0,Mixed
2016-05-16 08:00:00,Rat_lodging_Ben,244.74,11.7,2.0,-2.2,1024.8,6.7,8,1,5,137,32516.0,1949.0,Mixed
2016-05-16 09:00:00,Rat_lodging_Ben,241.17,12.2,2.0,-4.4,1025.1,6.7,9,1,5,137,32516.0,1949.0,Mixed
2016-05-16 10:00:00,Rat_lodging_Ben,247.1,13.3,2.0,-3.3,1025.1,3.6,10,1,5,137,32516.0,1949.0,Mixed
2016-05-16 11:00:00,Rat_lodging_Ben,261.22,15.6,2.0,-1.1,1024.6,5.1,11,1,5,137,32516.0,1949.0,Mixed
2016-05-16 12:00:00,Rat_lodging_Ben,274.62,16.1,2.0,-0.6,1024.1,5.7,12,1,5,137,32516.0,1949.0,Mixed
2016-05-16 13:00:00,Rat_lodging_Ben,281.98,17.2,4.0,-0.6,1023.4,7.7,13,1,5,137,32516.0,1949.0,Mixed
2016-05-16 14:00:00,Rat_lodging_Ben,301.24,18.3,4.0,0.0,1022.8,3.1,14,1,5,137,32516.0,1949.0,Mixed
2016-05-16 15:00:00,Rat_lodging_Ben,309.94,18.9,4.0,0.0,1022.2,0.0,15,1,5,137,32516.0,1949.0,Mixed
2016-05-16 16:00:00,Rat_lodging_Ben,306.35,19.4,4.0,0.6,1022.0,6.7,16,1,5,137,32516.0,1949.0,Mixed
2016-05-16 17:00:00,Rat_lodging_Ben,301.33,18.9,4.0,0.0,1022.0,4.6,17,1,5,137,32516.0,1949.0,Mixed
2016-05-16 18:00:00,Rat_lodging_Ben,295.55,18.3,4.0,0.0,1022.3,5.1,18,1,5,137,32516.0,1949.0,Mixed
2016-05-16 19:00:00,Rat_lodging_Ben,287.43,17.8,6.0,0.0,1022.4,3.6,19,1,5,137,32516.0,1949.0,Mixed
2016-05-16 20:00:00,Rat_lodging_Ben,273.31,16.1,6.0,2.2,1022.6,3.1,20,1,5,137,32516.0,1949.0,Mixed
2016-05-16 21:00:00,Rat_lodging_Ben,256.38,15.6,6.0,7.8,1023.2,2.6,21,1,5,137,32516.0,1949.0,Mixed
2016-05-16 22:00:00,Rat_lodging_Ben,235.52,15.0,6.0,5.0,1023.6,3.1,22,1,5,137,32516.0,1949.0,Mixed
2016-05-16 23:00:00,Rat_lodging_Ben,227.27,15.0,6.666666666666667,4.4,1023.4,3.6,23,1,5,137,32516.0,1949.0,Mixed
2016-05-17 00:00:00,Rat_lodging_Ben,224.67,14.4,7.333333333333333,5.0,1023.3,3.6,0,2,5,138,32516.0,1949.0,Mixed
2016-05-17 01:00:00,Rat_lodging_Ben,221.52,13.9,8.0,6.7,1023.2,4.6,1,2,5,138,32516.0,1949.0,Mixed
2016-05-17 02:00:00,Rat_lodging_Ben,209.84,13.9,8.0,7.8,1022.6,3.1,2,2,5,138,32516.0,1949.0,Mixed
2016-05-17 03:00:00,Rat_lodging_Ben,204.64,13.3,8.0,8.9,1022.6,1.5,3,2,5,138,32516.0,1949.0,Mixed
2016-05-17 04:00:00,Rat_lodging_Ben,208.87,13.3,8.0,8.9,1022.8,2.1,4,2,5,138,32516.0,1949.0,Mixed
2016-05-17 05:00:00,Rat_lodging_Ben,224.0,13.9,8.0,8.9,1022.8,2.1,5,2,5,138,32516.0,1949.0,Mixed
2016-05-17 06:00:00,Rat_lodging_Ben,259.26,13.9,8.0,8.9,1023.7,2.1,6,2,5,138,32516.0,1949.0,Mixed
2016-05-17 07:00:00,Rat_lodging_Ben,272.0,14.4,8.0,6.7,1024.5,2.6,7,2,5,138,32516.0,1949.0,Mixed
2016-05-17 08:00:00,Rat_lodging_Ben,271.25,13.3,8.0,8.9,1024.7,3.6,8,2,5,138,32516.0,1949.0,Mixed
2016-05-17 09:00:00,Rat_lodging_Ben,276.54,13.3,8.0,10.0,1023.9,3.1,9,2,5,138,32516.0,1949.0,Mixed
2016-05-17 10:00:00,Rat_lodging_Ben,292.11,12.8,8.0,11.1,1024.2,1.5,10,2,5,138,32516.0,1949.0,Mixed
2016-05-17 11:00:00,Rat_lodging_Ben,291.54,12.8,8.0,10.6,1024.3,0.0,11,2,5,138,32516.0,1949.0,Mixed
2016-05-17 12:00:00,Rat_lodging_Ben,285.22,12.8,8.0,10.6,1023.7,2.1,12,2,5,138,32516.0,1949.0,Mixed
2016-05-17 13:00:00,Rat_lodging_Ben,285.83,12.8,8.0,10.0,1023.2,2.6,13,2,5,138,32516.0,1949.0,Mixed
2016-05-17 14:00:00,Rat_lodging_Ben,299.87,12.8,8.0,10.6,1023.0,2.1,14,2,5,138,32516.0,1949.0,Mixed
2016-05-17 15:00:00,Rat_lodging_Ben,295.6,12.8,8.0,10.6,1022.4,2.6,15,2,5,138,32516.0,1949.0,Mixed
2016-05-17 16:00:00,Rat_lodging_Ben,289.43,12.8,8.0,10.6,1021.9,2.1,16,2,5,138,32516.0,1949.0,Mixed
2016-05-17 17:00:00,Rat_lodging_Ben,281.1,13.3,8.0,10.6,1021.5,0.0,17,2,5,138,32516.0,1949.0,Mixed
2016-05-17 18:00:00,Rat_lodging_Ben,270.35,13.3,8.0,11.1,1021.2,3.1,18,2,5,138,32516.0,1949.0,Mixed
2016-05-17 19:00:00,Rat_lodging_Ben,261.86,13.3,8.0,10.6,1021.2,2.1,19,2,5,138,32516.0,1949.0,Mixed
2016-05-17 20:00:00,Rat_lodging_Ben,264.97,12.8,8.0,10.6,1021.6,1.5,20,2,5,138,32516.0,1949.0,Mixed
2016-05-17 21:00:00,Rat_lodging_Ben,253.87,12.8,8.0,10.6,1021.6,0.0,21,2,5,138,32516.0,1949.0,Mixed
2016-05-17 22:00:00,Rat_lodging_Ben,236.16,12.8,8.0,10.6,1021.7,1.5,22,2,5,138,32516.0,1949.0,Mixed
2016-05-17 23:00:00,Rat_lodging_Ben,222.3,13.3,8.0,10.6,1021.2,0.0,23,2,5,138,32516.0,1949.0,Mixed
2016-05-18 00:00:00,Rat_lodging_Ben,218.15,13.3,8.0,11.1,1020.9,0.0,0,3,5,139,32516.0,1949.0,Mixed
2016-05-18 01:00:00,Rat_lodging_Ben,212.37,12.8,8.0,11.1,1020.5,0.0,1,3,5,139,32516.0,1949.0,Mixed
2016-05-18 02:00:00,Rat_lodging_Ben,216.09,12.8,8.0,11.1,1020.0,0.0,2,3,5,139,32516.0,1949.0,Mixed
2016-05-18 03:00:00,Rat_lodging_Ben,212.0,12.8,8.0,11.1,1019.9,0.0,3,3,5,139,32516.0,1949.0,Mixed
2016-05-18 04:00:00,Rat_lodging_Ben,216.48,12.8,8.0,11.1,1019.3,2.6,4,3,5,139,32516.0,1949.0,Mixed
2016-05-18 05:00:00,Rat_lodging_Ben,231.67,12.8,8.0,11.1,1020.0,2.6,5,3,5,139,32516.0,1949.0,Mixed
2016-05-18 06:00:00,Rat_lodging_Ben,251.11,13.3,8.0,11.1,1019.9,3.6,6,3,5,139,32516.0,1949.0,Mixed
2016-05-18 07:00:00,Rat_lodging_Ben,265.44,13.3,8.0,10.6,1021.0,2.1,7,3,5,139,32516.0,1949.0,Mixed
2016-05-18 08:00:00,Rat_lodging_Ben,279.68,13.3,8.0,10.0,1021.0,4.1,8,3,5,139,32516.0,1949.0,Mixed
2016-05-18 09:00:00,Rat_lodging_Ben,290.96,13.9,8.0,10.0,1020.8,4.6,9,3,5,139,32516.0,1949.0,Mixed
2016-05-18 10:00:00,Rat_lodging_Ben,292.02,15.0,8.0,9.4,1020.4,5.7,10,3,5,139,32516.0,1949.0,Mixed
2016-05-18 11:00:00,Rat_lodging_Ben,297.72,15.6,8.0,9.4,1020.6,3.6,11,3,5,139,32516.0,1949.0,Mixed
2016-05-18 12:00:00,Rat_lodging_Ben,308.04,16.7,8.0,8.9,1020.1,3.6,12,3,5,139,32516.0,1949.0,Mixed
2016-05-18 13:00:00,Rat_lodging_Ben,312.32,17.8,8.0,8.3,1019.9,1.5,13,3,5,139,32516.0,1949.0,Mixed
2016-05-18 14:00:00,Rat_lodging_Ben,310.4,18.3,8.0,8.9,1019.3,3.6,14,3,5,139,32516.0,1949.0,Mixed
2016-05-18 15:00:00,Rat_lodging_Ben,314.13,18.9,8.0,9.4,1018.4,2.6,15,3,5,139,32516.0,1949.0,Mixed
2016-05-18 16:00:00,Rat_lodging_Ben,299.53,17.8,8.0,9.4,1018.1,2.1,16,3,5,139,32516.0,1949.0,Mixed
2016-05-18 17:00:00,Rat_lodging_Ben,290.2,17.8,8.0,9.4,1018.2,2.6,17,3,5,139,32516.0,1949.0,Mixed
2016-05-18 18:00:00,Rat_lodging_Ben,286.87,17.8,8.0,10.6,1018.1,3.1,18,3,5,139,32516.0,1949.0,Mixed
2016-05-18 19:00:00,Rat_lodging_Ben,282.99,17.2,8.0,10.0,1017.9,3.1,19,3,5,139,32516.0,1949.0,Mixed
2016-05-18 20:00:00,Rat_lodging_Ben,277.92,17.2,8.0,9.4,1018.5,1.5,20,3,5,139,32516.0,1949.0,Mixed
2016-05-18 21:00:00,Rat_lodging_Ben,256.66,15.6,8.0,7.8,1019.3,4.6,21,3,5,139,32516.0,1949.0,Mixed
2016-05-18 22:00:00,Rat_lodging_Ben,239.53,15.0,8.0,7.8,1019.4,5.1,22,3,5,139,32516.0,1949.0,Mixed
2016-05-18 23:00:00,Rat_lodging_Ben,230.34,15.0,8.0,8.3,1019.4,4.1,23,3,5,139,32516.0,1949.0,Mixed
2016-05-19 00:00:00,Rat_lodging_Ben,220.79,14.4,8.0,8.9,1019.5,2.6,0,4,5,140,32516.0,1949.0,Mixed
2016-05-19 01:00:00,Rat_lodging_Ben,214.29,14.4,8.0,8.9,1019.2,2.6,1,4,5,140,32516.0,1949.0,Mixed
2016-05-19 02:00:00,Rat_lodging_Ben,215.59,13.9,8.0,8.9,1019.0,3.1,2,4,5,140,32516.0,1949.0,Mixed
2016-05-19 03:00:00,Rat_lodging_Ben,214.32,13.9,8.0,8.9,1019.2,2.1,3,4,5,140,32516.0,1949.0,Mixed
2016-05-19 04:00:00,Rat_lodging_Ben,217.27,13.9,8.0,8.9,1019.4,2.6,4,4,5,140,32516.0,1949.0,Mixed
2016-05-19 05:00:00,Rat_lodging_Ben,233.45,13.3,8.0,9.4,1019.4,4.1,5,4,5,140,32516.0,1949.0,Mixed
2016-05-19 06:00:00,Rat_lodging_Ben,260.5,13.3,8.0,9.4,1019.9,3.6,6,4,5,140,32516.0,1949.0,Mixed
2016-05-19 07:00:00,Rat_lodging_Ben,263.65,13.9,8.0,9.4,1020.4,3.6,7,4,5,140,32516.0,1949.0,Mixed
2016-05-19 08:00:00,Rat_lodging_Ben,275.73,15.0,8.0,9.4,1020.5,2.6,8,4,5,140,32516.0,1949.0,Mixed
2016-05-19 09:00:00,Rat_lodging_Ben,293.44,16.1,8.0,8.9,1021.2,2.6,9,4,5,140,32516.0,1949.0,Mixed
2016-05-19 10:00:00,Rat_lodging_Ben,295.01,16.1,8.0,8.9,1021.5,2.1,10,4,5,140,32516.0,1949.0,Mixed
2016-05-19 11:00:00,Rat_lodging_Ben,302.04,17.2,7.333333333333333,8.9,1021.3,2.1,11,4,5,140,32516.0,1949.0,Mixed
2016-05-19 12:00:00,Rat_lodging_Ben,308.04,18.3,6.666666666666667,9.4,1020.9,1.5,12,4,5,140,32516.0,1949.0,Mixed
2016-05-19 13:00:00,Rat_lodging_Ben,312.95,18.9,6.0,9.4,1020.7,2.1,13,4,5,140,32516.0,1949.0,Mixed
2016-05-19 14:00:00,Rat_lodging_Ben,321.89,20.6,6.0,10.6,1020.4,2.1,14,4,5,140,32516.0,1949.0,Mixed
2016-05-19 15:00:00,Rat_lodging_Ben,325.65,20.6,6.0,8.9,1019.8,1.5,15,4,5,140,32516.0,1949.0,Mixed
2016-05-19 16:00:00,Rat_lodging_Ben,328.17,20.0,6.0,10.0,1019.4,2.1,16,4,5,140,32516.0,1949.0,Mixed
2016-05-19 17:00:00,Rat_lodging_Ben,324.07,20.6,5.0,10.0,1019.4,3.6,17,4,5,140,32516.0,1949.0,Mixed
2016-05-19 18:00:00,Rat_lodging_Ben,312.91,20.0,4.0,10.6,1019.8,4.6,18,4,5,140,32516.0,1949.0,Mixed
2016-05-19 19:00:00,Rat_lodging_Ben,306.25,19.4,4.0,9.4,1020.3,2.6,19,4,5,140,32516.0,1949.0,Mixed
2016-05-19 20:00:00,Rat_lodging_Ben,285.81,18.3,2.0,10.0,1020.6,2.1,20,4,5,140,32516.0,1949.0,Mixed
2016-05-19 21:00:00,Rat_lodging_Ben,270.91,16.7,0.0,12.2,1021.2,2.1,21,4,5,140,32516.0,1949.0,Mixed
2016-05-19 22:00:00,Rat_lodging_Ben,249.11,16.1,0.0,11.1,1021.8,2.1,22,4,5,140,32516.0,1949.0,Mixed
2016-05-19 23:00:00,Rat_lodging_Ben,236.82,16.1,2.0,11.1,1022.1,1.5,23,4,5,140,32516.0,1949.0,Mixed
2016-05-20 00:00:00,Rat_lodging_Ben,230.68,15.0,2.0,10.6,1022.1,0.0,0,5,5,141,32516.0,1949.0,Mixed
2016-05-20 01:00:00,Rat_lodging_Ben,224.22,13.9,0.0,11.1,1022.0,1.5,1,5,5,141,32516.0,1949.0,Mixed
2016-05-20 02:00:00,Rat_lodging_Ben,221.48,13.3,0.0,10.6,1022.2,0.0,2,5,5,141,32516.0,1949.0,Mixed
2016-05-20 03:00:00,Rat_lodging_Ben,220.56,12.2,0.0,10.6,1022.5,2.1,3,5,5,141,32516.0,1949.0,Mixed
2016-05-20 04:00:00,Rat_lodging_Ben,227.46,12.2,4.0,10.6,1022.9,0.0,4,5,5,141,32516.0,1949.0,Mixed
2016-05-20 05:00:00,Rat_lodging_Ben,236.88,12.8,4.0,11.1,1023.6,0.0,5,5,5,141,32516.0,1949.0,Mixed
2016-05-20 06:00:00,Rat_lodging_Ben,254.58,13.3,5.0,11.7,1024.3,1.5,6,5,5,141,32516.0,1949.0,Mixed
2016-05-20 07:00:00,Rat_lodging_Ben,275.2,14.4,6.0,11.7,1024.9,1.5,7,5,5,141,32516.0,1949.0,Mixed
2016-05-20 08:00:00,Rat_lodging_Ben,293.95,16.7,6.0,11.1,1025.3,2.1,8,5,5,141,32516.0,1949.0,Mixed
2016-05-20 09:00:00,Rat_lodging_Ben,313.3,20.0,6.0,11.1,1025.3,2.6,9,5,5,141,32516.0,1949.0,Mixed
2016-05-20 10:00:00,Rat_lodging_Ben,333.43,21.7,6.0,8.3,1025.1,3.1,10,5,5,141,32516.0,1949.0,Mixed
2016-05-20 11:00:00,Rat_lodging_Ben,348.57,22.8,6.0,7.8,1025.3,0.0,11,5,5,141,32516.0,1949.0,Mixed
2016-05-20 12:00:00,Rat_lodging_Ben,364.09,23.9,6.0,5.6,1024.6,0.0,12,5,5,141,32516.0,1949.0,Mixed
2016-05-20 13:00:00,Rat_lodging_Ben,387.08,23.9,6.0,6.1,1023.9,2.1,13,5,5,141,32516.0,1949.0,Mixed
2016-05-20 14:00:00,Rat_lodging_Ben,401.29,23.3,6.666666666666667,6.7,1023.4,3.1,14,5,5,141,32516.0,1949.0,Mixed
2016-05-20 15:00:00,Rat_lodging_Ben,398.17,23.9,7.333333333333333,7.2,1023.0,2.6,15,5,5,141,32516.0,1949.0,Mixed
2016-05-20 16:00:00,Rat_lodging_Ben,388.85,23.3,8.0,6.7,1022.5,4.1,16,5,5,141,32516.0,1949.0,Mixed
2016-05-20 17:00:00,Rat_lodging_Ben,381.31,22.2,8.0,6.7,1022.4,4.1,17,5,5,141,32516.0,1949.0,Mixed
2016-05-20 18:00:00,Rat_lodging_Ben,363.33,21.7,8.0,6.7,1021.9,5.1,18,5,5,141,32516.0,1949.0,Mixed
2016-05-20 19:00:00,Rat_lodging_Ben,329.77,20.6,8.0,8.9,1022.2,2.6,19,5,5,141,32516.0,1949.0,Mixed
2016-05-20 20:00:00,Rat_lodging_Ben,293.99,19.4,8.0,9.4,1021.8,3.6,20,5,5,141,32516.0,1949.0,Mixed
2016-05-20 21:00:00,Rat_lodging_Ben,280.37,18.9,8.0,7.8,1022.3,4.6,21,5,5,141,32516.0,1949.0,Mixed
2016-05-20 22:00:00,Rat_lodging_Ben,263.29,18.3,8.0,10.0,1022.3,4.6,22,5,5,141,32516.0,1949.0,Mixed
2016-05-20 23:00:00,Rat_lodging_Ben,250.44,17.8,8.0,10.6,1021.5,3.6,23,5,5,141,32516.0,1949.0,Mixed
2016-05-21 00:00:00,Rat_lodging_Ben,241.79,17.2,8.0,10.6,1020.8,2.6,0,6,5,142,32516.0,1949.0,Mixed
2016-05-21 01:00:00,Rat_lodging_Ben,233.6,16.7,8.0,10.6,1020.3,3.1,1,6,5,142,32516.0,1949.0,Mixed
2016-05-21 02:00:00,Rat_lodging_Ben,230.8,16.7,8.0,10.0,1019.7,2.6,2,6,5,142,32516.0,1949.0,Mixed
2016-05-21 03:00:00,Rat_lodging_Ben,227.3,16.7,8.0,10.0,1019.0,2.1,3,6,5,142,32516.0,1949.0,Mixed
2016-05-21 04:00:00,Rat_lodging_Ben,219.95,16.7,8.0,10.0,1018.4,2.1,4,6,5,142,32516.0,1949.0,Mixed
2016-05-21 05:00:00,Rat_lodging_Ben,229.16,15.6,8.0,11.1,1019.1,3.1,5,6,5,142,32516.0,1949.0,Mixed
2016-05-21 06:00:00,Rat_lodging_Ben,242.77,14.4,8.0,11.1,1018.4,3.1,6,6,5,142,32516.0,1949.0,Mixed
2016-05-21 07:00:00,Rat_lodging_Ben,254.4,13.3,8.0,11.1,1019.0,4.6,7,6,5,142,32516.0,1949.0,Mixed
2016-05-21 08:00:00,Rat_lodging_Ben,263.3,12.8,8.0,11.1,1018.3,5.1,8,6,5,142,32516.0,1949.0,Mixed
2016-05-21 09:00:00,Rat_lodging_Ben,257.29,13.3,8.0,11.1,1017.75,6.2,9,6,5,142,32516.0,1949.0,Mixed
2016-05-21 10:00:00,Rat_lodging_Ben,277.98,13.9,8.0,11.1,1017.2,7.2,10,6,5,142,32516.0,1949.0,Mixed
2016-05-21 11:00:00,Rat_lodging_Ben,271.85,13.9,8.0,10.6,1016.9,6.2,11,6,5,142,32516.0,1949.0,Mixed
2016-05-21 12:00:00,Rat_lodging_Ben,267.3,13.9,8.0,11.7,1015.8,7.7,12,6,5,142,32516.0,1949.0,Mixed
2016-05-21 13:00:00,Rat_lodging_Ben,262.74,14.4,8.0,12.2,1014.8,6.2,13,6,5,142,32516.0,1949.0,Mixed
2016-05-21 14:00:00,Rat_lodging_Ben,262.77,14.4,8.0,12.8,1014.6,4.6,14,6,5,142,32516.0,1949.0,Mixed
2016-05-21 15:00:00,Rat_lodging_Ben,259.39,14.4,8.0,12.8,1013.8,5.7,15,6,5,142,32516.0,1949.0,Mixed
2016-05-21 16:00:00,Rat_lodging_Ben,261.72,14.4,8.0,12.8,1013.0,5.7,16,6,5,142,32516.0,1949.0,Mixed
2016-05-21 17:00:00,Rat_lodging_Ben,257.28,13.9,8.0,12.8,1012.8,5.1,17,6,5,142,32516.0,1949.0,Mixed
2016-05-21 18:00:00,Rat_lodging_Ben,248.39,13.9,8.0,12.8,1012.6,5.1,18,6,5,142,32516.0,1949.0,Mixed
2016-05-21 19:00:00,Rat_lodging_Ben,241.72,13.3,8.0,12.2,1012.4,6.7,19,6,5,142,32516.0,1949.0,Mixed
2016-05-21 20:00:00,Rat_lodging_Ben,250.1,12.8,8.0,11.7,1012.3,5.1,20,6,5,142,32516.0,1949.0,Mixed
2016-05-21 21:00:00,Rat_lodging_Ben,241.8,12.8,8.0,11.1,1012.2,5.7,21,6,5,142,32516.0,1949.0,Mixed
2016-05-21 22:00:00,Rat_lodging_Ben,234.7,12.8,8.0,11.1,1012.2,4.1,22,6,5,142,32516.0,1949.0,Mixed
2016-05-21 23:00:00,Rat_lodging_Ben,226.59,12.8,8.0,11.7,1012.2,3.6,23,6,5,142,32516.0,1949.0,Mixed
2016-05-22 00:00:00,Rat_lodging_Ben,224.95,12.8,8.0,12.2,1011.9,3.6,0,7,5,143,32516.0,1949.0,Mixed
2016-05-22 01:00:00,Rat_lodging_Ben,225.94,12.8,8.0,12.2,1011.3,4.6,1,7,5,143,32516.0,1949.0,Mixed
2016-05-22 02:00:00,Rat_lodging_Ben,219.62,12.8,8.0,12.2,1011.0,4.1,2,7,5,143,32516.0,1949.0,Mixed
2016-05-22 03:00:00,Rat_lodging_Ben,218.38,12.8,8.0,11.7,1010.8,3.6,3,7,5,143,32516.0,1949.0,Mixed
2016-05-22 04:00:00,Rat_lodging_Ben,221.11,12.8,8.0,11.7,1010.6,3.6,4,7,5,143,32516.0,1949.0,Mixed
2016-05-22 05:00:00,Rat_lodging_Ben,224.14,12.2,8.0,11.1,1010.8,5.1,5,7,5,143,32516.0,1949.0,Mixed
2016-05-22 06:00:00,Rat_lodging_Ben,242.29,12.8,8.0,11.1,1011.3,5.1,6,7,5,143,32516.0,1949.0,Mixed
2016-05-22 07:00:00,Rat_lodging_Ben,253.88,12.8,8.0,11.7,1012.0,4.1,7,7,5,143,32516.0,1949.0,Mixed
2016-05-22 08:00:00,Rat_lodging_Ben,258.46,12.8,8.0,11.7,1012.3,4.6,8,7,5,143,32516.0,1949.0,Mixed
2016-05-22 09:00:00,Rat_lodging_Ben,267.43,12.2,8.0,11.1,1012.3,4.6,9,7,5,143,32516.0,1949.0,Mixed
2016-05-22 10:00:00,Rat_lodging_Ben,276.41,12.8,8.0,11.7,1012.0,4.6,10,7,5,143,32516.0,1949.0,Mixed
2016-05-22 11:00:00,Rat_lodging_Ben,270.31,13.3,8.0,11.7,1012.0333333333333,4.1,11,7,5,143,32516.0,1949.0,Mixed
2016-05-22 12:00:00,Rat_lodging_Ben,260.28,13.3,8.0,11.7,1012.0666666666667,3.6,12,7,5,143,32516.0,1949.0,Mixed
2016-05-22 13:00:00,Rat_lodging_Ben,257.69,13.3,8.0,12.2,1012.1,5.1,13,7,5,143,32516.0,1949.0,Mixed
2016-05-22 14:00:00,Rat_lodging_Ben,251.2,13.9,8.0,11.7,1012.0,6.2,14,7,5,143,32516.0,1949.0,Mixed
2016-05-22 15:00:00,Rat_lodging_Ben,255.36,13.9,8.0,11.7,1011.7,3.1,15,7,5,143,32516.0,1949.0,Mixed
2016-05-22 16:00:00,Rat_lodging_Ben,249.86,14.4,8.0,12.2,1011.5,6.2,16,7,5,143,32516.0,1949.0,Mixed
2016-05-22 17:00:00,Rat_lodging_Ben,250.74,13.9,8.0,12.2,1011.5,3.6,17,7,5,143,32516.0,1949.0,Mixed
2016-05-22 18:00:00,Rat_lodging_Ben,247.52,13.9,8.0,12.2,1011.6,4.1,18,7,5,143,32516.0,1949.0,Mixed
2016-05-22 19:00:00,Rat_lodging_Ben,245.9,13.9,8.0,12.8,1011.7,4.1,19,7,5,143,32516.0,1949.0,Mixed
2016-05-22 20:00:00,Rat_lodging_Ben,248.93,13.9,8.0,12.8,1012.05,3.6,20,7,5,143,32516.0,1949.0,Mixed
2016-05-22 21:00:00,Rat_lodging_Ben,249.05,13.9,8.0,12.8,1012.4,3.1,21,7,5,143,32516.0,1949.0,Mixed
2016-05-22 22:00:00,Rat_lodging_Ben,232.02,13.9,8.0,12.8,1012.8,4.1,22,7,5,143,32516.0,1949.0,Mixed
2016-05-22 23:00:00,Rat_lodging_Ben,226.35,13.9,8.0,12.8,1013.0,2.6,23,7,5,143,32516.0,1949.0,Mixed
2016-05-23 00:00:00,Rat_lodging_Ben,217.62,13.9,8.0,13.3,1013.0,4.1,0,1,5,144,32516.0,1949.0,Mixed
2016-05-23 01:00:00,Rat_lodging_Ben,218.39,14.4,8.0,12.8,1012.8,3.1,1,1,5,144,32516.0,1949.0,Mixed
2016-05-23 02:00:00,Rat_lodging_Ben,217.54,13.9,8.0,12.8,1012.6,2.6,2,1,5,144,32516.0,1949.0,Mixed
2016-05-23 03:00:00,Rat_lodging_Ben,221.95,13.9,8.0,12.8,1012.4,2.1,3,1,5,144,32516.0,1949.0,Mixed
2016-05-23 04:00:00,Rat_lodging_Ben,221.56,13.9,8.0,12.8,1012.9,2.1,4,1,5,144,32516.0,1949.0,Mixed
2016-05-23 05:00:00,Rat_lodging_Ben,229.65,13.9,8.0,12.8,1013.3,3.1,5,1,5,144,32516.0,1949.0,Mixed
2016-05-23 06:00:00,Rat_lodging_Ben,270.58,14.4,8.0,12.8,1013.8,2.1,6,1,5,144,32516.0,1949.0,Mixed
2016-05-23 07:00:00,Rat_lodging_Ben,281.95,15.6,8.0,13.3,1014.3,1.5,7,1,5,144,32516.0,1949.0,Mixed
2016-05-23 08:00:00,Rat_lodging_Ben,302.44,17.2,7.333333333333333,13.9,1014.7,2.6,8,1,5,144,32516.0,1949.0,Mixed
2016-05-23 09:00:00,Rat_lodging_Ben,314.7,17.2,6.666666666666667,14.4,1014.6,2.1,9,1,5,144,32516.0,1949.0,Mixed
2016-05-23 10:00:00,Rat_lodging_Ben,336.35,19.4,6.0,14.4,1014.6,1.5,10,1,5,144,32516.0,1949.0,Mixed
2016-05-23 11:00:00,Rat_lodging_Ben,352.4,21.7,6.666666666666667,13.9,1014.4,1.5,11,1,5,144,32516.0,1949.0,Mixed
2016-05-23 12:00:00,Rat_lodging_Ben,346.68,21.7,7.333333333333333,12.2,1013.9,0.0,12,1,5,144,32516.0,1949.0,Mixed
2016-05-23 13:00:00,Rat_lodging_Ben,362.15,21.7,8.0,13.3,1013.5,3.6,13,1,5,144,32516.0,1949.0,Mixed
2016-05-23 14:00:00,Rat_lodging_Ben,364.54,23.3,7.333333333333333,13.3,1012.9,5.1,14,1,5,144,32516.0,1949.0,Mixed
2016-05-23 15:00:00,Rat_lodging_Ben,364.16,20.0,6.666666666666667,13.9,1012.9,7.2,15,1,5,144,32516.0,1949.0,Mixed
2016-05-23 16:00:00,Rat_lodging_Ben,348.49,20.6,6.0,12.2,1012.9,6.7,16,1,5,144,32516.0,1949.0,Mixed
2016-05-23 17:00:00,Rat_lodging_Ben,316.33,18.3,6.666666666666667,14.4,1013.2,5.7,17,1,5,144,32516.0,1949.0,Mixed
2016-05-23 18:00:00,Rat_lodging_Ben,297.1,16.1,7.333333333333333,13.9,1013.55,3.6,18,1,5,144,32516.0,1949.0,Mixed
2016-05-23 19:00:00,Rat_lodging_Ben,285.1,16.7,8.0,14.4,1013.9,3.6,19,1,5,144,32516.0,1949.0,Mixed
2016-05-23 20:00:00,Rat_lodging_Ben,281.41,16.1,8.0,14.4,1013.5,5.7,20,1,5,144,32516.0,1949.0,Mixed
2016-05-23 21:00:00,Rat_lodging_Ben,268.08,16.1,8.0,14.4,1015.3,3.1,21,1,5,144,32516.0,1949.0,Mixed
2016-05-23 22:00:00,Rat_lodging_Ben,247.22,16.1,8.0,13.9,1015.0,1.5,22,1,5,144,32516.0,1949.0,Mixed
2016-05-23 23:00:00,Rat_lodging_Ben,238.91,15.6,8.0,13.9,1014.6,1.5,23,1,5,144,32516.0,1949.0,Mixed
2016-05-24 00:00:00,Rat_lodging_Ben,237.3,16.1,8.0,13.9,1014.2,3.1,0,2,5,145,32516.0,1949.0,Mixed
2016-05-24 01:00:00,Rat_lodging_Ben,230.94,16.7,8.0,13.3,1013.9,0.0,1,2,5,145,32516.0,1949.0,Mixed
2016-05-24 02:00:00,Rat_lodging_Ben,229.23,16.1,7.333333333333333,13.9,1013.9,1.5,2,2,5,145,32516.0,1949.0,Mixed
2016-05-24 03:00:00,Rat_lodging_Ben,227.34,15.0,6.666666666666667,13.9,1013.9,2.1,3,2,5,145,32516.0,1949.0,Mixed
2016-05-24 04:00:00,Rat_lodging_Ben,229.01,15.0,6.0,13.3,1013.8,2.6,4,2,5,145,32516.0,1949.0,Mixed
2016-05-24 05:00:00,Rat_lodging_Ben,233.42,13.9,4.0,12.8,1014.2,2.6,5,2,5,145,32516.0,1949.0,Mixed
2016-05-24 06:00:00,Rat_lodging_Ben,273.96,16.1,4.0,12.2,1014.5,3.6,6,2,5,145,32516.0,1949.0,Mixed
2016-05-24 07:00:00,Rat_lodging_Ben,290.1,18.3,4.0,12.8,1015.6,3.6,7,2,5,145,32516.0,1949.0,Mixed
2016-05-24 08:00:00,Rat_lodging_Ben,305.15,20.6,4.0,12.2,1015.9,6.2,8,2,5,145,32516.0,1949.0,Mixed
2016-05-24 09:00:00,Rat_lodging_Ben,319.67,21.7,4.0,12.8,1016.3,6.7,9,2,5,145,32516.0,1949.0,Mixed
2016-05-24 10:00:00,Rat_lodging_Ben,355.59,23.3,2.0,12.8,1016.4,4.6,10,2,5,145,32516.0,1949.0,Mixed
2016-05-24 11:00:00,Rat_lodging_Ben,388.96,25.0,4.0,13.3,1016.7,4.6,11,2,5,145,32516.0,1949.0,Mixed
2016-05-24 12:00:00,Rat_lodging_Ben,415.7,26.1,4.0,12.2,1016.4,4.1,12,2,5,145,32516.0,1949.0,Mixed
2016-05-24 13:00:00,Rat_lodging_Ben,426.83,27.2,4.0,8.9,1015.9,7.7,13,2,5,145,32516.0,1949.0,Mixed
2016-05-24 14:00:00,Rat_lodging_Ben,407.66,27.8,4.0,8.9,1015.4,7.7,14,2,5,145,32516.0,1949.0,Mixed
2016-05-24 15:00:00,Rat_lodging_Ben,409.81,28.3,4.0,9.4,1015.4,6.7,15,2,5,145,32516.0,1949.0,Mixed
2016-05-24 16:00:00,Rat_lodging_Ben,415.66,28.3,6.0,10.0,1015.3,4.6,16,2,5,145,32516.0,1949.0,Mixed
2016-05-24 17:00:00,Rat_lodging_Ben,419.95,28.3,5.0,9.4,1015.1,5.7,17,2,5,145,32516.0,1949.0,Mixed
2016-05-24 18:00:00,Rat_lodging_Ben,407.05,27.8,4.0,8.9,1015.5,5.7,18,2,5,145,32516.0,1949.0,Mixed
2016-05-24 19:00:00,Rat_lodging_Ben,397.25,26.7,4.0,8.3,1016.1,4.6,19,2,5,145,32516.0,1949.0,Mixed
2016-05-24 20:00:00,Rat_lodging_Ben,382.94,25.6,4.0,7.8,1016.4,2.1,20,2,5,145,32516.0,1949.0,Mixed
2016-05-24 21:00:00,Rat_lodging_Ben,356.25,22.2,2.0,10.6,1017.1,1.5,21,2,5,145,32516.0,1949.0,Mixed
2016-05-24 22:00:00,Rat_lodging_Ben,326.0,19.4,2.0,13.3,1017.7,2.1,22,2,5,145,32516.0,1949.0,Mixed
2016-05-24 23:00:00,Rat_lodging_Ben,300.04,18.3,2.0,13.9,1017.9,2.6,23,2,5,145,32516.0,1949.0,Mixed
2016-05-25 00:00:00,Rat_lodging_Ben,278.36,18.3,2.0,13.9,1018.2,3.1,0,3,5,146,32516.0,1949.0,Mixed
2016-05-25 01:00:00,Rat_lodging_Ben,265.87,17.2,0.0,13.9,1018.3,3.1,1,3,5,146,32516.0,1949.0,Mixed
2016-05-25 02:00:00,Rat_lodging_Ben,255.76,17.2,0.0,13.9,1018.8,2.6,2,3,5,146,32516.0,1949.0,Mixed
2016-05-25 03:00:00,Rat_lodging_Ben,249.53,16.1,0.0,14.4,1019.0,2.1,3,3,5,146,32516.0,1949.0,Mixed
2016-05-25 04:00:00,Rat_lodging_Ben,252.25,16.1,0.0,13.9,1019.1,0.0,4,3,5,146,32516.0,1949.0,Mixed
2016-05-25 05:00:00,Rat_lodging_Ben,253.4,16.7,2.0,14.4,1019.8,0.0,5,3,5,146,32516.0,1949.0,Mixed
2016-05-25 06:00:00,Rat_lodging_Ben,284.37,16.7,4.0,15.0,1020.6,1.5,6,3,5,146,32516.0,1949.0,Mixed
2016-05-25 07:00:00,Rat_lodging_Ben,317.1,18.9,4.0,15.0,1021.1,0.0,7,3,5,146,32516.0,1949.0,Mixed
2016-05-25 08:00:00,Rat_lodging_Ben,352.56,20.6,4.0,15.0,1021.5,1.5,8,3,5,146,32516.0,1949.0,Mixed
2016-05-25 09:00:00,Rat_lodging_Ben,391.94,23.3,6.0,13.9,1021.4,0.0,9,3,5,146,32516.0,1949.0,Mixed
2016-05-25 10:00:00,Rat_lodging_Ben,423.93,25.6,8.0,14.4,1021.0,0.0,10,3,5,146,32516.0,1949.0,Mixed
2016-05-25 11:00:00,Rat_lodging_Ben,442.67,28.3,7.333333333333333,12.2,1020.9,1.5,11,3,5,146,32516.0,1949.0,Mixed
2016-05-25 12:00:00,Rat_lodging_Ben,438.41,28.9,6.666666666666667,11.1,1021.0,1.5,12,3,5,146,32516.0,1949.0,Mixed
2016-05-25 13:00:00,Rat_lodging_Ben,431.78,29.4,6.0,11.1,1020.5,3.6,13,3,5,146,32516.0,1949.0,Mixed
2016-05-25 14:00:00,Rat_lodging_Ben,421.39,29.4,6.0,12.2,1020.2,3.1,14,3,5,146,32516.0,1949.0,Mixed
2016-05-25 15:00:00,Rat_lodging_Ben,421.04,29.4,6.0,12.2,1019.8,3.6,15,3,5,146,32516.0,1949.0,Mixed
2016-05-25 16:00:00,Rat_lodging_Ben,405.64,30.0,6.0,10.6,1019.8,2.6,16,3,5,146,32516.0,1949.0,Mixed
2016-05-25 17:00:00,Rat_lodging_Ben,405.26,29.4,6.0,11.7,1019.3,2.6,17,3,5,146,32516.0,1949.0,Mixed
2016-05-25 18:00:00,Rat_lodging_Ben,390.52,28.9,6.0,10.6,1019.1,4.1,18,3,5,146,32516.0,1949.0,Mixed
2016-05-25 19:00:00,Rat_lodging_Ben,382.7,25.6,6.0,13.3,1019.3,3.6,19,3,5,146,32516.0,1949.0,Mixed
2016-05-25 20:00:00,Rat_lodging_Ben,385.32,23.3,5.0,13.9,1019.7,3.6,20,3,5,146,32516.0,1949.0,Mixed
2016-05-25 21:00:00,Rat_lodging_Ben,374.79,20.6,4.0,16.1,1019.9,3.1,21,3,5,146,32516.0,1949.0,Mixed
2016-05-25 22:00:00,Rat_lodging_Ben,347.55,20.0,2.0,16.7,1019.9,3.1,22,3,5,146,32516.0,1949.0,Mixed
2016-05-25 23:00:00,Rat_lodging_Ben,329.41,19.4,4.0,16.1,1019.9,2.6,23,3,5,146,32516.0,1949.0,Mixed
2016-05-26 00:00:00,Rat_lodging_Ben,304.93,18.3,5.0,16.1,1019.8,3.6,0,4,5,147,32516.0,1949.0,Mixed
2016-05-26 01:00:00,Rat_lodging_Ben,298.33,18.9,6.0,16.1,1019.6,2.6,1,4,5,147,32516.0,1949.0,Mixed
2016-05-26 02:00:00,Rat_lodging_Ben,288.53,17.8,4.0,16.1,1019.4,2.6,2,4,5,147,32516.0,1949.0,Mixed
2016-05-26 03:00:00,Rat_lodging_Ben,279.15,17.2,4.0,16.1,1019.5,2.1,3,4,5,147,32516.0,1949.0,Mixed
2016-05-26 04:00:00,Rat_lodging_Ben,279.94,17.8,4.0,16.1,1019.7,1.5,4,4,5,147,32516.0,1949.0,Mixed
2016-05-26 05:00:00,Rat_lodging_Ben,291.44,17.2,5.333333333333333,16.1,1020.0,0.0,5,4,5,147,32516.0,1949.0,Mixed
2016-05-26 06:00:00,Rat_lodging_Ben,326.11,17.8,6.666666666666666,16.7,1020.3,0.0,6,4,5,147,32516.0,1949.0,Mixed
2016-05-26 07:00:00,Rat_lodging_Ben,351.58,19.4,8.0,16.1,1020.6,2.1,7,4,5,147,32516.0,1949.0,Mixed
2016-05-26 08:00:00,Rat_lodging_Ben,383.8,20.6,8.0,16.1,1020.3,3.6,8,4,5,147,32516.0,1949.0,Mixed
2016-05-26 09:00:00,Rat_lodging_Ben,380.68,22.8,8.0,16.7,1019.9,4.1,9,4,5,147,32516.0,1949.0,Mixed
2016-05-26 10:00:00,Rat_lodging_Ben,398.84,25.0,8.0,16.1,1019.3,4.6,10,4,5,147,32516.0,1949.0,Mixed
2016-05-26 11:00:00,Rat_lodging_Ben,417.28,27.2,7.333333333333333,17.2,1019.0,3.6,11,4,5,147,32516.0,1949.0,Mixed
2016-05-26 12:00:00,Rat_lodging_Ben,422.51,27.8,6.666666666666667,18.3,1018.6,5.7,12,4,5,147,32516.0,1949.0,Mixed
2016-05-26 13:00:00,Rat_lodging_Ben,435.05,28.9,6.0,18.9,1017.9,5.7,13,4,5,147,32516.0,1949.0,Mixed
2016-05-26 14:00:00,Rat_lodging_Ben,439.23,31.1,6.0,18.3,1017.6,4.6,14,4,5,147,32516.0,1949.0,Mixed
2016-05-26 15:00:00,Rat_lodging_Ben,430.2,30.0,6.0,18.9,1017.1,4.6,15,4,5,147,32516.0,1949.0,Mixed
2016-05-26 16:00:00,Rat_lodging_Ben,426.62,31.1,6.0,17.8,1016.7,5.7,16,4,5,147,32516.0,1949.0,Mixed
2016-05-26 17:00:00,Rat_lodging_Ben,421.26,28.3,4.0,17.8,1016.0,4.6,17,4,5,147,32516.0,1949.0,Mixed
2016-05-26 18:00:00,Rat_lodging_Ben,406.72,26.7,4.0,18.3,1016.2,4.1,18,4,5,147,32516.0,1949.0,Mixed
2016-05-26 19:00:00,Rat_lodging_Ben,404.05,26.7,6.0,18.3,1016.3,3.6,19,4,5,147,32516.0,1949.0,Mixed
2016-05-26 20:00:00,Rat_lodging_Ben,396.41,26.1,4.0,17.8,1016.5,3.6,20,4,5,147,32516.0,1949.0,Mixed
2016-05-26 21:00:00,Rat_lodging_Ben,382.51,24.4,2.0,18.3,1016.9,4.1,21,4,5,147,32516.0,1949.0,Mixed
2016-05-26 22:00:00,Rat_lodging_Ben,365.63,23.9,2.0,17.8,1017.3,3.1,22,4,5,147,32516.0,1949.0,Mixed
2016-05-26 23:00:00,Rat_lodging_Ben,353.05,22.8,2.0,17.8,1017.1,4.1,23,4,5,147,32516.0,1949.0,Mixed
2016-05-27 00:00:00,Rat_lodging_Ben,344.11,23.3,4.0,17.2,1017.4,3.6,0,5,5,148,32516.0,1949.0,Mixed
2016-05-27 01:00:00,Rat_lodging_Ben,340.39,22.2,6.0,17.2,1017.2,3.6,1,5,5,148,32516.0,1949.0,Mixed
2016-05-27 02:00:00,Rat_lodging_Ben,335.8,22.2,6.0,17.8,1017.7,3.1,2,5,5,148,32516.0,1949.0,Mixed
2016-05-27 03:00:00,Rat_lodging_Ben,338.32,21.7,6.0,17.8,1018.1,3.6,3,5,5,148,32516.0,1949.0,Mixed
2016-05-27 04:00:00,Rat_lodging_Ben,322.72,21.7,6.0,17.8,1017.9,3.6,4,5,5,148,32516.0,1949.0,Mixed
2016-05-27 05:00:00,Rat_lodging_Ben,324.57,21.1,5.333333333333333,17.8,1017.9,3.1,5,5,5,148,32516.0,1949.0,Mixed
2016-05-27 06:00:00,Rat_lodging_Ben,364.93,22.2,4.666666666666667,18.3,1018.9,1.5,6,5,5,148,32516.0,1949.0,Mixed
2016-05-27 07:00:00,Rat_lodging_Ben,387.0,22.8,4.0,18.9,1018.9,3.6,7,5,5,148,32516.0,1949.0,Mixed
2016-05-27 08:00:00,Rat_lodging_Ben,406.44,23.9,4.0,18.9,1018.8,3.6,8,5,5,148,32516.0,1949.0,Mixed
2016-05-27 09:00:00,Rat_lodging_Ben,413.04,25.0,5.0,19.4,1018.9,3.6,9,5,5,148,32516.0,1949.0,Mixed
2016-05-27 10:00:00,Rat_lodging_Ben,429.18,26.7,6.0,20.6,1019.0,3.1,10,5,5,148,32516.0,1949.0,Mixed
2016-05-27 11:00:00,Rat_lodging_Ben,437.39,28.3,5.5,20.6,1018.7,4.1,11,5,5,148,32516.0,1949.0,Mixed
2016-05-27 12:00:00,Rat_lodging_Ben,427.24,29.4,5.0,20.0,1018.4,3.6,12,5,5,148,32516.0,1949.0,Mixed
2016-05-27 13:00:00,Rat_lodging_Ben,438.86,29.4,4.5,21.1,1017.9,4.6,13,5,5,148,32516.0,1949.0,Mixed
2016-05-27 14:00:00,Rat_lodging_Ben,436.62,30.6,4.0,21.1,1017.7,4.1,14,5,5,148,32516.0,1949.0,Mixed
2016-05-27 15:00:00,Rat_lodging_Ben,442.21,30.0,2.0,20.6,1017.3,6.2,15,5,5,148,32516.0,1949.0,Mixed
2016-05-27 16:00:00,Rat_lodging_Ben,447.04,29.4,4.0,21.1,1017.0,4.1,16,5,5,148,32516.0,1949.0,Mixed
2016-05-27 17:00:00,Rat_lodging_Ben,453.43,28.9,4.0,21.1,1016.5,5.1,17,5,5,148,32516.0,1949.0,Mixed
2016-05-27 18:00:00,Rat_lodging_Ben,450.86,28.3,5.0,20.6,1016.7,5.1,18,5,5,148,32516.0,1949.0,Mixed
2016-05-27 19:00:00,Rat_lodging_Ben,441.86,27.2,6.0,20.6,1017.3,4.1,19,5,5,148,32516.0,1949.0,Mixed
2016-05-27 20:00:00,Rat_lodging_Ben,427.46,26.7,5.0,20.0,1017.9,3.6,20,5,5,148,32516.0,1949.0,Mixed
2016-05-27 21:00:00,Rat_lodging_Ben,416.4,25.0,4.0,20.6,1018.5,3.1,21,5,5,148,32516.0,1949.0,Mixed
2016-05-27 22:00:00,Rat_lodging_Ben,399.25,24.4,6.0,20.0,1018.7,4.1,22,5,5,148,32516.0,1949.0,Mixed
2016-05-27 23:00:00,Rat_lodging_Ben,386.28,24.4,5.5,20.0,1019.1,4.1,23,5,5,148,32516.0,1949.0,Mixed
2016-05-28 00:00:00,Rat_lodging_Ben,377.24,23.3,5.0,20.0,1019.2,4.6,0,6,5,149,32516.0,1949.0,Mixed
2016-05-28 01:00:00,Rat_lodging_Ben,367.16,22.8,4.5,20.0,1019.2,3.6,1,6,5,149,32516.0,1949.0,Mixed
2016-05-28 02:00:00,Rat_lodging_Ben,360.68,22.8,4.0,19.4,1018.9,4.6,2,6,5,149,32516.0,1949.0,Mixed
2016-05-28 03:00:00,Rat_lodging_Ben,349.14,22.2,0.0,18.9,1019.1,4.6,3,6,5,149,32516.0,1949.0,Mixed
2016-05-28 04:00:00,Rat_lodging_Ben,340.5,21.7,0.0,18.3,1019.6,3.1,4,6,5,149,32516.0,1949.0,Mixed
2016-05-28 05:00:00,Rat_lodging_Ben,340.23,21.1,2.0,17.8,1020.2,3.6,5,6,5,149,32516.0,1949.0,Mixed
2016-05-28 06:00:00,Rat_lodging_Ben,364.13,21.7,2.0,17.2,1020.4,4.1,6,6,5,149,32516.0,1949.0,Mixed
2016-05-28 07:00:00,Rat_lodging_Ben,387.49,22.2,2.0,17.2,1020.8,3.6,7,6,5,149,32516.0,1949.0,Mixed
2016-05-28 08:00:00,Rat_lodging_Ben,408.24,23.3,2.0,17.8,1021.4,4.1,8,6,5,149,32516.0,1949.0,Mixed
2016-05-28 09:00:00,Rat_lodging_Ben,419.87,24.4,2.0,18.3,1021.5,5.1,9,6,5,149,32516.0,1949.0,Mixed
2016-05-28 10:00:00,Rat_lodging_Ben,428.21,26.1,2.0,19.4,1021.4,4.1,10,6,5,149,32516.0,1949.0,Mixed
2016-05-28 11:00:00,Rat_lodging_Ben,428.14,27.2,2.0,20.0,1021.4,4.1,11,6,5,149,32516.0,1949.0,Mixed
2016-05-28 12:00:00,Rat_lodging_Ben,436.57,28.9,2.0,21.1,1020.9,4.6,12,6,5,149,32516.0,1949.0,Mixed
2016-05-28 13:00:00,Rat_lodging_Ben,439.57,30.0,4.0,20.6,1020.8,5.7,13,6,5,149,32516.0,1949.0,Mixed
2016-05-28 14:00:00,Rat_lodging_Ben,440.7,30.0,4.0,20.6,1020.4,5.7,14,6,5,149,32516.0,1949.0,Mixed
2016-05-28 15:00:00,Rat_lodging_Ben,438.22,30.0,4.0,19.4,1019.9,5.7,15,6,5,149,32516.0,1949.0,Mixed
2016-05-28 16:00:00,Rat_lodging_Ben,427.49,30.0,4.0,18.9,1019.2,5.1,16,6,5,149,32516.0,1949.0,Mixed
2016-05-28 17:00:00,Rat_lodging_Ben,422.83,28.9,4.0,19.4,1019.0,5.7,17,6,5,149,32516.0,1949.0,Mixed
2016-05-28 18:00:00,Rat_lodging_Ben,414.83,27.8,4.0,20.0,1019.2,4.6,18,6,5,149,32516.0,1949.0,Mixed
2016-05-28 19:00:00,Rat_lodging_Ben,408.71,26.7,6.0,18.9,1019.8,4.1,19,6,5,149,32516.0,1949.0,Mixed
2016-05-28 20:00:00,Rat_lodging_Ben,403.9,26.1,6.0,18.3,1020.2,3.6,20,6,5,149,32516.0,1949.0,Mixed
2016-05-28 21:00:00,Rat_lodging_Ben,397.39,25.0,6.0,17.8,1020.6,3.6,21,6,5,149,32516.0,1949.0,Mixed
2016-05-28 22:00:00,Rat_lodging_Ben,376.27,23.9,6.0,16.7,1020.8,3.1,22,6,5,149,32516.0,1949.0,Mixed
2016-05-28 23:00:00,Rat_lodging_Ben,368.91,22.8,4.0,17.2,1021.0,3.1,23,6,5,149,32516.0,1949.0,Mixed
2016-05-29 00:00:00,Rat_lodging_Ben,354.51,21.7,4.0,17.2,1021.1,3.6,0,7,5,150,32516.0,1949.0,Mixed
2016-05-29 01:00:00,Rat_lodging_Ben,340.8,21.1,6.0,17.8,1020.8,2.6,1,7,5,150,32516.0,1949.0,Mixed
2016-05-29 02:00:00,Rat_lodging_Ben,333.59,20.6,6.0,16.7,1020.4,2.1,2,7,5,150,32516.0,1949.0,Mixed
2016-05-29 03:00:00,Rat_lodging_Ben,328.65,20.0,6.0,16.7,1020.4,2.1,3,7,5,150,32516.0,1949.0,Mixed
2016-05-29 04:00:00,Rat_lodging_Ben,328.94,19.4,6.0,17.2,1020.6,1.5,4,7,5,150,32516.0,1949.0,Mixed
2016-05-29 05:00:00,Rat_lodging_Ben,332.58,19.4,6.0,16.7,1020.8,0.0,5,7,5,150,32516.0,1949.0,Mixed
2016-05-29 06:00:00,Rat_lodging_Ben,359.44,20.0,6.0,17.2,1021.1,0.0,6,7,5,150,32516.0,1949.0,Mixed
2016-05-29 07:00:00,Rat_lodging_Ben,394.25,21.1,6.0,17.8,1021.1,2.6,7,7,5,150,32516.0,1949.0,Mixed
2016-05-29 08:00:00,Rat_lodging_Ben,415.81,22.8,6.0,18.9,1021.0,3.1,8,7,5,150,32516.0,1949.0,Mixed
2016-05-29 09:00:00,Rat_lodging_Ben,422.96,24.4,6.0,19.4,1020.8,3.6,9,7,5,150,32516.0,1949.0,Mixed
2016-05-29 10:00:00,Rat_lodging_Ben,434.12,25.0,6.0,20.0,1020.8,3.6,10,7,5,150,32516.0,1949.0,Mixed
2016-05-29 11:00:00,Rat_lodging_Ben,435.49,27.2,6.333333333333333,20.0,1020.3,3.1,11,7,5,150,32516.0,1949.0,Mixed
2016-05-29 12:00:00,Rat_lodging_Ben,433.88,28.3,6.666666666666667,19.4,1019.8,3.1,12,7,5,150,32516.0,1949.0,Mixed
2016-05-29 13:00:00,Rat_lodging_Ben,431.47,27.2,7.0,18.9,1019.4,3.1,13,7,5,150,32516.0,1949.0,Mixed
2016-05-29 14:00:00,Rat_lodging_Ben,438.11,27.8,7.0,19.4,1019.1,4.1,14,7,5,150,32516.0,1949.0,Mixed
2016-05-29 15:00:00,Rat_lodging_Ben,425.76,27.8,7.0,20.0,1018.3,2.6,15,7,5,150,32516.0,1949.0,Mixed
2016-05-29 16:00:00,Rat_lodging_Ben,412.54,24.4,8.0,21.7,1018.2,6.2,16,7,5,150,32516.0,1949.0,Mixed
2016-05-29 17:00:00,Rat_lodging_Ben,404.71,23.3,8.0,21.7,1018.5,4.1,17,7,5,150,32516.0,1949.0,Mixed
2016-05-29 18:00:00,Rat_lodging_Ben,390.8,22.8,8.0,21.7,1018.4,2.1,18,7,5,150,32516.0,1949.0,Mixed
2016-05-29 19:00:00,Rat_lodging_Ben,376.3,21.7,8.0,20.6,1018.4,2.6,19,7,5,150,32516.0,1949.0,Mixed
2016-05-29 20:00:00,Rat_lodging_Ben,377.45,21.1,8.0,18.9,1018.3,4.1,20,7,5,150,32516.0,1949.0,Mixed
2016-05-29 21:00:00,Rat_lodging_Ben,370.23,20.6,8.0,17.8,1018.1,4.1,21,7,5,150,32516.0,1949.0,Mixed
2016-05-29 22:00:00,Rat_lodging_Ben,349.59,20.0,8.0,18.3,1018.0,3.1,22,7,5,150,32516.0,1949.0,Mixed
2016-05-29 23:00:00,Rat_lodging_Ben,344.7,20.6,8.0,18.3,1017.8,0.0,23,7,5,150,32516.0,1949.0,Mixed
2016-05-30 00:00:00,Rat_lodging_Ben,341.38,20.0,8.0,18.3,1017.2,2.1,0,1,5,151,32516.0,1949.0,Mixed
2016-05-30 01:00:00,Rat_lodging_Ben,339.72,20.6,8.0,18.9,1017.1,1.5,1,1,5,151,32516.0,1949.0,Mixed
2016-05-30 02:00:00,Rat_lodging_Ben,335.05,21.1,7.333333333333333,18.3,1016.9,0.0,2,1,5,151,32516.0,1949.0,Mixed
2016-05-30 03:00:00,Rat_lodging_Ben,331.69,21.1,6.666666666666667,17.8,1016.4,3.1,3,1,5,151,32516.0,1949.0,Mixed
2016-05-30 04:00:00,Rat_lodging_Ben,336.49,20.6,6.0,17.8,1016.0,0.0,4,1,5,151,32516.0,1949.0,Mixed
2016-05-30 05:00:00,Rat_lodging_Ben,348.87,20.6,6.666666666666667,18.3,1016.1,2.1,5,1,5,151,32516.0,1949.0,Mixed
2016-05-30 06:00:00,Rat_lodging_Ben,382.82,20.6,7.333333333333333,18.3,1016.6,2.6,6,1,5,151,32516.0,1949.0,Mixed
2016-05-30 07:00:00,Rat_lodging_Ben,400.38,21.7,8.0,18.9,1017.0,0.0,7,1,5,151,32516.0,1949.0,Mixed
2016-05-30 08:00:00,Rat_lodging_Ben,414.14,22.8,7.333333333333333,18.9,1017.3,2.6,8,1,5,151,32516.0,1949.0,Mixed
2016-05-30 09:00:00,Rat_lodging_Ben,412.97,23.3,6.666666666666667,18.9,1017.0,2.1,9,1,5,151,32516.0,1949.0,Mixed
2016-05-30 10:00:00,Rat_lodging_Ben,419.31,25.0,6.0,18.3,1016.2,0.0,10,1,5,151,32516.0,1949.0,Mixed
2016-05-30 11:00:00,Rat_lodging_Ben,429.66,25.6,6.666666666666667,18.9,1015.9,0.0,11,1,5,151,32516.0,1949.0,Mixed
2016-05-30 12:00:00,Rat_lodging_Ben,428.37,25.6,7.333333333333333,20.0,1015.6,2.6,12,1,5,151,32516.0,1949.0,Mixed
2016-05-30 13:00:00,Rat_lodging_Ben,420.56,26.1,8.0,20.0,1015.2,2.1,13,1,5,151,32516.0,1949.0,Mixed
2016-05-30 14:00:00,Rat_lodging_Ben,411.09,26.1,8.0,20.6,1014.9,3.1,14,1,5,151,32516.0,1949.0,Mixed
2016-05-30 15:00:00,Rat_lodging_Ben,405.76,26.1,8.0,21.1,1014.5,3.6,15,1,5,151,32516.0,1949.0,Mixed
2016-05-30 16:00:00,Rat_lodging_Ben,403.92,25.6,8.0,21.7,1014.2,4.6,16,1,5,151,32516.0,1949.0,Mixed
2016-05-30 17:00:00,Rat_lodging_Ben,404.8,24.4,7.333333333333333,21.7,1014.1,4.6,17,1,5,151,32516.0,1949.0,Mixed
2016-05-30 18:00:00,Rat_lodging_Ben,402.71,23.9,6.666666666666667,21.7,1014.35,4.6,18,1,5,151,32516.0,1949.0,Mixed
2016-05-30 19:00:00,Rat_lodging_Ben,392.13,23.9,6.0,21.1,1014.6,3.6,19,1,5,151,32516.0,1949.0,Mixed
2016-05-30 20:00:00,Rat_lodging_Ben,391.31,23.3,6.666666666666667,21.1,1014.8,4.6,20,1,5,151,32516.0,1949.0,Mixed
2016-05-30 21:00:00,Rat_lodging_Ben,392.76,23.3,7.333333333333333,21.1,1015.6,5.1,21,1,5,151,32516.0,1949.0,Mixed
2016-05-30 22:00:00,Rat_lodging_Ben,373.59,22.8,8.0,20.6,1015.6,5.1,22,1,5,151,32516.0,1949.0,Mixed
2016-05-30 23:00:00,Rat_lodging_Ben,359.36,22.2,8.0,20.0,1014.9,3.6,23,1,5,151,32516.0,1949.0,Mixed
2016-05-31 00:00:00,Rat_lodging_Ben,345.2,21.7,8.0,19.4,1014.8,2.1,0,2,5,152,32516.0,1949.0,Mixed
2016-05-31 01:00:00,Rat_lodging_Ben,339.42,21.7,8.0,19.4,1014.7,1.5,1,2,5,152,32516.0,1949.0,Mixed
2016-05-31 02:00:00,Rat_lodging_Ben,334.46,21.1,4.0,19.4,1014.1,3.6,2,2,5,152,32516.0,1949.0,Mixed
2016-05-31 03:00:00,Rat_lodging_Ben,351.6,21.7,6.0,19.4,1014.2,1.5,3,2,5,152,32516.0,1949.0,Mixed
2016-05-31 04:00:00,Rat_lodging_Ben,370.25,22.2,8.0,18.9,1014.3,1.5,4,2,5,152,32516.0,1949.0,Mixed
2016-05-31 05:00:00,Rat_lodging_Ben,384.8,22.2,7.333333333333333,17.8,1014.1,2.1,5,2,5,152,32516.0,1949.0,Mixed
2016-05-31 06:00:00,Rat_lodging_Ben,430.22,22.2,6.666666666666667,18.9,1014.6,0.0,6,2,5,152,32516.0,1949.0,Mixed
2016-05-31 07:00:00,Rat_lodging_Ben,433.16,23.3,6.0,19.4,1015.1,3.6,7,2,5,152,32516.0,1949.0,Mixed
2016-05-31 08:00:00,Rat_lodging_Ben,438.86,23.9,4.0,20.0,1015.4,0.0,8,2,5,152,32516.0,1949.0,Mixed
2016-05-31 09:00:00,Rat_lodging_Ben,448.96,24.4,5.0,20.0,1015.5,0.0,9,2,5,152,32516.0,1949.0,Mixed
2016-05-31 10:00:00,Rat_lodging_Ben,445.23,26.1,6.0,20.0,1015.6,0.0,10,2,5,152,32516.0,1949.0,Mixed
2016-05-31 11:00:00,Rat_lodging_Ben,449.68,26.7,6.0,20.6,1015.4,2.1,11,2,5,152,32516.0,1949.0,Mixed
2016-05-31 12:00:00,Rat_lodging_Ben,446.97,28.9,6.0,20.0,1015.2,0.0,12,2,5,152,32516.0,1949.0,Mixed
2016-05-31 13:00:00,Rat_lodging_Ben,447.01,28.9,6.0,19.4,1014.9,2.1,13,2,5,152,32516.0,1949.0,Mixed
2016-05-31 14:00:00,Rat_lodging_Ben,447.67,29.4,5.0,18.3,1014.3,2.1,14,2,5,152,32516.0,1949.0,Mixed
2016-05-31 15:00:00,Rat_lodging_Ben,439.48,28.9,4.0,17.8,1013.9,0.0,15,2,5,152,32516.0,1949.0,Mixed
2016-05-31 16:00:00,Rat_lodging_Ben,438.05,29.4,6.0,20.0,1013.5,3.1,16,2,5,152,32516.0,1949.0,Mixed
2016-05-31 17:00:00,Rat_lodging_Ben,433.33,28.3,6.0,19.4,1013.6,2.1,17,2,5,152,32516.0,1949.0,Mixed
2016-05-31 18:00:00,Rat_lodging_Ben,426.59,27.8,6.0,20.6,1014.0,3.1,18,2,5,152,32516.0,1949.0,Mixed
2016-05-31 19:00:00,Rat_lodging_Ben,421.95,26.7,6.0,20.6,1014.4,3.6,19,2,5,152,32516.0,1949.0,Mixed
2016-05-31 20:00:00,Rat_lodging_Ben,413.62,24.4,5.333333333333333,20.0,1014.9,2.1,20,2,5,152,32516.0,1949.0,Mixed
2016-05-31 21:00:00,Rat_lodging_Ben,398.69,24.4,4.666666666666667,20.0,1015.5,1.5,21,2,5,152,32516.0,1949.0,Mixed
2016-05-31 22:00:00,Rat_lodging_Ben,377.04,23.9,4.0,20.0,1015.4,2.1,22,2,5,152,32516.0,1949.0,Mixed
2016-05-31 23:00:00,Rat_lodging_Ben,377.11,23.3,4.0,21.1,1015.6,1.5,23,2,5,152,32516.0,1949.0,Mixed
2016-06-01 00:00:00,Rat_lodging_Ben,368.87,22.8,4.0,21.1,1015.6,1.5,0,3,6,153,32516.0,1949.0,Mixed
2016-06-01 01:00:00,Rat_lodging_Ben,361.53,22.2,6.0,21.1,1015.5,2.1,1,3,6,153,32516.0,1949.0,Mixed
2016-06-01 02:00:00,Rat_lodging_Ben,354.24,22.2,6.0,20.0,1015.8,1.5,2,3,6,153,32516.0,1949.0,Mixed
2016-06-01 03:00:00,Rat_lodging_Ben,349.63,21.7,6.0,20.0,1016.1,1.5,3,3,6,153,32516.0,1949.0,Mixed
2016-06-01 04:00:00,Rat_lodging_Ben,346.99,21.1,6.0,19.4,1016.3,1.5,4,3,6,153,32516.0,1949.0,Mixed
2016-06-01 05:00:00,Rat_lodging_Ben,346.5,21.1,4.0,20.0,1016.6,1.5,5,3,6,153,32516.0,1949.0,Mixed
2016-06-01 06:00:00,Rat_lodging_Ben,390.02,22.2,4.0,21.1,1017.0,0.0,6,3,6,153,32516.0,1949.0,Mixed
2016-06-01 07:00:00,Rat_lodging_Ben,449.82,23.9,6.0,21.1,1017.7,1.5,7,3,6,153,32516.0,1949.0,Mixed
2016-06-01 08:00:00,Rat_lodging_Ben,474.14,25.0,6.0,21.1,1018.2,0.0,8,3,6,153,32516.0,1949.0,Mixed
2016-06-01 09:00:00,Rat_lodging_Ben,474.38,27.2,6.0,21.1,1017.7,1.5,9,3,6,153,32516.0,1949.0,Mixed
2016-06-01 10:00:00,Rat_lodging_Ben,458.55,29.4,6.0,19.4,1017.8,2.1,10,3,6,153,32516.0,1949.0,Mixed
2016-06-01 11:00:00,Rat_lodging_Ben,455.32,28.9,5.0,17.8,1017.9,1.5,11,3,6,153,32516.0,1949.0,Mixed
2016-06-01 12:00:00,Rat_lodging_Ben,459.4,30.0,4.0,16.1,1017.9,1.5,12,3,6,153,32516.0,1949.0,Mixed
2016-06-01 13:00:00,Rat_lodging_Ben,470.23,29.4,6.0,18.3,1017.4,3.6,13,3,6,153,32516.0,1949.0,Mixed
2016-06-01 14:00:00,Rat_lodging_Ben,464.94,28.9,4.0,17.8,1017.1,4.1,14,3,6,153,32516.0,1949.0,Mixed
2016-06-01 15:00:00,Rat_lodging_Ben,468.4,28.9,5.0,17.2,1017.0,4.1,15,3,6,153,32516.0,1949.0,Mixed
2016-06-01 16:00:00,Rat_lodging_Ben,462.85,28.3,6.0,17.2,1016.6,4.6,16,3,6,153,32516.0,1949.0,Mixed
2016-06-01 17:00:00,Rat_lodging_Ben,458.34,26.7,6.0,20.6,1016.9,8.2,17,3,6,153,32516.0,1949.0,Mixed
2016-06-01 18:00:00,Rat_lodging_Ben,452.99,26.7,6.0,18.9,1017.1,6.2,18,3,6,153,32516.0,1949.0,Mixed
2016-06-01 19:00:00,Rat_lodging_Ben,448.13,26.1,6.0,18.3,1017.1,4.1,19,3,6,153,32516.0,1949.0,Mixed
2016-06-01 20:00:00,Rat_lodging_Ben,448.37,25.0,5.0,18.9,1017.4,2.6,20,3,6,153,32516.0,1949.0,Mixed
2016-06-01 21:00:00,Rat_lodging_Ben,428.95,24.4,4.0,18.9,1017.8,2.6,21,3,6,153,32516.0,1949.0,Mixed
2016-06-01 22:00:00,Rat_lodging_Ben,405.43,23.3,4.0,19.4,1018.4,3.1,22,3,6,153,32516.0,1949.0,Mixed
2016-06-01 23:00:00,Rat_lodging_Ben,396.28,22.8,2.0,18.9,1018.7,0.0,23,3,6,153,32516.0,1949.0,Mixed
2016-06-02 00:00:00,Rat_lodging_Ben,380.87,22.2,4.0,18.3,1018.7,1.5,0,4,6,154,32516.0,1949.0,Mixed
2016-06-02 01:00:00,Rat_lodging_Ben,371.13,22.2,4.0,18.3,1018.6,2.1,1,4,6,154,32516.0,1949.0,Mixed
2016-06-02 02:00:00,Rat_lodging_Ben,366.27,21.7,2.0,18.3,1018.1,3.6,2,4,6,154,32516.0,1949.0,Mixed
2016-06-02 03:00:00,Rat_lodging_Ben,360.45,21.7,0.0,18.3,1017.8,0.0,3,4,6,154,32516.0,1949.0,Mixed
2016-06-02 04:00:00,Rat_lodging_Ben,358.11,20.6,4.0,18.3,1018.0,1.5,4,4,6,154,32516.0,1949.0,Mixed
2016-06-02 05:00:00,Rat_lodging_Ben,365.18,20.0,5.333333333333333,18.3,1018.7,4.6,5,4,6,154,32516.0,1949.0,Mixed
2016-06-02 06:00:00,Rat_lodging_Ben,391.94,20.0,6.666666666666666,18.3,1019.4,2.6,6,4,6,154,32516.0,1949.0,Mixed
2016-06-02 07:00:00,Rat_lodging_Ben,407.12,20.6,8.0,18.3,1019.4,4.1,7,4,6,154,32516.0,1949.0,Mixed
2016-06-02 08:00:00,Rat_lodging_Ben,418.97,21.1,8.0,17.8,1019.9,2.1,8,4,6,154,32516.0,1949.0,Mixed
2016-06-02 09:00:00,Rat_lodging_Ben,430.13,21.7,8.0,17.8,1019.7,2.6,9,4,6,154,32516.0,1949.0,Mixed
2016-06-02 10:00:00,Rat_lodging_Ben,427.47,21.7,8.0,17.8,1019.7,0.0,10,4,6,154,32516.0,1949.0,Mixed
2016-06-02 11:00:00,Rat_lodging_Ben,442.79,23.3,8.0,18.3,1019.3,1.5,11,4,6,154,32516.0,1949.0,Mixed
2016-06-02 12:00:00,Rat_lodging_Ben,451.82,25.0,8.0,18.3,1019.0,2.1,12,4,6,154,32516.0,1949.0,Mixed
2016-06-02 13:00:00,Rat_lodging_Ben,449.86,26.1,8.0,19.4,1018.3,0.0,13,4,6,154,32516.0,1949.0,Mixed
2016-06-02 14:00:00,Rat_lodging_Ben,455.82,26.7,8.0,20.0,1017.5,2.1,14,4,6,154,32516.0,1949.0,Mixed
2016-06-02 15:00:00,Rat_lodging_Ben,456.08,27.2,8.0,19.4,1016.9,2.6,15,4,6,154,32516.0,1949.0,Mixed
2016-06-02 16:00:00,Rat_lodging_Ben,441.0,27.2,8.0,20.0,1016.4,3.6,16,4,6,154,32516.0,1949.0,Mixed
2016-06-02 17:00:00,Rat_lodging_Ben,432.61,26.1,8.0,19.4,1016.1,4.1,17,4,6,154,32516.0,1949.0,Mixed
2016-06-02 18:00:00,Rat_lodging_Ben,429.0,25.6,8.0,19.4,1016.2,2.6,18,4,6,154,32516.0,1949.0,Mixed
2016-06-02 19:00:00,Rat_lodging_Ben,416.73,25.0,8.0,19.4,1016.8,3.6,19,4,6,154,32516.0,1949.0,Mixed
2016-06-02 20:00:00,Rat_lodging_Ben,407.73,23.9,8.0,19.4,1016.8,4.1,20,4,6,154,32516.0,1949.0,Mixed
2016-06-02 21:00:00,Rat_lodging_Ben,392.87,23.3,8.0,19.4,1017.3,1.5,21,4,6,154,32516.0,1949.0,Mixed
2016-06-02 22:00:00,Rat_lodging_Ben,379.92,23.3,8.0,19.4,1017.6,0.0,22,4,6,154,32516.0,1949.0,Mixed
2016-06-02 23:00:00,Rat_lodging_Ben,365.29,22.8,8.0,20.0,1017.6,2.1,23,4,6,154,32516.0,1949.0,Mixed
2016-06-03 00:00:00,Rat_lodging_Ben,362.02,22.8,8.0,20.0,1017.2,2.1,0,5,6,155,32516.0,1949.0,Mixed
2016-06-03 01:00:00,Rat_lodging_Ben,360.16,22.2,8.0,20.6,1016.7,3.6,1,5,6,155,32516.0,1949.0,Mixed
2016-06-03 02:00:00,Rat_lodging_Ben,343.91,22.2,8.0,20.6,1016.6,3.1,2,5,6,155,32516.0,1949.0,Mixed
2016-06-03 03:00:00,Rat_lodging_Ben,345.61,22.2,8.0,20.6,1016.3,2.6,3,5,6,155,32516.0,1949.0,Mixed
2016-06-03 04:00:00,Rat_lodging_Ben,347.41,22.2,8.0,20.6,1016.4,2.1,4,5,6,155,32516.0,1949.0,Mixed
2016-06-03 05:00:00,Rat_lodging_Ben,355.12,22.2,8.0,20.6,1016.4,2.1,5,5,6,155,32516.0,1949.0,Mixed
2016-06-03 06:00:00,Rat_lodging_Ben,390.74,22.2,8.0,20.6,1016.7,2.6,6,5,6,155,32516.0,1949.0,Mixed
2016-06-03 07:00:00,Rat_lodging_Ben,421.51,22.8,8.0,20.6,1017.1,3.1,7,5,6,155,32516.0,1949.0,Mixed
2016-06-03 08:00:00,Rat_lodging_Ben,433.57,22.8,8.0,20.6,1017.5,2.1,8,5,6,155,32516.0,1949.0,Mixed
2016-06-03 09:00:00,Rat_lodging_Ben,441.76,22.8,8.0,21.1,1017.4,3.1,9,5,6,155,32516.0,1949.0,Mixed
2016-06-03 10:00:00,Rat_lodging_Ben,443.28,23.9,8.0,21.7,1017.3,2.1,10,5,6,155,32516.0,1949.0,Mixed
2016-06-03 11:00:00,Rat_lodging_Ben,454.76,25.6,8.0,21.1,1017.1,2.1,11,5,6,155,32516.0,1949.0,Mixed
2016-06-03 12:00:00,Rat_lodging_Ben,449.89,26.7,8.0,21.7,1016.6,3.6,12,5,6,155,32516.0,1949.0,Mixed
2016-06-03 13:00:00,Rat_lodging_Ben,457.47,26.1,8.0,21.7,1016.2,3.6,13,5,6,155,32516.0,1949.0,Mixed
2016-06-03 14:00:00,Rat_lodging_Ben,454.75,26.1,8.0,21.7,1015.9,3.6,14,5,6,155,32516.0,1949.0,Mixed
2016-06-03 15:00:00,Rat_lodging_Ben,446.93,25.6,8.0,21.7,1015.7,2.6,15,5,6,155,32516.0,1949.0,Mixed
2016-06-03 16:00:00,Rat_lodging_Ben,432.06,25.0,8.0,21.7,1015.8,2.1,16,5,6,155,32516.0,1949.0,Mixed
2016-06-03 17:00:00,Rat_lodging_Ben,402.6,23.3,7.333333333333333,21.7,1015.9,2.6,17,5,6,155,32516.0,1949.0,Mixed
2016-06-03 18:00:00,Rat_lodging_Ben,395.3,22.8,6.666666666666667,21.7,1015.5,3.6,18,5,6,155,32516.0,1949.0,Mixed
2016-06-03 19:00:00,Rat_lodging_Ben,389.84,23.3,6.0,21.7,1016.1,3.1,19,5,6,155,32516.0,1949.0,Mixed
2016-06-03 20:00:00,Rat_lodging_Ben,392.04,23.3,6.666666666666667,21.7,1016.3,1.5,20,5,6,155,32516.0,1949.0,Mixed
2016-06-03 21:00:00,Rat_lodging_Ben,381.26,23.3,7.333333333333333,21.1,1017.1,1.5,21,5,6,155,32516.0,1949.0,Mixed
2016-06-03 22:00:00,Rat_lodging_Ben,357.99,22.8,8.0,21.1,1017.5,3.1,22,5,6,155,32516.0,1949.0,Mixed
2016-06-03 23:00:00,Rat_lodging_Ben,357.22,22.8,8.0,21.1,1017.1,3.6,23,5,6,155,32516.0,1949.0,Mixed
2016-06-04 00:00:00,Rat_lodging_Ben,343.01,22.8,8.0,21.1,1016.75,1.5,0,6,6,156,32516.0,1949.0,Mixed
2016-06-04 01:00:00,Rat_lodging_Ben,329.23,22.2,8.0,21.1,1016.4,2.1,1,6,6,156,32516.0,1949.0,Mixed
2016-06-04 02:00:00,Rat_lodging_Ben,323.58,22.2,8.0,21.1,1016.3,2.1,2,6,6,156,32516.0,1949.0,Mixed
2016-06-04 03:00:00,Rat_lodging_Ben,341.86,21.7,8.0,20.6,1016.2,3.6,3,6,6,156,32516.0,1949.0,Mixed
2016-06-04 04:00:00,Rat_lodging_Ben,334.49,21.7,8.0,20.6,1016.1,3.1,4,6,6,156,32516.0,1949.0,Mixed
2016-06-04 05:00:00,Rat_lodging_Ben,339.14,21.1,8.0,20.6,1016.6,2.6,5,6,6,156,32516.0,1949.0,Mixed
2016-06-04 06:00:00,Rat_lodging_Ben,349.7,21.7,8.0,20.6,1016.8,3.1,6,6,6,156,32516.0,1949.0,Mixed
2016-06-04 07:00:00,Rat_lodging_Ben,373.28,21.7,8.0,20.6,1017.0,2.1,7,6,6,156,32516.0,1949.0,Mixed
2016-06-04 08:00:00,Rat_lodging_Ben,394.97,22.8,8.0,21.1,1017.1,2.1,8,6,6,156,32516.0,1949.0,Mixed
2016-06-04 09:00:00,Rat_lodging_Ben,411.48,23.3,8.0,21.1,1016.8,3.1,9,6,6,156,32516.0,1949.0,Mixed
2016-06-04 10:00:00,Rat_lodging_Ben,420.94,24.4,8.0,21.1,1016.5,1.5,10,6,6,156,32516.0,1949.0,Mixed
2016-06-04 11:00:00,Rat_lodging_Ben,420.33,25.6,8.0,20.6,1016.2,2.1,11,6,6,156,32516.0,1949.0,Mixed
2016-06-04 12:00:00,Rat_lodging_Ben,421.14,26.1,8.0,21.1,1015.5,4.1,12,6,6,156,32516.0,1949.0,Mixed
2016-06-04 13:00:00,Rat_lodging_Ben,429.22,26.1,8.0,21.1,1015.3,4.1,13,6,6,156,32516.0,1949.0,Mixed
2016-06-04 14:00:00,Rat_lodging_Ben,431.36,27.2,7.333333333333333,21.1,1014.3,3.6,14,6,6,156,32516.0,1949.0,Mixed
2016-06-04 15:00:00,Rat_lodging_Ben,432.31,27.8,6.666666666666667,22.2,1013.4,4.1,15,6,6,156,32516.0,1949.0,Mixed
2016-06-04 16:00:00,Rat_lodging_Ben,419.41,27.2,6.0,21.7,1013.2,4.6,16,6,6,156,32516.0,1949.0,Mixed
2016-06-04 17:00:00,Rat_lodging_Ben,424.58,26.7,6.666666666666667,21.1,1012.8,5.7,17,6,6,156,32516.0,1949.0,Mixed
2016-06-04 18:00:00,Rat_lodging_Ben,414.94,25.6,7.333333333333333,21.1,1012.6,6.2,18,6,6,156,32516.0,1949.0,Mixed
2016-06-04 19:00:00,Rat_lodging_Ben,407.86,25.0,8.0,20.6,1013.0,6.2,19,6,6,156,32516.0,1949.0,Mixed
2016-06-04 20:00:00,Rat_lodging_Ben,404.65,24.4,8.0,21.1,1013.0,4.1,20,6,6,156,32516.0,1949.0,Mixed
2016-06-04 21:00:00,Rat_lodging_Ben,398.38,24.4,8.0,20.6,1013.1,3.1,21,6,6,156,32516.0,1949.0,Mixed
2016-06-04 22:00:00,Rat_lodging_Ben,387.97,23.9,8.0,20.6,1012.6,2.6,22,6,6,156,32516.0,1949.0,Mixed
2016-06-04 23:00:00,Rat_lodging_Ben,377.0,23.3,8.0,21.1,1012.5,3.1,23,6,6,156,32516.0,1949.0,Mixed
2016-06-05 00:00:00,Rat_lodging_Ben,361.7,23.3,8.0,21.7,1012.3,4.6,0,7,6,157,32516.0,1949.0,Mixed
2016-06-05 01:00:00,Rat_lodging_Ben,358.95,22.8,8.0,21.7,1011.7,6.2,1,7,6,157,32516.0,1949.0,Mixed
2016-06-05 02:00:00,Rat_lodging_Ben,355.87,22.8,8.0,21.7,1011.1,4.1,2,7,6,157,32516.0,1949.0,Mixed
2016-06-05 03:00:00,Rat_lodging_Ben,353.95,22.8,8.0,21.7,1009.9,3.6,3,7,6,157,32516.0,1949.0,Mixed
2016-06-05 04:00:00,Rat_lodging_Ben,347.29,22.8,8.0,21.7,1008.9,4.6,4,7,6,157,32516.0,1949.0,Mixed
2016-06-05 05:00:00,Rat_lodging_Ben,352.49,22.8,8.0,21.7,1008.6,4.1,5,7,6,157,32516.0,1949.0,Mixed
2016-06-05 06:00:00,Rat_lodging_Ben,380.93,22.8,8.0,21.1,1008.3,3.1,6,7,6,157,32516.0,1949.0,Mixed
2016-06-05 07:00:00,Rat_lodging_Ben,406.59,22.8,8.0,21.7,1008.4,3.6,7,7,6,157,32516.0,1949.0,Mixed
2016-06-05 08:00:00,Rat_lodging_Ben,417.85,23.9,8.0,21.7,1008.6,4.6,8,7,6,157,32516.0,1949.0,Mixed
2016-06-05 09:00:00,Rat_lodging_Ben,424.14,24.4,8.0,21.7,1008.3,4.6,9,7,6,157,32516.0,1949.0,Mixed
2016-06-05 10:00:00,Rat_lodging_Ben,426.55,25.0,8.0,21.1,1007.7,6.7,10,7,6,157,32516.0,1949.0,Mixed
2016-06-05 11:00:00,Rat_lodging_Ben,432.26,25.6,8.0,21.7,1007.2,5.1,11,7,6,157,32516.0,1949.0,Mixed
2016-06-05 12:00:00,Rat_lodging_Ben,444.5,26.1,8.0,21.7,1006.6,6.7,12,7,6,157,32516.0,1949.0,Mixed
2016-06-05 13:00:00,Rat_lodging_Ben,443.94,26.7,8.0,22.2,1005.9,6.2,13,7,6,157,32516.0,1949.0,Mixed
2016-06-05 14:00:00,Rat_lodging_Ben,445.16,27.8,7.333333333333333,22.2,1005.1,7.7,14,7,6,157,32516.0,1949.0,Mixed
2016-06-05 15:00:00,Rat_lodging_Ben,433.41,28.3,6.666666666666667,21.7,1004.5,8.2,15,7,6,157,32516.0,1949.0,Mixed
2016-06-05 16:00:00,Rat_lodging_Ben,419.59,29.4,6.0,21.7,1004.2,8.2,16,7,6,157,32516.0,1949.0,Mixed
2016-06-05 17:00:00,Rat_lodging_Ben,403.61,25.0,6.666666666666667,18.3,1004.7,8.2,17,7,6,157,32516.0,1949.0,Mixed
2016-06-05 18:00:00,Rat_lodging_Ben,402.24,24.4,7.333333333333333,18.3,1004.7,3.6,18,7,6,157,32516.0,1949.0,Mixed
2016-06-05 19:00:00,Rat_lodging_Ben,395.45,22.8,8.0,20.0,1005.5,2.6,19,7,6,157,32516.0,1949.0,Mixed
2016-06-05 20:00:00,Rat_lodging_Ben,395.65,22.8,7.333333333333333,20.0,1005.7,2.6,20,7,6,157,32516.0,1949.0,Mixed
2016-06-05 21:00:00,Rat_lodging_Ben,392.66,22.8,6.666666666666667,21.1,1006.2,2.1,21,7,6,157,32516.0,1949.0,Mixed
2016-06-05 22:00:00,Rat_lodging_Ben,368.04,22.8,6.0,21.1,1007.0,3.1,22,7,6,157,32516.0,1949.0,Mixed
2016-06-05 23:00:00,Rat_lodging_Ben,350.31,22.2,6.0,20.0,1007.0,2.6,23,7,6,157,32516.0,1949.0,Mixed
2016-06-06 00:00:00,Rat_lodging_Ben,339.91,21.1,6.0,19.4,1007.1,2.1,0,1,6,158,32516.0,1949.0,Mixed
2016-06-06 01:00:00,Rat_lodging_Ben,340.06,21.1,6.0,18.9,1006.8,3.1,1,1,6,158,32516.0,1949.0,Mixed
2016-06-06 02:00:00,Rat_lodging_Ben,335.58,21.1,4.0,19.4,1006.7,3.1,2,1,6,158,32516.0,1949.0,Mixed
2016-06-06 03:00:00,Rat_lodging_Ben,333.71,20.6,5.0,19.4,1006.8,2.6,3,1,6,158,32516.0,1949.0,Mixed
2016-06-06 04:00:00,Rat_lodging_Ben,336.0,21.1,6.0,19.4,1006.8,2.6,4,1,6,158,32516.0,1949.0,Mixed
2016-06-06 05:00:00,Rat_lodging_Ben,339.84,21.1,5.0,19.4,1007.6,2.1,5,1,6,158,32516.0,1949.0,Mixed
2016-06-06 06:00:00,Rat_lodging_Ben,377.03,21.7,4.0,18.9,1007.8,0.0,6,1,6,158,32516.0,1949.0,Mixed
2016-06-06 07:00:00,Rat_lodging_Ben,415.12,23.3,4.0,18.9,1008.1,2.6,7,1,6,158,32516.0,1949.0,Mixed
2016-06-06 08:00:00,Rat_lodging_Ben,435.77,25.0,2.0,18.9,1008.2,3.1,8,1,6,158,32516.0,1949.0,Mixed
2016-06-06 09:00:00,Rat_lodging_Ben,449.39,26.7,2.0,16.1,1008.0,4.6,9,1,6,158,32516.0,1949.0,Mixed
2016-06-06 10:00:00,Rat_lodging_Ben,440.58,27.2,2.0,16.1,1007.7,5.7,10,1,6,158,32516.0,1949.0,Mixed
2016-06-06 11:00:00,Rat_lodging_Ben,450.94,28.3,4.0,14.4,1007.7,5.7,11,1,6,158,32516.0,1949.0,Mixed
2016-06-06 12:00:00,Rat_lodging_Ben,446.2,28.9,4.0,14.4,1007.6,5.7,12,1,6,158,32516.0,1949.0,Mixed
2016-06-06 13:00:00,Rat_lodging_Ben,450.34,30.0,4.0,15.0,1007.4,5.7,13,1,6,158,32516.0,1949.0,Mixed
2016-06-06 14:00:00,Rat_lodging_Ben,456.39,30.0,4.0,15.0,1006.9,2.1,14,1,6,158,32516.0,1949.0,Mixed
2016-06-06 15:00:00,Rat_lodging_Ben,452.61,28.9,5.0,14.4,1006.1,2.1,15,1,6,158,32516.0,1949.0,Mixed
2016-06-06 16:00:00,Rat_lodging_Ben,440.44,29.4,6.0,13.9,1006.1,4.6,16,1,6,158,32516.0,1949.0,Mixed
2016-06-06 17:00:00,Rat_lodging_Ben,437.4,27.8,6.0,17.8,1005.8,4.6,17,1,6,158,32516.0,1949.0,Mixed
2016-06-06 18:00:00,Rat_lodging_Ben,431.15,27.2,6.0,16.1,1005.6,4.6,18,1,6,158,32516.0,1949.0,Mixed
2016-06-06 19:00:00,Rat_lodging_Ben,432.73,26.7,6.0,17.2,1005.4,5.7,19,1,6,158,32516.0,1949.0,Mixed
2016-06-06 20:00:00,Rat_lodging_Ben,417.41,26.1,6.666666666666667,17.8,1005.1,5.1,20,1,6,158,32516.0,1949.0,Mixed
2016-06-06 21:00:00,Rat_lodging_Ben,410.29,25.0,7.333333333333333,18.3,1005.0,4.1,21,1,6,158,32516.0,1949.0,Mixed
2016-06-06 22:00:00,Rat_lodging_Ben,393.61,23.9,8.0,18.9,1005.0,3.6,22,1,6,158,32516.0,1949.0,Mixed
2016-06-06 23:00:00,Rat_lodging_Ben,382.14,24.4,7.333333333333333,19.4,1004.8,4.1,23,1,6,158,32516.0,1949.0,Mixed
2016-06-07 00:00:00,Rat_lodging_Ben,376.66,24.4,6.666666666666667,20.0,1004.5,3.6,0,2,6,159,32516.0,1949.0,Mixed
2016-06-07 01:00:00,Rat_lodging_Ben,362.51,23.9,6.0,20.0,1004.2,4.6,1,2,6,159,32516.0,1949.0,Mixed
2016-06-07 02:00:00,Rat_lodging_Ben,359.59,23.3,5.0,20.0,1003.4,4.1,2,2,6,159,32516.0,1949.0,Mixed
2016-06-07 03:00:00,Rat_lodging_Ben,355.58,22.2,4.0,20.0,1003.1,3.1,3,2,6,159,32516.0,1949.0,Mixed
2016-06-07 04:00:00,Rat_lodging_Ben,351.6,21.7,4.0,20.0,1002.6,3.1,4,2,6,159,32516.0,1949.0,Mixed
2016-06-07 05:00:00,Rat_lodging_Ben,361.21,21.1,4.0,20.0,1003.0,1.5,5,2,6,159,32516.0,1949.0,Mixed
2016-06-07 06:00:00,Rat_lodging_Ben,393.39,21.7,2.0,20.0,1003.2,2.6,6,2,6,159,32516.0,1949.0,Mixed
2016-06-07 07:00:00,Rat_lodging_Ben,420.28,23.3,4.0,19.4,1003.2,2.6,7,2,6,159,32516.0,1949.0,Mixed
2016-06-07 08:00:00,Rat_lodging_Ben,433.91,23.3,2.0,19.4,1002.7,3.1,8,2,6,159,32516.0,1949.0,Mixed
2016-06-07 09:00:00,Rat_lodging_Ben,441.55,25.6,2.0,19.4,1002.3,3.1,9,2,6,159,32516.0,1949.0,Mixed
2016-06-07 10:00:00,Rat_lodging_Ben,459.62,27.8,2.0,16.1,1001.9,2.1,10,2,6,159,32516.0,1949.0,Mixed
2016-06-07 11:00:00,Rat_lodging_Ben,457.85,28.9,4.0,16.7,1001.3,1.5,11,2,6,159,32516.0,1949.0,Mixed
2016-06-07 12:00:00,Rat_lodging_Ben,484.49,27.8,5.0,15.0,1001.0,2.6,12,2,6,159,32516.0,1949.0,Mixed
2016-06-07 13:00:00,Rat_lodging_Ben,464.2,30.0,6.0,15.0,1000.2,0.0,13,2,6,159,32516.0,1949.0,Mixed
2016-06-07 14:00:00,Rat_lodging_Ben,471.93,30.0,6.0,13.9,999.5,4.1,14,2,6,159,32516.0,1949.0,Mixed
2016-06-07 15:00:00,Rat_lodging_Ben,471.82,27.2,6.0,12.8,999.6,11.3,15,2,6,159,32516.0,1949.0,Mixed
2016-06-07 16:00:00,Rat_lodging_Ben,459.48,26.7,6.0,13.3,999.85,10.0,16,2,6,159,32516.0,1949.0,Mixed
2016-06-07 17:00:00,Rat_lodging_Ben,457.99,27.8,4.0,11.1,1000.1,7.7,17,2,6,159,32516.0,1949.0,Mixed
2016-06-07 18:00:00,Rat_lodging_Ben,447.44,26.7,4.0,11.7,1001.0,6.7,18,2,6,159,32516.0,1949.0,Mixed
2016-06-07 19:00:00,Rat_lodging_Ben,424.79,26.1,4.0,10.0,1002.0,7.7,19,2,6,159,32516.0,1949.0,Mixed
2016-06-07 20:00:00,Rat_lodging_Ben,416.91,23.9,2.0,11.1,1003.6,6.2,20,2,6,159,32516.0,1949.0,Mixed
2016-06-07 21:00:00,Rat_lodging_Ben,398.77,22.8,2.0,10.6,1004.7,7.2,21,2,6,159,32516.0,1949.0,Mixed
2016-06-07 22:00:00,Rat_lodging_Ben,369.07,18.9,2.0,10.0,1005.3,5.7,22,2,6,159,32516.0,1949.0,Mixed
2016-06-07 23:00:00,Rat_lodging_Ben,349.78,20.6,0.0,10.0,1006.2,4.1,23,2,6,159,32516.0,1949.0,Mixed
2016-06-08 00:00:00,Rat_lodging_Ben,337.16,20.0,0.0,10.0,1006.4,4.6,0,3,6,160,32516.0,1949.0,Mixed
2016-06-08 01:00:00,Rat_lodging_Ben,322.55,18.9,0.0,10.0,1006.8,5.1,1,3,6,160,32516.0,1949.0,Mixed
2016-06-08 02:00:00,Rat_lodging_Ben,310.81,18.9,0.0,10.0,1006.8,4.6,2,3,6,160,32516.0,1949.0,Mixed
2016-06-08 03:00:00,Rat_lodging_Ben,309.63,17.8,0.0,10.6,1006.7,2.6,3,3,6,160,32516.0,1949.0,Mixed
2016-06-08 04:00:00,Rat_lodging_Ben,314.38,18.3,2.0,10.0,1006.7,2.6,4,3,6,160,32516.0,1949.0,Mixed
2016-06-08 05:00:00,Rat_lodging_Ben,321.68,17.8,2.0,10.0,1007.0,4.1,5,3,6,160,32516.0,1949.0,Mixed
2016-06-08 06:00:00,Rat_lodging_Ben,351.39,18.9,2.0,10.0,1007.2,4.1,6,3,6,160,32516.0,1949.0,Mixed
2016-06-08 07:00:00,Rat_lodging_Ben,373.24,20.0,6.0,10.6,1007.3,4.6,7,3,6,160,32516.0,1949.0,Mixed
2016-06-08 08:00:00,Rat_lodging_Ben,394.62,20.6,5.0,10.6,1007.3,5.7,8,3,6,160,32516.0,1949.0,Mixed
2016-06-08 09:00:00,Rat_lodging_Ben,410.05,22.2,4.0,10.0,1006.8,8.8,9,3,6,160,32516.0,1949.0,Mixed
2016-06-08 10:00:00,Rat_lodging_Ben,413.22,22.8,4.0,6.7,1006.6,8.2,10,3,6,160,32516.0,1949.0,Mixed
2016-06-08 11:00:00,Rat_lodging_Ben,399.82,20.0,4.0,9.4,1008.4,9.3,11,3,6,160,32516.0,1949.0,Mixed
2016-06-08 12:00:00,Rat_lodging_Ben,401.4,21.7,4.0,6.1,1008.6,10.3,12,3,6,160,32516.0,1949.0,Mixed
2016-06-08 13:00:00,Rat_lodging_Ben,400.44,21.7,4.0,3.9,1008.8,10.3,13,3,6,160,32516.0,1949.0,Mixed
2016-06-08 14:00:00,Rat_lodging_Ben,396.89,22.2,4.0,4.4,1009.3,9.8,14,3,6,160,32516.0,1949.0,Mixed
2016-06-08 15:00:00,Rat_lodging_Ben,402.67,21.7,2.0,3.9,1009.8,6.7,15,3,6,160,32516.0,1949.0,Mixed
2016-06-08 16:00:00,Rat_lodging_Ben,395.12,22.2,4.0,3.3,1010.2,10.3,16,3,6,160,32516.0,1949.0,Mixed
2016-06-08 17:00:00,Rat_lodging_Ben,387.19,22.2,2.0,3.9,1010.6,7.7,17,3,6,160,32516.0,1949.0,Mixed
2016-06-08 18:00:00,Rat_lodging_Ben,384.65,21.1,2.0,3.9,1010.9,8.8,18,3,6,160,32516.0,1949.0,Mixed
2016-06-08 19:00:00,Rat_lodging_Ben,367.1,20.6,2.0,3.9,1011.9,6.2,19,3,6,160,32516.0,1949.0,Mixed
2016-06-08 20:00:00,Rat_lodging_Ben,354.55,19.4,2.0,3.9,1012.4,7.2,20,3,6,160,32516.0,1949.0,Mixed
2016-06-08 21:00:00,Rat_lodging_Ben,345.22,18.9,0.0,4.4,1013.0,3.1,21,3,6,160,32516.0,1949.0,Mixed
2016-06-08 22:00:00,Rat_lodging_Ben,322.19,18.3,0.0,5.0,1013.5,3.6,22,3,6,160,32516.0,1949.0,Mixed
2016-06-08 23:00:00,Rat_lodging_Ben,314.18,17.2,0.0,5.0,1013.9,3.6,23,3,6,160,32516.0,1949.0,Mixed
2016-06-09 00:00:00,Rat_lodging_Ben,300.6,16.7,0.0,5.6,1013.8,3.6,0,4,6,161,32516.0,1949.0,Mixed
2016-06-09 01:00:00,Rat_lodging_Ben,287.44,16.1,0.0,6.1,1014.2,2.1,1,4,6,161,32516.0,1949.0,Mixed
2016-06-09 02:00:00,Rat_lodging_Ben,283.42,14.4,0.0,7.2,1014.5,2.6,2,4,6,161,32516.0,1949.0,Mixed
2016-06-09 03:00:00,Rat_lodging_Ben,273.7,13.9,0.0,7.2,1014.7,2.1,3,4,6,161,32516.0,1949.0,Mixed
2016-06-09 04:00:00,Rat_lodging_Ben,276.83,13.3,0.0,7.2,1014.7,1.5,4,4,6,161,32516.0,1949.0,Mixed
2016-06-09 05:00:00,Rat_lodging_Ben,283.35,11.7,2.0,8.3,1014.8,1.5,5,4,6,161,32516.0,1949.0,Mixed
2016-06-09 06:00:00,Rat_lodging_Ben,314.35,15.0,2.0,8.3,1015.3,2.1,6,4,6,161,32516.0,1949.0,Mixed
2016-06-09 07:00:00,Rat_lodging_Ben,314.95,17.8,2.0,8.3,1015.7,4.6,7,4,6,161,32516.0,1949.0,Mixed
2016-06-09 08:00:00,Rat_lodging_Ben,362.14,20.6,4.0,8.3,1015.7,5.7,8,4,6,161,32516.0,1949.0,Mixed
2016-06-09 09:00:00,Rat_lodging_Ben,390.03,21.7,4.0,8.9,1015.2,3.6,9,4,6,161,32516.0,1949.0,Mixed
2016-06-09 10:00:00,Rat_lodging_Ben,398.73,22.8,4.0,9.4,1014.9,5.1,10,4,6,161,32516.0,1949.0,Mixed
2016-06-09 11:00:00,Rat_lodging_Ben,411.61,23.9,4.0,8.9,1014.5,7.2,11,4,6,161,32516.0,1949.0,Mixed
2016-06-09 12:00:00,Rat_lodging_Ben,407.35,25.0,4.0,8.3,1014.0,3.1,12,4,6,161,32516.0,1949.0,Mixed
2016-06-09 13:00:00,Rat_lodging_Ben,414.29,26.1,2.0,8.3,1013.4,5.7,13,4,6,161,32516.0,1949.0,Mixed
2016-06-09 14:00:00,Rat_lodging_Ben,427.42,26.7,2.0,8.3,1012.8,5.1,14,4,6,161,32516.0,1949.0,Mixed
2016-06-09 15:00:00,Rat_lodging_Ben,427.6,27.2,2.0,7.2,1012.5,6.2,15,4,6,161,32516.0,1949.0,Mixed
2016-06-09 16:00:00,Rat_lodging_Ben,425.63,27.8,2.0,7.2,1012.2,4.6,16,4,6,161,32516.0,1949.0,Mixed
2016-06-09 17:00:00,Rat_lodging_Ben,415.24,27.2,2.0,7.2,1012.1,5.1,17,4,6,161,32516.0,1949.0,Mixed
2016-06-09 18:00:00,Rat_lodging_Ben,402.63,26.1,4.0,7.2,1012.0,5.7,18,4,6,161,32516.0,1949.0,Mixed
2016-06-09 19:00:00,Rat_lodging_Ben,399.73,25.0,6.0,6.1,1012.6,4.6,19,4,6,161,32516.0,1949.0,Mixed
2016-06-09 20:00:00,Rat_lodging_Ben,392.61,24.4,4.0,5.0,1012.8,5.1,20,4,6,161,32516.0,1949.0,Mixed
2016-06-09 21:00:00,Rat_lodging_Ben,366.41,23.3,2.0,4.4,1013.9,4.1,21,4,6,161,32516.0,1949.0,Mixed
2016-06-09 22:00:00,Rat_lodging_Ben,344.98,23.3,2.0,3.9,1014.8,4.6,22,4,6,161,32516.0,1949.0,Mixed
2016-06-09 23:00:00,Rat_lodging_Ben,322.29,20.6,2.0,5.0,1015.2,5.1,23,4,6,161,32516.0,1949.0,Mixed
2016-06-10 00:00:00,Rat_lodging_Ben,311.71,20.6,4.0,4.4,1015.8,5.1,0,5,6,162,32516.0,1949.0,Mixed
2016-06-10 01:00:00,Rat_lodging_Ben,304.34,19.4,6.0,4.4,1016.2,3.6,1,5,6,162,32516.0,1949.0,Mixed
2016-06-10 02:00:00,Rat_lodging_Ben,298.13,18.9,5.333333333333333,5.0,1016.5,5.1,2,5,6,162,32516.0,1949.0,Mixed
2016-06-10 03:00:00,Rat_lodging_Ben,292.22,20.0,4.666666666666667,2.8,1017.0,5.7,3,5,6,162,32516.0,1949.0,Mixed
2016-06-10 04:00:00,Rat_lodging_Ben,296.97,18.3,4.0,3.3,1017.6,4.6,4,5,6,162,32516.0,1949.0,Mixed
2016-06-10 05:00:00,Rat_lodging_Ben,307.8,17.2,4.0,3.3,1018.5,4.1,5,5,6,162,32516.0,1949.0,Mixed
2016-06-10 06:00:00,Rat_lodging_Ben,338.23,18.3,4.0,6.7,1018.7,3.1,6,5,6,162,32516.0,1949.0,Mixed
2016-06-10 07:00:00,Rat_lodging_Ben,366.83,20.0,4.0,5.6,1019.2,5.1,7,5,6,162,32516.0,1949.0,Mixed
2016-06-10 08:00:00,Rat_lodging_Ben,373.88,21.1,4.0,5.6,1019.3,8.2,8,5,6,162,32516.0,1949.0,Mixed
2016-06-10 09:00:00,Rat_lodging_Ben,398.07,21.7,4.0,6.1,1019.6,6.2,9,5,6,162,32516.0,1949.0,Mixed
2016-06-10 10:00:00,Rat_lodging_Ben,411.95,23.3,6.0,7.2,1019.7,5.7,10,5,6,162,32516.0,1949.0,Mixed
2016-06-10 11:00:00,Rat_lodging_Ben,423.39,24.4,6.666666666666667,8.3,1019.7,4.6,11,5,6,162,32516.0,1949.0,Mixed
2016-06-10 12:00:00,Rat_lodging_Ben,432.4,25.6,7.333333333333333,9.4,1019.4,5.7,12,5,6,162,32516.0,1949.0,Mixed
2016-06-10 13:00:00,Rat_lodging_Ben,434.1,26.1,8.0,9.4,1018.6,7.2,13,5,6,162,32516.0,1949.0,Mixed
2016-06-10 14:00:00,Rat_lodging_Ben,469.38,27.2,8.0,9.4,1018.2,6.2,14,5,6,162,32516.0,1949.0,Mixed
2016-06-10 15:00:00,Rat_lodging_Ben,463.89,27.2,8.0,10.0,1017.8,5.7,15,5,6,162,32516.0,1949.0,Mixed
2016-06-10 16:00:00,Rat_lodging_Ben,465.66,27.2,8.0,10.6,1017.2,6.2,16,5,6,162,32516.0,1949.0,Mixed
2016-06-10 17:00:00,Rat_lodging_Ben,453.52,27.2,7.333333333333333,11.7,1016.8,3.6,17,5,6,162,32516.0,1949.0,Mixed
2016-06-10 18:00:00,Rat_lodging_Ben,445.32,26.7,6.666666666666667,11.1,1016.9,3.6,18,5,6,162,32516.0,1949.0,Mixed
2016-06-10 19:00:00,Rat_lodging_Ben,448.76,26.1,6.0,11.7,1017.2,2.6,19,5,6,162,32516.0,1949.0,Mixed
2016-06-10 20:00:00,Rat_lodging_Ben,436.91,26.1,5.0,11.1,1017.3,0.0,20,5,6,162,32516.0,1949.0,Mixed
2016-06-10 21:00:00,Rat_lodging_Ben,420.0,23.3,4.0,16.1,1017.5,2.6,21,5,6,162,32516.0,1949.0,Mixed
2016-06-10 22:00:00,Rat_lodging_Ben,397.08,22.8,6.0,15.0,1017.9,1.5,22,5,6,162,32516.0,1949.0,Mixed
2016-06-10 23:00:00,Rat_lodging_Ben,386.02,22.2,5.333333333333333,13.9,1018.0,1.5,23,5,6,162,32516.0,1949.0,Mixed
2016-06-11 00:00:00,Rat_lodging_Ben,367.63,21.1,4.666666666666667,15.0,1017.9,3.1,0,6,6,163,32516.0,1949.0,Mixed
2016-06-11 01:00:00,Rat_lodging_Ben,361.48,20.6,4.0,15.0,1017.8,2.6,1,6,6,163,32516.0,1949.0,Mixed
2016-06-11 02:00:00,Rat_lodging_Ben,355.25,21.1,4.0,15.6,1017.3,3.6,2,6,6,163,32516.0,1949.0,Mixed
2016-06-11 03:00:00,Rat_lodging_Ben,346.17,20.0,4.0,15.6,1017.0,2.6,3,6,6,163,32516.0,1949.0,Mixed
2016-06-11 04:00:00,Rat_lodging_Ben,338.51,20.0,2.0,16.1,1016.9,0.0,4,6,6,163,32516.0,1949.0,Mixed
2016-06-11 05:00:00,Rat_lodging_Ben,320.82,19.4,3.0,16.1,1016.6,2.6,5,6,6,163,32516.0,1949.0,Mixed
2016-06-11 06:00:00,Rat_lodging_Ben,339.49,20.0,4.0,16.1,1016.7,2.1,6,6,6,163,32516.0,1949.0,Mixed
2016-06-11 07:00:00,Rat_lodging_Ben,363.06,21.7,6.0,16.7,1016.8,2.1,7,6,6,163,32516.0,1949.0,Mixed
2016-06-11 08:00:00,Rat_lodging_Ben,410.59,22.2,6.0,17.2,1016.6,4.1,8,6,6,163,32516.0,1949.0,Mixed
2016-06-11 09:00:00,Rat_lodging_Ben,433.15,23.9,6.0,18.9,1016.1,5.1,9,6,6,163,32516.0,1949.0,Mixed
2016-06-11 10:00:00,Rat_lodging_Ben,442.7,25.0,6.0,18.9,1015.6,5.1,10,6,6,163,32516.0,1949.0,Mixed
2016-06-11 11:00:00,Rat_lodging_Ben,458.17,27.2,6.0,19.4,1015.1,5.1,11,6,6,163,32516.0,1949.0,Mixed
2016-06-11 12:00:00,Rat_lodging_Ben,463.45,29.4,6.0,20.0,1014.5,5.1,12,6,6,163,32516.0,1949.0,Mixed
2016-06-11 13:00:00,Rat_lodging_Ben,463.91,32.2,6.0,20.6,1013.4,6.7,13,6,6,163,32516.0,1949.0,Mixed
2016-06-11 14:00:00,Rat_lodging_Ben,469.46,33.9,6.0,20.0,1012.2,7.7,14,6,6,163,32516.0,1949.0,Mixed
2016-06-11 15:00:00,Rat_lodging_Ben,470.77,33.9,6.0,20.0,1011.8,8.8,15,6,6,163,32516.0,1949.0,Mixed
2016-06-11 16:00:00,Rat_lodging_Ben,462.81,33.9,6.0,20.0,1011.4,7.2,16,6,6,163,32516.0,1949.0,Mixed
2016-06-11 17:00:00,Rat_lodging_Ben,469.5,35.6,6.0,15.6,1010.8,7.7,17,6,6,163,32516.0,1949.0,Mixed
2016-06-11 18:00:00,Rat_lodging_Ben,458.02,35.0,6.0,14.4,1010.9,4.6,18,6,6,163,32516.0,1949.0,Mixed
2016-06-11 19:00:00,Rat_lodging_Ben,453.34,33.9,6.0,14.4,1011.0,4.6,19,6,6,163,32516.0,1949.0,Mixed
2016-06-11 20:00:00,Rat_lodging_Ben,450.9,31.1,5.0,20.0,1011.0,3.1,20,6,6,163,32516.0,1949.0,Mixed
2016-06-11 21:00:00,Rat_lodging_Ben,442.57,29.4,4.0,20.6,1011.5,3.1,21,6,6,163,32516.0,1949.0,Mixed
2016-06-11 22:00:00,Rat_lodging_Ben,426.48,28.3,4.0,20.0,1011.4,3.6,22,6,6,163,32516.0,1949.0,Mixed
2016-06-11 23:00:00,Rat_lodging_Ben,418.78,27.8,4.0,18.9,1011.1,3.6,23,6,6,163,32516.0,1949.0,Mixed
2016-06-12 00:00:00,Rat_lodging_Ben,415.31,25.6,4.0,21.1,1010.9,4.1,0,7,6,164,32516.0,1949.0,Mixed
2016-06-12 01:00:00,Rat_lodging_Ben,405.13,27.2,6.0,16.7,1010.7,2.1,1,7,6,164,32516.0,1949.0,Mixed
2016-06-12 02:00:00,Rat_lodging_Ben,410.92,26.1,6.0,16.7,1010.3,3.1,2,7,6,164,32516.0,1949.0,Mixed
2016-06-12 03:00:00,Rat_lodging_Ben,405.74,25.0,6.0,18.9,1009.8,3.6,3,7,6,164,32516.0,1949.0,Mixed
2016-06-12 04:00:00,Rat_lodging_Ben,397.97,24.4,6.0,16.7,1009.6,4.1,4,7,6,164,32516.0,1949.0,Mixed
2016-06-12 05:00:00,Rat_lodging_Ben,400.21,24.4,6.0,18.3,1009.7,3.6,5,7,6,164,32516.0,1949.0,Mixed
2016-06-12 06:00:00,Rat_lodging_Ben,418.72,25.6,6.0,17.8,1009.6,4.1,6,7,6,164,32516.0,1949.0,Mixed
2016-06-12 07:00:00,Rat_lodging_Ben,433.45,26.1,6.0,18.9,1009.5,3.6,7,7,6,164,32516.0,1949.0,Mixed
2016-06-12 08:00:00,Rat_lodging_Ben,446.29,28.3,5.0,19.4,1009.0,4.1,8,7,6,164,32516.0,1949.0,Mixed
2016-06-12 09:00:00,Rat_lodging_Ben,459.12,31.7,4.0,18.3,1009.0,8.2,9,7,6,164,32516.0,1949.0,Mixed
2016-06-12 10:00:00,Rat_lodging_Ben,464.06,32.2,4.0,18.3,1008.9,6.2,10,7,6,164,32516.0,1949.0,Mixed
2016-06-12 11:00:00,Rat_lodging_Ben,472.51,32.2,4.0,18.3,1008.6,9.3,11,7,6,164,32516.0,1949.0,Mixed
2016-06-12 12:00:00,Rat_lodging_Ben,479.12,32.8,4.0,18.3,1008.1,9.8,12,7,6,164,32516.0,1949.0,Mixed
2016-06-12 13:00:00,Rat_lodging_Ben,482.56,33.3,4.0,17.2,1007.3,7.7,13,7,6,164,32516.0,1949.0,Mixed
2016-06-12 14:00:00,Rat_lodging_Ben,464.93,33.9,2.0,13.9,1007.2,9.8,14,7,6,164,32516.0,1949.0,Mixed
2016-06-12 15:00:00,Rat_lodging_Ben,460.62,33.3,4.0,11.1,1007.0,9.3,15,7,6,164,32516.0,1949.0,Mixed
2016-06-12 16:00:00,Rat_lodging_Ben,450.16,32.8,4.0,5.0,1007.4,9.8,16,7,6,164,32516.0,1949.0,Mixed
2016-06-12 17:00:00,Rat_lodging_Ben,436.71,31.1,4.0,5.0,1007.7,8.2,17,7,6,164,32516.0,1949.0,Mixed
2016-06-12 18:00:00,Rat_lodging_Ben,423.54,30.0,4.0,1.1,1008.3,10.3,18,7,6,164,32516.0,1949.0,Mixed
2016-06-12 19:00:00,Rat_lodging_Ben,410.57,28.3,4.0,1.7,1009.0,7.7,19,7,6,164,32516.0,1949.0,Mixed
2016-06-12 20:00:00,Rat_lodging_Ben,412.39,26.1,4.0,2.8,1009.7,5.7,20,7,6,164,32516.0,1949.0,Mixed
2016-06-12 21:00:00,Rat_lodging_Ben,402.97,25.0,2.0,3.3,1010.8,7.2,21,7,6,164,32516.0,1949.0,Mixed
2016-06-12 22:00:00,Rat_lodging_Ben,383.75,24.4,0.0,3.9,1011.6,6.2,22,7,6,164,32516.0,1949.0,Mixed
2016-06-12 23:00:00,Rat_lodging_Ben,374.55,22.8,0.0,4.4,1012.0,5.1,23,7,6,164,32516.0,1949.0,Mixed
2016-06-13 00:00:00,Rat_lodging_Ben,357.72,21.1,3.0,5.6,1012.5,5.1,0,1,6,165,32516.0,1949.0,Mixed
2016-06-13 01:00:00,Rat_lodging_Ben,348.88,20.6,6.0,5.6,1012.7,5.7,1,1,6,165,32516.0,1949.0,Mixed
2016-06-13 02:00:00,Rat_lodging_Ben,336.68,19.4,4.666666666666667,6.7,1012.7,6.7,2,1,6,165,32516.0,1949.0,Mixed
2016-06-13 03:00:00,Rat_lodging_Ben,307.32,18.9,3.3333333333333335,7.2,1012.7,7.2,3,1,6,165,32516.0,1949.0,Mixed
2016-06-13 04:00:00,Rat_lodging_Ben,294.26,18.3,2.0,7.8,1013.3,5.7,4,1,6,165,32516.0,1949.0,Mixed
2016-06-13 05:00:00,Rat_lodging_Ben,295.59,17.8,2.0,8.3,1014.2,6.7,5,1,6,165,32516.0,1949.0,Mixed
2016-06-13 06:00:00,Rat_lodging_Ben,323.31,18.3,4.0,8.3,1014.7,6.2,6,1,6,165,32516.0,1949.0,Mixed
2016-06-13 07:00:00,Rat_lodging_Ben,345.81,18.9,6.0,9.4,1014.9,7.2,7,1,6,165,32516.0,1949.0,Mixed
2016-06-13 08:00:00,Rat_lodging_Ben,369.85,20.0,6.0,8.9,1015.2,7.2,8,1,6,165,32516.0,1949.0,Mixed
2016-06-13 09:00:00,Rat_lodging_Ben,404.77,20.6,6.0,9.4,1015.1,6.2,9,1,6,165,32516.0,1949.0,Mixed
2016-06-13 10:00:00,Rat_lodging_Ben,452.15,22.2,6.0,9.4,1015.3,6.2,10,1,6,165,32516.0,1949.0,Mixed
2016-06-13 11:00:00,Rat_lodging_Ben,451.81,22.2,4.0,10.0,1014.4,4.1,11,1,6,165,32516.0,1949.0,Mixed
2016-06-13 12:00:00,Rat_lodging_Ben,462.38,23.9,6.0,10.6,1013.8,3.6,12,1,6,165,32516.0,1949.0,Mixed
2016-06-13 13:00:00,Rat_lodging_Ben,451.5,25.0,8.0,11.1,1013.3,3.6,13,1,6,165,32516.0,1949.0,Mixed
2016-06-13 14:00:00,Rat_lodging_Ben,443.58,26.1,7.333333333333333,11.1,1012.6,4.1,14,1,6,165,32516.0,1949.0,Mixed
2016-06-13 15:00:00,Rat_lodging_Ben,457.07,26.7,6.666666666666667,11.7,1012.1,2.6,15,1,6,165,32516.0,1949.0,Mixed
2016-06-13 16:00:00,Rat_lodging_Ben,473.01,26.1,6.0,11.7,1011.2,5.1,16,1,6,165,32516.0,1949.0,Mixed
2016-06-13 17:00:00,Rat_lodging_Ben,464.32,26.7,6.0,11.1,1011.2,5.7,17,1,6,165,32516.0,1949.0,Mixed
2016-06-13 18:00:00,Rat_lodging_Ben,457.49,26.1,6.0,11.1,1011.2,4.1,18,1,6,165,32516.0,1949.0,Mixed
2016-06-13 19:00:00,Rat_lodging_Ben,454.77,25.6,6.0,11.1,1011.2,4.6,19,1,6,165,32516.0,1949.0,Mixed
2016-06-13 20:00:00,Rat_lodging_Ben,446.09,25.0,6.666666666666667,11.7,1011.1,2.6,20,1,6,165,32516.0,1949.0,Mixed
2016-06-13 21:00:00,Rat_lodging_Ben,431.67,25.0,7.333333333333333,11.7,1010.8,2.1,21,1,6,165,32516.0,1949.0,Mixed
2016-06-13 22:00:00,Rat_lodging_Ben,408.17,25.0,8.0,12.2,1011.2,4.1,22,1,6,165,32516.0,1949.0,Mixed
2016-06-13 23:00:00,Rat_lodging_Ben,396.54,24.4,8.0,12.2,1011.5,3.6,23,1,6,165,32516.0,1949.0,Mixed
2016-06-14 00:00:00,Rat_lodging_Ben,387.17,23.9,8.0,12.8,1012.0,3.6,0,2,6,166,32516.0,1949.0,Mixed
2016-06-14 01:00:00,Rat_lodging_Ben,388.55,23.3,8.0,11.7,1012.2,5.1,1,2,6,166,32516.0,1949.0,Mixed
2016-06-14 02:00:00,Rat_lodging_Ben,378.48,22.8,8.0,11.7,1012.2,4.1,2,2,6,166,32516.0,1949.0,Mixed
2016-06-14 03:00:00,Rat_lodging_Ben,382.64,22.2,8.0,11.1,1012.5,5.1,3,2,6,166,32516.0,1949.0,Mixed
2016-06-14 04:00:00,Rat_lodging_Ben,388.07,22.2,8.0,10.6,1013.2,5.1,4,2,6,166,32516.0,1949.0,Mixed
2016-06-14 05:00:00,Rat_lodging_Ben,380.31,21.7,7.333333333333333,10.0,1014.1,6.7,5,2,6,166,32516.0,1949.0,Mixed
2016-06-14 06:00:00,Rat_lodging_Ben,397.45,21.1,6.666666666666667,10.0,1014.7,6.2,6,2,6,166,32516.0,1949.0,Mixed
2016-06-14 07:00:00,Rat_lodging_Ben,427.14,21.7,6.0,10.0,1015.2,6.2,7,2,6,166,32516.0,1949.0,Mixed
2016-06-14 08:00:00,Rat_lodging_Ben,423.62,22.2,6.0,10.0,1016.1,5.7,8,2,6,166,32516.0,1949.0,Mixed
2016-06-14 09:00:00,Rat_lodging_Ben,429.27,22.8,6.0,10.0,1016.0,3.6,9,2,6,166,32516.0,1949.0,Mixed
2016-06-14 10:00:00,Rat_lodging_Ben,441.94,23.9,6.0,9.4,1016.1,4.6,10,2,6,166,32516.0,1949.0,Mixed
2016-06-14 11:00:00,Rat_lodging_Ben,442.76,24.4,5.333333333333333,7.2,1015.8,3.1,11,2,6,166,32516.0,1949.0,Mixed
2016-06-14 12:00:00,Rat_lodging_Ben,450.46,25.0,4.666666666666667,7.2,1015.8,2.6,12,2,6,166,32516.0,1949.0,Mixed
2016-06-14 13:00:00,Rat_lodging_Ben,465.11,25.6,4.0,8.9,1015.3,3.1,13,2,6,166,32516.0,1949.0,Mixed
2016-06-14 14:00:00,Rat_lodging_Ben,478.62,25.6,4.0,8.3,1015.2,2.1,14,2,6,166,32516.0,1949.0,Mixed
2016-06-14 15:00:00,Rat_lodging_Ben,467.61,26.1,4.0,8.3,1014.7,2.6,15,2,6,166,32516.0,1949.0,Mixed
2016-06-14 16:00:00,Rat_lodging_Ben,477.9,26.7,4.0,8.9,1014.5,2.1,16,2,6,166,32516.0,1949.0,Mixed
2016-06-14 17:00:00,Rat_lodging_Ben,465.91,26.7,4.0,8.9,1014.0,3.1,17,2,6,166,32516.0,1949.0,Mixed
2016-06-14 18:00:00,Rat_lodging_Ben,452.13,26.1,4.0,9.4,1014.0,1.5,18,2,6,166,32516.0,1949.0,Mixed
2016-06-14 19:00:00,Rat_lodging_Ben,443.88,25.0,4.0,12.2,1014.6,4.6,19,2,6,166,32516.0,1949.0,Mixed
2016-06-14 20:00:00,Rat_lodging_Ben,443.73,22.8,4.0,12.2,1015.2,4.1,20,2,6,166,32516.0,1949.0,Mixed
2016-06-14 21:00:00,Rat_lodging_Ben,418.72,21.7,4.0,11.1,1016.2,2.6,21,2,6,166,32516.0,1949.0,Mixed
2016-06-14 22:00:00,Rat_lodging_Ben,396.01,20.6,4.0,11.1,1016.5,2.6,22,2,6,166,32516.0,1949.0,Mixed
2016-06-14 23:00:00,Rat_lodging_Ben,391.23,20.6,4.0,13.3,1016.9,4.1,23,2,6,166,32516.0,1949.0,Mixed
2016-06-15 00:00:00,Rat_lodging_Ben,366.52,19.4,4.0,14.4,1016.5,2.1,0,3,6,167,32516.0,1949.0,Mixed
2016-06-15 01:00:00,Rat_lodging_Ben,351.04,19.4,6.0,14.4,1016.2,2.1,1,3,6,167,32516.0,1949.0,Mixed
2016-06-15 02:00:00,Rat_lodging_Ben,340.68,19.4,6.666666666666667,14.4,1015.5,2.1,2,3,6,167,32516.0,1949.0,Mixed
2016-06-15 03:00:00,Rat_lodging_Ben,331.73,19.4,7.333333333333333,15.0,1015.5,1.5,3,3,6,167,32516.0,1949.0,Mixed
2016-06-15 04:00:00,Rat_lodging_Ben,334.78,20.0,8.0,15.6,1015.4,2.6,4,3,6,167,32516.0,1949.0,Mixed
2016-06-15 05:00:00,Rat_lodging_Ben,341.81,20.0,8.0,16.1,1016.0,3.6,5,3,6,167,32516.0,1949.0,Mixed
2016-06-15 06:00:00,Rat_lodging_Ben,377.92,20.0,8.0,16.7,1016.2,2.1,6,3,6,167,32516.0,1949.0,Mixed
2016-06-15 07:00:00,Rat_lodging_Ben,400.15,20.6,8.0,16.7,1016.2,1.5,7,3,6,167,32516.0,1949.0,Mixed
2016-06-15 08:00:00,Rat_lodging_Ben,431.8,21.1,8.0,17.2,1016.2,0.0,8,3,6,167,32516.0,1949.0,Mixed
2016-06-15 09:00:00,Rat_lodging_Ben,444.69,22.2,8.0,16.7,1015.8,2.6,9,3,6,167,32516.0,1949.0,Mixed
2016-06-15 10:00:00,Rat_lodging_Ben,456.47,23.3,8.0,16.1,1015.8,3.6,10,3,6,167,32516.0,1949.0,Mixed
2016-06-15 11:00:00,Rat_lodging_Ben,467.5,23.9,8.0,17.2,1015.2,1.5,11,3,6,167,32516.0,1949.0,Mixed
2016-06-15 12:00:00,Rat_lodging_Ben,476.77,25.6,8.0,17.2,1014.7,3.1,12,3,6,167,32516.0,1949.0,Mixed
2016-06-15 13:00:00,Rat_lodging_Ben,483.64,26.7,8.0,17.8,1013.7,3.6,13,3,6,167,32516.0,1949.0,Mixed
2016-06-15 14:00:00,Rat_lodging_Ben,483.82,26.7,7.333333333333333,18.3,1013.1,4.6,14,3,6,167,32516.0,1949.0,Mixed
2016-06-15 15:00:00,Rat_lodging_Ben,490.13,26.7,6.666666666666667,18.9,1012.1,3.6,15,3,6,167,32516.0,1949.0,Mixed
2016-06-15 16:00:00,Rat_lodging_Ben,489.16,27.2,6.0,19.4,1011.3,5.1,16,3,6,167,32516.0,1949.0,Mixed
2016-06-15 17:00:00,Rat_lodging_Ben,483.03,27.8,6.666666666666667,20.0,1010.6,5.7,17,3,6,167,32516.0,1949.0,Mixed
2016-06-15 18:00:00,Rat_lodging_Ben,463.04,26.1,7.333333333333333,19.4,1010.4,4.6,18,3,6,167,32516.0,1949.0,Mixed
2016-06-15 19:00:00,Rat_lodging_Ben,459.85,25.6,8.0,20.0,1009.9,3.6,19,3,6,167,32516.0,1949.0,Mixed
2016-06-15 20:00:00,Rat_lodging_Ben,450.23,25.0,8.0,18.9,1010.6,2.6,20,3,6,167,32516.0,1949.0,Mixed
2016-06-15 21:00:00,Rat_lodging_Ben,442.96,25.0,8.0,18.9,1010.6,3.1,21,3,6,167,32516.0,1949.0,Mixed
2016-06-15 22:00:00,Rat_lodging_Ben,417.66,24.4,8.0,19.4,1010.4,3.1,22,3,6,167,32516.0,1949.0,Mixed
2016-06-15 23:00:00,Rat_lodging_Ben,421.13,23.9,8.0,19.4,1010.1,2.1,23,3,6,167,32516.0,1949.0,Mixed
2016-06-16 00:00:00,Rat_lodging_Ben,406.37,23.9,8.0,20.0,1009.5,2.6,0,4,6,168,32516.0,1949.0,Mixed
2016-06-16 01:00:00,Rat_lodging_Ben,408.18,23.9,8.0,20.0,1008.7,2.1,1,4,6,168,32516.0,1949.0,Mixed
2016-06-16 02:00:00,Rat_lodging_Ben,403.27,22.8,8.0,20.6,1007.7,0.0,2,4,6,168,32516.0,1949.0,Mixed
2016-06-16 03:00:00,Rat_lodging_Ben,401.45,22.8,8.0,20.6,1006.8,1.5,3,4,6,168,32516.0,1949.0,Mixed
2016-06-16 04:00:00,Rat_lodging_Ben,414.29,22.8,8.0,20.6,1006.5,2.6,4,4,6,168,32516.0,1949.0,Mixed
2016-06-16 05:00:00,Rat_lodging_Ben,420.56,22.8,8.0,21.1,1006.85,3.6,5,4,6,168,32516.0,1949.0,Mixed
2016-06-16 06:00:00,Rat_lodging_Ben,440.46,22.2,8.0,20.6,1007.2,3.6,6,4,6,168,32516.0,1949.0,Mixed
2016-06-16 07:00:00,Rat_lodging_Ben,449.15,22.2,8.0,19.4,1007.9,3.6,7,4,6,168,32516.0,1949.0,Mixed
2016-06-16 08:00:00,Rat_lodging_Ben,462.86,22.2,8.0,20.0,1007.7,2.1,8,4,6,168,32516.0,1949.0,Mixed
2016-06-16 09:00:00,Rat_lodging_Ben,462.64,23.3,8.0,20.0,1007.5,2.6,9,4,6,168,32516.0,1949.0,Mixed
2016-06-16 10:00:00,Rat_lodging_Ben,479.57,23.9,8.0,20.6,1007.6,4.1,10,4,6,168,32516.0,1949.0,Mixed
2016-06-16 11:00:00,Rat_lodging_Ben,481.99,25.6,6.666666666666667,20.6,1008.0,3.6,11,4,6,168,32516.0,1949.0,Mixed
2016-06-16 12:00:00,Rat_lodging_Ben,490.22,27.2,5.333333333333334,20.0,1007.65,2.1,12,4,6,168,32516.0,1949.0,Mixed
2016-06-16 13:00:00,Rat_lodging_Ben,499.6,28.9,4.0,20.0,1007.3,2.1,13,4,6,168,32516.0,1949.0,Mixed
2016-06-16 14:00:00,Rat_lodging_Ben,511.05,30.0,4.666666666666667,20.0,1006.4,4.1,14,4,6,168,32516.0,1949.0,Mixed
2016-06-16 15:00:00,Rat_lodging_Ben,514.03,30.6,5.333333333333333,20.0,1005.7,4.1,15,4,6,168,32516.0,1949.0,Mixed
2016-06-16 16:00:00,Rat_lodging_Ben,505.16,30.0,6.0,20.6,1005.0,1.5,16,4,6,168,32516.0,1949.0,Mixed
2016-06-16 17:00:00,Rat_lodging_Ben,492.08,28.3,6.0,21.7,1004.1,5.7,17,4,6,168,32516.0,1949.0,Mixed
2016-06-16 18:00:00,Rat_lodging_Ben,485.46,26.7,6.0,21.1,1004.7,5.7,18,4,6,168,32516.0,1949.0,Mixed
2016-06-16 19:00:00,Rat_lodging_Ben,462.55,25.0,6.0,20.6,1005.0,6.2,19,4,6,168,32516.0,1949.0,Mixed
2016-06-16 20:00:00,Rat_lodging_Ben,451.02,22.8,6.666666666666667,20.0,1006.0,4.1,20,4,6,168,32516.0,1949.0,Mixed
2016-06-16 21:00:00,Rat_lodging_Ben,427.74,22.2,7.333333333333333,20.6,1007.6,6.2,21,4,6,168,32516.0,1949.0,Mixed
2016-06-16 22:00:00,Rat_lodging_Ben,401.8,21.1,8.0,20.0,1003.5,11.3,22,4,6,168,32516.0,1949.0,Mixed
2016-06-16 23:00:00,Rat_lodging_Ben,387.16,20.6,8.0,18.3,1006.7,4.6,23,4,6,168,32516.0,1949.0,Mixed
2016-06-17 00:00:00,Rat_lodging_Ben,371.08,20.6,8.0,18.3,1007.3,3.1,0,5,6,169,32516.0,1949.0,Mixed
2016-06-17 01:00:00,Rat_lodging_Ben,362.59,20.0,8.0,18.3,1007.2,5.1,1,5,6,169,32516.0,1949.0,Mixed
2016-06-17 02:00:00,Rat_lodging_Ben,360.41,19.4,8.0,18.3,1007.4,5.7,2,5,6,169,32516.0,1949.0,Mixed
2016-06-17 03:00:00,Rat_lodging_Ben,338.85,19.4,8.0,17.2,1007.6,6.7,3,5,6,169,32516.0,1949.0,Mixed
2016-06-17 04:00:00,Rat_lodging_Ben,337.3,18.9,8.0,16.1,1007.8,7.2,4,5,6,169,32516.0,1949.0,Mixed
2016-06-17 05:00:00,Rat_lodging_Ben,351.91,18.9,8.0,16.1,1008.6,4.6,5,5,6,169,32516.0,1949.0,Mixed
2016-06-17 06:00:00,Rat_lodging_Ben,376.46,18.9,8.0,16.1,1009.3,4.6,6,5,6,169,32516.0,1949.0,Mixed
2016-06-17 07:00:00,Rat_lodging_Ben,385.02,19.4,8.0,16.7,1009.8,5.1,7,5,6,169,32516.0,1949.0,Mixed
2016-06-17 08:00:00,Rat_lodging_Ben,397.0,20.6,8.0,16.7,1010.6,3.6,8,5,6,169,32516.0,1949.0,Mixed
2016-06-17 09:00:00,Rat_lodging_Ben,402.03,20.0,8.0,16.1,1012.0,5.7,9,5,6,169,32516.0,1949.0,Mixed
2016-06-17 10:00:00,Rat_lodging_Ben,431.45,21.1,8.0,17.2,1013.0,5.7,10,5,6,169,32516.0,1949.0,Mixed
2016-06-17 11:00:00,Rat_lodging_Ben,474.12,24.4,7.333333333333333,15.6,1012.9,7.2,11,5,6,169,32516.0,1949.0,Mixed
2016-06-17 12:00:00,Rat_lodging_Ben,477.34,26.1,6.666666666666667,14.4,1013.5,7.2,12,5,6,169,32516.0,1949.0,Mixed
2016-06-17 13:00:00,Rat_lodging_Ben,484.65,26.7,6.0,14.4,1013.9,4.1,13,5,6,169,32516.0,1949.0,Mixed
2016-06-17 14:00:00,Rat_lodging_Ben,489.49,27.2,2.0,15.6,1014.3,5.7,14,5,6,169,32516.0,1949.0,Mixed
2016-06-17 15:00:00,Rat_lodging_Ben,490.3,27.2,2.0,15.0,1014.4,4.6,15,5,6,169,32516.0,1949.0,Mixed
2016-06-17 16:00:00,Rat_lodging_Ben,479.82,27.2,2.0,15.0,1014.6,3.6,16,5,6,169,32516.0,1949.0,Mixed
2016-06-17 17:00:00,Rat_lodging_Ben,483.44,27.2,2.0,14.4,1014.6,2.6,17,5,6,169,32516.0,1949.0,Mixed
2016-06-17 18:00:00,Rat_lodging_Ben,476.74,26.7,2.0,13.9,1014.7,4.1,18,5,6,169,32516.0,1949.0,Mixed
2016-06-17 19:00:00,Rat_lodging_Ben,468.42,25.6,2.0,13.9,1015.3,3.6,19,5,6,169,32516.0,1949.0,Mixed
2016-06-17 20:00:00,Rat_lodging_Ben,465.02,24.4,4.0,13.3,1016.2,3.1,20,5,6,169,32516.0,1949.0,Mixed
2016-06-17 21:00:00,Rat_lodging_Ben,446.36,23.9,4.0,12.8,1017.7,3.1,21,5,6,169,32516.0,1949.0,Mixed
2016-06-17 22:00:00,Rat_lodging_Ben,424.3,22.8,4.0,13.3,1018.6,3.1,22,5,6,169,32516.0,1949.0,Mixed
2016-06-17 23:00:00,Rat_lodging_Ben,412.15,21.7,4.0,13.9,1019.1,3.1,23,5,6,169,32516.0,1949.0,Mixed
2016-06-18 00:00:00,Rat_lodging_Ben,392.04,21.1,5.0,13.9,1019.5,3.1,0,6,6,170,32516.0,1949.0,Mixed
2016-06-18 01:00:00,Rat_lodging_Ben,370.83,20.6,6.0,14.4,1019.8,1.5,1,6,6,170,32516.0,1949.0,Mixed
2016-06-18 02:00:00,Rat_lodging_Ben,357.5,20.0,5.333333333333333,14.4,1020.2,4.1,2,6,6,170,32516.0,1949.0,Mixed
2016-06-18 03:00:00,Rat_lodging_Ben,343.92,20.0,4.666666666666667,14.4,1020.2,1.5,3,6,6,170,32516.0,1949.0,Mixed
2016-06-18 04:00:00,Rat_lodging_Ben,345.04,19.4,4.0,13.9,1020.8,2.6,4,6,6,170,32516.0,1949.0,Mixed
2016-06-18 05:00:00,Rat_lodging_Ben,336.92,18.9,4.666666666666667,13.9,1021.6,2.6,5,6,6,170,32516.0,1949.0,Mixed
2016-06-18 06:00:00,Rat_lodging_Ben,358.08,20.0,5.333333333333333,14.4,1022.5,2.1,6,6,6,170,32516.0,1949.0,Mixed
2016-06-18 07:00:00,Rat_lodging_Ben,405.34,21.1,6.0,14.4,1023.3,2.6,7,6,6,170,32516.0,1949.0,Mixed
2016-06-18 08:00:00,Rat_lodging_Ben,429.27,22.2,2.0,14.4,1024.0,0.0,8,6,6,170,32516.0,1949.0,Mixed
2016-06-18 09:00:00,Rat_lodging_Ben,457.98,23.9,2.0,13.3,1023.8,1.5,9,6,6,170,32516.0,1949.0,Mixed
2016-06-18 10:00:00,Rat_lodging_Ben,462.63,25.6,0.0,12.2,1024.5,2.1,10,6,6,170,32516.0,1949.0,Mixed
2016-06-18 11:00:00,Rat_lodging_Ben,480.13,27.2,2.0,12.2,1024.9,0.0,11,6,6,170,32516.0,1949.0,Mixed
2016-06-18 12:00:00,Rat_lodging_Ben,476.21,27.8,2.0,12.2,1025.2,2.1,12,6,6,170,32516.0,1949.0,Mixed
2016-06-18 13:00:00,Rat_lodging_Ben,481.24,28.9,2.0,13.3,1025.1,1.5,13,6,6,170,32516.0,1949.0,Mixed
2016-06-18 14:00:00,Rat_lodging_Ben,484.38,28.9,4.0,11.7,1024.9,2.6,14,6,6,170,32516.0,1949.0,Mixed
2016-06-18 15:00:00,Rat_lodging_Ben,482.77,28.9,2.0,11.7,1024.5,3.1,15,6,6,170,32516.0,1949.0,Mixed
2016-06-18 16:00:00,Rat_lodging_Ben,473.15,29.4,4.0,10.6,1024.4,4.1,16,6,6,170,32516.0,1949.0,Mixed
2016-06-18 17:00:00,Rat_lodging_Ben,467.0,27.8,4.0,12.2,1024.3,6.2,17,6,6,170,32516.0,1949.0,Mixed
2016-06-18 18:00:00,Rat_lodging_Ben,464.95,27.2,4.0,12.8,1024.4,6.7,18,6,6,170,32516.0,1949.0,Mixed
2016-06-18 19:00:00,Rat_lodging_Ben,459.43,25.6,6.0,10.6,1024.8,5.1,19,6,6,170,32516.0,1949.0,Mixed
2016-06-18 20:00:00,Rat_lodging_Ben,444.91,24.4,6.0,10.6,1025.2,4.1,20,6,6,170,32516.0,1949.0,Mixed
2016-06-18 21:00:00,Rat_lodging_Ben,434.62,22.8,6.0,11.1,1026.2,3.6,21,6,6,170,32516.0,1949.0,Mixed
2016-06-18 22:00:00,Rat_lodging_Ben,406.61,22.2,6.0,12.2,1026.9,4.1,22,6,6,170,32516.0,1949.0,Mixed
2016-06-18 23:00:00,Rat_lodging_Ben,406.04,21.7,5.0,13.3,1027.1,4.1,23,6,6,170,32516.0,1949.0,Mixed
2016-06-19 00:00:00,Rat_lodging_Ben,398.65,20.6,4.0,13.3,1027.1,3.1,0,7,6,171,32516.0,1949.0,Mixed
2016-06-19 01:00:00,Rat_lodging_Ben,377.69,20.0,6.0,12.2,1027.0,2.6,1,7,6,171,32516.0,1949.0,Mixed
2016-06-19 02:00:00,Rat_lodging_Ben,365.38,20.6,6.0,11.7,1027.1,3.1,2,7,6,171,32516.0,1949.0,Mixed
2016-06-19 03:00:00,Rat_lodging_Ben,355.52,19.4,6.0,11.1,1027.0,2.1,3,7,6,171,32516.0,1949.0,Mixed
2016-06-19 04:00:00,Rat_lodging_Ben,339.28,18.9,6.0,11.1,1026.9,3.6,4,7,6,171,32516.0,1949.0,Mixed
2016-06-19 05:00:00,Rat_lodging_Ben,325.36,18.9,6.0,10.6,1027.3,0.0,5,7,6,171,32516.0,1949.0,Mixed
2016-06-19 06:00:00,Rat_lodging_Ben,358.46,20.0,6.0,11.1,1027.5,2.1,6,7,6,171,32516.0,1949.0,Mixed
2016-06-19 07:00:00,Rat_lodging_Ben,400.1,21.7,6.0,12.2,1028.1,1.5,7,7,6,171,32516.0,1949.0,Mixed
2016-06-19 08:00:00,Rat_lodging_Ben,421.67,22.8,6.0,13.3,1028.4,2.6,8,7,6,171,32516.0,1949.0,Mixed
2016-06-19 09:00:00,Rat_lodging_Ben,460.12,24.4,6.0,13.3,1028.1,0.0,9,7,6,171,32516.0,1949.0,Mixed
2016-06-19 10:00:00,Rat_lodging_Ben,482.3,26.7,6.0,13.3,1028.0,1.5,10,7,6,171,32516.0,1949.0,Mixed
2016-06-19 11:00:00,Rat_lodging_Ben,484.07,28.3,5.0,14.4,1027.7,4.1,11,7,6,171,32516.0,1949.0,Mixed
2016-06-19 12:00:00,Rat_lodging_Ben,483.69,30.6,4.0,12.2,1027.0,4.1,12,7,6,171,32516.0,1949.0,Mixed
2016-06-19 13:00:00,Rat_lodging_Ben,483.13,30.6,6.0,10.6,1026.4,3.6,13,7,6,171,32516.0,1949.0,Mixed
2016-06-19 14:00:00,Rat_lodging_Ben,494.34,31.1,6.0,11.1,1025.7,3.1,14,7,6,171,32516.0,1949.0,Mixed
2016-06-19 15:00:00,Rat_lodging_Ben,482.02,30.0,6.0,12.2,1025.2,4.6,15,7,6,171,32516.0,1949.0,Mixed
2016-06-19 16:00:00,Rat_lodging_Ben,481.23,32.2,6.0,12.2,1024.9,4.6,16,7,6,171,32516.0,1949.0,Mixed
2016-06-19 17:00:00,Rat_lodging_Ben,479.3,30.6,6.0,12.2,1024.3,6.7,17,7,6,171,32516.0,1949.0,Mixed
2016-06-19 18:00:00,Rat_lodging_Ben,473.34,30.6,6.0,11.7,1024.4,5.1,18,7,6,171,32516.0,1949.0,Mixed
2016-06-19 19:00:00,Rat_lodging_Ben,462.71,28.9,6.0,12.8,1024.5,4.6,19,7,6,171,32516.0,1949.0,Mixed
2016-06-19 20:00:00,Rat_lodging_Ben,461.76,27.2,6.0,13.3,1024.6,3.6,20,7,6,171,32516.0,1949.0,Mixed
2016-06-19 21:00:00,Rat_lodging_Ben,453.24,25.0,6.0,14.4,1025.2,3.1,21,7,6,171,32516.0,1949.0,Mixed
2016-06-19 22:00:00,Rat_lodging_Ben,440.96,25.0,6.0,13.3,1025.0,3.1,22,7,6,171,32516.0,1949.0,Mixed
2016-06-19 23:00:00,Rat_lodging_Ben,425.28,25.0,4.0,12.2,1024.9,3.6,23,7,6,171,32516.0,1949.0,Mixed
2016-06-20 00:00:00,Rat_lodging_Ben,408.94,23.9,2.0,12.8,1024.5,4.1,0,1,6,172,32516.0,1949.0,Mixed
2016-06-20 01:00:00,Rat_lodging_Ben,410.0,22.2,2.0,13.3,1023.7,2.6,1,1,6,172,32516.0,1949.0,Mixed
2016-06-20 02:00:00,Rat_lodging_Ben,398.69,21.1,0.0,13.3,1023.4,3.6,2,1,6,172,32516.0,1949.0,Mixed
2016-06-20 03:00:00,Rat_lodging_Ben,389.21,20.6,0.0,13.3,1023.2,2.6,3,1,6,172,32516.0,1949.0,Mixed
2016-06-20 04:00:00,Rat_lodging_Ben,385.93,21.7,2.0,12.8,1023.4,1.5,4,1,6,172,32516.0,1949.0,Mixed
2016-06-20 05:00:00,Rat_lodging_Ben,393.3,20.6,2.0,12.8,1023.8,1.5,5,1,6,172,32516.0,1949.0,Mixed
2016-06-20 06:00:00,Rat_lodging_Ben,411.74,21.1,2.0,13.3,1023.8,1.5,6,1,6,172,32516.0,1949.0,Mixed
2016-06-20 07:00:00,Rat_lodging_Ben,441.96,22.8,2.0,12.8,1023.4,2.1,7,1,6,172,32516.0,1949.0,Mixed
2016-06-20 08:00:00,Rat_lodging_Ben,455.62,23.9,2.0,14.4,1023.6,3.6,8,1,6,172,32516.0,1949.0,Mixed
2016-06-20 09:00:00,Rat_lodging_Ben,474.48,25.6,2.0,14.4,1023.4,2.6,9,1,6,172,32516.0,1949.0,Mixed
2016-06-20 10:00:00,Rat_lodging_Ben,488.33,27.8,2.0,14.4,1023.0,2.1,10,1,6,172,32516.0,1949.0,Mixed
2016-06-20 11:00:00,Rat_lodging_Ben,494.17,29.4,4.0,15.0,1022.2,2.6,11,1,6,172,32516.0,1949.0,Mixed
2016-06-20 12:00:00,Rat_lodging_Ben,496.98,30.6,6.0,12.8,1021.1,2.1,12,1,6,172,32516.0,1949.0,Mixed
2016-06-20 13:00:00,Rat_lodging_Ben,505.65,31.1,8.0,13.3,1019.9,2.6,13,1,6,172,32516.0,1949.0,Mixed
2016-06-20 14:00:00,Rat_lodging_Ben,511.11,31.7,7.333333333333333,15.0,1019.0,4.6,14,1,6,172,32516.0,1949.0,Mixed
2016-06-20 15:00:00,Rat_lodging_Ben,510.89,31.7,6.666666666666667,15.6,1018.1,5.1,15,1,6,172,32516.0,1949.0,Mixed
2016-06-20 16:00:00,Rat_lodging_Ben,509.0,32.2,6.0,16.1,1017.6,5.1,16,1,6,172,32516.0,1949.0,Mixed
2016-06-20 17:00:00,Rat_lodging_Ben,504.78,31.7,6.0,13.9,1016.7,2.6,17,1,6,172,32516.0,1949.0,Mixed
2016-06-20 18:00:00,Rat_lodging_Ben,499.01,30.6,6.0,15.6,1016.2,5.7,18,1,6,172,32516.0,1949.0,Mixed
2016-06-20 19:00:00,Rat_lodging_Ben,488.94,30.0,6.0,16.1,1015.9,5.7,19,1,6,172,32516.0,1949.0,Mixed
2016-06-20 20:00:00,Rat_lodging_Ben,482.36,28.3,6.0,17.2,1015.7,4.6,20,1,6,172,32516.0,1949.0,Mixed
2016-06-20 21:00:00,Rat_lodging_Ben,473.07,27.2,6.0,19.4,1015.6,3.6,21,1,6,172,32516.0,1949.0,Mixed
2016-06-20 22:00:00,Rat_lodging_Ben,447.6,26.1,6.0,19.4,1015.2,3.6,22,1,6,172,32516.0,1949.0,Mixed
2016-06-20 23:00:00,Rat_lodging_Ben,439.13,26.1,6.0,17.8,1014.7,4.6,23,1,6,172,32516.0,1949.0,Mixed
2016-06-21 00:00:00,Rat_lodging_Ben,432.41,26.1,6.0,16.1,1014.2,4.6,0,2,6,173,32516.0,1949.0,Mixed
2016-06-21 01:00:00,Rat_lodging_Ben,429.48,25.6,6.0,16.1,1013.3,3.6,1,2,6,173,32516.0,1949.0,Mixed
2016-06-21 02:00:00,Rat_lodging_Ben,425.28,25.0,6.0,16.1,1013.1,4.1,2,2,6,173,32516.0,1949.0,Mixed
2016-06-21 03:00:00,Rat_lodging_Ben,424.97,23.9,6.0,16.7,1013.0,3.6,3,2,6,173,32516.0,1949.0,Mixed
2016-06-21 04:00:00,Rat_lodging_Ben,425.68,24.4,6.0,17.2,1012.3,4.1,4,2,6,173,32516.0,1949.0,Mixed
2016-06-21 05:00:00,Rat_lodging_Ben,426.81,23.9,6.0,17.2,1012.4,4.1,5,2,6,173,32516.0,1949.0,Mixed
2016-06-21 06:00:00,Rat_lodging_Ben,461.65,24.4,6.0,18.3,1012.9,3.6,6,2,6,173,32516.0,1949.0,Mixed
2016-06-21 07:00:00,Rat_lodging_Ben,471.66,25.6,6.0,18.3,1012.5,3.6,7,2,6,173,32516.0,1949.0,Mixed
2016-06-21 08:00:00,Rat_lodging_Ben,493.75,28.3,6.0,19.4,1012.8,3.6,8,2,6,173,32516.0,1949.0,Mixed
2016-06-21 09:00:00,Rat_lodging_Ben,512.85,30.0,6.0,20.0,1012.9,4.1,9,2,6,173,32516.0,1949.0,Mixed
2016-06-21 10:00:00,Rat_lodging_Ben,524.25,31.1,6.0,19.4,1012.3,5.1,10,2,6,173,32516.0,1949.0,Mixed
2016-06-21 11:00:00,Rat_lodging_Ben,530.64,31.7,6.0,19.4,1011.8,6.2,11,2,6,173,32516.0,1949.0,Mixed
2016-06-21 12:00:00,Rat_lodging_Ben,525.36,31.7,6.0,18.9,1010.7,4.6,12,2,6,173,32516.0,1949.0,Mixed
2016-06-21 13:00:00,Rat_lodging_Ben,517.43,30.0,6.0,20.6,1010.1,9.3,13,2,6,173,32516.0,1949.0,Mixed
2016-06-21 14:00:00,Rat_lodging_Ben,502.09,24.4,6.0,18.9,1011.5,6.7,14,2,6,173,32516.0,1949.0,Mixed
2016-06-21 15:00:00,Rat_lodging_Ben,475.64,22.2,6.0,20.0,1011.4,2.1,15,2,6,173,32516.0,1949.0,Mixed
2016-06-21 16:00:00,Rat_lodging_Ben,469.03,22.8,6.0,20.6,1010.1,0.0,16,2,6,173,32516.0,1949.0,Mixed
2016-06-21 17:00:00,Rat_lodging_Ben,463.98,22.8,6.0,21.1,1009.95,3.1,17,2,6,173,32516.0,1949.0,Mixed
2016-06-21 18:00:00,Rat_lodging_Ben,455.72,22.8,6.0,21.7,1009.8,0.0,18,2,6,173,32516.0,1949.0,Mixed
2016-06-21 19:00:00,Rat_lodging_Ben,453.4,23.3,6.0,21.7,1009.8,1.5,19,2,6,173,32516.0,1949.0,Mixed
2016-06-21 20:00:00,Rat_lodging_Ben,449.42,23.3,5.333333333333333,22.2,1009.3,4.1,20,2,6,173,32516.0,1949.0,Mixed
2016-06-21 21:00:00,Rat_lodging_Ben,443.16,23.3,4.666666666666667,21.7,1010.6,1.5,21,2,6,173,32516.0,1949.0,Mixed
2016-06-21 22:00:00,Rat_lodging_Ben,425.47,23.3,4.0,21.7,1011.0,3.1,22,2,6,173,32516.0,1949.0,Mixed
2016-06-21 23:00:00,Rat_lodging_Ben,414.12,22.8,4.0,21.7,1010.6,3.1,23,2,6,173,32516.0,1949.0,Mixed
2016-06-22 00:00:00,Rat_lodging_Ben,401.5,22.2,4.0,21.1,1010.5,1.5,0,3,6,174,32516.0,1949.0,Mixed
2016-06-22 01:00:00,Rat_lodging_Ben,400.24,21.7,2.0,20.6,1010.4,2.6,1,3,6,174,32516.0,1949.0,Mixed
2016-06-22 02:00:00,Rat_lodging_Ben,385.75,21.7,2.0,20.6,1010.5,1.5,2,3,6,174,32516.0,1949.0,Mixed
2016-06-22 03:00:00,Rat_lodging_Ben,393.24,21.1,2.0,19.4,1010.7,2.6,3,3,6,174,32516.0,1949.0,Mixed
2016-06-22 04:00:00,Rat_lodging_Ben,411.83,21.1,2.0,18.9,1011.1,2.6,4,3,6,174,32516.0,1949.0,Mixed
2016-06-22 05:00:00,Rat_lodging_Ben,418.67,20.6,2.0,18.9,1011.3,1.5,5,3,6,174,32516.0,1949.0,Mixed
2016-06-22 06:00:00,Rat_lodging_Ben,446.08,21.7,4.0,18.9,1011.4,2.1,6,3,6,174,32516.0,1949.0,Mixed
2016-06-22 07:00:00,Rat_lodging_Ben,455.21,23.9,6.0,17.8,1012.5,2.1,7,3,6,174,32516.0,1949.0,Mixed
2016-06-22 08:00:00,Rat_lodging_Ben,464.12,25.6,4.0,16.7,1013.4,2.6,8,3,6,174,32516.0,1949.0,Mixed
2016-06-22 09:00:00,Rat_lodging_Ben,484.45,27.2,4.0,13.3,1013.6,5.1,9,3,6,174,32516.0,1949.0,Mixed
2016-06-22 10:00:00,Rat_lodging_Ben,486.53,27.8,6.0,10.0,1013.8,8.2,10,3,6,174,32516.0,1949.0,Mixed
2016-06-22 11:00:00,Rat_lodging_Ben,490.94,28.3,6.666666666666667,11.1,1014.3,6.7,11,3,6,174,32516.0,1949.0,Mixed
2016-06-22 12:00:00,Rat_lodging_Ben,489.64,28.3,7.333333333333333,10.6,1014.6,6.7,12,3,6,174,32516.0,1949.0,Mixed
2016-06-22 13:00:00,Rat_lodging_Ben,492.76,29.4,8.0,10.6,1014.5,5.7,13,3,6,174,32516.0,1949.0,Mixed
2016-06-22 14:00:00,Rat_lodging_Ben,485.44,29.4,7.333333333333333,10.6,1014.0,5.7,14,3,6,174,32516.0,1949.0,Mixed
2016-06-22 15:00:00,Rat_lodging_Ben,487.16,28.3,6.666666666666667,11.7,1014.4,7.2,15,3,6,174,32516.0,1949.0,Mixed
2016-06-22 16:00:00,Rat_lodging_Ben,476.8,27.8,6.0,12.2,1014.4,4.6,16,3,6,174,32516.0,1949.0,Mixed
2016-06-22 17:00:00,Rat_lodging_Ben,475.44,27.2,6.0,11.7,1013.5,2.1,17,3,6,174,32516.0,1949.0,Mixed
2016-06-22 18:00:00,Rat_lodging_Ben,470.47,27.8,6.0,12.8,1013.3,2.1,18,3,6,174,32516.0,1949.0,Mixed
2016-06-22 19:00:00,Rat_lodging_Ben,474.6,26.7,6.0,17.8,1014.1,4.6,19,3,6,174,32516.0,1949.0,Mixed
2016-06-22 20:00:00,Rat_lodging_Ben,467.92,25.0,5.333333333333333,18.9,1014.3,2.6,20,3,6,174,32516.0,1949.0,Mixed
2016-06-22 21:00:00,Rat_lodging_Ben,452.46,24.4,4.666666666666667,19.4,1014.9,1.5,21,3,6,174,32516.0,1949.0,Mixed
2016-06-22 22:00:00,Rat_lodging_Ben,438.63,23.9,4.0,20.6,1015.0,2.6,22,3,6,174,32516.0,1949.0,Mixed
2016-06-22 23:00:00,Rat_lodging_Ben,429.93,23.3,2.0,20.6,1014.5,2.6,23,3,6,174,32516.0,1949.0,Mixed
2016-06-23 00:00:00,Rat_lodging_Ben,420.57,22.8,4.0,20.6,1014.3,1.5,0,4,6,175,32516.0,1949.0,Mixed
2016-06-23 01:00:00,Rat_lodging_Ben,417.31,22.8,6.0,20.6,1014.3,1.5,1,4,6,175,32516.0,1949.0,Mixed
2016-06-23 02:00:00,Rat_lodging_Ben,412.48,22.2,6.666666666666667,20.6,1013.1,3.1,2,4,6,175,32516.0,1949.0,Mixed
2016-06-23 03:00:00,Rat_lodging_Ben,416.91,22.8,7.333333333333333,21.1,1012.9,1.5,3,4,6,175,32516.0,1949.0,Mixed
2016-06-23 04:00:00,Rat_lodging_Ben,417.34,22.8,8.0,21.1,1013.1,0.0,4,4,6,175,32516.0,1949.0,Mixed
2016-06-23 05:00:00,Rat_lodging_Ben,425.47,22.8,8.0,20.6,1014.2,5.1,5,4,6,175,32516.0,1949.0,Mixed
2016-06-23 06:00:00,Rat_lodging_Ben,446.44,22.2,8.0,20.0,1013.6,3.6,6,4,6,175,32516.0,1949.0,Mixed
2016-06-23 07:00:00,Rat_lodging_Ben,459.58,21.7,8.0,20.0,1013.5,1.5,7,4,6,175,32516.0,1949.0,Mixed
2016-06-23 08:00:00,Rat_lodging_Ben,467.12,21.7,8.0,20.6,1011.7,5.7,8,4,6,175,32516.0,1949.0,Mixed
2016-06-23 09:00:00,Rat_lodging_Ben,461.51,23.3,8.0,20.0,1011.9,3.1,9,4,6,175,32516.0,1949.0,Mixed
2016-06-23 10:00:00,Rat_lodging_Ben,474.23,23.3,8.0,19.4,1012.0,3.6,10,4,6,175,32516.0,1949.0,Mixed
2016-06-23 11:00:00,Rat_lodging_Ben,478.33,23.9,8.0,19.4,1011.9,3.1,11,4,6,175,32516.0,1949.0,Mixed
2016-06-23 12:00:00,Rat_lodging_Ben,474.0,25.6,8.0,20.0,1011.2,4.1,12,4,6,175,32516.0,1949.0,Mixed
2016-06-23 13:00:00,Rat_lodging_Ben,470.25,26.1,8.0,19.4,1011.3,3.1,13,4,6,175,32516.0,1949.0,Mixed
2016-06-23 14:00:00,Rat_lodging_Ben,474.02,26.7,8.0,19.4,1011.2,4.1,14,4,6,175,32516.0,1949.0,Mixed
2016-06-23 15:00:00,Rat_lodging_Ben,477.67,27.8,8.0,20.0,1010.6,2.6,15,4,6,175,32516.0,1949.0,Mixed
2016-06-23 16:00:00,Rat_lodging_Ben,478.72,26.7,8.0,20.0,1010.8,3.6,16,4,6,175,32516.0,1949.0,Mixed
2016-06-23 17:00:00,Rat_lodging_Ben,475.67,25.6,8.0,21.1,1010.8,4.6,17,4,6,175,32516.0,1949.0,Mixed
2016-06-23 18:00:00,Rat_lodging_Ben,465.83,25.6,8.0,21.1,1009.4,2.6,18,4,6,175,32516.0,1949.0,Mixed
2016-06-23 19:00:00,Rat_lodging_Ben,458.05,25.6,8.0,21.1,1010.2,2.6,19,4,6,175,32516.0,1949.0,Mixed
2016-06-23 20:00:00,Rat_lodging_Ben,457.69,25.0,8.0,21.7,1011.0,2.1,20,4,6,175,32516.0,1949.0,Mixed
2016-06-23 21:00:00,Rat_lodging_Ben,450.0,25.0,8.0,21.7,1011.5,3.1,21,4,6,175,32516.0,1949.0,Mixed
2016-06-23 22:00:00,Rat_lodging_Ben,436.05,24.4,8.0,21.1,1011.5,2.1,22,4,6,175,32516.0,1949.0,Mixed
2016-06-23 23:00:00,Rat_lodging_Ben,422.61,23.9,8.0,20.6,1011.4,2.6,23,4,6,175,32516.0,1949.0,Mixed
2016-06-24 00:00:00,Rat_lodging_Ben,408.51,23.9,8.0,20.0,1011.4,2.1,0,5,6,176,32516.0,1949.0,Mixed
2016-06-24 01:00:00,Rat_lodging_Ben,402.6,23.3,8.0,20.0,1012.0,1.5,1,5,6,176,32516.0,1949.0,Mixed
2016-06-24 02:00:00,Rat_lodging_Ben,392.55,22.2,6.0,20.0,1012.3,2.1,2,5,6,176,32516.0,1949.0,Mixed
2016-06-24 03:00:00,Rat_lodging_Ben,397.5,22.2,4.0,20.0,1012.7,2.6,3,5,6,176,32516.0,1949.0,Mixed
2016-06-24 04:00:00,Rat_lodging_Ben,406.1,22.2,4.0,20.0,1012.8,2.6,4,5,6,176,32516.0,1949.0,Mixed
2016-06-24 05:00:00,Rat_lodging_Ben,411.24,22.2,2.0,20.0,1013.1,3.6,5,5,6,176,32516.0,1949.0,Mixed
2016-06-24 06:00:00,Rat_lodging_Ben,436.52,22.8,2.0,20.0,1013.6,2.6,6,5,6,176,32516.0,1949.0,Mixed
2016-06-24 07:00:00,Rat_lodging_Ben,463.95,23.3,4.0,20.6,1014.4,2.1,7,5,6,176,32516.0,1949.0,Mixed
2016-06-24 08:00:00,Rat_lodging_Ben,466.47,25.0,4.0,21.1,1015.0,2.1,8,5,6,176,32516.0,1949.0,Mixed
2016-06-24 09:00:00,Rat_lodging_Ben,476.48,25.0,4.0,20.6,1015.3,0.0,9,5,6,176,32516.0,1949.0,Mixed
2016-06-24 10:00:00,Rat_lodging_Ben,496.55,26.7,4.0,20.6,1015.3,2.1,10,5,6,176,32516.0,1949.0,Mixed
2016-06-24 11:00:00,Rat_lodging_Ben,511.51,28.3,4.666666666666667,21.1,1015.4,2.1,11,5,6,176,32516.0,1949.0,Mixed
2016-06-24 12:00:00,Rat_lodging_Ben,503.24,28.9,5.333333333333333,21.1,1015.2,2.6,12,5,6,176,32516.0,1949.0,Mixed
2016-06-24 13:00:00,Rat_lodging_Ben,494.87,28.3,6.0,20.6,1014.9,2.1,13,5,6,176,32516.0,1949.0,Mixed
2016-06-24 14:00:00,Rat_lodging_Ben,501.87,28.9,6.0,20.6,1014.7,2.1,14,5,6,176,32516.0,1949.0,Mixed
2016-06-24 15:00:00,Rat_lodging_Ben,509.33,28.9,6.0,21.1,1014.7,5.7,15,5,6,176,32516.0,1949.0,Mixed
2016-06-24 16:00:00,Rat_lodging_Ben,501.61,28.9,6.0,21.7,1014.8,5.1,16,5,6,176,32516.0,1949.0,Mixed
2016-06-24 17:00:00,Rat_lodging_Ben,490.27,27.2,6.666666666666667,20.6,1015.1,5.7,17,5,6,176,32516.0,1949.0,Mixed
2016-06-24 18:00:00,Rat_lodging_Ben,482.26,26.1,7.333333333333333,20.6,1015.6,8.2,18,5,6,176,32516.0,1949.0,Mixed
2016-06-24 19:00:00,Rat_lodging_Ben,467.18,24.4,8.0,20.0,1016.1,6.2,19,5,6,176,32516.0,1949.0,Mixed
2016-06-24 20:00:00,Rat_lodging_Ben,444.98,24.4,8.0,20.0,1016.7,4.6,20,5,6,176,32516.0,1949.0,Mixed
2016-06-24 21:00:00,Rat_lodging_Ben,439.72,23.9,8.0,20.0,1017.6,4.6,21,5,6,176,32516.0,1949.0,Mixed
2016-06-24 22:00:00,Rat_lodging_Ben,423.74,23.3,8.0,19.4,1018.2,4.6,22,5,6,176,32516.0,1949.0,Mixed
2016-06-24 23:00:00,Rat_lodging_Ben,411.55,22.8,8.0,19.4,1018.3,5.1,23,5,6,176,32516.0,1949.0,Mixed
2016-06-25 00:00:00,Rat_lodging_Ben,397.78,22.2,8.0,18.9,1018.5,4.1,0,6,6,177,32516.0,1949.0,Mixed
2016-06-25 01:00:00,Rat_lodging_Ben,395.02,22.2,8.0,18.3,1018.7,3.1,1,6,6,177,32516.0,1949.0,Mixed
2016-06-25 02:00:00,Rat_lodging_Ben,383.16,22.2,8.0,18.3,1018.7,3.1,2,6,6,177,32516.0,1949.0,Mixed
2016-06-25 03:00:00,Rat_lodging_Ben,385.23,22.2,8.0,18.3,1018.7,4.6,3,6,6,177,32516.0,1949.0,Mixed
2016-06-25 04:00:00,Rat_lodging_Ben,401.0,22.2,8.0,18.3,1019.2,4.6,4,6,6,177,32516.0,1949.0,Mixed
2016-06-25 05:00:00,Rat_lodging_Ben,397.63,22.2,8.0,18.3,1019.9,4.6,5,6,6,177,32516.0,1949.0,Mixed
2016-06-25 06:00:00,Rat_lodging_Ben,416.5,22.2,8.0,18.3,1020.4,4.1,6,6,6,177,32516.0,1949.0,Mixed
2016-06-25 07:00:00,Rat_lodging_Ben,435.89,22.8,8.0,18.9,1020.9,4.6,7,6,6,177,32516.0,1949.0,Mixed
2016-06-25 08:00:00,Rat_lodging_Ben,460.8,23.9,6.666666666666667,18.3,1021.5,4.1,8,6,6,177,32516.0,1949.0,Mixed
2016-06-25 09:00:00,Rat_lodging_Ben,468.82,25.0,5.333333333333334,18.3,1022.1,2.6,9,6,6,177,32516.0,1949.0,Mixed
2016-06-25 10:00:00,Rat_lodging_Ben,470.77,26.1,4.0,16.7,1022.3,3.1,10,6,6,177,32516.0,1949.0,Mixed
2016-06-25 11:00:00,Rat_lodging_Ben,477.45,27.2,2.0,17.2,1022.2,2.1,11,6,6,177,32516.0,1949.0,Mixed
2016-06-25 12:00:00,Rat_lodging_Ben,477.68,28.3,4.0,15.6,1022.0,3.6,12,6,6,177,32516.0,1949.0,Mixed
2016-06-25 13:00:00,Rat_lodging_Ben,477.66,28.3,2.0,15.0,1021.7,5.1,13,6,6,177,32516.0,1949.0,Mixed
2016-06-25 14:00:00,Rat_lodging_Ben,472.12,28.9,2.0,13.9,1022.0,4.6,14,6,6,177,32516.0,1949.0,Mixed
2016-06-25 15:00:00,Rat_lodging_Ben,471.7,28.3,2.0,14.4,1021.8,2.6,15,6,6,177,32516.0,1949.0,Mixed
2016-06-25 16:00:00,Rat_lodging_Ben,463.21,28.3,2.0,15.0,1021.5,2.1,16,6,6,177,32516.0,1949.0,Mixed
2016-06-25 17:00:00,Rat_lodging_Ben,461.22,28.3,2.0,16.1,1021.5,3.1,17,6,6,177,32516.0,1949.0,Mixed
2016-06-25 18:00:00,Rat_lodging_Ben,459.74,27.8,4.0,15.0,1021.7,4.1,18,6,6,177,32516.0,1949.0,Mixed
2016-06-25 19:00:00,Rat_lodging_Ben,443.74,26.7,2.0,14.4,1021.6,3.6,19,6,6,177,32516.0,1949.0,Mixed
2016-06-25 20:00:00,Rat_lodging_Ben,429.17,25.6,2.0,15.0,1022.5,2.6,20,6,6,177,32516.0,1949.0,Mixed
2016-06-25 21:00:00,Rat_lodging_Ben,418.35,24.4,0.0,16.1,1022.5,2.6,21,6,6,177,32516.0,1949.0,Mixed
2016-06-25 22:00:00,Rat_lodging_Ben,406.66,23.3,0.0,15.0,1022.6,3.1,22,6,6,177,32516.0,1949.0,Mixed
2016-06-25 23:00:00,Rat_lodging_Ben,392.78,22.8,0.0,14.4,1022.8,3.1,23,6,6,177,32516.0,1949.0,Mixed
2016-06-26 00:00:00,Rat_lodging_Ben,378.83,22.8,2.0,14.4,1022.6,3.6,0,7,6,178,32516.0,1949.0,Mixed
2016-06-26 01:00:00,Rat_lodging_Ben,370.11,21.7,0.0,14.4,1022.6,1.5,1,7,6,178,32516.0,1949.0,Mixed
2016-06-26 02:00:00,Rat_lodging_Ben,366.85,21.1,2.0,13.9,1023.0,2.1,2,7,6,178,32516.0,1949.0,Mixed
2016-06-26 03:00:00,Rat_lodging_Ben,363.4,21.7,0.0,13.3,1023.8,0.0,3,7,6,178,32516.0,1949.0,Mixed
2016-06-26 04:00:00,Rat_lodging_Ben,361.57,20.6,4.0,15.0,1023.9,0.0,4,7,6,178,32516.0,1949.0,Mixed
2016-06-26 05:00:00,Rat_lodging_Ben,349.06,18.9,4.666666666666667,15.0,1023.6,0.0,5,7,6,178,32516.0,1949.0,Mixed
2016-06-26 06:00:00,Rat_lodging_Ben,386.7,20.6,5.333333333333333,17.2,1023.4,0.0,6,7,6,178,32516.0,1949.0,Mixed
2016-06-26 07:00:00,Rat_lodging_Ben,409.03,22.2,6.0,17.2,1023.2,0.0,7,7,6,178,32516.0,1949.0,Mixed
2016-06-26 08:00:00,Rat_lodging_Ben,427.74,23.9,6.0,17.8,1023.6,0.0,8,7,6,178,32516.0,1949.0,Mixed
2016-06-26 09:00:00,Rat_lodging_Ben,441.79,25.6,6.0,16.1,1023.5,1.5,9,7,6,178,32516.0,1949.0,Mixed
2016-06-26 10:00:00,Rat_lodging_Ben,456.95,27.2,6.0,15.6,1023.7,1.5,10,7,6,178,32516.0,1949.0,Mixed
2016-06-26 11:00:00,Rat_lodging_Ben,463.72,27.8,6.0,15.0,1023.7,2.6,11,7,6,178,32516.0,1949.0,Mixed
2016-06-26 12:00:00,Rat_lodging_Ben,467.42,28.9,6.0,14.4,1023.5,0.0,12,7,6,178,32516.0,1949.0,Mixed
2016-06-26 13:00:00,Rat_lodging_Ben,472.8,28.9,6.0,15.0,1023.3,4.6,13,7,6,178,32516.0,1949.0,Mixed
2016-06-26 14:00:00,Rat_lodging_Ben,479.55,28.9,6.0,13.3,1022.5,3.6,14,7,6,178,32516.0,1949.0,Mixed
2016-06-26 15:00:00,Rat_lodging_Ben,470.16,29.4,6.0,11.1,1021.9,4.6,15,7,6,178,32516.0,1949.0,Mixed
2016-06-26 16:00:00,Rat_lodging_Ben,456.16,28.3,6.0,11.1,1021.7,4.6,16,7,6,178,32516.0,1949.0,Mixed
2016-06-26 17:00:00,Rat_lodging_Ben,453.67,28.3,6.0,9.4,1021.1,2.6,17,7,6,178,32516.0,1949.0,Mixed
2016-06-26 18:00:00,Rat_lodging_Ben,446.58,27.2,6.0,11.7,1020.5,4.1,18,7,6,178,32516.0,1949.0,Mixed
2016-06-26 19:00:00,Rat_lodging_Ben,436.47,26.1,6.0,12.2,1020.4,4.6,19,7,6,178,32516.0,1949.0,Mixed
2016-06-26 20:00:00,Rat_lodging_Ben,427.26,25.0,4.666666666666667,13.9,1020.0,4.1,20,7,6,178,32516.0,1949.0,Mixed
2016-06-26 21:00:00,Rat_lodging_Ben,419.29,23.3,3.3333333333333335,15.0,1020.2,3.1,21,7,6,178,32516.0,1949.0,Mixed
2016-06-26 22:00:00,Rat_lodging_Ben,395.53,22.8,2.0,15.6,1020.8,2.6,22,7,6,178,32516.0,1949.0,Mixed
2016-06-26 23:00:00,Rat_lodging_Ben,383.34,21.7,0.0,16.7,1021.1,3.6,23,7,6,178,32516.0,1949.0,Mixed
2016-06-27 00:00:00,Rat_lodging_Ben,374.17,21.7,0.0,17.2,1021.2,3.6,0,1,6,179,32516.0,1949.0,Mixed
2016-06-27 01:00:00,Rat_lodging_Ben,369.65,21.1,4.0,17.2,1020.6,5.1,1,1,6,179,32516.0,1949.0,Mixed
2016-06-27 02:00:00,Rat_lodging_Ben,364.19,20.6,2.0,16.7,1019.9,4.1,2,1,6,179,32516.0,1949.0,Mixed
2016-06-27 03:00:00,Rat_lodging_Ben,372.61,20.6,0.0,16.7,1019.6,4.6,3,1,6,179,32516.0,1949.0,Mixed
2016-06-27 04:00:00,Rat_lodging_Ben,404.66,20.0,4.0,17.8,1019.6,3.6,4,1,6,179,32516.0,1949.0,Mixed
2016-06-27 05:00:00,Rat_lodging_Ben,403.94,20.0,4.0,18.3,1019.6,4.1,5,1,6,179,32516.0,1949.0,Mixed
2016-06-27 06:00:00,Rat_lodging_Ben,430.23,20.6,2.0,18.9,1019.4000000000001,4.1,6,1,6,179,32516.0,1949.0,Mixed
2016-06-27 07:00:00,Rat_lodging_Ben,459.58,21.7,4.0,18.3,1019.2,4.6,7,1,6,179,32516.0,1949.0,Mixed
2016-06-27 08:00:00,Rat_lodging_Ben,469.94,23.9,4.0,19.4,1019.3,4.1,8,1,6,179,32516.0,1949.0,Mixed
2016-06-27 09:00:00,Rat_lodging_Ben,483.36,25.0,4.0,19.4,1018.7,5.7,9,1,6,179,32516.0,1949.0,Mixed
2016-06-27 10:00:00,Rat_lodging_Ben,477.42,26.1,4.0,19.4,1018.2,5.7,10,1,6,179,32516.0,1949.0,Mixed
2016-06-27 11:00:00,Rat_lodging_Ben,490.42,27.2,4.0,19.4,1017.8,4.6,11,1,6,179,32516.0,1949.0,Mixed
2016-06-27 12:00:00,Rat_lodging_Ben,487.45,28.9,4.0,20.0,1017.3,5.7,12,1,6,179,32516.0,1949.0,Mixed
2016-06-27 13:00:00,Rat_lodging_Ben,502.78,30.0,4.0,20.6,1016.3,7.7,13,1,6,179,32516.0,1949.0,Mixed
2016-06-27 14:00:00,Rat_lodging_Ben,508.97,29.4,4.666666666666667,20.0,1015.7,4.6,14,1,6,179,32516.0,1949.0,Mixed
2016-06-27 15:00:00,Rat_lodging_Ben,514.63,30.0,5.333333333333333,21.1,1015.2,4.1,15,1,6,179,32516.0,1949.0,Mixed
2016-06-27 16:00:00,Rat_lodging_Ben,507.87,30.0,6.0,21.1,1014.2,5.7,16,1,6,179,32516.0,1949.0,Mixed
2016-06-27 17:00:00,Rat_lodging_Ben,493.23,28.9,6.0,21.1,1014.5,4.6,17,1,6,179,32516.0,1949.0,Mixed
2016-06-27 18:00:00,Rat_lodging_Ben,494.02,28.3,6.0,22.2,1014.8,3.1,18,1,6,179,32516.0,1949.0,Mixed
2016-06-27 19:00:00,Rat_lodging_Ben,488.0,27.8,6.0,22.2,1014.7,3.1,19,1,6,179,32516.0,1949.0,Mixed
2016-06-27 20:00:00,Rat_lodging_Ben,487.08,26.7,6.0,21.7,1014.7,4.1,20,1,6,179,32516.0,1949.0,Mixed
2016-06-27 21:00:00,Rat_lodging_Ben,469.25,26.1,6.0,20.0,1015.0,3.1,21,1,6,179,32516.0,1949.0,Mixed
2016-06-27 22:00:00,Rat_lodging_Ben,439.96,25.0,6.0,20.0,1014.9,3.6,22,1,6,179,32516.0,1949.0,Mixed
2016-06-27 23:00:00,Rat_lodging_Ben,426.29,23.3,6.666666666666667,21.7,1014.7,4.1,23,1,6,179,32516.0,1949.0,Mixed
2016-06-28 00:00:00,Rat_lodging_Ben,418.54,23.3,7.333333333333333,21.7,1014.5,4.1,0,2,6,180,32516.0,1949.0,Mixed
2016-06-28 01:00:00,Rat_lodging_Ben,414.47,23.9,8.0,22.8,1014.2,3.1,1,2,6,180,32516.0,1949.0,Mixed
2016-06-28 02:00:00,Rat_lodging_Ben,404.91,23.3,4.0,21.7,1013.6,3.1,2,2,6,180,32516.0,1949.0,Mixed
2016-06-28 03:00:00,Rat_lodging_Ben,405.46,23.3,6.0,22.2,1013.4,3.1,3,2,6,180,32516.0,1949.0,Mixed
2016-06-28 04:00:00,Rat_lodging_Ben,423.84,23.3,8.0,22.2,1013.3,2.6,4,2,6,180,32516.0,1949.0,Mixed
2016-06-28 05:00:00,Rat_lodging_Ben,446.43,23.3,8.0,22.2,1013.5,3.6,5,2,6,180,32516.0,1949.0,Mixed
2016-06-28 06:00:00,Rat_lodging_Ben,469.24,23.9,8.0,22.2,1013.7,3.1,6,2,6,180,32516.0,1949.0,Mixed
2016-06-28 07:00:00,Rat_lodging_Ben,484.65,23.9,8.0,22.2,1013.6,2.1,7,2,6,180,32516.0,1949.0,Mixed
2016-06-28 08:00:00,Rat_lodging_Ben,504.42,24.4,7.333333333333333,22.2,1013.8,1.5,8,2,6,180,32516.0,1949.0,Mixed
2016-06-28 09:00:00,Rat_lodging_Ben,513.5,25.6,6.666666666666667,22.8,1013.75,2.1,9,2,6,180,32516.0,1949.0,Mixed
2016-06-28 10:00:00,Rat_lodging_Ben,521.33,26.7,6.0,22.8,1013.7,1.5,10,2,6,180,32516.0,1949.0,Mixed
2016-06-28 11:00:00,Rat_lodging_Ben,526.32,27.2,6.0,23.3,1013.6,3.1,11,2,6,180,32516.0,1949.0,Mixed
2016-06-28 12:00:00,Rat_lodging_Ben,533.79,27.2,6.0,23.3,1013.2,3.6,12,2,6,180,32516.0,1949.0,Mixed
2016-06-28 13:00:00,Rat_lodging_Ben,536.94,28.3,6.0,23.9,1012.7,3.6,13,2,6,180,32516.0,1949.0,Mixed
2016-06-28 14:00:00,Rat_lodging_Ben,537.32,28.3,6.0,23.3,1011.8,2.1,14,2,6,180,32516.0,1949.0,Mixed
2016-06-28 15:00:00,Rat_lodging_Ben,541.49,30.0,6.0,23.9,1011.2,5.1,15,2,6,180,32516.0,1949.0,Mixed
2016-06-28 16:00:00,Rat_lodging_Ben,537.32,30.0,6.0,23.3,1010.7,4.6,16,2,6,180,32516.0,1949.0,Mixed
2016-06-28 17:00:00,Rat_lodging_Ben,523.26,28.9,6.0,22.8,1010.6,5.1,17,2,6,180,32516.0,1949.0,Mixed
2016-06-28 18:00:00,Rat_lodging_Ben,496.63,27.8,6.0,23.3,1011.1,3.1,18,2,6,180,32516.0,1949.0,Mixed
2016-06-28 19:00:00,Rat_lodging_Ben,474.67,23.3,6.0,20.0,1010.6,3.1,19,2,6,180,32516.0,1949.0,Mixed
2016-06-28 20:00:00,Rat_lodging_Ben,466.64,22.8,6.0,20.0,1012.2,3.1,20,2,6,180,32516.0,1949.0,Mixed
2016-06-28 21:00:00,Rat_lodging_Ben,452.02,21.7,6.0,20.0,1012.9,3.6,21,2,6,180,32516.0,1949.0,Mixed
2016-06-28 22:00:00,Rat_lodging_Ben,429.49,21.1,6.0,18.3,1012.9,2.1,22,2,6,180,32516.0,1949.0,Mixed
2016-06-28 23:00:00,Rat_lodging_Ben,417.21,21.1,4.0,18.9,1013.2,2.6,23,2,6,180,32516.0,1949.0,Mixed
2016-06-29 00:00:00,Rat_lodging_Ben,401.8,20.6,2.0,19.4,1012.3,2.6,0,3,6,181,32516.0,1949.0,Mixed
2016-06-29 01:00:00,Rat_lodging_Ben,394.82,20.6,4.0,18.9,1012.0,1.5,1,3,6,181,32516.0,1949.0,Mixed
2016-06-29 02:00:00,Rat_lodging_Ben,393.59,20.6,2.0,18.9,1012.1,2.1,2,3,6,181,32516.0,1949.0,Mixed
2016-06-29 03:00:00,Rat_lodging_Ben,388.12,20.6,0.0,18.9,1012.1,2.6,3,3,6,181,32516.0,1949.0,Mixed
2016-06-29 04:00:00,Rat_lodging_Ben,387.49,20.6,2.0,18.9,1012.2,3.6,4,3,6,181,32516.0,1949.0,Mixed
2016-06-29 05:00:00,Rat_lodging_Ben,386.61,20.6,2.0,18.9,1013.0,3.6,5,3,6,181,32516.0,1949.0,Mixed
2016-06-29 06:00:00,Rat_lodging_Ben,426.48,21.1,2.0,17.8,1013.5,5.7,6,3,6,181,32516.0,1949.0,Mixed
2016-06-29 07:00:00,Rat_lodging_Ben,454.09,22.2,2.0,17.8,1014.0,4.6,7,3,6,181,32516.0,1949.0,Mixed
2016-06-29 08:00:00,Rat_lodging_Ben,471.17,23.9,2.0,17.2,1014.3,5.7,8,3,6,181,32516.0,1949.0,Mixed
2016-06-29 09:00:00,Rat_lodging_Ben,487.45,25.0,2.0,16.7,1014.2,3.1,9,3,6,181,32516.0,1949.0,Mixed
2016-06-29 10:00:00,Rat_lodging_Ben,496.98,26.1,2.0,16.1,1014.3,3.6,10,3,6,181,32516.0,1949.0,Mixed
2016-06-29 11:00:00,Rat_lodging_Ben,496.48,27.2,4.0,15.6,1014.1,5.1,11,3,6,181,32516.0,1949.0,Mixed
2016-06-29 12:00:00,Rat_lodging_Ben,487.8,27.2,4.0,15.6,1014.0,5.7,12,3,6,181,32516.0,1949.0,Mixed
2016-06-29 13:00:00,Rat_lodging_Ben,488.87,27.2,4.0,15.6,1014.1,7.2,13,3,6,181,32516.0,1949.0,Mixed
2016-06-29 14:00:00,Rat_lodging_Ben,491.27,26.7,4.0,15.0,1014.2,7.2,14,3,6,181,32516.0,1949.0,Mixed
2016-06-29 15:00:00,Rat_lodging_Ben,499.68,27.2,4.0,14.4,1014.2,7.7,15,3,6,181,32516.0,1949.0,Mixed
2016-06-29 16:00:00,Rat_lodging_Ben,498.34,27.2,4.0,13.3,1014.2,5.7,16,3,6,181,32516.0,1949.0,Mixed
2016-06-29 17:00:00,Rat_lodging_Ben,484.01,27.2,2.0,13.3,1014.2,7.2,17,3,6,181,32516.0,1949.0,Mixed
2016-06-29 18:00:00,Rat_lodging_Ben,474.21,26.7,2.0,12.8,1014.5,6.2,18,3,6,181,32516.0,1949.0,Mixed
2016-06-29 19:00:00,Rat_lodging_Ben,459.27,25.6,2.0,13.3,1014.5,6.2,19,3,6,181,32516.0,1949.0,Mixed
2016-06-29 20:00:00,Rat_lodging_Ben,456.4,24.4,2.0,12.8,1015.1,6.2,20,3,6,181,32516.0,1949.0,Mixed
2016-06-29 21:00:00,Rat_lodging_Ben,434.57,23.3,0.0,13.3,1016.0,3.6,21,3,6,181,32516.0,1949.0,Mixed
2016-06-29 22:00:00,Rat_lodging_Ben,405.92,22.2,2.0,12.8,1016.5,4.1,22,3,6,181,32516.0,1949.0,Mixed
2016-06-29 23:00:00,Rat_lodging_Ben,394.11,21.1,0.0,12.8,1016.5,2.1,23,3,6,181,32516.0,1949.0,Mixed
2016-06-30 00:00:00,Rat_lodging_Ben,373.97,21.7,0.0,12.8,1016.7,3.1,0,4,6,182,32516.0,1949.0,Mixed
2016-06-30 01:00:00,Rat_lodging_Ben,369.63,21.7,4.0,12.2,1017.1,2.6,1,4,6,182,32516.0,1949.0,Mixed
2016-06-30 02:00:00,Rat_lodging_Ben,362.28,21.7,3.0,11.7,1017.3,4.6,2,4,6,182,32516.0,1949.0,Mixed
2016-06-30 03:00:00,Rat_lodging_Ben,358.36,19.4,2.0,13.3,1017.2,2.6,3,4,6,182,32516.0,1949.0,Mixed
2016-06-30 04:00:00,Rat_lodging_Ben,374.78,18.9,2.0,13.3,1017.2,2.6,4,4,6,182,32516.0,1949.0,Mixed
2016-06-30 05:00:00,Rat_lodging_Ben,375.72,18.3,4.0,13.3,1017.2,2.6,5,4,6,182,32516.0,1949.0,Mixed
2016-06-30 06:00:00,Rat_lodging_Ben,421.91,20.0,4.0,13.3,1017.6,2.6,6,4,6,182,32516.0,1949.0,Mixed
2016-06-30 07:00:00,Rat_lodging_Ben,439.76,21.7,4.0,13.3,1017.6,3.6,7,4,6,182,32516.0,1949.0,Mixed
2016-06-30 08:00:00,Rat_lodging_Ben,458.41,22.8,4.666666666666667,13.9,1018.1,0.0,8,4,6,182,32516.0,1949.0,Mixed
2016-06-30 09:00:00,Rat_lodging_Ben,472.04,23.9,5.333333333333333,14.4,1018.1,0.0,9,4,6,182,32516.0,1949.0,Mixed
2016-06-30 10:00:00,Rat_lodging_Ben,480.82,25.0,6.0,13.9,1018.1,1.5,10,4,6,182,32516.0,1949.0,Mixed
2016-06-30 11:00:00,Rat_lodging_Ben,502.8,26.1,4.0,13.9,1018.1,2.1,11,4,6,182,32516.0,1949.0,Mixed
2016-06-30 12:00:00,Rat_lodging_Ben,503.67,26.7,4.0,15.0,1017.7,4.1,12,4,6,182,32516.0,1949.0,Mixed
2016-06-30 13:00:00,Rat_lodging_Ben,499.19,27.2,4.0,15.6,1017.4,3.1,13,4,6,182,32516.0,1949.0,Mixed
2016-06-30 14:00:00,Rat_lodging_Ben,520.27,27.8,4.666666666666667,15.6,1017.0,3.1,14,4,6,182,32516.0,1949.0,Mixed
2016-06-30 15:00:00,Rat_lodging_Ben,515.87,27.8,5.333333333333333,15.0,1016.7,4.1,15,4,6,182,32516.0,1949.0,Mixed
2016-06-30 16:00:00,Rat_lodging_Ben,504.44,27.8,6.0,16.7,1016.6,5.7,16,4,6,182,32516.0,1949.0,Mixed
2016-06-30 17:00:00,Rat_lodging_Ben,503.33,27.2,4.0,16.7,1016.3,3.6,17,4,6,182,32516.0,1949.0,Mixed
2016-06-30 18:00:00,Rat_lodging_Ben,501.68,27.2,2.0,16.7,1016.0,4.6,18,4,6,182,32516.0,1949.0,Mixed
2016-06-30 19:00:00,Rat_lodging_Ben,486.25,26.1,4.0,16.7,1016.4,2.6,19,4,6,182,32516.0,1949.0,Mixed
2016-06-30 20:00:00,Rat_lodging_Ben,485.18,25.6,4.0,16.7,1016.3,2.6,20,4,6,182,32516.0,1949.0,Mixed
2016-06-30 21:00:00,Rat_lodging_Ben,467.89,25.0,4.0,17.2,1016.4,1.5,21,4,6,182,32516.0,1949.0,Mixed
2016-06-30 22:00:00,Rat_lodging_Ben,448.65,24.4,4.0,16.7,1016.6,2.1,22,4,6,182,32516.0,1949.0,Mixed
2016-06-30 23:00:00,Rat_lodging_Ben,436.75,23.9,3.3333333333333335,17.8,1016.6,1.5,23,4,6,182,32516.0,1949.0,Mixed
2016-07-01 00:00:00,Rat_lodging_Ben,430.25,23.9,2.666666666666667,19.4,1016.3,3.6,0,5,7,183,32516.0,1949.0,Mixed
2016-07-01 01:00:00,Rat_lodging_Ben,421.89,23.3,2.0,19.4,1015.6,2.6,1,5,7,183,32516.0,1949.0,Mixed
2016-07-01 02:00:00,Rat_lodging_Ben,418.62,22.8,3.333333333333333,20.0,1015.1,2.1,2,5,7,183,32516.0,1949.0,Mixed
2016-07-01 03:00:00,Rat_lodging_Ben,415.49,22.8,4.666666666666666,20.0,1015.0,1.5,3,5,7,183,32516.0,1949.0,Mixed
2016-07-01 04:00:00,Rat_lodging_Ben,420.28,22.2,6.0,20.0,1015.2,2.6,4,5,7,183,32516.0,1949.0,Mixed
2016-07-01 05:00:00,Rat_lodging_Ben,436.57,21.7,6.0,20.0,1015.0,1.5,5,5,7,183,32516.0,1949.0,Mixed
2016-07-01 06:00:00,Rat_lodging_Ben,461.0,22.8,6.0,20.6,1015.2,2.1,6,5,7,183,32516.0,1949.0,Mixed
2016-07-01 07:00:00,Rat_lodging_Ben,479.23,23.3,6.0,21.1,1015.2,2.1,7,5,7,183,32516.0,1949.0,Mixed
2016-07-01 08:00:00,Rat_lodging_Ben,479.34,24.4,6.0,21.7,1015.0,2.1,8,5,7,183,32516.0,1949.0,Mixed
2016-07-01 09:00:00,Rat_lodging_Ben,487.83,25.0,6.0,21.7,1014.8,2.1,9,5,7,183,32516.0,1949.0,Mixed
2016-07-01 10:00:00,Rat_lodging_Ben,503.16,26.7,6.0,21.7,1014.4,3.1,10,5,7,183,32516.0,1949.0,Mixed
2016-07-01 11:00:00,Rat_lodging_Ben,514.24,27.2,6.0,21.7,1014.0,5.1,11,5,7,183,32516.0,1949.0,Mixed
2016-07-01 12:00:00,Rat_lodging_Ben,515.59,28.3,6.0,22.2,1013.6,4.1,12,5,7,183,32516.0,1949.0,Mixed
2016-07-01 13:00:00,Rat_lodging_Ben,536.69,30.0,6.0,21.7,1013.2,4.6,13,5,7,183,32516.0,1949.0,Mixed
2016-07-01 14:00:00,Rat_lodging_Ben,558.39,28.9,4.0,22.8,1012.0,4.6,14,5,7,183,32516.0,1949.0,Mixed
2016-07-01 15:00:00,Rat_lodging_Ben,548.44,31.1,4.0,21.7,1011.3,4.6,15,5,7,183,32516.0,1949.0,Mixed
2016-07-01 16:00:00,Rat_lodging_Ben,532.49,31.1,6.0,21.7,1011.2,4.1,16,5,7,183,32516.0,1949.0,Mixed
2016-07-01 17:00:00,Rat_lodging_Ben,521.19,25.6,5.333333333333333,21.1,1011.1,3.6,17,5,7,183,32516.0,1949.0,Mixed
2016-07-01 18:00:00,Rat_lodging_Ben,514.76,26.7,4.666666666666667,23.3,1011.0,3.1,18,5,7,183,32516.0,1949.0,Mixed
2016-07-01 19:00:00,Rat_lodging_Ben,506.05,26.7,4.0,21.7,1011.6,6.2,19,5,7,183,32516.0,1949.0,Mixed
2016-07-01 20:00:00,Rat_lodging_Ben,494.49,25.6,4.0,20.6,1012.4,5.7,20,5,7,183,32516.0,1949.0,Mixed
2016-07-01 21:00:00,Rat_lodging_Ben,479.86,25.0,4.0,21.7,1013.4,3.6,21,5,7,183,32516.0,1949.0,Mixed
2016-07-01 22:00:00,Rat_lodging_Ben,465.36,24.4,4.0,21.1,1013.5,2.6,22,5,7,183,32516.0,1949.0,Mixed
2016-07-01 23:00:00,Rat_lodging_Ben,456.08,23.3,2.0,21.7,1014.3,2.6,23,5,7,183,32516.0,1949.0,Mixed
2016-07-02 00:00:00,Rat_lodging_Ben,452.51,23.3,2.0,21.7,1014.4,2.6,0,6,7,184,32516.0,1949.0,Mixed
2016-07-02 01:00:00,Rat_lodging_Ben,441.5,22.8,0.0,21.1,1014.6,2.6,1,6,7,184,32516.0,1949.0,Mixed
2016-07-02 02:00:00,Rat_lodging_Ben,420.92,23.3,0.0,16.1,1014.2,4.1,2,6,7,184,32516.0,1949.0,Mixed
2016-07-02 03:00:00,Rat_lodging_Ben,408.79,22.8,0.0,15.6,1014.7,3.1,3,6,7,184,32516.0,1949.0,Mixed
2016-07-02 04:00:00,Rat_lodging_Ben,398.4,21.1,2.0,16.1,1015.3,2.6,4,6,7,184,32516.0,1949.0,Mixed
2016-07-02 05:00:00,Rat_lodging_Ben,398.41,21.1,2.0,15.6,1016.5,3.1,5,6,7,184,32516.0,1949.0,Mixed
2016-07-02 06:00:00,Rat_lodging_Ben,415.61,21.7,4.0,14.4,1017.5,4.1,6,6,7,184,32516.0,1949.0,Mixed
2016-07-02 07:00:00,Rat_lodging_Ben,436.24,22.8,4.0,14.4,1018.3,4.6,7,6,7,184,32516.0,1949.0,Mixed
2016-07-02 08:00:00,Rat_lodging_Ben,451.18,23.3,4.0,12.8,1018.8,4.1,8,6,7,184,32516.0,1949.0,Mixed
2016-07-02 09:00:00,Rat_lodging_Ben,462.14,23.9,4.0,12.2,1018.8,6.2,9,6,7,184,32516.0,1949.0,Mixed
2016-07-02 10:00:00,Rat_lodging_Ben,468.96,24.4,4.0,11.7,1018.8,7.2,10,6,7,184,32516.0,1949.0,Mixed
2016-07-02 11:00:00,Rat_lodging_Ben,465.12,25.6,4.0,12.8,1019.0,5.7,11,6,7,184,32516.0,1949.0,Mixed
2016-07-02 12:00:00,Rat_lodging_Ben,469.36,26.1,4.0,11.7,1019.0,6.7,12,6,7,184,32516.0,1949.0,Mixed
2016-07-02 13:00:00,Rat_lodging_Ben,461.61,26.1,6.0,10.6,1018.7,5.7,13,6,7,184,32516.0,1949.0,Mixed
2016-07-02 14:00:00,Rat_lodging_Ben,454.61,26.1,6.0,11.1,1018.6,5.7,14,6,7,184,32516.0,1949.0,Mixed
2016-07-02 15:00:00,Rat_lodging_Ben,452.17,26.1,6.0,11.1,1018.4,5.1,15,6,7,184,32516.0,1949.0,Mixed
2016-07-02 16:00:00,Rat_lodging_Ben,453.45,26.7,6.0,11.1,1018.3,6.2,16,6,7,184,32516.0,1949.0,Mixed
2016-07-02 17:00:00,Rat_lodging_Ben,447.26,26.7,6.0,11.1,1018.8,7.2,17,6,7,184,32516.0,1949.0,Mixed
2016-07-02 18:00:00,Rat_lodging_Ben,440.17,25.0,6.0,10.0,1018.7,3.6,18,6,7,184,32516.0,1949.0,Mixed
2016-07-02 19:00:00,Rat_lodging_Ben,434.35,25.0,6.0,10.0,1019.1,2.6,19,6,7,184,32516.0,1949.0,Mixed
2016-07-02 20:00:00,Rat_lodging_Ben,436.19,24.4,6.666666666666667,11.1,1019.4,3.1,20,6,7,184,32516.0,1949.0,Mixed
2016-07-02 21:00:00,Rat_lodging_Ben,428.35,24.4,7.333333333333333,11.7,1020.0,2.6,21,6,7,184,32516.0,1949.0,Mixed
2016-07-02 22:00:00,Rat_lodging_Ben,410.01,23.9,8.0,12.8,1020.3,2.6,22,6,7,184,32516.0,1949.0,Mixed
2016-07-02 23:00:00,Rat_lodging_Ben,402.03,23.9,8.0,11.7,1019.7,3.1,23,6,7,184,32516.0,1949.0,Mixed
2016-07-03 00:00:00,Rat_lodging_Ben,396.44,23.3,8.0,13.3,1019.6,2.1,0,7,7,185,32516.0,1949.0,Mixed
2016-07-03 01:00:00,Rat_lodging_Ben,389.93,23.3,8.0,12.2,1019.4,1.5,1,7,7,185,32516.0,1949.0,Mixed
2016-07-03 02:00:00,Rat_lodging_Ben,383.13,23.3,8.0,12.8,1019.5,0.0,2,7,7,185,32516.0,1949.0,Mixed
2016-07-03 03:00:00,Rat_lodging_Ben,385.9,22.8,8.0,12.8,1019.4,0.0,3,7,7,185,32516.0,1949.0,Mixed
2016-07-03 04:00:00,Rat_lodging_Ben,368.28,21.7,8.0,15.0,1019.2,2.6,4,7,7,185,32516.0,1949.0,Mixed
2016-07-03 05:00:00,Rat_lodging_Ben,364.87,18.9,8.0,15.6,1019.9,3.6,5,7,7,185,32516.0,1949.0,Mixed
2016-07-03 06:00:00,Rat_lodging_Ben,370.26,18.3,8.0,15.0,1020.6,4.6,6,7,7,185,32516.0,1949.0,Mixed
2016-07-03 07:00:00,Rat_lodging_Ben,385.97,18.3,8.0,15.0,1020.4,2.1,7,7,7,185,32516.0,1949.0,Mixed
2016-07-03 08:00:00,Rat_lodging_Ben,396.41,18.9,8.0,15.6,1020.8,2.1,8,7,7,185,32516.0,1949.0,Mixed
2016-07-03 09:00:00,Rat_lodging_Ben,415.95,18.9,8.0,14.4,1021.4,2.1,9,7,7,185,32516.0,1949.0,Mixed
2016-07-03 10:00:00,Rat_lodging_Ben,434.89,20.0,8.0,15.6,1021.3,1.5,10,7,7,185,32516.0,1949.0,Mixed
2016-07-03 11:00:00,Rat_lodging_Ben,426.81,21.1,8.0,15.0,1021.0,0.0,11,7,7,185,32516.0,1949.0,Mixed
2016-07-03 12:00:00,Rat_lodging_Ben,429.86,21.7,8.0,14.4,1020.9,3.1,12,7,7,185,32516.0,1949.0,Mixed
2016-07-03 13:00:00,Rat_lodging_Ben,436.47,21.7,8.0,16.1,1020.8,2.6,13,7,7,185,32516.0,1949.0,Mixed
2016-07-03 14:00:00,Rat_lodging_Ben,436.11,21.7,8.0,16.1,1020.6,1.5,14,7,7,185,32516.0,1949.0,Mixed
2016-07-03 15:00:00,Rat_lodging_Ben,423.79,21.7,8.0,16.1,1020.1,2.1,15,7,7,185,32516.0,1949.0,Mixed
2016-07-03 16:00:00,Rat_lodging_Ben,408.06,21.7,8.0,16.1,1019.8,2.1,16,7,7,185,32516.0,1949.0,Mixed
2016-07-03 17:00:00,Rat_lodging_Ben,408.26,21.1,7.333333333333333,16.7,1019.8,3.1,17,7,7,185,32516.0,1949.0,Mixed
2016-07-03 18:00:00,Rat_lodging_Ben,396.57,21.1,6.666666666666667,17.2,1019.8,2.6,18,7,7,185,32516.0,1949.0,Mixed
2016-07-03 19:00:00,Rat_lodging_Ben,395.61,20.6,6.0,17.8,1019.7,2.6,19,7,7,185,32516.0,1949.0,Mixed
2016-07-03 20:00:00,Rat_lodging_Ben,398.44,20.6,6.666666666666667,18.3,1019.5,2.6,20,7,7,185,32516.0,1949.0,Mixed
2016-07-03 21:00:00,Rat_lodging_Ben,398.41,20.6,7.333333333333333,18.3,1019.8,2.6,21,7,7,185,32516.0,1949.0,Mixed
2016-07-03 22:00:00,Rat_lodging_Ben,378.37,21.1,8.0,18.9,1020.0,2.6,22,7,7,185,32516.0,1949.0,Mixed
2016-07-03 23:00:00,Rat_lodging_Ben,374.18,20.6,8.0,18.3,1019.8,1.5,23,7,7,185,32516.0,1949.0,Mixed
2016-07-04 00:00:00,Rat_lodging_Ben,361.08,20.6,8.0,18.3,1019.7,1.5,0,1,7,186,32516.0,1949.0,Mixed
2016-07-04 01:00:00,Rat_lodging_Ben,360.55,20.6,8.0,18.3,1019.5,2.1,1,1,7,186,32516.0,1949.0,Mixed
2016-07-04 02:00:00,Rat_lodging_Ben,353.99,20.6,8.0,18.3,1019.1,2.6,2,1,7,186,32516.0,1949.0,Mixed
2016-07-04 03:00:00,Rat_lodging_Ben,359.54,20.6,8.0,18.3,1018.9,2.1,3,1,7,186,32516.0,1949.0,Mixed
2016-07-04 04:00:00,Rat_lodging_Ben,359.14,20.0,8.0,18.9,1018.8,2.1,4,1,7,186,32516.0,1949.0,Mixed
2016-07-04 05:00:00,Rat_lodging_Ben,358.24,20.0,8.0,18.3,1019.2,3.1,5,1,7,186,32516.0,1949.0,Mixed
2016-07-04 06:00:00,Rat_lodging_Ben,376.28,20.6,8.0,18.9,1019.2,3.1,6,1,7,186,32516.0,1949.0,Mixed
2016-07-04 07:00:00,Rat_lodging_Ben,399.3,21.1,8.0,18.9,1019.2,4.1,7,1,7,186,32516.0,1949.0,Mixed
2016-07-04 08:00:00,Rat_lodging_Ben,415.08,21.1,8.0,18.9,1019.2,5.1,8,1,7,186,32516.0,1949.0,Mixed
2016-07-04 09:00:00,Rat_lodging_Ben,417.44,21.1,8.0,18.9,1019.3,3.6,9,1,7,186,32516.0,1949.0,Mixed
2016-07-04 10:00:00,Rat_lodging_Ben,432.49,21.7,8.0,18.9,1019.0,4.1,10,1,7,186,32516.0,1949.0,Mixed
2016-07-04 11:00:00,Rat_lodging_Ben,435.06,21.7,8.0,18.9,1018.8,4.1,11,1,7,186,32516.0,1949.0,Mixed
2016-07-04 12:00:00,Rat_lodging_Ben,431.26,22.2,8.0,19.4,1018.5,3.1,12,1,7,186,32516.0,1949.0,Mixed
2016-07-04 13:00:00,Rat_lodging_Ben,423.96,22.2,8.0,20.0,1018.1,3.6,13,1,7,186,32516.0,1949.0,Mixed
2016-07-04 14:00:00,Rat_lodging_Ben,411.83,22.2,8.0,20.6,1017.2,4.1,14,1,7,186,32516.0,1949.0,Mixed
2016-07-04 15:00:00,Rat_lodging_Ben,409.76,22.2,8.0,21.1,1016.3,5.7,15,1,7,186,32516.0,1949.0,Mixed
2016-07-04 16:00:00,Rat_lodging_Ben,408.8,22.8,8.0,21.1,1015.2,5.1,16,1,7,186,32516.0,1949.0,Mixed
2016-07-04 17:00:00,Rat_lodging_Ben,413.63,22.8,8.0,21.7,1015.0,5.7,17,1,7,186,32516.0,1949.0,Mixed
2016-07-04 18:00:00,Rat_lodging_Ben,422.06,22.8,8.0,21.7,1014.5,5.1,18,1,7,186,32516.0,1949.0,Mixed
2016-07-04 19:00:00,Rat_lodging_Ben,421.52,22.8,8.0,21.7,1014.0,0.0,19,1,7,186,32516.0,1949.0,Mixed
2016-07-04 20:00:00,Rat_lodging_Ben,423.79,22.8,8.0,22.2,1013.4,5.7,20,1,7,186,32516.0,1949.0,Mixed
2016-07-04 21:00:00,Rat_lodging_Ben,426.72,23.3,8.0,22.2,1013.8,5.1,21,1,7,186,32516.0,1949.0,Mixed
2016-07-04 22:00:00,Rat_lodging_Ben,411.65,23.3,8.0,22.8,1013.2,4.6,22,1,7,186,32516.0,1949.0,Mixed
2016-07-04 23:00:00,Rat_lodging_Ben,410.14,23.3,7.888888888888889,22.2,1012.3,5.7,23,1,7,186,32516.0,1949.0,Mixed
2016-07-05 00:00:00,Rat_lodging_Ben,406.16,23.3,7.777777777777778,22.2,1011.7,4.1,0,2,7,187,32516.0,1949.0,Mixed
2016-07-05 01:00:00,Rat_lodging_Ben,403.86,23.9,7.666666666666667,22.8,1011.3,5.1,1,2,7,187,32516.0,1949.0,Mixed
2016-07-05 02:00:00,Rat_lodging_Ben,395.62,23.3,7.666666666666667,22.8,1010.5,2.1,2,2,7,187,32516.0,1949.0,Mixed
2016-07-05 03:00:00,Rat_lodging_Ben,391.83,23.3,7.666666666666667,22.8,1009.7,1.5,3,2,7,187,32516.0,1949.0,Mixed
2016-07-05 04:00:00,Rat_lodging_Ben,397.73,23.9,7.666666666666667,22.8,1009.8,1.5,4,2,7,187,32516.0,1949.0,Mixed
2016-07-05 05:00:00,Rat_lodging_Ben,420.83,23.3,7.666666666666667,22.8,1010.3,3.1,5,2,7,187,32516.0,1949.0,Mixed
2016-07-05 06:00:00,Rat_lodging_Ben,442.62,23.9,7.666666666666667,22.2,1010.6,3.1,6,2,7,187,32516.0,1949.0,Mixed
2016-07-05 07:00:00,Rat_lodging_Ben,461.9,24.4,7.666666666666667,22.8,1011.1,3.1,7,2,7,187,32516.0,1949.0,Mixed
2016-07-05 08:00:00,Rat_lodging_Ben,472.69,26.7,7.666666666666667,22.8,1011.1,4.1,8,2,7,187,32516.0,1949.0,Mixed
2016-07-05 09:00:00,Rat_lodging_Ben,494.99,27.8,7.666666666666667,22.8,1011.1,4.6,9,2,7,187,32516.0,1949.0,Mixed
2016-07-05 10:00:00,Rat_lodging_Ben,514.02,29.4,7.666666666666667,22.2,1011.3,4.6,10,2,7,187,32516.0,1949.0,Mixed
2016-07-05 11:00:00,Rat_lodging_Ben,520.24,30.0,7.666666666666667,21.1,1011.3,5.1,11,2,7,187,32516.0,1949.0,Mixed
2016-07-05 12:00:00,Rat_lodging_Ben,519.41,30.6,7.666666666666667,21.1,1011.2,4.1,12,2,7,187,32516.0,1949.0,Mixed
2016-07-05 13:00:00,Rat_lodging_Ben,520.91,32.2,7.666666666666667,21.1,1010.9,6.2,13,2,7,187,32516.0,1949.0,Mixed
2016-07-05 14:00:00,Rat_lodging_Ben,523.08,31.7,7.666666666666667,21.7,1010.8,3.6,14,2,7,187,32516.0,1949.0,Mixed
2016-07-05 15:00:00,Rat_lodging_Ben,530.69,32.8,7.666666666666667,22.2,1010.4,4.6,15,2,7,187,32516.0,1949.0,Mixed
2016-07-05 16:00:00,Rat_lodging_Ben,522.35,31.7,6.0,21.1,1010.3,5.1,16,2,7,187,32516.0,1949.0,Mixed
2016-07-05 17:00:00,Rat_lodging_Ben,522.32,31.7,5.555555555555555,21.7,1010.4,4.1,17,2,7,187,32516.0,1949.0,Mixed
2016-07-05 18:00:00,Rat_lodging_Ben,508.99,31.7,5.111111111111111,21.7,1010.6,4.1,18,2,7,187,32516.0,1949.0,Mixed
2016-07-05 19:00:00,Rat_lodging_Ben,499.7,30.6,4.666666666666667,21.1,1010.8,3.1,19,2,7,187,32516.0,1949.0,Mixed
2016-07-05 20:00:00,Rat_lodging_Ben,493.83,28.3,4.666666666666667,23.9,1011.1,3.1,20,2,7,187,32516.0,1949.0,Mixed
2016-07-05 21:00:00,Rat_lodging_Ben,480.1,27.8,4.666666666666667,23.9,1011.9,3.6,21,2,7,187,32516.0,1949.0,Mixed
2016-07-05 22:00:00,Rat_lodging_Ben,463.06,27.2,4.666666666666667,23.9,1012.4,3.1,22,2,7,187,32516.0,1949.0,Mixed
2016-07-05 23:00:00,Rat_lodging_Ben,452.87,26.1,4.666666666666667,24.4,1012.3,2.1,23,2,7,187,32516.0,1949.0,Mixed
2016-07-06 00:00:00,Rat_lodging_Ben,448.04,26.7,4.666666666666667,23.9,1012.1,0.0,0,3,7,188,32516.0,1949.0,Mixed
2016-07-06 01:00:00,Rat_lodging_Ben,445.79,26.1,2.0,23.9,1011.8,1.5,1,3,7,188,32516.0,1949.0,Mixed
2016-07-06 02:00:00,Rat_lodging_Ben,440.38,25.6,2.4444444444444446,23.9,1011.8,0.0,2,3,7,188,32516.0,1949.0,Mixed
2016-07-06 03:00:00,Rat_lodging_Ben,440.32,25.0,2.888888888888889,23.9,1011.7,1.5,3,3,7,188,32516.0,1949.0,Mixed
2016-07-06 04:00:00,Rat_lodging_Ben,442.29,25.0,3.333333333333333,23.3,1011.8,2.1,4,3,7,188,32516.0,1949.0,Mixed
2016-07-06 05:00:00,Rat_lodging_Ben,446.97,25.0,3.333333333333333,23.9,1012.3,0.0,5,3,7,188,32516.0,1949.0,Mixed
2016-07-06 06:00:00,Rat_lodging_Ben,480.53,26.1,3.333333333333333,22.8,1012.8,1.5,6,3,7,188,32516.0,1949.0,Mixed
2016-07-06 07:00:00,Rat_lodging_Ben,508.4,27.2,3.333333333333333,22.8,1013.1,3.1,7,3,7,188,32516.0,1949.0,Mixed
2016-07-06 08:00:00,Rat_lodging_Ben,513.5,27.8,3.333333333333333,22.8,1013.4,3.1,8,3,7,188,32516.0,1949.0,Mixed
2016-07-06 09:00:00,Rat_lodging_Ben,524.8,28.9,3.333333333333333,22.8,1013.2,3.1,9,3,7,188,32516.0,1949.0,Mixed
2016-07-06 10:00:00,Rat_lodging_Ben,531.85,31.1,6.0,23.3,1013.0,2.1,10,3,7,188,32516.0,1949.0,Mixed
2016-07-06 11:00:00,Rat_lodging_Ben,532.72,31.7,6.0,22.2,1013.0,2.6,11,3,7,188,32516.0,1949.0,Mixed
2016-07-06 12:00:00,Rat_lodging_Ben,524.95,31.7,6.0,21.1,1012.8,3.1,12,3,7,188,32516.0,1949.0,Mixed
2016-07-06 13:00:00,Rat_lodging_Ben,524.61,32.2,6.0,22.8,1012.1,1.5,13,3,7,188,32516.0,1949.0,Mixed
2016-07-06 14:00:00,Rat_lodging_Ben,541.52,33.3,6.0,22.2,1011.5,2.1,14,3,7,188,32516.0,1949.0,Mixed
2016-07-06 15:00:00,Rat_lodging_Ben,532.27,32.8,6.0,20.6,1010.8,1.5,15,3,7,188,32516.0,1949.0,Mixed
2016-07-06 16:00:00,Rat_lodging_Ben,521.54,34.4,6.0,20.6,1010.3,1.5,16,3,7,188,32516.0,1949.0,Mixed
2016-07-06 17:00:00,Rat_lodging_Ben,507.95,33.9,5.0,20.6,1010.2,2.6,17,3,7,188,32516.0,1949.0,Mixed
2016-07-06 18:00:00,Rat_lodging_Ben,504.5,32.8,4.0,21.1,1010.3,2.1,18,3,7,188,32516.0,1949.0,Mixed
2016-07-06 19:00:00,Rat_lodging_Ben,494.0,30.6,4.0,22.8,1010.4,2.6,19,3,7,188,32516.0,1949.0,Mixed
2016-07-06 20:00:00,Rat_lodging_Ben,488.1,30.6,4.0,21.7,1010.6,3.1,20,3,7,188,32516.0,1949.0,Mixed
2016-07-06 21:00:00,Rat_lodging_Ben,479.18,28.9,2.0,22.8,1010.8,3.1,21,3,7,188,32516.0,1949.0,Mixed
2016-07-06 22:00:00,Rat_lodging_Ben,465.36,28.9,2.0,22.8,1011.1,2.6,22,3,7,188,32516.0,1949.0,Mixed
2016-07-06 23:00:00,Rat_lodging_Ben,458.34,27.8,2.0,23.3,1011.1,3.1,23,3,7,188,32516.0,1949.0,Mixed
2016-07-07 00:00:00,Rat_lodging_Ben,451.7,27.2,0.0,24.4,1011.0,3.1,0,4,7,189,32516.0,1949.0,Mixed
2016-07-07 01:00:00,Rat_lodging_Ben,448.93,26.7,0.0,24.4,1010.6,3.1,1,4,7,189,32516.0,1949.0,Mixed
2016-07-07 02:00:00,Rat_lodging_Ben,446.47,26.1,0.0,24.4,1009.8,2.6,2,4,7,189,32516.0,1949.0,Mixed
2016-07-07 03:00:00,Rat_lodging_Ben,443.2,25.6,0.0,24.4,1009.0,3.1,3,4,7,189,32516.0,1949.0,Mixed
2016-07-07 04:00:00,Rat_lodging_Ben,440.31,25.6,4.0,23.9,1009.0,2.1,4,4,7,189,32516.0,1949.0,Mixed
2016-07-07 05:00:00,Rat_lodging_Ben,463.08,25.0,4.0,23.9,1009.7,2.1,5,4,7,189,32516.0,1949.0,Mixed
2016-07-07 06:00:00,Rat_lodging_Ben,494.2,25.6,4.0,23.9,1010.0,2.6,6,4,7,189,32516.0,1949.0,Mixed
2016-07-07 07:00:00,Rat_lodging_Ben,500.63,26.7,4.0,23.9,1010.9,2.1,7,4,7,189,32516.0,1949.0,Mixed
2016-07-07 08:00:00,Rat_lodging_Ben,536.61,30.0,4.666666666666667,21.1,1011.1,3.6,8,4,7,189,32516.0,1949.0,Mixed
2016-07-07 09:00:00,Rat_lodging_Ben,515.15,30.6,5.333333333333333,21.1,1010.9,5.7,9,4,7,189,32516.0,1949.0,Mixed
2016-07-07 10:00:00,Rat_lodging_Ben,537.51,31.1,6.0,21.7,1010.5,4.1,10,4,7,189,32516.0,1949.0,Mixed
2016-07-07 11:00:00,Rat_lodging_Ben,584.24,31.7,4.0,21.1,1010.5,4.6,11,4,7,189,32516.0,1949.0,Mixed
2016-07-07 12:00:00,Rat_lodging_Ben,598.05,32.8,5.0,21.7,1010.2,2.6,12,4,7,189,32516.0,1949.0,Mixed
2016-07-07 13:00:00,Rat_lodging_Ben,589.58,33.3,6.0,21.1,1009.3,3.6,13,4,7,189,32516.0,1949.0,Mixed
2016-07-07 14:00:00,Rat_lodging_Ben,593.24,32.2,6.666666666666667,21.7,1008.9,4.6,14,4,7,189,32516.0,1949.0,Mixed
2016-07-07 15:00:00,Rat_lodging_Ben,589.14,33.9,7.333333333333333,21.1,1008.8,3.6,15,4,7,189,32516.0,1949.0,Mixed
2016-07-07 16:00:00,Rat_lodging_Ben,577.28,31.7,8.0,21.7,1008.9,5.7,16,4,7,189,32516.0,1949.0,Mixed
2016-07-07 17:00:00,Rat_lodging_Ben,570.81,32.2,7.333333333333333,21.7,1008.6,4.1,17,4,7,189,32516.0,1949.0,Mixed
2016-07-07 18:00:00,Rat_lodging_Ben,562.44,31.7,6.666666666666667,21.1,1008.6,5.1,18,4,7,189,32516.0,1949.0,Mixed
2016-07-07 19:00:00,Rat_lodging_Ben,546.3,30.6,6.0,21.1,1009.0,4.6,19,4,7,189,32516.0,1949.0,Mixed
2016-07-07 20:00:00,Rat_lodging_Ben,541.88,30.6,6.0,21.1,1009.6,3.1,20,4,7,189,32516.0,1949.0,Mixed
2016-07-07 21:00:00,Rat_lodging_Ben,529.89,29.4,6.0,20.6,1009.4,3.6,21,4,7,189,32516.0,1949.0,Mixed
2016-07-07 22:00:00,Rat_lodging_Ben,511.04,29.4,6.0,20.6,1009.7,3.1,22,4,7,189,32516.0,1949.0,Mixed
2016-07-07 23:00:00,Rat_lodging_Ben,505.88,28.9,6.0,20.6,1010.1,3.6,23,4,7,189,32516.0,1949.0,Mixed
2016-07-08 00:00:00,Rat_lodging_Ben,498.05,28.3,6.0,20.6,1009.8,5.1,0,5,7,190,32516.0,1949.0,Mixed
2016-07-08 01:00:00,Rat_lodging_Ben,492.4,27.8,6.0,20.0,1009.2,1.5,1,5,7,190,32516.0,1949.0,Mixed
2016-07-08 02:00:00,Rat_lodging_Ben,465.64,26.1,4.0,20.0,1009.3,2.6,2,5,7,190,32516.0,1949.0,Mixed
2016-07-08 03:00:00,Rat_lodging_Ben,462.86,26.7,0.0,20.0,1009.2,0.0,3,5,7,190,32516.0,1949.0,Mixed
2016-07-08 04:00:00,Rat_lodging_Ben,464.42,26.1,2.0,20.0,1009.3,1.5,4,5,7,190,32516.0,1949.0,Mixed
2016-07-08 05:00:00,Rat_lodging_Ben,481.34,25.6,4.0,20.0,1009.9,2.1,5,5,7,190,32516.0,1949.0,Mixed
2016-07-08 06:00:00,Rat_lodging_Ben,522.45,26.1,4.0,20.0,1010.2,1.5,6,5,7,190,32516.0,1949.0,Mixed
2016-07-08 07:00:00,Rat_lodging_Ben,544.01,27.2,4.0,20.6,1010.1,5.7,7,5,7,190,32516.0,1949.0,Mixed
2016-07-08 08:00:00,Rat_lodging_Ben,557.19,28.3,4.0,21.1,1010.4,4.1,8,5,7,190,32516.0,1949.0,Mixed
2016-07-08 09:00:00,Rat_lodging_Ben,571.4,29.4,4.0,21.7,1010.3,4.1,9,5,7,190,32516.0,1949.0,Mixed
2016-07-08 10:00:00,Rat_lodging_Ben,574.84,30.6,4.0,22.2,1010.4,4.6,10,5,7,190,32516.0,1949.0,Mixed
2016-07-08 11:00:00,Rat_lodging_Ben,609.85,32.2,4.0,21.7,1009.9,1.5,11,5,7,190,32516.0,1949.0,Mixed
2016-07-08 12:00:00,Rat_lodging_Ben,645.04,31.7,5.0,22.2,1009.5,3.1,12,5,7,190,32516.0,1949.0,Mixed
2016-07-08 13:00:00,Rat_lodging_Ben,633.27,31.7,6.0,22.8,1009.0,6.2,13,5,7,190,32516.0,1949.0,Mixed
2016-07-08 14:00:00,Rat_lodging_Ben,601.97,31.7,5.6,22.8,1008.4,5.1,14,5,7,190,32516.0,1949.0,Mixed
2016-07-08 15:00:00,Rat_lodging_Ben,586.83,27.8,5.2,23.3,1008.8,10.8,15,5,7,190,32516.0,1949.0,Mixed
2016-07-08 16:00:00,Rat_lodging_Ben,569.87,27.8,4.8,23.9,1008.7,1.5,16,5,7,190,32516.0,1949.0,Mixed
2016-07-08 17:00:00,Rat_lodging_Ben,560.44,28.9,4.8,23.9,1008.9,0.0,17,5,7,190,32516.0,1949.0,Mixed
2016-07-08 18:00:00,Rat_lodging_Ben,558.83,28.9,4.0,25.0,1008.5,5.1,18,5,7,190,32516.0,1949.0,Mixed
2016-07-08 19:00:00,Rat_lodging_Ben,543.65,31.1,4.5,21.1,1008.6,4.6,19,5,7,190,32516.0,1949.0,Mixed
2016-07-08 20:00:00,Rat_lodging_Ben,527.7,27.8,5.0,24.4,1008.7,3.1,20,5,7,190,32516.0,1949.0,Mixed
2016-07-08 21:00:00,Rat_lodging_Ben,516.09,27.2,5.5,25.0,1009.0,3.6,21,5,7,190,32516.0,1949.0,Mixed
2016-07-08 22:00:00,Rat_lodging_Ben,504.31,26.7,6.0,24.4,1008.4,2.6,22,5,7,190,32516.0,1949.0,Mixed
2016-07-08 23:00:00,Rat_lodging_Ben,507.59,26.1,5.333333333333333,23.9,1008.8,2.1,23,5,7,190,32516.0,1949.0,Mixed
2016-07-09 00:00:00,Rat_lodging_Ben,487.42,26.1,4.666666666666667,23.9,1008.9,0.0,0,6,7,191,32516.0,1949.0,Mixed
2016-07-09 01:00:00,Rat_lodging_Ben,482.76,26.1,4.0,23.9,1008.9,0.0,1,6,7,191,32516.0,1949.0,Mixed
2016-07-09 02:00:00,Rat_lodging_Ben,472.43,26.1,4.0,24.4,1008.7,0.0,2,6,7,191,32516.0,1949.0,Mixed
2016-07-09 03:00:00,Rat_lodging_Ben,465.72,26.1,5.0,22.2,1008.6,3.6,3,6,7,191,32516.0,1949.0,Mixed
2016-07-09 04:00:00,Rat_lodging_Ben,442.13,26.1,6.0,19.4,1008.7,4.1,4,6,7,191,32516.0,1949.0,Mixed
2016-07-09 05:00:00,Rat_lodging_Ben,437.93,26.1,6.0,18.9,1009.0,4.6,5,6,7,191,32516.0,1949.0,Mixed
2016-07-09 06:00:00,Rat_lodging_Ben,454.3,25.6,6.0,19.4,1009.4,4.6,6,6,7,191,32516.0,1949.0,Mixed
2016-07-09 07:00:00,Rat_lodging_Ben,462.98,26.7,6.0,19.4,1009.8,6.2,7,6,7,191,32516.0,1949.0,Mixed
2016-07-09 08:00:00,Rat_lodging_Ben,479.82,28.3,6.0,20.0,1010.1,4.6,8,6,7,191,32516.0,1949.0,Mixed
2016-07-09 09:00:00,Rat_lodging_Ben,493.54,28.9,6.0,20.6,1010.2,4.1,9,6,7,191,32516.0,1949.0,Mixed
2016-07-09 10:00:00,Rat_lodging_Ben,514.21,30.0,6.0,21.7,1009.9,3.6,10,6,7,191,32516.0,1949.0,Mixed
2016-07-09 11:00:00,Rat_lodging_Ben,514.27,30.6,6.0,21.1,1009.7,2.1,11,6,7,191,32516.0,1949.0,Mixed
2016-07-09 12:00:00,Rat_lodging_Ben,510.13,32.2,6.0,21.1,1009.4,3.6,12,6,7,191,32516.0,1949.0,Mixed
2016-07-09 13:00:00,Rat_lodging_Ben,505.3,32.8,6.0,20.6,1009.0,4.6,13,6,7,191,32516.0,1949.0,Mixed
2016-07-09 14:00:00,Rat_lodging_Ben,507.59,33.3,5.666666666666667,20.0,1008.7,2.1,14,6,7,191,32516.0,1949.0,Mixed
2016-07-09 15:00:00,Rat_lodging_Ben,503.91,32.766666666666666,5.333333333333333,20.366666666666667,1008.6333333333333,3.3,15,6,7,191,32516.0,1949.0,Mixed
2016-07-09 16:00:00,Rat_lodging_Ben,482.05,32.233333333333334,5.0,20.733333333333334,1008.5666666666667,4.5,16,6,7,191,32516.0,1949.0,Mixed
2016-07-09 17:00:00,Rat_lodging_Ben,481.9,31.7,5.0,21.1,1008.5,5.7,17,6,7,191,32516.0,1949.0,Mixed
2016-07-09 18:00:00,Rat_lodging_Ben,480.19,30.6,5.0,22.2,1008.5,5.1,18,6,7,191,32516.0,1949.0,Mixed
2016-07-09 19:00:00,Rat_lodging_Ben,473.36,29.75,4.0,19.15,1009.2,4.6,19,6,7,191,32516.0,1949.0,Mixed
2016-07-09 21:00:00,Rat_lodging_Ben,460.9,28.9,2.0,16.1,1009.9,4.1,21,6,7,191,32516.0,1949.0,Mixed
2016-07-09 23:00:00,Rat_lodging_Ben,436.92,27.8,2.0,16.1,1011.2,4.1,23,6,7,191,32516.0,1949.0,Mixed
2016-07-10 01:00:00,Rat_lodging_Ben,422.01,25.6,2.4,16.1,1011.1,2.6,1,7,7,192,32516.0,1949.0,Mixed
2016-07-10 02:00:00,Rat_lodging_Ben,412.78,25.0,2.8,16.7,1011.5,2.1,2,7,7,192,32516.0,1949.0,Mixed
2016-07-10 03:00:00,Rat_lodging_Ben,411.73,25.0,3.2,16.1,1011.8,2.6,3,7,7,192,32516.0,1949.0,Mixed
2016-07-10 04:00:00,Rat_lodging_Ben,413.29,23.9,3.2,16.7,1012.2,2.6,4,7,7,192,32516.0,1949.0,Mixed
2016-07-10 05:00:00,Rat_lodging_Ben,410.64,23.9,3.2,15.6,1012.8,4.1,5,7,7,192,32516.0,1949.0,Mixed
2016-07-10 06:00:00,Rat_lodging_Ben,421.82,23.3,3.2,16.1,1013.5,3.1,6,7,7,192,32516.0,1949.0,Mixed
2016-07-10 07:00:00,Rat_lodging_Ben,436.82,24.4,3.2,15.6,1013.9,3.6,7,7,7,192,32516.0,1949.0,Mixed
2016-07-10 08:00:00,Rat_lodging_Ben,447.31,25.6,3.2,15.6,1014.3,5.1,8,7,7,192,32516.0,1949.0,Mixed
2016-07-10 09:00:00,Rat_lodging_Ben,458.62,26.1,3.2,16.1,1014.3,5.7,9,7,7,192,32516.0,1949.0,Mixed
2016-07-10 10:00:00,Rat_lodging_Ben,458.28,27.2,6.0,16.1,1014.6,7.2,10,7,7,192,32516.0,1949.0,Mixed
2016-07-10 11:00:00,Rat_lodging_Ben,465.79,27.2,5.0,15.6,1015.1,7.2,11,7,7,192,32516.0,1949.0,Mixed
2016-07-10 12:00:00,Rat_lodging_Ben,463.75,28.3,4.0,16.1,1015.0,5.1,12,7,7,192,32516.0,1949.0,Mixed
2016-07-10 13:00:00,Rat_lodging_Ben,465.99,27.8,6.0,15.6,1014.9,3.6,13,7,7,192,32516.0,1949.0,Mixed
2016-07-10 14:00:00,Rat_lodging_Ben,472.54,28.3,4.0,16.7,1014.4,5.1,14,7,7,192,32516.0,1949.0,Mixed
2016-07-10 15:00:00,Rat_lodging_Ben,462.08,29.4,4.0,16.7,1014.2,3.1,15,7,7,192,32516.0,1949.0,Mixed
2016-07-10 16:00:00,Rat_lodging_Ben,460.93,29.4,4.0,16.1,1014.3,4.1,16,7,7,192,32516.0,1949.0,Mixed
2016-07-10 17:00:00,Rat_lodging_Ben,455.33,29.4,4.0,16.1,1014.1,4.1,17,7,7,192,32516.0,1949.0,Mixed
2016-07-10 18:00:00,Rat_lodging_Ben,455.21,29.4,5.0,16.1,1014.3,4.1,18,7,7,192,32516.0,1949.0,Mixed
2016-07-10 19:00:00,Rat_lodging_Ben,445.95,28.9,6.0,15.6,1014.6,2.6,19,7,7,192,32516.0,1949.0,Mixed
2016-07-10 20:00:00,Rat_lodging_Ben,442.36,27.8,4.0,15.6,1014.8,3.1,20,7,7,192,32516.0,1949.0,Mixed
2016-07-10 21:00:00,Rat_lodging_Ben,441.75,27.2,2.0,15.6,1015.6,2.6,21,7,7,192,32516.0,1949.0,Mixed
2016-07-10 22:00:00,Rat_lodging_Ben,428.54,26.7,3.0,16.1,1015.9,4.1,22,7,7,192,32516.0,1949.0,Mixed
2016-07-10 23:00:00,Rat_lodging_Ben,418.92,25.6,4.0,16.1,1016.4,4.1,23,7,7,192,32516.0,1949.0,Mixed
2016-07-11 00:00:00,Rat_lodging_Ben,408.97,25.0,4.0,16.1,1016.8,4.1,0,1,7,193,32516.0,1949.0,Mixed
2016-07-11 01:00:00,Rat_lodging_Ben,400.21,25.0,4.0,15.0,1016.9,4.1,1,1,7,193,32516.0,1949.0,Mixed
2016-07-11 02:00:00,Rat_lodging_Ben,398.38,22.8,4.0,16.7,1017.2,5.7,2,1,7,193,32516.0,1949.0,Mixed
2016-07-11 03:00:00,Rat_lodging_Ben,393.05,23.3,4.0,16.7,1017.8,4.1,3,1,7,193,32516.0,1949.0,Mixed
2016-07-11 04:00:00,Rat_lodging_Ben,391.22,22.2,4.0,15.6,1018.0,4.1,4,1,7,193,32516.0,1949.0,Mixed
2016-07-11 05:00:00,Rat_lodging_Ben,400.83,21.7,4.0,15.6,1018.4,2.1,5,1,7,193,32516.0,1949.0,Mixed
2016-07-11 06:00:00,Rat_lodging_Ben,437.35,21.7,4.0,15.0,1018.8,3.6,6,1,7,193,32516.0,1949.0,Mixed
2016-07-11 07:00:00,Rat_lodging_Ben,459.46,23.3,4.0,15.6,1019.3,2.1,7,1,7,193,32516.0,1949.0,Mixed
2016-07-11 08:00:00,Rat_lodging_Ben,470.74,24.4,4.0,16.1,1020.0,1.5,8,1,7,193,32516.0,1949.0,Mixed
2016-07-11 09:00:00,Rat_lodging_Ben,471.38,26.1,4.0,15.6,1020.1,0.0,9,1,7,193,32516.0,1949.0,Mixed
2016-07-11 10:00:00,Rat_lodging_Ben,491.77,27.2,4.0,15.6,1020.2,1.5,10,1,7,193,32516.0,1949.0,Mixed
2016-07-11 11:00:00,Rat_lodging_Ben,492.81,27.8,4.0,14.4,1019.7,0.0,11,1,7,193,32516.0,1949.0,Mixed
2016-07-11 12:00:00,Rat_lodging_Ben,487.54,28.3,4.0,15.6,1019.3,1.5,12,1,7,193,32516.0,1949.0,Mixed
2016-07-11 13:00:00,Rat_lodging_Ben,503.31,28.9,4.0,15.6,1019.0,1.5,13,1,7,193,32516.0,1949.0,Mixed
2016-07-11 14:00:00,Rat_lodging_Ben,512.92,29.4,4.0,16.7,1018.3,2.1,14,1,7,193,32516.0,1949.0,Mixed
2016-07-11 15:00:00,Rat_lodging_Ben,506.95,30.0,4.0,16.7,1018.0,2.6,15,1,7,193,32516.0,1949.0,Mixed
2016-07-11 16:00:00,Rat_lodging_Ben,493.39,29.4,4.0,16.1,1018.0,2.1,16,1,7,193,32516.0,1949.0,Mixed
2016-07-11 17:00:00,Rat_lodging_Ben,485.27,30.0,4.0,16.7,1017.6,2.6,17,1,7,193,32516.0,1949.0,Mixed
2016-07-11 18:00:00,Rat_lodging_Ben,487.57,30.6,4.0,11.1,1017.7,3.1,18,1,7,193,32516.0,1949.0,Mixed
2016-07-11 19:00:00,Rat_lodging_Ben,476.34,27.2,2.0,14.45,1018.3,4.1,19,1,7,193,32516.0,1949.0,Mixed
2016-07-11 20:00:00,Rat_lodging_Ben,471.07,26.1,2.0,17.8,1018.8,3.1,20,1,7,193,32516.0,1949.0,Mixed
2016-07-11 21:00:00,Rat_lodging_Ben,451.65,25.6,2.0,17.8,1018.9,2.6,21,1,7,193,32516.0,1949.0,Mixed
2016-07-11 22:00:00,Rat_lodging_Ben,432.23,25.0,6.0,17.2,1018.8,3.1,22,1,7,193,32516.0,1949.0,Mixed
2016-07-11 23:00:00,Rat_lodging_Ben,427.41,25.0,6.0,17.8,1018.7,1.5,23,1,7,193,32516.0,1949.0,Mixed
2016-07-12 00:00:00,Rat_lodging_Ben,419.3,23.3,6.0,17.8,1018.4,2.6,0,2,7,194,32516.0,1949.0,Mixed
2016-07-12 01:00:00,Rat_lodging_Ben,413.3,23.9,6.0,16.7,1018.4,0.0,1,2,7,194,32516.0,1949.0,Mixed
2016-07-12 02:00:00,Rat_lodging_Ben,409.45,22.8,6.0,18.3,1018.4,2.1,2,2,7,194,32516.0,1949.0,Mixed
2016-07-12 03:00:00,Rat_lodging_Ben,405.79,23.3,6.0,18.9,1018.4,0.0,3,2,7,194,32516.0,1949.0,Mixed
2016-07-12 04:00:00,Rat_lodging_Ben,405.13,23.3,6.0,18.3,1018.6,0.0,4,2,7,194,32516.0,1949.0,Mixed
2016-07-12 05:00:00,Rat_lodging_Ben,414.09,23.3,4.0,18.3,1019.2,0.0,5,2,7,194,32516.0,1949.0,Mixed
2016-07-12 06:00:00,Rat_lodging_Ben,451.24,22.8,6.0,19.4,1019.7,2.1,6,2,7,194,32516.0,1949.0,Mixed
2016-07-12 07:00:00,Rat_lodging_Ben,455.16,23.3,8.0,20.0,1019.8,1.5,7,2,7,194,32516.0,1949.0,Mixed
2016-07-12 08:00:00,Rat_lodging_Ben,479.9,25.0,8.0,21.7,1020.1,2.6,8,2,7,194,32516.0,1949.0,Mixed
2016-07-12 09:00:00,Rat_lodging_Ben,503.65,26.7,8.0,21.7,1020.1,4.1,9,2,7,194,32516.0,1949.0,Mixed
2016-07-12 10:00:00,Rat_lodging_Ben,531.8,28.3,8.0,20.6,1019.8,4.1,10,2,7,194,32516.0,1949.0,Mixed
2016-07-12 11:00:00,Rat_lodging_Ben,539.93,28.9,7.333333333333333,20.0,1019.8,4.6,11,2,7,194,32516.0,1949.0,Mixed
2016-07-12 12:00:00,Rat_lodging_Ben,526.94,29.4,6.666666666666667,20.6,1019.6,5.7,12,2,7,194,32516.0,1949.0,Mixed
2016-07-12 13:00:00,Rat_lodging_Ben,527.12,28.3,6.0,20.0,1019.2,5.1,13,2,7,194,32516.0,1949.0,Mixed
2016-07-12 14:00:00,Rat_lodging_Ben,524.22,30.6,6.0,20.0,1018.5,6.2,14,2,7,194,32516.0,1949.0,Mixed
2016-07-12 15:00:00,Rat_lodging_Ben,522.09,30.0,6.0,18.9,1018.0,4.1,15,2,7,194,32516.0,1949.0,Mixed
2016-07-12 16:00:00,Rat_lodging_Ben,511.18,30.0,6.0,17.8,1017.5,5.7,16,2,7,194,32516.0,1949.0,Mixed
2016-07-12 17:00:00,Rat_lodging_Ben,503.26,30.0,5.0,20.0,1017.3,5.1,17,2,7,194,32516.0,1949.0,Mixed
2016-07-12 18:00:00,Rat_lodging_Ben,489.34,28.9,4.0,21.1,1017.3,5.7,18,2,7,194,32516.0,1949.0,Mixed
2016-07-12 19:00:00,Rat_lodging_Ben,485.37,27.8,6.0,20.0,1017.1,5.1,19,2,7,194,32516.0,1949.0,Mixed
2016-07-12 20:00:00,Rat_lodging_Ben,477.13,27.2,5.0,20.0,1017.3,5.7,20,2,7,194,32516.0,1949.0,Mixed
2016-07-12 21:00:00,Rat_lodging_Ben,464.75,26.1,4.0,20.0,1017.4,5.1,21,2,7,194,32516.0,1949.0,Mixed
2016-07-12 22:00:00,Rat_lodging_Ben,445.94,25.6,6.0,20.0,1017.7,3.6,22,2,7,194,32516.0,1949.0,Mixed
2016-07-12 23:00:00,Rat_lodging_Ben,432.8,25.6,6.666666666666667,20.0,1017.9,5.1,23,2,7,194,32516.0,1949.0,Mixed
2016-07-13 00:00:00,Rat_lodging_Ben,425.41,25.6,7.333333333333333,20.0,1018.4,4.1,0,3,7,195,32516.0,1949.0,Mixed
2016-07-13 01:00:00,Rat_lodging_Ben,423.16,25.0,8.0,20.6,1018.2,2.6,1,3,7,195,32516.0,1949.0,Mixed
2016-07-13 02:00:00,Rat_lodging_Ben,419.45,24.4,8.0,21.7,1017.7,2.6,2,3,7,195,32516.0,1949.0,Mixed
2016-07-13 03:00:00,Rat_lodging_Ben,423.83,23.9,8.0,22.2,1017.1,2.6,3,3,7,195,32516.0,1949.0,Mixed
2016-07-13 04:00:00,Rat_lodging_Ben,432.36,24.4,8.0,22.2,1016.9,3.1,4,3,7,195,32516.0,1949.0,Mixed
2016-07-13 05:00:00,Rat_lodging_Ben,447.29,24.4,8.0,22.8,1017.1,0.0,5,3,7,195,32516.0,1949.0,Mixed
2016-07-13 06:00:00,Rat_lodging_Ben,479.06,25.0,8.0,22.8,1017.1,2.6,6,3,7,195,32516.0,1949.0,Mixed
2016-07-13 07:00:00,Rat_lodging_Ben,491.8,25.0,8.0,22.8,1017.4,2.1,7,3,7,195,32516.0,1949.0,Mixed
2016-07-13 08:00:00,Rat_lodging_Ben,505.78,25.6,7.333333333333333,23.3,1017.7,2.6,8,3,7,195,32516.0,1949.0,Mixed
2016-07-13 09:00:00,Rat_lodging_Ben,523.83,26.7,6.666666666666667,23.9,1017.7,2.6,9,3,7,195,32516.0,1949.0,Mixed
2016-07-13 10:00:00,Rat_lodging_Ben,544.97,28.9,6.0,23.9,1017.7,2.6,10,3,7,195,32516.0,1949.0,Mixed
2016-07-13 11:00:00,Rat_lodging_Ben,550.96,29.4,5.0,23.9,1017.4,4.6,11,3,7,195,32516.0,1949.0,Mixed
2016-07-13 12:00:00,Rat_lodging_Ben,549.0,30.6,4.0,23.9,1016.6,4.1,12,3,7,195,32516.0,1949.0,Mixed
2016-07-13 13:00:00,Rat_lodging_Ben,544.2,31.7,4.5,23.3,1016.1,5.7,13,3,7,195,32516.0,1949.0,Mixed
2016-07-13 14:00:00,Rat_lodging_Ben,534.22,30.6,5.0,22.2,1016.0,3.6,14,3,7,195,32516.0,1949.0,Mixed
2016-07-13 15:00:00,Rat_lodging_Ben,553.22,31.1,5.5,23.3,1015.3,4.1,15,3,7,195,32516.0,1949.0,Mixed
2016-07-13 16:00:00,Rat_lodging_Ben,547.75,32.2,6.0,22.2,1015.0,2.1,16,3,7,195,32516.0,1949.0,Mixed
2016-07-13 17:00:00,Rat_lodging_Ben,528.95,30.6,5.333333333333333,23.3,1014.4,5.1,17,3,7,195,32516.0,1949.0,Mixed
2016-07-13 18:00:00,Rat_lodging_Ben,516.49,29.4,4.666666666666667,23.9,1014.3,5.1,18,3,7,195,32516.0,1949.0,Mixed
2016-07-13 19:00:00,Rat_lodging_Ben,510.81,28.9,4.0,24.4,1014.8,4.1,19,3,7,195,32516.0,1949.0,Mixed
2016-07-13 20:00:00,Rat_lodging_Ben,506.02,28.3,4.0,24.4,1014.3,2.6,20,3,7,195,32516.0,1949.0,Mixed
2016-07-13 21:00:00,Rat_lodging_Ben,486.4,27.8,4.0,24.4,1014.5,2.1,21,3,7,195,32516.0,1949.0,Mixed
2016-07-13 22:00:00,Rat_lodging_Ben,482.45,27.2,4.0,24.4,1014.7,1.5,22,3,7,195,32516.0,1949.0,Mixed
2016-07-13 23:00:00,Rat_lodging_Ben,467.17,26.7,4.0,24.4,1015.2,2.1,23,3,7,195,32516.0,1949.0,Mixed
2016-07-14 00:00:00,Rat_lodging_Ben,462.47,26.7,5.0,24.4,1015.3,2.6,0,4,7,196,32516.0,1949.0,Mixed
2016-07-14 01:00:00,Rat_lodging_Ben,457.79,26.1,6.0,24.4,1014.9,1.5,1,4,7,196,32516.0,1949.0,Mixed
2016-07-14 02:00:00,Rat_lodging_Ben,454.04,26.1,2.0,21.7,1014.3499999999999,3.1,2,4,7,196,32516.0,1949.0,Mixed
2016-07-14 03:00:00,Rat_lodging_Ben,446.64,24.4,2.0,21.7,1013.8,3.1,3,4,7,196,32516.0,1949.0,Mixed
2016-07-14 04:00:00,Rat_lodging_Ben,441.33,24.4,0.0,21.7,1014.1,2.1,4,4,7,196,32516.0,1949.0,Mixed
2016-07-14 05:00:00,Rat_lodging_Ben,451.5,23.9,2.0,21.1,1014.0,1.5,5,4,7,196,32516.0,1949.0,Mixed
2016-07-14 06:00:00,Rat_lodging_Ben,479.19,24.4,2.0,22.2,1013.7,2.6,6,4,7,196,32516.0,1949.0,Mixed
2016-07-14 07:00:00,Rat_lodging_Ben,481.32,25.6,2.0,22.8,1013.8,4.1,7,4,7,196,32516.0,1949.0,Mixed
2016-07-14 08:00:00,Rat_lodging_Ben,524.78,27.2,2.0,23.3,1014.2,3.6,8,4,7,196,32516.0,1949.0,Mixed
2016-07-14 09:00:00,Rat_lodging_Ben,603.6,30.0,2.0,23.9,1014.2,3.1,9,4,7,196,32516.0,1949.0,Mixed
2016-07-14 10:00:00,Rat_lodging_Ben,619.51,31.1,2.0,24.4,1014.1,4.6,10,4,7,196,32516.0,1949.0,Mixed
2016-07-14 11:00:00,Rat_lodging_Ben,621.33,32.8,2.0,24.4,1013.9,6.2,11,4,7,196,32516.0,1949.0,Mixed
2016-07-14 12:00:00,Rat_lodging_Ben,599.52,35.0,4.0,20.0,1013.5,6.7,12,4,7,196,32516.0,1949.0,Mixed
2016-07-14 13:00:00,Rat_lodging_Ben,598.76,36.1,4.0,21.1,1012.9,7.7,13,4,7,196,32516.0,1949.0,Mixed
2016-07-14 14:00:00,Rat_lodging_Ben,601.24,35.6,4.0,20.6,1012.2,6.7,14,4,7,196,32516.0,1949.0,Mixed
2016-07-14 15:00:00,Rat_lodging_Ben,615.16,36.1,4.0,21.7,1011.3,5.7,15,4,7,196,32516.0,1949.0,Mixed
2016-07-14 16:00:00,Rat_lodging_Ben,612.24,35.0,4.0,21.1,1010.9,6.7,16,4,7,196,32516.0,1949.0,Mixed
2016-07-14 17:00:00,Rat_lodging_Ben,602.1,34.4,2.0,22.2,1010.7,8.2,17,4,7,196,32516.0,1949.0,Mixed
2016-07-14 18:00:00,Rat_lodging_Ben,595.67,34.4,2.0,21.1,1010.9,8.8,18,4,7,196,32516.0,1949.0,Mixed
2016-07-14 19:00:00,Rat_lodging_Ben,588.25,32.8,2.0,21.1,1011.2,5.7,19,4,7,196,32516.0,1949.0,Mixed
2016-07-14 20:00:00,Rat_lodging_Ben,588.02,31.1,3.333333333333333,22.2,1011.6,5.1,20,4,7,196,32516.0,1949.0,Mixed
2016-07-14 21:00:00,Rat_lodging_Ben,569.16,30.0,4.666666666666666,22.8,1012.0,4.6,21,4,7,196,32516.0,1949.0,Mixed
2016-07-14 22:00:00,Rat_lodging_Ben,535.98,28.9,6.0,23.3,1012.0,3.1,22,4,7,196,32516.0,1949.0,Mixed
2016-07-14 23:00:00,Rat_lodging_Ben,524.9,28.9,6.0,23.3,1012.3,0.0,23,4,7,196,32516.0,1949.0,Mixed
2016-07-15 00:00:00,Rat_lodging_Ben,511.97,27.8,6.0,21.7,1012.4,3.6,0,5,7,197,32516.0,1949.0,Mixed
2016-07-15 01:00:00,Rat_lodging_Ben,502.61,27.2,6.0,20.6,1012.3,2.6,1,5,7,197,32516.0,1949.0,Mixed
2016-07-15 02:00:00,Rat_lodging_Ben,491.34,26.1,2.0,20.6,1012.1,2.6,2,5,7,197,32516.0,1949.0,Mixed
2016-07-15 03:00:00,Rat_lodging_Ben,490.51,25.6,2.0,20.0,1012.1,2.1,3,5,7,197,32516.0,1949.0,Mixed
2016-07-15 04:00:00,Rat_lodging_Ben,495.32,25.6,2.0,20.6,1012.4,1.5,4,5,7,197,32516.0,1949.0,Mixed
2016-07-15 05:00:00,Rat_lodging_Ben,502.1,25.0,4.0,20.6,1013.0,3.1,5,5,7,197,32516.0,1949.0,Mixed
2016-07-15 06:00:00,Rat_lodging_Ben,533.4,26.7,5.0,20.6,1013.2,0.0,6,5,7,197,32516.0,1949.0,Mixed
2016-07-15 07:00:00,Rat_lodging_Ben,544.71,27.2,6.0,21.1,1014.0,2.6,7,5,7,197,32516.0,1949.0,Mixed
2016-07-15 08:00:00,Rat_lodging_Ben,554.45,30.0,6.0,20.6,1014.6,2.6,8,5,7,197,32516.0,1949.0,Mixed
2016-07-15 09:00:00,Rat_lodging_Ben,528.06,30.0,6.0,19.4,1014.6,4.6,9,5,7,197,32516.0,1949.0,Mixed
2016-07-15 10:00:00,Rat_lodging_Ben,529.4,30.0,6.0,20.0,1014.9,4.6,10,5,7,197,32516.0,1949.0,Mixed
2016-07-15 11:00:00,Rat_lodging_Ben,542.94,30.0,5.0,20.0,1014.8,5.7,11,5,7,197,32516.0,1949.0,Mixed
2016-07-15 12:00:00,Rat_lodging_Ben,566.1,32.2,4.0,20.0,1014.6,3.6,12,5,7,197,32516.0,1949.0,Mixed
2016-07-15 13:00:00,Rat_lodging_Ben,578.04,33.9,4.0,17.8,1014.5,6.7,13,5,7,197,32516.0,1949.0,Mixed
2016-07-15 14:00:00,Rat_lodging_Ben,562.37,33.9,4.0,18.9,1014.4,5.1,14,5,7,197,32516.0,1949.0,Mixed
2016-07-15 15:00:00,Rat_lodging_Ben,557.78,31.7,5.0,17.8,1014.1,5.7,15,5,7,197,32516.0,1949.0,Mixed
2016-07-15 16:00:00,Rat_lodging_Ben,546.02,33.3,6.0,16.7,1013.5,5.1,16,5,7,197,32516.0,1949.0,Mixed
2016-07-15 17:00:00,Rat_lodging_Ben,533.98,32.8,6.0,17.8,1012.9,5.1,17,5,7,197,32516.0,1949.0,Mixed
2016-07-15 18:00:00,Rat_lodging_Ben,525.43,32.2,6.0,17.8,1012.7,3.1,18,5,7,197,32516.0,1949.0,Mixed
2016-07-15 19:00:00,Rat_lodging_Ben,514.98,31.1,6.0,18.3,1013.6,4.1,19,5,7,197,32516.0,1949.0,Mixed
2016-07-15 20:00:00,Rat_lodging_Ben,484.15,29.4,5.0,18.9,1014.1,4.1,20,5,7,197,32516.0,1949.0,Mixed
2016-07-15 21:00:00,Rat_lodging_Ben,469.04,28.9,4.0,18.9,1015.4,3.1,21,5,7,197,32516.0,1949.0,Mixed
2016-07-15 22:00:00,Rat_lodging_Ben,449.77,27.8,4.0,19.4,1015.6,3.1,22,5,7,197,32516.0,1949.0,Mixed
2016-07-15 23:00:00,Rat_lodging_Ben,426.4,26.7,3.3333333333333335,19.4,1015.8,2.1,23,5,7,197,32516.0,1949.0,Mixed
2016-07-16 00:00:00,Rat_lodging_Ben,414.46,27.2,2.666666666666667,19.4,1015.5,2.1,0,6,7,198,32516.0,1949.0,Mixed
2016-07-16 01:00:00,Rat_lodging_Ben,411.03,26.1,2.0,19.4,1015.0,2.6,1,6,7,198,32516.0,1949.0,Mixed
2016-07-16 02:00:00,Rat_lodging_Ben,409.54,25.0,2.0,20.0,1015.0,2.1,2,6,7,198,32516.0,1949.0,Mixed
2016-07-16 03:00:00,Rat_lodging_Ben,403.17,24.4,0.0,20.0,1014.9,2.6,3,6,7,198,32516.0,1949.0,Mixed
2016-07-16 04:00:00,Rat_lodging_Ben,406.51,24.4,0.0,20.0,1015.2,1.5,4,6,7,198,32516.0,1949.0,Mixed
2016-07-16 05:00:00,Rat_lodging_Ben,403.31,23.9,4.0,19.4,1015.6,2.1,5,6,7,198,32516.0,1949.0,Mixed
2016-07-16 06:00:00,Rat_lodging_Ben,422.05,24.4,5.0,20.0,1016.3,2.1,6,6,7,198,32516.0,1949.0,Mixed
2016-07-16 07:00:00,Rat_lodging_Ben,451.59,26.1,6.0,20.0,1017.0,3.1,7,6,7,198,32516.0,1949.0,Mixed
2016-07-16 08:00:00,Rat_lodging_Ben,469.32,27.8,6.0,20.0,1017.4,1.5,8,6,7,198,32516.0,1949.0,Mixed
2016-07-16 09:00:00,Rat_lodging_Ben,485.77,30.6,6.0,19.4,1017.5,3.6,9,6,7,198,32516.0,1949.0,Mixed
2016-07-16 10:00:00,Rat_lodging_Ben,509.09,31.1,6.0,19.4,1017.7,0.0,10,6,7,198,32516.0,1949.0,Mixed
2016-07-16 11:00:00,Rat_lodging_Ben,527.19,31.7,6.0,18.9,1017.9,0.0,11,6,7,198,32516.0,1949.0,Mixed
2016-07-16 12:00:00,Rat_lodging_Ben,529.81,32.2,6.0,19.4,1017.6,3.1,12,6,7,198,32516.0,1949.0,Mixed
2016-07-16 13:00:00,Rat_lodging_Ben,534.79,33.3,6.0,19.4,1017.1,3.6,13,6,7,198,32516.0,1949.0,Mixed
2016-07-16 14:00:00,Rat_lodging_Ben,537.94,33.3,6.0,20.0,1016.4,4.6,14,6,7,198,32516.0,1949.0,Mixed
2016-07-16 15:00:00,Rat_lodging_Ben,529.63,33.9,6.0,18.9,1015.9,5.1,15,6,7,198,32516.0,1949.0,Mixed
2016-07-16 16:00:00,Rat_lodging_Ben,500.14,33.3,6.0,20.0,1016.0,4.1,16,6,7,198,32516.0,1949.0,Mixed
2016-07-16 17:00:00,Rat_lodging_Ben,463.2,25.0,6.0,18.9,1017.35,8.8,17,6,7,198,32516.0,1949.0,Mixed
2016-07-16 18:00:00,Rat_lodging_Ben,437.05,23.9,6.0,20.0,1018.7,2.6,18,6,7,198,32516.0,1949.0,Mixed
2016-07-16 19:00:00,Rat_lodging_Ben,432.32,23.9,6.0,20.6,1017.7,4.1,19,6,7,198,32516.0,1949.0,Mixed
2016-07-16 20:00:00,Rat_lodging_Ben,439.63,23.9,6.666666666666667,20.6,1018.5,2.1,20,6,7,198,32516.0,1949.0,Mixed
2016-07-16 21:00:00,Rat_lodging_Ben,438.09,23.3,7.333333333333333,21.7,1018.9,3.1,21,6,7,198,32516.0,1949.0,Mixed
2016-07-16 22:00:00,Rat_lodging_Ben,423.85,22.8,8.0,20.6,1018.8,2.6,22,6,7,198,32516.0,1949.0,Mixed
2016-07-16 23:00:00,Rat_lodging_Ben,199.13,23.3,7.5,20.6,1019.0,3.6,23,6,7,198,32516.0,1949.0,Mixed
2016-07-17 23:00:00,Rat_lodging_Ben,239.19,27.8,7.0,22.2,1020.8,4.1,23,7,7,199,32516.0,1949.0,Mixed
2016-07-18 00:00:00,Rat_lodging_Ben,441.95,26.7,6.5,22.2,1020.7,4.1,0,1,7,200,32516.0,1949.0,Mixed
2016-07-18 01:00:00,Rat_lodging_Ben,442.95,27.2,6.0,22.2,1020.6,4.6,1,1,7,200,32516.0,1949.0,Mixed
2016-07-18 02:00:00,Rat_lodging_Ben,428.99,26.1,6.0,21.7,1020.6,3.6,2,1,7,200,32516.0,1949.0,Mixed
2016-07-18 03:00:00,Rat_lodging_Ben,428.63,25.6,6.0,21.7,1020.6,2.6,3,1,7,200,32516.0,1949.0,Mixed
2016-07-18 04:00:00,Rat_lodging_Ben,428.16,25.0,6.0,21.7,1020.3,2.1,4,1,7,200,32516.0,1949.0,Mixed
2016-07-18 05:00:00,Rat_lodging_Ben,423.77,25.0,5.0,21.7,1020.6,1.5,5,1,7,200,32516.0,1949.0,Mixed
2016-07-18 06:00:00,Rat_lodging_Ben,459.24,25.6,4.0,22.2,1021.0,3.1,6,1,7,200,32516.0,1949.0,Mixed
2016-07-18 07:00:00,Rat_lodging_Ben,489.28,26.7,4.0,22.8,1021.2,3.6,7,1,7,200,32516.0,1949.0,Mixed
2016-07-18 08:00:00,Rat_lodging_Ben,501.46,27.8,4.0,23.9,1020.8,3.1,8,1,7,200,32516.0,1949.0,Mixed
2016-07-18 09:00:00,Rat_lodging_Ben,538.87,28.9,4.0,24.4,1020.6,3.6,9,1,7,200,32516.0,1949.0,Mixed
2016-07-18 10:00:00,Rat_lodging_Ben,564.83,30.6,6.0,24.4,1020.7,5.1,10,1,7,200,32516.0,1949.0,Mixed
2016-07-18 11:00:00,Rat_lodging_Ben,563.24,32.2,6.666666666666667,24.4,1020.2,6.2,11,1,7,200,32516.0,1949.0,Mixed
2016-07-18 12:00:00,Rat_lodging_Ben,560.3,33.3,7.333333333333333,23.9,1019.7,6.2,12,1,7,200,32516.0,1949.0,Mixed
2016-07-18 13:00:00,Rat_lodging_Ben,554.12,33.9,8.0,21.7,1019.1,6.7,13,1,7,200,32516.0,1949.0,Mixed
2016-07-18 14:00:00,Rat_lodging_Ben,546.53,34.4,8.0,22.2,1018.6,5.7,14,1,7,200,32516.0,1949.0,Mixed
2016-07-18 15:00:00,Rat_lodging_Ben,528.07,34.4,8.0,21.1,1018.4,5.1,15,1,7,200,32516.0,1949.0,Mixed
2016-07-18 16:00:00,Rat_lodging_Ben,511.93,22.8,8.0,20.6,1020.5,5.1,16,1,7,200,32516.0,1949.0,Mixed
2016-07-18 17:00:00,Rat_lodging_Ben,506.04,23.9,7.333333333333333,20.0,1018.6,2.1,17,1,7,200,32516.0,1949.0,Mixed
2016-07-18 18:00:00,Rat_lodging_Ben,503.54,25.6,6.666666666666667,21.7,1017.7,2.1,18,1,7,200,32516.0,1949.0,Mixed
2016-07-18 19:00:00,Rat_lodging_Ben,499.28,26.7,6.0,21.1,1017.8,2.1,19,1,7,200,32516.0,1949.0,Mixed
2016-07-18 20:00:00,Rat_lodging_Ben,500.56,25.0,6.0,22.8,1018.5,3.1,20,1,7,200,32516.0,1949.0,Mixed
2016-07-18 21:00:00,Rat_lodging_Ben,495.06,25.0,6.0,22.2,1018.8,4.6,21,1,7,200,32516.0,1949.0,Mixed
2016-07-18 22:00:00,Rat_lodging_Ben,472.6,25.0,6.0,21.7,1019.0,2.6,22,1,7,200,32516.0,1949.0,Mixed
2016-07-18 23:00:00,Rat_lodging_Ben,455.62,24.4,6.0,21.7,1019.1,4.1,23,1,7,200,32516.0,1949.0,Mixed
2016-07-19 00:00:00,Rat_lodging_Ben,436.9,23.9,6.0,21.1,1019.0,3.6,0,2,7,201,32516.0,1949.0,Mixed
2016-07-19 01:00:00,Rat_lodging_Ben,427.4,23.3,6.0,21.1,1018.9,2.6,1,2,7,201,32516.0,1949.0,Mixed
2016-07-19 02:00:00,Rat_lodging_Ben,423.57,22.8,5.0,21.1,1019.0,2.6,2,2,7,201,32516.0,1949.0,Mixed
2016-07-19 03:00:00,Rat_lodging_Ben,423.65,22.8,4.0,21.1,1019.2,2.1,3,2,7,201,32516.0,1949.0,Mixed
2016-07-19 04:00:00,Rat_lodging_Ben,424.71,22.8,6.0,21.1,1019.5,2.1,4,2,7,201,32516.0,1949.0,Mixed
2016-07-19 05:00:00,Rat_lodging_Ben,425.35,22.8,6.0,21.1,1019.9,1.5,5,2,7,201,32516.0,1949.0,Mixed
2016-07-19 06:00:00,Rat_lodging_Ben,453.26,24.4,6.0,20.6,1020.4,4.1,6,2,7,201,32516.0,1949.0,Mixed
2016-07-19 07:00:00,Rat_lodging_Ben,476.45,26.7,6.0,20.6,1020.7,5.7,7,2,7,201,32516.0,1949.0,Mixed
2016-07-19 08:00:00,Rat_lodging_Ben,501.17,27.8,4.0,21.1,1020.9,4.1,8,2,7,201,32516.0,1949.0,Mixed
2016-07-19 09:00:00,Rat_lodging_Ben,513.16,29.4,4.0,20.0,1021.4,4.1,9,2,7,201,32516.0,1949.0,Mixed
2016-07-19 10:00:00,Rat_lodging_Ben,525.71,29.4,4.0,20.0,1021.8,2.6,10,2,7,201,32516.0,1949.0,Mixed
2016-07-19 11:00:00,Rat_lodging_Ben,532.26,30.0,4.0,18.9,1021.7,1.5,11,2,7,201,32516.0,1949.0,Mixed
2016-07-19 12:00:00,Rat_lodging_Ben,526.12,30.6,4.0,19.4,1021.4,1.5,12,2,7,201,32516.0,1949.0,Mixed
2016-07-19 13:00:00,Rat_lodging_Ben,540.91,31.7,4.0,18.9,1020.2,3.1,13,2,7,201,32516.0,1949.0,Mixed
2016-07-19 14:00:00,Rat_lodging_Ben,541.6,31.1,4.666666666666667,17.8,1020.0,3.6,14,2,7,201,32516.0,1949.0,Mixed
2016-07-19 15:00:00,Rat_lodging_Ben,548.46,30.6,5.333333333333333,18.3,1019.3,4.6,15,2,7,201,32516.0,1949.0,Mixed
2016-07-19 16:00:00,Rat_lodging_Ben,550.19,31.7,6.0,17.8,1018.9,3.1,16,2,7,201,32516.0,1949.0,Mixed
2016-07-19 17:00:00,Rat_lodging_Ben,550.62,32.8,6.0,17.2,1018.5,0.0,17,2,7,201,32516.0,1949.0,Mixed
2016-07-19 18:00:00,Rat_lodging_Ben,530.75,30.6,6.0,19.4,1018.4,2.6,18,2,7,201,32516.0,1949.0,Mixed
2016-07-19 19:00:00,Rat_lodging_Ben,506.23,29.4,6.0,21.1,1019.2,3.6,19,2,7,201,32516.0,1949.0,Mixed
2016-07-19 20:00:00,Rat_lodging_Ben,494.6,28.3,5.0,21.7,1019.5,4.1,20,2,7,201,32516.0,1949.0,Mixed
2016-07-19 21:00:00,Rat_lodging_Ben,480.47,27.2,4.0,22.8,1020.0,4.6,21,2,7,201,32516.0,1949.0,Mixed
2016-07-19 22:00:00,Rat_lodging_Ben,436.78,26.1,6.0,20.6,1021.1,8.2,22,2,7,201,32516.0,1949.0,Mixed
2016-07-19 23:00:00,Rat_lodging_Ben,410.23,21.1,5.333333333333333,18.9,1021.05,4.6,23,2,7,201,32516.0,1949.0,Mixed
2016-07-20 00:00:00,Rat_lodging_Ben,404.06,22.2,4.666666666666667,19.4,1021.0,2.6,0,3,7,202,32516.0,1949.0,Mixed
2016-07-20 01:00:00,Rat_lodging_Ben,410.82,21.7,4.0,20.0,1020.9,1.5,1,3,7,202,32516.0,1949.0,Mixed
2016-07-20 02:00:00,Rat_lodging_Ben,410.53,21.7,4.0,19.4,1021.0,1.5,2,3,7,202,32516.0,1949.0,Mixed
2016-07-20 03:00:00,Rat_lodging_Ben,403.21,21.7,4.0,19.4,1020.9,0.0,3,3,7,202,32516.0,1949.0,Mixed
2016-07-20 04:00:00,Rat_lodging_Ben,406.72,21.1,2.0,20.0,1021.1,1.5,4,3,7,202,32516.0,1949.0,Mixed
2016-07-20 05:00:00,Rat_lodging_Ben,416.68,21.1,4.0,19.4,1021.4,2.6,5,3,7,202,32516.0,1949.0,Mixed
2016-07-20 06:00:00,Rat_lodging_Ben,440.5,21.7,4.0,19.4,1021.8,4.1,6,3,7,202,32516.0,1949.0,Mixed
2016-07-20 07:00:00,Rat_lodging_Ben,458.14,22.8,2.0,19.4,1022.2,4.1,7,3,7,202,32516.0,1949.0,Mixed
2016-07-20 08:00:00,Rat_lodging_Ben,473.23,24.4,2.0,19.4,1023.0,3.6,8,3,7,202,32516.0,1949.0,Mixed
2016-07-20 09:00:00,Rat_lodging_Ben,486.97,26.1,2.0,20.0,1023.1,3.1,9,3,7,202,32516.0,1949.0,Mixed
2016-07-20 10:00:00,Rat_lodging_Ben,508.55,27.8,2.0,21.1,1023.2,2.6,10,3,7,202,32516.0,1949.0,Mixed
2016-07-20 11:00:00,Rat_lodging_Ben,516.55,28.3,3.333333333333333,20.0,1023.0,2.6,11,3,7,202,32516.0,1949.0,Mixed
2016-07-20 12:00:00,Rat_lodging_Ben,507.43,28.9,4.666666666666666,18.3,1022.6,3.1,12,3,7,202,32516.0,1949.0,Mixed
2016-07-20 13:00:00,Rat_lodging_Ben,505.88,30.0,6.0,17.2,1022.1,3.6,13,3,7,202,32516.0,1949.0,Mixed
2016-07-20 14:00:00,Rat_lodging_Ben,496.43,30.6,6.0,16.7,1021.6,4.1,14,3,7,202,32516.0,1949.0,Mixed
2016-07-20 15:00:00,Rat_lodging_Ben,485.48,31.1,6.0,16.7,1021.2,3.6,15,3,7,202,32516.0,1949.0,Mixed
2016-07-20 16:00:00,Rat_lodging_Ben,490.98,29.4,6.0,16.1,1020.8,4.1,16,3,7,202,32516.0,1949.0,Mixed
2016-07-20 17:00:00,Rat_lodging_Ben,479.5,30.0,6.0,15.6,1020.6,2.6,17,3,7,202,32516.0,1949.0,Mixed
2016-07-20 18:00:00,Rat_lodging_Ben,468.68,29.4,6.0,15.0,1020.4,4.1,18,3,7,202,32516.0,1949.0,Mixed
2016-07-20 19:00:00,Rat_lodging_Ben,464.59,28.3,6.0,15.0,1021.0,4.6,19,3,7,202,32516.0,1949.0,Mixed
2016-07-20 20:00:00,Rat_lodging_Ben,459.57,26.7,5.0,17.8,1021.6,2.1,20,3,7,202,32516.0,1949.0,Mixed
2016-07-20 21:00:00,Rat_lodging_Ben,445.3,26.7,4.0,17.8,1022.0,1.5,21,3,7,202,32516.0,1949.0,Mixed
2016-07-20 22:00:00,Rat_lodging_Ben,425.73,26.1,2.0,17.8,1022.1,0.0,22,3,7,202,32516.0,1949.0,Mixed
2016-07-20 23:00:00,Rat_lodging_Ben,417.51,25.6,0.0,18.3,1022.0,0.0,23,3,7,202,32516.0,1949.0,Mixed
2016-07-21 00:00:00,Rat_lodging_Ben,411.98,24.4,2.0,18.3,1022.1,0.0,0,4,7,203,32516.0,1949.0,Mixed
2016-07-21 01:00:00,Rat_lodging_Ben,413.88,23.9,2.0,19.4,1022.0,2.6,1,4,7,203,32516.0,1949.0,Mixed
2016-07-21 02:00:00,Rat_lodging_Ben,405.65,23.3,0.0,18.9,1021.9,1.5,2,4,7,203,32516.0,1949.0,Mixed
2016-07-21 03:00:00,Rat_lodging_Ben,405.14,23.3,0.0,18.9,1021.6,0.0,3,4,7,203,32516.0,1949.0,Mixed
2016-07-21 04:00:00,Rat_lodging_Ben,407.95,22.2,0.0,20.0,1021.4,0.0,4,4,7,203,32516.0,1949.0,Mixed
2016-07-21 05:00:00,Rat_lodging_Ben,407.8,21.7,2.0,18.9,1021.6,0.0,5,4,7,203,32516.0,1949.0,Mixed
2016-07-21 06:00:00,Rat_lodging_Ben,436.69,23.3,0.0,19.4,1022.2,0.0,6,4,7,203,32516.0,1949.0,Mixed
2016-07-21 07:00:00,Rat_lodging_Ben,453.65,24.4,0.0,21.1,1022.6,2.1,7,4,7,203,32516.0,1949.0,Mixed
2016-07-21 08:00:00,Rat_lodging_Ben,450.1,25.6,0.0,21.1,1022.5,1.5,8,4,7,203,32516.0,1949.0,Mixed
2016-07-21 09:00:00,Rat_lodging_Ben,462.74,27.2,2.0,20.0,1022.4,1.5,9,4,7,203,32516.0,1949.0,Mixed
2016-07-21 10:00:00,Rat_lodging_Ben,495.73,28.3,2.0,18.3,1022.2,2.6,10,4,7,203,32516.0,1949.0,Mixed
2016-07-21 11:00:00,Rat_lodging_Ben,502.97,29.4,2.0,17.8,1021.8,2.6,11,4,7,203,32516.0,1949.0,Mixed
2016-07-21 12:00:00,Rat_lodging_Ben,494.63,30.6,4.0,17.2,1021.1,2.1,12,4,7,203,32516.0,1949.0,Mixed
2016-07-21 13:00:00,Rat_lodging_Ben,527.32,30.6,4.0,16.7,1020.9,3.1,13,4,7,203,32516.0,1949.0,Mixed
2016-07-21 14:00:00,Rat_lodging_Ben,548.72,30.6,4.0,17.8,1019.9,5.1,14,4,7,203,32516.0,1949.0,Mixed
2016-07-21 15:00:00,Rat_lodging_Ben,559.94,31.1,4.0,18.3,1019.5,5.7,15,4,7,203,32516.0,1949.0,Mixed
2016-07-21 16:00:00,Rat_lodging_Ben,547.2,31.7,6.0,18.9,1019.2,5.7,16,4,7,203,32516.0,1949.0,Mixed
2016-07-21 17:00:00,Rat_lodging_Ben,529.52,31.1,4.0,18.9,1018.7,6.2,17,4,7,203,32516.0,1949.0,Mixed
2016-07-21 18:00:00,Rat_lodging_Ben,497.87,30.6,6.0,18.9,1018.2,5.1,18,4,7,203,32516.0,1949.0,Mixed
2016-07-21 19:00:00,Rat_lodging_Ben,478.41,28.9,8.0,18.9,1018.4,5.7,19,4,7,203,32516.0,1949.0,Mixed
2016-07-21 20:00:00,Rat_lodging_Ben,475.36,27.8,7.333333333333333,18.9,1019.0,4.1,20,4,7,203,32516.0,1949.0,Mixed
2016-07-21 21:00:00,Rat_lodging_Ben,455.31,27.2,6.666666666666667,19.4,1019.2,4.1,21,4,7,203,32516.0,1949.0,Mixed
2016-07-21 22:00:00,Rat_lodging_Ben,433.87,26.7,6.0,20.0,1019.2,4.1,22,4,7,203,32516.0,1949.0,Mixed
2016-07-21 23:00:00,Rat_lodging_Ben,420.91,25.6,5.0,20.0,1019.1,4.1,23,4,7,203,32516.0,1949.0,Mixed
2016-07-22 00:00:00,Rat_lodging_Ben,419.28,25.6,4.0,20.0,1018.6,5.7,0,5,7,204,32516.0,1949.0,Mixed
2016-07-22 01:00:00,Rat_lodging_Ben,410.06,25.0,4.0,20.6,1017.8,4.1,1,5,7,204,32516.0,1949.0,Mixed
2016-07-22 02:00:00,Rat_lodging_Ben,407.47,24.4,4.0,20.6,1017.6,3.6,2,5,7,204,32516.0,1949.0,Mixed
2016-07-22 03:00:00,Rat_lodging_Ben,404.18,24.4,2.0,20.6,1017.3,1.5,3,5,7,204,32516.0,1949.0,Mixed
2016-07-22 04:00:00,Rat_lodging_Ben,407.3,23.9,2.0,20.6,1017.1,3.1,4,5,7,204,32516.0,1949.0,Mixed
2016-07-22 05:00:00,Rat_lodging_Ben,417.58,23.9,4.0,21.7,1017.3,3.1,5,5,7,204,32516.0,1949.0,Mixed
2016-07-22 06:00:00,Rat_lodging_Ben,439.19,23.9,6.0,21.7,1017.2,3.1,6,5,7,204,32516.0,1949.0,Mixed
2016-07-22 07:00:00,Rat_lodging_Ben,461.77,25.0,8.0,21.7,1017.0,2.6,7,5,7,204,32516.0,1949.0,Mixed
2016-07-22 08:00:00,Rat_lodging_Ben,485.89,26.1,8.0,21.7,1017.2,4.1,8,5,7,204,32516.0,1949.0,Mixed
2016-07-22 09:00:00,Rat_lodging_Ben,521.0,27.8,8.0,22.2,1016.9,2.6,9,5,7,204,32516.0,1949.0,Mixed
2016-07-22 10:00:00,Rat_lodging_Ben,561.57,29.4,8.0,22.2,1016.6,3.1,10,5,7,204,32516.0,1949.0,Mixed
2016-07-22 11:00:00,Rat_lodging_Ben,580.14,30.6,8.0,21.1,1016.4,1.5,11,5,7,204,32516.0,1949.0,Mixed
2016-07-22 12:00:00,Rat_lodging_Ben,588.85,32.8,8.0,20.6,1016.1,1.5,12,5,7,204,32516.0,1949.0,Mixed
2016-07-22 13:00:00,Rat_lodging_Ben,603.73,33.3,8.0,21.1,1015.3,2.1,13,5,7,204,32516.0,1949.0,Mixed
2016-07-22 14:00:00,Rat_lodging_Ben,600.81,33.9,8.0,22.2,1014.6,4.6,14,5,7,204,32516.0,1949.0,Mixed
2016-07-22 15:00:00,Rat_lodging_Ben,602.37,33.9,8.0,21.1,1014.1,3.1,15,5,7,204,32516.0,1949.0,Mixed
2016-07-22 16:00:00,Rat_lodging_Ben,602.89,33.9,8.0,22.2,1013.2,6.7,16,5,7,204,32516.0,1949.0,Mixed
2016-07-22 17:00:00,Rat_lodging_Ben,592.12,32.8,8.0,22.2,1012.4,7.2,17,5,7,204,32516.0,1949.0,Mixed
2016-07-22 18:00:00,Rat_lodging_Ben,577.57,32.2,8.0,21.7,1012.6,6.2,18,5,7,204,32516.0,1949.0,Mixed
2016-07-22 19:00:00,Rat_lodging_Ben,560.38,31.7,8.0,21.7,1012.5,5.1,19,5,7,204,32516.0,1949.0,Mixed
2016-07-22 20:00:00,Rat_lodging_Ben,556.06,30.6,6.0,22.2,1012.6,4.6,20,5,7,204,32516.0,1949.0,Mixed
2016-07-22 21:00:00,Rat_lodging_Ben,522.39,30.0,4.0,22.2,1013.2,3.6,21,5,7,204,32516.0,1949.0,Mixed
2016-07-22 22:00:00,Rat_lodging_Ben,476.32,29.4,4.0,21.7,1013.3,2.6,22,5,7,204,32516.0,1949.0,Mixed
2016-07-22 23:00:00,Rat_lodging_Ben,470.8,28.3,2.0,21.7,1013.6,3.1,23,5,7,204,32516.0,1949.0,Mixed
2016-07-23 00:00:00,Rat_lodging_Ben,459.67,28.3,0.0,21.7,1013.5,3.6,0,6,7,205,32516.0,1949.0,Mixed
2016-07-23 01:00:00,Rat_lodging_Ben,450.41,27.8,0.0,22.2,1013.4,2.1,1,6,7,205,32516.0,1949.0,Mixed
2016-07-23 02:00:00,Rat_lodging_Ben,443.29,27.2,0.0,22.8,1013.4,2.1,2,6,7,205,32516.0,1949.0,Mixed
2016-07-23 03:00:00,Rat_lodging_Ben,445.97,27.2,2.0,23.3,1013.5,2.1,3,6,7,205,32516.0,1949.0,Mixed
2016-07-23 04:00:00,Rat_lodging_Ben,441.91,26.7,0.0,22.8,1013.6,2.1,4,6,7,205,32516.0,1949.0,Mixed
2016-07-23 05:00:00,Rat_lodging_Ben,442.61,26.1,2.0,21.7,1013.6,4.1,5,6,7,205,32516.0,1949.0,Mixed
2016-07-23 06:00:00,Rat_lodging_Ben,461.76,27.2,2.0,21.7,1014.0,3.1,6,6,7,205,32516.0,1949.0,Mixed
2016-07-23 07:00:00,Rat_lodging_Ben,488.52,29.4,4.0,20.6,1014.3,5.7,7,6,7,205,32516.0,1949.0,Mixed
2016-07-23 08:00:00,Rat_lodging_Ben,525.72,30.6,2.0,20.6,1014.4,5.7,8,6,7,205,32516.0,1949.0,Mixed
2016-07-23 09:00:00,Rat_lodging_Ben,538.24,32.2,2.0,21.7,1014.2,4.1,9,6,7,205,32516.0,1949.0,Mixed
2016-07-23 10:00:00,Rat_lodging_Ben,558.27,33.3,2.0,22.2,1014.5,4.6,10,6,7,205,32516.0,1949.0,Mixed
2016-07-23 11:00:00,Rat_lodging_Ben,577.24,34.4,4.0,23.3,1013.9,5.1,11,6,7,205,32516.0,1949.0,Mixed
2016-07-23 12:00:00,Rat_lodging_Ben,564.73,35.0,5.0,22.8,1013.6,4.1,12,6,7,205,32516.0,1949.0,Mixed
2016-07-23 13:00:00,Rat_lodging_Ben,561.99,34.4,6.0,22.2,1013.2,4.1,13,6,7,205,32516.0,1949.0,Mixed
2016-07-23 14:00:00,Rat_lodging_Ben,567.25,35.6,5.0,22.2,1012.1,4.6,14,6,7,205,32516.0,1949.0,Mixed
2016-07-23 15:00:00,Rat_lodging_Ben,562.48,36.1,4.0,22.2,1012.0,4.1,15,6,7,205,32516.0,1949.0,Mixed
2016-07-23 16:00:00,Rat_lodging_Ben,548.38,36.7,6.0,21.1,1011.4,5.1,16,6,7,205,32516.0,1949.0,Mixed
2016-07-23 17:00:00,Rat_lodging_Ben,542.26,35.6,6.0,21.1,1011.3,5.1,17,6,7,205,32516.0,1949.0,Mixed
2016-07-23 18:00:00,Rat_lodging_Ben,537.09,35.6,6.0,20.0,1011.2,6.2,18,6,7,205,32516.0,1949.0,Mixed
2016-07-23 19:00:00,Rat_lodging_Ben,518.24,33.9,6.0,21.1,1011.8,4.1,19,6,7,205,32516.0,1949.0,Mixed
2016-07-23 20:00:00,Rat_lodging_Ben,517.22,33.3,4.0,21.1,1011.7,3.6,20,6,7,205,32516.0,1949.0,Mixed
2016-07-23 21:00:00,Rat_lodging_Ben,511.57,32.8,2.0,22.2,1012.6,3.1,21,6,7,205,32516.0,1949.0,Mixed
2016-07-23 22:00:00,Rat_lodging_Ben,494.59,31.1,2.0,22.2,1013.0,1.5,22,6,7,205,32516.0,1949.0,Mixed
2016-07-23 23:00:00,Rat_lodging_Ben,488.86,30.0,2.6666666666666665,23.9,1013.2,1.5,23,6,7,205,32516.0,1949.0,Mixed
2016-07-24 00:00:00,Rat_lodging_Ben,473.94,28.9,3.333333333333333,25.6,1013.6,2.1,0,7,7,206,32516.0,1949.0,Mixed
2016-07-24 01:00:00,Rat_lodging_Ben,468.92,30.0,4.0,21.7,1013.8,2.6,1,7,7,206,32516.0,1949.0,Mixed
2016-07-24 02:00:00,Rat_lodging_Ben,457.92,28.3,4.0,23.3,1013.8,2.1,2,7,7,206,32516.0,1949.0,Mixed
2016-07-24 03:00:00,Rat_lodging_Ben,454.34,27.2,4.0,22.2,1014.1,3.1,3,7,7,206,32516.0,1949.0,Mixed
2016-07-24 04:00:00,Rat_lodging_Ben,449.15,27.2,2.0,21.7,1014.1,2.6,4,7,7,206,32516.0,1949.0,Mixed
2016-07-24 05:00:00,Rat_lodging_Ben,439.53,27.8,4.0,18.9,1014.7,4.1,5,7,7,206,32516.0,1949.0,Mixed
2016-07-24 06:00:00,Rat_lodging_Ben,451.4,27.2,4.0,18.9,1015.3,4.1,6,7,7,206,32516.0,1949.0,Mixed
2016-07-24 07:00:00,Rat_lodging_Ben,463.53,27.8,4.0,20.0,1015.8,3.1,7,7,7,206,32516.0,1949.0,Mixed
2016-07-24 08:00:00,Rat_lodging_Ben,478.93,29.4,4.0,20.0,1015.8,3.1,8,7,7,206,32516.0,1949.0,Mixed
2016-07-24 09:00:00,Rat_lodging_Ben,501.01,31.1,4.0,19.4,1015.8,2.6,9,7,7,206,32516.0,1949.0,Mixed
2016-07-24 10:00:00,Rat_lodging_Ben,513.86,32.8,4.0,18.3,1015.6,3.6,10,7,7,206,32516.0,1949.0,Mixed
2016-07-24 11:00:00,Rat_lodging_Ben,519.71,33.3,3.3333333333333335,18.9,1016.2,3.1,11,7,7,206,32516.0,1949.0,Mixed
2016-07-24 12:00:00,Rat_lodging_Ben,521.18,33.9,2.666666666666667,17.8,1016.2,2.1,12,7,7,206,32516.0,1949.0,Mixed
2016-07-24 13:00:00,Rat_lodging_Ben,538.57,34.4,2.0,17.8,1015.6,2.1,13,7,7,206,32516.0,1949.0,Mixed
2016-07-24 14:00:00,Rat_lodging_Ben,544.36,35.0,3.333333333333333,19.4,1015.1,2.1,14,7,7,206,32516.0,1949.0,Mixed
2016-07-24 15:00:00,Rat_lodging_Ben,537.64,35.6,4.666666666666666,19.4,1014.5,2.1,15,7,7,206,32516.0,1949.0,Mixed
2016-07-24 16:00:00,Rat_lodging_Ben,531.69,35.6,6.0,20.6,1014.1,3.1,16,7,7,206,32516.0,1949.0,Mixed
2016-07-24 17:00:00,Rat_lodging_Ben,528.87,35.0,6.0,21.1,1013.9,4.6,17,7,7,206,32516.0,1949.0,Mixed
2016-07-24 18:00:00,Rat_lodging_Ben,527.99,33.9,6.0,22.2,1013.9,5.1,18,7,7,206,32516.0,1949.0,Mixed
2016-07-24 19:00:00,Rat_lodging_Ben,513.4,32.2,6.0,23.3,1014.1,4.1,19,7,7,206,32516.0,1949.0,Mixed
2016-07-24 20:00:00,Rat_lodging_Ben,508.96,31.7,6.666666666666667,22.2,1014.4,3.6,20,7,7,206,32516.0,1949.0,Mixed
2016-07-24 21:00:00,Rat_lodging_Ben,503.56,30.6,7.333333333333333,21.7,1014.9,3.6,21,7,7,206,32516.0,1949.0,Mixed
2016-07-24 22:00:00,Rat_lodging_Ben,489.75,30.0,8.0,22.8,1014.7,4.1,22,7,7,206,32516.0,1949.0,Mixed
2016-07-24 23:00:00,Rat_lodging_Ben,478.61,30.0,6.0,23.3,1015.0,1.5,23,7,7,206,32516.0,1949.0,Mixed
2016-07-25 00:00:00,Rat_lodging_Ben,474.01,29.4,4.0,24.4,1014.7,2.1,0,1,7,207,32516.0,1949.0,Mixed
2016-07-25 01:00:00,Rat_lodging_Ben,475.63,28.9,6.0,25.0,1014.5,1.5,1,1,7,207,32516.0,1949.0,Mixed
2016-07-25 02:00:00,Rat_lodging_Ben,461.9,28.9,6.0,26.1,1014.0,2.1,2,1,7,207,32516.0,1949.0,Mixed
2016-07-25 03:00:00,Rat_lodging_Ben,455.83,27.8,6.0,25.0,1014.4,1.5,3,1,7,207,32516.0,1949.0,Mixed
2016-07-25 04:00:00,Rat_lodging_Ben,457.34,27.8,6.0,25.6,1014.3,1.5,4,1,7,207,32516.0,1949.0,Mixed
2016-07-25 05:00:00,Rat_lodging_Ben,462.9,27.8,6.0,25.0,1014.2,2.1,5,1,7,207,32516.0,1949.0,Mixed
2016-07-25 06:00:00,Rat_lodging_Ben,500.98,28.3,6.0,25.0,1014.9,1.5,6,1,7,207,32516.0,1949.0,Mixed
2016-07-25 07:00:00,Rat_lodging_Ben,521.78,29.4,6.0,24.4,1014.8,1.5,7,1,7,207,32516.0,1949.0,Mixed
2016-07-25 08:00:00,Rat_lodging_Ben,549.25,31.1,6.0,23.9,1014.6,3.1,8,1,7,207,32516.0,1949.0,Mixed
2016-07-25 09:00:00,Rat_lodging_Ben,569.47,32.2,6.0,24.4,1014.6,3.1,9,1,7,207,32516.0,1949.0,Mixed
2016-07-25 10:00:00,Rat_lodging_Ben,584.11,33.3,6.0,25.6,1014.8,4.1,10,1,7,207,32516.0,1949.0,Mixed
2016-07-25 11:00:00,Rat_lodging_Ben,614.87,34.4,6.0,25.6,1014.3,4.6,11,1,7,207,32516.0,1949.0,Mixed
2016-07-25 12:00:00,Rat_lodging_Ben,614.53,35.0,6.0,24.4,1013.7,5.7,12,1,7,207,32516.0,1949.0,Mixed
2016-07-25 13:00:00,Rat_lodging_Ben,618.56,36.1,6.0,25.0,1012.6,6.2,13,1,7,207,32516.0,1949.0,Mixed
2016-07-25 14:00:00,Rat_lodging_Ben,619.22,36.7,6.0,24.4,1011.7,5.7,14,1,7,207,32516.0,1949.0,Mixed
2016-07-25 15:00:00,Rat_lodging_Ben,616.9,37.2,6.0,23.3,1010.9,6.7,15,1,7,207,32516.0,1949.0,Mixed
2016-07-25 16:00:00,Rat_lodging_Ben,600.28,35.6,6.0,21.1,1010.4,6.2,16,1,7,207,32516.0,1949.0,Mixed
2016-07-25 17:00:00,Rat_lodging_Ben,582.79,35.6,6.0,20.6,1011.2,8.2,17,1,7,207,32516.0,1949.0,Mixed
2016-07-25 18:00:00,Rat_lodging_Ben,576.64,34.4,6.0,21.7,1011.1,5.7,18,1,7,207,32516.0,1949.0,Mixed
2016-07-25 19:00:00,Rat_lodging_Ben,565.85,33.9,6.0,21.7,1011.3,4.1,19,1,7,207,32516.0,1949.0,Mixed
2016-07-25 20:00:00,Rat_lodging_Ben,559.81,31.7,6.0,25.0,1011.8,3.1,20,1,7,207,32516.0,1949.0,Mixed
2016-07-25 21:00:00,Rat_lodging_Ben,540.91,31.1,6.0,25.0,1012.3,3.1,21,1,7,207,32516.0,1949.0,Mixed
2016-07-25 22:00:00,Rat_lodging_Ben,522.65,31.1,6.0,22.8,1012.5,2.6,22,1,7,207,32516.0,1949.0,Mixed
2016-07-25 23:00:00,Rat_lodging_Ben,499.59,29.4,4.0,22.8,1012.6,5.1,23,1,7,207,32516.0,1949.0,Mixed
2016-07-26 00:00:00,Rat_lodging_Ben,485.2,27.8,4.0,22.2,1012.9,3.6,0,2,7,208,32516.0,1949.0,Mixed
2016-07-26 01:00:00,Rat_lodging_Ben,478.24,27.2,6.0,22.8,1013.0,3.1,1,2,7,208,32516.0,1949.0,Mixed
2016-07-26 02:00:00,Rat_lodging_Ben,473.8,26.7,6.0,22.8,1013.2,0.0,2,2,7,208,32516.0,1949.0,Mixed
2016-07-26 03:00:00,Rat_lodging_Ben,470.05,27.2,6.0,22.8,1013.1,0.0,3,2,7,208,32516.0,1949.0,Mixed
2016-07-26 04:00:00,Rat_lodging_Ben,476.8,26.7,6.0,22.8,1013.1,2.1,4,2,7,208,32516.0,1949.0,Mixed
2016-07-26 05:00:00,Rat_lodging_Ben,485.43,26.7,6.0,22.8,1013.6,2.6,5,2,7,208,32516.0,1949.0,Mixed
2016-07-26 06:00:00,Rat_lodging_Ben,512.58,27.2,6.0,22.8,1014.2,1.5,6,2,7,208,32516.0,1949.0,Mixed
2016-07-26 07:00:00,Rat_lodging_Ben,536.79,28.3,6.0,22.8,1014.6,3.1,7,2,7,208,32516.0,1949.0,Mixed
2016-07-26 08:00:00,Rat_lodging_Ben,553.55,30.6,6.666666666666667,22.2,1014.8,4.1,8,2,7,208,32516.0,1949.0,Mixed
2016-07-26 09:00:00,Rat_lodging_Ben,572.25,31.7,7.333333333333333,22.2,1014.8,5.1,9,2,7,208,32516.0,1949.0,Mixed
2016-07-26 10:00:00,Rat_lodging_Ben,593.02,32.8,8.0,22.8,1014.7,3.1,10,2,7,208,32516.0,1949.0,Mixed
2016-07-26 11:00:00,Rat_lodging_Ben,599.37,33.3,7.333333333333333,22.8,1014.8,3.6,11,2,7,208,32516.0,1949.0,Mixed
2016-07-26 12:00:00,Rat_lodging_Ben,599.74,33.9,6.666666666666667,22.8,1014.6,0.0,12,2,7,208,32516.0,1949.0,Mixed
2016-07-26 13:00:00,Rat_lodging_Ben,605.81,34.4,6.0,20.0,1014.3,3.6,13,2,7,208,32516.0,1949.0,Mixed
2016-07-26 14:00:00,Rat_lodging_Ben,602.03,35.6,6.0,21.1,1013.7,4.1,14,2,7,208,32516.0,1949.0,Mixed
2016-07-26 15:00:00,Rat_lodging_Ben,597.64,35.6,6.0,21.7,1013.2,5.7,15,2,7,208,32516.0,1949.0,Mixed
2016-07-26 16:00:00,Rat_lodging_Ben,588.01,33.9,6.0,21.1,1012.8,4.6,16,2,7,208,32516.0,1949.0,Mixed
2016-07-26 17:00:00,Rat_lodging_Ben,576.66,35.0,6.0,18.3,1012.7,5.1,17,2,7,208,32516.0,1949.0,Mixed
2016-07-26 18:00:00,Rat_lodging_Ben,560.22,33.3,6.0,18.3,1012.9,4.1,18,2,7,208,32516.0,1949.0,Mixed
2016-07-26 19:00:00,Rat_lodging_Ben,543.4,32.8,6.0,17.8,1013.2,3.1,19,2,7,208,32516.0,1949.0,Mixed
2016-07-26 20:00:00,Rat_lodging_Ben,528.23,32.2,6.666666666666667,18.9,1013.4,2.1,20,2,7,208,32516.0,1949.0,Mixed
2016-07-26 21:00:00,Rat_lodging_Ben,521.4,31.7,7.333333333333333,20.6,1013.8,0.0,21,2,7,208,32516.0,1949.0,Mixed
2016-07-26 22:00:00,Rat_lodging_Ben,502.64,29.4,8.0,21.7,1013.7,3.6,22,2,7,208,32516.0,1949.0,Mixed
2016-07-26 23:00:00,Rat_lodging_Ben,497.72,29.4,7.333333333333333,22.2,1013.6,2.6,23,2,7,208,32516.0,1949.0,Mixed
2016-07-27 00:00:00,Rat_lodging_Ben,496.83,28.9,6.666666666666667,22.2,1014.0,1.5,0,3,7,209,32516.0,1949.0,Mixed
2016-07-27 01:00:00,Rat_lodging_Ben,493.57,28.3,6.0,22.8,1013.8,3.1,1,3,7,209,32516.0,1949.0,Mixed
2016-07-27 02:00:00,Rat_lodging_Ben,483.46,27.8,6.666666666666667,22.2,1013.8,3.1,2,3,7,209,32516.0,1949.0,Mixed
2016-07-27 03:00:00,Rat_lodging_Ben,477.51,27.8,7.333333333333333,22.2,1013.5,1.5,3,3,7,209,32516.0,1949.0,Mixed
2016-07-27 04:00:00,Rat_lodging_Ben,481.3,27.8,8.0,22.2,1013.5,0.0,4,3,7,209,32516.0,1949.0,Mixed
2016-07-27 05:00:00,Rat_lodging_Ben,497.43,27.2,6.666666666666667,22.8,1013.8,2.6,5,3,7,209,32516.0,1949.0,Mixed
2016-07-27 06:00:00,Rat_lodging_Ben,516.66,27.2,5.333333333333334,22.8,1014.1,3.1,6,3,7,209,32516.0,1949.0,Mixed
2016-07-27 07:00:00,Rat_lodging_Ben,534.7,28.3,4.0,22.2,1014.3,3.6,7,3,7,209,32516.0,1949.0,Mixed
2016-07-27 08:00:00,Rat_lodging_Ben,546.48,29.4,4.666666666666667,20.0,1014.5,3.1,8,3,7,209,32516.0,1949.0,Mixed
2016-07-27 09:00:00,Rat_lodging_Ben,569.12,30.6,5.333333333333333,20.0,1014.7,2.6,9,3,7,209,32516.0,1949.0,Mixed
2016-07-27 10:00:00,Rat_lodging_Ben,571.63,32.2,6.0,20.6,1014.7,2.6,10,3,7,209,32516.0,1949.0,Mixed
2016-07-27 11:00:00,Rat_lodging_Ben,566.27,32.8,5.333333333333333,19.4,1014.8,3.1,11,3,7,209,32516.0,1949.0,Mixed
2016-07-27 12:00:00,Rat_lodging_Ben,571.23,33.9,4.666666666666667,15.6,1014.7,4.1,12,3,7,209,32516.0,1949.0,Mixed
2016-07-27 13:00:00,Rat_lodging_Ben,574.51,35.0,4.0,17.2,1013.9,4.6,13,3,7,209,32516.0,1949.0,Mixed
2016-07-27 14:00:00,Rat_lodging_Ben,579.24,35.0,4.666666666666667,17.8,1013.4,4.1,14,3,7,209,32516.0,1949.0,Mixed
2016-07-27 15:00:00,Rat_lodging_Ben,587.37,34.4,5.333333333333333,18.3,1012.8,2.1,15,3,7,209,32516.0,1949.0,Mixed
2016-07-27 16:00:00,Rat_lodging_Ben,581.58,33.9,6.0,20.0,1012.5,3.1,16,3,7,209,32516.0,1949.0,Mixed
2016-07-27 17:00:00,Rat_lodging_Ben,571.37,33.9,6.0,18.9,1012.4,0.0,17,3,7,209,32516.0,1949.0,Mixed
2016-07-27 18:00:00,Rat_lodging_Ben,557.27,33.3,6.0,18.9,1012.1,3.1,18,3,7,209,32516.0,1949.0,Mixed
2016-07-27 19:00:00,Rat_lodging_Ben,542.76,32.2,6.0,20.6,1012.7,3.6,19,3,7,209,32516.0,1949.0,Mixed
2016-07-27 20:00:00,Rat_lodging_Ben,538.95,31.1,6.0,22.2,1012.3,3.6,20,3,7,209,32516.0,1949.0,Mixed
2016-07-27 21:00:00,Rat_lodging_Ben,520.17,30.0,6.0,22.8,1012.8,2.6,21,3,7,209,32516.0,1949.0,Mixed
2016-07-27 22:00:00,Rat_lodging_Ben,508.47,29.4,6.0,22.8,1012.9,4.1,22,3,7,209,32516.0,1949.0,Mixed
2016-07-27 23:00:00,Rat_lodging_Ben,503.09,28.9,2.0,23.3,1012.7,3.6,23,3,7,209,32516.0,1949.0,Mixed
2016-07-28 00:00:00,Rat_lodging_Ben,495.4,28.3,4.0,23.3,1012.9,2.1,0,4,7,210,32516.0,1949.0,Mixed
2016-07-28 01:00:00,Rat_lodging_Ben,490.6,27.8,4.0,24.4,1012.9,3.1,1,4,7,210,32516.0,1949.0,Mixed
2016-07-28 02:00:00,Rat_lodging_Ben,489.69,27.8,2.0,23.9,1012.7,0.0,2,4,7,210,32516.0,1949.0,Mixed
2016-07-28 03:00:00,Rat_lodging_Ben,480.49,27.8,5.0,23.9,1012.5,1.5,3,4,7,210,32516.0,1949.0,Mixed
2016-07-28 04:00:00,Rat_lodging_Ben,490.17,27.8,8.0,22.8,1012.4,0.0,4,4,7,210,32516.0,1949.0,Mixed
2016-07-28 05:00:00,Rat_lodging_Ben,493.79,27.8,7.333333333333333,22.8,1012.3,1.5,5,4,7,210,32516.0,1949.0,Mixed
2016-07-28 06:00:00,Rat_lodging_Ben,521.52,28.3,6.666666666666667,23.3,1012.6,1.5,6,4,7,210,32516.0,1949.0,Mixed
2016-07-28 07:00:00,Rat_lodging_Ben,540.66,28.9,6.0,23.3,1012.9,1.5,7,4,7,210,32516.0,1949.0,Mixed
2016-07-28 08:00:00,Rat_lodging_Ben,562.93,30.0,6.0,23.9,1012.9,1.5,8,4,7,210,32516.0,1949.0,Mixed
2016-07-28 09:00:00,Rat_lodging_Ben,576.53,30.6,6.0,23.3,1012.2,2.1,9,4,7,210,32516.0,1949.0,Mixed
2016-07-28 10:00:00,Rat_lodging_Ben,593.81,31.1,6.0,23.9,1012.4,3.6,10,4,7,210,32516.0,1949.0,Mixed
2016-07-28 11:00:00,Rat_lodging_Ben,593.33,31.1,5.333333333333333,23.3,1012.3,3.1,11,4,7,210,32516.0,1949.0,Mixed
2016-07-28 12:00:00,Rat_lodging_Ben,593.04,32.2,4.666666666666667,23.3,1011.6,4.1,12,4,7,210,32516.0,1949.0,Mixed
2016-07-28 13:00:00,Rat_lodging_Ben,594.36,32.8,4.0,23.9,1010.7,4.1,13,4,7,210,32516.0,1949.0,Mixed
2016-07-28 14:00:00,Rat_lodging_Ben,599.68,34.4,4.0,23.9,1010.1,5.1,14,4,7,210,32516.0,1949.0,Mixed
2016-07-28 15:00:00,Rat_lodging_Ben,591.22,33.9,5.0,23.3,1009.2,4.6,15,4,7,210,32516.0,1949.0,Mixed
2016-07-28 16:00:00,Rat_lodging_Ben,569.52,29.4,6.0,20.6,1009.8,4.6,16,4,7,210,32516.0,1949.0,Mixed
2016-07-28 17:00:00,Rat_lodging_Ben,539.88,27.2,6.0,22.8,1009.6,4.6,17,4,7,210,32516.0,1949.0,Mixed
2016-07-28 18:00:00,Rat_lodging_Ben,529.45,26.7,6.0,22.8,1010.2,7.2,18,4,7,210,32516.0,1949.0,Mixed
2016-07-28 19:00:00,Rat_lodging_Ben,522.33,26.7,6.0,22.2,1010.7,6.7,19,4,7,210,32516.0,1949.0,Mixed
2016-07-28 20:00:00,Rat_lodging_Ben,505.8,25.6,6.666666666666667,23.3,1010.55,4.1,20,4,7,210,32516.0,1949.0,Mixed
2016-07-28 21:00:00,Rat_lodging_Ben,493.72,25.6,7.333333333333333,23.9,1010.4,4.1,21,4,7,210,32516.0,1949.0,Mixed
2016-07-28 22:00:00,Rat_lodging_Ben,481.46,25.6,8.0,23.9,1010.9,3.1,22,4,7,210,32516.0,1949.0,Mixed
2016-07-28 23:00:00,Rat_lodging_Ben,469.41,25.0,8.0,23.9,1010.6,2.6,23,4,7,210,32516.0,1949.0,Mixed
2016-07-29 00:00:00,Rat_lodging_Ben,474.97,25.0,8.0,23.9,1010.3,0.0,0,5,7,211,32516.0,1949.0,Mixed
2016-07-29 01:00:00,Rat_lodging_Ben,480.09,25.6,8.0,23.9,1010.2,0.0,1,5,7,211,32516.0,1949.0,Mixed
2016-07-29 02:00:00,Rat_lodging_Ben,480.7,25.6,8.0,23.9,1008.9,2.6,2,5,7,211,32516.0,1949.0,Mixed
2016-07-29 03:00:00,Rat_lodging_Ben,474.61,25.0,8.0,23.3,1008.9,4.1,3,5,7,211,32516.0,1949.0,Mixed
2016-07-29 04:00:00,Rat_lodging_Ben,482.22,23.9,8.0,23.3,1009.1,6.2,4,5,7,211,32516.0,1949.0,Mixed
2016-07-29 05:00:00,Rat_lodging_Ben,471.72,23.9,8.0,22.2,1009.85,5.7,5,5,7,211,32516.0,1949.0,Mixed
2016-07-29 06:00:00,Rat_lodging_Ben,490.07,23.9,8.0,21.7,1010.6,5.7,6,5,7,211,32516.0,1949.0,Mixed
2016-07-29 07:00:00,Rat_lodging_Ben,497.82,23.9,8.0,21.7,1011.5,5.7,7,5,7,211,32516.0,1949.0,Mixed
2016-07-29 08:00:00,Rat_lodging_Ben,515.82,25.0,7.333333333333333,21.7,1011.8,5.1,8,5,7,211,32516.0,1949.0,Mixed
2016-07-29 09:00:00,Rat_lodging_Ben,524.36,25.6,6.666666666666667,21.1,1012.1,6.2,9,5,7,211,32516.0,1949.0,Mixed
2016-07-29 10:00:00,Rat_lodging_Ben,544.65,26.7,6.0,20.6,1012.2,5.1,10,5,7,211,32516.0,1949.0,Mixed
2016-07-29 11:00:00,Rat_lodging_Ben,551.97,28.9,4.0,21.1,1011.9,3.1,11,5,7,211,32516.0,1949.0,Mixed
2016-07-29 12:00:00,Rat_lodging_Ben,551.05,30.0,4.0,20.6,1011.6,2.1,12,5,7,211,32516.0,1949.0,Mixed
2016-07-29 13:00:00,Rat_lodging_Ben,551.09,31.1,6.0,20.0,1011.5,2.1,13,5,7,211,32516.0,1949.0,Mixed
2016-07-29 14:00:00,Rat_lodging_Ben,560.77,31.7,5.0,20.0,1011.7,1.5,14,5,7,211,32516.0,1949.0,Mixed
2016-07-29 15:00:00,Rat_lodging_Ben,558.17,31.7,4.0,19.4,1011.4,1.5,15,5,7,211,32516.0,1949.0,Mixed
2016-07-29 16:00:00,Rat_lodging_Ben,558.11,32.2,4.0,20.6,1011.4,2.1,16,5,7,211,32516.0,1949.0,Mixed
2016-07-29 17:00:00,Rat_lodging_Ben,543.0,31.1,4.0,21.1,1011.7,3.6,17,5,7,211,32516.0,1949.0,Mixed
2016-07-29 18:00:00,Rat_lodging_Ben,538.86,30.6,4.0,21.1,1011.9,3.1,18,5,7,211,32516.0,1949.0,Mixed
2016-07-29 19:00:00,Rat_lodging_Ben,529.84,30.0,2.0,21.7,1012.3,3.1,19,5,7,211,32516.0,1949.0,Mixed
2016-07-29 20:00:00,Rat_lodging_Ben,519.28,28.9,2.0,22.2,1012.5,3.1,20,5,7,211,32516.0,1949.0,Mixed
2016-07-29 21:00:00,Rat_lodging_Ben,505.72,28.3,0.0,22.2,1013.1,2.6,21,5,7,211,32516.0,1949.0,Mixed
2016-07-29 22:00:00,Rat_lodging_Ben,479.59,27.8,0.0,22.2,1013.6,3.1,22,5,7,211,32516.0,1949.0,Mixed
2016-07-29 23:00:00,Rat_lodging_Ben,471.36,27.2,0.0,21.7,1013.8,3.1,23,5,7,211,32516.0,1949.0,Mixed
2016-07-30 00:00:00,Rat_lodging_Ben,459.01,27.2,0.0,22.8,1014.0,1.5,0,6,7,212,32516.0,1949.0,Mixed
2016-07-30 01:00:00,Rat_lodging_Ben,456.24,26.1,0.0,23.3,1014.0,2.6,1,6,7,212,32516.0,1949.0,Mixed
2016-07-30 02:00:00,Rat_lodging_Ben,450.19,26.1,2.0,23.3,1013.5,2.1,2,6,7,212,32516.0,1949.0,Mixed
2016-07-30 03:00:00,Rat_lodging_Ben,448.58,26.1,4.0,23.3,1013.3,0.0,3,6,7,212,32516.0,1949.0,Mixed
2016-07-30 04:00:00,Rat_lodging_Ben,448.39,25.6,6.0,23.3,1013.6,0.0,4,6,7,212,32516.0,1949.0,Mixed
2016-07-30 05:00:00,Rat_lodging_Ben,448.3,25.6,6.666666666666667,23.3,1013.9,2.1,5,6,7,212,32516.0,1949.0,Mixed
2016-07-30 06:00:00,Rat_lodging_Ben,473.76,26.1,7.333333333333333,23.3,1014.8,2.1,6,6,7,212,32516.0,1949.0,Mixed
2016-07-30 07:00:00,Rat_lodging_Ben,482.96,26.1,8.0,23.3,1015.3,3.1,7,6,7,212,32516.0,1949.0,Mixed
2016-07-30 08:00:00,Rat_lodging_Ben,503.29,27.2,7.333333333333333,23.3,1015.3,3.6,8,6,7,212,32516.0,1949.0,Mixed
2016-07-30 09:00:00,Rat_lodging_Ben,522.41,27.8,6.666666666666667,22.8,1015.2,3.6,9,6,7,212,32516.0,1949.0,Mixed
2016-07-30 10:00:00,Rat_lodging_Ben,538.85,29.4,6.0,23.3,1015.6,4.1,10,6,7,212,32516.0,1949.0,Mixed
2016-07-30 11:00:00,Rat_lodging_Ben,539.0,30.6,6.0,22.2,1015.2,5.7,11,6,7,212,32516.0,1949.0,Mixed
2016-07-30 12:00:00,Rat_lodging_Ben,524.76,28.3,6.0,22.8,1014.9000000000001,6.7,12,6,7,212,32516.0,1949.0,Mixed
2016-07-30 13:00:00,Rat_lodging_Ben,532.45,31.1,6.0,23.3,1014.6,6.2,13,6,7,212,32516.0,1949.0,Mixed
2016-07-30 14:00:00,Rat_lodging_Ben,541.17,31.1,4.0,22.8,1013.6,6.2,14,6,7,212,32516.0,1949.0,Mixed
2016-07-30 15:00:00,Rat_lodging_Ben,537.14,30.6,5.0,22.8,1013.0,7.2,15,6,7,212,32516.0,1949.0,Mixed
2016-07-30 16:00:00,Rat_lodging_Ben,524.99,30.6,6.0,23.3,1012.6,6.7,16,6,7,212,32516.0,1949.0,Mixed
2016-07-30 17:00:00,Rat_lodging_Ben,511.81,28.9,6.666666666666667,22.8,1013.2,8.8,17,6,7,212,32516.0,1949.0,Mixed
2016-07-30 18:00:00,Rat_lodging_Ben,500.28,28.3,7.333333333333333,23.3,1013.4,7.2,18,6,7,212,32516.0,1949.0,Mixed
2016-07-30 19:00:00,Rat_lodging_Ben,490.66,26.7,8.0,24.4,1014.2,4.1,19,6,7,212,32516.0,1949.0,Mixed
2016-07-30 20:00:00,Rat_lodging_Ben,474.92,23.9,8.0,22.0,1015.1,2.6,20,6,7,212,32516.0,1949.0,Mixed
2016-07-30 21:00:00,Rat_lodging_Ben,459.89,23.9,8.0,22.2,1015.0,2.6,21,6,7,212,32516.0,1949.0,Mixed
2016-07-30 22:00:00,Rat_lodging_Ben,445.12,23.9,8.0,22.8,1014.7,1.5,22,6,7,212,32516.0,1949.0,Mixed
2016-07-30 23:00:00,Rat_lodging_Ben,438.67,24.4,8.0,22.8,1015.2,1.5,23,6,7,212,32516.0,1949.0,Mixed
2016-07-31 00:00:00,Rat_lodging_Ben,429.43,24.4,8.0,22.2,1015.1,0.0,0,7,7,213,32516.0,1949.0,Mixed
2016-07-31 01:00:00,Rat_lodging_Ben,429.69,24.4,8.0,22.8,1014.2,1.5,1,7,7,213,32516.0,1949.0,Mixed
2016-07-31 02:00:00,Rat_lodging_Ben,421.86,24.4,6.666666666666667,22.8,1014.0,1.5,2,7,7,213,32516.0,1949.0,Mixed
2016-07-31 03:00:00,Rat_lodging_Ben,418.9,24.4,5.333333333333334,22.8,1013.8,0.0,3,7,7,213,32516.0,1949.0,Mixed
2016-07-31 04:00:00,Rat_lodging_Ben,416.3,23.9,4.0,22.2,1014.3,2.1,4,7,7,213,32516.0,1949.0,Mixed
2016-07-31 05:00:00,Rat_lodging_Ben,424.35,23.9,4.0,22.2,1014.8,3.1,5,7,7,213,32516.0,1949.0,Mixed
2016-07-31 06:00:00,Rat_lodging_Ben,438.29,24.4,5.0,22.2,1015.8,1.5,6,7,7,213,32516.0,1949.0,Mixed
2016-07-31 07:00:00,Rat_lodging_Ben,446.47,25.0,6.0,22.2,1016.2,1.5,7,7,7,213,32516.0,1949.0,Mixed
2016-07-31 08:00:00,Rat_lodging_Ben,464.47,26.7,5.0,22.2,1016.3,1.5,8,7,7,213,32516.0,1949.0,Mixed
2016-07-31 09:00:00,Rat_lodging_Ben,495.96,26.7,4.0,22.2,1016.3,1.5,9,7,7,213,32516.0,1949.0,Mixed
2016-07-31 10:00:00,Rat_lodging_Ben,511.3,28.9,6.0,23.3,1016.5,3.1,10,7,7,213,32516.0,1949.0,Mixed
2016-07-31 11:00:00,Rat_lodging_Ben,529.79,30.6,6.0,22.2,1016.3,3.1,11,7,7,213,32516.0,1949.0,Mixed
2016-07-31 12:00:00,Rat_lodging_Ben,543.44,32.2,6.0,22.2,1016.0,2.6,12,7,7,213,32516.0,1949.0,Mixed
2016-07-31 13:00:00,Rat_lodging_Ben,547.49,31.7,6.0,22.2,1015.4,3.6,13,7,7,213,32516.0,1949.0,Mixed
2016-07-31 14:00:00,Rat_lodging_Ben,549.09,31.7,4.0,22.8,1014.9,3.6,14,7,7,213,32516.0,1949.0,Mixed
2016-07-31 15:00:00,Rat_lodging_Ben,550.91,32.2,4.0,22.2,1014.2,2.1,15,7,7,213,32516.0,1949.0,Mixed
2016-07-31 16:00:00,Rat_lodging_Ben,529.68,32.8,4.0,23.3,1013.9,5.7,16,7,7,213,32516.0,1949.0,Mixed
2016-07-31 17:00:00,Rat_lodging_Ben,504.37,26.7,4.666666666666667,22.2,1014.5,6.7,17,7,7,213,32516.0,1949.0,Mixed
2016-07-31 18:00:00,Rat_lodging_Ben,491.5,27.8,5.333333333333333,21.7,1014.7,1.5,18,7,7,213,32516.0,1949.0,Mixed
2016-07-31 19:00:00,Rat_lodging_Ben,483.56,28.3,6.0,21.7,1015.3,2.1,19,7,7,213,32516.0,1949.0,Mixed
2016-07-31 20:00:00,Rat_lodging_Ben,480.19,27.8,5.333333333333333,22.2,1015.3,2.1,20,7,7,213,32516.0,1949.0,Mixed
2016-07-31 21:00:00,Rat_lodging_Ben,476.79,28.3,4.666666666666667,22.2,1015.5,0.0,21,7,7,213,32516.0,1949.0,Mixed
2016-07-31 22:00:00,Rat_lodging_Ben,464.9,27.2,4.0,22.8,1015.7,2.1,22,7,7,213,32516.0,1949.0,Mixed
2016-07-31 23:00:00,Rat_lodging_Ben,451.9,27.2,4.0,21.7,1016.6,2.1,23,7,7,213,32516.0,1949.0,Mixed
2016-08-01 00:00:00,Rat_lodging_Ben,447.97,26.1,5.0,22.2,1016.4,2.6,0,1,8,214,32516.0,1949.0,Mixed
2016-08-01 01:00:00,Rat_lodging_Ben,443.38,25.6,6.0,22.2,1015.8,3.1,1,1,8,214,32516.0,1949.0,Mixed
2016-08-01 02:00:00,Rat_lodging_Ben,437.26,25.0,4.0,21.7,1015.3,2.1,2,1,8,214,32516.0,1949.0,Mixed
2016-08-01 03:00:00,Rat_lodging_Ben,430.0,25.0,6.0,21.7,1015.2,0.0,3,1,8,214,32516.0,1949.0,Mixed
2016-08-01 04:00:00,Rat_lodging_Ben,431.86,25.0,8.0,21.7,1015.6,2.1,4,1,8,214,32516.0,1949.0,Mixed
2016-08-01 05:00:00,Rat_lodging_Ben,440.68,24.4,7.333333333333333,22.2,1016.0,2.6,5,1,8,214,32516.0,1949.0,Mixed
2016-08-01 06:00:00,Rat_lodging_Ben,472.64,25.0,6.666666666666667,22.2,1016.6,3.6,6,1,8,214,32516.0,1949.0,Mixed
2016-08-01 07:00:00,Rat_lodging_Ben,493.86,25.6,6.0,22.2,1016.6,1.5,7,1,8,214,32516.0,1949.0,Mixed
2016-08-01 08:00:00,Rat_lodging_Ben,511.61,27.8,6.0,22.2,1017.0,2.1,8,1,8,214,32516.0,1949.0,Mixed
2016-08-01 09:00:00,Rat_lodging_Ben,530.8,28.3,6.0,22.2,1017.0,3.1,9,1,8,214,32516.0,1949.0,Mixed
2016-08-01 10:00:00,Rat_lodging_Ben,566.45,30.0,6.0,22.8,1017.0,3.6,10,1,8,214,32516.0,1949.0,Mixed
2016-08-01 11:00:00,Rat_lodging_Ben,580.36,31.1,6.666666666666667,22.8,1016.8,2.6,11,1,8,214,32516.0,1949.0,Mixed
2016-08-01 12:00:00,Rat_lodging_Ben,583.76,31.1,7.333333333333333,22.8,1016.4,2.1,12,1,8,214,32516.0,1949.0,Mixed
2016-08-01 13:00:00,Rat_lodging_Ben,587.27,31.7,8.0,22.8,1016.1,3.1,13,1,8,214,32516.0,1949.0,Mixed
2016-08-01 14:00:00,Rat_lodging_Ben,591.64,32.2,7.333333333333333,22.2,1015.6,3.1,14,1,8,214,32516.0,1949.0,Mixed
2016-08-01 15:00:00,Rat_lodging_Ben,596.87,33.3,6.666666666666667,21.1,1014.8,4.1,15,1,8,214,32516.0,1949.0,Mixed
2016-08-01 16:00:00,Rat_lodging_Ben,577.82,32.8,6.0,21.1,1014.5,5.7,16,1,8,214,32516.0,1949.0,Mixed
2016-08-01 17:00:00,Rat_lodging_Ben,555.99,31.7,6.0,21.1,1014.4,6.2,17,1,8,214,32516.0,1949.0,Mixed
2016-08-01 18:00:00,Rat_lodging_Ben,546.33,31.1,6.0,20.6,1014.9,3.6,18,1,8,214,32516.0,1949.0,Mixed
2016-08-01 19:00:00,Rat_lodging_Ben,525.47,28.3,6.0,22.2,1015.7,3.6,19,1,8,214,32516.0,1949.0,Mixed
2016-08-01 20:00:00,Rat_lodging_Ben,506.76,27.8,5.333333333333333,21.1,1016.1,2.6,20,1,8,214,32516.0,1949.0,Mixed
2016-08-01 21:00:00,Rat_lodging_Ben,484.24,26.1,4.666666666666667,21.7,1016.7,3.1,21,1,8,214,32516.0,1949.0,Mixed
2016-08-01 22:00:00,Rat_lodging_Ben,455.65,25.0,4.0,21.7,1016.5,2.6,22,1,8,214,32516.0,1949.0,Mixed
2016-08-01 23:00:00,Rat_lodging_Ben,445.82,25.0,4.0,21.7,1016.6,1.5,23,1,8,214,32516.0,1949.0,Mixed
2016-08-02 00:00:00,Rat_lodging_Ben,440.05,25.0,6.0,21.7,1016.9,1.5,0,2,8,215,32516.0,1949.0,Mixed
2016-08-02 01:00:00,Rat_lodging_Ben,432.24,25.6,8.0,22.2,1017.0,4.6,1,2,8,215,32516.0,1949.0,Mixed
2016-08-02 02:00:00,Rat_lodging_Ben,428.88,24.4,6.0,22.2,1016.8,4.1,2,2,8,215,32516.0,1949.0,Mixed
2016-08-02 03:00:00,Rat_lodging_Ben,432.54,24.4,4.0,22.2,1016.4,0.0,3,2,8,215,32516.0,1949.0,Mixed
2016-08-02 04:00:00,Rat_lodging_Ben,429.67,23.9,4.0,22.2,1016.2,0.0,4,2,8,215,32516.0,1949.0,Mixed
2016-08-02 05:00:00,Rat_lodging_Ben,440.41,24.4,4.0,22.2,1016.4,2.1,5,2,8,215,32516.0,1949.0,Mixed
2016-08-02 06:00:00,Rat_lodging_Ben,474.08,24.4,5.0,22.8,1016.9,3.1,6,2,8,215,32516.0,1949.0,Mixed
2016-08-02 07:00:00,Rat_lodging_Ben,487.85,25.0,6.0,22.8,1017.2,3.6,7,2,8,215,32516.0,1949.0,Mixed
2016-08-02 08:00:00,Rat_lodging_Ben,511.08,26.7,5.333333333333333,22.2,1017.6,4.6,8,2,8,215,32516.0,1949.0,Mixed
2016-08-02 09:00:00,Rat_lodging_Ben,533.67,27.8,4.666666666666667,22.8,1018.0,3.1,9,2,8,215,32516.0,1949.0,Mixed
2016-08-02 10:00:00,Rat_lodging_Ben,535.61,28.9,4.0,21.7,1017.9,3.1,10,2,8,215,32516.0,1949.0,Mixed
2016-08-02 11:00:00,Rat_lodging_Ben,539.19,30.0,4.0,20.6,1018.0,2.6,11,2,8,215,32516.0,1949.0,Mixed
2016-08-02 12:00:00,Rat_lodging_Ben,538.75,31.7,4.0,21.1,1017.8,1.5,12,2,8,215,32516.0,1949.0,Mixed
2016-08-02 13:00:00,Rat_lodging_Ben,541.05,31.7,6.0,20.6,1017.4,0.0,13,2,8,215,32516.0,1949.0,Mixed
2016-08-02 14:00:00,Rat_lodging_Ben,536.77,32.8,5.333333333333333,20.6,1016.8,4.1,14,2,8,215,32516.0,1949.0,Mixed
2016-08-02 15:00:00,Rat_lodging_Ben,540.47,32.2,4.666666666666667,21.1,1016.7,4.1,15,2,8,215,32516.0,1949.0,Mixed
2016-08-02 16:00:00,Rat_lodging_Ben,529.84,31.7,4.0,20.6,1016.3,4.1,16,2,8,215,32516.0,1949.0,Mixed
2016-08-02 17:00:00,Rat_lodging_Ben,515.25,31.1,4.0,20.6,1016.4,3.1,17,2,8,215,32516.0,1949.0,Mixed
2016-08-02 18:00:00,Rat_lodging_Ben,495.99,30.0,4.0,20.0,1016.7,4.6,18,2,8,215,32516.0,1949.0,Mixed
2016-08-02 19:00:00,Rat_lodging_Ben,497.99,28.3,6.0,21.7,1017.0,4.6,19,2,8,215,32516.0,1949.0,Mixed
2016-08-02 20:00:00,Rat_lodging_Ben,480.44,27.2,4.0,22.8,1017.7,6.2,20,2,8,215,32516.0,1949.0,Mixed
2016-08-02 21:00:00,Rat_lodging_Ben,461.57,26.1,6.0,21.1,1018.4,6.2,21,2,8,215,32516.0,1949.0,Mixed
2016-08-02 22:00:00,Rat_lodging_Ben,431.17,25.0,8.0,20.6,1019.3,4.6,22,2,8,215,32516.0,1949.0,Mixed
2016-08-02 23:00:00,Rat_lodging_Ben,415.08,24.4,7.333333333333333,19.4,1019.6,3.1,23,2,8,215,32516.0,1949.0,Mixed
2016-08-03 00:00:00,Rat_lodging_Ben,394.3,23.9,6.666666666666667,19.4,1019.7,4.6,0,3,8,216,32516.0,1949.0,Mixed
2016-08-03 01:00:00,Rat_lodging_Ben,384.97,23.3,6.0,18.9,1019.7,3.6,1,3,8,216,32516.0,1949.0,Mixed
2016-08-03 02:00:00,Rat_lodging_Ben,375.5,22.8,6.666666666666667,18.9,1019.1,2.6,2,3,8,216,32516.0,1949.0,Mixed
2016-08-03 03:00:00,Rat_lodging_Ben,374.6,22.8,7.333333333333333,18.3,1019.1,2.1,3,3,8,216,32516.0,1949.0,Mixed
2016-08-03 04:00:00,Rat_lodging_Ben,370.23,22.8,8.0,18.9,1019.2,3.6,4,3,8,216,32516.0,1949.0,Mixed
2016-08-03 05:00:00,Rat_lodging_Ben,385.77,22.2,6.0,18.9,1019.5,4.1,5,3,8,216,32516.0,1949.0,Mixed
2016-08-03 06:00:00,Rat_lodging_Ben,417.08,22.2,4.0,18.9,1020.2,3.1,6,3,8,216,32516.0,1949.0,Mixed
2016-08-03 07:00:00,Rat_lodging_Ben,449.44,22.8,6.0,19.4,1020.6,3.6,7,3,8,216,32516.0,1949.0,Mixed
2016-08-03 08:00:00,Rat_lodging_Ben,459.84,23.9,6.0,18.9,1021.1,4.1,8,3,8,216,32516.0,1949.0,Mixed
2016-08-03 09:00:00,Rat_lodging_Ben,486.02,24.4,6.0,18.9,1021.1,4.6,9,3,8,216,32516.0,1949.0,Mixed
2016-08-03 10:00:00,Rat_lodging_Ben,513.75,26.1,6.0,18.3,1021.1,3.6,10,3,8,216,32516.0,1949.0,Mixed
2016-08-03 11:00:00,Rat_lodging_Ben,503.2,26.7,6.0,18.3,1020.9,3.6,11,3,8,216,32516.0,1949.0,Mixed
2016-08-03 12:00:00,Rat_lodging_Ben,496.3,27.2,6.0,18.3,1020.9,4.1,12,3,8,216,32516.0,1949.0,Mixed
2016-08-03 13:00:00,Rat_lodging_Ben,501.78,27.8,6.0,18.3,1020.3,2.6,13,3,8,216,32516.0,1949.0,Mixed
2016-08-03 14:00:00,Rat_lodging_Ben,496.68,27.8,6.666666666666667,18.3,1020.1,3.1,14,3,8,216,32516.0,1949.0,Mixed
2016-08-03 15:00:00,Rat_lodging_Ben,495.61,28.3,7.333333333333333,18.3,1019.6,4.1,15,3,8,216,32516.0,1949.0,Mixed
2016-08-03 16:00:00,Rat_lodging_Ben,479.88,27.2,8.0,18.3,1019.5,3.6,16,3,8,216,32516.0,1949.0,Mixed
2016-08-03 17:00:00,Rat_lodging_Ben,471.39,27.2,7.333333333333333,18.3,1019.5,3.1,17,3,8,216,32516.0,1949.0,Mixed
2016-08-03 18:00:00,Rat_lodging_Ben,463.57,26.7,6.666666666666667,17.8,1019.6,3.1,18,3,8,216,32516.0,1949.0,Mixed
2016-08-03 19:00:00,Rat_lodging_Ben,458.94,26.7,6.0,17.8,1019.5,4.1,19,3,8,216,32516.0,1949.0,Mixed
2016-08-03 20:00:00,Rat_lodging_Ben,448.19,25.6,4.0,17.8,1019.6,2.6,20,3,8,216,32516.0,1949.0,Mixed
2016-08-03 21:00:00,Rat_lodging_Ben,430.5,25.0,4.0,18.3,1019.9,2.1,21,3,8,216,32516.0,1949.0,Mixed
2016-08-03 22:00:00,Rat_lodging_Ben,390.98,24.4,2.0,18.3,1020.2,2.6,22,3,8,216,32516.0,1949.0,Mixed
2016-08-03 23:00:00,Rat_lodging_Ben,380.16,23.3,0.0,18.3,1020.4,0.0,23,3,8,216,32516.0,1949.0,Mixed
2016-08-04 00:00:00,Rat_lodging_Ben,369.09,22.8,0.0,17.8,1020.5,2.1,0,4,8,217,32516.0,1949.0,Mixed
2016-08-04 01:00:00,Rat_lodging_Ben,355.02,22.8,0.0,18.3,1020.3,1.5,1,4,8,217,32516.0,1949.0,Mixed
2016-08-04 02:00:00,Rat_lodging_Ben,347.46,22.2,0.0,18.3,1020.0,2.6,2,4,8,217,32516.0,1949.0,Mixed
2016-08-04 03:00:00,Rat_lodging_Ben,342.4,22.2,0.0,18.3,1019.8,2.6,3,4,8,217,32516.0,1949.0,Mixed
2016-08-04 04:00:00,Rat_lodging_Ben,345.37,21.7,0.0,18.3,1019.9,3.1,4,4,8,217,32516.0,1949.0,Mixed
2016-08-04 05:00:00,Rat_lodging_Ben,352.41,21.7,4.0,18.3,1020.2,1.5,5,4,8,217,32516.0,1949.0,Mixed
2016-08-04 06:00:00,Rat_lodging_Ben,393.11,21.7,4.0,18.9,1020.5,2.6,6,4,8,217,32516.0,1949.0,Mixed
2016-08-04 07:00:00,Rat_lodging_Ben,433.99,22.8,4.0,18.9,1020.9,4.1,7,4,8,217,32516.0,1949.0,Mixed
2016-08-04 08:00:00,Rat_lodging_Ben,454.04,25.0,4.666666666666667,18.9,1021.3,2.6,8,4,8,217,32516.0,1949.0,Mixed
2016-08-04 09:00:00,Rat_lodging_Ben,469.82,25.0,5.333333333333333,17.8,1021.3,3.6,9,4,8,217,32516.0,1949.0,Mixed
2016-08-04 10:00:00,Rat_lodging_Ben,482.23,26.7,6.0,17.2,1021.1,3.6,10,4,8,217,32516.0,1949.0,Mixed
2016-08-04 11:00:00,Rat_lodging_Ben,484.6,26.1,6.0,17.2,1020.8,1.5,11,4,8,217,32516.0,1949.0,Mixed
2016-08-04 12:00:00,Rat_lodging_Ben,480.97,28.3,6.0,16.7,1020.4,2.6,12,4,8,217,32516.0,1949.0,Mixed
2016-08-04 13:00:00,Rat_lodging_Ben,518.01,29.4,6.0,16.1,1020.1,3.6,13,4,8,217,32516.0,1949.0,Mixed
2016-08-04 14:00:00,Rat_lodging_Ben,510.91,29.4,6.0,16.1,1020.0,3.6,14,4,8,217,32516.0,1949.0,Mixed
2016-08-04 15:00:00,Rat_lodging_Ben,506.97,29.4,6.0,15.0,1019.7,1.5,15,4,8,217,32516.0,1949.0,Mixed
2016-08-04 16:00:00,Rat_lodging_Ben,502.04,29.4,6.0,16.7,1019.2,3.6,16,4,8,217,32516.0,1949.0,Mixed
2016-08-04 17:00:00,Rat_lodging_Ben,490.36,28.3,5.333333333333333,16.1,1019.1,4.1,17,4,8,217,32516.0,1949.0,Mixed
2016-08-04 18:00:00,Rat_lodging_Ben,475.36,27.8,4.666666666666667,16.7,1018.7,4.1,18,4,8,217,32516.0,1949.0,Mixed
2016-08-04 19:00:00,Rat_lodging_Ben,462.31,26.7,4.0,16.7,1018.4,3.1,19,4,8,217,32516.0,1949.0,Mixed
2016-08-04 20:00:00,Rat_lodging_Ben,450.51,26.1,4.0,17.8,1018.4,2.1,20,4,8,217,32516.0,1949.0,Mixed
2016-08-04 21:00:00,Rat_lodging_Ben,442.6,25.6,4.0,18.3,1018.4,3.6,21,4,8,217,32516.0,1949.0,Mixed
2016-08-04 22:00:00,Rat_lodging_Ben,420.55,25.0,4.0,18.3,1018.5,2.6,22,4,8,217,32516.0,1949.0,Mixed
2016-08-04 23:00:00,Rat_lodging_Ben,407.76,24.4,4.0,19.4,1018.6,4.1,23,4,8,217,32516.0,1949.0,Mixed
2016-08-05 00:00:00,Rat_lodging_Ben,399.82,23.3,4.0,19.4,1018.5,3.6,0,5,8,218,32516.0,1949.0,Mixed
2016-08-05 01:00:00,Rat_lodging_Ben,393.29,23.3,6.0,18.9,1018.1,3.6,1,5,8,218,32516.0,1949.0,Mixed
2016-08-05 02:00:00,Rat_lodging_Ben,383.14,23.3,6.666666666666667,18.9,1018.1,3.1,2,5,8,218,32516.0,1949.0,Mixed
2016-08-05 03:00:00,Rat_lodging_Ben,377.73,23.3,7.333333333333333,18.9,1018.0,4.1,3,5,8,218,32516.0,1949.0,Mixed
2016-08-05 04:00:00,Rat_lodging_Ben,383.68,23.3,8.0,18.9,1017.9,2.1,4,5,8,218,32516.0,1949.0,Mixed
2016-08-05 05:00:00,Rat_lodging_Ben,399.49,23.3,8.0,20.0,1017.7,1.5,5,5,8,218,32516.0,1949.0,Mixed
2016-08-05 06:00:00,Rat_lodging_Ben,441.65,23.3,8.0,19.4,1017.8,0.0,6,5,8,218,32516.0,1949.0,Mixed
2016-08-05 07:00:00,Rat_lodging_Ben,457.82,24.4,8.0,20.0,1017.4,3.1,7,5,8,218,32516.0,1949.0,Mixed
2016-08-05 08:00:00,Rat_lodging_Ben,472.08,24.4,8.0,20.0,1017.4,3.1,8,5,8,218,32516.0,1949.0,Mixed
2016-08-05 09:00:00,Rat_lodging_Ben,475.81,25.0,8.0,20.6,1017.4,4.1,9,5,8,218,32516.0,1949.0,Mixed
2016-08-05 10:00:00,Rat_lodging_Ben,485.82,26.7,8.0,20.0,1017.4,4.1,10,5,8,218,32516.0,1949.0,Mixed
2016-08-05 11:00:00,Rat_lodging_Ben,493.73,27.2,8.0,18.9,1017.0,3.6,11,5,8,218,32516.0,1949.0,Mixed
2016-08-05 12:00:00,Rat_lodging_Ben,495.67,27.8,8.0,20.6,1016.4,5.1,12,5,8,218,32516.0,1949.0,Mixed
2016-08-05 13:00:00,Rat_lodging_Ben,493.34,27.8,8.0,20.6,1016.2,4.1,13,5,8,218,32516.0,1949.0,Mixed
2016-08-05 14:00:00,Rat_lodging_Ben,491.4,26.7,8.0,21.1,1015.9,5.7,14,5,8,218,32516.0,1949.0,Mixed
2016-08-05 15:00:00,Rat_lodging_Ben,489.5,26.1,8.0,21.1,1015.2,4.6,15,5,8,218,32516.0,1949.0,Mixed
2016-08-05 16:00:00,Rat_lodging_Ben,488.78,26.7,8.0,21.7,1014.4,4.6,16,5,8,218,32516.0,1949.0,Mixed
2016-08-05 17:00:00,Rat_lodging_Ben,476.41,27.2,7.333333333333333,21.7,1013.8499999999999,5.1,17,5,8,218,32516.0,1949.0,Mixed
2016-08-05 18:00:00,Rat_lodging_Ben,475.94,26.7,6.666666666666667,21.7,1013.3,4.6,18,5,8,218,32516.0,1949.0,Mixed
2016-08-05 19:00:00,Rat_lodging_Ben,472.94,26.7,6.0,22.2,1013.2,3.6,19,5,8,218,32516.0,1949.0,Mixed
2016-08-05 20:00:00,Rat_lodging_Ben,464.0,26.1,6.0,22.2,1012.9,3.6,20,5,8,218,32516.0,1949.0,Mixed
2016-08-05 21:00:00,Rat_lodging_Ben,457.91,25.6,6.0,22.8,1013.0,2.1,21,5,8,218,32516.0,1949.0,Mixed
2016-08-05 22:00:00,Rat_lodging_Ben,436.47,25.6,6.0,23.3,1012.6,3.1,22,5,8,218,32516.0,1949.0,Mixed
2016-08-05 23:00:00,Rat_lodging_Ben,434.2,25.6,6.666666666666667,22.8,1012.4,4.1,23,5,8,218,32516.0,1949.0,Mixed
2016-08-06 00:00:00,Rat_lodging_Ben,425.68,25.6,7.333333333333333,22.8,1012.1,5.1,0,6,8,219,32516.0,1949.0,Mixed
2016-08-06 01:00:00,Rat_lodging_Ben,424.56,25.6,8.0,23.3,1011.5,4.6,1,6,8,219,32516.0,1949.0,Mixed
2016-08-06 02:00:00,Rat_lodging_Ben,419.19,25.6,7.333333333333333,23.3,1011.0,4.1,2,6,8,219,32516.0,1949.0,Mixed
2016-08-06 03:00:00,Rat_lodging_Ben,418.17,24.4,6.666666666666667,23.3,1010.5,4.1,3,6,8,219,32516.0,1949.0,Mixed
2016-08-06 04:00:00,Rat_lodging_Ben,421.46,24.4,6.0,23.3,1010.1,3.1,4,6,8,219,32516.0,1949.0,Mixed
2016-08-06 05:00:00,Rat_lodging_Ben,416.29,24.4,2.0,23.3,1010.4,2.1,5,6,8,219,32516.0,1949.0,Mixed
2016-08-06 06:00:00,Rat_lodging_Ben,434.83,24.4,4.0,23.3,1010.4,2.6,6,6,8,219,32516.0,1949.0,Mixed
2016-08-06 07:00:00,Rat_lodging_Ben,453.17,25.0,6.0,22.8,1010.4,2.1,7,6,8,219,32516.0,1949.0,Mixed
2016-08-06 08:00:00,Rat_lodging_Ben,479.07,26.1,4.0,23.3,1010.1,4.1,8,6,8,219,32516.0,1949.0,Mixed
2016-08-06 09:00:00,Rat_lodging_Ben,494.98,27.8,4.0,23.9,1009.9,3.6,9,6,8,219,32516.0,1949.0,Mixed
2016-08-06 10:00:00,Rat_lodging_Ben,515.47,30.0,6.0,23.9,1009.7,3.1,10,6,8,219,32516.0,1949.0,Mixed
2016-08-06 11:00:00,Rat_lodging_Ben,522.81,32.2,6.666666666666667,22.8,1009.5,5.1,11,6,8,219,32516.0,1949.0,Mixed
2016-08-06 12:00:00,Rat_lodging_Ben,522.67,32.8,7.333333333333333,22.2,1009.1,2.1,12,6,8,219,32516.0,1949.0,Mixed
2016-08-06 13:00:00,Rat_lodging_Ben,524.57,32.8,8.0,22.2,1008.5,2.1,13,6,8,219,32516.0,1949.0,Mixed
2016-08-06 14:00:00,Rat_lodging_Ben,511.74,29.4,5.333333333333334,23.3,1008.3,4.1,14,6,8,219,32516.0,1949.0,Mixed
2016-08-06 15:00:00,Rat_lodging_Ben,514.12,27.2,2.666666666666667,23.9,1008.4,5.1,15,6,8,219,32516.0,1949.0,Mixed
2016-08-06 16:00:00,Rat_lodging_Ben,506.8,27.8,0.0,23.9,1007.9,4.1,16,6,8,219,32516.0,1949.0,Mixed
2016-08-06 17:00:00,Rat_lodging_Ben,495.04,28.3,2.0,24.4,1007.7,5.1,17,6,8,219,32516.0,1949.0,Mixed
2016-08-06 18:00:00,Rat_lodging_Ben,495.3,28.3,4.0,23.3,1008.05,3.6,18,6,8,219,32516.0,1949.0,Mixed
2016-08-06 19:00:00,Rat_lodging_Ben,488.7,27.2,6.0,23.9,1008.4,2.6,19,6,8,219,32516.0,1949.0,Mixed
2016-08-06 20:00:00,Rat_lodging_Ben,482.38,26.7,4.666666666666667,23.9,1009.1,3.6,20,6,8,219,32516.0,1949.0,Mixed
2016-08-06 21:00:00,Rat_lodging_Ben,477.42,27.2,3.3333333333333335,22.8,1009.8,3.6,21,6,8,219,32516.0,1949.0,Mixed
2016-08-06 22:00:00,Rat_lodging_Ben,455.86,26.7,2.0,22.8,1010.1,3.6,22,6,8,219,32516.0,1949.0,Mixed
2016-08-06 23:00:00,Rat_lodging_Ben,443.44,27.2,2.0,20.6,1010.6,4.1,23,6,8,219,32516.0,1949.0,Mixed
2016-08-07 00:00:00,Rat_lodging_Ben,424.1,26.7,2.0,17.2,1010.7,4.6,0,7,8,220,32516.0,1949.0,Mixed
2016-08-07 01:00:00,Rat_lodging_Ben,404.02,25.6,6.0,16.7,1010.7,5.1,1,7,8,220,32516.0,1949.0,Mixed
2016-08-07 02:00:00,Rat_lodging_Ben,394.91,25.0,4.0,16.1,1011.0,5.1,2,7,8,220,32516.0,1949.0,Mixed
2016-08-07 03:00:00,Rat_lodging_Ben,378.68,24.4,4.0,15.6,1011.2,5.1,3,7,8,220,32516.0,1949.0,Mixed
2016-08-07 04:00:00,Rat_lodging_Ben,373.08,23.9,4.0,15.0,1011.7,3.6,4,7,8,220,32516.0,1949.0,Mixed
2016-08-07 05:00:00,Rat_lodging_Ben,359.92,22.2,2.0,15.0,1012.1,3.1,5,7,8,220,32516.0,1949.0,Mixed
2016-08-07 06:00:00,Rat_lodging_Ben,381.53,22.2,2.0,15.6,1013.1,3.6,6,7,8,220,32516.0,1949.0,Mixed
2016-08-07 07:00:00,Rat_lodging_Ben,408.0,23.9,2.0,15.6,1013.7,3.6,7,7,8,220,32516.0,1949.0,Mixed
2016-08-07 08:00:00,Rat_lodging_Ben,430.97,26.1,2.0,16.7,1014.0,3.6,8,7,8,220,32516.0,1949.0,Mixed
2016-08-07 09:00:00,Rat_lodging_Ben,446.49,28.3,2.0,16.1,1014.1,4.1,9,7,8,220,32516.0,1949.0,Mixed
2016-08-07 10:00:00,Rat_lodging_Ben,461.69,28.9,2.0,15.6,1014.4,2.1,10,7,8,220,32516.0,1949.0,Mixed
2016-08-07 11:00:00,Rat_lodging_Ben,463.65,29.4,4.0,15.0,1014.5,2.1,11,7,8,220,32516.0,1949.0,Mixed
2016-08-07 12:00:00,Rat_lodging_Ben,466.36,31.1,4.0,14.4,1014.5,2.6,12,7,8,220,32516.0,1949.0,Mixed
2016-08-07 13:00:00,Rat_lodging_Ben,467.14,31.1,4.0,13.3,1014.0,3.6,13,7,8,220,32516.0,1949.0,Mixed
2016-08-07 14:00:00,Rat_lodging_Ben,470.69,32.8,4.0,13.3,1013.8,5.7,14,7,8,220,32516.0,1949.0,Mixed
2016-08-07 15:00:00,Rat_lodging_Ben,477.58,32.8,4.0,14.4,1013.7,4.6,15,7,8,220,32516.0,1949.0,Mixed
2016-08-07 16:00:00,Rat_lodging_Ben,469.42,32.2,4.0,13.9,1013.5,4.6,16,7,8,220,32516.0,1949.0,Mixed
2016-08-07 17:00:00,Rat_lodging_Ben,466.3,31.7,4.0,13.3,1013.6,2.1,17,7,8,220,32516.0,1949.0,Mixed
2016-08-07 18:00:00,Rat_lodging_Ben,460.26,31.1,4.0,13.9,1013.5,1.5,18,7,8,220,32516.0,1949.0,Mixed
2016-08-07 19:00:00,Rat_lodging_Ben,445.41,29.4,4.0,13.9,1013.9,2.6,19,7,8,220,32516.0,1949.0,Mixed
2016-08-07 20:00:00,Rat_lodging_Ben,447.29,28.3,4.0,14.4,1014.6,2.1,20,7,8,220,32516.0,1949.0,Mixed
2016-08-07 21:00:00,Rat_lodging_Ben,436.46,27.2,4.0,16.7,1015.0,2.6,21,7,8,220,32516.0,1949.0,Mixed
2016-08-07 22:00:00,Rat_lodging_Ben,418.45,26.7,6.0,15.6,1015.0,1.5,22,7,8,220,32516.0,1949.0,Mixed
2016-08-07 23:00:00,Rat_lodging_Ben,407.03,26.7,6.0,15.6,1014.8,1.5,23,7,8,220,32516.0,1949.0,Mixed
2016-08-08 00:00:00,Rat_lodging_Ben,396.4,24.4,6.0,17.2,1015.0,1.5,0,1,8,221,32516.0,1949.0,Mixed
2016-08-08 01:00:00,Rat_lodging_Ben,390.71,23.3,6.0,17.2,1015.4,1.5,1,1,8,221,32516.0,1949.0,Mixed
2016-08-08 02:00:00,Rat_lodging_Ben,378.4,23.3,5.0,17.2,1015.5,1.5,2,1,8,221,32516.0,1949.0,Mixed
2016-08-08 03:00:00,Rat_lodging_Ben,368.99,23.9,4.0,16.1,1015.7,1.5,3,1,8,221,32516.0,1949.0,Mixed
2016-08-08 04:00:00,Rat_lodging_Ben,361.25,22.8,6.0,16.7,1016.0,1.5,4,1,8,221,32516.0,1949.0,Mixed
2016-08-08 05:00:00,Rat_lodging_Ben,380.13,23.3,6.0,16.1,1016.3,0.0,5,1,8,221,32516.0,1949.0,Mixed
2016-08-08 06:00:00,Rat_lodging_Ben,419.19,22.8,6.0,16.7,1016.7,0.0,6,1,8,221,32516.0,1949.0,Mixed
2016-08-08 07:00:00,Rat_lodging_Ben,447.73,25.0,6.0,17.2,1017.1,2.1,7,1,8,221,32516.0,1949.0,Mixed
2016-08-08 08:00:00,Rat_lodging_Ben,469.57,26.7,5.333333333333333,16.7,1017.3,2.1,8,1,8,221,32516.0,1949.0,Mixed
2016-08-08 09:00:00,Rat_lodging_Ben,489.01,28.3,4.666666666666667,16.7,1017.5,2.1,9,1,8,221,32516.0,1949.0,Mixed
2016-08-08 10:00:00,Rat_lodging_Ben,504.57,29.4,4.0,16.7,1017.6,1.5,10,1,8,221,32516.0,1949.0,Mixed
2016-08-08 11:00:00,Rat_lodging_Ben,507.68,31.1,5.333333333333333,16.1,1017.5,3.6,11,1,8,221,32516.0,1949.0,Mixed
2016-08-08 12:00:00,Rat_lodging_Ben,513.32,31.7,6.666666666666666,13.3,1017.3,4.1,12,1,8,221,32516.0,1949.0,Mixed
2016-08-08 13:00:00,Rat_lodging_Ben,515.18,32.2,8.0,13.9,1017.2,3.6,13,1,8,221,32516.0,1949.0,Mixed
2016-08-08 14:00:00,Rat_lodging_Ben,508.3,28.3,8.0,20.0,1017.6,8.2,14,1,8,221,32516.0,1949.0,Mixed
2016-08-08 15:00:00,Rat_lodging_Ben,496.26,26.7,8.0,18.9,1018.0,5.7,15,1,8,221,32516.0,1949.0,Mixed
2016-08-08 16:00:00,Rat_lodging_Ben,479.38,26.1,8.0,18.9,1017.9,4.1,16,1,8,221,32516.0,1949.0,Mixed
2016-08-08 17:00:00,Rat_lodging_Ben,471.31,26.1,7.333333333333333,18.9,1018.0,5.1,17,1,8,221,32516.0,1949.0,Mixed
2016-08-08 18:00:00,Rat_lodging_Ben,464.84,25.6,6.666666666666667,17.8,1018.0,5.1,18,1,8,221,32516.0,1949.0,Mixed
2016-08-08 19:00:00,Rat_lodging_Ben,453.55,24.4,6.0,16.7,1018.4,4.1,19,1,8,221,32516.0,1949.0,Mixed
2016-08-08 20:00:00,Rat_lodging_Ben,432.88,23.9,4.0,17.8,1018.9,3.6,20,1,8,221,32516.0,1949.0,Mixed
2016-08-08 21:00:00,Rat_lodging_Ben,398.65,22.8,4.0,16.7,1019.7,2.6,21,1,8,221,32516.0,1949.0,Mixed
2016-08-08 22:00:00,Rat_lodging_Ben,374.23,22.8,6.0,16.7,1020.2,1.5,22,1,8,221,32516.0,1949.0,Mixed
2016-08-08 23:00:00,Rat_lodging_Ben,367.9,22.8,4.0,16.7,1020.6,1.5,23,1,8,221,32516.0,1949.0,Mixed
2016-08-09 00:00:00,Rat_lodging_Ben,361.99,21.7,2.0,16.7,1020.8,1.5,0,2,8,222,32516.0,1949.0,Mixed
2016-08-09 01:00:00,Rat_lodging_Ben,362.46,21.1,2.0,17.2,1020.8,0.0,1,2,8,222,32516.0,1949.0,Mixed
2016-08-09 02:00:00,Rat_lodging_Ben,358.17,20.6,2.0,17.2,1020.6,1.5,2,2,8,222,32516.0,1949.0,Mixed
2016-08-09 03:00:00,Rat_lodging_Ben,354.18,21.1,4.0,17.8,1020.7,0.0,3,2,8,222,32516.0,1949.0,Mixed
2016-08-09 04:00:00,Rat_lodging_Ben,351.3,21.1,4.0,17.8,1020.6,0.0,4,2,8,222,32516.0,1949.0,Mixed
2016-08-09 05:00:00,Rat_lodging_Ben,366.58,20.6,4.0,18.3,1020.9,0.0,5,2,8,222,32516.0,1949.0,Mixed
2016-08-09 06:00:00,Rat_lodging_Ben,397.09,21.7,5.0,18.3,1021.5,0.0,6,2,8,222,32516.0,1949.0,Mixed
2016-08-09 07:00:00,Rat_lodging_Ben,446.0,22.2,6.0,18.3,1022.0,0.0,7,2,8,222,32516.0,1949.0,Mixed
2016-08-09 08:00:00,Rat_lodging_Ben,476.11,23.3,6.666666666666667,17.8,1022.4,1.5,8,2,8,222,32516.0,1949.0,Mixed
2016-08-09 09:00:00,Rat_lodging_Ben,479.54,24.4,7.333333333333333,17.8,1022.9,2.1,9,2,8,222,32516.0,1949.0,Mixed
2016-08-09 10:00:00,Rat_lodging_Ben,482.53,24.4,8.0,18.3,1023.2,1.5,10,2,8,222,32516.0,1949.0,Mixed
2016-08-09 11:00:00,Rat_lodging_Ben,491.95,26.7,8.0,18.9,1023.1,2.1,11,2,8,222,32516.0,1949.0,Mixed
2016-08-09 12:00:00,Rat_lodging_Ben,493.2,26.1,8.0,20.0,1023.0,2.6,12,2,8,222,32516.0,1949.0,Mixed
2016-08-09 13:00:00,Rat_lodging_Ben,489.07,27.2,8.0,20.6,1022.5,2.6,13,2,8,222,32516.0,1949.0,Mixed
2016-08-09 14:00:00,Rat_lodging_Ben,493.29,26.7,8.0,21.1,1022.5,3.6,14,2,8,222,32516.0,1949.0,Mixed
2016-08-09 15:00:00,Rat_lodging_Ben,488.4,25.6,8.0,21.7,1021.9,2.1,15,2,8,222,32516.0,1949.0,Mixed
2016-08-09 16:00:00,Rat_lodging_Ben,487.07,26.1,8.0,22.8,1021.7,3.6,16,2,8,222,32516.0,1949.0,Mixed
2016-08-09 17:00:00,Rat_lodging_Ben,481.6,26.1,8.0,22.8,1021.4,3.1,17,2,8,222,32516.0,1949.0,Mixed
2016-08-09 18:00:00,Rat_lodging_Ben,477.45,26.1,8.0,22.8,1021.3,1.5,18,2,8,222,32516.0,1949.0,Mixed
2016-08-09 19:00:00,Rat_lodging_Ben,471.6,26.1,8.0,22.8,1021.3,3.1,19,2,8,222,32516.0,1949.0,Mixed
2016-08-09 20:00:00,Rat_lodging_Ben,478.29,25.6,7.333333333333333,23.3,1021.65,1.5,20,2,8,222,32516.0,1949.0,Mixed
2016-08-09 21:00:00,Rat_lodging_Ben,470.87,26.1,6.666666666666667,23.3,1022.0,2.1,21,2,8,222,32516.0,1949.0,Mixed
2016-08-09 22:00:00,Rat_lodging_Ben,455.98,26.1,6.0,23.3,1022.2,3.6,22,2,8,222,32516.0,1949.0,Mixed
2016-08-09 23:00:00,Rat_lodging_Ben,446.77,25.6,6.666666666666667,23.3,1022.4,3.6,23,2,8,222,32516.0,1949.0,Mixed
2016-08-10 00:00:00,Rat_lodging_Ben,440.68,25.6,7.333333333333333,23.9,1022.5,3.6,0,3,8,223,32516.0,1949.0,Mixed
2016-08-10 01:00:00,Rat_lodging_Ben,437.31,25.0,8.0,23.9,1022.3,1.5,1,3,8,223,32516.0,1949.0,Mixed
2016-08-10 02:00:00,Rat_lodging_Ben,434.59,25.6,8.0,23.9,1021.8,2.1,2,3,8,223,32516.0,1949.0,Mixed
2016-08-10 03:00:00,Rat_lodging_Ben,432.49,25.6,8.0,23.9,1021.3,3.1,3,3,8,223,32516.0,1949.0,Mixed
2016-08-10 04:00:00,Rat_lodging_Ben,438.3,25.6,8.0,23.9,1021.1,3.6,4,3,8,223,32516.0,1949.0,Mixed
2016-08-10 05:00:00,Rat_lodging_Ben,446.98,25.6,8.0,23.9,1021.3,4.1,5,3,8,223,32516.0,1949.0,Mixed
2016-08-10 06:00:00,Rat_lodging_Ben,483.4,25.6,8.0,23.9,1021.6,2.1,6,3,8,223,32516.0,1949.0,Mixed
2016-08-10 07:00:00,Rat_lodging_Ben,497.54,25.6,8.0,23.3,1022.3,5.1,7,3,8,223,32516.0,1949.0,Mixed
2016-08-10 08:00:00,Rat_lodging_Ben,510.78,27.2,7.333333333333333,23.3,1022.6,4.6,8,3,8,223,32516.0,1949.0,Mixed
2016-08-10 09:00:00,Rat_lodging_Ben,532.26,29.4,6.666666666666667,23.3,1022.6,5.7,9,3,8,223,32516.0,1949.0,Mixed
2016-08-10 10:00:00,Rat_lodging_Ben,550.71,30.0,6.0,23.3,1022.6,5.7,10,3,8,223,32516.0,1949.0,Mixed
2016-08-10 11:00:00,Rat_lodging_Ben,554.84,30.6,6.666666666666667,23.9,1022.1,6.7,11,3,8,223,32516.0,1949.0,Mixed
2016-08-10 12:00:00,Rat_lodging_Ben,550.7,33.3,7.333333333333333,23.3,1021.5,5.1,12,3,8,223,32516.0,1949.0,Mixed
2016-08-10 13:00:00,Rat_lodging_Ben,546.55,33.3,8.0,23.3,1021.1,7.2,13,3,8,223,32516.0,1949.0,Mixed
2016-08-10 14:00:00,Rat_lodging_Ben,565.04,34.4,7.333333333333333,22.2,1020.7,5.7,14,3,8,223,32516.0,1949.0,Mixed
2016-08-10 15:00:00,Rat_lodging_Ben,562.43,34.4,6.666666666666667,21.7,1020.0,7.2,15,3,8,223,32516.0,1949.0,Mixed
2016-08-10 16:00:00,Rat_lodging_Ben,545.34,33.9,6.0,21.7,1019.9,8.8,16,3,8,223,32516.0,1949.0,Mixed
2016-08-10 17:00:00,Rat_lodging_Ben,535.68,33.3,4.0,21.7,1019.7,7.2,17,3,8,223,32516.0,1949.0,Mixed
2016-08-10 18:00:00,Rat_lodging_Ben,533.69,32.2,4.0,21.7,1019.7,6.7,18,3,8,223,32516.0,1949.0,Mixed
2016-08-10 19:00:00,Rat_lodging_Ben,532.67,30.6,4.0,22.2,1019.8,5.7,19,3,8,223,32516.0,1949.0,Mixed
2016-08-10 20:00:00,Rat_lodging_Ben,527.63,30.0,4.0,22.2,1020.4,4.6,20,3,8,223,32516.0,1949.0,Mixed
2016-08-10 21:00:00,Rat_lodging_Ben,514.72,28.9,6.0,23.9,1020.8,3.6,21,3,8,223,32516.0,1949.0,Mixed
2016-08-10 22:00:00,Rat_lodging_Ben,501.93,28.3,8.0,23.3,1021.1,4.6,22,3,8,223,32516.0,1949.0,Mixed
2016-08-10 23:00:00,Rat_lodging_Ben,496.18,27.8,7.333333333333333,23.9,1020.8,3.6,23,3,8,223,32516.0,1949.0,Mixed
2016-08-11 00:00:00,Rat_lodging_Ben,486.36,27.2,6.666666666666667,23.3,1020.6,4.1,0,4,8,224,32516.0,1949.0,Mixed
2016-08-11 01:00:00,Rat_lodging_Ben,478.89,27.2,6.0,23.9,1020.1,4.1,1,4,8,224,32516.0,1949.0,Mixed
2016-08-11 02:00:00,Rat_lodging_Ben,472.0,27.2,6.0,23.9,1019.6,4.6,2,4,8,224,32516.0,1949.0,Mixed
2016-08-11 03:00:00,Rat_lodging_Ben,467.66,26.7,6.0,23.3,1019.8,4.1,3,4,8,224,32516.0,1949.0,Mixed
2016-08-11 04:00:00,Rat_lodging_Ben,474.9,26.1,6.0,23.3,1019.9,3.1,4,4,8,224,32516.0,1949.0,Mixed
2016-08-11 05:00:00,Rat_lodging_Ben,483.79,26.1,5.0,23.3,1020.3,2.6,5,4,8,224,32516.0,1949.0,Mixed
2016-08-11 06:00:00,Rat_lodging_Ben,514.82,26.1,4.0,23.3,1020.6,4.1,6,4,8,224,32516.0,1949.0,Mixed
2016-08-11 07:00:00,Rat_lodging_Ben,528.8,27.2,2.0,23.3,1020.8,2.6,7,4,8,224,32516.0,1949.0,Mixed
2016-08-11 08:00:00,Rat_lodging_Ben,542.17,28.9,2.0,23.3,1020.6,4.1,8,4,8,224,32516.0,1949.0,Mixed
2016-08-11 09:00:00,Rat_lodging_Ben,562.48,31.1,4.0,22.8,1020.8,4.6,9,4,8,224,32516.0,1949.0,Mixed
2016-08-11 10:00:00,Rat_lodging_Ben,568.99,32.8,6.0,23.9,1020.2,6.2,10,4,8,224,32516.0,1949.0,Mixed
2016-08-11 11:00:00,Rat_lodging_Ben,582.38,33.9,6.0,22.8,1020.0,3.6,11,4,8,224,32516.0,1949.0,Mixed
2016-08-11 12:00:00,Rat_lodging_Ben,581.11,35.0,6.0,23.3,1019.4,5.1,12,4,8,224,32516.0,1949.0,Mixed
2016-08-11 13:00:00,Rat_lodging_Ben,578.86,35.6,6.0,22.8,1018.5,6.2,13,4,8,224,32516.0,1949.0,Mixed
2016-08-11 14:00:00,Rat_lodging_Ben,582.47,36.1,4.0,22.2,1018.1,6.2,14,4,8,224,32516.0,1949.0,Mixed
2016-08-11 15:00:00,Rat_lodging_Ben,575.84,35.6,2.0,22.8,1017.2,7.2,15,4,8,224,32516.0,1949.0,Mixed
2016-08-11 16:00:00,Rat_lodging_Ben,570.2,35.0,2.0,21.1,1016.8,7.2,16,4,8,224,32516.0,1949.0,Mixed
2016-08-11 17:00:00,Rat_lodging_Ben,547.26,34.4,2.0,21.7,1016.1,7.2,17,4,8,224,32516.0,1949.0,Mixed
2016-08-11 18:00:00,Rat_lodging_Ben,545.31,33.3,2.0,21.1,1016.2,6.2,18,4,8,224,32516.0,1949.0,Mixed
2016-08-11 19:00:00,Rat_lodging_Ben,532.31,32.2,4.0,21.1,1016.4,6.7,19,4,8,224,32516.0,1949.0,Mixed
2016-08-11 20:00:00,Rat_lodging_Ben,529.17,31.1,4.0,22.2,1016.8,4.1,20,4,8,224,32516.0,1949.0,Mixed
2016-08-11 21:00:00,Rat_lodging_Ben,517.41,30.0,4.0,23.3,1017.1,4.1,21,4,8,224,32516.0,1949.0,Mixed
2016-08-11 22:00:00,Rat_lodging_Ben,503.2,28.9,4.0,23.9,1016.8,4.1,22,4,8,224,32516.0,1949.0,Mixed
2016-08-11 23:00:00,Rat_lodging_Ben,501.42,28.9,4.0,23.9,1016.4,4.1,23,4,8,224,32516.0,1949.0,Mixed
2016-08-12 00:00:00,Rat_lodging_Ben,498.7,28.3,2.0,23.9,1016.2,3.6,0,5,8,225,32516.0,1949.0,Mixed
2016-08-12 01:00:00,Rat_lodging_Ben,490.71,27.8,2.0,23.9,1015.7,4.1,1,5,8,225,32516.0,1949.0,Mixed
2016-08-12 02:00:00,Rat_lodging_Ben,488.68,27.2,0.0,23.3,1015.3,4.1,2,5,8,225,32516.0,1949.0,Mixed
2016-08-12 03:00:00,Rat_lodging_Ben,485.42,27.2,2.0,23.3,1015.3,3.1,3,5,8,225,32516.0,1949.0,Mixed
2016-08-12 04:00:00,Rat_lodging_Ben,488.11,27.2,4.0,22.8,1015.3,4.6,4,5,8,225,32516.0,1949.0,Mixed
2016-08-12 05:00:00,Rat_lodging_Ben,502.32,27.2,4.0,22.8,1015.4,4.1,5,5,8,225,32516.0,1949.0,Mixed
2016-08-12 06:00:00,Rat_lodging_Ben,523.98,27.2,4.0,22.8,1015.6,4.6,6,5,8,225,32516.0,1949.0,Mixed
2016-08-12 07:00:00,Rat_lodging_Ben,537.3,28.3,4.0,22.8,1015.8,5.1,7,5,8,225,32516.0,1949.0,Mixed
2016-08-12 08:00:00,Rat_lodging_Ben,553.01,30.0,4.0,23.3,1015.9,4.6,8,5,8,225,32516.0,1949.0,Mixed
2016-08-12 09:00:00,Rat_lodging_Ben,562.45,31.7,4.0,23.3,1015.9,4.6,9,5,8,225,32516.0,1949.0,Mixed
2016-08-12 10:00:00,Rat_lodging_Ben,573.19,33.3,4.0,23.9,1015.4,4.1,10,5,8,225,32516.0,1949.0,Mixed
2016-08-12 11:00:00,Rat_lodging_Ben,583.42,33.3,4.0,25.0,1014.6,5.7,11,5,8,225,32516.0,1949.0,Mixed
2016-08-12 12:00:00,Rat_lodging_Ben,587.51,35.0,4.0,24.4,1013.9,6.2,12,5,8,225,32516.0,1949.0,Mixed
2016-08-12 13:00:00,Rat_lodging_Ben,582.52,36.1,6.0,23.3,1013.5,4.1,13,5,8,225,32516.0,1949.0,Mixed
2016-08-12 14:00:00,Rat_lodging_Ben,582.97,35.6,4.0,24.4,1013.0,6.2,14,5,8,225,32516.0,1949.0,Mixed
2016-08-12 15:00:00,Rat_lodging_Ben,580.49,36.7,4.0,23.3,1012.4,6.7,15,5,8,225,32516.0,1949.0,Mixed
2016-08-12 16:00:00,Rat_lodging_Ben,573.55,36.1,4.0,23.9,1012.4,7.7,16,5,8,225,32516.0,1949.0,Mixed
2016-08-12 17:00:00,Rat_lodging_Ben,567.05,34.4,4.0,23.3,1012.3,6.7,17,5,8,225,32516.0,1949.0,Mixed
2016-08-12 18:00:00,Rat_lodging_Ben,559.93,34.4,4.0,23.3,1012.4,7.2,18,5,8,225,32516.0,1949.0,Mixed
2016-08-12 19:00:00,Rat_lodging_Ben,554.78,33.3,4.0,23.9,1012.7,6.2,19,5,8,225,32516.0,1949.0,Mixed
2016-08-12 20:00:00,Rat_lodging_Ben,538.24,31.7,2.0,25.6,1013.3,4.1,20,5,8,225,32516.0,1949.0,Mixed
2016-08-12 21:00:00,Rat_lodging_Ben,527.23,31.1,2.0,24.4,1014.1,4.1,21,5,8,225,32516.0,1949.0,Mixed
2016-08-12 22:00:00,Rat_lodging_Ben,513.43,30.0,2.0,25.6,1014.0,4.1,22,5,8,225,32516.0,1949.0,Mixed
2016-08-12 23:00:00,Rat_lodging_Ben,509.0,29.4,0.0,25.6,1014.0,3.1,23,5,8,225,32516.0,1949.0,Mixed
2016-08-13 00:00:00,Rat_lodging_Ben,502.52,29.4,0.0,25.0,1013.6,4.1,0,6,8,226,32516.0,1949.0,Mixed
2016-08-13 01:00:00,Rat_lodging_Ben,497.34,28.9,0.0,25.6,1013.4,4.1,1,6,8,226,32516.0,1949.0,Mixed
2016-08-13 02:00:00,Rat_lodging_Ben,491.03,28.3,0.0,24.4,1013.1,3.1,2,6,8,226,32516.0,1949.0,Mixed
2016-08-13 03:00:00,Rat_lodging_Ben,487.62,27.8,0.0,24.4,1013.3,4.1,3,6,8,226,32516.0,1949.0,Mixed
2016-08-13 04:00:00,Rat_lodging_Ben,487.53,27.8,0.0,24.4,1013.4,3.6,4,6,8,226,32516.0,1949.0,Mixed
2016-08-13 05:00:00,Rat_lodging_Ben,490.94,27.2,0.0,24.4,1013.6,3.1,5,6,8,226,32516.0,1949.0,Mixed
2016-08-13 06:00:00,Rat_lodging_Ben,506.2,27.8,2.0,24.4,1014.2,2.1,6,6,8,226,32516.0,1949.0,Mixed
2016-08-13 07:00:00,Rat_lodging_Ben,525.97,28.9,2.0,24.4,1014.4,3.1,7,6,8,226,32516.0,1949.0,Mixed
2016-08-13 08:00:00,Rat_lodging_Ben,541.86,30.0,2.0,25.0,1014.5,4.1,8,6,8,226,32516.0,1949.0,Mixed
2016-08-13 09:00:00,Rat_lodging_Ben,550.23,31.1,2.0,25.0,1014.2,4.6,9,6,8,226,32516.0,1949.0,Mixed
2016-08-13 10:00:00,Rat_lodging_Ben,577.52,32.8,2.0,25.0,1014.1,4.6,10,6,8,226,32516.0,1949.0,Mixed
2016-08-13 11:00:00,Rat_lodging_Ben,577.17,34.4,4.0,25.6,1013.6,5.1,11,6,8,226,32516.0,1949.0,Mixed
2016-08-13 12:00:00,Rat_lodging_Ben,569.7,35.0,2.0,25.0,1013.2,6.7,12,6,8,226,32516.0,1949.0,Mixed
2016-08-13 13:00:00,Rat_lodging_Ben,575.16,35.6,4.0,25.0,1012.8,5.7,13,6,8,226,32516.0,1949.0,Mixed
2016-08-13 14:00:00,Rat_lodging_Ben,580.46,36.7,4.0,25.0,1012.2,6.2,14,6,8,226,32516.0,1949.0,Mixed
2016-08-13 15:00:00,Rat_lodging_Ben,568.57,36.7,4.0,25.0,1011.4,6.2,15,6,8,226,32516.0,1949.0,Mixed
2016-08-13 16:00:00,Rat_lodging_Ben,554.32,37.8,4.0,23.3,1011.5,7.7,16,6,8,226,32516.0,1949.0,Mixed
2016-08-13 17:00:00,Rat_lodging_Ben,552.69,36.7,2.0,23.9,1011.5,7.7,17,6,8,226,32516.0,1949.0,Mixed
2016-08-13 18:00:00,Rat_lodging_Ben,546.34,35.6,2.0,23.3,1011.4,8.8,18,6,8,226,32516.0,1949.0,Mixed
2016-08-13 19:00:00,Rat_lodging_Ben,532.65,33.9,2.0,23.9,1011.8,5.1,19,6,8,226,32516.0,1949.0,Mixed
2016-08-13 20:00:00,Rat_lodging_Ben,528.51,33.3,2.0,24.4,1012.5,5.7,20,6,8,226,32516.0,1949.0,Mixed
2016-08-13 21:00:00,Rat_lodging_Ben,526.13,32.2,2.0,25.0,1013.2,5.1,21,6,8,226,32516.0,1949.0,Mixed
2016-08-13 22:00:00,Rat_lodging_Ben,512.48,31.7,4.0,24.4,1013.5,4.6,22,6,8,226,32516.0,1949.0,Mixed
2016-08-13 23:00:00,Rat_lodging_Ben,506.32,31.7,4.0,23.9,1014.0,5.1,23,6,8,226,32516.0,1949.0,Mixed
2016-08-14 00:00:00,Rat_lodging_Ben,501.52,31.1,4.0,23.9,1014.0,4.6,0,7,8,227,32516.0,1949.0,Mixed
2016-08-14 01:00:00,Rat_lodging_Ben,496.12,30.6,4.0,23.9,1013.8,3.6,1,7,8,227,32516.0,1949.0,Mixed
2016-08-14 02:00:00,Rat_lodging_Ben,490.53,30.0,4.0,23.9,1013.6,3.6,2,7,8,227,32516.0,1949.0,Mixed
2016-08-14 03:00:00,Rat_lodging_Ben,488.34,29.4,4.0,23.9,1014.0,4.1,3,7,8,227,32516.0,1949.0,Mixed
2016-08-14 04:00:00,Rat_lodging_Ben,487.63,28.3,2.0,23.9,1014.5,3.1,4,7,8,227,32516.0,1949.0,Mixed
2016-08-14 05:00:00,Rat_lodging_Ben,496.02,27.8,4.0,23.9,1014.9,2.6,5,7,8,227,32516.0,1949.0,Mixed
2016-08-14 06:00:00,Rat_lodging_Ben,508.8,27.8,2.0,24.4,1015.8,2.6,6,7,8,227,32516.0,1949.0,Mixed
2016-08-14 07:00:00,Rat_lodging_Ben,522.07,28.9,2.0,24.4,1016.3,3.6,7,7,8,227,32516.0,1949.0,Mixed
2016-08-14 08:00:00,Rat_lodging_Ben,541.7,30.6,4.0,25.0,1016.6,3.1,8,7,8,227,32516.0,1949.0,Mixed
2016-08-14 09:00:00,Rat_lodging_Ben,548.16,33.3,4.0,22.8,1016.5,4.1,9,7,8,227,32516.0,1949.0,Mixed
2016-08-14 10:00:00,Rat_lodging_Ben,553.0,35.0,4.0,21.1,1016.9,3.6,10,7,8,227,32516.0,1949.0,Mixed
2016-08-14 11:00:00,Rat_lodging_Ben,560.72,35.6,4.0,21.1,1016.9,7.7,11,7,8,227,32516.0,1949.0,Mixed
2016-08-14 12:00:00,Rat_lodging_Ben,562.93,36.7,5.0,21.7,1016.8,4.6,12,7,8,227,32516.0,1949.0,Mixed
2016-08-14 13:00:00,Rat_lodging_Ben,565.26,37.2,6.0,21.1,1016.7,5.1,13,7,8,227,32516.0,1949.0,Mixed
2016-08-14 14:00:00,Rat_lodging_Ben,554.55,37.8,6.0,20.6,1016.3,4.1,14,7,8,227,32516.0,1949.0,Mixed
2016-08-14 15:00:00,Rat_lodging_Ben,555.11,36.1,6.0,20.6,1015.6,4.1,15,7,8,227,32516.0,1949.0,Mixed
2016-08-14 16:00:00,Rat_lodging_Ben,541.83,36.1,6.0,22.2,1015.7,6.2,16,7,8,227,32516.0,1949.0,Mixed
2016-08-14 17:00:00,Rat_lodging_Ben,540.8,36.1,4.0,21.7,1015.8,3.6,17,7,8,227,32516.0,1949.0,Mixed
2016-08-14 18:00:00,Rat_lodging_Ben,537.72,35.0,5.0,21.7,1016.3,3.6,18,7,8,227,32516.0,1949.0,Mixed
2016-08-14 19:00:00,Rat_lodging_Ben,530.49,33.9,6.0,22.8,1016.9,7.2,19,7,8,227,32516.0,1949.0,Mixed
2016-08-14 20:00:00,Rat_lodging_Ben,511.89,30.0,6.0,20.0,1018.5,7.2,20,7,8,227,32516.0,1949.0,Mixed
2016-08-14 21:00:00,Rat_lodging_Ben,502.96,28.3,6.0,20.6,1018.3,2.6,21,7,8,227,32516.0,1949.0,Mixed
2016-08-14 22:00:00,Rat_lodging_Ben,494.02,27.2,6.0,21.7,1019.5,2.1,22,7,8,227,32516.0,1949.0,Mixed
2016-08-14 23:00:00,Rat_lodging_Ben,489.13,27.2,4.666666666666667,22.2,1019.9,2.1,23,7,8,227,32516.0,1949.0,Mixed
2016-08-15 00:00:00,Rat_lodging_Ben,480.19,26.7,3.3333333333333335,21.7,1019.9,0.0,0,1,8,228,32516.0,1949.0,Mixed
2016-08-15 01:00:00,Rat_lodging_Ben,476.81,27.2,2.0,21.1,1020.0,2.6,1,1,8,228,32516.0,1949.0,Mixed
2016-08-15 02:00:00,Rat_lodging_Ben,474.56,26.1,2.0,21.7,1020.0,3.1,2,1,8,228,32516.0,1949.0,Mixed
2016-08-15 03:00:00,Rat_lodging_Ben,475.96,26.1,4.0,21.7,1020.2,3.1,3,1,8,228,32516.0,1949.0,Mixed
2016-08-15 04:00:00,Rat_lodging_Ben,482.53,26.1,6.0,21.1,1020.5,3.1,4,1,8,228,32516.0,1949.0,Mixed
2016-08-15 05:00:00,Rat_lodging_Ben,495.73,25.6,5.0,21.1,1020.9,2.1,5,1,8,228,32516.0,1949.0,Mixed
2016-08-15 06:00:00,Rat_lodging_Ben,520.65,25.6,4.0,21.7,1021.5,2.6,6,1,8,228,32516.0,1949.0,Mixed
2016-08-15 07:00:00,Rat_lodging_Ben,539.64,27.8,4.0,21.1,1021.9,2.1,7,1,8,228,32516.0,1949.0,Mixed
2016-08-15 08:00:00,Rat_lodging_Ben,557.66,28.9,4.0,20.6,1021.9,2.1,8,1,8,228,32516.0,1949.0,Mixed
2016-08-15 09:00:00,Rat_lodging_Ben,574.34,31.1,4.0,20.6,1022.1,2.6,9,1,8,228,32516.0,1949.0,Mixed
2016-08-15 10:00:00,Rat_lodging_Ben,605.43,31.1,4.0,20.6,1022.3,2.1,10,1,8,228,32516.0,1949.0,Mixed
2016-08-15 11:00:00,Rat_lodging_Ben,627.63,32.8,4.0,20.6,1022.1,2.1,11,1,8,228,32516.0,1949.0,Mixed
2016-08-15 12:00:00,Rat_lodging_Ben,630.84,33.3,4.0,20.6,1021.7,1.5,12,1,8,228,32516.0,1949.0,Mixed
2016-08-15 13:00:00,Rat_lodging_Ben,631.33,35.0,4.0,21.1,1021.4,1.5,13,1,8,228,32516.0,1949.0,Mixed
2016-08-15 14:00:00,Rat_lodging_Ben,630.55,35.6,4.0,21.1,1020.7,2.6,14,1,8,228,32516.0,1949.0,Mixed
2016-08-15 15:00:00,Rat_lodging_Ben,625.05,36.7,5.0,20.6,1020.1,4.1,15,1,8,228,32516.0,1949.0,Mixed
2016-08-15 16:00:00,Rat_lodging_Ben,612.82,34.4,6.0,23.3,1019.9,4.6,16,1,8,228,32516.0,1949.0,Mixed
2016-08-15 17:00:00,Rat_lodging_Ben,573.88,33.3,6.0,23.9,1019.5,4.6,17,1,8,228,32516.0,1949.0,Mixed
2016-08-15 18:00:00,Rat_lodging_Ben,533.58,27.2,6.0,22.2,1020.3,6.7,18,1,8,228,32516.0,1949.0,Mixed
2016-08-15 19:00:00,Rat_lodging_Ben,515.52,26.1,6.0,21.7,1021.1,5.1,19,1,8,228,32516.0,1949.0,Mixed
2016-08-15 20:00:00,Rat_lodging_Ben,488.16,22.8,6.666666666666667,21.7,1022.7,5.7,20,1,8,228,32516.0,1949.0,Mixed
2016-08-15 21:00:00,Rat_lodging_Ben,477.14,23.3,7.333333333333333,21.7,1024.3,3.1,21,1,8,228,32516.0,1949.0,Mixed
2016-08-15 22:00:00,Rat_lodging_Ben,466.58,24.4,8.0,23.3,1023.5,3.6,22,1,8,228,32516.0,1949.0,Mixed
2016-08-15 23:00:00,Rat_lodging_Ben,463.16,24.4,8.0,22.8,1022.5,3.1,23,1,8,228,32516.0,1949.0,Mixed
2016-08-16 00:00:00,Rat_lodging_Ben,462.39,24.4,8.0,22.8,1023.0,2.1,0,2,8,229,32516.0,1949.0,Mixed
2016-08-16 01:00:00,Rat_lodging_Ben,456.58,24.4,8.0,22.8,1023.0,2.6,1,2,8,229,32516.0,1949.0,Mixed
2016-08-16 02:00:00,Rat_lodging_Ben,447.22,23.9,7.333333333333333,22.8,1022.3,1.5,2,2,8,229,32516.0,1949.0,Mixed
2016-08-16 03:00:00,Rat_lodging_Ben,447.96,24.4,6.666666666666667,22.8,1022.0999999999999,2.1,3,2,8,229,32516.0,1949.0,Mixed
2016-08-16 04:00:00,Rat_lodging_Ben,447.64,24.4,6.0,22.8,1021.9,3.1,4,2,8,229,32516.0,1949.0,Mixed
2016-08-16 05:00:00,Rat_lodging_Ben,467.02,23.9,6.0,22.2,1022.2,2.6,5,2,8,229,32516.0,1949.0,Mixed
2016-08-16 06:00:00,Rat_lodging_Ben,497.18,23.9,6.0,22.8,1022.4,3.1,6,2,8,229,32516.0,1949.0,Mixed
2016-08-16 07:00:00,Rat_lodging_Ben,509.22,25.0,6.0,22.8,1022.5,3.1,7,2,8,229,32516.0,1949.0,Mixed
2016-08-16 08:00:00,Rat_lodging_Ben,528.58,26.1,5.333333333333333,23.3,1022.7,4.1,8,2,8,229,32516.0,1949.0,Mixed
2016-08-16 09:00:00,Rat_lodging_Ben,546.48,27.8,4.666666666666667,23.9,1022.3,3.6,9,2,8,229,32516.0,1949.0,Mixed
2016-08-16 10:00:00,Rat_lodging_Ben,567.94,28.3,4.0,24.4,1022.0,4.6,10,2,8,229,32516.0,1949.0,Mixed
2016-08-16 11:00:00,Rat_lodging_Ben,582.01,30.0,4.0,24.4,1021.5,3.6,11,2,8,229,32516.0,1949.0,Mixed
2016-08-16 12:00:00,Rat_lodging_Ben,587.96,32.2,4.0,25.0,1020.9,5.1,12,2,8,229,32516.0,1949.0,Mixed
2016-08-16 13:00:00,Rat_lodging_Ben,602.68,33.9,4.0,25.0,1020.1,5.7,13,2,8,229,32516.0,1949.0,Mixed
2016-08-16 14:00:00,Rat_lodging_Ben,607.18,35.0,2.0,24.4,1018.9,5.7,14,2,8,229,32516.0,1949.0,Mixed
2016-08-16 15:00:00,Rat_lodging_Ben,608.75,35.6,4.0,23.3,1018.6,5.7,15,2,8,229,32516.0,1949.0,Mixed
2016-08-16 16:00:00,Rat_lodging_Ben,591.58,35.6,6.0,23.3,1018.2,7.2,16,2,8,229,32516.0,1949.0,Mixed
2016-08-16 17:00:00,Rat_lodging_Ben,578.54,34.4,5.0,22.8,1017.8,6.2,17,2,8,229,32516.0,1949.0,Mixed
2016-08-16 18:00:00,Rat_lodging_Ben,567.06,33.3,4.0,23.3,1017.5,6.2,18,2,8,229,32516.0,1949.0,Mixed
2016-08-16 19:00:00,Rat_lodging_Ben,559.18,32.2,4.0,23.3,1017.6,5.7,19,2,8,229,32516.0,1949.0,Mixed
2016-08-16 20:00:00,Rat_lodging_Ben,553.16,31.7,4.666666666666667,23.3,1018.2,4.1,20,2,8,229,32516.0,1949.0,Mixed
2016-08-16 21:00:00,Rat_lodging_Ben,535.18,30.6,5.333333333333333,23.9,1018.4,4.1,21,2,8,229,32516.0,1949.0,Mixed
2016-08-16 22:00:00,Rat_lodging_Ben,515.24,30.6,6.0,23.3,1018.6,5.7,22,2,8,229,32516.0,1949.0,Mixed
2016-08-16 23:00:00,Rat_lodging_Ben,501.24,30.6,6.0,23.3,1018.5,5.7,23,2,8,229,32516.0,1949.0,Mixed
2016-08-17 00:00:00,Rat_lodging_Ben,490.76,30.0,6.0,22.8,1018.8,2.6,0,3,8,230,32516.0,1949.0,Mixed
2016-08-17 01:00:00,Rat_lodging_Ben,482.44,28.9,6.0,22.2,1018.2,2.1,1,3,8,230,32516.0,1949.0,Mixed
2016-08-17 02:00:00,Rat_lodging_Ben,473.14,28.3,5.0,22.8,1018.1,3.1,2,3,8,230,32516.0,1949.0,Mixed
2016-08-17 03:00:00,Rat_lodging_Ben,470.18,27.2,4.0,22.8,1018.3,2.6,3,3,8,230,32516.0,1949.0,Mixed
2016-08-17 04:00:00,Rat_lodging_Ben,474.1,26.7,4.0,22.8,1018.6,2.1,4,3,8,230,32516.0,1949.0,Mixed
2016-08-17 05:00:00,Rat_lodging_Ben,486.62,26.1,4.0,22.8,1018.9,2.6,5,3,8,230,32516.0,1949.0,Mixed
2016-08-17 06:00:00,Rat_lodging_Ben,512.35,26.7,5.0,22.2,1019.3,3.6,6,3,8,230,32516.0,1949.0,Mixed
2016-08-17 07:00:00,Rat_lodging_Ben,529.98,27.8,6.0,22.2,1019.4,3.6,7,3,8,230,32516.0,1949.0,Mixed
2016-08-17 08:00:00,Rat_lodging_Ben,550.94,30.6,5.0,21.7,1019.6,2.6,8,3,8,230,32516.0,1949.0,Mixed
2016-08-17 09:00:00,Rat_lodging_Ben,561.55,31.1,4.0,20.6,1019.6,5.7,9,3,8,230,32516.0,1949.0,Mixed
2016-08-17 10:00:00,Rat_lodging_Ben,579.58,31.7,6.0,20.6,1019.6,4.1,10,3,8,230,32516.0,1949.0,Mixed
2016-08-17 11:00:00,Rat_lodging_Ben,576.99,32.8,6.0,20.6,1019.4,6.2,11,3,8,230,32516.0,1949.0,Mixed
2016-08-17 12:00:00,Rat_lodging_Ben,576.98,31.7,6.0,20.0,1019.0,4.6,12,3,8,230,32516.0,1949.0,Mixed
2016-08-17 13:00:00,Rat_lodging_Ben,592.92,33.9,6.0,20.6,1018.6,4.6,13,3,8,230,32516.0,1949.0,Mixed
2016-08-17 14:00:00,Rat_lodging_Ben,599.09,33.9,6.0,21.1,1017.6,3.1,14,3,8,230,32516.0,1949.0,Mixed
2016-08-17 15:00:00,Rat_lodging_Ben,600.14,33.3,6.0,21.1,1016.9,4.6,15,3,8,230,32516.0,1949.0,Mixed
2016-08-17 16:00:00,Rat_lodging_Ben,593.7,33.9,6.0,20.6,1016.3,2.1,16,3,8,230,32516.0,1949.0,Mixed
2016-08-17 17:00:00,Rat_lodging_Ben,574.72,33.9,6.0,21.7,1016.0,1.5,17,3,8,230,32516.0,1949.0,Mixed
2016-08-17 18:00:00,Rat_lodging_Ben,559.89,32.2,6.0,21.7,1016.0,5.1,18,3,8,230,32516.0,1949.0,Mixed
2016-08-17 19:00:00,Rat_lodging_Ben,552.08,31.7,6.0,21.1,1016.0,5.7,19,3,8,230,32516.0,1949.0,Mixed
2016-08-17 20:00:00,Rat_lodging_Ben,520.76,30.6,6.666666666666667,23.3,1016.4,2.6,20,3,8,230,32516.0,1949.0,Mixed
2016-08-17 21:00:00,Rat_lodging_Ben,478.56,22.8,7.333333333333333,21.1,1017.0,2.1,21,3,8,230,32516.0,1949.0,Mixed
2016-08-17 22:00:00,Rat_lodging_Ben,444.6,23.3,8.0,21.7,1017.6,1.5,22,3,8,230,32516.0,1949.0,Mixed
2016-08-17 23:00:00,Rat_lodging_Ben,446.11,23.9,6.0,22.2,1017.3,2.6,23,3,8,230,32516.0,1949.0,Mixed
2016-08-18 00:00:00,Rat_lodging_Ben,439.98,23.9,4.0,22.2,1017.4,2.6,0,4,8,231,32516.0,1949.0,Mixed
2016-08-18 01:00:00,Rat_lodging_Ben,444.38,23.3,2.0,22.2,1017.7,3.1,1,4,8,231,32516.0,1949.0,Mixed
2016-08-18 02:00:00,Rat_lodging_Ben,438.64,23.9,4.0,22.2,1017.0,1.5,2,4,8,231,32516.0,1949.0,Mixed
2016-08-18 03:00:00,Rat_lodging_Ben,442.32,23.9,6.0,22.2,1016.7,0.0,3,4,8,231,32516.0,1949.0,Mixed
2016-08-18 04:00:00,Rat_lodging_Ben,453.22,23.9,8.0,22.2,1016.7,2.1,4,4,8,231,32516.0,1949.0,Mixed
2016-08-18 05:00:00,Rat_lodging_Ben,465.23,24.4,7.333333333333333,22.2,1017.0,2.1,5,4,8,231,32516.0,1949.0,Mixed
2016-08-18 06:00:00,Rat_lodging_Ben,492.09,24.4,6.666666666666667,22.2,1017.2,2.1,6,4,8,231,32516.0,1949.0,Mixed
2016-08-18 07:00:00,Rat_lodging_Ben,487.56,25.6,6.0,22.2,1017.5,4.6,7,4,8,231,32516.0,1949.0,Mixed
2016-08-18 08:00:00,Rat_lodging_Ben,512.39,25.6,5.333333333333333,22.2,1017.6,4.1,8,4,8,231,32516.0,1949.0,Mixed
2016-08-18 09:00:00,Rat_lodging_Ben,524.83,26.1,4.666666666666667,21.7,1017.9,4.6,9,4,8,231,32516.0,1949.0,Mixed
2016-08-18 10:00:00,Rat_lodging_Ben,531.16,28.3,4.0,21.7,1017.6,4.6,10,4,8,231,32516.0,1949.0,Mixed
2016-08-18 11:00:00,Rat_lodging_Ben,525.61,30.0,4.0,21.1,1017.4,2.6,11,4,8,231,32516.0,1949.0,Mixed
2016-08-18 12:00:00,Rat_lodging_Ben,527.85,30.6,4.0,20.6,1017.0,3.6,12,4,8,231,32516.0,1949.0,Mixed
2016-08-18 13:00:00,Rat_lodging_Ben,534.9,32.2,4.0,20.6,1016.7,4.6,13,4,8,231,32516.0,1949.0,Mixed
2016-08-18 14:00:00,Rat_lodging_Ben,544.33,32.8,4.666666666666667,20.6,1016.1,5.1,14,4,8,231,32516.0,1949.0,Mixed
2016-08-18 15:00:00,Rat_lodging_Ben,549.43,32.8,5.333333333333333,20.6,1015.2,5.1,15,4,8,231,32516.0,1949.0,Mixed
2016-08-18 16:00:00,Rat_lodging_Ben,544.88,31.7,6.0,19.4,1014.7,3.6,16,4,8,231,32516.0,1949.0,Mixed
2016-08-18 17:00:00,Rat_lodging_Ben,531.97,32.8,6.0,19.4,1014.4,3.6,17,4,8,231,32516.0,1949.0,Mixed
2016-08-18 18:00:00,Rat_lodging_Ben,518.05,31.1,6.0,20.0,1013.9,1.5,18,4,8,231,32516.0,1949.0,Mixed
2016-08-18 19:00:00,Rat_lodging_Ben,509.88,30.0,6.0,21.1,1014.4,4.1,19,4,8,231,32516.0,1949.0,Mixed
2016-08-18 20:00:00,Rat_lodging_Ben,499.01,28.9,6.0,22.2,1015.0,3.1,20,4,8,231,32516.0,1949.0,Mixed
2016-08-18 21:00:00,Rat_lodging_Ben,481.4,28.9,6.0,21.7,1015.4,4.1,21,4,8,231,32516.0,1949.0,Mixed
2016-08-18 22:00:00,Rat_lodging_Ben,464.76,28.3,6.0,21.7,1015.5,4.6,22,4,8,231,32516.0,1949.0,Mixed
2016-08-18 23:00:00,Rat_lodging_Ben,450.2,27.2,5.333333333333333,22.2,1015.6,5.1,23,4,8,231,32516.0,1949.0,Mixed
2016-08-19 00:00:00,Rat_lodging_Ben,447.3,26.7,4.666666666666667,22.2,1015.3,3.1,0,5,8,232,32516.0,1949.0,Mixed
2016-08-19 01:00:00,Rat_lodging_Ben,440.94,26.1,4.0,22.2,1014.9,2.1,1,5,8,232,32516.0,1949.0,Mixed
2016-08-19 02:00:00,Rat_lodging_Ben,429.62,26.1,4.0,20.0,1014.9,0.0,2,5,8,232,32516.0,1949.0,Mixed
2016-08-19 03:00:00,Rat_lodging_Ben,409.5,25.0,4.0,18.9,1014.7,3.6,3,5,8,232,32516.0,1949.0,Mixed
2016-08-19 04:00:00,Rat_lodging_Ben,405.37,24.4,4.0,18.9,1014.9,1.5,4,5,8,232,32516.0,1949.0,Mixed
2016-08-19 05:00:00,Rat_lodging_Ben,414.92,23.9,4.0,19.4,1015.5,3.6,5,5,8,232,32516.0,1949.0,Mixed
2016-08-19 06:00:00,Rat_lodging_Ben,440.91,24.4,4.0,18.9,1015.6,2.1,6,5,8,232,32516.0,1949.0,Mixed
2016-08-19 07:00:00,Rat_lodging_Ben,465.49,26.1,4.0,19.4,1015.7,2.6,7,5,8,232,32516.0,1949.0,Mixed
2016-08-19 08:00:00,Rat_lodging_Ben,478.56,27.2,4.666666666666667,20.0,1015.6,2.1,8,5,8,232,32516.0,1949.0,Mixed
2016-08-19 09:00:00,Rat_lodging_Ben,508.99,28.9,5.333333333333333,19.4,1015.4,2.6,9,5,8,232,32516.0,1949.0,Mixed
2016-08-19 10:00:00,Rat_lodging_Ben,515.56,30.0,6.0,18.3,1015.5,3.1,10,5,8,232,32516.0,1949.0,Mixed
2016-08-19 11:00:00,Rat_lodging_Ben,528.5,31.1,6.666666666666667,17.8,1015.4,1.5,11,5,8,232,32516.0,1949.0,Mixed
2016-08-19 12:00:00,Rat_lodging_Ben,523.88,31.7,7.333333333333333,17.8,1015.0,2.6,12,5,8,232,32516.0,1949.0,Mixed
2016-08-19 13:00:00,Rat_lodging_Ben,528.91,31.1,8.0,17.2,1014.6,0.0,13,5,8,232,32516.0,1949.0,Mixed
2016-08-19 14:00:00,Rat_lodging_Ben,539.6,32.2,7.333333333333333,16.7,1014.0,3.6,14,5,8,232,32516.0,1949.0,Mixed
2016-08-19 15:00:00,Rat_lodging_Ben,533.75,32.8,6.666666666666667,15.6,1013.3,4.6,15,5,8,232,32516.0,1949.0,Mixed
2016-08-19 16:00:00,Rat_lodging_Ben,521.35,32.2,6.0,16.1,1013.0,3.1,16,5,8,232,32516.0,1949.0,Mixed
2016-08-19 17:00:00,Rat_lodging_Ben,509.79,32.2,6.0,16.7,1012.7,0.0,17,5,8,232,32516.0,1949.0,Mixed
2016-08-19 18:00:00,Rat_lodging_Ben,507.58,30.6,6.0,15.6,1012.6,3.1,18,5,8,232,32516.0,1949.0,Mixed
2016-08-19 19:00:00,Rat_lodging_Ben,493.17,28.9,6.0,16.1,1012.8,2.6,19,5,8,232,32516.0,1949.0,Mixed
2016-08-19 20:00:00,Rat_lodging_Ben,476.38,28.9,4.0,17.2,1013.2,2.6,20,5,8,232,32516.0,1949.0,Mixed
2016-08-19 21:00:00,Rat_lodging_Ben,463.23,27.2,4.0,21.1,1013.6,2.1,21,5,8,232,32516.0,1949.0,Mixed
2016-08-19 22:00:00,Rat_lodging_Ben,444.33,26.7,2.0,20.6,1013.6,2.6,22,5,8,232,32516.0,1949.0,Mixed
2016-08-19 23:00:00,Rat_lodging_Ben,436.65,26.7,4.0,21.7,1013.6,1.5,23,5,8,232,32516.0,1949.0,Mixed
2016-08-20 00:00:00,Rat_lodging_Ben,422.92,25.6,4.0,21.7,1013.5,2.1,0,6,8,233,32516.0,1949.0,Mixed
2016-08-20 01:00:00,Rat_lodging_Ben,413.56,26.1,2.0,21.1,1013.5,0.0,1,6,8,233,32516.0,1949.0,Mixed
2016-08-20 02:00:00,Rat_lodging_Ben,407.85,25.6,0.0,21.1,1013.3,0.0,2,6,8,233,32516.0,1949.0,Mixed
2016-08-20 03:00:00,Rat_lodging_Ben,399.93,25.0,0.0,21.1,1013.3,0.0,3,6,8,233,32516.0,1949.0,Mixed
2016-08-20 04:00:00,Rat_lodging_Ben,402.8,24.4,2.0,21.7,1013.2,2.1,4,6,8,233,32516.0,1949.0,Mixed
2016-08-20 05:00:00,Rat_lodging_Ben,392.74,23.9,2.0,21.7,1012.9,2.6,5,6,8,233,32516.0,1949.0,Mixed
2016-08-20 06:00:00,Rat_lodging_Ben,419.19,23.9,2.0,21.7,1013.1,2.6,6,6,8,233,32516.0,1949.0,Mixed
2016-08-20 07:00:00,Rat_lodging_Ben,444.32,25.0,2.0,21.1,1013.3,1.5,7,6,8,233,32516.0,1949.0,Mixed
2016-08-20 08:00:00,Rat_lodging_Ben,480.34,26.7,2.0,21.1,1013.1,1.5,8,6,8,233,32516.0,1949.0,Mixed
2016-08-20 09:00:00,Rat_lodging_Ben,498.07,28.9,2.0,21.7,1013.3,0.0,9,6,8,233,32516.0,1949.0,Mixed
2016-08-20 10:00:00,Rat_lodging_Ben,520.4,30.6,2.0,18.3,1013.3,2.6,10,6,8,233,32516.0,1949.0,Mixed
2016-08-20 11:00:00,Rat_lodging_Ben,523.3,31.1,2.0,18.3,1013.2,3.6,11,6,8,233,32516.0,1949.0,Mixed
2016-08-20 12:00:00,Rat_lodging_Ben,511.48,31.7,4.0,19.4,1012.6,2.1,12,6,8,233,32516.0,1949.0,Mixed
2016-08-20 13:00:00,Rat_lodging_Ben,521.37,31.7,6.0,20.0,1012.2,2.6,13,6,8,233,32516.0,1949.0,Mixed
2016-08-20 14:00:00,Rat_lodging_Ben,527.19,32.8,5.0,19.4,1011.7,5.1,14,6,8,233,32516.0,1949.0,Mixed
2016-08-20 15:00:00,Rat_lodging_Ben,516.77,32.8,4.0,18.3,1011.2,4.1,15,6,8,233,32516.0,1949.0,Mixed
2016-08-20 16:00:00,Rat_lodging_Ben,501.92,32.2,2.0,18.3,1011.0,4.6,16,6,8,233,32516.0,1949.0,Mixed
2016-08-20 17:00:00,Rat_lodging_Ben,490.09,31.7,2.0,14.4,1010.8,4.1,17,6,8,233,32516.0,1949.0,Mixed
2016-08-20 18:00:00,Rat_lodging_Ben,473.08,30.6,4.0,15.6,1010.6,3.6,18,6,8,233,32516.0,1949.0,Mixed
2016-08-20 19:00:00,Rat_lodging_Ben,457.19,29.4,4.0,16.7,1010.8,4.1,19,6,8,233,32516.0,1949.0,Mixed
2016-08-20 20:00:00,Rat_lodging_Ben,453.06,28.3,2.0,17.8,1011.0,4.1,20,6,8,233,32516.0,1949.0,Mixed
2016-08-20 21:00:00,Rat_lodging_Ben,448.3,27.2,0.0,18.3,1011.5,3.6,21,6,8,233,32516.0,1949.0,Mixed
2016-08-20 22:00:00,Rat_lodging_Ben,438.07,26.7,0.0,18.9,1011.5,4.1,22,6,8,233,32516.0,1949.0,Mixed
2016-08-20 23:00:00,Rat_lodging_Ben,432.72,26.7,0.0,20.0,1011.4,5.1,23,6,8,233,32516.0,1949.0,Mixed
2016-08-21 00:00:00,Rat_lodging_Ben,428.72,25.6,3.0,20.6,1011.1,3.6,0,7,8,234,32516.0,1949.0,Mixed
2016-08-21 01:00:00,Rat_lodging_Ben,424.84,25.6,6.0,21.1,1010.6,3.6,1,7,8,234,32516.0,1949.0,Mixed
2016-08-21 02:00:00,Rat_lodging_Ben,424.81,25.0,5.333333333333333,22.2,1010.6,4.6,2,7,8,234,32516.0,1949.0,Mixed
2016-08-21 03:00:00,Rat_lodging_Ben,420.94,25.0,4.666666666666667,22.2,1010.3,4.1,3,7,8,234,32516.0,1949.0,Mixed
2016-08-21 04:00:00,Rat_lodging_Ben,421.86,25.0,4.0,22.8,1009.8,4.6,4,7,8,234,32516.0,1949.0,Mixed
2016-08-21 05:00:00,Rat_lodging_Ben,423.97,24.4,4.666666666666667,22.2,1009.8,4.1,5,7,8,234,32516.0,1949.0,Mixed
2016-08-21 06:00:00,Rat_lodging_Ben,443.5,24.4,5.333333333333333,22.2,1010.1,3.1,6,7,8,234,32516.0,1949.0,Mixed
2016-08-21 07:00:00,Rat_lodging_Ben,458.41,25.6,6.0,22.2,1010.4,4.6,7,7,8,234,32516.0,1949.0,Mixed
2016-08-21 08:00:00,Rat_lodging_Ben,479.0,26.1,6.0,23.3,1010.5,4.1,8,7,8,234,32516.0,1949.0,Mixed
2016-08-21 09:00:00,Rat_lodging_Ben,489.44,26.7,6.0,23.3,1010.3,5.1,9,7,8,234,32516.0,1949.0,Mixed
2016-08-21 10:00:00,Rat_lodging_Ben,503.24,27.8,6.0,23.9,1010.1,5.7,10,7,8,234,32516.0,1949.0,Mixed
2016-08-21 11:00:00,Rat_lodging_Ben,512.1,28.9,6.0,24.4,1009.8,5.7,11,7,8,234,32516.0,1949.0,Mixed
2016-08-21 12:00:00,Rat_lodging_Ben,522.06,32.2,6.0,23.9,1008.9,7.7,12,7,8,234,32516.0,1949.0,Mixed
2016-08-21 13:00:00,Rat_lodging_Ben,526.26,31.7,6.0,23.3,1008.0,6.7,13,7,8,234,32516.0,1949.0,Mixed
2016-08-21 14:00:00,Rat_lodging_Ben,505.33,31.1,6.0,23.3,1007.1,6.2,14,7,8,234,32516.0,1949.0,Mixed
2016-08-21 15:00:00,Rat_lodging_Ben,492.51,25.0,6.0,23.9,1008.3,6.2,15,7,8,234,32516.0,1949.0,Mixed
2016-08-21 16:00:00,Rat_lodging_Ben,490.65,25.0,6.0,23.3,1007.9,1.5,16,7,8,234,32516.0,1949.0,Mixed
2016-08-21 17:00:00,Rat_lodging_Ben,481.21,26.1,6.666666666666667,23.9,1008.8,2.6,17,7,8,234,32516.0,1949.0,Mixed
2016-08-21 18:00:00,Rat_lodging_Ben,471.85,25.6,7.333333333333333,23.3,1009.4,3.1,18,7,8,234,32516.0,1949.0,Mixed
2016-08-21 19:00:00,Rat_lodging_Ben,470.07,25.6,8.0,22.8,1009.9,2.1,19,7,8,234,32516.0,1949.0,Mixed
2016-08-21 20:00:00,Rat_lodging_Ben,456.24,25.6,6.0,22.8,1010.8,3.1,20,7,8,234,32516.0,1949.0,Mixed
2016-08-21 21:00:00,Rat_lodging_Ben,451.0,26.1,4.0,20.0,1011.7,4.1,21,7,8,234,32516.0,1949.0,Mixed
2016-08-21 22:00:00,Rat_lodging_Ben,414.56,25.0,2.0,18.9,1012.1,4.6,22,7,8,234,32516.0,1949.0,Mixed
2016-08-21 23:00:00,Rat_lodging_Ben,382.81,24.4,2.0,16.7,1012.5,5.1,23,7,8,234,32516.0,1949.0,Mixed
2016-08-22 00:00:00,Rat_lodging_Ben,376.39,23.3,2.0,16.7,1013.2,4.6,0,1,8,235,32516.0,1949.0,Mixed
2016-08-22 01:00:00,Rat_lodging_Ben,366.02,22.8,2.0,16.7,1013.6,3.1,1,1,8,235,32516.0,1949.0,Mixed
2016-08-22 02:00:00,Rat_lodging_Ben,360.52,22.2,4.0,16.1,1013.7,3.1,2,1,8,235,32516.0,1949.0,Mixed
2016-08-22 03:00:00,Rat_lodging_Ben,360.29,22.8,2.0,15.6,1013.8,4.6,3,1,8,235,32516.0,1949.0,Mixed
2016-08-22 04:00:00,Rat_lodging_Ben,355.18,22.8,0.0,15.0,1014.4,5.7,4,1,8,235,32516.0,1949.0,Mixed
2016-08-22 05:00:00,Rat_lodging_Ben,365.39,21.7,2.0,15.0,1015.2,2.6,5,1,8,235,32516.0,1949.0,Mixed
2016-08-22 06:00:00,Rat_lodging_Ben,389.47,21.1,2.0,15.6,1016.2,1.5,6,1,8,235,32516.0,1949.0,Mixed
2016-08-22 07:00:00,Rat_lodging_Ben,416.85,22.8,2.0,15.6,1016.9,3.1,7,1,8,235,32516.0,1949.0,Mixed
2016-08-22 08:00:00,Rat_lodging_Ben,434.78,23.9,2.0,15.6,1017.7,4.1,8,1,8,235,32516.0,1949.0,Mixed
2016-08-22 09:00:00,Rat_lodging_Ben,464.99,24.4,2.0,16.1,1018.4,5.7,9,1,8,235,32516.0,1949.0,Mixed
2016-08-22 10:00:00,Rat_lodging_Ben,479.04,26.1,2.0,16.1,1019.0,3.6,10,1,8,235,32516.0,1949.0,Mixed
2016-08-22 11:00:00,Rat_lodging_Ben,474.78,27.2,4.0,16.1,1019.2,3.6,11,1,8,235,32516.0,1949.0,Mixed
2016-08-22 12:00:00,Rat_lodging_Ben,480.15,27.2,4.0,16.1,1019.1,3.6,12,1,8,235,32516.0,1949.0,Mixed
2016-08-22 13:00:00,Rat_lodging_Ben,482.43,28.3,4.0,16.1,1019.4,6.7,13,1,8,235,32516.0,1949.0,Mixed
2016-08-22 14:00:00,Rat_lodging_Ben,491.9,29.4,4.0,15.6,1019.3,6.2,14,1,8,235,32516.0,1949.0,Mixed
2016-08-22 15:00:00,Rat_lodging_Ben,493.47,29.4,4.0,14.4,1019.2,5.1,15,1,8,235,32516.0,1949.0,Mixed
2016-08-22 16:00:00,Rat_lodging_Ben,481.97,29.4,4.0,13.9,1019.3,6.2,16,1,8,235,32516.0,1949.0,Mixed
2016-08-22 17:00:00,Rat_lodging_Ben,470.43,28.9,4.0,14.4,1019.5,6.2,17,1,8,235,32516.0,1949.0,Mixed
2016-08-22 18:00:00,Rat_lodging_Ben,460.39,27.8,4.0,13.3,1019.8,5.7,18,1,8,235,32516.0,1949.0,Mixed
2016-08-22 19:00:00,Rat_lodging_Ben,434.91,26.7,2.0,13.3,1020.5,4.6,19,1,8,235,32516.0,1949.0,Mixed
2016-08-22 20:00:00,Rat_lodging_Ben,419.08,25.6,2.0,14.4,1021.4,3.1,20,1,8,235,32516.0,1949.0,Mixed
2016-08-22 21:00:00,Rat_lodging_Ben,396.02,25.0,2.0,15.0,1022.2,2.6,21,1,8,235,32516.0,1949.0,Mixed
2016-08-22 22:00:00,Rat_lodging_Ben,376.29,23.9,2.0,17.2,1022.9,1.5,22,1,8,235,32516.0,1949.0,Mixed
2016-08-22 23:00:00,Rat_lodging_Ben,360.91,23.3,2.0,17.2,1023.3,2.6,23,1,8,235,32516.0,1949.0,Mixed
2016-08-23 00:00:00,Rat_lodging_Ben,349.45,22.8,0.0,17.2,1023.9,2.6,0,2,8,236,32516.0,1949.0,Mixed
2016-08-23 01:00:00,Rat_lodging_Ben,341.22,22.2,0.0,17.2,1024.1,3.1,1,2,8,236,32516.0,1949.0,Mixed
2016-08-23 02:00:00,Rat_lodging_Ben,336.1,21.7,4.0,16.1,1024.4,1.5,2,2,8,236,32516.0,1949.0,Mixed
2016-08-23 03:00:00,Rat_lodging_Ben,320.16,20.6,4.0,15.6,1024.7,2.6,3,2,8,236,32516.0,1949.0,Mixed
2016-08-23 04:00:00,Rat_lodging_Ben,327.26,20.6,4.0,15.6,1025.4,2.6,4,2,8,236,32516.0,1949.0,Mixed
2016-08-23 05:00:00,Rat_lodging_Ben,332.4,20.0,2.0,15.6,1026.0,3.1,5,2,8,236,32516.0,1949.0,Mixed
2016-08-23 06:00:00,Rat_lodging_Ben,362.17,19.4,2.0,15.6,1026.7,2.6,6,2,8,236,32516.0,1949.0,Mixed
2016-08-23 07:00:00,Rat_lodging_Ben,377.74,21.1,2.0,16.1,1027.1,2.1,7,2,8,236,32516.0,1949.0,Mixed
2016-08-23 08:00:00,Rat_lodging_Ben,412.13,23.3,4.0,16.1,1027.4,2.1,8,2,8,236,32516.0,1949.0,Mixed
2016-08-23 09:00:00,Rat_lodging_Ben,443.26,25.0,2.0,13.9,1027.6,2.6,9,2,8,236,32516.0,1949.0,Mixed
2016-08-23 10:00:00,Rat_lodging_Ben,467.38,26.1,2.0,13.3,1027.8,2.1,10,2,8,236,32516.0,1949.0,Mixed
2016-08-23 11:00:00,Rat_lodging_Ben,462.72,26.7,2.0,13.3,1027.3,0.0,11,2,8,236,32516.0,1949.0,Mixed
2016-08-23 12:00:00,Rat_lodging_Ben,469.74,27.8,4.0,14.4,1027.1,2.1,12,2,8,236,32516.0,1949.0,Mixed
2016-08-23 13:00:00,Rat_lodging_Ben,463.23,27.8,4.0,14.4,1026.8,2.6,13,2,8,236,32516.0,1949.0,Mixed
2016-08-23 14:00:00,Rat_lodging_Ben,499.83,28.3,4.0,13.9,1026.2,2.6,14,2,8,236,32516.0,1949.0,Mixed
2016-08-23 15:00:00,Rat_lodging_Ben,513.17,27.2,4.0,13.9,1025.6,2.6,15,2,8,236,32516.0,1949.0,Mixed
2016-08-23 16:00:00,Rat_lodging_Ben,503.83,28.3,4.0,14.4,1025.2,1.5,16,2,8,236,32516.0,1949.0,Mixed
2016-08-23 17:00:00,Rat_lodging_Ben,491.7,28.3,4.0,15.0,1024.8,3.6,17,2,8,236,32516.0,1949.0,Mixed
2016-08-23 18:00:00,Rat_lodging_Ben,478.61,27.2,5.0,14.4,1024.4,2.6,18,2,8,236,32516.0,1949.0,Mixed
2016-08-23 19:00:00,Rat_lodging_Ben,453.83,26.1,6.0,15.6,1024.6,3.1,19,2,8,236,32516.0,1949.0,Mixed
2016-08-23 20:00:00,Rat_lodging_Ben,422.26,24.4,4.0,14.4,1025.2,4.6,20,2,8,236,32516.0,1949.0,Mixed
2016-08-23 21:00:00,Rat_lodging_Ben,407.69,23.3,4.0,14.4,1025.6,4.6,21,2,8,236,32516.0,1949.0,Mixed
2016-08-23 22:00:00,Rat_lodging_Ben,387.17,23.3,2.0,15.6,1026.0,3.1,22,2,8,236,32516.0,1949.0,Mixed
2016-08-23 23:00:00,Rat_lodging_Ben,370.8,22.2,0.0,16.1,1025.9,2.1,23,2,8,236,32516.0,1949.0,Mixed
2016-08-24 00:00:00,Rat_lodging_Ben,368.65,22.2,0.0,15.6,1026.0,1.5,0,3,8,237,32516.0,1949.0,Mixed
2016-08-24 01:00:00,Rat_lodging_Ben,365.78,21.7,0.0,16.1,1025.8,1.5,1,3,8,237,32516.0,1949.0,Mixed
2016-08-24 02:00:00,Rat_lodging_Ben,364.27,21.1,2.0,17.2,1025.7,2.1,2,3,8,237,32516.0,1949.0,Mixed
2016-08-24 03:00:00,Rat_lodging_Ben,359.86,21.1,2.0,17.2,1025.3,0.0,3,3,8,237,32516.0,1949.0,Mixed
2016-08-24 04:00:00,Rat_lodging_Ben,361.45,20.0,2.0,17.2,1025.5,2.1,4,3,8,237,32516.0,1949.0,Mixed
2016-08-24 05:00:00,Rat_lodging_Ben,369.97,20.6,4.0,16.7,1026.0,1.5,5,3,8,237,32516.0,1949.0,Mixed
2016-08-24 06:00:00,Rat_lodging_Ben,397.44,20.0,4.0,16.7,1026.4,1.5,6,3,8,237,32516.0,1949.0,Mixed
2016-08-24 07:00:00,Rat_lodging_Ben,427.78,21.7,4.0,17.2,1026.6,2.6,7,3,8,237,32516.0,1949.0,Mixed
2016-08-24 08:00:00,Rat_lodging_Ben,454.52,23.3,2.0,16.1,1026.7,4.1,8,3,8,237,32516.0,1949.0,Mixed
2016-08-24 09:00:00,Rat_lodging_Ben,477.73,25.6,2.0,16.7,1026.3,4.1,9,3,8,237,32516.0,1949.0,Mixed
2016-08-24 10:00:00,Rat_lodging_Ben,498.96,26.7,4.0,17.8,1026.1,5.7,10,3,8,237,32516.0,1949.0,Mixed
2016-08-24 11:00:00,Rat_lodging_Ben,513.28,27.8,4.0,16.7,1025.6,5.1,11,3,8,237,32516.0,1949.0,Mixed
2016-08-24 12:00:00,Rat_lodging_Ben,513.01,28.3,4.0,17.8,1024.8,5.1,12,3,8,237,32516.0,1949.0,Mixed
2016-08-24 13:00:00,Rat_lodging_Ben,533.76,28.9,4.0,18.3,1024.3,5.1,13,3,8,237,32516.0,1949.0,Mixed
2016-08-24 14:00:00,Rat_lodging_Ben,528.43,29.4,4.666666666666667,18.3,1023.6,5.7,14,3,8,237,32516.0,1949.0,Mixed
2016-08-24 15:00:00,Rat_lodging_Ben,527.01,28.9,5.333333333333333,18.3,1022.8,4.6,15,3,8,237,32516.0,1949.0,Mixed
2016-08-24 16:00:00,Rat_lodging_Ben,509.64,30.0,6.0,18.9,1022.3,5.7,16,3,8,237,32516.0,1949.0,Mixed
2016-08-24 17:00:00,Rat_lodging_Ben,504.23,28.3,6.0,18.9,1022.1,4.1,17,3,8,237,32516.0,1949.0,Mixed
2016-08-24 18:00:00,Rat_lodging_Ben,495.14,28.3,6.0,18.9,1021.7,5.1,18,3,8,237,32516.0,1949.0,Mixed
2016-08-24 19:00:00,Rat_lodging_Ben,481.23,27.2,6.0,18.9,1021.8,5.1,19,3,8,237,32516.0,1949.0,Mixed
2016-08-24 20:00:00,Rat_lodging_Ben,460.84,25.6,4.0,18.3,1022.5,5.7,20,3,8,237,32516.0,1949.0,Mixed
2016-08-24 21:00:00,Rat_lodging_Ben,433.95,25.0,2.0,16.7,1022.2,4.6,21,3,8,237,32516.0,1949.0,Mixed
2016-08-24 22:00:00,Rat_lodging_Ben,403.36,24.4,0.0,16.7,1022.2,5.7,22,3,8,237,32516.0,1949.0,Mixed
2016-08-24 23:00:00,Rat_lodging_Ben,385.0,23.3,0.0,17.2,1022.2,4.6,23,3,8,237,32516.0,1949.0,Mixed
2016-08-25 00:00:00,Rat_lodging_Ben,368.12,23.3,1.0,17.8,1021.7,3.1,0,4,8,238,32516.0,1949.0,Mixed
2016-08-25 01:00:00,Rat_lodging_Ben,361.32,22.2,2.0,17.8,1021.2,4.1,1,4,8,238,32516.0,1949.0,Mixed
2016-08-25 02:00:00,Rat_lodging_Ben,364.86,22.2,0.0,17.2,1020.6,4.6,2,4,8,238,32516.0,1949.0,Mixed
2016-08-25 03:00:00,Rat_lodging_Ben,362.37,22.2,0.0,17.8,1020.6,4.1,3,4,8,238,32516.0,1949.0,Mixed
2016-08-25 04:00:00,Rat_lodging_Ben,364.7,22.2,0.0,18.3,1020.2,4.6,4,4,8,238,32516.0,1949.0,Mixed
2016-08-25 05:00:00,Rat_lodging_Ben,387.88,21.7,4.0,18.9,1020.0,5.1,5,4,8,238,32516.0,1949.0,Mixed
2016-08-25 06:00:00,Rat_lodging_Ben,429.38,21.7,6.0,18.9,1020.0,4.6,6,4,8,238,32516.0,1949.0,Mixed
2016-08-25 07:00:00,Rat_lodging_Ben,454.43,22.8,8.0,18.9,1020.0,4.1,7,4,8,238,32516.0,1949.0,Mixed
2016-08-25 08:00:00,Rat_lodging_Ben,480.93,24.4,8.0,19.4,1019.7,4.1,8,4,8,238,32516.0,1949.0,Mixed
2016-08-25 09:00:00,Rat_lodging_Ben,498.99,26.7,8.0,20.6,1019.5,4.6,9,4,8,238,32516.0,1949.0,Mixed
2016-08-25 10:00:00,Rat_lodging_Ben,509.38,27.8,8.0,20.6,1019.4,4.6,10,4,8,238,32516.0,1949.0,Mixed
2016-08-25 11:00:00,Rat_lodging_Ben,522.97,27.8,8.0,21.1,1018.9,4.6,11,4,8,238,32516.0,1949.0,Mixed
2016-08-25 12:00:00,Rat_lodging_Ben,534.72,28.9,8.0,21.7,1018.5,5.7,12,4,8,238,32516.0,1949.0,Mixed
2016-08-25 13:00:00,Rat_lodging_Ben,551.68,30.6,8.0,22.8,1017.9,5.7,13,4,8,238,32516.0,1949.0,Mixed
2016-08-25 14:00:00,Rat_lodging_Ben,562.68,30.0,7.333333333333333,22.8,1017.3,5.1,14,4,8,238,32516.0,1949.0,Mixed
2016-08-25 15:00:00,Rat_lodging_Ben,571.29,31.1,6.666666666666667,23.3,1017.0,4.6,15,4,8,238,32516.0,1949.0,Mixed
2016-08-25 16:00:00,Rat_lodging_Ben,564.15,30.6,6.0,23.9,1016.7,5.7,16,4,8,238,32516.0,1949.0,Mixed
2016-08-25 17:00:00,Rat_lodging_Ben,559.13,30.0,6.0,23.9,1016.5,5.7,17,4,8,238,32516.0,1949.0,Mixed
2016-08-25 18:00:00,Rat_lodging_Ben,550.63,30.0,6.0,23.3,1016.1,4.6,18,4,8,238,32516.0,1949.0,Mixed
2016-08-25 19:00:00,Rat_lodging_Ben,539.5,29.4,6.0,22.8,1016.7,4.1,19,4,8,238,32516.0,1949.0,Mixed
2016-08-25 20:00:00,Rat_lodging_Ben,526.88,28.3,5.333333333333333,25.0,1016.8,2.6,20,4,8,238,32516.0,1949.0,Mixed
2016-08-25 21:00:00,Rat_lodging_Ben,515.25,27.8,4.666666666666667,24.4,1016.7,2.6,21,4,8,238,32516.0,1949.0,Mixed
2016-08-25 22:00:00,Rat_lodging_Ben,489.85,27.8,4.0,23.9,1016.5,3.1,22,4,8,238,32516.0,1949.0,Mixed
2016-08-25 23:00:00,Rat_lodging_Ben,471.56,26.7,0.0,23.9,1016.4,3.1,23,4,8,238,32516.0,1949.0,Mixed
2016-08-26 00:00:00,Rat_lodging_Ben,468.73,26.7,0.0,23.9,1016.4,3.1,0,5,8,239,32516.0,1949.0,Mixed
2016-08-26 01:00:00,Rat_lodging_Ben,468.22,26.1,0.0,23.3,1016.4,2.6,1,5,8,239,32516.0,1949.0,Mixed
2016-08-26 02:00:00,Rat_lodging_Ben,462.52,26.1,0.0,23.3,1016.2,3.6,2,5,8,239,32516.0,1949.0,Mixed
2016-08-26 03:00:00,Rat_lodging_Ben,457.63,26.1,4.0,23.9,1016.2,2.6,3,5,8,239,32516.0,1949.0,Mixed
2016-08-26 04:00:00,Rat_lodging_Ben,465.3,25.6,2.0,23.3,1016.6,1.5,4,5,8,239,32516.0,1949.0,Mixed
2016-08-26 05:00:00,Rat_lodging_Ben,472.75,25.6,2.0,23.9,1017.2,3.1,5,5,8,239,32516.0,1949.0,Mixed
2016-08-26 06:00:00,Rat_lodging_Ben,504.03,25.0,4.0,23.9,1017.8,2.1,6,5,8,239,32516.0,1949.0,Mixed
2016-08-26 07:00:00,Rat_lodging_Ben,526.09,26.7,4.0,23.9,1017.9,2.1,7,5,8,239,32516.0,1949.0,Mixed
2016-08-26 08:00:00,Rat_lodging_Ben,554.3,30.0,4.0,23.9,1018.3,2.1,8,5,8,239,32516.0,1949.0,Mixed
2016-08-26 09:00:00,Rat_lodging_Ben,563.74,31.7,4.0,22.2,1018.2,4.1,9,5,8,239,32516.0,1949.0,Mixed
2016-08-26 10:00:00,Rat_lodging_Ben,605.53,32.8,4.0,22.2,1018.3,5.1,10,5,8,239,32516.0,1949.0,Mixed
2016-08-26 11:00:00,Rat_lodging_Ben,617.46,32.8,4.0,21.7,1018.2,3.6,11,5,8,239,32516.0,1949.0,Mixed
2016-08-26 12:00:00,Rat_lodging_Ben,615.83,33.3,5.0,21.7,1018.0,5.7,12,5,8,239,32516.0,1949.0,Mixed
2016-08-26 13:00:00,Rat_lodging_Ben,612.46,34.4,6.0,21.1,1018.0,5.7,13,5,8,239,32516.0,1949.0,Mixed
2016-08-26 14:00:00,Rat_lodging_Ben,601.25,33.9,6.0,20.6,1017.5,5.1,14,5,8,239,32516.0,1949.0,Mixed
2016-08-26 15:00:00,Rat_lodging_Ben,608.02,34.4,6.0,20.0,1017.1,5.7,15,5,8,239,32516.0,1949.0,Mixed
2016-08-26 16:00:00,Rat_lodging_Ben,595.3,34.4,6.0,20.6,1016.9,5.7,16,5,8,239,32516.0,1949.0,Mixed
2016-08-26 17:00:00,Rat_lodging_Ben,598.82,34.4,4.0,20.6,1016.9,5.1,17,5,8,239,32516.0,1949.0,Mixed
2016-08-26 18:00:00,Rat_lodging_Ben,584.25,33.3,4.0,20.6,1016.7,4.6,18,5,8,239,32516.0,1949.0,Mixed
2016-08-26 19:00:00,Rat_lodging_Ben,571.5,32.2,2.0,20.6,1017.0,3.6,19,5,8,239,32516.0,1949.0,Mixed
2016-08-26 20:00:00,Rat_lodging_Ben,562.17,31.7,2.0,21.7,1017.6,2.1,20,5,8,239,32516.0,1949.0,Mixed
2016-08-26 21:00:00,Rat_lodging_Ben,536.09,30.0,2.0,23.3,1018.1,0.0,21,5,8,239,32516.0,1949.0,Mixed
2016-08-26 22:00:00,Rat_lodging_Ben,512.93,28.9,2.0,23.3,1018.7,1.5,22,5,8,239,32516.0,1949.0,Mixed
2016-08-26 23:00:00,Rat_lodging_Ben,509.0,29.4,4.0,22.2,1018.9,0.0,23,5,8,239,32516.0,1949.0,Mixed
2016-08-27 00:00:00,Rat_lodging_Ben,500.93,27.8,5.0,23.3,1019.1,2.6,0,6,8,240,32516.0,1949.0,Mixed
2016-08-27 01:00:00,Rat_lodging_Ben,493.28,27.8,6.0,23.3,1019.2,2.6,1,6,8,240,32516.0,1949.0,Mixed
2016-08-27 02:00:00,Rat_lodging_Ben,483.28,27.2,5.333333333333333,23.3,1019.2,3.1,2,6,8,240,32516.0,1949.0,Mixed
2016-08-27 03:00:00,Rat_lodging_Ben,481.34,27.2,4.666666666666667,23.3,1019.3,2.1,3,6,8,240,32516.0,1949.0,Mixed
2016-08-27 04:00:00,Rat_lodging_Ben,478.52,26.7,4.0,22.8,1019.6,2.6,4,6,8,240,32516.0,1949.0,Mixed
2016-08-27 05:00:00,Rat_lodging_Ben,474.17,26.7,2.0,21.1,1020.3,2.6,5,6,8,240,32516.0,1949.0,Mixed
2016-08-27 06:00:00,Rat_lodging_Ben,480.64,26.1,4.0,21.7,1021.0,2.1,6,6,8,240,32516.0,1949.0,Mixed
2016-08-27 07:00:00,Rat_lodging_Ben,507.79,27.2,4.0,21.1,1021.5,2.6,7,6,8,240,32516.0,1949.0,Mixed
2016-08-27 08:00:00,Rat_lodging_Ben,526.03,27.8,4.0,21.1,1021.5,4.1,8,6,8,240,32516.0,1949.0,Mixed
2016-08-27 09:00:00,Rat_lodging_Ben,552.73,29.4,4.0,20.0,1021.8,4.1,9,6,8,240,32516.0,1949.0,Mixed
2016-08-27 10:00:00,Rat_lodging_Ben,567.64,30.6,4.0,19.4,1021.9,6.7,10,6,8,240,32516.0,1949.0,Mixed
2016-08-27 11:00:00,Rat_lodging_Ben,578.81,31.7,4.0,18.9,1022.2,4.6,11,6,8,240,32516.0,1949.0,Mixed
2016-08-27 12:00:00,Rat_lodging_Ben,577.59,31.7,4.0,18.9,1021.8,3.6,12,6,8,240,32516.0,1949.0,Mixed
2016-08-27 13:00:00,Rat_lodging_Ben,583.49,32.8,4.0,18.9,1021.5,1.5,13,6,8,240,32516.0,1949.0,Mixed
2016-08-27 14:00:00,Rat_lodging_Ben,579.64,32.8,4.0,18.9,1021.2,5.1,14,6,8,240,32516.0,1949.0,Mixed
2016-08-27 15:00:00,Rat_lodging_Ben,574.14,33.3,4.0,18.9,1020.8,3.1,15,6,8,240,32516.0,1949.0,Mixed
2016-08-27 16:00:00,Rat_lodging_Ben,564.9,32.8,4.0,18.3,1020.3,3.6,16,6,8,240,32516.0,1949.0,Mixed
2016-08-27 17:00:00,Rat_lodging_Ben,557.8,31.7,4.0,18.3,1020.4,2.6,17,6,8,240,32516.0,1949.0,Mixed
2016-08-27 18:00:00,Rat_lodging_Ben,545.34,31.1,4.0,18.9,1020.3,3.6,18,6,8,240,32516.0,1949.0,Mixed
2016-08-27 19:00:00,Rat_lodging_Ben,529.13,29.4,4.0,18.9,1020.9,3.6,19,6,8,240,32516.0,1949.0,Mixed
2016-08-27 20:00:00,Rat_lodging_Ben,516.25,28.3,2.0,19.4,1021.6,3.1,20,6,8,240,32516.0,1949.0,Mixed
2016-08-27 21:00:00,Rat_lodging_Ben,508.4,27.8,0.0,19.4,1022.3,2.1,21,6,8,240,32516.0,1949.0,Mixed
2016-08-27 22:00:00,Rat_lodging_Ben,488.52,27.2,0.0,20.0,1022.7,1.5,22,6,8,240,32516.0,1949.0,Mixed
2016-08-27 23:00:00,Rat_lodging_Ben,474.67,26.7,0.0,19.4,1022.7,3.1,23,6,8,240,32516.0,1949.0,Mixed
2016-08-28 00:00:00,Rat_lodging_Ben,464.55,25.6,2.0,20.6,1022.7,2.6,0,7,8,241,32516.0,1949.0,Mixed
2016-08-28 01:00:00,Rat_lodging_Ben,451.08,24.4,2.0,20.6,1022.1,2.1,1,7,8,241,32516.0,1949.0,Mixed
2016-08-28 02:00:00,Rat_lodging_Ben,443.15,23.9,4.0,21.7,1022.4,2.6,2,7,8,241,32516.0,1949.0,Mixed
2016-08-28 03:00:00,Rat_lodging_Ben,435.94,24.4,4.0,22.2,1022.6,0.0,3,7,8,241,32516.0,1949.0,Mixed
2016-08-28 04:00:00,Rat_lodging_Ben,439.22,23.9,4.0,21.7,1023.0,1.5,4,7,8,241,32516.0,1949.0,Mixed
2016-08-28 05:00:00,Rat_lodging_Ben,434.95,23.9,4.666666666666667,21.7,1023.5,2.1,5,7,8,241,32516.0,1949.0,Mixed
2016-08-28 06:00:00,Rat_lodging_Ben,459.8,23.9,5.333333333333333,21.7,1023.9,2.6,6,7,8,241,32516.0,1949.0,Mixed
2016-08-28 07:00:00,Rat_lodging_Ben,504.81,23.9,6.0,21.7,1024.2,3.6,7,7,8,241,32516.0,1949.0,Mixed
2016-08-28 08:00:00,Rat_lodging_Ben,522.88,25.0,4.0,22.2,1024.5,3.1,8,7,8,241,32516.0,1949.0,Mixed
2016-08-28 09:00:00,Rat_lodging_Ben,537.86,26.7,4.0,22.2,1024.6,2.6,9,7,8,241,32516.0,1949.0,Mixed
2016-08-28 10:00:00,Rat_lodging_Ben,549.06,27.8,4.0,20.6,1024.5,2.1,10,7,8,241,32516.0,1949.0,Mixed
2016-08-28 11:00:00,Rat_lodging_Ben,548.72,30.0,4.0,20.0,1024.2,1.5,11,7,8,241,32516.0,1949.0,Mixed
2016-08-28 12:00:00,Rat_lodging_Ben,549.07,30.6,2.0,18.3,1023.8,1.5,12,7,8,241,32516.0,1949.0,Mixed
2016-08-28 13:00:00,Rat_lodging_Ben,556.6,31.1,2.0,17.2,1023.5,0.0,13,7,8,241,32516.0,1949.0,Mixed
2016-08-28 14:00:00,Rat_lodging_Ben,550.47,32.2,2.0,15.0,1022.9,1.5,14,7,8,241,32516.0,1949.0,Mixed
2016-08-28 15:00:00,Rat_lodging_Ben,548.82,31.7,2.0,15.6,1022.0,4.1,15,7,8,241,32516.0,1949.0,Mixed
2016-08-28 16:00:00,Rat_lodging_Ben,526.62,31.1,4.0,17.8,1021.4,4.1,16,7,8,241,32516.0,1949.0,Mixed
2016-08-28 17:00:00,Rat_lodging_Ben,522.3,30.6,4.0,18.3,1021.2,3.6,17,7,8,241,32516.0,1949.0,Mixed
2016-08-28 18:00:00,Rat_lodging_Ben,510.58,29.4,4.0,18.3,1021.0,5.1,18,7,8,241,32516.0,1949.0,Mixed
2016-08-28 19:00:00,Rat_lodging_Ben,497.6,28.3,4.0,18.9,1020.8,3.1,19,7,8,241,32516.0,1949.0,Mixed
2016-08-28 20:00:00,Rat_lodging_Ben,488.75,27.8,2.0,18.3,1021.0,2.1,20,7,8,241,32516.0,1949.0,Mixed
2016-08-28 21:00:00,Rat_lodging_Ben,479.55,26.7,0.0,18.9,1021.8,2.1,21,7,8,241,32516.0,1949.0,Mixed
2016-08-28 22:00:00,Rat_lodging_Ben,461.93,26.1,2.0,18.9,1022.6,2.1,22,7,8,241,32516.0,1949.0,Mixed
2016-08-28 23:00:00,Rat_lodging_Ben,453.87,25.0,2.0,18.9,1022.5,1.5,23,7,8,241,32516.0,1949.0,Mixed
2016-08-29 00:00:00,Rat_lodging_Ben,442.53,25.0,4.0,18.9,1022.5,0.0,0,1,8,242,32516.0,1949.0,Mixed
2016-08-29 01:00:00,Rat_lodging_Ben,435.3,24.4,6.0,18.9,1021.9,2.1,1,1,8,242,32516.0,1949.0,Mixed
2016-08-29 02:00:00,Rat_lodging_Ben,431.29,23.3,4.0,18.9,1021.4,2.6,2,1,8,242,32516.0,1949.0,Mixed
2016-08-29 03:00:00,Rat_lodging_Ben,428.21,23.3,4.0,19.4,1020.6,3.6,3,1,8,242,32516.0,1949.0,Mixed
2016-08-29 04:00:00,Rat_lodging_Ben,423.36,22.8,4.0,19.4,1020.2,2.6,4,1,8,242,32516.0,1949.0,Mixed
2016-08-29 05:00:00,Rat_lodging_Ben,449.22,22.2,2.0,19.4,1020.8,2.1,5,1,8,242,32516.0,1949.0,Mixed
2016-08-29 06:00:00,Rat_lodging_Ben,482.01,22.8,4.0,19.4,1021.4,2.6,6,1,8,242,32516.0,1949.0,Mixed
2016-08-29 07:00:00,Rat_lodging_Ben,498.88,24.4,4.0,19.4,1021.8,2.6,7,1,8,242,32516.0,1949.0,Mixed
2016-08-29 08:00:00,Rat_lodging_Ben,521.66,26.1,4.666666666666667,20.6,1021.8,1.5,8,1,8,242,32516.0,1949.0,Mixed
2016-08-29 09:00:00,Rat_lodging_Ben,535.59,27.8,5.333333333333333,20.6,1021.7,3.1,9,1,8,242,32516.0,1949.0,Mixed
2016-08-29 10:00:00,Rat_lodging_Ben,554.19,28.9,6.0,20.6,1021.8,4.1,10,1,8,242,32516.0,1949.0,Mixed
2016-08-29 11:00:00,Rat_lodging_Ben,571.53,30.6,6.0,20.0,1021.4,2.1,11,1,8,242,32516.0,1949.0,Mixed
2016-08-29 12:00:00,Rat_lodging_Ben,571.46,30.6,6.0,20.6,1021.0,1.5,12,1,8,242,32516.0,1949.0,Mixed
2016-08-29 13:00:00,Rat_lodging_Ben,581.3,31.7,6.0,20.0,1020.6,2.1,13,1,8,242,32516.0,1949.0,Mixed
2016-08-29 14:00:00,Rat_lodging_Ben,582.32,32.2,6.0,19.4,1020.1,1.5,14,1,8,242,32516.0,1949.0,Mixed
2016-08-29 15:00:00,Rat_lodging_Ben,581.82,33.9,6.0,20.0,1019.1,0.0,15,1,8,242,32516.0,1949.0,Mixed
2016-08-29 16:00:00,Rat_lodging_Ben,573.31,33.9,6.0,20.6,1018.4,3.1,16,1,8,242,32516.0,1949.0,Mixed
2016-08-29 17:00:00,Rat_lodging_Ben,571.03,32.8,4.0,18.9,1018.2,2.6,17,1,8,242,32516.0,1949.0,Mixed
2016-08-29 18:00:00,Rat_lodging_Ben,571.15,32.2,4.0,18.9,1018.2,3.6,18,1,8,242,32516.0,1949.0,Mixed
2016-08-29 19:00:00,Rat_lodging_Ben,563.23,31.1,4.0,21.1,1018.5,2.1,19,1,8,242,32516.0,1949.0,Mixed
2016-08-29 20:00:00,Rat_lodging_Ben,553.78,30.6,2.0,21.7,1019.3,2.1,20,1,8,242,32516.0,1949.0,Mixed
2016-08-29 21:00:00,Rat_lodging_Ben,522.61,28.9,3.0,21.7,1019.6,2.1,21,1,8,242,32516.0,1949.0,Mixed
2016-08-29 22:00:00,Rat_lodging_Ben,502.3,28.3,4.0,21.7,1019.7,1.5,22,1,8,242,32516.0,1949.0,Mixed
2016-08-29 23:00:00,Rat_lodging_Ben,489.22,27.8,4.0,22.2,1019.9,2.1,23,1,8,242,32516.0,1949.0,Mixed
2016-08-30 00:00:00,Rat_lodging_Ben,473.27,27.2,4.0,19.4,1019.8,5.7,0,2,8,243,32516.0,1949.0,Mixed
2016-08-30 01:00:00,Rat_lodging_Ben,463.08,26.7,6.0,18.3,1019.8,5.1,1,2,8,243,32516.0,1949.0,Mixed
2016-08-30 02:00:00,Rat_lodging_Ben,447.56,26.1,4.0,17.8,1019.9,4.1,2,2,8,243,32516.0,1949.0,Mixed
2016-08-30 03:00:00,Rat_lodging_Ben,434.63,25.6,4.0,17.2,1019.8,4.6,3,2,8,243,32516.0,1949.0,Mixed
2016-08-30 04:00:00,Rat_lodging_Ben,436.96,25.0,6.0,17.2,1020.1,3.6,4,2,8,243,32516.0,1949.0,Mixed
2016-08-30 05:00:00,Rat_lodging_Ben,429.83,24.4,4.0,16.7,1020.3,3.6,5,2,8,243,32516.0,1949.0,Mixed
2016-08-30 06:00:00,Rat_lodging_Ben,460.83,23.9,4.0,16.7,1020.5,4.6,6,2,8,243,32516.0,1949.0,Mixed
2016-08-30 07:00:00,Rat_lodging_Ben,491.59,24.4,4.0,16.1,1021.1,4.6,7,2,8,243,32516.0,1949.0,Mixed
2016-08-30 08:00:00,Rat_lodging_Ben,520.44,25.6,4.0,17.2,1021.4,4.1,8,2,8,243,32516.0,1949.0,Mixed
2016-08-30 09:00:00,Rat_lodging_Ben,538.66,26.7,4.0,17.2,1021.2,4.1,9,2,8,243,32516.0,1949.0,Mixed
2016-08-30 10:00:00,Rat_lodging_Ben,555.17,28.3,2.0,18.3,1020.9,2.6,10,2,8,243,32516.0,1949.0,Mixed
2016-08-30 11:00:00,Rat_lodging_Ben,564.34,30.0,2.0,17.8,1020.4,2.1,11,2,8,243,32516.0,1949.0,Mixed
2016-08-30 12:00:00,Rat_lodging_Ben,565.44,31.1,2.0,17.2,1020.2,2.6,12,2,8,243,32516.0,1949.0,Mixed
2016-08-30 13:00:00,Rat_lodging_Ben,573.47,31.7,4.0,17.2,1019.3,1.5,13,2,8,243,32516.0,1949.0,Mixed
2016-08-30 14:00:00,Rat_lodging_Ben,578.05,31.7,4.0,16.7,1018.5,1.5,14,2,8,243,32516.0,1949.0,Mixed
2016-08-30 15:00:00,Rat_lodging_Ben,572.75,31.7,5.0,16.1,1017.7,1.5,15,2,8,243,32516.0,1949.0,Mixed
2016-08-30 16:00:00,Rat_lodging_Ben,562.75,32.2,6.0,16.7,1017.3,2.1,16,2,8,243,32516.0,1949.0,Mixed
2016-08-30 17:00:00,Rat_lodging_Ben,536.64,30.6,6.0,19.4,1017.1,5.1,17,2,8,243,32516.0,1949.0,Mixed
2016-08-30 18:00:00,Rat_lodging_Ben,519.28,29.4,6.0,18.3,1016.8,4.1,18,2,8,243,32516.0,1949.0,Mixed
2016-08-30 19:00:00,Rat_lodging_Ben,505.52,27.8,6.0,17.2,1016.8,0.0,19,2,8,243,32516.0,1949.0,Mixed
2016-08-30 20:00:00,Rat_lodging_Ben,500.32,27.8,4.0,16.7,1017.2,2.1,20,2,8,243,32516.0,1949.0,Mixed
2016-08-30 21:00:00,Rat_lodging_Ben,487.13,26.7,4.0,18.3,1017.5,1.5,21,2,8,243,32516.0,1949.0,Mixed
2016-08-30 22:00:00,Rat_lodging_Ben,471.46,26.1,4.0,18.9,1017.6,1.5,22,2,8,243,32516.0,1949.0,Mixed
2016-08-30 23:00:00,Rat_lodging_Ben,453.53,25.6,4.0,18.3,1017.5,0.0,23,2,8,243,32516.0,1949.0,Mixed
2016-08-31 00:00:00,Rat_lodging_Ben,445.3,25.6,4.0,18.3,1017.7,0.0,0,3,8,244,32516.0,1949.0,Mixed
2016-08-31 01:00:00,Rat_lodging_Ben,438.25,23.3,4.0,18.9,1017.3,1.5,1,3,8,244,32516.0,1949.0,Mixed
2016-08-31 02:00:00,Rat_lodging_Ben,431.36,24.4,4.0,19.4,1017.2,0.0,2,3,8,244,32516.0,1949.0,Mixed
2016-08-31 03:00:00,Rat_lodging_Ben,426.28,23.9,2.0,18.9,1016.9,0.0,3,3,8,244,32516.0,1949.0,Mixed
2016-08-31 04:00:00,Rat_lodging_Ben,419.93,23.3,4.0,19.4,1016.7,1.5,4,3,8,244,32516.0,1949.0,Mixed
2016-08-31 05:00:00,Rat_lodging_Ben,429.4,23.3,3.0,19.4,1016.5,1.5,5,3,8,244,32516.0,1949.0,Mixed
2016-08-31 06:00:00,Rat_lodging_Ben,456.94,23.3,2.0,19.4,1016.7,0.0,6,3,8,244,32516.0,1949.0,Mixed
2016-08-31 07:00:00,Rat_lodging_Ben,506.41,24.4,2.0,21.1,1016.6,0.0,7,3,8,244,32516.0,1949.0,Mixed
2016-08-31 08:00:00,Rat_lodging_Ben,531.71,25.6,2.0,21.7,1016.1,1.5,8,3,8,244,32516.0,1949.0,Mixed
2016-08-31 09:00:00,Rat_lodging_Ben,558.12,27.2,4.0,22.2,1016.0,3.1,9,3,8,244,32516.0,1949.0,Mixed
2016-08-31 10:00:00,Rat_lodging_Ben,580.38,28.9,4.0,21.7,1015.6,4.1,10,3,8,244,32516.0,1949.0,Mixed
2016-08-31 11:00:00,Rat_lodging_Ben,587.78,30.6,4.0,21.7,1015.1,6.2,11,3,8,244,32516.0,1949.0,Mixed
2016-08-31 12:00:00,Rat_lodging_Ben,589.36,31.7,4.0,21.7,1014.4,4.6,12,3,8,244,32516.0,1949.0,Mixed
2016-08-31 13:00:00,Rat_lodging_Ben,603.26,30.6,4.0,21.1,1013.7,4.6,13,3,8,244,32516.0,1949.0,Mixed
2016-08-31 14:00:00,Rat_lodging_Ben,598.26,30.6,4.0,21.1,1012.8,4.6,14,3,8,244,32516.0,1949.0,Mixed
2016-08-31 15:00:00,Rat_lodging_Ben,596.35,32.8,5.0,21.7,1012.2,5.7,15,3,8,244,32516.0,1949.0,Mixed
2016-08-31 16:00:00,Rat_lodging_Ben,584.36,31.7,6.0,21.1,1011.4,5.7,16,3,8,244,32516.0,1949.0,Mixed
2016-08-31 17:00:00,Rat_lodging_Ben,560.65,31.7,6.0,21.1,1011.1,5.1,17,3,8,244,32516.0,1949.0,Mixed
2016-08-31 18:00:00,Rat_lodging_Ben,552.64,30.6,6.0,21.1,1011.1,4.1,18,3,8,244,32516.0,1949.0,Mixed
2016-08-31 19:00:00,Rat_lodging_Ben,548.38,30.0,6.0,21.1,1011.7,3.6,19,3,8,244,32516.0,1949.0,Mixed
2016-08-31 20:00:00,Rat_lodging_Ben,525.16,28.9,6.0,21.7,1011.9,4.1,20,3,8,244,32516.0,1949.0,Mixed
2016-08-31 21:00:00,Rat_lodging_Ben,510.36,27.8,6.0,21.1,1012.1,4.1,21,3,8,244,32516.0,1949.0,Mixed
2016-08-31 22:00:00,Rat_lodging_Ben,496.36,27.2,6.0,21.7,1011.7,5.1,22,3,8,244,32516.0,1949.0,Mixed
2016-08-31 23:00:00,Rat_lodging_Ben,484.8,26.7,6.666666666666667,21.7,1011.6,4.6,23,3,8,244,32516.0,1949.0,Mixed
2016-09-01 00:00:00,Rat_lodging_Ben,481.22,26.7,7.333333333333333,21.7,1011.7,2.1,0,4,9,245,32516.0,1949.0,Mixed
2016-09-01 01:00:00,Rat_lodging_Ben,471.58,26.1,8.0,21.1,1011.5,2.1,1,4,9,245,32516.0,1949.0,Mixed
2016-09-01 02:00:00,Rat_lodging_Ben,456.95,25.0,8.0,21.7,1011.0,3.1,2,4,9,245,32516.0,1949.0,Mixed
2016-09-01 03:00:00,Rat_lodging_Ben,454.14,24.4,8.0,21.7,1010.8,3.6,3,4,9,245,32516.0,1949.0,Mixed
2016-09-01 04:00:00,Rat_lodging_Ben,455.02,24.4,8.0,22.2,1010.5,3.1,4,4,9,245,32516.0,1949.0,Mixed
2016-09-01 05:00:00,Rat_lodging_Ben,466.69,24.4,8.0,21.7,1010.6,2.1,5,4,9,245,32516.0,1949.0,Mixed
2016-09-01 06:00:00,Rat_lodging_Ben,498.93,24.4,8.0,21.7,1011.1,4.1,6,4,9,245,32516.0,1949.0,Mixed
2016-09-01 07:00:00,Rat_lodging_Ben,511.03,23.3,8.0,21.1,1011.4,5.1,7,4,9,245,32516.0,1949.0,Mixed
2016-09-01 08:00:00,Rat_lodging_Ben,496.26,23.9,8.0,19.4,1011.8,6.7,8,4,9,245,32516.0,1949.0,Mixed
2016-09-01 09:00:00,Rat_lodging_Ben,503.78,22.2,8.0,20.6,1012.1,4.1,9,4,9,245,32516.0,1949.0,Mixed
2016-09-01 10:00:00,Rat_lodging_Ben,516.02,23.3,8.0,20.6,1012.3,3.1,10,4,9,245,32516.0,1949.0,Mixed
2016-09-01 11:00:00,Rat_lodging_Ben,529.65,25.6,8.0,20.6,1012.1,3.1,11,4,9,245,32516.0,1949.0,Mixed
2016-09-01 12:00:00,Rat_lodging_Ben,525.69,25.6,8.0,20.6,1012.0,4.1,12,4,9,245,32516.0,1949.0,Mixed
2016-09-01 13:00:00,Rat_lodging_Ben,532.14,26.1,8.0,20.6,1011.9,4.6,13,4,9,245,32516.0,1949.0,Mixed
2016-09-01 14:00:00,Rat_lodging_Ben,538.81,26.1,7.333333333333333,20.6,1011.6,2.1,14,4,9,245,32516.0,1949.0,Mixed
2016-09-01 15:00:00,Rat_lodging_Ben,536.04,26.7,6.666666666666667,20.6,1011.2,2.6,15,4,9,245,32516.0,1949.0,Mixed
2016-09-01 16:00:00,Rat_lodging_Ben,535.14,28.3,6.0,20.6,1011.2,2.1,16,4,9,245,32516.0,1949.0,Mixed
2016-09-01 17:00:00,Rat_lodging_Ben,522.5,27.8,4.0,20.0,1011.5,3.6,17,4,9,245,32516.0,1949.0,Mixed
2016-09-01 18:00:00,Rat_lodging_Ben,513.95,26.7,5.0,19.4,1012.4,6.2,18,4,9,245,32516.0,1949.0,Mixed
2016-09-01 19:00:00,Rat_lodging_Ben,496.19,25.6,6.0,20.6,1013.1,3.1,19,4,9,245,32516.0,1949.0,Mixed
2016-09-01 20:00:00,Rat_lodging_Ben,482.55,25.0,5.0,20.6,1014.0,1.5,20,4,9,245,32516.0,1949.0,Mixed
2016-09-01 21:00:00,Rat_lodging_Ben,470.69,24.4,4.0,21.7,1014.5,2.6,21,4,9,245,32516.0,1949.0,Mixed
2016-09-01 22:00:00,Rat_lodging_Ben,443.55,23.9,8.0,21.1,1015.0,6.2,22,4,9,245,32516.0,1949.0,Mixed
2016-09-01 23:00:00,Rat_lodging_Ben,427.67,23.9,7.333333333333333,18.3,1015.8,4.1,23,4,9,245,32516.0,1949.0,Mixed
2016-09-02 00:00:00,Rat_lodging_Ben,412.4,24.4,6.666666666666667,17.8,1016.1,4.6,0,5,9,246,32516.0,1949.0,Mixed
2016-09-02 01:00:00,Rat_lodging_Ben,389.62,23.3,6.0,15.6,1016.1,6.7,1,5,9,246,32516.0,1949.0,Mixed
2016-09-02 02:00:00,Rat_lodging_Ben,379.99,21.7,2.0,15.0,1016.1,5.7,2,5,9,246,32516.0,1949.0,Mixed
2016-09-02 03:00:00,Rat_lodging_Ben,369.96,20.6,2.0,13.9,1016.7,4.6,3,5,9,246,32516.0,1949.0,Mixed
2016-09-02 04:00:00,Rat_lodging_Ben,361.66,20.6,2.0,13.9,1017.0,5.1,4,5,9,246,32516.0,1949.0,Mixed
2016-09-02 05:00:00,Rat_lodging_Ben,364.39,20.0,4.0,13.3,1017.8,6.2,5,5,9,246,32516.0,1949.0,Mixed
2016-09-02 06:00:00,Rat_lodging_Ben,382.37,19.4,5.0,13.3,1018.8,4.1,6,5,9,246,32516.0,1949.0,Mixed
2016-09-02 07:00:00,Rat_lodging_Ben,402.87,20.0,6.0,13.3,1019.2,5.7,7,5,9,246,32516.0,1949.0,Mixed
2016-09-02 08:00:00,Rat_lodging_Ben,439.87,21.7,6.0,13.3,1019.6,5.7,8,5,9,246,32516.0,1949.0,Mixed
2016-09-02 09:00:00,Rat_lodging_Ben,472.75,23.3,6.0,13.3,1019.3,4.6,9,5,9,246,32516.0,1949.0,Mixed
2016-09-02 10:00:00,Rat_lodging_Ben,495.46,25.0,6.0,13.3,1019.9,6.2,10,5,9,246,32516.0,1949.0,Mixed
2016-09-02 11:00:00,Rat_lodging_Ben,505.08,25.6,6.666666666666667,13.3,1019.8,3.6,11,5,9,246,32516.0,1949.0,Mixed
2016-09-02 12:00:00,Rat_lodging_Ben,506.95,26.7,7.333333333333333,12.8,1019.5,5.1,12,5,9,246,32516.0,1949.0,Mixed
2016-09-02 13:00:00,Rat_lodging_Ben,512.43,26.7,8.0,11.7,1019.4,4.1,13,5,9,246,32516.0,1949.0,Mixed
2016-09-02 14:00:00,Rat_lodging_Ben,506.15,26.7,8.0,13.3,1018.9,4.1,14,5,9,246,32516.0,1949.0,Mixed
2016-09-02 15:00:00,Rat_lodging_Ben,505.66,26.7,8.0,12.2,1018.4,4.1,15,5,9,246,32516.0,1949.0,Mixed
2016-09-02 16:00:00,Rat_lodging_Ben,498.09,26.7,8.0,12.8,1018.2,5.1,16,5,9,246,32516.0,1949.0,Mixed
2016-09-02 17:00:00,Rat_lodging_Ben,477.94,26.1,8.0,12.2,1018.4,5.7,17,5,9,246,32516.0,1949.0,Mixed
2016-09-02 18:00:00,Rat_lodging_Ben,460.96,25.6,8.0,13.3,1018.2,5.1,18,5,9,246,32516.0,1949.0,Mixed
2016-09-02 19:00:00,Rat_lodging_Ben,441.97,24.4,8.0,13.9,1018.2,3.6,19,5,9,246,32516.0,1949.0,Mixed
2016-09-02 20:00:00,Rat_lodging_Ben,437.9,23.9,8.0,14.4,1018.9,2.6,20,5,9,246,32516.0,1949.0,Mixed
2016-09-02 21:00:00,Rat_lodging_Ben,418.97,23.9,8.0,15.0,1018.7,3.1,21,5,9,246,32516.0,1949.0,Mixed
2016-09-02 22:00:00,Rat_lodging_Ben,401.95,23.9,8.0,14.4,1019.1,4.1,22,5,9,246,32516.0,1949.0,Mixed
2016-09-02 23:00:00,Rat_lodging_Ben,379.07,22.8,8.0,15.6,1019.1,4.1,23,5,9,246,32516.0,1949.0,Mixed
2016-09-03 00:00:00,Rat_lodging_Ben,376.1,22.2,8.0,16.1,1018.7,4.1,0,6,9,247,32516.0,1949.0,Mixed
2016-09-03 01:00:00,Rat_lodging_Ben,370.0,22.2,8.0,16.1,1018.4,4.6,1,6,9,247,32516.0,1949.0,Mixed
2016-09-03 02:00:00,Rat_lodging_Ben,368.79,22.2,8.0,16.1,1018.0,5.1,2,6,9,247,32516.0,1949.0,Mixed
2016-09-03 03:00:00,Rat_lodging_Ben,364.53,21.7,8.0,16.7,1017.5,6.7,3,6,9,247,32516.0,1949.0,Mixed
2016-09-03 04:00:00,Rat_lodging_Ben,356.5,21.7,8.0,16.1,1017.2,7.2,4,6,9,247,32516.0,1949.0,Mixed
2016-09-03 05:00:00,Rat_lodging_Ben,352.37,21.1,7.333333333333333,16.1,1016.9,5.1,5,6,9,247,32516.0,1949.0,Mixed
2016-09-03 06:00:00,Rat_lodging_Ben,376.09,21.1,6.666666666666667,15.6,1017.0,5.7,6,6,9,247,32516.0,1949.0,Mixed
2016-09-03 07:00:00,Rat_lodging_Ben,404.22,21.7,6.0,16.1,1017.2,7.2,7,6,9,247,32516.0,1949.0,Mixed
2016-09-03 08:00:00,Rat_lodging_Ben,441.38,22.2,6.666666666666667,16.7,1017.4,9.3,8,6,9,247,32516.0,1949.0,Mixed
2016-09-03 09:00:00,Rat_lodging_Ben,462.33,23.9,7.333333333333333,16.7,1018.3,10.3,9,6,9,247,32516.0,1949.0,Mixed
2016-09-03 10:00:00,Rat_lodging_Ben,474.64,24.4,8.0,17.2,1018.6,8.8,10,6,9,247,32516.0,1949.0,Mixed
2016-09-03 11:00:00,Rat_lodging_Ben,475.58,24.4,7.333333333333333,16.7,1018.6,9.8,11,6,9,247,32516.0,1949.0,Mixed
2016-09-03 12:00:00,Rat_lodging_Ben,475.69,25.6,6.666666666666667,15.6,1019.1,10.8,12,6,9,247,32516.0,1949.0,Mixed
2016-09-03 13:00:00,Rat_lodging_Ben,479.99,25.6,6.0,15.6,1019.2,10.3,13,6,9,247,32516.0,1949.0,Mixed
2016-09-03 14:00:00,Rat_lodging_Ben,480.11,26.1,6.0,15.0,1018.8,6.7,14,6,9,247,32516.0,1949.0,Mixed
2016-09-03 15:00:00,Rat_lodging_Ben,486.22,27.8,6.0,15.6,1018.4,8.8,15,6,9,247,32516.0,1949.0,Mixed
2016-09-03 16:00:00,Rat_lodging_Ben,474.76,26.7,6.0,13.3,1018.4,8.2,16,6,9,247,32516.0,1949.0,Mixed
2016-09-03 17:00:00,Rat_lodging_Ben,461.89,26.7,6.0,13.9,1019.4,6.2,17,6,9,247,32516.0,1949.0,Mixed
2016-09-03 18:00:00,Rat_lodging_Ben,443.05,25.6,6.0,14.4,1019.5,5.1,18,6,9,247,32516.0,1949.0,Mixed
2016-09-03 19:00:00,Rat_lodging_Ben,423.31,24.4,6.0,13.9,1020.0,4.6,19,6,9,247,32516.0,1949.0,Mixed
2016-09-03 20:00:00,Rat_lodging_Ben,413.55,23.9,6.666666666666667,14.4,1020.5,4.1,20,6,9,247,32516.0,1949.0,Mixed
2016-09-03 21:00:00,Rat_lodging_Ben,411.56,23.3,7.333333333333333,14.4,1020.7,4.1,21,6,9,247,32516.0,1949.0,Mixed
2016-09-03 22:00:00,Rat_lodging_Ben,391.23,23.3,8.0,14.4,1020.9,3.6,22,6,9,247,32516.0,1949.0,Mixed
2016-09-03 23:00:00,Rat_lodging_Ben,380.86,22.8,8.0,14.4,1020.9,4.1,23,6,9,247,32516.0,1949.0,Mixed
2016-09-04 00:00:00,Rat_lodging_Ben,370.1,22.2,8.0,14.4,1021.5,3.6,0,7,9,248,32516.0,1949.0,Mixed
2016-09-04 01:00:00,Rat_lodging_Ben,364.88,22.2,8.0,14.4,1021.8,3.6,1,7,9,248,32516.0,1949.0,Mixed
2016-09-04 02:00:00,Rat_lodging_Ben,361.52,21.7,8.0,13.9,1021.9,3.6,2,7,9,248,32516.0,1949.0,Mixed
2016-09-04 03:00:00,Rat_lodging_Ben,358.06,21.7,8.0,15.0,1021.9,2.6,3,7,9,248,32516.0,1949.0,Mixed
2016-09-04 04:00:00,Rat_lodging_Ben,352.91,21.7,8.0,15.0,1022.4,3.1,4,7,9,248,32516.0,1949.0,Mixed
2016-09-04 05:00:00,Rat_lodging_Ben,348.19,20.6,7.333333333333333,15.6,1022.8,2.1,5,7,9,248,32516.0,1949.0,Mixed
2016-09-04 06:00:00,Rat_lodging_Ben,363.5,20.6,6.666666666666667,15.0,1023.1,4.1,6,7,9,248,32516.0,1949.0,Mixed
2016-09-04 07:00:00,Rat_lodging_Ben,376.15,21.1,6.0,13.9,1023.6,5.1,7,7,9,248,32516.0,1949.0,Mixed
2016-09-04 08:00:00,Rat_lodging_Ben,423.91,22.2,6.0,13.3,1024.0,4.6,8,7,9,248,32516.0,1949.0,Mixed
2016-09-04 09:00:00,Rat_lodging_Ben,451.78,23.9,6.0,12.8,1024.0,5.7,9,7,9,248,32516.0,1949.0,Mixed
2016-09-04 10:00:00,Rat_lodging_Ben,458.69,24.4,6.0,13.3,1024.2,4.6,10,7,9,248,32516.0,1949.0,Mixed
2016-09-04 11:00:00,Rat_lodging_Ben,462.3,26.1,6.0,12.8,1024.0,6.2,11,7,9,248,32516.0,1949.0,Mixed
2016-09-04 12:00:00,Rat_lodging_Ben,467.6,25.6,6.0,13.3,1023.6,4.6,12,7,9,248,32516.0,1949.0,Mixed
2016-09-04 13:00:00,Rat_lodging_Ben,469.11,27.2,6.0,10.0,1023.3,5.7,13,7,9,248,32516.0,1949.0,Mixed
2016-09-04 14:00:00,Rat_lodging_Ben,471.42,27.8,5.0,11.1,1022.9,4.6,14,7,9,248,32516.0,1949.0,Mixed
2016-09-04 15:00:00,Rat_lodging_Ben,478.9,28.3,4.0,8.9,1022.8,5.1,15,7,9,248,32516.0,1949.0,Mixed
2016-09-04 16:00:00,Rat_lodging_Ben,476.0,27.8,4.0,11.7,1022.6,2.6,16,7,9,248,32516.0,1949.0,Mixed
2016-09-04 17:00:00,Rat_lodging_Ben,454.43,26.7,4.0,13.3,1022.4,4.6,17,7,9,248,32516.0,1949.0,Mixed
2016-09-04 18:00:00,Rat_lodging_Ben,431.89,25.0,4.0,13.9,1022.8,5.1,18,7,9,248,32516.0,1949.0,Mixed
2016-09-04 19:00:00,Rat_lodging_Ben,427.52,23.9,4.0,13.9,1023.1,2.1,19,7,9,248,32516.0,1949.0,Mixed
2016-09-04 20:00:00,Rat_lodging_Ben,413.02,23.3,2.0,13.3,1023.8,2.1,20,7,9,248,32516.0,1949.0,Mixed
2016-09-04 21:00:00,Rat_lodging_Ben,403.81,22.8,0.0,13.9,1023.9,2.6,21,7,9,248,32516.0,1949.0,Mixed
2016-09-04 22:00:00,Rat_lodging_Ben,388.34,22.8,0.0,14.4,1024.1,0.0,22,7,9,248,32516.0,1949.0,Mixed
2016-09-04 23:00:00,Rat_lodging_Ben,362.01,21.7,0.0,14.4,1024.0,0.0,23,7,9,248,32516.0,1949.0,Mixed
2016-09-05 00:00:00,Rat_lodging_Ben,351.76,20.6,0.0,14.4,1023.7,1.5,0,1,9,249,32516.0,1949.0,Mixed
2016-09-05 01:00:00,Rat_lodging_Ben,347.26,20.0,0.0,14.4,1023.5,0.0,1,1,9,249,32516.0,1949.0,Mixed
2016-09-05 02:00:00,Rat_lodging_Ben,343.72,19.4,0.0,15.0,1023.6,0.0,2,1,9,249,32516.0,1949.0,Mixed
2016-09-05 03:00:00,Rat_lodging_Ben,338.93,19.4,2.0,14.4,1023.4,0.0,3,1,9,249,32516.0,1949.0,Mixed
2016-09-05 04:00:00,Rat_lodging_Ben,331.97,18.3,4.0,13.9,1023.6,2.1,4,1,9,249,32516.0,1949.0,Mixed
2016-09-05 05:00:00,Rat_lodging_Ben,338.28,18.3,4.0,13.9,1023.7,2.1,5,1,9,249,32516.0,1949.0,Mixed
2016-09-05 06:00:00,Rat_lodging_Ben,366.28,18.3,2.0,13.9,1023.8,2.1,6,1,9,249,32516.0,1949.0,Mixed
2016-09-05 07:00:00,Rat_lodging_Ben,395.28,19.4,2.0,14.4,1024.0,3.6,7,1,9,249,32516.0,1949.0,Mixed
2016-09-05 08:00:00,Rat_lodging_Ben,443.24,22.2,2.0,15.6,1024.2,3.1,8,1,9,249,32516.0,1949.0,Mixed
2016-09-05 09:00:00,Rat_lodging_Ben,466.81,25.6,2.0,15.0,1024.3,3.1,9,1,9,249,32516.0,1949.0,Mixed
2016-09-05 10:00:00,Rat_lodging_Ben,481.66,27.2,4.0,13.3,1024.1,5.7,10,1,9,249,32516.0,1949.0,Mixed
2016-09-05 11:00:00,Rat_lodging_Ben,498.81,28.3,4.0,13.9,1023.5,4.1,11,1,9,249,32516.0,1949.0,Mixed
2016-09-05 12:00:00,Rat_lodging_Ben,509.3,28.9,4.0,13.9,1022.6,4.1,12,1,9,249,32516.0,1949.0,Mixed
2016-09-05 13:00:00,Rat_lodging_Ben,504.16,30.0,4.0,13.9,1021.8,4.1,13,1,9,249,32516.0,1949.0,Mixed
2016-09-05 14:00:00,Rat_lodging_Ben,493.66,30.0,4.666666666666667,13.9,1020.7,1.5,14,1,9,249,32516.0,1949.0,Mixed
2016-09-05 15:00:00,Rat_lodging_Ben,496.63,30.0,5.333333333333333,14.4,1019.8,2.1,15,1,9,249,32516.0,1949.0,Mixed
2016-09-05 16:00:00,Rat_lodging_Ben,499.63,30.6,6.0,15.0,1019.4,4.1,16,1,9,249,32516.0,1949.0,Mixed
2016-09-05 17:00:00,Rat_lodging_Ben,499.04,30.0,5.0,15.0,1019.0,3.6,17,1,9,249,32516.0,1949.0,Mixed
2016-09-05 18:00:00,Rat_lodging_Ben,475.6,28.9,4.0,14.4,1019.0,3.1,18,1,9,249,32516.0,1949.0,Mixed
2016-09-05 19:00:00,Rat_lodging_Ben,463.42,28.3,4.0,14.4,1018.6,2.6,19,1,9,249,32516.0,1949.0,Mixed
2016-09-05 20:00:00,Rat_lodging_Ben,452.05,26.1,4.0,15.0,1018.9,2.1,20,1,9,249,32516.0,1949.0,Mixed
2016-09-05 21:00:00,Rat_lodging_Ben,436.27,25.6,4.0,15.0,1018.9,2.1,21,1,9,249,32516.0,1949.0,Mixed
2016-09-05 22:00:00,Rat_lodging_Ben,418.8,25.6,4.0,15.0,1018.9,2.6,22,1,9,249,32516.0,1949.0,Mixed
2016-09-05 23:00:00,Rat_lodging_Ben,416.0,25.0,4.0,15.0,1018.8,2.1,23,1,9,249,32516.0,1949.0,Mixed
2016-09-06 00:00:00,Rat_lodging_Ben,405.79,23.9,4.0,17.8,1018.2,0.0,0,2,9,250,32516.0,1949.0,Mixed
2016-09-06 01:00:00,Rat_lodging_Ben,397.17,24.4,6.0,14.4,1018.0,3.6,1,2,9,250,32516.0,1949.0,Mixed
2016-09-06 02:00:00,Rat_lodging_Ben,392.8,23.3,4.0,15.0,1017.9,4.1,2,2,9,250,32516.0,1949.0,Mixed
2016-09-06 03:00:00,Rat_lodging_Ben,386.67,23.3,2.0,14.4,1017.9,5.1,3,2,9,250,32516.0,1949.0,Mixed
2016-09-06 04:00:00,Rat_lodging_Ben,384.61,22.2,2.0,15.0,1018.1,3.6,4,2,9,250,32516.0,1949.0,Mixed
2016-09-06 05:00:00,Rat_lodging_Ben,387.84,22.2,2.0,15.0,1018.5,5.1,5,2,9,250,32516.0,1949.0,Mixed
2016-09-06 06:00:00,Rat_lodging_Ben,414.21,21.7,2.0,15.0,1019.1,5.7,6,2,9,250,32516.0,1949.0,Mixed
2016-09-06 07:00:00,Rat_lodging_Ben,444.61,23.9,2.0,15.0,1019.4,5.7,7,2,9,250,32516.0,1949.0,Mixed
2016-09-06 08:00:00,Rat_lodging_Ben,482.18,25.6,2.0,15.6,1019.4,5.1,8,2,9,250,32516.0,1949.0,Mixed
2016-09-06 09:00:00,Rat_lodging_Ben,501.3,27.8,0.0,16.1,1019.4,5.1,9,2,9,250,32516.0,1949.0,Mixed
2016-09-06 10:00:00,Rat_lodging_Ben,517.94,28.9,0.0,16.1,1019.0,5.1,10,2,9,250,32516.0,1949.0,Mixed
2016-09-06 11:00:00,Rat_lodging_Ben,533.19,30.0,0.0,16.1,1018.7,5.1,11,2,9,250,32516.0,1949.0,Mixed
2016-09-06 12:00:00,Rat_lodging_Ben,538.63,31.1,2.0,15.6,1017.9,7.2,12,2,9,250,32516.0,1949.0,Mixed
2016-09-06 13:00:00,Rat_lodging_Ben,557.51,32.2,2.0,15.6,1017.3,7.2,13,2,9,250,32516.0,1949.0,Mixed
2016-09-06 14:00:00,Rat_lodging_Ben,563.98,33.9,2.0,15.6,1016.3,7.7,14,2,9,250,32516.0,1949.0,Mixed
2016-09-06 15:00:00,Rat_lodging_Ben,570.92,33.9,4.0,15.6,1016.1,9.8,15,2,9,250,32516.0,1949.0,Mixed
2016-09-06 16:00:00,Rat_lodging_Ben,574.77,33.9,4.0,15.0,1015.7,9.3,16,2,9,250,32516.0,1949.0,Mixed
2016-09-06 17:00:00,Rat_lodging_Ben,556.0,33.3,2.0,15.0,1015.6,7.7,17,2,9,250,32516.0,1949.0,Mixed
2016-09-06 18:00:00,Rat_lodging_Ben,537.65,31.7,2.0,15.6,1015.6,6.2,18,2,9,250,32516.0,1949.0,Mixed
2016-09-06 19:00:00,Rat_lodging_Ben,526.99,30.0,2.0,15.6,1015.9,4.1,19,2,9,250,32516.0,1949.0,Mixed
2016-09-06 20:00:00,Rat_lodging_Ben,502.71,29.4,0.0,15.6,1016.4,3.1,20,2,9,250,32516.0,1949.0,Mixed
2016-09-06 21:00:00,Rat_lodging_Ben,494.33,29.4,2.0,15.6,1016.5,3.1,21,2,9,250,32516.0,1949.0,Mixed
2016-09-06 22:00:00,Rat_lodging_Ben,465.53,27.8,4.0,17.8,1016.9,2.1,22,2,9,250,32516.0,1949.0,Mixed
2016-09-06 23:00:00,Rat_lodging_Ben,447.44,26.1,4.0,16.7,1016.8,2.1,23,2,9,250,32516.0,1949.0,Mixed
2016-09-07 00:00:00,Rat_lodging_Ben,431.83,25.6,5.0,18.9,1016.9,1.5,0,3,9,251,32516.0,1949.0,Mixed
2016-09-07 01:00:00,Rat_lodging_Ben,425.81,25.0,6.0,18.3,1016.5,0.0,1,3,9,251,32516.0,1949.0,Mixed
2016-09-07 02:00:00,Rat_lodging_Ben,417.96,24.4,4.0,18.9,1016.3,0.0,2,3,9,251,32516.0,1949.0,Mixed
2016-09-07 03:00:00,Rat_lodging_Ben,402.5,23.3,4.0,18.9,1016.4,0.0,3,3,9,251,32516.0,1949.0,Mixed
2016-09-07 04:00:00,Rat_lodging_Ben,404.96,23.3,6.0,18.9,1016.8,1.5,4,3,9,251,32516.0,1949.0,Mixed
2016-09-07 05:00:00,Rat_lodging_Ben,430.12,22.8,6.0,18.9,1016.8,0.0,5,3,9,251,32516.0,1949.0,Mixed
2016-09-07 06:00:00,Rat_lodging_Ben,457.93,24.4,6.0,18.9,1017.4,0.0,6,3,9,251,32516.0,1949.0,Mixed
2016-09-07 07:00:00,Rat_lodging_Ben,478.64,25.0,6.0,17.2,1017.7,2.1,7,3,9,251,32516.0,1949.0,Mixed
2016-09-07 08:00:00,Rat_lodging_Ben,494.87,27.2,4.0,16.7,1017.8,2.6,8,3,9,251,32516.0,1949.0,Mixed
2016-09-07 09:00:00,Rat_lodging_Ben,542.66,28.3,2.0,17.8,1017.9,3.1,9,3,9,251,32516.0,1949.0,Mixed
2016-09-07 10:00:00,Rat_lodging_Ben,570.92,29.4,2.0,17.2,1017.8,2.1,10,3,9,251,32516.0,1949.0,Mixed
2016-09-07 11:00:00,Rat_lodging_Ben,590.07,32.2,2.0,19.4,1017.7,4.1,11,3,9,251,32516.0,1949.0,Mixed
2016-09-07 12:00:00,Rat_lodging_Ben,616.25,32.8,2.0,20.0,1017.3,5.1,12,3,9,251,32516.0,1949.0,Mixed
2016-09-07 13:00:00,Rat_lodging_Ben,633.35,33.3,4.0,21.1,1016.7,3.6,13,3,9,251,32516.0,1949.0,Mixed
2016-09-07 14:00:00,Rat_lodging_Ben,650.02,34.4,4.666666666666667,21.7,1015.6,2.1,14,3,9,251,32516.0,1949.0,Mixed
2016-09-07 15:00:00,Rat_lodging_Ben,658.39,33.9,5.333333333333333,20.6,1014.9,5.7,15,3,9,251,32516.0,1949.0,Mixed
2016-09-07 16:00:00,Rat_lodging_Ben,637.08,33.9,6.0,21.1,1014.3,4.1,16,3,9,251,32516.0,1949.0,Mixed
2016-09-07 17:00:00,Rat_lodging_Ben,595.18,26.7,6.666666666666667,20.0,1014.75,1.5,17,3,9,251,32516.0,1949.0,Mixed
2016-09-07 18:00:00,Rat_lodging_Ben,550.99,26.1,7.333333333333333,21.1,1015.2,5.1,18,3,9,251,32516.0,1949.0,Mixed
2016-09-07 19:00:00,Rat_lodging_Ben,545.36,26.1,8.0,22.2,1015.9,2.1,19,3,9,251,32516.0,1949.0,Mixed
2016-09-07 20:00:00,Rat_lodging_Ben,541.1,25.0,7.333333333333333,23.3,1015.5,3.6,20,3,9,251,32516.0,1949.0,Mixed
2016-09-07 21:00:00,Rat_lodging_Ben,534.23,25.0,6.666666666666667,23.3,1015.4,4.1,21,3,9,251,32516.0,1949.0,Mixed
2016-09-07 22:00:00,Rat_lodging_Ben,514.71,25.0,6.0,22.2,1015.7,3.6,22,3,9,251,32516.0,1949.0,Mixed
2016-09-07 23:00:00,Rat_lodging_Ben,496.81,24.4,6.0,22.2,1015.3,2.6,23,3,9,251,32516.0,1949.0,Mixed
2016-09-08 00:00:00,Rat_lodging_Ben,482.18,25.0,6.0,22.2,1015.4,2.1,0,4,9,252,32516.0,1949.0,Mixed
2016-09-08 01:00:00,Rat_lodging_Ben,477.01,24.4,6.0,22.2,1015.0,2.6,1,4,9,252,32516.0,1949.0,Mixed
2016-09-08 02:00:00,Rat_lodging_Ben,473.67,24.4,6.666666666666667,22.8,1014.8,2.6,2,4,9,252,32516.0,1949.0,Mixed
2016-09-08 03:00:00,Rat_lodging_Ben,473.54,24.4,7.333333333333333,22.2,1014.4,2.1,3,4,9,252,32516.0,1949.0,Mixed
2016-09-08 04:00:00,Rat_lodging_Ben,476.87,24.4,8.0,22.2,1014.4,2.6,4,4,9,252,32516.0,1949.0,Mixed
2016-09-08 05:00:00,Rat_lodging_Ben,501.43,23.9,6.666666666666667,22.2,1014.3,2.6,5,4,9,252,32516.0,1949.0,Mixed
2016-09-08 06:00:00,Rat_lodging_Ben,528.34,23.9,5.333333333333334,22.2,1014.6,2.1,6,4,9,252,32516.0,1949.0,Mixed
2016-09-08 07:00:00,Rat_lodging_Ben,561.08,25.0,4.0,22.8,1015.0,0.0,7,4,9,252,32516.0,1949.0,Mixed
2016-09-08 08:00:00,Rat_lodging_Ben,578.28,26.1,4.0,23.3,1015.0,4.1,8,4,9,252,32516.0,1949.0,Mixed
2016-09-08 09:00:00,Rat_lodging_Ben,606.52,27.8,2.0,23.9,1015.1,4.1,9,4,9,252,32516.0,1949.0,Mixed
2016-09-08 10:00:00,Rat_lodging_Ben,602.08,33.3,2.0,21.1,1015.0,4.1,10,4,9,252,32516.0,1949.0,Mixed
2016-09-08 11:00:00,Rat_lodging_Ben,606.88,33.9,2.0,21.1,1014.8,6.2,11,4,9,252,32516.0,1949.0,Mixed
2016-09-08 12:00:00,Rat_lodging_Ben,617.6,34.4,4.0,21.1,1014.3,4.6,12,4,9,252,32516.0,1949.0,Mixed
2016-09-08 13:00:00,Rat_lodging_Ben,641.89,35.6,4.0,20.6,1013.8,3.1,13,4,9,252,32516.0,1949.0,Mixed
2016-09-08 14:00:00,Rat_lodging_Ben,637.56,35.6,4.666666666666667,20.6,1013.1,3.6,14,4,9,252,32516.0,1949.0,Mixed
2016-09-08 15:00:00,Rat_lodging_Ben,638.13,35.6,5.333333333333333,20.0,1012.4,5.7,15,4,9,252,32516.0,1949.0,Mixed
2016-09-08 16:00:00,Rat_lodging_Ben,634.55,35.6,6.0,21.1,1011.9,7.2,16,4,9,252,32516.0,1949.0,Mixed
2016-09-08 17:00:00,Rat_lodging_Ben,614.34,34.4,5.333333333333333,21.1,1011.7,6.7,17,4,9,252,32516.0,1949.0,Mixed
2016-09-08 18:00:00,Rat_lodging_Ben,597.7,32.8,4.666666666666667,21.7,1011.9,5.1,18,4,9,252,32516.0,1949.0,Mixed
2016-09-08 19:00:00,Rat_lodging_Ben,586.25,31.1,4.0,22.8,1012.1,3.6,19,4,9,252,32516.0,1949.0,Mixed
2016-09-08 20:00:00,Rat_lodging_Ben,568.17,29.4,2.0,24.4,1012.3,3.1,20,4,9,252,32516.0,1949.0,Mixed
2016-09-08 21:00:00,Rat_lodging_Ben,538.81,28.9,4.0,24.4,1012.5,3.6,21,4,9,252,32516.0,1949.0,Mixed
2016-09-08 22:00:00,Rat_lodging_Ben,518.95,28.3,6.0,24.4,1012.7,2.1,22,4,9,252,32516.0,1949.0,Mixed
2016-09-08 23:00:00,Rat_lodging_Ben,507.78,28.3,6.666666666666667,23.9,1012.7,2.6,23,4,9,252,32516.0,1949.0,Mixed
2016-09-09 00:00:00,Rat_lodging_Ben,504.72,27.8,7.333333333333333,24.4,1012.5,4.6,0,5,9,253,32516.0,1949.0,Mixed
2016-09-09 01:00:00,Rat_lodging_Ben,500.34,27.2,8.0,24.4,1012.8,3.1,1,5,9,253,32516.0,1949.0,Mixed
2016-09-09 02:00:00,Rat_lodging_Ben,496.55,27.2,7.333333333333333,24.4,1012.8,3.1,2,5,9,253,32516.0,1949.0,Mixed
2016-09-09 03:00:00,Rat_lodging_Ben,493.3,26.7,6.666666666666667,24.4,1012.8,3.1,3,5,9,253,32516.0,1949.0,Mixed
2016-09-09 04:00:00,Rat_lodging_Ben,490.81,26.7,6.0,23.9,1013.1,4.1,4,5,9,253,32516.0,1949.0,Mixed
2016-09-09 05:00:00,Rat_lodging_Ben,500.42,26.1,6.0,23.9,1013.5,2.6,5,5,9,253,32516.0,1949.0,Mixed
2016-09-09 06:00:00,Rat_lodging_Ben,532.6,26.1,6.0,23.9,1013.7,2.6,6,5,9,253,32516.0,1949.0,Mixed
2016-09-09 07:00:00,Rat_lodging_Ben,547.29,26.7,6.0,23.3,1014.0,1.5,7,5,9,253,32516.0,1949.0,Mixed
2016-09-09 08:00:00,Rat_lodging_Ben,566.13,27.2,6.0,23.3,1014.4,2.6,8,5,9,253,32516.0,1949.0,Mixed
2016-09-09 09:00:00,Rat_lodging_Ben,579.39,30.0,6.0,23.3,1014.5,3.6,9,5,9,253,32516.0,1949.0,Mixed
2016-09-09 10:00:00,Rat_lodging_Ben,590.48,33.9,6.0,18.3,1014.5,4.1,10,5,9,253,32516.0,1949.0,Mixed
2016-09-09 11:00:00,Rat_lodging_Ben,605.91,35.0,6.0,19.4,1014.4,4.1,11,5,9,253,32516.0,1949.0,Mixed
2016-09-09 12:00:00,Rat_lodging_Ben,616.97,33.9,6.0,19.4,1014.3,1.5,12,5,9,253,32516.0,1949.0,Mixed
2016-09-09 13:00:00,Rat_lodging_Ben,624.81,35.0,6.0,18.9,1014.1,3.6,13,5,9,253,32516.0,1949.0,Mixed
2016-09-09 14:00:00,Rat_lodging_Ben,616.39,33.9,6.0,20.0,1013.7,3.1,14,5,9,253,32516.0,1949.0,Mixed
2016-09-09 15:00:00,Rat_lodging_Ben,615.69,34.4,6.0,20.0,1013.4,5.1,15,5,9,253,32516.0,1949.0,Mixed
2016-09-09 16:00:00,Rat_lodging_Ben,603.26,33.3,6.0,22.2,1013.2,5.1,16,5,9,253,32516.0,1949.0,Mixed
2016-09-09 17:00:00,Rat_lodging_Ben,593.93,33.3,5.0,23.3,1013.4,4.1,17,5,9,253,32516.0,1949.0,Mixed
2016-09-09 18:00:00,Rat_lodging_Ben,575.14,31.1,4.0,24.4,1013.5,4.1,18,5,9,253,32516.0,1949.0,Mixed
2016-09-09 19:00:00,Rat_lodging_Ben,568.45,30.0,3.0,23.9,1014.0,2.6,19,5,9,253,32516.0,1949.0,Mixed
2016-09-09 20:00:00,Rat_lodging_Ben,556.59,30.0,2.0,23.3,1014.2,1.5,20,5,9,253,32516.0,1949.0,Mixed
2016-09-09 21:00:00,Rat_lodging_Ben,545.41,28.3,2.0,24.4,1014.8,3.1,21,5,9,253,32516.0,1949.0,Mixed
2016-09-09 22:00:00,Rat_lodging_Ben,524.89,28.3,2.0,24.4,1015.2,2.1,22,5,9,253,32516.0,1949.0,Mixed
2016-09-09 23:00:00,Rat_lodging_Ben,516.14,27.8,4.0,24.4,1015.2,3.6,23,5,9,253,32516.0,1949.0,Mixed
2016-09-10 00:00:00,Rat_lodging_Ben,513.91,28.3,2.0,23.3,1015.4,2.6,0,6,9,254,32516.0,1949.0,Mixed
2016-09-10 01:00:00,Rat_lodging_Ben,506.72,27.2,0.0,23.3,1015.2,2.6,1,6,9,254,32516.0,1949.0,Mixed
2016-09-10 02:00:00,Rat_lodging_Ben,498.12,26.7,2.0,23.9,1015.0,2.6,2,6,9,254,32516.0,1949.0,Mixed
2016-09-10 03:00:00,Rat_lodging_Ben,492.71,26.1,2.0,23.3,1014.8,2.1,3,6,9,254,32516.0,1949.0,Mixed
2016-09-10 04:00:00,Rat_lodging_Ben,484.62,25.6,0.0,22.2,1014.8,2.6,4,6,9,254,32516.0,1949.0,Mixed
2016-09-10 05:00:00,Rat_lodging_Ben,485.94,25.0,2.0,22.2,1015.4,2.6,5,6,9,254,32516.0,1949.0,Mixed
2016-09-10 06:00:00,Rat_lodging_Ben,508.02,25.0,4.0,22.2,1016.1,2.6,6,6,9,254,32516.0,1949.0,Mixed
2016-09-10 07:00:00,Rat_lodging_Ben,526.61,26.1,6.0,22.8,1016.3,1.5,7,6,9,254,32516.0,1949.0,Mixed
2016-09-10 08:00:00,Rat_lodging_Ben,543.6,27.2,6.0,22.8,1016.5,2.1,8,6,9,254,32516.0,1949.0,Mixed
2016-09-10 09:00:00,Rat_lodging_Ben,571.31,28.3,6.0,23.3,1016.7,3.6,9,6,9,254,32516.0,1949.0,Mixed
2016-09-10 10:00:00,Rat_lodging_Ben,592.45,31.1,6.0,23.3,1016.5,3.6,10,6,9,254,32516.0,1949.0,Mixed
2016-09-10 11:00:00,Rat_lodging_Ben,618.07,32.8,4.0,23.3,1016.2,4.6,11,6,9,254,32516.0,1949.0,Mixed
2016-09-10 12:00:00,Rat_lodging_Ben,600.93,32.8,5.0,24.4,1015.7,6.2,12,6,9,254,32516.0,1949.0,Mixed
2016-09-10 13:00:00,Rat_lodging_Ben,595.96,33.9,6.0,24.4,1015.1,5.1,13,6,9,254,32516.0,1949.0,Mixed
2016-09-10 14:00:00,Rat_lodging_Ben,593.55,34.4,5.0,23.3,1014.3,6.7,14,6,9,254,32516.0,1949.0,Mixed
2016-09-10 15:00:00,Rat_lodging_Ben,588.99,34.4,4.0,23.3,1014.0,6.2,15,6,9,254,32516.0,1949.0,Mixed
2016-09-10 16:00:00,Rat_lodging_Ben,569.25,33.9,4.0,23.3,1013.6,7.2,16,6,9,254,32516.0,1949.0,Mixed
2016-09-10 17:00:00,Rat_lodging_Ben,567.34,32.2,4.0,25.0,1013.1,7.2,17,6,9,254,32516.0,1949.0,Mixed
2016-09-10 18:00:00,Rat_lodging_Ben,559.84,30.6,4.0,23.9,1012.5,6.2,18,6,9,254,32516.0,1949.0,Mixed
2016-09-10 19:00:00,Rat_lodging_Ben,551.25,29.4,4.0,25.0,1013.1,6.7,19,6,9,254,32516.0,1949.0,Mixed
2016-09-10 20:00:00,Rat_lodging_Ben,545.42,28.9,4.666666666666667,25.0,1013.9,6.2,20,6,9,254,32516.0,1949.0,Mixed
2016-09-10 21:00:00,Rat_lodging_Ben,536.05,28.3,5.333333333333333,23.9,1014.6,5.1,21,6,9,254,32516.0,1949.0,Mixed
2016-09-10 22:00:00,Rat_lodging_Ben,524.48,27.8,6.0,23.9,1014.5,5.7,22,6,9,254,32516.0,1949.0,Mixed
2016-09-10 23:00:00,Rat_lodging_Ben,511.59,27.2,6.0,24.4,1013.4,6.7,23,6,9,254,32516.0,1949.0,Mixed
2016-09-11 00:00:00,Rat_lodging_Ben,506.6,27.2,6.0,23.9,1013.2,5.7,0,7,9,255,32516.0,1949.0,Mixed
2016-09-11 01:00:00,Rat_lodging_Ben,502.93,27.2,6.0,23.3,1012.7,5.7,1,7,9,255,32516.0,1949.0,Mixed
2016-09-11 02:00:00,Rat_lodging_Ben,497.93,27.2,6.0,23.3,1012.4,5.1,2,7,9,255,32516.0,1949.0,Mixed
2016-09-11 03:00:00,Rat_lodging_Ben,491.82,27.2,6.0,23.3,1012.3,5.1,3,7,9,255,32516.0,1949.0,Mixed
2016-09-11 04:00:00,Rat_lodging_Ben,492.49,26.7,6.0,23.3,1012.6,3.6,4,7,9,255,32516.0,1949.0,Mixed
2016-09-11 05:00:00,Rat_lodging_Ben,492.04,26.1,6.0,22.8,1013.7,2.1,5,7,9,255,32516.0,1949.0,Mixed
2016-09-11 06:00:00,Rat_lodging_Ben,501.29,26.1,6.0,22.8,1014.5,3.6,6,7,9,255,32516.0,1949.0,Mixed
2016-09-11 07:00:00,Rat_lodging_Ben,508.06,27.2,6.0,18.3,1015.7,6.2,7,7,9,255,32516.0,1949.0,Mixed
2016-09-11 08:00:00,Rat_lodging_Ben,521.71,26.7,6.0,18.3,1016.6,6.2,8,7,9,255,32516.0,1949.0,Mixed
2016-09-11 09:00:00,Rat_lodging_Ben,522.41,28.3,6.0,16.1,1017.5,7.2,9,7,9,255,32516.0,1949.0,Mixed
2016-09-11 10:00:00,Rat_lodging_Ben,517.89,26.7,6.0,15.0,1018.6,8.2,10,7,9,255,32516.0,1949.0,Mixed
2016-09-11 11:00:00,Rat_lodging_Ben,521.61,28.9,6.0,13.9,1018.7,8.8,11,7,9,255,32516.0,1949.0,Mixed
2016-09-11 12:00:00,Rat_lodging_Ben,520.83,29.4,6.0,12.8,1018.5,8.2,12,7,9,255,32516.0,1949.0,Mixed
2016-09-11 13:00:00,Rat_lodging_Ben,527.63,30.0,6.0,13.9,1018.4,5.7,13,7,9,255,32516.0,1949.0,Mixed
2016-09-11 14:00:00,Rat_lodging_Ben,527.05,29.4,6.0,12.2,1018.1,5.1,14,7,9,255,32516.0,1949.0,Mixed
2016-09-11 15:00:00,Rat_lodging_Ben,525.15,29.4,6.0,12.2,1018.2,4.1,15,7,9,255,32516.0,1949.0,Mixed
2016-09-11 16:00:00,Rat_lodging_Ben,508.07,28.9,6.0,11.7,1018.3,5.7,16,7,9,255,32516.0,1949.0,Mixed
2016-09-11 17:00:00,Rat_lodging_Ben,495.22,28.9,6.0,12.2,1018.4,5.1,17,7,9,255,32516.0,1949.0,Mixed
2016-09-11 18:00:00,Rat_lodging_Ben,488.93,27.2,6.0,11.7,1018.9,5.1,18,7,9,255,32516.0,1949.0,Mixed
2016-09-11 19:00:00,Rat_lodging_Ben,469.65,25.6,6.0,11.7,1019.1,2.6,19,7,9,255,32516.0,1949.0,Mixed
2016-09-11 20:00:00,Rat_lodging_Ben,460.38,25.6,6.0,12.2,1019.8,2.6,20,7,9,255,32516.0,1949.0,Mixed
2016-09-11 21:00:00,Rat_lodging_Ben,458.61,24.4,6.0,13.3,1020.2,2.6,21,7,9,255,32516.0,1949.0,Mixed
2016-09-11 22:00:00,Rat_lodging_Ben,435.99,23.3,6.0,15.0,1020.6,2.1,22,7,9,255,32516.0,1949.0,Mixed
2016-09-11 23:00:00,Rat_lodging_Ben,418.58,23.3,5.0,15.6,1021.0,3.1,23,7,9,255,32516.0,1949.0,Mixed
2016-09-12 00:00:00,Rat_lodging_Ben,396.47,21.1,4.0,16.1,1021.0,3.1,0,1,9,256,32516.0,1949.0,Mixed
2016-09-12 01:00:00,Rat_lodging_Ben,374.4,21.1,4.0,14.4,1021.1,3.6,1,1,9,256,32516.0,1949.0,Mixed
2016-09-12 02:00:00,Rat_lodging_Ben,358.51,21.7,4.0,12.8,1021.4,4.1,2,1,9,256,32516.0,1949.0,Mixed
2016-09-12 03:00:00,Rat_lodging_Ben,352.37,21.1,4.0,12.8,1021.7,4.1,3,1,9,256,32516.0,1949.0,Mixed
2016-09-12 04:00:00,Rat_lodging_Ben,350.05,20.0,4.0,12.8,1022.1,4.1,4,1,9,256,32516.0,1949.0,Mixed
2016-09-12 05:00:00,Rat_lodging_Ben,350.67,20.0,2.0,12.8,1022.7,3.6,5,1,9,256,32516.0,1949.0,Mixed
2016-09-12 06:00:00,Rat_lodging_Ben,373.7,19.4,2.0,12.2,1023.2,4.6,6,1,9,256,32516.0,1949.0,Mixed
2016-09-12 07:00:00,Rat_lodging_Ben,397.01,20.0,2.0,12.2,1023.7,4.1,7,1,9,256,32516.0,1949.0,Mixed
2016-09-12 08:00:00,Rat_lodging_Ben,381.16,21.7,2.0,11.7,1023.9,4.1,8,1,9,256,32516.0,1949.0,Mixed
2016-09-12 09:00:00,Rat_lodging_Ben,394.31,23.3,2.0,11.1,1024.4,4.1,9,1,9,256,32516.0,1949.0,Mixed
2016-09-12 10:00:00,Rat_lodging_Ben,409.32,25.0,2.0,12.2,1024.4,4.1,10,1,9,256,32516.0,1949.0,Mixed
2016-09-12 11:00:00,Rat_lodging_Ben,436.04,26.1,2.0,11.7,1024.1,3.1,11,1,9,256,32516.0,1949.0,Mixed
2016-09-12 12:00:00,Rat_lodging_Ben,436.41,27.2,2.0,12.2,1023.7,3.1,12,1,9,256,32516.0,1949.0,Mixed
2016-09-12 13:00:00,Rat_lodging_Ben,429.12,28.9,4.0,12.8,1023.1,2.6,13,1,9,256,32516.0,1949.0,Mixed
2016-09-12 14:00:00,Rat_lodging_Ben,431.07,29.4,4.0,12.2,1022.4,3.1,14,1,9,256,32516.0,1949.0,Mixed
2016-09-12 15:00:00,Rat_lodging_Ben,440.97,27.8,4.0,12.8,1022.0,2.6,15,1,9,256,32516.0,1949.0,Mixed
2016-09-12 16:00:00,Rat_lodging_Ben,439.46,28.3,4.0,12.8,1021.7,2.1,16,1,9,256,32516.0,1949.0,Mixed
2016-09-12 17:00:00,Rat_lodging_Ben,420.48,27.8,4.0,12.8,1021.6,2.6,17,1,9,256,32516.0,1949.0,Mixed
2016-09-12 18:00:00,Rat_lodging_Ben,398.59,26.7,4.0,13.9,1021.6,4.1,18,1,9,256,32516.0,1949.0,Mixed
2016-09-12 19:00:00,Rat_lodging_Ben,380.66,25.0,2.0,13.9,1021.7,3.6,19,1,9,256,32516.0,1949.0,Mixed
2016-09-12 20:00:00,Rat_lodging_Ben,372.46,24.4,2.0,15.0,1022.1,4.1,20,1,9,256,32516.0,1949.0,Mixed
2016-09-12 21:00:00,Rat_lodging_Ben,345.58,23.3,2.0,15.6,1022.3,3.6,21,1,9,256,32516.0,1949.0,Mixed
2016-09-12 22:00:00,Rat_lodging_Ben,332.27,22.8,2.0,15.6,1022.9,1.5,22,1,9,256,32516.0,1949.0,Mixed
2016-09-12 23:00:00,Rat_lodging_Ben,330.32,22.2,2.0,17.2,1022.8,4.1,23,1,9,256,32516.0,1949.0,Mixed
2016-09-13 00:00:00,Rat_lodging_Ben,328.06,22.2,4.0,17.8,1022.9,4.1,0,2,9,257,32516.0,1949.0,Mixed
2016-09-13 01:00:00,Rat_lodging_Ben,322.6,21.7,6.0,18.3,1022.7,3.1,1,2,9,257,32516.0,1949.0,Mixed
2016-09-13 02:00:00,Rat_lodging_Ben,318.61,21.7,6.0,18.9,1022.8,3.1,2,2,9,257,32516.0,1949.0,Mixed
2016-09-13 03:00:00,Rat_lodging_Ben,320.11,21.7,6.0,18.9,1022.7,4.1,3,2,9,257,32516.0,1949.0,Mixed
2016-09-13 04:00:00,Rat_lodging_Ben,374.54,21.1,6.0,18.9,1022.9,2.1,4,2,9,257,32516.0,1949.0,Mixed
2016-09-13 05:00:00,Rat_lodging_Ben,392.78,21.1,5.333333333333333,18.9,1023.2,1.5,5,2,9,257,32516.0,1949.0,Mixed
2016-09-13 06:00:00,Rat_lodging_Ben,432.1,21.1,4.666666666666667,19.4,1023.5,2.6,6,2,9,257,32516.0,1949.0,Mixed
2016-09-13 07:00:00,Rat_lodging_Ben,449.1,21.7,4.0,20.0,1023.7,3.6,7,2,9,257,32516.0,1949.0,Mixed
2016-09-13 08:00:00,Rat_lodging_Ben,463.34,23.9,4.0,18.9,1023.5,5.1,8,2,9,257,32516.0,1949.0,Mixed
2016-09-13 09:00:00,Rat_lodging_Ben,476.78,25.0,4.0,19.4,1023.5,5.7,9,2,9,257,32516.0,1949.0,Mixed
2016-09-13 10:00:00,Rat_lodging_Ben,482.21,26.7,2.0,18.3,1023.3,4.6,10,2,9,257,32516.0,1949.0,Mixed
2016-09-13 11:00:00,Rat_lodging_Ben,489.27,28.9,2.0,16.7,1022.7,6.7,11,2,9,257,32516.0,1949.0,Mixed
2016-09-13 12:00:00,Rat_lodging_Ben,498.09,30.0,2.0,18.3,1021.8,4.1,12,2,9,257,32516.0,1949.0,Mixed
2016-09-13 13:00:00,Rat_lodging_Ben,517.63,31.1,2.0,17.8,1021.0,5.7,13,2,9,257,32516.0,1949.0,Mixed
2016-09-13 14:00:00,Rat_lodging_Ben,522.62,31.1,2.0,17.2,1020.1,6.2,14,2,9,257,32516.0,1949.0,Mixed
2016-09-13 15:00:00,Rat_lodging_Ben,525.44,31.1,2.0,17.8,1019.3,4.6,15,2,9,257,32516.0,1949.0,Mixed
2016-09-13 16:00:00,Rat_lodging_Ben,528.54,30.6,2.0,18.9,1018.8,5.1,16,2,9,257,32516.0,1949.0,Mixed
2016-09-13 17:00:00,Rat_lodging_Ben,509.23,30.0,2.0,19.4,1018.7,6.2,17,2,9,257,32516.0,1949.0,Mixed
2016-09-13 18:00:00,Rat_lodging_Ben,495.92,28.9,0.0,20.6,1018.8,5.1,18,2,9,257,32516.0,1949.0,Mixed
2016-09-13 19:00:00,Rat_lodging_Ben,478.5,27.8,0.0,20.0,1019.2,5.7,19,2,9,257,32516.0,1949.0,Mixed
2016-09-13 20:00:00,Rat_lodging_Ben,460.37,25.6,0.0,18.9,1020.0,4.1,20,2,9,257,32516.0,1949.0,Mixed
2016-09-13 21:00:00,Rat_lodging_Ben,431.88,25.0,0.0,18.9,1020.1,5.7,21,2,9,257,32516.0,1949.0,Mixed
2016-09-13 22:00:00,Rat_lodging_Ben,402.74,24.4,6.0,18.9,1020.3,4.6,22,2,9,257,32516.0,1949.0,Mixed
2016-09-13 23:00:00,Rat_lodging_Ben,386.66,23.9,5.0,18.3,1020.1,5.1,23,2,9,257,32516.0,1949.0,Mixed
2016-09-14 00:00:00,Rat_lodging_Ben,362.29,23.3,4.0,18.3,1019.7,4.6,0,3,9,258,32516.0,1949.0,Mixed
2016-09-14 01:00:00,Rat_lodging_Ben,351.06,22.8,2.0,18.3,1019.4,4.1,1,3,9,258,32516.0,1949.0,Mixed
2016-09-14 02:00:00,Rat_lodging_Ben,355.06,22.2,2.0,18.3,1019.0,3.1,2,3,9,258,32516.0,1949.0,Mixed
2016-09-14 03:00:00,Rat_lodging_Ben,349.54,22.2,2.0,18.3,1018.9,3.6,3,3,9,258,32516.0,1949.0,Mixed
2016-09-14 04:00:00,Rat_lodging_Ben,351.15,21.1,2.0,18.9,1019.0,3.1,4,3,9,258,32516.0,1949.0,Mixed
2016-09-14 05:00:00,Rat_lodging_Ben,373.05,21.1,2.0,18.9,1019.3,2.1,5,3,9,258,32516.0,1949.0,Mixed
2016-09-14 06:00:00,Rat_lodging_Ben,401.45,21.1,2.0,18.9,1019.8,2.1,6,3,9,258,32516.0,1949.0,Mixed
2016-09-14 07:00:00,Rat_lodging_Ben,422.6,22.2,2.0,19.4,1020.0,2.1,7,3,9,258,32516.0,1949.0,Mixed
2016-09-14 08:00:00,Rat_lodging_Ben,465.15,25.0,4.0,19.4,1020.0,2.1,8,3,9,258,32516.0,1949.0,Mixed
2016-09-14 09:00:00,Rat_lodging_Ben,477.7,25.6,4.0,20.0,1020.0,1.5,9,3,9,258,32516.0,1949.0,Mixed
2016-09-14 10:00:00,Rat_lodging_Ben,499.53,27.8,4.0,20.0,1020.0,1.5,10,3,9,258,32516.0,1949.0,Mixed
2016-09-14 11:00:00,Rat_lodging_Ben,508.24,31.7,2.0,17.8,1019.4,5.1,11,3,9,258,32516.0,1949.0,Mixed
2016-09-14 12:00:00,Rat_lodging_Ben,506.28,33.3,2.0,13.9,1019.0,4.6,12,3,9,258,32516.0,1949.0,Mixed
2016-09-14 13:00:00,Rat_lodging_Ben,513.67,33.3,2.0,15.6,1018.3,1.5,13,3,9,258,32516.0,1949.0,Mixed
2016-09-14 14:00:00,Rat_lodging_Ben,518.35,34.4,2.0,11.7,1017.4,2.6,14,3,9,258,32516.0,1949.0,Mixed
2016-09-14 15:00:00,Rat_lodging_Ben,524.87,35.0,2.0,10.0,1016.9,4.6,15,3,9,258,32516.0,1949.0,Mixed
2016-09-14 16:00:00,Rat_lodging_Ben,514.05,34.4,2.0,10.0,1016.8,3.6,16,3,9,258,32516.0,1949.0,Mixed
2016-09-14 17:00:00,Rat_lodging_Ben,500.36,33.3,4.0,11.7,1016.9,3.6,17,3,9,258,32516.0,1949.0,Mixed
2016-09-14 18:00:00,Rat_lodging_Ben,479.48,31.7,4.0,11.1,1016.9,2.1,18,3,9,258,32516.0,1949.0,Mixed
2016-09-14 19:00:00,Rat_lodging_Ben,475.31,29.4,2.0,17.2,1017.0,2.1,19,3,9,258,32516.0,1949.0,Mixed
2016-09-14 20:00:00,Rat_lodging_Ben,460.51,27.2,2.0,18.3,1017.6,0.0,20,3,9,258,32516.0,1949.0,Mixed
2016-09-14 21:00:00,Rat_lodging_Ben,447.02,27.2,2.0,15.6,1017.9,0.0,21,3,9,258,32516.0,1949.0,Mixed
2016-09-14 22:00:00,Rat_lodging_Ben,420.53,26.1,2.0,16.7,1018.5,5.1,22,3,9,258,32516.0,1949.0,Mixed
2016-09-14 23:00:00,Rat_lodging_Ben,402.07,26.1,0.0,18.3,1019.8,6.7,23,3,9,258,32516.0,1949.0,Mixed
2016-09-15 00:00:00,Rat_lodging_Ben,393.13,25.0,0.0,18.3,1020.1,5.1,0,4,9,259,32516.0,1949.0,Mixed
2016-09-15 01:00:00,Rat_lodging_Ben,385.08,24.4,0.0,18.3,1020.4,6.7,1,4,9,259,32516.0,1949.0,Mixed
2016-09-15 02:00:00,Rat_lodging_Ben,366.71,23.9,4.0,18.3,1020.9,5.7,2,4,9,259,32516.0,1949.0,Mixed
2016-09-15 03:00:00,Rat_lodging_Ben,354.17,23.3,2.0,16.7,1021.1,7.7,3,4,9,259,32516.0,1949.0,Mixed
2016-09-15 04:00:00,Rat_lodging_Ben,349.42,22.8,4.0,15.0,1021.5,6.7,4,4,9,259,32516.0,1949.0,Mixed
2016-09-15 05:00:00,Rat_lodging_Ben,355.24,22.2,4.666666666666667,13.3,1021.9,5.7,5,4,9,259,32516.0,1949.0,Mixed
2016-09-15 06:00:00,Rat_lodging_Ben,387.26,21.7,5.333333333333333,12.8,1022.6,7.2,6,4,9,259,32516.0,1949.0,Mixed
2016-09-15 07:00:00,Rat_lodging_Ben,399.6,21.7,6.0,13.3,1023.2,6.2,7,4,9,259,32516.0,1949.0,Mixed
2016-09-15 08:00:00,Rat_lodging_Ben,422.47,21.7,6.666666666666667,13.3,1023.6,5.1,8,4,9,259,32516.0,1949.0,Mixed
2016-09-15 09:00:00,Rat_lodging_Ben,423.87,22.8,7.333333333333333,13.9,1023.9,5.1,9,4,9,259,32516.0,1949.0,Mixed
2016-09-15 10:00:00,Rat_lodging_Ben,421.28,23.3,8.0,13.9,1024.3,5.1,10,4,9,259,32516.0,1949.0,Mixed
2016-09-15 11:00:00,Rat_lodging_Ben,438.32,23.3,8.0,15.0,1024.4,3.6,11,4,9,259,32516.0,1949.0,Mixed
2016-09-15 12:00:00,Rat_lodging_Ben,445.41,23.3,8.0,15.0,1024.1,3.6,12,4,9,259,32516.0,1949.0,Mixed
2016-09-15 13:00:00,Rat_lodging_Ben,445.41,23.9,8.0,14.4,1023.9,2.6,13,4,9,259,32516.0,1949.0,Mixed
2016-09-15 14:00:00,Rat_lodging_Ben,444.58,23.9,8.0,14.4,1023.1,1.5,14,4,9,259,32516.0,1949.0,Mixed
2016-09-15 15:00:00,Rat_lodging_Ben,439.56,24.4,8.0,15.0,1022.7,3.1,15,4,9,259,32516.0,1949.0,Mixed
2016-09-15 16:00:00,Rat_lodging_Ben,424.94,23.9,8.0,15.0,1022.5,2.6,16,4,9,259,32516.0,1949.0,Mixed
2016-09-15 17:00:00,Rat_lodging_Ben,405.95,23.3,7.333333333333333,15.0,1022.5,3.6,17,4,9,259,32516.0,1949.0,Mixed
2016-09-15 18:00:00,Rat_lodging_Ben,394.96,22.8,6.666666666666667,15.0,1022.7,3.6,18,4,9,259,32516.0,1949.0,Mixed
2016-09-15 19:00:00,Rat_lodging_Ben,381.18,22.2,6.0,14.4,1023.1,0.0,19,4,9,259,32516.0,1949.0,Mixed
2016-09-15 20:00:00,Rat_lodging_Ben,381.18,22.8,5.0,15.0,1023.4,2.6,20,4,9,259,32516.0,1949.0,Mixed
2016-09-15 21:00:00,Rat_lodging_Ben,365.24,22.2,4.0,15.0,1023.9,2.6,21,4,9,259,32516.0,1949.0,Mixed
2016-09-15 22:00:00,Rat_lodging_Ben,345.73,21.1,6.0,16.1,1024.4,4.1,22,4,9,259,32516.0,1949.0,Mixed
2016-09-15 23:00:00,Rat_lodging_Ben,329.01,20.6,4.0,16.1,1024.7,5.1,23,4,9,259,32516.0,1949.0,Mixed
2016-09-16 00:00:00,Rat_lodging_Ben,320.25,19.4,4.0,15.6,1024.7,1.5,0,5,9,260,32516.0,1949.0,Mixed
2016-09-16 01:00:00,Rat_lodging_Ben,311.14,19.4,6.0,15.6,1024.4,2.1,1,5,9,260,32516.0,1949.0,Mixed
2016-09-16 02:00:00,Rat_lodging_Ben,310.16,19.4,6.0,15.6,1024.5,1.5,2,5,9,260,32516.0,1949.0,Mixed
2016-09-16 03:00:00,Rat_lodging_Ben,305.16,19.4,6.0,15.6,1024.2,1.5,3,5,9,260,32516.0,1949.0,Mixed
2016-09-16 04:00:00,Rat_lodging_Ben,301.78,19.4,6.0,14.4,1024.4,3.1,4,5,9,260,32516.0,1949.0,Mixed
2016-09-16 05:00:00,Rat_lodging_Ben,317.23,19.4,6.0,14.4,1024.6,3.1,5,5,9,260,32516.0,1949.0,Mixed
2016-09-16 06:00:00,Rat_lodging_Ben,334.72,19.4,6.0,15.0,1024.8,2.6,6,5,9,260,32516.0,1949.0,Mixed
2016-09-16 07:00:00,Rat_lodging_Ben,351.05,19.4,6.0,15.0,1025.6,2.6,7,5,9,260,32516.0,1949.0,Mixed
2016-09-16 08:00:00,Rat_lodging_Ben,381.99,20.0,5.333333333333333,15.0,1025.7,2.6,8,5,9,260,32516.0,1949.0,Mixed
2016-09-16 09:00:00,Rat_lodging_Ben,408.59,20.6,4.666666666666667,15.0,1025.9,3.6,9,5,9,260,32516.0,1949.0,Mixed
2016-09-16 10:00:00,Rat_lodging_Ben,427.04,22.2,4.0,14.4,1025.8,2.1,10,5,9,260,32516.0,1949.0,Mixed
2016-09-16 11:00:00,Rat_lodging_Ben,444.36,23.9,4.0,14.4,1025.8,2.1,11,5,9,260,32516.0,1949.0,Mixed
2016-09-16 12:00:00,Rat_lodging_Ben,426.34,24.4,6.0,13.3,1025.5,5.7,12,5,9,260,32516.0,1949.0,Mixed
2016-09-16 13:00:00,Rat_lodging_Ben,423.78,24.4,8.0,12.8,1024.7,3.1,13,5,9,260,32516.0,1949.0,Mixed
2016-09-16 14:00:00,Rat_lodging_Ben,423.88,25.0,6.0,12.2,1024.2,3.1,14,5,9,260,32516.0,1949.0,Mixed
2016-09-16 15:00:00,Rat_lodging_Ben,435.33,26.1,4.0,11.7,1023.4,4.1,15,5,9,260,32516.0,1949.0,Mixed
2016-09-16 16:00:00,Rat_lodging_Ben,426.17,25.6,6.0,12.8,1023.1,3.6,16,5,9,260,32516.0,1949.0,Mixed
2016-09-16 17:00:00,Rat_lodging_Ben,395.81,24.4,6.666666666666667,14.4,1023.3,3.6,17,5,9,260,32516.0,1949.0,Mixed
2016-09-16 18:00:00,Rat_lodging_Ben,373.96,23.3,7.333333333333333,14.4,1023.5,3.1,18,5,9,260,32516.0,1949.0,Mixed
2016-09-16 19:00:00,Rat_lodging_Ben,375.34,23.3,8.0,15.0,1023.4,3.1,19,5,9,260,32516.0,1949.0,Mixed
2016-09-16 20:00:00,Rat_lodging_Ben,372.74,23.3,8.0,15.0,1023.9,2.6,20,5,9,260,32516.0,1949.0,Mixed
2016-09-16 21:00:00,Rat_lodging_Ben,360.87,23.3,8.0,15.6,1024.0,2.6,21,5,9,260,32516.0,1949.0,Mixed
2016-09-16 22:00:00,Rat_lodging_Ben,342.1,22.2,8.0,16.7,1024.3,4.1,22,5,9,260,32516.0,1949.0,Mixed
2016-09-16 23:00:00,Rat_lodging_Ben,330.46,21.7,8.0,16.7,1024.5,4.1,23,5,9,260,32516.0,1949.0,Mixed
2016-09-17 00:00:00,Rat_lodging_Ben,324.53,21.1,8.0,16.7,1024.0,3.6,0,6,9,261,32516.0,1949.0,Mixed
2016-09-17 01:00:00,Rat_lodging_Ben,320.01,21.1,8.0,16.7,1023.9,2.6,1,6,9,261,32516.0,1949.0,Mixed
2016-09-17 02:00:00,Rat_lodging_Ben,316.72,20.6,8.0,16.1,1023.9,3.6,2,6,9,261,32516.0,1949.0,Mixed
2016-09-17 03:00:00,Rat_lodging_Ben,319.13,20.6,8.0,16.7,1023.4,3.1,3,6,9,261,32516.0,1949.0,Mixed
2016-09-17 04:00:00,Rat_lodging_Ben,316.94,20.6,8.0,16.7,1023.2,4.6,4,6,9,261,32516.0,1949.0,Mixed
2016-09-17 05:00:00,Rat_lodging_Ben,313.84,20.6,8.0,16.7,1023.2,3.6,5,6,9,261,32516.0,1949.0,Mixed
2016-09-17 06:00:00,Rat_lodging_Ben,346.46,20.6,8.0,17.2,1023.6,1.5,6,6,9,261,32516.0,1949.0,Mixed
2016-09-17 07:00:00,Rat_lodging_Ben,353.27,20.6,8.0,17.2,1023.7,3.1,7,6,9,261,32516.0,1949.0,Mixed
2016-09-17 08:00:00,Rat_lodging_Ben,391.79,21.1,8.0,17.8,1023.7,2.6,8,6,9,261,32516.0,1949.0,Mixed
2016-09-17 09:00:00,Rat_lodging_Ben,404.48,22.2,8.0,17.8,1023.7,3.6,9,6,9,261,32516.0,1949.0,Mixed
2016-09-17 10:00:00,Rat_lodging_Ben,416.2,23.3,8.0,18.3,1023.5,3.6,10,6,9,261,32516.0,1949.0,Mixed
2016-09-17 11:00:00,Rat_lodging_Ben,428.47,25.6,8.0,17.8,1022.9,4.1,11,6,9,261,32516.0,1949.0,Mixed
2016-09-17 12:00:00,Rat_lodging_Ben,436.5,26.1,8.0,18.9,1022.2,4.6,12,6,9,261,32516.0,1949.0,Mixed
2016-09-17 13:00:00,Rat_lodging_Ben,435.79,27.8,8.0,18.3,1021.4,5.1,13,6,9,261,32516.0,1949.0,Mixed
2016-09-17 14:00:00,Rat_lodging_Ben,437.41,27.8,8.0,18.9,1020.5,4.1,14,6,9,261,32516.0,1949.0,Mixed
2016-09-17 15:00:00,Rat_lodging_Ben,438.04,27.2,8.0,18.9,1020.1,4.1,15,6,9,261,32516.0,1949.0,Mixed
2016-09-17 16:00:00,Rat_lodging_Ben,417.2,27.8,8.0,18.9,1019.7,3.1,16,6,9,261,32516.0,1949.0,Mixed
2016-09-17 17:00:00,Rat_lodging_Ben,418.12,28.3,7.333333333333333,18.9,1019.3,4.1,17,6,9,261,32516.0,1949.0,Mixed
2016-09-17 18:00:00,Rat_lodging_Ben,406.44,26.7,6.666666666666667,19.4,1019.2,3.6,18,6,9,261,32516.0,1949.0,Mixed
2016-09-17 19:00:00,Rat_lodging_Ben,388.38,25.6,6.0,18.9,1019.5,3.6,19,6,9,261,32516.0,1949.0,Mixed
2016-09-17 20:00:00,Rat_lodging_Ben,385.18,24.4,6.0,18.9,1019.7,3.6,20,6,9,261,32516.0,1949.0,Mixed
2016-09-17 21:00:00,Rat_lodging_Ben,379.44,24.4,6.0,20.0,1019.5,4.6,21,6,9,261,32516.0,1949.0,Mixed
2016-09-17 22:00:00,Rat_lodging_Ben,364.19,23.9,6.0,20.0,1019.2,4.6,22,6,9,261,32516.0,1949.0,Mixed
2016-09-17 23:00:00,Rat_lodging_Ben,362.27,23.3,5.0,20.6,1019.1,4.1,23,6,9,261,32516.0,1949.0,Mixed
2016-09-18 00:00:00,Rat_lodging_Ben,354.15,23.3,4.0,20.6,1018.7,4.1,0,7,9,262,32516.0,1949.0,Mixed
2016-09-18 01:00:00,Rat_lodging_Ben,341.79,22.8,2.0,20.6,1018.3,4.1,1,7,9,262,32516.0,1949.0,Mixed
2016-09-18 02:00:00,Rat_lodging_Ben,339.28,22.2,2.0,20.6,1018.5,4.1,2,7,9,262,32516.0,1949.0,Mixed
2016-09-18 03:00:00,Rat_lodging_Ben,338.4,22.2,0.0,20.6,1018.0,3.6,3,7,9,262,32516.0,1949.0,Mixed
2016-09-18 04:00:00,Rat_lodging_Ben,340.9,22.2,6.0,21.1,1017.9,4.6,4,7,9,262,32516.0,1949.0,Mixed
2016-09-18 05:00:00,Rat_lodging_Ben,354.43,22.2,6.666666666666667,21.1,1018.0,3.1,5,7,9,262,32516.0,1949.0,Mixed
2016-09-18 06:00:00,Rat_lodging_Ben,373.41,22.2,7.333333333333333,21.1,1018.4,3.6,6,7,9,262,32516.0,1949.0,Mixed
2016-09-18 07:00:00,Rat_lodging_Ben,399.3,22.2,8.0,21.7,1018.6,3.1,7,7,9,262,32516.0,1949.0,Mixed
2016-09-18 08:00:00,Rat_lodging_Ben,429.75,23.9,6.666666666666667,22.2,1018.5,4.1,8,7,9,262,32516.0,1949.0,Mixed
2016-09-18 09:00:00,Rat_lodging_Ben,441.75,24.4,5.333333333333334,22.2,1018.9,4.6,9,7,9,262,32516.0,1949.0,Mixed
2016-09-18 10:00:00,Rat_lodging_Ben,464.15,26.1,4.0,22.2,1018.9,5.7,10,7,9,262,32516.0,1949.0,Mixed
2016-09-18 11:00:00,Rat_lodging_Ben,469.05,27.2,4.666666666666667,22.2,1018.4,5.1,11,7,9,262,32516.0,1949.0,Mixed
2016-09-18 12:00:00,Rat_lodging_Ben,478.54,28.9,5.333333333333333,22.2,1017.8,4.6,12,7,9,262,32516.0,1949.0,Mixed
2016-09-18 13:00:00,Rat_lodging_Ben,485.32,31.1,6.0,20.6,1016.9,6.7,13,7,9,262,32516.0,1949.0,Mixed
2016-09-18 14:00:00,Rat_lodging_Ben,477.84,30.6,6.0,21.7,1016.1,5.1,14,7,9,262,32516.0,1949.0,Mixed
2016-09-18 15:00:00,Rat_lodging_Ben,470.55,30.6,6.0,20.0,1015.6,4.1,15,7,9,262,32516.0,1949.0,Mixed
2016-09-18 16:00:00,Rat_lodging_Ben,467.72,30.0,6.0,20.6,1015.3,3.6,16,7,9,262,32516.0,1949.0,Mixed
2016-09-18 17:00:00,Rat_lodging_Ben,466.18,29.4,6.0,21.7,1015.4,2.6,17,7,9,262,32516.0,1949.0,Mixed
2016-09-18 18:00:00,Rat_lodging_Ben,458.04,28.9,6.0,21.1,1015.5,2.1,18,7,9,262,32516.0,1949.0,Mixed
2016-09-18 19:00:00,Rat_lodging_Ben,446.11,27.8,6.0,21.7,1015.6,4.1,19,7,9,262,32516.0,1949.0,Mixed
2016-09-18 20:00:00,Rat_lodging_Ben,432.41,27.2,6.666666666666667,21.7,1015.9,4.6,20,7,9,262,32516.0,1949.0,Mixed
2016-09-18 21:00:00,Rat_lodging_Ben,436.28,26.7,7.333333333333333,22.8,1015.7,4.6,21,7,9,262,32516.0,1949.0,Mixed
2016-09-18 22:00:00,Rat_lodging_Ben,423.22,26.1,8.0,23.3,1016.0,3.6,22,7,9,262,32516.0,1949.0,Mixed
2016-09-18 23:00:00,Rat_lodging_Ben,414.58,26.1,8.0,23.3,1016.3,3.6,23,7,9,262,32516.0,1949.0,Mixed
2016-09-19 00:00:00,Rat_lodging_Ben,408.16,25.6,8.0,23.3,1016.0,2.6,0,1,9,263,32516.0,1949.0,Mixed
2016-09-19 01:00:00,Rat_lodging_Ben,405.97,25.6,8.0,23.3,1015.9,3.1,1,1,9,263,32516.0,1949.0,Mixed
2016-09-19 02:00:00,Rat_lodging_Ben,407.24,25.6,8.0,23.9,1015.4,3.1,2,1,9,263,32516.0,1949.0,Mixed
2016-09-19 03:00:00,Rat_lodging_Ben,404.88,25.0,8.0,23.9,1015.3,1.5,3,1,9,263,32516.0,1949.0,Mixed
2016-09-19 04:00:00,Rat_lodging_Ben,407.43,25.0,8.0,23.9,1014.7,2.1,4,1,9,263,32516.0,1949.0,Mixed
2016-09-19 05:00:00,Rat_lodging_Ben,420.64,25.0,8.0,23.9,1014.8,0.0,5,1,9,263,32516.0,1949.0,Mixed
2016-09-19 06:00:00,Rat_lodging_Ben,449.71,25.6,8.0,23.3,1015.7,2.1,6,1,9,263,32516.0,1949.0,Mixed
2016-09-19 07:00:00,Rat_lodging_Ben,453.7,25.0,8.0,22.2,1015.8,3.1,7,1,9,263,32516.0,1949.0,Mixed
2016-09-19 08:00:00,Rat_lodging_Ben,469.92,25.0,8.0,22.8,1015.9,4.1,8,1,9,263,32516.0,1949.0,Mixed
2016-09-19 09:00:00,Rat_lodging_Ben,463.19,24.4,8.0,22.8,1016.5,5.7,9,1,9,263,32516.0,1949.0,Mixed
2016-09-19 10:00:00,Rat_lodging_Ben,447.53,22.8,8.0,21.7,1017.2,3.6,10,1,9,263,32516.0,1949.0,Mixed
2016-09-19 11:00:00,Rat_lodging_Ben,439.91,22.8,8.0,22.2,1016.6,2.1,11,1,9,263,32516.0,1949.0,Mixed
2016-09-19 12:00:00,Rat_lodging_Ben,445.82,22.8,8.0,22.2,1016.8,4.1,12,1,9,263,32516.0,1949.0,Mixed
2016-09-19 13:00:00,Rat_lodging_Ben,443.84,23.3,8.0,22.2,1017.2,2.1,13,1,9,263,32516.0,1949.0,Mixed
2016-09-19 14:00:00,Rat_lodging_Ben,458.35,23.3,8.0,22.8,1016.1,3.6,14,1,9,263,32516.0,1949.0,Mixed
2016-09-19 15:00:00,Rat_lodging_Ben,462.94,23.9,8.0,22.8,1016.3,2.6,15,1,9,263,32516.0,1949.0,Mixed
2016-09-19 16:00:00,Rat_lodging_Ben,456.75,23.9,8.0,22.2,1016.5,3.1,16,1,9,263,32516.0,1949.0,Mixed
2016-09-19 17:00:00,Rat_lodging_Ben,443.57,23.3,7.333333333333333,21.7,1016.8666666666667,1.5,17,1,9,263,32516.0,1949.0,Mixed
2016-09-19 18:00:00,Rat_lodging_Ben,434.58,23.3,6.666666666666667,21.7,1017.2333333333333,3.1,18,1,9,263,32516.0,1949.0,Mixed
2016-09-19 19:00:00,Rat_lodging_Ben,421.39,23.3,6.0,21.7,1017.6,2.6,19,1,9,263,32516.0,1949.0,Mixed
2016-09-19 20:00:00,Rat_lodging_Ben,404.63,22.8,6.666666666666667,21.7,1017.7,3.1,20,1,9,263,32516.0,1949.0,Mixed
2016-09-19 21:00:00,Rat_lodging_Ben,377.57,22.8,7.333333333333333,21.7,1017.9,3.1,21,1,9,263,32516.0,1949.0,Mixed
2016-09-19 22:00:00,Rat_lodging_Ben,363.7,22.8,8.0,21.7,1018.1,3.6,22,1,9,263,32516.0,1949.0,Mixed
2016-09-19 23:00:00,Rat_lodging_Ben,352.95,22.8,7.333333333333333,21.7,1018.3,3.1,23,1,9,263,32516.0,1949.0,Mixed
2016-09-20 00:00:00,Rat_lodging_Ben,349.65,22.8,6.666666666666667,21.7,1018.0999999999999,2.1,0,2,9,264,32516.0,1949.0,Mixed
2016-09-20 01:00:00,Rat_lodging_Ben,345.37,22.2,6.0,21.1,1017.9,2.6,1,2,9,264,32516.0,1949.0,Mixed
2016-09-20 02:00:00,Rat_lodging_Ben,340.11,22.2,6.666666666666667,21.1,1018.0,3.1,2,2,9,264,32516.0,1949.0,Mixed
2016-09-20 03:00:00,Rat_lodging_Ben,336.52,22.2,7.333333333333333,20.6,1018.0,3.6,3,2,9,264,32516.0,1949.0,Mixed
2016-09-20 04:00:00,Rat_lodging_Ben,340.96,21.7,8.0,20.6,1018.1,3.1,4,2,9,264,32516.0,1949.0,Mixed
2016-09-20 05:00:00,Rat_lodging_Ben,354.72,21.7,7.333333333333333,20.6,1018.2,4.6,5,2,9,264,32516.0,1949.0,Mixed
2016-09-20 06:00:00,Rat_lodging_Ben,383.69,21.7,6.666666666666667,20.6,1018.9,4.1,6,2,9,264,32516.0,1949.0,Mixed
2016-09-20 07:00:00,Rat_lodging_Ben,392.52,21.7,6.0,20.0,1019.2,4.6,7,2,9,264,32516.0,1949.0,Mixed
2016-09-20 08:00:00,Rat_lodging_Ben,416.95,22.2,6.666666666666667,20.0,1019.8,5.7,8,2,9,264,32516.0,1949.0,Mixed
2016-09-20 09:00:00,Rat_lodging_Ben,443.68,22.2,7.333333333333333,20.0,1020.4,4.6,9,2,9,264,32516.0,1949.0,Mixed
2016-09-20 10:00:00,Rat_lodging_Ben,453.56,23.9,8.0,20.6,1020.6,5.7,10,2,9,264,32516.0,1949.0,Mixed
2016-09-20 11:00:00,Rat_lodging_Ben,471.11,24.4,8.0,20.0,1020.3,5.1,11,2,9,264,32516.0,1949.0,Mixed
2016-09-20 12:00:00,Rat_lodging_Ben,465.98,25.0,8.0,20.0,1019.8,5.1,12,2,9,264,32516.0,1949.0,Mixed
2016-09-20 13:00:00,Rat_lodging_Ben,462.37,26.1,8.0,20.6,1019.5,4.1,13,2,9,264,32516.0,1949.0,Mixed
2016-09-20 14:00:00,Rat_lodging_Ben,466.21,26.1,7.333333333333333,20.6,1019.3,3.6,14,2,9,264,32516.0,1949.0,Mixed
2016-09-20 15:00:00,Rat_lodging_Ben,465.03,26.1,6.666666666666667,20.0,1018.9,4.1,15,2,9,264,32516.0,1949.0,Mixed
2016-09-20 16:00:00,Rat_lodging_Ben,456.83,26.1,6.0,20.0,1018.8,4.6,16,2,9,264,32516.0,1949.0,Mixed
2016-09-20 17:00:00,Rat_lodging_Ben,448.12,26.1,6.666666666666667,20.0,1019.1,4.1,17,2,9,264,32516.0,1949.0,Mixed
2016-09-20 18:00:00,Rat_lodging_Ben,434.35,25.6,7.333333333333333,20.6,1019.4,4.6,18,2,9,264,32516.0,1949.0,Mixed
2016-09-20 19:00:00,Rat_lodging_Ben,422.41,25.0,8.0,20.6,1019.6,2.1,19,2,9,264,32516.0,1949.0,Mixed
2016-09-20 20:00:00,Rat_lodging_Ben,412.04,24.4,8.0,21.1,1019.9,3.1,20,2,9,264,32516.0,1949.0,Mixed
2016-09-20 21:00:00,Rat_lodging_Ben,402.94,23.9,8.0,21.1,1019.7,2.6,21,2,9,264,32516.0,1949.0,Mixed
2016-09-20 22:00:00,Rat_lodging_Ben,380.9,24.4,8.0,21.1,1019.7,2.6,22,2,9,264,32516.0,1949.0,Mixed
2016-09-20 23:00:00,Rat_lodging_Ben,374.35,23.9,7.333333333333333,21.7,1019.7,2.1,23,2,9,264,32516.0,1949.0,Mixed
2016-09-21 00:00:00,Rat_lodging_Ben,367.74,23.9,6.666666666666667,21.7,1019.5,2.6,0,3,9,265,32516.0,1949.0,Mixed
2016-09-21 01:00:00,Rat_lodging_Ben,353.52,23.3,6.0,21.7,1019.3,1.5,1,3,9,265,32516.0,1949.0,Mixed
2016-09-21 02:00:00,Rat_lodging_Ben,352.23,23.3,6.666666666666667,21.7,1019.6,1.5,2,3,9,265,32516.0,1949.0,Mixed
2016-09-21 03:00:00,Rat_lodging_Ben,349.43,23.9,7.333333333333333,20.6,1019.6,3.1,3,3,9,265,32516.0,1949.0,Mixed
2016-09-21 04:00:00,Rat_lodging_Ben,337.96,23.3,8.0,20.6,1019.7,2.6,4,3,9,265,32516.0,1949.0,Mixed
2016-09-21 05:00:00,Rat_lodging_Ben,355.57,22.8,8.0,20.6,1019.8,3.6,5,3,9,265,32516.0,1949.0,Mixed
2016-09-21 06:00:00,Rat_lodging_Ben,386.53,22.8,8.0,20.0,1020.2,4.1,6,3,9,265,32516.0,1949.0,Mixed
2016-09-21 07:00:00,Rat_lodging_Ben,400.59,22.8,8.0,19.4,1020.7,4.6,7,3,9,265,32516.0,1949.0,Mixed
2016-09-21 08:00:00,Rat_lodging_Ben,427.88,23.3,8.0,19.4,1020.6,4.1,8,3,9,265,32516.0,1949.0,Mixed
2016-09-21 09:00:00,Rat_lodging_Ben,446.02,23.9,8.0,19.4,1021.4,4.1,9,3,9,265,32516.0,1949.0,Mixed
2016-09-21 10:00:00,Rat_lodging_Ben,455.87,25.0,8.0,19.4,1021.7,3.6,10,3,9,265,32516.0,1949.0,Mixed
2016-09-21 11:00:00,Rat_lodging_Ben,462.53,26.1,8.0,19.4,1021.5,4.6,11,3,9,265,32516.0,1949.0,Mixed
2016-09-21 12:00:00,Rat_lodging_Ben,464.92,27.2,8.0,19.4,1021.1,4.6,12,3,9,265,32516.0,1949.0,Mixed
2016-09-21 13:00:00,Rat_lodging_Ben,467.49,27.8,8.0,19.4,1020.7,3.6,13,3,9,265,32516.0,1949.0,Mixed
2016-09-21 14:00:00,Rat_lodging_Ben,468.25,27.8,7.333333333333333,19.4,1020.2,3.6,14,3,9,265,32516.0,1949.0,Mixed
2016-09-21 15:00:00,Rat_lodging_Ben,478.46,27.8,6.666666666666667,20.0,1020.1,3.1,15,3,9,265,32516.0,1949.0,Mixed
2016-09-21 16:00:00,Rat_lodging_Ben,472.93,27.2,6.0,20.0,1020.2,4.6,16,3,9,265,32516.0,1949.0,Mixed
2016-09-21 17:00:00,Rat_lodging_Ben,460.14,26.7,6.0,20.6,1020.3,4.1,17,3,9,265,32516.0,1949.0,Mixed
2016-09-21 18:00:00,Rat_lodging_Ben,445.16,26.7,6.0,19.4,1020.1,4.1,18,3,9,265,32516.0,1949.0,Mixed
2016-09-21 19:00:00,Rat_lodging_Ben,429.34,26.1,6.0,19.4,1020.2,3.6,19,3,9,265,32516.0,1949.0,Mixed
2016-09-21 20:00:00,Rat_lodging_Ben,418.32,25.6,6.666666666666667,19.4,1020.7,3.1,20,3,9,265,32516.0,1949.0,Mixed
2016-09-21 21:00:00,Rat_lodging_Ben,403.28,25.0,7.333333333333333,19.4,1021.0,3.1,21,3,9,265,32516.0,1949.0,Mixed
2016-09-21 22:00:00,Rat_lodging_Ben,385.99,25.0,8.0,19.4,1021.5,2.6,22,3,9,265,32516.0,1949.0,Mixed
2016-09-21 23:00:00,Rat_lodging_Ben,374.94,23.9,4.0,20.0,1021.1,3.1,23,3,9,265,32516.0,1949.0,Mixed
2016-09-22 00:00:00,Rat_lodging_Ben,351.43,22.8,2.0,19.4,1020.6,3.1,0,4,9,266,32516.0,1949.0,Mixed
2016-09-22 01:00:00,Rat_lodging_Ben,342.76,22.2,6.0,18.9,1020.3,3.1,1,4,9,266,32516.0,1949.0,Mixed
2016-09-22 02:00:00,Rat_lodging_Ben,337.06,22.2,6.0,17.8,1020.0,3.1,2,4,9,266,32516.0,1949.0,Mixed
2016-09-22 03:00:00,Rat_lodging_Ben,332.89,21.7,6.0,17.8,1020.2,4.1,3,4,9,266,32516.0,1949.0,Mixed
2016-09-22 04:00:00,Rat_lodging_Ben,337.67,21.1,6.0,17.8,1020.3,3.1,4,4,9,266,32516.0,1949.0,Mixed
2016-09-22 05:00:00,Rat_lodging_Ben,347.62,20.6,4.0,17.2,1020.5,3.6,5,4,9,266,32516.0,1949.0,Mixed
2016-09-22 06:00:00,Rat_lodging_Ben,369.3,20.6,4.0,16.1,1020.7,4.1,6,4,9,266,32516.0,1949.0,Mixed
2016-09-22 07:00:00,Rat_lodging_Ben,381.79,21.1,4.0,15.0,1021.0,4.1,7,4,9,266,32516.0,1949.0,Mixed
2016-09-22 08:00:00,Rat_lodging_Ben,401.79,22.2,2.0,15.6,1021.1,3.6,8,4,9,266,32516.0,1949.0,Mixed
2016-09-22 09:00:00,Rat_lodging_Ben,428.92,24.4,2.0,15.6,1021.4,3.6,9,4,9,266,32516.0,1949.0,Mixed
2016-09-22 10:00:00,Rat_lodging_Ben,442.24,26.1,2.0,16.1,1021.2,4.1,10,4,9,266,32516.0,1949.0,Mixed
2016-09-22 11:00:00,Rat_lodging_Ben,454.96,27.8,2.0,16.7,1020.7,3.6,11,4,9,266,32516.0,1949.0,Mixed
2016-09-22 12:00:00,Rat_lodging_Ben,462.82,28.9,2.0,15.6,1020.2,3.6,12,4,9,266,32516.0,1949.0,Mixed
2016-09-22 13:00:00,Rat_lodging_Ben,465.66,30.0,2.0,15.0,1019.4,3.6,13,4,9,266,32516.0,1949.0,Mixed
2016-09-22 14:00:00,Rat_lodging_Ben,474.15,30.0,2.0,14.4,1018.7,4.1,14,4,9,266,32516.0,1949.0,Mixed
2016-09-22 15:00:00,Rat_lodging_Ben,481.85,30.0,4.0,15.0,1018.4,4.6,15,4,9,266,32516.0,1949.0,Mixed
2016-09-22 16:00:00,Rat_lodging_Ben,472.34,29.4,2.0,16.7,1018.2,3.6,16,4,9,266,32516.0,1949.0,Mixed
2016-09-22 17:00:00,Rat_lodging_Ben,456.45,28.3,2.0,17.2,1018.1,3.1,17,4,9,266,32516.0,1949.0,Mixed
2016-09-22 18:00:00,Rat_lodging_Ben,439.35,27.2,4.0,17.2,1018.2,3.1,18,4,9,266,32516.0,1949.0,Mixed
2016-09-22 19:00:00,Rat_lodging_Ben,421.13,25.6,4.0,17.8,1018.2,3.1,19,4,9,266,32516.0,1949.0,Mixed
2016-09-22 20:00:00,Rat_lodging_Ben,410.77,25.6,2.0,17.2,1018.4,1.5,20,4,9,266,32516.0,1949.0,Mixed
2016-09-22 21:00:00,Rat_lodging_Ben,398.78,23.9,2.0,17.2,1018.6,0.0,21,4,9,266,32516.0,1949.0,Mixed
2016-09-22 22:00:00,Rat_lodging_Ben,374.01,23.3,2.0,17.2,1018.7,2.1,22,4,9,266,32516.0,1949.0,Mixed
2016-09-22 23:00:00,Rat_lodging_Ben,360.33,22.8,2.0,17.2,1018.6,1.5,23,4,9,266,32516.0,1949.0,Mixed
2016-09-23 00:00:00,Rat_lodging_Ben,345.04,22.2,2.0,17.8,1018.4,0.0,0,5,9,267,32516.0,1949.0,Mixed
2016-09-23 01:00:00,Rat_lodging_Ben,339.34,21.1,4.0,18.3,1018.3,0.0,1,5,9,267,32516.0,1949.0,Mixed
2016-09-23 02:00:00,Rat_lodging_Ben,334.61,20.0,2.0,17.8,1018.2,3.1,2,5,9,267,32516.0,1949.0,Mixed
2016-09-23 03:00:00,Rat_lodging_Ben,331.45,20.0,2.0,17.8,1017.8,1.5,3,5,9,267,32516.0,1949.0,Mixed
2016-09-23 04:00:00,Rat_lodging_Ben,331.27,20.0,4.0,17.8,1017.7,0.0,4,5,9,267,32516.0,1949.0,Mixed
2016-09-23 05:00:00,Rat_lodging_Ben,350.65,19.4,4.0,17.2,1017.7,1.5,5,5,9,267,32516.0,1949.0,Mixed
2016-09-23 06:00:00,Rat_lodging_Ben,370.34,19.4,4.0,17.8,1018.0,1.5,6,5,9,267,32516.0,1949.0,Mixed
2016-09-23 07:00:00,Rat_lodging_Ben,383.83,20.6,4.0,18.3,1018.7,2.1,7,5,9,267,32516.0,1949.0,Mixed
2016-09-23 08:00:00,Rat_lodging_Ben,409.0,22.2,4.0,18.3,1018.6,1.5,8,5,9,267,32516.0,1949.0,Mixed
2016-09-23 09:00:00,Rat_lodging_Ben,445.68,23.3,4.0,17.8,1018.5,2.1,9,5,9,267,32516.0,1949.0,Mixed
2016-09-23 10:00:00,Rat_lodging_Ben,462.21,25.6,4.0,16.1,1018.4,2.1,10,5,9,267,32516.0,1949.0,Mixed
2016-09-23 11:00:00,Rat_lodging_Ben,490.69,27.2,2.0,17.8,1017.7,2.1,11,5,9,267,32516.0,1949.0,Mixed
2016-09-23 12:00:00,Rat_lodging_Ben,496.82,28.9,2.0,17.8,1017.0,2.6,12,5,9,267,32516.0,1949.0,Mixed
2016-09-23 13:00:00,Rat_lodging_Ben,498.77,29.4,0.0,16.1,1016.1,2.1,13,5,9,267,32516.0,1949.0,Mixed
2016-09-23 14:00:00,Rat_lodging_Ben,505.91,30.6,0.0,17.2,1015.4,3.1,14,5,9,267,32516.0,1949.0,Mixed
2016-09-23 15:00:00,Rat_lodging_Ben,510.03,31.1,0.0,15.6,1014.8,0.0,15,5,9,267,32516.0,1949.0,Mixed
2016-09-23 16:00:00,Rat_lodging_Ben,502.64,30.6,0.0,17.2,1014.7,4.1,16,5,9,267,32516.0,1949.0,Mixed
2016-09-23 17:00:00,Rat_lodging_Ben,483.64,29.4,0.0,18.3,1014.6,4.1,17,5,9,267,32516.0,1949.0,Mixed
2016-09-23 18:00:00,Rat_lodging_Ben,471.66,28.3,2.0,18.3,1014.9,3.6,18,5,9,267,32516.0,1949.0,Mixed
2016-09-23 19:00:00,Rat_lodging_Ben,462.4,27.8,0.0,17.8,1014.9,3.1,19,5,9,267,32516.0,1949.0,Mixed
2016-09-23 20:00:00,Rat_lodging_Ben,444.62,25.6,0.0,21.7,1015.3,1.5,20,5,9,267,32516.0,1949.0,Mixed
2016-09-23 21:00:00,Rat_lodging_Ben,426.04,25.0,0.0,21.1,1015.7,3.1,21,5,9,267,32516.0,1949.0,Mixed
2016-09-23 22:00:00,Rat_lodging_Ben,413.37,23.9,0.0,20.6,1015.9,3.1,22,5,9,267,32516.0,1949.0,Mixed
2016-09-23 23:00:00,Rat_lodging_Ben,401.32,23.9,0.0,20.0,1016.1,2.1,23,5,9,267,32516.0,1949.0,Mixed
2016-09-24 00:00:00,Rat_lodging_Ben,391.71,23.3,0.0,21.1,1015.8,2.1,0,6,9,268,32516.0,1949.0,Mixed
2016-09-24 01:00:00,Rat_lodging_Ben,382.86,22.8,0.0,20.0,1015.7,2.1,1,6,9,268,32516.0,1949.0,Mixed
2016-09-24 02:00:00,Rat_lodging_Ben,376.28,21.7,2.0,20.0,1015.4,3.1,2,6,9,268,32516.0,1949.0,Mixed
2016-09-24 03:00:00,Rat_lodging_Ben,371.99,21.7,2.0,19.4,1015.6,1.5,3,6,9,268,32516.0,1949.0,Mixed
2016-09-24 04:00:00,Rat_lodging_Ben,368.29,22.2,2.0,19.4,1015.7,0.0,4,6,9,268,32516.0,1949.0,Mixed
2016-09-24 05:00:00,Rat_lodging_Ben,368.32,21.1,2.0,19.4,1016.1,3.6,5,6,9,268,32516.0,1949.0,Mixed
2016-09-24 06:00:00,Rat_lodging_Ben,377.88,22.8,2.0,18.3,1016.7,4.6,6,6,9,268,32516.0,1949.0,Mixed
2016-09-24 07:00:00,Rat_lodging_Ben,398.78,22.8,4.0,18.9,1017.4,4.1,7,6,9,268,32516.0,1949.0,Mixed
2016-09-24 08:00:00,Rat_lodging_Ben,425.81,23.3,2.0,18.9,1017.7,5.7,8,6,9,268,32516.0,1949.0,Mixed
2016-09-24 09:00:00,Rat_lodging_Ben,434.78,24.4,5.0,18.9,1018.6,6.2,9,6,9,268,32516.0,1949.0,Mixed
2016-09-24 10:00:00,Rat_lodging_Ben,436.14,24.4,8.0,18.9,1019.1,6.2,10,6,9,268,32516.0,1949.0,Mixed
2016-09-24 11:00:00,Rat_lodging_Ben,417.93,23.3,8.0,18.9,1019.3,4.6,11,6,9,268,32516.0,1949.0,Mixed
2016-09-24 12:00:00,Rat_lodging_Ben,400.6,22.8,8.0,18.9,1019.4,5.1,12,6,9,268,32516.0,1949.0,Mixed
2016-09-24 13:00:00,Rat_lodging_Ben,383.81,22.2,8.0,18.9,1019.2,5.1,13,6,9,268,32516.0,1949.0,Mixed
2016-09-24 14:00:00,Rat_lodging_Ben,390.85,22.2,7.333333333333333,17.8,1019.3,5.1,14,6,9,268,32516.0,1949.0,Mixed
2016-09-24 15:00:00,Rat_lodging_Ben,402.65,22.8,6.666666666666667,17.2,1018.6,4.1,15,6,9,268,32516.0,1949.0,Mixed
2016-09-24 16:00:00,Rat_lodging_Ben,388.42,23.3,6.0,17.2,1018.6,4.6,16,6,9,268,32516.0,1949.0,Mixed
2016-09-24 17:00:00,Rat_lodging_Ben,370.59,22.8,4.0,16.7,1018.9,3.6,17,6,9,268,32516.0,1949.0,Mixed
2016-09-24 18:00:00,Rat_lodging_Ben,361.19,21.7,2.0,16.7,1019.3,3.6,18,6,9,268,32516.0,1949.0,Mixed
2016-09-24 19:00:00,Rat_lodging_Ben,340.35,20.6,2.0,16.7,1019.5,3.1,19,6,9,268,32516.0,1949.0,Mixed
2016-09-24 20:00:00,Rat_lodging_Ben,335.57,20.0,2.0,16.7,1020.3,2.6,20,6,9,268,32516.0,1949.0,Mixed
2016-09-24 21:00:00,Rat_lodging_Ben,333.37,19.4,4.0,16.7,1020.9,3.6,21,6,9,268,32516.0,1949.0,Mixed
2016-09-24 22:00:00,Rat_lodging_Ben,318.1,18.9,4.0,16.7,1021.0,3.1,22,6,9,268,32516.0,1949.0,Mixed
2016-09-24 23:00:00,Rat_lodging_Ben,303.82,18.9,2.0,16.7,1021.1,2.1,23,6,9,268,32516.0,1949.0,Mixed
2016-09-25 00:00:00,Rat_lodging_Ben,295.59,18.3,2.0,17.2,1021.2,2.6,0,7,9,269,32516.0,1949.0,Mixed
2016-09-25 01:00:00,Rat_lodging_Ben,286.66,17.8,2.0,16.7,1021.4,0.0,1,7,9,269,32516.0,1949.0,Mixed
2016-09-25 02:00:00,Rat_lodging_Ben,283.81,17.2,2.0,16.7,1021.2,0.0,2,7,9,269,32516.0,1949.0,Mixed
2016-09-25 03:00:00,Rat_lodging_Ben,270.12,17.2,2.0,13.9,1021.4,4.6,3,7,9,269,32516.0,1949.0,Mixed
2016-09-25 04:00:00,Rat_lodging_Ben,254.21,16.1,2.0,12.2,1021.7,5.1,4,7,9,269,32516.0,1949.0,Mixed
2016-09-25 05:00:00,Rat_lodging_Ben,253.06,15.6,2.0,10.0,1022.5,5.7,5,7,9,269,32516.0,1949.0,Mixed
2016-09-25 06:00:00,Rat_lodging_Ben,281.58,15.0,4.0,9.4,1023.1,3.6,6,7,9,269,32516.0,1949.0,Mixed
2016-09-25 07:00:00,Rat_lodging_Ben,284.1,15.6,2.0,8.9,1023.6,4.1,7,7,9,269,32516.0,1949.0,Mixed
2016-09-25 08:00:00,Rat_lodging_Ben,303.98,16.7,2.0,8.3,1023.5,4.6,8,7,9,269,32516.0,1949.0,Mixed
2016-09-25 09:00:00,Rat_lodging_Ben,328.98,17.8,4.0,8.3,1023.5,4.1,9,7,9,269,32516.0,1949.0,Mixed
2016-09-25 10:00:00,Rat_lodging_Ben,358.73,20.0,4.0,7.2,1023.5,3.1,10,7,9,269,32516.0,1949.0,Mixed
2016-09-25 11:00:00,Rat_lodging_Ben,379.93,20.6,4.0,7.2,1023.4,1.5,11,7,9,269,32516.0,1949.0,Mixed
2016-09-25 12:00:00,Rat_lodging_Ben,383.57,22.2,4.0,7.2,1022.9,0.0,12,7,9,269,32516.0,1949.0,Mixed
2016-09-25 13:00:00,Rat_lodging_Ben,385.63,22.8,6.0,7.8,1022.1,1.5,13,7,9,269,32516.0,1949.0,Mixed
2016-09-25 14:00:00,Rat_lodging_Ben,395.97,23.3,5.333333333333333,7.8,1021.3,0.0,14,7,9,269,32516.0,1949.0,Mixed
2016-09-25 15:00:00,Rat_lodging_Ben,391.18,23.3,4.666666666666667,7.8,1020.7,1.5,15,7,9,269,32516.0,1949.0,Mixed
2016-09-25 16:00:00,Rat_lodging_Ben,381.88,23.3,4.0,8.9,1020.3,3.6,16,7,9,269,32516.0,1949.0,Mixed
2016-09-25 17:00:00,Rat_lodging_Ben,369.93,22.2,4.0,10.6,1020.4,4.1,17,7,9,269,32516.0,1949.0,Mixed
2016-09-25 18:00:00,Rat_lodging_Ben,333.74,20.6,5.0,11.1,1020.9,3.1,18,7,9,269,32516.0,1949.0,Mixed
2016-09-25 19:00:00,Rat_lodging_Ben,308.64,19.4,6.0,11.1,1021.2,2.6,19,7,9,269,32516.0,1949.0,Mixed
2016-09-25 20:00:00,Rat_lodging_Ben,312.7,18.9,6.0,10.6,1021.7,3.6,20,7,9,269,32516.0,1949.0,Mixed
2016-09-25 21:00:00,Rat_lodging_Ben,309.58,18.9,6.0,10.6,1021.9,3.6,21,7,9,269,32516.0,1949.0,Mixed
2016-09-25 22:00:00,Rat_lodging_Ben,288.13,17.8,6.0,10.6,1021.9,3.1,22,7,9,269,32516.0,1949.0,Mixed
2016-09-25 23:00:00,Rat_lodging_Ben,279.55,18.9,6.0,10.6,1021.8,2.6,23,7,9,269,32516.0,1949.0,Mixed
2016-09-26 00:00:00,Rat_lodging_Ben,275.07,18.3,6.0,10.6,1021.4,2.1,0,1,9,270,32516.0,1949.0,Mixed
2016-09-26 01:00:00,Rat_lodging_Ben,272.45,18.3,6.0,11.7,1021.6,1.5,1,1,9,270,32516.0,1949.0,Mixed
2016-09-26 02:00:00,Rat_lodging_Ben,270.78,18.3,6.666666666666667,12.2,1021.2,3.6,2,1,9,270,32516.0,1949.0,Mixed
2016-09-26 03:00:00,Rat_lodging_Ben,274.51,18.3,7.333333333333333,13.3,1021.0,3.1,3,1,9,270,32516.0,1949.0,Mixed
2016-09-26 04:00:00,Rat_lodging_Ben,275.04,18.3,8.0,13.9,1020.7,3.1,4,1,9,270,32516.0,1949.0,Mixed
2016-09-26 05:00:00,Rat_lodging_Ben,300.11,18.9,8.0,15.0,1020.5,3.1,5,1,9,270,32516.0,1949.0,Mixed
2016-09-26 06:00:00,Rat_lodging_Ben,320.23,18.9,8.0,15.0,1020.5,4.1,6,1,9,270,32516.0,1949.0,Mixed
2016-09-26 07:00:00,Rat_lodging_Ben,331.02,19.4,8.0,15.0,1020.6,3.6,7,1,9,270,32516.0,1949.0,Mixed
2016-09-26 08:00:00,Rat_lodging_Ben,337.45,20.0,8.0,15.6,1020.6,4.6,8,1,9,270,32516.0,1949.0,Mixed
2016-09-26 09:00:00,Rat_lodging_Ben,343.2,20.0,8.0,15.0,1020.5,5.1,9,1,9,270,32516.0,1949.0,Mixed
2016-09-26 10:00:00,Rat_lodging_Ben,350.35,20.6,8.0,15.6,1020.6,6.7,10,1,9,270,32516.0,1949.0,Mixed
2016-09-26 11:00:00,Rat_lodging_Ben,349.73,21.1,8.0,15.6,1020.4,6.2,11,1,9,270,32516.0,1949.0,Mixed
2016-09-26 12:00:00,Rat_lodging_Ben,360.8,20.6,8.0,15.6,1020.0,6.2,12,1,9,270,32516.0,1949.0,Mixed
2016-09-26 13:00:00,Rat_lodging_Ben,369.13,21.1,8.0,15.6,1019.2,6.2,13,1,9,270,32516.0,1949.0,Mixed
2016-09-26 14:00:00,Rat_lodging_Ben,372.28,21.1,8.0,16.1,1018.3,5.7,14,1,9,270,32516.0,1949.0,Mixed
2016-09-26 15:00:00,Rat_lodging_Ben,371.32,21.1,8.0,15.6,1017.4,5.1,15,1,9,270,32516.0,1949.0,Mixed
2016-09-26 16:00:00,Rat_lodging_Ben,363.17,21.1,8.0,14.4,1016.7,4.1,16,1,9,270,32516.0,1949.0,Mixed
2016-09-26 17:00:00,Rat_lodging_Ben,359.75,21.1,8.0,15.0,1016.4,5.1,17,1,9,270,32516.0,1949.0,Mixed
2016-09-26 18:00:00,Rat_lodging_Ben,356.42,21.1,8.0,15.0,1017.0,4.1,18,1,9,270,32516.0,1949.0,Mixed
2016-09-26 19:00:00,Rat_lodging_Ben,358.34,21.1,8.0,15.6,1017.0,4.1,19,1,9,270,32516.0,1949.0,Mixed
2016-09-26 20:00:00,Rat_lodging_Ben,341.85,21.1,8.0,15.6,1016.6,6.2,20,1,9,270,32516.0,1949.0,Mixed
2016-09-26 21:00:00,Rat_lodging_Ben,322.89,19.4,8.0,17.2,1015.7,5.1,21,1,9,270,32516.0,1949.0,Mixed
2016-09-26 22:00:00,Rat_lodging_Ben,308.24,18.9,8.0,17.8,1015.6,3.6,22,1,9,270,32516.0,1949.0,Mixed
2016-09-26 23:00:00,Rat_lodging_Ben,298.22,18.9,8.0,18.3,1015.0,4.1,23,1,9,270,32516.0,1949.0,Mixed
2016-09-27 00:00:00,Rat_lodging_Ben,296.11,19.4,8.0,18.9,1014.5,2.1,0,2,9,271,32516.0,1949.0,Mixed
2016-09-27 01:00:00,Rat_lodging_Ben,292.03,19.4,8.0,18.9,1014.4,2.1,1,2,9,271,32516.0,1949.0,Mixed
2016-09-27 02:00:00,Rat_lodging_Ben,287.8,19.4,8.0,18.9,1014.5,3.6,2,2,9,271,32516.0,1949.0,Mixed
2016-09-27 03:00:00,Rat_lodging_Ben,288.96,19.4,8.0,19.4,1014.2,1.5,3,2,9,271,32516.0,1949.0,Mixed
2016-09-27 04:00:00,Rat_lodging_Ben,294.71,19.4,8.0,19.4,1014.1,2.1,4,2,9,271,32516.0,1949.0,Mixed
2016-09-27 05:00:00,Rat_lodging_Ben,313.65,19.4,8.0,18.9,1013.9,1.5,5,2,9,271,32516.0,1949.0,Mixed
2016-09-27 06:00:00,Rat_lodging_Ben,342.36,20.0,8.0,19.4,1014.2,3.6,6,2,9,271,32516.0,1949.0,Mixed
2016-09-27 07:00:00,Rat_lodging_Ben,346.27,19.4,8.0,17.8,1015.0,4.1,7,2,9,271,32516.0,1949.0,Mixed
2016-09-27 08:00:00,Rat_lodging_Ben,344.86,18.9,8.0,13.9,1015.4,2.1,8,2,9,271,32516.0,1949.0,Mixed
2016-09-27 09:00:00,Rat_lodging_Ben,351.76,18.9,8.0,13.3,1015.9,4.1,9,2,9,271,32516.0,1949.0,Mixed
2016-09-27 10:00:00,Rat_lodging_Ben,382.41,19.4,8.0,14.4,1015.8,3.1,10,2,9,271,32516.0,1949.0,Mixed
2016-09-27 11:00:00,Rat_lodging_Ben,404.32,21.1,7.333333333333333,14.4,1015.1,2.6,11,2,9,271,32516.0,1949.0,Mixed
2016-09-27 12:00:00,Rat_lodging_Ben,402.41,22.2,6.666666666666667,12.2,1014.6,1.5,12,2,9,271,32516.0,1949.0,Mixed
2016-09-27 13:00:00,Rat_lodging_Ben,411.3,23.3,6.0,10.0,1013.9,0.0,13,2,9,271,32516.0,1949.0,Mixed
2016-09-27 14:00:00,Rat_lodging_Ben,421.74,24.4,4.0,11.1,1013.0,2.1,14,2,9,271,32516.0,1949.0,Mixed
2016-09-27 15:00:00,Rat_lodging_Ben,434.64,24.4,4.0,13.9,1012.6,3.6,15,2,9,271,32516.0,1949.0,Mixed
2016-09-27 16:00:00,Rat_lodging_Ben,411.37,24.4,4.0,14.4,1012.3,3.6,16,2,9,271,32516.0,1949.0,Mixed
2016-09-27 17:00:00,Rat_lodging_Ben,396.59,23.9,4.0,15.0,1012.4,3.1,17,2,9,271,32516.0,1949.0,Mixed
2016-09-27 18:00:00,Rat_lodging_Ben,372.63,21.7,2.0,15.0,1012.6,4.1,18,2,9,271,32516.0,1949.0,Mixed
2016-09-27 19:00:00,Rat_lodging_Ben,356.59,21.1,2.0,15.6,1013.1,3.1,19,2,9,271,32516.0,1949.0,Mixed
2016-09-27 20:00:00,Rat_lodging_Ben,351.82,20.0,2.0,17.2,1013.5,2.6,20,2,9,271,32516.0,1949.0,Mixed
2016-09-27 21:00:00,Rat_lodging_Ben,334.88,18.9,2.0,17.8,1013.9,2.6,21,2,9,271,32516.0,1949.0,Mixed
2016-09-27 22:00:00,Rat_lodging_Ben,313.59,18.9,2.0,17.8,1014.0,1.5,22,2,9,271,32516.0,1949.0,Mixed
2016-09-27 23:00:00,Rat_lodging_Ben,302.68,18.9,2.0,17.8,1014.3,0.0,23,2,9,271,32516.0,1949.0,Mixed
2016-09-28 00:00:00,Rat_lodging_Ben,292.83,18.9,2.0,17.8,1014.4,0.0,0,3,9,272,32516.0,1949.0,Mixed
2016-09-28 01:00:00,Rat_lodging_Ben,292.99,18.3,2.0,17.8,1014.5,3.1,1,3,9,272,32516.0,1949.0,Mixed
2016-09-28 02:00:00,Rat_lodging_Ben,284.16,18.3,4.0,17.2,1014.6,2.6,2,3,9,272,32516.0,1949.0,Mixed
2016-09-28 03:00:00,Rat_lodging_Ben,283.31,18.3,6.0,17.8,1014.5,2.6,3,3,9,272,32516.0,1949.0,Mixed
2016-09-28 04:00:00,Rat_lodging_Ben,281.29,18.3,8.0,17.8,1014.5,2.6,4,3,9,272,32516.0,1949.0,Mixed
2016-09-28 05:00:00,Rat_lodging_Ben,301.09,18.9,8.0,18.3,1014.4,4.1,5,3,9,272,32516.0,1949.0,Mixed
2016-09-28 06:00:00,Rat_lodging_Ben,326.07,18.9,8.0,18.3,1014.3,4.1,6,3,9,272,32516.0,1949.0,Mixed
2016-09-28 07:00:00,Rat_lodging_Ben,340.75,18.9,8.0,18.3,1015.2,4.1,7,3,9,272,32516.0,1949.0,Mixed
2016-09-28 08:00:00,Rat_lodging_Ben,348.27,18.9,8.0,18.3,1015.2,4.6,8,3,9,272,32516.0,1949.0,Mixed
2016-09-28 09:00:00,Rat_lodging_Ben,353.29,18.9,8.0,17.2,1015.8,5.1,9,3,9,272,32516.0,1949.0,Mixed
2016-09-28 10:00:00,Rat_lodging_Ben,347.55,18.9,8.0,17.8,1016.1,4.6,10,3,9,272,32516.0,1949.0,Mixed
2016-09-28 11:00:00,Rat_lodging_Ben,382.11,20.0,8.0,18.3,1016.25,5.1,11,3,9,272,32516.0,1949.0,Mixed
2016-09-28 12:00:00,Rat_lodging_Ben,393.44,20.6,8.0,18.3,1016.4,3.1,12,3,9,272,32516.0,1949.0,Mixed
2016-09-28 13:00:00,Rat_lodging_Ben,395.0,20.0,8.0,19.4,1016.2,4.6,13,3,9,272,32516.0,1949.0,Mixed
2016-09-28 14:00:00,Rat_lodging_Ben,400.14,20.6,8.0,19.4,1016.0,4.6,14,3,9,272,32516.0,1949.0,Mixed
2016-09-28 15:00:00,Rat_lodging_Ben,397.47,20.6,8.0,19.4,1015.6,3.6,15,3,9,272,32516.0,1949.0,Mixed
2016-09-28 16:00:00,Rat_lodging_Ben,382.02,21.1,8.0,20.0,1015.9,3.6,16,3,9,272,32516.0,1949.0,Mixed
2016-09-28 17:00:00,Rat_lodging_Ben,361.14,21.1,8.0,20.0,1016.0,4.6,17,3,9,272,32516.0,1949.0,Mixed
2016-09-28 18:00:00,Rat_lodging_Ben,367.24,21.1,8.0,20.0,1016.1,5.1,18,3,9,272,32516.0,1949.0,Mixed
2016-09-28 19:00:00,Rat_lodging_Ben,362.2,21.7,8.0,20.6,1016.4,6.2,19,3,9,272,32516.0,1949.0,Mixed
2016-09-28 20:00:00,Rat_lodging_Ben,355.33,21.7,8.0,20.6,1016.8,6.7,20,3,9,272,32516.0,1949.0,Mixed
2016-09-28 21:00:00,Rat_lodging_Ben,345.42,21.1,8.0,20.6,1017.2,5.7,21,3,9,272,32516.0,1949.0,Mixed
2016-09-28 22:00:00,Rat_lodging_Ben,329.02,21.1,8.0,20.0,1017.3,4.6,22,3,9,272,32516.0,1949.0,Mixed
2016-09-28 23:00:00,Rat_lodging_Ben,327.48,21.1,8.0,20.6,1016.8,6.7,23,3,9,272,32516.0,1949.0,Mixed
2016-09-29 00:00:00,Rat_lodging_Ben,316.75,21.1,8.0,20.0,1016.9,5.7,0,4,9,273,32516.0,1949.0,Mixed
2016-09-29 01:00:00,Rat_lodging_Ben,308.28,20.6,8.0,20.0,1017.1,5.1,1,4,9,273,32516.0,1949.0,Mixed
2016-09-29 02:00:00,Rat_lodging_Ben,297.21,20.6,8.0,19.4,1017.7,5.1,2,4,9,273,32516.0,1949.0,Mixed
2016-09-29 03:00:00,Rat_lodging_Ben,296.76,20.0,8.0,19.4,1017.5,7.7,3,4,9,273,32516.0,1949.0,Mixed
2016-09-29 04:00:00,Rat_lodging_Ben,287.42,20.0,8.0,19.4,1017.2,9.8,4,4,9,273,32516.0,1949.0,Mixed
2016-09-29 05:00:00,Rat_lodging_Ben,307.69,20.0,8.0,19.4,1018.0,10.3,5,4,9,273,32516.0,1949.0,Mixed
2016-09-29 06:00:00,Rat_lodging_Ben,340.99,20.0,8.0,19.4,1018.8,6.7,6,4,9,273,32516.0,1949.0,Mixed
2016-09-29 07:00:00,Rat_lodging_Ben,349.55,20.6,8.0,19.4,1018.1,8.8,7,4,9,273,32516.0,1949.0,Mixed
2016-09-29 08:00:00,Rat_lodging_Ben,359.61,21.1,8.0,20.0,1019.1500000000001,4.6,8,4,9,273,32516.0,1949.0,Mixed
2016-09-29 09:00:00,Rat_lodging_Ben,372.66,21.1,8.0,20.0,1020.2,6.7,9,4,9,273,32516.0,1949.0,Mixed
2016-09-29 10:00:00,Rat_lodging_Ben,371.84,21.1,8.0,20.0,1020.5,7.2,10,4,9,273,32516.0,1949.0,Mixed
2016-09-29 11:00:00,Rat_lodging_Ben,381.1,21.1,8.0,20.0,1020.8,8.2,11,4,9,273,32516.0,1949.0,Mixed
2016-09-29 12:00:00,Rat_lodging_Ben,378.99,21.1,8.0,20.0,1020.9,8.8,12,4,9,273,32516.0,1949.0,Mixed
2016-09-29 13:00:00,Rat_lodging_Ben,382.19,21.1,8.0,20.6,1020.8,6.2,13,4,9,273,32516.0,1949.0,Mixed
2016-09-29 14:00:00,Rat_lodging_Ben,381.75,21.1,8.0,20.0,1020.4,6.7,14,4,9,273,32516.0,1949.0,Mixed
2016-09-29 15:00:00,Rat_lodging_Ben,381.51,20.6,8.0,19.4,1020.7,5.7,15,4,9,273,32516.0,1949.0,Mixed
2016-09-29 16:00:00,Rat_lodging_Ben,364.08,20.6,8.0,19.4,1020.7,5.7,16,4,9,273,32516.0,1949.0,Mixed
2016-09-29 17:00:00,Rat_lodging_Ben,361.41,20.0,8.0,18.9,1021.0,6.2,17,4,9,273,32516.0,1949.0,Mixed
2016-09-29 18:00:00,Rat_lodging_Ben,331.57,20.0,8.0,18.9,1021.0,5.7,18,4,9,273,32516.0,1949.0,Mixed
2016-09-29 19:00:00,Rat_lodging_Ben,326.05,19.4,8.0,18.3,1021.0,8.8,19,4,9,273,32516.0,1949.0,Mixed
2016-09-29 20:00:00,Rat_lodging_Ben,328.23,18.9,8.0,18.3,1021.4,7.2,20,4,9,273,32516.0,1949.0,Mixed
2016-09-29 21:00:00,Rat_lodging_Ben,312.31,18.9,8.0,18.3,1021.7,7.2,21,4,9,273,32516.0,1949.0,Mixed
2016-09-29 22:00:00,Rat_lodging_Ben,285.53,18.9,8.0,17.8,1021.4,6.2,22,4,9,273,32516.0,1949.0,Mixed
2016-09-29 23:00:00,Rat_lodging_Ben,264.82,18.3,8.0,17.8,1021.3,6.2,23,4,9,273,32516.0,1949.0,Mixed
2016-09-30 00:00:00,Rat_lodging_Ben,258.11,18.3,8.0,17.8,1020.6,7.7,0,5,9,274,32516.0,1949.0,Mixed
2016-09-30 01:00:00,Rat_lodging_Ben,249.82,17.8,8.0,17.2,1020.5,5.7,1,5,9,274,32516.0,1949.0,Mixed
2016-09-30 02:00:00,Rat_lodging_Ben,247.33,17.8,8.0,17.2,1020.1,7.2,2,5,9,274,32516.0,1949.0,Mixed
2016-09-30 03:00:00,Rat_lodging_Ben,245.07,17.8,8.0,17.2,1020.0,7.7,3,5,9,274,32516.0,1949.0,Mixed
2016-09-30 04:00:00,Rat_lodging_Ben,238.71,17.8,8.0,16.7,1020.1,7.2,4,5,9,274,32516.0,1949.0,Mixed
2016-09-30 05:00:00,Rat_lodging_Ben,257.92,16.7,8.0,16.1,1020.7,6.7,5,5,9,274,32516.0,1949.0,Mixed
2016-09-30 06:00:00,Rat_lodging_Ben,286.24,16.7,8.0,16.1,1020.7,7.7,6,5,9,274,32516.0,1949.0,Mixed
2016-09-30 07:00:00,Rat_lodging_Ben,293.35,16.7,8.0,16.1,1021.3,6.7,7,5,9,274,32516.0,1949.0,Mixed
2016-09-30 08:00:00,Rat_lodging_Ben,306.65,16.7,8.0,16.1,1021.2,7.2,8,5,9,274,32516.0,1949.0,Mixed
2016-09-30 09:00:00,Rat_lodging_Ben,317.49,17.2,8.0,16.1,1021.6,6.2,9,5,9,274,32516.0,1949.0,Mixed
2016-09-30 10:00:00,Rat_lodging_Ben,323.95,17.8,8.0,16.7,1021.5,7.2,10,5,9,274,32516.0,1949.0,Mixed
2016-09-30 11:00:00,Rat_lodging_Ben,333.88,17.8,8.0,17.2,1021.4,6.2,11,5,9,274,32516.0,1949.0,Mixed
2016-09-30 12:00:00,Rat_lodging_Ben,332.19,18.3,8.0,17.2,1020.9,7.2,12,5,9,274,32516.0,1949.0,Mixed
2016-09-30 13:00:00,Rat_lodging_Ben,326.14,18.3,8.0,17.2,1020.9,7.7,13,5,9,274,32516.0,1949.0,Mixed
2016-09-30 14:00:00,Rat_lodging_Ben,328.18,18.3,8.0,17.2,1020.4,7.2,14,5,9,274,32516.0,1949.0,Mixed
2016-09-30 15:00:00,Rat_lodging_Ben,328.0,18.3,8.0,17.8,1019.5,7.2,15,5,9,274,32516.0,1949.0,Mixed
2016-09-30 16:00:00,Rat_lodging_Ben,317.29,18.3,8.0,17.8,1020.0,5.1,16,5,9,274,32516.0,1949.0,Mixed
2016-09-30 17:00:00,Rat_lodging_Ben,321.01,18.3,8.0,18.3,1019.8,5.1,17,5,9,274,32516.0,1949.0,Mixed
2016-09-30 18:00:00,Rat_lodging_Ben,319.96,18.9,8.0,18.3,1020.2,5.1,18,5,9,274,32516.0,1949.0,Mixed
2016-09-30 19:00:00,Rat_lodging_Ben,308.85,18.9,8.0,18.3,1019.9,6.2,19,5,9,274,32516.0,1949.0,Mixed
2016-09-30 20:00:00,Rat_lodging_Ben,308.13,18.3,8.0,18.3,1019.8,7.2,20,5,9,274,32516.0,1949.0,Mixed
2016-09-30 21:00:00,Rat_lodging_Ben,291.63,18.3,8.0,17.8,1020.2,6.2,21,5,9,274,32516.0,1949.0,Mixed
2016-09-30 22:00:00,Rat_lodging_Ben,280.58,18.3,8.0,17.8,1020.1,6.7,22,5,9,274,32516.0,1949.0,Mixed
2016-09-30 23:00:00,Rat_lodging_Ben,268.15,18.3,8.0,17.8,1020.0,6.2,23,5,9,274,32516.0,1949.0,Mixed
2016-10-01 00:00:00,Rat_lodging_Ben,264.76,17.8,8.0,17.8,1020.2,4.6,0,6,10,275,32516.0,1949.0,Mixed
2016-10-01 01:00:00,Rat_lodging_Ben,260.71,17.8,8.0,17.8,1019.9,4.6,1,6,10,275,32516.0,1949.0,Mixed
2016-10-01 02:00:00,Rat_lodging_Ben,253.98,17.8,8.0,17.8,1019.5,4.6,2,6,10,275,32516.0,1949.0,Mixed
2016-10-01 03:00:00,Rat_lodging_Ben,244.75,17.8,8.0,17.8,1019.4,4.1,3,6,10,275,32516.0,1949.0,Mixed
2016-10-01 04:00:00,Rat_lodging_Ben,250.62,17.8,8.0,17.8,1019.2,4.1,4,6,10,275,32516.0,1949.0,Mixed
2016-10-01 05:00:00,Rat_lodging_Ben,256.49,17.8,8.0,17.8,1019.4,5.1,5,6,10,275,32516.0,1949.0,Mixed
2016-10-01 06:00:00,Rat_lodging_Ben,273.45,17.8,8.0,17.8,1019.4,5.7,6,6,10,275,32516.0,1949.0,Mixed
2016-10-01 07:00:00,Rat_lodging_Ben,286.21,17.8,8.0,17.8,1019.7,6.2,7,6,10,275,32516.0,1949.0,Mixed
2016-10-01 08:00:00,Rat_lodging_Ben,303.75,17.8,8.0,17.8,1020.1,3.6,8,6,10,275,32516.0,1949.0,Mixed
2016-10-01 09:00:00,Rat_lodging_Ben,305.83,17.8,8.0,17.8,1020.1500000000001,3.6,9,6,10,275,32516.0,1949.0,Mixed
2016-10-01 10:00:00,Rat_lodging_Ben,308.33,18.3,8.0,17.8,1020.2,4.6,10,6,10,275,32516.0,1949.0,Mixed
2016-10-01 11:00:00,Rat_lodging_Ben,322.14,18.9,8.0,18.3,1019.8,3.6,11,6,10,275,32516.0,1949.0,Mixed
2016-10-01 12:00:00,Rat_lodging_Ben,324.75,18.9,8.0,18.3,1019.7,3.1,12,6,10,275,32516.0,1949.0,Mixed
2016-10-01 13:00:00,Rat_lodging_Ben,318.93,19.4,8.0,18.9,1019.1,4.6,13,6,10,275,32516.0,1949.0,Mixed
2016-10-01 14:00:00,Rat_lodging_Ben,317.86,18.9,8.0,18.3,1018.7,4.1,14,6,10,275,32516.0,1949.0,Mixed
2016-10-01 15:00:00,Rat_lodging_Ben,319.41,18.9,8.0,18.3,1018.3,4.1,15,6,10,275,32516.0,1949.0,Mixed
2016-10-01 16:00:00,Rat_lodging_Ben,315.68,18.9,8.0,18.3,1018.1,4.1,16,6,10,275,32516.0,1949.0,Mixed
2016-10-01 17:00:00,Rat_lodging_Ben,312.08,18.9,8.0,18.3,1018.2,3.6,17,6,10,275,32516.0,1949.0,Mixed
2016-10-01 18:00:00,Rat_lodging_Ben,316.86,18.9,8.0,17.8,1018.5,2.6,18,6,10,275,32516.0,1949.0,Mixed
2016-10-01 19:00:00,Rat_lodging_Ben,293.91,18.9,8.0,17.8,1018.4,3.6,19,6,10,275,32516.0,1949.0,Mixed
2016-10-01 20:00:00,Rat_lodging_Ben,299.07,18.3,8.0,17.8,1018.6,3.1,20,6,10,275,32516.0,1949.0,Mixed
2016-10-01 21:00:00,Rat_lodging_Ben,305.52,18.3,8.0,18.3,1018.8,2.1,21,6,10,275,32516.0,1949.0,Mixed
2016-10-01 22:00:00,Rat_lodging_Ben,284.66,18.3,8.0,18.3,1018.8,2.6,22,6,10,275,32516.0,1949.0,Mixed
2016-10-01 23:00:00,Rat_lodging_Ben,277.04,18.3,8.0,18.3,1019.0,2.6,23,6,10,275,32516.0,1949.0,Mixed
2016-10-02 00:00:00,Rat_lodging_Ben,276.09,18.3,8.0,18.3,1018.7,2.6,0,7,10,276,32516.0,1949.0,Mixed
2016-10-02 01:00:00,Rat_lodging_Ben,267.84,18.3,8.0,18.3,1018.9,2.6,1,7,10,276,32516.0,1949.0,Mixed
2016-10-02 02:00:00,Rat_lodging_Ben,265.53,18.3,8.0,18.3,1018.9,2.1,2,7,10,276,32516.0,1949.0,Mixed
2016-10-02 03:00:00,Rat_lodging_Ben,261.1,18.3,8.0,18.3,1018.8,2.1,3,7,10,276,32516.0,1949.0,Mixed
2016-10-02 04:00:00,Rat_lodging_Ben,259.67,18.3,8.0,18.3,1018.5,2.6,4,7,10,276,32516.0,1949.0,Mixed
2016-10-02 05:00:00,Rat_lodging_Ben,263.41,18.3,8.0,18.3,1018.4,2.6,5,7,10,276,32516.0,1949.0,Mixed
2016-10-02 06:00:00,Rat_lodging_Ben,282.03,18.3,8.0,18.3,1018.6,2.6,6,7,10,276,32516.0,1949.0,Mixed
2016-10-02 07:00:00,Rat_lodging_Ben,298.4,18.3,8.0,18.3,1018.6,3.1,7,7,10,276,32516.0,1949.0,Mixed
2016-10-02 08:00:00,Rat_lodging_Ben,312.36,18.9,8.0,18.3,1019.0,2.1,8,7,10,276,32516.0,1949.0,Mixed
2016-10-02 09:00:00,Rat_lodging_Ben,343.95,19.4,8.0,18.3,1019.2,2.1,9,7,10,276,32516.0,1949.0,Mixed
2016-10-02 10:00:00,Rat_lodging_Ben,362.73,20.6,8.0,18.3,1019.1,0.0,10,7,10,276,32516.0,1949.0,Mixed
2016-10-02 11:00:00,Rat_lodging_Ben,379.28,21.1,7.333333333333333,18.3,1018.7,1.5,11,7,10,276,32516.0,1949.0,Mixed
2016-10-02 12:00:00,Rat_lodging_Ben,385.19,22.2,6.666666666666667,17.8,1018.2,1.5,12,7,10,276,32516.0,1949.0,Mixed
2016-10-02 13:00:00,Rat_lodging_Ben,389.86,22.8,6.0,17.8,1017.4,1.5,13,7,10,276,32516.0,1949.0,Mixed
2016-10-02 14:00:00,Rat_lodging_Ben,395.08,23.9,6.0,18.3,1016.9,2.6,14,7,10,276,32516.0,1949.0,Mixed
2016-10-02 15:00:00,Rat_lodging_Ben,403.44,23.9,6.0,17.2,1016.8,0.0,15,7,10,276,32516.0,1949.0,Mixed
2016-10-02 16:00:00,Rat_lodging_Ben,382.42,23.9,6.0,17.8,1016.5,0.0,16,7,10,276,32516.0,1949.0,Mixed
2016-10-02 17:00:00,Rat_lodging_Ben,366.24,22.8,4.0,17.8,1016.2,1.5,17,7,10,276,32516.0,1949.0,Mixed
2016-10-02 18:00:00,Rat_lodging_Ben,345.62,22.2,4.0,16.7,1016.1,2.6,18,7,10,276,32516.0,1949.0,Mixed
2016-10-02 19:00:00,Rat_lodging_Ben,347.36,21.1,4.0,16.7,1016.2,2.1,19,7,10,276,32516.0,1949.0,Mixed
2016-10-02 20:00:00,Rat_lodging_Ben,331.47,20.6,4.0,18.9,1016.5,0.0,20,7,10,276,32516.0,1949.0,Mixed
2016-10-02 21:00:00,Rat_lodging_Ben,334.64,20.0,6.0,19.4,1016.6,0.0,21,7,10,276,32516.0,1949.0,Mixed
2016-10-02 22:00:00,Rat_lodging_Ben,316.91,20.6,8.0,19.4,1016.7,1.5,22,7,10,276,32516.0,1949.0,Mixed
2016-10-02 23:00:00,Rat_lodging_Ben,298.18,20.0,8.0,19.4,1016.6,0.0,23,7,10,276,32516.0,1949.0,Mixed
2016-10-03 00:00:00,Rat_lodging_Ben,295.76,20.0,8.0,18.9,1016.7,1.5,0,1,10,277,32516.0,1949.0,Mixed
2016-10-03 01:00:00,Rat_lodging_Ben,287.33,20.0,8.0,18.9,1016.3,0.0,1,1,10,277,32516.0,1949.0,Mixed
2016-10-03 02:00:00,Rat_lodging_Ben,286.19,19.4,7.333333333333333,18.9,1016.3,1.5,2,1,10,277,32516.0,1949.0,Mixed
2016-10-03 03:00:00,Rat_lodging_Ben,288.31,19.4,6.666666666666667,18.9,1016.0,0.0,3,1,10,277,32516.0,1949.0,Mixed
2016-10-03 04:00:00,Rat_lodging_Ben,283.32,18.9,6.0,18.3,1015.9,2.1,4,1,10,277,32516.0,1949.0,Mixed
2016-10-03 05:00:00,Rat_lodging_Ben,297.44,17.8,2.0,17.2,1016.4,2.6,5,1,10,277,32516.0,1949.0,Mixed
2016-10-03 06:00:00,Rat_lodging_Ben,314.85,17.8,4.0,16.7,1016.6,2.1,6,1,10,277,32516.0,1949.0,Mixed
2016-10-03 07:00:00,Rat_lodging_Ben,337.39,18.9,6.0,17.2,1017.0,3.1,7,1,10,277,32516.0,1949.0,Mixed
2016-10-03 08:00:00,Rat_lodging_Ben,368.95,20.0,5.0,16.1,1017.3,4.1,8,1,10,277,32516.0,1949.0,Mixed
2016-10-03 09:00:00,Rat_lodging_Ben,385.25,21.7,4.0,15.6,1017.6,5.1,9,1,10,277,32516.0,1949.0,Mixed
2016-10-03 10:00:00,Rat_lodging_Ben,413.51,22.8,4.0,15.0,1017.8,4.1,10,1,10,277,32516.0,1949.0,Mixed
2016-10-03 11:00:00,Rat_lodging_Ben,405.37,23.9,4.0,13.9,1017.8,5.1,11,1,10,277,32516.0,1949.0,Mixed
2016-10-03 12:00:00,Rat_lodging_Ben,424.53,24.4,4.0,13.3,1017.5,2.6,12,1,10,277,32516.0,1949.0,Mixed
2016-10-03 13:00:00,Rat_lodging_Ben,434.09,24.4,4.0,12.2,1016.9,6.2,13,1,10,277,32516.0,1949.0,Mixed
2016-10-03 14:00:00,Rat_lodging_Ben,419.84,23.9,4.0,10.6,1016.6,4.6,14,1,10,277,32516.0,1949.0,Mixed
2016-10-03 15:00:00,Rat_lodging_Ben,425.81,25.0,4.0,12.2,1016.7,3.1,15,1,10,277,32516.0,1949.0,Mixed
2016-10-03 16:00:00,Rat_lodging_Ben,411.51,24.4,4.0,12.2,1016.6,4.6,16,1,10,277,32516.0,1949.0,Mixed
2016-10-03 17:00:00,Rat_lodging_Ben,379.12,23.9,4.0,12.2,1017.0,4.1,17,1,10,277,32516.0,1949.0,Mixed
2016-10-03 18:00:00,Rat_lodging_Ben,367.06,21.7,4.0,12.2,1017.4,3.1,18,1,10,277,32516.0,1949.0,Mixed
2016-10-03 19:00:00,Rat_lodging_Ben,346.79,21.1,4.0,13.3,1018.3,3.1,19,1,10,277,32516.0,1949.0,Mixed
2016-10-03 20:00:00,Rat_lodging_Ben,336.21,20.0,4.0,13.9,1018.8,2.6,20,1,10,277,32516.0,1949.0,Mixed
2016-10-03 21:00:00,Rat_lodging_Ben,315.25,18.9,2.0,14.4,1019.0,2.6,21,1,10,277,32516.0,1949.0,Mixed
2016-10-03 22:00:00,Rat_lodging_Ben,288.64,18.9,2.0,15.6,1019.3,2.1,22,1,10,277,32516.0,1949.0,Mixed
2016-10-03 23:00:00,Rat_lodging_Ben,282.92,17.8,2.0,14.4,1019.6,2.1,23,1,10,277,32516.0,1949.0,Mixed
2016-10-04 00:00:00,Rat_lodging_Ben,278.57,17.2,2.0,14.4,1020.2,0.0,0,2,10,278,32516.0,1949.0,Mixed
2016-10-04 01:00:00,Rat_lodging_Ben,272.27,17.2,0.0,15.0,1020.5,0.0,1,2,10,278,32516.0,1949.0,Mixed
2016-10-04 02:00:00,Rat_lodging_Ben,267.87,16.1,0.0,14.4,1020.7,1.5,2,2,10,278,32516.0,1949.0,Mixed
2016-10-04 03:00:00,Rat_lodging_Ben,260.77,16.1,0.0,13.9,1020.9,2.1,3,2,10,278,32516.0,1949.0,Mixed
2016-10-04 04:00:00,Rat_lodging_Ben,251.23,15.0,0.0,13.3,1021.4,2.6,4,2,10,278,32516.0,1949.0,Mixed
2016-10-04 05:00:00,Rat_lodging_Ben,273.88,15.0,0.0,13.3,1021.8,3.6,5,2,10,278,32516.0,1949.0,Mixed
2016-10-04 06:00:00,Rat_lodging_Ben,282.07,15.0,2.0,13.3,1022.5,2.6,6,2,10,278,32516.0,1949.0,Mixed
2016-10-04 07:00:00,Rat_lodging_Ben,292.96,15.6,2.0,13.9,1023.0,2.1,7,2,10,278,32516.0,1949.0,Mixed
2016-10-04 08:00:00,Rat_lodging_Ben,328.96,17.8,2.0,14.4,1023.4,4.6,8,2,10,278,32516.0,1949.0,Mixed
2016-10-04 09:00:00,Rat_lodging_Ben,353.57,18.9,2.0,15.0,1024.0,3.6,9,2,10,278,32516.0,1949.0,Mixed
2016-10-04 10:00:00,Rat_lodging_Ben,391.69,19.4,6.0,16.7,1024.3,4.1,10,2,10,278,32516.0,1949.0,Mixed
2016-10-04 11:00:00,Rat_lodging_Ben,423.15,21.1,4.0,16.1,1024.3,3.6,11,2,10,278,32516.0,1949.0,Mixed
2016-10-04 12:00:00,Rat_lodging_Ben,416.41,22.2,4.0,16.1,1024.0,4.1,12,2,10,278,32516.0,1949.0,Mixed
2016-10-04 13:00:00,Rat_lodging_Ben,433.05,22.8,4.0,15.0,1023.8,5.7,13,2,10,278,32516.0,1949.0,Mixed
2016-10-04 14:00:00,Rat_lodging_Ben,421.56,22.2,4.0,16.1,1023.5,7.2,14,2,10,278,32516.0,1949.0,Mixed
2016-10-04 15:00:00,Rat_lodging_Ben,416.59,21.7,4.0,15.6,1023.4,6.7,15,2,10,278,32516.0,1949.0,Mixed
2016-10-04 16:00:00,Rat_lodging_Ben,403.45,22.2,4.0,15.6,1023.1,6.2,16,2,10,278,32516.0,1949.0,Mixed
2016-10-04 17:00:00,Rat_lodging_Ben,371.5,21.1,4.0,15.0,1023.5,6.2,17,2,10,278,32516.0,1949.0,Mixed
2016-10-04 18:00:00,Rat_lodging_Ben,329.15,20.0,4.0,15.6,1024.3,5.7,18,2,10,278,32516.0,1949.0,Mixed
2016-10-04 19:00:00,Rat_lodging_Ben,320.16,18.9,4.0,15.0,1024.8,6.2,19,2,10,278,32516.0,1949.0,Mixed
2016-10-04 20:00:00,Rat_lodging_Ben,304.5,18.3,4.0,14.4,1025.1,4.6,20,2,10,278,32516.0,1949.0,Mixed
2016-10-04 21:00:00,Rat_lodging_Ben,294.91,17.8,2.0,14.4,1025.2,3.6,21,2,10,278,32516.0,1949.0,Mixed
2016-10-04 22:00:00,Rat_lodging_Ben,269.69,17.2,2.0,14.4,1025.2,5.1,22,2,10,278,32516.0,1949.0,Mixed
2016-10-04 23:00:00,Rat_lodging_Ben,254.33,17.2,2.0,14.4,1025.2,5.7,23,2,10,278,32516.0,1949.0,Mixed
2016-10-05 00:00:00,Rat_lodging_Ben,251.27,16.7,0.0,14.4,1025.3,4.6,0,3,10,279,32516.0,1949.0,Mixed
2016-10-05 01:00:00,Rat_lodging_Ben,250.18,16.1,0.0,14.4,1025.4,3.1,1,3,10,279,32516.0,1949.0,Mixed
2016-10-05 02:00:00,Rat_lodging_Ben,238.51,15.6,0.0,13.9,1025.4,3.6,2,3,10,279,32516.0,1949.0,Mixed
2016-10-05 03:00:00,Rat_lodging_Ben,242.3,15.6,0.0,13.9,1025.2,3.6,3,3,10,279,32516.0,1949.0,Mixed
2016-10-05 04:00:00,Rat_lodging_Ben,243.5,15.0,2.0,13.9,1025.4,3.6,4,3,10,279,32516.0,1949.0,Mixed
2016-10-05 05:00:00,Rat_lodging_Ben,261.92,14.4,2.0,13.3,1025.9,3.1,5,3,10,279,32516.0,1949.0,Mixed
2016-10-05 06:00:00,Rat_lodging_Ben,284.56,15.0,2.0,13.9,1026.3,2.6,6,3,10,279,32516.0,1949.0,Mixed
2016-10-05 07:00:00,Rat_lodging_Ben,297.74,15.6,2.0,13.3,1026.2,4.6,7,3,10,279,32516.0,1949.0,Mixed
2016-10-05 08:00:00,Rat_lodging_Ben,319.75,16.7,4.0,13.3,1026.6,5.7,8,3,10,279,32516.0,1949.0,Mixed
2016-10-05 09:00:00,Rat_lodging_Ben,338.46,17.8,4.0,12.8,1026.9,6.7,9,3,10,279,32516.0,1949.0,Mixed
2016-10-05 10:00:00,Rat_lodging_Ben,370.74,17.8,6.0,12.8,1026.8,4.6,10,3,10,279,32516.0,1949.0,Mixed
2016-10-05 11:00:00,Rat_lodging_Ben,387.19,20.6,4.0,13.3,1026.4,4.6,11,3,10,279,32516.0,1949.0,Mixed
2016-10-05 12:00:00,Rat_lodging_Ben,383.49,20.6,5.0,12.8,1026.0,3.1,12,3,10,279,32516.0,1949.0,Mixed
2016-10-05 13:00:00,Rat_lodging_Ben,377.74,20.0,6.0,12.2,1025.2,3.6,13,3,10,279,32516.0,1949.0,Mixed
2016-10-05 14:00:00,Rat_lodging_Ben,385.34,22.2,6.0,13.3,1024.6,4.1,14,3,10,279,32516.0,1949.0,Mixed
2016-10-05 15:00:00,Rat_lodging_Ben,389.13,21.1,6.0,12.2,1024.4,2.1,15,3,10,279,32516.0,1949.0,Mixed
2016-10-05 16:00:00,Rat_lodging_Ben,367.35,20.6,6.0,13.3,1024.5,3.6,16,3,10,279,32516.0,1949.0,Mixed
2016-10-05 17:00:00,Rat_lodging_Ben,338.74,20.0,5.0,12.2,1024.5,3.1,17,3,10,279,32516.0,1949.0,Mixed
2016-10-05 18:00:00,Rat_lodging_Ben,319.95,18.9,4.0,12.8,1024.4,3.1,18,3,10,279,32516.0,1949.0,Mixed
2016-10-05 19:00:00,Rat_lodging_Ben,315.79,18.9,4.0,13.3,1024.8,3.6,19,3,10,279,32516.0,1949.0,Mixed
2016-10-05 20:00:00,Rat_lodging_Ben,303.93,18.9,4.0,12.8,1025.2,2.1,20,3,10,279,32516.0,1949.0,Mixed
2016-10-05 21:00:00,Rat_lodging_Ben,298.83,18.9,5.0,13.3,1025.0,3.6,21,3,10,279,32516.0,1949.0,Mixed
2016-10-05 22:00:00,Rat_lodging_Ben,272.28,17.8,6.0,14.4,1025.4,4.6,22,3,10,279,32516.0,1949.0,Mixed
2016-10-05 23:00:00,Rat_lodging_Ben,258.49,17.2,2.0,13.9,1025.4,2.1,23,3,10,279,32516.0,1949.0,Mixed
2016-10-06 00:00:00,Rat_lodging_Ben,247.79,16.1,0.0,14.4,1025.0,3.6,0,4,10,280,32516.0,1949.0,Mixed
2016-10-06 01:00:00,Rat_lodging_Ben,246.73,16.1,6.0,14.4,1025.2,2.6,1,4,10,280,32516.0,1949.0,Mixed
2016-10-06 02:00:00,Rat_lodging_Ben,235.67,16.1,6.666666666666667,14.4,1025.1,2.1,2,4,10,280,32516.0,1949.0,Mixed
2016-10-06 03:00:00,Rat_lodging_Ben,241.4,16.1,7.333333333333333,14.4,1024.7,3.1,3,4,10,280,32516.0,1949.0,Mixed
2016-10-06 04:00:00,Rat_lodging_Ben,242.29,16.1,8.0,14.4,1024.8,3.6,4,4,10,280,32516.0,1949.0,Mixed
2016-10-06 05:00:00,Rat_lodging_Ben,263.41,16.1,8.0,14.4,1025.0,4.1,5,4,10,280,32516.0,1949.0,Mixed
2016-10-06 06:00:00,Rat_lodging_Ben,288.08,16.1,8.0,14.4,1025.5,4.1,6,4,10,280,32516.0,1949.0,Mixed
2016-10-06 07:00:00,Rat_lodging_Ben,297.51,16.1,8.0,14.4,1025.9,4.6,7,4,10,280,32516.0,1949.0,Mixed
2016-10-06 08:00:00,Rat_lodging_Ben,306.54,16.7,8.0,13.9,1026.3,5.1,8,4,10,280,32516.0,1949.0,Mixed
2016-10-06 09:00:00,Rat_lodging_Ben,308.66,17.8,8.0,14.4,1026.6,3.6,9,4,10,280,32516.0,1949.0,Mixed
2016-10-06 10:00:00,Rat_lodging_Ben,305.86,17.8,8.0,15.0,1026.6,3.1,10,4,10,280,32516.0,1949.0,Mixed
2016-10-06 11:00:00,Rat_lodging_Ben,333.23,18.3,8.0,15.6,1026.2,3.6,11,4,10,280,32516.0,1949.0,Mixed
2016-10-06 12:00:00,Rat_lodging_Ben,336.37,19.4,8.0,15.6,1026.0,3.1,12,4,10,280,32516.0,1949.0,Mixed
2016-10-06 13:00:00,Rat_lodging_Ben,350.35,20.6,8.0,15.6,1025.7,2.1,13,4,10,280,32516.0,1949.0,Mixed
2016-10-06 14:00:00,Rat_lodging_Ben,358.01,20.6,7.333333333333333,15.6,1025.5,3.1,14,4,10,280,32516.0,1949.0,Mixed
2016-10-06 15:00:00,Rat_lodging_Ben,360.66,20.6,6.666666666666667,15.6,1025.3,2.6,15,4,10,280,32516.0,1949.0,Mixed
2016-10-06 16:00:00,Rat_lodging_Ben,345.64,20.6,6.0,15.6,1024.9,3.1,16,4,10,280,32516.0,1949.0,Mixed
2016-10-06 17:00:00,Rat_lodging_Ben,333.64,21.1,5.0,15.6,1025.0,2.6,17,4,10,280,32516.0,1949.0,Mixed
2016-10-06 18:00:00,Rat_lodging_Ben,328.51,20.0,4.0,15.6,1024.9,2.1,18,4,10,280,32516.0,1949.0,Mixed
2016-10-06 19:00:00,Rat_lodging_Ben,325.81,19.4,6.0,15.6,1025.2,3.6,19,4,10,280,32516.0,1949.0,Mixed
2016-10-06 20:00:00,Rat_lodging_Ben,319.58,18.9,5.333333333333333,15.6,1025.5,2.6,20,4,10,280,32516.0,1949.0,Mixed
2016-10-06 21:00:00,Rat_lodging_Ben,301.09,18.9,4.666666666666667,15.6,1025.5,2.1,21,4,10,280,32516.0,1949.0,Mixed
2016-10-06 22:00:00,Rat_lodging_Ben,279.28,18.3,4.0,16.1,1025.5,2.6,22,4,10,280,32516.0,1949.0,Mixed
2016-10-06 23:00:00,Rat_lodging_Ben,270.77,18.9,5.333333333333333,16.1,1025.3,2.1,23,4,10,280,32516.0,1949.0,Mixed
2016-10-07 00:00:00,Rat_lodging_Ben,262.22,18.3,6.666666666666666,16.1,1025.1,1.5,0,5,10,281,32516.0,1949.0,Mixed
2016-10-07 01:00:00,Rat_lodging_Ben,246.63,18.3,8.0,15.6,1024.6,2.6,1,5,10,281,32516.0,1949.0,Mixed
2016-10-07 02:00:00,Rat_lodging_Ben,236.15,17.2,2.0,15.6,1024.1,3.6,2,5,10,281,32516.0,1949.0,Mixed
2016-10-07 03:00:00,Rat_lodging_Ben,253.94,16.7,2.0,15.6,1023.5,3.1,3,5,10,281,32516.0,1949.0,Mixed
2016-10-07 04:00:00,Rat_lodging_Ben,256.17,16.7,4.0,15.6,1023.8,2.6,4,5,10,281,32516.0,1949.0,Mixed
2016-10-07 05:00:00,Rat_lodging_Ben,269.79,16.7,5.333333333333333,15.6,1023.9,3.1,5,5,10,281,32516.0,1949.0,Mixed
2016-10-07 06:00:00,Rat_lodging_Ben,302.55,16.7,6.666666666666666,15.6,1024.3,2.1,6,5,10,281,32516.0,1949.0,Mixed
2016-10-07 07:00:00,Rat_lodging_Ben,321.67,17.2,8.0,16.1,1024.5,2.6,7,5,10,281,32516.0,1949.0,Mixed
2016-10-07 08:00:00,Rat_lodging_Ben,320.76,17.8,8.0,16.1,1024.8,5.7,8,5,10,281,32516.0,1949.0,Mixed
2016-10-07 09:00:00,Rat_lodging_Ben,325.65,17.8,8.0,16.7,1024.4,5.1,9,5,10,281,32516.0,1949.0,Mixed
2016-10-07 10:00:00,Rat_lodging_Ben,334.68,18.3,8.0,17.2,1024.2,3.1,10,5,10,281,32516.0,1949.0,Mixed
2016-10-07 11:00:00,Rat_lodging_Ben,382.58,19.4,8.0,17.2,1023.9,2.6,11,5,10,281,32516.0,1949.0,Mixed
2016-10-07 12:00:00,Rat_lodging_Ben,389.45,20.0,8.0,17.2,1023.8,2.6,12,5,10,281,32516.0,1949.0,Mixed
2016-10-07 13:00:00,Rat_lodging_Ben,403.34,21.1,8.0,17.2,1023.1,3.6,13,5,10,281,32516.0,1949.0,Mixed
2016-10-07 14:00:00,Rat_lodging_Ben,420.4,21.7,8.0,17.8,1022.5,4.6,14,5,10,281,32516.0,1949.0,Mixed
2016-10-07 15:00:00,Rat_lodging_Ben,421.81,22.2,8.0,17.8,1022.1,2.6,15,5,10,281,32516.0,1949.0,Mixed
2016-10-07 16:00:00,Rat_lodging_Ben,406.76,22.8,8.0,17.8,1021.5,4.1,16,5,10,281,32516.0,1949.0,Mixed
2016-10-07 17:00:00,Rat_lodging_Ben,378.91,22.2,8.0,18.3,1021.2,3.6,17,5,10,281,32516.0,1949.0,Mixed
2016-10-07 18:00:00,Rat_lodging_Ben,361.74,21.7,8.0,17.8,1021.2,3.1,18,5,10,281,32516.0,1949.0,Mixed
2016-10-07 19:00:00,Rat_lodging_Ben,354.01,21.1,8.0,17.8,1021.0,3.6,19,5,10,281,32516.0,1949.0,Mixed
2016-10-07 20:00:00,Rat_lodging_Ben,338.62,20.6,8.0,17.8,1021.3,2.6,20,5,10,281,32516.0,1949.0,Mixed
2016-10-07 21:00:00,Rat_lodging_Ben,315.8,20.0,8.0,17.8,1021.0,3.1,21,5,10,281,32516.0,1949.0,Mixed
2016-10-07 22:00:00,Rat_lodging_Ben,304.81,19.4,8.0,17.8,1020.3,3.1,22,5,10,281,32516.0,1949.0,Mixed
2016-10-07 23:00:00,Rat_lodging_Ben,290.44,18.9,8.0,17.8,1020.1,3.6,23,5,10,281,32516.0,1949.0,Mixed
2016-10-08 00:00:00,Rat_lodging_Ben,286.91,18.9,8.0,17.8,1019.5,2.6,0,6,10,282,32516.0,1949.0,Mixed
2016-10-08 01:00:00,Rat_lodging_Ben,283.68,18.9,8.0,17.8,1019.7,3.6,1,6,10,282,32516.0,1949.0,Mixed
2016-10-08 02:00:00,Rat_lodging_Ben,275.71,18.9,8.0,17.8,1019.2,3.6,2,6,10,282,32516.0,1949.0,Mixed
2016-10-08 03:00:00,Rat_lodging_Ben,279.67,18.9,8.0,17.8,1018.7,3.6,3,6,10,282,32516.0,1949.0,Mixed
2016-10-08 04:00:00,Rat_lodging_Ben,270.5,18.9,8.0,17.8,1018.4,4.1,4,6,10,282,32516.0,1949.0,Mixed
2016-10-08 05:00:00,Rat_lodging_Ben,277.25,18.3,8.0,17.8,1018.2,4.6,5,6,10,282,32516.0,1949.0,Mixed
2016-10-08 06:00:00,Rat_lodging_Ben,281.77,18.9,8.0,17.8,1018.4,3.1,6,6,10,282,32516.0,1949.0,Mixed
2016-10-08 07:00:00,Rat_lodging_Ben,310.42,18.3,8.0,17.8,1018.0,2.6,7,6,10,282,32516.0,1949.0,Mixed
2016-10-08 08:00:00,Rat_lodging_Ben,314.55,18.9,8.0,17.8,1018.2,3.1,8,6,10,282,32516.0,1949.0,Mixed
2016-10-08 09:00:00,Rat_lodging_Ben,316.15,18.9,8.0,17.8,1018.2,3.1,9,6,10,282,32516.0,1949.0,Mixed
2016-10-08 10:00:00,Rat_lodging_Ben,317.36,18.9,8.0,18.3,1018.3,4.1,10,6,10,282,32516.0,1949.0,Mixed
2016-10-08 11:00:00,Rat_lodging_Ben,326.12,19.4,8.0,18.3,1017.5,4.6,11,6,10,282,32516.0,1949.0,Mixed
2016-10-08 12:00:00,Rat_lodging_Ben,315.95,19.4,8.0,18.9,1017.4,4.1,12,6,10,282,32516.0,1949.0,Mixed
2016-10-08 13:00:00,Rat_lodging_Ben,323.5,19.4,8.0,18.9,1016.4,4.6,13,6,10,282,32516.0,1949.0,Mixed
2016-10-08 14:00:00,Rat_lodging_Ben,315.87,19.4,8.0,19.4,1015.4,3.1,14,6,10,282,32516.0,1949.0,Mixed
2016-10-08 15:00:00,Rat_lodging_Ben,310.4,19.4,8.0,18.3,1015.7,3.1,15,6,10,282,32516.0,1949.0,Mixed
2016-10-08 16:00:00,Rat_lodging_Ben,300.53,19.4,8.0,18.3,1015.4,4.1,16,6,10,282,32516.0,1949.0,Mixed
2016-10-08 17:00:00,Rat_lodging_Ben,297.39,18.9,8.0,18.3,1015.2,3.1,17,6,10,282,32516.0,1949.0,Mixed
2016-10-08 18:00:00,Rat_lodging_Ben,298.54,18.9,8.0,18.3,1015.1,4.6,18,6,10,282,32516.0,1949.0,Mixed
2016-10-08 19:00:00,Rat_lodging_Ben,288.91,18.9,8.0,17.8,1015.0,4.1,19,6,10,282,32516.0,1949.0,Mixed
2016-10-08 20:00:00,Rat_lodging_Ben,296.69,18.9,8.0,17.8,1015.0,5.1,20,6,10,282,32516.0,1949.0,Mixed
2016-10-08 21:00:00,Rat_lodging_Ben,306.93,18.9,8.0,18.3,1014.6,4.6,21,6,10,282,32516.0,1949.0,Mixed
2016-10-08 22:00:00,Rat_lodging_Ben,278.9,19.4,8.0,18.3,1015.3,6.2,22,6,10,282,32516.0,1949.0,Mixed
2016-10-08 23:00:00,Rat_lodging_Ben,277.1,19.4,8.0,17.8,1014.8,7.7,23,6,10,282,32516.0,1949.0,Mixed
2016-10-09 00:00:00,Rat_lodging_Ben,258.9,18.9,8.0,17.2,1014.8,6.7,0,7,10,283,32516.0,1949.0,Mixed
2016-10-09 01:00:00,Rat_lodging_Ben,256.21,18.3,8.0,16.1,1014.0,9.8,1,7,10,283,32516.0,1949.0,Mixed
2016-10-09 02:00:00,Rat_lodging_Ben,238.49,17.2,8.0,14.4,1014.3,8.2,2,7,10,283,32516.0,1949.0,Mixed
2016-10-09 03:00:00,Rat_lodging_Ben,236.24,15.6,8.0,12.2,1014.4,8.8,3,7,10,283,32516.0,1949.0,Mixed
2016-10-09 04:00:00,Rat_lodging_Ben,231.45,14.4,8.0,11.7,1014.4,8.8,4,7,10,283,32516.0,1949.0,Mixed
2016-10-09 05:00:00,Rat_lodging_Ben,243.04,14.4,8.0,10.6,1014.4,8.2,5,7,10,283,32516.0,1949.0,Mixed
2016-10-09 06:00:00,Rat_lodging_Ben,248.28,13.9,8.0,9.4,1015.1,7.2,6,7,10,283,32516.0,1949.0,Mixed
2016-10-09 07:00:00,Rat_lodging_Ben,250.98,13.9,8.0,7.8,1015.9,11.3,7,7,10,283,32516.0,1949.0,Mixed
2016-10-09 08:00:00,Rat_lodging_Ben,259.84,13.9,7.333333333333333,7.2,1016.8,10.3,8,7,10,283,32516.0,1949.0,Mixed
2016-10-09 09:00:00,Rat_lodging_Ben,265.89,13.9,6.666666666666667,7.2,1017.0,9.3,9,7,10,283,32516.0,1949.0,Mixed
2016-10-09 10:00:00,Rat_lodging_Ben,282.67,14.4,6.0,6.7,1017.2,12.9,10,7,10,283,32516.0,1949.0,Mixed
2016-10-09 11:00:00,Rat_lodging_Ben,277.99,16.7,4.0,6.7,1017.1,14.4,11,7,10,283,32516.0,1949.0,Mixed
2016-10-09 12:00:00,Rat_lodging_Ben,292.92,18.3,4.0,7.2,1017.1,11.3,12,7,10,283,32516.0,1949.0,Mixed
2016-10-09 13:00:00,Rat_lodging_Ben,301.83,19.4,2.0,7.2,1016.6,10.3,13,7,10,283,32516.0,1949.0,Mixed
2016-10-09 14:00:00,Rat_lodging_Ben,303.3,20.0,2.0,6.1,1016.7,9.8,14,7,10,283,32516.0,1949.0,Mixed
2016-10-09 15:00:00,Rat_lodging_Ben,309.45,20.6,2.0,6.1,1017.2,12.9,15,7,10,283,32516.0,1949.0,Mixed
2016-10-09 16:00:00,Rat_lodging_Ben,302.95,19.4,2.0,6.7,1018.1,10.8,16,7,10,283,32516.0,1949.0,Mixed
2016-10-09 17:00:00,Rat_lodging_Ben,284.29,18.3,2.0,5.6,1018.7,11.8,17,7,10,283,32516.0,1949.0,Mixed
2016-10-09 18:00:00,Rat_lodging_Ben,265.57,17.2,2.0,5.6,1019.5,8.2,18,7,10,283,32516.0,1949.0,Mixed
2016-10-09 19:00:00,Rat_lodging_Ben,252.22,16.1,0.0,5.6,1020.4,6.7,19,7,10,283,32516.0,1949.0,Mixed
2016-10-09 20:00:00,Rat_lodging_Ben,254.23,15.0,0.0,5.6,1021.2,5.7,20,7,10,283,32516.0,1949.0,Mixed
2016-10-09 21:00:00,Rat_lodging_Ben,254.37,14.4,4.0,5.6,1022.0,3.6,21,7,10,283,32516.0,1949.0,Mixed
2016-10-09 22:00:00,Rat_lodging_Ben,246.22,13.9,2.0,5.6,1022.4,4.1,22,7,10,283,32516.0,1949.0,Mixed
2016-10-09 23:00:00,Rat_lodging_Ben,237.36,13.9,4.0,6.1,1022.5,4.1,23,7,10,283,32516.0,1949.0,Mixed
2016-10-10 00:00:00,Rat_lodging_Ben,225.19,12.8,2.0,5.6,1022.9,4.6,0,1,10,284,32516.0,1949.0,Mixed
2016-10-10 01:00:00,Rat_lodging_Ben,215.98,11.7,0.0,5.6,1023.2,4.6,1,1,10,284,32516.0,1949.0,Mixed
2016-10-10 02:00:00,Rat_lodging_Ben,197.97,12.2,0.0,4.4,1023.6,7.2,2,1,10,284,32516.0,1949.0,Mixed
2016-10-10 03:00:00,Rat_lodging_Ben,193.09,10.6,0.0,5.0,1023.9,4.6,3,1,10,284,32516.0,1949.0,Mixed
2016-10-10 04:00:00,Rat_lodging_Ben,190.36,11.1,0.0,3.9,1024.3,8.2,4,1,10,284,32516.0,1949.0,Mixed
2016-10-10 05:00:00,Rat_lodging_Ben,211.32,10.6,0.0,3.3,1025.2,5.7,5,1,10,284,32516.0,1949.0,Mixed
2016-10-10 06:00:00,Rat_lodging_Ben,236.37,10.0,2.0,3.3,1025.8,5.1,6,1,10,284,32516.0,1949.0,Mixed
2016-10-10 07:00:00,Rat_lodging_Ben,246.41,10.0,0.0,3.3,1026.7,5.1,7,1,10,284,32516.0,1949.0,Mixed
2016-10-10 08:00:00,Rat_lodging_Ben,248.84,11.7,0.0,3.9,1027.4,6.2,8,1,10,284,32516.0,1949.0,Mixed
2016-10-10 09:00:00,Rat_lodging_Ben,274.93,12.8,0.0,3.3,1027.8,7.2,9,1,10,284,32516.0,1949.0,Mixed
2016-10-10 10:00:00,Rat_lodging_Ben,274.46,13.9,0.0,3.3,1028.3,7.2,10,1,10,284,32516.0,1949.0,Mixed
2016-10-10 11:00:00,Rat_lodging_Ben,289.7,15.6,0.0,3.3,1028.3,8.2,11,1,10,284,32516.0,1949.0,Mixed
2016-10-10 12:00:00,Rat_lodging_Ben,299.88,16.7,0.0,3.3,1027.9,4.6,12,1,10,284,32516.0,1949.0,Mixed
2016-10-10 13:00:00,Rat_lodging_Ben,302.05,17.8,0.0,2.8,1027.3,5.7,13,1,10,284,32516.0,1949.0,Mixed
2016-10-10 14:00:00,Rat_lodging_Ben,304.68,18.3,0.0,1.7,1026.4,5.1,14,1,10,284,32516.0,1949.0,Mixed
2016-10-10 15:00:00,Rat_lodging_Ben,312.83,18.9,0.0,1.7,1026.4,6.2,15,1,10,284,32516.0,1949.0,Mixed
2016-10-10 16:00:00,Rat_lodging_Ben,311.96,18.9,0.0,2.2,1026.3,4.6,16,1,10,284,32516.0,1949.0,Mixed
2016-10-10 17:00:00,Rat_lodging_Ben,294.32,17.8,0.0,2.2,1026.4,5.7,17,1,10,284,32516.0,1949.0,Mixed
2016-10-10 18:00:00,Rat_lodging_Ben,285.33,15.6,0.0,2.8,1027.2,3.1,18,1,10,284,32516.0,1949.0,Mixed
2016-10-10 19:00:00,Rat_lodging_Ben,275.6,15.0,0.0,3.9,1027.6,2.6,19,1,10,284,32516.0,1949.0,Mixed
2016-10-10 20:00:00,Rat_lodging_Ben,267.86,14.4,0.0,3.3,1028.3,3.1,20,1,10,284,32516.0,1949.0,Mixed
2016-10-10 21:00:00,Rat_lodging_Ben,261.22,13.3,0.0,5.6,1029.0,0.0,21,1,10,284,32516.0,1949.0,Mixed
2016-10-10 22:00:00,Rat_lodging_Ben,237.63,11.7,0.0,7.2,1029.1,2.1,22,1,10,284,32516.0,1949.0,Mixed
2016-10-10 23:00:00,Rat_lodging_Ben,231.34,11.7,0.0,6.7,1029.3,2.1,23,1,10,284,32516.0,1949.0,Mixed
2016-10-11 00:00:00,Rat_lodging_Ben,230.34,11.1,0.0,6.1,1029.6,2.1,0,2,10,285,32516.0,1949.0,Mixed
2016-10-11 01:00:00,Rat_lodging_Ben,221.3,10.0,0.0,6.7,1029.8,2.6,1,2,10,285,32516.0,1949.0,Mixed
2016-10-11 02:00:00,Rat_lodging_Ben,201.75,10.0,0.0,6.7,1030.1,2.6,2,2,10,285,32516.0,1949.0,Mixed
2016-10-11 03:00:00,Rat_lodging_Ben,195.37,9.4,0.0,5.0,1030.2,2.6,3,2,10,285,32516.0,1949.0,Mixed
2016-10-11 04:00:00,Rat_lodging_Ben,199.02,8.9,0.0,5.0,1030.4,2.6,4,2,10,285,32516.0,1949.0,Mixed
2016-10-11 05:00:00,Rat_lodging_Ben,217.11,7.8,2.0,5.0,1030.5,2.6,5,2,10,285,32516.0,1949.0,Mixed
2016-10-11 06:00:00,Rat_lodging_Ben,239.2,7.8,2.0,5.0,1030.8,2.1,6,2,10,285,32516.0,1949.0,Mixed
2016-10-11 07:00:00,Rat_lodging_Ben,246.09,9.4,2.0,5.6,1031.3,2.6,7,2,10,285,32516.0,1949.0,Mixed
2016-10-11 08:00:00,Rat_lodging_Ben,255.01,11.7,2.0,6.7,1031.9,2.1,8,2,10,285,32516.0,1949.0,Mixed
2016-10-11 09:00:00,Rat_lodging_Ben,272.02,12.8,4.0,6.1,1032.1,3.1,9,2,10,285,32516.0,1949.0,Mixed
2016-10-11 10:00:00,Rat_lodging_Ben,293.11,14.4,6.0,6.7,1032.4,2.1,10,2,10,285,32516.0,1949.0,Mixed
2016-10-11 11:00:00,Rat_lodging_Ben,312.67,16.1,6.666666666666667,6.1,1032.2,1.5,11,2,10,285,32516.0,1949.0,Mixed
2016-10-11 12:00:00,Rat_lodging_Ben,323.81,17.2,7.333333333333333,3.3,1031.3,0.0,12,2,10,285,32516.0,1949.0,Mixed
2016-10-11 13:00:00,Rat_lodging_Ben,340.84,18.9,8.0,5.0,1030.2,0.0,13,2,10,285,32516.0,1949.0,Mixed
2016-10-11 14:00:00,Rat_lodging_Ben,358.12,20.0,7.333333333333333,5.6,1029.5,0.0,14,2,10,285,32516.0,1949.0,Mixed
2016-10-11 15:00:00,Rat_lodging_Ben,359.18,19.4,6.666666666666667,5.0,1029.0,1.5,15,2,10,285,32516.0,1949.0,Mixed
2016-10-11 16:00:00,Rat_lodging_Ben,346.8,18.9,6.0,6.1,1028.8,0.0,16,2,10,285,32516.0,1949.0,Mixed
2016-10-11 17:00:00,Rat_lodging_Ben,310.42,17.8,6.0,9.4,1028.7,4.1,17,2,10,285,32516.0,1949.0,Mixed
2016-10-11 18:00:00,Rat_lodging_Ben,292.92,16.7,6.0,8.9,1028.6,3.1,18,2,10,285,32516.0,1949.0,Mixed
2016-10-11 19:00:00,Rat_lodging_Ben,281.71,15.6,6.0,9.4,1028.8,1.5,19,2,10,285,32516.0,1949.0,Mixed
2016-10-11 20:00:00,Rat_lodging_Ben,273.68,15.0,4.666666666666667,10.0,1028.6,2.1,20,2,10,285,32516.0,1949.0,Mixed
2016-10-11 21:00:00,Rat_lodging_Ben,265.03,14.4,3.3333333333333335,10.0,1028.7,3.6,21,2,10,285,32516.0,1949.0,Mixed
2016-10-11 22:00:00,Rat_lodging_Ben,243.96,12.8,2.0,9.4,1028.7,0.0,22,2,10,285,32516.0,1949.0,Mixed
2016-10-11 23:00:00,Rat_lodging_Ben,239.04,13.3,2.0,8.9,1029.0,0.0,23,2,10,285,32516.0,1949.0,Mixed
2016-10-12 00:00:00,Rat_lodging_Ben,232.46,12.2,0.0,9.4,1028.8,0.0,0,3,10,286,32516.0,1949.0,Mixed
2016-10-12 01:00:00,Rat_lodging_Ben,226.59,12.8,0.0,10.6,1028.5,1.5,1,3,10,286,32516.0,1949.0,Mixed
2016-10-12 02:00:00,Rat_lodging_Ben,225.33,11.7,2.0,10.0,1028.3,2.1,2,3,10,286,32516.0,1949.0,Mixed
2016-10-12 03:00:00,Rat_lodging_Ben,222.48,11.1,0.0,10.0,1027.9,2.6,3,3,10,286,32516.0,1949.0,Mixed
2016-10-12 04:00:00,Rat_lodging_Ben,220.92,10.6,0.0,10.0,1027.9,2.6,4,3,10,286,32516.0,1949.0,Mixed
2016-10-12 05:00:00,Rat_lodging_Ben,224.88,10.6,2.0,9.4,1027.8,2.1,5,3,10,286,32516.0,1949.0,Mixed
2016-10-12 06:00:00,Rat_lodging_Ben,255.96,10.6,4.0,9.4,1027.7,3.1,6,3,10,286,32516.0,1949.0,Mixed
2016-10-12 07:00:00,Rat_lodging_Ben,263.31,11.1,6.0,10.0,1028.0,1.5,7,3,10,286,32516.0,1949.0,Mixed
2016-10-12 08:00:00,Rat_lodging_Ben,274.8,12.8,6.666666666666667,10.6,1028.2,2.1,8,3,10,286,32516.0,1949.0,Mixed
2016-10-12 09:00:00,Rat_lodging_Ben,301.73,14.4,7.333333333333333,11.7,1028.3,1.5,9,3,10,286,32516.0,1949.0,Mixed
2016-10-12 10:00:00,Rat_lodging_Ben,304.01,16.7,8.0,12.8,1028.2,1.5,10,3,10,286,32516.0,1949.0,Mixed
2016-10-12 11:00:00,Rat_lodging_Ben,335.82,17.8,7.333333333333333,10.0,1027.5,2.1,11,3,10,286,32516.0,1949.0,Mixed
2016-10-12 12:00:00,Rat_lodging_Ben,356.15,18.9,6.666666666666667,11.7,1026.7,3.1,12,3,10,286,32516.0,1949.0,Mixed
2016-10-12 13:00:00,Rat_lodging_Ben,367.56,19.4,6.0,11.7,1025.6,1.5,13,3,10,286,32516.0,1949.0,Mixed
2016-10-12 14:00:00,Rat_lodging_Ben,368.62,20.0,6.0,11.7,1024.6,1.5,14,3,10,286,32516.0,1949.0,Mixed
2016-10-12 15:00:00,Rat_lodging_Ben,372.82,20.6,6.0,12.2,1023.8,1.5,15,3,10,286,32516.0,1949.0,Mixed
2016-10-12 16:00:00,Rat_lodging_Ben,368.65,21.1,6.0,11.1,1023.2,0.0,16,3,10,286,32516.0,1949.0,Mixed
2016-10-12 17:00:00,Rat_lodging_Ben,345.42,19.4,5.0,12.8,1023.1,3.1,17,3,10,286,32516.0,1949.0,Mixed
2016-10-12 18:00:00,Rat_lodging_Ben,322.78,17.8,4.0,11.7,1023.0,3.1,18,3,10,286,32516.0,1949.0,Mixed
2016-10-12 19:00:00,Rat_lodging_Ben,313.47,17.2,2.0,11.7,1023.2,1.5,19,3,10,286,32516.0,1949.0,Mixed
2016-10-12 20:00:00,Rat_lodging_Ben,299.38,16.7,0.0,13.9,1023.2,0.0,20,3,10,286,32516.0,1949.0,Mixed
2016-10-12 21:00:00,Rat_lodging_Ben,277.94,15.6,0.0,13.3,1023.0,0.0,21,3,10,286,32516.0,1949.0,Mixed
2016-10-12 22:00:00,Rat_lodging_Ben,262.44,15.0,0.0,13.3,1022.4,0.0,22,3,10,286,32516.0,1949.0,Mixed
2016-10-12 23:00:00,Rat_lodging_Ben,256.78,14.4,0.0,12.8,1022.1,2.1,23,3,10,286,32516.0,1949.0,Mixed
2016-10-13 00:00:00,Rat_lodging_Ben,241.94,13.9,0.0,12.8,1021.5,1.5,0,4,10,287,32516.0,1949.0,Mixed
2016-10-13 01:00:00,Rat_lodging_Ben,239.82,13.9,0.0,12.8,1021.2,1.5,1,4,10,287,32516.0,1949.0,Mixed
2016-10-13 02:00:00,Rat_lodging_Ben,240.06,13.3,4.0,12.2,1020.6,0.0,2,4,10,287,32516.0,1949.0,Mixed
2016-10-13 03:00:00,Rat_lodging_Ben,237.58,12.2,6.0,12.2,1019.8,2.1,3,4,10,287,32516.0,1949.0,Mixed
2016-10-13 04:00:00,Rat_lodging_Ben,234.2,12.2,8.0,12.2,1019.9,2.1,4,4,10,287,32516.0,1949.0,Mixed
2016-10-13 05:00:00,Rat_lodging_Ben,262.26,12.8,9.0,12.8,1019.8,1.5,5,4,10,287,32516.0,1949.0,Mixed
2016-10-13 06:00:00,Rat_lodging_Ben,268.72,12.8,8.5,12.8,1019.8,2.6,6,4,10,287,32516.0,1949.0,Mixed
2016-10-13 07:00:00,Rat_lodging_Ben,258.54,12.8,8.0,12.8,1019.8,2.1,7,4,10,287,32516.0,1949.0,Mixed
2016-10-13 08:00:00,Rat_lodging_Ben,283.13,13.9,7.333333333333333,13.9,1019.8,3.1,8,4,10,287,32516.0,1949.0,Mixed
2016-10-13 09:00:00,Rat_lodging_Ben,295.4,15.0,6.666666666666667,14.4,1019.7,3.1,9,4,10,287,32516.0,1949.0,Mixed
2016-10-13 10:00:00,Rat_lodging_Ben,311.27,17.8,6.0,14.4,1019.7,4.1,10,4,10,287,32516.0,1949.0,Mixed
2016-10-13 11:00:00,Rat_lodging_Ben,346.5,18.9,6.666666666666667,13.9,1019.6,3.1,11,4,10,287,32516.0,1949.0,Mixed
2016-10-13 12:00:00,Rat_lodging_Ben,357.3,18.9,7.333333333333333,14.4,1019.3,3.1,12,4,10,287,32516.0,1949.0,Mixed
2016-10-13 13:00:00,Rat_lodging_Ben,358.92,20.6,8.0,14.4,1018.9,0.0,13,4,10,287,32516.0,1949.0,Mixed
2016-10-13 14:00:00,Rat_lodging_Ben,373.63,21.1,6.0,13.3,1019.0,4.6,14,4,10,287,32516.0,1949.0,Mixed
2016-10-13 15:00:00,Rat_lodging_Ben,375.34,22.2,4.0,13.3,1019.2,5.7,15,4,10,287,32516.0,1949.0,Mixed
2016-10-13 16:00:00,Rat_lodging_Ben,367.46,22.2,4.0,13.9,1019.4,5.7,16,4,10,287,32516.0,1949.0,Mixed
2016-10-13 17:00:00,Rat_lodging_Ben,345.45,21.1,4.0,13.3,1019.9,5.1,17,4,10,287,32516.0,1949.0,Mixed
2016-10-13 18:00:00,Rat_lodging_Ben,327.49,19.4,2.0,13.3,1020.6,4.1,18,4,10,287,32516.0,1949.0,Mixed
2016-10-13 19:00:00,Rat_lodging_Ben,308.98,18.9,2.0,13.3,1021.3,6.2,19,4,10,287,32516.0,1949.0,Mixed
2016-10-13 20:00:00,Rat_lodging_Ben,302.09,17.2,2.0,12.2,1022.5,5.7,20,4,10,287,32516.0,1949.0,Mixed
2016-10-13 21:00:00,Rat_lodging_Ben,284.8,16.7,0.0,10.6,1023.4,6.7,21,4,10,287,32516.0,1949.0,Mixed
2016-10-13 22:00:00,Rat_lodging_Ben,256.18,15.6,0.0,8.9,1024.3,5.1,22,4,10,287,32516.0,1949.0,Mixed
2016-10-13 23:00:00,Rat_lodging_Ben,240.87,13.9,0.0,6.7,1024.7,6.2,23,4,10,287,32516.0,1949.0,Mixed
2016-10-14 00:00:00,Rat_lodging_Ben,234.54,13.3,0.0,5.6,1024.9,6.7,0,5,10,288,32516.0,1949.0,Mixed
2016-10-14 01:00:00,Rat_lodging_Ben,230.98,12.8,0.0,5.6,1025.4,6.7,1,5,10,288,32516.0,1949.0,Mixed
2016-10-14 02:00:00,Rat_lodging_Ben,225.75,11.7,0.0,6.1,1026.0,4.1,2,5,10,288,32516.0,1949.0,Mixed
2016-10-14 03:00:00,Rat_lodging_Ben,224.54,10.6,0.0,5.6,1026.1,3.1,3,5,10,288,32516.0,1949.0,Mixed
2016-10-14 04:00:00,Rat_lodging_Ben,218.8,10.0,2.0,5.6,1026.5,2.6,4,5,10,288,32516.0,1949.0,Mixed
2016-10-14 05:00:00,Rat_lodging_Ben,221.32,9.4,0.0,6.1,1027.1,3.6,5,5,10,288,32516.0,1949.0,Mixed
2016-10-14 06:00:00,Rat_lodging_Ben,254.24,10.0,2.0,5.6,1027.9,3.1,6,5,10,288,32516.0,1949.0,Mixed
2016-10-14 07:00:00,Rat_lodging_Ben,262.52,10.0,2.0,5.6,1028.6,3.6,7,5,10,288,32516.0,1949.0,Mixed
2016-10-14 08:00:00,Rat_lodging_Ben,273.54,11.7,2.0,6.7,1029.1,4.6,8,5,10,288,32516.0,1949.0,Mixed
2016-10-14 09:00:00,Rat_lodging_Ben,285.68,13.9,2.0,5.6,1029.5,4.1,9,5,10,288,32516.0,1949.0,Mixed
2016-10-14 10:00:00,Rat_lodging_Ben,304.24,15.0,2.0,5.0,1029.8,2.6,10,5,10,288,32516.0,1949.0,Mixed
2016-10-14 11:00:00,Rat_lodging_Ben,309.74,16.1,4.0,3.9,1029.9,3.1,11,5,10,288,32516.0,1949.0,Mixed
2016-10-14 12:00:00,Rat_lodging_Ben,315.22,17.2,4.0,3.9,1029.1,2.6,12,5,10,288,32516.0,1949.0,Mixed
2016-10-14 13:00:00,Rat_lodging_Ben,328.96,18.3,4.0,3.9,1028.3,0.0,13,5,10,288,32516.0,1949.0,Mixed
2016-10-14 14:00:00,Rat_lodging_Ben,343.54,18.3,5.333333333333333,3.3,1027.7,0.0,14,5,10,288,32516.0,1949.0,Mixed
2016-10-14 15:00:00,Rat_lodging_Ben,342.73,18.3,6.666666666666666,3.3,1027.4,0.0,15,5,10,288,32516.0,1949.0,Mixed
2016-10-14 16:00:00,Rat_lodging_Ben,329.86,18.3,8.0,4.4,1027.2,2.1,16,5,10,288,32516.0,1949.0,Mixed
2016-10-14 17:00:00,Rat_lodging_Ben,306.66,17.8,8.0,3.9,1027.1,1.5,17,5,10,288,32516.0,1949.0,Mixed
2016-10-14 18:00:00,Rat_lodging_Ben,285.74,16.1,8.0,6.1,1027.0,2.6,18,5,10,288,32516.0,1949.0,Mixed
2016-10-14 19:00:00,Rat_lodging_Ben,267.77,15.6,8.0,5.0,1027.6,1.5,19,5,10,288,32516.0,1949.0,Mixed
2016-10-14 20:00:00,Rat_lodging_Ben,257.62,13.9,8.0,6.7,1028.2,1.5,20,5,10,288,32516.0,1949.0,Mixed
2016-10-14 21:00:00,Rat_lodging_Ben,250.73,14.4,8.0,7.2,1028.7,0.0,21,5,10,288,32516.0,1949.0,Mixed
2016-10-14 22:00:00,Rat_lodging_Ben,240.97,13.3,8.0,8.3,1029.2,0.0,22,5,10,288,32516.0,1949.0,Mixed
2016-10-14 23:00:00,Rat_lodging_Ben,234.26,13.3,8.0,8.3,1029.2,0.0,23,5,10,288,32516.0,1949.0,Mixed
2016-10-15 00:00:00,Rat_lodging_Ben,227.26,13.3,8.0,8.9,1028.7,0.0,0,6,10,289,32516.0,1949.0,Mixed
2016-10-15 01:00:00,Rat_lodging_Ben,221.58,12.8,8.0,8.9,1028.3,0.0,1,6,10,289,32516.0,1949.0,Mixed
2016-10-15 02:00:00,Rat_lodging_Ben,214.27,11.7,6.0,8.9,1028.3,1.5,2,6,10,289,32516.0,1949.0,Mixed
2016-10-15 03:00:00,Rat_lodging_Ben,215.86,12.2,4.0,8.3,1028.4,0.0,3,6,10,289,32516.0,1949.0,Mixed
2016-10-15 04:00:00,Rat_lodging_Ben,209.61,11.7,2.0,8.9,1028.3,0.0,4,6,10,289,32516.0,1949.0,Mixed
2016-10-15 05:00:00,Rat_lodging_Ben,213.89,10.6,0.0,8.9,1028.8,0.0,5,6,10,289,32516.0,1949.0,Mixed
2016-10-15 06:00:00,Rat_lodging_Ben,236.4,10.0,2.0,8.3,1029.5,0.0,6,6,10,289,32516.0,1949.0,Mixed
2016-10-15 07:00:00,Rat_lodging_Ben,241.77,10.6,2.0,8.9,1030.0,2.1,7,6,10,289,32516.0,1949.0,Mixed
2016-10-15 08:00:00,Rat_lodging_Ben,259.67,11.7,2.0,9.4,1030.2,1.5,8,6,10,289,32516.0,1949.0,Mixed
2016-10-15 09:00:00,Rat_lodging_Ben,270.02,13.9,2.0,10.0,1030.3,0.0,9,6,10,289,32516.0,1949.0,Mixed
2016-10-15 10:00:00,Rat_lodging_Ben,290.75,16.1,2.0,8.3,1030.5,3.1,10,6,10,289,32516.0,1949.0,Mixed
2016-10-15 11:00:00,Rat_lodging_Ben,319.08,17.2,2.0,7.2,1029.9,3.6,11,6,10,289,32516.0,1949.0,Mixed
2016-10-15 12:00:00,Rat_lodging_Ben,329.88,18.9,2.0,6.1,1029.6,3.1,12,6,10,289,32516.0,1949.0,Mixed
2016-10-15 13:00:00,Rat_lodging_Ben,331.14,18.9,2.0,6.7,1028.4,3.1,13,6,10,289,32516.0,1949.0,Mixed
2016-10-15 14:00:00,Rat_lodging_Ben,325.8,20.0,2.0,7.8,1027.7,2.1,14,6,10,289,32516.0,1949.0,Mixed
2016-10-15 15:00:00,Rat_lodging_Ben,327.63,20.0,2.0,8.9,1027.2,3.6,15,6,10,289,32516.0,1949.0,Mixed
2016-10-15 16:00:00,Rat_lodging_Ben,313.15,20.0,2.0,8.3,1026.9,4.6,16,6,10,289,32516.0,1949.0,Mixed
2016-10-15 17:00:00,Rat_lodging_Ben,294.37,18.3,4.0,7.8,1027.1,5.1,17,6,10,289,32516.0,1949.0,Mixed
2016-10-15 18:00:00,Rat_lodging_Ben,283.3,16.7,4.0,9.4,1026.9,3.6,18,6,10,289,32516.0,1949.0,Mixed
2016-10-15 19:00:00,Rat_lodging_Ben,268.43,15.6,4.0,10.0,1026.9,2.1,19,6,10,289,32516.0,1949.0,Mixed
2016-10-15 20:00:00,Rat_lodging_Ben,260.51,14.4,4.0,10.0,1027.0,3.1,20,6,10,289,32516.0,1949.0,Mixed
2016-10-15 21:00:00,Rat_lodging_Ben,257.22,13.9,2.0,10.0,1026.9,3.1,21,6,10,289,32516.0,1949.0,Mixed
2016-10-15 22:00:00,Rat_lodging_Ben,247.3,13.9,0.0,10.6,1026.5,3.6,22,6,10,289,32516.0,1949.0,Mixed
2016-10-15 23:00:00,Rat_lodging_Ben,238.18,13.3,0.0,10.6,1026.3,2.1,23,6,10,289,32516.0,1949.0,Mixed
2016-10-16 00:00:00,Rat_lodging_Ben,231.96,12.8,0.0,10.6,1026.1,2.1,0,7,10,290,32516.0,1949.0,Mixed
2016-10-16 01:00:00,Rat_lodging_Ben,232.28,12.8,0.0,11.1,1025.9,1.5,1,7,10,290,32516.0,1949.0,Mixed
2016-10-16 02:00:00,Rat_lodging_Ben,235.95,12.2,0.0,11.1,1025.5,0.0,2,7,10,290,32516.0,1949.0,Mixed
2016-10-16 03:00:00,Rat_lodging_Ben,230.39,12.8,0.0,11.7,1025.0,1.5,3,7,10,290,32516.0,1949.0,Mixed
2016-10-16 04:00:00,Rat_lodging_Ben,226.93,12.2,0.0,11.7,1024.8,2.1,4,7,10,290,32516.0,1949.0,Mixed
2016-10-16 05:00:00,Rat_lodging_Ben,235.8,12.2,2.0,11.7,1024.6,2.1,5,7,10,290,32516.0,1949.0,Mixed
2016-10-16 06:00:00,Rat_lodging_Ben,252.98,12.2,2.0,12.2,1024.7,3.1,6,7,10,290,32516.0,1949.0,Mixed
2016-10-16 07:00:00,Rat_lodging_Ben,253.81,12.8,2.0,12.8,1024.1,2.6,7,7,10,290,32516.0,1949.0,Mixed
2016-10-16 08:00:00,Rat_lodging_Ben,272.83,13.9,2.0,13.3,1024.1,3.6,8,7,10,290,32516.0,1949.0,Mixed
2016-10-16 09:00:00,Rat_lodging_Ben,301.93,15.6,2.0,13.9,1023.8,2.1,9,7,10,290,32516.0,1949.0,Mixed
2016-10-16 10:00:00,Rat_lodging_Ben,321.91,16.7,2.0,13.9,1023.5,4.1,10,7,10,290,32516.0,1949.0,Mixed
2016-10-16 11:00:00,Rat_lodging_Ben,347.68,20.0,4.0,13.9,1023.1,5.1,11,7,10,290,32516.0,1949.0,Mixed
2016-10-16 12:00:00,Rat_lodging_Ben,362.28,20.6,2.0,14.4,1021.9,6.2,12,7,10,290,32516.0,1949.0,Mixed
2016-10-16 13:00:00,Rat_lodging_Ben,364.17,21.7,2.0,15.0,1020.8,4.6,13,7,10,290,32516.0,1949.0,Mixed
2016-10-16 14:00:00,Rat_lodging_Ben,369.92,22.2,0.0,15.0,1019.9,4.6,14,7,10,290,32516.0,1949.0,Mixed
2016-10-16 15:00:00,Rat_lodging_Ben,363.95,22.8,2.0,15.6,1019.3,3.6,15,7,10,290,32516.0,1949.0,Mixed
2016-10-16 16:00:00,Rat_lodging_Ben,356.35,22.2,2.0,16.7,1018.9,3.1,16,7,10,290,32516.0,1949.0,Mixed
2016-10-16 17:00:00,Rat_lodging_Ben,334.08,21.1,2.0,16.7,1018.6,3.6,17,7,10,290,32516.0,1949.0,Mixed
2016-10-16 18:00:00,Rat_lodging_Ben,328.24,19.4,2.0,16.7,1018.3,3.1,18,7,10,290,32516.0,1949.0,Mixed
2016-10-16 19:00:00,Rat_lodging_Ben,315.86,19.4,2.0,16.7,1018.1,3.6,19,7,10,290,32516.0,1949.0,Mixed
2016-10-16 20:00:00,Rat_lodging_Ben,318.36,18.3,2.0,16.7,1017.9,3.6,20,7,10,290,32516.0,1949.0,Mixed
2016-10-16 21:00:00,Rat_lodging_Ben,302.66,18.3,2.0,16.7,1018.4,3.1,21,7,10,290,32516.0,1949.0,Mixed
2016-10-16 22:00:00,Rat_lodging_Ben,290.79,18.3,6.0,17.2,1018.6,1.5,22,7,10,290,32516.0,1949.0,Mixed
2016-10-16 23:00:00,Rat_lodging_Ben,287.49,17.2,4.666666666666667,16.7,1018.2,2.6,23,7,10,290,32516.0,1949.0,Mixed
2016-10-17 00:00:00,Rat_lodging_Ben,276.59,17.2,3.3333333333333335,16.7,1017.8,2.6,0,1,10,291,32516.0,1949.0,Mixed
2016-10-17 01:00:00,Rat_lodging_Ben,269.64,16.7,2.0,16.1,1017.6,3.1,1,1,10,291,32516.0,1949.0,Mixed
2016-10-17 02:00:00,Rat_lodging_Ben,265.29,17.2,2.0,16.1,1017.3,0.0,2,1,10,291,32516.0,1949.0,Mixed
2016-10-17 03:00:00,Rat_lodging_Ben,252.97,16.7,2.0,16.1,1016.5,1.5,3,1,10,291,32516.0,1949.0,Mixed
2016-10-17 04:00:00,Rat_lodging_Ben,250.72,16.1,2.0,15.6,1016.4,2.1,4,1,10,291,32516.0,1949.0,Mixed
2016-10-17 05:00:00,Rat_lodging_Ben,266.63,15.6,4.0,15.6,1016.4,1.5,5,1,10,291,32516.0,1949.0,Mixed
2016-10-17 06:00:00,Rat_lodging_Ben,292.03,15.6,5.0,15.6,1016.7,2.1,6,1,10,291,32516.0,1949.0,Mixed
2016-10-17 07:00:00,Rat_lodging_Ben,311.3,16.1,6.0,16.1,1016.6,2.1,7,1,10,291,32516.0,1949.0,Mixed
2016-10-17 08:00:00,Rat_lodging_Ben,328.25,17.2,4.0,16.7,1016.9,2.6,8,1,10,291,32516.0,1949.0,Mixed
2016-10-17 09:00:00,Rat_lodging_Ben,366.97,17.8,2.0,17.2,1016.9,3.1,9,1,10,291,32516.0,1949.0,Mixed
2016-10-17 10:00:00,Rat_lodging_Ben,405.73,20.6,2.0,17.8,1016.5,2.6,10,1,10,291,32516.0,1949.0,Mixed
2016-10-17 11:00:00,Rat_lodging_Ben,436.45,23.3,2.0,17.8,1016.0,3.1,11,1,10,291,32516.0,1949.0,Mixed
2016-10-17 12:00:00,Rat_lodging_Ben,438.58,25.0,2.0,18.3,1015.4,3.6,12,1,10,291,32516.0,1949.0,Mixed
2016-10-17 13:00:00,Rat_lodging_Ben,455.43,27.2,2.0,16.1,1014.5,4.1,13,1,10,291,32516.0,1949.0,Mixed
2016-10-17 14:00:00,Rat_lodging_Ben,455.89,26.1,2.0,17.2,1013.6,4.6,14,1,10,291,32516.0,1949.0,Mixed
2016-10-17 15:00:00,Rat_lodging_Ben,456.73,26.7,4.0,17.2,1013.1,5.1,15,1,10,291,32516.0,1949.0,Mixed
2016-10-17 16:00:00,Rat_lodging_Ben,437.72,25.6,2.0,17.8,1013.0,4.1,16,1,10,291,32516.0,1949.0,Mixed
2016-10-17 17:00:00,Rat_lodging_Ben,416.71,26.1,2.0,17.2,1013.1,4.1,17,1,10,291,32516.0,1949.0,Mixed
2016-10-17 18:00:00,Rat_lodging_Ben,379.64,22.8,2.0,17.8,1013.3,3.6,18,1,10,291,32516.0,1949.0,Mixed
2016-10-17 19:00:00,Rat_lodging_Ben,372.54,21.7,4.0,17.2,1013.5,3.6,19,1,10,291,32516.0,1949.0,Mixed
2016-10-17 20:00:00,Rat_lodging_Ben,362.29,20.0,4.0,17.2,1013.6,3.6,20,1,10,291,32516.0,1949.0,Mixed
2016-10-17 21:00:00,Rat_lodging_Ben,344.28,20.6,4.0,17.2,1013.7,3.6,21,1,10,291,32516.0,1949.0,Mixed
2016-10-17 22:00:00,Rat_lodging_Ben,324.28,19.4,2.0,17.8,1013.9,2.6,22,1,10,291,32516.0,1949.0,Mixed
2016-10-17 23:00:00,Rat_lodging_Ben,311.86,19.4,2.0,17.2,1013.7,3.1,23,1,10,291,32516.0,1949.0,Mixed
2016-10-18 00:00:00,Rat_lodging_Ben,299.41,18.9,0.0,17.8,1013.6,1.5,0,2,10,292,32516.0,1949.0,Mixed
2016-10-18 01:00:00,Rat_lodging_Ben,294.58,18.3,0.0,17.8,1013.5,3.1,1,2,10,292,32516.0,1949.0,Mixed
2016-10-18 02:00:00,Rat_lodging_Ben,285.95,18.3,0.0,17.8,1013.6,2.6,2,2,10,292,32516.0,1949.0,Mixed
2016-10-18 03:00:00,Rat_lodging_Ben,288.04,17.8,0.0,17.2,1013.4,2.6,3,2,10,292,32516.0,1949.0,Mixed
2016-10-18 04:00:00,Rat_lodging_Ben,277.39,17.8,0.0,17.2,1013.5,3.1,4,2,10,292,32516.0,1949.0,Mixed
2016-10-18 05:00:00,Rat_lodging_Ben,299.79,17.2,0.0,16.7,1013.7,2.6,5,2,10,292,32516.0,1949.0,Mixed
2016-10-18 06:00:00,Rat_lodging_Ben,327.15,17.2,2.0,16.7,1014.1,2.1,6,2,10,292,32516.0,1949.0,Mixed
2016-10-18 07:00:00,Rat_lodging_Ben,321.57,17.2,2.0,16.7,1014.7,2.1,7,2,10,292,32516.0,1949.0,Mixed
2016-10-18 08:00:00,Rat_lodging_Ben,351.06,18.9,0.0,17.8,1015.2,3.1,8,2,10,292,32516.0,1949.0,Mixed
2016-10-18 09:00:00,Rat_lodging_Ben,376.71,20.0,2.0,17.8,1015.1,3.6,9,2,10,292,32516.0,1949.0,Mixed
2016-10-18 10:00:00,Rat_lodging_Ben,404.23,21.1,2.0,18.3,1014.8,4.6,10,2,10,292,32516.0,1949.0,Mixed
2016-10-18 11:00:00,Rat_lodging_Ben,426.4,22.8,4.0,18.3,1014.5,4.6,11,2,10,292,32516.0,1949.0,Mixed
2016-10-18 12:00:00,Rat_lodging_Ben,428.95,24.4,5.0,18.3,1013.7,4.6,12,2,10,292,32516.0,1949.0,Mixed
2016-10-18 13:00:00,Rat_lodging_Ben,444.1,26.1,6.0,18.3,1012.8,4.1,13,2,10,292,32516.0,1949.0,Mixed
2016-10-18 14:00:00,Rat_lodging_Ben,458.8,26.7,4.0,17.8,1012.4,4.6,14,2,10,292,32516.0,1949.0,Mixed
2016-10-18 15:00:00,Rat_lodging_Ben,453.94,27.2,2.0,17.8,1012.0,4.6,15,2,10,292,32516.0,1949.0,Mixed
2016-10-18 16:00:00,Rat_lodging_Ben,442.94,27.8,2.0,17.8,1011.7,5.1,16,2,10,292,32516.0,1949.0,Mixed
2016-10-18 17:00:00,Rat_lodging_Ben,425.46,25.0,2.0,18.3,1011.7,5.1,17,2,10,292,32516.0,1949.0,Mixed
2016-10-18 18:00:00,Rat_lodging_Ben,406.29,23.3,2.0,18.3,1011.9,4.1,18,2,10,292,32516.0,1949.0,Mixed
2016-10-18 19:00:00,Rat_lodging_Ben,398.83,23.9,0.0,18.3,1012.4,4.1,19,2,10,292,32516.0,1949.0,Mixed
2016-10-18 20:00:00,Rat_lodging_Ben,386.91,22.2,0.0,18.9,1012.8,4.6,20,2,10,292,32516.0,1949.0,Mixed
2016-10-18 21:00:00,Rat_lodging_Ben,358.49,21.7,0.0,18.9,1013.5,4.1,21,2,10,292,32516.0,1949.0,Mixed
2016-10-18 22:00:00,Rat_lodging_Ben,328.08,21.1,0.0,18.9,1014.1,3.6,22,2,10,292,32516.0,1949.0,Mixed
2016-10-18 23:00:00,Rat_lodging_Ben,324.29,21.1,0.0,18.9,1013.9,4.1,23,2,10,292,32516.0,1949.0,Mixed
2016-10-19 00:00:00,Rat_lodging_Ben,320.54,20.6,0.0,18.3,1013.7,4.1,0,3,10,293,32516.0,1949.0,Mixed
2016-10-19 01:00:00,Rat_lodging_Ben,313.17,20.0,2.0,18.9,1013.9,3.1,1,3,10,293,32516.0,1949.0,Mixed
2016-10-19 02:00:00,Rat_lodging_Ben,320.15,20.0,2.0,18.3,1013.9,2.6,2,3,10,293,32516.0,1949.0,Mixed
2016-10-19 03:00:00,Rat_lodging_Ben,311.66,19.4,2.0,18.3,1013.8,2.1,3,3,10,293,32516.0,1949.0,Mixed
2016-10-19 04:00:00,Rat_lodging_Ben,310.02,18.9,2.0,17.8,1014.1,2.6,4,3,10,293,32516.0,1949.0,Mixed
2016-10-19 05:00:00,Rat_lodging_Ben,321.43,18.3,2.0,17.8,1014.4,3.1,5,3,10,293,32516.0,1949.0,Mixed
2016-10-19 06:00:00,Rat_lodging_Ben,351.21,19.4,3.0,18.3,1014.9,3.1,6,3,10,293,32516.0,1949.0,Mixed
2016-10-19 07:00:00,Rat_lodging_Ben,363.86,19.4,4.0,18.3,1015.5,3.1,7,3,10,293,32516.0,1949.0,Mixed
2016-10-19 08:00:00,Rat_lodging_Ben,383.38,20.0,4.0,18.9,1016.4,2.6,8,3,10,293,32516.0,1949.0,Mixed
2016-10-19 09:00:00,Rat_lodging_Ben,419.26,22.2,4.0,18.9,1017.1,1.5,9,3,10,293,32516.0,1949.0,Mixed
2016-10-19 10:00:00,Rat_lodging_Ben,445.52,23.3,4.0,18.9,1017.2,1.5,10,3,10,293,32516.0,1949.0,Mixed
2016-10-19 11:00:00,Rat_lodging_Ben,464.0,24.4,4.0,18.3,1017.3,0.0,11,3,10,293,32516.0,1949.0,Mixed
2016-10-19 12:00:00,Rat_lodging_Ben,480.67,28.9,4.0,18.3,1016.9,4.6,12,3,10,293,32516.0,1949.0,Mixed
2016-10-19 13:00:00,Rat_lodging_Ben,492.61,30.6,2.0,18.3,1016.2,2.1,13,3,10,293,32516.0,1949.0,Mixed
2016-10-19 14:00:00,Rat_lodging_Ben,501.19,30.0,4.0,18.3,1015.9,3.1,14,3,10,293,32516.0,1949.0,Mixed
2016-10-19 15:00:00,Rat_lodging_Ben,508.75,28.9,4.0,18.9,1015.7,2.1,15,3,10,293,32516.0,1949.0,Mixed
2016-10-19 16:00:00,Rat_lodging_Ben,488.64,30.0,6.0,18.9,1015.9,2.6,16,3,10,293,32516.0,1949.0,Mixed
2016-10-19 17:00:00,Rat_lodging_Ben,477.56,28.9,5.0,18.9,1016.2,1.5,17,3,10,293,32516.0,1949.0,Mixed
2016-10-19 18:00:00,Rat_lodging_Ben,466.4,26.1,4.0,18.9,1016.5,2.6,18,3,10,293,32516.0,1949.0,Mixed
2016-10-19 19:00:00,Rat_lodging_Ben,451.43,24.4,2.0,20.0,1016.9,2.6,19,3,10,293,32516.0,1949.0,Mixed
2016-10-19 20:00:00,Rat_lodging_Ben,437.77,24.4,2.0,20.0,1017.2,2.1,20,3,10,293,32516.0,1949.0,Mixed
2016-10-19 21:00:00,Rat_lodging_Ben,422.19,23.3,4.0,20.0,1018.1,1.5,21,3,10,293,32516.0,1949.0,Mixed
2016-10-19 22:00:00,Rat_lodging_Ben,404.39,22.2,6.0,20.0,1018.5,2.1,22,3,10,293,32516.0,1949.0,Mixed
2016-10-19 23:00:00,Rat_lodging_Ben,396.2,22.8,6.666666666666667,20.0,1018.2,0.0,23,3,10,293,32516.0,1949.0,Mixed
2016-10-20 00:00:00,Rat_lodging_Ben,379.83,22.2,7.333333333333333,20.6,1018.1,1.5,0,4,10,294,32516.0,1949.0,Mixed
2016-10-20 01:00:00,Rat_lodging_Ben,370.23,22.2,8.0,20.6,1017.9,2.1,1,4,10,294,32516.0,1949.0,Mixed
2016-10-20 02:00:00,Rat_lodging_Ben,356.87,22.2,6.0,20.6,1017.7,2.1,2,4,10,294,32516.0,1949.0,Mixed
2016-10-20 03:00:00,Rat_lodging_Ben,352.39,22.2,4.0,20.0,1017.5,3.1,3,4,10,294,32516.0,1949.0,Mixed
2016-10-20 04:00:00,Rat_lodging_Ben,348.13,21.1,2.0,19.4,1017.7,2.1,4,4,10,294,32516.0,1949.0,Mixed
2016-10-20 05:00:00,Rat_lodging_Ben,348.57,20.6,4.0,17.8,1017.8,3.1,5,4,10,294,32516.0,1949.0,Mixed
2016-10-20 06:00:00,Rat_lodging_Ben,361.48,20.0,5.0,17.2,1018.0,3.1,6,4,10,294,32516.0,1949.0,Mixed
2016-10-20 07:00:00,Rat_lodging_Ben,361.1,20.0,6.0,16.7,1018.1,2.6,7,4,10,294,32516.0,1949.0,Mixed
2016-10-20 08:00:00,Rat_lodging_Ben,389.89,20.6,6.666666666666667,16.7,1018.4,3.1,8,4,10,294,32516.0,1949.0,Mixed
2016-10-20 09:00:00,Rat_lodging_Ben,405.65,21.7,7.333333333333333,17.8,1018.2,3.1,9,4,10,294,32516.0,1949.0,Mixed
2016-10-20 10:00:00,Rat_lodging_Ben,440.62,23.9,8.0,18.9,1017.7,2.1,10,4,10,294,32516.0,1949.0,Mixed
2016-10-20 11:00:00,Rat_lodging_Ben,462.0,25.6,7.333333333333333,20.0,1017.1,1.5,11,4,10,294,32516.0,1949.0,Mixed
2016-10-20 12:00:00,Rat_lodging_Ben,479.69,27.2,6.666666666666667,20.6,1016.1,2.1,12,4,10,294,32516.0,1949.0,Mixed
2016-10-20 13:00:00,Rat_lodging_Ben,483.76,28.3,6.0,21.1,1015.2,3.6,13,4,10,294,32516.0,1949.0,Mixed
2016-10-20 14:00:00,Rat_lodging_Ben,488.09,28.3,6.0,20.6,1014.3,3.1,14,4,10,294,32516.0,1949.0,Mixed
2016-10-20 15:00:00,Rat_lodging_Ben,483.86,27.8,6.0,20.0,1014.0,3.6,15,4,10,294,32516.0,1949.0,Mixed
2016-10-20 16:00:00,Rat_lodging_Ben,472.87,28.3,6.0,20.0,1013.3,5.1,16,4,10,294,32516.0,1949.0,Mixed
2016-10-20 17:00:00,Rat_lodging_Ben,450.1,26.1,5.333333333333333,21.1,1013.1,4.6,17,4,10,294,32516.0,1949.0,Mixed
2016-10-20 18:00:00,Rat_lodging_Ben,439.7,25.0,4.666666666666667,21.1,1013.0,5.1,18,4,10,294,32516.0,1949.0,Mixed
2016-10-20 19:00:00,Rat_lodging_Ben,415.6,23.9,4.0,20.6,1013.1,5.1,19,4,10,294,32516.0,1949.0,Mixed
2016-10-20 20:00:00,Rat_lodging_Ben,401.03,23.3,4.0,19.4,1013.0,6.2,20,4,10,294,32516.0,1949.0,Mixed
2016-10-20 21:00:00,Rat_lodging_Ben,365.59,22.8,2.0,18.9,1012.8,6.2,21,4,10,294,32516.0,1949.0,Mixed
2016-10-20 22:00:00,Rat_lodging_Ben,352.45,22.2,6.0,18.9,1012.4,5.1,22,4,10,294,32516.0,1949.0,Mixed
2016-10-20 23:00:00,Rat_lodging_Ben,343.67,21.7,5.0,19.4,1012.0,5.7,23,4,10,294,32516.0,1949.0,Mixed
2016-10-21 00:00:00,Rat_lodging_Ben,338.94,21.1,4.0,19.4,1011.5,5.7,0,5,10,295,32516.0,1949.0,Mixed
2016-10-21 01:00:00,Rat_lodging_Ben,327.43,21.1,2.0,17.8,1011.0,6.2,1,5,10,295,32516.0,1949.0,Mixed
2016-10-21 02:00:00,Rat_lodging_Ben,327.49,20.6,2.0,18.3,1010.3,4.6,2,5,10,295,32516.0,1949.0,Mixed
2016-10-21 03:00:00,Rat_lodging_Ben,322.31,20.6,4.0,18.3,1009.2,5.1,3,5,10,295,32516.0,1949.0,Mixed
2016-10-21 04:00:00,Rat_lodging_Ben,318.18,20.0,6.0,18.3,1008.7,6.2,4,5,10,295,32516.0,1949.0,Mixed
2016-10-21 05:00:00,Rat_lodging_Ben,349.02,20.0,4.0,18.3,1008.3,4.1,5,5,10,295,32516.0,1949.0,Mixed
2016-10-21 06:00:00,Rat_lodging_Ben,362.73,19.4,4.0,18.3,1007.6,5.1,6,5,10,295,32516.0,1949.0,Mixed
2016-10-21 07:00:00,Rat_lodging_Ben,365.49,19.4,4.0,18.3,1006.8,5.7,7,5,10,295,32516.0,1949.0,Mixed
2016-10-21 08:00:00,Rat_lodging_Ben,377.81,20.6,4.0,18.9,1006.5,4.6,8,5,10,295,32516.0,1949.0,Mixed
2016-10-21 09:00:00,Rat_lodging_Ben,399.94,21.7,4.0,18.3,1006.0,5.1,9,5,10,295,32516.0,1949.0,Mixed
2016-10-21 10:00:00,Rat_lodging_Ben,422.12,22.8,2.0,18.3,1005.2,5.1,10,5,10,295,32516.0,1949.0,Mixed
2016-10-21 11:00:00,Rat_lodging_Ben,438.07,24.4,4.0,18.9,1004.0,5.7,11,5,10,295,32516.0,1949.0,Mixed
2016-10-21 12:00:00,Rat_lodging_Ben,446.24,26.1,4.0,18.3,1002.6,5.7,12,5,10,295,32516.0,1949.0,Mixed
2016-10-21 13:00:00,Rat_lodging_Ben,403.94,26.1,6.0,19.4,1001.1,5.1,13,5,10,295,32516.0,1949.0,Mixed
2016-10-21 14:00:00,Rat_lodging_Ben,356.63,17.2,6.666666666666667,15.0,1002.1,6.2,14,5,10,295,32516.0,1949.0,Mixed
2016-10-21 15:00:00,Rat_lodging_Ben,346.0,17.8,7.333333333333333,15.0,1001.8,4.1,15,5,10,295,32516.0,1949.0,Mixed
2016-10-21 16:00:00,Rat_lodging_Ben,327.75,18.3,8.0,15.0,1001.6,4.6,16,5,10,295,32516.0,1949.0,Mixed
2016-10-21 17:00:00,Rat_lodging_Ben,322.68,18.3,8.0,13.9,1001.7,4.6,17,5,10,295,32516.0,1949.0,Mixed
2016-10-21 18:00:00,Rat_lodging_Ben,316.28,18.3,8.0,12.8,1002.1,6.2,18,5,10,295,32516.0,1949.0,Mixed
2016-10-21 19:00:00,Rat_lodging_Ben,307.23,16.7,8.0,12.2,1002.2,7.7,19,5,10,295,32516.0,1949.0,Mixed
2016-10-21 20:00:00,Rat_lodging_Ben,307.3,15.6,8.0,12.2,1001.8,6.7,20,5,10,295,32516.0,1949.0,Mixed
2016-10-21 21:00:00,Rat_lodging_Ben,274.9,15.6,8.0,11.7,1002.0,5.1,21,5,10,295,32516.0,1949.0,Mixed
2016-10-21 22:00:00,Rat_lodging_Ben,254.9,15.6,8.0,11.1,1001.9,6.7,22,5,10,295,32516.0,1949.0,Mixed
2016-10-21 23:00:00,Rat_lodging_Ben,252.65,15.6,8.0,10.0,1002.4,7.2,23,5,10,295,32516.0,1949.0,Mixed
2016-10-22 00:00:00,Rat_lodging_Ben,240.61,14.4,8.0,8.9,1002.4,10.8,0,6,10,296,32516.0,1949.0,Mixed
2016-10-22 01:00:00,Rat_lodging_Ben,233.85,13.9,8.0,7.2,1001.9,9.8,1,6,10,296,32516.0,1949.0,Mixed
2016-10-22 02:00:00,Rat_lodging_Ben,229.55,13.3,7.333333333333333,7.2,1002.5,10.3,2,6,10,296,32516.0,1949.0,Mixed
2016-10-22 03:00:00,Rat_lodging_Ben,219.77,12.8,6.666666666666667,6.7,1002.7,11.3,3,6,10,296,32516.0,1949.0,Mixed
2016-10-22 04:00:00,Rat_lodging_Ben,220.04,12.8,6.0,6.7,1002.9,6.7,4,6,10,296,32516.0,1949.0,Mixed
2016-10-22 05:00:00,Rat_lodging_Ben,231.34,12.8,6.666666666666667,6.1,1003.7,10.3,5,6,10,296,32516.0,1949.0,Mixed
2016-10-22 06:00:00,Rat_lodging_Ben,245.49,12.2,7.333333333333333,6.1,1004.1,8.2,6,6,10,296,32516.0,1949.0,Mixed
2016-10-22 07:00:00,Rat_lodging_Ben,253.49,12.8,8.0,5.0,1004.6,8.2,7,6,10,296,32516.0,1949.0,Mixed
2016-10-22 08:00:00,Rat_lodging_Ben,258.17,12.2,7.333333333333333,4.4,1005.6,9.3,8,6,10,296,32516.0,1949.0,Mixed
2016-10-22 09:00:00,Rat_lodging_Ben,264.46,11.7,6.666666666666667,1.7,1006.4,9.8,9,6,10,296,32516.0,1949.0,Mixed
2016-10-22 10:00:00,Rat_lodging_Ben,272.97,12.8,6.0,0.6,1007.1,8.2,10,6,10,296,32516.0,1949.0,Mixed
2016-10-22 11:00:00,Rat_lodging_Ben,268.57,13.9,6.0,1.1,1007.4,10.8,11,6,10,296,32516.0,1949.0,Mixed
2016-10-22 12:00:00,Rat_lodging_Ben,261.8,15.0,6.0,0.6,1007.3,10.3,12,6,10,296,32516.0,1949.0,Mixed
2016-10-22 13:00:00,Rat_lodging_Ben,278.59,16.1,6.0,1.1,1007.0,8.2,13,6,10,296,32516.0,1949.0,Mixed
2016-10-22 14:00:00,Rat_lodging_Ben,268.48,15.0,5.333333333333333,1.1,1007.2,11.3,14,6,10,296,32516.0,1949.0,Mixed
2016-10-22 15:00:00,Rat_lodging_Ben,254.58,14.4,4.666666666666667,1.7,1007.8,11.3,15,6,10,296,32516.0,1949.0,Mixed
2016-10-22 16:00:00,Rat_lodging_Ben,253.73,14.4,4.0,1.1,1008.3,8.8,16,6,10,296,32516.0,1949.0,Mixed
2016-10-22 17:00:00,Rat_lodging_Ben,246.58,13.3,4.0,0.6,1009.0,7.7,17,6,10,296,32516.0,1949.0,Mixed
2016-10-22 18:00:00,Rat_lodging_Ben,245.18,12.8,4.0,0.6,1010.3,7.2,18,6,10,296,32516.0,1949.0,Mixed
2016-10-22 19:00:00,Rat_lodging_Ben,236.88,11.7,2.0,0.6,1011.4,7.2,19,6,10,296,32516.0,1949.0,Mixed
2016-10-22 20:00:00,Rat_lodging_Ben,242.46,11.7,2.0,-0.6,1011.9,6.2,20,6,10,296,32516.0,1949.0,Mixed
2016-10-22 21:00:00,Rat_lodging_Ben,238.51,11.1,2.0,-1.1,1012.6,6.2,21,6,10,296,32516.0,1949.0,Mixed
2016-10-22 22:00:00,Rat_lodging_Ben,219.92,11.1,2.0,-1.7,1013.0,5.1,22,6,10,296,32516.0,1949.0,Mixed
2016-10-22 23:00:00,Rat_lodging_Ben,212.84,10.6,0.0,-1.7,1013.2,5.1,23,6,10,296,32516.0,1949.0,Mixed
2016-10-23 00:00:00,Rat_lodging_Ben,217.09,10.6,0.0,-0.6,1013.6,7.7,0,7,10,297,32516.0,1949.0,Mixed
2016-10-23 01:00:00,Rat_lodging_Ben,214.05,10.6,0.0,0.0,1014.0,4.1,1,7,10,297,32516.0,1949.0,Mixed
2016-10-23 02:00:00,Rat_lodging_Ben,203.83,10.0,2.0,0.0,1014.6,3.6,2,7,10,297,32516.0,1949.0,Mixed
2016-10-23 03:00:00,Rat_lodging_Ben,200.79,9.4,2.0,1.1,1015.0,3.1,3,7,10,297,32516.0,1949.0,Mixed
2016-10-23 04:00:00,Rat_lodging_Ben,192.37,8.9,2.0,1.1,1015.6,4.1,4,7,10,297,32516.0,1949.0,Mixed
2016-10-23 05:00:00,Rat_lodging_Ben,203.28,7.8,2.0,1.7,1015.8,4.1,5,7,10,297,32516.0,1949.0,Mixed
2016-10-23 06:00:00,Rat_lodging_Ben,216.4,8.3,2.0,1.7,1016.3,5.1,6,7,10,297,32516.0,1949.0,Mixed
2016-10-23 07:00:00,Rat_lodging_Ben,229.02,7.8,2.0,2.8,1016.9,3.6,7,7,10,297,32516.0,1949.0,Mixed
2016-10-23 08:00:00,Rat_lodging_Ben,242.35,11.1,2.0,2.8,1017.6,4.1,8,7,10,297,32516.0,1949.0,Mixed
2016-10-23 09:00:00,Rat_lodging_Ben,242.2,12.8,0.0,2.8,1017.9,5.1,9,7,10,297,32516.0,1949.0,Mixed
2016-10-23 10:00:00,Rat_lodging_Ben,268.45,14.4,4.0,3.3,1017.7,5.7,10,7,10,297,32516.0,1949.0,Mixed
2016-10-23 11:00:00,Rat_lodging_Ben,270.67,16.7,2.0,4.4,1017.4,6.7,11,7,10,297,32516.0,1949.0,Mixed
2016-10-23 12:00:00,Rat_lodging_Ben,284.86,17.8,4.0,4.4,1017.1,6.2,12,7,10,297,32516.0,1949.0,Mixed
2016-10-23 13:00:00,Rat_lodging_Ben,311.46,18.9,4.0,5.0,1016.2,5.1,13,7,10,297,32516.0,1949.0,Mixed
2016-10-23 14:00:00,Rat_lodging_Ben,327.59,20.0,4.0,6.1,1015.6,5.7,14,7,10,297,32516.0,1949.0,Mixed
2016-10-23 15:00:00,Rat_lodging_Ben,328.15,20.0,3.0,6.1,1015.0,7.2,15,7,10,297,32516.0,1949.0,Mixed
2016-10-23 16:00:00,Rat_lodging_Ben,317.41,20.0,2.0,6.7,1014.9,7.7,16,7,10,297,32516.0,1949.0,Mixed
2016-10-23 17:00:00,Rat_lodging_Ben,294.03,18.9,2.0,6.7,1015.1,5.1,17,7,10,297,32516.0,1949.0,Mixed
2016-10-23 18:00:00,Rat_lodging_Ben,272.87,17.2,2.0,7.8,1015.3,5.7,18,7,10,297,32516.0,1949.0,Mixed
2016-10-23 19:00:00,Rat_lodging_Ben,231.65,15.6,0.0,8.9,1015.3,3.1,19,7,10,297,32516.0,1949.0,Mixed
2016-10-23 20:00:00,Rat_lodging_Ben,229.47,14.4,0.0,9.4,1015.0,3.1,20,7,10,297,32516.0,1949.0,Mixed
2016-10-23 21:00:00,Rat_lodging_Ben,221.66,15.0,0.0,9.4,1014.6,1.5,21,7,10,297,32516.0,1949.0,Mixed
2016-10-23 22:00:00,Rat_lodging_Ben,210.87,13.9,0.0,7.8,1014.2,3.1,22,7,10,297,32516.0,1949.0,Mixed
2016-10-23 23:00:00,Rat_lodging_Ben,208.48,13.3,0.0,8.3,1014.0,3.1,23,7,10,297,32516.0,1949.0,Mixed
2016-10-24 00:00:00,Rat_lodging_Ben,228.37,14.4,2.0,7.8,1013.5,4.6,0,1,10,298,32516.0,1949.0,Mixed
2016-10-24 01:00:00,Rat_lodging_Ben,260.1,13.9,2.0,7.8,1013.0,4.1,1,1,10,298,32516.0,1949.0,Mixed
2016-10-24 02:00:00,Rat_lodging_Ben,268.12,13.9,2.0,7.8,1012.5,4.6,2,1,10,298,32516.0,1949.0,Mixed
2016-10-24 03:00:00,Rat_lodging_Ben,274.35,13.3,2.0,7.8,1012.7,5.7,3,1,10,298,32516.0,1949.0,Mixed
2016-10-24 04:00:00,Rat_lodging_Ben,284.98,12.8,2.0,7.2,1013.0,3.1,4,1,10,298,32516.0,1949.0,Mixed
2016-10-24 05:00:00,Rat_lodging_Ben,306.18,12.2,2.0,7.8,1014.2,2.6,5,1,10,298,32516.0,1949.0,Mixed
2016-10-24 06:00:00,Rat_lodging_Ben,345.59,12.2,2.0,7.8,1014.8,4.6,6,1,10,298,32516.0,1949.0,Mixed
2016-10-24 07:00:00,Rat_lodging_Ben,355.99,13.3,4.0,7.8,1015.7,1.5,7,1,10,298,32516.0,1949.0,Mixed
2016-10-24 08:00:00,Rat_lodging_Ben,360.97,15.0,4.0,9.4,1016.9,2.1,8,1,10,298,32516.0,1949.0,Mixed
2016-10-24 09:00:00,Rat_lodging_Ben,366.74,18.3,4.0,8.9,1017.1,2.1,9,1,10,298,32516.0,1949.0,Mixed
2016-10-24 10:00:00,Rat_lodging_Ben,356.96,18.3,8.0,8.9,1017.4,3.1,10,1,10,298,32516.0,1949.0,Mixed
2016-10-24 11:00:00,Rat_lodging_Ben,346.79,20.6,4.0,8.9,1017.5,5.7,11,1,10,298,32516.0,1949.0,Mixed
2016-10-24 12:00:00,Rat_lodging_Ben,314.4,21.1,5.0,8.9,1017.1,5.7,12,1,10,298,32516.0,1949.0,Mixed
2016-10-24 13:00:00,Rat_lodging_Ben,285.85,21.1,6.0,8.9,1016.9,7.2,13,1,10,298,32516.0,1949.0,Mixed
2016-10-24 14:00:00,Rat_lodging_Ben,271.82,21.1,5.0,6.7,1016.4,7.2,14,1,10,298,32516.0,1949.0,Mixed
2016-10-24 15:00:00,Rat_lodging_Ben,255.74,21.1,4.0,6.7,1017.0,6.7,15,1,10,298,32516.0,1949.0,Mixed
2016-10-24 16:00:00,Rat_lodging_Ben,241.32,20.6,4.0,5.0,1017.8,8.2,16,1,10,298,32516.0,1949.0,Mixed
2016-10-24 17:00:00,Rat_lodging_Ben,232.55,18.9,2.0,4.4,1019.0,8.8,17,1,10,298,32516.0,1949.0,Mixed
2016-10-24 18:00:00,Rat_lodging_Ben,214.42,17.2,2.0,3.3,1020.4,6.2,18,1,10,298,32516.0,1949.0,Mixed
2016-10-24 19:00:00,Rat_lodging_Ben,209.24,16.1,0.0,1.7,1021.6,7.7,19,1,10,298,32516.0,1949.0,Mixed
2016-10-24 20:00:00,Rat_lodging_Ben,207.86,15.0,0.0,0.6,1022.6,7.7,20,1,10,298,32516.0,1949.0,Mixed
2016-10-24 21:00:00,Rat_lodging_Ben,200.23,13.9,0.0,0.6,1023.4,5.1,21,1,10,298,32516.0,1949.0,Mixed
2016-10-24 22:00:00,Rat_lodging_Ben,199.98,12.8,0.0,0.6,1024.1,3.1,22,1,10,298,32516.0,1949.0,Mixed
2016-10-24 23:00:00,Rat_lodging_Ben,201.25,11.7,0.0,1.1,1024.5,4.1,23,1,10,298,32516.0,1949.0,Mixed
2016-10-25 00:00:00,Rat_lodging_Ben,222.07,10.6,2.0,1.1,1024.8,5.1,0,2,10,299,32516.0,1949.0,Mixed
2016-10-25 01:00:00,Rat_lodging_Ben,242.63,10.0,0.0,1.7,1025.3,4.1,1,2,10,299,32516.0,1949.0,Mixed
2016-10-25 02:00:00,Rat_lodging_Ben,247.84,10.0,0.0,1.1,1025.5,5.1,2,2,10,299,32516.0,1949.0,Mixed
2016-10-25 03:00:00,Rat_lodging_Ben,253.68,10.0,0.0,0.6,1025.4,5.1,3,2,10,299,32516.0,1949.0,Mixed
2016-10-25 04:00:00,Rat_lodging_Ben,275.0,9.4,0.0,0.6,1025.5,4.1,4,2,10,299,32516.0,1949.0,Mixed
2016-10-25 05:00:00,Rat_lodging_Ben,272.51,9.4,0.0,0.6,1026.0,3.1,5,2,10,299,32516.0,1949.0,Mixed
2016-10-25 06:00:00,Rat_lodging_Ben,292.03,8.9,0.0,1.1,1026.4,3.1,6,2,10,299,32516.0,1949.0,Mixed
2016-10-25 07:00:00,Rat_lodging_Ben,288.6,8.9,2.0,1.1,1026.9,2.6,7,2,10,299,32516.0,1949.0,Mixed
2016-10-25 08:00:00,Rat_lodging_Ben,297.62,10.6,0.0,1.7,1027.5,3.1,8,2,10,299,32516.0,1949.0,Mixed
2016-10-25 09:00:00,Rat_lodging_Ben,297.99,12.8,0.0,1.7,1027.4,4.6,9,2,10,299,32516.0,1949.0,Mixed
2016-10-25 10:00:00,Rat_lodging_Ben,301.31,14.4,2.0,1.7,1027.0,9.3,10,2,10,299,32516.0,1949.0,Mixed
2016-10-25 11:00:00,Rat_lodging_Ben,293.22,16.1,2.0,1.7,1026.7,7.2,11,2,10,299,32516.0,1949.0,Mixed
2016-10-25 12:00:00,Rat_lodging_Ben,276.45,16.7,2.0,1.7,1026.3,8.8,12,2,10,299,32516.0,1949.0,Mixed
2016-10-25 13:00:00,Rat_lodging_Ben,252.67,16.7,2.0,1.1,1025.5,6.2,13,2,10,299,32516.0,1949.0,Mixed
2016-10-25 14:00:00,Rat_lodging_Ben,244.0,17.2,2.0,1.1,1024.9,6.7,14,2,10,299,32516.0,1949.0,Mixed
2016-10-25 15:00:00,Rat_lodging_Ben,232.98,17.8,2.0,1.1,1024.8,7.2,15,2,10,299,32516.0,1949.0,Mixed
2016-10-25 16:00:00,Rat_lodging_Ben,225.14,16.7,2.0,0.6,1025.0,6.7,16,2,10,299,32516.0,1949.0,Mixed
2016-10-25 17:00:00,Rat_lodging_Ben,210.65,15.6,4.0,1.1,1025.6,5.7,17,2,10,299,32516.0,1949.0,Mixed
2016-10-25 18:00:00,Rat_lodging_Ben,202.99,13.9,4.0,1.7,1026.9,7.2,18,2,10,299,32516.0,1949.0,Mixed
2016-10-25 19:00:00,Rat_lodging_Ben,196.47,12.8,2.0,0.6,1027.9,6.2,19,2,10,299,32516.0,1949.0,Mixed
2016-10-25 20:00:00,Rat_lodging_Ben,195.78,11.7,0.0,0.0,1028.7,4.6,20,2,10,299,32516.0,1949.0,Mixed
2016-10-25 21:00:00,Rat_lodging_Ben,194.11,11.1,0.0,0.6,1029.2,3.6,21,2,10,299,32516.0,1949.0,Mixed
2016-10-25 22:00:00,Rat_lodging_Ben,196.97,10.0,2.0,0.6,1029.6,3.1,22,2,10,299,32516.0,1949.0,Mixed
2016-10-25 23:00:00,Rat_lodging_Ben,195.78,10.6,2.0,1.7,1029.8,1.5,23,2,10,299,32516.0,1949.0,Mixed
2016-10-26 00:00:00,Rat_lodging_Ben,210.91,9.4,2.0,1.7,1029.8,0.0,0,3,10,300,32516.0,1949.0,Mixed
2016-10-26 01:00:00,Rat_lodging_Ben,234.75,9.4,0.0,1.7,1030.2,0.0,1,3,10,300,32516.0,1949.0,Mixed
2016-10-26 02:00:00,Rat_lodging_Ben,246.33,6.7,0.0,2.2,1030.2,4.6,2,3,10,300,32516.0,1949.0,Mixed
2016-10-26 03:00:00,Rat_lodging_Ben,252.88,7.8,2.0,1.7,1029.9,1.5,3,3,10,300,32516.0,1949.0,Mixed
2016-10-26 04:00:00,Rat_lodging_Ben,258.11,5.6,2.0,1.7,1030.4,2.6,4,3,10,300,32516.0,1949.0,Mixed
2016-10-26 05:00:00,Rat_lodging_Ben,274.14,6.7,0.0,1.1,1030.5,0.0,5,3,10,300,32516.0,1949.0,Mixed
2016-10-26 06:00:00,Rat_lodging_Ben,278.23,6.1,2.0,1.7,1031.1,0.0,6,3,10,300,32516.0,1949.0,Mixed
2016-10-26 07:00:00,Rat_lodging_Ben,272.08,7.2,6.0,1.7,1031.7,0.0,7,3,10,300,32516.0,1949.0,Mixed
2016-10-26 08:00:00,Rat_lodging_Ben,273.26,8.9,6.666666666666667,2.8,1032.1,2.6,8,3,10,300,32516.0,1949.0,Mixed
2016-10-26 09:00:00,Rat_lodging_Ben,282.67,9.4,7.333333333333333,0.6,1032.3,4.1,9,3,10,300,32516.0,1949.0,Mixed
2016-10-26 10:00:00,Rat_lodging_Ben,262.29,11.1,8.0,1.7,1032.2,2.6,10,3,10,300,32516.0,1949.0,Mixed
2016-10-26 11:00:00,Rat_lodging_Ben,258.96,11.7,7.333333333333333,0.0,1031.9,1.5,11,3,10,300,32516.0,1949.0,Mixed
2016-10-26 12:00:00,Rat_lodging_Ben,252.47,12.8,6.666666666666667,0.0,1031.3,0.0,12,3,10,300,32516.0,1949.0,Mixed
2016-10-26 13:00:00,Rat_lodging_Ben,243.77,13.9,6.0,1.1,1030.2,2.1,13,3,10,300,32516.0,1949.0,Mixed
2016-10-26 14:00:00,Rat_lodging_Ben,237.52,13.9,6.0,1.7,1029.5,1.5,14,3,10,300,32516.0,1949.0,Mixed
2016-10-26 15:00:00,Rat_lodging_Ben,239.05,13.9,6.0,1.1,1028.8,2.1,15,3,10,300,32516.0,1949.0,Mixed
2016-10-26 16:00:00,Rat_lodging_Ben,231.51,13.9,6.0,1.7,1028.5,2.1,16,3,10,300,32516.0,1949.0,Mixed
2016-10-26 17:00:00,Rat_lodging_Ben,211.67,13.3,5.0,2.8,1028.6,3.1,17,3,10,300,32516.0,1949.0,Mixed
2016-10-26 18:00:00,Rat_lodging_Ben,204.04,12.8,4.0,4.4,1028.7,4.6,18,3,10,300,32516.0,1949.0,Mixed
2016-10-26 19:00:00,Rat_lodging_Ben,191.93,11.7,4.0,4.4,1029.2,4.1,19,3,10,300,32516.0,1949.0,Mixed
2016-10-26 20:00:00,Rat_lodging_Ben,196.4,11.1,4.666666666666667,5.0,1029.8,1.5,20,3,10,300,32516.0,1949.0,Mixed
2016-10-26 21:00:00,Rat_lodging_Ben,195.78,11.7,5.333333333333333,5.0,1029.4,2.6,21,3,10,300,32516.0,1949.0,Mixed
2016-10-26 22:00:00,Rat_lodging_Ben,199.78,11.1,6.0,5.6,1029.5,2.6,22,3,10,300,32516.0,1949.0,Mixed
2016-10-26 23:00:00,Rat_lodging_Ben,202.19,10.6,6.666666666666667,5.6,1029.3,2.1,23,3,10,300,32516.0,1949.0,Mixed
2016-10-27 00:00:00,Rat_lodging_Ben,214.0,11.1,7.333333333333333,5.6,1029.1,2.1,0,4,10,301,32516.0,1949.0,Mixed
2016-10-27 01:00:00,Rat_lodging_Ben,248.61,11.7,8.0,5.6,1029.0,3.1,1,4,10,301,32516.0,1949.0,Mixed
2016-10-27 02:00:00,Rat_lodging_Ben,252.15,11.1,8.0,5.6,1028.3,1.5,2,4,10,301,32516.0,1949.0,Mixed
2016-10-27 03:00:00,Rat_lodging_Ben,257.62,10.6,8.0,5.6,1027.8,0.0,3,4,10,301,32516.0,1949.0,Mixed
2016-10-27 04:00:00,Rat_lodging_Ben,256.38,10.6,8.0,6.1,1027.2,1.5,4,4,10,301,32516.0,1949.0,Mixed
2016-10-27 05:00:00,Rat_lodging_Ben,260.88,10.6,7.333333333333333,6.7,1026.9,3.1,5,4,10,301,32516.0,1949.0,Mixed
2016-10-27 06:00:00,Rat_lodging_Ben,262.36,10.6,6.666666666666667,7.2,1026.5,3.1,6,4,10,301,32516.0,1949.0,Mixed
2016-10-27 07:00:00,Rat_lodging_Ben,267.41,10.6,6.0,8.3,1026.2,3.1,7,4,10,301,32516.0,1949.0,Mixed
2016-10-27 08:00:00,Rat_lodging_Ben,262.94,11.7,6.666666666666667,8.9,1026.4,2.6,8,4,10,301,32516.0,1949.0,Mixed
2016-10-27 09:00:00,Rat_lodging_Ben,263.26,12.2,7.333333333333333,10.0,1026.0,3.1,9,4,10,301,32516.0,1949.0,Mixed
2016-10-27 10:00:00,Rat_lodging_Ben,263.77,13.3,8.0,10.6,1025.1,3.1,10,4,10,301,32516.0,1949.0,Mixed
2016-10-27 11:00:00,Rat_lodging_Ben,258.89,15.6,8.0,11.1,1024.2,5.1,11,4,10,301,32516.0,1949.0,Mixed
2016-10-27 12:00:00,Rat_lodging_Ben,255.75,16.1,8.0,11.7,1023.3,5.7,12,4,10,301,32516.0,1949.0,Mixed
2016-10-27 13:00:00,Rat_lodging_Ben,261.37,15.6,8.0,13.9,1021.5,3.6,13,4,10,301,32516.0,1949.0,Mixed
2016-10-27 14:00:00,Rat_lodging_Ben,258.12,15.6,7.333333333333333,14.4,1020.2,4.1,14,4,10,301,32516.0,1949.0,Mixed
2016-10-27 15:00:00,Rat_lodging_Ben,257.53,16.7,6.666666666666667,15.0,1019.5,4.1,15,4,10,301,32516.0,1949.0,Mixed
2016-10-27 16:00:00,Rat_lodging_Ben,262.49,17.2,6.0,16.1,1019.0,4.1,16,4,10,301,32516.0,1949.0,Mixed
2016-10-27 17:00:00,Rat_lodging_Ben,238.57,16.7,6.666666666666667,15.6,1018.2,4.1,17,4,10,301,32516.0,1949.0,Mixed
2016-10-27 18:00:00,Rat_lodging_Ben,222.43,16.7,7.333333333333333,15.6,1018.0,4.6,18,4,10,301,32516.0,1949.0,Mixed
2016-10-27 19:00:00,Rat_lodging_Ben,215.16,16.7,8.0,16.1,1018.1,4.6,19,4,10,301,32516.0,1949.0,Mixed
2016-10-27 20:00:00,Rat_lodging_Ben,206.88,17.2,6.666666666666667,16.1,1017.7,4.1,20,4,10,301,32516.0,1949.0,Mixed
2016-10-27 21:00:00,Rat_lodging_Ben,203.41,16.1,5.333333333333334,15.6,1017.8,3.1,21,4,10,301,32516.0,1949.0,Mixed
2016-10-27 22:00:00,Rat_lodging_Ben,193.88,15.6,4.0,15.6,1017.9,2.6,22,4,10,301,32516.0,1949.0,Mixed
2016-10-27 23:00:00,Rat_lodging_Ben,195.14,16.1,4.0,14.4,1018.8,2.1,23,4,10,301,32516.0,1949.0,Mixed
2016-10-28 00:00:00,Rat_lodging_Ben,212.53,14.4,2.0,11.7,1019.3,3.6,0,5,10,302,32516.0,1949.0,Mixed
2016-10-28 01:00:00,Rat_lodging_Ben,237.3,13.3,0.0,9.4,1019.8,6.2,1,5,10,302,32516.0,1949.0,Mixed
2016-10-28 02:00:00,Rat_lodging_Ben,244.08,12.2,4.0,7.8,1020.3,4.1,2,5,10,302,32516.0,1949.0,Mixed
2016-10-28 03:00:00,Rat_lodging_Ben,247.71,11.7,4.0,6.1,1020.3,6.2,3,5,10,302,32516.0,1949.0,Mixed
2016-10-28 04:00:00,Rat_lodging_Ben,258.35,11.1,4.0,5.6,1021.0,6.7,4,5,10,302,32516.0,1949.0,Mixed
2016-10-28 05:00:00,Rat_lodging_Ben,279.41,11.1,4.0,5.0,1021.8,7.2,5,5,10,302,32516.0,1949.0,Mixed
2016-10-28 06:00:00,Rat_lodging_Ben,276.01,11.7,2.0,3.9,1022.9,7.7,6,5,10,302,32516.0,1949.0,Mixed
2016-10-28 07:00:00,Rat_lodging_Ben,271.15,11.1,2.0,3.9,1023.6,6.2,7,5,10,302,32516.0,1949.0,Mixed
2016-10-28 08:00:00,Rat_lodging_Ben,274.96,12.2,4.0,4.4,1024.6,6.2,8,5,10,302,32516.0,1949.0,Mixed
2016-10-28 09:00:00,Rat_lodging_Ben,287.26,13.9,4.0,4.4,1025.0,4.6,9,5,10,302,32516.0,1949.0,Mixed
2016-10-28 10:00:00,Rat_lodging_Ben,289.6,13.9,4.0,3.3,1024.2,11.3,10,5,10,302,32516.0,1949.0,Mixed
2016-10-28 11:00:00,Rat_lodging_Ben,279.57,15.0,2.0,3.3,1023.6,11.8,11,5,10,302,32516.0,1949.0,Mixed
2016-10-28 12:00:00,Rat_lodging_Ben,262.37,15.6,4.0,2.8,1023.7,8.8,12,5,10,302,32516.0,1949.0,Mixed
2016-10-28 13:00:00,Rat_lodging_Ben,254.02,16.1,6.0,1.7,1023.6,6.7,13,5,10,302,32516.0,1949.0,Mixed
2016-10-28 14:00:00,Rat_lodging_Ben,243.68,17.2,6.0,2.2,1022.8,8.8,14,5,10,302,32516.0,1949.0,Mixed
2016-10-28 15:00:00,Rat_lodging_Ben,240.67,17.2,6.0,1.1,1022.7,8.8,15,5,10,302,32516.0,1949.0,Mixed
2016-10-28 16:00:00,Rat_lodging_Ben,227.59,16.7,6.0,0.6,1023.1,6.7,16,5,10,302,32516.0,1949.0,Mixed
2016-10-28 17:00:00,Rat_lodging_Ben,210.52,15.6,4.0,1.1,1023.3,4.6,17,5,10,302,32516.0,1949.0,Mixed
2016-10-28 18:00:00,Rat_lodging_Ben,204.58,14.4,2.0,1.7,1023.9,2.6,18,5,10,302,32516.0,1949.0,Mixed
2016-10-28 19:00:00,Rat_lodging_Ben,202.92,14.4,0.0,2.2,1024.6,0.0,19,5,10,302,32516.0,1949.0,Mixed
2016-10-28 20:00:00,Rat_lodging_Ben,194.45,12.2,0.0,3.9,1024.9,2.6,20,5,10,302,32516.0,1949.0,Mixed
2016-10-28 21:00:00,Rat_lodging_Ben,193.35,12.2,0.0,2.8,1025.2,2.6,21,5,10,302,32516.0,1949.0,Mixed
2016-10-28 22:00:00,Rat_lodging_Ben,194.28,10.0,0.0,5.0,1024.9,0.0,22,5,10,302,32516.0,1949.0,Mixed
2016-10-28 23:00:00,Rat_lodging_Ben,195.58,10.0,2.0,5.0,1024.9,1.5,23,5,10,302,32516.0,1949.0,Mixed
2016-10-29 00:00:00,Rat_lodging_Ben,200.49,8.9,4.0,6.1,1024.6,2.1,0,6,10,303,32516.0,1949.0,Mixed
2016-10-29 01:00:00,Rat_lodging_Ben,218.59,10.0,0.0,7.2,1024.1,0.0,1,6,10,303,32516.0,1949.0,Mixed
2016-10-29 02:00:00,Rat_lodging_Ben,223.84,7.8,0.0,5.6,1024.5,2.1,2,6,10,303,32516.0,1949.0,Mixed
2016-10-29 03:00:00,Rat_lodging_Ben,231.24,7.8,0.0,5.0,1023.5,2.6,3,6,10,303,32516.0,1949.0,Mixed
2016-10-29 04:00:00,Rat_lodging_Ben,234.14,8.3,0.0,4.4,1023.9,1.5,4,6,10,303,32516.0,1949.0,Mixed
2016-10-29 05:00:00,Rat_lodging_Ben,264.82,7.2,0.0,5.0,1023.9,3.1,5,6,10,303,32516.0,1949.0,Mixed
2016-10-29 06:00:00,Rat_lodging_Ben,284.17,7.8,2.0,5.6,1023.8,2.1,6,6,10,303,32516.0,1949.0,Mixed
2016-10-29 07:00:00,Rat_lodging_Ben,290.59,7.8,2.0,6.1,1024.1,2.1,7,6,10,303,32516.0,1949.0,Mixed
2016-10-29 08:00:00,Rat_lodging_Ben,319.63,9.4,2.0,7.8,1023.8,2.1,8,6,10,303,32516.0,1949.0,Mixed
2016-10-29 09:00:00,Rat_lodging_Ben,340.99,11.7,4.0,8.3,1023.2,4.1,9,6,10,303,32516.0,1949.0,Mixed
2016-10-29 10:00:00,Rat_lodging_Ben,342.13,15.6,4.0,8.3,1022.0,5.1,10,6,10,303,32516.0,1949.0,Mixed
2016-10-29 11:00:00,Rat_lodging_Ben,326.62,17.8,4.666666666666667,9.4,1021.2,6.2,11,6,10,303,32516.0,1949.0,Mixed
2016-10-29 12:00:00,Rat_lodging_Ben,329.27,20.0,5.333333333333333,10.6,1019.7,6.2,12,6,10,303,32516.0,1949.0,Mixed
2016-10-29 13:00:00,Rat_lodging_Ben,311.93,21.7,6.0,11.7,1018.2,4.1,13,6,10,303,32516.0,1949.0,Mixed
2016-10-29 14:00:00,Rat_lodging_Ben,295.38,23.9,6.666666666666667,11.7,1017.1,5.1,14,6,10,303,32516.0,1949.0,Mixed
2016-10-29 15:00:00,Rat_lodging_Ben,276.11,23.9,7.333333333333333,11.7,1016.3,6.2,15,6,10,303,32516.0,1949.0,Mixed
2016-10-29 16:00:00,Rat_lodging_Ben,268.32,23.9,8.0,12.2,1015.9,6.7,16,6,10,303,32516.0,1949.0,Mixed
2016-10-29 17:00:00,Rat_lodging_Ben,255.85,22.2,6.666666666666667,13.3,1015.7,5.1,17,6,10,303,32516.0,1949.0,Mixed
2016-10-29 18:00:00,Rat_lodging_Ben,252.59,19.4,5.333333333333334,13.9,1016.0,3.6,18,6,10,303,32516.0,1949.0,Mixed
2016-10-29 19:00:00,Rat_lodging_Ben,244.54,18.9,4.0,13.9,1016.2,5.1,19,6,10,303,32516.0,1949.0,Mixed
2016-10-29 20:00:00,Rat_lodging_Ben,241.76,17.8,0.0,13.9,1016.3,3.1,20,6,10,303,32516.0,1949.0,Mixed
2016-10-29 21:00:00,Rat_lodging_Ben,242.05,17.8,0.0,14.4,1016.7,3.6,21,6,10,303,32516.0,1949.0,Mixed
2016-10-29 22:00:00,Rat_lodging_Ben,243.25,17.2,2.0,13.9,1016.7,4.1,22,6,10,303,32516.0,1949.0,Mixed
2016-10-29 23:00:00,Rat_lodging_Ben,242.05,16.7,4.0,14.4,1016.5,4.1,23,6,10,303,32516.0,1949.0,Mixed
2016-10-30 00:00:00,Rat_lodging_Ben,242.22,16.1,5.0,13.9,1016.6,3.6,0,7,10,304,32516.0,1949.0,Mixed
2016-10-30 01:00:00,Rat_lodging_Ben,256.71,16.1,6.0,14.4,1016.2,4.1,1,7,10,304,32516.0,1949.0,Mixed
2016-10-30 02:00:00,Rat_lodging_Ben,268.49,15.6,6.0,14.4,1016.0,3.6,2,7,10,304,32516.0,1949.0,Mixed
2016-10-30 03:00:00,Rat_lodging_Ben,274.79,16.1,6.0,14.4,1015.5,4.6,3,7,10,304,32516.0,1949.0,Mixed
2016-10-30 04:00:00,Rat_lodging_Ben,294.04,16.1,6.0,14.4,1015.5,3.6,4,7,10,304,32516.0,1949.0,Mixed
2016-10-30 05:00:00,Rat_lodging_Ben,319.51,15.0,6.0,13.9,1015.6,2.6,5,7,10,304,32516.0,1949.0,Mixed
2016-10-30 06:00:00,Rat_lodging_Ben,349.74,15.0,6.0,13.9,1015.4,2.1,6,7,10,304,32516.0,1949.0,Mixed
2016-10-30 07:00:00,Rat_lodging_Ben,371.42,15.6,6.0,13.9,1015.4,2.1,7,7,10,304,32516.0,1949.0,Mixed
2016-10-30 08:00:00,Rat_lodging_Ben,374.26,16.1,6.0,14.4,1015.6,2.1,8,7,10,304,32516.0,1949.0,Mixed
2016-10-30 09:00:00,Rat_lodging_Ben,384.98,16.7,6.0,14.4,1015.5,3.6,9,7,10,304,32516.0,1949.0,Mixed
2016-10-30 10:00:00,Rat_lodging_Ben,393.72,17.8,6.0,15.0,1015.0,5.1,10,7,10,304,32516.0,1949.0,Mixed
2016-10-30 11:00:00,Rat_lodging_Ben,374.12,20.0,6.0,15.0,1014.5,4.6,11,7,10,304,32516.0,1949.0,Mixed
2016-10-30 12:00:00,Rat_lodging_Ben,342.78,22.2,6.0,15.6,1013.3,4.6,12,7,10,304,32516.0,1949.0,Mixed
2016-10-30 13:00:00,Rat_lodging_Ben,326.02,24.4,6.0,15.6,1012.4,5.1,13,7,10,304,32516.0,1949.0,Mixed
2016-10-30 14:00:00,Rat_lodging_Ben,309.79,25.6,4.0,15.6,1011.7,5.1,14,7,10,304,32516.0,1949.0,Mixed
2016-10-30 15:00:00,Rat_lodging_Ben,301.28,23.9,4.0,16.1,1010.9,7.7,15,7,10,304,32516.0,1949.0,Mixed
2016-10-30 16:00:00,Rat_lodging_Ben,296.01,26.1,6.0,13.9,1010.4,4.1,16,7,10,304,32516.0,1949.0,Mixed
2016-10-30 17:00:00,Rat_lodging_Ben,288.62,25.0,6.666666666666667,13.9,1010.6,5.1,17,7,10,304,32516.0,1949.0,Mixed
2016-10-30 18:00:00,Rat_lodging_Ben,272.05,20.6,7.333333333333333,15.6,1013.5,3.6,18,7,10,304,32516.0,1949.0,Mixed
2016-10-30 19:00:00,Rat_lodging_Ben,260.83,20.0,8.0,15.6,1013.6,3.1,19,7,10,304,32516.0,1949.0,Mixed
2016-10-30 20:00:00,Rat_lodging_Ben,243.4,20.6,6.0,15.6,1014.0,3.6,20,7,10,304,32516.0,1949.0,Mixed
2016-10-30 21:00:00,Rat_lodging_Ben,230.74,19.4,4.0,15.6,1014.5,3.1,21,7,10,304,32516.0,1949.0,Mixed
2016-10-30 22:00:00,Rat_lodging_Ben,222.74,18.9,4.0,15.6,1015.3,2.1,22,7,10,304,32516.0,1949.0,Mixed
2016-10-30 23:00:00,Rat_lodging_Ben,225.51,18.3,3.0,15.0,1016.1,6.2,23,7,10,304,32516.0,1949.0,Mixed
2016-10-31 00:00:00,Rat_lodging_Ben,240.65,17.2,2.0,11.1,1017.2,6.7,0,1,10,305,32516.0,1949.0,Mixed
2016-10-31 01:00:00,Rat_lodging_Ben,256.98,16.1,2.0,10.0,1017.6,5.7,1,1,10,305,32516.0,1949.0,Mixed
2016-10-31 02:00:00,Rat_lodging_Ben,256.04,15.0,2.0,8.9,1018.0,5.1,2,1,10,305,32516.0,1949.0,Mixed
2016-10-31 03:00:00,Rat_lodging_Ben,250.07,13.9,2.0,7.8,1018.3,5.1,3,1,10,305,32516.0,1949.0,Mixed
2016-10-31 04:00:00,Rat_lodging_Ben,267.67,12.8,2.0,6.1,1019.4,6.7,4,1,10,305,32516.0,1949.0,Mixed
2016-10-31 05:00:00,Rat_lodging_Ben,281.29,12.2,0.0,6.7,1020.5,5.7,5,1,10,305,32516.0,1949.0,Mixed
2016-10-31 06:00:00,Rat_lodging_Ben,282.33,11.1,2.0,6.1,1021.0,6.2,6,1,10,305,32516.0,1949.0,Mixed
2016-10-31 07:00:00,Rat_lodging_Ben,285.43,11.1,2.0,6.1,1021.9,5.1,7,1,10,305,32516.0,1949.0,Mixed
2016-10-31 08:00:00,Rat_lodging_Ben,297.47,11.7,4.0,5.6,1023.0,6.7,8,1,10,305,32516.0,1949.0,Mixed
2016-10-31 09:00:00,Rat_lodging_Ben,291.84,12.8,4.0,4.4,1023.8,7.7,9,1,10,305,32516.0,1949.0,Mixed
2016-10-31 10:00:00,Rat_lodging_Ben,297.04,13.3,4.0,3.9,1024.2,5.7,10,1,10,305,32516.0,1949.0,Mixed
2016-10-31 11:00:00,Rat_lodging_Ben,285.68,14.4,5.333333333333333,3.9,1023.9,4.1,11,1,10,305,32516.0,1949.0,Mixed
2016-10-31 12:00:00,Rat_lodging_Ben,272.2,15.0,6.666666666666666,2.8,1023.3,3.6,12,1,10,305,32516.0,1949.0,Mixed
2016-10-31 13:00:00,Rat_lodging_Ben,255.99,15.6,8.0,2.8,1023.1,4.1,13,1,10,305,32516.0,1949.0,Mixed
2016-10-31 14:00:00,Rat_lodging_Ben,242.49,15.6,7.333333333333333,2.2,1022.9,2.6,14,1,10,305,32516.0,1949.0,Mixed
2016-10-31 15:00:00,Rat_lodging_Ben,239.93,15.6,6.666666666666667,2.2,1023.0,2.1,15,1,10,305,32516.0,1949.0,Mixed
2016-10-31 16:00:00,Rat_lodging_Ben,234.14,14.4,6.0,1.7,1022.9,3.1,16,1,10,305,32516.0,1949.0,Mixed
2016-10-31 17:00:00,Rat_lodging_Ben,218.34,13.9,6.0,1.7,1023.5,2.6,17,1,10,305,32516.0,1949.0,Mixed
2016-10-31 18:00:00,Rat_lodging_Ben,205.41,12.8,6.0,1.7,1024.0,2.6,18,1,10,305,32516.0,1949.0,Mixed
2016-10-31 19:00:00,Rat_lodging_Ben,199.58,11.7,6.0,4.4,1024.7,2.1,19,1,10,305,32516.0,1949.0,Mixed
2016-10-31 20:00:00,Rat_lodging_Ben,192.18,11.1,6.666666666666667,3.9,1025.0,1.5,20,1,10,305,32516.0,1949.0,Mixed
2016-10-31 21:00:00,Rat_lodging_Ben,189.95,10.6,7.333333333333333,4.4,1025.1,1.5,21,1,10,305,32516.0,1949.0,Mixed
2016-10-31 22:00:00,Rat_lodging_Ben,190.55,10.6,8.0,3.9,1025.4,0.0,22,1,10,305,32516.0,1949.0,Mixed
2016-10-31 23:00:00,Rat_lodging_Ben,190.48,10.0,7.333333333333333,3.9,1025.5,1.5,23,1,10,305,32516.0,1949.0,Mixed
2016-11-01 00:00:00,Rat_lodging_Ben,209.64,10.6,6.666666666666667,3.9,1026.0,0.0,0,2,11,306,32516.0,1949.0,Mixed
2016-11-01 01:00:00,Rat_lodging_Ben,241.29,9.4,6.0,5.6,1026.0,1.5,1,2,11,306,32516.0,1949.0,Mixed
2016-11-01 02:00:00,Rat_lodging_Ben,243.88,8.9,6.0,6.1,1026.7,2.6,2,2,11,306,32516.0,1949.0,Mixed
2016-11-01 03:00:00,Rat_lodging_Ben,250.21,8.9,6.0,6.1,1026.8,2.6,3,2,11,306,32516.0,1949.0,Mixed
2016-11-01 04:00:00,Rat_lodging_Ben,255.42,9.4,6.0,6.1,1027.0,0.0,4,2,11,306,32516.0,1949.0,Mixed
2016-11-01 05:00:00,Rat_lodging_Ben,263.23,9.4,6.666666666666667,6.1,1027.1,0.0,5,2,11,306,32516.0,1949.0,Mixed
2016-11-01 06:00:00,Rat_lodging_Ben,275.63,10.0,7.333333333333333,6.7,1026.9,0.0,6,2,11,306,32516.0,1949.0,Mixed
2016-11-01 07:00:00,Rat_lodging_Ben,265.95,10.6,8.0,6.1,1027.3,0.0,7,2,11,306,32516.0,1949.0,Mixed
2016-11-01 08:00:00,Rat_lodging_Ben,271.0,11.1,8.0,6.7,1027.8,1.5,8,2,11,306,32516.0,1949.0,Mixed
2016-11-01 09:00:00,Rat_lodging_Ben,277.14,11.7,8.0,6.7,1028.1,2.1,9,2,11,306,32516.0,1949.0,Mixed
2016-11-01 10:00:00,Rat_lodging_Ben,267.53,12.8,8.0,7.8,1027.8,2.6,10,2,11,306,32516.0,1949.0,Mixed
2016-11-01 11:00:00,Rat_lodging_Ben,258.59,13.9,8.0,8.9,1027.7,3.6,11,2,11,306,32516.0,1949.0,Mixed
2016-11-01 12:00:00,Rat_lodging_Ben,262.39,15.0,8.0,8.9,1027.3,4.1,12,2,11,306,32516.0,1949.0,Mixed
2016-11-01 13:00:00,Rat_lodging_Ben,251.71,15.0,8.0,8.9,1026.7,4.6,13,2,11,306,32516.0,1949.0,Mixed
2016-11-01 14:00:00,Rat_lodging_Ben,252.69,15.6,8.0,8.9,1026.2,3.6,14,2,11,306,32516.0,1949.0,Mixed
2016-11-01 15:00:00,Rat_lodging_Ben,250.57,16.1,8.0,8.9,1025.8,4.1,15,2,11,306,32516.0,1949.0,Mixed
2016-11-01 16:00:00,Rat_lodging_Ben,235.92,16.1,8.0,10.0,1025.6,3.6,16,2,11,306,32516.0,1949.0,Mixed
2016-11-01 17:00:00,Rat_lodging_Ben,214.07,15.6,8.0,9.4,1026.0,3.6,17,2,11,306,32516.0,1949.0,Mixed
2016-11-01 18:00:00,Rat_lodging_Ben,218.27,15.6,8.0,10.0,1026.4,4.1,18,2,11,306,32516.0,1949.0,Mixed
2016-11-01 19:00:00,Rat_lodging_Ben,214.3,15.0,8.0,10.6,1026.3,3.1,19,2,11,306,32516.0,1949.0,Mixed
2016-11-01 20:00:00,Rat_lodging_Ben,208.89,14.4,6.0,10.0,1026.4,3.1,20,2,11,306,32516.0,1949.0,Mixed
2016-11-01 21:00:00,Rat_lodging_Ben,198.65,13.9,4.0,10.6,1026.1,3.1,21,2,11,306,32516.0,1949.0,Mixed
2016-11-01 22:00:00,Rat_lodging_Ben,203.26,13.9,6.0,10.6,1026.2,2.1,22,2,11,306,32516.0,1949.0,Mixed
2016-11-01 23:00:00,Rat_lodging_Ben,196.19,13.3,6.0,11.1,1026.1,2.1,23,2,11,306,32516.0,1949.0,Mixed
2016-11-02 00:00:00,Rat_lodging_Ben,221.41,13.3,6.0,11.1,1026.4,3.1,0,3,11,307,32516.0,1949.0,Mixed
2016-11-02 01:00:00,Rat_lodging_Ben,250.6,13.3,6.0,11.1,1026.2,3.1,1,3,11,307,32516.0,1949.0,Mixed
2016-11-02 02:00:00,Rat_lodging_Ben,256.75,12.2,5.333333333333333,11.1,1026.2,2.6,2,3,11,307,32516.0,1949.0,Mixed
2016-11-02 03:00:00,Rat_lodging_Ben,275.06,13.3,4.666666666666667,11.1,1026.0,3.6,3,3,11,307,32516.0,1949.0,Mixed
2016-11-02 04:00:00,Rat_lodging_Ben,290.74,12.2,4.0,10.6,1025.6,2.1,4,3,11,307,32516.0,1949.0,Mixed
2016-11-02 05:00:00,Rat_lodging_Ben,313.27,12.2,5.333333333333333,11.1,1025.7,2.6,5,3,11,307,32516.0,1949.0,Mixed
2016-11-02 06:00:00,Rat_lodging_Ben,342.27,12.8,6.666666666666666,11.7,1025.9,2.1,6,3,11,307,32516.0,1949.0,Mixed
2016-11-02 07:00:00,Rat_lodging_Ben,360.93,13.3,8.0,11.7,1026.1,0.0,7,3,11,307,32516.0,1949.0,Mixed
2016-11-02 08:00:00,Rat_lodging_Ben,384.85,13.9,7.333333333333333,11.7,1026.2,1.5,8,3,11,307,32516.0,1949.0,Mixed
2016-11-02 09:00:00,Rat_lodging_Ben,394.24,15.0,6.666666666666667,12.8,1026.1,3.6,9,3,11,307,32516.0,1949.0,Mixed
2016-11-02 10:00:00,Rat_lodging_Ben,401.47,15.6,6.0,13.3,1026.0,2.6,10,3,11,307,32516.0,1949.0,Mixed
2016-11-02 11:00:00,Rat_lodging_Ben,387.2,17.2,6.0,13.3,1025.3,2.6,11,3,11,307,32516.0,1949.0,Mixed
2016-11-02 12:00:00,Rat_lodging_Ben,372.71,18.9,6.0,13.9,1024.5,1.5,12,3,11,307,32516.0,1949.0,Mixed
2016-11-02 13:00:00,Rat_lodging_Ben,347.17,20.6,6.0,14.4,1023.7,2.1,13,3,11,307,32516.0,1949.0,Mixed
2016-11-02 14:00:00,Rat_lodging_Ben,339.09,21.7,6.0,15.0,1022.9,2.6,14,3,11,307,32516.0,1949.0,Mixed
2016-11-02 15:00:00,Rat_lodging_Ben,313.39,22.8,6.0,15.6,1022.5,3.1,15,3,11,307,32516.0,1949.0,Mixed
2016-11-02 16:00:00,Rat_lodging_Ben,298.07,21.7,6.0,15.0,1022.3,2.1,16,3,11,307,32516.0,1949.0,Mixed
2016-11-02 17:00:00,Rat_lodging_Ben,282.79,20.0,6.0,15.6,1022.2,3.1,17,3,11,307,32516.0,1949.0,Mixed
2016-11-02 18:00:00,Rat_lodging_Ben,270.74,18.9,6.0,16.1,1022.2,3.1,18,3,11,307,32516.0,1949.0,Mixed
2016-11-02 19:00:00,Rat_lodging_Ben,253.54,18.9,6.0,16.1,1022.4,1.5,19,3,11,307,32516.0,1949.0,Mixed
2016-11-02 20:00:00,Rat_lodging_Ben,252.46,17.2,6.0,15.6,1021.9,2.1,20,3,11,307,32516.0,1949.0,Mixed
2016-11-02 21:00:00,Rat_lodging_Ben,246.47,16.7,6.0,16.1,1021.8,2.6,21,3,11,307,32516.0,1949.0,Mixed
2016-11-02 22:00:00,Rat_lodging_Ben,244.39,16.7,6.0,15.6,1021.6,1.5,22,3,11,307,32516.0,1949.0,Mixed
2016-11-02 23:00:00,Rat_lodging_Ben,243.71,16.1,6.0,15.6,1021.1,2.6,23,3,11,307,32516.0,1949.0,Mixed
2016-11-03 00:00:00,Rat_lodging_Ben,257.5,15.0,6.0,15.0,1020.7,2.6,0,4,11,308,32516.0,1949.0,Mixed
2016-11-03 01:00:00,Rat_lodging_Ben,283.3,15.6,6.0,15.0,1020.2,2.1,1,4,11,308,32516.0,1949.0,Mixed
2016-11-03 02:00:00,Rat_lodging_Ben,289.97,15.6,6.0,15.0,1020.1,2.1,2,4,11,308,32516.0,1949.0,Mixed
2016-11-03 03:00:00,Rat_lodging_Ben,292.41,15.0,6.0,15.0,1019.5,2.1,3,4,11,308,32516.0,1949.0,Mixed
2016-11-03 04:00:00,Rat_lodging_Ben,346.87,15.0,6.0,15.0,1019.0,3.1,4,4,11,308,32516.0,1949.0,Mixed
2016-11-03 05:00:00,Rat_lodging_Ben,389.96,15.6,6.0,15.6,1018.4,2.1,5,4,11,308,32516.0,1949.0,Mixed
2016-11-03 06:00:00,Rat_lodging_Ben,416.53,15.0,6.0,15.0,1017.9,3.1,6,4,11,308,32516.0,1949.0,Mixed
2016-11-03 07:00:00,Rat_lodging_Ben,412.34,15.6,6.0,15.6,1017.8,3.1,7,4,11,308,32516.0,1949.0,Mixed
2016-11-03 08:00:00,Rat_lodging_Ben,408.07,15.6,5.333333333333333,15.6,1017.9,3.1,8,4,11,308,32516.0,1949.0,Mixed
2016-11-03 09:00:00,Rat_lodging_Ben,417.33,17.2,4.666666666666667,16.1,1017.8,4.6,9,4,11,308,32516.0,1949.0,Mixed
2016-11-03 10:00:00,Rat_lodging_Ben,411.65,20.6,4.0,16.1,1017.2,4.6,10,4,11,308,32516.0,1949.0,Mixed
2016-11-03 11:00:00,Rat_lodging_Ben,390.49,22.8,4.666666666666667,16.1,1016.5,3.1,11,4,11,308,32516.0,1949.0,Mixed
2016-11-03 12:00:00,Rat_lodging_Ben,365.16,27.2,5.333333333333333,13.3,1015.4,3.6,12,4,11,308,32516.0,1949.0,Mixed
2016-11-03 13:00:00,Rat_lodging_Ben,354.29,27.8,6.0,13.3,1014.9,7.7,13,4,11,308,32516.0,1949.0,Mixed
2016-11-03 14:00:00,Rat_lodging_Ben,345.23,26.1,6.0,14.4,1014.5,3.6,14,4,11,308,32516.0,1949.0,Mixed
2016-11-03 15:00:00,Rat_lodging_Ben,337.57,26.1,6.0,13.9,1014.2,4.6,15,4,11,308,32516.0,1949.0,Mixed
2016-11-03 16:00:00,Rat_lodging_Ben,309.83,25.6,6.0,13.9,1014.5,4.6,16,4,11,308,32516.0,1949.0,Mixed
2016-11-03 17:00:00,Rat_lodging_Ben,285.57,23.9,6.333333333333333,15.0,1014.5,4.6,17,4,11,308,32516.0,1949.0,Mixed
2016-11-03 18:00:00,Rat_lodging_Ben,270.86,23.3,6.666666666666667,14.4,1014.9,4.6,18,4,11,308,32516.0,1949.0,Mixed
2016-11-03 19:00:00,Rat_lodging_Ben,254.68,22.8,7.0,14.4,1015.2,4.6,19,4,11,308,32516.0,1949.0,Mixed
2016-11-03 20:00:00,Rat_lodging_Ben,245.55,22.2,7.0,14.4,1015.2,6.2,20,4,11,308,32516.0,1949.0,Mixed
2016-11-03 21:00:00,Rat_lodging_Ben,225.91,20.6,7.0,14.4,1015.2,4.6,21,4,11,308,32516.0,1949.0,Mixed
2016-11-03 22:00:00,Rat_lodging_Ben,223.56,18.9,8.0,14.4,1015.6,6.2,22,4,11,308,32516.0,1949.0,Mixed
2016-11-03 23:00:00,Rat_lodging_Ben,222.85,18.9,8.0,12.8,1016.3,6.2,23,4,11,308,32516.0,1949.0,Mixed
2016-11-04 00:00:00,Rat_lodging_Ben,229.81,18.3,8.0,10.6,1016.6,5.1,0,5,11,309,32516.0,1949.0,Mixed
2016-11-04 01:00:00,Rat_lodging_Ben,250.71,17.2,8.0,10.6,1017.0,4.6,1,5,11,309,32516.0,1949.0,Mixed
2016-11-04 02:00:00,Rat_lodging_Ben,268.77,16.7,7.333333333333333,9.4,1017.8,4.6,2,5,11,309,32516.0,1949.0,Mixed
2016-11-04 03:00:00,Rat_lodging_Ben,276.54,15.6,6.666666666666667,8.9,1018.4,3.6,3,5,11,309,32516.0,1949.0,Mixed
2016-11-04 04:00:00,Rat_lodging_Ben,285.76,15.0,6.0,8.9,1019.2,4.1,4,5,11,309,32516.0,1949.0,Mixed
2016-11-04 05:00:00,Rat_lodging_Ben,301.56,14.4,2.0,8.3,1020.0,4.6,5,5,11,309,32516.0,1949.0,Mixed
2016-11-04 06:00:00,Rat_lodging_Ben,301.42,13.9,4.0,7.8,1020.7,5.1,6,5,11,309,32516.0,1949.0,Mixed
2016-11-04 07:00:00,Rat_lodging_Ben,294.79,13.3,2.0,7.8,1021.8,6.7,7,5,11,309,32516.0,1949.0,Mixed
2016-11-04 08:00:00,Rat_lodging_Ben,300.82,13.9,2.0,7.2,1022.8,6.2,8,5,11,309,32516.0,1949.0,Mixed
2016-11-04 09:00:00,Rat_lodging_Ben,301.73,14.4,3.0,6.1,1023.6,6.7,9,5,11,309,32516.0,1949.0,Mixed
2016-11-04 10:00:00,Rat_lodging_Ben,311.58,15.6,4.0,5.6,1023.4,4.6,10,5,11,309,32516.0,1949.0,Mixed
2016-11-04 11:00:00,Rat_lodging_Ben,294.16,16.7,4.0,5.6,1023.3,6.2,11,5,11,309,32516.0,1949.0,Mixed
2016-11-04 12:00:00,Rat_lodging_Ben,265.18,16.7,4.0,3.9,1023.2,6.7,12,5,11,309,32516.0,1949.0,Mixed
2016-11-04 13:00:00,Rat_lodging_Ben,265.7,17.2,2.0,3.3,1022.9,6.7,13,5,11,309,32516.0,1949.0,Mixed
2016-11-04 14:00:00,Rat_lodging_Ben,253.44,17.8,2.0,2.8,1022.7,7.2,14,5,11,309,32516.0,1949.0,Mixed
2016-11-04 15:00:00,Rat_lodging_Ben,247.71,17.8,2.0,2.2,1023.1,7.2,15,5,11,309,32516.0,1949.0,Mixed
2016-11-04 16:00:00,Rat_lodging_Ben,240.89,17.2,2.0,1.7,1023.4,7.2,16,5,11,309,32516.0,1949.0,Mixed
2016-11-04 17:00:00,Rat_lodging_Ben,226.45,16.1,2.0,0.6,1023.8,6.2,17,5,11,309,32516.0,1949.0,Mixed
2016-11-04 18:00:00,Rat_lodging_Ben,219.89,15.0,0.0,1.1,1024.3,5.7,18,5,11,309,32516.0,1949.0,Mixed
2016-11-04 19:00:00,Rat_lodging_Ben,215.52,13.9,0.0,1.1,1024.6,2.6,19,5,11,309,32516.0,1949.0,Mixed
2016-11-04 20:00:00,Rat_lodging_Ben,204.09,12.8,0.0,1.7,1025.2,3.6,20,5,11,309,32516.0,1949.0,Mixed
2016-11-04 21:00:00,Rat_lodging_Ben,190.42,11.7,0.0,2.2,1025.5,2.6,21,5,11,309,32516.0,1949.0,Mixed
2016-11-04 22:00:00,Rat_lodging_Ben,190.35,12.2,0.0,1.7,1025.7,3.1,22,5,11,309,32516.0,1949.0,Mixed
2016-11-04 23:00:00,Rat_lodging_Ben,192.14,11.1,0.0,1.7,1025.6,2.6,23,5,11,309,32516.0,1949.0,Mixed
2016-11-05 00:00:00,Rat_lodging_Ben,193.11,10.0,0.0,2.8,1025.9,4.1,0,6,11,310,32516.0,1949.0,Mixed
2016-11-05 01:00:00,Rat_lodging_Ben,211.98,8.3,0.0,2.2,1025.9,3.1,1,6,11,310,32516.0,1949.0,Mixed
2016-11-05 02:00:00,Rat_lodging_Ben,222.08,8.9,0.0,3.3,1026.1,2.6,2,6,11,310,32516.0,1949.0,Mixed
2016-11-05 03:00:00,Rat_lodging_Ben,236.52,8.3,0.0,2.2,1026.4,3.1,3,6,11,310,32516.0,1949.0,Mixed
2016-11-05 04:00:00,Rat_lodging_Ben,242.89,8.3,0.0,2.2,1026.5,2.6,4,6,11,310,32516.0,1949.0,Mixed
2016-11-05 05:00:00,Rat_lodging_Ben,252.79,8.3,0.0,2.2,1026.7,2.6,5,6,11,310,32516.0,1949.0,Mixed
2016-11-05 06:00:00,Rat_lodging_Ben,254.8,8.3,0.0,2.2,1027.0,2.1,6,6,11,310,32516.0,1949.0,Mixed
2016-11-05 07:00:00,Rat_lodging_Ben,260.99,8.3,0.0,2.8,1027.3,0.0,7,6,11,310,32516.0,1949.0,Mixed
2016-11-05 08:00:00,Rat_lodging_Ben,287.22,10.0,0.0,3.9,1027.9,0.0,8,6,11,310,32516.0,1949.0,Mixed
2016-11-05 09:00:00,Rat_lodging_Ben,296.34,12.2,0.0,3.9,1028.2,2.6,9,6,11,310,32516.0,1949.0,Mixed
2016-11-05 10:00:00,Rat_lodging_Ben,297.93,13.9,0.0,3.3,1027.9,4.6,10,6,11,310,32516.0,1949.0,Mixed
2016-11-05 11:00:00,Rat_lodging_Ben,276.92,15.6,0.0,3.9,1027.3,2.6,11,6,11,310,32516.0,1949.0,Mixed
2016-11-05 12:00:00,Rat_lodging_Ben,272.28,18.3,0.0,3.9,1026.3,3.6,12,6,11,310,32516.0,1949.0,Mixed
2016-11-05 13:00:00,Rat_lodging_Ben,266.62,19.4,2.0,3.9,1025.4,4.1,13,6,11,310,32516.0,1949.0,Mixed
2016-11-05 14:00:00,Rat_lodging_Ben,251.2,20.0,2.0,3.3,1024.5,3.6,14,6,11,310,32516.0,1949.0,Mixed
2016-11-05 15:00:00,Rat_lodging_Ben,243.92,20.6,2.0,3.9,1024.3,4.1,15,6,11,310,32516.0,1949.0,Mixed
2016-11-05 16:00:00,Rat_lodging_Ben,246.43,19.4,2.0,3.3,1024.0,3.1,16,6,11,310,32516.0,1949.0,Mixed
2016-11-05 17:00:00,Rat_lodging_Ben,235.85,18.3,2.0,3.9,1024.2,3.1,17,6,11,310,32516.0,1949.0,Mixed
2016-11-05 18:00:00,Rat_lodging_Ben,221.98,16.7,0.0,4.4,1024.3,2.1,18,6,11,310,32516.0,1949.0,Mixed
2016-11-05 19:00:00,Rat_lodging_Ben,214.3,13.9,0.0,5.0,1024.5,2.1,19,6,11,310,32516.0,1949.0,Mixed
2016-11-05 20:00:00,Rat_lodging_Ben,208.4,12.8,0.0,5.6,1024.3,3.1,20,6,11,310,32516.0,1949.0,Mixed
2016-11-05 21:00:00,Rat_lodging_Ben,200.41,12.2,0.0,6.1,1024.4,2.6,21,6,11,310,32516.0,1949.0,Mixed
2016-11-05 22:00:00,Rat_lodging_Ben,196.1,12.8,0.0,5.0,1024.8,0.0,22,6,11,310,32516.0,1949.0,Mixed
2016-11-05 23:00:00,Rat_lodging_Ben,98.66,11.7,0.0,4.4,1025.0,2.6,23,6,11,310,32516.0,1949.0,Mixed
2016-11-06 00:00:00,Rat_lodging_Ben,103.21,10.0,0.0,5.0,1025.0,2.6,0,7,11,311,32516.0,1949.0,Mixed
2016-11-06 01:00:00,Rat_lodging_Ben,200.55,11.7,0.0,3.9,1024.7,1.5,1,7,11,311,32516.0,1949.0,Mixed
2016-11-06 02:00:00,Rat_lodging_Ben,214.71,11.7,2.0,3.9,1024.8,1.5,2,7,11,311,32516.0,1949.0,Mixed
2016-11-06 03:00:00,Rat_lodging_Ben,227.79,11.1,4.0,6.1,1024.7,2.1,3,7,11,311,32516.0,1949.0,Mixed
2016-11-06 04:00:00,Rat_lodging_Ben,254.8,13.3,6.0,3.9,1024.3,4.6,4,7,11,311,32516.0,1949.0,Mixed
2016-11-06 05:00:00,Rat_lodging_Ben,277.17,12.2,4.0,3.3,1024.4,0.0,5,7,11,311,32516.0,1949.0,Mixed
2016-11-06 06:00:00,Rat_lodging_Ben,282.73,10.6,2.0,3.9,1025.1,0.0,6,7,11,311,32516.0,1949.0,Mixed
2016-11-06 07:00:00,Rat_lodging_Ben,285.82,11.1,6.0,4.4,1025.5,0.0,7,7,11,311,32516.0,1949.0,Mixed
2016-11-06 08:00:00,Rat_lodging_Ben,302.34,13.9,6.0,5.0,1026.2,6.7,8,7,11,311,32516.0,1949.0,Mixed
2016-11-06 09:00:00,Rat_lodging_Ben,298.97,16.1,6.0,5.6,1026.5,6.7,9,7,11,311,32516.0,1949.0,Mixed
2016-11-06 10:00:00,Rat_lodging_Ben,307.85,17.2,6.0,5.6,1026.5,6.2,10,7,11,311,32516.0,1949.0,Mixed
2016-11-06 11:00:00,Rat_lodging_Ben,289.42,19.4,6.0,2.8,1026.3,8.2,11,7,11,311,32516.0,1949.0,Mixed
2016-11-06 12:00:00,Rat_lodging_Ben,270.38,20.0,6.0,2.2,1025.9,8.2,12,7,11,311,32516.0,1949.0,Mixed
2016-11-06 13:00:00,Rat_lodging_Ben,262.67,20.0,6.0,1.7,1025.2,6.7,13,7,11,311,32516.0,1949.0,Mixed
2016-11-06 14:00:00,Rat_lodging_Ben,250.26,20.0,6.0,-0.6,1024.9,8.2,14,7,11,311,32516.0,1949.0,Mixed
2016-11-06 15:00:00,Rat_lodging_Ben,237.47,20.6,6.0,-0.6,1024.8,7.7,15,7,11,311,32516.0,1949.0,Mixed
2016-11-06 16:00:00,Rat_lodging_Ben,233.29,20.6,6.0,-0.6,1025.1,5.7,16,7,11,311,32516.0,1949.0,Mixed
2016-11-06 17:00:00,Rat_lodging_Ben,223.39,18.3,6.0,-0.6,1025.6,5.7,17,7,11,311,32516.0,1949.0,Mixed
2016-11-06 18:00:00,Rat_lodging_Ben,213.87,15.6,6.0,0.0,1026.2,4.1,18,7,11,311,32516.0,1949.0,Mixed
2016-11-06 19:00:00,Rat_lodging_Ben,206.79,15.6,6.0,-0.6,1026.6,3.1,19,7,11,311,32516.0,1949.0,Mixed
2016-11-06 20:00:00,Rat_lodging_Ben,190.44,13.3,4.666666666666667,2.2,1027.2,3.6,20,7,11,311,32516.0,1949.0,Mixed
2016-11-06 21:00:00,Rat_lodging_Ben,187.61,13.3,3.3333333333333335,4.4,1027.9,0.0,21,7,11,311,32516.0,1949.0,Mixed
2016-11-06 22:00:00,Rat_lodging_Ben,188.83,13.3,2.0,2.2,1028.3,3.6,22,7,11,311,32516.0,1949.0,Mixed
2016-11-06 23:00:00,Rat_lodging_Ben,187.32,12.2,0.0,3.9,1028.9,3.1,23,7,11,311,32516.0,1949.0,Mixed
2016-11-07 00:00:00,Rat_lodging_Ben,192.13,11.1,2.0,1.7,1029.6,4.1,0,1,11,312,32516.0,1949.0,Mixed
2016-11-07 01:00:00,Rat_lodging_Ben,203.16,10.6,0.0,0.0,1030.0,4.1,1,1,11,312,32516.0,1949.0,Mixed
2016-11-07 02:00:00,Rat_lodging_Ben,229.94,9.4,0.0,0.6,1030.5,3.1,2,1,11,312,32516.0,1949.0,Mixed
2016-11-07 03:00:00,Rat_lodging_Ben,240.98,8.9,0.0,0.0,1030.7,2.1,3,1,11,312,32516.0,1949.0,Mixed
2016-11-07 04:00:00,Rat_lodging_Ben,247.98,8.3,0.0,-0.6,1030.8,4.1,4,1,11,312,32516.0,1949.0,Mixed
2016-11-07 05:00:00,Rat_lodging_Ben,261.2,8.3,0.0,-0.6,1031.5,5.7,5,1,11,312,32516.0,1949.0,Mixed
2016-11-07 06:00:00,Rat_lodging_Ben,252.64,7.8,2.0,-0.6,1031.9,4.6,6,1,11,312,32516.0,1949.0,Mixed
2016-11-07 07:00:00,Rat_lodging_Ben,268.45,7.2,2.0,0.0,1032.4,4.1,7,1,11,312,32516.0,1949.0,Mixed
2016-11-07 08:00:00,Rat_lodging_Ben,275.88,8.3,2.0,0.0,1032.7,4.1,8,1,11,312,32516.0,1949.0,Mixed
2016-11-07 09:00:00,Rat_lodging_Ben,281.47,9.4,2.0,0.0,1033.1,5.1,9,1,11,312,32516.0,1949.0,Mixed
2016-11-07 10:00:00,Rat_lodging_Ben,297.33,11.1,2.0,0.0,1033.3,3.6,10,1,11,312,32516.0,1949.0,Mixed
2016-11-07 11:00:00,Rat_lodging_Ben,285.67,12.2,0.0,0.0,1033.2,3.6,11,1,11,312,32516.0,1949.0,Mixed
2016-11-07 12:00:00,Rat_lodging_Ben,279.53,13.3,0.0,-1.1,1032.3,0.0,12,1,11,312,32516.0,1949.0,Mixed
2016-11-07 13:00:00,Rat_lodging_Ben,277.48,13.3,0.0,-1.1,1031.4,2.1,13,1,11,312,32516.0,1949.0,Mixed
2016-11-07 14:00:00,Rat_lodging_Ben,283.09,14.4,0.0,-0.6,1030.5,2.1,14,1,11,312,32516.0,1949.0,Mixed
2016-11-07 15:00:00,Rat_lodging_Ben,259.11,15.0,0.0,0.0,1030.0,0.0,15,1,11,312,32516.0,1949.0,Mixed
2016-11-07 16:00:00,Rat_lodging_Ben,257.74,15.6,0.0,0.0,1029.7,1.5,16,1,11,312,32516.0,1949.0,Mixed
2016-11-07 17:00:00,Rat_lodging_Ben,242.13,15.0,0.0,-1.1,1029.4,0.0,17,1,11,312,32516.0,1949.0,Mixed
2016-11-07 18:00:00,Rat_lodging_Ben,224.41,13.9,0.0,-1.1,1029.1,2.6,18,1,11,312,32516.0,1949.0,Mixed
2016-11-07 19:00:00,Rat_lodging_Ben,208.82,11.7,0.0,2.2,1029.4,0.0,19,1,11,312,32516.0,1949.0,Mixed
2016-11-07 20:00:00,Rat_lodging_Ben,207.25,10.6,0.0,3.9,1029.3,2.1,20,1,11,312,32516.0,1949.0,Mixed
2016-11-07 21:00:00,Rat_lodging_Ben,207.69,10.0,0.0,3.9,1028.9,1.5,21,1,11,312,32516.0,1949.0,Mixed
2016-11-07 22:00:00,Rat_lodging_Ben,200.55,8.3,0.0,4.4,1028.6,2.1,22,1,11,312,32516.0,1949.0,Mixed
2016-11-07 23:00:00,Rat_lodging_Ben,200.19,7.8,0.0,3.9,1028.4,2.6,23,1,11,312,32516.0,1949.0,Mixed
2016-11-08 00:00:00,Rat_lodging_Ben,193.41,7.2,0.0,3.3,1027.9,2.1,0,2,11,313,32516.0,1949.0,Mixed
2016-11-08 01:00:00,Rat_lodging_Ben,216.42,6.7,0.0,3.3,1027.6,1.5,1,2,11,313,32516.0,1949.0,Mixed
2016-11-08 02:00:00,Rat_lodging_Ben,236.14,6.1,0.0,3.3,1027.2,1.5,2,2,11,313,32516.0,1949.0,Mixed
2016-11-08 03:00:00,Rat_lodging_Ben,237.19,5.6,0.0,3.3,1026.7,0.0,3,2,11,313,32516.0,1949.0,Mixed
2016-11-08 04:00:00,Rat_lodging_Ben,244.99,5.6,0.0,2.8,1026.1,1.5,4,2,11,313,32516.0,1949.0,Mixed
2016-11-08 05:00:00,Rat_lodging_Ben,269.78,6.1,0.0,2.2,1026.2,0.0,5,2,11,313,32516.0,1949.0,Mixed
2016-11-08 06:00:00,Rat_lodging_Ben,278.5,5.6,0.0,2.8,1025.6,0.0,6,2,11,313,32516.0,1949.0,Mixed
2016-11-08 07:00:00,Rat_lodging_Ben,303.88,5.0,2.0,2.8,1025.4,1.5,7,2,11,313,32516.0,1949.0,Mixed
2016-11-08 08:00:00,Rat_lodging_Ben,318.46,6.7,2.0,4.4,1025.3,1.5,8,2,11,313,32516.0,1949.0,Mixed
2016-11-08 09:00:00,Rat_lodging_Ben,322.65,9.4,2.0,2.8,1025.2,1.5,9,2,11,313,32516.0,1949.0,Mixed
2016-11-08 10:00:00,Rat_lodging_Ben,312.47,11.7,2.0,3.9,1024.6,2.1,10,2,11,313,32516.0,1949.0,Mixed
2016-11-08 11:00:00,Rat_lodging_Ben,295.65,15.0,2.0,3.9,1023.9,3.1,11,2,11,313,32516.0,1949.0,Mixed
2016-11-08 12:00:00,Rat_lodging_Ben,284.29,17.2,5.0,4.4,1022.6,3.6,12,2,11,313,32516.0,1949.0,Mixed
2016-11-08 13:00:00,Rat_lodging_Ben,281.13,19.4,8.0,3.3,1021.5,4.1,13,2,11,313,32516.0,1949.0,Mixed
2016-11-08 14:00:00,Rat_lodging_Ben,264.46,19.4,7.333333333333333,5.0,1020.3,5.1,14,2,11,313,32516.0,1949.0,Mixed
2016-11-08 15:00:00,Rat_lodging_Ben,260.01,18.9,6.666666666666667,5.0,1019.5,3.6,15,2,11,313,32516.0,1949.0,Mixed
2016-11-08 16:00:00,Rat_lodging_Ben,260.2,17.2,6.0,7.8,1018.7,4.1,16,2,11,313,32516.0,1949.0,Mixed
2016-11-08 17:00:00,Rat_lodging_Ben,253.81,16.7,6.0,3.3,1018.5,2.1,17,2,11,313,32516.0,1949.0,Mixed
2016-11-08 18:00:00,Rat_lodging_Ben,232.34,15.0,6.0,6.7,1018.3,3.1,18,2,11,313,32516.0,1949.0,Mixed
2016-11-08 19:00:00,Rat_lodging_Ben,228.97,15.0,6.0,6.7,1018.0,2.6,19,2,11,313,32516.0,1949.0,Mixed
2016-11-08 20:00:00,Rat_lodging_Ben,223.09,14.4,6.0,8.3,1017.8,2.6,20,2,11,313,32516.0,1949.0,Mixed
2016-11-08 21:00:00,Rat_lodging_Ben,217.48,13.9,6.0,8.9,1017.1,3.1,21,2,11,313,32516.0,1949.0,Mixed
2016-11-08 22:00:00,Rat_lodging_Ben,214.78,13.9,6.0,8.9,1016.7,3.1,22,2,11,313,32516.0,1949.0,Mixed
2016-11-08 23:00:00,Rat_lodging_Ben,213.97,13.3,6.666666666666667,8.3,1015.9,2.6,23,2,11,313,32516.0,1949.0,Mixed
2016-11-09 00:00:00,Rat_lodging_Ben,212.01,13.9,7.333333333333333,8.9,1015.0,2.1,0,3,11,314,32516.0,1949.0,Mixed
2016-11-09 01:00:00,Rat_lodging_Ben,238.3,12.8,8.0,8.9,1014.3,1.5,1,3,11,314,32516.0,1949.0,Mixed
2016-11-09 02:00:00,Rat_lodging_Ben,258.0,12.8,8.0,8.9,1013.8,2.1,2,3,11,314,32516.0,1949.0,Mixed
2016-11-09 03:00:00,Rat_lodging_Ben,257.12,12.8,8.0,8.9,1013.3,2.1,3,3,11,314,32516.0,1949.0,Mixed
2016-11-09 04:00:00,Rat_lodging_Ben,273.62,13.3,8.0,9.4,1012.8,3.1,4,3,11,314,32516.0,1949.0,Mixed
2016-11-09 05:00:00,Rat_lodging_Ben,279.13,13.3,8.0,9.4,1012.8,0.0,5,3,11,314,32516.0,1949.0,Mixed
2016-11-09 06:00:00,Rat_lodging_Ben,293.78,12.2,8.0,11.1,1013.2,3.1,6,3,11,314,32516.0,1949.0,Mixed
2016-11-09 07:00:00,Rat_lodging_Ben,305.38,12.8,8.0,11.7,1013.1,2.1,7,3,11,314,32516.0,1949.0,Mixed
2016-11-09 08:00:00,Rat_lodging_Ben,308.24,13.3,8.0,12.2,1013.5,0.0,8,3,11,314,32516.0,1949.0,Mixed
2016-11-09 09:00:00,Rat_lodging_Ben,286.34,13.3,8.0,12.2,1013.1,2.1,9,3,11,314,32516.0,1949.0,Mixed
2016-11-09 10:00:00,Rat_lodging_Ben,281.8,13.9,8.0,13.3,1012.8,2.1,10,3,11,314,32516.0,1949.0,Mixed
2016-11-09 11:00:00,Rat_lodging_Ben,279.29,16.1,4.0,12.8,1012.4,2.6,11,3,11,314,32516.0,1949.0,Mixed
2016-11-09 12:00:00,Rat_lodging_Ben,275.28,16.7,5.0,11.1,1011.7,5.1,12,3,11,314,32516.0,1949.0,Mixed
2016-11-09 13:00:00,Rat_lodging_Ben,270.61,18.3,6.0,10.6,1010.9,5.1,13,3,11,314,32516.0,1949.0,Mixed
2016-11-09 14:00:00,Rat_lodging_Ben,258.8,17.2,6.333333333333333,10.0,1011.0,8.2,14,3,11,314,32516.0,1949.0,Mixed
2016-11-09 15:00:00,Rat_lodging_Ben,258.27,15.6,6.666666666666667,10.6,1011.6,7.7,15,3,11,314,32516.0,1949.0,Mixed
2016-11-09 16:00:00,Rat_lodging_Ben,243.73,13.9,7.0,11.7,1012.4,6.7,16,3,11,314,32516.0,1949.0,Mixed
2016-11-09 17:00:00,Rat_lodging_Ben,234.07,13.3,7.0,11.7,1013.1,5.1,17,3,11,314,32516.0,1949.0,Mixed
2016-11-09 18:00:00,Rat_lodging_Ben,214.64,13.3,7.0,11.1,1013.7,5.1,18,3,11,314,32516.0,1949.0,Mixed
2016-11-09 19:00:00,Rat_lodging_Ben,206.57,13.3,8.0,10.6,1014.4,5.7,19,3,11,314,32516.0,1949.0,Mixed
2016-11-09 20:00:00,Rat_lodging_Ben,195.45,13.9,6.666666666666667,7.8,1015.2,8.2,20,3,11,314,32516.0,1949.0,Mixed
2016-11-09 21:00:00,Rat_lodging_Ben,196.31,13.3,5.333333333333334,6.7,1015.9,7.2,21,3,11,314,32516.0,1949.0,Mixed
2016-11-09 22:00:00,Rat_lodging_Ben,194.17,11.7,4.0,5.6,1016.7,9.3,22,3,11,314,32516.0,1949.0,Mixed
2016-11-09 23:00:00,Rat_lodging_Ben,194.1,11.1,5.333333333333333,5.0,1017.0,6.7,23,3,11,314,32516.0,1949.0,Mixed
2016-11-10 00:00:00,Rat_lodging_Ben,190.59,10.6,6.666666666666666,4.4,1017.5,8.2,0,4,11,315,32516.0,1949.0,Mixed
2016-11-10 01:00:00,Rat_lodging_Ben,205.93,10.6,8.0,3.9,1017.8,8.2,1,4,11,315,32516.0,1949.0,Mixed
2016-11-10 02:00:00,Rat_lodging_Ben,226.93,9.4,0.0,1.1,1018.2,6.7,2,4,11,315,32516.0,1949.0,Mixed
2016-11-10 03:00:00,Rat_lodging_Ben,233.05,8.3,0.0,1.1,1018.6,5.7,3,4,11,315,32516.0,1949.0,Mixed
2016-11-10 04:00:00,Rat_lodging_Ben,248.91,7.2,0.0,1.7,1018.6,4.1,4,4,11,315,32516.0,1949.0,Mixed
2016-11-10 05:00:00,Rat_lodging_Ben,262.48,7.2,0.0,1.1,1018.4,3.6,5,4,11,315,32516.0,1949.0,Mixed
2016-11-10 06:00:00,Rat_lodging_Ben,265.43,7.2,2.0,1.7,1018.7,6.2,6,4,11,315,32516.0,1949.0,Mixed
2016-11-10 07:00:00,Rat_lodging_Ben,266.77,7.2,2.0,1.7,1019.6,4.6,7,4,11,315,32516.0,1949.0,Mixed
2016-11-10 08:00:00,Rat_lodging_Ben,267.58,8.3,2.0,2.2,1020.2,5.1,8,4,11,315,32516.0,1949.0,Mixed
2016-11-10 09:00:00,Rat_lodging_Ben,273.12,10.0,2.0,2.2,1020.6,5.7,9,4,11,315,32516.0,1949.0,Mixed
2016-11-10 10:00:00,Rat_lodging_Ben,280.51,11.7,2.0,2.2,1020.7,8.8,10,4,11,315,32516.0,1949.0,Mixed
2016-11-10 11:00:00,Rat_lodging_Ben,275.17,13.3,3.0,1.1,1020.3,7.7,11,4,11,315,32516.0,1949.0,Mixed
2016-11-10 12:00:00,Rat_lodging_Ben,253.28,14.4,4.0,1.1,1019.3,8.2,12,4,11,315,32516.0,1949.0,Mixed
2016-11-10 13:00:00,Rat_lodging_Ben,254.75,15.0,6.0,1.7,1018.4,6.2,13,4,11,315,32516.0,1949.0,Mixed
2016-11-10 14:00:00,Rat_lodging_Ben,239.49,16.1,6.0,1.7,1017.6,3.1,14,4,11,315,32516.0,1949.0,Mixed
2016-11-10 15:00:00,Rat_lodging_Ben,227.77,16.1,6.0,1.7,1016.6,3.6,15,4,11,315,32516.0,1949.0,Mixed
2016-11-10 16:00:00,Rat_lodging_Ben,225.95,16.7,6.0,1.1,1015.9,3.1,16,4,11,315,32516.0,1949.0,Mixed
2016-11-10 17:00:00,Rat_lodging_Ben,217.72,15.6,4.0,0.6,1015.2,3.1,17,4,11,315,32516.0,1949.0,Mixed
2016-11-10 18:00:00,Rat_lodging_Ben,198.58,15.0,2.0,1.1,1014.7,3.6,18,4,11,315,32516.0,1949.0,Mixed
2016-11-10 19:00:00,Rat_lodging_Ben,193.99,13.3,0.0,1.7,1014.5,4.1,19,4,11,315,32516.0,1949.0,Mixed
2016-11-10 20:00:00,Rat_lodging_Ben,190.92,11.7,0.0,2.8,1013.8,4.1,20,4,11,315,32516.0,1949.0,Mixed
2016-11-10 21:00:00,Rat_lodging_Ben,189.41,11.7,0.0,2.2,1013.2,3.6,21,4,11,315,32516.0,1949.0,Mixed
2016-11-10 22:00:00,Rat_lodging_Ben,187.31,10.6,0.0,2.2,1012.6,3.1,22,4,11,315,32516.0,1949.0,Mixed
2016-11-10 23:00:00,Rat_lodging_Ben,186.34,10.0,0.0,2.2,1011.7,4.1,23,4,11,315,32516.0,1949.0,Mixed
2016-11-11 00:00:00,Rat_lodging_Ben,190.39,8.9,0.0,2.2,1011.0,4.1,0,5,11,316,32516.0,1949.0,Mixed
2016-11-11 01:00:00,Rat_lodging_Ben,206.45,7.8,0.0,2.2,1010.5,4.1,1,5,11,316,32516.0,1949.0,Mixed
2016-11-11 02:00:00,Rat_lodging_Ben,238.31,7.8,0.0,1.7,1010.2,4.6,2,5,11,316,32516.0,1949.0,Mixed
2016-11-11 03:00:00,Rat_lodging_Ben,236.33,10.0,0.0,0.0,1009.9,4.6,3,5,11,316,32516.0,1949.0,Mixed
2016-11-11 04:00:00,Rat_lodging_Ben,252.46,8.3,0.0,0.0,1009.6,4.1,4,5,11,316,32516.0,1949.0,Mixed
2016-11-11 05:00:00,Rat_lodging_Ben,268.41,8.3,0.0,0.6,1009.8,3.1,5,5,11,316,32516.0,1949.0,Mixed
2016-11-11 06:00:00,Rat_lodging_Ben,272.14,9.4,0.0,0.6,1010.3,2.1,6,5,11,316,32516.0,1949.0,Mixed
2016-11-11 07:00:00,Rat_lodging_Ben,273.23,13.3,0.0,2.8,1010.8,5.1,7,5,11,316,32516.0,1949.0,Mixed
2016-11-11 08:00:00,Rat_lodging_Ben,261.71,13.9,0.0,3.3,1011.8,5.1,8,5,11,316,32516.0,1949.0,Mixed
2016-11-11 09:00:00,Rat_lodging_Ben,265.11,15.0,4.0,3.9,1012.5,7.7,9,5,11,316,32516.0,1949.0,Mixed
2016-11-11 10:00:00,Rat_lodging_Ben,267.06,16.1,4.0,4.4,1012.7,6.2,10,5,11,316,32516.0,1949.0,Mixed
2016-11-11 11:00:00,Rat_lodging_Ben,253.78,16.7,4.666666666666667,4.4,1012.9,4.1,11,5,11,316,32516.0,1949.0,Mixed
2016-11-11 12:00:00,Rat_lodging_Ben,250.64,18.9,5.333333333333333,4.4,1012.5,8.8,12,5,11,316,32516.0,1949.0,Mixed
2016-11-11 13:00:00,Rat_lodging_Ben,239.16,17.2,6.0,3.9,1012.3,3.6,13,5,11,316,32516.0,1949.0,Mixed
2016-11-11 14:00:00,Rat_lodging_Ben,231.8,18.3,6.0,2.2,1012.1,6.7,14,5,11,316,32516.0,1949.0,Mixed
2016-11-11 15:00:00,Rat_lodging_Ben,224.96,17.8,6.0,2.8,1012.8,8.8,15,5,11,316,32516.0,1949.0,Mixed
2016-11-11 16:00:00,Rat_lodging_Ben,225.01,17.2,6.0,1.1,1013.8,4.6,16,5,11,316,32516.0,1949.0,Mixed
2016-11-11 17:00:00,Rat_lodging_Ben,212.18,16.7,5.333333333333333,1.1,1014.6,6.2,17,5,11,316,32516.0,1949.0,Mixed
2016-11-11 18:00:00,Rat_lodging_Ben,196.27,15.6,4.666666666666667,1.7,1015.9,4.6,18,5,11,316,32516.0,1949.0,Mixed
2016-11-11 19:00:00,Rat_lodging_Ben,194.69,15.6,4.0,1.7,1017.5,7.7,19,5,11,316,32516.0,1949.0,Mixed
2016-11-11 20:00:00,Rat_lodging_Ben,196.47,13.9,4.0,0.0,1019.6,7.7,20,5,11,316,32516.0,1949.0,Mixed
2016-11-11 21:00:00,Rat_lodging_Ben,187.82,12.2,4.0,-2.2,1021.0,10.8,21,5,11,316,32516.0,1949.0,Mixed
2016-11-11 22:00:00,Rat_lodging_Ben,188.11,10.6,2.0,-2.8,1021.7,6.7,22,5,11,316,32516.0,1949.0,Mixed
2016-11-11 23:00:00,Rat_lodging_Ben,190.0,10.0,4.0,-2.8,1022.6,6.7,23,5,11,316,32516.0,1949.0,Mixed
2016-11-12 00:00:00,Rat_lodging_Ben,187.43,8.9,5.0,-3.3,1023.4,8.2,0,6,11,317,32516.0,1949.0,Mixed
2016-11-12 01:00:00,Rat_lodging_Ben,192.45,8.3,6.0,-3.3,1024.2,7.7,1,6,11,317,32516.0,1949.0,Mixed
2016-11-12 02:00:00,Rat_lodging_Ben,204.05,7.2,5.0,-3.3,1025.2,7.2,2,6,11,317,32516.0,1949.0,Mixed
2016-11-12 03:00:00,Rat_lodging_Ben,218.36,6.1,4.0,-3.9,1026.3,6.7,3,6,11,317,32516.0,1949.0,Mixed
2016-11-12 04:00:00,Rat_lodging_Ben,234.89,5.0,4.0,-3.9,1027.0,6.2,4,6,11,317,32516.0,1949.0,Mixed
2016-11-12 05:00:00,Rat_lodging_Ben,241.74,4.4,0.0,-4.4,1027.8,4.6,5,6,11,317,32516.0,1949.0,Mixed
2016-11-12 06:00:00,Rat_lodging_Ben,242.71,3.9,0.0,-4.4,1028.3,4.1,6,6,11,317,32516.0,1949.0,Mixed
2016-11-12 07:00:00,Rat_lodging_Ben,234.94,3.3,2.0,-4.4,1029.1,4.6,7,6,11,317,32516.0,1949.0,Mixed
2016-11-12 08:00:00,Rat_lodging_Ben,239.06,5.0,2.0,-3.9,1029.9,5.1,8,6,11,317,32516.0,1949.0,Mixed
2016-11-12 09:00:00,Rat_lodging_Ben,244.58,6.1,2.0,-3.9,1030.7,4.6,9,6,11,317,32516.0,1949.0,Mixed
2016-11-12 10:00:00,Rat_lodging_Ben,239.75,7.2,2.0,-4.4,1030.8,2.6,10,6,11,317,32516.0,1949.0,Mixed
2016-11-12 11:00:00,Rat_lodging_Ben,227.36,8.3,2.0,-5.0,1030.6,1.5,11,6,11,317,32516.0,1949.0,Mixed
2016-11-12 12:00:00,Rat_lodging_Ben,221.09,9.4,2.0,-5.0,1029.8,4.1,12,6,11,317,32516.0,1949.0,Mixed
2016-11-12 13:00:00,Rat_lodging_Ben,218.01,10.0,0.0,-5.6,1028.7,2.6,13,6,11,317,32516.0,1949.0,Mixed
2016-11-12 14:00:00,Rat_lodging_Ben,215.2,10.6,0.0,-5.6,1027.7,2.6,14,6,11,317,32516.0,1949.0,Mixed
2016-11-12 15:00:00,Rat_lodging_Ben,209.89,11.7,0.0,-5.0,1027.1,2.1,15,6,11,317,32516.0,1949.0,Mixed
2016-11-12 16:00:00,Rat_lodging_Ben,215.87,11.1,0.0,-5.6,1026.8,3.1,16,6,11,317,32516.0,1949.0,Mixed
2016-11-12 17:00:00,Rat_lodging_Ben,217.24,9.4,2.0,-6.1,1026.6,3.1,17,6,11,317,32516.0,1949.0,Mixed
2016-11-12 18:00:00,Rat_lodging_Ben,203.83,9.4,0.0,-6.1,1026.6,2.6,18,6,11,317,32516.0,1949.0,Mixed
2016-11-12 19:00:00,Rat_lodging_Ben,197.01,8.3,0.0,-3.9,1026.7,1.5,19,6,11,317,32516.0,1949.0,Mixed
2016-11-12 20:00:00,Rat_lodging_Ben,189.11,6.7,0.0,-2.2,1026.4,0.0,20,6,11,317,32516.0,1949.0,Mixed
2016-11-12 21:00:00,Rat_lodging_Ben,188.83,5.6,0.0,-2.8,1026.4,2.1,21,6,11,317,32516.0,1949.0,Mixed
2016-11-12 22:00:00,Rat_lodging_Ben,187.43,4.4,0.0,-1.7,1026.3,2.6,22,6,11,317,32516.0,1949.0,Mixed
2016-11-12 23:00:00,Rat_lodging_Ben,191.0,4.4,0.0,-2.2,1026.4,1.5,23,6,11,317,32516.0,1949.0,Mixed
2016-11-13 00:00:00,Rat_lodging_Ben,189.63,3.3,0.0,-2.8,1026.1,2.6,0,7,11,318,32516.0,1949.0,Mixed
2016-11-13 01:00:00,Rat_lodging_Ben,196.39,3.3,0.0,-2.2,1025.7,2.6,1,7,11,318,32516.0,1949.0,Mixed
2016-11-13 02:00:00,Rat_lodging_Ben,216.17,3.3,2.0,-2.2,1025.8,2.6,2,7,11,318,32516.0,1949.0,Mixed
2016-11-13 03:00:00,Rat_lodging_Ben,226.09,3.3,0.0,-2.8,1025.8,1.5,3,7,11,318,32516.0,1949.0,Mixed
2016-11-13 04:00:00,Rat_lodging_Ben,237.56,3.3,0.0,-2.8,1025.3,2.6,4,7,11,318,32516.0,1949.0,Mixed
2016-11-13 05:00:00,Rat_lodging_Ben,245.48,1.7,0.0,-2.2,1025.2,3.1,5,7,11,318,32516.0,1949.0,Mixed
2016-11-13 06:00:00,Rat_lodging_Ben,253.3,1.7,0.0,-2.8,1025.2,2.6,6,7,11,318,32516.0,1949.0,Mixed
2016-11-13 07:00:00,Rat_lodging_Ben,246.83,1.1,2.0,-2.8,1025.4,2.6,7,7,11,318,32516.0,1949.0,Mixed
2016-11-13 08:00:00,Rat_lodging_Ben,245.45,2.8,0.0,-2.2,1025.5,1.5,8,7,11,318,32516.0,1949.0,Mixed
2016-11-13 09:00:00,Rat_lodging_Ben,259.22,6.1,0.0,-1.1,1025.9,0.0,9,7,11,318,32516.0,1949.0,Mixed
2016-11-13 10:00:00,Rat_lodging_Ben,251.48,8.3,2.0,0.0,1025.8,2.6,10,7,11,318,32516.0,1949.0,Mixed
2016-11-13 11:00:00,Rat_lodging_Ben,239.17,10.6,2.0,-1.1,1025.4,2.1,11,7,11,318,32516.0,1949.0,Mixed
2016-11-13 12:00:00,Rat_lodging_Ben,225.29,12.8,2.0,-1.7,1024.3,2.1,12,7,11,318,32516.0,1949.0,Mixed
2016-11-13 13:00:00,Rat_lodging_Ben,220.7,15.0,0.0,-1.1,1023.2,2.6,13,7,11,318,32516.0,1949.0,Mixed
2016-11-13 14:00:00,Rat_lodging_Ben,214.89,16.1,0.0,-3.9,1022.3,0.0,14,7,11,318,32516.0,1949.0,Mixed
2016-11-13 15:00:00,Rat_lodging_Ben,205.18,16.7,0.0,-0.6,1021.6,4.1,15,7,11,318,32516.0,1949.0,Mixed
2016-11-13 16:00:00,Rat_lodging_Ben,209.06,15.6,0.0,1.1,1021.2,4.1,16,7,11,318,32516.0,1949.0,Mixed
2016-11-13 17:00:00,Rat_lodging_Ben,206.29,13.9,0.0,2.8,1020.9,3.6,17,7,11,318,32516.0,1949.0,Mixed
2016-11-13 18:00:00,Rat_lodging_Ben,193.61,13.3,0.0,-2.8,1020.9,2.1,18,7,11,318,32516.0,1949.0,Mixed
2016-11-13 19:00:00,Rat_lodging_Ben,187.26,10.6,0.0,3.9,1021.0,2.6,19,7,11,318,32516.0,1949.0,Mixed
2016-11-13 20:00:00,Rat_lodging_Ben,185.89,10.0,0.0,4.4,1021.0,2.6,20,7,11,318,32516.0,1949.0,Mixed
2016-11-13 21:00:00,Rat_lodging_Ben,184.59,8.9,0.0,2.8,1021.1,2.6,21,7,11,318,32516.0,1949.0,Mixed
2016-11-13 22:00:00,Rat_lodging_Ben,182.68,7.2,0.0,2.8,1021.0,2.6,22,7,11,318,32516.0,1949.0,Mixed
2016-11-13 23:00:00,Rat_lodging_Ben,180.48,7.2,0.0,2.8,1021.0,3.1,23,7,11,318,32516.0,1949.0,Mixed
2016-11-14 00:00:00,Rat_lodging_Ben,187.92,6.7,0.0,3.3,1021.0,2.6,0,1,11,319,32516.0,1949.0,Mixed
2016-11-14 01:00:00,Rat_lodging_Ben,204.62,5.6,0.0,3.3,1020.6,3.1,1,1,11,319,32516.0,1949.0,Mixed
2016-11-14 02:00:00,Rat_lodging_Ben,221.48,6.7,0.0,3.3,1020.3,1.5,2,1,11,319,32516.0,1949.0,Mixed
2016-11-14 03:00:00,Rat_lodging_Ben,236.3,6.1,0.0,2.8,1019.6,0.0,3,1,11,319,32516.0,1949.0,Mixed
2016-11-14 04:00:00,Rat_lodging_Ben,246.58,4.4,0.0,1.1,1019.7,2.1,4,1,11,319,32516.0,1949.0,Mixed
2016-11-14 05:00:00,Rat_lodging_Ben,247.67,3.9,0.0,-1.1,1019.7,0.0,5,1,11,319,32516.0,1949.0,Mixed
2016-11-14 06:00:00,Rat_lodging_Ben,243.02,2.8,2.0,-1.1,1019.1,2.1,6,1,11,319,32516.0,1949.0,Mixed
2016-11-14 07:00:00,Rat_lodging_Ben,247.7,2.8,2.0,-0.6,1019.1,1.5,7,1,11,319,32516.0,1949.0,Mixed
2016-11-14 08:00:00,Rat_lodging_Ben,243.92,5.0,2.0,2.2,1019.5,0.0,8,1,11,319,32516.0,1949.0,Mixed
2016-11-14 09:00:00,Rat_lodging_Ben,236.26,7.8,4.0,4.4,1019.6,0.0,9,1,11,319,32516.0,1949.0,Mixed
2016-11-14 10:00:00,Rat_lodging_Ben,241.47,8.9,4.0,2.2,1019.4,0.0,10,1,11,319,32516.0,1949.0,Mixed
2016-11-14 11:00:00,Rat_lodging_Ben,238.67,10.6,5.333333333333333,2.8,1019.1,2.6,11,1,11,319,32516.0,1949.0,Mixed
2016-11-14 12:00:00,Rat_lodging_Ben,236.88,11.7,6.666666666666666,2.8,1018.6,2.1,12,1,11,319,32516.0,1949.0,Mixed
2016-11-14 13:00:00,Rat_lodging_Ben,233.09,12.8,8.0,3.9,1018.0,3.1,13,1,11,319,32516.0,1949.0,Mixed
2016-11-14 14:00:00,Rat_lodging_Ben,232.08,12.8,7.333333333333333,2.2,1017.3,3.1,14,1,11,319,32516.0,1949.0,Mixed
2016-11-14 15:00:00,Rat_lodging_Ben,226.27,12.8,6.666666666666667,3.9,1017.1,3.6,15,1,11,319,32516.0,1949.0,Mixed
2016-11-14 16:00:00,Rat_lodging_Ben,226.37,12.2,6.0,5.0,1016.6,3.1,16,1,11,319,32516.0,1949.0,Mixed
2016-11-14 17:00:00,Rat_lodging_Ben,214.82,11.7,6.666666666666667,3.3,1016.2,2.6,17,1,11,319,32516.0,1949.0,Mixed
2016-11-14 18:00:00,Rat_lodging_Ben,197.96,11.7,7.333333333333333,5.6,1016.3,2.1,18,1,11,319,32516.0,1949.0,Mixed
2016-11-14 19:00:00,Rat_lodging_Ben,190.02,11.7,8.0,3.3,1016.5,1.5,19,1,11,319,32516.0,1949.0,Mixed
2016-11-14 20:00:00,Rat_lodging_Ben,192.2,12.2,8.0,1.1,1016.2,2.1,20,1,11,319,32516.0,1949.0,Mixed
2016-11-14 21:00:00,Rat_lodging_Ben,191.8,11.7,8.0,3.9,1015.9,1.5,21,1,11,319,32516.0,1949.0,Mixed
2016-11-14 22:00:00,Rat_lodging_Ben,189.62,11.7,8.0,5.0,1015.7,0.0,22,1,11,319,32516.0,1949.0,Mixed
2016-11-14 23:00:00,Rat_lodging_Ben,185.95,10.6,8.0,4.4,1015.2,3.1,23,1,11,319,32516.0,1949.0,Mixed
2016-11-15 00:00:00,Rat_lodging_Ben,186.58,10.6,8.0,2.8,1015.0,0.0,0,2,11,320,32516.0,1949.0,Mixed
2016-11-15 01:00:00,Rat_lodging_Ben,204.4,9.4,8.0,5.0,1014.5,2.6,1,2,11,320,32516.0,1949.0,Mixed
2016-11-15 02:00:00,Rat_lodging_Ben,223.93,10.0,8.0,3.9,1014.5,2.6,2,2,11,320,32516.0,1949.0,Mixed
2016-11-15 03:00:00,Rat_lodging_Ben,230.1,9.4,8.0,5.0,1014.5,3.1,3,2,11,320,32516.0,1949.0,Mixed
2016-11-15 04:00:00,Rat_lodging_Ben,240.87,9.4,8.0,5.6,1014.2,2.1,4,2,11,320,32516.0,1949.0,Mixed
2016-11-15 05:00:00,Rat_lodging_Ben,248.42,9.4,8.0,6.1,1013.9,2.1,5,2,11,320,32516.0,1949.0,Mixed
2016-11-15 06:00:00,Rat_lodging_Ben,261.66,10.0,8.0,6.1,1013.7,3.1,6,2,11,320,32516.0,1949.0,Mixed
2016-11-15 07:00:00,Rat_lodging_Ben,274.23,9.4,8.0,6.7,1013.7,2.6,7,2,11,320,32516.0,1949.0,Mixed
2016-11-15 08:00:00,Rat_lodging_Ben,283.6,10.6,8.0,6.1,1013.8,4.1,8,2,11,320,32516.0,1949.0,Mixed
2016-11-15 09:00:00,Rat_lodging_Ben,271.58,11.7,8.0,5.6,1013.7,4.6,9,2,11,320,32516.0,1949.0,Mixed
2016-11-15 10:00:00,Rat_lodging_Ben,264.03,13.3,8.0,5.0,1013.5,2.1,10,2,11,320,32516.0,1949.0,Mixed
2016-11-15 11:00:00,Rat_lodging_Ben,257.53,15.0,6.0,3.3,1012.8,4.6,11,2,11,320,32516.0,1949.0,Mixed
2016-11-15 12:00:00,Rat_lodging_Ben,259.86,16.7,4.0,2.8,1011.8,4.1,12,2,11,320,32516.0,1949.0,Mixed
2016-11-15 13:00:00,Rat_lodging_Ben,245.75,17.2,6.0,2.2,1011.1,3.1,13,2,11,320,32516.0,1949.0,Mixed
2016-11-15 14:00:00,Rat_lodging_Ben,237.14,18.3,6.0,-5.0,1010.8,4.6,14,2,11,320,32516.0,1949.0,Mixed
2016-11-15 15:00:00,Rat_lodging_Ben,228.52,17.2,6.0,1.1,1010.7,3.6,15,2,11,320,32516.0,1949.0,Mixed
2016-11-15 16:00:00,Rat_lodging_Ben,218.85,16.7,6.0,1.7,1010.7,3.1,16,2,11,320,32516.0,1949.0,Mixed
2016-11-15 17:00:00,Rat_lodging_Ben,216.76,15.6,6.0,0.6,1010.8,2.6,17,2,11,320,32516.0,1949.0,Mixed
2016-11-15 18:00:00,Rat_lodging_Ben,200.16,14.4,6.0,1.7,1011.0,3.1,18,2,11,320,32516.0,1949.0,Mixed
2016-11-15 19:00:00,Rat_lodging_Ben,195.52,12.8,6.0,2.2,1011.1,2.1,19,2,11,320,32516.0,1949.0,Mixed
2016-11-15 20:00:00,Rat_lodging_Ben,189.54,11.7,4.0,2.8,1010.8,2.1,20,2,11,320,32516.0,1949.0,Mixed
2016-11-15 21:00:00,Rat_lodging_Ben,187.44,10.0,0.0,3.3,1010.9,2.1,21,2,11,320,32516.0,1949.0,Mixed
2016-11-15 22:00:00,Rat_lodging_Ben,185.13,11.1,2.0,4.4,1011.2,3.6,22,2,11,320,32516.0,1949.0,Mixed
2016-11-15 23:00:00,Rat_lodging_Ben,181.99,11.1,2.0,3.9,1011.5,3.1,23,2,11,320,32516.0,1949.0,Mixed
2016-11-16 00:00:00,Rat_lodging_Ben,184.27,10.0,2.0,3.9,1011.8,2.1,0,3,11,321,32516.0,1949.0,Mixed
2016-11-16 01:00:00,Rat_lodging_Ben,201.29,8.9,6.0,4.4,1011.6,3.1,1,3,11,321,32516.0,1949.0,Mixed
2016-11-16 02:00:00,Rat_lodging_Ben,236.31,7.8,6.0,3.9,1011.6,2.1,2,3,11,321,32516.0,1949.0,Mixed
2016-11-16 03:00:00,Rat_lodging_Ben,236.38,6.7,6.0,3.3,1011.6,2.1,3,3,11,321,32516.0,1949.0,Mixed
2016-11-16 04:00:00,Rat_lodging_Ben,249.54,7.2,6.0,3.9,1011.5,1.5,4,3,11,321,32516.0,1949.0,Mixed
2016-11-16 05:00:00,Rat_lodging_Ben,251.81,5.6,5.333333333333333,2.2,1011.5,2.1,5,3,11,321,32516.0,1949.0,Mixed
2016-11-16 06:00:00,Rat_lodging_Ben,274.89,5.6,4.666666666666667,3.9,1011.5,2.1,6,3,11,321,32516.0,1949.0,Mixed
2016-11-16 07:00:00,Rat_lodging_Ben,265.6,5.6,4.0,3.9,1012.1,2.1,7,3,11,321,32516.0,1949.0,Mixed
2016-11-16 08:00:00,Rat_lodging_Ben,251.07,7.8,2.0,4.4,1012.6,2.6,8,3,11,321,32516.0,1949.0,Mixed
2016-11-16 09:00:00,Rat_lodging_Ben,257.43,10.0,4.0,5.6,1012.7,3.1,9,3,11,321,32516.0,1949.0,Mixed
2016-11-16 10:00:00,Rat_lodging_Ben,261.53,10.6,6.0,6.1,1012.4,4.1,10,3,11,321,32516.0,1949.0,Mixed
2016-11-16 11:00:00,Rat_lodging_Ben,262.57,13.3,5.0,6.7,1012.0,4.6,11,3,11,321,32516.0,1949.0,Mixed
2016-11-16 12:00:00,Rat_lodging_Ben,248.66,16.7,4.0,5.6,1011.4,3.6,12,3,11,321,32516.0,1949.0,Mixed
2016-11-16 13:00:00,Rat_lodging_Ben,245.69,18.9,6.0,4.4,1010.8,6.2,13,3,11,321,32516.0,1949.0,Mixed
2016-11-16 14:00:00,Rat_lodging_Ben,254.31,17.8,6.666666666666667,6.1,1010.6,3.6,14,3,11,321,32516.0,1949.0,Mixed
2016-11-16 15:00:00,Rat_lodging_Ben,236.54,19.4,7.333333333333333,5.0,1010.6,3.6,15,3,11,321,32516.0,1949.0,Mixed
2016-11-16 16:00:00,Rat_lodging_Ben,237.55,16.7,8.0,7.2,1011.7,5.7,16,3,11,321,32516.0,1949.0,Mixed
2016-11-16 17:00:00,Rat_lodging_Ben,225.36,15.0,7.333333333333333,8.9,1011.8,3.1,17,3,11,321,32516.0,1949.0,Mixed
2016-11-16 18:00:00,Rat_lodging_Ben,204.45,15.6,6.666666666666667,7.8,1012.7,2.6,18,3,11,321,32516.0,1949.0,Mixed
2016-11-16 19:00:00,Rat_lodging_Ben,203.32,12.8,6.0,10.0,1013.5,2.1,19,3,11,321,32516.0,1949.0,Mixed
2016-11-16 20:00:00,Rat_lodging_Ben,195.88,13.9,2.0,7.2,1013.9,3.1,20,3,11,321,32516.0,1949.0,Mixed
2016-11-16 21:00:00,Rat_lodging_Ben,191.07,12.2,0.0,7.2,1014.4,3.1,21,3,11,321,32516.0,1949.0,Mixed
2016-11-16 22:00:00,Rat_lodging_Ben,194.13,12.8,0.0,6.1,1014.8,3.1,22,3,11,321,32516.0,1949.0,Mixed
2016-11-16 23:00:00,Rat_lodging_Ben,190.51,10.0,0.0,7.8,1015.2,2.1,23,3,11,321,32516.0,1949.0,Mixed
2016-11-17 00:00:00,Rat_lodging_Ben,190.41,10.0,0.0,7.8,1015.7,0.0,0,4,11,322,32516.0,1949.0,Mixed
2016-11-17 01:00:00,Rat_lodging_Ben,200.92,9.4,0.0,7.8,1016.0,0.0,1,4,11,322,32516.0,1949.0,Mixed
2016-11-17 02:00:00,Rat_lodging_Ben,232.04,8.9,0.0,6.7,1016.4,0.0,2,4,11,322,32516.0,1949.0,Mixed
2016-11-17 03:00:00,Rat_lodging_Ben,238.55,7.8,0.0,6.1,1016.8,0.0,3,4,11,322,32516.0,1949.0,Mixed
2016-11-17 04:00:00,Rat_lodging_Ben,245.27,8.9,0.0,5.6,1017.4,0.0,4,4,11,322,32516.0,1949.0,Mixed
2016-11-17 05:00:00,Rat_lodging_Ben,261.64,7.2,0.0,5.0,1017.6,3.1,5,4,11,322,32516.0,1949.0,Mixed
2016-11-17 06:00:00,Rat_lodging_Ben,257.12,9.4,0.0,5.0,1018.2,4.6,6,4,11,322,32516.0,1949.0,Mixed
2016-11-17 07:00:00,Rat_lodging_Ben,268.32,6.7,0.0,4.4,1018.9,2.6,7,4,11,322,32516.0,1949.0,Mixed
2016-11-17 08:00:00,Rat_lodging_Ben,270.19,10.0,0.0,5.6,1019.6,4.1,8,4,11,322,32516.0,1949.0,Mixed
2016-11-17 09:00:00,Rat_lodging_Ben,276.23,11.1,0.0,6.1,1020.2,5.1,9,4,11,322,32516.0,1949.0,Mixed
2016-11-17 10:00:00,Rat_lodging_Ben,274.43,12.8,0.0,6.7,1020.6,5.7,10,4,11,322,32516.0,1949.0,Mixed
2016-11-17 11:00:00,Rat_lodging_Ben,269.7,14.4,2.0,5.0,1020.4,4.6,11,4,11,322,32516.0,1949.0,Mixed
2016-11-17 12:00:00,Rat_lodging_Ben,253.61,15.6,2.0,4.4,1019.7,6.2,12,4,11,322,32516.0,1949.0,Mixed
2016-11-17 13:00:00,Rat_lodging_Ben,245.34,16.1,0.0,3.9,1018.6,5.1,13,4,11,322,32516.0,1949.0,Mixed
2016-11-17 14:00:00,Rat_lodging_Ben,240.6,17.2,0.0,3.3,1018.2,4.6,14,4,11,322,32516.0,1949.0,Mixed
2016-11-17 15:00:00,Rat_lodging_Ben,235.71,16.7,0.0,2.8,1018.4,5.7,15,4,11,322,32516.0,1949.0,Mixed
2016-11-17 16:00:00,Rat_lodging_Ben,232.63,16.1,0.0,2.8,1018.6,5.7,16,4,11,322,32516.0,1949.0,Mixed
2016-11-17 17:00:00,Rat_lodging_Ben,223.16,15.0,0.0,2.8,1018.7,3.6,17,4,11,322,32516.0,1949.0,Mixed
2016-11-17 18:00:00,Rat_lodging_Ben,209.41,15.0,0.0,3.3,1019.3,3.1,18,4,11,322,32516.0,1949.0,Mixed
2016-11-17 19:00:00,Rat_lodging_Ben,194.97,13.3,0.0,4.4,1019.5,2.1,19,4,11,322,32516.0,1949.0,Mixed
2016-11-17 20:00:00,Rat_lodging_Ben,193.14,12.2,0.0,3.9,1020.0,2.6,20,4,11,322,32516.0,1949.0,Mixed
2016-11-17 21:00:00,Rat_lodging_Ben,189.02,10.6,0.0,6.7,1020.1,1.5,21,4,11,322,32516.0,1949.0,Mixed
2016-11-17 22:00:00,Rat_lodging_Ben,186.85,10.0,0.0,5.6,1020.4,0.0,22,4,11,322,32516.0,1949.0,Mixed
2016-11-17 23:00:00,Rat_lodging_Ben,187.77,10.0,0.0,6.7,1021.0,0.0,23,4,11,322,32516.0,1949.0,Mixed
2016-11-18 00:00:00,Rat_lodging_Ben,187.19,8.3,0.0,5.0,1021.0,0.0,0,5,11,323,32516.0,1949.0,Mixed
2016-11-18 01:00:00,Rat_lodging_Ben,201.63,7.8,0.0,4.4,1021.2,1.5,1,5,11,323,32516.0,1949.0,Mixed
2016-11-18 02:00:00,Rat_lodging_Ben,229.75,7.2,0.0,5.0,1021.5,0.0,2,5,11,323,32516.0,1949.0,Mixed
2016-11-18 03:00:00,Rat_lodging_Ben,242.54,7.2,0.0,4.4,1021.7,0.0,3,5,11,323,32516.0,1949.0,Mixed
2016-11-18 04:00:00,Rat_lodging_Ben,245.04,7.2,0.0,4.4,1021.5,0.0,4,5,11,323,32516.0,1949.0,Mixed
2016-11-18 05:00:00,Rat_lodging_Ben,271.35,6.7,0.0,4.4,1021.5,0.0,5,5,11,323,32516.0,1949.0,Mixed
2016-11-18 06:00:00,Rat_lodging_Ben,274.38,6.1,0.0,4.4,1021.8,0.0,6,5,11,323,32516.0,1949.0,Mixed
2016-11-18 07:00:00,Rat_lodging_Ben,313.59,6.1,0.0,3.3,1022.5,3.1,7,5,11,323,32516.0,1949.0,Mixed
2016-11-18 08:00:00,Rat_lodging_Ben,316.1,8.3,0.0,5.0,1022.7,0.0,8,5,11,323,32516.0,1949.0,Mixed
2016-11-18 09:00:00,Rat_lodging_Ben,333.12,9.4,0.0,6.1,1023.1,1.5,9,5,11,323,32516.0,1949.0,Mixed
2016-11-18 10:00:00,Rat_lodging_Ben,345.8,12.2,0.0,6.7,1022.9,2.1,10,5,11,323,32516.0,1949.0,Mixed
2016-11-18 11:00:00,Rat_lodging_Ben,330.37,14.4,0.0,5.6,1022.6,3.1,11,5,11,323,32516.0,1949.0,Mixed
2016-11-18 12:00:00,Rat_lodging_Ben,295.82,16.7,0.0,6.1,1021.2,3.1,12,5,11,323,32516.0,1949.0,Mixed
2016-11-18 13:00:00,Rat_lodging_Ben,266.02,19.4,2.0,5.6,1020.4,2.1,13,5,11,323,32516.0,1949.0,Mixed
2016-11-18 14:00:00,Rat_lodging_Ben,250.0,20.0,2.0,6.1,1019.8,2.1,14,5,11,323,32516.0,1949.0,Mixed
2016-11-18 15:00:00,Rat_lodging_Ben,239.92,20.6,2.0,5.6,1019.2,1.5,15,5,11,323,32516.0,1949.0,Mixed
2016-11-18 16:00:00,Rat_lodging_Ben,230.8,20.6,2.0,6.1,1019.1,2.6,16,5,11,323,32516.0,1949.0,Mixed
2016-11-18 17:00:00,Rat_lodging_Ben,225.72,18.9,2.0,6.7,1019.1,3.1,17,5,11,323,32516.0,1949.0,Mixed
2016-11-18 18:00:00,Rat_lodging_Ben,207.68,16.1,0.0,6.7,1019.0,2.6,18,5,11,323,32516.0,1949.0,Mixed
2016-11-18 19:00:00,Rat_lodging_Ben,210.93,13.9,0.0,9.4,1019.0,2.6,19,5,11,323,32516.0,1949.0,Mixed
2016-11-18 20:00:00,Rat_lodging_Ben,196.97,13.3,0.0,7.8,1019.1,1.5,20,5,11,323,32516.0,1949.0,Mixed
2016-11-18 21:00:00,Rat_lodging_Ben,195.84,12.8,0.0,7.8,1018.8,2.1,21,5,11,323,32516.0,1949.0,Mixed
2016-11-18 22:00:00,Rat_lodging_Ben,190.54,11.7,0.0,8.3,1018.5,2.1,22,5,11,323,32516.0,1949.0,Mixed
2016-11-18 23:00:00,Rat_lodging_Ben,187.8,11.7,0.0,8.3,1018.0,2.1,23,5,11,323,32516.0,1949.0,Mixed
2016-11-19 00:00:00,Rat_lodging_Ben,187.79,10.6,0.0,7.8,1017.7,1.5,0,6,11,324,32516.0,1949.0,Mixed
2016-11-19 01:00:00,Rat_lodging_Ben,194.89,10.6,0.0,7.2,1017.2,2.1,1,6,11,324,32516.0,1949.0,Mixed
2016-11-19 02:00:00,Rat_lodging_Ben,209.27,8.9,0.0,7.2,1017.0,2.1,2,6,11,324,32516.0,1949.0,Mixed
2016-11-19 03:00:00,Rat_lodging_Ben,224.71,10.0,0.0,7.2,1017.1,2.1,3,6,11,324,32516.0,1949.0,Mixed
2016-11-19 04:00:00,Rat_lodging_Ben,247.48,8.9,0.0,6.7,1016.7,1.5,4,6,11,324,32516.0,1949.0,Mixed
2016-11-19 05:00:00,Rat_lodging_Ben,261.55,8.3,0.0,7.8,1015.7,1.5,5,6,11,324,32516.0,1949.0,Mixed
2016-11-19 06:00:00,Rat_lodging_Ben,281.68,7.8,0.0,6.7,1015.1,0.0,6,6,11,324,32516.0,1949.0,Mixed
2016-11-19 07:00:00,Rat_lodging_Ben,293.06,7.8,0.0,7.2,1014.5,1.5,7,6,11,324,32516.0,1949.0,Mixed
2016-11-19 08:00:00,Rat_lodging_Ben,297.81,9.4,0.0,7.8,1013.5,0.0,8,6,11,324,32516.0,1949.0,Mixed
2016-11-19 09:00:00,Rat_lodging_Ben,305.02,10.6,0.0,8.9,1012.5,0.0,9,6,11,324,32516.0,1949.0,Mixed
2016-11-19 10:00:00,Rat_lodging_Ben,270.78,13.3,0.0,10.0,1011.7,3.6,10,6,11,324,32516.0,1949.0,Mixed
2016-11-19 11:00:00,Rat_lodging_Ben,242.72,17.2,0.0,10.0,1010.8,3.1,11,6,11,324,32516.0,1949.0,Mixed
2016-11-19 12:00:00,Rat_lodging_Ben,232.22,18.3,2.0,10.0,1008.7,3.1,12,6,11,324,32516.0,1949.0,Mixed
2016-11-19 13:00:00,Rat_lodging_Ben,222.29,21.1,2.0,9.4,1006.6,4.6,13,6,11,324,32516.0,1949.0,Mixed
2016-11-19 14:00:00,Rat_lodging_Ben,223.86,22.2,4.0,8.3,1005.3,5.7,14,6,11,324,32516.0,1949.0,Mixed
2016-11-19 15:00:00,Rat_lodging_Ben,219.24,20.6,6.0,7.8,1007.3499999999999,11.8,15,6,11,324,32516.0,1949.0,Mixed
2016-11-19 16:00:00,Rat_lodging_Ben,212.35,11.1,8.0,0.6,1009.4,13.9,16,6,11,324,32516.0,1949.0,Mixed
2016-11-19 17:00:00,Rat_lodging_Ben,204.1,7.8,8.0,2.8,1010.9,11.3,17,6,11,324,32516.0,1949.0,Mixed
2016-11-19 18:00:00,Rat_lodging_Ben,194.26,6.7,8.0,3.3,1011.4,6.2,18,6,11,324,32516.0,1949.0,Mixed
2016-11-19 19:00:00,Rat_lodging_Ben,187.07,7.2,8.0,2.2,1011.7,8.8,19,6,11,324,32516.0,1949.0,Mixed
2016-11-19 20:00:00,Rat_lodging_Ben,187.82,7.2,6.0,-1.7,1012.0,5.7,20,6,11,324,32516.0,1949.0,Mixed
2016-11-19 21:00:00,Rat_lodging_Ben,182.74,7.2,4.0,-2.2,1012.9,7.7,21,6,11,324,32516.0,1949.0,Mixed
2016-11-19 22:00:00,Rat_lodging_Ben,186.58,6.1,2.0,-4.4,1013.0,5.7,22,6,11,324,32516.0,1949.0,Mixed
2016-11-19 23:00:00,Rat_lodging_Ben,185.47,6.1,3.333333333333333,-5.0,1012.4,7.2,23,6,11,324,32516.0,1949.0,Mixed
2016-11-20 00:00:00,Rat_lodging_Ben,186.8,5.6,4.666666666666666,-4.4,1012.0,5.7,0,7,11,325,32516.0,1949.0,Mixed
2016-11-20 01:00:00,Rat_lodging_Ben,200.84,5.0,6.0,-5.0,1011.7,7.2,1,7,11,325,32516.0,1949.0,Mixed
2016-11-20 02:00:00,Rat_lodging_Ben,205.33,4.4,4.666666666666667,-5.0,1011.5,5.7,2,7,11,325,32516.0,1949.0,Mixed
2016-11-20 03:00:00,Rat_lodging_Ben,216.93,5.0,3.3333333333333335,-3.9,1011.8,9.3,3,7,11,325,32516.0,1949.0,Mixed
2016-11-20 04:00:00,Rat_lodging_Ben,229.93,3.9,2.0,-3.9,1011.6,6.2,4,7,11,325,32516.0,1949.0,Mixed
2016-11-20 05:00:00,Rat_lodging_Ben,227.84,3.9,2.6666666666666665,-4.4,1011.6,4.6,5,7,11,325,32516.0,1949.0,Mixed
2016-11-20 06:00:00,Rat_lodging_Ben,228.01,4.4,3.333333333333333,-4.4,1011.7,5.1,6,7,11,325,32516.0,1949.0,Mixed
2016-11-20 07:00:00,Rat_lodging_Ben,230.3,4.4,4.0,-5.6,1012.0,7.2,7,7,11,325,32516.0,1949.0,Mixed
2016-11-20 08:00:00,Rat_lodging_Ben,230.41,5.0,4.666666666666667,-5.6,1012.2,6.7,8,7,11,325,32516.0,1949.0,Mixed
2016-11-20 09:00:00,Rat_lodging_Ben,231.45,5.0,5.333333333333333,-6.7,1012.2,6.7,9,7,11,325,32516.0,1949.0,Mixed
2016-11-20 10:00:00,Rat_lodging_Ben,227.81,6.7,6.0,-6.7,1012.3,8.2,10,7,11,325,32516.0,1949.0,Mixed
2016-11-20 11:00:00,Rat_lodging_Ben,212.28,6.7,5.333333333333333,-7.8,1011.3,11.3,11,7,11,325,32516.0,1949.0,Mixed
2016-11-20 12:00:00,Rat_lodging_Ben,212.8,7.8,4.666666666666667,-7.2,1011.2,13.4,12,7,11,325,32516.0,1949.0,Mixed
2016-11-20 13:00:00,Rat_lodging_Ben,223.21,7.8,4.0,-7.2,1010.6,13.4,13,7,11,325,32516.0,1949.0,Mixed
2016-11-20 14:00:00,Rat_lodging_Ben,216.61,7.8,4.666666666666667,-7.2,1010.8,10.3,14,7,11,325,32516.0,1949.0,Mixed
2016-11-20 15:00:00,Rat_lodging_Ben,209.47,7.2,5.333333333333333,-6.7,1011.0,10.3,15,7,11,325,32516.0,1949.0,Mixed
2016-11-20 16:00:00,Rat_lodging_Ben,215.95,6.1,6.0,-7.2,1011.8,13.4,16,7,11,325,32516.0,1949.0,Mixed
2016-11-20 17:00:00,Rat_lodging_Ben,214.47,5.6,4.666666666666667,-7.2,1012.0,10.3,17,7,11,325,32516.0,1949.0,Mixed
2016-11-20 18:00:00,Rat_lodging_Ben,204.16,4.4,3.3333333333333335,-7.2,1012.4,11.3,18,7,11,325,32516.0,1949.0,Mixed
2016-11-20 19:00:00,Rat_lodging_Ben,196.2,3.9,2.0,-7.2,1012.7,12.9,19,7,11,325,32516.0,1949.0,Mixed
2016-11-20 20:00:00,Rat_lodging_Ben,199.87,3.9,2.6666666666666665,-7.8,1013.1,8.2,20,7,11,325,32516.0,1949.0,Mixed
2016-11-20 21:00:00,Rat_lodging_Ben,193.12,3.9,3.333333333333333,-7.8,1013.1,6.2,21,7,11,325,32516.0,1949.0,Mixed
2016-11-20 22:00:00,Rat_lodging_Ben,192.51,3.3,4.0,-7.8,1012.5,11.8,22,7,11,325,32516.0,1949.0,Mixed
2016-11-20 23:00:00,Rat_lodging_Ben,191.64,3.3,4.0,-7.8,1011.9,10.8,23,7,11,325,32516.0,1949.0,Mixed
2016-11-21 00:00:00,Rat_lodging_Ben,193.68,2.8,4.0,-8.9,1012.1,4.1,0,1,11,326,32516.0,1949.0,Mixed
2016-11-21 01:00:00,Rat_lodging_Ben,215.64,2.8,4.0,-8.9,1012.6,3.6,1,1,11,326,32516.0,1949.0,Mixed
2016-11-21 02:00:00,Rat_lodging_Ben,264.31,2.8,3.3333333333333335,-8.9,1012.6,6.2,2,1,11,326,32516.0,1949.0,Mixed
2016-11-21 03:00:00,Rat_lodging_Ben,296.1,2.2,2.666666666666667,-8.9,1012.6,6.2,3,1,11,326,32516.0,1949.0,Mixed
2016-11-21 04:00:00,Rat_lodging_Ben,301.54,2.2,2.0,-8.9,1012.7,4.1,4,1,11,326,32516.0,1949.0,Mixed
2016-11-21 05:00:00,Rat_lodging_Ben,295.13,2.2,2.6666666666666665,-8.9,1012.8,4.1,5,1,11,326,32516.0,1949.0,Mixed
2016-11-21 06:00:00,Rat_lodging_Ben,299.75,2.2,3.333333333333333,-8.9,1013.8,3.6,6,1,11,326,32516.0,1949.0,Mixed
2016-11-21 07:00:00,Rat_lodging_Ben,298.45,2.2,4.0,-8.9,1014.8,3.6,7,1,11,326,32516.0,1949.0,Mixed
2016-11-21 08:00:00,Rat_lodging_Ben,293.37,2.8,3.3333333333333335,-9.4,1015.2,6.2,8,1,11,326,32516.0,1949.0,Mixed
2016-11-21 09:00:00,Rat_lodging_Ben,292.52,3.3,2.666666666666667,-10.0,1015.5,9.3,9,1,11,326,32516.0,1949.0,Mixed
2016-11-21 10:00:00,Rat_lodging_Ben,295.39,4.4,2.0,-10.0,1015.8,7.7,10,1,11,326,32516.0,1949.0,Mixed
2016-11-21 11:00:00,Rat_lodging_Ben,295.92,5.6,2.0,-10.0,1015.5,5.7,11,1,11,326,32516.0,1949.0,Mixed
2016-11-21 12:00:00,Rat_lodging_Ben,290.18,6.7,2.0,-10.6,1014.9,9.3,12,1,11,326,32516.0,1949.0,Mixed
2016-11-21 13:00:00,Rat_lodging_Ben,283.9,7.8,2.0,-10.6,1014.5,7.2,13,1,11,326,32516.0,1949.0,Mixed
2016-11-21 14:00:00,Rat_lodging_Ben,287.87,7.8,0.0,-10.6,1014.2,6.7,14,1,11,326,32516.0,1949.0,Mixed
2016-11-21 15:00:00,Rat_lodging_Ben,283.82,7.2,0.0,-11.7,1014.3,8.2,15,1,11,326,32516.0,1949.0,Mixed
2016-11-21 16:00:00,Rat_lodging_Ben,278.76,7.2,2.0,-11.1,1015.3,5.7,16,1,11,326,32516.0,1949.0,Mixed
2016-11-21 17:00:00,Rat_lodging_Ben,261.52,6.1,1.0,-11.1,1016.2,4.1,17,1,11,326,32516.0,1949.0,Mixed
2016-11-21 18:00:00,Rat_lodging_Ben,248.38,5.0,0.0,-10.6,1017.1,6.2,18,1,11,326,32516.0,1949.0,Mixed
2016-11-21 19:00:00,Rat_lodging_Ben,245.1,4.4,0.0,-10.0,1017.6,3.6,19,1,11,326,32516.0,1949.0,Mixed
2016-11-21 20:00:00,Rat_lodging_Ben,241.48,3.9,0.0,-9.4,1017.7,4.1,20,1,11,326,32516.0,1949.0,Mixed
2016-11-21 21:00:00,Rat_lodging_Ben,234.37,3.3,0.0,-9.4,1018.1,1.5,21,1,11,326,32516.0,1949.0,Mixed
2016-11-21 22:00:00,Rat_lodging_Ben,231.54,2.8,0.0,-8.9,1018.6,3.1,22,1,11,326,32516.0,1949.0,Mixed
2016-11-21 23:00:00,Rat_lodging_Ben,233.12,2.8,0.0,-9.4,1018.8,7.2,23,1,11,326,32516.0,1949.0,Mixed
2016-11-22 00:00:00,Rat_lodging_Ben,231.65,2.8,0.0,-9.4,1019.1,8.8,0,2,11,327,32516.0,1949.0,Mixed
2016-11-22 01:00:00,Rat_lodging_Ben,252.88,2.8,0.0,-8.9,1019.5,4.6,1,2,11,327,32516.0,1949.0,Mixed
2016-11-22 02:00:00,Rat_lodging_Ben,274.96,2.2,0.0,-8.3,1019.7,4.1,2,2,11,327,32516.0,1949.0,Mixed
2016-11-22 03:00:00,Rat_lodging_Ben,284.14,1.7,0.0,-7.8,1020.1,1.5,3,2,11,327,32516.0,1949.0,Mixed
2016-11-22 04:00:00,Rat_lodging_Ben,275.41,1.7,0.0,-7.8,1020.3,2.6,4,2,11,327,32516.0,1949.0,Mixed
2016-11-22 05:00:00,Rat_lodging_Ben,291.96,1.7,0.0,-7.2,1020.7,3.6,5,2,11,327,32516.0,1949.0,Mixed
2016-11-22 06:00:00,Rat_lodging_Ben,294.99,1.7,0.0,-6.7,1021.5,4.6,6,2,11,327,32516.0,1949.0,Mixed
2016-11-22 07:00:00,Rat_lodging_Ben,300.22,2.2,2.0,-7.2,1022.0,5.7,7,2,11,327,32516.0,1949.0,Mixed
2016-11-22 08:00:00,Rat_lodging_Ben,293.4,2.8,2.0,-7.8,1023.2,3.1,8,2,11,327,32516.0,1949.0,Mixed
2016-11-22 09:00:00,Rat_lodging_Ben,285.84,4.4,2.0,-7.8,1023.1,5.7,9,2,11,327,32516.0,1949.0,Mixed
2016-11-22 10:00:00,Rat_lodging_Ben,282.64,6.1,2.0,-7.8,1024.0,3.6,10,2,11,327,32516.0,1949.0,Mixed
2016-11-22 11:00:00,Rat_lodging_Ben,282.82,6.7,3.333333333333333,-7.8,1024.3,6.2,11,2,11,327,32516.0,1949.0,Mixed
2016-11-22 12:00:00,Rat_lodging_Ben,279.68,8.3,4.666666666666666,-7.8,1023.4,5.1,12,2,11,327,32516.0,1949.0,Mixed
2016-11-22 13:00:00,Rat_lodging_Ben,274.51,8.3,6.0,-7.8,1023.3,5.7,13,2,11,327,32516.0,1949.0,Mixed
2016-11-22 14:00:00,Rat_lodging_Ben,275.24,9.4,6.0,-7.8,1023.2,4.6,14,2,11,327,32516.0,1949.0,Mixed
2016-11-22 15:00:00,Rat_lodging_Ben,272.58,9.4,6.0,-8.3,1023.2,3.1,15,2,11,327,32516.0,1949.0,Mixed
2016-11-22 16:00:00,Rat_lodging_Ben,261.29,10.0,6.0,-9.4,1024.0,4.6,16,2,11,327,32516.0,1949.0,Mixed
2016-11-22 17:00:00,Rat_lodging_Ben,257.42,8.9,6.0,-8.9,1024.5,5.7,17,2,11,327,32516.0,1949.0,Mixed
2016-11-22 18:00:00,Rat_lodging_Ben,249.88,8.3,6.0,-8.3,1025.2,5.7,18,2,11,327,32516.0,1949.0,Mixed
2016-11-22 19:00:00,Rat_lodging_Ben,236.32,6.7,6.0,-8.3,1025.3,6.2,19,2,11,327,32516.0,1949.0,Mixed
2016-11-22 20:00:00,Rat_lodging_Ben,233.3,5.6,6.0,-7.2,1026.0,5.1,20,2,11,327,32516.0,1949.0,Mixed
2016-11-22 21:00:00,Rat_lodging_Ben,229.95,5.6,6.0,-6.1,1026.9,5.1,21,2,11,327,32516.0,1949.0,Mixed
2016-11-22 22:00:00,Rat_lodging_Ben,226.82,5.0,6.0,-6.1,1027.0,4.1,22,2,11,327,32516.0,1949.0,Mixed
2016-11-22 23:00:00,Rat_lodging_Ben,226.91,3.9,2.0,-6.1,1027.1,4.6,23,2,11,327,32516.0,1949.0,Mixed
2016-11-23 00:00:00,Rat_lodging_Ben,230.6,3.9,4.0,-6.1,1027.2,3.1,0,3,11,328,32516.0,1949.0,Mixed
2016-11-23 01:00:00,Rat_lodging_Ben,245.26,3.3,2.0,-6.1,1027.1,3.1,1,3,11,328,32516.0,1949.0,Mixed
2016-11-23 02:00:00,Rat_lodging_Ben,274.96,2.2,2.0,-6.1,1027.3,1.5,2,3,11,328,32516.0,1949.0,Mixed
2016-11-23 03:00:00,Rat_lodging_Ben,286.0,1.7,2.0,-6.1,1027.2,0.0,3,3,11,328,32516.0,1949.0,Mixed
2016-11-23 04:00:00,Rat_lodging_Ben,284.83,1.7,2.0,-4.4,1027.0,0.0,4,3,11,328,32516.0,1949.0,Mixed
2016-11-23 05:00:00,Rat_lodging_Ben,291.74,2.2,2.0,-4.4,1027.8,0.0,5,3,11,328,32516.0,1949.0,Mixed
2016-11-23 06:00:00,Rat_lodging_Ben,290.21,2.2,2.0,-5.0,1027.8,0.0,6,3,11,328,32516.0,1949.0,Mixed
2016-11-23 07:00:00,Rat_lodging_Ben,289.26,1.7,2.0,-5.0,1028.2,0.0,7,3,11,328,32516.0,1949.0,Mixed
2016-11-23 08:00:00,Rat_lodging_Ben,282.82,3.3,2.0,-4.4,1028.4,0.0,8,3,11,328,32516.0,1949.0,Mixed
2016-11-23 09:00:00,Rat_lodging_Ben,277.39,4.4,2.0,-2.8,1028.7,0.0,9,3,11,328,32516.0,1949.0,Mixed
2016-11-23 10:00:00,Rat_lodging_Ben,276.82,6.7,2.0,-4.4,1029.0,0.0,10,3,11,328,32516.0,1949.0,Mixed
2016-11-23 11:00:00,Rat_lodging_Ben,277.49,7.8,4.0,-5.0,1028.5,0.0,11,3,11,328,32516.0,1949.0,Mixed
2016-11-23 12:00:00,Rat_lodging_Ben,274.96,8.3,4.0,-5.6,1027.4,1.5,12,3,11,328,32516.0,1949.0,Mixed
2016-11-23 13:00:00,Rat_lodging_Ben,273.4,9.4,4.0,-5.6,1026.5,2.1,13,3,11,328,32516.0,1949.0,Mixed
2016-11-23 14:00:00,Rat_lodging_Ben,269.65,10.6,4.0,-4.4,1025.7,3.6,14,3,11,328,32516.0,1949.0,Mixed
2016-11-23 15:00:00,Rat_lodging_Ben,274.79,10.0,4.0,-3.9,1025.3,4.1,15,3,11,328,32516.0,1949.0,Mixed
2016-11-23 16:00:00,Rat_lodging_Ben,263.13,10.0,6.0,-2.8,1025.4,3.6,16,3,11,328,32516.0,1949.0,Mixed
2016-11-23 17:00:00,Rat_lodging_Ben,261.18,10.0,6.0,-6.7,1024.9,2.6,17,3,11,328,32516.0,1949.0,Mixed
2016-11-23 18:00:00,Rat_lodging_Ben,239.13,10.0,6.0,-6.1,1025.4,2.6,18,3,11,328,32516.0,1949.0,Mixed
2016-11-23 19:00:00,Rat_lodging_Ben,234.59,8.9,6.0,-2.2,1025.0,2.1,19,3,11,328,32516.0,1949.0,Mixed
2016-11-23 20:00:00,Rat_lodging_Ben,229.15,8.9,5.0,-3.3,1025.4,2.1,20,3,11,328,32516.0,1949.0,Mixed
2016-11-23 21:00:00,Rat_lodging_Ben,224.97,8.3,4.0,-0.6,1025.4,0.0,21,3,11,328,32516.0,1949.0,Mixed
2016-11-23 22:00:00,Rat_lodging_Ben,222.87,8.3,6.0,-2.8,1025.2,1.5,22,3,11,328,32516.0,1949.0,Mixed
2016-11-23 23:00:00,Rat_lodging_Ben,222.65,7.8,6.0,-0.6,1024.9,0.0,23,3,11,328,32516.0,1949.0,Mixed
2016-11-24 00:00:00,Rat_lodging_Ben,221.5,7.2,6.0,1.7,1024.8,2.6,0,4,11,329,32516.0,1949.0,Mixed
2016-11-24 01:00:00,Rat_lodging_Ben,224.89,7.2,6.0,2.8,1024.6,2.1,1,4,11,329,32516.0,1949.0,Mixed
2016-11-24 02:00:00,Rat_lodging_Ben,247.32,6.7,6.666666666666667,2.8,1024.2,0.0,2,4,11,329,32516.0,1949.0,Mixed
2016-11-24 03:00:00,Rat_lodging_Ben,255.23,6.7,7.333333333333333,2.8,1024.2,0.0,3,4,11,329,32516.0,1949.0,Mixed
2016-11-24 04:00:00,Rat_lodging_Ben,261.91,6.7,8.0,2.8,1023.4,2.1,4,4,11,329,32516.0,1949.0,Mixed
2016-11-24 05:00:00,Rat_lodging_Ben,269.11,7.2,8.0,2.8,1023.3,0.0,5,4,11,329,32516.0,1949.0,Mixed
2016-11-24 06:00:00,Rat_lodging_Ben,270.83,7.2,8.0,3.3,1023.2,0.0,6,4,11,329,32516.0,1949.0,Mixed
2016-11-24 07:00:00,Rat_lodging_Ben,267.62,7.2,8.0,3.3,1023.1,0.0,7,4,11,329,32516.0,1949.0,Mixed
2016-11-24 08:00:00,Rat_lodging_Ben,260.51,7.8,8.0,2.8,1023.2,1.5,8,4,11,329,32516.0,1949.0,Mixed
2016-11-24 09:00:00,Rat_lodging_Ben,250.4,8.3,8.0,2.2,1023.4,2.6,9,4,11,329,32516.0,1949.0,Mixed
2016-11-24 10:00:00,Rat_lodging_Ben,254.21,8.9,8.0,2.2,1023.5,1.5,10,4,11,329,32516.0,1949.0,Mixed
2016-11-24 11:00:00,Rat_lodging_Ben,245.19,10.6,7.333333333333333,1.7,1023.1,2.6,11,4,11,329,32516.0,1949.0,Mixed
2016-11-24 12:00:00,Rat_lodging_Ben,254.83,11.7,6.666666666666667,1.7,1022.0,2.1,12,4,11,329,32516.0,1949.0,Mixed
2016-11-24 13:00:00,Rat_lodging_Ben,248.25,12.8,6.0,1.1,1021.4,0.0,13,4,11,329,32516.0,1949.0,Mixed
2016-11-24 14:00:00,Rat_lodging_Ben,247.16,13.9,6.0,1.1,1021.0,1.5,14,4,11,329,32516.0,1949.0,Mixed
2016-11-24 15:00:00,Rat_lodging_Ben,252.99,13.3,6.0,2.2,1021.0,1.5,15,4,11,329,32516.0,1949.0,Mixed
2016-11-24 16:00:00,Rat_lodging_Ben,250.84,13.9,6.0,2.8,1021.3,2.1,16,4,11,329,32516.0,1949.0,Mixed
2016-11-24 17:00:00,Rat_lodging_Ben,246.24,13.3,6.0,1.7,1021.6,0.0,17,4,11,329,32516.0,1949.0,Mixed
2016-11-24 18:00:00,Rat_lodging_Ben,232.53,12.8,6.0,2.2,1022.6,1.5,18,4,11,329,32516.0,1949.0,Mixed
2016-11-24 19:00:00,Rat_lodging_Ben,226.44,11.1,6.0,3.9,1023.3,0.0,19,4,11,329,32516.0,1949.0,Mixed
2016-11-24 20:00:00,Rat_lodging_Ben,228.37,10.0,5.0,3.3,1023.6,2.6,20,4,11,329,32516.0,1949.0,Mixed
2016-11-24 21:00:00,Rat_lodging_Ben,222.08,10.0,4.0,3.3,1023.6,0.0,21,4,11,329,32516.0,1949.0,Mixed
2016-11-24 22:00:00,Rat_lodging_Ben,217.5,8.3,6.0,5.0,1023.7,0.0,22,4,11,329,32516.0,1949.0,Mixed
2016-11-24 23:00:00,Rat_lodging_Ben,217.25,7.8,2.0,4.4,1023.7,0.0,23,4,11,329,32516.0,1949.0,Mixed
2016-11-25 00:00:00,Rat_lodging_Ben,217.92,7.8,4.0,6.1,1023.9,0.0,0,5,11,330,32516.0,1949.0,Mixed
2016-11-25 01:00:00,Rat_lodging_Ben,227.84,7.8,4.0,4.4,1023.8,0.0,1,5,11,330,32516.0,1949.0,Mixed
2016-11-25 02:00:00,Rat_lodging_Ben,241.66,7.2,4.666666666666667,5.0,1024.3,2.1,2,5,11,330,32516.0,1949.0,Mixed
2016-11-25 03:00:00,Rat_lodging_Ben,254.68,6.7,5.333333333333333,3.9,1024.6,2.1,3,5,11,330,32516.0,1949.0,Mixed
2016-11-25 04:00:00,Rat_lodging_Ben,260.75,7.2,6.0,3.9,1024.4,0.0,4,5,11,330,32516.0,1949.0,Mixed
2016-11-25 05:00:00,Rat_lodging_Ben,255.48,7.8,6.666666666666667,4.4,1024.3,0.0,5,5,11,330,32516.0,1949.0,Mixed
2016-11-25 06:00:00,Rat_lodging_Ben,257.43,7.8,7.333333333333333,5.6,1024.2,0.0,6,5,11,330,32516.0,1949.0,Mixed
2016-11-25 07:00:00,Rat_lodging_Ben,260.34,8.3,8.0,5.6,1024.8,2.6,7,5,11,330,32516.0,1949.0,Mixed
2016-11-25 08:00:00,Rat_lodging_Ben,269.98,8.3,8.0,5.0,1025.1,1.5,8,5,11,330,32516.0,1949.0,Mixed
2016-11-25 09:00:00,Rat_lodging_Ben,275.06,8.9,8.0,5.6,1024.9,2.1,9,5,11,330,32516.0,1949.0,Mixed
2016-11-25 10:00:00,Rat_lodging_Ben,272.06,10.0,8.0,5.6,1025.1,0.0,10,5,11,330,32516.0,1949.0,Mixed
2016-11-25 11:00:00,Rat_lodging_Ben,270.67,11.1,8.0,6.1,1024.3,2.6,11,5,11,330,32516.0,1949.0,Mixed
2016-11-25 12:00:00,Rat_lodging_Ben,264.17,12.8,8.0,6.7,1023.3,2.1,12,5,11,330,32516.0,1949.0,Mixed
2016-11-25 13:00:00,Rat_lodging_Ben,266.39,13.3,8.0,7.2,1022.5,0.0,13,5,11,330,32516.0,1949.0,Mixed
2016-11-25 14:00:00,Rat_lodging_Ben,266.31,13.3,8.0,7.2,1021.6,0.0,14,5,11,330,32516.0,1949.0,Mixed
2016-11-25 15:00:00,Rat_lodging_Ben,255.46,13.9,8.0,7.8,1021.1,0.0,15,5,11,330,32516.0,1949.0,Mixed
2016-11-25 16:00:00,Rat_lodging_Ben,258.45,13.9,8.0,7.8,1021.1,2.6,16,5,11,330,32516.0,1949.0,Mixed
2016-11-25 17:00:00,Rat_lodging_Ben,253.04,12.2,8.0,7.8,1021.2,3.6,17,5,11,330,32516.0,1949.0,Mixed
2016-11-25 18:00:00,Rat_lodging_Ben,235.78,11.1,8.0,7.2,1021.6,3.1,18,5,11,330,32516.0,1949.0,Mixed
2016-11-25 19:00:00,Rat_lodging_Ben,225.61,11.7,8.0,7.2,1021.8,1.5,19,5,11,330,32516.0,1949.0,Mixed
2016-11-25 20:00:00,Rat_lodging_Ben,228.97,10.6,8.0,6.7,1021.6,2.1,20,5,11,330,32516.0,1949.0,Mixed
2016-11-25 21:00:00,Rat_lodging_Ben,223.3,9.4,8.0,6.7,1021.9,3.6,21,5,11,330,32516.0,1949.0,Mixed
2016-11-25 22:00:00,Rat_lodging_Ben,220.69,9.4,8.0,6.7,1022.0,2.6,22,5,11,330,32516.0,1949.0,Mixed
2016-11-25 23:00:00,Rat_lodging_Ben,219.87,10.0,8.0,6.7,1022.0,1.5,23,5,11,330,32516.0,1949.0,Mixed
2016-11-26 00:00:00,Rat_lodging_Ben,220.02,10.0,8.0,6.7,1022.1,3.6,0,6,11,331,32516.0,1949.0,Mixed
2016-11-26 01:00:00,Rat_lodging_Ben,225.19,10.0,8.0,6.1,1021.9,3.6,1,6,11,331,32516.0,1949.0,Mixed
2016-11-26 02:00:00,Rat_lodging_Ben,243.62,9.4,6.666666666666667,5.0,1021.7,5.7,2,6,11,331,32516.0,1949.0,Mixed
2016-11-26 03:00:00,Rat_lodging_Ben,258.67,9.4,5.333333333333334,5.0,1021.7,5.7,3,6,11,331,32516.0,1949.0,Mixed
2016-11-26 04:00:00,Rat_lodging_Ben,266.18,7.8,4.0,3.9,1021.4,3.1,4,6,11,331,32516.0,1949.0,Mixed
2016-11-26 05:00:00,Rat_lodging_Ben,271.22,7.8,4.0,3.3,1021.6,3.6,5,6,11,331,32516.0,1949.0,Mixed
2016-11-26 06:00:00,Rat_lodging_Ben,268.44,6.7,4.0,2.8,1022.0,3.6,6,6,11,331,32516.0,1949.0,Mixed
2016-11-26 07:00:00,Rat_lodging_Ben,262.48,5.6,2.0,1.7,1022.5,3.1,7,6,11,331,32516.0,1949.0,Mixed
2016-11-26 08:00:00,Rat_lodging_Ben,256.66,7.2,3.0,0.6,1023.3,5.7,8,6,11,331,32516.0,1949.0,Mixed
2016-11-26 09:00:00,Rat_lodging_Ben,259.74,8.3,4.0,-1.1,1023.6,8.2,9,6,11,331,32516.0,1949.0,Mixed
2016-11-26 10:00:00,Rat_lodging_Ben,253.88,9.4,4.0,-1.1,1023.5,7.7,10,6,11,331,32516.0,1949.0,Mixed
2016-11-26 11:00:00,Rat_lodging_Ben,251.38,10.0,4.666666666666667,-1.1,1023.5,8.8,11,6,11,331,32516.0,1949.0,Mixed
2016-11-26 12:00:00,Rat_lodging_Ben,242.99,10.0,5.333333333333333,-1.1,1023.1,8.2,12,6,11,331,32516.0,1949.0,Mixed
2016-11-26 13:00:00,Rat_lodging_Ben,240.82,10.6,6.0,-1.1,1022.1,8.8,13,6,11,331,32516.0,1949.0,Mixed
2016-11-26 14:00:00,Rat_lodging_Ben,239.08,10.0,6.0,-0.6,1021.9,7.2,14,6,11,331,32516.0,1949.0,Mixed
2016-11-26 15:00:00,Rat_lodging_Ben,240.67,10.0,6.0,-1.1,1021.9,6.2,15,6,11,331,32516.0,1949.0,Mixed
2016-11-26 16:00:00,Rat_lodging_Ben,241.2,10.0,6.0,-1.7,1022.2,6.2,16,6,11,331,32516.0,1949.0,Mixed
2016-11-26 17:00:00,Rat_lodging_Ben,238.06,9.4,5.0,-1.7,1022.4,6.2,17,6,11,331,32516.0,1949.0,Mixed
2016-11-26 18:00:00,Rat_lodging_Ben,224.84,8.3,4.0,-1.7,1022.7,4.6,18,6,11,331,32516.0,1949.0,Mixed
2016-11-26 19:00:00,Rat_lodging_Ben,223.71,7.8,2.0,-1.1,1022.9,5.1,19,6,11,331,32516.0,1949.0,Mixed
2016-11-26 20:00:00,Rat_lodging_Ben,223.2,7.2,2.0,-1.1,1023.1,3.6,20,6,11,331,32516.0,1949.0,Mixed
2016-11-26 21:00:00,Rat_lodging_Ben,217.86,6.7,0.0,-1.1,1023.1,4.6,21,6,11,331,32516.0,1949.0,Mixed
2016-11-26 22:00:00,Rat_lodging_Ben,215.9,6.1,0.0,-0.6,1022.8,4.6,22,6,11,331,32516.0,1949.0,Mixed
2016-11-26 23:00:00,Rat_lodging_Ben,215.2,6.1,0.0,-0.6,1022.7,4.6,23,6,11,331,32516.0,1949.0,Mixed
2016-11-27 00:00:00,Rat_lodging_Ben,216.3,6.7,0.0,-1.1,1022.7,6.2,0,7,11,332,32516.0,1949.0,Mixed
2016-11-27 01:00:00,Rat_lodging_Ben,221.84,5.6,2.0,-1.1,1022.9,3.6,1,7,11,332,32516.0,1949.0,Mixed
2016-11-27 02:00:00,Rat_lodging_Ben,236.61,4.4,4.0,-1.7,1023.1,0.0,2,7,11,332,32516.0,1949.0,Mixed
2016-11-27 03:00:00,Rat_lodging_Ben,242.41,5.0,0.0,-1.7,1023.2,1.5,3,7,11,332,32516.0,1949.0,Mixed
2016-11-27 04:00:00,Rat_lodging_Ben,252.38,4.4,6.0,-1.7,1022.9,1.5,4,7,11,332,32516.0,1949.0,Mixed
2016-11-27 05:00:00,Rat_lodging_Ben,261.9,5.0,4.0,-3.3,1023.2,2.1,5,7,11,332,32516.0,1949.0,Mixed
2016-11-27 06:00:00,Rat_lodging_Ben,263.59,4.4,2.0,-3.3,1023.5,2.6,6,7,11,332,32516.0,1949.0,Mixed
2016-11-27 07:00:00,Rat_lodging_Ben,257.52,4.4,2.0,-2.8,1023.9,3.6,7,7,11,332,32516.0,1949.0,Mixed
2016-11-27 08:00:00,Rat_lodging_Ben,254.19,6.1,2.0,-2.8,1024.4,4.6,8,7,11,332,32516.0,1949.0,Mixed
2016-11-27 09:00:00,Rat_lodging_Ben,257.59,7.8,2.0,-2.8,1024.4,5.1,9,7,11,332,32516.0,1949.0,Mixed
2016-11-27 10:00:00,Rat_lodging_Ben,257.37,8.9,2.0,-2.8,1024.7,6.2,10,7,11,332,32516.0,1949.0,Mixed
2016-11-27 11:00:00,Rat_lodging_Ben,257.95,10.0,2.0,-2.2,1024.7,5.7,11,7,11,332,32516.0,1949.0,Mixed
2016-11-27 12:00:00,Rat_lodging_Ben,248.7,10.0,2.0,-2.2,1023.7,3.1,12,7,11,332,32516.0,1949.0,Mixed
2016-11-27 13:00:00,Rat_lodging_Ben,250.3,11.1,4.0,-2.2,1023.2,4.1,13,7,11,332,32516.0,1949.0,Mixed
2016-11-27 14:00:00,Rat_lodging_Ben,243.52,11.7,2.0,-2.8,1022.5,3.6,14,7,11,332,32516.0,1949.0,Mixed
2016-11-27 15:00:00,Rat_lodging_Ben,243.34,11.7,2.0,-2.8,1021.7,2.6,15,7,11,332,32516.0,1949.0,Mixed
2016-11-27 16:00:00,Rat_lodging_Ben,236.41,11.1,2.0,-2.8,1021.9,4.1,16,7,11,332,32516.0,1949.0,Mixed
2016-11-27 17:00:00,Rat_lodging_Ben,234.26,10.0,2.0,-2.8,1022.4,3.6,17,7,11,332,32516.0,1949.0,Mixed
2016-11-27 18:00:00,Rat_lodging_Ben,224.77,8.3,2.0,-2.2,1022.5,3.1,18,7,11,332,32516.0,1949.0,Mixed
2016-11-27 19:00:00,Rat_lodging_Ben,224.02,8.3,0.0,-1.7,1022.9,0.0,19,7,11,332,32516.0,1949.0,Mixed
2016-11-27 20:00:00,Rat_lodging_Ben,221.26,7.2,0.0,-1.1,1023.0,0.0,20,7,11,332,32516.0,1949.0,Mixed
2016-11-27 21:00:00,Rat_lodging_Ben,221.16,6.7,0.0,1.1,1022.8,0.0,21,7,11,332,32516.0,1949.0,Mixed
2016-11-27 22:00:00,Rat_lodging_Ben,217.0,4.4,0.0,-0.6,1022.8,2.6,22,7,11,332,32516.0,1949.0,Mixed
2016-11-27 23:00:00,Rat_lodging_Ben,216.05,5.0,0.0,1.1,1022.9,0.0,23,7,11,332,32516.0,1949.0,Mixed
2016-11-28 00:00:00,Rat_lodging_Ben,213.17,4.4,3.0,1.1,1023.0,0.0,0,1,11,333,32516.0,1949.0,Mixed
2016-11-28 01:00:00,Rat_lodging_Ben,237.54,3.9,6.0,-0.6,1022.8,0.0,1,1,11,333,32516.0,1949.0,Mixed
2016-11-28 02:00:00,Rat_lodging_Ben,273.54,3.3,5.333333333333333,-0.6,1023.1,0.0,2,1,11,333,32516.0,1949.0,Mixed
2016-11-28 03:00:00,Rat_lodging_Ben,284.17,3.3,4.666666666666667,-0.6,1022.8,0.0,3,1,11,333,32516.0,1949.0,Mixed
2016-11-28 04:00:00,Rat_lodging_Ben,288.03,2.2,4.0,0.6,1022.4,1.5,4,1,11,333,32516.0,1949.0,Mixed
2016-11-28 05:00:00,Rat_lodging_Ben,281.27,2.2,4.0,-0.6,1022.2,0.0,5,1,11,333,32516.0,1949.0,Mixed
2016-11-28 06:00:00,Rat_lodging_Ben,272.8,3.3,4.0,0.6,1022.2,0.0,6,1,11,333,32516.0,1949.0,Mixed
2016-11-28 07:00:00,Rat_lodging_Ben,278.67,3.3,6.0,0.6,1022.7,0.0,7,1,11,333,32516.0,1949.0,Mixed
2016-11-28 08:00:00,Rat_lodging_Ben,275.07,3.3,6.666666666666667,1.1,1022.6,0.0,8,1,11,333,32516.0,1949.0,Mixed
2016-11-28 09:00:00,Rat_lodging_Ben,274.78,5.6,7.333333333333333,1.7,1022.8,4.6,9,1,11,333,32516.0,1949.0,Mixed
2016-11-28 10:00:00,Rat_lodging_Ben,279.54,6.7,8.0,1.7,1022.9,4.6,10,1,11,333,32516.0,1949.0,Mixed
2016-11-28 11:00:00,Rat_lodging_Ben,280.55,8.3,8.0,0.6,1022.3,4.6,11,1,11,333,32516.0,1949.0,Mixed
2016-11-28 12:00:00,Rat_lodging_Ben,275.48,9.4,8.0,1.7,1021.7,3.1,12,1,11,333,32516.0,1949.0,Mixed
2016-11-28 13:00:00,Rat_lodging_Ben,271.17,10.0,8.0,1.7,1020.4,3.6,13,1,11,333,32516.0,1949.0,Mixed
2016-11-28 14:00:00,Rat_lodging_Ben,258.12,11.7,7.333333333333333,1.1,1019.6,5.1,14,1,11,333,32516.0,1949.0,Mixed
2016-11-28 15:00:00,Rat_lodging_Ben,254.28,11.1,6.666666666666667,0.6,1019.5,5.7,15,1,11,333,32516.0,1949.0,Mixed
2016-11-28 16:00:00,Rat_lodging_Ben,251.08,11.1,6.0,1.1,1018.9,3.6,16,1,11,333,32516.0,1949.0,Mixed
2016-11-28 17:00:00,Rat_lodging_Ben,242.08,10.0,6.0,1.1,1019.4,4.6,17,1,11,333,32516.0,1949.0,Mixed
2016-11-28 18:00:00,Rat_lodging_Ben,235.58,9.4,6.0,0.6,1019.2,3.6,18,1,11,333,32516.0,1949.0,Mixed
2016-11-28 19:00:00,Rat_lodging_Ben,224.17,9.4,6.0,1.1,1019.0,3.6,19,1,11,333,32516.0,1949.0,Mixed
2016-11-28 20:00:00,Rat_lodging_Ben,219.03,10.0,5.333333333333333,1.7,1019.4,4.6,20,1,11,333,32516.0,1949.0,Mixed
2016-11-28 21:00:00,Rat_lodging_Ben,217.85,9.4,4.666666666666667,2.2,1019.1,5.1,21,1,11,333,32516.0,1949.0,Mixed
2016-11-28 22:00:00,Rat_lodging_Ben,217.12,9.4,4.0,2.2,1018.7,4.6,22,1,11,333,32516.0,1949.0,Mixed
2016-11-28 23:00:00,Rat_lodging_Ben,217.14,9.4,5.333333333333333,2.8,1018.5,4.1,23,1,11,333,32516.0,1949.0,Mixed
2016-11-29 00:00:00,Rat_lodging_Ben,223.95,9.4,6.666666666666666,2.8,1017.6,3.1,0,2,11,334,32516.0,1949.0,Mixed
2016-11-29 01:00:00,Rat_lodging_Ben,238.63,9.4,8.0,3.9,1016.3,2.6,1,2,11,334,32516.0,1949.0,Mixed
2016-11-29 02:00:00,Rat_lodging_Ben,256.45,10.0,8.0,5.0,1016.3,0.0,2,2,11,334,32516.0,1949.0,Mixed
2016-11-29 03:00:00,Rat_lodging_Ben,260.33,10.0,8.0,5.0,1016.4,2.1,3,2,11,334,32516.0,1949.0,Mixed
2016-11-29 04:00:00,Rat_lodging_Ben,276.65,9.4,8.0,6.1,1015.3,2.6,4,2,11,334,32516.0,1949.0,Mixed
2016-11-29 05:00:00,Rat_lodging_Ben,283.84,8.9,8.0,7.2,1014.9,0.0,5,2,11,334,32516.0,1949.0,Mixed
2016-11-29 06:00:00,Rat_lodging_Ben,286.36,8.9,8.0,7.8,1014.2,0.0,6,2,11,334,32516.0,1949.0,Mixed
2016-11-29 07:00:00,Rat_lodging_Ben,285.49,11.1,8.0,10.0,1013.7,0.0,7,2,11,334,32516.0,1949.0,Mixed
2016-11-29 08:00:00,Rat_lodging_Ben,286.97,14.4,8.0,11.7,1013.1,6.2,8,2,11,334,32516.0,1949.0,Mixed
2016-11-29 09:00:00,Rat_lodging_Ben,279.8,13.9,8.0,12.2,1013.0,5.1,9,2,11,334,32516.0,1949.0,Mixed
2016-11-29 10:00:00,Rat_lodging_Ben,281.22,13.9,8.0,12.2,1012.6,6.7,10,2,11,334,32516.0,1949.0,Mixed
2016-11-29 11:00:00,Rat_lodging_Ben,279.4,14.4,8.0,13.3,1011.7,5.1,11,2,11,334,32516.0,1949.0,Mixed
2016-11-29 12:00:00,Rat_lodging_Ben,275.78,14.4,8.0,13.3,1010.0,4.6,12,2,11,334,32516.0,1949.0,Mixed
2016-11-29 13:00:00,Rat_lodging_Ben,273.64,17.2,8.0,14.4,1009.8,4.1,13,2,11,334,32516.0,1949.0,Mixed
2016-11-29 14:00:00,Rat_lodging_Ben,269.97,13.9,8.0,13.3,1009.0,1.5,14,2,11,334,32516.0,1949.0,Mixed
2016-11-29 15:00:00,Rat_lodging_Ben,269.91,14.4,8.0,13.9,1009.4,0.0,15,2,11,334,32516.0,1949.0,Mixed
2016-11-29 16:00:00,Rat_lodging_Ben,261.83,15.0,8.0,14.4,1010.0,1.5,16,2,11,334,32516.0,1949.0,Mixed
2016-11-29 17:00:00,Rat_lodging_Ben,253.0,14.4,8.0,13.9,1010.1,2.1,17,2,11,334,32516.0,1949.0,Mixed
2016-11-29 18:00:00,Rat_lodging_Ben,237.81,14.4,8.0,14.4,1010.9,0.0,18,2,11,334,32516.0,1949.0,Mixed
2016-11-29 19:00:00,Rat_lodging_Ben,229.9,13.9,8.0,13.9,1011.3,3.6,19,2,11,334,32516.0,1949.0,Mixed
2016-11-29 20:00:00,Rat_lodging_Ben,223.83,14.4,7.333333333333333,13.9,1012.5,1.5,20,2,11,334,32516.0,1949.0,Mixed
2016-11-29 21:00:00,Rat_lodging_Ben,221.93,13.3,6.666666666666667,13.3,1012.7,0.0,21,2,11,334,32516.0,1949.0,Mixed
2016-11-29 22:00:00,Rat_lodging_Ben,222.32,12.8,6.0,12.8,1013.1,1.5,22,2,11,334,32516.0,1949.0,Mixed
2016-11-29 23:00:00,Rat_lodging_Ben,233.76,12.2,6.666666666666667,12.2,1013.1500000000001,0.0,23,2,11,334,32516.0,1949.0,Mixed
2016-11-30 00:00:00,Rat_lodging_Ben,237.44,13.3,7.333333333333333,13.3,1013.2,1.5,0,3,11,335,32516.0,1949.0,Mixed
2016-11-30 01:00:00,Rat_lodging_Ben,258.52,13.9,8.0,13.9,1012.7,0.0,1,3,11,335,32516.0,1949.0,Mixed
2016-11-30 02:00:00,Rat_lodging_Ben,295.59,13.9,8.0,13.9,1012.5333333333334,0.0,2,3,11,335,32516.0,1949.0,Mixed
2016-11-30 03:00:00,Rat_lodging_Ben,293.44,12.8,8.0,12.8,1012.3666666666667,2.1,3,3,11,335,32516.0,1949.0,Mixed
2016-11-30 04:00:00,Rat_lodging_Ben,306.17,13.3,8.0,13.3,1012.2,2.1,4,3,11,335,32516.0,1949.0,Mixed
2016-11-30 05:00:00,Rat_lodging_Ben,311.44,13.9,8.0,13.9,1012.0,1.5,5,3,11,335,32516.0,1949.0,Mixed
2016-11-30 06:00:00,Rat_lodging_Ben,313.71,13.9,8.0,13.9,1012.6,0.0,6,3,11,335,32516.0,1949.0,Mixed
2016-11-30 07:00:00,Rat_lodging_Ben,318.29,13.9,8.0,13.9,1012.0,2.1,7,3,11,335,32516.0,1949.0,Mixed
2016-11-30 08:00:00,Rat_lodging_Ben,313.77,15.0,8.0,15.0,1011.3,2.1,8,3,11,335,32516.0,1949.0,Mixed
2016-11-30 09:00:00,Rat_lodging_Ben,312.57,15.6,8.0,15.6,1010.6,5.7,9,3,11,335,32516.0,1949.0,Mixed
2016-11-30 10:00:00,Rat_lodging_Ben,313.12,16.7,8.0,16.7,1009.9,2.6,10,3,11,335,32516.0,1949.0,Mixed
2016-11-30 11:00:00,Rat_lodging_Ben,299.52,17.2,8.0,17.2,1008.9,4.1,11,3,11,335,32516.0,1949.0,Mixed
2016-11-30 12:00:00,Rat_lodging_Ben,295.17,17.8,8.0,17.8,1007.3,4.1,12,3,11,335,32516.0,1949.0,Mixed
2016-11-30 13:00:00,Rat_lodging_Ben,288.61,20.0,8.0,18.9,1006.8,3.1,13,3,11,335,32516.0,1949.0,Mixed
2016-11-30 14:00:00,Rat_lodging_Ben,279.23,19.4,7.333333333333333,17.8,1006.1,3.6,14,3,11,335,32516.0,1949.0,Mixed
2016-11-30 15:00:00,Rat_lodging_Ben,266.81,19.4,6.666666666666667,17.8,1006.1,3.1,15,3,11,335,32516.0,1949.0,Mixed
2016-11-30 16:00:00,Rat_lodging_Ben,267.35,18.9,6.0,17.2,1006.0,3.6,16,3,11,335,32516.0,1949.0,Mixed
2016-11-30 17:00:00,Rat_lodging_Ben,259.81,17.8,6.666666666666667,16.1,1005.4,3.1,17,3,11,335,32516.0,1949.0,Mixed
2016-11-30 18:00:00,Rat_lodging_Ben,245.09,18.3,7.333333333333333,16.1,1004.4,3.1,18,3,11,335,32516.0,1949.0,Mixed
2016-11-30 19:00:00,Rat_lodging_Ben,235.88,16.7,8.0,14.4,1004.3,5.7,19,3,11,335,32516.0,1949.0,Mixed
2016-11-30 20:00:00,Rat_lodging_Ben,232.12,15.6,8.0,13.9,1003.6,3.1,20,3,11,335,32516.0,1949.0,Mixed
2016-11-30 21:00:00,Rat_lodging_Ben,225.1,15.0,8.0,13.9,1002.1,3.6,21,3,11,335,32516.0,1949.0,Mixed
2016-11-30 22:00:00,Rat_lodging_Ben,221.19,15.6,8.0,15.0,1001.4,2.6,22,3,11,335,32516.0,1949.0,Mixed
2016-11-30 23:00:00,Rat_lodging_Ben,223.6,16.1,4.0,16.1,1001.15,4.6,23,3,11,335,32516.0,1949.0,Mixed
2016-12-01 00:00:00,Rat_lodging_Ben,226.44,16.7,6.0,16.1,1000.9,4.6,0,4,12,336,32516.0,1949.0,Mixed
2016-12-01 01:00:00,Rat_lodging_Ben,242.14,16.7,8.0,16.1,1001.1,4.1,1,4,12,336,32516.0,1949.0,Mixed
2016-12-01 02:00:00,Rat_lodging_Ben,264.54,14.4,6.666666666666667,13.3,1003.2,3.1,2,4,12,336,32516.0,1949.0,Mixed
2016-12-01 03:00:00,Rat_lodging_Ben,273.4,14.4,5.333333333333334,10.6,1003.6,5.1,3,4,12,336,32516.0,1949.0,Mixed
2016-12-01 04:00:00,Rat_lodging_Ben,278.29,13.3,4.0,7.2,1004.3,4.6,4,4,12,336,32516.0,1949.0,Mixed
2016-12-01 05:00:00,Rat_lodging_Ben,278.96,12.8,0.0,5.6,1005.2,5.7,5,4,12,336,32516.0,1949.0,Mixed
2016-12-01 06:00:00,Rat_lodging_Ben,278.29,12.2,0.0,5.0,1006.0,0.0,6,4,12,336,32516.0,1949.0,Mixed
2016-12-01 07:00:00,Rat_lodging_Ben,287.2,11.7,2.0,4.4,1007.0,3.6,7,4,12,336,32516.0,1949.0,Mixed
2016-12-01 08:00:00,Rat_lodging_Ben,282.1,11.7,2.0,3.9,1007.9,5.7,8,4,12,336,32516.0,1949.0,Mixed
2016-12-01 09:00:00,Rat_lodging_Ben,281.78,11.7,0.0,2.8,1008.8,5.7,9,4,12,336,32516.0,1949.0,Mixed
2016-12-01 10:00:00,Rat_lodging_Ben,285.23,12.2,0.0,2.2,1009.2,5.7,10,4,12,336,32516.0,1949.0,Mixed
2016-12-01 11:00:00,Rat_lodging_Ben,285.74,12.8,2.0,1.7,1009.2,4.6,11,4,12,336,32516.0,1949.0,Mixed
2016-12-01 12:00:00,Rat_lodging_Ben,278.34,13.3,2.0,1.1,1008.7,6.2,12,4,12,336,32516.0,1949.0,Mixed
2016-12-01 13:00:00,Rat_lodging_Ben,271.98,14.4,4.0,1.7,1008.3,5.7,13,4,12,336,32516.0,1949.0,Mixed
2016-12-01 14:00:00,Rat_lodging_Ben,268.37,15.0,4.0,1.1,1008.4,5.7,14,4,12,336,32516.0,1949.0,Mixed
2016-12-01 15:00:00,Rat_lodging_Ben,266.92,14.4,4.0,0.0,1008.7,6.7,15,4,12,336,32516.0,1949.0,Mixed
2016-12-01 16:00:00,Rat_lodging_Ben,262.08,12.8,4.0,0.6,1009.9,7.2,16,4,12,336,32516.0,1949.0,Mixed
2016-12-01 17:00:00,Rat_lodging_Ben,253.4,10.6,2.0,0.0,1011.0,7.7,17,4,12,336,32516.0,1949.0,Mixed
2016-12-01 18:00:00,Rat_lodging_Ben,238.12,10.0,2.0,-1.1,1012.0,8.2,18,4,12,336,32516.0,1949.0,Mixed
2016-12-01 19:00:00,Rat_lodging_Ben,225.87,9.4,2.0,-1.1,1012.5,5.7,19,4,12,336,32516.0,1949.0,Mixed
2016-12-01 20:00:00,Rat_lodging_Ben,226.03,8.9,2.0,-0.6,1013.2,8.2,20,4,12,336,32516.0,1949.0,Mixed
2016-12-01 21:00:00,Rat_lodging_Ben,219.89,8.3,2.0,-1.7,1013.6,7.2,21,4,12,336,32516.0,1949.0,Mixed
2016-12-01 22:00:00,Rat_lodging_Ben,215.47,8.3,6.0,-1.1,1014.5,2.1,22,4,12,336,32516.0,1949.0,Mixed
2016-12-01 23:00:00,Rat_lodging_Ben,218.85,8.9,6.666666666666667,-1.1,1014.7,1.5,23,4,12,336,32516.0,1949.0,Mixed
2016-12-02 00:00:00,Rat_lodging_Ben,216.02,8.9,7.333333333333333,-1.7,1015.3,4.6,0,5,12,337,32516.0,1949.0,Mixed
2016-12-02 01:00:00,Rat_lodging_Ben,231.0,8.9,8.0,-1.7,1015.3,5.1,1,5,12,337,32516.0,1949.0,Mixed
2016-12-02 02:00:00,Rat_lodging_Ben,259.32,8.3,6.0,-2.2,1016.0,4.6,2,5,12,337,32516.0,1949.0,Mixed
2016-12-02 03:00:00,Rat_lodging_Ben,273.0,8.3,4.0,-2.2,1016.3,5.1,3,5,12,337,32516.0,1949.0,Mixed
2016-12-02 04:00:00,Rat_lodging_Ben,273.84,7.2,2.0,-2.8,1016.2,4.1,4,5,12,337,32516.0,1949.0,Mixed
2016-12-02 05:00:00,Rat_lodging_Ben,277.09,6.7,2.0,-2.8,1016.5,3.6,5,5,12,337,32516.0,1949.0,Mixed
2016-12-02 06:00:00,Rat_lodging_Ben,275.62,7.2,4.0,-2.8,1016.9,2.6,6,5,12,337,32516.0,1949.0,Mixed
2016-12-02 07:00:00,Rat_lodging_Ben,275.75,7.2,6.0,-2.8,1017.7,4.6,7,5,12,337,32516.0,1949.0,Mixed
2016-12-02 08:00:00,Rat_lodging_Ben,272.84,7.8,6.0,-2.8,1018.2,3.1,8,5,12,337,32516.0,1949.0,Mixed
2016-12-02 09:00:00,Rat_lodging_Ben,271.54,9.4,6.0,-2.2,1018.4,4.6,9,5,12,337,32516.0,1949.0,Mixed
2016-12-02 10:00:00,Rat_lodging_Ben,266.73,9.4,6.0,-2.2,1018.8,6.7,10,5,12,337,32516.0,1949.0,Mixed
2016-12-02 11:00:00,Rat_lodging_Ben,269.14,10.6,4.0,-2.2,1018.5,7.2,11,5,12,337,32516.0,1949.0,Mixed
2016-12-02 12:00:00,Rat_lodging_Ben,272.9,10.6,2.0,-2.2,1017.7,6.7,12,5,12,337,32516.0,1949.0,Mixed
2016-12-02 13:00:00,Rat_lodging_Ben,267.37,12.2,4.0,-1.1,1016.9,6.7,13,5,12,337,32516.0,1949.0,Mixed
2016-12-02 14:00:00,Rat_lodging_Ben,262.19,12.2,4.0,-1.1,1016.8,7.7,14,5,12,337,32516.0,1949.0,Mixed
2016-12-02 15:00:00,Rat_lodging_Ben,258.29,11.1,2.0,-1.1,1017.1,7.2,15,5,12,337,32516.0,1949.0,Mixed
2016-12-02 16:00:00,Rat_lodging_Ben,253.73,10.0,4.0,-1.1,1017.5,4.1,16,5,12,337,32516.0,1949.0,Mixed
2016-12-02 17:00:00,Rat_lodging_Ben,246.83,8.9,4.0,-1.7,1018.1,8.8,17,5,12,337,32516.0,1949.0,Mixed
2016-12-02 18:00:00,Rat_lodging_Ben,234.07,7.8,4.0,-1.7,1018.7,6.7,18,5,12,337,32516.0,1949.0,Mixed
2016-12-02 19:00:00,Rat_lodging_Ben,224.82,7.8,6.0,-2.2,1019.7,6.7,19,5,12,337,32516.0,1949.0,Mixed
2016-12-02 20:00:00,Rat_lodging_Ben,221.59,7.8,6.0,-2.2,1020.1,7.2,20,5,12,337,32516.0,1949.0,Mixed
2016-12-02 21:00:00,Rat_lodging_Ben,218.37,7.2,6.0,-2.2,1020.2,5.7,21,5,12,337,32516.0,1949.0,Mixed
2016-12-02 22:00:00,Rat_lodging_Ben,214.99,7.2,6.0,-2.8,1020.2,7.7,22,5,12,337,32516.0,1949.0,Mixed
2016-12-02 23:00:00,Rat_lodging_Ben,216.01,7.2,6.0,-3.3,1020.4,5.7,23,5,12,337,32516.0,1949.0,Mixed
2016-12-03 00:00:00,Rat_lodging_Ben,217.16,7.2,6.0,-3.3,1020.5,3.6,0,6,12,338,32516.0,1949.0,Mixed
2016-12-03 02:00:00,Rat_lodging_Ben,239.83,7.2,6.0,-2.2,1020.8,4.6,2,6,12,338,32516.0,1949.0,Mixed
2016-12-03 03:00:00,Rat_lodging_Ben,253.78,7.2,6.0,-1.7,1020.5,5.7,3,6,12,338,32516.0,1949.0,Mixed
2016-12-03 04:00:00,Rat_lodging_Ben,263.36,7.2,6.0,-1.7,1020.6,4.1,4,6,12,338,32516.0,1949.0,Mixed
2016-12-03 05:00:00,Rat_lodging_Ben,266.67,7.2,2.0,-1.7,1021.1,5.7,5,6,12,338,32516.0,1949.0,Mixed
2016-12-03 06:00:00,Rat_lodging_Ben,266.22,6.7,0.0,-2.2,1021.6,5.1,6,6,12,338,32516.0,1949.0,Mixed
2016-12-03 07:00:00,Rat_lodging_Ben,275.96,6.1,2.0,-2.2,1022.3,5.7,7,6,12,338,32516.0,1949.0,Mixed
2016-12-03 08:00:00,Rat_lodging_Ben,263.82,6.1,4.0,-1.7,1023.0,5.7,8,6,12,338,32516.0,1949.0,Mixed
2016-12-03 09:00:00,Rat_lodging_Ben,260.47,7.2,4.0,-2.2,1023.7,6.7,9,6,12,338,32516.0,1949.0,Mixed
2016-12-03 10:00:00,Rat_lodging_Ben,251.77,8.3,4.0,-1.7,1024.0,7.2,10,6,12,338,32516.0,1949.0,Mixed
2016-12-03 11:00:00,Rat_lodging_Ben,248.08,9.4,4.0,-1.1,1023.8,5.1,11,6,12,338,32516.0,1949.0,Mixed
2016-12-03 12:00:00,Rat_lodging_Ben,248.0,10.0,4.0,-1.1,1023.5,6.7,12,6,12,338,32516.0,1949.0,Mixed
2016-12-03 13:00:00,Rat_lodging_Ben,246.1,10.0,6.0,-1.1,1022.8,7.2,13,6,12,338,32516.0,1949.0,Mixed
2016-12-03 14:00:00,Rat_lodging_Ben,244.9,10.0,5.0,-1.7,1022.3,7.7,14,6,12,338,32516.0,1949.0,Mixed
2016-12-03 15:00:00,Rat_lodging_Ben,238.81,9.4,4.0,-1.7,1023.3,7.2,15,6,12,338,32516.0,1949.0,Mixed
2016-12-03 16:00:00,Rat_lodging_Ben,239.7,8.9,4.0,-1.7,1024.3,8.2,16,6,12,338,32516.0,1949.0,Mixed
2016-12-03 17:00:00,Rat_lodging_Ben,240.39,7.8,4.666666666666667,-1.7,1023.7,8.2,17,6,12,338,32516.0,1949.0,Mixed
2016-12-03 18:00:00,Rat_lodging_Ben,232.31,7.2,5.333333333333333,-2.2,1024.3,7.2,18,6,12,338,32516.0,1949.0,Mixed
2016-12-03 19:00:00,Rat_lodging_Ben,224.19,6.7,6.0,-1.7,1024.7,5.1,19,6,12,338,32516.0,1949.0,Mixed
2016-12-03 20:00:00,Rat_lodging_Ben,218.66,6.7,6.0,-1.7,1024.5,5.7,20,6,12,338,32516.0,1949.0,Mixed
2016-12-03 21:00:00,Rat_lodging_Ben,216.78,6.1,6.0,-1.7,1024.6,6.7,21,6,12,338,32516.0,1949.0,Mixed
2016-12-03 22:00:00,Rat_lodging_Ben,214.8,6.1,6.0,-1.7,1025.2,5.7,22,6,12,338,32516.0,1949.0,Mixed
2016-12-03 23:00:00,Rat_lodging_Ben,215.08,5.6,5.333333333333333,-1.7,1025.8,3.1,23,6,12,338,32516.0,1949.0,Mixed
2016-12-04 00:00:00,Rat_lodging_Ben,213.75,5.6,4.666666666666667,-1.7,1026.0,4.1,0,7,12,339,32516.0,1949.0,Mixed
2016-12-04 01:00:00,Rat_lodging_Ben,222.86,5.0,4.0,-2.2,1025.7,3.1,1,7,12,339,32516.0,1949.0,Mixed
2016-12-04 02:00:00,Rat_lodging_Ben,236.58,4.4,4.0,-2.2,1025.6,3.1,2,7,12,339,32516.0,1949.0,Mixed
2016-12-04 03:00:00,Rat_lodging_Ben,250.18,4.4,4.0,-2.2,1025.7,5.7,3,7,12,339,32516.0,1949.0,Mixed
2016-12-04 04:00:00,Rat_lodging_Ben,271.16,4.4,4.0,-2.8,1025.0,5.7,4,7,12,339,32516.0,1949.0,Mixed
2016-12-04 05:00:00,Rat_lodging_Ben,261.88,4.4,4.0,-2.8,1025.3,4.1,5,7,12,339,32516.0,1949.0,Mixed
2016-12-04 06:00:00,Rat_lodging_Ben,266.21,3.9,6.0,-2.8,1025.3,2.6,6,7,12,339,32516.0,1949.0,Mixed
2016-12-04 07:00:00,Rat_lodging_Ben,256.97,3.3,8.0,-2.2,1025.6,2.1,7,7,12,339,32516.0,1949.0,Mixed
2016-12-04 08:00:00,Rat_lodging_Ben,264.43,4.4,8.0,-2.2,1025.9,2.6,8,7,12,339,32516.0,1949.0,Mixed
2016-12-04 09:00:00,Rat_lodging_Ben,259.84,5.0,8.0,-1.7,1025.9,3.6,9,7,12,339,32516.0,1949.0,Mixed
2016-12-04 10:00:00,Rat_lodging_Ben,254.08,5.6,8.0,-1.7,1026.2,3.6,10,7,12,339,32516.0,1949.0,Mixed
2016-12-04 11:00:00,Rat_lodging_Ben,260.55,7.2,8.0,-1.1,1025.5,1.5,11,7,12,339,32516.0,1949.0,Mixed
2016-12-04 12:00:00,Rat_lodging_Ben,245.57,7.2,8.0,-0.6,1024.8,0.0,12,7,12,339,32516.0,1949.0,Mixed
2016-12-04 13:00:00,Rat_lodging_Ben,248.5,7.8,8.0,-1.1,1024.4,1.5,13,7,12,339,32516.0,1949.0,Mixed
2016-12-04 14:00:00,Rat_lodging_Ben,246.64,8.3,8.0,-1.1,1023.7,0.0,14,7,12,339,32516.0,1949.0,Mixed
2016-12-04 15:00:00,Rat_lodging_Ben,242.02,8.3,8.0,-1.1,1023.1,2.6,15,7,12,339,32516.0,1949.0,Mixed
2016-12-04 16:00:00,Rat_lodging_Ben,242.84,7.8,8.0,-1.1,1023.1,3.1,16,7,12,339,32516.0,1949.0,Mixed
2016-12-04 17:00:00,Rat_lodging_Ben,238.45,7.2,8.0,-1.1,1022.7,3.1,17,7,12,339,32516.0,1949.0,Mixed
2016-12-04 18:00:00,Rat_lodging_Ben,229.6,7.2,8.0,-0.6,1022.4,2.6,18,7,12,339,32516.0,1949.0,Mixed
2016-12-04 19:00:00,Rat_lodging_Ben,223.17,7.2,8.0,-0.6,1022.0,4.1,19,7,12,339,32516.0,1949.0,Mixed
2016-12-04 20:00:00,Rat_lodging_Ben,220.27,7.2,8.0,0.6,1021.4,5.1,20,7,12,339,32516.0,1949.0,Mixed
2016-12-04 21:00:00,Rat_lodging_Ben,216.36,6.7,8.0,1.1,1021.3,4.6,21,7,12,339,32516.0,1949.0,Mixed
2016-12-04 22:00:00,Rat_lodging_Ben,215.78,6.1,8.0,2.2,1020.6,4.1,22,7,12,339,32516.0,1949.0,Mixed
2016-12-04 23:00:00,Rat_lodging_Ben,213.05,5.6,8.0,2.8,1019.8,5.1,23,7,12,339,32516.0,1949.0,Mixed
2016-12-05 00:00:00,Rat_lodging_Ben,213.99,5.0,8.0,3.9,1018.6,4.6,0,1,12,340,32516.0,1949.0,Mixed
2016-12-05 01:00:00,Rat_lodging_Ben,225.32,4.4,8.0,3.9,1018.0,5.7,1,1,12,340,32516.0,1949.0,Mixed
2016-12-05 02:00:00,Rat_lodging_Ben,268.5,4.4,8.0,3.9,1017.75,4.1,2,1,12,340,32516.0,1949.0,Mixed
2016-12-05 03:00:00,Rat_lodging_Ben,286.23,5.0,8.0,3.9,1017.5,6.2,3,1,12,340,32516.0,1949.0,Mixed
2016-12-05 04:00:00,Rat_lodging_Ben,285.77,5.0,8.0,4.4,1016.8,5.7,4,1,12,340,32516.0,1949.0,Mixed
2016-12-05 05:00:00,Rat_lodging_Ben,285.45,5.0,8.0,4.4,1016.3,5.1,5,1,12,340,32516.0,1949.0,Mixed
2016-12-05 06:00:00,Rat_lodging_Ben,284.05,5.6,8.0,5.0,1016.2,3.6,6,1,12,340,32516.0,1949.0,Mixed
2016-12-05 07:00:00,Rat_lodging_Ben,278.36,5.6,8.0,5.0,1016.3,2.6,7,1,12,340,32516.0,1949.0,Mixed
2016-12-05 08:00:00,Rat_lodging_Ben,271.92,6.1,7.333333333333333,5.0,1016.3,2.1,8,1,12,340,32516.0,1949.0,Mixed
2016-12-05 09:00:00,Rat_lodging_Ben,272.22,6.7,6.666666666666667,5.0,1016.9,2.6,9,1,12,340,32516.0,1949.0,Mixed
2016-12-05 10:00:00,Rat_lodging_Ben,278.98,7.8,6.0,5.0,1017.2,1.5,10,1,12,340,32516.0,1949.0,Mixed
2016-12-05 11:00:00,Rat_lodging_Ben,275.58,8.3,2.0,5.6,1017.1,2.1,11,1,12,340,32516.0,1949.0,Mixed
2016-12-05 12:00:00,Rat_lodging_Ben,267.96,11.7,2.0,6.1,1016.7,4.6,12,1,12,340,32516.0,1949.0,Mixed
2016-12-05 13:00:00,Rat_lodging_Ben,265.8,12.8,4.0,3.3,1016.5,6.2,13,1,12,340,32516.0,1949.0,Mixed
2016-12-05 14:00:00,Rat_lodging_Ben,266.24,13.3,4.666666666666667,2.8,1016.8,5.1,14,1,12,340,32516.0,1949.0,Mixed
2016-12-05 15:00:00,Rat_lodging_Ben,259.34,13.3,5.333333333333333,2.8,1017.2,3.6,15,1,12,340,32516.0,1949.0,Mixed
2016-12-05 16:00:00,Rat_lodging_Ben,270.34,12.8,6.0,2.8,1017.2,3.1,16,1,12,340,32516.0,1949.0,Mixed
2016-12-05 17:00:00,Rat_lodging_Ben,254.35,10.6,6.0,2.2,1017.5,4.1,17,1,12,340,32516.0,1949.0,Mixed
2016-12-05 18:00:00,Rat_lodging_Ben,237.31,10.6,6.0,2.2,1018.0,2.6,18,1,12,340,32516.0,1949.0,Mixed
2016-12-05 19:00:00,Rat_lodging_Ben,224.22,10.0,6.0,2.2,1018.6,2.6,19,1,12,340,32516.0,1949.0,Mixed
2016-12-05 20:00:00,Rat_lodging_Ben,221.75,10.0,6.0,2.2,1019.2,3.6,20,1,12,340,32516.0,1949.0,Mixed
2016-12-05 21:00:00,Rat_lodging_Ben,216.16,8.9,6.0,1.7,1019.5,4.6,21,1,12,340,32516.0,1949.0,Mixed
2016-12-05 22:00:00,Rat_lodging_Ben,210.37,8.3,6.0,1.7,1019.9,3.1,22,1,12,340,32516.0,1949.0,Mixed
2016-12-05 23:00:00,Rat_lodging_Ben,213.64,7.8,6.666666666666667,0.6,1020.6,3.6,23,1,12,340,32516.0,1949.0,Mixed
2016-12-06 00:00:00,Rat_lodging_Ben,221.73,7.8,7.333333333333333,0.6,1020.7,3.6,0,2,12,341,32516.0,1949.0,Mixed
2016-12-06 01:00:00,Rat_lodging_Ben,237.1,7.2,8.0,0.0,1020.4,3.1,1,2,12,341,32516.0,1949.0,Mixed
2016-12-06 02:00:00,Rat_lodging_Ben,267.54,7.2,8.0,0.6,1019.9,4.1,2,2,12,341,32516.0,1949.0,Mixed
2016-12-06 03:00:00,Rat_lodging_Ben,267.18,6.7,8.0,0.6,1020.6,3.1,3,2,12,341,32516.0,1949.0,Mixed
2016-12-06 04:00:00,Rat_lodging_Ben,278.97,6.7,8.0,0.6,1019.6,4.1,4,2,12,341,32516.0,1949.0,Mixed
2016-12-06 05:00:00,Rat_lodging_Ben,285.12,6.1,8.0,0.6,1019.9,2.1,5,2,12,341,32516.0,1949.0,Mixed
2016-12-06 06:00:00,Rat_lodging_Ben,289.57,6.7,8.0,0.0,1020.0,2.6,6,2,12,341,32516.0,1949.0,Mixed
2016-12-06 07:00:00,Rat_lodging_Ben,290.92,6.7,8.0,0.6,1019.1,2.6,7,2,12,341,32516.0,1949.0,Mixed
2016-12-06 08:00:00,Rat_lodging_Ben,299.86,6.7,8.0,0.6,1019.7,2.1,8,2,12,341,32516.0,1949.0,Mixed
2016-12-06 09:00:00,Rat_lodging_Ben,288.74,6.7,8.0,0.6,1019.3,3.1,9,2,12,341,32516.0,1949.0,Mixed
2016-12-06 10:00:00,Rat_lodging_Ben,287.73,6.7,8.0,1.7,1019.2,3.1,10,2,12,341,32516.0,1949.0,Mixed
2016-12-06 11:00:00,Rat_lodging_Ben,291.5,6.1,8.0,2.8,1017.7,4.6,11,2,12,341,32516.0,1949.0,Mixed
2016-12-06 12:00:00,Rat_lodging_Ben,271.58,6.1,8.0,3.3,1016.4,3.6,12,2,12,341,32516.0,1949.0,Mixed
2016-12-06 13:00:00,Rat_lodging_Ben,261.34,5.6,8.0,3.3,1014.4,3.1,13,2,12,341,32516.0,1949.0,Mixed
2016-12-06 14:00:00,Rat_lodging_Ben,267.88,5.6,8.0,4.4,1011.4,6.7,14,2,12,341,32516.0,1949.0,Mixed
2016-12-06 15:00:00,Rat_lodging_Ben,262.58,5.6,8.0,5.0,1011.9,4.6,15,2,12,341,32516.0,1949.0,Mixed
2016-12-06 16:00:00,Rat_lodging_Ben,255.78,5.6,8.0,5.0,1009.9,7.7,16,2,12,341,32516.0,1949.0,Mixed
2016-12-06 17:00:00,Rat_lodging_Ben,244.14,6.1,8.0,5.0,1010.0,6.2,17,2,12,341,32516.0,1949.0,Mixed
2016-12-06 18:00:00,Rat_lodging_Ben,230.85,6.1,8.0,5.6,1010.2,5.7,18,2,12,341,32516.0,1949.0,Mixed
2016-12-06 19:00:00,Rat_lodging_Ben,221.08,6.7,8.0,6.1,1010.6,6.2,19,2,12,341,32516.0,1949.0,Mixed
2016-12-06 20:00:00,Rat_lodging_Ben,219.18,7.2,8.0,6.1,1009.4,6.7,20,2,12,341,32516.0,1949.0,Mixed
2016-12-06 21:00:00,Rat_lodging_Ben,214.46,7.2,8.0,6.7,1009.3,6.7,21,2,12,341,32516.0,1949.0,Mixed
2016-12-06 22:00:00,Rat_lodging_Ben,214.41,7.8,8.0,6.7,1009.2,5.7,22,2,12,341,32516.0,1949.0,Mixed
2016-12-06 23:00:00,Rat_lodging_Ben,214.49,7.8,8.0,6.7,1009.4,4.6,23,2,12,341,32516.0,1949.0,Mixed
2016-12-07 00:00:00,Rat_lodging_Ben,216.17,7.8,8.0,6.7,1010.4,4.6,0,3,12,342,32516.0,1949.0,Mixed
2016-12-07 01:00:00,Rat_lodging_Ben,229.77,7.2,8.0,6.1,1010.3,4.6,1,3,12,342,32516.0,1949.0,Mixed
2016-12-07 02:00:00,Rat_lodging_Ben,265.56,6.1,8.0,5.6,1012.1,4.6,2,3,12,342,32516.0,1949.0,Mixed
2016-12-07 03:00:00,Rat_lodging_Ben,263.69,6.1,8.0,5.0,1012.3,5.1,3,3,12,342,32516.0,1949.0,Mixed
2016-12-07 04:00:00,Rat_lodging_Ben,285.93,6.1,8.0,5.0,1013.3,5.1,4,3,12,342,32516.0,1949.0,Mixed
2016-12-07 05:00:00,Rat_lodging_Ben,277.94,6.1,7.333333333333333,5.0,1013.9,2.6,5,3,12,342,32516.0,1949.0,Mixed
2016-12-07 06:00:00,Rat_lodging_Ben,276.99,6.7,6.666666666666667,5.0,1014.7,2.1,6,3,12,342,32516.0,1949.0,Mixed
2016-12-07 07:00:00,Rat_lodging_Ben,267.9,7.2,6.0,4.4,1015.9,4.1,7,3,12,342,32516.0,1949.0,Mixed
2016-12-07 08:00:00,Rat_lodging_Ben,270.52,6.7,6.0,4.4,1016.3,3.1,8,3,12,342,32516.0,1949.0,Mixed
2016-12-07 09:00:00,Rat_lodging_Ben,269.5,7.2,6.0,4.4,1017.0,3.1,9,3,12,342,32516.0,1949.0,Mixed
2016-12-07 10:00:00,Rat_lodging_Ben,283.6,8.3,6.0,3.9,1018.3,5.1,10,3,12,342,32516.0,1949.0,Mixed
2016-12-07 11:00:00,Rat_lodging_Ben,274.0,9.4,6.0,2.8,1017.8,6.2,11,3,12,342,32516.0,1949.0,Mixed
2016-12-07 12:00:00,Rat_lodging_Ben,269.61,10.0,6.0,1.7,1017.5,5.7,12,3,12,342,32516.0,1949.0,Mixed
2016-12-07 13:00:00,Rat_lodging_Ben,260.93,10.6,6.0,0.6,1017.2,4.6,13,3,12,342,32516.0,1949.0,Mixed
2016-12-07 14:00:00,Rat_lodging_Ben,260.92,10.6,5.0,-1.1,1017.2,6.7,14,3,12,342,32516.0,1949.0,Mixed
2016-12-07 15:00:00,Rat_lodging_Ben,259.05,10.6,4.0,-1.1,1017.8,3.1,15,3,12,342,32516.0,1949.0,Mixed
2016-12-07 16:00:00,Rat_lodging_Ben,259.56,10.0,4.0,0.0,1018.0,3.6,16,3,12,342,32516.0,1949.0,Mixed
2016-12-07 17:00:00,Rat_lodging_Ben,247.78,8.9,4.666666666666667,-1.1,1018.2,2.1,17,3,12,342,32516.0,1949.0,Mixed
2016-12-07 18:00:00,Rat_lodging_Ben,232.08,8.9,5.333333333333333,-1.1,1018.6,0.0,18,3,12,342,32516.0,1949.0,Mixed
2016-12-07 19:00:00,Rat_lodging_Ben,223.09,7.8,6.0,2.2,1018.8,1.5,19,3,12,342,32516.0,1949.0,Mixed
2016-12-07 20:00:00,Rat_lodging_Ben,216.61,6.1,4.0,2.8,1018.6,2.1,20,3,12,342,32516.0,1949.0,Mixed
2016-12-07 21:00:00,Rat_lodging_Ben,216.58,6.1,2.0,2.2,1018.5,1.5,21,3,12,342,32516.0,1949.0,Mixed
2016-12-07 22:00:00,Rat_lodging_Ben,213.36,5.0,2.0,1.7,1018.8,0.0,22,3,12,342,32516.0,1949.0,Mixed
2016-12-07 23:00:00,Rat_lodging_Ben,211.55,5.0,4.0,2.2,1018.7,0.0,23,3,12,342,32516.0,1949.0,Mixed
2016-12-08 00:00:00,Rat_lodging_Ben,213.9,4.4,4.0,1.7,1018.7,1.5,0,4,12,343,32516.0,1949.0,Mixed
2016-12-08 01:00:00,Rat_lodging_Ben,219.5,3.3,6.0,1.1,1018.3,1.5,1,4,12,343,32516.0,1949.0,Mixed
2016-12-08 02:00:00,Rat_lodging_Ben,251.46,2.8,6.666666666666667,1.1,1018.2,1.5,2,4,12,343,32516.0,1949.0,Mixed
2016-12-08 03:00:00,Rat_lodging_Ben,272.58,3.3,7.333333333333333,1.7,1018.0,0.0,3,4,12,343,32516.0,1949.0,Mixed
2016-12-08 04:00:00,Rat_lodging_Ben,281.59,3.9,8.0,1.1,1017.8,1.5,4,4,12,343,32516.0,1949.0,Mixed
2016-12-08 05:00:00,Rat_lodging_Ben,285.36,3.9,8.0,2.2,1017.4,1.5,5,4,12,343,32516.0,1949.0,Mixed
2016-12-08 06:00:00,Rat_lodging_Ben,284.22,5.0,8.0,1.1,1017.6,2.1,6,4,12,343,32516.0,1949.0,Mixed
2016-12-08 07:00:00,Rat_lodging_Ben,290.41,5.6,8.0,1.1,1017.6,1.5,7,4,12,343,32516.0,1949.0,Mixed
2016-12-08 08:00:00,Rat_lodging_Ben,284.14,6.1,8.0,-0.6,1017.7,2.6,8,4,12,343,32516.0,1949.0,Mixed
2016-12-08 09:00:00,Rat_lodging_Ben,286.37,7.2,8.0,0.6,1018.0,0.0,9,4,12,343,32516.0,1949.0,Mixed
2016-12-08 10:00:00,Rat_lodging_Ben,295.75,7.8,8.0,-1.1,1018.0,2.1,10,4,12,343,32516.0,1949.0,Mixed
2016-12-08 11:00:00,Rat_lodging_Ben,284.0,8.3,8.0,-3.9,1017.8,4.1,11,4,12,343,32516.0,1949.0,Mixed
2016-12-08 12:00:00,Rat_lodging_Ben,280.9,8.3,8.0,-5.0,1016.8,3.6,12,4,12,343,32516.0,1949.0,Mixed
2016-12-08 13:00:00,Rat_lodging_Ben,271.52,8.9,8.0,-5.6,1015.9,3.6,13,4,12,343,32516.0,1949.0,Mixed
2016-12-08 14:00:00,Rat_lodging_Ben,263.55,8.3,7.333333333333333,-7.8,1016.1,6.7,14,4,12,343,32516.0,1949.0,Mixed
2016-12-08 15:00:00,Rat_lodging_Ben,260.27,8.9,6.666666666666667,-7.8,1016.3,4.1,15,4,12,343,32516.0,1949.0,Mixed
2016-12-08 16:00:00,Rat_lodging_Ben,260.89,8.9,6.0,-8.3,1017.1,6.2,16,4,12,343,32516.0,1949.0,Mixed
2016-12-08 17:00:00,Rat_lodging_Ben,253.29,7.2,5.0,-10.0,1018.2,6.7,17,4,12,343,32516.0,1949.0,Mixed
2016-12-08 18:00:00,Rat_lodging_Ben,240.27,6.7,4.0,-8.9,1019.0,4.1,18,4,12,343,32516.0,1949.0,Mixed
2016-12-08 19:00:00,Rat_lodging_Ben,229.65,5.6,2.0,-8.9,1019.9,5.1,19,4,12,343,32516.0,1949.0,Mixed
2016-12-08 20:00:00,Rat_lodging_Ben,223.75,4.4,4.0,-9.4,1020.8,5.7,20,4,12,343,32516.0,1949.0,Mixed
2016-12-08 21:00:00,Rat_lodging_Ben,221.87,3.3,4.0,-8.9,1021.6,7.7,21,4,12,343,32516.0,1949.0,Mixed
2016-12-08 22:00:00,Rat_lodging_Ben,216.88,2.2,2.0,-9.4,1022.2,8.8,22,4,12,343,32516.0,1949.0,Mixed
2016-12-08 23:00:00,Rat_lodging_Ben,217.97,1.7,2.0,-10.6,1022.6,8.2,23,4,12,343,32516.0,1949.0,Mixed
2016-12-09 00:00:00,Rat_lodging_Ben,219.92,1.1,2.0,-9.4,1022.9,4.6,0,5,12,344,32516.0,1949.0,Mixed
2016-12-09 01:00:00,Rat_lodging_Ben,226.2,0.6,2.0,-10.0,1023.3,5.1,1,5,12,344,32516.0,1949.0,Mixed
2016-12-09 02:00:00,Rat_lodging_Ben,262.31,0.6,0.0,-10.6,1023.8,5.7,2,5,12,344,32516.0,1949.0,Mixed
2016-12-09 03:00:00,Rat_lodging_Ben,274.23,0.0,0.0,-10.6,1024.0,8.2,3,5,12,344,32516.0,1949.0,Mixed
2016-12-09 04:00:00,Rat_lodging_Ben,286.72,-0.6,0.0,-9.4,1024.1,5.7,4,5,12,344,32516.0,1949.0,Mixed
2016-12-09 05:00:00,Rat_lodging_Ben,289.46,-0.6,0.0,-11.1,1024.2,6.2,5,5,12,344,32516.0,1949.0,Mixed
2016-12-09 06:00:00,Rat_lodging_Ben,297.03,-0.6,0.0,-10.6,1025.0,7.2,6,5,12,344,32516.0,1949.0,Mixed
2016-12-09 07:00:00,Rat_lodging_Ben,295.49,-0.6,0.0,-10.6,1025.4,8.2,7,5,12,344,32516.0,1949.0,Mixed
2016-12-09 08:00:00,Rat_lodging_Ben,287.85,-0.6,0.0,-10.0,1025.9,6.2,8,5,12,344,32516.0,1949.0,Mixed
2016-12-09 09:00:00,Rat_lodging_Ben,287.57,0.6,0.0,-9.4,1026.5,6.7,9,5,12,344,32516.0,1949.0,Mixed
2016-12-09 10:00:00,Rat_lodging_Ben,285.92,1.7,0.0,-8.9,1027.2,7.2,10,5,12,344,32516.0,1949.0,Mixed
2016-12-09 11:00:00,Rat_lodging_Ben,280.21,2.8,2.0,-8.3,1027.4,8.2,11,5,12,344,32516.0,1949.0,Mixed
2016-12-09 12:00:00,Rat_lodging_Ben,275.6,3.9,2.0,-8.3,1027.0,6.7,12,5,12,344,32516.0,1949.0,Mixed
2016-12-09 13:00:00,Rat_lodging_Ben,276.29,3.9,4.0,-8.3,1026.7,5.1,13,5,12,344,32516.0,1949.0,Mixed
2016-12-09 14:00:00,Rat_lodging_Ben,261.54,4.4,4.0,-8.9,1026.5,7.7,14,5,12,344,32516.0,1949.0,Mixed
2016-12-09 15:00:00,Rat_lodging_Ben,266.4,3.9,4.0,-8.9,1027.1,7.2,15,5,12,344,32516.0,1949.0,Mixed
2016-12-09 16:00:00,Rat_lodging_Ben,259.42,3.3,4.0,-8.9,1027.8,6.7,16,5,12,344,32516.0,1949.0,Mixed
2016-12-09 17:00:00,Rat_lodging_Ben,248.72,2.2,2.0,-8.9,1028.7,4.6,17,5,12,344,32516.0,1949.0,Mixed
2016-12-09 18:00:00,Rat_lodging_Ben,232.13,1.7,2.0,-8.3,1029.3,5.1,18,5,12,344,32516.0,1949.0,Mixed
2016-12-09 19:00:00,Rat_lodging_Ben,232.88,1.1,0.0,-8.9,1030.5,7.2,19,5,12,344,32516.0,1949.0,Mixed
2016-12-09 20:00:00,Rat_lodging_Ben,221.57,0.6,0.0,-8.3,1030.5,4.1,20,5,12,344,32516.0,1949.0,Mixed
2016-12-09 21:00:00,Rat_lodging_Ben,220.46,0.0,0.0,-7.8,1030.0,3.6,21,5,12,344,32516.0,1949.0,Mixed
2016-12-09 22:00:00,Rat_lodging_Ben,221.44,0.0,0.0,-8.3,1029.8,5.1,22,5,12,344,32516.0,1949.0,Mixed
2016-12-09 23:00:00,Rat_lodging_Ben,222.32,0.0,0.0,-8.3,1030.8,3.6,23,5,12,344,32516.0,1949.0,Mixed
2016-12-10 00:00:00,Rat_lodging_Ben,217.58,-0.6,2.0,-8.3,1030.8,3.6,0,6,12,345,32516.0,1949.0,Mixed
2016-12-10 01:00:00,Rat_lodging_Ben,222.45,0.0,6.0,-8.9,1030.6,4.6,1,6,12,345,32516.0,1949.0,Mixed
2016-12-10 02:00:00,Rat_lodging_Ben,238.17,0.0,5.333333333333333,-8.9,1030.8,5.1,2,6,12,345,32516.0,1949.0,Mixed
2016-12-10 03:00:00,Rat_lodging_Ben,248.2,0.0,4.666666666666667,-8.9,1031.5,4.1,3,6,12,345,32516.0,1949.0,Mixed
2016-12-10 04:00:00,Rat_lodging_Ben,275.89,-0.6,4.0,-8.9,1031.8,3.1,4,6,12,345,32516.0,1949.0,Mixed
2016-12-10 05:00:00,Rat_lodging_Ben,281.58,-0.6,2.0,-9.4,1031.5,3.1,5,6,12,345,32516.0,1949.0,Mixed
2016-12-10 06:00:00,Rat_lodging_Ben,269.35,-1.1,2.0,-9.4,1032.3,2.1,6,6,12,345,32516.0,1949.0,Mixed
2016-12-10 07:00:00,Rat_lodging_Ben,263.09,-0.6,2.0,-10.0,1032.9,1.5,7,6,12,345,32516.0,1949.0,Mixed
2016-12-10 08:00:00,Rat_lodging_Ben,262.03,-0.6,4.0,-10.0,1033.1,4.1,8,6,12,345,32516.0,1949.0,Mixed
2016-12-10 09:00:00,Rat_lodging_Ben,265.45,0.6,2.0,-9.4,1033.1,3.6,9,6,12,345,32516.0,1949.0,Mixed
2016-12-10 10:00:00,Rat_lodging_Ben,261.89,1.7,2.0,-10.0,1033.5,5.7,10,6,12,345,32516.0,1949.0,Mixed
2016-12-10 11:00:00,Rat_lodging_Ben,255.21,2.2,2.0,-10.0,1033.0,6.2,11,6,12,345,32516.0,1949.0,Mixed
2016-12-10 12:00:00,Rat_lodging_Ben,243.48,2.8,4.0,-10.6,1032.3,6.2,12,6,12,345,32516.0,1949.0,Mixed
2016-12-10 13:00:00,Rat_lodging_Ben,244.64,3.3,4.0,-10.0,1031.6,6.2,13,6,12,345,32516.0,1949.0,Mixed
2016-12-10 14:00:00,Rat_lodging_Ben,254.23,3.3,4.0,-10.6,1031.1,5.7,14,6,12,345,32516.0,1949.0,Mixed
2016-12-10 15:00:00,Rat_lodging_Ben,247.56,2.8,2.0,-10.6,1031.2,5.1,15,6,12,345,32516.0,1949.0,Mixed
2016-12-10 16:00:00,Rat_lodging_Ben,244.27,2.2,2.0,-11.1,1032.0,7.2,16,6,12,345,32516.0,1949.0,Mixed
2016-12-10 17:00:00,Rat_lodging_Ben,246.38,0.6,2.0,-11.1,1032.7,4.1,17,6,12,345,32516.0,1949.0,Mixed
2016-12-10 18:00:00,Rat_lodging_Ben,237.27,0.6,0.0,-11.1,1033.2,4.1,18,6,12,345,32516.0,1949.0,Mixed
2016-12-10 19:00:00,Rat_lodging_Ben,231.93,0.0,0.0,-11.1,1033.7,5.1,19,6,12,345,32516.0,1949.0,Mixed
2016-12-10 20:00:00,Rat_lodging_Ben,227.97,0.0,0.0,-10.6,1033.8,6.7,20,6,12,345,32516.0,1949.0,Mixed
2016-12-10 21:00:00,Rat_lodging_Ben,221.87,-0.6,0.0,-11.1,1033.6,4.6,21,6,12,345,32516.0,1949.0,Mixed
2016-12-10 22:00:00,Rat_lodging_Ben,217.94,-1.1,0.0,-10.6,1033.7,4.1,22,6,12,345,32516.0,1949.0,Mixed
2016-12-10 23:00:00,Rat_lodging_Ben,218.32,-1.1,2.0,-10.6,1034.3,4.1,23,6,12,345,32516.0,1949.0,Mixed
2016-12-11 00:00:00,Rat_lodging_Ben,218.14,-1.7,5.0,-10.0,1033.9,0.0,0,7,12,346,32516.0,1949.0,Mixed
2016-12-11 01:00:00,Rat_lodging_Ben,230.54,-1.1,8.0,-10.0,1033.7,1.5,1,7,12,346,32516.0,1949.0,Mixed
2016-12-11 02:00:00,Rat_lodging_Ben,242.13,-1.7,8.0,-10.0,1033.9,2.6,2,7,12,346,32516.0,1949.0,Mixed
2016-12-11 03:00:00,Rat_lodging_Ben,257.07,-1.1,8.0,-10.0,1034.2,2.1,3,7,12,346,32516.0,1949.0,Mixed
2016-12-11 04:00:00,Rat_lodging_Ben,266.03,-1.1,8.0,-10.0,1033.9,1.5,4,7,12,346,32516.0,1949.0,Mixed
2016-12-11 05:00:00,Rat_lodging_Ben,274.84,-0.6,8.0,-9.4,1034.2,1.5,5,7,12,346,32516.0,1949.0,Mixed
2016-12-11 06:00:00,Rat_lodging_Ben,286.82,-0.6,8.0,-9.4,1035.1,1.5,6,7,12,346,32516.0,1949.0,Mixed
2016-12-11 07:00:00,Rat_lodging_Ben,280.86,-0.6,8.0,-8.9,1034.5,2.1,7,7,12,346,32516.0,1949.0,Mixed
2016-12-11 08:00:00,Rat_lodging_Ben,271.63,-0.6,8.0,-8.3,1035.2,0.0,8,7,12,346,32516.0,1949.0,Mixed
2016-12-11 09:00:00,Rat_lodging_Ben,277.69,0.0,8.0,-8.9,1035.5,2.1,9,7,12,346,32516.0,1949.0,Mixed
2016-12-11 10:00:00,Rat_lodging_Ben,283.9,0.6,8.0,-8.9,1034.8,3.1,10,7,12,346,32516.0,1949.0,Mixed
2016-12-11 11:00:00,Rat_lodging_Ben,277.94,1.7,8.0,-7.2,1034.5,3.1,11,7,12,346,32516.0,1949.0,Mixed
2016-12-11 12:00:00,Rat_lodging_Ben,268.27,2.8,8.0,-6.7,1033.0,4.6,12,7,12,346,32516.0,1949.0,Mixed
2016-12-11 13:00:00,Rat_lodging_Ben,270.45,3.3,8.0,-5.6,1031.6,5.1,13,7,12,346,32516.0,1949.0,Mixed
2016-12-11 14:00:00,Rat_lodging_Ben,265.41,4.4,8.0,-4.4,1030.4,6.7,14,7,12,346,32516.0,1949.0,Mixed
2016-12-11 15:00:00,Rat_lodging_Ben,259.01,4.4,8.0,-4.4,1029.8,5.7,15,7,12,346,32516.0,1949.0,Mixed
2016-12-11 16:00:00,Rat_lodging_Ben,248.46,4.4,8.0,-3.9,1028.8,5.1,16,7,12,346,32516.0,1949.0,Mixed
2016-12-11 17:00:00,Rat_lodging_Ben,248.99,3.9,8.0,-3.9,1028.3,3.6,17,7,12,346,32516.0,1949.0,Mixed
2016-12-11 18:00:00,Rat_lodging_Ben,234.04,3.9,8.0,-3.9,1027.7,3.6,18,7,12,346,32516.0,1949.0,Mixed
2016-12-11 19:00:00,Rat_lodging_Ben,229.24,3.3,8.0,-3.3,1026.4,3.6,19,7,12,346,32516.0,1949.0,Mixed
2016-12-11 20:00:00,Rat_lodging_Ben,220.42,3.3,8.0,-2.8,1026.0,2.1,20,7,12,346,32516.0,1949.0,Mixed
2016-12-11 21:00:00,Rat_lodging_Ben,219.2,3.3,8.0,-2.2,1025.1,2.6,21,7,12,346,32516.0,1949.0,Mixed
2016-12-11 22:00:00,Rat_lodging_Ben,220.04,4.4,8.0,-1.1,1022.9,4.1,22,7,12,346,32516.0,1949.0,Mixed
2016-12-11 23:00:00,Rat_lodging_Ben,220.1,5.0,8.0,-1.1,1021.5,4.1,23,7,12,346,32516.0,1949.0,Mixed
2016-12-12 00:00:00,Rat_lodging_Ben,224.1,6.1,8.0,-2.8,1019.8,4.1,0,1,12,347,32516.0,1949.0,Mixed
2016-12-12 01:00:00,Rat_lodging_Ben,231.11,6.7,8.0,-1.7,1018.3,7.2,1,1,12,347,32516.0,1949.0,Mixed
2016-12-12 02:00:00,Rat_lodging_Ben,252.53,5.0,8.0,1.1,1017.4,5.1,2,1,12,347,32516.0,1949.0,Mixed
2016-12-12 03:00:00,Rat_lodging_Ben,283.22,5.0,8.0,2.8,1016.0,6.7,3,1,12,347,32516.0,1949.0,Mixed
2016-12-12 04:00:00,Rat_lodging_Ben,295.22,5.6,8.0,2.8,1016.1,3.1,4,1,12,347,32516.0,1949.0,Mixed
2016-12-12 05:00:00,Rat_lodging_Ben,288.87,5.6,8.0,3.9,1014.7,4.6,5,1,12,347,32516.0,1949.0,Mixed
2016-12-12 06:00:00,Rat_lodging_Ben,287.94,5.6,8.0,5.0,1014.2,4.6,6,1,12,347,32516.0,1949.0,Mixed
2016-12-12 07:00:00,Rat_lodging_Ben,284.78,6.7,8.0,6.1,1013.7,6.2,7,1,12,347,32516.0,1949.0,Mixed
2016-12-12 08:00:00,Rat_lodging_Ben,286.78,7.2,8.0,6.7,1013.3,4.1,8,1,12,347,32516.0,1949.0,Mixed
2016-12-12 09:00:00,Rat_lodging_Ben,278.73,7.8,8.0,7.2,1013.1,3.6,9,1,12,347,32516.0,1949.0,Mixed
2016-12-12 10:00:00,Rat_lodging_Ben,274.52,8.3,8.0,7.2,1012.7,3.6,10,1,12,347,32516.0,1949.0,Mixed
2016-12-12 11:00:00,Rat_lodging_Ben,279.54,8.9,8.0,7.8,1012.6,3.1,11,1,12,347,32516.0,1949.0,Mixed
2016-12-12 12:00:00,Rat_lodging_Ben,272.38,8.9,8.0,7.8,1011.8,3.1,12,1,12,347,32516.0,1949.0,Mixed
2016-12-12 13:00:00,Rat_lodging_Ben,264.29,9.4,8.0,8.3,1011.2,1.5,13,1,12,347,32516.0,1949.0,Mixed
2016-12-12 14:00:00,Rat_lodging_Ben,266.43,10.6,6.0,8.9,1011.0,1.5,14,1,12,347,32516.0,1949.0,Mixed
2016-12-12 15:00:00,Rat_lodging_Ben,272.0,12.2,4.0,8.3,1011.4,3.6,15,1,12,347,32516.0,1949.0,Mixed
2016-12-12 16:00:00,Rat_lodging_Ben,268.41,12.2,4.0,6.1,1012.0,5.1,16,1,12,347,32516.0,1949.0,Mixed
2016-12-12 17:00:00,Rat_lodging_Ben,262.0,11.1,4.0,5.0,1012.8,2.6,17,1,12,347,32516.0,1949.0,Mixed
2016-12-12 18:00:00,Rat_lodging_Ben,236.32,9.4,2.0,4.4,1013.9,4.1,18,1,12,347,32516.0,1949.0,Mixed
2016-12-12 19:00:00,Rat_lodging_Ben,230.93,8.3,4.0,3.9,1015.2,4.1,19,1,12,347,32516.0,1949.0,Mixed
2016-12-12 20:00:00,Rat_lodging_Ben,226.88,8.9,4.0,2.2,1016.1,4.6,20,1,12,347,32516.0,1949.0,Mixed
2016-12-12 21:00:00,Rat_lodging_Ben,226.22,8.9,5.0,0.6,1017.1,7.2,21,1,12,347,32516.0,1949.0,Mixed
2016-12-12 22:00:00,Rat_lodging_Ben,226.74,8.9,6.0,-0.6,1018.4,5.1,22,1,12,347,32516.0,1949.0,Mixed
2016-12-12 23:00:00,Rat_lodging_Ben,228.04,8.3,6.0,-0.6,1018.7,7.2,23,1,12,347,32516.0,1949.0,Mixed
2016-12-13 00:00:00,Rat_lodging_Ben,227.43,7.8,6.0,0.0,1019.2,4.6,0,2,12,348,32516.0,1949.0,Mixed
2016-12-13 01:00:00,Rat_lodging_Ben,234.31,6.1,6.0,0.0,1019.9,2.6,1,2,12,348,32516.0,1949.0,Mixed
2016-12-13 02:00:00,Rat_lodging_Ben,267.3,6.1,6.666666666666667,-1.1,1020.7,3.6,2,2,12,348,32516.0,1949.0,Mixed
2016-12-13 03:00:00,Rat_lodging_Ben,282.15,4.4,7.333333333333333,-1.7,1021.3,2.6,3,2,12,348,32516.0,1949.0,Mixed
2016-12-13 04:00:00,Rat_lodging_Ben,290.04,4.4,8.0,-1.7,1022.0,2.6,4,2,12,348,32516.0,1949.0,Mixed
2016-12-13 05:00:00,Rat_lodging_Ben,291.07,5.0,8.0,-1.1,1022.2,0.0,5,2,12,348,32516.0,1949.0,Mixed
2016-12-13 06:00:00,Rat_lodging_Ben,293.94,5.0,8.0,-2.2,1022.7,0.0,6,2,12,348,32516.0,1949.0,Mixed
2016-12-13 07:00:00,Rat_lodging_Ben,293.61,4.4,8.0,-0.6,1022.6,2.1,7,2,12,348,32516.0,1949.0,Mixed
2016-12-13 08:00:00,Rat_lodging_Ben,287.15,4.4,8.0,-1.7,1022.2,2.6,8,2,12,348,32516.0,1949.0,Mixed
2016-12-13 09:00:00,Rat_lodging_Ben,285.21,5.0,8.0,-2.2,1022.2,2.6,9,2,12,348,32516.0,1949.0,Mixed
2016-12-13 10:00:00,Rat_lodging_Ben,283.08,5.6,8.0,-1.7,1021.9,2.1,10,2,12,348,32516.0,1949.0,Mixed
2016-12-13 11:00:00,Rat_lodging_Ben,287.91,6.7,8.0,0.0,1022.8,4.1,11,2,12,348,32516.0,1949.0,Mixed
2016-12-13 12:00:00,Rat_lodging_Ben,279.12,6.7,8.0,0.0,1022.2,2.6,12,2,12,348,32516.0,1949.0,Mixed
2016-12-13 13:00:00,Rat_lodging_Ben,274.94,7.8,8.0,0.6,1021.4,2.6,13,2,12,348,32516.0,1949.0,Mixed
2016-12-13 14:00:00,Rat_lodging_Ben,271.71,7.8,8.0,0.0,1020.5,2.1,14,2,12,348,32516.0,1949.0,Mixed
2016-12-13 15:00:00,Rat_lodging_Ben,270.01,7.8,8.0,1.1,1020.4,3.6,15,2,12,348,32516.0,1949.0,Mixed
2016-12-13 16:00:00,Rat_lodging_Ben,274.65,7.2,8.0,1.1,1019.9,3.1,16,2,12,348,32516.0,1949.0,Mixed
2016-12-13 17:00:00,Rat_lodging_Ben,267.6,6.7,8.0,1.1,1019.3,3.1,17,2,12,348,32516.0,1949.0,Mixed
2016-12-13 18:00:00,Rat_lodging_Ben,245.67,6.7,8.0,0.0,1018.2,3.6,18,2,12,348,32516.0,1949.0,Mixed
2016-12-13 19:00:00,Rat_lodging_Ben,237.25,6.1,8.0,0.0,1017.7,3.1,19,2,12,348,32516.0,1949.0,Mixed
2016-12-13 20:00:00,Rat_lodging_Ben,230.06,6.1,8.0,0.0,1017.4,3.1,20,2,12,348,32516.0,1949.0,Mixed
2016-12-13 21:00:00,Rat_lodging_Ben,228.5,5.6,8.0,0.0,1017.2,3.1,21,2,12,348,32516.0,1949.0,Mixed
2016-12-13 22:00:00,Rat_lodging_Ben,224.33,5.0,8.0,0.0,1017.0,2.1,22,2,12,348,32516.0,1949.0,Mixed
2016-12-13 23:00:00,Rat_lodging_Ben,224.1,5.6,8.0,0.0,1016.9,1.5,23,2,12,348,32516.0,1949.0,Mixed
2016-12-14 00:00:00,Rat_lodging_Ben,225.23,5.6,8.0,0.0,1016.5,0.0,0,3,12,349,32516.0,1949.0,Mixed
2016-12-14 01:00:00,Rat_lodging_Ben,232.73,5.0,8.0,0.6,1016.2,2.1,1,3,12,349,32516.0,1949.0,Mixed
2016-12-14 02:00:00,Rat_lodging_Ben,269.6,4.4,8.0,0.0,1016.5,1.5,2,3,12,349,32516.0,1949.0,Mixed
2016-12-14 03:00:00,Rat_lodging_Ben,292.19,3.9,8.0,0.0,1016.3,2.1,3,3,12,349,32516.0,1949.0,Mixed
2016-12-14 04:00:00,Rat_lodging_Ben,306.71,3.9,8.0,1.1,1016.5,2.1,4,3,12,349,32516.0,1949.0,Mixed
2016-12-14 05:00:00,Rat_lodging_Ben,301.32,4.4,4.0,0.6,1017.3,5.7,5,3,12,349,32516.0,1949.0,Mixed
2016-12-14 06:00:00,Rat_lodging_Ben,298.0,3.3,2.0,-0.6,1018.0,5.1,6,3,12,349,32516.0,1949.0,Mixed
2016-12-14 07:00:00,Rat_lodging_Ben,289.64,2.8,4.0,-1.1,1018.7,5.1,7,3,12,349,32516.0,1949.0,Mixed
2016-12-14 08:00:00,Rat_lodging_Ben,282.8,3.3,4.0,-1.1,1019.8,4.6,8,3,12,349,32516.0,1949.0,Mixed
2016-12-14 09:00:00,Rat_lodging_Ben,289.26,4.4,4.0,-1.1,1020.4,5.1,9,3,12,349,32516.0,1949.0,Mixed
2016-12-14 10:00:00,Rat_lodging_Ben,290.16,5.6,4.0,-2.2,1020.6,6.7,10,3,12,349,32516.0,1949.0,Mixed
2016-12-14 11:00:00,Rat_lodging_Ben,289.01,6.7,4.666666666666667,-2.8,1020.1,4.1,11,3,12,349,32516.0,1949.0,Mixed
2016-12-14 12:00:00,Rat_lodging_Ben,284.78,8.3,5.333333333333333,-3.3,1019.4,6.2,12,3,12,349,32516.0,1949.0,Mixed
2016-12-14 13:00:00,Rat_lodging_Ben,278.6,8.3,6.0,-5.0,1018.5,5.1,13,3,12,349,32516.0,1949.0,Mixed
2016-12-14 14:00:00,Rat_lodging_Ben,275.92,8.3,6.666666666666667,-6.1,1017.7,6.7,14,3,12,349,32516.0,1949.0,Mixed
2016-12-14 15:00:00,Rat_lodging_Ben,270.19,7.8,7.333333333333333,-6.7,1017.1,3.1,15,3,12,349,32516.0,1949.0,Mixed
2016-12-14 16:00:00,Rat_lodging_Ben,279.19,7.8,8.0,-7.2,1017.1,2.1,16,3,12,349,32516.0,1949.0,Mixed
2016-12-14 17:00:00,Rat_lodging_Ben,265.1,6.7,8.0,-5.6,1016.9,0.0,17,3,12,349,32516.0,1949.0,Mixed
2016-12-14 18:00:00,Rat_lodging_Ben,247.0,6.7,8.0,-6.7,1016.9,3.1,18,3,12,349,32516.0,1949.0,Mixed
2016-12-14 19:00:00,Rat_lodging_Ben,237.2,6.7,8.0,-3.9,1016.1,1.5,19,3,12,349,32516.0,1949.0,Mixed
2016-12-14 20:00:00,Rat_lodging_Ben,232.45,5.6,8.0,-4.4,1015.5,0.0,20,3,12,349,32516.0,1949.0,Mixed
2016-12-14 21:00:00,Rat_lodging_Ben,229.56,5.6,8.0,-1.7,1015.2,0.0,21,3,12,349,32516.0,1949.0,Mixed
2016-12-14 22:00:00,Rat_lodging_Ben,230.08,5.6,8.0,-2.8,1014.4,0.0,22,3,12,349,32516.0,1949.0,Mixed
2016-12-14 23:00:00,Rat_lodging_Ben,229.12,5.0,8.0,-7.8,1014.0,4.1,23,3,12,349,32516.0,1949.0,Mixed
2016-12-15 00:00:00,Rat_lodging_Ben,230.93,5.0,8.0,-9.4,1013.8,4.6,0,4,12,350,32516.0,1949.0,Mixed
2016-12-15 01:00:00,Rat_lodging_Ben,232.45,3.9,8.0,-8.3,1013.2,3.1,1,4,12,350,32516.0,1949.0,Mixed
2016-12-15 02:00:00,Rat_lodging_Ben,229.56,3.9,7.333333333333333,-8.9,1012.9,3.1,2,4,12,350,32516.0,1949.0,Mixed
2016-12-15 03:00:00,Rat_lodging_Ben,230.08,3.3,6.666666666666667,-6.1,1013.0,5.7,3,4,12,350,32516.0,1949.0,Mixed
2016-12-15 04:00:00,Rat_lodging_Ben,229.12,2.8,6.0,-7.2,1012.8,6.7,4,4,12,350,32516.0,1949.0,Mixed
2016-12-15 05:00:00,Rat_lodging_Ben,230.93,1.7,4.0,-12.2,1013.3,10.8,5,4,12,350,32516.0,1949.0,Mixed
2016-12-15 06:00:00,Rat_lodging_Ben,238.99,0.0,2.0,-13.9,1014.9,9.3,6,4,12,350,32516.0,1949.0,Mixed
2016-12-15 07:00:00,Rat_lodging_Ben,274.55,-1.7,2.0,-18.9,1015.8,12.4,7,4,12,350,32516.0,1949.0,Mixed
2016-12-15 08:00:00,Rat_lodging_Ben,287.18,-2.2,2.0,-18.9,1017.6,10.8,8,4,12,350,32516.0,1949.0,Mixed
2016-12-15 09:00:00,Rat_lodging_Ben,290.33,-3.3,2.0,-21.1,1019.3,8.8,9,4,12,350,32516.0,1949.0,Mixed
2016-12-15 10:00:00,Rat_lodging_Ben,294.76,-3.9,2.0,-19.4,1019.9,9.3,10,4,12,350,32516.0,1949.0,Mixed
2016-12-15 11:00:00,Rat_lodging_Ben,300.3,-3.3,2.0,-21.1,1020.5,9.3,11,4,12,350,32516.0,1949.0,Mixed
2016-12-15 12:00:00,Rat_lodging_Ben,303.76,-3.3,2.0,-21.7,1020.2,10.3,12,4,12,350,32516.0,1949.0,Mixed
2016-12-15 13:00:00,Rat_lodging_Ben,302.0,-3.3,2.0,-22.2,1020.9,9.3,13,4,12,350,32516.0,1949.0,Mixed
2016-12-15 14:00:00,Rat_lodging_Ben,293.06,-3.3,2.0,-22.2,1021.3,13.9,14,4,12,350,32516.0,1949.0,Mixed
2016-12-15 15:00:00,Rat_lodging_Ben,297.51,-3.9,4.0,-22.2,1022.7,9.8,15,4,12,350,32516.0,1949.0,Mixed
2016-12-15 16:00:00,Rat_lodging_Ben,300.76,-5.0,2.0,-22.8,1023.9,7.7,16,4,12,350,32516.0,1949.0,Mixed
2016-12-15 17:00:00,Rat_lodging_Ben,287.33,-5.6,2.0,-22.2,1025.6,9.3,17,4,12,350,32516.0,1949.0,Mixed
2016-12-15 18:00:00,Rat_lodging_Ben,282.13,-6.1,2.0,-21.7,1027.0,6.7,18,4,12,350,32516.0,1949.0,Mixed
2016-12-15 19:00:00,Rat_lodging_Ben,280.31,-6.7,0.0,-21.7,1027.8,4.6,19,4,12,350,32516.0,1949.0,Mixed
2016-12-15 20:00:00,Rat_lodging_Ben,274.08,-6.7,0.0,-21.1,1028.5,6.7,20,4,12,350,32516.0,1949.0,Mixed
2016-12-15 21:00:00,Rat_lodging_Ben,283.06,-7.2,0.0,-21.1,1029.1,4.1,21,4,12,350,32516.0,1949.0,Mixed
2016-12-15 22:00:00,Rat_lodging_Ben,270.09,-7.2,0.0,-21.1,1029.5,4.1,22,4,12,350,32516.0,1949.0,Mixed
2016-12-15 23:00:00,Rat_lodging_Ben,246.14,-7.2,0.0,-21.1,1029.7,4.1,23,4,12,350,32516.0,1949.0,Mixed
2016-12-16 00:00:00,Rat_lodging_Ben,236.06,-7.8,0.0,-20.6,1030.0,4.1,0,5,12,351,32516.0,1949.0,Mixed
2016-12-16 01:00:00,Rat_lodging_Ben,233.91,-7.8,0.0,-20.6,1030.1,2.6,1,5,12,351,32516.0,1949.0,Mixed
2016-12-16 02:00:00,Rat_lodging_Ben,236.24,-7.8,4.0,-20.6,1030.4,0.0,2,5,12,351,32516.0,1949.0,Mixed
2016-12-16 03:00:00,Rat_lodging_Ben,229.47,-7.8,2.0,-20.6,1031.2,3.6,3,5,12,351,32516.0,1949.0,Mixed
2016-12-16 04:00:00,Rat_lodging_Ben,237.62,-8.3,2.0,-20.6,1031.4,4.1,4,5,12,351,32516.0,1949.0,Mixed
2016-12-16 05:00:00,Rat_lodging_Ben,230.54,-7.8,4.0,-20.6,1031.0,3.6,5,5,12,351,32516.0,1949.0,Mixed
2016-12-16 06:00:00,Rat_lodging_Ben,236.22,-7.8,5.0,-20.6,1032.0,0.0,6,5,12,351,32516.0,1949.0,Mixed
2016-12-16 07:00:00,Rat_lodging_Ben,268.56,-7.2,6.0,-21.1,1032.4,4.1,7,5,12,351,32516.0,1949.0,Mixed
2016-12-16 08:00:00,Rat_lodging_Ben,287.53,-7.2,6.666666666666667,-21.1,1033.0,2.6,8,5,12,351,32516.0,1949.0,Mixed
2016-12-16 09:00:00,Rat_lodging_Ben,289.21,-6.1,7.333333333333333,-20.0,1032.7,5.7,9,5,12,351,32516.0,1949.0,Mixed
2016-12-16 10:00:00,Rat_lodging_Ben,304.42,-5.0,8.0,-19.4,1034.0,3.1,10,5,12,351,32516.0,1949.0,Mixed
2016-12-16 11:00:00,Rat_lodging_Ben,301.45,-4.4,8.0,-19.4,1033.7,2.6,11,5,12,351,32516.0,1949.0,Mixed
2016-12-16 12:00:00,Rat_lodging_Ben,301.33,-3.9,8.0,-19.4,1033.1,0.0,12,5,12,351,32516.0,1949.0,Mixed
2016-12-16 13:00:00,Rat_lodging_Ben,288.99,-3.3,8.0,-18.9,1032.7,2.6,13,5,12,351,32516.0,1949.0,Mixed
2016-12-16 14:00:00,Rat_lodging_Ben,289.89,-3.3,8.0,-18.3,1032.1,1.5,14,5,12,351,32516.0,1949.0,Mixed
2016-12-16 15:00:00,Rat_lodging_Ben,291.01,-2.8,8.0,-17.2,1031.3,2.6,15,5,12,351,32516.0,1949.0,Mixed
2016-12-16 16:00:00,Rat_lodging_Ben,289.37,-2.8,8.0,-17.2,1031.6,3.6,16,5,12,351,32516.0,1949.0,Mixed
2016-12-16 17:00:00,Rat_lodging_Ben,280.2,-2.8,8.0,-16.1,1031.0,3.1,17,5,12,351,32516.0,1949.0,Mixed
2016-12-16 18:00:00,Rat_lodging_Ben,276.55,-2.8,8.0,-15.6,1030.6,4.1,18,5,12,351,32516.0,1949.0,Mixed
2016-12-16 19:00:00,Rat_lodging_Ben,278.95,-2.8,8.0,-13.9,1030.2,4.1,19,5,12,351,32516.0,1949.0,Mixed
2016-12-16 20:00:00,Rat_lodging_Ben,274.22,-2.2,8.0,-12.8,1030.0,4.6,20,5,12,351,32516.0,1949.0,Mixed
2016-12-16 21:00:00,Rat_lodging_Ben,264.28,-2.2,8.0,-12.8,1029.0,4.6,21,5,12,351,32516.0,1949.0,Mixed
2016-12-16 22:00:00,Rat_lodging_Ben,256.88,-2.2,8.0,-13.3,1028.5,6.2,22,5,12,351,32516.0,1949.0,Mixed
2016-12-16 23:00:00,Rat_lodging_Ben,244.26,-1.7,8.0,-13.3,1027.4,5.7,23,5,12,351,32516.0,1949.0,Mixed
2016-12-17 00:00:00,Rat_lodging_Ben,233.44,-1.1,8.0,-15.0,1027.2,6.2,0,6,12,352,32516.0,1949.0,Mixed
2016-12-17 01:00:00,Rat_lodging_Ben,226.74,-1.1,8.0,-12.8,1025.3,5.7,1,6,12,352,32516.0,1949.0,Mixed
2016-12-17 02:00:00,Rat_lodging_Ben,229.01,-1.1,8.0,-13.9,1024.7,5.7,2,6,12,352,32516.0,1949.0,Mixed
2016-12-17 03:00:00,Rat_lodging_Ben,223.14,-0.6,8.0,-12.2,1023.7,6.2,3,6,12,352,32516.0,1949.0,Mixed
2016-12-17 04:00:00,Rat_lodging_Ben,227.06,-1.1,8.0,-7.2,1021.0,7.7,4,6,12,352,32516.0,1949.0,Mixed
2016-12-17 05:00:00,Rat_lodging_Ben,222.07,-2.2,8.0,-4.4,1020.9,4.6,5,6,12,352,32516.0,1949.0,Mixed
2016-12-17 06:00:00,Rat_lodging_Ben,228.29,-2.2,8.0,-3.3,1019.3,5.1,6,6,12,352,32516.0,1949.0,Mixed
2016-12-17 07:00:00,Rat_lodging_Ben,245.17,-2.2,8.0,-3.3,1017.7,6.2,7,6,12,352,32516.0,1949.0,Mixed
2016-12-17 08:00:00,Rat_lodging_Ben,257.68,-1.7,8.0,-2.8,1017.8,4.1,8,6,12,352,32516.0,1949.0,Mixed
2016-12-17 09:00:00,Rat_lodging_Ben,283.01,-1.1,8.0,-2.2,1016.7,5.7,9,6,12,352,32516.0,1949.0,Mixed
2016-12-17 10:00:00,Rat_lodging_Ben,284.58,-0.6,8.0,-1.7,1016.3,4.1,10,6,12,352,32516.0,1949.0,Mixed
2016-12-17 11:00:00,Rat_lodging_Ben,284.64,0.0,8.0,-0.6,1015.7,4.1,11,6,12,352,32516.0,1949.0,Mixed
2016-12-17 12:00:00,Rat_lodging_Ben,278.71,0.6,8.0,0.0,1014.4,4.1,12,6,12,352,32516.0,1949.0,Mixed
2016-12-17 13:00:00,Rat_lodging_Ben,266.09,1.1,8.0,0.6,1013.5,3.1,13,6,12,352,32516.0,1949.0,Mixed
2016-12-17 14:00:00,Rat_lodging_Ben,272.5,2.2,7.333333333333333,1.7,1012.8,2.1,14,6,12,352,32516.0,1949.0,Mixed
2016-12-17 15:00:00,Rat_lodging_Ben,269.9,4.4,6.666666666666667,3.9,1012.6,2.6,15,6,12,352,32516.0,1949.0,Mixed
2016-12-17 16:00:00,Rat_lodging_Ben,265.91,6.1,6.0,5.0,1012.4,0.0,16,6,12,352,32516.0,1949.0,Mixed
2016-12-17 17:00:00,Rat_lodging_Ben,252.54,5.6,5.333333333333333,3.9,1012.3,0.0,17,6,12,352,32516.0,1949.0,Mixed
2016-12-17 18:00:00,Rat_lodging_Ben,244.02,4.4,4.666666666666667,4.4,1012.4,2.6,18,6,12,352,32516.0,1949.0,Mixed
2016-12-17 19:00:00,Rat_lodging_Ben,242.83,3.9,4.0,3.3,1013.2,4.1,19,6,12,352,32516.0,1949.0,Mixed
2016-12-17 20:00:00,Rat_lodging_Ben,239.44,2.8,4.0,2.8,1013.4,2.6,20,6,12,352,32516.0,1949.0,Mixed
2016-12-17 21:00:00,Rat_lodging_Ben,246.89,2.8,4.0,2.2,1012.7,2.1,21,6,12,352,32516.0,1949.0,Mixed
2016-12-17 22:00:00,Rat_lodging_Ben,247.43,2.8,6.0,2.2,1012.3,0.0,22,6,12,352,32516.0,1949.0,Mixed
2016-12-17 23:00:00,Rat_lodging_Ben,231.59,6.1,6.666666666666667,5.0,1012.4,0.0,23,6,12,352,32516.0,1949.0,Mixed
2016-12-18 00:00:00,Rat_lodging_Ben,226.71,8.9,7.333333333333333,8.3,1012.0,5.7,0,7,12,353,32516.0,1949.0,Mixed
2016-12-18 01:00:00,Rat_lodging_Ben,218.78,10.0,8.0,9.4,1010.8,6.2,1,7,12,353,32516.0,1949.0,Mixed
2016-12-18 02:00:00,Rat_lodging_Ben,213.27,12.2,8.0,11.1,1010.5,7.2,2,7,12,353,32516.0,1949.0,Mixed
2016-12-18 03:00:00,Rat_lodging_Ben,211.43,12.2,8.0,10.6,1010.0,5.7,3,7,12,353,32516.0,1949.0,Mixed
2016-12-18 04:00:00,Rat_lodging_Ben,211.84,13.3,8.0,11.1,1009.5,7.2,4,7,12,353,32516.0,1949.0,Mixed
2016-12-18 05:00:00,Rat_lodging_Ben,208.53,12.8,6.0,10.6,1009.3,6.7,5,7,12,353,32516.0,1949.0,Mixed
2016-12-18 06:00:00,Rat_lodging_Ben,218.9,10.6,4.0,9.4,1008.5,6.7,6,7,12,353,32516.0,1949.0,Mixed
2016-12-18 07:00:00,Rat_lodging_Ben,232.21,15.6,6.0,12.8,1008.3,8.2,7,7,12,353,32516.0,1949.0,Mixed
2016-12-18 08:00:00,Rat_lodging_Ben,231.39,16.1,6.666666666666667,13.3,1010.2,7.2,8,7,12,353,32516.0,1949.0,Mixed
2016-12-18 09:00:00,Rat_lodging_Ben,251.42,13.3,7.333333333333333,11.7,1010.7,8.2,9,7,12,353,32516.0,1949.0,Mixed
2016-12-18 10:00:00,Rat_lodging_Ben,256.76,12.8,8.0,12.2,1011.6,5.1,10,7,12,353,32516.0,1949.0,Mixed
2016-12-18 11:00:00,Rat_lodging_Ben,247.7,13.9,8.0,12.8,1012.2,4.1,11,7,12,353,32516.0,1949.0,Mixed
2016-12-18 12:00:00,Rat_lodging_Ben,257.84,14.4,8.0,13.3,1012.7,3.6,12,7,12,353,32516.0,1949.0,Mixed
2016-12-18 13:00:00,Rat_lodging_Ben,258.73,18.3,8.0,15.0,1012.5,3.6,13,7,12,353,32516.0,1949.0,Mixed
2016-12-18 14:00:00,Rat_lodging_Ben,264.13,9.4,8.0,5.6,1015.8,12.9,14,7,12,353,32516.0,1949.0,Mixed
2016-12-18 15:00:00,Rat_lodging_Ben,266.04,7.2,8.0,2.2,1019.1,8.2,15,7,12,353,32516.0,1949.0,Mixed
2016-12-18 16:00:00,Rat_lodging_Ben,268.66,6.7,8.0,0.6,1021.2,9.8,16,7,12,353,32516.0,1949.0,Mixed
2016-12-18 17:00:00,Rat_lodging_Ben,261.79,6.1,6.0,-1.1,1023.6,8.8,17,7,12,353,32516.0,1949.0,Mixed
2016-12-18 18:00:00,Rat_lodging_Ben,257.1,5.0,4.0,-2.2,1026.3,11.3,18,7,12,353,32516.0,1949.0,Mixed
2016-12-18 19:00:00,Rat_lodging_Ben,265.33,4.4,2.0,-2.8,1027.9,9.8,19,7,12,353,32516.0,1949.0,Mixed
2016-12-18 20:00:00,Rat_lodging_Ben,258.69,3.9,4.0,-3.3,1029.6,7.7,20,7,12,353,32516.0,1949.0,Mixed
2016-12-18 21:00:00,Rat_lodging_Ben,249.78,3.9,5.0,-3.3,1030.9,6.2,21,7,12,353,32516.0,1949.0,Mixed
2016-12-18 22:00:00,Rat_lodging_Ben,256.34,3.3,6.0,-4.4,1032.7,6.2,22,7,12,353,32516.0,1949.0,Mixed
2016-12-18 23:00:00,Rat_lodging_Ben,239.46,2.8,4.0,-6.1,1033.1,7.7,23,7,12,353,32516.0,1949.0,Mixed
2016-12-19 00:00:00,Rat_lodging_Ben,226.88,2.2,6.0,-6.7,1033.2,6.2,0,1,12,354,32516.0,1949.0,Mixed
2016-12-19 01:00:00,Rat_lodging_Ben,222.86,1.7,8.0,-7.2,1033.9,7.2,1,1,12,354,32516.0,1949.0,Mixed
2016-12-19 02:00:00,Rat_lodging_Ben,220.51,1.7,8.0,-7.2,1035.0,7.2,2,1,12,354,32516.0,1949.0,Mixed
2016-12-19 03:00:00,Rat_lodging_Ben,215.94,1.1,8.0,-7.2,1036.6,4.1,3,1,12,354,32516.0,1949.0,Mixed
2016-12-19 04:00:00,Rat_lodging_Ben,217.6,0.6,8.0,-6.7,1037.2,4.6,4,1,12,354,32516.0,1949.0,Mixed
2016-12-19 05:00:00,Rat_lodging_Ben,218.95,0.0,7.333333333333333,-7.2,1037.8,4.6,5,1,12,354,32516.0,1949.0,Mixed
2016-12-19 06:00:00,Rat_lodging_Ben,232.55,0.0,6.666666666666667,-7.2,1038.7,4.1,6,1,12,354,32516.0,1949.0,Mixed
2016-12-19 07:00:00,Rat_lodging_Ben,259.0,0.0,6.0,-7.8,1039.3,5.1,7,1,12,354,32516.0,1949.0,Mixed
2016-12-19 08:00:00,Rat_lodging_Ben,282.41,-0.6,5.333333333333333,-8.3,1040.3,6.2,8,1,12,354,32516.0,1949.0,Mixed
2016-12-19 09:00:00,Rat_lodging_Ben,292.93,0.0,4.666666666666667,-8.3,1040.6,6.7,9,1,12,354,32516.0,1949.0,Mixed
2016-12-19 10:00:00,Rat_lodging_Ben,292.64,0.0,4.0,-8.3,1040.9,6.2,10,1,12,354,32516.0,1949.0,Mixed
2016-12-19 11:00:00,Rat_lodging_Ben,291.04,1.7,4.0,-7.8,1040.8,3.6,11,1,12,354,32516.0,1949.0,Mixed
2016-12-19 12:00:00,Rat_lodging_Ben,284.74,2.8,4.0,-7.8,1040.1,3.1,12,1,12,354,32516.0,1949.0,Mixed
2016-12-19 13:00:00,Rat_lodging_Ben,279.42,2.8,4.0,-8.9,1039.2,2.6,13,1,12,354,32516.0,1949.0,Mixed
2016-12-19 14:00:00,Rat_lodging_Ben,282.58,2.8,4.666666666666667,-8.3,1038.6,2.1,14,1,12,354,32516.0,1949.0,Mixed
2016-12-19 15:00:00,Rat_lodging_Ben,275.37,2.8,5.333333333333333,-8.9,1038.3,2.6,15,1,12,354,32516.0,1949.0,Mixed
2016-12-19 16:00:00,Rat_lodging_Ben,273.53,2.2,6.0,-7.8,1038.1,2.6,16,1,12,354,32516.0,1949.0,Mixed
2016-12-19 17:00:00,Rat_lodging_Ben,265.96,1.1,6.0,-7.8,1038.4,3.1,17,1,12,354,32516.0,1949.0,Mixed
2016-12-19 18:00:00,Rat_lodging_Ben,268.97,1.1,6.0,-7.8,1038.6,4.1,18,1,12,354,32516.0,1949.0,Mixed
2016-12-19 19:00:00,Rat_lodging_Ben,273.57,1.1,6.0,-7.2,1038.8,4.6,19,1,12,354,32516.0,1949.0,Mixed
2016-12-19 20:00:00,Rat_lodging_Ben,270.51,0.0,6.0,-7.8,1039.1,3.6,20,1,12,354,32516.0,1949.0,Mixed
2016-12-19 21:00:00,Rat_lodging_Ben,274.37,-0.6,6.0,-8.3,1039.2,4.1,21,1,12,354,32516.0,1949.0,Mixed
2016-12-19 22:00:00,Rat_lodging_Ben,264.82,-0.6,6.0,-8.3,1038.8,3.6,22,1,12,354,32516.0,1949.0,Mixed
2016-12-19 23:00:00,Rat_lodging_Ben,244.13,-0.6,6.0,-8.3,1038.8,4.1,23,1,12,354,32516.0,1949.0,Mixed
2016-12-20 00:00:00,Rat_lodging_Ben,236.06,-0.6,6.0,-8.3,1038.9,3.1,0,2,12,355,32516.0,1949.0,Mixed
2016-12-20 01:00:00,Rat_lodging_Ben,232.86,-1.1,6.0,-8.3,1038.5,3.6,1,2,12,355,32516.0,1949.0,Mixed
2016-12-20 02:00:00,Rat_lodging_Ben,221.89,-1.1,4.666666666666667,-8.9,1038.2,3.6,2,2,12,355,32516.0,1949.0,Mixed
2016-12-20 03:00:00,Rat_lodging_Ben,216.61,-1.7,3.3333333333333335,-8.3,1037.8,3.1,3,2,12,355,32516.0,1949.0,Mixed
2016-12-20 04:00:00,Rat_lodging_Ben,215.03,-2.2,2.0,-8.9,1037.2,2.6,4,2,12,355,32516.0,1949.0,Mixed
2016-12-20 05:00:00,Rat_lodging_Ben,214.2,-2.8,2.0,-8.9,1036.8,3.1,5,2,12,355,32516.0,1949.0,Mixed
2016-12-20 06:00:00,Rat_lodging_Ben,225.08,-2.8,2.0,-8.3,1036.8,2.1,6,2,12,355,32516.0,1949.0,Mixed
2016-12-20 07:00:00,Rat_lodging_Ben,263.9,-2.8,2.0,-8.3,1036.5,3.1,7,2,12,355,32516.0,1949.0,Mixed
2016-12-20 08:00:00,Rat_lodging_Ben,278.76,-2.8,1.0,-8.3,1036.4,2.6,8,2,12,355,32516.0,1949.0,Mixed
2016-12-20 09:00:00,Rat_lodging_Ben,294.09,-2.2,0.0,-8.3,1036.0,3.1,9,2,12,355,32516.0,1949.0,Mixed
2016-12-20 10:00:00,Rat_lodging_Ben,303.35,-0.6,2.0,-8.9,1036.1,2.1,10,2,12,355,32516.0,1949.0,Mixed
2016-12-20 11:00:00,Rat_lodging_Ben,300.08,0.6,2.0,-9.4,1035.5,0.0,11,2,12,355,32516.0,1949.0,Mixed
2016-12-20 12:00:00,Rat_lodging_Ben,295.64,1.1,2.0,-9.4,1033.5,0.0,12,2,12,355,32516.0,1949.0,Mixed
2016-12-20 13:00:00,Rat_lodging_Ben,292.36,1.7,2.0,-8.9,1031.6,2.6,13,2,12,355,32516.0,1949.0,Mixed
2016-12-20 14:00:00,Rat_lodging_Ben,288.99,2.2,2.0,-7.8,1030.4,2.6,14,2,12,355,32516.0,1949.0,Mixed
2016-12-20 15:00:00,Rat_lodging_Ben,296.79,2.8,2.0,-7.2,1029.1,2.6,15,2,12,355,32516.0,1949.0,Mixed
2016-12-20 16:00:00,Rat_lodging_Ben,279.98,2.8,2.0,-5.6,1028.3,1.5,16,2,12,355,32516.0,1949.0,Mixed
2016-12-20 17:00:00,Rat_lodging_Ben,283.87,1.7,1.0,-7.8,1027.6,2.1,17,2,12,355,32516.0,1949.0,Mixed
2016-12-20 18:00:00,Rat_lodging_Ben,274.06,1.1,0.0,-7.8,1027.2,2.1,18,2,12,355,32516.0,1949.0,Mixed
2016-12-20 19:00:00,Rat_lodging_Ben,274.02,1.1,0.0,-7.2,1027.1,2.6,19,2,12,355,32516.0,1949.0,Mixed
2016-12-20 20:00:00,Rat_lodging_Ben,274.6,0.0,0.0,-5.0,1026.2,2.1,20,2,12,355,32516.0,1949.0,Mixed
2016-12-20 21:00:00,Rat_lodging_Ben,263.8,-0.6,3.0,-6.1,1025.6,1.5,21,2,12,355,32516.0,1949.0,Mixed
2016-12-20 22:00:00,Rat_lodging_Ben,252.7,0.0,6.0,-6.7,1025.1,2.1,22,2,12,355,32516.0,1949.0,Mixed
2016-12-20 23:00:00,Rat_lodging_Ben,236.34,-1.1,6.0,-5.0,1024.6,2.6,23,2,12,355,32516.0,1949.0,Mixed
2016-12-21 00:00:00,Rat_lodging_Ben,232.74,-1.1,6.0,-5.6,1023.6,2.1,0,3,12,356,32516.0,1949.0,Mixed
2016-12-21 01:00:00,Rat_lodging_Ben,229.04,-1.7,6.0,-5.6,1023.0,1.5,1,3,12,356,32516.0,1949.0,Mixed
2016-12-21 02:00:00,Rat_lodging_Ben,222.84,-1.1,4.666666666666667,-5.0,1022.7,1.5,2,3,12,356,32516.0,1949.0,Mixed
2016-12-21 03:00:00,Rat_lodging_Ben,218.5,-1.7,3.3333333333333335,-4.4,1022.5,1.5,3,3,12,356,32516.0,1949.0,Mixed
2016-12-21 04:00:00,Rat_lodging_Ben,218.38,-1.1,2.0,-5.6,1022.5,0.0,4,3,12,356,32516.0,1949.0,Mixed
2016-12-21 05:00:00,Rat_lodging_Ben,219.13,-2.8,3.333333333333333,-5.0,1022.9,1.5,5,3,12,356,32516.0,1949.0,Mixed
2016-12-21 06:00:00,Rat_lodging_Ben,226.44,-1.7,4.666666666666666,-3.9,1023.4,1.5,6,3,12,356,32516.0,1949.0,Mixed
2016-12-21 07:00:00,Rat_lodging_Ben,259.8,3.9,6.0,-8.3,1024.1,3.6,7,3,12,356,32516.0,1949.0,Mixed
2016-12-21 08:00:00,Rat_lodging_Ben,287.68,4.4,6.0,-8.9,1024.3,0.0,8,3,12,356,32516.0,1949.0,Mixed
2016-12-21 09:00:00,Rat_lodging_Ben,288.08,2.2,6.0,-2.8,1024.4,2.1,9,3,12,356,32516.0,1949.0,Mixed
2016-12-21 10:00:00,Rat_lodging_Ben,300.42,5.0,6.0,-7.2,1025.3,1.5,10,3,12,356,32516.0,1949.0,Mixed
2016-12-21 11:00:00,Rat_lodging_Ben,294.81,7.8,6.666666666666667,-7.8,1025.4,2.6,11,3,12,356,32516.0,1949.0,Mixed
2016-12-21 12:00:00,Rat_lodging_Ben,291.16,6.7,7.333333333333333,-3.9,1024.7,2.6,12,3,12,356,32516.0,1949.0,Mixed
2016-12-21 13:00:00,Rat_lodging_Ben,283.34,6.7,8.0,-3.3,1024.0,3.6,13,3,12,356,32516.0,1949.0,Mixed
2016-12-21 14:00:00,Rat_lodging_Ben,270.79,7.8,8.0,-3.9,1023.8,3.6,14,3,12,356,32516.0,1949.0,Mixed
2016-12-21 15:00:00,Rat_lodging_Ben,269.48,8.9,8.0,-6.1,1024.0,2.6,15,3,12,356,32516.0,1949.0,Mixed
2016-12-21 16:00:00,Rat_lodging_Ben,262.96,8.3,8.0,-6.1,1024.1,2.6,16,3,12,356,32516.0,1949.0,Mixed
2016-12-21 17:00:00,Rat_lodging_Ben,270.18,7.8,8.0,-7.2,1024.2,2.6,17,3,12,356,32516.0,1949.0,Mixed
2016-12-21 18:00:00,Rat_lodging_Ben,267.42,7.2,8.0,-6.7,1023.9,1.5,18,3,12,356,32516.0,1949.0,Mixed
2016-12-21 19:00:00,Rat_lodging_Ben,265.65,4.4,8.0,-2.2,1023.6,4.1,19,3,12,356,32516.0,1949.0,Mixed
2016-12-21 20:00:00,Rat_lodging_Ben,260.09,5.0,6.666666666666667,-6.1,1023.7,2.6,20,3,12,356,32516.0,1949.0,Mixed
2016-12-21 21:00:00,Rat_lodging_Ben,249.91,2.8,5.333333333333334,-2.8,1023.4,2.1,21,3,12,356,32516.0,1949.0,Mixed
2016-12-21 22:00:00,Rat_lodging_Ben,240.88,3.3,4.0,-3.3,1023.0,1.5,22,3,12,356,32516.0,1949.0,Mixed
2016-12-21 23:00:00,Rat_lodging_Ben,230.02,2.2,4.0,-2.2,1022.4,2.6,23,3,12,356,32516.0,1949.0,Mixed
2016-12-22 00:00:00,Rat_lodging_Ben,224.35,2.2,4.0,-3.9,1021.5,3.1,0,4,12,357,32516.0,1949.0,Mixed
2016-12-22 01:00:00,Rat_lodging_Ben,220.07,2.8,8.0,-3.9,1020.7,3.1,1,4,12,357,32516.0,1949.0,Mixed
2016-12-22 02:00:00,Rat_lodging_Ben,218.57,5.0,8.0,-3.9,1019.3,5.7,2,4,12,357,32516.0,1949.0,Mixed
2016-12-22 03:00:00,Rat_lodging_Ben,215.59,5.0,8.0,-2.8,1018.7,5.7,3,4,12,357,32516.0,1949.0,Mixed
2016-12-22 04:00:00,Rat_lodging_Ben,212.31,5.0,8.0,-2.2,1017.8,6.7,4,4,12,357,32516.0,1949.0,Mixed
2016-12-22 05:00:00,Rat_lodging_Ben,214.13,5.0,7.333333333333333,-2.2,1017.0,4.1,5,4,12,357,32516.0,1949.0,Mixed
2016-12-22 06:00:00,Rat_lodging_Ben,222.25,5.0,6.666666666666667,-1.7,1016.7,1.5,6,4,12,357,32516.0,1949.0,Mixed
2016-12-22 07:00:00,Rat_lodging_Ben,263.12,4.4,6.0,-1.7,1016.3,3.6,7,4,12,357,32516.0,1949.0,Mixed
2016-12-22 08:00:00,Rat_lodging_Ben,269.98,5.6,4.0,-3.3,1017.0,2.6,8,4,12,357,32516.0,1949.0,Mixed
2016-12-22 09:00:00,Rat_lodging_Ben,285.71,6.7,4.0,-1.7,1017.0,2.1,9,4,12,357,32516.0,1949.0,Mixed
2016-12-22 10:00:00,Rat_lodging_Ben,303.1,6.7,4.0,-2.2,1016.7,3.1,10,4,12,357,32516.0,1949.0,Mixed
2016-12-22 11:00:00,Rat_lodging_Ben,291.21,8.3,3.0,-2.2,1016.6,2.1,11,4,12,357,32516.0,1949.0,Mixed
2016-12-22 12:00:00,Rat_lodging_Ben,297.57,10.0,2.0,-2.8,1016.0,1.5,12,4,12,357,32516.0,1949.0,Mixed
2016-12-22 13:00:00,Rat_lodging_Ben,301.35,13.9,2.0,-3.3,1015.1,1.5,13,4,12,357,32516.0,1949.0,Mixed
2016-12-22 14:00:00,Rat_lodging_Ben,284.19,14.4,2.0,-4.4,1015.5,4.1,14,4,12,357,32516.0,1949.0,Mixed
2016-12-22 15:00:00,Rat_lodging_Ben,284.4,14.4,2.0,-4.4,1016.5,7.2,15,4,12,357,32516.0,1949.0,Mixed
2016-12-22 16:00:00,Rat_lodging_Ben,290.79,12.8,2.0,-3.9,1018.3,7.2,16,4,12,357,32516.0,1949.0,Mixed
2016-12-22 17:00:00,Rat_lodging_Ben,290.83,8.3,2.0,-3.3,1021.2,11.3,17,4,12,357,32516.0,1949.0,Mixed
2016-12-22 18:00:00,Rat_lodging_Ben,268.08,7.2,4.0,-3.9,1023.4,5.7,18,4,12,357,32516.0,1949.0,Mixed
2016-12-22 19:00:00,Rat_lodging_Ben,263.72,7.2,6.0,-3.3,1024.4,7.7,19,4,12,357,32516.0,1949.0,Mixed
2016-12-22 20:00:00,Rat_lodging_Ben,253.87,7.2,3.0,-3.9,1025.4,8.2,20,4,12,357,32516.0,1949.0,Mixed
2016-12-22 21:00:00,Rat_lodging_Ben,260.51,6.1,0.0,-3.9,1026.3,5.7,21,4,12,357,32516.0,1949.0,Mixed
2016-12-22 22:00:00,Rat_lodging_Ben,249.1,5.0,0.0,-3.9,1026.9,4.6,22,4,12,357,32516.0,1949.0,Mixed
2016-12-22 23:00:00,Rat_lodging_Ben,235.73,4.4,0.0,-4.4,1027.3,3.1,23,4,12,357,32516.0,1949.0,Mixed
2016-12-23 00:00:00,Rat_lodging_Ben,232.44,4.4,0.0,-4.4,1028.0,2.1,0,5,12,358,32516.0,1949.0,Mixed
2016-12-23 01:00:00,Rat_lodging_Ben,235.04,3.9,0.0,-4.4,1028.6,2.6,1,5,12,358,32516.0,1949.0,Mixed
2016-12-23 02:00:00,Rat_lodging_Ben,228.39,2.2,0.0,-3.9,1029.4,2.1,2,5,12,358,32516.0,1949.0,Mixed
2016-12-23 03:00:00,Rat_lodging_Ben,224.21,2.8,0.0,-4.4,1030.1,2.1,3,5,12,358,32516.0,1949.0,Mixed
2016-12-23 04:00:00,Rat_lodging_Ben,221.78,0.6,0.0,-2.2,1030.3,2.1,4,5,12,358,32516.0,1949.0,Mixed
2016-12-23 05:00:00,Rat_lodging_Ben,221.33,0.0,4.0,-1.7,1030.7,2.1,5,5,12,358,32516.0,1949.0,Mixed
2016-12-23 06:00:00,Rat_lodging_Ben,235.57,0.6,5.0,-3.3,1031.5,0.0,6,5,12,358,32516.0,1949.0,Mixed
2016-12-23 07:00:00,Rat_lodging_Ben,267.56,0.0,6.0,-2.2,1032.4,2.1,7,5,12,358,32516.0,1949.0,Mixed
2016-12-23 08:00:00,Rat_lodging_Ben,288.81,0.0,6.0,-3.3,1033.0,3.1,8,5,12,358,32516.0,1949.0,Mixed
2016-12-23 09:00:00,Rat_lodging_Ben,290.49,2.2,6.0,-0.6,1033.5,2.1,9,5,12,358,32516.0,1949.0,Mixed
2016-12-23 10:00:00,Rat_lodging_Ben,287.21,4.4,6.0,-1.7,1033.9,1.5,10,5,12,358,32516.0,1949.0,Mixed
2016-12-23 11:00:00,Rat_lodging_Ben,287.21,5.6,6.0,-2.8,1033.7,1.5,11,5,12,358,32516.0,1949.0,Mixed
2016-12-23 12:00:00,Rat_lodging_Ben,289.68,7.8,6.0,-2.8,1032.8,3.1,12,5,12,358,32516.0,1949.0,Mixed
2016-12-23 13:00:00,Rat_lodging_Ben,279.23,7.8,6.0,-3.3,1032.1,2.1,13,5,12,358,32516.0,1949.0,Mixed
2016-12-23 14:00:00,Rat_lodging_Ben,276.49,7.2,6.666666666666667,-1.1,1031.7,6.2,14,5,12,358,32516.0,1949.0,Mixed
2016-12-23 15:00:00,Rat_lodging_Ben,285.92,7.8,7.333333333333333,-2.8,1031.8,4.1,15,5,12,358,32516.0,1949.0,Mixed
2016-12-23 16:00:00,Rat_lodging_Ben,282.03,6.7,8.0,-1.7,1032.0,3.1,16,5,12,358,32516.0,1949.0,Mixed
2016-12-23 17:00:00,Rat_lodging_Ben,267.02,5.6,8.0,-2.2,1031.7,4.1,17,5,12,358,32516.0,1949.0,Mixed
2016-12-23 18:00:00,Rat_lodging_Ben,270.5,4.4,8.0,-1.1,1031.6,3.1,18,5,12,358,32516.0,1949.0,Mixed
2016-12-23 19:00:00,Rat_lodging_Ben,274.17,4.4,8.0,-0.6,1031.5,2.1,19,5,12,358,32516.0,1949.0,Mixed
2016-12-23 20:00:00,Rat_lodging_Ben,271.24,5.0,8.0,-2.2,1031.4,2.6,20,5,12,358,32516.0,1949.0,Mixed
2016-12-23 21:00:00,Rat_lodging_Ben,271.09,5.0,8.0,-2.2,1031.0,3.6,21,5,12,358,32516.0,1949.0,Mixed
2016-12-23 22:00:00,Rat_lodging_Ben,257.14,5.0,8.0,-1.1,1030.1,1.5,22,5,12,358,32516.0,1949.0,Mixed
2016-12-23 23:00:00,Rat_lodging_Ben,249.26,5.6,8.0,-1.7,1030.0,3.1,23,5,12,358,32516.0,1949.0,Mixed
2016-12-24 00:00:00,Rat_lodging_Ben,236.87,5.6,8.0,-1.7,1029.0,3.1,0,6,12,359,32516.0,1949.0,Mixed
2016-12-24 01:00:00,Rat_lodging_Ben,230.63,5.6,8.0,-1.1,1027.9,4.1,1,6,12,359,32516.0,1949.0,Mixed
2016-12-24 02:00:00,Rat_lodging_Ben,228.88,5.6,8.0,-0.6,1026.6,4.6,2,6,12,359,32516.0,1949.0,Mixed
2016-12-24 03:00:00,Rat_lodging_Ben,224.12,5.6,8.0,-0.6,1027.6,3.1,3,6,12,359,32516.0,1949.0,Mixed
2016-12-24 04:00:00,Rat_lodging_Ben,224.76,5.0,8.0,1.1,1025.9,4.6,4,6,12,359,32516.0,1949.0,Mixed
2016-12-24 05:00:00,Rat_lodging_Ben,223.42,4.4,8.0,2.8,1025.5,4.1,5,6,12,359,32516.0,1949.0,Mixed
2016-12-24 06:00:00,Rat_lodging_Ben,225.16,4.4,8.0,3.9,1025.3,3.6,6,6,12,359,32516.0,1949.0,Mixed
2016-12-24 07:00:00,Rat_lodging_Ben,239.76,4.4,8.0,3.9,1024.6,3.6,7,6,12,359,32516.0,1949.0,Mixed
2016-12-24 08:00:00,Rat_lodging_Ben,256.32,4.4,8.0,3.9,1023.5,5.1,8,6,12,359,32516.0,1949.0,Mixed
2016-12-24 09:00:00,Rat_lodging_Ben,276.67,5.0,8.0,4.4,1022.8,5.7,9,6,12,359,32516.0,1949.0,Mixed
2016-12-24 10:00:00,Rat_lodging_Ben,277.28,6.1,8.0,5.6,1022.5,5.7,10,6,12,359,32516.0,1949.0,Mixed
2016-12-24 11:00:00,Rat_lodging_Ben,281.8,6.7,8.0,6.1,1021.9,4.1,11,6,12,359,32516.0,1949.0,Mixed
2016-12-24 12:00:00,Rat_lodging_Ben,273.6,7.2,8.0,6.7,1021.6,3.6,12,6,12,359,32516.0,1949.0,Mixed
2016-12-24 13:00:00,Rat_lodging_Ben,274.46,7.8,8.0,7.2,1020.6,3.1,13,6,12,359,32516.0,1949.0,Mixed
2016-12-24 14:00:00,Rat_lodging_Ben,272.82,7.8,8.0,7.2,1020.8,1.5,14,6,12,359,32516.0,1949.0,Mixed
2016-12-24 15:00:00,Rat_lodging_Ben,272.65,8.3,8.0,7.8,1021.5,0.0,15,6,12,359,32516.0,1949.0,Mixed
2016-12-24 16:00:00,Rat_lodging_Ben,269.08,8.3,8.0,7.8,1022.0,1.5,16,6,12,359,32516.0,1949.0,Mixed
2016-12-24 17:00:00,Rat_lodging_Ben,253.68,8.3,6.666666666666667,7.8,1022.9,1.5,17,6,12,359,32516.0,1949.0,Mixed
2016-12-24 18:00:00,Rat_lodging_Ben,253.77,8.3,5.333333333333334,7.8,1023.6,0.0,18,6,12,359,32516.0,1949.0,Mixed
2016-12-24 19:00:00,Rat_lodging_Ben,260.41,7.8,4.0,7.2,1024.1,0.0,19,6,12,359,32516.0,1949.0,Mixed
2016-12-24 20:00:00,Rat_lodging_Ben,253.7,5.6,4.0,5.6,1025.0,0.0,20,6,12,359,32516.0,1949.0,Mixed
2016-12-24 21:00:00,Rat_lodging_Ben,255.27,2.8,9.0,2.8,1025.75,0.0,21,6,12,359,32516.0,1949.0,Mixed
2016-12-24 22:00:00,Rat_lodging_Ben,252.64,3.9,9.0,3.9,1026.5,0.0,22,6,12,359,32516.0,1949.0,Mixed
2016-12-24 23:00:00,Rat_lodging_Ben,247.72,3.9,5.5,3.9,1026.9,1.5,23,6,12,359,32516.0,1949.0,Mixed
2016-12-25 00:00:00,Rat_lodging_Ben,239.83,2.2,2.0,2.2,1027.4,3.1,0,7,12,360,32516.0,1949.0,Mixed
2016-12-25 01:00:00,Rat_lodging_Ben,236.75,5.0,2.0,3.9,1027.5,2.6,1,7,12,360,32516.0,1949.0,Mixed
2016-12-25 02:00:00,Rat_lodging_Ben,229.33,6.7,2.0,3.9,1028.2,3.1,2,7,12,360,32516.0,1949.0,Mixed
2016-12-25 03:00:00,Rat_lodging_Ben,227.25,5.0,2.0,3.3,1028.9,2.6,3,7,12,360,32516.0,1949.0,Mixed
2016-12-25 04:00:00,Rat_lodging_Ben,228.35,3.9,2.0,2.8,1029.1,0.0,4,7,12,360,32516.0,1949.0,Mixed
2016-12-25 05:00:00,Rat_lodging_Ben,230.43,1.7,2.0,1.7,1029.6,0.0,5,7,12,360,32516.0,1949.0,Mixed
2016-12-25 06:00:00,Rat_lodging_Ben,236.42,2.8,2.0,2.2,1030.5,3.1,6,7,12,360,32516.0,1949.0,Mixed
2016-12-25 07:00:00,Rat_lodging_Ben,251.47,2.2,2.0,1.7,1031.3,1.5,7,7,12,360,32516.0,1949.0,Mixed
2016-12-25 08:00:00,Rat_lodging_Ben,253.07,3.3,2.0,1.7,1031.9,3.6,8,7,12,360,32516.0,1949.0,Mixed
2016-12-25 09:00:00,Rat_lodging_Ben,267.85,4.4,2.0,2.8,1032.8,3.1,9,7,12,360,32516.0,1949.0,Mixed
2016-12-25 10:00:00,Rat_lodging_Ben,272.63,6.7,0.0,2.8,1033.5,3.6,10,7,12,360,32516.0,1949.0,Mixed
2016-12-25 11:00:00,Rat_lodging_Ben,272.28,7.2,2.0,3.3,1034.4,2.1,11,7,12,360,32516.0,1949.0,Mixed
2016-12-25 12:00:00,Rat_lodging_Ben,267.94,8.9,2.0,3.3,1033.4,0.0,12,7,12,360,32516.0,1949.0,Mixed
2016-12-25 13:00:00,Rat_lodging_Ben,263.78,10.0,2.0,2.8,1032.9,0.0,13,7,12,360,32516.0,1949.0,Mixed
2016-12-25 14:00:00,Rat_lodging_Ben,249.02,10.0,2.0,3.3,1032.4,2.1,14,7,12,360,32516.0,1949.0,Mixed
2016-12-25 15:00:00,Rat_lodging_Ben,241.5,10.0,4.0,3.9,1032.4,3.1,15,7,12,360,32516.0,1949.0,Mixed
2016-12-25 16:00:00,Rat_lodging_Ben,239.63,9.4,4.0,3.3,1033.2,2.1,16,7,12,360,32516.0,1949.0,Mixed
2016-12-25 17:00:00,Rat_lodging_Ben,244.6,7.8,4.0,2.8,1033.7,3.6,17,7,12,360,32516.0,1949.0,Mixed
2016-12-25 18:00:00,Rat_lodging_Ben,247.6,7.2,5.0,2.8,1034.4,2.1,18,7,12,360,32516.0,1949.0,Mixed
2016-12-25 19:00:00,Rat_lodging_Ben,253.34,5.6,6.0,1.7,1035.2,1.5,19,7,12,360,32516.0,1949.0,Mixed
2016-12-25 20:00:00,Rat_lodging_Ben,249.88,6.1,4.0,1.7,1036.0,0.0,20,7,12,360,32516.0,1949.0,Mixed
2016-12-25 21:00:00,Rat_lodging_Ben,254.28,4.4,2.0,1.7,1036.6,0.0,21,7,12,360,32516.0,1949.0,Mixed
2016-12-25 22:00:00,Rat_lodging_Ben,248.75,3.9,2.0,1.7,1037.1,1.5,22,7,12,360,32516.0,1949.0,Mixed
2016-12-25 23:00:00,Rat_lodging_Ben,241.42,3.9,2.0,1.7,1037.4,0.0,23,7,12,360,32516.0,1949.0,Mixed
2016-12-26 00:00:00,Rat_lodging_Ben,233.89,2.8,5.0,1.7,1037.2,0.0,0,1,12,361,32516.0,1949.0,Mixed
2016-12-26 01:00:00,Rat_lodging_Ben,232.43,3.9,8.0,2.2,1037.7,0.0,1,1,12,361,32516.0,1949.0,Mixed
2016-12-26 02:00:00,Rat_lodging_Ben,230.91,3.9,8.0,2.2,1037.9,1.5,2,1,12,361,32516.0,1949.0,Mixed
2016-12-26 03:00:00,Rat_lodging_Ben,233.03,4.4,8.0,2.2,1038.2,0.0,3,1,12,361,32516.0,1949.0,Mixed
2016-12-26 04:00:00,Rat_lodging_Ben,226.41,4.4,8.0,2.8,1037.8,2.1,4,1,12,361,32516.0,1949.0,Mixed
2016-12-26 05:00:00,Rat_lodging_Ben,225.06,4.4,8.0,2.2,1037.4,2.6,5,1,12,361,32516.0,1949.0,Mixed
2016-12-26 06:00:00,Rat_lodging_Ben,233.72,4.4,8.0,2.8,1037.2,2.6,6,1,12,361,32516.0,1949.0,Mixed
2016-12-26 07:00:00,Rat_lodging_Ben,256.81,5.0,8.0,2.8,1037.5,2.1,7,1,12,361,32516.0,1949.0,Mixed
2016-12-26 08:00:00,Rat_lodging_Ben,277.24,5.0,8.0,2.8,1037.2,1.5,8,1,12,361,32516.0,1949.0,Mixed
2016-12-26 09:00:00,Rat_lodging_Ben,267.69,5.0,8.0,2.2,1037.6,1.5,9,1,12,361,32516.0,1949.0,Mixed
2016-12-26 10:00:00,Rat_lodging_Ben,273.4,5.6,8.0,2.8,1037.6,2.1,10,1,12,361,32516.0,1949.0,Mixed
2016-12-26 11:00:00,Rat_lodging_Ben,264.42,5.6,8.0,2.8,1036.8,2.1,11,1,12,361,32516.0,1949.0,Mixed
2016-12-26 12:00:00,Rat_lodging_Ben,266.67,6.7,8.0,2.8,1035.2,2.1,12,1,12,361,32516.0,1949.0,Mixed
2016-12-26 13:00:00,Rat_lodging_Ben,276.03,7.2,8.0,3.3,1034.5,0.0,13,1,12,361,32516.0,1949.0,Mixed
2016-12-26 14:00:00,Rat_lodging_Ben,258.86,6.7,8.0,3.3,1033.2,1.5,14,1,12,361,32516.0,1949.0,Mixed
2016-12-26 15:00:00,Rat_lodging_Ben,248.79,7.2,8.0,4.4,1031.6,3.1,15,1,12,361,32516.0,1949.0,Mixed
2016-12-26 16:00:00,Rat_lodging_Ben,251.86,7.8,8.0,4.4,1030.7,3.1,16,1,12,361,32516.0,1949.0,Mixed
2016-12-26 17:00:00,Rat_lodging_Ben,255.78,7.8,8.0,5.0,1030.2,2.1,17,1,12,361,32516.0,1949.0,Mixed
2016-12-26 18:00:00,Rat_lodging_Ben,255.28,7.2,8.0,5.0,1029.7,2.6,18,1,12,361,32516.0,1949.0,Mixed
2016-12-26 19:00:00,Rat_lodging_Ben,253.32,7.2,8.0,5.0,1028.4,3.1,19,1,12,361,32516.0,1949.0,Mixed
2016-12-26 20:00:00,Rat_lodging_Ben,254.99,7.2,7.333333333333333,5.0,1027.2,4.6,20,1,12,361,32516.0,1949.0,Mixed
2016-12-26 21:00:00,Rat_lodging_Ben,248.22,7.2,6.666666666666667,5.0,1025.6,6.2,21,1,12,361,32516.0,1949.0,Mixed
2016-12-26 22:00:00,Rat_lodging_Ben,246.81,7.2,6.0,5.6,1024.2,5.1,22,1,12,361,32516.0,1949.0,Mixed
2016-12-26 23:00:00,Rat_lodging_Ben,238.2,8.9,6.666666666666667,6.1,1023.3,5.1,23,1,12,361,32516.0,1949.0,Mixed
2016-12-27 00:00:00,Rat_lodging_Ben,235.56,8.9,7.333333333333333,6.1,1021.3,6.7,0,2,12,362,32516.0,1949.0,Mixed
2016-12-27 01:00:00,Rat_lodging_Ben,234.29,11.1,8.0,7.2,1020.2,5.7,1,2,12,362,32516.0,1949.0,Mixed
2016-12-27 02:00:00,Rat_lodging_Ben,228.65,11.7,7.333333333333333,7.2,1018.4,6.7,2,2,12,362,32516.0,1949.0,Mixed
2016-12-27 03:00:00,Rat_lodging_Ben,225.09,12.2,6.666666666666667,8.9,1017.5,7.7,3,2,12,362,32516.0,1949.0,Mixed
2016-12-27 04:00:00,Rat_lodging_Ben,221.16,13.9,6.0,11.1,1016.6,8.8,4,2,12,362,32516.0,1949.0,Mixed
2016-12-27 05:00:00,Rat_lodging_Ben,216.09,13.9,6.0,11.1,1015.8,8.2,5,2,12,362,32516.0,1949.0,Mixed
2016-12-27 06:00:00,Rat_lodging_Ben,226.67,13.3,6.0,11.1,1014.7,7.2,6,2,12,362,32516.0,1949.0,Mixed
2016-12-27 07:00:00,Rat_lodging_Ben,241.39,13.3,6.0,11.7,1015.0,7.2,7,2,12,362,32516.0,1949.0,Mixed
2016-12-27 08:00:00,Rat_lodging_Ben,260.76,13.3,6.666666666666667,11.7,1014.5,5.1,8,2,12,362,32516.0,1949.0,Mixed
2016-12-27 09:00:00,Rat_lodging_Ben,278.25,14.4,7.333333333333333,12.2,1014.6,5.1,9,2,12,362,32516.0,1949.0,Mixed
2016-12-27 10:00:00,Rat_lodging_Ben,282.41,15.0,8.0,12.2,1014.0,6.2,10,2,12,362,32516.0,1949.0,Mixed
2016-12-27 11:00:00,Rat_lodging_Ben,291.63,15.6,7.333333333333333,12.2,1013.9,6.7,11,2,12,362,32516.0,1949.0,Mixed
2016-12-27 12:00:00,Rat_lodging_Ben,292.4,16.7,6.666666666666667,12.8,1013.7,2.1,12,2,12,362,32516.0,1949.0,Mixed
2016-12-27 13:00:00,Rat_lodging_Ben,279.29,18.3,6.0,11.7,1012.6,3.6,13,2,12,362,32516.0,1949.0,Mixed
2016-12-27 14:00:00,Rat_lodging_Ben,278.08,19.4,4.0,10.6,1012.0,3.1,14,2,12,362,32516.0,1949.0,Mixed
2016-12-27 15:00:00,Rat_lodging_Ben,273.24,18.9,4.0,7.2,1011.4,4.1,15,2,12,362,32516.0,1949.0,Mixed
2016-12-27 16:00:00,Rat_lodging_Ben,265.7,15.0,6.0,11.1,1011.9,4.1,16,2,12,362,32516.0,1949.0,Mixed
2016-12-27 17:00:00,Rat_lodging_Ben,262.29,16.1,5.0,11.1,1012.5,2.1,17,2,12,362,32516.0,1949.0,Mixed
2016-12-27 18:00:00,Rat_lodging_Ben,252.75,16.1,4.0,3.3,1013.2,3.1,18,2,12,362,32516.0,1949.0,Mixed
2016-12-27 19:00:00,Rat_lodging_Ben,259.74,13.9,4.0,2.8,1013.8,2.6,19,2,12,362,32516.0,1949.0,Mixed
2016-12-27 20:00:00,Rat_lodging_Ben,261.31,13.9,4.0,2.2,1014.3,5.1,20,2,12,362,32516.0,1949.0,Mixed
2016-12-27 21:00:00,Rat_lodging_Ben,271.85,13.3,2.0,2.2,1014.6,6.2,21,2,12,362,32516.0,1949.0,Mixed
2016-12-27 22:00:00,Rat_lodging_Ben,250.23,12.2,0.0,1.7,1015.3,5.1,22,2,12,362,32516.0,1949.0,Mixed
2016-12-27 23:00:00,Rat_lodging_Ben,235.01,11.7,0.0,0.6,1015.5,7.2,23,2,12,362,32516.0,1949.0,Mixed
2016-12-28 00:00:00,Rat_lodging_Ben,228.23,10.6,0.0,-0.6,1015.8,5.7,0,3,12,363,32516.0,1949.0,Mixed
2016-12-28 01:00:00,Rat_lodging_Ben,224.49,10.0,0.0,-1.1,1016.1,4.6,1,3,12,363,32516.0,1949.0,Mixed
2016-12-28 02:00:00,Rat_lodging_Ben,229.2,8.9,0.0,-1.7,1016.6,6.2,2,3,12,363,32516.0,1949.0,Mixed
2016-12-28 03:00:00,Rat_lodging_Ben,221.39,8.3,0.0,-1.7,1017.6,8.8,3,3,12,363,32516.0,1949.0,Mixed
2016-12-28 04:00:00,Rat_lodging_Ben,220.95,7.8,0.0,-2.8,1018.2,4.6,4,3,12,363,32516.0,1949.0,Mixed
2016-12-28 05:00:00,Rat_lodging_Ben,219.0,7.2,0.0,-3.9,1019.0,7.2,5,3,12,363,32516.0,1949.0,Mixed
2016-12-28 06:00:00,Rat_lodging_Ben,230.18,6.1,0.0,-3.9,1020.1,3.6,6,3,12,363,32516.0,1949.0,Mixed
2016-12-28 07:00:00,Rat_lodging_Ben,254.8,4.4,0.0,-2.8,1021.0,4.6,7,3,12,363,32516.0,1949.0,Mixed
2016-12-28 08:00:00,Rat_lodging_Ben,280.57,4.4,2.0,-2.8,1021.7,3.6,8,3,12,363,32516.0,1949.0,Mixed
2016-12-28 09:00:00,Rat_lodging_Ben,289.55,6.7,2.0,-2.8,1022.5,4.1,9,3,12,363,32516.0,1949.0,Mixed
2016-12-28 10:00:00,Rat_lodging_Ben,279.35,7.2,2.0,-2.8,1023.4,5.7,10,3,12,363,32516.0,1949.0,Mixed
2016-12-28 11:00:00,Rat_lodging_Ben,279.03,8.3,2.0,-2.2,1023.1,4.6,11,3,12,363,32516.0,1949.0,Mixed
2016-12-28 12:00:00,Rat_lodging_Ben,280.05,8.9,4.0,-2.8,1022.3,2.6,12,3,12,363,32516.0,1949.0,Mixed
2016-12-28 13:00:00,Rat_lodging_Ben,270.4,10.0,4.0,-2.8,1021.5,4.1,13,3,12,363,32516.0,1949.0,Mixed
2016-12-28 14:00:00,Rat_lodging_Ben,271.24,10.6,2.0,-2.8,1021.1,4.1,14,3,12,363,32516.0,1949.0,Mixed
2016-12-28 15:00:00,Rat_lodging_Ben,274.64,10.6,2.0,-4.4,1020.7,2.1,15,3,12,363,32516.0,1949.0,Mixed
2016-12-28 16:00:00,Rat_lodging_Ben,275.72,10.6,2.0,-4.4,1020.6,0.0,16,3,12,363,32516.0,1949.0,Mixed
2016-12-28 17:00:00,Rat_lodging_Ben,271.93,7.2,2.0,-1.1,1020.1,2.6,17,3,12,363,32516.0,1949.0,Mixed
2016-12-28 18:00:00,Rat_lodging_Ben,270.73,6.7,0.0,-1.1,1020.4,0.0,18,3,12,363,32516.0,1949.0,Mixed
2016-12-28 19:00:00,Rat_lodging_Ben,260.18,6.7,0.0,-2.2,1020.7,1.5,19,3,12,363,32516.0,1949.0,Mixed
2016-12-28 20:00:00,Rat_lodging_Ben,261.01,5.0,0.0,-2.2,1020.8,0.0,20,3,12,363,32516.0,1949.0,Mixed
2016-12-28 21:00:00,Rat_lodging_Ben,264.21,4.4,0.0,-2.2,1020.6,2.1,21,3,12,363,32516.0,1949.0,Mixed
2016-12-28 22:00:00,Rat_lodging_Ben,255.34,4.4,0.0,-1.1,1020.3,2.6,22,3,12,363,32516.0,1949.0,Mixed
2016-12-28 23:00:00,Rat_lodging_Ben,239.73,3.9,0.0,-1.1,1019.5,3.1,23,3,12,363,32516.0,1949.0,Mixed
2016-12-29 00:00:00,Rat_lodging_Ben,233.02,2.8,0.0,-1.1,1018.5,2.6,0,4,12,364,32516.0,1949.0,Mixed
2016-12-29 01:00:00,Rat_lodging_Ben,226.88,3.3,4.0,0.0,1017.2,3.6,1,4,12,364,32516.0,1949.0,Mixed
2016-12-29 02:00:00,Rat_lodging_Ben,226.83,3.9,5.333333333333333,1.7,1016.6,3.1,2,4,12,364,32516.0,1949.0,Mixed
2016-12-29 03:00:00,Rat_lodging_Ben,220.85,4.4,6.666666666666666,1.7,1015.9,2.6,3,4,12,364,32516.0,1949.0,Mixed
2016-12-29 04:00:00,Rat_lodging_Ben,218.18,3.9,8.0,2.2,1014.7,3.1,4,4,12,364,32516.0,1949.0,Mixed
2016-12-29 05:00:00,Rat_lodging_Ben,222.34,3.9,8.0,2.8,1013.0,3.6,5,4,12,364,32516.0,1949.0,Mixed
2016-12-29 06:00:00,Rat_lodging_Ben,222.67,3.9,8.0,3.3,1012.2,3.1,6,4,12,364,32516.0,1949.0,Mixed
2016-12-29 07:00:00,Rat_lodging_Ben,250.39,4.4,8.0,3.9,1010.5,3.6,7,4,12,364,32516.0,1949.0,Mixed
2016-12-29 08:00:00,Rat_lodging_Ben,276.64,5.0,8.0,4.4,1009.7,3.1,8,4,12,364,32516.0,1949.0,Mixed
2016-12-29 09:00:00,Rat_lodging_Ben,285.54,6.1,8.0,5.0,1008.8,4.1,9,4,12,364,32516.0,1949.0,Mixed
2016-12-29 10:00:00,Rat_lodging_Ben,291.33,6.1,8.0,5.6,1008.2,4.6,10,4,12,364,32516.0,1949.0,Mixed
2016-12-29 11:00:00,Rat_lodging_Ben,287.23,6.7,8.0,5.6,1007.6,4.1,11,4,12,364,32516.0,1949.0,Mixed
2016-12-29 12:00:00,Rat_lodging_Ben,291.38,7.2,8.0,6.1,1005.0,4.1,12,4,12,364,32516.0,1949.0,Mixed
2016-12-29 13:00:00,Rat_lodging_Ben,287.5,7.8,8.0,6.1,1004.5,3.1,13,4,12,364,32516.0,1949.0,Mixed
2016-12-29 14:00:00,Rat_lodging_Ben,281.95,7.8,6.0,4.4,1004.1,2.1,14,4,12,364,32516.0,1949.0,Mixed
2016-12-29 15:00:00,Rat_lodging_Ben,280.36,8.9,4.0,3.9,1003.7,1.5,15,4,12,364,32516.0,1949.0,Mixed
2016-12-29 16:00:00,Rat_lodging_Ben,283.94,7.8,4.0,5.0,1004.2,4.1,16,4,12,364,32516.0,1949.0,Mixed
2016-12-29 17:00:00,Rat_lodging_Ben,273.34,9.4,4.0,-3.3,1005.4,5.7,17,4,12,364,32516.0,1949.0,Mixed
2016-12-29 18:00:00,Rat_lodging_Ben,263.92,8.3,2.0,-3.9,1006.8,6.7,18,4,12,364,32516.0,1949.0,Mixed
2016-12-29 19:00:00,Rat_lodging_Ben,264.71,7.2,0.0,-3.9,1007.3,6.2,19,4,12,364,32516.0,1949.0,Mixed
2016-12-29 20:00:00,Rat_lodging_Ben,272.88,6.1,0.0,-3.3,1007.8,3.1,20,4,12,364,32516.0,1949.0,Mixed
2016-12-29 21:00:00,Rat_lodging_Ben,270.63,5.0,0.0,-2.8,1007.8,2.1,21,4,12,364,32516.0,1949.0,Mixed
2016-12-29 22:00:00,Rat_lodging_Ben,249.48,4.4,0.0,-3.3,1007.9,2.6,22,4,12,364,32516.0,1949.0,Mixed
2016-12-29 23:00:00,Rat_lodging_Ben,234.06,2.2,0.0,-2.8,1007.4,3.1,23,4,12,364,32516.0,1949.0,Mixed
2016-12-30 00:00:00,Rat_lodging_Ben,230.68,2.8,0.0,-2.8,1006.9,2.6,0,5,12,365,32516.0,1949.0,Mixed
2016-12-30 01:00:00,Rat_lodging_Ben,218.67,5.0,6.0,-2.2,1007.2,7.7,1,5,12,365,32516.0,1949.0,Mixed
2016-12-30 02:00:00,Rat_lodging_Ben,222.35,4.4,4.0,-1.7,1007.5,5.1,2,5,12,365,32516.0,1949.0,Mixed
2016-12-30 03:00:00,Rat_lodging_Ben,218.49,3.9,2.0,-2.2,1007.4,4.1,3,5,12,365,32516.0,1949.0,Mixed
2016-12-30 04:00:00,Rat_lodging_Ben,215.51,2.8,6.0,-3.3,1007.5,2.6,4,5,12,365,32516.0,1949.0,Mixed
2016-12-30 05:00:00,Rat_lodging_Ben,217.4,3.3,4.0,-5.0,1007.8,4.1,5,5,12,365,32516.0,1949.0,Mixed
2016-12-30 06:00:00,Rat_lodging_Ben,228.65,3.3,0.0,-5.6,1008.3,4.6,6,5,12,365,32516.0,1949.0,Mixed
2016-12-30 07:00:00,Rat_lodging_Ben,257.17,2.8,4.0,-5.6,1009.1,4.6,7,5,12,365,32516.0,1949.0,Mixed
2016-12-30 08:00:00,Rat_lodging_Ben,272.78,2.8,2.0,-5.6,1009.6,3.6,8,5,12,365,32516.0,1949.0,Mixed
2016-12-30 09:00:00,Rat_lodging_Ben,278.13,3.9,4.0,-6.1,1010.3,5.1,9,5,12,365,32516.0,1949.0,Mixed
2016-12-30 10:00:00,Rat_lodging_Ben,283.2,5.0,4.0,-5.6,1011.2,12.4,10,5,12,365,32516.0,1949.0,Mixed
2016-12-30 11:00:00,Rat_lodging_Ben,282.72,5.6,4.0,-6.1,1011.9,6.2,11,5,12,365,32516.0,1949.0,Mixed
2016-12-30 12:00:00,Rat_lodging_Ben,279.98,5.6,4.0,-5.0,1011.9,5.1,12,5,12,365,32516.0,1949.0,Mixed
2016-12-30 13:00:00,Rat_lodging_Ben,286.2,5.6,4.0,-7.2,1011.7,9.3,13,5,12,365,32516.0,1949.0,Mixed
2016-12-30 14:00:00,Rat_lodging_Ben,282.18,6.1,4.666666666666667,-7.8,1011.8,10.8,14,5,12,365,32516.0,1949.0,Mixed
2016-12-30 15:00:00,Rat_lodging_Ben,273.84,5.0,5.333333333333333,-6.7,1012.6,4.6,15,5,12,365,32516.0,1949.0,Mixed
2016-12-30 16:00:00,Rat_lodging_Ben,269.69,3.9,6.0,-4.4,1014.2,3.6,16,5,12,365,32516.0,1949.0,Mixed
2016-12-30 17:00:00,Rat_lodging_Ben,270.86,3.3,5.0,-4.4,1015.6,6.7,17,5,12,365,32516.0,1949.0,Mixed
2016-12-30 18:00:00,Rat_lodging_Ben,259.91,2.8,4.0,-6.1,1016.3,3.1,18,5,12,365,32516.0,1949.0,Mixed
2016-12-30 19:00:00,Rat_lodging_Ben,271.48,2.8,2.0,-7.8,1017.6,5.7,19,5,12,365,32516.0,1949.0,Mixed
2016-12-30 20:00:00,Rat_lodging_Ben,261.64,2.2,4.0,-8.9,1018.5,3.6,20,5,12,365,32516.0,1949.0,Mixed
2016-12-30 21:00:00,Rat_lodging_Ben,254.9,1.7,2.0,-8.9,1019.3,3.1,21,5,12,365,32516.0,1949.0,Mixed
2016-12-30 22:00:00,Rat_lodging_Ben,252.11,1.7,4.0,-8.3,1019.9,2.6,22,5,12,365,32516.0,1949.0,Mixed
2016-12-30 23:00:00,Rat_lodging_Ben,236.22,0.6,2.0,-7.8,1019.9,2.6,23,5,12,365,32516.0,1949.0,Mixed
2016-12-31 00:00:00,Rat_lodging_Ben,225.62,0.6,2.0,-7.8,1020.6,2.6,0,6,12,366,32516.0,1949.0,Mixed
2016-12-31 01:00:00,Rat_lodging_Ben,221.79,0.0,0.0,-7.2,1020.6,2.1,1,6,12,366,32516.0,1949.0,Mixed
2016-12-31 02:00:00,Rat_lodging_Ben,216.13,-0.6,0.0,-5.6,1020.9,4.1,2,6,12,366,32516.0,1949.0,Mixed
2016-12-31 03:00:00,Rat_lodging_Ben,211.62,-1.7,0.0,-5.6,1021.2,2.1,3,6,12,366,32516.0,1949.0,Mixed
2016-12-31 04:00:00,Rat_lodging_Ben,211.88,-1.7,0.0,-6.7,1021.6,2.1,4,6,12,366,32516.0,1949.0,Mixed
2016-12-31 05:00:00,Rat_lodging_Ben,216.69,-1.1,4.0,-7.2,1021.6,1.5,5,6,12,366,32516.0,1949.0,Mixed
2016-12-31 06:00:00,Rat_lodging_Ben,217.7,-0.6,5.0,-6.7,1021.6,2.6,6,6,12,366,32516.0,1949.0,Mixed
2016-12-31 07:00:00,Rat_lodging_Ben,233.73,-1.1,6.0,-6.7,1021.9,1.5,7,6,12,366,32516.0,1949.0,Mixed
2016-12-31 08:00:00,Rat_lodging_Ben,245.14,-0.6,6.0,-4.4,1021.9,3.6,8,6,12,366,32516.0,1949.0,Mixed
2016-12-31 09:00:00,Rat_lodging_Ben,265.06,1.7,6.0,-4.4,1021.6,4.6,9,6,12,366,32516.0,1949.0,Mixed
2016-12-31 10:00:00,Rat_lodging_Ben,267.55,2.8,6.0,-5.0,1021.4,5.7,10,6,12,366,32516.0,1949.0,Mixed
2016-12-31 11:00:00,Rat_lodging_Ben,284.63,4.4,6.0,-5.6,1020.4,6.2,11,6,12,366,32516.0,1949.0,Mixed
2016-12-31 12:00:00,Rat_lodging_Ben,275.33,6.1,6.0,-6.1,1019.1,9.8,12,6,12,366,32516.0,1949.0,Mixed
2016-12-31 13:00:00,Rat_lodging_Ben,260.42,7.8,6.0,-6.1,1017.8,8.8,13,6,12,366,32516.0,1949.0,Mixed
2016-12-31 14:00:00,Rat_lodging_Ben,256.58,9.4,6.0,-6.7,1016.7,11.8,14,6,12,366,32516.0,1949.0,Mixed
2016-12-31 15:00:00,Rat_lodging_Ben,253.11,8.9,6.0,-6.1,1016.3,8.2,15,6,12,366,32516.0,1949.0,Mixed
2016-12-31 16:00:00,Rat_lodging_Ben,251.15,8.9,6.0,-6.1,1015.4,7.7,16,6,12,366,32516.0,1949.0,Mixed
2016-12-31 17:00:00,Rat_lodging_Ben,231.26,8.9,6.666666666666667,-6.1,1015.7,8.2,17,6,12,366,32516.0,1949.0,Mixed
2016-12-31 18:00:00,Rat_lodging_Ben,235.21,8.9,7.333333333333333,-5.6,1015.5,6.2,18,6,12,366,32516.0,1949.0,Mixed
2016-12-31 19:00:00,Rat_lodging_Ben,237.0,8.9,8.0,-5.6,1015.3,8.2,19,6,12,366,32516.0,1949.0,Mixed
2016-12-31 20:00:00,Rat_lodging_Ben,231.16,8.3,8.0,-4.4,1014.9,8.8,20,6,12,366,32516.0,1949.0,Mixed
2016-12-31 21:00:00,Rat_lodging_Ben,238.96,8.9,8.0,-5.6,1014.5,7.2,21,6,12,366,32516.0,1949.0,Mixed
2016-12-31 22:00:00,Rat_lodging_Ben,234.13,8.3,8.0,-5.0,1014.5,6.2,22,6,12,366,32516.0,1949.0,Mixed
2016-12-31 23:00:00,Rat_lodging_Ben,218.95,7.8,8.0,-5.0,1015.0,5.7,23,6,12,366,32516.0,1949.0,Mixed
