timestamp,building_id,meter_reading,airTemperature,cloudCoverage,dewTemperature,seaLvlPressure,windSpeed,hour,day_of_week,month,day_of_year,sqm,yearbuilt,climate_zone
2016-01-01 03:00:00,Panther_lodging_Kirk,9.7519,20.6,6.0,20.0,1018.1,0.0,3,5,1,1,18667.3,2006.0,Hot-Humid
2016-01-01 07:00:00,Panther_lodging_Kirk,12.9025,18.9,6.0,18.9,1019.2,1.5,7,5,1,1,18667.3,2006.0,Hot-Humid
2016-01-01 11:00:00,Panther_lodging_Kirk,18.0035,26.1,6.142857142857143,20.0,1020.2,4.1,11,5,1,1,18667.3,2006.0,Hot-Humid
2016-01-02 11:00:00,Panther_lodging_Kirk,16.5032,17.8,6.285714285714286,13.3,1021.5,3.6,11,6,1,2,18667.3,2006.0,Hot-Humid
2016-01-02 12:00:00,Panther_lodging_Kirk,18.4035,19.4,6.428571428571429,11.7,1020.4,3.6,12,6,1,2,18667.3,2006.0,Hot-Humid
2016-01-02 14:00:00,Panther_lodging_Kirk,16.9533,22.2,6.428571428571429,12.8,1017.6,3.1,14,6,1,2,18667.3,2006.0,Hot-Humid
2016-01-02 23:00:00,Panther_lodging_Kirk,16.5032,16.7,6.428571428571429,12.8,1018.3,5.1,23,6,1,2,18667.3,2006.0,Hot-Humid
2016-01-03 06:00:00,Panther_lodging_Kirk,20.0039,14.4,6.428571428571429,12.2,1016.9,4.1,6,7,1,3,18667.3,2006.0,Hot-Humid
2016-01-03 12:00:00,Panther_lodging_Kirk,20.4039,13.3,6.428571428571429,12.2,1016.9,4.6,12,7,1,3,18667.3,2006.0,Hot-Humid
2016-01-04 02:00:00,Panther_lodging_Kirk,21.6042,10.0,6.428571428571429,7.8,1014.2,5.1,2,1,1,4,18667.3,2006.0,Hot-Humid
2016-01-06 05:00:00,Panther_lodging_Kirk,30.0058,13.3,6.428571428571429,11.7,1022.1,5.1,5,3,1,6,18667.3,2006.0,Hot-Humid
2016-01-06 11:00:00,Panther_lodging_Kirk,38.3574,15.0,6.428571428571429,13.3,1023.3,4.6,11,3,1,6,18667.3,2006.0,Hot-Humid
2016-01-06 16:00:00,Panther_lodging_Kirk,19.0537,18.9,6.428571428571429,15.0,1018.0,8.2,16,3,1,6,18667.3,2006.0,Hot-Humid
2016-01-07 02:00:00,Panther_lodging_Kirk,20.804,14.4,6.428571428571429,13.3,1018.0,4.1,2,4,1,7,18667.3,2006.0,Hot-Humid
2016-01-07 17:00:00,Panther_lodging_Kirk,14.4028,21.1,6.428571428571429,15.0,1013.8,2.6,17,4,1,7,18667.3,2006.0,Hot-Humid
2016-01-08 13:00:00,Panther_lodging_Kirk,20.1039,18.3,8.0,17.2,1012.6,4.1,13,5,1,8,18667.3,2006.0,Hot-Humid
2016-01-09 09:00:00,Panther_lodging_Kirk,14.5528,15.6,9.0,15.6,1013.8,0.0,9,6,1,9,18667.3,2006.0,Hot-Humid
2016-01-09 11:00:00,Panther_lodging_Kirk,20.1039,16.7,7.75,16.7,1013.3,0.0,11,6,1,9,18667.3,2006.0,Hot-Humid
2016-01-09 20:00:00,Panther_lodging_Kirk,27.6053,19.4,6.5,17.8,1010.0,3.6,20,6,1,9,18667.3,2006.0,Hot-Humid
2016-01-10 15:00:00,Panther_lodging_Kirk,24.4547,17.8,5.25,11.7,1014.3,5.1,15,7,1,10,18667.3,2006.0,Hot-Humid
2016-01-10 19:00:00,Panther_lodging_Kirk,31.206,14.4,4.0,9.4,1017.2,4.6,19,7,1,10,18667.3,2006.0,Hot-Humid
2016-01-11 03:00:00,Panther_lodging_Kirk,21.6042,10.6,4.0,6.7,1019.6,5.1,3,1,1,11,18667.3,2006.0,Hot-Humid
2016-01-11 05:00:00,Panther_lodging_Kirk,20.4039,8.3,4.0,3.3,1020.2,4.1,5,1,1,11,18667.3,2006.0,Hot-Humid
2016-01-12 17:00:00,Panther_lodging_Kirk,28.4055,16.7,4.0,-4.4,1020.6,3.1,17,2,1,12,18667.3,2006.0,Hot-Humid
2016-01-13 04:00:00,Panther_lodging_Kirk,26.005,9.4,4.0,1.1,1022.8,3.6,4,3,1,13,18667.3,2006.0,Hot-Humid
2016-01-14 08:00:00,Panther_lodging_Kirk,20.554,9.4,4.0,2.2,1021.7,3.6,8,4,1,14,18667.3,2006.0,Hot-Humid
2016-01-14 13:00:00,Panther_lodging_Kirk,32.4063,20.0,4.0,8.9,1020.2,3.6,13,4,1,14,18667.3,2006.0,Hot-Humid
2016-01-14 14:00:00,Panther_lodging_Kirk,28.8056,21.1,4.0,8.9,1018.8,3.6,14,4,1,14,18667.3,2006.0,Hot-Humid
2016-01-15 06:00:00,Panther_lodging_Kirk,12.6024,17.8,4.0,17.2,1010.1,4.6,6,5,1,15,18667.3,2006.0,Hot-Humid
2016-01-15 11:00:00,Panther_lodging_Kirk,26.8052,20.0,4.0,19.4,1007.8,6.7,11,5,1,15,18667.3,2006.0,Hot-Humid
2016-01-15 15:00:00,Panther_lodging_Kirk,25.2049,23.9,4.0,13.9,1005.1,9.8,15,5,1,15,18667.3,2006.0,Hot-Humid
2016-01-15 18:00:00,Panther_lodging_Kirk,14.4028,20.6,5.0,11.7,1007.3,5.1,18,5,1,15,18667.3,2006.0,Hot-Humid
2016-01-15 19:00:00,Panther_lodging_Kirk,15.1529,18.9,6.0,11.7,1008.2,3.6,19,5,1,15,18667.3,2006.0,Hot-Humid
2016-01-15 22:00:00,Panther_lodging_Kirk,20.1039,16.7,4.0,13.3,1010.4,3.1,22,5,1,15,18667.3,2006.0,Hot-Humid
2016-01-16 21:00:00,Panther_lodging_Kirk,29.6057,17.2,4.0,12.2,1010.1,4.1,21,6,1,16,18667.3,2006.0,Hot-Humid
2016-01-17 02:00:00,Panther_lodging_Kirk,11.5522,14.4,4.0,13.3,1004.4,2.1,2,7,1,17,18667.3,2006.0,Hot-Humid
2016-01-17 13:00:00,Panther_lodging_Kirk,16.8033,17.2,4.0,9.4,1010.0,9.3,13,7,1,17,18667.3,2006.0,Hot-Humid
2016-01-17 17:00:00,Panther_lodging_Kirk,13.9527,15.6,2.0,6.7,1013.3,5.7,17,7,1,17,18667.3,2006.0,Hot-Humid
2016-01-18 01:00:00,Panther_lodging_Kirk,25.6049,10.0,0.0,5.0,1018.2,3.6,1,1,1,18,18667.3,2006.0,Hot-Humid
2016-01-18 11:00:00,Panther_lodging_Kirk,53.6604,12.2,2.0,0.6,1024.1,4.6,11,1,1,18,18667.3,2006.0,Hot-Humid
2016-01-18 20:00:00,Panther_lodging_Kirk,35.6069,11.7,2.8,-0.6,1025.3,3.1,20,1,1,18,18667.3,2006.0,Hot-Humid
2016-01-18 23:00:00,Panther_lodging_Kirk,34.0066,10.0,3.6,0.6,1026.9,4.6,23,1,1,18,18667.3,2006.0,Hot-Humid
2016-01-19 05:00:00,Panther_lodging_Kirk,24.4047,7.2,4.4,0.6,1027.1,5.7,5,2,1,19,18667.3,2006.0,Hot-Humid
2016-01-20 02:00:00,Panther_lodging_Kirk,31.206,3.9,4.4,-0.6,1027.7,2.6,2,3,1,20,18667.3,2006.0,Hot-Humid
2016-01-20 07:00:00,Panther_lodging_Kirk,33.4565,3.9,6.0,-2.2,1026.7,3.1,7,3,1,20,18667.3,2006.0,Hot-Humid
2016-01-20 15:00:00,Panther_lodging_Kirk,28.8056,18.3,5.6,0.6,1023.5,0.0,15,3,1,20,18667.3,2006.0,Hot-Humid
2016-01-21 05:00:00,Panther_lodging_Kirk,28.8056,7.2,5.2,6.1,1022.3,0.0,5,4,1,21,18667.3,2006.0,Hot-Humid
2016-01-21 20:00:00,Panther_lodging_Kirk,20.2539,15.6,4.8,10.0,1020.4,3.1,20,4,1,21,18667.3,2006.0,Hot-Humid
2016-01-22 17:00:00,Panther_lodging_Kirk,31.206,18.9,4.8,11.7,1006.1,9.3,17,5,1,22,18667.3,2006.0,Hot-Humid
2016-01-23 01:00:00,Panther_lodging_Kirk,15.0029,13.3,4.0,8.3,1006.5,7.7,1,6,1,23,18667.3,2006.0,Hot-Humid
2016-01-24 09:00:00,Panther_lodging_Kirk,32.8063,3.3,0.0,-3.9,1022.5,5.1,9,7,1,24,18667.3,2006.0,Hot-Humid
2016-01-24 22:00:00,Panther_lodging_Kirk,42.0081,5.6,2.0,2.8,1023.8,3.1,22,7,1,24,18667.3,2006.0,Hot-Humid
2016-01-26 01:00:00,Panther_lodging_Kirk,35.6069,11.1,6.0,10.0,1024.8,0.0,1,2,1,26,18667.3,2006.0,Hot-Humid
2016-01-26 04:00:00,Panther_lodging_Kirk,11.2522,10.6,7.0,9.4,1023.5,1.5,4,2,1,26,18667.3,2006.0,Hot-Humid
2016-01-27 13:00:00,Panther_lodging_Kirk,16.2031,19.4,8.0,17.8,1015.0,3.1,13,3,1,27,18667.3,2006.0,Hot-Humid
2016-01-27 17:00:00,Panther_lodging_Kirk,12.9025,18.9,7.333333333333333,17.8,1013.3,3.1,17,3,1,27,18667.3,2006.0,Hot-Humid
2016-01-28 00:00:00,Panther_lodging_Kirk,33.6065,17.8,6.666666666666667,17.2,1014.6,0.0,0,4,1,28,18667.3,2006.0,Hot-Humid
2016-01-30 07:00:00,Panther_lodging_Kirk,26.8052,7.8,6.0,6.7,1021.8,2.1,7,6,1,30,18667.3,2006.0,Hot-Humid
2016-01-30 13:00:00,Panther_lodging_Kirk,31.206,20.6,6.0,1.7,1022.0,2.6,13,6,1,30,18667.3,2006.0,Hot-Humid
2016-01-30 19:00:00,Panther_lodging_Kirk,20.704,15.6,8.0,6.1,1021.3,1.5,19,6,1,30,18667.3,2006.0,Hot-Humid
2016-01-30 21:00:00,Panther_lodging_Kirk,33.2064,13.9,8.0,7.2,1021.8,0.0,21,6,1,30,18667.3,2006.0,Hot-Humid
2016-01-31 01:00:00,Panther_lodging_Kirk,29.6057,12.8,8.0,10.0,1021.2,0.0,1,7,1,31,18667.3,2006.0,Hot-Humid
2016-01-31 07:00:00,Panther_lodging_Kirk,24.0046,12.2,8.0,10.6,1021.2,0.0,7,7,1,31,18667.3,2006.0,Hot-Humid
2016-01-31 17:00:00,Panther_lodging_Kirk,55.3607,21.1,6.5,12.8,1018.9,2.6,17,7,1,31,18667.3,2006.0,Hot-Humid
2016-01-31 20:00:00,Panther_lodging_Kirk,38.4074,17.8,5.0,14.4,1018.1,2.1,20,7,1,31,18667.3,2006.0,Hot-Humid
2016-01-31 21:00:00,Panther_lodging_Kirk,35.6069,17.2,3.5,14.4,1018.4,3.1,21,7,1,31,18667.3,2006.0,Hot-Humid
2016-02-01 23:00:00,Panther_lodging_Kirk,11.5522,20.0,2.0,17.8,1017.2,0.0,23,1,2,32,18667.3,2006.0,Hot-Humid
2016-02-02 01:00:00,Panther_lodging_Kirk,12.0023,19.4,2.0,18.3,1016.9,2.6,1,2,2,33,18667.3,2006.0,Hot-Humid
2016-02-02 05:00:00,Panther_lodging_Kirk,22.4043,17.8,3.0,17.2,1017.05,0.0,5,2,2,33,18667.3,2006.0,Hot-Humid
2016-02-02 15:00:00,Panther_lodging_Kirk,13.5026,26.7,4.0,18.9,1017.2,7.2,15,2,2,33,18667.3,2006.0,Hot-Humid
2016-02-02 21:00:00,Panther_lodging_Kirk,30.806,22.2,5.0,20.0,1019.4,5.1,21,2,2,33,18667.3,2006.0,Hot-Humid
2016-02-03 07:00:00,Panther_lodging_Kirk,19.2037,20.6,6.0,20.0,1018.4,3.6,7,3,2,34,18667.3,2006.0,Hot-Humid
2016-02-04 06:00:00,Panther_lodging_Kirk,17.2033,20.0,0.0,18.3,1017.1,3.1,6,4,2,35,18667.3,2006.0,Hot-Humid
2016-02-05 03:00:00,Panther_lodging_Kirk,18.3035,11.7,1.0,6.1,1020.4,8.2,3,5,2,36,18667.3,2006.0,Hot-Humid
2016-02-05 17:00:00,Panther_lodging_Kirk,24.8048,13.9,2.0,1.7,1023.7,9.3,17,5,2,36,18667.3,2006.0,Hot-Humid
2016-02-06 05:00:00,Panther_lodging_Kirk,28.4055,9.4,4.0,6.7,1021.5,3.1,5,6,2,37,18667.3,2006.0,Hot-Humid
2016-02-06 11:00:00,Panther_lodging_Kirk,23.2045,19.4,4.5,11.1,1022.6,3.6,11,6,2,37,18667.3,2006.0,Hot-Humid
2016-02-06 21:00:00,Panther_lodging_Kirk,18.6036,12.8,5.0,11.7,1017.2,5.1,21,6,2,37,18667.3,2006.0,Hot-Humid
2016-02-07 05:00:00,Panther_lodging_Kirk,27.6053,7.2,5.5,5.6,1014.6,7.2,5,7,2,38,18667.3,2006.0,Hot-Humid
2016-02-08 19:00:00,Panther_lodging_Kirk,16.0531,16.1,6.0,5.0,1012.3,5.1,19,1,2,39,18667.3,2006.0,Hot-Humid
2016-02-08 21:00:00,Panther_lodging_Kirk,22.5043,15.0,5.0,7.8,1012.1,5.7,21,1,2,39,18667.3,2006.0,Hot-Humid
2016-02-09 17:00:00,Panther_lodging_Kirk,31.206,15.0,4.0,3.3,1014.2,6.7,17,2,2,40,18667.3,2006.0,Hot-Humid
2016-02-10 04:00:00,Panther_lodging_Kirk,26.4051,7.8,3.0,-1.7,1019.9,3.1,4,3,2,41,18667.3,2006.0,Hot-Humid
2016-02-13 05:00:00,Panther_lodging_Kirk,19.5038,12.8,2.0,11.7,1021.3,2.1,5,6,2,44,18667.3,2006.0,Hot-Humid
2016-02-13 11:00:00,Panther_lodging_Kirk,17.1033,17.8,0.0,7.8,1024.8,5.1,11,6,2,44,18667.3,2006.0,Hot-Humid
2016-02-13 13:00:00,Panther_lodging_Kirk,27.2053,20.0,0.0,5.0,1023.4,4.6,13,6,2,44,18667.3,2006.0,Hot-Humid
2016-02-13 21:00:00,Panther_lodging_Kirk,15.603,11.7,0.0,3.9,1025.1,5.7,21,6,2,44,18667.3,2006.0,Hot-Humid
2016-02-14 00:00:00,Panther_lodging_Kirk,21.3041,9.4,0.0,4.4,1025.8,3.6,0,7,2,45,18667.3,2006.0,Hot-Humid
2016-02-14 06:00:00,Panther_lodging_Kirk,23.2545,7.8,0.0,2.8,1024.1,4.1,6,7,2,45,18667.3,2006.0,Hot-Humid
2016-02-14 11:00:00,Panther_lodging_Kirk,12.7525,18.3,0.6666666666666666,7.2,1025.9,4.6,11,7,2,45,18667.3,2006.0,Hot-Humid
2016-02-14 23:00:00,Panther_lodging_Kirk,13.8027,16.1,1.3333333333333333,11.1,1023.7,3.1,23,7,2,45,18667.3,2006.0,Hot-Humid
2016-02-15 03:00:00,Panther_lodging_Kirk,16.2031,11.7,2.0,10.0,1021.6,0.0,3,1,2,46,18667.3,2006.0,Hot-Humid
2016-02-15 23:00:00,Panther_lodging_Kirk,10.502,18.3,2.0,16.7,1013.0,4.1,23,1,2,46,18667.3,2006.0,Hot-Humid
2016-02-16 05:00:00,Panther_lodging_Kirk,22.4043,17.2,2.0,15.0,1012.2,6.2,5,2,2,47,18667.3,2006.0,Hot-Humid
2016-02-16 07:00:00,Panther_lodging_Kirk,10.652,15.0,4.0,13.9,1011.9,2.6,7,2,2,47,18667.3,2006.0,Hot-Humid
2016-02-16 11:00:00,Panther_lodging_Kirk,28.8056,21.1,2.0,12.8,1013.4,4.6,11,2,2,47,18667.3,2006.0,Hot-Humid
2016-02-16 13:00:00,Panther_lodging_Kirk,14.1027,22.8,2.0,11.7,1012.5,4.6,13,2,2,47,18667.3,2006.0,Hot-Humid
2016-02-16 23:00:00,Panther_lodging_Kirk,30.0058,15.0,3.0,10.0,1016.0,4.6,23,2,2,47,18667.3,2006.0,Hot-Humid
2016-02-17 17:00:00,Panther_lodging_Kirk,23.8546,23.3,4.0,7.2,1018.9,4.1,17,3,2,48,18667.3,2006.0,Hot-Humid
2016-02-17 23:00:00,Panther_lodging_Kirk,16.2031,15.6,0.0,10.0,1023.0,3.6,23,3,2,48,18667.3,2006.0,Hot-Humid
2016-02-18 21:00:00,Panther_lodging_Kirk,23.2545,14.4,2.0,8.3,1028.2,6.2,21,4,2,49,18667.3,2006.0,Hot-Humid
2016-02-18 23:00:00,Panther_lodging_Kirk,30.806,13.9,2.0,8.9,1028.4,4.6,23,4,2,49,18667.3,2006.0,Hot-Humid
2016-02-19 17:00:00,Panther_lodging_Kirk,17.2533,21.1,2.0,10.0,1027.0,6.2,17,5,2,50,18667.3,2006.0,Hot-Humid
2016-02-19 22:00:00,Panther_lodging_Kirk,17.7034,13.9,2.0,10.0,1026.8,0.0,22,5,2,50,18667.3,2006.0,Hot-Humid
2016-02-20 11:00:00,Panther_lodging_Kirk,24.4047,22.2,4.0,8.9,1027.6,4.1,11,6,2,51,18667.3,2006.0,Hot-Humid
2016-02-21 07:00:00,Panther_lodging_Kirk,16.9533,12.2,4.0,10.6,1022.4,0.0,7,7,2,52,18667.3,2006.0,Hot-Humid
2016-02-21 17:00:00,Panther_lodging_Kirk,13.3526,24.4,5.333333333333333,10.6,1019.0,5.1,17,7,2,52,18667.3,2006.0,Hot-Humid
2016-02-22 05:00:00,Panther_lodging_Kirk,22.8044,12.8,6.666666666666666,11.7,1016.8,0.0,5,1,2,53,18667.3,2006.0,Hot-Humid
2016-02-23 01:00:00,Panther_lodging_Kirk,15.303,18.9,8.0,17.8,1014.4,5.1,1,2,2,54,18667.3,2006.0,Hot-Humid
2016-02-23 13:00:00,Panther_lodging_Kirk,15.603,25.6,6.0,17.8,1012.9,7.2,13,2,2,54,18667.3,2006.0,Hot-Humid
2016-02-23 15:00:00,Panther_lodging_Kirk,36.507,20.6,5.0,18.3,1012.4,6.7,15,2,2,54,18667.3,2006.0,Hot-Humid
2016-02-23 17:00:00,Panther_lodging_Kirk,17.4033,23.9,4.0,17.8,1010.7,4.6,17,2,2,54,18667.3,2006.0,Hot-Humid
2016-02-23 19:00:00,Panther_lodging_Kirk,28.4055,21.7,6.0,18.3,1011.0,2.6,19,2,2,54,18667.3,2006.0,Hot-Humid
2016-02-24 09:00:00,Panther_lodging_Kirk,22.0042,22.2,3.0,20.6,1011.1,7.7,9,3,2,55,18667.3,2006.0,Hot-Humid
2016-02-26 04:00:00,Panther_lodging_Kirk,18.7536,8.9,0.0,6.1,1022.1,2.6,4,5,2,57,18667.3,2006.0,Hot-Humid
2016-02-26 05:00:00,Panther_lodging_Kirk,20.804,8.3,0.0,6.1,1022.0,2.6,5,5,2,57,18667.3,2006.0,Hot-Humid
2016-02-26 23:00:00,Panther_lodging_Kirk,23.5546,9.4,0.0,3.3,1023.9,2.1,23,5,2,57,18667.3,2006.0,Hot-Humid
2016-02-27 07:00:00,Panther_lodging_Kirk,22.8044,6.1,2.0,1.1,1024.3,3.6,7,6,2,58,18667.3,2006.0,Hot-Humid
2016-02-27 11:00:00,Panther_lodging_Kirk,15.9031,14.4,0.0,-0.6,1025.8,4.6,11,6,2,58,18667.3,2006.0,Hot-Humid
2016-02-29 02:00:00,Panther_lodging_Kirk,13.8027,13.3,0.5,8.9,1022.4,2.6,2,1,2,60,18667.3,2006.0,Hot-Humid
2016-02-29 05:00:00,Panther_lodging_Kirk,17.1033,12.2,1.0,9.4,1021.9,0.0,5,1,2,60,18667.3,2006.0,Hot-Humid
2016-02-29 15:00:00,Panther_lodging_Kirk,16.5032,25.0,1.5,7.8,1019.8,3.1,15,1,2,60,18667.3,2006.0,Hot-Humid
2016-03-01 08:00:00,Panther_lodging_Kirk,23.2045,15.6,2.0,11.7,1021.8,0.0,8,2,3,61,18667.3,2006.0,Hot-Humid
2016-03-01 19:00:00,Panther_lodging_Kirk,29.6057,22.8,6.0,11.7,1018.6,2.6,19,2,3,61,18667.3,2006.0,Hot-Humid
2016-03-02 06:00:00,Panther_lodging_Kirk,15.0029,14.4,6.0,12.2,1017.8,2.1,6,3,3,62,18667.3,2006.0,Hot-Humid
2016-03-02 11:00:00,Panther_lodging_Kirk,26.4051,23.3,6.0,15.0,1019.4,5.1,11,3,3,62,18667.3,2006.0,Hot-Humid
2016-03-03 13:00:00,Panther_lodging_Kirk,10.502,26.1,6.0,8.9,1017.1,3.6,13,4,3,63,18667.3,2006.0,Hot-Humid
2016-03-04 05:00:00,Panther_lodging_Kirk,10.652,18.3,4.666666666666667,15.0,1013.7,2.6,5,5,3,64,18667.3,2006.0,Hot-Humid
2016-03-04 06:00:00,Panther_lodging_Kirk,20.804,18.3,3.3333333333333335,15.6,1014.5,4.6,6,5,3,64,18667.3,2006.0,Hot-Humid
2016-03-04 13:00:00,Panther_lodging_Kirk,18.0035,24.4,2.0,9.4,1015.8,5.1,13,5,3,64,18667.3,2006.0,Hot-Humid
2016-03-04 15:00:00,Panther_lodging_Kirk,24.4047,25.0,2.0,7.2,1014.9,3.1,15,5,3,64,18667.3,2006.0,Hot-Humid
2016-03-04 17:00:00,Panther_lodging_Kirk,14.1027,23.3,2.0,10.6,1015.2,5.1,17,5,3,64,18667.3,2006.0,Hot-Humid
2016-03-07 17:00:00,Panther_lodging_Kirk,10.202,22.8,2.5,9.4,1023.3,5.7,17,1,3,67,18667.3,2006.0,Hot-Humid
2016-03-07 18:00:00,Panther_lodging_Kirk,14.5528,21.7,3.0,10.0,1024.0,4.6,18,1,3,67,18667.3,2006.0,Hot-Humid
2016-03-08 11:00:00,Panther_lodging_Kirk,28.5055,23.9,3.5,10.6,1025.6,7.2,11,2,3,68,18667.3,2006.0,Hot-Humid
2016-03-08 22:00:00,Panther_lodging_Kirk,21.2041,18.3,4.0,13.9,1023.9,3.1,22,2,3,68,18667.3,2006.0,Hot-Humid
2016-03-09 01:00:00,Panther_lodging_Kirk,11.2522,16.7,2.0,13.3,1023.6,2.1,1,3,3,69,18667.3,2006.0,Hot-Humid
2016-03-09 05:00:00,Panther_lodging_Kirk,12.6024,17.2,4.0,13.9,1021.8,4.1,5,3,3,69,18667.3,2006.0,Hot-Humid
2016-03-10 05:00:00,Panther_lodging_Kirk,18.0035,18.9,4.0,16.7,1022.7,3.1,5,4,3,70,18667.3,2006.0,Hot-Humid
2016-03-10 15:00:00,Panther_lodging_Kirk,29.5557,29.4,4.0,13.9,1021.3,5.1,15,4,3,70,18667.3,2006.0,Hot-Humid
2016-03-11 05:00:00,Panther_lodging_Kirk,15.603,16.7,4.0,16.1,1023.2,2.6,5,5,3,71,18667.3,2006.0,Hot-Humid
2016-03-11 19:00:00,Panther_lodging_Kirk,23.2045,23.3,4.0,17.8,1022.0,3.1,19,5,3,71,18667.3,2006.0,Hot-Humid
2016-03-12 07:00:00,Panther_lodging_Kirk,18.0035,16.1,6.0,15.6,1021.9,0.0,7,6,3,72,18667.3,2006.0,Hot-Humid
2016-03-13 16:00:00,Panther_lodging_Kirk,24.0046,27.8,5.0,18.3,1013.4,3.6,16,7,3,73,18667.3,2006.0,Hot-Humid
2016-03-13 18:00:00,Panther_lodging_Kirk,15.453,26.1,4.0,18.3,1014.3,5.1,18,7,3,73,18667.3,2006.0,Hot-Humid
2016-03-14 08:00:00,Panther_lodging_Kirk,20.4039,22.2,3.0,20.0,1017.0,4.6,8,1,3,74,18667.3,2006.0,Hot-Humid
2016-03-14 22:00:00,Panther_lodging_Kirk,40.6579,23.3,2.0,20.0,1015.0,4.1,22,1,3,74,18667.3,2006.0,Hot-Humid
2016-03-15 08:00:00,Panther_lodging_Kirk,22.4043,22.2,4.0,20.6,1016.6,3.1,8,2,3,75,18667.3,2006.0,Hot-Humid
2016-03-15 09:00:00,Panther_lodging_Kirk,21.2041,23.9,4.0,20.0,1017.1,5.1,9,2,3,75,18667.3,2006.0,Hot-Humid
2016-03-16 08:00:00,Panther_lodging_Kirk,11.7023,21.7,4.0,20.0,1018.0,2.1,8,3,3,76,18667.3,2006.0,Hot-Humid
2016-03-16 12:00:00,Panther_lodging_Kirk,23.6046,27.2,4.0,17.2,1017.6,3.1,12,3,3,76,18667.3,2006.0,Hot-Humid
2016-03-16 14:00:00,Panther_lodging_Kirk,15.9031,29.4,4.0,16.1,1015.6,3.6,14,3,3,76,18667.3,2006.0,Hot-Humid
2016-03-17 05:00:00,Panther_lodging_Kirk,23.6046,20.0,4.0,18.3,1015.9,2.6,5,4,3,77,18667.3,2006.0,Hot-Humid
2016-03-17 06:00:00,Panther_lodging_Kirk,9.3018,19.4,4.0,18.3,1016.6,2.1,6,4,3,77,18667.3,2006.0,Hot-Humid
2016-03-17 16:00:00,Panther_lodging_Kirk,27.6053,30.0,4.0,12.8,1013.1,4.1,16,4,3,77,18667.3,2006.0,Hot-Humid
2016-03-18 16:00:00,Panther_lodging_Kirk,17.5534,28.9,4.0,11.1,1012.2,5.1,16,5,3,78,18667.3,2006.0,Hot-Humid
2016-03-19 03:00:00,Panther_lodging_Kirk,9.3018,21.7,4.0,17.8,1013.4,1.5,3,6,3,79,18667.3,2006.0,Hot-Humid
2016-03-19 18:00:00,Panther_lodging_Kirk,14.4028,21.1,4.0,18.3,1009.6,4.6,18,6,3,79,18667.3,2006.0,Hot-Humid
2016-03-20 05:00:00,Panther_lodging_Kirk,11.7023,19.4,4.0,18.3,1011.5,2.6,5,7,3,80,18667.3,2006.0,Hot-Humid
2016-03-20 10:00:00,Panther_lodging_Kirk,12.4524,22.2,4.0,17.8,1013.2,2.1,10,7,3,80,18667.3,2006.0,Hot-Humid
2016-03-21 12:00:00,Panther_lodging_Kirk,25.6049,13.9,4.0,-6.1,1023.0,2.6,12,1,3,81,18667.3,2006.0,Hot-Humid
2016-03-21 14:00:00,Panther_lodging_Kirk,24.0046,17.2,4.0,-3.3,1021.9,4.6,14,1,3,81,18667.3,2006.0,Hot-Humid
2016-03-21 20:00:00,Panther_lodging_Kirk,32.8063,13.3,4.0,2.8,1024.5,4.6,20,1,3,81,18667.3,2006.0,Hot-Humid
2016-03-22 10:00:00,Panther_lodging_Kirk,26.005,18.3,0.0,2.8,1028.5,3.6,10,2,3,82,18667.3,2006.0,Hot-Humid
2016-03-22 14:00:00,Panther_lodging_Kirk,26.005,22.2,2.0,4.4,1026.0,2.6,14,2,3,82,18667.3,2006.0,Hot-Humid
2016-03-23 04:00:00,Panther_lodging_Kirk,14.7028,12.2,3.0,8.9,1024.3,0.0,4,3,3,83,18667.3,2006.0,Hot-Humid
2016-03-24 06:00:00,Panther_lodging_Kirk,19.6038,14.4,4.0,12.8,1019.5,0.0,6,4,3,84,18667.3,2006.0,Hot-Humid
2016-03-24 08:00:00,Panther_lodging_Kirk,8.1016,18.3,4.4,14.4,1020.0,0.0,8,4,3,84,18667.3,2006.0,Hot-Humid
2016-03-24 14:00:00,Panther_lodging_Kirk,24.4047,27.8,4.8,18.3,1017.0,4.1,14,4,3,84,18667.3,2006.0,Hot-Humid
2016-03-24 21:00:00,Panther_lodging_Kirk,14.4028,19.4,5.2,18.3,1015.8,5.7,21,4,3,84,18667.3,2006.0,Hot-Humid
2016-03-25 04:00:00,Panther_lodging_Kirk,12.1523,16.7,5.2,16.1,1014.5,2.1,4,5,3,85,18667.3,2006.0,Hot-Humid
2016-03-25 07:00:00,Panther_lodging_Kirk,13.3526,17.2,6.0,16.1,1014.2,3.6,7,5,3,85,18667.3,2006.0,Hot-Humid
2016-03-25 22:00:00,Panther_lodging_Kirk,27.2053,20.0,6.4,17.8,1017.1,2.6,22,5,3,85,18667.3,2006.0,Hot-Humid
2016-03-26 00:00:00,Panther_lodging_Kirk,26.4051,20.0,6.8,17.8,1017.8,0.0,0,6,3,86,18667.3,2006.0,Hot-Humid
2016-03-26 14:00:00,Panther_lodging_Kirk,14.4028,29.4,7.2,20.6,1018.3,2.1,14,6,3,86,18667.3,2006.0,Hot-Humid
2016-03-28 11:00:00,Panther_lodging_Kirk,21.2041,25.0,7.2,19.4,1017.8499999999999,2.6,11,1,3,88,18667.3,2006.0,Hot-Humid
2016-03-29 01:00:00,Panther_lodging_Kirk,12.3024,22.8,8.0,21.7,1017.4,2.1,1,2,3,89,18667.3,2006.0,Hot-Humid
2016-03-29 14:00:00,Panther_lodging_Kirk,23.2045,25.6,6.5,18.3,1017.6,2.1,14,2,3,89,18667.3,2006.0,Hot-Humid
2016-03-29 18:00:00,Panther_lodging_Kirk,27.2053,19.4,5.0,16.7,1019.1,2.1,18,2,3,89,18667.3,2006.0,Hot-Humid
2016-03-30 20:00:00,Panther_lodging_Kirk,29.2056,22.2,3.5,17.2,1019.1,3.1,20,3,3,90,18667.3,2006.0,Hot-Humid
2016-04-01 00:00:00,Panther_lodging_Kirk,10.352,21.7,2.0,18.9,1015.6,2.1,0,5,4,92,18667.3,2006.0,Hot-Humid
2016-04-01 07:00:00,Panther_lodging_Kirk,13.5026,22.2,6.0,21.7,1014.6,5.1,7,5,4,92,18667.3,2006.0,Hot-Humid
2016-04-01 18:00:00,Panther_lodging_Kirk,14.5528,31.1,5.333333333333333,19.4,1010.9,3.6,18,5,4,92,18667.3,2006.0,Hot-Humid
2016-04-02 08:00:00,Panther_lodging_Kirk,17.6034,23.3,4.666666666666667,21.1,1013.1,4.6,8,6,4,93,18667.3,2006.0,Hot-Humid
2016-04-02 12:00:00,Panther_lodging_Kirk,22.0042,24.4,4.0,22.8,1013.9,5.1,12,6,4,93,18667.3,2006.0,Hot-Humid
2016-04-02 14:00:00,Panther_lodging_Kirk,10.502,23.9,4.0,21.7,1011.5,6.2,14,6,4,93,18667.3,2006.0,Hot-Humid
2016-04-02 18:00:00,Panther_lodging_Kirk,16.0531,24.4,4.0,21.1,1011.0,6.2,18,6,4,93,18667.3,2006.0,Hot-Humid
2016-04-03 04:00:00,Panther_lodging_Kirk,13.8027,17.2,2.0,6.7,1015.4,6.7,4,7,4,94,18667.3,2006.0,Hot-Humid
2016-04-03 06:00:00,Panther_lodging_Kirk,15.303,15.6,2.0,6.1,1016.8,5.7,6,7,4,94,18667.3,2006.0,Hot-Humid
2016-04-03 18:00:00,Panther_lodging_Kirk,41.0079,21.1,4.0,9.4,1018.1,5.7,18,7,4,94,18667.3,2006.0,Hot-Humid
2016-04-04 12:00:00,Panther_lodging_Kirk,17.5534,25.0,4.0,8.9,1020.3,0.0,12,1,4,95,18667.3,2006.0,Hot-Humid
2016-04-04 14:00:00,Panther_lodging_Kirk,25.6049,25.6,4.0,8.3,1018.4,1.5,14,1,4,95,18667.3,2006.0,Hot-Humid
2016-04-04 20:00:00,Panther_lodging_Kirk,15.303,21.1,0.0,10.0,1018.0,3.6,20,1,4,95,18667.3,2006.0,Hot-Humid
2016-04-04 22:00:00,Panther_lodging_Kirk,30.0058,19.4,0.0,11.7,1019.4,1.5,22,1,4,95,18667.3,2006.0,Hot-Humid
2016-04-05 04:00:00,Panther_lodging_Kirk,31.8561,16.7,0.0,10.6,1018.4,2.1,4,2,4,96,18667.3,2006.0,Hot-Humid
2016-04-05 15:00:00,Panther_lodging_Kirk,26.8052,28.3,0.0,5.0,1018.3,2.6,15,2,4,96,18667.3,2006.0,Hot-Humid
2016-04-06 16:00:00,Panther_lodging_Kirk,26.005,23.9,2.0,11.1,1018.9,4.6,16,3,4,97,18667.3,2006.0,Hot-Humid
2016-04-07 03:00:00,Panther_lodging_Kirk,20.804,16.7,4.0,16.1,1014.7,2.1,3,4,4,98,18667.3,2006.0,Hot-Humid
2016-04-07 07:00:00,Panther_lodging_Kirk,18.8036,17.8,6.0,16.7,1015.1,1.5,7,4,4,98,18667.3,2006.0,Hot-Humid
2016-04-07 15:00:00,Panther_lodging_Kirk,26.4051,27.2,4.0,12.8,1011.6,6.7,15,4,4,98,18667.3,2006.0,Hot-Humid
2016-04-08 09:00:00,Panther_lodging_Kirk,10.9521,21.7,2.0,14.4,1015.1,3.1,9,5,4,99,18667.3,2006.0,Hot-Humid
2016-04-08 15:00:00,Panther_lodging_Kirk,24.0046,29.4,2.0,10.0,1013.1,5.1,15,5,4,99,18667.3,2006.0,Hot-Humid
2016-04-09 07:00:00,Panther_lodging_Kirk,17.2533,15.6,2.0,3.9,1018.9,3.6,7,6,4,100,18667.3,2006.0,Hot-Humid
2016-04-09 09:00:00,Panther_lodging_Kirk,21.6042,18.3,2.0,3.3,1020.1,7.2,9,6,4,100,18667.3,2006.0,Hot-Humid
2016-04-09 10:00:00,Panther_lodging_Kirk,16.5032,18.9,2.0,2.8,1021.0,5.7,10,6,4,100,18667.3,2006.0,Hot-Humid
2016-04-10 12:00:00,Panther_lodging_Kirk,22.0042,25.0,4.0,7.8,1024.4,5.1,12,7,4,101,18667.3,2006.0,Hot-Humid
2016-04-10 21:00:00,Panther_lodging_Kirk,12.1523,18.9,0.0,12.2,1024.7,2.6,21,7,4,101,18667.3,2006.0,Hot-Humid
2016-04-11 18:00:00,Panther_lodging_Kirk,15.1529,23.9,2.0,13.3,1020.3,6.2,18,1,4,102,18667.3,2006.0,Hot-Humid
2016-04-12 05:00:00,Panther_lodging_Kirk,10.502,16.1,4.0,13.3,1020.0,0.0,5,2,4,103,18667.3,2006.0,Hot-Humid
2016-04-12 09:00:00,Panther_lodging_Kirk,9.1518,22.2,2.0,15.0,1021.6,2.1,9,2,4,103,18667.3,2006.0,Hot-Humid
2016-04-12 10:00:00,Panther_lodging_Kirk,20.4039,23.9,2.0,14.4,1021.5,3.1,10,2,4,103,18667.3,2006.0,Hot-Humid
2016-04-12 15:00:00,Panther_lodging_Kirk,24.8048,27.8,2.3333333333333335,13.9,1018.2,3.1,15,2,4,103,18667.3,2006.0,Hot-Humid
2016-04-12 16:00:00,Panther_lodging_Kirk,14.5528,27.8,2.6666666666666665,13.9,1017.6,2.1,16,2,4,103,18667.3,2006.0,Hot-Humid
2016-04-12 20:00:00,Panther_lodging_Kirk,30.4059,23.3,3.0,16.1,1018.1,0.0,20,2,4,103,18667.3,2006.0,Hot-Humid
2016-04-12 21:00:00,Panther_lodging_Kirk,30.806,23.9,3.0,15.6,1018.9,4.6,21,2,4,103,18667.3,2006.0,Hot-Humid
2016-04-14 04:00:00,Panther_lodging_Kirk,21.6042,20.0,3.0,18.9,1015.6,3.6,4,4,4,105,18667.3,2006.0,Hot-Humid
2016-04-14 08:00:00,Panther_lodging_Kirk,20.804,21.1,4.0,18.9,1016.6,2.6,8,4,4,105,18667.3,2006.0,Hot-Humid
2016-04-14 12:00:00,Panther_lodging_Kirk,24.8048,26.7,4.0,18.3,1015.7,2.6,12,4,4,105,18667.3,2006.0,Hot-Humid
2016-04-14 17:00:00,Panther_lodging_Kirk,19.2037,26.7,4.5,18.9,1013.6,6.2,17,4,4,105,18667.3,2006.0,Hot-Humid
2016-04-14 22:00:00,Panther_lodging_Kirk,18.1535,20.6,5.0,18.3,1015.8,3.6,22,4,4,105,18667.3,2006.0,Hot-Humid
2016-04-15 00:00:00,Panther_lodging_Kirk,15.453,20.6,5.5,18.9,1015.6,2.6,0,5,4,106,18667.3,2006.0,Hot-Humid
2016-04-16 01:00:00,Panther_lodging_Kirk,26.8052,21.1,6.0,18.3,1016.3,5.1,1,6,4,107,18667.3,2006.0,Hot-Humid
2016-04-16 19:00:00,Panther_lodging_Kirk,19.0537,21.1,4.0,15.0,1019.6,7.7,19,6,4,107,18667.3,2006.0,Hot-Humid
2016-04-17 04:00:00,Panther_lodging_Kirk,22.8044,16.7,4.0,11.7,1021.0,3.6,4,7,4,108,18667.3,2006.0,Hot-Humid
2016-04-17 08:00:00,Panther_lodging_Kirk,20.1039,21.1,2.0,11.7,1022.7,4.6,8,7,4,108,18667.3,2006.0,Hot-Humid
2016-04-17 19:00:00,Panther_lodging_Kirk,24.4047,20.0,2.0,12.2,1022.9,6.7,19,7,4,108,18667.3,2006.0,Hot-Humid
2016-04-18 07:00:00,Panther_lodging_Kirk,14.1027,18.3,6.0,16.1,1023.2,4.1,7,1,4,109,18667.3,2006.0,Hot-Humid
2016-04-18 09:00:00,Panther_lodging_Kirk,9.4518,22.8,5.5,16.1,1023.5,5.1,9,1,4,109,18667.3,2006.0,Hot-Humid
2016-04-19 02:00:00,Panther_lodging_Kirk,11.1021,16.1,5.0,14.4,1021.7,3.6,2,2,4,110,18667.3,2006.0,Hot-Humid
2016-04-20 02:00:00,Panther_lodging_Kirk,25.2049,16.7,4.5,12.8,1018.5,2.6,2,3,4,111,18667.3,2006.0,Hot-Humid
2016-04-21 10:00:00,Panther_lodging_Kirk,10.502,25.0,4.0,16.0,1018.2,7.2,10,4,4,112,18667.3,2006.0,Hot-Humid
2016-04-21 20:00:00,Panther_lodging_Kirk,30.806,22.8,4.0,15.0,1017.9,4.6,20,4,4,112,18667.3,2006.0,Hot-Humid
2016-04-22 02:00:00,Panther_lodging_Kirk,40.2078,19.4,4.0,16.1,1017.8,2.1,2,5,4,113,18667.3,2006.0,Hot-Humid
2016-04-22 09:00:00,Panther_lodging_Kirk,20.804,25.0,4.0,16.7,1017.9,6.7,9,5,4,113,18667.3,2006.0,Hot-Humid
2016-04-22 10:00:00,Panther_lodging_Kirk,14.4028,26.1,4.0,17.2,1017.8,5.1,10,5,4,113,18667.3,2006.0,Hot-Humid
2016-04-23 06:00:00,Panther_lodging_Kirk,13.5026,20.0,4.0,18.3,1013.2,2.1,6,6,4,114,18667.3,2006.0,Hot-Humid
2016-04-23 10:00:00,Panther_lodging_Kirk,19.6038,24.4,3.0,16.7,1014.6,4.1,10,6,4,114,18667.3,2006.0,Hot-Humid
2016-04-23 21:00:00,Panther_lodging_Kirk,11.5522,23.9,2.0,15.6,1013.6,5.1,21,6,4,114,18667.3,2006.0,Hot-Humid
2016-04-23 22:00:00,Panther_lodging_Kirk,28.8056,22.8,2.0,16.7,1014.1,4.1,22,6,4,114,18667.3,2006.0,Hot-Humid
2016-04-24 13:00:00,Panther_lodging_Kirk,24.4047,28.9,4.0,13.3,1015.5,2.6,13,7,4,115,18667.3,2006.0,Hot-Humid
2016-04-24 16:00:00,Panther_lodging_Kirk,28.8056,28.9,4.0,15.0,1014.2,5.7,16,7,4,115,18667.3,2006.0,Hot-Humid
2016-04-25 07:00:00,Panther_lodging_Kirk,16.3532,21.1,4.0,17.8,1017.3,3.1,7,1,4,116,18667.3,2006.0,Hot-Humid
2016-04-25 11:00:00,Panther_lodging_Kirk,23.6046,27.2,2.0,16.1,1017.9,3.6,11,1,4,116,18667.3,2006.0,Hot-Humid
2016-04-26 02:00:00,Panther_lodging_Kirk,24.8048,17.8,0.0,15.0,1015.0,2.1,2,2,4,117,18667.3,2006.0,Hot-Humid
2016-04-26 05:00:00,Panther_lodging_Kirk,19.2037,17.2,0.0,15.0,1014.8,0.0,5,2,4,117,18667.3,2006.0,Hot-Humid
2016-04-27 06:00:00,Panther_lodging_Kirk,14.2527,17.8,2.0,16.7,1014.1,1.5,6,3,4,118,18667.3,2006.0,Hot-Humid
2016-04-27 14:00:00,Panther_lodging_Kirk,12.7525,30.0,2.6666666666666665,15.6,1012.7,3.1,14,3,4,118,18667.3,2006.0,Hot-Humid
2016-04-28 04:00:00,Panther_lodging_Kirk,15.303,18.9,3.333333333333333,16.1,1013.7,2.1,4,4,4,119,18667.3,2006.0,Hot-Humid
2016-04-29 13:00:00,Panther_lodging_Kirk,11.7023,30.6,4.0,18.3,1014.2,0.0,13,5,4,120,18667.3,2006.0,Hot-Humid
2016-04-29 18:00:00,Panther_lodging_Kirk,12.7525,30.0,4.0,21.1,1012.7,5.7,18,5,4,120,18667.3,2006.0,Hot-Humid
2016-04-30 04:00:00,Panther_lodging_Kirk,24.4047,22.2,4.0,19.4,1013.8,2.1,4,6,4,121,18667.3,2006.0,Hot-Humid
2016-04-30 09:00:00,Panther_lodging_Kirk,7.9515,27.2,4.0,18.9,1015.7,4.1,9,6,4,121,18667.3,2006.0,Hot-Humid
2016-04-30 10:00:00,Panther_lodging_Kirk,21.6042,28.3,4.0,18.3,1015.6,5.1,10,6,4,121,18667.3,2006.0,Hot-Humid
2016-05-01 02:00:00,Panther_lodging_Kirk,24.8048,21.1,4.0,18.9,1016.2,2.1,2,7,5,122,18667.3,2006.0,Hot-Humid
2016-05-01 05:00:00,Panther_lodging_Kirk,20.804,21.1,4.0,19.4,1016.2,2.1,5,7,5,122,18667.3,2006.0,Hot-Humid
2016-05-01 10:00:00,Panther_lodging_Kirk,23.2045,27.2,4.0,18.9,1018.0,4.6,10,7,5,122,18667.3,2006.0,Hot-Humid
2016-05-02 01:00:00,Panther_lodging_Kirk,14.1027,22.2,0.0,20.0,1016.7,2.1,1,1,5,123,18667.3,2006.0,Hot-Humid
2016-05-02 12:00:00,Panther_lodging_Kirk,12.1523,30.6,2.0,17.8,1016.8,5.1,12,1,5,123,18667.3,2006.0,Hot-Humid
2016-05-02 14:00:00,Panther_lodging_Kirk,26.8052,32.2,4.0,17.2,1015.6,3.6,14,1,5,123,18667.3,2006.0,Hot-Humid
2016-05-02 20:00:00,Panther_lodging_Kirk,32.4063,26.1,4.0,21.7,1014.8,4.6,20,1,5,123,18667.3,2006.0,Hot-Humid
2016-05-03 04:00:00,Panther_lodging_Kirk,8.7017,22.2,4.0,21.1,1014.4,3.1,4,2,5,124,18667.3,2006.0,Hot-Humid
2016-05-03 08:00:00,Panther_lodging_Kirk,21.2041,25.0,4.0,21.7,1014.9,4.1,8,2,5,124,18667.3,2006.0,Hot-Humid
2016-05-04 02:00:00,Panther_lodging_Kirk,27.6053,23.3,4.0,21.1,1010.7,2.6,2,3,5,125,18667.3,2006.0,Hot-Humid
2016-05-04 16:00:00,Panther_lodging_Kirk,18.6036,21.1,2.0,18.9,1003.5,7.2,16,3,5,125,18667.3,2006.0,Hot-Humid
2016-05-04 22:00:00,Panther_lodging_Kirk,12.3024,20.0,0.0,18.3,1004.9,3.6,22,3,5,125,18667.3,2006.0,Hot-Humid
2016-05-05 05:00:00,Panther_lodging_Kirk,20.804,15.6,0.0,11.7,1007.8,1.5,5,4,5,126,18667.3,2006.0,Hot-Humid
2016-05-05 16:00:00,Panther_lodging_Kirk,16.5032,26.7,2.0,7.2,1006.0,10.8,16,4,5,126,18667.3,2006.0,Hot-Humid
2016-05-06 01:00:00,Panther_lodging_Kirk,9.0017,18.9,6.0,7.8,1010.2,4.1,1,5,5,127,18667.3,2006.0,Hot-Humid
2016-05-06 08:00:00,Panther_lodging_Kirk,19.6038,18.3,2.0,7.8,1012.2,2.6,8,5,5,127,18667.3,2006.0,Hot-Humid
2016-05-06 15:00:00,Panther_lodging_Kirk,11.2522,25.0,0.0,3.3,1010.8,7.7,15,5,5,127,18667.3,2006.0,Hot-Humid
2016-05-07 04:00:00,Panther_lodging_Kirk,28.8556,13.3,0.0,11.7,1013.6,0.0,4,6,5,128,18667.3,2006.0,Hot-Humid
2016-05-08 14:00:00,Panther_lodging_Kirk,13.8027,28.9,0.0,9.4,1017.8,2.1,14,7,5,129,18667.3,2006.0,Hot-Humid
2016-05-08 18:00:00,Panther_lodging_Kirk,20.804,28.3,2.0,11.1,1016.5,3.1,18,7,5,129,18667.3,2006.0,Hot-Humid
2016-05-09 10:00:00,Panther_lodging_Kirk,18.8036,25.6,2.0,13.3,1021.2,3.1,10,1,5,130,18667.3,2006.0,Hot-Humid
2016-05-09 13:00:00,Panther_lodging_Kirk,20.0039,28.3,2.0,13.9,1020.5,2.1,13,1,5,130,18667.3,2006.0,Hot-Humid
2016-05-10 14:00:00,Panther_lodging_Kirk,16.0531,29.4,3.0,13.9,1020.7,3.1,14,2,5,131,18667.3,2006.0,Hot-Humid
2016-05-11 06:00:00,Panther_lodging_Kirk,17.6034,20.0,4.0,18.3,1021.3,0.0,6,3,5,132,18667.3,2006.0,Hot-Humid
2016-05-11 10:00:00,Panther_lodging_Kirk,17.6034,27.2,4.0,16.7,1021.6,1.5,10,3,5,132,18667.3,2006.0,Hot-Humid
2016-05-12 05:00:00,Panther_lodging_Kirk,18.4035,21.1,3.5,18.9,1019.4,0.0,5,4,5,133,18667.3,2006.0,Hot-Humid
2016-05-12 10:00:00,Panther_lodging_Kirk,10.352,26.1,3.0,17.8,1021.1,0.0,10,4,5,133,18667.3,2006.0,Hot-Humid
2016-05-12 16:00:00,Panther_lodging_Kirk,21.2041,29.4,2.5,17.8,1017.8,0.0,16,4,5,133,18667.3,2006.0,Hot-Humid
2016-05-13 04:00:00,Panther_lodging_Kirk,15.0029,20.6,2.0,17.8,1017.3,0.0,4,5,5,134,18667.3,2006.0,Hot-Humid
2016-05-14 12:00:00,Panther_lodging_Kirk,14.7028,30.6,4.0,18.3,1015.3,1.5,12,6,5,135,18667.3,2006.0,Hot-Humid
2016-05-14 18:00:00,Panther_lodging_Kirk,24.8048,31.1,4.0,13.3,1012.9,6.2,18,6,5,135,18667.3,2006.0,Hot-Humid
2016-05-14 19:00:00,Panther_lodging_Kirk,14.7028,29.4,4.0,13.9,1013.5,5.1,19,6,5,135,18667.3,2006.0,Hot-Humid
2016-05-16 16:00:00,Panther_lodging_Kirk,24.8048,28.3,4.666666666666667,18.9,1017.5,7.2,16,1,5,137,18667.3,2006.0,Hot-Humid
2016-05-17 02:00:00,Panther_lodging_Kirk,16.9533,23.9,5.333333333333333,21.7,1018.5,2.6,2,2,5,138,18667.3,2006.0,Hot-Humid
2016-05-17 13:00:00,Panther_lodging_Kirk,24.4047,25.6,6.0,23.3,1016.6,4.1,13,2,5,138,18667.3,2006.0,Hot-Humid
2016-05-17 17:00:00,Panther_lodging_Kirk,16.2031,23.3,6.0,20.6,1015.2,8.2,17,2,5,138,18667.3,2006.0,Hot-Humid
2016-05-18 02:00:00,Panther_lodging_Kirk,35.0568,20.6,6.0,20.0,1015.55,1.5,2,3,5,139,18667.3,2006.0,Hot-Humid
2016-05-18 12:00:00,Panther_lodging_Kirk,13.8027,30.6,6.0,20.0,1015.9,6.2,12,3,5,139,18667.3,2006.0,Hot-Humid
2016-05-18 13:00:00,Panther_lodging_Kirk,12.3024,30.6,6.0,20.6,1015.0,3.1,13,3,5,139,18667.3,2006.0,Hot-Humid
2016-05-19 00:00:00,Panther_lodging_Kirk,24.4047,23.9,6.0,21.1,1015.7,0.0,0,4,5,140,18667.3,2006.0,Hot-Humid
2016-05-19 02:00:00,Panther_lodging_Kirk,16.3532,22.8,6.0,21.1,1015.0,0.0,2,4,5,140,18667.3,2006.0,Hot-Humid
2016-05-20 06:00:00,Panther_lodging_Kirk,13.8027,21.7,6.0,20.6,1017.0,1.5,6,5,5,141,18667.3,2006.0,Hot-Humid
2016-05-20 17:00:00,Panther_lodging_Kirk,74.4144,27.8,6.0,20.0,1016.1,5.7,17,5,5,141,18667.3,2006.0,Hot-Humid
2016-05-20 18:00:00,Panther_lodging_Kirk,139.977,27.2,6.0,19.4,1016.7,0.0,18,5,5,141,18667.3,2006.0,Hot-Humid
2016-05-20 19:00:00,Panther_lodging_Kirk,134.67600000000002,26.7,6.0,19.4,1017.5,0.0,19,5,5,141,18667.3,2006.0,Hot-Humid
2016-05-20 20:00:00,Panther_lodging_Kirk,140.1771,25.6,6.333333333333333,20.6,1017.9,0.0,20,5,5,141,18667.3,2006.0,Hot-Humid
2016-05-20 21:00:00,Panther_lodging_Kirk,161.2811,26.1,6.666666666666667,20.0,1018.3,1.5,21,5,5,141,18667.3,2006.0,Hot-Humid
2016-05-20 22:00:00,Panther_lodging_Kirk,165.982,25.0,7.0,20.6,1018.3,0.0,22,5,5,141,18667.3,2006.0,Hot-Humid
2016-05-20 23:00:00,Panther_lodging_Kirk,161.1811,25.0,7.0,20.6,1018.6,1.5,23,5,5,141,18667.3,2006.0,Hot-Humid
2016-05-21 00:00:00,Panther_lodging_Kirk,146.4283,23.9,7.0,20.6,1018.2,4.1,0,6,5,142,18667.3,2006.0,Hot-Humid
2016-05-21 01:00:00,Panther_lodging_Kirk,137.6266,23.3,8.0,20.6,1017.7,1.5,1,6,5,142,18667.3,2006.0,Hot-Humid
2016-05-21 02:00:00,Panther_lodging_Kirk,135.9262,22.8,7.666666666666667,21.1,1015.1,5.1,2,6,5,142,18667.3,2006.0,Hot-Humid
2016-05-21 03:00:00,Panther_lodging_Kirk,125.2242,22.8,7.333333333333333,21.1,1015.0,2.1,3,6,5,142,18667.3,2006.0,Hot-Humid
2016-05-21 04:00:00,Panther_lodging_Kirk,125.8243,22.8,7.0,21.1,1015.1,0.0,4,6,5,142,18667.3,2006.0,Hot-Humid
2016-05-21 05:00:00,Panther_lodging_Kirk,124.424,23.3,7.0,21.7,1015.9,0.0,5,6,5,142,18667.3,2006.0,Hot-Humid
2016-05-21 06:00:00,Panther_lodging_Kirk,122.7737,22.2,7.0,21.1,1016.1,0.0,6,6,5,142,18667.3,2006.0,Hot-Humid
2016-05-21 07:00:00,Panther_lodging_Kirk,118.1228,23.3,6.0,21.1,1016.6,0.0,7,6,5,142,18667.3,2006.0,Hot-Humid
2016-05-21 08:00:00,Panther_lodging_Kirk,118.4729,25.0,6.0,21.7,1017.2,2.6,8,6,5,142,18667.3,2006.0,Hot-Humid
2016-05-21 09:00:00,Panther_lodging_Kirk,117.0726,26.1,6.0,21.7,1017.6,3.1,9,6,5,142,18667.3,2006.0,Hot-Humid
2016-05-21 10:00:00,Panther_lodging_Kirk,126.2244,26.7,6.0,21.1,1017.5,3.1,10,6,5,142,18667.3,2006.0,Hot-Humid
2016-05-21 11:00:00,Panther_lodging_Kirk,134.626,27.8,6.0,20.6,1017.5,4.1,11,6,5,142,18667.3,2006.0,Hot-Humid
2016-05-21 12:00:00,Panther_lodging_Kirk,141.6273,28.3,6.0,20.6,1016.8,2.1,12,6,5,142,18667.3,2006.0,Hot-Humid
2016-05-21 13:00:00,Panther_lodging_Kirk,137.9266,30.0,6.0,20.6,1016.0,5.1,13,6,5,142,18667.3,2006.0,Hot-Humid
2016-05-21 14:00:00,Panther_lodging_Kirk,146.7783,30.0,5.0,20.6,1015.2,5.1,14,6,5,142,18667.3,2006.0,Hot-Humid
2016-05-21 15:00:00,Panther_lodging_Kirk,150.9791,32.2,4.0,20.0,1014.2,6.7,15,6,5,142,18667.3,2006.0,Hot-Humid
2016-05-21 16:00:00,Panther_lodging_Kirk,156.9303,31.7,4.0,18.3,1013.6,5.7,16,6,5,142,18667.3,2006.0,Hot-Humid
2016-05-21 17:00:00,Panther_lodging_Kirk,152.3794,31.7,2.0,18.3,1013.4,5.1,17,6,5,142,18667.3,2006.0,Hot-Humid
2016-05-21 18:00:00,Panther_lodging_Kirk,158.0305,30.6,2.0,17.2,1013.1,6.2,18,6,5,142,18667.3,2006.0,Hot-Humid
2016-05-21 19:00:00,Panther_lodging_Kirk,162.5314,28.9,2.0,17.2,1013.6,4.1,19,6,5,142,18667.3,2006.0,Hot-Humid
2016-05-21 20:00:00,Panther_lodging_Kirk,161.3811,26.7,2.0,17.8,1014.1,2.1,20,6,5,142,18667.3,2006.0,Hot-Humid
2016-05-21 21:00:00,Panther_lodging_Kirk,165.1319,25.6,0.0,17.8,1014.7,2.6,21,6,5,142,18667.3,2006.0,Hot-Humid
2016-05-21 22:00:00,Panther_lodging_Kirk,154.5298,25.0,2.0,18.3,1014.9,2.6,22,6,5,142,18667.3,2006.0,Hot-Humid
2016-05-21 23:00:00,Panther_lodging_Kirk,161.3311,24.4,2.0,18.9,1014.8,3.6,23,6,5,142,18667.3,2006.0,Hot-Humid
2016-05-22 00:00:00,Panther_lodging_Kirk,159.0807,23.9,0.0,19.4,1014.3,1.5,0,7,5,143,18667.3,2006.0,Hot-Humid
2016-05-22 01:00:00,Panther_lodging_Kirk,142.8776,22.8,0.0,19.4,1014.1,2.1,1,7,5,143,18667.3,2006.0,Hot-Humid
2016-05-22 02:00:00,Panther_lodging_Kirk,142.5775,22.2,0.0,20.0,1013.7,2.6,2,7,5,143,18667.3,2006.0,Hot-Humid
2016-05-22 03:00:00,Panther_lodging_Kirk,134.976,22.8,0.0,20.6,1013.4,2.1,3,7,5,143,18667.3,2006.0,Hot-Humid
2016-05-22 04:00:00,Panther_lodging_Kirk,125.7243,22.2,2.0,20.6,1012.8,2.1,4,7,5,143,18667.3,2006.0,Hot-Humid
2016-05-22 05:00:00,Panther_lodging_Kirk,126.6745,21.7,3.333333333333333,20.6,1013.0,2.1,5,7,5,143,18667.3,2006.0,Hot-Humid
2016-05-22 06:00:00,Panther_lodging_Kirk,133.9759,22.2,4.666666666666666,21.1,1013.3,2.6,6,7,5,143,18667.3,2006.0,Hot-Humid
2016-05-22 07:00:00,Panther_lodging_Kirk,126.2244,23.3,6.0,21.7,1013.7,2.6,7,7,5,143,18667.3,2006.0,Hot-Humid
2016-05-22 08:00:00,Panther_lodging_Kirk,124.1739,25.0,5.0,21.7,1013.4,3.6,8,7,5,143,18667.3,2006.0,Hot-Humid
2016-05-22 09:00:00,Panther_lodging_Kirk,129.675,27.8,4.0,20.6,1013.5,4.6,9,7,5,143,18667.3,2006.0,Hot-Humid
2016-05-22 10:00:00,Panther_lodging_Kirk,141.1773,28.3,4.0,20.0,1013.3,5.1,10,7,5,143,18667.3,2006.0,Hot-Humid
2016-05-22 11:00:00,Panther_lodging_Kirk,137.8266,29.4,4.0,18.9,1012.8,5.7,11,7,5,143,18667.3,2006.0,Hot-Humid
2016-05-22 12:00:00,Panther_lodging_Kirk,141.8274,30.6,4.0,18.3,1012.2,5.7,12,7,5,143,18667.3,2006.0,Hot-Humid
2016-05-22 13:00:00,Panther_lodging_Kirk,136.1763,31.1,4.0,17.2,1011.6,7.7,13,7,5,143,18667.3,2006.0,Hot-Humid
2016-05-22 14:00:00,Panther_lodging_Kirk,143.5777,31.7,4.0,16.1,1011.1,6.2,14,7,5,143,18667.3,2006.0,Hot-Humid
2016-05-22 15:00:00,Panther_lodging_Kirk,144.3279,31.7,4.0,14.4,1010.7,9.3,15,7,5,143,18667.3,2006.0,Hot-Humid
2016-05-22 16:00:00,Panther_lodging_Kirk,152.3294,31.1,4.5,13.3,1010.4,8.2,16,7,5,143,18667.3,2006.0,Hot-Humid
2016-05-22 17:00:00,Panther_lodging_Kirk,151.5793,30.0,5.0,13.3,1010.8,7.7,17,7,5,143,18667.3,2006.0,Hot-Humid
2016-05-22 18:00:00,Panther_lodging_Kirk,151.1292,28.9,5.5,13.9,1011.0,6.7,18,7,5,143,18667.3,2006.0,Hot-Humid
2016-05-22 19:00:00,Panther_lodging_Kirk,166.1821,26.7,6.0,14.4,1011.5,7.2,19,7,5,143,18667.3,2006.0,Hot-Humid
2016-05-22 20:00:00,Panther_lodging_Kirk,175.2338,25.6,6.333333333333333,15.6,1011.8,5.1,20,7,5,143,18667.3,2006.0,Hot-Humid
2016-05-22 21:00:00,Panther_lodging_Kirk,167.9324,24.4,6.666666666666667,15.0,1012.2,3.6,21,7,5,143,18667.3,2006.0,Hot-Humid
2016-05-22 22:00:00,Panther_lodging_Kirk,171.033,24.4,7.0,15.6,1012.6,6.2,22,7,5,143,18667.3,2006.0,Hot-Humid
2016-05-22 23:00:00,Panther_lodging_Kirk,163.9316,23.9,7.0,15.6,1013.1,3.6,23,7,5,143,18667.3,2006.0,Hot-Humid
2016-05-23 00:00:00,Panther_lodging_Kirk,162.6314,23.3,7.0,16.7,1013.4,2.6,0,1,5,144,18667.3,2006.0,Hot-Humid
2016-05-23 01:00:00,Panther_lodging_Kirk,139.92700000000002,22.8,8.0,16.7,1013.2,1.5,1,1,5,144,18667.3,2006.0,Hot-Humid
2016-05-23 02:00:00,Panther_lodging_Kirk,141.1272,21.7,7.0,17.2,1012.4,0.0,2,1,5,144,18667.3,2006.0,Hot-Humid
2016-05-23 03:00:00,Panther_lodging_Kirk,135.8762,21.1,6.0,17.2,1012.1,1.5,3,1,5,144,18667.3,2006.0,Hot-Humid
2016-05-23 04:00:00,Panther_lodging_Kirk,145.4281,21.1,5.0,17.2,1012.2,0.0,4,1,5,144,18667.3,2006.0,Hot-Humid
2016-05-23 05:00:00,Panther_lodging_Kirk,139.5269,21.1,4.0,17.8,1012.6,1.5,5,1,5,144,18667.3,2006.0,Hot-Humid
2016-05-23 06:00:00,Panther_lodging_Kirk,130.3752,20.6,2.0,17.2,1013.6,0.0,6,1,5,144,18667.3,2006.0,Hot-Humid
2016-05-23 07:00:00,Panther_lodging_Kirk,140.02700000000002,22.8,2.0,18.3,1013.8,0.0,7,1,5,144,18667.3,2006.0,Hot-Humid
2016-05-23 08:00:00,Panther_lodging_Kirk,131.6254,25.0,2.0,18.3,1014.2,2.6,8,1,5,144,18667.3,2006.0,Hot-Humid
2016-05-23 09:00:00,Panther_lodging_Kirk,141.0272,26.7,2.0,17.2,1014.4,2.1,9,1,5,144,18667.3,2006.0,Hot-Humid
2016-05-23 10:00:00,Panther_lodging_Kirk,137.3765,27.2,4.0,16.1,1014.7,2.1,10,1,5,144,18667.3,2006.0,Hot-Humid
2016-05-23 11:00:00,Panther_lodging_Kirk,139.827,27.2,4.0,15.0,1014.7,3.1,11,1,5,144,18667.3,2006.0,Hot-Humid
2016-05-23 12:00:00,Panther_lodging_Kirk,134.3259,28.9,4.0,15.6,1014.3,4.1,12,1,5,144,18667.3,2006.0,Hot-Humid
2016-05-23 13:00:00,Panther_lodging_Kirk,146.8783,28.9,4.0,13.9,1014.1,1.5,13,1,5,144,18667.3,2006.0,Hot-Humid
2016-05-23 14:00:00,Panther_lodging_Kirk,150.8791,30.6,4.0,13.9,1013.5,3.6,14,1,5,144,18667.3,2006.0,Hot-Humid
2016-05-23 15:00:00,Panther_lodging_Kirk,154.0297,30.0,4.0,12.8,1013.1,1.5,15,1,5,144,18667.3,2006.0,Hot-Humid
2016-05-23 16:00:00,Panther_lodging_Kirk,159.7308,30.0,4.0,13.9,1012.7,0.0,16,1,5,144,18667.3,2006.0,Hot-Humid
2016-05-23 17:00:00,Panther_lodging_Kirk,159.0807,30.6,4.0,13.9,1012.6,0.0,17,1,5,144,18667.3,2006.0,Hot-Humid
2016-05-23 18:00:00,Panther_lodging_Kirk,173.0334,27.8,4.0,16.7,1013.2,6.2,18,1,5,144,18667.3,2006.0,Hot-Humid
2016-05-23 19:00:00,Panther_lodging_Kirk,172.9334,26.1,4.0,15.6,1014.1,6.2,19,1,5,144,18667.3,2006.0,Hot-Humid
2016-05-23 20:00:00,Panther_lodging_Kirk,170.4329,25.0,4.0,15.6,1014.9,4.6,20,1,5,144,18667.3,2006.0,Hot-Humid
2016-05-23 21:00:00,Panther_lodging_Kirk,174.8337,23.9,2.0,15.6,1015.8,4.1,21,1,5,144,18667.3,2006.0,Hot-Humid
2016-05-23 22:00:00,Panther_lodging_Kirk,169.0326,23.3,2.0,16.1,1016.5,2.1,22,1,5,144,18667.3,2006.0,Hot-Humid
2016-05-23 23:00:00,Panther_lodging_Kirk,151.4792,22.8,4.0,16.1,1017.0,2.1,23,1,5,144,18667.3,2006.0,Hot-Humid
2016-05-24 00:00:00,Panther_lodging_Kirk,151.8793,22.8,2.0,16.1,1017.0,2.1,0,2,5,145,18667.3,2006.0,Hot-Humid
2016-05-24 01:00:00,Panther_lodging_Kirk,152.6294,22.8,4.0,16.7,1016.7,2.1,1,2,5,145,18667.3,2006.0,Hot-Humid
2016-05-24 02:00:00,Panther_lodging_Kirk,136.1763,22.8,4.0,17.2,1016.4,2.1,2,2,5,145,18667.3,2006.0,Hot-Humid
2016-05-24 03:00:00,Panther_lodging_Kirk,132.7756,21.7,2.0,17.2,1016.3,2.1,3,2,5,145,18667.3,2006.0,Hot-Humid
2016-05-24 04:00:00,Panther_lodging_Kirk,118.973,21.7,2.0,17.2,1016.5,2.6,4,2,5,145,18667.3,2006.0,Hot-Humid
2016-05-24 05:00:00,Panther_lodging_Kirk,127.3246,21.1,2.0,17.2,1016.5,3.1,5,2,5,145,18667.3,2006.0,Hot-Humid
2016-05-24 06:00:00,Panther_lodging_Kirk,128.4748,22.2,4.0,17.8,1017.3,2.6,6,2,5,145,18667.3,2006.0,Hot-Humid
2016-05-24 07:00:00,Panther_lodging_Kirk,134.2259,23.9,4.0,18.3,1017.7,3.1,7,2,5,145,18667.3,2006.0,Hot-Humid
2016-05-24 08:00:00,Panther_lodging_Kirk,135.6762,26.1,4.0,19.4,1018.5,4.6,8,2,5,145,18667.3,2006.0,Hot-Humid
2016-05-24 09:00:00,Panther_lodging_Kirk,142.1274,27.8,2.0,19.4,1019.0,4.6,9,2,5,145,18667.3,2006.0,Hot-Humid
2016-05-24 10:00:00,Panther_lodging_Kirk,138.5267,27.8,4.0,19.4,1019.3,5.1,10,2,5,145,18667.3,2006.0,Hot-Humid
2016-05-24 11:00:00,Panther_lodging_Kirk,146.0282,30.0,4.0,19.4,1019.5,5.1,11,2,5,145,18667.3,2006.0,Hot-Humid
2016-05-24 12:00:00,Panther_lodging_Kirk,144.4779,30.0,2.0,18.9,1019.4,4.1,12,2,5,145,18667.3,2006.0,Hot-Humid
2016-05-24 13:00:00,Panther_lodging_Kirk,147.0784,30.0,6.0,18.3,1019.3,6.2,13,2,5,145,18667.3,2006.0,Hot-Humid
2016-05-24 14:00:00,Panther_lodging_Kirk,148.2786,26.7,5.5,18.3,1019.6,8.8,14,2,5,145,18667.3,2006.0,Hot-Humid
2016-05-24 15:00:00,Panther_lodging_Kirk,148.4786,26.1,5.0,17.2,1020.2,6.7,15,2,5,145,18667.3,2006.0,Hot-Humid
2016-05-24 16:00:00,Panther_lodging_Kirk,159.9309,26.7,4.5,15.6,1019.6,7.7,16,2,5,145,18667.3,2006.0,Hot-Humid
2016-05-24 17:00:00,Panther_lodging_Kirk,159.6308,27.8,4.0,15.0,1019.6,6.7,17,2,5,145,18667.3,2006.0,Hot-Humid
2016-05-24 18:00:00,Panther_lodging_Kirk,158.6306,27.2,4.0,13.3,1019.7,7.7,18,2,5,145,18667.3,2006.0,Hot-Humid
2016-05-24 19:00:00,Panther_lodging_Kirk,175.5339,26.1,4.0,13.9,1019.6,5.1,19,2,5,145,18667.3,2006.0,Hot-Humid
2016-05-24 20:00:00,Panther_lodging_Kirk,175.8339,24.4,2.0,14.4,1020.3,4.1,20,2,5,145,18667.3,2006.0,Hot-Humid
2016-05-24 21:00:00,Panther_lodging_Kirk,174.1836,22.8,0.0,15.0,1020.9,2.6,21,2,5,145,18667.3,2006.0,Hot-Humid
2016-05-24 22:00:00,Panther_lodging_Kirk,177.8343,22.8,2.0,15.6,1021.6,2.6,22,2,5,145,18667.3,2006.0,Hot-Humid
2016-05-24 23:00:00,Panther_lodging_Kirk,168.5325,21.7,2.0,15.6,1022.1,1.5,23,2,5,145,18667.3,2006.0,Hot-Humid
2016-05-25 00:00:00,Panther_lodging_Kirk,157.2804,21.1,0.0,15.6,1021.7,2.1,0,3,5,146,18667.3,2006.0,Hot-Humid
2016-05-25 01:00:00,Panther_lodging_Kirk,149.3788,21.7,2.0,16.1,1021.4,1.5,1,3,5,146,18667.3,2006.0,Hot-Humid
2016-05-25 02:00:00,Panther_lodging_Kirk,136.1263,21.1,4.0,16.1,1021.3,1.5,2,3,5,146,18667.3,2006.0,Hot-Humid
2016-05-25 03:00:00,Panther_lodging_Kirk,136.6264,21.1,2.0,16.7,1021.3,1.5,3,3,5,146,18667.3,2006.0,Hot-Humid
2016-05-25 04:00:00,Panther_lodging_Kirk,139.4269,21.1,2.6666666666666665,17.2,1021.3,2.1,4,3,5,146,18667.3,2006.0,Hot-Humid
2016-05-25 05:00:00,Panther_lodging_Kirk,128.6248,20.6,3.333333333333333,17.2,1021.2,2.1,5,3,5,146,18667.3,2006.0,Hot-Humid
2016-05-25 06:00:00,Panther_lodging_Kirk,129.625,21.1,4.0,17.2,1021.9,2.1,6,3,5,146,18667.3,2006.0,Hot-Humid
2016-05-25 07:00:00,Panther_lodging_Kirk,135.2761,23.3,2.0,18.3,1022.3,2.1,7,3,5,146,18667.3,2006.0,Hot-Humid
2016-05-25 08:00:00,Panther_lodging_Kirk,139.877,25.6,2.0,17.8,1023.0,4.6,8,3,5,146,18667.3,2006.0,Hot-Humid
2016-05-25 09:00:00,Panther_lodging_Kirk,149.5288,27.2,2.0,17.2,1023.2,4.6,9,3,5,146,18667.3,2006.0,Hot-Humid
2016-05-25 10:00:00,Panther_lodging_Kirk,151.2292,28.3,2.0,17.8,1023.2,3.6,10,3,5,146,18667.3,2006.0,Hot-Humid
2016-05-25 11:00:00,Panther_lodging_Kirk,149.0788,30.6,2.0,13.9,1023.3,4.1,11,3,5,146,18667.3,2006.0,Hot-Humid
2016-05-25 12:00:00,Panther_lodging_Kirk,152.4794,31.1,2.0,12.2,1023.1,6.2,12,3,5,146,18667.3,2006.0,Hot-Humid
2016-05-25 13:00:00,Panther_lodging_Kirk,152.8295,30.6,4.0,11.1,1022.8,5.7,13,3,5,146,18667.3,2006.0,Hot-Humid
2016-05-25 14:00:00,Panther_lodging_Kirk,152.0294,30.6,4.0,11.1,1022.2,5.1,14,3,5,146,18667.3,2006.0,Hot-Humid
2016-05-25 15:00:00,Panther_lodging_Kirk,161.7312,30.0,4.0,12.8,1021.7,6.7,15,3,5,146,18667.3,2006.0,Hot-Humid
2016-05-25 16:00:00,Panther_lodging_Kirk,163.9316,28.9,4.0,13.3,1021.7,6.2,16,3,5,146,18667.3,2006.0,Hot-Humid
2016-05-25 17:00:00,Panther_lodging_Kirk,170.1828,28.9,4.0,12.8,1021.7,6.2,17,3,5,146,18667.3,2006.0,Hot-Humid
2016-05-25 18:00:00,Panther_lodging_Kirk,160.881,27.8,2.0,12.8,1021.5,5.7,18,3,5,146,18667.3,2006.0,Hot-Humid
2016-05-25 19:00:00,Panther_lodging_Kirk,166.3821,26.1,0.0,13.3,1021.7,4.1,19,3,5,146,18667.3,2006.0,Hot-Humid
2016-05-25 20:00:00,Panther_lodging_Kirk,186.636,24.4,0.0,14.4,1021.9,4.1,20,3,5,146,18667.3,2006.0,Hot-Humid
2016-05-25 21:00:00,Panther_lodging_Kirk,173.1834,22.8,0.0,15.0,1021.9,3.1,21,3,5,146,18667.3,2006.0,Hot-Humid
2016-05-25 22:00:00,Panther_lodging_Kirk,170.7329,22.2,0.0,15.6,1022.4,1.5,22,3,5,146,18667.3,2006.0,Hot-Humid
2016-05-25 23:00:00,Panther_lodging_Kirk,166.4821,21.7,0.0,15.6,1022.5,1.5,23,3,5,146,18667.3,2006.0,Hot-Humid
2016-05-26 00:00:00,Panther_lodging_Kirk,164.5318,21.7,0.0,15.6,1022.4,3.1,0,4,5,147,18667.3,2006.0,Hot-Humid
2016-05-26 01:00:00,Panther_lodging_Kirk,144.4779,21.1,0.0,15.6,1022.0,2.6,1,4,5,147,18667.3,2006.0,Hot-Humid
2016-05-26 02:00:00,Panther_lodging_Kirk,128.1747,20.6,0.0,15.6,1021.3,1.5,2,4,5,147,18667.3,2006.0,Hot-Humid
2016-05-26 03:00:00,Panther_lodging_Kirk,134.1759,20.0,0.0,15.6,1021.2,2.1,3,4,5,147,18667.3,2006.0,Hot-Humid
2016-05-26 04:00:00,Panther_lodging_Kirk,133.3257,19.4,0.0,15.6,1021.0,2.1,4,4,5,147,18667.3,2006.0,Hot-Humid
2016-05-26 05:00:00,Panther_lodging_Kirk,124.674,19.4,2.0,15.6,1021.1,1.5,5,4,5,147,18667.3,2006.0,Hot-Humid
2016-05-26 06:00:00,Panther_lodging_Kirk,134.67600000000002,20.0,2.0,15.6,1020.8,1.5,6,4,5,147,18667.3,2006.0,Hot-Humid
2016-05-26 07:00:00,Panther_lodging_Kirk,142.8276,22.8,2.0,16.1,1020.4,2.6,7,4,5,147,18667.3,2006.0,Hot-Humid
2016-05-26 08:00:00,Panther_lodging_Kirk,145.178,25.0,2.0,16.1,1021.1,3.6,8,4,5,147,18667.3,2006.0,Hot-Humid
2016-05-26 09:00:00,Panther_lodging_Kirk,141.0272,26.7,4.0,16.1,1021.4,3.1,9,4,5,147,18667.3,2006.0,Hot-Humid
2016-05-26 10:00:00,Panther_lodging_Kirk,134.0759,27.2,4.0,16.1,1021.1,3.1,10,4,5,147,18667.3,2006.0,Hot-Humid
2016-05-26 11:00:00,Panther_lodging_Kirk,143.3277,28.3,4.0,16.1,1020.6,5.7,11,4,5,147,18667.3,2006.0,Hot-Humid
2016-05-26 12:00:00,Panther_lodging_Kirk,145.4281,28.9,4.0,15.6,1020.2,5.1,12,4,5,147,18667.3,2006.0,Hot-Humid
2016-05-26 13:00:00,Panther_lodging_Kirk,151.1792,29.4,6.0,14.4,1019.6,7.2,13,4,5,147,18667.3,2006.0,Hot-Humid
2016-05-26 14:00:00,Panther_lodging_Kirk,150.6791,30.0,5.5,13.3,1019.3,6.2,14,4,5,147,18667.3,2006.0,Hot-Humid
2016-05-26 15:00:00,Panther_lodging_Kirk,155.63,30.0,5.0,13.3,1018.6,5.7,15,4,5,147,18667.3,2006.0,Hot-Humid
2016-05-26 16:00:00,Panther_lodging_Kirk,154.4298,30.0,4.5,13.3,1018.3,6.2,16,4,5,147,18667.3,2006.0,Hot-Humid
2016-05-26 17:00:00,Panther_lodging_Kirk,159.0807,28.9,4.0,15.6,1017.7,6.7,17,4,5,147,18667.3,2006.0,Hot-Humid
2016-05-26 18:00:00,Panther_lodging_Kirk,168.6826,27.2,2.0,14.4,1017.9,6.7,18,4,5,147,18667.3,2006.0,Hot-Humid
2016-05-26 19:00:00,Panther_lodging_Kirk,171.033,26.1,2.0,13.9,1017.8,4.6,19,4,5,147,18667.3,2006.0,Hot-Humid
2016-05-26 20:00:00,Panther_lodging_Kirk,166.8322,24.4,2.0,16.1,1018.2,4.1,20,4,5,147,18667.3,2006.0,Hot-Humid
2016-05-26 21:00:00,Panther_lodging_Kirk,163.3815,22.8,2.0,16.1,1018.7,3.1,21,4,5,147,18667.3,2006.0,Hot-Humid
2016-05-26 22:00:00,Panther_lodging_Kirk,161.5812,23.3,3.0,16.7,1018.8,3.1,22,4,5,147,18667.3,2006.0,Hot-Humid
2016-05-26 23:00:00,Panther_lodging_Kirk,152.3794,23.3,4.0,17.2,1018.9,4.6,23,4,5,147,18667.3,2006.0,Hot-Humid
2016-05-27 00:00:00,Panther_lodging_Kirk,148.2786,23.3,5.0,17.2,1018.4,4.6,0,5,5,148,18667.3,2006.0,Hot-Humid
2016-05-27 01:00:00,Panther_lodging_Kirk,140.8272,22.8,6.0,16.7,1017.7,1.5,1,5,5,148,18667.3,2006.0,Hot-Humid
2016-05-27 02:00:00,Panther_lodging_Kirk,122.5737,22.8,5.0,17.8,1016.8,3.1,2,5,5,148,18667.3,2006.0,Hot-Humid
2016-05-27 03:00:00,Panther_lodging_Kirk,124.8241,22.8,4.0,18.3,1016.7,2.6,3,5,5,148,18667.3,2006.0,Hot-Humid
2016-05-27 04:00:00,Panther_lodging_Kirk,118.7229,22.2,3.0,18.3,1016.4,2.1,4,5,5,148,18667.3,2006.0,Hot-Humid
2016-05-27 05:00:00,Panther_lodging_Kirk,125.1241,21.7,2.0,18.3,1016.5,2.6,5,5,5,148,18667.3,2006.0,Hot-Humid
2016-05-27 06:00:00,Panther_lodging_Kirk,126.8245,21.7,2.0,18.3,1016.9,3.1,6,5,5,148,18667.3,2006.0,Hot-Humid
2016-05-27 07:00:00,Panther_lodging_Kirk,126.5744,23.9,2.0,18.3,1017.3,3.6,7,5,5,148,18667.3,2006.0,Hot-Humid
2016-05-27 08:00:00,Panther_lodging_Kirk,135.3761,25.6,2.0,18.3,1017.4,4.1,8,5,5,148,18667.3,2006.0,Hot-Humid
2016-05-27 09:00:00,Panther_lodging_Kirk,130.7752,26.1,4.0,17.8,1017.7,3.6,9,5,5,148,18667.3,2006.0,Hot-Humid
2016-05-27 10:00:00,Panther_lodging_Kirk,135.1261,27.2,4.0,16.7,1017.8,3.6,10,5,5,148,18667.3,2006.0,Hot-Humid
2016-05-27 11:00:00,Panther_lodging_Kirk,143.6277,30.0,4.0,17.2,1017.7,3.6,11,5,5,148,18667.3,2006.0,Hot-Humid
2016-05-27 12:00:00,Panther_lodging_Kirk,149.1788,30.0,5.0,17.8,1017.1,5.1,12,5,5,148,18667.3,2006.0,Hot-Humid
2016-05-27 13:00:00,Panther_lodging_Kirk,146.2782,29.4,6.0,17.8,1016.5,6.2,13,5,5,148,18667.3,2006.0,Hot-Humid
2016-05-27 14:00:00,Panther_lodging_Kirk,147.0784,30.6,6.0,17.8,1015.8,6.7,14,5,5,148,18667.3,2006.0,Hot-Humid
2016-05-27 15:00:00,Panther_lodging_Kirk,153.3296,29.4,6.0,17.8,1015.4,6.2,15,5,5,148,18667.3,2006.0,Hot-Humid
2016-05-27 16:00:00,Panther_lodging_Kirk,157.5804,28.3,6.0,18.3,1015.2,5.7,16,5,5,148,18667.3,2006.0,Hot-Humid
2016-05-27 17:00:00,Panther_lodging_Kirk,147.8285,27.8,6.0,18.3,1015.0,6.2,17,5,5,148,18667.3,2006.0,Hot-Humid
2016-05-27 18:00:00,Panther_lodging_Kirk,151.5793,26.7,6.0,19.4,1014.8,3.6,18,5,5,148,18667.3,2006.0,Hot-Humid
2016-05-27 19:00:00,Panther_lodging_Kirk,157.1303,26.1,6.0,18.9,1015.3,5.1,19,5,5,148,18667.3,2006.0,Hot-Humid
2016-05-27 20:00:00,Panther_lodging_Kirk,154.2798,25.0,2.0,18.9,1015.4,3.6,20,5,5,148,18667.3,2006.0,Hot-Humid
2016-05-27 21:00:00,Panther_lodging_Kirk,152.0793,24.4,0.0,19.4,1015.9,4.1,21,5,5,148,18667.3,2006.0,Hot-Humid
2016-05-27 22:00:00,Panther_lodging_Kirk,158.1305,23.9,0.0,19.4,1016.3,3.1,22,5,5,148,18667.3,2006.0,Hot-Humid
2016-05-27 23:00:00,Panther_lodging_Kirk,155.1299,23.3,2.0,19.4,1016.5,3.1,23,5,5,148,18667.3,2006.0,Hot-Humid
2016-05-28 00:00:00,Panther_lodging_Kirk,165.732,22.8,2.0,19.4,1016.2,2.6,0,6,5,149,18667.3,2006.0,Hot-Humid
2016-05-28 01:00:00,Panther_lodging_Kirk,145.328,22.8,2.0,20.0,1015.9,2.1,1,6,5,149,18667.3,2006.0,Hot-Humid
2016-05-28 02:00:00,Panther_lodging_Kirk,147.9786,22.2,2.0,19.4,1015.4,2.6,2,6,5,149,18667.3,2006.0,Hot-Humid
2016-05-28 03:00:00,Panther_lodging_Kirk,142.5275,21.7,2.0,19.4,1015.0,3.1,3,6,5,149,18667.3,2006.0,Hot-Humid
2016-05-28 04:00:00,Panther_lodging_Kirk,119.9732,21.7,0.0,19.4,1015.1,1.5,4,6,5,149,18667.3,2006.0,Hot-Humid
2016-05-28 05:00:00,Panther_lodging_Kirk,119.273,21.7,2.0,19.4,1015.6,0.0,5,6,5,149,18667.3,2006.0,Hot-Humid
2016-05-28 06:00:00,Panther_lodging_Kirk,120.8233,21.7,2.0,19.4,1016.2,1.5,6,6,5,149,18667.3,2006.0,Hot-Humid
2016-05-28 07:00:00,Panther_lodging_Kirk,126.9745,23.9,2.0,20.0,1016.9,2.6,7,6,5,149,18667.3,2006.0,Hot-Humid
2016-05-28 08:00:00,Panther_lodging_Kirk,139.6269,25.6,2.0,20.6,1017.4,2.1,8,6,5,149,18667.3,2006.0,Hot-Humid
2016-05-28 09:00:00,Panther_lodging_Kirk,139.5269,27.2,4.0,20.0,1017.3,3.1,9,6,5,149,18667.3,2006.0,Hot-Humid
2016-05-28 10:00:00,Panther_lodging_Kirk,133.2257,28.3,4.0,19.4,1017.2,2.6,10,6,5,149,18667.3,2006.0,Hot-Humid
2016-05-28 11:00:00,Panther_lodging_Kirk,135.6762,30.0,0.0,18.3,1017.1,2.6,11,6,5,149,18667.3,2006.0,Hot-Humid
2016-05-28 12:00:00,Panther_lodging_Kirk,138.0266,31.1,4.0,17.8,1016.6,2.6,12,6,5,149,18667.3,2006.0,Hot-Humid
2016-05-28 13:00:00,Panther_lodging_Kirk,141.3273,31.7,4.0,17.2,1016.1,2.6,13,6,5,149,18667.3,2006.0,Hot-Humid
2016-05-28 14:00:00,Panther_lodging_Kirk,140.3271,32.8,4.0,16.7,1015.4,4.1,14,6,5,149,18667.3,2006.0,Hot-Humid
2016-05-28 15:00:00,Panther_lodging_Kirk,140.077,32.2,4.0,16.1,1014.8,4.1,15,6,5,149,18667.3,2006.0,Hot-Humid
2016-05-28 16:00:00,Panther_lodging_Kirk,139.5769,31.7,4.0,16.7,1014.6,2.1,16,6,5,149,18667.3,2006.0,Hot-Humid
2016-05-28 17:00:00,Panther_lodging_Kirk,148.3786,30.0,4.666666666666667,20.6,1014.7,8.2,17,6,5,149,18667.3,2006.0,Hot-Humid
2016-05-28 18:00:00,Panther_lodging_Kirk,145.7281,28.9,5.333333333333333,20.6,1015.2,6.7,18,6,5,149,18667.3,2006.0,Hot-Humid
2016-05-28 19:00:00,Panther_lodging_Kirk,147.6285,27.8,6.0,20.6,1016.0,5.1,19,6,5,149,18667.3,2006.0,Hot-Humid
2016-05-28 20:00:00,Panther_lodging_Kirk,146.7283,26.7,2.0,20.0,1016.3,3.6,20,6,5,149,18667.3,2006.0,Hot-Humid
2016-05-28 21:00:00,Panther_lodging_Kirk,160.9311,25.0,2.0,20.0,1016.9,3.6,21,6,5,149,18667.3,2006.0,Hot-Humid
2016-05-28 22:00:00,Panther_lodging_Kirk,158.0305,23.9,4.0,20.6,1017.8,3.1,22,6,5,149,18667.3,2006.0,Hot-Humid
2016-05-28 23:00:00,Panther_lodging_Kirk,152.5294,23.3,4.0,20.6,1018.2,3.1,23,6,5,149,18667.3,2006.0,Hot-Humid
2016-05-29 00:00:00,Panther_lodging_Kirk,153.4796,22.8,4.0,20.6,1018.1,0.0,0,7,5,150,18667.3,2006.0,Hot-Humid
2016-05-29 01:00:00,Panther_lodging_Kirk,142.5775,23.3,4.0,20.6,1017.6,0.0,1,7,5,150,18667.3,2006.0,Hot-Humid
2016-05-29 02:00:00,Panther_lodging_Kirk,127.9747,23.3,4.0,20.6,1017.3,0.0,2,7,5,150,18667.3,2006.0,Hot-Humid
2016-05-29 03:00:00,Panther_lodging_Kirk,126.5744,22.2,4.0,20.0,1016.8,2.1,3,7,5,150,18667.3,2006.0,Hot-Humid
2016-05-29 04:00:00,Panther_lodging_Kirk,126.5244,22.8,2.0,20.6,1016.9,2.1,4,7,5,150,18667.3,2006.0,Hot-Humid
2016-05-29 05:00:00,Panther_lodging_Kirk,125.4242,22.2,2.0,20.0,1017.3,2.1,5,7,5,150,18667.3,2006.0,Hot-Humid
2016-05-29 06:00:00,Panther_lodging_Kirk,124.274,21.7,2.0,20.0,1017.5,1.5,6,7,5,150,18667.3,2006.0,Hot-Humid
2016-05-29 07:00:00,Panther_lodging_Kirk,124.7741,23.9,2.0,20.6,1017.9,1.5,7,7,5,150,18667.3,2006.0,Hot-Humid
2016-05-29 08:00:00,Panther_lodging_Kirk,132.2255,25.6,2.0,20.0,1018.2,0.0,8,7,5,150,18667.3,2006.0,Hot-Humid
2016-05-29 09:00:00,Panther_lodging_Kirk,134.1259,27.8,2.0,20.0,1018.4,2.1,9,7,5,150,18667.3,2006.0,Hot-Humid
2016-05-29 10:00:00,Panther_lodging_Kirk,136.1263,28.9,4.0,19.4,1018.5,0.0,10,7,5,150,18667.3,2006.0,Hot-Humid
2016-05-29 11:00:00,Panther_lodging_Kirk,145.128,30.6,4.0,18.9,1018.3,1.5,11,7,5,150,18667.3,2006.0,Hot-Humid
2016-05-29 12:00:00,Panther_lodging_Kirk,139.4769,30.6,4.0,18.9,1017.8,3.1,12,7,5,150,18667.3,2006.0,Hot-Humid
2016-05-29 13:00:00,Panther_lodging_Kirk,145.328,32.8,6.0,18.3,1017.1,0.0,13,7,5,150,18667.3,2006.0,Hot-Humid
2016-05-29 14:00:00,Panther_lodging_Kirk,141.6273,32.8,6.0,17.8,1016.2,2.6,14,7,5,150,18667.3,2006.0,Hot-Humid
2016-05-29 15:00:00,Panther_lodging_Kirk,139.6269,32.8,6.0,16.1,1015.9,1.5,15,7,5,150,18667.3,2006.0,Hot-Humid
2016-05-29 16:00:00,Panther_lodging_Kirk,144.6779,31.1,6.0,19.4,1016.0,3.1,16,7,5,150,18667.3,2006.0,Hot-Humid
2016-05-29 17:00:00,Panther_lodging_Kirk,157.2303,27.8,6.0,20.6,1016.0,6.2,17,7,5,150,18667.3,2006.0,Hot-Humid
2016-05-29 18:00:00,Panther_lodging_Kirk,147.6785,27.2,6.0,20.0,1015.8,4.1,18,7,5,150,18667.3,2006.0,Hot-Humid
2016-05-29 19:00:00,Panther_lodging_Kirk,150.079,25.6,6.0,20.0,1016.8,4.1,19,7,5,150,18667.3,2006.0,Hot-Humid
2016-05-29 20:00:00,Panther_lodging_Kirk,154.1798,23.9,5.666666666666667,21.1,1017.9,4.1,20,7,5,150,18667.3,2006.0,Hot-Humid
2016-05-29 21:00:00,Panther_lodging_Kirk,161.3311,22.8,5.333333333333333,21.1,1017.2,3.6,21,7,5,150,18667.3,2006.0,Hot-Humid
2016-05-29 22:00:00,Panther_lodging_Kirk,158.0305,23.3,5.0,21.7,1017.5,1.5,22,7,5,150,18667.3,2006.0,Hot-Humid
2016-05-29 23:00:00,Panther_lodging_Kirk,145.278,22.8,5.0,21.7,1017.6,0.0,23,7,5,150,18667.3,2006.0,Hot-Humid
2016-05-30 00:00:00,Panther_lodging_Kirk,141.2772,22.8,5.0,21.7,1016.9,1.5,0,1,5,151,18667.3,2006.0,Hot-Humid
2016-05-30 01:00:00,Panther_lodging_Kirk,138.9768,22.8,4.0,21.7,1016.1,2.6,1,1,5,151,18667.3,2006.0,Hot-Humid
2016-05-30 02:00:00,Panther_lodging_Kirk,136.0262,22.2,4.0,20.6,1015.5,3.1,2,1,5,151,18667.3,2006.0,Hot-Humid
2016-05-30 03:00:00,Panther_lodging_Kirk,123.8239,21.7,4.0,20.6,1015.5,1.5,3,1,5,151,18667.3,2006.0,Hot-Humid
2016-05-30 04:00:00,Panther_lodging_Kirk,123.7739,21.7,4.0,20.6,1015.7,2.6,4,1,5,151,18667.3,2006.0,Hot-Humid
2016-05-30 05:00:00,Panther_lodging_Kirk,121.6735,21.7,4.0,20.0,1015.6,2.1,5,1,5,151,18667.3,2006.0,Hot-Humid
2016-05-30 06:00:00,Panther_lodging_Kirk,124.7741,21.7,4.0,20.0,1016.0,2.1,6,1,5,151,18667.3,2006.0,Hot-Humid
2016-05-30 07:00:00,Panther_lodging_Kirk,128.3248,23.9,2.0,20.0,1016.3,0.0,7,1,5,151,18667.3,2006.0,Hot-Humid
2016-05-30 08:00:00,Panther_lodging_Kirk,121.3734,25.6,2.0,20.6,1016.6,2.6,8,1,5,151,18667.3,2006.0,Hot-Humid
2016-05-30 09:00:00,Panther_lodging_Kirk,118.9229,28.3,2.0,21.1,1016.4,2.6,9,1,5,151,18667.3,2006.0,Hot-Humid
2016-05-30 10:00:00,Panther_lodging_Kirk,124.0239,29.4,2.0,21.1,1016.4,2.6,10,1,5,151,18667.3,2006.0,Hot-Humid
2016-05-30 11:00:00,Panther_lodging_Kirk,130.4252,29.4,4.0,20.6,1016.1,1.5,11,1,5,151,18667.3,2006.0,Hot-Humid
2016-05-30 12:00:00,Panther_lodging_Kirk,133.3757,30.6,4.0,20.0,1015.6,0.0,12,1,5,151,18667.3,2006.0,Hot-Humid
2016-05-30 13:00:00,Panther_lodging_Kirk,136.3263,30.6,4.0,18.9,1014.7,2.1,13,1,5,151,18667.3,2006.0,Hot-Humid
2016-05-30 14:00:00,Panther_lodging_Kirk,136.8764,32.2,4.0,18.9,1013.8,1.5,14,1,5,151,18667.3,2006.0,Hot-Humid
2016-05-30 15:00:00,Panther_lodging_Kirk,145.4281,30.0,4.4,19.4,1013.2,5.7,15,1,5,151,18667.3,2006.0,Hot-Humid
2016-05-30 16:00:00,Panther_lodging_Kirk,142.0774,28.3,4.8,18.9,1013.1,6.7,16,1,5,151,18667.3,2006.0,Hot-Humid
2016-05-30 17:00:00,Panther_lodging_Kirk,153.4296,28.3,5.2,17.8,1012.9,4.6,17,1,5,151,18667.3,2006.0,Hot-Humid
2016-05-30 18:00:00,Panther_lodging_Kirk,156.6302,27.8,5.2,19.4,1013.3,5.1,18,1,5,151,18667.3,2006.0,Hot-Humid
2016-05-30 19:00:00,Panther_lodging_Kirk,163.5816,26.7,6.0,19.4,1014.2,2.6,19,1,5,151,18667.3,2006.0,Hot-Humid
2016-05-30 20:00:00,Panther_lodging_Kirk,157.7805,26.1,6.0,19.4,1014.5,2.6,20,1,5,151,18667.3,2006.0,Hot-Humid
2016-05-30 21:00:00,Panther_lodging_Kirk,159.2307,25.6,6.0,20.0,1015.7,4.6,21,1,5,151,18667.3,2006.0,Hot-Humid
2016-05-30 22:00:00,Panther_lodging_Kirk,159.1807,22.8,6.0,19.4,1016.5,4.6,22,1,5,151,18667.3,2006.0,Hot-Humid
2016-05-30 23:00:00,Panther_lodging_Kirk,152.5294,22.8,6.0,20.0,1016.1,1.5,23,1,5,151,18667.3,2006.0,Hot-Humid
2016-05-31 00:00:00,Panther_lodging_Kirk,154.1798,22.8,6.0,20.6,1014.7,2.1,0,2,5,152,18667.3,2006.0,Hot-Humid
2016-05-31 01:00:00,Panther_lodging_Kirk,136.4263,22.2,6.0,21.1,1014.1,2.1,1,2,5,152,18667.3,2006.0,Hot-Humid
2016-05-31 02:00:00,Panther_lodging_Kirk,129.2749,22.2,5.333333333333333,21.1,1013.4,2.1,2,2,5,152,18667.3,2006.0,Hot-Humid
2016-05-31 03:00:00,Panther_lodging_Kirk,132.5256,21.7,4.666666666666667,20.6,1013.1,0.0,3,2,5,152,18667.3,2006.0,Hot-Humid
2016-05-31 04:00:00,Panther_lodging_Kirk,126.1243,21.7,4.0,20.6,1013.0,2.6,4,2,5,152,18667.3,2006.0,Hot-Humid
2016-05-31 05:00:00,Panther_lodging_Kirk,124.474,21.7,2.0,20.6,1013.2,2.1,5,2,5,152,18667.3,2006.0,Hot-Humid
2016-05-31 06:00:00,Panther_lodging_Kirk,125.5242,21.1,2.0,20.6,1014.0,1.5,6,2,5,152,18667.3,2006.0,Hot-Humid
2016-05-31 07:00:00,Panther_lodging_Kirk,137.0765,22.8,2.0,21.1,1014.6,2.6,7,2,5,152,18667.3,2006.0,Hot-Humid
2016-05-31 08:00:00,Panther_lodging_Kirk,130.9753,25.0,2.0,21.1,1015.2,2.1,8,2,5,152,18667.3,2006.0,Hot-Humid
2016-05-31 09:00:00,Panther_lodging_Kirk,128.8749,27.2,2.0,21.1,1015.1,1.5,9,2,5,152,18667.3,2006.0,Hot-Humid
2016-05-31 10:00:00,Panther_lodging_Kirk,133.8258,29.4,2.0,21.1,1015.3,1.5,10,2,5,152,18667.3,2006.0,Hot-Humid
2016-05-31 11:00:00,Panther_lodging_Kirk,139.1268,30.0,2.0,19.4,1015.2,1.5,11,2,5,152,18667.3,2006.0,Hot-Humid
2016-05-31 12:00:00,Panther_lodging_Kirk,147.1784,31.7,2.0,18.9,1014.6,2.1,12,2,5,152,18667.3,2006.0,Hot-Humid
2016-05-31 13:00:00,Panther_lodging_Kirk,139.1268,31.7,4.0,18.9,1013.8,1.5,13,2,5,152,18667.3,2006.0,Hot-Humid
2016-05-31 14:00:00,Panther_lodging_Kirk,148.4786,32.2,4.0,18.3,1013.2,2.1,14,2,5,152,18667.3,2006.0,Hot-Humid
2016-05-31 15:00:00,Panther_lodging_Kirk,147.2784,33.9,4.0,17.8,1012.4,1.5,15,2,5,152,18667.3,2006.0,Hot-Humid
2016-05-31 16:00:00,Panther_lodging_Kirk,156.7302,32.8,4.0,17.8,1011.7,2.6,16,2,5,152,18667.3,2006.0,Hot-Humid
2016-05-31 17:00:00,Panther_lodging_Kirk,145.178,31.7,5.333333333333333,17.2,1011.8,2.6,17,2,5,152,18667.3,2006.0,Hot-Humid
2016-05-31 18:00:00,Panther_lodging_Kirk,162.5814,29.4,6.666666666666666,20.6,1011.7,5.7,18,2,5,152,18667.3,2006.0,Hot-Humid
2016-05-31 19:00:00,Panther_lodging_Kirk,176.9341,26.1,8.0,21.1,1013.6,3.6,19,2,5,152,18667.3,2006.0,Hot-Humid
2016-05-31 20:00:00,Panther_lodging_Kirk,161.4312,21.7,7.666666666666667,20.0,1014.9,6.7,20,2,5,152,18667.3,2006.0,Hot-Humid
2016-05-31 21:00:00,Panther_lodging_Kirk,168.7326,21.7,7.333333333333333,20.6,1014.7,1.5,21,2,5,152,18667.3,2006.0,Hot-Humid
2016-05-31 22:00:00,Panther_lodging_Kirk,167.2323,22.8,7.0,21.1,1015.0,0.0,22,2,5,152,18667.3,2006.0,Hot-Humid
2016-05-31 23:00:00,Panther_lodging_Kirk,162.3813,22.8,7.0,21.1,1014.6,1.5,23,2,5,152,18667.3,2006.0,Hot-Humid
2016-06-01 00:00:00,Panther_lodging_Kirk,156.6302,22.8,7.0,21.1,1014.8,0.0,0,3,6,153,18667.3,2006.0,Hot-Humid
2016-06-01 01:00:00,Panther_lodging_Kirk,141.1272,22.8,6.0,21.7,1014.9,0.0,1,3,6,153,18667.3,2006.0,Hot-Humid
2016-06-01 02:00:00,Panther_lodging_Kirk,137.2265,23.3,4.666666666666667,22.2,1014.4,0.0,2,3,6,153,18667.3,2006.0,Hot-Humid
2016-06-01 03:00:00,Panther_lodging_Kirk,131.6254,22.2,3.3333333333333335,21.7,1014.2,1.5,3,3,6,153,18667.3,2006.0,Hot-Humid
2016-06-01 04:00:00,Panther_lodging_Kirk,127.1746,22.8,2.0,21.7,1014.5,0.0,4,3,6,153,18667.3,2006.0,Hot-Humid
2016-06-01 05:00:00,Panther_lodging_Kirk,123.0738,22.2,2.0,21.1,1014.8,0.0,5,3,6,153,18667.3,2006.0,Hot-Humid
2016-06-01 06:00:00,Panther_lodging_Kirk,128.2747,21.1,4.0,20.6,1015.3,0.0,6,3,6,153,18667.3,2006.0,Hot-Humid
2016-06-01 07:00:00,Panther_lodging_Kirk,124.224,23.3,2.0,22.2,1016.2,0.0,7,3,6,153,18667.3,2006.0,Hot-Humid
2016-06-01 08:00:00,Panther_lodging_Kirk,126.5744,25.6,2.0,22.2,1016.5,1.5,8,3,6,153,18667.3,2006.0,Hot-Humid
2016-06-01 09:00:00,Panther_lodging_Kirk,127.7246,26.7,2.0,20.6,1016.6,0.0,9,3,6,153,18667.3,2006.0,Hot-Humid
2016-06-01 10:00:00,Panther_lodging_Kirk,142.2274,27.8,2.0,21.1,1017.0,1.5,10,3,6,153,18667.3,2006.0,Hot-Humid
2016-06-01 11:00:00,Panther_lodging_Kirk,134.67600000000002,29.4,4.0,21.1,1017.0,1.5,11,3,6,153,18667.3,2006.0,Hot-Humid
2016-06-01 12:00:00,Panther_lodging_Kirk,139.877,31.1,4.0,21.1,1016.6,1.5,12,3,6,153,18667.3,2006.0,Hot-Humid
2016-06-01 13:00:00,Panther_lodging_Kirk,141.4773,31.1,4.0,20.0,1015.9,2.6,13,3,6,153,18667.3,2006.0,Hot-Humid
2016-06-01 14:00:00,Panther_lodging_Kirk,154.7799,32.8,4.0,19.4,1015.2,0.0,14,3,6,153,18667.3,2006.0,Hot-Humid
2016-06-01 15:00:00,Panther_lodging_Kirk,159.2807,32.8,2.0,18.9,1014.6,2.6,15,3,6,153,18667.3,2006.0,Hot-Humid
2016-06-01 16:00:00,Panther_lodging_Kirk,160.3809,32.8,4.0,20.0,1014.0,2.1,16,3,6,153,18667.3,2006.0,Hot-Humid
2016-06-01 17:00:00,Panther_lodging_Kirk,154.3798,33.3,4.666666666666667,17.8,1013.8,3.1,17,3,6,153,18667.3,2006.0,Hot-Humid
2016-06-01 18:00:00,Panther_lodging_Kirk,169.4827,27.2,5.333333333333333,21.7,1014.7,6.7,18,3,6,153,18667.3,2006.0,Hot-Humid
2016-06-01 19:00:00,Panther_lodging_Kirk,165.4319,25.6,6.0,22.2,1015.0,3.6,19,3,6,153,18667.3,2006.0,Hot-Humid
2016-06-01 20:00:00,Panther_lodging_Kirk,167.7324,25.6,5.6,22.2,1015.9,0.0,20,3,6,153,18667.3,2006.0,Hot-Humid
2016-06-01 21:00:00,Panther_lodging_Kirk,164.3317,26.1,5.2,21.1,1016.3,3.1,21,3,6,153,18667.3,2006.0,Hot-Humid
2016-06-01 22:00:00,Panther_lodging_Kirk,170.0328,25.0,4.8,21.7,1017.4,0.0,22,3,6,153,18667.3,2006.0,Hot-Humid
2016-06-01 23:00:00,Panther_lodging_Kirk,161.9813,25.0,4.8,21.7,1017.5,2.1,23,3,6,153,18667.3,2006.0,Hot-Humid
2016-06-02 00:00:00,Panther_lodging_Kirk,146.3282,24.4,4.0,22.2,1017.2,1.5,0,4,6,154,18667.3,2006.0,Hot-Humid
2016-06-02 01:00:00,Panther_lodging_Kirk,136.1263,24.4,0.0,22.2,1016.6,1.5,1,4,6,154,18667.3,2006.0,Hot-Humid
2016-06-02 02:00:00,Panther_lodging_Kirk,126.3744,23.9,0.0,22.2,1015.9,2.1,2,4,6,154,18667.3,2006.0,Hot-Humid
2016-06-02 03:00:00,Panther_lodging_Kirk,121.5735,23.3,4.0,21.7,1016.1,1.5,3,4,6,154,18667.3,2006.0,Hot-Humid
2016-06-02 04:00:00,Panther_lodging_Kirk,123.5739,23.3,4.5,21.7,1016.3,1.5,4,4,6,154,18667.3,2006.0,Hot-Humid
2016-06-02 05:00:00,Panther_lodging_Kirk,122.2236,22.8,5.0,21.7,1016.9,0.0,5,4,6,154,18667.3,2006.0,Hot-Humid
2016-06-02 06:00:00,Panther_lodging_Kirk,120.8233,22.8,5.5,21.7,1017.3,1.5,6,4,6,154,18667.3,2006.0,Hot-Humid
2016-06-02 07:00:00,Panther_lodging_Kirk,127.9247,24.4,6.0,22.8,1017.9,1.5,7,4,6,154,18667.3,2006.0,Hot-Humid
2016-06-02 08:00:00,Panther_lodging_Kirk,134.2259,26.1,5.0,22.8,1018.6,2.6,8,4,6,154,18667.3,2006.0,Hot-Humid
2016-06-02 09:00:00,Panther_lodging_Kirk,141.6273,28.3,4.0,22.2,1018.6,2.6,9,4,6,154,18667.3,2006.0,Hot-Humid
2016-06-02 10:00:00,Panther_lodging_Kirk,148.1286,30.0,4.0,21.7,1018.7,1.5,10,4,6,154,18667.3,2006.0,Hot-Humid
2016-06-02 11:00:00,Panther_lodging_Kirk,149.7289,30.6,4.0,20.6,1018.5,3.1,11,4,6,154,18667.3,2006.0,Hot-Humid
2016-06-02 12:00:00,Panther_lodging_Kirk,141.7774,31.7,4.0,20.0,1018.1,2.6,12,4,6,154,18667.3,2006.0,Hot-Humid
2016-06-02 13:00:00,Panther_lodging_Kirk,149.4288,31.7,4.0,20.0,1017.6,1.5,13,4,6,154,18667.3,2006.0,Hot-Humid
2016-06-02 14:00:00,Panther_lodging_Kirk,155.8301,32.8,4.0,20.0,1017.1,2.6,14,4,6,154,18667.3,2006.0,Hot-Humid
2016-06-02 15:00:00,Panther_lodging_Kirk,147.2284,32.8,4.0,19.4,1016.1,2.6,15,4,6,154,18667.3,2006.0,Hot-Humid
2016-06-02 16:00:00,Panther_lodging_Kirk,147.1784,32.8,4.5,18.3,1015.3,2.6,16,4,6,154,18667.3,2006.0,Hot-Humid
2016-06-02 17:00:00,Panther_lodging_Kirk,164.4817,31.7,5.0,21.1,1015.1,4.6,17,4,6,154,18667.3,2006.0,Hot-Humid
2016-06-02 18:00:00,Panther_lodging_Kirk,171.13299999999995,30.0,5.5,21.1,1015.4,7.7,18,4,6,154,18667.3,2006.0,Hot-Humid
2016-06-02 19:00:00,Panther_lodging_Kirk,158.7306,28.9,6.0,21.1,1016.1,7.2,19,4,6,154,18667.3,2006.0,Hot-Humid
2016-06-02 20:00:00,Panther_lodging_Kirk,159.2307,27.8,6.0,21.7,1016.9,5.1,20,4,6,154,18667.3,2006.0,Hot-Humid
2016-06-02 21:00:00,Panther_lodging_Kirk,167.6824,26.7,6.0,21.7,1017.5,4.1,21,4,6,154,18667.3,2006.0,Hot-Humid
2016-06-02 22:00:00,Panther_lodging_Kirk,163.2815,26.1,6.0,22.2,1018.3,3.1,22,4,6,154,18667.3,2006.0,Hot-Humid
2016-06-02 23:00:00,Panther_lodging_Kirk,156.8803,25.6,6.0,22.2,1018.6,2.6,23,4,6,154,18667.3,2006.0,Hot-Humid
2016-06-03 00:00:00,Panther_lodging_Kirk,159.4308,25.0,6.0,22.2,1018.5,2.1,0,5,6,155,18667.3,2006.0,Hot-Humid
2016-06-03 01:00:00,Panther_lodging_Kirk,147.2284,25.0,6.0,22.2,1018.0,1.5,1,5,6,155,18667.3,2006.0,Hot-Humid
2016-06-03 02:00:00,Panther_lodging_Kirk,134.67600000000002,24.4,5.2,22.2,1017.5,1.5,2,5,6,155,18667.3,2006.0,Hot-Humid
2016-06-03 03:00:00,Panther_lodging_Kirk,126.3244,24.4,4.4,22.2,1017.4,0.0,3,5,6,155,18667.3,2006.0,Hot-Humid
2016-06-03 04:00:00,Panther_lodging_Kirk,125.2742,23.3,3.5999999999999996,21.7,1017.3,0.0,4,5,6,155,18667.3,2006.0,Hot-Humid
2016-06-03 05:00:00,Panther_lodging_Kirk,123.9239,23.9,3.5999999999999996,22.2,1017.4,0.0,5,5,6,155,18667.3,2006.0,Hot-Humid
2016-06-03 06:00:00,Panther_lodging_Kirk,123.2238,23.3,2.0,22.2,1017.6,0.0,6,5,6,155,18667.3,2006.0,Hot-Humid
2016-06-03 07:00:00,Panther_lodging_Kirk,120.6233,25.6,2.0,23.3,1018.0,1.5,7,5,6,155,18667.3,2006.0,Hot-Humid
2016-06-03 08:00:00,Panther_lodging_Kirk,120.1232,27.8,2.0,23.3,1018.0,3.1,8,5,6,155,18667.3,2006.0,Hot-Humid
2016-06-03 09:00:00,Panther_lodging_Kirk,118.9229,28.3,3.0,22.8,1018.1,2.6,9,5,6,155,18667.3,2006.0,Hot-Humid
2016-06-03 10:00:00,Panther_lodging_Kirk,126.3744,30.0,4.0,22.8,1017.9,0.0,10,5,6,155,18667.3,2006.0,Hot-Humid
2016-06-03 11:00:00,Panther_lodging_Kirk,133.6758,31.1,4.0,21.7,1017.7,0.0,11,5,6,155,18667.3,2006.0,Hot-Humid
2016-06-03 12:00:00,Panther_lodging_Kirk,150.8791,32.2,4.0,21.1,1017.2,2.6,12,5,6,155,18667.3,2006.0,Hot-Humid
2016-06-03 13:00:00,Panther_lodging_Kirk,154.2798,32.8,4.0,20.0,1016.6,3.6,13,5,6,155,18667.3,2006.0,Hot-Humid
2016-06-03 14:00:00,Panther_lodging_Kirk,156.1301,33.3,4.0,19.4,1016.3,2.1,14,5,6,155,18667.3,2006.0,Hot-Humid
2016-06-03 15:00:00,Panther_lodging_Kirk,158.9307,32.8,4.0,18.9,1015.8,3.6,15,5,6,155,18667.3,2006.0,Hot-Humid
2016-06-03 16:00:00,Panther_lodging_Kirk,158.7807,32.8,4.0,20.6,1015.4,4.6,16,5,6,155,18667.3,2006.0,Hot-Humid
2016-06-03 17:00:00,Panther_lodging_Kirk,155.73,31.7,4.666666666666667,20.0,1015.3,6.2,17,5,6,155,18667.3,2006.0,Hot-Humid
2016-06-03 18:00:00,Panther_lodging_Kirk,160.381,30.6,5.333333333333333,20.6,1015.5,6.7,18,5,6,155,18667.3,2006.0,Hot-Humid
2016-06-03 19:00:00,Panther_lodging_Kirk,155.9301,28.9,6.0,21.7,1016.0,7.7,19,5,6,155,18667.3,2006.0,Hot-Humid
2016-06-03 20:00:00,Panther_lodging_Kirk,159.3807,27.8,6.0,22.2,1016.5,5.7,20,5,6,155,18667.3,2006.0,Hot-Humid
2016-06-03 21:00:00,Panther_lodging_Kirk,155.63,26.7,6.0,22.8,1017.1,4.1,21,5,6,155,18667.3,2006.0,Hot-Humid
2016-06-03 22:00:00,Panther_lodging_Kirk,157.6304,26.7,6.0,22.8,1018.1,2.6,22,5,6,155,18667.3,2006.0,Hot-Humid
2016-06-03 23:00:00,Panther_lodging_Kirk,150.5291,26.1,6.0,22.8,1018.4,3.6,23,5,6,155,18667.3,2006.0,Hot-Humid
2016-06-04 00:00:00,Panther_lodging_Kirk,147.7785,25.6,6.0,22.8,1017.9,3.1,0,6,6,156,18667.3,2006.0,Hot-Humid
2016-06-04 01:00:00,Panther_lodging_Kirk,140.2271,25.6,6.0,23.3,1017.8,3.1,1,6,6,156,18667.3,2006.0,Hot-Humid
2016-06-04 02:00:00,Panther_lodging_Kirk,128.0747,25.0,5.5,23.3,1017.5,1.5,2,6,6,156,18667.3,2006.0,Hot-Humid
2016-06-04 03:00:00,Panther_lodging_Kirk,127.4746,25.0,5.0,22.8,1016.8,2.6,3,6,6,156,18667.3,2006.0,Hot-Humid
2016-06-04 04:00:00,Panther_lodging_Kirk,121.7735,25.0,4.5,22.8,1016.5,1.5,4,6,6,156,18667.3,2006.0,Hot-Humid
2016-06-04 05:00:00,Panther_lodging_Kirk,122.1236,24.4,4.0,22.8,1016.5,1.5,5,6,6,156,18667.3,2006.0,Hot-Humid
2016-06-04 06:00:00,Panther_lodging_Kirk,120.6733,23.9,2.0,22.8,1016.8,2.1,6,6,6,156,18667.3,2006.0,Hot-Humid
2016-06-04 07:00:00,Panther_lodging_Kirk,122.9737,25.6,2.0,23.3,1016.9,2.1,7,6,6,156,18667.3,2006.0,Hot-Humid
2016-06-04 08:00:00,Panther_lodging_Kirk,119.7231,27.2,2.0,23.3,1017.3,1.5,8,6,6,156,18667.3,2006.0,Hot-Humid
2016-06-04 09:00:00,Panther_lodging_Kirk,124.7741,29.4,2.0,22.2,1017.1,2.6,9,6,6,156,18667.3,2006.0,Hot-Humid
2016-06-04 10:00:00,Panther_lodging_Kirk,126.1744,30.0,4.0,21.1,1017.1,2.6,10,6,6,156,18667.3,2006.0,Hot-Humid
2016-06-04 11:00:00,Panther_lodging_Kirk,133.0757,31.1,4.0,20.6,1016.7,2.1,11,6,6,156,18667.3,2006.0,Hot-Humid
2016-06-04 12:00:00,Panther_lodging_Kirk,139.5269,31.7,4.0,20.6,1016.0,2.1,12,6,6,156,18667.3,2006.0,Hot-Humid
2016-06-04 13:00:00,Panther_lodging_Kirk,148.7287,32.8,4.0,20.6,1015.1,4.1,13,6,6,156,18667.3,2006.0,Hot-Humid
2016-06-04 14:00:00,Panther_lodging_Kirk,151.9293,33.9,4.0,19.4,1014.5,2.6,14,6,6,156,18667.3,2006.0,Hot-Humid
2016-06-04 15:00:00,Panther_lodging_Kirk,146.4783,33.9,4.0,19.4,1014.0,3.1,15,6,6,156,18667.3,2006.0,Hot-Humid
2016-06-04 16:00:00,Panther_lodging_Kirk,152.9295,32.8,4.0,21.7,1013.5,7.2,16,6,6,156,18667.3,2006.0,Hot-Humid
2016-06-04 17:00:00,Panther_lodging_Kirk,151.8293,32.2,4.0,20.6,1013.2,6.7,17,6,6,156,18667.3,2006.0,Hot-Humid
2016-06-04 18:00:00,Panther_lodging_Kirk,161.9313,31.1,4.0,20.6,1013.2,7.2,18,6,6,156,18667.3,2006.0,Hot-Humid
2016-06-04 19:00:00,Panther_lodging_Kirk,157.8305,29.4,4.0,21.1,1013.7,7.2,19,6,6,156,18667.3,2006.0,Hot-Humid
2016-06-04 20:00:00,Panther_lodging_Kirk,161.4812,27.8,4.0,22.2,1014.2,5.1,20,6,6,156,18667.3,2006.0,Hot-Humid
2016-06-04 21:00:00,Panther_lodging_Kirk,153.4296,27.2,2.0,22.2,1014.8,4.6,21,6,6,156,18667.3,2006.0,Hot-Humid
2016-06-04 22:00:00,Panther_lodging_Kirk,152.4294,26.7,2.0,22.2,1015.1,3.6,22,6,6,156,18667.3,2006.0,Hot-Humid
2016-06-04 23:00:00,Panther_lodging_Kirk,142.7275,26.1,2.0,22.8,1015.0,4.1,23,6,6,156,18667.3,2006.0,Hot-Humid
2016-06-05 00:00:00,Panther_lodging_Kirk,144.4279,25.6,2.0,22.8,1014.7,3.6,0,7,6,157,18667.3,2006.0,Hot-Humid
2016-06-05 01:00:00,Panther_lodging_Kirk,140.127,25.0,2.0,22.8,1014.1,2.1,1,7,6,157,18667.3,2006.0,Hot-Humid
2016-06-05 02:00:00,Panther_lodging_Kirk,131.1753,25.0,2.0,22.8,1013.5,2.1,2,7,6,157,18667.3,2006.0,Hot-Humid
2016-06-05 03:00:00,Panther_lodging_Kirk,123.2238,24.4,0.0,22.8,1013.0,0.0,3,7,6,157,18667.3,2006.0,Hot-Humid
2016-06-05 04:00:00,Panther_lodging_Kirk,126.4244,24.4,0.0,22.8,1012.6,2.1,4,7,6,157,18667.3,2006.0,Hot-Humid
2016-06-05 05:00:00,Panther_lodging_Kirk,124.324,24.4,2.0,22.8,1012.7,2.1,5,7,6,157,18667.3,2006.0,Hot-Humid
2016-06-05 06:00:00,Panther_lodging_Kirk,124.8241,24.4,2.0,22.8,1013.4,1.5,6,7,6,157,18667.3,2006.0,Hot-Humid
2016-06-05 07:00:00,Panther_lodging_Kirk,129.8251,25.6,2.0,22.8,1013.6,2.6,7,7,6,157,18667.3,2006.0,Hot-Humid
2016-06-05 08:00:00,Panther_lodging_Kirk,121.8235,27.8,4.0,22.8,1013.7,3.6,8,7,6,157,18667.3,2006.0,Hot-Humid
2016-06-05 09:00:00,Panther_lodging_Kirk,119.073,28.9,4.0,22.8,1014.2,4.6,9,7,6,157,18667.3,2006.0,Hot-Humid
2016-06-05 10:00:00,Panther_lodging_Kirk,127.8747,30.0,4.5,22.8,1014.2,3.6,10,7,6,157,18667.3,2006.0,Hot-Humid
2016-06-05 11:00:00,Panther_lodging_Kirk,133.2757,31.1,5.0,21.1,1013.8,3.6,11,7,6,157,18667.3,2006.0,Hot-Humid
2016-06-05 12:00:00,Panther_lodging_Kirk,140.3271,32.2,5.5,21.7,1013.6,3.6,12,7,6,157,18667.3,2006.0,Hot-Humid
2016-06-05 13:00:00,Panther_lodging_Kirk,146.8783,32.8,6.0,21.7,1012.8,3.6,13,7,6,157,18667.3,2006.0,Hot-Humid
2016-06-05 14:00:00,Panther_lodging_Kirk,147.2284,34.4,6.333333333333333,21.7,1012.1,3.1,14,7,6,157,18667.3,2006.0,Hot-Humid
2016-06-05 15:00:00,Panther_lodging_Kirk,149.8289,31.1,6.666666666666667,22.8,1012.1,5.1,15,7,6,157,18667.3,2006.0,Hot-Humid
2016-06-05 16:00:00,Panther_lodging_Kirk,149.1288,31.7,7.0,23.3,1011.8,5.7,16,7,6,157,18667.3,2006.0,Hot-Humid
2016-06-05 17:00:00,Panther_lodging_Kirk,148.9787,23.3,7.0,22.2,1012.6,7.7,17,7,6,157,18667.3,2006.0,Hot-Humid
2016-06-05 18:00:00,Panther_lodging_Kirk,158.0805,23.3,7.0,22.2,1014.1,4.6,18,7,6,157,18667.3,2006.0,Hot-Humid
2016-06-05 19:00:00,Panther_lodging_Kirk,159.7308,23.3,8.0,21.7,1013.6,2.6,19,7,6,157,18667.3,2006.0,Hot-Humid
2016-06-05 20:00:00,Panther_lodging_Kirk,158.1305,23.9,8.0,22.2,1013.7,2.1,20,7,6,157,18667.3,2006.0,Hot-Humid
2016-06-05 21:00:00,Panther_lodging_Kirk,166.2321,23.3,8.0,22.2,1013.3,2.1,21,7,6,157,18667.3,2006.0,Hot-Humid
2016-06-05 22:00:00,Panther_lodging_Kirk,162.2813,23.3,8.0,22.2,1013.7,2.6,22,7,6,157,18667.3,2006.0,Hot-Humid
2016-06-05 23:00:00,Panther_lodging_Kirk,149.8789,23.9,8.0,22.2,1013.5,0.0,23,7,6,157,18667.3,2006.0,Hot-Humid
2016-06-06 00:00:00,Panther_lodging_Kirk,144.1778,23.9,8.0,21.1,1013.7,2.1,0,1,6,158,18667.3,2006.0,Hot-Humid
2016-06-06 01:00:00,Panther_lodging_Kirk,127.1746,23.9,8.0,21.7,1013.3,2.1,1,1,6,158,18667.3,2006.0,Hot-Humid
2016-06-06 02:00:00,Panther_lodging_Kirk,124.9741,23.9,8.0,22.2,1013.0,2.1,2,1,6,158,18667.3,2006.0,Hot-Humid
2016-06-06 03:00:00,Panther_lodging_Kirk,117.4727,24.4,8.0,22.8,1012.4,1.5,3,1,6,158,18667.3,2006.0,Hot-Humid
2016-06-06 04:00:00,Panther_lodging_Kirk,115.0722,24.4,8.0,22.8,1013.1,5.7,4,1,6,158,18667.3,2006.0,Hot-Humid
2016-06-06 05:00:00,Panther_lodging_Kirk,118.1728,23.3,8.0,22.2,1012.3,0.0,5,1,6,158,18667.3,2006.0,Hot-Humid
2016-06-06 06:00:00,Panther_lodging_Kirk,117.9227,23.9,8.0,22.2,1012.0,0.0,6,1,6,158,18667.3,2006.0,Hot-Humid
2016-06-06 07:00:00,Panther_lodging_Kirk,122.1236,24.4,8.0,23.3,1012.3,2.1,7,1,6,158,18667.3,2006.0,Hot-Humid
2016-06-06 08:00:00,Panther_lodging_Kirk,125.5242,26.1,8.0,24.4,1012.1,3.6,8,1,6,158,18667.3,2006.0,Hot-Humid
2016-06-06 09:00:00,Panther_lodging_Kirk,125.4242,27.8,8.0,25.0,1012.1,5.1,9,1,6,158,18667.3,2006.0,Hot-Humid
2016-06-06 10:00:00,Panther_lodging_Kirk,127.1745,28.9,8.0,25.0,1011.7,6.2,10,1,6,158,18667.3,2006.0,Hot-Humid
2016-06-06 11:00:00,Panther_lodging_Kirk,130.5252,29.4,8.0,23.9,1011.4,7.2,11,1,6,158,18667.3,2006.0,Hot-Humid
2016-06-06 12:00:00,Panther_lodging_Kirk,132.4256,30.0,8.0,23.9,1010.7,6.2,12,1,6,158,18667.3,2006.0,Hot-Humid
2016-06-06 13:00:00,Panther_lodging_Kirk,144.0778,29.4,8.0,23.9,1009.9,6.2,13,1,6,158,18667.3,2006.0,Hot-Humid
2016-06-06 14:00:00,Panther_lodging_Kirk,145.4281,30.0,8.0,24.0,1009.45,7.2,14,1,6,158,18667.3,2006.0,Hot-Humid
2016-06-06 15:00:00,Panther_lodging_Kirk,144.928,27.8,8.0,25.0,1009.0,5.1,15,1,6,158,18667.3,2006.0,Hot-Humid
2016-06-06 16:00:00,Panther_lodging_Kirk,157.8805,25.0,8.0,23.3,1009.5,9.3,16,1,6,158,18667.3,2006.0,Hot-Humid
2016-06-06 17:00:00,Panther_lodging_Kirk,166.4821,24.4,8.0,22.8,1008.4,3.6,17,1,6,158,18667.3,2006.0,Hot-Humid
2016-06-06 18:00:00,Panther_lodging_Kirk,172.9834,25.6,8.0,23.9,1007.3,7.2,18,1,6,158,18667.3,2006.0,Hot-Humid
2016-06-06 19:00:00,Panther_lodging_Kirk,166.032,25.6,8.0,23.3,1007.5,7.2,19,1,6,158,18667.3,2006.0,Hot-Humid
2016-06-06 20:00:00,Panther_lodging_Kirk,175.0838,25.0,8.0,22.8,1007.3,8.2,20,1,6,158,18667.3,2006.0,Hot-Humid
2016-06-06 21:00:00,Panther_lodging_Kirk,170.2328,25.0,8.0,22.8,1007.5,7.7,21,1,6,158,18667.3,2006.0,Hot-Humid
2016-06-06 22:00:00,Panther_lodging_Kirk,171.3331,24.4,8.0,23.3,1007.8,7.2,22,1,6,158,18667.3,2006.0,Hot-Humid
2016-06-06 23:00:00,Panther_lodging_Kirk,162.0313,25.0,8.0,23.3,1008.1,8.2,23,1,6,158,18667.3,2006.0,Hot-Humid
2016-06-07 00:00:00,Panther_lodging_Kirk,155.2299,25.6,8.0,23.9,1007.9,8.2,0,2,6,159,18667.3,2006.0,Hot-Humid
2016-06-07 01:00:00,Panther_lodging_Kirk,148.0286,26.1,8.0,23.9,1007.2,8.2,1,2,6,159,18667.3,2006.0,Hot-Humid
2016-06-07 02:00:00,Panther_lodging_Kirk,133.5758,25.6,8.0,23.9,1006.8,9.3,2,2,6,159,18667.3,2006.0,Hot-Humid
2016-06-07 03:00:00,Panther_lodging_Kirk,127.3746,26.1,8.0,23.9,1006.3,7.7,3,2,6,159,18667.3,2006.0,Hot-Humid
2016-06-07 04:00:00,Panther_lodging_Kirk,124.624,26.1,8.0,23.9,1006.1,7.7,4,2,6,159,18667.3,2006.0,Hot-Humid
2016-06-07 05:00:00,Panther_lodging_Kirk,122.3236,26.1,8.0,23.9,1006.8,8.8,5,2,6,159,18667.3,2006.0,Hot-Humid
2016-06-07 06:00:00,Panther_lodging_Kirk,117.8727,26.1,8.0,23.9,1007.9,7.7,6,2,6,159,18667.3,2006.0,Hot-Humid
2016-06-07 07:00:00,Panther_lodging_Kirk,120.5733,25.0,8.0,23.9,1008.8,4.6,7,2,6,159,18667.3,2006.0,Hot-Humid
2016-06-07 08:00:00,Panther_lodging_Kirk,126.1744,25.0,8.0,23.3,1009.4,8.2,8,2,6,159,18667.3,2006.0,Hot-Humid
2016-06-07 09:00:00,Panther_lodging_Kirk,125.4242,25.6,8.0,23.3,1009.5,6.2,9,2,6,159,18667.3,2006.0,Hot-Humid
2016-06-07 10:00:00,Panther_lodging_Kirk,135.026,26.1,8.0,22.8,1009.4,7.7,10,2,6,159,18667.3,2006.0,Hot-Humid
2016-06-07 11:00:00,Panther_lodging_Kirk,128.9249,26.1,8.0,23.3,1010.2,5.7,11,2,6,159,18667.3,2006.0,Hot-Humid
2016-06-07 12:00:00,Panther_lodging_Kirk,130.3752,27.8,8.0,23.3,1009.7,7.2,12,2,6,159,18667.3,2006.0,Hot-Humid
2016-06-07 13:00:00,Panther_lodging_Kirk,137.8766,28.3,8.0,23.9,1009.2,6.2,13,2,6,159,18667.3,2006.0,Hot-Humid
2016-06-07 14:00:00,Panther_lodging_Kirk,152.2294,30.0,7.666666666666667,23.9,1008.6,4.6,14,2,6,159,18667.3,2006.0,Hot-Humid
2016-06-07 15:00:00,Panther_lodging_Kirk,150.129,30.6,7.333333333333333,23.3,1008.1,4.1,15,2,6,159,18667.3,2006.0,Hot-Humid
2016-06-07 16:00:00,Panther_lodging_Kirk,152.8795,29.4,7.0,23.9,1007.8,3.6,16,2,6,159,18667.3,2006.0,Hot-Humid
2016-06-07 17:00:00,Panther_lodging_Kirk,149.5289,28.9,7.0,23.9,1007.8,4.6,17,2,6,159,18667.3,2006.0,Hot-Humid
2016-06-07 18:00:00,Panther_lodging_Kirk,150.9791,28.9,7.0,23.9,1008.1,3.6,18,2,6,159,18667.3,2006.0,Hot-Humid
2016-06-07 19:00:00,Panther_lodging_Kirk,162.6814,28.3,6.0,24.4,1008.8,3.1,19,2,6,159,18667.3,2006.0,Hot-Humid
2016-06-07 20:00:00,Panther_lodging_Kirk,165.3819,25.6,5.6,22.8,1009.7,2.1,20,2,6,159,18667.3,2006.0,Hot-Humid
2016-06-07 21:00:00,Panther_lodging_Kirk,165.68200000000004,25.6,5.2,23.3,1010.4000000000001,2.6,21,2,6,159,18667.3,2006.0,Hot-Humid
2016-06-07 22:00:00,Panther_lodging_Kirk,160.631,25.6,4.8,23.9,1011.1,2.1,22,2,6,159,18667.3,2006.0,Hot-Humid
2016-06-07 23:00:00,Panther_lodging_Kirk,159.9809,25.0,4.8,23.9,1011.0,2.1,23,2,6,159,18667.3,2006.0,Hot-Humid
2016-06-08 00:00:00,Panther_lodging_Kirk,161.0811,25.0,4.0,23.9,1011.0,1.5,0,3,6,160,18667.3,2006.0,Hot-Humid
2016-06-08 01:00:00,Panther_lodging_Kirk,149.2288,25.0,6.0,23.9,1010.7,0.0,1,3,6,160,18667.3,2006.0,Hot-Humid
2016-06-08 02:00:00,Panther_lodging_Kirk,130.4752,25.0,6.0,23.9,1010.3,0.0,2,3,6,160,18667.3,2006.0,Hot-Humid
2016-06-08 03:00:00,Panther_lodging_Kirk,121.3234,25.6,6.0,24.4,1010.1,1.5,3,3,6,160,18667.3,2006.0,Hot-Humid
2016-06-08 04:00:00,Panther_lodging_Kirk,120.2232,25.6,6.0,24.4,1010.2,2.1,4,3,6,160,18667.3,2006.0,Hot-Humid
2016-06-08 05:00:00,Panther_lodging_Kirk,119.323,25.6,6.0,23.9,1010.5,1.5,5,3,6,160,18667.3,2006.0,Hot-Humid
2016-06-08 06:00:00,Panther_lodging_Kirk,120.7733,25.6,6.0,23.9,1010.8,1.5,6,3,6,160,18667.3,2006.0,Hot-Humid
2016-06-08 07:00:00,Panther_lodging_Kirk,121.8735,25.6,6.0,23.9,1011.2,1.5,7,3,6,160,18667.3,2006.0,Hot-Humid
2016-06-08 08:00:00,Panther_lodging_Kirk,128.9249,27.8,6.0,24.4,1011.3,0.0,8,3,6,160,18667.3,2006.0,Hot-Humid
2016-06-08 09:00:00,Panther_lodging_Kirk,130.4252,28.3,6.0,24.4,1011.7,0.0,9,3,6,160,18667.3,2006.0,Hot-Humid
2016-06-08 10:00:00,Panther_lodging_Kirk,129.425,28.9,6.0,24.4,1011.6,1.5,10,3,6,160,18667.3,2006.0,Hot-Humid
2016-06-08 11:00:00,Panther_lodging_Kirk,135.4761,30.0,6.0,23.3,1011.7,4.1,11,3,6,160,18667.3,2006.0,Hot-Humid
2016-06-08 12:00:00,Panther_lodging_Kirk,138.8268,31.1,6.0,23.3,1011.5,5.7,12,3,6,160,18667.3,2006.0,Hot-Humid
2016-06-08 13:00:00,Panther_lodging_Kirk,140.9772,31.1,6.0,23.3,1011.1,4.1,13,3,6,160,18667.3,2006.0,Hot-Humid
2016-06-08 14:00:00,Panther_lodging_Kirk,158.4306,29.4,6.0,23.3,1010.9,5.7,14,3,6,160,18667.3,2006.0,Hot-Humid
2016-06-08 15:00:00,Panther_lodging_Kirk,155.7801,31.1,6.0,22.8,1010.4,6.7,15,3,6,160,18667.3,2006.0,Hot-Humid
2016-06-08 16:00:00,Panther_lodging_Kirk,155.58,30.0,6.0,20.6,1010.8,5.1,16,3,6,160,18667.3,2006.0,Hot-Humid
2016-06-08 17:00:00,Panther_lodging_Kirk,159.4308,28.9,6.0,23.3,1011.0,4.1,17,3,6,160,18667.3,2006.0,Hot-Humid
2016-06-08 18:00:00,Panther_lodging_Kirk,171.9332,28.9,6.0,21.1,1011.8,4.6,18,3,6,160,18667.3,2006.0,Hot-Humid
2016-06-08 19:00:00,Panther_lodging_Kirk,160.9811,28.3,6.0,21.1,1012.4,4.1,19,3,6,160,18667.3,2006.0,Hot-Humid
2016-06-08 20:00:00,Panther_lodging_Kirk,166.2321,26.7,4.0,21.1,1012.6,2.6,20,3,6,160,18667.3,2006.0,Hot-Humid
2016-06-08 21:00:00,Panther_lodging_Kirk,166.8322,25.6,4.0,22.8,1013.2,2.6,21,3,6,160,18667.3,2006.0,Hot-Humid
2016-06-08 22:00:00,Panther_lodging_Kirk,162.3813,25.0,4.0,23.3,1013.7,2.6,22,3,6,160,18667.3,2006.0,Hot-Humid
2016-06-08 23:00:00,Panther_lodging_Kirk,147.5785,23.9,4.0,22.8,1013.7,2.1,23,3,6,160,18667.3,2006.0,Hot-Humid
2016-06-09 00:00:00,Panther_lodging_Kirk,142.1274,24.4,4.0,22.8,1013.7,2.6,0,4,6,161,18667.3,2006.0,Hot-Humid
2016-06-09 01:00:00,Panther_lodging_Kirk,128.6248,23.9,6.0,22.2,1013.4,2.1,1,4,6,161,18667.3,2006.0,Hot-Humid
2016-06-09 02:00:00,Panther_lodging_Kirk,133.3257,23.9,5.5,22.2,1013.4,1.5,2,4,6,161,18667.3,2006.0,Hot-Humid
2016-06-09 03:00:00,Panther_lodging_Kirk,123.5238,23.9,5.0,22.2,1013.1,2.1,3,4,6,161,18667.3,2006.0,Hot-Humid
2016-06-09 04:00:00,Panther_lodging_Kirk,117.4727,23.9,4.5,22.2,1013.2,0.0,4,4,6,161,18667.3,2006.0,Hot-Humid
2016-06-09 05:00:00,Panther_lodging_Kirk,124.0239,23.9,4.0,22.2,1013.6,0.0,5,4,6,161,18667.3,2006.0,Hot-Humid
2016-06-09 06:00:00,Panther_lodging_Kirk,117.6727,23.9,5.0,22.2,1014.2,0.0,6,4,6,161,18667.3,2006.0,Hot-Humid
2016-06-09 07:00:00,Panther_lodging_Kirk,121.5735,24.4,6.0,22.8,1015.3,2.1,7,4,6,161,18667.3,2006.0,Hot-Humid
2016-06-09 08:00:00,Panther_lodging_Kirk,105.7204,25.0,6.0,23.3,1015.7,2.1,8,4,6,161,18667.3,2006.0,Hot-Humid
2016-06-09 09:00:00,Panther_lodging_Kirk,129.425,25.0,6.0,23.3,1016.3,3.1,9,4,6,161,18667.3,2006.0,Hot-Humid
2016-06-09 10:00:00,Panther_lodging_Kirk,131.4754,25.6,6.0,23.9,1016.1,2.1,10,4,6,161,18667.3,2006.0,Hot-Humid
2016-06-09 11:00:00,Panther_lodging_Kirk,137.6266,28.9,6.0,22.8,1016.2,0.0,11,4,6,161,18667.3,2006.0,Hot-Humid
2016-06-09 12:00:00,Panther_lodging_Kirk,131.2753,30.0,6.0,22.8,1015.6,3.6,12,4,6,161,18667.3,2006.0,Hot-Humid
2016-06-09 13:00:00,Panther_lodging_Kirk,147.5785,30.6,6.0,22.8,1015.2,6.2,13,4,6,161,18667.3,2006.0,Hot-Humid
2016-06-09 14:00:00,Panther_lodging_Kirk,151.9293,28.9,6.0,22.2,1015.3,4.1,14,4,6,161,18667.3,2006.0,Hot-Humid
2016-06-09 15:00:00,Panther_lodging_Kirk,154.0797,25.6,6.0,23.3,1015.7,4.1,15,4,6,161,18667.3,2006.0,Hot-Humid
2016-06-09 16:00:00,Panther_lodging_Kirk,141.9274,25.0,6.0,23.3,1015.0,2.1,16,4,6,161,18667.3,2006.0,Hot-Humid
2016-06-09 17:00:00,Panther_lodging_Kirk,148.2786,25.0,6.0,23.3,1014.8,3.1,17,4,6,161,18667.3,2006.0,Hot-Humid
2016-06-09 18:00:00,Panther_lodging_Kirk,155.58,25.6,6.0,23.3,1015.0,2.1,18,4,6,161,18667.3,2006.0,Hot-Humid
2016-06-09 19:00:00,Panther_lodging_Kirk,159.4308,25.0,6.0,23.3,1015.2,1.5,19,4,6,161,18667.3,2006.0,Hot-Humid
2016-06-09 20:00:00,Panther_lodging_Kirk,166.082,24.4,6.0,23.3,1015.3,1.5,20,4,6,161,18667.3,2006.0,Hot-Humid
2016-06-09 21:00:00,Panther_lodging_Kirk,171.9832,25.0,6.0,22.8,1015.5,1.5,21,4,6,161,18667.3,2006.0,Hot-Humid
2016-06-09 22:00:00,Panther_lodging_Kirk,167.1823,24.4,6.0,22.2,1015.8,2.1,22,4,6,161,18667.3,2006.0,Hot-Humid
2016-06-09 23:00:00,Panther_lodging_Kirk,167.8324,23.9,6.0,22.8,1016.1,2.1,23,4,6,161,18667.3,2006.0,Hot-Humid
2016-06-10 00:00:00,Panther_lodging_Kirk,157.0303,23.9,6.0,22.8,1015.8,0.0,0,5,6,162,18667.3,2006.0,Hot-Humid
2016-06-10 01:00:00,Panther_lodging_Kirk,152.1794,23.3,6.0,22.8,1015.4,0.0,1,5,6,162,18667.3,2006.0,Hot-Humid
2016-06-10 02:00:00,Panther_lodging_Kirk,138.0266,23.9,5.6,22.8,1015.3,0.0,2,5,6,162,18667.3,2006.0,Hot-Humid
2016-06-10 03:00:00,Panther_lodging_Kirk,134.42600000000002,23.9,5.2,22.8,1015.4,1.5,3,5,6,162,18667.3,2006.0,Hot-Humid
2016-06-10 04:00:00,Panther_lodging_Kirk,128.2747,23.9,4.8,22.8,1015.5,0.0,4,5,6,162,18667.3,2006.0,Hot-Humid
2016-06-10 05:00:00,Panther_lodging_Kirk,120.0732,24.4,4.8,23.3,1016.1,0.0,5,5,6,162,18667.3,2006.0,Hot-Humid
2016-06-10 06:00:00,Panther_lodging_Kirk,124.6741,24.4,4.0,22.8,1016.6,2.1,6,5,6,162,18667.3,2006.0,Hot-Humid
2016-06-10 07:00:00,Panther_lodging_Kirk,121.8735,25.0,6.0,23.3,1017.2,1.5,7,5,6,162,18667.3,2006.0,Hot-Humid
2016-06-10 08:00:00,Panther_lodging_Kirk,129.0749,25.6,5.5,23.3,1017.9,2.6,8,5,6,162,18667.3,2006.0,Hot-Humid
2016-06-10 09:00:00,Panther_lodging_Kirk,130.3752,27.8,5.0,23.3,1017.9,0.0,9,5,6,162,18667.3,2006.0,Hot-Humid
2016-06-10 10:00:00,Panther_lodging_Kirk,133.6258,29.4,4.5,22.2,1018.3,3.1,10,5,6,162,18667.3,2006.0,Hot-Humid
2016-06-10 11:00:00,Panther_lodging_Kirk,131.6254,30.6,4.0,22.2,1018.3,4.1,11,5,6,162,18667.3,2006.0,Hot-Humid
2016-06-10 12:00:00,Panther_lodging_Kirk,147.2284,31.1,5.0,22.8,1017.9,3.1,12,5,6,162,18667.3,2006.0,Hot-Humid
2016-06-10 13:00:00,Panther_lodging_Kirk,140.6271,32.2,6.0,22.2,1017.1,2.6,13,5,6,162,18667.3,2006.0,Hot-Humid
2016-06-10 14:00:00,Panther_lodging_Kirk,144.0278,32.8,6.0,22.2,1017.0,3.6,14,5,6,162,18667.3,2006.0,Hot-Humid
2016-06-10 15:00:00,Panther_lodging_Kirk,145.6781,31.7,6.0,22.2,1016.7,4.6,15,5,6,162,18667.3,2006.0,Hot-Humid
2016-06-10 16:00:00,Panther_lodging_Kirk,141.5773,30.6,6.0,22.2,1016.9,5.7,16,5,6,162,18667.3,2006.0,Hot-Humid
2016-06-10 17:00:00,Panther_lodging_Kirk,146.1782,28.9,6.0,23.3,1017.1,6.7,17,5,6,162,18667.3,2006.0,Hot-Humid
2016-06-10 18:00:00,Panther_lodging_Kirk,149.3288,27.2,6.0,23.3,1017.6,3.6,18,5,6,162,18667.3,2006.0,Hot-Humid
2016-06-10 19:00:00,Panther_lodging_Kirk,147.7785,26.7,6.0,22.8,1018.2,4.6,19,5,6,162,18667.3,2006.0,Hot-Humid
2016-06-10 20:00:00,Panther_lodging_Kirk,148.2286,26.1,6.0,23.3,1018.6,3.1,20,5,6,162,18667.3,2006.0,Hot-Humid
2016-06-10 21:00:00,Panther_lodging_Kirk,153.7797,26.1,6.0,23.3,1018.9,1.5,21,5,6,162,18667.3,2006.0,Hot-Humid
2016-06-10 22:00:00,Panther_lodging_Kirk,150.179,26.1,6.0,22.8,1019.0,2.1,22,5,6,162,18667.3,2006.0,Hot-Humid
2016-06-10 23:00:00,Panther_lodging_Kirk,152.4294,25.6,6.0,22.8,1018.6,2.6,23,5,6,162,18667.3,2006.0,Hot-Humid
2016-06-11 00:00:00,Panther_lodging_Kirk,144.4779,25.6,6.0,22.8,1018.8,3.1,0,6,6,163,18667.3,2006.0,Hot-Humid
2016-06-11 01:00:00,Panther_lodging_Kirk,137.0264,25.0,6.0,22.8,1018.2,1.5,1,6,6,163,18667.3,2006.0,Hot-Humid
2016-06-11 02:00:00,Panther_lodging_Kirk,132.2255,25.0,4.666666666666667,22.2,1018.1,1.5,2,6,6,163,18667.3,2006.0,Hot-Humid
2016-06-11 03:00:00,Panther_lodging_Kirk,128.5248,25.0,3.3333333333333335,21.7,1018.1,3.1,3,6,6,163,18667.3,2006.0,Hot-Humid
2016-06-11 04:00:00,Panther_lodging_Kirk,131.3253,24.4,2.0,21.7,1018.3,2.1,4,6,6,163,18667.3,2006.0,Hot-Humid
2016-06-11 05:00:00,Panther_lodging_Kirk,132.2255,23.9,2.0,21.7,1018.4,1.5,5,6,6,163,18667.3,2006.0,Hot-Humid
2016-06-11 06:00:00,Panther_lodging_Kirk,127.6246,25.0,4.0,22.8,1019.1,2.1,6,6,6,163,18667.3,2006.0,Hot-Humid
2016-06-11 07:00:00,Panther_lodging_Kirk,121.3234,25.0,4.0,22.8,1020.0,1.5,7,6,6,163,18667.3,2006.0,Hot-Humid
2016-06-11 08:00:00,Panther_lodging_Kirk,123.9739,27.8,4.0,22.8,1020.7,3.6,8,6,6,163,18667.3,2006.0,Hot-Humid
2016-06-11 09:00:00,Panther_lodging_Kirk,120.9733,28.9,4.0,20.6,1021.1,3.6,9,6,6,163,18667.3,2006.0,Hot-Humid
2016-06-11 10:00:00,Panther_lodging_Kirk,123.0738,28.9,4.5,21.1,1021.5,4.6,10,6,6,163,18667.3,2006.0,Hot-Humid
2016-06-11 11:00:00,Panther_lodging_Kirk,133.6758,29.4,5.0,21.1,1021.4,3.6,11,6,6,163,18667.3,2006.0,Hot-Humid
2016-06-11 12:00:00,Panther_lodging_Kirk,150.079,30.6,5.5,20.6,1021.1,3.1,12,6,6,163,18667.3,2006.0,Hot-Humid
2016-06-11 13:00:00,Panther_lodging_Kirk,150.6791,29.4,6.0,21.1,1020.7,4.6,13,6,6,163,18667.3,2006.0,Hot-Humid
2016-06-11 14:00:00,Panther_lodging_Kirk,151.0292,30.0,6.0,21.1,1020.4,3.6,14,6,6,163,18667.3,2006.0,Hot-Humid
2016-06-11 15:00:00,Panther_lodging_Kirk,146.0282,31.1,6.0,21.1,1020.0,5.1,15,6,6,163,18667.3,2006.0,Hot-Humid
2016-06-11 16:00:00,Panther_lodging_Kirk,155.1299,30.0,6.0,21.1,1019.7,5.1,16,6,6,163,18667.3,2006.0,Hot-Humid
2016-06-11 17:00:00,Panther_lodging_Kirk,155.58,29.4,6.0,21.7,1019.6,5.1,17,6,6,163,18667.3,2006.0,Hot-Humid
2016-06-11 18:00:00,Panther_lodging_Kirk,157.8805,27.8,6.0,21.1,1019.9,4.1,18,6,6,163,18667.3,2006.0,Hot-Humid
2016-06-11 19:00:00,Panther_lodging_Kirk,162.3313,26.7,6.0,21.7,1020.3,3.6,19,6,6,163,18667.3,2006.0,Hot-Humid
2016-06-11 20:00:00,Panther_lodging_Kirk,162.2313,26.1,4.0,21.7,1020.3,3.1,20,6,6,163,18667.3,2006.0,Hot-Humid
2016-06-11 21:00:00,Panther_lodging_Kirk,163.7316,25.0,4.0,21.7,1020.3,2.1,21,6,6,163,18667.3,2006.0,Hot-Humid
2016-06-11 22:00:00,Panther_lodging_Kirk,156.4302,24.4,2.0,21.7,1020.3,1.5,22,6,6,163,18667.3,2006.0,Hot-Humid
2016-06-11 23:00:00,Panther_lodging_Kirk,152.9295,25.0,2.0,22.2,1020.7,0.0,23,6,6,163,18667.3,2006.0,Hot-Humid
2016-06-12 00:00:00,Panther_lodging_Kirk,153.1796,24.4,2.0,22.2,1020.6,0.0,0,7,6,164,18667.3,2006.0,Hot-Humid
2016-06-12 01:00:00,Panther_lodging_Kirk,143.1776,24.4,2.0,22.2,1020.3,0.0,1,7,6,164,18667.3,2006.0,Hot-Humid
2016-06-12 02:00:00,Panther_lodging_Kirk,143.7778,24.4,0.0,22.2,1019.8,0.0,2,7,6,164,18667.3,2006.0,Hot-Humid
2016-06-12 03:00:00,Panther_lodging_Kirk,143.7778,23.3,2.0,21.7,1019.5,0.0,3,7,6,164,18667.3,2006.0,Hot-Humid
2016-06-12 04:00:00,Panther_lodging_Kirk,135.2761,23.9,2.0,22.2,1019.3,0.0,4,7,6,164,18667.3,2006.0,Hot-Humid
2016-06-12 05:00:00,Panther_lodging_Kirk,136.3263,23.3,4.0,21.7,1019.9,0.0,5,7,6,164,18667.3,2006.0,Hot-Humid
2016-06-12 06:00:00,Panther_lodging_Kirk,129.1249,23.3,4.0,22.2,1020.0,1.5,6,7,6,164,18667.3,2006.0,Hot-Humid
2016-06-12 07:00:00,Panther_lodging_Kirk,135.2761,25.0,4.0,22.8,1020.3,1.5,7,7,6,164,18667.3,2006.0,Hot-Humid
2016-06-12 08:00:00,Panther_lodging_Kirk,135.1761,26.1,4.0,22.8,1020.5,0.0,8,7,6,164,18667.3,2006.0,Hot-Humid
2016-06-12 09:00:00,Panther_lodging_Kirk,130.3752,27.2,4.0,22.8,1020.4,0.0,9,7,6,164,18667.3,2006.0,Hot-Humid
2016-06-12 10:00:00,Panther_lodging_Kirk,127.9747,28.3,4.0,21.1,1020.5,0.0,10,7,6,164,18667.3,2006.0,Hot-Humid
2016-06-12 11:00:00,Panther_lodging_Kirk,132.1755,30.0,4.0,21.1,1020.1,0.0,11,7,6,164,18667.3,2006.0,Hot-Humid
2016-06-12 12:00:00,Panther_lodging_Kirk,139.6269,30.0,5.0,21.1,1019.3,0.0,12,7,6,164,18667.3,2006.0,Hot-Humid
2016-06-12 13:00:00,Panther_lodging_Kirk,151.4292,31.7,6.0,21.1,1018.3,2.6,13,7,6,164,18667.3,2006.0,Hot-Humid
2016-06-12 14:00:00,Panther_lodging_Kirk,152.3294,31.1,6.0,21.1,1017.5,2.1,14,7,6,164,18667.3,2006.0,Hot-Humid
2016-06-12 15:00:00,Panther_lodging_Kirk,159.5808,31.7,6.0,20.0,1017.1,0.0,15,7,6,164,18667.3,2006.0,Hot-Humid
2016-06-12 16:00:00,Panther_lodging_Kirk,160.3809,31.1,6.0,21.1,1016.9,3.1,16,7,6,164,18667.3,2006.0,Hot-Humid
2016-06-12 17:00:00,Panther_lodging_Kirk,168.0824,30.6,6.0,21.7,1016.7,3.1,17,7,6,164,18667.3,2006.0,Hot-Humid
2016-06-12 18:00:00,Panther_lodging_Kirk,172.6333,27.8,6.0,22.2,1017.1,2.6,18,7,6,164,18667.3,2006.0,Hot-Humid
2016-06-12 19:00:00,Panther_lodging_Kirk,164.6318,27.2,6.0,22.8,1017.6,0.0,19,7,6,164,18667.3,2006.0,Hot-Humid
2016-06-12 20:00:00,Panther_lodging_Kirk,166.7822,26.7,6.0,22.8,1017.5,2.6,20,7,6,164,18667.3,2006.0,Hot-Humid
2016-06-12 21:00:00,Panther_lodging_Kirk,180.4348,25.6,6.0,23.3,1017.8,1.5,21,7,6,164,18667.3,2006.0,Hot-Humid
2016-06-12 22:00:00,Panther_lodging_Kirk,172.4333,25.0,6.0,23.9,1017.8,1.5,22,7,6,164,18667.3,2006.0,Hot-Humid
2016-06-12 23:00:00,Panther_lodging_Kirk,163.0315,25.0,6.0,23.3,1017.5,0.0,23,7,6,164,18667.3,2006.0,Hot-Humid
2016-06-13 00:00:00,Panther_lodging_Kirk,158.8806,25.6,6.0,23.3,1017.2,2.1,0,1,6,165,18667.3,2006.0,Hot-Humid
2016-06-13 01:00:00,Panther_lodging_Kirk,143.7778,25.0,6.0,22.8,1016.8,1.5,1,1,6,165,18667.3,2006.0,Hot-Humid
2016-06-13 02:00:00,Panther_lodging_Kirk,135.7262,25.0,5.5,22.2,1015.9,0.0,2,1,6,165,18667.3,2006.0,Hot-Humid
2016-06-13 03:00:00,Panther_lodging_Kirk,138.5267,24.4,5.0,22.2,1015.6,0.0,3,1,6,165,18667.3,2006.0,Hot-Humid
2016-06-13 04:00:00,Panther_lodging_Kirk,131.1253,24.4,4.5,22.2,1015.4,2.1,4,1,6,165,18667.3,2006.0,Hot-Humid
2016-06-13 05:00:00,Panther_lodging_Kirk,132.5756,24.4,4.0,22.8,1015.5,2.1,5,1,6,165,18667.3,2006.0,Hot-Humid
2016-06-13 06:00:00,Panther_lodging_Kirk,128.6248,24.4,2.0,22.8,1016.0,2.1,6,1,6,165,18667.3,2006.0,Hot-Humid
2016-06-13 07:00:00,Panther_lodging_Kirk,135.026,25.6,2.0,23.3,1016.2,2.6,7,1,6,165,18667.3,2006.0,Hot-Humid
2016-06-13 08:00:00,Panther_lodging_Kirk,137.6266,27.8,2.0,23.9,1016.2,3.6,8,1,6,165,18667.3,2006.0,Hot-Humid
2016-06-13 09:00:00,Panther_lodging_Kirk,131.0253,29.4,4.0,23.9,1016.0,5.7,9,1,6,165,18667.3,2006.0,Hot-Humid
2016-06-13 10:00:00,Panther_lodging_Kirk,142.6775,30.6,4.0,23.3,1015.8,4.6,10,1,6,165,18667.3,2006.0,Hot-Humid
2016-06-13 11:00:00,Panther_lodging_Kirk,146.2782,31.7,4.0,22.8,1015.6,3.6,11,1,6,165,18667.3,2006.0,Hot-Humid
2016-06-13 12:00:00,Panther_lodging_Kirk,142.4775,32.8,4.0,22.8,1015.1,3.6,12,1,6,165,18667.3,2006.0,Hot-Humid
2016-06-13 13:00:00,Panther_lodging_Kirk,148.4786,33.9,4.0,22.2,1014.4,3.6,13,1,6,165,18667.3,2006.0,Hot-Humid
2016-06-13 14:00:00,Panther_lodging_Kirk,154.7799,32.8,4.0,21.1,1013.9,1.5,14,1,6,165,18667.3,2006.0,Hot-Humid
2016-06-13 15:00:00,Panther_lodging_Kirk,161.5812,34.4,4.0,20.6,1013.1,2.1,15,1,6,165,18667.3,2006.0,Hot-Humid
2016-06-13 16:00:00,Panther_lodging_Kirk,167.7324,35.0,4.0,20.0,1012.3,2.1,16,1,6,165,18667.3,2006.0,Hot-Humid
2016-06-13 17:00:00,Panther_lodging_Kirk,161.8312,33.9,4.0,20.0,1012.3,1.5,17,1,6,165,18667.3,2006.0,Hot-Humid
2016-06-13 18:00:00,Panther_lodging_Kirk,169.7327,30.6,5.0,22.8,1012.5,5.1,18,1,6,165,18667.3,2006.0,Hot-Humid
2016-06-13 19:00:00,Panther_lodging_Kirk,169.3327,30.0,6.0,22.2,1012.6,2.6,19,1,6,165,18667.3,2006.0,Hot-Humid
2016-06-13 20:00:00,Panther_lodging_Kirk,173.2334,28.9,5.666666666666667,22.8,1013.0,2.6,20,1,6,165,18667.3,2006.0,Hot-Humid
2016-06-13 21:00:00,Panther_lodging_Kirk,170.4829,28.9,5.333333333333333,22.8,1013.8,1.5,21,1,6,165,18667.3,2006.0,Hot-Humid
2016-06-13 22:00:00,Panther_lodging_Kirk,168.0824,28.9,5.0,22.8,1014.2,1.5,22,1,6,165,18667.3,2006.0,Hot-Humid
2016-06-13 23:00:00,Panther_lodging_Kirk,161.5812,27.8,5.0,22.8,1014.6,2.1,23,1,6,165,18667.3,2006.0,Hot-Humid
2016-06-14 00:00:00,Panther_lodging_Kirk,157.8305,27.2,5.0,22.2,1014.5,2.1,0,2,6,166,18667.3,2006.0,Hot-Humid
2016-06-14 01:00:00,Panther_lodging_Kirk,148.6287,26.7,4.0,22.8,1013.9,1.5,1,2,6,166,18667.3,2006.0,Hot-Humid
2016-06-14 02:00:00,Panther_lodging_Kirk,142.4275,26.7,0.0,23.9,1013.6,0.0,2,2,6,166,18667.3,2006.0,Hot-Humid
2016-06-14 03:00:00,Panther_lodging_Kirk,133.4258,25.0,0.0,23.3,1013.5,1.5,3,2,6,166,18667.3,2006.0,Hot-Humid
2016-06-14 04:00:00,Panther_lodging_Kirk,129.625,25.6,0.0,23.9,1013.7,0.0,4,2,6,166,18667.3,2006.0,Hot-Humid
2016-06-14 05:00:00,Panther_lodging_Kirk,126.3744,25.0,0.0,23.9,1013.9,1.5,5,2,6,166,18667.3,2006.0,Hot-Humid
2016-06-14 06:00:00,Panther_lodging_Kirk,133.1757,25.0,2.0,23.9,1014.4,1.5,6,2,6,166,18667.3,2006.0,Hot-Humid
2016-06-14 07:00:00,Panther_lodging_Kirk,133.0257,27.2,2.0,25.0,1014.9,2.6,7,2,6,166,18667.3,2006.0,Hot-Humid
2016-06-14 08:00:00,Panther_lodging_Kirk,130.4252,28.9,2.0,25.0,1015.5,3.1,8,2,6,166,18667.3,2006.0,Hot-Humid
2016-06-14 09:00:00,Panther_lodging_Kirk,135.2261,30.6,4.0,23.9,1015.7,0.0,9,2,6,166,18667.3,2006.0,Hot-Humid
2016-06-14 10:00:00,Panther_lodging_Kirk,142.0274,31.7,4.0,23.3,1015.8,2.1,10,2,6,166,18667.3,2006.0,Hot-Humid
2016-06-14 11:00:00,Panther_lodging_Kirk,141.2273,32.8,4.0,22.8,1015.7,2.6,11,2,6,166,18667.3,2006.0,Hot-Humid
2016-06-14 12:00:00,Panther_lodging_Kirk,142.9776,33.3,4.0,23.3,1015.6,3.1,12,2,6,166,18667.3,2006.0,Hot-Humid
2016-06-14 13:00:00,Panther_lodging_Kirk,155.58,33.9,4.0,22.2,1015.1,3.1,13,2,6,166,18667.3,2006.0,Hot-Humid
2016-06-14 14:00:00,Panther_lodging_Kirk,148.7787,34.4,4.0,21.7,1014.5,2.6,14,2,6,166,18667.3,2006.0,Hot-Humid
2016-06-14 15:00:00,Panther_lodging_Kirk,146.0782,34.4,4.0,21.1,1013.5,2.1,15,2,6,166,18667.3,2006.0,Hot-Humid
2016-06-14 16:00:00,Panther_lodging_Kirk,159.7308,34.4,4.0,21.7,1012.9,4.1,16,2,6,166,18667.3,2006.0,Hot-Humid
2016-06-14 17:00:00,Panther_lodging_Kirk,155.1299,33.3,4.666666666666667,21.7,1013.1,3.1,17,2,6,166,18667.3,2006.0,Hot-Humid
2016-06-14 18:00:00,Panther_lodging_Kirk,149.7789,26.7,5.333333333333333,20.0,1014.1,2.6,18,2,6,166,18667.3,2006.0,Hot-Humid
2016-06-14 19:00:00,Panther_lodging_Kirk,163.8316,25.0,6.0,22.8,1015.9,10.3,19,2,6,166,18667.3,2006.0,Hot-Humid
2016-06-14 20:00:00,Panther_lodging_Kirk,165.68200000000004,24.4,6.0,22.2,1016.2,4.6,20,2,6,166,18667.3,2006.0,Hot-Humid
2016-06-14 21:00:00,Panther_lodging_Kirk,166.6822,23.9,6.0,21.7,1016.5,3.1,21,2,6,166,18667.3,2006.0,Hot-Humid
2016-06-14 22:00:00,Panther_lodging_Kirk,172.6333,24.4,6.0,22.8,1016.2,0.0,22,2,6,166,18667.3,2006.0,Hot-Humid
2016-06-14 23:00:00,Panther_lodging_Kirk,168.8326,25.0,6.0,23.3,1016.9,2.1,23,2,6,166,18667.3,2006.0,Hot-Humid
2016-06-15 00:00:00,Panther_lodging_Kirk,164.2817,24.4,6.0,23.3,1017.1,1.5,0,3,6,167,18667.3,2006.0,Hot-Humid
2016-06-15 01:00:00,Panther_lodging_Kirk,147.6785,25.0,6.0,23.3,1016.9,2.1,1,3,6,167,18667.3,2006.0,Hot-Humid
2016-06-15 02:00:00,Panther_lodging_Kirk,150.429,25.0,4.0,22.8,1016.7,1.5,2,3,6,167,18667.3,2006.0,Hot-Humid
2016-06-15 03:00:00,Panther_lodging_Kirk,148.7287,24.4,0.0,23.3,1016.1,2.1,3,3,6,167,18667.3,2006.0,Hot-Humid
2016-06-15 04:00:00,Panther_lodging_Kirk,143.8778,25.0,0.0,23.3,1016.0,2.6,4,3,6,167,18667.3,2006.0,Hot-Humid
2016-06-15 05:00:00,Panther_lodging_Kirk,140.3771,25.0,2.0,23.3,1016.5,1.5,5,3,6,167,18667.3,2006.0,Hot-Humid
2016-06-15 06:00:00,Panther_lodging_Kirk,138.1767,25.0,2.0,23.9,1017.0,2.1,6,3,6,167,18667.3,2006.0,Hot-Humid
2016-06-15 07:00:00,Panther_lodging_Kirk,138.3267,26.1,2.0,24.4,1017.6,3.1,7,3,6,167,18667.3,2006.0,Hot-Humid
2016-06-15 08:00:00,Panther_lodging_Kirk,140.3271,28.9,2.0,23.9,1018.0,4.1,8,3,6,167,18667.3,2006.0,Hot-Humid
2016-06-15 09:00:00,Panther_lodging_Kirk,149.3288,30.0,4.0,23.3,1018.2,4.1,9,3,6,167,18667.3,2006.0,Hot-Humid
2016-06-15 10:00:00,Panther_lodging_Kirk,141.3773,31.1,4.0,23.3,1018.3,3.1,10,3,6,167,18667.3,2006.0,Hot-Humid
2016-06-15 11:00:00,Panther_lodging_Kirk,148.6787,32.2,4.0,22.8,1018.2,3.6,11,3,6,167,18667.3,2006.0,Hot-Humid
2016-06-15 12:00:00,Panther_lodging_Kirk,142.3275,33.3,4.0,22.8,1017.8,3.6,12,3,6,167,18667.3,2006.0,Hot-Humid
2016-06-15 13:00:00,Panther_lodging_Kirk,147.6285,33.3,6.0,22.2,1017.1,0.0,13,3,6,167,18667.3,2006.0,Hot-Humid
2016-06-15 14:00:00,Panther_lodging_Kirk,152.0294,29.4,6.0,21.7,1016.7,11.3,14,3,6,167,18667.3,2006.0,Hot-Humid
2016-06-15 15:00:00,Panther_lodging_Kirk,148.4786,27.2,6.0,21.7,1016.5,2.6,15,3,6,167,18667.3,2006.0,Hot-Humid
2016-06-15 16:00:00,Panther_lodging_Kirk,161.2811,31.7,6.0,23.3,1015.4,2.6,16,3,6,167,18667.3,2006.0,Hot-Humid
2016-06-15 17:00:00,Panther_lodging_Kirk,164.1317,32.2,6.0,22.8,1015.0,2.6,17,3,6,167,18667.3,2006.0,Hot-Humid
2016-06-15 18:00:00,Panther_lodging_Kirk,163.8316,30.0,6.0,22.8,1015.2,4.6,18,3,6,167,18667.3,2006.0,Hot-Humid
2016-06-15 19:00:00,Panther_lodging_Kirk,158.3306,27.8,6.0,23.3,1015.7,0.0,19,3,6,167,18667.3,2006.0,Hot-Humid
2016-06-15 20:00:00,Panther_lodging_Kirk,172.8834,27.2,5.0,23.9,1016.0,0.0,20,3,6,167,18667.3,2006.0,Hot-Humid
2016-06-15 21:00:00,Panther_lodging_Kirk,178.3344,26.7,4.0,23.9,1016.3,1.5,21,3,6,167,18667.3,2006.0,Hot-Humid
2016-06-15 22:00:00,Panther_lodging_Kirk,163.6816,26.1,4.5,23.9,1016.7,0.0,22,3,6,167,18667.3,2006.0,Hot-Humid
2016-06-15 23:00:00,Panther_lodging_Kirk,173.5335,26.1,5.0,24.4,1017.2,2.1,23,3,6,167,18667.3,2006.0,Hot-Humid
2016-06-16 00:00:00,Panther_lodging_Kirk,158.5306,25.6,5.5,23.3,1017.2,1.5,0,4,6,168,18667.3,2006.0,Hot-Humid
2016-06-16 01:00:00,Panther_lodging_Kirk,143.5777,26.1,6.0,23.3,1016.8,2.1,1,4,6,168,18667.3,2006.0,Hot-Humid
2016-06-16 02:00:00,Panther_lodging_Kirk,138.5767,25.6,5.0,23.9,1016.2,2.6,2,4,6,168,18667.3,2006.0,Hot-Humid
2016-06-16 03:00:00,Panther_lodging_Kirk,136.3263,25.6,4.0,23.3,1015.8,2.1,3,4,6,168,18667.3,2006.0,Hot-Humid
2016-06-16 04:00:00,Panther_lodging_Kirk,131.3253,25.6,2.0,23.3,1015.9,2.6,4,4,6,168,18667.3,2006.0,Hot-Humid
2016-06-16 05:00:00,Panther_lodging_Kirk,130.5752,25.6,2.0,23.3,1015.9,2.6,5,4,6,168,18667.3,2006.0,Hot-Humid
2016-06-16 06:00:00,Panther_lodging_Kirk,133.7258,25.0,2.0,23.3,1016.0,2.1,6,4,6,168,18667.3,2006.0,Hot-Humid
2016-06-16 07:00:00,Panther_lodging_Kirk,128.5748,26.7,2.0,23.9,1016.3,3.6,7,4,6,168,18667.3,2006.0,Hot-Humid
2016-06-16 08:00:00,Panther_lodging_Kirk,137.9766,28.9,2.0,23.9,1016.8,4.1,8,4,6,168,18667.3,2006.0,Hot-Humid
2016-06-16 09:00:00,Panther_lodging_Kirk,136.9764,30.0,2.0,22.8,1016.9,6.7,9,4,6,168,18667.3,2006.0,Hot-Humid
2016-06-16 10:00:00,Panther_lodging_Kirk,130.5752,31.1,4.0,22.2,1016.6,7.2,10,4,6,168,18667.3,2006.0,Hot-Humid
2016-06-16 11:00:00,Panther_lodging_Kirk,144.5779,32.2,4.0,22.2,1015.7,5.1,11,4,6,168,18667.3,2006.0,Hot-Humid
2016-06-16 12:00:00,Panther_lodging_Kirk,142.7275,32.8,4.0,22.2,1014.8,6.7,12,4,6,168,18667.3,2006.0,Hot-Humid
2016-06-16 13:00:00,Panther_lodging_Kirk,137.6766,33.3,4.0,21.1,1014.7,8.2,13,4,6,168,18667.3,2006.0,Hot-Humid
2016-06-16 14:00:00,Panther_lodging_Kirk,141.1773,33.3,4.333333333333333,22.8,1014.2,5.1,14,4,6,168,18667.3,2006.0,Hot-Humid
2016-06-16 15:00:00,Panther_lodging_Kirk,146.5783,32.2,4.666666666666667,20.6,1013.7,7.2,15,4,6,168,18667.3,2006.0,Hot-Humid
2016-06-16 16:00:00,Panther_lodging_Kirk,161.1311,31.1,5.0,21.7,1014.1,2.1,16,4,6,168,18667.3,2006.0,Hot-Humid
2016-06-16 17:00:00,Panther_lodging_Kirk,155.1299,25.0,5.0,21.7,1014.7,9.3,17,4,6,168,18667.3,2006.0,Hot-Humid
2016-06-16 18:00:00,Panther_lodging_Kirk,165.982,25.0,5.0,22.2,1014.7,2.1,18,4,6,168,18667.3,2006.0,Hot-Humid
2016-06-16 19:00:00,Panther_lodging_Kirk,163.7816,25.6,6.0,22.8,1014.4,2.6,19,4,6,168,18667.3,2006.0,Hot-Humid
2016-06-16 20:00:00,Panther_lodging_Kirk,173.6335,25.0,5.333333333333333,23.3,1014.3,2.1,20,4,6,168,18667.3,2006.0,Hot-Humid
2016-06-16 21:00:00,Panther_lodging_Kirk,174.4837,25.0,4.666666666666667,23.3,1014.5,3.6,21,4,6,168,18667.3,2006.0,Hot-Humid
2016-06-16 22:00:00,Panther_lodging_Kirk,162.3313,25.0,4.0,23.3,1014.3,3.1,22,4,6,168,18667.3,2006.0,Hot-Humid
2016-06-16 23:00:00,Panther_lodging_Kirk,165.93200000000004,25.6,4.0,23.3,1014.6,2.6,23,4,6,168,18667.3,2006.0,Hot-Humid
2016-06-17 00:00:00,Panther_lodging_Kirk,165.0319,25.6,4.0,23.3,1014.2,4.1,0,5,6,169,18667.3,2006.0,Hot-Humid
2016-06-17 01:00:00,Panther_lodging_Kirk,144.6279,25.6,2.0,23.3,1013.8,4.1,1,5,6,169,18667.3,2006.0,Hot-Humid
2016-06-17 02:00:00,Panther_lodging_Kirk,137.9766,25.6,2.0,23.3,1013.1,4.1,2,5,6,169,18667.3,2006.0,Hot-Humid
2016-06-17 03:00:00,Panther_lodging_Kirk,143.4277,25.6,2.0,23.3,1012.8,2.6,3,5,6,169,18667.3,2006.0,Hot-Humid
2016-06-17 04:00:00,Panther_lodging_Kirk,139.2269,25.6,2.0,23.3,1012.9,2.6,4,5,6,169,18667.3,2006.0,Hot-Humid
2016-06-17 05:00:00,Panther_lodging_Kirk,138.0767,25.0,2.0,23.9,1013.2,2.6,5,5,6,169,18667.3,2006.0,Hot-Humid
2016-06-17 06:00:00,Panther_lodging_Kirk,142.1774,25.6,4.0,23.9,1013.4,2.6,6,5,6,169,18667.3,2006.0,Hot-Humid
2016-06-17 07:00:00,Panther_lodging_Kirk,133.6758,26.7,4.0,23.9,1014.0,4.1,7,5,6,169,18667.3,2006.0,Hot-Humid
2016-06-17 08:00:00,Panther_lodging_Kirk,133.3757,27.8,4.0,24.4,1014.5,4.6,8,5,6,169,18667.3,2006.0,Hot-Humid
2016-06-17 09:00:00,Panther_lodging_Kirk,134.0759,30.0,4.0,23.3,1014.4,6.2,9,5,6,169,18667.3,2006.0,Hot-Humid
2016-06-17 10:00:00,Panther_lodging_Kirk,125.7743,30.6,4.0,21.7,1014.2,7.7,10,5,6,169,18667.3,2006.0,Hot-Humid
2016-06-17 11:00:00,Panther_lodging_Kirk,142.9276,26.7,4.666666666666667,20.0,1014.3,4.6,11,5,6,169,18667.3,2006.0,Hot-Humid
2016-06-17 12:00:00,Panther_lodging_Kirk,143.8278,27.2,5.333333333333333,20.6,1014.4,5.7,12,5,6,169,18667.3,2006.0,Hot-Humid
2016-06-17 13:00:00,Panther_lodging_Kirk,142.0774,28.9,6.0,19.4,1013.6,5.1,13,5,6,169,18667.3,2006.0,Hot-Humid
2016-06-17 14:00:00,Panther_lodging_Kirk,149.7289,30.0,6.0,20.0,1013.0,5.1,14,5,6,169,18667.3,2006.0,Hot-Humid
2016-06-17 15:00:00,Panther_lodging_Kirk,152.0294,30.6,6.0,17.2,1013.3,5.1,15,5,6,169,18667.3,2006.0,Hot-Humid
2016-06-17 16:00:00,Panther_lodging_Kirk,152.2794,31.7,6.0,18.3,1012.9,5.1,16,5,6,169,18667.3,2006.0,Hot-Humid
2016-06-17 17:00:00,Panther_lodging_Kirk,158.1805,31.1,6.0,17.8,1012.1,6.2,17,5,6,169,18667.3,2006.0,Hot-Humid
2016-06-17 18:00:00,Panther_lodging_Kirk,154.7799,31.1,6.0,16.1,1011.2,7.2,18,5,6,169,18667.3,2006.0,Hot-Humid
2016-06-17 19:00:00,Panther_lodging_Kirk,153.7297,30.0,6.0,17.8,1011.7,3.1,19,5,6,169,18667.3,2006.0,Hot-Humid
2016-06-17 20:00:00,Panther_lodging_Kirk,152.9795,28.9,6.333333333333333,18.9,1012.5,3.1,20,5,6,169,18667.3,2006.0,Hot-Humid
2016-06-17 21:00:00,Panther_lodging_Kirk,159.5808,28.3,6.666666666666667,20.0,1013.1,4.1,21,5,6,169,18667.3,2006.0,Hot-Humid
2016-06-17 22:00:00,Panther_lodging_Kirk,161.7312,27.8,7.0,21.1,1013.8,3.6,22,5,6,169,18667.3,2006.0,Hot-Humid
2016-06-17 23:00:00,Panther_lodging_Kirk,158.3306,27.2,7.0,21.7,1014.3,3.1,23,5,6,169,18667.3,2006.0,Hot-Humid
2016-06-18 00:00:00,Panther_lodging_Kirk,150.7791,26.7,7.0,22.8,1014.8,4.1,0,6,6,170,18667.3,2006.0,Hot-Humid
2016-06-18 01:00:00,Panther_lodging_Kirk,140.2771,26.7,8.0,22.8,1013.8,5.1,1,6,6,170,18667.3,2006.0,Hot-Humid
2016-06-18 02:00:00,Panther_lodging_Kirk,140.4271,26.7,7.666666666666667,23.3,1013.6,2.1,2,6,6,170,18667.3,2006.0,Hot-Humid
2016-06-18 03:00:00,Panther_lodging_Kirk,134.1759,26.1,7.333333333333333,23.3,1013.1,3.1,3,6,6,170,18667.3,2006.0,Hot-Humid
2016-06-18 04:00:00,Panther_lodging_Kirk,130.2251,25.6,7.0,23.3,1012.9,2.6,4,6,6,170,18667.3,2006.0,Hot-Humid
2016-06-18 05:00:00,Panther_lodging_Kirk,129.2749,25.0,7.0,23.3,1013.1,2.6,5,6,6,170,18667.3,2006.0,Hot-Humid
2016-06-18 06:00:00,Panther_lodging_Kirk,125.4742,25.6,7.0,23.9,1014.1,2.1,6,6,6,170,18667.3,2006.0,Hot-Humid
2016-06-18 07:00:00,Panther_lodging_Kirk,124.074,26.7,6.0,23.9,1014.7,3.1,7,6,6,170,18667.3,2006.0,Hot-Humid
2016-06-18 08:00:00,Panther_lodging_Kirk,130.9753,28.3,4.0,23.9,1015.3,3.1,8,6,6,170,18667.3,2006.0,Hot-Humid
2016-06-18 09:00:00,Panther_lodging_Kirk,127.8247,29.4,4.0,23.3,1015.6,4.6,9,6,6,170,18667.3,2006.0,Hot-Humid
2016-06-18 10:00:00,Panther_lodging_Kirk,130.7252,30.6,4.5,22.8,1015.4,3.6,10,6,6,170,18667.3,2006.0,Hot-Humid
2016-06-18 11:00:00,Panther_lodging_Kirk,136.6264,32.8,5.0,21.7,1015.6,3.6,11,6,6,170,18667.3,2006.0,Hot-Humid
2016-06-18 12:00:00,Panther_lodging_Kirk,143.1276,32.8,5.5,21.1,1015.4,4.1,12,6,6,170,18667.3,2006.0,Hot-Humid
2016-06-18 13:00:00,Panther_lodging_Kirk,130.9253,33.3,6.0,21.1,1015.0,2.6,13,6,6,170,18667.3,2006.0,Hot-Humid
2016-06-18 14:00:00,Panther_lodging_Kirk,141.8774,33.9,6.333333333333333,21.1,1014.6,1.5,14,6,6,170,18667.3,2006.0,Hot-Humid
2016-06-18 15:00:00,Panther_lodging_Kirk,146.7283,32.8,6.666666666666667,20.0,1014.4,2.6,15,6,6,170,18667.3,2006.0,Hot-Humid
2016-06-18 16:00:00,Panther_lodging_Kirk,143.4777,22.8,7.0,21.1,1017.4,8.8,16,6,6,170,18667.3,2006.0,Hot-Humid
2016-06-18 17:00:00,Panther_lodging_Kirk,153.3796,23.9,7.0,20.6,1016.7,3.1,17,6,6,170,18667.3,2006.0,Hot-Humid
2016-06-18 18:00:00,Panther_lodging_Kirk,145.8281,23.3,7.0,21.1,1017.7,3.6,18,6,6,170,18667.3,2006.0,Hot-Humid
2016-06-18 19:00:00,Panther_lodging_Kirk,149.2288,22.8,8.0,21.1,1018.0,1.5,19,6,6,170,18667.3,2006.0,Hot-Humid
2016-06-18 20:00:00,Panther_lodging_Kirk,151.1292,23.3,8.0,20.6,1017.9,0.0,20,6,6,170,18667.3,2006.0,Hot-Humid
2016-06-18 21:00:00,Panther_lodging_Kirk,141.8274,23.3,8.0,21.1,1018.1,3.6,21,6,6,170,18667.3,2006.0,Hot-Humid
2016-06-18 22:00:00,Panther_lodging_Kirk,139.0768,23.3,8.0,21.1,1018.6,0.0,22,6,6,170,18667.3,2006.0,Hot-Humid
2016-06-18 23:00:00,Panther_lodging_Kirk,145.4781,22.8,8.0,21.1,1019.6,0.0,23,6,6,170,18667.3,2006.0,Hot-Humid
2016-06-19 00:00:00,Panther_lodging_Kirk,151.2292,22.8,8.0,21.1,1019.4,1.5,0,7,6,171,18667.3,2006.0,Hot-Humid
2016-06-19 01:00:00,Panther_lodging_Kirk,139.0768,22.8,8.0,21.7,1018.9,2.6,1,7,6,171,18667.3,2006.0,Hot-Humid
2016-06-19 02:00:00,Panther_lodging_Kirk,139.1268,23.3,7.666666666666667,21.7,1018.8,2.1,2,7,6,171,18667.3,2006.0,Hot-Humid
2016-06-19 03:00:00,Panther_lodging_Kirk,128.8749,23.9,7.333333333333333,22.2,1018.3,3.1,3,7,6,171,18667.3,2006.0,Hot-Humid
2016-06-19 04:00:00,Panther_lodging_Kirk,126.5744,23.9,7.0,22.8,1018.2,3.1,4,7,6,171,18667.3,2006.0,Hot-Humid
2016-06-19 05:00:00,Panther_lodging_Kirk,133.8258,23.9,7.0,22.2,1018.5,3.6,5,7,6,171,18667.3,2006.0,Hot-Humid
2016-06-19 06:00:00,Panther_lodging_Kirk,124.124,23.9,7.0,22.2,1019.0,4.6,6,7,6,171,18667.3,2006.0,Hot-Humid
2016-06-19 07:00:00,Panther_lodging_Kirk,134.726,23.9,6.0,22.2,1019.5,4.6,7,7,6,171,18667.3,2006.0,Hot-Humid
2016-06-19 08:00:00,Panther_lodging_Kirk,133.8258,25.6,5.0,23.3,1019.85,3.6,8,7,6,171,18667.3,2006.0,Hot-Humid
2016-06-19 09:00:00,Panther_lodging_Kirk,130.3252,27.2,4.0,23.3,1020.2,5.1,9,7,6,171,18667.3,2006.0,Hot-Humid
2016-06-19 10:00:00,Panther_lodging_Kirk,138.4267,28.9,4.0,21.7,1020.4,7.2,10,7,6,171,18667.3,2006.0,Hot-Humid
2016-06-19 11:00:00,Panther_lodging_Kirk,137.4265,30.0,4.666666666666667,22.2,1020.6,7.7,11,7,6,171,18667.3,2006.0,Hot-Humid
2016-06-19 12:00:00,Panther_lodging_Kirk,149.0288,29.4,5.333333333333333,20.0,1020.6,8.8,12,7,6,171,18667.3,2006.0,Hot-Humid
2016-06-19 13:00:00,Panther_lodging_Kirk,150.279,30.0,6.0,20.0,1020.2,8.2,13,7,6,171,18667.3,2006.0,Hot-Humid
2016-06-19 14:00:00,Panther_lodging_Kirk,153.6296,30.0,6.0,20.0,1020.1,8.8,14,7,6,171,18667.3,2006.0,Hot-Humid
2016-06-19 15:00:00,Panther_lodging_Kirk,148.3786,29.4,6.0,19.4,1020.5,8.8,15,7,6,171,18667.3,2006.0,Hot-Humid
2016-06-19 16:00:00,Panther_lodging_Kirk,148.5287,28.9,6.0,19.4,1020.5,7.7,16,7,6,171,18667.3,2006.0,Hot-Humid
2016-06-19 17:00:00,Panther_lodging_Kirk,152.5794,28.9,6.0,17.8,1020.8,8.2,17,7,6,171,18667.3,2006.0,Hot-Humid
2016-06-19 18:00:00,Panther_lodging_Kirk,161.5812,27.8,6.0,18.3,1021.0,8.8,18,7,6,171,18667.3,2006.0,Hot-Humid
2016-06-19 19:00:00,Panther_lodging_Kirk,161.7312,26.7,6.0,18.9,1021.2,8.2,19,7,6,171,18667.3,2006.0,Hot-Humid
2016-06-19 20:00:00,Panther_lodging_Kirk,167.4823,25.0,5.333333333333333,20.0,1021.8,4.6,20,7,6,171,18667.3,2006.0,Hot-Humid
2016-06-19 21:00:00,Panther_lodging_Kirk,156.8303,25.0,4.666666666666667,19.4,1022.2,4.6,21,7,6,171,18667.3,2006.0,Hot-Humid
2016-06-19 22:00:00,Panther_lodging_Kirk,155.8801,24.4,4.0,19.4,1022.6,3.6,22,7,6,171,18667.3,2006.0,Hot-Humid
2016-06-19 23:00:00,Panther_lodging_Kirk,153.1796,23.9,4.0,19.4,1022.7,3.6,23,7,6,171,18667.3,2006.0,Hot-Humid
2016-06-20 00:00:00,Panther_lodging_Kirk,148.7787,23.3,4.0,20.0,1022.4,3.1,0,1,6,172,18667.3,2006.0,Hot-Humid
2016-06-20 01:00:00,Panther_lodging_Kirk,146.1282,23.9,6.0,19.4,1022.2,4.1,1,1,6,172,18667.3,2006.0,Hot-Humid
2016-06-20 02:00:00,Panther_lodging_Kirk,135.8262,23.3,6.0,19.4,1021.8,4.1,2,1,6,172,18667.3,2006.0,Hot-Humid
2016-06-20 03:00:00,Panther_lodging_Kirk,124.574,23.9,6.0,19.4,1021.7,2.6,3,1,6,172,18667.3,2006.0,Hot-Humid
2016-06-20 04:00:00,Panther_lodging_Kirk,138.0767,23.3,6.0,20.6,1021.6,3.1,4,1,6,172,18667.3,2006.0,Hot-Humid
2016-06-20 05:00:00,Panther_lodging_Kirk,131.3753,23.3,6.0,19.4,1021.5,5.1,5,1,6,172,18667.3,2006.0,Hot-Humid
2016-06-20 06:00:00,Panther_lodging_Kirk,131.4754,23.3,6.0,18.9,1021.8,5.1,6,1,6,172,18667.3,2006.0,Hot-Humid
2016-06-20 07:00:00,Panther_lodging_Kirk,141.8774,23.9,6.0,18.3,1022.3,4.1,7,1,6,172,18667.3,2006.0,Hot-Humid
2016-06-20 08:00:00,Panther_lodging_Kirk,135.1261,25.6,6.0,17.8,1022.6,4.6,8,1,6,172,18667.3,2006.0,Hot-Humid
2016-06-20 09:00:00,Panther_lodging_Kirk,140.9772,27.2,6.0,17.8,1022.7,6.2,9,1,6,172,18667.3,2006.0,Hot-Humid
2016-06-20 10:00:00,Panther_lodging_Kirk,140.02700000000002,28.3,6.0,17.8,1023.1,4.6,10,1,6,172,18667.3,2006.0,Hot-Humid
2016-06-20 11:00:00,Panther_lodging_Kirk,141.8774,29.4,6.0,16.7,1023.0,5.7,11,1,6,172,18667.3,2006.0,Hot-Humid
2016-06-20 12:00:00,Panther_lodging_Kirk,147.1784,29.4,6.0,17.2,1022.5,5.7,12,1,6,172,18667.3,2006.0,Hot-Humid
2016-06-20 13:00:00,Panther_lodging_Kirk,150.5791,30.0,6.0,17.2,1022.1,6.7,13,1,6,172,18667.3,2006.0,Hot-Humid
2016-06-20 14:00:00,Panther_lodging_Kirk,151.0792,28.9,5.5,16.1,1021.9,6.2,14,1,6,172,18667.3,2006.0,Hot-Humid
2016-06-20 15:00:00,Panther_lodging_Kirk,163.9816,29.4,5.0,15.6,1021.3,6.7,15,1,6,172,18667.3,2006.0,Hot-Humid
2016-06-20 16:00:00,Panther_lodging_Kirk,155.43,28.9,4.5,15.0,1021.1,5.1,16,1,6,172,18667.3,2006.0,Hot-Humid
2016-06-20 17:00:00,Panther_lodging_Kirk,150.129,28.9,4.0,15.0,1020.9,6.2,17,1,6,172,18667.3,2006.0,Hot-Humid
2016-06-20 18:00:00,Panther_lodging_Kirk,163.3315,28.3,2.0,13.3,1020.6,5.7,18,1,6,172,18667.3,2006.0,Hot-Humid
2016-06-20 19:00:00,Panther_lodging_Kirk,173.7335,26.7,2.0,15.6,1021.3,4.6,19,1,6,172,18667.3,2006.0,Hot-Humid
2016-06-20 20:00:00,Panther_lodging_Kirk,174.2336,25.0,2.0,15.0,1021.6,4.6,20,1,6,172,18667.3,2006.0,Hot-Humid
2016-06-20 21:00:00,Panther_lodging_Kirk,164.6818,23.9,0.0,15.0,1021.9,3.6,21,1,6,172,18667.3,2006.0,Hot-Humid
2016-06-20 22:00:00,Panther_lodging_Kirk,169.2827,23.3,0.0,15.6,1021.9,3.6,22,1,6,172,18667.3,2006.0,Hot-Humid
2016-06-20 23:00:00,Panther_lodging_Kirk,159.7808,22.8,2.0,15.6,1021.8,3.6,23,1,6,172,18667.3,2006.0,Hot-Humid
2016-06-21 00:00:00,Panther_lodging_Kirk,164.2817,22.2,0.0,16.1,1020.9,3.1,0,2,6,173,18667.3,2006.0,Hot-Humid
2016-06-21 01:00:00,Panther_lodging_Kirk,150.079,21.1,0.0,16.1,1020.4,2.6,1,2,6,173,18667.3,2006.0,Hot-Humid
2016-06-21 02:00:00,Panther_lodging_Kirk,147.3284,20.6,0.0,16.7,1020.1,2.1,2,2,6,173,18667.3,2006.0,Hot-Humid
2016-06-21 03:00:00,Panther_lodging_Kirk,133.4758,20.6,2.0,16.7,1020.0,2.6,3,2,6,173,18667.3,2006.0,Hot-Humid
2016-06-21 04:00:00,Panther_lodging_Kirk,134.0759,20.0,4.0,16.7,1020.1,2.1,4,2,6,173,18667.3,2006.0,Hot-Humid
2016-06-21 05:00:00,Panther_lodging_Kirk,134.476,20.0,2.0,17.2,1020.3,3.1,5,2,6,173,18667.3,2006.0,Hot-Humid
2016-06-21 06:00:00,Panther_lodging_Kirk,133.6258,20.6,2.0,17.2,1020.9,1.5,6,2,6,173,18667.3,2006.0,Hot-Humid
2016-06-21 07:00:00,Panther_lodging_Kirk,140.077,22.8,4.0,18.3,1021.2,3.6,7,2,6,173,18667.3,2006.0,Hot-Humid
2016-06-21 08:00:00,Panther_lodging_Kirk,149.1288,25.6,4.0,18.3,1021.2,3.1,8,2,6,173,18667.3,2006.0,Hot-Humid
2016-06-21 09:00:00,Panther_lodging_Kirk,134.1259,27.8,4.0,19.4,1021.0,5.1,9,2,6,173,18667.3,2006.0,Hot-Humid
2016-06-21 10:00:00,Panther_lodging_Kirk,153.3296,28.9,4.0,18.9,1020.8,4.6,10,2,6,173,18667.3,2006.0,Hot-Humid
2016-06-21 11:00:00,Panther_lodging_Kirk,142.1274,28.9,4.0,18.3,1020.6,5.7,11,2,6,173,18667.3,2006.0,Hot-Humid
2016-06-21 12:00:00,Panther_lodging_Kirk,134.576,29.4,4.0,18.9,1020.1,4.6,12,2,6,173,18667.3,2006.0,Hot-Humid
2016-06-21 13:00:00,Panther_lodging_Kirk,132.9257,30.0,6.0,19.4,1019.9,5.1,13,2,6,173,18667.3,2006.0,Hot-Humid
2016-06-21 14:00:00,Panther_lodging_Kirk,158.1305,30.0,4.0,19.4,1019.6,4.1,14,2,6,173,18667.3,2006.0,Hot-Humid
2016-06-21 15:00:00,Panther_lodging_Kirk,155.48,30.6,4.0,18.9,1018.9,6.2,15,2,6,173,18667.3,2006.0,Hot-Humid
2016-06-21 16:00:00,Panther_lodging_Kirk,165.882,30.0,4.0,19.4,1018.4,6.2,16,2,6,173,18667.3,2006.0,Hot-Humid
2016-06-21 17:00:00,Panther_lodging_Kirk,152.7795,28.3,4.0,18.9,1017.9,5.1,17,2,6,173,18667.3,2006.0,Hot-Humid
2016-06-21 18:00:00,Panther_lodging_Kirk,162.4813,28.3,4.0,18.9,1017.9,5.1,18,2,6,173,18667.3,2006.0,Hot-Humid
2016-06-21 19:00:00,Panther_lodging_Kirk,167.6324,27.2,2.0,18.9,1018.3,5.7,19,2,6,173,18667.3,2006.0,Hot-Humid
2016-06-21 20:00:00,Panther_lodging_Kirk,173.1834,25.6,2.0,18.9,1018.7,4.6,20,2,6,173,18667.3,2006.0,Hot-Humid
2016-06-21 21:00:00,Panther_lodging_Kirk,162.0313,25.0,4.0,18.9,1020.0,3.1,21,2,6,173,18667.3,2006.0,Hot-Humid
2016-06-21 22:00:00,Panther_lodging_Kirk,168.5325,23.9,4.0,18.3,1020.5,2.1,22,2,6,173,18667.3,2006.0,Hot-Humid
2016-06-21 23:00:00,Panther_lodging_Kirk,169.5327,23.3,2.0,18.9,1020.7,2.1,23,2,6,173,18667.3,2006.0,Hot-Humid
2016-06-22 00:00:00,Panther_lodging_Kirk,150.379,23.3,0.0,18.9,1020.5,2.6,0,3,6,174,18667.3,2006.0,Hot-Humid
2016-06-22 01:00:00,Panther_lodging_Kirk,136.6764,22.8,2.0,19.4,1020.0,2.6,1,3,6,174,18667.3,2006.0,Hot-Humid
2016-06-22 02:00:00,Panther_lodging_Kirk,135.1261,22.8,2.0,18.9,1019.7,3.1,2,3,6,174,18667.3,2006.0,Hot-Humid
2016-06-22 03:00:00,Panther_lodging_Kirk,135.2261,22.8,2.0,19.4,1019.2,3.1,3,3,6,174,18667.3,2006.0,Hot-Humid
2016-06-22 04:00:00,Panther_lodging_Kirk,132.3755,21.7,0.0,18.9,1019.1,2.1,4,3,6,174,18667.3,2006.0,Hot-Humid
2016-06-22 05:00:00,Panther_lodging_Kirk,126.8745,22.2,2.0,18.9,1019.1,2.1,5,3,6,174,18667.3,2006.0,Hot-Humid
2016-06-22 06:00:00,Panther_lodging_Kirk,127.0745,22.8,2.0,18.9,1019.7,0.0,6,3,6,174,18667.3,2006.0,Hot-Humid
2016-06-22 07:00:00,Panther_lodging_Kirk,138.6768,24.4,2.0,19.4,1020.0,2.1,7,3,6,174,18667.3,2006.0,Hot-Humid
2016-06-22 08:00:00,Panther_lodging_Kirk,135.9262,26.7,2.0,20.6,1020.3,2.6,8,3,6,174,18667.3,2006.0,Hot-Humid
2016-06-22 09:00:00,Panther_lodging_Kirk,133.7258,28.3,2.0,18.3,1020.2,2.1,9,3,6,174,18667.3,2006.0,Hot-Humid
2016-06-22 10:00:00,Panther_lodging_Kirk,139.77700000000002,30.0,2.0,17.8,1020.3,3.1,10,3,6,174,18667.3,2006.0,Hot-Humid
2016-06-22 11:00:00,Panther_lodging_Kirk,144.6779,30.6,4.0,16.7,1020.3,0.0,11,3,6,174,18667.3,2006.0,Hot-Humid
2016-06-22 12:00:00,Panther_lodging_Kirk,148.0286,31.7,4.0,16.7,1020.0,1.5,12,3,6,174,18667.3,2006.0,Hot-Humid
2016-06-22 13:00:00,Panther_lodging_Kirk,152.7795,32.2,4.0,17.2,1020.0,2.1,13,3,6,174,18667.3,2006.0,Hot-Humid
2016-06-22 14:00:00,Panther_lodging_Kirk,146.1282,33.3,4.0,17.8,1019.5,0.0,14,3,6,174,18667.3,2006.0,Hot-Humid
2016-06-22 15:00:00,Panther_lodging_Kirk,155.0299,32.8,4.0,18.3,1018.7,0.0,15,3,6,174,18667.3,2006.0,Hot-Humid
2016-06-22 16:00:00,Panther_lodging_Kirk,164.6818,32.2,4.0,20.0,1018.1,5.1,16,3,6,174,18667.3,2006.0,Hot-Humid
2016-06-22 17:00:00,Panther_lodging_Kirk,163.7316,32.2,4.0,21.1,1018.2,5.7,17,3,6,174,18667.3,2006.0,Hot-Humid
2016-06-22 18:00:00,Panther_lodging_Kirk,158.0305,30.0,4.0,22.2,1018.4,5.7,18,3,6,174,18667.3,2006.0,Hot-Humid
2016-06-22 19:00:00,Panther_lodging_Kirk,156.1301,28.9,2.0,22.2,1018.7,4.1,19,3,6,174,18667.3,2006.0,Hot-Humid
2016-06-22 20:00:00,Panther_lodging_Kirk,171.183,27.8,2.0,21.7,1019.8,3.6,20,3,6,174,18667.3,2006.0,Hot-Humid
2016-06-22 21:00:00,Panther_lodging_Kirk,160.1809,27.2,2.0,22.2,1020.3,4.1,21,3,6,174,18667.3,2006.0,Hot-Humid
2016-06-22 22:00:00,Panther_lodging_Kirk,164.3317,26.1,4.0,22.8,1021.3,2.1,22,3,6,174,18667.3,2006.0,Hot-Humid
2016-06-22 23:00:00,Panther_lodging_Kirk,154.9799,26.1,4.0,23.3,1021.2,3.6,23,3,6,174,18667.3,2006.0,Hot-Humid
2016-06-23 00:00:00,Panther_lodging_Kirk,136.7764,26.1,4.0,23.3,1021.2,2.1,0,4,6,175,18667.3,2006.0,Hot-Humid
2016-06-23 01:00:00,Panther_lodging_Kirk,133.7758,25.6,2.0,23.3,1020.3,1.5,1,4,6,175,18667.3,2006.0,Hot-Humid
2016-06-23 02:00:00,Panther_lodging_Kirk,138.3767,24.4,2.0,23.3,1019.8,1.5,2,4,6,175,18667.3,2006.0,Hot-Humid
2016-06-23 03:00:00,Panther_lodging_Kirk,128.0247,23.9,2.0,22.8,1019.1,1.5,3,4,6,175,18667.3,2006.0,Hot-Humid
2016-06-23 04:00:00,Panther_lodging_Kirk,129.775,23.9,0.0,22.8,1018.8,1.5,4,4,6,175,18667.3,2006.0,Hot-Humid
2016-06-23 05:00:00,Panther_lodging_Kirk,120.5733,23.9,2.0,23.3,1019.2,1.5,5,4,6,175,18667.3,2006.0,Hot-Humid
2016-06-23 06:00:00,Panther_lodging_Kirk,122.8237,23.9,2.0,23.3,1019.3,0.0,6,4,6,175,18667.3,2006.0,Hot-Humid
2016-06-23 07:00:00,Panther_lodging_Kirk,117.2226,25.6,2.0,24.4,1020.0,0.0,7,4,6,175,18667.3,2006.0,Hot-Humid
2016-06-23 08:00:00,Panther_lodging_Kirk,122.9737,27.2,4.0,23.9,1020.6,1.5,8,4,6,175,18667.3,2006.0,Hot-Humid
2016-06-23 09:00:00,Panther_lodging_Kirk,135.6762,28.9,2.0,22.8,1021.0,0.0,9,4,6,175,18667.3,2006.0,Hot-Humid
2016-06-23 10:00:00,Panther_lodging_Kirk,135.4761,30.6,4.0,23.3,1021.0,1.5,10,4,6,175,18667.3,2006.0,Hot-Humid
2016-06-23 11:00:00,Panther_lodging_Kirk,141.2772,32.8,4.0,22.2,1020.9,1.5,11,4,6,175,18667.3,2006.0,Hot-Humid
2016-06-23 12:00:00,Panther_lodging_Kirk,139.4769,31.7,4.0,21.1,1020.5,0.0,12,4,6,175,18667.3,2006.0,Hot-Humid
2016-06-23 13:00:00,Panther_lodging_Kirk,153.6296,33.3,4.0,22.2,1019.6,2.1,13,4,6,175,18667.3,2006.0,Hot-Humid
2016-06-23 14:00:00,Panther_lodging_Kirk,146.9784,32.8,4.0,21.1,1018.9,3.6,14,4,6,175,18667.3,2006.0,Hot-Humid
2016-06-23 15:00:00,Panther_lodging_Kirk,147.6285,34.4,4.0,20.6,1018.1,2.1,15,4,6,175,18667.3,2006.0,Hot-Humid
2016-06-23 16:00:00,Panther_lodging_Kirk,153.3296,33.3,4.0,22.8,1018.0,7.2,16,4,6,175,18667.3,2006.0,Hot-Humid
2016-06-23 17:00:00,Panther_lodging_Kirk,166.082,32.8,4.0,22.2,1017.3,5.1,17,4,6,175,18667.3,2006.0,Hot-Humid
2016-06-23 18:00:00,Panther_lodging_Kirk,155.43,31.7,4.0,21.7,1017.4,6.2,18,4,6,175,18667.3,2006.0,Hot-Humid
2016-06-23 19:00:00,Panther_lodging_Kirk,162.2813,30.0,2.0,21.1,1017.6,5.1,19,4,6,175,18667.3,2006.0,Hot-Humid
2016-06-23 20:00:00,Panther_lodging_Kirk,154.8299,28.3,2.0,22.2,1017.9,3.6,20,4,6,175,18667.3,2006.0,Hot-Humid
2016-06-23 21:00:00,Panther_lodging_Kirk,165.3319,27.8,2.0,22.8,1018.3,4.6,21,4,6,175,18667.3,2006.0,Hot-Humid
2016-06-23 22:00:00,Panther_lodging_Kirk,158.9807,26.7,2.0,23.3,1019.0,3.1,22,4,6,175,18667.3,2006.0,Hot-Humid
2016-06-23 23:00:00,Panther_lodging_Kirk,172.5333,25.6,4.0,23.3,1019.4,2.6,23,4,6,175,18667.3,2006.0,Hot-Humid
2016-06-24 00:00:00,Panther_lodging_Kirk,151.7293,26.1,4.0,23.9,1019.5,0.0,0,5,6,176,18667.3,2006.0,Hot-Humid
2016-06-24 01:00:00,Panther_lodging_Kirk,143.6277,25.0,2.0,23.3,1019.2,2.1,1,5,6,176,18667.3,2006.0,Hot-Humid
2016-06-24 02:00:00,Panther_lodging_Kirk,130.4752,24.4,2.0,23.3,1018.5,1.5,2,5,6,176,18667.3,2006.0,Hot-Humid
2016-06-24 03:00:00,Panther_lodging_Kirk,124.7241,25.0,2.0,23.9,1018.5,0.0,3,5,6,176,18667.3,2006.0,Hot-Humid
2016-06-24 04:00:00,Panther_lodging_Kirk,123.0237,23.3,2.0,22.8,1018.2,1.5,4,5,6,176,18667.3,2006.0,Hot-Humid
2016-06-24 05:00:00,Panther_lodging_Kirk,127.5246,23.9,2.0,23.3,1018.4,0.0,5,5,6,176,18667.3,2006.0,Hot-Humid
2016-06-24 06:00:00,Panther_lodging_Kirk,119.6731,23.9,2.0,23.3,1018.9,1.5,6,5,6,176,18667.3,2006.0,Hot-Humid
2016-06-24 07:00:00,Panther_lodging_Kirk,125.2742,25.6,2.0,24.4,1019.4,2.1,7,5,6,176,18667.3,2006.0,Hot-Humid
2016-06-24 08:00:00,Panther_lodging_Kirk,122.0235,27.8,2.0,23.3,1019.8,3.1,8,5,6,176,18667.3,2006.0,Hot-Humid
2016-06-24 09:00:00,Panther_lodging_Kirk,133.4758,29.4,2.0,22.8,1019.9,2.6,9,5,6,176,18667.3,2006.0,Hot-Humid
2016-06-24 10:00:00,Panther_lodging_Kirk,137.9266,30.6,2.0,23.3,1020.0,2.6,10,5,6,176,18667.3,2006.0,Hot-Humid
2016-06-24 11:00:00,Panther_lodging_Kirk,147.2784,32.2,2.0,22.8,1019.7,1.5,11,5,6,176,18667.3,2006.0,Hot-Humid
2016-06-24 12:00:00,Panther_lodging_Kirk,151.1292,33.3,4.0,22.2,1019.0,2.6,12,5,6,176,18667.3,2006.0,Hot-Humid
2016-06-24 13:00:00,Panther_lodging_Kirk,148.7787,34.4,4.0,21.1,1018.4,3.1,13,5,6,176,18667.3,2006.0,Hot-Humid
2016-06-24 14:00:00,Panther_lodging_Kirk,153.9297,35.6,4.0,20.0,1017.9,2.6,14,5,6,176,18667.3,2006.0,Hot-Humid
2016-06-24 15:00:00,Panther_lodging_Kirk,149.9289,34.4,4.0,20.6,1017.5,1.5,15,5,6,176,18667.3,2006.0,Hot-Humid
2016-06-24 16:00:00,Panther_lodging_Kirk,157.4304,34.4,4.0,20.6,1016.8,2.6,16,5,6,176,18667.3,2006.0,Hot-Humid
2016-06-24 17:00:00,Panther_lodging_Kirk,148.8287,34.4,4.0,21.1,1016.4,3.1,17,5,6,176,18667.3,2006.0,Hot-Humid
2016-06-24 18:00:00,Panther_lodging_Kirk,151.4792,33.3,4.0,21.7,1016.4,4.6,18,5,6,176,18667.3,2006.0,Hot-Humid
2016-06-24 19:00:00,Panther_lodging_Kirk,160.0809,31.1,4.0,22.2,1016.6,3.6,19,5,6,176,18667.3,2006.0,Hot-Humid
2016-06-24 20:00:00,Panther_lodging_Kirk,170.1328,30.0,4.0,23.3,1017.4,3.6,20,5,6,176,18667.3,2006.0,Hot-Humid
2016-06-24 21:00:00,Panther_lodging_Kirk,167.4823,28.9,4.0,23.9,1018.1,1.5,21,5,6,176,18667.3,2006.0,Hot-Humid
2016-06-24 22:00:00,Panther_lodging_Kirk,154.8299,28.3,4.0,23.3,1018.8,3.1,22,5,6,176,18667.3,2006.0,Hot-Humid
2016-06-24 23:00:00,Panther_lodging_Kirk,151.5793,28.3,4.0,23.3,1019.2,2.6,23,5,6,176,18667.3,2006.0,Hot-Humid
2016-06-25 00:00:00,Panther_lodging_Kirk,151.1792,27.2,4.0,22.8,1018.9,2.6,0,6,6,177,18667.3,2006.0,Hot-Humid
2016-06-25 01:00:00,Panther_lodging_Kirk,149.5789,26.1,4.0,23.3,1018.6,2.6,1,6,6,177,18667.3,2006.0,Hot-Humid
2016-06-25 02:00:00,Panther_lodging_Kirk,144.928,25.6,3.5,23.3,1017.9,2.6,2,6,6,177,18667.3,2006.0,Hot-Humid
2016-06-25 03:00:00,Panther_lodging_Kirk,134.726,25.6,3.0,23.9,1017.5,2.6,3,6,6,177,18667.3,2006.0,Hot-Humid
2016-06-25 04:00:00,Panther_lodging_Kirk,132.5756,25.6,2.5,23.9,1017.7,1.5,4,6,6,177,18667.3,2006.0,Hot-Humid
2016-06-25 05:00:00,Panther_lodging_Kirk,126.4244,25.0,2.0,23.3,1018.0,0.0,5,6,6,177,18667.3,2006.0,Hot-Humid
2016-06-25 06:00:00,Panther_lodging_Kirk,129.1249,25.6,2.0,23.9,1018.7,1.5,6,6,6,177,18667.3,2006.0,Hot-Humid
2016-06-25 07:00:00,Panther_lodging_Kirk,127.7746,26.1,4.0,24.4,1019.1,3.1,7,6,6,177,18667.3,2006.0,Hot-Humid
2016-06-25 08:00:00,Panther_lodging_Kirk,122.6237,28.3,4.0,23.9,1019.8,2.6,8,6,6,177,18667.3,2006.0,Hot-Humid
2016-06-25 09:00:00,Panther_lodging_Kirk,125.2742,29.4,4.0,22.8,1019.7,3.6,9,6,6,177,18667.3,2006.0,Hot-Humid
2016-06-25 10:00:00,Panther_lodging_Kirk,129.1749,30.0,4.0,23.3,1020.0,3.1,10,6,6,177,18667.3,2006.0,Hot-Humid
2016-06-25 11:00:00,Panther_lodging_Kirk,137.9766,31.7,4.0,22.2,1019.8,2.6,11,6,6,177,18667.3,2006.0,Hot-Humid
2016-06-25 12:00:00,Panther_lodging_Kirk,144.0778,33.3,4.0,21.7,1019.3,0.0,12,6,6,177,18667.3,2006.0,Hot-Humid
2016-06-25 13:00:00,Panther_lodging_Kirk,149.1288,33.3,6.0,21.7,1018.7,3.1,13,6,6,177,18667.3,2006.0,Hot-Humid
2016-06-25 14:00:00,Panther_lodging_Kirk,150.379,34.4,5.333333333333333,21.1,1018.1,0.0,14,6,6,177,18667.3,2006.0,Hot-Humid
2016-06-25 15:00:00,Panther_lodging_Kirk,161.2811,33.9,4.666666666666667,20.0,1017.7,1.5,15,6,6,177,18667.3,2006.0,Hot-Humid
2016-06-25 16:00:00,Panther_lodging_Kirk,170.0328,35.0,4.0,20.0,1017.2,3.6,16,6,6,177,18667.3,2006.0,Hot-Humid
2016-06-25 17:00:00,Panther_lodging_Kirk,171.7331,35.0,4.0,19.4,1016.5,3.1,17,6,6,177,18667.3,2006.0,Hot-Humid
2016-06-25 18:00:00,Panther_lodging_Kirk,169.0326,33.9,4.0,19.4,1016.8,2.6,18,6,6,177,18667.3,2006.0,Hot-Humid
2016-06-25 19:00:00,Panther_lodging_Kirk,156.2301,31.7,4.0,22.8,1017.2,3.1,19,6,6,177,18667.3,2006.0,Hot-Humid
2016-06-25 20:00:00,Panther_lodging_Kirk,169.5327,30.6,4.0,23.3,1017.7,3.6,20,6,6,177,18667.3,2006.0,Hot-Humid
2016-06-25 21:00:00,Panther_lodging_Kirk,161.1811,28.9,4.4,23.3,1018.6,2.6,21,6,6,177,18667.3,2006.0,Hot-Humid
2016-06-25 22:00:00,Panther_lodging_Kirk,167.8324,28.9,4.8,23.3,1019.0,3.1,22,6,6,177,18667.3,2006.0,Hot-Humid
2016-06-25 23:00:00,Panther_lodging_Kirk,158.7306,27.8,5.2,23.3,1019.1,3.6,23,6,6,177,18667.3,2006.0,Hot-Humid
2016-06-26 00:00:00,Panther_lodging_Kirk,156.7302,26.7,5.2,23.3,1018.9,2.6,0,7,6,178,18667.3,2006.0,Hot-Humid
2016-06-26 01:00:00,Panther_lodging_Kirk,143.0776,26.7,6.0,22.8,1018.6,2.6,1,7,6,178,18667.3,2006.0,Hot-Humid
2016-06-26 02:00:00,Panther_lodging_Kirk,140.3271,26.1,5.0,22.8,1018.3,2.6,2,7,6,178,18667.3,2006.0,Hot-Humid
2016-06-26 03:00:00,Panther_lodging_Kirk,134.976,25.6,4.0,23.3,1018.3,2.1,3,7,6,178,18667.3,2006.0,Hot-Humid
2016-06-26 04:00:00,Panther_lodging_Kirk,133.1257,25.6,4.0,23.3,1018.4,0.0,4,7,6,178,18667.3,2006.0,Hot-Humid
2016-06-26 05:00:00,Panther_lodging_Kirk,126.4244,25.0,2.0,23.3,1018.6,0.0,5,7,6,178,18667.3,2006.0,Hot-Humid
2016-06-26 06:00:00,Panther_lodging_Kirk,127.1745,25.0,4.0,23.9,1019.2,0.0,6,7,6,178,18667.3,2006.0,Hot-Humid
2016-06-26 07:00:00,Panther_lodging_Kirk,127.5746,26.7,4.0,24.4,1019.5,2.1,7,7,6,178,18667.3,2006.0,Hot-Humid
2016-06-26 08:00:00,Panther_lodging_Kirk,125.2242,28.9,4.0,23.3,1019.7,2.6,8,7,6,178,18667.3,2006.0,Hot-Humid
2016-06-26 09:00:00,Panther_lodging_Kirk,126.4244,30.6,4.0,23.3,1019.9,0.0,9,7,6,178,18667.3,2006.0,Hot-Humid
2016-06-26 10:00:00,Panther_lodging_Kirk,132.7756,31.7,4.0,23.3,1019.9,0.0,10,7,6,178,18667.3,2006.0,Hot-Humid
2016-06-26 11:00:00,Panther_lodging_Kirk,139.77700000000002,29.4,4.0,23.3,1019.8,9.3,11,7,6,178,18667.3,2006.0,Hot-Humid
2016-06-26 12:00:00,Panther_lodging_Kirk,143.1276,27.8,4.0,22.2,1020.0,3.1,12,7,6,178,18667.3,2006.0,Hot-Humid
2016-06-26 13:00:00,Panther_lodging_Kirk,143.6277,32.8,4.0,23.3,1018.6,3.1,13,7,6,178,18667.3,2006.0,Hot-Humid
2016-06-26 14:00:00,Panther_lodging_Kirk,153.7797,33.3,4.333333333333333,22.8,1017.9,4.6,14,7,6,178,18667.3,2006.0,Hot-Humid
2016-06-26 15:00:00,Panther_lodging_Kirk,151.6292,29.4,4.666666666666667,21.7,1019.3,7.2,15,7,6,178,18667.3,2006.0,Hot-Humid
2016-06-26 16:00:00,Panther_lodging_Kirk,163.5316,23.3,5.0,21.1,1020.2,7.7,16,7,6,178,18667.3,2006.0,Hot-Humid
2016-06-26 17:00:00,Panther_lodging_Kirk,171.8832,24.4,5.0,21.7,1018.4,3.1,17,7,6,178,18667.3,2006.0,Hot-Humid
2016-06-26 18:00:00,Panther_lodging_Kirk,164.4317,26.1,5.0,21.1,1017.8,0.0,18,7,6,178,18667.3,2006.0,Hot-Humid
2016-06-26 19:00:00,Panther_lodging_Kirk,153.1796,26.1,6.0,22.2,1018.0,2.1,19,7,6,178,18667.3,2006.0,Hot-Humid
2016-06-26 20:00:00,Panther_lodging_Kirk,166.2321,25.0,5.666666666666667,22.8,1018.7,0.0,20,7,6,178,18667.3,2006.0,Hot-Humid
2016-06-26 21:00:00,Panther_lodging_Kirk,169.8828,24.4,5.333333333333333,22.2,1018.9,2.1,21,7,6,178,18667.3,2006.0,Hot-Humid
2016-06-26 22:00:00,Panther_lodging_Kirk,158.7807,24.4,5.0,21.7,1018.9,1.5,22,7,6,178,18667.3,2006.0,Hot-Humid
2016-06-26 23:00:00,Panther_lodging_Kirk,160.2309,24.4,5.0,21.7,1018.8,0.0,23,7,6,178,18667.3,2006.0,Hot-Humid
2016-06-27 00:00:00,Panther_lodging_Kirk,153.5296,22.8,5.0,21.7,1018.7,1.5,0,1,6,179,18667.3,2006.0,Hot-Humid
2016-06-27 01:00:00,Panther_lodging_Kirk,138.9768,23.3,4.0,22.2,1018.1,1.5,1,1,6,179,18667.3,2006.0,Hot-Humid
2016-06-27 02:00:00,Panther_lodging_Kirk,128.4248,22.8,2.0,21.7,1017.7,0.0,2,1,6,179,18667.3,2006.0,Hot-Humid
2016-06-27 03:00:00,Panther_lodging_Kirk,136.4763,22.8,4.0,21.7,1017.6,0.0,3,1,6,179,18667.3,2006.0,Hot-Humid
2016-06-27 04:00:00,Panther_lodging_Kirk,130.8753,23.3,0.0,21.7,1017.8,0.0,4,1,6,179,18667.3,2006.0,Hot-Humid
2016-06-27 05:00:00,Panther_lodging_Kirk,127.3246,22.8,2.0,21.7,1018.1,0.0,5,1,6,179,18667.3,2006.0,Hot-Humid
2016-06-27 06:00:00,Panther_lodging_Kirk,128.7248,23.9,2.0,21.7,1018.1,2.1,6,1,6,179,18667.3,2006.0,Hot-Humid
2016-06-27 07:00:00,Panther_lodging_Kirk,132.1755,25.0,2.0,22.2,1018.4,1.5,7,1,6,179,18667.3,2006.0,Hot-Humid
2016-06-27 08:00:00,Panther_lodging_Kirk,135.9262,27.2,2.0,22.2,1018.7,0.0,8,1,6,179,18667.3,2006.0,Hot-Humid
2016-06-27 09:00:00,Panther_lodging_Kirk,136.0262,28.9,2.0,22.2,1018.5,2.1,9,1,6,179,18667.3,2006.0,Hot-Humid
2016-06-27 10:00:00,Panther_lodging_Kirk,134.92600000000002,30.0,4.0,21.7,1018.7,1.5,10,1,6,179,18667.3,2006.0,Hot-Humid
2016-06-27 11:00:00,Panther_lodging_Kirk,141.5773,30.6,4.0,22.2,1018.5,2.1,11,1,6,179,18667.3,2006.0,Hot-Humid
2016-06-27 12:00:00,Panther_lodging_Kirk,150.129,31.7,4.0,21.1,1017.8,2.1,12,1,6,179,18667.3,2006.0,Hot-Humid
2016-06-27 13:00:00,Panther_lodging_Kirk,143.7277,32.2,4.0,20.6,1017.2,0.0,13,1,6,179,18667.3,2006.0,Hot-Humid
2016-06-27 14:00:00,Panther_lodging_Kirk,152.4794,33.3,4.0,20.0,1016.2,0.0,14,1,6,179,18667.3,2006.0,Hot-Humid
2016-06-27 15:00:00,Panther_lodging_Kirk,154.3298,33.3,4.4,20.0,1015.4,2.1,15,1,6,179,18667.3,2006.0,Hot-Humid
2016-06-27 16:00:00,Panther_lodging_Kirk,159.0307,28.3,4.8,20.6,1015.4,6.7,16,1,6,179,18667.3,2006.0,Hot-Humid
2016-06-27 17:00:00,Panther_lodging_Kirk,167.1322,29.4,5.2,21.1,1015.2,3.6,17,1,6,179,18667.3,2006.0,Hot-Humid
2016-06-27 18:00:00,Panther_lodging_Kirk,154.4798,30.0,5.2,22.8,1015.4,3.6,18,1,6,179,18667.3,2006.0,Hot-Humid
2016-06-27 19:00:00,Panther_lodging_Kirk,160.881,28.9,6.0,22.8,1015.1,3.6,19,1,6,179,18667.3,2006.0,Hot-Humid
2016-06-27 20:00:00,Panther_lodging_Kirk,175.2338,28.3,6.0,22.8,1015.9,0.0,20,1,6,179,18667.3,2006.0,Hot-Humid
2016-06-27 21:00:00,Panther_lodging_Kirk,169.5327,27.2,6.0,22.8,1016.2,2.1,21,1,6,179,18667.3,2006.0,Hot-Humid
2016-06-27 22:00:00,Panther_lodging_Kirk,159.7808,27.2,6.0,22.2,1016.7,1.5,22,1,6,179,18667.3,2006.0,Hot-Humid
2016-06-27 23:00:00,Panther_lodging_Kirk,155.43,26.7,6.0,23.3,1017.1,0.0,23,1,6,179,18667.3,2006.0,Hot-Humid
2016-06-28 00:00:00,Panther_lodging_Kirk,147.9786,26.1,6.0,23.3,1017.0,0.0,0,2,6,180,18667.3,2006.0,Hot-Humid
2016-06-28 01:00:00,Panther_lodging_Kirk,146.0782,25.6,6.0,23.3,1016.4,2.1,1,2,6,180,18667.3,2006.0,Hot-Humid
2016-06-28 02:00:00,Panther_lodging_Kirk,136.8764,25.6,6.0,21.7,1015.8,2.6,2,2,6,180,18667.3,2006.0,Hot-Humid
2016-06-28 03:00:00,Panther_lodging_Kirk,134.976,25.6,6.0,22.2,1015.5,2.1,3,2,6,180,18667.3,2006.0,Hot-Humid
2016-06-28 04:00:00,Panther_lodging_Kirk,124.624,25.0,6.0,22.2,1015.2,1.5,4,2,6,180,18667.3,2006.0,Hot-Humid
2016-06-28 05:00:00,Panther_lodging_Kirk,125.9743,23.9,6.0,22.2,1015.5,0.0,5,2,6,180,18667.3,2006.0,Hot-Humid
2016-06-28 06:00:00,Panther_lodging_Kirk,127.2746,24.4,6.0,22.2,1015.8,0.0,6,2,6,180,18667.3,2006.0,Hot-Humid
2016-06-28 07:00:00,Panther_lodging_Kirk,131.5754,25.6,6.0,22.2,1016.5,0.0,7,2,6,180,18667.3,2006.0,Hot-Humid
2016-06-28 08:00:00,Panther_lodging_Kirk,136.1763,26.7,5.5,21.7,1016.7,3.1,8,2,6,180,18667.3,2006.0,Hot-Humid
2016-06-28 09:00:00,Panther_lodging_Kirk,132.5256,28.3,5.0,22.2,1016.7,1.5,9,2,6,180,18667.3,2006.0,Hot-Humid
2016-06-28 10:00:00,Panther_lodging_Kirk,130.8753,29.4,4.5,22.2,1016.6,2.1,10,2,6,180,18667.3,2006.0,Hot-Humid
2016-06-28 11:00:00,Panther_lodging_Kirk,134.0259,31.1,4.0,22.2,1016.5,2.1,11,2,6,180,18667.3,2006.0,Hot-Humid
2016-06-28 12:00:00,Panther_lodging_Kirk,145.378,31.1,4.0,21.1,1016.0,0.0,12,2,6,180,18667.3,2006.0,Hot-Humid
2016-06-28 13:00:00,Panther_lodging_Kirk,149.1288,32.2,6.0,21.1,1015.6,2.1,13,2,6,180,18667.3,2006.0,Hot-Humid
2016-06-28 14:00:00,Panther_lodging_Kirk,150.9291,32.8,6.0,22.8,1014.8,2.6,14,2,6,180,18667.3,2006.0,Hot-Humid
2016-06-28 15:00:00,Panther_lodging_Kirk,162.9814,33.3,6.0,21.7,1013.7,3.6,15,2,6,180,18667.3,2006.0,Hot-Humid
2016-06-28 16:00:00,Panther_lodging_Kirk,164.4817,32.8,6.0,21.1,1013.3,3.6,16,2,6,180,18667.3,2006.0,Hot-Humid
2016-06-28 17:00:00,Panther_lodging_Kirk,166.7822,29.4,6.0,22.8,1013.4,4.1,17,2,6,180,18667.3,2006.0,Hot-Humid
2016-06-28 18:00:00,Panther_lodging_Kirk,168.5325,27.2,6.0,22.8,1013.9,6.2,18,2,6,180,18667.3,2006.0,Hot-Humid
2016-06-28 19:00:00,Panther_lodging_Kirk,164.3317,26.7,6.0,23.3,1014.2,3.1,19,2,6,180,18667.3,2006.0,Hot-Humid
2016-06-28 20:00:00,Panther_lodging_Kirk,157.9805,26.1,6.333333333333333,22.8,1015.0,2.1,20,2,6,180,18667.3,2006.0,Hot-Humid
2016-06-28 21:00:00,Panther_lodging_Kirk,174.6837,26.7,6.666666666666667,23.3,1015.4,1.5,21,2,6,180,18667.3,2006.0,Hot-Humid
2016-06-28 22:00:00,Panther_lodging_Kirk,180.7349,26.1,7.0,23.3,1015.8,3.6,22,2,6,180,18667.3,2006.0,Hot-Humid
2016-06-28 23:00:00,Panther_lodging_Kirk,168.0324,25.6,7.0,23.9,1015.7,2.1,23,2,6,180,18667.3,2006.0,Hot-Humid
2016-06-29 00:00:00,Panther_lodging_Kirk,146.8283,25.6,7.0,23.9,1015.6,2.1,0,3,6,181,18667.3,2006.0,Hot-Humid
2016-06-29 01:00:00,Panther_lodging_Kirk,138.5267,24.4,8.0,22.8,1015.7,10.3,1,3,6,181,18667.3,2006.0,Hot-Humid
2016-06-29 02:00:00,Panther_lodging_Kirk,143.1776,22.2,7.666666666666667,21.1,1015.6,1.5,2,3,6,181,18667.3,2006.0,Hot-Humid
2016-06-29 03:00:00,Panther_lodging_Kirk,133.1757,22.8,7.333333333333333,21.7,1015.5,2.1,3,3,6,181,18667.3,2006.0,Hot-Humid
2016-06-29 04:00:00,Panther_lodging_Kirk,122.6237,23.3,7.0,21.7,1015.2,0.0,4,3,6,181,18667.3,2006.0,Hot-Humid
2016-06-29 05:00:00,Panther_lodging_Kirk,123.0237,22.8,7.0,21.7,1014.8,1.5,5,3,6,181,18667.3,2006.0,Hot-Humid
2016-06-29 06:00:00,Panther_lodging_Kirk,128.4748,22.2,7.0,21.7,1015.0,2.1,6,3,6,181,18667.3,2006.0,Hot-Humid
2016-06-29 07:00:00,Panther_lodging_Kirk,134.67600000000002,23.3,6.0,22.2,1015.7,1.5,7,3,6,181,18667.3,2006.0,Hot-Humid
2016-06-29 08:00:00,Panther_lodging_Kirk,138.7268,25.0,5.333333333333333,23.9,1016.2,3.1,8,3,6,181,18667.3,2006.0,Hot-Humid
2016-06-29 09:00:00,Panther_lodging_Kirk,131.8254,27.8,4.666666666666667,24.4,1016.3,2.1,9,3,6,181,18667.3,2006.0,Hot-Humid
2016-06-29 10:00:00,Panther_lodging_Kirk,135.4261,28.9,4.0,22.8,1016.5,2.1,10,3,6,181,18667.3,2006.0,Hot-Humid
2016-06-29 11:00:00,Panther_lodging_Kirk,144.7279,31.1,4.0,23.3,1016.2,0.0,11,3,6,181,18667.3,2006.0,Hot-Humid
2016-06-29 12:00:00,Panther_lodging_Kirk,147.8285,31.1,4.0,21.7,1015.8,1.5,12,3,6,181,18667.3,2006.0,Hot-Humid
2016-06-29 13:00:00,Panther_lodging_Kirk,155.8801,32.2,6.0,22.2,1015.2,2.1,13,3,6,181,18667.3,2006.0,Hot-Humid
2016-06-29 14:00:00,Panther_lodging_Kirk,150.129,32.8,6.333333333333333,21.7,1014.4,3.1,14,3,6,181,18667.3,2006.0,Hot-Humid
2016-06-29 15:00:00,Panther_lodging_Kirk,155.53,31.7,6.666666666666667,21.7,1014.7,8.8,15,3,6,181,18667.3,2006.0,Hot-Humid
2016-06-29 16:00:00,Panther_lodging_Kirk,159.2307,28.3,7.0,23.9,1014.4,4.1,16,3,6,181,18667.3,2006.0,Hot-Humid
2016-06-29 17:00:00,Panther_lodging_Kirk,160.3309,26.1,7.0,23.3,1014.7,3.1,17,3,6,181,18667.3,2006.0,Hot-Humid
2016-06-29 18:00:00,Panther_lodging_Kirk,163.9316,27.8,7.0,23.9,1014.7,3.1,18,3,6,181,18667.3,2006.0,Hot-Humid
2016-06-29 19:00:00,Panther_lodging_Kirk,154.1798,26.7,8.0,23.9,1015.3,3.1,19,3,6,181,18667.3,2006.0,Hot-Humid
2016-06-29 20:00:00,Panther_lodging_Kirk,156.4302,26.1,7.333333333333333,22.8,1016.0,0.0,20,3,6,181,18667.3,2006.0,Hot-Humid
2016-06-29 21:00:00,Panther_lodging_Kirk,155.7801,25.6,6.666666666666667,22.8,1016.6,3.1,21,3,6,181,18667.3,2006.0,Hot-Humid
2016-06-29 22:00:00,Panther_lodging_Kirk,159.6308,25.6,6.0,23.3,1016.6,0.0,22,3,6,181,18667.3,2006.0,Hot-Humid
2016-06-29 23:00:00,Panther_lodging_Kirk,166.5821,25.0,6.0,23.3,1017.1,2.1,23,3,6,181,18667.3,2006.0,Hot-Humid
2016-06-30 00:00:00,Panther_lodging_Kirk,164.6818,25.6,6.0,22.8,1016.6,2.1,0,4,6,182,18667.3,2006.0,Hot-Humid
2016-06-30 01:00:00,Panther_lodging_Kirk,155.28,24.4,4.0,22.8,1015.8,2.6,1,4,6,182,18667.3,2006.0,Hot-Humid
2016-06-30 02:00:00,Panther_lodging_Kirk,144.4279,23.9,2.0,22.8,1015.3,1.5,2,4,6,182,18667.3,2006.0,Hot-Humid
2016-06-30 03:00:00,Panther_lodging_Kirk,136.8764,23.9,2.0,22.8,1014.9,2.1,3,4,6,182,18667.3,2006.0,Hot-Humid
2016-06-30 04:00:00,Panther_lodging_Kirk,134.5259,23.9,4.0,22.8,1015.1,1.5,4,4,6,182,18667.3,2006.0,Hot-Humid
2016-06-30 05:00:00,Panther_lodging_Kirk,129.475,23.9,2.0,22.8,1015.6,0.0,5,4,6,182,18667.3,2006.0,Hot-Humid
2016-06-30 06:00:00,Panther_lodging_Kirk,129.725,23.9,4.0,22.2,1016.1,2.1,6,4,6,182,18667.3,2006.0,Hot-Humid
2016-06-30 07:00:00,Panther_lodging_Kirk,136.6264,25.0,4.0,22.8,1016.3,2.1,7,4,6,182,18667.3,2006.0,Hot-Humid
2016-06-30 08:00:00,Panther_lodging_Kirk,149.4788,27.2,4.0,22.2,1016.7,2.6,8,4,6,182,18667.3,2006.0,Hot-Humid
2016-06-30 09:00:00,Panther_lodging_Kirk,147.8285,28.3,4.0,22.2,1017.0,0.0,9,4,6,182,18667.3,2006.0,Hot-Humid
2016-06-30 10:00:00,Panther_lodging_Kirk,155.9301,29.4,4.0,22.2,1017.0,2.1,10,4,6,182,18667.3,2006.0,Hot-Humid
2016-06-30 11:00:00,Panther_lodging_Kirk,150.47899999999996,31.1,4.0,23.3,1016.8,2.6,11,4,6,182,18667.3,2006.0,Hot-Humid
2016-06-30 12:00:00,Panther_lodging_Kirk,144.6779,31.7,4.0,22.8,1016.4,1.5,12,4,6,182,18667.3,2006.0,Hot-Humid
2016-06-30 13:00:00,Panther_lodging_Kirk,147.8285,31.7,6.0,22.2,1015.8,3.1,13,4,6,182,18667.3,2006.0,Hot-Humid
2016-06-30 14:00:00,Panther_lodging_Kirk,149.1788,33.3,4.0,22.8,1015.5,1.5,14,4,6,182,18667.3,2006.0,Hot-Humid
2016-06-30 15:00:00,Panther_lodging_Kirk,156.8303,33.3,4.4,21.7,1014.8,3.1,15,4,6,182,18667.3,2006.0,Hot-Humid
2016-06-30 16:00:00,Panther_lodging_Kirk,167.9324,27.8,4.8,23.9,1015.3,7.2,16,4,6,182,18667.3,2006.0,Hot-Humid
2016-06-30 17:00:00,Panther_lodging_Kirk,164.0317,27.2,5.2,24.0,1015.6,5.1,17,4,6,182,18667.3,2006.0,Hot-Humid
2016-06-30 18:00:00,Panther_lodging_Kirk,151.8793,26.7,5.2,23.9,1016.5,4.1,18,4,6,182,18667.3,2006.0,Hot-Humid
2016-06-30 19:00:00,Panther_lodging_Kirk,162.2813,24.4,6.0,22.8,1017.3,6.2,19,4,6,182,18667.3,2006.0,Hot-Humid
2016-06-30 20:00:00,Panther_lodging_Kirk,165.4319,25.0,6.333333333333333,22.8,1017.5,1.5,20,4,6,182,18667.3,2006.0,Hot-Humid
2016-06-30 21:00:00,Panther_lodging_Kirk,161.2811,24.4,6.666666666666667,22.8,1017.2,2.6,21,4,6,182,18667.3,2006.0,Hot-Humid
2016-06-30 22:00:00,Panther_lodging_Kirk,171.233,24.4,7.0,23.3,1017.3,2.1,22,4,6,182,18667.3,2006.0,Hot-Humid
2016-06-30 23:00:00,Panther_lodging_Kirk,168.9326,25.0,7.0,23.3,1017.3,2.1,23,4,6,182,18667.3,2006.0,Hot-Humid
2016-07-01 00:00:00,Panther_lodging_Kirk,159.8809,25.0,7.0,23.3,1017.2,2.1,0,5,7,183,18667.3,2006.0,Hot-Humid
2016-07-01 01:00:00,Panther_lodging_Kirk,149.4288,24.4,8.0,22.2,1016.7,2.1,1,5,7,183,18667.3,2006.0,Hot-Humid
2016-07-01 02:00:00,Panther_lodging_Kirk,150.7291,24.4,6.0,22.8,1016.1,2.1,2,5,7,183,18667.3,2006.0,Hot-Humid
2016-07-01 03:00:00,Panther_lodging_Kirk,136.0262,24.4,4.0,22.8,1016.2,0.0,3,5,7,183,18667.3,2006.0,Hot-Humid
2016-07-01 04:00:00,Panther_lodging_Kirk,136.6764,24.4,2.0,23.3,1016.0,1.5,4,5,7,183,18667.3,2006.0,Hot-Humid
2016-07-01 05:00:00,Panther_lodging_Kirk,129.9251,23.9,2.0,22.8,1016.1,2.1,5,5,7,183,18667.3,2006.0,Hot-Humid
2016-07-01 06:00:00,Panther_lodging_Kirk,132.9257,23.9,4.0,22.8,1016.8,1.5,6,5,7,183,18667.3,2006.0,Hot-Humid
2016-07-01 07:00:00,Panther_lodging_Kirk,131.0253,25.6,4.0,23.9,1017.3,3.1,7,5,7,183,18667.3,2006.0,Hot-Humid
2016-07-01 08:00:00,Panther_lodging_Kirk,137.2765,27.2,4.0,23.3,1018.0,2.6,8,5,7,183,18667.3,2006.0,Hot-Humid
2016-07-01 09:00:00,Panther_lodging_Kirk,137.2765,28.9,4.0,23.3,1018.3,3.1,9,5,7,183,18667.3,2006.0,Hot-Humid
2016-07-01 10:00:00,Panther_lodging_Kirk,135.9762,30.6,4.0,22.8,1017.8,4.1,10,5,7,183,18667.3,2006.0,Hot-Humid
2016-07-01 11:00:00,Panther_lodging_Kirk,134.1259,31.1,4.0,22.2,1017.9,2.6,11,5,7,183,18667.3,2006.0,Hot-Humid
2016-07-01 12:00:00,Panther_lodging_Kirk,139.5769,31.7,4.0,22.2,1017.3,3.1,12,5,7,183,18667.3,2006.0,Hot-Humid
2016-07-01 13:00:00,Panther_lodging_Kirk,154.1297,32.8,6.0,21.7,1016.9,3.1,13,5,7,183,18667.3,2006.0,Hot-Humid
2016-07-01 14:00:00,Panther_lodging_Kirk,156.0801,32.8,6.0,21.1,1016.2,3.1,14,5,7,183,18667.3,2006.0,Hot-Humid
2016-07-01 15:00:00,Panther_lodging_Kirk,158.3806,25.0,6.0,22.8,1016.7,4.1,15,5,7,183,18667.3,2006.0,Hot-Humid
2016-07-01 16:00:00,Panther_lodging_Kirk,154.4798,26.1,6.0,22.2,1016.4,4.1,16,5,7,183,18667.3,2006.0,Hot-Humid
2016-07-01 17:00:00,Panther_lodging_Kirk,156.7803,24.4,6.0,22.8,1017.3,2.6,17,5,7,183,18667.3,2006.0,Hot-Humid
2016-07-01 18:00:00,Panther_lodging_Kirk,151.3292,26.7,6.0,23.9,1018.0,3.1,18,5,7,183,18667.3,2006.0,Hot-Humid
2016-07-01 19:00:00,Panther_lodging_Kirk,154.2798,25.6,6.0,23.3,1018.5,2.6,19,5,7,183,18667.3,2006.0,Hot-Humid
2016-07-01 20:00:00,Panther_lodging_Kirk,166.3321,25.0,6.0,23.3,1018.5,3.6,20,5,7,183,18667.3,2006.0,Hot-Humid
2016-07-01 21:00:00,Panther_lodging_Kirk,163.8816,24.4,6.0,23.3,1018.5,3.1,21,5,7,183,18667.3,2006.0,Hot-Humid
2016-07-01 22:00:00,Panther_lodging_Kirk,155.68,25.0,6.0,23.3,1018.3,0.0,22,5,7,183,18667.3,2006.0,Hot-Humid
2016-07-01 23:00:00,Panther_lodging_Kirk,151.5293,25.0,6.0,23.9,1018.6,2.6,23,5,7,183,18667.3,2006.0,Hot-Humid
2016-07-02 00:00:00,Panther_lodging_Kirk,149.9289,24.4,6.0,23.3,1018.5,2.1,0,6,7,184,18667.3,2006.0,Hot-Humid
2016-07-02 01:00:00,Panther_lodging_Kirk,157.9305,24.4,6.0,23.3,1018.2,1.5,1,6,7,184,18667.3,2006.0,Hot-Humid
2016-07-02 02:00:00,Panther_lodging_Kirk,144.0778,23.9,5.333333333333333,22.8,1017.4,2.1,2,6,7,184,18667.3,2006.0,Hot-Humid
2016-07-02 03:00:00,Panther_lodging_Kirk,138.1266,23.9,4.666666666666667,22.8,1017.1,0.0,3,6,7,184,18667.3,2006.0,Hot-Humid
2016-07-02 04:00:00,Panther_lodging_Kirk,131.6254,23.9,4.0,22.8,1017.0,0.0,4,6,7,184,18667.3,2006.0,Hot-Humid
2016-07-02 05:00:00,Panther_lodging_Kirk,128.1747,23.9,4.0,22.8,1017.3,0.0,5,6,7,184,18667.3,2006.0,Hot-Humid
2016-07-02 06:00:00,Panther_lodging_Kirk,132.4756,23.9,2.0,22.8,1017.7,0.0,6,6,7,184,18667.3,2006.0,Hot-Humid
2016-07-02 07:00:00,Panther_lodging_Kirk,132.8756,25.0,4.0,23.3,1018.3,1.5,7,6,7,184,18667.3,2006.0,Hot-Humid
2016-07-02 08:00:00,Panther_lodging_Kirk,140.4771,26.7,4.333333333333333,23.9,1019.3,1.5,8,6,7,184,18667.3,2006.0,Hot-Humid
2016-07-02 09:00:00,Panther_lodging_Kirk,135.6762,27.8,4.666666666666667,23.3,1019.5,0.0,9,6,7,184,18667.3,2006.0,Hot-Humid
2016-07-02 10:00:00,Panther_lodging_Kirk,140.8772,29.4,5.0,24.4,1019.4,2.1,10,6,7,184,18667.3,2006.0,Hot-Humid
2016-07-02 11:00:00,Panther_lodging_Kirk,139.5269,30.6,5.0,23.3,1019.5,2.6,11,6,7,184,18667.3,2006.0,Hot-Humid
2016-07-02 12:00:00,Panther_lodging_Kirk,145.178,31.1,5.0,23.3,1019.0,2.1,12,6,7,184,18667.3,2006.0,Hot-Humid
2016-07-02 13:00:00,Panther_lodging_Kirk,146.8283,31.7,6.0,22.8,1018.5,0.0,13,6,7,184,18667.3,2006.0,Hot-Humid
2016-07-02 14:00:00,Panther_lodging_Kirk,148.1786,32.2,6.0,22.8,1018.0,3.1,14,6,7,184,18667.3,2006.0,Hot-Humid
2016-07-02 15:00:00,Panther_lodging_Kirk,157.3304,24.4,6.0,22.8,1019.9,0.0,15,6,7,184,18667.3,2006.0,Hot-Humid
2016-07-02 16:00:00,Panther_lodging_Kirk,162.1813,24.4,6.0,21.7,1019.7,0.0,16,6,7,184,18667.3,2006.0,Hot-Humid
2016-07-02 17:00:00,Panther_lodging_Kirk,162.4313,24.4,6.0,22.8,1019.1,3.6,17,6,7,184,18667.3,2006.0,Hot-Humid
2016-07-02 18:00:00,Panther_lodging_Kirk,157.3304,25.0,6.0,23.3,1018.9,2.1,18,6,7,184,18667.3,2006.0,Hot-Humid
2016-07-02 19:00:00,Panther_lodging_Kirk,163.7816,26.1,6.0,23.9,1018.5,2.6,19,6,7,184,18667.3,2006.0,Hot-Humid
2016-07-02 20:00:00,Panther_lodging_Kirk,154.4798,25.6,5.666666666666667,23.3,1018.3,1.5,20,6,7,184,18667.3,2006.0,Hot-Humid
2016-07-02 21:00:00,Panther_lodging_Kirk,163.2315,24.4,5.333333333333333,22.8,1019.1,2.1,21,6,7,184,18667.3,2006.0,Hot-Humid
2016-07-02 22:00:00,Panther_lodging_Kirk,165.3319,24.4,5.0,23.3,1019.9,2.1,22,6,7,184,18667.3,2006.0,Hot-Humid
2016-07-02 23:00:00,Panther_lodging_Kirk,160.681,24.4,5.0,22.8,1020.2,1.5,23,6,7,184,18667.3,2006.0,Hot-Humid
2016-07-03 00:00:00,Panther_lodging_Kirk,156.3802,23.9,5.0,22.8,1019.9,0.0,0,7,7,185,18667.3,2006.0,Hot-Humid
2016-07-03 01:00:00,Panther_lodging_Kirk,151.7793,23.9,4.0,22.8,1019.6,1.5,1,7,7,185,18667.3,2006.0,Hot-Humid
2016-07-03 02:00:00,Panther_lodging_Kirk,145.6281,23.9,4.0,22.8,1019.4,1.5,2,7,7,185,18667.3,2006.0,Hot-Humid
2016-07-03 03:00:00,Panther_lodging_Kirk,134.1759,23.9,2.0,22.8,1019.3,1.5,3,7,7,185,18667.3,2006.0,Hot-Humid
2016-07-03 04:00:00,Panther_lodging_Kirk,121.2734,23.9,4.0,22.8,1019.0,0.0,4,7,7,185,18667.3,2006.0,Hot-Humid
2016-07-03 05:00:00,Panther_lodging_Kirk,126.9745,23.9,4.0,22.8,1019.1,0.0,5,7,7,185,18667.3,2006.0,Hot-Humid
2016-07-03 06:00:00,Panther_lodging_Kirk,134.0759,23.9,4.0,22.8,1019.4,0.0,6,7,7,185,18667.3,2006.0,Hot-Humid
2016-07-03 07:00:00,Panther_lodging_Kirk,135.3261,25.0,4.0,23.3,1019.8,0.0,7,7,7,185,18667.3,2006.0,Hot-Humid
2016-07-03 08:00:00,Panther_lodging_Kirk,134.976,26.7,4.0,23.3,1020.3,0.0,8,7,7,185,18667.3,2006.0,Hot-Humid
2016-07-03 09:00:00,Panther_lodging_Kirk,131.5754,28.3,4.0,23.9,1020.8,2.6,9,7,7,185,18667.3,2006.0,Hot-Humid
2016-07-03 10:00:00,Panther_lodging_Kirk,131.0753,29.4,4.0,23.9,1021.0,2.6,10,7,7,185,18667.3,2006.0,Hot-Humid
2016-07-03 11:00:00,Panther_lodging_Kirk,132.1755,31.1,4.0,23.3,1020.9,3.1,11,7,7,185,18667.3,2006.0,Hot-Humid
2016-07-03 12:00:00,Panther_lodging_Kirk,136.0763,31.7,5.0,23.3,1020.6,3.6,12,7,7,185,18667.3,2006.0,Hot-Humid
2016-07-03 13:00:00,Panther_lodging_Kirk,142.2775,32.8,6.0,23.9,1020.5,3.1,13,7,7,185,18667.3,2006.0,Hot-Humid
2016-07-03 14:00:00,Panther_lodging_Kirk,146.3282,33.3,6.0,22.8,1019.7,3.1,14,7,7,185,18667.3,2006.0,Hot-Humid
2016-07-03 15:00:00,Panther_lodging_Kirk,153.2296,32.8,6.0,22.8,1019.1,2.1,15,7,7,185,18667.3,2006.0,Hot-Humid
2016-07-03 16:00:00,Panther_lodging_Kirk,165.732,31.7,6.0,23.3,1018.7,3.1,16,7,7,185,18667.3,2006.0,Hot-Humid
2016-07-03 17:00:00,Panther_lodging_Kirk,137.3265,32.2,6.0,23.9,1018.8,2.6,17,7,7,185,18667.3,2006.0,Hot-Humid
2016-07-03 18:00:00,Panther_lodging_Kirk,152.8295,33.3,6.0,22.8,1018.8,3.6,18,7,7,185,18667.3,2006.0,Hot-Humid
2016-07-03 19:00:00,Panther_lodging_Kirk,157.0303,30.6,6.0,23.3,1019.5,5.7,19,7,7,185,18667.3,2006.0,Hot-Humid
2016-07-03 20:00:00,Panther_lodging_Kirk,166.2321,28.3,5.0,23.3,1019.3,3.1,20,7,7,185,18667.3,2006.0,Hot-Humid
2016-07-03 21:00:00,Panther_lodging_Kirk,161.5312,27.2,4.0,23.9,1019.7,1.5,21,7,7,185,18667.3,2006.0,Hot-Humid
2016-07-03 22:00:00,Panther_lodging_Kirk,143.2777,26.7,4.0,23.9,1020.4,2.6,22,7,7,185,18667.3,2006.0,Hot-Humid
2016-07-03 23:00:00,Panther_lodging_Kirk,148.2286,27.2,4.0,23.3,1020.7,1.5,23,7,7,185,18667.3,2006.0,Hot-Humid
2016-07-04 00:00:00,Panther_lodging_Kirk,145.8281,26.7,4.0,24.4,1020.4,0.0,0,1,7,186,18667.3,2006.0,Hot-Humid
2016-07-04 01:00:00,Panther_lodging_Kirk,143.9778,26.1,2.0,23.9,1019.9,1.5,1,1,7,186,18667.3,2006.0,Hot-Humid
2016-07-04 02:00:00,Panther_lodging_Kirk,144.6779,26.1,4.0,23.9,1019.6,2.6,2,1,7,186,18667.3,2006.0,Hot-Humid
2016-07-04 03:00:00,Panther_lodging_Kirk,134.67600000000002,25.6,2.0,23.9,1019.2,2.1,3,1,7,186,18667.3,2006.0,Hot-Humid
2016-07-04 04:00:00,Panther_lodging_Kirk,131.0253,25.0,2.0,23.9,1019.2,0.0,4,1,7,186,18667.3,2006.0,Hot-Humid
2016-07-04 05:00:00,Panther_lodging_Kirk,136.9764,25.0,2.0,23.3,1019.9,0.0,5,1,7,186,18667.3,2006.0,Hot-Humid
2016-07-04 06:00:00,Panther_lodging_Kirk,129.725,25.6,2.0,23.3,1020.3,0.0,6,1,7,186,18667.3,2006.0,Hot-Humid
2016-07-04 07:00:00,Panther_lodging_Kirk,128.6248,26.7,2.0,24.4,1020.8,0.0,7,1,7,186,18667.3,2006.0,Hot-Humid
2016-07-04 08:00:00,Panther_lodging_Kirk,133.5258,28.3,2.0,23.3,1021.1,1.5,8,1,7,186,18667.3,2006.0,Hot-Humid
2016-07-04 09:00:00,Panther_lodging_Kirk,126.4244,30.6,2.0,24.4,1021.5,2.1,9,1,7,186,18667.3,2006.0,Hot-Humid
2016-07-04 10:00:00,Panther_lodging_Kirk,134.0259,31.1,2.0,23.9,1021.8,2.1,10,1,7,186,18667.3,2006.0,Hot-Humid
2016-07-04 11:00:00,Panther_lodging_Kirk,134.3759,32.8,4.0,23.3,1021.8,2.1,11,1,7,186,18667.3,2006.0,Hot-Humid
2016-07-04 12:00:00,Panther_lodging_Kirk,142.0774,33.3,4.0,23.3,1021.5,0.0,12,1,7,186,18667.3,2006.0,Hot-Humid
2016-07-04 13:00:00,Panther_lodging_Kirk,150.7291,33.3,6.0,23.3,1020.7,1.5,13,1,7,186,18667.3,2006.0,Hot-Humid
2016-07-04 14:00:00,Panther_lodging_Kirk,148.9787,33.9,6.0,23.3,1020.2,2.1,14,1,7,186,18667.3,2006.0,Hot-Humid
2016-07-04 15:00:00,Panther_lodging_Kirk,148.3786,34.4,6.0,22.2,1019.8,3.6,15,1,7,186,18667.3,2006.0,Hot-Humid
2016-07-04 16:00:00,Panther_lodging_Kirk,144.4279,33.3,6.0,22.8,1019.1,3.6,16,1,7,186,18667.3,2006.0,Hot-Humid
2016-07-04 17:00:00,Panther_lodging_Kirk,141.9274,33.9,6.0,22.8,1018.7,4.1,17,1,7,186,18667.3,2006.0,Hot-Humid
2016-07-04 18:00:00,Panther_lodging_Kirk,142.5275,32.8,6.0,22.8,1018.7,2.6,18,1,7,186,18667.3,2006.0,Hot-Humid
2016-07-04 19:00:00,Panther_lodging_Kirk,151.2292,30.6,6.0,24.4,1019.0,5.7,19,1,7,186,18667.3,2006.0,Hot-Humid
2016-07-04 20:00:00,Panther_lodging_Kirk,140.127,28.3,5.0,22.8,1019.4,3.1,20,1,7,186,18667.3,2006.0,Hot-Humid
2016-07-04 21:00:00,Panther_lodging_Kirk,145.6281,27.8,4.0,23.9,1020.1,1.5,21,1,7,186,18667.3,2006.0,Hot-Humid
2016-07-04 22:00:00,Panther_lodging_Kirk,150.379,27.8,4.0,24.4,1021.1,2.1,22,1,7,186,18667.3,2006.0,Hot-Humid
2016-07-04 23:00:00,Panther_lodging_Kirk,154.2798,28.3,4.0,23.9,1021.3,4.6,23,1,7,186,18667.3,2006.0,Hot-Humid
2016-07-05 00:00:00,Panther_lodging_Kirk,144.6279,27.8,4.0,24.4,1020.9,2.6,0,2,7,187,18667.3,2006.0,Hot-Humid
2016-07-05 01:00:00,Panther_lodging_Kirk,142.7275,27.2,4.0,25.0,1020.2,1.5,1,2,7,187,18667.3,2006.0,Hot-Humid
2016-07-05 02:00:00,Panther_lodging_Kirk,139.3769,27.2,4.0,25.0,1019.5,0.0,2,2,7,187,18667.3,2006.0,Hot-Humid
2016-07-05 03:00:00,Panther_lodging_Kirk,126.1243,27.2,4.0,25.0,1019.1,1.5,3,2,7,187,18667.3,2006.0,Hot-Humid
2016-07-05 04:00:00,Panther_lodging_Kirk,129.8751,26.1,4.0,25.0,1019.8,2.1,4,2,7,187,18667.3,2006.0,Hot-Humid
2016-07-05 05:00:00,Panther_lodging_Kirk,123.8239,25.6,4.0,23.9,1020.0,3.1,5,2,7,187,18667.3,2006.0,Hot-Humid
2016-07-05 06:00:00,Panther_lodging_Kirk,128.4748,25.6,4.0,22.2,1020.3,1.5,6,2,7,187,18667.3,2006.0,Hot-Humid
2016-07-05 07:00:00,Panther_lodging_Kirk,133.0757,26.7,4.0,22.8,1020.8,2.1,7,2,7,187,18667.3,2006.0,Hot-Humid
2016-07-05 08:00:00,Panther_lodging_Kirk,139.3769,28.9,4.333333333333333,22.8,1021.2,1.5,8,2,7,187,18667.3,2006.0,Hot-Humid
2016-07-05 09:00:00,Panther_lodging_Kirk,130.3252,30.0,4.666666666666667,23.9,1021.5,2.6,9,2,7,187,18667.3,2006.0,Hot-Humid
2016-07-05 10:00:00,Panther_lodging_Kirk,131.7254,31.1,5.0,24.4,1021.6,2.6,10,2,7,187,18667.3,2006.0,Hot-Humid
2016-07-05 11:00:00,Panther_lodging_Kirk,133.4758,32.2,5.0,24.4,1021.4,2.6,11,2,7,187,18667.3,2006.0,Hot-Humid
2016-07-05 12:00:00,Panther_lodging_Kirk,139.4769,32.2,5.0,23.9,1021.2,3.1,12,2,7,187,18667.3,2006.0,Hot-Humid
2016-07-05 13:00:00,Panther_lodging_Kirk,146.5283,33.9,6.0,23.9,1020.9,3.1,13,2,7,187,18667.3,2006.0,Hot-Humid
2016-07-05 14:00:00,Panther_lodging_Kirk,149.9289,34.4,6.0,22.2,1020.1,2.6,14,2,7,187,18667.3,2006.0,Hot-Humid
2016-07-05 15:00:00,Panther_lodging_Kirk,138.5267,34.4,6.0,22.8,1019.2,3.1,15,2,7,187,18667.3,2006.0,Hot-Humid
2016-07-05 16:00:00,Panther_lodging_Kirk,145.22799999999995,33.9,6.0,21.7,1018.7,2.1,16,2,7,187,18667.3,2006.0,Hot-Humid
2016-07-05 17:00:00,Panther_lodging_Kirk,156.2301,35.0,6.0,22.2,1018.8,3.1,17,2,7,187,18667.3,2006.0,Hot-Humid
2016-07-05 18:00:00,Panther_lodging_Kirk,157.2804,33.9,6.0,22.2,1018.9,3.1,18,2,7,187,18667.3,2006.0,Hot-Humid
2016-07-05 19:00:00,Panther_lodging_Kirk,165.632,33.3,6.0,22.8,1019.2,4.1,19,2,7,187,18667.3,2006.0,Hot-Humid
2016-07-05 20:00:00,Panther_lodging_Kirk,159.5308,31.1,5.6,24.4,1019.6,3.6,20,2,7,187,18667.3,2006.0,Hot-Humid
2016-07-05 21:00:00,Panther_lodging_Kirk,174.9338,31.1,5.2,23.9,1019.7,3.6,21,2,7,187,18667.3,2006.0,Hot-Humid
2016-07-05 22:00:00,Panther_lodging_Kirk,171.7331,28.3,4.8,25.6,1020.3,0.0,22,2,7,187,18667.3,2006.0,Hot-Humid
2016-07-05 23:00:00,Panther_lodging_Kirk,152.0294,28.9,4.8,24.4,1020.5,1.5,23,2,7,187,18667.3,2006.0,Hot-Humid
2016-07-06 00:00:00,Panther_lodging_Kirk,151.0292,27.8,4.0,25.6,1020.7,1.5,0,3,7,188,18667.3,2006.0,Hot-Humid
2016-07-06 01:00:00,Panther_lodging_Kirk,137.9266,27.2,2.0,25.0,1020.2,3.1,1,3,7,188,18667.3,2006.0,Hot-Humid
2016-07-06 02:00:00,Panther_lodging_Kirk,130.2251,27.2,0.0,25.0,1019.7,2.1,2,3,7,188,18667.3,2006.0,Hot-Humid
2016-07-06 03:00:00,Panther_lodging_Kirk,126.7245,26.7,0.0,25.0,1019.2,1.5,3,3,7,188,18667.3,2006.0,Hot-Humid
2016-07-06 04:00:00,Panther_lodging_Kirk,126.4244,26.1,0.0,24.4,1019.2,1.5,4,3,7,188,18667.3,2006.0,Hot-Humid
2016-07-06 05:00:00,Panther_lodging_Kirk,126.3744,26.1,0.0,24.4,1019.6,0.0,5,3,7,188,18667.3,2006.0,Hot-Humid
2016-07-06 06:00:00,Panther_lodging_Kirk,126.0243,26.1,0.0,24.4,1020.1,0.0,6,3,7,188,18667.3,2006.0,Hot-Humid
2016-07-06 07:00:00,Panther_lodging_Kirk,125.8243,27.2,2.0,24.4,1020.7,1.5,7,3,7,188,18667.3,2006.0,Hot-Humid
2016-07-06 08:00:00,Panther_lodging_Kirk,138.8268,28.9,2.0,24.4,1021.2,2.1,8,3,7,188,18667.3,2006.0,Hot-Humid
2016-07-06 09:00:00,Panther_lodging_Kirk,131.4754,30.0,2.0,24.4,1021.5,4.1,9,3,7,188,18667.3,2006.0,Hot-Humid
2016-07-06 10:00:00,Panther_lodging_Kirk,126.8745,31.1,4.0,24.4,1021.6,3.6,10,3,7,188,18667.3,2006.0,Hot-Humid
2016-07-06 11:00:00,Panther_lodging_Kirk,142.4775,32.2,4.0,24.4,1021.4,1.5,11,3,7,188,18667.3,2006.0,Hot-Humid
2016-07-06 12:00:00,Panther_lodging_Kirk,153.1295,33.3,4.0,24.4,1021.2,3.1,12,3,7,188,18667.3,2006.0,Hot-Humid
2016-07-06 13:00:00,Panther_lodging_Kirk,150.6791,35.0,4.0,23.3,1020.4,3.1,13,3,7,188,18667.3,2006.0,Hot-Humid
2016-07-06 14:00:00,Panther_lodging_Kirk,157.8305,34.4,4.0,23.3,1019.6,3.1,14,3,7,188,18667.3,2006.0,Hot-Humid
2016-07-06 15:00:00,Panther_lodging_Kirk,154.0297,34.4,4.4,23.3,1018.8,3.6,15,3,7,188,18667.3,2006.0,Hot-Humid
2016-07-06 16:00:00,Panther_lodging_Kirk,154.9299,33.9,4.8,22.8,1018.0,2.6,16,3,7,188,18667.3,2006.0,Hot-Humid
2016-07-06 17:00:00,Panther_lodging_Kirk,167.7324,32.2,5.2,22.8,1018.0,4.1,17,3,7,188,18667.3,2006.0,Hot-Humid
2016-07-06 18:00:00,Panther_lodging_Kirk,171.6831,32.2,5.2,24.4,1017.9,0.0,18,3,7,188,18667.3,2006.0,Hot-Humid
2016-07-06 19:00:00,Panther_lodging_Kirk,170.6829,31.1,6.0,23.9,1018.5,2.6,19,3,7,188,18667.3,2006.0,Hot-Humid
2016-07-06 20:00:00,Panther_lodging_Kirk,171.5331,30.6,5.6,22.2,1019.0,2.6,20,3,7,188,18667.3,2006.0,Hot-Humid
2016-07-06 21:00:00,Panther_lodging_Kirk,176.134,28.9,5.2,21.7,1019.3,4.1,21,3,7,188,18667.3,2006.0,Hot-Humid
2016-07-06 22:00:00,Panther_lodging_Kirk,159.6308,28.9,4.8,21.7,1020.2,3.6,22,3,7,188,18667.3,2006.0,Hot-Humid
2016-07-06 23:00:00,Panther_lodging_Kirk,162.3313,29.4,4.8,23.3,1020.2,1.5,23,3,7,188,18667.3,2006.0,Hot-Humid
2016-07-07 00:00:00,Panther_lodging_Kirk,147.7285,27.8,4.0,23.3,1019.8,2.1,0,4,7,189,18667.3,2006.0,Hot-Humid
2016-07-07 01:00:00,Panther_lodging_Kirk,147.3784,27.8,2.0,23.9,1019.4,2.1,1,4,7,189,18667.3,2006.0,Hot-Humid
2016-07-07 02:00:00,Panther_lodging_Kirk,126.8745,27.2,4.0,23.9,1019.0,2.1,2,4,7,189,18667.3,2006.0,Hot-Humid
2016-07-07 03:00:00,Panther_lodging_Kirk,131.5254,26.7,2.0,23.9,1018.2,4.1,3,4,7,189,18667.3,2006.0,Hot-Humid
2016-07-07 04:00:00,Panther_lodging_Kirk,127.7746,26.7,4.0,23.9,1018.0,2.6,4,4,7,189,18667.3,2006.0,Hot-Humid
2016-07-07 05:00:00,Panther_lodging_Kirk,131.7254,26.1,2.0,23.9,1017.5,3.1,5,4,7,189,18667.3,2006.0,Hot-Humid
2016-07-07 06:00:00,Panther_lodging_Kirk,125.5242,26.1,2.0,23.9,1018.4,2.6,6,4,7,189,18667.3,2006.0,Hot-Humid
2016-07-07 07:00:00,Panther_lodging_Kirk,134.576,27.2,2.0,23.9,1019.2,4.1,7,4,7,189,18667.3,2006.0,Hot-Humid
2016-07-07 08:00:00,Panther_lodging_Kirk,131.8754,28.9,2.0,24.4,1020.0,3.1,8,4,7,189,18667.3,2006.0,Hot-Humid
2016-07-07 09:00:00,Panther_lodging_Kirk,134.5259,30.6,2.0,24.4,1020.3,3.6,9,4,7,189,18667.3,2006.0,Hot-Humid
2016-07-07 10:00:00,Panther_lodging_Kirk,143.6777,31.7,2.0,24.4,1020.5,3.6,10,4,7,189,18667.3,2006.0,Hot-Humid
2016-07-07 11:00:00,Panther_lodging_Kirk,141.7273,32.2,4.0,22.8,1020.6,3.6,11,4,7,189,18667.3,2006.0,Hot-Humid
2016-07-07 12:00:00,Panther_lodging_Kirk,152.9295,33.9,4.0,23.9,1020.2,4.6,12,4,7,189,18667.3,2006.0,Hot-Humid
2016-07-07 13:00:00,Panther_lodging_Kirk,150.5791,34.4,4.0,22.2,1019.7,2.6,13,4,7,189,18667.3,2006.0,Hot-Humid
2016-07-07 14:00:00,Panther_lodging_Kirk,155.2299,34.4,4.333333333333333,22.8,1018.8,3.6,14,4,7,189,18667.3,2006.0,Hot-Humid
2016-07-07 15:00:00,Panther_lodging_Kirk,155.8301,35.0,4.666666666666667,22.2,1018.4,5.1,15,4,7,189,18667.3,2006.0,Hot-Humid
2016-07-07 16:00:00,Panther_lodging_Kirk,162.0813,35.0,5.0,22.2,1018.0,4.1,16,4,7,189,18667.3,2006.0,Hot-Humid
2016-07-07 17:00:00,Panther_lodging_Kirk,150.9291,32.8,5.0,21.7,1017.8,2.6,17,4,7,189,18667.3,2006.0,Hot-Humid
2016-07-07 18:00:00,Panther_lodging_Kirk,149.7289,32.2,5.0,20.6,1017.7,4.6,18,4,7,189,18667.3,2006.0,Hot-Humid
2016-07-07 19:00:00,Panther_lodging_Kirk,151.1292,31.1,6.0,20.0,1017.9,4.1,19,4,7,189,18667.3,2006.0,Hot-Humid
2016-07-07 20:00:00,Panther_lodging_Kirk,153.2296,30.0,5.2,21.1,1017.9,0.0,20,4,7,189,18667.3,2006.0,Hot-Humid
2016-07-07 21:00:00,Panther_lodging_Kirk,171.233,29.4,4.4,21.7,1018.6,1.5,21,4,7,189,18667.3,2006.0,Hot-Humid
2016-07-07 22:00:00,Panther_lodging_Kirk,163.0815,28.3,3.5999999999999996,22.8,1019.5,1.5,22,4,7,189,18667.3,2006.0,Hot-Humid
2016-07-07 23:00:00,Panther_lodging_Kirk,159.1307,28.3,3.5999999999999996,23.3,1019.8,1.5,23,4,7,189,18667.3,2006.0,Hot-Humid
2016-07-08 00:00:00,Panther_lodging_Kirk,161.2311,28.3,2.0,22.8,1019.3,0.0,0,5,7,190,18667.3,2006.0,Hot-Humid
2016-07-08 01:00:00,Panther_lodging_Kirk,149.2788,27.2,2.0,23.3,1018.9,0.0,1,5,7,190,18667.3,2006.0,Hot-Humid
2016-07-08 02:00:00,Panther_lodging_Kirk,150.22899999999996,27.2,4.0,23.9,1018.2,1.5,2,5,7,190,18667.3,2006.0,Hot-Humid
2016-07-08 03:00:00,Panther_lodging_Kirk,133.2757,25.6,4.0,23.9,1018.0,2.1,3,5,7,190,18667.3,2006.0,Hot-Humid
2016-07-08 04:00:00,Panther_lodging_Kirk,132.9757,25.6,2.0,24.4,1017.7,2.1,4,5,7,190,18667.3,2006.0,Hot-Humid
2016-07-08 05:00:00,Panther_lodging_Kirk,131.9255,25.6,2.0,23.9,1017.8,2.1,5,5,7,190,18667.3,2006.0,Hot-Humid
2016-07-08 06:00:00,Panther_lodging_Kirk,132.3755,26.1,2.0,24.4,1018.0,0.0,6,5,7,190,18667.3,2006.0,Hot-Humid
2016-07-08 07:00:00,Panther_lodging_Kirk,129.775,27.8,2.0,24.4,1018.6,2.1,7,5,7,190,18667.3,2006.0,Hot-Humid
2016-07-08 08:00:00,Panther_lodging_Kirk,125.4742,30.0,2.0,23.9,1019.7,1.5,8,5,7,190,18667.3,2006.0,Hot-Humid
2016-07-08 09:00:00,Panther_lodging_Kirk,136.6764,31.7,2.0,22.8,1019.9,2.1,9,5,7,190,18667.3,2006.0,Hot-Humid
2016-07-08 10:00:00,Panther_lodging_Kirk,131.4754,32.8,4.0,22.2,1020.4,3.1,10,5,7,190,18667.3,2006.0,Hot-Humid
2016-07-08 11:00:00,Panther_lodging_Kirk,139.67700000000002,33.9,2.0,22.8,1020.3,3.1,11,5,7,190,18667.3,2006.0,Hot-Humid
2016-07-08 12:00:00,Panther_lodging_Kirk,146.6283,33.3,4.0,22.2,1019.9,1.5,12,5,7,190,18667.3,2006.0,Hot-Humid
2016-07-08 13:00:00,Panther_lodging_Kirk,152.5794,35.6,4.0,22.2,1019.2,1.5,13,5,7,190,18667.3,2006.0,Hot-Humid
2016-07-08 14:00:00,Panther_lodging_Kirk,162.5314,35.0,4.0,20.6,1018.4,0.0,14,5,7,190,18667.3,2006.0,Hot-Humid
2016-07-08 15:00:00,Panther_lodging_Kirk,155.18,36.1,4.0,20.0,1017.4,2.6,15,5,7,190,18667.3,2006.0,Hot-Humid
2016-07-08 16:00:00,Panther_lodging_Kirk,147.4785,35.6,4.0,18.9,1017.2,0.0,16,5,7,190,18667.3,2006.0,Hot-Humid
2016-07-08 17:00:00,Panther_lodging_Kirk,168.7826,34.4,4.666666666666667,20.6,1016.8,2.6,17,5,7,190,18667.3,2006.0,Hot-Humid
2016-07-08 18:00:00,Panther_lodging_Kirk,175.7339,32.8,5.333333333333333,22.2,1016.9,2.6,18,5,7,190,18667.3,2006.0,Hot-Humid
2016-07-08 19:00:00,Panther_lodging_Kirk,164.4817,32.2,6.0,22.2,1017.2,4.6,19,5,7,190,18667.3,2006.0,Hot-Humid
2016-07-08 20:00:00,Panther_lodging_Kirk,165.5819,27.8,6.333333333333333,23.3,1018.2,5.1,20,5,7,190,18667.3,2006.0,Hot-Humid
2016-07-08 21:00:00,Panther_lodging_Kirk,172.1332,26.1,6.666666666666667,22.2,1018.6,5.1,21,5,7,190,18667.3,2006.0,Hot-Humid
2016-07-08 22:00:00,Panther_lodging_Kirk,166.6322,27.2,7.0,22.2,1018.3,0.0,22,5,7,190,18667.3,2006.0,Hot-Humid
2016-07-08 23:00:00,Panther_lodging_Kirk,161.7812,27.8,7.0,22.2,1018.4,2.1,23,5,7,190,18667.3,2006.0,Hot-Humid
2016-07-09 00:00:00,Panther_lodging_Kirk,148.5787,27.8,7.0,22.8,1018.3,2.6,0,6,7,191,18667.3,2006.0,Hot-Humid
2016-07-09 01:00:00,Panther_lodging_Kirk,154.5798,27.8,8.0,23.9,1018.1,2.6,1,6,7,191,18667.3,2006.0,Hot-Humid
2016-07-09 02:00:00,Panther_lodging_Kirk,136.3263,27.2,6.0,23.9,1017.8,2.6,2,6,7,191,18667.3,2006.0,Hot-Humid
2016-07-09 03:00:00,Panther_lodging_Kirk,134.2259,26.7,4.0,23.9,1017.4,2.1,3,6,7,191,18667.3,2006.0,Hot-Humid
2016-07-09 04:00:00,Panther_lodging_Kirk,131.7254,26.7,2.0,23.9,1017.8,1.5,4,6,7,191,18667.3,2006.0,Hot-Humid
2016-07-09 05:00:00,Panther_lodging_Kirk,106.8206,27.2,2.0,24.4,1018.2,2.1,5,6,7,191,18667.3,2006.0,Hot-Humid
2016-07-09 06:00:00,Panther_lodging_Kirk,104.4201,26.7,2.0,24.4,1018.6,1.5,6,6,7,191,18667.3,2006.0,Hot-Humid
2016-07-09 07:00:00,Panther_lodging_Kirk,103.32,28.3,2.0,24.4,1019.0,2.6,7,6,7,191,18667.3,2006.0,Hot-Humid
2016-07-09 08:00:00,Panther_lodging_Kirk,105.4203,30.0,2.0,23.9,1019.2,4.1,8,6,7,191,18667.3,2006.0,Hot-Humid
2016-07-09 09:00:00,Panther_lodging_Kirk,111.5715,30.6,2.0,23.9,1019.2,3.6,9,6,7,191,18667.3,2006.0,Hot-Humid
2016-07-09 10:00:00,Panther_lodging_Kirk,117.3726,32.2,2.0,22.8,1019.1,0.0,10,6,7,191,18667.3,2006.0,Hot-Humid
2016-07-09 11:00:00,Panther_lodging_Kirk,129.775,33.3,2.0,22.2,1019.0,2.1,11,6,7,191,18667.3,2006.0,Hot-Humid
2016-07-09 12:00:00,Panther_lodging_Kirk,132.1755,33.9,4.0,22.2,1018.6,2.1,12,6,7,191,18667.3,2006.0,Hot-Humid
2016-07-09 13:00:00,Panther_lodging_Kirk,133.8758,34.4,4.0,22.2,1018.1,0.0,13,6,7,191,18667.3,2006.0,Hot-Humid
2016-07-09 14:00:00,Panther_lodging_Kirk,136.8264,33.9,4.0,21.7,1017.7,2.6,14,6,7,191,18667.3,2006.0,Hot-Humid
2016-07-09 15:00:00,Panther_lodging_Kirk,136.3263,34.4,4.0,21.7,1016.8,2.6,15,6,7,191,18667.3,2006.0,Hot-Humid
2016-07-09 16:00:00,Panther_lodging_Kirk,138.0266,35.6,4.0,22.2,1016.3,3.1,16,6,7,191,18667.3,2006.0,Hot-Humid
2016-07-09 17:00:00,Panther_lodging_Kirk,138.9768,35.0,4.0,22.2,1015.7,3.6,17,6,7,191,18667.3,2006.0,Hot-Humid
2016-07-09 18:00:00,Panther_lodging_Kirk,152.0793,32.8,5.0,21.7,1016.6,5.7,18,6,7,191,18667.3,2006.0,Hot-Humid
2016-07-09 19:00:00,Panther_lodging_Kirk,151.5293,28.3,6.0,21.1,1017.4,6.2,19,6,7,191,18667.3,2006.0,Hot-Humid
2016-07-09 20:00:00,Panther_lodging_Kirk,159.6808,27.8,6.333333333333333,22.8,1017.6,3.1,20,6,7,191,18667.3,2006.0,Hot-Humid
2016-07-09 21:00:00,Panther_lodging_Kirk,153.4296,27.2,6.666666666666667,22.8,1017.9,0.0,21,6,7,191,18667.3,2006.0,Hot-Humid
2016-07-09 22:00:00,Panther_lodging_Kirk,163.7816,27.8,7.0,22.2,1018.5,2.1,22,6,7,191,18667.3,2006.0,Hot-Humid
2016-07-09 23:00:00,Panther_lodging_Kirk,151.6793,26.7,7.0,22.8,1018.8,2.6,23,6,7,191,18667.3,2006.0,Hot-Humid
2016-07-10 00:00:00,Panther_lodging_Kirk,148.2286,27.8,7.0,22.2,1018.5,1.5,0,7,7,192,18667.3,2006.0,Hot-Humid
2016-07-10 01:00:00,Panther_lodging_Kirk,103.3199,27.2,8.0,22.8,1017.8,2.1,1,7,7,192,18667.3,2006.0,Hot-Humid
2016-07-10 02:00:00,Panther_lodging_Kirk,122.9737,26.7,6.666666666666667,21.7,1017.2,0.0,2,7,7,192,18667.3,2006.0,Hot-Humid
2016-07-10 03:00:00,Panther_lodging_Kirk,131.9755,26.1,5.333333333333334,22.2,1017.4,0.0,3,7,7,192,18667.3,2006.0,Hot-Humid
2016-07-10 04:00:00,Panther_lodging_Kirk,126.6744,25.0,4.0,22.8,1017.3,1.5,4,7,7,192,18667.3,2006.0,Hot-Humid
2016-07-10 05:00:00,Panther_lodging_Kirk,129.475,25.0,2.0,22.8,1017.7,1.5,5,7,7,192,18667.3,2006.0,Hot-Humid
2016-07-10 06:00:00,Panther_lodging_Kirk,124.524,25.6,2.0,23.3,1018.2,0.0,6,7,7,192,18667.3,2006.0,Hot-Humid
2016-07-10 07:00:00,Panther_lodging_Kirk,120.0732,27.8,2.0,23.9,1018.6,0.0,7,7,7,192,18667.3,2006.0,Hot-Humid
2016-07-10 08:00:00,Panther_lodging_Kirk,130.5752,29.4,2.0,23.3,1019.3,1.5,8,7,7,192,18667.3,2006.0,Hot-Humid
2016-07-10 09:00:00,Panther_lodging_Kirk,136.3263,31.1,2.0,22.8,1019.1,1.5,9,7,7,192,18667.3,2006.0,Hot-Humid
2016-07-10 10:00:00,Panther_lodging_Kirk,138.6267,31.1,2.0,22.2,1019.0,0.0,10,7,7,192,18667.3,2006.0,Hot-Humid
2016-07-10 11:00:00,Panther_lodging_Kirk,140.6271,32.2,4.0,22.8,1019.2,2.6,11,7,7,192,18667.3,2006.0,Hot-Humid
2016-07-10 12:00:00,Panther_lodging_Kirk,133.9759,32.8,4.0,22.8,1019.0,1.5,12,7,7,192,18667.3,2006.0,Hot-Humid
2016-07-10 13:00:00,Panther_lodging_Kirk,147.6285,33.3,4.0,22.8,1018.5,1.5,13,7,7,192,18667.3,2006.0,Hot-Humid
2016-07-10 14:00:00,Panther_lodging_Kirk,152.1293,33.9,4.0,21.7,1018.0,2.1,14,7,7,192,18667.3,2006.0,Hot-Humid
2016-07-10 15:00:00,Panther_lodging_Kirk,157.7805,30.6,4.4,22.8,1017.6,4.6,15,7,7,192,18667.3,2006.0,Hot-Humid
2016-07-10 16:00:00,Panther_lodging_Kirk,160.3309,27.0,4.8,19.0,1017.7,2.1,16,7,7,192,18667.3,2006.0,Hot-Humid
2016-07-10 17:00:00,Panther_lodging_Kirk,161.5312,28.3,5.2,21.7,1017.0,3.6,17,7,7,192,18667.3,2006.0,Hot-Humid
2016-07-10 18:00:00,Panther_lodging_Kirk,144.4279,28.9,5.2,22.2,1016.7,2.1,18,7,7,192,18667.3,2006.0,Hot-Humid
2016-07-10 19:00:00,Panther_lodging_Kirk,161.4812,28.3,6.0,23.3,1017.7,2.1,19,7,7,192,18667.3,2006.0,Hot-Humid
2016-07-10 20:00:00,Panther_lodging_Kirk,167.0822,27.8,5.0,22.8,1017.7,0.0,20,7,7,192,18667.3,2006.0,Hot-Humid
2016-07-10 21:00:00,Panther_lodging_Kirk,164.3317,27.2,4.0,23.3,1018.0,2.1,21,7,7,192,18667.3,2006.0,Hot-Humid
2016-07-10 22:00:00,Panther_lodging_Kirk,158.3306,26.1,4.0,22.8,1018.5,0.0,22,7,7,192,18667.3,2006.0,Hot-Humid
2016-07-10 23:00:00,Panther_lodging_Kirk,156.9303,26.7,4.0,22.8,1019.1,0.0,23,7,7,192,18667.3,2006.0,Hot-Humid
2016-07-11 00:00:00,Panther_lodging_Kirk,148.4287,26.7,2.0,22.8,1019.0,2.1,0,1,7,193,18667.3,2006.0,Hot-Humid
2016-07-11 01:00:00,Panther_lodging_Kirk,137.8266,26.1,4.0,23.3,1018.7,2.6,1,1,7,193,18667.3,2006.0,Hot-Humid
2016-07-11 02:00:00,Panther_lodging_Kirk,121.8235,26.1,4.0,23.3,1018.6,1.5,2,1,7,193,18667.3,2006.0,Hot-Humid
2016-07-11 03:00:00,Panther_lodging_Kirk,120.5233,26.1,2.0,23.3,1018.6,0.0,3,1,7,193,18667.3,2006.0,Hot-Humid
2016-07-11 04:00:00,Panther_lodging_Kirk,125.7743,25.6,4.0,23.3,1018.9,0.0,4,1,7,193,18667.3,2006.0,Hot-Humid
2016-07-11 05:00:00,Panther_lodging_Kirk,123.4738,25.0,4.0,23.3,1019.2,1.5,5,1,7,193,18667.3,2006.0,Hot-Humid
2016-07-11 06:00:00,Panther_lodging_Kirk,120.0732,26.1,2.0,23.9,1019.6,0.0,6,1,7,193,18667.3,2006.0,Hot-Humid
2016-07-11 07:00:00,Panther_lodging_Kirk,128.0247,26.7,4.0,24.4,1020.1,1.5,7,1,7,193,18667.3,2006.0,Hot-Humid
2016-07-11 08:00:00,Panther_lodging_Kirk,128.6748,28.3,2.0,23.9,1020.1,4.1,8,1,7,193,18667.3,2006.0,Hot-Humid
2016-07-11 09:00:00,Panther_lodging_Kirk,131.7754,30.0,2.0,22.8,1020.2,4.1,9,1,7,193,18667.3,2006.0,Hot-Humid
2016-07-11 10:00:00,Panther_lodging_Kirk,132.7756,31.1,2.0,22.8,1019.9,2.6,10,1,7,193,18667.3,2006.0,Hot-Humid
2016-07-11 11:00:00,Panther_lodging_Kirk,135.3761,32.8,4.0,22.2,1020.0,4.1,11,1,7,193,18667.3,2006.0,Hot-Humid
2016-07-11 12:00:00,Panther_lodging_Kirk,144.8779,32.8,4.0,21.7,1020.2,3.1,12,1,7,193,18667.3,2006.0,Hot-Humid
2016-07-11 13:00:00,Panther_lodging_Kirk,147.6785,33.3,4.0,21.7,1019.6,0.0,13,1,7,193,18667.3,2006.0,Hot-Humid
2016-07-11 14:00:00,Panther_lodging_Kirk,148.6287,35.0,4.0,21.1,1018.9,1.5,14,1,7,193,18667.3,2006.0,Hot-Humid
2016-07-11 15:00:00,Panther_lodging_Kirk,155.1299,35.6,4.0,21.7,1018.0,3.1,15,1,7,193,18667.3,2006.0,Hot-Humid
2016-07-11 16:00:00,Panther_lodging_Kirk,155.9301,34.4,4.0,21.1,1017.8,2.6,16,1,7,193,18667.3,2006.0,Hot-Humid
2016-07-11 17:00:00,Panther_lodging_Kirk,157.5804,28.3,4.666666666666667,22.2,1019.2,5.7,17,1,7,193,18667.3,2006.0,Hot-Humid
2016-07-11 18:00:00,Panther_lodging_Kirk,162.6314,28.3,5.333333333333333,22.2,1018.3,3.6,18,1,7,193,18667.3,2006.0,Hot-Humid
2016-07-11 19:00:00,Panther_lodging_Kirk,156.4802,29.4,6.0,23.3,1017.6,3.1,19,1,7,193,18667.3,2006.0,Hot-Humid
2016-07-11 20:00:00,Panther_lodging_Kirk,158.1805,27.8,6.333333333333333,23.9,1018.7,3.1,20,1,7,193,18667.3,2006.0,Hot-Humid
2016-07-11 21:00:00,Panther_lodging_Kirk,172.8333,27.8,6.666666666666667,22.8,1019.3,3.1,21,1,7,193,18667.3,2006.0,Hot-Humid
2016-07-11 22:00:00,Panther_lodging_Kirk,167.1823,27.8,7.0,22.2,1019.8,4.1,22,1,7,193,18667.3,2006.0,Hot-Humid
2016-07-11 23:00:00,Panther_lodging_Kirk,148.3786,27.2,7.0,22.2,1019.9,3.1,23,1,7,193,18667.3,2006.0,Hot-Humid
2016-07-12 00:00:00,Panther_lodging_Kirk,151.2792,26.7,7.0,22.8,1019.8,2.1,0,2,7,194,18667.3,2006.0,Hot-Humid
2016-07-12 01:00:00,Panther_lodging_Kirk,139.4769,26.7,8.0,23.3,1019.2,2.1,1,2,7,194,18667.3,2006.0,Hot-Humid
2016-07-12 02:00:00,Panther_lodging_Kirk,140.9772,25.6,6.666666666666667,23.3,1018.8,1.5,2,2,7,194,18667.3,2006.0,Hot-Humid
2016-07-12 03:00:00,Panther_lodging_Kirk,135.4261,26.1,5.333333333333334,23.3,1018.5,0.0,3,2,7,194,18667.3,2006.0,Hot-Humid
2016-07-12 04:00:00,Panther_lodging_Kirk,130.8753,25.6,4.0,23.3,1018.5,0.0,4,2,7,194,18667.3,2006.0,Hot-Humid
2016-07-12 05:00:00,Panther_lodging_Kirk,121.1734,25.0,4.0,23.3,1018.7,0.0,5,2,7,194,18667.3,2006.0,Hot-Humid
2016-07-12 06:00:00,Panther_lodging_Kirk,127.1745,25.6,4.0,23.9,1019.0,0.0,6,2,7,194,18667.3,2006.0,Hot-Humid
2016-07-12 07:00:00,Panther_lodging_Kirk,130.6752,26.7,4.0,24.4,1019.3,2.1,7,2,7,194,18667.3,2006.0,Hot-Humid
2016-07-12 08:00:00,Panther_lodging_Kirk,123.1738,28.3,4.0,25.0,1019.9,2.6,8,2,7,194,18667.3,2006.0,Hot-Humid
2016-07-12 09:00:00,Panther_lodging_Kirk,133.5258,30.0,4.0,24.4,1020.2,2.6,9,2,7,194,18667.3,2006.0,Hot-Humid
2016-07-12 10:00:00,Panther_lodging_Kirk,144.7279,31.1,4.0,22.2,1020.4,3.1,10,2,7,194,18667.3,2006.0,Hot-Humid
2016-07-12 11:00:00,Panther_lodging_Kirk,145.8281,32.2,4.0,22.8,1020.4,3.1,11,2,7,194,18667.3,2006.0,Hot-Humid
2016-07-12 12:00:00,Panther_lodging_Kirk,151.8793,32.8,4.0,21.1,1020.3,0.0,12,2,7,194,18667.3,2006.0,Hot-Humid
2016-07-12 13:00:00,Panther_lodging_Kirk,148.0786,34.4,4.0,21.1,1019.9,2.1,13,2,7,194,18667.3,2006.0,Hot-Humid
2016-07-12 14:00:00,Panther_lodging_Kirk,145.4781,34.4,4.0,21.7,1019.1,2.1,14,2,7,194,18667.3,2006.0,Hot-Humid
2016-07-12 15:00:00,Panther_lodging_Kirk,151.2792,35.0,4.0,20.6,1018.2,0.0,15,2,7,194,18667.3,2006.0,Hot-Humid
2016-07-12 16:00:00,Panther_lodging_Kirk,156.0801,34.4,4.5,20.6,1017.6,0.0,16,2,7,194,18667.3,2006.0,Hot-Humid
2016-07-12 17:00:00,Panther_lodging_Kirk,174.3837,31.7,5.0,23.9,1018.1,7.2,17,2,7,194,18667.3,2006.0,Hot-Humid
2016-07-12 18:00:00,Panther_lodging_Kirk,171.4831,27.8,5.5,19.4,1018.5,5.1,18,2,7,194,18667.3,2006.0,Hot-Humid
2016-07-12 19:00:00,Panther_lodging_Kirk,168.8826,28.3,6.0,23.3,1019.9,2.6,19,2,7,194,18667.3,2006.0,Hot-Humid
2016-07-12 20:00:00,Panther_lodging_Kirk,167.2323,27.2,6.0,20.6,1020.3,3.6,20,2,7,194,18667.3,2006.0,Hot-Humid
2016-07-12 21:00:00,Panther_lodging_Kirk,159.3807,26.7,6.0,21.7,1021.0,0.0,21,2,7,194,18667.3,2006.0,Hot-Humid
2016-07-12 22:00:00,Panther_lodging_Kirk,169.8828,26.7,6.0,21.7,1020.8,0.0,22,2,7,194,18667.3,2006.0,Hot-Humid
2016-07-12 23:00:00,Panther_lodging_Kirk,162.4313,26.7,6.0,21.7,1020.5,2.1,23,2,7,194,18667.3,2006.0,Hot-Humid
2016-07-13 00:00:00,Panther_lodging_Kirk,155.7801,26.7,6.0,22.8,1020.0,0.0,0,3,7,195,18667.3,2006.0,Hot-Humid
2016-07-13 01:00:00,Panther_lodging_Kirk,150.429,26.7,6.0,22.2,1019.7,1.5,1,3,7,195,18667.3,2006.0,Hot-Humid
2016-07-13 02:00:00,Panther_lodging_Kirk,132.7256,25.6,4.0,22.8,1019.7,1.5,2,3,7,195,18667.3,2006.0,Hot-Humid
2016-07-13 03:00:00,Panther_lodging_Kirk,134.826,24.4,4.0,22.8,1019.6,1.5,3,3,7,195,18667.3,2006.0,Hot-Humid
2016-07-13 04:00:00,Panther_lodging_Kirk,125.1241,25.6,0.0,22.2,1019.5,1.5,4,3,7,195,18667.3,2006.0,Hot-Humid
2016-07-13 05:00:00,Panther_lodging_Kirk,128.0747,24.4,4.0,22.2,1019.5,0.0,5,3,7,195,18667.3,2006.0,Hot-Humid
2016-07-13 06:00:00,Panther_lodging_Kirk,122.8237,25.6,4.0,22.8,1019.8,0.0,6,3,7,195,18667.3,2006.0,Hot-Humid
2016-07-13 07:00:00,Panther_lodging_Kirk,131.2753,27.2,4.0,23.3,1020.2,2.1,7,3,7,195,18667.3,2006.0,Hot-Humid
2016-07-13 08:00:00,Panther_lodging_Kirk,136.5263,28.3,2.0,24.4,1020.6,2.1,8,3,7,195,18667.3,2006.0,Hot-Humid
2016-07-13 09:00:00,Panther_lodging_Kirk,145.378,30.0,4.0,24.4,1021.1,1.5,9,3,7,195,18667.3,2006.0,Hot-Humid
2016-07-13 10:00:00,Panther_lodging_Kirk,151.8293,31.7,4.0,23.9,1021.2,0.0,10,3,7,195,18667.3,2006.0,Hot-Humid
2016-07-13 11:00:00,Panther_lodging_Kirk,147.8785,32.2,4.0,23.9,1021.2,3.1,11,3,7,195,18667.3,2006.0,Hot-Humid
2016-07-13 12:00:00,Panther_lodging_Kirk,151.0292,33.3,4.0,23.3,1020.8,2.1,12,3,7,195,18667.3,2006.0,Hot-Humid
2016-07-13 13:00:00,Panther_lodging_Kirk,154.0297,33.9,4.0,22.2,1020.0,2.1,13,3,7,195,18667.3,2006.0,Hot-Humid
2016-07-13 14:00:00,Panther_lodging_Kirk,147.8785,33.9,4.333333333333333,21.7,1019.2,0.0,14,3,7,195,18667.3,2006.0,Hot-Humid
2016-07-13 15:00:00,Panther_lodging_Kirk,157.9805,27.0,4.666666666666667,22.0,1019.3,4.1,15,3,7,195,18667.3,2006.0,Hot-Humid
2016-07-13 16:00:00,Panther_lodging_Kirk,153.1295,26.7,5.0,21.7,1019.3,4.1,16,3,7,195,18667.3,2006.0,Hot-Humid
2016-07-13 17:00:00,Panther_lodging_Kirk,151.8793,26.1,5.0,22.2,1019.6,2.1,17,3,7,195,18667.3,2006.0,Hot-Humid
2016-07-13 18:00:00,Panther_lodging_Kirk,167.6824,25.6,5.0,21.1,1019.6,2.1,18,3,7,195,18667.3,2006.0,Hot-Humid
2016-07-13 19:00:00,Panther_lodging_Kirk,169.3327,25.6,6.0,21.1,1019.6,3.1,19,3,7,195,18667.3,2006.0,Hot-Humid
2016-07-13 20:00:00,Panther_lodging_Kirk,163.9316,24.4,6.0,21.1,1019.6,0.0,20,3,7,195,18667.3,2006.0,Hot-Humid
2016-07-13 21:00:00,Panther_lodging_Kirk,173.6835,24.4,6.0,21.7,1020.1,1.5,21,3,7,195,18667.3,2006.0,Hot-Humid
2016-07-13 22:00:00,Panther_lodging_Kirk,168.8326,25.0,6.0,21.1,1020.2,0.0,22,3,7,195,18667.3,2006.0,Hot-Humid
2016-07-13 23:00:00,Panther_lodging_Kirk,158.4806,23.9,6.0,21.7,1020.2,0.0,23,3,7,195,18667.3,2006.0,Hot-Humid
2016-07-14 00:00:00,Panther_lodging_Kirk,153.3796,25.0,6.0,20.6,1020.3,0.0,0,4,7,196,18667.3,2006.0,Hot-Humid
2016-07-14 01:00:00,Panther_lodging_Kirk,148.6787,23.9,6.0,21.1,1019.6,0.0,1,4,7,196,18667.3,2006.0,Hot-Humid
2016-07-14 02:00:00,Panther_lodging_Kirk,138.3767,23.9,5.0,21.1,1019.4,1.5,2,4,7,196,18667.3,2006.0,Hot-Humid
2016-07-14 03:00:00,Panther_lodging_Kirk,120.1232,24.4,4.0,21.1,1019.2,0.0,3,4,7,196,18667.3,2006.0,Hot-Humid
2016-07-14 04:00:00,Panther_lodging_Kirk,118.5729,24.4,4.0,21.7,1018.9,0.0,4,4,7,196,18667.3,2006.0,Hot-Humid
2016-07-14 05:00:00,Panther_lodging_Kirk,130.3752,24.4,4.0,22.2,1018.9,1.5,5,4,7,196,18667.3,2006.0,Hot-Humid
2016-07-14 06:00:00,Panther_lodging_Kirk,126.9745,23.9,4.0,21.7,1019.4,2.1,6,4,7,196,18667.3,2006.0,Hot-Humid
2016-07-14 07:00:00,Panther_lodging_Kirk,134.776,26.7,2.0,22.2,1020.0,2.1,7,4,7,196,18667.3,2006.0,Hot-Humid
2016-07-14 08:00:00,Panther_lodging_Kirk,140.9272,27.8,2.0,23.3,1020.4,2.1,8,4,7,196,18667.3,2006.0,Hot-Humid
2016-07-14 09:00:00,Panther_lodging_Kirk,131.6754,30.0,2.0,23.9,1020.2,3.1,9,4,7,196,18667.3,2006.0,Hot-Humid
2016-07-14 10:00:00,Panther_lodging_Kirk,139.1268,31.1,4.0,22.8,1020.4,4.6,10,4,7,196,18667.3,2006.0,Hot-Humid
2016-07-14 11:00:00,Panther_lodging_Kirk,138.6768,31.7,4.0,21.1,1020.3,3.1,11,4,7,196,18667.3,2006.0,Hot-Humid
2016-07-14 12:00:00,Panther_lodging_Kirk,143.7277,33.3,4.0,21.7,1019.8,3.6,12,4,7,196,18667.3,2006.0,Hot-Humid
2016-07-14 13:00:00,Panther_lodging_Kirk,146.4283,33.9,4.0,20.6,1019.1,3.1,13,4,7,196,18667.3,2006.0,Hot-Humid
2016-07-14 14:00:00,Panther_lodging_Kirk,142.2274,34.4,4.333333333333333,20.6,1018.4,2.1,14,4,7,196,18667.3,2006.0,Hot-Humid
2016-07-14 15:00:00,Panther_lodging_Kirk,146.4283,32.2,4.666666666666667,22.2,1017.6,6.7,15,4,7,196,18667.3,2006.0,Hot-Humid
2016-07-14 16:00:00,Panther_lodging_Kirk,160.2309,33.3,5.0,20.6,1017.3,3.1,16,4,7,196,18667.3,2006.0,Hot-Humid
2016-07-14 17:00:00,Panther_lodging_Kirk,158.9807,33.3,5.0,22.0,1017.8,11.8,17,4,7,196,18667.3,2006.0,Hot-Humid
2016-07-14 18:00:00,Panther_lodging_Kirk,157.5804,26.1,5.0,21.7,1018.2,4.1,18,4,7,196,18667.3,2006.0,Hot-Humid
2016-07-14 19:00:00,Panther_lodging_Kirk,163.5316,26.7,6.0,21.7,1017.8,2.6,19,4,7,196,18667.3,2006.0,Hot-Humid
2016-07-14 20:00:00,Panther_lodging_Kirk,167.4823,27.2,4.0,21.7,1018.3,0.0,20,4,7,196,18667.3,2006.0,Hot-Humid
2016-07-14 21:00:00,Panther_lodging_Kirk,156.6802,26.1,2.0,22.2,1018.4,2.1,21,4,7,196,18667.3,2006.0,Hot-Humid
2016-07-14 22:00:00,Panther_lodging_Kirk,166.8822,25.6,2.0,22.8,1019.0,1.5,22,4,7,196,18667.3,2006.0,Hot-Humid
2016-07-14 23:00:00,Panther_lodging_Kirk,149.1288,26.1,2.0,22.8,1019.5,1.5,23,4,7,196,18667.3,2006.0,Hot-Humid
2016-07-15 00:00:00,Panther_lodging_Kirk,143.7277,25.0,2.0,22.8,1019.3,1.5,0,5,7,197,18667.3,2006.0,Hot-Humid
2016-07-15 01:00:00,Panther_lodging_Kirk,135.7262,25.0,2.0,22.8,1018.8,2.1,1,5,7,197,18667.3,2006.0,Hot-Humid
2016-07-15 02:00:00,Panther_lodging_Kirk,136.0763,25.0,0.0,22.8,1018.6,0.0,2,5,7,197,18667.3,2006.0,Hot-Humid
2016-07-15 03:00:00,Panther_lodging_Kirk,128.2247,25.6,2.0,23.3,1018.3,0.0,3,5,7,197,18667.3,2006.0,Hot-Humid
2016-07-15 04:00:00,Panther_lodging_Kirk,132.2255,25.0,2.0,23.3,1018.2,1.5,4,5,7,197,18667.3,2006.0,Hot-Humid
2016-07-15 05:00:00,Panther_lodging_Kirk,124.8741,24.4,2.0,23.3,1017.9,2.1,5,5,7,197,18667.3,2006.0,Hot-Humid
2016-07-15 06:00:00,Panther_lodging_Kirk,125.3242,24.4,2.0,23.3,1018.0,0.0,6,5,7,197,18667.3,2006.0,Hot-Humid
2016-07-15 07:00:00,Panther_lodging_Kirk,121.2234,26.1,2.0,23.9,1018.5,2.1,7,5,7,197,18667.3,2006.0,Hot-Humid
2016-07-15 08:00:00,Panther_lodging_Kirk,125.0741,27.8,2.0,23.9,1019.2,2.6,8,5,7,197,18667.3,2006.0,Hot-Humid
2016-07-15 09:00:00,Panther_lodging_Kirk,131.3253,30.0,2.0,22.8,1019.3,5.1,9,5,7,197,18667.3,2006.0,Hot-Humid
2016-07-15 10:00:00,Panther_lodging_Kirk,143.9278,31.1,2.0,21.7,1019.6,3.6,10,5,7,197,18667.3,2006.0,Hot-Humid
2016-07-15 11:00:00,Panther_lodging_Kirk,137.8266,32.2,4.0,21.1,1019.8,2.6,11,5,7,197,18667.3,2006.0,Hot-Humid
2016-07-15 12:00:00,Panther_lodging_Kirk,147.4285,32.8,4.0,19.4,1019.1,2.1,12,5,7,197,18667.3,2006.0,Hot-Humid
2016-07-15 13:00:00,Panther_lodging_Kirk,153.2796,33.3,4.0,20.0,1018.4,5.1,13,5,7,197,18667.3,2006.0,Hot-Humid
2016-07-15 14:00:00,Panther_lodging_Kirk,145.8281,34.4,4.0,20.0,1017.5,2.1,14,5,7,197,18667.3,2006.0,Hot-Humid
2016-07-15 15:00:00,Panther_lodging_Kirk,149.0788,33.3,2.0,20.6,1016.1,2.1,15,5,7,197,18667.3,2006.0,Hot-Humid
2016-07-15 16:00:00,Panther_lodging_Kirk,162.1813,33.9,4.0,20.6,1016.1,2.6,16,5,7,197,18667.3,2006.0,Hot-Humid
2016-07-15 17:00:00,Panther_lodging_Kirk,155.0299,33.3,4.666666666666667,22.2,1015.9,4.6,17,5,7,197,18667.3,2006.0,Hot-Humid
2016-07-15 18:00:00,Panther_lodging_Kirk,162.8314,30.6,5.333333333333333,22.8,1016.8,3.6,18,5,7,197,18667.3,2006.0,Hot-Humid
2016-07-15 19:00:00,Panther_lodging_Kirk,154.0797,26.7,6.0,22.8,1018.4,6.2,19,5,7,197,18667.3,2006.0,Hot-Humid
2016-07-15 20:00:00,Panther_lodging_Kirk,154.9299,25.6,6.333333333333333,22.8,1017.9,1.5,20,5,7,197,18667.3,2006.0,Hot-Humid
2016-07-15 21:00:00,Panther_lodging_Kirk,155.73,25.0,6.666666666666667,22.2,1018.8,2.6,21,5,7,197,18667.3,2006.0,Hot-Humid
2016-07-15 22:00:00,Panther_lodging_Kirk,171.4831,26.1,7.0,22.8,1019.2,1.5,22,5,7,197,18667.3,2006.0,Hot-Humid
2016-07-15 23:00:00,Panther_lodging_Kirk,165.2819,26.1,7.0,22.8,1018.8,1.5,23,5,7,197,18667.3,2006.0,Hot-Humid
2016-07-16 00:00:00,Panther_lodging_Kirk,150.5291,25.0,7.0,22.8,1018.8,1.5,0,6,7,198,18667.3,2006.0,Hot-Humid
2016-07-16 01:00:00,Panther_lodging_Kirk,149.4788,26.1,8.0,22.8,1018.3,3.6,1,6,7,198,18667.3,2006.0,Hot-Humid
2016-07-16 02:00:00,Panther_lodging_Kirk,147.8285,25.6,6.0,22.8,1018.0,1.5,2,6,7,198,18667.3,2006.0,Hot-Humid
2016-07-16 03:00:00,Panther_lodging_Kirk,138.7768,25.6,4.0,22.8,1017.5,1.5,3,6,7,198,18667.3,2006.0,Hot-Humid
2016-07-16 04:00:00,Panther_lodging_Kirk,133.2757,25.0,4.0,23.3,1017.8,2.1,4,6,7,198,18667.3,2006.0,Hot-Humid
2016-07-16 05:00:00,Panther_lodging_Kirk,127.0745,25.0,4.0,23.3,1017.9,1.5,5,6,7,198,18667.3,2006.0,Hot-Humid
2016-07-16 06:00:00,Panther_lodging_Kirk,132.8756,25.0,4.0,23.3,1018.3,2.6,6,6,7,198,18667.3,2006.0,Hot-Humid
2016-07-16 07:00:00,Panther_lodging_Kirk,136.6264,26.1,2.0,23.3,1018.8,3.6,7,6,7,198,18667.3,2006.0,Hot-Humid
2016-07-16 08:00:00,Panther_lodging_Kirk,134.42600000000002,28.3,2.0,23.9,1019.3,3.1,8,6,7,198,18667.3,2006.0,Hot-Humid
2016-07-16 09:00:00,Panther_lodging_Kirk,127.1245,30.0,4.0,23.3,1019.8,4.6,9,6,7,198,18667.3,2006.0,Hot-Humid
2016-07-16 10:00:00,Panther_lodging_Kirk,131.1753,30.6,4.0,22.2,1020.1,1.5,10,6,7,198,18667.3,2006.0,Hot-Humid
2016-07-16 11:00:00,Panther_lodging_Kirk,133.7258,32.2,4.0,21.7,1020.2,3.1,11,6,7,198,18667.3,2006.0,Hot-Humid
2016-07-16 12:00:00,Panther_lodging_Kirk,139.2269,32.8,5.0,21.1,1019.7,3.6,12,6,7,198,18667.3,2006.0,Hot-Humid
2016-07-16 13:00:00,Panther_lodging_Kirk,151.8793,33.3,6.0,20.6,1019.3,4.1,13,6,7,198,18667.3,2006.0,Hot-Humid
2016-07-16 14:00:00,Panther_lodging_Kirk,149.3288,35.6,6.0,20.6,1018.6,7.7,14,6,7,198,18667.3,2006.0,Hot-Humid
2016-07-16 15:00:00,Panther_lodging_Kirk,153.8797,33.9,6.0,21.7,1017.8,5.1,15,6,7,198,18667.3,2006.0,Hot-Humid
2016-07-16 16:00:00,Panther_lodging_Kirk,156.9803,33.9,6.0,21.7,1017.5,5.1,16,6,7,198,18667.3,2006.0,Hot-Humid
2016-07-16 17:00:00,Panther_lodging_Kirk,161.5312,32.8,6.0,21.7,1017.8,5.7,17,6,7,198,18667.3,2006.0,Hot-Humid
2016-07-16 18:00:00,Panther_lodging_Kirk,151.9793,32.2,6.0,21.7,1018.4,4.6,18,6,7,198,18667.3,2006.0,Hot-Humid
2016-07-16 19:00:00,Panther_lodging_Kirk,164.2317,30.6,6.0,22.2,1019.0,3.6,19,6,7,198,18667.3,2006.0,Hot-Humid
2016-07-16 20:00:00,Panther_lodging_Kirk,164.1317,26.7,6.0,21.7,1019.85,9.3,20,6,7,198,18667.3,2006.0,Hot-Humid
2016-07-16 21:00:00,Panther_lodging_Kirk,162.3313,24.4,6.0,22.8,1020.7,0.0,21,6,7,198,18667.3,2006.0,Hot-Humid
2016-07-16 22:00:00,Panther_lodging_Kirk,156.1801,25.0,6.0,22.8,1020.7,1.5,22,6,7,198,18667.3,2006.0,Hot-Humid
2016-07-16 23:00:00,Panther_lodging_Kirk,147.7785,25.6,6.0,23.3,1020.7,1.5,23,6,7,198,18667.3,2006.0,Hot-Humid
2016-07-17 00:00:00,Panther_lodging_Kirk,148.5287,25.6,6.0,22.8,1020.5,0.0,0,7,7,199,18667.3,2006.0,Hot-Humid
2016-07-17 01:00:00,Panther_lodging_Kirk,139.3269,25.6,6.0,22.8,1020.4,0.0,1,7,7,199,18667.3,2006.0,Hot-Humid
2016-07-17 02:00:00,Panther_lodging_Kirk,134.476,25.6,2.0,22.8,1019.9,0.0,2,7,7,199,18667.3,2006.0,Hot-Humid
2016-07-17 03:00:00,Panther_lodging_Kirk,134.476,25.0,2.0,23.3,1019.8,0.0,3,7,7,199,18667.3,2006.0,Hot-Humid
2016-07-17 04:00:00,Panther_lodging_Kirk,134.0259,25.6,2.0,23.3,1019.8,2.1,4,7,7,199,18667.3,2006.0,Hot-Humid
2016-07-17 05:00:00,Panther_lodging_Kirk,131.1253,25.6,2.0,23.3,1020.3,2.1,5,7,7,199,18667.3,2006.0,Hot-Humid
2016-07-17 06:00:00,Panther_lodging_Kirk,130.0251,25.6,2.0,23.3,1020.7,2.1,6,7,7,199,18667.3,2006.0,Hot-Humid
2016-07-17 07:00:00,Panther_lodging_Kirk,131.1753,27.2,2.0,24.4,1021.0,2.6,7,7,7,199,18667.3,2006.0,Hot-Humid
2016-07-17 08:00:00,Panther_lodging_Kirk,118.5229,28.3,2.0,25.0,1021.4,2.1,8,7,7,199,18667.3,2006.0,Hot-Humid
2016-07-17 09:00:00,Panther_lodging_Kirk,119.7231,28.9,2.8,23.9,1021.9,2.1,9,7,7,199,18667.3,2006.0,Hot-Humid
2016-07-17 10:00:00,Panther_lodging_Kirk,124.7741,31.1,3.6,23.3,1022.1,3.1,10,7,7,199,18667.3,2006.0,Hot-Humid
2016-07-17 11:00:00,Panther_lodging_Kirk,133.6258,32.2,4.4,22.8,1022.0,1.5,11,7,7,199,18667.3,2006.0,Hot-Humid
2016-07-17 12:00:00,Panther_lodging_Kirk,150.329,31.7,4.4,22.8,1021.7,4.1,12,7,7,199,18667.3,2006.0,Hot-Humid
2016-07-17 13:00:00,Panther_lodging_Kirk,159.3807,30.0,6.0,23.9,1022.0,4.1,13,7,7,199,18667.3,2006.0,Hot-Humid
2016-07-17 14:00:00,Panther_lodging_Kirk,164.6818,33.3,5.5,22.8,1021.0,3.6,14,7,7,199,18667.3,2006.0,Hot-Humid
2016-07-17 15:00:00,Panther_lodging_Kirk,167.7824,27.8,5.0,21.7,1020.9,2.1,15,7,7,199,18667.3,2006.0,Hot-Humid
2016-07-17 16:00:00,Panther_lodging_Kirk,155.0299,31.1,4.5,24.4,1019.8,4.1,16,7,7,199,18667.3,2006.0,Hot-Humid
2016-07-17 17:00:00,Panther_lodging_Kirk,160.1809,33.3,4.0,22.8,1020.0,6.7,17,7,7,199,18667.3,2006.0,Hot-Humid
2016-07-17 18:00:00,Panther_lodging_Kirk,173.9836,31.7,4.0,22.2,1020.6,6.2,18,7,7,199,18667.3,2006.0,Hot-Humid
2016-07-17 19:00:00,Panther_lodging_Kirk,164.9318,30.0,4.0,23.3,1021.7,5.1,19,7,7,199,18667.3,2006.0,Hot-Humid
2016-07-17 20:00:00,Panther_lodging_Kirk,165.2319,28.9,4.0,23.9,1022.1,4.1,20,7,7,199,18667.3,2006.0,Hot-Humid
2016-07-17 21:00:00,Panther_lodging_Kirk,164.2317,27.8,4.0,23.9,1022.6,3.6,21,7,7,199,18667.3,2006.0,Hot-Humid
2016-07-17 22:00:00,Panther_lodging_Kirk,162.5314,27.2,4.0,23.9,1023.2,3.6,22,7,7,199,18667.3,2006.0,Hot-Humid
2016-07-17 23:00:00,Panther_lodging_Kirk,161.6812,27.2,4.0,23.9,1023.0,3.1,23,7,7,199,18667.3,2006.0,Hot-Humid
2016-07-18 00:00:00,Panther_lodging_Kirk,156.9303,26.7,4.0,23.9,1022.9,2.1,0,1,7,200,18667.3,2006.0,Hot-Humid
2016-07-18 01:00:00,Panther_lodging_Kirk,138.2267,26.7,4.0,23.9,1022.6,2.1,1,1,7,200,18667.3,2006.0,Hot-Humid
2016-07-18 02:00:00,Panther_lodging_Kirk,138.9768,26.1,2.0,23.9,1021.9,2.1,2,1,7,200,18667.3,2006.0,Hot-Humid
2016-07-18 03:00:00,Panther_lodging_Kirk,131.7254,26.1,2.0,23.9,1021.5,0.0,3,1,7,200,18667.3,2006.0,Hot-Humid
2016-07-18 04:00:00,Panther_lodging_Kirk,127.4746,25.6,2.0,23.9,1021.2,2.1,4,1,7,200,18667.3,2006.0,Hot-Humid
2016-07-18 05:00:00,Panther_lodging_Kirk,130.2751,26.1,2.6666666666666665,23.9,1021.4,2.6,5,1,7,200,18667.3,2006.0,Hot-Humid
2016-07-18 06:00:00,Panther_lodging_Kirk,130.5752,26.1,3.333333333333333,23.9,1021.5,2.1,6,1,7,200,18667.3,2006.0,Hot-Humid
2016-07-18 07:00:00,Panther_lodging_Kirk,133.6258,26.7,4.0,24.4,1021.9,2.6,7,1,7,200,18667.3,2006.0,Hot-Humid
2016-07-18 08:00:00,Panther_lodging_Kirk,124.1739,29.4,4.333333333333333,24.4,1022.4,4.1,8,1,7,200,18667.3,2006.0,Hot-Humid
2016-07-18 09:00:00,Panther_lodging_Kirk,123.1238,30.6,4.666666666666667,23.9,1022.9,5.1,9,1,7,200,18667.3,2006.0,Hot-Humid
2016-07-18 10:00:00,Panther_lodging_Kirk,128.1247,31.7,5.0,23.3,1023.2,3.6,10,1,7,200,18667.3,2006.0,Hot-Humid
2016-07-18 11:00:00,Panther_lodging_Kirk,139.5269,30.6,5.0,22.2,1023.4,1.5,11,1,7,200,18667.3,2006.0,Hot-Humid
2016-07-18 12:00:00,Panther_lodging_Kirk,149.8789,33.3,5.0,21.7,1023.0,4.6,12,1,7,200,18667.3,2006.0,Hot-Humid
2016-07-18 13:00:00,Panther_lodging_Kirk,148.1786,33.3,6.0,23.3,1022.4,6.2,13,1,7,200,18667.3,2006.0,Hot-Humid
2016-07-18 14:00:00,Panther_lodging_Kirk,144.6279,31.1,5.6,21.1,1022.4,6.2,14,1,7,200,18667.3,2006.0,Hot-Humid
2016-07-18 15:00:00,Panther_lodging_Kirk,155.7801,33.9,5.2,22.8,1021.5,5.1,15,1,7,200,18667.3,2006.0,Hot-Humid
2016-07-18 16:00:00,Panther_lodging_Kirk,164.7318,23.9,4.8,20.0,1022.7,6.7,16,1,7,200,18667.3,2006.0,Hot-Humid
2016-07-18 17:00:00,Panther_lodging_Kirk,158.6806,29.4,4.8,22.2,1021.5,4.1,17,1,7,200,18667.3,2006.0,Hot-Humid
2016-07-18 18:00:00,Panther_lodging_Kirk,158.6306,30.0,4.0,23.9,1020.3,5.1,18,1,7,200,18667.3,2006.0,Hot-Humid
2016-07-18 19:00:00,Panther_lodging_Kirk,170.4829,29.4,2.0,22.8,1021.0,4.1,19,1,7,200,18667.3,2006.0,Hot-Humid
2016-07-18 20:00:00,Panther_lodging_Kirk,172.4333,28.3,2.0,21.7,1021.1,3.6,20,1,7,200,18667.3,2006.0,Hot-Humid
2016-07-18 21:00:00,Panther_lodging_Kirk,162.9814,27.2,2.0,22.8,1021.6,3.6,21,1,7,200,18667.3,2006.0,Hot-Humid
2016-07-18 22:00:00,Panther_lodging_Kirk,170.6329,26.7,2.0,22.8,1022.3,2.6,22,1,7,200,18667.3,2006.0,Hot-Humid
2016-07-18 23:00:00,Panther_lodging_Kirk,158.8306,26.7,2.0,23.3,1022.5,2.6,23,1,7,200,18667.3,2006.0,Hot-Humid
2016-07-19 00:00:00,Panther_lodging_Kirk,148.4786,26.7,2.0,23.9,1022.1,3.1,0,2,7,201,18667.3,2006.0,Hot-Humid
2016-07-19 01:00:00,Panther_lodging_Kirk,138.3267,26.1,2.0,23.9,1021.7,2.1,1,2,7,201,18667.3,2006.0,Hot-Humid
2016-07-19 02:00:00,Panther_lodging_Kirk,130.2751,25.6,2.0,23.3,1021.3,1.5,2,2,7,201,18667.3,2006.0,Hot-Humid
2016-07-19 03:00:00,Panther_lodging_Kirk,139.3769,25.0,2.0,23.3,1020.7,2.1,3,2,7,201,18667.3,2006.0,Hot-Humid
2016-07-19 04:00:00,Panther_lodging_Kirk,132.0255,25.6,2.0,23.3,1020.7,1.5,4,2,7,201,18667.3,2006.0,Hot-Humid
2016-07-19 05:00:00,Panther_lodging_Kirk,131.1253,25.0,2.0,23.3,1020.7,0.0,5,2,7,201,18667.3,2006.0,Hot-Humid
2016-07-19 06:00:00,Panther_lodging_Kirk,132.4256,25.0,2.0,23.3,1021.4,2.1,6,2,7,201,18667.3,2006.0,Hot-Humid
2016-07-19 07:00:00,Panther_lodging_Kirk,135.2261,26.7,2.0,23.9,1021.5,3.6,7,2,7,201,18667.3,2006.0,Hot-Humid
2016-07-19 08:00:00,Panther_lodging_Kirk,136.9764,28.9,2.0,23.9,1022.0,3.1,8,2,7,201,18667.3,2006.0,Hot-Humid
2016-07-19 09:00:00,Panther_lodging_Kirk,132.8256,30.0,4.0,23.9,1021.9,3.6,9,2,7,201,18667.3,2006.0,Hot-Humid
2016-07-19 10:00:00,Panther_lodging_Kirk,131.5754,31.7,4.0,22.8,1022.1,4.1,10,2,7,201,18667.3,2006.0,Hot-Humid
2016-07-19 11:00:00,Panther_lodging_Kirk,140.077,32.8,4.0,21.7,1022.0,3.1,11,2,7,201,18667.3,2006.0,Hot-Humid
2016-07-19 12:00:00,Panther_lodging_Kirk,138.2267,28.9,5.0,22.2,1021.7,3.6,12,2,7,201,18667.3,2006.0,Hot-Humid
2016-07-19 13:00:00,Panther_lodging_Kirk,153.8797,26.7,6.0,23.3,1021.9,5.7,13,2,7,201,18667.3,2006.0,Hot-Humid
2016-07-19 14:00:00,Panther_lodging_Kirk,152.6294,26.7,5.666666666666667,22.2,1021.6,0.0,14,2,7,201,18667.3,2006.0,Hot-Humid
2016-07-19 15:00:00,Panther_lodging_Kirk,143.5777,28.9,5.333333333333333,22.2,1021.2,2.6,15,2,7,201,18667.3,2006.0,Hot-Humid
2016-07-19 16:00:00,Panther_lodging_Kirk,149.0288,27.8,5.0,21.7,1021.0,3.6,16,2,7,201,18667.3,2006.0,Hot-Humid
2016-07-19 17:00:00,Panther_lodging_Kirk,156.4302,25.0,5.0,22.8,1020.9,2.1,17,2,7,201,18667.3,2006.0,Hot-Humid
2016-07-19 18:00:00,Panther_lodging_Kirk,156.6802,25.6,5.0,22.8,1019.7,1.5,18,2,7,201,18667.3,2006.0,Hot-Humid
2016-07-19 19:00:00,Panther_lodging_Kirk,168.3825,26.1,4.0,22.2,1019.7,0.0,19,2,7,201,18667.3,2006.0,Hot-Humid
2016-07-19 20:00:00,Panther_lodging_Kirk,157.8805,26.1,2.0,22.8,1019.6,2.1,20,2,7,201,18667.3,2006.0,Hot-Humid
2016-07-19 21:00:00,Panther_lodging_Kirk,169.5827,26.1,2.0,23.3,1020.3,2.6,21,2,7,201,18667.3,2006.0,Hot-Humid
2016-07-19 22:00:00,Panther_lodging_Kirk,168.6826,26.7,2.0,23.9,1020.8,2.1,22,2,7,201,18667.3,2006.0,Hot-Humid
2016-07-19 23:00:00,Panther_lodging_Kirk,158.3306,26.1,2.0,23.9,1021.2,2.6,23,2,7,201,18667.3,2006.0,Hot-Humid
2016-07-20 00:00:00,Panther_lodging_Kirk,156.7803,25.6,4.0,23.9,1020.9,1.5,0,3,7,202,18667.3,2006.0,Hot-Humid
2016-07-20 01:00:00,Panther_lodging_Kirk,143.2276,25.6,6.0,23.9,1020.4,0.0,1,3,7,202,18667.3,2006.0,Hot-Humid
2016-07-20 02:00:00,Panther_lodging_Kirk,145.5781,25.0,4.0,23.9,1019.5,0.0,2,3,7,202,18667.3,2006.0,Hot-Humid
2016-07-20 03:00:00,Panther_lodging_Kirk,127.9747,25.0,2.0,23.3,1019.2,1.5,3,3,7,202,18667.3,2006.0,Hot-Humid
2016-07-20 04:00:00,Panther_lodging_Kirk,133.0757,23.9,0.0,22.8,1019.4,0.0,4,3,7,202,18667.3,2006.0,Hot-Humid
2016-07-20 05:00:00,Panther_lodging_Kirk,130.2251,25.0,2.0,23.3,1019.8,0.0,5,3,7,202,18667.3,2006.0,Hot-Humid
2016-07-20 06:00:00,Panther_lodging_Kirk,126.2744,25.0,4.0,23.9,1020.5,1.5,6,3,7,202,18667.3,2006.0,Hot-Humid
2016-07-20 07:00:00,Panther_lodging_Kirk,124.9241,26.1,4.0,24.4,1021.3,2.1,7,3,7,202,18667.3,2006.0,Hot-Humid
2016-07-20 08:00:00,Panther_lodging_Kirk,116.0724,28.3,4.0,25.0,1021.4,2.1,8,3,7,202,18667.3,2006.0,Hot-Humid
2016-07-20 09:00:00,Panther_lodging_Kirk,123.5739,30.0,4.0,24.4,1021.3,3.1,9,3,7,202,18667.3,2006.0,Hot-Humid
2016-07-20 10:00:00,Panther_lodging_Kirk,128.0747,30.6,4.0,23.3,1021.6,2.6,10,3,7,202,18667.3,2006.0,Hot-Humid
2016-07-20 11:00:00,Panther_lodging_Kirk,136.8264,31.7,4.0,22.2,1021.1,4.1,11,3,7,202,18667.3,2006.0,Hot-Humid
2016-07-20 12:00:00,Panther_lodging_Kirk,148.8287,33.3,4.0,22.2,1020.7,4.1,12,3,7,202,18667.3,2006.0,Hot-Humid
2016-07-20 13:00:00,Panther_lodging_Kirk,156.1301,33.9,6.0,22.2,1020.1,4.6,13,3,7,202,18667.3,2006.0,Hot-Humid
2016-07-20 14:00:00,Panther_lodging_Kirk,150.279,31.7,5.5,21.7,1019.4,6.2,14,3,7,202,18667.3,2006.0,Hot-Humid
2016-07-20 15:00:00,Panther_lodging_Kirk,148.0286,31.7,5.0,22.2,1019.7,7.2,15,3,7,202,18667.3,2006.0,Hot-Humid
2016-07-20 16:00:00,Panther_lodging_Kirk,157.8805,30.6,4.5,21.7,1019.2,4.1,16,3,7,202,18667.3,2006.0,Hot-Humid
2016-07-20 17:00:00,Panther_lodging_Kirk,154.0297,32.2,4.0,23.3,1018.7,4.6,17,3,7,202,18667.3,2006.0,Hot-Humid
2016-07-20 18:00:00,Panther_lodging_Kirk,171.8332,31.7,2.0,23.3,1018.8,4.1,18,3,7,202,18667.3,2006.0,Hot-Humid
2016-07-20 19:00:00,Panther_lodging_Kirk,165.1819,30.0,2.0,22.2,1018.8,4.1,19,3,7,202,18667.3,2006.0,Hot-Humid
2016-07-20 20:00:00,Panther_lodging_Kirk,162.6814,28.9,2.0,22.8,1019.2,3.1,20,3,7,202,18667.3,2006.0,Hot-Humid
2016-07-20 21:00:00,Panther_lodging_Kirk,168.3325,27.8,2.0,23.3,1019.7,3.6,21,3,7,202,18667.3,2006.0,Hot-Humid
2016-07-20 22:00:00,Panther_lodging_Kirk,163.9816,27.2,4.0,23.3,1020.5,2.1,22,3,7,202,18667.3,2006.0,Hot-Humid
2016-07-20 23:00:00,Panther_lodging_Kirk,155.8801,26.7,4.666666666666667,23.3,1020.4,2.1,23,3,7,202,18667.3,2006.0,Hot-Humid
2016-07-21 00:00:00,Panther_lodging_Kirk,153.3796,25.6,5.333333333333333,23.3,1020.2,0.0,0,4,7,203,18667.3,2006.0,Hot-Humid
2016-07-21 01:00:00,Panther_lodging_Kirk,145.4781,26.1,6.0,23.9,1019.7,0.0,1,4,7,203,18667.3,2006.0,Hot-Humid
2016-07-21 02:00:00,Panther_lodging_Kirk,138.7268,25.6,4.0,23.9,1018.9,0.0,2,4,7,203,18667.3,2006.0,Hot-Humid
2016-07-21 03:00:00,Panther_lodging_Kirk,132.8256,25.6,4.0,23.9,1018.8,2.6,3,4,7,203,18667.3,2006.0,Hot-Humid
2016-07-21 04:00:00,Panther_lodging_Kirk,131.1753,25.6,4.0,23.9,1018.3,2.1,4,4,7,203,18667.3,2006.0,Hot-Humid
2016-07-21 05:00:00,Panther_lodging_Kirk,132.8256,25.6,4.0,23.9,1018.6,1.5,5,4,7,203,18667.3,2006.0,Hot-Humid
2016-07-21 06:00:00,Panther_lodging_Kirk,125.8743,25.6,4.0,23.9,1019.1,1.5,6,4,7,203,18667.3,2006.0,Hot-Humid
2016-07-21 07:00:00,Panther_lodging_Kirk,139.877,27.2,2.0,24.4,1019.8,2.1,7,4,7,203,18667.3,2006.0,Hot-Humid
2016-07-21 08:00:00,Panther_lodging_Kirk,138.9768,28.9,2.0,25.0,1020.3,3.6,8,4,7,203,18667.3,2006.0,Hot-Humid
2016-07-21 09:00:00,Panther_lodging_Kirk,127.5246,29.4,3.0,24.4,1020.6,3.6,9,4,7,203,18667.3,2006.0,Hot-Humid
2016-07-21 10:00:00,Panther_lodging_Kirk,137.1265,31.7,4.0,23.9,1020.7,2.1,10,4,7,203,18667.3,2006.0,Hot-Humid
2016-07-21 11:00:00,Panther_lodging_Kirk,140.7772,31.7,4.0,22.8,1020.6,4.1,11,4,7,203,18667.3,2006.0,Hot-Humid
2016-07-21 12:00:00,Panther_lodging_Kirk,151.7293,33.3,4.0,22.8,1020.3,5.1,12,4,7,203,18667.3,2006.0,Hot-Humid
2016-07-21 13:00:00,Panther_lodging_Kirk,147.2284,30.6,6.0,22.2,1020.0,4.6,13,4,7,203,18667.3,2006.0,Hot-Humid
2016-07-21 14:00:00,Panther_lodging_Kirk,141.4773,32.2,6.0,22.8,1019.6,3.6,14,4,7,203,18667.3,2006.0,Hot-Humid
2016-07-21 15:00:00,Panther_lodging_Kirk,149.6289,24.4,6.0,20.6,1019.25,1.5,15,4,7,203,18667.3,2006.0,Hot-Humid
2016-07-21 16:00:00,Panther_lodging_Kirk,158.6806,26.1,6.0,22.2,1018.9,1.5,16,4,7,203,18667.3,2006.0,Hot-Humid
2016-07-21 17:00:00,Panther_lodging_Kirk,161.8813,28.3,6.0,22.8,1018.2,0.0,17,4,7,203,18667.3,2006.0,Hot-Humid
2016-07-21 18:00:00,Panther_lodging_Kirk,152.4294,28.3,6.0,22.8,1018.1,2.6,18,4,7,203,18667.3,2006.0,Hot-Humid
2016-07-21 19:00:00,Panther_lodging_Kirk,143.9278,28.3,6.0,23.3,1017.8,2.6,19,4,7,203,18667.3,2006.0,Hot-Humid
2016-07-21 20:00:00,Panther_lodging_Kirk,151.4792,27.8,4.0,23.9,1018.2,1.5,20,4,7,203,18667.3,2006.0,Hot-Humid
2016-07-21 21:00:00,Panther_lodging_Kirk,153.4296,27.2,2.0,24.4,1018.8,2.1,21,4,7,203,18667.3,2006.0,Hot-Humid
2016-07-21 22:00:00,Panther_lodging_Kirk,154.2798,25.6,2.0,23.9,1019.7,1.5,22,4,7,203,18667.3,2006.0,Hot-Humid
2016-07-21 23:00:00,Panther_lodging_Kirk,157.4804,26.1,4.0,23.9,1020.3,0.0,23,4,7,203,18667.3,2006.0,Hot-Humid
2016-07-22 00:00:00,Panther_lodging_Kirk,150.8291,26.1,4.0,23.9,1020.4,0.0,0,5,7,204,18667.3,2006.0,Hot-Humid
2016-07-22 01:00:00,Panther_lodging_Kirk,131.8754,26.1,4.0,23.9,1019.8,0.0,1,5,7,204,18667.3,2006.0,Hot-Humid
2016-07-22 02:00:00,Panther_lodging_Kirk,128.6748,26.1,4.0,23.9,1019.2,0.0,2,5,7,204,18667.3,2006.0,Hot-Humid
2016-07-22 03:00:00,Panther_lodging_Kirk,125.3742,25.6,4.0,23.9,1018.4,0.0,3,5,7,204,18667.3,2006.0,Hot-Humid
2016-07-22 04:00:00,Panther_lodging_Kirk,119.9231,25.6,4.0,23.9,1018.3,0.0,4,5,7,204,18667.3,2006.0,Hot-Humid
2016-07-22 05:00:00,Panther_lodging_Kirk,116.7725,25.0,4.0,23.3,1018.0,0.0,5,5,7,204,18667.3,2006.0,Hot-Humid
2016-07-22 06:00:00,Panther_lodging_Kirk,122.8237,25.6,4.0,23.9,1018.2,0.0,6,5,7,204,18667.3,2006.0,Hot-Humid
2016-07-22 07:00:00,Panther_lodging_Kirk,128.4748,27.2,4.0,24.4,1018.7,0.0,7,5,7,204,18667.3,2006.0,Hot-Humid
2016-07-22 08:00:00,Panther_lodging_Kirk,124.474,27.8,4.0,24.4,1019.2,0.0,8,5,7,204,18667.3,2006.0,Hot-Humid
2016-07-22 09:00:00,Panther_lodging_Kirk,127.6246,29.4,4.0,23.9,1019.2,0.0,9,5,7,204,18667.3,2006.0,Hot-Humid
2016-07-22 10:00:00,Panther_lodging_Kirk,131.5254,30.6,4.0,22.2,1019.2,0.0,10,5,7,204,18667.3,2006.0,Hot-Humid
2016-07-22 11:00:00,Panther_lodging_Kirk,135.5762,32.2,4.0,22.8,1019.2,2.1,11,5,7,204,18667.3,2006.0,Hot-Humid
2016-07-22 12:00:00,Panther_lodging_Kirk,148.6287,32.8,4.0,22.2,1018.9,1.5,12,5,7,204,18667.3,2006.0,Hot-Humid
2016-07-22 13:00:00,Panther_lodging_Kirk,153.3796,33.9,6.0,21.7,1018.5,2.1,13,5,7,204,18667.3,2006.0,Hot-Humid
2016-07-22 14:00:00,Panther_lodging_Kirk,155.48,30.0,6.333333333333333,22.8,1017.6,7.7,14,5,7,204,18667.3,2006.0,Hot-Humid
2016-07-22 15:00:00,Panther_lodging_Kirk,152.1293,30.0,6.666666666666667,22.2,1017.1,4.6,15,5,7,204,18667.3,2006.0,Hot-Humid
2016-07-22 16:00:00,Panther_lodging_Kirk,139.0268,31.1,7.0,21.7,1017.6,4.1,16,5,7,204,18667.3,2006.0,Hot-Humid
2016-07-22 17:00:00,Panther_lodging_Kirk,138.1266,30.6,7.0,22.2,1017.0,4.6,17,5,7,204,18667.3,2006.0,Hot-Humid
2016-07-22 18:00:00,Panther_lodging_Kirk,146.2782,29.4,7.0,22.8,1016.9,3.1,18,5,7,204,18667.3,2006.0,Hot-Humid
2016-07-22 19:00:00,Panther_lodging_Kirk,153.8297,26.7,8.0,21.7,1018.0,8.8,19,5,7,204,18667.3,2006.0,Hot-Humid
2016-07-22 20:00:00,Panther_lodging_Kirk,158.7306,24.4,6.0,21.1,1017.6,2.6,20,5,7,204,18667.3,2006.0,Hot-Humid
2016-07-22 21:00:00,Panther_lodging_Kirk,159.3307,25.0,4.0,20.6,1017.5,0.0,21,5,7,204,18667.3,2006.0,Hot-Humid
2016-07-22 22:00:00,Panther_lodging_Kirk,159.1307,24.4,5.0,20.6,1018.0,1.5,22,5,7,204,18667.3,2006.0,Hot-Humid
2016-07-22 23:00:00,Panther_lodging_Kirk,161.4812,24.4,6.0,20.6,1017.8,0.0,23,5,7,204,18667.3,2006.0,Hot-Humid
2016-07-23 00:00:00,Panther_lodging_Kirk,148.7787,23.9,7.0,21.1,1017.7,2.6,0,6,7,205,18667.3,2006.0,Hot-Humid
2016-07-23 01:00:00,Panther_lodging_Kirk,133.3757,23.3,8.0,21.1,1017.7,0.0,1,6,7,205,18667.3,2006.0,Hot-Humid
2016-07-23 02:00:00,Panther_lodging_Kirk,123.1738,23.3,7.0,21.7,1017.1,0.0,2,6,7,205,18667.3,2006.0,Hot-Humid
2016-07-23 03:00:00,Panther_lodging_Kirk,131.3753,22.8,6.0,21.1,1016.9,1.5,3,6,7,205,18667.3,2006.0,Hot-Humid
2016-07-23 04:00:00,Panther_lodging_Kirk,123.3738,23.3,5.0,21.7,1016.7,0.0,4,6,7,205,18667.3,2006.0,Hot-Humid
2016-07-23 05:00:00,Panther_lodging_Kirk,119.8731,23.3,4.0,21.7,1016.4,0.0,5,6,7,205,18667.3,2006.0,Hot-Humid
2016-07-23 06:00:00,Panther_lodging_Kirk,123.5238,23.3,4.0,21.7,1016.3,0.0,6,6,7,205,18667.3,2006.0,Hot-Humid
2016-07-23 07:00:00,Panther_lodging_Kirk,126.4744,24.4,4.0,22.8,1016.8,1.5,7,6,7,205,18667.3,2006.0,Hot-Humid
2016-07-23 08:00:00,Panther_lodging_Kirk,130.1751,26.1,4.0,22.8,1017.1,0.0,8,6,7,205,18667.3,2006.0,Hot-Humid
2016-07-23 09:00:00,Panther_lodging_Kirk,120.1732,27.8,4.0,21.7,1017.3,1.5,9,6,7,205,18667.3,2006.0,Hot-Humid
2016-07-23 10:00:00,Panther_lodging_Kirk,134.776,30.0,4.0,20.6,1017.8,2.1,10,6,7,205,18667.3,2006.0,Hot-Humid
2016-07-23 11:00:00,Panther_lodging_Kirk,121.8235,31.1,4.0,21.1,1017.7,0.0,11,6,7,205,18667.3,2006.0,Hot-Humid
2016-07-23 12:00:00,Panther_lodging_Kirk,130.0251,31.1,4.0,21.1,1017.4,0.0,12,6,7,205,18667.3,2006.0,Hot-Humid
2016-07-23 13:00:00,Panther_lodging_Kirk,135.5261,32.8,4.0,20.6,1017.0,1.5,13,6,7,205,18667.3,2006.0,Hot-Humid
2016-07-23 14:00:00,Panther_lodging_Kirk,137.0264,31.7,4.0,21.1,1016.3,1.5,14,6,7,205,18667.3,2006.0,Hot-Humid
2016-07-23 15:00:00,Panther_lodging_Kirk,141.7273,33.3,4.4,20.6,1015.7,3.1,15,6,7,205,18667.3,2006.0,Hot-Humid
2016-07-23 16:00:00,Panther_lodging_Kirk,148.5287,32.8,4.8,20.6,1015.3,2.1,16,6,7,205,18667.3,2006.0,Hot-Humid
2016-07-23 17:00:00,Panther_lodging_Kirk,144.6779,33.3,5.2,20.6,1015.1,2.6,17,6,7,205,18667.3,2006.0,Hot-Humid
2016-07-23 18:00:00,Panther_lodging_Kirk,139.77700000000002,31.1,5.2,22.2,1014.9,6.7,18,6,7,205,18667.3,2006.0,Hot-Humid
2016-07-23 19:00:00,Panther_lodging_Kirk,155.2299,26.7,6.0,22.8,1015.9,5.7,19,6,7,205,18667.3,2006.0,Hot-Humid
2016-07-23 20:00:00,Panther_lodging_Kirk,153.1796,26.1,5.5,21.1,1016.3,5.1,20,6,7,205,18667.3,2006.0,Hot-Humid
2016-07-23 21:00:00,Panther_lodging_Kirk,156.3302,26.1,5.0,21.1,1016.9,2.1,21,6,7,205,18667.3,2006.0,Hot-Humid
2016-07-23 22:00:00,Panther_lodging_Kirk,163.6816,25.0,4.5,22.8,1017.5,0.0,22,6,7,205,18667.3,2006.0,Hot-Humid
2016-07-23 23:00:00,Panther_lodging_Kirk,155.33,25.0,4.0,22.2,1017.5,3.1,23,6,7,205,18667.3,2006.0,Hot-Humid
2016-07-24 00:00:00,Panther_lodging_Kirk,148.5287,25.0,2.0,22.8,1017.6,0.0,0,7,7,206,18667.3,2006.0,Hot-Humid
2016-07-24 01:00:00,Panther_lodging_Kirk,136.7764,25.0,2.0,22.2,1017.4,2.1,1,7,7,206,18667.3,2006.0,Hot-Humid
2016-07-24 02:00:00,Panther_lodging_Kirk,129.625,25.0,2.0,22.8,1016.8,0.0,2,7,7,206,18667.3,2006.0,Hot-Humid
2016-07-24 03:00:00,Panther_lodging_Kirk,139.4269,25.0,2.0,22.8,1016.7,0.0,3,7,7,206,18667.3,2006.0,Hot-Humid
2016-07-24 04:00:00,Panther_lodging_Kirk,131.2253,23.9,2.0,22.8,1016.6,0.0,4,7,7,206,18667.3,2006.0,Hot-Humid
2016-07-24 05:00:00,Panther_lodging_Kirk,117.2726,24.4,2.0,22.8,1016.8,0.0,5,7,7,206,18667.3,2006.0,Hot-Humid
2016-07-24 06:00:00,Panther_lodging_Kirk,123.9739,24.4,2.0,22.8,1016.9,0.0,6,7,7,206,18667.3,2006.0,Hot-Humid
2016-07-24 07:00:00,Panther_lodging_Kirk,129.775,25.6,2.0,23.3,1017.1,0.0,7,7,7,206,18667.3,2006.0,Hot-Humid
2016-07-24 08:00:00,Panther_lodging_Kirk,120.8733,27.2,2.0,23.9,1017.9,2.1,8,7,7,206,18667.3,2006.0,Hot-Humid
2016-07-24 09:00:00,Panther_lodging_Kirk,130.9753,28.9,2.0,22.8,1017.9,2.1,9,7,7,206,18667.3,2006.0,Hot-Humid
2016-07-24 10:00:00,Panther_lodging_Kirk,134.92600000000002,30.0,2.0,22.8,1017.8,1.5,10,7,7,206,18667.3,2006.0,Hot-Humid
2016-07-24 11:00:00,Panther_lodging_Kirk,140.5271,32.2,4.0,21.1,1017.7,3.6,11,7,7,206,18667.3,2006.0,Hot-Humid
2016-07-24 12:00:00,Panther_lodging_Kirk,137.2265,32.8,4.0,21.1,1017.6,1.5,12,7,7,206,18667.3,2006.0,Hot-Humid
2016-07-24 13:00:00,Panther_lodging_Kirk,135.3261,33.9,4.0,18.3,1016.9,2.6,13,7,7,206,18667.3,2006.0,Hot-Humid
2016-07-24 14:00:00,Panther_lodging_Kirk,145.278,33.9,4.0,19.4,1016.2,4.1,14,7,7,206,18667.3,2006.0,Hot-Humid
2016-07-24 15:00:00,Panther_lodging_Kirk,151.8793,32.8,4.0,20.6,1015.8,6.2,15,7,7,206,18667.3,2006.0,Hot-Humid
2016-07-24 16:00:00,Panther_lodging_Kirk,143.9778,32.2,4.5,20.6,1015.8,7.2,16,7,7,206,18667.3,2006.0,Hot-Humid
2016-07-24 17:00:00,Panther_lodging_Kirk,149.0288,30.6,5.0,22.2,1016.4,8.2,17,7,7,206,18667.3,2006.0,Hot-Humid
2016-07-24 18:00:00,Panther_lodging_Kirk,149.2788,30.0,5.5,21.1,1016.9,5.7,18,7,7,206,18667.3,2006.0,Hot-Humid
2016-07-24 19:00:00,Panther_lodging_Kirk,161.9313,28.3,6.0,21.7,1017.4,4.1,19,7,7,206,18667.3,2006.0,Hot-Humid
2016-07-24 20:00:00,Panther_lodging_Kirk,167.4323,26.1,4.0,21.1,1017.5,2.6,20,7,7,206,18667.3,2006.0,Hot-Humid
2016-07-24 21:00:00,Panther_lodging_Kirk,164.5318,25.0,2.0,21.1,1017.8,2.6,21,7,7,206,18667.3,2006.0,Hot-Humid
2016-07-24 22:00:00,Panther_lodging_Kirk,155.63,24.4,4.0,21.1,1018.4,1.5,22,7,7,206,18667.3,2006.0,Hot-Humid
2016-07-24 23:00:00,Panther_lodging_Kirk,149.8789,24.4,2.0,21.1,1018.5,2.1,23,7,7,206,18667.3,2006.0,Hot-Humid
2016-07-25 00:00:00,Panther_lodging_Kirk,151.2292,23.9,2.0,21.7,1018.5,1.5,0,1,7,207,18667.3,2006.0,Hot-Humid
2016-07-25 01:00:00,Panther_lodging_Kirk,127.4746,24.4,2.0,21.1,1018.1,1.5,1,1,7,207,18667.3,2006.0,Hot-Humid
2016-07-25 02:00:00,Panther_lodging_Kirk,126.9245,23.9,0.0,21.7,1017.6,1.5,2,1,7,207,18667.3,2006.0,Hot-Humid
2016-07-25 03:00:00,Panther_lodging_Kirk,117.7227,23.9,2.0,21.7,1017.5,0.0,3,1,7,207,18667.3,2006.0,Hot-Humid
2016-07-25 04:00:00,Panther_lodging_Kirk,124.574,23.9,0.0,21.7,1017.4,0.0,4,1,7,207,18667.3,2006.0,Hot-Humid
2016-07-25 05:00:00,Panther_lodging_Kirk,124.8741,23.9,2.0,21.7,1017.4,0.0,5,1,7,207,18667.3,2006.0,Hot-Humid
2016-07-25 06:00:00,Panther_lodging_Kirk,124.7741,23.3,2.0,21.7,1017.8,1.5,6,1,7,207,18667.3,2006.0,Hot-Humid
2016-07-25 07:00:00,Panther_lodging_Kirk,127.1745,25.0,2.0,23.3,1018.2,1.5,7,1,7,207,18667.3,2006.0,Hot-Humid
2016-07-25 08:00:00,Panther_lodging_Kirk,127.8747,27.2,2.0,22.2,1018.8,0.0,8,1,7,207,18667.3,2006.0,Hot-Humid
2016-07-25 09:00:00,Panther_lodging_Kirk,121.2234,28.9,2.0,21.7,1019.1,2.6,9,1,7,207,18667.3,2006.0,Hot-Humid
2016-07-25 10:00:00,Panther_lodging_Kirk,141.0272,30.0,4.0,21.1,1019.0,3.1,10,1,7,207,18667.3,2006.0,Hot-Humid
2016-07-25 11:00:00,Panther_lodging_Kirk,143.8278,30.6,4.0,21.7,1018.8,3.1,11,1,7,207,18667.3,2006.0,Hot-Humid
2016-07-25 12:00:00,Panther_lodging_Kirk,143.9778,32.2,4.0,21.1,1018.3,3.1,12,1,7,207,18667.3,2006.0,Hot-Humid
2016-07-25 13:00:00,Panther_lodging_Kirk,155.68,32.2,6.0,20.0,1017.7,3.1,13,1,7,207,18667.3,2006.0,Hot-Humid
2016-07-25 14:00:00,Panther_lodging_Kirk,144.7279,32.2,4.0,20.6,1017.2,4.1,14,1,7,207,18667.3,2006.0,Hot-Humid
2016-07-25 15:00:00,Panther_lodging_Kirk,152.4794,32.8,4.0,21.1,1016.5,3.1,15,1,7,207,18667.3,2006.0,Hot-Humid
2016-07-25 16:00:00,Panther_lodging_Kirk,165.882,32.8,4.0,21.1,1016.2,3.1,16,1,7,207,18667.3,2006.0,Hot-Humid
2016-07-25 17:00:00,Panther_lodging_Kirk,156.2802,33.3,4.0,18.9,1015.9,4.6,17,1,7,207,18667.3,2006.0,Hot-Humid
2016-07-25 18:00:00,Panther_lodging_Kirk,151.0292,32.8,3.0,19.4,1016.6,3.1,18,1,7,207,18667.3,2006.0,Hot-Humid
2016-07-25 19:00:00,Panther_lodging_Kirk,156.8303,28.9,2.0,21.7,1016.7,4.6,19,1,7,207,18667.3,2006.0,Hot-Humid
2016-07-25 20:00:00,Panther_lodging_Kirk,157.4304,28.3,2.0,22.2,1017.3,4.6,20,1,7,207,18667.3,2006.0,Hot-Humid
2016-07-25 21:00:00,Panther_lodging_Kirk,151.3792,27.2,2.0,22.8,1018.1,3.6,21,1,7,207,18667.3,2006.0,Hot-Humid
2016-07-25 22:00:00,Panther_lodging_Kirk,161.8312,26.7,2.0,21.7,1018.3,3.1,22,1,7,207,18667.3,2006.0,Hot-Humid
2016-07-25 23:00:00,Panther_lodging_Kirk,158.0305,25.6,0.0,22.2,1018.5,1.5,23,1,7,207,18667.3,2006.0,Hot-Humid
2016-07-26 00:00:00,Panther_lodging_Kirk,151.7793,25.6,2.0,22.2,1018.8,0.0,0,2,7,208,18667.3,2006.0,Hot-Humid
2016-07-26 01:00:00,Panther_lodging_Kirk,148.8287,25.6,2.0,22.2,1018.8,0.0,1,2,7,208,18667.3,2006.0,Hot-Humid
2016-07-26 02:00:00,Panther_lodging_Kirk,133.9259,25.0,2.0,22.8,1018.1,0.0,2,2,7,208,18667.3,2006.0,Hot-Humid
2016-07-26 03:00:00,Panther_lodging_Kirk,128.1747,25.0,2.0,22.8,1018.1,0.0,3,2,7,208,18667.3,2006.0,Hot-Humid
2016-07-26 04:00:00,Panther_lodging_Kirk,123.1738,24.4,2.0,22.8,1018.1,0.0,4,2,7,208,18667.3,2006.0,Hot-Humid
2016-07-26 05:00:00,Panther_lodging_Kirk,120.9233,25.0,2.0,22.8,1018.2,1.5,5,2,7,208,18667.3,2006.0,Hot-Humid
2016-07-26 06:00:00,Panther_lodging_Kirk,129.8251,24.4,2.0,22.8,1018.4,0.0,6,2,7,208,18667.3,2006.0,Hot-Humid
2016-07-26 07:00:00,Panther_lodging_Kirk,134.2759,26.1,2.0,23.3,1018.7,0.0,7,2,7,208,18667.3,2006.0,Hot-Humid
2016-07-26 08:00:00,Panther_lodging_Kirk,143.0276,28.3,2.0,22.8,1019.1,1.5,8,2,7,208,18667.3,2006.0,Hot-Humid
2016-07-26 09:00:00,Panther_lodging_Kirk,135.3761,30.6,2.0,21.7,1019.1,3.6,9,2,7,208,18667.3,2006.0,Hot-Humid
2016-07-26 10:00:00,Panther_lodging_Kirk,149.2288,31.1,4.0,22.2,1019.2,3.6,10,2,7,208,18667.3,2006.0,Hot-Humid
2016-07-26 11:00:00,Panther_lodging_Kirk,147.0784,31.7,4.0,22.8,1019.2,3.1,11,2,7,208,18667.3,2006.0,Hot-Humid
2016-07-26 12:00:00,Panther_lodging_Kirk,162.6314,32.2,4.0,22.2,1018.9,0.0,12,2,7,208,18667.3,2006.0,Hot-Humid
2016-07-26 13:00:00,Panther_lodging_Kirk,147.3284,33.3,4.0,21.7,1018.3,3.1,13,2,7,208,18667.3,2006.0,Hot-Humid
2016-07-26 14:00:00,Panther_lodging_Kirk,138.5267,33.9,4.0,21.7,1017.5,3.6,14,2,7,208,18667.3,2006.0,Hot-Humid
2016-07-26 15:00:00,Panther_lodging_Kirk,143.3277,34.4,4.0,21.7,1017.1,2.6,15,2,7,208,18667.3,2006.0,Hot-Humid
2016-07-26 16:00:00,Panther_lodging_Kirk,155.38,34.4,4.0,21.1,1016.3,3.1,16,2,7,208,18667.3,2006.0,Hot-Humid
2016-07-26 17:00:00,Panther_lodging_Kirk,148.7787,34.4,4.0,20.6,1016.1,3.1,17,2,7,208,18667.3,2006.0,Hot-Humid
2016-07-26 18:00:00,Panther_lodging_Kirk,156.7803,31.7,4.0,23.3,1016.2,5.7,18,2,7,208,18667.3,2006.0,Hot-Humid
2016-07-26 19:00:00,Panther_lodging_Kirk,161.2811,30.6,4.0,23.3,1016.8,3.6,19,2,7,208,18667.3,2006.0,Hot-Humid
2016-07-26 20:00:00,Panther_lodging_Kirk,163.0315,29.4,2.0,23.3,1017.3,3.6,20,2,7,208,18667.3,2006.0,Hot-Humid
2016-07-26 21:00:00,Panther_lodging_Kirk,168.9326,28.9,2.0,22.8,1017.9,3.6,21,2,7,208,18667.3,2006.0,Hot-Humid
2016-07-26 22:00:00,Panther_lodging_Kirk,165.5819,27.8,2.0,23.3,1018.4,3.1,22,2,7,208,18667.3,2006.0,Hot-Humid
2016-07-26 23:00:00,Panther_lodging_Kirk,156.5802,27.2,2.0,22.8,1018.8,2.6,23,2,7,208,18667.3,2006.0,Hot-Humid
2016-07-27 00:00:00,Panther_lodging_Kirk,152.1293,26.7,2.0,23.3,1018.9,1.5,0,3,7,209,18667.3,2006.0,Hot-Humid
2016-07-27 01:00:00,Panther_lodging_Kirk,140.7772,26.7,4.0,23.3,1018.8,2.6,1,3,7,209,18667.3,2006.0,Hot-Humid
2016-07-27 02:00:00,Panther_lodging_Kirk,129.725,26.1,4.0,22.8,1018.5,2.1,2,3,7,209,18667.3,2006.0,Hot-Humid
2016-07-27 03:00:00,Panther_lodging_Kirk,122.1236,25.6,2.0,22.8,1018.2,1.5,3,3,7,209,18667.3,2006.0,Hot-Humid
2016-07-27 04:00:00,Panther_lodging_Kirk,117.2726,25.6,2.0,23.3,1018.1,2.1,4,3,7,209,18667.3,2006.0,Hot-Humid
2016-07-27 05:00:00,Panther_lodging_Kirk,119.7231,25.6,2.0,23.3,1018.2,0.0,5,3,7,209,18667.3,2006.0,Hot-Humid
2016-07-27 06:00:00,Panther_lodging_Kirk,122.5737,25.0,2.0,23.3,1018.4,0.0,6,3,7,209,18667.3,2006.0,Hot-Humid
2016-07-27 07:00:00,Panther_lodging_Kirk,128.6248,26.7,0.0,24.4,1018.7,1.5,7,3,7,209,18667.3,2006.0,Hot-Humid
2016-07-27 08:00:00,Panther_lodging_Kirk,124.0239,28.9,0.0,23.9,1019.3,3.1,8,3,7,209,18667.3,2006.0,Hot-Humid
2016-07-27 09:00:00,Panther_lodging_Kirk,128.7748,30.0,4.0,23.9,1019.7,2.1,9,3,7,209,18667.3,2006.0,Hot-Humid
2016-07-27 10:00:00,Panther_lodging_Kirk,140.4271,31.1,2.0,23.3,1019.2,2.1,10,3,7,209,18667.3,2006.0,Hot-Humid
2016-07-27 11:00:00,Panther_lodging_Kirk,133.2757,32.2,4.0,22.2,1019.2,2.1,11,3,7,209,18667.3,2006.0,Hot-Humid
2016-07-27 12:00:00,Panther_lodging_Kirk,138.2767,33.3,4.0,21.1,1019.0,3.6,12,3,7,209,18667.3,2006.0,Hot-Humid
2016-07-27 13:00:00,Panther_lodging_Kirk,142.5275,34.4,2.0,20.0,1018.2,2.1,13,3,7,209,18667.3,2006.0,Hot-Humid
2016-07-27 14:00:00,Panther_lodging_Kirk,153.3296,34.4,2.0,20.0,1017.4,1.5,14,3,7,209,18667.3,2006.0,Hot-Humid
2016-07-27 15:00:00,Panther_lodging_Kirk,149.0788,34.4,4.0,20.6,1017.0,5.1,15,3,7,209,18667.3,2006.0,Hot-Humid
2016-07-27 16:00:00,Panther_lodging_Kirk,161.0311,35.6,4.0,20.0,1016.5,2.6,16,3,7,209,18667.3,2006.0,Hot-Humid
2016-07-27 17:00:00,Panther_lodging_Kirk,151.8293,34.4,2.0,18.9,1016.2,2.6,17,3,7,209,18667.3,2006.0,Hot-Humid
2016-07-27 18:00:00,Panther_lodging_Kirk,170.3329,34.4,2.0,19.4,1016.2,2.1,18,3,7,209,18667.3,2006.0,Hot-Humid
2016-07-27 19:00:00,Panther_lodging_Kirk,166.8322,31.7,4.0,22.8,1016.6,4.6,19,3,7,209,18667.3,2006.0,Hot-Humid
2016-07-27 20:00:00,Panther_lodging_Kirk,165.782,30.0,4.0,22.8,1016.9,4.1,20,3,7,209,18667.3,2006.0,Hot-Humid
2016-07-27 21:00:00,Panther_lodging_Kirk,164.6818,28.9,4.0,22.8,1017.6,4.1,21,3,7,209,18667.3,2006.0,Hot-Humid
2016-07-27 22:00:00,Panther_lodging_Kirk,167.7324,27.8,4.0,22.8,1018.2,2.6,22,3,7,209,18667.3,2006.0,Hot-Humid
2016-07-27 23:00:00,Panther_lodging_Kirk,161.8812,27.2,4.0,22.8,1018.3,3.6,23,3,7,209,18667.3,2006.0,Hot-Humid
2016-07-28 00:00:00,Panther_lodging_Kirk,147.7285,26.7,4.0,23.3,1018.2,2.1,0,4,7,210,18667.3,2006.0,Hot-Humid
2016-07-28 01:00:00,Panther_lodging_Kirk,135.2761,27.2,6.0,23.9,1018.3,3.1,1,4,7,210,18667.3,2006.0,Hot-Humid
2016-07-28 02:00:00,Panther_lodging_Kirk,132.6756,26.1,4.0,23.9,1018.0,2.1,2,4,7,210,18667.3,2006.0,Hot-Humid
2016-07-28 03:00:00,Panther_lodging_Kirk,134.1259,26.1,2.0,23.9,1017.6,0.0,3,4,7,210,18667.3,2006.0,Hot-Humid
2016-07-28 04:00:00,Panther_lodging_Kirk,122.4236,26.1,0.0,23.9,1017.7,0.0,4,4,7,210,18667.3,2006.0,Hot-Humid
2016-07-28 05:00:00,Panther_lodging_Kirk,121.6235,25.6,0.0,23.9,1017.9,1.5,5,4,7,210,18667.3,2006.0,Hot-Humid
2016-07-28 06:00:00,Panther_lodging_Kirk,116.5725,25.0,2.0,23.9,1018.1,2.1,6,4,7,210,18667.3,2006.0,Hot-Humid
2016-07-28 07:00:00,Panther_lodging_Kirk,131.8254,26.1,2.0,24.4,1018.3,2.6,7,4,7,210,18667.3,2006.0,Hot-Humid
2016-07-28 08:00:00,Panther_lodging_Kirk,139.827,28.9,0.0,23.3,1018.7,2.6,8,4,7,210,18667.3,2006.0,Hot-Humid
2016-07-28 09:00:00,Panther_lodging_Kirk,139.2269,30.6,2.0,22.8,1018.5,4.1,9,4,7,210,18667.3,2006.0,Hot-Humid
2016-07-28 10:00:00,Panther_lodging_Kirk,139.1268,31.7,2.0,21.7,1018.6,4.6,10,4,7,210,18667.3,2006.0,Hot-Humid
2016-07-28 11:00:00,Panther_lodging_Kirk,147.7285,32.8,2.0,21.1,1018.3,3.6,11,4,7,210,18667.3,2006.0,Hot-Humid
2016-07-28 12:00:00,Panther_lodging_Kirk,135.5762,33.3,2.0,20.6,1017.9,2.6,12,4,7,210,18667.3,2006.0,Hot-Humid
2016-07-28 13:00:00,Panther_lodging_Kirk,143.0276,33.9,2.0,21.1,1017.3,4.6,13,4,7,210,18667.3,2006.0,Hot-Humid
2016-07-28 14:00:00,Panther_lodging_Kirk,161.4812,35.6,2.0,21.1,1016.7,4.6,14,4,7,210,18667.3,2006.0,Hot-Humid
2016-07-28 15:00:00,Panther_lodging_Kirk,162.7314,35.0,4.0,20.6,1016.4,1.5,15,4,7,210,18667.3,2006.0,Hot-Humid
2016-07-28 16:00:00,Panther_lodging_Kirk,161.1811,35.0,4.0,18.9,1015.9,0.0,16,4,7,210,18667.3,2006.0,Hot-Humid
2016-07-28 17:00:00,Panther_lodging_Kirk,159.6808,35.0,4.0,20.0,1015.7,4.6,17,4,7,210,18667.3,2006.0,Hot-Humid
2016-07-28 18:00:00,Panther_lodging_Kirk,164.6818,34.4,4.0,19.4,1015.7,3.6,18,4,7,210,18667.3,2006.0,Hot-Humid
2016-07-28 19:00:00,Panther_lodging_Kirk,168.5825,31.7,4.0,21.1,1015.8,2.6,19,4,7,210,18667.3,2006.0,Hot-Humid
2016-07-28 20:00:00,Panther_lodging_Kirk,157.1303,30.6,4.0,23.3,1016.2,4.1,20,4,7,210,18667.3,2006.0,Hot-Humid
2016-07-28 21:00:00,Panther_lodging_Kirk,155.73,28.9,0.0,23.3,1016.9,3.6,21,4,7,210,18667.3,2006.0,Hot-Humid
2016-07-28 22:00:00,Panther_lodging_Kirk,156.2802,28.3,2.0,22.2,1017.6,3.1,22,4,7,210,18667.3,2006.0,Hot-Humid
2016-07-28 23:00:00,Panther_lodging_Kirk,145.328,27.8,2.0,22.2,1017.6,4.1,23,4,7,210,18667.3,2006.0,Hot-Humid
2016-07-29 00:00:00,Panther_lodging_Kirk,150.7791,27.8,4.0,21.7,1018.2,2.1,0,5,7,211,18667.3,2006.0,Hot-Humid
2016-07-29 01:00:00,Panther_lodging_Kirk,135.4261,26.7,2.0,22.2,1017.5,1.5,1,5,7,211,18667.3,2006.0,Hot-Humid
2016-07-29 02:00:00,Panther_lodging_Kirk,133.9759,26.1,2.0,22.8,1016.8,0.0,2,5,7,211,18667.3,2006.0,Hot-Humid
2016-07-29 03:00:00,Panther_lodging_Kirk,133.8758,26.1,2.0,23.3,1016.7,0.0,3,5,7,211,18667.3,2006.0,Hot-Humid
2016-07-29 04:00:00,Panther_lodging_Kirk,135.8262,25.0,2.0,23.3,1016.8,1.5,4,5,7,211,18667.3,2006.0,Hot-Humid
2016-07-29 05:00:00,Panther_lodging_Kirk,130.1751,25.0,0.0,23.9,1016.9,1.5,5,5,7,211,18667.3,2006.0,Hot-Humid
2016-07-29 06:00:00,Panther_lodging_Kirk,127.6246,25.6,4.0,23.9,1017.3,0.0,6,5,7,211,18667.3,2006.0,Hot-Humid
2016-07-29 07:00:00,Panther_lodging_Kirk,121.1234,26.1,2.0,24.4,1017.7,1.5,7,5,7,211,18667.3,2006.0,Hot-Humid
2016-07-29 08:00:00,Panther_lodging_Kirk,127.1245,28.3,2.0,24.4,1017.8,2.1,8,5,7,211,18667.3,2006.0,Hot-Humid
2016-07-29 09:00:00,Panther_lodging_Kirk,126.0243,30.6,2.0,23.9,1018.0,0.0,9,5,7,211,18667.3,2006.0,Hot-Humid
2016-07-29 10:00:00,Panther_lodging_Kirk,136.3263,32.2,2.0,23.3,1017.8,2.1,10,5,7,211,18667.3,2006.0,Hot-Humid
2016-07-29 11:00:00,Panther_lodging_Kirk,133.8258,34.4,4.0,21.7,1017.4,1.5,11,5,7,211,18667.3,2006.0,Hot-Humid
2016-07-29 12:00:00,Panther_lodging_Kirk,140.8272,34.4,4.0,21.7,1017.0,2.1,12,5,7,211,18667.3,2006.0,Hot-Humid
2016-07-29 13:00:00,Panther_lodging_Kirk,146.5783,36.1,4.0,20.6,1016.8,3.6,13,5,7,211,18667.3,2006.0,Hot-Humid
2016-07-29 14:00:00,Panther_lodging_Kirk,153.7297,32.8,4.333333333333333,22.2,1016.2,3.6,14,5,7,211,18667.3,2006.0,Hot-Humid
2016-07-29 15:00:00,Panther_lodging_Kirk,155.73,26.1,4.666666666666667,22.2,1016.7,2.1,15,5,7,211,18667.3,2006.0,Hot-Humid
2016-07-29 16:00:00,Panther_lodging_Kirk,157.0303,26.7,5.0,23.9,1017.2,4.1,16,5,7,211,18667.3,2006.0,Hot-Humid
2016-07-29 17:00:00,Panther_lodging_Kirk,153.8297,25.6,5.0,23.3,1016.8,3.6,17,5,7,211,18667.3,2006.0,Hot-Humid
2016-07-29 18:00:00,Panther_lodging_Kirk,148.8787,25.0,5.0,22.8,1017.5,1.5,18,5,7,211,18667.3,2006.0,Hot-Humid
2016-07-29 19:00:00,Panther_lodging_Kirk,155.33,25.0,6.0,23.3,1017.0,4.6,19,5,7,211,18667.3,2006.0,Hot-Humid
2016-07-29 20:00:00,Panther_lodging_Kirk,156.0801,25.6,5.666666666666667,23.9,1016.7,0.0,20,5,7,211,18667.3,2006.0,Hot-Humid
2016-07-29 21:00:00,Panther_lodging_Kirk,156.7302,25.0,5.333333333333333,23.3,1017.0,1.5,21,5,7,211,18667.3,2006.0,Hot-Humid
2016-07-29 22:00:00,Panther_lodging_Kirk,157.4804,25.0,5.0,23.3,1017.5,0.0,22,5,7,211,18667.3,2006.0,Hot-Humid
2016-07-29 23:00:00,Panther_lodging_Kirk,152.3294,25.0,5.0,23.3,1017.4,0.0,23,5,7,211,18667.3,2006.0,Hot-Humid
2016-07-30 00:00:00,Panther_lodging_Kirk,153.5296,25.0,5.0,23.3,1017.2,0.0,0,6,7,212,18667.3,2006.0,Hot-Humid
2016-07-30 01:00:00,Panther_lodging_Kirk,139.1268,23.9,4.0,23.3,1017.1,2.1,1,6,7,212,18667.3,2006.0,Hot-Humid
2016-07-30 02:00:00,Panther_lodging_Kirk,141.0772,24.4,4.0,23.3,1016.6,0.0,2,6,7,212,18667.3,2006.0,Hot-Humid
2016-07-30 03:00:00,Panther_lodging_Kirk,125.0741,23.9,4.0,23.3,1016.4,0.0,3,6,7,212,18667.3,2006.0,Hot-Humid
2016-07-30 04:00:00,Panther_lodging_Kirk,127.1746,24.4,4.0,23.3,1016.2,0.0,4,6,7,212,18667.3,2006.0,Hot-Humid
2016-07-30 05:00:00,Panther_lodging_Kirk,120.6733,24.4,2.0,23.3,1016.3,0.0,5,6,7,212,18667.3,2006.0,Hot-Humid
2016-07-30 06:00:00,Panther_lodging_Kirk,124.574,24.4,2.0,23.3,1017.2,0.0,6,6,7,212,18667.3,2006.0,Hot-Humid
2016-07-30 07:00:00,Panther_lodging_Kirk,125.7743,26.1,2.0,24.4,1017.6,0.0,7,6,7,212,18667.3,2006.0,Hot-Humid
2016-07-30 08:00:00,Panther_lodging_Kirk,128.9749,27.2,2.0,25.0,1018.2,2.1,8,6,7,212,18667.3,2006.0,Hot-Humid
2016-07-30 09:00:00,Panther_lodging_Kirk,132.1255,29.4,2.0,24.4,1018.3,1.5,9,6,7,212,18667.3,2006.0,Hot-Humid
2016-07-30 10:00:00,Panther_lodging_Kirk,132.8256,30.6,4.0,23.9,1018.4,1.5,10,6,7,212,18667.3,2006.0,Hot-Humid
2016-07-30 11:00:00,Panther_lodging_Kirk,132.0755,32.8,4.0,23.3,1018.1,2.1,11,6,7,212,18667.3,2006.0,Hot-Humid
2016-07-30 12:00:00,Panther_lodging_Kirk,135.5261,32.8,4.0,23.9,1017.8,3.1,12,6,7,212,18667.3,2006.0,Hot-Humid
2016-07-30 13:00:00,Panther_lodging_Kirk,148.9287,33.3,4.0,22.2,1017.2,2.6,13,6,7,212,18667.3,2006.0,Hot-Humid
2016-07-30 14:00:00,Panther_lodging_Kirk,146.1782,33.9,4.0,22.2,1016.6,2.6,14,6,7,212,18667.3,2006.0,Hot-Humid
2016-07-30 15:00:00,Panther_lodging_Kirk,153.2796,32.2,4.0,23.3,1015.9,6.2,15,6,7,212,18667.3,2006.0,Hot-Humid
2016-07-30 16:00:00,Panther_lodging_Kirk,153.6296,32.2,4.5,23.3,1015.5,6.7,16,6,7,212,18667.3,2006.0,Hot-Humid
2016-07-30 17:00:00,Panther_lodging_Kirk,161.8812,30.0,5.0,22.8,1016.0,4.1,17,6,7,212,18667.3,2006.0,Hot-Humid
2016-07-30 18:00:00,Panther_lodging_Kirk,161.0311,28.3,5.5,22.8,1016.7,3.1,18,6,7,212,18667.3,2006.0,Hot-Humid
2016-07-30 19:00:00,Panther_lodging_Kirk,153.3296,27.8,6.0,22.2,1017.2,2.1,19,6,7,212,18667.3,2006.0,Hot-Humid
2016-07-30 20:00:00,Panther_lodging_Kirk,157.9305,27.2,5.6,22.2,1017.7,3.1,20,6,7,212,18667.3,2006.0,Hot-Humid
2016-07-30 21:00:00,Panther_lodging_Kirk,150.7791,25.6,5.2,21.1,1017.8,2.6,21,6,7,212,18667.3,2006.0,Hot-Humid
2016-07-30 22:00:00,Panther_lodging_Kirk,145.4781,25.0,4.8,21.7,1018.6,0.0,22,6,7,212,18667.3,2006.0,Hot-Humid
2016-07-30 23:00:00,Panther_lodging_Kirk,145.8281,25.6,4.8,22.8,1018.8,0.0,23,6,7,212,18667.3,2006.0,Hot-Humid
2016-07-31 00:00:00,Panther_lodging_Kirk,141.4773,24.4,4.0,22.8,1017.9,1.5,0,7,7,213,18667.3,2006.0,Hot-Humid
2016-07-31 01:00:00,Panther_lodging_Kirk,153.7297,25.0,2.0,22.8,1017.5,1.5,1,7,7,213,18667.3,2006.0,Hot-Humid
2016-07-31 02:00:00,Panther_lodging_Kirk,149.1288,24.4,0.0,22.8,1016.8,1.5,2,7,7,213,18667.3,2006.0,Hot-Humid
2016-07-31 03:00:00,Panther_lodging_Kirk,132.9257,24.4,0.0,22.8,1016.7,1.5,3,7,7,213,18667.3,2006.0,Hot-Humid
2016-07-31 04:00:00,Panther_lodging_Kirk,132.7756,24.4,0.0,22.8,1016.5,0.0,4,7,7,213,18667.3,2006.0,Hot-Humid
2016-07-31 05:00:00,Panther_lodging_Kirk,134.67600000000002,23.9,2.0,22.8,1016.9,0.0,5,7,7,213,18667.3,2006.0,Hot-Humid
2016-07-31 06:00:00,Panther_lodging_Kirk,128.2747,23.9,2.0,22.8,1017.5,0.0,6,7,7,213,18667.3,2006.0,Hot-Humid
2016-07-31 07:00:00,Panther_lodging_Kirk,119.8731,25.6,2.0,23.9,1018.0,0.0,7,7,7,213,18667.3,2006.0,Hot-Humid
2016-07-31 08:00:00,Panther_lodging_Kirk,129.775,27.8,2.0,23.9,1018.6,2.1,8,7,7,213,18667.3,2006.0,Hot-Humid
2016-07-31 09:00:00,Panther_lodging_Kirk,120.8233,29.4,2.0,22.8,1019.1,3.1,9,7,7,213,18667.3,2006.0,Hot-Humid
2016-07-31 10:00:00,Panther_lodging_Kirk,134.476,31.1,2.0,22.8,1019.0,1.5,10,7,7,213,18667.3,2006.0,Hot-Humid
2016-07-31 11:00:00,Panther_lodging_Kirk,131.8254,30.6,4.0,21.7,1019.4,1.5,11,7,7,213,18667.3,2006.0,Hot-Humid
2016-07-31 12:00:00,Panther_lodging_Kirk,136.8264,32.2,5.0,21.1,1019.0,3.1,12,7,7,213,18667.3,2006.0,Hot-Humid
2016-07-31 13:00:00,Panther_lodging_Kirk,152.2794,32.2,6.0,22.2,1018.5,4.1,13,7,7,213,18667.3,2006.0,Hot-Humid
2016-07-31 14:00:00,Panther_lodging_Kirk,155.73,32.2,5.5,22.8,1018.0,3.1,14,7,7,213,18667.3,2006.0,Hot-Humid
2016-07-31 15:00:00,Panther_lodging_Kirk,156.3302,32.8,5.0,22.2,1017.5,3.1,15,7,7,213,18667.3,2006.0,Hot-Humid
2016-07-31 16:00:00,Panther_lodging_Kirk,166.4821,32.8,4.5,20.6,1016.8,4.6,16,7,7,213,18667.3,2006.0,Hot-Humid
2016-07-31 17:00:00,Panther_lodging_Kirk,163.8316,32.8,4.0,21.7,1016.5,5.1,17,7,7,213,18667.3,2006.0,Hot-Humid
2016-07-31 18:00:00,Panther_lodging_Kirk,164.5318,31.7,4.0,22.8,1017.1,6.2,18,7,7,213,18667.3,2006.0,Hot-Humid
2016-07-31 19:00:00,Panther_lodging_Kirk,163.0315,30.0,2.0,22.8,1017.8,5.1,19,7,7,213,18667.3,2006.0,Hot-Humid
2016-07-31 20:00:00,Panther_lodging_Kirk,164.9818,28.9,2.0,22.2,1018.4,3.1,20,7,7,213,18667.3,2006.0,Hot-Humid
2016-07-31 21:00:00,Panther_lodging_Kirk,158.4806,27.2,2.0,21.7,1019.2,3.1,21,7,7,213,18667.3,2006.0,Hot-Humid
2016-07-31 22:00:00,Panther_lodging_Kirk,166.7322,26.1,2.0,20.6,1020.5,2.6,22,7,7,213,18667.3,2006.0,Hot-Humid
2016-07-31 23:00:00,Panther_lodging_Kirk,157.2303,24.4,0.0,20.6,1020.4,3.1,23,7,7,213,18667.3,2006.0,Hot-Humid
2016-08-01 00:00:00,Panther_lodging_Kirk,150.47899999999996,23.9,0.0,21.1,1020.4,2.1,0,1,8,214,18667.3,2006.0,Hot-Humid
2016-08-01 01:00:00,Panther_lodging_Kirk,135.8262,24.4,4.0,21.1,1020.1,1.5,1,1,8,214,18667.3,2006.0,Hot-Humid
2016-08-01 02:00:00,Panther_lodging_Kirk,130.1751,23.9,2.0,21.7,1019.9,0.0,2,1,8,214,18667.3,2006.0,Hot-Humid
2016-08-01 03:00:00,Panther_lodging_Kirk,126.7745,23.3,0.0,21.7,1019.5,0.0,3,1,8,214,18667.3,2006.0,Hot-Humid
2016-08-01 04:00:00,Panther_lodging_Kirk,116.0224,23.9,4.0,21.7,1019.3,1.5,4,1,8,214,18667.3,2006.0,Hot-Humid
2016-08-01 05:00:00,Panther_lodging_Kirk,124.074,24.4,4.0,22.2,1019.3,2.1,5,1,8,214,18667.3,2006.0,Hot-Humid
2016-08-01 06:00:00,Panther_lodging_Kirk,123.2738,23.9,4.0,21.7,1019.4,1.5,6,1,8,214,18667.3,2006.0,Hot-Humid
2016-08-01 07:00:00,Panther_lodging_Kirk,132.0255,25.6,4.0,22.2,1019.6,2.1,7,1,8,214,18667.3,2006.0,Hot-Humid
2016-08-01 08:00:00,Panther_lodging_Kirk,137.6766,27.8,4.0,23.3,1020.0,2.1,8,1,8,214,18667.3,2006.0,Hot-Humid
2016-08-01 09:00:00,Panther_lodging_Kirk,126.5244,30.0,4.0,23.9,1020.4,4.1,9,1,8,214,18667.3,2006.0,Hot-Humid
2016-08-01 10:00:00,Panther_lodging_Kirk,133.4758,30.0,4.0,22.8,1020.6,3.1,10,1,8,214,18667.3,2006.0,Hot-Humid
2016-08-01 11:00:00,Panther_lodging_Kirk,135.9762,31.7,4.0,22.2,1020.6,2.1,11,1,8,214,18667.3,2006.0,Hot-Humid
2016-08-01 12:00:00,Panther_lodging_Kirk,148.2786,32.8,4.0,21.7,1020.6,2.6,12,1,8,214,18667.3,2006.0,Hot-Humid
2016-08-01 13:00:00,Panther_lodging_Kirk,152.3794,33.9,4.0,20.6,1019.9,4.1,13,1,8,214,18667.3,2006.0,Hot-Humid
2016-08-01 14:00:00,Panther_lodging_Kirk,152.1293,34.4,4.0,21.1,1019.4,3.1,14,1,8,214,18667.3,2006.0,Hot-Humid
2016-08-01 15:00:00,Panther_lodging_Kirk,150.8791,35.0,4.4,21.1,1018.7,5.1,15,1,8,214,18667.3,2006.0,Hot-Humid
2016-08-01 16:00:00,Panther_lodging_Kirk,153.4796,32.8,4.8,20.6,1018.6,6.2,16,1,8,214,18667.3,2006.0,Hot-Humid
2016-08-01 17:00:00,Panther_lodging_Kirk,169.6327,32.2,5.2,21.1,1018.5,6.2,17,1,8,214,18667.3,2006.0,Hot-Humid
2016-08-01 18:00:00,Panther_lodging_Kirk,172.2833,31.1,5.2,21.7,1018.6,3.6,18,1,8,214,18667.3,2006.0,Hot-Humid
2016-08-01 19:00:00,Panther_lodging_Kirk,163.1815,30.0,6.0,22.2,1019.0,3.6,19,1,8,214,18667.3,2006.0,Hot-Humid
2016-08-01 20:00:00,Panther_lodging_Kirk,170.833,28.9,4.0,22.2,1019.1,3.1,20,1,8,214,18667.3,2006.0,Hot-Humid
2016-08-01 21:00:00,Panther_lodging_Kirk,170.2829,27.2,2.0,22.8,1019.7,4.1,21,1,8,214,18667.3,2006.0,Hot-Humid
2016-08-01 22:00:00,Panther_lodging_Kirk,166.1821,26.7,2.0,22.8,1020.2,2.6,22,1,8,214,18667.3,2006.0,Hot-Humid
2016-08-01 23:00:00,Panther_lodging_Kirk,176.134,26.7,2.0,23.3,1020.3,1.5,23,1,8,214,18667.3,2006.0,Hot-Humid
2016-08-02 00:00:00,Panther_lodging_Kirk,169.5327,26.1,2.0,23.3,1020.0,2.6,0,2,8,215,18667.3,2006.0,Hot-Humid
2016-08-02 01:00:00,Panther_lodging_Kirk,151.0792,25.6,4.0,23.3,1019.3,2.1,1,2,8,215,18667.3,2006.0,Hot-Humid
2016-08-02 02:00:00,Panther_lodging_Kirk,142.1274,25.6,0.0,23.3,1018.6,0.0,2,2,8,215,18667.3,2006.0,Hot-Humid
2016-08-02 03:00:00,Panther_lodging_Kirk,124.7741,25.6,0.0,22.8,1018.4,0.0,3,2,8,215,18667.3,2006.0,Hot-Humid
2016-08-02 04:00:00,Panther_lodging_Kirk,129.9251,25.0,0.0,23.3,1018.6,2.6,4,2,8,215,18667.3,2006.0,Hot-Humid
2016-08-02 05:00:00,Panther_lodging_Kirk,124.7241,25.0,2.0,22.8,1018.8,2.1,5,2,8,215,18667.3,2006.0,Hot-Humid
2016-08-02 06:00:00,Panther_lodging_Kirk,131.2753,25.0,4.0,23.3,1019.5,0.0,6,2,8,215,18667.3,2006.0,Hot-Humid
2016-08-02 07:00:00,Panther_lodging_Kirk,134.2759,26.1,4.0,23.3,1019.9,1.5,7,2,8,215,18667.3,2006.0,Hot-Humid
2016-08-02 08:00:00,Panther_lodging_Kirk,146.2282,27.8,4.0,23.9,1020.4,3.1,8,2,8,215,18667.3,2006.0,Hot-Humid
2016-08-02 09:00:00,Panther_lodging_Kirk,128.1747,28.9,4.0,23.9,1020.1,1.5,9,2,8,215,18667.3,2006.0,Hot-Humid
2016-08-02 10:00:00,Panther_lodging_Kirk,135.6762,31.1,4.0,23.3,1020.0,1.5,10,2,8,215,18667.3,2006.0,Hot-Humid
2016-08-02 11:00:00,Panther_lodging_Kirk,142.8776,31.1,4.0,22.2,1020.0,0.0,11,2,8,215,18667.3,2006.0,Hot-Humid
2016-08-02 12:00:00,Panther_lodging_Kirk,137.1765,32.8,4.0,22.2,1019.5,2.6,12,2,8,215,18667.3,2006.0,Hot-Humid
2016-08-02 13:00:00,Panther_lodging_Kirk,145.178,33.3,4.0,21.7,1018.6,0.0,13,2,8,215,18667.3,2006.0,Hot-Humid
2016-08-02 14:00:00,Panther_lodging_Kirk,143.4277,35.0,4.333333333333333,22.2,1017.7,3.6,14,2,8,215,18667.3,2006.0,Hot-Humid
2016-08-02 15:00:00,Panther_lodging_Kirk,157.6304,30.6,4.666666666666667,23.3,1017.6,7.7,15,2,8,215,18667.3,2006.0,Hot-Humid
2016-08-02 16:00:00,Panther_lodging_Kirk,155.8301,28.9,5.0,23.9,1017.0,2.6,16,2,8,215,18667.3,2006.0,Hot-Humid
2016-08-02 17:00:00,Panther_lodging_Kirk,154.4298,31.1,5.0,24.4,1016.7,2.6,17,2,8,215,18667.3,2006.0,Hot-Humid
2016-08-02 18:00:00,Panther_lodging_Kirk,155.73,30.0,5.0,23.9,1016.9,4.1,18,2,8,215,18667.3,2006.0,Hot-Humid
2016-08-02 19:00:00,Panther_lodging_Kirk,154.3298,29.4,6.0,22.8,1017.1,2.1,19,2,8,215,18667.3,2006.0,Hot-Humid
2016-08-02 20:00:00,Panther_lodging_Kirk,171.3831,27.8,5.333333333333333,21.7,1017.4,4.1,20,2,8,215,18667.3,2006.0,Hot-Humid
2016-08-02 21:00:00,Panther_lodging_Kirk,164.4317,27.8,4.666666666666667,22.2,1017.9,0.0,21,2,8,215,18667.3,2006.0,Hot-Humid
2016-08-02 22:00:00,Panther_lodging_Kirk,152.7295,27.2,4.0,22.2,1017.9,2.1,22,2,8,215,18667.3,2006.0,Hot-Humid
2016-08-02 23:00:00,Panther_lodging_Kirk,157.9805,25.0,2.0,22.2,1018.0,1.5,23,2,8,215,18667.3,2006.0,Hot-Humid
2016-08-03 00:00:00,Panther_lodging_Kirk,147.4285,25.0,2.0,22.8,1018.1,2.1,0,3,8,216,18667.3,2006.0,Hot-Humid
2016-08-03 01:00:00,Panther_lodging_Kirk,135.8762,25.6,2.0,22.8,1017.5,2.1,1,3,8,216,18667.3,2006.0,Hot-Humid
2016-08-03 02:00:00,Panther_lodging_Kirk,119.6231,25.0,2.0,22.2,1017.2,1.5,2,3,8,216,18667.3,2006.0,Hot-Humid
2016-08-03 03:00:00,Panther_lodging_Kirk,118.3228,25.0,2.0,22.2,1016.7,1.5,3,3,8,216,18667.3,2006.0,Hot-Humid
2016-08-03 04:00:00,Panther_lodging_Kirk,125.9243,24.4,0.0,22.8,1016.2,1.5,4,3,8,216,18667.3,2006.0,Hot-Humid
2016-08-03 05:00:00,Panther_lodging_Kirk,116.1224,24.4,2.0,22.8,1016.1,0.0,5,3,8,216,18667.3,2006.0,Hot-Humid
2016-08-03 06:00:00,Panther_lodging_Kirk,123.2238,24.4,3.0,22.8,1016.4,0.0,6,3,8,216,18667.3,2006.0,Hot-Humid
2016-08-03 07:00:00,Panther_lodging_Kirk,127.9247,25.6,4.0,22.8,1016.4,1.5,7,3,8,216,18667.3,2006.0,Hot-Humid
2016-08-03 08:00:00,Panther_lodging_Kirk,123.4238,27.2,2.0,22.8,1017.0,1.5,8,3,8,216,18667.3,2006.0,Hot-Humid
2016-08-03 09:00:00,Panther_lodging_Kirk,127.2246,28.3,2.0,22.8,1017.4,2.1,9,3,8,216,18667.3,2006.0,Hot-Humid
2016-08-03 10:00:00,Panther_lodging_Kirk,139.0268,30.0,4.0,22.2,1017.7,1.5,10,3,8,216,18667.3,2006.0,Hot-Humid
2016-08-03 11:00:00,Panther_lodging_Kirk,149.8289,30.6,4.666666666666667,22.8,1018.0,3.1,11,3,8,216,18667.3,2006.0,Hot-Humid
2016-08-03 12:00:00,Panther_lodging_Kirk,138.8768,30.6,5.333333333333333,22.8,1017.5,3.6,12,3,8,216,18667.3,2006.0,Hot-Humid
2016-08-03 13:00:00,Panther_lodging_Kirk,159.8808,32.2,6.0,22.2,1016.7,3.1,13,3,8,216,18667.3,2006.0,Hot-Humid
2016-08-03 14:00:00,Panther_lodging_Kirk,146.1282,31.7,6.0,22.2,1016.1,1.5,14,3,8,216,18667.3,2006.0,Hot-Humid
2016-08-03 15:00:00,Panther_lodging_Kirk,158.6306,27.8,6.0,22.8,1016.0,4.6,15,3,8,216,18667.3,2006.0,Hot-Humid
2016-08-03 16:00:00,Panther_lodging_Kirk,159.1307,30.6,6.0,22.8,1014.8,4.1,16,3,8,216,18667.3,2006.0,Hot-Humid
2016-08-03 17:00:00,Panther_lodging_Kirk,153.5296,31.1,6.0,23.3,1014.9,6.2,17,3,8,216,18667.3,2006.0,Hot-Humid
2016-08-03 18:00:00,Panther_lodging_Kirk,156.5802,29.4,6.0,21.7,1014.9,4.1,18,3,8,216,18667.3,2006.0,Hot-Humid
2016-08-03 19:00:00,Panther_lodging_Kirk,150.029,28.3,6.0,21.7,1015.5,1.5,19,3,8,216,18667.3,2006.0,Hot-Humid
2016-08-03 20:00:00,Panther_lodging_Kirk,165.882,26.7,4.0,21.7,1016.1,4.1,20,3,8,216,18667.3,2006.0,Hot-Humid
2016-08-03 21:00:00,Panther_lodging_Kirk,155.18,26.1,2.0,22.2,1016.3,2.6,21,3,8,216,18667.3,2006.0,Hot-Humid
2016-08-03 22:00:00,Panther_lodging_Kirk,162.2813,25.0,4.0,22.2,1016.6,2.1,22,3,8,216,18667.3,2006.0,Hot-Humid
2016-08-03 23:00:00,Panther_lodging_Kirk,158.8806,25.0,4.0,22.2,1016.7,2.6,23,3,8,216,18667.3,2006.0,Hot-Humid
2016-08-04 00:00:00,Panther_lodging_Kirk,140.8272,24.4,4.0,22.2,1016.1,2.6,0,4,8,217,18667.3,2006.0,Hot-Humid
2016-08-04 01:00:00,Panther_lodging_Kirk,143.8778,24.4,4.0,22.8,1015.6,2.6,1,4,8,217,18667.3,2006.0,Hot-Humid
2016-08-04 02:00:00,Panther_lodging_Kirk,125.7243,23.9,2.0,22.8,1015.4,2.1,2,4,8,217,18667.3,2006.0,Hot-Humid
2016-08-04 03:00:00,Panther_lodging_Kirk,128.4248,23.9,2.0,22.8,1014.9,3.6,3,4,8,217,18667.3,2006.0,Hot-Humid
2016-08-04 04:00:00,Panther_lodging_Kirk,122.7237,23.9,0.0,22.2,1015.1,2.1,4,4,8,217,18667.3,2006.0,Hot-Humid
2016-08-04 05:00:00,Panther_lodging_Kirk,123.5739,23.9,2.0,22.2,1015.5,1.5,5,4,8,217,18667.3,2006.0,Hot-Humid
2016-08-04 06:00:00,Panther_lodging_Kirk,137.7266,23.3,4.0,22.2,1015.9,1.5,6,4,8,217,18667.3,2006.0,Hot-Humid
2016-08-04 07:00:00,Panther_lodging_Kirk,132.0755,25.0,4.0,22.8,1016.4,2.1,7,4,8,217,18667.3,2006.0,Hot-Humid
2016-08-04 08:00:00,Panther_lodging_Kirk,121.3734,27.2,4.0,22.8,1016.7,2.6,8,4,8,217,18667.3,2006.0,Hot-Humid
2016-08-04 09:00:00,Panther_lodging_Kirk,137.7266,29.4,4.0,22.8,1016.9,3.6,9,4,8,217,18667.3,2006.0,Hot-Humid
2016-08-04 10:00:00,Panther_lodging_Kirk,146.0782,30.6,4.0,23.3,1017.5,4.1,10,4,8,217,18667.3,2006.0,Hot-Humid
2016-08-04 11:00:00,Panther_lodging_Kirk,146.3282,31.7,4.0,22.2,1016.8,4.1,11,4,8,217,18667.3,2006.0,Hot-Humid
2016-08-04 12:00:00,Panther_lodging_Kirk,152.2294,31.1,6.0,21.7,1016.4,3.1,12,4,8,217,18667.3,2006.0,Hot-Humid
2016-08-04 13:00:00,Panther_lodging_Kirk,149.5789,25.0,8.0,23.3,1017.6,7.7,13,4,8,217,18667.3,2006.0,Hot-Humid
2016-08-04 14:00:00,Panther_lodging_Kirk,152.9295,25.0,7.666666666666667,23.9,1017.1,1.5,14,4,8,217,18667.3,2006.0,Hot-Humid
2016-08-04 15:00:00,Panther_lodging_Kirk,149.6289,26.1,7.333333333333333,23.9,1017.1,4.1,15,4,8,217,18667.3,2006.0,Hot-Humid
2016-08-04 16:00:00,Panther_lodging_Kirk,154.0297,25.6,7.0,23.3,1016.8,3.6,16,4,8,217,18667.3,2006.0,Hot-Humid
2016-08-04 17:00:00,Panther_lodging_Kirk,160.3809,26.1,7.0,23.3,1015.9,3.6,17,4,8,217,18667.3,2006.0,Hot-Humid
2016-08-04 18:00:00,Panther_lodging_Kirk,167.7324,25.6,7.0,23.3,1015.9,4.1,18,4,8,217,18667.3,2006.0,Hot-Humid
2016-08-04 19:00:00,Panther_lodging_Kirk,158.8306,25.6,6.0,23.3,1016.1,1.5,19,4,8,217,18667.3,2006.0,Hot-Humid
2016-08-04 20:00:00,Panther_lodging_Kirk,159.9809,25.6,5.333333333333333,22.8,1016.0,1.5,20,4,8,217,18667.3,2006.0,Hot-Humid
2016-08-04 21:00:00,Panther_lodging_Kirk,164.2817,25.6,4.666666666666667,23.3,1016.4,0.0,21,4,8,217,18667.3,2006.0,Hot-Humid
2016-08-04 22:00:00,Panther_lodging_Kirk,153.4796,24.4,4.0,22.8,1016.9,1.5,22,4,8,217,18667.3,2006.0,Hot-Humid
2016-08-04 23:00:00,Panther_lodging_Kirk,155.43,24.4,4.0,23.3,1017.0,1.5,23,4,8,217,18667.3,2006.0,Hot-Humid
2016-08-05 00:00:00,Panther_lodging_Kirk,147.3784,24.4,4.0,22.8,1017.0,0.0,0,5,8,218,18667.3,2006.0,Hot-Humid
2016-08-05 01:00:00,Panther_lodging_Kirk,150.079,23.9,2.0,22.8,1016.7,0.0,1,5,8,218,18667.3,2006.0,Hot-Humid
2016-08-05 02:00:00,Panther_lodging_Kirk,135.4761,23.3,4.0,22.8,1015.9,1.5,2,5,8,218,18667.3,2006.0,Hot-Humid
2016-08-05 03:00:00,Panther_lodging_Kirk,131.1753,23.9,2.0,22.8,1015.5,0.0,3,5,8,218,18667.3,2006.0,Hot-Humid
2016-08-05 04:00:00,Panther_lodging_Kirk,114.222,23.9,2.0,22.8,1015.7,2.1,4,5,8,218,18667.3,2006.0,Hot-Humid
2016-08-05 05:00:00,Panther_lodging_Kirk,112.0216,23.9,2.0,22.8,1016.1,2.1,5,5,8,218,18667.3,2006.0,Hot-Humid
2016-08-05 06:00:00,Panther_lodging_Kirk,118.7229,23.9,2.0,22.8,1016.7,2.1,6,5,8,218,18667.3,2006.0,Hot-Humid
2016-08-05 07:00:00,Panther_lodging_Kirk,120.3232,25.0,2.0,23.9,1016.9,1.5,7,5,8,218,18667.3,2006.0,Hot-Humid
2016-08-05 08:00:00,Panther_lodging_Kirk,118.2728,26.7,2.0,23.9,1016.9,3.1,8,5,8,218,18667.3,2006.0,Hot-Humid
2016-08-05 09:00:00,Panther_lodging_Kirk,136.3263,28.9,4.0,23.3,1017.0,4.6,9,5,8,218,18667.3,2006.0,Hot-Humid
2016-08-05 10:00:00,Panther_lodging_Kirk,141.4273,30.0,4.0,21.7,1017.2,5.7,10,5,8,218,18667.3,2006.0,Hot-Humid
2016-08-05 11:00:00,Panther_lodging_Kirk,147.2284,31.1,4.0,22.2,1017.3,3.6,11,5,8,218,18667.3,2006.0,Hot-Humid
2016-08-05 12:00:00,Panther_lodging_Kirk,151.0792,31.7,4.0,21.1,1016.8,4.6,12,5,8,218,18667.3,2006.0,Hot-Humid
2016-08-05 13:00:00,Panther_lodging_Kirk,132.1755,32.8,6.0,21.7,1016.3,4.6,13,5,8,218,18667.3,2006.0,Hot-Humid
2016-08-05 14:00:00,Panther_lodging_Kirk,139.0268,33.3,4.0,21.1,1015.6,6.2,14,5,8,218,18667.3,2006.0,Hot-Humid
2016-08-05 15:00:00,Panther_lodging_Kirk,148.0786,33.3,4.4,20.6,1015.4,4.1,15,5,8,218,18667.3,2006.0,Hot-Humid
2016-08-05 16:00:00,Panther_lodging_Kirk,157.4804,29.4,4.8,22.2,1015.6,9.3,16,5,8,218,18667.3,2006.0,Hot-Humid
2016-08-05 17:00:00,Panther_lodging_Kirk,152.0294,27.8,5.2,22.2,1015.8,4.6,17,5,8,218,18667.3,2006.0,Hot-Humid
2016-08-05 18:00:00,Panther_lodging_Kirk,162.4313,27.2,5.2,23.3,1015.1,3.1,18,5,8,218,18667.3,2006.0,Hot-Humid
2016-08-05 19:00:00,Panther_lodging_Kirk,149.4288,26.7,6.0,22.2,1015.7,2.6,19,5,8,218,18667.3,2006.0,Hot-Humid
2016-08-05 20:00:00,Panther_lodging_Kirk,150.47899999999996,26.1,6.0,22.2,1015.8,0.0,20,5,8,218,18667.3,2006.0,Hot-Humid
2016-08-05 21:00:00,Panther_lodging_Kirk,147.3784,25.0,6.0,22.8,1016.4,1.5,21,5,8,218,18667.3,2006.0,Hot-Humid
2016-08-05 22:00:00,Panther_lodging_Kirk,144.1778,25.6,6.0,22.2,1016.5,0.0,22,5,8,218,18667.3,2006.0,Hot-Humid
2016-08-05 23:00:00,Panther_lodging_Kirk,143.9278,25.6,6.0,22.2,1016.6,0.0,23,5,8,218,18667.3,2006.0,Hot-Humid
2016-08-06 00:00:00,Panther_lodging_Kirk,141.0772,25.0,6.0,22.8,1016.4,0.0,0,6,8,219,18667.3,2006.0,Hot-Humid
2016-08-06 01:00:00,Panther_lodging_Kirk,141.4273,24.4,6.0,22.8,1016.1,2.1,1,6,8,219,18667.3,2006.0,Hot-Humid
2016-08-06 02:00:00,Panther_lodging_Kirk,129.725,24.4,6.333333333333333,22.8,1015.7,0.0,2,6,8,219,18667.3,2006.0,Hot-Humid
2016-08-06 03:00:00,Panther_lodging_Kirk,128.0747,24.4,6.666666666666667,22.8,1015.4,0.0,3,6,8,219,18667.3,2006.0,Hot-Humid
2016-08-06 04:00:00,Panther_lodging_Kirk,115.2722,24.4,7.0,22.8,1015.2,0.0,4,6,8,219,18667.3,2006.0,Hot-Humid
2016-08-06 05:00:00,Panther_lodging_Kirk,124.474,24.4,7.0,22.8,1015.3,1.5,5,6,8,219,18667.3,2006.0,Hot-Humid
2016-08-06 06:00:00,Panther_lodging_Kirk,111.0214,24.4,7.0,22.8,1015.7,1.5,6,6,8,219,18667.3,2006.0,Hot-Humid
2016-08-06 07:00:00,Panther_lodging_Kirk,111.1214,25.0,8.0,23.9,1016.2,2.6,7,6,8,219,18667.3,2006.0,Hot-Humid
2016-08-06 08:00:00,Panther_lodging_Kirk,119.273,26.7,8.0,23.9,1016.3,4.1,8,6,8,219,18667.3,2006.0,Hot-Humid
2016-08-06 09:00:00,Panther_lodging_Kirk,132.4756,28.3,8.0,23.3,1016.4,3.6,9,6,8,219,18667.3,2006.0,Hot-Humid
2016-08-06 10:00:00,Panther_lodging_Kirk,133.6258,30.6,8.0,23.9,1016.2,5.1,10,6,8,219,18667.3,2006.0,Hot-Humid
2016-08-06 11:00:00,Panther_lodging_Kirk,146.1282,31.1,8.0,22.8,1016.0,6.7,11,6,8,219,18667.3,2006.0,Hot-Humid
2016-08-06 12:00:00,Panther_lodging_Kirk,138.5767,32.2,8.0,22.8,1015.7,5.1,12,6,8,219,18667.3,2006.0,Hot-Humid
2016-08-06 13:00:00,Panther_lodging_Kirk,142.2775,31.7,8.0,22.2,1015.5,6.2,13,6,8,219,18667.3,2006.0,Hot-Humid
2016-08-06 14:00:00,Panther_lodging_Kirk,145.8781,31.7,7.666666666666667,21.1,1014.7,5.7,14,6,8,219,18667.3,2006.0,Hot-Humid
2016-08-06 15:00:00,Panther_lodging_Kirk,140.2771,31.7,7.333333333333333,22.2,1014.5,4.1,15,6,8,219,18667.3,2006.0,Hot-Humid
2016-08-06 16:00:00,Panther_lodging_Kirk,133.1257,31.1,7.0,22.2,1014.5,4.6,16,6,8,219,18667.3,2006.0,Hot-Humid
2016-08-06 17:00:00,Panther_lodging_Kirk,139.6269,28.3,7.0,20.6,1014.9,5.7,17,6,8,219,18667.3,2006.0,Hot-Humid
2016-08-06 18:00:00,Panther_lodging_Kirk,143.3277,27.2,7.0,21.7,1014.6,4.6,18,6,8,219,18667.3,2006.0,Hot-Humid
2016-08-06 19:00:00,Panther_lodging_Kirk,131.3253,26.7,6.0,21.7,1014.4,1.5,19,6,8,219,18667.3,2006.0,Hot-Humid
2016-08-06 20:00:00,Panther_lodging_Kirk,131.4254,26.1,6.333333333333333,21.7,1014.5,0.0,20,6,8,219,18667.3,2006.0,Hot-Humid
2016-08-06 21:00:00,Panther_lodging_Kirk,136.2763,25.0,6.666666666666667,22.2,1015.0,2.1,21,6,8,219,18667.3,2006.0,Hot-Humid
2016-08-06 22:00:00,Panther_lodging_Kirk,128.9749,24.4,7.0,22.2,1015.6,2.1,22,6,8,219,18667.3,2006.0,Hot-Humid
2016-08-06 23:00:00,Panther_lodging_Kirk,129.8751,24.4,7.0,22.2,1015.2,1.5,23,6,8,219,18667.3,2006.0,Hot-Humid
2016-08-07 00:00:00,Panther_lodging_Kirk,126.9245,23.9,7.0,22.2,1015.2,1.5,0,7,8,220,18667.3,2006.0,Hot-Humid
2016-08-07 01:00:00,Panther_lodging_Kirk,117.4727,24.4,8.0,22.8,1014.8,2.6,1,7,8,220,18667.3,2006.0,Hot-Humid
2016-08-07 02:00:00,Panther_lodging_Kirk,109.0711,25.0,7.666666666666667,23.3,1014.3,3.1,2,7,8,220,18667.3,2006.0,Hot-Humid
2016-08-07 03:00:00,Panther_lodging_Kirk,116.5725,25.0,7.333333333333333,23.3,1014.0,3.6,3,7,8,220,18667.3,2006.0,Hot-Humid
2016-08-07 04:00:00,Panther_lodging_Kirk,123.3738,24.4,7.0,23.3,1014.0,3.1,4,7,8,220,18667.3,2006.0,Hot-Humid
2016-08-07 05:00:00,Panther_lodging_Kirk,115.6723,24.4,7.0,23.3,1014.2,3.1,5,7,8,220,18667.3,2006.0,Hot-Humid
2016-08-07 06:00:00,Panther_lodging_Kirk,120.7233,25.0,7.0,23.3,1014.5,3.1,6,7,8,220,18667.3,2006.0,Hot-Humid
2016-08-07 07:00:00,Panther_lodging_Kirk,125.8243,26.1,6.0,23.9,1014.8,4.6,7,7,8,220,18667.3,2006.0,Hot-Humid
2016-08-07 08:00:00,Panther_lodging_Kirk,121.4734,26.7,6.333333333333333,24.4,1014.9,4.1,8,7,8,220,18667.3,2006.0,Hot-Humid
2016-08-07 09:00:00,Panther_lodging_Kirk,117.1726,27.8,6.666666666666667,24.4,1015.0,5.1,9,7,8,220,18667.3,2006.0,Hot-Humid
2016-08-07 10:00:00,Panther_lodging_Kirk,115.1722,30.6,7.0,23.3,1014.4,7.7,10,7,8,220,18667.3,2006.0,Hot-Humid
2016-08-07 11:00:00,Panther_lodging_Kirk,113.4219,32.2,7.0,22.2,1014.6,7.2,11,7,8,220,18667.3,2006.0,Hot-Humid
2016-08-07 12:00:00,Panther_lodging_Kirk,108.0208,25.6,7.0,22.2,1015.4,5.7,12,7,8,220,18667.3,2006.0,Hot-Humid
2016-08-07 13:00:00,Panther_lodging_Kirk,126.3244,24.4,8.0,22.8,1015.8,4.6,13,7,8,220,18667.3,2006.0,Hot-Humid
2016-08-07 14:00:00,Panther_lodging_Kirk,122.1236,25.6,7.666666666666667,22.2,1015.1,4.6,14,7,8,220,18667.3,2006.0,Hot-Humid
2016-08-07 15:00:00,Panther_lodging_Kirk,116.4725,27.2,7.333333333333333,22.8,1014.3,3.6,15,7,8,220,18667.3,2006.0,Hot-Humid
2016-08-07 16:00:00,Panther_lodging_Kirk,119.023,29.4,7.0,22.2,1013.9,6.7,16,7,8,220,18667.3,2006.0,Hot-Humid
2016-08-07 17:00:00,Panther_lodging_Kirk,129.9751,28.9,7.0,21.1,1013.1,5.1,17,7,8,220,18667.3,2006.0,Hot-Humid
2016-08-07 18:00:00,Panther_lodging_Kirk,130.6252,28.3,7.0,21.7,1013.4,5.7,18,7,8,220,18667.3,2006.0,Hot-Humid
2016-08-07 19:00:00,Panther_lodging_Kirk,130.0251,27.2,6.0,20.6,1013.9,5.1,19,7,8,220,18667.3,2006.0,Hot-Humid
2016-08-07 20:00:00,Panther_lodging_Kirk,132.2755,26.1,5.6,20.6,1014.9,4.6,20,7,8,220,18667.3,2006.0,Hot-Humid
2016-08-07 21:00:00,Panther_lodging_Kirk,130.5252,26.1,5.2,21.7,1014.9,6.7,21,7,8,220,18667.3,2006.0,Hot-Humid
2016-08-07 22:00:00,Panther_lodging_Kirk,123.7739,25.6,4.8,21.1,1014.4,4.1,22,7,8,220,18667.3,2006.0,Hot-Humid
2016-08-07 23:00:00,Panther_lodging_Kirk,105.6704,25.0,4.8,21.7,1014.6,3.6,23,7,8,220,18667.3,2006.0,Hot-Humid
2016-08-08 00:00:00,Panther_lodging_Kirk,111.3715,23.9,4.0,21.7,1014.6,3.1,0,1,8,221,18667.3,2006.0,Hot-Humid
2016-08-08 01:00:00,Panther_lodging_Kirk,114.222,23.9,6.0,21.7,1014.5,2.6,1,1,8,221,18667.3,2006.0,Hot-Humid
2016-08-08 02:00:00,Panther_lodging_Kirk,115.2222,24.4,6.0,22.2,1014.2,3.6,2,1,8,221,18667.3,2006.0,Hot-Humid
2016-08-08 03:00:00,Panther_lodging_Kirk,115.9724,23.9,6.0,22.2,1013.9,2.6,3,1,8,221,18667.3,2006.0,Hot-Humid
2016-08-08 04:00:00,Panther_lodging_Kirk,104.0201,23.9,6.0,21.7,1013.7,3.6,4,1,8,221,18667.3,2006.0,Hot-Humid
2016-08-08 05:00:00,Panther_lodging_Kirk,107.8708,24.4,6.0,22.2,1014.0,3.1,5,1,8,221,18667.3,2006.0,Hot-Humid
2016-08-08 06:00:00,Panther_lodging_Kirk,117.3726,24.4,6.0,22.8,1014.4,1.5,6,1,8,221,18667.3,2006.0,Hot-Humid
2016-08-08 07:00:00,Panther_lodging_Kirk,116.8226,24.4,6.0,22.8,1014.8,2.6,7,1,8,221,18667.3,2006.0,Hot-Humid
2016-08-08 08:00:00,Panther_lodging_Kirk,111.0714,25.6,6.0,22.8,1015.5,3.1,8,1,8,221,18667.3,2006.0,Hot-Humid
2016-08-08 09:00:00,Panther_lodging_Kirk,130.1751,26.7,6.0,23.3,1015.5,3.6,9,1,8,221,18667.3,2006.0,Hot-Humid
2016-08-08 10:00:00,Panther_lodging_Kirk,112.3217,28.3,6.0,23.9,1015.2,4.6,10,1,8,221,18667.3,2006.0,Hot-Humid
2016-08-08 11:00:00,Panther_lodging_Kirk,120.5733,25.0,6.0,22.8,1015.3,3.6,11,1,8,221,18667.3,2006.0,Hot-Humid
2016-08-08 12:00:00,Panther_lodging_Kirk,117.5227,24.4,6.0,22.8,1015.8,2.1,12,1,8,221,18667.3,2006.0,Hot-Humid
2016-08-08 13:00:00,Panther_lodging_Kirk,106.5206,25.0,6.0,23.3,1015.9,4.1,13,1,8,221,18667.3,2006.0,Hot-Humid
2016-08-08 14:00:00,Panther_lodging_Kirk,123.3238,25.0,6.0,23.3,1015.2,3.6,14,1,8,221,18667.3,2006.0,Hot-Humid
2016-08-08 15:00:00,Panther_lodging_Kirk,124.324,25.6,6.0,23.3,1014.7,6.2,15,1,8,221,18667.3,2006.0,Hot-Humid
2016-08-08 16:00:00,Panther_lodging_Kirk,114.5221,26.7,6.0,23.3,1014.8,4.6,16,1,8,221,18667.3,2006.0,Hot-Humid
2016-08-08 17:00:00,Panther_lodging_Kirk,118.5729,26.1,6.0,22.8,1014.9,4.1,17,1,8,221,18667.3,2006.0,Hot-Humid
2016-08-08 18:00:00,Panther_lodging_Kirk,114.122,26.7,6.0,22.8,1014.6,6.2,18,1,8,221,18667.3,2006.0,Hot-Humid
2016-08-08 19:00:00,Panther_lodging_Kirk,114.122,25.0,6.0,22.2,1014.7,4.6,19,1,8,221,18667.3,2006.0,Hot-Humid
2016-08-08 20:00:00,Panther_lodging_Kirk,126.1743,24.4,6.0,22.2,1014.7,3.1,20,1,8,221,18667.3,2006.0,Hot-Humid
2016-08-08 21:00:00,Panther_lodging_Kirk,122.4736,24.4,6.0,22.8,1015.3,4.1,21,1,8,221,18667.3,2006.0,Hot-Humid
2016-08-08 22:00:00,Panther_lodging_Kirk,130.3752,24.4,6.0,22.8,1016.0,3.6,22,1,8,221,18667.3,2006.0,Hot-Humid
2016-08-08 23:00:00,Panther_lodging_Kirk,118.6229,24.4,6.0,22.8,1016.1,3.1,23,1,8,221,18667.3,2006.0,Hot-Humid
2016-08-09 00:00:00,Panther_lodging_Kirk,112.6717,24.4,6.0,22.8,1016.4,3.6,0,2,8,222,18667.3,2006.0,Hot-Humid
2016-08-09 01:00:00,Panther_lodging_Kirk,129.1249,24.4,6.0,22.2,1016.2,4.1,1,2,8,222,18667.3,2006.0,Hot-Humid
2016-08-09 02:00:00,Panther_lodging_Kirk,117.9728,24.4,5.0,22.2,1015.9,2.6,2,2,8,222,18667.3,2006.0,Hot-Humid
2016-08-09 03:00:00,Panther_lodging_Kirk,125.6242,23.9,4.0,22.2,1015.2,2.6,3,2,8,222,18667.3,2006.0,Hot-Humid
2016-08-09 04:00:00,Panther_lodging_Kirk,114.7221,23.9,5.0,21.7,1015.2,2.1,4,2,8,222,18667.3,2006.0,Hot-Humid
2016-08-09 05:00:00,Panther_lodging_Kirk,120.6733,24.4,6.0,21.7,1015.4,0.0,5,2,8,222,18667.3,2006.0,Hot-Humid
2016-08-09 06:00:00,Panther_lodging_Kirk,132.2755,24.4,7.0,22.8,1016.1,0.0,6,2,8,222,18667.3,2006.0,Hot-Humid
2016-08-09 07:00:00,Panther_lodging_Kirk,118.6229,24.4,8.0,22.8,1016.7,1.5,7,2,8,222,18667.3,2006.0,Hot-Humid
2016-08-09 08:00:00,Panther_lodging_Kirk,116.7225,25.6,7.666666666666667,23.9,1017.1,3.6,8,2,8,222,18667.3,2006.0,Hot-Humid
2016-08-09 09:00:00,Panther_lodging_Kirk,106.4205,26.1,7.333333333333333,23.9,1017.7,2.6,9,2,8,222,18667.3,2006.0,Hot-Humid
2016-08-09 10:00:00,Panther_lodging_Kirk,110.2213,27.2,7.0,23.9,1018.0,4.6,10,2,8,222,18667.3,2006.0,Hot-Humid
2016-08-09 11:00:00,Panther_lodging_Kirk,112.1716,29.4,7.0,23.9,1018.3,3.1,11,2,8,222,18667.3,2006.0,Hot-Humid
2016-08-09 12:00:00,Panther_lodging_Kirk,111.7216,30.0,7.0,23.3,1017.8,4.6,12,2,8,222,18667.3,2006.0,Hot-Humid
2016-08-09 13:00:00,Panther_lodging_Kirk,120.3232,31.1,6.0,22.8,1017.2,4.1,13,2,8,222,18667.3,2006.0,Hot-Humid
2016-08-09 14:00:00,Panther_lodging_Kirk,125.5742,31.7,6.333333333333333,21.7,1016.9,5.1,14,2,8,222,18667.3,2006.0,Hot-Humid
2016-08-09 15:00:00,Panther_lodging_Kirk,131.2753,28.3,6.666666666666667,21.1,1016.8,10.8,15,2,8,222,18667.3,2006.0,Hot-Humid
2016-08-09 16:00:00,Panther_lodging_Kirk,136.6264,26.1,7.0,22.2,1016.3,2.1,16,2,8,222,18667.3,2006.0,Hot-Humid
2016-08-09 17:00:00,Panther_lodging_Kirk,129.2249,27.8,7.0,22.8,1016.8,2.1,17,2,8,222,18667.3,2006.0,Hot-Humid
2016-08-09 18:00:00,Panther_lodging_Kirk,136.2263,26.7,7.0,23.3,1018.2,4.6,18,2,8,222,18667.3,2006.0,Hot-Humid
2016-08-09 19:00:00,Panther_lodging_Kirk,118.2728,25.0,8.0,22.8,1018.5,3.6,19,2,8,222,18667.3,2006.0,Hot-Humid
2016-08-09 20:00:00,Panther_lodging_Kirk,137.8766,23.9,8.0,22.2,1018.7,4.1,20,2,8,222,18667.3,2006.0,Hot-Humid
2016-08-09 21:00:00,Panther_lodging_Kirk,136.3263,23.9,8.0,22.8,1019.5,5.7,21,2,8,222,18667.3,2006.0,Hot-Humid
2016-08-09 22:00:00,Panther_lodging_Kirk,114.7221,23.9,8.0,22.2,1019.6,3.6,22,2,8,222,18667.3,2006.0,Hot-Humid
2016-08-09 23:00:00,Panther_lodging_Kirk,127.4746,23.9,8.0,22.8,1019.0,1.5,23,2,8,222,18667.3,2006.0,Hot-Humid
2016-08-10 00:00:00,Panther_lodging_Kirk,115.8724,23.9,8.0,22.8,1018.8,2.6,0,3,8,223,18667.3,2006.0,Hot-Humid
2016-08-10 01:00:00,Panther_lodging_Kirk,119.373,23.9,8.0,22.8,1018.1,2.6,1,3,8,223,18667.3,2006.0,Hot-Humid
2016-08-10 02:00:00,Panther_lodging_Kirk,112.9218,23.9,7.2,22.8,1018.3,2.6,2,3,8,223,18667.3,2006.0,Hot-Humid
2016-08-10 03:00:00,Panther_lodging_Kirk,112.7218,23.9,6.4,22.8,1018.0,1.5,3,3,8,223,18667.3,2006.0,Hot-Humid
2016-08-10 04:00:00,Panther_lodging_Kirk,120.1732,23.9,5.6,22.8,1018.0,2.1,4,3,8,223,18667.3,2006.0,Hot-Humid
2016-08-10 05:00:00,Panther_lodging_Kirk,117.5227,23.9,5.6,22.8,1017.7,1.5,5,3,8,223,18667.3,2006.0,Hot-Humid
2016-08-10 06:00:00,Panther_lodging_Kirk,132.6256,23.9,4.0,22.2,1018.4,3.1,6,3,8,223,18667.3,2006.0,Hot-Humid
2016-08-10 07:00:00,Panther_lodging_Kirk,119.5231,24.4,4.0,22.8,1019.1,1.5,7,3,8,223,18667.3,2006.0,Hot-Humid
2016-08-10 08:00:00,Panther_lodging_Kirk,125.0241,26.7,4.0,23.3,1019.7,3.6,8,3,8,223,18667.3,2006.0,Hot-Humid
2016-08-10 09:00:00,Panther_lodging_Kirk,121.0734,27.8,4.4,23.3,1020.0,2.1,9,3,8,223,18667.3,2006.0,Hot-Humid
2016-08-10 10:00:00,Panther_lodging_Kirk,115.4723,29.4,4.8,24.4,1020.4,2.1,10,3,8,223,18667.3,2006.0,Hot-Humid
2016-08-10 11:00:00,Panther_lodging_Kirk,136.7264,30.6,5.2,24.4,1020.4,3.1,11,3,8,223,18667.3,2006.0,Hot-Humid
2016-08-10 12:00:00,Panther_lodging_Kirk,123.5739,31.1,5.2,23.9,1020.0,5.7,12,3,8,223,18667.3,2006.0,Hot-Humid
2016-08-10 13:00:00,Panther_lodging_Kirk,128.2247,31.1,6.0,22.2,1019.3,2.6,13,3,8,223,18667.3,2006.0,Hot-Humid
2016-08-10 14:00:00,Panther_lodging_Kirk,131.8254,26.1,6.0,22.8,1019.4,10.3,14,3,8,223,18667.3,2006.0,Hot-Humid
2016-08-10 15:00:00,Panther_lodging_Kirk,130.8253,26.1,6.0,23.9,1019.5,5.7,15,3,8,223,18667.3,2006.0,Hot-Humid
2016-08-10 16:00:00,Panther_lodging_Kirk,130.8753,26.1,6.0,23.9,1019.5,3.6,16,3,8,223,18667.3,2006.0,Hot-Humid
2016-08-10 17:00:00,Panther_lodging_Kirk,125.0741,26.7,6.0,23.9,1018.3,3.1,17,3,8,223,18667.3,2006.0,Hot-Humid
2016-08-10 18:00:00,Panther_lodging_Kirk,127.2246,27.8,6.0,23.9,1017.9,2.1,18,3,8,223,18667.3,2006.0,Hot-Humid
2016-08-10 19:00:00,Panther_lodging_Kirk,120.0232,27.2,6.0,23.9,1019.0,1.5,19,3,8,223,18667.3,2006.0,Hot-Humid
2016-08-10 20:00:00,Panther_lodging_Kirk,129.525,26.7,6.333333333333333,24.4,1019.4,0.0,20,3,8,223,18667.3,2006.0,Hot-Humid
2016-08-10 21:00:00,Panther_lodging_Kirk,134.3259,27.2,6.666666666666667,23.9,1020.5,4.6,21,3,8,223,18667.3,2006.0,Hot-Humid
2016-08-10 22:00:00,Panther_lodging_Kirk,131.0753,25.6,7.0,23.3,1020.5,2.6,22,3,8,223,18667.3,2006.0,Hot-Humid
2016-08-10 23:00:00,Panther_lodging_Kirk,136.9264,25.0,7.0,23.3,1020.2,2.6,23,3,8,223,18667.3,2006.0,Hot-Humid
2016-08-11 00:00:00,Panther_lodging_Kirk,122.4236,25.0,7.0,23.3,1019.6,1.5,0,4,8,224,18667.3,2006.0,Hot-Humid
2016-08-11 01:00:00,Panther_lodging_Kirk,121.3734,24.4,8.0,23.3,1018.8,1.5,1,4,8,224,18667.3,2006.0,Hot-Humid
2016-08-11 02:00:00,Panther_lodging_Kirk,125.3742,24.4,4.0,22.8,1018.3,0.0,2,4,8,224,18667.3,2006.0,Hot-Humid
2016-08-11 03:00:00,Panther_lodging_Kirk,119.5731,24.4,4.0,22.8,1017.9,2.1,3,4,8,224,18667.3,2006.0,Hot-Humid
2016-08-11 04:00:00,Panther_lodging_Kirk,137.1265,24.4,2.0,23.3,1018.2,1.5,4,4,8,224,18667.3,2006.0,Hot-Humid
2016-08-11 05:00:00,Panther_lodging_Kirk,132.0255,24.4,2.0,23.3,1017.7,2.1,5,4,8,224,18667.3,2006.0,Hot-Humid
2016-08-11 06:00:00,Panther_lodging_Kirk,131.0253,24.4,4.0,23.3,1018.5,0.0,6,4,8,224,18667.3,2006.0,Hot-Humid
2016-08-11 07:00:00,Panther_lodging_Kirk,130.4752,25.0,6.0,23.3,1019.2,0.0,7,4,8,224,18667.3,2006.0,Hot-Humid
2016-08-11 08:00:00,Panther_lodging_Kirk,123.4238,26.1,5.0,23.9,1019.7,1.5,8,4,8,224,18667.3,2006.0,Hot-Humid
2016-08-11 09:00:00,Panther_lodging_Kirk,124.324,28.3,4.0,23.9,1019.8,0.0,9,4,8,224,18667.3,2006.0,Hot-Humid
2016-08-11 10:00:00,Panther_lodging_Kirk,138.1266,29.4,4.0,23.9,1019.7,2.1,10,4,8,224,18667.3,2006.0,Hot-Humid
2016-08-11 11:00:00,Panther_lodging_Kirk,135.1761,31.1,4.0,23.9,1019.7,2.6,11,4,8,224,18667.3,2006.0,Hot-Humid
2016-08-11 12:00:00,Panther_lodging_Kirk,136.7264,32.2,4.0,23.3,1018.8,4.1,12,4,8,224,18667.3,2006.0,Hot-Humid
2016-08-11 13:00:00,Panther_lodging_Kirk,143.3777,32.8,4.0,22.2,1017.9,3.6,13,4,8,224,18667.3,2006.0,Hot-Humid
2016-08-11 14:00:00,Panther_lodging_Kirk,133.2757,32.2,4.333333333333333,22.2,1017.2,3.1,14,4,8,224,18667.3,2006.0,Hot-Humid
2016-08-11 15:00:00,Panther_lodging_Kirk,128.2247,32.8,4.666666666666667,22.8,1016.1,4.6,15,4,8,224,18667.3,2006.0,Hot-Humid
2016-08-11 16:00:00,Panther_lodging_Kirk,128.7748,31.7,5.0,23.3,1016.0,7.7,16,4,8,224,18667.3,2006.0,Hot-Humid
2016-08-11 17:00:00,Panther_lodging_Kirk,130.4252,27.2,5.0,22.2,1016.3,3.1,17,4,8,224,18667.3,2006.0,Hot-Humid
2016-08-11 18:00:00,Panther_lodging_Kirk,110.1713,27.8,5.0,22.8,1016.8,2.1,18,4,8,224,18667.3,2006.0,Hot-Humid
2016-08-11 19:00:00,Panther_lodging_Kirk,104.6202,26.1,6.0,22.8,1017.4,3.6,19,4,8,224,18667.3,2006.0,Hot-Humid
2016-08-11 20:00:00,Panther_lodging_Kirk,102.9699,26.7,6.0,22.8,1017.4,0.0,20,4,8,224,18667.3,2006.0,Hot-Humid
2016-08-11 21:00:00,Panther_lodging_Kirk,108.1709,26.1,6.0,23.3,1018.1,0.0,21,4,8,224,18667.3,2006.0,Hot-Humid
2016-08-11 22:00:00,Panther_lodging_Kirk,107.8708,26.7,6.0,22.8,1018.1,0.0,22,4,8,224,18667.3,2006.0,Hot-Humid
2016-08-11 23:00:00,Panther_lodging_Kirk,108.721,26.7,6.0,23.3,1018.5,1.5,23,4,8,224,18667.3,2006.0,Hot-Humid
2016-08-12 00:00:00,Panther_lodging_Kirk,106.2705,26.7,6.0,23.3,1018.4,0.0,0,5,8,225,18667.3,2006.0,Hot-Humid
2016-08-12 01:00:00,Panther_lodging_Kirk,108.771,25.0,6.0,23.3,1017.9,0.0,1,5,8,225,18667.3,2006.0,Hot-Humid
2016-08-12 02:00:00,Panther_lodging_Kirk,105.9204,25.6,4.0,23.9,1017.2,0.0,2,5,8,225,18667.3,2006.0,Hot-Humid
2016-08-12 03:00:00,Panther_lodging_Kirk,106.6206,25.0,2.0,23.3,1016.0,1.5,3,5,8,225,18667.3,2006.0,Hot-Humid
2016-08-12 04:00:00,Panther_lodging_Kirk,111.4715,24.4,2.0,23.3,1016.0,1.5,4,5,8,225,18667.3,2006.0,Hot-Humid
2016-08-12 05:00:00,Panther_lodging_Kirk,106.8206,24.4,4.0,23.3,1016.1,0.0,5,5,8,225,18667.3,2006.0,Hot-Humid
2016-08-12 06:00:00,Panther_lodging_Kirk,112.0216,25.0,4.0,23.9,1016.3,3.1,6,5,8,225,18667.3,2006.0,Hot-Humid
2016-08-12 07:00:00,Panther_lodging_Kirk,108.971,25.6,2.0,23.9,1016.9,3.1,7,5,8,225,18667.3,2006.0,Hot-Humid
2016-08-12 08:00:00,Panther_lodging_Kirk,110.7714,27.8,2.0,24.4,1017.2,4.1,8,5,8,225,18667.3,2006.0,Hot-Humid
2016-08-12 09:00:00,Panther_lodging_Kirk,106.3705,29.4,4.0,23.9,1017.6,4.1,9,5,8,225,18667.3,2006.0,Hot-Humid
2016-08-12 10:00:00,Panther_lodging_Kirk,131.6254,29.4,4.0,23.3,1017.3,3.6,10,5,8,225,18667.3,2006.0,Hot-Humid
2016-08-12 11:00:00,Panther_lodging_Kirk,124.674,30.6,4.0,22.8,1017.3,2.6,11,5,8,225,18667.3,2006.0,Hot-Humid
2016-08-12 12:00:00,Panther_lodging_Kirk,140.2271,32.2,4.0,22.2,1016.9,3.1,12,5,8,225,18667.3,2006.0,Hot-Humid
2016-08-12 13:00:00,Panther_lodging_Kirk,142.2774,31.7,6.0,22.2,1016.7,2.1,13,5,8,225,18667.3,2006.0,Hot-Humid
2016-08-12 14:00:00,Panther_lodging_Kirk,138.3267,33.9,4.0,22.2,1015.7,2.1,14,5,8,225,18667.3,2006.0,Hot-Humid
2016-08-12 15:00:00,Panther_lodging_Kirk,139.2269,32.2,4.4,23.9,1015.2,7.2,15,5,8,225,18667.3,2006.0,Hot-Humid
2016-08-12 16:00:00,Panther_lodging_Kirk,138.4767,27.8,4.8,22.8,1015.9,4.1,16,5,8,225,18667.3,2006.0,Hot-Humid
2016-08-12 17:00:00,Panther_lodging_Kirk,141.9774,28.9,5.2,22.2,1015.6,0.0,17,5,8,225,18667.3,2006.0,Hot-Humid
2016-08-12 18:00:00,Panther_lodging_Kirk,138.4267,28.3,5.2,23.9,1015.5,1.5,18,5,8,225,18667.3,2006.0,Hot-Humid
2016-08-12 19:00:00,Panther_lodging_Kirk,147.3284,26.7,6.0,22.8,1016.1,2.1,19,5,8,225,18667.3,2006.0,Hot-Humid
2016-08-12 20:00:00,Panther_lodging_Kirk,148.9287,26.7,5.0,23.3,1017.2,4.6,20,5,8,225,18667.3,2006.0,Hot-Humid
2016-08-12 21:00:00,Panther_lodging_Kirk,127.3246,25.0,4.0,22.8,1017.1,2.1,21,5,8,225,18667.3,2006.0,Hot-Humid
2016-08-12 22:00:00,Panther_lodging_Kirk,138.1266,24.4,4.0,22.8,1017.8,2.1,22,5,8,225,18667.3,2006.0,Hot-Humid
2016-08-12 23:00:00,Panther_lodging_Kirk,138.9768,24.4,4.0,22.2,1017.0,0.0,23,5,8,225,18667.3,2006.0,Hot-Humid
2016-08-13 00:00:00,Panther_lodging_Kirk,133.0757,24.4,4.0,22.2,1017.0,2.1,0,6,8,226,18667.3,2006.0,Hot-Humid
2016-08-13 01:00:00,Panther_lodging_Kirk,128.6748,23.9,4.0,22.2,1017.0,1.5,1,6,8,226,18667.3,2006.0,Hot-Humid
2016-08-13 02:00:00,Panther_lodging_Kirk,132.5756,23.9,4.0,22.8,1016.8,0.0,2,6,8,226,18667.3,2006.0,Hot-Humid
2016-08-13 03:00:00,Panther_lodging_Kirk,126.8745,24.4,2.0,22.8,1016.4,0.0,3,6,8,226,18667.3,2006.0,Hot-Humid
2016-08-13 04:00:00,Panther_lodging_Kirk,127.5746,23.9,2.0,22.8,1016.4,0.0,4,6,8,226,18667.3,2006.0,Hot-Humid
2016-08-13 05:00:00,Panther_lodging_Kirk,120.3232,24.4,2.0,22.8,1016.4,1.5,5,6,8,226,18667.3,2006.0,Hot-Humid
2016-08-13 06:00:00,Panther_lodging_Kirk,132.4256,23.9,2.0,22.8,1017.0,0.0,6,6,8,226,18667.3,2006.0,Hot-Humid
2016-08-13 07:00:00,Panther_lodging_Kirk,147.6285,25.0,2.0,23.3,1017.4,2.6,7,6,8,226,18667.3,2006.0,Hot-Humid
2016-08-13 08:00:00,Panther_lodging_Kirk,138.2767,27.8,2.0,23.9,1017.8,3.1,8,6,8,226,18667.3,2006.0,Hot-Humid
2016-08-13 09:00:00,Panther_lodging_Kirk,136.5764,29.4,2.0,23.9,1017.7,3.6,9,6,8,226,18667.3,2006.0,Hot-Humid
2016-08-13 10:00:00,Panther_lodging_Kirk,129.625,30.6,2.0,23.3,1018.0,4.6,10,6,8,226,18667.3,2006.0,Hot-Humid
2016-08-13 11:00:00,Panther_lodging_Kirk,130.6252,31.1,4.0,22.8,1017.8,4.1,11,6,8,226,18667.3,2006.0,Hot-Humid
2016-08-13 12:00:00,Panther_lodging_Kirk,140.077,32.2,4.0,23.3,1017.8,3.6,12,6,8,226,18667.3,2006.0,Hot-Humid
2016-08-13 13:00:00,Panther_lodging_Kirk,130.6252,32.2,4.0,22.8,1017.5,4.1,13,6,8,226,18667.3,2006.0,Hot-Humid
2016-08-13 14:00:00,Panther_lodging_Kirk,134.776,32.8,4.0,22.2,1017.0,2.1,14,6,8,226,18667.3,2006.0,Hot-Humid
2016-08-13 15:00:00,Panther_lodging_Kirk,134.1759,33.9,4.0,21.1,1016.5,2.1,15,6,8,226,18667.3,2006.0,Hot-Humid
2016-08-13 16:00:00,Panther_lodging_Kirk,118.7229,34.4,4.0,20.0,1015.7,3.1,16,6,8,226,18667.3,2006.0,Hot-Humid
2016-08-13 17:00:00,Panther_lodging_Kirk,135.8262,22.2,4.0,20.0,1017.3,4.1,17,6,8,226,18667.3,2006.0,Hot-Humid
2016-08-13 18:00:00,Panther_lodging_Kirk,131.1253,24.4,4.0,20.0,1016.4,1.5,18,6,8,226,18667.3,2006.0,Hot-Humid
2016-08-13 19:00:00,Panther_lodging_Kirk,124.574,25.0,4.0,20.6,1016.8,3.1,19,6,8,226,18667.3,2006.0,Hot-Humid
2016-08-13 20:00:00,Panther_lodging_Kirk,127.9247,24.4,2.0,20.6,1017.0,2.6,20,6,8,226,18667.3,2006.0,Hot-Humid
2016-08-13 21:00:00,Panther_lodging_Kirk,132.2755,25.6,2.0,22.2,1017.8,2.6,21,6,8,226,18667.3,2006.0,Hot-Humid
2016-08-13 22:00:00,Panther_lodging_Kirk,122.7737,25.6,4.0,23.3,1018.6,2.6,22,6,8,226,18667.3,2006.0,Hot-Humid
2016-08-13 23:00:00,Panther_lodging_Kirk,117.8727,26.1,4.666666666666667,23.9,1018.8,2.6,23,6,8,226,18667.3,2006.0,Hot-Humid
2016-08-14 00:00:00,Panther_lodging_Kirk,121.2234,26.1,5.333333333333333,23.9,1018.5,3.1,0,7,8,227,18667.3,2006.0,Hot-Humid
2016-08-14 01:00:00,Panther_lodging_Kirk,112.4217,26.1,6.0,23.9,1017.8,1.5,1,7,8,227,18667.3,2006.0,Hot-Humid
2016-08-14 02:00:00,Panther_lodging_Kirk,112.8218,26.1,6.333333333333333,24.4,1017.5,1.5,2,7,8,227,18667.3,2006.0,Hot-Humid
2016-08-14 03:00:00,Panther_lodging_Kirk,117.6227,26.1,6.666666666666667,24.4,1017.9,2.6,3,7,8,227,18667.3,2006.0,Hot-Humid
2016-08-14 04:00:00,Panther_lodging_Kirk,117.2726,25.6,7.0,23.9,1017.6,2.1,4,7,8,227,18667.3,2006.0,Hot-Humid
2016-08-14 05:00:00,Panther_lodging_Kirk,106.9707,25.6,7.0,23.9,1017.5,1.5,5,7,8,227,18667.3,2006.0,Hot-Humid
2016-08-14 06:00:00,Panther_lodging_Kirk,113.3719,26.1,7.0,24.4,1018.8,2.1,6,7,8,227,18667.3,2006.0,Hot-Humid
2016-08-14 07:00:00,Panther_lodging_Kirk,106.6706,26.7,8.0,24.4,1018.8,2.1,7,7,8,227,18667.3,2006.0,Hot-Humid
2016-08-14 08:00:00,Panther_lodging_Kirk,118.8729,27.2,7.666666666666667,25.0,1018.8,4.1,8,7,8,227,18667.3,2006.0,Hot-Humid
2016-08-14 09:00:00,Panther_lodging_Kirk,127.8747,28.3,7.333333333333333,25.0,1019.3,4.1,9,7,8,227,18667.3,2006.0,Hot-Humid
2016-08-14 10:00:00,Panther_lodging_Kirk,129.2249,29.4,7.0,25.0,1019.4,3.6,10,7,8,227,18667.3,2006.0,Hot-Humid
2016-08-14 11:00:00,Panther_lodging_Kirk,137.9266,30.0,7.0,24.4,1019.1,4.1,11,7,8,227,18667.3,2006.0,Hot-Humid
2016-08-14 12:00:00,Panther_lodging_Kirk,139.1769,31.1,7.0,23.9,1019.4,3.1,12,7,8,227,18667.3,2006.0,Hot-Humid
2016-08-14 13:00:00,Panther_lodging_Kirk,145.028,28.9,6.0,24.4,1018.7,3.6,13,7,8,227,18667.3,2006.0,Hot-Humid
2016-08-14 14:00:00,Panther_lodging_Kirk,132.5756,26.7,6.0,23.3,1018.8,4.6,14,7,8,227,18667.3,2006.0,Hot-Humid
2016-08-14 15:00:00,Panther_lodging_Kirk,132.8756,25.6,6.0,22.2,1018.4,6.2,15,7,8,227,18667.3,2006.0,Hot-Humid
2016-08-14 16:00:00,Panther_lodging_Kirk,130.6252,26.1,6.0,22.8,1017.9,3.1,16,7,8,227,18667.3,2006.0,Hot-Humid
2016-08-14 17:00:00,Panther_lodging_Kirk,135.8262,27.2,6.0,23.3,1017.5,0.0,17,7,8,227,18667.3,2006.0,Hot-Humid
2016-08-14 18:00:00,Panther_lodging_Kirk,124.7241,27.2,6.0,24.4,1017.8,2.6,18,7,8,227,18667.3,2006.0,Hot-Humid
2016-08-14 19:00:00,Panther_lodging_Kirk,119.6731,27.2,6.0,24.4,1018.1,3.1,19,7,8,227,18667.3,2006.0,Hot-Humid
2016-08-14 20:00:00,Panther_lodging_Kirk,121.3734,26.7,4.0,25.0,1018.5,3.1,20,7,8,227,18667.3,2006.0,Hot-Humid
2016-08-14 21:00:00,Panther_lodging_Kirk,129.0249,27.2,2.0,24.4,1019.3,2.6,21,7,8,227,18667.3,2006.0,Hot-Humid
2016-08-14 22:00:00,Panther_lodging_Kirk,118.5229,26.7,2.0,24.4,1020.2,1.5,22,7,8,227,18667.3,2006.0,Hot-Humid
2016-08-14 23:00:00,Panther_lodging_Kirk,115.0222,26.7,4.0,24.4,1020.4,1.5,23,7,8,227,18667.3,2006.0,Hot-Humid
2016-08-15 00:00:00,Panther_lodging_Kirk,117.7727,26.1,4.0,25.0,1019.9,2.1,0,1,8,228,18667.3,2006.0,Hot-Humid
2016-08-15 01:00:00,Panther_lodging_Kirk,115.6723,26.1,4.0,25.0,1019.9,2.6,1,1,8,228,18667.3,2006.0,Hot-Humid
2016-08-15 02:00:00,Panther_lodging_Kirk,113.3719,26.1,4.0,25.0,1019.6,2.6,2,1,8,228,18667.3,2006.0,Hot-Humid
2016-08-15 03:00:00,Panther_lodging_Kirk,114.9222,26.1,3.3333333333333335,25.0,1019.0,2.1,3,1,8,228,18667.3,2006.0,Hot-Humid
2016-08-15 04:00:00,Panther_lodging_Kirk,104.8202,26.1,2.666666666666667,25.0,1019.2,2.6,4,1,8,228,18667.3,2006.0,Hot-Humid
2016-08-15 05:00:00,Panther_lodging_Kirk,114.122,26.1,2.0,25.0,1019.3,3.6,5,1,8,228,18667.3,2006.0,Hot-Humid
2016-08-15 06:00:00,Panther_lodging_Kirk,117.1726,26.1,4.0,25.0,1019.6,3.1,6,1,8,228,18667.3,2006.0,Hot-Humid
2016-08-15 07:00:00,Panther_lodging_Kirk,124.274,26.7,4.0,25.6,1020.0,2.1,7,1,8,228,18667.3,2006.0,Hot-Humid
2016-08-15 08:00:00,Panther_lodging_Kirk,116.8226,28.3,4.0,25.6,1020.4,3.1,8,1,8,228,18667.3,2006.0,Hot-Humid
2016-08-15 09:00:00,Panther_lodging_Kirk,121.3234,30.0,4.0,25.0,1020.9,4.6,9,1,8,228,18667.3,2006.0,Hot-Humid
2016-08-15 10:00:00,Panther_lodging_Kirk,106.7706,31.1,4.0,23.3,1021.1,4.6,10,1,8,228,18667.3,2006.0,Hot-Humid
2016-08-15 11:00:00,Panther_lodging_Kirk,118.6229,32.2,4.0,23.9,1020.9,2.6,11,1,8,228,18667.3,2006.0,Hot-Humid
2016-08-15 12:00:00,Panther_lodging_Kirk,126.3244,33.3,4.0,23.3,1020.4,4.6,12,1,8,228,18667.3,2006.0,Hot-Humid
2016-08-15 13:00:00,Panther_lodging_Kirk,122.0235,30.0,6.0,24.4,1019.8,4.6,13,1,8,228,18667.3,2006.0,Hot-Humid
2016-08-15 14:00:00,Panther_lodging_Kirk,130.8753,31.1,6.0,25.0,1019.6,3.6,14,1,8,228,18667.3,2006.0,Hot-Humid
2016-08-15 15:00:00,Panther_lodging_Kirk,137.5766,30.0,6.0,23.9,1019.0,2.1,15,1,8,228,18667.3,2006.0,Hot-Humid
2016-08-15 16:00:00,Panther_lodging_Kirk,127.8247,31.1,6.0,24.4,1018.5,1.5,16,1,8,228,18667.3,2006.0,Hot-Humid
2016-08-15 17:00:00,Panther_lodging_Kirk,129.775,30.6,6.0,24.4,1018.4,2.1,17,1,8,228,18667.3,2006.0,Hot-Humid
2016-08-15 18:00:00,Panther_lodging_Kirk,125.0741,30.6,6.0,23.3,1018.7,5.7,18,1,8,228,18667.3,2006.0,Hot-Humid
2016-08-15 19:00:00,Panther_lodging_Kirk,127.3746,29.4,6.0,23.9,1019.2,3.1,19,1,8,228,18667.3,2006.0,Hot-Humid
2016-08-15 20:00:00,Panther_lodging_Kirk,119.423,28.3,5.333333333333333,24.4,1019.8,3.1,20,1,8,228,18667.3,2006.0,Hot-Humid
2016-08-15 21:00:00,Panther_lodging_Kirk,119.8731,27.8,4.666666666666667,23.9,1020.2,3.1,21,1,8,228,18667.3,2006.0,Hot-Humid
2016-08-15 22:00:00,Panther_lodging_Kirk,129.0249,27.2,4.0,24.4,1020.7,2.6,22,1,8,228,18667.3,2006.0,Hot-Humid
2016-08-15 23:00:00,Panther_lodging_Kirk,122.7237,26.7,2.0,24.4,1021.0,2.6,23,1,8,228,18667.3,2006.0,Hot-Humid
2016-08-16 00:00:00,Panther_lodging_Kirk,113.972,26.7,2.0,24.4,1021.0,2.1,0,2,8,229,18667.3,2006.0,Hot-Humid
2016-08-16 01:00:00,Panther_lodging_Kirk,111.1714,26.7,2.0,24.4,1020.5,2.1,1,2,8,229,18667.3,2006.0,Hot-Humid
2016-08-16 02:00:00,Panther_lodging_Kirk,107.2707,26.1,2.0,24.4,1020.0,2.1,2,2,8,229,18667.3,2006.0,Hot-Humid
2016-08-16 03:00:00,Panther_lodging_Kirk,121.7235,26.7,2.0,25.0,1019.8,3.1,3,2,8,229,18667.3,2006.0,Hot-Humid
2016-08-16 04:00:00,Panther_lodging_Kirk,118.0728,26.7,4.0,25.0,1019.9,2.1,4,2,8,229,18667.3,2006.0,Hot-Humid
2016-08-16 05:00:00,Panther_lodging_Kirk,115.4223,26.1,4.0,25.0,1020.1,2.6,5,2,8,229,18667.3,2006.0,Hot-Humid
2016-08-16 06:00:00,Panther_lodging_Kirk,113.5719,26.1,2.0,25.0,1020.8,1.5,6,2,8,229,18667.3,2006.0,Hot-Humid
2016-08-16 07:00:00,Panther_lodging_Kirk,124.574,26.7,2.0,25.0,1021.2,2.1,7,2,8,229,18667.3,2006.0,Hot-Humid
2016-08-16 08:00:00,Panther_lodging_Kirk,107.5707,28.9,2.0,25.6,1021.4,2.6,8,2,8,229,18667.3,2006.0,Hot-Humid
2016-08-16 09:00:00,Panther_lodging_Kirk,101.2195,30.6,4.0,25.0,1021.6,3.6,9,2,8,229,18667.3,2006.0,Hot-Humid
2016-08-16 10:00:00,Panther_lodging_Kirk,105.1203,30.6,4.0,23.9,1021.7,3.6,10,2,8,229,18667.3,2006.0,Hot-Humid
2016-08-16 11:00:00,Panther_lodging_Kirk,104.8702,28.9,5.333333333333333,23.9,1021.6,4.6,11,2,8,229,18667.3,2006.0,Hot-Humid
2016-08-16 12:00:00,Panther_lodging_Kirk,107.1207,30.0,6.666666666666666,24.0,1020.9,3.1,12,2,8,229,18667.3,2006.0,Hot-Humid
2016-08-16 13:00:00,Panther_lodging_Kirk,127.6747,26.7,8.0,23.9,1020.9,3.6,13,2,8,229,18667.3,2006.0,Hot-Humid
2016-08-16 14:00:00,Panther_lodging_Kirk,119.9231,25.0,7.666666666666667,21.7,1020.7,5.7,14,2,8,229,18667.3,2006.0,Hot-Humid
2016-08-16 15:00:00,Panther_lodging_Kirk,130.7252,25.6,7.333333333333333,23.3,1020.2,6.2,15,2,8,229,18667.3,2006.0,Hot-Humid
2016-08-16 16:00:00,Panther_lodging_Kirk,127.3746,23.9,7.0,22.2,1021.3,5.7,16,2,8,229,18667.3,2006.0,Hot-Humid
2016-08-16 17:00:00,Panther_lodging_Kirk,117.8727,24.4,7.0,20.0,1019.5,3.1,17,2,8,229,18667.3,2006.0,Hot-Humid
2016-08-16 18:00:00,Panther_lodging_Kirk,128.5748,25.6,7.0,22.8,1019.0,0.0,18,2,8,229,18667.3,2006.0,Hot-Humid
2016-08-16 19:00:00,Panther_lodging_Kirk,129.0249,25.6,6.0,23.3,1019.7,2.6,19,2,8,229,18667.3,2006.0,Hot-Humid
2016-08-16 20:00:00,Panther_lodging_Kirk,133.7758,25.6,2.0,23.9,1020.0,2.6,20,2,8,229,18667.3,2006.0,Hot-Humid
2016-08-16 21:00:00,Panther_lodging_Kirk,140.127,25.0,2.0,23.9,1020.4,2.6,21,2,8,229,18667.3,2006.0,Hot-Humid
2016-08-16 22:00:00,Panther_lodging_Kirk,134.476,25.6,2.0,23.9,1021.1,2.1,22,2,8,229,18667.3,2006.0,Hot-Humid
2016-08-16 23:00:00,Panther_lodging_Kirk,119.9231,25.0,2.0,23.9,1021.4,1.5,23,2,8,229,18667.3,2006.0,Hot-Humid
2016-08-17 00:00:00,Panther_lodging_Kirk,103.82,25.0,2.0,23.9,1021.4,2.1,0,3,8,230,18667.3,2006.0,Hot-Humid
2016-08-17 01:00:00,Panther_lodging_Kirk,101.1195,25.0,2.0,23.9,1021.7,2.1,1,3,8,230,18667.3,2006.0,Hot-Humid
2016-08-17 02:00:00,Panther_lodging_Kirk,121.6235,25.0,2.0,23.9,1021.2,1.5,2,3,8,230,18667.3,2006.0,Hot-Humid
2016-08-17 03:00:00,Panther_lodging_Kirk,114.5221,25.0,2.0,23.9,1020.9,2.6,3,3,8,230,18667.3,2006.0,Hot-Humid
2016-08-17 04:00:00,Panther_lodging_Kirk,120.4733,25.0,2.0,23.9,1020.7,2.6,4,3,8,230,18667.3,2006.0,Hot-Humid
2016-08-17 05:00:00,Panther_lodging_Kirk,106.5206,25.0,2.0,23.9,1020.6,1.5,5,3,8,230,18667.3,2006.0,Hot-Humid
2016-08-17 06:00:00,Panther_lodging_Kirk,105.3203,25.6,2.0,24.4,1020.7,4.1,6,3,8,230,18667.3,2006.0,Hot-Humid
2016-08-17 07:00:00,Panther_lodging_Kirk,125.2742,25.6,2.0,25.0,1021.3,1.5,7,3,8,230,18667.3,2006.0,Hot-Humid
2016-08-17 08:00:00,Panther_lodging_Kirk,108.3709,27.8,2.0,25.0,1021.9,2.1,8,3,8,230,18667.3,2006.0,Hot-Humid
2016-08-17 09:00:00,Panther_lodging_Kirk,101.0695,28.9,4.0,24.4,1022.0,2.6,9,3,8,230,18667.3,2006.0,Hot-Humid
2016-08-17 10:00:00,Panther_lodging_Kirk,114.7221,30.6,4.0,23.9,1022.0,3.1,10,3,8,230,18667.3,2006.0,Hot-Humid
2016-08-17 11:00:00,Panther_lodging_Kirk,103.92,31.1,4.666666666666667,23.3,1021.7,4.1,11,3,8,230,18667.3,2006.0,Hot-Humid
2016-08-17 12:00:00,Panther_lodging_Kirk,119.8731,31.7,5.333333333333333,23.9,1021.4,5.7,12,3,8,230,18667.3,2006.0,Hot-Humid
2016-08-17 13:00:00,Panther_lodging_Kirk,120.0232,32.2,6.0,22.8,1020.9,3.6,13,3,8,230,18667.3,2006.0,Hot-Humid
2016-08-17 14:00:00,Panther_lodging_Kirk,116.9726,31.7,5.6,22.8,1019.6,3.6,14,3,8,230,18667.3,2006.0,Hot-Humid
2016-08-17 15:00:00,Panther_lodging_Kirk,116.2224,32.8,5.2,22.8,1018.9,3.6,15,3,8,230,18667.3,2006.0,Hot-Humid
2016-08-17 16:00:00,Panther_lodging_Kirk,124.0239,32.2,4.8,21.7,1018.2,4.1,16,3,8,230,18667.3,2006.0,Hot-Humid
2016-08-17 17:00:00,Panther_lodging_Kirk,130.6752,32.2,4.8,22.2,1018.0,4.1,17,3,8,230,18667.3,2006.0,Hot-Humid
2016-08-17 18:00:00,Panther_lodging_Kirk,131.4754,31.1,4.0,21.7,1018.2,5.7,18,3,8,230,18667.3,2006.0,Hot-Humid
2016-08-17 19:00:00,Panther_lodging_Kirk,138.5767,29.4,4.0,22.2,1018.8,3.6,19,3,8,230,18667.3,2006.0,Hot-Humid
2016-08-17 20:00:00,Panther_lodging_Kirk,129.9251,28.3,4.0,22.8,1019.3,3.6,20,3,8,230,18667.3,2006.0,Hot-Humid
2016-08-17 21:00:00,Panther_lodging_Kirk,131.3753,27.8,2.0,23.9,1020.0,3.1,21,3,8,230,18667.3,2006.0,Hot-Humid
2016-08-17 22:00:00,Panther_lodging_Kirk,124.574,27.2,2.0,23.9,1020.8,2.1,22,3,8,230,18667.3,2006.0,Hot-Humid
2016-08-17 23:00:00,Panther_lodging_Kirk,116.9726,26.7,4.0,23.9,1020.7,2.1,23,3,8,230,18667.3,2006.0,Hot-Humid
2016-08-18 00:00:00,Panther_lodging_Kirk,121.5735,26.1,4.0,23.3,1020.7,2.1,0,4,8,231,18667.3,2006.0,Hot-Humid
2016-08-18 01:00:00,Panther_lodging_Kirk,120.9733,26.1,2.0,23.9,1020.4,0.0,1,4,8,231,18667.3,2006.0,Hot-Humid
2016-08-18 02:00:00,Panther_lodging_Kirk,103.0699,26.1,2.0,23.9,1019.9,0.0,2,4,8,231,18667.3,2006.0,Hot-Humid
2016-08-18 03:00:00,Panther_lodging_Kirk,105.9705,25.6,2.0,23.9,1019.4,2.1,3,4,8,231,18667.3,2006.0,Hot-Humid
2016-08-18 04:00:00,Panther_lodging_Kirk,120.0232,25.6,0.0,24.4,1019.4,0.0,4,4,8,231,18667.3,2006.0,Hot-Humid
2016-08-18 05:00:00,Panther_lodging_Kirk,105.7704,25.0,2.0,23.9,1019.6,0.0,5,4,8,231,18667.3,2006.0,Hot-Humid
2016-08-18 06:00:00,Panther_lodging_Kirk,113.4719,25.6,2.0,23.9,1019.7,0.0,6,4,8,231,18667.3,2006.0,Hot-Humid
2016-08-18 07:00:00,Panther_lodging_Kirk,131.9755,26.1,2.0,24.4,1019.9,2.1,7,4,8,231,18667.3,2006.0,Hot-Humid
2016-08-18 08:00:00,Panther_lodging_Kirk,111.5715,28.3,2.0,24.4,1020.0,2.6,8,4,8,231,18667.3,2006.0,Hot-Humid
2016-08-18 09:00:00,Panther_lodging_Kirk,119.9732,29.4,4.0,24.4,1020.1,3.1,9,4,8,231,18667.3,2006.0,Hot-Humid
2016-08-18 10:00:00,Panther_lodging_Kirk,116.5725,30.0,4.0,23.9,1020.2,0.0,10,4,8,231,18667.3,2006.0,Hot-Humid
2016-08-18 11:00:00,Panther_lodging_Kirk,124.424,31.7,4.0,23.3,1019.8,2.1,11,4,8,231,18667.3,2006.0,Hot-Humid
2016-08-18 12:00:00,Panther_lodging_Kirk,109.4211,32.8,5.0,23.9,1019.5,2.6,12,4,8,231,18667.3,2006.0,Hot-Humid
2016-08-18 13:00:00,Panther_lodging_Kirk,120.4733,31.1,6.0,23.9,1019.0,5.1,13,4,8,231,18667.3,2006.0,Hot-Humid
2016-08-18 14:00:00,Panther_lodging_Kirk,119.073,24.4,5.6,22.2,1019.0,3.6,14,4,8,231,18667.3,2006.0,Hot-Humid
2016-08-18 15:00:00,Panther_lodging_Kirk,132.7256,30.0,5.2,23.3,1018.1,0.0,15,4,8,231,18667.3,2006.0,Hot-Humid
2016-08-18 16:00:00,Panther_lodging_Kirk,128.1247,26.1,4.8,22.2,1018.3,4.1,16,4,8,231,18667.3,2006.0,Hot-Humid
2016-08-18 17:00:00,Panther_lodging_Kirk,136.3263,27.8,4.8,22.8,1016.6,1.5,17,4,8,231,18667.3,2006.0,Hot-Humid
2016-08-18 18:00:00,Panther_lodging_Kirk,120.6733,27.2,4.0,23.9,1016.7,1.5,18,4,8,231,18667.3,2006.0,Hot-Humid
2016-08-18 19:00:00,Panther_lodging_Kirk,126.1243,27.8,6.0,23.3,1017.3,0.0,19,4,8,231,18667.3,2006.0,Hot-Humid
2016-08-18 20:00:00,Panther_lodging_Kirk,127.7246,27.8,2.0,23.3,1018.0,2.6,20,4,8,231,18667.3,2006.0,Hot-Humid
2016-08-18 21:00:00,Panther_lodging_Kirk,131.3753,26.7,2.0,23.3,1018.7,2.1,21,4,8,231,18667.3,2006.0,Hot-Humid
2016-08-18 22:00:00,Panther_lodging_Kirk,141.2772,26.1,0.0,23.9,1018.8,2.1,22,4,8,231,18667.3,2006.0,Hot-Humid
2016-08-18 23:00:00,Panther_lodging_Kirk,139.2769,25.0,0.0,23.3,1018.3,2.6,23,4,8,231,18667.3,2006.0,Hot-Humid
2016-08-19 00:00:00,Panther_lodging_Kirk,127.4246,25.6,0.0,23.3,1018.4,0.0,0,5,8,232,18667.3,2006.0,Hot-Humid
2016-08-19 01:00:00,Panther_lodging_Kirk,121.5735,25.6,2.0,23.9,1019.0,2.1,1,5,8,232,18667.3,2006.0,Hot-Humid
2016-08-19 02:00:00,Panther_lodging_Kirk,109.3211,23.9,2.0,22.8,1018.4,1.5,2,5,8,232,18667.3,2006.0,Hot-Humid
2016-08-19 03:00:00,Panther_lodging_Kirk,109.1211,25.0,2.0,23.9,1017.6,0.0,3,5,8,232,18667.3,2006.0,Hot-Humid
2016-08-19 04:00:00,Panther_lodging_Kirk,104.2701,25.0,2.0,23.9,1017.3,1.5,4,5,8,232,18667.3,2006.0,Hot-Humid
2016-08-19 05:00:00,Panther_lodging_Kirk,114.5721,24.4,2.0,23.3,1017.5,0.0,5,5,8,232,18667.3,2006.0,Hot-Humid
2016-08-19 06:00:00,Panther_lodging_Kirk,115.4223,24.4,2.0,23.3,1017.9,0.0,6,5,8,232,18667.3,2006.0,Hot-Humid
2016-08-19 07:00:00,Panther_lodging_Kirk,112.2217,25.6,2.0,24.4,1018.1,0.0,7,5,8,232,18667.3,2006.0,Hot-Humid
2016-08-19 08:00:00,Panther_lodging_Kirk,118.0228,26.7,2.0,24.4,1018.3,0.0,8,5,8,232,18667.3,2006.0,Hot-Humid
2016-08-19 09:00:00,Panther_lodging_Kirk,131.3253,28.3,4.0,24.4,1018.3,1.5,9,5,8,232,18667.3,2006.0,Hot-Humid
2016-08-19 10:00:00,Panther_lodging_Kirk,143.3277,29.4,4.0,23.3,1018.5,1.5,10,5,8,232,18667.3,2006.0,Hot-Humid
2016-08-19 11:00:00,Panther_lodging_Kirk,140.8272,31.1,4.0,23.3,1018.2,2.6,11,5,8,232,18667.3,2006.0,Hot-Humid
2016-08-19 12:00:00,Panther_lodging_Kirk,147.3284,31.7,2.0,21.7,1017.7,2.1,12,5,8,232,18667.3,2006.0,Hot-Humid
2016-08-19 13:00:00,Panther_lodging_Kirk,160.1809,32.8,2.0,21.7,1016.9,2.6,13,5,8,232,18667.3,2006.0,Hot-Humid
2016-08-19 14:00:00,Panther_lodging_Kirk,158.9307,33.3,2.0,20.6,1016.2,0.0,14,5,8,232,18667.3,2006.0,Hot-Humid
2016-08-19 15:00:00,Panther_lodging_Kirk,168.4325,33.9,4.0,20.6,1015.2,1.5,15,5,8,232,18667.3,2006.0,Hot-Humid
2016-08-19 16:00:00,Panther_lodging_Kirk,158.8306,33.9,2.0,20.6,1014.6,1.5,16,5,8,232,18667.3,2006.0,Hot-Humid
2016-08-19 17:00:00,Panther_lodging_Kirk,164.4817,33.3,2.0,21.1,1014.7,3.6,17,5,8,232,18667.3,2006.0,Hot-Humid
2016-08-19 18:00:00,Panther_lodging_Kirk,162.6814,32.2,2.0,21.1,1014.7,5.1,18,5,8,232,18667.3,2006.0,Hot-Humid
2016-08-19 19:00:00,Panther_lodging_Kirk,160.2309,30.0,2.0,20.0,1015.1,3.6,19,5,8,232,18667.3,2006.0,Hot-Humid
2016-08-19 20:00:00,Panther_lodging_Kirk,158.4306,28.3,2.0,21.1,1015.2,3.1,20,5,8,232,18667.3,2006.0,Hot-Humid
2016-08-19 21:00:00,Panther_lodging_Kirk,154.4798,28.3,2.0,21.1,1016.5,3.1,21,5,8,232,18667.3,2006.0,Hot-Humid
2016-08-19 22:00:00,Panther_lodging_Kirk,158.6306,26.7,4.0,22.2,1016.8,2.1,22,5,8,232,18667.3,2006.0,Hot-Humid
2016-08-19 23:00:00,Panther_lodging_Kirk,154.8799,27.2,4.0,22.2,1016.7,0.0,23,5,8,232,18667.3,2006.0,Hot-Humid
2016-08-20 00:00:00,Panther_lodging_Kirk,147.7785,26.7,2.0,22.2,1016.4,0.0,0,6,8,233,18667.3,2006.0,Hot-Humid
2016-08-20 01:00:00,Panther_lodging_Kirk,132.5256,26.1,2.0,22.8,1016.0,0.0,1,6,8,233,18667.3,2006.0,Hot-Humid
2016-08-20 02:00:00,Panther_lodging_Kirk,121.7235,25.0,2.0,23.3,1015.6,1.5,2,6,8,233,18667.3,2006.0,Hot-Humid
2016-08-20 03:00:00,Panther_lodging_Kirk,120.0232,25.0,2.8,23.3,1015.3,1.5,3,6,8,233,18667.3,2006.0,Hot-Humid
2016-08-20 04:00:00,Panther_lodging_Kirk,120.9733,25.0,3.6,23.3,1015.3,0.0,4,6,8,233,18667.3,2006.0,Hot-Humid
2016-08-20 05:00:00,Panther_lodging_Kirk,115.9224,25.0,4.4,23.3,1015.6,0.0,5,6,8,233,18667.3,2006.0,Hot-Humid
2016-08-20 06:00:00,Panther_lodging_Kirk,122.6737,23.9,4.4,22.8,1015.8,0.0,6,6,8,233,18667.3,2006.0,Hot-Humid
2016-08-20 07:00:00,Panther_lodging_Kirk,119.423,25.6,6.0,23.3,1016.2,1.5,7,6,8,233,18667.3,2006.0,Hot-Humid
2016-08-20 08:00:00,Panther_lodging_Kirk,118.7729,27.2,4.0,23.9,1016.7,1.5,8,6,8,233,18667.3,2006.0,Hot-Humid
2016-08-20 09:00:00,Panther_lodging_Kirk,139.1769,30.0,4.0,24.4,1016.6,1.5,9,6,8,233,18667.3,2006.0,Hot-Humid
2016-08-20 10:00:00,Panther_lodging_Kirk,149.6789,30.6,4.0,22.8,1016.8,0.0,10,6,8,233,18667.3,2006.0,Hot-Humid
2016-08-20 11:00:00,Panther_lodging_Kirk,155.2299,31.7,4.0,23.3,1016.5,0.0,11,6,8,233,18667.3,2006.0,Hot-Humid
2016-08-20 12:00:00,Panther_lodging_Kirk,156.1301,32.2,4.0,22.8,1015.9,1.5,12,6,8,233,18667.3,2006.0,Hot-Humid
2016-08-20 13:00:00,Panther_lodging_Kirk,160.58100000000005,32.8,4.0,22.2,1015.2,2.6,13,6,8,233,18667.3,2006.0,Hot-Humid
2016-08-20 14:00:00,Panther_lodging_Kirk,165.5819,33.3,4.0,22.2,1014.4,4.1,14,6,8,233,18667.3,2006.0,Hot-Humid
2016-08-20 15:00:00,Panther_lodging_Kirk,173.6335,33.3,4.0,22.2,1013.5,2.1,15,6,8,233,18667.3,2006.0,Hot-Humid
2016-08-20 16:00:00,Panther_lodging_Kirk,164.8818,32.8,4.0,23.3,1013.2,5.7,16,6,8,233,18667.3,2006.0,Hot-Humid
2016-08-20 17:00:00,Panther_lodging_Kirk,170.0328,32.8,4.666666666666667,22.2,1013.2,5.1,17,6,8,233,18667.3,2006.0,Hot-Humid
2016-08-20 18:00:00,Panther_lodging_Kirk,180.7349,32.8,5.333333333333333,22.2,1013.3,3.1,18,6,8,233,18667.3,2006.0,Hot-Humid
2016-08-20 19:00:00,Panther_lodging_Kirk,182.1352,31.1,6.0,22.2,1013.7,3.1,19,6,8,233,18667.3,2006.0,Hot-Humid
2016-08-20 20:00:00,Panther_lodging_Kirk,179.7847,30.6,5.6,22.8,1014.2,1.5,20,6,8,233,18667.3,2006.0,Hot-Humid
2016-08-20 21:00:00,Panther_lodging_Kirk,180.2348,28.3,5.2,23.3,1015.0,0.0,21,6,8,233,18667.3,2006.0,Hot-Humid
2016-08-20 22:00:00,Panther_lodging_Kirk,179.4346,27.8,4.8,23.9,1015.4,0.0,22,6,8,233,18667.3,2006.0,Hot-Humid
2016-08-20 23:00:00,Panther_lodging_Kirk,172.0832,28.9,4.8,22.8,1015.5,2.6,23,6,8,233,18667.3,2006.0,Hot-Humid
2016-08-21 00:00:00,Panther_lodging_Kirk,154.4298,27.8,4.0,22.8,1015.5,0.0,0,7,8,234,18667.3,2006.0,Hot-Humid
2016-08-21 01:00:00,Panther_lodging_Kirk,143.9278,27.8,4.0,23.3,1015.2,0.0,1,7,8,234,18667.3,2006.0,Hot-Humid
2016-08-21 02:00:00,Panther_lodging_Kirk,139.977,26.7,2.0,23.3,1015.1,1.5,2,7,8,234,18667.3,2006.0,Hot-Humid
2016-08-21 03:00:00,Panther_lodging_Kirk,126.0743,25.0,2.0,23.3,1014.9,1.5,3,7,8,234,18667.3,2006.0,Hot-Humid
2016-08-21 04:00:00,Panther_lodging_Kirk,124.324,25.0,2.0,23.3,1014.9,0.0,4,7,8,234,18667.3,2006.0,Hot-Humid
2016-08-21 05:00:00,Panther_lodging_Kirk,123.0738,25.6,4.0,23.9,1015.4,1.5,5,7,8,234,18667.3,2006.0,Hot-Humid
2016-08-21 06:00:00,Panther_lodging_Kirk,130.3252,25.6,5.0,23.9,1016.1,1.5,6,7,8,234,18667.3,2006.0,Hot-Humid
2016-08-21 07:00:00,Panther_lodging_Kirk,123.2738,26.1,6.0,24.4,1016.5,0.0,7,7,8,234,18667.3,2006.0,Hot-Humid
2016-08-21 08:00:00,Panther_lodging_Kirk,136.3763,28.3,4.0,24.4,1017.0,0.0,8,7,8,234,18667.3,2006.0,Hot-Humid
2016-08-21 09:00:00,Panther_lodging_Kirk,137.4765,30.0,4.0,23.9,1017.2,2.1,9,7,8,234,18667.3,2006.0,Hot-Humid
2016-08-21 10:00:00,Panther_lodging_Kirk,143.3777,31.1,4.0,22.2,1017.5,0.0,10,7,8,234,18667.3,2006.0,Hot-Humid
2016-08-21 11:00:00,Panther_lodging_Kirk,148.8287,31.7,4.0,22.2,1017.6,0.0,11,7,8,234,18667.3,2006.0,Hot-Humid
2016-08-21 12:00:00,Panther_lodging_Kirk,170.88299999999995,33.3,5.0,21.7,1017.4,1.5,12,7,8,234,18667.3,2006.0,Hot-Humid
2016-08-21 13:00:00,Panther_lodging_Kirk,178.6345,32.8,6.0,22.8,1017.0,4.1,13,7,8,234,18667.3,2006.0,Hot-Humid
2016-08-21 14:00:00,Panther_lodging_Kirk,176.8341,33.3,6.0,22.2,1016.2,2.6,14,7,8,234,18667.3,2006.0,Hot-Humid
2016-08-21 15:00:00,Panther_lodging_Kirk,171.3831,33.3,6.0,21.7,1015.4,1.5,15,7,8,234,18667.3,2006.0,Hot-Humid
2016-08-21 16:00:00,Panther_lodging_Kirk,180.9349,35.0,6.0,20.6,1015.1,2.1,16,7,8,234,18667.3,2006.0,Hot-Humid
2016-08-21 17:00:00,Panther_lodging_Kirk,181.6351,35.0,6.0,20.0,1014.9,3.6,17,7,8,234,18667.3,2006.0,Hot-Humid
2016-08-21 18:00:00,Panther_lodging_Kirk,189.1865,32.8,6.0,21.1,1015.3,4.6,18,7,8,234,18667.3,2006.0,Hot-Humid
2016-08-21 19:00:00,Panther_lodging_Kirk,188.8364,31.7,6.0,22.8,1015.8,3.1,19,7,8,234,18667.3,2006.0,Hot-Humid
2016-08-21 20:00:00,Panther_lodging_Kirk,191.3369,30.6,5.0,22.8,1016.4,2.6,20,7,8,234,18667.3,2006.0,Hot-Humid
2016-08-21 21:00:00,Panther_lodging_Kirk,199.0884,29.4,4.0,23.3,1017.2,3.1,21,7,8,234,18667.3,2006.0,Hot-Humid
2016-08-21 22:00:00,Panther_lodging_Kirk,201.6389,29.4,4.0,22.2,1017.9,2.6,22,7,8,234,18667.3,2006.0,Hot-Humid
2016-08-21 23:00:00,Panther_lodging_Kirk,170.3329,28.9,4.0,22.8,1018.0,2.6,23,7,8,234,18667.3,2006.0,Hot-Humid
2016-08-22 00:00:00,Panther_lodging_Kirk,152.7795,28.3,2.0,22.8,1017.7,0.0,0,1,8,235,18667.3,2006.0,Hot-Humid
2016-08-22 01:00:00,Panther_lodging_Kirk,145.5781,27.2,0.0,23.3,1017.7,1.5,1,1,8,235,18667.3,2006.0,Hot-Humid
2016-08-22 02:00:00,Panther_lodging_Kirk,137.4765,27.2,0.0,23.9,1017.5,1.5,2,1,8,235,18667.3,2006.0,Hot-Humid
2016-08-22 03:00:00,Panther_lodging_Kirk,133.6758,25.0,0.0,23.3,1017.4,1.5,3,1,8,235,18667.3,2006.0,Hot-Humid
2016-08-22 04:00:00,Panther_lodging_Kirk,130.9253,26.1,0.0,23.9,1017.2,0.0,4,1,8,235,18667.3,2006.0,Hot-Humid
2016-08-22 05:00:00,Panther_lodging_Kirk,123.5238,25.0,0.0,23.3,1017.5,0.0,5,1,8,235,18667.3,2006.0,Hot-Humid
2016-08-22 06:00:00,Panther_lodging_Kirk,134.67600000000002,24.4,2.0,23.3,1017.9,0.0,6,1,8,235,18667.3,2006.0,Hot-Humid
2016-08-22 07:00:00,Panther_lodging_Kirk,143.9278,26.7,2.0,24.4,1018.6,0.0,7,1,8,235,18667.3,2006.0,Hot-Humid
2016-08-22 08:00:00,Panther_lodging_Kirk,143.7277,28.9,2.0,23.9,1018.9,3.6,8,1,8,235,18667.3,2006.0,Hot-Humid
2016-08-22 09:00:00,Panther_lodging_Kirk,139.727,30.0,2.0,23.3,1019.4,3.1,9,1,8,235,18667.3,2006.0,Hot-Humid
2016-08-22 10:00:00,Panther_lodging_Kirk,149.7789,31.1,2.0,21.7,1019.8,2.6,10,1,8,235,18667.3,2006.0,Hot-Humid
2016-08-22 11:00:00,Panther_lodging_Kirk,159.2807,32.8,2.0,21.7,1019.7,2.1,11,1,8,235,18667.3,2006.0,Hot-Humid
2016-08-22 12:00:00,Panther_lodging_Kirk,154.2798,32.8,4.0,22.2,1019.5,4.1,12,1,8,235,18667.3,2006.0,Hot-Humid
2016-08-22 13:00:00,Panther_lodging_Kirk,163.8316,33.9,6.0,21.7,1019.2,2.6,13,1,8,235,18667.3,2006.0,Hot-Humid
2016-08-22 14:00:00,Panther_lodging_Kirk,171.3831,33.9,5.333333333333333,21.1,1018.6,3.6,14,1,8,235,18667.3,2006.0,Hot-Humid
2016-08-22 15:00:00,Panther_lodging_Kirk,169.3327,34.4,4.666666666666667,20.6,1017.9,2.6,15,1,8,235,18667.3,2006.0,Hot-Humid
2016-08-22 16:00:00,Panther_lodging_Kirk,186.0859,34.4,4.0,20.6,1017.7,1.5,16,1,8,235,18667.3,2006.0,Hot-Humid
2016-08-22 17:00:00,Panther_lodging_Kirk,199.8386,35.6,4.0,20.0,1017.7,0.0,17,1,8,235,18667.3,2006.0,Hot-Humid
2016-08-22 18:00:00,Panther_lodging_Kirk,189.0865,35.0,4.0,21.1,1017.4,2.6,18,1,8,235,18667.3,2006.0,Hot-Humid
2016-08-22 19:00:00,Panther_lodging_Kirk,180.1348,31.7,6.0,24.4,1018.1,4.6,19,1,8,235,18667.3,2006.0,Hot-Humid
2016-08-22 20:00:00,Panther_lodging_Kirk,180.3848,28.9,2.0,24.4,1019.0,2.6,20,1,8,235,18667.3,2006.0,Hot-Humid
2016-08-22 21:00:00,Panther_lodging_Kirk,189.4366,28.3,2.6666666666666665,24.4,1020.2,2.6,21,1,8,235,18667.3,2006.0,Hot-Humid
2016-08-22 22:00:00,Panther_lodging_Kirk,178.8845,27.8,3.333333333333333,23.9,1020.5,2.1,22,1,8,235,18667.3,2006.0,Hot-Humid
2016-08-22 23:00:00,Panther_lodging_Kirk,163.7816,27.2,4.0,24.4,1020.2,1.5,23,1,8,235,18667.3,2006.0,Hot-Humid
2016-08-23 00:00:00,Panther_lodging_Kirk,153.9797,27.8,4.0,24.4,1020.3,1.5,0,2,8,236,18667.3,2006.0,Hot-Humid
2016-08-23 01:00:00,Panther_lodging_Kirk,147.2284,26.7,2.0,24.4,1020.1,0.0,1,2,8,236,18667.3,2006.0,Hot-Humid
2016-08-23 02:00:00,Panther_lodging_Kirk,130.9253,26.1,2.0,24.4,1019.8,0.0,2,2,8,236,18667.3,2006.0,Hot-Humid
2016-08-23 03:00:00,Panther_lodging_Kirk,124.0239,26.1,0.0,23.9,1019.6,1.5,3,2,8,236,18667.3,2006.0,Hot-Humid
2016-08-23 04:00:00,Panther_lodging_Kirk,127.7746,25.6,0.0,23.9,1019.7,0.0,4,2,8,236,18667.3,2006.0,Hot-Humid
2016-08-23 05:00:00,Panther_lodging_Kirk,126.6745,26.1,0.0,23.9,1019.9,0.0,5,2,8,236,18667.3,2006.0,Hot-Humid
2016-08-23 06:00:00,Panther_lodging_Kirk,135.3761,26.1,2.0,23.9,1020.5,0.0,6,2,8,236,18667.3,2006.0,Hot-Humid
2016-08-23 07:00:00,Panther_lodging_Kirk,144.828,26.7,2.0,25.0,1021.0,0.0,7,2,8,236,18667.3,2006.0,Hot-Humid
2016-08-23 08:00:00,Panther_lodging_Kirk,144.6279,30.0,2.0,23.9,1021.3,1.5,8,2,8,236,18667.3,2006.0,Hot-Humid
2016-08-23 09:00:00,Panther_lodging_Kirk,145.328,31.1,2.0,23.9,1021.4,0.0,9,2,8,236,18667.3,2006.0,Hot-Humid
2016-08-23 10:00:00,Panther_lodging_Kirk,146.0282,32.2,4.0,23.9,1021.6,0.0,10,2,8,236,18667.3,2006.0,Hot-Humid
2016-08-23 11:00:00,Panther_lodging_Kirk,152.2794,32.8,4.0,23.3,1021.4,1.5,11,2,8,236,18667.3,2006.0,Hot-Humid
2016-08-23 12:00:00,Panther_lodging_Kirk,153.4296,33.3,4.0,23.3,1021.1,3.1,12,2,8,236,18667.3,2006.0,Hot-Humid
2016-08-23 13:00:00,Panther_lodging_Kirk,160.9311,35.0,6.0,22.8,1020.3,3.1,13,2,8,236,18667.3,2006.0,Hot-Humid
2016-08-23 14:00:00,Panther_lodging_Kirk,162.4313,34.4,6.0,21.1,1019.3,3.6,14,2,8,236,18667.3,2006.0,Hot-Humid
2016-08-23 15:00:00,Panther_lodging_Kirk,165.3319,33.9,6.0,22.2,1019.1,4.6,15,2,8,236,18667.3,2006.0,Hot-Humid
2016-08-23 16:00:00,Panther_lodging_Kirk,166.5321,34.0,6.0,23.0,1018.6,5.7,16,2,8,236,18667.3,2006.0,Hot-Humid
2016-08-23 17:00:00,Panther_lodging_Kirk,168.0324,32.8,6.0,21.1,1018.8,5.7,17,2,8,236,18667.3,2006.0,Hot-Humid
2016-08-23 18:00:00,Panther_lodging_Kirk,176.6841,31.7,6.0,21.7,1019.2,6.7,18,2,8,236,18667.3,2006.0,Hot-Humid
2016-08-23 19:00:00,Panther_lodging_Kirk,180.5848,30.0,6.0,22.8,1019.8,5.1,19,2,8,236,18667.3,2006.0,Hot-Humid
2016-08-23 20:00:00,Panther_lodging_Kirk,173.9336,28.9,5.333333333333333,22.8,1020.3,3.6,20,2,8,236,18667.3,2006.0,Hot-Humid
2016-08-23 21:00:00,Panther_lodging_Kirk,178.6845,28.3,4.666666666666667,23.9,1020.2,3.6,21,2,8,236,18667.3,2006.0,Hot-Humid
2016-08-23 22:00:00,Panther_lodging_Kirk,175.2838,28.3,4.0,25.0,1020.2,3.6,22,2,8,236,18667.3,2006.0,Hot-Humid
2016-08-23 23:00:00,Panther_lodging_Kirk,158.2305,27.8,4.0,25.0,1020.3,4.1,23,2,8,236,18667.3,2006.0,Hot-Humid
2016-08-24 00:00:00,Panther_lodging_Kirk,149.8289,27.8,5.0,25.0,1019.8,3.6,0,3,8,237,18667.3,2006.0,Hot-Humid
2016-08-24 01:00:00,Panther_lodging_Kirk,130.9753,27.2,6.0,25.6,1019.6,3.6,1,3,8,237,18667.3,2006.0,Hot-Humid
2016-08-24 02:00:00,Panther_lodging_Kirk,122.2236,27.2,5.0,25.6,1019.4,2.6,2,3,8,237,18667.3,2006.0,Hot-Humid
2016-08-24 03:00:00,Panther_lodging_Kirk,114.9222,26.7,4.0,25.0,1019.0,3.1,3,3,8,237,18667.3,2006.0,Hot-Humid
2016-08-24 04:00:00,Panther_lodging_Kirk,116.5725,27.2,4.0,25.6,1019.1,3.6,4,3,8,237,18667.3,2006.0,Hot-Humid
2016-08-24 05:00:00,Panther_lodging_Kirk,119.8731,26.7,4.666666666666667,25.6,1019.2,3.1,5,3,8,237,18667.3,2006.0,Hot-Humid
2016-08-24 06:00:00,Panther_lodging_Kirk,125.8243,27.2,5.333333333333333,25.6,1019.5,3.1,6,3,8,237,18667.3,2006.0,Hot-Humid
2016-08-24 07:00:00,Panther_lodging_Kirk,134.876,27.2,6.0,25.6,1020.0,3.6,7,3,8,237,18667.3,2006.0,Hot-Humid
2016-08-24 08:00:00,Panther_lodging_Kirk,124.124,27.8,6.0,25.0,1020.0,3.6,8,3,8,237,18667.3,2006.0,Hot-Humid
2016-08-24 09:00:00,Panther_lodging_Kirk,136.1263,28.9,6.0,25.6,1020.2,3.6,9,3,8,237,18667.3,2006.0,Hot-Humid
2016-08-24 10:00:00,Panther_lodging_Kirk,146.7783,26.1,6.0,23.9,1020.5,8.2,10,3,8,237,18667.3,2006.0,Hot-Humid
2016-08-24 11:00:00,Panther_lodging_Kirk,146.5783,26.0,6.0,24.0,1020.8,4.1,11,3,8,237,18667.3,2006.0,Hot-Humid
2016-08-24 12:00:00,Panther_lodging_Kirk,154.3298,27.8,6.0,25.0,1020.5,3.1,12,3,8,237,18667.3,2006.0,Hot-Humid
2016-08-24 13:00:00,Panther_lodging_Kirk,165.782,27.8,6.0,25.0,1019.6,3.6,13,3,8,237,18667.3,2006.0,Hot-Humid
2016-08-24 14:00:00,Panther_lodging_Kirk,171.8832,31.1,6.0,23.3,1018.9,6.2,14,3,8,237,18667.3,2006.0,Hot-Humid
2016-08-24 15:00:00,Panther_lodging_Kirk,173.5335,32.2,6.0,21.7,1018.3,6.2,15,3,8,237,18667.3,2006.0,Hot-Humid
2016-08-24 16:00:00,Panther_lodging_Kirk,176.8841,31.1,6.0,21.7,1018.1,8.8,16,3,8,237,18667.3,2006.0,Hot-Humid
2016-08-24 17:00:00,Panther_lodging_Kirk,176.9341,31.1,6.0,22.2,1017.6,6.2,17,3,8,237,18667.3,2006.0,Hot-Humid
2016-08-24 18:00:00,Panther_lodging_Kirk,183.8855,30.0,6.0,21.7,1018.1,6.7,18,3,8,237,18667.3,2006.0,Hot-Humid
2016-08-24 19:00:00,Panther_lodging_Kirk,190.0367,28.3,6.0,22.8,1018.9,4.6,19,3,8,237,18667.3,2006.0,Hot-Humid
2016-08-24 20:00:00,Panther_lodging_Kirk,176.43400000000003,27.8,5.0,23.3,1019.2,5.7,20,3,8,237,18667.3,2006.0,Hot-Humid
2016-08-24 21:00:00,Panther_lodging_Kirk,172.6833,27.2,4.0,23.3,1019.2,4.6,21,3,8,237,18667.3,2006.0,Hot-Humid
2016-08-24 22:00:00,Panther_lodging_Kirk,174.7337,26.7,4.0,23.3,1019.2,4.6,22,3,8,237,18667.3,2006.0,Hot-Humid
2016-08-24 23:00:00,Panther_lodging_Kirk,163.9316,26.7,4.0,23.9,1018.7,4.6,23,3,8,237,18667.3,2006.0,Hot-Humid
2016-08-25 00:00:00,Panther_lodging_Kirk,148.6787,26.7,4.0,23.9,1018.2,3.6,0,4,8,238,18667.3,2006.0,Hot-Humid
2016-08-25 01:00:00,Panther_lodging_Kirk,134.476,26.1,2.0,23.3,1017.5,4.6,1,4,8,238,18667.3,2006.0,Hot-Humid
2016-08-25 02:00:00,Panther_lodging_Kirk,132.3255,25.6,2.0,23.3,1016.8,4.1,2,4,8,238,18667.3,2006.0,Hot-Humid
2016-08-25 03:00:00,Panther_lodging_Kirk,128.7748,25.6,0.0,22.8,1016.7,3.1,3,4,8,238,18667.3,2006.0,Hot-Humid
2016-08-25 04:00:00,Panther_lodging_Kirk,124.224,25.6,0.0,22.8,1016.6,1.5,4,4,8,238,18667.3,2006.0,Hot-Humid
2016-08-25 05:00:00,Panther_lodging_Kirk,124.674,25.0,2.0,22.8,1016.7,2.1,5,4,8,238,18667.3,2006.0,Hot-Humid
2016-08-25 06:00:00,Panther_lodging_Kirk,127.7746,25.0,2.0,22.8,1017.3,2.6,6,4,8,238,18667.3,2006.0,Hot-Humid
2016-08-25 07:00:00,Panther_lodging_Kirk,141.2773,26.1,2.0,22.8,1018.0,2.6,7,4,8,238,18667.3,2006.0,Hot-Humid
2016-08-25 08:00:00,Panther_lodging_Kirk,144.5779,28.3,2.0,23.3,1017.7,4.1,8,4,8,238,18667.3,2006.0,Hot-Humid
2016-08-25 09:00:00,Panther_lodging_Kirk,145.378,29.4,2.0,23.3,1017.8,6.2,9,4,8,238,18667.3,2006.0,Hot-Humid
2016-08-25 10:00:00,Panther_lodging_Kirk,156.3302,30.6,4.0,22.8,1017.9,6.7,10,4,8,238,18667.3,2006.0,Hot-Humid
2016-08-25 11:00:00,Panther_lodging_Kirk,168.8826,31.7,4.0,22.2,1017.6,7.2,11,4,8,238,18667.3,2006.0,Hot-Humid
2016-08-25 12:00:00,Panther_lodging_Kirk,167.7324,32.8,4.0,21.7,1017.4,6.7,12,4,8,238,18667.3,2006.0,Hot-Humid
2016-08-25 13:00:00,Panther_lodging_Kirk,167.6824,32.8,4.0,21.1,1016.8,7.7,13,4,8,238,18667.3,2006.0,Hot-Humid
2016-08-25 14:00:00,Panther_lodging_Kirk,178.7345,33.3,4.0,21.1,1016.3,7.2,14,4,8,238,18667.3,2006.0,Hot-Humid
2016-08-25 15:00:00,Panther_lodging_Kirk,179.5846,32.8,4.0,20.6,1015.4,8.8,15,4,8,238,18667.3,2006.0,Hot-Humid
2016-08-25 16:00:00,Panther_lodging_Kirk,171.13299999999995,31.7,4.0,21.1,1015.2,8.2,16,4,8,238,18667.3,2006.0,Hot-Humid
2016-08-25 17:00:00,Panther_lodging_Kirk,182.0851,31.1,4.0,20.0,1015.3,7.2,17,4,8,238,18667.3,2006.0,Hot-Humid
2016-08-25 18:00:00,Panther_lodging_Kirk,185.6858,30.0,4.0,21.1,1016.0,8.2,18,4,8,238,18667.3,2006.0,Hot-Humid
2016-08-25 19:00:00,Panther_lodging_Kirk,177.1342,28.3,4.0,21.1,1016.1,6.2,19,4,8,238,18667.3,2006.0,Hot-Humid
2016-08-25 20:00:00,Panther_lodging_Kirk,194.3375,27.8,2.0,21.7,1015.7,4.6,20,4,8,238,18667.3,2006.0,Hot-Humid
2016-08-25 21:00:00,Panther_lodging_Kirk,190.4868,26.7,2.0,22.2,1016.3,4.1,21,4,8,238,18667.3,2006.0,Hot-Humid
2016-08-25 22:00:00,Panther_lodging_Kirk,169.6327,26.7,4.0,22.2,1016.5,4.1,22,4,8,238,18667.3,2006.0,Hot-Humid
2016-08-25 23:00:00,Panther_lodging_Kirk,172.5333,26.1,4.0,22.8,1016.6,4.1,23,4,8,238,18667.3,2006.0,Hot-Humid
2016-08-26 00:00:00,Panther_lodging_Kirk,171.7832,25.6,2.0,23.3,1016.4,4.1,0,5,8,239,18667.3,2006.0,Hot-Humid
2016-08-26 01:00:00,Panther_lodging_Kirk,145.378,25.6,6.0,23.9,1016.0,3.6,1,5,8,239,18667.3,2006.0,Hot-Humid
2016-08-26 02:00:00,Panther_lodging_Kirk,134.876,25.6,5.0,23.9,1015.6,3.1,2,5,8,239,18667.3,2006.0,Hot-Humid
2016-08-26 03:00:00,Panther_lodging_Kirk,134.3259,25.6,4.0,23.9,1015.2,3.6,3,5,8,239,18667.3,2006.0,Hot-Humid
2016-08-26 04:00:00,Panther_lodging_Kirk,125.5242,25.6,4.0,23.9,1015.4,3.1,4,5,8,239,18667.3,2006.0,Hot-Humid
2016-08-26 05:00:00,Panther_lodging_Kirk,133.4758,25.6,4.0,23.9,1015.7,3.6,5,5,8,239,18667.3,2006.0,Hot-Humid
2016-08-26 06:00:00,Panther_lodging_Kirk,133.0257,25.6,4.0,23.9,1015.8,3.1,6,5,8,239,18667.3,2006.0,Hot-Humid
2016-08-26 07:00:00,Panther_lodging_Kirk,134.5259,26.1,4.0,23.9,1016.3,3.6,7,5,8,239,18667.3,2006.0,Hot-Humid
2016-08-26 08:00:00,Panther_lodging_Kirk,138.9268,27.8,4.0,23.9,1016.7,4.6,8,5,8,239,18667.3,2006.0,Hot-Humid
2016-08-26 09:00:00,Panther_lodging_Kirk,144.2778,29.4,4.0,23.9,1016.3,6.7,9,5,8,239,18667.3,2006.0,Hot-Humid
2016-08-26 10:00:00,Panther_lodging_Kirk,163.0315,30.0,4.5,23.3,1015.8,7.2,10,5,8,239,18667.3,2006.0,Hot-Humid
2016-08-26 11:00:00,Panther_lodging_Kirk,159.9309,31.1,5.0,22.8,1015.9,9.3,11,5,8,239,18667.3,2006.0,Hot-Humid
2016-08-26 12:00:00,Panther_lodging_Kirk,159.0307,32.2,5.5,23.9,1015.2,8.2,12,5,8,239,18667.3,2006.0,Hot-Humid
2016-08-26 13:00:00,Panther_lodging_Kirk,162.8814,32.8,6.0,23.3,1014.9,7.7,13,5,8,239,18667.3,2006.0,Hot-Humid
2016-08-26 14:00:00,Panther_lodging_Kirk,160.0309,31.7,6.0,23.3,1014.7,8.8,14,5,8,239,18667.3,2006.0,Hot-Humid
2016-08-26 15:00:00,Panther_lodging_Kirk,174.8838,31.7,6.0,23.9,1014.2,8.8,15,5,8,239,18667.3,2006.0,Hot-Humid
2016-08-26 16:00:00,Panther_lodging_Kirk,180.1848,27.8,6.0,24.4,1014.2,5.7,16,5,8,239,18667.3,2006.0,Hot-Humid
2016-08-26 17:00:00,Panther_lodging_Kirk,179.8347,30.0,6.0,23.3,1013.8,9.3,17,5,8,239,18667.3,2006.0,Hot-Humid
2016-08-26 18:00:00,Panther_lodging_Kirk,172.5333,28.9,6.0,22.8,1014.4,6.7,18,5,8,239,18667.3,2006.0,Hot-Humid
2016-08-26 19:00:00,Panther_lodging_Kirk,183.7855,28.3,6.0,22.8,1015.0,5.1,19,5,8,239,18667.3,2006.0,Hot-Humid
2016-08-26 20:00:00,Panther_lodging_Kirk,184.3856,28.3,6.333333333333333,22.8,1015.3,4.6,20,5,8,239,18667.3,2006.0,Hot-Humid
2016-08-26 21:00:00,Panther_lodging_Kirk,167.6824,27.2,6.666666666666667,22.8,1015.9,3.6,21,5,8,239,18667.3,2006.0,Hot-Humid
2016-08-26 22:00:00,Panther_lodging_Kirk,173.7835,27.2,7.0,22.8,1016.0,3.6,22,5,8,239,18667.3,2006.0,Hot-Humid
2016-08-26 23:00:00,Panther_lodging_Kirk,170.6829,26.7,7.0,22.8,1015.9,3.6,23,5,8,239,18667.3,2006.0,Hot-Humid
2016-08-27 00:00:00,Panther_lodging_Kirk,162.1813,26.7,7.0,22.8,1016.1,3.1,0,6,8,240,18667.3,2006.0,Hot-Humid
2016-08-27 01:00:00,Panther_lodging_Kirk,140.9772,26.1,8.0,22.8,1015.4,3.1,1,6,8,240,18667.3,2006.0,Hot-Humid
2016-08-27 02:00:00,Panther_lodging_Kirk,134.3259,26.1,7.666666666666667,22.8,1014.3,3.1,2,6,8,240,18667.3,2006.0,Hot-Humid
2016-08-27 03:00:00,Panther_lodging_Kirk,134.976,25.6,7.333333333333333,22.2,1013.7,4.1,3,6,8,240,18667.3,2006.0,Hot-Humid
2016-08-27 04:00:00,Panther_lodging_Kirk,118.8729,25.6,7.0,22.2,1013.8,3.6,4,6,8,240,18667.3,2006.0,Hot-Humid
2016-08-27 05:00:00,Panther_lodging_Kirk,123.9239,25.6,7.0,22.2,1014.1,2.6,5,6,8,240,18667.3,2006.0,Hot-Humid
2016-08-27 06:00:00,Panther_lodging_Kirk,127.3746,25.0,7.0,22.8,1014.5,4.1,6,6,8,240,18667.3,2006.0,Hot-Humid
2016-08-27 07:00:00,Panther_lodging_Kirk,129.8251,26.1,6.0,22.2,1015.2,3.6,7,6,8,240,18667.3,2006.0,Hot-Humid
2016-08-27 08:00:00,Panther_lodging_Kirk,122.0235,27.8,6.0,22.8,1015.3,5.1,8,6,8,240,18667.3,2006.0,Hot-Humid
2016-08-27 09:00:00,Panther_lodging_Kirk,134.826,28.9,6.0,22.8,1015.5,5.7,9,6,8,240,18667.3,2006.0,Hot-Humid
2016-08-27 10:00:00,Panther_lodging_Kirk,138.6768,30.6,6.0,22.8,1015.3,5.7,10,6,8,240,18667.3,2006.0,Hot-Humid
2016-08-27 11:00:00,Panther_lodging_Kirk,148.8287,31.1,6.0,23.3,1015.3,6.7,11,6,8,240,18667.3,2006.0,Hot-Humid
2016-08-27 12:00:00,Panther_lodging_Kirk,164.5318,31.7,6.0,22.8,1015.0,5.1,12,6,8,240,18667.3,2006.0,Hot-Humid
2016-08-27 13:00:00,Panther_lodging_Kirk,167.4323,32.2,6.0,22.8,1014.4,5.1,13,6,8,240,18667.3,2006.0,Hot-Humid
2016-08-27 14:00:00,Panther_lodging_Kirk,172.1832,31.7,6.0,23.3,1013.9,8.2,14,6,8,240,18667.3,2006.0,Hot-Humid
2016-08-27 15:00:00,Panther_lodging_Kirk,154.7799,28.9,6.0,24.4,1013.8,8.2,15,6,8,240,18667.3,2006.0,Hot-Humid
2016-08-27 16:00:00,Panther_lodging_Kirk,159.4308,27.2,6.0,24.4,1014.3,2.6,16,6,8,240,18667.3,2006.0,Hot-Humid
2016-08-27 17:00:00,Panther_lodging_Kirk,161.5812,27.8,6.0,24.4,1013.7,2.1,17,6,8,240,18667.3,2006.0,Hot-Humid
2016-08-27 18:00:00,Panther_lodging_Kirk,166.5821,28.3,6.0,23.9,1013.9,0.0,18,6,8,240,18667.3,2006.0,Hot-Humid
2016-08-27 19:00:00,Panther_lodging_Kirk,163.6816,27.8,6.0,24.4,1014.2,1.5,19,6,8,240,18667.3,2006.0,Hot-Humid
2016-08-27 20:00:00,Panther_lodging_Kirk,157.9805,27.8,4.0,24.4,1014.6,2.1,20,6,8,240,18667.3,2006.0,Hot-Humid
2016-08-27 21:00:00,Panther_lodging_Kirk,160.2809,27.2,2.0,24.4,1014.9,2.6,21,6,8,240,18667.3,2006.0,Hot-Humid
2016-08-27 22:00:00,Panther_lodging_Kirk,161.2311,27.2,4.0,24.4,1015.2,3.1,22,6,8,240,18667.3,2006.0,Hot-Humid
2016-08-27 23:00:00,Panther_lodging_Kirk,150.129,26.7,4.0,24.4,1015.1,3.1,23,6,8,240,18667.3,2006.0,Hot-Humid
2016-08-28 00:00:00,Panther_lodging_Kirk,148.6787,26.7,5.0,25.0,1014.9,4.6,0,7,8,241,18667.3,2006.0,Hot-Humid
2016-08-28 01:00:00,Panther_lodging_Kirk,132.5756,26.7,6.0,25.0,1014.8,4.1,1,7,8,241,18667.3,2006.0,Hot-Humid
2016-08-28 02:00:00,Panther_lodging_Kirk,132.5256,26.7,5.0,25.0,1014.4,3.1,2,7,8,241,18667.3,2006.0,Hot-Humid
2016-08-28 03:00:00,Panther_lodging_Kirk,128.7248,26.1,4.0,25.0,1014.1,3.6,3,7,8,241,18667.3,2006.0,Hot-Humid
2016-08-28 04:00:00,Panther_lodging_Kirk,123.3738,26.7,4.0,25.0,1014.1,3.6,4,7,8,241,18667.3,2006.0,Hot-Humid
2016-08-28 05:00:00,Panther_lodging_Kirk,121.6735,26.1,4.0,25.0,1014.8,4.1,5,7,8,241,18667.3,2006.0,Hot-Humid
2016-08-28 06:00:00,Panther_lodging_Kirk,121.7735,26.1,4.0,24.4,1015.1,3.1,6,7,8,241,18667.3,2006.0,Hot-Humid
2016-08-28 07:00:00,Panther_lodging_Kirk,120.7733,26.7,2.0,25.0,1015.5,3.6,7,7,8,241,18667.3,2006.0,Hot-Humid
2016-08-28 08:00:00,Panther_lodging_Kirk,121.0233,28.3,2.0,25.6,1015.7,5.1,8,7,8,241,18667.3,2006.0,Hot-Humid
2016-08-28 09:00:00,Panther_lodging_Kirk,114.5221,30.0,2.0,24.4,1016.0,5.7,9,7,8,241,18667.3,2006.0,Hot-Humid
2016-08-28 10:00:00,Panther_lodging_Kirk,127.7746,31.1,4.0,23.9,1015.9,5.7,10,7,8,241,18667.3,2006.0,Hot-Humid
2016-08-28 11:00:00,Panther_lodging_Kirk,136.0763,31.7,4.0,23.3,1015.7,6.2,11,7,8,241,18667.3,2006.0,Hot-Humid
2016-08-28 12:00:00,Panther_lodging_Kirk,150.7791,32.2,4.0,23.9,1015.0,5.1,12,7,8,241,18667.3,2006.0,Hot-Humid
2016-08-28 13:00:00,Panther_lodging_Kirk,156.9303,30.6,6.0,23.3,1014.7,4.6,13,7,8,241,18667.3,2006.0,Hot-Humid
2016-08-28 14:00:00,Panther_lodging_Kirk,155.9301,31.7,6.0,23.3,1013.8,6.2,14,7,8,241,18667.3,2006.0,Hot-Humid
2016-08-28 15:00:00,Panther_lodging_Kirk,169.5327,28.3,6.0,24.4,1013.6,5.1,15,7,8,241,18667.3,2006.0,Hot-Humid
2016-08-28 16:00:00,Panther_lodging_Kirk,175.884,27.2,6.0,24.4,1013.7,4.1,16,7,8,241,18667.3,2006.0,Hot-Humid
2016-08-28 17:00:00,Panther_lodging_Kirk,175.3839,27.8,6.0,23.3,1013.7,5.7,17,7,8,241,18667.3,2006.0,Hot-Humid
2016-08-28 18:00:00,Panther_lodging_Kirk,173.4835,27.8,6.0,23.9,1013.6,3.6,18,7,8,241,18667.3,2006.0,Hot-Humid
2016-08-28 19:00:00,Panther_lodging_Kirk,169.1826,27.2,6.0,23.3,1013.9,4.1,19,7,8,241,18667.3,2006.0,Hot-Humid
2016-08-28 20:00:00,Panther_lodging_Kirk,182.7353,26.7,4.0,23.9,1014.4,2.6,20,7,8,241,18667.3,2006.0,Hot-Humid
2016-08-28 21:00:00,Panther_lodging_Kirk,184.8857,26.7,2.0,23.3,1014.9,3.6,21,7,8,241,18667.3,2006.0,Hot-Humid
2016-08-28 22:00:00,Panther_lodging_Kirk,166.4321,26.1,2.0,23.9,1015.2,3.1,22,7,8,241,18667.3,2006.0,Hot-Humid
2016-08-28 23:00:00,Panther_lodging_Kirk,161.9813,26.1,0.0,24.4,1014.9,3.6,23,7,8,241,18667.3,2006.0,Hot-Humid
2016-08-29 00:00:00,Panther_lodging_Kirk,153.6797,26.1,2.0,23.9,1014.5,2.6,0,1,8,242,18667.3,2006.0,Hot-Humid
2016-08-29 01:00:00,Panther_lodging_Kirk,140.5271,26.1,2.0,23.9,1014.1,3.6,1,1,8,242,18667.3,2006.0,Hot-Humid
2016-08-29 02:00:00,Panther_lodging_Kirk,131.6754,26.1,4.0,23.9,1014.2,3.6,2,1,8,242,18667.3,2006.0,Hot-Humid
2016-08-29 03:00:00,Panther_lodging_Kirk,123.4738,25.6,2.0,23.3,1013.8,3.1,3,1,8,242,18667.3,2006.0,Hot-Humid
2016-08-29 04:00:00,Panther_lodging_Kirk,132.9257,25.6,2.0,23.3,1013.8,3.6,4,1,8,242,18667.3,2006.0,Hot-Humid
2016-08-29 05:00:00,Panther_lodging_Kirk,124.1739,25.0,2.0,23.3,1013.7,2.6,5,1,8,242,18667.3,2006.0,Hot-Humid
2016-08-29 06:00:00,Panther_lodging_Kirk,130.2751,25.0,2.0,23.3,1013.8,2.6,6,1,8,242,18667.3,2006.0,Hot-Humid
2016-08-29 07:00:00,Panther_lodging_Kirk,133.9259,26.1,2.0,23.3,1014.2,3.6,7,1,8,242,18667.3,2006.0,Hot-Humid
2016-08-29 08:00:00,Panther_lodging_Kirk,137.9766,28.3,2.0,25.0,1014.2,4.1,8,1,8,242,18667.3,2006.0,Hot-Humid
2016-08-29 09:00:00,Panther_lodging_Kirk,143.5277,29.4,2.8,25.0,1014.6,5.1,9,1,8,242,18667.3,2006.0,Hot-Humid
2016-08-29 10:00:00,Panther_lodging_Kirk,159.3307,30.0,3.6,23.9,1014.8,5.7,10,1,8,242,18667.3,2006.0,Hot-Humid
2016-08-29 11:00:00,Panther_lodging_Kirk,153.0295,27.0,4.4,23.0,1015.0,4.6,11,1,8,242,18667.3,2006.0,Hot-Humid
2016-08-29 12:00:00,Panther_lodging_Kirk,152.6795,30.6,4.4,24.4,1014.1,5.1,12,1,8,242,18667.3,2006.0,Hot-Humid
2016-08-29 13:00:00,Panther_lodging_Kirk,164.3317,27.2,6.0,24.4,1014.5,6.7,13,1,8,242,18667.3,2006.0,Hot-Humid
2016-08-29 14:00:00,Panther_lodging_Kirk,162.5814,27.8,6.0,24.4,1014.1,5.7,14,1,8,242,18667.3,2006.0,Hot-Humid
2016-08-29 15:00:00,Panther_lodging_Kirk,166.3321,26.7,6.0,24.4,1013.6,4.1,15,1,8,242,18667.3,2006.0,Hot-Humid
2016-08-29 16:00:00,Panther_lodging_Kirk,178.4344,28.3,6.0,23.9,1012.9,5.7,16,1,8,242,18667.3,2006.0,Hot-Humid
2016-08-29 17:00:00,Panther_lodging_Kirk,183.7855,28.3,6.0,23.9,1013.5,3.6,17,1,8,242,18667.3,2006.0,Hot-Humid
2016-08-29 18:00:00,Panther_lodging_Kirk,191.2869,25.6,6.0,23.3,1013.5,3.6,18,1,8,242,18667.3,2006.0,Hot-Humid
2016-08-29 19:00:00,Panther_lodging_Kirk,191.0369,26.1,6.0,23.3,1014.2,3.1,19,1,8,242,18667.3,2006.0,Hot-Humid
2016-08-29 20:00:00,Panther_lodging_Kirk,203.0892,25.0,5.666666666666667,22.8,1013.7,3.6,20,1,8,242,18667.3,2006.0,Hot-Humid
2016-08-29 21:00:00,Panther_lodging_Kirk,198.1882,24.4,5.333333333333333,22.8,1014.0,3.6,21,1,8,242,18667.3,2006.0,Hot-Humid
2016-08-29 22:00:00,Panther_lodging_Kirk,190.7868,24.4,5.0,22.8,1014.5,2.6,22,1,8,242,18667.3,2006.0,Hot-Humid
2016-08-29 23:00:00,Panther_lodging_Kirk,182.6853,24.4,5.0,22.8,1014.8,3.6,23,1,8,242,18667.3,2006.0,Hot-Humid
2016-08-30 00:00:00,Panther_lodging_Kirk,159.8308,24.4,5.0,23.3,1014.4,2.6,0,2,8,243,18667.3,2006.0,Hot-Humid
2016-08-30 01:00:00,Panther_lodging_Kirk,155.9301,24.4,4.0,23.3,1014.1,2.6,1,2,8,243,18667.3,2006.0,Hot-Humid
2016-08-30 02:00:00,Panther_lodging_Kirk,121.9735,24.4,4.0,23.3,1013.7,3.1,2,2,8,243,18667.3,2006.0,Hot-Humid
2016-08-30 03:00:00,Panther_lodging_Kirk,122.0235,23.9,4.0,22.2,1013.2,2.1,3,2,8,243,18667.3,2006.0,Hot-Humid
2016-08-30 04:00:00,Panther_lodging_Kirk,126.2744,23.3,3.0,22.2,1013.0,2.1,4,2,8,243,18667.3,2006.0,Hot-Humid
2016-08-30 05:00:00,Panther_lodging_Kirk,129.675,23.9,2.0,22.2,1013.0,2.1,5,2,8,243,18667.3,2006.0,Hot-Humid
2016-08-30 06:00:00,Panther_lodging_Kirk,129.0249,23.9,4.0,22.8,1012.9,2.6,6,2,8,243,18667.3,2006.0,Hot-Humid
2016-08-30 07:00:00,Panther_lodging_Kirk,130.1251,24.4,4.0,23.3,1013.4,2.6,7,2,8,243,18667.3,2006.0,Hot-Humid
2016-08-30 08:00:00,Panther_lodging_Kirk,146.1782,25.6,4.0,23.3,1014.0,2.6,8,2,8,243,18667.3,2006.0,Hot-Humid
2016-08-30 09:00:00,Panther_lodging_Kirk,142.3275,27.2,4.0,23.9,1014.0,3.1,9,2,8,243,18667.3,2006.0,Hot-Humid
2016-08-30 10:00:00,Panther_lodging_Kirk,143.3277,28.3,4.0,23.3,1014.0,3.1,10,2,8,243,18667.3,2006.0,Hot-Humid
2016-08-30 11:00:00,Panther_lodging_Kirk,153.6797,30.0,4.0,23.3,1013.6,3.6,11,2,8,243,18667.3,2006.0,Hot-Humid
2016-08-30 12:00:00,Panther_lodging_Kirk,150.8291,30.0,4.0,23.3,1013.0,2.6,12,2,8,243,18667.3,2006.0,Hot-Humid
2016-08-30 13:00:00,Panther_lodging_Kirk,161.5312,31.7,6.0,23.3,1012.4,2.1,13,2,8,243,18667.3,2006.0,Hot-Humid
2016-08-30 14:00:00,Panther_lodging_Kirk,159.6308,31.1,6.0,22.8,1011.8,5.7,14,2,8,243,18667.3,2006.0,Hot-Humid
2016-08-30 15:00:00,Panther_lodging_Kirk,165.4319,27.2,6.0,23.0,1011.9,5.1,15,2,8,243,18667.3,2006.0,Hot-Humid
2016-08-30 16:00:00,Panther_lodging_Kirk,172.0332,26.7,6.0,23.3,1012.2,4.6,16,2,8,243,18667.3,2006.0,Hot-Humid
2016-08-30 17:00:00,Panther_lodging_Kirk,174.3336,24.4,6.0,23.3,1012.0,3.6,17,2,8,243,18667.3,2006.0,Hot-Humid
2016-08-30 18:00:00,Panther_lodging_Kirk,183.0353,25.0,6.0,23.9,1012.0,2.1,18,2,8,243,18667.3,2006.0,Hot-Humid
2016-08-30 19:00:00,Panther_lodging_Kirk,179.7847,24.4,6.0,23.3,1012.3,4.1,19,2,8,243,18667.3,2006.0,Hot-Humid
2016-08-30 20:00:00,Panther_lodging_Kirk,191.787,25.0,6.333333333333333,23.3,1012.9,0.0,20,2,8,243,18667.3,2006.0,Hot-Humid
2016-08-30 21:00:00,Panther_lodging_Kirk,187.6862,25.0,6.666666666666667,23.3,1013.4,4.1,21,2,8,243,18667.3,2006.0,Hot-Humid
2016-08-30 22:00:00,Panther_lodging_Kirk,183.6354,24.4,7.0,23.3,1013.5,3.1,22,2,8,243,18667.3,2006.0,Hot-Humid
2016-08-30 23:00:00,Panther_lodging_Kirk,173.2834,24.4,7.0,23.3,1013.6,4.1,23,2,8,243,18667.3,2006.0,Hot-Humid
2016-08-31 00:00:00,Panther_lodging_Kirk,157.1803,25.0,7.0,23.3,1013.4,4.6,0,3,8,244,18667.3,2006.0,Hot-Humid
2016-08-31 01:00:00,Panther_lodging_Kirk,139.92700000000002,24.4,8.0,23.3,1013.1,5.1,1,3,8,244,18667.3,2006.0,Hot-Humid
2016-08-31 02:00:00,Panther_lodging_Kirk,131.4754,25.0,8.0,23.3,1012.7,5.1,2,3,8,244,18667.3,2006.0,Hot-Humid
2016-08-31 03:00:00,Panther_lodging_Kirk,130.0251,25.0,8.0,23.3,1012.6,4.6,3,3,8,244,18667.3,2006.0,Hot-Humid
2016-08-31 04:00:00,Panther_lodging_Kirk,128.8749,24.4,8.0,23.3,1012.5,4.1,4,3,8,244,18667.3,2006.0,Hot-Humid
2016-08-31 05:00:00,Panther_lodging_Kirk,130.0251,24.4,8.0,23.3,1012.7,4.1,5,3,8,244,18667.3,2006.0,Hot-Humid
2016-08-31 06:00:00,Panther_lodging_Kirk,129.625,25.0,8.0,23.3,1012.8,4.6,6,3,8,244,18667.3,2006.0,Hot-Humid
2016-08-31 07:00:00,Panther_lodging_Kirk,136.9764,25.0,8.0,23.3,1012.9,5.1,7,3,8,244,18667.3,2006.0,Hot-Humid
2016-08-31 08:00:00,Panther_lodging_Kirk,132.1255,25.6,8.0,23.9,1013.1,3.6,8,3,8,244,18667.3,2006.0,Hot-Humid
2016-08-31 09:00:00,Panther_lodging_Kirk,149.2788,26.7,8.0,23.9,1013.7,5.1,9,3,8,244,18667.3,2006.0,Hot-Humid
2016-08-31 10:00:00,Panther_lodging_Kirk,154.2798,26.7,8.0,23.9,1014.0,3.1,10,3,8,244,18667.3,2006.0,Hot-Humid
2016-08-31 11:00:00,Panther_lodging_Kirk,151.1292,27.8,8.0,23.9,1013.6,3.6,11,3,8,244,18667.3,2006.0,Hot-Humid
2016-08-31 12:00:00,Panther_lodging_Kirk,145.7781,28.9,8.0,23.9,1013.3,5.7,12,3,8,244,18667.3,2006.0,Hot-Humid
2016-08-31 13:00:00,Panther_lodging_Kirk,149.2788,29.4,8.0,23.9,1013.1,3.6,13,3,8,244,18667.3,2006.0,Hot-Humid
2016-08-31 14:00:00,Panther_lodging_Kirk,152.0294,29.4,8.0,23.3,1012.7,4.6,14,3,8,244,18667.3,2006.0,Hot-Humid
2016-08-31 15:00:00,Panther_lodging_Kirk,168.2825,28.9,8.0,23.9,1012.1,5.1,15,3,8,244,18667.3,2006.0,Hot-Humid
2016-08-31 16:00:00,Panther_lodging_Kirk,167.7824,27.2,8.0,23.3,1012.2,12.9,16,3,8,244,18667.3,2006.0,Hot-Humid
2016-08-31 17:00:00,Panther_lodging_Kirk,175.5339,23.3,8.0,21.7,1012.7,3.1,17,3,8,244,18667.3,2006.0,Hot-Humid
2016-08-31 18:00:00,Panther_lodging_Kirk,170.6329,23.9,8.0,22.8,1012.6,2.1,18,3,8,244,18667.3,2006.0,Hot-Humid
2016-08-31 19:00:00,Panther_lodging_Kirk,180.8349,24.4,8.0,23.3,1013.7,2.1,19,3,8,244,18667.3,2006.0,Hot-Humid
2016-08-31 20:00:00,Panther_lodging_Kirk,194.6876,24.4,8.0,23.3,1014.3,0.0,20,3,8,244,18667.3,2006.0,Hot-Humid
2016-08-31 21:00:00,Panther_lodging_Kirk,187.1361,23.9,8.0,22.8,1014.65,6.2,21,3,8,244,18667.3,2006.0,Hot-Humid
2016-08-31 22:00:00,Panther_lodging_Kirk,188.0863,23.9,8.0,22.8,1015.0,2.6,22,3,8,244,18667.3,2006.0,Hot-Humid
2016-08-31 23:00:00,Panther_lodging_Kirk,167.6324,23.3,8.0,22.2,1015.7,3.6,23,3,8,244,18667.3,2006.0,Hot-Humid
2016-09-01 00:00:00,Panther_lodging_Kirk,153.5796,23.3,8.0,22.2,1015.2,2.6,0,4,9,245,18667.3,2006.0,Hot-Humid
2016-09-01 01:00:00,Panther_lodging_Kirk,141.7773,23.3,8.0,22.2,1014.3,2.6,1,4,9,245,18667.3,2006.0,Hot-Humid
2016-09-01 02:00:00,Panther_lodging_Kirk,136.4263,23.3,8.0,22.8,1013.5,2.1,2,4,9,245,18667.3,2006.0,Hot-Humid
2016-09-01 03:00:00,Panther_lodging_Kirk,127.4746,23.3,8.0,22.2,1012.7,3.1,3,4,9,245,18667.3,2006.0,Hot-Humid
2016-09-01 04:00:00,Panther_lodging_Kirk,127.3246,23.3,8.0,22.2,1012.4,3.1,4,4,9,245,18667.3,2006.0,Hot-Humid
2016-09-01 05:00:00,Panther_lodging_Kirk,121.9735,23.3,8.0,22.2,1012.6,2.6,5,4,9,245,18667.3,2006.0,Hot-Humid
2016-09-01 06:00:00,Panther_lodging_Kirk,131.0253,23.3,8.0,22.2,1012.8,4.1,6,4,9,245,18667.3,2006.0,Hot-Humid
2016-09-01 07:00:00,Panther_lodging_Kirk,131.6754,23.3,8.0,22.2,1013.2,3.6,7,4,9,245,18667.3,2006.0,Hot-Humid
2016-09-01 08:00:00,Panther_lodging_Kirk,143.0276,24.4,8.0,22.8,1013.5,3.6,8,4,9,245,18667.3,2006.0,Hot-Humid
2016-09-01 09:00:00,Panther_lodging_Kirk,135.6262,25.6,8.0,23.3,1013.6,3.6,9,4,9,245,18667.3,2006.0,Hot-Humid
2016-09-01 10:00:00,Panther_lodging_Kirk,150.6791,27.8,8.0,24.4,1013.4,5.1,10,4,9,245,18667.3,2006.0,Hot-Humid
2016-09-01 11:00:00,Panther_lodging_Kirk,150.179,28.9,8.0,24.4,1013.3,3.6,11,4,9,245,18667.3,2006.0,Hot-Humid
2016-09-01 12:00:00,Panther_lodging_Kirk,148.6787,30.0,8.0,24.4,1012.7,7.2,12,4,9,245,18667.3,2006.0,Hot-Humid
2016-09-01 13:00:00,Panther_lodging_Kirk,154.3798,30.0,8.0,24.4,1012.4,4.1,13,4,9,245,18667.3,2006.0,Hot-Humid
2016-09-01 14:00:00,Panther_lodging_Kirk,148.2786,29.4,8.0,24.4,1011.7,5.7,14,4,9,245,18667.3,2006.0,Hot-Humid
2016-09-01 15:00:00,Panther_lodging_Kirk,165.93200000000004,28.3,8.0,25.0,1011.2,2.6,15,4,9,245,18667.3,2006.0,Hot-Humid
2016-09-01 16:00:00,Panther_lodging_Kirk,167.8824,28.3,8.0,23.3,1011.3,7.7,16,4,9,245,18667.3,2006.0,Hot-Humid
2016-09-01 17:00:00,Panther_lodging_Kirk,166.082,27.2,8.0,22.8,1011.0,5.7,17,4,9,245,18667.3,2006.0,Hot-Humid
2016-09-01 18:00:00,Panther_lodging_Kirk,163.7816,26.1,8.0,22.8,1011.1,4.6,18,4,9,245,18667.3,2006.0,Hot-Humid
2016-09-01 19:00:00,Panther_lodging_Kirk,162.2813,25.6,8.0,23.9,1011.2,9.3,19,4,9,245,18667.3,2006.0,Hot-Humid
2016-09-01 20:00:00,Panther_lodging_Kirk,174.3336,25.0,8.0,23.9,1011.0,4.1,20,4,9,245,18667.3,2006.0,Hot-Humid
2016-09-01 21:00:00,Panther_lodging_Kirk,180.8849,26.1,8.0,23.9,1011.2,4.6,21,4,9,245,18667.3,2006.0,Hot-Humid
2016-09-01 22:00:00,Panther_lodging_Kirk,174.6337,26.7,8.0,23.9,1010.9,7.2,22,4,9,245,18667.3,2006.0,Hot-Humid
2016-09-01 23:00:00,Panther_lodging_Kirk,165.532,27.2,8.0,24.4,1011.1,7.2,23,4,9,245,18667.3,2006.0,Hot-Humid
2016-09-02 00:00:00,Panther_lodging_Kirk,149.0288,27.2,8.0,24.4,1011.2,6.7,0,5,9,246,18667.3,2006.0,Hot-Humid
2016-09-02 01:00:00,Panther_lodging_Kirk,142.3775,27.2,8.0,24.4,1010.3,7.7,1,5,9,246,18667.3,2006.0,Hot-Humid
2016-09-02 02:00:00,Panther_lodging_Kirk,126.2744,27.8,8.0,23.9,1010.2,8.2,2,5,9,246,18667.3,2006.0,Hot-Humid
2016-09-02 03:00:00,Panther_lodging_Kirk,126.3244,27.8,8.0,23.9,1010.1,7.7,3,5,9,246,18667.3,2006.0,Hot-Humid
2016-09-02 04:00:00,Panther_lodging_Kirk,119.5731,27.2,8.0,24.4,1010.7,6.7,4,5,9,246,18667.3,2006.0,Hot-Humid
2016-09-02 05:00:00,Panther_lodging_Kirk,122.6737,27.2,8.0,24.4,1012.3,6.7,5,5,9,246,18667.3,2006.0,Hot-Humid
2016-09-02 06:00:00,Panther_lodging_Kirk,119.5731,24.4,8.0,22.8,1012.3,3.6,6,5,9,246,18667.3,2006.0,Hot-Humid
2016-09-02 07:00:00,Panther_lodging_Kirk,130.5252,26.1,8.0,25.0,1012.4,5.1,7,5,9,246,18667.3,2006.0,Hot-Humid
2016-09-02 08:00:00,Panther_lodging_Kirk,140.6271,25.6,7.666666666666667,22.8,1012.5,7.7,8,5,9,246,18667.3,2006.0,Hot-Humid
2016-09-02 09:00:00,Panther_lodging_Kirk,141.5773,25.0,7.333333333333333,23.3,1013.2,5.1,9,5,9,246,18667.3,2006.0,Hot-Humid
2016-09-02 10:00:00,Panther_lodging_Kirk,142.5275,23.9,7.0,22.2,1014.0,7.2,10,5,9,246,18667.3,2006.0,Hot-Humid
2016-09-02 11:00:00,Panther_lodging_Kirk,137.6266,24.4,7.0,22.8,1014.5,7.2,11,5,9,246,18667.3,2006.0,Hot-Humid
2016-09-02 12:00:00,Panther_lodging_Kirk,140.7272,26.1,7.0,22.8,1014.3,8.8,12,5,9,246,18667.3,2006.0,Hot-Humid
2016-09-02 13:00:00,Panther_lodging_Kirk,147.4285,26.7,6.0,22.2,1013.8,6.7,13,5,9,246,18667.3,2006.0,Hot-Humid
2016-09-02 14:00:00,Panther_lodging_Kirk,165.632,28.3,6.0,21.7,1013.8,8.8,14,5,9,246,18667.3,2006.0,Hot-Humid
2016-09-02 15:00:00,Panther_lodging_Kirk,158.0805,27.8,6.0,22.2,1014.0,7.2,15,5,9,246,18667.3,2006.0,Hot-Humid
2016-09-02 16:00:00,Panther_lodging_Kirk,143.1776,29.4,6.0,22.8,1013.6,6.2,16,5,9,246,18667.3,2006.0,Hot-Humid
2016-09-02 17:00:00,Panther_lodging_Kirk,160.681,29.4,6.0,22.8,1013.5,5.7,17,5,9,246,18667.3,2006.0,Hot-Humid
2016-09-02 18:00:00,Panther_lodging_Kirk,157.9805,28.3,6.0,22.8,1014.2,4.6,18,5,9,246,18667.3,2006.0,Hot-Humid
2016-09-02 19:00:00,Panther_lodging_Kirk,164.8818,27.2,6.0,22.8,1014.4,4.6,19,5,9,246,18667.3,2006.0,Hot-Humid
2016-09-02 20:00:00,Panther_lodging_Kirk,164.9818,27.2,6.333333333333333,22.2,1015.2,4.1,20,5,9,246,18667.3,2006.0,Hot-Humid
2016-09-02 21:00:00,Panther_lodging_Kirk,169.5827,26.7,6.666666666666667,21.7,1015.7,3.1,21,5,9,246,18667.3,2006.0,Hot-Humid
2016-09-02 22:00:00,Panther_lodging_Kirk,177.7843,25.6,7.0,22.2,1015.5,2.1,22,5,9,246,18667.3,2006.0,Hot-Humid
2016-09-02 23:00:00,Panther_lodging_Kirk,165.3819,25.0,7.0,22.2,1015.6,0.0,23,5,9,246,18667.3,2006.0,Hot-Humid
2016-09-03 00:00:00,Panther_lodging_Kirk,151.9293,24.4,7.0,22.2,1015.8,1.5,0,6,9,247,18667.3,2006.0,Hot-Humid
2016-09-03 01:00:00,Panther_lodging_Kirk,148.0286,24.4,8.0,22.8,1015.6,2.1,1,6,9,247,18667.3,2006.0,Hot-Humid
2016-09-03 02:00:00,Panther_lodging_Kirk,135.7262,24.4,7.666666666666667,23.3,1015.4,1.5,2,6,9,247,18667.3,2006.0,Hot-Humid
2016-09-03 03:00:00,Panther_lodging_Kirk,133.5758,24.4,7.333333333333333,23.3,1015.5,2.1,3,6,9,247,18667.3,2006.0,Hot-Humid
2016-09-03 04:00:00,Panther_lodging_Kirk,126.2744,24.4,7.0,23.3,1015.6,2.6,4,6,9,247,18667.3,2006.0,Hot-Humid
2016-09-03 05:00:00,Panther_lodging_Kirk,131.4754,23.9,7.0,23.3,1015.8,2.1,5,6,9,247,18667.3,2006.0,Hot-Humid
2016-09-03 06:00:00,Panther_lodging_Kirk,126.2744,23.9,7.0,22.8,1016.1,2.6,6,6,9,247,18667.3,2006.0,Hot-Humid
2016-09-03 07:00:00,Panther_lodging_Kirk,130.7752,23.9,6.0,23.3,1016.6,2.6,7,6,9,247,18667.3,2006.0,Hot-Humid
2016-09-03 08:00:00,Panther_lodging_Kirk,138.2767,25.6,4.0,23.3,1016.7,3.6,8,6,9,247,18667.3,2006.0,Hot-Humid
2016-09-03 09:00:00,Panther_lodging_Kirk,126.6745,27.2,4.0,23.3,1017.3,2.6,9,6,9,247,18667.3,2006.0,Hot-Humid
2016-09-03 10:00:00,Panther_lodging_Kirk,139.1268,28.9,4.0,23.3,1017.2,2.6,10,6,9,247,18667.3,2006.0,Hot-Humid
2016-09-03 11:00:00,Panther_lodging_Kirk,142.9776,28.3,4.666666666666667,23.3,1017.6,3.1,11,6,9,247,18667.3,2006.0,Hot-Humid
2016-09-03 12:00:00,Panther_lodging_Kirk,150.9791,23.9,5.333333333333333,22.8,1017.5,2.1,12,6,9,247,18667.3,2006.0,Hot-Humid
2016-09-03 13:00:00,Panther_lodging_Kirk,153.7297,27.2,6.0,23.3,1017.4,3.6,13,6,9,247,18667.3,2006.0,Hot-Humid
2016-09-03 14:00:00,Panther_lodging_Kirk,157.2804,28.9,6.0,23.3,1016.8,3.6,14,6,9,247,18667.3,2006.0,Hot-Humid
2016-09-03 15:00:00,Panther_lodging_Kirk,153.0295,30.6,6.0,22.8,1015.9,3.6,15,6,9,247,18667.3,2006.0,Hot-Humid
2016-09-03 16:00:00,Panther_lodging_Kirk,154.7799,30.6,6.0,22.2,1016.1,5.7,16,6,9,247,18667.3,2006.0,Hot-Humid
2016-09-03 17:00:00,Panther_lodging_Kirk,149.9289,30.0,6.0,21.7,1015.9,4.1,17,6,9,247,18667.3,2006.0,Hot-Humid
2016-09-03 18:00:00,Panther_lodging_Kirk,153.1796,30.0,6.0,22.2,1015.8,3.1,18,6,9,247,18667.3,2006.0,Hot-Humid
2016-09-03 19:00:00,Panther_lodging_Kirk,160.481,28.9,6.0,22.2,1016.7,1.5,19,6,9,247,18667.3,2006.0,Hot-Humid
2016-09-03 20:00:00,Panther_lodging_Kirk,158.8306,28.3,5.333333333333333,22.8,1017.7,2.1,20,6,9,247,18667.3,2006.0,Hot-Humid
2016-09-03 21:00:00,Panther_lodging_Kirk,146.1782,28.3,4.666666666666667,23.3,1018.0,2.1,21,6,9,247,18667.3,2006.0,Hot-Humid
2016-09-03 22:00:00,Panther_lodging_Kirk,152.7295,27.8,4.0,23.3,1018.4,3.1,22,6,9,247,18667.3,2006.0,Hot-Humid
2016-09-03 23:00:00,Panther_lodging_Kirk,155.28,27.2,4.0,23.3,1018.5,2.6,23,6,9,247,18667.3,2006.0,Hot-Humid
2016-09-04 00:00:00,Panther_lodging_Kirk,152.3794,26.1,4.0,23.3,1018.7,0.0,0,7,9,248,18667.3,2006.0,Hot-Humid
2016-09-04 01:00:00,Panther_lodging_Kirk,139.827,25.0,4.0,23.3,1018.0,0.0,1,7,9,248,18667.3,2006.0,Hot-Humid
2016-09-04 02:00:00,Panther_lodging_Kirk,140.3271,25.0,2.0,23.3,1017.5,0.0,2,7,9,248,18667.3,2006.0,Hot-Humid
2016-09-04 03:00:00,Panther_lodging_Kirk,131.9755,23.9,2.0,22.8,1017.4,1.5,3,7,9,248,18667.3,2006.0,Hot-Humid
2016-09-04 04:00:00,Panther_lodging_Kirk,134.92600000000002,25.0,4.0,23.9,1017.5,0.0,4,7,9,248,18667.3,2006.0,Hot-Humid
2016-09-04 05:00:00,Panther_lodging_Kirk,130.3752,25.0,2.0,23.3,1017.8,1.5,5,7,9,248,18667.3,2006.0,Hot-Humid
2016-09-04 06:00:00,Panther_lodging_Kirk,119.023,25.0,4.0,23.3,1018.0,0.0,6,7,9,248,18667.3,2006.0,Hot-Humid
2016-09-04 07:00:00,Panther_lodging_Kirk,123.7239,25.6,4.0,23.9,1018.5,1.5,7,7,9,248,18667.3,2006.0,Hot-Humid
2016-09-04 08:00:00,Panther_lodging_Kirk,130.7752,26.7,4.0,23.3,1019.0,2.1,8,7,9,248,18667.3,2006.0,Hot-Humid
2016-09-04 09:00:00,Panther_lodging_Kirk,129.8751,28.3,4.0,22.8,1019.3,0.0,9,7,9,248,18667.3,2006.0,Hot-Humid
2016-09-04 10:00:00,Panther_lodging_Kirk,136.8764,30.6,4.0,22.2,1019.5,0.0,10,7,9,248,18667.3,2006.0,Hot-Humid
2016-09-04 11:00:00,Panther_lodging_Kirk,139.2269,31.1,4.0,22.2,1019.5,2.1,11,7,9,248,18667.3,2006.0,Hot-Humid
2016-09-04 12:00:00,Panther_lodging_Kirk,149.0288,31.7,5.0,21.7,1019.0,0.0,12,7,9,248,18667.3,2006.0,Hot-Humid
2016-09-04 13:00:00,Panther_lodging_Kirk,150.47899999999996,31.1,6.0,21.7,1018.3,0.0,13,7,9,248,18667.3,2006.0,Hot-Humid
2016-09-04 14:00:00,Panther_lodging_Kirk,152.6795,32.2,6.333333333333333,21.7,1017.4,2.6,14,7,9,248,18667.3,2006.0,Hot-Humid
2016-09-04 15:00:00,Panther_lodging_Kirk,148.6287,32.8,6.666666666666667,22.2,1016.5,2.6,15,7,9,248,18667.3,2006.0,Hot-Humid
2016-09-04 16:00:00,Panther_lodging_Kirk,157.2804,31.7,7.0,22.8,1016.3,4.6,16,7,9,248,18667.3,2006.0,Hot-Humid
2016-09-04 17:00:00,Panther_lodging_Kirk,162.8814,25.0,7.0,22.2,1017.3,6.7,17,7,9,248,18667.3,2006.0,Hot-Humid
2016-09-04 18:00:00,Panther_lodging_Kirk,153.6797,24.0,7.0,23.0,1019.1,0.0,18,7,9,248,18667.3,2006.0,Hot-Humid
2016-09-04 19:00:00,Panther_lodging_Kirk,158.7807,23.9,8.0,22.8,1018.9,0.0,19,7,9,248,18667.3,2006.0,Hot-Humid
2016-09-04 20:00:00,Panther_lodging_Kirk,160.781,23.9,7.666666666666667,23.3,1019.1,1.5,20,7,9,248,18667.3,2006.0,Hot-Humid
2016-09-04 21:00:00,Panther_lodging_Kirk,165.93200000000004,23.9,7.333333333333333,23.3,1019.1,0.0,21,7,9,248,18667.3,2006.0,Hot-Humid
2016-09-04 22:00:00,Panther_lodging_Kirk,163.2815,24.4,7.0,23.3,1020.1,2.6,22,7,9,248,18667.3,2006.0,Hot-Humid
2016-09-04 23:00:00,Panther_lodging_Kirk,148.2286,24.4,7.0,23.9,1019.5,2.1,23,7,9,248,18667.3,2006.0,Hot-Humid
2016-09-05 00:00:00,Panther_lodging_Kirk,142.8776,23.9,7.0,23.3,1019.5,2.6,0,1,9,249,18667.3,2006.0,Hot-Humid
2016-09-05 01:00:00,Panther_lodging_Kirk,145.078,23.9,6.0,23.3,1019.2,2.6,1,1,9,249,18667.3,2006.0,Hot-Humid
2016-09-05 02:00:00,Panther_lodging_Kirk,143.1276,23.3,5.0,23.3,1018.7,1.5,2,1,9,249,18667.3,2006.0,Hot-Humid
2016-09-05 03:00:00,Panther_lodging_Kirk,138.5267,23.3,4.0,23.3,1018.4,2.1,3,1,9,249,18667.3,2006.0,Hot-Humid
2016-09-05 04:00:00,Panther_lodging_Kirk,131.1753,22.8,3.0,22.8,1018.6,2.1,4,1,9,249,18667.3,2006.0,Hot-Humid
2016-09-05 05:00:00,Panther_lodging_Kirk,123.8739,22.8,2.0,22.8,1018.7,3.1,5,1,9,249,18667.3,2006.0,Hot-Humid
2016-09-05 06:00:00,Panther_lodging_Kirk,130.4252,22.2,2.0,22.2,1019.1,2.1,6,1,9,249,18667.3,2006.0,Hot-Humid
2016-09-05 07:00:00,Panther_lodging_Kirk,124.624,22.8,6.0,22.8,1019.6,3.1,7,1,9,249,18667.3,2006.0,Hot-Humid
2016-09-05 08:00:00,Panther_lodging_Kirk,117.8727,24.4,5.0,23.9,1020.1,2.6,8,1,9,249,18667.3,2006.0,Hot-Humid
2016-09-05 09:00:00,Panther_lodging_Kirk,124.674,27.2,4.0,23.9,1020.3,4.6,9,1,9,249,18667.3,2006.0,Hot-Humid
2016-09-05 10:00:00,Panther_lodging_Kirk,138.4767,29.4,4.5,23.9,1020.6,4.6,10,1,9,249,18667.3,2006.0,Hot-Humid
2016-09-05 11:00:00,Panther_lodging_Kirk,148.3286,30.6,5.0,23.3,1020.2,5.1,11,1,9,249,18667.3,2006.0,Hot-Humid
2016-09-05 12:00:00,Panther_lodging_Kirk,162.9814,29.4,5.5,23.3,1020.0,5.7,12,1,9,249,18667.3,2006.0,Hot-Humid
2016-09-05 13:00:00,Panther_lodging_Kirk,156.9803,26.1,6.0,23.9,1020.1,6.7,13,1,9,249,18667.3,2006.0,Hot-Humid
2016-09-05 14:00:00,Panther_lodging_Kirk,153.7797,27.2,6.0,23.3,1019.7,5.7,14,1,9,249,18667.3,2006.0,Hot-Humid
2016-09-05 15:00:00,Panther_lodging_Kirk,148.8787,27.8,6.0,21.7,1019.0,6.7,15,1,9,249,18667.3,2006.0,Hot-Humid
2016-09-05 16:00:00,Panther_lodging_Kirk,163.1815,27.2,6.0,21.1,1018.8,7.2,16,1,9,249,18667.3,2006.0,Hot-Humid
2016-09-05 17:00:00,Panther_lodging_Kirk,168.4325,27.8,6.0,21.1,1018.9,7.2,17,1,9,249,18667.3,2006.0,Hot-Humid
2016-09-05 18:00:00,Panther_lodging_Kirk,183.4854,27.2,6.0,21.1,1019.3,6.7,18,1,9,249,18667.3,2006.0,Hot-Humid
2016-09-05 19:00:00,Panther_lodging_Kirk,191.9871,26.7,6.0,20.6,1019.8,5.7,19,1,9,249,18667.3,2006.0,Hot-Humid
2016-09-05 20:00:00,Panther_lodging_Kirk,188.8865,26.1,5.0,20.6,1020.4,4.6,20,1,9,249,18667.3,2006.0,Hot-Humid
2016-09-05 21:00:00,Panther_lodging_Kirk,196.3879,25.6,4.0,20.6,1020.9,4.1,21,1,9,249,18667.3,2006.0,Hot-Humid
2016-09-05 22:00:00,Panther_lodging_Kirk,183.7354,25.6,3.0,20.0,1021.1,3.6,22,1,9,249,18667.3,2006.0,Hot-Humid
2016-09-05 23:00:00,Panther_lodging_Kirk,164.9318,24.4,2.0,20.6,1021.0,3.6,23,1,9,249,18667.3,2006.0,Hot-Humid
2016-09-06 00:00:00,Panther_lodging_Kirk,160.431,23.9,2.0,20.6,1020.8,3.6,0,2,9,250,18667.3,2006.0,Hot-Humid
2016-09-06 01:00:00,Panther_lodging_Kirk,142.8276,23.3,2.0,20.6,1020.5,3.1,1,2,9,250,18667.3,2006.0,Hot-Humid
2016-09-06 02:00:00,Panther_lodging_Kirk,145.178,23.3,0.0,20.0,1019.7,4.1,2,2,9,250,18667.3,2006.0,Hot-Humid
2016-09-06 03:00:00,Panther_lodging_Kirk,137.5766,22.8,0.0,20.0,1019.9,2.6,3,2,9,250,18667.3,2006.0,Hot-Humid
2016-09-06 04:00:00,Panther_lodging_Kirk,124.324,22.2,2.0,20.0,1019.9,2.1,4,2,9,250,18667.3,2006.0,Hot-Humid
2016-09-06 05:00:00,Panther_lodging_Kirk,127.5746,22.2,2.0,20.0,1020.0,2.1,5,2,9,250,18667.3,2006.0,Hot-Humid
2016-09-06 06:00:00,Panther_lodging_Kirk,133.7758,22.2,2.0,20.0,1020.5,3.1,6,2,9,250,18667.3,2006.0,Hot-Humid
2016-09-06 07:00:00,Panther_lodging_Kirk,133.6258,23.3,2.0,20.6,1021.0,3.1,7,2,9,250,18667.3,2006.0,Hot-Humid
2016-09-06 08:00:00,Panther_lodging_Kirk,137.6266,25.0,2.0,20.6,1021.3,3.1,8,2,9,250,18667.3,2006.0,Hot-Humid
2016-09-06 09:00:00,Panther_lodging_Kirk,141.5273,27.8,2.0,20.6,1021.5,3.6,9,2,9,250,18667.3,2006.0,Hot-Humid
2016-09-06 10:00:00,Panther_lodging_Kirk,149.8789,28.9,4.0,20.6,1022.0,4.6,10,2,9,250,18667.3,2006.0,Hot-Humid
2016-09-06 11:00:00,Panther_lodging_Kirk,160.481,30.0,4.0,20.0,1022.0,4.6,11,2,9,250,18667.3,2006.0,Hot-Humid
2016-09-06 12:00:00,Panther_lodging_Kirk,152.8795,31.1,4.0,19.4,1021.6,5.1,12,2,9,250,18667.3,2006.0,Hot-Humid
2016-09-06 13:00:00,Panther_lodging_Kirk,158.7306,31.1,4.0,18.9,1021.0,3.1,13,2,9,250,18667.3,2006.0,Hot-Humid
2016-09-06 14:00:00,Panther_lodging_Kirk,153.0795,31.7,4.0,19.4,1020.3,3.6,14,2,9,250,18667.3,2006.0,Hot-Humid
2016-09-06 15:00:00,Panther_lodging_Kirk,157.9305,31.7,4.0,20.6,1019.8,6.7,15,2,9,250,18667.3,2006.0,Hot-Humid
2016-09-06 16:00:00,Panther_lodging_Kirk,152.1794,30.6,4.0,20.0,1019.5,5.7,16,2,9,250,18667.3,2006.0,Hot-Humid
2016-09-06 17:00:00,Panther_lodging_Kirk,163.6316,30.0,4.0,21.7,1020.0,6.2,17,2,9,250,18667.3,2006.0,Hot-Humid
2016-09-06 18:00:00,Panther_lodging_Kirk,175.7339,28.3,4.0,21.1,1020.2,5.7,18,2,9,250,18667.3,2006.0,Hot-Humid
2016-09-06 19:00:00,Panther_lodging_Kirk,165.982,27.2,4.0,21.1,1020.5,4.6,19,2,9,250,18667.3,2006.0,Hot-Humid
2016-09-06 20:00:00,Panther_lodging_Kirk,179.3846,26.1,0.0,21.1,1020.8,4.1,20,2,9,250,18667.3,2006.0,Hot-Humid
2016-09-06 21:00:00,Panther_lodging_Kirk,191.0869,25.6,0.0,21.1,1021.2,3.6,21,2,9,250,18667.3,2006.0,Hot-Humid
2016-09-06 22:00:00,Panther_lodging_Kirk,193.8374,25.0,4.0,21.1,1021.5,4.1,22,2,9,250,18667.3,2006.0,Hot-Humid
2016-09-06 23:00:00,Panther_lodging_Kirk,176.7341,25.0,5.333333333333333,21.1,1021.4,3.6,23,2,9,250,18667.3,2006.0,Hot-Humid
2016-09-07 00:00:00,Panther_lodging_Kirk,173.7335,25.0,6.666666666666666,21.7,1021.3,3.6,0,3,9,251,18667.3,2006.0,Hot-Humid
2016-09-07 01:00:00,Panther_lodging_Kirk,150.9791,25.0,8.0,21.7,1020.9,2.6,1,3,9,251,18667.3,2006.0,Hot-Humid
2016-09-07 02:00:00,Panther_lodging_Kirk,139.2769,24.4,4.0,21.7,1020.5,2.6,2,3,9,251,18667.3,2006.0,Hot-Humid
2016-09-07 03:00:00,Panther_lodging_Kirk,130.0251,23.9,0.0,21.7,1020.0,2.1,3,3,9,251,18667.3,2006.0,Hot-Humid
2016-09-07 04:00:00,Panther_lodging_Kirk,135.6262,23.3,2.0,21.7,1020.1,3.1,4,3,9,251,18667.3,2006.0,Hot-Humid
2016-09-07 05:00:00,Panther_lodging_Kirk,128.2247,23.9,2.0,21.1,1020.4,4.1,5,3,9,251,18667.3,2006.0,Hot-Humid
2016-09-07 06:00:00,Panther_lodging_Kirk,134.0759,23.9,2.0,21.1,1020.8,2.6,6,3,9,251,18667.3,2006.0,Hot-Humid
2016-09-07 07:00:00,Panther_lodging_Kirk,140.02700000000002,23.9,2.0,21.1,1021.1,1.5,7,3,9,251,18667.3,2006.0,Hot-Humid
2016-09-07 08:00:00,Panther_lodging_Kirk,133.9259,26.7,0.0,21.1,1021.7,3.1,8,3,9,251,18667.3,2006.0,Hot-Humid
2016-09-07 09:00:00,Panther_lodging_Kirk,146.4783,28.3,2.0,21.7,1022.3,3.1,9,3,9,251,18667.3,2006.0,Hot-Humid
2016-09-07 10:00:00,Panther_lodging_Kirk,152.9295,29.4,2.0,20.6,1022.6,3.6,10,3,9,251,18667.3,2006.0,Hot-Humid
2016-09-07 11:00:00,Panther_lodging_Kirk,155.8301,30.6,4.0,20.0,1022.5,5.1,11,3,9,251,18667.3,2006.0,Hot-Humid
2016-09-07 12:00:00,Panther_lodging_Kirk,160.2809,30.6,4.0,18.9,1022.1,3.6,12,3,9,251,18667.3,2006.0,Hot-Humid
2016-09-07 13:00:00,Panther_lodging_Kirk,155.73,31.1,6.0,18.9,1021.4,5.1,13,3,9,251,18667.3,2006.0,Hot-Humid
2016-09-07 14:00:00,Panther_lodging_Kirk,158.7306,31.1,4.0,18.3,1020.8,4.6,14,3,9,251,18667.3,2006.0,Hot-Humid
2016-09-07 15:00:00,Panther_lodging_Kirk,164.5818,31.7,4.0,18.3,1020.1,4.6,15,3,9,251,18667.3,2006.0,Hot-Humid
2016-09-07 16:00:00,Panther_lodging_Kirk,182.4352,31.1,2.0,17.8,1019.8,5.1,16,3,9,251,18667.3,2006.0,Hot-Humid
2016-09-07 17:00:00,Panther_lodging_Kirk,184.9357,30.6,2.0,18.3,1019.9,4.1,17,3,9,251,18667.3,2006.0,Hot-Humid
2016-09-07 18:00:00,Panther_lodging_Kirk,183.1853,28.9,2.0,18.3,1019.8,6.2,18,3,9,251,18667.3,2006.0,Hot-Humid
2016-09-07 19:00:00,Panther_lodging_Kirk,184.4856,27.2,2.0,19.4,1020.1,4.6,19,3,9,251,18667.3,2006.0,Hot-Humid
2016-09-07 20:00:00,Panther_lodging_Kirk,192.5372,26.1,0.0,20.6,1020.4,3.6,20,3,9,251,18667.3,2006.0,Hot-Humid
2016-09-07 21:00:00,Panther_lodging_Kirk,202.4891,25.0,0.0,20.0,1020.3,4.1,21,3,9,251,18667.3,2006.0,Hot-Humid
2016-09-07 22:00:00,Panther_lodging_Kirk,198.6383,24.4,2.0,20.0,1020.4,2.6,22,3,9,251,18667.3,2006.0,Hot-Humid
2016-09-07 23:00:00,Panther_lodging_Kirk,187.0361,23.9,0.0,20.0,1020.2,1.5,23,3,9,251,18667.3,2006.0,Hot-Humid
2016-09-08 00:00:00,Panther_lodging_Kirk,166.2821,23.3,0.0,20.0,1020.0,1.5,0,4,9,252,18667.3,2006.0,Hot-Humid
2016-09-08 01:00:00,Panther_lodging_Kirk,149.9289,22.8,0.0,20.6,1019.6,2.1,1,4,9,252,18667.3,2006.0,Hot-Humid
2016-09-08 02:00:00,Panther_lodging_Kirk,136.0262,23.3,4.0,20.6,1019.2,2.6,2,4,9,252,18667.3,2006.0,Hot-Humid
2016-09-08 03:00:00,Panther_lodging_Kirk,140.6271,22.8,4.0,20.6,1018.9,2.6,3,4,9,252,18667.3,2006.0,Hot-Humid
2016-09-08 04:00:00,Panther_lodging_Kirk,135.9262,22.8,3.0,20.0,1018.8,2.1,4,4,9,252,18667.3,2006.0,Hot-Humid
2016-09-08 05:00:00,Panther_lodging_Kirk,134.42600000000002,22.2,2.0,20.6,1018.6,2.1,5,4,9,252,18667.3,2006.0,Hot-Humid
2016-09-08 06:00:00,Panther_lodging_Kirk,139.877,22.8,2.0,20.0,1018.9,2.1,6,4,9,252,18667.3,2006.0,Hot-Humid
2016-09-08 07:00:00,Panther_lodging_Kirk,146.2282,23.3,0.0,20.0,1019.1,2.6,7,4,9,252,18667.3,2006.0,Hot-Humid
2016-09-08 08:00:00,Panther_lodging_Kirk,138.8268,26.1,0.0,20.6,1019.2,3.6,8,4,9,252,18667.3,2006.0,Hot-Humid
2016-09-08 09:00:00,Panther_lodging_Kirk,151.2792,28.3,0.0,21.1,1019.5,4.6,9,4,9,252,18667.3,2006.0,Hot-Humid
2016-09-08 10:00:00,Panther_lodging_Kirk,160.3309,28.9,2.0,21.7,1019.5,4.1,10,4,9,252,18667.3,2006.0,Hot-Humid
2016-09-08 11:00:00,Panther_lodging_Kirk,161.9813,29.4,3.333333333333333,22.2,1019.3,5.7,11,4,9,252,18667.3,2006.0,Hot-Humid
2016-09-08 12:00:00,Panther_lodging_Kirk,157.1803,30.6,4.666666666666666,22.2,1018.7,6.2,12,4,9,252,18667.3,2006.0,Hot-Humid
2016-09-08 13:00:00,Panther_lodging_Kirk,171.083,31.7,6.0,22.2,1018.1,4.6,13,4,9,252,18667.3,2006.0,Hot-Humid
2016-09-08 14:00:00,Panther_lodging_Kirk,172.6333,31.1,4.0,22.2,1017.1,6.7,14,4,9,252,18667.3,2006.0,Hot-Humid
2016-09-08 15:00:00,Panther_lodging_Kirk,171.3331,31.1,4.0,22.2,1016.6,6.2,15,4,9,252,18667.3,2006.0,Hot-Humid
2016-09-08 16:00:00,Panther_lodging_Kirk,169.7828,30.6,4.0,22.2,1016.3,5.7,16,4,9,252,18667.3,2006.0,Hot-Humid
2016-09-08 17:00:00,Panther_lodging_Kirk,165.2819,30.0,4.0,21.7,1016.4,6.7,17,4,9,252,18667.3,2006.0,Hot-Humid
2016-09-08 18:00:00,Panther_lodging_Kirk,170.6329,28.9,4.0,21.7,1016.7,6.7,18,4,9,252,18667.3,2006.0,Hot-Humid
2016-09-08 19:00:00,Panther_lodging_Kirk,173.9336,27.8,2.0,21.7,1017.0,6.2,19,4,9,252,18667.3,2006.0,Hot-Humid
2016-09-08 20:00:00,Panther_lodging_Kirk,197.5881,26.7,0.0,21.1,1017.5,4.6,20,4,9,252,18667.3,2006.0,Hot-Humid
2016-09-08 21:00:00,Panther_lodging_Kirk,193.2873,26.1,2.0,20.6,1018.2,3.1,21,4,9,252,18667.3,2006.0,Hot-Humid
2016-09-08 22:00:00,Panther_lodging_Kirk,182.5352,25.0,2.0,20.6,1018.3,1.5,22,4,9,252,18667.3,2006.0,Hot-Humid
2016-09-08 23:00:00,Panther_lodging_Kirk,175.5839,25.0,0.0,21.1,1018.0,1.5,23,4,9,252,18667.3,2006.0,Hot-Humid
2016-09-09 00:00:00,Panther_lodging_Kirk,164.9318,24.4,2.0,21.7,1017.7,2.1,0,5,9,253,18667.3,2006.0,Hot-Humid
2016-09-09 01:00:00,Panther_lodging_Kirk,161.1811,24.4,0.0,21.7,1017.4,1.5,1,5,9,253,18667.3,2006.0,Hot-Humid
2016-09-09 02:00:00,Panther_lodging_Kirk,149.3788,23.9,0.0,21.1,1017.0,2.6,2,5,9,253,18667.3,2006.0,Hot-Humid
2016-09-09 03:00:00,Panther_lodging_Kirk,130.3252,23.9,0.0,21.7,1016.7,2.1,3,5,9,253,18667.3,2006.0,Hot-Humid
2016-09-09 04:00:00,Panther_lodging_Kirk,136.6264,23.9,2.0,22.2,1016.4,2.6,4,5,9,253,18667.3,2006.0,Hot-Humid
2016-09-09 05:00:00,Panther_lodging_Kirk,140.02700000000002,23.9,2.0,22.2,1016.6,2.1,5,5,9,253,18667.3,2006.0,Hot-Humid
2016-09-09 06:00:00,Panther_lodging_Kirk,131.3753,23.9,2.0,22.2,1017.0,2.6,6,5,9,253,18667.3,2006.0,Hot-Humid
2016-09-09 07:00:00,Panther_lodging_Kirk,142.7275,25.6,2.0,23.3,1017.3,2.1,7,5,9,253,18667.3,2006.0,Hot-Humid
2016-09-09 08:00:00,Panther_lodging_Kirk,139.0268,27.8,4.0,24.4,1017.7,3.6,8,5,9,253,18667.3,2006.0,Hot-Humid
2016-09-09 09:00:00,Panther_lodging_Kirk,147.1284,28.9,4.0,23.9,1017.7,4.1,9,5,9,253,18667.3,2006.0,Hot-Humid
2016-09-09 10:00:00,Panther_lodging_Kirk,142.8776,30.6,4.5,23.9,1017.9,3.6,10,5,9,253,18667.3,2006.0,Hot-Humid
2016-09-09 11:00:00,Panther_lodging_Kirk,162.5814,30.6,5.0,23.3,1017.9,4.1,11,5,9,253,18667.3,2006.0,Hot-Humid
2016-09-09 12:00:00,Panther_lodging_Kirk,163.1815,31.1,5.5,23.3,1017.3,3.6,12,5,9,253,18667.3,2006.0,Hot-Humid
2016-09-09 13:00:00,Panther_lodging_Kirk,175.6839,31.7,6.0,23.3,1016.7,4.1,13,5,9,253,18667.3,2006.0,Hot-Humid
2016-09-09 14:00:00,Panther_lodging_Kirk,156.1801,32.2,4.0,23.9,1016.2,5.1,14,5,9,253,18667.3,2006.0,Hot-Humid
2016-09-09 15:00:00,Panther_lodging_Kirk,156.1301,32.2,4.4,23.3,1015.5,6.7,15,5,9,253,18667.3,2006.0,Hot-Humid
2016-09-09 16:00:00,Panther_lodging_Kirk,174.8838,31.7,4.8,23.3,1015.4,6.2,16,5,9,253,18667.3,2006.0,Hot-Humid
2016-09-09 17:00:00,Panther_lodging_Kirk,170.4829,31.1,5.2,23.3,1015.6,5.7,17,5,9,253,18667.3,2006.0,Hot-Humid
2016-09-09 18:00:00,Panther_lodging_Kirk,176.8841,30.6,5.2,23.9,1015.9,5.7,18,5,9,253,18667.3,2006.0,Hot-Humid
2016-09-09 19:00:00,Panther_lodging_Kirk,174.4337,28.9,6.0,23.9,1016.5,5.1,19,5,9,253,18667.3,2006.0,Hot-Humid
2016-09-09 20:00:00,Panther_lodging_Kirk,166.1821,27.8,5.0,23.9,1017.8,4.1,20,5,9,253,18667.3,2006.0,Hot-Humid
2016-09-09 21:00:00,Panther_lodging_Kirk,171.7832,27.2,4.0,23.9,1018.1,3.6,21,5,9,253,18667.3,2006.0,Hot-Humid
2016-09-09 22:00:00,Panther_lodging_Kirk,169.1826,26.7,4.5,24.4,1018.4,2.6,22,5,9,253,18667.3,2006.0,Hot-Humid
2016-09-09 23:00:00,Panther_lodging_Kirk,164.0817,26.7,5.0,24.4,1018.5,2.6,23,5,9,253,18667.3,2006.0,Hot-Humid
2016-09-10 00:00:00,Panther_lodging_Kirk,161.6812,26.1,5.5,24.4,1017.9,1.5,0,6,9,254,18667.3,2006.0,Hot-Humid
2016-09-10 01:00:00,Panther_lodging_Kirk,147.6285,25.6,6.0,23.9,1017.3,2.1,1,6,9,254,18667.3,2006.0,Hot-Humid
2016-09-10 02:00:00,Panther_lodging_Kirk,137.4765,25.6,4.0,23.9,1017.3,1.5,2,6,9,254,18667.3,2006.0,Hot-Humid
2016-09-10 03:00:00,Panther_lodging_Kirk,127.2246,25.6,2.0,23.9,1016.5,0.0,3,6,9,254,18667.3,2006.0,Hot-Humid
2016-09-10 04:00:00,Panther_lodging_Kirk,127.0745,25.6,2.0,23.9,1016.3,0.0,4,6,9,254,18667.3,2006.0,Hot-Humid
2016-09-10 05:00:00,Panther_lodging_Kirk,125.4742,24.4,2.0,23.3,1016.5,0.0,5,6,9,254,18667.3,2006.0,Hot-Humid
2016-09-10 06:00:00,Panther_lodging_Kirk,124.0239,25.0,2.0,23.3,1017.0,0.0,6,6,9,254,18667.3,2006.0,Hot-Humid
2016-09-10 07:00:00,Panther_lodging_Kirk,119.8231,26.1,2.0,24.4,1017.9,0.0,7,6,9,254,18667.3,2006.0,Hot-Humid
2016-09-10 08:00:00,Panther_lodging_Kirk,126.0243,27.8,2.0,25.0,1018.7,2.6,8,6,9,254,18667.3,2006.0,Hot-Humid
2016-09-10 09:00:00,Panther_lodging_Kirk,131.5754,28.9,2.0,24.4,1019.2,1.5,9,6,9,254,18667.3,2006.0,Hot-Humid
2016-09-10 10:00:00,Panther_lodging_Kirk,144.4779,30.6,4.0,22.8,1019.5,2.6,10,6,9,254,18667.3,2006.0,Hot-Humid
2016-09-10 11:00:00,Panther_lodging_Kirk,148.9787,31.7,4.0,22.8,1019.3,2.1,11,6,9,254,18667.3,2006.0,Hot-Humid
2016-09-10 12:00:00,Panther_lodging_Kirk,144.1778,32.2,4.0,22.8,1018.6,2.6,12,6,9,254,18667.3,2006.0,Hot-Humid
2016-09-10 13:00:00,Panther_lodging_Kirk,154.6799,31.7,6.0,21.7,1018.2,2.6,13,6,9,254,18667.3,2006.0,Hot-Humid
2016-09-10 14:00:00,Panther_lodging_Kirk,163.1315,30.6,4.0,22.8,1017.7,5.7,14,6,9,254,18667.3,2006.0,Hot-Humid
2016-09-10 15:00:00,Panther_lodging_Kirk,160.9311,32.2,4.0,21.7,1017.0,4.6,15,6,9,254,18667.3,2006.0,Hot-Humid
2016-09-10 16:00:00,Panther_lodging_Kirk,169.4327,31.7,4.0,23.3,1016.7,5.1,16,6,9,254,18667.3,2006.0,Hot-Humid
2016-09-10 17:00:00,Panther_lodging_Kirk,168.7826,30.6,4.0,22.2,1017.1,5.1,17,6,9,254,18667.3,2006.0,Hot-Humid
2016-09-10 18:00:00,Panther_lodging_Kirk,174.6337,30.0,4.0,22.2,1017.4,4.6,18,6,9,254,18667.3,2006.0,Hot-Humid
2016-09-10 19:00:00,Panther_lodging_Kirk,184.1355,27.8,4.0,22.8,1017.7,4.1,19,6,9,254,18667.3,2006.0,Hot-Humid
2016-09-10 20:00:00,Panther_lodging_Kirk,180.5348,27.2,4.0,22.8,1018.3,3.6,20,6,9,254,18667.3,2006.0,Hot-Humid
2016-09-10 21:00:00,Panther_lodging_Kirk,165.68200000000004,26.7,4.0,23.9,1018.8,2.6,21,6,9,254,18667.3,2006.0,Hot-Humid
2016-09-10 22:00:00,Panther_lodging_Kirk,160.1309,26.7,4.0,23.9,1018.9,3.1,22,6,9,254,18667.3,2006.0,Hot-Humid
2016-09-10 23:00:00,Panther_lodging_Kirk,158.3306,25.6,4.0,23.9,1019.0,0.0,23,6,9,254,18667.3,2006.0,Hot-Humid
2016-09-11 00:00:00,Panther_lodging_Kirk,148.1786,25.6,4.0,23.9,1018.8,0.0,0,7,9,255,18667.3,2006.0,Hot-Humid
2016-09-11 01:00:00,Panther_lodging_Kirk,146.6283,24.4,4.0,23.3,1018.4,0.0,1,7,9,255,18667.3,2006.0,Hot-Humid
2016-09-11 02:00:00,Panther_lodging_Kirk,142.1274,25.6,4.0,24.4,1018.0,0.0,2,7,9,255,18667.3,2006.0,Hot-Humid
2016-09-11 03:00:00,Panther_lodging_Kirk,140.4271,25.0,2.0,23.9,1017.7,2.1,3,7,9,255,18667.3,2006.0,Hot-Humid
2016-09-11 04:00:00,Panther_lodging_Kirk,133.2757,25.0,2.0,23.9,1017.8,0.0,4,7,9,255,18667.3,2006.0,Hot-Humid
2016-09-11 05:00:00,Panther_lodging_Kirk,129.1749,24.4,2.0,23.3,1018.3,0.0,5,7,9,255,18667.3,2006.0,Hot-Humid
2016-09-11 06:00:00,Panther_lodging_Kirk,132.7256,24.4,4.0,23.3,1018.8,0.0,6,7,9,255,18667.3,2006.0,Hot-Humid
2016-09-11 07:00:00,Panther_lodging_Kirk,126.1743,25.6,4.0,23.9,1019.0,0.0,7,7,9,255,18667.3,2006.0,Hot-Humid
2016-09-11 08:00:00,Panther_lodging_Kirk,130.3752,27.2,4.0,24.4,1019.2,0.0,8,7,9,255,18667.3,2006.0,Hot-Humid
2016-09-11 09:00:00,Panther_lodging_Kirk,125.1741,28.9,2.0,23.3,1019.2,0.0,9,7,9,255,18667.3,2006.0,Hot-Humid
2016-09-11 10:00:00,Panther_lodging_Kirk,132.7756,30.6,4.0,23.3,1019.6,2.1,10,7,9,255,18667.3,2006.0,Hot-Humid
2016-09-11 11:00:00,Panther_lodging_Kirk,144.97799999999995,31.1,4.0,21.7,1019.5,3.1,11,7,9,255,18667.3,2006.0,Hot-Humid
2016-09-11 12:00:00,Panther_lodging_Kirk,161.9313,32.2,4.0,22.2,1018.5,3.1,12,7,9,255,18667.3,2006.0,Hot-Humid
2016-09-11 13:00:00,Panther_lodging_Kirk,174.7337,32.2,4.0,23.3,1018.2,6.2,13,7,9,255,18667.3,2006.0,Hot-Humid
2016-09-11 14:00:00,Panther_lodging_Kirk,170.88299999999995,32.2,4.0,22.2,1017.5,3.6,14,7,9,255,18667.3,2006.0,Hot-Humid
2016-09-11 15:00:00,Panther_lodging_Kirk,169.4827,31.7,4.0,21.7,1017.0,4.6,15,7,9,255,18667.3,2006.0,Hot-Humid
2016-09-11 16:00:00,Panther_lodging_Kirk,175.5339,32.2,4.0,22.8,1016.3,5.1,16,7,9,255,18667.3,2006.0,Hot-Humid
2016-09-11 17:00:00,Panther_lodging_Kirk,191.2869,31.7,4.0,21.7,1016.2,5.1,17,7,9,255,18667.3,2006.0,Hot-Humid
2016-09-11 18:00:00,Panther_lodging_Kirk,186.9361,30.0,4.0,22.2,1016.7,5.7,18,7,9,255,18667.3,2006.0,Hot-Humid
2016-09-11 19:00:00,Panther_lodging_Kirk,181.6851,28.3,4.0,22.2,1016.8,5.1,19,7,9,255,18667.3,2006.0,Hot-Humid
2016-09-11 20:00:00,Panther_lodging_Kirk,187.1861,27.8,2.0,23.3,1017.3,3.1,20,7,9,255,18667.3,2006.0,Hot-Humid
2016-09-11 21:00:00,Panther_lodging_Kirk,182.3352,26.7,2.0,23.3,1017.8,2.6,21,7,9,255,18667.3,2006.0,Hot-Humid
2016-09-11 22:00:00,Panther_lodging_Kirk,187.0361,26.1,2.0,23.9,1017.6,1.5,22,7,9,255,18667.3,2006.0,Hot-Humid
2016-09-11 23:00:00,Panther_lodging_Kirk,177.8843,26.1,3.0,23.3,1017.7,1.5,23,7,9,255,18667.3,2006.0,Hot-Humid
2016-09-12 00:00:00,Panther_lodging_Kirk,165.5819,25.6,4.0,23.9,1017.4,1.5,0,1,9,256,18667.3,2006.0,Hot-Humid
2016-09-12 01:00:00,Panther_lodging_Kirk,145.328,25.6,4.0,23.9,1017.0,0.0,1,1,9,256,18667.3,2006.0,Hot-Humid
2016-09-12 02:00:00,Panther_lodging_Kirk,126.5244,25.6,2.0,23.3,1016.8,2.1,2,1,9,256,18667.3,2006.0,Hot-Humid
2016-09-12 03:00:00,Panther_lodging_Kirk,128.1747,25.0,4.0,23.3,1016.3,2.6,3,1,9,256,18667.3,2006.0,Hot-Humid
2016-09-12 04:00:00,Panther_lodging_Kirk,120.8233,25.0,4.0,23.3,1016.2,2.1,4,1,9,256,18667.3,2006.0,Hot-Humid
2016-09-12 05:00:00,Panther_lodging_Kirk,125.2742,25.0,2.0,23.3,1016.2,2.1,5,1,9,256,18667.3,2006.0,Hot-Humid
2016-09-12 06:00:00,Panther_lodging_Kirk,128.8249,25.0,4.0,23.3,1016.8,2.1,6,1,9,256,18667.3,2006.0,Hot-Humid
2016-09-12 07:00:00,Panther_lodging_Kirk,125.7243,25.6,6.0,23.9,1017.2,2.6,7,1,9,256,18667.3,2006.0,Hot-Humid
2016-09-12 08:00:00,Panther_lodging_Kirk,137.0765,27.2,6.0,24.4,1017.2,3.6,8,1,9,256,18667.3,2006.0,Hot-Humid
2016-09-12 09:00:00,Panther_lodging_Kirk,137.8266,28.9,6.0,23.9,1017.0,4.1,9,1,9,256,18667.3,2006.0,Hot-Humid
2016-09-12 10:00:00,Panther_lodging_Kirk,143.6777,30.0,6.0,23.3,1017.4,4.6,10,1,9,256,18667.3,2006.0,Hot-Humid
2016-09-12 11:00:00,Panther_lodging_Kirk,160.431,30.0,6.0,23.3,1017.5,4.1,11,1,9,256,18667.3,2006.0,Hot-Humid
2016-09-12 12:00:00,Panther_lodging_Kirk,171.233,31.7,6.0,22.2,1017.0,5.1,12,1,9,256,18667.3,2006.0,Hot-Humid
2016-09-12 13:00:00,Panther_lodging_Kirk,172.2332,31.1,6.0,22.2,1016.2,5.7,13,1,9,256,18667.3,2006.0,Hot-Humid
2016-09-12 14:00:00,Panther_lodging_Kirk,177.2342,32.8,6.333333333333333,21.1,1015.4,7.2,14,1,9,256,18667.3,2006.0,Hot-Humid
2016-09-12 15:00:00,Panther_lodging_Kirk,174.5337,31.1,6.666666666666667,22.2,1015.0,6.7,15,1,9,256,18667.3,2006.0,Hot-Humid
2016-09-12 16:00:00,Panther_lodging_Kirk,181.285,31.7,7.0,22.2,1014.6,7.2,16,1,9,256,18667.3,2006.0,Hot-Humid
2016-09-12 17:00:00,Panther_lodging_Kirk,180.8349,29.4,7.0,21.7,1014.8,7.7,17,1,9,256,18667.3,2006.0,Hot-Humid
2016-09-12 18:00:00,Panther_lodging_Kirk,182.2352,26.1,7.0,21.7,1015.3,4.1,18,1,9,256,18667.3,2006.0,Hot-Humid
2016-09-12 19:00:00,Panther_lodging_Kirk,184.2856,26.1,8.0,22.2,1015.2,3.6,19,1,9,256,18667.3,2006.0,Hot-Humid
2016-09-12 20:00:00,Panther_lodging_Kirk,199.7386,26.1,7.666666666666667,22.2,1015.6,4.6,20,1,9,256,18667.3,2006.0,Hot-Humid
2016-09-12 21:00:00,Panther_lodging_Kirk,191.687,26.1,7.333333333333333,22.8,1016.0,4.6,21,1,9,256,18667.3,2006.0,Hot-Humid
2016-09-12 22:00:00,Panther_lodging_Kirk,188.9865,25.6,7.0,22.2,1016.3,5.1,22,1,9,256,18667.3,2006.0,Hot-Humid
2016-09-12 23:00:00,Panther_lodging_Kirk,173.1834,25.0,7.0,22.8,1016.3,3.6,23,1,9,256,18667.3,2006.0,Hot-Humid
2016-09-13 00:00:00,Panther_lodging_Kirk,157.3304,25.0,7.0,22.2,1015.5,4.1,0,2,9,257,18667.3,2006.0,Hot-Humid
2016-09-13 01:00:00,Panther_lodging_Kirk,151.0292,25.0,6.0,22.2,1014.8,5.1,1,2,9,257,18667.3,2006.0,Hot-Humid
2016-09-13 02:00:00,Panther_lodging_Kirk,145.278,25.0,4.0,22.8,1014.1,4.1,2,2,9,257,18667.3,2006.0,Hot-Humid
2016-09-13 03:00:00,Panther_lodging_Kirk,141.4773,25.0,4.4,23.3,1014.0,3.6,3,2,9,257,18667.3,2006.0,Hot-Humid
2016-09-13 04:00:00,Panther_lodging_Kirk,130.8753,24.4,4.8,23.3,1013.7,3.6,4,2,9,257,18667.3,2006.0,Hot-Humid
2016-09-13 05:00:00,Panther_lodging_Kirk,134.2759,25.0,5.2,23.3,1013.6,5.1,5,2,9,257,18667.3,2006.0,Hot-Humid
2016-09-13 06:00:00,Panther_lodging_Kirk,133.9759,24.4,5.2,23.3,1013.5,4.6,6,2,9,257,18667.3,2006.0,Hot-Humid
2016-09-13 07:00:00,Panther_lodging_Kirk,141.6773,24.4,6.0,23.3,1013.7,4.6,7,2,9,257,18667.3,2006.0,Hot-Humid
2016-09-13 08:00:00,Panther_lodging_Kirk,144.2778,25.0,6.0,23.3,1014.0,5.7,8,2,9,257,18667.3,2006.0,Hot-Humid
2016-09-13 09:00:00,Panther_lodging_Kirk,139.2769,25.6,6.0,23.9,1014.5,3.6,9,2,9,257,18667.3,2006.0,Hot-Humid
2016-09-13 10:00:00,Panther_lodging_Kirk,148.1786,26.1,6.0,23.9,1014.8,3.6,10,2,9,257,18667.3,2006.0,Hot-Humid
2016-09-13 11:00:00,Panther_lodging_Kirk,154.1297,26.7,6.0,23.3,1014.9,3.6,11,2,9,257,18667.3,2006.0,Hot-Humid
2016-09-13 12:00:00,Panther_lodging_Kirk,159.6808,27.8,6.0,23.9,1014.5,5.7,12,2,9,257,18667.3,2006.0,Hot-Humid
2016-09-13 13:00:00,Panther_lodging_Kirk,168.3825,25.6,6.0,23.9,1014.3,4.6,13,2,9,257,18667.3,2006.0,Hot-Humid
2016-09-13 14:00:00,Panther_lodging_Kirk,167.0322,25.6,6.333333333333333,23.9,1013.8,1.5,14,2,9,257,18667.3,2006.0,Hot-Humid
2016-09-13 15:00:00,Panther_lodging_Kirk,162.6814,28.9,6.666666666666667,23.9,1012.8,3.6,15,2,9,257,18667.3,2006.0,Hot-Humid
2016-09-13 16:00:00,Panther_lodging_Kirk,167.2823,27.8,7.0,23.9,1013.0,7.2,16,2,9,257,18667.3,2006.0,Hot-Humid
2016-09-13 17:00:00,Panther_lodging_Kirk,160.83100000000005,25.0,7.0,24.0,1014.3,5.7,17,2,9,257,18667.3,2006.0,Hot-Humid
2016-09-13 18:00:00,Panther_lodging_Kirk,188.1863,24.4,7.0,23.3,1014.6,4.6,18,2,9,257,18667.3,2006.0,Hot-Humid
2016-09-13 19:00:00,Panther_lodging_Kirk,199.7886,25.0,8.0,23.3,1015.2,3.6,19,2,9,257,18667.3,2006.0,Hot-Humid
2016-09-13 20:00:00,Panther_lodging_Kirk,192.1871,25.0,8.0,23.3,1015.9,3.1,20,2,9,257,18667.3,2006.0,Hot-Humid
2016-09-13 21:00:00,Panther_lodging_Kirk,181.535,25.0,8.0,23.9,1016.7,2.6,21,2,9,257,18667.3,2006.0,Hot-Humid
2016-09-13 22:00:00,Panther_lodging_Kirk,195.4377,25.0,8.0,23.9,1016.7,3.6,22,2,9,257,18667.3,2006.0,Hot-Humid
2016-09-13 23:00:00,Panther_lodging_Kirk,181.585,25.0,8.0,23.9,1017.2,3.6,23,2,9,257,18667.3,2006.0,Hot-Humid
2016-09-14 00:00:00,Panther_lodging_Kirk,164.1817,25.0,8.0,23.9,1017.0,3.6,0,3,9,258,18667.3,2006.0,Hot-Humid
2016-09-14 01:00:00,Panther_lodging_Kirk,141.9774,24.4,8.0,23.3,1016.3,3.1,1,3,9,258,18667.3,2006.0,Hot-Humid
2016-09-14 02:00:00,Panther_lodging_Kirk,140.7772,25.0,7.666666666666667,23.9,1015.8,4.1,2,3,9,258,18667.3,2006.0,Hot-Humid
2016-09-14 03:00:00,Panther_lodging_Kirk,137.7766,24.4,7.333333333333333,23.3,1015.8,2.6,3,3,9,258,18667.3,2006.0,Hot-Humid
2016-09-14 04:00:00,Panther_lodging_Kirk,130.2751,24.4,7.0,23.3,1015.7,3.1,4,3,9,258,18667.3,2006.0,Hot-Humid
2016-09-14 05:00:00,Panther_lodging_Kirk,134.1259,24.4,7.0,23.3,1016.1,1.5,5,3,9,258,18667.3,2006.0,Hot-Humid
2016-09-14 06:00:00,Panther_lodging_Kirk,136.8264,23.9,7.0,23.3,1016.4,2.1,6,3,9,258,18667.3,2006.0,Hot-Humid
2016-09-14 07:00:00,Panther_lodging_Kirk,137.9266,24.4,6.0,23.9,1017.2,1.5,7,3,9,258,18667.3,2006.0,Hot-Humid
2016-09-14 08:00:00,Panther_lodging_Kirk,138.3267,25.6,6.0,24.4,1017.7,3.6,8,3,9,258,18667.3,2006.0,Hot-Humid
2016-09-14 09:00:00,Panther_lodging_Kirk,143.8778,27.2,6.0,24.4,1017.4,4.6,9,3,9,258,18667.3,2006.0,Hot-Humid
2016-09-14 10:00:00,Panther_lodging_Kirk,155.2299,29.4,6.0,24.4,1017.9,5.7,10,3,9,258,18667.3,2006.0,Hot-Humid
2016-09-14 11:00:00,Panther_lodging_Kirk,158.0305,29.4,6.0,23.9,1017.9,4.1,11,3,9,258,18667.3,2006.0,Hot-Humid
2016-09-14 12:00:00,Panther_lodging_Kirk,158.8806,31.7,6.0,23.3,1017.1,5.1,12,3,9,258,18667.3,2006.0,Hot-Humid
2016-09-14 13:00:00,Panther_lodging_Kirk,181.235,31.1,6.0,23.3,1016.4,6.7,13,3,9,258,18667.3,2006.0,Hot-Humid
2016-09-14 14:00:00,Panther_lodging_Kirk,181.335,30.0,6.333333333333333,23.3,1015.7,3.6,14,3,9,258,18667.3,2006.0,Hot-Humid
2016-09-14 15:00:00,Panther_lodging_Kirk,179.3346,30.0,6.666666666666667,23.0,1015.4,2.6,15,3,9,258,18667.3,2006.0,Hot-Humid
2016-09-14 16:00:00,Panther_lodging_Kirk,169.2827,26.1,7.0,23.9,1014.9,1.5,16,3,9,258,18667.3,2006.0,Hot-Humid
2016-09-14 17:00:00,Panther_lodging_Kirk,177.2842,29.4,7.0,24.4,1015.4,4.6,17,3,9,258,18667.3,2006.0,Hot-Humid
2016-09-14 18:00:00,Panther_lodging_Kirk,181.135,28.9,7.0,22.8,1016.4,2.1,18,3,9,258,18667.3,2006.0,Hot-Humid
2016-09-14 19:00:00,Panther_lodging_Kirk,186.286,26.7,8.0,23.9,1016.7,2.1,19,3,9,258,18667.3,2006.0,Hot-Humid
2016-09-14 20:00:00,Panther_lodging_Kirk,186.686,26.7,7.666666666666667,24.4,1016.8,1.5,20,3,9,258,18667.3,2006.0,Hot-Humid
2016-09-14 21:00:00,Panther_lodging_Kirk,187.7362,26.1,7.333333333333333,24.4,1016.7,1.5,21,3,9,258,18667.3,2006.0,Hot-Humid
2016-09-14 22:00:00,Panther_lodging_Kirk,179.8347,25.6,7.0,23.9,1017.0,0.0,22,3,9,258,18667.3,2006.0,Hot-Humid
2016-09-14 23:00:00,Panther_lodging_Kirk,189.1865,25.6,7.0,23.9,1017.3,2.1,23,3,9,258,18667.3,2006.0,Hot-Humid
2016-09-15 00:00:00,Panther_lodging_Kirk,169.9828,25.0,7.0,23.9,1017.1,0.0,0,4,9,259,18667.3,2006.0,Hot-Humid
2016-09-15 01:00:00,Panther_lodging_Kirk,150.129,24.4,6.0,23.3,1016.5,2.1,1,4,9,259,18667.3,2006.0,Hot-Humid
2016-09-15 02:00:00,Panther_lodging_Kirk,144.4279,24.4,5.666666666666667,23.9,1016.1,0.0,2,4,9,259,18667.3,2006.0,Hot-Humid
2016-09-15 03:00:00,Panther_lodging_Kirk,148.9787,24.4,5.333333333333333,23.9,1015.8,0.0,3,4,9,259,18667.3,2006.0,Hot-Humid
2016-09-15 04:00:00,Panther_lodging_Kirk,138.0266,24.4,5.0,23.9,1015.7,0.0,4,4,9,259,18667.3,2006.0,Hot-Humid
2016-09-15 05:00:00,Panther_lodging_Kirk,140.3771,24.4,5.0,23.9,1015.7,0.0,5,4,9,259,18667.3,2006.0,Hot-Humid
2016-09-15 06:00:00,Panther_lodging_Kirk,137.1265,23.9,5.0,23.3,1016.0,1.5,6,4,9,259,18667.3,2006.0,Hot-Humid
2016-09-15 07:00:00,Panther_lodging_Kirk,143.5277,24.4,4.0,23.9,1016.6,0.0,7,4,9,259,18667.3,2006.0,Hot-Humid
2016-09-15 08:00:00,Panther_lodging_Kirk,148.1286,26.1,4.0,24.4,1016.9,0.0,8,4,9,259,18667.3,2006.0,Hot-Humid
2016-09-15 09:00:00,Panther_lodging_Kirk,146.3782,27.8,4.0,23.9,1017.4,0.0,9,4,9,259,18667.3,2006.0,Hot-Humid
2016-09-15 10:00:00,Panther_lodging_Kirk,154.9299,29.4,4.0,23.3,1017.5,0.0,10,4,9,259,18667.3,2006.0,Hot-Humid
2016-09-15 11:00:00,Panther_lodging_Kirk,155.48,28.9,4.0,24.4,1017.7,2.6,11,4,9,259,18667.3,2006.0,Hot-Humid
2016-09-15 12:00:00,Panther_lodging_Kirk,168.3325,31.7,5.0,23.9,1017.0,2.1,12,4,9,259,18667.3,2006.0,Hot-Humid
2016-09-15 13:00:00,Panther_lodging_Kirk,171.9832,31.7,6.0,22.8,1016.3,2.6,13,4,9,259,18667.3,2006.0,Hot-Humid
2016-09-15 14:00:00,Panther_lodging_Kirk,167.9824,31.7,6.0,23.3,1015.5,4.1,14,4,9,259,18667.3,2006.0,Hot-Humid
2016-09-15 15:00:00,Panther_lodging_Kirk,158.8306,32.8,6.0,23.3,1014.8,1.5,15,4,9,259,18667.3,2006.0,Hot-Humid
2016-09-15 16:00:00,Panther_lodging_Kirk,169.9828,30.0,6.0,23.3,1014.8,6.2,16,4,9,259,18667.3,2006.0,Hot-Humid
2016-09-15 17:00:00,Panther_lodging_Kirk,172.5833,28.3,6.0,23.3,1015.3,4.1,17,4,9,259,18667.3,2006.0,Hot-Humid
2016-09-15 18:00:00,Panther_lodging_Kirk,181.135,27.2,6.0,23.9,1015.4,3.6,18,4,9,259,18667.3,2006.0,Hot-Humid
2016-09-15 19:00:00,Panther_lodging_Kirk,193.0872,25.6,6.0,23.3,1016.2,4.1,19,4,9,259,18667.3,2006.0,Hot-Humid
2016-09-15 20:00:00,Panther_lodging_Kirk,192.6372,25.0,5.666666666666667,22.2,1016.7,2.6,20,4,9,259,18667.3,2006.0,Hot-Humid
2016-09-15 21:00:00,Panther_lodging_Kirk,183.0853,25.0,5.333333333333333,22.8,1017.2,2.6,21,4,9,259,18667.3,2006.0,Hot-Humid
2016-09-15 22:00:00,Panther_lodging_Kirk,179.0346,25.0,5.0,22.8,1017.6,2.1,22,4,9,259,18667.3,2006.0,Hot-Humid
2016-09-15 23:00:00,Panther_lodging_Kirk,177.6343,25.0,5.0,22.8,1017.9,0.0,23,4,9,259,18667.3,2006.0,Hot-Humid
2016-09-16 00:00:00,Panther_lodging_Kirk,172.7333,24.4,5.0,22.8,1017.7,0.0,0,5,9,260,18667.3,2006.0,Hot-Humid
2016-09-16 01:00:00,Panther_lodging_Kirk,148.5787,24.4,4.0,22.8,1017.2,0.0,1,5,9,260,18667.3,2006.0,Hot-Humid
2016-09-16 02:00:00,Panther_lodging_Kirk,140.8772,23.9,2.0,22.8,1016.7,1.5,2,5,9,260,18667.3,2006.0,Hot-Humid
2016-09-16 03:00:00,Panther_lodging_Kirk,138.8768,23.9,2.0,22.8,1016.1,0.0,3,5,9,260,18667.3,2006.0,Hot-Humid
2016-09-16 04:00:00,Panther_lodging_Kirk,133.3257,24.4,2.0,23.3,1016.1,2.6,4,5,9,260,18667.3,2006.0,Hot-Humid
2016-09-16 05:00:00,Panther_lodging_Kirk,131.3253,24.4,2.0,23.3,1016.2,2.6,5,5,9,260,18667.3,2006.0,Hot-Humid
2016-09-16 06:00:00,Panther_lodging_Kirk,140.077,24.4,2.0,23.3,1016.7,2.6,6,5,9,260,18667.3,2006.0,Hot-Humid
2016-09-16 07:00:00,Panther_lodging_Kirk,138.0767,25.6,2.0,23.9,1016.8,2.6,7,5,9,260,18667.3,2006.0,Hot-Humid
2016-09-16 08:00:00,Panther_lodging_Kirk,142.4275,27.2,2.0,23.3,1017.3,3.1,8,5,9,260,18667.3,2006.0,Hot-Humid
2016-09-16 09:00:00,Panther_lodging_Kirk,160.83100000000005,28.3,2.0,23.3,1017.8,2.6,9,5,9,260,18667.3,2006.0,Hot-Humid
2016-09-16 10:00:00,Panther_lodging_Kirk,156.0801,30.0,3.0,23.3,1018.1,2.6,10,5,9,260,18667.3,2006.0,Hot-Humid
2016-09-16 11:00:00,Panther_lodging_Kirk,156.0301,30.6,4.0,22.8,1018.0,2.1,11,5,9,260,18667.3,2006.0,Hot-Humid
2016-09-16 12:00:00,Panther_lodging_Kirk,152.4794,31.1,4.0,22.2,1017.4,3.1,12,5,9,260,18667.3,2006.0,Hot-Humid
2016-09-16 13:00:00,Panther_lodging_Kirk,165.2319,32.2,4.0,21.7,1016.7,2.6,13,5,9,260,18667.3,2006.0,Hot-Humid
2016-09-16 14:00:00,Panther_lodging_Kirk,181.9351,30.6,4.0,22.2,1015.8,1.5,14,5,9,260,18667.3,2006.0,Hot-Humid
2016-09-16 15:00:00,Panther_lodging_Kirk,167.5323,31.1,4.0,22.8,1015.3,5.1,15,5,9,260,18667.3,2006.0,Hot-Humid
2016-09-16 16:00:00,Panther_lodging_Kirk,175.3338,29.4,4.0,23.9,1015.6,5.1,16,5,9,260,18667.3,2006.0,Hot-Humid
2016-09-16 17:00:00,Panther_lodging_Kirk,181.6351,28.3,4.0,23.9,1015.6,4.6,17,5,9,260,18667.3,2006.0,Hot-Humid
2016-09-16 18:00:00,Panther_lodging_Kirk,178.7845,27.8,4.0,23.3,1016.1,3.1,18,5,9,260,18667.3,2006.0,Hot-Humid
2016-09-16 19:00:00,Panther_lodging_Kirk,184.3856,27.8,4.0,22.8,1016.3,4.1,19,5,9,260,18667.3,2006.0,Hot-Humid
2016-09-16 20:00:00,Panther_lodging_Kirk,177.7843,26.7,2.0,22.8,1016.6,4.6,20,5,9,260,18667.3,2006.0,Hot-Humid
2016-09-16 21:00:00,Panther_lodging_Kirk,173.7835,26.7,2.0,23.3,1017.3,3.6,21,5,9,260,18667.3,2006.0,Hot-Humid
2016-09-16 22:00:00,Panther_lodging_Kirk,172.6333,26.1,2.0,23.9,1017.2,3.6,22,5,9,260,18667.3,2006.0,Hot-Humid
2016-09-16 23:00:00,Panther_lodging_Kirk,177.9843,25.6,2.0,23.9,1017.4,2.1,23,5,9,260,18667.3,2006.0,Hot-Humid
2016-09-17 00:00:00,Panther_lodging_Kirk,163.8816,25.6,0.0,23.9,1017.3,2.6,0,6,9,261,18667.3,2006.0,Hot-Humid
2016-09-17 01:00:00,Panther_lodging_Kirk,148.8787,25.6,2.0,23.9,1017.1,3.6,1,6,9,261,18667.3,2006.0,Hot-Humid
2016-09-17 02:00:00,Panther_lodging_Kirk,144.828,25.6,2.0,23.9,1016.7,2.6,2,6,9,261,18667.3,2006.0,Hot-Humid
2016-09-17 03:00:00,Panther_lodging_Kirk,147.0284,25.0,2.0,23.9,1016.3,2.1,3,6,9,261,18667.3,2006.0,Hot-Humid
2016-09-17 04:00:00,Panther_lodging_Kirk,132.3755,25.0,2.0,23.9,1016.1,2.6,4,6,9,261,18667.3,2006.0,Hot-Humid
2016-09-17 05:00:00,Panther_lodging_Kirk,132.5256,25.0,2.0,23.9,1016.4,2.1,5,6,9,261,18667.3,2006.0,Hot-Humid
2016-09-17 06:00:00,Panther_lodging_Kirk,133.2257,25.0,2.0,23.9,1016.8,2.1,6,6,9,261,18667.3,2006.0,Hot-Humid
2016-09-17 07:00:00,Panther_lodging_Kirk,131.2753,25.6,2.0,23.9,1017.2,2.1,7,6,9,261,18667.3,2006.0,Hot-Humid
2016-09-17 08:00:00,Panther_lodging_Kirk,135.2761,27.2,2.0,24.4,1017.5,2.6,8,6,9,261,18667.3,2006.0,Hot-Humid
2016-09-17 09:00:00,Panther_lodging_Kirk,144.3279,28.9,2.8,24.4,1017.7,3.1,9,6,9,261,18667.3,2006.0,Hot-Humid
2016-09-17 10:00:00,Panther_lodging_Kirk,150.5791,30.6,3.6,23.9,1017.8,3.1,10,6,9,261,18667.3,2006.0,Hot-Humid
2016-09-17 11:00:00,Panther_lodging_Kirk,153.0295,31.7,4.4,23.3,1017.7,2.1,11,6,9,261,18667.3,2006.0,Hot-Humid
2016-09-17 12:00:00,Panther_lodging_Kirk,166.5321,31.7,4.4,22.8,1016.8,3.1,12,6,9,261,18667.3,2006.0,Hot-Humid
2016-09-17 13:00:00,Panther_lodging_Kirk,176.6841,32.8,6.0,23.3,1016.2,2.6,13,6,9,261,18667.3,2006.0,Hot-Humid
2016-09-17 14:00:00,Panther_lodging_Kirk,171.13299999999995,32.2,5.6,22.8,1015.7,0.0,14,6,9,261,18667.3,2006.0,Hot-Humid
2016-09-17 15:00:00,Panther_lodging_Kirk,162.4813,31.0,5.2,24.0,1015.3,4.6,15,6,9,261,18667.3,2006.0,Hot-Humid
2016-09-17 16:00:00,Panther_lodging_Kirk,169.9328,28.9,4.8,23.9,1015.3,3.6,16,6,9,261,18667.3,2006.0,Hot-Humid
2016-09-17 17:00:00,Panther_lodging_Kirk,169.7828,28.3,4.8,23.9,1015.3,2.1,17,6,9,261,18667.3,2006.0,Hot-Humid
2016-09-17 18:00:00,Panther_lodging_Kirk,173.6835,28.3,4.0,24.4,1015.3,2.1,18,6,9,261,18667.3,2006.0,Hot-Humid
2016-09-17 19:00:00,Panther_lodging_Kirk,159.0807,28.3,4.0,23.3,1015.6,4.1,19,6,9,261,18667.3,2006.0,Hot-Humid
2016-09-17 20:00:00,Panther_lodging_Kirk,149.2288,27.2,4.0,23.3,1016.4,4.1,20,6,9,261,18667.3,2006.0,Hot-Humid
2016-09-17 21:00:00,Panther_lodging_Kirk,156.5802,26.7,4.0,23.9,1016.5,3.1,21,6,9,261,18667.3,2006.0,Hot-Humid
2016-09-17 22:00:00,Panther_lodging_Kirk,161.5312,26.7,2.0,24.4,1017.0,1.5,22,6,9,261,18667.3,2006.0,Hot-Humid
2016-09-17 23:00:00,Panther_lodging_Kirk,166.5821,26.7,2.0,24.4,1017.1,1.5,23,6,9,261,18667.3,2006.0,Hot-Humid
2016-09-18 00:00:00,Panther_lodging_Kirk,163.8816,26.1,2.0,24.4,1016.8,2.1,0,7,9,262,18667.3,2006.0,Hot-Humid
2016-09-18 01:00:00,Panther_lodging_Kirk,146.7283,26.1,2.0,24.4,1016.3,1.5,1,7,9,262,18667.3,2006.0,Hot-Humid
2016-09-18 02:00:00,Panther_lodging_Kirk,144.4279,25.0,2.0,23.9,1015.7,1.5,2,7,9,262,18667.3,2006.0,Hot-Humid
2016-09-18 03:00:00,Panther_lodging_Kirk,145.4781,25.0,0.0,23.9,1015.3,2.6,3,7,9,262,18667.3,2006.0,Hot-Humid
2016-09-18 04:00:00,Panther_lodging_Kirk,134.67600000000002,25.0,2.0,23.9,1014.8,2.6,4,7,9,262,18667.3,2006.0,Hot-Humid
2016-09-18 05:00:00,Panther_lodging_Kirk,131.5754,24.4,2.0,23.9,1014.7,0.0,5,7,9,262,18667.3,2006.0,Hot-Humid
2016-09-18 06:00:00,Panther_lodging_Kirk,130.1751,25.0,2.0,23.9,1015.1,1.5,6,7,9,262,18667.3,2006.0,Hot-Humid
2016-09-18 07:00:00,Panther_lodging_Kirk,126.8245,25.0,4.0,23.9,1015.7,1.5,7,7,9,262,18667.3,2006.0,Hot-Humid
2016-09-18 08:00:00,Panther_lodging_Kirk,133.2757,26.7,2.0,24.4,1016.1,3.1,8,7,9,262,18667.3,2006.0,Hot-Humid
2016-09-18 09:00:00,Panther_lodging_Kirk,133.2257,28.3,4.0,23.9,1016.5,1.5,9,7,9,262,18667.3,2006.0,Hot-Humid
2016-09-18 10:00:00,Panther_lodging_Kirk,133.6258,30.0,4.0,22.8,1016.5,1.5,10,7,9,262,18667.3,2006.0,Hot-Humid
2016-09-18 11:00:00,Panther_lodging_Kirk,143.2777,31.1,4.666666666666667,22.8,1016.4,0.0,11,7,9,262,18667.3,2006.0,Hot-Humid
2016-09-18 12:00:00,Panther_lodging_Kirk,164.4817,31.1,5.333333333333333,21.7,1016.0,2.1,12,7,9,262,18667.3,2006.0,Hot-Humid
2016-09-18 13:00:00,Panther_lodging_Kirk,162.5814,32.2,6.0,22.2,1015.4,3.1,13,7,9,262,18667.3,2006.0,Hot-Humid
2016-09-18 14:00:00,Panther_lodging_Kirk,174.2336,32.8,6.0,21.7,1014.4,2.1,14,7,9,262,18667.3,2006.0,Hot-Humid
2016-09-18 15:00:00,Panther_lodging_Kirk,169.8328,33.3,6.0,21.7,1013.6,2.6,15,7,9,262,18667.3,2006.0,Hot-Humid
2016-09-18 16:00:00,Panther_lodging_Kirk,172.5333,32.8,6.0,20.6,1013.1,1.5,16,7,9,262,18667.3,2006.0,Hot-Humid
2016-09-18 17:00:00,Panther_lodging_Kirk,194.7876,32.8,6.0,21.1,1013.2,0.0,17,7,9,262,18667.3,2006.0,Hot-Humid
2016-09-18 18:00:00,Panther_lodging_Kirk,190.9368,32.2,6.0,21.7,1013.3,2.6,18,7,9,262,18667.3,2006.0,Hot-Humid
2016-09-18 19:00:00,Panther_lodging_Kirk,196.888,30.6,6.0,22.2,1013.9,2.6,19,7,9,262,18667.3,2006.0,Hot-Humid
2016-09-18 20:00:00,Panther_lodging_Kirk,198.5383,28.3,6.0,24.4,1014.9,4.1,20,7,9,262,18667.3,2006.0,Hot-Humid
2016-09-18 21:00:00,Panther_lodging_Kirk,182.3352,26.7,6.0,22.8,1015.7,3.1,21,7,9,262,18667.3,2006.0,Hot-Humid
2016-09-18 22:00:00,Panther_lodging_Kirk,173.2834,26.1,6.0,22.8,1016.5,2.6,22,7,9,262,18667.3,2006.0,Hot-Humid
2016-09-18 23:00:00,Panther_lodging_Kirk,180.2848,25.6,6.0,23.9,1015.8,0.0,23,7,9,262,18667.3,2006.0,Hot-Humid
2016-09-19 00:00:00,Panther_lodging_Kirk,169.8328,26.1,6.0,23.3,1015.3,2.1,0,1,9,263,18667.3,2006.0,Hot-Humid
2016-09-19 01:00:00,Panther_lodging_Kirk,152.4294,25.6,6.0,23.3,1014.7,0.0,1,1,9,263,18667.3,2006.0,Hot-Humid
2016-09-19 02:00:00,Panther_lodging_Kirk,141.4273,24.4,4.0,23.3,1014.2,2.1,2,1,9,263,18667.3,2006.0,Hot-Humid
2016-09-19 03:00:00,Panther_lodging_Kirk,120.3232,25.0,2.0,23.9,1014.0,1.5,3,1,9,263,18667.3,2006.0,Hot-Humid
2016-09-19 04:00:00,Panther_lodging_Kirk,127.6246,25.0,2.0,23.9,1013.9,0.0,4,1,9,263,18667.3,2006.0,Hot-Humid
2016-09-19 05:00:00,Panther_lodging_Kirk,131.4754,25.0,2.0,23.3,1014.3,2.1,5,1,9,263,18667.3,2006.0,Hot-Humid
2016-09-19 06:00:00,Panther_lodging_Kirk,131.7754,24.4,4.0,23.3,1014.6,1.5,6,1,9,263,18667.3,2006.0,Hot-Humid
2016-09-19 07:00:00,Panther_lodging_Kirk,137.5766,25.6,4.0,23.9,1015.0,1.5,7,1,9,263,18667.3,2006.0,Hot-Humid
2016-09-19 08:00:00,Panther_lodging_Kirk,144.778,26.1,4.0,24.4,1015.4,0.0,8,1,9,263,18667.3,2006.0,Hot-Humid
2016-09-19 09:00:00,Panther_lodging_Kirk,144.0778,28.9,4.0,23.9,1015.7,0.0,9,1,9,263,18667.3,2006.0,Hot-Humid
2016-09-19 10:00:00,Panther_lodging_Kirk,156.4302,30.6,4.0,22.8,1015.6,2.1,10,1,9,263,18667.3,2006.0,Hot-Humid
2016-09-19 11:00:00,Panther_lodging_Kirk,157.6804,31.1,4.0,22.8,1015.6,0.0,11,1,9,263,18667.3,2006.0,Hot-Humid
2016-09-19 12:00:00,Panther_lodging_Kirk,162.3813,31.7,4.0,22.8,1015.0,1.5,12,1,9,263,18667.3,2006.0,Hot-Humid
2016-09-19 13:00:00,Panther_lodging_Kirk,159.9309,32.8,4.0,22.8,1013.9,2.1,13,1,9,263,18667.3,2006.0,Hot-Humid
2016-09-19 14:00:00,Panther_lodging_Kirk,168.0324,33.3,4.666666666666667,22.8,1013.0,3.1,14,1,9,263,18667.3,2006.0,Hot-Humid
2016-09-19 15:00:00,Panther_lodging_Kirk,182.9353,33.3,5.333333333333333,22.2,1012.2,4.1,15,1,9,263,18667.3,2006.0,Hot-Humid
2016-09-19 16:00:00,Panther_lodging_Kirk,186.1859,27.8,6.0,21.7,1013.0,9.3,16,1,9,263,18667.3,2006.0,Hot-Humid
2016-09-19 17:00:00,Panther_lodging_Kirk,190.4367,24.0,6.0,23.0,1013.8,5.7,17,1,9,263,18667.3,2006.0,Hot-Humid
2016-09-19 18:00:00,Panther_lodging_Kirk,188.6364,25.0,6.0,23.3,1014.5,3.6,18,1,9,263,18667.3,2006.0,Hot-Humid
2016-09-19 19:00:00,Panther_lodging_Kirk,197.8882,24.4,8.0,22.8,1014.9,4.6,19,1,9,263,18667.3,2006.0,Hot-Humid
2016-09-19 20:00:00,Panther_lodging_Kirk,200.6387,23.9,7.666666666666667,22.2,1016.0,4.1,20,1,9,263,18667.3,2006.0,Hot-Humid
2016-09-19 21:00:00,Panther_lodging_Kirk,192.4872,23.9,7.333333333333333,22.2,1015.9,2.6,21,1,9,263,18667.3,2006.0,Hot-Humid
2016-09-19 22:00:00,Panther_lodging_Kirk,186.0859,23.9,7.0,22.8,1015.1,0.0,22,1,9,263,18667.3,2006.0,Hot-Humid
2016-09-19 23:00:00,Panther_lodging_Kirk,185.4858,23.9,7.0,22.8,1015.8,2.6,23,1,9,263,18667.3,2006.0,Hot-Humid
2016-09-20 00:00:00,Panther_lodging_Kirk,168.8326,23.9,7.0,22.8,1015.4,0.0,0,2,9,264,18667.3,2006.0,Hot-Humid
2016-09-20 01:00:00,Panther_lodging_Kirk,157.8305,23.9,6.0,22.8,1014.5,0.0,1,2,9,264,18667.3,2006.0,Hot-Humid
2016-09-20 02:00:00,Panther_lodging_Kirk,139.3769,23.3,5.333333333333333,22.2,1013.9,2.1,2,2,9,264,18667.3,2006.0,Hot-Humid
2016-09-20 03:00:00,Panther_lodging_Kirk,149.8289,22.8,4.666666666666667,22.2,1014.1,1.5,3,2,9,264,18667.3,2006.0,Hot-Humid
2016-09-20 04:00:00,Panther_lodging_Kirk,131.4254,22.8,4.0,21.7,1014.5,0.0,4,2,9,264,18667.3,2006.0,Hot-Humid
2016-09-20 05:00:00,Panther_lodging_Kirk,140.4771,22.8,4.0,22.2,1014.7,0.0,5,2,9,264,18667.3,2006.0,Hot-Humid
2016-09-20 06:00:00,Panther_lodging_Kirk,136.0763,23.3,4.0,22.2,1015.3,1.5,6,2,9,264,18667.3,2006.0,Hot-Humid
2016-09-20 07:00:00,Panther_lodging_Kirk,141.4773,23.9,4.0,22.8,1015.8,0.0,7,2,9,264,18667.3,2006.0,Hot-Humid
2016-09-20 08:00:00,Panther_lodging_Kirk,142.2274,24.4,4.0,22.8,1016.0,0.0,8,2,9,264,18667.3,2006.0,Hot-Humid
2016-09-20 09:00:00,Panther_lodging_Kirk,149.5789,26.7,4.0,22.8,1016.2,0.0,9,2,9,264,18667.3,2006.0,Hot-Humid
2016-09-20 10:00:00,Panther_lodging_Kirk,153.3796,28.9,4.0,23.3,1016.3,0.0,10,2,9,264,18667.3,2006.0,Hot-Humid
2016-09-20 11:00:00,Panther_lodging_Kirk,165.93200000000004,30.0,4.0,22.8,1016.3,0.0,11,2,9,264,18667.3,2006.0,Hot-Humid
2016-09-20 12:00:00,Panther_lodging_Kirk,170.783,30.6,5.0,22.2,1015.5,0.0,12,2,9,264,18667.3,2006.0,Hot-Humid
2016-09-20 13:00:00,Panther_lodging_Kirk,170.3329,31.1,6.0,22.8,1014.9,2.6,13,2,9,264,18667.3,2006.0,Hot-Humid
2016-09-20 14:00:00,Panther_lodging_Kirk,169.8828,30.6,5.5,22.2,1014.5,6.2,14,2,9,264,18667.3,2006.0,Hot-Humid
2016-09-20 15:00:00,Panther_lodging_Kirk,183.5354,28.9,5.0,22.8,1014.1,4.6,15,2,9,264,18667.3,2006.0,Hot-Humid
2016-09-20 16:00:00,Panther_lodging_Kirk,179.2346,30.6,4.5,22.8,1013.0,3.1,16,2,9,264,18667.3,2006.0,Hot-Humid
2016-09-20 17:00:00,Panther_lodging_Kirk,165.68200000000004,31.1,4.0,21.7,1013.2,2.1,17,2,9,264,18667.3,2006.0,Hot-Humid
2016-09-20 18:00:00,Panther_lodging_Kirk,180.0347,26.7,5.0,22.8,1013.8,8.2,18,2,9,264,18667.3,2006.0,Hot-Humid
2016-09-20 19:00:00,Panther_lodging_Kirk,191.0869,24.4,6.0,22.8,1014.0,2.6,19,2,9,264,18667.3,2006.0,Hot-Humid
2016-09-20 20:00:00,Panther_lodging_Kirk,194.9376,25.0,4.0,23.3,1014.7,3.1,20,2,9,264,18667.3,2006.0,Hot-Humid
2016-09-20 21:00:00,Panther_lodging_Kirk,189.2365,25.6,4.4,23.3,1014.9,0.0,21,2,9,264,18667.3,2006.0,Hot-Humid
2016-09-20 22:00:00,Panther_lodging_Kirk,183.8355,25.6,4.8,23.3,1015.5,0.0,22,2,9,264,18667.3,2006.0,Hot-Humid
2016-09-20 23:00:00,Panther_lodging_Kirk,191.9871,25.6,5.2,23.3,1015.4,0.0,23,2,9,264,18667.3,2006.0,Hot-Humid
2016-09-21 00:00:00,Panther_lodging_Kirk,168.4825,25.6,5.2,23.9,1015.2,0.0,0,3,9,265,18667.3,2006.0,Hot-Humid
2016-09-21 01:00:00,Panther_lodging_Kirk,150.22899999999996,25.0,6.0,23.3,1014.8,0.0,1,3,9,265,18667.3,2006.0,Hot-Humid
2016-09-21 02:00:00,Panther_lodging_Kirk,142.8776,25.0,6.0,22.8,1014.5,2.1,2,3,9,265,18667.3,2006.0,Hot-Humid
2016-09-21 03:00:00,Panther_lodging_Kirk,137.8766,25.0,6.0,23.3,1014.3,3.6,3,3,9,265,18667.3,2006.0,Hot-Humid
2016-09-21 04:00:00,Panther_lodging_Kirk,139.0768,24.4,6.0,22.8,1014.2,2.1,4,3,9,265,18667.3,2006.0,Hot-Humid
2016-09-21 05:00:00,Panther_lodging_Kirk,136.0262,24.4,6.0,22.8,1014.6,1.5,5,3,9,265,18667.3,2006.0,Hot-Humid
2016-09-21 06:00:00,Panther_lodging_Kirk,139.1268,25.0,6.0,22.8,1015.2,0.0,6,3,9,265,18667.3,2006.0,Hot-Humid
2016-09-21 07:00:00,Panther_lodging_Kirk,134.976,25.0,6.0,22.8,1015.5,0.0,7,3,9,265,18667.3,2006.0,Hot-Humid
2016-09-21 08:00:00,Panther_lodging_Kirk,140.4271,26.1,5.6,23.3,1015.7,1.5,8,3,9,265,18667.3,2006.0,Hot-Humid
2016-09-21 09:00:00,Panther_lodging_Kirk,145.9782,27.2,5.2,23.9,1015.9,2.6,9,3,9,265,18667.3,2006.0,Hot-Humid
2016-09-21 10:00:00,Panther_lodging_Kirk,150.8291,28.3,4.8,23.3,1015.9,2.1,10,3,9,265,18667.3,2006.0,Hot-Humid
2016-09-21 11:00:00,Panther_lodging_Kirk,155.38,30.0,4.8,23.3,1015.7,2.1,11,3,9,265,18667.3,2006.0,Hot-Humid
2016-09-21 12:00:00,Panther_lodging_Kirk,157.9805,30.6,4.0,23.3,1015.2,2.1,12,3,9,265,18667.3,2006.0,Hot-Humid
2016-09-21 13:00:00,Panther_lodging_Kirk,171.5331,31.7,4.0,22.2,1014.6,3.1,13,3,9,265,18667.3,2006.0,Hot-Humid
2016-09-21 14:00:00,Panther_lodging_Kirk,175.4839,32.2,4.333333333333333,22.8,1014.1,1.5,14,3,9,265,18667.3,2006.0,Hot-Humid
2016-09-21 15:00:00,Panther_lodging_Kirk,174.0836,33.3,4.666666666666667,21.7,1013.5,4.1,15,3,9,265,18667.3,2006.0,Hot-Humid
2016-09-21 16:00:00,Panther_lodging_Kirk,183.5854,32.8,5.0,21.7,1013.3,2.6,16,3,9,265,18667.3,2006.0,Hot-Humid
2016-09-21 17:00:00,Panther_lodging_Kirk,178.0344,29.4,5.0,23.3,1013.8,3.6,17,3,9,265,18667.3,2006.0,Hot-Humid
2016-09-21 18:00:00,Panther_lodging_Kirk,189.0365,27.8,5.0,22.8,1014.2,5.7,18,3,9,265,18667.3,2006.0,Hot-Humid
2016-09-21 19:00:00,Panther_lodging_Kirk,186.786,27.2,6.0,22.2,1015.2,3.1,19,3,9,265,18667.3,2006.0,Hot-Humid
2016-09-21 20:00:00,Panther_lodging_Kirk,201.5389,26.7,4.0,22.2,1015.5,2.6,20,3,9,265,18667.3,2006.0,Hot-Humid
2016-09-21 21:00:00,Panther_lodging_Kirk,191.4369,26.1,4.0,22.8,1015.8,2.1,21,3,9,265,18667.3,2006.0,Hot-Humid
2016-09-21 22:00:00,Panther_lodging_Kirk,191.937,26.1,5.0,22.8,1016.1,2.1,22,3,9,265,18667.3,2006.0,Hot-Humid
2016-09-21 23:00:00,Panther_lodging_Kirk,177.1342,24.4,6.0,22.8,1016.0,1.5,23,3,9,265,18667.3,2006.0,Hot-Humid
2016-09-22 00:00:00,Panther_lodging_Kirk,173.3835,26.1,7.0,22.8,1015.6,0.0,0,4,9,266,18667.3,2006.0,Hot-Humid
2016-09-22 01:00:00,Panther_lodging_Kirk,161.4312,25.6,8.0,23.3,1015.5,0.0,1,4,9,266,18667.3,2006.0,Hot-Humid
2016-09-22 02:00:00,Panther_lodging_Kirk,154.1798,24.4,5.0,23.3,1015.1,0.0,2,4,9,266,18667.3,2006.0,Hot-Humid
2016-09-22 03:00:00,Panther_lodging_Kirk,144.7779,24.4,2.0,22.8,1014.6,0.0,3,4,9,266,18667.3,2006.0,Hot-Humid
2016-09-22 04:00:00,Panther_lodging_Kirk,135.9262,24.4,2.0,22.8,1014.5,0.0,4,4,9,266,18667.3,2006.0,Hot-Humid
2016-09-22 05:00:00,Panther_lodging_Kirk,131.4754,25.0,2.0,23.3,1014.7,0.0,5,4,9,266,18667.3,2006.0,Hot-Humid
2016-09-22 06:00:00,Panther_lodging_Kirk,138.5267,25.0,2.0,23.3,1015.2,2.6,6,4,9,266,18667.3,2006.0,Hot-Humid
2016-09-22 07:00:00,Panther_lodging_Kirk,139.877,25.6,4.0,23.3,1015.7,0.0,7,4,9,266,18667.3,2006.0,Hot-Humid
2016-09-22 08:00:00,Panther_lodging_Kirk,143.9778,27.2,2.0,23.9,1016.0,1.5,8,4,9,266,18667.3,2006.0,Hot-Humid
2016-09-22 09:00:00,Panther_lodging_Kirk,143.6777,28.9,2.0,23.3,1016.2,0.0,9,4,9,266,18667.3,2006.0,Hot-Humid
2016-09-22 10:00:00,Panther_lodging_Kirk,152.2294,29.4,4.0,22.8,1016.1,1.5,10,4,9,266,18667.3,2006.0,Hot-Humid
2016-09-22 11:00:00,Panther_lodging_Kirk,162.7314,31.7,4.0,22.8,1015.7,2.1,11,4,9,266,18667.3,2006.0,Hot-Humid
2016-09-22 12:00:00,Panther_lodging_Kirk,166.3821,31.7,4.0,22.8,1015.3,2.1,12,4,9,266,18667.3,2006.0,Hot-Humid
2016-09-22 13:00:00,Panther_lodging_Kirk,173.1334,31.7,4.0,22.2,1014.7,1.5,13,4,9,266,18667.3,2006.0,Hot-Humid
2016-09-22 14:00:00,Panther_lodging_Kirk,171.4331,31.7,4.0,21.7,1014.0,2.1,14,4,9,266,18667.3,2006.0,Hot-Humid
2016-09-22 15:00:00,Panther_lodging_Kirk,174.8838,33.3,4.4,21.7,1013.4,3.1,15,4,9,266,18667.3,2006.0,Hot-Humid
2016-09-22 16:00:00,Panther_lodging_Kirk,177.5843,31.1,4.8,21.7,1013.3,1.5,16,4,9,266,18667.3,2006.0,Hot-Humid
2016-09-22 17:00:00,Panther_lodging_Kirk,190.9869,28.3,5.2,22.8,1013.9,6.2,17,4,9,266,18667.3,2006.0,Hot-Humid
2016-09-22 18:00:00,Panther_lodging_Kirk,193.2873,25.0,5.2,22.2,1014.3,5.1,18,4,9,266,18667.3,2006.0,Hot-Humid
2016-09-22 19:00:00,Panther_lodging_Kirk,182.9353,25.6,6.0,22.2,1014.4,4.6,19,4,9,266,18667.3,2006.0,Hot-Humid
2016-09-22 20:00:00,Panther_lodging_Kirk,185.4858,26.1,6.333333333333333,23.3,1015.0,2.6,20,4,9,266,18667.3,2006.0,Hot-Humid
2016-09-22 21:00:00,Panther_lodging_Kirk,183.8855,25.6,6.666666666666667,23.3,1015.4,2.6,21,4,9,266,18667.3,2006.0,Hot-Humid
2016-09-22 22:00:00,Panther_lodging_Kirk,171.083,25.6,7.0,22.8,1015.6,3.6,22,4,9,266,18667.3,2006.0,Hot-Humid
2016-09-22 23:00:00,Panther_lodging_Kirk,177.3842,25.0,7.0,22.8,1015.8,1.5,23,4,9,266,18667.3,2006.0,Hot-Humid
2016-09-23 00:00:00,Panther_lodging_Kirk,172.4333,25.6,7.0,22.8,1015.6,1.5,0,5,9,267,18667.3,2006.0,Hot-Humid
2016-09-23 01:00:00,Panther_lodging_Kirk,145.378,25.0,8.0,23.3,1015.3,2.6,1,5,9,267,18667.3,2006.0,Hot-Humid
2016-09-23 02:00:00,Panther_lodging_Kirk,140.3271,24.4,6.0,23.3,1015.1,0.0,2,5,9,267,18667.3,2006.0,Hot-Humid
2016-09-23 03:00:00,Panther_lodging_Kirk,143.0776,25.0,4.0,23.3,1014.8,0.0,3,5,9,267,18667.3,2006.0,Hot-Humid
2016-09-23 04:00:00,Panther_lodging_Kirk,134.67600000000002,24.4,2.0,22.8,1014.8,1.5,4,5,9,267,18667.3,2006.0,Hot-Humid
2016-09-23 05:00:00,Panther_lodging_Kirk,134.0759,23.9,2.0,22.8,1015.4,1.5,5,5,9,267,18667.3,2006.0,Hot-Humid
2016-09-23 06:00:00,Panther_lodging_Kirk,135.4761,23.9,4.0,22.8,1015.7,0.0,6,5,9,267,18667.3,2006.0,Hot-Humid
2016-09-23 07:00:00,Panther_lodging_Kirk,136.8764,24.4,2.0,23.3,1016.1,1.5,7,5,9,267,18667.3,2006.0,Hot-Humid
2016-09-23 08:00:00,Panther_lodging_Kirk,136.1763,26.1,4.0,23.9,1016.5,0.0,8,5,9,267,18667.3,2006.0,Hot-Humid
2016-09-23 09:00:00,Panther_lodging_Kirk,138.8268,27.8,4.0,23.9,1016.6,0.0,9,5,9,267,18667.3,2006.0,Hot-Humid
2016-09-23 10:00:00,Panther_lodging_Kirk,158.3806,29.4,4.0,23.3,1016.8,0.0,10,5,9,267,18667.3,2006.0,Hot-Humid
2016-09-23 11:00:00,Panther_lodging_Kirk,160.1309,30.6,4.0,23.3,1016.4,0.0,11,5,9,267,18667.3,2006.0,Hot-Humid
2016-09-23 12:00:00,Panther_lodging_Kirk,163.9316,32.2,4.0,22.8,1016.2,2.1,12,5,9,267,18667.3,2006.0,Hot-Humid
2016-09-23 13:00:00,Panther_lodging_Kirk,164.0817,32.2,4.0,22.2,1015.4,2.6,13,5,9,267,18667.3,2006.0,Hot-Humid
2016-09-23 14:00:00,Panther_lodging_Kirk,161.1811,32.8,4.0,21.7,1014.5,2.1,14,5,9,267,18667.3,2006.0,Hot-Humid
2016-09-23 15:00:00,Panther_lodging_Kirk,167.7824,33.3,4.0,21.1,1013.9,2.1,15,5,9,267,18667.3,2006.0,Hot-Humid
2016-09-23 16:00:00,Panther_lodging_Kirk,180.7349,32.2,4.0,21.1,1013.9,3.6,16,5,9,267,18667.3,2006.0,Hot-Humid
2016-09-23 17:00:00,Panther_lodging_Kirk,181.6351,31.1,4.0,23.9,1014.3,5.1,17,5,9,267,18667.3,2006.0,Hot-Humid
2016-09-23 18:00:00,Panther_lodging_Kirk,187.6862,29.4,4.0,23.3,1014.9,6.2,18,5,9,267,18667.3,2006.0,Hot-Humid
2016-09-23 19:00:00,Panther_lodging_Kirk,180.1848,27.8,4.0,23.9,1015.4,3.6,19,5,9,267,18667.3,2006.0,Hot-Humid
2016-09-23 20:00:00,Panther_lodging_Kirk,164.0317,27.8,4.0,23.3,1016.0,4.1,20,5,9,267,18667.3,2006.0,Hot-Humid
2016-09-23 21:00:00,Panther_lodging_Kirk,171.7832,27.2,4.0,23.9,1016.2,3.1,21,5,9,267,18667.3,2006.0,Hot-Humid
2016-09-23 22:00:00,Panther_lodging_Kirk,176.6341,26.7,5.0,23.9,1016.6,2.1,22,5,9,267,18667.3,2006.0,Hot-Humid
2016-09-23 23:00:00,Panther_lodging_Kirk,175.93400000000003,26.1,6.0,23.9,1016.5,2.1,23,5,9,267,18667.3,2006.0,Hot-Humid
2016-09-24 00:00:00,Panther_lodging_Kirk,172.9834,26.1,7.0,24.4,1016.3,1.5,0,6,9,268,18667.3,2006.0,Hot-Humid
2016-09-24 01:00:00,Panther_lodging_Kirk,164.0317,25.6,8.0,23.9,1016.2,1.5,1,6,9,268,18667.3,2006.0,Hot-Humid
2016-09-24 02:00:00,Panther_lodging_Kirk,157.6304,25.0,7.2,23.3,1016.0,0.0,2,6,9,268,18667.3,2006.0,Hot-Humid
2016-09-24 03:00:00,Panther_lodging_Kirk,141.0772,25.6,6.4,23.3,1015.9,0.0,3,6,9,268,18667.3,2006.0,Hot-Humid
2016-09-24 04:00:00,Panther_lodging_Kirk,135.1761,24.4,5.6,22.8,1015.8,0.0,4,6,9,268,18667.3,2006.0,Hot-Humid
2016-09-24 05:00:00,Panther_lodging_Kirk,128.1247,24.4,5.6,22.2,1016.1,0.0,5,6,9,268,18667.3,2006.0,Hot-Humid
2016-09-24 06:00:00,Panther_lodging_Kirk,135.7762,23.9,4.0,21.7,1016.6,0.0,6,6,9,268,18667.3,2006.0,Hot-Humid
2016-09-24 07:00:00,Panther_lodging_Kirk,134.67600000000002,24.4,4.0,21.7,1017.2,0.0,7,6,9,268,18667.3,2006.0,Hot-Humid
2016-09-24 08:00:00,Panther_lodging_Kirk,140.6271,27.2,4.0,23.3,1017.7,0.0,8,6,9,268,18667.3,2006.0,Hot-Humid
2016-09-24 09:00:00,Panther_lodging_Kirk,128.2247,28.9,4.0,22.2,1017.9,1.5,9,6,9,268,18667.3,2006.0,Hot-Humid
2016-09-24 10:00:00,Panther_lodging_Kirk,133.4258,30.0,4.0,21.1,1017.7,2.1,10,6,9,268,18667.3,2006.0,Hot-Humid
2016-09-24 11:00:00,Panther_lodging_Kirk,144.4279,31.7,4.0,22.2,1017.4,0.0,11,6,9,268,18667.3,2006.0,Hot-Humid
2016-09-24 12:00:00,Panther_lodging_Kirk,153.7797,32.2,5.0,21.7,1017.2,0.0,12,6,9,268,18667.3,2006.0,Hot-Humid
2016-09-24 13:00:00,Panther_lodging_Kirk,174.0836,32.8,6.0,21.7,1016.4,1.5,13,6,9,268,18667.3,2006.0,Hot-Humid
2016-09-24 14:00:00,Panther_lodging_Kirk,157.5304,33.3,5.5,20.6,1015.1,4.1,14,6,9,268,18667.3,2006.0,Hot-Humid
2016-09-24 15:00:00,Panther_lodging_Kirk,159.3307,33.3,5.0,20.6,1014.9,2.6,15,6,9,268,18667.3,2006.0,Hot-Humid
2016-09-24 16:00:00,Panther_lodging_Kirk,159.4808,29.4,4.5,22.8,1015.7,7.2,16,6,9,268,18667.3,2006.0,Hot-Humid
2016-09-24 17:00:00,Panther_lodging_Kirk,159.5808,29.4,4.0,22.8,1015.4,7.2,17,6,9,268,18667.3,2006.0,Hot-Humid
2016-09-24 18:00:00,Panther_lodging_Kirk,158.5806,28.3,5.0,22.8,1015.4,4.1,18,6,9,268,18667.3,2006.0,Hot-Humid
2016-09-24 19:00:00,Panther_lodging_Kirk,157.9805,27.2,6.0,22.8,1016.2,3.6,19,6,9,268,18667.3,2006.0,Hot-Humid
2016-09-24 20:00:00,Panther_lodging_Kirk,162.3813,26.7,6.0,23.3,1017.0,2.1,20,6,9,268,18667.3,2006.0,Hot-Humid
2016-09-24 21:00:00,Panther_lodging_Kirk,167.6323,26.7,6.0,23.3,1016.8,2.1,21,6,9,268,18667.3,2006.0,Hot-Humid
2016-09-24 22:00:00,Panther_lodging_Kirk,169.9828,26.7,6.0,23.3,1017.0,0.0,22,6,9,268,18667.3,2006.0,Hot-Humid
2016-09-24 23:00:00,Panther_lodging_Kirk,157.0803,25.6,6.0,23.3,1016.7,0.0,23,6,9,268,18667.3,2006.0,Hot-Humid
2016-09-25 00:00:00,Panther_lodging_Kirk,158.6306,25.0,6.0,22.8,1016.2,1.5,0,7,9,269,18667.3,2006.0,Hot-Humid
2016-09-25 01:00:00,Panther_lodging_Kirk,146.6783,24.4,6.0,22.8,1016.1,0.0,1,7,9,269,18667.3,2006.0,Hot-Humid
2016-09-25 02:00:00,Panther_lodging_Kirk,148.1786,25.0,4.0,22.8,1015.8,0.0,2,7,9,269,18667.3,2006.0,Hot-Humid
2016-09-25 03:00:00,Panther_lodging_Kirk,139.5269,25.0,4.0,22.8,1015.9,0.0,3,7,9,269,18667.3,2006.0,Hot-Humid
2016-09-25 04:00:00,Panther_lodging_Kirk,133.4258,24.4,2.0,22.8,1016.3,0.0,4,7,9,269,18667.3,2006.0,Hot-Humid
2016-09-25 05:00:00,Panther_lodging_Kirk,129.675,23.9,2.0,22.8,1016.4,0.0,5,7,9,269,18667.3,2006.0,Hot-Humid
2016-09-25 06:00:00,Panther_lodging_Kirk,130.3752,24.4,4.0,22.8,1016.8,0.0,6,7,9,269,18667.3,2006.0,Hot-Humid
2016-09-25 07:00:00,Panther_lodging_Kirk,133.9259,25.0,4.0,23.3,1016.7,0.0,7,7,9,269,18667.3,2006.0,Hot-Humid
2016-09-25 08:00:00,Panther_lodging_Kirk,136.4763,27.2,2.0,24.4,1017.0,1.5,8,7,9,269,18667.3,2006.0,Hot-Humid
2016-09-25 09:00:00,Panther_lodging_Kirk,136.8264,28.3,2.0,22.8,1017.2,0.0,9,7,9,269,18667.3,2006.0,Hot-Humid
2016-09-25 10:00:00,Panther_lodging_Kirk,139.2769,30.6,2.0,21.7,1017.6,0.0,10,7,9,269,18667.3,2006.0,Hot-Humid
2016-09-25 11:00:00,Panther_lodging_Kirk,145.22799999999995,31.1,4.0,21.7,1017.3,2.6,11,7,9,269,18667.3,2006.0,Hot-Humid
2016-09-25 12:00:00,Panther_lodging_Kirk,159.2807,32.2,5.0,21.1,1016.8,2.1,12,7,9,269,18667.3,2006.0,Hot-Humid
2016-09-25 13:00:00,Panther_lodging_Kirk,167.2823,32.2,6.0,21.1,1016.1,0.0,13,7,9,269,18667.3,2006.0,Hot-Humid
2016-09-25 14:00:00,Panther_lodging_Kirk,169.5327,33.3,6.0,22.2,1014.8,4.6,14,7,9,269,18667.3,2006.0,Hot-Humid
2016-09-25 15:00:00,Panther_lodging_Kirk,161.8812,31.7,6.0,22.8,1014.6,6.2,15,7,9,269,18667.3,2006.0,Hot-Humid
2016-09-25 16:00:00,Panther_lodging_Kirk,168.7326,28.3,6.0,23.9,1015.0,4.6,16,7,9,269,18667.3,2006.0,Hot-Humid
2016-09-25 17:00:00,Panther_lodging_Kirk,171.183,28.3,6.0,23.3,1014.7,3.6,17,7,9,269,18667.3,2006.0,Hot-Humid
2016-09-25 18:00:00,Panther_lodging_Kirk,168.5325,28.3,6.0,23.3,1015.2,3.1,18,7,9,269,18667.3,2006.0,Hot-Humid
2016-09-25 19:00:00,Panther_lodging_Kirk,169.5327,26.7,6.0,23.3,1015.2,3.6,19,7,9,269,18667.3,2006.0,Hot-Humid
2016-09-25 20:00:00,Panther_lodging_Kirk,183.8855,26.1,2.0,23.3,1015.6,3.1,20,7,9,269,18667.3,2006.0,Hot-Humid
2016-09-25 21:00:00,Panther_lodging_Kirk,181.435,26.7,2.8,22.8,1017.1,2.1,21,7,9,269,18667.3,2006.0,Hot-Humid
2016-09-25 22:00:00,Panther_lodging_Kirk,183.9355,26.1,3.6,22.8,1016.6,2.6,22,7,9,269,18667.3,2006.0,Hot-Humid
2016-09-25 23:00:00,Panther_lodging_Kirk,175.9839,25.0,4.4,22.8,1016.3,2.1,23,7,9,269,18667.3,2006.0,Hot-Humid
2016-09-26 00:00:00,Panther_lodging_Kirk,166.3321,24.4,4.4,23.3,1016.4,0.0,0,1,9,270,18667.3,2006.0,Hot-Humid
2016-09-26 01:00:00,Panther_lodging_Kirk,151.3792,25.6,6.0,23.3,1015.7,0.0,1,1,9,270,18667.3,2006.0,Hot-Humid
2016-09-26 02:00:00,Panther_lodging_Kirk,146.3282,25.6,5.0,23.3,1015.8,0.0,2,1,9,270,18667.3,2006.0,Hot-Humid
2016-09-26 03:00:00,Panther_lodging_Kirk,140.9772,23.3,4.0,22.2,1014.6,2.1,3,1,9,270,18667.3,2006.0,Hot-Humid
2016-09-26 04:00:00,Panther_lodging_Kirk,134.1759,24.4,4.0,22.8,1014.7,0.0,4,1,9,270,18667.3,2006.0,Hot-Humid
2016-09-26 05:00:00,Panther_lodging_Kirk,129.9251,23.3,4.0,22.2,1014.9,2.1,5,1,9,270,18667.3,2006.0,Hot-Humid
2016-09-26 06:00:00,Panther_lodging_Kirk,132.1255,24.4,4.0,22.2,1015.4,0.0,6,1,9,270,18667.3,2006.0,Hot-Humid
2016-09-26 07:00:00,Panther_lodging_Kirk,137.2765,24.4,6.0,22.8,1015.9,0.0,7,1,9,270,18667.3,2006.0,Hot-Humid
2016-09-26 08:00:00,Panther_lodging_Kirk,135.7762,26.7,5.0,23.3,1016.1,0.0,8,1,9,270,18667.3,2006.0,Hot-Humid
2016-09-26 09:00:00,Panther_lodging_Kirk,141.3773,27.2,4.0,23.3,1016.3,2.1,9,1,9,270,18667.3,2006.0,Hot-Humid
2016-09-26 10:00:00,Panther_lodging_Kirk,159.3307,28.9,4.0,22.2,1016.4,0.0,10,1,9,270,18667.3,2006.0,Hot-Humid
2016-09-26 11:00:00,Panther_lodging_Kirk,160.9311,30.0,4.0,21.7,1016.0,2.1,11,1,9,270,18667.3,2006.0,Hot-Humid
2016-09-26 12:00:00,Panther_lodging_Kirk,150.47899999999996,30.0,5.0,21.7,1015.4,1.5,12,1,9,270,18667.3,2006.0,Hot-Humid
2016-09-26 13:00:00,Panther_lodging_Kirk,164.5818,25.6,6.0,22.8,1014.9,6.7,13,1,9,270,18667.3,2006.0,Hot-Humid
2016-09-26 14:00:00,Panther_lodging_Kirk,170.7329,23.3,6.333333333333333,21.1,1014.7,3.1,14,1,9,270,18667.3,2006.0,Hot-Humid
2016-09-26 15:00:00,Panther_lodging_Kirk,175.6839,23.3,6.666666666666667,21.1,1013.8,3.1,15,1,9,270,18667.3,2006.0,Hot-Humid
2016-09-26 16:00:00,Panther_lodging_Kirk,177.2342,23.3,7.0,20.6,1014.0,3.1,16,1,9,270,18667.3,2006.0,Hot-Humid
2016-09-26 17:00:00,Panther_lodging_Kirk,191.3369,23.3,7.0,21.1,1013.9,0.0,17,1,9,270,18667.3,2006.0,Hot-Humid
2016-09-26 18:00:00,Panther_lodging_Kirk,191.887,23.3,7.0,21.7,1013.5,3.1,18,1,9,270,18667.3,2006.0,Hot-Humid
2016-09-26 19:00:00,Panther_lodging_Kirk,184.1855,23.3,8.0,22.2,1014.3,1.5,19,1,9,270,18667.3,2006.0,Hot-Humid
2016-09-26 20:00:00,Panther_lodging_Kirk,198.4883,23.3,7.666666666666667,21.7,1014.6,2.1,20,1,9,270,18667.3,2006.0,Hot-Humid
2016-09-26 21:00:00,Panther_lodging_Kirk,205.0396,23.9,7.333333333333333,21.7,1015.4,0.0,21,1,9,270,18667.3,2006.0,Hot-Humid
2016-09-26 22:00:00,Panther_lodging_Kirk,189.1865,23.3,7.0,21.7,1015.3,2.6,22,1,9,270,18667.3,2006.0,Hot-Humid
2016-09-26 23:00:00,Panther_lodging_Kirk,182.1852,23.3,7.0,21.7,1015.0,0.0,23,1,9,270,18667.3,2006.0,Hot-Humid
2016-09-27 00:00:00,Panther_lodging_Kirk,176.6841,22.8,7.0,21.7,1014.6,0.0,0,2,9,271,18667.3,2006.0,Hot-Humid
2016-09-27 01:00:00,Panther_lodging_Kirk,156.9303,22.8,6.0,21.7,1014.2,0.0,1,2,9,271,18667.3,2006.0,Hot-Humid
2016-09-27 02:00:00,Panther_lodging_Kirk,158.9807,22.2,5.0,21.1,1013.8,0.0,2,2,9,271,18667.3,2006.0,Hot-Humid
2016-09-27 03:00:00,Panther_lodging_Kirk,149.3788,21.7,4.0,21.1,1013.3,0.0,3,2,9,271,18667.3,2006.0,Hot-Humid
2016-09-27 04:00:00,Panther_lodging_Kirk,139.2769,22.2,4.0,21.1,1012.9,0.0,4,2,9,271,18667.3,2006.0,Hot-Humid
2016-09-27 05:00:00,Panther_lodging_Kirk,140.4771,21.7,4.0,21.1,1012.7,0.0,5,2,9,271,18667.3,2006.0,Hot-Humid
2016-09-27 06:00:00,Panther_lodging_Kirk,141.8774,21.1,4.0,20.0,1013.5,2.6,6,2,9,271,18667.3,2006.0,Hot-Humid
2016-09-27 07:00:00,Panther_lodging_Kirk,145.178,22.2,2.0,21.1,1014.2,1.5,7,2,9,271,18667.3,2006.0,Hot-Humid
2016-09-27 08:00:00,Panther_lodging_Kirk,153.5796,24.4,2.0,21.7,1014.2,1.5,8,2,9,271,18667.3,2006.0,Hot-Humid
2016-09-27 09:00:00,Panther_lodging_Kirk,145.22799999999995,26.7,2.0,22.2,1014.2,2.1,9,2,9,271,18667.3,2006.0,Hot-Humid
2016-09-27 10:00:00,Panther_lodging_Kirk,163.6816,28.3,4.0,22.8,1014.5,3.1,10,2,9,271,18667.3,2006.0,Hot-Humid
2016-09-27 11:00:00,Panther_lodging_Kirk,171.8332,29.4,2.0,21.7,1014.3,3.1,11,2,9,271,18667.3,2006.0,Hot-Humid
2016-09-27 12:00:00,Panther_lodging_Kirk,172.1332,30.6,4.0,21.7,1013.8,1.5,12,2,9,271,18667.3,2006.0,Hot-Humid
2016-09-27 13:00:00,Panther_lodging_Kirk,167.9824,31.7,6.0,21.7,1013.0,4.1,13,2,9,271,18667.3,2006.0,Hot-Humid
2016-09-27 14:00:00,Panther_lodging_Kirk,161.2311,31.1,4.0,20.6,1012.2,2.1,14,2,9,271,18667.3,2006.0,Hot-Humid
2016-09-27 15:00:00,Panther_lodging_Kirk,170.3829,27.2,4.4,20.0,1012.8,2.1,15,2,9,271,18667.3,2006.0,Hot-Humid
2016-09-27 16:00:00,Panther_lodging_Kirk,182.9353,26.7,4.8,22.2,1012.3,0.0,16,2,9,271,18667.3,2006.0,Hot-Humid
2016-09-27 17:00:00,Panther_lodging_Kirk,187.8863,27.2,5.2,20.6,1011.9,2.6,17,2,9,271,18667.3,2006.0,Hot-Humid
2016-09-27 18:00:00,Panther_lodging_Kirk,181.6351,26.7,5.2,21.7,1012.6,3.1,18,2,9,271,18667.3,2006.0,Hot-Humid
2016-09-27 19:00:00,Panther_lodging_Kirk,186.436,26.1,6.0,21.1,1013.5,6.2,19,2,9,271,18667.3,2006.0,Hot-Humid
2016-09-27 20:00:00,Panther_lodging_Kirk,176.7841,23.9,2.0,21.1,1013.9,5.1,20,2,9,271,18667.3,2006.0,Hot-Humid
2016-09-27 21:00:00,Panther_lodging_Kirk,173.5835,23.3,2.0,21.1,1014.0,3.6,21,2,9,271,18667.3,2006.0,Hot-Humid
2016-09-27 22:00:00,Panther_lodging_Kirk,181.7851,22.8,2.0,21.1,1014.7,1.5,22,2,9,271,18667.3,2006.0,Hot-Humid
2016-09-27 23:00:00,Panther_lodging_Kirk,166.032,22.8,2.0,21.1,1015.1,0.0,23,2,9,271,18667.3,2006.0,Hot-Humid
2016-09-28 00:00:00,Panther_lodging_Kirk,165.0319,22.8,2.0,21.1,1015.0,0.0,0,3,9,272,18667.3,2006.0,Hot-Humid
2016-09-28 01:00:00,Panther_lodging_Kirk,133.8758,23.3,0.0,21.1,1014.5,2.1,1,3,9,272,18667.3,2006.0,Hot-Humid
2016-09-28 02:00:00,Panther_lodging_Kirk,144.8779,22.8,0.0,21.1,1014.4,3.1,2,3,9,272,18667.3,2006.0,Hot-Humid
2016-09-28 03:00:00,Panther_lodging_Kirk,142.3275,22.2,0.0,20.6,1014.1,2.1,3,3,9,272,18667.3,2006.0,Hot-Humid
2016-09-28 04:00:00,Panther_lodging_Kirk,137.9266,21.7,0.0,20.6,1014.3,1.5,4,3,9,272,18667.3,2006.0,Hot-Humid
2016-09-28 05:00:00,Panther_lodging_Kirk,137.3765,21.7,0.0,21.1,1014.5,1.5,5,3,9,272,18667.3,2006.0,Hot-Humid
2016-09-28 06:00:00,Panther_lodging_Kirk,139.2269,21.7,4.0,21.1,1015.1,1.5,6,3,9,272,18667.3,2006.0,Hot-Humid
2016-09-28 07:00:00,Panther_lodging_Kirk,128.2747,22.2,2.0,21.7,1015.4,1.5,7,3,9,272,18667.3,2006.0,Hot-Humid
2016-09-28 08:00:00,Panther_lodging_Kirk,140.2771,25.0,2.0,22.8,1015.6,2.1,8,3,9,272,18667.3,2006.0,Hot-Humid
2016-09-28 09:00:00,Panther_lodging_Kirk,144.928,27.8,2.0,22.2,1016.1,2.6,9,3,9,272,18667.3,2006.0,Hot-Humid
2016-09-28 10:00:00,Panther_lodging_Kirk,148.0786,28.9,4.0,21.7,1016.3,2.1,10,3,9,272,18667.3,2006.0,Hot-Humid
2016-09-28 11:00:00,Panther_lodging_Kirk,156.1301,29.4,4.0,21.1,1016.3,2.1,11,3,9,272,18667.3,2006.0,Hot-Humid
2016-09-28 12:00:00,Panther_lodging_Kirk,151.5793,31.1,5.0,21.1,1015.7,3.6,12,3,9,272,18667.3,2006.0,Hot-Humid
2016-09-28 13:00:00,Panther_lodging_Kirk,160.381,31.1,6.0,21.7,1015.2,2.6,13,3,9,272,18667.3,2006.0,Hot-Humid
2016-09-28 14:00:00,Panther_lodging_Kirk,183.6354,32.2,6.333333333333333,20.0,1014.6,2.6,14,3,9,272,18667.3,2006.0,Hot-Humid
2016-09-28 15:00:00,Panther_lodging_Kirk,189.2865,29.4,6.666666666666667,21.7,1014.4,6.7,15,3,9,272,18667.3,2006.0,Hot-Humid
2016-09-28 16:00:00,Panther_lodging_Kirk,178.3844,29.4,7.0,21.1,1014.4,3.1,16,3,9,272,18667.3,2006.0,Hot-Humid
2016-09-28 17:00:00,Panther_lodging_Kirk,183.4354,29.4,7.0,20.6,1014.8,2.1,17,3,9,272,18667.3,2006.0,Hot-Humid
2016-09-28 18:00:00,Panther_lodging_Kirk,181.9851,28.9,7.0,20.6,1015.0,2.6,18,3,9,272,18667.3,2006.0,Hot-Humid
2016-09-28 19:00:00,Panther_lodging_Kirk,184.3856,25.6,8.0,21.7,1015.8,4.1,19,3,9,272,18667.3,2006.0,Hot-Humid
2016-09-28 20:00:00,Panther_lodging_Kirk,196.1379,23.9,8.0,21.7,1017.1,1.5,20,3,9,272,18667.3,2006.0,Hot-Humid
2016-09-28 21:00:00,Panther_lodging_Kirk,188.1863,23.9,8.0,22.2,1017.2,1.5,21,3,9,272,18667.3,2006.0,Hot-Humid
2016-09-28 22:00:00,Panther_lodging_Kirk,186.436,23.9,8.0,22.8,1017.1,2.1,22,3,9,272,18667.3,2006.0,Hot-Humid
2016-09-28 23:00:00,Panther_lodging_Kirk,179.3346,23.9,8.0,22.8,1017.5,1.5,23,3,9,272,18667.3,2006.0,Hot-Humid
2016-09-29 00:00:00,Panther_lodging_Kirk,165.882,23.3,8.0,22.2,1017.0,2.6,0,4,9,273,18667.3,2006.0,Hot-Humid
2016-09-29 01:00:00,Panther_lodging_Kirk,153.5296,23.3,8.0,22.8,1016.6,2.6,1,4,9,273,18667.3,2006.0,Hot-Humid
2016-09-29 02:00:00,Panther_lodging_Kirk,147.0784,23.3,6.0,22.8,1016.2,2.1,2,4,9,273,18667.3,2006.0,Hot-Humid
2016-09-29 03:00:00,Panther_lodging_Kirk,135.7262,22.8,4.0,21.7,1015.7,1.5,3,4,9,273,18667.3,2006.0,Hot-Humid
2016-09-29 04:00:00,Panther_lodging_Kirk,134.3759,22.2,2.0,21.1,1015.8,2.1,4,4,9,273,18667.3,2006.0,Hot-Humid
2016-09-29 05:00:00,Panther_lodging_Kirk,132.4756,22.2,2.0,21.7,1015.9,1.5,5,4,9,273,18667.3,2006.0,Hot-Humid
2016-09-29 06:00:00,Panther_lodging_Kirk,140.1771,22.8,2.0,21.7,1016.3,0.0,6,4,9,273,18667.3,2006.0,Hot-Humid
2016-09-29 07:00:00,Panther_lodging_Kirk,144.828,22.8,2.0,21.7,1016.5,0.0,7,4,9,273,18667.3,2006.0,Hot-Humid
2016-09-29 08:00:00,Panther_lodging_Kirk,145.22799999999995,25.0,4.0,22.2,1017.0,3.1,8,4,9,273,18667.3,2006.0,Hot-Humid
2016-09-29 09:00:00,Panther_lodging_Kirk,135.2761,27.2,4.0,22.2,1017.1,4.1,9,4,9,273,18667.3,2006.0,Hot-Humid
2016-09-29 10:00:00,Panther_lodging_Kirk,151.8293,28.9,2.0,22.2,1017.4,4.1,10,4,9,273,18667.3,2006.0,Hot-Humid
2016-09-29 11:00:00,Panther_lodging_Kirk,156.9803,30.0,4.0,22.2,1017.3,4.6,11,4,9,273,18667.3,2006.0,Hot-Humid
2016-09-29 12:00:00,Panther_lodging_Kirk,159.9309,31.1,4.0,22.2,1016.8,5.7,12,4,9,273,18667.3,2006.0,Hot-Humid
2016-09-29 13:00:00,Panther_lodging_Kirk,164.1817,28.9,6.0,21.7,1017.0,9.3,13,4,9,273,18667.3,2006.0,Hot-Humid
2016-09-29 14:00:00,Panther_lodging_Kirk,172.4833,26.1,6.0,22.8,1017.2,3.6,14,4,9,273,18667.3,2006.0,Hot-Humid
2016-09-29 15:00:00,Panther_lodging_Kirk,175.4339,29.4,6.0,22.8,1015.1,4.1,15,4,9,273,18667.3,2006.0,Hot-Humid
2016-09-29 16:00:00,Panther_lodging_Kirk,170.0828,30.0,6.0,22.2,1015.6,4.6,16,4,9,273,18667.3,2006.0,Hot-Humid
2016-09-29 17:00:00,Panther_lodging_Kirk,173.9836,27.8,6.0,22.2,1015.8,3.1,17,4,9,273,18667.3,2006.0,Hot-Humid
2016-09-29 18:00:00,Panther_lodging_Kirk,168.7326,27.2,6.0,22.2,1016.2,3.6,18,4,9,273,18667.3,2006.0,Hot-Humid
2016-09-29 19:00:00,Panther_lodging_Kirk,181.235,25.6,6.0,20.6,1016.9,4.6,19,4,9,273,18667.3,2006.0,Hot-Humid
2016-09-29 20:00:00,Panther_lodging_Kirk,199.3885,24.4,5.6,20.6,1017.1,2.1,20,4,9,273,18667.3,2006.0,Hot-Humid
2016-09-29 21:00:00,Panther_lodging_Kirk,190.8868,24.4,5.2,21.1,1017.4,2.6,21,4,9,273,18667.3,2006.0,Hot-Humid
2016-09-29 22:00:00,Panther_lodging_Kirk,181.435,23.9,4.8,21.7,1017.8,2.6,22,4,9,273,18667.3,2006.0,Hot-Humid
2016-09-29 23:00:00,Panther_lodging_Kirk,184.9357,23.9,4.8,21.7,1018.0,1.5,23,4,9,273,18667.3,2006.0,Hot-Humid
2016-09-30 00:00:00,Panther_lodging_Kirk,182.6853,23.3,4.0,21.7,1017.3,1.5,0,5,9,274,18667.3,2006.0,Hot-Humid
2016-09-30 01:00:00,Panther_lodging_Kirk,162.9314,23.3,2.0,21.7,1016.6,2.6,1,5,9,274,18667.3,2006.0,Hot-Humid
2016-09-30 02:00:00,Panther_lodging_Kirk,156.7302,23.3,4.0,21.7,1016.0,2.1,2,5,9,274,18667.3,2006.0,Hot-Humid
2016-09-30 03:00:00,Panther_lodging_Kirk,136.5764,22.8,2.0,21.7,1015.4,1.5,3,5,9,274,18667.3,2006.0,Hot-Humid
2016-09-30 04:00:00,Panther_lodging_Kirk,127.8247,22.2,2.0,21.1,1015.4,2.1,4,5,9,274,18667.3,2006.0,Hot-Humid
2016-09-30 05:00:00,Panther_lodging_Kirk,132.7756,22.2,4.0,21.7,1015.7,1.5,5,5,9,274,18667.3,2006.0,Hot-Humid
2016-09-30 06:00:00,Panther_lodging_Kirk,129.0749,22.8,2.0,21.7,1016.3,1.5,6,5,9,274,18667.3,2006.0,Hot-Humid
2016-09-30 07:00:00,Panther_lodging_Kirk,140.2271,23.3,2.0,22.2,1016.4,0.0,7,5,9,274,18667.3,2006.0,Hot-Humid
2016-09-30 08:00:00,Panther_lodging_Kirk,146.3782,25.6,2.0,23.3,1016.7,2.6,8,5,9,274,18667.3,2006.0,Hot-Humid
2016-09-30 09:00:00,Panther_lodging_Kirk,157.5804,27.8,4.0,23.3,1017.6,3.6,9,5,9,274,18667.3,2006.0,Hot-Humid
2016-09-30 10:00:00,Panther_lodging_Kirk,143.0276,28.3,4.0,22.8,1017.7,3.1,10,5,9,274,18667.3,2006.0,Hot-Humid
2016-09-30 11:00:00,Panther_lodging_Kirk,152.4294,28.9,4.0,22.2,1017.3,3.6,11,5,9,274,18667.3,2006.0,Hot-Humid
2016-09-30 12:00:00,Panther_lodging_Kirk,160.681,31.1,5.0,22.8,1016.9,5.7,12,5,9,274,18667.3,2006.0,Hot-Humid
2016-09-30 13:00:00,Panther_lodging_Kirk,162.8814,31.1,6.0,21.7,1016.1,2.6,13,5,9,274,18667.3,2006.0,Hot-Humid
2016-09-30 14:00:00,Panther_lodging_Kirk,163.8316,31.7,6.0,21.7,1014.9,3.6,14,5,9,274,18667.3,2006.0,Hot-Humid
2016-09-30 15:00:00,Panther_lodging_Kirk,182.9353,32.2,6.0,22.2,1014.3,4.6,15,5,9,274,18667.3,2006.0,Hot-Humid
2016-09-30 16:00:00,Panther_lodging_Kirk,174.1336,31.1,6.0,21.7,1013.7,2.6,16,5,9,274,18667.3,2006.0,Hot-Humid
2016-09-30 17:00:00,Panther_lodging_Kirk,176.7841,23.0,6.0,22.0,1015.4,4.6,17,5,9,274,18667.3,2006.0,Hot-Humid
2016-09-30 18:00:00,Panther_lodging_Kirk,174.0336,23.9,6.0,20.6,1014.8,0.0,18,5,9,274,18667.3,2006.0,Hot-Humid
2016-09-30 19:00:00,Panther_lodging_Kirk,173.3334,25.0,6.0,22.2,1015.4,1.5,19,5,9,274,18667.3,2006.0,Hot-Humid
2016-09-30 20:00:00,Panther_lodging_Kirk,182.9853,24.0,5.6,22.0,1016.6,3.1,20,5,9,274,18667.3,2006.0,Hot-Humid
2016-09-30 21:00:00,Panther_lodging_Kirk,184.0855,23.0,5.2,21.0,1017.5,4.6,21,5,9,274,18667.3,2006.0,Hot-Humid
2016-09-30 22:00:00,Panther_lodging_Kirk,182.2352,23.3,4.8,21.7,1017.8,3.6,22,5,9,274,18667.3,2006.0,Hot-Humid
2016-09-30 23:00:00,Panther_lodging_Kirk,165.982,22.8,4.8,21.7,1016.7,2.6,23,5,9,274,18667.3,2006.0,Hot-Humid
2016-10-01 00:00:00,Panther_lodging_Kirk,155.1299,23.3,4.0,22.2,1016.4,2.1,0,6,10,275,18667.3,2006.0,Hot-Humid
2016-10-01 01:00:00,Panther_lodging_Kirk,163.2315,23.3,4.0,22.2,1016.2,3.6,1,6,10,275,18667.3,2006.0,Hot-Humid
2016-10-01 02:00:00,Panther_lodging_Kirk,156.3302,23.3,2.0,21.7,1015.9,2.1,2,6,10,275,18667.3,2006.0,Hot-Humid
2016-10-01 03:00:00,Panther_lodging_Kirk,149.1288,23.3,2.0,21.7,1015.8,0.0,3,6,10,275,18667.3,2006.0,Hot-Humid
2016-10-01 04:00:00,Panther_lodging_Kirk,139.3769,22.8,2.0,21.7,1016.3,2.6,4,6,10,275,18667.3,2006.0,Hot-Humid
2016-10-01 05:00:00,Panther_lodging_Kirk,139.977,22.8,2.0,21.7,1016.2,0.0,5,6,10,275,18667.3,2006.0,Hot-Humid
2016-10-01 06:00:00,Panther_lodging_Kirk,141.9774,22.8,2.0,21.7,1016.7,1.5,6,6,10,275,18667.3,2006.0,Hot-Humid
2016-10-01 07:00:00,Panther_lodging_Kirk,134.5259,22.2,4.0,21.1,1017.3,2.1,7,6,10,275,18667.3,2006.0,Hot-Humid
2016-10-01 08:00:00,Panther_lodging_Kirk,134.1759,24.4,2.0,22.8,1017.6,1.5,8,6,10,275,18667.3,2006.0,Hot-Humid
2016-10-01 09:00:00,Panther_lodging_Kirk,136.7264,26.1,4.0,22.8,1017.9,0.0,9,6,10,275,18667.3,2006.0,Hot-Humid
2016-10-01 10:00:00,Panther_lodging_Kirk,143.4777,28.3,4.0,22.2,1017.6,2.6,10,6,10,275,18667.3,2006.0,Hot-Humid
2016-10-01 11:00:00,Panther_lodging_Kirk,142.7776,28.9,4.0,22.2,1017.4,1.5,11,6,10,275,18667.3,2006.0,Hot-Humid
2016-10-01 12:00:00,Panther_lodging_Kirk,155.53,30.0,4.0,22.2,1017.3,4.1,12,6,10,275,18667.3,2006.0,Hot-Humid
2016-10-01 13:00:00,Panther_lodging_Kirk,155.8301,30.6,6.0,21.7,1016.2,2.1,13,6,10,275,18667.3,2006.0,Hot-Humid
2016-10-01 14:00:00,Panther_lodging_Kirk,162.3814,30.6,6.0,21.7,1015.4,1.5,14,6,10,275,18667.3,2006.0,Hot-Humid
2016-10-01 15:00:00,Panther_lodging_Kirk,171.233,31.7,6.0,21.7,1014.8,3.1,15,6,10,275,18667.3,2006.0,Hot-Humid
2016-10-01 16:00:00,Panther_lodging_Kirk,178.3844,30.6,6.0,21.7,1014.2,3.1,16,6,10,275,18667.3,2006.0,Hot-Humid
2016-10-01 17:00:00,Panther_lodging_Kirk,176.484,29.4,6.0,22.8,1014.2,5.1,17,6,10,275,18667.3,2006.0,Hot-Humid
2016-10-01 18:00:00,Panther_lodging_Kirk,166.8822,27.8,6.0,21.7,1014.5,4.6,18,6,10,275,18667.3,2006.0,Hot-Humid
2016-10-01 19:00:00,Panther_lodging_Kirk,172.1332,27.8,6.0,21.1,1016.0,4.1,19,6,10,275,18667.3,2006.0,Hot-Humid
2016-10-01 20:00:00,Panther_lodging_Kirk,196.1379,24.4,6.333333333333333,20.0,1016.6,3.1,20,6,10,275,18667.3,2006.0,Hot-Humid
2016-10-01 21:00:00,Panther_lodging_Kirk,183.4354,23.9,6.666666666666667,21.1,1016.6,1.5,21,6,10,275,18667.3,2006.0,Hot-Humid
2016-10-01 22:00:00,Panther_lodging_Kirk,181.535,23.9,7.0,20.6,1016.9,0.0,22,6,10,275,18667.3,2006.0,Hot-Humid
2016-10-01 23:00:00,Panther_lodging_Kirk,165.982,23.9,7.0,21.1,1016.6,3.1,23,6,10,275,18667.3,2006.0,Hot-Humid
2016-10-02 00:00:00,Panther_lodging_Kirk,162.0813,23.9,7.0,21.1,1016.8,0.0,0,7,10,276,18667.3,2006.0,Hot-Humid
2016-10-02 01:00:00,Panther_lodging_Kirk,161.2811,23.3,8.0,21.1,1016.6,2.6,1,7,10,276,18667.3,2006.0,Hot-Humid
2016-10-02 02:00:00,Panther_lodging_Kirk,151.6292,23.9,7.666666666666667,21.7,1016.1,0.0,2,7,10,276,18667.3,2006.0,Hot-Humid
2016-10-02 03:00:00,Panther_lodging_Kirk,144.2278,22.8,7.333333333333333,21.1,1015.4,0.0,3,7,10,276,18667.3,2006.0,Hot-Humid
2016-10-02 04:00:00,Panther_lodging_Kirk,138.7268,23.3,7.0,21.7,1015.2,0.0,4,7,10,276,18667.3,2006.0,Hot-Humid
2016-10-02 05:00:00,Panther_lodging_Kirk,137.8766,23.3,7.0,21.7,1015.4,1.5,5,7,10,276,18667.3,2006.0,Hot-Humid
2016-10-02 06:00:00,Panther_lodging_Kirk,134.1759,23.3,7.0,21.7,1015.7,2.1,6,7,10,276,18667.3,2006.0,Hot-Humid
2016-10-02 07:00:00,Panther_lodging_Kirk,131.0753,23.9,6.0,21.7,1015.8,2.1,7,7,10,276,18667.3,2006.0,Hot-Humid
2016-10-02 08:00:00,Panther_lodging_Kirk,136.5263,25.0,6.0,22.8,1016.0,3.1,8,7,10,276,18667.3,2006.0,Hot-Humid
2016-10-02 09:00:00,Panther_lodging_Kirk,139.77700000000002,26.1,6.0,22.8,1016.3,2.1,9,7,10,276,18667.3,2006.0,Hot-Humid
2016-10-02 10:00:00,Panther_lodging_Kirk,139.877,28.9,6.0,23.3,1016.3,2.6,10,7,10,276,18667.3,2006.0,Hot-Humid
2016-10-02 11:00:00,Panther_lodging_Kirk,143.5277,30.0,6.0,22.8,1016.3,4.6,11,7,10,276,18667.3,2006.0,Hot-Humid
2016-10-02 12:00:00,Panther_lodging_Kirk,155.43,30.6,6.0,22.2,1015.7,2.6,12,7,10,276,18667.3,2006.0,Hot-Humid
2016-10-02 13:00:00,Panther_lodging_Kirk,159.4808,30.6,6.0,22.2,1014.9,4.6,13,7,10,276,18667.3,2006.0,Hot-Humid
2016-10-02 14:00:00,Panther_lodging_Kirk,161.1311,31.7,6.0,22.2,1014.3,5.1,14,7,10,276,18667.3,2006.0,Hot-Humid
2016-10-02 15:00:00,Panther_lodging_Kirk,171.5331,28.3,6.0,22.0,1014.5,7.2,15,7,10,276,18667.3,2006.0,Hot-Humid
2016-10-02 16:00:00,Panther_lodging_Kirk,175.1838,27.8,6.0,22.8,1014.1,4.6,16,7,10,276,18667.3,2006.0,Hot-Humid
2016-10-02 17:00:00,Panther_lodging_Kirk,179.5846,28.9,6.0,23.3,1013.2,6.2,17,7,10,276,18667.3,2006.0,Hot-Humid
2016-10-02 18:00:00,Panther_lodging_Kirk,179.2346,27.8,6.0,23.3,1014.3,4.6,18,7,10,276,18667.3,2006.0,Hot-Humid
2016-10-02 19:00:00,Panther_lodging_Kirk,182.9353,27.2,6.0,22.2,1014.9,2.1,19,7,10,276,18667.3,2006.0,Hot-Humid
2016-10-02 20:00:00,Panther_lodging_Kirk,180.7849,26.7,6.333333333333333,21.7,1015.2,2.1,20,7,10,276,18667.3,2006.0,Hot-Humid
2016-10-02 21:00:00,Panther_lodging_Kirk,184.7857,25.6,6.666666666666667,22.8,1015.7,2.1,21,7,10,276,18667.3,2006.0,Hot-Humid
2016-10-02 22:00:00,Panther_lodging_Kirk,180.8849,25.6,7.0,22.8,1015.3,1.5,22,7,10,276,18667.3,2006.0,Hot-Humid
2016-10-02 23:00:00,Panther_lodging_Kirk,170.5329,26.1,7.0,22.2,1014.2,2.1,23,7,10,276,18667.3,2006.0,Hot-Humid
2016-10-03 00:00:00,Panther_lodging_Kirk,154.8299,26.1,7.0,22.2,1013.7,2.1,0,1,10,277,18667.3,2006.0,Hot-Humid
2016-10-03 01:00:00,Panther_lodging_Kirk,146.5283,26.1,8.0,22.2,1013.6,2.1,1,1,10,277,18667.3,2006.0,Hot-Humid
2016-10-03 02:00:00,Panther_lodging_Kirk,139.0268,26.1,7.666666666666667,22.8,1013.2,2.1,2,1,10,277,18667.3,2006.0,Hot-Humid
2016-10-03 03:00:00,Panther_lodging_Kirk,140.5771,25.6,7.333333333333333,23.3,1012.6,2.1,3,1,10,277,18667.3,2006.0,Hot-Humid
2016-10-03 04:00:00,Panther_lodging_Kirk,132.7256,25.0,7.0,23.3,1012.4,2.1,4,1,10,277,18667.3,2006.0,Hot-Humid
2016-10-03 05:00:00,Panther_lodging_Kirk,131.5254,25.0,7.0,23.9,1012.4,2.6,5,1,10,277,18667.3,2006.0,Hot-Humid
2016-10-03 06:00:00,Panther_lodging_Kirk,137.0264,24.4,7.0,23.3,1013.1,4.6,6,1,10,277,18667.3,2006.0,Hot-Humid
2016-10-03 07:00:00,Panther_lodging_Kirk,143.1776,23.9,6.0,22.2,1013.1,3.1,7,1,10,277,18667.3,2006.0,Hot-Humid
2016-10-03 08:00:00,Panther_lodging_Kirk,147.8785,23.9,5.6,21.7,1013.3,4.1,8,1,10,277,18667.3,2006.0,Hot-Humid
2016-10-03 09:00:00,Panther_lodging_Kirk,149.0788,23.9,5.2,22.2,1013.9,3.6,9,1,10,277,18667.3,2006.0,Hot-Humid
2016-10-03 10:00:00,Panther_lodging_Kirk,154.9799,25.6,4.8,22.2,1014.1,5.7,10,1,10,277,18667.3,2006.0,Hot-Humid
2016-10-03 11:00:00,Panther_lodging_Kirk,152.9295,27.8,4.8,21.7,1013.2,5.1,11,1,10,277,18667.3,2006.0,Hot-Humid
2016-10-03 12:00:00,Panther_lodging_Kirk,153.8797,29.4,4.0,21.1,1012.6,4.6,12,1,10,277,18667.3,2006.0,Hot-Humid
2016-10-03 13:00:00,Panther_lodging_Kirk,165.4819,30.6,6.0,21.7,1011.8,3.6,13,1,10,277,18667.3,2006.0,Hot-Humid
2016-10-03 14:00:00,Panther_lodging_Kirk,170.1328,30.6,6.333333333333333,21.7,1011.0,5.1,14,1,10,277,18667.3,2006.0,Hot-Humid
2016-10-03 15:00:00,Panther_lodging_Kirk,177.7343,29.4,6.666666666666667,21.7,1010.5,7.2,15,1,10,277,18667.3,2006.0,Hot-Humid
2016-10-03 16:00:00,Panther_lodging_Kirk,188.0363,28.3,7.0,21.1,1010.1,6.7,16,1,10,277,18667.3,2006.0,Hot-Humid
2016-10-03 17:00:00,Panther_lodging_Kirk,190.0367,27.2,7.0,20.6,1010.5,6.7,17,1,10,277,18667.3,2006.0,Hot-Humid
2016-10-03 18:00:00,Panther_lodging_Kirk,180.0347,26.7,7.0,21.1,1011.2,3.6,18,1,10,277,18667.3,2006.0,Hot-Humid
2016-10-03 19:00:00,Panther_lodging_Kirk,188.6364,26.1,8.0,21.1,1011.8,3.6,19,1,10,277,18667.3,2006.0,Hot-Humid
2016-10-03 20:00:00,Panther_lodging_Kirk,180.1348,25.0,8.0,21.7,1013.1,4.1,20,1,10,277,18667.3,2006.0,Hot-Humid
2016-10-03 21:00:00,Panther_lodging_Kirk,196.6879,25.0,8.0,22.2,1013.2,1.5,21,1,10,277,18667.3,2006.0,Hot-Humid
2016-10-03 22:00:00,Panther_lodging_Kirk,186.1859,25.0,8.0,22.2,1012.5,1.5,22,1,10,277,18667.3,2006.0,Hot-Humid
2016-10-03 23:00:00,Panther_lodging_Kirk,185.1357,24.4,8.0,22.2,1011.5,4.6,23,1,10,277,18667.3,2006.0,Hot-Humid
2016-10-04 00:00:00,Panther_lodging_Kirk,179.4846,24.4,8.0,22.2,1011.1,2.6,0,2,10,278,18667.3,2006.0,Hot-Humid
2016-10-04 01:00:00,Panther_lodging_Kirk,164.0317,24.4,8.0,22.2,1011.4,2.6,1,2,10,278,18667.3,2006.0,Hot-Humid
2016-10-04 02:00:00,Panther_lodging_Kirk,153.4796,24.4,7.666666666666667,22.2,1011.2,2.1,2,2,10,278,18667.3,2006.0,Hot-Humid
2016-10-04 03:00:00,Panther_lodging_Kirk,140.5271,24.4,7.333333333333333,22.2,1010.7,0.0,3,2,10,278,18667.3,2006.0,Hot-Humid
2016-10-04 04:00:00,Panther_lodging_Kirk,133.8758,24.4,7.0,22.2,1010.4,2.6,4,2,10,278,18667.3,2006.0,Hot-Humid
2016-10-04 05:00:00,Panther_lodging_Kirk,146.6783,24.4,7.0,22.8,1010.8,1.5,5,2,10,278,18667.3,2006.0,Hot-Humid
2016-10-04 06:00:00,Panther_lodging_Kirk,137.1265,24.4,7.0,22.8,1011.4,2.1,6,2,10,278,18667.3,2006.0,Hot-Humid
2016-10-04 07:00:00,Panther_lodging_Kirk,140.4271,25.0,6.0,22.8,1011.4,2.6,7,2,10,278,18667.3,2006.0,Hot-Humid
2016-10-04 08:00:00,Panther_lodging_Kirk,151.8293,26.1,5.333333333333333,22.8,1011.5,3.1,8,2,10,278,18667.3,2006.0,Hot-Humid
2016-10-04 09:00:00,Panther_lodging_Kirk,144.6779,27.2,4.666666666666667,23.3,1011.9,3.6,9,2,10,278,18667.3,2006.0,Hot-Humid
2016-10-04 10:00:00,Panther_lodging_Kirk,156.3802,28.9,4.0,23.3,1012.2,4.1,10,2,10,278,18667.3,2006.0,Hot-Humid
2016-10-04 11:00:00,Panther_lodging_Kirk,160.481,30.0,4.0,22.8,1011.9,4.6,11,2,10,278,18667.3,2006.0,Hot-Humid
2016-10-04 12:00:00,Panther_lodging_Kirk,165.1319,30.6,6.0,22.8,1011.3,5.7,12,2,10,278,18667.3,2006.0,Hot-Humid
2016-10-04 13:00:00,Panther_lodging_Kirk,169.1826,25.6,8.0,23.9,1011.8,5.1,13,2,10,278,18667.3,2006.0,Hot-Humid
2016-10-04 14:00:00,Panther_lodging_Kirk,159.4308,25.6,7.333333333333333,23.3,1011.3,6.2,14,2,10,278,18667.3,2006.0,Hot-Humid
2016-10-04 15:00:00,Panther_lodging_Kirk,171.083,26.7,6.666666666666667,23.9,1010.9,4.1,15,2,10,278,18667.3,2006.0,Hot-Humid
2016-10-04 16:00:00,Panther_lodging_Kirk,172.1832,27.8,6.0,22.2,1010.6,7.7,16,2,10,278,18667.3,2006.0,Hot-Humid
2016-10-04 17:00:00,Panther_lodging_Kirk,173.7335,28.3,6.0,22.2,1010.2,7.2,17,2,10,278,18667.3,2006.0,Hot-Humid
2016-10-04 18:00:00,Panther_lodging_Kirk,178.9345,27.2,6.0,22.2,1011.3,4.1,18,2,10,278,18667.3,2006.0,Hot-Humid
2016-10-04 19:00:00,Panther_lodging_Kirk,187.7862,26.1,4.0,22.2,1011.5,4.6,19,2,10,278,18667.3,2006.0,Hot-Humid
2016-10-04 20:00:00,Panther_lodging_Kirk,191.0369,25.6,2.0,22.8,1011.7,3.6,20,2,10,278,18667.3,2006.0,Hot-Humid
2016-10-04 21:00:00,Panther_lodging_Kirk,189.8366,25.0,2.0,22.8,1012.0,3.6,21,2,10,278,18667.3,2006.0,Hot-Humid
2016-10-04 22:00:00,Panther_lodging_Kirk,182.6853,24.4,2.0,22.8,1012.1,3.6,22,2,10,278,18667.3,2006.0,Hot-Humid
2016-10-04 23:00:00,Panther_lodging_Kirk,184.3856,24.4,2.0,22.8,1012.2,2.6,23,2,10,278,18667.3,2006.0,Hot-Humid
2016-10-05 00:00:00,Panther_lodging_Kirk,179.5346,23.9,2.0,22.8,1012.0,3.1,0,3,10,279,18667.3,2006.0,Hot-Humid
2016-10-05 01:00:00,Panther_lodging_Kirk,164.2817,23.9,2.0,22.2,1011.9,3.1,1,3,10,279,18667.3,2006.0,Hot-Humid
2016-10-05 02:00:00,Panther_lodging_Kirk,142.9776,23.9,2.0,22.2,1011.6,3.1,2,3,10,279,18667.3,2006.0,Hot-Humid
2016-10-05 03:00:00,Panther_lodging_Kirk,138.4767,23.3,2.0,22.2,1010.9,2.6,3,3,10,279,18667.3,2006.0,Hot-Humid
2016-10-05 04:00:00,Panther_lodging_Kirk,139.0268,23.3,2.0,22.2,1010.7,3.1,4,3,10,279,18667.3,2006.0,Hot-Humid
2016-10-05 05:00:00,Panther_lodging_Kirk,141.7273,23.3,0.0,22.2,1010.8,3.1,5,3,10,279,18667.3,2006.0,Hot-Humid
2016-10-05 06:00:00,Panther_lodging_Kirk,141.8274,23.3,3.0,22.2,1011.6,4.1,6,3,10,279,18667.3,2006.0,Hot-Humid
2016-10-05 07:00:00,Panther_lodging_Kirk,137.1265,23.9,6.0,22.8,1012.1,3.6,7,3,10,279,18667.3,2006.0,Hot-Humid
2016-10-05 08:00:00,Panther_lodging_Kirk,129.425,24.4,4.0,23.3,1012.7,3.6,8,3,10,279,18667.3,2006.0,Hot-Humid
2016-10-05 09:00:00,Panther_lodging_Kirk,145.128,27.2,2.0,23.9,1013.1,3.6,9,3,10,279,18667.3,2006.0,Hot-Humid
2016-10-05 10:00:00,Panther_lodging_Kirk,161.7312,28.9,4.0,23.3,1013.0,4.1,10,3,10,279,18667.3,2006.0,Hot-Humid
2016-10-05 11:00:00,Panther_lodging_Kirk,169.0326,30.6,4.0,22.2,1012.8,4.1,11,3,10,279,18667.3,2006.0,Hot-Humid
2016-10-05 12:00:00,Panther_lodging_Kirk,155.58,31.7,4.0,22.8,1012.1,3.6,12,3,10,279,18667.3,2006.0,Hot-Humid
2016-10-05 13:00:00,Panther_lodging_Kirk,172.3333,32.2,6.0,22.2,1011.2,4.1,13,3,10,279,18667.3,2006.0,Hot-Humid
2016-10-05 14:00:00,Panther_lodging_Kirk,184.8357,32.2,5.666666666666667,22.2,1010.5,4.1,14,3,10,279,18667.3,2006.0,Hot-Humid
2016-10-05 15:00:00,Panther_lodging_Kirk,178.4844,31.1,5.333333333333333,23.3,1010.5,4.6,15,3,10,279,18667.3,2006.0,Hot-Humid
2016-10-05 16:00:00,Panther_lodging_Kirk,178.2844,29.4,5.0,23.9,1010.2,6.2,16,3,10,279,18667.3,2006.0,Hot-Humid
2016-10-05 17:00:00,Panther_lodging_Kirk,169.4827,28.9,5.0,22.8,1010.6,5.1,17,3,10,279,18667.3,2006.0,Hot-Humid
2016-10-05 18:00:00,Panther_lodging_Kirk,176.43400000000003,28.3,5.0,22.8,1010.9,4.6,18,3,10,279,18667.3,2006.0,Hot-Humid
2016-10-05 19:00:00,Panther_lodging_Kirk,188.3363,27.2,4.0,22.8,1011.1,4.6,19,3,10,279,18667.3,2006.0,Hot-Humid
2016-10-05 20:00:00,Panther_lodging_Kirk,178.7345,26.7,4.0,23.3,1012.1,5.1,20,3,10,279,18667.3,2006.0,Hot-Humid
2016-10-05 21:00:00,Panther_lodging_Kirk,177.3342,26.1,4.0,23.3,1012.1,5.7,21,3,10,279,18667.3,2006.0,Hot-Humid
2016-10-05 22:00:00,Panther_lodging_Kirk,172.8834,25.6,4.5,23.9,1012.0,4.6,22,3,10,279,18667.3,2006.0,Hot-Humid
2016-10-05 23:00:00,Panther_lodging_Kirk,161.9813,25.6,5.0,23.3,1012.0,5.1,23,3,10,279,18667.3,2006.0,Hot-Humid
2016-10-06 00:00:00,Panther_lodging_Kirk,150.6791,26.1,5.5,23.9,1011.8,5.7,0,4,10,280,18667.3,2006.0,Hot-Humid
2016-10-06 01:00:00,Panther_lodging_Kirk,140.6772,25.6,6.0,23.3,1011.2,4.1,1,4,10,280,18667.3,2006.0,Hot-Humid
2016-10-06 02:00:00,Panther_lodging_Kirk,139.2269,25.6,5.0,23.9,1011.1,4.1,2,4,10,280,18667.3,2006.0,Hot-Humid
2016-10-06 03:00:00,Panther_lodging_Kirk,146.6283,24.4,4.0,23.9,1010.3,4.1,3,4,10,280,18667.3,2006.0,Hot-Humid
2016-10-06 04:00:00,Panther_lodging_Kirk,136.6264,24.4,2.0,23.9,1010.1,3.1,4,4,10,280,18667.3,2006.0,Hot-Humid
2016-10-06 05:00:00,Panther_lodging_Kirk,130.4252,25.0,3.333333333333333,23.9,1010.5,3.6,5,4,10,280,18667.3,2006.0,Hot-Humid
2016-10-06 06:00:00,Panther_lodging_Kirk,122.7737,25.6,4.666666666666666,24.4,1011.1,3.6,6,4,10,280,18667.3,2006.0,Hot-Humid
2016-10-06 07:00:00,Panther_lodging_Kirk,130.2251,25.6,6.0,24.4,1010.8,4.1,7,4,10,280,18667.3,2006.0,Hot-Humid
2016-10-06 08:00:00,Panther_lodging_Kirk,118.8229,25.6,6.0,24.4,1011.0,4.1,8,4,10,280,18667.3,2006.0,Hot-Humid
2016-10-06 09:00:00,Panther_lodging_Kirk,127.9747,26.1,6.0,24.4,1010.9,5.1,9,4,10,280,18667.3,2006.0,Hot-Humid
2016-10-06 10:00:00,Panther_lodging_Kirk,127.4246,25.6,6.0,24.4,1010.8,4.6,10,4,10,280,18667.3,2006.0,Hot-Humid
2016-10-06 11:00:00,Panther_lodging_Kirk,145.128,27.8,6.0,25.0,1010.4,6.2,11,4,10,280,18667.3,2006.0,Hot-Humid
2016-10-06 12:00:00,Panther_lodging_Kirk,138.5767,29.4,6.0,25.0,1009.2,8.2,12,4,10,280,18667.3,2006.0,Hot-Humid
2016-10-06 13:00:00,Panther_lodging_Kirk,148.9787,27.2,6.0,25.0,1009.0,6.7,13,4,10,280,18667.3,2006.0,Hot-Humid
2016-10-06 14:00:00,Panther_lodging_Kirk,154.3298,27.2,6.333333333333333,25.0,1008.45,5.7,14,4,10,280,18667.3,2006.0,Hot-Humid
2016-10-06 15:00:00,Panther_lodging_Kirk,156.7803,26.7,6.666666666666667,25.0,1007.9,4.1,15,4,10,280,18667.3,2006.0,Hot-Humid
2016-10-06 16:00:00,Panther_lodging_Kirk,166.2321,22.8,7.0,21.7,1007.55,8.2,16,4,10,280,18667.3,2006.0,Hot-Humid
2016-10-06 17:00:00,Panther_lodging_Kirk,174.8337,23.3,7.0,22.2,1007.2,5.7,17,4,10,280,18667.3,2006.0,Hot-Humid
2016-10-06 18:00:00,Panther_lodging_Kirk,169.3827,23.9,7.0,22.8,1007.5,6.2,18,4,10,280,18667.3,2006.0,Hot-Humid
2016-10-06 19:00:00,Panther_lodging_Kirk,163.8816,24.4,8.0,23.3,1007.6,6.2,19,4,10,280,18667.3,2006.0,Hot-Humid
2016-10-06 20:00:00,Panther_lodging_Kirk,156.7302,23.9,8.0,22.8,1006.9,6.7,20,4,10,280,18667.3,2006.0,Hot-Humid
2016-10-06 21:00:00,Panther_lodging_Kirk,167.4823,25.0,8.0,23.3,1006.0,9.8,21,4,10,280,18667.3,2006.0,Hot-Humid
2016-10-06 22:00:00,Panther_lodging_Kirk,167.0322,25.0,8.0,23.9,1005.5,8.8,22,4,10,280,18667.3,2006.0,Hot-Humid
2016-10-06 23:00:00,Panther_lodging_Kirk,134.476,25.0,8.0,23.3,1004.3,9.8,23,4,10,280,18667.3,2006.0,Hot-Humid
2016-10-07 00:00:00,Panther_lodging_Kirk,152.0294,25.0,8.0,22.8,1002.6,12.4,0,5,10,281,18667.3,2006.0,Hot-Humid
2016-10-07 01:00:00,Panther_lodging_Kirk,148.3286,24.4,8.0,22.8,1000.5,12.4,1,5,10,281,18667.3,2006.0,Hot-Humid
2016-10-07 02:00:00,Panther_lodging_Kirk,138.4267,24.4,8.0,22.8,998.0,14.4,2,5,10,281,18667.3,2006.0,Hot-Humid
2016-10-07 03:00:00,Panther_lodging_Kirk,131.3253,24.4,8.0,22.2,996.0,14.4,3,5,10,281,18667.3,2006.0,Hot-Humid
2016-10-07 04:00:00,Panther_lodging_Kirk,136.0262,25.6,8.0,23.3,994.2,15.4,4,5,10,281,18667.3,2006.0,Hot-Humid
2016-10-07 05:00:00,Panther_lodging_Kirk,131.6754,25.0,8.0,23.3,993.3,13.4,5,5,10,281,18667.3,2006.0,Hot-Humid
2016-10-07 06:00:00,Panther_lodging_Kirk,137.5766,25.0,8.0,23.3,992.0,13.9,6,5,10,281,18667.3,2006.0,Hot-Humid
2016-10-07 07:00:00,Panther_lodging_Kirk,128.6748,24.4,8.0,23.3,992.4,12.4,7,5,10,281,18667.3,2006.0,Hot-Humid
2016-10-07 08:00:00,Panther_lodging_Kirk,126.0243,24.4,8.0,22.8,992.5,15.4,8,5,10,281,18667.3,2006.0,Hot-Humid
2016-10-07 09:00:00,Panther_lodging_Kirk,135.1761,24.4,8.0,22.8,993.6,13.9,9,5,10,281,18667.3,2006.0,Hot-Humid
2016-10-07 10:00:00,Panther_lodging_Kirk,128.0247,25.0,8.0,22.2,993.9,13.4,10,5,10,281,18667.3,2006.0,Hot-Humid
2016-10-07 11:00:00,Panther_lodging_Kirk,135.3261,25.0,8.0,22.2,994.9,14.4,11,5,10,281,18667.3,2006.0,Hot-Humid
2016-10-07 12:00:00,Panther_lodging_Kirk,143.0776,24.4,8.0,22.2,996.4,12.4,12,5,10,281,18667.3,2006.0,Hot-Humid
2016-10-07 13:00:00,Panther_lodging_Kirk,140.7772,24.4,8.0,22.2,997.2,11.3,13,5,10,281,18667.3,2006.0,Hot-Humid
2016-10-07 14:00:00,Panther_lodging_Kirk,148.0286,24.4,8.0,22.2,998.1,11.8,14,5,10,281,18667.3,2006.0,Hot-Humid
2016-10-07 15:00:00,Panther_lodging_Kirk,164.6318,24.4,8.0,22.2,999.0,10.8,15,5,10,281,18667.3,2006.0,Hot-Humid
2016-10-07 16:00:00,Panther_lodging_Kirk,150.22899999999996,25.0,8.0,22.2,1000.0,9.8,16,5,10,281,18667.3,2006.0,Hot-Humid
2016-10-07 17:00:00,Panther_lodging_Kirk,143.8778,24.4,8.0,22.2,1000.1,12.9,17,5,10,281,18667.3,2006.0,Hot-Humid
2016-10-07 18:00:00,Panther_lodging_Kirk,146.2782,24.4,8.0,22.2,1000.8,10.8,18,5,10,281,18667.3,2006.0,Hot-Humid
2016-10-07 19:00:00,Panther_lodging_Kirk,156.6302,25.0,8.0,22.2,1001.8,9.8,19,5,10,281,18667.3,2006.0,Hot-Humid
2016-10-07 20:00:00,Panther_lodging_Kirk,160.781,25.0,8.0,21.7,1002.4,9.3,20,5,10,281,18667.3,2006.0,Hot-Humid
2016-10-07 21:00:00,Panther_lodging_Kirk,160.431,25.6,8.0,21.1,1003.6,7.7,21,5,10,281,18667.3,2006.0,Hot-Humid
2016-10-07 22:00:00,Panther_lodging_Kirk,166.3821,25.6,8.0,21.1,1004.8,7.2,22,5,10,281,18667.3,2006.0,Hot-Humid
2016-10-07 23:00:00,Panther_lodging_Kirk,159.6808,25.6,8.0,21.1,1005.3,6.7,23,5,10,281,18667.3,2006.0,Hot-Humid
2016-10-08 00:00:00,Panther_lodging_Kirk,157.0303,25.6,8.0,20.6,1005.6,7.7,0,6,10,282,18667.3,2006.0,Hot-Humid
2016-10-08 01:00:00,Panther_lodging_Kirk,151.2792,25.0,8.0,20.6,1006.2,6.7,1,6,10,282,18667.3,2006.0,Hot-Humid
2016-10-08 02:00:00,Panther_lodging_Kirk,148.4287,24.4,7.2,20.6,1006.4,6.2,2,6,10,282,18667.3,2006.0,Hot-Humid
2016-10-08 03:00:00,Panther_lodging_Kirk,146.3782,24.4,6.4,20.6,1006.3,6.2,3,6,10,282,18667.3,2006.0,Hot-Humid
2016-10-08 04:00:00,Panther_lodging_Kirk,139.877,24.4,5.6,20.6,1006.6,5.7,4,6,10,282,18667.3,2006.0,Hot-Humid
2016-10-08 05:00:00,Panther_lodging_Kirk,145.028,23.9,5.6,20.6,1007.5,4.6,5,6,10,282,18667.3,2006.0,Hot-Humid
2016-10-08 06:00:00,Panther_lodging_Kirk,144.2278,23.3,4.0,20.6,1008.3,4.1,6,6,10,282,18667.3,2006.0,Hot-Humid
2016-10-08 07:00:00,Panther_lodging_Kirk,128.3748,23.3,4.0,21.1,1008.4,4.6,7,6,10,282,18667.3,2006.0,Hot-Humid
2016-10-08 08:00:00,Panther_lodging_Kirk,133.1257,25.0,4.0,21.7,1009.2,5.7,8,6,10,282,18667.3,2006.0,Hot-Humid
2016-10-08 09:00:00,Panther_lodging_Kirk,137.3265,26.7,4.0,21.1,1009.7,7.2,9,6,10,282,18667.3,2006.0,Hot-Humid
2016-10-08 10:00:00,Panther_lodging_Kirk,133.9759,27.8,4.5,21.7,1010.0,6.7,10,6,10,282,18667.3,2006.0,Hot-Humid
2016-10-08 11:00:00,Panther_lodging_Kirk,130.4252,28.9,5.0,21.1,1009.9,7.7,11,6,10,282,18667.3,2006.0,Hot-Humid
2016-10-08 12:00:00,Panther_lodging_Kirk,135.9262,30.0,5.5,21.1,1009.3,8.2,12,6,10,282,18667.3,2006.0,Hot-Humid
2016-10-08 13:00:00,Panther_lodging_Kirk,151.4792,30.6,6.0,21.7,1008.7,5.1,13,6,10,282,18667.3,2006.0,Hot-Humid
2016-10-08 14:00:00,Panther_lodging_Kirk,148.8787,31.1,6.0,21.1,1008.4,6.7,14,6,10,282,18667.3,2006.0,Hot-Humid
2016-10-08 15:00:00,Panther_lodging_Kirk,151.8793,31.7,6.0,21.1,1008.4,6.7,15,6,10,282,18667.3,2006.0,Hot-Humid
2016-10-08 16:00:00,Panther_lodging_Kirk,162.2313,31.1,6.0,21.1,1009.0,5.7,16,6,10,282,18667.3,2006.0,Hot-Humid
2016-10-08 17:00:00,Panther_lodging_Kirk,159.8308,30.0,6.0,21.1,1009.3,4.1,17,6,10,282,18667.3,2006.0,Hot-Humid
2016-10-08 18:00:00,Panther_lodging_Kirk,170.5829,28.9,6.0,21.1,1010.0,4.1,18,6,10,282,18667.3,2006.0,Hot-Humid
2016-10-08 19:00:00,Panther_lodging_Kirk,165.3319,27.8,6.0,21.7,1011.1,3.6,19,6,10,282,18667.3,2006.0,Hot-Humid
2016-10-08 20:00:00,Panther_lodging_Kirk,165.632,26.1,5.0,21.7,1011.9,2.1,20,6,10,282,18667.3,2006.0,Hot-Humid
2016-10-08 21:00:00,Panther_lodging_Kirk,150.22899999999996,25.6,4.0,21.7,1012.6,2.1,21,6,10,282,18667.3,2006.0,Hot-Humid
2016-10-08 22:00:00,Panther_lodging_Kirk,148.6287,25.6,2.0,21.7,1012.9,1.5,22,6,10,282,18667.3,2006.0,Hot-Humid
2016-10-08 23:00:00,Panther_lodging_Kirk,151.4292,25.0,2.0,21.7,1013.0,1.5,23,6,10,282,18667.3,2006.0,Hot-Humid
2016-10-09 00:00:00,Panther_lodging_Kirk,149.7289,23.3,4.0,21.1,1013.1,2.6,0,7,10,283,18667.3,2006.0,Hot-Humid
2016-10-09 01:00:00,Panther_lodging_Kirk,148.2786,23.9,4.0,21.7,1013.3,0.0,1,7,10,283,18667.3,2006.0,Hot-Humid
2016-10-09 02:00:00,Panther_lodging_Kirk,143.7777,23.9,2.0,22.2,1013.4,2.1,2,7,10,283,18667.3,2006.0,Hot-Humid
2016-10-09 03:00:00,Panther_lodging_Kirk,140.2271,23.3,2.0,21.7,1013.5,1.5,3,7,10,283,18667.3,2006.0,Hot-Humid
2016-10-09 04:00:00,Panther_lodging_Kirk,136.2263,23.3,2.0,21.1,1013.7,3.1,4,7,10,283,18667.3,2006.0,Hot-Humid
2016-10-09 05:00:00,Panther_lodging_Kirk,144.6779,22.8,2.0,20.6,1014.1,3.1,5,7,10,283,18667.3,2006.0,Hot-Humid
2016-10-09 06:00:00,Panther_lodging_Kirk,142.3775,22.8,2.0,20.0,1014.6,2.6,6,7,10,283,18667.3,2006.0,Hot-Humid
2016-10-09 07:00:00,Panther_lodging_Kirk,144.6779,22.8,4.0,20.0,1014.9,4.1,7,7,10,283,18667.3,2006.0,Hot-Humid
2016-10-09 08:00:00,Panther_lodging_Kirk,136.5764,25.0,4.0,20.6,1015.7,4.1,8,7,10,283,18667.3,2006.0,Hot-Humid
2016-10-09 09:00:00,Panther_lodging_Kirk,133.2257,26.1,2.0,20.0,1016.3,5.7,9,7,10,283,18667.3,2006.0,Hot-Humid
2016-10-09 10:00:00,Panther_lodging_Kirk,138.1767,27.8,4.0,20.0,1016.8,6.2,10,7,10,283,18667.3,2006.0,Hot-Humid
2016-10-09 11:00:00,Panther_lodging_Kirk,131.7254,28.9,4.0,20.0,1016.8,5.7,11,7,10,283,18667.3,2006.0,Hot-Humid
2016-10-09 12:00:00,Panther_lodging_Kirk,144.1278,28.9,4.0,18.9,1016.6,6.2,12,7,10,283,18667.3,2006.0,Hot-Humid
2016-10-09 13:00:00,Panther_lodging_Kirk,158.1305,29.4,4.0,18.9,1015.8,8.2,13,7,10,283,18667.3,2006.0,Hot-Humid
2016-10-09 14:00:00,Panther_lodging_Kirk,168.3325,29.4,4.0,18.9,1015.5,5.7,14,7,10,283,18667.3,2006.0,Hot-Humid
2016-10-09 15:00:00,Panther_lodging_Kirk,157.5804,28.9,4.0,17.8,1015.5,8.2,15,7,10,283,18667.3,2006.0,Hot-Humid
2016-10-09 16:00:00,Panther_lodging_Kirk,170.833,28.9,2.0,17.8,1015.8,5.7,16,7,10,283,18667.3,2006.0,Hot-Humid
2016-10-09 17:00:00,Panther_lodging_Kirk,174.9338,27.8,2.0,16.1,1016.3,5.1,17,7,10,283,18667.3,2006.0,Hot-Humid
2016-10-09 18:00:00,Panther_lodging_Kirk,174.4837,25.6,0.0,16.1,1017.2,4.6,18,7,10,283,18667.3,2006.0,Hot-Humid
2016-10-09 19:00:00,Panther_lodging_Kirk,181.435,24.4,0.0,17.8,1018.0,5.7,19,7,10,283,18667.3,2006.0,Hot-Humid
2016-10-09 20:00:00,Panther_lodging_Kirk,185.9359,22.8,0.0,17.8,1018.7,6.2,20,7,10,283,18667.3,2006.0,Hot-Humid
2016-10-09 21:00:00,Panther_lodging_Kirk,189.6866,22.2,0.0,18.3,1018.9,4.6,21,7,10,283,18667.3,2006.0,Hot-Humid
2016-10-09 22:00:00,Panther_lodging_Kirk,184.1355,21.7,0.0,18.3,1019.3,3.6,22,7,10,283,18667.3,2006.0,Hot-Humid
2016-10-09 23:00:00,Panther_lodging_Kirk,185.7359,20.6,0.0,17.8,1019.5,3.6,23,7,10,283,18667.3,2006.0,Hot-Humid
2016-10-10 00:00:00,Panther_lodging_Kirk,172.7833,20.0,0.0,17.8,1019.1,3.6,0,1,10,284,18667.3,2006.0,Hot-Humid
2016-10-10 01:00:00,Panther_lodging_Kirk,173.6835,20.0,0.0,17.2,1018.8,3.6,1,1,10,284,18667.3,2006.0,Hot-Humid
2016-10-10 02:00:00,Panther_lodging_Kirk,168.0824,19.4,0.0,17.2,1018.4,3.6,2,1,10,284,18667.3,2006.0,Hot-Humid
2016-10-10 03:00:00,Panther_lodging_Kirk,156.8803,18.9,0.0,16.1,1018.2,3.6,3,1,10,284,18667.3,2006.0,Hot-Humid
2016-10-10 04:00:00,Panther_lodging_Kirk,146.5783,18.9,0.0,16.1,1018.2,3.6,4,1,10,284,18667.3,2006.0,Hot-Humid
2016-10-10 05:00:00,Panther_lodging_Kirk,146.0282,18.9,0.0,15.6,1018.4,4.1,5,1,10,284,18667.3,2006.0,Hot-Humid
2016-10-10 06:00:00,Panther_lodging_Kirk,150.379,18.3,2.0,15.6,1018.9,3.6,6,1,10,284,18667.3,2006.0,Hot-Humid
2016-10-10 07:00:00,Panther_lodging_Kirk,153.8297,19.4,2.0,15.6,1019.6,3.6,7,1,10,284,18667.3,2006.0,Hot-Humid
2016-10-10 08:00:00,Panther_lodging_Kirk,139.2269,21.7,2.0,16.1,1020.1,3.6,8,1,10,284,18667.3,2006.0,Hot-Humid
2016-10-10 09:00:00,Panther_lodging_Kirk,148.5787,24.4,4.0,16.1,1020.6,4.6,9,1,10,284,18667.3,2006.0,Hot-Humid
2016-10-10 10:00:00,Panther_lodging_Kirk,159.8808,25.6,4.0,15.0,1021.0,7.7,10,1,10,284,18667.3,2006.0,Hot-Humid
2016-10-10 11:00:00,Panther_lodging_Kirk,167.6324,27.2,5.333333333333333,14.4,1021.0,7.2,11,1,10,284,18667.3,2006.0,Hot-Humid
2016-10-10 12:00:00,Panther_lodging_Kirk,166.1821,27.2,6.666666666666666,14.4,1020.9,8.8,12,1,10,284,18667.3,2006.0,Hot-Humid
2016-10-10 13:00:00,Panther_lodging_Kirk,171.9332,25.6,8.0,15.6,1020.4,8.2,13,1,10,284,18667.3,2006.0,Hot-Humid
2016-10-10 14:00:00,Panther_lodging_Kirk,173.4835,26.1,8.0,15.6,1019.8,6.2,14,1,10,284,18667.3,2006.0,Hot-Humid
2016-10-10 15:00:00,Panther_lodging_Kirk,186.1359,25.0,8.0,16.1,1020.1,6.2,15,1,10,284,18667.3,2006.0,Hot-Humid
2016-10-10 16:00:00,Panther_lodging_Kirk,181.6351,25.0,8.0,15.0,1020.0,8.8,16,1,10,284,18667.3,2006.0,Hot-Humid
2016-10-10 17:00:00,Panther_lodging_Kirk,179.5346,24.4,8.0,15.6,1020.3,8.8,17,1,10,284,18667.3,2006.0,Hot-Humid
2016-10-10 18:00:00,Panther_lodging_Kirk,187.6862,23.3,8.0,15.6,1020.5,5.1,18,1,10,284,18667.3,2006.0,Hot-Humid
2016-10-10 19:00:00,Panther_lodging_Kirk,195.9378,22.8,8.0,15.0,1020.8,5.1,19,1,10,284,18667.3,2006.0,Hot-Humid
2016-10-10 20:00:00,Panther_lodging_Kirk,198.4383,22.2,6.666666666666667,15.6,1021.1,4.6,20,1,10,284,18667.3,2006.0,Hot-Humid
2016-10-10 21:00:00,Panther_lodging_Kirk,192.5872,21.7,5.333333333333334,16.1,1021.5,5.1,21,1,10,284,18667.3,2006.0,Hot-Humid
2016-10-10 22:00:00,Panther_lodging_Kirk,164.3317,20.6,4.0,15.6,1021.6,4.6,22,1,10,284,18667.3,2006.0,Hot-Humid
2016-10-10 23:00:00,Panther_lodging_Kirk,174.9838,20.6,4.666666666666667,15.6,1021.3,4.1,23,1,10,284,18667.3,2006.0,Hot-Humid
2016-10-11 00:00:00,Panther_lodging_Kirk,171.7331,20.6,5.333333333333333,16.1,1021.0,4.1,0,2,10,285,18667.3,2006.0,Hot-Humid
2016-10-11 01:00:00,Panther_lodging_Kirk,165.0319,20.0,6.0,16.7,1020.7,4.1,1,2,10,285,18667.3,2006.0,Hot-Humid
2016-10-11 02:00:00,Panther_lodging_Kirk,158.9807,20.6,6.333333333333333,16.1,1020.3,4.6,2,2,10,285,18667.3,2006.0,Hot-Humid
2016-10-11 03:00:00,Panther_lodging_Kirk,151.4292,20.6,6.666666666666667,16.1,1020.0,3.6,3,2,10,285,18667.3,2006.0,Hot-Humid
2016-10-11 04:00:00,Panther_lodging_Kirk,153.4796,21.1,7.0,16.1,1020.1,3.6,4,2,10,285,18667.3,2006.0,Hot-Humid
2016-10-11 05:00:00,Panther_lodging_Kirk,147.7785,21.1,7.0,16.1,1020.2,4.6,5,2,10,285,18667.3,2006.0,Hot-Humid
2016-10-11 06:00:00,Panther_lodging_Kirk,144.7279,20.6,7.0,16.7,1020.3,4.6,6,2,10,285,18667.3,2006.0,Hot-Humid
2016-10-11 07:00:00,Panther_lodging_Kirk,149.6789,20.6,8.0,17.2,1020.7,3.6,7,2,10,285,18667.3,2006.0,Hot-Humid
2016-10-11 08:00:00,Panther_lodging_Kirk,161.1311,21.7,7.666666666666667,17.2,1021.2,3.1,8,2,10,285,18667.3,2006.0,Hot-Humid
2016-10-11 09:00:00,Panther_lodging_Kirk,151.5293,22.8,7.333333333333333,18.3,1021.7,4.1,9,2,10,285,18667.3,2006.0,Hot-Humid
2016-10-11 10:00:00,Panther_lodging_Kirk,157.2804,26.1,7.0,17.8,1021.6,5.1,10,2,10,285,18667.3,2006.0,Hot-Humid
2016-10-11 11:00:00,Panther_lodging_Kirk,154.9299,26.1,7.0,16.7,1021.6,6.7,11,2,10,285,18667.3,2006.0,Hot-Humid
2016-10-11 12:00:00,Panther_lodging_Kirk,158.6306,26.7,7.0,16.7,1020.9,7.2,12,2,10,285,18667.3,2006.0,Hot-Humid
2016-10-11 13:00:00,Panther_lodging_Kirk,166.1821,27.2,6.0,17.8,1019.9,9.3,13,2,10,285,18667.3,2006.0,Hot-Humid
2016-10-11 14:00:00,Panther_lodging_Kirk,173.5835,26.1,6.333333333333333,17.8,1019.4,8.8,14,2,10,285,18667.3,2006.0,Hot-Humid
2016-10-11 15:00:00,Panther_lodging_Kirk,165.4319,26.1,6.666666666666667,18.3,1019.2,7.2,15,2,10,285,18667.3,2006.0,Hot-Humid
2016-10-11 16:00:00,Panther_lodging_Kirk,167.1823,25.0,7.0,18.9,1019.2,5.7,16,2,10,285,18667.3,2006.0,Hot-Humid
2016-10-11 17:00:00,Panther_lodging_Kirk,168.3325,23.9,7.0,20.0,1019.1,4.1,17,2,10,285,18667.3,2006.0,Hot-Humid
2016-10-11 18:00:00,Panther_lodging_Kirk,180.8849,23.9,7.0,18.9,1019.2,5.1,18,2,10,285,18667.3,2006.0,Hot-Humid
2016-10-11 19:00:00,Panther_lodging_Kirk,182.7853,23.3,8.0,19.4,1019.5,6.2,19,2,10,285,18667.3,2006.0,Hot-Humid
2016-10-11 20:00:00,Panther_lodging_Kirk,173.1834,22.8,7.666666666666667,19.4,1019.5,3.6,20,2,10,285,18667.3,2006.0,Hot-Humid
2016-10-11 21:00:00,Panther_lodging_Kirk,197.4381,22.2,7.333333333333333,19.4,1019.5,4.6,21,2,10,285,18667.3,2006.0,Hot-Humid
2016-10-11 22:00:00,Panther_lodging_Kirk,198.7884,21.7,7.0,20.0,1019.6,3.6,22,2,10,285,18667.3,2006.0,Hot-Humid
2016-10-11 23:00:00,Panther_lodging_Kirk,197.138,21.7,7.0,20.0,1019.3,3.1,23,2,10,285,18667.3,2006.0,Hot-Humid
2016-10-12 00:00:00,Panther_lodging_Kirk,176.084,21.7,7.0,20.0,1018.7,3.1,0,3,10,286,18667.3,2006.0,Hot-Humid
2016-10-12 01:00:00,Panther_lodging_Kirk,154.2798,22.2,6.0,19.4,1018.4,3.6,1,3,10,286,18667.3,2006.0,Hot-Humid
2016-10-12 02:00:00,Panther_lodging_Kirk,154.8299,21.7,2.0,20.0,1017.9,3.6,2,3,10,286,18667.3,2006.0,Hot-Humid
2016-10-12 03:00:00,Panther_lodging_Kirk,141.5773,21.7,2.4,20.0,1017.4,3.6,3,3,10,286,18667.3,2006.0,Hot-Humid
2016-10-12 04:00:00,Panther_lodging_Kirk,137.8266,21.7,2.8,20.0,1017.6,4.1,4,3,10,286,18667.3,2006.0,Hot-Humid
2016-10-12 05:00:00,Panther_lodging_Kirk,139.727,21.7,3.2,20.0,1018.0,3.6,5,3,10,286,18667.3,2006.0,Hot-Humid
2016-10-12 06:00:00,Panther_lodging_Kirk,149.0788,22.2,3.2,20.0,1018.2,3.1,6,3,10,286,18667.3,2006.0,Hot-Humid
2016-10-12 07:00:00,Panther_lodging_Kirk,139.3769,21.7,4.0,20.0,1018.5,3.1,7,3,10,286,18667.3,2006.0,Hot-Humid
2016-10-12 08:00:00,Panther_lodging_Kirk,148.5286,22.8,4.0,20.0,1018.8,4.1,8,3,10,286,18667.3,2006.0,Hot-Humid
2016-10-12 09:00:00,Panther_lodging_Kirk,158.3306,24.4,4.0,20.0,1019.1,4.6,9,3,10,286,18667.3,2006.0,Hot-Humid
2016-10-12 10:00:00,Panther_lodging_Kirk,167.1823,26.7,4.0,20.0,1018.7,6.7,10,3,10,286,18667.3,2006.0,Hot-Humid
2016-10-12 11:00:00,Panther_lodging_Kirk,160.2809,25.6,4.666666666666667,20.6,1018.5,4.1,11,3,10,286,18667.3,2006.0,Hot-Humid
2016-10-12 12:00:00,Panther_lodging_Kirk,168.9826,28.3,5.333333333333333,19.4,1017.7,6.7,12,3,10,286,18667.3,2006.0,Hot-Humid
2016-10-12 13:00:00,Panther_lodging_Kirk,167.0822,28.3,6.0,19.4,1016.9,7.7,13,3,10,286,18667.3,2006.0,Hot-Humid
2016-10-12 14:00:00,Panther_lodging_Kirk,173.2334,27.8,6.0,20.6,1016.1,7.2,14,3,10,286,18667.3,2006.0,Hot-Humid
2016-10-12 15:00:00,Panther_lodging_Kirk,162.2313,26.1,6.0,20.6,1016.3,8.8,15,3,10,286,18667.3,2006.0,Hot-Humid
2016-10-12 16:00:00,Panther_lodging_Kirk,166.7322,26.7,6.0,21.1,1016.2,7.2,16,3,10,286,18667.3,2006.0,Hot-Humid
2016-10-12 17:00:00,Panther_lodging_Kirk,183.2354,26.1,6.0,20.0,1016.5,7.7,17,3,10,286,18667.3,2006.0,Hot-Humid
2016-10-12 18:00:00,Panther_lodging_Kirk,173.7835,25.0,6.0,19.4,1016.7,4.6,18,3,10,286,18667.3,2006.0,Hot-Humid
2016-10-12 19:00:00,Panther_lodging_Kirk,176.7341,23.9,6.0,19.4,1017.1,4.1,19,3,10,286,18667.3,2006.0,Hot-Humid
2016-10-12 20:00:00,Panther_lodging_Kirk,185.9359,22.8,4.0,20.0,1017.3,4.6,20,3,10,286,18667.3,2006.0,Hot-Humid
2016-10-12 21:00:00,Panther_lodging_Kirk,187.0361,22.8,2.0,20.6,1017.6,2.6,21,3,10,286,18667.3,2006.0,Hot-Humid
2016-10-12 22:00:00,Panther_lodging_Kirk,179.8847,22.8,3.5,20.6,1017.7,3.6,22,3,10,286,18667.3,2006.0,Hot-Humid
2016-10-12 23:00:00,Panther_lodging_Kirk,174.7337,22.8,5.0,21.1,1017.6,2.6,23,3,10,286,18667.3,2006.0,Hot-Humid
2016-10-13 00:00:00,Panther_lodging_Kirk,171.083,22.8,6.5,20.6,1017.4,2.1,0,4,10,287,18667.3,2006.0,Hot-Humid
2016-10-13 01:00:00,Panther_lodging_Kirk,155.7801,22.8,8.0,20.6,1017.0,2.1,1,4,10,287,18667.3,2006.0,Hot-Humid
2016-10-13 02:00:00,Panther_lodging_Kirk,150.9291,22.8,6.0,21.1,1016.6,3.1,2,4,10,287,18667.3,2006.0,Hot-Humid
2016-10-13 03:00:00,Panther_lodging_Kirk,142.8776,22.2,4.0,21.1,1016.2,4.1,3,4,10,287,18667.3,2006.0,Hot-Humid
2016-10-13 04:00:00,Panther_lodging_Kirk,145.078,21.7,2.0,20.6,1016.2,3.6,4,4,10,287,18667.3,2006.0,Hot-Humid
2016-10-13 05:00:00,Panther_lodging_Kirk,134.42600000000002,21.1,0.0,20.6,1016.6,3.6,5,4,10,287,18667.3,2006.0,Hot-Humid
2016-10-13 06:00:00,Panther_lodging_Kirk,136.0262,20.6,2.0,20.0,1017.2,3.1,6,4,10,287,18667.3,2006.0,Hot-Humid
2016-10-13 07:00:00,Panther_lodging_Kirk,146.2782,21.1,2.0,20.0,1017.6,4.6,7,4,10,287,18667.3,2006.0,Hot-Humid
2016-10-13 08:00:00,Panther_lodging_Kirk,149.2788,21.7,2.5,20.6,1018.3,3.1,8,4,10,287,18667.3,2006.0,Hot-Humid
2016-10-13 09:00:00,Panther_lodging_Kirk,149.7289,23.3,3.0,20.6,1018.9,2.6,9,4,10,287,18667.3,2006.0,Hot-Humid
2016-10-13 10:00:00,Panther_lodging_Kirk,156.7803,25.0,3.5,20.6,1018.8,2.1,10,4,10,287,18667.3,2006.0,Hot-Humid
2016-10-13 11:00:00,Panther_lodging_Kirk,152.1794,27.8,4.0,20.6,1018.4,4.6,11,4,10,287,18667.3,2006.0,Hot-Humid
2016-10-13 12:00:00,Panther_lodging_Kirk,157.9805,29.4,4.0,18.3,1017.8,5.7,12,4,10,287,18667.3,2006.0,Hot-Humid
2016-10-13 13:00:00,Panther_lodging_Kirk,164.0317,29.4,6.0,17.8,1016.9,6.2,13,4,10,287,18667.3,2006.0,Hot-Humid
2016-10-13 14:00:00,Panther_lodging_Kirk,166.4321,28.3,6.333333333333333,18.9,1016.5,7.2,14,4,10,287,18667.3,2006.0,Hot-Humid
2016-10-13 15:00:00,Panther_lodging_Kirk,169.1826,27.8,6.666666666666667,18.9,1016.4,7.2,15,4,10,287,18667.3,2006.0,Hot-Humid
2016-10-13 16:00:00,Panther_lodging_Kirk,168.1825,27.2,7.0,18.3,1016.7,6.7,16,4,10,287,18667.3,2006.0,Hot-Humid
2016-10-13 17:00:00,Panther_lodging_Kirk,171.7331,25.6,7.0,18.9,1017.3,6.2,17,4,10,287,18667.3,2006.0,Hot-Humid
2016-10-13 18:00:00,Panther_lodging_Kirk,170.6329,24.4,7.0,18.9,1018.1,8.2,18,4,10,287,18667.3,2006.0,Hot-Humid
2016-10-13 19:00:00,Panther_lodging_Kirk,187.3862,24.4,8.0,18.9,1018.6,7.7,19,4,10,287,18667.3,2006.0,Hot-Humid
2016-10-13 20:00:00,Panther_lodging_Kirk,188.1363,23.3,7.666666666666667,20.0,1019.0,3.6,20,4,10,287,18667.3,2006.0,Hot-Humid
2016-10-13 21:00:00,Panther_lodging_Kirk,182.6853,23.9,7.333333333333333,19.4,1019.3,4.1,21,4,10,287,18667.3,2006.0,Hot-Humid
2016-10-13 22:00:00,Panther_lodging_Kirk,173.7335,23.9,7.0,19.4,1019.4,2.6,22,4,10,287,18667.3,2006.0,Hot-Humid
2016-10-13 23:00:00,Panther_lodging_Kirk,169.2827,23.9,7.0,18.9,1019.6,2.6,23,4,10,287,18667.3,2006.0,Hot-Humid
2016-10-14 00:00:00,Panther_lodging_Kirk,167.7324,23.3,7.0,18.3,1019.4,3.6,0,5,10,288,18667.3,2006.0,Hot-Humid
2016-10-14 01:00:00,Panther_lodging_Kirk,149.1788,22.8,6.0,18.9,1019.1,3.1,1,5,10,288,18667.3,2006.0,Hot-Humid
2016-10-14 02:00:00,Panther_lodging_Kirk,157.3804,22.2,5.6,19.4,1018.9,2.6,2,5,10,288,18667.3,2006.0,Hot-Humid
2016-10-14 03:00:00,Panther_lodging_Kirk,151.3292,22.8,5.2,20.0,1018.6,4.1,3,5,10,288,18667.3,2006.0,Hot-Humid
2016-10-14 04:00:00,Panther_lodging_Kirk,143.8778,22.2,4.8,19.4,1018.8,3.1,4,5,10,288,18667.3,2006.0,Hot-Humid
2016-10-14 05:00:00,Panther_lodging_Kirk,139.3269,22.2,4.8,19.4,1018.9,4.1,5,5,10,288,18667.3,2006.0,Hot-Humid
2016-10-14 06:00:00,Panther_lodging_Kirk,130.8253,21.7,4.0,19.4,1019.4,3.6,6,5,10,288,18667.3,2006.0,Hot-Humid
2016-10-14 07:00:00,Panther_lodging_Kirk,131.7754,21.7,4.0,19.4,1019.9,4.1,7,5,10,288,18667.3,2006.0,Hot-Humid
2016-10-14 08:00:00,Panther_lodging_Kirk,139.0768,23.9,2.0,20.0,1020.4,4.6,8,5,10,288,18667.3,2006.0,Hot-Humid
2016-10-14 09:00:00,Panther_lodging_Kirk,146.6783,26.1,4.0,19.4,1021.0,5.7,9,5,10,288,18667.3,2006.0,Hot-Humid
2016-10-14 10:00:00,Panther_lodging_Kirk,149.6289,27.2,4.5,19.4,1021.1,6.7,10,5,10,288,18667.3,2006.0,Hot-Humid
2016-10-14 11:00:00,Panther_lodging_Kirk,150.9791,27.2,5.0,20.0,1021.1,5.1,11,5,10,288,18667.3,2006.0,Hot-Humid
2016-10-14 12:00:00,Panther_lodging_Kirk,154.7299,28.9,5.5,21.1,1020.5,5.7,12,5,10,288,18667.3,2006.0,Hot-Humid
2016-10-14 13:00:00,Panther_lodging_Kirk,147.8785,27.8,6.0,19.4,1019.7,6.7,13,5,10,288,18667.3,2006.0,Hot-Humid
2016-10-14 14:00:00,Panther_lodging_Kirk,157.8305,29.4,6.0,19.4,1018.9,4.1,14,5,10,288,18667.3,2006.0,Hot-Humid
2016-10-14 15:00:00,Panther_lodging_Kirk,154.3798,29.4,6.0,19.4,1018.7,7.2,15,5,10,288,18667.3,2006.0,Hot-Humid
2016-10-14 16:00:00,Panther_lodging_Kirk,163.6316,28.3,6.0,19.4,1018.9,7.2,16,5,10,288,18667.3,2006.0,Hot-Humid
2016-10-14 17:00:00,Panther_lodging_Kirk,161.4812,27.2,6.0,20.0,1019.1,5.1,17,5,10,288,18667.3,2006.0,Hot-Humid
2016-10-14 18:00:00,Panther_lodging_Kirk,173.3334,25.6,6.0,20.0,1019.6,5.1,18,5,10,288,18667.3,2006.0,Hot-Humid
2016-10-14 19:00:00,Panther_lodging_Kirk,171.7832,25.0,6.0,20.0,1019.8,4.1,19,5,10,288,18667.3,2006.0,Hot-Humid
2016-10-14 20:00:00,Panther_lodging_Kirk,177.7343,24.4,5.0,20.0,1020.0,5.1,20,5,10,288,18667.3,2006.0,Hot-Humid
2016-10-14 21:00:00,Panther_lodging_Kirk,175.3338,24.4,4.0,19.4,1020.3,5.1,21,5,10,288,18667.3,2006.0,Hot-Humid
2016-10-14 22:00:00,Panther_lodging_Kirk,170.4829,24.4,4.5,20.6,1020.5,3.6,22,5,10,288,18667.3,2006.0,Hot-Humid
2016-10-14 23:00:00,Panther_lodging_Kirk,172.8834,23.9,5.0,20.6,1020.3,4.1,23,5,10,288,18667.3,2006.0,Hot-Humid
2016-10-15 00:00:00,Panther_lodging_Kirk,147.1784,23.9,5.5,20.6,1020.1,3.1,0,6,10,289,18667.3,2006.0,Hot-Humid
2016-10-15 01:00:00,Panther_lodging_Kirk,150.379,23.9,6.0,20.6,1019.8,3.6,1,6,10,289,18667.3,2006.0,Hot-Humid
2016-10-15 02:00:00,Panther_lodging_Kirk,151.5293,24.4,5.666666666666667,19.4,1019.6,3.6,2,6,10,289,18667.3,2006.0,Hot-Humid
2016-10-15 03:00:00,Panther_lodging_Kirk,148.8787,23.9,5.333333333333333,20.0,1019.5,3.1,3,6,10,289,18667.3,2006.0,Hot-Humid
2016-10-15 04:00:00,Panther_lodging_Kirk,139.2269,23.3,5.0,21.1,1019.2,2.1,4,6,10,289,18667.3,2006.0,Hot-Humid
2016-10-15 05:00:00,Panther_lodging_Kirk,126.1243,22.8,5.0,21.1,1019.4,1.5,5,6,10,289,18667.3,2006.0,Hot-Humid
2016-10-15 06:00:00,Panther_lodging_Kirk,136.2263,23.3,5.0,20.6,1019.7,2.1,6,6,10,289,18667.3,2006.0,Hot-Humid
2016-10-15 07:00:00,Panther_lodging_Kirk,132.4756,22.8,4.0,20.6,1020.4,3.1,7,6,10,289,18667.3,2006.0,Hot-Humid
2016-10-15 08:00:00,Panther_lodging_Kirk,139.1769,24.4,4.333333333333333,21.1,1020.7,2.6,8,6,10,289,18667.3,2006.0,Hot-Humid
2016-10-15 09:00:00,Panther_lodging_Kirk,134.1259,23.3,4.666666666666667,21.7,1021.3,2.1,9,6,10,289,18667.3,2006.0,Hot-Humid
2016-10-15 10:00:00,Panther_lodging_Kirk,144.4279,26.1,5.0,22.2,1021.2,2.6,10,6,10,289,18667.3,2006.0,Hot-Humid
2016-10-15 11:00:00,Panther_lodging_Kirk,144.4779,27.2,5.0,22.8,1021.1,2.6,11,6,10,289,18667.3,2006.0,Hot-Humid
2016-10-15 12:00:00,Panther_lodging_Kirk,160.431,30.0,5.0,21.1,1020.2,6.2,12,6,10,289,18667.3,2006.0,Hot-Humid
2016-10-15 13:00:00,Panther_lodging_Kirk,161.2311,31.1,6.0,20.6,1019.3,7.7,13,6,10,289,18667.3,2006.0,Hot-Humid
2016-10-15 14:00:00,Panther_lodging_Kirk,166.5321,28.3,6.0,21.7,1018.7,6.7,14,6,10,289,18667.3,2006.0,Hot-Humid
2016-10-15 15:00:00,Panther_lodging_Kirk,166.1321,28.9,6.0,21.1,1018.5,7.2,15,6,10,289,18667.3,2006.0,Hot-Humid
2016-10-15 16:00:00,Panther_lodging_Kirk,169.0826,28.9,6.0,21.7,1018.3,6.7,16,6,10,289,18667.3,2006.0,Hot-Humid
2016-10-15 17:00:00,Panther_lodging_Kirk,165.1819,27.2,6.0,21.1,1018.6,5.7,17,6,10,289,18667.3,2006.0,Hot-Humid
2016-10-15 18:00:00,Panther_lodging_Kirk,162.9814,26.1,6.0,21.1,1018.5,6.2,18,6,10,289,18667.3,2006.0,Hot-Humid
2016-10-15 19:00:00,Panther_lodging_Kirk,153.5796,25.6,6.0,21.1,1018.6,4.1,19,6,10,289,18667.3,2006.0,Hot-Humid
2016-10-15 20:00:00,Panther_lodging_Kirk,165.6319,25.6,6.333333333333333,21.7,1018.9,6.2,20,6,10,289,18667.3,2006.0,Hot-Humid
2016-10-15 21:00:00,Panther_lodging_Kirk,165.882,24.4,6.666666666666667,22.2,1019.3,5.1,21,6,10,289,18667.3,2006.0,Hot-Humid
2016-10-15 22:00:00,Panther_lodging_Kirk,173.5835,24.4,7.0,21.7,1019.6,4.6,22,6,10,289,18667.3,2006.0,Hot-Humid
2016-10-15 23:00:00,Panther_lodging_Kirk,157.0803,23.9,7.0,21.1,1019.4,4.6,23,6,10,289,18667.3,2006.0,Hot-Humid
2016-10-16 00:00:00,Panther_lodging_Kirk,171.5831,23.9,7.0,21.1,1019.3,4.1,0,7,10,290,18667.3,2006.0,Hot-Humid
2016-10-16 01:00:00,Panther_lodging_Kirk,157.6804,23.9,8.0,21.1,1018.6,4.6,1,7,10,290,18667.3,2006.0,Hot-Humid
2016-10-16 02:00:00,Panther_lodging_Kirk,149.4288,23.9,7.0,21.1,1018.4,4.6,2,7,10,290,18667.3,2006.0,Hot-Humid
2016-10-16 03:00:00,Panther_lodging_Kirk,141.0772,23.9,6.0,21.1,1017.8,4.1,3,7,10,290,18667.3,2006.0,Hot-Humid
2016-10-16 04:00:00,Panther_lodging_Kirk,144.3779,23.3,5.0,21.1,1017.6,3.1,4,7,10,290,18667.3,2006.0,Hot-Humid
2016-10-16 05:00:00,Panther_lodging_Kirk,132.4256,23.3,4.0,21.1,1017.6,4.1,5,7,10,290,18667.3,2006.0,Hot-Humid
2016-10-16 06:00:00,Panther_lodging_Kirk,136.3263,23.3,5.0,21.1,1018.0,6.7,6,7,10,290,18667.3,2006.0,Hot-Humid
2016-10-16 07:00:00,Panther_lodging_Kirk,136.3763,22.8,6.0,21.1,1018.5,4.1,7,7,10,290,18667.3,2006.0,Hot-Humid
2016-10-16 08:00:00,Panther_lodging_Kirk,138.6267,22.8,5.0,21.1,1018.2,4.1,8,7,10,290,18667.3,2006.0,Hot-Humid
2016-10-16 09:00:00,Panther_lodging_Kirk,136.0763,25.6,4.0,21.7,1018.3,2.1,9,7,10,290,18667.3,2006.0,Hot-Humid
2016-10-16 10:00:00,Panther_lodging_Kirk,131.0753,26.7,4.0,21.7,1018.3,5.7,10,7,10,290,18667.3,2006.0,Hot-Humid
2016-10-16 11:00:00,Panther_lodging_Kirk,132.4756,28.3,4.666666666666667,21.7,1018.1,6.2,11,7,10,290,18667.3,2006.0,Hot-Humid
2016-10-16 12:00:00,Panther_lodging_Kirk,148.7287,26.1,5.333333333333333,22.2,1017.5,5.1,12,7,10,290,18667.3,2006.0,Hot-Humid
2016-10-16 13:00:00,Panther_lodging_Kirk,149.3288,29.4,6.0,21.1,1016.2,6.2,13,7,10,290,18667.3,2006.0,Hot-Humid
2016-10-16 14:00:00,Panther_lodging_Kirk,158.9307,28.3,5.5,20.6,1015.9,9.3,14,7,10,290,18667.3,2006.0,Hot-Humid
2016-10-16 15:00:00,Panther_lodging_Kirk,168.2325,28.3,5.0,20.6,1015.4,8.8,15,7,10,290,18667.3,2006.0,Hot-Humid
2016-10-16 16:00:00,Panther_lodging_Kirk,164.0817,27.8,4.5,18.9,1015.1,7.7,16,7,10,290,18667.3,2006.0,Hot-Humid
2016-10-16 17:00:00,Panther_lodging_Kirk,172.8834,26.7,4.0,18.3,1015.2,7.2,17,7,10,290,18667.3,2006.0,Hot-Humid
2016-10-16 18:00:00,Panther_lodging_Kirk,164.6318,25.6,4.0,18.3,1015.4,5.7,18,7,10,290,18667.3,2006.0,Hot-Humid
2016-10-16 19:00:00,Panther_lodging_Kirk,175.0838,24.4,4.0,18.9,1015.9,4.6,19,7,10,290,18667.3,2006.0,Hot-Humid
2016-10-16 20:00:00,Panther_lodging_Kirk,189.9366,23.9,4.0,18.9,1016.1,4.1,20,7,10,290,18667.3,2006.0,Hot-Humid
2016-10-16 21:00:00,Panther_lodging_Kirk,172.8834,23.3,4.0,19.4,1016.2,3.1,21,7,10,290,18667.3,2006.0,Hot-Humid
2016-10-16 22:00:00,Panther_lodging_Kirk,180.8349,22.8,2.0,20.0,1016.4,3.1,22,7,10,290,18667.3,2006.0,Hot-Humid
2016-10-16 23:00:00,Panther_lodging_Kirk,177.3842,22.8,2.0,20.0,1016.2,3.1,23,7,10,290,18667.3,2006.0,Hot-Humid
2016-10-17 00:00:00,Panther_lodging_Kirk,171.4831,22.8,2.0,20.0,1016.0,2.6,0,1,10,291,18667.3,2006.0,Hot-Humid
2016-10-17 01:00:00,Panther_lodging_Kirk,149.1288,22.2,2.0,20.0,1015.5,1.5,1,1,10,291,18667.3,2006.0,Hot-Humid
2016-10-17 02:00:00,Panther_lodging_Kirk,136.7264,21.7,2.0,20.0,1015.2,2.1,2,1,10,291,18667.3,2006.0,Hot-Humid
2016-10-17 03:00:00,Panther_lodging_Kirk,137.0765,21.7,4.0,20.0,1014.9,1.5,3,1,10,291,18667.3,2006.0,Hot-Humid
2016-10-17 04:00:00,Panther_lodging_Kirk,135.7262,21.1,2.0,20.0,1014.6,1.5,4,1,10,291,18667.3,2006.0,Hot-Humid
2016-10-17 05:00:00,Panther_lodging_Kirk,130.5752,21.7,2.0,20.6,1014.8,2.6,5,1,10,291,18667.3,2006.0,Hot-Humid
2016-10-17 06:00:00,Panther_lodging_Kirk,135.5762,21.1,2.0,20.0,1015.1,2.1,6,1,10,291,18667.3,2006.0,Hot-Humid
2016-10-17 07:00:00,Panther_lodging_Kirk,139.4769,22.2,2.0,21.1,1015.5,3.6,7,1,10,291,18667.3,2006.0,Hot-Humid
2016-10-17 08:00:00,Panther_lodging_Kirk,137.6766,24.4,2.0,21.7,1015.9,3.1,8,1,10,291,18667.3,2006.0,Hot-Humid
2016-10-17 09:00:00,Panther_lodging_Kirk,142.4275,26.1,2.0,21.1,1016.2,4.1,9,1,10,291,18667.3,2006.0,Hot-Humid
2016-10-17 10:00:00,Panther_lodging_Kirk,139.827,27.2,3.0,21.1,1016.3,3.6,10,1,10,291,18667.3,2006.0,Hot-Humid
2016-10-17 11:00:00,Panther_lodging_Kirk,154.8299,29.4,4.0,20.0,1015.9,4.6,11,1,10,291,18667.3,2006.0,Hot-Humid
2016-10-17 12:00:00,Panther_lodging_Kirk,155.8801,27.8,5.0,20.0,1015.6,8.8,12,1,10,291,18667.3,2006.0,Hot-Humid
2016-10-17 13:00:00,Panther_lodging_Kirk,153.9797,29.4,6.0,18.9,1014.5,6.2,13,1,10,291,18667.3,2006.0,Hot-Humid
2016-10-17 14:00:00,Panther_lodging_Kirk,160.9811,28.9,5.333333333333333,18.3,1013.8,6.7,14,1,10,291,18667.3,2006.0,Hot-Humid
2016-10-17 15:00:00,Panther_lodging_Kirk,160.881,29.4,4.666666666666667,18.9,1013.6,6.7,15,1,10,291,18667.3,2006.0,Hot-Humid
2016-10-17 16:00:00,Panther_lodging_Kirk,172.3333,28.3,4.0,18.3,1013.4,7.2,16,1,10,291,18667.3,2006.0,Hot-Humid
2016-10-17 17:00:00,Panther_lodging_Kirk,180.8849,27.2,2.0,18.3,1013.5,7.7,17,1,10,291,18667.3,2006.0,Hot-Humid
2016-10-17 18:00:00,Panther_lodging_Kirk,180.6849,26.1,2.0,18.9,1013.8,5.7,18,1,10,291,18667.3,2006.0,Hot-Humid
2016-10-17 19:00:00,Panther_lodging_Kirk,173.1834,25.0,2.0,19.4,1014.5,4.1,19,1,10,291,18667.3,2006.0,Hot-Humid
2016-10-17 20:00:00,Panther_lodging_Kirk,186.9861,23.9,2.0,19.4,1015.0,3.6,20,1,10,291,18667.3,2006.0,Hot-Humid
2016-10-17 21:00:00,Panther_lodging_Kirk,193.6874,23.3,2.0,20.0,1015.2,3.1,21,1,10,291,18667.3,2006.0,Hot-Humid
2016-10-17 22:00:00,Panther_lodging_Kirk,189.9366,22.8,2.0,19.4,1015.2,2.6,22,1,10,291,18667.3,2006.0,Hot-Humid
2016-10-17 23:00:00,Panther_lodging_Kirk,174.1336,22.8,2.0,19.4,1015.4,3.1,23,1,10,291,18667.3,2006.0,Hot-Humid
2016-10-18 00:00:00,Panther_lodging_Kirk,163.0315,22.8,0.0,19.4,1015.1,3.1,0,2,10,292,18667.3,2006.0,Hot-Humid
2016-10-18 01:00:00,Panther_lodging_Kirk,163.8816,21.7,0.0,19.4,1014.7,2.6,1,2,10,292,18667.3,2006.0,Hot-Humid
2016-10-18 02:00:00,Panther_lodging_Kirk,158.6806,21.7,0.0,19.4,1014.6,2.6,2,2,10,292,18667.3,2006.0,Hot-Humid
2016-10-18 03:00:00,Panther_lodging_Kirk,143.0276,21.1,0.0,19.4,1014.5,3.1,3,2,10,292,18667.3,2006.0,Hot-Humid
2016-10-18 04:00:00,Panther_lodging_Kirk,143.4777,21.1,0.0,19.4,1014.5,2.6,4,2,10,292,18667.3,2006.0,Hot-Humid
2016-10-18 05:00:00,Panther_lodging_Kirk,142.3275,21.1,0.0,19.4,1014.9,3.1,5,2,10,292,18667.3,2006.0,Hot-Humid
2016-10-18 06:00:00,Panther_lodging_Kirk,145.278,20.6,2.0,18.9,1015.6,2.1,6,2,10,292,18667.3,2006.0,Hot-Humid
2016-10-18 07:00:00,Panther_lodging_Kirk,138.1767,21.7,2.0,20.0,1016.1,1.5,7,2,10,292,18667.3,2006.0,Hot-Humid
2016-10-18 08:00:00,Panther_lodging_Kirk,147.5785,23.9,2.0,20.6,1016.7,2.6,8,2,10,292,18667.3,2006.0,Hot-Humid
2016-10-18 09:00:00,Panther_lodging_Kirk,152.9295,26.7,2.0,21.1,1017.3,2.1,9,2,10,292,18667.3,2006.0,Hot-Humid
2016-10-18 10:00:00,Panther_lodging_Kirk,138.6768,28.3,4.0,20.0,1017.4,4.1,10,2,10,292,18667.3,2006.0,Hot-Humid
2016-10-18 11:00:00,Panther_lodging_Kirk,147.9286,28.0,4.0,20.0,1017.0999999999999,6.2,11,2,10,292,18667.3,2006.0,Hot-Humid
2016-10-18 12:00:00,Panther_lodging_Kirk,155.18,29.4,4.0,18.3,1016.8,5.1,12,2,10,292,18667.3,2006.0,Hot-Humid
2016-10-18 13:00:00,Panther_lodging_Kirk,163.5816,29.4,4.0,18.3,1016.2,5.7,13,2,10,292,18667.3,2006.0,Hot-Humid
2016-10-18 14:00:00,Panther_lodging_Kirk,164.5318,30.0,4.0,18.3,1015.5,6.7,14,2,10,292,18667.3,2006.0,Hot-Humid
2016-10-18 15:00:00,Panther_lodging_Kirk,162.9314,28.9,4.0,18.3,1015.2,7.2,15,2,10,292,18667.3,2006.0,Hot-Humid
2016-10-18 16:00:00,Panther_lodging_Kirk,160.381,28.3,4.0,18.3,1015.2,7.2,16,2,10,292,18667.3,2006.0,Hot-Humid
2016-10-18 17:00:00,Panther_lodging_Kirk,175.0838,27.8,2.0,17.8,1015.3,5.7,17,2,10,292,18667.3,2006.0,Hot-Humid
2016-10-18 18:00:00,Panther_lodging_Kirk,183.8355,26.1,2.0,18.9,1015.7,5.7,18,2,10,292,18667.3,2006.0,Hot-Humid
2016-10-18 19:00:00,Panther_lodging_Kirk,184.5356,24.4,2.0,18.9,1016.1,4.1,19,2,10,292,18667.3,2006.0,Hot-Humid
2016-10-18 20:00:00,Panther_lodging_Kirk,190.3367,23.9,2.0,18.9,1016.6,3.6,20,2,10,292,18667.3,2006.0,Hot-Humid
2016-10-18 21:00:00,Panther_lodging_Kirk,192.6372,23.3,0.0,18.9,1016.9,3.6,21,2,10,292,18667.3,2006.0,Hot-Humid
2016-10-18 22:00:00,Panther_lodging_Kirk,193.0373,22.8,0.0,18.3,1017.0,3.6,22,2,10,292,18667.3,2006.0,Hot-Humid
2016-10-18 23:00:00,Panther_lodging_Kirk,184.1355,22.2,2.0,17.8,1016.8,3.6,23,2,10,292,18667.3,2006.0,Hot-Humid
2016-10-19 00:00:00,Panther_lodging_Kirk,180.7349,21.7,2.0,17.2,1016.6,3.1,0,3,10,293,18667.3,2006.0,Hot-Humid
2016-10-19 01:00:00,Panther_lodging_Kirk,159.2807,20.6,2.0,17.2,1016.2,2.6,1,3,10,293,18667.3,2006.0,Hot-Humid
2016-10-19 02:00:00,Panther_lodging_Kirk,160.2809,20.0,2.0,17.8,1016.0,2.1,2,3,10,293,18667.3,2006.0,Hot-Humid
2016-10-19 03:00:00,Panther_lodging_Kirk,142.3275,19.4,0.0,17.2,1015.8,3.1,3,3,10,293,18667.3,2006.0,Hot-Humid
2016-10-19 04:00:00,Panther_lodging_Kirk,133.1757,20.0,2.0,17.2,1016.0,3.1,4,3,10,293,18667.3,2006.0,Hot-Humid
2016-10-19 05:00:00,Panther_lodging_Kirk,138.9768,20.0,2.0,17.8,1016.2,3.1,5,3,10,293,18667.3,2006.0,Hot-Humid
2016-10-19 06:00:00,Panther_lodging_Kirk,144.1778,20.6,4.0,17.8,1016.7,3.6,6,3,10,293,18667.3,2006.0,Hot-Humid
2016-10-19 07:00:00,Panther_lodging_Kirk,140.02700000000002,21.1,6.0,18.3,1017.1,3.6,7,3,10,293,18667.3,2006.0,Hot-Humid
2016-10-19 08:00:00,Panther_lodging_Kirk,146.9784,22.8,4.0,18.3,1017.5,4.1,8,3,10,293,18667.3,2006.0,Hot-Humid
2016-10-19 09:00:00,Panther_lodging_Kirk,147.0284,26.1,2.0,18.9,1017.7,5.7,9,3,10,293,18667.3,2006.0,Hot-Humid
2016-10-19 10:00:00,Panther_lodging_Kirk,130.3752,27.2,4.0,18.3,1017.9,5.7,10,3,10,293,18667.3,2006.0,Hot-Humid
2016-10-19 11:00:00,Panther_lodging_Kirk,146.1782,27.8,4.0,17.8,1017.7,5.7,11,3,10,293,18667.3,2006.0,Hot-Humid
2016-10-19 12:00:00,Panther_lodging_Kirk,143.1276,28.9,4.0,17.2,1017.1,7.2,12,3,10,293,18667.3,2006.0,Hot-Humid
2016-10-19 13:00:00,Panther_lodging_Kirk,167.2323,29.4,4.0,17.2,1016.4,6.7,13,3,10,293,18667.3,2006.0,Hot-Humid
2016-10-19 14:00:00,Panther_lodging_Kirk,133.9259,29.4,4.0,17.8,1015.6,6.7,14,3,10,293,18667.3,2006.0,Hot-Humid
2016-10-19 15:00:00,Panther_lodging_Kirk,169.2326,27.8,4.0,16.7,1015.5,7.2,15,3,10,293,18667.3,2006.0,Hot-Humid
2016-10-19 16:00:00,Panther_lodging_Kirk,177.1342,27.8,4.0,16.7,1015.4,6.2,16,3,10,293,18667.3,2006.0,Hot-Humid
2016-10-19 17:00:00,Panther_lodging_Kirk,172.2833,27.2,2.0,16.7,1015.4,6.7,17,3,10,293,18667.3,2006.0,Hot-Humid
2016-10-19 18:00:00,Panther_lodging_Kirk,183.8355,25.0,2.0,16.1,1015.8,4.6,18,3,10,293,18667.3,2006.0,Hot-Humid
2016-10-19 19:00:00,Panther_lodging_Kirk,188.9365,23.9,0.0,16.1,1016.1,4.1,19,3,10,293,18667.3,2006.0,Hot-Humid
2016-10-19 20:00:00,Panther_lodging_Kirk,188.4364,22.8,0.0,16.7,1016.3,3.6,20,3,10,293,18667.3,2006.0,Hot-Humid
2016-10-19 21:00:00,Panther_lodging_Kirk,189.1865,22.2,0.0,17.2,1016.5,3.6,21,3,10,293,18667.3,2006.0,Hot-Humid
2016-10-19 22:00:00,Panther_lodging_Kirk,180.7849,21.1,0.0,17.2,1016.8,2.6,22,3,10,293,18667.3,2006.0,Hot-Humid
2016-10-19 23:00:00,Panther_lodging_Kirk,192.2871,20.6,2.0,17.8,1016.4,3.1,23,3,10,293,18667.3,2006.0,Hot-Humid
2016-10-20 00:00:00,Panther_lodging_Kirk,173.0834,20.6,0.0,17.2,1015.7,3.1,0,4,10,294,18667.3,2006.0,Hot-Humid
2016-10-20 01:00:00,Panther_lodging_Kirk,171.4831,20.0,0.0,17.2,1015.3,2.6,1,4,10,294,18667.3,2006.0,Hot-Humid
2016-10-20 02:00:00,Panther_lodging_Kirk,155.58,19.4,0.0,17.2,1015.0,3.1,2,4,10,294,18667.3,2006.0,Hot-Humid
2016-10-20 03:00:00,Panther_lodging_Kirk,150.129,19.4,0.0,17.2,1014.8,2.1,3,4,10,294,18667.3,2006.0,Hot-Humid
2016-10-20 04:00:00,Panther_lodging_Kirk,141.3273,18.9,0.0,16.7,1014.6,3.1,4,4,10,294,18667.3,2006.0,Hot-Humid
2016-10-20 05:00:00,Panther_lodging_Kirk,144.97799999999995,18.9,0.0,17.2,1014.8,2.6,5,4,10,294,18667.3,2006.0,Hot-Humid
2016-10-20 06:00:00,Panther_lodging_Kirk,141.5773,19.4,2.0,17.2,1014.9,3.1,6,4,10,294,18667.3,2006.0,Hot-Humid
2016-10-20 07:00:00,Panther_lodging_Kirk,139.3769,20.0,2.0,17.8,1015.0,3.1,7,4,10,294,18667.3,2006.0,Hot-Humid
2016-10-20 08:00:00,Panther_lodging_Kirk,138.8268,22.8,2.0,18.9,1015.0,3.6,8,4,10,294,18667.3,2006.0,Hot-Humid
2016-10-20 09:00:00,Panther_lodging_Kirk,139.92700000000002,25.6,2.0,18.9,1015.2,5.7,9,4,10,294,18667.3,2006.0,Hot-Humid
2016-10-20 10:00:00,Panther_lodging_Kirk,132.7256,27.2,2.0,18.3,1015.1,5.7,10,4,10,294,18667.3,2006.0,Hot-Humid
2016-10-20 11:00:00,Panther_lodging_Kirk,144.2278,27.8,4.0,18.9,1014.7,4.6,11,4,10,294,18667.3,2006.0,Hot-Humid
2016-10-20 12:00:00,Panther_lodging_Kirk,155.1299,28.9,4.0,17.2,1014.0,6.7,12,4,10,294,18667.3,2006.0,Hot-Humid
2016-10-20 13:00:00,Panther_lodging_Kirk,168.7826,27.2,4.0,17.2,1013.3,5.7,13,4,10,294,18667.3,2006.0,Hot-Humid
2016-10-20 14:00:00,Panther_lodging_Kirk,175.4339,28.9,4.0,17.2,1012.3,6.7,14,4,10,294,18667.3,2006.0,Hot-Humid
2016-10-20 15:00:00,Panther_lodging_Kirk,159.7308,28.9,4.0,15.6,1011.8,6.2,15,4,10,294,18667.3,2006.0,Hot-Humid
2016-10-20 16:00:00,Panther_lodging_Kirk,175.0838,27.8,4.0,16.1,1011.7,5.7,16,4,10,294,18667.3,2006.0,Hot-Humid
2016-10-20 17:00:00,Panther_lodging_Kirk,165.4319,27.8,4.0,16.7,1012.0,6.2,17,4,10,294,18667.3,2006.0,Hot-Humid
2016-10-20 18:00:00,Panther_lodging_Kirk,171.3331,25.6,2.0,16.1,1012.4,4.6,18,4,10,294,18667.3,2006.0,Hot-Humid
2016-10-20 19:00:00,Panther_lodging_Kirk,184.5856,23.9,0.0,17.2,1012.5,3.6,19,4,10,294,18667.3,2006.0,Hot-Humid
2016-10-20 20:00:00,Panther_lodging_Kirk,195.5877,22.8,0.0,17.8,1012.5,3.1,20,4,10,294,18667.3,2006.0,Hot-Humid
2016-10-20 21:00:00,Panther_lodging_Kirk,202.6391,21.7,0.0,17.8,1012.3,3.1,21,4,10,294,18667.3,2006.0,Hot-Humid
2016-10-20 22:00:00,Panther_lodging_Kirk,190.4367,21.7,0.0,18.3,1012.3,2.6,22,4,10,294,18667.3,2006.0,Hot-Humid
2016-10-20 23:00:00,Panther_lodging_Kirk,168.0824,21.7,2.0,18.3,1012.3,2.6,23,4,10,294,18667.3,2006.0,Hot-Humid
2016-10-21 00:00:00,Panther_lodging_Kirk,163.8816,21.1,2.0,18.3,1011.9,2.1,0,5,10,295,18667.3,2006.0,Hot-Humid
2016-10-21 01:00:00,Panther_lodging_Kirk,160.2309,20.6,0.0,18.3,1011.6,1.5,1,5,10,295,18667.3,2006.0,Hot-Humid
2016-10-21 02:00:00,Panther_lodging_Kirk,163.0815,20.6,0.0,18.9,1011.3,2.6,2,5,10,295,18667.3,2006.0,Hot-Humid
2016-10-21 03:00:00,Panther_lodging_Kirk,154.0797,20.6,0.8,20.0,1010.6,2.6,3,5,10,295,18667.3,2006.0,Hot-Humid
2016-10-21 04:00:00,Panther_lodging_Kirk,139.4769,20.6,1.6,19.4,1010.4,3.1,4,5,10,295,18667.3,2006.0,Hot-Humid
2016-10-21 05:00:00,Panther_lodging_Kirk,137.8766,20.6,2.4000000000000004,19.4,1010.2,2.6,5,5,10,295,18667.3,2006.0,Hot-Humid
2016-10-21 06:00:00,Panther_lodging_Kirk,141.0772,20.6,2.4000000000000004,19.4,1010.4,3.6,6,5,10,295,18667.3,2006.0,Hot-Humid
2016-10-21 07:00:00,Panther_lodging_Kirk,141.7273,20.0,4.0,18.9,1010.6,3.1,7,5,10,295,18667.3,2006.0,Hot-Humid
2016-10-21 08:00:00,Panther_lodging_Kirk,141.5773,21.1,4.0,19.4,1011.0,3.6,8,5,10,295,18667.3,2006.0,Hot-Humid
2016-10-21 09:00:00,Panther_lodging_Kirk,161.6312,23.9,2.0,19.4,1011.0,6.7,9,5,10,295,18667.3,2006.0,Hot-Humid
2016-10-21 10:00:00,Panther_lodging_Kirk,140.4271,25.6,2.0,18.9,1011.1,5.1,10,5,10,295,18667.3,2006.0,Hot-Humid
2016-10-21 11:00:00,Panther_lodging_Kirk,146.7283,27.2,2.0,18.9,1010.7,5.1,11,5,10,295,18667.3,2006.0,Hot-Humid
2016-10-21 12:00:00,Panther_lodging_Kirk,142.2274,28.3,2.0,18.3,1009.8,5.7,12,5,10,295,18667.3,2006.0,Hot-Humid
2016-10-21 13:00:00,Panther_lodging_Kirk,169.5827,28.9,4.0,18.3,1009.0,5.1,13,5,10,295,18667.3,2006.0,Hot-Humid
2016-10-21 14:00:00,Panther_lodging_Kirk,163.9316,30.0,4.0,17.8,1008.2,7.2,14,5,10,295,18667.3,2006.0,Hot-Humid
2016-10-21 15:00:00,Panther_lodging_Kirk,171.9832,30.0,4.0,17.2,1007.8,5.1,15,5,10,295,18667.3,2006.0,Hot-Humid
2016-10-21 16:00:00,Panther_lodging_Kirk,175.7839,28.9,4.0,17.2,1007.8,5.7,16,5,10,295,18667.3,2006.0,Hot-Humid
